Latitude (decimal degrees):	48.630
Longitude (decimal degrees):	2.270
Elevation (m):	56
Radiation database:	PVGIS-SARAH3


Slope: 0 deg. 
Azimuth: 0 deg. 
time,Gb(i),Gd(i),Gr(i),H_sun,T2m,WS10m,Int
20260101:0010,0.000000,0.000000,0.000000,0.000000,4.992105,3.425263,0.000000
20260101:0110,0.000000,0.000000,0.000000,0.000000,4.846842,3.306316,0.000000
20260101:0210,0.000000,0.000000,0.000000,0.000000,4.561053,3.327368,0.000000
20260101:0310,0.000000,0.000000,0.000000,0.000000,4.406842,3.220000,0.000000
20260101:0410,0.000000,0.000000,0.000000,0.000000,4.067895,3.168421,0.000000
20260101:0510,0.000000,0.000000,0.000000,0.000000,3.867895,3.140000,0.000000
20260101:0610,0.000000,0.000000,0.000000,0.000000,3.756316,3.133158,0.000000
20260101:0710,0.000000,0.000000,0.000000,0.000000,3.964211,3.313684,0.000000
20260101:0810,1.947368,9.850526,0.000000,2.605263,4.049474,3.358421,0.000000
20260101:0910,14.264211,48.842105,0.000000,9.590000,4.495263,3.423684,0.000000
20260101:1010,27.580526,76.526316,0.000000,14.710000,5.125789,3.590000,0.000000
20260101:1110,36.685789,88.526316,0.000000,17.700000,5.722105,3.710000,0.000000
20260101:1210,61.318947,85.894737,0.000000,18.270000,6.245789,3.811053,0.000000
20260101:1310,41.317895,85.315789,0.000000,16.350000,6.704737,3.887895,0.000000
20260101:1410,24.474737,72.263158,0.000000,12.140000,6.831053,3.789474,0.000000
20260101:1510,11.369474,31.315789,0.000000,6.020000,6.627895,3.640526,0.000000
20260101:1610,0.000000,0.000000,0.000000,0.000000,6.121579,3.659474,0.000000
20260101:1710,0.000000,0.000000,0.000000,0.000000,5.769474,3.800000,0.000000
20260101:1810,0.000000,0.000000,0.000000,0.000000,5.568947,3.862105,0.000000
20260101:1910,0.000000,0.000000,0.000000,0.000000,5.305789,4.095263,0.000000
20260101:2010,0.000000,0.000000,0.000000,0.000000,5.082105,4.036316,0.000000
20260101:2110,0.000000,0.000000,0.000000,0.000000,4.966316,4.140526,0.000000
20260101:2210,0.000000,0.000000,0.000000,0.000000,4.967368,4.250000,0.000000
20260101:2310,0.000000,0.000000,0.000000,0.000000,4.935263,4.247368,0.000000
20260102:0010,0.000000,0.000000,0.000000,0.000000,4.921053,4.178421,0.000000
20260102:0110,0.000000,0.000000,0.000000,0.000000,4.869474,4.053158,0.000000
20260102:0210,0.000000,0.000000,0.000000,0.000000,4.789474,3.873158,0.000000
20260102:0310,0.000000,0.000000,0.000000,0.000000,4.682105,3.753684,0.000000
20260102:0410,0.000000,0.000000,0.000000,0.000000,4.593684,3.708947,0.000000
20260102:0510,0.000000,0.000000,0.000000,0.000000,4.471053,3.654737,0.000000
20260102:0610,0.000000,0.000000,0.000000,0.000000,4.330526,3.523684,0.000000
20260102:0710,0.000000,0.000000,0.000000,0.000000,4.063158,3.383158,0.000000
20260102:0810,4.421053,10.606316,0.000000,2.469474,3.835789,3.317895,0.000000
20260102:0910,32.318421,48.736842,0.000000,8.607368,4.135789,3.291579,0.000000
20260102:1010,82.373684,73.578947,0.000000,14.770000,4.974737,3.429474,0.000000
20260102:1110,70.055789,104.157895,0.000000,16.834737,5.801053,3.916842,0.000000
20260102:1210,75.740526,115.157895,0.000000,18.360000,6.425263,4.211053,0.000000
20260102:1310,77.530000,93.263158,0.000000,15.584211,6.835789,4.261579,0.000000
20260102:1410,55.162105,77.105263,0.000000,12.260000,6.968421,4.199474,0.000000
20260102:1510,21.948421,35.526316,0.000000,5.816842,6.651579,3.790526,0.000000
20260102:1610,0.000000,0.000000,0.000000,0.000000,5.994737,3.532105,0.000000
20260102:1710,0.000000,0.000000,0.000000,0.000000,5.395789,3.441053,0.000000
20260102:1810,0.000000,0.000000,0.000000,0.000000,5.040000,3.433684,0.000000
20260102:1910,0.000000,0.000000,0.000000,0.000000,4.829474,3.430000,0.000000
20260102:2010,0.000000,0.000000,0.000000,0.000000,4.678947,3.398421,0.000000
20260102:2110,0.000000,0.000000,0.000000,0.000000,4.420526,3.394211,0.000000
20260102:2210,0.000000,0.000000,0.000000,0.000000,4.140000,3.386842,0.000000
20260102:2310,0.000000,0.000000,0.000000,0.000000,3.877368,3.346316,0.000000
20260103:0010,0.000000,0.000000,0.000000,0.000000,3.664211,3.368421,0.000000
20260103:0110,0.000000,0.000000,0.000000,0.000000,3.599474,3.393158,0.000000
20260103:0210,0.000000,0.000000,0.000000,0.000000,3.632632,3.440526,0.000000
20260103:0310,0.000000,0.000000,0.000000,0.000000,3.785263,3.451579,0.000000
20260103:0410,0.000000,0.000000,0.000000,0.000000,3.898947,3.506316,0.000000
20260103:0510,0.000000,0.000000,0.000000,0.000000,3.950526,3.498421,0.000000
20260103:0610,0.000000,0.000000,0.000000,0.000000,3.965789,3.534737,0.000000
20260103:0710,0.000000,0.000000,0.000000,0.000000,4.000526,3.575789,0.000000
20260103:0810,3.263158,10.927895,0.000000,2.633684,3.995789,3.563684,0.000000
20260103:0910,22.685263,54.105263,0.000000,9.151579,4.471053,3.672105,0.000000
20260103:1010,53.951053,78.631579,0.000000,14.820000,5.303158,3.989474,0.000000
20260103:1110,48.475263,109.210526,0.000000,16.910526,6.148421,4.250000,0.000000
20260103:1210,57.949474,111.578947,0.000000,18.460000,6.804211,4.474211,0.000000
20260103:1310,44.423684,89.473684,0.000000,15.697895,7.165263,4.688421,0.000000
20260103:1410,44.686316,69.052632,0.000000,12.380000,7.268947,4.722632,0.000000
20260103:1510,14.054211,33.368421,0.000000,5.940000,7.080526,4.478947,0.000000
20260103:1610,0.000000,0.000000,0.000000,0.000000,6.628947,4.325789,0.000000
20260103:1710,0.000000,0.000000,0.000000,0.000000,6.218421,4.284211,0.000000
20260103:1810,0.000000,0.000000,0.000000,0.000000,5.914737,4.108421,0.000000
20260103:1910,0.000000,0.000000,0.000000,0.000000,5.827368,4.068947,0.000000
20260103:2010,0.000000,0.000000,0.000000,0.000000,5.627368,3.938421,0.000000
20260103:2110,0.000000,0.000000,0.000000,0.000000,5.413684,3.854737,0.000000
20260103:2210,0.000000,0.000000,0.000000,0.000000,5.122105,3.730526,0.000000
20260103:2310,0.000000,0.000000,0.000000,0.000000,4.862632,3.654737,0.000000
20260104:0010,0.000000,0.000000,0.000000,0.000000,4.625263,3.597368,0.000000
20260104:0110,0.000000,0.000000,0.000000,0.000000,4.401579,3.603158,0.000000
20260104:0210,0.000000,0.000000,0.000000,0.000000,4.207895,3.603158,0.000000
20260104:0310,0.000000,0.000000,0.000000,0.000000,3.999474,3.611053,0.000000
20260104:0410,0.000000,0.000000,0.000000,0.000000,3.914211,3.361053,0.000000
20260104:0510,0.000000,0.000000,0.000000,0.000000,3.917895,3.342105,0.000000
20260104:0610,0.000000,0.000000,0.000000,0.000000,3.882632,3.571579,0.000000
20260104:0710,0.000000,0.000000,0.000000,0.000000,3.951579,3.752105,0.000000
20260104:0810,5.368421,10.305263,0.000000,2.662105,3.827895,3.734737,0.000000
20260104:0910,31.213684,48.526316,0.000000,9.198947,4.158947,3.626316,0.000000
20260104:1010,61.740526,74.789474,0.000000,14.890000,4.865263,3.637368,0.000000
20260104:1110,77.845789,91.947368,0.000000,16.995789,5.607368,3.890000,0.000000
20260104:1210,80.477368,104.894737,0.000000,18.560000,6.193684,3.937368,0.000000
20260104:1310,64.897895,79.263158,0.000000,15.811579,6.586316,4.036842,0.000000
20260104:1410,29.527895,62.315789,0.000000,12.510000,6.695789,3.963158,0.000000
20260104:1510,14.053684,30.000000,0.000000,6.072632,6.518947,3.793684,0.000000
20260104:1610,0.000000,0.000000,0.000000,0.000000,6.022632,3.561053,0.000000
20260104:1710,0.000000,0.000000,0.000000,0.000000,5.498947,3.488421,0.000000
20260104:1810,0.000000,0.000000,0.000000,0.000000,5.180526,3.520526,0.000000
20260104:1910,0.000000,0.000000,0.000000,0.000000,4.886842,3.757895,0.000000
20260104:2010,0.000000,0.000000,0.000000,0.000000,4.603158,3.771053,0.000000
20260104:2110,0.000000,0.000000,0.000000,0.000000,4.351053,3.785789,0.000000
20260104:2210,0.000000,0.000000,0.000000,0.000000,4.096842,3.752632,0.000000
20260104:2310,0.000000,0.000000,0.000000,0.000000,3.922105,3.720000,0.000000
20260105:0010,0.000000,0.000000,0.000000,0.000000,3.770000,3.734737,0.000000
20260105:0110,0.000000,0.000000,0.000000,0.000000,3.692105,3.702632,0.000000
20260105:0210,0.000000,0.000000,0.000000,0.000000,3.581053,3.695263,0.000000
20260105:0310,0.000000,0.000000,0.000000,0.000000,3.554737,3.631053,0.000000
20260105:0410,0.000000,0.000000,0.000000,0.000000,3.558421,3.575263,0.000000
20260105:0510,0.000000,0.000000,0.000000,0.000000,3.523684,3.513158,0.000000
20260105:0610,0.000000,0.000000,0.000000,0.000000,3.474737,3.412105,0.000000
20260105:0710,0.000000,0.000000,0.000000,0.000000,3.723158,3.215789,0.000000
20260105:0810,2.578947,11.138947,0.000000,2.700000,3.642105,3.208947,0.000000
20260105:0910,29.423684,51.263158,0.000000,9.246316,4.115789,3.257895,0.000000
20260105:1010,43.740000,75.947368,0.000000,14.960000,4.931579,3.506842,0.000000
20260105:1110,36.633158,92.105263,0.000000,17.081053,5.685263,3.811053,0.000000
20260105:1210,26.948421,100.210526,0.000000,18.670000,6.296316,3.855263,0.000000
20260105:1310,36.633158,83.315789,0.000000,15.934737,6.658947,3.927368,0.000000
20260105:1410,37.055263,59.315789,0.000000,12.650000,6.779474,3.828947,0.000000
20260105:1510,10.948947,28.578947,0.000000,6.214737,6.540000,3.451579,0.000000
20260105:1610,0.000000,0.000000,0.000000,0.000000,5.997895,3.339474,0.000000
20260105:1710,0.000000,0.000000,0.000000,0.000000,5.549474,3.401053,0.000000
20260105:1810,0.000000,0.000000,0.000000,0.000000,5.243684,3.476316,0.000000
20260105:1910,0.000000,0.000000,0.000000,0.000000,4.907368,3.473158,0.000000
20260105:2010,0.000000,0.000000,0.000000,0.000000,4.700526,3.434211,0.000000
20260105:2110,0.000000,0.000000,0.000000,0.000000,4.528947,3.396842,0.000000
20260105:2210,0.000000,0.000000,0.000000,0.000000,4.331579,3.444737,0.000000
20260105:2310,0.000000,0.000000,0.000000,0.000000,4.196316,3.350526,0.000000
20260106:0010,0.000000,0.000000,0.000000,0.000000,4.060526,3.316316,0.000000
20260106:0110,0.000000,0.000000,0.000000,0.000000,3.915789,3.345789,0.000000
20260106:0210,0.000000,0.000000,0.000000,0.000000,3.750000,3.331579,0.000000
20260106:0310,0.000000,0.000000,0.000000,0.000000,3.598421,3.287895,0.000000
20260106:0410,0.000000,0.000000,0.000000,0.000000,3.400526,3.220526,0.000000
20260106:0510,0.000000,0.000000,0.000000,0.000000,3.196842,3.110526,0.000000
20260106:0610,0.000000,0.000000,0.000000,0.000000,3.015263,3.038421,0.000000
20260106:0710,0.000000,0.000000,0.000000,0.000000,3.159474,3.002632,0.000000
20260106:0810,3.526316,11.406842,0.000000,2.737895,3.152105,3.020526,0.000000
20260106:0910,21.633158,53.473684,0.000000,9.303158,3.640526,3.084211,0.000000
20260106:1010,51.265789,81.157895,0.000000,15.040000,4.534737,3.219474,0.000000
20260106:1110,60.844737,93.578947,0.000000,17.175789,5.366842,3.487895,0.000000
20260106:1210,61.160526,88.368421,0.000000,18.790000,5.957368,3.622105,0.000000
20260106:1310,46.160000,80.894737,0.000000,16.057895,6.311053,3.648947,0.000000
20260106:1410,31.896842,62.315789,0.000000,12.800000,6.473684,3.572632,0.000000
20260106:1510,14.843158,34.368421,0.000000,6.347368,6.343158,3.287368,0.000000
20260106:1610,0.000000,0.000000,0.000000,-0.046842,5.909474,3.117895,0.000000
20260106:1710,0.000000,0.000000,0.000000,0.000000,5.411579,3.183158,0.000000
20260106:1810,0.000000,0.000000,0.000000,0.000000,5.102632,3.262632,0.000000
20260106:1910,0.000000,0.000000,0.000000,0.000000,4.856842,3.364737,0.000000
20260106:2010,0.000000,0.000000,0.000000,0.000000,4.685263,3.396842,0.000000
20260106:2110,0.000000,0.000000,0.000000,0.000000,4.549474,3.371053,0.000000
20260106:2210,0.000000,0.000000,0.000000,0.000000,4.512632,3.295789,0.000000
20260106:2310,0.000000,0.000000,0.000000,0.000000,4.452105,3.311053,0.000000
20260107:0010,0.000000,0.000000,0.000000,0.000000,4.417895,3.353158,0.000000
20260107:0110,0.000000,0.000000,0.000000,0.000000,4.351053,3.401579,0.000000
20260107:0210,0.000000,0.000000,0.000000,0.000000,4.205263,3.469474,0.000000
20260107:0310,0.000000,0.000000,0.000000,0.000000,4.106842,3.375263,0.000000
20260107:0410,0.000000,0.000000,0.000000,0.000000,3.923158,3.287895,0.000000
20260107:0510,0.000000,0.000000,0.000000,0.000000,3.762105,3.353158,0.000000
20260107:0610,0.000000,0.000000,0.000000,0.000000,3.707895,3.339474,0.000000
20260107:0710,0.000000,0.000000,0.000000,0.000000,3.644211,3.335789,0.000000
20260107:0810,1.947368,11.026316,0.000000,2.785263,3.599474,3.354211,0.000000
20260107:0910,23.422632,50.736842,0.000000,9.369474,4.119474,3.415263,0.000000
20260107:1010,44.528947,86.473684,0.000000,15.130000,5.052105,3.583158,0.000000
20260107:1110,59.002632,104.052632,0.000000,17.280000,5.862632,4.001053,0.000000
20260107:1210,40.422632,110.894737,0.000000,18.920000,6.446842,4.174211,0.000000
20260107:1310,33.212105,85.894737,0.000000,16.190526,6.848421,4.185263,0.000000
20260107:1410,22.896316,73.894737,0.000000,12.950000,7.056842,4.040526,0.000000
20260107:1510,12.842105,35.421053,0.000000,6.498947,6.914211,3.774737,0.000000
20260107:1610,0.000000,0.000000,0.000000,-0.038421,6.420000,3.607895,0.000000
20260107:1710,0.000000,0.000000,0.000000,0.000000,5.953158,3.656316,0.000000
20260107:1810,0.000000,0.000000,0.000000,0.000000,5.636842,3.760526,0.000000
20260107:1910,0.000000,0.000000,0.000000,0.000000,5.482105,3.641053,0.000000
20260107:2010,0.000000,0.000000,0.000000,0.000000,5.391053,3.648421,0.000000
20260107:2110,0.000000,0.000000,0.000000,0.000000,5.397368,3.731579,0.000000
20260107:2210,0.000000,0.000000,0.000000,0.000000,5.366842,3.884211,0.000000
20260107:2310,0.000000,0.000000,0.000000,0.000000,5.225263,3.877368,0.000000
20260108:0010,0.000000,0.000000,0.000000,0.000000,5.090000,3.771579,0.000000
20260108:0110,0.000000,0.000000,0.000000,0.000000,4.947368,3.717368,0.000000
20260108:0210,0.000000,0.000000,0.000000,0.000000,4.851053,3.737895,0.000000
20260108:0310,0.000000,0.000000,0.000000,0.000000,4.727895,3.806842,0.000000
20260108:0410,0.000000,0.000000,0.000000,0.000000,4.650526,3.891579,0.000000
20260108:0510,0.000000,0.000000,0.000000,0.000000,4.615789,3.887895,0.000000
20260108:0610,0.000000,0.000000,0.000000,0.000000,4.630000,3.905263,0.000000
20260108:0710,0.000000,0.000000,0.000000,0.000000,4.669474,3.876316,0.000000
20260108:0810,3.526316,11.768947,0.000000,2.842105,4.674211,3.808421,0.000000
20260108:0910,24.317895,55.263158,0.000000,9.435789,5.090000,3.887368,0.000000
20260108:1010,37.106842,93.947368,0.000000,15.230000,5.849474,4.087368,0.000000
20260108:1110,37.948947,96.052632,0.000000,17.393684,6.557895,4.265789,0.000000
20260108:1210,29.158947,112.421053,0.000000,19.060000,7.062632,4.391579,0.000000
20260108:1310,32.105789,85.368421,0.000000,16.332632,7.387895,4.290000,0.000000
20260108:1410,13.790000,74.421053,0.000000,13.100000,7.564737,4.337368,0.000000
20260108:1510,13.895789,38.842105,0.000000,6.650526,7.342632,4.040000,0.000000
20260108:1610,0.000000,0.000000,0.000000,-0.030000,6.774211,3.772105,0.000000
20260108:1710,0.000000,0.000000,0.000000,0.000000,6.189474,3.612105,0.000000
20260108:1810,0.000000,0.000000,0.000000,0.000000,5.837895,3.563684,0.000000
20260108:1910,0.000000,0.000000,0.000000,0.000000,5.784211,3.549474,0.000000
20260108:2010,0.000000,0.000000,0.000000,0.000000,5.510000,3.458947,0.000000
20260108:2110,0.000000,0.000000,0.000000,0.000000,5.241053,3.448421,0.000000
20260108:2210,0.000000,0.000000,0.000000,0.000000,4.976316,3.452105,0.000000
20260108:2310,0.000000,0.000000,0.000000,0.000000,4.782632,3.517368,0.000000
20260109:0010,0.000000,0.000000,0.000000,0.000000,4.657895,3.583158,0.000000
20260109:0110,0.000000,0.000000,0.000000,0.000000,4.558947,3.673684,0.000000
20260109:0210,0.000000,0.000000,0.000000,0.000000,4.447895,3.752632,0.000000
20260109:0310,0.000000,0.000000,0.000000,0.000000,4.427368,3.804737,0.000000
20260109:0410,0.000000,0.000000,0.000000,0.000000,4.390526,3.828947,0.000000
20260109:0510,0.000000,0.000000,0.000000,0.000000,4.342105,3.828947,0.000000
20260109:0610,0.000000,0.000000,0.000000,0.000000,4.342105,3.840526,0.000000
20260109:0710,0.000000,0.000000,0.000000,0.000000,4.500000,3.872632,0.000000
20260109:0810,4.947368,11.556316,0.000000,2.898947,4.580526,3.897895,0.000000
20260109:0910,20.791579,55.684211,0.000000,9.521053,4.999474,3.844211,0.000000
20260109:1010,43.738947,87.578947,0.000000,15.330000,5.670526,4.017895,0.000000
20260109:1110,66.845789,88.000000,0.000000,17.507368,6.342632,4.325789,0.000000
20260109:1210,62.528421,106.684211,0.000000,19.200000,6.887895,4.329474,0.000000
20260109:1310,42.160000,85.842105,0.000000,15.568421,7.293684,4.286316,0.000000
20260109:1410,41.634211,66.368421,0.000000,12.571579,7.440000,4.243158,0.000000
20260109:1510,18.211579,37.894737,0.000000,6.811579,7.249474,3.950526,0.000000
20260109:1610,0.000000,0.000000,0.000000,-0.021053,6.716316,3.822105,0.000000
20260109:1710,0.000000,0.000000,0.000000,0.000000,6.120526,3.857895,0.000000
20260109:1810,0.000000,0.000000,0.000000,0.000000,5.827368,3.934737,0.000000
20260109:1910,0.000000,0.000000,0.000000,0.000000,5.522632,3.924211,0.000000
20260109:2010,0.000000,0.000000,0.000000,0.000000,5.310000,3.932105,0.000000
20260109:2110,0.000000,0.000000,0.000000,0.000000,5.103684,3.979474,0.000000
20260109:2210,0.000000,0.000000,0.000000,0.000000,4.920526,3.993158,0.000000
20260109:2310,0.000000,0.000000,0.000000,0.000000,4.743684,3.977895,0.000000
20260110:0010,0.000000,0.000000,0.000000,0.000000,4.514737,3.820000,0.000000
20260110:0110,0.000000,0.000000,0.000000,0.000000,4.273684,3.703158,0.000000
20260110:0210,0.000000,0.000000,0.000000,0.000000,4.076316,3.586316,0.000000
20260110:0310,0.000000,0.000000,0.000000,0.000000,3.864211,3.448421,0.000000
20260110:0410,0.000000,0.000000,0.000000,0.000000,3.752105,3.288947,0.000000
20260110:0510,0.000000,0.000000,0.000000,0.000000,3.612632,3.143158,0.000000
20260110:0610,0.000000,0.000000,0.000000,0.000000,3.485789,3.122105,0.000000
20260110:0710,0.000000,0.000000,0.000000,0.000000,3.428947,3.056316,0.000000
20260110:0810,5.105263,12.927895,0.000000,2.965263,3.495789,3.066842,0.000000
20260110:0910,19.895789,56.947368,0.000000,9.606316,4.140526,3.185789,0.000000
20260110:1010,46.844211,86.947368,0.000000,15.440000,5.064737,3.433158,0.000000
20260110:1110,54.738947,94.052632,0.000000,17.630526,5.866842,3.763158,0.000000
20260110:1210,56.423158,106.052632,0.000000,19.350000,6.468947,3.948947,0.000000
20260110:1310,44.580526,101.473684,0.000000,16.635789,6.924211,3.953158,0.000000
20260110:1410,28.685789,78.210526,0.000000,13.440000,7.071053,3.891579,0.000000
20260110:1510,14.474737,37.263158,0.000000,6.972632,6.943684,3.536316,0.000000
20260110:1610,0.000000,0.000000,0.000000,-0.012105,6.525789,3.220000,0.000000
20260110:1710,0.000000,0.000000,0.000000,0.000000,5.932105,3.100000,0.000000
20260110:1810,0.000000,0.000000,0.000000,0.000000,5.467895,3.052105,0.000000
20260110:1910,0.000000,0.000000,0.000000,0.000000,5.245789,2.900000,0.000000
20260110:2010,0.000000,0.000000,0.000000,0.000000,4.861053,2.911053,0.000000
20260110:2110,0.000000,0.000000,0.000000,0.000000,4.577895,2.906842,0.000000
20260110:2210,0.000000,0.000000,0.000000,0.000000,4.271053,2.910000,0.000000
20260110:2310,0.000000,0.000000,0.000000,0.000000,4.043684,2.856316,0.000000
20260111:0010,0.000000,0.000000,0.000000,0.000000,3.891053,2.853158,0.000000
20260111:0110,0.000000,0.000000,0.000000,0.000000,3.731053,2.853158,0.000000
20260111:0210,0.000000,0.000000,0.000000,0.000000,3.654737,2.906316,0.000000
20260111:0310,0.000000,0.000000,0.000000,0.000000,3.557368,2.987368,0.000000
20260111:0410,0.000000,0.000000,0.000000,0.000000,3.505789,3.090000,0.000000
20260111:0510,0.000000,0.000000,0.000000,0.000000,3.450526,3.099474,0.000000
20260111:0610,0.000000,0.000000,0.000000,0.000000,3.442632,2.786842,0.000000
20260111:0710,0.000000,0.000000,0.000000,0.000000,3.504737,2.864211,0.000000
20260111:0810,4.473684,13.626316,0.000000,3.041053,3.539474,3.211579,0.000000
20260111:0910,26.581053,60.105263,0.000000,9.691579,4.163158,3.230526,0.000000
20260111:1010,44.791053,91.210526,0.000000,15.560000,5.210000,3.459474,0.000000
20260111:1110,62.107368,98.210526,0.000000,17.763158,6.164211,3.713684,0.000000
20260111:1210,59.687368,102.421053,0.000000,18.473684,6.874737,3.908421,0.000000
20260111:1310,27.158947,91.473684,0.000000,16.796842,7.324737,4.005789,0.000000
20260111:1410,18.157895,78.473684,0.000000,13.610000,7.581053,4.033684,0.000000
20260111:1510,13.000526,40.105263,0.000000,7.143158,7.466316,3.843158,0.000000
20260111:1610,0.000000,0.000000,0.000000,-0.002632,6.968421,3.680526,0.000000
20260111:1710,0.000000,0.000000,0.000000,0.000000,6.307368,3.684737,0.000000
20260111:1810,0.000000,0.000000,0.000000,0.000000,5.832632,3.715789,0.000000
20260111:1910,0.000000,0.000000,0.000000,0.000000,5.423684,3.593158,0.000000
20260111:2010,0.000000,0.000000,0.000000,0.000000,5.135789,3.619474,0.000000
20260111:2110,0.000000,0.000000,0.000000,0.000000,4.838947,3.627368,0.000000
20260111:2210,0.000000,0.000000,0.000000,0.000000,4.612632,3.597895,0.000000
20260111:2310,0.000000,0.000000,0.000000,0.000000,4.433158,3.415789,0.000000
20260112:0010,0.000000,0.000000,0.000000,0.000000,4.316316,3.339474,0.000000
20260112:0110,0.000000,0.000000,0.000000,0.000000,4.195263,3.347368,0.000000
20260112:0210,0.000000,0.000000,0.000000,0.000000,4.189474,3.361053,0.000000
20260112:0310,0.000000,0.000000,0.000000,0.000000,4.242105,3.337895,0.000000
20260112:0410,0.000000,0.000000,0.000000,0.000000,4.218421,3.441579,0.000000
20260112:0510,0.000000,0.000000,0.000000,0.000000,4.225789,3.498947,0.000000
20260112:0610,0.000000,0.000000,0.000000,0.000000,4.251579,3.548421,0.000000
20260112:0710,0.000000,0.000000,0.000000,0.000000,4.258947,3.568421,0.000000
20260112:0810,2.947368,13.043158,0.000000,3.116842,4.351579,3.642105,0.000000
20260112:0910,14.316842,58.526316,0.000000,10.330000,4.829474,3.706842,0.000000
20260112:1010,24.316842,84.578947,0.000000,15.680000,5.511053,3.904737,0.000000
20260112:1110,35.737895,114.105263,0.000000,18.900000,6.237368,4.289474,0.000000
20260112:1210,34.369474,118.631579,0.000000,18.634737,6.835789,4.424211,0.000000
20260112:1310,56.002632,92.578947,0.000000,16.957895,7.280000,4.507368,0.000000
20260112:1410,30.317368,73.842105,0.000000,13.790000,7.483158,4.473158,0.000000
20260112:1510,15.685263,42.789474,0.000000,7.720000,7.423158,4.262632,0.000000
20260112:1610,0.000000,0.578947,0.000000,0.006842,7.095789,3.977368,0.000000
20260112:1710,0.000000,0.000000,0.000000,0.000000,6.712632,3.920526,0.000000
20260112:1810,0.000000,0.000000,0.000000,0.000000,6.537368,4.061579,0.000000
20260112:1910,0.000000,0.000000,0.000000,0.000000,6.439474,4.301053,0.000000
20260112:2010,0.000000,0.000000,0.000000,0.000000,6.254211,4.272105,0.000000
20260112:2110,0.000000,0.000000,0.000000,0.000000,6.125789,4.231579,0.000000
20260112:2210,0.000000,0.000000,0.000000,0.000000,5.975789,4.190000,0.000000
20260112:2310,0.000000,0.000000,0.000000,0.000000,5.832105,4.058421,0.000000
20260113:0010,0.000000,0.000000,0.000000,0.000000,5.751579,3.937895,0.000000
20260113:0110,0.000000,0.000000,0.000000,0.000000,5.725263,3.872632,0.000000
20260113:0210,0.000000,0.000000,0.000000,0.000000,5.612105,3.803684,0.000000
20260113:0310,0.000000,0.000000,0.000000,0.000000,5.510526,3.705263,0.000000
20260113:0410,0.000000,0.000000,0.000000,0.000000,5.333684,3.626316,0.000000
20260113:0510,0.000000,0.000000,0.000000,0.000000,5.153684,3.556842,0.000000
20260113:0610,0.000000,0.000000,0.000000,0.000000,5.046316,3.375789,0.000000
20260113:0710,0.000000,0.000000,0.000000,0.000000,4.816842,3.343684,0.000000
20260113:0810,5.789474,13.993158,0.000000,3.202105,4.691053,3.483158,0.000000
20260113:0910,30.844211,60.315789,0.000000,10.440000,5.075789,3.651579,0.000000
20260113:1010,40.950000,86.263158,0.000000,15.810000,5.865263,3.923158,0.000000
20260113:1110,54.581579,110.368421,0.000000,19.050000,6.631053,4.198947,0.000000
20260113:1210,74.371579,111.105263,0.000000,19.830000,7.274211,4.536842,0.000000
20260113:1310,61.003158,94.842105,0.000000,18.080000,7.651579,4.537895,0.000000
20260113:1410,38.633158,80.947368,0.000000,13.980000,7.754737,4.389474,0.000000
20260113:1510,23.158947,47.210526,0.000000,7.910000,7.522632,4.246842,0.000000
20260113:1610,0.000000,0.684211,0.000000,0.016316,6.926842,4.125789,0.000000
20260113:1710,0.000000,0.000000,0.000000,0.000000,6.317895,4.082632,0.000000
20260113:1810,0.000000,0.000000,0.000000,0.000000,5.956842,4.097895,0.000000
20260113:1910,0.000000,0.000000,0.000000,0.000000,5.593684,3.902105,0.000000
20260113:2010,0.000000,0.000000,0.000000,0.000000,5.362632,3.905789,0.000000
20260113:2110,0.000000,0.000000,0.000000,0.000000,5.186316,3.924211,0.000000
20260113:2210,0.000000,0.000000,0.000000,0.000000,5.056316,3.950000,0.000000
20260113:2310,0.000000,0.000000,0.000000,0.000000,4.886316,3.984737,0.000000
20260114:0010,0.000000,0.000000,0.000000,0.000000,4.757368,4.039474,0.000000
20260114:0110,0.000000,0.000000,0.000000,0.000000,4.639474,4.057368,0.000000
20260114:0210,0.000000,0.000000,0.000000,0.000000,4.452105,4.022105,0.000000
20260114:0310,0.000000,0.000000,0.000000,0.000000,4.260526,4.006842,0.000000
20260114:0410,0.000000,0.000000,0.000000,0.000000,4.046842,3.953158,0.000000
20260114:0510,0.000000,0.000000,0.000000,0.000000,3.839474,3.971053,0.000000
20260114:0610,0.000000,0.000000,0.000000,0.000000,3.678421,3.963684,0.000000
20260114:0710,0.000000,0.000000,0.000000,0.000000,3.637368,3.908947,0.000000
20260114:0810,8.315789,12.888421,0.000000,3.113684,3.517368,3.857895,0.000000
20260114:0910,45.582632,59.842105,0.000000,10.560000,3.929474,3.800000,0.000000
20260114:1010,90.952105,83.842105,0.000000,15.950000,4.860000,3.836316,0.000000
20260114:1110,136.637895,95.631579,0.000000,19.210000,5.832632,3.948947,0.000000
20260114:1210,100.635789,103.368421,0.000000,20.010000,6.586316,4.073684,0.000000
20260114:1310,82.108947,97.368421,0.000000,18.270000,7.049474,4.067895,0.000000
20260114:1410,56.687368,74.842105,0.000000,14.170000,7.279474,3.908421,0.000000
20260114:1510,30.793158,46.473684,0.000000,8.100000,7.148421,3.738421,0.000000
20260114:1610,0.000000,0.473684,0.000000,0.026316,6.516316,3.575789,0.000000
20260114:1710,0.000000,0.000000,0.000000,0.000000,5.622105,3.605263,0.000000
20260114:1810,0.000000,0.000000,0.000000,0.000000,5.020000,3.636842,0.000000
20260114:1910,0.000000,0.000000,0.000000,0.000000,4.686316,3.684737,0.000000
20260114:2010,0.000000,0.000000,0.000000,0.000000,4.259474,3.579474,0.000000
20260114:2110,0.000000,0.000000,0.000000,0.000000,3.868947,3.572105,0.000000
20260114:2210,0.000000,0.000000,0.000000,0.000000,3.460000,3.649474,0.000000
20260114:2310,0.000000,0.000000,0.000000,0.000000,3.296316,3.621579,0.000000
20260115:0010,0.000000,0.000000,0.000000,0.000000,3.258421,3.567895,0.000000
20260115:0110,0.000000,0.000000,0.000000,0.000000,3.155789,3.571053,0.000000
20260115:0210,0.000000,0.000000,0.000000,0.000000,3.055789,3.633684,0.000000
20260115:0310,0.000000,0.000000,0.000000,0.000000,2.948947,3.691053,0.000000
20260115:0410,0.000000,0.000000,0.000000,0.000000,2.850526,3.737895,0.000000
20260115:0510,0.000000,0.000000,0.000000,0.000000,2.807895,3.768421,0.000000
20260115:0610,0.000000,0.000000,0.000000,0.000000,2.767368,3.806842,0.000000
20260115:0710,0.000000,0.000000,0.000000,0.000000,2.849474,3.807895,0.000000
20260115:0810,7.000000,13.901579,0.000000,3.391579,2.857368,3.864737,0.000000
20260115:0910,34.844211,59.684211,0.000000,10.680000,3.373684,3.996842,0.000000
20260115:1010,72.003684,92.578947,0.000000,16.090000,4.216316,4.324211,0.000000
20260115:1110,96.582632,106.368421,0.000000,19.370000,5.127368,4.664737,0.000000
20260115:1210,124.321053,99.631579,0.000000,20.190000,5.756316,4.915263,0.000000
20260115:1310,90.530526,90.894737,0.000000,18.460000,6.200000,5.055789,0.000000
20260115:1410,51.213684,75.736842,0.000000,14.370000,6.313158,4.888947,0.000000
20260115:1510,22.948947,47.315789,0.000000,8.300000,6.169474,4.504211,0.000000
20260115:1610,0.000000,0.684211,0.000000,0.036842,5.613158,4.170526,0.000000
20260115:1710,0.000000,0.000000,0.000000,0.000000,4.943684,4.025263,0.000000
20260115:1810,0.000000,0.000000,0.000000,0.000000,4.521053,3.942632,0.000000
20260115:1910,0.000000,0.000000,0.000000,0.000000,4.450526,3.948947,0.000000
20260115:2010,0.000000,0.000000,0.000000,0.000000,4.217368,3.847895,0.000000
20260115:2110,0.000000,0.000000,0.000000,0.000000,3.965263,3.766842,0.000000
20260115:2210,0.000000,0.000000,0.000000,0.000000,3.772105,3.698947,0.000000
20260115:2310,0.000000,0.000000,0.000000,0.000000,3.555263,3.579474,0.000000
20260116:0010,0.000000,0.000000,0.000000,0.000000,3.379474,3.484737,0.000000
20260116:0110,0.000000,0.000000,0.000000,0.000000,3.161053,3.357368,0.000000
20260116:0210,0.000000,0.000000,0.000000,0.000000,2.937895,3.357895,0.000000
20260116:0310,0.000000,0.000000,0.000000,0.000000,2.722632,3.352105,0.000000
20260116:0410,0.000000,0.000000,0.000000,0.000000,2.565263,3.298421,0.000000
20260116:0510,0.000000,0.000000,0.000000,0.000000,2.430526,3.312632,0.000000
20260116:0610,0.000000,0.000000,0.000000,0.000000,2.423684,3.325789,0.000000
20260116:0710,0.000000,0.000000,0.000000,0.000000,2.322632,3.459474,0.000000
20260116:0810,8.052632,15.480526,0.000000,3.495789,2.300526,3.485263,0.000000
20260116:0910,45.055789,63.894737,0.000000,10.810000,2.852632,3.443684,0.000000
20260116:1010,68.845263,93.368421,0.000000,16.250000,3.860000,3.681053,0.000000
20260116:1110,79.950526,108.684211,0.000000,19.550000,4.865789,4.061579,0.000000
20260116:1210,79.950526,116.842105,0.000000,20.380000,5.641053,4.097368,0.000000
20260116:1310,85.108947,105.368421,0.000000,18.660000,6.170526,4.188421,0.000000
20260116:1410,62.793158,85.105263,0.000000,14.570000,6.411579,4.166316,0.000000
20260116:1510,21.633684,49.315789,0.000000,8.500000,6.265263,4.100526,0.000000
20260116:1610,0.000000,0.263158,0.000000,0.047368,5.702632,3.841053,0.000000
20260116:1710,0.000000,0.000000,0.000000,0.000000,5.110526,3.731579,0.000000
20260116:1810,0.000000,0.000000,0.000000,0.000000,4.756842,3.728421,0.000000
20260116:1910,0.000000,0.000000,0.000000,0.000000,4.440000,3.625263,0.000000
20260116:2010,0.000000,0.000000,0.000000,0.000000,4.303158,3.626316,0.000000
20260116:2110,0.000000,0.000000,0.000000,0.000000,4.200526,3.666316,0.000000
20260116:2210,0.000000,0.000000,0.000000,0.000000,4.128421,3.677368,0.000000
20260116:2310,0.000000,0.000000,0.000000,0.000000,4.087368,3.662632,0.000000
20260117:0010,0.000000,0.000000,0.000000,0.000000,4.053684,3.600000,0.000000
20260117:0110,0.000000,0.000000,0.000000,0.000000,4.014211,3.573684,0.000000
20260117:0210,0.000000,0.000000,0.000000,0.000000,3.855789,3.545263,0.000000
20260117:0310,0.000000,0.000000,0.000000,0.000000,3.697368,3.592632,0.000000
20260117:0410,0.000000,0.000000,0.000000,0.000000,3.574211,3.661579,0.000000
20260117:0510,0.000000,0.000000,0.000000,0.000000,3.449474,3.712632,0.000000
20260117:0610,0.000000,0.000000,0.000000,0.000000,3.365789,3.750000,0.000000
20260117:0710,0.000000,0.000000,0.000000,0.000000,3.335789,3.713158,0.000000
20260117:0810,9.052632,14.767368,0.000000,3.609474,3.195263,3.739474,0.000000
20260117:0910,50.214737,62.052632,0.000000,10.950000,3.763158,3.701053,0.000000
20260117:1010,61.687895,100.578947,0.000000,16.410000,4.604737,3.876316,0.000000
20260117:1110,93.740526,105.894737,0.000000,19.730000,5.409474,4.115263,0.000000
20260117:1210,97.266842,108.263158,0.000000,20.580000,6.043684,4.381579,0.000000
20260117:1310,96.688947,103.526316,0.000000,18.870000,6.441053,4.376842,0.000000
20260117:1410,50.476316,75.631579,0.000000,14.780000,6.611053,4.294737,0.000000
20260117:1510,26.686316,45.947368,0.000000,8.710000,6.449474,3.999474,0.000000
20260117:1610,0.000000,0.947368,0.000000,0.057895,5.894211,3.756316,0.000000
20260117:1710,0.000000,0.000000,0.000000,0.000000,5.184737,3.694211,0.000000
20260117:1810,0.000000,0.000000,0.000000,0.000000,4.709474,3.702632,0.000000
20260117:1910,0.000000,0.000000,0.000000,0.000000,4.478421,3.887895,0.000000
20260117:2010,0.000000,0.000000,0.000000,0.000000,4.152105,3.873684,0.000000
20260117:2110,0.000000,0.000000,0.000000,0.000000,3.851579,3.880000,0.000000
20260117:2210,0.000000,0.000000,0.000000,0.000000,3.543684,3.934737,0.000000
20260117:2310,0.000000,0.000000,0.000000,0.000000,3.426842,3.996842,0.000000
20260118:0010,0.000000,0.000000,0.000000,0.000000,3.297368,4.108421,0.000000
20260118:0110,0.000000,0.000000,0.000000,0.000000,3.208947,4.149474,0.000000
20260118:0210,0.000000,0.000000,0.000000,0.000000,3.128947,4.173684,0.000000
20260118:0310,0.000000,0.000000,0.000000,0.000000,3.054737,4.187895,0.000000
20260118:0410,0.000000,0.000000,0.000000,0.000000,2.986316,4.160526,0.000000
20260118:0510,0.000000,0.000000,0.000000,0.000000,2.963158,4.145263,0.000000
20260118:0610,0.000000,0.000000,0.000000,0.000000,2.885789,4.082632,0.000000
20260118:0710,0.000000,0.000000,0.000000,0.000000,3.083684,4.007368,0.000000
20260118:0810,8.684211,16.407368,0.000000,3.723158,3.126842,4.018947,0.000000
20260118:0910,36.160526,60.210526,0.000000,11.090000,3.562105,4.080526,0.000000
20260118:1010,75.898421,92.105263,0.000000,16.570000,4.425789,4.278421,0.000000
20260118:1110,120.320526,105.157895,0.000000,19.910000,5.246316,4.552105,0.000000
20260118:1210,97.318947,105.947368,0.000000,20.780000,5.941053,4.678947,0.000000
20260118:1310,103.425263,99.368421,0.000000,19.080000,6.415263,4.721579,0.000000
20260118:1410,88.057895,77.789474,0.000000,15.000000,6.629474,4.537368,0.000000
20260118:1510,39.582105,52.789474,0.000000,8.920000,6.428947,4.170000,0.000000
20260118:1610,0.000000,0.947368,0.000000,0.068947,5.933158,3.948947,0.000000
20260118:1710,0.000000,0.000000,0.000000,0.000000,5.319474,3.793158,0.000000
20260118:1810,0.000000,0.000000,0.000000,0.000000,4.936316,3.710000,0.000000
20260118:1910,0.000000,0.000000,0.000000,0.000000,4.474211,3.727368,0.000000
20260118:2010,0.000000,0.000000,0.000000,0.000000,4.193158,3.663158,0.000000
20260118:2110,0.000000,0.000000,0.000000,0.000000,3.996842,3.520526,0.000000
20260118:2210,0.000000,0.000000,0.000000,0.000000,3.819474,3.434211,0.000000
20260118:2310,0.000000,0.000000,0.000000,0.000000,3.663684,3.462632,0.000000
20260119:0010,0.000000,0.000000,0.000000,0.000000,3.555789,3.426842,0.000000
20260119:0110,0.000000,0.000000,0.000000,0.000000,3.408947,3.377895,0.000000
20260119:0210,0.000000,0.000000,0.000000,0.000000,3.253158,3.364737,0.000000
20260119:0310,0.000000,0.000000,0.000000,0.000000,3.199474,3.378947,0.000000
20260119:0410,0.000000,0.000000,0.000000,0.000000,3.075789,3.419474,0.000000
20260119:0510,0.000000,0.000000,0.000000,0.000000,3.045263,3.506316,0.000000
20260119:0610,0.000000,0.000000,0.000000,0.000000,3.078421,3.644211,0.000000
20260119:0710,0.000000,0.000000,0.000000,0.000000,3.149474,3.720000,0.000000
20260119:0810,6.947368,16.547895,0.000000,4.060000,3.216316,3.698421,0.000000
20260119:0910,37.002105,64.000000,0.000000,11.240000,3.762105,3.647368,0.000000
20260119:1010,51.897368,98.421053,0.000000,16.740000,4.565263,3.920526,0.000000
20260119:1110,49.212105,119.263158,0.000000,20.110000,5.300526,4.030000,0.000000
20260119:1210,67.739474,115.631579,0.000000,20.990000,5.908947,4.144737,0.000000
20260119:1310,36.474737,117.631579,0.000000,19.300000,6.307895,4.127895,0.000000
20260119:1410,29.474737,87.421053,0.000000,15.220000,6.494211,4.036842,0.000000
20260119:1510,23.791053,52.368421,0.000000,9.140000,6.335789,3.721053,0.000000
20260119:1610,0.000000,1.000000,0.000000,0.080000,5.839474,3.351053,0.000000
20260119:1710,0.000000,0.000000,0.000000,0.000000,5.159474,3.277368,0.000000
20260119:1810,0.000000,0.000000,0.000000,0.000000,4.757368,3.256316,0.000000
20260119:1910,0.000000,0.000000,0.000000,0.000000,4.453684,3.401053,0.000000
20260119:2010,0.000000,0.000000,0.000000,0.000000,4.299474,3.467368,0.000000
20260119:2110,0.000000,0.000000,0.000000,0.000000,4.145263,3.525263,0.000000
20260119:2210,0.000000,0.000000,0.000000,0.000000,3.920526,3.597368,0.000000
20260119:2310,0.000000,0.000000,0.000000,0.000000,3.736316,3.546842,0.000000
20260120:0010,0.000000,0.000000,0.000000,0.000000,3.562105,3.477895,0.000000
20260120:0110,0.000000,0.000000,0.000000,0.000000,3.462105,3.498947,0.000000
20260120:0210,0.000000,0.000000,0.000000,0.000000,3.384737,3.441053,0.000000
20260120:0310,0.000000,0.000000,0.000000,0.000000,3.242105,3.397895,0.000000
20260120:0410,0.000000,0.000000,0.000000,0.000000,3.103684,3.397368,0.000000
20260120:0510,0.000000,0.000000,0.000000,0.000000,2.982632,3.335263,0.000000
20260120:0610,0.000000,0.000000,0.000000,0.000000,2.851053,3.298421,0.000000
20260120:0710,0.000000,0.000000,0.000000,0.000000,2.909474,3.401053,0.000000
20260120:0810,6.315789,17.188947,0.000000,4.200000,2.856316,3.426842,0.000000
20260120:0910,24.895789,68.157895,0.000000,11.400000,3.353158,3.455789,0.000000
20260120:1010,42.633158,98.315789,0.000000,16.920000,4.195263,3.681579,0.000000
20260120:1110,65.371053,114.736842,0.000000,20.310000,5.052632,4.155789,0.000000
20260120:1210,48.054737,119.736842,0.000000,21.210000,5.757895,4.301579,0.000000
20260120:1310,39.159474,98.578947,0.000000,18.492632,6.317895,4.558947,0.000000
20260120:1410,46.739474,90.157895,0.000000,15.440000,6.553158,4.587895,0.000000
20260120:1510,19.369474,51.631579,0.000000,9.360000,6.443684,4.330526,0.000000
20260120:1610,0.000000,3.210526,0.000000,1.638947,5.930526,3.938421,0.000000
20260120:1710,0.000000,0.000000,0.000000,0.000000,5.213158,3.716316,0.000000
20260120:1810,0.000000,0.000000,0.000000,0.000000,4.631579,3.604211,0.000000
20260120:1910,0.000000,0.000000,0.000000,0.000000,4.230526,3.625789,0.000000
20260120:2010,0.000000,0.000000,0.000000,0.000000,3.943158,3.767895,0.000000
20260120:2110,0.000000,0.000000,0.000000,0.000000,3.660526,3.815263,0.000000
20260120:2210,0.000000,0.000000,0.000000,0.000000,3.408947,3.819474,0.000000
20260120:2310,0.000000,0.000000,0.000000,0.000000,3.126316,3.814737,0.000000
20260121:0010,0.000000,0.000000,0.000000,0.000000,2.823158,3.714211,0.000000
20260121:0110,0.000000,0.000000,0.000000,0.000000,2.553684,3.618947,0.000000
20260121:0210,0.000000,0.000000,0.000000,0.000000,2.383158,3.545789,0.000000
20260121:0310,0.000000,0.000000,0.000000,0.000000,2.159474,3.484737,0.000000
20260121:0410,0.000000,0.000000,0.000000,0.000000,1.980000,3.401053,0.000000
20260121:0510,0.000000,0.000000,0.000000,0.000000,1.787895,3.277895,0.000000
20260121:0610,0.000000,0.000000,0.000000,0.000000,1.661053,3.183684,0.000000
20260121:0710,0.000000,0.000000,0.000000,0.000000,1.563684,3.102632,0.000000
20260121:0810,10.105263,18.661053,0.000000,4.111579,1.578947,3.088947,0.000000
20260121:0910,41.739474,66.684211,0.000000,10.951579,2.311053,3.190000,0.000000
20260121:1010,74.897895,94.157895,0.000000,17.110000,3.343684,3.434211,0.000000
20260121:1110,102.898947,103.473684,0.000000,20.510000,4.328421,3.625263,0.000000
20260121:1210,81.897368,123.842105,0.000000,21.430000,5.111579,3.807368,0.000000
20260121:1310,105.688421,93.789474,0.000000,18.710526,5.615263,3.696316,0.000000
20260121:1410,70.213684,80.315789,0.000000,14.845263,5.855789,3.698421,0.000000
20260121:1510,42.635789,51.947368,0.000000,9.580000,5.749474,3.430000,0.000000
20260121:1610,0.000000,4.947368,0.000000,1.950000,5.263158,3.280526,0.000000
20260121:1710,0.000000,0.000000,0.000000,0.000000,4.494211,3.386316,0.000000
20260121:1810,0.000000,0.000000,0.000000,0.000000,3.994211,3.521579,0.000000
20260121:1910,0.000000,0.000000,0.000000,0.000000,3.552105,3.590000,0.000000
20260121:2010,0.000000,0.000000,0.000000,0.000000,3.280526,3.644737,0.000000
20260121:2110,0.000000,0.000000,0.000000,0.000000,3.016316,3.677368,0.000000
20260121:2210,0.000000,0.000000,0.000000,0.000000,2.821053,3.680000,0.000000
20260121:2310,0.000000,0.000000,0.000000,0.000000,2.638421,3.637368,0.000000
20260122:0010,0.000000,0.000000,0.000000,0.000000,2.438421,3.513684,0.000000
20260122:0110,0.000000,0.000000,0.000000,0.000000,2.293158,3.441053,0.000000
20260122:0210,0.000000,0.000000,0.000000,0.000000,2.176316,3.288421,0.000000
20260122:0310,0.000000,0.000000,0.000000,0.000000,2.146842,3.208947,0.000000
20260122:0410,0.000000,0.000000,0.000000,0.000000,2.191053,3.256842,0.000000
20260122:0510,0.000000,0.000000,0.000000,0.000000,2.188421,3.285789,0.000000
20260122:0610,0.000000,0.000000,0.000000,0.000000,2.115789,3.241053,0.000000
20260122:0710,0.000000,0.000000,0.000000,0.000000,1.974211,3.200526,0.000000
20260122:0810,9.894737,21.850526,0.000000,4.490000,1.943684,3.219474,0.000000
20260122:0910,33.527895,74.736842,0.000000,11.730000,2.486842,3.302632,0.000000
20260122:1010,54.738947,88.842105,0.000000,17.300000,3.360000,3.546316,0.000000
20260122:1110,77.266316,100.947368,0.000000,19.629474,4.218947,3.644737,0.000000
20260122:1210,61.686316,121.684211,0.000000,20.520000,4.877368,3.587368,0.000000
20260122:1310,72.950526,102.210526,0.000000,18.937895,5.292632,3.454737,0.000000
20260122:1410,44.738947,84.473684,0.000000,15.072632,5.505263,3.473158,0.000000
20260122:1510,20.053684,53.000000,0.000000,9.293684,5.441053,3.205789,0.000000
20260122:1610,0.000000,5.421053,0.000000,1.941579,5.057895,2.892632,0.000000
20260122:1710,0.000000,0.000000,0.000000,0.000000,4.444737,2.743684,0.000000
20260122:1810,0.000000,0.000000,0.000000,0.000000,4.060526,2.783684,0.000000
20260122:1910,0.000000,0.000000,0.000000,0.000000,3.734211,3.017368,0.000000
20260122:2010,0.000000,0.000000,0.000000,0.000000,3.536842,3.034737,0.000000
20260122:2110,0.000000,0.000000,0.000000,0.000000,3.310000,3.078421,0.000000
20260122:2210,0.000000,0.000000,0.000000,0.000000,3.119474,3.078421,0.000000
20260122:2310,0.000000,0.000000,0.000000,0.000000,2.996316,3.107368,0.000000
20260123:0010,0.000000,0.000000,0.000000,0.000000,2.815789,3.136316,0.000000
20260123:0110,0.000000,0.000000,0.000000,0.000000,2.603684,3.186316,0.000000
20260123:0210,0.000000,0.000000,0.000000,0.000000,2.438947,3.204737,0.000000
20260123:0310,0.000000,0.000000,0.000000,0.000000,2.327368,3.125263,0.000000
20260123:0410,0.000000,0.000000,0.000000,0.000000,2.232632,3.208421,0.000000
20260123:0510,0.000000,0.000000,0.000000,0.000000,2.147368,3.230000,0.000000
20260123:0610,0.000000,0.000000,0.000000,0.000000,2.077368,3.325263,0.000000
20260123:0710,0.000000,0.000000,0.000000,0.000000,2.256842,3.317368,0.000000
20260123:0810,7.368421,18.900526,0.000000,4.405263,2.170526,3.336316,0.000000
20260123:0910,18.158421,59.368421,0.000000,11.283158,2.652105,3.423684,0.000000
20260123:1010,49.686316,85.789474,0.000000,16.578947,3.339474,3.905789,0.000000
20260123:1110,70.844211,107.473684,0.000000,19.837895,3.995789,4.033158,0.000000
20260123:1210,107.635789,108.631579,0.000000,20.737895,4.576316,4.003684,0.000000
20260123:1310,64.476316,104.789474,0.000000,19.165263,4.945789,4.007368,0.000000
20260123:1410,51.739474,68.210526,0.000000,15.300000,5.109474,3.826316,0.000000
20260123:1510,29.317895,44.526316,0.000000,9.521053,5.048421,3.724211,0.000000
20260123:1610,0.000000,6.578947,0.000000,2.273684,4.497895,3.724737,0.000000
20260123:1710,0.000000,0.000000,0.000000,0.000000,3.888947,3.560526,0.000000
20260123:1810,0.000000,0.000000,0.000000,0.000000,3.443158,3.397368,0.000000
20260123:1910,0.000000,0.000000,0.000000,0.000000,3.104737,3.244737,0.000000
20260123:2010,0.000000,0.000000,0.000000,0.000000,2.825789,3.180000,0.000000
20260123:2110,0.000000,0.000000,0.000000,0.000000,2.536316,3.103684,0.000000
20260123:2210,0.000000,0.000000,0.000000,0.000000,2.294211,3.019474,0.000000
20260123:2310,0.000000,0.000000,0.000000,0.000000,2.085263,2.935789,0.000000
20260124:0010,0.000000,0.000000,0.000000,0.000000,1.943158,2.841579,0.000000
20260124:0110,0.000000,0.000000,0.000000,0.000000,1.743684,2.820000,0.000000
20260124:0210,0.000000,0.000000,0.000000,0.000000,1.581579,2.780526,0.000000
20260124:0310,0.000000,0.000000,0.000000,0.000000,1.384211,2.748421,0.000000
20260124:0410,0.000000,0.000000,0.000000,0.000000,1.271579,2.726316,0.000000
20260124:0510,0.000000,0.000000,0.000000,0.000000,1.185263,2.740000,0.000000
20260124:0610,0.000000,0.000000,0.000000,0.000000,1.150526,2.700526,0.000000
20260124:0710,0.000000,0.000000,0.000000,0.000000,1.389474,2.639474,0.000000
20260124:0810,6.368421,22.561053,0.000000,4.810000,1.452632,2.599474,0.000000
20260124:0910,25.159474,73.526316,0.000000,12.090000,2.187895,2.543684,0.000000
20260124:1010,52.791579,108.157895,0.000000,17.700000,3.187895,2.991579,0.000000
20260124:1110,66.739474,116.105263,0.000000,21.170000,4.076316,3.143158,0.000000
20260124:1210,57.844211,117.789474,0.000000,22.130000,4.725789,3.212105,0.000000
20260124:1310,64.476316,111.315789,0.000000,19.392632,5.182632,3.277368,0.000000
20260124:1410,34.160000,95.210526,0.000000,16.390000,5.500000,3.262105,0.000000
20260124:1510,31.528421,60.684211,0.000000,10.280000,5.450000,3.094737,0.000000
20260124:1610,0.000000,7.894737,0.000000,2.630000,4.983158,2.889474,0.000000
20260124:1710,0.000000,0.000000,0.000000,0.000000,4.186316,3.012105,0.000000
20260124:1810,0.000000,0.000000,0.000000,0.000000,3.568947,3.055789,0.000000
20260124:1910,0.000000,0.000000,0.000000,0.000000,2.998421,2.853158,0.000000
20260124:2010,0.000000,0.000000,0.000000,0.000000,2.635789,2.752105,0.000000
20260124:2110,0.000000,0.000000,0.000000,0.000000,2.315263,2.718947,0.000000
20260124:2210,0.000000,0.000000,0.000000,0.000000,2.021053,2.720000,0.000000
20260124:2310,0.000000,0.000000,0.000000,0.000000,1.765789,2.696316,0.000000
20260125:0010,0.000000,0.000000,0.000000,0.000000,1.624211,2.664737,0.000000
20260125:0110,0.000000,0.000000,0.000000,0.000000,1.375263,2.596316,0.000000
20260125:0210,0.000000,0.000000,0.000000,0.000000,1.175789,2.555263,0.000000
20260125:0310,0.000000,0.000000,0.000000,0.000000,0.971053,2.515789,0.000000
20260125:0410,0.000000,0.000000,0.000000,0.000000,0.741579,2.427368,0.000000
20260125:0510,0.000000,0.000000,0.000000,0.000000,0.574211,2.298947,0.000000
20260125:0610,0.000000,0.000000,0.000000,0.000000,0.312632,2.313684,0.000000
20260125:0710,0.000000,0.000000,0.000000,0.000000,0.254211,2.333684,0.000000
20260125:0810,9.315789,23.102105,0.000000,4.980000,0.198947,2.268421,0.000000
20260125:0910,54.425263,60.631579,0.000000,12.280000,1.131579,2.210526,0.000000
20260125:1010,84.635789,90.473684,0.000000,17.910000,2.378947,2.520000,0.000000
20260125:1110,85.739474,108.789474,0.000000,21.400000,3.414211,2.838947,0.000000
20260125:1210,83.423684,123.473684,0.000000,22.370000,4.195789,3.012632,0.000000
20260125:1310,87.003158,102.736842,0.000000,20.720000,4.703158,3.143158,0.000000
20260125:1410,59.424211,84.631579,0.000000,16.640000,4.990526,3.053158,0.000000
20260125:1510,33.054737,56.526316,0.000000,10.530000,4.997895,2.954211,0.000000
20260125:1610,0.000000,9.473684,0.000000,2.860000,4.517368,2.685789,0.000000
20260125:1710,0.000000,0.000000,0.000000,0.000000,3.706316,2.721579,0.000000
20260125:1810,0.000000,0.000000,0.000000,0.000000,3.215263,2.787368,0.000000
20260125:1910,0.000000,0.000000,0.000000,0.000000,2.935263,2.777368,0.000000
20260125:2010,0.000000,0.000000,0.000000,0.000000,2.716842,2.798947,0.000000
20260125:2110,0.000000,0.000000,0.000000,0.000000,2.544211,2.874737,0.000000
20260125:2210,0.000000,0.000000,0.000000,0.000000,2.331053,2.868421,0.000000
20260125:2310,0.000000,0.000000,0.000000,0.000000,2.117895,2.827895,0.000000
20260126:0010,0.000000,0.000000,0.000000,0.000000,1.938947,2.815263,0.000000
20260126:0110,0.000000,0.000000,0.000000,0.000000,1.792105,2.837895,0.000000
20260126:0210,0.000000,0.000000,0.000000,0.000000,1.704737,2.802632,0.000000
20260126:0310,0.000000,0.000000,0.000000,0.000000,1.658947,2.775789,0.000000
20260126:0410,0.000000,0.000000,0.000000,0.000000,1.604737,2.752105,0.000000
20260126:0510,0.000000,0.000000,0.000000,0.000000,1.531053,2.715263,0.000000
20260126:0610,0.000000,0.000000,0.000000,0.000000,1.458947,2.688947,0.000000
20260126:0710,0.000000,0.000000,0.000000,0.000000,1.411579,2.664737,0.000000
20260126:0810,9.789474,24.232632,0.000000,5.150000,1.450526,2.639474,0.000000
20260126:0910,29.685263,71.526316,0.000000,12.480000,2.025789,2.970000,0.000000
20260126:1010,48.423158,97.947368,0.000000,18.130000,2.815789,3.220526,0.000000
20260126:1110,43.685789,108.894737,0.000000,21.640000,3.595263,3.551053,0.000000
20260126:1210,38.580000,114.368421,0.000000,22.630000,4.304211,3.658947,0.000000
20260126:1310,54.160000,108.157895,0.000000,20.980000,4.896316,3.786316,0.000000
20260126:1410,51.160000,82.894737,0.000000,16.890000,5.261579,3.843158,0.000000
20260126:1510,28.001579,63.263158,0.000000,10.770000,5.322105,3.647368,0.000000
20260126:1610,0.000000,10.684211,0.000000,3.100000,4.966842,3.335263,0.000000
20260126:1710,0.000000,0.000000,0.000000,0.000000,4.303684,3.380526,0.000000
20260126:1810,0.000000,0.000000,0.000000,0.000000,3.820000,3.553684,0.000000
20260126:1910,0.000000,0.000000,0.000000,0.000000,3.397368,3.738421,0.000000
20260126:2010,0.000000,0.000000,0.000000,0.000000,3.094737,3.826316,0.000000
20260126:2110,0.000000,0.000000,0.000000,0.000000,2.796316,3.875789,0.000000
20260126:2210,0.000000,0.000000,0.000000,0.000000,2.558421,3.835789,0.000000
20260126:2310,0.000000,0.000000,0.000000,0.000000,2.366842,3.796842,0.000000
20260127:0010,0.000000,0.000000,0.000000,0.000000,2.174737,3.763684,0.000000
20260127:0110,0.000000,0.000000,0.000000,0.000000,2.034737,3.829474,0.000000
20260127:0210,0.000000,0.000000,0.000000,0.000000,1.988947,3.853684,0.000000
20260127:0310,0.000000,0.000000,0.000000,0.000000,1.940526,3.793158,0.000000
20260127:0410,0.000000,0.000000,0.000000,0.000000,1.874737,3.811053,0.000000
20260127:0510,0.000000,0.000000,0.000000,0.000000,1.857368,3.707895,0.000000
20260127:0610,0.000000,0.000000,0.000000,0.000000,1.826316,3.713158,0.000000
20260127:0710,0.000000,0.000000,0.000000,0.000000,1.875263,3.687895,0.000000
20260127:0810,9.842105,25.537895,0.000000,5.330000,1.975789,3.325263,0.000000
20260127:0910,38.844211,69.000000,0.000000,12.680000,2.691579,3.295263,0.000000
20260127:1010,41.633158,97.368421,0.000000,18.360000,3.735789,3.796842,0.000000
20260127:1110,71.107895,119.842105,0.000000,21.880000,4.724737,3.913158,0.000000
20260127:1210,69.475789,121.947368,0.000000,22.880000,5.524737,4.013684,0.000000
20260127:1310,68.213158,118.578947,0.000000,21.240000,6.038421,4.082105,0.000000
20260127:1410,50.896842,91.842105,0.000000,17.150000,6.302632,3.988421,0.000000
20260127:1510,26.843158,64.578947,0.000000,11.020000,6.221053,3.818947,0.000000
20260127:1610,0.000000,12.526316,0.000000,3.340000,5.792632,3.600000,0.000000
20260127:1710,0.000000,0.000000,0.000000,0.000000,5.016842,3.626316,0.000000
20260127:1810,0.000000,0.000000,0.000000,0.000000,4.463158,3.716316,0.000000
20260127:1910,0.000000,0.000000,0.000000,0.000000,4.081579,3.650000,0.000000
20260127:2010,0.000000,0.000000,0.000000,0.000000,3.804737,3.607895,0.000000
20260127:2110,0.000000,0.000000,0.000000,0.000000,3.580526,3.636316,0.000000
20260127:2210,0.000000,0.000000,0.000000,0.000000,3.440526,3.629474,0.000000
20260127:2310,0.000000,0.000000,0.000000,0.000000,3.294211,3.615263,0.000000
20260128:0010,0.000000,0.000000,0.000000,0.000000,3.218421,3.610526,0.000000
20260128:0110,0.000000,0.000000,0.000000,0.000000,3.200000,3.628421,0.000000
20260128:0210,0.000000,0.000000,0.000000,0.000000,3.145263,3.577895,0.000000
20260128:0310,0.000000,0.000000,0.000000,0.000000,3.040526,3.678947,0.000000
20260128:0410,0.000000,0.000000,0.000000,0.000000,2.941579,3.691579,0.000000
20260128:0510,0.000000,0.000000,0.000000,0.000000,2.844737,3.498947,0.000000
20260128:0610,0.000000,0.000000,0.000000,0.000000,2.768947,3.255789,0.000000
20260128:0710,0.000000,0.000000,0.000000,0.000000,3.004211,3.310526,0.000000
20260128:0810,11.157895,26.886842,0.000000,5.520000,3.115263,3.422632,0.000000
20260128:0910,27.211579,80.894737,0.000000,12.890000,3.675789,3.502632,0.000000
20260128:1010,45.001053,113.210526,0.000000,18.580000,4.436316,3.687895,0.000000
20260128:1110,49.159474,119.736842,0.000000,22.130000,5.261579,4.136842,0.000000
20260128:1210,29.368947,116.947368,0.000000,23.140000,5.826316,4.140526,0.000000
20260128:1310,33.896316,102.736842,0.000000,21.510000,6.243158,4.107368,0.000000
20260128:1410,29.264737,81.736842,0.000000,17.410000,6.425263,4.032105,0.000000
20260128:1510,15.474211,60.105263,0.000000,11.270000,6.318421,3.825263,0.000000
20260128:1610,0.000000,12.684211,0.000000,3.580000,5.980526,3.549474,0.000000
20260128:1710,0.000000,0.000000,0.000000,0.000000,5.364737,3.401579,0.000000
20260128:1810,0.000000,0.000000,0.000000,0.000000,4.835263,3.423158,0.000000
20260128:1910,0.000000,0.000000,0.000000,0.000000,4.310000,3.430526,0.000000
20260128:2010,0.000000,0.000000,0.000000,0.000000,4.002632,3.445263,0.000000
20260128:2110,0.000000,0.000000,0.000000,0.000000,3.727368,3.409474,0.000000
20260128:2210,0.000000,0.000000,0.000000,0.000000,3.503684,3.336316,0.000000
20260128:2310,0.000000,0.000000,0.000000,0.000000,3.303158,3.327895,0.000000
20260129:0010,0.000000,0.000000,0.000000,0.000000,3.160526,3.316316,0.000000
20260129:0110,0.000000,0.000000,0.000000,0.000000,3.091053,3.368421,0.000000
20260129:0210,0.000000,0.000000,0.000000,0.000000,3.056316,3.459474,0.000000
20260129:0310,0.000000,0.000000,0.000000,0.000000,2.924737,3.466316,0.000000
20260129:0410,0.000000,0.000000,0.000000,0.000000,2.828421,3.493158,0.000000
20260129:0510,0.000000,0.000000,0.000000,0.000000,2.770526,3.561053,0.000000
20260129:0610,0.000000,0.000000,0.000000,0.000000,2.691579,3.597368,0.000000
20260129:0710,0.000000,0.000000,0.000000,0.000000,2.796316,3.567368,0.000000
20260129:0810,15.105263,23.223158,0.000000,5.710000,2.878947,3.622105,0.000000
20260129:0910,51.950526,71.052632,0.000000,13.100000,3.434737,3.743158,0.000000
20260129:1010,67.844737,112.210526,0.000000,18.820000,4.278421,3.948947,0.000000
20260129:1110,53.264737,134.263158,0.000000,22.380000,5.035263,4.150000,0.000000
20260129:1210,71.528947,125.421053,0.000000,23.410000,5.739474,4.286842,0.000000
20260129:1310,64.265263,122.842105,0.000000,21.780000,6.179474,4.337368,0.000000
20260129:1410,59.265263,105.105263,0.000000,17.680000,6.460000,4.262632,0.000000
20260129:1510,32.001579,66.315789,0.000000,11.530000,6.460000,4.069474,0.000000
20260129:1610,3.842632,13.983158,0.000000,3.820000,6.095789,3.771053,0.000000
20260129:1710,0.000000,0.000000,0.000000,0.000000,5.403684,3.667368,0.000000
20260129:1810,0.000000,0.000000,0.000000,0.000000,4.872105,3.748947,0.000000
20260129:1910,0.000000,0.000000,0.000000,0.000000,4.566842,3.668947,0.000000
20260129:2010,0.000000,0.000000,0.000000,0.000000,4.281579,3.793158,0.000000
20260129:2110,0.000000,0.000000,0.000000,0.000000,4.010526,3.727895,0.000000
20260129:2210,0.000000,0.000000,0.000000,0.000000,3.677895,3.538421,0.000000
20260129:2310,0.000000,0.000000,0.000000,0.000000,3.376842,3.484211,0.000000
20260130:0010,0.000000,0.000000,0.000000,0.000000,3.212632,3.481579,0.000000
20260130:0110,0.000000,0.000000,0.000000,0.000000,3.185789,3.466316,0.000000
20260130:0210,0.000000,0.000000,0.000000,0.000000,3.190000,3.430000,0.000000
20260130:0310,0.000000,0.000000,0.000000,0.000000,3.170526,3.534737,0.000000
20260130:0410,0.000000,0.000000,0.000000,0.000000,3.171053,3.637368,0.000000
20260130:0510,0.000000,0.000000,0.000000,0.000000,3.246316,3.666842,0.000000
20260130:0610,0.000000,0.000000,0.000000,0.000000,3.314211,3.681053,0.000000
20260130:0710,0.000000,0.000000,0.000000,0.000000,3.305789,3.592632,0.000000
20260130:0810,12.789474,30.526316,0.000000,5.910000,3.398421,3.618947,0.000000
20260130:0910,35.686316,72.000000,0.000000,13.320000,3.992632,3.655263,0.000000
20260130:1010,65.739474,89.210526,0.000000,19.060000,4.803158,3.829474,0.000000
20260130:1110,85.371579,104.000000,0.000000,22.650000,5.526842,3.876316,0.000000
20260130:1210,66.528421,114.263158,0.000000,23.680000,6.102105,3.880526,0.000000
20260130:1310,59.370526,115.210526,0.000000,22.050000,6.553684,3.903158,0.000000
20260130:1410,51.055263,95.736842,0.000000,17.950000,6.832105,3.778947,0.000000
20260130:1510,31.107368,54.368421,0.000000,11.790000,6.797895,3.444211,0.000000
20260130:1610,2.894737,16.204737,0.000000,4.070000,6.351579,3.206316,0.000000
20260130:1710,0.000000,0.000000,0.000000,0.000000,5.477895,3.117368,0.000000
20260130:1810,0.000000,0.000000,0.000000,0.000000,4.781579,3.063158,0.000000
20260130:1910,0.000000,0.000000,0.000000,0.000000,4.386316,2.954211,0.000000
20260130:2010,0.000000,0.000000,0.000000,0.000000,3.996842,2.944211,0.000000
20260130:2110,0.000000,0.000000,0.000000,0.000000,3.665789,2.918421,0.000000
20260130:2210,0.000000,0.000000,0.000000,0.000000,3.417895,2.870000,0.000000
20260130:2310,0.000000,0.000000,0.000000,0.000000,3.174737,2.845263,0.000000
20260131:0010,0.000000,0.000000,0.000000,0.000000,2.944737,2.776842,0.000000
20260131:0110,0.000000,0.000000,0.000000,0.000000,2.766316,2.726316,0.000000
20260131:0210,0.000000,0.000000,0.000000,0.000000,2.704211,2.668421,0.000000
20260131:0310,0.000000,0.000000,0.000000,0.000000,2.636842,2.642632,0.000000
20260131:0410,0.000000,0.000000,0.000000,0.000000,2.524211,2.668421,0.000000
20260131:0510,0.000000,0.000000,0.000000,0.000000,2.453684,2.720526,0.000000
20260131:0610,0.000000,0.000000,0.000000,0.000000,2.329474,2.783684,0.000000
20260131:0710,0.000000,0.000000,0.000000,0.000000,2.459474,2.831579,0.000000
20260131:0810,13.473684,34.157895,0.000000,6.110000,2.540526,2.969474,0.000000
20260131:0910,43.476316,73.578947,0.000000,13.540000,3.350000,3.245263,0.000000
20260131:1010,86.372105,107.105263,0.000000,19.310000,4.349474,3.676316,0.000000
20260131:1110,123.477895,129.947368,0.000000,22.910000,5.266316,4.072105,0.000000
20260131:1210,103.055789,125.315789,0.000000,23.960000,6.051579,4.373158,0.000000
20260131:1310,87.897895,112.473684,0.000000,22.330000,6.619474,4.556316,0.000000
20260131:1410,71.476316,97.210526,0.000000,18.220000,6.967368,4.552105,0.000000
20260131:1510,39.002632,63.578947,0.000000,12.050000,6.983158,4.370000,0.000000
20260131:1610,3.421053,17.721579,0.000000,4.320000,6.599474,4.108421,0.000000
20260131:1710,0.000000,0.000000,0.000000,0.000000,5.877895,4.090526,0.000000
20260131:1810,0.000000,0.000000,0.000000,0.000000,5.345789,4.095263,0.000000
20260131:1910,0.000000,0.000000,0.000000,0.000000,5.104211,4.033158,0.000000
20260131:2010,0.000000,0.000000,0.000000,0.000000,4.914211,4.027895,0.000000
20260131:2110,0.000000,0.000000,0.000000,0.000000,4.741053,4.042632,0.000000
20260131:2210,0.000000,0.000000,0.000000,0.000000,4.663684,4.040526,0.000000
20260131:2310,0.000000,0.000000,0.000000,0.000000,4.476842,4.029474,0.000000
20260201:0010,0.000000,0.000000,0.000000,0.000000,4.347368,4.043158,0.000000
20260201:0110,0.000000,0.000000,0.000000,0.000000,4.246316,4.028421,0.000000
20260201:0210,0.000000,0.000000,0.000000,0.000000,4.168947,3.966842,0.000000
20260201:0310,0.000000,0.000000,0.000000,0.000000,4.140000,3.897895,0.000000
20260201:0410,0.000000,0.000000,0.000000,0.000000,4.090526,3.898421,0.000000
20260201:0510,0.000000,0.000000,0.000000,0.000000,4.144737,3.966842,0.000000
20260201:0610,0.000000,0.000000,0.000000,0.000000,4.120526,4.083684,0.000000
20260201:0710,0.000000,0.000000,0.000000,0.000000,4.087368,3.960000,0.000000
20260201:0810,14.210526,31.947368,0.000000,6.320000,4.125263,3.752632,0.000000
20260201:0910,25.422632,72.789474,0.000000,13.054737,4.583158,3.618947,0.000000
20260201:1010,54.317895,113.526316,0.000000,19.560000,5.213684,3.880526,0.000000
20260201:1110,75.370526,129.210526,0.000000,23.180000,5.883684,4.105263,0.000000
20260201:1210,89.265263,119.157895,0.000000,24.240000,6.438421,4.222105,0.000000
20260201:1310,86.161053,110.000000,0.000000,22.620000,6.854737,4.283684,0.000000
20260201:1410,60.686842,96.210526,0.000000,18.500000,7.112632,4.183684,0.000000
20260201:1510,24.001053,73.473684,0.000000,12.310000,6.995789,4.024737,0.000000
20260201:1610,6.000000,21.622632,0.000000,4.329474,6.617368,3.715789,0.000000
20260201:1710,0.000000,0.000000,0.000000,0.000000,5.885263,3.636316,0.000000
20260201:1810,0.000000,0.000000,0.000000,0.000000,5.236842,3.608421,0.000000
20260201:1910,0.000000,0.000000,0.000000,0.000000,4.733158,3.503158,0.000000
20260201:2010,0.000000,0.000000,0.000000,0.000000,4.432105,3.368947,0.000000
20260201:2110,0.000000,0.000000,0.000000,0.000000,4.221579,3.281579,0.000000
20260201:2210,0.000000,0.000000,0.000000,0.000000,4.018421,3.208947,0.000000
20260201:2310,0.000000,0.000000,0.000000,0.000000,3.872632,3.216316,0.000000
20260202:0010,0.000000,0.000000,0.000000,0.000000,3.778421,3.218947,0.000000
20260202:0110,0.000000,0.000000,0.000000,0.000000,3.690000,3.205263,0.000000
20260202:0210,0.000000,0.000000,0.000000,0.000000,3.641053,3.194737,0.000000
20260202:0310,0.000000,0.000000,0.000000,0.000000,3.561579,3.244737,0.000000
20260202:0410,0.000000,0.000000,0.000000,0.000000,3.501579,3.300000,0.000000
20260202:0510,0.000000,0.000000,0.000000,0.000000,3.480526,3.340526,0.000000
20260202:0610,0.000000,0.000000,0.000000,0.000000,3.524737,3.368421,0.000000
20260202:0710,0.000000,0.000000,0.000000,0.000000,3.457368,3.412105,0.000000
20260202:0810,12.631579,34.473684,0.000000,6.540000,3.641579,3.553158,0.000000
20260202:0910,38.265789,69.789474,0.000000,14.010000,4.396842,3.663158,0.000000
20260202:1010,67.740000,96.631579,0.000000,19.820000,5.354737,4.134737,0.000000
20260202:1110,69.212632,119.473684,0.000000,22.225263,6.134211,4.442105,0.000000
20260202:1210,59.580526,121.368421,0.000000,24.530000,6.807368,4.614211,0.000000
20260202:1310,63.738947,120.315789,0.000000,22.910000,7.206316,4.616842,0.000000
20260202:1410,23.790526,91.789474,0.000000,17.791579,7.333684,4.693684,0.000000
20260202:1510,28.843684,70.000000,0.000000,12.580000,7.143684,4.487368,0.000000
20260202:1610,6.631579,22.968421,0.000000,4.830000,6.667368,4.032632,0.000000
20260202:1710,0.000000,0.000000,0.000000,0.000000,5.951579,3.782105,0.000000
20260202:1810,0.000000,0.000000,0.000000,0.000000,5.298947,3.669474,0.000000
20260202:1910,0.000000,0.000000,0.000000,0.000000,4.874211,3.636842,0.000000
20260202:2010,0.000000,0.000000,0.000000,0.000000,4.416842,3.633684,0.000000
20260202:2110,0.000000,0.000000,0.000000,0.000000,4.110000,3.601579,0.000000
20260202:2210,0.000000,0.000000,0.000000,0.000000,3.791053,3.542632,0.000000
20260202:2310,0.000000,0.000000,0.000000,0.000000,3.540526,3.502632,0.000000
20260203:0010,0.000000,0.000000,0.000000,0.000000,3.333158,3.491579,0.000000
20260203:0110,0.000000,0.000000,0.000000,0.000000,3.196316,3.528421,0.000000
20260203:0210,0.000000,0.000000,0.000000,0.000000,3.060000,3.498947,0.000000
20260203:0310,0.000000,0.000000,0.000000,0.000000,2.934737,3.502105,0.000000
20260203:0410,0.000000,0.000000,0.000000,0.000000,2.811053,3.532105,0.000000
20260203:0510,0.000000,0.000000,0.000000,0.000000,2.683158,3.534211,0.000000
20260203:0610,0.000000,0.000000,0.000000,0.000000,2.521579,3.548947,0.000000
20260203:0710,0.000000,0.000000,0.000000,0.000000,2.461053,3.534211,0.000000
20260203:0810,23.052632,36.684211,0.000000,6.760000,2.524737,3.455263,0.000000
20260203:0910,69.372632,79.789474,0.000000,14.260000,3.297895,3.578421,0.000000
20260203:1010,112.110000,112.789474,0.000000,20.080000,4.335263,3.978947,0.000000
20260203:1110,133.425789,138.473684,0.000000,23.740000,5.332632,4.308421,0.000000
20260203:1210,106.476842,145.421053,0.000000,24.830000,6.153158,4.489474,0.000000
20260203:1310,105.687895,116.789474,0.000000,23.200000,6.576316,4.417895,0.000000
20260203:1410,82.583158,94.684211,0.000000,19.060000,6.666842,4.261053,0.000000
20260203:1510,33.370526,71.421053,0.000000,12.850000,6.608421,4.188947,0.000000
20260203:1610,11.947368,21.634737,0.000000,5.080000,6.281053,3.836842,0.000000
20260203:1710,0.000000,0.000000,0.000000,0.000000,5.531579,3.753158,0.000000
20260203:1810,0.000000,0.000000,0.000000,0.000000,4.954211,3.821579,0.000000
20260203:1910,0.000000,0.000000,0.000000,0.000000,4.466842,3.857895,0.000000
20260203:2010,0.000000,0.000000,0.000000,0.000000,4.172632,3.743158,0.000000
20260203:2110,0.000000,0.000000,0.000000,0.000000,3.888421,3.579474,0.000000
20260203:2210,0.000000,0.000000,0.000000,0.000000,3.563684,3.524737,0.000000
20260203:2310,0.000000,0.000000,0.000000,0.000000,3.371579,3.476842,0.000000
20260204:0010,0.000000,0.000000,0.000000,0.000000,3.366316,3.535263,0.000000
20260204:0110,0.000000,0.000000,0.000000,0.000000,3.338421,3.588947,0.000000
20260204:0210,0.000000,0.000000,0.000000,0.000000,3.272105,3.563158,0.000000
20260204:0310,0.000000,0.000000,0.000000,0.000000,3.074737,3.492632,0.000000
20260204:0410,0.000000,0.000000,0.000000,0.000000,2.906842,3.503684,0.000000
20260204:0510,0.000000,0.000000,0.000000,0.000000,2.740526,3.556842,0.000000
20260204:0610,0.000000,0.000000,0.000000,0.000000,2.611579,3.597368,0.000000
20260204:0710,0.000000,0.000000,0.000000,0.000000,2.805789,3.492632,0.000000
20260204:0810,18.894737,39.842105,0.000000,6.990000,2.976316,3.516842,0.000000
20260204:0910,34.159474,86.842105,0.000000,14.500000,3.717368,3.737895,0.000000
20260204:1010,49.212105,111.263158,0.000000,20.350000,4.708421,4.202632,0.000000
20260204:1110,72.003158,127.157895,0.000000,24.030000,5.614737,4.387895,0.000000
20260204:1210,75.791579,134.578947,0.000000,25.120000,6.373158,4.685789,0.000000
20260204:1310,86.528947,133.052632,0.000000,23.500000,6.845263,4.786842,0.000000
20260204:1410,75.582105,114.947368,0.000000,19.350000,7.080526,4.722632,0.000000
20260204:1510,41.739474,76.736842,0.000000,13.130000,7.045789,4.621579,0.000000
20260204:1610,17.263158,25.091053,0.000000,5.340000,6.608947,4.084737,0.000000
20260204:1710,0.000000,0.000000,0.000000,0.000000,5.723158,3.767895,0.000000
20260204:1810,0.000000,0.000000,0.000000,0.000000,5.011053,3.570526,0.000000
20260204:1910,0.000000,0.000000,0.000000,0.000000,4.576842,3.430000,0.000000
20260204:2010,0.000000,0.000000,0.000000,0.000000,4.200000,3.439474,0.000000
20260204:2110,0.000000,0.000000,0.000000,0.000000,3.916842,3.503158,0.000000
20260204:2210,0.000000,0.000000,0.000000,0.000000,3.762105,3.563684,0.000000
20260204:2310,0.000000,0.000000,0.000000,0.000000,3.687368,3.610000,0.000000
20260205:0010,0.000000,0.000000,0.000000,0.000000,3.676842,3.530526,0.000000
20260205:0110,0.000000,0.000000,0.000000,0.000000,3.668947,3.590000,0.000000
20260205:0210,0.000000,0.000000,0.000000,0.000000,3.570000,3.798421,0.000000
20260205:0310,0.000000,0.000000,0.000000,0.000000,3.570000,3.917368,0.000000
20260205:0410,0.000000,0.000000,0.000000,0.000000,3.522105,3.920526,0.000000
20260205:0510,0.000000,0.000000,0.000000,0.000000,3.521579,3.859474,0.000000
20260205:0610,0.000000,0.000000,0.000000,0.000000,3.475789,3.868947,0.000000
20260205:0710,0.000000,0.000000,0.000000,0.000000,3.577895,3.713158,0.000000
20260205:0810,15.526316,37.684211,0.000000,7.220000,3.630526,3.662105,0.000000
20260205:0910,34.948947,84.157895,0.000000,14.760000,4.300526,3.719474,0.000000
20260205:1010,42.422105,112.526316,0.000000,20.630000,5.218421,4.156316,0.000000
20260205:1110,91.581579,132.894737,0.000000,24.320000,5.995789,4.454737,0.000000
20260205:1210,88.845263,137.842105,0.000000,25.420000,6.725263,4.737368,0.000000
20260205:1310,89.530000,137.263158,0.000000,23.800000,7.220526,4.610000,0.000000
20260205:1410,73.950000,101.526316,0.000000,19.640000,7.347895,4.355263,0.000000
20260205:1510,40.844737,69.210526,0.000000,13.400000,7.304737,4.004211,0.000000
20260205:1610,14.210526,27.462632,0.000000,5.600000,6.913158,3.482105,0.000000
20260205:1710,0.000000,0.000000,0.000000,0.000000,6.245263,3.404737,0.000000
20260205:1810,0.000000,0.000000,0.000000,0.000000,5.693684,3.498421,0.000000
20260205:1910,0.000000,0.000000,0.000000,0.000000,4.987368,3.551579,0.000000
20260205:2010,0.000000,0.000000,0.000000,0.000000,4.615263,3.635263,0.000000
20260205:2110,0.000000,0.000000,0.000000,0.000000,4.286316,3.721579,0.000000
20260205:2210,0.000000,0.000000,0.000000,0.000000,4.063684,3.803684,0.000000
20260205:2310,0.000000,0.000000,0.000000,0.000000,3.873684,3.873158,0.000000
20260206:0010,0.000000,0.000000,0.000000,0.000000,3.678421,3.952632,0.000000
20260206:0110,0.000000,0.000000,0.000000,0.000000,3.549474,3.949474,0.000000
20260206:0210,0.000000,0.000000,0.000000,0.000000,3.445789,3.945789,0.000000
20260206:0310,0.000000,0.000000,0.000000,0.000000,3.340526,3.873684,0.000000
20260206:0410,0.000000,0.000000,0.000000,0.000000,3.276316,3.763684,0.000000
20260206:0510,0.000000,0.000000,0.000000,0.000000,3.213684,3.675789,0.000000
20260206:0610,0.000000,0.000000,0.000000,0.000000,3.140526,3.560526,0.000000
20260206:0710,0.000000,0.000000,0.000000,0.000000,3.180526,3.524211,0.000000
20260206:0810,19.947895,35.421053,0.000000,7.460000,3.273684,3.451579,0.000000
20260206:0910,41.528421,78.368421,0.000000,15.010000,4.114737,3.499474,0.000000
20260206:1010,83.634737,114.684211,0.000000,20.910000,5.107368,3.875789,0.000000
20260206:1110,111.477368,124.842105,0.000000,24.620000,6.041053,4.061053,0.000000
20260206:1210,120.214737,129.421053,0.000000,25.730000,6.704737,4.176842,0.000000
20260206:1310,79.213158,145.421053,0.000000,24.100000,7.257368,4.347895,0.000000
20260206:1410,72.634737,101.473684,0.000000,19.930000,7.524737,4.311579,0.000000
20260206:1510,44.580000,82.947368,0.000000,13.680000,7.520526,4.098421,0.000000
20260206:1610,14.316316,29.368421,0.000000,5.870000,7.161579,3.714211,0.000000
20260206:1710,0.000000,0.000000,0.000000,0.000000,6.275789,3.580000,0.000000
20260206:1810,0.000000,0.000000,0.000000,0.000000,5.556316,3.582632,0.000000
20260206:1910,0.000000,0.000000,0.000000,0.000000,5.184211,3.645263,0.000000
20260206:2010,0.000000,0.000000,0.000000,0.000000,4.854211,3.774737,0.000000
20260206:2110,0.000000,0.000000,0.000000,0.000000,4.571053,3.806842,0.000000
20260206:2210,0.000000,0.000000,0.000000,0.000000,4.248947,3.844211,0.000000
20260206:2310,0.000000,0.000000,0.000000,0.000000,3.834211,3.859474,0.000000
20260207:0010,0.000000,0.000000,0.000000,0.000000,3.515789,3.800526,0.000000
20260207:0110,0.000000,0.000000,0.000000,0.000000,3.245263,3.820000,0.000000
20260207:0210,0.000000,0.000000,0.000000,0.000000,2.990000,3.840526,0.000000
20260207:0310,0.000000,0.000000,0.000000,0.000000,2.725263,3.801053,0.000000
20260207:0410,0.000000,0.000000,0.000000,0.000000,2.440000,3.873684,0.000000
20260207:0510,0.000000,0.000000,0.000000,0.000000,2.280000,3.843684,0.000000
20260207:0610,0.000000,0.000000,0.000000,0.000000,2.083158,3.713158,0.000000
20260207:0710,0.000000,0.000000,0.000000,0.000000,1.837368,3.535789,0.000000
20260207:0810,27.895263,41.526316,0.000000,7.700000,1.841579,3.412105,0.000000
20260207:0910,81.688947,78.210526,0.000000,15.280000,2.708947,3.397368,0.000000
20260207:1010,140.636842,92.263158,0.000000,21.190000,3.744211,4.058947,0.000000
20260207:1110,166.689474,99.736842,0.000000,24.920000,4.730526,4.255263,0.000000
20260207:1210,182.532105,100.368421,0.000000,26.040000,5.508421,4.335263,0.000000
20260207:1310,155.794211,106.578947,0.000000,24.410000,6.086842,4.304211,0.000000
20260207:1410,112.109474,96.157895,0.000000,20.230000,6.401053,4.271579,0.000000
20260207:1510,87.267895,71.052632,0.000000,13.960000,6.363158,4.051579,0.000000
20260207:1610,24.737368,34.000000,0.000000,6.130000,5.902105,3.527895,0.000000
20260207:1710,0.000000,0.000000,0.000000,0.000000,4.915263,3.212105,0.000000
20260207:1810,0.000000,0.000000,0.000000,0.000000,4.023684,3.171579,0.000000
20260207:1910,0.000000,0.000000,0.000000,0.000000,3.473158,3.212632,0.000000
20260207:2010,0.000000,0.000000,0.000000,0.000000,3.059474,3.221053,0.000000
20260207:2110,0.000000,0.000000,0.000000,0.000000,2.666316,3.263158,0.000000
20260207:2210,0.000000,0.000000,0.000000,0.000000,2.404211,3.346842,0.000000
20260207:2310,0.000000,0.000000,0.000000,0.000000,2.324211,3.411579,0.000000
20260208:0010,0.000000,0.000000,0.000000,0.000000,2.275789,3.479474,0.000000
20260208:0110,0.000000,0.000000,0.000000,0.000000,2.249474,3.502105,0.000000
20260208:0210,0.000000,0.000000,0.000000,0.000000,2.265789,3.491053,0.000000
20260208:0310,0.000000,0.000000,0.000000,0.000000,2.238947,3.546842,0.000000
20260208:0410,0.000000,0.000000,0.000000,0.000000,2.200000,3.618947,0.000000
20260208:0510,0.000000,0.000000,0.000000,0.000000,2.164211,3.687368,0.000000
20260208:0610,0.000000,0.000000,0.000000,0.000000,2.143158,3.724211,0.000000
20260208:0710,0.000000,0.000000,0.000000,0.000000,2.279474,3.692105,0.000000
20260208:0810,17.158421,44.105263,0.000000,7.950000,2.581053,3.608947,0.000000
20260208:0910,53.318421,83.210526,0.000000,15.550000,3.383684,3.737895,0.000000
20260208:1010,79.317895,121.421053,0.000000,21.480000,4.302105,3.992105,0.000000
20260208:1110,109.319474,132.421053,0.000000,25.230000,5.307368,4.152105,0.000000
20260208:1210,93.476316,146.894737,0.000000,26.360000,6.111579,4.145263,0.000000
20260208:1310,98.897895,115.157895,0.000000,24.720000,6.658947,4.192105,0.000000
20260208:1410,88.318947,111.842105,0.000000,20.530000,6.959474,4.155789,0.000000
20260208:1510,58.792632,79.157895,0.000000,14.240000,6.794737,4.037368,0.000000
20260208:1610,18.368947,34.526316,0.000000,6.400000,6.329474,3.672632,0.000000
20260208:1710,0.000000,0.000000,0.000000,0.000000,5.324737,3.614737,0.000000
20260208:1810,0.000000,0.000000,0.000000,0.000000,4.428947,3.600526,0.000000
20260208:1910,0.000000,0.000000,0.000000,0.000000,3.766316,3.412105,0.000000
20260208:2010,0.000000,0.000000,0.000000,0.000000,3.141053,3.441053,0.000000
20260208:2110,0.000000,0.000000,0.000000,0.000000,2.653684,3.481053,0.000000
20260208:2210,0.000000,0.000000,0.000000,0.000000,2.284737,3.482105,0.000000
20260208:2310,0.000000,0.000000,0.000000,0.000000,1.946842,3.409474,0.000000
20260209:0010,0.000000,0.000000,0.000000,0.000000,1.787895,3.345789,0.000000
20260209:0110,0.000000,0.000000,0.000000,0.000000,1.610526,3.288947,0.000000
20260209:0210,0.000000,0.000000,0.000000,0.000000,1.462105,3.196316,0.000000
20260209:0310,0.000000,0.000000,0.000000,0.000000,1.314737,3.131579,0.000000
20260209:0410,0.000000,0.000000,0.000000,0.000000,1.228421,3.099474,0.000000
20260209:0510,0.000000,0.000000,0.000000,0.000000,1.205789,3.125263,0.000000
20260209:0610,0.000000,0.000000,0.000000,0.000000,1.127895,3.157368,0.000000
20260209:0710,0.000000,0.000000,0.000000,0.000000,0.979474,3.364737,0.000000
20260209:0810,25.210526,42.263158,0.000000,8.210000,1.271053,3.451579,0.000000
20260209:0910,73.477368,79.947368,0.000000,15.820000,2.730526,3.586842,0.000000
20260209:1010,114.846316,109.000000,0.000000,21.780000,4.013684,4.068421,0.000000
20260209:1110,111.476842,125.578947,0.000000,25.540000,5.056316,4.213684,0.000000
20260209:1210,111.528947,131.421053,0.000000,26.680000,5.819474,4.149474,0.000000
20260209:1310,114.108947,125.947368,0.000000,25.040000,6.274211,4.193684,0.000000
20260209:1410,80.740000,104.842105,0.000000,20.830000,6.525789,4.266316,0.000000
20260209:1510,54.845263,75.052632,0.000000,14.530000,6.538421,3.996842,0.000000
20260209:1610,16.789474,37.368421,0.000000,6.660000,6.213684,3.790000,0.000000
20260209:1710,0.000000,0.000000,0.000000,0.000000,5.343684,3.767895,0.000000
20260209:1810,0.000000,0.000000,0.000000,0.000000,4.372105,3.797368,0.000000
20260209:1910,0.000000,0.000000,0.000000,0.000000,3.766842,3.897895,0.000000
20260209:2010,0.000000,0.000000,0.000000,0.000000,3.388947,3.960526,0.000000
20260209:2110,0.000000,0.000000,0.000000,0.000000,3.116316,3.981579,0.000000
20260209:2210,0.000000,0.000000,0.000000,0.000000,2.967895,4.079474,0.000000
20260209:2310,0.000000,0.000000,0.000000,0.000000,2.838421,4.155263,0.000000
20260210:0010,0.000000,0.000000,0.000000,0.000000,2.703684,4.205789,0.000000
20260210:0110,0.000000,0.000000,0.000000,0.000000,2.494737,4.202105,0.000000
20260210:0210,0.000000,0.000000,0.000000,0.000000,2.291579,4.181579,0.000000
20260210:0310,0.000000,0.000000,0.000000,0.000000,2.119474,4.156316,0.000000
20260210:0410,0.000000,0.000000,0.000000,0.000000,1.998947,4.182105,0.000000
20260210:0510,0.000000,0.000000,0.000000,0.000000,1.761053,4.265263,0.000000
20260210:0610,0.000000,0.000000,0.000000,0.000000,1.548421,4.267895,0.000000
20260210:0710,0.000000,0.000000,0.000000,0.000000,1.617895,4.154211,0.000000
20260210:0810,26.315789,45.842105,0.000000,8.460000,1.893684,4.021579,0.000000
20260210:0910,61.476316,84.473684,0.000000,16.100000,2.708947,3.822632,0.000000
20260210:1010,97.740526,113.473684,0.000000,22.080000,3.737368,4.171053,0.000000
20260210:1110,123.898421,138.210526,0.000000,25.860000,4.795789,4.537368,0.000000
20260210:1210,131.214211,159.473684,0.000000,27.000000,5.615789,4.587368,0.000000
20260210:1310,120.898947,155.052632,0.000000,25.360000,6.081579,4.758947,0.000000
20260210:1410,81.160000,123.368421,0.000000,21.140000,6.227368,4.756316,0.000000
20260210:1510,58.844211,83.947368,0.000000,14.820000,6.191579,4.671579,0.000000
20260210:1610,25.736842,39.263158,0.000000,6.930000,5.769474,4.312632,0.000000
20260210:1710,0.000000,0.000000,0.000000,0.000000,4.982632,4.067368,0.000000
20260210:1810,0.000000,0.000000,0.000000,0.000000,4.283158,4.047368,0.000000
20260210:1910,0.000000,0.000000,0.000000,0.000000,3.979474,4.181053,0.000000
20260210:2010,0.000000,0.000000,0.000000,0.000000,3.674211,4.123684,0.000000
20260210:2110,0.000000,0.000000,0.000000,0.000000,3.353684,4.069474,0.000000
20260210:2210,0.000000,0.000000,0.000000,0.000000,3.035263,3.923684,0.000000
20260210:2310,0.000000,0.000000,0.000000,0.000000,2.801579,3.854211,0.000000
20260211:0010,0.000000,0.000000,0.000000,0.000000,2.596316,3.767368,0.000000
20260211:0110,0.000000,0.000000,0.000000,0.000000,2.337368,3.684737,0.000000
20260211:0210,0.000000,0.000000,0.000000,0.000000,2.117895,3.660000,0.000000
20260211:0310,0.000000,0.000000,0.000000,0.000000,1.942632,3.690526,0.000000
20260211:0410,0.000000,0.000000,0.000000,0.000000,1.735789,3.731053,0.000000
20260211:0510,0.000000,0.000000,0.000000,0.000000,1.564737,3.697895,0.000000
20260211:0610,0.000000,0.000000,0.000000,0.000000,1.335263,3.583158,0.000000
20260211:0710,0.000000,0.000000,0.000000,0.000000,1.265789,3.451579,0.000000
20260211:0810,46.737368,49.473684,0.000000,8.730000,1.515263,3.295263,0.000000
20260211:0910,111.215263,95.789474,0.000000,16.380000,2.636316,3.466316,0.000000
20260211:1010,167.847895,117.368421,0.000000,22.380000,3.884211,3.680526,0.000000
20260211:1110,184.163158,140.578947,0.000000,26.180000,5.004737,3.909474,0.000000
20260211:1210,152.635789,147.421053,0.000000,27.330000,5.961579,4.025789,0.000000
20260211:1310,137.530526,143.105263,0.000000,25.680000,6.617895,4.236316,0.000000
20260211:1410,102.108947,117.263158,0.000000,21.440000,6.890000,4.136842,0.000000
20260211:1510,74.635789,82.000000,0.000000,15.100000,6.837368,3.800526,0.000000
20260211:1610,25.210526,36.368421,0.000000,7.200000,6.359474,3.317368,0.000000
20260211:1710,0.000000,0.000000,0.000000,0.000000,5.372632,3.161053,0.000000
20260211:1810,0.000000,0.000000,0.000000,0.000000,4.448947,3.128947,0.000000
20260211:1910,0.000000,0.000000,0.000000,0.000000,3.623158,3.273684,0.000000
20260211:2010,0.000000,0.000000,0.000000,0.000000,3.118421,3.223158,0.000000
20260211:2110,0.000000,0.000000,0.000000,0.000000,2.641053,3.194737,0.000000
20260211:2210,0.000000,0.000000,0.000000,0.000000,2.166842,3.154211,0.000000
20260211:2310,0.000000,0.000000,0.000000,0.000000,1.785263,3.104211,0.000000
20260212:0010,0.000000,0.000000,0.000000,0.000000,1.504211,3.093684,0.000000
20260212:0110,0.000000,0.000000,0.000000,0.000000,1.384737,3.103684,0.000000
20260212:0210,0.000000,0.000000,0.000000,0.000000,1.091579,3.010000,0.000000
20260212:0310,0.000000,0.000000,0.000000,0.000000,1.011579,2.964737,0.000000
20260212:0410,0.000000,0.000000,0.000000,0.000000,0.832105,3.180000,0.000000
20260212:0510,0.000000,0.000000,0.000000,0.000000,0.682632,3.201579,0.000000
20260212:0610,0.000000,0.000000,0.000000,0.000000,0.652105,3.245263,0.000000
20260212:0710,0.000000,0.000000,0.000000,0.000000,0.647895,3.287895,0.000000
20260212:0810,27.684737,48.263158,0.000000,8.526316,0.910000,3.276842,0.000000
20260212:0910,58.686842,86.368421,0.000000,15.792632,2.042105,3.460526,0.000000
20260212:1010,96.529474,111.842105,0.000000,21.495789,3.268947,3.886842,0.000000
20260212:1110,110.528947,133.894737,0.000000,25.105263,4.430526,4.022105,0.000000
20260212:1210,120.056316,149.947368,0.000000,27.660000,5.441053,4.127895,0.000000
20260212:1310,128.636316,147.578947,0.000000,26.000000,6.152105,4.239474,0.000000
20260212:1410,77.528421,126.631579,0.000000,21.750000,6.564211,4.090526,0.000000
20260212:1510,60.528421,98.105263,0.000000,15.390000,6.538421,3.885789,0.000000
20260212:1610,22.526316,44.105263,0.000000,7.480000,6.087368,3.447895,0.000000
20260212:1710,0.000000,0.000000,0.000000,0.000000,5.068947,3.422632,0.000000
20260212:1810,0.000000,0.000000,0.000000,0.000000,4.068421,3.446842,0.000000
20260212:1910,0.000000,0.000000,0.000000,0.000000,3.632105,3.491579,0.000000
20260212:2010,0.000000,0.000000,0.000000,0.000000,3.175263,3.516842,0.000000
20260212:2110,0.000000,0.000000,0.000000,0.000000,2.734211,3.469474,0.000000
20260212:2210,0.000000,0.000000,0.000000,0.000000,2.463684,3.357368,0.000000
20260212:2310,0.000000,0.000000,0.000000,0.000000,2.205789,3.255263,0.000000
20260213:0010,0.000000,0.000000,0.000000,0.000000,1.969474,3.190000,0.000000
20260213:0110,0.000000,0.000000,0.000000,0.000000,1.772632,3.222632,0.000000
20260213:0210,0.000000,0.000000,0.000000,0.000000,1.586842,3.204737,0.000000
20260213:0310,0.000000,0.000000,0.000000,0.000000,1.501053,3.172632,0.000000
20260213:0410,0.000000,0.000000,0.000000,0.000000,1.387895,3.276842,0.000000
20260213:0510,0.000000,0.000000,0.000000,0.000000,1.346842,3.441579,0.000000
20260213:0610,0.000000,0.000000,0.000000,0.000000,1.339474,3.585789,0.000000
20260213:0710,0.000000,0.000000,0.000000,0.000000,1.574737,3.843158,0.000000
20260213:0810,29.421053,51.210526,0.000000,9.270000,1.937368,3.912632,0.000000
20260213:0910,72.003684,97.894737,0.000000,16.970000,3.023684,4.006842,0.000000
20260213:1010,84.424737,118.421053,0.000000,23.010000,4.114211,4.254211,0.000000
20260213:1110,143.477895,129.210526,0.000000,26.830000,5.275263,4.337368,0.000000
20260213:1210,170.741579,125.894737,0.000000,27.990000,6.297895,4.354737,0.000000
20260213:1310,118.687368,132.684211,0.000000,26.330000,6.925789,4.544211,0.000000
20260213:1410,80.528947,110.947368,0.000000,20.908421,7.222632,4.690000,0.000000
20260213:1510,65.897895,89.789474,0.000000,15.690000,7.114211,4.602105,0.000000
20260213:1610,26.578947,45.157895,0.000000,7.750000,6.600526,4.294211,0.000000
20260213:1710,0.000000,0.000000,0.000000,0.000000,5.803684,4.272105,0.000000
20260213:1810,0.000000,0.000000,0.000000,0.000000,5.064211,4.180526,0.000000
20260213:1910,0.000000,0.000000,0.000000,0.000000,4.626316,4.007368,0.000000
20260213:2010,0.000000,0.000000,0.000000,0.000000,4.295789,3.948421,0.000000
20260213:2110,0.000000,0.000000,0.000000,0.000000,4.007368,3.956842,0.000000
20260213:2210,0.000000,0.000000,0.000000,0.000000,3.741579,3.923684,0.000000
20260213:2310,0.000000,0.000000,0.000000,0.000000,3.487368,3.811579,0.000000
20260214:0010,0.000000,0.000000,0.000000,0.000000,3.282632,3.738421,0.000000
20260214:0110,0.000000,0.000000,0.000000,0.000000,3.084737,3.654737,0.000000
20260214:0210,0.000000,0.000000,0.000000,0.000000,2.887368,3.562105,0.000000
20260214:0310,0.000000,0.000000,0.000000,0.000000,2.715789,3.524737,0.000000
20260214:0410,0.000000,0.000000,0.000000,0.000000,2.588947,3.506316,0.000000
20260214:0510,0.000000,0.000000,0.000000,0.000000,2.405263,3.394737,0.000000
20260214:0610,0.000000,0.000000,0.000000,0.000000,2.248947,3.408421,0.000000
20260214:0710,0.000000,0.000000,0.000000,0.000000,2.236842,3.255789,0.000000
20260214:0810,23.789474,52.842105,0.000000,9.550000,2.567368,3.266316,0.000000
20260214:0910,64.897895,92.210526,0.000000,17.260000,3.687895,3.444211,0.000000
20260214:1010,86.897895,106.210526,0.000000,23.320000,4.887895,3.908947,0.000000
20260214:1110,96.476316,143.473684,0.000000,27.170000,6.022632,4.014211,0.000000
20260214:1210,117.634737,150.736842,0.000000,28.330000,6.977368,3.923684,0.000000
20260214:1310,106.318947,146.368421,0.000000,26.660000,7.667368,3.770526,0.000000
20260214:1410,71.422632,123.526316,0.000000,22.380000,8.177368,3.789474,0.000000
20260214:1510,45.422632,86.526316,0.000000,15.980000,8.198947,3.863158,0.000000
20260214:1610,27.263684,48.000000,0.000000,8.020000,7.803158,3.541579,0.000000
20260214:1710,0.000000,0.000000,0.000000,-0.052105,6.880526,3.401579,0.000000
20260214:1810,0.000000,0.000000,0.000000,0.000000,6.018947,3.462105,0.000000
20260214:1910,0.000000,0.000000,0.000000,0.000000,5.385263,3.553158,0.000000
20260214:2010,0.000000,0.000000,0.000000,0.000000,4.834211,3.597368,0.000000
20260214:2110,0.000000,0.000000,0.000000,0.000000,4.357895,3.596842,0.000000
20260214:2210,0.000000,0.000000,0.000000,0.000000,3.938947,3.578947,0.000000
20260214:2310,0.000000,0.000000,0.000000,0.000000,3.602105,3.538947,0.000000
20260215:0010,0.000000,0.000000,0.000000,0.000000,3.322105,3.499474,0.000000
20260215:0110,0.000000,0.000000,0.000000,0.000000,3.135789,3.481053,0.000000
20260215:0210,0.000000,0.000000,0.000000,0.000000,2.992632,3.432632,0.000000
20260215:0310,0.000000,0.000000,0.000000,0.000000,2.907895,3.426842,0.000000
20260215:0410,0.000000,0.000000,0.000000,0.000000,2.886316,3.426842,0.000000
20260215:0510,0.000000,0.000000,0.000000,0.000000,2.858947,3.498421,0.000000
20260215:0610,0.000000,0.000000,0.000000,0.000000,2.797895,3.589474,0.000000
20260215:0710,0.000000,0.000000,0.000000,0.000000,2.926842,3.667368,0.000000
20260215:0810,41.421053,51.421053,0.000000,9.830000,3.402105,3.646316,0.000000
20260215:0910,82.686842,104.894737,0.000000,17.570000,4.706316,3.804737,0.000000
20260215:1010,120.898421,125.842105,0.000000,23.650000,6.004211,4.238947,0.000000
20260215:1110,182.057895,127.894737,0.000000,27.500000,7.134211,4.534211,0.000000
20260215:1210,167.951579,148.736842,0.000000,28.670000,8.048421,4.651053,0.000000
20260215:1310,139.530526,132.052632,0.000000,27.000000,8.695789,4.592632,0.000000
20260215:1410,105.530000,124.315789,0.000000,22.700000,8.994211,4.352105,0.000000
20260215:1510,55.685263,97.578947,0.000000,16.280000,9.010000,4.108421,0.000000
20260215:1610,24.263158,43.210526,0.000000,8.300000,8.562632,3.742105,0.000000
20260215:1710,0.000000,0.000000,0.000000,-0.038421,7.672632,3.663158,0.000000
20260215:1810,0.000000,0.000000,0.000000,0.000000,6.694211,3.680526,0.000000
20260215:1910,0.000000,0.000000,0.000000,0.000000,5.908421,3.586842,0.000000
20260215:2010,0.000000,0.000000,0.000000,0.000000,5.272632,3.641053,0.000000
20260215:2110,0.000000,0.000000,0.000000,0.000000,4.843158,3.691579,0.000000
20260215:2210,0.000000,0.000000,0.000000,0.000000,4.481579,3.710000,0.000000
20260215:2310,0.000000,0.000000,0.000000,0.000000,4.170000,3.600526,0.000000
20260216:0010,0.000000,0.000000,0.000000,0.000000,3.987368,3.536316,0.000000
20260216:0110,0.000000,0.000000,0.000000,0.000000,3.680000,3.507368,0.000000
20260216:0210,0.000000,0.000000,0.000000,0.000000,3.421579,3.419474,0.000000
20260216:0310,0.000000,0.000000,0.000000,0.000000,3.258421,3.339474,0.000000
20260216:0410,0.000000,0.000000,0.000000,0.000000,2.993158,3.277895,0.000000
20260216:0510,0.000000,0.000000,0.000000,0.000000,2.729474,3.295789,0.000000
20260216:0610,0.000000,0.000000,0.000000,0.000000,2.584737,3.281053,0.000000
20260216:0710,0.000000,0.000000,0.000000,0.000000,2.770000,3.277368,0.000000
20260216:0810,37.894737,57.578947,0.000000,10.120000,3.280526,3.178947,0.000000
20260216:0910,103.846316,105.473684,0.000000,17.870000,4.674211,3.402105,0.000000
20260216:1010,119.688421,128.526316,0.000000,23.970000,6.063158,3.543684,0.000000
20260216:1110,149.056316,154.368421,0.000000,27.850000,7.254211,3.676316,0.000000
20260216:1210,177.110000,150.842105,0.000000,29.020000,8.291579,3.935263,0.000000
20260216:1310,140.897895,149.315789,0.000000,25.891579,8.987368,4.047368,0.000000
20260216:1410,121.845789,135.736842,0.000000,23.010000,9.407895,4.004211,0.000000
20260216:1510,64.950000,83.736842,0.000000,15.697895,9.450526,3.877368,0.000000
20260216:1610,23.684211,48.421053,0.000000,8.570000,9.068421,3.642632,0.000000
20260216:1710,0.000000,0.000000,0.000000,-0.024737,8.032632,3.665789,0.000000
20260216:1810,0.000000,0.000000,0.000000,0.000000,6.988421,3.727895,0.000000
20260216:1910,0.000000,0.000000,0.000000,0.000000,6.358421,3.684737,0.000000
20260216:2010,0.000000,0.000000,0.000000,0.000000,5.746842,3.652105,0.000000
20260216:2110,0.000000,0.000000,0.000000,0.000000,5.224211,3.614737,0.000000
20260216:2210,0.000000,0.000000,0.000000,0.000000,4.748421,3.529474,0.000000
20260216:2310,0.000000,0.000000,0.000000,0.000000,4.362632,3.444737,0.000000
20260217:0010,0.000000,0.000000,0.000000,0.000000,4.118947,3.372105,0.000000
20260217:0110,0.000000,0.000000,0.000000,0.000000,3.963684,3.313684,0.000000
20260217:0210,0.000000,0.000000,0.000000,0.000000,3.790526,3.227368,0.000000
20260217:0310,0.000000,0.000000,0.000000,0.000000,3.688421,3.158947,0.000000
20260217:0410,0.000000,0.000000,0.000000,0.000000,3.593684,3.155789,0.000000
20260217:0510,0.000000,0.000000,0.000000,0.000000,3.536842,3.176316,0.000000
20260217:0610,0.000000,0.000000,0.000000,0.000000,3.465789,3.190000,0.000000
20260217:0710,0.000000,0.000000,0.000000,0.000000,3.661579,3.230000,0.000000
20260217:0810,33.316316,58.578947,0.000000,10.410000,4.073158,3.169474,0.000000
20260217:0910,79.792632,106.526316,0.000000,18.180000,5.054211,3.311053,0.000000
20260217:1010,111.319474,140.052632,0.000000,24.300000,6.260526,3.753158,0.000000
20260217:1110,115.950526,168.578947,0.000000,28.190000,7.317368,3.894211,0.000000
20260217:1210,130.003158,154.421053,0.000000,29.370000,8.288421,4.054211,0.000000
20260217:1310,154.583684,147.631579,0.000000,27.670000,9.033684,4.047368,0.000000
20260217:1410,126.951579,126.052632,0.000000,23.330000,9.322632,3.956316,0.000000
20260217:1510,93.425789,84.000000,0.000000,16.870000,9.259474,3.720526,0.000000
20260217:1610,35.315789,47.421053,0.000000,8.850000,8.858421,3.298947,0.000000
20260217:1710,0.000000,0.000000,0.000000,-0.010526,7.934211,3.176842,0.000000
20260217:1810,0.000000,0.000000,0.000000,0.000000,6.812632,3.067368,0.000000
20260217:1910,0.000000,0.000000,0.000000,0.000000,6.295789,2.816316,0.000000
20260217:2010,0.000000,0.000000,0.000000,0.000000,5.568947,2.787368,0.000000
20260217:2110,0.000000,0.000000,0.000000,0.000000,4.946842,2.740000,0.000000
20260217:2210,0.000000,0.000000,0.000000,0.000000,4.582105,2.617368,0.000000
20260217:2310,0.000000,0.000000,0.000000,0.000000,4.254211,2.585263,0.000000
20260218:0010,0.000000,0.000000,0.000000,0.000000,3.893158,2.625263,0.000000
20260218:0110,0.000000,0.000000,0.000000,0.000000,3.662632,2.565789,0.000000
20260218:0210,0.000000,0.000000,0.000000,0.000000,3.546842,2.555263,0.000000
20260218:0310,0.000000,0.000000,0.000000,0.000000,3.276842,2.660526,0.000000
20260218:0410,0.000000,0.000000,0.000000,0.000000,3.008947,2.751053,0.000000
20260218:0510,0.000000,0.000000,0.000000,0.000000,2.820000,2.850526,0.000000
20260218:0610,0.000000,0.000000,0.000000,0.000000,2.657895,2.882105,0.000000
20260218:0710,0.000000,3.736842,0.000000,1.695789,2.852105,2.940526,0.000000
20260218:0810,29.684211,62.473684,0.000000,10.700000,3.422105,2.860000,0.000000
20260218:0910,56.054737,107.105263,0.000000,18.500000,4.845789,3.233684,0.000000
20260218:1010,77.844211,132.789474,0.000000,24.640000,6.218421,3.537895,0.000000
20260218:1110,127.582632,142.157895,0.000000,28.540000,7.481579,3.731579,0.000000
20260218:1210,122.265789,149.210526,0.000000,29.720000,8.477368,3.880000,0.000000
20260218:1310,138.583158,130.421053,0.000000,28.010000,9.036842,3.854737,0.000000
20260218:1410,103.003158,128.315789,0.000000,23.660000,9.305789,3.738947,0.000000
20260218:1510,68.265789,89.578947,0.000000,17.170000,9.334737,3.607895,0.000000
20260218:1610,39.263158,44.368421,0.000000,9.130000,8.938947,3.347368,0.000000
20260218:1710,0.000000,0.315789,0.000000,0.003158,7.988947,3.129474,0.000000
20260218:1810,0.000000,0.000000,0.000000,0.000000,6.899474,3.165789,0.000000
20260218:1910,0.000000,0.000000,0.000000,0.000000,6.194737,3.176316,0.000000
20260218:2010,0.000000,0.000000,0.000000,0.000000,5.674737,3.263684,0.000000
20260218:2110,0.000000,0.000000,0.000000,0.000000,5.268421,3.303158,0.000000
20260218:2210,0.000000,0.000000,0.000000,0.000000,4.778947,3.267368,0.000000
20260218:2310,0.000000,0.000000,0.000000,0.000000,4.388947,3.295789,0.000000
20260219:0010,0.000000,0.000000,0.000000,0.000000,4.073158,3.264211,0.000000
20260219:0110,0.000000,0.000000,0.000000,0.000000,3.777895,3.096316,0.000000
20260219:0210,0.000000,0.000000,0.000000,0.000000,3.477895,2.983158,0.000000
20260219:0310,0.000000,0.000000,0.000000,0.000000,3.142632,2.838421,0.000000
20260219:0410,0.000000,0.000000,0.000000,0.000000,2.823684,2.769474,0.000000
20260219:0510,0.000000,0.000000,0.000000,0.000000,2.604737,2.737895,0.000000
20260219:0610,0.000000,0.000000,0.000000,0.000000,2.511053,2.660526,0.000000
20260219:0710,0.000000,4.947368,0.000000,1.961053,2.212632,2.637895,0.000000
20260219:0810,48.369474,61.421053,0.000000,11.000000,2.748947,2.486842,0.000000
20260219:0910,101.425263,105.315789,0.000000,18.820000,4.098421,2.642632,0.000000
20260219:1010,150.951579,126.842105,0.000000,24.980000,5.566316,3.045789,0.000000
20260219:1110,181.425789,153.736842,0.000000,28.890000,6.870526,3.248421,0.000000
20260219:1210,200.795263,164.789474,0.000000,30.080000,7.914211,3.389474,0.000000
20260219:1310,159.425263,145.789474,0.000000,28.360000,8.610526,3.546842,0.000000
20260219:1410,147.583684,118.684211,0.000000,23.980000,8.947895,3.543158,0.000000
20260219:1510,94.846316,99.421053,0.000000,17.470000,8.953158,3.301579,0.000000
20260219:1610,43.421053,56.263158,0.000000,9.410000,8.678421,2.849474,0.000000
20260219:1710,0.000000,0.736842,0.000000,0.016842,7.863158,2.667895,0.000000
20260219:1810,0.000000,0.000000,0.000000,0.000000,6.787895,2.744211,0.000000
20260219:1910,0.000000,0.000000,0.000000,0.000000,6.048421,2.722632,0.000000
20260219:2010,0.000000,0.000000,0.000000,0.000000,5.591053,2.831579,0.000000
20260219:2110,0.000000,0.000000,0.000000,0.000000,5.179474,2.827895,0.000000
20260219:2210,0.000000,0.000000,0.000000,0.000000,4.852105,2.808421,0.000000
20260219:2310,0.000000,0.000000,0.000000,0.000000,4.560000,2.792632,0.000000
20260220:0010,0.000000,0.000000,0.000000,0.000000,4.346842,2.763158,0.000000
20260220:0110,0.000000,0.000000,0.000000,0.000000,4.105263,2.806842,0.000000
20260220:0210,0.000000,0.000000,0.000000,0.000000,3.943684,2.859474,0.000000
20260220:0310,0.000000,0.000000,0.000000,0.000000,3.822105,2.910000,0.000000
20260220:0410,0.000000,0.000000,0.000000,0.000000,3.733158,2.915789,0.000000
20260220:0510,0.000000,0.000000,0.000000,0.000000,3.727368,2.950526,0.000000
20260220:0610,0.000000,0.000000,0.000000,0.000000,3.800000,2.946316,0.000000
20260220:0710,0.421053,5.612105,0.000000,2.235789,3.760526,3.075789,0.000000
20260220:0810,33.631579,65.000000,0.000000,11.310000,4.309474,2.979474,0.000000
20260220:0910,56.528421,102.421053,0.000000,19.140000,5.542632,3.343684,0.000000
20260220:1010,112.477368,127.315789,0.000000,25.320000,6.671579,3.596316,0.000000
20260220:1110,123.161053,140.789474,0.000000,29.250000,7.673158,3.684211,0.000000
20260220:1210,123.213158,139.210526,0.000000,30.430000,8.523684,4.010000,0.000000
20260220:1310,120.424211,131.105263,0.000000,28.700000,9.135789,4.152632,0.000000
20260220:1410,78.371053,129.000000,0.000000,24.300000,9.456842,4.137368,0.000000
20260220:1510,58.686316,90.947368,0.000000,17.770000,9.450000,4.104737,0.000000
20260220:1610,22.368421,46.947368,0.000000,9.690000,9.177895,3.865789,0.000000
20260220:1710,0.000000,0.473684,0.000000,0.030526,8.507368,3.855789,0.000000
20260220:1810,0.000000,0.000000,0.000000,0.000000,7.601579,3.916842,0.000000
20260220:1910,0.000000,0.000000,0.000000,0.000000,7.098421,3.811579,0.000000
20260220:2010,0.000000,0.000000,0.000000,0.000000,6.591579,3.712632,0.000000
20260220:2110,0.000000,0.000000,0.000000,0.000000,6.121579,3.766842,0.000000
20260220:2210,0.000000,0.000000,0.000000,0.000000,5.620526,3.771053,0.000000
20260220:2310,0.000000,0.000000,0.000000,0.000000,5.206842,3.582105,0.000000
20260221:0010,0.000000,0.000000,0.000000,0.000000,4.738947,3.440526,0.000000
20260221:0110,0.000000,0.000000,0.000000,0.000000,4.304211,3.324211,0.000000
20260221:0210,0.000000,0.000000,0.000000,0.000000,3.930000,3.231053,0.000000
20260221:0310,0.000000,0.000000,0.000000,0.000000,3.631579,3.139474,0.000000
20260221:0410,0.000000,0.000000,0.000000,0.000000,3.423684,3.125789,0.000000
20260221:0510,0.000000,0.000000,0.000000,0.000000,3.311579,3.114737,0.000000
20260221:0610,0.000000,0.000000,0.000000,0.000000,3.152105,3.085263,0.000000
20260221:0710,0.842105,7.840526,0.000000,2.520000,3.103684,3.233158,0.000000
20260221:0810,62.370526,61.263158,0.000000,11.620000,3.589474,3.153684,0.000000
20260221:0910,121.373684,98.684211,0.000000,19.470000,4.844211,3.520526,0.000000
20260221:1010,131.161579,122.473684,0.000000,25.660000,6.076842,3.833158,0.000000
20260221:1110,164.056842,158.631579,0.000000,29.610000,7.251579,4.076316,0.000000
20260221:1210,142.214211,172.473684,0.000000,30.790000,8.213158,4.212632,0.000000
20260221:1310,164.004737,141.157895,0.000000,29.050000,8.708421,4.115263,0.000000
20260221:1410,98.055263,123.631579,0.000000,24.630000,9.007895,4.051053,0.000000
20260221:1510,80.213158,99.631579,0.000000,18.070000,8.976316,3.810526,0.000000
20260221:1610,34.526316,58.315789,0.000000,9.960000,8.584737,3.397368,0.000000
20260221:1710,0.000000,1.052632,0.000000,0.044211,7.820526,3.139474,0.000000
20260221:1810,0.000000,0.000000,0.000000,0.000000,6.753158,3.194737,0.000000
20260221:1910,0.000000,0.000000,0.000000,0.000000,5.962105,3.231053,0.000000
20260221:2010,0.000000,0.000000,0.000000,0.000000,5.393684,3.236316,0.000000
20260221:2110,0.000000,0.000000,0.000000,0.000000,5.010000,3.208421,0.000000
20260221:2210,0.000000,0.000000,0.000000,0.000000,4.728947,3.220526,0.000000
20260221:2310,0.000000,0.000000,0.000000,0.000000,4.377368,3.226842,0.000000
20260222:0010,0.000000,0.000000,0.000000,0.000000,4.096316,3.191579,0.000000
20260222:0110,0.000000,0.000000,0.000000,0.000000,3.795789,3.209474,0.000000
20260222:0210,0.000000,0.000000,0.000000,0.000000,3.487895,3.268421,0.000000
20260222:0310,0.000000,0.000000,0.000000,0.000000,3.251053,3.306842,0.000000
20260222:0410,0.000000,0.000000,0.000000,0.000000,3.135789,3.318421,0.000000
20260222:0510,0.000000,0.000000,0.000000,0.000000,3.078421,3.328421,0.000000
20260222:0610,0.000000,0.000000,0.000000,0.000000,3.082632,3.303684,0.000000
20260222:0710,1.578947,9.070000,0.000000,2.794737,3.286316,3.303158,0.000000
20260222:0810,38.526316,67.052632,0.000000,11.930000,3.984737,3.285789,0.000000
20260222:0910,95.003684,102.578947,0.000000,19.800000,5.220000,3.811053,0.000000
20260222:1010,128.055789,126.368421,0.000000,26.010000,6.460000,3.844211,0.000000
20260222:1110,161.687895,147.263158,0.000000,29.970000,7.625789,4.148421,0.000000
20260222:1210,160.056842,137.052632,0.000000,31.160000,8.439474,4.509474,0.000000
20260222:1310,144.108947,154.578947,0.000000,29.400000,9.038421,4.553158,0.000000
20260222:1410,85.633684,139.368421,0.000000,24.960000,9.364211,4.537368,0.000000
20260222:1510,49.264211,95.473684,0.000000,18.370000,9.358947,4.338421,0.000000
20260222:1610,18.789474,53.789474,0.000000,10.240000,9.036316,3.960000,0.000000
20260222:1710,0.000000,1.157895,0.000000,0.058421,8.318947,3.723158,0.000000
20260222:1810,0.000000,0.000000,0.000000,0.000000,7.481053,3.695789,0.000000
20260222:1910,0.000000,0.000000,0.000000,0.000000,7.054211,3.601053,0.000000
20260222:2010,0.000000,0.000000,0.000000,0.000000,6.598421,3.567368,0.000000
20260222:2110,0.000000,0.000000,0.000000,0.000000,6.255789,3.539474,0.000000
20260222:2210,0.000000,0.000000,0.000000,0.000000,5.989474,3.550000,0.000000
20260222:2310,0.000000,0.000000,0.000000,0.000000,5.740000,3.538421,0.000000
20260223:0010,0.000000,0.000000,0.000000,0.000000,5.465263,3.521579,0.000000
20260223:0110,0.000000,0.000000,0.000000,0.000000,5.242632,3.517368,0.000000
20260223:0210,0.000000,0.000000,0.000000,0.000000,5.015789,3.531053,0.000000
20260223:0310,0.000000,0.000000,0.000000,0.000000,4.835789,3.503158,0.000000
20260223:0410,0.000000,0.000000,0.000000,0.000000,4.646316,3.473158,0.000000
20260223:0510,0.000000,0.000000,0.000000,0.000000,4.471579,3.495263,0.000000
20260223:0610,0.000000,0.000000,0.000000,0.000000,4.350000,3.531579,0.000000
20260223:0710,0.894737,10.882632,0.000000,3.078947,4.443684,3.532632,0.000000
20260223:0810,33.106316,66.947368,0.000000,12.240000,4.800000,3.612105,0.000000
20260223:0910,69.476316,120.473684,0.000000,20.130000,5.645263,3.833158,0.000000
20260223:1010,128.108947,142.842105,0.000000,26.370000,6.601579,4.207368,0.000000
20260223:1110,134.634737,156.000000,0.000000,30.330000,7.536842,4.440000,0.000000
20260223:1210,116.371053,144.578947,0.000000,31.520000,8.298421,4.650526,0.000000
20260223:1310,86.896842,154.736842,0.000000,29.750000,8.708947,4.780526,0.000000
20260223:1410,85.476316,128.105263,0.000000,25.290000,8.851579,4.664737,0.000000
20260223:1510,60.265263,101.421053,0.000000,18.670000,8.860000,4.401053,0.000000
20260223:1610,31.315789,62.263158,0.000000,9.966316,8.567895,4.093684,0.000000
20260223:1710,0.000000,1.210526,0.000000,0.072105,7.901579,3.643158,0.000000
20260223:1810,0.000000,0.000000,0.000000,0.000000,7.142632,3.462105,0.000000
20260223:1910,0.000000,0.000000,0.000000,0.000000,6.575789,3.353684,0.000000
20260223:2010,0.000000,0.000000,0.000000,0.000000,6.069474,3.327895,0.000000
20260223:2110,0.000000,0.000000,0.000000,0.000000,5.582105,3.261053,0.000000
20260223:2210,0.000000,0.000000,0.000000,0.000000,5.229474,3.205263,0.000000
20260223:2310,0.000000,0.000000,0.000000,0.000000,5.007895,3.195263,0.000000
20260224:0010,0.000000,0.000000,0.000000,0.000000,4.763158,3.160526,0.000000
20260224:0110,0.000000,0.000000,0.000000,0.000000,4.526842,3.139474,0.000000
20260224:0210,0.000000,0.000000,0.000000,0.000000,4.235263,3.165789,0.000000
20260224:0310,0.000000,0.000000,0.000000,0.000000,4.077895,3.161579,0.000000
20260224:0410,0.000000,0.000000,0.000000,0.000000,3.907368,3.132632,0.000000
20260224:0510,0.000000,0.000000,0.000000,0.000000,3.853158,3.146316,0.000000
20260224:0610,0.000000,0.000000,0.000000,0.000000,3.728421,3.172105,0.000000
20260224:0710,1.631579,13.719474,0.000000,3.372632,3.901053,3.176842,0.000000
20260224:0810,56.001053,71.894737,0.000000,12.560000,4.538947,3.218947,0.000000
20260224:0910,96.950000,123.421053,0.000000,20.470000,5.879474,3.735263,0.000000
20260224:1010,128.844737,156.526316,0.000000,26.720000,7.135789,4.160000,0.000000
20260224:1110,171.373158,157.210526,0.000000,30.700000,8.193158,4.530000,0.000000
20260224:1210,137.844737,149.157895,0.000000,31.890000,8.994211,4.725789,0.000000
20260224:1310,142.845263,152.736842,0.000000,30.110000,9.475263,4.707895,0.000000
20260224:1410,125.266842,132.789474,0.000000,25.610000,9.707895,4.703158,0.000000
20260224:1510,86.686842,114.000000,0.000000,18.970000,9.560526,4.526316,0.000000
20260224:1610,44.526316,52.947368,0.000000,10.800000,9.152632,4.083158,0.000000
20260224:1710,0.000000,1.368421,0.000000,0.085789,8.314211,3.795789,0.000000
20260224:1810,0.000000,0.000000,0.000000,0.000000,7.267368,3.705263,0.000000
20260224:1910,0.000000,0.000000,0.000000,0.000000,6.676316,3.651579,0.000000
20260224:2010,0.000000,0.000000,0.000000,0.000000,6.211579,3.648421,0.000000
20260224:2110,0.000000,0.000000,0.000000,0.000000,5.750526,3.561579,0.000000
20260224:2210,0.000000,0.000000,0.000000,0.000000,5.372632,3.466316,0.000000
20260224:2310,0.000000,0.000000,0.000000,0.000000,5.022632,3.434737,0.000000
20260225:0010,0.000000,0.000000,0.000000,0.000000,4.730000,3.422632,0.000000
20260225:0110,0.000000,0.000000,0.000000,0.000000,4.416316,3.415789,0.000000
20260225:0210,0.000000,0.000000,0.000000,0.000000,4.185263,3.380000,0.000000
20260225:0310,0.000000,0.000000,0.000000,0.000000,3.867368,3.332105,0.000000
20260225:0410,0.000000,0.000000,0.000000,0.000000,3.638947,3.255263,0.000000
20260225:0510,0.000000,0.000000,0.000000,0.000000,3.397895,3.187368,0.000000
20260225:0610,0.000000,0.000000,0.000000,0.000000,3.151053,3.176842,0.000000
20260225:0710,2.210526,15.433158,0.000000,3.656842,3.125789,3.138947,0.000000
20260225:0810,58.633158,65.578947,0.000000,12.880000,3.754737,3.020000,0.000000
20260225:0910,132.583684,110.736842,0.000000,20.810000,5.044737,3.420000,0.000000
20260225:1010,178.900000,123.157895,0.000000,27.080000,6.172105,3.865789,0.000000
20260225:1110,113.686842,175.421053,0.000000,31.070000,7.170526,4.046842,0.000000
20260225:1210,124.160526,168.894737,0.000000,32.260000,7.886316,4.000000,0.000000
20260225:1310,138.740000,163.315789,0.000000,30.460000,8.377368,3.971053,0.000000
20260225:1410,124.687895,137.000000,0.000000,25.940000,8.546842,4.055263,0.000000
20260225:1510,66.107895,100.368421,0.000000,19.280000,8.557895,4.002632,0.000000
20260225:1610,43.421579,66.578947,0.000000,11.080000,8.309474,3.538947,0.000000
20260225:1710,0.000000,4.526316,0.000000,1.900000,7.660000,3.182632,0.000000
20260225:1810,0.000000,0.000000,0.000000,0.000000,6.750526,3.062632,0.000000
20260225:1910,0.000000,0.000000,0.000000,0.000000,6.296316,3.139474,0.000000
20260225:2010,0.000000,0.000000,0.000000,0.000000,5.834737,3.190526,0.000000
20260225:2110,0.000000,0.000000,0.000000,0.000000,5.415789,3.248947,0.000000
20260225:2210,0.000000,0.000000,0.000000,0.000000,4.963684,3.234737,0.000000
20260225:2310,0.000000,0.000000,0.000000,0.000000,4.480000,3.250000,0.000000
20260226:0010,0.000000,0.000000,0.000000,0.000000,3.981053,3.282105,0.000000
20260226:0110,0.000000,0.000000,0.000000,0.000000,3.663158,3.253158,0.000000
20260226:0210,0.000000,0.000000,0.000000,0.000000,3.332632,3.255789,0.000000
20260226:0310,0.000000,0.000000,0.000000,0.000000,3.117368,3.303158,0.000000
20260226:0410,0.000000,0.000000,0.000000,0.000000,2.769474,3.361053,0.000000
20260226:0510,0.000000,0.000000,0.000000,0.000000,2.582632,3.376316,0.000000
20260226:0610,0.000000,0.000000,0.000000,0.000000,2.386316,3.386316,0.000000
20260226:0710,3.789474,16.634737,0.000000,3.960000,2.680000,3.575789,0.000000
20260226:0810,49.844211,70.894737,0.000000,13.210000,3.326316,3.648421,0.000000
20260226:0910,116.951579,110.631579,0.000000,21.150000,4.576842,3.955789,0.000000
20260226:1010,125.686842,149.736842,0.000000,27.440000,5.606316,4.249474,0.000000
20260226:1110,171.846842,179.947368,0.000000,31.450000,6.584211,4.657368,0.000000
20260226:1210,139.213158,169.210526,0.000000,32.630000,7.402632,4.901053,0.000000
20260226:1310,140.161053,157.000000,0.000000,30.820000,7.947895,4.973684,0.000000
20260226:1410,102.265789,136.263158,0.000000,26.280000,8.248421,5.038947,0.000000
20260226:1510,69.160000,107.473684,0.000000,19.580000,8.255263,4.907368,0.000000
20260226:1610,38.947895,66.631579,0.000000,11.360000,7.939474,4.372632,0.000000
20260226:1710,0.000000,6.210526,0.000000,2.046316,7.246842,3.950000,0.000000
20260226:1810,0.000000,0.000000,0.000000,0.000000,6.270000,3.730526,0.000000
20260226:1910,0.000000,0.000000,0.000000,0.000000,5.448947,3.640000,0.000000
20260226:2010,0.000000,0.000000,0.000000,0.000000,4.908947,3.668947,0.000000
20260226:2110,0.000000,0.000000,0.000000,0.000000,4.420000,3.647895,0.000000
20260226:2210,0.000000,0.000000,0.000000,0.000000,3.900526,3.607368,0.000000
20260226:2310,0.000000,0.000000,0.000000,0.000000,3.482632,3.617368,0.000000
20260227:0010,0.000000,0.000000,0.000000,0.000000,3.213684,3.618421,0.000000
20260227:0110,0.000000,0.000000,0.000000,0.000000,2.979474,3.605263,0.000000
20260227:0210,0.000000,0.000000,0.000000,0.000000,2.720000,3.623158,0.000000
20260227:0310,0.000000,0.000000,0.000000,0.000000,2.420000,3.583158,0.000000
20260227:0410,0.000000,0.000000,0.000000,0.000000,2.188421,3.581579,0.000000
20260227:0510,0.000000,0.000000,0.000000,0.000000,2.008421,3.654737,0.000000
20260227:0610,0.000000,0.000000,0.000000,0.000000,1.918421,3.774211,0.000000
20260227:0710,5.157895,18.951053,0.000000,4.253684,1.905789,3.908947,0.000000
20260227:0810,92.056316,64.684211,0.000000,13.540000,2.756316,3.891579,0.000000
20260227:0910,131.899474,110.263158,0.000000,21.500000,4.167895,4.380526,0.000000
20260227:1010,159.372105,131.052632,0.000000,27.810000,5.495789,4.749474,0.000000
20260227:1110,215.268421,142.105263,0.000000,31.820000,6.598421,4.982632,0.000000
20260227:1210,129.003158,159.263158,0.000000,31.272632,7.448421,5.102632,0.000000
20260227:1310,191.162632,161.789474,0.000000,31.180000,7.918947,4.972632,0.000000
20260227:1410,145.267368,130.000000,0.000000,26.610000,8.176316,4.984211,0.000000
20260227:1510,91.108421,109.842105,0.000000,19.880000,8.224737,4.809474,0.000000
20260227:1610,47.895263,70.421053,0.000000,11.640000,7.898947,4.375263,0.000000
20260227:1710,0.000000,7.315789,0.000000,2.420000,7.164211,3.868947,0.000000
20260227:1810,0.000000,0.000000,0.000000,0.000000,6.066842,3.745263,0.000000
20260227:1910,0.000000,0.000000,0.000000,0.000000,5.320000,3.466316,0.000000
20260227:2010,0.000000,0.000000,0.000000,0.000000,4.642105,3.465789,0.000000
20260227:2110,0.000000,0.000000,0.000000,0.000000,3.948421,3.458947,0.000000
20260227:2210,0.000000,0.000000,0.000000,0.000000,3.535263,3.357895,0.000000
20260227:2310,0.000000,0.000000,0.000000,0.000000,3.123684,3.367895,0.000000
20260228:0010,0.000000,0.000000,0.000000,0.000000,2.801579,3.412632,0.000000
20260228:0110,0.000000,0.000000,0.000000,0.000000,2.617895,3.454737,0.000000
20260228:0210,0.000000,0.000000,0.000000,0.000000,2.455789,3.521579,0.000000
20260228:0310,0.000000,0.000000,0.000000,0.000000,2.354737,3.705789,0.000000
20260228:0410,0.000000,0.000000,0.000000,0.000000,2.302105,3.904737,0.000000
20260228:0510,0.000000,0.000000,0.000000,0.000000,2.120526,4.071579,0.000000
20260228:0610,0.000000,0.000000,0.000000,0.000000,1.964211,4.131053,0.000000
20260228:0710,3.578947,22.047895,0.000000,4.810000,1.982632,4.083684,0.000000
20260228:0810,68.370526,72.368421,0.000000,13.870000,2.728947,4.149474,0.000000
20260228:0910,115.898421,106.894737,0.000000,21.850000,3.905789,4.580000,0.000000
20260228:1010,130.898421,142.105263,0.000000,28.170000,4.971579,4.773158,0.000000
20260228:1110,175.266842,162.368421,0.000000,32.200000,6.102632,4.947368,0.000000
20260228:1210,142.634737,123.368421,0.000000,28.109474,7.080000,4.997368,0.000000
20260228:1310,182.845789,160.263158,0.000000,29.870526,7.686316,4.852632,0.000000
20260228:1410,140.846316,115.526316,0.000000,26.940000,7.945263,4.765263,0.000000
20260228:1510,95.792632,110.473684,0.000000,20.190000,7.868421,4.784211,0.000000
20260228:1610,55.368947,64.842105,0.000000,11.920000,7.499474,4.472105,0.000000
20260228:1710,0.000000,9.526316,0.000000,2.690000,6.903158,4.028947,0.000000
20260228:1810,0.000000,0.000000,0.000000,0.000000,6.110000,3.956316,0.000000
20260228:1910,0.000000,0.000000,0.000000,0.000000,5.607368,3.858421,0.000000
20260228:2010,0.000000,0.000000,0.000000,0.000000,5.085263,3.965263,0.000000
20260228:2110,0.000000,0.000000,0.000000,0.000000,4.707368,4.017895,0.000000
20260228:2210,0.000000,0.000000,0.000000,0.000000,4.443158,4.002632,0.000000
20260228:2310,0.000000,0.000000,0.000000,0.000000,4.242105,3.964737,0.000000
20260301:0010,0.000000,0.000000,0.000000,0.000000,3.645263,4.105789,0.000000
20260301:0110,0.000000,0.000000,0.000000,0.000000,3.408421,4.127368,0.000000
20260301:0210,0.000000,0.000000,0.000000,0.000000,3.172105,4.102105,0.000000
20260301:0310,0.000000,0.000000,0.000000,0.000000,2.911579,4.097368,0.000000
20260301:0410,0.000000,0.000000,0.000000,0.000000,2.808947,4.072632,0.000000
20260301:0510,0.000000,0.000000,0.000000,0.000000,2.850000,4.029474,0.000000
20260301:0610,0.000000,0.000000,0.000000,0.000000,2.892105,3.916842,0.000000
20260301:0710,6.210526,21.857895,0.000000,4.860000,3.115789,3.778947,0.000000
20260301:0810,31.842632,81.421053,0.000000,13.452632,3.923158,3.656316,0.000000
20260301:0910,57.896316,120.578947,0.000000,21.031579,5.083158,3.956842,0.000000
20260301:1010,94.423684,143.263158,0.000000,27.047368,6.111053,4.057895,0.000000
20260301:1110,134.845263,155.157895,0.000000,30.865263,7.034211,4.170526,0.000000
20260301:1210,106.054737,158.210526,0.000000,26.652632,7.652632,4.108947,0.000000
20260301:1310,90.896316,171.157895,0.000000,30.211579,8.102632,4.140000,0.000000
20260301:1410,89.370526,137.578947,0.000000,25.834737,8.418947,4.310000,0.000000
20260301:1510,60.475263,113.526316,0.000000,19.411579,8.578421,4.217368,0.000000
20260301:1610,26.105263,64.578947,0.000000,11.557895,8.237368,4.181579,0.000000
20260301:1710,0.000000,10.736842,0.000000,2.794737,7.598947,3.804211,0.000000
20260301:1810,0.000000,0.000000,0.000000,0.000000,6.838421,3.771579,0.000000
20260301:1910,0.000000,0.000000,0.000000,0.000000,6.309474,3.679474,0.000000
20260301:2010,0.000000,0.000000,0.000000,0.000000,5.917895,3.585789,0.000000
20260301:2110,0.000000,0.000000,0.000000,0.000000,5.506842,3.622632,0.000000
20260301:2210,0.000000,0.000000,0.000000,0.000000,5.141579,3.640526,0.000000
20260301:2310,0.000000,0.000000,0.000000,0.000000,4.750526,3.617895,0.000000
20260302:0010,0.000000,0.000000,0.000000,0.000000,4.465789,3.633158,0.000000
20260302:0110,0.000000,0.000000,0.000000,0.000000,4.238947,3.643684,0.000000
20260302:0210,0.000000,0.000000,0.000000,0.000000,3.970000,3.647368,0.000000
20260302:0310,0.000000,0.000000,0.000000,0.000000,3.729474,3.605789,0.000000
20260302:0410,0.000000,0.000000,0.000000,0.000000,3.492105,3.534211,0.000000
20260302:0510,0.000000,0.000000,0.000000,0.000000,3.313684,3.491579,0.000000
20260302:0610,0.000000,0.000000,0.000000,0.000000,3.148421,3.440526,0.000000
20260302:0710,7.578947,24.334737,0.000000,5.450000,3.377368,3.343684,0.000000
20260302:0810,58.474211,78.105263,0.000000,14.540000,4.182632,3.168421,0.000000
20260302:0910,113.845789,124.210526,0.000000,22.560000,5.430526,3.550000,0.000000
20260302:1010,181.425789,148.368421,0.000000,28.920000,6.573158,4.076316,0.000000
20260302:1110,205.583684,173.105263,0.000000,32.970000,7.569474,4.442632,0.000000
20260302:1210,105.896842,173.210526,0.000000,28.749474,8.396842,4.489474,0.000000
20260302:1310,154.950000,201.368421,0.000000,32.260000,8.927895,4.551579,0.000000
20260302:1410,133.371579,167.578947,0.000000,27.600000,9.267895,4.548947,0.000000
20260302:1510,93.371053,113.421053,0.000000,20.800000,9.281053,4.410000,0.000000
20260302:1610,40.157895,78.210526,0.000000,12.480000,8.856842,4.021579,0.000000
20260302:1710,0.000000,14.000000,0.000000,3.210000,8.119474,3.632632,0.000000
20260302:1810,0.000000,0.000000,0.000000,0.000000,6.964737,3.495263,0.000000
20260302:1910,0.000000,0.000000,0.000000,0.000000,6.279474,3.335789,0.000000
20260302:2010,0.000000,0.000000,0.000000,0.000000,5.645789,3.274211,0.000000
20260302:2110,0.000000,0.000000,0.000000,0.000000,5.141053,3.311579,0.000000
20260302:2210,0.000000,0.000000,0.000000,0.000000,4.713158,3.360000,0.000000
20260302:2310,0.000000,0.000000,0.000000,0.000000,4.307895,3.387368,0.000000
20260303:0010,0.000000,0.000000,0.000000,0.000000,4.097368,3.495263,0.000000
20260303:0110,0.000000,0.000000,0.000000,0.000000,3.962632,3.585263,0.000000
20260303:0210,0.000000,0.000000,0.000000,0.000000,3.794211,3.175789,0.000000
20260303:0310,0.000000,0.000000,0.000000,0.000000,3.618947,3.161579,0.000000
20260303:0410,0.000000,0.000000,0.000000,0.000000,3.388421,3.445263,0.000000
20260303:0510,0.000000,0.000000,0.000000,0.000000,3.215263,3.481579,0.000000
20260303:0610,0.000000,0.000000,0.000000,0.000000,3.083684,3.520526,0.000000
20260303:0710,15.052632,27.631579,0.000000,5.780000,3.277895,3.637895,0.000000
20260303:0810,69.000000,83.157895,0.000000,14.880000,4.242105,3.687368,0.000000
20260303:0910,116.897895,134.894737,0.000000,22.910000,5.651053,4.357895,0.000000
20260303:1010,134.740000,163.473684,0.000000,27.748421,6.890000,4.628947,0.000000
20260303:1110,142.792105,185.894737,0.000000,33.350000,8.064211,5.031053,0.000000
20260303:1210,134.528947,166.210526,0.000000,30.886316,8.951053,5.020526,0.000000
20260303:1310,149.318947,186.736842,0.000000,32.620000,9.517368,5.023684,0.000000
20260303:1410,138.686842,172.000000,0.000000,27.940000,9.792105,4.748947,0.000000
20260303:1510,78.475263,132.842105,0.000000,21.100000,9.687368,4.454211,0.000000
20260303:1610,35.000000,78.210526,0.000000,12.760000,9.313684,3.985789,0.000000
20260303:1710,0.000000,16.000000,0.000000,3.470000,8.584211,3.477368,0.000000
20260303:1810,0.000000,0.000000,0.000000,0.000000,7.485789,3.375789,0.000000
20260303:1910,0.000000,0.000000,0.000000,0.000000,6.558421,3.449474,0.000000
20260303:2010,0.000000,0.000000,0.000000,0.000000,5.915263,3.460000,0.000000
20260303:2110,0.000000,0.000000,0.000000,0.000000,5.418947,3.463684,0.000000
20260303:2210,0.000000,0.000000,0.000000,0.000000,4.962105,3.593684,0.000000
20260303:2310,0.000000,0.000000,0.000000,0.000000,4.477895,3.704737,0.000000
20260304:0010,0.000000,0.000000,0.000000,0.000000,4.130526,3.691053,0.000000
20260304:0110,0.000000,0.000000,0.000000,0.000000,3.835263,3.666842,0.000000
20260304:0210,0.000000,0.000000,0.000000,0.000000,3.578947,3.663684,0.000000
20260304:0310,0.000000,0.000000,0.000000,0.000000,3.362632,3.662632,0.000000
20260304:0410,0.000000,0.000000,0.000000,0.000000,3.087368,3.550000,0.000000
20260304:0510,0.000000,0.000000,0.000000,0.000000,2.830000,3.524211,0.000000
20260304:0610,0.000000,0.000000,0.000000,0.000000,2.634737,3.521579,0.000000
20260304:0710,17.421053,29.052632,0.000000,6.110000,3.140000,3.397368,0.000000
20260304:0810,66.526842,78.631579,0.000000,15.220000,3.933158,3.441053,0.000000
20260304:0910,99.897368,124.421053,0.000000,23.270000,5.008421,3.792632,0.000000
20260304:1010,98.160000,163.105263,0.000000,29.670000,6.006316,4.007895,0.000000
20260304:1110,97.160000,169.631579,0.000000,31.964211,6.827895,3.967368,0.000000
20260304:1210,101.160526,180.947368,0.000000,33.072632,7.507368,3.916316,0.000000
20260304:1310,107.528947,172.526316,0.000000,32.980000,8.110526,3.848421,0.000000
20260304:1410,82.738947,158.736842,0.000000,28.270000,8.411579,3.887895,0.000000
20260304:1510,65.317368,113.368421,0.000000,21.400000,8.412632,3.880000,0.000000
20260304:1610,39.947368,70.842105,0.000000,13.040000,8.022632,3.742632,0.000000
20260304:1710,0.000000,16.578947,0.000000,3.730000,7.368947,3.553684,0.000000
20260304:1810,0.000000,0.000000,0.000000,0.000000,6.433684,3.568421,0.000000
20260304:1910,0.000000,0.000000,0.000000,0.000000,5.676316,3.782105,0.000000
20260304:2010,0.000000,0.000000,0.000000,0.000000,5.213684,3.759474,0.000000
20260304:2110,0.000000,0.000000,0.000000,0.000000,4.874737,3.662105,0.000000
20260304:2210,0.000000,0.000000,0.000000,0.000000,4.643684,3.523158,0.000000
20260304:2310,0.000000,0.000000,0.000000,0.000000,4.314737,3.499474,0.000000
20260305:0010,0.000000,0.000000,0.000000,0.000000,3.968421,3.553684,0.000000
20260305:0110,0.000000,0.000000,0.000000,0.000000,3.564737,3.474211,0.000000
20260305:0210,0.000000,0.000000,0.000000,0.000000,3.174737,3.473684,0.000000
20260305:0310,0.000000,0.000000,0.000000,0.000000,2.869474,3.474737,0.000000
20260305:0410,0.000000,0.000000,0.000000,0.000000,2.671053,3.415789,0.000000
20260305:0510,0.000000,0.000000,0.000000,0.000000,2.484211,3.346842,0.000000
20260305:0610,0.000000,0.000000,0.000000,0.000000,2.312632,3.295789,0.000000
20260305:0710,17.526316,36.105263,0.000000,6.440000,2.249474,3.309474,0.000000
20260305:0810,85.211579,86.052632,0.000000,15.570000,3.255263,3.296842,0.000000
20260305:0910,117.582105,133.631579,0.000000,23.630000,4.565263,3.654211,0.000000
20260305:1010,172.741053,146.263158,0.000000,30.050000,5.804737,3.931579,0.000000
20260305:1110,173.951579,187.315789,0.000000,34.130000,6.942632,4.160000,0.000000
20260305:1210,110.107368,204.421053,0.000000,35.290000,7.798947,4.261579,0.000000
20260305:1310,166.214211,177.894737,0.000000,33.350000,8.318947,4.352105,0.000000
20260305:1410,166.478421,164.684211,0.000000,28.600000,8.576842,4.272632,0.000000
20260305:1510,120.530000,110.736842,0.000000,20.557895,8.651053,4.284211,0.000000
20260305:1610,50.210526,85.263158,0.000000,12.609474,8.334737,4.050000,0.000000
20260305:1710,0.000000,19.684211,0.000000,3.780000,7.638947,3.484737,0.000000
20260305:1810,0.000000,0.000000,0.000000,0.000000,6.635263,3.354737,0.000000
20260305:1910,0.000000,0.000000,0.000000,0.000000,5.791053,3.451579,0.000000
20260305:2010,0.000000,0.000000,0.000000,0.000000,5.068947,3.635789,0.000000
20260305:2110,0.000000,0.000000,0.000000,0.000000,4.433158,3.702105,0.000000
20260305:2210,0.000000,0.000000,0.000000,0.000000,3.948947,3.724737,0.000000
20260305:2310,0.000000,0.000000,0.000000,0.000000,3.561053,3.723684,0.000000
20260306:0010,0.000000,0.000000,0.000000,0.000000,3.218421,3.677368,0.000000
20260306:0110,0.000000,0.000000,0.000000,0.000000,2.954211,3.622632,0.000000
20260306:0210,0.000000,0.000000,0.000000,0.000000,2.774211,3.597895,0.000000
20260306:0310,0.000000,0.000000,0.000000,0.000000,2.616842,3.563684,0.000000
20260306:0410,0.000000,0.000000,0.000000,0.000000,2.546316,3.466842,0.000000
20260306:0510,0.000000,0.000000,0.000000,0.000000,2.386842,3.423158,0.000000
20260306:0610,0.000000,0.000000,0.000000,0.000000,2.278421,3.356842,0.000000
20260306:0710,19.894737,30.526316,0.000000,6.057368,2.628947,3.259474,0.000000
20260306:0810,68.737368,76.842105,0.000000,15.072632,3.544211,3.339474,0.000000
20260306:0910,112.951053,98.105263,0.000000,21.473684,4.951579,3.812105,0.000000
20260306:1010,157.741053,128.210526,0.000000,27.226842,6.047895,3.952632,0.000000
20260306:1110,166.582105,171.842105,0.000000,32.703158,6.953684,3.941579,0.000000
20260306:1210,183.899474,179.789474,0.000000,33.802105,7.627895,4.070000,0.000000
20260306:1310,186.372105,171.105263,0.000000,31.935789,8.058947,4.148421,0.000000
20260306:1410,184.583684,148.578947,0.000000,27.416842,8.397368,4.312105,0.000000
20260306:1510,119.318947,120.526316,0.000000,20.851579,8.430526,4.290000,0.000000
20260306:1610,68.263158,74.368421,0.000000,12.874737,8.148421,3.905263,0.000000
20260306:1710,0.000000,20.894737,0.000000,4.260000,7.502105,3.339474,0.000000
20260306:1810,0.000000,0.000000,0.000000,0.000000,6.367368,3.092632,0.000000
20260306:1910,0.000000,0.000000,0.000000,0.000000,5.503684,3.000526,0.000000
20260306:2010,0.000000,0.000000,0.000000,0.000000,4.736316,3.022632,0.000000
20260306:2110,0.000000,0.000000,0.000000,0.000000,4.071579,3.038947,0.000000
20260306:2210,0.000000,0.000000,0.000000,0.000000,3.510526,2.867368,0.000000
20260306:2310,0.000000,0.000000,0.000000,0.000000,3.030000,2.849474,0.000000
20260307:0010,0.000000,0.000000,0.000000,0.000000,2.692105,3.084737,0.000000
20260307:0110,0.000000,0.000000,0.000000,0.000000,2.372105,3.173158,0.000000
20260307:0210,0.000000,0.000000,0.000000,0.000000,2.051053,3.160000,0.000000
20260307:0310,0.000000,0.000000,0.000000,0.000000,1.863684,3.222632,0.000000
20260307:0410,0.000000,0.000000,0.000000,0.000000,1.685789,3.271053,0.000000
20260307:0510,0.000000,0.000000,0.000000,0.000000,1.571579,3.267368,0.000000
20260307:0610,0.000000,0.000000,0.000000,0.000000,1.492105,3.210000,0.000000
20260307:0710,23.368421,37.526316,0.000000,6.735789,1.610526,3.113684,0.000000
20260307:0810,85.107368,93.210526,0.000000,16.260000,2.893684,3.088947,0.000000
20260307:0910,106.739474,149.947368,0.000000,24.370000,4.503158,3.782105,0.000000
20260307:1010,169.687895,177.368421,0.000000,30.810000,5.967368,4.112105,0.000000
20260307:1110,193.530526,200.052632,0.000000,34.910000,7.167368,4.224737,0.000000
20260307:1210,183.214211,216.157895,0.000000,36.070000,8.136316,4.333684,0.000000
20260307:1310,205.583684,183.368421,0.000000,34.070000,8.763158,4.381053,0.000000
20260307:1410,143.003158,163.684211,0.000000,29.270000,9.137368,4.333684,0.000000
20260307:1510,91.581579,127.105263,0.000000,22.310000,9.111053,4.167368,0.000000
20260307:1610,55.052632,76.894737,0.000000,13.870000,8.686842,3.850526,0.000000
20260307:1710,0.000000,23.894737,0.000000,4.520000,7.945789,3.513684,0.000000
20260307:1810,0.000000,0.000000,0.000000,0.000000,6.820526,3.499474,0.000000
20260307:1910,0.000000,0.000000,0.000000,0.000000,6.010000,3.317895,0.000000
20260307:2010,0.000000,0.000000,0.000000,0.000000,5.402105,3.364211,0.000000
20260307:2110,0.000000,0.000000,0.000000,0.000000,4.886316,3.430000,0.000000
20260307:2210,0.000000,0.000000,0.000000,0.000000,4.504211,3.443684,0.000000
20260307:2310,0.000000,0.000000,0.000000,0.000000,4.116316,3.400526,0.000000
20260308:0010,0.000000,0.000000,0.000000,0.000000,3.770526,3.404211,0.000000
20260308:0110,0.000000,0.000000,0.000000,0.000000,3.474211,3.429474,0.000000
20260308:0210,0.000000,0.000000,0.000000,0.000000,3.311053,3.418947,0.000000
20260308:0310,0.000000,0.000000,0.000000,0.000000,3.157368,3.437895,0.000000
20260308:0410,0.000000,0.000000,0.000000,0.000000,3.062632,3.469474,0.000000
20260308:0510,0.000000,0.000000,0.000000,0.000000,2.968421,3.560526,0.000000
20260308:0610,0.000000,0.000000,0.000000,0.000000,2.938421,3.571053,0.000000
20260308:0710,30.052632,35.421053,0.000000,6.665789,3.298947,3.518947,0.000000
20260308:0810,101.106316,94.789474,0.000000,16.610000,4.732632,3.407895,0.000000
20260308:0910,140.846316,130.526316,0.000000,24.730000,6.445789,3.922105,0.000000
20260308:1010,209.688947,157.421053,0.000000,31.200000,7.954737,4.349474,0.000000
20260308:1110,225.373158,162.947368,0.000000,35.310000,9.103684,4.443684,0.000000
20260308:1210,194.635263,199.736842,0.000000,36.450000,9.977895,4.431579,0.000000
20260308:1310,193.320526,147.526316,0.000000,34.440000,10.501579,4.410000,0.000000
20260308:1410,144.266316,156.578947,0.000000,29.600000,10.810526,4.507895,0.000000
20260308:1510,93.739474,104.052632,0.000000,22.610000,10.789474,4.508421,0.000000
20260308:1610,61.947368,84.578947,0.000000,14.140000,10.570000,4.197368,0.000000
20260308:1710,10.842105,21.970526,0.000000,4.770000,9.849474,3.778947,0.000000
20260308:1810,0.000000,0.000000,0.000000,0.000000,8.616316,3.757368,0.000000
20260308:1910,0.000000,0.000000,0.000000,0.000000,7.826316,3.706316,0.000000
20260308:2010,0.000000,0.000000,0.000000,0.000000,7.159474,3.782632,0.000000
20260308:2110,0.000000,0.000000,0.000000,0.000000,6.556842,3.839474,0.000000
20260308:2210,0.000000,0.000000,0.000000,0.000000,6.074737,3.886842,0.000000
20260308:2310,0.000000,0.000000,0.000000,0.000000,5.710000,3.916316,0.000000
20260309:0010,0.000000,0.000000,0.000000,0.000000,5.452105,3.933158,0.000000
20260309:0110,0.000000,0.000000,0.000000,0.000000,5.236842,3.934211,0.000000
20260309:0210,0.000000,0.000000,0.000000,0.000000,5.066842,3.907895,0.000000
20260309:0310,0.000000,0.000000,0.000000,0.000000,4.956316,3.843684,0.000000
20260309:0410,0.000000,0.000000,0.000000,0.000000,4.849474,3.771579,0.000000
20260309:0510,0.000000,0.000000,0.000000,0.000000,4.811053,3.705263,0.000000
20260309:0610,0.000000,0.000000,0.000000,0.000000,4.760526,3.620000,0.000000
20260309:0710,23.789474,38.421053,0.000000,7.380000,5.032632,3.649474,0.000000
20260309:0810,61.632105,91.473684,0.000000,16.970000,5.985789,3.612632,0.000000
20260309:0910,114.002632,145.157895,0.000000,25.100000,7.301053,4.093684,0.000000
20260309:1010,159.687895,158.631579,0.000000,31.590000,8.419474,4.392632,0.000000
20260309:1110,185.004211,185.842105,0.000000,35.700000,9.394211,4.566842,0.000000
20260309:1210,135.528947,191.526316,0.000000,36.840000,10.285263,4.744737,0.000000
20260309:1310,161.425263,202.105263,0.000000,34.810000,10.788947,4.606842,0.000000
20260309:1410,102.948947,177.894737,0.000000,29.940000,11.116316,4.464737,0.000000
20260309:1510,134.371579,135.105263,0.000000,22.910000,11.225789,4.210526,0.000000
20260309:1610,70.157895,87.000000,0.000000,14.420000,10.960000,4.006316,0.000000
20260309:1710,9.947368,21.751053,0.000000,5.030000,10.257895,3.523684,0.000000
20260309:1810,0.000000,0.000000,0.000000,0.000000,9.172632,3.386316,0.000000
20260309:1910,0.000000,0.000000,0.000000,0.000000,8.465789,3.343158,0.000000
20260309:2010,0.000000,0.000000,0.000000,0.000000,7.634211,3.187895,0.000000
20260309:2110,0.000000,0.000000,0.000000,0.000000,6.976842,3.165789,0.000000
20260309:2210,0.000000,0.000000,0.000000,0.000000,6.353684,3.285263,0.000000
20260309:2310,0.000000,0.000000,0.000000,0.000000,5.976842,3.367895,0.000000
20260310:0010,0.000000,0.000000,0.000000,0.000000,5.803158,3.429474,0.000000
20260310:0110,0.000000,0.000000,0.000000,0.000000,5.564737,3.452105,0.000000
20260310:0210,0.000000,0.000000,0.000000,0.000000,5.312632,3.540000,0.000000
20260310:0310,0.000000,0.000000,0.000000,0.000000,5.037895,3.527368,0.000000
20260310:0410,0.000000,0.000000,0.000000,0.000000,4.645263,3.654211,0.000000
20260310:0510,0.000000,0.000000,0.000000,0.000000,4.517368,3.713684,0.000000
20260310:0610,0.000000,0.000000,0.000000,0.000000,4.471053,3.746316,0.000000
20260310:0710,16.526316,40.789474,0.000000,8.130000,4.874737,3.871579,0.000000
20260310:0810,59.105789,93.947368,0.000000,17.320000,6.001579,4.018421,0.000000
20260310:0910,96.792105,128.947368,0.000000,25.470000,7.238947,4.399474,0.000000
20260310:1010,144.582632,169.526316,0.000000,31.970000,8.284737,4.612105,0.000000
20260310:1110,133.055263,178.421053,0.000000,36.100000,9.097895,4.788421,0.000000
20260310:1210,137.897895,176.526316,0.000000,37.230000,9.901053,4.888421,0.000000
20260310:1310,143.740000,164.947368,0.000000,35.170000,10.504737,4.954211,0.000000
20260310:1410,124.687368,162.473684,0.000000,30.270000,10.948421,5.012105,0.000000
20260310:1510,68.843684,124.157895,0.000000,23.210000,10.981053,4.763158,0.000000
20260310:1610,34.315789,81.263158,0.000000,14.690000,10.616316,4.399474,0.000000
20260310:1710,10.526316,26.487895,0.000000,5.290000,9.983158,3.934737,0.000000
20260310:1810,0.000000,0.000000,0.000000,0.000000,9.039474,3.713158,0.000000
20260310:1910,0.000000,0.000000,0.000000,0.000000,8.212105,3.731053,0.000000
20260310:2010,0.000000,0.000000,0.000000,0.000000,7.703158,3.728947,0.000000
20260310:2110,0.000000,0.000000,0.000000,0.000000,7.214211,3.736316,0.000000
20260310:2210,0.000000,0.000000,0.000000,0.000000,6.743684,3.724737,0.000000
20260310:2310,0.000000,0.000000,0.000000,0.000000,6.361053,3.739474,0.000000
20260311:0010,0.000000,0.000000,0.000000,0.000000,6.046842,3.716842,0.000000
20260311:0110,0.000000,0.000000,0.000000,0.000000,5.702632,3.668947,0.000000
20260311:0210,0.000000,0.000000,0.000000,0.000000,5.447368,3.626842,0.000000
20260311:0310,0.000000,0.000000,0.000000,0.000000,5.260000,3.540526,0.000000
20260311:0410,0.000000,0.000000,0.000000,0.000000,5.058421,3.531053,0.000000
20260311:0510,0.000000,0.000000,0.000000,0.000000,4.805789,3.534737,0.000000
20260311:0610,0.000000,0.000000,0.000000,0.000000,4.608421,3.557368,0.000000
20260311:0710,25.894737,51.000000,0.000000,8.470000,4.867368,3.601053,0.000000
20260311:0810,95.473684,110.473684,0.000000,17.680000,5.860526,3.687368,0.000000
20260311:0910,164.846316,151.684211,0.000000,25.850000,7.140000,4.003684,0.000000
20260311:1010,221.952632,178.263158,0.000000,32.360000,8.531053,4.282632,0.000000
20260311:1110,276.585263,181.894737,0.000000,36.500000,9.662105,4.455789,0.000000
20260311:1210,181.319474,178.421053,0.000000,37.620000,10.415263,4.588947,0.000000
20260311:1310,187.635263,202.368421,0.000000,35.540000,10.914211,4.616316,0.000000
20260311:1410,168.372632,137.157895,0.000000,30.600000,11.112632,4.536316,0.000000
20260311:1510,136.478421,117.368421,0.000000,23.510000,11.105789,4.413158,0.000000
20260311:1610,66.684211,85.263158,0.000000,14.970000,10.748421,4.054211,0.000000
20260311:1710,13.631579,25.253158,0.000000,5.550000,10.111579,3.651053,0.000000
20260311:1810,0.000000,0.000000,0.000000,0.000000,8.955789,3.692105,0.000000
20260311:1910,0.000000,0.000000,0.000000,0.000000,8.142632,3.652632,0.000000
20260311:2010,0.000000,0.000000,0.000000,0.000000,7.503158,3.716316,0.000000
20260311:2110,0.000000,0.000000,0.000000,0.000000,6.947368,3.699474,0.000000
20260311:2210,0.000000,0.000000,0.000000,0.000000,6.451053,3.717368,0.000000
20260311:2310,0.000000,0.000000,0.000000,0.000000,5.977895,3.709474,0.000000
20260312:0010,0.000000,0.000000,0.000000,0.000000,5.656316,3.585789,0.000000
20260312:0110,0.000000,0.000000,0.000000,0.000000,5.512105,3.607368,0.000000
20260312:0210,0.000000,0.000000,0.000000,0.000000,5.276316,3.647368,0.000000
20260312:0310,0.000000,0.000000,0.000000,0.000000,4.984211,3.681579,0.000000
20260312:0410,0.000000,0.000000,0.000000,0.000000,4.706842,3.702105,0.000000
20260312:0510,0.000000,0.000000,0.000000,0.000000,4.455263,3.698421,0.000000
20260312:0610,0.000000,0.000000,0.000000,0.000000,4.227368,3.655789,0.000000
20260312:0710,32.052632,49.052632,0.000000,8.355789,4.388421,3.688421,0.000000
20260312:0810,97.527368,104.421053,0.000000,18.030000,5.437368,3.670000,0.000000
20260312:0910,166.162105,141.421053,0.000000,26.220000,6.774737,3.956842,0.000000
20260312:1010,205.531053,178.210526,0.000000,32.750000,8.122105,4.283158,0.000000
20260312:1110,234.531053,168.526316,0.000000,36.900000,9.131053,4.376842,0.000000
20260312:1210,239.214737,175.315789,0.000000,38.010000,9.948947,4.616316,0.000000
20260312:1310,235.268421,180.421053,0.000000,35.900000,10.510000,4.790000,0.000000
20260312:1410,163.582632,146.000000,0.000000,30.930000,10.575789,4.740526,0.000000
20260312:1510,136.267368,118.842105,0.000000,23.810000,10.435789,4.733158,0.000000
20260312:1610,64.789474,78.526316,0.000000,15.240000,10.078947,4.486842,0.000000
20260312:1710,17.210526,29.315789,0.000000,5.504211,9.435789,4.042632,0.000000
20260312:1810,0.000000,0.000000,0.000000,0.000000,8.283684,3.774737,0.000000
20260312:1910,0.000000,0.000000,0.000000,0.000000,7.468421,3.721053,0.000000
20260312:2010,0.000000,0.000000,0.000000,0.000000,6.800526,3.647895,0.000000
20260312:2110,0.000000,0.000000,0.000000,0.000000,6.322632,3.717368,0.000000
20260312:2210,0.000000,0.000000,0.000000,0.000000,5.933158,3.767895,0.000000
20260312:2310,0.000000,0.000000,0.000000,0.000000,5.545263,3.764737,0.000000
20260313:0010,0.000000,0.000000,0.000000,0.000000,5.182105,3.731053,0.000000
20260313:0110,0.000000,0.000000,0.000000,0.000000,4.756842,3.734737,0.000000
20260313:0210,0.000000,0.000000,0.000000,0.000000,4.426316,3.731579,0.000000
20260313:0310,0.000000,0.000000,0.000000,0.000000,4.216316,3.691579,0.000000
20260313:0410,0.000000,0.000000,0.000000,0.000000,3.958421,3.665789,0.000000
20260313:0510,0.000000,0.000000,0.000000,0.000000,3.649474,3.611579,0.000000
20260313:0610,0.000000,0.000000,0.000000,0.000000,3.408421,3.564211,0.000000
20260313:0710,33.210526,51.947368,0.000000,9.160000,3.607368,3.514211,0.000000
20260313:0810,104.895789,105.000000,0.000000,18.390000,4.997368,3.436316,0.000000
20260313:0910,148.372105,152.315789,0.000000,26.600000,6.580526,3.920000,0.000000
20260313:1010,223.004737,168.894737,0.000000,33.140000,7.947368,4.026316,0.000000
20260313:1110,243.321053,187.210526,0.000000,37.300000,9.063158,4.015263,0.000000
20260313:1210,200.213684,193.421053,0.000000,38.410000,9.887368,4.065263,0.000000
20260313:1310,221.531053,174.105263,0.000000,36.270000,10.474211,4.145263,0.000000
20260313:1410,172.266842,163.894737,0.000000,31.260000,10.705789,4.101053,0.000000
20260313:1510,132.003684,125.421053,0.000000,24.110000,10.343158,3.940000,0.000000
20260313:1610,64.947368,95.210526,0.000000,15.510000,10.062632,3.616316,0.000000
20260313:1710,17.105263,33.736842,0.000000,6.060000,9.406316,3.234737,0.000000
20260313:1810,0.000000,0.000000,0.000000,0.000000,8.318421,3.173158,0.000000
20260313:1910,0.000000,0.000000,0.000000,0.000000,7.452632,3.259474,0.000000
20260313:2010,0.000000,0.000000,0.000000,0.000000,6.706842,3.295263,0.000000
20260313:2110,0.000000,0.000000,0.000000,0.000000,6.091579,3.274737,0.000000
20260313:2210,0.000000,0.000000,0.000000,0.000000,5.622632,3.197368,0.000000
20260313:2310,0.000000,0.000000,0.000000,0.000000,5.182632,3.204737,0.000000
20260314:0010,0.000000,0.000000,0.000000,0.000000,4.758947,3.158421,0.000000
20260314:0110,0.000000,0.000000,0.000000,0.000000,4.359474,3.056842,0.000000
20260314:0210,0.000000,0.000000,0.000000,0.000000,3.947368,2.940526,0.000000
20260314:0310,0.000000,0.000000,0.000000,0.000000,3.582105,2.885789,0.000000
20260314:0410,0.000000,0.000000,0.000000,0.000000,3.246842,2.907368,0.000000
20260314:0510,0.000000,0.000000,0.000000,0.000000,3.022105,3.080526,0.000000
20260314:0610,0.000000,0.000000,0.000000,0.000000,2.779474,3.132632,0.000000
20260314:0710,37.473684,55.105263,0.000000,9.510000,3.412105,3.021579,0.000000
20260314:0810,104.316842,113.473684,0.000000,18.750000,4.827895,3.071579,0.000000
20260314:0910,161.161579,150.578947,0.000000,25.550526,6.513158,3.514737,0.000000
20260314:1010,233.373158,181.578947,0.000000,33.540000,8.053684,3.830000,0.000000
20260314:1110,270.532105,182.526316,0.000000,37.700000,9.435789,4.218421,0.000000
20260314:1210,277.479474,208.263158,0.000000,38.800000,10.342632,4.391579,0.000000
20260314:1310,225.162632,182.368421,0.000000,34.702105,10.876316,4.435789,0.000000
20260314:1410,194.688947,175.842105,0.000000,31.590000,11.197895,4.411579,0.000000
20260314:1510,137.266842,144.684211,0.000000,24.400000,11.297368,4.298421,0.000000
20260314:1610,59.315789,106.473684,0.000000,15.780000,11.007895,4.004211,0.000000
20260314:1710,21.526316,36.157895,0.000000,6.320000,10.342632,3.447895,0.000000
20260314:1810,0.000000,0.000000,0.000000,0.000000,9.161053,3.274737,0.000000
20260314:1910,0.000000,0.000000,0.000000,0.000000,8.187895,3.219474,0.000000
20260314:2010,0.000000,0.000000,0.000000,0.000000,7.326316,3.161579,0.000000
20260314:2110,0.000000,0.000000,0.000000,0.000000,6.636842,3.113684,0.000000
20260314:2210,0.000000,0.000000,0.000000,0.000000,5.981053,2.983684,0.000000
20260314:2310,0.000000,0.000000,0.000000,0.000000,5.437895,2.922105,0.000000
20260315:0010,0.000000,0.000000,0.000000,0.000000,5.005263,2.895789,0.000000
20260315:0110,0.000000,0.000000,0.000000,0.000000,4.642632,2.873684,0.000000
20260315:0210,0.000000,0.000000,0.000000,0.000000,4.380526,2.866842,0.000000
20260315:0310,0.000000,0.000000,0.000000,0.000000,4.170000,2.864211,0.000000
20260315:0410,0.000000,0.000000,0.000000,0.000000,4.023684,2.842632,0.000000
20260315:0510,0.000000,0.000000,0.000000,0.000000,3.921053,2.842105,0.000000
20260315:0610,0.000000,0.000000,0.000000,0.000000,3.813684,2.784211,0.000000
20260315:0710,37.947368,51.526316,0.000000,9.860000,4.343684,2.664737,0.000000
20260315:0810,104.580000,105.105263,0.000000,19.110000,6.097368,2.763158,0.000000
20260315:0910,181.163158,137.368421,0.000000,27.350000,7.895263,2.984211,0.000000
20260315:1010,268.532632,151.421053,0.000000,33.930000,9.449474,3.303684,0.000000
20260315:1110,282.848421,180.421053,0.000000,38.100000,10.720526,3.448421,0.000000
20260315:1210,290.374737,189.684211,0.000000,39.190000,11.672105,3.603684,0.000000
20260315:1310,307.427895,178.157895,0.000000,37.000000,12.432105,3.737895,0.000000
20260315:1410,239.532105,169.368421,0.000000,31.920000,12.900000,3.753158,0.000000
20260315:1510,143.003684,140.157895,0.000000,24.700000,12.981053,3.815789,0.000000
20260315:1610,82.105263,90.473684,0.000000,16.050000,12.688947,3.535789,0.000000
20260315:1710,18.631579,37.105263,0.000000,6.570000,11.873158,2.984737,0.000000
20260315:1810,0.000000,0.000000,0.000000,0.000000,10.471053,3.093158,0.000000
20260315:1910,0.000000,0.000000,0.000000,0.000000,9.364737,3.226316,0.000000
20260315:2010,0.000000,0.000000,0.000000,0.000000,8.486842,3.248421,0.000000
20260315:2110,0.000000,0.000000,0.000000,0.000000,7.814211,3.284211,0.000000
20260315:2210,0.000000,0.000000,0.000000,0.000000,7.289474,3.281053,0.000000
20260315:2310,0.000000,0.000000,0.000000,0.000000,6.817895,3.236842,0.000000
20260316:0010,0.000000,0.000000,0.000000,0.000000,6.330000,3.227368,0.000000
20260316:0110,0.000000,0.000000,0.000000,0.000000,5.834737,3.132632,0.000000
20260316:0210,0.000000,0.000000,0.000000,0.000000,5.425263,3.078947,0.000000
20260316:0310,0.000000,0.000000,0.000000,0.000000,5.025263,3.042632,0.000000
20260316:0410,0.000000,0.000000,0.000000,0.000000,4.673684,2.962632,0.000000
20260316:0510,0.000000,0.000000,0.000000,0.000000,4.435263,2.930000,0.000000
20260316:0610,0.000000,0.000000,0.000000,0.000000,4.202632,2.929474,0.000000
20260316:0710,48.947368,58.315789,0.000000,10.210000,4.622105,2.867895,0.000000
20260316:0810,126.842632,107.578947,0.000000,19.480000,6.310526,2.986842,0.000000
20260316:0910,184.952632,149.894737,0.000000,27.730000,8.006842,3.303158,0.000000
20260316:1010,204.004737,180.157895,0.000000,34.330000,9.627895,3.418947,0.000000
20260316:1110,273.636842,182.631579,0.000000,38.500000,11.058947,3.564211,0.000000
20260316:1210,293.163158,184.894737,0.000000,39.580000,12.111053,3.633684,0.000000
20260316:1310,303.058421,172.315789,0.000000,37.360000,12.927895,3.735789,0.000000
20260316:1410,244.848421,155.526316,0.000000,32.250000,13.398421,3.828947,0.000000
20260316:1510,175.952105,127.736842,0.000000,24.990000,13.521053,3.778421,0.000000
20260316:1610,87.894737,99.000000,0.000000,16.320000,13.245263,3.629474,0.000000
20260316:1710,22.052632,36.578947,0.000000,6.830000,12.421053,3.346842,0.000000
20260316:1810,0.000000,0.000000,0.000000,0.000000,11.106316,3.433684,0.000000
20260316:1910,0.000000,0.000000,0.000000,0.000000,9.985789,3.223158,0.000000
20260316:2010,0.000000,0.000000,0.000000,0.000000,9.113684,3.225789,0.000000
20260316:2110,0.000000,0.000000,0.000000,0.000000,8.462105,3.267368,0.000000
20260316:2210,0.000000,0.000000,0.000000,0.000000,7.945789,3.292105,0.000000
20260316:2310,0.000000,0.000000,0.000000,0.000000,7.473684,3.302632,0.000000
20260317:0010,0.000000,0.000000,0.000000,0.000000,7.068947,3.262632,0.000000
20260317:0110,0.000000,0.000000,0.000000,0.000000,6.630000,3.227368,0.000000
20260317:0210,0.000000,0.000000,0.000000,0.000000,6.158421,3.223158,0.000000
20260317:0310,0.000000,0.000000,0.000000,0.000000,5.756316,3.195263,0.000000
20260317:0410,0.000000,0.000000,0.000000,0.000000,5.496316,3.154737,0.000000
20260317:0510,0.000000,0.000000,0.000000,0.000000,5.322105,3.128947,0.000000
20260317:0610,0.000000,0.000000,0.000000,0.000000,5.106842,3.154211,0.000000
20260317:0710,37.842105,61.631579,0.000000,10.560000,5.295789,3.114737,0.000000
20260317:0810,65.421579,119.789474,0.000000,19.840000,6.414737,3.128421,0.000000
20260317:0910,127.530000,155.526316,0.000000,28.110000,7.678947,3.443684,0.000000
20260317:1010,143.476842,173.578947,0.000000,34.720000,8.816842,3.579474,0.000000
20260317:1110,200.319474,201.368421,0.000000,38.900000,9.846316,3.647368,0.000000
20260317:1210,190.530000,168.894737,0.000000,39.980000,10.723684,3.863158,0.000000
20260317:1310,195.003684,187.894737,0.000000,37.730000,11.280000,4.008421,0.000000
20260317:1410,159.372105,171.263158,0.000000,32.580000,11.686842,4.010526,0.000000
20260317:1510,133.635263,139.157895,0.000000,25.290000,11.780000,3.909474,0.000000
20260317:1610,68.526316,100.631579,0.000000,16.590000,11.514211,3.734737,0.000000
20260317:1710,19.684211,40.578947,0.000000,7.080000,10.813684,3.342632,0.000000
20260317:1810,0.000000,0.000000,0.000000,0.000000,9.668421,3.187895,0.000000
20260317:1910,0.000000,0.000000,0.000000,0.000000,8.405263,3.034737,0.000000
20260317:2010,0.000000,0.000000,0.000000,0.000000,7.696316,3.030526,0.000000
20260317:2110,0.000000,0.000000,0.000000,0.000000,7.126316,2.990000,0.000000
20260317:2210,0.000000,0.000000,0.000000,0.000000,6.633684,2.994211,0.000000
20260317:2310,0.000000,0.000000,0.000000,0.000000,6.129474,2.987368,0.000000
20260318:0010,0.000000,0.000000,0.000000,0.000000,5.669474,3.012632,0.000000
20260318:0110,0.000000,0.000000,0.000000,0.000000,5.293684,3.026842,0.000000
20260318:0210,0.000000,0.000000,0.000000,0.000000,4.933158,2.997895,0.000000
20260318:0310,0.000000,0.000000,0.000000,0.000000,4.616842,3.003684,0.000000
20260318:0410,0.000000,0.000000,0.000000,0.000000,4.437895,3.041053,0.000000
20260318:0510,0.000000,0.000000,0.000000,0.000000,4.313684,3.044211,0.000000
20260318:0610,0.000000,0.000000,0.000000,0.000000,4.186316,3.041053,0.000000
20260318:0710,46.263158,62.105263,0.000000,10.910000,4.623684,3.128947,0.000000
20260318:0810,92.526316,126.052632,0.000000,20.200000,5.818947,3.433684,0.000000
20260318:0910,139.055789,158.210526,0.000000,28.490000,7.153158,3.680526,0.000000
20260318:1010,117.949474,181.315789,0.000000,33.271579,8.318947,3.837368,0.000000
20260318:1110,177.635263,218.526316,0.000000,39.310000,9.311053,3.978947,0.000000
20260318:1210,191.477368,218.210526,0.000000,40.370000,10.121053,3.996316,0.000000
20260318:1310,169.634737,228.684211,0.000000,38.090000,10.727368,3.982105,0.000000
20260318:1410,210.478421,190.473684,0.000000,32.910000,11.104211,3.959474,0.000000
20260318:1510,146.898421,138.894737,0.000000,25.580000,11.100526,3.763684,0.000000
20260318:1610,78.000000,98.263158,0.000000,16.860000,10.880000,3.589474,0.000000
20260318:1710,26.105263,43.526316,0.000000,7.330000,10.284211,3.267895,0.000000
20260318:1810,0.000000,0.000000,0.000000,0.000000,9.252632,3.127895,0.000000
20260318:1910,0.000000,0.000000,0.000000,0.000000,8.325263,3.378947,0.000000
20260318:2010,0.000000,0.000000,0.000000,0.000000,7.635789,3.420000,0.000000
20260318:2110,0.000000,0.000000,0.000000,0.000000,6.990000,3.495789,0.000000
20260318:2210,0.000000,0.000000,0.000000,0.000000,6.493158,3.481579,0.000000
20260318:2310,0.000000,0.000000,0.000000,0.000000,6.065263,3.423158,0.000000
20260319:0010,0.000000,0.000000,0.000000,0.000000,5.669474,3.393684,0.000000
20260319:0110,0.000000,0.000000,0.000000,0.000000,5.316316,3.373158,0.000000
20260319:0210,0.000000,0.000000,0.000000,0.000000,4.927895,3.280526,0.000000
20260319:0310,0.000000,0.000000,0.000000,0.000000,4.598421,3.284211,0.000000
20260319:0410,0.000000,0.000000,0.000000,0.000000,4.315263,3.307895,0.000000
20260319:0510,0.000000,0.000000,0.000000,0.000000,4.177895,3.337368,0.000000
20260319:0610,0.000000,0.736842,0.000000,0.309474,4.021579,3.287895,0.000000
20260319:0710,28.578947,64.789474,0.000000,10.667368,4.302105,3.244211,0.000000
20260319:0810,97.894737,125.052632,0.000000,20.560000,5.420526,3.485263,0.000000
20260319:0910,140.844737,170.368421,0.000000,28.870000,6.638947,3.731053,0.000000
20260319:1010,162.529474,192.473684,0.000000,35.510000,7.801579,3.717368,0.000000
20260319:1110,184.582105,190.105263,0.000000,39.710000,8.855789,3.785263,0.000000
20260319:1210,196.530000,192.894737,0.000000,40.760000,9.778421,3.905789,0.000000
20260319:1310,202.372105,190.789474,0.000000,38.460000,10.465789,3.988947,0.000000
20260319:1410,156.266842,163.736842,0.000000,33.230000,10.873158,3.991053,0.000000
20260319:1510,135.476842,139.052632,0.000000,25.870000,11.016842,3.960000,0.000000
20260319:1610,79.736842,90.526316,0.000000,17.120000,10.764211,3.866316,0.000000
20260319:1710,23.631579,42.894737,0.000000,7.580000,10.142105,3.343684,0.000000
20260319:1810,0.000000,0.000000,0.000000,0.000000,9.075263,3.189474,0.000000
20260319:1910,0.000000,0.000000,0.000000,0.000000,8.071579,3.132632,0.000000
20260319:2010,0.000000,0.000000,0.000000,0.000000,7.291579,3.139474,0.000000
20260319:2110,0.000000,0.000000,0.000000,0.000000,6.650000,3.096842,0.000000
20260319:2210,0.000000,0.000000,0.000000,0.000000,5.982632,3.019474,0.000000
20260319:2310,0.000000,0.000000,0.000000,0.000000,5.507895,2.951053,0.000000
20260320:0010,0.000000,0.000000,0.000000,0.000000,5.135263,2.888421,0.000000
20260320:0110,0.000000,0.000000,0.000000,0.000000,4.743158,2.853684,0.000000
20260320:0210,0.000000,0.000000,0.000000,0.000000,4.269474,2.838947,0.000000
20260320:0310,0.000000,0.000000,0.000000,0.000000,3.753158,2.874737,0.000000
20260320:0410,0.000000,0.000000,0.000000,0.000000,3.397368,2.896316,0.000000
20260320:0510,0.000000,0.000000,0.000000,0.000000,3.215789,2.860526,0.000000
20260320:0610,0.000000,4.105263,0.000000,1.724211,3.042632,2.835789,0.000000
20260320:0710,55.421053,62.736842,0.000000,11.620000,3.766316,2.719474,0.000000
20260320:0810,135.631579,118.526316,0.000000,20.930000,5.570000,3.176316,0.000000
20260320:0910,203.636316,166.105263,0.000000,29.240000,7.211053,3.416842,0.000000
20260320:1010,249.163158,187.473684,0.000000,35.910000,8.633684,3.793158,0.000000
20260320:1110,243.267895,206.368421,0.000000,40.110000,9.810000,3.945263,0.000000
20260320:1210,236.636316,190.684211,0.000000,41.150000,10.733684,3.963684,0.000000
20260320:1310,261.688947,180.421053,0.000000,36.776842,11.353158,3.945789,0.000000
20260320:1410,243.162632,176.368421,0.000000,33.560000,11.714211,4.101053,0.000000
20260320:1510,190.057895,139.105263,0.000000,26.160000,11.630000,4.068421,0.000000
20260320:1610,89.578947,99.421053,0.000000,17.390000,11.378421,3.913158,0.000000
20260320:1710,31.210526,44.526316,0.000000,7.830000,10.744737,3.561053,0.000000
20260320:1810,0.000000,0.000000,0.000000,0.000000,9.579474,3.444737,0.000000
20260320:1910,0.000000,0.000000,0.000000,0.000000,8.523158,3.455263,0.000000
20260320:2010,0.000000,0.000000,0.000000,0.000000,7.677895,3.521053,0.000000
20260320:2110,0.000000,0.000000,0.000000,0.000000,6.935789,3.574737,0.000000
20260320:2210,0.000000,0.000000,0.000000,0.000000,6.289474,3.604737,0.000000
20260320:2310,0.000000,0.000000,0.000000,0.000000,5.728421,3.594211,0.000000
20260321:0010,0.000000,0.000000,0.000000,0.000000,5.313158,3.476842,0.000000
20260321:0110,0.000000,0.000000,0.000000,0.000000,4.954211,3.382632,0.000000
20260321:0210,0.000000,0.000000,0.000000,0.000000,4.607895,3.313684,0.000000
20260321:0310,0.000000,0.000000,0.000000,0.000000,4.321053,3.314211,0.000000
20260321:0410,0.000000,0.000000,0.000000,0.000000,4.087368,3.331579,0.000000
20260321:0510,0.000000,0.000000,0.000000,0.000000,3.962105,3.353158,0.000000
20260321:0610,0.000000,5.000000,0.000000,2.046316,3.986316,3.332105,0.000000
20260321:0710,40.052632,65.105263,0.000000,11.340000,4.583684,3.345789,0.000000
20260321:0810,81.368947,99.000000,0.000000,20.169474,6.248947,3.695263,0.000000
20260321:0910,127.371579,144.947368,0.000000,29.620000,7.613684,4.053684,0.000000
20260321:1010,208.161579,184.052632,0.000000,36.300000,8.661579,4.102105,0.000000
20260321:1110,252.214737,180.684211,0.000000,40.510000,9.566842,4.166316,0.000000
20260321:1210,199.266316,193.947368,0.000000,41.540000,10.370000,3.952632,0.000000
20260321:1310,223.424737,214.947368,0.000000,39.180000,10.902105,4.006842,0.000000
20260321:1410,168.582105,172.105263,0.000000,33.880000,11.154211,4.115789,0.000000
20260321:1510,148.687368,147.421053,0.000000,26.450000,11.167368,4.084211,0.000000
20260321:1610,97.473684,107.842105,0.000000,17.650000,10.865263,3.892105,0.000000
20260321:1710,30.421053,44.578947,0.000000,8.080000,10.278947,3.378947,0.000000
20260321:1810,0.000000,0.000000,0.000000,0.000000,9.176316,3.169474,0.000000
20260321:1910,0.000000,0.000000,0.000000,0.000000,8.248421,3.048421,0.000000
20260321:2010,0.000000,0.000000,0.000000,0.000000,7.456316,3.077368,0.000000
20260321:2110,0.000000,0.000000,0.000000,0.000000,6.801579,3.117895,0.000000
20260321:2210,0.000000,0.000000,0.000000,0.000000,6.274211,3.150526,0.000000
20260321:2310,0.000000,0.000000,0.000000,0.000000,5.836842,3.194211,0.000000
20260322:0010,0.000000,0.000000,0.000000,0.000000,5.490000,3.208421,0.000000
20260322:0110,0.000000,0.000000,0.000000,0.000000,5.136316,3.179474,0.000000
20260322:0210,0.000000,0.000000,0.000000,0.000000,4.804737,3.136316,0.000000
20260322:0310,0.000000,0.000000,0.000000,0.000000,4.563684,3.124737,0.000000
20260322:0410,0.000000,0.000000,0.000000,0.000000,4.357368,3.143158,0.000000
20260322:0510,0.000000,0.000000,0.000000,0.000000,4.176316,3.180526,0.000000
20260322:0610,1.631579,8.062105,0.000000,2.377895,4.060526,3.236842,0.000000
20260322:0710,53.842105,70.368421,0.000000,11.671579,4.867895,3.104211,0.000000
20260322:0810,107.843684,115.894737,0.000000,21.660000,6.307368,3.386842,0.000000
20260322:0910,158.425263,147.894737,0.000000,30.000000,7.665789,3.731579,0.000000
20260322:1010,160.476316,191.789474,0.000000,36.700000,8.698421,4.040000,0.000000
20260322:1110,177.318947,206.368421,0.000000,40.920000,9.631579,4.221579,0.000000
20260322:1210,242.424737,209.368421,0.000000,41.930000,10.370526,4.217368,0.000000
20260322:1310,226.846316,198.631579,0.000000,39.540000,11.127895,4.393684,0.000000
20260322:1410,204.320526,181.315789,0.000000,34.200000,11.528947,4.359474,0.000000
20260322:1510,141.582632,147.368421,0.000000,26.740000,11.567895,4.293684,0.000000
20260322:1610,86.157895,100.368421,0.000000,17.920000,11.346842,4.043684,0.000000
20260322:1710,31.263158,49.368421,0.000000,8.330000,10.817368,3.503158,0.000000
20260322:1810,0.000000,0.000000,0.000000,0.000000,9.835789,3.267895,0.000000
20260322:1910,0.000000,0.000000,0.000000,0.000000,8.670000,3.248421,0.000000
20260322:2010,0.000000,0.000000,0.000000,0.000000,7.886316,3.213158,0.000000
20260322:2110,0.000000,0.000000,0.000000,0.000000,7.215789,3.186316,0.000000
20260322:2210,0.000000,0.000000,0.000000,0.000000,6.672105,3.065789,0.000000
20260322:2310,0.000000,0.000000,0.000000,0.000000,6.099474,2.958421,0.000000
20260323:0010,0.000000,0.000000,0.000000,0.000000,5.449474,2.871053,0.000000
20260323:0110,0.000000,0.000000,0.000000,0.000000,4.853684,2.831053,0.000000
20260323:0210,0.000000,0.000000,0.000000,0.000000,4.329474,2.786842,0.000000
20260323:0310,0.000000,0.000000,0.000000,0.000000,3.928947,2.704211,0.000000
20260323:0410,0.000000,0.000000,0.000000,0.000000,3.570526,2.637895,0.000000
20260323:0510,0.000000,0.000000,0.000000,0.000000,3.254737,2.577895,0.000000
20260323:0610,1.947368,9.343684,0.000000,2.709474,3.058421,2.595263,0.000000
20260323:0710,70.578947,70.210526,0.000000,12.670000,3.726316,2.389474,0.000000
20260323:0810,150.633684,123.842105,0.000000,22.020000,5.780000,2.750526,0.000000
20260323:0910,224.847368,154.947368,0.000000,30.380000,7.554211,3.037895,0.000000
20260323:1010,300.322105,171.157895,0.000000,37.090000,9.103684,3.274737,0.000000
20260323:1110,326.531579,192.526316,0.000000,41.320000,10.421579,3.448421,0.000000
20260323:1210,341.479474,167.789474,0.000000,42.330000,11.341579,3.463158,0.000000
20260323:1310,313.426316,167.894737,0.000000,39.900000,11.963684,3.403684,0.000000
20260323:1410,242.215263,153.052632,0.000000,34.520000,12.274211,3.481053,0.000000
20260323:1510,173.952105,131.631579,0.000000,27.030000,12.282632,3.537895,0.000000
20260323:1610,114.684211,101.842105,0.000000,18.180000,12.007368,3.487895,0.000000
20260323:1710,30.315789,44.947368,0.000000,8.128421,11.357895,3.200000,0.000000
20260323:1810,0.000000,0.000000,0.000000,-0.068947,10.122105,3.258947,0.000000
20260323:1910,0.000000,0.000000,0.000000,0.000000,8.940000,3.317895,0.000000
20260323:2010,0.000000,0.000000,0.000000,0.000000,8.156316,3.296316,0.000000
20260323:2110,0.000000,0.000000,0.000000,0.000000,7.593684,3.244737,0.000000
20260323:2210,0.000000,0.000000,0.000000,0.000000,7.086842,3.197368,0.000000
20260323:2310,0.000000,0.000000,0.000000,0.000000,6.612632,3.172632,0.000000
20260324:0010,0.000000,0.000000,0.000000,0.000000,6.147895,3.183158,0.000000
20260324:0110,0.000000,0.000000,0.000000,0.000000,5.747368,3.157895,0.000000
20260324:0210,0.000000,0.000000,0.000000,0.000000,5.376842,3.064737,0.000000
20260324:0310,0.000000,0.000000,0.000000,0.000000,5.060000,2.965789,0.000000
20260324:0410,0.000000,0.000000,0.000000,0.000000,4.788421,2.875263,0.000000
20260324:0510,0.000000,0.000000,0.000000,0.000000,4.476842,2.813158,0.000000
20260324:0610,2.315789,10.809474,0.000000,3.041053,4.245789,2.770526,0.000000
20260324:0710,63.684211,73.421053,0.000000,13.030000,4.973684,2.533684,0.000000
20260324:0810,126.159474,108.526316,0.000000,21.202105,6.762632,2.895789,0.000000
20260324:0910,203.477368,172.947368,0.000000,30.760000,8.265789,3.303684,0.000000
20260324:1010,219.372632,197.263158,0.000000,37.490000,9.642105,3.506842,0.000000
20260324:1110,227.162105,208.578947,0.000000,41.720000,10.757368,3.706842,0.000000
20260324:1210,248.793684,219.526316,0.000000,42.720000,11.634737,3.753158,0.000000
20260324:1310,258.110000,187.421053,0.000000,40.260000,12.236842,3.763684,0.000000
20260324:1410,195.951579,164.368421,0.000000,34.840000,12.507368,3.783158,0.000000
20260324:1510,143.423684,161.421053,0.000000,27.310000,12.493158,3.764737,0.000000
20260324:1610,90.631579,111.947368,0.000000,18.440000,12.194737,3.511053,0.000000
20260324:1710,32.000000,49.105263,0.000000,8.830000,11.529474,3.088947,0.000000
20260324:1810,0.000000,0.000000,0.000000,-0.055789,10.403684,3.114211,0.000000
20260324:1910,0.000000,0.000000,0.000000,0.000000,9.217895,3.046316,0.000000
20260324:2010,0.000000,0.000000,0.000000,0.000000,8.378421,3.067895,0.000000
20260324:2110,0.000000,0.000000,0.000000,0.000000,7.651053,3.131053,0.000000
20260324:2210,0.000000,0.000000,0.000000,0.000000,7.075789,3.167368,0.000000
20260324:2310,0.000000,0.000000,0.000000,0.000000,6.627895,3.157368,0.000000
20260325:0010,0.000000,0.000000,0.000000,0.000000,6.251579,3.136316,0.000000
20260325:0110,0.000000,0.000000,0.000000,0.000000,5.933684,3.066842,0.000000
20260325:0210,0.000000,0.000000,0.000000,0.000000,5.653158,3.041053,0.000000
20260325:0310,0.000000,0.000000,0.000000,0.000000,5.338421,3.004211,0.000000
20260325:0410,0.000000,0.000000,0.000000,0.000000,5.036316,3.034737,0.000000
20260325:0510,0.000000,0.000000,0.000000,0.000000,4.801053,3.078947,0.000000
20260325:0610,1.526316,12.036842,0.000000,3.363158,4.654211,3.114211,0.000000
20260325:0710,61.210526,72.789474,0.000000,13.380000,5.655789,3.132632,0.000000
20260325:0810,139.053158,122.473684,0.000000,22.740000,7.001579,3.535789,0.000000
20260325:0910,164.687368,179.210526,0.000000,31.140000,8.311053,4.110000,0.000000
20260325:1010,191.897368,208.578947,0.000000,37.880000,9.351053,4.152632,0.000000
20260325:1110,285.425263,207.473684,0.000000,42.120000,10.380526,4.217368,0.000000
20260325:1210,331.215789,192.684211,0.000000,43.100000,11.145789,4.283684,0.000000
20260325:1310,315.742632,198.842105,0.000000,40.620000,11.783158,4.413684,0.000000
20260325:1410,284.690000,167.263158,0.000000,35.160000,12.216842,4.472632,0.000000
20260325:1510,216.636842,149.105263,0.000000,27.590000,12.394211,4.447368,0.000000
20260325:1610,124.947368,104.894737,0.000000,18.700000,12.155263,4.206842,0.000000
20260325:1710,45.421053,50.473684,0.000000,9.070000,11.525263,3.640526,0.000000
20260325:1810,0.000000,0.000000,0.000000,-0.043158,10.357368,3.320526,0.000000
20260325:1910,0.000000,0.000000,0.000000,0.000000,9.576842,3.327368,0.000000
20260325:2010,0.000000,0.000000,0.000000,0.000000,8.820000,3.216316,0.000000
20260325:2110,0.000000,0.000000,0.000000,0.000000,8.195789,3.223684,0.000000
20260325:2210,0.000000,0.000000,0.000000,0.000000,7.458947,3.223684,0.000000
20260325:2310,0.000000,0.000000,0.000000,0.000000,6.944211,3.190526,0.000000
20260326:0010,0.000000,0.000000,0.000000,0.000000,6.561579,3.166316,0.000000
20260326:0110,0.000000,0.000000,0.000000,0.000000,6.171579,3.092105,0.000000
20260326:0210,0.000000,0.000000,0.000000,0.000000,5.831579,3.081579,0.000000
20260326:0310,0.000000,0.000000,0.000000,0.000000,5.491579,3.128421,0.000000
20260326:0410,0.000000,0.000000,0.000000,0.000000,5.197895,3.230526,0.000000
20260326:0510,0.000000,0.000000,0.000000,0.000000,4.913158,3.161053,0.000000
20260326:0610,3.368421,16.920526,0.000000,3.694737,4.718947,3.111053,0.000000
20260326:0710,64.000000,78.157895,0.000000,13.730000,5.716842,2.953684,0.000000
20260326:0810,120.842632,144.000000,0.000000,23.110000,7.358421,3.320526,0.000000
20260326:0910,214.320000,173.947368,0.000000,31.520000,8.817368,3.836316,0.000000
20260326:1010,282.531579,193.842105,0.000000,38.280000,10.051579,3.938947,0.000000
20260326:1110,329.584211,205.473684,0.000000,42.520000,11.089474,4.014737,0.000000
20260326:1210,296.373158,221.105263,0.000000,43.490000,11.915789,4.115789,0.000000
20260326:1310,223.634737,206.736842,0.000000,40.970000,12.524737,4.293158,0.000000
20260326:1410,215.424737,162.631579,0.000000,33.612632,12.907895,4.268421,0.000000
20260326:1510,160.424737,146.789474,0.000000,27.880000,12.885789,4.069474,0.000000
20260326:1610,99.210526,116.210526,0.000000,18.950000,12.586842,3.789474,0.000000
20260326:1710,42.736842,53.315789,0.000000,9.320000,11.966316,3.271053,0.000000
20260326:1810,0.000000,0.000000,0.000000,-0.030526,10.936316,3.236316,0.000000
20260326:1910,0.000000,0.000000,0.000000,0.000000,9.823158,3.216842,0.000000
20260326:2010,0.000000,0.000000,0.000000,0.000000,9.070526,3.266842,0.000000
20260326:2110,0.000000,0.000000,0.000000,0.000000,8.464737,3.244737,0.000000
20260326:2210,0.000000,0.000000,0.000000,0.000000,7.986842,3.292632,0.000000
20260326:2310,0.000000,0.000000,0.000000,0.000000,7.508947,3.354737,0.000000
20260327:0010,0.000000,0.000000,0.000000,0.000000,6.967895,3.320000,0.000000
20260327:0110,0.000000,0.000000,0.000000,0.000000,6.330000,3.212105,0.000000
20260327:0210,0.000000,0.000000,0.000000,0.000000,5.861579,3.078421,0.000000
20260327:0310,0.000000,0.000000,0.000000,0.000000,5.486316,3.030526,0.000000
20260327:0410,0.000000,0.000000,0.000000,0.000000,5.134737,3.038421,0.000000
20260327:0510,0.000000,0.000000,0.000000,0.000000,4.890526,3.063158,0.000000
20260327:0610,4.263158,18.671579,0.000000,4.026316,4.648947,3.092105,0.000000
20260327:0710,77.210526,78.947368,0.000000,14.080000,5.590000,2.986842,0.000000
20260327:0810,167.948421,118.052632,0.000000,23.470000,7.161579,3.307368,0.000000
20260327:0910,297.374737,147.052632,0.000000,31.900000,8.711579,3.691579,0.000000
20260327:1010,314.795263,194.315789,0.000000,38.670000,9.998947,3.864211,0.000000
20260327:1110,311.056842,225.421053,0.000000,42.920000,11.124737,3.806842,0.000000
20260327:1210,302.320526,224.157895,0.000000,43.880000,11.968947,3.845263,0.000000
20260327:1310,265.373158,223.210526,0.000000,41.330000,12.544737,3.919474,0.000000
20260327:1410,242.425789,198.842105,0.000000,35.790000,12.890000,3.953158,0.000000
20260327:1510,171.003158,169.421053,0.000000,28.160000,12.829474,4.000000,0.000000
20260327:1610,108.157895,118.000000,0.000000,19.210000,12.568421,3.790000,0.000000
20260327:1710,36.000000,60.052632,0.000000,9.560000,11.965789,3.207895,0.000000
20260327:1810,0.000000,0.000000,0.000000,-0.017368,10.911579,2.976842,0.000000
20260327:1910,0.000000,0.000000,0.000000,0.000000,9.963684,2.990526,0.000000
20260327:2010,0.000000,0.000000,0.000000,0.000000,9.010000,3.033684,0.000000
20260327:2110,0.000000,0.000000,0.000000,0.000000,8.175789,3.070000,0.000000
20260327:2210,0.000000,0.000000,0.000000,0.000000,7.491579,3.041579,0.000000
20260327:2310,0.000000,0.000000,0.000000,0.000000,6.975263,3.031053,0.000000
20260328:0010,0.000000,0.000000,0.000000,0.000000,6.578947,3.030000,0.000000
20260328:0110,0.000000,0.000000,0.000000,0.000000,6.298421,3.014737,0.000000
20260328:0210,0.000000,0.000000,0.000000,0.000000,6.061579,3.013684,0.000000
20260328:0310,0.000000,0.000000,0.000000,0.000000,5.807895,3.020000,0.000000
20260328:0410,0.000000,0.000000,0.000000,0.000000,5.691579,2.954211,0.000000
20260328:0510,0.000000,0.000000,0.000000,0.000000,5.560000,2.928947,0.000000
20260328:0610,3.631579,18.848421,0.000000,4.348421,5.421053,2.961053,0.000000
20260328:0710,67.052632,83.894737,0.000000,14.430000,6.345789,3.026316,0.000000
20260328:0810,141.947895,130.052632,0.000000,23.830000,7.981053,3.299474,0.000000
20260328:0910,197.214737,172.947368,0.000000,32.270000,9.497368,3.589474,0.000000
20260328:1010,262.583684,173.052632,0.000000,39.060000,10.847895,3.803684,0.000000
20260328:1110,295.742105,200.736842,0.000000,43.320000,11.868421,4.115789,0.000000
20260328:1210,289.952105,230.210526,0.000000,44.270000,12.804737,4.271579,0.000000
20260328:1310,246.162632,205.315789,0.000000,41.680000,13.390526,4.308947,0.000000
20260328:1410,234.794737,157.052632,0.000000,36.110000,13.665263,4.453684,0.000000
20260328:1510,139.950000,139.947368,0.000000,28.440000,13.436316,4.302105,0.000000
20260328:1610,100.736842,106.684211,0.000000,19.470000,13.056316,4.182632,0.000000
20260328:1710,37.631579,58.631579,0.000000,9.800000,12.386316,3.870000,0.000000
20260328:1810,0.000000,0.000000,0.000000,-0.004737,11.251579,3.771579,0.000000
20260328:1910,0.000000,0.000000,0.000000,0.000000,10.118421,3.713684,0.000000
20260328:2010,0.000000,0.000000,0.000000,0.000000,9.169474,3.742105,0.000000
20260328:2110,0.000000,0.000000,0.000000,0.000000,8.390526,3.745263,0.000000
20260328:2210,0.000000,0.000000,0.000000,0.000000,7.774737,3.715789,0.000000
20260328:2310,0.000000,0.000000,0.000000,0.000000,7.253684,3.617895,0.000000
20260329:0010,0.000000,0.000000,0.000000,0.000000,6.815789,3.506316,0.000000
20260329:0110,0.000000,0.000000,0.000000,0.000000,6.410000,3.422105,0.000000
20260329:0210,0.000000,0.000000,0.000000,0.000000,6.010526,3.305263,0.000000
20260329:0310,0.000000,0.000000,0.000000,0.000000,5.658947,3.215789,0.000000
20260329:0410,0.000000,0.000000,0.000000,0.000000,5.404737,3.077895,0.000000
20260329:0510,0.000000,0.000000,0.000000,0.000000,5.055789,3.058421,0.000000
20260329:0610,8.736842,21.055789,0.000000,4.940000,4.848947,2.998421,0.000000
20260329:0710,87.473684,85.578947,0.000000,14.780000,6.233158,2.842105,0.000000
20260329:0810,144.474211,143.052632,0.000000,24.190000,8.072632,3.457895,0.000000
20260329:0910,240.794211,179.526316,0.000000,32.650000,9.746316,3.790000,0.000000
20260329:1010,259.004211,221.578947,0.000000,39.450000,11.164737,4.003684,0.000000
20260329:1110,271.267895,245.578947,0.000000,43.720000,12.365263,4.203158,0.000000
20260329:1210,325.058421,241.526316,0.000000,44.650000,13.224211,4.334211,0.000000
20260329:1310,223.740000,238.736842,0.000000,42.030000,13.704211,4.405789,0.000000
20260329:1410,188.213684,191.105263,0.000000,36.420000,13.856842,4.476316,0.000000
20260329:1510,148.738421,166.684211,0.000000,28.710000,13.828421,4.171579,0.000000
20260329:1610,59.684211,107.315789,0.000000,18.682105,13.609474,3.828421,0.000000
20260329:1710,23.210526,53.000000,0.000000,9.521053,12.974211,3.500526,0.000000
20260329:1810,0.000000,0.105263,0.000000,0.007895,11.807368,3.535789,0.000000
20260329:1910,0.000000,0.000000,0.000000,0.000000,10.805789,3.430000,0.000000
20260329:2010,0.000000,0.000000,0.000000,0.000000,10.046842,3.484737,0.000000
20260329:2110,0.000000,0.000000,0.000000,0.000000,9.393158,3.545789,0.000000
20260329:2210,0.000000,0.000000,0.000000,0.000000,8.845263,3.607895,0.000000
20260329:2310,0.000000,0.000000,0.000000,0.000000,8.374737,3.651053,0.000000
20260330:0010,0.000000,0.000000,0.000000,0.000000,7.940000,3.694737,0.000000
20260330:0110,0.000000,0.000000,0.000000,0.000000,7.464211,3.685263,0.000000
20260330:0210,0.000000,0.000000,0.000000,0.000000,7.124737,3.677368,0.000000
20260330:0310,0.000000,0.000000,0.000000,0.000000,6.792105,3.670000,0.000000
20260330:0410,0.000000,0.000000,0.000000,0.000000,6.556842,3.566842,0.000000
20260330:0510,0.000000,0.000000,0.000000,0.000000,6.314737,3.458947,0.000000
20260330:0610,5.421053,24.079474,0.000000,5.280000,6.112632,3.309474,0.000000
20260330:0710,69.736842,84.789474,0.000000,15.130000,7.048421,3.292105,0.000000
20260330:0810,110.368947,133.578947,0.000000,24.550000,8.491579,3.434737,0.000000
20260330:0910,169.793158,155.368421,0.000000,33.020000,9.695789,3.595263,0.000000
20260330:1010,211.845789,183.842105,0.000000,39.840000,10.826316,3.687368,0.000000
20260330:1110,252.741053,215.842105,0.000000,44.120000,11.804211,3.796316,0.000000
20260330:1210,247.162105,209.789474,0.000000,45.040000,12.460526,3.918421,0.000000
20260330:1310,202.476842,184.526316,0.000000,42.380000,12.924211,4.115263,0.000000
20260330:1410,176.687368,165.578947,0.000000,36.730000,13.082105,4.144737,0.000000
20260330:1510,152.687368,131.894737,0.000000,28.990000,12.956316,4.243158,0.000000
20260330:1610,106.631579,102.052632,0.000000,19.970000,12.617368,4.108947,0.000000
20260330:1710,42.052632,59.842105,0.000000,10.290000,12.073158,3.811053,0.000000
20260330:1810,0.000000,0.684211,0.000000,0.020526,11.103158,3.614737,0.000000
20260330:1910,0.000000,0.000000,0.000000,0.000000,10.098947,3.470000,0.000000
20260330:2010,0.000000,0.000000,0.000000,0.000000,9.347895,3.550000,0.000000
20260330:2110,0.000000,0.000000,0.000000,0.000000,8.792105,3.592632,0.000000
20260330:2210,0.000000,0.000000,0.000000,0.000000,8.326316,3.615263,0.000000
20260330:2310,0.000000,0.000000,0.000000,0.000000,7.918947,3.588421,0.000000
20260331:0010,0.000000,0.000000,0.000000,0.000000,7.537895,3.550526,0.000000
20260331:0110,0.000000,0.000000,0.000000,0.000000,7.186842,3.535263,0.000000
20260331:0210,0.000000,0.000000,0.000000,0.000000,6.937895,3.485789,0.000000
20260331:0310,0.000000,0.000000,0.000000,0.000000,6.469474,3.498421,0.000000
20260331:0410,0.000000,0.000000,0.000000,0.000000,6.122632,3.531579,0.000000
20260331:0510,0.000000,0.000000,0.000000,0.000000,5.740526,3.616316,0.000000
20260331:0610,9.210526,26.575263,0.000000,5.630000,5.584211,3.644211,0.000000
20260331:0710,73.473684,90.947368,0.000000,15.470000,6.736842,3.557895,0.000000
20260331:0810,131.000000,132.631579,0.000000,24.900000,8.263684,4.054737,0.000000
20260331:0910,137.633684,176.736842,0.000000,33.390000,9.593158,4.411579,0.000000
20260331:1010,194.266842,219.263158,0.000000,40.230000,10.778947,4.533684,0.000000
20260331:1110,169.791053,264.526316,0.000000,44.520000,11.641579,4.656316,0.000000
20260331:1210,168.896842,243.000000,0.000000,45.420000,12.174211,4.758947,0.000000
20260331:1310,219.583158,216.947368,0.000000,42.730000,12.592632,4.763158,0.000000
20260331:1410,190.266316,188.157895,0.000000,37.040000,12.775789,4.704211,0.000000
20260331:1510,137.949474,161.684211,0.000000,29.260000,12.777895,4.565263,0.000000
20260331:1610,99.842105,106.631579,0.000000,20.220000,12.491053,4.329474,0.000000
20260331:1710,39.894737,61.578947,0.000000,10.530000,11.940000,3.968421,0.000000
20260331:1810,0.000000,0.894737,0.000000,0.033158,10.890000,3.777895,0.000000
20260331:1910,0.000000,0.000000,0.000000,0.000000,9.680000,3.829474,0.000000
20260331:2010,0.000000,0.000000,0.000000,0.000000,8.757895,3.891053,0.000000
20260331:2110,0.000000,0.000000,0.000000,0.000000,8.022105,3.946842,0.000000
20260331:2210,0.000000,0.000000,0.000000,0.000000,7.358947,3.862632,0.000000
20260331:2310,0.000000,0.000000,0.000000,0.000000,6.913684,3.748947,0.000000
20260401:0010,0.000000,0.000000,0.000000,0.000000,6.505263,3.645263,0.000000
20260401:0110,0.000000,0.000000,0.000000,0.000000,6.182105,3.597368,0.000000
20260401:0210,0.000000,0.000000,0.000000,0.000000,5.882632,3.582105,0.000000
20260401:0310,0.000000,0.000000,0.000000,0.000000,5.554737,3.603684,0.000000
20260401:0410,0.000000,0.000000,0.000000,0.000000,5.333684,3.589474,0.000000
20260401:0510,0.000000,0.000000,0.000000,0.000000,5.196842,3.440526,0.000000
20260401:0610,10.421053,31.052632,0.000000,5.970000,5.085263,3.411579,0.000000
20260401:0710,82.157895,92.684211,0.000000,15.820000,6.147895,3.292105,0.000000
20260401:0810,157.052632,142.578947,0.000000,25.260000,7.637368,3.973684,0.000000
20260401:0910,288.584737,169.263158,0.000000,33.760000,9.102632,4.247895,0.000000
20260401:1010,341.584211,204.578947,0.000000,40.620000,10.583684,4.228947,0.000000
20260401:1110,364.743158,191.421053,0.000000,44.910000,11.766316,4.293684,0.000000
20260401:1210,325.741579,220.000000,0.000000,45.800000,12.683158,4.312632,0.000000
20260401:1310,306.952632,209.789474,0.000000,43.080000,13.313684,4.363158,0.000000
20260401:1410,276.479474,175.157895,0.000000,37.350000,13.625789,4.307895,0.000000
20260401:1510,204.003684,163.473684,0.000000,29.540000,13.630526,4.295263,0.000000
20260401:1610,133.105263,126.894737,0.000000,20.470000,13.339474,3.982105,0.000000
20260401:1710,53.736842,66.421053,0.000000,10.770000,12.773158,3.411053,0.000000
20260401:1810,0.000000,1.052632,0.000000,0.045789,11.577368,3.171579,0.000000
20260401:1910,0.000000,0.000000,0.000000,0.000000,10.238947,3.130000,0.000000
20260401:2010,0.000000,0.000000,0.000000,0.000000,9.353158,3.194211,0.000000
20260401:2110,0.000000,0.000000,0.000000,0.000000,8.620526,3.278947,0.000000
20260401:2210,0.000000,0.000000,0.000000,0.000000,8.036842,3.336316,0.000000
20260401:2310,0.000000,0.000000,0.000000,0.000000,7.516316,3.375789,0.000000
20260402:0010,0.000000,0.000000,0.000000,0.000000,7.057368,3.382632,0.000000
20260402:0110,0.000000,0.000000,0.000000,0.000000,6.638947,3.405263,0.000000
20260402:0210,0.000000,0.000000,0.000000,0.000000,6.305789,3.451579,0.000000
20260402:0310,0.000000,0.000000,0.000000,0.000000,6.007368,3.487368,0.000000
20260402:0410,0.000000,0.000000,0.000000,0.000000,5.753158,3.515263,0.000000
20260402:0510,0.000000,0.000000,0.000000,0.000000,5.505263,3.521053,0.000000
20260402:0610,16.000000,32.000000,0.000000,6.310000,5.386842,3.459474,0.000000
20260402:0710,89.526316,93.210526,0.000000,16.160000,6.593158,3.385263,0.000000
20260402:0810,167.895263,133.684211,0.000000,25.610000,8.277895,4.047368,0.000000
20260402:0910,252.057895,178.526316,0.000000,34.130000,9.804737,4.213684,0.000000
20260402:1010,366.954211,188.052632,0.000000,41.010000,11.143158,4.257368,0.000000
20260402:1110,321.004737,221.684211,0.000000,45.300000,12.223158,4.341053,0.000000
20260402:1210,297.742105,213.578947,0.000000,46.180000,12.942632,4.446316,0.000000
20260402:1310,276.163158,194.263158,0.000000,43.420000,13.399474,4.499474,0.000000
20260402:1410,212.792632,186.947368,0.000000,37.650000,13.635789,4.400526,0.000000
20260402:1510,175.107895,137.631579,0.000000,29.810000,13.541579,4.153158,0.000000
20260402:1610,113.894737,100.210526,0.000000,20.720000,13.283684,3.858421,0.000000
20260402:1710,43.947368,61.789474,0.000000,11.000000,12.734737,3.412105,0.000000
20260402:1810,0.000000,1.157895,0.000000,0.058421,11.787368,3.026842,0.000000
20260402:1910,0.000000,0.000000,0.000000,0.000000,10.671053,2.993158,0.000000
20260402:2010,0.000000,0.000000,0.000000,0.000000,9.881053,3.267368,0.000000
20260402:2110,0.000000,0.000000,0.000000,0.000000,9.228947,3.321053,0.000000
20260402:2210,0.000000,0.000000,0.000000,0.000000,8.669474,3.271053,0.000000
20260402:2310,0.000000,0.000000,0.000000,0.000000,8.186842,3.202632,0.000000
20260403:0010,0.000000,0.000000,0.000000,0.000000,7.766316,3.102105,0.000000
20260403:0110,0.000000,0.000000,0.000000,0.000000,7.522105,3.125263,0.000000
20260403:0210,0.000000,0.000000,0.000000,0.000000,7.279474,3.140000,0.000000
20260403:0310,0.000000,0.000000,0.000000,0.000000,7.023684,3.035263,0.000000
20260403:0410,0.000000,0.000000,0.000000,0.000000,6.764211,2.966316,0.000000
20260403:0510,0.000000,0.000000,0.000000,0.000000,6.493684,2.950526,0.000000
20260403:0610,14.842105,32.526316,0.000000,6.650000,6.387895,2.941053,0.000000
20260403:0710,76.736842,97.526316,0.000000,16.500000,7.310526,2.972632,0.000000
20260403:0810,160.263684,138.684211,0.000000,25.960000,8.634737,3.371579,0.000000
20260403:0910,207.108947,171.052632,0.000000,34.500000,9.926842,3.481579,0.000000
20260403:1010,223.108947,218.578947,0.000000,41.390000,11.020526,3.652632,0.000000
20260403:1110,308.110000,213.105263,0.000000,45.690000,11.927368,3.781579,0.000000
20260403:1210,325.742632,193.684211,0.000000,46.560000,12.518947,3.909474,0.000000
20260403:1310,257.688421,217.789474,0.000000,43.770000,13.014737,3.974737,0.000000
20260403:1410,213.951053,189.631579,0.000000,37.950000,13.118947,4.024737,0.000000
20260403:1510,182.370526,158.473684,0.000000,30.080000,12.918421,3.923684,0.000000
20260403:1610,108.263158,115.157895,0.000000,20.970000,12.538421,3.727368,0.000000
20260403:1710,45.105263,65.473684,0.000000,11.240000,11.864737,3.216316,0.000000
20260403:1810,0.000000,1.210526,0.000000,0.070526,10.885789,2.788947,0.000000
20260403:1910,0.000000,0.000000,0.000000,0.000000,9.911053,2.864211,0.000000
20260403:2010,0.000000,0.000000,0.000000,0.000000,8.981053,2.812632,0.000000
20260403:2110,0.000000,0.000000,0.000000,0.000000,8.244211,2.805789,0.000000
20260403:2210,0.000000,0.000000,0.000000,0.000000,7.741053,2.715789,0.000000
20260403:2310,0.000000,0.000000,0.000000,0.000000,7.298947,2.664737,0.000000
20260404:0010,0.000000,0.000000,0.000000,0.000000,6.968947,2.636316,0.000000
20260404:0110,0.000000,0.000000,0.000000,0.000000,6.396842,2.707368,0.000000
20260404:0210,0.000000,0.000000,0.000000,0.000000,5.803684,2.809474,0.000000
20260404:0310,0.000000,0.000000,0.000000,0.000000,5.367368,2.868421,0.000000
20260404:0410,0.000000,0.000000,0.000000,0.000000,4.986316,2.936316,0.000000
20260404:0510,0.000000,0.000000,0.000000,0.000000,4.656316,3.008421,0.000000
20260404:0610,26.947368,37.736842,0.000000,6.980000,4.551053,3.023684,0.000000
20260404:0710,107.473684,86.842105,0.000000,16.840000,5.885263,3.007368,0.000000
20260404:0810,187.684737,142.315789,0.000000,26.310000,7.381579,3.554737,0.000000
20260404:0910,242.320526,173.052632,0.000000,34.870000,8.672632,3.691579,0.000000
20260404:1010,273.057368,214.473684,0.000000,41.770000,9.859474,3.999474,0.000000
20260404:1110,308.532105,228.263158,0.000000,46.080000,10.765263,4.210526,0.000000
20260404:1210,259.688421,251.789474,0.000000,46.930000,11.456842,4.257368,0.000000
20260404:1310,236.319474,236.263158,0.000000,44.110000,11.910526,4.174737,0.000000
20260404:1410,222.371579,196.526316,0.000000,38.260000,12.233158,4.119474,0.000000
20260404:1510,148.002632,162.473684,0.000000,30.340000,12.204211,4.145789,0.000000
20260404:1610,106.105263,119.000000,0.000000,21.210000,11.875789,3.818947,0.000000
20260404:1710,57.947368,67.368421,0.000000,11.480000,11.394737,3.415789,0.000000
20260404:1810,0.000000,2.210526,0.000000,0.415789,10.545789,3.055263,0.000000
20260404:1910,0.000000,0.000000,0.000000,0.000000,9.477368,3.026842,0.000000
20260404:2010,0.000000,0.000000,0.000000,0.000000,8.534737,3.146316,0.000000
20260404:2110,0.000000,0.000000,0.000000,0.000000,7.798421,3.179474,0.000000
20260404:2210,0.000000,0.000000,0.000000,0.000000,7.183158,3.150000,0.000000
20260404:2310,0.000000,0.000000,0.000000,0.000000,6.678947,3.121053,0.000000
20260405:0010,0.000000,0.000000,0.000000,0.000000,6.210000,3.019474,0.000000
20260405:0110,0.000000,0.000000,0.000000,0.000000,5.832105,2.925263,0.000000
20260405:0210,0.000000,0.000000,0.000000,0.000000,5.467368,2.962105,0.000000
20260405:0310,0.000000,0.000000,0.000000,0.000000,5.145263,2.930000,0.000000
20260405:0410,0.000000,0.000000,0.000000,0.000000,4.920000,2.875263,0.000000
20260405:0510,0.000000,0.000000,0.000000,0.000000,4.650526,2.849474,0.000000
20260405:0610,23.894737,41.631579,0.000000,7.320000,4.638421,2.819474,0.000000
20260405:0710,91.210526,104.000000,0.000000,17.180000,5.730000,2.904211,0.000000
20260405:0810,194.684211,140.368421,0.000000,26.660000,7.335789,3.364211,0.000000
20260405:0910,258.162632,187.736842,0.000000,35.230000,8.814211,3.604211,0.000000
20260405:1010,231.214211,209.105263,0.000000,42.150000,10.090526,3.770526,0.000000
20260405:1110,294.426316,235.789474,0.000000,46.470000,11.116316,3.778421,0.000000
20260405:1210,261.214211,267.105263,0.000000,47.310000,11.850526,3.788421,0.000000
20260405:1310,224.213684,239.000000,0.000000,44.450000,12.322632,3.844211,0.000000
20260405:1410,225.897895,219.894737,0.000000,38.550000,12.592105,3.893684,0.000000
20260405:1510,180.896842,178.947368,0.000000,30.610000,12.551053,3.753158,0.000000
20260405:1610,125.684211,128.736842,0.000000,21.460000,12.298947,3.524211,0.000000
20260405:1710,59.473684,72.526316,0.000000,11.710000,11.822632,3.035263,0.000000
20260405:1810,0.000000,6.000000,0.000000,1.820000,10.899474,2.761579,0.000000
20260405:1910,0.000000,0.000000,0.000000,0.000000,9.790000,2.708421,0.000000
20260405:2010,0.000000,0.000000,0.000000,0.000000,8.762632,2.867368,0.000000
20260405:2110,0.000000,0.000000,0.000000,0.000000,7.892105,2.905789,0.000000
20260405:2210,0.000000,0.000000,0.000000,0.000000,7.200526,2.841053,0.000000
20260405:2310,0.000000,0.000000,0.000000,0.000000,6.623684,2.776842,0.000000
20260406:0010,0.000000,0.000000,0.000000,0.000000,6.143684,2.736842,0.000000
20260406:0110,0.000000,0.000000,0.000000,0.000000,5.684737,2.714211,0.000000
20260406:0210,0.000000,0.000000,0.000000,0.000000,5.274737,2.671053,0.000000
20260406:0310,0.000000,0.000000,0.000000,0.000000,4.873158,2.660000,0.000000
20260406:0410,0.000000,0.000000,0.000000,0.000000,4.627895,2.660526,0.000000
20260406:0510,0.000000,0.000000,0.000000,0.000000,4.410000,2.675263,0.000000
20260406:0610,28.000000,42.368421,0.000000,7.650000,4.505263,2.606842,0.000000
20260406:0710,123.263158,101.842105,0.000000,17.520000,6.107368,2.714737,0.000000
20260406:0810,218.473684,138.421053,0.000000,27.010000,7.974211,3.193684,0.000000
20260406:0910,273.268421,189.947368,0.000000,35.590000,9.643684,3.543158,0.000000
20260406:1010,289.004737,214.842105,0.000000,42.530000,10.978947,3.938947,0.000000
20260406:1110,305.583684,199.210526,0.000000,46.860000,11.838947,4.033158,0.000000
20260406:1210,374.216316,198.105263,0.000000,47.680000,12.493684,4.040526,0.000000
20260406:1310,305.321053,186.631579,0.000000,44.790000,13.032105,4.124211,0.000000
20260406:1410,234.372632,194.105263,0.000000,38.850000,13.371053,4.102105,0.000000
20260406:1510,159.896842,154.315789,0.000000,29.245263,13.382632,3.993684,0.000000
20260406:1610,98.000000,110.631579,0.000000,20.557895,13.234211,3.897895,0.000000
20260406:1710,40.526316,67.894737,0.000000,11.940000,12.648421,3.422632,0.000000
20260406:1810,0.000000,5.736842,0.000000,2.050000,11.655789,3.114211,0.000000
20260406:1910,0.000000,0.000000,0.000000,0.000000,10.553158,3.113684,0.000000
20260406:2010,0.000000,0.000000,0.000000,0.000000,9.580000,3.081053,0.000000
20260406:2110,0.000000,0.000000,0.000000,0.000000,8.808421,3.073684,0.000000
20260406:2210,0.000000,0.000000,0.000000,0.000000,8.086316,3.118421,0.000000
20260406:2310,0.000000,0.000000,0.000000,0.000000,7.465789,3.161579,0.000000
20260407:0010,0.000000,0.000000,0.000000,0.000000,6.942105,3.160526,0.000000
20260407:0110,0.000000,0.000000,0.000000,0.000000,6.559474,3.106842,0.000000
20260407:0210,0.000000,0.000000,0.000000,0.000000,6.214737,3.033684,0.000000
20260407:0310,0.000000,0.000000,0.000000,0.000000,5.815789,2.961053,0.000000
20260407:0410,0.000000,0.000000,0.000000,0.000000,5.456842,2.914211,0.000000
20260407:0510,0.000000,0.000000,0.000000,0.000000,5.165789,2.852632,0.000000
20260407:0610,27.263158,42.526316,0.000000,7.980000,5.152105,2.707895,0.000000
20260407:0710,103.526316,92.157895,0.000000,17.850000,6.772632,2.842105,0.000000
20260407:0810,210.000000,144.842105,0.000000,27.350000,8.600526,3.356842,0.000000
20260407:0910,270.636316,198.421053,0.000000,35.950000,10.013158,3.590526,0.000000
20260407:1010,291.162632,237.315789,0.000000,42.910000,11.333684,3.655789,0.000000
20260407:1110,325.425789,246.631579,0.000000,47.240000,12.308947,3.710000,0.000000
20260407:1210,384.847895,265.789474,0.000000,48.050000,13.076316,3.738421,0.000000
20260407:1310,387.795789,219.263158,0.000000,45.120000,13.733684,3.815263,0.000000
20260407:1410,312.110000,214.578947,0.000000,39.150000,14.091053,3.946316,0.000000
20260407:1510,226.583158,186.578947,0.000000,31.140000,13.975789,3.814211,0.000000
20260407:1610,145.315789,133.000000,0.000000,21.940000,13.648421,3.586316,0.000000
20260407:1710,58.842105,76.368421,0.000000,12.180000,13.101053,3.094737,0.000000
20260407:1810,0.000000,8.052632,0.000000,2.290000,12.015789,2.798947,0.000000
20260407:1910,0.000000,0.000000,0.000000,0.000000,10.597895,3.008421,0.000000
20260407:2010,0.000000,0.000000,0.000000,0.000000,9.501579,3.015789,0.000000
20260407:2110,0.000000,0.000000,0.000000,0.000000,8.710000,3.041579,0.000000
20260407:2210,0.000000,0.000000,0.000000,0.000000,8.051053,2.991053,0.000000
20260407:2310,0.000000,0.000000,0.000000,0.000000,7.352632,2.907368,0.000000
20260408:0010,0.000000,0.000000,0.000000,0.000000,6.694737,2.776842,0.000000
20260408:0110,0.000000,0.000000,0.000000,0.000000,6.174211,2.693158,0.000000
20260408:0210,0.000000,0.000000,0.000000,0.000000,5.660000,2.624737,0.000000
20260408:0310,0.000000,0.000000,0.000000,0.000000,5.253684,2.522105,0.000000
20260408:0410,0.000000,0.000000,0.000000,0.000000,4.936316,2.445789,0.000000
20260408:0510,0.000000,0.000000,0.000000,0.000000,4.664211,2.421579,0.000000
20260408:0610,27.894737,43.052632,0.000000,8.310000,4.685789,2.316316,0.000000
20260408:0710,107.684211,86.631579,0.000000,18.180000,6.458421,2.194737,0.000000
20260408:0810,192.578947,145.842105,0.000000,27.690000,8.392632,2.558421,0.000000
20260408:0910,267.004737,177.052632,0.000000,36.310000,10.017368,2.846842,0.000000
20260408:1010,256.951579,212.315789,0.000000,43.280000,11.317368,3.012632,0.000000
20260408:1110,271.530526,223.263158,0.000000,47.630000,12.239474,3.342632,0.000000
20260408:1210,230.950000,241.578947,0.000000,48.420000,12.783158,3.376842,0.000000
20260408:1310,307.162632,229.684211,0.000000,45.460000,13.224211,3.386316,0.000000
20260408:1410,245.688421,199.842105,0.000000,39.440000,13.396842,3.277895,0.000000
20260408:1510,187.845263,169.684211,0.000000,31.400000,13.393158,3.052105,0.000000
20260408:1610,119.421053,119.578947,0.000000,22.180000,13.061053,3.036842,0.000000
20260408:1710,47.842105,68.578947,0.000000,12.410000,12.451579,2.864737,0.000000
20260408:1810,0.000000,7.736842,0.000000,2.520000,11.502632,2.718947,0.000000
20260408:1910,0.000000,0.000000,0.000000,0.000000,10.390526,2.859474,0.000000
20260408:2010,0.000000,0.000000,0.000000,0.000000,9.488947,2.772632,0.000000
20260408:2110,0.000000,0.000000,0.000000,0.000000,8.686842,2.747895,0.000000
20260408:2210,0.000000,0.000000,0.000000,0.000000,8.039474,2.697368,0.000000
20260408:2310,0.000000,0.000000,0.000000,0.000000,7.444737,2.595263,0.000000
20260409:0010,0.000000,0.000000,0.000000,0.000000,6.906842,2.513158,0.000000
20260409:0110,0.000000,0.000000,0.000000,0.000000,6.382632,2.484211,0.000000
20260409:0210,0.000000,0.000000,0.000000,0.000000,5.944211,2.433158,0.000000
20260409:0310,0.000000,0.000000,0.000000,0.000000,5.537895,2.355789,0.000000
20260409:0410,0.000000,0.000000,0.000000,0.000000,5.196316,2.303684,0.000000
20260409:0510,0.000000,0.000000,0.000000,0.000000,4.889474,2.354211,0.000000
20260409:0610,29.578947,44.315789,0.000000,8.640000,4.905263,2.305263,0.000000
20260409:0710,119.789474,101.157895,0.000000,18.510000,6.779474,2.228421,0.000000
20260409:0810,217.263158,146.631579,0.000000,28.030000,8.893684,2.444211,0.000000
20260409:0910,283.794737,178.368421,0.000000,36.660000,10.618947,2.735263,0.000000
20260409:1010,343.163158,205.210526,0.000000,43.650000,12.066316,2.975789,0.000000
20260409:1110,380.057895,220.473684,0.000000,48.010000,13.155263,3.282105,0.000000
20260409:1210,351.794737,213.000000,0.000000,48.790000,13.817368,3.467368,0.000000
20260409:1310,346.426842,186.421053,0.000000,45.790000,14.207368,3.445263,0.000000
20260409:1410,265.688947,183.421053,0.000000,37.638947,14.502105,3.445789,0.000000
20260409:1510,237.319474,155.315789,0.000000,31.660000,14.591579,3.404737,0.000000
20260409:1610,164.526316,112.736842,0.000000,22.420000,14.419474,3.353684,0.000000
20260409:1710,63.789474,66.421053,0.000000,12.640000,13.928421,2.879474,0.000000
20260409:1810,0.000000,11.421053,0.000000,2.750000,12.913158,2.656842,0.000000
20260409:1910,0.000000,0.000000,0.000000,0.000000,11.628421,2.588947,0.000000
20260409:2010,0.000000,0.000000,0.000000,0.000000,10.427368,2.569474,0.000000
20260409:2110,0.000000,0.000000,0.000000,0.000000,9.529474,2.645789,0.000000
20260409:2210,0.000000,0.000000,0.000000,0.000000,8.740526,2.711579,0.000000
20260409:2310,0.000000,0.000000,0.000000,0.000000,8.088947,2.761579,0.000000
20260410:0010,0.000000,0.000000,0.000000,0.000000,7.535263,2.815263,0.000000
20260410:0110,0.000000,0.000000,0.000000,0.000000,7.174737,2.787895,0.000000
20260410:0210,0.000000,0.000000,0.000000,0.000000,6.764737,2.715789,0.000000
20260410:0310,0.000000,0.000000,0.000000,0.000000,6.413684,2.642632,0.000000
20260410:0410,0.000000,0.000000,0.000000,0.000000,6.131053,2.616842,0.000000
20260410:0510,0.000000,0.000000,0.000000,0.000000,5.879474,2.649474,0.000000
20260410:0610,27.947368,42.736842,0.000000,8.960000,5.942105,2.663684,0.000000
20260410:0710,97.263158,97.263158,0.000000,17.848421,7.769474,2.802632,0.000000
20260410:0810,197.263158,143.157895,0.000000,28.370000,9.616316,3.088947,0.000000
20260410:0910,306.795789,165.052632,0.000000,37.010000,11.334211,3.556842,0.000000
20260410:1010,346.111579,187.263158,0.000000,44.020000,12.755789,3.768421,0.000000
20260410:1110,329.373684,223.052632,0.000000,48.380000,13.862105,3.895263,0.000000
20260410:1210,318.215263,223.631579,0.000000,49.150000,14.518947,3.869474,0.000000
20260410:1310,277.004211,228.578947,0.000000,46.120000,14.870000,3.890000,0.000000
20260410:1410,255.530526,198.210526,0.000000,40.020000,15.009474,3.945263,0.000000
20260410:1510,196.003158,157.368421,0.000000,31.910000,14.937895,3.921053,0.000000
20260410:1610,115.947368,117.105263,0.000000,22.660000,14.686842,3.720526,0.000000
20260410:1710,45.473684,72.473684,0.000000,12.870000,14.124211,3.342105,0.000000
20260410:1810,0.000000,11.736842,0.000000,2.980000,13.082632,3.117895,0.000000
20260410:1910,0.000000,0.000000,0.000000,0.000000,11.820000,3.256316,0.000000
20260410:2010,0.000000,0.000000,0.000000,0.000000,10.810526,3.321053,0.000000
20260410:2110,0.000000,0.000000,0.000000,0.000000,10.030526,3.325263,0.000000
20260410:2210,0.000000,0.000000,0.000000,0.000000,9.375789,3.244737,0.000000
20260410:2310,0.000000,0.000000,0.000000,0.000000,8.740000,3.143684,0.000000
20260411:0010,0.000000,0.000000,0.000000,0.000000,8.245789,3.096316,0.000000
20260411:0110,0.000000,0.000000,0.000000,0.000000,7.779474,3.058421,0.000000
20260411:0210,0.000000,0.000000,0.000000,0.000000,7.327368,3.026842,0.000000
20260411:0310,0.000000,0.000000,0.000000,0.000000,6.802105,3.026842,0.000000
20260411:0410,0.000000,0.000000,0.000000,0.000000,6.389474,3.015789,0.000000
20260411:0510,0.000000,0.000000,0.000000,0.000000,6.054211,3.052632,0.000000
20260411:0610,31.947368,51.368421,0.000000,9.290000,6.175263,2.986842,0.000000
20260411:0710,109.947368,103.263158,0.000000,19.160000,7.688947,3.007368,0.000000
20260411:0810,217.368421,148.105263,0.000000,28.700000,9.372105,3.499474,0.000000
20260411:0910,305.268421,185.421053,0.000000,37.360000,10.866842,3.630000,0.000000
20260411:1010,341.058421,191.421053,0.000000,42.053684,12.164737,3.676316,0.000000
20260411:1110,341.216316,243.263158,0.000000,48.760000,13.302105,3.843684,0.000000
20260411:1210,365.426842,225.842105,0.000000,49.510000,14.095789,3.956316,0.000000
20260411:1310,329.005263,253.684211,0.000000,46.440000,14.640000,4.091579,0.000000
20260411:1410,275.372632,179.526316,0.000000,40.310000,14.797895,4.196842,0.000000
20260411:1510,188.685789,168.631579,0.000000,32.170000,14.668421,4.250000,0.000000
20260411:1610,117.526316,130.736842,0.000000,22.890000,14.302632,3.994211,0.000000
20260411:1710,49.421053,75.947368,0.000000,13.090000,13.691053,3.408947,0.000000
20260411:1810,4.421053,12.709474,0.000000,3.210000,12.676842,3.008947,0.000000
20260411:1910,0.000000,0.000000,0.000000,0.000000,11.410526,2.970526,0.000000
20260411:2010,0.000000,0.000000,0.000000,0.000000,10.410526,3.030526,0.000000
20260411:2110,0.000000,0.000000,0.000000,0.000000,9.666842,3.096316,0.000000
20260411:2210,0.000000,0.000000,0.000000,0.000000,9.046316,3.202632,0.000000
20260411:2310,0.000000,0.000000,0.000000,0.000000,8.485263,3.231579,0.000000
20260412:0010,0.000000,0.000000,0.000000,0.000000,7.910000,3.180000,0.000000
20260412:0110,0.000000,0.000000,0.000000,0.000000,7.375263,3.116316,0.000000
20260412:0210,0.000000,0.000000,0.000000,0.000000,6.928947,3.056316,0.000000
20260412:0310,0.000000,0.000000,0.000000,0.000000,6.486842,3.056316,0.000000
20260412:0410,0.000000,0.000000,0.000000,0.000000,6.165263,3.030000,0.000000
20260412:0510,0.000000,0.000000,0.000000,0.000000,5.860526,2.954737,0.000000
20260412:0610,39.789474,56.842105,0.000000,9.600000,5.995789,2.809474,0.000000
20260412:0710,117.157895,115.263158,0.000000,19.480000,7.849474,2.900000,0.000000
20260412:0810,244.789474,148.631579,0.000000,29.030000,9.570526,3.223158,0.000000
20260412:0910,308.900000,200.263158,0.000000,37.710000,11.174737,3.368947,0.000000
20260412:1010,341.583684,244.894737,0.000000,44.750000,12.427368,3.540000,0.000000
20260412:1110,342.951579,277.368421,0.000000,49.130000,13.471053,3.788947,0.000000
20260412:1210,315.320000,261.473684,0.000000,49.870000,14.117895,3.934737,0.000000
20260412:1310,298.740526,270.210526,0.000000,46.770000,14.453158,3.963684,0.000000
20260412:1410,240.213158,232.421053,0.000000,40.590000,14.641579,3.981579,0.000000
20260412:1510,208.895789,195.473684,0.000000,32.420000,14.561579,4.036316,0.000000
20260412:1610,118.263158,122.421053,0.000000,23.130000,14.410000,3.905263,0.000000
20260412:1710,70.631579,80.421053,0.000000,13.320000,13.782632,3.303158,0.000000
20260412:1810,5.421053,13.337368,0.000000,3.440000,12.796842,2.922105,0.000000
20260412:1910,0.000000,0.000000,0.000000,0.000000,11.554737,3.023684,0.000000
20260412:2010,0.000000,0.000000,0.000000,0.000000,10.381053,2.991579,0.000000
20260412:2110,0.000000,0.000000,0.000000,0.000000,9.433158,2.942632,0.000000
20260412:2210,0.000000,0.000000,0.000000,0.000000,8.610000,2.845263,0.000000
20260412:2310,0.000000,0.000000,0.000000,0.000000,8.097368,2.740526,0.000000
20260413:0010,0.000000,0.000000,0.000000,0.000000,7.578947,2.653684,0.000000
20260413:0110,0.000000,0.000000,0.000000,0.000000,7.161579,2.620000,0.000000
20260413:0210,0.000000,0.000000,0.000000,0.000000,6.765263,2.591053,0.000000
20260413:0310,0.000000,0.000000,0.000000,0.000000,6.449474,2.522632,0.000000
20260413:0410,0.000000,0.000000,0.000000,0.000000,6.174737,2.464737,0.000000
20260413:0510,0.000000,0.000000,0.000000,0.000000,5.890000,2.373684,0.000000
20260413:0610,37.263158,55.000000,0.000000,9.920000,6.036316,2.275789,0.000000
20260413:0710,112.052632,112.421053,0.000000,19.800000,7.662632,2.480000,0.000000
20260413:0810,194.736842,146.894737,0.000000,27.814737,9.318421,2.819474,0.000000
20260413:0910,232.477895,203.578947,0.000000,38.050000,10.628421,2.969474,0.000000
20260413:1010,252.214737,255.947368,0.000000,45.110000,11.726842,3.161579,0.000000
20260413:1110,268.530000,239.736842,0.000000,49.500000,12.638421,3.187368,0.000000
20260413:1210,271.845789,252.157895,0.000000,50.230000,13.408947,3.186842,0.000000
20260413:1310,262.266842,240.473684,0.000000,47.090000,13.928421,3.089474,0.000000
20260413:1410,196.950526,237.315789,0.000000,40.870000,14.184211,2.997895,0.000000
20260413:1510,174.736842,185.315789,0.000000,32.670000,14.196842,2.943684,0.000000
20260413:1610,78.210526,148.000000,0.000000,23.360000,13.951579,2.845789,0.000000
20260413:1710,43.157895,86.421053,0.000000,13.550000,13.442632,2.521579,0.000000
20260413:1810,3.263158,15.562105,0.000000,3.670000,12.684211,2.272105,0.000000
20260413:1910,0.000000,0.000000,0.000000,0.000000,11.493158,2.294737,0.000000
20260413:2010,0.000000,0.000000,0.000000,0.000000,10.563158,2.337368,0.000000
20260413:2110,0.000000,0.000000,0.000000,0.000000,9.733158,2.374737,0.000000
20260413:2210,0.000000,0.000000,0.000000,0.000000,9.137368,2.398947,0.000000
20260413:2310,0.000000,0.000000,0.000000,0.000000,8.686316,2.425263,0.000000
20260414:0010,0.000000,0.000000,0.000000,0.000000,8.086842,2.507895,0.000000
20260414:0110,0.000000,0.000000,0.000000,0.000000,7.582632,2.577368,0.000000
20260414:0210,0.000000,0.000000,0.000000,0.000000,7.083684,2.524737,0.000000
20260414:0310,0.000000,0.000000,0.000000,0.000000,6.606842,2.504211,0.000000
20260414:0410,0.000000,0.000000,0.000000,0.000000,6.196842,2.475263,0.000000
20260414:0510,0.000000,0.000000,0.000000,0.000000,5.829474,2.431579,0.000000
20260414:0610,36.631579,60.578947,0.000000,10.230000,6.064211,2.257368,0.000000
20260414:0710,114.368421,111.105263,0.000000,20.120000,8.063158,2.687895,0.000000
20260414:0810,212.210526,162.894737,0.000000,29.680000,9.771579,2.863158,0.000000
20260414:0910,296.163158,196.842105,0.000000,38.390000,11.331579,3.020000,0.000000
20260414:1010,375.164737,220.263158,0.000000,45.470000,12.695789,3.258421,0.000000
20260414:1110,336.216316,260.315789,0.000000,49.870000,13.661579,3.394211,0.000000
20260414:1210,331.898947,269.421053,0.000000,50.580000,14.200526,3.468947,0.000000
20260414:1310,300.583158,263.157895,0.000000,47.410000,14.615263,3.426842,0.000000
20260414:1410,214.793158,195.210526,0.000000,41.150000,14.881053,3.216316,0.000000
20260414:1510,192.895263,189.736842,0.000000,32.920000,14.980000,3.236842,0.000000
20260414:1610,147.894737,138.052632,0.000000,23.590000,14.647368,3.427895,0.000000
20260414:1710,56.894737,84.052632,0.000000,13.770000,14.167895,3.183684,0.000000
20260414:1810,6.789474,16.386842,0.000000,3.900000,13.221579,2.813158,0.000000
20260414:1910,0.000000,0.000000,0.000000,0.000000,12.063158,2.639474,0.000000
20260414:2010,0.000000,0.000000,0.000000,0.000000,10.913684,2.652105,0.000000
20260414:2110,0.000000,0.000000,0.000000,0.000000,10.068421,2.671579,0.000000
20260414:2210,0.000000,0.000000,0.000000,0.000000,9.348947,2.693158,0.000000
20260414:2310,0.000000,0.000000,0.000000,0.000000,8.703684,2.685263,0.000000
20260415:0010,0.000000,0.000000,0.000000,0.000000,8.135789,2.624211,0.000000
20260415:0110,0.000000,0.000000,0.000000,0.000000,7.579474,2.583684,0.000000
20260415:0210,0.000000,0.000000,0.000000,0.000000,7.183158,2.592105,0.000000
20260415:0310,0.000000,0.000000,0.000000,0.000000,6.791053,2.683158,0.000000
20260415:0410,0.000000,0.000000,0.000000,0.000000,6.472105,2.763158,0.000000
20260415:0510,0.000000,0.000000,0.000000,0.000000,6.241579,2.798947,0.000000
20260415:0610,43.789474,56.421053,0.000000,10.540000,6.571053,2.685789,0.000000
20260415:0710,128.631579,103.894737,0.000000,20.430000,8.374737,3.040526,0.000000
20260415:0810,203.105263,159.263158,0.000000,30.000000,9.938421,3.357368,0.000000
20260415:0910,236.318947,192.000000,0.000000,38.720000,11.436316,3.586316,0.000000
20260415:1010,245.318947,250.421053,0.000000,45.820000,12.758421,3.843158,0.000000
20260415:1110,265.582632,265.631579,0.000000,50.230000,13.736316,4.002632,0.000000
20260415:1210,270.267368,246.000000,0.000000,50.930000,14.456842,4.108947,0.000000
20260415:1310,254.792105,250.105263,0.000000,47.730000,15.024737,4.187895,0.000000
20260415:1410,220.635263,210.315789,0.000000,41.430000,15.383158,4.177895,0.000000
20260415:1510,225.580526,180.684211,0.000000,33.170000,15.341053,4.203684,0.000000
20260415:1610,141.105263,123.684211,0.000000,23.820000,15.124737,4.058421,0.000000
20260415:1710,78.315789,87.000000,0.000000,13.990000,14.647895,3.646842,0.000000
20260415:1810,6.894737,19.591579,0.000000,4.130000,13.732632,3.219474,0.000000
20260415:1910,0.000000,0.000000,0.000000,0.000000,12.389474,3.227368,0.000000
20260415:2010,0.000000,0.000000,0.000000,0.000000,11.245789,3.276842,0.000000
20260415:2110,0.000000,0.000000,0.000000,0.000000,10.355789,3.278421,0.000000
20260415:2210,0.000000,0.000000,0.000000,0.000000,9.591579,3.176316,0.000000
20260415:2310,0.000000,0.000000,0.000000,0.000000,8.832105,3.106842,0.000000
20260416:0010,0.000000,0.000000,0.000000,0.000000,8.206842,3.037895,0.000000
20260416:0110,0.000000,0.000000,0.000000,0.000000,7.671579,2.984211,0.000000
20260416:0210,0.000000,0.000000,0.000000,0.000000,7.230526,2.961579,0.000000
20260416:0310,0.000000,0.000000,0.000000,0.000000,6.900000,2.944211,0.000000
20260416:0410,0.000000,0.000000,0.000000,0.000000,6.616316,2.875263,0.000000
20260416:0510,0.000000,0.000000,0.000000,0.000000,6.297368,2.751053,0.000000
20260416:0610,44.263158,58.578947,0.000000,10.278947,6.586316,2.584737,0.000000
20260416:0710,132.684211,114.368421,0.000000,20.740000,8.347895,2.817895,0.000000
20260416:0810,230.736842,155.578947,0.000000,30.320000,9.957368,3.278421,0.000000
20260416:0910,295.110526,181.947368,0.000000,39.060000,11.414737,3.463684,0.000000
20260416:1010,347.057368,213.526316,0.000000,46.180000,12.537895,3.684211,0.000000
20260416:1110,334.794211,251.315789,0.000000,50.600000,13.458947,3.840000,0.000000
20260416:1210,328.530526,239.842105,0.000000,51.280000,14.091579,3.913158,0.000000
20260416:1310,289.688421,249.789474,0.000000,48.040000,14.508421,3.978421,0.000000
20260416:1410,228.687895,221.368421,0.000000,41.710000,14.754737,4.079474,0.000000
20260416:1510,207.790526,178.315789,0.000000,33.410000,14.767368,3.982105,0.000000
20260416:1610,120.000000,142.578947,0.000000,24.050000,14.490526,3.654737,0.000000
20260416:1710,59.315789,82.210526,0.000000,14.220000,14.004211,3.242105,0.000000
20260416:1810,7.105263,18.247368,0.000000,4.350000,13.107895,2.806316,0.000000
20260416:1910,0.000000,0.000000,0.000000,0.000000,11.978947,2.536842,0.000000
20260416:2010,0.000000,0.000000,0.000000,0.000000,10.968421,2.508421,0.000000
20260416:2110,0.000000,0.000000,0.000000,0.000000,10.063684,2.494211,0.000000
20260416:2210,0.000000,0.000000,0.000000,0.000000,9.354211,2.450526,0.000000
20260416:2310,0.000000,0.000000,0.000000,0.000000,8.727368,2.486842,0.000000
20260417:0010,0.000000,0.000000,0.000000,0.000000,7.924737,2.559474,0.000000
20260417:0110,0.000000,0.000000,0.000000,0.000000,7.302632,2.552632,0.000000
20260417:0210,0.000000,0.000000,0.000000,0.000000,6.794737,2.548947,0.000000
20260417:0310,0.000000,0.000000,0.000000,0.000000,6.402632,2.523684,0.000000
20260417:0410,0.000000,0.000000,0.000000,0.000000,6.016842,2.522632,0.000000
20260417:0510,0.000000,0.842105,0.000000,0.288421,5.713684,2.508421,0.000000
20260417:0610,50.526316,66.000000,0.000000,11.150000,6.134737,2.326316,0.000000
20260417:0710,139.789474,122.947368,0.000000,21.040000,8.139474,2.780526,0.000000
20260417:0810,233.578947,178.000000,0.000000,30.630000,9.972632,3.136316,0.000000
20260417:0910,367.953158,190.157895,0.000000,39.390000,11.609474,3.322105,0.000000
20260417:1010,400.374211,198.789474,0.000000,46.520000,12.947895,3.643684,0.000000
20260417:1110,422.269474,208.315789,0.000000,50.950000,14.028421,3.795789,0.000000
20260417:1210,402.321579,234.894737,0.000000,51.630000,14.785789,3.818947,0.000000
20260417:1310,342.267895,219.789474,0.000000,48.350000,15.312105,3.895263,0.000000
20260417:1410,312.373158,188.368421,0.000000,41.980000,15.572632,3.956842,0.000000
20260417:1510,266.264211,168.263158,0.000000,33.660000,15.607368,4.018421,0.000000
20260417:1610,183.789474,108.157895,0.000000,23.002105,15.392632,3.930526,0.000000
20260417:1710,75.684211,82.684211,0.000000,13.680000,14.805263,3.470526,0.000000
20260417:1810,9.157895,19.515263,0.000000,4.338947,13.839474,3.043684,0.000000
20260417:1910,0.000000,0.000000,0.000000,0.000000,12.489474,3.009474,0.000000
20260417:2010,0.000000,0.000000,0.000000,0.000000,11.293158,3.048421,0.000000
20260417:2110,0.000000,0.000000,0.000000,0.000000,10.408421,3.080526,0.000000
20260417:2210,0.000000,0.000000,0.000000,0.000000,9.736316,3.067895,0.000000
20260417:2310,0.000000,0.000000,0.000000,0.000000,9.180526,3.027895,0.000000
20260418:0010,0.000000,0.000000,0.000000,0.000000,8.653684,3.030526,0.000000
20260418:0110,0.000000,0.000000,0.000000,0.000000,8.070000,3.016842,0.000000
20260418:0210,0.000000,0.000000,0.000000,0.000000,7.567368,2.917895,0.000000
20260418:0310,0.000000,0.000000,0.000000,0.000000,7.101053,2.791053,0.000000
20260418:0410,0.000000,0.000000,0.000000,0.000000,6.703158,2.759474,0.000000
20260418:0510,0.000000,2.894737,0.000000,1.494211,6.389474,2.813158,0.000000
20260418:0610,51.842105,60.315789,0.000000,10.244737,6.765263,2.682632,0.000000
20260418:0710,147.684211,100.631579,0.000000,19.093684,8.612632,2.958421,0.000000
20260418:0810,262.526316,132.631579,0.000000,27.683158,10.207895,3.263158,0.000000
20260418:0910,367.216842,158.842105,0.000000,35.530000,11.809474,3.498947,0.000000
20260418:1010,391.216842,179.157895,0.000000,41.936316,13.142105,3.752632,0.000000
20260418:1110,391.847895,206.000000,0.000000,45.908947,14.089474,3.851579,0.000000
20260418:1210,359.426842,230.421053,0.000000,46.499474,14.819474,3.920526,0.000000
20260418:1310,311.846842,237.894737,0.000000,46.098947,15.255789,3.920000,0.000000
20260418:1410,251.213684,232.789474,0.000000,40.026316,15.415263,3.967368,0.000000
20260418:1510,225.052632,165.789474,0.000000,32.115789,15.358947,3.825263,0.000000
20260418:1610,148.631579,131.789474,0.000000,23.210526,15.110000,3.623158,0.000000
20260418:1710,63.684211,78.684211,0.000000,13.888421,14.614737,3.263684,0.000000
20260418:1810,11.789474,21.798421,0.000000,4.547368,13.610000,3.081579,0.000000
20260418:1910,0.000000,0.000000,0.000000,0.000000,12.313158,2.976316,0.000000
20260418:2010,0.000000,0.000000,0.000000,0.000000,11.355789,3.013158,0.000000
20260418:2110,0.000000,0.000000,0.000000,0.000000,10.535789,3.027895,0.000000
20260418:2210,0.000000,0.000000,0.000000,0.000000,9.751053,3.027895,0.000000
20260418:2310,0.000000,0.000000,0.000000,0.000000,9.083684,2.980000,0.000000
20260419:0010,0.000000,0.000000,0.000000,0.000000,8.547895,2.921579,0.000000
20260419:0110,0.000000,0.000000,0.000000,0.000000,8.009474,2.854737,0.000000
20260419:0210,0.000000,0.000000,0.000000,0.000000,7.507368,2.752105,0.000000
20260419:0310,0.000000,0.000000,0.000000,0.000000,7.042632,2.663684,0.000000
20260419:0410,0.000000,0.000000,0.000000,0.000000,6.622105,2.580000,0.000000
20260419:0510,0.000000,4.736842,0.000000,1.771579,6.229474,2.532632,0.000000
20260419:0610,69.105263,60.315789,0.000000,11.131579,6.586316,2.336842,0.000000
20260419:0710,175.631579,107.842105,0.000000,20.501053,8.498421,2.609474,0.000000
20260419:0810,271.789474,152.842105,0.000000,29.595789,10.241579,2.885263,0.000000
20260419:0910,394.427368,172.368421,0.000000,37.923158,11.917368,2.997895,0.000000
20260419:1010,445.795263,206.157895,0.000000,44.725263,13.247895,3.055789,0.000000
20260419:1110,477.901053,206.421053,0.000000,48.941053,14.354737,3.135789,0.000000
20260419:1210,460.111053,198.578947,0.000000,49.556842,15.156316,3.242105,0.000000
20260419:1310,427.584737,205.105263,0.000000,46.392632,15.742105,3.314211,0.000000
20260419:1410,368.374211,178.473684,0.000000,40.282105,16.062632,3.317368,0.000000
20260419:1510,294.263158,152.368421,0.000000,32.343158,16.121053,3.343158,0.000000
20260419:1610,172.263158,130.842105,0.000000,23.418947,15.938421,3.295789,0.000000
20260419:1710,86.789474,74.684211,0.000000,14.087368,15.358421,3.070526,0.000000
20260419:1810,13.894737,22.494737,0.000000,4.755789,14.293684,2.700526,0.000000
20260419:1910,0.000000,0.000000,0.000000,0.000000,12.900526,2.810000,0.000000
20260419:2010,0.000000,0.000000,0.000000,0.000000,11.650000,2.887895,0.000000
20260419:2110,0.000000,0.000000,0.000000,0.000000,10.710526,2.877895,0.000000
20260419:2210,0.000000,0.000000,0.000000,0.000000,9.921579,2.828421,0.000000
20260419:2310,0.000000,0.000000,0.000000,0.000000,9.266842,2.765263,0.000000
20260420:0010,0.000000,0.000000,0.000000,0.000000,8.785263,2.681579,0.000000
20260420:0110,0.000000,0.000000,0.000000,0.000000,8.427368,2.638421,0.000000
20260420:0210,0.000000,0.000000,0.000000,0.000000,7.985789,2.642632,0.000000
20260420:0310,0.000000,0.000000,0.000000,0.000000,7.531053,2.615789,0.000000
20260420:0410,0.000000,0.000000,0.000000,0.000000,7.123684,2.616316,0.000000
20260420:0510,0.000000,5.473684,0.000000,2.031053,6.723684,2.671053,0.000000
20260420:0610,68.263158,66.421053,0.000000,11.406316,7.195789,2.551053,0.000000
20260420:0710,163.526316,114.000000,0.000000,20.775789,9.185263,2.707368,0.000000
20260420:0810,329.578947,145.421053,0.000000,31.550000,11.133684,3.002105,0.000000
20260420:0910,447.007895,153.421053,0.000000,40.350000,12.887368,3.201053,0.000000
20260420:1010,512.586842,175.105263,0.000000,47.550000,14.291579,3.390526,0.000000
20260420:1110,515.954737,215.473684,0.000000,52.010000,15.296316,3.554211,0.000000
20260420:1210,504.428947,213.894737,0.000000,52.650000,16.054211,3.622105,0.000000
20260420:1310,452.322105,214.578947,0.000000,49.270000,16.495263,3.714211,0.000000
20260420:1410,327.372105,222.947368,0.000000,42.780000,16.713684,3.753158,0.000000
20260420:1510,262.947368,192.157895,0.000000,34.380000,16.724737,3.699474,0.000000
20260420:1610,185.210526,138.263158,0.000000,24.940000,16.456316,3.582632,0.000000
20260420:1710,83.894737,85.210526,0.000000,15.090000,15.897895,3.183684,0.000000
20260420:1810,16.052632,25.653684,0.000000,5.250000,14.764737,2.882632,0.000000
20260420:1910,0.000000,0.000000,0.000000,0.000000,13.421579,2.867368,0.000000
20260420:2010,0.000000,0.000000,0.000000,0.000000,12.271579,3.000000,0.000000
20260420:2110,0.000000,0.000000,0.000000,0.000000,11.370000,3.034211,0.000000
20260420:2210,0.000000,0.000000,0.000000,0.000000,10.605263,2.979474,0.000000
20260420:2310,0.000000,0.000000,0.000000,0.000000,9.950526,2.962105,0.000000
20260421:0010,0.000000,0.000000,0.000000,0.000000,9.354737,2.940000,0.000000
20260421:0110,0.000000,0.000000,0.000000,0.000000,8.732632,2.904737,0.000000
20260421:0210,0.000000,0.000000,0.000000,0.000000,8.123158,2.813158,0.000000
20260421:0310,0.000000,0.000000,0.000000,0.000000,7.604737,2.747368,0.000000
20260421:0410,0.000000,0.000000,0.000000,0.000000,7.151579,2.686842,0.000000
20260421:0510,0.631579,8.472632,0.000000,2.434737,6.731579,2.635263,0.000000
20260421:0610,70.736842,68.578947,0.000000,12.330000,7.327368,2.359474,0.000000
20260421:0710,171.578947,120.526316,0.000000,22.220000,9.642632,2.511579,0.000000
20260421:0810,260.473684,155.052632,0.000000,31.840000,11.525263,2.711053,0.000000
20260421:0910,347.795263,197.315789,0.000000,40.660000,13.206316,2.660526,0.000000
20260421:1010,455.848947,206.947368,0.000000,47.880000,14.634211,2.702632,0.000000
20260421:1110,465.480000,255.789474,0.000000,52.350000,15.844211,2.733158,0.000000
20260421:1210,476.269474,223.421053,0.000000,52.980000,16.731053,2.795789,0.000000
20260421:1310,394.216316,240.789474,0.000000,49.570000,17.250000,2.812632,0.000000
20260421:1410,378.426316,208.052632,0.000000,43.050000,17.568421,2.856842,0.000000
20260421:1510,297.578947,188.210526,0.000000,34.610000,17.581579,2.831053,0.000000
20260421:1610,190.631579,132.210526,0.000000,25.160000,17.371053,2.873684,0.000000
20260421:1710,92.842105,89.789474,0.000000,15.310000,16.909474,2.505263,0.000000
20260421:1810,11.736842,24.478947,0.000000,5.470000,15.901053,2.274737,0.000000
20260421:1910,0.000000,0.000000,0.000000,0.000000,14.375789,2.562105,0.000000
20260421:2010,0.000000,0.000000,0.000000,0.000000,12.954211,2.649474,0.000000
20260421:2110,0.000000,0.000000,0.000000,0.000000,11.908421,2.700526,0.000000
20260421:2210,0.000000,0.000000,0.000000,0.000000,10.991579,2.708421,0.000000
20260421:2310,0.000000,0.000000,0.000000,0.000000,10.173684,2.695789,0.000000
20260422:0010,0.000000,0.000000,0.000000,0.000000,9.436842,2.663684,0.000000
20260422:0110,0.000000,0.000000,0.000000,0.000000,8.864737,2.631579,0.000000
20260422:0210,0.000000,0.000000,0.000000,0.000000,8.394737,2.573158,0.000000
20260422:0310,0.000000,0.000000,0.000000,0.000000,7.928421,2.503684,0.000000
20260422:0410,0.000000,0.000000,0.000000,0.000000,7.533684,2.426842,0.000000
20260422:0510,1.210526,8.371053,0.000000,2.709474,7.194737,2.347368,0.000000
20260422:0610,66.052632,66.368421,0.000000,12.610000,7.858947,2.087368,0.000000
20260422:0710,166.947368,118.842105,0.000000,22.510000,10.202105,2.472632,0.000000
20260422:0810,287.315789,149.315789,0.000000,32.140000,12.231053,2.757895,0.000000
20260422:0910,363.320526,188.368421,0.000000,40.970000,13.973158,2.935789,0.000000
20260422:1010,437.269474,208.473684,0.000000,48.210000,15.384211,3.222632,0.000000
20260422:1110,457.374737,212.578947,0.000000,52.700000,16.445789,3.391053,0.000000
20260422:1210,435.690000,236.947368,0.000000,53.310000,17.206316,3.563684,0.000000
20260422:1310,435.848421,221.631579,0.000000,49.870000,17.642105,3.623684,0.000000
20260422:1410,360.531053,195.684211,0.000000,43.310000,17.872632,3.654737,0.000000
20260422:1510,259.631579,178.210526,0.000000,34.840000,17.858947,3.603684,0.000000
20260422:1610,185.684211,136.421053,0.000000,25.380000,17.493684,3.462105,0.000000
20260422:1710,83.894737,99.263158,0.000000,15.520000,16.880000,3.042105,0.000000
20260422:1810,12.157895,24.947368,0.000000,5.690000,15.758421,2.642105,0.000000
20260422:1910,0.000000,0.000000,0.000000,0.000000,14.330000,2.714211,0.000000
20260422:2010,0.000000,0.000000,0.000000,0.000000,13.063684,2.747368,0.000000
20260422:2110,0.000000,0.000000,0.000000,0.000000,12.079474,2.706842,0.000000
20260422:2210,0.000000,0.000000,0.000000,0.000000,11.294737,2.644737,0.000000
20260422:2310,0.000000,0.000000,0.000000,0.000000,10.598947,2.559474,0.000000
20260423:0010,0.000000,0.000000,0.000000,0.000000,9.916842,2.464737,0.000000
20260423:0110,0.000000,0.000000,0.000000,0.000000,9.265789,2.409474,0.000000
20260423:0210,0.000000,0.000000,0.000000,0.000000,8.677895,2.398947,0.000000
20260423:0310,0.000000,0.000000,0.000000,0.000000,8.175263,2.367368,0.000000
20260423:0410,0.000000,0.000000,0.000000,0.000000,7.861053,2.294211,0.000000
20260423:0510,1.684211,11.125263,0.000000,2.974737,7.418421,2.301053,0.000000
20260423:0610,49.842105,68.736842,0.000000,12.890000,8.038947,2.083158,0.000000
20260423:0710,106.526316,120.000000,0.000000,22.790000,10.036842,2.326316,0.000000
20260423:0810,183.842105,171.105263,0.000000,32.430000,11.741579,2.602105,0.000000
20260423:0910,265.108947,197.473684,0.000000,41.280000,13.316316,2.875789,0.000000
20260423:1010,298.583158,248.842105,0.000000,48.530000,14.666842,3.002632,0.000000
20260423:1110,330.477368,261.263158,0.000000,53.030000,15.761053,3.372105,0.000000
20260423:1210,381.268421,240.421053,0.000000,53.640000,16.523684,3.622105,0.000000
20260423:1310,354.583684,249.263158,0.000000,50.160000,16.753158,3.723684,0.000000
20260423:1410,283.424211,230.210526,0.000000,43.570000,16.972105,3.584737,0.000000
20260423:1510,261.368421,189.947368,0.000000,35.080000,17.196316,3.386316,0.000000
20260423:1610,178.894737,121.789474,0.000000,25.600000,16.972105,3.197368,0.000000
20260423:1710,100.421053,84.210526,0.000000,15.730000,16.570000,2.826842,0.000000
20260423:1810,20.631579,31.315789,0.000000,5.900000,15.596842,2.511579,0.000000
20260423:1910,0.000000,0.000000,0.000000,0.000000,14.081579,2.518421,0.000000
20260423:2010,0.000000,0.000000,0.000000,0.000000,12.748421,2.472105,0.000000
20260423:2110,0.000000,0.000000,0.000000,0.000000,11.753158,2.341579,0.000000
20260423:2210,0.000000,0.000000,0.000000,0.000000,10.877895,2.218947,0.000000
20260423:2310,0.000000,0.000000,0.000000,0.000000,10.154211,2.166316,0.000000
20260424:0010,0.000000,0.000000,0.000000,0.000000,9.658947,2.136842,0.000000
20260424:0110,0.000000,0.000000,0.000000,0.000000,8.927368,2.184737,0.000000
20260424:0210,0.000000,0.000000,0.000000,0.000000,8.187368,2.221579,0.000000
20260424:0310,0.000000,0.000000,0.000000,0.000000,7.735789,2.153158,0.000000
20260424:0410,0.000000,0.000000,0.000000,0.000000,7.426316,2.155263,0.000000
20260424:0510,2.157895,12.434211,0.000000,3.240000,7.266842,2.193158,0.000000
20260424:0610,73.947368,71.368421,0.000000,13.170000,8.062632,1.952632,0.000000
20260424:0710,169.526316,113.105263,0.000000,23.060000,10.456842,2.188421,0.000000
20260424:0810,295.473684,148.578947,0.000000,32.710000,12.322105,2.482632,0.000000
20260424:0910,324.583684,206.473684,0.000000,41.580000,13.905263,2.692105,0.000000
20260424:1010,321.057368,221.368421,0.000000,48.850000,15.214211,3.066316,0.000000
20260424:1110,442.480000,232.842105,0.000000,53.370000,16.120526,3.318421,0.000000
20260424:1210,405.426316,197.842105,0.000000,53.970000,16.757368,3.455789,0.000000
20260424:1310,343.899474,258.263158,0.000000,50.450000,17.075789,3.532105,0.000000
20260424:1410,311.477895,213.315789,0.000000,43.820000,17.348421,3.459474,0.000000
20260424:1510,251.368421,198.263158,0.000000,35.310000,17.411053,3.364211,0.000000
20260424:1610,171.842105,139.684211,0.000000,25.810000,17.320526,3.241053,0.000000
20260424:1710,77.421053,89.052632,0.000000,15.940000,16.730000,2.890000,0.000000
20260424:1810,16.578947,34.000000,0.000000,6.120000,15.803158,2.348421,0.000000
20260424:1910,0.000000,0.000000,0.000000,0.000000,14.552105,2.468421,0.000000
20260424:2010,0.000000,0.000000,0.000000,0.000000,13.293684,2.476316,0.000000
20260424:2110,0.000000,0.000000,0.000000,0.000000,12.460000,2.450526,0.000000
20260424:2210,0.000000,0.000000,0.000000,0.000000,11.796316,2.552105,0.000000
20260424:2310,0.000000,0.000000,0.000000,0.000000,11.144737,2.566842,0.000000
20260425:0010,0.000000,0.000000,0.000000,0.000000,10.440526,2.684211,0.000000
20260425:0110,0.000000,0.000000,0.000000,0.000000,9.945263,2.787895,0.000000
20260425:0210,0.000000,0.000000,0.000000,0.000000,9.523684,2.780000,0.000000
20260425:0310,0.000000,0.000000,0.000000,0.000000,9.284211,2.805263,0.000000
20260425:0410,0.000000,0.000000,0.000000,0.000000,9.087368,2.839474,0.000000
20260425:0510,1.105263,11.771053,0.000000,3.505263,8.899474,2.973158,0.000000
20260425:0610,49.157895,70.789474,0.000000,13.440000,9.259474,2.827368,0.000000
20260425:0710,100.000000,122.473684,0.000000,23.340000,10.538947,3.282632,0.000000
20260425:0810,165.578947,158.052632,0.000000,32.990000,11.704737,3.483684,0.000000
20260425:0910,262.160526,204.421053,0.000000,41.870000,12.836316,3.549474,0.000000
20260425:1010,249.582632,195.473684,0.000000,49.170000,13.963684,3.615263,0.000000
20260425:1110,252.582105,203.105263,0.000000,53.700000,14.901579,3.731053,0.000000
20260425:1210,245.739474,280.842105,0.000000,51.432632,15.538947,3.800000,0.000000
20260425:1310,209.212632,261.105263,0.000000,48.069474,15.991053,3.810526,0.000000
20260425:1410,243.896316,263.105263,0.000000,44.080000,16.266842,3.832105,0.000000
20260425:1510,160.526316,227.526316,0.000000,35.530000,16.375263,3.834211,0.000000
20260425:1610,124.894737,156.684211,0.000000,26.030000,16.247895,3.710000,0.000000
20260425:1710,71.105263,94.157895,0.000000,16.150000,15.782632,3.430526,0.000000
20260425:1810,16.894737,35.473684,0.000000,6.340000,14.922105,3.071053,0.000000
20260425:1910,0.000000,0.000000,0.000000,0.000000,13.414211,3.168947,0.000000
20260425:2010,0.000000,0.000000,0.000000,0.000000,12.147895,3.233684,0.000000
20260425:2110,0.000000,0.000000,0.000000,0.000000,11.188947,3.267368,0.000000
20260425:2210,0.000000,0.000000,0.000000,0.000000,10.400000,3.215263,0.000000
20260425:2310,0.000000,0.000000,0.000000,0.000000,9.743684,3.132105,0.000000
20260426:0010,0.000000,0.000000,0.000000,0.000000,9.221579,3.108947,0.000000
20260426:0110,0.000000,0.000000,0.000000,0.000000,8.867895,3.108421,0.000000
20260426:0210,0.000000,0.000000,0.000000,0.000000,8.528947,3.064211,0.000000
20260426:0310,0.000000,0.000000,0.000000,0.000000,8.184737,2.911579,0.000000
20260426:0410,0.000000,0.000000,0.000000,0.000000,7.831579,2.780000,0.000000
20260426:0510,2.842105,14.077368,0.000000,3.770526,7.533158,2.668421,0.000000
20260426:0610,58.315789,67.736842,0.000000,13.710000,8.183684,2.435789,0.000000
20260426:0710,131.263158,128.000000,0.000000,23.610000,9.711579,2.987368,0.000000
20260426:0810,199.789474,174.631579,0.000000,33.270000,11.020526,3.210000,0.000000
20260426:0910,215.002105,228.368421,0.000000,42.170000,12.298421,3.364737,0.000000
20260426:1010,202.633684,266.684211,0.000000,49.480000,13.349474,3.465789,0.000000
20260426:1110,282.582105,291.105263,0.000000,54.020000,14.190000,3.543684,0.000000
20260426:1210,224.317895,243.473684,0.000000,51.726316,14.813158,3.618947,0.000000
20260426:1310,202.370526,274.789474,0.000000,51.030000,15.205263,3.666316,0.000000
20260426:1410,183.159474,243.578947,0.000000,44.330000,15.313684,3.730526,0.000000
20260426:1510,205.684211,184.263158,0.000000,35.760000,15.137895,3.803158,0.000000
20260426:1610,120.473684,145.210526,0.000000,26.240000,14.818421,3.715789,0.000000
20260426:1710,62.631579,91.315789,0.000000,16.360000,14.388947,3.361579,0.000000
20260426:1810,17.947368,32.421053,0.000000,6.550000,13.705263,2.854211,0.000000
20260426:1910,0.000000,0.000000,0.000000,0.000000,12.594211,2.914737,0.000000
20260426:2010,0.000000,0.000000,0.000000,0.000000,11.675263,2.930000,0.000000
20260426:2110,0.000000,0.000000,0.000000,0.000000,10.862105,2.944211,0.000000
20260426:2210,0.000000,0.000000,0.000000,0.000000,10.156842,2.995263,0.000000
20260426:2310,0.000000,0.000000,0.000000,0.000000,9.586842,3.020000,0.000000
20260427:0010,0.000000,0.000000,0.000000,0.000000,9.141579,2.994211,0.000000
20260427:0110,0.000000,0.000000,0.000000,0.000000,8.704737,2.967895,0.000000
20260427:0210,0.000000,0.000000,0.000000,0.000000,8.270526,3.006316,0.000000
20260427:0310,0.000000,0.000000,0.000000,0.000000,7.905263,3.030000,0.000000
20260427:0410,0.000000,0.000000,0.000000,0.000000,7.567895,3.045263,0.000000
20260427:0510,4.210526,16.462632,0.000000,4.016842,7.310526,3.031053,0.000000
20260427:0610,73.210526,81.263158,0.000000,13.970000,8.019474,2.900526,0.000000
20260427:0710,167.052632,124.315789,0.000000,23.870000,9.475263,3.364211,0.000000
20260427:0810,286.368421,167.736842,0.000000,33.540000,10.922632,3.705789,0.000000
20260427:0910,302.530000,222.631579,0.000000,42.450000,12.281053,3.935789,0.000000
20260427:1010,290.266842,240.315789,0.000000,47.169474,13.580000,4.166842,0.000000
20260427:1110,442.689474,276.526316,0.000000,54.350000,14.691579,4.352105,0.000000
20260427:1210,383.267368,276.157895,0.000000,54.920000,15.427368,4.301579,0.000000
20260427:1310,378.163158,249.736842,0.000000,51.310000,15.900526,4.309474,0.000000
20260427:1410,317.002632,240.052632,0.000000,44.570000,16.102105,4.203158,0.000000
20260427:1510,186.052632,195.210526,0.000000,35.980000,15.986316,4.240000,0.000000
20260427:1610,133.315789,171.736842,0.000000,26.450000,15.548421,3.927368,0.000000
20260427:1710,62.473684,100.263158,0.000000,16.570000,14.952632,3.658421,0.000000
20260427:1810,12.473684,35.631579,0.000000,6.760000,14.048947,3.171579,0.000000
20260427:1910,0.000000,0.000000,0.000000,0.000000,12.789474,3.052632,0.000000
20260427:2010,0.000000,0.000000,0.000000,0.000000,11.814737,3.063684,0.000000
20260427:2110,0.000000,0.000000,0.000000,0.000000,11.000526,3.015789,0.000000
20260427:2210,0.000000,0.000000,0.000000,0.000000,10.223684,3.071579,0.000000
20260427:2310,0.000000,0.000000,0.000000,0.000000,9.573684,3.047368,0.000000
20260428:0010,0.000000,0.000000,0.000000,0.000000,9.087368,2.973684,0.000000
20260428:0110,0.000000,0.000000,0.000000,0.000000,8.695263,2.957895,0.000000
20260428:0210,0.000000,0.000000,0.000000,0.000000,8.390000,2.923158,0.000000
20260428:0310,0.000000,0.000000,0.000000,0.000000,8.061053,2.838421,0.000000
20260428:0410,0.000000,0.000000,0.000000,0.000000,7.756842,2.808947,0.000000
20260428:0510,2.842105,16.622105,0.000000,4.510000,7.505789,2.768947,0.000000
20260428:0610,63.315789,74.421053,0.000000,14.230000,8.118947,2.688947,0.000000
20260428:0710,98.473684,138.315789,0.000000,24.130000,9.708947,3.219474,0.000000
20260428:0810,120.578947,177.631579,0.000000,32.030526,11.023158,3.354211,0.000000
20260428:0910,193.317368,233.105263,0.000000,42.730000,12.335263,3.377895,0.000000
20260428:1010,187.948947,294.947368,0.000000,50.090000,13.421579,3.371579,0.000000
20260428:1110,244.056316,268.631579,0.000000,54.660000,14.290526,3.407895,0.000000
20260428:1210,289.530000,237.315789,0.000000,52.323158,14.893684,3.378947,0.000000
20260428:1310,265.740000,256.210526,0.000000,51.590000,15.267368,3.313684,0.000000
20260428:1410,159.738421,233.052632,0.000000,44.820000,15.582632,3.313684,0.000000
20260428:1510,155.631579,210.315789,0.000000,36.200000,15.624211,3.255263,0.000000
20260428:1610,98.842105,167.578947,0.000000,26.660000,15.364737,3.088947,0.000000
20260428:1710,58.210526,100.157895,0.000000,16.770000,14.741053,2.703684,0.000000
20260428:1810,14.368421,34.894737,0.000000,6.970000,13.964211,2.398947,0.000000
20260428:1910,0.000000,0.000000,0.000000,0.000000,13.036842,2.366842,0.000000
20260428:2010,0.000000,0.000000,0.000000,0.000000,11.796316,2.416316,0.000000
20260428:2110,0.000000,0.000000,0.000000,0.000000,10.763684,2.446316,0.000000
20260428:2210,0.000000,0.000000,0.000000,0.000000,9.952632,2.450000,0.000000
20260428:2310,0.000000,0.000000,0.000000,0.000000,9.354211,2.465789,0.000000
20260429:0010,0.000000,0.000000,0.000000,0.000000,8.824211,2.449474,0.000000
20260429:0110,0.000000,0.000000,0.000000,0.000000,8.398947,2.471579,0.000000
20260429:0210,0.000000,0.000000,0.000000,0.000000,8.008421,2.548947,0.000000
20260429:0310,0.000000,0.000000,0.000000,0.000000,7.710526,2.562632,0.000000
20260429:0410,0.000000,0.000000,0.000000,0.000000,7.565263,2.570526,0.000000
20260429:0510,2.894737,16.514737,0.000000,4.770000,7.394211,2.638947,0.000000
20260429:0610,62.157895,77.368421,0.000000,14.480000,8.238421,2.555789,0.000000
20260429:0710,137.421053,121.105263,0.000000,24.380000,9.826316,2.777368,0.000000
20260429:0810,170.052632,180.052632,0.000000,34.070000,11.121579,3.021053,0.000000
20260429:0910,216.001579,208.842105,0.000000,43.010000,12.454211,3.305789,0.000000
20260429:1010,183.949474,262.210526,0.000000,50.390000,13.509474,3.506316,0.000000
20260429:1110,183.686316,301.842105,0.000000,54.980000,14.363684,3.714737,0.000000
20260429:1210,229.634211,317.947368,0.000000,55.530000,14.983158,3.915789,0.000000
20260429:1310,185.738421,284.684211,0.000000,51.870000,15.291053,3.876316,0.000000
20260429:1410,150.000526,276.315789,0.000000,45.060000,15.371053,3.825263,0.000000
20260429:1510,123.789474,197.684211,0.000000,36.420000,15.190000,3.916842,0.000000
20260429:1610,100.842105,159.736842,0.000000,26.860000,14.775789,3.750526,0.000000
20260429:1710,40.631579,91.263158,0.000000,16.980000,14.305789,3.500000,0.000000
20260429:1810,11.421053,35.368421,0.000000,7.180000,13.615263,3.244211,0.000000
20260429:1910,0.000000,0.000000,0.000000,0.000000,12.588421,3.234211,0.000000
20260429:2010,0.000000,0.000000,0.000000,0.000000,11.674211,3.161579,0.000000
20260429:2110,0.000000,0.000000,0.000000,0.000000,11.015263,3.066842,0.000000
20260429:2210,0.000000,0.000000,0.000000,0.000000,10.353684,3.041579,0.000000
20260429:2310,0.000000,0.000000,0.000000,0.000000,9.698947,2.930000,0.000000
20260430:0010,0.000000,0.000000,0.000000,0.000000,9.167368,2.888947,0.000000
20260430:0110,0.000000,0.000000,0.000000,0.000000,8.725789,2.857368,0.000000
20260430:0210,0.000000,0.000000,0.000000,0.000000,8.405789,2.794737,0.000000
20260430:0310,0.000000,0.000000,0.000000,0.000000,8.144211,2.758421,0.000000
20260430:0410,0.000000,0.000000,0.000000,0.000000,7.910526,2.765263,0.000000
20260430:0510,7.052632,18.184211,0.000000,5.030000,7.715263,2.781053,0.000000
20260430:0610,61.105263,78.315789,0.000000,14.730000,8.458421,2.715263,0.000000
20260430:0710,171.052632,126.684211,0.000000,24.630000,9.800000,3.194737,0.000000
20260430:0810,242.684211,144.631579,0.000000,34.320000,11.116316,3.463684,0.000000
20260430:0910,311.214211,177.157895,0.000000,43.280000,12.378421,3.745789,0.000000
20260430:1010,245.739474,245.894737,0.000000,50.680000,13.458421,4.000526,0.000000
20260430:1110,256.740000,260.000000,0.000000,55.290000,14.241579,4.123158,0.000000
20260430:1210,245.161053,218.736842,0.000000,55.840000,14.824211,4.220526,0.000000
20260430:1310,194.528421,254.789474,0.000000,52.140000,15.035263,4.254211,0.000000
20260430:1410,145.054211,218.473684,0.000000,45.300000,15.108947,4.155263,0.000000
20260430:1510,127.157895,188.473684,0.000000,36.640000,15.052105,4.014211,0.000000
20260430:1610,133.000000,143.736842,0.000000,27.070000,14.800526,3.996316,0.000000
20260430:1710,54.736842,84.578947,0.000000,17.180000,14.286316,3.777895,0.000000
20260430:1810,14.263158,35.631579,0.000000,7.390000,13.489474,3.408947,0.000000
20260430:1910,0.000000,0.000000,0.000000,0.000000,12.380000,3.092105,0.000000
20260430:2010,0.000000,0.000000,0.000000,0.000000,11.496842,3.002632,0.000000
20260430:2110,0.000000,0.000000,0.000000,0.000000,10.926842,2.933158,0.000000
20260430:2210,0.000000,0.000000,0.000000,0.000000,10.348421,2.903158,0.000000
20260430:2310,0.000000,0.000000,0.000000,0.000000,9.844737,2.871579,0.000000
20260501:0010,0.000000,0.000000,0.000000,0.000000,9.357368,2.900000,0.000000
20260501:0110,0.000000,0.000000,0.000000,0.000000,8.844211,2.943158,0.000000
20260501:0210,0.000000,0.000000,0.000000,0.000000,8.481579,2.961053,0.000000
20260501:0310,0.000000,0.000000,0.000000,0.000000,8.257895,2.997895,0.000000
20260501:0410,0.000000,0.000000,0.000000,0.000000,8.038421,2.997895,0.000000
20260501:0510,6.157895,19.781053,0.000000,5.280000,7.829474,2.952105,0.000000
20260501:0610,49.263158,83.842105,0.000000,14.980000,8.572632,2.733684,0.000000
20260501:0710,113.210526,131.789474,0.000000,24.880000,10.112632,3.201579,0.000000
20260501:0810,185.894737,195.105263,0.000000,34.580000,11.410526,3.535263,0.000000
20260501:0910,245.686316,227.210526,0.000000,43.550000,12.605263,3.611579,0.000000
20260501:1010,271.266842,225.526316,0.000000,50.970000,13.625263,3.727368,0.000000
20260501:1110,290.371579,268.894737,0.000000,55.590000,14.402632,3.724211,0.000000
20260501:1210,270.476316,278.894737,0.000000,56.130000,14.868947,3.731579,0.000000
20260501:1310,251.161053,257.263158,0.000000,52.410000,15.253158,3.734211,0.000000
20260501:1410,210.632105,235.947368,0.000000,45.540000,15.408421,3.618421,0.000000
20260501:1510,185.578947,213.789474,0.000000,36.850000,15.484737,3.500526,0.000000
20260501:1610,139.842105,159.578947,0.000000,27.270000,15.370000,3.437368,0.000000
20260501:1710,68.631579,96.315789,0.000000,17.380000,14.904211,3.230526,0.000000
20260501:1810,20.473684,42.526316,0.000000,7.600000,14.134211,2.845789,0.000000
20260501:1910,0.000000,0.000000,0.000000,0.000000,13.031579,2.678421,0.000000
20260501:2010,0.000000,0.000000,0.000000,0.000000,11.963684,2.688947,0.000000
20260501:2110,0.000000,0.000000,0.000000,0.000000,11.015263,2.667895,0.000000
20260501:2210,0.000000,0.000000,0.000000,0.000000,10.277368,2.594737,0.000000
20260501:2310,0.000000,0.000000,0.000000,0.000000,9.701053,2.522105,0.000000
20260502:0010,0.000000,0.000000,0.000000,0.000000,9.227895,2.437368,0.000000
20260502:0110,0.000000,0.000000,0.000000,0.000000,8.822105,2.326316,0.000000
20260502:0210,0.000000,0.000000,0.000000,0.000000,8.330000,2.297895,0.000000
20260502:0310,0.000000,0.000000,0.000000,0.000000,8.033684,2.182105,0.000000
20260502:0410,0.000000,0.000000,0.000000,0.000000,7.597368,2.206316,0.000000
20260502:0510,7.684211,24.976316,0.000000,5.520000,7.390526,2.130526,0.000000
20260502:0610,59.157895,85.315789,0.000000,15.220000,8.298947,1.963684,0.000000
20260502:0710,122.842105,135.105263,0.000000,23.797895,10.065789,2.291053,0.000000
20260502:0810,232.052632,164.894737,0.000000,34.820000,11.488947,2.515263,0.000000
20260502:0910,230.685263,221.578947,0.000000,43.810000,12.880000,2.932632,0.000000
20260502:1010,234.160526,242.421053,0.000000,48.552632,14.032105,3.175789,0.000000
20260502:1110,294.635789,263.789474,0.000000,55.890000,14.934737,3.364737,0.000000
20260502:1210,254.738947,274.210526,0.000000,56.430000,15.626842,3.503158,0.000000
20260502:1310,228.107895,288.210526,0.000000,52.670000,16.088421,3.564737,0.000000
20260502:1410,224.160000,222.368421,0.000000,45.770000,16.365789,3.582632,0.000000
20260502:1510,208.368421,206.789474,0.000000,37.060000,16.248947,3.543158,0.000000
20260502:1610,131.210526,166.789474,0.000000,27.470000,15.953684,3.443684,0.000000
20260502:1710,74.210526,101.526316,0.000000,17.580000,15.510526,3.075263,0.000000
20260502:1810,14.526316,43.157895,0.000000,7.800000,14.728947,2.577368,0.000000
20260502:1910,0.000000,0.000000,0.000000,0.000000,13.562105,2.552105,0.000000
20260502:2010,0.000000,0.000000,0.000000,0.000000,12.426316,2.609474,0.000000
20260502:2110,0.000000,0.000000,0.000000,0.000000,11.628421,2.594737,0.000000
20260502:2210,0.000000,0.000000,0.000000,0.000000,10.931053,2.627368,0.000000
20260502:2310,0.000000,0.000000,0.000000,0.000000,10.363158,2.663158,0.000000
20260503:0010,0.000000,0.000000,0.000000,0.000000,10.047368,2.602632,0.000000
20260503:0110,0.000000,0.000000,0.000000,0.000000,9.623684,2.654211,0.000000
20260503:0210,0.000000,0.000000,0.000000,0.000000,9.304737,2.752105,0.000000
20260503:0310,0.000000,0.000000,0.000000,0.000000,8.890000,2.792105,0.000000
20260503:0410,0.000000,0.000000,0.000000,0.000000,8.493684,2.722632,0.000000
20260503:0510,10.210526,28.526316,0.000000,5.760000,8.220000,2.631579,0.000000
20260503:0610,60.315789,87.736842,0.000000,15.450000,8.997368,2.454211,0.000000
20260503:0710,136.526316,119.736842,0.000000,24.015789,10.374211,3.048421,0.000000
20260503:0810,211.000000,165.315789,0.000000,35.070000,11.787895,3.270526,0.000000
20260503:0910,297.635263,203.789474,0.000000,44.070000,13.096842,3.375789,0.000000
20260503:1010,299.529474,257.421053,0.000000,51.530000,14.206316,3.648421,0.000000
20260503:1110,336.004211,280.263158,0.000000,56.190000,15.026842,3.713158,0.000000
20260503:1210,303.266316,286.421053,0.000000,56.720000,15.719474,3.676842,0.000000
20260503:1310,269.001579,269.210526,0.000000,52.930000,16.133158,3.734737,0.000000
20260503:1410,255.002632,215.263158,0.000000,46.000000,16.422105,3.691053,0.000000
20260503:1510,227.368421,192.421053,0.000000,37.270000,16.577895,3.766842,0.000000
20260503:1610,150.105263,142.105263,0.000000,27.670000,16.483684,3.807368,0.000000
20260503:1710,105.578947,88.000000,0.000000,17.780000,15.976316,3.571053,0.000000
20260503:1810,28.052632,43.631579,0.000000,8.000000,15.240000,3.194211,0.000000
20260503:1910,0.000000,0.000000,0.000000,0.000000,13.965789,3.048947,0.000000
20260503:2010,0.000000,0.000000,0.000000,0.000000,12.856316,3.180526,0.000000
20260503:2110,0.000000,0.000000,0.000000,0.000000,11.966842,3.295789,0.000000
20260503:2210,0.000000,0.000000,0.000000,0.000000,11.148421,3.298421,0.000000
20260503:2310,0.000000,0.000000,0.000000,0.000000,10.394737,3.259474,0.000000
20260504:0010,0.000000,0.000000,0.000000,0.000000,9.702105,3.170000,0.000000
20260504:0110,0.000000,0.000000,0.000000,0.000000,9.190526,3.063158,0.000000
20260504:0210,0.000000,0.000000,0.000000,0.000000,8.693158,3.034211,0.000000
20260504:0310,0.000000,0.000000,0.000000,0.000000,8.251053,2.998947,0.000000
20260504:0410,0.000000,0.000000,0.000000,0.000000,7.974211,2.929474,0.000000
20260504:0510,10.578947,26.526316,0.000000,6.000000,7.830526,2.812632,0.000000
20260504:0610,75.578947,82.368421,0.000000,15.680000,8.740000,2.649474,0.000000
20260504:0710,121.052632,117.157895,0.000000,22.887368,10.542105,3.155263,0.000000
20260504:0810,201.210526,189.578947,0.000000,35.300000,11.950000,3.153684,0.000000
20260504:0910,279.475263,218.210526,0.000000,44.320000,13.220000,3.236316,0.000000
20260504:1010,310.004211,246.894737,0.000000,51.810000,14.434211,3.430526,0.000000
20260504:1110,354.793158,291.789474,0.000000,56.480000,15.257368,3.393158,0.000000
20260504:1210,347.004737,246.157895,0.000000,57.010000,15.946316,3.458421,0.000000
20260504:1310,335.267368,261.052632,0.000000,53.190000,16.492105,3.597368,0.000000
20260504:1410,242.107368,216.157895,0.000000,46.230000,16.673684,3.757368,0.000000
20260504:1510,232.578947,199.157895,0.000000,37.480000,16.560000,3.731053,0.000000
20260504:1610,155.842105,157.368421,0.000000,27.860000,16.444737,3.662105,0.000000
20260504:1710,64.421053,95.578947,0.000000,17.970000,15.988421,3.577895,0.000000
20260504:1810,19.789474,41.315789,0.000000,8.210000,15.211053,3.298947,0.000000
20260504:1910,0.000000,0.000000,0.000000,-0.056316,13.973158,3.266316,0.000000
20260504:2010,0.000000,0.000000,0.000000,0.000000,12.904211,3.321579,0.000000
20260504:2110,0.000000,0.000000,0.000000,0.000000,12.076316,3.285263,0.000000
20260504:2210,0.000000,0.000000,0.000000,0.000000,11.305263,3.303158,0.000000
20260504:2310,0.000000,0.000000,0.000000,0.000000,10.643684,3.270526,0.000000
20260505:0010,0.000000,0.000000,0.000000,0.000000,10.047895,3.165263,0.000000
20260505:0110,0.000000,0.000000,0.000000,0.000000,9.518947,3.118947,0.000000
20260505:0210,0.000000,0.000000,0.000000,0.000000,9.118421,3.176842,0.000000
20260505:0310,0.000000,0.000000,0.000000,0.000000,8.748421,3.221053,0.000000
20260505:0410,0.000000,0.000000,0.000000,0.000000,8.452105,3.194737,0.000000
20260505:0510,11.315789,28.894737,0.000000,6.230000,8.267895,3.256316,0.000000
20260505:0610,63.526316,80.947368,0.000000,15.910000,9.077895,3.230000,0.000000
20260505:0710,125.842105,131.789474,0.000000,25.810000,10.490000,3.847368,0.000000
20260505:0810,150.684211,221.631579,0.000000,35.530000,11.668421,4.119474,0.000000
20260505:0910,224.370526,231.526316,0.000000,44.570000,12.847368,4.170526,0.000000
20260505:1010,294.476842,280.578947,0.000000,52.070000,14.031053,4.206842,0.000000
20260505:1110,341.741579,257.421053,0.000000,56.770000,15.174737,4.195789,0.000000
20260505:1210,292.003158,286.263158,0.000000,57.290000,16.047895,4.290000,0.000000
20260505:1310,270.213684,265.473684,0.000000,53.450000,16.572632,4.302105,0.000000
20260505:1410,259.107368,267.157895,0.000000,46.460000,16.796316,4.301579,0.000000
20260505:1510,215.000000,217.578947,0.000000,37.680000,16.845263,4.315789,0.000000
20260505:1610,171.210526,153.052632,0.000000,28.060000,16.668947,4.297895,0.000000
20260505:1710,106.736842,98.631579,0.000000,18.160000,16.277368,3.955789,0.000000
20260505:1810,23.210526,48.947368,0.000000,8.410000,15.425789,3.448947,0.000000
20260505:1910,0.000000,0.000000,0.000000,-0.045263,14.080526,3.241053,0.000000
20260505:2010,0.000000,0.000000,0.000000,0.000000,13.061053,3.198421,0.000000
20260505:2110,0.000000,0.000000,0.000000,0.000000,12.315789,3.172632,0.000000
20260505:2210,0.000000,0.000000,0.000000,0.000000,11.670526,3.140000,0.000000
20260505:2310,0.000000,0.000000,0.000000,0.000000,11.124211,3.077895,0.000000
20260506:0010,0.000000,0.000000,0.000000,0.000000,10.594737,3.013158,0.000000
20260506:0110,0.000000,0.000000,0.000000,0.000000,10.144211,2.973684,0.000000
20260506:0210,0.000000,0.000000,0.000000,0.000000,9.679474,2.899474,0.000000
20260506:0310,0.000000,0.000000,0.000000,0.000000,9.309474,2.848947,0.000000
20260506:0410,0.000000,0.000000,0.000000,0.000000,8.974737,2.787895,0.000000
20260506:0510,17.000000,32.157895,0.000000,6.460000,8.752105,2.696316,0.000000
20260506:0610,76.105263,91.578947,0.000000,16.130000,9.486842,2.545263,0.000000
20260506:0710,149.315789,142.315789,0.000000,26.020000,11.122105,2.837368,0.000000
20260506:0810,222.736842,179.684211,0.000000,35.760000,12.469474,2.975789,0.000000
20260506:0910,291.687368,216.368421,0.000000,44.810000,13.780526,3.132632,0.000000
20260506:1010,304.055263,235.263158,0.000000,52.340000,14.887895,3.165789,0.000000
20260506:1110,383.951579,248.105263,0.000000,57.050000,15.748421,3.167895,0.000000
20260506:1210,362.162105,254.000000,0.000000,57.570000,16.546316,3.284737,0.000000
20260506:1310,330.845789,257.000000,0.000000,53.700000,17.203684,3.425789,0.000000
20260506:1410,280.424211,229.368421,0.000000,46.680000,17.656842,3.579474,0.000000
20260506:1510,278.157895,187.368421,0.000000,37.880000,17.838947,3.570526,0.000000
20260506:1610,171.789474,165.473684,0.000000,28.250000,17.631053,3.561053,0.000000
20260506:1710,84.000000,103.736842,0.000000,18.360000,17.079474,3.093158,0.000000
20260506:1810,27.789474,45.684211,0.000000,8.600000,16.264737,2.638421,0.000000
20260506:1910,0.000000,0.000000,0.000000,-0.034211,15.127895,2.584211,0.000000
20260506:2010,0.000000,0.000000,0.000000,0.000000,13.897895,2.605789,0.000000
20260506:2110,0.000000,0.000000,0.000000,0.000000,13.000526,2.604211,0.000000
20260506:2210,0.000000,0.000000,0.000000,0.000000,12.384737,2.555789,0.000000
20260506:2310,0.000000,0.000000,0.000000,0.000000,11.621579,2.533158,0.000000
20260507:0010,0.000000,0.000000,0.000000,0.000000,10.960526,2.501579,0.000000
20260507:0110,0.000000,0.000000,0.000000,0.000000,10.342105,2.471579,0.000000
20260507:0210,0.000000,0.000000,0.000000,0.000000,9.847368,2.475263,0.000000
20260507:0310,0.000000,0.000000,0.000000,0.000000,9.419474,2.501053,0.000000
20260507:0410,0.000000,0.000000,0.000000,0.000000,9.046316,2.591053,0.000000
20260507:0510,15.315789,34.789474,0.000000,6.680000,8.911579,2.578421,0.000000
20260507:0610,74.789474,90.526316,0.000000,16.340000,10.016316,2.420526,0.000000
20260507:0710,151.210526,136.736842,0.000000,26.240000,11.819474,2.863158,0.000000
20260507:0810,203.368421,189.631579,0.000000,35.980000,13.182105,3.012632,0.000000
20260507:0910,295.318421,217.947368,0.000000,45.040000,14.538421,3.092632,0.000000
20260507:1010,305.529474,261.526316,0.000000,52.590000,15.661053,3.208421,0.000000
20260507:1110,367.425263,285.421053,0.000000,57.320000,16.508421,3.226842,0.000000
20260507:1210,344.214211,277.578947,0.000000,57.840000,17.159474,3.285789,0.000000
20260507:1310,362.583158,270.000000,0.000000,53.950000,17.724211,3.296842,0.000000
20260507:1410,318.318421,246.368421,0.000000,46.900000,17.966842,3.336316,0.000000
20260507:1510,269.368421,187.631579,0.000000,38.080000,18.148947,3.396316,0.000000
20260507:1610,191.578947,163.052632,0.000000,28.440000,18.012105,3.328947,0.000000
20260507:1710,111.789474,106.789474,0.000000,18.540000,17.585263,2.955263,0.000000
20260507:1810,24.000000,45.263158,0.000000,8.800000,16.850000,2.536316,0.000000
20260507:1910,0.000000,0.000000,0.000000,-0.023158,15.820526,2.591579,0.000000
20260507:2010,0.000000,0.000000,0.000000,0.000000,14.423684,2.845789,0.000000
20260507:2110,0.000000,0.000000,0.000000,0.000000,13.484737,2.993158,0.000000
20260507:2210,0.000000,0.000000,0.000000,0.000000,12.833684,3.012105,0.000000
20260507:2310,0.000000,0.000000,0.000000,0.000000,12.325789,3.000526,0.000000
20260508:0010,0.000000,0.000000,0.000000,0.000000,11.793684,2.932632,0.000000
20260508:0110,0.000000,0.000000,0.000000,0.000000,11.300000,2.874737,0.000000
20260508:0210,0.000000,0.000000,0.000000,0.000000,10.950000,2.824211,0.000000
20260508:0310,0.000000,0.000000,0.000000,0.000000,10.614737,2.770526,0.000000
20260508:0410,0.000000,0.000000,0.000000,0.000000,10.347895,2.751053,0.000000
20260508:0510,9.052632,29.052632,0.000000,6.900000,10.310000,2.704737,0.000000
20260508:0610,35.894737,76.473684,0.000000,16.550000,11.178421,2.675263,0.000000
20260508:0710,91.631579,140.000000,0.000000,26.450000,12.636842,3.066842,0.000000
20260508:0810,117.526316,203.421053,0.000000,36.190000,13.757895,3.477368,0.000000
20260508:0910,201.054211,241.578947,0.000000,45.270000,14.812105,3.792105,0.000000
20260508:1010,237.265263,286.578947,0.000000,52.850000,15.824211,3.895263,0.000000
20260508:1110,256.265263,304.052632,0.000000,57.590000,16.824737,4.093684,0.000000
20260508:1210,216.896316,291.684211,0.000000,58.110000,17.554737,4.284211,0.000000
20260508:1310,236.791053,288.052632,0.000000,54.190000,18.014737,4.380526,0.000000
20260508:1410,245.265789,228.894737,0.000000,47.110000,18.308947,4.526316,0.000000
20260508:1510,165.684211,218.578947,0.000000,38.280000,18.353158,4.425263,0.000000
20260508:1610,131.000000,164.736842,0.000000,28.630000,18.227895,4.200000,0.000000
20260508:1710,72.842105,110.842105,0.000000,18.730000,17.745263,3.681053,0.000000
20260508:1810,19.157895,50.421053,0.000000,8.990000,16.970000,3.204211,0.000000
20260508:1910,0.000000,0.000000,0.000000,-0.012632,15.853158,3.068947,0.000000
20260508:2010,0.000000,0.000000,0.000000,0.000000,14.815789,3.223684,0.000000
20260508:2110,0.000000,0.000000,0.000000,0.000000,14.066316,3.306842,0.000000
20260508:2210,0.000000,0.000000,0.000000,0.000000,13.494211,3.373158,0.000000
20260508:2310,0.000000,0.000000,0.000000,0.000000,12.959474,3.363684,0.000000
20260509:0010,0.000000,0.000000,0.000000,0.000000,12.579474,3.315789,0.000000
20260509:0110,0.000000,0.000000,0.000000,0.000000,12.101579,3.335263,0.000000
20260509:0210,0.000000,0.000000,0.000000,0.000000,11.787368,3.313158,0.000000
20260509:0310,0.000000,0.000000,0.000000,0.000000,11.543158,3.265789,0.000000
20260509:0410,0.000000,0.000000,0.000000,0.000000,11.323684,3.212105,0.000000
20260509:0510,9.421053,34.736842,0.000000,7.110000,11.151053,3.208947,0.000000
20260509:0610,59.263158,95.684211,0.000000,16.760000,11.650000,3.216316,0.000000
20260509:0710,118.473684,156.368421,0.000000,26.650000,12.884211,3.345789,0.000000
20260509:0810,205.315789,212.947368,0.000000,36.400000,14.052632,3.589474,0.000000
20260509:0910,208.737895,267.894737,0.000000,45.500000,15.289474,3.811053,0.000000
20260509:1010,271.055263,266.684211,0.000000,53.090000,16.244737,3.774737,0.000000
20260509:1110,258.265789,277.736842,0.000000,57.860000,16.985789,3.670000,0.000000
20260509:1210,297.161053,244.789474,0.000000,58.370000,17.605789,3.767895,0.000000
20260509:1310,225.371053,236.684211,0.000000,54.430000,18.118421,3.986316,0.000000
20260509:1410,163.948421,246.157895,0.000000,47.330000,18.276842,3.901053,0.000000
20260509:1510,139.631579,228.157895,0.000000,38.470000,18.273158,3.763684,0.000000
20260509:1610,112.947368,172.526316,0.000000,28.810000,18.144211,3.567895,0.000000
20260509:1710,65.578947,113.105263,0.000000,18.920000,17.854737,3.350526,0.000000
20260509:1810,24.894737,48.157895,0.000000,9.180000,17.034737,2.715263,0.000000
20260509:1910,0.000000,0.000000,0.000000,-0.002105,15.695789,2.701579,0.000000
20260509:2010,0.000000,0.000000,0.000000,0.000000,14.578947,2.787368,0.000000
20260509:2110,0.000000,0.000000,0.000000,0.000000,13.887368,2.863158,0.000000
20260509:2210,0.000000,0.000000,0.000000,0.000000,13.308421,2.813158,0.000000
20260509:2310,0.000000,0.000000,0.000000,0.000000,12.678421,2.914737,0.000000
20260510:0010,0.000000,0.000000,0.000000,0.000000,11.966316,2.932105,0.000000
20260510:0110,0.000000,0.000000,0.000000,0.000000,11.450000,2.867368,0.000000
20260510:0210,0.000000,0.000000,0.000000,0.000000,11.047895,2.911053,0.000000
20260510:0310,0.000000,0.000000,0.000000,0.000000,10.807368,2.932632,0.000000
20260510:0410,0.000000,0.000000,0.000000,0.000000,10.500526,3.012105,0.000000
20260510:0510,8.210526,28.842105,0.000000,7.310000,10.496316,2.954211,0.000000
20260510:0610,30.736842,89.052632,0.000000,16.960000,11.271053,2.917895,0.000000
20260510:0710,82.526316,151.473684,0.000000,26.850000,12.603684,3.316842,0.000000
20260510:0810,170.684211,183.947368,0.000000,36.610000,13.901579,3.590000,0.000000
20260510:0910,185.316842,228.578947,0.000000,45.710000,15.162632,3.706842,0.000000
20260510:1010,223.685789,246.894737,0.000000,50.523158,16.303684,3.846842,0.000000
20260510:1110,327.740526,235.473684,0.000000,58.120000,17.291579,3.928421,0.000000
20260510:1210,321.372105,283.157895,0.000000,58.630000,18.064737,3.956842,0.000000
20260510:1310,304.161053,249.842105,0.000000,54.670000,18.499474,3.953158,0.000000
20260510:1410,216.212105,213.789474,0.000000,47.540000,18.713684,3.996316,0.000000
20260510:1510,184.210526,187.894737,0.000000,38.670000,18.674211,3.905789,0.000000
20260510:1610,109.000000,165.894737,0.000000,29.000000,18.448421,3.596316,0.000000
20260510:1710,55.736842,105.368421,0.000000,19.100000,17.896316,3.325263,0.000000
20260510:1810,23.631579,48.105263,0.000000,9.370000,17.092632,2.936842,0.000000
20260510:1910,0.000000,0.631579,0.000000,0.008947,15.959474,2.907895,0.000000
20260510:2010,0.000000,0.000000,0.000000,0.000000,14.888421,2.998421,0.000000
20260510:2110,0.000000,0.000000,0.000000,0.000000,13.974211,3.052632,0.000000
20260510:2210,0.000000,0.000000,0.000000,0.000000,13.202105,3.087895,0.000000
20260510:2310,0.000000,0.000000,0.000000,0.000000,12.481053,3.132632,0.000000
20260511:0010,0.000000,0.000000,0.000000,0.000000,11.813684,3.135789,0.000000
20260511:0110,0.000000,0.000000,0.000000,0.000000,11.225263,3.178947,0.000000
20260511:0210,0.000000,0.000000,0.000000,0.000000,10.663158,3.206316,0.000000
20260511:0310,0.000000,0.000000,0.000000,0.000000,10.213684,3.194211,0.000000
20260511:0410,0.000000,0.000000,0.000000,0.000000,9.893158,3.164737,0.000000
20260511:0510,14.526316,38.105263,0.000000,7.510000,9.734211,3.097368,0.000000
20260511:0610,66.894737,88.315789,0.000000,17.150000,10.669474,3.042105,0.000000
20260511:0710,109.368421,120.526316,0.000000,25.616842,11.997368,3.622632,0.000000
20260511:0810,191.631579,173.315789,0.000000,36.810000,13.248421,3.666842,0.000000
20260511:0910,196.633684,198.947368,0.000000,45.930000,14.374211,3.807895,0.000000
20260511:1010,274.107895,238.736842,0.000000,53.570000,15.386316,3.840000,0.000000
20260511:1110,339.951053,249.368421,0.000000,58.380000,16.249474,3.926316,0.000000
20260511:1210,310.898421,262.684211,0.000000,58.890000,16.907895,4.145263,0.000000
20260511:1310,298.792632,255.210526,0.000000,52.010526,17.275263,4.290526,0.000000
20260511:1410,287.423158,221.789474,0.000000,47.740000,17.323158,4.325789,0.000000
20260511:1510,263.052632,177.578947,0.000000,38.860000,17.335263,4.272105,0.000000
20260511:1610,145.736842,168.421053,0.000000,29.180000,17.158947,4.170526,0.000000
20260511:1710,93.684211,102.000000,0.000000,19.280000,16.715789,3.817895,0.000000
20260511:1810,32.947368,46.947368,0.000000,9.560000,15.952105,3.641053,0.000000
20260511:1910,0.000000,0.789474,0.000000,0.018947,14.668947,3.415263,0.000000
20260511:2010,0.000000,0.000000,0.000000,0.000000,13.642105,3.503158,0.000000
20260511:2110,0.000000,0.000000,0.000000,0.000000,12.904211,3.586316,0.000000
20260511:2210,0.000000,0.000000,0.000000,0.000000,12.256842,3.525263,0.000000
20260511:2310,0.000000,0.000000,0.000000,0.000000,11.722105,3.441053,0.000000
20260512:0010,0.000000,0.000000,0.000000,0.000000,11.147895,3.356842,0.000000
20260512:0110,0.000000,0.000000,0.000000,0.000000,10.692632,3.266842,0.000000
20260512:0210,0.000000,0.000000,0.000000,0.000000,10.288947,3.186842,0.000000
20260512:0310,0.000000,0.000000,0.000000,0.000000,9.826316,3.153684,0.000000
20260512:0410,0.000000,0.000000,0.000000,0.000000,9.472105,3.118947,0.000000
20260512:0510,16.473684,40.052632,0.000000,7.710000,9.298947,3.020000,0.000000
20260512:0610,89.000000,104.684211,0.000000,17.340000,10.078947,2.853158,0.000000
20260512:0710,175.631579,155.000000,0.000000,27.230000,11.288421,3.183158,0.000000
20260512:0810,245.105263,193.578947,0.000000,37.000000,12.622105,3.459474,0.000000
20260512:0910,293.738421,249.052632,0.000000,46.130000,13.876316,3.645263,0.000000
20260512:1010,261.949474,297.947368,0.000000,53.790000,14.967368,3.815263,0.000000
20260512:1110,295.477895,319.263158,0.000000,58.630000,15.818421,3.912632,0.000000
20260512:1210,306.898421,299.631579,0.000000,59.140000,16.378947,3.977368,0.000000
20260512:1310,271.581579,287.631579,0.000000,55.130000,16.705263,4.038421,0.000000
20260512:1410,199.211579,269.631579,0.000000,47.950000,16.792632,4.115263,0.000000
20260512:1510,177.578947,219.473684,0.000000,39.040000,16.741053,4.091053,0.000000
20260512:1610,100.894737,188.210526,0.000000,29.360000,16.574211,3.931053,0.000000
20260512:1710,68.631579,117.894737,0.000000,19.460000,16.016316,3.655263,0.000000
20260512:1810,22.157895,56.421053,0.000000,9.750000,15.198421,3.074737,0.000000
20260512:1910,0.000000,0.421053,0.000000,0.029474,13.885789,2.904211,0.000000
20260512:2010,0.000000,0.000000,0.000000,0.000000,12.825263,2.863158,0.000000
20260512:2110,0.000000,0.000000,0.000000,0.000000,12.027895,2.871053,0.000000
20260512:2210,0.000000,0.000000,0.000000,0.000000,11.385789,2.900000,0.000000
20260512:2310,0.000000,0.000000,0.000000,0.000000,10.827368,2.918421,0.000000
20260513:0010,0.000000,0.000000,0.000000,0.000000,10.408421,2.888947,0.000000
20260513:0110,0.000000,0.000000,0.000000,0.000000,9.970000,2.725789,0.000000
20260513:0210,0.000000,0.000000,0.000000,0.000000,9.514211,2.733158,0.000000
20260513:0310,0.000000,0.000000,0.000000,0.000000,9.122105,2.766316,0.000000
20260513:0410,0.000000,0.000000,0.000000,0.000000,8.809474,2.726316,0.000000
20260513:0510,20.684211,41.736842,0.000000,7.900000,8.793158,2.657368,0.000000
20260513:0610,93.684211,81.368421,0.000000,17.520000,9.790000,2.543684,0.000000
20260513:0710,163.473684,145.578947,0.000000,27.410000,11.289474,3.103158,0.000000
20260513:0810,271.789474,199.578947,0.000000,37.190000,12.677895,3.215263,0.000000
20260513:0910,251.107368,269.210526,0.000000,46.330000,13.994737,3.230000,0.000000
20260513:1010,359.318947,274.578947,0.000000,54.020000,15.210000,3.382632,0.000000
20260513:1110,396.898947,282.578947,0.000000,58.870000,16.256316,3.535263,0.000000
20260513:1210,385.162105,246.315789,0.000000,59.380000,16.801579,3.666842,0.000000
20260513:1310,387.424737,259.684211,0.000000,55.360000,17.138421,3.436842,0.000000
20260513:1410,311.634737,226.578947,0.000000,48.150000,17.365789,3.380000,0.000000
20260513:1510,234.157895,202.473684,0.000000,39.230000,17.009474,3.408947,0.000000
20260513:1610,161.210526,136.000000,0.000000,29.540000,16.603158,3.466842,0.000000
20260513:1710,61.105263,97.210526,0.000000,19.640000,16.291053,3.213684,0.000000
20260513:1810,34.526316,52.263158,0.000000,9.930000,15.684211,2.983684,0.000000
20260513:1910,0.000000,0.105263,0.000000,0.039474,14.513158,2.910526,0.000000
20260513:2010,0.000000,0.000000,0.000000,0.000000,13.411579,2.953684,0.000000
20260513:2110,0.000000,0.000000,0.000000,0.000000,12.606316,2.917895,0.000000
20260513:2210,0.000000,0.000000,0.000000,0.000000,12.004737,2.874211,0.000000
20260513:2310,0.000000,0.000000,0.000000,0.000000,11.293158,2.820526,0.000000
20260514:0010,0.000000,0.000000,0.000000,0.000000,10.712105,2.810000,0.000000
20260514:0110,0.000000,0.000000,0.000000,0.000000,10.081579,2.776316,0.000000
20260514:0210,0.000000,0.000000,0.000000,0.000000,9.671053,2.773158,0.000000
20260514:0310,0.000000,0.000000,0.000000,0.000000,9.370000,2.729474,0.000000
20260514:0410,0.000000,0.000000,0.000000,0.000000,9.083684,2.699474,0.000000
20260514:0510,17.526316,33.894737,0.000000,8.080000,9.052632,2.635263,0.000000
20260514:0610,51.210526,88.263158,0.000000,17.700000,9.896842,2.613684,0.000000
20260514:0710,97.736842,136.947368,0.000000,27.590000,11.218947,3.002105,0.000000
20260514:0810,165.894737,182.421053,0.000000,37.370000,12.344211,3.193158,0.000000
20260514:0910,261.368421,197.947368,0.000000,46.530000,13.344737,3.268421,0.000000
20260514:1010,199.581053,263.842105,0.000000,54.230000,14.287895,3.343684,0.000000
20260514:1110,227.950000,247.947368,0.000000,59.110000,15.055263,3.403684,0.000000
20260514:1210,323.160526,265.631579,0.000000,59.630000,15.655789,3.465789,0.000000
20260514:1310,275.475789,250.894737,0.000000,55.580000,16.114211,3.561579,0.000000
20260514:1410,234.843684,236.631579,0.000000,48.340000,16.419474,3.703158,0.000000
20260514:1510,202.210526,211.052632,0.000000,39.410000,16.366316,3.772105,0.000000
20260514:1610,119.473684,147.789474,0.000000,29.710000,16.057368,3.750000,0.000000
20260514:1710,76.315789,95.894737,0.000000,19.810000,15.601579,3.583158,0.000000
20260514:1810,27.684211,48.526316,0.000000,10.110000,14.985263,3.190526,0.000000
20260514:1910,0.000000,0.263158,0.000000,0.049474,13.860526,3.057368,0.000000
20260514:2010,0.000000,0.000000,0.000000,0.000000,12.844211,2.913684,0.000000
20260514:2110,0.000000,0.000000,0.000000,0.000000,11.985263,2.918947,0.000000
20260514:2210,0.000000,0.000000,0.000000,0.000000,11.261053,2.872105,0.000000
20260514:2310,0.000000,0.000000,0.000000,0.000000,10.750526,2.754737,0.000000
20260515:0010,0.000000,0.000000,0.000000,0.000000,10.315789,2.798947,0.000000
20260515:0110,0.000000,0.000000,0.000000,0.000000,9.898421,2.849474,0.000000
20260515:0210,0.000000,0.000000,0.000000,0.000000,9.465789,2.922105,0.000000
20260515:0310,0.000000,0.000000,0.000000,0.000000,9.058947,2.940526,0.000000
20260515:0410,0.000000,0.000000,0.000000,0.000000,8.703158,2.900526,0.000000
20260515:0510,21.578947,40.421053,0.000000,8.260000,8.650000,2.820526,0.000000
20260515:0610,83.052632,92.157895,0.000000,17.870000,9.487895,2.955263,0.000000
20260515:0710,170.263158,125.789474,0.000000,26.298947,10.803684,3.389474,0.000000
20260515:0810,203.684211,211.578947,0.000000,37.540000,12.116316,3.531579,0.000000
20260515:0910,287.474211,247.789474,0.000000,46.720000,13.403684,3.743158,0.000000
20260515:1010,271.581579,266.947368,0.000000,54.450000,14.461053,3.918947,0.000000
20260515:1110,277.740000,276.684211,0.000000,59.340000,15.067368,4.018421,0.000000
20260515:1210,314.529474,300.368421,0.000000,59.860000,15.637368,4.184737,0.000000
20260515:1310,306.424211,299.368421,0.000000,55.790000,16.162632,4.315263,0.000000
20260515:1410,323.107368,224.000000,0.000000,48.540000,16.546316,4.338421,0.000000
20260515:1510,272.263158,213.473684,0.000000,39.590000,16.674211,4.406842,0.000000
20260515:1610,184.263158,156.842105,0.000000,29.880000,16.531579,4.300526,0.000000
20260515:1710,78.842105,113.263158,0.000000,19.980000,16.067895,3.885263,0.000000
20260515:1810,38.473684,57.578947,0.000000,10.290000,15.324737,3.363684,0.000000
20260515:1910,0.000000,0.578947,0.000000,0.059474,14.175789,3.110526,0.000000
20260515:2010,0.000000,0.000000,0.000000,0.000000,13.099474,3.074211,0.000000
20260515:2110,0.000000,0.000000,0.000000,0.000000,12.258947,3.117895,0.000000
20260515:2210,0.000000,0.000000,0.000000,0.000000,11.586842,3.077368,0.000000
20260515:2310,0.000000,0.000000,0.000000,0.000000,11.044737,2.998421,0.000000
20260516:0010,0.000000,0.000000,0.000000,0.000000,10.541053,2.921053,0.000000
20260516:0110,0.000000,0.000000,0.000000,0.000000,10.072105,2.889474,0.000000
20260516:0210,0.000000,0.000000,0.000000,0.000000,9.641579,2.837368,0.000000
20260516:0310,0.000000,0.000000,0.000000,0.000000,9.297368,2.769474,0.000000
20260516:0410,0.000000,0.000000,0.000000,0.000000,8.971579,2.736842,0.000000
20260516:0510,26.421053,48.368421,0.000000,8.440000,8.967895,2.631053,0.000000
20260516:0610,88.368421,103.000000,0.000000,18.040000,10.029474,2.490526,0.000000
20260516:0710,175.000000,140.526316,0.000000,26.450526,11.540000,3.006316,0.000000
20260516:0810,255.473684,199.052632,0.000000,37.710000,12.917895,3.077895,0.000000
20260516:0910,311.000526,217.894737,0.000000,46.900000,14.261579,3.247895,0.000000
20260516:1010,335.635789,223.842105,0.000000,54.650000,15.333158,3.550000,0.000000
20260516:1110,353.583684,246.631579,0.000000,59.570000,16.195789,3.745789,0.000000
20260516:1210,304.845789,245.526316,0.000000,60.090000,16.736842,3.891053,0.000000
20260516:1310,231.633684,271.894737,0.000000,53.062105,17.147895,3.989474,0.000000
20260516:1410,245.737895,227.263158,0.000000,46.165263,17.404737,4.018947,0.000000
20260516:1510,151.421053,213.526316,0.000000,37.667368,17.376316,3.935789,0.000000
20260516:1610,136.421053,145.263158,0.000000,28.468421,17.140526,3.742632,0.000000
20260516:1710,81.368421,112.157895,0.000000,19.089474,16.652105,3.240526,0.000000
20260516:1810,23.052632,51.526316,0.000000,9.909474,15.990526,2.867368,0.000000
20260516:1910,0.000000,0.263158,0.000000,0.069474,14.841053,2.808947,0.000000
20260516:2010,0.000000,0.000000,0.000000,0.000000,13.686316,2.871053,0.000000
20260516:2110,0.000000,0.000000,0.000000,0.000000,12.735263,2.888947,0.000000
20260516:2210,0.000000,0.000000,0.000000,0.000000,12.046316,2.864737,0.000000
20260516:2310,0.000000,0.000000,0.000000,0.000000,11.463684,2.820000,0.000000
20260517:0010,0.000000,0.000000,0.000000,0.000000,10.916842,2.851053,0.000000
20260517:0110,0.000000,0.000000,0.000000,0.000000,10.486316,2.820526,0.000000
20260517:0210,0.000000,0.000000,0.000000,0.000000,9.984737,2.801579,0.000000
20260517:0310,0.000000,0.000000,0.000000,0.000000,9.598947,2.714211,0.000000
20260517:0410,0.000000,0.000000,0.000000,0.000000,9.212105,2.616842,0.000000
20260517:0510,20.736842,42.421053,0.000000,8.147368,9.187368,2.552632,0.000000
20260517:0610,78.000000,94.578947,0.000000,17.242105,10.380526,2.635789,0.000000
20260517:0710,165.368421,137.894737,0.000000,26.602105,11.883158,2.958421,0.000000
20260517:0810,247.894737,175.315789,0.000000,35.886316,13.237368,3.140000,0.000000
20260517:0910,346.894737,193.736842,0.000000,44.602105,14.500526,3.357895,0.000000
20260517:1010,367.372105,235.526316,0.000000,51.963158,15.587895,3.516842,0.000000
20260517:1110,422.688947,246.421053,0.000000,56.643158,16.534211,3.672632,0.000000
20260517:1210,373.319474,273.631579,0.000000,57.145263,17.197895,3.734737,0.000000
20260517:1310,302.950526,226.315789,0.000000,53.251579,17.675789,3.694737,0.000000
20260517:1410,254.739474,245.105263,0.000000,46.345263,18.034211,3.840526,0.000000
20260517:1510,229.315789,213.684211,0.000000,37.828421,18.077895,3.898947,0.000000
20260517:1610,168.473684,153.684211,0.000000,28.629474,17.886842,3.741579,0.000000
20260517:1710,96.157895,104.157895,0.000000,19.250526,17.484737,3.454737,0.000000
20260517:1810,32.789474,54.473684,0.000000,10.070526,16.820000,2.937368,0.000000
20260517:1910,0.000000,1.315789,0.000000,0.315789,15.648947,2.802105,0.000000
20260517:2010,0.000000,0.000000,0.000000,0.000000,14.390526,2.723158,0.000000
20260517:2110,0.000000,0.000000,0.000000,0.000000,13.371053,2.660526,0.000000
20260517:2210,0.000000,0.000000,0.000000,0.000000,12.576842,2.623158,0.000000
20260517:2310,0.000000,0.000000,0.000000,0.000000,11.846316,2.545263,0.000000
20260518:0010,0.000000,0.000000,0.000000,0.000000,11.133158,2.530526,0.000000
20260518:0110,0.000000,0.000000,0.000000,0.000000,10.539474,2.541579,0.000000
20260518:0210,0.000000,0.000000,0.000000,0.000000,9.972632,2.530000,0.000000
20260518:0310,0.000000,0.000000,0.000000,0.000000,9.515263,2.584211,0.000000
20260518:0410,0.000000,0.000000,0.000000,0.000000,9.167368,2.544737,0.000000
20260518:0510,20.631579,40.000000,0.000000,8.308421,9.215263,2.421053,0.000000
20260518:0610,75.368421,97.684211,0.000000,17.393684,10.571579,2.351579,0.000000
20260518:0710,161.000000,153.315789,0.000000,26.744211,12.185789,2.638947,0.000000
20260518:0810,293.947368,174.684211,0.000000,36.028421,13.578421,2.893684,0.000000
20260518:0910,373.579474,200.842105,0.000000,44.763158,14.874737,2.991579,0.000000
20260518:1010,378.477895,263.684211,0.000000,52.143158,16.016316,3.092105,0.000000
20260518:1110,389.004737,246.684211,0.000000,56.851579,16.995263,3.201053,0.000000
20260518:1210,391.846316,280.578947,0.000000,57.353684,17.630526,3.335789,0.000000
20260518:1310,310.055789,232.578947,0.000000,50.481053,18.021579,3.623158,0.000000
20260518:1410,253.474737,208.052632,0.000000,43.931579,18.231579,3.777895,0.000000
20260518:1510,220.526316,155.210526,0.000000,35.878947,18.033684,3.785263,0.000000
20260518:1610,155.421053,136.894737,0.000000,28.781053,17.818421,3.694737,0.000000
20260518:1710,88.894737,92.315789,0.000000,19.411579,17.360526,3.531579,0.000000
20260518:1810,37.052632,53.631579,0.000000,10.231579,16.593684,3.371053,0.000000
20260518:1910,0.000000,3.368421,0.000000,1.591579,15.443684,3.263158,0.000000
20260518:2010,0.000000,0.000000,0.000000,0.000000,14.318947,3.142632,0.000000
20260518:2110,0.000000,0.000000,0.000000,0.000000,13.442632,3.139474,0.000000
20260518:2210,0.000000,0.000000,0.000000,0.000000,12.609474,3.202632,0.000000
20260518:2310,0.000000,0.000000,0.000000,0.000000,11.942632,3.197368,0.000000
20260519:0010,0.000000,0.000000,0.000000,0.000000,11.309474,3.087895,0.000000
20260519:0110,0.000000,0.000000,0.000000,0.000000,10.847368,2.998421,0.000000
20260519:0210,0.000000,0.000000,0.000000,0.000000,10.353684,2.976316,0.000000
20260519:0310,0.000000,0.000000,0.000000,0.000000,9.932105,2.903684,0.000000
20260519:0410,0.000000,0.000000,0.000000,0.000000,9.535263,2.849474,0.000000
20260519:0510,26.631579,50.157895,0.000000,8.450526,9.496316,2.737368,0.000000
20260519:0610,95.210526,98.315789,0.000000,17.526316,10.579474,2.612105,0.000000
20260519:0710,153.000000,160.000000,0.000000,26.886316,12.041053,3.302632,0.000000
20260519:0810,237.578947,205.736842,0.000000,36.180000,13.293158,3.313684,0.000000
20260519:0910,279.684211,228.052632,0.000000,44.914737,14.482105,3.495789,0.000000
20260519:1010,380.740000,263.947368,0.000000,55.230000,15.612105,3.556842,0.000000
20260519:1110,305.266316,307.473684,0.000000,60.220000,16.555789,3.699474,0.000000
20260519:1210,360.477368,267.631579,0.000000,60.760000,17.186842,3.795789,0.000000
20260519:1310,306.792632,238.473684,0.000000,56.620000,17.599474,3.847368,0.000000
20260519:1410,271.370526,238.368421,0.000000,49.280000,17.772632,3.925263,0.000000
20260519:1510,232.157895,189.157895,0.000000,40.270000,17.812105,3.901579,0.000000
20260519:1610,168.157895,167.368421,0.000000,30.540000,17.535789,3.745263,0.000000
20260519:1710,91.000000,117.000000,0.000000,20.650000,17.207368,3.460000,0.000000
20260519:1810,26.526316,59.368421,0.000000,10.970000,16.533158,2.958421,0.000000
20260519:1910,0.000000,4.263158,0.000000,1.850000,15.414737,2.718947,0.000000
20260519:2010,0.000000,0.000000,0.000000,0.000000,14.312105,2.780000,0.000000
20260519:2110,0.000000,0.000000,0.000000,0.000000,13.471579,2.878421,0.000000
20260519:2210,0.000000,0.000000,0.000000,0.000000,12.735789,2.950000,0.000000
20260519:2310,0.000000,0.000000,0.000000,0.000000,12.146842,2.978947,0.000000
20260520:0010,0.000000,0.000000,0.000000,0.000000,11.653684,2.982105,0.000000
20260520:0110,0.000000,0.000000,0.000000,0.000000,11.197368,2.932632,0.000000
20260520:0210,0.000000,0.000000,0.000000,0.000000,10.826316,2.873158,0.000000
20260520:0310,0.000000,0.000000,0.000000,0.000000,10.423684,2.837895,0.000000
20260520:0410,0.000000,0.000000,0.000000,0.000000,10.102105,2.791053,0.000000
20260520:0510,21.631579,36.368421,0.000000,8.592632,10.138947,2.664211,0.000000
20260520:0610,63.684211,78.368421,0.000000,17.668421,11.266316,2.603684,0.000000
20260520:0710,159.210526,140.052632,0.000000,28.520000,12.683158,2.980000,0.000000
20260520:0810,204.000000,173.789474,0.000000,38.330000,14.016316,3.277368,0.000000
20260520:0910,294.894737,207.263158,0.000000,47.570000,15.407368,3.535789,0.000000
20260520:1010,349.477895,229.736842,0.000000,55.410000,16.405789,3.941579,0.000000
20260520:1110,314.424737,241.315789,0.000000,57.240000,17.171053,4.240526,0.000000
20260520:1210,292.633684,296.789474,0.000000,60.970000,17.779474,4.323158,0.000000
20260520:1310,310.633158,302.421053,0.000000,56.810000,18.156842,4.199474,0.000000
20260520:1410,228.315789,260.210526,0.000000,49.460000,18.424211,4.173684,0.000000
20260520:1510,201.736842,205.157895,0.000000,40.440000,18.401579,4.108421,0.000000
20260520:1610,139.000000,166.263158,0.000000,30.700000,18.185263,3.949474,0.000000
20260520:1710,102.842105,121.000000,0.000000,20.810000,17.759474,3.643158,0.000000
20260520:1810,30.473684,55.736842,0.000000,11.140000,17.157895,3.225263,0.000000
20260520:1910,0.000000,4.473684,0.000000,2.030000,16.051579,2.900000,0.000000
20260520:2010,0.000000,0.000000,0.000000,0.000000,14.982632,3.020000,0.000000
20260520:2110,0.000000,0.000000,0.000000,0.000000,14.215789,3.042105,0.000000
20260520:2210,0.000000,0.000000,0.000000,0.000000,13.573684,2.987895,0.000000
20260520:2310,0.000000,0.000000,0.000000,0.000000,13.047368,2.889474,0.000000
20260521:0010,0.000000,0.000000,0.000000,0.000000,12.579474,2.856316,0.000000
20260521:0110,0.000000,0.000000,0.000000,0.000000,12.146316,2.824211,0.000000
20260521:0210,0.000000,0.000000,0.000000,0.000000,11.756316,2.765789,0.000000
20260521:0310,0.000000,0.000000,0.000000,0.000000,11.311579,2.668421,0.000000
20260521:0410,0.000000,0.000000,0.000000,0.000000,10.914211,2.631053,0.000000
20260521:0510,22.684211,43.842105,0.000000,9.220000,10.927895,2.444211,0.000000
20260521:0610,75.684211,95.263158,0.000000,18.790000,12.132105,2.381579,0.000000
20260521:0710,156.894737,127.578947,0.000000,27.151579,13.657368,2.819474,0.000000
20260521:0810,273.789474,165.210526,0.000000,38.470000,15.008947,2.968947,0.000000
20260521:0910,345.105263,206.263158,0.000000,47.730000,16.215789,3.048947,0.000000
20260521:1010,324.318947,262.473684,0.000000,52.654737,17.412632,3.238421,0.000000
20260521:1110,337.792632,298.052632,0.000000,60.620000,18.340000,3.331579,0.000000
20260521:1210,313.317895,303.473684,0.000000,61.170000,19.060526,3.499474,0.000000
20260521:1310,281.896316,279.368421,0.000000,57.010000,19.620000,3.621579,0.000000
20260521:1410,311.789474,252.052632,0.000000,49.630000,19.972632,3.753684,0.000000
20260521:1510,191.421053,216.052632,0.000000,40.600000,19.968421,3.865789,0.000000
20260521:1610,150.578947,149.263158,0.000000,30.860000,19.552632,3.643684,0.000000
20260521:1710,94.157895,104.157895,0.000000,20.960000,19.145789,3.487895,0.000000
20260521:1810,35.526316,55.421053,0.000000,11.300000,18.548421,3.157895,0.000000
20260521:1910,0.000000,4.947368,0.000000,2.200000,17.465263,3.112105,0.000000
20260521:2010,0.000000,0.000000,0.000000,0.000000,16.248947,3.207895,0.000000
20260521:2110,0.000000,0.000000,0.000000,0.000000,15.265789,3.263158,0.000000
20260521:2210,0.000000,0.000000,0.000000,0.000000,14.467368,3.248947,0.000000
20260521:2310,0.000000,0.000000,0.000000,0.000000,13.838421,3.266316,0.000000
20260522:0010,0.000000,0.000000,0.000000,0.000000,13.262632,3.237368,0.000000
20260522:0110,0.000000,0.000000,0.000000,0.000000,12.767368,3.234737,0.000000
20260522:0210,0.000000,0.000000,0.000000,0.000000,12.335789,3.219474,0.000000
20260522:0310,0.000000,0.000000,0.000000,0.000000,11.909474,3.130000,0.000000
20260522:0410,0.000000,0.000000,0.000000,0.000000,11.518947,3.095789,0.000000
20260522:0510,21.684211,46.105263,0.000000,9.360000,11.491579,3.028947,0.000000
20260522:0610,98.894737,99.684211,0.000000,18.920000,12.536842,2.914737,0.000000
20260522:0710,169.631579,126.684211,0.000000,27.274737,13.908421,3.473684,0.000000
20260522:0810,237.842105,191.789474,0.000000,38.610000,15.191579,3.717368,0.000000
20260522:0910,326.315789,212.052632,0.000000,47.870000,16.397895,3.771579,0.000000
20260522:1010,319.739474,274.578947,0.000000,55.750000,17.400526,3.853684,0.000000
20260522:1110,346.320000,268.736842,0.000000,60.810000,18.342105,3.937368,0.000000
20260522:1210,351.793684,262.578947,0.000000,61.370000,18.981053,3.876842,0.000000
20260522:1310,294.948421,297.789474,0.000000,57.190000,19.387368,4.028947,0.000000
20260522:1410,253.000526,268.736842,0.000000,49.800000,19.540526,4.116842,0.000000
20260522:1510,255.421053,243.105263,0.000000,40.750000,19.380526,4.040526,0.000000
20260522:1610,187.421053,162.368421,0.000000,31.010000,19.134211,4.108947,0.000000
20260522:1710,95.894737,109.315789,0.000000,21.120000,18.515263,3.850526,0.000000
20260522:1810,38.368421,57.842105,0.000000,11.460000,17.830000,3.321579,0.000000
20260522:1910,0.000000,4.789474,0.000000,2.360000,16.535789,3.088947,0.000000
20260522:2010,0.000000,0.000000,0.000000,0.000000,15.345789,2.875263,0.000000
20260522:2110,0.000000,0.000000,0.000000,0.000000,14.438947,2.853158,0.000000
20260522:2210,0.000000,0.000000,0.000000,0.000000,13.633158,2.890526,0.000000
20260522:2310,0.000000,0.000000,0.000000,0.000000,12.953158,2.810000,0.000000
20260523:0010,0.000000,0.000000,0.000000,0.000000,12.361053,2.820526,0.000000
20260523:0110,0.000000,0.000000,0.000000,0.000000,11.817368,2.823684,0.000000
20260523:0210,0.000000,0.000000,0.000000,0.000000,11.433684,2.761579,0.000000
20260523:0310,0.000000,0.000000,0.000000,0.000000,10.976316,2.755263,0.000000
20260523:0410,0.000000,0.000000,0.000000,0.000000,10.585263,2.769474,0.000000
20260523:0510,27.578947,48.947368,0.000000,9.490000,10.599474,2.758421,0.000000
20260523:0610,84.263158,94.052632,0.000000,19.050000,11.693684,2.829474,0.000000
20260523:0710,145.210526,139.578947,0.000000,28.920000,13.110000,3.688947,0.000000
20260523:0810,247.263158,194.578947,0.000000,38.740000,14.292105,3.799474,0.000000
20260523:0910,283.789474,225.894737,0.000000,48.010000,15.428421,3.913684,0.000000
20260523:1010,309.002632,260.526316,0.000000,55.910000,16.406316,3.955789,0.000000
20260523:1110,368.004211,260.631579,0.000000,61.000000,17.200000,3.963684,0.000000
20260523:1210,413.636316,275.894737,0.000000,61.570000,17.985789,3.956842,0.000000
20260523:1310,321.318421,266.473684,0.000000,54.350526,18.633684,3.944737,0.000000
20260523:1410,297.368947,266.684211,0.000000,49.960000,19.013158,3.989474,0.000000
20260523:1510,268.210526,213.315789,0.000000,40.910000,19.043158,4.014737,0.000000
20260523:1610,173.631579,176.578947,0.000000,31.160000,18.982632,3.884211,0.000000
20260523:1710,96.263158,122.210526,0.000000,21.270000,18.606316,3.521053,0.000000
20260523:1810,40.526316,58.789474,0.000000,11.610000,17.900526,3.046316,0.000000
20260523:1910,0.000000,7.578947,0.000000,2.530000,16.583684,2.844737,0.000000
20260523:2010,0.000000,0.000000,0.000000,0.000000,15.426316,2.809474,0.000000
20260523:2110,0.000000,0.000000,0.000000,0.000000,14.478947,2.764211,0.000000
20260523:2210,0.000000,0.000000,0.000000,0.000000,13.696316,2.747368,0.000000
20260523:2310,0.000000,0.000000,0.000000,0.000000,12.938947,2.723684,0.000000
20260524:0010,0.000000,0.000000,0.000000,0.000000,12.208947,2.744737,0.000000
20260524:0110,0.000000,0.000000,0.000000,0.000000,11.591579,2.758947,0.000000
20260524:0210,0.000000,0.000000,0.000000,0.000000,11.121579,2.768947,0.000000
20260524:0310,0.000000,0.000000,0.000000,0.000000,10.701053,2.794211,0.000000
20260524:0410,0.000000,0.000000,0.000000,0.000000,10.329474,2.718421,0.000000
20260524:0510,26.578947,52.105263,0.000000,9.620000,10.427895,2.638421,0.000000
20260524:0610,74.789474,112.473684,0.000000,19.170000,11.607368,2.801579,0.000000
20260524:0710,164.105263,163.947368,0.000000,29.040000,13.090000,2.995263,0.000000
20260524:0810,246.578947,215.894737,0.000000,38.860000,14.471579,3.103684,0.000000
20260524:0910,312.894737,256.578947,0.000000,48.150000,15.915263,3.331579,0.000000
20260524:1010,385.372632,249.631579,0.000000,56.070000,17.103684,3.532105,0.000000
20260524:1110,348.528947,282.000000,0.000000,61.170000,18.053684,3.713684,0.000000
20260524:1210,364.320000,304.631579,0.000000,61.760000,18.668421,3.742105,0.000000
20260524:1310,338.897368,260.842105,0.000000,57.550000,18.960526,3.688421,0.000000
20260524:1410,275.052632,230.157895,0.000000,44.853158,19.216316,3.790000,0.000000
20260524:1510,255.789474,209.526316,0.000000,41.060000,19.265789,3.670000,0.000000
20260524:1610,152.000000,165.947368,0.000000,31.310000,19.202105,3.640526,0.000000
20260524:1710,119.947368,113.947368,0.000000,21.420000,18.640000,3.387368,0.000000
20260524:1810,44.789474,63.000000,0.000000,11.760000,18.042632,2.868947,0.000000
20260524:1910,1.368421,9.608421,0.000000,2.690000,16.912105,2.831579,0.000000
20260524:2010,0.000000,0.000000,0.000000,0.000000,15.716842,2.864737,0.000000
20260524:2110,0.000000,0.000000,0.000000,0.000000,14.747368,2.852105,0.000000
20260524:2210,0.000000,0.000000,0.000000,0.000000,14.052105,2.770000,0.000000
20260524:2310,0.000000,0.000000,0.000000,0.000000,13.379474,2.765263,0.000000
20260525:0010,0.000000,0.000000,0.000000,0.000000,12.758421,2.768947,0.000000
20260525:0110,0.000000,0.000000,0.000000,0.000000,12.246842,2.747368,0.000000
20260525:0210,0.000000,0.000000,0.000000,0.000000,11.813684,2.660526,0.000000
20260525:0310,0.000000,0.000000,0.000000,0.000000,11.304737,2.620526,0.000000
20260525:0410,0.000000,0.000000,0.000000,0.000000,10.825789,2.630526,0.000000
20260525:0510,33.263158,46.368421,0.000000,9.740000,10.931053,2.482632,0.000000
20260525:0610,115.736842,98.000000,0.000000,19.280000,12.445789,2.374211,0.000000
20260525:0710,218.421053,143.105263,0.000000,29.150000,14.329474,2.696842,0.000000
20260525:0810,316.052632,171.263158,0.000000,38.980000,15.841053,2.770000,0.000000
20260525:0910,434.736842,204.210526,0.000000,48.280000,17.384211,2.966316,0.000000
20260525:1010,455.214737,250.210526,0.000000,56.210000,18.640526,3.200526,0.000000
20260525:1110,493.794737,249.368421,0.000000,61.350000,19.687368,3.340000,0.000000
20260525:1210,453.741053,286.263158,0.000000,61.940000,20.515789,3.505789,0.000000
20260525:1310,378.423684,277.157895,0.000000,57.730000,20.985789,3.658421,0.000000
20260525:1410,305.212105,288.473684,0.000000,50.280000,21.137368,3.897895,0.000000
20260525:1510,229.473684,230.315789,0.000000,41.210000,20.983158,3.850000,0.000000
20260525:1610,148.842105,177.578947,0.000000,31.450000,20.570000,3.956316,0.000000
20260525:1710,93.684211,109.947368,0.000000,21.560000,19.974211,3.626842,0.000000
20260525:1810,47.842105,60.105263,0.000000,11.910000,19.096316,3.208947,0.000000
20260525:1910,2.315789,8.813684,0.000000,2.840000,17.805263,2.827368,0.000000
20260525:2010,0.000000,0.000000,0.000000,0.000000,16.664737,2.922105,0.000000
20260525:2110,0.000000,0.000000,0.000000,0.000000,15.764211,2.926316,0.000000
20260525:2210,0.000000,0.000000,0.000000,0.000000,15.047368,2.871053,0.000000
20260525:2310,0.000000,0.000000,0.000000,0.000000,14.497895,2.940526,0.000000
20260526:0010,0.000000,0.000000,0.000000,0.000000,14.041579,3.005789,0.000000
20260526:0110,0.000000,0.000000,0.000000,0.000000,13.664737,3.118421,0.000000
20260526:0210,0.000000,0.000000,0.000000,0.000000,13.288421,3.142632,0.000000
20260526:0310,0.000000,0.000000,0.000000,0.000000,12.983158,3.066842,0.000000
20260526:0410,0.000000,0.000000,0.000000,0.000000,12.671053,3.048947,0.000000
20260526:0510,24.315789,51.473684,0.000000,9.860000,12.694211,2.989474,0.000000
20260526:0610,88.000000,107.052632,0.000000,19.390000,13.557368,3.077895,0.000000
20260526:0710,165.105263,145.421053,0.000000,29.260000,14.748421,3.495789,0.000000
20260526:0810,204.842105,199.052632,0.000000,39.090000,16.016316,3.650526,0.000000
20260526:0910,262.947368,240.263158,0.000000,48.400000,17.192632,3.822632,0.000000
20260526:1010,301.845263,227.052632,0.000000,56.360000,18.140526,3.997368,0.000000
20260526:1110,304.371053,304.947368,0.000000,61.510000,19.001053,4.106316,0.000000
20260526:1210,211.949474,307.631579,0.000000,58.850526,19.664211,4.037368,0.000000
20260526:1310,278.107368,283.684211,0.000000,57.890000,20.253684,4.105263,0.000000
20260526:1410,171.106316,237.210526,0.000000,50.440000,20.550526,4.071579,0.000000
20260526:1510,188.736842,224.368421,0.000000,41.350000,20.536316,3.986316,0.000000
20260526:1610,151.684211,166.368421,0.000000,31.590000,20.161053,3.716842,0.000000
20260526:1710,74.105263,113.157895,0.000000,21.700000,19.576842,3.447895,0.000000
20260526:1810,30.894737,64.526316,0.000000,12.060000,18.821579,3.154737,0.000000
20260526:1910,1.052632,7.831053,0.000000,3.000000,17.641053,2.976842,0.000000
20260526:2010,0.000000,0.000000,0.000000,0.000000,16.506842,2.925263,0.000000
20260526:2110,0.000000,0.000000,0.000000,0.000000,15.638421,2.886316,0.000000
20260526:2210,0.000000,0.000000,0.000000,0.000000,14.855789,2.856842,0.000000
20260526:2310,0.000000,0.000000,0.000000,0.000000,14.133158,2.704211,0.000000
20260527:0010,0.000000,0.000000,0.000000,0.000000,13.517895,2.689474,0.000000
20260527:0110,0.000000,0.000000,0.000000,0.000000,13.066316,2.569474,0.000000
20260527:0210,0.000000,0.000000,0.000000,0.000000,12.632632,2.480526,0.000000
20260527:0310,0.000000,0.000000,0.000000,0.000000,12.166842,2.388947,0.000000
20260527:0410,0.000000,0.000000,0.000000,0.000000,11.836316,2.314737,0.000000
20260527:0510,25.000000,42.473684,0.000000,9.970000,12.023684,2.123158,0.000000
20260527:0610,92.736842,94.105263,0.000000,19.500000,13.232105,2.083158,0.000000
20260527:0710,186.947368,129.052632,0.000000,29.360000,14.676842,2.333158,0.000000
20260527:0810,252.421053,186.736842,0.000000,39.190000,15.950526,2.490526,0.000000
20260527:0910,320.105263,200.000000,0.000000,48.510000,17.145263,2.638421,0.000000
20260527:1010,367.477368,243.157895,0.000000,56.490000,18.152632,2.772632,0.000000
20260527:1110,321.740000,285.000000,0.000000,61.670000,19.006316,2.832105,0.000000
20260527:1210,344.266316,266.052632,0.000000,62.290000,19.742632,2.953684,0.000000
20260527:1310,288.950526,251.105263,0.000000,58.060000,20.207368,3.111579,0.000000
20260527:1410,265.000000,222.842105,0.000000,50.590000,20.451579,3.184737,0.000000
20260527:1510,259.263158,204.578947,0.000000,41.490000,20.447368,3.155263,0.000000
20260527:1610,164.578947,184.894737,0.000000,31.730000,20.419474,2.953684,0.000000
20260527:1710,119.947368,113.315789,0.000000,21.840000,20.216316,2.849474,0.000000
20260527:1810,55.473684,64.315789,0.000000,12.200000,19.580526,2.652632,0.000000
20260527:1910,1.842105,11.443684,0.000000,3.140000,18.247368,2.772632,0.000000
20260527:2010,0.000000,0.000000,0.000000,0.000000,17.049474,2.813158,0.000000
20260527:2110,0.000000,0.000000,0.000000,0.000000,16.044211,2.880526,0.000000
20260527:2210,0.000000,0.000000,0.000000,0.000000,15.308421,2.816842,0.000000
20260527:2310,0.000000,0.000000,0.000000,0.000000,14.640526,2.780526,0.000000
20260528:0010,0.000000,0.000000,0.000000,0.000000,14.018421,2.717895,0.000000
20260528:0110,0.000000,0.000000,0.000000,0.000000,13.442105,2.690000,0.000000
20260528:0210,0.000000,0.000000,0.000000,0.000000,12.894211,2.656842,0.000000
20260528:0310,0.000000,0.000000,0.000000,0.000000,12.564211,2.581053,0.000000
20260528:0410,0.000000,0.000000,0.000000,0.000000,12.154737,2.551053,0.000000
20260528:0510,24.263158,45.578947,0.000000,10.070000,12.212105,2.403158,0.000000
20260528:0610,80.842105,111.368421,0.000000,19.600000,13.232105,2.446316,0.000000
20260528:0710,173.052632,157.789474,0.000000,29.450000,14.455263,2.733158,0.000000
20260528:0810,297.105263,180.421053,0.000000,39.290000,15.654211,2.863684,0.000000
20260528:0910,315.000000,228.210526,0.000000,48.620000,16.814737,3.000000,0.000000
20260528:1010,389.214737,234.157895,0.000000,56.620000,17.871053,3.191053,0.000000
20260528:1110,380.056316,279.000000,0.000000,61.830000,18.714737,3.321579,0.000000
20260528:1210,424.372632,255.578947,0.000000,62.450000,19.361053,3.423684,0.000000
20260528:1310,398.319474,269.789474,0.000000,58.220000,19.859474,3.524211,0.000000
20260528:1410,363.158421,234.947368,0.000000,50.730000,20.044737,3.578421,0.000000
20260528:1510,250.052632,208.210526,0.000000,41.630000,20.070000,3.619474,0.000000
20260528:1610,190.526316,165.105263,0.000000,31.870000,19.788421,3.579474,0.000000
20260528:1710,100.473684,122.736842,0.000000,21.980000,19.344737,3.419474,0.000000
20260528:1810,35.631579,60.263158,0.000000,12.340000,18.645789,2.924737,0.000000
20260528:1910,1.473684,10.978421,0.000000,3.290000,17.325263,2.782632,0.000000
20260528:2010,0.000000,0.000000,0.000000,0.000000,16.022632,2.830526,0.000000
20260528:2110,0.000000,0.000000,0.000000,0.000000,15.023158,2.832105,0.000000
20260528:2210,0.000000,0.000000,0.000000,0.000000,14.215789,2.834211,0.000000
20260528:2310,0.000000,0.000000,0.000000,0.000000,13.541579,2.812632,0.000000
20260529:0010,0.000000,0.000000,0.000000,0.000000,12.956842,2.717895,0.000000
20260529:0110,0.000000,0.000000,0.000000,0.000000,12.450526,2.577895,0.000000
20260529:0210,0.000000,0.000000,0.000000,0.000000,11.952105,2.471579,0.000000
20260529:0310,0.000000,0.000000,0.000000,0.000000,11.595789,2.351579,0.000000
20260529:0410,0.000000,0.000000,0.000000,0.000000,11.112632,2.425789,0.000000
20260529:0510,33.842105,54.894737,0.000000,10.170000,11.222105,2.296316,0.000000
20260529:0610,114.105263,100.210526,0.000000,19.690000,12.439474,2.396316,0.000000
20260529:0710,181.473684,149.000000,0.000000,29.540000,13.956316,2.816842,0.000000
20260529:0810,279.578947,196.473684,0.000000,39.390000,15.265263,2.990526,0.000000
20260529:0910,304.315789,243.842105,0.000000,48.730000,16.411053,3.187368,0.000000
20260529:1010,269.106842,309.789474,0.000000,56.740000,17.356842,3.447895,0.000000
20260529:1110,368.055789,288.105263,0.000000,61.970000,18.180526,3.607368,0.000000
20260529:1210,353.476842,278.052632,0.000000,62.610000,18.845789,3.713684,0.000000
20260529:1310,396.740000,271.631579,0.000000,58.370000,19.314211,3.786316,0.000000
20260529:1410,314.316316,260.473684,0.000000,50.880000,19.651053,3.905263,0.000000
20260529:1510,240.842105,211.736842,0.000000,41.770000,19.613158,3.955789,0.000000
20260529:1610,184.105263,158.894737,0.000000,32.000000,19.364737,4.015263,0.000000
20260529:1710,84.578947,118.000000,0.000000,22.110000,18.921579,3.811579,0.000000
20260529:1810,47.210526,67.315789,0.000000,12.480000,18.275789,3.401053,0.000000
20260529:1910,2.052632,11.760526,0.000000,3.430000,17.060000,3.088421,0.000000
20260529:2010,0.000000,0.000000,0.000000,0.000000,15.962105,2.990000,0.000000
20260529:2110,0.000000,0.000000,0.000000,0.000000,15.083684,2.856316,0.000000
20260529:2210,0.000000,0.000000,0.000000,0.000000,14.374211,2.757368,0.000000
20260529:2310,0.000000,0.000000,0.000000,0.000000,13.721053,2.756316,0.000000
20260530:0010,0.000000,0.000000,0.000000,0.000000,13.142105,2.835263,0.000000
20260530:0110,0.000000,0.000000,0.000000,0.000000,12.552105,2.874737,0.000000
20260530:0210,0.000000,0.000000,0.000000,0.000000,12.032105,2.870526,0.000000
20260530:0310,0.000000,0.000000,0.000000,0.000000,11.623158,2.828421,0.000000
20260530:0410,0.000000,0.368421,0.000000,0.301053,11.334737,2.776842,0.000000
20260530:0510,31.000000,50.000000,0.000000,10.260000,11.527895,2.656316,0.000000
20260530:0610,92.473684,96.315789,0.000000,19.780000,12.632632,2.813158,0.000000
20260530:0710,182.157895,133.578947,0.000000,29.630000,13.948421,3.147368,0.000000
20260530:0810,236.684211,181.157895,0.000000,39.470000,15.119474,3.422105,0.000000
20260530:0910,286.578947,223.947368,0.000000,48.820000,16.273158,3.589474,0.000000
20260530:1010,358.635789,225.368421,0.000000,56.860000,17.274211,3.826842,0.000000
20260530:1110,295.107895,255.052632,0.000000,62.110000,18.100526,3.993158,0.000000
20260530:1210,326.897368,295.315789,0.000000,62.770000,18.696316,4.014737,0.000000
20260530:1310,296.107895,274.105263,0.000000,58.520000,18.998947,4.076842,0.000000
20260530:1410,277.895263,242.684211,0.000000,51.020000,19.257368,4.072105,0.000000
20260530:1510,267.842105,219.368421,0.000000,41.900000,19.396842,4.058421,0.000000
20260530:1610,163.315789,153.684211,0.000000,32.120000,19.257368,3.996842,0.000000
20260530:1710,99.473684,105.210526,0.000000,22.240000,18.816842,3.861053,0.000000
20260530:1810,43.947368,62.368421,0.000000,12.610000,18.074737,3.311053,0.000000
20260530:1910,2.000000,12.244737,0.000000,3.570000,17.004211,2.991053,0.000000
20260530:2010,0.000000,0.000000,0.000000,0.000000,15.856842,2.933158,0.000000
20260530:2110,0.000000,0.000000,0.000000,0.000000,14.936842,2.886316,0.000000
20260530:2210,0.000000,0.000000,0.000000,0.000000,14.205789,2.886316,0.000000
20260530:2310,0.000000,0.000000,0.000000,0.000000,13.513684,2.826842,0.000000
20260531:0010,0.000000,0.000000,0.000000,0.000000,12.907368,2.715263,0.000000
20260531:0110,0.000000,0.000000,0.000000,0.000000,12.426842,2.725789,0.000000
20260531:0210,0.000000,0.000000,0.000000,0.000000,12.053158,2.740000,0.000000
20260531:0310,0.000000,0.000000,0.000000,0.000000,11.713684,2.757895,0.000000
20260531:0410,0.000000,1.368421,0.000000,1.440000,11.492105,2.743684,0.000000
20260531:0510,30.894737,51.684211,0.000000,10.350000,11.627368,2.696842,0.000000
20260531:0610,99.000000,96.421053,0.000000,19.860000,12.644737,2.791053,0.000000
20260531:0710,167.315789,152.000000,0.000000,29.710000,13.819474,3.175263,0.000000
20260531:0810,246.526316,189.947368,0.000000,39.560000,15.031579,3.419474,0.000000
20260531:0910,322.000000,217.578947,0.000000,48.920000,16.187895,3.709474,0.000000
20260531:1010,267.423158,252.000000,0.000000,56.970000,17.165789,3.782632,0.000000
20260531:1110,338.528947,289.368421,0.000000,62.250000,17.921579,3.771579,0.000000
20260531:1210,329.055789,265.000000,0.000000,62.920000,18.483684,3.974737,0.000000
20260531:1310,302.370000,281.315789,0.000000,58.660000,18.851579,3.919474,0.000000
20260531:1410,280.000000,248.052632,0.000000,51.150000,19.181053,4.017368,0.000000
20260531:1510,210.052632,208.210526,0.000000,42.030000,19.296842,4.057895,0.000000
20260531:1610,185.315789,163.947368,0.000000,32.250000,19.113684,3.993684,0.000000
20260531:1710,129.526316,122.578947,0.000000,22.360000,18.691053,3.858947,0.000000
20260531:1810,48.789474,67.157895,0.000000,12.740000,18.069474,3.356842,0.000000
20260531:1910,1.947368,14.256316,0.000000,3.700000,16.960000,2.976316,0.000000
20260531:2010,0.000000,0.000000,0.000000,0.000000,15.870000,2.997895,0.000000
20260531:2110,0.000000,0.000000,0.000000,0.000000,14.961053,2.921579,0.000000
20260531:2210,0.000000,0.000000,0.000000,0.000000,14.178947,2.805789,0.000000
20260531:2310,0.000000,0.000000,0.000000,0.000000,13.478947,2.627368,0.000000
20260601:0010,0.000000,0.000000,0.000000,0.000000,12.881579,2.403158,0.000000
20260601:0110,0.000000,0.000000,0.000000,0.000000,12.299474,2.324211,0.000000
20260601:0210,0.000000,0.000000,0.000000,0.000000,11.920000,2.342105,0.000000
20260601:0310,0.000000,0.000000,0.000000,0.000000,11.527368,2.304211,0.000000
20260601:0410,0.000000,2.736842,0.000000,1.525263,11.202632,2.283684,0.000000
20260601:0510,46.157895,54.263158,0.000000,10.430000,11.283158,2.145263,0.000000
20260601:0610,147.210526,96.157895,0.000000,19.930000,12.741579,2.217368,0.000000
20260601:0710,230.157895,137.947368,0.000000,29.780000,14.440526,2.576842,0.000000
20260601:0810,311.631579,173.947368,0.000000,39.630000,15.960000,2.608947,0.000000
20260601:0910,366.000000,227.684211,0.000000,49.000000,17.343684,2.751579,0.000000
20260601:1010,422.846316,227.473684,0.000000,57.070000,18.527368,2.954211,0.000000
20260601:1110,429.004737,261.842105,0.000000,62.380000,19.460526,3.103158,0.000000
20260601:1210,423.951053,267.842105,0.000000,63.060000,20.094737,3.215789,0.000000
20260601:1310,350.740526,245.526316,0.000000,58.800000,20.477368,3.300526,0.000000
20260601:1410,335.263158,234.526316,0.000000,51.280000,20.616316,3.292632,0.000000
20260601:1510,275.421053,180.894737,0.000000,42.150000,20.690526,3.280526,0.000000
20260601:1610,174.736842,154.684211,0.000000,32.370000,20.477368,3.251579,0.000000
20260601:1710,103.842105,112.210526,0.000000,22.480000,20.046316,3.081579,0.000000
20260601:1810,42.210526,75.421053,0.000000,12.860000,19.385789,2.838947,0.000000
20260601:1910,3.315789,15.997895,0.000000,3.830000,18.263158,2.570526,0.000000
20260601:2010,0.000000,0.000000,0.000000,0.000000,17.025789,2.668947,0.000000
20260601:2110,0.000000,0.000000,0.000000,0.000000,16.115263,2.577895,0.000000
20260601:2210,0.000000,0.000000,0.000000,0.000000,15.448421,2.562105,0.000000
20260601:2310,0.000000,0.000000,0.000000,0.000000,14.907895,2.591579,0.000000
20260602:0010,0.000000,0.000000,0.000000,0.000000,14.422105,2.603684,0.000000
20260602:0110,0.000000,0.000000,0.000000,0.000000,13.945789,2.617368,0.000000
20260602:0210,0.000000,0.000000,0.000000,0.000000,13.478421,2.592105,0.000000
20260602:0310,0.000000,0.000000,0.000000,0.000000,12.998947,2.587368,0.000000
20260602:0410,0.000000,2.894737,0.000000,1.610526,12.466842,2.646316,0.000000
20260602:0510,33.105263,51.105263,0.000000,10.510000,12.639474,2.570526,0.000000
20260602:0610,100.684211,116.842105,0.000000,20.000000,13.886842,2.754211,0.000000
20260602:0710,229.105263,147.684211,0.000000,29.850000,15.283158,3.016842,0.000000
20260602:0810,340.000000,192.736842,0.000000,39.700000,16.724737,3.254737,0.000000
20260602:0910,424.526316,225.947368,0.000000,49.080000,18.076842,3.371579,0.000000
20260602:1010,433.267895,247.789474,0.000000,57.170000,19.328421,3.549474,0.000000
20260602:1110,444.109474,272.421053,0.000000,62.500000,20.338947,3.814737,0.000000
20260602:1210,474.531579,234.631579,0.000000,63.190000,21.097895,3.952632,0.000000
20260602:1310,472.584211,225.473684,0.000000,58.940000,21.541053,3.983158,0.000000
20260602:1410,423.842105,227.368421,0.000000,51.410000,21.683684,3.930526,0.000000
20260602:1510,364.789474,188.000000,0.000000,42.270000,21.695263,3.724737,0.000000
20260602:1610,266.052632,156.947368,0.000000,32.490000,21.582105,3.684737,0.000000
20260602:1710,133.789474,132.210526,0.000000,22.600000,21.173684,3.512105,0.000000
20260602:1810,59.947368,71.157895,0.000000,12.980000,20.522105,3.103684,0.000000
20260602:1910,4.421053,16.788947,0.000000,3.960000,19.306842,2.904211,0.000000
20260602:2010,0.000000,0.000000,0.000000,0.000000,18.087368,2.906842,0.000000
20260602:2110,0.000000,0.000000,0.000000,0.000000,17.111053,2.932632,0.000000
20260602:2210,0.000000,0.000000,0.000000,0.000000,16.323684,2.971579,0.000000
20260602:2310,0.000000,0.000000,0.000000,0.000000,15.683684,2.979474,0.000000
20260603:0010,0.000000,0.000000,0.000000,0.000000,15.065263,2.937368,0.000000
20260603:0110,0.000000,0.000000,0.000000,0.000000,14.495263,2.823158,0.000000
20260603:0210,0.000000,0.000000,0.000000,0.000000,13.967368,2.780526,0.000000
20260603:0310,0.000000,0.000000,0.000000,0.000000,13.598947,2.718421,0.000000
20260603:0410,0.000000,2.842105,0.000000,1.686316,13.281579,2.653684,0.000000
20260603:0510,28.473684,57.842105,0.000000,10.580000,13.332632,2.586316,0.000000
20260603:0610,91.631579,102.210526,0.000000,20.070000,14.314737,2.650526,0.000000
20260603:0710,151.842105,146.894737,0.000000,29.910000,15.792632,2.866842,0.000000
20260603:0810,235.631579,184.368421,0.000000,39.770000,16.994737,2.947368,0.000000
20260603:0910,301.210526,225.421053,0.000000,49.150000,18.177368,3.191053,0.000000
20260603:1010,327.108421,245.105263,0.000000,57.260000,19.143684,3.343158,0.000000
20260603:1110,313.792632,272.473684,0.000000,62.610000,19.896842,3.506842,0.000000
20260603:1210,309.845263,250.684211,0.000000,63.320000,20.587895,3.647368,0.000000
20260603:1310,308.107368,270.315789,0.000000,59.070000,20.964211,3.720526,0.000000
20260603:1410,229.157895,237.736842,0.000000,51.530000,21.058947,3.832632,0.000000
20260603:1510,204.210526,232.684211,0.000000,42.390000,21.003684,3.851579,0.000000
20260603:1610,143.105263,207.631579,0.000000,32.600000,20.764211,3.738947,0.000000
20260603:1710,89.052632,124.736842,0.000000,22.720000,20.185263,3.392632,0.000000
20260603:1810,28.315789,67.842105,0.000000,13.100000,19.565789,2.930000,0.000000
20260603:1910,4.315789,16.271579,0.000000,4.080000,18.270526,2.743158,0.000000
20260603:2010,0.000000,0.000000,0.000000,0.000000,17.197895,2.692632,0.000000
20260603:2110,0.000000,0.000000,0.000000,0.000000,16.357895,2.657895,0.000000
20260603:2210,0.000000,0.000000,0.000000,0.000000,15.674737,2.766842,0.000000
20260603:2310,0.000000,0.000000,0.000000,0.000000,15.101053,2.834737,0.000000
20260604:0010,0.000000,0.000000,0.000000,0.000000,14.522632,2.806316,0.000000
20260604:0110,0.000000,0.000000,0.000000,0.000000,13.999474,2.711053,0.000000
20260604:0210,0.000000,0.000000,0.000000,0.000000,13.563684,2.652632,0.000000
20260604:0310,0.000000,0.000000,0.000000,0.000000,13.231053,2.685263,0.000000
20260604:0410,0.000000,3.684211,0.000000,1.752632,12.891053,2.718421,0.000000
20260604:0510,29.315789,43.789474,0.000000,10.640000,12.992632,2.666316,0.000000
20260604:0610,83.894737,105.315789,0.000000,20.130000,13.864737,2.824211,0.000000
20260604:0710,170.210526,159.368421,0.000000,29.970000,15.004737,3.012632,0.000000
20260604:0810,206.894737,218.631579,0.000000,39.830000,16.184211,3.094211,0.000000
20260604:0910,316.842105,234.789474,0.000000,49.220000,17.407368,3.154211,0.000000
20260604:1010,343.476316,258.684211,0.000000,57.340000,18.465789,3.266842,0.000000
20260604:1110,364.897368,286.684211,0.000000,62.720000,19.433684,3.473684,0.000000
20260604:1210,347.792632,280.368421,0.000000,63.450000,20.161053,3.636316,0.000000
20260604:1310,261.528947,292.052632,0.000000,59.190000,20.552105,3.669474,0.000000
20260604:1410,263.473684,231.736842,0.000000,51.640000,20.578947,3.793158,0.000000
20260604:1510,190.526316,218.052632,0.000000,42.500000,20.320000,3.760526,0.000000
20260604:1610,187.263158,156.684211,0.000000,32.710000,20.026842,3.632632,0.000000
20260604:1710,116.105263,107.263158,0.000000,22.830000,19.666842,3.445263,0.000000
20260604:1810,49.263158,69.473684,0.000000,13.220000,19.087895,3.074211,0.000000
20260604:1910,5.210526,17.608947,0.000000,4.200000,18.020000,2.732632,0.000000
20260604:2010,0.000000,0.000000,0.000000,0.000000,16.960000,2.730000,0.000000
20260604:2110,0.000000,0.000000,0.000000,0.000000,16.081053,2.603158,0.000000
20260604:2210,0.000000,0.000000,0.000000,0.000000,15.229474,2.635789,0.000000
20260604:2310,0.000000,0.000000,0.000000,0.000000,14.634211,2.617895,0.000000
20260605:0010,0.000000,0.000000,0.000000,0.000000,14.071053,2.581579,0.000000
20260605:0110,0.000000,0.000000,0.000000,0.000000,13.608947,2.569474,0.000000
20260605:0210,0.000000,0.000000,0.000000,0.000000,13.172105,2.493684,0.000000
20260605:0310,0.000000,0.000000,0.000000,0.000000,12.705263,2.413684,0.000000
20260605:0410,0.000000,3.421053,0.000000,1.818947,12.327368,2.461053,0.000000
20260605:0510,27.789474,54.684211,0.000000,10.700000,12.528947,2.286842,0.000000
20260605:0610,89.526316,95.421053,0.000000,19.117895,13.835789,2.330526,0.000000
20260605:0710,142.526316,145.368421,0.000000,28.440000,15.092105,2.594737,0.000000
20260605:0810,239.105263,165.578947,0.000000,39.880000,16.317368,2.747895,0.000000
20260605:0910,315.526316,226.894737,0.000000,49.280000,17.437368,2.936842,0.000000
20260605:1010,323.740000,282.315789,0.000000,57.420000,18.439474,3.212105,0.000000
20260605:1110,329.897368,264.736842,0.000000,62.820000,19.274211,3.346842,0.000000
20260605:1210,281.950000,269.105263,0.000000,63.570000,19.977368,3.419474,0.000000
20260605:1310,284.423158,226.578947,0.000000,59.310000,20.464737,3.498947,0.000000
20260605:1410,278.947368,242.736842,0.000000,51.760000,20.634211,3.451053,0.000000
20260605:1510,240.315789,206.263158,0.000000,42.610000,20.704737,3.440000,0.000000
20260605:1610,172.578947,185.473684,0.000000,32.820000,20.514211,3.340000,0.000000
20260605:1710,90.789474,135.263158,0.000000,22.940000,20.133158,3.179474,0.000000
20260605:1810,47.526316,73.526316,0.000000,13.320000,19.491053,2.886316,0.000000
20260605:1910,3.684211,16.819474,0.000000,4.310000,18.062632,2.824211,0.000000
20260605:2010,0.000000,0.000000,0.000000,0.000000,16.947368,2.831053,0.000000
20260605:2110,0.000000,0.000000,0.000000,0.000000,16.056316,2.885263,0.000000
20260605:2210,0.000000,0.000000,0.000000,0.000000,15.409474,2.885789,0.000000
20260605:2310,0.000000,0.000000,0.000000,0.000000,14.787368,2.954211,0.000000
20260606:0010,0.000000,0.000000,0.000000,0.000000,14.274737,3.002105,0.000000
20260606:0110,0.000000,0.000000,0.000000,0.000000,13.771579,3.037895,0.000000
20260606:0210,0.000000,0.000000,0.000000,0.000000,13.422105,3.031579,0.000000
20260606:0310,0.000000,0.000000,0.000000,0.000000,13.100000,3.042105,0.000000
20260606:0410,0.000000,4.157895,0.000000,1.875789,12.810526,3.027368,0.000000
20260606:0510,31.368421,53.263158,0.000000,10.760000,12.865789,2.916316,0.000000
20260606:0610,95.578947,97.842105,0.000000,20.230000,13.540000,3.045789,0.000000
20260606:0710,156.736842,136.105263,0.000000,28.487368,14.409474,3.173158,0.000000
20260606:0810,222.631579,180.315789,0.000000,39.930000,15.365789,3.237368,0.000000
20260606:0910,301.368421,204.789474,0.000000,49.340000,16.416842,3.393684,0.000000
20260606:1010,363.162105,227.000000,0.000000,57.490000,17.486842,3.502632,0.000000
20260606:1110,349.161579,269.368421,0.000000,62.910000,18.468947,3.640526,0.000000
20260606:1210,372.056316,298.684211,0.000000,63.680000,19.183684,3.681053,0.000000
20260606:1310,317.423684,311.631579,0.000000,59.420000,19.743158,3.699474,0.000000
20260606:1410,255.315789,261.210526,0.000000,51.870000,20.057368,3.701053,0.000000
20260606:1510,235.210526,229.157895,0.000000,42.710000,20.256842,3.688421,0.000000
20260606:1610,192.052632,164.894737,0.000000,31.187368,20.102105,3.629474,0.000000
20260606:1710,101.947368,126.210526,0.000000,23.040000,19.553684,3.401053,0.000000
20260606:1810,49.947368,83.789474,0.000000,13.430000,18.955789,3.020000,0.000000
20260606:1910,6.315789,20.973684,0.000000,4.420000,18.062105,2.980526,0.000000
20260606:2010,0.000000,0.000000,0.000000,0.000000,16.951053,3.048947,0.000000
20260606:2110,0.000000,0.000000,0.000000,0.000000,16.010000,3.168947,0.000000
20260606:2210,0.000000,0.000000,0.000000,0.000000,15.241053,3.215263,0.000000
20260606:2310,0.000000,0.000000,0.000000,0.000000,14.614737,3.128947,0.000000
20260607:0010,0.000000,0.000000,0.000000,0.000000,14.055789,3.048421,0.000000
20260607:0110,0.000000,0.000000,0.000000,0.000000,13.526316,2.990526,0.000000
20260607:0210,0.000000,0.000000,0.000000,0.000000,13.136316,3.005263,0.000000
20260607:0310,0.000000,0.000000,0.000000,0.000000,12.826842,2.985789,0.000000
20260607:0410,0.000000,4.315789,0.000000,1.923158,12.530000,2.935263,0.000000
20260607:0510,32.157895,59.368421,0.000000,10.800000,12.716842,2.711053,0.000000
20260607:0610,86.210526,111.052632,0.000000,20.270000,13.667895,2.884737,0.000000
20260607:0710,178.789474,151.684211,0.000000,30.110000,15.010526,3.433684,0.000000
20260607:0810,238.736842,196.947368,0.000000,39.970000,16.280526,3.488421,0.000000
20260607:0910,278.210526,245.894737,0.000000,49.390000,17.360526,3.500526,0.000000
20260607:1010,291.738421,243.736842,0.000000,57.560000,18.262632,3.426316,0.000000
20260607:1110,300.791579,286.421053,0.000000,63.000000,19.020526,3.415789,0.000000
20260607:1210,361.582632,302.000000,0.000000,63.780000,19.651053,3.677368,0.000000
20260607:1310,341.370526,257.315789,0.000000,59.530000,20.013158,3.807368,0.000000
20260607:1410,329.631579,266.947368,0.000000,51.970000,20.272632,3.917368,0.000000
20260607:1510,298.947368,197.421053,0.000000,42.810000,20.445263,4.120000,0.000000
20260607:1610,208.947368,170.315789,0.000000,33.020000,20.230526,4.111579,0.000000
20260607:1710,151.947368,116.894737,0.000000,23.140000,19.746842,3.828421,0.000000
20260607:1810,54.421053,77.105263,0.000000,13.530000,19.128947,3.347368,0.000000
20260607:1910,6.684211,21.775789,0.000000,4.520000,18.171053,3.096316,0.000000
20260607:2010,0.000000,0.000000,0.000000,0.000000,16.996316,3.135789,0.000000
20260607:2110,0.000000,0.000000,0.000000,0.000000,16.071579,3.099474,0.000000
20260607:2210,0.000000,0.000000,0.000000,0.000000,15.210000,3.129474,0.000000
20260607:2310,0.000000,0.000000,0.000000,0.000000,14.476842,3.136316,0.000000
20260608:0010,0.000000,0.000000,0.000000,0.000000,13.931579,3.080526,0.000000
20260608:0110,0.000000,0.000000,0.000000,0.000000,13.479474,3.030526,0.000000
20260608:0210,0.000000,0.000000,0.000000,0.000000,13.056842,2.990526,0.000000
20260608:0310,0.000000,0.000000,0.000000,0.000000,12.632105,2.954737,0.000000
20260608:0410,0.000000,6.052632,0.000000,1.970526,12.274737,2.888947,0.000000
20260608:0510,37.315789,61.789474,0.000000,10.850000,12.495263,2.752105,0.000000
20260608:0610,110.052632,118.947368,0.000000,20.310000,13.630000,2.921579,0.000000
20260608:0710,212.105263,153.000000,0.000000,30.140000,15.024211,3.256316,0.000000
20260608:0810,266.052632,206.157895,0.000000,40.000000,16.417895,3.392105,0.000000
20260608:0910,342.315789,234.842105,0.000000,49.430000,17.761579,3.771579,0.000000
20260608:1010,361.266316,258.105263,0.000000,57.610000,18.818947,3.919474,0.000000
20260608:1110,384.582105,283.684211,0.000000,63.080000,19.655263,3.937895,0.000000
20260608:1210,363.529474,297.210526,0.000000,63.880000,20.273158,3.974737,0.000000
20260608:1310,318.740000,282.894737,0.000000,59.630000,20.791579,4.108421,0.000000
20260608:1410,335.315789,244.736842,0.000000,49.329474,21.072632,4.065789,0.000000
20260608:1510,317.684211,185.842105,0.000000,42.910000,21.187895,4.090526,0.000000
20260608:1610,192.473684,175.263158,0.000000,33.120000,20.952632,4.018421,0.000000
20260608:1710,109.526316,132.368421,0.000000,23.240000,20.596316,3.799474,0.000000
20260608:1810,53.473684,75.421053,0.000000,13.630000,19.974211,3.288421,0.000000
20260608:1910,6.473684,20.449474,0.000000,4.620000,18.850526,3.180000,0.000000
20260608:2010,0.000000,0.000000,0.000000,0.000000,17.676316,3.143158,0.000000
20260608:2110,0.000000,0.000000,0.000000,0.000000,16.710000,3.098947,0.000000
20260608:2210,0.000000,0.000000,0.000000,0.000000,15.875789,2.972632,0.000000
20260608:2310,0.000000,0.000000,0.000000,0.000000,15.178947,2.784737,0.000000
20260609:0010,0.000000,0.000000,0.000000,0.000000,14.516842,2.653684,0.000000
20260609:0110,0.000000,0.000000,0.000000,0.000000,13.988421,2.667368,0.000000
20260609:0210,0.000000,0.000000,0.000000,0.000000,13.544737,2.739474,0.000000
20260609:0310,0.000000,0.000000,0.000000,0.000000,13.142632,2.742632,0.000000
20260609:0410,0.000000,4.526316,0.000000,2.008421,12.796842,2.707368,0.000000
20260609:0510,32.210526,55.894737,0.000000,10.880000,12.922105,2.594737,0.000000
20260609:0610,88.947368,103.526316,0.000000,20.340000,13.904737,2.669474,0.000000
20260609:0710,157.684211,157.789474,0.000000,30.170000,15.053158,3.241579,0.000000
20260609:0810,256.157895,185.368421,0.000000,40.040000,16.218947,3.277895,0.000000
20260609:0910,291.315789,211.578947,0.000000,49.470000,17.447368,3.368421,0.000000
20260609:1010,376.476842,261.894737,0.000000,57.670000,18.506316,3.535789,0.000000
20260609:1110,420.635263,268.842105,0.000000,63.150000,19.440526,3.688947,0.000000
20260609:1210,412.896842,278.526316,0.000000,63.970000,20.200000,3.800526,0.000000
20260609:1310,343.422632,286.894737,0.000000,59.730000,20.766842,3.877368,0.000000
20260609:1410,292.894737,270.105263,0.000000,52.160000,21.032105,3.837368,0.000000
20260609:1510,264.263158,223.947368,0.000000,43.000000,21.158421,3.774211,0.000000
20260609:1610,189.526316,166.210526,0.000000,33.210000,20.963684,3.626316,0.000000
20260609:1710,145.052632,128.789474,0.000000,23.330000,20.532632,3.445263,0.000000
20260609:1810,58.578947,73.263158,0.000000,13.720000,19.970526,2.904211,0.000000
20260609:1910,8.105263,21.920000,0.000000,4.710000,18.880000,2.477895,0.000000
20260609:2010,0.000000,0.000000,0.000000,0.000000,17.772632,2.610000,0.000000
20260609:2110,0.000000,0.000000,0.000000,0.000000,16.913158,2.543684,0.000000
20260609:2210,0.000000,0.000000,0.000000,0.000000,16.192105,2.445789,0.000000
20260609:2310,0.000000,0.000000,0.000000,0.000000,15.519474,2.493684,0.000000
20260610:0010,0.000000,0.000000,0.000000,0.000000,14.902105,2.464211,0.000000
20260610:0110,0.000000,0.000000,0.000000,0.000000,14.401053,2.438947,0.000000
20260610:0210,0.000000,0.000000,0.000000,0.000000,13.908947,2.377368,0.000000
20260610:0310,0.000000,0.000000,0.000000,0.000000,13.433158,2.366316,0.000000
20260610:0410,0.000000,5.526316,0.000000,2.046316,13.045789,2.326316,0.000000
20260610:0510,24.842105,51.684211,0.000000,10.910000,13.267368,2.164211,0.000000
20260610:0610,71.736842,105.210526,0.000000,20.360000,14.528947,2.294737,0.000000
20260610:0710,135.315789,158.157895,0.000000,30.190000,15.941579,2.602632,0.000000
20260610:0810,166.210526,208.684211,0.000000,40.060000,17.349474,2.733158,0.000000
20260610:0910,277.894737,182.684211,0.000000,44.289474,18.547368,2.853684,0.000000
20260610:1010,362.108947,253.368421,0.000000,57.710000,19.501053,2.940000,0.000000
20260610:1110,300.897368,284.578947,0.000000,63.220000,20.325789,3.150526,0.000000
20260610:1210,319.792105,272.894737,0.000000,64.060000,20.877895,3.198421,0.000000
20260610:1310,299.896842,277.842105,0.000000,59.820000,21.233158,3.237895,0.000000
20260610:1410,279.789474,267.736842,0.000000,52.250000,21.430000,3.223684,0.000000
20260610:1510,216.210526,223.000000,0.000000,43.090000,21.438421,3.035789,0.000000
20260610:1610,174.473684,161.894737,0.000000,33.300000,21.239474,2.765263,0.000000
20260610:1710,127.368421,118.421053,0.000000,23.410000,20.843684,2.697368,0.000000
20260610:1810,57.157895,59.157895,0.000000,13.810000,20.196316,2.285789,0.000000
20260610:1910,6.631579,20.072632,0.000000,4.800000,19.291053,2.272632,0.000000
20260610:2010,0.000000,0.000000,0.000000,0.000000,18.269474,2.210526,0.000000
20260610:2110,0.000000,0.000000,0.000000,0.000000,17.240000,2.301053,0.000000
20260610:2210,0.000000,0.000000,0.000000,0.000000,16.350526,2.378421,0.000000
20260610:2310,0.000000,0.000000,0.000000,0.000000,15.691053,2.402632,0.000000
20260611:0010,0.000000,0.000000,0.000000,0.000000,15.036842,2.406842,0.000000
20260611:0110,0.000000,0.000000,0.000000,0.000000,14.453684,2.381053,0.000000
20260611:0210,0.000000,0.000000,0.000000,0.000000,13.900526,2.348421,0.000000
20260611:0310,0.000000,0.000000,0.000000,0.000000,13.562632,2.257895,0.000000
20260611:0410,0.000000,6.263158,0.000000,2.074737,13.174737,2.286842,0.000000
20260611:0510,25.789474,57.947368,0.000000,10.940000,13.462105,2.211579,0.000000
20260611:0610,69.684211,116.157895,0.000000,20.380000,14.844211,2.378421,0.000000
20260611:0710,156.947368,168.052632,0.000000,30.210000,16.086316,2.598421,0.000000
20260611:0810,259.789474,216.842105,0.000000,40.080000,17.354737,2.733158,0.000000
20260611:0910,323.000000,230.578947,0.000000,46.923158,18.566316,2.837895,0.000000
20260611:1010,361.582105,252.000000,0.000000,54.710526,19.671053,2.919474,0.000000
20260611:1110,351.265789,296.526316,0.000000,63.280000,20.524211,2.962105,0.000000
20260611:1210,333.738947,300.105263,0.000000,64.130000,21.241053,3.084737,0.000000
20260611:1310,349.264737,292.052632,0.000000,59.900000,21.602632,3.168421,0.000000
20260611:1410,329.894737,252.052632,0.000000,52.340000,21.725789,3.162105,0.000000
20260611:1510,268.684211,222.000000,0.000000,43.170000,21.693684,3.140000,0.000000
20260611:1610,165.368421,176.105263,0.000000,33.380000,21.666842,3.107895,0.000000
20260611:1710,75.000000,139.105263,0.000000,23.500000,21.190000,2.932632,0.000000
20260611:1810,40.684211,72.421053,0.000000,13.890000,20.463684,2.547895,0.000000
20260611:1910,8.578947,21.046316,0.000000,4.890000,19.323684,2.329474,0.000000
20260611:2010,0.000000,0.000000,0.000000,0.000000,18.158947,2.292632,0.000000
20260611:2110,0.000000,0.000000,0.000000,0.000000,17.063684,2.225263,0.000000
20260611:2210,0.000000,0.000000,0.000000,0.000000,16.171053,2.196316,0.000000
20260611:2310,0.000000,0.000000,0.000000,0.000000,15.462632,2.180526,0.000000
20260612:0010,0.000000,0.000000,0.000000,0.000000,14.880000,2.188421,0.000000
20260612:0110,0.000000,0.000000,0.000000,0.000000,14.368421,2.213684,0.000000
20260612:0210,0.000000,0.000000,0.000000,0.000000,13.923684,2.257368,0.000000
20260612:0310,0.000000,0.000000,0.000000,0.000000,13.576316,2.298947,0.000000
20260612:0410,0.000000,4.526316,0.000000,2.103158,13.275263,2.395789,0.000000
20260612:0510,29.789474,57.789474,0.000000,10.960000,13.454211,2.399474,0.000000
20260612:0610,78.631579,106.894737,0.000000,20.400000,14.464737,2.613684,0.000000
20260612:0710,143.052632,144.157895,0.000000,30.230000,15.519474,2.694211,0.000000
20260612:0810,191.526316,175.157895,0.000000,37.989474,16.676842,2.976842,0.000000
20260612:0910,214.578947,206.842105,0.000000,46.942105,17.779474,3.247368,0.000000
20260612:1010,261.107368,250.736842,0.000000,57.780000,18.635263,3.484211,0.000000
20260612:1110,373.582105,244.894737,0.000000,63.330000,19.437368,3.568421,0.000000
20260612:1210,336.371579,274.368421,0.000000,64.210000,19.854737,3.654737,0.000000
20260612:1310,348.582105,241.526316,0.000000,59.980000,20.240000,3.708421,0.000000
20260612:1410,323.473684,208.105263,0.000000,52.420000,20.508421,3.779474,0.000000
20260612:1510,265.421053,197.368421,0.000000,43.250000,20.667368,3.768421,0.000000
20260612:1610,199.421053,169.578947,0.000000,33.460000,20.575263,3.713684,0.000000
20260612:1710,111.473684,114.315789,0.000000,22.338947,20.228947,3.590526,0.000000
20260612:1810,56.421053,75.315789,0.000000,13.970000,19.511053,3.140000,0.000000
20260612:1910,6.631579,21.677895,0.000000,4.970000,18.523684,2.881579,0.000000
20260612:2010,0.000000,0.000000,0.000000,0.000000,17.504211,2.787368,0.000000
20260612:2110,0.000000,0.000000,0.000000,0.000000,16.534211,2.752105,0.000000
20260612:2210,0.000000,0.000000,0.000000,0.000000,15.731579,2.777895,0.000000
20260612:2310,0.000000,0.000000,0.000000,0.000000,15.031579,2.787895,0.000000
20260613:0010,0.000000,0.000000,0.000000,0.000000,14.386316,2.718421,0.000000
20260613:0110,0.000000,0.000000,0.000000,0.000000,13.861579,2.592105,0.000000
20260613:0210,0.000000,0.000000,0.000000,0.000000,13.336316,2.508421,0.000000
20260613:0310,0.000000,0.000000,0.000000,0.000000,12.795263,2.438947,0.000000
20260613:0410,0.000000,5.631579,0.000000,2.122105,12.366316,2.360526,0.000000
20260613:0510,34.894737,59.315789,0.000000,10.970000,12.554211,2.174737,0.000000
20260613:0610,116.052632,108.578947,0.000000,20.410000,14.044737,2.232632,0.000000
20260613:0710,193.052632,142.473684,0.000000,27.047895,15.472105,2.631053,0.000000
20260613:0810,323.052632,181.263158,0.000000,40.110000,16.772105,2.711053,0.000000
20260613:0910,387.789474,208.842105,0.000000,46.951579,18.017368,2.802632,0.000000
20260613:1010,338.108421,270.947368,0.000000,57.810000,19.088421,2.994211,0.000000
20260613:1110,330.897895,266.263158,0.000000,60.034737,19.872105,3.146842,0.000000
20260613:1210,422.530000,274.631579,0.000000,64.270000,20.334737,3.147368,0.000000
20260613:1310,367.949474,293.789474,0.000000,60.060000,20.742105,3.197895,0.000000
20260613:1410,331.947368,220.894737,0.000000,52.490000,21.028947,3.074211,0.000000
20260613:1510,268.578947,207.000000,0.000000,43.330000,21.117368,2.958421,0.000000
20260613:1610,204.421053,172.578947,0.000000,33.530000,21.043684,2.772632,0.000000
20260613:1710,141.000000,122.526316,0.000000,23.650000,20.768947,2.648421,0.000000
20260613:1810,79.473684,84.578947,0.000000,14.050000,20.250526,2.299474,0.000000
20260613:1910,10.736842,24.980000,0.000000,5.050000,19.108421,2.181053,0.000000
20260613:2010,0.000000,0.000000,0.000000,0.000000,17.755263,2.308421,0.000000
20260613:2110,0.000000,0.000000,0.000000,0.000000,16.661579,2.417368,0.000000
20260613:2210,0.000000,0.000000,0.000000,0.000000,15.922105,2.409474,0.000000
20260613:2310,0.000000,0.000000,0.000000,0.000000,15.241053,2.353158,0.000000
20260614:0010,0.000000,0.000000,0.000000,0.000000,14.572105,2.279474,0.000000
20260614:0110,0.000000,0.000000,0.000000,0.000000,14.031053,2.239474,0.000000
20260614:0210,0.000000,0.000000,0.000000,0.000000,13.592105,2.199474,0.000000
20260614:0310,0.000000,0.000000,0.000000,0.000000,13.183158,2.199474,0.000000
20260614:0410,0.000000,5.526316,0.000000,2.131579,12.841579,2.173684,0.000000
20260614:0510,27.842105,58.631579,0.000000,10.980000,13.076842,1.945263,0.000000
20260614:0610,116.105263,122.421053,0.000000,20.410000,14.453684,1.934737,0.000000
20260614:0710,196.157895,173.631579,0.000000,30.240000,16.162105,2.325789,0.000000
20260614:0810,261.631579,231.631579,0.000000,40.110000,17.436316,2.410000,0.000000
20260614:0910,257.578947,271.736842,0.000000,49.570000,18.700526,2.536842,0.000000
20260614:1010,303.897368,273.894737,0.000000,57.830000,19.875789,2.770526,0.000000
20260614:1110,318.213158,291.263158,0.000000,63.410000,20.604211,2.834211,0.000000
20260614:1210,319.002105,293.315789,0.000000,64.330000,21.159474,2.846842,0.000000
20260614:1310,276.475789,308.263158,0.000000,60.130000,21.690526,3.008947,0.000000
20260614:1410,307.842105,308.421053,0.000000,52.570000,22.050000,3.096316,0.000000
20260614:1510,280.210526,237.894737,0.000000,43.400000,22.052105,3.041579,0.000000
20260614:1610,215.684211,187.789474,0.000000,33.600000,21.802632,3.122105,0.000000
20260614:1710,123.000000,137.000000,0.000000,23.720000,21.449474,3.067368,0.000000
20260614:1810,44.684211,74.368421,0.000000,14.120000,20.772632,2.715263,0.000000
20260614:1910,7.894737,19.318421,0.000000,5.120000,19.628421,2.492632,0.000000
20260614:2010,0.000000,0.000000,0.000000,0.000000,18.446316,2.478947,0.000000
20260614:2110,0.000000,0.000000,0.000000,0.000000,17.380526,2.457895,0.000000
20260614:2210,0.000000,0.000000,0.000000,0.000000,16.574211,2.475789,0.000000
20260614:2310,0.000000,0.000000,0.000000,0.000000,15.950000,2.486842,0.000000
20260615:0010,0.000000,0.000000,0.000000,0.000000,15.456842,2.450000,0.000000
20260615:0110,0.000000,0.000000,0.000000,0.000000,15.042105,2.432105,0.000000
20260615:0210,0.000000,0.000000,0.000000,0.000000,14.728947,2.442632,0.000000
20260615:0310,0.000000,0.000000,0.000000,0.000000,14.371053,2.486842,0.000000
20260615:0410,0.000000,5.473684,0.000000,2.141053,13.945789,2.565263,0.000000
20260615:0510,29.631579,49.105263,0.000000,10.980000,14.049474,2.530000,0.000000
20260615:0610,81.000000,112.578947,0.000000,20.410000,14.967368,2.650526,0.000000
20260615:0710,123.578947,155.526316,0.000000,30.240000,16.032105,3.041579,0.000000
20260615:0810,183.947368,207.631579,0.000000,40.110000,17.074737,3.269474,0.000000
20260615:0910,286.631579,263.263158,0.000000,49.570000,18.152632,3.592632,0.000000
20260615:1010,345.370000,300.052632,0.000000,57.840000,19.135263,3.781579,0.000000
20260615:1110,252.054737,330.526316,0.000000,63.450000,19.849474,3.868947,0.000000
20260615:1210,300.686842,305.842105,0.000000,64.380000,20.458421,3.898421,0.000000
20260615:1310,296.054211,299.526316,0.000000,60.190000,20.860000,3.964737,0.000000
20260615:1410,230.421053,290.526316,0.000000,52.630000,20.964211,3.960526,0.000000
20260615:1510,246.210526,248.000000,0.000000,43.460000,21.101579,3.967368,0.000000
20260615:1610,214.842105,179.000000,0.000000,33.670000,21.007368,3.931053,0.000000
20260615:1710,98.631579,142.842105,0.000000,23.790000,20.698421,3.750000,0.000000
20260615:1810,41.526316,77.157895,0.000000,14.190000,20.035263,3.293158,0.000000
20260615:1910,7.105263,23.387895,0.000000,5.180000,18.875789,3.049474,0.000000
20260615:2010,0.000000,0.000000,0.000000,0.000000,17.851579,2.977368,0.000000
20260615:2110,0.000000,0.000000,0.000000,0.000000,16.965263,3.034211,0.000000
20260615:2210,0.000000,0.000000,0.000000,0.000000,16.197895,3.104737,0.000000
20260615:2310,0.000000,0.000000,0.000000,0.000000,15.527895,3.128947,0.000000
20260616:0010,0.000000,0.000000,0.000000,0.000000,14.863158,3.088947,0.000000
20260616:0110,0.000000,0.000000,0.000000,0.000000,14.260526,3.024737,0.000000
20260616:0210,0.000000,0.000000,0.000000,0.000000,13.748421,2.961579,0.000000
20260616:0310,0.000000,0.000000,0.000000,0.000000,13.339474,2.947368,0.000000
20260616:0410,0.000000,6.736842,0.000000,2.150526,12.926842,2.922632,0.000000
20260616:0510,35.526316,62.578947,0.000000,10.980000,13.057368,2.744211,0.000000
20260616:0610,95.947368,100.157895,0.000000,20.410000,14.160526,2.928947,0.000000
20260616:0710,187.736842,160.631579,0.000000,30.230000,15.401053,3.157895,0.000000
20260616:0810,241.315789,197.368421,0.000000,37.989474,16.624211,3.122632,0.000000
20260616:0910,372.947368,229.578947,0.000000,49.570000,17.956316,3.296316,0.000000
20260616:1010,384.423684,261.473684,0.000000,54.805263,19.123158,3.535789,0.000000
20260616:1110,438.002632,297.631579,0.000000,63.470000,20.126842,3.688421,0.000000
20260616:1210,417.634737,297.263158,0.000000,64.430000,20.801053,3.702632,0.000000
20260616:1310,399.054737,286.578947,0.000000,60.240000,21.268947,3.771053,0.000000
20260616:1410,319.684211,238.157895,0.000000,52.690000,21.535789,3.811053,0.000000
20260616:1510,286.894737,226.210526,0.000000,43.520000,21.576842,3.665263,0.000000
20260616:1610,230.105263,189.526316,0.000000,33.730000,21.514211,3.520000,0.000000
20260616:1710,125.052632,127.684211,0.000000,23.850000,21.161053,3.248421,0.000000
20260616:1810,52.263158,83.000000,0.000000,14.250000,20.572105,2.888421,0.000000
20260616:1910,10.368421,22.536316,0.000000,5.240000,19.544211,2.686842,0.000000
20260616:2010,0.000000,0.000000,0.000000,0.000000,18.355789,2.685263,0.000000
20260616:2110,0.000000,0.000000,0.000000,0.000000,17.322105,2.634737,0.000000
20260616:2210,0.000000,0.000000,0.000000,0.000000,16.508421,2.605789,0.000000
20260616:2310,0.000000,0.000000,0.000000,0.000000,15.719474,2.652632,0.000000
20260617:0010,0.000000,0.000000,0.000000,0.000000,15.001579,2.670526,0.000000
20260617:0110,0.000000,0.000000,0.000000,0.000000,14.437368,2.672105,0.000000
20260617:0210,0.000000,0.000000,0.000000,0.000000,13.970000,2.614211,0.000000
20260617:0310,0.000000,0.000000,0.000000,0.000000,13.587368,2.478421,0.000000
20260617:0410,0.000000,6.842105,0.000000,2.141053,13.266316,2.355789,0.000000
20260617:0510,37.315789,53.421053,0.000000,10.970000,13.359474,2.160526,0.000000
20260617:0610,113.105263,108.263158,0.000000,20.400000,14.907895,2.207368,0.000000
20260617:0710,208.263158,151.684211,0.000000,30.220000,16.474211,2.511053,0.000000
20260617:0810,297.526316,208.736842,0.000000,40.090000,17.904211,2.697368,0.000000
20260617:0910,355.052632,251.526316,0.000000,49.560000,19.202632,2.773158,0.000000
20260617:1010,414.370526,274.842105,0.000000,57.850000,20.351053,2.885263,0.000000
20260617:1110,406.004211,295.894737,0.000000,63.490000,21.375263,3.037895,0.000000
20260617:1210,412.266842,284.736842,0.000000,64.470000,22.207368,3.055789,0.000000
20260617:1310,365.371579,292.263158,0.000000,60.300000,22.778421,3.005263,0.000000
20260617:1410,291.157895,240.842105,0.000000,52.750000,23.032632,2.914211,0.000000
20260617:1510,242.473684,214.052632,0.000000,43.580000,23.081579,2.907368,0.000000
20260617:1610,176.842105,170.368421,0.000000,33.790000,22.844211,2.912105,0.000000
20260617:1710,118.368421,120.421053,0.000000,23.910000,22.411579,2.781053,0.000000
20260617:1810,63.105263,79.421053,0.000000,14.300000,21.725263,2.701053,0.000000
20260617:1910,10.947368,23.558421,0.000000,5.300000,20.538947,2.454211,0.000000
20260617:2010,0.000000,0.000000,0.000000,0.000000,19.389474,2.742632,0.000000
20260617:2110,0.000000,0.000000,0.000000,0.000000,18.393158,2.770000,0.000000
20260617:2210,0.000000,0.000000,0.000000,0.000000,17.664211,2.751053,0.000000
20260617:2310,0.000000,0.000000,0.000000,0.000000,17.003158,2.809474,0.000000
20260618:0010,0.000000,0.000000,0.000000,0.000000,16.402105,2.787895,0.000000
20260618:0110,0.000000,0.000000,0.000000,0.000000,15.867895,2.679474,0.000000
20260618:0210,0.000000,0.000000,0.000000,0.000000,15.377368,2.533684,0.000000
20260618:0310,0.000000,0.000000,0.000000,0.000000,15.005263,2.410526,0.000000
20260618:0410,0.000000,6.421053,0.000000,2.131579,14.673684,2.366316,0.000000
20260618:0510,20.052632,53.052632,0.000000,10.960000,14.918421,2.235789,0.000000
20260618:0610,63.736842,113.000000,0.000000,20.380000,16.248421,2.392105,0.000000
20260618:0710,131.052632,183.947368,0.000000,30.200000,17.609474,2.987895,0.000000
20260618:0810,229.052632,220.578947,0.000000,40.070000,18.918421,3.207895,0.000000
20260618:0910,310.947368,248.105263,0.000000,49.550000,20.144211,3.513158,0.000000
20260618:1010,367.055263,261.368421,0.000000,57.850000,21.218947,3.712105,0.000000
20260618:1110,433.952105,250.052632,0.000000,63.500000,22.099474,3.812105,0.000000
20260618:1210,318.528947,279.578947,0.000000,64.500000,22.797895,3.902105,0.000000
20260618:1310,298.949474,288.052632,0.000000,60.340000,23.288947,4.000000,0.000000
20260618:1410,275.105263,287.842105,0.000000,50.021053,23.553684,4.046842,0.000000
20260618:1510,243.842105,235.526316,0.000000,43.630000,23.374211,4.188421,0.000000
20260618:1610,201.947368,162.684211,0.000000,33.840000,22.824737,3.927368,0.000000
20260618:1710,116.631579,133.052632,0.000000,23.960000,22.467895,3.391053,0.000000
20260618:1810,65.210526,88.105263,0.000000,14.350000,21.858421,3.170000,0.000000
20260618:1910,6.684211,23.160526,0.000000,5.350000,20.723158,2.997368,0.000000
20260618:2010,0.000000,0.000000,0.000000,0.000000,19.587895,2.867895,0.000000
20260618:2110,0.000000,0.000000,0.000000,0.000000,18.668947,2.845263,0.000000
20260618:2210,0.000000,0.000000,0.000000,0.000000,17.807368,2.766316,0.000000
20260618:2310,0.000000,0.000000,0.000000,0.000000,17.064737,2.926842,0.000000
20260619:0010,0.000000,0.000000,0.000000,0.000000,16.458421,2.788421,0.000000
20260619:0110,0.000000,0.000000,0.000000,0.000000,15.867368,2.621053,0.000000
20260619:0210,0.000000,0.000000,0.000000,0.000000,15.356842,2.569474,0.000000
20260619:0310,0.000000,0.000000,0.000000,0.000000,14.876316,2.551053,0.000000
20260619:0410,0.000000,5.315789,0.000000,2.122105,14.510526,2.573684,0.000000
20260619:0510,19.842105,43.631579,0.000000,10.940000,14.655263,2.498421,0.000000
20260619:0610,54.263158,100.473684,0.000000,20.360000,15.704737,2.646316,0.000000
20260619:0710,109.000000,151.473684,0.000000,30.180000,16.712632,2.772105,0.000000
20260619:0810,193.000000,184.421053,0.000000,40.050000,17.823158,2.953684,0.000000
20260619:0910,293.263158,260.894737,0.000000,49.530000,19.041579,3.215789,0.000000
20260619:1010,347.370000,275.842105,0.000000,57.840000,20.242632,3.320526,0.000000
20260619:1110,284.160000,315.789474,0.000000,63.510000,21.216842,3.436842,0.000000
20260619:1210,320.001579,311.421053,0.000000,64.520000,22.088421,3.516842,0.000000
20260619:1310,250.001053,311.947368,0.000000,60.380000,22.541579,3.596842,0.000000
20260619:1410,271.473684,234.894737,0.000000,52.840000,22.927895,3.662632,0.000000
20260619:1510,217.368421,215.263158,0.000000,43.680000,23.070526,3.702105,0.000000
20260619:1610,167.315789,171.157895,0.000000,33.890000,22.844737,3.430526,0.000000
20260619:1710,127.105263,130.105263,0.000000,24.010000,22.330000,3.038421,0.000000
20260619:1810,50.736842,74.473684,0.000000,14.400000,21.434211,2.787895,0.000000
20260619:1910,8.368421,22.541579,0.000000,5.390000,19.992105,2.645789,0.000000
20260619:2010,0.000000,0.000000,0.000000,0.000000,18.877895,2.525789,0.000000
20260619:2110,0.000000,0.000000,0.000000,0.000000,17.878947,2.235789,0.000000
20260619:2210,0.000000,0.000000,0.000000,0.000000,17.041053,2.171053,0.000000
20260619:2310,0.000000,0.000000,0.000000,0.000000,16.433158,2.227895,0.000000
20260620:0010,0.000000,0.000000,0.000000,0.000000,15.895263,2.345263,0.000000
20260620:0110,0.000000,0.000000,0.000000,0.000000,15.456842,2.352105,0.000000
20260620:0210,0.000000,0.000000,0.000000,0.000000,15.051579,2.314737,0.000000
20260620:0310,0.000000,0.000000,0.000000,0.000000,14.760000,2.330526,0.000000
20260620:0410,0.000000,5.421053,0.000000,2.103158,14.394211,2.326316,0.000000
20260620:0510,26.631579,53.473684,0.000000,10.920000,14.551579,2.235789,0.000000
20260620:0610,68.578947,103.210526,0.000000,20.340000,15.531053,2.369474,0.000000
20260620:0710,133.315789,144.105263,0.000000,30.150000,16.698421,2.656842,0.000000
20260620:0810,187.210526,191.105263,0.000000,40.030000,17.811053,2.910000,0.000000
20260620:0910,224.421053,259.000000,0.000000,49.510000,18.787895,2.966316,0.000000
20260620:1010,287.002105,289.210526,0.000000,57.830000,19.746842,3.111579,0.000000
20260620:1110,291.107895,309.473684,0.000000,63.510000,20.593684,3.114211,0.000000
20260620:1210,314.686842,292.210526,0.000000,64.540000,21.265789,3.109474,0.000000
20260620:1310,271.264737,300.105263,0.000000,60.410000,21.705263,3.107368,0.000000
20260620:1410,260.368421,265.000000,0.000000,52.880000,21.972105,3.193684,0.000000
20260620:1510,172.052632,235.473684,0.000000,43.720000,22.094737,3.299474,0.000000
20260620:1610,151.421053,181.526316,0.000000,33.930000,21.859474,3.277895,0.000000
20260620:1710,81.421053,139.947368,0.000000,24.050000,21.506842,3.060526,0.000000
20260620:1810,43.368421,75.000000,0.000000,13.680000,20.996842,2.818947,0.000000
20260620:1910,8.157895,24.894211,0.000000,5.430000,20.142632,2.661579,0.000000
20260620:2010,0.000000,0.000000,0.000000,0.000000,19.050000,2.650526,0.000000
20260620:2110,0.000000,0.000000,0.000000,0.000000,18.056842,2.610000,0.000000
20260620:2210,0.000000,0.000000,0.000000,0.000000,17.290000,2.392632,0.000000
20260620:2310,0.000000,0.000000,0.000000,0.000000,16.604211,2.358947,0.000000
20260621:0010,0.000000,0.000000,0.000000,0.000000,16.019474,2.547368,0.000000
20260621:0110,0.000000,0.000000,0.000000,0.000000,15.493684,2.531053,0.000000
20260621:0210,0.000000,0.000000,0.000000,0.000000,15.008947,2.537895,0.000000
20260621:0310,0.000000,0.000000,0.000000,0.000000,14.607368,2.482632,0.000000
20260621:0410,0.000000,5.894737,0.000000,2.084211,14.240000,2.534737,0.000000
20260621:0510,29.157895,51.842105,0.000000,10.890000,14.423684,2.421053,0.000000
20260621:0610,72.947368,115.000000,0.000000,20.300000,15.457368,2.570526,0.000000
20260621:0710,132.473684,151.473684,0.000000,30.120000,16.629474,2.940000,0.000000
20260621:0810,221.736842,204.578947,0.000000,40.000000,17.896316,3.215789,0.000000
20260621:0910,257.473684,250.894737,0.000000,49.480000,19.074211,3.477895,0.000000
20260621:1010,267.421579,304.157895,0.000000,57.800000,19.944737,3.548947,0.000000
20260621:1110,347.213684,292.842105,0.000000,63.500000,20.754737,3.632632,0.000000
20260621:1210,264.843684,301.000000,0.000000,64.550000,21.397895,3.741579,0.000000
20260621:1310,291.896842,268.631579,0.000000,60.440000,21.835263,3.876316,0.000000
20260621:1410,202.052632,308.210526,0.000000,52.910000,22.015263,3.837368,0.000000
20260621:1510,238.315789,254.631579,0.000000,43.760000,22.178947,3.712632,0.000000
20260621:1610,176.052632,195.315789,0.000000,33.970000,22.155263,3.712105,0.000000
20260621:1710,129.263158,142.157895,0.000000,24.090000,21.924211,3.508947,0.000000
20260621:1810,65.631579,79.052632,0.000000,14.480000,21.406316,3.198421,0.000000
20260621:1910,8.526316,25.405263,0.000000,5.470000,20.229474,2.940526,0.000000
20260621:2010,0.000000,0.000000,0.000000,0.000000,19.000526,2.896316,0.000000
20260621:2110,0.000000,0.000000,0.000000,0.000000,17.951053,2.871053,0.000000
20260621:2210,0.000000,0.000000,0.000000,0.000000,17.076842,2.791053,0.000000
20260621:2310,0.000000,0.000000,0.000000,0.000000,16.336842,2.761579,0.000000
20260622:0010,0.000000,0.000000,0.000000,0.000000,15.703684,2.783158,0.000000
20260622:0110,0.000000,0.000000,0.000000,0.000000,15.192632,2.743158,0.000000
20260622:0210,0.000000,0.000000,0.000000,0.000000,14.748947,2.722632,0.000000
20260622:0310,0.000000,0.000000,0.000000,0.000000,14.402632,2.713684,0.000000
20260622:0410,0.000000,4.578947,0.000000,2.046316,14.116316,2.672105,0.000000
20260622:0510,29.315789,48.842105,0.000000,10.860000,14.282632,2.577368,0.000000
20260622:0610,91.578947,97.157895,0.000000,20.270000,15.267368,2.653158,0.000000
20260622:0710,185.000000,122.263158,0.000000,30.080000,16.420526,3.088947,0.000000
20260622:0810,273.894737,180.473684,0.000000,39.960000,17.466316,3.183684,0.000000
20260622:0910,324.105263,219.157895,0.000000,49.450000,18.586842,3.411053,0.000000
20260622:1010,341.423684,267.000000,0.000000,57.780000,19.507895,3.601053,0.000000
20260622:1110,350.424737,237.052632,0.000000,63.480000,20.343158,3.811053,0.000000
20260622:1210,378.372105,291.157895,0.000000,64.550000,21.040526,3.897368,0.000000
20260622:1310,339.739474,286.473684,0.000000,60.460000,21.597895,4.097895,0.000000
20260622:1410,311.789474,242.421053,0.000000,52.940000,21.884211,4.229474,0.000000
20260622:1510,279.000000,216.157895,0.000000,43.790000,21.974737,4.238947,0.000000
20260622:1610,196.052632,170.947368,0.000000,34.000000,21.914211,4.385263,0.000000
20260622:1710,143.736842,124.526316,0.000000,24.120000,21.625263,4.137895,0.000000
20260622:1810,69.894737,78.947368,0.000000,14.510000,20.993684,3.850526,0.000000
20260622:1910,12.526316,27.256316,0.000000,5.500000,19.730526,3.532105,0.000000
20260622:2010,0.000000,0.000000,0.000000,0.000000,18.500000,3.445263,0.000000
20260622:2110,0.000000,0.000000,0.000000,0.000000,17.515263,3.452105,0.000000
20260622:2210,0.000000,0.000000,0.000000,0.000000,16.689474,3.361053,0.000000
20260622:2310,0.000000,0.000000,0.000000,0.000000,15.935789,3.213158,0.000000
20260623:0010,0.000000,0.000000,0.000000,0.000000,15.311053,3.111579,0.000000
20260623:0110,0.000000,0.000000,0.000000,0.000000,14.749474,3.013684,0.000000
20260623:0210,0.000000,0.000000,0.000000,0.000000,14.200000,2.940526,0.000000
20260623:0310,0.000000,0.000000,0.000000,0.000000,13.755789,2.848947,0.000000
20260623:0410,0.000000,5.684211,0.000000,2.017895,13.370526,2.843158,0.000000
20260623:0510,32.947368,62.421053,0.000000,10.820000,13.551579,2.719474,0.000000
20260623:0610,126.789474,106.157895,0.000000,20.230000,14.884737,2.776842,0.000000
20260623:0710,239.894737,153.684211,0.000000,30.040000,16.276842,2.958947,0.000000
20260623:0810,293.578947,205.631579,0.000000,39.920000,17.664211,3.074211,0.000000
20260623:0910,348.421053,232.210526,0.000000,49.410000,19.012105,3.251579,0.000000
20260623:1010,405.107895,257.368421,0.000000,57.740000,20.082632,3.503158,0.000000
20260623:1110,414.266842,309.631579,0.000000,63.460000,20.964737,3.622105,0.000000
20260623:1210,448.741579,279.947368,0.000000,64.550000,21.661053,3.626842,0.000000
20260623:1310,402.950526,289.526316,0.000000,60.470000,22.227895,3.590000,0.000000
20260623:1410,331.210526,258.263158,0.000000,52.970000,22.591579,3.588421,0.000000
20260623:1510,245.368421,240.526316,0.000000,43.820000,22.632105,3.572105,0.000000
20260623:1610,230.052632,173.157895,0.000000,34.030000,22.529474,3.437368,0.000000
20260623:1710,137.842105,124.368421,0.000000,24.150000,22.256316,3.178421,0.000000
20260623:1810,49.842105,79.631579,0.000000,14.540000,21.622632,2.827368,0.000000
20260623:1910,11.894737,23.660000,0.000000,5.520000,20.541053,2.500526,0.000000
20260623:2010,0.000000,0.000000,0.000000,0.000000,19.156316,2.664737,0.000000
20260623:2110,0.000000,0.000000,0.000000,0.000000,18.072105,2.722105,0.000000
20260623:2210,0.000000,0.000000,0.000000,0.000000,17.182105,2.740526,0.000000
20260623:2310,0.000000,0.000000,0.000000,0.000000,16.427368,2.686316,0.000000
20260624:0010,0.000000,0.000000,0.000000,0.000000,15.750526,2.614737,0.000000
20260624:0110,0.000000,0.000000,0.000000,0.000000,15.101053,2.580526,0.000000
20260624:0210,0.000000,0.000000,0.000000,0.000000,14.604211,2.594737,0.000000
20260624:0310,0.000000,0.000000,0.000000,0.000000,14.196316,2.597895,0.000000
20260624:0410,0.000000,5.157895,0.000000,1.980000,13.812632,2.555263,0.000000
20260624:0510,36.526316,60.105263,0.000000,10.770000,13.979474,2.382632,0.000000
20260624:0610,99.578947,108.421053,0.000000,20.180000,15.387368,2.406842,0.000000
20260624:0710,198.000000,154.631579,0.000000,30.000000,17.008947,2.921579,0.000000
20260624:0810,250.526316,210.263158,0.000000,39.870000,18.391579,3.038421,0.000000
20260624:0910,298.631579,241.210526,0.000000,46.771579,19.746316,3.194737,0.000000
20260624:1010,410.423158,243.736842,0.000000,57.700000,21.025789,3.349474,0.000000
20260624:1110,410.318947,293.842105,0.000000,63.430000,22.014211,3.408421,0.000000
20260624:1210,418.951053,283.473684,0.000000,64.540000,22.718421,3.390526,0.000000
20260624:1310,379.687368,274.368421,0.000000,60.480000,23.287368,3.423684,0.000000
20260624:1410,381.578947,254.052632,0.000000,52.980000,23.557368,3.502105,0.000000
20260624:1510,349.052632,226.368421,0.000000,43.840000,23.634211,3.618947,0.000000
20260624:1610,253.473684,178.526316,0.000000,34.060000,23.601053,3.482105,0.000000
20260624:1710,175.263158,127.368421,0.000000,24.170000,23.309474,3.259474,0.000000
20260624:1810,80.684211,83.052632,0.000000,14.560000,22.731579,2.836842,0.000000
20260624:1910,12.526316,26.287895,0.000000,5.540000,21.569474,2.608947,0.000000
20260624:2010,0.000000,0.000000,0.000000,0.000000,20.281579,2.569474,0.000000
20260624:2110,0.000000,0.000000,0.000000,0.000000,19.381579,2.614211,0.000000
20260624:2210,0.000000,0.000000,0.000000,0.000000,18.436842,2.558947,0.000000
20260624:2310,0.000000,0.000000,0.000000,0.000000,17.690526,2.598421,0.000000
20260625:0010,0.000000,0.000000,0.000000,0.000000,17.052105,2.730000,0.000000
20260625:0110,0.000000,0.000000,0.000000,0.000000,16.482632,2.638421,0.000000
20260625:0210,0.000000,0.000000,0.000000,0.000000,16.008421,2.570526,0.000000
20260625:0310,0.000000,0.000000,0.000000,0.000000,15.541579,2.548947,0.000000
20260625:0410,0.000000,4.736842,0.000000,1.932632,15.156316,2.600000,0.000000
20260625:0510,34.789474,56.684211,0.000000,10.730000,15.327368,2.486316,0.000000
20260625:0610,116.842105,107.736842,0.000000,20.130000,16.404737,2.638421,0.000000
20260625:0710,215.052632,151.631579,0.000000,29.950000,17.408947,2.713684,0.000000
20260625:0810,339.578947,184.684211,0.000000,39.820000,18.617895,2.874737,0.000000
20260625:0910,379.210526,225.210526,0.000000,49.320000,19.896316,3.050000,0.000000
20260625:1010,382.476316,265.000000,0.000000,57.660000,21.065263,3.074737,0.000000
20260625:1110,373.003158,292.000000,0.000000,63.400000,22.014737,3.027368,0.000000
20260625:1210,396.161579,290.947368,0.000000,64.530000,22.737895,3.204737,0.000000
20260625:1310,326.528947,283.315789,0.000000,60.480000,23.215789,3.222632,0.000000
20260625:1410,272.473684,247.684211,0.000000,53.000000,23.473684,3.274211,0.000000
20260625:1510,259.842105,233.736842,0.000000,43.860000,23.494211,3.306842,0.000000
20260625:1610,247.263158,163.894737,0.000000,34.080000,23.263684,3.207895,0.000000
20260625:1710,124.894737,140.789474,0.000000,24.190000,22.772105,2.849474,0.000000
20260625:1810,73.894737,90.421053,0.000000,14.580000,22.155263,2.366842,0.000000
20260625:1910,10.894737,24.411053,0.000000,5.550000,21.286842,2.330526,0.000000
20260625:2010,0.000000,0.000000,0.000000,0.000000,20.005263,2.478421,0.000000
20260625:2110,0.000000,0.000000,0.000000,0.000000,18.874211,2.722632,0.000000
20260625:2210,0.000000,0.000000,0.000000,0.000000,17.844737,2.874211,0.000000
20260625:2310,0.000000,0.000000,0.000000,0.000000,17.092632,2.802105,0.000000
20260626:0010,0.000000,0.000000,0.000000,0.000000,16.568947,2.714737,0.000000
20260626:0110,0.000000,0.000000,0.000000,0.000000,16.085263,2.620000,0.000000
20260626:0210,0.000000,0.000000,0.000000,0.000000,15.573158,2.550526,0.000000
20260626:0310,0.000000,0.000000,0.000000,0.000000,15.186842,2.525789,0.000000
20260626:0410,0.000000,4.947368,0.000000,1.885263,14.841053,2.522105,0.000000
20260626:0510,32.684211,52.157895,0.000000,10.670000,15.030000,2.294737,0.000000
20260626:0610,93.105263,107.157895,0.000000,20.080000,16.234737,2.168421,0.000000
20260626:0710,169.105263,144.263158,0.000000,29.890000,17.534737,2.395263,0.000000
20260626:0810,240.578947,187.157895,0.000000,39.770000,18.770000,2.664211,0.000000
20260626:0910,330.789474,261.631579,0.000000,49.270000,20.022632,2.711053,0.000000
20260626:1010,345.318947,265.473684,0.000000,57.610000,21.154211,2.791053,0.000000
20260626:1110,389.371579,303.526316,0.000000,63.360000,22.045263,2.777368,0.000000
20260626:1210,378.161053,320.315789,0.000000,64.500000,22.822632,2.874737,0.000000
20260626:1310,369.213684,283.526316,0.000000,60.480000,23.460000,2.987368,0.000000
20260626:1410,286.315789,275.052632,0.000000,53.000000,23.857368,3.085263,0.000000
20260626:1510,247.368421,243.631579,0.000000,43.870000,23.950000,3.094211,0.000000
20260626:1610,184.631579,177.684211,0.000000,34.090000,23.817895,2.983158,0.000000
20260626:1710,142.315789,126.105263,0.000000,24.200000,23.580000,2.905263,0.000000
20260626:1810,41.842105,69.052632,0.000000,14.590000,22.919474,2.541579,0.000000
20260626:1910,8.315789,22.982105,0.000000,5.560000,21.780000,2.417368,0.000000
20260626:2010,0.000000,0.000000,0.000000,0.000000,20.614211,2.273158,0.000000
20260626:2110,0.000000,0.000000,0.000000,0.000000,19.500526,2.315263,0.000000
20260626:2210,0.000000,0.000000,0.000000,0.000000,18.607368,2.438947,0.000000
20260626:2310,0.000000,0.000000,0.000000,0.000000,17.715789,2.508421,0.000000
20260627:0010,0.000000,0.000000,0.000000,0.000000,17.005789,2.435789,0.000000
20260627:0110,0.000000,0.000000,0.000000,0.000000,16.421053,2.286842,0.000000
20260627:0210,0.000000,0.000000,0.000000,0.000000,15.882632,2.273684,0.000000
20260627:0310,0.000000,0.000000,0.000000,0.000000,15.470000,2.293684,0.000000
20260627:0410,0.000000,4.789474,0.000000,1.828421,15.193158,2.344737,0.000000
20260627:0510,28.368421,53.210526,0.000000,10.610000,15.433158,2.312105,0.000000
20260627:0610,88.842105,112.315789,0.000000,20.020000,16.668421,2.352632,0.000000
20260627:0710,166.421053,159.947368,0.000000,29.830000,17.907895,2.581053,0.000000
20260627:0810,244.842105,208.473684,0.000000,39.710000,19.168421,2.672105,0.000000
20260627:0910,299.789474,246.578947,0.000000,49.210000,20.440526,2.815789,0.000000
20260627:1010,397.160000,247.631579,0.000000,57.550000,21.546316,2.901579,0.000000
20260627:1110,372.687895,273.157895,0.000000,63.310000,22.453158,3.056316,0.000000
20260627:1210,304.739474,279.578947,0.000000,64.470000,23.144737,3.166316,0.000000
20260627:1310,336.370526,288.157895,0.000000,60.460000,23.691579,3.263684,0.000000
20260627:1410,277.000000,271.315789,0.000000,53.000000,24.021053,3.295263,0.000000
20260627:1510,303.052632,226.315789,0.000000,43.880000,24.022105,3.419474,0.000000
20260627:1610,200.368421,188.736842,0.000000,34.100000,23.820000,3.488421,0.000000
20260627:1710,157.526316,134.052632,0.000000,24.210000,23.446316,3.259474,0.000000
20260627:1810,55.578947,82.210526,0.000000,14.590000,22.898421,2.944211,0.000000
20260627:1910,9.368421,24.260000,0.000000,5.560000,21.753684,2.661053,0.000000
20260627:2010,0.000000,0.000000,0.000000,0.000000,20.556842,2.584211,0.000000
20260627:2110,0.000000,0.000000,0.000000,0.000000,19.648421,2.547895,0.000000
20260627:2210,0.000000,0.000000,0.000000,0.000000,18.780000,2.678421,0.000000
20260627:2310,0.000000,0.000000,0.000000,0.000000,17.958947,2.683684,0.000000
20260628:0010,0.000000,0.000000,0.000000,0.000000,17.300526,2.639474,0.000000
20260628:0110,0.000000,0.000000,0.000000,0.000000,16.741053,2.642632,0.000000
20260628:0210,0.000000,0.000000,0.000000,0.000000,16.238947,2.515789,0.000000
20260628:0310,0.000000,0.000000,0.000000,0.000000,15.729474,2.413684,0.000000
20260628:0410,0.000000,3.894737,0.000000,1.771579,15.392105,2.373684,0.000000
20260628:0510,22.421053,51.157895,0.000000,10.550000,15.597895,2.221579,0.000000
20260628:0610,54.526316,98.894737,0.000000,18.909474,16.608421,2.217368,0.000000
20260628:0710,122.736842,156.789474,0.000000,28.203158,18.105789,2.512632,0.000000
20260628:0810,203.105263,186.368421,0.000000,37.563158,19.370000,2.547368,0.000000
20260628:0910,276.105263,231.842105,0.000000,49.150000,20.518947,2.674211,0.000000
20260628:1010,305.106316,255.105263,0.000000,57.490000,21.608421,2.878947,0.000000
20260628:1110,395.530526,256.368421,0.000000,63.260000,22.472632,2.962632,0.000000
20260628:1210,389.845263,270.421053,0.000000,64.430000,23.203158,2.894211,0.000000
20260628:1310,342.634737,287.473684,0.000000,60.450000,23.506842,3.194211,0.000000
20260628:1410,250.000000,240.684211,0.000000,53.000000,23.853684,3.177368,0.000000
20260628:1510,223.105263,201.894737,0.000000,43.880000,23.818421,3.223684,0.000000
20260628:1610,150.894737,186.105263,0.000000,34.100000,23.492105,3.168947,0.000000
20260628:1710,106.315789,120.947368,0.000000,24.220000,23.053158,3.008421,0.000000
20260628:1810,43.789474,78.578947,0.000000,14.590000,22.464211,2.793684,0.000000
20260628:1910,8.473684,23.132105,0.000000,5.550000,21.751053,2.780526,0.000000
20260628:2010,0.000000,0.000000,0.000000,0.000000,20.304737,2.868421,0.000000
20260628:2110,0.000000,0.000000,0.000000,0.000000,19.293158,2.848947,0.000000
20260628:2210,0.000000,0.000000,0.000000,0.000000,18.478947,2.942632,0.000000
20260628:2310,0.000000,0.000000,0.000000,0.000000,17.766316,2.943684,0.000000
20260629:0010,0.000000,0.000000,0.000000,0.000000,17.086316,2.810526,0.000000
20260629:0110,0.000000,0.000000,0.000000,0.000000,16.585263,2.696316,0.000000
20260629:0210,0.000000,0.000000,0.000000,0.000000,16.115789,2.586842,0.000000
20260629:0310,0.000000,0.000000,0.000000,0.000000,15.682105,2.471579,0.000000
20260629:0410,0.000000,3.736842,0.000000,1.705263,15.267368,2.435789,0.000000
20260629:0510,21.894737,47.315789,0.000000,9.928421,15.332105,2.319474,0.000000
20260629:0610,72.526316,92.736842,0.000000,18.843158,16.277368,2.467895,0.000000
20260629:0710,143.789474,155.105263,0.000000,28.136842,17.324737,2.770000,0.000000
20260629:0810,216.526316,193.473684,0.000000,39.580000,18.457895,2.944211,0.000000
20260629:0910,285.263158,248.736842,0.000000,49.080000,19.473684,3.063684,0.000000
20260629:1010,334.844211,283.368421,0.000000,57.430000,20.512632,3.151053,0.000000
20260629:1110,339.213684,309.263158,0.000000,63.200000,21.435263,3.426842,0.000000
20260629:1210,343.582105,300.157895,0.000000,64.390000,22.057895,3.615789,0.000000
20260629:1310,307.845263,289.473684,0.000000,60.420000,22.625789,3.646842,0.000000
20260629:1410,342.789474,270.105263,0.000000,52.990000,22.863684,3.590000,0.000000
20260629:1510,286.736842,221.842105,0.000000,43.880000,23.008421,3.703158,0.000000
20260629:1610,197.105263,192.578947,0.000000,34.100000,22.773158,3.898947,0.000000
20260629:1710,128.526316,133.263158,0.000000,24.210000,22.323684,3.556316,0.000000
20260629:1810,65.368421,80.315789,0.000000,14.590000,21.746316,3.213158,0.000000
20260629:1910,13.052632,26.005789,0.000000,5.540000,20.677895,3.230000,0.000000
20260629:2010,0.000000,0.000000,0.000000,0.000000,19.536842,3.132105,0.000000
20260629:2110,0.000000,0.000000,0.000000,0.000000,18.648947,3.049474,0.000000
20260629:2210,0.000000,0.000000,0.000000,0.000000,17.895263,2.973158,0.000000
20260629:2310,0.000000,0.000000,0.000000,0.000000,17.256316,2.939474,0.000000
20260630:0010,0.000000,0.000000,0.000000,0.000000,16.675789,2.918421,0.000000
20260630:0110,0.000000,0.000000,0.000000,0.000000,16.085263,2.845789,0.000000
20260630:0210,0.000000,0.000000,0.000000,0.000000,15.478947,2.766316,0.000000
20260630:0310,0.000000,0.000000,0.000000,0.000000,14.878421,2.645789,0.000000
20260630:0410,0.000000,3.421053,0.000000,1.638947,14.475789,2.525789,0.000000
20260630:0510,36.157895,57.105263,0.000000,10.410000,14.612105,2.310000,0.000000
20260630:0610,101.526316,107.842105,0.000000,19.820000,15.693158,2.544211,0.000000
20260630:0710,184.157895,145.631579,0.000000,29.630000,17.042105,2.598421,0.000000
20260630:0810,286.052632,176.052632,0.000000,39.510000,18.336316,2.787895,0.000000
20260630:0910,347.052632,191.526316,0.000000,49.010000,19.504211,2.970000,0.000000
20260630:1010,368.844211,247.473684,0.000000,57.360000,20.440000,3.081053,0.000000
20260630:1110,334.897368,258.684211,0.000000,59.807368,21.228421,3.002105,0.000000
20260630:1210,363.318947,286.157895,0.000000,64.340000,21.887368,3.031053,0.000000
20260630:1310,294.002632,282.263158,0.000000,60.390000,22.493684,3.191053,0.000000
20260630:1410,246.631579,276.157895,0.000000,52.970000,22.810526,3.233684,0.000000
20260630:1510,278.684211,212.263158,0.000000,43.870000,23.083684,3.328421,0.000000
20260630:1610,196.631579,188.684211,0.000000,34.090000,22.957895,3.223158,0.000000
20260630:1710,153.052632,126.526316,0.000000,24.210000,22.761053,3.048947,0.000000
20260630:1810,87.631579,80.315789,0.000000,14.580000,22.300526,2.746842,0.000000
20260630:1910,14.789474,27.202632,0.000000,5.530000,21.140526,2.755263,0.000000
20260630:2010,0.000000,0.000000,0.000000,0.000000,19.888421,2.816842,0.000000
20260630:2110,0.000000,0.000000,0.000000,0.000000,18.902105,2.772632,0.000000
20260630:2210,0.000000,0.000000,0.000000,0.000000,18.152105,2.752105,0.000000
20260630:2310,0.000000,0.000000,0.000000,0.000000,17.469474,2.821579,0.000000
20260701:0010,0.000000,0.000000,0.000000,0.000000,16.822632,2.857895,0.000000
20260701:0110,0.000000,0.000000,0.000000,0.000000,16.251579,2.808947,0.000000
20260701:0210,0.000000,0.000000,0.000000,0.000000,15.715263,2.703158,0.000000
20260701:0310,0.000000,0.000000,0.000000,0.000000,15.254211,2.649474,0.000000
20260701:0410,0.000000,2.684211,0.000000,1.563158,14.892632,2.634737,0.000000
20260701:0510,34.842105,50.631579,0.000000,10.340000,15.134211,2.523158,0.000000
20260701:0610,112.157895,99.000000,0.000000,19.740000,16.354737,2.631579,0.000000
20260701:0710,203.736842,156.263158,0.000000,29.560000,17.875263,3.031053,0.000000
20260701:0810,269.526316,197.578947,0.000000,39.430000,19.301579,3.187895,0.000000
20260701:0910,370.157895,222.368421,0.000000,48.930000,20.683158,3.343158,0.000000
20260701:1010,347.371053,245.368421,0.000000,57.280000,21.772105,3.554211,0.000000
20260701:1110,406.635263,244.842105,0.000000,63.060000,22.594211,3.781579,0.000000
20260701:1210,358.739474,254.368421,0.000000,64.280000,23.135789,3.951579,0.000000
20260701:1310,288.844211,288.842105,0.000000,60.350000,23.581053,4.014737,0.000000
20260701:1410,316.315789,238.421053,0.000000,52.950000,23.899474,3.973684,0.000000
20260701:1510,233.526316,237.105263,0.000000,43.850000,24.069474,3.945789,0.000000
20260701:1610,179.315789,197.736842,0.000000,34.080000,23.998421,3.836316,0.000000
20260701:1710,125.368421,141.736842,0.000000,24.190000,23.617368,3.455263,0.000000
20260701:1810,58.315789,88.105263,0.000000,14.560000,23.073684,3.156316,0.000000
20260701:1910,10.315789,23.735263,0.000000,5.510000,21.827368,3.136316,0.000000
20260701:2010,0.000000,0.000000,0.000000,0.000000,20.571053,3.059474,0.000000
20260701:2110,0.000000,0.000000,0.000000,0.000000,19.649474,2.998947,0.000000
20260701:2210,0.000000,0.000000,0.000000,0.000000,18.932632,2.896316,0.000000
20260701:2310,0.000000,0.000000,0.000000,0.000000,18.068421,2.849474,0.000000
20260702:0010,0.000000,0.000000,0.000000,0.000000,17.342105,2.784211,0.000000
20260702:0110,0.000000,0.000000,0.000000,0.000000,16.641579,2.707895,0.000000
20260702:0210,0.000000,0.000000,0.000000,0.000000,16.075789,2.675263,0.000000
20260702:0310,0.000000,0.000000,0.000000,0.000000,15.611053,2.627368,0.000000
20260702:0410,0.000000,2.473684,0.000000,1.487368,15.146316,2.584211,0.000000
20260702:0510,36.473684,57.842105,0.000000,10.250000,15.236316,2.468421,0.000000
20260702:0610,101.684211,100.105263,0.000000,19.660000,16.392632,2.536842,0.000000
20260702:0710,178.368421,142.157895,0.000000,27.928421,17.870526,2.690000,0.000000
20260702:0810,325.894737,176.736842,0.000000,39.350000,19.245789,2.729474,0.000000
20260702:0910,408.894737,216.210526,0.000000,48.850000,20.584211,2.893158,0.000000
20260702:1010,462.162105,228.736842,0.000000,57.200000,21.676842,3.117895,0.000000
20260702:1110,436.056842,252.368421,0.000000,62.980000,22.479474,3.180000,0.000000
20260702:1210,476.951579,244.578947,0.000000,64.220000,23.185263,3.173158,0.000000
20260702:1310,436.108947,268.157895,0.000000,60.310000,23.719474,3.151579,0.000000
20260702:1410,369.789474,225.157895,0.000000,52.920000,24.006316,3.253684,0.000000
20260702:1510,276.421053,235.736842,0.000000,43.830000,24.018421,3.347368,0.000000
20260702:1610,221.736842,179.105263,0.000000,34.060000,23.829474,3.211579,0.000000
20260702:1710,119.473684,131.105263,0.000000,24.180000,23.568947,2.966842,0.000000
20260702:1810,64.105263,78.315789,0.000000,14.540000,22.995789,2.514211,0.000000
20260702:1910,9.789474,26.368947,0.000000,5.480000,21.996316,2.541053,0.000000
20260702:2010,0.000000,0.000000,0.000000,0.000000,20.728947,2.610526,0.000000
20260702:2110,0.000000,0.000000,0.000000,0.000000,19.702632,2.588947,0.000000
20260702:2210,0.000000,0.000000,0.000000,0.000000,18.812632,2.598947,0.000000
20260702:2310,0.000000,0.000000,0.000000,0.000000,17.993158,2.598947,0.000000
20260703:0010,0.000000,0.000000,0.000000,0.000000,17.262632,2.610000,0.000000
20260703:0110,0.000000,0.000000,0.000000,0.000000,16.526316,2.583684,0.000000
20260703:0210,0.000000,0.000000,0.000000,0.000000,15.941053,2.472105,0.000000
20260703:0310,0.000000,0.000000,0.000000,0.000000,15.542632,2.405789,0.000000
20260703:0410,0.000000,1.842105,0.000000,1.411579,15.309474,2.384211,0.000000
20260703:0510,36.684211,50.421053,0.000000,10.170000,15.412105,2.298421,0.000000
20260703:0610,98.526316,104.315789,0.000000,19.580000,16.338421,2.308421,0.000000
20260703:0710,149.789474,135.684211,0.000000,27.843158,17.579474,2.657368,0.000000
20260703:0810,266.000000,173.210526,0.000000,39.270000,18.687895,2.758421,0.000000
20260703:0910,334.000000,202.052632,0.000000,48.760000,19.839474,2.946316,0.000000
20260703:1010,319.528421,262.473684,0.000000,57.110000,20.876316,3.350000,0.000000
20260703:1110,308.897895,306.894737,0.000000,62.890000,21.762105,3.466842,0.000000
20260703:1210,371.318947,297.421053,0.000000,64.150000,22.588421,3.313684,0.000000
20260703:1310,369.476842,283.473684,0.000000,60.260000,23.153158,3.364737,0.000000
20260703:1410,365.578947,246.684211,0.000000,52.890000,23.612105,3.419474,0.000000
20260703:1510,318.210526,203.894737,0.000000,43.810000,23.757368,3.463158,0.000000
20260703:1610,247.263158,163.736842,0.000000,34.040000,23.599474,3.404737,0.000000
20260703:1710,150.368421,132.315789,0.000000,24.150000,23.345263,3.215789,0.000000
20260703:1810,80.789474,79.052632,0.000000,14.510000,22.751053,2.831579,0.000000
20260703:1910,11.894737,24.415789,0.000000,5.450000,21.777368,2.638421,0.000000
20260703:2010,0.000000,0.000000,0.000000,0.000000,20.498421,2.671053,0.000000
20260703:2110,0.000000,0.000000,0.000000,0.000000,19.425789,2.751053,0.000000
20260703:2210,0.000000,0.000000,0.000000,0.000000,18.572632,2.777895,0.000000
20260703:2310,0.000000,0.000000,0.000000,0.000000,17.823158,2.664737,0.000000
20260704:0010,0.000000,0.000000,0.000000,0.000000,17.143684,2.551053,0.000000
20260704:0110,0.000000,0.000000,0.000000,0.000000,16.624737,2.424737,0.000000
20260704:0210,0.000000,0.000000,0.000000,0.000000,16.030526,2.301053,0.000000
20260704:0310,0.000000,0.000000,0.000000,0.000000,15.561579,2.197368,0.000000
20260704:0410,0.000000,1.210526,0.000000,1.024211,15.132105,2.076842,0.000000
20260704:0510,36.421053,53.000000,0.000000,10.080000,15.141579,1.858421,0.000000
20260704:0610,110.368421,93.210526,0.000000,19.490000,16.304737,2.155789,0.000000
20260704:0710,139.315789,150.000000,0.000000,27.757895,17.645789,2.400000,0.000000
20260704:0810,340.684211,170.473684,0.000000,39.180000,18.900526,2.530526,0.000000
20260704:0910,409.263158,200.210526,0.000000,48.670000,20.198947,2.732105,0.000000
20260704:1010,364.319474,252.052632,0.000000,57.020000,21.357895,3.114211,0.000000
20260704:1110,394.898421,267.105263,0.000000,62.800000,22.226316,3.231053,0.000000
20260704:1210,365.214211,272.842105,0.000000,64.070000,22.884737,3.223684,0.000000
20260704:1310,357.002632,262.684211,0.000000,60.200000,23.373158,3.310000,0.000000
20260704:1410,355.684211,218.684211,0.000000,52.850000,23.668947,3.322632,0.000000
20260704:1510,315.421053,194.526316,0.000000,43.780000,23.835263,3.288421,0.000000
20260704:1610,244.631579,165.263158,0.000000,34.010000,23.850526,3.244737,0.000000
20260704:1710,118.947368,134.105263,0.000000,24.120000,23.525789,3.027368,0.000000
20260704:1810,62.789474,73.684211,0.000000,14.480000,22.847895,2.701053,0.000000
20260704:1910,9.842105,24.376842,0.000000,5.410000,21.837895,2.577895,0.000000
20260704:2010,0.000000,0.000000,0.000000,0.000000,20.636842,2.613158,0.000000
20260704:2110,0.000000,0.000000,0.000000,0.000000,19.624737,2.815263,0.000000
20260704:2210,0.000000,0.000000,0.000000,0.000000,18.741053,2.933158,0.000000
20260704:2310,0.000000,0.000000,0.000000,0.000000,18.031579,2.991053,0.000000
20260705:0010,0.000000,0.000000,0.000000,0.000000,17.369474,2.960526,0.000000
20260705:0110,0.000000,0.000000,0.000000,0.000000,16.896842,2.812632,0.000000
20260705:0210,0.000000,0.000000,0.000000,0.000000,16.474737,2.781053,0.000000
20260705:0310,0.000000,0.000000,0.000000,0.000000,16.060000,2.700000,0.000000
20260705:0410,0.000000,0.000000,0.000000,0.000000,15.704211,2.663684,0.000000
20260705:0510,29.894737,45.105263,0.000000,9.980000,15.701579,2.492105,0.000000
20260705:0610,77.789474,94.000000,0.000000,19.400000,16.781053,2.553684,0.000000
20260705:0710,119.894737,160.894737,0.000000,27.672632,17.711053,2.907368,0.000000
20260705:0810,184.736842,216.736842,0.000000,39.090000,18.836316,3.088947,0.000000
20260705:0910,198.842105,285.052632,0.000000,48.580000,20.104211,3.262632,0.000000
20260705:1010,299.633684,274.421053,0.000000,56.920000,21.133158,3.434737,0.000000
20260705:1110,279.054211,333.157895,0.000000,62.700000,21.939474,3.685263,0.000000
20260705:1210,270.160526,325.421053,0.000000,63.980000,22.695263,3.916842,0.000000
20260705:1310,252.318421,289.315789,0.000000,60.140000,23.111053,3.996842,0.000000
20260705:1410,215.578947,280.000000,0.000000,52.800000,23.306842,4.147368,0.000000
20260705:1510,169.210526,248.736842,0.000000,43.740000,23.404737,4.115263,0.000000
20260705:1610,131.263158,192.789474,0.000000,33.980000,23.272105,4.082632,0.000000
20260705:1710,111.578947,142.789474,0.000000,24.090000,22.826316,3.829474,0.000000
20260705:1810,54.473684,78.684211,0.000000,14.440000,22.226842,3.411579,0.000000
20260705:1910,7.789474,24.746316,0.000000,5.360000,21.227368,3.376842,0.000000
20260705:2010,0.000000,0.000000,0.000000,0.000000,20.002105,3.346842,0.000000
20260705:2110,0.000000,0.000000,0.000000,0.000000,19.024737,3.194737,0.000000
20260705:2210,0.000000,0.000000,0.000000,0.000000,18.223684,3.130000,0.000000
20260705:2310,0.000000,0.000000,0.000000,0.000000,17.490000,3.132632,0.000000
20260706:0010,0.000000,0.000000,0.000000,0.000000,16.866316,3.124737,0.000000
20260706:0110,0.000000,0.000000,0.000000,0.000000,16.328421,3.052632,0.000000
20260706:0210,0.000000,0.000000,0.000000,0.000000,15.842105,2.932632,0.000000
20260706:0310,0.000000,0.000000,0.000000,0.000000,15.393684,2.849474,0.000000
20260706:0410,0.000000,0.000000,0.000000,0.000000,14.944211,2.795263,0.000000
20260706:0510,29.368421,50.263158,0.000000,9.890000,14.885263,2.681579,0.000000
20260706:0610,112.631579,98.473684,0.000000,19.300000,15.982632,2.780000,0.000000
20260706:0710,185.052632,143.263158,0.000000,29.120000,17.265263,3.157895,0.000000
20260706:0810,289.473684,196.105263,0.000000,38.990000,18.533684,3.382105,0.000000
20260706:0910,310.000000,253.631579,0.000000,48.480000,19.787368,3.556842,0.000000
20260706:1010,386.423684,277.421053,0.000000,56.820000,20.861053,3.760000,0.000000
20260706:1110,373.476316,302.000000,0.000000,62.600000,21.864211,3.861579,0.000000
20260706:1210,428.634737,295.526316,0.000000,63.890000,22.598947,3.898421,0.000000
20260706:1310,405.265263,270.421053,0.000000,56.908421,23.052632,3.916842,0.000000
20260706:1410,408.579474,243.736842,0.000000,52.750000,23.190526,3.937895,0.000000
20260706:1510,372.578947,209.000000,0.000000,43.700000,23.339474,4.021579,0.000000
20260706:1610,260.000000,171.789474,0.000000,33.940000,23.129474,4.014737,0.000000
20260706:1710,153.684211,130.894737,0.000000,24.050000,22.751579,3.727368,0.000000
20260706:1810,63.736842,74.894737,0.000000,14.400000,22.174737,3.294737,0.000000
20260706:1910,10.578947,27.013158,0.000000,5.310000,21.304211,2.846316,0.000000
20260706:2010,0.000000,0.000000,0.000000,0.000000,19.883684,2.868421,0.000000
20260706:2110,0.000000,0.000000,0.000000,0.000000,18.734737,2.907895,0.000000
20260706:2210,0.000000,0.000000,0.000000,0.000000,17.837895,2.821053,0.000000
20260706:2310,0.000000,0.000000,0.000000,0.000000,17.126842,2.733158,0.000000
20260707:0010,0.000000,0.000000,0.000000,0.000000,16.501579,2.667895,0.000000
20260707:0110,0.000000,0.000000,0.000000,0.000000,16.004211,2.620526,0.000000
20260707:0210,0.000000,0.000000,0.000000,0.000000,15.492632,2.592105,0.000000
20260707:0310,0.000000,0.000000,0.000000,0.000000,15.020526,2.543684,0.000000
20260707:0410,0.000000,0.000000,0.000000,0.000000,14.634211,2.464737,0.000000
20260707:0510,42.210526,59.157895,0.000000,9.780000,14.613158,2.354737,0.000000
20260707:0610,123.631579,107.263158,0.000000,19.200000,16.035263,2.541579,0.000000
20260707:0710,196.684211,162.631579,0.000000,29.020000,17.610000,2.943684,0.000000
20260707:0810,256.842105,192.526316,0.000000,38.890000,19.117368,2.958421,0.000000
20260707:0910,306.473684,241.894737,0.000000,48.380000,20.431579,3.095263,0.000000
20260707:1010,357.477368,259.368421,0.000000,56.710000,21.396316,3.350000,0.000000
20260707:1110,386.372105,281.736842,0.000000,62.490000,22.207368,3.604737,0.000000
20260707:1210,381.108947,267.631579,0.000000,63.790000,22.752105,3.603158,0.000000
20260707:1310,303.950526,244.000000,0.000000,59.990000,23.297368,3.735263,0.000000
20260707:1410,254.263158,248.157895,0.000000,52.690000,23.524737,3.817895,0.000000
20260707:1510,251.842105,224.052632,0.000000,43.650000,23.664737,3.938421,0.000000
20260707:1610,199.842105,175.368421,0.000000,33.900000,23.382632,3.960000,0.000000
20260707:1710,115.315789,133.315789,0.000000,24.000000,22.954211,3.656316,0.000000
20260707:1810,55.263158,81.684211,0.000000,14.350000,22.372105,3.288421,0.000000
20260707:1910,6.315789,20.550000,0.000000,5.260000,21.050000,2.998421,0.000000
20260707:2010,0.000000,0.000000,0.000000,0.000000,19.902105,2.947368,0.000000
20260707:2110,0.000000,0.000000,0.000000,0.000000,18.756316,2.954737,0.000000
20260707:2210,0.000000,0.000000,0.000000,0.000000,17.896842,2.901053,0.000000
20260707:2310,0.000000,0.000000,0.000000,0.000000,17.221053,2.882105,0.000000
20260708:0010,0.000000,0.000000,0.000000,0.000000,16.625789,2.791579,0.000000
20260708:0110,0.000000,0.000000,0.000000,0.000000,16.042105,2.652105,0.000000
20260708:0210,0.000000,0.000000,0.000000,0.000000,15.490000,2.627895,0.000000
20260708:0310,0.000000,0.000000,0.000000,0.000000,15.066842,2.730000,0.000000
20260708:0410,0.000000,0.000000,0.000000,0.000000,14.711053,2.781579,0.000000
20260708:0510,27.210526,50.578947,0.000000,9.680000,14.759474,2.657368,0.000000
20260708:0610,90.842105,108.947368,0.000000,19.100000,15.967368,2.761579,0.000000
20260708:0710,194.000000,155.894737,0.000000,28.920000,17.317368,3.128947,0.000000
20260708:0810,295.526316,198.684211,0.000000,38.790000,18.693158,3.360526,0.000000
20260708:0910,355.421053,227.263158,0.000000,48.270000,20.031579,3.585263,0.000000
20260708:1010,407.110000,249.578947,0.000000,56.600000,21.186842,3.754211,0.000000
20260708:1110,379.320000,245.473684,0.000000,62.380000,22.078947,3.923158,0.000000
20260708:1210,351.950526,256.947368,0.000000,63.690000,22.723684,4.097368,0.000000
20260708:1310,299.371053,251.368421,0.000000,59.910000,23.196316,4.254211,0.000000
20260708:1410,323.158421,238.000000,0.000000,52.630000,23.519474,4.254211,0.000000
20260708:1510,305.210526,209.105263,0.000000,43.590000,23.546316,4.245789,0.000000
20260708:1610,212.263158,172.473684,0.000000,33.850000,23.412632,4.141053,0.000000
20260708:1710,123.578947,122.789474,0.000000,23.950000,23.079474,3.818421,0.000000
20260708:1810,59.578947,82.157895,0.000000,14.290000,22.372105,3.340000,0.000000
20260708:1910,7.684211,24.738421,0.000000,5.200000,21.363158,2.856842,0.000000
20260708:2010,0.000000,0.000000,0.000000,0.000000,20.157368,2.714211,0.000000
20260708:2110,0.000000,0.000000,0.000000,0.000000,19.202105,2.685789,0.000000
20260708:2210,0.000000,0.000000,0.000000,0.000000,18.369474,2.638421,0.000000
20260708:2310,0.000000,0.000000,0.000000,0.000000,17.517368,2.578947,0.000000
20260709:0010,0.000000,0.000000,0.000000,0.000000,16.884211,2.536316,0.000000
20260709:0110,0.000000,0.000000,0.000000,0.000000,16.312632,2.490526,0.000000
20260709:0210,0.000000,0.000000,0.000000,0.000000,15.777368,2.449474,0.000000
20260709:0310,0.000000,0.000000,0.000000,0.000000,15.390526,2.439474,0.000000
20260709:0410,0.000000,0.000000,0.000000,0.000000,15.015789,2.461053,0.000000
20260709:0510,25.631579,46.105263,0.000000,9.570000,15.064737,2.369474,0.000000
20260709:0610,77.000000,98.578947,0.000000,18.990000,16.231579,2.532105,0.000000
20260709:0710,147.894737,144.421053,0.000000,28.810000,17.695263,2.781579,0.000000
20260709:0810,250.421053,177.052632,0.000000,38.680000,19.033158,2.932632,0.000000
20260709:0910,233.000000,190.631579,0.000000,43.090526,20.196842,3.248421,0.000000
20260709:1010,298.582105,261.052632,0.000000,53.507368,21.258947,3.640000,0.000000
20260709:1110,366.161053,305.842105,0.000000,62.260000,22.117895,3.814737,0.000000
20260709:1210,423.267895,232.842105,0.000000,63.580000,22.734211,3.825263,0.000000
20260709:1310,404.687368,261.421053,0.000000,59.820000,23.158947,3.807895,0.000000
20260709:1410,374.368421,233.368421,0.000000,52.550000,23.464211,3.753158,0.000000
20260709:1510,272.684211,215.684211,0.000000,43.530000,23.618421,3.789474,0.000000
20260709:1610,222.894737,177.000000,0.000000,33.790000,23.443158,3.840000,0.000000
20260709:1710,143.157895,120.210526,0.000000,22.642105,22.971579,3.651579,0.000000
20260709:1810,55.368421,79.052632,0.000000,13.481053,22.337368,3.282632,0.000000
20260709:1910,7.947368,23.893158,0.000000,4.860000,21.478421,2.881579,0.000000
20260709:2010,0.000000,0.000000,0.000000,0.000000,20.270526,2.748421,0.000000
20260709:2110,0.000000,0.000000,0.000000,0.000000,19.215263,2.708421,0.000000
20260709:2210,0.000000,0.000000,0.000000,0.000000,18.405789,2.673684,0.000000
20260709:2310,0.000000,0.000000,0.000000,0.000000,17.621053,2.707895,0.000000
20260710:0010,0.000000,0.000000,0.000000,0.000000,16.883158,2.642632,0.000000
20260710:0110,0.000000,0.000000,0.000000,0.000000,16.254211,2.555263,0.000000
20260710:0210,0.000000,0.000000,0.000000,0.000000,15.786316,2.544211,0.000000
20260710:0310,0.000000,0.000000,0.000000,0.000000,15.351053,2.580526,0.000000
20260710:0410,0.000000,0.000000,0.000000,0.000000,14.939474,2.632105,0.000000
20260710:0510,22.105263,46.315789,0.000000,9.450000,14.945263,2.573684,0.000000
20260710:0610,63.105263,100.315789,0.000000,18.880000,16.002105,2.770526,0.000000
20260710:0710,155.210526,145.894737,0.000000,28.700000,17.226316,2.981053,0.000000
20260710:0810,237.736842,183.578947,0.000000,38.570000,18.425263,3.066842,0.000000
20260710:0910,316.789474,206.526316,0.000000,48.050000,19.523158,3.356842,0.000000
20260710:1010,313.740000,211.263158,0.000000,56.360000,20.661053,3.426316,0.000000
20260710:1110,363.056842,258.736842,0.000000,62.130000,21.658421,3.514211,0.000000
20260710:1210,379.162632,220.578947,0.000000,63.460000,22.424737,3.854737,0.000000
20260710:1310,319.634737,237.947368,0.000000,59.720000,22.947895,3.913684,0.000000
20260710:1410,297.421053,218.210526,0.000000,52.480000,23.236316,3.990000,0.000000
20260710:1510,286.684211,214.789474,0.000000,43.470000,23.416842,3.908947,0.000000
20260710:1610,232.789474,179.894737,0.000000,33.730000,23.413684,3.767368,0.000000
20260710:1710,144.473684,124.315789,0.000000,23.830000,23.161053,3.688421,0.000000
20260710:1810,71.631579,80.315789,0.000000,14.170000,22.518421,3.272105,0.000000
20260710:1910,10.000000,26.428421,0.000000,5.050000,21.268947,2.861579,0.000000
20260710:2010,0.000000,0.000000,0.000000,0.000000,20.134737,2.664737,0.000000
20260710:2110,0.000000,0.000000,0.000000,0.000000,19.145263,2.706842,0.000000
20260710:2210,0.000000,0.000000,0.000000,0.000000,18.338947,2.777368,0.000000
20260710:2310,0.000000,0.000000,0.000000,0.000000,17.634211,2.714737,0.000000
20260711:0010,0.000000,0.000000,0.000000,0.000000,16.960526,2.684211,0.000000
20260711:0110,0.000000,0.000000,0.000000,0.000000,16.406842,2.624737,0.000000
20260711:0210,0.000000,0.000000,0.000000,0.000000,16.066842,2.504737,0.000000
20260711:0310,0.000000,0.000000,0.000000,0.000000,15.734211,2.424737,0.000000
20260711:0410,0.000000,0.000000,0.000000,0.000000,15.100526,2.507895,0.000000
20260711:0510,23.421053,39.105263,0.000000,8.838947,15.174737,2.457368,0.000000
20260711:0610,77.526316,87.631579,0.000000,17.772632,16.265789,2.555263,0.000000
20260711:0710,152.842105,131.210526,0.000000,27.085263,17.487895,2.867895,0.000000
20260711:0810,255.526316,172.105263,0.000000,38.460000,18.706316,2.991053,0.000000
20260711:0910,322.421053,236.736842,0.000000,47.930000,19.948947,3.294211,0.000000
20260711:1010,359.002105,255.736842,0.000000,56.230000,21.141579,3.571579,0.000000
20260711:1110,409.425263,293.947368,0.000000,62.000000,22.127368,3.761053,0.000000
20260711:1210,388.266842,297.105263,0.000000,63.330000,22.896842,3.862105,0.000000
20260711:1310,304.843684,304.894737,0.000000,59.620000,23.421053,3.935263,0.000000
20260711:1410,286.526316,243.000000,0.000000,52.390000,23.674737,4.027895,0.000000
20260711:1510,251.052632,221.105263,0.000000,43.400000,23.650526,3.966842,0.000000
20260711:1610,215.789474,173.947368,0.000000,33.660000,23.548421,3.800526,0.000000
20260711:1710,123.052632,135.000000,0.000000,23.770000,23.198947,3.709474,0.000000
20260711:1810,65.473684,85.263158,0.000000,14.100000,22.610526,3.313684,0.000000
20260711:1910,8.842105,25.471053,0.000000,4.980000,21.762105,2.985789,0.000000
20260711:2010,0.000000,0.000000,0.000000,0.000000,20.481053,2.987895,0.000000
20260711:2110,0.000000,0.000000,0.000000,0.000000,19.467895,3.002105,0.000000
20260711:2210,0.000000,0.000000,0.000000,0.000000,18.630000,3.001579,0.000000
20260711:2310,0.000000,0.000000,0.000000,0.000000,17.953158,2.943158,0.000000
20260712:0010,0.000000,0.000000,0.000000,0.000000,17.293684,3.001579,0.000000
20260712:0110,0.000000,0.000000,0.000000,0.000000,16.687368,2.972632,0.000000
20260712:0210,0.000000,0.000000,0.000000,0.000000,16.250526,2.886316,0.000000
20260712:0310,0.000000,0.000000,0.000000,0.000000,15.853158,2.794737,0.000000
20260712:0410,0.000000,0.000000,0.000000,0.000000,15.453684,2.797895,0.000000
20260712:0510,18.052632,49.684211,0.000000,9.210000,15.407368,2.790526,0.000000
20260712:0610,61.842105,96.105263,0.000000,18.650000,16.195263,2.906842,0.000000
20260712:0710,147.105263,138.578947,0.000000,28.470000,17.319474,3.192632,0.000000
20260712:0810,210.894737,184.105263,0.000000,38.340000,18.410526,3.162105,0.000000
20260712:0910,277.105263,232.578947,0.000000,47.800000,19.616316,3.270000,0.000000
20260712:1010,329.896842,255.105263,0.000000,56.100000,20.480526,3.462105,0.000000
20260712:1110,309.687895,276.736842,0.000000,61.860000,21.343684,3.665789,0.000000
20260712:1210,331.792632,311.789474,0.000000,63.200000,22.160000,3.694737,0.000000
20260712:1310,306.581579,266.315789,0.000000,59.510000,22.567895,3.662105,0.000000
20260712:1410,293.842632,249.473684,0.000000,52.300000,22.856842,3.651053,0.000000
20260712:1510,222.105263,232.526316,0.000000,43.320000,23.113158,3.514737,0.000000
20260712:1610,167.263158,190.210526,0.000000,33.590000,23.100526,3.383684,0.000000
20260712:1710,96.894737,121.526316,0.000000,22.443158,22.756316,3.226842,0.000000
20260712:1810,51.315789,76.842105,0.000000,14.020000,22.100000,2.980000,0.000000
20260712:1910,8.000000,22.898947,0.000000,4.890000,21.052632,2.907368,0.000000
20260712:2010,0.000000,0.000000,0.000000,0.000000,19.891053,2.845263,0.000000
20260712:2110,0.000000,0.000000,0.000000,0.000000,18.990526,2.779474,0.000000
20260712:2210,0.000000,0.000000,0.000000,0.000000,18.187895,2.804211,0.000000
20260712:2310,0.000000,0.000000,0.000000,0.000000,17.520000,2.792105,0.000000
20260713:0010,0.000000,0.000000,0.000000,0.000000,16.942105,2.704737,0.000000
20260713:0110,0.000000,0.000000,0.000000,0.000000,16.487368,2.670526,0.000000
20260713:0210,0.000000,0.000000,0.000000,0.000000,16.071053,2.634737,0.000000
20260713:0310,0.000000,0.000000,0.000000,0.000000,15.638947,2.656316,0.000000
20260713:0410,0.000000,0.000000,0.000000,0.000000,15.182105,2.671579,0.000000
20260713:0510,25.421053,48.684211,0.000000,9.090000,15.048421,2.607368,0.000000
20260713:0610,80.947368,98.157895,0.000000,18.520000,15.985789,2.845263,0.000000
20260713:0710,194.894737,132.473684,0.000000,28.350000,17.266842,3.037895,0.000000
20260713:0810,273.631579,173.631579,0.000000,38.220000,18.530526,3.318421,0.000000
20260713:0910,276.315789,238.052632,0.000000,47.680000,19.677895,3.593158,0.000000
20260713:1010,320.897895,233.789474,0.000000,55.970000,20.870000,3.688421,0.000000
20260713:1110,314.003158,272.947368,0.000000,61.710000,21.781053,3.674211,0.000000
20260713:1210,373.056316,258.526316,0.000000,63.060000,22.601579,3.788947,0.000000
20260713:1310,313.634737,271.526316,0.000000,59.390000,23.092632,3.812632,0.000000
20260713:1410,277.895789,196.421053,0.000000,52.210000,23.412105,3.757368,0.000000
20260713:1510,219.105263,185.736842,0.000000,43.230000,23.396316,3.680000,0.000000
20260713:1610,197.368421,155.631579,0.000000,33.510000,23.151053,3.521579,0.000000
20260713:1710,128.052632,124.842105,0.000000,23.610000,22.838421,3.335263,0.000000
20260713:1810,62.105263,70.157895,0.000000,13.930000,22.268947,3.059474,0.000000
20260713:1910,6.473684,22.354211,0.000000,4.800000,21.287368,2.751579,0.000000
20260713:2010,0.000000,0.000000,0.000000,0.000000,20.133684,2.559474,0.000000
20260713:2110,0.000000,0.000000,0.000000,0.000000,19.072632,2.581053,0.000000
20260713:2210,0.000000,0.000000,0.000000,0.000000,18.311579,2.645263,0.000000
20260713:2310,0.000000,0.000000,0.000000,0.000000,17.613684,2.638421,0.000000
20260714:0010,0.000000,0.000000,0.000000,0.000000,16.974211,2.666842,0.000000
20260714:0110,0.000000,0.000000,0.000000,0.000000,16.284211,2.714737,0.000000
20260714:0210,0.000000,0.000000,0.000000,0.000000,15.721053,2.736842,0.000000
20260714:0310,0.000000,0.000000,0.000000,0.000000,15.279474,2.692632,0.000000
20260714:0410,0.000000,0.000000,0.000000,0.000000,14.895263,2.686316,0.000000
20260714:0510,27.157895,49.315789,0.000000,8.960000,14.920000,2.597895,0.000000
20260714:0610,89.052632,104.578947,0.000000,18.400000,15.992105,2.746842,0.000000
20260714:0710,191.631579,149.736842,0.000000,28.230000,17.327895,2.979474,0.000000
20260714:0810,272.631579,182.947368,0.000000,38.100000,18.782105,3.223684,0.000000
20260714:0910,389.421053,208.789474,0.000000,47.550000,20.100526,3.420000,0.000000
20260714:1010,366.318947,249.052632,0.000000,55.830000,21.215263,3.576316,0.000000
20260714:1110,376.003684,265.157895,0.000000,61.570000,22.152632,3.749474,0.000000
20260714:1210,454.898947,271.052632,0.000000,62.920000,22.915789,3.795789,0.000000
20260714:1310,379.792632,295.789474,0.000000,59.270000,23.572632,3.936842,0.000000
20260714:1410,367.368421,281.315789,0.000000,52.110000,24.016842,4.130000,0.000000
20260714:1510,320.263158,237.736842,0.000000,43.150000,24.074211,4.097895,0.000000
20260714:1610,228.947368,174.684211,0.000000,33.430000,23.960526,3.978421,0.000000
20260714:1710,182.736842,128.526316,0.000000,23.530000,23.473684,3.952632,0.000000
20260714:1810,80.894737,79.684211,0.000000,13.840000,22.864737,3.535263,0.000000
20260714:1910,9.421053,22.972105,0.000000,4.700000,21.934737,3.195789,0.000000
20260714:2010,0.000000,0.000000,0.000000,0.000000,20.676316,3.121053,0.000000
20260714:2110,0.000000,0.000000,0.000000,0.000000,19.601579,3.034211,0.000000
20260714:2210,0.000000,0.000000,0.000000,0.000000,18.710526,2.881579,0.000000
20260714:2310,0.000000,0.000000,0.000000,0.000000,17.996316,2.773684,0.000000
20260715:0010,0.000000,0.000000,0.000000,0.000000,17.344211,2.703684,0.000000
20260715:0110,0.000000,0.000000,0.000000,0.000000,16.722105,2.664211,0.000000
20260715:0210,0.000000,0.000000,0.000000,0.000000,16.091579,2.631053,0.000000
20260715:0310,0.000000,0.000000,0.000000,0.000000,15.579474,2.583684,0.000000
20260715:0410,0.000000,0.000000,0.000000,0.000000,15.129474,2.599474,0.000000
20260715:0510,26.105263,43.105263,0.000000,8.830000,15.053684,2.552105,0.000000
20260715:0610,111.052632,95.842105,0.000000,18.270000,16.323158,2.471579,0.000000
20260715:0710,214.315789,130.368421,0.000000,28.100000,18.007895,2.610000,0.000000
20260715:0810,337.842105,173.947368,0.000000,37.970000,19.593684,2.813684,0.000000
20260715:0910,420.736842,215.105263,0.000000,47.420000,21.033684,3.072632,0.000000
20260715:1010,405.003158,269.842105,0.000000,55.680000,22.282105,3.350526,0.000000
20260715:1110,465.109474,284.526316,0.000000,61.410000,23.186842,3.502105,0.000000
20260715:1210,388.267895,295.631579,0.000000,62.770000,23.824737,3.666842,0.000000
20260715:1310,472.004737,266.894737,0.000000,59.140000,24.301053,3.710000,0.000000
20260715:1410,418.473684,258.789474,0.000000,52.000000,24.699474,3.789474,0.000000
20260715:1510,329.526316,223.684211,0.000000,43.050000,24.884211,3.738947,0.000000
20260715:1610,247.315789,178.210526,0.000000,33.340000,24.851579,3.640526,0.000000
20260715:1710,152.157895,137.263158,0.000000,23.440000,24.620000,3.415789,0.000000
20260715:1810,74.368421,81.368421,0.000000,13.750000,24.050526,2.942632,0.000000
20260715:1910,8.421053,23.508421,0.000000,4.600000,23.025263,2.700000,0.000000
20260715:2010,0.000000,0.000000,0.000000,0.000000,21.508421,2.627895,0.000000
20260715:2110,0.000000,0.000000,0.000000,0.000000,20.196316,2.642632,0.000000
20260715:2210,0.000000,0.000000,0.000000,0.000000,19.110000,2.642105,0.000000
20260715:2310,0.000000,0.000000,0.000000,0.000000,18.318421,2.601579,0.000000
20260716:0010,0.000000,0.000000,0.000000,0.000000,17.565789,2.577895,0.000000
20260716:0110,0.000000,0.000000,0.000000,0.000000,16.941053,2.511053,0.000000
20260716:0210,0.000000,0.000000,0.000000,0.000000,16.483684,2.438421,0.000000
20260716:0310,0.000000,0.000000,0.000000,0.000000,16.177895,2.415263,0.000000
20260716:0410,0.000000,0.000000,0.000000,0.000000,15.944211,2.382105,0.000000
20260716:0510,20.842105,47.684211,0.000000,8.690000,15.836316,2.304737,0.000000
20260716:0610,92.368421,108.000000,0.000000,18.140000,16.912632,2.247895,0.000000
20260716:0710,199.368421,151.789474,0.000000,27.970000,18.363684,2.627895,0.000000
20260716:0810,307.789474,182.473684,0.000000,37.840000,19.883684,2.795263,0.000000
20260716:0910,388.578947,217.315789,0.000000,47.280000,21.338421,3.117368,0.000000
20260716:1010,397.160526,236.157895,0.000000,55.530000,22.569474,3.392632,0.000000
20260716:1110,404.266842,267.894737,0.000000,61.250000,23.585789,3.517368,0.000000
20260716:1210,374.476842,261.684211,0.000000,62.610000,24.246316,3.623684,0.000000
20260716:1310,417.161579,253.684211,0.000000,59.010000,24.646842,3.608421,0.000000
20260716:1410,327.737895,221.578947,0.000000,51.880000,25.027895,3.756316,0.000000
20260716:1510,268.315789,227.631579,0.000000,42.950000,25.178421,3.792632,0.000000
20260716:1610,196.052632,146.000000,0.000000,33.240000,25.002632,3.777895,0.000000
20260716:1710,128.894737,125.789474,0.000000,23.340000,24.661579,3.633684,0.000000
20260716:1810,70.842105,73.578947,0.000000,13.650000,24.025263,3.161579,0.000000
20260716:1910,7.000000,21.854211,0.000000,4.490000,23.033158,3.020000,0.000000
20260716:2010,0.000000,0.000000,0.000000,0.000000,21.650000,2.903684,0.000000
20260716:2110,0.000000,0.000000,0.000000,0.000000,20.450526,3.041053,0.000000
20260716:2210,0.000000,0.000000,0.000000,0.000000,19.561053,3.027368,0.000000
20260716:2310,0.000000,0.000000,0.000000,0.000000,18.758421,2.965263,0.000000
20260717:0010,0.000000,0.000000,0.000000,0.000000,18.061579,2.889474,0.000000
20260717:0110,0.000000,0.000000,0.000000,0.000000,17.440000,2.791579,0.000000
20260717:0210,0.000000,0.000000,0.000000,0.000000,16.884737,2.791053,0.000000
20260717:0310,0.000000,0.000000,0.000000,0.000000,16.347368,2.783684,0.000000
20260717:0410,0.000000,0.000000,0.000000,0.000000,15.819474,2.706316,0.000000
20260717:0510,32.473684,49.526316,0.000000,8.550000,15.678421,2.573158,0.000000
20260717:0610,113.421053,106.684211,0.000000,18.010000,16.698947,2.560526,0.000000
20260717:0710,192.789474,132.052632,0.000000,26.374737,18.107895,3.116842,0.000000
20260717:0810,280.052632,189.684211,0.000000,37.700000,19.610526,3.222105,0.000000
20260717:0910,360.736842,234.736842,0.000000,47.140000,21.083684,3.321579,0.000000
20260717:1010,438.584211,230.421053,0.000000,55.380000,22.364737,3.405263,0.000000
20260717:1110,422.215263,257.473684,0.000000,61.090000,23.414737,3.444211,0.000000
20260717:1210,450.004737,274.105263,0.000000,62.450000,24.243158,3.498947,0.000000
20260717:1310,449.740526,257.736842,0.000000,58.860000,24.839474,3.604211,0.000000
20260717:1410,394.474211,264.842105,0.000000,51.760000,25.268421,3.691579,0.000000
20260717:1510,352.842105,201.526316,0.000000,42.840000,25.402632,3.749474,0.000000
20260717:1610,258.947368,182.631579,0.000000,33.140000,25.268421,3.619474,0.000000
20260717:1710,165.421053,127.842105,0.000000,23.240000,24.896316,3.415263,0.000000
20260717:1810,80.947368,78.473684,0.000000,13.540000,24.285789,3.093158,0.000000
20260717:1910,6.000000,21.716842,0.000000,4.370000,23.189474,2.813684,0.000000
20260717:2010,0.000000,0.000000,0.000000,0.000000,21.758421,2.885263,0.000000
20260717:2110,0.000000,0.000000,0.000000,0.000000,20.594737,2.888947,0.000000
20260717:2210,0.000000,0.000000,0.000000,0.000000,19.605263,2.864211,0.000000
20260717:2310,0.000000,0.000000,0.000000,0.000000,18.853684,2.787895,0.000000
20260718:0010,0.000000,0.000000,0.000000,0.000000,18.143158,2.664211,0.000000
20260718:0110,0.000000,0.000000,0.000000,0.000000,17.496842,2.634737,0.000000
20260718:0210,0.000000,0.000000,0.000000,0.000000,16.936842,2.675263,0.000000
20260718:0310,0.000000,0.000000,0.000000,0.000000,16.475789,2.612632,0.000000
20260718:0410,0.000000,0.000000,0.000000,0.000000,16.065263,2.580526,0.000000
20260718:0510,23.842105,47.315789,0.000000,8.410000,15.995789,2.489474,0.000000
20260718:0610,96.578947,103.052632,0.000000,17.870000,17.118421,2.427368,0.000000
20260718:0710,211.052632,149.157895,0.000000,27.710000,18.964211,2.736842,0.000000
20260718:0810,353.842105,174.736842,0.000000,37.570000,20.628947,2.900526,0.000000
20260718:0910,466.000000,187.578947,0.000000,46.990000,22.243684,3.001579,0.000000
20260718:1010,528.690526,214.578947,0.000000,55.220000,23.652632,3.161053,0.000000
20260718:1110,549.954737,233.210526,0.000000,60.920000,24.758421,3.320000,0.000000
20260718:1210,549.164211,235.210526,0.000000,62.280000,25.611053,3.412105,0.000000
20260718:1310,479.847368,250.421053,0.000000,58.720000,26.196316,3.444211,0.000000
20260718:1410,385.895789,237.210526,0.000000,51.640000,26.594211,3.505789,0.000000
20260718:1510,317.105263,222.842105,0.000000,42.730000,26.552105,3.470526,0.000000
20260718:1610,228.684211,158.421053,0.000000,33.030000,26.468947,3.448947,0.000000
20260718:1710,138.736842,124.842105,0.000000,23.130000,26.042632,3.376316,0.000000
20260718:1810,54.421053,77.842105,0.000000,13.430000,25.355263,3.036842,0.000000
20260718:1910,6.105263,20.520526,0.000000,4.250000,24.264211,2.819474,0.000000
20260718:2010,0.000000,0.000000,0.000000,0.000000,22.747368,2.815263,0.000000
20260718:2110,0.000000,0.000000,0.000000,0.000000,21.694211,2.892105,0.000000
20260718:2210,0.000000,0.000000,0.000000,0.000000,21.014211,2.895789,0.000000
20260718:2310,0.000000,0.000000,0.000000,0.000000,20.263684,2.975789,0.000000
20260719:0010,0.000000,0.000000,0.000000,0.000000,19.735263,3.121053,0.000000
20260719:0110,0.000000,0.000000,0.000000,0.000000,19.260000,3.110000,0.000000
20260719:0210,0.000000,0.000000,0.000000,0.000000,18.827368,2.925263,0.000000
20260719:0310,0.000000,0.000000,0.000000,0.000000,18.329474,2.893684,0.000000
20260719:0410,0.000000,0.000000,0.000000,0.000000,17.835263,2.888947,0.000000
20260719:0510,23.263158,43.578947,0.000000,8.260000,17.570000,2.777368,0.000000
20260719:0610,74.421053,93.526316,0.000000,17.730000,18.343158,2.740526,0.000000
20260719:0710,152.473684,144.210526,0.000000,27.570000,19.754211,3.150526,0.000000
20260719:0810,252.052632,187.157895,0.000000,37.430000,21.222632,3.404211,0.000000
20260719:0910,288.631579,238.578947,0.000000,46.850000,22.628947,3.572105,0.000000
20260719:1010,416.688421,227.736842,0.000000,55.060000,23.961053,3.887895,0.000000
20260719:1110,389.688421,259.105263,0.000000,60.740000,25.034211,3.923158,0.000000
20260719:1210,374.687895,289.052632,0.000000,62.110000,25.756842,4.170526,0.000000
20260719:1310,376.372632,262.736842,0.000000,58.560000,26.225263,4.250000,0.000000
20260719:1410,339.422105,239.315789,0.000000,51.500000,26.381053,4.344211,0.000000
20260719:1510,283.368421,212.000000,0.000000,42.610000,26.326316,4.176842,0.000000
20260719:1610,207.263158,162.473684,0.000000,32.920000,26.065263,3.974211,0.000000
20260719:1710,109.526316,139.421053,0.000000,23.020000,25.728947,3.636842,0.000000
20260719:1810,57.736842,78.263158,0.000000,13.310000,25.062105,3.041053,0.000000
20260719:1910,4.631579,19.319474,0.000000,4.130000,23.868421,2.852105,0.000000
20260719:2010,0.000000,0.000000,0.000000,0.000000,22.575789,2.827368,0.000000
20260719:2110,0.000000,0.000000,0.000000,0.000000,21.429474,2.775789,0.000000
20260719:2210,0.000000,0.000000,0.000000,0.000000,20.517895,2.728421,0.000000
20260719:2310,0.000000,0.000000,0.000000,0.000000,19.771579,2.653158,0.000000
20260720:0010,0.000000,0.000000,0.000000,0.000000,19.122632,2.631579,0.000000
20260720:0110,0.000000,0.000000,0.000000,0.000000,18.531053,2.599474,0.000000
20260720:0210,0.000000,0.000000,0.000000,0.000000,18.007368,2.507895,0.000000
20260720:0310,0.000000,0.000000,0.000000,0.000000,17.556316,2.374737,0.000000
20260720:0410,0.000000,0.000000,0.000000,0.000000,17.078947,2.402632,0.000000
20260720:0510,12.684211,39.473684,0.000000,8.110000,16.941053,2.424737,0.000000
20260720:0610,61.631579,97.631579,0.000000,17.590000,17.632632,2.496842,0.000000
20260720:0710,138.526316,141.052632,0.000000,27.430000,18.751579,3.180526,0.000000
20260720:0810,222.526316,194.684211,0.000000,37.280000,19.882105,3.375789,0.000000
20260720:0910,260.684211,237.736842,0.000000,46.700000,21.102105,3.666842,0.000000
20260720:1010,265.633684,243.526316,0.000000,54.900000,22.157368,3.883684,0.000000
20260720:1110,327.793684,261.684211,0.000000,60.560000,22.871053,4.046842,0.000000
20260720:1210,306.582632,290.105263,0.000000,61.920000,23.502105,4.040000,0.000000
20260720:1310,268.844737,286.210526,0.000000,58.400000,24.035789,4.177368,0.000000
20260720:1410,206.684737,282.684211,0.000000,51.370000,24.124211,4.106316,0.000000
20260720:1510,205.684211,214.684211,0.000000,42.480000,24.274211,3.998947,0.000000
20260720:1610,119.789474,201.000000,0.000000,32.800000,24.100526,3.785789,0.000000
20260720:1710,102.105263,121.000000,0.000000,22.900000,23.695263,3.549474,0.000000
20260720:1810,40.894737,75.052632,0.000000,13.190000,23.069474,2.973158,0.000000
20260720:1910,4.526316,16.587368,0.000000,3.990000,22.090000,2.806842,0.000000
20260720:2010,0.000000,0.000000,0.000000,0.000000,20.951053,2.743684,0.000000
20260720:2110,0.000000,0.000000,0.000000,0.000000,20.047895,2.707895,0.000000
20260720:2210,0.000000,0.000000,0.000000,0.000000,19.213158,2.650000,0.000000
20260720:2310,0.000000,0.000000,0.000000,0.000000,18.442105,2.576842,0.000000
20260721:0010,0.000000,0.000000,0.000000,0.000000,17.742632,2.486842,0.000000
20260721:0110,0.000000,0.000000,0.000000,0.000000,17.115789,2.431053,0.000000
20260721:0210,0.000000,0.000000,0.000000,0.000000,16.608421,2.398421,0.000000
20260721:0310,0.000000,0.000000,0.000000,0.000000,16.176842,2.300526,0.000000
20260721:0410,0.000000,0.000000,0.000000,0.000000,15.842105,2.238421,0.000000
20260721:0510,18.368421,41.157895,0.000000,7.960000,15.776842,2.119474,0.000000
20260721:0610,87.736842,104.368421,0.000000,17.440000,16.851579,2.208421,0.000000
20260721:0710,165.684211,140.736842,0.000000,27.280000,18.131579,2.494211,0.000000
20260721:0810,280.631579,171.842105,0.000000,37.140000,19.526316,2.620000,0.000000
20260721:0910,326.736842,222.736842,0.000000,46.540000,20.916316,2.906316,0.000000
20260721:1010,400.688421,248.368421,0.000000,54.730000,22.181053,3.100526,0.000000
20260721:1110,395.897368,291.105263,0.000000,60.370000,23.203684,3.223158,0.000000
20260721:1210,347.107895,263.210526,0.000000,58.490526,23.992632,3.325263,0.000000
20260721:1310,339.635263,261.210526,0.000000,52.100526,24.586316,3.398421,0.000000
20260721:1410,309.368947,233.473684,0.000000,48.524211,24.963158,3.445789,0.000000
20260721:1510,286.736842,235.421053,0.000000,42.350000,25.070000,3.445263,0.000000
20260721:1610,242.052632,171.368421,0.000000,32.670000,24.847895,3.375789,0.000000
20260721:1710,149.315789,131.947368,0.000000,22.780000,24.558947,3.260000,0.000000
20260721:1810,57.315789,77.157895,0.000000,13.060000,23.914737,2.888947,0.000000
20260721:1910,4.315789,17.057368,0.000000,3.860000,22.852632,2.605263,0.000000
20260721:2010,0.000000,0.000000,0.000000,0.000000,21.469474,2.601053,0.000000
20260721:2110,0.000000,0.000000,0.000000,0.000000,20.326842,2.551579,0.000000
20260721:2210,0.000000,0.000000,0.000000,0.000000,19.416316,2.512105,0.000000
20260721:2310,0.000000,0.000000,0.000000,0.000000,18.556842,2.567368,0.000000
20260722:0010,0.000000,0.000000,0.000000,0.000000,17.880000,2.555263,0.000000
20260722:0110,0.000000,0.000000,0.000000,0.000000,17.342632,2.457895,0.000000
20260722:0210,0.000000,0.000000,0.000000,0.000000,16.766842,2.432105,0.000000
20260722:0310,0.000000,0.000000,0.000000,0.000000,16.357895,2.320000,0.000000
20260722:0410,0.000000,0.000000,0.000000,0.000000,15.977895,2.210526,0.000000
20260722:0510,21.947368,44.526316,0.000000,7.810000,15.813158,2.166842,0.000000
20260722:0610,75.631579,99.105263,0.000000,17.290000,16.786316,2.198421,0.000000
20260722:0710,148.210526,155.842105,0.000000,27.140000,18.258421,2.679474,0.000000
20260722:0810,268.052632,189.789474,0.000000,36.990000,19.661053,2.781579,0.000000
20260722:0910,356.894737,239.684211,0.000000,46.380000,21.021053,2.889474,0.000000
20260722:1010,412.794211,229.105263,0.000000,54.560000,22.201053,3.018421,0.000000
20260722:1110,381.056842,253.736842,0.000000,60.180000,23.157368,3.048421,0.000000
20260722:1210,352.792632,265.789474,0.000000,61.540000,23.846842,3.100526,0.000000
20260722:1310,355.056316,250.526316,0.000000,58.060000,24.280000,3.176316,0.000000
20260722:1410,237.686316,253.210526,0.000000,51.070000,24.513158,3.078421,0.000000
20260722:1510,254.894737,237.947368,0.000000,42.220000,24.653158,3.002105,0.000000
20260722:1610,184.368421,182.473684,0.000000,32.540000,24.513684,3.128947,0.000000
20260722:1710,121.315789,124.894737,0.000000,22.650000,24.128947,3.020526,0.000000
20260722:1810,47.736842,73.947368,0.000000,12.920000,23.504737,2.567368,0.000000
20260722:1910,5.315789,15.762632,0.000000,3.710000,22.446842,2.563158,0.000000
20260722:2010,0.000000,0.000000,0.000000,0.000000,21.105789,2.464737,0.000000
20260722:2110,0.000000,0.000000,0.000000,0.000000,20.022632,2.460526,0.000000
20260722:2210,0.000000,0.000000,0.000000,0.000000,19.121579,2.613158,0.000000
20260722:2310,0.000000,0.000000,0.000000,0.000000,18.436316,2.574211,0.000000
20260723:0010,0.000000,0.000000,0.000000,0.000000,17.872632,2.563158,0.000000
20260723:0110,0.000000,0.000000,0.000000,0.000000,17.289474,2.509474,0.000000
20260723:0210,0.000000,0.000000,0.000000,0.000000,16.766316,2.447895,0.000000
20260723:0310,0.000000,0.000000,0.000000,0.000000,16.305263,2.431579,0.000000
20260723:0410,0.000000,0.000000,0.000000,0.000000,15.900526,2.420526,0.000000
20260723:0510,18.315789,36.947368,0.000000,7.650000,15.724737,2.297368,0.000000
20260723:0610,69.000000,88.473684,0.000000,17.140000,16.843684,2.194737,0.000000
20260723:0710,132.473684,137.210526,0.000000,26.990000,18.353158,2.664211,0.000000
20260723:0810,220.473684,189.736842,0.000000,36.840000,19.773684,2.712105,0.000000
20260723:0910,277.368421,245.315789,0.000000,46.220000,21.222632,2.848947,0.000000
20260723:1010,398.688947,231.526316,0.000000,54.380000,22.452105,2.914737,0.000000
20260723:1110,415.794737,265.947368,0.000000,59.990000,23.531053,3.093158,0.000000
20260723:1210,325.266842,264.789474,0.000000,61.350000,24.318421,3.252632,0.000000
20260723:1310,293.581053,270.684211,0.000000,57.880000,24.858947,3.321053,0.000000
20260723:1410,287.843158,254.789474,0.000000,50.910000,25.202632,3.473684,0.000000
20260723:1510,253.315789,242.894737,0.000000,42.070000,24.825263,3.701579,0.000000
20260723:1610,243.263158,180.894737,0.000000,32.410000,24.546316,3.618421,0.000000
20260723:1710,89.052632,124.526316,0.000000,22.510000,24.165263,3.513684,0.000000
20260723:1810,54.157895,74.526316,0.000000,12.780000,23.447368,3.215263,0.000000
20260723:1910,3.210526,14.128947,0.000000,3.560000,22.358421,2.647368,0.000000
20260723:2010,0.000000,0.000000,0.000000,0.000000,21.218421,2.552632,0.000000
20260723:2110,0.000000,0.000000,0.000000,0.000000,20.341579,2.600526,0.000000
20260723:2210,0.000000,0.000000,0.000000,0.000000,19.531579,2.631053,0.000000
20260723:2310,0.000000,0.000000,0.000000,0.000000,18.890000,2.682105,0.000000
20260724:0010,0.000000,0.000000,0.000000,0.000000,18.288421,2.703684,0.000000
20260724:0110,0.000000,0.000000,0.000000,0.000000,17.702632,2.661053,0.000000
20260724:0210,0.000000,0.000000,0.000000,0.000000,17.198947,2.674737,0.000000
20260724:0310,0.000000,0.000000,0.000000,0.000000,16.750000,2.659474,0.000000
20260724:0410,0.000000,0.000000,0.000000,0.000000,16.306316,2.656316,0.000000
20260724:0510,19.842105,40.052632,0.000000,7.490000,16.077368,2.534737,0.000000
20260724:0610,76.842105,97.368421,0.000000,16.990000,17.034737,2.385789,0.000000
20260724:0710,179.421053,145.684211,0.000000,26.840000,18.593158,2.907368,0.000000
20260724:0810,310.684211,181.631579,0.000000,36.680000,19.994211,2.914737,0.000000
20260724:0910,400.684211,209.684211,0.000000,46.060000,21.555263,3.019474,0.000000
20260724:1010,426.528947,250.105263,0.000000,54.200000,22.888947,3.088421,0.000000
20260724:1110,352.108421,276.631579,0.000000,59.790000,24.034211,3.332632,0.000000
20260724:1210,362.687895,270.631579,0.000000,61.140000,24.787895,3.487895,0.000000
20260724:1310,312.634737,263.263158,0.000000,57.690000,25.216842,3.484737,0.000000
20260724:1410,260.632632,262.000000,0.000000,50.750000,25.425263,3.562105,0.000000
20260724:1510,250.684211,217.315789,0.000000,41.920000,25.554211,3.560526,0.000000
20260724:1610,218.368421,165.578947,0.000000,32.270000,25.290526,3.316316,0.000000
20260724:1710,125.157895,117.526316,0.000000,22.370000,24.742105,3.027895,0.000000
20260724:1810,56.736842,72.000000,0.000000,12.630000,23.962632,2.743158,0.000000
20260724:1910,3.526316,16.065789,0.000000,3.410000,23.070000,2.561053,0.000000
20260724:2010,0.000000,0.000000,0.000000,0.000000,21.752632,2.498421,0.000000
20260724:2110,0.000000,0.000000,0.000000,0.000000,20.746316,2.509474,0.000000
20260724:2210,0.000000,0.000000,0.000000,0.000000,19.952105,2.581053,0.000000
20260724:2310,0.000000,0.000000,0.000000,0.000000,19.410526,2.571579,0.000000
20260725:0010,0.000000,0.000000,0.000000,0.000000,18.951053,2.497895,0.000000
20260725:0110,0.000000,0.000000,0.000000,0.000000,18.246842,2.520000,0.000000
20260725:0210,0.000000,0.000000,0.000000,0.000000,17.637368,2.587895,0.000000
20260725:0310,0.000000,0.000000,0.000000,0.000000,17.184737,2.624211,0.000000
20260725:0410,0.000000,0.000000,0.000000,0.000000,16.840000,2.675789,0.000000
20260725:0510,9.842105,32.894737,0.000000,7.330000,16.663158,2.667368,0.000000
20260725:0610,68.210526,94.421053,0.000000,16.830000,17.563684,2.526842,0.000000
20260725:0710,138.105263,143.000000,0.000000,26.680000,18.957368,3.045789,0.000000
20260725:0810,198.315789,196.263158,0.000000,36.530000,20.150000,3.194737,0.000000
20260725:0910,255.473684,238.105263,0.000000,45.890000,21.471053,3.353158,0.000000
20260725:1010,269.845263,295.631579,0.000000,54.010000,22.675263,3.557368,0.000000
20260725:1110,349.318421,281.473684,0.000000,56.444211,23.625263,3.586316,0.000000
20260725:1210,309.898421,296.789474,0.000000,60.930000,24.407895,3.691579,0.000000
20260725:1310,318.370526,306.947368,0.000000,57.500000,24.947895,3.784737,0.000000
20260725:1410,274.475263,291.842105,0.000000,50.580000,25.201579,3.778421,0.000000
20260725:1510,251.631579,224.894737,0.000000,41.770000,25.074737,3.759474,0.000000
20260725:1610,179.736842,187.526316,0.000000,32.120000,24.886316,3.749474,0.000000
20260725:1710,120.947368,123.578947,0.000000,22.220000,24.447368,3.546316,0.000000
20260725:1810,52.315789,71.789474,0.000000,12.480000,23.743158,3.063158,0.000000
20260725:1910,2.578947,13.782105,0.000000,3.250000,22.771579,2.699474,0.000000
20260725:2010,0.000000,0.000000,0.000000,0.000000,21.419474,2.707895,0.000000
20260725:2110,0.000000,0.000000,0.000000,0.000000,20.347895,2.606842,0.000000
20260725:2210,0.000000,0.000000,0.000000,0.000000,19.497895,2.511579,0.000000
20260725:2310,0.000000,0.000000,0.000000,0.000000,18.823684,2.442632,0.000000
20260726:0010,0.000000,0.000000,0.000000,0.000000,18.086842,2.340526,0.000000
20260726:0110,0.000000,0.000000,0.000000,0.000000,17.454737,2.196842,0.000000
20260726:0210,0.000000,0.000000,0.000000,0.000000,16.842632,2.108421,0.000000
20260726:0310,0.000000,0.000000,0.000000,0.000000,16.411053,2.126842,0.000000
20260726:0410,0.000000,0.000000,0.000000,0.000000,15.825789,2.225263,0.000000
20260726:0510,14.000000,36.368421,0.000000,7.160000,15.667895,2.166842,0.000000
20260726:0610,74.894737,87.578947,0.000000,16.670000,16.749474,2.134211,0.000000
20260726:0710,160.000000,135.894737,0.000000,26.530000,18.379474,2.399474,0.000000
20260726:0810,223.105263,195.578947,0.000000,36.370000,19.856842,2.623158,0.000000
20260726:0910,333.368421,220.842105,0.000000,45.720000,21.291053,2.899474,0.000000
20260726:1010,299.528421,267.947368,0.000000,53.820000,22.486842,3.027368,0.000000
20260726:1110,274.265263,293.210526,0.000000,59.370000,23.442105,3.153158,0.000000
20260726:1210,334.528947,298.842105,0.000000,60.710000,24.100000,3.190526,0.000000
20260726:1310,254.685789,293.894737,0.000000,57.300000,24.431053,3.290526,0.000000
20260726:1410,212.580000,277.526316,0.000000,50.400000,24.694737,3.382105,0.000000
20260726:1510,201.631579,232.263158,0.000000,41.610000,24.678947,3.357368,0.000000
20260726:1610,141.105263,182.473684,0.000000,31.960000,24.505789,3.313684,0.000000
20260726:1710,73.684211,134.684211,0.000000,22.070000,24.120000,3.128947,0.000000
20260726:1810,36.210526,74.684211,0.000000,12.320000,23.341053,2.886842,0.000000
20260726:1910,3.210526,13.624211,0.000000,3.080000,22.395789,2.606316,0.000000
20260726:2010,0.000000,0.000000,0.000000,0.000000,21.300526,2.613684,0.000000
20260726:2110,0.000000,0.000000,0.000000,0.000000,20.502105,2.668947,0.000000
20260726:2210,0.000000,0.000000,0.000000,0.000000,19.787895,2.693158,0.000000
20260726:2310,0.000000,0.000000,0.000000,0.000000,19.233158,2.715263,0.000000
20260727:0010,0.000000,0.000000,0.000000,0.000000,18.657368,2.675263,0.000000
20260727:0110,0.000000,0.000000,0.000000,0.000000,18.218421,2.675263,0.000000
20260727:0210,0.000000,0.000000,0.000000,0.000000,17.902105,2.646842,0.000000
20260727:0310,0.000000,0.000000,0.000000,0.000000,17.584737,2.526842,0.000000
20260727:0410,0.000000,0.000000,0.000000,0.000000,17.208421,2.461579,0.000000
20260727:0510,11.263158,34.842105,0.000000,6.990000,16.946316,2.383684,0.000000
20260727:0610,43.736842,77.684211,0.000000,16.510000,17.757895,2.246316,0.000000
20260727:0710,102.736842,135.578947,0.000000,26.370000,18.987895,2.841579,0.000000
20260727:0810,130.052632,187.894737,0.000000,36.210000,20.273158,3.026316,0.000000
20260727:0910,154.578947,237.631579,0.000000,45.550000,21.601053,3.118421,0.000000
20260727:1010,167.317368,250.157895,0.000000,53.630000,22.490526,3.190526,0.000000
20260727:1110,235.423684,259.105263,0.000000,59.160000,23.251053,3.361053,0.000000
20260727:1210,221.422632,302.157895,0.000000,60.490000,23.788421,3.383158,0.000000
20260727:1310,189.527368,296.473684,0.000000,57.090000,24.300526,3.562105,0.000000
20260727:1410,217.158947,248.789474,0.000000,50.220000,24.511053,3.858421,0.000000
20260727:1510,161.947368,248.789474,0.000000,41.440000,24.560526,3.782105,0.000000
20260727:1610,109.421053,174.210526,0.000000,31.800000,24.395789,3.759474,0.000000
20260727:1710,86.736842,133.368421,0.000000,21.910000,23.795263,3.576316,0.000000
20260727:1810,25.894737,64.473684,0.000000,12.160000,22.970000,2.874211,0.000000
20260727:1910,1.315789,9.764737,0.000000,2.910000,21.954211,2.776842,0.000000
20260727:2010,0.000000,0.000000,0.000000,0.000000,20.907368,2.813684,0.000000
20260727:2110,0.000000,0.000000,0.000000,0.000000,20.010000,2.892105,0.000000
20260727:2210,0.000000,0.000000,0.000000,0.000000,19.269474,2.903684,0.000000
20260727:2310,0.000000,0.000000,0.000000,0.000000,18.667368,2.893684,0.000000
20260728:0010,0.000000,0.000000,0.000000,0.000000,18.093158,2.863158,0.000000
20260728:0110,0.000000,0.000000,0.000000,0.000000,17.682105,2.856316,0.000000
20260728:0210,0.000000,0.000000,0.000000,0.000000,17.313684,2.755263,0.000000
20260728:0310,0.000000,0.000000,0.000000,0.000000,17.028421,2.645789,0.000000
20260728:0410,0.000000,0.000000,0.000000,0.000000,16.721579,2.624737,0.000000
20260728:0510,4.842105,30.000000,0.000000,6.820000,16.536842,2.620000,0.000000
20260728:0610,33.578947,94.631579,0.000000,16.350000,17.029474,2.722632,0.000000
20260728:0710,86.578947,155.578947,0.000000,26.210000,18.041579,3.154211,0.000000
20260728:0810,149.578947,215.052632,0.000000,36.040000,19.018947,3.281579,0.000000
20260728:0910,216.631579,237.631579,0.000000,42.982105,20.164737,3.516316,0.000000
20260728:1010,242.528421,303.368421,0.000000,53.440000,21.243158,3.654211,0.000000
20260728:1110,292.108421,293.210526,0.000000,58.940000,22.022105,3.687895,0.000000
20260728:1210,316.687368,297.157895,0.000000,60.270000,22.701053,3.720000,0.000000
20260728:1310,281.317895,309.473684,0.000000,56.880000,23.330000,3.767895,0.000000
20260728:1410,247.581053,240.789474,0.000000,50.030000,23.606842,3.826316,0.000000
20260728:1510,181.263158,231.105263,0.000000,41.270000,23.578947,3.848421,0.000000
20260728:1610,140.526316,176.263158,0.000000,31.640000,23.386316,3.763684,0.000000
20260728:1710,121.421053,112.894737,0.000000,21.740000,22.976316,3.563684,0.000000
20260728:1810,49.894737,66.263158,0.000000,11.990000,22.368421,3.193158,0.000000
20260728:1910,1.526316,10.196316,0.000000,2.730000,21.394211,2.976842,0.000000
20260728:2010,0.000000,0.000000,0.000000,0.000000,20.249474,2.961579,0.000000
20260728:2110,0.000000,0.000000,0.000000,0.000000,19.251053,2.864211,0.000000
20260728:2210,0.000000,0.000000,0.000000,0.000000,18.421053,2.784737,0.000000
20260728:2310,0.000000,0.000000,0.000000,0.000000,17.730526,2.653684,0.000000
20260729:0010,0.000000,0.000000,0.000000,0.000000,17.149474,2.547368,0.000000
20260729:0110,0.000000,0.000000,0.000000,0.000000,16.620000,2.543684,0.000000
20260729:0210,0.000000,0.000000,0.000000,0.000000,16.077895,2.591053,0.000000
20260729:0310,0.000000,0.000000,0.000000,0.000000,15.572105,2.653158,0.000000
20260729:0410,0.000000,0.000000,0.000000,0.000000,15.257368,2.656316,0.000000
20260729:0510,15.421053,33.631579,0.000000,6.650000,15.003158,2.536842,0.000000
20260729:0610,72.736842,76.263158,0.000000,16.180000,15.815789,2.413684,0.000000
20260729:0710,146.000000,137.631579,0.000000,26.040000,17.235263,2.899474,0.000000
20260729:0810,256.210526,172.789474,0.000000,35.870000,18.578947,3.183158,0.000000
20260729:0910,302.210526,229.947368,0.000000,45.190000,19.999474,3.452105,0.000000
20260729:1010,348.844737,214.578947,0.000000,53.240000,21.279474,3.746316,0.000000
20260729:1110,272.160000,276.421053,0.000000,55.629474,22.178421,3.923684,0.000000
20260729:1210,232.001579,330.736842,0.000000,60.030000,22.880000,4.138421,0.000000
20260729:1310,238.211579,312.368421,0.000000,56.670000,23.333158,4.148947,0.000000
20260729:1410,200.579474,290.947368,0.000000,49.830000,23.596842,4.177368,0.000000
20260729:1510,219.789474,243.894737,0.000000,41.090000,23.672105,4.206842,0.000000
20260729:1610,161.526316,187.210526,0.000000,31.470000,23.284737,4.015263,0.000000
20260729:1710,72.526316,145.157895,0.000000,21.570000,22.915789,3.654211,0.000000
20260729:1810,36.894737,68.473684,0.000000,11.820000,22.386316,3.172105,0.000000
20260729:1910,0.000000,11.052632,0.000000,2.540000,21.529474,2.653684,0.000000
20260729:2010,0.000000,0.000000,0.000000,0.000000,20.379474,2.699474,0.000000
20260729:2110,0.000000,0.000000,0.000000,0.000000,19.441579,2.827368,0.000000
20260729:2210,0.000000,0.000000,0.000000,0.000000,18.607895,2.805263,0.000000
20260729:2310,0.000000,0.000000,0.000000,0.000000,17.855263,2.723684,0.000000
20260730:0010,0.000000,0.000000,0.000000,0.000000,17.263684,2.634737,0.000000
20260730:0110,0.000000,0.000000,0.000000,0.000000,16.722632,2.604211,0.000000
20260730:0210,0.000000,0.000000,0.000000,0.000000,16.269474,2.645263,0.000000
20260730:0310,0.000000,0.000000,0.000000,0.000000,15.746316,2.670526,0.000000
20260730:0410,0.000000,0.000000,0.000000,0.000000,15.271053,2.651053,0.000000
20260730:0510,14.473684,35.210526,0.000000,6.470000,15.046842,2.640000,0.000000
20260730:0610,93.894737,91.315789,0.000000,16.010000,16.031579,2.587368,0.000000
20260730:0710,195.473684,139.157895,0.000000,25.880000,17.534737,3.242105,0.000000
20260730:0810,270.421053,194.157895,0.000000,35.710000,18.891053,3.437368,0.000000
20260730:0910,322.789474,248.473684,0.000000,45.010000,20.150526,3.625263,0.000000
20260730:1010,274.791579,308.368421,0.000000,53.030000,21.125263,3.764211,0.000000
20260730:1110,337.528947,323.421053,0.000000,58.490000,22.034211,3.920526,0.000000
20260730:1210,353.266842,281.578947,0.000000,59.800000,22.610526,4.043158,0.000000
20260730:1310,333.528947,258.052632,0.000000,56.440000,22.982632,4.094737,0.000000
20260730:1410,242.843158,282.736842,0.000000,49.630000,23.217368,4.006842,0.000000
20260730:1510,255.842105,233.421053,0.000000,40.910000,23.404211,4.014737,0.000000
20260730:1610,166.315789,178.684211,0.000000,31.290000,23.335263,3.914211,0.000000
20260730:1710,102.526316,141.736842,0.000000,21.400000,23.070000,3.709474,0.000000
20260730:1810,46.000000,73.368421,0.000000,11.640000,22.511579,3.193684,0.000000
20260730:1910,0.000000,11.421053,0.000000,2.350000,21.321579,2.783684,0.000000
20260730:2010,0.000000,0.000000,0.000000,0.000000,20.117895,2.715263,0.000000
20260730:2110,0.000000,0.000000,0.000000,0.000000,19.130000,2.729474,0.000000
20260730:2210,0.000000,0.000000,0.000000,0.000000,18.299474,2.718421,0.000000
20260730:2310,0.000000,0.000000,0.000000,0.000000,17.584737,2.578421,0.000000
20260731:0010,0.000000,0.000000,0.000000,0.000000,16.973684,2.490526,0.000000
20260731:0110,0.000000,0.000000,0.000000,0.000000,16.438421,2.454737,0.000000
20260731:0210,0.000000,0.000000,0.000000,0.000000,15.965789,2.403158,0.000000
20260731:0310,0.000000,0.000000,0.000000,0.000000,15.555789,2.377895,0.000000
20260731:0410,0.000000,0.000000,0.000000,0.000000,15.191579,2.362632,0.000000
20260731:0510,12.578947,32.157895,0.000000,6.290000,15.027368,2.286316,0.000000
20260731:0610,77.315789,86.894737,0.000000,15.840000,15.921053,2.225789,0.000000
20260731:0710,182.473684,141.736842,0.000000,25.710000,17.482105,2.654211,0.000000
20260731:0810,244.052632,192.578947,0.000000,35.530000,18.969474,2.845789,0.000000
20260731:0910,251.210526,222.684211,0.000000,42.470526,20.365263,2.925263,0.000000
20260731:1010,286.845263,228.421053,0.000000,50.049474,21.618947,2.998947,0.000000
20260731:1110,395.373684,252.894737,0.000000,58.260000,22.631053,3.084737,0.000000
20260731:1210,382.267895,282.263158,0.000000,59.550000,23.471053,3.070000,0.000000
20260731:1310,317.477368,269.052632,0.000000,56.210000,24.206316,3.136316,0.000000
20260731:1410,293.739474,248.947368,0.000000,49.430000,24.530000,3.099474,0.000000
20260731:1510,259.684211,235.315789,0.000000,40.720000,24.866316,3.060000,0.000000
20260731:1610,221.157895,163.473684,0.000000,31.110000,24.768947,2.976842,0.000000
20260731:1710,113.736842,102.210526,0.000000,21.220000,24.395789,2.805263,0.000000
20260731:1810,50.052632,64.684211,0.000000,11.450000,23.635789,2.511579,0.000000
20260731:1910,0.000000,7.315789,0.000000,2.160000,22.274737,2.196842,0.000000
20260731:2010,0.000000,0.000000,0.000000,0.000000,20.832105,2.486316,0.000000
20260731:2110,0.000000,0.000000,0.000000,0.000000,19.729474,2.598947,0.000000
20260731:2210,0.000000,0.000000,0.000000,0.000000,18.870000,2.635263,0.000000
20260731:2310,0.000000,0.000000,0.000000,0.000000,18.138421,2.645789,0.000000
20260801:0010,0.000000,0.000000,0.000000,0.000000,17.530000,2.648947,0.000000
20260801:0110,0.000000,0.000000,0.000000,0.000000,17.005263,2.658421,0.000000
20260801:0210,0.000000,0.000000,0.000000,0.000000,16.590526,2.610000,0.000000
20260801:0310,0.000000,0.000000,0.000000,0.000000,16.156842,2.555263,0.000000
20260801:0410,0.000000,0.000000,0.000000,0.000000,15.763684,2.445789,0.000000
20260801:0510,15.368421,29.421053,0.000000,6.110000,15.473684,2.309474,0.000000
20260801:0610,71.368421,90.684211,0.000000,15.670000,16.274737,2.178421,0.000000
20260801:0710,149.789474,141.368421,0.000000,25.540000,17.698421,2.481579,0.000000
20260801:0810,232.210526,195.894737,0.000000,35.360000,19.229474,2.675263,0.000000
20260801:0910,316.210526,245.526316,0.000000,44.640000,20.757368,2.810526,0.000000
20260801:1010,411.320000,238.421053,0.000000,52.620000,21.988947,2.911053,0.000000
20260801:1110,450.794737,239.736842,0.000000,58.020000,23.051053,2.990000,0.000000
20260801:1210,402.319474,294.421053,0.000000,59.310000,23.951053,3.092632,0.000000
20260801:1310,392.582632,246.368421,0.000000,55.980000,24.471053,3.183684,0.000000
20260801:1410,240.844211,252.473684,0.000000,49.210000,24.722105,3.201053,0.000000
20260801:1510,268.736842,226.315789,0.000000,40.520000,24.900000,3.248947,0.000000
20260801:1610,177.947368,184.052632,0.000000,30.920000,24.871053,3.350000,0.000000
20260801:1710,114.578947,124.526316,0.000000,21.030000,24.550000,3.255789,0.000000
20260801:1810,38.789474,65.736842,0.000000,11.260000,23.888947,2.859474,0.000000
20260801:1910,0.000000,5.631579,0.000000,1.960000,22.623158,2.562632,0.000000
20260801:2010,0.000000,0.000000,0.000000,0.000000,21.282105,2.613158,0.000000
20260801:2110,0.000000,0.000000,0.000000,0.000000,20.225789,2.605263,0.000000
20260801:2210,0.000000,0.000000,0.000000,0.000000,19.318947,2.565263,0.000000
20260801:2310,0.000000,0.000000,0.000000,0.000000,18.520526,2.540526,0.000000
20260802:0010,0.000000,0.000000,0.000000,0.000000,17.932632,2.482105,0.000000
20260802:0110,0.000000,0.000000,0.000000,0.000000,17.390000,2.558947,0.000000
20260802:0210,0.000000,0.000000,0.000000,0.000000,16.890000,2.708947,0.000000
20260802:0310,0.000000,0.000000,0.000000,0.000000,16.462105,2.758947,0.000000
20260802:0410,0.000000,0.000000,0.000000,0.000000,16.065263,2.802632,0.000000
20260802:0510,10.368421,29.052632,0.000000,5.930000,15.702105,2.794737,0.000000
20260802:0610,63.631579,87.578947,0.000000,15.500000,16.456842,2.805789,0.000000
20260802:0710,119.000000,139.473684,0.000000,24.034737,17.765789,3.231053,0.000000
20260802:0810,233.842105,189.421053,0.000000,35.180000,19.146316,3.372105,0.000000
20260802:0910,331.631579,210.894737,0.000000,44.450000,20.590526,3.458947,0.000000
20260802:1010,371.846316,245.842105,0.000000,52.400000,21.936316,3.640526,0.000000
20260802:1110,312.161579,287.052632,0.000000,57.780000,23.045263,3.838421,0.000000
20260802:1210,363.898947,304.421053,0.000000,59.050000,23.735263,4.043158,0.000000
20260802:1310,317.212632,303.000000,0.000000,55.740000,23.965263,4.276842,0.000000
20260802:1410,267.160000,255.263158,0.000000,49.000000,24.265789,4.243684,0.000000
20260802:1510,216.526316,214.947368,0.000000,40.320000,24.343158,4.133684,0.000000
20260802:1610,147.947368,181.105263,0.000000,30.730000,24.312105,3.956316,0.000000
20260802:1710,99.473684,120.789474,0.000000,20.840000,23.991579,3.745263,0.000000
20260802:1810,38.789474,63.105263,0.000000,11.060000,23.337895,3.328421,0.000000
20260802:1910,0.000000,5.894737,0.000000,1.750000,22.037368,3.143684,0.000000
20260802:2010,0.000000,0.000000,0.000000,0.000000,20.928421,3.030000,0.000000
20260802:2110,0.000000,0.000000,0.000000,0.000000,20.083684,2.885789,0.000000
20260802:2210,0.000000,0.000000,0.000000,0.000000,19.403684,2.773684,0.000000
20260802:2310,0.000000,0.000000,0.000000,0.000000,18.794211,2.729474,0.000000
20260803:0010,0.000000,0.000000,0.000000,0.000000,18.099474,2.757895,0.000000
20260803:0110,0.000000,0.000000,0.000000,0.000000,17.462105,2.755789,0.000000
20260803:0210,0.000000,0.000000,0.000000,0.000000,16.875263,2.747368,0.000000
20260803:0310,0.000000,0.000000,0.000000,0.000000,16.381579,2.646842,0.000000
20260803:0410,0.000000,0.000000,0.000000,0.000000,16.006842,2.552105,0.000000
20260803:0510,8.421053,28.894737,0.000000,5.750000,15.741053,2.471579,0.000000
20260803:0610,58.368421,84.473684,0.000000,14.513684,16.422632,2.381579,0.000000
20260803:0710,135.368421,125.526316,0.000000,23.873684,17.792105,2.982632,0.000000
20260803:0810,199.894737,207.947368,0.000000,35.000000,18.952632,3.146316,0.000000
20260803:0910,270.842632,239.842105,0.000000,44.260000,20.142632,3.306842,0.000000
20260803:1010,332.266316,247.842105,0.000000,52.190000,21.340000,3.476842,0.000000
20260803:1110,354.372105,260.263158,0.000000,57.530000,22.341053,3.557368,0.000000
20260803:1210,350.214211,298.526316,0.000000,58.790000,23.274737,3.687368,0.000000
20260803:1310,336.528947,284.157895,0.000000,55.490000,23.871053,3.681053,0.000000
20260803:1410,248.685263,271.315789,0.000000,48.770000,24.218421,3.746316,0.000000
20260803:1510,200.421053,248.894737,0.000000,40.110000,24.325789,3.752632,0.000000
20260803:1610,154.736842,186.157895,0.000000,30.530000,24.089474,3.684211,0.000000
20260803:1710,97.578947,123.157895,0.000000,20.640000,23.682105,3.440000,0.000000
20260803:1810,31.894737,64.578947,0.000000,10.860000,23.076842,3.018947,0.000000
20260803:1910,0.000000,4.842105,0.000000,1.540000,22.021579,2.848947,0.000000
20260803:2010,0.000000,0.000000,0.000000,0.000000,20.804737,2.877368,0.000000
20260803:2110,0.000000,0.000000,0.000000,0.000000,19.847368,2.856842,0.000000
20260803:2210,0.000000,0.000000,0.000000,0.000000,19.024737,2.761579,0.000000
20260803:2310,0.000000,0.000000,0.000000,0.000000,18.392632,2.525789,0.000000
20260804:0010,0.000000,0.000000,0.000000,0.000000,17.641053,2.402632,0.000000
20260804:0110,0.000000,0.000000,0.000000,0.000000,17.023684,2.395263,0.000000
20260804:0210,0.000000,0.000000,0.000000,0.000000,16.590000,2.424737,0.000000
20260804:0310,0.000000,0.000000,0.000000,0.000000,16.130526,2.414737,0.000000
20260804:0410,0.000000,0.000000,0.000000,0.000000,15.707368,2.386316,0.000000
20260804:0510,9.789474,24.530000,0.000000,5.560000,15.484737,2.336842,0.000000
20260804:0610,74.684211,85.736842,0.000000,15.140000,16.285789,2.149474,0.000000
20260804:0710,145.105263,137.052632,0.000000,25.020000,17.700000,2.478421,0.000000
20260804:0810,223.368421,178.631579,0.000000,34.820000,19.046842,2.617895,0.000000
20260804:0910,295.789474,214.157895,0.000000,44.060000,20.366842,2.871579,0.000000
20260804:1010,353.056316,245.421053,0.000000,51.960000,21.507895,3.081579,0.000000
20260804:1110,383.372105,274.526316,0.000000,57.280000,22.448947,3.233158,0.000000
20260804:1210,378.266842,273.736842,0.000000,58.530000,23.208947,3.321579,0.000000
20260804:1310,360.213684,264.526316,0.000000,55.240000,23.691053,3.362105,0.000000
20260804:1410,331.792105,245.947368,0.000000,48.540000,23.970526,3.404211,0.000000
20260804:1510,254.210526,226.368421,0.000000,39.900000,24.024737,3.415263,0.000000
20260804:1610,164.894737,176.947368,0.000000,30.330000,23.792632,3.335789,0.000000
20260804:1710,101.315789,115.789474,0.000000,20.440000,23.488947,3.103158,0.000000
20260804:1810,48.368421,64.578947,0.000000,10.650000,22.920526,2.608947,0.000000
20260804:1910,0.000000,3.526316,0.000000,1.042105,21.660526,2.377368,0.000000
20260804:2010,0.000000,0.000000,0.000000,0.000000,20.349474,2.428947,0.000000
20260804:2110,0.000000,0.000000,0.000000,0.000000,19.253158,2.463158,0.000000
20260804:2210,0.000000,0.000000,0.000000,0.000000,18.345789,2.366842,0.000000
20260804:2310,0.000000,0.000000,0.000000,0.000000,17.670000,2.264737,0.000000
20260805:0010,0.000000,0.000000,0.000000,0.000000,17.118421,2.200000,0.000000
20260805:0110,0.000000,0.000000,0.000000,0.000000,16.638421,2.084211,0.000000
20260805:0210,0.000000,0.000000,0.000000,0.000000,16.144737,2.022632,0.000000
20260805:0310,0.000000,0.000000,0.000000,0.000000,15.757368,1.970000,0.000000
20260805:0410,0.000000,0.000000,0.000000,0.000000,15.484211,1.935263,0.000000
20260805:0510,11.736842,24.200000,0.000000,5.087368,15.208947,1.956842,0.000000
20260805:0610,72.421053,85.684211,0.000000,14.960000,15.950000,1.902632,0.000000
20260805:0710,182.315789,128.368421,0.000000,24.840000,17.612632,2.308421,0.000000
20260805:0810,254.631579,181.315789,0.000000,34.640000,19.176842,2.663684,0.000000
20260805:0910,375.473684,198.578947,0.000000,43.860000,20.741053,3.027368,0.000000
20260805:1010,364.319474,253.052632,0.000000,51.740000,21.978421,3.321579,0.000000
20260805:1110,377.162632,251.368421,0.000000,57.030000,22.910000,3.564737,0.000000
20260805:1210,340.267895,275.263158,0.000000,58.260000,23.658947,3.812105,0.000000
20260805:1310,341.424737,258.052632,0.000000,54.990000,24.181579,3.955789,0.000000
20260805:1410,306.423684,245.578947,0.000000,48.310000,24.373684,3.879474,0.000000
20260805:1510,210.684211,220.631579,0.000000,39.680000,24.413684,3.793158,0.000000
20260805:1610,201.473684,158.421053,0.000000,30.120000,24.347895,3.644737,0.000000
20260805:1710,141.315789,113.473684,0.000000,20.230000,24.126316,3.459474,0.000000
20260805:1810,40.105263,63.789474,0.000000,10.440000,23.463684,3.008947,0.000000
20260805:1910,0.000000,1.000000,0.000000,0.057895,22.326842,3.033684,0.000000
20260805:2010,0.000000,0.000000,0.000000,0.000000,20.962105,3.160526,0.000000
20260805:2110,0.000000,0.000000,0.000000,0.000000,19.900000,3.197895,0.000000
20260805:2210,0.000000,0.000000,0.000000,0.000000,19.018947,3.118421,0.000000
20260805:2310,0.000000,0.000000,0.000000,0.000000,18.261579,2.935789,0.000000
20260806:0010,0.000000,0.000000,0.000000,0.000000,17.626316,2.802632,0.000000
20260806:0110,0.000000,0.000000,0.000000,0.000000,16.954737,2.682105,0.000000
20260806:0210,0.000000,0.000000,0.000000,0.000000,16.356316,2.657368,0.000000
20260806:0310,0.000000,0.000000,0.000000,0.000000,15.804211,2.653158,0.000000
20260806:0410,0.000000,0.000000,0.000000,0.000000,15.312105,2.621053,0.000000
20260806:0510,9.473684,20.998421,0.000000,5.180000,14.947368,2.581053,0.000000
20260806:0610,65.684211,77.526316,0.000000,14.780000,15.837368,2.410000,0.000000
20260806:0710,149.421053,130.789474,0.000000,24.660000,17.607895,2.721579,0.000000
20260806:0810,224.684211,164.210526,0.000000,34.450000,19.021053,2.926316,0.000000
20260806:0910,292.790000,203.368421,0.000000,43.660000,20.391053,3.117368,0.000000
20260806:1010,316.635263,226.789474,0.000000,51.510000,21.561053,3.357895,0.000000
20260806:1110,306.740000,250.105263,0.000000,56.770000,22.377368,3.473158,0.000000
20260806:1210,345.530000,260.736842,0.000000,57.990000,23.032632,3.470000,0.000000
20260806:1310,364.425263,250.368421,0.000000,54.730000,23.578421,3.455789,0.000000
20260806:1410,362.793684,199.105263,0.000000,48.070000,23.885263,3.334737,0.000000
20260806:1510,261.578947,183.315789,0.000000,37.383158,24.096842,3.231053,0.000000
20260806:1610,179.947368,161.578947,0.000000,29.900000,24.137895,3.060000,0.000000
20260806:1710,114.105263,115.473684,0.000000,20.020000,23.862632,2.802105,0.000000
20260806:1810,42.842105,58.000000,0.000000,10.220000,23.240526,2.537368,0.000000
20260806:1910,0.000000,0.789474,0.000000,0.046316,21.968947,2.306316,0.000000
20260806:2010,0.000000,0.000000,0.000000,0.000000,20.775263,2.308421,0.000000
20260806:2110,0.000000,0.000000,0.000000,0.000000,19.731053,2.435789,0.000000
20260806:2210,0.000000,0.000000,0.000000,0.000000,18.787895,2.527368,0.000000
20260806:2310,0.000000,0.000000,0.000000,0.000000,18.020000,2.526316,0.000000
20260807:0010,0.000000,0.000000,0.000000,0.000000,17.290526,2.446316,0.000000
20260807:0110,0.000000,0.000000,0.000000,0.000000,16.691053,2.373158,0.000000
20260807:0210,0.000000,0.000000,0.000000,0.000000,16.173684,2.406316,0.000000
20260807:0310,0.000000,0.000000,0.000000,0.000000,15.695789,2.452632,0.000000
20260807:0410,0.000000,0.000000,0.000000,0.000000,15.334211,2.329474,0.000000
20260807:0510,8.473684,22.703158,0.000000,4.990000,15.052105,2.225263,0.000000
20260807:0610,61.052632,71.000000,0.000000,13.831579,15.837368,1.961053,0.000000
20260807:0710,134.736842,135.315789,0.000000,24.480000,17.569474,2.497368,0.000000
20260807:0810,215.526316,178.947368,0.000000,34.270000,19.092632,2.617368,0.000000
20260807:0910,281.001579,216.000000,0.000000,43.460000,20.514737,2.706842,0.000000
20260807:1010,317.582632,231.736842,0.000000,51.280000,21.812632,2.900526,0.000000
20260807:1110,368.478421,264.894737,0.000000,56.510000,22.703158,3.157895,0.000000
20260807:1210,334.635263,323.473684,0.000000,57.710000,23.548421,3.419474,0.000000
20260807:1310,295.318947,281.000000,0.000000,54.460000,24.104211,3.618421,0.000000
20260807:1410,286.897368,245.315789,0.000000,47.820000,24.210526,3.538421,0.000000
20260807:1510,204.105263,214.631579,0.000000,39.230000,24.215263,3.543684,0.000000
20260807:1610,126.526316,153.473684,0.000000,29.680000,23.963158,3.553684,0.000000
20260807:1710,87.842105,100.052632,0.000000,19.800000,23.412105,3.361579,0.000000
20260807:1810,30.105263,57.105263,0.000000,10.000000,22.680000,2.944211,0.000000
20260807:1910,0.000000,0.842105,0.000000,0.033684,21.365263,2.922632,0.000000
20260807:2010,0.000000,0.000000,0.000000,0.000000,20.115263,2.947368,0.000000
20260807:2110,0.000000,0.000000,0.000000,0.000000,19.180000,2.900000,0.000000
20260807:2210,0.000000,0.000000,0.000000,0.000000,18.377895,3.005789,0.000000
20260807:2310,0.000000,0.000000,0.000000,0.000000,17.718947,2.986842,0.000000
20260808:0010,0.000000,0.000000,0.000000,0.000000,17.138421,2.918421,0.000000
20260808:0110,0.000000,0.000000,0.000000,0.000000,16.660526,2.827368,0.000000
20260808:0210,0.000000,0.000000,0.000000,0.000000,16.361053,2.740526,0.000000
20260808:0310,0.000000,0.000000,0.000000,0.000000,15.979474,2.682105,0.000000
20260808:0410,0.000000,0.000000,0.000000,0.000000,15.656842,2.627895,0.000000
20260808:0510,5.052632,19.464211,0.000000,4.800000,15.365789,2.592105,0.000000
20260808:0610,32.210526,73.315789,0.000000,14.410000,15.771579,2.468421,0.000000
20260808:0710,90.684211,123.000000,0.000000,24.300000,16.987368,3.020526,0.000000
20260808:0810,198.105263,180.105263,0.000000,34.080000,18.233684,3.213158,0.000000
20260808:0910,283.526842,195.578947,0.000000,43.250000,19.560526,3.328421,0.000000
20260808:1010,260.423684,267.473684,0.000000,51.050000,20.817895,3.510526,0.000000
20260808:1110,286.318421,295.631579,0.000000,56.250000,21.932632,3.601053,0.000000
20260808:1210,262.845263,274.842105,0.000000,57.430000,22.713684,3.630000,0.000000
20260808:1310,228.633684,324.157895,0.000000,54.190000,23.038421,3.670000,0.000000
20260808:1410,210.423158,238.421053,0.000000,47.570000,23.187895,3.715789,0.000000
20260808:1510,176.368421,224.526316,0.000000,38.990000,23.270526,3.590000,0.000000
20260808:1610,130.000000,181.684211,0.000000,29.450000,23.273158,3.460000,0.000000
20260808:1710,88.368421,125.473684,0.000000,19.570000,22.940526,3.245263,0.000000
20260808:1810,31.368421,55.684211,0.000000,9.770000,22.239474,2.968421,0.000000
20260808:1910,0.000000,0.894737,0.000000,0.021579,21.128947,2.836842,0.000000
20260808:2010,0.000000,0.000000,0.000000,0.000000,20.090526,2.794211,0.000000
20260808:2110,0.000000,0.000000,0.000000,0.000000,19.294737,2.724211,0.000000
20260808:2210,0.000000,0.000000,0.000000,0.000000,18.560000,2.745789,0.000000
20260808:2310,0.000000,0.000000,0.000000,0.000000,17.831053,2.802632,0.000000
20260809:0010,0.000000,0.000000,0.000000,0.000000,17.273684,2.827368,0.000000
20260809:0110,0.000000,0.000000,0.000000,0.000000,16.735789,2.806316,0.000000
20260809:0210,0.000000,0.000000,0.000000,0.000000,16.291579,2.692632,0.000000
20260809:0310,0.000000,0.000000,0.000000,0.000000,15.921579,2.594737,0.000000
20260809:0410,0.000000,0.000000,0.000000,0.000000,15.614737,2.540526,0.000000
20260809:0510,3.578947,18.816842,0.000000,4.600000,15.436842,2.486842,0.000000
20260809:0610,37.157895,81.631579,0.000000,14.230000,16.079474,2.204211,0.000000
20260809:0710,98.631579,125.473684,0.000000,24.110000,17.351579,2.566316,0.000000
20260809:0810,134.368421,191.315789,0.000000,33.890000,18.753684,2.835263,0.000000
20260809:0910,241.789474,256.210526,0.000000,43.040000,20.013158,2.886316,0.000000
20260809:1010,265.528421,283.157895,0.000000,50.810000,21.190000,3.205789,0.000000
20260809:1110,274.107368,290.421053,0.000000,55.980000,22.101579,3.403684,0.000000
20260809:1210,287.476316,278.578947,0.000000,57.150000,22.531053,3.535263,0.000000
20260809:1310,266.896316,266.421053,0.000000,53.910000,22.847368,3.625789,0.000000
20260809:1410,227.527895,220.105263,0.000000,47.310000,23.088947,3.797368,0.000000
20260809:1510,150.842105,215.210526,0.000000,38.750000,23.129474,3.778947,0.000000
20260809:1610,174.894737,165.210526,0.000000,29.220000,22.923158,3.640526,0.000000
20260809:1710,107.263158,107.000000,0.000000,19.340000,22.581053,3.298947,0.000000
20260809:1810,37.684211,50.684211,0.000000,9.540000,21.778947,2.951053,0.000000
20260809:1910,0.000000,0.789474,0.000000,0.008421,20.785263,2.711053,0.000000
20260809:2010,0.000000,0.000000,0.000000,0.000000,19.575263,2.667368,0.000000
20260809:2110,0.000000,0.000000,0.000000,0.000000,18.626316,2.751053,0.000000
20260809:2210,0.000000,0.000000,0.000000,0.000000,17.837368,2.787368,0.000000
20260809:2310,0.000000,0.000000,0.000000,0.000000,17.192105,2.743684,0.000000
20260810:0010,0.000000,0.000000,0.000000,0.000000,16.587368,2.675263,0.000000
20260810:0110,0.000000,0.000000,0.000000,0.000000,15.993158,2.612105,0.000000
20260810:0210,0.000000,0.000000,0.000000,0.000000,15.537895,2.581053,0.000000
20260810:0310,0.000000,0.000000,0.000000,0.000000,15.070526,2.536316,0.000000
20260810:0410,0.000000,0.000000,0.000000,0.000000,14.655263,2.455789,0.000000
20260810:0510,6.631579,18.540000,0.000000,4.400000,14.366316,2.377895,0.000000
20260810:0610,65.263158,73.684211,0.000000,14.040000,15.185263,2.105789,0.000000
20260810:0710,153.631579,121.105263,0.000000,23.930000,17.007368,2.533684,0.000000
20260810:0810,238.368421,167.157895,0.000000,33.690000,18.556842,2.783158,0.000000
20260810:0910,317.527895,203.631579,0.000000,42.830000,19.943158,3.110526,0.000000
20260810:1010,334.845789,251.157895,0.000000,50.570000,21.202632,3.547368,0.000000
20260810:1110,363.688421,272.736842,0.000000,55.700000,22.264737,3.886316,0.000000
20260810:1210,289.424211,286.894737,0.000000,56.860000,23.057895,4.111053,0.000000
20260810:1310,310.477895,251.736842,0.000000,53.630000,23.456842,4.297895,0.000000
20260810:1410,293.740526,236.157895,0.000000,47.050000,23.742105,4.164211,0.000000
20260810:1510,272.263158,197.210526,0.000000,38.510000,23.807368,4.084211,0.000000
20260810:1610,188.421053,159.210526,0.000000,28.990000,23.651053,4.011053,0.000000
20260810:1710,124.578947,110.315789,0.000000,19.110000,23.179474,3.761579,0.000000
20260810:1810,33.631579,52.421053,0.000000,9.300000,22.471579,3.285263,0.000000
20260810:1910,0.000000,0.000000,0.000000,-0.004211,21.202105,2.976842,0.000000
20260810:2010,0.000000,0.000000,0.000000,0.000000,19.943158,2.878421,0.000000
20260810:2110,0.000000,0.000000,0.000000,0.000000,18.985789,2.757895,0.000000
20260810:2210,0.000000,0.000000,0.000000,0.000000,18.132105,2.611053,0.000000
20260810:2310,0.000000,0.000000,0.000000,0.000000,17.445789,2.510000,0.000000
20260811:0010,0.000000,0.000000,0.000000,0.000000,16.854211,2.421053,0.000000
20260811:0110,0.000000,0.000000,0.000000,0.000000,16.392632,2.385263,0.000000
20260811:0210,0.000000,0.000000,0.000000,0.000000,15.955263,2.309474,0.000000
20260811:0310,0.000000,0.000000,0.000000,0.000000,15.620000,2.239474,0.000000
20260811:0410,0.000000,0.000000,0.000000,0.000000,15.270000,2.186316,0.000000
20260811:0510,5.736842,17.597895,0.000000,4.200000,14.917895,2.140526,0.000000
20260811:0610,60.947368,81.842105,0.000000,13.850000,15.642105,1.993684,0.000000
20260811:0710,157.157895,131.526316,0.000000,23.740000,17.212632,2.232632,0.000000
20260811:0810,214.736842,174.894737,0.000000,33.500000,18.695789,2.456842,0.000000
20260811:0910,301.633158,194.157895,0.000000,42.620000,20.132105,2.635263,0.000000
20260811:1010,335.423684,235.000000,0.000000,50.330000,21.423684,2.922105,0.000000
20260811:1110,302.372632,277.000000,0.000000,55.430000,22.428947,3.206316,0.000000
20260811:1210,305.161053,311.789474,0.000000,56.560000,23.159474,3.415263,0.000000
20260811:1310,282.792105,295.315789,0.000000,53.340000,23.676316,3.514211,0.000000
20260811:1410,213.948947,258.578947,0.000000,46.780000,23.956842,3.534737,0.000000
20260811:1510,174.736842,228.631579,0.000000,38.260000,23.981579,3.437368,0.000000
20260811:1610,139.947368,169.263158,0.000000,28.750000,23.804211,3.376842,0.000000
20260811:1710,82.157895,109.736842,0.000000,18.870000,23.325789,3.048421,0.000000
20260811:1810,26.631579,54.421053,0.000000,9.060000,22.558947,2.580526,0.000000
20260811:1910,0.000000,0.000000,0.000000,-0.017368,21.335789,2.427368,0.000000
20260811:2010,0.000000,0.000000,0.000000,0.000000,20.137368,2.408947,0.000000
20260811:2110,0.000000,0.000000,0.000000,0.000000,19.305263,2.419474,0.000000
20260811:2210,0.000000,0.000000,0.000000,0.000000,18.558421,2.485263,0.000000
20260811:2310,0.000000,0.000000,0.000000,0.000000,17.945263,2.417368,0.000000
20260812:0010,0.000000,0.000000,0.000000,0.000000,17.391053,2.337368,0.000000
20260812:0110,0.000000,0.000000,0.000000,0.000000,16.910000,2.304211,0.000000
20260812:0210,0.000000,0.000000,0.000000,0.000000,16.541579,2.268421,0.000000
20260812:0310,0.000000,0.000000,0.000000,0.000000,16.264737,2.311579,0.000000
20260812:0410,0.000000,0.000000,0.000000,0.000000,16.000000,2.403684,0.000000
20260812:0510,5.210526,17.089474,0.000000,3.789474,15.732105,2.490526,0.000000
20260812:0610,64.894737,80.631579,0.000000,13.660000,16.368947,2.326316,0.000000
20260812:0710,153.105263,129.000000,0.000000,23.550000,17.833158,2.740000,0.000000
20260812:0810,239.000000,173.578947,0.000000,33.300000,19.307895,2.917368,0.000000
20260812:0910,290.001053,226.315789,0.000000,42.400000,20.780000,3.049474,0.000000
20260812:1010,359.110000,234.157895,0.000000,50.080000,22.193158,3.339474,0.000000
20260812:1110,423.005789,252.684211,0.000000,55.150000,23.248947,3.580000,0.000000
20260812:1210,385.110526,236.315789,0.000000,56.260000,24.057895,3.763684,0.000000
20260812:1310,372.583684,229.736842,0.000000,53.050000,24.473158,3.919474,0.000000
20260812:1410,263.265789,228.578947,0.000000,46.510000,24.658947,4.080000,0.000000
20260812:1510,217.421053,216.210526,0.000000,38.000000,24.654737,4.087368,0.000000
20260812:1610,202.684211,157.421053,0.000000,28.500000,23.906316,4.068421,0.000000
20260812:1710,75.947368,115.684211,0.000000,18.630000,23.463158,3.542105,0.000000
20260812:1810,29.157895,51.473684,0.000000,8.810000,22.808421,3.002105,0.000000
20260812:1910,0.000000,0.000000,0.000000,-0.031053,21.656316,2.766842,0.000000
20260812:2010,0.000000,0.000000,0.000000,0.000000,20.457895,2.558947,0.000000
20260812:2110,0.000000,0.000000,0.000000,0.000000,19.504737,2.536316,0.000000
20260812:2210,0.000000,0.000000,0.000000,0.000000,18.618947,2.555263,0.000000
20260812:2310,0.000000,0.000000,0.000000,0.000000,17.831053,2.591579,0.000000
20260813:0010,0.000000,0.000000,0.000000,0.000000,17.118421,2.672105,0.000000
20260813:0110,0.000000,0.000000,0.000000,0.000000,16.609474,2.707368,0.000000
20260813:0210,0.000000,0.000000,0.000000,0.000000,16.162105,2.711053,0.000000
20260813:0310,0.000000,0.000000,0.000000,0.000000,15.766316,2.657368,0.000000
20260813:0410,0.000000,0.000000,0.000000,0.000000,15.453684,2.556842,0.000000
20260813:0510,3.526316,14.751579,0.000000,3.600000,15.185263,2.541053,0.000000
20260813:0610,48.263158,77.789474,0.000000,13.460000,15.780526,2.373684,0.000000
20260813:0710,131.631579,127.631579,0.000000,23.360000,17.135789,2.924737,0.000000
20260813:0810,233.052632,171.157895,0.000000,33.100000,18.442105,3.219474,0.000000
20260813:0910,268.368947,228.631579,0.000000,42.190000,19.719474,3.277368,0.000000
20260813:1010,242.213158,260.631579,0.000000,49.830000,20.782632,3.335789,0.000000
20260813:1110,287.633684,308.894737,0.000000,54.860000,21.701579,3.516842,0.000000
20260813:1210,239.844737,313.947368,0.000000,55.960000,22.471053,3.676842,0.000000
20260813:1310,248.581053,294.315789,0.000000,52.750000,22.870000,3.801053,0.000000
20260813:1410,223.264737,253.210526,0.000000,43.796842,23.082105,3.876316,0.000000
20260813:1510,181.368421,231.578947,0.000000,37.740000,23.006316,3.811579,0.000000
20260813:1610,161.210526,153.421053,0.000000,28.250000,22.783158,3.655789,0.000000
20260813:1710,87.000000,109.947368,0.000000,18.380000,22.344737,3.313684,0.000000
20260813:1810,28.947368,54.631579,0.000000,8.550000,21.603684,2.833684,0.000000
20260813:1910,0.000000,0.000000,0.000000,-0.044737,20.328421,2.595263,0.000000
20260813:2010,0.000000,0.000000,0.000000,0.000000,19.205789,2.435789,0.000000
20260813:2110,0.000000,0.000000,0.000000,0.000000,18.316842,2.322632,0.000000
20260813:2210,0.000000,0.000000,0.000000,0.000000,17.588421,2.312105,0.000000
20260813:2310,0.000000,0.000000,0.000000,0.000000,16.988947,2.330000,0.000000
20260814:0010,0.000000,0.000000,0.000000,0.000000,16.455789,2.378947,0.000000
20260814:0110,0.000000,0.000000,0.000000,0.000000,15.960526,2.454211,0.000000
20260814:0210,0.000000,0.000000,0.000000,0.000000,15.448421,2.456842,0.000000
20260814:0310,0.000000,0.000000,0.000000,0.000000,15.037895,2.471053,0.000000
20260814:0410,0.000000,0.000000,0.000000,0.000000,14.727368,2.497368,0.000000
20260814:0510,3.894737,15.081579,0.000000,3.410526,14.485789,2.432632,0.000000
20260814:0610,55.526316,74.473684,0.000000,13.270000,15.143158,2.203158,0.000000
20260814:0710,92.736842,128.736842,0.000000,21.950526,16.905789,2.377895,0.000000
20260814:0810,164.736842,197.526316,0.000000,32.900000,18.335789,2.565789,0.000000
20260814:0910,268.896316,222.421053,0.000000,41.960000,19.725789,2.740526,0.000000
20260814:1010,324.213684,258.789474,0.000000,49.580000,21.040526,2.991053,0.000000
20260814:1110,328.898421,244.000000,0.000000,54.570000,22.089474,3.200526,0.000000
20260814:1210,300.055789,293.210526,0.000000,55.650000,22.840526,3.346842,0.000000
20260814:1310,245.212632,285.526316,0.000000,52.450000,23.224737,3.310526,0.000000
20260814:1410,270.212632,248.000000,0.000000,45.950000,23.354737,3.307895,0.000000
20260814:1510,244.263158,205.210526,0.000000,37.470000,23.277368,3.412632,0.000000
20260814:1610,170.842105,170.210526,0.000000,27.990000,23.078421,3.335789,0.000000
20260814:1710,75.473684,110.105263,0.000000,18.120000,22.733158,3.092105,0.000000
20260814:1810,26.421053,51.473684,0.000000,8.300000,21.946842,2.682632,0.000000
20260814:1910,0.000000,0.000000,0.000000,-0.058947,20.634211,2.682105,0.000000
20260814:2010,0.000000,0.000000,0.000000,0.000000,19.487368,2.660526,0.000000
20260814:2110,0.000000,0.000000,0.000000,0.000000,18.732632,2.675263,0.000000
20260814:2210,0.000000,0.000000,0.000000,0.000000,18.108947,2.751053,0.000000
20260814:2310,0.000000,0.000000,0.000000,0.000000,17.563158,2.809474,0.000000
20260815:0010,0.000000,0.000000,0.000000,0.000000,17.050000,2.822105,0.000000
20260815:0110,0.000000,0.000000,0.000000,0.000000,16.677895,2.805789,0.000000
20260815:0210,0.000000,0.000000,0.000000,0.000000,16.447368,2.714737,0.000000
20260815:0310,0.000000,0.000000,0.000000,0.000000,16.126316,2.624737,0.000000
20260815:0410,0.000000,0.000000,0.000000,0.000000,15.803158,2.606842,0.000000
20260815:0510,2.894737,11.544737,0.000000,3.042105,15.545263,2.645789,0.000000
20260815:0610,50.473684,66.052632,0.000000,12.391579,15.951053,2.608947,0.000000
20260815:0710,116.947368,107.315789,0.000000,20.552105,17.347895,2.824211,0.000000
20260815:0810,168.263158,160.105263,0.000000,30.978947,18.763158,3.023158,0.000000
20260815:0910,171.738421,178.421053,0.000000,39.543158,20.156316,3.233684,0.000000
20260815:1010,214.475789,225.263158,0.000000,46.733684,21.328421,3.407895,0.000000
20260815:1110,234.424211,264.526316,0.000000,51.423158,22.216316,3.396842,0.000000
20260815:1210,199.265263,266.631579,0.000000,49.514737,22.851579,3.350526,0.000000
20260815:1310,294.372105,239.473684,0.000000,49.395789,23.464737,3.495789,0.000000
20260815:1410,247.634211,174.421053,0.000000,43.256842,23.710526,3.586316,0.000000
20260815:1510,187.526316,177.052632,0.000000,35.242105,23.765263,3.637368,0.000000
20260815:1610,137.368421,146.631579,0.000000,26.270526,23.446316,3.484211,0.000000
20260815:1710,82.684211,92.526316,0.000000,16.929474,22.862632,3.250000,0.000000
20260815:1810,23.263158,44.052632,0.000000,7.616842,22.139474,2.803158,0.000000
20260815:1910,0.000000,0.000000,0.000000,-0.073158,20.738421,2.576316,0.000000
20260815:2010,0.000000,0.000000,0.000000,0.000000,19.531579,2.528421,0.000000
20260815:2110,0.000000,0.000000,0.000000,0.000000,18.478421,2.551579,0.000000
20260815:2210,0.000000,0.000000,0.000000,0.000000,17.752632,2.562632,0.000000
20260815:2310,0.000000,0.000000,0.000000,0.000000,17.095789,2.552105,0.000000
20260816:0010,0.000000,0.000000,0.000000,0.000000,16.536316,2.515789,0.000000
20260816:0110,0.000000,0.000000,0.000000,0.000000,16.047368,2.408947,0.000000
20260816:0210,0.000000,0.000000,0.000000,0.000000,15.584211,2.376316,0.000000
20260816:0310,0.000000,0.000000,0.000000,0.000000,15.066842,2.403158,0.000000
20260816:0410,0.000000,0.000000,0.000000,0.000000,14.694737,2.406316,0.000000
20260816:0510,2.000000,10.072632,0.000000,2.854211,14.469474,2.326316,0.000000
20260816:0610,47.157895,64.263158,0.000000,12.202105,15.002105,2.083684,0.000000
20260816:0710,114.315789,111.473684,0.000000,21.581053,16.610000,2.315789,0.000000
20260816:0810,244.842105,142.210526,0.000000,30.780000,18.195789,2.479474,0.000000
20260816:0910,295.370526,183.526316,0.000000,39.334737,19.750000,2.752105,0.000000
20260816:1010,335.898947,240.263158,0.000000,46.487368,21.112632,2.922105,0.000000
20260816:1110,235.686316,287.052632,0.000000,51.148421,22.218947,2.951053,0.000000
20260816:1210,276.476842,286.526316,0.000000,52.124211,22.993684,3.002105,0.000000
20260816:1310,307.319474,267.789474,0.000000,49.102105,23.612632,3.044737,0.000000
20260816:1410,236.950000,234.421053,0.000000,42.982105,23.996316,3.013158,0.000000
20260816:1510,196.789474,208.684211,0.000000,34.986316,24.198421,3.026842,0.000000
20260816:1610,139.315789,163.210526,0.000000,26.024211,24.136842,3.111579,0.000000
20260816:1710,76.368421,100.315789,0.000000,16.673684,23.794211,2.933684,0.000000
20260816:1810,28.210526,44.578947,0.000000,7.361053,23.023158,2.493158,0.000000
20260816:1910,0.000000,0.000000,0.000000,0.000000,21.272632,2.544737,0.000000
20260816:2010,0.000000,0.000000,0.000000,0.000000,20.102105,2.555263,0.000000
20260816:2110,0.000000,0.000000,0.000000,0.000000,19.073158,2.537368,0.000000
20260816:2210,0.000000,0.000000,0.000000,0.000000,18.292105,2.602632,0.000000
20260816:2310,0.000000,0.000000,0.000000,0.000000,17.642632,2.678947,0.000000
20260817:0010,0.000000,0.000000,0.000000,0.000000,17.058421,2.706842,0.000000
20260817:0110,0.000000,0.000000,0.000000,0.000000,16.519474,2.695789,0.000000
20260817:0210,0.000000,0.000000,0.000000,0.000000,16.122632,2.655789,0.000000
20260817:0310,0.000000,0.000000,0.000000,0.000000,15.689474,2.587895,0.000000
20260817:0410,0.000000,0.000000,0.000000,0.000000,15.393684,2.617368,0.000000
20260817:0510,1.842105,8.431579,0.000000,2.666316,15.124211,2.642105,0.000000
20260817:0610,37.578947,73.000000,0.000000,12.680000,15.607368,2.598421,0.000000
20260817:0710,85.052632,134.263158,0.000000,22.580000,16.983158,3.048421,0.000000
20260817:0810,156.736842,173.052632,0.000000,32.290000,18.406316,3.481579,0.000000
20260817:0910,233.317895,203.842105,0.000000,41.290000,19.710526,3.738421,0.000000
20260817:1010,219.897368,219.631579,0.000000,48.810000,20.920526,3.913158,0.000000
20260817:1110,307.688421,254.947368,0.000000,53.690000,21.955789,4.028421,0.000000
20260817:1210,321.741053,248.421053,0.000000,54.700000,22.711579,4.046316,0.000000
20260817:1310,264.951053,253.000000,0.000000,51.520000,23.126316,3.982105,0.000000
20260817:1410,248.424211,230.105263,0.000000,45.070000,23.401053,3.953158,0.000000
20260817:1510,206.473684,199.000000,0.000000,36.650000,23.537895,3.931579,0.000000
20260817:1610,136.000000,154.105263,0.000000,27.200000,23.426842,3.927368,0.000000
20260817:1710,67.526316,97.105263,0.000000,17.330000,22.965263,3.698947,0.000000
20260817:1810,21.578947,41.894737,0.000000,7.500000,22.150526,3.117368,0.000000
20260817:1910,0.000000,0.000000,0.000000,0.000000,20.881579,2.827368,0.000000
20260817:2010,0.000000,0.000000,0.000000,0.000000,19.890000,2.809474,0.000000
20260817:2110,0.000000,0.000000,0.000000,0.000000,19.059474,2.784211,0.000000
20260817:2210,0.000000,0.000000,0.000000,0.000000,18.354211,2.704737,0.000000
20260817:2310,0.000000,0.000000,0.000000,0.000000,17.820000,2.609474,0.000000
20260818:0010,0.000000,0.000000,0.000000,0.000000,17.284737,2.591053,0.000000
20260818:0110,0.000000,0.000000,0.000000,0.000000,16.814211,2.591053,0.000000
20260818:0210,0.000000,0.000000,0.000000,0.000000,16.462632,2.620526,0.000000
20260818:0310,0.000000,0.000000,0.000000,0.000000,16.150526,2.642632,0.000000
20260818:0410,0.000000,0.000000,0.000000,0.000000,15.966842,2.646316,0.000000
20260818:0510,1.894737,10.120526,0.000000,2.633684,15.713684,2.643684,0.000000
20260818:0610,45.052632,65.894737,0.000000,12.480000,16.085789,2.399474,0.000000
20260818:0710,94.105263,123.789474,0.000000,22.380000,17.708421,2.740000,0.000000
20260818:0810,199.000000,149.157895,0.000000,30.391579,18.988947,3.071579,0.000000
20260818:0910,222.844211,185.526316,0.000000,38.898947,20.367368,3.288947,0.000000
20260818:1010,263.688421,209.105263,0.000000,45.994737,21.622632,3.371579,0.000000
20260818:1110,297.530526,193.421053,0.000000,50.580000,22.536842,3.477895,0.000000
20260818:1210,245.897895,261.789474,0.000000,54.380000,23.178947,3.488947,0.000000
20260818:1310,269.740526,256.000000,0.000000,51.200000,23.772105,3.542632,0.000000
20260818:1410,180.581053,243.368421,0.000000,44.770000,24.160526,3.560000,0.000000
20260818:1510,184.736842,221.684211,0.000000,36.360000,24.291053,3.492632,0.000000
20260818:1610,135.842105,173.578947,0.000000,26.920000,24.164737,3.477895,0.000000
20260818:1710,72.842105,108.421053,0.000000,17.060000,23.711579,3.147368,0.000000
20260818:1810,16.263158,41.631579,0.000000,7.220000,22.958421,2.596316,0.000000
20260818:1910,0.000000,0.000000,0.000000,0.000000,21.700000,2.548421,0.000000
20260818:2010,0.000000,0.000000,0.000000,0.000000,20.650526,2.558947,0.000000
20260818:2110,0.000000,0.000000,0.000000,0.000000,19.785789,2.500000,0.000000
20260818:2210,0.000000,0.000000,0.000000,0.000000,19.000000,2.406316,0.000000
20260818:2310,0.000000,0.000000,0.000000,0.000000,18.314737,2.337368,0.000000
20260819:0010,0.000000,0.000000,0.000000,0.000000,17.634737,2.293684,0.000000
20260819:0110,0.000000,0.000000,0.000000,0.000000,17.038947,2.246316,0.000000
20260819:0210,0.000000,0.000000,0.000000,0.000000,16.502105,2.235789,0.000000
20260819:0310,0.000000,0.000000,0.000000,0.000000,16.136316,2.264737,0.000000
20260819:0410,0.000000,0.000000,0.000000,0.000000,15.790000,2.278947,0.000000
20260819:0510,1.421053,8.287368,0.000000,2.434737,15.523158,2.291053,0.000000
20260819:0610,35.684211,64.578947,0.000000,12.280000,15.949474,2.118947,0.000000
20260819:0710,114.684211,127.157895,0.000000,22.180000,17.486842,2.486316,0.000000
20260819:0810,202.315789,157.684211,0.000000,31.870000,18.924211,2.884737,0.000000
20260819:0910,210.108421,203.631579,0.000000,40.830000,20.269474,3.157895,0.000000
20260819:1010,294.162105,234.368421,0.000000,48.280000,21.356842,3.390000,0.000000
20260819:1110,301.003158,262.105263,0.000000,53.090000,22.159474,3.601579,0.000000
20260819:1210,229.054737,287.631579,0.000000,54.050000,22.703684,3.811579,0.000000
20260819:1310,302.898421,247.315789,0.000000,50.870000,23.298421,3.967895,0.000000
20260819:1410,255.056316,209.578947,0.000000,44.470000,23.631053,4.137368,0.000000
20260819:1510,223.736842,190.315789,0.000000,36.070000,23.445789,3.991579,0.000000
20260819:1610,160.947368,152.631579,0.000000,26.640000,23.210000,3.723158,0.000000
20260819:1710,67.368421,90.736842,0.000000,16.790000,22.771053,3.256842,0.000000
20260819:1810,18.052632,37.052632,0.000000,6.940000,21.990526,2.729474,0.000000
20260819:1910,0.000000,0.000000,0.000000,0.000000,20.800526,2.664737,0.000000
20260819:2010,0.000000,0.000000,0.000000,0.000000,19.722105,2.589474,0.000000
20260819:2110,0.000000,0.000000,0.000000,0.000000,18.897895,2.533158,0.000000
20260819:2210,0.000000,0.000000,0.000000,0.000000,18.202105,2.486316,0.000000
20260819:2310,0.000000,0.000000,0.000000,0.000000,17.532632,2.453684,0.000000
20260820:0010,0.000000,0.000000,0.000000,0.000000,16.940000,2.417368,0.000000
20260820:0110,0.000000,0.000000,0.000000,0.000000,16.506316,2.302105,0.000000
20260820:0210,0.000000,0.000000,0.000000,0.000000,15.986842,2.270000,0.000000
20260820:0310,0.000000,0.000000,0.000000,0.000000,15.474211,2.239474,0.000000
20260820:0410,0.000000,0.000000,0.000000,0.000000,15.175263,2.193684,0.000000
20260820:0510,1.157895,7.606842,0.000000,2.235789,14.933158,2.161053,0.000000
20260820:0610,53.315789,71.578947,0.000000,12.080000,15.421053,1.960526,0.000000
20260820:0710,129.736842,121.526316,0.000000,21.980000,17.014737,2.163158,0.000000
20260820:0810,226.315789,157.842105,0.000000,31.650000,18.464211,2.341579,0.000000
20260820:0910,319.794211,192.052632,0.000000,40.590000,19.857368,2.490526,0.000000
20260820:1010,328.530526,224.473684,0.000000,48.010000,21.144211,2.791053,0.000000
20260820:1110,369.898947,245.789474,0.000000,52.780000,22.282105,3.070000,0.000000
20260820:1210,338.425263,267.157895,0.000000,53.720000,23.010526,3.184211,0.000000
20260820:1310,263.055789,262.210526,0.000000,50.550000,23.620526,3.213158,0.000000
20260820:1410,291.055263,233.947368,0.000000,44.160000,23.898421,3.171579,0.000000
20260820:1510,215.105263,192.894737,0.000000,35.780000,23.903158,3.107368,0.000000
20260820:1610,185.000000,155.947368,0.000000,26.360000,23.670000,2.940000,0.000000
20260820:1710,80.789474,104.052632,0.000000,16.510000,23.262632,2.591579,0.000000
20260820:1810,17.578947,41.473684,0.000000,6.660000,22.515263,2.347895,0.000000
20260820:1910,0.000000,0.000000,0.000000,0.000000,21.168947,2.424737,0.000000
20260820:2010,0.000000,0.000000,0.000000,0.000000,20.144211,2.480000,0.000000
20260820:2110,0.000000,0.000000,0.000000,0.000000,19.209474,2.519474,0.000000
20260820:2210,0.000000,0.000000,0.000000,0.000000,18.537368,2.428947,0.000000
20260820:2310,0.000000,0.000000,0.000000,0.000000,17.872632,2.309474,0.000000
20260821:0010,0.000000,0.000000,0.000000,0.000000,17.243684,2.446842,0.000000
20260821:0110,0.000000,0.000000,0.000000,0.000000,16.713684,2.518421,0.000000
20260821:0210,0.000000,0.000000,0.000000,0.000000,16.254737,2.505789,0.000000
20260821:0310,0.000000,0.000000,0.000000,0.000000,15.850000,2.478421,0.000000
20260821:0410,0.000000,0.000000,0.000000,0.000000,15.482632,2.342632,0.000000
20260821:0510,0.000000,6.631579,0.000000,2.036842,15.183158,2.322632,0.000000
20260821:0610,54.526316,70.842105,0.000000,11.880000,15.547895,2.185263,0.000000
20260821:0710,156.368421,119.947368,0.000000,21.780000,17.304737,2.551053,0.000000
20260821:0810,240.105263,163.473684,0.000000,31.440000,18.840000,2.733684,0.000000
20260821:0910,276.003158,205.157895,0.000000,38.226316,20.371053,2.855263,0.000000
20260821:1010,361.530526,252.000000,0.000000,47.740000,21.575263,2.917895,0.000000
20260821:1110,276.740000,295.421053,0.000000,52.470000,22.594737,2.983158,0.000000
20260821:1210,353.321053,253.052632,0.000000,53.390000,23.387368,3.107895,0.000000
20260821:1310,332.373158,232.473684,0.000000,50.220000,23.963158,3.227368,0.000000
20260821:1410,263.634211,225.421053,0.000000,43.840000,24.343158,3.307895,0.000000
20260821:1510,194.157895,176.473684,0.000000,35.480000,24.453684,3.340000,0.000000
20260821:1610,141.000000,152.842105,0.000000,26.070000,24.340000,3.316842,0.000000
20260821:1710,80.473684,99.736842,0.000000,16.220000,23.933158,3.058947,0.000000
20260821:1810,15.894737,39.157895,0.000000,6.370000,23.042105,2.605263,0.000000
20260821:1910,0.000000,0.000000,0.000000,0.000000,21.464211,2.566842,0.000000
20260821:2010,0.000000,0.000000,0.000000,0.000000,20.187895,2.725789,0.000000
20260821:2110,0.000000,0.000000,0.000000,0.000000,19.200526,2.805263,0.000000
20260821:2210,0.000000,0.000000,0.000000,0.000000,18.472105,2.733158,0.000000
20260821:2310,0.000000,0.000000,0.000000,0.000000,17.783684,2.591579,0.000000
20260822:0010,0.000000,0.000000,0.000000,0.000000,17.240526,2.437895,0.000000
20260822:0110,0.000000,0.000000,0.000000,0.000000,16.713158,2.351053,0.000000
20260822:0210,0.000000,0.000000,0.000000,0.000000,16.245789,2.387895,0.000000
20260822:0310,0.000000,0.000000,0.000000,0.000000,15.924737,2.333158,0.000000
20260822:0410,0.000000,0.000000,0.000000,0.000000,15.567368,2.304211,0.000000
20260822:0510,0.000000,4.894737,0.000000,1.828421,15.214211,2.232105,0.000000
20260822:0610,39.421053,61.421053,0.000000,11.670000,15.519474,2.033158,0.000000
20260822:0710,117.947368,111.631579,0.000000,21.570000,17.242105,2.336842,0.000000
20260822:0810,209.842105,159.684211,0.000000,31.230000,18.816842,2.519474,0.000000
20260822:0910,320.373158,181.000000,0.000000,40.120000,20.452105,2.751053,0.000000
20260822:1010,366.689474,214.789474,0.000000,47.460000,21.816842,2.983158,0.000000
20260822:1110,417.374737,225.000000,0.000000,52.150000,22.828947,3.103684,0.000000
20260822:1210,395.741579,235.473684,0.000000,53.050000,23.613684,3.252632,0.000000
20260822:1310,414.480000,203.526316,0.000000,49.880000,24.248421,3.365263,0.000000
20260822:1410,322.531579,199.578947,0.000000,43.520000,24.627368,3.401579,0.000000
20260822:1510,235.157895,183.157895,0.000000,35.180000,24.719474,3.426316,0.000000
20260822:1610,170.263158,140.894737,0.000000,25.780000,24.445263,3.390526,0.000000
20260822:1710,69.894737,95.368421,0.000000,15.930000,23.964737,3.211053,0.000000
20260822:1810,17.000000,35.368421,0.000000,6.080000,23.008947,2.856316,0.000000
20260822:1910,0.000000,0.000000,0.000000,0.000000,21.623158,2.664211,0.000000
20260822:2010,0.000000,0.000000,0.000000,0.000000,20.565263,2.714737,0.000000
20260822:2110,0.000000,0.000000,0.000000,0.000000,19.687368,2.757368,0.000000
20260822:2210,0.000000,0.000000,0.000000,0.000000,18.934737,2.706316,0.000000
20260822:2310,0.000000,0.000000,0.000000,0.000000,18.280526,2.668421,0.000000
20260823:0010,0.000000,0.000000,0.000000,0.000000,17.763684,2.610526,0.000000
20260823:0110,0.000000,0.000000,0.000000,0.000000,17.342632,2.576842,0.000000
20260823:0210,0.000000,0.000000,0.000000,0.000000,16.963684,2.517895,0.000000
20260823:0310,0.000000,0.000000,0.000000,0.000000,16.604211,2.490000,0.000000
20260823:0410,0.000000,0.000000,0.000000,0.000000,16.257368,2.431579,0.000000
20260823:0510,0.000000,4.052632,0.000000,1.629474,15.893158,2.498947,0.000000
20260823:0610,37.263158,67.789474,0.000000,11.470000,16.172632,2.327895,0.000000
20260823:0710,97.842105,118.473684,0.000000,21.370000,17.537895,2.558947,0.000000
20260823:0810,171.210526,162.842105,0.000000,31.010000,19.105789,2.950526,0.000000
20260823:0910,290.320526,193.947368,0.000000,39.870000,20.411053,3.063684,0.000000
20260823:1010,300.425789,218.052632,0.000000,47.190000,21.577368,3.162105,0.000000
20260823:1110,329.425789,253.473684,0.000000,51.840000,22.535263,3.330526,0.000000
20260823:1210,255.738947,286.000000,0.000000,52.710000,23.383158,3.422632,0.000000
20260823:1310,300.214737,246.315789,0.000000,49.540000,24.003684,3.499474,0.000000
20260823:1410,219.634737,233.736842,0.000000,43.200000,24.312105,3.535263,0.000000
20260823:1510,184.368421,194.947368,0.000000,34.870000,24.254737,3.444211,0.000000
20260823:1610,142.631579,141.000000,0.000000,25.480000,24.111053,3.314211,0.000000
20260823:1710,53.526316,97.105263,0.000000,15.640000,23.671053,2.903684,0.000000
20260823:1810,15.263158,34.473684,0.000000,5.780000,22.885263,2.493684,0.000000
20260823:1910,0.000000,0.000000,0.000000,0.000000,21.387368,2.581579,0.000000
20260823:2010,0.000000,0.000000,0.000000,0.000000,20.325789,2.530526,0.000000
20260823:2110,0.000000,0.000000,0.000000,0.000000,19.515263,2.417895,0.000000
20260823:2210,0.000000,0.000000,0.000000,0.000000,18.748421,2.366842,0.000000
20260823:2310,0.000000,0.000000,0.000000,0.000000,18.007368,2.410000,0.000000
20260824:0010,0.000000,0.000000,0.000000,0.000000,17.402105,2.486316,0.000000
20260824:0110,0.000000,0.000000,0.000000,0.000000,16.867895,2.472632,0.000000
20260824:0210,0.000000,0.000000,0.000000,0.000000,16.333684,2.416842,0.000000
20260824:0310,0.000000,0.000000,0.000000,0.000000,15.903684,2.369474,0.000000
20260824:0410,0.000000,0.000000,0.000000,0.000000,15.591579,2.312105,0.000000
20260824:0510,0.000000,2.157895,0.000000,1.112632,15.216316,2.395789,0.000000
20260824:0610,45.000000,63.052632,0.000000,11.260000,15.427368,2.257895,0.000000
20260824:0710,113.157895,123.368421,0.000000,21.160000,16.951053,2.454211,0.000000
20260824:0810,220.473684,165.368421,0.000000,30.790000,18.583158,2.762632,0.000000
20260824:0910,242.002105,232.736842,0.000000,39.630000,20.094211,3.194211,0.000000
20260824:1010,245.528947,258.947368,0.000000,46.910000,21.412632,3.474211,0.000000
20260824:1110,266.372632,248.947368,0.000000,51.520000,22.483158,3.605263,0.000000
20260824:1210,301.688421,265.526316,0.000000,52.370000,23.204211,3.902632,0.000000
20260824:1310,244.687368,249.578947,0.000000,49.200000,23.395789,3.887368,0.000000
20260824:1410,208.634211,223.000000,0.000000,42.870000,23.621053,3.828947,0.000000
20260824:1510,149.421053,201.000000,0.000000,34.560000,23.574737,4.031579,0.000000
20260824:1610,119.842105,140.578947,0.000000,25.180000,23.286316,3.767895,0.000000
20260824:1710,50.631579,88.789474,0.000000,15.340000,22.752105,3.418947,0.000000
20260824:1810,11.157895,29.080000,0.000000,5.490000,21.772632,2.977368,0.000000
20260824:1910,0.000000,0.000000,0.000000,0.000000,20.368947,2.933684,0.000000
20260824:2010,0.000000,0.000000,0.000000,0.000000,19.472105,2.872632,0.000000
20260824:2110,0.000000,0.000000,0.000000,0.000000,18.759474,2.839474,0.000000
20260824:2210,0.000000,0.000000,0.000000,0.000000,18.131579,2.875263,0.000000
20260824:2310,0.000000,0.000000,0.000000,0.000000,17.476842,2.943684,0.000000
20260825:0010,0.000000,0.000000,0.000000,0.000000,16.857368,2.951579,0.000000
20260825:0110,0.000000,0.000000,0.000000,0.000000,16.406842,2.907368,0.000000
20260825:0210,0.000000,0.000000,0.000000,0.000000,15.965263,2.799474,0.000000
20260825:0310,0.000000,0.000000,0.000000,0.000000,15.696316,2.689474,0.000000
20260825:0410,0.000000,0.000000,0.000000,0.000000,15.446316,2.619474,0.000000
20260825:0510,0.000000,0.000000,0.000000,0.000000,15.109474,2.624737,0.000000
20260825:0610,27.842105,56.736842,0.000000,11.060000,15.291579,2.570000,0.000000
20260825:0710,99.263158,114.578947,0.000000,20.950000,16.544737,2.632105,0.000000
20260825:0810,181.894737,145.368421,0.000000,30.570000,17.784211,2.798421,0.000000
20260825:0910,258.951579,176.473684,0.000000,39.390000,19.111053,3.004737,0.000000
20260825:1010,248.161053,217.842105,0.000000,46.620000,20.417895,3.422632,0.000000
20260825:1110,274.846316,230.789474,0.000000,51.200000,21.509474,3.554737,0.000000
20260825:1210,307.793158,242.473684,0.000000,52.020000,22.353684,3.571053,0.000000
20260825:1310,251.161053,249.000000,0.000000,48.850000,22.955263,3.724211,0.000000
20260825:1410,227.686842,214.052632,0.000000,42.540000,23.238421,3.880000,0.000000
20260825:1510,188.842105,185.842105,0.000000,34.250000,23.216316,3.894211,0.000000
20260825:1610,137.210526,123.526316,0.000000,24.880000,22.922632,3.710000,0.000000
20260825:1710,64.789474,87.105263,0.000000,15.040000,22.471053,3.426842,0.000000
20260825:1810,12.526316,25.636316,0.000000,5.180000,21.693158,3.061053,0.000000
20260825:1910,0.000000,0.000000,0.000000,0.000000,20.647368,2.943684,0.000000
20260825:2010,0.000000,0.000000,0.000000,0.000000,19.729474,2.969474,0.000000
20260825:2110,0.000000,0.000000,0.000000,0.000000,18.827368,2.995263,0.000000
20260825:2210,0.000000,0.000000,0.000000,0.000000,17.998421,2.966842,0.000000
20260825:2310,0.000000,0.000000,0.000000,0.000000,17.447368,2.920000,0.000000
20260826:0010,0.000000,0.000000,0.000000,0.000000,17.035789,2.866842,0.000000
20260826:0110,0.000000,0.000000,0.000000,0.000000,16.653684,2.864211,0.000000
20260826:0210,0.000000,0.000000,0.000000,0.000000,16.092632,2.867368,0.000000
20260826:0310,0.000000,0.000000,0.000000,0.000000,15.653158,2.787895,0.000000
20260826:0410,0.000000,0.000000,0.000000,0.000000,15.374737,2.718421,0.000000
20260826:0510,0.000000,0.000000,0.000000,0.000000,15.042105,2.718947,0.000000
20260826:0610,42.263158,63.947368,0.000000,10.850000,15.431053,2.555789,0.000000
20260826:0710,101.052632,123.368421,0.000000,20.740000,16.637895,2.962632,0.000000
20260826:0810,138.105263,175.947368,0.000000,30.350000,18.004737,3.295263,0.000000
20260826:0910,224.793158,213.684211,0.000000,39.140000,19.386842,3.520000,0.000000
20260826:1010,259.318947,249.421053,0.000000,46.340000,20.785789,3.607895,0.000000
20260826:1110,314.531053,270.263158,0.000000,50.870000,21.998947,3.725263,0.000000
20260826:1210,281.530526,272.894737,0.000000,51.670000,22.892632,3.778421,0.000000
20260826:1310,294.793158,259.842105,0.000000,48.500000,23.382105,3.724211,0.000000
20260826:1410,241.897368,232.263158,0.000000,42.210000,23.667368,3.684737,0.000000
20260826:1510,202.421053,169.157895,0.000000,33.930000,23.810526,3.637368,0.000000
20260826:1610,119.736842,132.578947,0.000000,24.570000,23.566842,3.560526,0.000000
20260826:1710,62.421053,92.578947,0.000000,14.740000,23.097368,3.077895,0.000000
20260826:1810,12.000000,27.053158,0.000000,4.880000,22.183684,2.726316,0.000000
20260826:1910,0.000000,0.000000,0.000000,0.000000,20.757895,2.730526,0.000000
20260826:2010,0.000000,0.000000,0.000000,0.000000,19.754211,2.763158,0.000000
20260826:2110,0.000000,0.000000,0.000000,0.000000,18.884211,2.786842,0.000000
20260826:2210,0.000000,0.000000,0.000000,0.000000,18.224211,2.717368,0.000000
20260826:2310,0.000000,0.000000,0.000000,0.000000,17.622632,2.634211,0.000000
20260827:0010,0.000000,0.000000,0.000000,0.000000,17.083158,2.613684,0.000000
20260827:0110,0.000000,0.000000,0.000000,0.000000,16.621579,2.485789,0.000000
20260827:0210,0.000000,0.000000,0.000000,0.000000,16.305789,2.445789,0.000000
20260827:0310,0.000000,0.000000,0.000000,0.000000,16.014737,2.456316,0.000000
20260827:0410,0.000000,0.000000,0.000000,0.000000,15.768421,2.377368,0.000000
20260827:0510,0.000000,0.000000,0.000000,0.000000,15.563158,2.373158,0.000000
20260827:0610,21.315789,62.578947,0.000000,10.640000,15.721579,2.257895,0.000000
20260827:0710,64.736842,115.684211,0.000000,20.530000,16.707368,2.678947,0.000000
20260827:0810,117.000000,183.631579,0.000000,30.120000,17.956316,2.914737,0.000000
20260827:0910,212.686316,214.368421,0.000000,38.890000,19.365789,3.063158,0.000000
20260827:1010,217.897368,266.263158,0.000000,46.050000,20.707368,3.184211,0.000000
20260827:1110,316.583684,264.368421,0.000000,50.540000,21.642632,3.338421,0.000000
20260827:1210,334.899474,240.263158,0.000000,51.320000,22.433684,3.391053,0.000000
20260827:1310,343.373684,244.263158,0.000000,48.150000,22.891053,3.383158,0.000000
20260827:1410,220.582105,211.421053,0.000000,41.870000,23.092105,3.488421,0.000000
20260827:1510,228.894737,169.789474,0.000000,33.610000,22.983158,3.481579,0.000000
20260827:1610,158.578947,137.421053,0.000000,24.260000,22.788947,3.335263,0.000000
20260827:1710,63.789474,91.157895,0.000000,14.430000,22.322632,3.074211,0.000000
20260827:1810,8.263158,22.968947,0.000000,4.329474,21.376842,2.714737,0.000000
20260827:1910,0.000000,0.000000,0.000000,0.000000,19.882105,2.809474,0.000000
20260827:2010,0.000000,0.000000,0.000000,0.000000,18.926842,2.773158,0.000000
20260827:2110,0.000000,0.000000,0.000000,0.000000,18.118421,2.714737,0.000000
20260827:2210,0.000000,0.000000,0.000000,0.000000,17.432632,2.648947,0.000000
20260827:2310,0.000000,0.000000,0.000000,0.000000,16.842105,2.530000,0.000000
20260828:0010,0.000000,0.000000,0.000000,0.000000,16.353158,2.464211,0.000000
20260828:0110,0.000000,0.000000,0.000000,0.000000,15.888421,2.413158,0.000000
20260828:0210,0.000000,0.000000,0.000000,0.000000,15.542105,2.432105,0.000000
20260828:0310,0.000000,0.000000,0.000000,0.000000,15.221053,2.471053,0.000000
20260828:0410,0.000000,0.000000,0.000000,0.000000,14.940526,2.461053,0.000000
20260828:0510,0.000000,0.000000,0.000000,0.000000,14.684737,2.417895,0.000000
20260828:0610,28.473684,59.684211,0.000000,10.430000,14.865263,2.246842,0.000000
20260828:0710,75.315789,125.894737,0.000000,20.320000,16.118947,2.616316,0.000000
20260828:0810,172.526316,173.842105,0.000000,29.900000,17.554211,3.012632,0.000000
20260828:0910,226.055263,209.421053,0.000000,38.640000,18.911053,3.155263,0.000000
20260828:1010,262.320000,239.947368,0.000000,45.760000,20.160526,3.335789,0.000000
20260828:1110,349.636842,245.789474,0.000000,50.210000,21.066842,3.463158,0.000000
20260828:1210,290.530526,283.842105,0.000000,50.960000,21.826316,3.503158,0.000000
20260828:1310,313.004737,263.210526,0.000000,47.800000,22.294211,3.557895,0.000000
20260828:1410,247.792105,249.157895,0.000000,41.530000,22.610526,3.698421,0.000000
20260828:1510,239.105789,201.526316,0.000000,33.280000,22.609474,3.754737,0.000000
20260828:1610,196.210526,125.736842,0.000000,23.950000,22.393158,3.738947,0.000000
20260828:1710,74.105263,88.947368,0.000000,14.120000,21.835263,3.490526,0.000000
20260828:1810,9.736842,22.461053,0.000000,4.250000,20.931053,2.900000,0.000000
20260828:1910,0.000000,0.000000,0.000000,0.000000,19.713684,2.841579,0.000000
20260828:2010,0.000000,0.000000,0.000000,0.000000,18.773158,2.819474,0.000000
20260828:2110,0.000000,0.000000,0.000000,0.000000,17.960526,2.805789,0.000000
20260828:2210,0.000000,0.000000,0.000000,0.000000,17.275263,2.708947,0.000000
20260828:2310,0.000000,0.000000,0.000000,0.000000,16.756842,2.628421,0.000000
20260829:0010,0.000000,0.000000,0.000000,0.000000,16.103158,2.591579,0.000000
20260829:0110,0.000000,0.000000,0.000000,0.000000,15.610000,2.554737,0.000000
20260829:0210,0.000000,0.000000,0.000000,0.000000,15.216316,2.551579,0.000000
20260829:0310,0.000000,0.000000,0.000000,0.000000,14.884737,2.517895,0.000000
20260829:0410,0.000000,0.000000,0.000000,0.000000,14.533158,2.497895,0.000000
20260829:0510,0.000000,0.000000,0.000000,0.000000,14.288421,2.420526,0.000000
20260829:0610,31.315789,61.052632,0.000000,10.220000,14.426316,2.253158,0.000000
20260829:0710,111.263158,117.842105,0.000000,20.100000,15.835789,2.563158,0.000000
20260829:0810,218.052632,151.526316,0.000000,29.670000,17.302105,2.739474,0.000000
20260829:0910,244.529474,208.210526,0.000000,38.380000,18.738421,2.896842,0.000000
20260829:1010,246.476842,240.789474,0.000000,45.470000,19.953684,3.107368,0.000000
20260829:1110,254.951053,253.736842,0.000000,49.880000,20.841579,3.249474,0.000000
20260829:1210,281.898421,266.947368,0.000000,50.600000,21.523684,3.476316,0.000000
20260829:1310,312.478947,240.368421,0.000000,47.440000,22.015789,3.492105,0.000000
20260829:1410,270.740526,216.842105,0.000000,41.190000,22.455263,3.549474,0.000000
20260829:1510,202.316842,186.473684,0.000000,32.960000,22.477368,3.589474,0.000000
20260829:1610,141.263158,133.473684,0.000000,23.630000,22.297895,3.607895,0.000000
20260829:1710,76.105263,85.578947,0.000000,13.810000,21.807368,3.382632,0.000000
20260829:1810,7.684211,19.331579,0.000000,3.940000,20.876842,3.024211,0.000000
20260829:1910,0.000000,0.000000,0.000000,0.000000,19.394737,2.994211,0.000000
20260829:2010,0.000000,0.000000,0.000000,0.000000,18.485263,3.038947,0.000000
20260829:2110,0.000000,0.000000,0.000000,0.000000,17.606842,2.987368,0.000000
20260829:2210,0.000000,0.000000,0.000000,0.000000,16.897368,2.817368,0.000000
20260829:2310,0.000000,0.000000,0.000000,0.000000,16.202632,2.703684,0.000000
20260830:0010,0.000000,0.000000,0.000000,0.000000,15.578947,2.620000,0.000000
20260830:0110,0.000000,0.000000,0.000000,0.000000,15.076316,2.595789,0.000000
20260830:0210,0.000000,0.000000,0.000000,0.000000,14.658947,2.584737,0.000000
20260830:0310,0.000000,0.000000,0.000000,0.000000,14.276316,2.581053,0.000000
20260830:0410,0.000000,0.000000,0.000000,0.000000,14.007895,2.558421,0.000000
20260830:0510,0.000000,0.000000,0.000000,0.000000,13.781579,2.530526,0.000000
20260830:0610,38.736842,54.473684,0.000000,10.010000,13.947368,2.312105,0.000000
20260830:0710,131.684211,106.315789,0.000000,19.890000,15.228947,2.501579,0.000000
20260830:0810,215.105263,152.789474,0.000000,29.440000,16.892632,2.790526,0.000000
20260830:0910,287.742105,187.263158,0.000000,38.130000,18.432105,2.910526,0.000000
20260830:1010,336.636842,218.105263,0.000000,45.180000,19.791053,2.958947,0.000000
20260830:1110,347.426316,235.000000,0.000000,49.540000,20.982105,2.979474,0.000000
20260830:1210,286.214737,266.684211,0.000000,50.240000,21.779474,3.056842,0.000000
20260830:1310,321.056842,255.315789,0.000000,47.070000,22.306842,3.052105,0.000000
20260830:1410,303.267368,222.947368,0.000000,40.840000,22.623684,3.100000,0.000000
20260830:1510,258.474211,169.052632,0.000000,32.620000,22.592105,3.031053,0.000000
20260830:1610,154.315789,123.842105,0.000000,23.310000,22.405789,2.950526,0.000000
20260830:1710,71.368421,76.368421,0.000000,13.490000,21.922105,2.704211,0.000000
20260830:1810,7.315789,16.970526,0.000000,3.620000,20.941579,2.480526,0.000000
20260830:1910,0.000000,0.000000,0.000000,0.000000,19.502105,2.674737,0.000000
20260830:2010,0.000000,0.000000,0.000000,0.000000,18.417368,2.700000,0.000000
20260830:2110,0.000000,0.000000,0.000000,0.000000,17.519474,2.663158,0.000000
20260830:2210,0.000000,0.000000,0.000000,0.000000,16.804211,2.612105,0.000000
20260830:2310,0.000000,0.000000,0.000000,0.000000,16.250000,2.585263,0.000000
20260831:0010,0.000000,0.000000,0.000000,0.000000,15.688421,2.486316,0.000000
20260831:0110,0.000000,0.000000,0.000000,0.000000,15.248421,2.405263,0.000000
20260831:0210,0.000000,0.000000,0.000000,0.000000,14.867895,2.355263,0.000000
20260831:0310,0.000000,0.000000,0.000000,0.000000,14.553158,2.314211,0.000000
20260831:0410,0.000000,0.000000,0.000000,0.000000,14.301579,2.282105,0.000000
20260831:0510,0.000000,0.000000,0.000000,0.000000,14.071579,2.310526,0.000000
20260831:0610,38.842105,55.894737,0.000000,9.790000,14.336316,2.280000,0.000000
20260831:0710,122.421053,111.631579,0.000000,19.670000,16.006316,2.555263,0.000000
20260831:0810,222.105263,149.000000,0.000000,29.210000,17.766316,2.968947,0.000000
20260831:0910,310.847368,191.000000,0.000000,37.870000,19.303158,3.122632,0.000000
20260831:1010,340.900526,212.578947,0.000000,44.880000,20.515263,3.327895,0.000000
20260831:1110,306.110526,235.684211,0.000000,49.200000,21.386316,3.492105,0.000000
20260831:1210,385.690000,249.210526,0.000000,49.880000,21.997368,3.600526,0.000000
20260831:1310,360.795789,231.789474,0.000000,46.710000,22.493158,3.664737,0.000000
20260831:1410,289.583158,217.421053,0.000000,40.490000,22.920000,3.774211,0.000000
20260831:1510,216.580000,176.157895,0.000000,32.290000,22.908421,3.745789,0.000000
20260831:1610,154.315789,133.368421,0.000000,22.980000,22.656842,3.705789,0.000000
20260831:1710,62.684211,78.578947,0.000000,13.170000,22.168421,3.362105,0.000000
20260831:1810,6.000000,15.721579,0.000000,3.300000,21.122632,3.023684,0.000000
20260831:1910,0.000000,0.000000,0.000000,0.000000,19.706842,3.162105,0.000000
20260831:2010,0.000000,0.000000,0.000000,0.000000,18.653684,3.150526,0.000000
20260831:2110,0.000000,0.000000,0.000000,0.000000,17.823684,3.012632,0.000000
20260831:2210,0.000000,0.000000,0.000000,0.000000,17.157895,2.892632,0.000000
20260831:2310,0.000000,0.000000,0.000000,0.000000,16.561579,2.870526,0.000000
20260901:0010,0.000000,0.000000,0.000000,0.000000,16.049474,2.879474,0.000000
20260901:0110,0.000000,0.000000,0.000000,0.000000,15.554737,2.830526,0.000000
20260901:0210,0.000000,0.000000,0.000000,0.000000,15.072105,2.795263,0.000000
20260901:0310,0.000000,0.000000,0.000000,0.000000,14.566842,2.689474,0.000000
20260901:0410,0.000000,0.000000,0.000000,0.000000,14.103684,2.566316,0.000000
20260901:0510,0.000000,0.000000,0.000000,0.000000,13.689474,2.485263,0.000000
20260901:0610,26.684211,49.421053,0.000000,9.580000,13.705789,2.363158,0.000000
20260901:0710,108.473684,101.157895,0.000000,19.460000,15.262632,2.518947,0.000000
20260901:0810,204.315789,125.263158,0.000000,28.980000,16.776842,2.743684,0.000000
20260901:0910,311.584737,185.578947,0.000000,37.610000,18.260526,2.882632,0.000000
20260901:1010,357.953158,207.526316,0.000000,44.580000,19.545263,2.972632,0.000000
20260901:1110,367.321053,236.315789,0.000000,48.860000,20.593684,3.060526,0.000000
20260901:1210,309.267895,221.368421,0.000000,49.510000,21.384211,3.121579,0.000000
20260901:1310,275.793684,251.157895,0.000000,46.340000,21.930000,3.106316,0.000000
20260901:1410,228.108421,221.000000,0.000000,40.130000,22.202632,3.138947,0.000000
20260901:1510,217.948947,195.947368,0.000000,31.950000,22.164211,3.182105,0.000000
20260901:1610,135.000000,136.263158,0.000000,22.650000,22.002105,3.175263,0.000000
20260901:1710,58.894737,77.631579,0.000000,12.850000,21.511053,2.943684,0.000000
20260901:1810,0.000000,15.052632,0.000000,2.970000,20.533158,2.465263,0.000000
20260901:1910,0.000000,0.000000,0.000000,0.000000,19.313684,2.400000,0.000000
20260901:2010,0.000000,0.000000,0.000000,0.000000,18.218947,2.407895,0.000000
20260901:2110,0.000000,0.000000,0.000000,0.000000,17.275789,2.425789,0.000000
20260901:2210,0.000000,0.000000,0.000000,0.000000,16.514737,2.381579,0.000000
20260901:2310,0.000000,0.000000,0.000000,0.000000,15.843684,2.359474,0.000000
20260902:0010,0.000000,0.000000,0.000000,0.000000,15.314737,2.307368,0.000000
20260902:0110,0.000000,0.000000,0.000000,0.000000,14.795263,2.264737,0.000000
20260902:0210,0.000000,0.000000,0.000000,0.000000,14.367895,2.188421,0.000000
20260902:0310,0.000000,0.000000,0.000000,0.000000,14.093158,2.090000,0.000000
20260902:0410,0.000000,0.000000,0.000000,0.000000,13.746842,1.992632,0.000000
20260902:0510,0.000000,0.000000,0.000000,0.000000,13.441053,2.025263,0.000000
20260902:0610,40.578947,50.105263,0.000000,9.370000,13.498421,1.967368,0.000000
20260902:0710,123.105263,99.157895,0.000000,19.240000,15.135263,1.988947,0.000000
20260902:0810,228.000000,138.684211,0.000000,28.740000,16.950526,2.393684,0.000000
20260902:0910,307.847368,178.105263,0.000000,37.340000,18.626316,2.595263,0.000000
20260902:1010,337.320526,225.578947,0.000000,44.280000,20.101579,2.754211,0.000000
20260902:1110,409.954211,213.842105,0.000000,48.520000,21.275263,2.986842,0.000000
20260902:1210,385.532632,224.947368,0.000000,49.140000,22.060000,3.190000,0.000000
20260902:1310,361.636316,242.736842,0.000000,45.970000,22.632632,3.383684,0.000000
20260902:1410,312.688421,199.631579,0.000000,39.780000,22.894737,3.422105,0.000000
20260902:1510,237.212632,169.263158,0.000000,31.610000,22.988947,3.532105,0.000000
20260902:1610,141.000000,125.368421,0.000000,22.320000,22.783158,3.491579,0.000000
20260902:1710,61.894737,73.631579,0.000000,12.520000,22.164737,3.092632,0.000000
20260902:1810,0.000000,13.052632,0.000000,2.640000,21.048421,2.536842,0.000000
20260902:1910,0.000000,0.000000,0.000000,0.000000,19.722105,2.728947,0.000000
20260902:2010,0.000000,0.000000,0.000000,0.000000,18.702632,2.852632,0.000000
20260902:2110,0.000000,0.000000,0.000000,0.000000,17.893684,2.761053,0.000000
20260902:2210,0.000000,0.000000,0.000000,0.000000,17.209474,2.685789,0.000000
20260902:2310,0.000000,0.000000,0.000000,0.000000,16.512105,2.674211,0.000000
20260903:0010,0.000000,0.000000,0.000000,0.000000,16.034211,2.681579,0.000000
20260903:0110,0.000000,0.000000,0.000000,0.000000,15.577368,2.661053,0.000000
20260903:0210,0.000000,0.000000,0.000000,0.000000,15.145263,2.627895,0.000000
20260903:0310,0.000000,0.000000,0.000000,0.000000,14.713684,2.569474,0.000000
20260903:0410,0.000000,0.000000,0.000000,0.000000,14.405263,2.562105,0.000000
20260903:0510,0.000000,0.000000,0.000000,0.000000,14.148947,2.525789,0.000000
20260903:0610,34.000000,51.578947,0.000000,9.150000,14.296842,2.392632,0.000000
20260903:0710,119.842105,101.000000,0.000000,19.020000,15.683158,2.457368,0.000000
20260903:0810,177.315789,145.894737,0.000000,28.510000,17.358947,2.878947,0.000000
20260903:0910,289.268947,161.157895,0.000000,37.080000,18.855263,3.011579,0.000000
20260903:1010,283.162105,216.736842,0.000000,43.970000,20.254737,3.183158,0.000000
20260903:1110,376.321579,213.894737,0.000000,48.170000,21.411579,3.485789,0.000000
20260903:1210,401.690526,202.947368,0.000000,48.770000,22.305789,3.650526,0.000000
20260903:1310,365.479474,226.947368,0.000000,45.600000,22.907368,3.625789,0.000000
20260903:1410,280.004211,187.105263,0.000000,37.345263,23.283684,3.673158,0.000000
20260903:1510,225.423158,177.210526,0.000000,31.270000,23.326842,3.628947,0.000000
20260903:1610,144.105263,129.789474,0.000000,21.990000,23.014737,3.553158,0.000000
20260903:1710,65.842105,73.631579,0.000000,12.190000,22.465263,3.154737,0.000000
20260903:1810,0.000000,10.368421,0.000000,2.310000,21.427895,2.544211,0.000000
20260903:1910,0.000000,0.000000,0.000000,0.000000,20.266316,2.719474,0.000000
20260903:2010,0.000000,0.000000,0.000000,0.000000,19.323158,2.873684,0.000000
20260903:2110,0.000000,0.000000,0.000000,0.000000,18.512105,2.784211,0.000000
20260903:2210,0.000000,0.000000,0.000000,0.000000,17.850000,2.686316,0.000000
20260903:2310,0.000000,0.000000,0.000000,0.000000,17.294211,2.654737,0.000000
20260904:0010,0.000000,0.000000,0.000000,0.000000,16.797895,2.576842,0.000000
20260904:0110,0.000000,0.000000,0.000000,0.000000,16.341053,2.523158,0.000000
20260904:0210,0.000000,0.000000,0.000000,0.000000,15.887368,2.401579,0.000000
20260904:0310,0.000000,0.000000,0.000000,0.000000,15.488421,2.330000,0.000000
20260904:0410,0.000000,0.000000,0.000000,0.000000,15.162632,2.286316,0.000000
20260904:0510,0.000000,0.000000,0.000000,0.000000,14.828421,2.260526,0.000000
20260904:0610,27.368421,45.210526,0.000000,8.930000,14.781579,2.216842,0.000000
20260904:0710,103.842105,108.368421,0.000000,18.800000,16.171053,2.369474,0.000000
20260904:0810,181.578947,160.736842,0.000000,28.270000,17.756316,2.700526,0.000000
20260904:0910,281.374211,179.526316,0.000000,36.810000,19.356316,3.106316,0.000000
20260904:1010,326.742632,202.368421,0.000000,43.670000,20.796316,3.407895,0.000000
20260904:1110,355.636842,192.894737,0.000000,47.830000,21.980000,3.631053,0.000000
20260904:1210,352.216316,193.842105,0.000000,48.390000,22.845263,3.764737,0.000000
20260904:1310,302.584211,222.947368,0.000000,45.220000,23.362105,3.815789,0.000000
20260904:1410,221.266316,188.684211,0.000000,39.060000,23.527368,3.703684,0.000000
20260904:1510,207.264737,163.894737,0.000000,30.920000,23.424737,3.539474,0.000000
20260904:1610,119.736842,120.263158,0.000000,21.660000,23.011053,3.350000,0.000000
20260904:1710,54.473684,69.947368,0.000000,11.860000,22.448947,2.983684,0.000000
20260904:1810,0.000000,7.894737,0.000000,1.980000,21.372105,2.759474,0.000000
20260904:1910,0.000000,0.000000,0.000000,0.000000,19.890526,2.804737,0.000000
20260904:2010,0.000000,0.000000,0.000000,0.000000,18.971053,2.721579,0.000000
20260904:2110,0.000000,0.000000,0.000000,0.000000,18.197368,2.562105,0.000000
20260904:2210,0.000000,0.000000,0.000000,0.000000,17.570000,2.478421,0.000000
20260904:2310,0.000000,0.000000,0.000000,0.000000,17.007895,2.424737,0.000000
20260905:0010,0.000000,0.000000,0.000000,0.000000,16.488947,2.395789,0.000000
20260905:0110,0.000000,0.000000,0.000000,0.000000,16.030526,2.391053,0.000000
20260905:0210,0.000000,0.000000,0.000000,0.000000,15.696316,2.377368,0.000000
20260905:0310,0.000000,0.000000,0.000000,0.000000,15.319474,2.308947,0.000000
20260905:0410,0.000000,0.000000,0.000000,0.000000,15.049474,2.204211,0.000000
20260905:0510,0.000000,0.000000,0.000000,0.000000,14.822632,2.133158,0.000000
20260905:0610,24.473684,46.105263,0.000000,8.720000,14.916842,2.033158,0.000000
20260905:0710,103.684211,91.210526,0.000000,17.592632,16.080526,2.217368,0.000000
20260905:0810,174.052632,144.789474,0.000000,28.030000,17.455789,2.554737,0.000000
20260905:0910,262.531579,169.631579,0.000000,36.550000,18.933158,2.798947,0.000000
20260905:1010,285.215789,210.947368,0.000000,43.360000,20.240526,3.030526,0.000000
20260905:1110,329.110000,212.947368,0.000000,47.480000,21.352105,3.060000,0.000000
20260905:1210,303.478421,217.526316,0.000000,48.020000,22.192105,3.117895,0.000000
20260905:1310,248.898421,219.315789,0.000000,44.850000,22.733158,3.167895,0.000000
20260905:1410,188.266316,184.263158,0.000000,38.690000,23.063158,3.248947,0.000000
20260905:1510,138.527368,187.684211,0.000000,30.570000,23.022105,3.261053,0.000000
20260905:1610,69.315789,135.052632,0.000000,21.320000,22.828947,3.213158,0.000000
20260905:1710,37.000000,69.947368,0.000000,11.530000,22.276842,2.866842,0.000000
20260905:1810,0.000000,6.421053,0.000000,1.640000,21.378947,2.627895,0.000000
20260905:1910,0.000000,0.000000,0.000000,0.000000,19.913158,2.768947,0.000000
20260905:2010,0.000000,0.000000,0.000000,0.000000,19.039474,2.903158,0.000000
20260905:2110,0.000000,0.000000,0.000000,0.000000,18.326316,2.990526,0.000000
20260905:2210,0.000000,0.000000,0.000000,0.000000,17.771579,2.972632,0.000000
20260905:2310,0.000000,0.000000,0.000000,0.000000,17.221579,2.980526,0.000000
20260906:0010,0.000000,0.000000,0.000000,0.000000,16.675263,2.918421,0.000000
20260906:0110,0.000000,0.000000,0.000000,0.000000,16.165789,2.827895,0.000000
20260906:0210,0.000000,0.000000,0.000000,0.000000,15.610526,2.754737,0.000000
20260906:0310,0.000000,0.000000,0.000000,0.000000,15.122632,2.677895,0.000000
20260906:0410,0.000000,0.000000,0.000000,0.000000,14.754211,2.584211,0.000000
20260906:0510,0.000000,0.000000,0.000000,0.000000,14.387895,2.493684,0.000000
20260906:0610,27.736842,42.842105,0.000000,8.500000,14.315263,2.308421,0.000000
20260906:0710,91.736842,92.736842,0.000000,16.418421,15.666316,2.305263,0.000000
20260906:0810,178.210526,143.473684,0.000000,27.790000,17.313158,2.850000,0.000000
20260906:0910,229.793158,186.842105,0.000000,36.280000,18.718421,2.994211,0.000000
20260906:1010,239.951053,220.736842,0.000000,43.050000,19.964211,3.180000,0.000000
20260906:1110,287.794211,223.842105,0.000000,47.130000,20.983158,3.287368,0.000000
20260906:1210,291.004211,225.473684,0.000000,47.640000,21.710000,3.316842,0.000000
20260906:1310,277.425263,214.894737,0.000000,44.470000,22.317895,3.404737,0.000000
20260906:1410,181.476316,228.315789,0.000000,38.320000,22.677895,3.487368,0.000000
20260906:1510,161.316316,182.578947,0.000000,30.220000,22.863684,3.525263,0.000000
20260906:1610,114.894737,120.631579,0.000000,20.980000,22.529474,3.462105,0.000000
20260906:1710,44.105263,71.526316,0.000000,11.190000,21.877895,3.205789,0.000000
20260906:1810,0.000000,3.789474,0.000000,1.034211,20.795789,2.987895,0.000000
20260906:1910,0.000000,0.000000,0.000000,0.000000,19.318947,2.961053,0.000000
20260906:2010,0.000000,0.000000,0.000000,0.000000,18.411053,2.932105,0.000000
20260906:2110,0.000000,0.000000,0.000000,0.000000,17.604211,2.837895,0.000000
20260906:2210,0.000000,0.000000,0.000000,0.000000,16.875789,2.819474,0.000000
20260906:2310,0.000000,0.000000,0.000000,0.000000,16.337368,2.762105,0.000000
20260907:0010,0.000000,0.000000,0.000000,0.000000,15.855789,2.721579,0.000000
20260907:0110,0.000000,0.000000,0.000000,0.000000,15.460000,2.689474,0.000000
20260907:0210,0.000000,0.000000,0.000000,0.000000,14.985789,2.595789,0.000000
20260907:0310,0.000000,0.000000,0.000000,0.000000,14.545263,2.555263,0.000000
20260907:0410,0.000000,0.000000,0.000000,0.000000,14.063158,2.514737,0.000000
20260907:0510,0.000000,0.000000,0.000000,0.000000,13.695263,2.453684,0.000000
20260907:0610,32.842105,48.789474,0.000000,8.280000,13.599474,2.311579,0.000000
20260907:0710,77.578947,100.894737,0.000000,17.175789,14.979474,2.365789,0.000000
20260907:0810,188.421053,149.000000,0.000000,27.550000,16.760526,2.864211,0.000000
20260907:0910,260.794211,182.421053,0.000000,36.000000,18.343684,2.911579,0.000000
20260907:1010,303.005263,215.315789,0.000000,42.740000,19.745263,3.031053,0.000000
20260907:1110,310.110526,238.368421,0.000000,46.770000,20.895789,3.164737,0.000000
20260907:1210,318.636842,248.421053,0.000000,47.260000,21.727895,3.343684,0.000000
20260907:1310,284.951579,238.631579,0.000000,44.080000,22.345263,3.505789,0.000000
20260907:1410,254.530000,210.421053,0.000000,37.960000,22.635263,3.506842,0.000000
20260907:1510,214.686842,162.157895,0.000000,29.860000,22.726842,3.426316,0.000000
20260907:1610,148.210526,118.157895,0.000000,20.630000,22.550526,3.237368,0.000000
20260907:1710,45.684211,66.894737,0.000000,10.850000,21.987368,2.874211,0.000000
20260907:1810,0.000000,1.263158,0.000000,0.051053,20.824211,2.544211,0.000000
20260907:1910,0.000000,0.000000,0.000000,0.000000,19.285789,2.616316,0.000000
20260907:2010,0.000000,0.000000,0.000000,0.000000,18.235789,2.657368,0.000000
20260907:2110,0.000000,0.000000,0.000000,0.000000,17.402105,2.610000,0.000000
20260907:2210,0.000000,0.000000,0.000000,0.000000,16.694737,2.508421,0.000000
20260907:2310,0.000000,0.000000,0.000000,0.000000,16.122105,2.451053,0.000000
20260908:0010,0.000000,0.000000,0.000000,0.000000,15.431579,2.439474,0.000000
20260908:0110,0.000000,0.000000,0.000000,0.000000,14.818421,2.435263,0.000000
20260908:0210,0.000000,0.000000,0.000000,0.000000,14.337368,2.290000,0.000000
20260908:0310,0.000000,0.000000,0.000000,0.000000,13.812105,2.278947,0.000000
20260908:0410,0.000000,0.000000,0.000000,0.000000,13.411579,2.362105,0.000000
20260908:0510,0.000000,0.000000,0.000000,0.000000,13.158947,2.352105,0.000000
20260908:0610,27.578947,46.789474,0.000000,8.060000,13.202105,2.300526,0.000000
20260908:0710,112.789474,102.052632,0.000000,17.900000,15.008421,2.522632,0.000000
20260908:0810,203.000526,134.210526,0.000000,27.300000,17.052632,2.812105,0.000000
20260908:0910,308.321579,157.368421,0.000000,35.730000,18.731579,3.151579,0.000000
20260908:1010,336.847895,190.894737,0.000000,42.420000,20.124737,3.368421,0.000000
20260908:1110,375.111579,186.789474,0.000000,46.420000,21.272105,3.458947,0.000000
20260908:1210,386.268421,219.210526,0.000000,46.880000,22.111053,3.616316,0.000000
20260908:1310,360.900526,198.315789,0.000000,43.700000,22.659474,3.734211,0.000000
20260908:1410,328.111579,158.947368,0.000000,37.580000,22.798421,3.601053,0.000000
20260908:1510,208.582105,132.947368,0.000000,29.510000,22.860526,3.572632,0.000000
20260908:1610,167.157895,99.736842,0.000000,20.290000,22.644211,3.429474,0.000000
20260908:1710,44.684211,61.894737,0.000000,10.510000,22.050000,3.012632,0.000000
20260908:1810,0.000000,0.789474,0.000000,0.032632,20.897895,2.900000,0.000000
20260908:1910,0.000000,0.000000,0.000000,0.000000,19.616842,2.826842,0.000000
20260908:2010,0.000000,0.000000,0.000000,0.000000,18.507895,2.790526,0.000000
20260908:2110,0.000000,0.000000,0.000000,0.000000,17.646316,2.730000,0.000000
20260908:2210,0.000000,0.000000,0.000000,0.000000,16.912632,2.653684,0.000000
20260908:2310,0.000000,0.000000,0.000000,0.000000,16.335263,2.608947,0.000000
20260909:0010,0.000000,0.000000,0.000000,0.000000,15.754211,2.684211,0.000000
20260909:0110,0.000000,0.000000,0.000000,0.000000,15.250000,2.648947,0.000000
20260909:0210,0.000000,0.000000,0.000000,0.000000,14.777368,2.573158,0.000000
20260909:0310,0.000000,0.000000,0.000000,0.000000,14.516316,2.515263,0.000000
20260909:0410,0.000000,0.000000,0.000000,0.000000,14.269474,2.486316,0.000000
20260909:0510,0.000000,0.000000,0.000000,0.000000,13.904737,2.533684,0.000000
20260909:0610,22.263158,42.842105,0.000000,7.840000,13.892105,2.496842,0.000000
20260909:0710,106.000000,101.578947,0.000000,17.670000,15.308947,2.420000,0.000000
20260909:0810,198.368421,139.000000,0.000000,27.060000,17.256316,2.929474,0.000000
20260909:0910,293.479474,167.368421,0.000000,35.450000,19.112632,3.049474,0.000000
20260909:1010,355.637368,193.000000,0.000000,42.100000,20.697895,3.277368,0.000000
20260909:1110,404.848947,191.684211,0.000000,46.060000,21.995789,3.537895,0.000000
20260909:1210,307.162632,223.684211,0.000000,46.500000,22.895789,3.643158,0.000000
20260909:1310,288.899474,184.052632,0.000000,43.320000,23.475263,3.781579,0.000000
20260909:1410,219.951053,173.684211,0.000000,35.251579,23.723684,3.796842,0.000000
20260909:1510,192.580526,163.368421,0.000000,29.150000,23.456316,3.647368,0.000000
20260909:1610,114.421053,94.842105,0.000000,19.940000,23.043684,3.383158,0.000000
20260909:1710,47.578947,61.947368,0.000000,10.170000,22.387895,2.906842,0.000000
20260909:1810,0.000000,0.947368,0.000000,0.014737,21.221053,2.750000,0.000000
20260909:1910,0.000000,0.000000,0.000000,0.000000,19.943684,2.718421,0.000000
20260909:2010,0.000000,0.000000,0.000000,0.000000,18.934737,2.747368,0.000000
20260909:2110,0.000000,0.000000,0.000000,0.000000,18.104211,2.838421,0.000000
20260909:2210,0.000000,0.000000,0.000000,0.000000,17.359474,2.824211,0.000000
20260909:2310,0.000000,0.000000,0.000000,0.000000,16.651053,2.718421,0.000000
20260910:0010,0.000000,0.000000,0.000000,0.000000,16.067895,2.624737,0.000000
20260910:0110,0.000000,0.000000,0.000000,0.000000,15.602632,2.562632,0.000000
20260910:0210,0.000000,0.000000,0.000000,0.000000,15.128421,2.488947,0.000000
20260910:0310,0.000000,0.000000,0.000000,0.000000,14.706316,2.424211,0.000000
20260910:0410,0.000000,0.000000,0.000000,0.000000,14.341579,2.384737,0.000000
20260910:0510,0.000000,0.000000,0.000000,0.000000,14.063684,2.344211,0.000000
20260910:0610,28.526316,44.157895,0.000000,7.620000,14.048947,2.278421,0.000000
20260910:0710,99.368421,98.263158,0.000000,17.440000,15.394211,2.450526,0.000000
20260910:0810,172.842105,150.105263,0.000000,26.810000,17.133684,2.903684,0.000000
20260910:0910,237.373684,149.894737,0.000000,35.180000,18.723684,2.980526,0.000000
20260910:1010,309.532105,167.578947,0.000000,41.790000,20.227895,3.143158,0.000000
20260910:1110,351.005263,217.052632,0.000000,45.700000,21.393158,3.342632,0.000000
20260910:1210,350.953684,189.052632,0.000000,46.110000,22.374211,3.608421,0.000000
20260910:1310,325.163684,185.894737,0.000000,42.930000,22.904211,3.765263,0.000000
20260910:1410,231.372105,179.526316,0.000000,34.901053,23.096316,3.847895,0.000000
20260910:1510,233.003158,134.368421,0.000000,28.790000,23.030000,3.769474,0.000000
20260910:1610,125.736842,108.947368,0.000000,19.590000,22.702632,3.524737,0.000000
20260910:1710,44.947368,61.842105,0.000000,9.830000,22.096316,3.128947,0.000000
20260910:1810,0.000000,0.000000,0.000000,-0.003158,20.947368,2.787895,0.000000
20260910:1910,0.000000,0.000000,0.000000,0.000000,19.620526,2.812105,0.000000
20260910:2010,0.000000,0.000000,0.000000,0.000000,18.660526,2.817368,0.000000
20260910:2110,0.000000,0.000000,0.000000,0.000000,17.705263,2.766316,0.000000
20260910:2210,0.000000,0.000000,0.000000,0.000000,16.968421,2.642105,0.000000
20260910:2310,0.000000,0.000000,0.000000,0.000000,16.358947,2.576842,0.000000
20260911:0010,0.000000,0.000000,0.000000,0.000000,15.803684,2.529474,0.000000
20260911:0110,0.000000,0.000000,0.000000,0.000000,15.329474,2.523158,0.000000
20260911:0210,0.000000,0.000000,0.000000,0.000000,14.944211,2.520526,0.000000
20260911:0310,0.000000,0.000000,0.000000,0.000000,14.695263,2.432632,0.000000
20260911:0410,0.000000,0.000000,0.000000,0.000000,14.376316,2.421579,0.000000
20260911:0510,0.000000,0.000000,0.000000,0.000000,14.043684,2.436842,0.000000
20260911:0610,24.210526,40.736842,0.000000,7.390000,13.960526,2.392105,0.000000
20260911:0710,94.421053,93.315789,0.000000,17.210000,15.120000,2.221579,0.000000
20260911:0810,163.473684,140.894737,0.000000,26.560000,16.798947,2.726316,0.000000
20260911:0910,228.846316,178.842105,0.000000,34.900000,18.306842,2.957368,0.000000
20260911:1010,300.321579,185.894737,0.000000,41.470000,19.655789,3.041579,0.000000
20260911:1110,302.216316,199.421053,0.000000,45.340000,20.706842,3.197368,0.000000
20260911:1210,305.057368,213.368421,0.000000,45.730000,21.453684,3.343684,0.000000
20260911:1310,265.688947,208.947368,0.000000,42.540000,21.835263,3.422105,0.000000
20260911:1410,196.635263,162.894737,0.000000,34.541053,21.887368,3.361579,0.000000
20260911:1510,160.002105,160.157895,0.000000,28.430000,21.949474,3.197895,0.000000
20260911:1610,114.105263,116.368421,0.000000,19.240000,21.792632,3.175789,0.000000
20260911:1710,37.789474,56.210526,0.000000,9.480000,21.208421,2.841579,0.000000
20260911:1810,0.000000,0.000000,0.000000,-0.021579,20.084737,2.768947,0.000000
20260911:1910,0.000000,0.000000,0.000000,0.000000,18.840000,2.874211,0.000000
20260911:2010,0.000000,0.000000,0.000000,0.000000,17.949474,2.848947,0.000000
20260911:2110,0.000000,0.000000,0.000000,0.000000,17.197368,2.788421,0.000000
20260911:2210,0.000000,0.000000,0.000000,0.000000,16.547368,2.769474,0.000000
20260911:2310,0.000000,0.000000,0.000000,0.000000,16.141579,2.678947,0.000000
20260912:0010,0.000000,0.000000,0.000000,0.000000,15.696316,2.660526,0.000000
20260912:0110,0.000000,0.000000,0.000000,0.000000,15.268947,2.685789,0.000000
20260912:0210,0.000000,0.000000,0.000000,0.000000,14.942105,2.685789,0.000000
20260912:0310,0.000000,0.000000,0.000000,0.000000,14.633158,2.666316,0.000000
20260912:0410,0.000000,0.000000,0.000000,0.000000,14.338947,2.642105,0.000000
20260912:0510,0.000000,0.000000,0.000000,0.000000,14.046316,2.682105,0.000000
20260912:0610,22.157895,38.789474,0.000000,7.170000,13.980526,2.681579,0.000000
20260912:0710,74.315789,96.263158,0.000000,16.980000,15.088421,2.747368,0.000000
20260912:0810,138.263158,139.263158,0.000000,26.310000,16.422632,3.114211,0.000000
20260912:0910,168.950000,174.368421,0.000000,34.620000,17.657368,3.230526,0.000000
20260912:1010,243.004211,181.736842,0.000000,41.140000,18.950526,3.397368,0.000000
20260912:1110,302.795263,191.631579,0.000000,44.970000,19.962632,3.408421,0.000000
20260912:1210,294.426316,181.315789,0.000000,45.340000,20.676316,3.351579,0.000000
20260912:1310,297.952632,190.684211,0.000000,42.150000,21.258421,3.265263,0.000000
20260912:1410,256.742105,172.052632,0.000000,36.080000,21.652632,3.401579,0.000000
20260912:1510,172.792632,141.473684,0.000000,28.070000,21.838421,3.460526,0.000000
20260912:1610,110.578947,109.105263,0.000000,18.890000,21.671579,3.432105,0.000000
20260912:1710,33.789474,55.631579,0.000000,9.140000,21.036842,3.020526,0.000000
20260912:1810,0.000000,0.000000,0.000000,-0.040000,19.941579,2.758947,0.000000
20260912:1910,0.000000,0.000000,0.000000,0.000000,18.767895,2.773158,0.000000
20260912:2010,0.000000,0.000000,0.000000,0.000000,17.994211,2.794211,0.000000
20260912:2110,0.000000,0.000000,0.000000,0.000000,17.250526,2.783158,0.000000
20260912:2210,0.000000,0.000000,0.000000,0.000000,16.656316,2.722632,0.000000
20260912:2310,0.000000,0.000000,0.000000,0.000000,16.142105,2.739474,0.000000
20260913:0010,0.000000,0.000000,0.000000,0.000000,15.643684,2.763158,0.000000
20260913:0110,0.000000,0.000000,0.000000,0.000000,15.301053,2.772632,0.000000
20260913:0210,0.000000,0.000000,0.000000,0.000000,14.940526,2.773158,0.000000
20260913:0310,0.000000,0.000000,0.000000,0.000000,14.616842,2.773684,0.000000
20260913:0410,0.000000,0.000000,0.000000,0.000000,14.384211,2.755789,0.000000
20260913:0510,0.000000,0.000000,0.000000,0.000000,14.159474,2.748421,0.000000
20260913:0610,18.105263,38.315789,0.000000,6.950000,14.103158,2.704211,0.000000
20260913:0710,78.157895,95.684211,0.000000,16.750000,15.177895,2.851053,0.000000
20260913:0810,140.157895,141.105263,0.000000,26.060000,16.468421,3.186316,0.000000
20260913:0910,184.845263,175.000000,0.000000,34.330000,17.870000,3.318947,0.000000
20260913:1010,240.952105,179.894737,0.000000,40.820000,19.174737,3.491053,0.000000
20260913:1110,276.742105,202.947368,0.000000,44.610000,20.282105,3.836842,0.000000
20260913:1210,220.056316,221.105263,0.000000,44.950000,20.977895,3.925263,0.000000
20260913:1310,212.055789,210.578947,0.000000,41.760000,21.488947,3.895263,0.000000
20260913:1410,154.792632,179.052632,0.000000,35.700000,21.746842,3.786842,0.000000
20260913:1510,129.791579,147.421053,0.000000,27.700000,21.860526,3.627895,0.000000
20260913:1610,93.736842,107.473684,0.000000,18.540000,21.645789,3.426316,0.000000
20260913:1710,31.210526,53.473684,0.000000,8.790000,21.138947,3.104737,0.000000
20260913:1810,0.000000,0.000000,0.000000,-0.058421,20.116316,2.969474,0.000000
20260913:1910,0.000000,0.000000,0.000000,0.000000,18.940000,3.098947,0.000000
20260913:2010,0.000000,0.000000,0.000000,0.000000,18.218947,3.095789,0.000000
20260913:2110,0.000000,0.000000,0.000000,0.000000,17.608947,3.089474,0.000000
20260913:2210,0.000000,0.000000,0.000000,0.000000,17.174737,3.031053,0.000000
20260913:2310,0.000000,0.000000,0.000000,0.000000,16.778947,3.058421,0.000000
20260914:0010,0.000000,0.000000,0.000000,0.000000,16.319474,3.081579,0.000000
20260914:0110,0.000000,0.000000,0.000000,0.000000,15.875789,3.010000,0.000000
20260914:0210,0.000000,0.000000,0.000000,0.000000,15.510000,2.961579,0.000000
20260914:0310,0.000000,0.000000,0.000000,0.000000,15.173684,2.951579,0.000000
20260914:0410,0.000000,0.000000,0.000000,0.000000,14.862632,2.867368,0.000000
20260914:0510,0.000000,0.000000,0.000000,0.000000,14.530000,2.903684,0.000000
20260914:0610,16.000000,33.315789,0.000000,6.720000,14.340000,2.918947,0.000000
20260914:0710,90.421053,91.578947,0.000000,16.520000,15.212105,3.074211,0.000000
20260914:0810,187.947895,134.842105,0.000000,25.810000,16.350526,3.328947,0.000000
20260914:0910,243.004737,175.842105,0.000000,34.050000,17.598947,3.433684,0.000000
20260914:1010,271.794737,226.789474,0.000000,40.490000,18.868421,3.563158,0.000000
20260914:1110,325.110526,232.000000,0.000000,44.240000,19.924211,3.592632,0.000000
20260914:1210,314.426316,216.210526,0.000000,44.560000,20.630526,3.590000,0.000000
20260914:1310,322.742632,202.631579,0.000000,41.370000,21.210526,3.676316,0.000000
20260914:1410,272.057895,181.052632,0.000000,35.320000,21.595789,3.640000,0.000000
20260914:1510,207.897895,147.842105,0.000000,27.330000,21.712632,3.520526,0.000000
20260914:1610,98.736842,106.421053,0.000000,18.180000,21.567895,3.412105,0.000000
20260914:1710,26.526316,52.105263,0.000000,8.440000,20.908947,2.856316,0.000000
20260914:1810,0.000000,0.000000,0.000000,-0.076842,19.628421,2.707368,0.000000
20260914:1910,0.000000,0.000000,0.000000,0.000000,18.389474,2.828947,0.000000
20260914:2010,0.000000,0.000000,0.000000,0.000000,17.557895,2.813158,0.000000
20260914:2110,0.000000,0.000000,0.000000,0.000000,16.886316,2.802632,0.000000
20260914:2210,0.000000,0.000000,0.000000,0.000000,16.341053,2.751579,0.000000
20260914:2310,0.000000,0.000000,0.000000,0.000000,15.895789,2.777368,0.000000
20260915:0010,0.000000,0.000000,0.000000,0.000000,15.410000,2.766316,0.000000
20260915:0110,0.000000,0.000000,0.000000,0.000000,15.014737,2.718421,0.000000
20260915:0210,0.000000,0.000000,0.000000,0.000000,14.607895,2.631053,0.000000
20260915:0310,0.000000,0.000000,0.000000,0.000000,14.252105,2.590526,0.000000
20260915:0410,0.000000,0.000000,0.000000,0.000000,13.948421,2.576316,0.000000
20260915:0510,0.000000,0.000000,0.000000,0.000000,13.713684,2.563158,0.000000
20260915:0610,16.105263,32.736842,0.000000,6.148421,13.583158,2.461053,0.000000
20260915:0710,95.842105,82.684211,0.000000,16.280000,14.402632,2.381579,0.000000
20260915:0810,173.580526,124.052632,0.000000,25.560000,15.884737,2.708421,0.000000
20260915:0910,256.479474,157.052632,0.000000,33.760000,17.310526,2.668421,0.000000
20260915:1010,301.321053,201.842105,0.000000,40.170000,18.539474,2.656316,0.000000
20260915:1110,308.427368,227.473684,0.000000,43.880000,19.556842,2.820000,0.000000
20260915:1210,291.425789,223.684211,0.000000,44.170000,20.402105,2.768947,0.000000
20260915:1310,246.478421,229.210526,0.000000,40.970000,20.892632,2.819474,0.000000
20260915:1410,190.161053,214.105263,0.000000,34.940000,21.123158,2.875263,0.000000
20260915:1510,183.528421,152.368421,0.000000,26.970000,21.150000,2.807368,0.000000
20260915:1610,114.421053,105.842105,0.000000,17.830000,20.933158,2.740526,0.000000
20260915:1710,35.789474,50.526316,0.000000,8.090000,20.342105,2.461579,0.000000
20260915:1810,0.000000,0.000000,0.000000,-0.095263,19.266842,2.493158,0.000000
20260915:1910,0.000000,0.000000,0.000000,0.000000,17.946842,2.668947,0.000000
20260915:2010,0.000000,0.000000,0.000000,0.000000,16.991579,2.640000,0.000000
20260915:2110,0.000000,0.000000,0.000000,0.000000,16.267895,2.625789,0.000000
20260915:2210,0.000000,0.000000,0.000000,0.000000,15.706842,2.536842,0.000000
20260915:2310,0.000000,0.000000,0.000000,0.000000,15.026316,2.533684,0.000000
20260916:0010,0.000000,0.000000,0.000000,0.000000,14.478421,2.583684,0.000000
20260916:0110,0.000000,0.000000,0.000000,0.000000,14.055789,2.638421,0.000000
20260916:0210,0.000000,0.000000,0.000000,0.000000,13.639474,2.682105,0.000000
20260916:0310,0.000000,0.000000,0.000000,0.000000,13.380000,2.624211,0.000000
20260916:0410,0.000000,0.000000,0.000000,0.000000,13.141579,2.546842,0.000000
20260916:0510,0.000000,0.000000,0.000000,0.000000,12.834211,2.515263,0.000000
20260916:0610,17.736842,34.894737,0.000000,6.270000,12.644211,2.468947,0.000000
20260916:0710,82.368421,85.631579,0.000000,16.050000,13.791579,2.218421,0.000000
20260916:0810,176.422105,122.578947,0.000000,25.300000,15.651053,2.424211,0.000000
20260916:0910,236.584737,146.842105,0.000000,33.480000,17.280000,2.580526,0.000000
20260916:1010,238.584211,171.000000,0.000000,39.840000,18.640000,2.994737,0.000000
20260916:1110,301.741579,213.368421,0.000000,43.510000,19.610000,3.360526,0.000000
20260916:1210,272.057895,227.315789,0.000000,43.770000,20.297368,3.470526,0.000000
20260916:1310,228.951579,200.578947,0.000000,40.580000,20.793684,3.466842,0.000000
20260916:1410,195.319474,209.894737,0.000000,34.560000,21.088421,3.463158,0.000000
20260916:1510,124.684737,160.789474,0.000000,26.600000,21.149474,3.538947,0.000000
20260916:1610,63.684211,112.315789,0.000000,17.470000,20.760526,3.371579,0.000000
20260916:1710,22.368421,49.631579,0.000000,7.740000,19.950526,3.004737,0.000000
20260916:1810,0.000000,0.000000,0.000000,0.000000,18.856316,3.056842,0.000000
20260916:1910,0.000000,0.000000,0.000000,0.000000,17.724211,3.303158,0.000000
20260916:2010,0.000000,0.000000,0.000000,0.000000,16.911579,3.292632,0.000000
20260916:2110,0.000000,0.000000,0.000000,0.000000,16.217368,3.140526,0.000000
20260916:2210,0.000000,0.000000,0.000000,0.000000,15.591053,2.994737,0.000000
20260916:2310,0.000000,0.000000,0.000000,0.000000,15.127368,2.911053,0.000000
20260917:0010,0.000000,0.000000,0.000000,0.000000,14.679474,2.913684,0.000000
20260917:0110,0.000000,0.000000,0.000000,0.000000,14.220000,2.925263,0.000000
20260917:0210,0.000000,0.000000,0.000000,0.000000,13.867368,2.874211,0.000000
20260917:0310,0.000000,0.000000,0.000000,0.000000,13.604211,2.827368,0.000000
20260917:0410,0.000000,0.000000,0.000000,0.000000,13.271579,2.835263,0.000000
20260917:0510,0.000000,0.000000,0.000000,0.000000,12.945789,2.723158,0.000000
20260917:0610,15.421053,33.473684,0.000000,6.040000,12.785263,2.700000,0.000000
20260917:0710,73.684211,95.157895,0.000000,15.810000,13.615789,2.693158,0.000000
20260917:0810,132.211579,145.263158,0.000000,25.040000,15.033158,3.274737,0.000000
20260917:0910,167.687895,172.526316,0.000000,33.190000,16.441053,3.543158,0.000000
20260917:1010,190.792105,207.842105,0.000000,39.510000,17.761053,3.764211,0.000000
20260917:1110,200.845789,231.473684,0.000000,43.140000,18.755789,3.973684,0.000000
20260917:1210,209.898947,228.789474,0.000000,43.380000,19.447895,4.152105,0.000000
20260917:1310,210.582105,216.105263,0.000000,40.180000,19.866316,4.072105,0.000000
20260917:1410,192.477895,164.263158,0.000000,32.371579,20.046842,4.010526,0.000000
20260917:1510,139.424211,138.368421,0.000000,26.230000,19.998947,3.864211,0.000000
20260917:1610,82.315789,102.473684,0.000000,17.110000,19.725263,3.699474,0.000000
20260917:1710,23.315789,47.263158,0.000000,7.390000,19.070000,3.198421,0.000000
20260917:1810,0.000000,0.000000,0.000000,0.000000,17.998421,3.168421,0.000000
20260917:1910,0.000000,0.000000,0.000000,0.000000,16.728421,3.099474,0.000000
20260917:2010,0.000000,0.000000,0.000000,0.000000,15.870526,3.105789,0.000000
20260917:2110,0.000000,0.000000,0.000000,0.000000,15.245263,2.964737,0.000000
20260917:2210,0.000000,0.000000,0.000000,0.000000,14.717895,2.832632,0.000000
20260917:2310,0.000000,0.000000,0.000000,0.000000,14.183684,2.787895,0.000000
20260918:0010,0.000000,0.000000,0.000000,0.000000,13.720000,2.769474,0.000000
20260918:0110,0.000000,0.000000,0.000000,0.000000,13.267895,2.795263,0.000000
20260918:0210,0.000000,0.000000,0.000000,0.000000,12.825263,2.851579,0.000000
20260918:0310,0.000000,0.000000,0.000000,0.000000,12.476842,2.954737,0.000000
20260918:0410,0.000000,0.000000,0.000000,0.000000,12.179474,2.965263,0.000000
20260918:0510,0.000000,0.000000,0.000000,0.000000,11.968947,2.918947,0.000000
20260918:0610,14.894737,32.052632,0.000000,5.810000,11.934737,2.877895,0.000000
20260918:0710,82.578947,93.052632,0.000000,15.570000,12.814211,2.842632,0.000000
20260918:0810,149.842632,130.789474,0.000000,23.475789,14.353158,3.495789,0.000000
20260918:0910,235.373158,176.315789,0.000000,32.890000,15.886842,3.683684,0.000000
20260918:1010,279.584211,214.052632,0.000000,39.180000,17.328947,3.884737,0.000000
20260918:1110,298.374211,219.210526,0.000000,42.770000,18.490000,4.131053,0.000000
20260918:1210,230.214211,242.526316,0.000000,42.990000,19.300526,4.275789,0.000000
20260918:1310,209.424737,217.947368,0.000000,39.780000,19.686316,4.386316,0.000000
20260918:1410,126.844737,178.842105,0.000000,33.790000,19.657368,4.297368,0.000000
20260918:1510,134.264211,150.263158,0.000000,25.860000,19.429474,4.170526,0.000000
20260918:1610,82.894737,103.315789,0.000000,16.750000,19.110000,3.880000,0.000000
20260918:1710,20.684211,40.894737,0.000000,7.030000,18.564211,3.357368,0.000000
20260918:1810,0.000000,0.000000,0.000000,0.000000,17.403684,3.114737,0.000000
20260918:1910,0.000000,0.000000,0.000000,0.000000,16.197368,2.973684,0.000000
20260918:2010,0.000000,0.000000,0.000000,0.000000,15.411053,2.962105,0.000000
20260918:2110,0.000000,0.000000,0.000000,0.000000,14.743158,2.918947,0.000000
20260918:2210,0.000000,0.000000,0.000000,0.000000,14.224737,2.881053,0.000000
20260918:2310,0.000000,0.000000,0.000000,0.000000,13.735789,2.848947,0.000000
20260919:0010,0.000000,0.000000,0.000000,0.000000,13.347895,2.787368,0.000000
20260919:0110,0.000000,0.000000,0.000000,0.000000,13.012632,2.707895,0.000000
20260919:0210,0.000000,0.000000,0.000000,0.000000,12.677368,2.653684,0.000000
20260919:0310,0.000000,0.000000,0.000000,0.000000,12.360000,2.621579,0.000000
20260919:0410,0.000000,0.000000,0.000000,0.000000,12.087368,2.571053,0.000000
20260919:0510,0.000000,0.000000,0.000000,0.000000,11.760526,2.490526,0.000000
20260919:0610,12.105263,24.694211,0.000000,5.580000,11.563158,2.392105,0.000000
20260919:0710,86.368421,85.684211,0.000000,14.532632,12.527895,2.333684,0.000000
20260919:0810,151.528421,137.842105,0.000000,24.520000,14.231053,2.825789,0.000000
20260919:0910,198.741579,180.368421,0.000000,32.600000,15.754211,3.027368,0.000000
20260919:1010,251.425263,219.368421,0.000000,38.840000,17.153684,3.253158,0.000000
20260919:1110,277.900000,238.210526,0.000000,42.400000,18.294737,3.390000,0.000000
20260919:1210,293.057368,257.368421,0.000000,42.590000,19.202105,3.545263,0.000000
20260919:1310,288.478421,224.421053,0.000000,39.390000,19.848947,3.573158,0.000000
20260919:1410,245.846842,196.947368,0.000000,33.400000,20.161053,3.551053,0.000000
20260919:1510,159.371579,144.631579,0.000000,24.148421,20.190000,3.527895,0.000000
20260919:1610,99.684211,93.210526,0.000000,16.390000,19.807895,3.385263,0.000000
20260919:1710,24.473684,39.263158,0.000000,6.680000,18.908421,2.766316,0.000000
20260919:1810,0.000000,0.000000,0.000000,0.000000,17.670000,2.496842,0.000000
20260919:1910,0.000000,0.000000,0.000000,0.000000,16.406842,2.580000,0.000000
20260919:2010,0.000000,0.000000,0.000000,0.000000,15.515263,2.626842,0.000000
20260919:2110,0.000000,0.000000,0.000000,0.000000,14.740000,2.674211,0.000000
20260919:2210,0.000000,0.000000,0.000000,0.000000,14.080526,2.631579,0.000000
20260919:2310,0.000000,0.000000,0.000000,0.000000,13.503684,2.525789,0.000000
20260920:0010,0.000000,0.000000,0.000000,0.000000,13.091579,2.384737,0.000000
20260920:0110,0.000000,0.000000,0.000000,0.000000,12.704211,2.250000,0.000000
20260920:0210,0.000000,0.000000,0.000000,0.000000,12.285263,2.239474,0.000000
20260920:0310,0.000000,0.000000,0.000000,0.000000,11.891579,2.217895,0.000000
20260920:0410,0.000000,0.000000,0.000000,0.000000,11.618421,2.182105,0.000000
20260920:0510,0.000000,0.000000,0.000000,0.000000,11.302632,2.146316,0.000000
20260920:0610,14.631579,23.803684,0.000000,5.068421,11.139474,2.073684,0.000000
20260920:0710,76.368421,96.526316,0.000000,15.100000,12.286316,1.946316,0.000000
20260920:0810,144.948421,144.368421,0.000000,24.260000,14.293158,2.392105,0.000000
20260920:0910,204.373158,168.684211,0.000000,32.310000,16.087895,2.701053,0.000000
20260920:1010,264.268421,208.789474,0.000000,38.510000,17.708421,2.859474,0.000000
20260920:1110,291.583684,233.631579,0.000000,42.020000,18.919474,2.981053,0.000000
20260920:1210,289.058421,215.210526,0.000000,42.200000,19.853684,2.997895,0.000000
20260920:1310,278.216316,199.631579,0.000000,38.990000,20.498947,2.900526,0.000000
20260920:1410,260.952632,180.526316,0.000000,33.020000,20.849474,2.832105,0.000000
20260920:1510,178.477368,141.315789,0.000000,25.120000,20.933684,2.856842,0.000000
20260920:1610,102.894737,96.157895,0.000000,16.030000,20.573684,2.853158,0.000000
20260920:1710,21.421053,38.210526,0.000000,6.330000,19.780000,2.421579,0.000000
20260920:1810,0.000000,0.000000,0.000000,0.000000,18.377368,2.377895,0.000000
20260920:1910,0.000000,0.000000,0.000000,0.000000,17.105789,2.451053,0.000000
20260920:2010,0.000000,0.000000,0.000000,0.000000,16.228947,2.482632,0.000000
20260920:2110,0.000000,0.000000,0.000000,0.000000,15.499474,2.534211,0.000000
20260920:2210,0.000000,0.000000,0.000000,0.000000,14.855263,2.613158,0.000000
20260920:2310,0.000000,0.000000,0.000000,0.000000,14.260526,2.631579,0.000000
20260921:0010,0.000000,0.000000,0.000000,0.000000,13.771579,2.570526,0.000000
20260921:0110,0.000000,0.000000,0.000000,0.000000,13.241579,2.544737,0.000000
20260921:0210,0.000000,0.000000,0.000000,0.000000,12.742632,2.534211,0.000000
20260921:0310,0.000000,0.000000,0.000000,0.000000,12.323158,2.552105,0.000000
20260921:0410,0.000000,0.000000,0.000000,0.000000,11.916842,2.540526,0.000000
20260921:0510,0.000000,0.000000,0.000000,0.000000,11.567895,2.530526,0.000000
20260921:0610,12.000000,22.653684,0.000000,5.120000,11.315263,2.450526,0.000000
20260921:0710,87.736842,74.736842,0.000000,14.068421,12.190526,2.262105,0.000000
20260921:0810,192.266842,115.631579,0.000000,24.000000,14.301579,2.513684,0.000000
20260921:0910,288.848947,137.157895,0.000000,32.010000,16.191579,2.681579,0.000000
20260921:1010,338.744211,177.052632,0.000000,38.170000,17.820000,2.886316,0.000000
20260921:1110,383.534737,189.052632,0.000000,41.650000,19.096842,2.994211,0.000000
20260921:1210,340.322632,200.368421,0.000000,41.800000,19.913684,3.026842,0.000000
20260921:1310,329.428421,163.578947,0.000000,38.590000,20.447368,3.107368,0.000000
20260921:1410,284.954211,153.052632,0.000000,32.630000,20.704211,3.214737,0.000000
20260921:1510,197.897895,132.789474,0.000000,24.750000,20.639474,3.232632,0.000000
20260921:1610,90.631579,99.842105,0.000000,15.670000,20.320526,3.098947,0.000000
20260921:1710,21.947368,36.315789,0.000000,5.970000,19.533158,2.624211,0.000000
20260921:1810,0.000000,0.000000,0.000000,0.000000,18.181053,2.598947,0.000000
20260921:1910,0.000000,0.000000,0.000000,0.000000,17.151579,2.532632,0.000000
20260921:2010,0.000000,0.000000,0.000000,0.000000,16.229474,2.532632,0.000000
20260921:2110,0.000000,0.000000,0.000000,0.000000,15.454737,2.533684,0.000000
20260921:2210,0.000000,0.000000,0.000000,0.000000,14.718947,2.571053,0.000000
20260921:2310,0.000000,0.000000,0.000000,0.000000,13.991053,2.566316,0.000000
20260922:0010,0.000000,0.000000,0.000000,0.000000,13.396842,2.570000,0.000000
20260922:0110,0.000000,0.000000,0.000000,0.000000,12.943158,2.510526,0.000000
20260922:0210,0.000000,0.000000,0.000000,0.000000,12.609474,2.431579,0.000000
20260922:0310,0.000000,0.000000,0.000000,0.000000,12.344211,2.399474,0.000000
20260922:0410,0.000000,0.000000,0.000000,0.000000,12.047368,2.367368,0.000000
20260922:0510,0.000000,0.000000,0.000000,0.000000,11.743158,2.264737,0.000000
20260922:0610,9.736842,24.408947,0.000000,4.890000,11.446842,2.178421,0.000000
20260922:0710,81.473684,75.105263,0.000000,13.841053,12.355789,1.907368,0.000000
20260922:0810,146.001053,129.842105,0.000000,23.740000,14.447895,2.425263,0.000000
20260922:0910,218.846842,161.842105,0.000000,31.710000,16.151579,2.627368,0.000000
20260922:1010,259.953158,180.210526,0.000000,37.840000,17.340000,2.805263,0.000000
20260922:1110,252.162105,208.736842,0.000000,41.270000,18.175789,2.889474,0.000000
20260922:1210,236.214211,204.105263,0.000000,39.221053,18.878947,2.867368,0.000000
20260922:1310,251.583684,185.631579,0.000000,38.190000,19.341579,2.918421,0.000000
20260922:1410,194.582632,175.789474,0.000000,32.240000,19.642105,2.836842,0.000000
20260922:1510,166.371579,137.947368,0.000000,24.370000,19.745789,2.779474,0.000000
20260922:1610,79.947368,91.210526,0.000000,15.310000,19.516316,2.675263,0.000000
20260922:1710,18.263158,29.055789,0.000000,5.620000,18.813158,2.428421,0.000000
20260922:1810,0.000000,0.000000,0.000000,0.000000,17.554211,2.580526,0.000000
20260922:1910,0.000000,0.000000,0.000000,0.000000,16.312105,2.712105,0.000000
20260922:2010,0.000000,0.000000,0.000000,0.000000,15.582105,2.755263,0.000000
20260922:2110,0.000000,0.000000,0.000000,0.000000,14.926316,2.838947,0.000000
20260922:2210,0.000000,0.000000,0.000000,0.000000,14.410526,2.824737,0.000000
20260922:2310,0.000000,0.000000,0.000000,0.000000,13.918421,2.762632,0.000000
20260923:0010,0.000000,0.000000,0.000000,0.000000,13.385789,2.712105,0.000000
20260923:0110,0.000000,0.000000,0.000000,0.000000,13.073158,2.606316,0.000000
20260923:0210,0.000000,0.000000,0.000000,0.000000,12.874211,2.511579,0.000000
20260923:0310,0.000000,0.000000,0.000000,0.000000,12.633684,2.460526,0.000000
20260923:0410,0.000000,0.000000,0.000000,0.000000,12.379474,2.451053,0.000000
20260923:0510,0.000000,0.000000,0.000000,0.000000,12.069474,2.460000,0.000000
20260923:0610,9.789474,21.500526,0.000000,4.650000,11.961579,2.421579,0.000000
20260923:0710,75.315789,88.157895,0.000000,14.370000,12.806316,2.137368,0.000000
20260923:0810,157.212632,137.157895,0.000000,23.470000,14.726316,2.576316,0.000000
20260923:0910,192.004211,186.263158,0.000000,31.420000,16.413684,2.780526,0.000000
20260923:1010,268.742632,200.526316,0.000000,37.500000,17.913684,3.071053,0.000000
20260923:1110,268.637368,227.052632,0.000000,40.900000,19.082632,3.252105,0.000000
20260923:1210,284.478947,226.631579,0.000000,41.010000,19.933684,3.305789,0.000000
20260923:1310,235.162632,213.736842,0.000000,37.790000,20.558421,3.401579,0.000000
20260923:1410,207.162632,172.736842,0.000000,31.860000,20.671579,3.383158,0.000000
20260923:1510,166.267368,132.947368,0.000000,24.000000,20.518421,3.266842,0.000000
20260923:1610,78.947368,79.052632,0.000000,14.950000,20.223158,2.998421,0.000000
20260923:1710,12.368421,27.789474,0.000000,5.270000,19.381579,2.635263,0.000000
20260923:1810,0.000000,0.000000,0.000000,0.000000,17.938947,2.650000,0.000000
20260923:1910,0.000000,0.000000,0.000000,0.000000,16.698947,2.453684,0.000000
20260923:2010,0.000000,0.000000,0.000000,0.000000,15.808421,2.544737,0.000000
20260923:2110,0.000000,0.000000,0.000000,0.000000,14.972105,2.646842,0.000000
20260923:2210,0.000000,0.000000,0.000000,0.000000,14.332105,2.693684,0.000000
20260923:2310,0.000000,0.000000,0.000000,0.000000,13.748947,2.609474,0.000000
20260924:0010,0.000000,0.000000,0.000000,0.000000,13.220000,2.530526,0.000000
20260924:0110,0.000000,0.000000,0.000000,0.000000,12.768947,2.528421,0.000000
20260924:0210,0.000000,0.000000,0.000000,0.000000,12.467368,2.482632,0.000000
20260924:0310,0.000000,0.000000,0.000000,0.000000,12.154737,2.529474,0.000000
20260924:0410,0.000000,0.000000,0.000000,0.000000,11.904211,2.526842,0.000000
20260924:0510,0.000000,0.000000,0.000000,0.000000,11.697368,2.551579,0.000000
20260924:0610,7.736842,19.010000,0.000000,4.420000,11.584737,2.603158,0.000000
20260924:0710,63.842105,81.526316,0.000000,14.120000,12.591579,2.511053,0.000000
20260924:0810,113.213684,131.157895,0.000000,23.200000,14.148947,2.933684,0.000000
20260924:0910,157.161579,156.315789,0.000000,31.120000,15.488947,3.386842,0.000000
20260924:1010,172.529474,176.631579,0.000000,37.160000,16.776316,3.516842,0.000000
20260924:1110,214.687895,191.894737,0.000000,38.387368,17.829474,3.575789,0.000000
20260924:1210,174.792105,212.315789,0.000000,40.610000,18.548947,3.524737,0.000000
20260924:1310,219.425789,193.894737,0.000000,37.400000,18.911053,3.460000,0.000000
20260924:1410,145.213684,173.578947,0.000000,29.813684,19.110000,3.343158,0.000000
20260924:1510,115.002105,143.368421,0.000000,23.630000,18.953158,3.238947,0.000000
20260924:1610,79.315789,87.631579,0.000000,14.590000,18.713684,2.961053,0.000000
20260924:1710,10.631579,24.845789,0.000000,4.910000,18.016842,2.632632,0.000000
20260924:1810,0.000000,0.000000,0.000000,0.000000,16.852105,2.738947,0.000000
20260924:1910,0.000000,0.000000,0.000000,0.000000,15.702105,2.877368,0.000000
20260924:2010,0.000000,0.000000,0.000000,0.000000,14.963684,2.896842,0.000000
20260924:2110,0.000000,0.000000,0.000000,0.000000,14.388421,2.973684,0.000000
20260924:2210,0.000000,0.000000,0.000000,0.000000,13.940526,3.033684,0.000000
20260924:2310,0.000000,0.000000,0.000000,0.000000,13.475263,3.121579,0.000000
20260925:0010,0.000000,0.000000,0.000000,0.000000,13.065789,3.143158,0.000000
20260925:0110,0.000000,0.000000,0.000000,0.000000,12.768421,3.067895,0.000000
20260925:0210,0.000000,0.000000,0.000000,0.000000,12.436842,3.012105,0.000000
20260925:0310,0.000000,0.000000,0.000000,0.000000,12.136316,3.055789,0.000000
20260925:0410,0.000000,0.000000,0.000000,0.000000,11.778421,2.871053,0.000000
20260925:0510,0.000000,0.000000,0.000000,0.000000,11.436842,2.856316,0.000000
20260925:0610,6.578947,18.715789,0.000000,3.969474,11.198421,3.051579,0.000000
20260925:0710,57.157895,82.842105,0.000000,13.880000,11.783158,2.711579,0.000000
20260925:0810,138.582105,129.789474,0.000000,22.930000,13.426316,3.060000,0.000000
20260925:0910,224.374211,158.368421,0.000000,30.820000,15.014737,3.278421,0.000000
20260925:1010,239.531579,197.105263,0.000000,36.820000,16.487895,3.492105,0.000000
20260925:1110,233.583158,211.105263,0.000000,40.150000,17.608421,3.593158,0.000000
20260925:1210,258.320526,211.210526,0.000000,40.210000,18.383158,3.633684,0.000000
20260925:1310,181.634737,227.684211,0.000000,37.000000,18.737895,3.698421,0.000000
20260925:1410,105.265263,175.736842,0.000000,31.080000,18.958421,3.790000,0.000000
20260925:1510,123.212105,135.684211,0.000000,23.260000,18.883684,3.579474,0.000000
20260925:1610,57.789474,91.789474,0.000000,14.240000,18.552632,3.360000,0.000000
20260925:1710,10.421053,24.003158,0.000000,4.560000,17.736316,2.885789,0.000000
20260925:1810,0.000000,0.000000,0.000000,0.000000,16.523684,2.774211,0.000000
20260925:1910,0.000000,0.000000,0.000000,0.000000,15.694211,2.621053,0.000000
20260925:2010,0.000000,0.000000,0.000000,0.000000,14.982105,2.621053,0.000000
20260925:2110,0.000000,0.000000,0.000000,0.000000,14.374737,2.656842,0.000000
20260925:2210,0.000000,0.000000,0.000000,0.000000,13.801053,2.652632,0.000000
20260925:2310,0.000000,0.000000,0.000000,0.000000,13.256842,2.649474,0.000000
20260926:0010,0.000000,0.000000,0.000000,0.000000,12.748421,2.588421,0.000000
20260926:0110,0.000000,0.000000,0.000000,0.000000,12.246842,2.610000,0.000000
20260926:0210,0.000000,0.000000,0.000000,0.000000,11.847368,2.620526,0.000000
20260926:0310,0.000000,0.000000,0.000000,0.000000,11.498421,2.621053,0.000000
20260926:0410,0.000000,0.000000,0.000000,0.000000,11.283158,2.643684,0.000000
20260926:0510,0.000000,0.000000,0.000000,0.000000,11.156842,2.683158,0.000000
20260926:0610,5.578947,16.311579,0.000000,3.742105,11.030526,2.730000,0.000000
20260926:0710,58.789474,79.842105,0.000000,13.630000,11.903684,2.658947,0.000000
20260926:0810,123.793158,130.263158,0.000000,22.670000,13.627895,3.174737,0.000000
20260926:0910,208.110526,160.000000,0.000000,30.510000,15.159474,3.534737,0.000000
20260926:1010,233.426842,201.578947,0.000000,36.480000,16.482632,3.851579,0.000000
20260926:1110,233.267368,206.052632,0.000000,39.770000,17.568421,4.022105,0.000000
20260926:1210,247.268421,207.684211,0.000000,39.810000,18.344737,3.985263,0.000000
20260926:1310,239.584211,189.631579,0.000000,36.600000,18.693684,3.978421,0.000000
20260926:1410,178.951053,169.000000,0.000000,30.700000,18.895263,3.857895,0.000000
20260926:1510,110.107368,133.157895,0.000000,22.890000,18.741579,3.821579,0.000000
20260926:1610,52.736842,84.157895,0.000000,13.880000,18.384737,3.498947,0.000000
20260926:1710,0.000000,23.105263,0.000000,4.210000,17.616316,3.182632,0.000000
20260926:1810,0.000000,0.000000,0.000000,0.000000,16.437895,3.190000,0.000000
20260926:1910,0.000000,0.000000,0.000000,0.000000,15.414737,3.077368,0.000000
20260926:2010,0.000000,0.000000,0.000000,0.000000,14.671053,3.096316,0.000000
20260926:2110,0.000000,0.000000,0.000000,0.000000,13.956842,3.081053,0.000000
20260926:2210,0.000000,0.000000,0.000000,0.000000,13.322632,3.023684,0.000000
20260926:2310,0.000000,0.000000,0.000000,0.000000,12.806316,2.910000,0.000000
20260927:0010,0.000000,0.000000,0.000000,0.000000,12.424737,2.877368,0.000000
20260927:0110,0.000000,0.000000,0.000000,0.000000,12.148947,2.830000,0.000000
20260927:0210,0.000000,0.000000,0.000000,0.000000,11.808421,2.784211,0.000000
20260927:0310,0.000000,0.000000,0.000000,0.000000,11.470526,2.740000,0.000000
20260927:0410,0.000000,0.000000,0.000000,0.000000,11.217895,2.722632,0.000000
20260927:0510,0.000000,0.000000,0.000000,0.000000,10.931053,2.697368,0.000000
20260927:0610,4.421053,15.390526,0.000000,3.514737,10.732632,2.722632,0.000000
20260927:0710,49.000000,79.421053,0.000000,13.380000,11.654211,2.838947,0.000000
20260927:0810,100.424211,127.473684,0.000000,22.390000,13.318421,3.100526,0.000000
20260927:0910,175.531053,148.473684,0.000000,30.210000,14.956842,3.516842,0.000000
20260927:1010,253.321579,173.315789,0.000000,36.130000,16.548947,3.828947,0.000000
20260927:1110,246.321053,194.578947,0.000000,39.390000,17.870000,4.054211,0.000000
20260927:1210,260.005263,199.842105,0.000000,39.420000,18.754211,4.193158,0.000000
20260927:1310,271.690000,195.368421,0.000000,36.200000,19.201579,4.159474,0.000000
20260927:1410,195.110526,166.052632,0.000000,30.310000,19.496316,4.061579,0.000000
20260927:1510,116.687368,131.526316,0.000000,22.520000,19.535789,3.974737,0.000000
20260927:1610,60.526316,76.210526,0.000000,13.520000,19.277368,3.607368,0.000000
20260927:1710,0.000000,20.000000,0.000000,3.860000,18.417895,3.075789,0.000000
20260927:1810,0.000000,0.000000,0.000000,0.000000,17.080526,2.972105,0.000000
20260927:1910,0.000000,0.000000,0.000000,0.000000,16.046316,3.013158,0.000000
20260927:2010,0.000000,0.000000,0.000000,0.000000,15.346316,2.993684,0.000000
20260927:2110,0.000000,0.000000,0.000000,0.000000,14.754211,2.954211,0.000000
20260927:2210,0.000000,0.000000,0.000000,0.000000,14.142632,2.837895,0.000000
20260927:2310,0.000000,0.000000,0.000000,0.000000,13.713158,2.823684,0.000000
20260928:0010,0.000000,0.000000,0.000000,0.000000,13.339474,2.870526,0.000000
20260928:0110,0.000000,0.000000,0.000000,0.000000,13.002632,2.825789,0.000000
20260928:0210,0.000000,0.000000,0.000000,0.000000,12.701579,2.734211,0.000000
20260928:0310,0.000000,0.000000,0.000000,0.000000,12.375263,2.638421,0.000000
20260928:0410,0.000000,0.000000,0.000000,0.000000,12.049474,2.606316,0.000000
20260928:0510,0.000000,0.000000,0.000000,0.000000,11.836316,2.627895,0.000000
20260928:0610,3.684211,14.832632,0.000000,3.296842,11.613684,2.650000,0.000000
20260928:0710,46.473684,82.105263,0.000000,13.130000,12.390000,2.395789,0.000000
20260928:0810,112.738421,131.684211,0.000000,22.120000,13.985263,2.674211,0.000000
20260928:0910,166.267895,159.000000,0.000000,29.910000,15.466316,2.943684,0.000000
20260928:1010,228.374211,191.526316,0.000000,35.790000,16.798947,3.085263,0.000000
20260928:1110,197.056316,218.842105,0.000000,39.020000,17.826316,3.237895,0.000000
20260928:1210,196.845789,218.368421,0.000000,39.020000,18.662632,3.423684,0.000000
20260928:1310,228.373684,191.578947,0.000000,35.800000,19.214211,3.491579,0.000000
20260928:1410,185.583684,156.473684,0.000000,29.920000,19.496316,3.451053,0.000000
20260928:1510,114.687368,123.368421,0.000000,22.150000,19.538947,3.458947,0.000000
20260928:1610,51.105263,82.421053,0.000000,13.160000,19.164211,3.124737,0.000000
20260928:1710,0.000000,19.473684,0.000000,3.500000,18.203684,2.711579,0.000000
20260928:1810,0.000000,0.000000,0.000000,0.000000,16.952105,2.758947,0.000000
20260928:1910,0.000000,0.000000,0.000000,0.000000,15.906316,2.686842,0.000000
20260928:2010,0.000000,0.000000,0.000000,0.000000,15.205789,2.737368,0.000000
20260928:2110,0.000000,0.000000,0.000000,0.000000,14.686842,2.750526,0.000000
20260928:2210,0.000000,0.000000,0.000000,0.000000,14.232632,2.733684,0.000000
20260928:2310,0.000000,0.000000,0.000000,0.000000,13.865789,2.765789,0.000000
20260929:0010,0.000000,0.000000,0.000000,0.000000,13.410000,2.820526,0.000000
20260929:0110,0.000000,0.000000,0.000000,0.000000,13.003684,2.889474,0.000000
20260929:0210,0.000000,0.000000,0.000000,0.000000,12.782632,2.951053,0.000000
20260929:0310,0.000000,0.000000,0.000000,0.000000,12.581053,2.972632,0.000000
20260929:0410,0.000000,0.000000,0.000000,0.000000,12.442632,3.013158,0.000000
20260929:0510,0.000000,0.000000,0.000000,0.000000,12.402632,2.984737,0.000000
20260929:0610,2.526316,13.021579,0.000000,3.069474,12.337895,2.966316,0.000000
20260929:0710,37.947368,76.263158,0.000000,12.880000,13.006316,2.893158,0.000000
20260929:0810,94.317895,130.473684,0.000000,21.850000,14.113684,3.077895,0.000000
20260929:0910,142.529474,161.789474,0.000000,29.600000,15.360526,3.357895,0.000000
20260929:1010,147.213684,211.947368,0.000000,35.450000,16.551579,3.582105,0.000000
20260929:1110,183.950000,236.736842,0.000000,38.640000,17.704211,3.897895,0.000000
20260929:1210,213.425789,205.842105,0.000000,38.620000,18.612105,4.017368,0.000000
20260929:1310,225.583684,190.000000,0.000000,35.410000,19.201053,3.973684,0.000000
20260929:1410,174.634737,176.473684,0.000000,29.540000,19.550526,3.985789,0.000000
20260929:1510,116.686316,140.052632,0.000000,21.780000,19.478421,3.748947,0.000000
20260929:1610,60.105263,77.631579,0.000000,12.800000,19.021053,3.394211,0.000000
20260929:1710,0.000000,17.105263,0.000000,3.160000,18.048947,2.987895,0.000000
20260929:1810,0.000000,0.000000,0.000000,0.000000,16.792632,2.683158,0.000000
20260929:1910,0.000000,0.000000,0.000000,0.000000,15.837368,2.546842,0.000000
20260929:2010,0.000000,0.000000,0.000000,0.000000,15.046842,2.594737,0.000000
20260929:2110,0.000000,0.000000,0.000000,0.000000,14.317368,2.519474,0.000000
20260929:2210,0.000000,0.000000,0.000000,0.000000,13.666316,2.477895,0.000000
20260929:2310,0.000000,0.000000,0.000000,0.000000,13.074737,2.424211,0.000000
20260930:0010,0.000000,0.000000,0.000000,0.000000,12.556842,2.363158,0.000000
20260930:0110,0.000000,0.000000,0.000000,0.000000,12.131053,2.325789,0.000000
20260930:0210,0.000000,0.000000,0.000000,0.000000,11.696316,2.279474,0.000000
20260930:0310,0.000000,0.000000,0.000000,0.000000,11.391579,2.235789,0.000000
20260930:0410,0.000000,0.000000,0.000000,0.000000,10.960526,2.250526,0.000000
20260930:0510,0.000000,0.000000,0.000000,0.000000,10.582105,2.264211,0.000000
20260930:0610,3.157895,11.867895,0.000000,2.842105,10.339474,2.225263,0.000000
20260930:0710,47.263158,70.947368,0.000000,12.630000,11.202632,1.992632,0.000000
20260930:0810,115.055789,120.947368,0.000000,21.580000,12.969474,2.225263,0.000000
20260930:0910,150.951053,139.947368,0.000000,27.748421,14.555789,2.406842,0.000000
20260930:1010,228.583684,185.526316,0.000000,35.100000,16.012105,2.497895,0.000000
20260930:1110,224.688947,180.000000,0.000000,36.246316,17.157895,2.631053,0.000000
20260930:1210,224.373684,192.473684,0.000000,38.230000,18.063684,2.832105,0.000000
20260930:1310,220.373158,182.157895,0.000000,35.010000,18.639474,2.914211,0.000000
20260930:1410,181.688421,165.368421,0.000000,29.160000,18.941053,3.009474,0.000000
20260930:1510,111.161053,123.105263,0.000000,21.410000,18.881579,2.921579,0.000000
20260930:1610,46.052632,69.421053,0.000000,12.450000,18.466842,2.561053,0.000000
20260930:1710,0.000000,14.315789,0.000000,2.810000,17.604737,2.325789,0.000000
20260930:1810,0.000000,0.000000,0.000000,0.000000,16.421053,2.519474,0.000000
20260930:1910,0.000000,0.000000,0.000000,0.000000,15.658421,2.638947,0.000000
20260930:2010,0.000000,0.000000,0.000000,0.000000,15.012105,2.813158,0.000000
20260930:2110,0.000000,0.000000,0.000000,0.000000,14.463684,2.893158,0.000000
20260930:2210,0.000000,0.000000,0.000000,0.000000,14.031579,2.976842,0.000000
20260930:2310,0.000000,0.000000,0.000000,0.000000,13.649474,3.049474,0.000000
20261001:0010,0.000000,0.000000,0.000000,0.000000,13.350526,3.133158,0.000000
20261001:0110,0.000000,0.000000,0.000000,0.000000,13.046316,3.143158,0.000000
20261001:0210,0.000000,0.000000,0.000000,0.000000,12.803684,3.141579,0.000000
20261001:0310,0.000000,0.000000,0.000000,0.000000,12.618421,3.183158,0.000000
20261001:0410,0.000000,0.000000,0.000000,0.000000,12.491053,3.157895,0.000000
20261001:0510,0.000000,0.000000,0.000000,0.000000,12.362632,3.163158,0.000000
20261001:0610,1.315789,9.045789,0.000000,2.614737,12.218947,3.154737,0.000000
20261001:0710,44.105263,61.789474,0.000000,11.728421,12.798947,3.208947,0.000000
20261001:0810,119.740526,108.578947,0.000000,21.300000,14.030526,3.472632,0.000000
20261001:0910,140.793158,146.736842,0.000000,28.990000,15.278947,3.913158,0.000000
20261001:1010,157.267368,172.947368,0.000000,34.760000,16.455263,4.177895,0.000000
20261001:1110,174.318947,212.210526,0.000000,37.880000,17.544211,4.431579,0.000000
20261001:1210,181.844737,232.578947,0.000000,37.830000,18.303684,4.516316,0.000000
20261001:1310,198.057368,188.842105,0.000000,34.620000,18.802105,4.649474,0.000000
20261001:1410,129.423684,167.736842,0.000000,28.770000,18.901579,4.570000,0.000000
20261001:1510,129.266316,114.526316,0.000000,21.040000,18.665789,4.359474,0.000000
20261001:1610,43.789474,72.947368,0.000000,12.090000,18.123684,4.036316,0.000000
20261001:1710,0.000000,10.684211,0.000000,2.460000,17.300526,3.734737,0.000000
20261001:1810,0.000000,0.000000,0.000000,0.000000,16.248947,3.586316,0.000000
20261001:1910,0.000000,0.000000,0.000000,0.000000,15.369474,3.447895,0.000000
20261001:2010,0.000000,0.000000,0.000000,0.000000,14.786842,3.401579,0.000000
20261001:2110,0.000000,0.000000,0.000000,0.000000,14.278947,3.354211,0.000000
20261001:2210,0.000000,0.000000,0.000000,0.000000,13.851579,3.360000,0.000000
20261001:2310,0.000000,0.000000,0.000000,0.000000,13.585263,3.329474,0.000000
20261002:0010,0.000000,0.000000,0.000000,0.000000,13.315789,3.296316,0.000000
20261002:0110,0.000000,0.000000,0.000000,0.000000,13.002632,3.252632,0.000000
20261002:0210,0.000000,0.000000,0.000000,0.000000,12.810526,3.183158,0.000000
20261002:0310,0.000000,0.000000,0.000000,0.000000,12.669474,3.205789,0.000000
20261002:0410,0.000000,0.000000,0.000000,0.000000,12.615263,3.263158,0.000000
20261002:0510,0.000000,0.000000,0.000000,0.000000,12.489474,3.285263,0.000000
20261002:0610,0.684211,8.026842,0.000000,2.387368,12.354737,3.331579,0.000000
20261002:0710,44.631579,68.789474,0.000000,12.130000,12.741579,3.150526,0.000000
20261002:0810,79.686316,124.684211,0.000000,21.020000,13.828421,3.447895,0.000000
20261002:0910,123.897368,149.789474,0.000000,28.680000,15.014211,3.688421,0.000000
20261002:1010,161.108947,204.315789,0.000000,34.410000,16.094211,3.745789,0.000000
20261002:1110,146.107895,213.210526,0.000000,37.510000,17.167895,3.984737,0.000000
20261002:1210,154.003684,173.736842,0.000000,37.440000,17.864211,3.989474,0.000000
20261002:1310,131.424211,191.526316,0.000000,34.220000,18.296316,3.934211,0.000000
20261002:1410,122.949474,146.684211,0.000000,28.390000,18.510526,3.916316,0.000000
20261002:1510,75.054211,110.894737,0.000000,20.680000,18.247895,3.775789,0.000000
20261002:1610,44.052632,71.421053,0.000000,11.740000,17.757368,3.423684,0.000000
20261002:1710,0.000000,8.842105,0.000000,2.110000,17.023158,3.063158,0.000000
20261002:1810,0.000000,0.000000,0.000000,0.000000,16.012105,2.991053,0.000000
20261002:1910,0.000000,0.000000,0.000000,0.000000,15.393158,3.012632,0.000000
20261002:2010,0.000000,0.000000,0.000000,0.000000,14.936842,2.980000,0.000000
20261002:2110,0.000000,0.000000,0.000000,0.000000,14.540000,2.881579,0.000000
20261002:2210,0.000000,0.000000,0.000000,0.000000,14.138421,2.874737,0.000000
20261002:2310,0.000000,0.000000,0.000000,0.000000,13.707895,2.856316,0.000000
20261003:0010,0.000000,0.000000,0.000000,0.000000,13.205263,2.837368,0.000000
20261003:0110,0.000000,0.000000,0.000000,0.000000,12.732105,2.845263,0.000000
20261003:0210,0.000000,0.000000,0.000000,0.000000,12.262632,2.922105,0.000000
20261003:0310,0.000000,0.000000,0.000000,0.000000,11.902105,2.942632,0.000000
20261003:0410,0.000000,0.000000,0.000000,0.000000,11.711579,2.928421,0.000000
20261003:0510,0.000000,0.000000,0.000000,0.000000,11.601579,2.932105,0.000000
20261003:0610,0.000000,6.368421,0.000000,2.160000,11.441053,2.794211,0.000000
20261003:0710,52.421053,64.947368,0.000000,11.870000,11.966316,2.630526,0.000000
20261003:0810,114.477368,112.947368,0.000000,20.750000,13.364211,2.915789,0.000000
20261003:0910,145.845263,134.315789,0.000000,28.370000,14.730526,3.342105,0.000000
20261003:1010,178.635263,155.421053,0.000000,34.070000,15.902632,3.666316,0.000000
20261003:1110,210.320000,202.421053,0.000000,37.130000,16.790000,3.789474,0.000000
20261003:1210,181.110000,178.842105,0.000000,37.040000,17.386842,3.828947,0.000000
20261003:1310,160.477368,187.789474,0.000000,33.830000,17.781579,3.817895,0.000000
20261003:1410,156.951053,155.315789,0.000000,28.010000,18.026842,3.648947,0.000000
20261003:1510,104.160526,124.578947,0.000000,20.310000,18.027368,3.487895,0.000000
20261003:1610,56.789474,65.000000,0.000000,11.390000,17.621579,3.155263,0.000000
20261003:1710,0.000000,6.842105,0.000000,1.770000,16.721053,2.726316,0.000000
20261003:1810,0.000000,0.000000,0.000000,0.000000,15.536316,2.727368,0.000000
20261003:1910,0.000000,0.000000,0.000000,0.000000,14.400526,2.536842,0.000000
20261003:2010,0.000000,0.000000,0.000000,0.000000,13.807368,2.566316,0.000000
20261003:2110,0.000000,0.000000,0.000000,0.000000,13.387895,2.643684,0.000000
20261003:2210,0.000000,0.000000,0.000000,0.000000,13.118421,2.772632,0.000000
20261003:2310,0.000000,0.000000,0.000000,0.000000,12.903684,2.812632,0.000000
20261004:0010,0.000000,0.000000,0.000000,0.000000,12.479474,2.867895,0.000000
20261004:0110,0.000000,0.000000,0.000000,0.000000,11.992632,3.020000,0.000000
20261004:0210,0.000000,0.000000,0.000000,0.000000,11.640526,3.049474,0.000000
20261004:0310,0.000000,0.000000,0.000000,0.000000,11.339474,3.018421,0.000000
20261004:0410,0.000000,0.000000,0.000000,0.000000,11.132632,2.973158,0.000000
20261004:0510,0.000000,0.000000,0.000000,0.000000,10.914737,2.966316,0.000000
20261004:0610,0.000000,5.631579,0.000000,1.932632,10.762632,3.017368,0.000000
20261004:0710,40.789474,71.105263,0.000000,11.620000,11.223684,2.892632,0.000000
20261004:0810,99.476316,125.368421,0.000000,20.470000,12.717368,3.197895,0.000000
20261004:0910,118.318421,153.473684,0.000000,28.060000,14.118947,3.495263,0.000000
20261004:1010,150.161053,211.052632,0.000000,33.720000,15.449474,3.764211,0.000000
20261004:1110,131.634211,221.421053,0.000000,36.750000,16.477368,3.815263,0.000000
20261004:1210,213.267895,187.157895,0.000000,36.650000,17.291579,3.881053,0.000000
20261004:1310,183.267368,179.052632,0.000000,33.440000,17.705789,4.000000,0.000000
20261004:1410,142.056842,145.263158,0.000000,27.630000,17.877368,3.949474,0.000000
20261004:1510,98.581579,108.526316,0.000000,19.950000,17.793684,3.793684,0.000000
20261004:1610,45.684211,66.210526,0.000000,11.040000,17.421579,3.251053,0.000000
20261004:1710,0.000000,3.684211,0.000000,1.128947,16.583158,2.842105,0.000000
20261004:1810,0.000000,0.000000,0.000000,0.000000,15.396842,2.878947,0.000000
20261004:1910,0.000000,0.000000,0.000000,0.000000,14.523158,2.972632,0.000000
20261004:2010,0.000000,0.000000,0.000000,0.000000,13.964737,3.045263,0.000000
20261004:2110,0.000000,0.000000,0.000000,0.000000,13.513684,3.143158,0.000000
20261004:2210,0.000000,0.000000,0.000000,0.000000,13.231579,3.252105,0.000000
20261004:2310,0.000000,0.000000,0.000000,0.000000,13.006842,3.365789,0.000000
20261005:0010,0.000000,0.000000,0.000000,0.000000,12.815789,3.484211,0.000000
20261005:0110,0.000000,0.000000,0.000000,0.000000,12.675789,3.597368,0.000000
20261005:0210,0.000000,0.000000,0.000000,0.000000,12.477368,3.680000,0.000000
20261005:0310,0.000000,0.000000,0.000000,0.000000,12.291053,3.722632,0.000000
20261005:0410,0.000000,0.000000,0.000000,0.000000,12.124737,3.705789,0.000000
20261005:0510,0.000000,0.000000,0.000000,0.000000,12.005789,3.708947,0.000000
20261005:0610,0.000000,3.578947,0.000000,1.705263,11.902105,3.753684,0.000000
20261005:0710,33.157895,58.526316,0.000000,11.360000,12.214211,3.775263,0.000000
20261005:0810,79.213158,101.421053,0.000000,20.190000,13.210000,4.029474,0.000000
20261005:0910,102.581579,146.789474,0.000000,27.750000,14.382105,4.482632,0.000000
20261005:1010,102.371053,166.684211,0.000000,33.380000,15.427368,4.582105,0.000000
20261005:1110,129.265263,195.000000,0.000000,36.380000,16.196842,4.501053,0.000000
20261005:1210,158.214211,182.842105,0.000000,36.260000,16.988947,4.666842,0.000000
20261005:1310,101.054211,155.842105,0.000000,33.050000,17.541053,4.794211,0.000000
20261005:1410,81.001579,145.052632,0.000000,27.260000,17.802105,4.903158,0.000000
20261005:1510,42.580000,106.842105,0.000000,19.590000,17.750000,4.638421,0.000000
20261005:1610,26.526316,58.421053,0.000000,10.690000,17.491053,4.225263,0.000000
20261005:1710,0.000000,0.631579,0.000000,0.057368,16.850000,3.934211,0.000000
20261005:1810,0.000000,0.000000,0.000000,0.000000,16.003158,3.846842,0.000000
20261005:1910,0.000000,0.000000,0.000000,0.000000,15.390000,3.792632,0.000000
20261005:2010,0.000000,0.000000,0.000000,0.000000,14.917895,3.679474,0.000000
20261005:2110,0.000000,0.000000,0.000000,0.000000,14.465263,3.543158,0.000000
20261005:2210,0.000000,0.000000,0.000000,0.000000,14.042632,3.437368,0.000000
20261005:2310,0.000000,0.000000,0.000000,0.000000,13.699474,3.401053,0.000000
20261006:0010,0.000000,0.000000,0.000000,0.000000,13.391053,3.310526,0.000000
20261006:0110,0.000000,0.000000,0.000000,0.000000,13.129474,3.249474,0.000000
20261006:0210,0.000000,0.000000,0.000000,0.000000,12.897895,3.204211,0.000000
20261006:0310,0.000000,0.000000,0.000000,0.000000,12.635263,3.233684,0.000000
20261006:0410,0.000000,0.000000,0.000000,0.000000,12.525789,3.314737,0.000000
20261006:0510,0.000000,0.000000,0.000000,0.000000,12.416316,3.390000,0.000000
20261006:0610,0.000000,3.052632,0.000000,1.142105,12.256842,3.506316,0.000000
20261006:0710,40.842105,62.263158,0.000000,11.110000,12.394737,3.445263,0.000000
20261006:0810,96.951053,113.210526,0.000000,19.910000,13.457895,3.662632,0.000000
20261006:0910,141.582632,149.105263,0.000000,27.440000,14.706842,4.231053,0.000000
20261006:1010,176.108421,201.315789,0.000000,33.030000,15.877368,4.410000,0.000000
20261006:1110,204.635789,203.368421,0.000000,36.000000,16.742632,4.467895,0.000000
20261006:1210,152.213684,181.947368,0.000000,35.870000,17.305263,4.388947,0.000000
20261006:1310,175.845789,185.368421,0.000000,32.660000,17.715789,4.331053,0.000000
20261006:1410,123.582105,145.894737,0.000000,26.880000,17.986842,4.377368,0.000000
20261006:1510,66.317895,105.789474,0.000000,19.230000,17.775263,4.217368,0.000000
20261006:1610,35.947368,58.684211,0.000000,10.340000,17.235789,3.862105,0.000000
20261006:1710,0.000000,0.842105,0.000000,0.039474,16.421579,3.499474,0.000000
20261006:1810,0.000000,0.000000,0.000000,0.000000,15.499474,3.391053,0.000000
20261006:1910,0.000000,0.000000,0.000000,0.000000,14.562632,3.223158,0.000000
20261006:2010,0.000000,0.000000,0.000000,0.000000,13.960000,3.172105,0.000000
20261006:2110,0.000000,0.000000,0.000000,0.000000,13.508947,3.201579,0.000000
20261006:2210,0.000000,0.000000,0.000000,0.000000,13.065789,3.155263,0.000000
20261006:2310,0.000000,0.000000,0.000000,0.000000,12.742105,3.122105,0.000000
20261007:0010,0.000000,0.000000,0.000000,0.000000,12.439474,3.105789,0.000000
20261007:0110,0.000000,0.000000,0.000000,0.000000,12.182632,3.097368,0.000000
20261007:0210,0.000000,0.000000,0.000000,0.000000,11.922105,3.074737,0.000000
20261007:0310,0.000000,0.000000,0.000000,0.000000,11.708947,3.027368,0.000000
20261007:0410,0.000000,0.000000,0.000000,0.000000,11.502105,2.965263,0.000000
20261007:0510,0.000000,0.000000,0.000000,0.000000,11.396842,2.943684,0.000000
20261007:0610,0.000000,0.000000,0.000000,0.000000,11.201053,2.907895,0.000000
20261007:0710,49.526316,59.789474,0.000000,10.850000,11.305789,2.824737,0.000000
20261007:0810,107.581579,122.473684,0.000000,19.630000,12.707368,2.911579,0.000000
20261007:0910,168.531579,137.000000,0.000000,27.120000,14.184737,3.332105,0.000000
20261007:1010,193.636316,176.315789,0.000000,32.680000,15.410000,3.235263,0.000000
20261007:1110,195.898947,214.947368,0.000000,35.620000,16.412105,3.294737,0.000000
20261007:1210,153.372105,181.894737,0.000000,35.480000,17.086316,3.426316,0.000000
20261007:1310,151.581579,179.578947,0.000000,32.270000,17.593158,3.362105,0.000000
20261007:1410,154.214737,142.368421,0.000000,26.510000,17.736316,3.248947,0.000000
20261007:1510,78.053684,115.631579,0.000000,18.870000,17.646842,3.146316,0.000000
20261007:1610,36.894737,63.526316,0.000000,10.000000,17.229474,2.923158,0.000000
20261007:1710,0.000000,0.789474,0.000000,0.021579,16.302105,2.721579,0.000000
20261007:1810,0.000000,0.000000,0.000000,0.000000,15.252632,2.707895,0.000000
20261007:1910,0.000000,0.000000,0.000000,0.000000,14.195263,2.747368,0.000000
20261007:2010,0.000000,0.000000,0.000000,0.000000,13.595263,2.845263,0.000000
20261007:2110,0.000000,0.000000,0.000000,0.000000,13.104737,2.830526,0.000000
20261007:2210,0.000000,0.000000,0.000000,0.000000,12.692105,2.764737,0.000000
20261007:2310,0.000000,0.000000,0.000000,0.000000,12.367368,2.718421,0.000000
20261008:0010,0.000000,0.000000,0.000000,0.000000,12.027895,2.720000,0.000000
20261008:0110,0.000000,0.000000,0.000000,0.000000,11.844211,2.686316,0.000000
20261008:0210,0.000000,0.000000,0.000000,0.000000,11.656842,2.637895,0.000000
20261008:0310,0.000000,0.000000,0.000000,0.000000,11.503684,2.599474,0.000000
20261008:0410,0.000000,0.000000,0.000000,0.000000,11.447368,2.540526,0.000000
20261008:0510,0.000000,0.000000,0.000000,0.000000,11.320000,2.489474,0.000000
20261008:0610,0.000000,0.000000,0.000000,0.000000,11.215263,2.392105,0.000000
20261008:0710,29.947368,62.052632,0.000000,10.590000,11.402105,2.416842,0.000000
20261008:0810,73.001579,118.526316,0.000000,19.350000,12.682105,2.654737,0.000000
20261008:0910,118.318947,156.684211,0.000000,26.810000,14.012632,2.815789,0.000000
20261008:1010,202.584211,169.947368,0.000000,32.340000,15.311053,2.941053,0.000000
20261008:1110,225.531579,172.842105,0.000000,35.250000,16.420000,3.078421,0.000000
20261008:1210,160.476316,177.105263,0.000000,33.243158,17.202105,3.084737,0.000000
20261008:1310,181.477895,171.473684,0.000000,31.890000,17.671053,3.117368,0.000000
20261008:1410,127.898421,143.526316,0.000000,26.130000,17.984737,3.088947,0.000000
20261008:1510,87.686842,113.210526,0.000000,18.510000,17.947895,3.125789,0.000000
20261008:1610,32.842105,64.157895,0.000000,9.650000,17.573158,2.890526,0.000000
20261008:1710,0.000000,0.473684,0.000000,0.004211,16.673684,2.877895,0.000000
20261008:1810,0.000000,0.000000,0.000000,0.000000,15.615789,2.911053,0.000000
20261008:1910,0.000000,0.000000,0.000000,0.000000,14.756316,2.837895,0.000000
20261008:2010,0.000000,0.000000,0.000000,0.000000,14.122632,2.775789,0.000000
20261008:2110,0.000000,0.000000,0.000000,0.000000,13.577368,2.753684,0.000000
20261008:2210,0.000000,0.000000,0.000000,0.000000,13.174737,2.732105,0.000000
20261008:2310,0.000000,0.000000,0.000000,0.000000,12.816842,2.732632,0.000000
20261009:0010,0.000000,0.000000,0.000000,0.000000,12.513684,2.697368,0.000000
20261009:0110,0.000000,0.000000,0.000000,0.000000,12.244737,2.661053,0.000000
20261009:0210,0.000000,0.000000,0.000000,0.000000,11.993684,2.606316,0.000000
20261009:0310,0.000000,0.000000,0.000000,0.000000,11.722632,2.522632,0.000000
20261009:0410,0.000000,0.000000,0.000000,0.000000,11.473158,2.479474,0.000000
20261009:0510,0.000000,0.000000,0.000000,0.000000,11.243684,2.427895,0.000000
20261009:0610,0.000000,0.000000,0.000000,0.000000,11.080000,2.374737,0.000000
20261009:0710,39.631579,59.105263,0.000000,10.330000,11.294211,2.218421,0.000000
20261009:0810,100.793158,108.315789,0.000000,19.070000,12.697368,2.224737,0.000000
20261009:0910,161.005263,127.368421,0.000000,26.500000,14.136316,2.400526,0.000000
20261009:1010,217.584211,162.631579,0.000000,31.990000,15.428947,2.449474,0.000000
20261009:1110,263.585263,160.684211,0.000000,34.880000,16.556842,2.642632,0.000000
20261009:1210,262.742632,167.368421,0.000000,34.700000,17.394737,2.812632,0.000000
20261009:1310,226.690526,151.894737,0.000000,31.500000,17.882105,2.954737,0.000000
20261009:1410,152.425789,135.105263,0.000000,25.760000,18.092632,3.012105,0.000000
20261009:1510,102.530000,106.421053,0.000000,18.160000,18.048421,3.049474,0.000000
20261009:1610,43.157895,56.263158,0.000000,9.310000,17.593684,2.714211,0.000000
20261009:1710,0.000000,0.000000,0.000000,-0.013684,16.622632,2.561579,0.000000
20261009:1810,0.000000,0.000000,0.000000,0.000000,15.471579,2.563158,0.000000
20261009:1910,0.000000,0.000000,0.000000,0.000000,14.590000,2.649474,0.000000
20261009:2010,0.000000,0.000000,0.000000,0.000000,13.938421,2.794737,0.000000
20261009:2110,0.000000,0.000000,0.000000,0.000000,13.406316,2.892632,0.000000
20261009:2210,0.000000,0.000000,0.000000,0.000000,13.077895,2.976316,0.000000
20261009:2310,0.000000,0.000000,0.000000,0.000000,12.627895,2.910526,0.000000
20261010:0010,0.000000,0.000000,0.000000,0.000000,12.137895,2.799474,0.000000
20261010:0110,0.000000,0.000000,0.000000,0.000000,11.791579,2.743684,0.000000
20261010:0210,0.000000,0.000000,0.000000,0.000000,11.504737,2.685789,0.000000
20261010:0310,0.000000,0.000000,0.000000,0.000000,11.194737,2.598947,0.000000
20261010:0410,0.000000,0.000000,0.000000,0.000000,10.861053,2.576316,0.000000
20261010:0510,0.000000,0.000000,0.000000,0.000000,10.579474,2.554737,0.000000
20261010:0610,0.000000,0.000000,0.000000,0.000000,10.334737,2.522105,0.000000
20261010:0710,36.210526,62.842105,0.000000,10.070000,10.710000,2.428947,0.000000
20261010:0810,105.003684,108.789474,0.000000,18.780000,12.382105,2.652632,0.000000
20261010:0910,127.003158,142.631579,0.000000,26.190000,14.044211,3.035263,0.000000
20261010:1010,200.320526,170.578947,0.000000,31.650000,15.497368,3.317895,0.000000
20261010:1110,226.110000,180.684211,0.000000,34.500000,16.681053,3.490000,0.000000
20261010:1210,234.795263,173.315789,0.000000,34.320000,17.555789,3.636316,0.000000
20261010:1310,248.427368,149.263158,0.000000,31.120000,18.156316,3.778947,0.000000
20261010:1410,187.322105,129.000000,0.000000,25.400000,18.327368,3.748947,0.000000
20261010:1510,91.424737,102.421053,0.000000,17.810000,18.193158,3.660000,0.000000
20261010:1610,35.631579,56.315789,0.000000,8.980000,17.683158,3.146316,0.000000
20261010:1710,0.000000,0.000000,0.000000,-0.030526,16.503684,2.957895,0.000000
20261010:1810,0.000000,0.000000,0.000000,0.000000,15.293158,2.981053,0.000000
20261010:1910,0.000000,0.000000,0.000000,0.000000,14.600526,3.002105,0.000000
20261010:2010,0.000000,0.000000,0.000000,0.000000,13.972632,3.055263,0.000000
20261010:2110,0.000000,0.000000,0.000000,0.000000,13.450526,3.077895,0.000000
20261010:2210,0.000000,0.000000,0.000000,0.000000,13.037368,3.030526,0.000000
20261010:2310,0.000000,0.000000,0.000000,0.000000,12.696842,3.004737,0.000000
20261011:0010,0.000000,0.000000,0.000000,0.000000,12.400526,2.957895,0.000000
20261011:0110,0.000000,0.000000,0.000000,0.000000,12.093158,2.882105,0.000000
20261011:0210,0.000000,0.000000,0.000000,0.000000,11.782105,2.849474,0.000000
20261011:0310,0.000000,0.000000,0.000000,0.000000,11.530526,2.801579,0.000000
20261011:0410,0.000000,0.000000,0.000000,0.000000,11.278947,2.791053,0.000000
20261011:0510,0.000000,0.000000,0.000000,0.000000,11.060526,2.794737,0.000000
20261011:0610,0.000000,0.000000,0.000000,0.000000,10.910000,2.753684,0.000000
20261011:0710,23.421053,59.368421,0.000000,9.810000,11.261579,2.867368,0.000000
20261011:0810,77.212632,113.526316,0.000000,18.500000,12.323684,3.234211,0.000000
20261011:0910,105.687368,145.368421,0.000000,25.870000,13.616842,3.485789,0.000000
20261011:1010,181.215263,179.736842,0.000000,31.300000,15.004737,3.607895,0.000000
20261011:1110,188.531053,149.263158,0.000000,30.537368,16.238947,3.760526,0.000000
20261011:1210,225.636842,150.421053,0.000000,30.367368,17.244211,3.912632,0.000000
20261011:1310,198.742632,175.210526,0.000000,30.740000,17.896842,3.992105,0.000000
20261011:1410,166.215789,129.157895,0.000000,25.030000,18.238421,3.950000,0.000000
20261011:1510,108.740000,98.894737,0.000000,17.460000,18.212632,3.734211,0.000000
20261011:1610,41.157895,51.631579,0.000000,8.640000,17.675789,3.245263,0.000000
20261011:1710,0.000000,0.000000,0.000000,-0.047895,16.488947,3.026842,0.000000
20261011:1810,0.000000,0.000000,0.000000,0.000000,15.268421,3.013158,0.000000
20261011:1910,0.000000,0.000000,0.000000,0.000000,14.388947,2.984211,0.000000
20261011:2010,0.000000,0.000000,0.000000,0.000000,13.938947,2.997895,0.000000
20261011:2110,0.000000,0.000000,0.000000,0.000000,13.541579,2.987895,0.000000
20261011:2210,0.000000,0.000000,0.000000,0.000000,13.167368,2.961579,0.000000
20261011:2310,0.000000,0.000000,0.000000,0.000000,12.842105,2.939474,0.000000
20261012:0010,0.000000,0.000000,0.000000,0.000000,12.477368,2.881579,0.000000
20261012:0110,0.000000,0.000000,0.000000,0.000000,12.083684,2.791053,0.000000
20261012:0210,0.000000,0.000000,0.000000,0.000000,11.739474,2.765789,0.000000
20261012:0310,0.000000,0.000000,0.000000,0.000000,11.493158,2.787368,0.000000
20261012:0410,0.000000,0.000000,0.000000,0.000000,11.248947,2.764737,0.000000
20261012:0510,0.000000,0.000000,0.000000,0.000000,11.039474,2.740526,0.000000
20261012:0610,0.000000,0.000000,0.000000,0.000000,10.842105,2.798421,0.000000
20261012:0710,31.315789,59.473684,0.000000,9.550000,10.877895,2.752105,0.000000
20261012:0810,93.530000,109.684211,0.000000,18.220000,11.957368,2.889474,0.000000
20261012:0910,159.110526,133.789474,0.000000,25.560000,13.153158,3.299474,0.000000
20261012:1010,161.898421,189.578947,0.000000,30.960000,14.366316,3.483158,0.000000
20261012:1110,199.794737,164.894737,0.000000,30.206316,15.472632,3.713684,0.000000
20261012:1210,154.845789,204.421053,0.000000,33.550000,16.333158,3.985789,0.000000
20261012:1310,176.635789,170.263158,0.000000,30.360000,16.838421,3.851053,0.000000
20261012:1410,96.054211,155.000000,0.000000,24.670000,17.101579,3.737895,0.000000
20261012:1510,80.475789,102.578947,0.000000,17.110000,17.211579,3.502632,0.000000
20261012:1610,30.052632,52.421053,0.000000,8.310000,16.933684,3.020000,0.000000
20261012:1710,0.000000,0.000000,0.000000,-0.064737,16.104737,2.827368,0.000000
20261012:1810,0.000000,0.000000,0.000000,0.000000,15.124737,2.793684,0.000000
20261012:1910,0.000000,0.000000,0.000000,0.000000,14.224737,2.721579,0.000000
20261012:2010,0.000000,0.000000,0.000000,0.000000,13.653158,2.798421,0.000000
20261012:2110,0.000000,0.000000,0.000000,0.000000,13.195789,2.871579,0.000000
20261012:2210,0.000000,0.000000,0.000000,0.000000,12.842632,2.910526,0.000000
20261012:2310,0.000000,0.000000,0.000000,0.000000,12.577368,2.947895,0.000000
20261013:0010,0.000000,0.000000,0.000000,0.000000,12.365789,2.983684,0.000000
20261013:0110,0.000000,0.000000,0.000000,0.000000,12.143158,3.001579,0.000000
20261013:0210,0.000000,0.000000,0.000000,0.000000,11.944737,2.965263,0.000000
20261013:0310,0.000000,0.000000,0.000000,0.000000,11.719474,2.981579,0.000000
20261013:0410,0.000000,0.000000,0.000000,0.000000,11.492632,3.003158,0.000000
20261013:0510,0.000000,0.000000,0.000000,0.000000,11.288421,3.074211,0.000000
20261013:0610,0.000000,0.000000,0.000000,0.000000,11.144211,3.168947,0.000000
20261013:0710,31.789474,55.473684,0.000000,9.290000,11.241579,3.063684,0.000000
20261013:0810,90.106842,107.894737,0.000000,17.930000,12.464211,3.245263,0.000000
20261013:0910,132.267368,153.894737,0.000000,25.250000,13.897368,3.654737,0.000000
20261013:1010,210.742632,161.000000,0.000000,30.610000,15.156316,3.798947,0.000000
20261013:1110,195.004211,182.947368,0.000000,33.390000,16.199474,3.939474,0.000000
20261013:1210,180.951579,157.578947,0.000000,31.424211,16.981053,4.093684,0.000000
20261013:1310,165.583684,169.157895,0.000000,29.990000,17.301579,4.061053,0.000000
20261013:1410,108.160000,143.736842,0.000000,24.310000,17.391579,3.927368,0.000000
20261013:1510,74.685789,102.421053,0.000000,16.770000,17.124211,3.676316,0.000000
20261013:1610,35.315789,51.315789,0.000000,7.980000,16.597368,3.252632,0.000000
20261013:1710,0.000000,0.000000,0.000000,-0.082105,15.609474,3.017368,0.000000
20261013:1810,0.000000,0.000000,0.000000,0.000000,14.589474,2.973684,0.000000
20261013:1910,0.000000,0.000000,0.000000,0.000000,14.010526,2.940000,0.000000
20261013:2010,0.000000,0.000000,0.000000,0.000000,13.437895,2.827895,0.000000
20261013:2110,0.000000,0.000000,0.000000,0.000000,12.877895,2.721579,0.000000
20261013:2210,0.000000,0.000000,0.000000,0.000000,12.365789,2.688947,0.000000
20261013:2310,0.000000,0.000000,0.000000,0.000000,12.017368,2.641579,0.000000
20261014:0010,0.000000,0.000000,0.000000,0.000000,11.595263,2.594737,0.000000
20261014:0110,0.000000,0.000000,0.000000,0.000000,11.326316,2.503684,0.000000
20261014:0210,0.000000,0.000000,0.000000,0.000000,11.099474,2.373158,0.000000
20261014:0310,0.000000,0.000000,0.000000,0.000000,10.791579,2.420526,0.000000
20261014:0410,0.000000,0.000000,0.000000,0.000000,10.464737,2.594737,0.000000
20261014:0510,0.000000,0.000000,0.000000,0.000000,10.235263,2.573158,0.000000
20261014:0610,0.000000,0.000000,0.000000,0.000000,10.106842,2.543684,0.000000
20261014:0710,38.210526,50.052632,0.000000,9.030000,10.293158,2.562632,0.000000
20261014:0810,117.005263,91.842105,0.000000,17.650000,11.429474,2.840526,0.000000
20261014:0910,167.900526,130.842105,0.000000,24.930000,12.791579,3.310000,0.000000
20261014:1010,207.636842,148.368421,0.000000,30.270000,14.003158,3.492105,0.000000
20261014:1110,211.110000,153.947368,0.000000,33.030000,15.024737,3.516316,0.000000
20261014:1210,213.952105,134.421053,0.000000,31.073684,15.754211,3.495789,0.000000
20261014:1310,223.374737,126.473684,0.000000,29.620000,16.176316,3.466842,0.000000
20261014:1410,148.846842,117.526316,0.000000,23.950000,16.344211,3.321053,0.000000
20261014:1510,76.950526,89.684211,0.000000,16.420000,16.284737,3.127895,0.000000
20261014:1610,26.894737,44.157895,0.000000,7.650000,15.882105,2.770000,0.000000
20261014:1710,0.000000,0.000000,0.000000,0.000000,14.816316,2.708421,0.000000
20261014:1810,0.000000,0.000000,0.000000,0.000000,13.645263,2.758421,0.000000
20261014:1910,0.000000,0.000000,0.000000,0.000000,12.993684,3.016842,0.000000
20261014:2010,0.000000,0.000000,0.000000,0.000000,12.436316,3.140000,0.000000
20261014:2110,0.000000,0.000000,0.000000,0.000000,11.978421,3.147368,0.000000
20261014:2210,0.000000,0.000000,0.000000,0.000000,11.530526,3.049474,0.000000
20261014:2310,0.000000,0.000000,0.000000,0.000000,11.086316,2.900000,0.000000
20261015:0010,0.000000,0.000000,0.000000,0.000000,10.724737,2.868421,0.000000
20261015:0110,0.000000,0.000000,0.000000,0.000000,10.496316,2.948421,0.000000
20261015:0210,0.000000,0.000000,0.000000,0.000000,10.300526,2.979474,0.000000
20261015:0310,0.000000,0.000000,0.000000,0.000000,10.063684,2.993158,0.000000
20261015:0410,0.000000,0.000000,0.000000,0.000000,9.803684,3.080526,0.000000
20261015:0510,0.000000,0.000000,0.000000,0.000000,9.552105,3.074211,0.000000
20261015:0610,0.000000,0.000000,0.000000,0.000000,9.360000,3.084737,0.000000
20261015:0710,35.631579,53.894737,0.000000,8.770000,9.381053,2.861579,0.000000
20261015:0810,94.056842,97.631579,0.000000,17.360000,10.613684,3.085789,0.000000
20261015:0910,149.004737,129.789474,0.000000,24.620000,12.154211,3.651579,0.000000
20261015:1010,164.373158,159.157895,0.000000,29.930000,13.418421,3.781579,0.000000
20261015:1110,187.056842,168.526316,0.000000,32.660000,14.511053,3.941053,0.000000
20261015:1210,191.425789,169.473684,0.000000,32.420000,15.289474,3.985789,0.000000
20261015:1310,143.951053,148.263158,0.000000,27.710526,15.711579,3.950000,0.000000
20261015:1410,108.740000,120.105263,0.000000,22.348421,15.953684,3.995789,0.000000
20261015:1510,74.002105,92.789474,0.000000,15.243158,15.842105,3.745789,0.000000
20261015:1610,22.842105,44.789474,0.000000,6.944211,15.352632,3.173158,0.000000
20261015:1710,0.000000,0.000000,0.000000,0.000000,14.364211,2.832105,0.000000
20261015:1810,0.000000,0.000000,0.000000,0.000000,13.429474,2.729474,0.000000
20261015:1910,0.000000,0.000000,0.000000,0.000000,12.690000,2.835263,0.000000
20261015:2010,0.000000,0.000000,0.000000,0.000000,12.227895,2.802105,0.000000
20261015:2110,0.000000,0.000000,0.000000,0.000000,11.786842,2.813158,0.000000
20261015:2210,0.000000,0.000000,0.000000,0.000000,11.346316,2.790526,0.000000
20261015:2310,0.000000,0.000000,0.000000,0.000000,10.977368,2.741053,0.000000
20261016:0010,0.000000,0.000000,0.000000,0.000000,10.640526,2.671053,0.000000
20261016:0110,0.000000,0.000000,0.000000,0.000000,10.423158,2.598947,0.000000
20261016:0210,0.000000,0.000000,0.000000,0.000000,10.272632,2.595263,0.000000
20261016:0310,0.000000,0.000000,0.000000,0.000000,10.134737,2.598947,0.000000
20261016:0410,0.000000,0.000000,0.000000,0.000000,9.993684,2.447368,0.000000
20261016:0510,0.000000,0.000000,0.000000,0.000000,9.906842,2.442105,0.000000
20261016:0610,0.000000,0.000000,0.000000,0.000000,9.897368,2.653684,0.000000
20261016:0710,25.052632,45.000000,0.000000,8.062105,9.879474,2.832105,0.000000
20261016:0810,62.475263,100.000000,0.000000,16.181053,11.013158,2.863158,0.000000
20261016:0910,105.108421,129.105263,0.000000,23.030526,12.460000,3.204211,0.000000
20261016:1010,163.056316,148.263158,0.000000,28.023158,13.850000,3.458947,0.000000
20261016:1110,163.530000,147.052632,0.000000,30.600000,14.914211,3.546316,0.000000
20261016:1210,145.845263,154.842105,0.000000,30.363158,15.715263,3.662105,0.000000
20261016:1310,148.793684,140.157895,0.000000,27.360000,16.283158,3.687895,0.000000
20261016:1410,119.372105,120.263158,0.000000,22.016842,16.669474,3.821579,0.000000
20261016:1510,78.528947,89.789474,0.000000,14.921053,16.645263,3.539474,0.000000
20261016:1610,24.210526,40.473684,0.000000,6.641053,16.102105,3.075789,0.000000
20261016:1710,0.000000,0.000000,0.000000,0.000000,15.007895,3.031579,0.000000
20261016:1810,0.000000,0.000000,0.000000,0.000000,13.877368,2.997895,0.000000
20261016:1910,0.000000,0.000000,0.000000,0.000000,13.105789,3.164737,0.000000
20261016:2010,0.000000,0.000000,0.000000,0.000000,12.506316,3.109474,0.000000
20261016:2110,0.000000,0.000000,0.000000,0.000000,12.026316,3.001579,0.000000
20261016:2210,0.000000,0.000000,0.000000,0.000000,11.592105,2.896842,0.000000
20261016:2310,0.000000,0.000000,0.000000,0.000000,11.273158,2.853158,0.000000
20261017:0010,0.000000,0.000000,0.000000,0.000000,11.044211,2.835789,0.000000
20261017:0110,0.000000,0.000000,0.000000,0.000000,10.753158,2.747368,0.000000
20261017:0210,0.000000,0.000000,0.000000,0.000000,10.454737,2.689474,0.000000
20261017:0310,0.000000,0.000000,0.000000,0.000000,10.132632,2.613158,0.000000
20261017:0410,0.000000,0.000000,0.000000,0.000000,9.904737,2.606316,0.000000
20261017:0510,0.000000,0.000000,0.000000,0.000000,9.672632,2.627895,0.000000
20261017:0610,0.000000,0.000000,0.000000,0.000000,9.569474,2.573684,0.000000
20261017:0710,23.631579,44.315789,0.000000,7.806316,10.052632,2.623684,0.000000
20261017:0810,58.685263,91.578947,0.000000,15.906316,11.075263,2.842105,0.000000
20261017:0910,110.162105,118.684211,0.000000,22.736842,12.318421,3.074211,0.000000
20261017:1010,148.899474,147.736842,0.000000,27.701053,13.563158,3.124211,0.000000
20261017:1110,108.161053,168.947368,0.000000,30.249474,14.694211,3.230000,0.000000
20261017:1210,132.055263,173.526316,0.000000,30.012632,15.609474,3.317368,0.000000
20261017:1310,135.845789,162.526316,0.000000,28.520000,16.124737,3.284737,0.000000
20261017:1410,99.318947,120.842105,0.000000,22.890000,16.366842,3.229474,0.000000
20261017:1510,63.685789,90.052632,0.000000,15.420000,16.270000,3.147368,0.000000
20261017:1610,19.894737,40.052632,0.000000,6.690000,15.767895,2.776842,0.000000
20261017:1710,0.000000,0.000000,0.000000,0.000000,14.695263,2.672105,0.000000
20261017:1810,0.000000,0.000000,0.000000,0.000000,13.795789,2.661579,0.000000
20261017:1910,0.000000,0.000000,0.000000,0.000000,13.038947,2.740526,0.000000
20261017:2010,0.000000,0.000000,0.000000,0.000000,12.486316,2.658421,0.000000
20261017:2110,0.000000,0.000000,0.000000,0.000000,12.041053,2.626842,0.000000
20261017:2210,0.000000,0.000000,0.000000,0.000000,11.603684,2.689474,0.000000
20261017:2310,0.000000,0.000000,0.000000,0.000000,11.324211,2.679474,0.000000
20261018:0010,0.000000,0.000000,0.000000,0.000000,11.082632,2.671053,0.000000
20261018:0110,0.000000,0.000000,0.000000,0.000000,10.827895,2.708421,0.000000
20261018:0210,0.000000,0.000000,0.000000,0.000000,10.720000,2.726316,0.000000
20261018:0310,0.000000,0.000000,0.000000,0.000000,10.510000,2.732632,0.000000
20261018:0410,0.000000,0.000000,0.000000,0.000000,10.217368,2.733158,0.000000
20261018:0510,0.000000,0.000000,0.000000,0.000000,9.990000,2.719474,0.000000
20261018:0610,0.000000,0.000000,0.000000,0.000000,9.867368,2.678947,0.000000
20261018:0710,31.105263,47.000000,0.000000,7.980000,9.941579,2.638947,0.000000
20261018:0810,83.266842,93.947368,0.000000,16.510000,11.100000,2.617895,0.000000
20261018:0910,151.794211,122.210526,0.000000,23.680000,12.662105,2.965263,0.000000
20261018:1010,196.268947,159.684211,0.000000,28.900000,14.004737,3.165263,0.000000
20261018:1110,218.426842,153.157895,0.000000,31.570000,15.150526,3.310000,0.000000
20261018:1210,202.952105,153.947368,0.000000,31.310000,15.949474,3.390000,0.000000
20261018:1310,157.320526,142.684211,0.000000,28.150000,16.351579,3.429474,0.000000
20261018:1410,92.844737,126.947368,0.000000,22.540000,16.558421,3.498947,0.000000
20261018:1510,57.001053,84.736842,0.000000,15.090000,16.376842,3.263684,0.000000
20261018:1610,13.105263,35.000000,0.000000,6.380000,15.723684,2.841579,0.000000
20261018:1710,0.000000,0.000000,0.000000,0.000000,14.727895,2.802105,0.000000
20261018:1810,0.000000,0.000000,0.000000,0.000000,13.917895,2.834211,0.000000
20261018:1910,0.000000,0.000000,0.000000,0.000000,13.245263,2.754737,0.000000
20261018:2010,0.000000,0.000000,0.000000,0.000000,12.785789,2.813684,0.000000
20261018:2110,0.000000,0.000000,0.000000,0.000000,12.342632,2.900000,0.000000
20261018:2210,0.000000,0.000000,0.000000,0.000000,11.992105,2.946316,0.000000
20261018:2310,0.000000,0.000000,0.000000,0.000000,11.665789,2.951053,0.000000
20261019:0010,0.000000,0.000000,0.000000,0.000000,11.426842,2.990526,0.000000
20261019:0110,0.000000,0.000000,0.000000,0.000000,11.178947,3.038421,0.000000
20261019:0210,0.000000,0.000000,0.000000,0.000000,11.030000,3.008947,0.000000
20261019:0310,0.000000,0.000000,0.000000,0.000000,10.872632,3.031053,0.000000
20261019:0410,0.000000,0.000000,0.000000,0.000000,10.711579,3.074737,0.000000
20261019:0510,0.000000,0.000000,0.000000,0.000000,10.554737,3.140000,0.000000
20261019:0610,0.000000,0.000000,0.000000,0.000000,10.488947,3.180000,0.000000
20261019:0710,26.473684,45.473684,0.000000,7.720000,10.537895,3.132105,0.000000
20261019:0810,68.003158,96.315789,0.000000,16.230000,11.730000,3.086316,0.000000
20261019:0910,134.215263,137.631579,0.000000,23.370000,13.237895,3.532105,0.000000
20261019:1010,183.373684,159.842105,0.000000,28.570000,14.648421,3.912632,0.000000
20261019:1110,199.742105,166.947368,0.000000,31.210000,15.870000,4.166842,0.000000
20261019:1210,172.162105,169.789474,0.000000,30.940000,16.588421,4.257368,0.000000
20261019:1310,154.583684,161.421053,0.000000,27.790000,17.101053,4.353158,0.000000
20261019:1410,100.319474,122.684211,0.000000,22.200000,17.221053,4.435789,0.000000
20261019:1510,63.948947,93.947368,0.000000,14.760000,16.797895,4.109474,0.000000
20261019:1610,16.157895,37.421053,0.000000,6.070000,16.077368,3.636842,0.000000
20261019:1710,0.000000,0.000000,0.000000,0.000000,14.992632,3.487895,0.000000
20261019:1810,0.000000,0.000000,0.000000,0.000000,14.129474,3.357895,0.000000
20261019:1910,0.000000,0.000000,0.000000,0.000000,13.395789,3.361579,0.000000
20261019:2010,0.000000,0.000000,0.000000,0.000000,12.869474,3.320526,0.000000
20261019:2110,0.000000,0.000000,0.000000,0.000000,12.416316,3.338421,0.000000
20261019:2210,0.000000,0.000000,0.000000,0.000000,12.028421,3.377895,0.000000
20261019:2310,0.000000,0.000000,0.000000,0.000000,11.790000,3.354737,0.000000
20261020:0010,0.000000,0.000000,0.000000,0.000000,11.571579,3.293158,0.000000
20261020:0110,0.000000,0.000000,0.000000,0.000000,11.309474,3.238421,0.000000
20261020:0210,0.000000,0.000000,0.000000,0.000000,11.135789,3.226842,0.000000
20261020:0310,0.000000,0.000000,0.000000,0.000000,11.020000,3.291579,0.000000
20261020:0410,0.000000,0.000000,0.000000,0.000000,10.901053,3.260000,0.000000
20261020:0510,0.000000,0.000000,0.000000,0.000000,10.829474,3.216316,0.000000
20261020:0610,0.000000,0.000000,0.000000,0.000000,10.758947,3.205789,0.000000
20261020:0710,23.157895,43.000000,0.000000,7.450000,10.949474,3.381053,0.000000
20261020:0810,66.003158,85.578947,0.000000,15.940000,11.678421,3.444211,0.000000
20261020:0910,101.003684,120.736842,0.000000,23.060000,12.661053,3.998947,0.000000
20261020:1010,104.476316,133.736842,0.000000,28.230000,13.676316,4.198421,0.000000
20261020:1110,113.056316,168.052632,0.000000,30.860000,14.632105,4.399474,0.000000
20261020:1210,149.424737,176.789474,0.000000,30.580000,15.237895,4.419474,0.000000
20261020:1310,127.846316,139.947368,0.000000,27.440000,15.616316,4.305263,0.000000
20261020:1410,77.213158,116.947368,0.000000,21.860000,15.752105,4.094211,0.000000
20261020:1510,40.737895,83.631579,0.000000,14.440000,15.380526,3.903158,0.000000
20261020:1610,9.736842,29.894737,0.000000,5.760000,14.848947,3.541579,0.000000
20261020:1710,0.000000,0.000000,0.000000,0.000000,13.992632,3.416316,0.000000
20261020:1810,0.000000,0.000000,0.000000,0.000000,13.338421,3.358421,0.000000
20261020:1910,0.000000,0.000000,0.000000,0.000000,12.916842,3.425263,0.000000
20261020:2010,0.000000,0.000000,0.000000,0.000000,12.480526,3.546316,0.000000
20261020:2110,0.000000,0.000000,0.000000,0.000000,12.072632,3.622632,0.000000
20261020:2210,0.000000,0.000000,0.000000,0.000000,11.638421,3.571579,0.000000
20261020:2310,0.000000,0.000000,0.000000,0.000000,11.293158,3.578947,0.000000
20261021:0010,0.000000,0.000000,0.000000,0.000000,11.018947,3.676316,0.000000
20261021:0110,0.000000,0.000000,0.000000,0.000000,10.811053,3.788947,0.000000
20261021:0210,0.000000,0.000000,0.000000,0.000000,10.668947,3.826316,0.000000
20261021:0310,0.000000,0.000000,0.000000,0.000000,10.501053,3.785789,0.000000
20261021:0410,0.000000,0.000000,0.000000,0.000000,10.460000,3.692632,0.000000
20261021:0510,0.000000,0.000000,0.000000,0.000000,10.442632,3.633684,0.000000
20261021:0610,0.000000,0.000000,0.000000,0.000000,10.376316,3.651579,0.000000
20261021:0710,19.052632,37.789474,0.000000,7.190000,10.278947,3.700000,0.000000
20261021:0810,72.055789,91.210526,0.000000,15.660000,11.233158,3.640526,0.000000
20261021:0910,120.531053,116.315789,0.000000,22.750000,12.313684,3.880526,0.000000
20261021:1010,180.321053,154.315789,0.000000,27.890000,13.410000,4.106316,0.000000
20261021:1110,157.372105,191.473684,0.000000,30.500000,14.401053,4.341053,0.000000
20261021:1210,152.214737,139.210526,0.000000,30.220000,15.101053,4.489474,0.000000
20261021:1310,158.478421,129.052632,0.000000,27.090000,15.272105,4.371053,0.000000
20261021:1410,89.792105,121.315789,0.000000,21.520000,15.336842,4.250000,0.000000
20261021:1510,60.266842,80.473684,0.000000,14.120000,14.990526,3.931579,0.000000
20261021:1610,14.736842,26.880000,0.000000,5.460000,14.361053,3.640526,0.000000
20261021:1710,0.000000,0.000000,0.000000,0.000000,13.426842,3.565789,0.000000
20261021:1810,0.000000,0.000000,0.000000,0.000000,12.622105,3.510000,0.000000
20261021:1910,0.000000,0.000000,0.000000,0.000000,11.942105,3.347895,0.000000
20261021:2010,0.000000,0.000000,0.000000,0.000000,11.390526,3.325263,0.000000
20261021:2110,0.000000,0.000000,0.000000,0.000000,10.903158,3.324737,0.000000
20261021:2210,0.000000,0.000000,0.000000,0.000000,10.397895,3.288421,0.000000
20261021:2310,0.000000,0.000000,0.000000,0.000000,9.986842,3.255789,0.000000
20261022:0010,0.000000,0.000000,0.000000,0.000000,9.645263,3.230000,0.000000
20261022:0110,0.000000,0.000000,0.000000,0.000000,9.501579,3.173684,0.000000
20261022:0210,0.000000,0.000000,0.000000,0.000000,9.376842,3.078947,0.000000
20261022:0310,0.000000,0.000000,0.000000,0.000000,9.181053,3.056316,0.000000
20261022:0410,0.000000,0.000000,0.000000,0.000000,9.141053,3.071053,0.000000
20261022:0510,0.000000,0.000000,0.000000,0.000000,9.116316,3.038421,0.000000
20261022:0610,0.000000,0.000000,0.000000,0.000000,9.142105,2.948421,0.000000
20261022:0710,19.473684,41.789474,0.000000,6.930000,9.222632,2.925789,0.000000
20261022:0810,79.320000,93.894737,0.000000,15.370000,10.253158,2.827895,0.000000
20261022:0910,105.845789,123.631579,0.000000,22.440000,11.671053,3.306842,0.000000
20261022:1010,152.477895,157.473684,0.000000,27.560000,13.008947,3.575263,0.000000
20261022:1110,185.952632,172.157895,0.000000,30.150000,14.190526,3.815789,0.000000
20261022:1210,158.477368,158.631579,0.000000,29.860000,15.086316,3.811053,0.000000
20261022:1310,108.423684,149.789474,0.000000,26.740000,15.524211,3.725789,0.000000
20261022:1410,104.897895,124.368421,0.000000,21.190000,15.644211,3.550000,0.000000
20261022:1510,67.370526,85.736842,0.000000,13.810000,15.455263,3.423158,0.000000
20261022:1610,12.315789,27.159474,0.000000,5.160000,14.791579,2.973158,0.000000
20261022:1710,0.000000,0.000000,0.000000,0.000000,13.550526,2.867368,0.000000
20261022:1810,0.000000,0.000000,0.000000,0.000000,12.586316,2.926316,0.000000
20261022:1910,0.000000,0.000000,0.000000,0.000000,11.845263,2.980526,0.000000
20261022:2010,0.000000,0.000000,0.000000,0.000000,11.321053,3.031053,0.000000
20261022:2110,0.000000,0.000000,0.000000,0.000000,10.880526,2.997368,0.000000
20261022:2210,0.000000,0.000000,0.000000,0.000000,10.572632,2.930000,0.000000
20261022:2310,0.000000,0.000000,0.000000,0.000000,10.335263,2.885789,0.000000
20261023:0010,0.000000,0.000000,0.000000,0.000000,10.117895,2.893158,0.000000
20261023:0110,0.000000,0.000000,0.000000,0.000000,9.981053,2.928421,0.000000
20261023:0210,0.000000,0.000000,0.000000,0.000000,9.802105,2.952105,0.000000
20261023:0310,0.000000,0.000000,0.000000,0.000000,9.661579,2.955263,0.000000
20261023:0410,0.000000,0.000000,0.000000,0.000000,9.515263,2.926316,0.000000
20261023:0510,0.000000,0.000000,0.000000,0.000000,9.396842,2.972105,0.000000
20261023:0610,0.000000,0.000000,0.000000,0.000000,9.293684,2.967895,0.000000
20261023:0710,16.526316,35.473684,0.000000,6.670000,9.343684,2.870526,0.000000
20261023:0810,54.791579,82.842105,0.000000,15.090000,10.256842,2.918947,0.000000
20261023:0910,86.687895,114.578947,0.000000,22.130000,11.564737,3.274737,0.000000
20261023:1010,127.793684,157.421053,0.000000,27.230000,12.817368,3.401579,0.000000
20261023:1110,164.004737,166.157895,0.000000,29.800000,13.856316,3.520000,0.000000
20261023:1210,146.635789,166.842105,0.000000,29.510000,14.758421,3.681053,0.000000
20261023:1310,124.740526,130.000000,0.000000,26.390000,15.260526,3.647895,0.000000
20261023:1410,78.845263,110.842105,0.000000,20.860000,15.313684,3.735263,0.000000
20261023:1510,57.212105,78.736842,0.000000,13.500000,15.180526,3.514211,0.000000
20261023:1610,12.421053,25.039474,0.000000,4.860000,14.664737,3.136316,0.000000
20261023:1710,0.000000,0.000000,0.000000,0.000000,13.687895,3.227368,0.000000
20261023:1810,0.000000,0.000000,0.000000,0.000000,12.980000,3.263158,0.000000
20261023:1910,0.000000,0.000000,0.000000,0.000000,12.421579,3.212632,0.000000
20261023:2010,0.000000,0.000000,0.000000,0.000000,11.973684,3.168947,0.000000
20261023:2110,0.000000,0.000000,0.000000,0.000000,11.594211,3.190526,0.000000
20261023:2210,0.000000,0.000000,0.000000,0.000000,11.288947,3.218421,0.000000
20261023:2310,0.000000,0.000000,0.000000,0.000000,10.985789,3.277895,0.000000
20261024:0010,0.000000,0.000000,0.000000,0.000000,10.734211,3.294737,0.000000
20261024:0110,0.000000,0.000000,0.000000,0.000000,10.518421,3.353158,0.000000
20261024:0210,0.000000,0.000000,0.000000,0.000000,10.345263,3.401053,0.000000
20261024:0310,0.000000,0.000000,0.000000,0.000000,10.140000,3.431053,0.000000
20261024:0410,0.000000,0.000000,0.000000,0.000000,9.996842,3.423158,0.000000
20261024:0510,0.000000,0.000000,0.000000,0.000000,9.931579,3.397895,0.000000
20261024:0610,0.000000,0.000000,0.000000,0.000000,9.891579,3.333158,0.000000
20261024:0710,14.526316,36.368421,0.000000,6.400000,9.948947,3.451579,0.000000
20261024:0810,46.686316,83.789474,0.000000,14.030526,10.767895,3.495789,0.000000
20261024:0910,62.475789,115.368421,0.000000,21.830000,11.897368,3.960000,0.000000
20261024:1010,86.633684,168.631579,0.000000,26.890000,12.951053,4.254737,0.000000
20261024:1110,90.054211,182.894737,0.000000,29.450000,13.937895,4.395789,0.000000
20261024:1210,80.844211,164.421053,0.000000,29.160000,14.666316,4.395789,0.000000
20261024:1310,72.054737,151.578947,0.000000,26.050000,15.191053,4.265263,0.000000
20261024:1410,44.475263,101.105263,0.000000,20.540000,15.345789,4.127895,0.000000
20261024:1510,42.738421,77.789474,0.000000,13.190000,15.113158,3.676842,0.000000
20261024:1610,5.368421,21.982105,0.000000,4.570000,14.622105,3.328947,0.000000
20261024:1710,0.000000,0.000000,0.000000,0.000000,13.789474,3.267895,0.000000
20261024:1810,0.000000,0.000000,0.000000,0.000000,13.235263,3.255789,0.000000
20261024:1910,0.000000,0.000000,0.000000,0.000000,12.650526,3.253158,0.000000
20261024:2010,0.000000,0.000000,0.000000,0.000000,12.261053,3.272632,0.000000
20261024:2110,0.000000,0.000000,0.000000,0.000000,11.960526,3.204211,0.000000
20261024:2210,0.000000,0.000000,0.000000,0.000000,11.645263,3.194737,0.000000
20261024:2310,0.000000,0.000000,0.000000,0.000000,11.381053,3.183158,0.000000
20261025:0010,0.000000,0.000000,0.000000,0.000000,11.225789,3.194737,0.000000
20261025:0110,0.000000,0.000000,0.000000,0.000000,11.080526,3.180000,0.000000
20261025:0210,0.000000,0.000000,0.000000,0.000000,11.021053,3.131579,0.000000
20261025:0310,0.000000,0.000000,0.000000,0.000000,10.927895,3.164211,0.000000
20261025:0410,0.000000,0.000000,0.000000,0.000000,10.831053,3.237368,0.000000
20261025:0510,0.000000,0.000000,0.000000,0.000000,10.810000,3.281579,0.000000
20261025:0610,0.000000,0.000000,0.000000,0.000000,10.804737,3.227368,0.000000
20261025:0710,9.473684,32.105263,0.000000,6.140000,10.873684,3.089474,0.000000
20261025:0810,38.737895,87.263158,0.000000,14.520000,11.556842,3.248947,0.000000
20261025:0910,33.579474,127.105263,0.000000,21.520000,12.451579,3.437368,0.000000
20261025:1010,49.895789,146.578947,0.000000,26.570000,13.359474,3.390000,0.000000
20261025:1110,60.949474,150.789474,0.000000,29.110000,14.287895,3.462632,0.000000
20261025:1210,68.001579,156.210526,0.000000,28.810000,14.934737,3.393158,0.000000
20261025:1310,96.528947,150.947368,0.000000,25.710000,15.323684,3.440000,0.000000
20261025:1410,58.316842,111.473684,0.000000,20.220000,15.447895,3.432632,0.000000
20261025:1510,37.790000,75.157895,0.000000,12.890000,15.457368,3.281579,0.000000
20261025:1610,0.000000,24.631579,0.000000,4.280000,14.910000,3.042632,0.000000
20261025:1710,0.000000,0.000000,0.000000,0.000000,14.111053,2.885263,0.000000
20261025:1810,0.000000,0.000000,0.000000,0.000000,13.443684,2.878421,0.000000
20261025:1910,0.000000,0.000000,0.000000,0.000000,12.520000,2.744211,0.000000
20261025:2010,0.000000,0.000000,0.000000,0.000000,12.029474,2.769474,0.000000
20261025:2110,0.000000,0.000000,0.000000,0.000000,11.632105,2.802632,0.000000
20261025:2210,0.000000,0.000000,0.000000,0.000000,11.311053,2.838947,0.000000
20261025:2310,0.000000,0.000000,0.000000,0.000000,11.112632,2.775263,0.000000
20261026:0010,0.000000,0.000000,0.000000,0.000000,10.971579,2.805263,0.000000
20261026:0110,0.000000,0.000000,0.000000,0.000000,10.795263,2.783158,0.000000
20261026:0210,0.000000,0.000000,0.000000,0.000000,10.589474,2.754737,0.000000
20261026:0310,0.000000,0.000000,0.000000,0.000000,10.353158,2.743158,0.000000
20261026:0410,0.000000,0.000000,0.000000,0.000000,10.134737,2.752105,0.000000
20261026:0510,0.000000,0.000000,0.000000,0.000000,10.063684,2.813158,0.000000
20261026:0610,0.000000,0.000000,0.000000,0.000000,10.016316,2.892632,0.000000
20261026:0710,10.263158,31.526316,0.000000,5.880000,10.056842,2.853684,0.000000
20261026:0810,50.475789,82.052632,0.000000,14.240000,10.801579,3.070526,0.000000
20261026:0910,81.108421,114.052632,0.000000,21.210000,12.001053,3.317895,0.000000
20261026:1010,140.951579,132.105263,0.000000,26.240000,13.296316,3.604211,0.000000
20261026:1110,132.740000,163.842105,0.000000,28.770000,14.627368,3.819474,0.000000
20261026:1210,129.056316,164.210526,0.000000,28.470000,15.583684,3.833684,0.000000
20261026:1310,102.529474,156.684211,0.000000,25.380000,16.157368,3.770526,0.000000
20261026:1410,85.740000,116.789474,0.000000,19.900000,16.337368,3.560526,0.000000
20261026:1510,46.843684,76.421053,0.000000,12.590000,16.105789,3.197895,0.000000
20261026:1610,0.000000,22.105263,0.000000,4.000000,15.393684,2.877895,0.000000
20261026:1710,0.000000,0.000000,0.000000,0.000000,14.278947,3.041053,0.000000
20261026:1810,0.000000,0.000000,0.000000,0.000000,13.434211,3.180526,0.000000
20261026:1910,0.000000,0.000000,0.000000,0.000000,12.754737,3.157368,0.000000
20261026:2010,0.000000,0.000000,0.000000,0.000000,12.384737,3.215263,0.000000
20261026:2110,0.000000,0.000000,0.000000,0.000000,12.028947,3.194211,0.000000
20261026:2210,0.000000,0.000000,0.000000,0.000000,11.680000,3.178947,0.000000
20261026:2310,0.000000,0.000000,0.000000,0.000000,11.341053,3.154737,0.000000
20261027:0010,0.000000,0.000000,0.000000,0.000000,11.060000,3.078421,0.000000
20261027:0110,0.000000,0.000000,0.000000,0.000000,10.749474,2.930000,0.000000
20261027:0210,0.000000,0.000000,0.000000,0.000000,10.523684,2.885789,0.000000
20261027:0310,0.000000,0.000000,0.000000,0.000000,10.288421,2.837895,0.000000
20261027:0410,0.000000,0.000000,0.000000,0.000000,9.999474,2.958947,0.000000
20261027:0510,0.000000,0.000000,0.000000,0.000000,9.849474,2.959474,0.000000
20261027:0610,0.000000,0.000000,0.000000,0.000000,9.739474,2.928421,0.000000
20261027:0710,9.210526,26.219474,0.000000,5.620000,9.773684,2.958421,0.000000
20261027:0810,42.580526,79.684211,0.000000,13.960000,10.509474,2.930526,0.000000
20261027:0910,73.003158,116.578947,0.000000,20.910000,11.554737,3.186842,0.000000
20261027:1010,122.003684,157.894737,0.000000,25.910000,12.585789,3.458421,0.000000
20261027:1110,137.213684,173.947368,0.000000,28.430000,13.603684,3.800000,0.000000
20261027:1210,203.111579,146.947368,0.000000,28.130000,14.281053,3.811579,0.000000
20261027:1310,152.636842,131.210526,0.000000,25.050000,14.706842,3.874211,0.000000
20261027:1410,81.529474,116.526316,0.000000,19.590000,14.901579,3.767368,0.000000
20261027:1510,40.105789,73.736842,0.000000,12.300000,14.633684,3.386842,0.000000
20261027:1610,0.000000,20.421053,0.000000,3.720000,13.923158,3.059474,0.000000
20261027:1710,0.000000,0.000000,0.000000,0.000000,12.901579,3.128421,0.000000
20261027:1810,0.000000,0.000000,0.000000,0.000000,12.249474,3.181579,0.000000
20261027:1910,0.000000,0.000000,0.000000,0.000000,11.824737,3.205263,0.000000
20261027:2010,0.000000,0.000000,0.000000,0.000000,11.457895,3.225789,0.000000
20261027:2110,0.000000,0.000000,0.000000,0.000000,11.162632,3.262632,0.000000
20261027:2210,0.000000,0.000000,0.000000,0.000000,10.853158,3.230526,0.000000
20261027:2310,0.000000,0.000000,0.000000,0.000000,10.637368,3.162105,0.000000
20261028:0010,0.000000,0.000000,0.000000,0.000000,10.408421,3.147368,0.000000
20261028:0110,0.000000,0.000000,0.000000,0.000000,10.176316,3.067368,0.000000
20261028:0210,0.000000,0.000000,0.000000,0.000000,9.927895,3.088421,0.000000
20261028:0310,0.000000,0.000000,0.000000,0.000000,9.718947,3.140526,0.000000
20261028:0410,0.000000,0.000000,0.000000,0.000000,9.572105,3.081053,0.000000
20261028:0510,0.000000,0.000000,0.000000,0.000000,9.369474,3.109474,0.000000
20261028:0610,0.000000,0.000000,0.000000,0.000000,9.265263,3.138947,0.000000
20261028:0710,9.736842,26.730000,0.000000,5.360000,9.413684,3.140000,0.000000
20261028:0810,36.106316,84.578947,0.000000,13.680000,10.096842,3.180000,0.000000
20261028:0910,68.317895,109.526316,0.000000,20.610000,11.214737,3.423158,0.000000
20261028:1010,106.635263,154.631579,0.000000,25.590000,12.264737,3.818947,0.000000
20261028:1110,143.530526,158.947368,0.000000,28.090000,13.154211,3.977895,0.000000
20261028:1210,124.055789,168.526316,0.000000,27.790000,13.917368,4.038947,0.000000
20261028:1310,93.213684,143.842105,0.000000,24.720000,14.427895,3.982105,0.000000
20261028:1410,58.265263,124.210526,0.000000,19.280000,14.565789,3.840000,0.000000
20261028:1510,41.053684,74.421053,0.000000,12.010000,14.342105,3.636842,0.000000
20261028:1610,0.000000,18.105263,0.000000,3.450000,13.717368,3.259474,0.000000
20261028:1710,0.000000,0.000000,0.000000,0.000000,12.726316,3.332105,0.000000
20261028:1810,0.000000,0.000000,0.000000,0.000000,12.013684,3.340000,0.000000
20261028:1910,0.000000,0.000000,0.000000,0.000000,11.481579,3.447895,0.000000
20261028:2010,0.000000,0.000000,0.000000,0.000000,11.149474,3.481053,0.000000
20261028:2110,0.000000,0.000000,0.000000,0.000000,10.864737,3.463684,0.000000
20261028:2210,0.000000,0.000000,0.000000,0.000000,10.606842,3.467895,0.000000
20261028:2310,0.000000,0.000000,0.000000,0.000000,10.389474,3.434211,0.000000
20261029:0010,0.000000,0.000000,0.000000,0.000000,10.244737,3.419474,0.000000
20261029:0110,0.000000,0.000000,0.000000,0.000000,10.077895,3.412105,0.000000
20261029:0210,0.000000,0.000000,0.000000,0.000000,9.983684,3.354737,0.000000
20261029:0310,0.000000,0.000000,0.000000,0.000000,9.815263,3.273684,0.000000
20261029:0410,0.000000,0.000000,0.000000,0.000000,9.642632,3.202105,0.000000
20261029:0510,0.000000,0.000000,0.000000,0.000000,9.477368,3.146842,0.000000
20261029:0610,0.000000,0.000000,0.000000,0.000000,9.314737,3.107368,0.000000
20261029:0710,6.052632,22.134737,0.000000,5.100000,9.642105,3.154211,0.000000
20261029:0810,22.000526,76.315789,0.000000,13.400000,10.276842,3.212632,0.000000
20261029:0910,25.000526,107.315789,0.000000,20.310000,11.163684,3.370526,0.000000
20261029:1010,44.842632,141.315789,0.000000,25.270000,12.202632,3.651579,0.000000
20261029:1110,62.738421,159.947368,0.000000,27.760000,13.117368,3.898947,0.000000
20261029:1210,87.739474,131.842105,0.000000,27.460000,13.797368,3.945789,0.000000
20261029:1310,74.161053,129.052632,0.000000,24.400000,14.156842,3.883684,0.000000
20261029:1410,36.105789,103.368421,0.000000,18.970000,14.321053,3.855263,0.000000
20261029:1510,27.474737,74.210526,0.000000,11.720000,14.205789,3.601053,0.000000
20261029:1610,0.000000,16.052632,0.000000,3.180000,13.729474,3.284737,0.000000
20261029:1710,0.000000,0.000000,0.000000,0.000000,12.926316,3.303158,0.000000
20261029:1810,0.000000,0.000000,0.000000,0.000000,12.335789,3.386842,0.000000
20261029:1910,0.000000,0.000000,0.000000,0.000000,11.738947,3.376316,0.000000
20261029:2010,0.000000,0.000000,0.000000,0.000000,11.275789,3.368947,0.000000
20261029:2110,0.000000,0.000000,0.000000,0.000000,10.857895,3.349474,0.000000
20261029:2210,0.000000,0.000000,0.000000,0.000000,10.485263,3.295263,0.000000
20261029:2310,0.000000,0.000000,0.000000,0.000000,10.123684,3.242632,0.000000
20261030:0010,0.000000,0.000000,0.000000,0.000000,9.803158,3.180526,0.000000
20261030:0110,0.000000,0.000000,0.000000,0.000000,9.510526,3.117895,0.000000
20261030:0210,0.000000,0.000000,0.000000,0.000000,9.268947,3.016842,0.000000
20261030:0310,0.000000,0.000000,0.000000,0.000000,8.882105,2.948421,0.000000
20261030:0410,0.000000,0.000000,0.000000,0.000000,8.607895,2.878947,0.000000
20261030:0510,0.000000,0.000000,0.000000,0.000000,8.441053,2.863158,0.000000
20261030:0610,0.000000,0.000000,0.000000,0.000000,8.297368,2.852632,0.000000
20261030:0710,7.315789,22.630526,0.000000,4.840000,8.585789,2.902632,0.000000
20261030:0810,55.950000,73.736842,0.000000,13.120000,9.362105,2.942632,0.000000
20261030:0910,91.951053,107.263158,0.000000,20.010000,10.596842,3.249474,0.000000
20261030:1010,119.582632,145.210526,0.000000,24.950000,11.793158,3.510526,0.000000
20261030:1110,131.371579,142.894737,0.000000,27.430000,12.788947,3.572105,0.000000
20261030:1210,131.214737,141.368421,0.000000,27.130000,13.541579,3.590000,0.000000
20261030:1310,105.372105,136.473684,0.000000,24.080000,14.038947,3.466842,0.000000
20261030:1410,59.107368,114.368421,0.000000,18.670000,14.237895,3.266842,0.000000
20261030:1510,44.370526,68.105263,0.000000,10.837895,14.031579,2.932105,0.000000
20261030:1610,0.000000,14.315789,0.000000,2.920000,13.382105,2.624737,0.000000
20261030:1710,0.000000,0.000000,0.000000,0.000000,12.334211,2.603158,0.000000
20261030:1810,0.000000,0.000000,0.000000,0.000000,11.518421,2.598947,0.000000
20261030:1910,0.000000,0.000000,0.000000,0.000000,10.741053,2.584211,0.000000
20261030:2010,0.000000,0.000000,0.000000,0.000000,10.286842,2.558421,0.000000
20261030:2110,0.000000,0.000000,0.000000,0.000000,9.893158,2.523684,0.000000
20261030:2210,0.000000,0.000000,0.000000,0.000000,9.506316,2.468947,0.000000
20261030:2310,0.000000,0.000000,0.000000,0.000000,9.136316,2.374211,0.000000
20261031:0010,0.000000,0.000000,0.000000,0.000000,8.764211,2.280000,0.000000
20261031:0110,0.000000,0.000000,0.000000,0.000000,8.478421,2.221053,0.000000
20261031:0210,0.000000,0.000000,0.000000,0.000000,8.123684,2.319474,0.000000
20261031:0310,0.000000,0.000000,0.000000,0.000000,7.906842,2.394211,0.000000
20261031:0410,0.000000,0.000000,0.000000,0.000000,7.763684,2.398947,0.000000
20261031:0510,0.000000,0.000000,0.000000,0.000000,7.625263,2.435263,0.000000
20261031:0610,0.000000,0.000000,0.000000,0.000000,7.497895,2.468421,0.000000
20261031:0710,8.052632,20.815789,0.000000,4.580000,7.561053,2.501053,0.000000
20261031:0810,51.896842,76.842105,0.000000,12.850000,8.456316,2.395789,0.000000
20261031:0910,103.583684,107.105263,0.000000,19.710000,9.993158,2.745263,0.000000
20261031:1010,158.111053,140.578947,0.000000,24.640000,11.502105,2.922105,0.000000
20261031:1110,211.743158,131.526316,0.000000,27.110000,12.892105,3.095789,0.000000
20261031:1210,212.796316,129.000000,0.000000,26.800000,14.004737,3.364211,0.000000
20261031:1310,153.742105,124.210526,0.000000,23.770000,14.668947,3.543158,0.000000
20261031:1410,82.161579,98.947368,0.000000,18.380000,14.831579,3.630526,0.000000
20261031:1510,38.053158,65.368421,0.000000,11.170000,14.668421,3.455789,0.000000
20261031:1610,0.000000,10.789474,0.000000,2.660000,13.892105,3.190526,0.000000
20261031:1710,0.000000,0.000000,0.000000,0.000000,12.849474,3.252632,0.000000
20261031:1810,0.000000,0.000000,0.000000,0.000000,12.135263,3.331579,0.000000
20261031:1910,0.000000,0.000000,0.000000,0.000000,11.660526,3.469474,0.000000
20261031:2010,0.000000,0.000000,0.000000,0.000000,11.345789,3.520526,0.000000
20261031:2110,0.000000,0.000000,0.000000,0.000000,11.125263,3.526842,0.000000
20261031:2210,0.000000,0.000000,0.000000,0.000000,10.890000,3.480000,0.000000
20261031:2310,0.000000,0.000000,0.000000,0.000000,10.638421,3.477368,0.000000
20261101:0010,0.000000,0.000000,0.000000,0.000000,10.332632,3.430526,0.000000
20261101:0110,0.000000,0.000000,0.000000,0.000000,10.033684,3.434211,0.000000
20261101:0210,0.000000,0.000000,0.000000,0.000000,9.781053,3.380000,0.000000
20261101:0310,0.000000,0.000000,0.000000,0.000000,9.516316,3.424211,0.000000
20261101:0410,0.000000,0.000000,0.000000,0.000000,9.382105,3.499474,0.000000
20261101:0510,0.000000,0.000000,0.000000,0.000000,9.368947,3.561579,0.000000
20261101:0610,0.000000,0.000000,0.000000,0.000000,9.327368,3.672632,0.000000
20261101:0710,7.263158,18.906316,0.000000,4.320000,9.360526,3.579474,0.000000
20261101:0810,51.476842,60.157895,0.000000,12.570000,10.071579,3.654737,0.000000
20261101:0910,85.214211,89.263158,0.000000,19.420000,11.122632,3.924737,0.000000
20261101:1010,128.057368,107.315789,0.000000,24.330000,11.988421,4.312632,0.000000
20261101:1110,166.952632,112.368421,0.000000,26.780000,12.653158,4.362632,0.000000
20261101:1210,118.320000,117.105263,0.000000,26.480000,13.239474,4.656316,0.000000
20261101:1310,96.845789,117.736842,0.000000,23.460000,13.551579,4.635263,0.000000
20261101:1410,69.897368,88.157895,0.000000,18.090000,13.676842,4.565789,0.000000
20261101:1510,49.581579,58.052632,0.000000,10.900000,13.521053,4.231053,0.000000
20261101:1610,0.000000,10.684211,0.000000,2.410000,13.051579,3.930526,0.000000
20261101:1710,0.000000,0.000000,0.000000,0.000000,12.322105,3.775263,0.000000
20261101:1810,0.000000,0.000000,0.000000,0.000000,11.775789,3.746842,0.000000
20261101:1910,0.000000,0.000000,0.000000,0.000000,11.224737,3.942632,0.000000
20261101:2010,0.000000,0.000000,0.000000,0.000000,10.927895,3.990526,0.000000
20261101:2110,0.000000,0.000000,0.000000,0.000000,10.637895,4.029474,0.000000
20261101:2210,0.000000,0.000000,0.000000,0.000000,10.422632,4.025789,0.000000
20261101:2310,0.000000,0.000000,0.000000,0.000000,10.245789,4.105263,0.000000
20261102:0010,0.000000,0.000000,0.000000,0.000000,10.078421,4.185263,0.000000
20261102:0110,0.000000,0.000000,0.000000,0.000000,9.960000,4.145263,0.000000
20261102:0210,0.000000,0.000000,0.000000,0.000000,9.833158,4.182105,0.000000
20261102:0310,0.000000,0.000000,0.000000,0.000000,9.740526,4.150000,0.000000
20261102:0410,0.000000,0.000000,0.000000,0.000000,9.652632,4.087368,0.000000
20261102:0510,0.000000,0.000000,0.000000,0.000000,9.559474,4.065789,0.000000
20261102:0610,0.000000,0.000000,0.000000,0.000000,9.446842,4.040526,0.000000
20261102:0710,5.315789,18.804737,0.000000,4.060000,9.495263,3.906316,0.000000
20261102:0810,45.161053,73.157895,0.000000,12.300000,10.014737,4.003684,0.000000
20261102:0910,62.054737,109.684211,0.000000,19.130000,10.822632,4.323684,0.000000
20261102:1010,90.898421,140.000000,0.000000,24.020000,11.716316,4.544737,0.000000
20261102:1110,94.792105,146.263158,0.000000,26.460000,12.416316,4.817368,0.000000
20261102:1210,118.530000,156.368421,0.000000,26.160000,12.966316,4.858947,0.000000
20261102:1310,54.053684,138.578947,0.000000,23.160000,13.303684,4.802105,0.000000
20261102:1410,75.055263,98.052632,0.000000,17.800000,13.477368,4.614211,0.000000
20261102:1510,46.792105,60.947368,0.000000,10.630000,13.312105,4.184737,0.000000
20261102:1610,0.000000,9.210526,0.000000,2.160000,12.730000,3.727368,0.000000
20261102:1710,0.000000,0.000000,0.000000,0.000000,11.963158,3.640000,0.000000
20261102:1810,0.000000,0.000000,0.000000,0.000000,11.396842,3.677368,0.000000
20261102:1910,0.000000,0.000000,0.000000,0.000000,10.837368,3.767368,0.000000
20261102:2010,0.000000,0.000000,0.000000,0.000000,10.600000,3.749474,0.000000
20261102:2110,0.000000,0.000000,0.000000,0.000000,10.252632,3.669474,0.000000
20261102:2210,0.000000,0.000000,0.000000,0.000000,10.043158,3.647895,0.000000
20261102:2310,0.000000,0.000000,0.000000,0.000000,9.789474,3.630000,0.000000
20261103:0010,0.000000,0.000000,0.000000,0.000000,9.565263,3.560000,0.000000
20261103:0110,0.000000,0.000000,0.000000,0.000000,9.420000,3.537368,0.000000
20261103:0210,0.000000,0.000000,0.000000,0.000000,9.298421,3.522105,0.000000
20261103:0310,0.000000,0.000000,0.000000,0.000000,9.156842,3.511053,0.000000
20261103:0410,0.000000,0.000000,0.000000,0.000000,8.988947,3.483684,0.000000
20261103:0510,0.000000,0.000000,0.000000,0.000000,8.883684,3.480000,0.000000
20261103:0610,0.000000,0.000000,0.000000,0.000000,8.862632,3.531053,0.000000
20261103:0710,5.263158,15.760526,0.000000,3.609474,8.872105,3.901579,0.000000
20261103:0810,45.844211,69.894737,0.000000,12.030000,9.504737,3.797368,0.000000
20261103:0910,66.792105,88.947368,0.000000,18.830000,10.700526,3.988947,0.000000
20261103:1010,136.004737,125.894737,0.000000,23.710000,11.786842,4.453158,0.000000
20261103:1110,146.741579,137.736842,0.000000,26.150000,12.591053,4.678421,0.000000
20261103:1210,143.320526,128.368421,0.000000,25.850000,13.126316,4.791579,0.000000
20261103:1310,104.004211,99.736842,0.000000,22.860000,13.227368,4.606842,0.000000
20261103:1410,72.424211,90.000000,0.000000,17.520000,13.167895,4.475263,0.000000
20261103:1510,30.684737,60.315789,0.000000,10.370000,12.947895,4.010526,0.000000
20261103:1610,0.000000,6.842105,0.000000,1.910000,12.348421,3.694737,0.000000
20261103:1710,0.000000,0.000000,0.000000,0.000000,11.442632,3.702632,0.000000
20261103:1810,0.000000,0.000000,0.000000,0.000000,10.776842,3.683684,0.000000
20261103:1910,0.000000,0.000000,0.000000,0.000000,10.229474,3.691053,0.000000
20261103:2010,0.000000,0.000000,0.000000,0.000000,9.891053,3.705263,0.000000
20261103:2110,0.000000,0.000000,0.000000,0.000000,9.621579,3.756316,0.000000
20261103:2210,0.000000,0.000000,0.000000,0.000000,9.473158,3.741579,0.000000
20261103:2310,0.000000,0.000000,0.000000,0.000000,9.247895,3.756316,0.000000
20261104:0010,0.000000,0.000000,0.000000,0.000000,8.954737,3.695789,0.000000
20261104:0110,0.000000,0.000000,0.000000,0.000000,8.678421,3.641053,0.000000
20261104:0210,0.000000,0.000000,0.000000,0.000000,8.483684,3.713684,0.000000
20261104:0310,0.000000,0.000000,0.000000,0.000000,8.322105,3.688421,0.000000
20261104:0410,0.000000,0.000000,0.000000,0.000000,8.218947,3.565263,0.000000
20261104:0510,0.000000,0.000000,0.000000,0.000000,8.192632,3.514211,0.000000
20261104:0610,0.000000,0.000000,0.000000,0.000000,8.131579,3.495789,0.000000
20261104:0710,6.421053,14.648421,0.000000,3.363158,8.127895,3.470000,0.000000
20261104:0810,49.950526,68.052632,0.000000,11.750000,8.777895,3.583158,0.000000
20261104:0910,74.213684,86.157895,0.000000,18.550000,9.930000,3.880526,0.000000
20261104:1010,88.213684,126.157895,0.000000,23.410000,10.938947,4.392632,0.000000
20261104:1110,139.320000,131.736842,0.000000,25.840000,11.791579,4.477368,0.000000
20261104:1210,82.055263,150.578947,0.000000,25.540000,12.333684,4.434737,0.000000
20261104:1310,102.004211,127.789474,0.000000,22.560000,12.570000,4.367368,0.000000
20261104:1410,62.686316,94.947368,0.000000,17.250000,12.616316,4.188421,0.000000
20261104:1510,33.475789,57.210526,0.000000,10.110000,12.343684,3.963158,0.000000
20261104:1610,0.000000,5.684211,0.000000,1.670000,11.641579,3.657895,0.000000
20261104:1710,0.000000,0.000000,0.000000,0.000000,10.715789,3.520000,0.000000
20261104:1810,0.000000,0.000000,0.000000,0.000000,10.101579,3.484737,0.000000
20261104:1910,0.000000,0.000000,0.000000,0.000000,9.666316,3.483684,0.000000
20261104:2010,0.000000,0.000000,0.000000,0.000000,9.241053,3.496316,0.000000
20261104:2110,0.000000,0.000000,0.000000,0.000000,8.886316,3.538947,0.000000
20261104:2210,0.000000,0.000000,0.000000,0.000000,8.648947,3.560526,0.000000
20261104:2310,0.000000,0.000000,0.000000,0.000000,8.393158,3.563158,0.000000
20261105:0010,0.000000,0.000000,0.000000,0.000000,8.183158,3.554211,0.000000
20261105:0110,0.000000,0.000000,0.000000,0.000000,8.034211,3.484737,0.000000
20261105:0210,0.000000,0.000000,0.000000,0.000000,7.888421,3.462632,0.000000
20261105:0310,0.000000,0.000000,0.000000,0.000000,7.693684,3.356842,0.000000
20261105:0410,0.000000,0.000000,0.000000,0.000000,7.552632,3.324737,0.000000
20261105:0510,0.000000,0.000000,0.000000,0.000000,7.487368,3.335263,0.000000
20261105:0610,0.000000,0.000000,0.000000,0.000000,7.432632,3.351053,0.000000
20261105:0710,4.052632,13.844211,0.000000,3.126316,7.302632,3.328421,0.000000
20261105:0810,42.160000,67.578947,0.000000,11.490000,7.837895,3.282105,0.000000
20261105:0910,74.476842,107.000000,0.000000,18.260000,8.919474,3.731579,0.000000
20261105:1010,124.687895,117.052632,0.000000,23.100000,9.946316,3.862632,0.000000
20261105:1110,158.952632,126.263158,0.000000,25.530000,10.871053,3.956316,0.000000
20261105:1210,112.845789,157.368421,0.000000,25.240000,11.576316,3.937895,0.000000
20261105:1310,97.582105,143.842105,0.000000,22.270000,11.972632,3.792632,0.000000
20261105:1410,96.320000,88.526316,0.000000,16.980000,12.164211,3.588947,0.000000
20261105:1510,35.475789,56.052632,0.000000,9.860000,12.021053,3.280526,0.000000
20261105:1610,0.000000,4.105263,0.000000,1.136842,11.404211,3.078421,0.000000
20261105:1710,0.000000,0.000000,0.000000,0.000000,10.593684,3.078421,0.000000
20261105:1810,0.000000,0.000000,0.000000,0.000000,9.992105,3.076842,0.000000
20261105:1910,0.000000,0.000000,0.000000,0.000000,9.467895,3.104211,0.000000
20261105:2010,0.000000,0.000000,0.000000,0.000000,9.056842,3.136842,0.000000
20261105:2110,0.000000,0.000000,0.000000,0.000000,8.734211,3.096842,0.000000
20261105:2210,0.000000,0.000000,0.000000,0.000000,8.476842,3.139474,0.000000
20261105:2310,0.000000,0.000000,0.000000,0.000000,8.285263,3.222105,0.000000
20261106:0010,0.000000,0.000000,0.000000,0.000000,8.201579,3.205263,0.000000
20261106:0110,0.000000,0.000000,0.000000,0.000000,8.124211,3.194737,0.000000
20261106:0210,0.000000,0.000000,0.000000,0.000000,7.989474,3.161579,0.000000
20261106:0310,0.000000,0.000000,0.000000,0.000000,7.858421,3.118421,0.000000
20261106:0410,0.000000,0.000000,0.000000,0.000000,7.647368,3.104211,0.000000
20261106:0510,0.000000,0.000000,0.000000,0.000000,7.514211,3.160526,0.000000
20261106:0610,0.000000,0.000000,0.000000,0.000000,7.403684,3.236842,0.000000
20261106:0710,5.052632,11.627895,0.000000,2.728947,7.227895,3.151053,0.000000
20261106:0810,52.951053,58.210526,0.000000,10.629474,7.770526,3.193158,0.000000
20261106:0910,101.214737,88.473684,0.000000,17.033684,8.991579,3.634737,0.000000
20261106:1010,137.478947,118.368421,0.000000,22.810000,10.113158,4.014211,0.000000
20261106:1110,134.478947,137.526316,0.000000,25.230000,11.060000,4.316316,0.000000
20261106:1210,151.058421,128.105263,0.000000,24.940000,11.693684,4.348947,0.000000
20261106:1310,126.951579,101.842105,0.000000,21.990000,11.990526,4.224737,0.000000
20261106:1410,84.635263,92.473684,0.000000,16.710000,12.025263,4.037368,0.000000
20261106:1510,41.739474,52.684211,0.000000,9.620000,11.680000,3.737895,0.000000
20261106:1610,0.000000,1.263158,0.000000,0.063684,11.062632,3.511053,0.000000
20261106:1710,0.000000,0.000000,0.000000,0.000000,10.326316,3.451579,0.000000
20261106:1810,0.000000,0.000000,0.000000,0.000000,9.830000,3.446842,0.000000
20261106:1910,0.000000,0.000000,0.000000,0.000000,9.420526,3.484211,0.000000
20261106:2010,0.000000,0.000000,0.000000,0.000000,9.096316,3.496842,0.000000
20261106:2110,0.000000,0.000000,0.000000,0.000000,8.816316,3.520526,0.000000
20261106:2210,0.000000,0.000000,0.000000,0.000000,8.621053,3.584737,0.000000
20261106:2310,0.000000,0.000000,0.000000,0.000000,8.513684,3.655263,0.000000
20261107:0010,0.000000,0.000000,0.000000,0.000000,8.456316,3.731579,0.000000
20261107:0110,0.000000,0.000000,0.000000,0.000000,8.447895,3.789474,0.000000
20261107:0210,0.000000,0.000000,0.000000,0.000000,8.400526,3.793158,0.000000
20261107:0310,0.000000,0.000000,0.000000,0.000000,8.312105,3.786316,0.000000
20261107:0410,0.000000,0.000000,0.000000,0.000000,8.271053,3.803684,0.000000
20261107:0510,0.000000,0.000000,0.000000,0.000000,8.246842,3.844211,0.000000
20261107:0610,0.000000,0.000000,0.000000,0.000000,8.120526,3.825789,0.000000
20261107:0710,1.526316,9.780526,0.000000,2.357895,8.034737,3.906316,0.000000
20261107:0810,21.000526,62.947368,0.000000,10.373684,8.406316,3.814737,0.000000
20261107:0910,47.475789,88.578947,0.000000,17.700000,9.271579,3.942632,0.000000
20261107:1010,54.054211,118.263158,0.000000,22.510000,10.298947,4.240000,0.000000
20261107:1110,71.212105,144.894737,0.000000,24.930000,11.238421,4.395263,0.000000
20261107:1210,93.477368,132.210526,0.000000,24.650000,11.992105,4.295263,0.000000
20261107:1310,82.740000,119.684211,0.000000,21.710000,12.355263,4.161053,0.000000
20261107:1410,61.896842,92.000000,0.000000,16.450000,12.525263,4.170526,0.000000
20261107:1510,31.581053,56.684211,0.000000,9.380000,12.288947,3.604737,0.000000
20261107:1610,0.000000,1.157895,0.000000,0.052105,11.556842,3.335789,0.000000
20261107:1710,0.000000,0.000000,0.000000,0.000000,10.670526,3.244737,0.000000
20261107:1810,0.000000,0.000000,0.000000,0.000000,10.089474,3.218947,0.000000
20261107:1910,0.000000,0.000000,0.000000,0.000000,9.447368,3.347895,0.000000
20261107:2010,0.000000,0.000000,0.000000,0.000000,9.098421,3.270526,0.000000
20261107:2110,0.000000,0.000000,0.000000,0.000000,8.763158,3.158421,0.000000
20261107:2210,0.000000,0.000000,0.000000,0.000000,8.520000,3.035263,0.000000
20261107:2310,0.000000,0.000000,0.000000,0.000000,8.227368,2.970000,0.000000
20261108:0010,0.000000,0.000000,0.000000,0.000000,7.951579,2.896842,0.000000
20261108:0110,0.000000,0.000000,0.000000,0.000000,7.720000,2.795789,0.000000
20261108:0210,0.000000,0.000000,0.000000,0.000000,7.492105,2.748421,0.000000
20261108:0310,0.000000,0.000000,0.000000,0.000000,7.286842,2.707895,0.000000
20261108:0410,0.000000,0.000000,0.000000,0.000000,7.103684,2.711579,0.000000
20261108:0510,0.000000,0.000000,0.000000,0.000000,7.025263,2.689474,0.000000
20261108:0610,0.000000,0.000000,0.000000,0.000000,6.945789,2.729474,0.000000
20261108:0710,2.578947,9.417895,0.000000,2.281579,6.866316,2.714211,0.000000
20261108:0810,24.052632,66.210526,0.000000,10.690000,7.576316,2.696316,0.000000
20261108:0910,43.527895,101.052632,0.000000,17.420000,8.831579,3.035263,0.000000
20261108:1010,80.949474,140.842105,0.000000,22.220000,10.077368,3.343684,0.000000
20261108:1110,108.108421,152.210526,0.000000,24.630000,11.074211,3.687895,0.000000
20261108:1210,81.318421,137.894737,0.000000,24.360000,11.799474,3.854737,0.000000
20261108:1310,75.792632,116.263158,0.000000,21.430000,12.210526,3.826316,0.000000
20261108:1410,45.948947,90.368421,0.000000,16.190000,12.358421,3.709474,0.000000
20261108:1510,27.684737,51.210526,0.000000,9.140000,12.172105,3.465789,0.000000
20261108:1610,0.000000,1.105263,0.000000,0.040526,11.630526,3.283684,0.000000
20261108:1710,0.000000,0.000000,0.000000,0.000000,10.868421,3.356316,0.000000
20261108:1810,0.000000,0.000000,0.000000,0.000000,10.274211,3.470526,0.000000
20261108:1910,0.000000,0.000000,0.000000,0.000000,10.094737,3.526842,0.000000
20261108:2010,0.000000,0.000000,0.000000,0.000000,9.854211,3.571053,0.000000
20261108:2110,0.000000,0.000000,0.000000,0.000000,9.547895,3.607368,0.000000
20261108:2210,0.000000,0.000000,0.000000,0.000000,9.276842,3.619474,0.000000
20261108:2310,0.000000,0.000000,0.000000,0.000000,8.997368,3.614737,0.000000
20261109:0010,0.000000,0.000000,0.000000,0.000000,8.749474,3.680526,0.000000
20261109:0110,0.000000,0.000000,0.000000,0.000000,8.577368,3.662105,0.000000
20261109:0210,0.000000,0.000000,0.000000,0.000000,8.530526,3.608421,0.000000
20261109:0310,0.000000,0.000000,0.000000,0.000000,8.401579,3.526316,0.000000
20261109:0410,0.000000,0.000000,0.000000,0.000000,8.241579,3.481053,0.000000
20261109:0510,0.000000,0.000000,0.000000,0.000000,8.039474,3.393684,0.000000
20261109:0610,0.000000,0.000000,0.000000,0.000000,7.879474,3.253158,0.000000
20261109:0710,1.789474,8.103684,0.000000,2.057895,7.538421,3.106842,0.000000
20261109:0810,33.370526,57.105263,0.000000,10.430000,7.895789,3.142632,0.000000
20261109:0910,56.528947,105.578947,0.000000,17.140000,8.854737,3.375263,0.000000
20261109:1010,98.161053,124.631579,0.000000,21.940000,9.868947,3.659474,0.000000
20261109:1110,137.162105,137.421053,0.000000,24.340000,10.835789,3.938947,0.000000
20261109:1210,106.687368,138.263158,0.000000,24.070000,11.516316,4.178421,0.000000
20261109:1310,113.003684,125.315789,0.000000,21.160000,11.814211,4.177368,0.000000
20261109:1410,67.529474,94.421053,0.000000,15.950000,11.966316,4.086842,0.000000
20261109:1510,46.476842,53.578947,0.000000,8.910000,11.724737,3.764211,0.000000
20261109:1610,0.000000,0.894737,0.000000,0.029474,10.986316,3.407895,0.000000
20261109:1710,0.000000,0.000000,0.000000,0.000000,10.047368,3.327895,0.000000
20261109:1810,0.000000,0.000000,0.000000,0.000000,9.455789,3.316842,0.000000
20261109:1910,0.000000,0.000000,0.000000,0.000000,8.960526,3.357368,0.000000
20261109:2010,0.000000,0.000000,0.000000,0.000000,8.600000,3.426842,0.000000
20261109:2110,0.000000,0.000000,0.000000,0.000000,8.338947,3.451579,0.000000
20261109:2210,0.000000,0.000000,0.000000,0.000000,8.110000,3.449474,0.000000
20261109:2310,0.000000,0.000000,0.000000,0.000000,7.904211,3.431053,0.000000
20261110:0010,0.000000,0.000000,0.000000,0.000000,7.865263,3.367895,0.000000
20261110:0110,0.000000,0.000000,0.000000,0.000000,7.725789,3.293158,0.000000
20261110:0210,0.000000,0.000000,0.000000,0.000000,7.540000,3.300526,0.000000
20261110:0310,0.000000,0.000000,0.000000,0.000000,7.336842,3.227368,0.000000
20261110:0410,0.000000,0.000000,0.000000,0.000000,7.224737,3.292632,0.000000
20261110:0510,0.000000,0.000000,0.000000,0.000000,7.164737,3.378947,0.000000
20261110:0610,0.000000,0.000000,0.000000,0.000000,7.042105,3.383684,0.000000
20261110:0710,0.000000,7.526316,0.000000,1.951579,7.244211,3.330000,0.000000
20261110:0810,21.001053,59.263158,0.000000,10.170000,7.634211,3.285263,0.000000
20261110:0910,49.160526,89.210526,0.000000,16.870000,8.536842,3.338947,0.000000
20261110:1010,56.317368,127.684211,0.000000,21.650000,9.460000,3.715789,0.000000
20261110:1110,47.369474,140.210526,0.000000,24.060000,10.262632,4.062105,0.000000
20261110:1210,61.265263,126.736842,0.000000,21.285789,10.905789,4.196316,0.000000
20261110:1310,73.370526,130.894737,0.000000,20.900000,11.277368,4.163158,0.000000
20261110:1410,63.371053,97.263158,0.000000,15.700000,11.461053,4.066316,0.000000
20261110:1510,34.422632,54.842105,0.000000,8.690000,11.278421,3.978947,0.000000
20261110:1610,0.000000,0.894737,0.000000,0.018947,10.633684,3.590000,0.000000
20261110:1710,0.000000,0.000000,0.000000,0.000000,9.812632,3.470000,0.000000
20261110:1810,0.000000,0.000000,0.000000,0.000000,9.195263,3.419474,0.000000
20261110:1910,0.000000,0.000000,0.000000,0.000000,8.760000,3.412105,0.000000
20261110:2010,0.000000,0.000000,0.000000,0.000000,8.433684,3.396316,0.000000
20261110:2110,0.000000,0.000000,0.000000,0.000000,8.191053,3.374737,0.000000
20261110:2210,0.000000,0.000000,0.000000,0.000000,7.924211,3.300000,0.000000
20261110:2310,0.000000,0.000000,0.000000,0.000000,7.655263,3.234211,0.000000
20261111:0010,0.000000,0.000000,0.000000,0.000000,7.412105,3.212632,0.000000
20261111:0110,0.000000,0.000000,0.000000,0.000000,7.257895,3.197368,0.000000
20261111:0210,0.000000,0.000000,0.000000,0.000000,7.048947,3.219474,0.000000
20261111:0310,0.000000,0.000000,0.000000,0.000000,6.847895,3.212632,0.000000
20261111:0410,0.000000,0.000000,0.000000,0.000000,6.712105,3.190000,0.000000
20261111:0510,0.000000,0.000000,0.000000,0.000000,6.538947,3.288947,0.000000
20261111:0610,0.000000,0.000000,0.000000,0.000000,6.520526,3.357368,0.000000
20261111:0710,0.000000,5.105263,0.000000,1.724211,6.671579,3.505263,0.000000
20261111:0810,24.053684,58.157895,0.000000,9.920000,7.193158,3.631053,0.000000
20261111:0910,31.212105,87.473684,0.000000,16.600000,8.138421,3.744737,0.000000
20261111:1010,51.212105,111.842105,0.000000,21.380000,9.156842,4.109474,0.000000
20261111:1110,70.739474,125.842105,0.000000,23.770000,10.048421,4.473158,0.000000
20261111:1210,73.634211,123.368421,0.000000,23.520000,10.782632,4.476316,0.000000
20261111:1310,61.896842,112.842105,0.000000,20.640000,11.284211,4.268947,0.000000
20261111:1410,48.581579,72.263158,0.000000,14.646316,11.533684,4.026842,0.000000
20261111:1510,27.685789,50.421053,0.000000,8.470000,11.418421,3.683684,0.000000
20261111:1610,0.000000,0.736842,0.000000,0.008421,10.908421,3.462632,0.000000
20261111:1710,0.000000,0.000000,0.000000,0.000000,10.251579,3.401053,0.000000
20261111:1810,0.000000,0.000000,0.000000,0.000000,9.830526,3.416316,0.000000
20261111:1910,0.000000,0.000000,0.000000,0.000000,9.334211,3.410000,0.000000
20261111:2010,0.000000,0.000000,0.000000,0.000000,9.094737,3.386316,0.000000
20261111:2110,0.000000,0.000000,0.000000,0.000000,8.914737,3.323684,0.000000
20261111:2210,0.000000,0.000000,0.000000,0.000000,8.756842,3.255263,0.000000
20261111:2310,0.000000,0.000000,0.000000,0.000000,8.591579,3.247895,0.000000
20261112:0010,0.000000,0.000000,0.000000,0.000000,8.470000,3.291053,0.000000
20261112:0110,0.000000,0.000000,0.000000,0.000000,8.341053,3.285263,0.000000
20261112:0210,0.000000,0.000000,0.000000,0.000000,8.236316,3.270526,0.000000
20261112:0310,0.000000,0.000000,0.000000,0.000000,8.160526,3.335789,0.000000
20261112:0410,0.000000,0.000000,0.000000,0.000000,8.034737,3.288947,0.000000
20261112:0510,0.000000,0.000000,0.000000,0.000000,7.928421,3.194211,0.000000
20261112:0610,0.000000,0.000000,0.000000,0.000000,7.712632,3.274211,0.000000
20261112:0710,0.000000,3.789474,0.000000,1.413684,7.264211,3.251579,0.000000
20261112:0810,36.213158,56.842105,0.000000,9.660000,7.530526,3.135789,0.000000
20261112:0910,48.317368,93.000000,0.000000,16.340000,8.477895,3.048947,0.000000
20261112:1010,61.212632,127.000000,0.000000,21.100000,9.474211,3.452105,0.000000
20261112:1110,64.896316,145.842105,0.000000,23.500000,10.293684,3.422105,0.000000
20261112:1210,111.477368,130.315789,0.000000,23.250000,11.028421,3.546316,0.000000
20261112:1310,96.372632,109.789474,0.000000,20.390000,11.494211,3.640000,0.000000
20261112:1410,49.633684,84.631579,0.000000,15.230000,11.715789,3.551053,0.000000
20261112:1510,30.948421,47.473684,0.000000,8.260000,11.475789,3.128421,0.000000
20261112:1610,0.000000,0.000000,0.000000,-0.002105,10.678421,2.933158,0.000000
20261112:1710,0.000000,0.000000,0.000000,0.000000,9.811053,2.946316,0.000000
20261112:1810,0.000000,0.000000,0.000000,0.000000,9.328947,2.990000,0.000000
20261112:1910,0.000000,0.000000,0.000000,0.000000,8.966316,3.190526,0.000000
20261112:2010,0.000000,0.000000,0.000000,0.000000,8.805263,3.353684,0.000000
20261112:2110,0.000000,0.000000,0.000000,0.000000,8.644211,3.429474,0.000000
20261112:2210,0.000000,0.000000,0.000000,0.000000,8.506842,3.474737,0.000000
20261112:2310,0.000000,0.000000,0.000000,0.000000,8.360000,3.531053,0.000000
20261113:0010,0.000000,0.000000,0.000000,0.000000,8.341053,3.520526,0.000000
20261113:0110,0.000000,0.000000,0.000000,0.000000,8.334211,3.545789,0.000000
20261113:0210,0.000000,0.000000,0.000000,0.000000,8.342105,3.485263,0.000000
20261113:0310,0.000000,0.000000,0.000000,0.000000,8.325789,3.528947,0.000000
20261113:0410,0.000000,0.000000,0.000000,0.000000,8.332632,3.582105,0.000000
20261113:0510,0.000000,0.000000,0.000000,0.000000,8.361579,3.570526,0.000000
20261113:0610,0.000000,0.000000,0.000000,0.000000,8.346842,3.560000,0.000000
20261113:0710,0.000000,2.052632,0.000000,0.987368,8.383158,3.673158,0.000000
20261113:0810,20.632105,59.421053,0.000000,9.410000,8.748421,3.772632,0.000000
20261113:0910,45.001053,98.947368,0.000000,16.070000,9.531053,3.992632,0.000000
20261113:1010,59.896842,126.263158,0.000000,20.830000,10.452105,4.366842,0.000000
20261113:1110,102.213684,130.421053,0.000000,23.220000,11.327895,4.467895,0.000000
20261113:1210,117.951579,123.157895,0.000000,22.980000,11.965789,4.391053,0.000000
20261113:1310,78.108421,106.473684,0.000000,20.140000,12.288947,4.377368,0.000000
20261113:1410,45.475789,88.105263,0.000000,15.000000,12.381579,4.384737,0.000000
20261113:1510,27.474737,47.578947,0.000000,8.050000,12.164737,4.108947,0.000000
20261113:1610,0.000000,0.000000,0.000000,-0.012105,11.520526,3.920526,0.000000
20261113:1710,0.000000,0.000000,0.000000,0.000000,10.792632,3.839474,0.000000
20261113:1810,0.000000,0.000000,0.000000,0.000000,10.242632,3.749474,0.000000
20261113:1910,0.000000,0.000000,0.000000,0.000000,9.688947,3.690000,0.000000
20261113:2010,0.000000,0.000000,0.000000,0.000000,9.283684,3.687368,0.000000
20261113:2110,0.000000,0.000000,0.000000,0.000000,8.937368,3.636842,0.000000
20261113:2210,0.000000,0.000000,0.000000,0.000000,8.601579,3.586316,0.000000
20261113:2310,0.000000,0.000000,0.000000,0.000000,8.333684,3.502105,0.000000
20261114:0010,0.000000,0.000000,0.000000,0.000000,8.107895,3.437368,0.000000
20261114:0110,0.000000,0.000000,0.000000,0.000000,7.979474,3.447368,0.000000
20261114:0210,0.000000,0.000000,0.000000,0.000000,7.877895,3.505789,0.000000
20261114:0310,0.000000,0.000000,0.000000,0.000000,7.834737,3.414737,0.000000
20261114:0410,0.000000,0.000000,0.000000,0.000000,7.766842,3.447368,0.000000
20261114:0510,0.000000,0.000000,0.000000,0.000000,7.727368,3.496316,0.000000
20261114:0610,0.000000,0.000000,0.000000,0.000000,7.637895,3.440526,0.000000
20261114:0710,0.000000,0.000000,0.000000,0.000000,7.484737,3.313684,0.000000
20261114:0810,17.684211,54.105263,0.000000,9.170000,7.802105,3.390526,0.000000
20261114:0910,34.422105,87.789474,0.000000,15.820000,8.622632,3.575263,0.000000
20261114:1010,74.687368,111.421053,0.000000,20.560000,9.571053,3.887368,0.000000
20261114:1110,99.634737,114.578947,0.000000,22.960000,10.454211,4.032105,0.000000
20261114:1210,108.161579,118.421053,0.000000,22.730000,11.146316,4.059474,0.000000
20261114:1310,78.793158,115.526316,0.000000,19.900000,11.550526,4.171053,0.000000
20261114:1410,55.792105,87.473684,0.000000,14.780000,11.620000,4.126842,0.000000
20261114:1510,30.896842,46.736842,0.000000,7.850000,11.370000,3.835789,0.000000
20261114:1610,0.000000,0.000000,0.000000,-0.021579,10.735263,3.575789,0.000000
20261114:1710,0.000000,0.000000,0.000000,0.000000,10.002105,3.437895,0.000000
20261114:1810,0.000000,0.000000,0.000000,0.000000,9.548947,3.444211,0.000000
20261114:1910,0.000000,0.000000,0.000000,0.000000,9.051053,3.317895,0.000000
20261114:2010,0.000000,0.000000,0.000000,0.000000,8.792105,3.288947,0.000000
20261114:2110,0.000000,0.000000,0.000000,0.000000,8.474211,3.223158,0.000000
20261114:2210,0.000000,0.000000,0.000000,0.000000,8.220000,3.125263,0.000000
20261114:2310,0.000000,0.000000,0.000000,0.000000,7.981579,3.034211,0.000000
20261115:0010,0.000000,0.000000,0.000000,0.000000,7.733684,2.941579,0.000000
20261115:0110,0.000000,0.000000,0.000000,0.000000,7.543158,2.875789,0.000000
20261115:0210,0.000000,0.000000,0.000000,0.000000,7.346316,2.845789,0.000000
20261115:0310,0.000000,0.000000,0.000000,0.000000,7.214737,2.881579,0.000000
20261115:0410,0.000000,0.000000,0.000000,0.000000,7.090000,2.879474,0.000000
20261115:0510,0.000000,0.000000,0.000000,0.000000,7.023684,2.903684,0.000000
20261115:0610,0.000000,0.000000,0.000000,0.000000,6.962105,2.958421,0.000000
20261115:0710,0.000000,0.000000,0.000000,0.000000,7.032632,3.043158,0.000000
20261115:0810,18.632632,53.894737,0.000000,8.920000,7.333684,3.092105,0.000000
20261115:0910,34.790526,82.473684,0.000000,15.560000,8.129474,3.309474,0.000000
20261115:1010,52.370526,109.000000,0.000000,20.300000,9.050000,3.571053,0.000000
20261115:1110,68.160526,118.842105,0.000000,22.700000,9.831579,3.797895,0.000000
20261115:1210,63.475789,121.736842,0.000000,22.470000,10.380526,3.757895,0.000000
20261115:1310,71.265789,104.947368,0.000000,19.660000,10.767895,3.632105,0.000000
20261115:1410,45.949474,86.368421,0.000000,14.570000,10.911579,3.432632,0.000000
20261115:1510,25.948947,42.210526,0.000000,7.660000,10.720526,3.162105,0.000000
20261115:1610,0.000000,0.000000,0.000000,-0.031053,10.125263,3.100000,0.000000
20261115:1710,0.000000,0.000000,0.000000,0.000000,9.445789,3.107368,0.000000
20261115:1810,0.000000,0.000000,0.000000,0.000000,8.942105,3.151053,0.000000
20261115:1910,0.000000,0.000000,0.000000,0.000000,8.412632,3.020000,0.000000
20261115:2010,0.000000,0.000000,0.000000,0.000000,8.158947,2.973158,0.000000
20261115:2110,0.000000,0.000000,0.000000,0.000000,7.931053,2.928421,0.000000
20261115:2210,0.000000,0.000000,0.000000,0.000000,7.674737,2.922105,0.000000
20261115:2310,0.000000,0.000000,0.000000,0.000000,7.426842,2.943158,0.000000
20261116:0010,0.000000,0.000000,0.000000,0.000000,7.235789,2.973684,0.000000
20261116:0110,0.000000,0.000000,0.000000,0.000000,7.146842,2.958947,0.000000
20261116:0210,0.000000,0.000000,0.000000,0.000000,7.080000,2.950526,0.000000
20261116:0310,0.000000,0.000000,0.000000,0.000000,7.112105,2.958947,0.000000
20261116:0410,0.000000,0.000000,0.000000,0.000000,7.149474,2.995789,0.000000
20261116:0510,0.000000,0.000000,0.000000,0.000000,7.138947,3.045789,0.000000
20261116:0610,0.000000,0.000000,0.000000,0.000000,7.113684,3.060526,0.000000
20261116:0710,0.000000,0.000000,0.000000,0.000000,7.169474,3.087895,0.000000
20261116:0810,16.212105,45.368421,0.000000,8.223158,7.435263,3.110526,0.000000
20261116:0910,31.948947,73.789474,0.000000,15.310000,8.113158,3.277368,0.000000
20261116:1010,48.054737,90.789474,0.000000,20.040000,8.858421,3.456316,0.000000
20261116:1110,68.371053,100.421053,0.000000,22.440000,9.533684,3.545263,0.000000
20261116:1210,53.212105,112.736842,0.000000,22.230000,10.154211,3.720000,0.000000
20261116:1310,18.053158,96.736842,0.000000,19.430000,10.488421,3.796842,0.000000
20261116:1410,11.421579,64.631579,0.000000,14.360000,10.551579,3.616316,0.000000
20261116:1510,11.105789,42.052632,0.000000,7.470000,10.315263,3.327895,0.000000
20261116:1610,0.000000,0.000000,0.000000,-0.040000,9.786842,3.156842,0.000000
20261116:1710,0.000000,0.000000,0.000000,0.000000,9.163684,3.266842,0.000000
20261116:1810,0.000000,0.000000,0.000000,0.000000,8.742632,3.302632,0.000000
20261116:1910,0.000000,0.000000,0.000000,0.000000,8.226316,3.226842,0.000000
20261116:2010,0.000000,0.000000,0.000000,0.000000,7.968421,3.132632,0.000000
20261116:2110,0.000000,0.000000,0.000000,0.000000,7.735263,3.066842,0.000000
20261116:2210,0.000000,0.000000,0.000000,0.000000,7.525263,2.972632,0.000000
20261116:2310,0.000000,0.000000,0.000000,0.000000,7.402632,2.903684,0.000000
20261117:0010,0.000000,0.000000,0.000000,0.000000,7.247368,2.967895,0.000000
20261117:0110,0.000000,0.000000,0.000000,0.000000,7.029474,3.037895,0.000000
20261117:0210,0.000000,0.000000,0.000000,0.000000,6.870000,3.026842,0.000000
20261117:0310,0.000000,0.000000,0.000000,0.000000,6.620000,2.941053,0.000000
20261117:0410,0.000000,0.000000,0.000000,0.000000,6.376316,2.892632,0.000000
20261117:0510,0.000000,0.000000,0.000000,0.000000,6.252105,2.914211,0.000000
20261117:0610,0.000000,0.000000,0.000000,0.000000,6.190526,2.910526,0.000000
20261117:0710,0.000000,0.000000,0.000000,0.000000,6.245789,2.926842,0.000000
20261117:0810,21.317368,46.526316,0.000000,8.440000,6.564737,2.918421,0.000000
20261117:0910,36.475789,70.473684,0.000000,15.060000,7.489474,3.082632,0.000000
20261117:1010,51.738947,99.473684,0.000000,19.790000,8.480526,3.557368,0.000000
20261117:1110,104.003684,106.631579,0.000000,22.190000,9.378421,3.731579,0.000000
20261117:1210,73.107895,114.105263,0.000000,21.990000,10.078947,3.658947,0.000000
20261117:1310,54.580526,115.473684,0.000000,19.210000,10.475789,3.539474,0.000000
20261117:1410,36.791053,78.473684,0.000000,14.160000,10.524737,3.427368,0.000000
20261117:1510,15.948421,40.052632,0.000000,7.290000,10.262105,3.017368,0.000000
20261117:1610,0.000000,0.000000,0.000000,-0.048421,9.665263,2.910526,0.000000
20261117:1710,0.000000,0.000000,0.000000,0.000000,9.010000,2.965789,0.000000
20261117:1810,0.000000,0.000000,0.000000,0.000000,8.569474,3.034211,0.000000
20261117:1910,0.000000,0.000000,0.000000,0.000000,8.097895,2.980526,0.000000
20261117:2010,0.000000,0.000000,0.000000,0.000000,7.852105,2.975263,0.000000
20261117:2110,0.000000,0.000000,0.000000,0.000000,7.613684,2.936842,0.000000
20261117:2210,0.000000,0.000000,0.000000,0.000000,7.330000,2.940000,0.000000
20261117:2310,0.000000,0.000000,0.000000,0.000000,7.065263,2.932632,0.000000
20261118:0010,0.000000,0.000000,0.000000,0.000000,6.765263,2.972632,0.000000
20261118:0110,0.000000,0.000000,0.000000,0.000000,6.532632,2.965789,0.000000
20261118:0210,0.000000,0.000000,0.000000,0.000000,6.335789,2.969474,0.000000
20261118:0310,0.000000,0.000000,0.000000,0.000000,6.016316,2.885789,0.000000
20261118:0410,0.000000,0.000000,0.000000,0.000000,5.764737,2.769474,0.000000
20261118:0510,0.000000,0.000000,0.000000,0.000000,5.584211,2.693158,0.000000
20261118:0610,0.000000,0.000000,0.000000,0.000000,5.380526,2.744211,0.000000
20261118:0710,0.000000,0.000000,0.000000,0.000000,5.422105,2.832105,0.000000
20261118:0810,27.738947,44.473684,0.000000,8.210000,5.650000,2.976316,0.000000
20261118:0910,64.108421,75.842105,0.000000,14.820000,6.580526,3.102632,0.000000
20261118:1010,65.475789,96.052632,0.000000,19.540000,7.619474,3.430000,0.000000
20261118:1110,88.477368,112.368421,0.000000,21.940000,8.591579,3.583158,0.000000
20261118:1210,109.583158,98.736842,0.000000,20.605263,9.304211,3.719474,0.000000
20261118:1310,78.161053,104.736842,0.000000,18.990000,9.765263,3.798421,0.000000
20261118:1410,56.318947,74.526316,0.000000,13.960000,9.930526,3.589474,0.000000
20261118:1510,28.001579,39.947368,0.000000,6.735789,9.711579,3.274737,0.000000
20261118:1610,0.000000,0.000000,0.000000,-0.056842,9.087895,3.175789,0.000000
20261118:1710,0.000000,0.000000,0.000000,0.000000,8.471053,3.194737,0.000000
20261118:1810,0.000000,0.000000,0.000000,0.000000,8.102105,3.182632,0.000000
20261118:1910,0.000000,0.000000,0.000000,0.000000,7.863684,3.249474,0.000000
20261118:2010,0.000000,0.000000,0.000000,0.000000,7.561579,3.292105,0.000000
20261118:2110,0.000000,0.000000,0.000000,0.000000,7.352105,3.263158,0.000000
20261118:2210,0.000000,0.000000,0.000000,0.000000,7.176842,3.216842,0.000000
20261118:2310,0.000000,0.000000,0.000000,0.000000,6.941053,3.148421,0.000000
20261119:0010,0.000000,0.000000,0.000000,0.000000,6.750000,3.038947,0.000000
20261119:0110,0.000000,0.000000,0.000000,0.000000,6.581579,3.011053,0.000000
20261119:0210,0.000000,0.000000,0.000000,0.000000,6.431053,3.012632,0.000000
20261119:0310,0.000000,0.000000,0.000000,0.000000,6.285263,2.918421,0.000000
20261119:0410,0.000000,0.000000,0.000000,0.000000,6.163684,2.821053,0.000000
20261119:0510,0.000000,0.000000,0.000000,0.000000,6.035263,2.748421,0.000000
20261119:0610,0.000000,0.000000,0.000000,0.000000,5.943158,2.638421,0.000000
20261119:0710,0.000000,0.000000,0.000000,0.000000,5.788947,2.678947,0.000000
20261119:0810,22.685263,46.157895,0.000000,7.550526,5.993684,2.900526,0.000000
20261119:0910,49.739474,89.684211,0.000000,14.580000,6.798421,2.983158,0.000000
20261119:1010,66.529474,105.631579,0.000000,19.300000,7.773158,3.303684,0.000000
20261119:1110,73.265263,139.684211,0.000000,21.700000,8.694211,3.738947,0.000000
20261119:1210,74.686316,132.315789,0.000000,21.520000,9.410526,3.822105,0.000000
20261119:1310,67.739474,100.052632,0.000000,18.780000,9.755789,3.634211,0.000000
20261119:1410,44.739474,76.157895,0.000000,13.770000,9.850526,3.587368,0.000000
20261119:1510,18.684211,42.789474,0.000000,6.940000,9.596316,3.324737,0.000000
20261119:1610,0.000000,0.000000,0.000000,-0.064737,8.978421,3.136316,0.000000
20261119:1710,0.000000,0.000000,0.000000,0.000000,8.360000,3.164737,0.000000
20261119:1810,0.000000,0.000000,0.000000,0.000000,7.837368,3.204211,0.000000
20261119:1910,0.000000,0.000000,0.000000,0.000000,7.481579,3.317368,0.000000
20261119:2010,0.000000,0.000000,0.000000,0.000000,7.225789,3.259474,0.000000
20261119:2110,0.000000,0.000000,0.000000,0.000000,6.967368,3.234211,0.000000
20261119:2210,0.000000,0.000000,0.000000,0.000000,6.702105,3.261053,0.000000
20261119:2310,0.000000,0.000000,0.000000,0.000000,6.488421,3.314211,0.000000
20261120:0010,0.000000,0.000000,0.000000,0.000000,6.321579,3.411053,0.000000
20261120:0110,0.000000,0.000000,0.000000,0.000000,6.204211,3.472632,0.000000
20261120:0210,0.000000,0.000000,0.000000,0.000000,6.101579,3.498947,0.000000
20261120:0310,0.000000,0.000000,0.000000,0.000000,6.055263,3.523158,0.000000
20261120:0410,0.000000,0.000000,0.000000,0.000000,6.031579,3.607895,0.000000
20261120:0510,0.000000,0.000000,0.000000,0.000000,5.961579,3.680526,0.000000
20261120:0610,0.000000,0.000000,0.000000,0.000000,5.903158,3.699474,0.000000
20261120:0710,0.000000,0.000000,0.000000,0.000000,5.772105,3.443684,0.000000
20261120:0810,15.736842,42.368421,0.000000,7.750000,5.973684,3.282632,0.000000
20261120:0910,34.001579,75.947368,0.000000,14.340000,6.847368,3.299474,0.000000
20261120:1010,72.844737,99.210526,0.000000,19.060000,7.772632,3.454737,0.000000
20261120:1110,88.003684,99.578947,0.000000,21.470000,8.608947,3.647895,0.000000
20261120:1210,66.476316,104.789474,0.000000,21.300000,9.254737,3.954211,0.000000
20261120:1310,57.740000,88.368421,0.000000,18.570000,9.631579,3.981579,0.000000
20261120:1410,34.160000,69.000000,0.000000,13.580000,9.793158,3.861579,0.000000
20261120:1510,13.843158,39.210526,0.000000,6.780000,9.646316,3.586316,0.000000
20261120:1610,0.000000,0.000000,0.000000,0.000000,9.145789,3.510526,0.000000
20261120:1710,0.000000,0.000000,0.000000,0.000000,8.594737,3.510526,0.000000
20261120:1810,0.000000,0.000000,0.000000,0.000000,8.178947,3.477368,0.000000
20261120:1910,0.000000,0.000000,0.000000,0.000000,7.572105,3.384737,0.000000
20261120:2010,0.000000,0.000000,0.000000,0.000000,7.427895,3.321053,0.000000
20261120:2110,0.000000,0.000000,0.000000,0.000000,7.268947,3.313158,0.000000
20261120:2210,0.000000,0.000000,0.000000,0.000000,7.062632,3.314737,0.000000
20261120:2310,0.000000,0.000000,0.000000,0.000000,6.763684,3.230526,0.000000
20261121:0010,0.000000,0.000000,0.000000,0.000000,6.504211,3.135789,0.000000
20261121:0110,0.000000,0.000000,0.000000,0.000000,6.279474,3.055789,0.000000
20261121:0210,0.000000,0.000000,0.000000,0.000000,6.224737,2.987895,0.000000
20261121:0310,0.000000,0.000000,0.000000,0.000000,6.178421,2.900526,0.000000
20261121:0410,0.000000,0.000000,0.000000,0.000000,6.126842,2.863158,0.000000
20261121:0510,0.000000,0.000000,0.000000,0.000000,6.055263,2.875263,0.000000
20261121:0610,0.000000,0.000000,0.000000,0.000000,5.905789,2.875263,0.000000
20261121:0710,0.000000,0.000000,0.000000,0.000000,5.765263,2.918947,0.000000
20261121:0810,24.580526,44.157895,0.000000,7.520000,5.937895,2.965789,0.000000
20261121:0910,60.740526,67.947368,0.000000,14.110000,6.897895,3.103684,0.000000
20261121:1010,85.898421,102.631579,0.000000,18.830000,7.894737,3.811053,0.000000
20261121:1110,85.003158,118.947368,0.000000,21.240000,8.723158,3.942105,0.000000
20261121:1210,69.897368,104.789474,0.000000,21.080000,9.346842,3.880000,0.000000
20261121:1310,62.634211,107.842105,0.000000,18.370000,9.605789,4.014737,0.000000
20261121:1410,41.949474,72.105263,0.000000,13.410000,9.527368,3.817895,0.000000
20261121:1510,11.790000,36.684211,0.000000,6.620000,9.269474,3.582632,0.000000
20261121:1610,0.000000,0.000000,0.000000,0.000000,8.581579,3.750000,0.000000
20261121:1710,0.000000,0.000000,0.000000,0.000000,7.920526,3.855263,0.000000
20261121:1810,0.000000,0.000000,0.000000,0.000000,7.538421,3.832632,0.000000
20261121:1910,0.000000,0.000000,0.000000,0.000000,7.370000,3.709474,0.000000
20261121:2010,0.000000,0.000000,0.000000,0.000000,7.173158,3.535263,0.000000
20261121:2110,0.000000,0.000000,0.000000,0.000000,6.965263,3.531053,0.000000
20261121:2210,0.000000,0.000000,0.000000,0.000000,6.806842,3.731053,0.000000
20261121:2310,0.000000,0.000000,0.000000,0.000000,6.627368,3.761053,0.000000
20261122:0010,0.000000,0.000000,0.000000,0.000000,6.382105,3.727895,0.000000
20261122:0110,0.000000,0.000000,0.000000,0.000000,6.104737,3.636842,0.000000
20261122:0210,0.000000,0.000000,0.000000,0.000000,5.837368,3.603684,0.000000
20261122:0310,0.000000,0.000000,0.000000,0.000000,5.599474,3.571579,0.000000
20261122:0410,0.000000,0.000000,0.000000,0.000000,5.350526,3.535789,0.000000
20261122:0510,0.000000,0.000000,0.000000,0.000000,5.064737,3.484211,0.000000
20261122:0610,0.000000,0.000000,0.000000,0.000000,4.770000,3.441579,0.000000
20261122:0710,0.000000,0.000000,0.000000,0.000000,4.583158,3.454737,0.000000
20261122:0810,24.422105,42.105263,0.000000,7.300000,4.685789,3.418947,0.000000
20261122:0910,76.794737,77.315789,0.000000,13.890000,5.512105,3.470000,0.000000
20261122:1010,110.216316,104.473684,0.000000,18.600000,6.572105,3.855263,0.000000
20261122:1110,128.478421,116.894737,0.000000,21.010000,7.575263,4.206842,0.000000
20261122:1210,137.847368,116.263158,0.000000,20.870000,8.340000,4.268947,0.000000
20261122:1310,119.637368,99.894737,0.000000,18.180000,8.854211,4.297368,0.000000
20261122:1410,61.530000,70.631579,0.000000,13.240000,9.049474,4.218421,0.000000
20261122:1510,25.895263,39.684211,0.000000,6.470000,8.777368,3.760000,0.000000
20261122:1610,0.000000,0.000000,0.000000,0.000000,8.071053,3.548947,0.000000
20261122:1710,0.000000,0.000000,0.000000,0.000000,7.380526,3.510526,0.000000
20261122:1810,0.000000,0.000000,0.000000,0.000000,6.948947,3.314737,0.000000
20261122:1910,0.000000,0.000000,0.000000,0.000000,6.794211,3.305789,0.000000
20261122:2010,0.000000,0.000000,0.000000,0.000000,6.337368,3.578947,0.000000
20261122:2110,0.000000,0.000000,0.000000,0.000000,5.990000,3.532105,0.000000
20261122:2210,0.000000,0.000000,0.000000,0.000000,5.794737,3.413684,0.000000
20261122:2310,0.000000,0.000000,0.000000,0.000000,5.699474,3.433158,0.000000
20261123:0010,0.000000,0.000000,0.000000,0.000000,5.666842,3.483684,0.000000
20261123:0110,0.000000,0.000000,0.000000,0.000000,5.631053,3.492632,0.000000
20261123:0210,0.000000,0.000000,0.000000,0.000000,5.637368,3.510000,0.000000
20261123:0310,0.000000,0.000000,0.000000,0.000000,5.623684,3.554211,0.000000
20261123:0410,0.000000,0.000000,0.000000,0.000000,5.614211,3.645789,0.000000
20261123:0510,0.000000,0.000000,0.000000,0.000000,5.641579,3.681053,0.000000
20261123:0610,0.000000,0.000000,0.000000,0.000000,5.648421,3.702105,0.000000
20261123:0710,0.000000,0.000000,0.000000,0.000000,5.823158,3.710000,0.000000
20261123:0810,14.631579,41.473684,0.000000,7.090000,6.069474,3.713158,0.000000
20261123:0910,32.212632,74.421053,0.000000,13.660000,6.900526,3.706316,0.000000
20261123:1010,50.054211,103.105263,0.000000,17.412632,7.791053,3.998421,0.000000
20261123:1110,79.897368,109.684211,0.000000,20.800000,8.601579,4.145263,0.000000
20261123:1210,86.265789,117.052632,0.000000,20.660000,9.283684,4.274737,0.000000
20261123:1310,69.792632,91.578947,0.000000,17.990000,9.676842,4.356316,0.000000
20261123:1410,44.950000,72.368421,0.000000,13.070000,9.845263,4.171579,0.000000
20261123:1510,18.685263,31.947368,0.000000,6.330000,9.673158,4.031579,0.000000
20261123:1610,0.000000,0.000000,0.000000,0.000000,9.195789,3.862632,0.000000
20261123:1710,0.000000,0.000000,0.000000,0.000000,8.787368,3.708947,0.000000
20261123:1810,0.000000,0.000000,0.000000,0.000000,8.425263,3.640526,0.000000
20261123:1910,0.000000,0.000000,0.000000,0.000000,7.954211,3.571579,0.000000
20261123:2010,0.000000,0.000000,0.000000,0.000000,7.611579,3.508421,0.000000
20261123:2110,0.000000,0.000000,0.000000,0.000000,7.318421,3.492105,0.000000
20261123:2210,0.000000,0.000000,0.000000,0.000000,7.124737,3.415789,0.000000
20261123:2310,0.000000,0.000000,0.000000,0.000000,6.890526,3.386316,0.000000
20261124:0010,0.000000,0.000000,0.000000,0.000000,6.668947,3.437368,0.000000
20261124:0110,0.000000,0.000000,0.000000,0.000000,6.448947,3.447895,0.000000
20261124:0210,0.000000,0.000000,0.000000,0.000000,6.305263,3.412105,0.000000
20261124:0310,0.000000,0.000000,0.000000,0.000000,6.180000,3.354211,0.000000
20261124:0410,0.000000,0.000000,0.000000,0.000000,6.042632,3.317368,0.000000
20261124:0510,0.000000,0.000000,0.000000,0.000000,5.939474,3.325263,0.000000
20261124:0610,0.000000,0.000000,0.000000,0.000000,5.885789,3.321053,0.000000
20261124:0710,0.000000,0.000000,0.000000,0.000000,5.837368,3.100000,0.000000
20261124:0810,15.316842,35.473684,0.000000,6.870000,5.985263,3.045789,0.000000
20261124:0910,31.685263,83.736842,0.000000,13.450000,6.729474,3.281579,0.000000
20261124:1010,55.739474,98.631579,0.000000,18.160000,7.510000,3.460000,0.000000
20261124:1110,67.949474,105.894737,0.000000,20.580000,8.200526,3.534211,0.000000
20261124:1210,49.738421,117.578947,0.000000,20.470000,8.725263,3.601579,0.000000
20261124:1310,43.843684,96.210526,0.000000,17.810000,9.095263,3.680526,0.000000
20261124:1410,24.474737,71.315789,0.000000,12.910000,9.255789,3.561053,0.000000
20261124:1510,12.737368,36.421053,0.000000,6.190000,9.037368,3.328947,0.000000
20261124:1610,0.000000,0.000000,0.000000,0.000000,8.443684,3.248421,0.000000
20261124:1710,0.000000,0.000000,0.000000,0.000000,7.853684,3.339474,0.000000
20261124:1810,0.000000,0.000000,0.000000,0.000000,7.553684,3.444737,0.000000
20261124:1910,0.000000,0.000000,0.000000,0.000000,7.357368,3.608421,0.000000
20261124:2010,0.000000,0.000000,0.000000,0.000000,7.348421,3.788947,0.000000
20261124:2110,0.000000,0.000000,0.000000,0.000000,7.335263,3.904737,0.000000
20261124:2210,0.000000,0.000000,0.000000,0.000000,7.278947,4.035789,0.000000
20261124:2310,0.000000,0.000000,0.000000,0.000000,7.127895,4.014737,0.000000
20261125:0010,0.000000,0.000000,0.000000,0.000000,6.918947,4.003158,0.000000
20261125:0110,0.000000,0.000000,0.000000,0.000000,6.760526,3.996842,0.000000
20261125:0210,0.000000,0.000000,0.000000,0.000000,6.514737,3.931053,0.000000
20261125:0310,0.000000,0.000000,0.000000,0.000000,6.316316,3.850526,0.000000
20261125:0410,0.000000,0.000000,0.000000,0.000000,6.106316,3.803684,0.000000
20261125:0510,0.000000,0.000000,0.000000,0.000000,5.970000,3.771053,0.000000
20261125:0610,0.000000,0.000000,0.000000,0.000000,5.837368,3.701579,0.000000
20261125:0710,0.000000,0.000000,0.000000,0.000000,5.836316,3.743158,0.000000
20261125:0810,17.474737,35.736842,0.000000,6.660000,5.883158,3.658947,0.000000
20261125:0910,55.424737,70.157895,0.000000,13.230000,6.569474,3.641053,0.000000
20261125:1010,74.266316,100.105263,0.000000,17.950000,7.513684,4.106842,0.000000
20261125:1110,83.530000,114.315789,0.000000,20.380000,8.377368,4.428947,0.000000
20261125:1210,62.528947,124.000000,0.000000,20.270000,8.917368,4.432105,0.000000
20261125:1310,51.686316,97.421053,0.000000,17.640000,9.118421,4.432105,0.000000
20261125:1410,36.897368,72.789474,0.000000,12.760000,9.113158,4.206842,0.000000
20261125:1510,15.790000,36.263158,0.000000,6.060000,8.764737,3.705789,0.000000
20261125:1610,0.000000,0.000000,0.000000,0.000000,8.119474,3.327895,0.000000
20261125:1710,0.000000,0.000000,0.000000,0.000000,7.470000,3.140000,0.000000
20261125:1810,0.000000,0.000000,0.000000,0.000000,6.993158,3.095789,0.000000
20261125:1910,0.000000,0.000000,0.000000,0.000000,6.538421,3.136316,0.000000
20261125:2010,0.000000,0.000000,0.000000,0.000000,6.250526,3.112105,0.000000
20261125:2110,0.000000,0.000000,0.000000,0.000000,6.028947,2.980000,0.000000
20261125:2210,0.000000,0.000000,0.000000,0.000000,5.696316,2.914737,0.000000
20261125:2310,0.000000,0.000000,0.000000,0.000000,5.405263,2.889474,0.000000
20261126:0010,0.000000,0.000000,0.000000,0.000000,5.251053,2.871053,0.000000
20261126:0110,0.000000,0.000000,0.000000,0.000000,5.107368,2.824211,0.000000
20261126:0210,0.000000,0.000000,0.000000,0.000000,4.931053,2.805789,0.000000
20261126:0310,0.000000,0.000000,0.000000,0.000000,4.753684,2.766316,0.000000
20261126:0410,0.000000,0.000000,0.000000,0.000000,4.648947,2.766316,0.000000
20261126:0510,0.000000,0.000000,0.000000,0.000000,4.544211,2.787368,0.000000
20261126:0610,0.000000,0.000000,0.000000,0.000000,4.502632,2.842105,0.000000
20261126:0710,0.000000,0.000000,0.000000,0.000000,4.532632,2.831053,0.000000
20261126:0810,15.790526,35.736842,0.000000,6.460000,4.681053,2.904737,0.000000
20261126:0910,41.949474,79.000000,0.000000,13.030000,5.548947,3.069474,0.000000
20261126:1010,67.265789,98.526316,0.000000,17.740000,6.546316,3.296316,0.000000
20261126:1110,93.214737,114.263158,0.000000,20.180000,7.380526,3.661579,0.000000
20261126:1210,84.003158,117.947368,0.000000,20.090000,7.954211,3.800000,0.000000
20261126:1310,72.266316,109.842105,0.000000,17.480000,8.286316,3.731053,0.000000
20261126:1410,36.370526,72.368421,0.000000,12.620000,8.396842,3.612105,0.000000
20261126:1510,15.631579,35.368421,0.000000,5.930000,8.180526,3.270000,0.000000
20261126:1610,0.000000,0.000000,0.000000,0.000000,7.514737,3.035263,0.000000
20261126:1710,0.000000,0.000000,0.000000,0.000000,6.821579,3.008947,0.000000
20261126:1810,0.000000,0.000000,0.000000,0.000000,6.398421,3.020526,0.000000
20261126:1910,0.000000,0.000000,0.000000,0.000000,6.153158,3.100000,0.000000
20261126:2010,0.000000,0.000000,0.000000,0.000000,5.893158,3.041579,0.000000
20261126:2110,0.000000,0.000000,0.000000,0.000000,5.656842,2.957895,0.000000
20261126:2210,0.000000,0.000000,0.000000,0.000000,5.466316,2.984211,0.000000
20261126:2310,0.000000,0.000000,0.000000,0.000000,5.257368,3.050000,0.000000
20261127:0010,0.000000,0.000000,0.000000,0.000000,5.184211,3.121579,0.000000
20261127:0110,0.000000,0.000000,0.000000,0.000000,5.145263,3.240526,0.000000
20261127:0210,0.000000,0.000000,0.000000,0.000000,5.058947,3.201053,0.000000
20261127:0310,0.000000,0.000000,0.000000,0.000000,4.916316,3.226842,0.000000
20261127:0410,0.000000,0.000000,0.000000,0.000000,4.847895,3.281579,0.000000
20261127:0510,0.000000,0.000000,0.000000,0.000000,4.861053,3.303684,0.000000
20261127:0610,0.000000,0.000000,0.000000,0.000000,4.808947,3.256316,0.000000
20261127:0710,0.000000,0.000000,0.000000,0.000000,4.598421,3.263158,0.000000
20261127:0810,11.842632,35.526316,0.000000,6.260000,4.697895,3.318421,0.000000
20261127:0910,31.896316,73.842105,0.000000,12.820000,5.468421,3.297368,0.000000
20261127:1010,55.212632,100.368421,0.000000,17.540000,6.390000,3.658421,0.000000
20261127:1110,91.845789,109.789474,0.000000,19.990000,7.274211,3.887895,0.000000
20261127:1210,85.318947,115.736842,0.000000,19.910000,7.880000,4.032105,0.000000
20261127:1310,79.636842,103.578947,0.000000,17.320000,8.277895,4.021579,0.000000
20261127:1410,30.317368,68.684211,0.000000,12.480000,8.401579,3.796316,0.000000
20261127:1510,14.947895,34.210526,0.000000,5.820000,8.214737,3.582105,0.000000
20261127:1610,0.000000,0.000000,0.000000,0.000000,7.692105,3.492105,0.000000
20261127:1710,0.000000,0.000000,0.000000,0.000000,7.235263,3.545789,0.000000
20261127:1810,0.000000,0.000000,0.000000,0.000000,6.846842,3.622105,0.000000
20261127:1910,0.000000,0.000000,0.000000,0.000000,6.467895,3.553684,0.000000
20261127:2010,0.000000,0.000000,0.000000,0.000000,6.155789,3.535263,0.000000
20261127:2110,0.000000,0.000000,0.000000,0.000000,5.942105,3.587368,0.000000
20261127:2210,0.000000,0.000000,0.000000,0.000000,5.735789,3.670000,0.000000
20261127:2310,0.000000,0.000000,0.000000,0.000000,5.530526,3.648947,0.000000
20261128:0010,0.000000,0.000000,0.000000,0.000000,5.373684,3.547368,0.000000
20261128:0110,0.000000,0.000000,0.000000,0.000000,5.287895,3.524211,0.000000
20261128:0210,0.000000,0.000000,0.000000,0.000000,5.247895,3.517368,0.000000
20261128:0310,0.000000,0.000000,0.000000,0.000000,5.181053,3.447368,0.000000
20261128:0410,0.000000,0.000000,0.000000,0.000000,5.118947,3.462105,0.000000
20261128:0510,0.000000,0.000000,0.000000,0.000000,5.087895,3.458421,0.000000
20261128:0610,0.000000,0.000000,0.000000,0.000000,5.038947,3.403158,0.000000
20261128:0710,0.000000,0.000000,0.000000,0.000000,4.917368,3.327895,0.000000
20261128:0810,14.632105,32.368421,0.000000,6.070000,4.970000,3.324737,0.000000
20261128:0910,47.318947,72.157895,0.000000,12.630000,5.537368,3.505789,0.000000
20261128:1010,61.528947,103.052632,0.000000,17.340000,6.315789,3.673158,0.000000
20261128:1110,69.317895,118.157895,0.000000,19.800000,7.032105,3.760000,0.000000
20261128:1210,77.581579,109.578947,0.000000,19.740000,7.630526,3.920526,0.000000
20261128:1310,61.476316,96.947368,0.000000,17.160000,7.937368,3.886842,0.000000
20261128:1410,29.054211,71.526316,0.000000,12.350000,7.956842,3.732105,0.000000
20261128:1510,15.789474,28.410526,0.000000,5.710000,7.643684,3.497895,0.000000
20261128:1610,0.000000,0.000000,0.000000,0.000000,6.996316,3.189474,0.000000
20261128:1710,0.000000,0.000000,0.000000,0.000000,6.490526,3.258947,0.000000
20261128:1810,0.000000,0.000000,0.000000,0.000000,6.082632,3.618947,0.000000
20261128:1910,0.000000,0.000000,0.000000,0.000000,5.682632,3.690526,0.000000
20261128:2010,0.000000,0.000000,0.000000,0.000000,5.444211,3.643158,0.000000
20261128:2110,0.000000,0.000000,0.000000,0.000000,5.248947,3.625789,0.000000
20261128:2210,0.000000,0.000000,0.000000,0.000000,5.088947,3.578947,0.000000
20261128:2310,0.000000,0.000000,0.000000,0.000000,4.883158,3.532632,0.000000
20261129:0010,0.000000,0.000000,0.000000,0.000000,4.752632,3.512632,0.000000
20261129:0110,0.000000,0.000000,0.000000,0.000000,4.558421,3.492105,0.000000
20261129:0210,0.000000,0.000000,0.000000,0.000000,4.388421,3.398421,0.000000
20261129:0310,0.000000,0.000000,0.000000,0.000000,4.218421,3.317368,0.000000
20261129:0410,0.000000,0.000000,0.000000,0.000000,4.178421,3.234211,0.000000
20261129:0510,0.000000,0.000000,0.000000,0.000000,4.094211,3.180526,0.000000
20261129:0610,0.000000,0.000000,0.000000,0.000000,4.041579,3.128947,0.000000
20261129:0710,0.000000,0.000000,0.000000,0.000000,3.965263,3.226842,0.000000
20261129:0810,13.736842,30.631579,0.000000,5.870000,4.091579,3.164211,0.000000
20261129:0910,46.845263,72.105263,0.000000,12.440000,4.772632,3.325789,0.000000
20261129:1010,53.844737,89.894737,0.000000,17.150000,5.703158,3.712632,0.000000
20261129:1110,68.791579,109.315789,0.000000,19.620000,6.598421,3.804211,0.000000
20261129:1210,86.477368,113.157895,0.000000,19.570000,7.266316,3.945263,0.000000
20261129:1310,59.687368,90.210526,0.000000,17.020000,7.700000,3.876316,0.000000
20261129:1410,45.581579,74.000000,0.000000,12.220000,7.757368,3.691579,0.000000
20261129:1510,16.368421,29.764211,0.000000,5.600000,7.426842,3.351053,0.000000
20261129:1610,0.000000,0.000000,0.000000,0.000000,6.657368,3.194211,0.000000
20261129:1710,0.000000,0.000000,0.000000,0.000000,5.992632,3.173158,0.000000
20261129:1810,0.000000,0.000000,0.000000,0.000000,5.536316,3.180526,0.000000
20261129:1910,0.000000,0.000000,0.000000,0.000000,5.144737,3.066842,0.000000
20261129:2010,0.000000,0.000000,0.000000,0.000000,4.901053,3.006316,0.000000
20261129:2110,0.000000,0.000000,0.000000,0.000000,4.594737,2.911579,0.000000
20261129:2210,0.000000,0.000000,0.000000,0.000000,4.294737,2.762105,0.000000
20261129:2310,0.000000,0.000000,0.000000,0.000000,3.971053,2.728947,0.000000
20261130:0010,0.000000,0.000000,0.000000,0.000000,3.666842,2.693684,0.000000
20261130:0110,0.000000,0.000000,0.000000,0.000000,3.464737,2.678421,0.000000
20261130:0210,0.000000,0.000000,0.000000,0.000000,3.240526,2.699474,0.000000
20261130:0310,0.000000,0.000000,0.000000,0.000000,3.125789,2.686316,0.000000
20261130:0410,0.000000,0.000000,0.000000,0.000000,3.095789,2.660526,0.000000
20261130:0510,0.000000,0.000000,0.000000,0.000000,3.048947,2.707895,0.000000
20261130:0610,0.000000,0.000000,0.000000,0.000000,2.998421,2.760000,0.000000
20261130:0710,0.000000,0.000000,0.000000,0.000000,2.888947,2.656316,0.000000
20261130:0810,14.105789,25.943684,0.000000,5.690000,2.983158,2.483158,0.000000
20261130:0910,35.054737,70.105263,0.000000,12.250000,3.757368,2.646842,0.000000
20261130:1010,49.002105,99.157895,0.000000,16.970000,4.732105,3.022632,0.000000
20261130:1110,73.266842,101.894737,0.000000,19.450000,5.662632,3.390000,0.000000
20261130:1210,80.530000,104.631579,0.000000,19.410000,6.355263,3.407895,0.000000
20261130:1310,54.738947,95.736842,0.000000,16.880000,6.827368,3.564211,0.000000
20261130:1410,26.370000,60.526316,0.000000,11.463158,6.921579,3.426842,0.000000
20261130:1510,8.210526,27.125789,0.000000,5.500000,6.645789,3.100000,0.000000
20261130:1610,0.000000,0.000000,0.000000,0.000000,5.941053,3.044737,0.000000
20261130:1710,0.000000,0.000000,0.000000,0.000000,5.358421,3.080526,0.000000
20261130:1810,0.000000,0.000000,0.000000,0.000000,5.053158,3.111579,0.000000
20261130:1910,0.000000,0.000000,0.000000,0.000000,4.723158,3.096316,0.000000
20261130:2010,0.000000,0.000000,0.000000,0.000000,4.597895,3.184211,0.000000
20261130:2110,0.000000,0.000000,0.000000,0.000000,4.598421,3.250526,0.000000
20261130:2210,0.000000,0.000000,0.000000,0.000000,4.637368,3.375263,0.000000
20261130:2310,0.000000,0.000000,0.000000,0.000000,4.576842,3.473158,0.000000
20261201:0010,0.000000,0.000000,0.000000,0.000000,4.426316,3.553684,0.000000
20261201:0110,0.000000,0.000000,0.000000,0.000000,4.350000,3.595789,0.000000
20261201:0210,0.000000,0.000000,0.000000,0.000000,4.347895,3.596316,0.000000
20261201:0310,0.000000,0.000000,0.000000,0.000000,4.331579,3.651579,0.000000
20261201:0410,0.000000,0.000000,0.000000,0.000000,4.183158,3.687368,0.000000
20261201:0510,0.000000,0.000000,0.000000,0.000000,4.072105,3.665263,0.000000
20261201:0610,0.000000,0.000000,0.000000,0.000000,3.948421,3.590526,0.000000
20261201:0710,0.000000,0.000000,0.000000,0.000000,4.072632,3.495789,0.000000
20261201:0810,9.842632,27.511579,0.000000,5.510000,4.143158,3.508947,0.000000
20261201:0910,38.529474,62.947368,0.000000,12.070000,4.667368,3.699474,0.000000
20261201:1010,49.896842,88.263158,0.000000,16.790000,5.426316,3.891053,0.000000
20261201:1110,58.160000,99.368421,0.000000,19.280000,6.105263,4.293158,0.000000
20261201:1210,57.265789,99.368421,0.000000,19.260000,6.576842,4.250000,0.000000
20261201:1310,51.844737,91.052632,0.000000,16.750000,6.845263,4.238947,0.000000
20261201:1410,29.580526,63.684211,0.000000,11.990000,6.871579,4.123684,0.000000
20261201:1510,14.368947,26.176316,0.000000,5.410000,6.600526,3.920000,0.000000
20261201:1610,0.000000,0.000000,0.000000,0.000000,6.014211,3.775263,0.000000
20261201:1710,0.000000,0.000000,0.000000,0.000000,5.517895,3.793684,0.000000
20261201:1810,0.000000,0.000000,0.000000,0.000000,5.206316,3.869474,0.000000
20261201:1910,0.000000,0.000000,0.000000,0.000000,4.974211,3.796842,0.000000
20261201:2010,0.000000,0.000000,0.000000,0.000000,4.796842,3.763684,0.000000
20261201:2110,0.000000,0.000000,0.000000,0.000000,4.635263,3.806842,0.000000
20261201:2210,0.000000,0.000000,0.000000,0.000000,4.472632,3.862105,0.000000
20261201:2310,0.000000,0.000000,0.000000,0.000000,4.375263,3.836316,0.000000
20261202:0010,0.000000,0.000000,0.000000,0.000000,4.294737,3.845263,0.000000
20261202:0110,0.000000,0.000000,0.000000,0.000000,4.173684,3.854211,0.000000
20261202:0210,0.000000,0.000000,0.000000,0.000000,4.097895,3.873158,0.000000
20261202:0310,0.000000,0.000000,0.000000,0.000000,4.052105,3.892105,0.000000
20261202:0410,0.000000,0.000000,0.000000,0.000000,4.021053,3.851053,0.000000
20261202:0510,0.000000,0.000000,0.000000,0.000000,4.021053,3.785263,0.000000
20261202:0610,0.000000,0.000000,0.000000,0.000000,4.101579,3.745789,0.000000
20261202:0710,0.000000,0.000000,0.000000,0.000000,4.086842,3.763158,0.000000
20261202:0810,13.263158,24.755789,0.000000,5.330000,4.115789,3.683684,0.000000
20261202:0910,30.844211,68.894737,0.000000,11.264211,4.655263,3.705789,0.000000
20261202:1010,64.424211,77.894737,0.000000,15.745263,5.443684,3.945263,0.000000
20261202:1110,69.476316,95.684211,0.000000,18.113684,6.157368,4.086316,0.000000
20261202:1210,77.055789,97.947368,0.000000,18.113684,6.641053,4.155789,0.000000
20261202:1310,66.371579,83.000000,0.000000,15.745263,6.981053,4.245789,0.000000
20261202:1410,40.424211,57.105263,0.000000,11.264211,7.037368,4.144737,0.000000
20261202:1510,15.054211,22.647895,0.000000,5.049474,6.768947,3.724211,0.000000
20261202:1610,0.000000,0.000000,0.000000,0.000000,6.157895,3.576316,0.000000
20261202:1710,0.000000,0.000000,0.000000,0.000000,5.536316,3.589474,0.000000
20261202:1810,0.000000,0.000000,0.000000,0.000000,5.036842,3.651579,0.000000
20261202:1910,0.000000,0.000000,0.000000,0.000000,4.723684,3.658421,0.000000
20261202:2010,0.000000,0.000000,0.000000,0.000000,4.496842,3.668421,0.000000
20261202:2110,0.000000,0.000000,0.000000,0.000000,4.233158,3.742105,0.000000
20261202:2210,0.000000,0.000000,0.000000,0.000000,4.007368,3.723684,0.000000
20261202:2310,0.000000,0.000000,0.000000,0.000000,3.871579,3.716316,0.000000
20261203:0010,0.000000,0.000000,0.000000,0.000000,3.762105,3.725789,0.000000
20261203:0110,0.000000,0.000000,0.000000,0.000000,3.673684,3.767368,0.000000
20261203:0210,0.000000,0.000000,0.000000,0.000000,3.633684,3.866316,0.000000
20261203:0310,0.000000,0.000000,0.000000,0.000000,3.643684,3.971053,0.000000
20261203:0410,0.000000,0.000000,0.000000,0.000000,3.695263,4.086842,0.000000
20261203:0510,0.000000,0.000000,0.000000,0.000000,3.853158,4.076316,0.000000
20261203:0610,0.000000,0.000000,0.000000,0.000000,3.890000,4.061579,0.000000
20261203:0710,0.000000,0.000000,0.000000,0.000000,3.966842,4.101579,0.000000
20261203:0810,8.210526,25.340526,0.000000,5.160000,4.087895,4.235789,0.000000
20261203:0910,25.370000,59.368421,0.000000,11.720000,4.612105,4.380000,0.000000
20261203:1010,50.107368,86.052632,0.000000,16.460000,5.303684,4.638421,0.000000
20261203:1110,53.686842,91.263158,0.000000,18.960000,5.924211,4.874211,0.000000
20261203:1210,50.055263,93.578947,0.000000,18.980000,6.415263,5.023158,0.000000
20261203:1310,37.370526,78.263158,0.000000,14.772105,6.706316,4.907895,0.000000
20261203:1410,18.580000,56.421053,0.000000,11.169474,6.760000,4.794211,0.000000
20261203:1510,11.421579,25.600526,0.000000,5.250000,6.530526,4.565263,0.000000
20261203:1610,0.000000,0.000000,0.000000,0.000000,6.050000,4.254737,0.000000
20261203:1710,0.000000,0.000000,0.000000,0.000000,5.645789,4.158421,0.000000
20261203:1810,0.000000,0.000000,0.000000,0.000000,5.387895,4.077368,0.000000
20261203:1910,0.000000,0.000000,0.000000,0.000000,5.307895,3.989474,0.000000
20261203:2010,0.000000,0.000000,0.000000,0.000000,5.159474,3.987368,0.000000
20261203:2110,0.000000,0.000000,0.000000,0.000000,5.062105,4.062105,0.000000
20261203:2210,0.000000,0.000000,0.000000,0.000000,4.961579,4.061579,0.000000
20261203:2310,0.000000,0.000000,0.000000,0.000000,4.899474,4.166842,0.000000
20261204:0010,0.000000,0.000000,0.000000,0.000000,4.923684,4.123158,0.000000
20261204:0110,0.000000,0.000000,0.000000,0.000000,4.920526,4.145789,0.000000
20261204:0210,0.000000,0.000000,0.000000,0.000000,4.823158,4.421053,0.000000
20261204:0310,0.000000,0.000000,0.000000,0.000000,4.670526,4.097895,0.000000
20261204:0410,0.000000,0.000000,0.000000,0.000000,4.606842,3.953684,0.000000
20261204:0510,0.000000,0.000000,0.000000,0.000000,4.610526,3.916842,0.000000
20261204:0610,0.000000,0.000000,0.000000,0.000000,4.589474,3.894737,0.000000
20261204:0710,0.000000,0.000000,0.000000,0.000000,4.674737,3.793158,0.000000
20261204:0810,10.790000,20.425263,0.000000,4.990000,4.691579,3.814737,0.000000
20261204:0910,46.003684,55.157895,0.000000,11.560000,5.215789,3.963684,0.000000
20261204:1010,72.951053,72.789474,0.000000,16.300000,6.078421,4.279474,0.000000
20261204:1110,66.791579,104.842105,0.000000,18.820000,6.838421,4.352632,0.000000
20261204:1210,66.213158,103.210526,0.000000,18.850000,7.479474,4.225263,0.000000
20261204:1310,56.844737,88.894737,0.000000,16.390000,7.898947,4.163684,0.000000
20261204:1410,32.791579,61.789474,0.000000,11.700000,8.055263,3.942632,0.000000
20261204:1510,14.263684,23.070000,0.000000,5.180000,7.827368,3.549474,0.000000
20261204:1610,0.000000,0.000000,0.000000,0.000000,7.151579,3.420526,0.000000
20261204:1710,0.000000,0.000000,0.000000,0.000000,6.583158,3.427368,0.000000
20261204:1810,0.000000,0.000000,0.000000,0.000000,6.260000,3.614737,0.000000
20261204:1910,0.000000,0.000000,0.000000,0.000000,5.770000,3.596842,0.000000
20261204:2010,0.000000,0.000000,0.000000,0.000000,5.562105,3.657895,0.000000
20261204:2110,0.000000,0.000000,0.000000,0.000000,5.350000,3.673158,0.000000
20261204:2210,0.000000,0.000000,0.000000,0.000000,5.156316,3.709474,0.000000
20261204:2310,0.000000,0.000000,0.000000,0.000000,4.983158,3.770000,0.000000
20261205:0010,0.000000,0.000000,0.000000,0.000000,4.866842,3.781579,0.000000
20261205:0110,0.000000,0.000000,0.000000,0.000000,4.783684,3.756842,0.000000
20261205:0210,0.000000,0.000000,0.000000,0.000000,4.683684,3.725263,0.000000
20261205:0310,0.000000,0.000000,0.000000,0.000000,4.615263,3.633684,0.000000
20261205:0410,0.000000,0.000000,0.000000,0.000000,4.560000,3.600000,0.000000
20261205:0510,0.000000,0.000000,0.000000,0.000000,4.506842,3.538947,0.000000
20261205:0610,0.000000,0.000000,0.000000,0.000000,4.491053,3.448947,0.000000
20261205:0710,0.000000,0.000000,0.000000,0.000000,4.404211,3.365263,0.000000
20261205:0810,11.842632,23.190526,0.000000,4.830000,4.418421,3.401579,0.000000
20261205:0910,28.738947,60.631579,0.000000,11.400000,5.070526,3.549474,0.000000
20261205:1010,37.264737,93.157895,0.000000,16.150000,5.956316,3.814737,0.000000
20261205:1110,63.582105,90.631579,0.000000,18.680000,6.745263,4.135789,0.000000
20261205:1210,58.739474,100.052632,0.000000,18.730000,7.290000,4.294211,0.000000
20261205:1310,58.529474,79.578947,0.000000,16.290000,7.571053,4.376842,0.000000
20261205:1410,26.370000,58.631579,0.000000,11.620000,7.651579,4.160000,0.000000
20261205:1510,10.947368,27.065789,0.000000,5.120000,7.410526,4.032632,0.000000
20261205:1610,0.000000,0.000000,0.000000,0.000000,6.741053,3.771579,0.000000
20261205:1710,0.000000,0.000000,0.000000,0.000000,6.185789,3.708947,0.000000
20261205:1810,0.000000,0.000000,0.000000,0.000000,5.894737,3.797895,0.000000
20261205:1910,0.000000,0.000000,0.000000,0.000000,5.803684,3.688421,0.000000
20261205:2010,0.000000,0.000000,0.000000,0.000000,5.612632,3.600526,0.000000
20261205:2110,0.000000,0.000000,0.000000,0.000000,5.467895,3.630000,0.000000
20261205:2210,0.000000,0.000000,0.000000,0.000000,5.325263,3.600526,0.000000
20261205:2310,0.000000,0.000000,0.000000,0.000000,5.190000,3.557895,0.000000
20261206:0010,0.000000,0.000000,0.000000,0.000000,5.103684,3.528421,0.000000
20261206:0110,0.000000,0.000000,0.000000,0.000000,5.031053,3.527895,0.000000
20261206:0210,0.000000,0.000000,0.000000,0.000000,4.924211,3.476842,0.000000
20261206:0310,0.000000,0.000000,0.000000,0.000000,4.747895,3.426316,0.000000
20261206:0410,0.000000,0.000000,0.000000,0.000000,4.608947,3.345789,0.000000
20261206:0510,0.000000,0.000000,0.000000,0.000000,4.564737,3.270526,0.000000
20261206:0610,0.000000,0.000000,0.000000,0.000000,4.490000,3.186316,0.000000
20261206:0710,0.000000,0.000000,0.000000,0.000000,4.522105,3.146316,0.000000
20261206:0810,10.105263,20.440526,0.000000,4.680000,4.454211,3.131053,0.000000
20261206:0910,31.212105,68.526316,0.000000,11.250000,5.003684,3.125263,0.000000
20261206:1010,68.635263,84.473684,0.000000,16.000000,5.862632,3.292105,0.000000
20261206:1110,60.265789,117.157895,0.000000,18.540000,6.584737,3.658421,0.000000
20261206:1210,78.477895,103.052632,0.000000,18.610000,7.123158,3.852105,0.000000
20261206:1310,58.950000,89.736842,0.000000,16.200000,7.495263,3.894737,0.000000
20261206:1410,24.370000,64.157895,0.000000,11.550000,7.603684,3.785789,0.000000
20261206:1510,8.421053,22.618947,0.000000,5.060000,7.441579,3.447895,0.000000
20261206:1610,0.000000,0.000000,0.000000,0.000000,6.916316,3.347895,0.000000
20261206:1710,0.000000,0.000000,0.000000,0.000000,6.386316,3.354737,0.000000
20261206:1810,0.000000,0.000000,0.000000,0.000000,6.023158,3.386842,0.000000
20261206:1910,0.000000,0.000000,0.000000,0.000000,5.691579,3.441053,0.000000
20261206:2010,0.000000,0.000000,0.000000,0.000000,5.416842,3.452105,0.000000
20261206:2110,0.000000,0.000000,0.000000,0.000000,5.112105,3.460000,0.000000
20261206:2210,0.000000,0.000000,0.000000,0.000000,4.910526,3.474737,0.000000
20261206:2310,0.000000,0.000000,0.000000,0.000000,4.666316,3.459474,0.000000
20261207:0010,0.000000,0.000000,0.000000,0.000000,4.396842,3.454211,0.000000
20261207:0110,0.000000,0.000000,0.000000,0.000000,4.150526,3.455789,0.000000
20261207:0210,0.000000,0.000000,0.000000,0.000000,3.995263,3.470000,0.000000
20261207:0310,0.000000,0.000000,0.000000,0.000000,3.887368,3.561053,0.000000
20261207:0410,0.000000,0.000000,0.000000,0.000000,3.852105,3.644211,0.000000
20261207:0510,0.000000,0.000000,0.000000,0.000000,3.904211,3.632632,0.000000
20261207:0610,0.000000,0.000000,0.000000,0.000000,3.960526,3.621053,0.000000
20261207:0710,0.000000,0.000000,0.000000,0.000000,4.066316,3.707368,0.000000
20261207:0810,9.578947,20.303684,0.000000,4.530000,4.121579,3.775789,0.000000
20261207:0910,25.158947,69.000000,0.000000,11.100000,4.787895,3.709474,0.000000
20261207:1010,37.264737,81.210526,0.000000,15.870000,5.785263,3.927368,0.000000
20261207:1110,57.160000,101.210526,0.000000,18.420000,6.677368,4.301579,0.000000
20261207:1210,57.160526,96.105263,0.000000,18.500000,7.290526,4.469474,0.000000
20261207:1310,49.950526,89.157895,0.000000,16.110000,7.627895,4.485789,0.000000
20261207:1410,18.422105,63.947368,0.000000,11.480000,7.765263,4.503684,0.000000
20261207:1510,5.947368,25.246316,0.000000,5.010000,7.406842,4.315789,0.000000
20261207:1610,0.000000,0.000000,0.000000,0.000000,6.807368,4.290526,0.000000
20261207:1710,0.000000,0.000000,0.000000,0.000000,6.438947,4.290000,0.000000
20261207:1810,0.000000,0.000000,0.000000,0.000000,6.194737,4.336842,0.000000
20261207:1910,0.000000,0.000000,0.000000,0.000000,6.196316,4.370000,0.000000
20261207:2010,0.000000,0.000000,0.000000,0.000000,6.107368,4.170526,0.000000
20261207:2110,0.000000,0.000000,0.000000,0.000000,5.965263,4.068421,0.000000
20261207:2210,0.000000,0.000000,0.000000,0.000000,5.655789,3.872632,0.000000
20261207:2310,0.000000,0.000000,0.000000,0.000000,5.352105,3.750000,0.000000
20261208:0010,0.000000,0.000000,0.000000,0.000000,5.187895,3.705789,0.000000
20261208:0110,0.000000,0.000000,0.000000,0.000000,4.988947,3.596316,0.000000
20261208:0210,0.000000,0.000000,0.000000,0.000000,4.830526,3.523684,0.000000
20261208:0310,0.000000,0.000000,0.000000,0.000000,4.614737,3.471053,0.000000
20261208:0410,0.000000,0.000000,0.000000,0.000000,4.397368,3.524737,0.000000
20261208:0510,0.000000,0.000000,0.000000,0.000000,4.219474,3.568421,0.000000
20261208:0610,0.000000,0.000000,0.000000,0.000000,4.135263,3.604737,0.000000
20261208:0710,0.000000,0.000000,0.000000,0.000000,4.106842,3.673158,0.000000
20261208:0810,9.052632,18.630526,0.000000,4.149474,4.198421,3.742105,0.000000
20261208:0910,24.370526,56.368421,0.000000,10.960000,4.847895,3.915789,0.000000
20261208:1010,42.001579,89.526316,0.000000,15.730000,5.674737,4.107895,0.000000
20261208:1110,53.581053,93.631579,0.000000,18.300000,6.422632,4.485789,0.000000
20261208:1210,64.634211,93.421053,0.000000,18.400000,6.924211,4.671579,0.000000
20261208:1310,56.845263,77.105263,0.000000,16.030000,7.086316,4.413684,0.000000
20261208:1410,26.528421,58.052632,0.000000,11.420000,7.052632,4.272105,0.000000
20261208:1510,11.052632,23.080526,0.000000,4.970000,6.743158,3.970526,0.000000
20261208:1610,0.000000,0.000000,0.000000,0.000000,6.227368,3.910526,0.000000
20261208:1710,0.000000,0.000000,0.000000,0.000000,5.746316,3.919474,0.000000
20261208:1810,0.000000,0.000000,0.000000,0.000000,5.440000,3.837368,0.000000
20261208:1910,0.000000,0.000000,0.000000,0.000000,5.341053,3.803684,0.000000
20261208:2010,0.000000,0.000000,0.000000,0.000000,5.026842,3.772632,0.000000
20261208:2110,0.000000,0.000000,0.000000,0.000000,4.795263,3.670000,0.000000
20261208:2210,0.000000,0.000000,0.000000,0.000000,4.420000,3.681579,0.000000
20261208:2310,0.000000,0.000000,0.000000,0.000000,4.064737,3.691579,0.000000
20261209:0010,0.000000,0.000000,0.000000,0.000000,3.818421,3.653684,0.000000
20261209:0110,0.000000,0.000000,0.000000,0.000000,3.650000,3.665789,0.000000
20261209:0210,0.000000,0.000000,0.000000,0.000000,3.539474,3.692105,0.000000
20261209:0310,0.000000,0.000000,0.000000,0.000000,3.435263,3.655789,0.000000
20261209:0410,0.000000,0.000000,0.000000,0.000000,3.308421,3.608421,0.000000
20261209:0510,0.000000,0.000000,0.000000,0.000000,3.257368,3.582632,0.000000
20261209:0610,0.000000,0.000000,0.000000,0.000000,3.236842,3.585789,0.000000
20261209:0710,0.000000,0.000000,0.000000,0.000000,3.256316,3.520000,0.000000
20261209:0810,12.947368,18.128421,0.000000,4.240000,3.148421,3.533158,0.000000
20261209:0910,38.476316,65.210526,0.000000,10.830000,3.704737,3.673158,0.000000
20261209:1010,76.898947,80.368421,0.000000,15.610000,4.620526,3.812105,0.000000
20261209:1110,111.847895,92.947368,0.000000,18.190000,5.531053,3.902105,0.000000
20261209:1210,117.374211,84.368421,0.000000,18.310000,6.226842,4.040000,0.000000
20261209:1310,87.004737,80.210526,0.000000,15.950000,6.636316,3.945263,0.000000
20261209:1410,40.845789,63.315789,0.000000,11.360000,6.804211,3.963684,0.000000
20261209:1510,12.368421,23.244211,0.000000,4.930000,6.614211,3.757368,0.000000
20261209:1610,0.000000,0.000000,0.000000,0.000000,6.059474,3.816842,0.000000
20261209:1710,0.000000,0.000000,0.000000,0.000000,5.494211,3.688421,0.000000
20261209:1810,0.000000,0.000000,0.000000,0.000000,5.039474,3.600526,0.000000
20261209:1910,0.000000,0.000000,0.000000,0.000000,4.736842,3.596842,0.000000
20261209:2010,0.000000,0.000000,0.000000,0.000000,4.494737,3.575789,0.000000
20261209:2110,0.000000,0.000000,0.000000,0.000000,4.305789,3.597368,0.000000
20261209:2210,0.000000,0.000000,0.000000,0.000000,4.114737,3.575263,0.000000
20261209:2310,0.000000,0.000000,0.000000,0.000000,3.917895,3.552105,0.000000
20261210:0010,0.000000,0.000000,0.000000,0.000000,3.781579,3.553684,0.000000
20261210:0110,0.000000,0.000000,0.000000,0.000000,3.638947,3.542105,0.000000
20261210:0210,0.000000,0.000000,0.000000,0.000000,3.551579,3.506842,0.000000
20261210:0310,0.000000,0.000000,0.000000,0.000000,3.457895,3.484211,0.000000
20261210:0410,0.000000,0.000000,0.000000,0.000000,3.311579,3.565263,0.000000
20261210:0510,0.000000,0.000000,0.000000,0.000000,3.181579,3.578947,0.000000
20261210:0610,0.000000,0.000000,0.000000,0.000000,3.098947,3.583684,0.000000
20261210:0710,0.000000,0.000000,0.000000,0.000000,3.189474,3.503158,0.000000
20261210:0810,10.263158,18.866316,0.000000,4.110000,3.347895,3.492632,0.000000
20261210:0910,43.897895,64.842105,0.000000,10.700000,4.116842,3.464211,0.000000
20261210:1010,82.478421,89.736842,0.000000,15.490000,5.137895,3.655263,0.000000
20261210:1110,120.795263,105.157895,0.000000,18.080000,5.896842,3.902105,0.000000
20261210:1210,114.900000,102.894737,0.000000,18.220000,6.552105,4.014211,0.000000
20261210:1310,73.161579,97.736842,0.000000,15.890000,6.935789,3.989474,0.000000
20261210:1410,40.897368,72.368421,0.000000,11.320000,6.976842,3.891053,0.000000
20261210:1510,13.684737,23.264737,0.000000,4.900000,6.632632,3.618421,0.000000
20261210:1610,0.000000,0.000000,0.000000,0.000000,5.876316,3.440526,0.000000
20261210:1710,0.000000,0.000000,0.000000,0.000000,5.244737,3.404737,0.000000
20261210:1810,0.000000,0.000000,0.000000,0.000000,4.757895,3.425789,0.000000
20261210:1910,0.000000,0.000000,0.000000,0.000000,4.464211,3.481579,0.000000
20261210:2010,0.000000,0.000000,0.000000,0.000000,4.230526,3.383684,0.000000
20261210:2110,0.000000,0.000000,0.000000,0.000000,4.024737,3.373158,0.000000
20261210:2210,0.000000,0.000000,0.000000,0.000000,3.808421,3.328947,0.000000
20261210:2310,0.000000,0.000000,0.000000,0.000000,3.596842,3.339474,0.000000
20261211:0010,0.000000,0.000000,0.000000,0.000000,3.442105,3.404211,0.000000
20261211:0110,0.000000,0.000000,0.000000,0.000000,3.353158,3.408421,0.000000
20261211:0210,0.000000,0.000000,0.000000,0.000000,3.254737,3.412632,0.000000
20261211:0310,0.000000,0.000000,0.000000,0.000000,3.178421,3.419474,0.000000
20261211:0410,0.000000,0.000000,0.000000,0.000000,3.114737,3.418947,0.000000
20261211:0510,0.000000,0.000000,0.000000,0.000000,3.065263,3.411579,0.000000
20261211:0610,0.000000,0.000000,0.000000,0.000000,3.110526,3.364211,0.000000
20261211:0710,0.000000,0.000000,0.000000,0.000000,3.333684,3.411579,0.000000
20261211:0810,13.421053,17.912105,0.000000,3.980000,3.393158,3.390526,0.000000
20261211:0910,50.425263,58.473684,0.000000,10.580000,4.048947,3.340000,0.000000
20261211:1010,70.266842,91.684211,0.000000,15.380000,5.074737,3.534737,0.000000
20261211:1110,80.898421,103.578947,0.000000,17.990000,5.908421,3.742105,0.000000
20261211:1210,75.003158,103.842105,0.000000,18.140000,6.500000,3.895789,0.000000
20261211:1310,56.686842,92.684211,0.000000,15.830000,6.875789,4.008421,0.000000
20261211:1410,45.318947,60.210526,0.000000,11.280000,6.941053,3.822105,0.000000
20261211:1510,15.000526,23.575263,0.000000,4.880000,6.595789,3.532105,0.000000
20261211:1610,0.000000,0.000000,0.000000,0.000000,5.853158,3.469474,0.000000
20261211:1710,0.000000,0.000000,0.000000,0.000000,5.200526,3.394211,0.000000
20261211:1810,0.000000,0.000000,0.000000,0.000000,4.734211,3.408421,0.000000
20261211:1910,0.000000,0.000000,0.000000,0.000000,4.548421,3.401579,0.000000
20261211:2010,0.000000,0.000000,0.000000,0.000000,4.456316,3.335789,0.000000
20261211:2110,0.000000,0.000000,0.000000,0.000000,4.291579,3.339474,0.000000
20261211:2210,0.000000,0.000000,0.000000,0.000000,4.096842,3.242632,0.000000
20261211:2310,0.000000,0.000000,0.000000,0.000000,3.876316,3.168947,0.000000
20261212:0010,0.000000,0.000000,0.000000,0.000000,3.758421,3.138947,0.000000
20261212:0110,0.000000,0.000000,0.000000,0.000000,3.662632,3.135789,0.000000
20261212:0210,0.000000,0.000000,0.000000,0.000000,3.592632,3.056842,0.000000
20261212:0310,0.000000,0.000000,0.000000,0.000000,3.541579,3.016842,0.000000
20261212:0410,0.000000,0.000000,0.000000,0.000000,3.390526,2.925263,0.000000
20261212:0510,0.000000,0.000000,0.000000,0.000000,3.293684,2.924211,0.000000
20261212:0610,0.000000,0.000000,0.000000,0.000000,3.202632,2.918421,0.000000
20261212:0710,0.000000,0.000000,0.000000,0.000000,3.125789,2.947895,0.000000
20261212:0810,5.105263,18.008947,0.000000,3.656842,3.090000,3.009474,0.000000
20261212:0910,32.265263,65.000000,0.000000,10.460000,3.672632,3.026842,0.000000
20261212:1010,72.582632,81.210526,0.000000,15.270000,4.630526,3.393684,0.000000
20261212:1110,61.213158,101.526316,0.000000,17.900000,5.486316,3.806842,0.000000
20261212:1210,87.056316,87.526316,0.000000,18.070000,6.088947,4.017368,0.000000
20261212:1310,69.951053,78.210526,0.000000,15.780000,6.376316,4.101053,0.000000
20261212:1410,39.108421,62.315789,0.000000,11.240000,6.458421,4.057895,0.000000
20261212:1510,14.422632,23.171053,0.000000,4.870000,6.134737,3.715789,0.000000
20261212:1610,0.000000,0.000000,0.000000,0.000000,5.347895,3.687895,0.000000
20261212:1710,0.000000,0.000000,0.000000,0.000000,4.715789,3.745789,0.000000
20261212:1810,0.000000,0.000000,0.000000,0.000000,4.304737,3.844737,0.000000
20261212:1910,0.000000,0.000000,0.000000,0.000000,4.104211,3.851579,0.000000
20261212:2010,0.000000,0.000000,0.000000,0.000000,3.937895,3.748947,0.000000
20261212:2110,0.000000,0.000000,0.000000,0.000000,3.829474,3.629474,0.000000
20261212:2210,0.000000,0.000000,0.000000,0.000000,3.745263,3.633684,0.000000
20261212:2310,0.000000,0.000000,0.000000,0.000000,3.617368,3.681053,0.000000
20261213:0010,0.000000,0.000000,0.000000,0.000000,3.484737,3.710526,0.000000
20261213:0110,0.000000,0.000000,0.000000,0.000000,3.347368,3.757895,0.000000
20261213:0210,0.000000,0.000000,0.000000,0.000000,3.214737,3.806842,0.000000
20261213:0310,0.000000,0.000000,0.000000,0.000000,3.083684,3.847368,0.000000
20261213:0410,0.000000,0.000000,0.000000,0.000000,2.938421,3.796842,0.000000
20261213:0510,0.000000,0.000000,0.000000,0.000000,2.802632,3.752632,0.000000
20261213:0610,0.000000,0.000000,0.000000,0.000000,2.714211,3.767368,0.000000
20261213:0710,0.000000,0.000000,0.000000,0.000000,2.845263,3.840000,0.000000
20261213:0810,7.684211,16.821579,0.000000,3.740000,2.917368,3.876316,0.000000
20261213:0910,45.161579,58.315789,0.000000,10.350000,3.433684,3.964211,0.000000
20261213:1010,86.373158,80.052632,0.000000,15.180000,4.218421,4.163158,0.000000
20261213:1110,82.687895,98.000000,0.000000,17.810000,4.928421,4.153158,0.000000
20261213:1210,78.108947,98.947368,0.000000,18.000000,5.474737,4.275263,0.000000
20261213:1310,67.319474,78.000000,0.000000,15.730000,5.814737,4.269474,0.000000
20261213:1410,38.687368,57.736842,0.000000,11.220000,5.869474,4.178947,0.000000
20261213:1510,12.526842,24.483158,0.000000,4.860000,5.623158,3.946316,0.000000
20261213:1610,0.000000,0.000000,0.000000,0.000000,5.061579,3.894211,0.000000
20261213:1710,0.000000,0.000000,0.000000,0.000000,4.614737,3.905263,0.000000
20261213:1810,0.000000,0.000000,0.000000,0.000000,4.315263,3.870526,0.000000
20261213:1910,0.000000,0.000000,0.000000,0.000000,4.294211,3.710000,0.000000
20261213:2010,0.000000,0.000000,0.000000,0.000000,4.138421,3.655263,0.000000
20261213:2110,0.000000,0.000000,0.000000,0.000000,3.926842,3.574737,0.000000
20261213:2210,0.000000,0.000000,0.000000,0.000000,3.718947,3.531053,0.000000
20261213:2310,0.000000,0.000000,0.000000,0.000000,3.565789,3.545789,0.000000
20261214:0010,0.000000,0.000000,0.000000,0.000000,3.578421,3.639474,0.000000
20261214:0110,0.000000,0.000000,0.000000,0.000000,3.572105,3.628947,0.000000
20261214:0210,0.000000,0.000000,0.000000,0.000000,3.509474,3.608947,0.000000
20261214:0310,0.000000,0.000000,0.000000,0.000000,3.383684,3.702632,0.000000
20261214:0410,0.000000,0.000000,0.000000,0.000000,3.195789,3.660000,0.000000
20261214:0510,0.000000,0.000000,0.000000,0.000000,3.077895,3.642105,0.000000
20261214:0610,0.000000,0.000000,0.000000,0.000000,2.928421,3.575789,0.000000
20261214:0710,0.000000,0.000000,0.000000,0.000000,3.039474,3.455789,0.000000
20261214:0810,9.210526,14.950000,0.000000,3.438947,2.941579,3.418421,0.000000
20261214:0910,43.845263,59.684211,0.000000,10.250000,3.298421,3.364737,0.000000
20261214:1010,76.109474,80.684211,0.000000,15.080000,4.061579,3.590000,0.000000
20261214:1110,96.477895,98.000000,0.000000,17.740000,4.801579,3.645789,0.000000
20261214:1210,110.426316,99.894737,0.000000,17.950000,5.454211,3.902105,0.000000
20261214:1310,72.741053,78.473684,0.000000,15.690000,5.836316,3.825789,0.000000
20261214:1410,26.948947,67.105263,0.000000,11.200000,5.975789,3.825789,0.000000
20261214:1510,8.368421,21.194737,0.000000,4.860000,5.681053,3.491053,0.000000
20261214:1610,0.000000,0.000000,0.000000,0.000000,4.995789,3.437368,0.000000
20261214:1710,0.000000,0.000000,0.000000,0.000000,4.455789,3.440526,0.000000
20261214:1810,0.000000,0.000000,0.000000,0.000000,4.107368,3.422632,0.000000
20261214:1910,0.000000,0.000000,0.000000,0.000000,4.026316,3.331579,0.000000
20261214:2010,0.000000,0.000000,0.000000,0.000000,3.767368,3.397895,0.000000
20261214:2110,0.000000,0.000000,0.000000,0.000000,3.604737,3.492632,0.000000
20261214:2210,0.000000,0.000000,0.000000,0.000000,3.510526,3.590526,0.000000
20261214:2310,0.000000,0.000000,0.000000,0.000000,3.444211,3.579474,0.000000
20261215:0010,0.000000,0.000000,0.000000,0.000000,3.247368,3.550000,0.000000
20261215:0110,0.000000,0.000000,0.000000,0.000000,3.050526,3.519474,0.000000
20261215:0210,0.000000,0.000000,0.000000,0.000000,2.943158,3.520526,0.000000
20261215:0310,0.000000,0.000000,0.000000,0.000000,2.786316,3.517368,0.000000
20261215:0410,0.000000,0.000000,0.000000,0.000000,2.658947,3.433684,0.000000
20261215:0510,0.000000,0.000000,0.000000,0.000000,2.593158,3.335789,0.000000
20261215:0610,0.000000,0.000000,0.000000,0.000000,2.527368,3.265789,0.000000
20261215:0710,0.000000,0.000000,0.000000,0.000000,2.661053,3.241579,0.000000
20261215:0810,7.421053,15.027368,0.000000,3.344211,2.661579,3.248421,0.000000
20261215:0910,42.741053,55.631579,0.000000,10.150000,3.243684,3.260526,0.000000
20261215:1010,73.214211,90.421053,0.000000,15.000000,4.191053,3.571579,0.000000
20261215:1110,87.004211,102.315789,0.000000,17.670000,5.096842,3.897895,0.000000
20261215:1210,90.372105,111.473684,0.000000,17.900000,5.751579,3.996316,0.000000
20261215:1310,77.425263,86.684211,0.000000,15.670000,6.208947,4.018421,0.000000
20261215:1410,45.634737,63.789474,0.000000,11.190000,6.367368,3.887368,0.000000
20261215:1510,10.684211,22.470000,0.000000,4.860000,6.088947,3.607895,0.000000
20261215:1610,0.000000,0.000000,0.000000,0.000000,5.430526,3.521579,0.000000
20261215:1710,0.000000,0.000000,0.000000,0.000000,4.940000,3.571579,0.000000
20261215:1810,0.000000,0.000000,0.000000,0.000000,4.614737,3.614737,0.000000
20261215:1910,0.000000,0.000000,0.000000,0.000000,4.518947,3.636316,0.000000
20261215:2010,0.000000,0.000000,0.000000,0.000000,4.406842,3.647895,0.000000
20261215:2110,0.000000,0.000000,0.000000,0.000000,4.331053,3.643158,0.000000
20261215:2210,0.000000,0.000000,0.000000,0.000000,4.246316,3.578421,0.000000
20261215:2310,0.000000,0.000000,0.000000,0.000000,4.091053,3.509474,0.000000
20261216:0010,0.000000,0.000000,0.000000,0.000000,4.089474,3.487368,0.000000
20261216:0110,0.000000,0.000000,0.000000,0.000000,4.008421,3.479474,0.000000
20261216:0210,0.000000,0.000000,0.000000,0.000000,3.970000,3.462632,0.000000
20261216:0310,0.000000,0.000000,0.000000,0.000000,3.917368,3.483684,0.000000
20261216:0410,0.000000,0.000000,0.000000,0.000000,3.917895,3.415789,0.000000
20261216:0510,0.000000,0.000000,0.000000,0.000000,3.905789,3.434211,0.000000
20261216:0610,0.000000,0.000000,0.000000,0.000000,3.909474,3.407895,0.000000
20261216:0710,0.000000,0.000000,0.000000,0.000000,4.206316,3.487895,0.000000
20261216:0810,5.263158,14.267368,0.000000,3.249474,4.193158,3.429474,0.000000
20261216:0910,37.424211,57.105263,0.000000,10.070000,4.713158,3.385263,0.000000
20261216:1010,49.528947,85.947368,0.000000,14.930000,5.675789,3.585789,0.000000
20261216:1110,66.003158,96.263158,0.000000,17.610000,6.444737,3.763684,0.000000
20261216:1210,95.057368,87.578947,0.000000,17.860000,6.895789,3.798421,0.000000
20261216:1310,67.687368,86.210526,0.000000,15.640000,7.157895,3.764211,0.000000
20261216:1410,46.792632,62.526316,0.000000,11.190000,7.228421,3.473684,0.000000
20261216:1510,14.842105,23.554211,0.000000,4.870000,6.940000,3.295789,0.000000
20261216:1610,0.000000,0.000000,0.000000,0.000000,6.189474,3.296842,0.000000
20261216:1710,0.000000,0.000000,0.000000,0.000000,5.615263,3.309474,0.000000
20261216:1810,0.000000,0.000000,0.000000,0.000000,5.116842,3.274211,0.000000
20261216:1910,0.000000,0.000000,0.000000,0.000000,4.808947,3.195263,0.000000
20261216:2010,0.000000,0.000000,0.000000,0.000000,4.600526,3.147368,0.000000
20261216:2110,0.000000,0.000000,0.000000,0.000000,4.422105,3.020526,0.000000
20261216:2210,0.000000,0.000000,0.000000,0.000000,4.149474,2.980526,0.000000
20261216:2310,0.000000,0.000000,0.000000,0.000000,3.877895,2.986842,0.000000
20261217:0010,0.000000,0.000000,0.000000,0.000000,3.631579,3.000526,0.000000
20261217:0110,0.000000,0.000000,0.000000,0.000000,3.365789,2.953158,0.000000
20261217:0210,0.000000,0.000000,0.000000,0.000000,3.073684,2.947368,0.000000
20261217:0310,0.000000,0.000000,0.000000,0.000000,2.886842,2.961579,0.000000
20261217:0410,0.000000,0.000000,0.000000,0.000000,2.686316,3.055263,0.000000
20261217:0510,0.000000,0.000000,0.000000,0.000000,2.663684,3.125263,0.000000
20261217:0610,0.000000,0.000000,0.000000,0.000000,2.666842,3.172632,0.000000
20261217:0710,0.000000,0.000000,0.000000,0.000000,2.713684,3.294737,0.000000
20261217:0810,7.842105,14.223684,0.000000,3.164211,2.632105,3.218421,0.000000
20261217:0910,36.581579,61.052632,0.000000,9.980000,3.127368,3.165789,0.000000
20261217:1010,72.899474,80.421053,0.000000,14.860000,4.121579,3.294211,0.000000
20261217:1110,82.215263,91.842105,0.000000,17.560000,5.089474,3.507368,0.000000
20261217:1210,73.425263,98.263158,0.000000,17.830000,5.840526,3.522632,0.000000
20261217:1310,78.004737,93.736842,0.000000,15.630000,6.420526,3.508947,0.000000
20261217:1410,35.107368,68.368421,0.000000,11.190000,6.627895,3.455263,0.000000
20261217:1510,10.684211,22.560526,0.000000,4.890000,6.328421,3.193684,0.000000
20261217:1610,0.000000,0.000000,0.000000,0.000000,5.549474,3.085789,0.000000
20261217:1710,0.000000,0.000000,0.000000,0.000000,4.941053,3.178947,0.000000
20261217:1810,0.000000,0.000000,0.000000,0.000000,4.562632,3.255789,0.000000
20261217:1910,0.000000,0.000000,0.000000,0.000000,4.554737,3.226316,0.000000
20261217:2010,0.000000,0.000000,0.000000,0.000000,4.325263,3.220000,0.000000
20261217:2110,0.000000,0.000000,0.000000,0.000000,4.108947,3.295789,0.000000
20261217:2210,0.000000,0.000000,0.000000,0.000000,3.883158,3.274211,0.000000
20261217:2310,0.000000,0.000000,0.000000,0.000000,3.662105,3.248947,0.000000
20261218:0010,0.000000,0.000000,0.000000,0.000000,3.452105,3.219474,0.000000
20261218:0110,0.000000,0.000000,0.000000,0.000000,3.248947,3.174737,0.000000
20261218:0210,0.000000,0.000000,0.000000,0.000000,3.143158,3.147368,0.000000
20261218:0310,0.000000,0.000000,0.000000,0.000000,3.103158,3.122105,0.000000
20261218:0410,0.000000,0.000000,0.000000,0.000000,3.101053,3.041579,0.000000
20261218:0510,0.000000,0.000000,0.000000,0.000000,3.183684,2.955263,0.000000
20261218:0610,0.000000,0.000000,0.000000,0.000000,3.131053,2.957895,0.000000
20261218:0710,0.000000,0.000000,0.000000,0.000000,2.993684,2.820526,0.000000
20261218:0810,5.578947,13.603684,0.000000,3.078947,2.978421,2.877368,0.000000
20261218:0910,34.634737,54.263158,0.000000,9.910000,3.443684,2.983684,0.000000
20261218:1010,67.687895,77.736842,0.000000,14.790000,4.266842,3.263158,0.000000
20261218:1110,82.161579,90.315789,0.000000,17.510000,5.022105,3.619474,0.000000
20261218:1210,81.740526,84.473684,0.000000,17.800000,5.630000,3.753684,0.000000
20261218:1310,63.476842,77.473684,0.000000,15.620000,6.064737,3.702632,0.000000
20261218:1410,41.634737,57.263158,0.000000,11.200000,6.231579,3.550526,0.000000
20261218:1510,9.052632,23.144211,0.000000,4.920000,6.011053,3.280526,0.000000
20261218:1610,0.000000,0.000000,0.000000,0.000000,5.365789,3.216842,0.000000
20261218:1710,0.000000,0.000000,0.000000,0.000000,4.916842,3.317368,0.000000
20261218:1810,0.000000,0.000000,0.000000,0.000000,4.645263,3.388947,0.000000
20261218:1910,0.000000,0.000000,0.000000,0.000000,4.493158,3.363158,0.000000
20261218:2010,0.000000,0.000000,0.000000,0.000000,4.382632,3.465789,0.000000
20261218:2110,0.000000,0.000000,0.000000,0.000000,4.299474,3.546316,0.000000
20261218:2210,0.000000,0.000000,0.000000,0.000000,4.191579,3.616316,0.000000
20261218:2310,0.000000,0.000000,0.000000,0.000000,4.119474,3.629474,0.000000
20261219:0010,0.000000,0.000000,0.000000,0.000000,4.061053,3.596842,0.000000
20261219:0110,0.000000,0.000000,0.000000,0.000000,3.856842,3.543158,0.000000
20261219:0210,0.000000,0.000000,0.000000,0.000000,3.716316,3.524737,0.000000
20261219:0310,0.000000,0.000000,0.000000,0.000000,3.661579,3.542105,0.000000
20261219:0410,0.000000,0.000000,0.000000,0.000000,3.678947,3.532632,0.000000
20261219:0510,0.000000,0.000000,0.000000,0.000000,3.701053,3.549474,0.000000
20261219:0610,0.000000,0.000000,0.000000,0.000000,3.738947,3.579474,0.000000
20261219:0710,0.000000,0.000000,0.000000,0.000000,4.108947,3.696316,0.000000
20261219:0810,5.736842,11.381579,0.000000,3.012632,4.152632,3.745789,0.000000
20261219:0910,30.212632,50.157895,0.000000,9.840000,4.596316,3.790000,0.000000
20261219:1010,38.581053,78.894737,0.000000,14.740000,5.336316,3.970000,0.000000
20261219:1110,57.634211,88.526316,0.000000,17.480000,6.074211,4.192105,0.000000
20261219:1210,49.844211,104.789474,0.000000,17.780000,6.625789,4.398947,0.000000
20261219:1310,42.791579,86.052632,0.000000,15.630000,7.020526,4.255789,0.000000
20261219:1410,28.107368,53.684211,0.000000,11.220000,7.166842,4.130526,0.000000
20261219:1510,10.368947,24.079474,0.000000,4.950000,6.911579,3.908421,0.000000
20261219:1610,0.000000,0.000000,0.000000,0.000000,6.223158,3.781579,0.000000
20261219:1710,0.000000,0.000000,0.000000,0.000000,5.873158,3.755789,0.000000
20261219:1810,0.000000,0.000000,0.000000,0.000000,5.504737,3.814737,0.000000
20261219:1910,0.000000,0.000000,0.000000,0.000000,5.305263,3.817895,0.000000
20261219:2010,0.000000,0.000000,0.000000,0.000000,5.007368,3.804211,0.000000
20261219:2110,0.000000,0.000000,0.000000,0.000000,4.646316,3.672632,0.000000
20261219:2210,0.000000,0.000000,0.000000,0.000000,4.486316,3.564737,0.000000
20261219:2310,0.000000,0.000000,0.000000,0.000000,4.426316,3.513158,0.000000
20261220:0010,0.000000,0.000000,0.000000,0.000000,4.430000,3.409474,0.000000
20261220:0110,0.000000,0.000000,0.000000,0.000000,4.444211,3.304737,0.000000
20261220:0210,0.000000,0.000000,0.000000,0.000000,4.427368,3.280526,0.000000
20261220:0310,0.000000,0.000000,0.000000,0.000000,4.377895,3.418947,0.000000
20261220:0410,0.000000,0.000000,0.000000,0.000000,4.428421,3.473158,0.000000
20261220:0510,0.000000,0.000000,0.000000,0.000000,4.459474,3.506842,0.000000
20261220:0610,0.000000,0.000000,0.000000,0.000000,4.406842,3.605263,0.000000
20261220:0710,0.000000,0.000000,0.000000,0.000000,4.411579,3.715789,0.000000
20261220:0810,4.421053,10.634737,0.000000,2.936842,4.358947,3.709474,0.000000
20261220:0910,27.686316,53.894737,0.000000,9.780000,4.774211,3.708421,0.000000
20261220:1010,38.738947,76.842105,0.000000,14.690000,5.564737,3.777895,0.000000
20261220:1110,69.266842,88.578947,0.000000,17.450000,6.285263,3.878947,0.000000
20261220:1210,75.634737,90.263158,0.000000,17.770000,6.881053,3.890526,0.000000
20261220:1310,57.424737,82.315789,0.000000,15.630000,7.275789,3.927895,0.000000
20261220:1410,33.002632,60.052632,0.000000,11.250000,7.395263,3.655263,0.000000
20261220:1510,14.105789,23.825263,0.000000,4.990000,7.115789,3.460000,0.000000
20261220:1610,0.000000,0.000000,0.000000,0.000000,6.475789,3.300000,0.000000
20261220:1710,0.000000,0.000000,0.000000,0.000000,5.955263,3.245789,0.000000
20261220:1810,0.000000,0.000000,0.000000,0.000000,5.585789,3.205263,0.000000
20261220:1910,0.000000,0.000000,0.000000,0.000000,5.617895,3.302632,0.000000
20261220:2010,0.000000,0.000000,0.000000,0.000000,5.464211,3.346316,0.000000
20261220:2110,0.000000,0.000000,0.000000,0.000000,5.397895,3.393684,0.000000
20261220:2210,0.000000,0.000000,0.000000,0.000000,5.293158,3.394737,0.000000
20261220:2310,0.000000,0.000000,0.000000,0.000000,5.183158,3.401053,0.000000
20261221:0010,0.000000,0.000000,0.000000,0.000000,5.046316,3.386842,0.000000
20261221:0110,0.000000,0.000000,0.000000,0.000000,4.942632,3.383158,0.000000
20261221:0210,0.000000,0.000000,0.000000,0.000000,4.827895,3.386316,0.000000
20261221:0310,0.000000,0.000000,0.000000,0.000000,4.845789,3.391579,0.000000
20261221:0410,0.000000,0.000000,0.000000,0.000000,4.855789,3.405263,0.000000
20261221:0510,0.000000,0.000000,0.000000,0.000000,4.902105,3.474737,0.000000
20261221:0610,0.000000,0.000000,0.000000,0.000000,4.990000,3.644211,0.000000
20261221:0710,0.000000,0.000000,0.000000,0.000000,4.976842,3.679474,0.000000
20261221:0810,3.263158,12.748947,0.000000,2.880000,5.003158,3.681053,0.000000
20261221:0910,22.633158,57.421053,0.000000,9.720000,5.411579,3.651053,0.000000
20261221:1010,46.950000,81.105263,0.000000,14.650000,6.170526,3.808421,0.000000
20261221:1110,60.950526,94.736842,0.000000,17.420000,6.916842,4.060526,0.000000
20261221:1210,63.898421,89.789474,0.000000,17.770000,7.543684,4.132105,0.000000
20261221:1310,51.634211,76.684211,0.000000,15.650000,7.967895,4.246316,0.000000
20261221:1410,25.685789,62.157895,0.000000,11.280000,8.111579,4.218421,0.000000
20261221:1510,8.789474,24.306316,0.000000,5.040000,7.932105,3.971579,0.000000
20261221:1610,0.000000,0.000000,0.000000,0.000000,7.498947,3.916316,0.000000
20261221:1710,0.000000,0.000000,0.000000,0.000000,7.159474,3.937895,0.000000
20261221:1810,0.000000,0.000000,0.000000,0.000000,6.922105,4.040526,0.000000
20261221:1910,0.000000,0.000000,0.000000,0.000000,6.874737,4.133684,0.000000
20261221:2010,0.000000,0.000000,0.000000,0.000000,6.820000,4.185789,0.000000
20261221:2110,0.000000,0.000000,0.000000,0.000000,6.736316,4.267895,0.000000
20261221:2210,0.000000,0.000000,0.000000,0.000000,6.625263,4.223684,0.000000
20261221:2310,0.000000,0.000000,0.000000,0.000000,6.538947,4.250000,0.000000
20261222:0010,0.000000,0.000000,0.000000,0.000000,6.508947,4.294211,0.000000
20261222:0110,0.000000,0.000000,0.000000,0.000000,6.494737,4.428421,0.000000
20261222:0210,0.000000,0.000000,0.000000,0.000000,6.474737,4.432632,0.000000
20261222:0310,0.000000,0.000000,0.000000,0.000000,6.404737,4.421579,0.000000
20261222:0410,0.000000,0.000000,0.000000,0.000000,6.339474,4.304737,0.000000
20261222:0510,0.000000,0.000000,0.000000,0.000000,6.265789,4.182632,0.000000
20261222:0610,0.000000,0.000000,0.000000,0.000000,6.172632,4.148421,0.000000
20261222:0710,0.000000,0.000000,0.000000,0.000000,6.125263,4.166316,0.000000
20261222:0810,2.789474,10.642632,0.000000,2.823158,6.085263,4.268421,0.000000
20261222:0910,20.264211,56.157895,0.000000,9.680000,6.433158,4.329474,0.000000
20261222:1010,29.843684,85.789474,0.000000,14.620000,7.044737,4.412105,0.000000
20261222:1110,40.106842,99.947368,0.000000,17.410000,7.689474,4.481579,0.000000
20261222:1210,40.106842,102.894737,0.000000,17.770000,8.222105,4.402632,0.000000
20261222:1310,33.264737,77.421053,0.000000,15.670000,8.622105,4.413684,0.000000
20261222:1410,23.843684,62.421053,0.000000,11.320000,8.745789,4.275263,0.000000
20261222:1510,7.211053,23.998421,0.000000,5.090000,8.623684,3.964211,0.000000
20261222:1610,0.000000,0.000000,0.000000,0.000000,8.143684,3.778947,0.000000
20261222:1710,0.000000,0.000000,0.000000,0.000000,7.687368,3.782105,0.000000
20261222:1810,0.000000,0.000000,0.000000,0.000000,7.350526,3.811053,0.000000
20261222:1910,0.000000,0.000000,0.000000,0.000000,7.091579,3.669474,0.000000
20261222:2010,0.000000,0.000000,0.000000,0.000000,6.895263,3.568947,0.000000
20261222:2110,0.000000,0.000000,0.000000,0.000000,6.801579,3.496842,0.000000
20261222:2210,0.000000,0.000000,0.000000,0.000000,6.676316,3.483684,0.000000
20261222:2310,0.000000,0.000000,0.000000,0.000000,6.558947,3.396842,0.000000
20261223:0010,0.000000,0.000000,0.000000,0.000000,6.463684,3.324737,0.000000
20261223:0110,0.000000,0.000000,0.000000,0.000000,6.257895,3.316842,0.000000
20261223:0210,0.000000,0.000000,0.000000,0.000000,6.162105,3.365263,0.000000
20261223:0310,0.000000,0.000000,0.000000,0.000000,6.129474,3.396842,0.000000
20261223:0410,0.000000,0.000000,0.000000,0.000000,6.141053,3.466842,0.000000
20261223:0510,0.000000,0.000000,0.000000,0.000000,6.138421,3.466316,0.000000
20261223:0610,0.000000,0.000000,0.000000,0.000000,6.137368,3.441053,0.000000
20261223:0710,0.000000,0.000000,0.000000,0.000000,6.122632,3.559474,0.000000
20261223:0810,3.421053,11.313158,0.000000,2.766316,6.039474,3.658421,0.000000
20261223:0910,20.843158,53.000000,0.000000,9.630000,6.359474,3.756842,0.000000
20261223:1010,38.949474,75.000000,0.000000,14.590000,7.076842,4.007895,0.000000
20261223:1110,46.212632,102.105263,0.000000,17.400000,7.743158,4.305263,0.000000
20261223:1210,49.528421,100.842105,0.000000,17.790000,8.219474,4.544211,0.000000
20261223:1310,48.002632,78.789474,0.000000,15.710000,8.522105,4.631579,0.000000
20261223:1410,32.949474,58.526316,0.000000,11.370000,8.632632,4.497895,0.000000
20261223:1510,6.315789,26.242105,0.000000,5.150000,8.442632,4.272632,0.000000
20261223:1610,0.000000,0.000000,0.000000,0.000000,7.847368,4.021579,0.000000
20261223:1710,0.000000,0.000000,0.000000,0.000000,7.318421,4.022105,0.000000
20261223:1810,0.000000,0.000000,0.000000,0.000000,6.966842,4.080000,0.000000
20261223:1910,0.000000,0.000000,0.000000,0.000000,6.803684,4.154737,0.000000
20261223:2010,0.000000,0.000000,0.000000,0.000000,6.634737,4.211579,0.000000
20261223:2110,0.000000,0.000000,0.000000,0.000000,6.413158,4.320000,0.000000
20261223:2210,0.000000,0.000000,0.000000,0.000000,6.210526,4.323684,0.000000
20261223:2310,0.000000,0.000000,0.000000,0.000000,6.161579,4.296842,0.000000
20261224:0010,0.000000,0.000000,0.000000,0.000000,6.121579,4.316842,0.000000
20261224:0110,0.000000,0.000000,0.000000,0.000000,5.974737,4.318421,0.000000
20261224:0210,0.000000,0.000000,0.000000,0.000000,5.895789,4.263684,0.000000
20261224:0310,0.000000,0.000000,0.000000,0.000000,5.934737,4.137895,0.000000
20261224:0410,0.000000,0.000000,0.000000,0.000000,5.913158,3.971579,0.000000
20261224:0510,0.000000,0.000000,0.000000,0.000000,5.865263,3.836316,0.000000
20261224:0610,0.000000,0.000000,0.000000,0.000000,5.740000,3.866316,0.000000
20261224:0710,0.000000,0.000000,0.000000,0.000000,5.896842,3.792632,0.000000
20261224:0810,4.052632,11.193684,0.000000,2.728421,5.728947,3.847368,0.000000
20261224:0910,20.001579,52.000000,0.000000,9.600000,5.997368,3.930526,0.000000
20261224:1010,36.896316,80.263158,0.000000,14.580000,6.660526,3.981053,0.000000
20261224:1110,43.949474,91.578947,0.000000,17.400000,7.322105,4.378947,0.000000
20261224:1210,46.001579,99.526316,0.000000,17.810000,7.770526,4.507895,0.000000
20261224:1310,57.108421,84.105263,0.000000,15.740000,8.061579,4.427368,0.000000
20261224:1410,29.159474,66.052632,0.000000,11.420000,8.146316,4.286316,0.000000
20261224:1510,9.368947,21.763684,0.000000,5.220000,7.942632,4.076316,0.000000
20261224:1610,0.000000,0.000000,0.000000,0.000000,7.432105,3.945789,0.000000
20261224:1710,0.000000,0.000000,0.000000,0.000000,7.011579,3.821053,0.000000
20261224:1810,0.000000,0.000000,0.000000,0.000000,6.745789,3.643158,0.000000
20261224:1910,0.000000,0.000000,0.000000,0.000000,6.613158,3.637368,0.000000
20261224:2010,0.000000,0.000000,0.000000,0.000000,6.446316,3.552632,0.000000
20261224:2110,0.000000,0.000000,0.000000,0.000000,6.277895,3.491053,0.000000
20261224:2210,0.000000,0.000000,0.000000,0.000000,6.177368,3.498947,0.000000
20261224:2310,0.000000,0.000000,0.000000,0.000000,5.983684,3.659474,0.000000
20261225:0010,0.000000,0.000000,0.000000,0.000000,5.728421,3.665789,0.000000
20261225:0110,0.000000,0.000000,0.000000,0.000000,5.570000,3.636842,0.000000
20261225:0210,0.000000,0.000000,0.000000,0.000000,5.468947,3.622632,0.000000
20261225:0310,0.000000,0.000000,0.000000,0.000000,5.366316,3.545789,0.000000
20261225:0410,0.000000,0.000000,0.000000,0.000000,5.311053,3.468947,0.000000
20261225:0510,0.000000,0.000000,0.000000,0.000000,5.217895,3.367368,0.000000
20261225:0610,0.000000,0.000000,0.000000,0.000000,5.047368,3.375789,0.000000
20261225:0710,0.000000,0.000000,0.000000,0.000000,5.103684,3.622105,0.000000
20261225:0810,4.105263,10.395789,0.000000,2.690526,4.990526,3.593684,0.000000
20261225:0910,30.791579,52.526316,0.000000,9.570000,5.265789,3.670526,0.000000
20261225:1010,43.002105,82.210526,0.000000,14.570000,5.887368,3.794737,0.000000
20261225:1110,45.843684,111.315789,0.000000,17.410000,6.569474,4.101579,0.000000
20261225:1210,48.475789,106.368421,0.000000,17.830000,7.086316,4.243684,0.000000
20261225:1310,51.002632,100.210526,0.000000,15.790000,7.462105,4.166842,0.000000
20261225:1410,39.424211,67.842105,0.000000,11.480000,7.571053,4.026842,0.000000
20261225:1510,8.473684,24.790526,0.000000,5.290000,7.314211,3.687368,0.000000
20261225:1610,0.000000,0.000000,0.000000,0.000000,6.709474,3.425789,0.000000
20261225:1710,0.000000,0.000000,0.000000,0.000000,6.174737,3.409474,0.000000
20261225:1810,0.000000,0.000000,0.000000,0.000000,5.741053,3.402105,0.000000
20261225:1910,0.000000,0.000000,0.000000,0.000000,5.431579,3.502632,0.000000
20261225:2010,0.000000,0.000000,0.000000,0.000000,5.162105,3.466316,0.000000
20261225:2110,0.000000,0.000000,0.000000,0.000000,4.867368,3.408421,0.000000
20261225:2210,0.000000,0.000000,0.000000,0.000000,4.604737,3.339474,0.000000
20261225:2310,0.000000,0.000000,0.000000,0.000000,4.305263,3.324737,0.000000
20261226:0010,0.000000,0.000000,0.000000,0.000000,4.087895,3.324211,0.000000
20261226:0110,0.000000,0.000000,0.000000,0.000000,3.941053,3.334737,0.000000
20261226:0210,0.000000,0.000000,0.000000,0.000000,3.710000,3.323684,0.000000
20261226:0310,0.000000,0.000000,0.000000,0.000000,3.566316,3.336842,0.000000
20261226:0410,0.000000,0.000000,0.000000,0.000000,3.430000,3.310000,0.000000
20261226:0510,0.000000,0.000000,0.000000,0.000000,3.246842,3.220000,0.000000
20261226:0610,0.000000,0.000000,0.000000,0.000000,3.113158,3.121579,0.000000
20261226:0710,0.000000,0.000000,0.000000,0.000000,3.430000,3.154737,0.000000
20261226:0810,5.473684,11.417895,0.000000,2.652632,3.393158,3.205263,0.000000
20261226:0910,41.424737,51.473684,0.000000,9.550000,3.946842,3.170526,0.000000
20261226:1010,61.371579,77.210526,0.000000,14.560000,4.823684,3.114211,0.000000
20261226:1110,83.898421,83.947368,0.000000,17.430000,5.693158,3.383158,0.000000
20261226:1210,83.161579,109.578947,0.000000,17.870000,6.454211,3.605263,0.000000
20261226:1310,82.687895,89.263158,0.000000,15.840000,6.963684,3.596842,0.000000
20261226:1410,53.109474,65.842105,0.000000,11.550000,7.150000,3.473684,0.000000
20261226:1510,18.423158,25.753158,0.000000,5.370000,6.836316,3.241579,0.000000
20261226:1610,0.000000,0.000000,0.000000,0.000000,6.051579,3.301053,0.000000
20261226:1710,0.000000,0.000000,0.000000,0.000000,5.457368,3.331579,0.000000
20261226:1810,0.000000,0.000000,0.000000,0.000000,5.119474,3.408421,0.000000
20261226:1910,0.000000,0.000000,0.000000,0.000000,4.644211,3.473158,0.000000
20261226:2010,0.000000,0.000000,0.000000,0.000000,4.393684,3.601579,0.000000
20261226:2110,0.000000,0.000000,0.000000,0.000000,4.134211,3.785789,0.000000
20261226:2210,0.000000,0.000000,0.000000,0.000000,3.935789,3.938421,0.000000
20261226:2310,0.000000,0.000000,0.000000,0.000000,3.754737,3.960000,0.000000
20261227:0010,0.000000,0.000000,0.000000,0.000000,3.740000,4.055263,0.000000
20261227:0110,0.000000,0.000000,0.000000,0.000000,3.790526,4.130000,0.000000
20261227:0210,0.000000,0.000000,0.000000,0.000000,3.892105,4.126316,0.000000
20261227:0310,0.000000,0.000000,0.000000,0.000000,3.857368,4.145789,0.000000
20261227:0410,0.000000,0.000000,0.000000,0.000000,3.750000,4.130000,0.000000
20261227:0510,0.000000,0.000000,0.000000,0.000000,3.617368,4.099474,0.000000
20261227:0610,0.000000,0.000000,0.000000,0.000000,3.527368,4.032632,0.000000
20261227:0710,0.000000,0.000000,0.000000,0.000000,3.490526,4.103684,0.000000
20261227:0810,3.894737,10.900526,0.000000,2.633684,3.434737,4.203158,0.000000
20261227:0910,17.737895,50.894737,0.000000,9.540000,3.830526,4.267368,0.000000
20261227:1010,50.792105,77.263158,0.000000,14.570000,4.597368,4.533684,0.000000
20261227:1110,63.792105,85.473684,0.000000,17.450000,5.265263,4.714737,0.000000
20261227:1210,71.739474,95.894737,0.000000,16.967368,5.860000,4.645789,0.000000
20261227:1310,60.740526,82.578947,0.000000,15.900000,6.311053,4.625789,0.000000
20261227:1410,34.896842,60.157895,0.000000,11.630000,6.426842,4.528947,0.000000
20261227:1510,12.053684,24.260000,0.000000,5.460000,6.197895,4.313158,0.000000
20261227:1610,0.000000,0.000000,0.000000,0.000000,5.602105,4.131053,0.000000
20261227:1710,0.000000,0.000000,0.000000,0.000000,5.110526,4.127368,0.000000
20261227:1810,0.000000,0.000000,0.000000,0.000000,4.831053,4.061579,0.000000
20261227:1910,0.000000,0.000000,0.000000,0.000000,4.549474,4.090526,0.000000
20261227:2010,0.000000,0.000000,0.000000,0.000000,4.276842,3.960000,0.000000
20261227:2110,0.000000,0.000000,0.000000,0.000000,4.068947,3.864737,0.000000
20261227:2210,0.000000,0.000000,0.000000,0.000000,3.881053,3.868947,0.000000
20261227:2310,0.000000,0.000000,0.000000,0.000000,3.764737,3.844211,0.000000
20261228:0010,0.000000,0.000000,0.000000,0.000000,3.696842,3.726842,0.000000
20261228:0110,0.000000,0.000000,0.000000,0.000000,3.626842,3.644737,0.000000
20261228:0210,0.000000,0.000000,0.000000,0.000000,3.581579,3.642105,0.000000
20261228:0310,0.000000,0.000000,0.000000,0.000000,3.525789,3.706842,0.000000
20261228:0410,0.000000,0.000000,0.000000,0.000000,3.437368,3.698947,0.000000
20261228:0510,0.000000,0.000000,0.000000,0.000000,3.362105,3.590526,0.000000
20261228:0610,0.000000,0.000000,0.000000,0.000000,3.205263,3.538947,0.000000
20261228:0710,0.000000,0.000000,0.000000,0.000000,3.058947,3.403684,0.000000
20261228:0810,3.736842,10.287895,0.000000,2.614737,3.008947,3.488421,0.000000
20261228:0910,29.002105,52.368421,0.000000,9.540000,3.368947,3.655789,0.000000
20261228:1010,42.739474,72.052632,0.000000,14.580000,4.077895,3.817368,0.000000
20261228:1110,50.791579,87.842105,0.000000,17.480000,4.852105,3.956316,0.000000
20261228:1210,60.582105,85.105263,0.000000,17.960000,5.531579,4.126842,0.000000
20261228:1310,57.424211,70.105263,0.000000,15.970000,5.957368,3.953158,0.000000
20261228:1410,39.476842,52.736842,0.000000,11.710000,6.063158,3.775789,0.000000
20261228:1510,15.528421,24.475789,0.000000,5.550000,5.842105,3.564211,0.000000
20261228:1610,0.000000,0.000000,0.000000,0.000000,5.207895,3.512632,0.000000
20261228:1710,0.000000,0.000000,0.000000,0.000000,4.621053,3.455263,0.000000
20261228:1810,0.000000,0.000000,0.000000,0.000000,4.265263,3.607895,0.000000
20261228:1910,0.000000,0.000000,0.000000,0.000000,3.985263,3.763158,0.000000
20261228:2010,0.000000,0.000000,0.000000,0.000000,3.823158,3.770000,0.000000
20261228:2110,0.000000,0.000000,0.000000,0.000000,3.667368,3.755789,0.000000
20261228:2210,0.000000,0.000000,0.000000,0.000000,3.460000,3.713158,0.000000
20261228:2310,0.000000,0.000000,0.000000,0.000000,3.293684,3.629474,0.000000
20261229:0010,0.000000,0.000000,0.000000,0.000000,3.085789,3.532632,0.000000
20261229:0110,0.000000,0.000000,0.000000,0.000000,2.907895,3.492105,0.000000
20261229:0210,0.000000,0.000000,0.000000,0.000000,2.817368,3.441053,0.000000
20261229:0310,0.000000,0.000000,0.000000,0.000000,2.776842,3.357368,0.000000
20261229:0410,0.000000,0.000000,0.000000,0.000000,2.715789,3.309474,0.000000
20261229:0510,0.000000,0.000000,0.000000,0.000000,2.699474,3.288421,0.000000
20261229:0610,0.000000,0.000000,0.000000,0.000000,2.766842,3.306842,0.000000
20261229:0710,0.000000,0.000000,0.000000,0.000000,2.992105,3.368421,0.000000
20261229:0810,4.368421,9.745789,0.000000,2.595789,3.156842,3.488421,0.000000
20261229:0910,37.160000,55.684211,0.000000,9.540000,3.842105,3.650526,0.000000
20261229:1010,71.004737,80.000000,0.000000,14.600000,4.964737,3.841053,0.000000
20261229:1110,93.003684,91.578947,0.000000,17.520000,6.030526,4.000526,0.000000
20261229:1210,93.162105,97.526316,0.000000,18.020000,6.865263,4.256842,0.000000
20261229:1310,64.266316,93.000000,0.000000,16.050000,7.421579,4.395789,0.000000
20261229:1410,42.582105,64.526316,0.000000,11.800000,7.546316,4.224737,0.000000
20261229:1510,14.947895,25.898421,0.000000,5.650000,7.244211,4.025263,0.000000
20261229:1610,0.000000,0.000000,0.000000,0.000000,6.504211,3.876842,0.000000
20261229:1710,0.000000,0.000000,0.000000,0.000000,5.804211,3.830000,0.000000
20261229:1810,0.000000,0.000000,0.000000,0.000000,5.412105,3.895263,0.000000
20261229:1910,0.000000,0.000000,0.000000,0.000000,5.095789,3.872105,0.000000
20261229:2010,0.000000,0.000000,0.000000,0.000000,4.867368,3.894211,0.000000
20261229:2110,0.000000,0.000000,0.000000,0.000000,4.716842,3.852632,0.000000
20261229:2210,0.000000,0.000000,0.000000,0.000000,4.594211,3.811053,0.000000
20261229:2310,0.000000,0.000000,0.000000,0.000000,4.491579,3.721053,0.000000
20261230:0010,0.000000,0.000000,0.000000,0.000000,4.442105,3.643684,0.000000
20261230:0110,0.000000,0.000000,0.000000,0.000000,4.395263,3.663158,0.000000
20261230:0210,0.000000,0.000000,0.000000,0.000000,4.413684,3.655263,0.000000
20261230:0310,0.000000,0.000000,0.000000,0.000000,4.430000,3.622632,0.000000
20261230:0410,0.000000,0.000000,0.000000,0.000000,4.457368,3.631053,0.000000
20261230:0510,0.000000,0.000000,0.000000,0.000000,4.491579,3.623158,0.000000
20261230:0610,0.000000,0.000000,0.000000,0.000000,4.518947,3.705789,0.000000
20261230:0710,0.000000,0.000000,0.000000,0.000000,4.466842,3.778947,0.000000
20261230:0810,3.315789,10.266842,0.000000,2.595789,4.438421,3.778947,0.000000
20261230:0910,30.422632,55.526316,0.000000,9.550000,4.786316,3.836842,0.000000
20261230:1010,48.055263,84.210526,0.000000,14.630000,5.593684,3.906316,0.000000
20261230:1110,65.582105,92.894737,0.000000,17.570000,6.411579,4.258421,0.000000
20261230:1210,64.739474,96.894737,0.000000,18.090000,7.101053,4.388421,0.000000
20261230:1310,28.580000,93.526316,0.000000,16.130000,7.481053,4.406842,0.000000
20261230:1410,23.633684,69.684211,0.000000,11.900000,7.640000,4.211053,0.000000
20261230:1510,6.789474,29.263158,0.000000,5.760000,7.562632,3.993158,0.000000
20261230:1610,0.000000,0.000000,0.000000,0.000000,7.096842,3.886842,0.000000
20261230:1710,0.000000,0.000000,0.000000,0.000000,6.604737,3.844211,0.000000
20261230:1810,0.000000,0.000000,0.000000,0.000000,6.367895,3.817895,0.000000
20261230:1910,0.000000,0.000000,0.000000,0.000000,6.414211,3.848421,0.000000
20261230:2010,0.000000,0.000000,0.000000,0.000000,6.338947,3.913158,0.000000
20261230:2110,0.000000,0.000000,0.000000,0.000000,6.199474,3.923158,0.000000
20261230:2210,0.000000,0.000000,0.000000,0.000000,6.075263,3.886842,0.000000
20261230:2310,0.000000,0.000000,0.000000,0.000000,6.043684,3.970526,0.000000
20261231:0010,0.000000,0.000000,0.000000,0.000000,5.932105,4.010526,0.000000
20261231:0110,0.000000,0.000000,0.000000,0.000000,5.775263,3.981579,0.000000
20261231:0210,0.000000,0.000000,0.000000,0.000000,5.687895,3.890526,0.000000
20261231:0310,0.000000,0.000000,0.000000,0.000000,5.642632,3.908421,0.000000
20261231:0410,0.000000,0.000000,0.000000,0.000000,5.559474,3.906316,0.000000
20261231:0510,0.000000,0.000000,0.000000,0.000000,5.426316,3.891579,0.000000
20261231:0610,0.000000,0.000000,0.000000,0.000000,5.339474,3.851579,0.000000
20261231:0710,0.000000,0.000000,0.000000,0.000000,5.458421,3.990000,0.000000
20261231:0810,3.473684,10.448421,0.000000,2.595789,5.351053,3.883684,0.000000
20261231:0910,27.002632,51.578947,0.000000,9.560000,5.576316,3.772105,0.000000
20261231:1010,38.633684,77.947368,0.000000,14.660000,6.298421,3.840000,0.000000
20261231:1110,73.740526,84.210526,0.000000,17.620000,6.944211,3.850526,0.000000
20261231:1210,80.898421,86.105263,0.000000,18.160000,7.447368,4.008421,0.000000
20261231:1310,51.423684,83.736842,0.000000,16.220000,7.806842,4.058421,0.000000
20261231:1410,28.107368,60.842105,0.000000,12.000000,7.908421,4.047368,0.000000
20261231:1510,10.316316,31.894737,0.000000,5.870000,7.680000,3.789474,0.000000
20261231:1610,0.000000,0.000000,0.000000,0.000000,7.115263,3.710000,0.000000
20261231:1710,0.000000,0.000000,0.000000,0.000000,6.593684,3.725263,0.000000
20261231:1810,0.000000,0.000000,0.000000,0.000000,6.199474,3.822632,0.000000
20261231:1910,0.000000,0.000000,0.000000,0.000000,5.941579,3.821579,0.000000
20261231:2010,0.000000,0.000000,0.000000,0.000000,5.749474,3.819474,0.000000
20261231:2110,0.000000,0.000000,0.000000,0.000000,5.451053,3.822632,0.000000
20261231:2210,0.000000,0.000000,0.000000,0.000000,5.307368,3.814737,0.000000
20261231:2310,0.000000,0.000000,0.000000,0.000000,5.127368,3.728421,0.000000
