Latitude (decimal degrees):	48.630
Longitude (decimal degrees):	2.270
Elevation (m):	56
Radiation database:	PVGIS-SARAH3


Slope: 0 deg. 
Azimuth: 0 deg. 
time,Gb(i),Gd(i),Gr(i),H_sun,T2m,WS10m,Int
20130101:0010,0.0,0.0,0.0,0.0,7.58,6.07,0.0
20130101:0110,0.0,0.0,0.0,0.0,7.6,6.14,0.0
20130101:0210,0.0,0.0,0.0,0.0,7.65,6.14,0.0
20130101:0310,0.0,0.0,0.0,0.0,7.73,6.07,0.0
20130101:0410,0.0,0.0,0.0,0.0,7.81,5.59,0.0
20130101:0510,0.0,0.0,0.0,0.0,7.98,4.69,0.0
20130101:0610,0.0,0.0,0.0,0.0,8.1,4.0,0.0
20130101:0710,0.0,0.0,0.0,0.0,8.12,4.34,0.0
20130101:0810,6.0,12.76,0.0,2.75,8.03,4.48,0.0
20130101:0910,30.0,70.0,0.0,9.59,8.0,4.07,0.0
20130101:1010,116.01,90.0,0.0,14.71,8.27,4.0,0.0
20130101:1110,0.0,60.0,0.0,17.7,8.3,4.21,0.0
20130101:1210,216.01,76.0,0.0,18.27,8.37,4.55,0.0
20130101:1310,88.0,118.0,0.0,16.35,8.42,4.34,0.0
20130101:1410,40.0,90.0,0.0,12.14,8.2,3.66,0.0
20130101:1510,45.01,29.0,0.0,6.02,7.84,3.38,0.0
20130101:1610,0.0,0.0,0.0,0.0,6.91,2.69,0.0
20130101:1710,0.0,0.0,0.0,0.0,5.92,2.55,0.0
20130101:1810,0.0,0.0,0.0,0.0,5.24,2.62,0.0
20130101:1910,0.0,0.0,0.0,0.0,4.46,2.9,0.0
20130101:2010,0.0,0.0,0.0,0.0,3.9,2.9,0.0
20130101:2110,0.0,0.0,0.0,0.0,3.49,3.03,0.0
20130101:2210,0.0,0.0,0.0,0.0,3.22,2.9,0.0
20130101:2310,0.0,0.0,0.0,0.0,2.92,2.76,0.0
20130102:0010,0.0,0.0,0.0,0.0,2.67,2.9,0.0
20130102:0110,0.0,0.0,0.0,0.0,2.65,3.03,0.0
20130102:0210,0.0,0.0,0.0,0.0,2.85,2.97,0.0
20130102:0310,0.0,0.0,0.0,0.0,3.08,2.76,0.0
20130102:0410,0.0,0.0,0.0,0.0,3.24,2.62,0.0
20130102:0510,0.0,0.0,0.0,0.0,2.89,2.55,0.0
20130102:0610,0.0,0.0,0.0,0.0,2.66,2.41,0.0
20130102:0710,0.0,0.0,0.0,0.0,2.82,2.14,0.0
20130102:0810,11.0,11.74,0.0,2.76,2.48,2.21,0.0
20130102:0910,96.01,44.0,0.0,9.62,3.19,1.79,0.0
20130102:1010,148.01,73.0,0.0,14.77,4.69,1.79,0.0
20130102:1110,63.0,140.0,0.0,17.77,6.12,2.0,0.0
20130102:1210,152.01,112.0,0.0,18.36,7.13,2.07,0.0
20130102:1310,207.01,61.0,0.0,16.45,8.02,2.48,0.0
20130102:1410,24.0,93.0,0.0,12.26,8.47,2.48,0.0
20130102:1510,16.0,40.0,0.0,6.14,8.13,1.59,0.0
20130102:1610,0.0,0.0,0.0,0.0,7.61,1.66,0.0
20130102:1710,0.0,0.0,0.0,0.0,7.18,1.86,0.0
20130102:1810,0.0,0.0,0.0,0.0,6.97,2.07,0.0
20130102:1910,0.0,0.0,0.0,0.0,6.77,2.41,0.0
20130102:2010,0.0,0.0,0.0,0.0,6.75,2.55,0.0
20130102:2110,0.0,0.0,0.0,0.0,6.82,2.83,0.0
20130102:2210,0.0,0.0,0.0,0.0,6.93,3.1,0.0
20130102:2310,0.0,0.0,0.0,0.0,7.0,3.38,0.0
20130103:0010,0.0,0.0,0.0,0.0,7.16,3.66,0.0
20130103:0110,0.0,0.0,0.0,0.0,7.28,3.59,0.0
20130103:0210,0.0,0.0,0.0,0.0,7.48,3.45,0.0
20130103:0310,0.0,0.0,0.0,0.0,7.7,3.31,0.0
20130103:0410,0.0,0.0,0.0,0.0,7.93,3.31,0.0
20130103:0510,0.0,0.0,0.0,0.0,8.2,3.31,0.0
20130103:0610,0.0,0.0,0.0,0.0,8.45,3.31,0.0
20130103:0710,0.0,0.0,0.0,0.0,8.33,2.83,0.0
20130103:0810,2.0,13.59,0.0,2.78,8.5,2.76,0.0
20130103:0910,35.0,68.0,0.0,9.66,8.83,2.62,0.0
20130103:1010,0.0,58.0,0.0,14.82,9.46,3.24,0.0
20130103:1110,26.0,137.0,0.0,17.85,9.82,3.1,0.0
20130103:1210,9.0,129.0,0.0,18.46,10.3,3.1,0.0
20130103:1310,0.0,76.0,0.0,16.57,10.68,3.24,0.0
20130103:1410,1.0,66.0,0.0,12.38,10.81,2.55,0.0
20130103:1510,12.0,40.0,0.0,6.27,10.72,2.41,0.0
20130103:1610,0.0,0.0,0.0,0.0,10.49,2.34,0.0
20130103:1710,0.0,0.0,0.0,0.0,10.32,2.41,0.0
20130103:1810,0.0,0.0,0.0,0.0,10.21,2.48,0.0
20130103:1910,0.0,0.0,0.0,0.0,9.86,2.21,0.0
20130103:2010,0.0,0.0,0.0,0.0,9.81,2.28,0.0
20130103:2110,0.0,0.0,0.0,0.0,9.71,2.34,0.0
20130103:2210,0.0,0.0,0.0,0.0,9.56,2.55,0.0
20130103:2310,0.0,0.0,0.0,0.0,9.34,2.69,0.0
20130104:0010,0.0,0.0,0.0,0.0,9.09,2.62,0.0
20130104:0110,0.0,0.0,0.0,0.0,8.85,2.48,0.0
20130104:0210,0.0,0.0,0.0,0.0,8.63,2.21,0.0
20130104:0310,0.0,0.0,0.0,0.0,8.49,2.0,0.0
20130104:0410,0.0,0.0,0.0,0.0,8.35,1.93,0.0
20130104:0510,0.0,0.0,0.0,0.0,8.28,1.93,0.0
20130104:0610,0.0,0.0,0.0,0.0,8.12,2.07,0.0
20130104:0710,0.0,0.0,0.0,0.0,7.54,2.0,0.0
20130104:0810,0.0,11.0,0.0,2.81,7.62,1.79,0.0
20130104:0910,3.0,58.0,0.0,9.71,8.16,1.59,0.0
20130104:1010,0.0,24.0,0.0,14.89,8.8,2.0,0.0
20130104:1110,0.0,88.0,0.0,17.94,9.44,2.41,0.0
20130104:1210,7.0,126.0,0.0,18.56,9.78,2.34,0.0
20130104:1310,0.0,82.0,0.0,16.69,9.86,2.0,0.0
20130104:1410,0.0,24.0,0.0,12.51,9.82,1.72,0.0
20130104:1510,0.0,7.0,0.0,6.41,9.8,1.72,0.0
20130104:1610,0.0,0.0,0.0,0.0,9.43,1.72,0.0
20130104:1710,0.0,0.0,0.0,0.0,9.06,1.79,0.0
20130104:1810,0.0,0.0,0.0,0.0,8.86,1.86,0.0
20130104:1910,0.0,0.0,0.0,0.0,8.63,1.86,0.0
20130104:2010,0.0,0.0,0.0,0.0,8.57,1.93,0.0
20130104:2110,0.0,0.0,0.0,0.0,8.48,1.93,0.0
20130104:2210,0.0,0.0,0.0,0.0,8.45,1.86,0.0
20130104:2310,0.0,0.0,0.0,0.0,8.35,1.86,0.0
20130105:0010,0.0,0.0,0.0,0.0,8.26,1.93,0.0
20130105:0110,0.0,0.0,0.0,0.0,8.25,1.93,0.0
20130105:0210,0.0,0.0,0.0,0.0,8.1,1.79,0.0
20130105:0310,0.0,0.0,0.0,0.0,8.04,1.52,0.0
20130105:0410,0.0,0.0,0.0,0.0,8.01,1.38,0.0
20130105:0510,0.0,0.0,0.0,0.0,8.0,1.31,0.0
20130105:0610,0.0,0.0,0.0,0.0,7.95,1.38,0.0
20130105:0710,0.0,0.0,0.0,0.0,8.16,1.52,0.0
20130105:0810,0.0,12.0,0.0,2.85,8.15,1.66,0.0
20130105:0910,6.0,65.0,0.0,9.76,8.36,2.55,0.0
20130105:1010,0.0,55.0,0.0,14.96,8.85,2.69,0.0
20130105:1110,0.0,51.0,0.0,18.03,8.92,2.55,0.0
20130105:1210,0.0,65.0,0.0,18.67,8.98,2.48,0.0
20130105:1310,0.0,51.0,0.0,16.82,9.02,2.41,0.0
20130105:1410,0.0,36.0,0.0,12.65,9.0,2.34,0.0
20130105:1510,0.0,25.0,0.0,6.56,8.91,1.93,0.0
20130105:1610,0.0,0.0,0.0,0.0,8.69,1.24,0.0
20130105:1710,0.0,0.0,0.0,0.0,8.48,1.17,0.0
20130105:1810,0.0,0.0,0.0,0.0,8.35,1.24,0.0
20130105:1910,0.0,0.0,0.0,0.0,8.05,1.03,0.0
20130105:2010,0.0,0.0,0.0,0.0,7.65,1.52,0.0
20130105:2110,0.0,0.0,0.0,0.0,7.75,2.07,0.0
20130105:2210,0.0,0.0,0.0,0.0,7.8,2.07,0.0
20130105:2310,0.0,0.0,0.0,0.0,7.72,1.24,0.0
20130106:0010,0.0,0.0,0.0,0.0,7.6,1.03,0.0
20130106:0110,0.0,0.0,0.0,0.0,7.33,1.45,0.0
20130106:0210,0.0,0.0,0.0,0.0,7.29,1.03,0.0
20130106:0310,0.0,0.0,0.0,0.0,7.1,0.69,0.0
20130106:0410,0.0,0.0,0.0,0.0,6.84,1.03,0.0
20130106:0510,0.0,0.0,0.0,0.0,6.61,1.03,0.0
20130106:0610,0.0,0.0,0.0,0.0,6.58,0.97,0.0
20130106:0710,0.0,0.0,0.0,0.0,6.38,1.17,0.0
20130106:0810,4.0,14.16,0.0,2.89,6.39,0.97,0.0
20130106:0910,0.0,42.0,0.0,9.82,6.66,0.97,0.0
20130106:1010,0.0,43.0,0.0,15.04,6.96,1.17,0.0
20130106:1110,0.0,57.0,0.0,18.13,7.1,1.03,0.0
20130106:1210,0.0,56.0,0.0,18.79,7.34,0.97,0.0
20130106:1310,9.0,118.0,0.0,16.95,7.49,0.9,0.0
20130106:1410,3.0,77.0,0.0,12.8,7.57,0.9,0.0
20130106:1510,0.0,9.0,0.0,6.7,7.53,0.76,0.0
20130106:1610,0.0,0.0,0.0,0.0,7.36,0.41,0.0
20130106:1710,0.0,0.0,0.0,0.0,7.2,0.55,0.0
20130106:1810,0.0,0.0,0.0,0.0,6.97,0.76,0.0
20130106:1910,0.0,0.0,0.0,0.0,6.75,0.83,0.0
20130106:2010,0.0,0.0,0.0,0.0,6.48,0.9,0.0
20130106:2110,0.0,0.0,0.0,0.0,6.45,0.9,0.0
20130106:2210,0.0,0.0,0.0,0.0,5.84,1.03,0.0
20130106:2310,0.0,0.0,0.0,0.0,5.88,0.76,0.0
20130107:0010,0.0,0.0,0.0,0.0,5.56,0.9,0.0
20130107:0110,0.0,0.0,0.0,0.0,5.71,1.03,0.0
20130107:0210,0.0,0.0,0.0,0.0,5.42,1.24,0.0
20130107:0310,0.0,0.0,0.0,0.0,5.55,1.17,0.0
20130107:0410,0.0,0.0,0.0,0.0,5.61,1.31,0.0
20130107:0510,0.0,0.0,0.0,0.0,5.54,1.45,0.0
20130107:0610,0.0,0.0,0.0,0.0,5.48,1.45,0.0
20130107:0710,0.0,0.0,0.0,0.0,5.29,1.66,0.0
20130107:0810,1.0,14.79,0.0,2.94,5.37,1.66,0.0
20130107:0910,76.01,56.0,0.0,9.89,5.9,1.52,0.0
20130107:1010,43.0,119.0,0.0,15.13,6.64,2.07,0.0
20130107:1110,5.0,120.0,0.0,18.24,6.96,2.21,0.0
20130107:1210,3.0,121.0,0.0,18.92,7.14,1.79,0.0
20130107:1310,13.0,126.0,0.0,17.09,7.37,1.45,0.0
20130107:1410,18.0,96.0,0.0,12.95,7.49,1.03,0.0
20130107:1510,12.0,45.0,0.0,6.86,7.5,0.69,0.0
20130107:1610,0.0,0.0,0.0,0.0,7.23,0.62,0.0
20130107:1710,0.0,0.0,0.0,0.0,6.26,1.17,0.0
20130107:1810,0.0,0.0,0.0,0.0,4.98,1.24,0.0
20130107:1910,0.0,0.0,0.0,0.0,5.71,0.9,0.0
20130107:2010,0.0,0.0,0.0,0.0,5.62,0.97,0.0
20130107:2110,0.0,0.0,0.0,0.0,5.62,0.9,0.0
20130107:2210,0.0,0.0,0.0,0.0,5.55,1.1,0.0
20130107:2310,0.0,0.0,0.0,0.0,5.41,1.31,0.0
20130108:0010,0.0,0.0,0.0,0.0,5.2,1.38,0.0
20130108:0110,0.0,0.0,0.0,0.0,4.96,1.38,0.0
20130108:0210,0.0,0.0,0.0,0.0,4.88,1.31,0.0
20130108:0310,0.0,0.0,0.0,0.0,4.92,1.17,0.0
20130108:0410,0.0,0.0,0.0,0.0,4.69,1.24,0.0
20130108:0510,0.0,0.0,0.0,0.0,4.74,1.1,0.0
20130108:0610,0.0,0.0,0.0,0.0,4.5,1.1,0.0
20130108:0710,0.0,0.0,0.0,0.0,4.23,0.9,0.0
20130108:0810,0.0,11.0,0.0,3.0,4.16,0.9,0.0
20130108:0910,1.0,52.0,0.0,9.96,4.21,1.1,0.0
20130108:1010,0.0,38.0,0.0,15.23,4.33,1.45,0.0
20130108:1110,0.0,48.0,0.0,18.36,4.56,1.72,0.0
20130108:1210,0.0,49.0,0.0,19.06,4.81,1.86,0.0
20130108:1310,0.0,48.0,0.0,17.24,4.85,1.79,0.0
20130108:1410,0.0,44.0,0.0,13.1,5.0,1.66,0.0
20130108:1510,8.0,46.0,0.0,7.02,4.98,1.52,0.0
20130108:1610,0.0,0.0,0.0,0.0,4.82,1.17,0.0
20130108:1710,0.0,0.0,0.0,0.0,4.68,0.9,0.0
20130108:1810,0.0,0.0,0.0,0.0,4.63,0.9,0.0
20130108:1910,0.0,0.0,0.0,0.0,3.95,1.45,0.0
20130108:2010,0.0,0.0,0.0,0.0,3.88,1.31,0.0
20130108:2110,0.0,0.0,0.0,0.0,3.79,1.45,0.0
20130108:2210,0.0,0.0,0.0,0.0,3.75,1.52,0.0
20130108:2310,0.0,0.0,0.0,0.0,3.73,1.52,0.0
20130109:0010,0.0,0.0,0.0,0.0,3.68,1.52,0.0
20130109:0110,0.0,0.0,0.0,0.0,3.67,1.66,0.0
20130109:0210,0.0,0.0,0.0,0.0,3.77,1.52,0.0
20130109:0310,0.0,0.0,0.0,0.0,3.86,1.31,0.0
20130109:0410,0.0,0.0,0.0,0.0,3.76,1.52,0.0
20130109:0510,0.0,0.0,0.0,0.0,3.59,1.52,0.0
20130109:0610,0.0,0.0,0.0,0.0,3.59,1.79,0.0
20130109:0710,0.0,0.0,0.0,0.0,3.32,2.07,0.0
20130109:0810,0.0,8.0,0.0,3.06,3.47,2.34,0.0
20130109:0910,7.0,68.0,0.0,10.05,3.74,2.28,0.0
20130109:1010,0.0,74.0,0.0,15.33,4.04,2.55,0.0
20130109:1110,0.0,51.0,0.0,18.48,4.45,2.55,0.0
20130109:1210,0.0,37.0,0.0,19.2,4.87,2.62,0.0
20130109:1310,0.0,68.0,0.0,17.4,5.07,2.55,0.0
20130109:1410,0.0,39.0,0.0,13.27,5.28,2.48,0.0
20130109:1510,0.0,29.0,0.0,7.19,5.38,2.21,0.0
20130109:1610,0.0,0.0,0.0,0.0,5.43,2.07,0.0
20130109:1710,0.0,0.0,0.0,0.0,5.41,2.07,0.0
20130109:1810,0.0,0.0,0.0,0.0,5.43,2.21,0.0
20130109:1910,0.0,0.0,0.0,0.0,5.01,2.28,0.0
20130109:2010,0.0,0.0,0.0,0.0,5.03,2.07,0.0
20130109:2110,0.0,0.0,0.0,0.0,5.05,2.07,0.0
20130109:2210,0.0,0.0,0.0,0.0,5.05,2.14,0.0
20130109:2310,0.0,0.0,0.0,0.0,5.1,2.28,0.0
20130110:0010,0.0,0.0,0.0,0.0,5.17,2.28,0.0
20130110:0110,0.0,0.0,0.0,0.0,5.23,2.34,0.0
20130110:0210,0.0,0.0,0.0,0.0,5.3,2.28,0.0
20130110:0310,0.0,0.0,0.0,0.0,5.42,2.28,0.0
20130110:0410,0.0,0.0,0.0,0.0,5.53,2.28,0.0
20130110:0510,0.0,0.0,0.0,0.0,5.63,2.28,0.0
20130110:0610,0.0,0.0,0.0,0.0,5.77,2.28,0.0
20130110:0710,0.0,0.0,0.0,0.0,5.63,1.79,0.0
20130110:0810,6.0,15.68,0.0,3.13,5.77,1.79,0.0
20130110:0910,4.0,62.0,0.0,10.14,5.99,1.86,0.0
20130110:1010,0.0,52.0,0.0,15.44,6.36,2.0,0.0
20130110:1110,0.0,45.0,0.0,18.61,6.85,2.07,0.0
20130110:1210,0.0,89.0,0.0,19.35,7.26,2.41,0.0
20130110:1310,1.0,93.0,0.0,17.56,7.76,2.76,0.0
20130110:1410,11.0,94.0,0.0,13.44,8.04,2.34,0.0
20130110:1510,19.0,49.0,0.0,7.36,8.26,2.28,0.0
20130110:1610,0.0,0.0,0.0,0.0,8.38,2.41,0.0
20130110:1710,0.0,0.0,0.0,0.0,8.41,2.69,0.0
20130110:1810,0.0,0.0,0.0,0.0,8.36,2.9,0.0
20130110:1910,0.0,0.0,0.0,0.0,7.92,2.62,0.0
20130110:2010,0.0,0.0,0.0,0.0,7.88,3.03,0.0
20130110:2110,0.0,0.0,0.0,0.0,7.65,3.24,0.0
20130110:2210,0.0,0.0,0.0,0.0,7.42,3.31,0.0
20130110:2310,0.0,0.0,0.0,0.0,7.27,3.45,0.0
20130111:0010,0.0,0.0,0.0,0.0,7.06,3.72,0.0
20130111:0110,0.0,0.0,0.0,0.0,6.85,3.66,0.0
20130111:0210,0.0,0.0,0.0,0.0,6.5,3.79,0.0
20130111:0310,0.0,0.0,0.0,0.0,6.05,3.72,0.0
20130111:0410,0.0,0.0,0.0,0.0,5.58,3.66,0.0
20130111:0510,0.0,0.0,0.0,0.0,5.12,3.59,0.0
20130111:0610,0.0,0.0,0.0,0.0,4.9,3.17,0.0
20130111:0710,0.0,0.0,0.0,0.0,4.86,2.9,0.0
20130111:0810,4.0,17.09,0.0,3.21,4.58,2.62,0.0
20130111:0910,88.01,54.0,0.0,10.23,4.63,2.55,0.0
20130111:1010,72.0,117.0,0.0,15.56,4.86,2.9,0.0
20130111:1110,81.0,146.0,0.0,18.75,5.24,3.38,0.0
20130111:1210,122.01,139.0,0.0,19.5,5.72,3.1,0.0
20130111:1310,13.0,131.0,0.0,17.73,6.2,2.69,0.0
20130111:1410,4.0,86.0,0.0,13.61,6.44,2.21,0.0
20130111:1510,1.0,39.0,0.0,7.54,6.48,1.38,0.0
20130111:1610,0.0,0.0,0.0,0.0,6.24,0.97,0.0
20130111:1710,0.0,0.0,0.0,0.0,5.59,1.52,0.0
20130111:1810,0.0,0.0,0.0,0.0,4.64,1.86,0.0
20130111:1910,0.0,0.0,0.0,0.0,4.88,1.66,0.0
20130111:2010,0.0,0.0,0.0,0.0,4.25,1.86,0.0
20130111:2110,0.0,0.0,0.0,0.0,3.52,1.86,0.0
20130111:2210,0.0,0.0,0.0,0.0,2.85,1.72,0.0
20130111:2310,0.0,0.0,0.0,0.0,2.51,1.59,0.0
20130112:0010,0.0,0.0,0.0,0.0,2.75,1.52,0.0
20130112:0110,0.0,0.0,0.0,0.0,3.06,1.72,0.0
20130112:0210,0.0,0.0,0.0,0.0,3.39,2.07,0.0
20130112:0310,0.0,0.0,0.0,0.0,3.96,2.41,0.0
20130112:0410,0.0,0.0,0.0,0.0,4.34,2.69,0.0
20130112:0510,0.0,0.0,0.0,0.0,4.35,2.9,0.0
20130112:0610,0.0,0.0,0.0,0.0,4.64,3.1,0.0
20130112:0710,0.0,0.0,0.0,0.0,3.74,2.83,0.0
20130112:0810,0.0,14.0,0.0,3.29,3.63,3.1,0.0
20130112:0910,2.0,58.0,0.0,10.33,4.02,3.31,0.0
20130112:1010,4.0,101.0,0.0,15.68,4.62,3.38,0.0
20130112:1110,1.0,104.0,0.0,18.9,5.12,3.31,0.0
20130112:1210,2.0,117.0,0.0,19.67,5.42,3.66,0.0
20130112:1310,0.0,47.0,0.0,17.9,5.43,3.86,0.0
20130112:1410,0.0,47.0,0.0,13.79,5.16,3.24,0.0
20130112:1510,1.0,38.0,0.0,7.72,4.85,3.03,0.0
20130112:1610,0.0,0.0,0.0,0.0,4.59,2.34,0.0
20130112:1710,0.0,0.0,0.0,0.0,4.33,2.0,0.0
20130112:1810,0.0,0.0,0.0,0.0,4.21,1.86,0.0
20130112:1910,0.0,0.0,0.0,0.0,4.76,1.66,0.0
20130112:2010,0.0,0.0,0.0,0.0,4.55,1.66,0.0
20130112:2110,0.0,0.0,0.0,0.0,3.8,1.79,0.0
20130112:2210,0.0,0.0,0.0,0.0,3.32,1.66,0.0
20130112:2310,0.0,0.0,0.0,0.0,2.91,1.45,0.0
20130113:0010,0.0,0.0,0.0,0.0,2.77,1.17,0.0
20130113:0110,0.0,0.0,0.0,0.0,2.5,1.38,0.0
20130113:0210,0.0,0.0,0.0,0.0,2.3,1.52,0.0
20130113:0310,0.0,0.0,0.0,0.0,2.5,1.52,0.0
20130113:0410,0.0,0.0,0.0,0.0,2.47,1.52,0.0
20130113:0510,0.0,0.0,0.0,0.0,2.57,1.45,0.0
20130113:0610,0.0,0.0,0.0,0.0,2.65,1.52,0.0
20130113:0710,0.0,0.0,0.0,0.0,1.71,2.62,0.0
20130113:0810,3.0,17.35,0.0,3.38,2.0,2.69,0.0
20130113:0910,5.0,68.0,0.0,10.44,2.46,3.03,0.0
20130113:1010,0.0,44.0,0.0,15.81,2.9,3.03,0.0
20130113:1110,0.0,77.0,0.0,19.05,3.2,3.24,0.0
20130113:1210,47.0,161.0,0.0,19.83,3.57,3.59,0.0
20130113:1310,14.0,135.0,0.0,18.08,3.68,3.59,0.0
20130113:1410,4.0,91.0,0.0,13.98,3.7,3.52,0.0
20130113:1510,30.0,53.0,0.0,7.91,3.6,3.17,0.0
20130113:1610,0.0,0.0,0.0,0.0,3.33,3.24,0.0
20130113:1710,0.0,0.0,0.0,0.0,3.01,3.1,0.0
20130113:1810,0.0,0.0,0.0,0.0,2.73,3.1,0.0
20130113:1910,0.0,0.0,0.0,0.0,1.55,2.76,0.0
20130113:2010,0.0,0.0,0.0,0.0,1.11,2.83,0.0
20130113:2110,0.0,0.0,0.0,0.0,0.72,3.1,0.0
20130113:2210,0.0,0.0,0.0,0.0,0.28,3.66,0.0
20130113:2310,0.0,0.0,0.0,0.0,-0.17,3.86,0.0
20130114:0010,0.0,0.0,0.0,0.0,-0.6,3.72,0.0
20130114:0110,0.0,0.0,0.0,0.0,-0.97,4.0,0.0
20130114:0210,0.0,0.0,0.0,0.0,-1.35,4.28,0.0
20130114:0310,0.0,0.0,0.0,0.0,-1.7,4.0,0.0
20130114:0410,0.0,0.0,0.0,0.0,-2.07,3.31,0.0
20130114:0510,0.0,0.0,0.0,0.0,-2.62,2.83,0.0
20130114:0610,0.0,0.0,0.0,0.0,-3.03,2.48,0.0
20130114:0710,0.0,0.0,0.0,0.0,-2.88,2.21,0.0
20130114:0810,19.0,13.23,0.0,3.48,-2.89,1.86,0.0
20130114:0910,89.01,59.0,0.0,10.56,-2.46,1.79,0.0
20130114:1010,193.01,65.0,0.0,15.95,-1.63,1.38,0.0
20130114:1110,238.01,78.0,0.0,19.21,-0.71,0.97,0.0
20130114:1210,133.01,143.0,0.0,20.01,0.01,1.24,0.0
20130114:1310,53.0,149.0,0.0,18.27,0.67,1.66,0.0
20130114:1410,35.0,111.0,0.0,14.17,1.21,2.41,0.0
20130114:1510,20.0,58.0,0.0,8.1,1.35,3.03,0.0
20130114:1610,0.0,0.0,0.0,0.0,1.27,3.17,0.0
20130114:1710,0.0,0.0,0.0,0.0,1.25,3.79,0.0
20130114:1810,0.0,0.0,0.0,0.0,1.61,4.48,0.0
20130114:1910,0.0,0.0,0.0,0.0,1.61,4.97,0.0
20130114:2010,0.0,0.0,0.0,0.0,1.51,5.52,0.0
20130114:2110,0.0,0.0,0.0,0.0,1.48,5.86,0.0
20130114:2210,0.0,0.0,0.0,0.0,1.39,5.79,0.0
20130114:2310,0.0,0.0,0.0,0.0,1.24,5.24,0.0
20130115:0010,0.0,0.0,0.0,0.0,1.42,4.28,0.0
20130115:0110,0.0,0.0,0.0,0.0,1.69,3.79,0.0
20130115:0210,0.0,0.0,0.0,0.0,1.78,4.07,0.0
20130115:0310,0.0,0.0,0.0,0.0,1.48,4.14,0.0
20130115:0410,0.0,0.0,0.0,0.0,0.71,3.79,0.0
20130115:0510,0.0,0.0,0.0,0.0,0.25,3.59,0.0
20130115:0610,0.0,0.0,0.0,0.0,-0.17,3.31,0.0
20130115:0710,0.0,0.0,0.0,0.0,-0.1,3.52,0.0
20130115:0810,7.0,19.33,0.0,3.58,-0.21,3.59,0.0
20130115:0910,19.0,79.0,0.0,10.68,0.51,3.66,0.0
20130115:1010,0.0,50.0,0.0,16.09,1.48,5.45,0.0
20130115:1110,0.0,52.0,0.0,19.37,2.3,5.24,0.0
20130115:1210,0.0,48.0,0.0,20.19,2.73,5.79,0.0
20130115:1310,0.0,38.0,0.0,18.46,3.25,7.17,0.0
20130115:1410,0.0,35.0,0.0,14.37,3.13,5.93,0.0
20130115:1510,5.0,53.0,0.0,8.3,2.78,5.31,0.0
20130115:1610,0.0,0.0,0.0,0.0,2.02,4.28,0.0
20130115:1710,0.0,0.0,0.0,0.0,1.12,3.52,0.0
20130115:1810,0.0,0.0,0.0,0.0,0.25,2.83,0.0
20130115:1910,0.0,0.0,0.0,0.0,-0.44,2.69,0.0
20130115:2010,0.0,0.0,0.0,0.0,-1.13,2.28,0.0
20130115:2110,0.0,0.0,0.0,0.0,-1.94,2.14,0.0
20130115:2210,0.0,0.0,0.0,0.0,-2.45,2.21,0.0
20130115:2310,0.0,0.0,0.0,0.0,-2.76,2.07,0.0
20130116:0010,0.0,0.0,0.0,0.0,-2.97,1.93,0.0
20130116:0110,0.0,0.0,0.0,0.0,-3.42,1.72,0.0
20130116:0210,0.0,0.0,0.0,0.0,-3.81,1.52,0.0
20130116:0310,0.0,0.0,0.0,0.0,-3.83,1.31,0.0
20130116:0410,0.0,0.0,0.0,0.0,-4.01,1.66,0.0
20130116:0510,0.0,0.0,0.0,0.0,-4.13,1.86,0.0
20130116:0610,0.0,0.0,0.0,0.0,-3.7,1.86,0.0
20130116:0710,0.0,0.0,0.0,0.0,-4.07,2.14,0.0
20130116:0810,7.0,20.31,0.0,3.69,-4.42,2.07,0.0
20130116:0910,31.0,83.0,0.0,10.81,-3.71,2.0,0.0
20130116:1010,41.0,132.0,0.0,16.25,-2.62,2.55,0.0
20130116:1110,60.0,161.0,0.0,19.55,-1.8,2.76,0.0
20130116:1210,186.01,123.0,0.0,20.38,-1.14,3.1,0.0
20130116:1310,234.01,75.0,0.0,18.66,-0.68,3.38,0.0
20130116:1410,161.01,67.0,0.0,14.57,-0.65,3.52,0.0
20130116:1510,74.01,43.0,0.0,8.5,-0.92,3.59,0.0
20130116:1610,0.0,0.0,0.0,0.0,-1.6,2.76,0.0
20130116:1710,0.0,0.0,0.0,0.0,-2.56,2.62,0.0
20130116:1810,0.0,0.0,0.0,0.0,-3.07,2.48,0.0
20130116:1910,0.0,0.0,0.0,0.0,-3.4,2.48,0.0
20130116:2010,0.0,0.0,0.0,0.0,-3.62,2.28,0.0
20130116:2110,0.0,0.0,0.0,0.0,-3.89,2.21,0.0
20130116:2210,0.0,0.0,0.0,0.0,-4.08,2.07,0.0
20130116:2310,0.0,0.0,0.0,0.0,-4.35,2.0,0.0
20130117:0010,0.0,0.0,0.0,0.0,-4.68,1.93,0.0
20130117:0110,0.0,0.0,0.0,0.0,-4.97,1.93,0.0
20130117:0210,0.0,0.0,0.0,0.0,-5.28,1.86,0.0
20130117:0310,0.0,0.0,0.0,0.0,-5.53,2.0,0.0
20130117:0410,0.0,0.0,0.0,0.0,-5.59,2.07,0.0
20130117:0510,0.0,0.0,0.0,0.0,-5.59,2.07,0.0
20130117:0610,0.0,0.0,0.0,0.0,-5.64,2.07,0.0
20130117:0710,0.0,0.0,0.0,0.0,-5.42,1.86,0.0
20130117:0810,19.0,15.95,0.0,3.81,-5.48,1.79,0.0
20130117:0910,95.01,61.0,0.0,10.95,-4.48,2.0,0.0
20130117:1010,114.01,113.0,0.0,16.41,-3.61,1.79,0.0
20130117:1110,143.01,137.0,0.0,19.73,-2.65,1.79,0.0
20130117:1210,247.01,91.0,0.0,20.58,-1.92,1.79,0.0
20130117:1310,196.01,100.0,0.0,18.87,-1.37,1.72,0.0
20130117:1410,179.01,60.0,0.0,14.78,-1.17,1.72,0.0
20130117:1510,58.0,53.0,0.0,8.71,-1.35,1.79,0.0
20130117:1610,0.0,0.0,0.0,0.0,-2.02,1.45,0.0
20130117:1710,0.0,0.0,0.0,0.0,-2.98,1.72,0.0
20130117:1810,0.0,0.0,0.0,0.0,-3.68,1.86,0.0
20130117:1910,0.0,0.0,0.0,0.0,-3.83,1.93,0.0
20130117:2010,0.0,0.0,0.0,0.0,-4.16,1.66,0.0
20130117:2110,0.0,0.0,0.0,0.0,-4.52,1.52,0.0
20130117:2210,0.0,0.0,0.0,0.0,-4.62,1.79,0.0
20130117:2310,0.0,0.0,0.0,0.0,-4.42,1.72,0.0
20130118:0010,0.0,0.0,0.0,0.0,-4.18,2.07,0.0
20130118:0110,0.0,0.0,0.0,0.0,-4.2,2.34,0.0
20130118:0210,0.0,0.0,0.0,0.0,-4.07,2.48,0.0
20130118:0310,0.0,0.0,0.0,0.0,-3.93,2.76,0.0
20130118:0410,0.0,0.0,0.0,0.0,-3.77,2.97,0.0
20130118:0510,0.0,0.0,0.0,0.0,-3.55,2.97,0.0
20130118:0610,0.0,0.0,0.0,0.0,-3.31,2.76,0.0
20130118:0710,0.0,0.0,0.0,0.0,-3.31,2.9,0.0
20130118:0810,1.0,16.82,0.0,3.93,-3.32,3.1,0.0
20130118:0910,10.0,80.0,0.0,11.09,-3.01,3.59,0.0
20130118:1010,18.0,126.0,0.0,16.57,-2.25,3.93,0.0
20130118:1110,6.0,135.0,0.0,19.91,-1.68,4.28,0.0
20130118:1210,8.0,145.0,0.0,20.78,-1.14,4.62,0.0
20130118:1310,12.0,140.0,0.0,19.08,-0.64,4.41,0.0
20130118:1410,33.0,118.0,0.0,15.0,-0.37,4.14,0.0
20130118:1510,11.0,62.0,0.0,8.92,-0.5,3.66,0.0
20130118:1610,0.0,0.0,0.0,0.0,-0.72,3.79,0.0
20130118:1710,0.0,0.0,0.0,0.0,-0.95,3.86,0.0
20130118:1810,0.0,0.0,0.0,0.0,-1.04,3.86,0.0
20130118:1910,0.0,0.0,0.0,0.0,-1.67,3.66,0.0
20130118:2010,0.0,0.0,0.0,0.0,-1.69,3.59,0.0
20130118:2110,0.0,0.0,0.0,0.0,-1.69,3.31,0.0
20130118:2210,0.0,0.0,0.0,0.0,-1.67,2.83,0.0
20130118:2310,0.0,0.0,0.0,0.0,-1.7,2.48,0.0
20130119:0010,0.0,0.0,0.0,0.0,-1.68,2.14,0.0
20130119:0110,0.0,0.0,0.0,0.0,-1.73,1.93,0.0
20130119:0210,0.0,0.0,0.0,0.0,-1.82,2.0,0.0
20130119:0310,0.0,0.0,0.0,0.0,-1.76,2.0,0.0
20130119:0410,0.0,0.0,0.0,0.0,-1.69,1.66,0.0
20130119:0510,0.0,0.0,0.0,0.0,-1.57,1.72,0.0
20130119:0610,0.0,0.0,0.0,0.0,-1.52,1.86,0.0
20130119:0710,0.0,0.0,0.0,0.0,-1.92,2.21,0.0
20130119:0810,2.0,20.58,0.0,4.06,-1.82,2.21,0.0
20130119:0910,11.0,80.0,0.0,11.24,-1.35,2.14,0.0
20130119:1010,0.0,43.0,0.0,16.74,-0.73,2.48,0.0
20130119:1110,0.0,105.0,0.0,20.11,-0.25,2.83,0.0
20130119:1210,38.0,169.0,0.0,20.99,0.14,3.1,0.0
20130119:1310,6.0,129.0,0.0,19.3,0.55,3.52,0.0
20130119:1410,12.0,111.0,0.0,15.22,0.65,3.86,0.0
20130119:1510,4.0,55.0,0.0,9.14,0.51,3.93,0.0
20130119:1610,0.0,0.0,0.0,0.0,0.45,4.0,0.0
20130119:1710,0.0,0.0,0.0,0.0,0.21,4.0,0.0
20130119:1810,0.0,0.0,0.0,0.0,-0.07,4.0,0.0
20130119:1910,0.0,0.0,0.0,0.0,-1.27,4.14,0.0
20130119:2010,0.0,0.0,0.0,0.0,-1.26,4.07,0.0
20130119:2110,0.0,0.0,0.0,0.0,-1.25,3.93,0.0
20130119:2210,0.0,0.0,0.0,0.0,-1.38,4.28,0.0
20130119:2310,0.0,0.0,0.0,0.0,-1.37,4.55,0.0
20130120:0010,0.0,0.0,0.0,0.0,-1.35,4.55,0.0
20130120:0110,0.0,0.0,0.0,0.0,-1.33,4.34,0.0
20130120:0210,0.0,0.0,0.0,0.0,-1.39,4.21,0.0
20130120:0310,0.0,0.0,0.0,0.0,-1.51,4.21,0.0
20130120:0410,0.0,0.0,0.0,0.0,-1.69,4.07,0.0
20130120:0510,0.0,0.0,0.0,0.0,-1.83,3.79,0.0
20130120:0610,0.0,0.0,0.0,0.0,-2.03,3.72,0.0
20130120:0710,0.0,0.0,0.0,0.0,-3.26,4.0,0.0
20130120:0810,0.0,8.0,0.0,4.2,-3.63,3.86,0.0
20130120:0910,0.0,14.0,0.0,11.4,-3.8,3.45,0.0
20130120:1010,0.0,37.0,0.0,16.92,-3.87,3.24,0.0
20130120:1110,0.0,84.0,0.0,20.31,-3.75,3.59,0.0
20130120:1210,0.0,100.0,0.0,21.21,-3.58,3.66,0.0
20130120:1310,0.0,72.0,0.0,19.52,-3.23,3.72,0.0
20130120:1410,0.0,71.0,0.0,15.44,-2.92,3.59,0.0
20130120:1510,1.0,47.0,0.0,9.36,-2.68,3.24,0.0
20130120:1610,0.0,0.0,0.0,0.0,-2.3,2.97,0.0
20130120:1710,0.0,0.0,0.0,0.0,-2.17,2.69,0.0
20130120:1810,0.0,0.0,0.0,0.0,-2.16,2.62,0.0
20130120:1910,0.0,0.0,0.0,0.0,-2.01,2.83,0.0
20130120:2010,0.0,0.0,0.0,0.0,-1.59,3.03,0.0
20130120:2110,0.0,0.0,0.0,0.0,-1.29,3.1,0.0
20130120:2210,0.0,0.0,0.0,0.0,-1.39,3.1,0.0
20130120:2310,0.0,0.0,0.0,0.0,-1.82,3.03,0.0
20130121:0010,0.0,0.0,0.0,0.0,-2.13,3.1,0.0
20130121:0110,0.0,0.0,0.0,0.0,-2.16,3.03,0.0
20130121:0210,0.0,0.0,0.0,0.0,-2.38,2.83,0.0
20130121:0310,0.0,0.0,0.0,0.0,-3.08,2.69,0.0
20130121:0410,0.0,0.0,0.0,0.0,-3.46,2.69,0.0
20130121:0510,0.0,0.0,0.0,0.0,-3.5,2.62,0.0
20130121:0610,0.0,0.0,0.0,0.0,-2.73,2.69,0.0
20130121:0710,0.0,0.0,0.0,0.0,-2.69,2.97,0.0
20130121:0810,0.0,0.0,0.0,0.0,-2.06,3.31,0.0
20130121:0910,0.0,0.0,0.0,0.0,-1.07,3.66,0.0
20130121:1010,0.0,53.0,0.0,17.11,-0.2,3.72,0.0
20130121:1110,0.0,48.0,0.0,20.51,0.44,3.72,0.0
20130121:1210,0.0,58.0,0.0,21.43,0.88,2.97,0.0
20130121:1310,0.0,55.0,0.0,19.75,1.19,2.07,0.0
20130121:1410,0.0,48.0,0.0,15.67,1.12,1.38,0.0
20130121:1510,0.0,42.0,0.0,9.58,0.93,0.9,0.0
20130121:1610,0.0,5.0,0.0,1.95,0.58,1.66,0.0
20130121:1710,0.0,0.0,0.0,0.0,0.4,2.69,0.0
20130121:1810,0.0,0.0,0.0,0.0,0.36,3.66,0.0
20130121:1910,0.0,0.0,0.0,0.0,0.19,3.31,0.0
20130121:2010,0.0,0.0,0.0,0.0,0.17,3.38,0.0
20130121:2110,0.0,0.0,0.0,0.0,-0.01,3.1,0.0
20130121:2210,0.0,0.0,0.0,0.0,-0.49,2.48,0.0
20130121:2310,0.0,0.0,0.0,0.0,-1.04,2.07,0.0
20130122:0010,0.0,0.0,0.0,0.0,-1.41,2.41,0.0
20130122:0110,0.0,0.0,0.0,0.0,-1.31,2.62,0.0
20130122:0210,0.0,0.0,0.0,0.0,-0.84,2.41,0.0
20130122:0310,0.0,0.0,0.0,0.0,-0.41,2.34,0.0
20130122:0410,0.0,0.0,0.0,0.0,-0.33,2.28,0.0
20130122:0510,0.0,0.0,0.0,0.0,-0.3,2.21,0.0
20130122:0610,0.0,0.0,0.0,0.0,-0.46,2.41,0.0
20130122:0710,0.0,0.0,0.0,0.0,-0.4,2.76,0.0
20130122:0810,4.0,25.06,0.0,4.49,-0.33,3.31,0.0
20130122:0910,7.0,80.0,0.0,11.73,0.16,3.31,0.0
20130122:1010,0.0,51.0,0.0,17.3,0.78,3.66,0.0
20130122:1110,0.0,49.0,0.0,20.72,1.26,3.86,0.0
20130122:1210,8.0,149.0,0.0,21.66,1.72,3.59,0.0
20130122:1310,0.0,69.0,0.0,19.99,2.23,3.79,0.0
20130122:1410,0.0,81.0,0.0,15.91,2.74,3.79,0.0
20130122:1510,13.0,69.0,0.0,9.81,2.94,3.52,0.0
20130122:1610,0.0,2.0,0.0,2.17,2.63,3.31,0.0
20130122:1710,0.0,0.0,0.0,0.0,2.29,3.1,0.0
20130122:1810,0.0,0.0,0.0,0.0,2.28,2.9,0.0
20130122:1910,0.0,0.0,0.0,0.0,2.06,2.76,0.0
20130122:2010,0.0,0.0,0.0,0.0,2.23,2.83,0.0
20130122:2110,0.0,0.0,0.0,0.0,2.15,2.83,0.0
20130122:2210,0.0,0.0,0.0,0.0,2.04,2.55,0.0
20130122:2310,0.0,0.0,0.0,0.0,1.82,2.21,0.0
20130123:0010,0.0,0.0,0.0,0.0,1.52,2.07,0.0
20130123:0110,0.0,0.0,0.0,0.0,1.45,1.86,0.0
20130123:0210,0.0,0.0,0.0,0.0,1.32,1.72,0.0
20130123:0310,0.0,0.0,0.0,0.0,1.1,1.52,0.0
20130123:0410,0.0,0.0,0.0,0.0,0.84,1.31,0.0
20130123:0510,0.0,0.0,0.0,0.0,0.64,1.31,0.0
20130123:0610,0.0,0.0,0.0,0.0,0.33,1.31,0.0
20130123:0710,0.0,0.0,0.0,0.0,0.69,0.83,0.0
20130123:0810,0.0,8.0,0.0,4.65,0.56,0.9,0.0
20130123:0910,0.0,26.0,0.0,11.91,1.59,0.55,0.0
20130123:1010,0.0,84.0,0.0,17.5,2.46,0.41,0.0
20130123:1110,0.0,63.0,0.0,20.94,3.52,0.28,0.0
20130123:1210,3.0,138.0,0.0,21.89,4.28,0.41,0.0
20130123:1310,0.0,72.0,0.0,20.23,3.57,0.9,0.0
20130123:1410,0.0,62.0,0.0,16.15,3.87,0.97,0.0
20130123:1510,0.0,12.0,0.0,10.05,4.68,0.62,0.0
20130123:1610,0.0,2.0,0.0,2.4,2.19,1.24,0.0
20130123:1710,0.0,0.0,0.0,0.0,1.87,1.86,0.0
20130123:1810,0.0,0.0,0.0,0.0,1.41,2.0,0.0
20130123:1910,0.0,0.0,0.0,0.0,1.45,1.72,0.0
20130123:2010,0.0,0.0,0.0,0.0,1.35,1.79,0.0
20130123:2110,0.0,0.0,0.0,0.0,1.12,1.93,0.0
20130123:2210,0.0,0.0,0.0,0.0,1.2,2.14,0.0
20130123:2310,0.0,0.0,0.0,0.0,1.12,2.28,0.0
20130124:0010,0.0,0.0,0.0,0.0,1.18,2.14,0.0
20130124:0110,0.0,0.0,0.0,0.0,1.14,1.86,0.0
20130124:0210,0.0,0.0,0.0,0.0,1.22,1.66,0.0
20130124:0310,0.0,0.0,0.0,0.0,1.12,1.52,0.0
20130124:0410,0.0,0.0,0.0,0.0,1.08,1.59,0.0
20130124:0510,0.0,0.0,0.0,0.0,1.03,1.79,0.0
20130124:0610,0.0,0.0,0.0,0.0,0.96,1.93,0.0
20130124:0710,0.0,0.0,0.0,0.0,1.1,2.0,0.0
20130124:0810,3.0,26.31,0.0,4.81,1.03,2.28,0.0
20130124:0910,12.0,88.0,0.0,12.09,1.09,2.62,0.0
20130124:1010,3.0,111.0,0.0,17.7,1.44,4.0,0.0
20130124:1110,0.0,88.0,0.0,21.17,1.81,3.86,0.0
20130124:1210,0.0,108.0,0.0,22.13,1.91,3.86,0.0
20130124:1310,1.0,111.0,0.0,20.47,2.0,3.79,0.0
20130124:1410,0.0,72.0,0.0,16.39,1.94,3.24,0.0
20130124:1510,26.0,76.0,0.0,10.28,1.8,3.17,0.0
20130124:1610,0.0,10.0,0.0,2.63,1.2,3.45,0.0
20130124:1710,0.0,0.0,0.0,0.0,0.39,3.52,0.0
20130124:1810,0.0,0.0,0.0,0.0,-0.3,3.59,0.0
20130124:1910,0.0,0.0,0.0,0.0,-1.52,3.38,0.0
20130124:2010,0.0,0.0,0.0,0.0,-1.93,3.38,0.0
20130124:2110,0.0,0.0,0.0,0.0,-2.26,3.03,0.0
20130124:2210,0.0,0.0,0.0,0.0,-2.37,2.83,0.0
20130124:2310,0.0,0.0,0.0,0.0,-2.37,2.34,0.0
20130125:0010,0.0,0.0,0.0,0.0,-2.51,2.48,0.0
20130125:0110,0.0,0.0,0.0,0.0,-2.68,2.48,0.0
20130125:0210,0.0,0.0,0.0,0.0,-2.79,2.28,0.0
20130125:0310,0.0,0.0,0.0,0.0,-2.87,2.14,0.0
20130125:0410,0.0,0.0,0.0,0.0,-3.05,1.72,0.0
20130125:0510,0.0,0.0,0.0,0.0,-3.44,1.52,0.0
20130125:0610,0.0,0.0,0.0,0.0,-4.14,1.31,0.0
20130125:0710,0.0,0.0,0.0,0.0,-4.0,1.17,0.0
20130125:0810,2.0,26.56,0.0,4.98,-3.92,1.1,0.0
20130125:0910,1.0,69.0,0.0,12.28,-3.11,0.83,0.0
20130125:1010,0.0,57.0,0.0,17.91,-2.96,0.62,0.0
20130125:1110,0.0,69.0,0.0,21.4,-1.88,1.45,0.0
20130125:1210,0.0,65.0,0.0,22.37,-1.46,1.72,0.0
20130125:1310,0.0,64.0,0.0,20.72,-1.13,2.0,0.0
20130125:1410,0.0,76.0,0.0,16.64,-0.88,2.28,0.0
20130125:1510,1.0,56.0,0.0,10.53,-0.78,2.34,0.0
20130125:1610,0.0,10.0,0.0,2.86,-0.84,2.41,0.0
20130125:1710,0.0,0.0,0.0,0.0,-1.42,2.14,0.0
20130125:1810,0.0,0.0,0.0,0.0,-1.55,2.28,0.0
20130125:1910,0.0,0.0,0.0,0.0,-1.83,3.1,0.0
20130125:2010,0.0,0.0,0.0,0.0,-1.95,3.52,0.0
20130125:2110,0.0,0.0,0.0,0.0,-2.29,3.72,0.0
20130125:2210,0.0,0.0,0.0,0.0,-2.7,3.79,0.0
20130125:2310,0.0,0.0,0.0,0.0,-2.9,3.86,0.0
20130126:0010,0.0,0.0,0.0,0.0,-2.79,3.72,0.0
20130126:0110,0.0,0.0,0.0,0.0,-2.52,3.31,0.0
20130126:0210,0.0,0.0,0.0,0.0,-2.39,3.24,0.0
20130126:0310,0.0,0.0,0.0,0.0,-2.11,3.17,0.0
20130126:0410,0.0,0.0,0.0,0.0,-1.79,3.17,0.0
20130126:0510,0.0,0.0,0.0,0.0,-1.54,3.1,0.0
20130126:0610,0.0,0.0,0.0,0.0,-1.3,2.97,0.0
20130126:0710,0.0,0.0,0.0,0.0,-1.58,2.83,0.0
20130126:0810,3.0,28.31,0.0,5.15,-1.23,2.83,0.0
20130126:0910,3.0,75.0,0.0,12.48,-0.43,3.03,0.0
20130126:1010,0.0,69.0,0.0,18.13,0.55,2.76,0.0
20130126:1110,0.0,69.0,0.0,21.64,1.44,2.9,0.0
20130126:1210,0.0,88.0,0.0,22.63,1.89,2.48,0.0
20130126:1310,0.0,67.0,0.0,20.98,3.3,2.28,0.0
20130126:1410,0.0,69.0,0.0,16.89,4.23,3.1,0.0
20130126:1510,10.0,75.0,0.0,10.77,4.66,3.31,0.0
20130126:1610,0.0,14.0,0.0,3.1,3.7,2.76,0.0
20130126:1710,0.0,0.0,0.0,0.0,2.32,2.76,0.0
20130126:1810,0.0,0.0,0.0,0.0,1.6,2.41,0.0
20130126:1910,0.0,0.0,0.0,0.0,0.58,2.41,0.0
20130126:2010,0.0,0.0,0.0,0.0,-0.03,2.76,0.0
20130126:2110,0.0,0.0,0.0,0.0,-0.02,3.1,0.0
20130126:2210,0.0,0.0,0.0,0.0,0.23,3.45,0.0
20130126:2310,0.0,0.0,0.0,0.0,0.53,3.93,0.0
20130127:0010,0.0,0.0,0.0,0.0,0.7,4.34,0.0
20130127:0110,0.0,0.0,0.0,0.0,1.53,4.83,0.0
20130127:0210,0.0,0.0,0.0,0.0,2.11,5.24,0.0
20130127:0310,0.0,0.0,0.0,0.0,2.52,5.72,0.0
20130127:0410,0.0,0.0,0.0,0.0,2.75,6.0,0.0
20130127:0510,0.0,0.0,0.0,0.0,3.04,6.48,0.0
20130127:0610,0.0,0.0,0.0,0.0,3.88,6.83,0.0
20130127:0710,0.0,0.0,0.0,0.0,3.91,6.83,0.0
20130127:0810,1.0,23.82,0.0,5.33,4.31,7.1,0.0
20130127:0910,0.0,40.0,0.0,12.68,4.66,7.24,0.0
20130127:1010,0.0,65.0,0.0,18.36,5.06,6.97,0.0
20130127:1110,0.0,89.0,0.0,21.88,5.72,6.55,0.0
20130127:1210,21.0,175.0,0.0,22.88,6.51,5.93,0.0
20130127:1310,167.01,134.0,0.0,21.24,7.29,5.17,0.0
20130127:1410,185.01,77.0,0.0,17.15,7.89,4.07,0.0
20130127:1510,53.0,75.0,0.0,11.02,7.89,3.03,0.0
20130127:1610,0.0,16.0,0.0,3.34,7.43,2.62,0.0
20130127:1710,0.0,0.0,0.0,0.0,6.16,2.83,0.0
20130127:1810,0.0,0.0,0.0,0.0,5.07,2.83,0.0
20130127:1910,0.0,0.0,0.0,0.0,4.71,2.76,0.0
20130127:2010,0.0,0.0,0.0,0.0,3.93,2.76,0.0
20130127:2110,0.0,0.0,0.0,0.0,3.3,2.83,0.0
20130127:2210,0.0,0.0,0.0,0.0,2.95,2.69,0.0
20130127:2310,0.0,0.0,0.0,0.0,2.65,2.83,0.0
20130128:0010,0.0,0.0,0.0,0.0,2.29,3.1,0.0
20130128:0110,0.0,0.0,0.0,0.0,2.13,3.38,0.0
20130128:0210,0.0,0.0,0.0,0.0,1.99,3.38,0.0
20130128:0310,0.0,0.0,0.0,0.0,1.76,3.45,0.0
20130128:0410,0.0,0.0,0.0,0.0,1.57,3.45,0.0
20130128:0510,0.0,0.0,0.0,0.0,1.56,3.31,0.0
20130128:0610,0.0,0.0,0.0,0.0,1.65,3.24,0.0
20130128:0710,0.0,0.0,0.0,0.0,3.72,3.45,0.0
20130128:0810,38.0,20.14,0.0,5.52,3.96,3.52,0.0
20130128:0910,147.01,52.0,0.0,12.89,4.67,3.59,0.0
20130128:1010,219.01,77.0,0.0,18.58,5.8,3.45,0.0
20130128:1110,277.01,85.0,0.0,22.13,7.11,5.03,0.0
20130128:1210,305.01,82.0,0.0,23.14,7.9,4.76,0.0
20130128:1310,221.01,110.0,0.0,21.51,8.4,4.55,0.0
20130128:1410,138.01,107.0,0.0,17.41,8.69,5.17,0.0
20130128:1510,0.0,48.0,0.0,11.27,8.39,4.76,0.0
20130128:1610,0.0,19.0,0.0,3.58,7.71,5.03,0.0
20130128:1710,0.0,0.0,0.0,0.0,7.26,5.72,0.0
20130128:1810,0.0,0.0,0.0,0.0,7.16,6.21,0.0
20130128:1910,0.0,0.0,0.0,0.0,7.7,6.34,0.0
20130128:2010,0.0,0.0,0.0,0.0,7.93,6.76,0.0
20130128:2110,0.0,0.0,0.0,0.0,8.56,7.38,0.0
20130128:2210,0.0,0.0,0.0,0.0,9.04,7.59,0.0
20130128:2310,0.0,0.0,0.0,0.0,9.41,7.45,0.0
20130129:0010,0.0,0.0,0.0,0.0,9.7,7.24,0.0
20130129:0110,0.0,0.0,0.0,0.0,9.84,7.1,0.0
20130129:0210,0.0,0.0,0.0,0.0,9.86,7.03,0.0
20130129:0310,0.0,0.0,0.0,0.0,9.8,6.83,0.0
20130129:0410,0.0,0.0,0.0,0.0,9.77,6.83,0.0
20130129:0510,0.0,0.0,0.0,0.0,9.82,7.03,0.0
20130129:0610,0.0,0.0,0.0,0.0,9.96,7.52,0.0
20130129:0710,0.0,0.0,0.0,0.0,9.8,7.86,0.0
20130129:0810,0.0,24.0,0.0,5.71,9.77,8.0,0.0
20130129:0910,3.0,79.0,0.0,13.1,9.7,8.21,0.0
20130129:1010,11.0,132.0,0.0,18.82,9.65,8.28,0.0
20130129:1110,0.0,94.0,0.0,22.38,9.77,8.07,0.0
20130129:1210,0.0,74.0,0.0,23.41,9.88,7.86,0.0
20130129:1310,0.0,36.0,0.0,21.78,10.04,7.72,0.0
20130129:1410,18.0,131.0,0.0,17.68,10.6,7.24,0.0
20130129:1510,2.0,66.0,0.0,11.53,11.15,6.69,0.0
20130129:1610,1.0,15.83,0.0,3.82,11.5,6.34,0.0
20130129:1710,0.0,0.0,0.0,0.0,11.57,6.34,0.0
20130129:1810,0.0,0.0,0.0,0.0,11.58,6.48,0.0
20130129:1910,0.0,0.0,0.0,0.0,11.6,6.9,0.0
20130129:2010,0.0,0.0,0.0,0.0,11.9,7.24,0.0
20130129:2110,0.0,0.0,0.0,0.0,12.11,7.31,0.0
20130129:2210,0.0,0.0,0.0,0.0,12.02,7.03,0.0
20130129:2310,0.0,0.0,0.0,0.0,11.82,7.31,0.0
20130130:0010,0.0,0.0,0.0,0.0,11.9,7.79,0.0
20130130:0110,0.0,0.0,0.0,0.0,12.34,7.79,0.0
20130130:0210,0.0,0.0,0.0,0.0,12.49,7.52,0.0
20130130:0310,0.0,0.0,0.0,0.0,12.2,7.86,0.0
20130130:0410,0.0,0.0,0.0,0.0,12.45,8.48,0.0
20130130:0510,0.0,0.0,0.0,0.0,12.86,8.69,0.0
20130130:0610,0.0,0.0,0.0,0.0,13.05,8.69,0.0
20130130:0710,0.0,0.0,0.0,0.0,12.81,7.86,0.0
20130130:0810,3.0,34.0,0.0,5.91,13.01,8.21,0.0
20130130:0910,0.0,66.0,0.0,13.32,13.08,8.14,0.0
20130130:1010,0.0,42.0,0.0,19.06,12.97,8.0,0.0
20130130:1110,0.0,50.0,0.0,22.65,12.77,7.93,0.0
20130130:1210,0.0,34.0,0.0,23.68,12.15,7.52,0.0
20130130:1310,7.0,147.0,0.0,22.05,11.98,7.24,0.0
20130130:1410,1.0,93.0,0.0,17.95,11.71,6.48,0.0
20130130:1510,104.01,58.0,0.0,11.79,11.62,5.93,0.0
20130130:1610,12.0,19.36,0.0,4.07,11.05,5.59,0.0
20130130:1710,0.0,0.0,0.0,0.0,9.94,5.24,0.0
20130130:1810,0.0,0.0,0.0,0.0,9.06,5.1,0.0
20130130:1910,0.0,0.0,0.0,0.0,8.6,5.24,0.0
20130130:2010,0.0,0.0,0.0,0.0,8.11,4.97,0.0
20130130:2110,0.0,0.0,0.0,0.0,7.5,4.69,0.0
20130130:2210,0.0,0.0,0.0,0.0,6.93,4.41,0.0
20130130:2310,0.0,0.0,0.0,0.0,6.36,4.07,0.0
20130131:0010,0.0,0.0,0.0,0.0,5.78,3.86,0.0
20130131:0110,0.0,0.0,0.0,0.0,5.16,3.59,0.0
20130131:0210,0.0,0.0,0.0,0.0,4.48,3.52,0.0
20130131:0310,0.0,0.0,0.0,0.0,4.1,3.72,0.0
20130131:0410,0.0,0.0,0.0,0.0,3.89,3.93,0.0
20130131:0510,0.0,0.0,0.0,0.0,3.85,4.28,0.0
20130131:0610,0.0,0.0,0.0,0.0,3.96,4.83,0.0
20130131:0710,0.0,0.0,0.0,0.0,3.79,4.83,0.0
20130131:0810,2.0,33.0,0.0,6.11,4.14,5.72,0.0
20130131:0910,12.0,98.0,0.0,13.54,4.92,6.14,0.0
20130131:1010,17.0,146.0,0.0,19.31,6.04,6.62,0.0
20130131:1110,27.0,180.0,0.0,22.91,7.15,7.03,0.0
20130131:1210,20.0,183.0,0.0,23.96,8.27,7.86,0.0
20130131:1310,5.0,146.0,0.0,22.33,9.52,7.93,0.0
20130131:1410,0.0,96.0,0.0,18.22,10.18,6.97,0.0
20130131:1510,108.01,62.0,0.0,12.05,10.32,6.41,0.0
20130131:1610,5.0,22.87,0.0,4.32,10.19,5.59,0.0
20130131:1710,0.0,0.0,0.0,0.0,9.59,4.83,0.0
20130131:1810,0.0,0.0,0.0,0.0,9.16,4.55,0.0
20130131:1910,0.0,0.0,0.0,0.0,8.56,4.28,0.0
20130131:2010,0.0,0.0,0.0,0.0,8.08,3.86,0.0
20130131:2110,0.0,0.0,0.0,0.0,7.99,3.72,0.0
20130131:2210,0.0,0.0,0.0,0.0,8.06,3.86,0.0
20130131:2310,0.0,0.0,0.0,0.0,8.23,3.93,0.0
20130201:0010,0.0,0.0,0.0,0.0,8.18,4.21,0.0
20130201:0110,0.0,0.0,0.0,0.0,8.25,4.07,0.0
20130201:0210,0.0,0.0,0.0,0.0,8.21,3.79,0.0
20130201:0310,0.0,0.0,0.0,0.0,8.06,2.97,0.0
20130201:0410,0.0,0.0,0.0,0.0,7.85,2.55,0.0
20130201:0510,0.0,0.0,0.0,0.0,7.96,3.66,0.0
20130201:0610,0.0,0.0,0.0,0.0,8.06,5.52,0.0
20130201:0710,0.0,0.0,0.0,0.0,7.89,5.24,0.0
20130201:0810,2.0,33.0,0.0,6.32,7.59,4.62,0.0
20130201:0910,0.0,60.0,0.0,13.78,7.73,4.14,0.0
20130201:1010,0.0,61.0,0.0,19.56,7.96,3.93,0.0
20130201:1110,0.0,57.0,0.0,23.18,8.42,3.72,0.0
20130201:1210,0.0,56.0,0.0,24.24,9.27,3.03,0.0
20130201:1310,0.0,99.0,0.0,22.62,10.15,4.62,0.0
20130201:1410,0.0,56.0,0.0,18.5,10.6,4.34,0.0
20130201:1510,0.0,52.0,0.0,12.31,10.69,4.21,0.0
20130201:1610,1.0,18.83,0.0,4.57,10.54,4.62,0.0
20130201:1710,0.0,0.0,0.0,0.0,10.02,4.55,0.0
20130201:1810,0.0,0.0,0.0,0.0,8.79,4.97,0.0
20130201:1910,0.0,0.0,0.0,0.0,6.86,4.9,0.0
20130201:2010,0.0,0.0,0.0,0.0,5.87,4.55,0.0
20130201:2110,0.0,0.0,0.0,0.0,5.4,4.14,0.0
20130201:2210,0.0,0.0,0.0,0.0,5.22,3.86,0.0
20130201:2310,0.0,0.0,0.0,0.0,5.22,3.72,0.0
20130202:0010,0.0,0.0,0.0,0.0,5.12,3.66,0.0
20130202:0110,0.0,0.0,0.0,0.0,4.94,3.24,0.0
20130202:0210,0.0,0.0,0.0,0.0,4.31,2.48,0.0
20130202:0310,0.0,0.0,0.0,0.0,3.79,2.28,0.0
20130202:0410,0.0,0.0,0.0,0.0,3.62,2.28,0.0
20130202:0510,0.0,0.0,0.0,0.0,3.41,2.41,0.0
20130202:0610,0.0,0.0,0.0,0.0,3.39,2.69,0.0
20130202:0710,0.0,0.0,0.0,0.0,2.16,3.52,0.0
20130202:0810,4.0,40.0,0.0,6.54,2.42,4.21,0.0
20130202:0910,5.0,93.0,0.0,14.01,3.52,4.28,0.0
20130202:1010,1.0,108.0,0.0,19.82,4.5,6.97,0.0
20130202:1110,4.0,152.0,0.0,23.46,5.03,7.31,0.0
20130202:1210,39.0,200.0,0.0,24.53,5.6,6.69,0.0
20130202:1310,258.01,109.0,0.0,22.91,5.99,6.55,0.0
20130202:1410,0.0,26.0,0.0,18.78,5.37,7.17,0.0
20130202:1510,139.01,54.0,0.0,12.58,5.12,7.24,0.0
20130202:1610,0.0,5.0,0.0,4.83,4.52,6.62,0.0
20130202:1710,0.0,0.0,0.0,0.0,3.66,5.79,0.0
20130202:1810,0.0,0.0,0.0,0.0,2.91,5.45,0.0
20130202:1910,0.0,0.0,0.0,0.0,2.33,5.45,0.0
20130202:2010,0.0,0.0,0.0,0.0,1.92,5.17,0.0
20130202:2110,0.0,0.0,0.0,0.0,1.75,4.69,0.0
20130202:2210,0.0,0.0,0.0,0.0,1.4,4.28,0.0
20130202:2310,0.0,0.0,0.0,0.0,1.05,4.07,0.0
20130203:0010,0.0,0.0,0.0,0.0,0.79,3.66,0.0
20130203:0110,0.0,0.0,0.0,0.0,0.59,3.72,0.0
20130203:0210,0.0,0.0,0.0,0.0,0.21,3.24,0.0
20130203:0310,0.0,0.0,0.0,0.0,-0.21,3.03,0.0
20130203:0410,0.0,0.0,0.0,0.0,-0.73,2.83,0.0
20130203:0510,0.0,0.0,0.0,0.0,-1.03,2.83,0.0
20130203:0610,0.0,0.0,0.0,0.0,-1.27,2.62,0.0
20130203:0710,0.0,0.0,0.0,0.0,-0.96,2.41,0.0
20130203:0810,0.0,32.0,0.0,6.76,-0.46,2.41,0.0
20130203:0910,0.0,62.0,0.0,14.26,0.82,2.48,0.0
20130203:1010,107.0,151.0,0.0,20.08,2.35,2.97,0.0
20130203:1110,92.0,191.0,0.0,23.74,3.78,3.52,0.0
20130203:1210,10.0,177.0,0.0,24.83,4.85,4.41,0.0
20130203:1310,5.0,152.0,0.0,23.2,5.27,4.76,0.0
20130203:1410,8.0,133.0,0.0,19.06,5.57,4.97,0.0
20130203:1510,3.0,79.0,0.0,12.85,5.51,4.9,0.0
20130203:1610,2.0,25.58,0.0,5.08,5.18,4.9,0.0
20130203:1710,0.0,0.0,0.0,0.0,4.85,4.9,0.0
20130203:1810,0.0,0.0,0.0,0.0,4.85,5.1,0.0
20130203:1910,0.0,0.0,0.0,0.0,4.66,5.1,0.0
20130203:2010,0.0,0.0,0.0,0.0,4.93,5.1,0.0
20130203:2110,0.0,0.0,0.0,0.0,5.15,5.31,0.0
20130203:2210,0.0,0.0,0.0,0.0,5.63,5.45,0.0
20130203:2310,0.0,0.0,0.0,0.0,6.09,5.38,0.0
20130204:0010,0.0,0.0,0.0,0.0,6.52,5.24,0.0
20130204:0110,0.0,0.0,0.0,0.0,6.96,5.1,0.0
20130204:0210,0.0,0.0,0.0,0.0,7.37,5.1,0.0
20130204:0310,0.0,0.0,0.0,0.0,7.76,5.17,0.0
20130204:0410,0.0,0.0,0.0,0.0,8.04,5.24,0.0
20130204:0510,0.0,0.0,0.0,0.0,8.17,5.31,0.0
20130204:0610,0.0,0.0,0.0,0.0,8.03,5.17,0.0
20130204:0710,0.0,0.0,0.0,0.0,8.36,4.76,0.0
20130204:0810,9.0,46.0,0.0,6.99,8.47,4.69,0.0
20130204:0910,0.0,67.0,0.0,14.5,8.62,4.69,0.0
20130204:1010,8.0,138.0,0.0,20.35,8.91,4.76,0.0
20130204:1110,0.0,69.0,0.0,24.03,9.22,5.03,0.0
20130204:1210,7.0,169.0,0.0,25.12,9.43,5.38,0.0
20130204:1310,0.0,98.0,0.0,23.5,10.01,5.93,0.0
20130204:1410,40.0,153.0,0.0,19.35,10.7,5.66,0.0
20130204:1510,7.0,88.0,0.0,13.13,10.38,5.66,0.0
20130204:1610,7.0,30.29,0.0,5.34,9.38,4.97,0.0
20130204:1710,0.0,0.0,0.0,0.0,8.36,4.48,0.0
20130204:1810,0.0,0.0,0.0,0.0,7.64,4.07,0.0
20130204:1910,0.0,0.0,0.0,0.0,7.74,4.14,0.0
20130204:2010,0.0,0.0,0.0,0.0,7.36,4.07,0.0
20130204:2110,0.0,0.0,0.0,0.0,6.92,4.14,0.0
20130204:2210,0.0,0.0,0.0,0.0,6.71,4.41,0.0
20130204:2310,0.0,0.0,0.0,0.0,6.45,4.55,0.0
20130205:0010,0.0,0.0,0.0,0.0,6.24,4.69,0.0
20130205:0110,0.0,0.0,0.0,0.0,6.21,5.03,0.0
20130205:0210,0.0,0.0,0.0,0.0,6.26,5.59,0.0
20130205:0310,0.0,0.0,0.0,0.0,6.07,6.07,0.0
20130205:0410,0.0,0.0,0.0,0.0,5.95,6.48,0.0
20130205:0510,0.0,0.0,0.0,0.0,5.95,7.1,0.0
20130205:0610,0.0,0.0,0.0,0.0,5.9,8.07,0.0
20130205:0710,0.0,0.0,0.0,0.0,5.54,7.86,0.0
20130205:0810,0.0,12.0,0.0,7.22,4.68,7.1,0.0
20130205:0910,0.0,53.0,0.0,14.76,4.71,5.72,0.0
20130205:1010,36.0,166.0,0.0,20.63,5.01,4.9,0.0
20130205:1110,106.0,194.0,0.0,24.32,5.32,6.28,0.0
20130205:1210,22.0,196.0,0.0,25.42,5.8,6.9,0.0
20130205:1310,65.0,196.0,0.0,23.8,6.16,7.1,0.0
20130205:1410,0.0,28.0,0.0,19.64,5.33,7.1,0.0
20130205:1510,133.01,64.0,0.0,13.4,4.28,6.55,0.0
20130205:1610,31.0,23.22,0.0,5.6,3.4,6.28,0.0
20130205:1710,0.0,0.0,0.0,0.0,3.01,5.1,0.0
20130205:1810,0.0,0.0,0.0,0.0,2.49,5.24,0.0
20130205:1910,0.0,0.0,0.0,0.0,2.51,4.76,0.0
20130205:2010,0.0,0.0,0.0,0.0,2.17,4.9,0.0
20130205:2110,0.0,0.0,0.0,0.0,2.09,4.97,0.0
20130205:2210,0.0,0.0,0.0,0.0,1.98,5.24,0.0
20130205:2310,0.0,0.0,0.0,0.0,1.96,5.79,0.0
20130206:0010,0.0,0.0,0.0,0.0,1.92,6.62,0.0
20130206:0110,0.0,0.0,0.0,0.0,1.88,6.9,0.0
20130206:0210,0.0,0.0,0.0,0.0,2.22,6.55,0.0
20130206:0310,0.0,0.0,0.0,0.0,2.78,5.93,0.0
20130206:0410,0.0,0.0,0.0,0.0,3.43,5.86,0.0
20130206:0510,0.0,0.0,0.0,0.0,3.7,5.72,0.0
20130206:0610,0.0,0.0,0.0,0.0,3.71,5.45,0.0
20130206:0710,0.0,0.0,0.0,0.0,3.53,4.76,0.0
20130206:0810,0.0,24.0,0.0,7.46,3.55,4.55,0.0
20130206:0910,36.0,117.0,0.0,15.01,3.76,3.93,0.0
20130206:1010,25.0,164.0,0.0,20.91,4.42,4.76,0.0
20130206:1110,96.0,199.0,0.0,24.62,5.12,5.38,0.0
20130206:1210,291.01,122.0,0.0,25.73,5.53,6.0,0.0
20130206:1310,140.01,180.0,0.0,24.1,5.75,6.48,0.0
20130206:1410,185.01,113.0,0.0,19.93,5.9,6.69,0.0
20130206:1510,77.0,95.0,0.0,13.68,5.74,6.48,0.0
20130206:1610,2.0,31.0,0.0,5.87,5.35,5.59,0.0
20130206:1710,0.0,0.0,0.0,0.0,4.41,5.03,0.0
20130206:1810,0.0,0.0,0.0,0.0,3.41,4.9,0.0
20130206:1910,0.0,0.0,0.0,0.0,2.65,5.59,0.0
20130206:2010,0.0,0.0,0.0,0.0,2.81,6.07,0.0
20130206:2110,0.0,0.0,0.0,0.0,3.05,6.62,0.0
20130206:2210,0.0,0.0,0.0,0.0,2.89,6.69,0.0
20130206:2310,0.0,0.0,0.0,0.0,2.69,6.55,0.0
20130207:0010,0.0,0.0,0.0,0.0,2.43,6.14,0.0
20130207:0110,0.0,0.0,0.0,0.0,2.22,5.86,0.0
20130207:0210,0.0,0.0,0.0,0.0,2.11,5.66,0.0
20130207:0310,0.0,0.0,0.0,0.0,2.07,5.52,0.0
20130207:0410,0.0,0.0,0.0,0.0,2.1,5.52,0.0
20130207:0510,0.0,0.0,0.0,0.0,2.0,5.45,0.0
20130207:0610,0.0,0.0,0.0,0.0,1.95,5.31,0.0
20130207:0710,0.0,0.0,0.0,0.0,1.62,4.83,0.0
20130207:0810,33.0,51.0,0.0,7.7,1.58,4.62,0.0
20130207:0910,4.0,97.0,0.0,15.28,2.15,4.21,0.0
20130207:1010,15.0,159.0,0.0,21.19,3.07,6.62,0.0
20130207:1110,0.0,79.0,0.0,24.92,3.99,6.0,0.0
20130207:1210,0.0,65.0,0.0,26.04,4.42,5.31,0.0
20130207:1310,13.0,180.0,0.0,24.41,4.36,5.1,0.0
20130207:1410,19.0,155.0,0.0,20.23,4.81,5.38,0.0
20130207:1510,49.0,106.0,0.0,13.96,4.77,4.97,0.0
20130207:1610,16.0,40.0,0.0,6.13,4.46,4.0,0.0
20130207:1710,0.0,0.0,0.0,0.0,3.49,3.03,0.0
20130207:1810,0.0,0.0,0.0,0.0,2.4,2.55,0.0
20130207:1910,0.0,0.0,0.0,0.0,1.93,2.34,0.0
20130207:2010,0.0,0.0,0.0,0.0,1.35,2.21,0.0
20130207:2110,0.0,0.0,0.0,0.0,0.77,2.14,0.0
20130207:2210,0.0,0.0,0.0,0.0,0.51,2.0,0.0
20130207:2310,0.0,0.0,0.0,0.0,0.3,1.93,0.0
20130208:0010,0.0,0.0,0.0,0.0,0.08,1.93,0.0
20130208:0110,0.0,0.0,0.0,0.0,-0.21,1.93,0.0
20130208:0210,0.0,0.0,0.0,0.0,-0.49,1.93,0.0
20130208:0310,0.0,0.0,0.0,0.0,-0.77,2.0,0.0
20130208:0410,0.0,0.0,0.0,0.0,-1.07,2.07,0.0
20130208:0510,0.0,0.0,0.0,0.0,-1.24,2.14,0.0
20130208:0610,0.0,0.0,0.0,0.0,-1.54,2.21,0.0
20130208:0710,0.0,0.0,0.0,0.0,-2.26,2.28,0.0
20130208:0810,65.0,40.0,0.0,7.95,-2.0,2.14,0.0
20130208:0910,177.01,68.0,0.0,15.55,-0.02,2.21,0.0
20130208:1010,274.01,84.0,0.0,21.48,2.0,2.9,0.0
20130208:1110,228.01,153.0,0.0,25.23,3.52,4.0,0.0
20130208:1210,81.0,219.0,0.0,26.36,4.39,4.28,0.0
20130208:1310,32.0,199.0,0.0,24.72,4.92,4.34,0.0
20130208:1410,0.0,47.0,0.0,20.53,5.27,4.34,0.0
20130208:1510,0.0,73.0,0.0,14.24,4.93,4.14,0.0
20130208:1610,22.0,41.0,0.0,6.4,4.07,3.72,0.0
20130208:1710,0.0,0.0,0.0,0.0,2.95,3.17,0.0
20130208:1810,0.0,0.0,0.0,0.0,2.04,3.1,0.0
20130208:1910,0.0,0.0,0.0,0.0,1.51,3.03,0.0
20130208:2010,0.0,0.0,0.0,0.0,0.82,2.69,0.0
20130208:2110,0.0,0.0,0.0,0.0,0.37,2.55,0.0
20130208:2210,0.0,0.0,0.0,0.0,0.06,2.41,0.0
20130208:2310,0.0,0.0,0.0,0.0,-0.43,2.28,0.0
20130209:0010,0.0,0.0,0.0,0.0,-0.38,1.93,0.0
20130209:0110,0.0,0.0,0.0,0.0,-0.54,1.72,0.0
20130209:0210,0.0,0.0,0.0,0.0,-1.02,1.86,0.0
20130209:0310,0.0,0.0,0.0,0.0,-1.04,1.72,0.0
20130209:0410,0.0,0.0,0.0,0.0,-1.01,1.66,0.0
20130209:0510,0.0,0.0,0.0,0.0,-0.89,1.38,0.0
20130209:0610,0.0,0.0,0.0,0.0,-1.1,1.03,0.0
20130209:0710,0.0,0.0,0.0,0.0,-0.51,1.24,0.0
20130209:0810,3.0,48.0,0.0,8.21,-0.28,1.52,0.0
20130209:0910,0.0,67.0,0.0,15.82,0.56,2.14,0.0
20130209:1010,5.0,142.0,0.0,21.78,1.48,1.93,0.0
20130209:1110,1.0,146.0,0.0,25.54,2.5,1.93,0.0
20130209:1210,0.0,110.0,0.0,26.68,3.08,1.72,0.0
20130209:1310,0.0,83.0,0.0,25.04,3.57,1.52,0.0
20130209:1410,40.0,169.0,0.0,20.83,3.76,1.38,0.0
20130209:1510,120.01,85.0,0.0,14.53,3.75,1.17,0.0
20130209:1610,53.0,32.0,0.0,6.66,3.55,0.97,0.0
20130209:1710,0.0,0.0,0.0,0.0,2.65,0.97,0.0
20130209:1810,0.0,0.0,0.0,0.0,0.45,1.38,0.0
20130209:1910,0.0,0.0,0.0,0.0,-0.93,2.07,0.0
20130209:2010,0.0,0.0,0.0,0.0,-1.42,2.21,0.0
20130209:2110,0.0,0.0,0.0,0.0,-1.68,2.41,0.0
20130209:2210,0.0,0.0,0.0,0.0,-1.62,2.62,0.0
20130209:2310,0.0,0.0,0.0,0.0,-1.53,2.76,0.0
20130210:0010,0.0,0.0,0.0,0.0,-1.52,2.97,0.0
20130210:0110,0.0,0.0,0.0,0.0,-1.39,3.1,0.0
20130210:0210,0.0,0.0,0.0,0.0,-1.36,3.17,0.0
20130210:0310,0.0,0.0,0.0,0.0,-1.37,3.17,0.0
20130210:0410,0.0,0.0,0.0,0.0,-1.27,3.17,0.0
20130210:0510,0.0,0.0,0.0,0.0,-1.02,3.24,0.0
20130210:0610,0.0,0.0,0.0,0.0,-0.89,3.45,0.0
20130210:0710,0.0,0.0,0.0,0.0,-0.67,3.66,0.0
20130210:0810,13.0,58.0,0.0,8.46,-0.31,3.66,0.0
20130210:0910,34.0,126.0,0.0,16.1,0.45,4.9,0.0
20130210:1010,9.0,155.0,0.0,22.08,1.28,5.59,0.0
20130210:1110,11.0,183.0,0.0,25.86,2.02,6.0,0.0
20130210:1210,16.0,199.0,0.0,27.0,2.37,5.93,0.0
20130210:1310,0.0,101.0,0.0,25.36,2.27,5.45,0.0
20130210:1410,0.0,66.0,0.0,21.14,1.74,5.17,0.0
20130210:1510,1.0,75.0,0.0,14.82,1.49,5.59,0.0
20130210:1610,2.0,38.0,0.0,6.93,1.24,5.72,0.0
20130210:1710,0.0,0.0,0.0,0.0,1.11,5.79,0.0
20130210:1810,0.0,0.0,0.0,0.0,1.0,5.45,0.0
20130210:1910,0.0,0.0,0.0,0.0,1.5,5.86,0.0
20130210:2010,0.0,0.0,0.0,0.0,2.34,5.45,0.0
20130210:2110,0.0,0.0,0.0,0.0,3.75,5.1,0.0
20130210:2210,0.0,0.0,0.0,0.0,4.82,4.9,0.0
20130210:2310,0.0,0.0,0.0,0.0,5.09,4.41,0.0
20130211:0010,0.0,0.0,0.0,0.0,4.93,3.52,0.0
20130211:0110,0.0,0.0,0.0,0.0,4.82,2.55,0.0
20130211:0210,0.0,0.0,0.0,0.0,4.81,2.83,0.0
20130211:0310,0.0,0.0,0.0,0.0,4.81,3.38,0.0
20130211:0410,0.0,0.0,0.0,0.0,4.58,3.45,0.0
20130211:0510,0.0,0.0,0.0,0.0,4.28,3.52,0.0
20130211:0610,0.0,0.0,0.0,0.0,4.0,3.59,0.0
20130211:0710,0.0,0.0,0.0,0.0,4.32,3.38,0.0
20130211:0810,50.0,54.0,0.0,8.73,4.33,3.03,0.0
20130211:0910,51.0,128.0,0.0,16.38,4.7,2.97,0.0
20130211:1010,5.0,144.0,0.0,22.38,5.19,3.86,0.0
20130211:1110,7.0,178.0,0.0,26.18,5.9,3.66,0.0
20130211:1210,4.0,175.0,0.0,27.33,6.62,3.66,0.0
20130211:1310,3.0,160.0,0.0,25.68,6.96,3.66,0.0
20130211:1410,49.0,172.0,0.0,21.44,7.26,3.38,0.0
20130211:1510,25.0,114.0,0.0,15.1,7.34,3.1,0.0
20130211:1610,5.0,43.0,0.0,7.2,6.9,2.07,0.0
20130211:1710,0.0,0.0,0.0,0.0,6.08,1.86,0.0
20130211:1810,0.0,0.0,0.0,0.0,5.21,2.0,0.0
20130211:1910,0.0,0.0,0.0,0.0,3.83,2.14,0.0
20130211:2010,0.0,0.0,0.0,0.0,2.81,2.0,0.0
20130211:2110,0.0,0.0,0.0,0.0,1.89,2.07,0.0
20130211:2210,0.0,0.0,0.0,0.0,1.2,2.0,0.0
20130211:2310,0.0,0.0,0.0,0.0,0.71,2.07,0.0
20130212:0010,0.0,0.0,0.0,0.0,0.54,2.14,0.0
20130212:0110,0.0,0.0,0.0,0.0,0.74,2.21,0.0
20130212:0210,0.0,0.0,0.0,0.0,1.07,2.28,0.0
20130212:0310,0.0,0.0,0.0,0.0,1.32,2.28,0.0
20130212:0410,0.0,0.0,0.0,0.0,1.45,2.21,0.0
20130212:0510,0.0,0.0,0.0,0.0,1.81,2.14,0.0
20130212:0610,0.0,0.0,0.0,0.0,1.93,2.14,0.0
20130212:0710,0.0,0.0,0.0,0.0,2.35,2.48,0.0
20130212:0810,6.0,57.0,0.0,9.0,2.22,2.62,0.0
20130212:0910,0.0,85.0,0.0,16.67,2.22,2.76,0.0
20130212:1010,0.0,73.0,0.0,22.69,2.17,2.55,0.0
20130212:1110,0.0,111.0,0.0,26.5,2.4,2.34,0.0
20130212:1210,0.0,127.0,0.0,27.66,2.57,2.28,0.0
20130212:1310,0.0,120.0,0.0,26.0,2.85,2.28,0.0
20130212:1410,0.0,83.0,0.0,21.75,3.05,2.41,0.0
20130212:1510,0.0,75.0,0.0,15.39,3.1,2.41,0.0
20130212:1610,1.0,40.0,0.0,7.48,2.92,2.34,0.0
20130212:1710,0.0,0.0,0.0,0.0,2.73,2.07,0.0
20130212:1810,0.0,0.0,0.0,0.0,2.54,1.93,0.0
20130212:1910,0.0,0.0,0.0,0.0,1.53,2.07,0.0
20130212:2010,0.0,0.0,0.0,0.0,1.33,2.14,0.0
20130212:2110,0.0,0.0,0.0,0.0,1.16,2.07,0.0
20130212:2210,0.0,0.0,0.0,0.0,0.9,2.07,0.0
20130212:2310,0.0,0.0,0.0,0.0,0.7,2.14,0.0
20130213:0010,0.0,0.0,0.0,0.0,0.37,1.93,0.0
20130213:0110,0.0,0.0,0.0,0.0,0.15,1.79,0.0
20130213:0210,0.0,0.0,0.0,0.0,-0.23,1.79,0.0
20130213:0310,0.0,0.0,0.0,0.0,-0.43,1.66,0.0
20130213:0410,0.0,0.0,0.0,0.0,-0.73,1.59,0.0
20130213:0510,0.0,0.0,0.0,0.0,-0.94,1.66,0.0
20130213:0610,0.0,0.0,0.0,0.0,-1.28,1.72,0.0
20130213:0710,0.0,0.0,0.0,0.0,-1.21,1.86,0.0
20130213:0810,4.0,57.0,0.0,9.27,-0.96,2.0,0.0
20130213:0910,2.0,103.0,0.0,16.97,-0.39,2.28,0.0
20130213:1010,0.0,94.0,0.0,23.01,0.09,2.0,0.0
20130213:1110,0.0,114.0,0.0,26.83,0.52,1.24,0.0
20130213:1210,0.0,130.0,0.0,27.99,0.88,1.1,0.0
20130213:1310,60.0,219.0,0.0,26.33,1.22,1.1,0.0
20130213:1410,185.01,140.0,0.0,22.07,1.45,0.97,0.0
20130213:1510,151.01,83.0,0.0,15.69,1.47,1.45,0.0
20130213:1610,27.0,52.0,0.0,7.75,1.35,1.86,0.0
20130213:1710,0.0,0.0,0.0,0.0,0.95,1.59,0.0
20130213:1810,0.0,0.0,0.0,0.0,0.33,1.79,0.0
20130213:1910,0.0,0.0,0.0,0.0,-0.14,2.41,0.0
20130213:2010,0.0,0.0,0.0,0.0,-0.33,2.62,0.0
20130213:2110,0.0,0.0,0.0,0.0,-0.48,2.97,0.0
20130213:2210,0.0,0.0,0.0,0.0,-0.61,3.1,0.0
20130213:2310,0.0,0.0,0.0,0.0,-0.68,3.24,0.0
20130214:0010,0.0,0.0,0.0,0.0,-0.73,3.17,0.0
20130214:0110,0.0,0.0,0.0,0.0,-0.7,3.03,0.0
20130214:0210,0.0,0.0,0.0,0.0,-0.57,2.9,0.0
20130214:0310,0.0,0.0,0.0,0.0,-0.5,2.83,0.0
20130214:0410,0.0,0.0,0.0,0.0,-0.38,2.97,0.0
20130214:0510,0.0,0.0,0.0,0.0,-0.18,3.17,0.0
20130214:0610,0.0,0.0,0.0,0.0,0.0,3.17,0.0
20130214:0710,0.0,0.0,0.0,0.0,0.23,3.86,0.0
20130214:0810,0.0,25.0,0.0,9.55,0.65,4.07,0.0
20130214:0910,0.0,88.0,0.0,17.26,1.36,3.79,0.0
20130214:1010,0.0,39.0,0.0,23.32,2.24,4.07,0.0
20130214:1110,0.0,85.0,0.0,27.17,3.08,4.21,0.0
20130214:1210,0.0,128.0,0.0,28.33,3.71,4.69,0.0
20130214:1310,0.0,79.0,0.0,26.66,4.67,4.28,0.0
20130214:1410,0.0,58.0,0.0,22.38,5.54,3.59,0.0
20130214:1510,0.0,55.0,0.0,15.98,6.54,2.83,0.0
20130214:1610,7.0,50.0,0.0,8.02,7.2,2.41,0.0
20130214:1710,0.0,0.0,0.0,0.0,6.91,2.9,0.0
20130214:1810,0.0,0.0,0.0,0.0,6.41,3.1,0.0
20130214:1910,0.0,0.0,0.0,0.0,5.6,3.17,0.0
20130214:2010,0.0,0.0,0.0,0.0,5.03,3.31,0.0
20130214:2110,0.0,0.0,0.0,0.0,4.34,3.31,0.0
20130214:2210,0.0,0.0,0.0,0.0,3.67,3.17,0.0
20130214:2310,0.0,0.0,0.0,0.0,3.46,3.1,0.0
20130215:0010,0.0,0.0,0.0,0.0,2.98,3.03,0.0
20130215:0110,0.0,0.0,0.0,0.0,2.8,3.03,0.0
20130215:0210,0.0,0.0,0.0,0.0,2.69,2.97,0.0
20130215:0310,0.0,0.0,0.0,0.0,2.54,2.97,0.0
20130215:0410,0.0,0.0,0.0,0.0,2.41,2.97,0.0
20130215:0510,0.0,0.0,0.0,0.0,2.32,2.9,0.0
20130215:0610,0.0,0.0,0.0,0.0,2.12,2.9,0.0
20130215:0710,0.0,0.0,0.0,0.0,3.08,2.83,0.0
20130215:0810,27.0,71.0,0.0,9.83,3.68,2.69,0.0
20130215:0910,91.0,129.0,0.0,17.57,5.16,3.79,0.0
20130215:1010,11.0,169.0,0.0,23.65,6.39,3.45,0.0
20130215:1110,209.01,184.0,0.0,27.5,7.41,3.1,0.0
20130215:1210,344.01,123.0,0.0,28.67,8.33,3.17,0.0
20130215:1310,253.01,156.0,0.0,27.0,8.86,3.17,0.0
20130215:1410,49.0,185.0,0.0,22.7,9.2,2.97,0.0
20130215:1510,26.0,125.0,0.0,16.28,9.07,2.41,0.0
20130215:1610,8.0,54.0,0.0,8.3,8.61,1.52,0.0
20130215:1710,0.0,0.0,0.0,0.0,7.83,1.52,0.0
20130215:1810,0.0,0.0,0.0,0.0,6.78,1.66,0.0
20130215:1910,0.0,0.0,0.0,0.0,5.36,1.66,0.0
20130215:2010,0.0,0.0,0.0,0.0,4.37,1.79,0.0
20130215:2110,0.0,0.0,0.0,0.0,3.79,1.86,0.0
20130215:2210,0.0,0.0,0.0,0.0,2.99,1.86,0.0
20130215:2310,0.0,0.0,0.0,0.0,2.2,1.79,0.0
20130216:0010,0.0,0.0,0.0,0.0,1.78,1.59,0.0
20130216:0110,0.0,0.0,0.0,0.0,1.08,1.52,0.0
20130216:0210,0.0,0.0,0.0,0.0,0.66,1.52,0.0
20130216:0310,0.0,0.0,0.0,0.0,0.87,1.31,0.0
20130216:0410,0.0,0.0,0.0,0.0,0.85,1.31,0.0
20130216:0510,0.0,0.0,0.0,0.0,0.78,1.24,0.0
20130216:0610,0.0,0.0,0.0,0.0,0.55,1.31,0.0
20130216:0710,0.0,0.0,0.0,0.0,0.26,1.38,0.0
20130216:0810,65.0,62.0,0.0,10.12,0.19,1.17,0.0
20130216:0910,205.01,77.0,0.0,17.87,0.86,0.9,0.0
20130216:1010,304.01,92.0,0.0,23.97,2.02,0.69,0.0
20130216:1110,373.01,98.0,0.0,27.85,3.21,0.62,0.0
20130216:1210,397.01,98.0,0.0,29.02,4.46,0.76,0.0
20130216:1310,7.0,186.0,0.0,27.33,5.73,0.83,0.0
20130216:1410,7.0,156.0,0.0,23.01,6.63,1.1,0.0
20130216:1510,0.0,80.0,0.0,16.57,6.88,1.31,0.0
20130216:1610,26.0,59.0,0.0,8.57,6.66,1.45,0.0
20130216:1710,0.0,0.0,0.0,0.0,6.01,1.59,0.0
20130216:1810,0.0,0.0,0.0,0.0,4.99,1.79,0.0
20130216:1910,0.0,0.0,0.0,0.0,5.04,2.28,0.0
20130216:2010,0.0,0.0,0.0,0.0,4.48,2.28,0.0
20130216:2110,0.0,0.0,0.0,0.0,3.75,2.21,0.0
20130216:2210,0.0,0.0,0.0,0.0,3.04,2.14,0.0
20130216:2310,0.0,0.0,0.0,0.0,2.28,2.21,0.0
20130217:0010,0.0,0.0,0.0,0.0,1.75,2.28,0.0
20130217:0110,0.0,0.0,0.0,0.0,1.35,2.21,0.0
20130217:0210,0.0,0.0,0.0,0.0,0.93,2.28,0.0
20130217:0310,0.0,0.0,0.0,0.0,0.48,2.34,0.0
20130217:0410,0.0,0.0,0.0,0.0,0.22,2.48,0.0
20130217:0510,0.0,0.0,0.0,0.0,-0.17,2.62,0.0
20130217:0610,0.0,0.0,0.0,0.0,-0.54,2.69,0.0
20130217:0710,0.0,0.0,0.0,0.0,-0.02,2.55,0.0
20130217:0810,11.0,73.0,0.0,10.41,0.54,2.28,0.0
20130217:0910,10.0,128.0,0.0,18.18,2.07,2.76,0.0
20130217:1010,9.0,169.0,0.0,24.3,3.85,3.03,0.0
20130217:1110,20.0,215.0,0.0,28.19,5.45,3.31,0.0
20130217:1210,36.0,236.0,0.0,29.37,6.77,3.45,0.0
20130217:1310,327.01,124.0,0.0,27.67,7.68,3.59,0.0
20130217:1410,279.01,100.0,0.0,23.33,8.13,3.86,0.0
20130217:1510,186.01,76.0,0.0,16.87,8.03,4.14,0.0
20130217:1610,30.0,61.0,0.0,8.85,7.37,3.79,0.0
20130217:1710,0.0,0.0,0.0,0.0,5.82,3.79,0.0
20130217:1810,0.0,0.0,0.0,0.0,4.16,3.93,0.0
20130217:1910,0.0,0.0,0.0,0.0,2.96,3.79,0.0
20130217:2010,0.0,0.0,0.0,0.0,2.29,3.66,0.0
20130217:2110,0.0,0.0,0.0,0.0,1.7,3.59,0.0
20130217:2210,0.0,0.0,0.0,0.0,1.18,3.45,0.0
20130217:2310,0.0,0.0,0.0,0.0,0.68,3.24,0.0
20130218:0010,0.0,0.0,0.0,0.0,0.21,3.1,0.0
20130218:0110,0.0,0.0,0.0,0.0,-0.25,3.03,0.0
20130218:0210,0.0,0.0,0.0,0.0,-0.61,2.97,0.0
20130218:0310,0.0,0.0,0.0,0.0,-0.94,2.83,0.0
20130218:0410,0.0,0.0,0.0,0.0,-1.25,2.76,0.0
20130218:0510,0.0,0.0,0.0,0.0,-1.53,2.62,0.0
20130218:0610,0.0,0.0,0.0,0.0,-1.77,2.55,0.0
20130218:0710,0.0,6.0,0.0,1.79,-1.76,2.48,0.0
20130218:0810,103.0,51.0,0.0,10.7,-0.91,2.28,0.0
20130218:0910,220.01,78.0,0.0,18.5,1.24,2.69,0.0
20130218:1010,330.01,89.0,0.0,24.64,3.33,3.1,0.0
20130218:1110,407.01,90.0,0.0,28.54,5.09,3.24,0.0
20130218:1210,451.01,79.0,0.0,29.72,6.55,3.31,0.0
20130218:1310,419.01,78.0,0.0,28.01,7.59,3.38,0.0
20130218:1410,304.01,91.0,0.0,23.66,8.13,3.38,0.0
20130218:1510,198.01,74.0,0.0,17.17,8.19,3.31,0.0
20130218:1610,72.0,49.0,0.0,9.13,7.66,2.76,0.0
20130218:1710,0.0,0.0,0.0,0.0,6.0,2.55,0.0
20130218:1810,0.0,0.0,0.0,0.0,4.12,2.69,0.0
20130218:1910,0.0,0.0,0.0,0.0,2.49,2.55,0.0
20130218:2010,0.0,0.0,0.0,0.0,1.58,2.41,0.0
20130218:2110,0.0,0.0,0.0,0.0,0.72,2.21,0.0
20130218:2210,0.0,0.0,0.0,0.0,-0.21,2.07,0.0
20130218:2310,0.0,0.0,0.0,0.0,-1.11,2.07,0.0
20130219:0010,0.0,0.0,0.0,0.0,-1.9,2.0,0.0
20130219:0110,0.0,0.0,0.0,0.0,-2.5,1.93,0.0
20130219:0210,0.0,0.0,0.0,0.0,-2.92,1.79,0.0
20130219:0310,0.0,0.0,0.0,0.0,-3.1,1.66,0.0
20130219:0410,0.0,0.0,0.0,0.0,-3.47,1.72,0.0
20130219:0510,0.0,0.0,0.0,0.0,-3.64,1.79,0.0
20130219:0610,0.0,0.0,0.0,0.0,-3.6,1.59,0.0
20130219:0710,0.0,8.0,0.0,2.07,-3.7,1.52,0.0
20130219:0810,97.0,56.0,0.0,11.0,-1.89,0.83,0.0
20130219:0910,226.01,77.0,0.0,18.82,0.9,0.69,0.0
20130219:1010,329.01,90.0,0.0,24.98,3.33,0.9,0.0
20130219:1110,406.01,92.0,0.0,28.89,5.5,1.1,0.0
20130219:1210,454.01,78.0,0.0,30.08,7.0,1.03,0.0
20130219:1310,422.01,77.0,0.0,28.36,7.91,0.76,0.0
20130219:1410,311.01,89.0,0.0,23.98,8.48,1.03,0.0
20130219:1510,200.01,75.0,0.0,17.47,8.61,1.52,0.0
20130219:1610,71.0,51.0,0.0,9.41,8.25,1.66,0.0
20130219:1710,0.0,0.0,0.0,0.0,6.87,2.07,0.0
20130219:1810,0.0,0.0,0.0,0.0,4.98,2.21,0.0
20130219:1910,0.0,0.0,0.0,0.0,3.75,2.14,0.0
20130219:2010,0.0,0.0,0.0,0.0,2.57,2.34,0.0
20130219:2110,0.0,0.0,0.0,0.0,1.66,2.41,0.0
20130219:2210,0.0,0.0,0.0,0.0,1.01,2.41,0.0
20130219:2310,0.0,0.0,0.0,0.0,0.46,2.41,0.0
20130220:0010,0.0,0.0,0.0,0.0,0.0,2.48,0.0
20130220:0110,0.0,0.0,0.0,0.0,-0.36,2.41,0.0
20130220:0210,0.0,0.0,0.0,0.0,-0.71,2.28,0.0
20130220:0310,0.0,0.0,0.0,0.0,-0.94,2.28,0.0
20130220:0410,0.0,0.0,0.0,0.0,-1.09,2.41,0.0
20130220:0510,0.0,0.0,0.0,0.0,-1.0,2.55,0.0
20130220:0610,0.0,0.0,0.0,0.0,-0.76,2.69,0.0
20130220:0710,1.0,8.84,0.0,2.36,-0.27,2.55,0.0
20130220:0810,86.0,66.0,0.0,11.31,0.51,2.55,0.0
20130220:0910,69.0,151.0,0.0,19.14,2.47,3.72,0.0
20130220:1010,308.01,106.0,0.0,25.32,4.13,4.0,0.0
20130220:1110,348.01,129.0,0.0,29.25,5.23,4.21,0.0
20130220:1210,157.0,236.0,0.0,30.43,5.95,4.34,0.0
20130220:1310,354.01,118.0,0.0,28.7,6.17,4.55,0.0
20130220:1410,218.01,145.0,0.0,24.3,6.07,4.69,0.0
20130220:1510,120.0,120.0,0.0,17.77,5.72,4.9,0.0
20130220:1610,23.0,70.0,0.0,9.69,5.1,4.76,0.0
20130220:1710,0.0,0.0,0.0,0.0,4.22,4.28,0.0
20130220:1810,0.0,0.0,0.0,0.0,3.31,4.21,0.0
20130220:1910,0.0,0.0,0.0,0.0,3.5,4.14,0.0
20130220:2010,0.0,0.0,0.0,0.0,2.99,4.34,0.0
20130220:2110,0.0,0.0,0.0,0.0,2.35,4.34,0.0
20130220:2210,0.0,0.0,0.0,0.0,1.67,4.07,0.0
20130220:2310,0.0,0.0,0.0,0.0,1.16,3.93,0.0
20130221:0010,0.0,0.0,0.0,0.0,0.44,3.72,0.0
20130221:0110,0.0,0.0,0.0,0.0,-0.03,3.86,0.0
20130221:0210,0.0,0.0,0.0,0.0,-0.92,3.93,0.0
20130221:0310,0.0,0.0,0.0,0.0,-1.8,3.86,0.0
20130221:0410,0.0,0.0,0.0,0.0,-2.41,3.86,0.0
20130221:0510,0.0,0.0,0.0,0.0,-2.82,3.86,0.0
20130221:0610,0.0,0.0,0.0,0.0,-3.12,3.86,0.0
20130221:0710,3.0,12.4,0.0,2.66,-2.85,4.0,0.0
20130221:0810,117.01,55.0,0.0,11.62,-2.11,3.79,0.0
20130221:0910,222.01,91.0,0.0,19.47,-0.91,4.9,0.0
20130221:1010,318.01,110.0,0.0,25.66,0.31,5.1,0.0
20130221:1110,380.01,120.0,0.0,29.61,1.45,5.52,0.0
20130221:1210,113.0,257.0,0.0,30.79,2.22,5.93,0.0
20130221:1310,202.01,209.0,0.0,29.05,2.6,6.0,0.0
20130221:1410,9.0,174.0,0.0,24.63,2.6,6.07,0.0
20130221:1510,4.0,117.0,0.0,18.07,2.38,5.79,0.0
20130221:1610,9.0,69.0,0.0,9.96,1.96,5.45,0.0
20130221:1710,0.0,0.0,0.0,0.0,1.29,4.9,0.0
20130221:1810,0.0,0.0,0.0,0.0,0.52,4.97,0.0
20130221:1910,0.0,0.0,0.0,0.0,-0.04,4.55,0.0
20130221:2010,0.0,0.0,0.0,0.0,-0.29,4.34,0.0
20130221:2110,0.0,0.0,0.0,0.0,-0.64,4.14,0.0
20130221:2210,0.0,0.0,0.0,0.0,-0.8,4.28,0.0
20130221:2310,0.0,0.0,0.0,0.0,-1.21,4.34,0.0
20130222:0010,0.0,0.0,0.0,0.0,-1.67,4.41,0.0
20130222:0110,0.0,0.0,0.0,0.0,-2.41,4.48,0.0
20130222:0210,0.0,0.0,0.0,0.0,-2.84,4.62,0.0
20130222:0310,0.0,0.0,0.0,0.0,-3.2,4.69,0.0
20130222:0410,0.0,0.0,0.0,0.0,-3.49,4.62,0.0
20130222:0510,0.0,0.0,0.0,0.0,-3.71,4.62,0.0
20130222:0610,0.0,0.0,0.0,0.0,-3.89,4.62,0.0
20130222:0710,4.0,14.17,0.0,2.95,-3.66,4.62,0.0
20130222:0810,28.0,91.0,0.0,11.93,-3.08,4.62,0.0
20130222:0910,158.01,129.0,0.0,19.8,-2.06,6.0,0.0
20130222:1010,251.01,152.0,0.0,26.01,-1.35,5.79,0.0
20130222:1110,305.01,168.0,0.0,29.97,-0.51,6.0,0.0
20130222:1210,375.01,141.0,0.0,31.16,0.05,6.14,0.0
20130222:1310,383.01,115.0,0.0,29.4,0.48,6.21,0.0
20130222:1410,77.0,207.0,0.0,24.96,0.7,6.21,0.0
20130222:1510,6.0,125.0,0.0,18.37,0.81,6.34,0.0
20130222:1610,4.0,63.0,0.0,10.24,0.63,5.66,0.0
20130222:1710,0.0,0.0,0.0,0.0,0.06,5.1,0.0
20130222:1810,0.0,0.0,0.0,0.0,-0.39,5.1,0.0
20130222:1910,0.0,0.0,0.0,0.0,-0.89,4.76,0.0
20130222:2010,0.0,0.0,0.0,0.0,-1.31,4.62,0.0
20130222:2110,0.0,0.0,0.0,0.0,-1.51,4.62,0.0
20130222:2210,0.0,0.0,0.0,0.0,-1.98,4.34,0.0
20130222:2310,0.0,0.0,0.0,0.0,-2.46,4.34,0.0
20130223:0010,0.0,0.0,0.0,0.0,-2.81,4.41,0.0
20130223:0110,0.0,0.0,0.0,0.0,-3.28,4.34,0.0
20130223:0210,0.0,0.0,0.0,0.0,-3.65,4.34,0.0
20130223:0310,0.0,0.0,0.0,0.0,-4.02,4.28,0.0
20130223:0410,0.0,0.0,0.0,0.0,-4.21,4.41,0.0
20130223:0510,0.0,0.0,0.0,0.0,-4.44,4.48,0.0
20130223:0610,0.0,0.0,0.0,0.0,-4.48,4.48,0.0
20130223:0710,1.0,14.81,0.0,3.25,-4.19,4.55,0.0
20130223:0810,20.0,91.0,0.0,12.24,-3.78,5.72,0.0
20130223:0910,19.0,155.0,0.0,20.13,-3.04,5.45,0.0
20130223:1010,177.01,190.0,0.0,26.37,-2.15,5.17,0.0
20130223:1110,13.0,222.0,0.0,30.33,-1.42,5.31,0.0
20130223:1210,5.0,205.0,0.0,31.52,-0.96,5.45,0.0
20130223:1310,6.0,200.0,0.0,29.75,-0.8,5.45,0.0
20130223:1410,0.0,86.0,0.0,25.29,-0.68,5.38,0.0
20130223:1510,0.0,32.0,0.0,18.67,-0.8,5.24,0.0
20130223:1610,12.0,74.0,0.0,10.52,-0.94,5.38,0.0
20130223:1710,0.0,0.0,0.0,0.0,-1.35,4.0,0.0
20130223:1810,0.0,0.0,0.0,0.0,-1.61,4.0,0.0
20130223:1910,0.0,0.0,0.0,0.0,-1.94,4.0,0.0
20130223:2010,0.0,0.0,0.0,0.0,-1.99,3.79,0.0
20130223:2110,0.0,0.0,0.0,0.0,-2.09,3.66,0.0
20130223:2210,0.0,0.0,0.0,0.0,-2.09,3.72,0.0
20130223:2310,0.0,0.0,0.0,0.0,-1.9,3.86,0.0
20130224:0010,0.0,0.0,0.0,0.0,-1.82,4.0,0.0
20130224:0110,0.0,0.0,0.0,0.0,-2.03,4.0,0.0
20130224:0210,0.0,0.0,0.0,0.0,-2.29,4.0,0.0
20130224:0310,0.0,0.0,0.0,0.0,-2.37,3.93,0.0
20130224:0410,0.0,0.0,0.0,0.0,-2.5,3.86,0.0
20130224:0510,0.0,0.0,0.0,0.0,-2.47,3.86,0.0
20130224:0610,0.0,0.0,0.0,0.0,-2.4,3.79,0.0
20130224:0710,0.0,13.0,0.0,3.56,-2.17,3.38,0.0
20130224:0810,25.0,95.0,0.0,12.56,-1.68,4.14,0.0
20130224:0910,6.0,136.0,0.0,20.47,-0.6,5.59,0.0
20130224:1010,0.0,117.0,0.0,26.72,0.63,5.66,0.0
20130224:1110,0.0,100.0,0.0,30.7,1.53,5.52,0.0
20130224:1210,0.0,67.0,0.0,31.89,2.14,5.45,0.0
20130224:1310,0.0,99.0,0.0,30.11,2.18,5.52,0.0
20130224:1410,0.0,93.0,0.0,25.61,2.59,5.93,0.0
20130224:1510,2.0,114.0,0.0,18.97,2.31,4.97,0.0
20130224:1610,0.0,30.0,0.0,10.8,2.06,4.83,0.0
20130224:1710,0.0,0.0,0.0,0.0,1.5,4.28,0.0
20130224:1810,0.0,0.0,0.0,0.0,0.89,3.93,0.0
20130224:1910,0.0,0.0,0.0,0.0,0.09,3.66,0.0
20130224:2010,0.0,0.0,0.0,0.0,-0.05,3.59,0.0
20130224:2110,0.0,0.0,0.0,0.0,-0.04,3.38,0.0
20130224:2210,0.0,0.0,0.0,0.0,-0.15,3.1,0.0
20130224:2310,0.0,0.0,0.0,0.0,-0.2,3.03,0.0
20130225:0010,0.0,0.0,0.0,0.0,-0.2,3.03,0.0
20130225:0110,0.0,0.0,0.0,0.0,-0.25,3.17,0.0
20130225:0210,0.0,0.0,0.0,0.0,-0.27,3.31,0.0
20130225:0310,0.0,0.0,0.0,0.0,-0.49,3.24,0.0
20130225:0410,0.0,0.0,0.0,0.0,-0.71,3.45,0.0
20130225:0510,0.0,0.0,0.0,0.0,-0.79,3.52,0.0
20130225:0610,0.0,0.0,0.0,0.0,-0.85,3.45,0.0
20130225:0710,0.0,12.0,0.0,3.86,-0.36,3.24,0.0
20130225:0810,1.0,70.0,0.0,12.88,-0.06,3.79,0.0
20130225:0910,0.0,63.0,0.0,20.81,0.57,4.21,0.0
20130225:1010,0.0,67.0,0.0,27.08,0.93,4.21,0.0
20130225:1110,0.0,142.0,0.0,31.07,1.77,4.48,0.0
20130225:1210,0.0,96.0,0.0,32.26,2.54,4.21,0.0
20130225:1310,0.0,123.0,0.0,30.46,2.85,4.28,0.0
20130225:1410,0.0,91.0,0.0,25.94,2.76,4.28,0.0
20130225:1510,0.0,83.0,0.0,19.28,2.33,3.59,0.0
20130225:1610,0.0,49.0,0.0,11.08,1.78,3.17,0.0
20130225:1710,0.0,5.0,0.0,1.9,1.14,2.41,0.0
20130225:1810,0.0,0.0,0.0,0.0,0.78,2.34,0.0
20130225:1910,0.0,0.0,0.0,0.0,0.64,2.14,0.0
20130225:2010,0.0,0.0,0.0,0.0,0.59,2.0,0.0
20130225:2110,0.0,0.0,0.0,0.0,0.54,1.93,0.0
20130225:2210,0.0,0.0,0.0,0.0,0.49,1.79,0.0
20130225:2310,0.0,0.0,0.0,0.0,0.4,1.66,0.0
20130226:0010,0.0,0.0,0.0,0.0,0.39,1.66,0.0
20130226:0110,0.0,0.0,0.0,0.0,0.35,1.72,0.0
20130226:0210,0.0,0.0,0.0,0.0,0.37,1.93,0.0
20130226:0310,0.0,0.0,0.0,0.0,0.43,2.21,0.0
20130226:0410,0.0,0.0,0.0,0.0,0.38,2.41,0.0
20130226:0510,0.0,0.0,0.0,0.0,0.24,2.55,0.0
20130226:0610,0.0,0.0,0.0,0.0,0.05,2.41,0.0
20130226:0710,0.0,16.0,0.0,4.18,-0.17,2.48,0.0
20130226:0810,1.0,72.0,0.0,13.21,-0.17,3.45,0.0
20130226:0910,0.0,110.0,0.0,21.15,0.3,3.1,0.0
20130226:1010,0.0,128.0,0.0,27.44,1.19,3.24,0.0
20130226:1110,205.01,227.0,0.0,31.45,2.13,3.72,0.0
20130226:1210,12.0,232.0,0.0,32.63,3.68,4.14,0.0
20130226:1310,29.0,242.0,0.0,30.82,5.23,4.28,0.0
20130226:1410,36.0,210.0,0.0,26.28,6.18,4.34,0.0
20130226:1510,0.0,100.0,0.0,19.58,6.51,4.34,0.0
20130226:1610,9.0,78.0,0.0,11.36,5.98,3.79,0.0
20130226:1710,0.0,7.0,0.0,2.16,5.12,4.0,0.0
20130226:1810,0.0,0.0,0.0,0.0,4.19,3.93,0.0
20130226:1910,0.0,0.0,0.0,0.0,3.26,3.72,0.0
20130226:2010,0.0,0.0,0.0,0.0,2.86,3.72,0.0
20130226:2110,0.0,0.0,0.0,0.0,2.47,3.45,0.0
20130226:2210,0.0,0.0,0.0,0.0,2.18,3.24,0.0
20130226:2310,0.0,0.0,0.0,0.0,1.75,3.31,0.0
20130227:0010,0.0,0.0,0.0,0.0,2.21,3.52,0.0
20130227:0110,0.0,0.0,0.0,0.0,2.57,3.45,0.0
20130227:0210,0.0,0.0,0.0,0.0,2.72,3.24,0.0
20130227:0310,0.0,0.0,0.0,0.0,2.74,3.1,0.0
20130227:0410,0.0,0.0,0.0,0.0,2.76,3.03,0.0
20130227:0510,0.0,0.0,0.0,0.0,2.77,2.97,0.0
20130227:0610,0.0,0.0,0.0,0.0,2.71,3.03,0.0
20130227:0710,1.0,19.82,0.0,4.49,2.28,2.55,0.0
20130227:0810,0.0,61.0,0.0,13.54,2.69,2.83,0.0
20130227:0910,0.0,80.0,0.0,21.5,3.04,3.38,0.0
20130227:1010,0.0,81.0,0.0,27.81,3.43,3.59,0.0
20130227:1110,0.0,94.0,0.0,31.82,3.86,3.72,0.0
20130227:1210,0.0,83.0,0.0,33.01,4.34,3.72,0.0
20130227:1310,0.0,93.0,0.0,31.18,4.61,3.79,0.0
20130227:1410,0.0,77.0,0.0,26.61,4.77,4.0,0.0
20130227:1510,0.0,68.0,0.0,19.88,4.8,4.07,0.0
20130227:1610,2.0,66.0,0.0,11.64,4.7,4.07,0.0
20130227:1710,0.0,4.0,0.0,2.42,4.41,3.52,0.0
20130227:1810,0.0,0.0,0.0,0.0,4.03,3.52,0.0
20130227:1910,0.0,0.0,0.0,0.0,3.05,3.45,0.0
20130227:2010,0.0,0.0,0.0,0.0,3.0,3.38,0.0
20130227:2110,0.0,0.0,0.0,0.0,2.94,3.24,0.0
20130227:2210,0.0,0.0,0.0,0.0,2.86,2.97,0.0
20130227:2310,0.0,0.0,0.0,0.0,2.81,2.76,0.0
20130228:0010,0.0,0.0,0.0,0.0,2.65,2.62,0.0
20130228:0110,0.0,0.0,0.0,0.0,2.37,2.69,0.0
20130228:0210,0.0,0.0,0.0,0.0,2.16,2.83,0.0
20130228:0310,0.0,0.0,0.0,0.0,1.9,2.83,0.0
20130228:0410,0.0,0.0,0.0,0.0,1.81,2.69,0.0
20130228:0510,0.0,0.0,0.0,0.0,1.71,2.55,0.0
20130228:0610,0.0,0.0,0.0,0.0,1.6,2.55,0.0
20130228:0710,0.0,17.0,0.0,4.81,1.35,2.41,0.0
20130228:0810,2.0,81.0,0.0,13.87,1.6,3.17,0.0
20130228:0910,0.0,92.0,0.0,21.85,2.24,3.1,0.0
20130228:1010,0.0,86.0,0.0,28.17,2.96,2.97,0.0
20130228:1110,0.0,151.0,0.0,32.2,3.71,2.9,0.0
20130228:1210,0.0,82.0,0.0,33.38,4.54,3.03,0.0
20130228:1310,0.0,98.0,0.0,31.53,5.06,2.97,0.0
20130228:1410,0.0,97.0,0.0,26.94,5.5,2.9,0.0
20130228:1510,0.0,84.0,0.0,20.19,5.68,2.9,0.0
20130228:1610,2.0,69.0,0.0,11.92,5.57,2.76,0.0
20130228:1710,0.0,7.0,0.0,2.69,5.22,2.21,0.0
20130228:1810,0.0,0.0,0.0,0.0,4.67,2.28,0.0
20130228:1910,0.0,0.0,0.0,0.0,2.86,2.48,0.0
20130228:2010,0.0,0.0,0.0,0.0,2.57,2.41,0.0
20130228:2110,0.0,0.0,0.0,0.0,2.43,2.55,0.0
20130228:2210,0.0,0.0,0.0,0.0,2.39,2.48,0.0
20130228:2310,0.0,0.0,0.0,0.0,2.38,2.28,0.0
20130301:0010,0.0,0.0,0.0,0.0,2.31,2.21,0.0
20130301:0110,0.0,0.0,0.0,0.0,2.02,2.28,0.0
20130301:0210,0.0,0.0,0.0,0.0,1.72,2.48,0.0
20130301:0310,0.0,0.0,0.0,0.0,1.62,2.62,0.0
20130301:0410,0.0,0.0,0.0,0.0,1.51,2.76,0.0
20130301:0510,0.0,0.0,0.0,0.0,1.23,2.83,0.0
20130301:0610,0.0,0.0,0.0,0.0,1.14,2.83,0.0
20130301:0710,1.0,23.81,0.0,5.13,1.46,2.9,0.0
20130301:0810,0.0,66.0,0.0,14.2,1.84,3.31,0.0
20130301:0910,0.0,68.0,0.0,22.2,2.47,3.38,0.0
20130301:1010,0.0,70.0,0.0,28.55,3.24,3.31,0.0
20130301:1110,0.0,69.0,0.0,32.58,3.7,3.52,0.0
20130301:1210,0.0,50.0,0.0,33.76,3.93,3.86,0.0
20130301:1310,0.0,64.0,0.0,31.89,4.08,4.14,0.0
20130301:1410,0.0,77.0,0.0,27.27,4.23,4.28,0.0
20130301:1510,0.0,67.0,0.0,20.49,4.3,4.34,0.0
20130301:1610,0.0,57.0,0.0,12.2,4.22,4.14,0.0
20130301:1710,0.0,11.0,0.0,2.95,4.14,3.79,0.0
20130301:1810,0.0,0.0,0.0,0.0,3.83,3.52,0.0
20130301:1910,0.0,0.0,0.0,0.0,3.08,3.17,0.0
20130301:2010,0.0,0.0,0.0,0.0,2.78,3.31,0.0
20130301:2110,0.0,0.0,0.0,0.0,2.73,3.38,0.0
20130301:2210,0.0,0.0,0.0,0.0,2.65,3.38,0.0
20130301:2310,0.0,0.0,0.0,0.0,2.22,3.38,0.0
20130302:0010,0.0,0.0,0.0,0.0,1.83,3.45,0.0
20130302:0110,0.0,0.0,0.0,0.0,1.81,3.59,0.0
20130302:0210,0.0,0.0,0.0,0.0,1.28,3.45,0.0
20130302:0310,0.0,0.0,0.0,0.0,0.94,3.31,0.0
20130302:0410,0.0,0.0,0.0,0.0,0.37,3.24,0.0
20130302:0510,0.0,0.0,0.0,0.0,-0.23,3.17,0.0
20130302:0610,0.0,0.0,0.0,0.0,-0.3,3.03,0.0
20130302:0710,1.0,26.8,0.0,5.45,0.24,2.41,0.0
20130302:0810,2.0,85.0,0.0,14.54,0.88,2.55,0.0
20130302:0910,0.0,94.0,0.0,22.56,2.18,3.1,0.0
20130302:1010,0.0,129.0,0.0,28.92,3.1,3.03,0.0
20130302:1110,0.0,161.0,0.0,32.97,3.89,3.03,0.0
20130302:1210,0.0,145.0,0.0,34.14,4.83,3.24,0.0
20130302:1310,1.0,186.0,0.0,32.26,5.53,3.38,0.0
20130302:1410,8.0,188.0,0.0,27.6,5.94,3.52,0.0
20130302:1510,15.0,153.0,0.0,20.8,6.07,3.52,0.0
20130302:1610,13.0,89.0,0.0,12.48,5.81,3.38,0.0
20130302:1710,0.0,14.0,0.0,3.21,4.89,2.62,0.0
20130302:1810,0.0,0.0,0.0,0.0,3.16,2.62,0.0
20130302:1910,0.0,0.0,0.0,0.0,2.5,2.14,0.0
20130302:2010,0.0,0.0,0.0,0.0,2.11,2.0,0.0
20130302:2110,0.0,0.0,0.0,0.0,1.85,1.93,0.0
20130302:2210,0.0,0.0,0.0,0.0,1.38,1.93,0.0
20130302:2310,0.0,0.0,0.0,0.0,0.87,2.0,0.0
20130303:0010,0.0,0.0,0.0,0.0,0.72,2.07,0.0
20130303:0110,0.0,0.0,0.0,0.0,0.21,2.14,0.0
20130303:0210,0.0,0.0,0.0,0.0,-0.18,2.14,0.0
20130303:0310,0.0,0.0,0.0,0.0,-0.59,2.21,0.0
20130303:0410,0.0,0.0,0.0,0.0,-1.07,2.34,0.0
20130303:0510,0.0,0.0,0.0,0.0,-1.58,2.41,0.0
20130303:0610,0.0,0.0,0.0,0.0,-1.61,2.41,0.0
20130303:0710,27.0,34.0,0.0,5.78,-1.82,2.21,0.0
20130303:0810,135.0,82.0,0.0,14.88,-0.62,2.34,0.0
20130303:0910,276.01,98.0,0.0,22.91,1.08,2.62,0.0
20130303:1010,385.01,110.0,0.0,29.29,3.11,2.83,0.0
20130303:1110,430.01,129.0,0.0,33.35,4.83,3.17,0.0
20130303:1210,464.01,122.0,0.0,34.52,6.13,3.31,0.0
20130303:1310,451.01,110.0,0.0,32.62,7.18,3.45,0.0
20130303:1410,372.01,103.0,0.0,27.94,7.87,3.66,0.0
20130303:1510,254.01,89.0,0.0,21.1,8.19,3.86,0.0
20130303:1610,110.0,70.0,0.0,12.76,7.99,3.79,0.0
20130303:1710,0.0,18.0,0.0,3.47,6.93,2.97,0.0
20130303:1810,0.0,0.0,0.0,0.0,5.04,2.83,0.0
20130303:1910,0.0,0.0,0.0,0.0,3.5,2.83,0.0
20130303:2010,0.0,0.0,0.0,0.0,2.65,2.9,0.0
20130303:2110,0.0,0.0,0.0,0.0,2.05,2.97,0.0
20130303:2210,0.0,0.0,0.0,0.0,1.59,3.03,0.0
20130303:2310,0.0,0.0,0.0,0.0,1.23,3.03,0.0
20130304:0010,0.0,0.0,0.0,0.0,0.86,2.97,0.0
20130304:0110,0.0,0.0,0.0,0.0,0.51,3.03,0.0
20130304:0210,0.0,0.0,0.0,0.0,0.15,3.1,0.0
20130304:0310,0.0,0.0,0.0,0.0,-0.2,3.03,0.0
20130304:0410,0.0,0.0,0.0,0.0,-0.53,2.97,0.0
20130304:0510,0.0,0.0,0.0,0.0,-0.8,3.03,0.0
20130304:0610,0.0,0.0,0.0,0.0,-0.99,2.9,0.0
20130304:0710,29.0,36.0,0.0,6.11,-0.8,2.76,0.0
20130304:0810,148.0,77.0,0.0,15.22,0.96,2.62,0.0
20130304:0910,278.01,99.0,0.0,23.27,3.69,3.03,0.0
20130304:1010,402.01,103.0,0.0,29.67,6.39,3.1,0.0
20130304:1110,438.01,126.0,0.0,33.74,8.88,3.17,0.0
20130304:1210,439.01,139.0,0.0,34.91,10.96,3.31,0.0
20130304:1310,445.01,114.0,0.0,32.98,12.52,3.38,0.0
20130304:1410,372.01,104.0,0.0,28.27,13.54,3.52,0.0
20130304:1510,157.0,142.0,0.0,21.4,14.02,3.52,0.0
20130304:1610,76.0,87.0,0.0,13.04,13.71,2.97,0.0
20130304:1710,0.0,19.0,0.0,3.73,12.1,3.03,0.0
20130304:1810,0.0,0.0,0.0,0.0,9.87,3.38,0.0
20130304:1910,0.0,0.0,0.0,0.0,8.88,3.59,0.0
20130304:2010,0.0,0.0,0.0,0.0,8.2,3.93,0.0
20130304:2110,0.0,0.0,0.0,0.0,7.85,4.21,0.0
20130304:2210,0.0,0.0,0.0,0.0,7.73,4.28,0.0
20130304:2310,0.0,0.0,0.0,0.0,7.51,4.21,0.0
20130305:0010,0.0,0.0,0.0,0.0,7.1,4.14,0.0
20130305:0110,0.0,0.0,0.0,0.0,6.59,3.86,0.0
20130305:0210,0.0,0.0,0.0,0.0,5.99,3.66,0.0
20130305:0310,0.0,0.0,0.0,0.0,5.55,3.66,0.0
20130305:0410,0.0,0.0,0.0,0.0,5.22,3.59,0.0
20130305:0510,0.0,0.0,0.0,0.0,5.01,3.52,0.0
20130305:0610,0.0,0.0,0.0,0.0,4.86,3.45,0.0
20130305:0710,9.0,41.0,0.0,6.44,5.21,3.24,0.0
20130305:0810,67.0,113.0,0.0,15.57,6.58,3.24,0.0
20130305:0910,10.0,163.0,0.0,23.63,8.55,3.31,0.0
20130305:1010,8.0,201.0,0.0,30.05,10.58,4.07,0.0
20130305:1110,44.0,268.0,0.0,34.13,11.6,4.21,0.0
20130305:1210,34.0,271.0,0.0,35.29,12.49,4.28,0.0
20130305:1310,119.0,266.0,0.0,33.35,12.69,3.72,0.0
20130305:1410,172.0,206.0,0.0,28.6,12.85,3.59,0.0
20130305:1510,90.0,166.0,0.0,21.7,13.05,4.28,0.0
20130305:1610,79.0,87.0,0.0,13.31,12.94,4.55,0.0
20130305:1710,0.0,20.0,0.0,3.99,12.41,4.76,0.0
20130305:1810,0.0,0.0,0.0,0.0,11.98,4.9,0.0
20130305:1910,0.0,0.0,0.0,0.0,11.64,4.0,0.0
20130305:2010,0.0,0.0,0.0,0.0,11.22,3.93,0.0
20130305:2110,0.0,0.0,0.0,0.0,10.77,3.79,0.0
20130305:2210,0.0,0.0,0.0,0.0,9.94,3.59,0.0
20130305:2310,0.0,0.0,0.0,0.0,9.15,3.31,0.0
20130306:0010,0.0,0.0,0.0,0.0,8.52,3.1,0.0
20130306:0110,0.0,0.0,0.0,0.0,8.13,3.03,0.0
20130306:0210,0.0,0.0,0.0,0.0,8.44,2.83,0.0
20130306:0310,0.0,0.0,0.0,0.0,8.25,2.69,0.0
20130306:0410,0.0,0.0,0.0,0.0,7.97,2.62,0.0
20130306:0510,0.0,0.0,0.0,0.0,8.04,2.48,0.0
20130306:0610,0.0,0.0,0.0,0.0,8.25,2.41,0.0
20130306:0710,0.0,30.0,0.0,6.77,8.36,2.48,0.0
20130306:0810,17.0,115.0,0.0,15.91,9.07,2.69,0.0
20130306:0910,0.0,0.0,0.0,0.0,10.28,2.97,0.0
20130306:1010,0.0,0.0,0.0,0.0,10.87,2.69,0.0
20130306:1110,45.0,271.0,0.0,34.52,11.94,2.28,0.0
20130306:1210,18.0,254.0,0.0,35.68,12.16,1.66,0.0
20130306:1310,115.0,268.0,0.0,33.71,12.33,1.17,0.0
20130306:1410,163.0,210.0,0.0,28.94,12.8,1.1,0.0
20130306:1510,63.0,173.0,0.0,22.01,12.76,1.1,0.0
20130306:1610,0.0,39.0,0.0,13.59,12.44,1.17,0.0
20130306:1710,0.0,10.0,0.0,4.26,11.65,1.59,0.0
20130306:1810,0.0,0.0,0.0,0.0,10.62,1.93,0.0
20130306:1910,0.0,0.0,0.0,0.0,10.45,1.72,0.0
20130306:2010,0.0,0.0,0.0,0.0,9.45,1.72,0.0
20130306:2110,0.0,0.0,0.0,0.0,8.75,1.59,0.0
20130306:2210,0.0,0.0,0.0,0.0,8.12,1.79,0.0
20130306:2310,0.0,0.0,0.0,0.0,8.3,1.86,0.0
20130307:0010,0.0,0.0,0.0,0.0,8.53,2.0,0.0
20130307:0110,0.0,0.0,0.0,0.0,8.61,2.21,0.0
20130307:0210,0.0,0.0,0.0,0.0,8.55,2.34,0.0
20130307:0310,0.0,0.0,0.0,0.0,8.56,2.48,0.0
20130307:0410,0.0,0.0,0.0,0.0,8.53,2.48,0.0
20130307:0510,0.0,0.0,0.0,0.0,8.52,2.55,0.0
20130307:0610,0.0,0.0,0.0,0.0,8.51,2.62,0.0
20130307:0710,0.0,21.0,0.0,7.11,8.49,2.07,0.0
20130307:0810,0.0,62.0,0.0,16.26,8.82,2.14,0.0
20130307:0910,1.0,126.0,0.0,24.37,9.27,2.41,0.0
20130307:1010,0.0,101.0,0.0,30.81,9.77,3.31,0.0
20130307:1110,0.0,122.0,0.0,34.91,10.26,3.24,0.0
20130307:1210,0.0,104.0,0.0,36.07,11.4,3.52,0.0
20130307:1310,0.0,71.0,0.0,34.07,12.24,3.52,0.0
20130307:1410,0.0,141.0,0.0,29.27,13.06,3.38,0.0
20130307:1510,0.0,109.0,0.0,22.31,13.63,2.76,0.0
20130307:1610,17.0,98.0,0.0,13.87,13.52,2.21,0.0
20130307:1710,0.0,21.0,0.0,4.52,13.08,1.93,0.0
20130307:1810,0.0,0.0,0.0,0.0,12.07,2.21,0.0
20130307:1910,0.0,0.0,0.0,0.0,10.03,2.28,0.0
20130307:2010,0.0,0.0,0.0,0.0,9.03,2.34,0.0
20130307:2110,0.0,0.0,0.0,0.0,8.49,2.41,0.0
20130307:2210,0.0,0.0,0.0,0.0,8.31,2.55,0.0
20130307:2310,0.0,0.0,0.0,0.0,8.36,2.62,0.0
20130308:0010,0.0,0.0,0.0,0.0,8.26,2.55,0.0
20130308:0110,0.0,0.0,0.0,0.0,8.1,2.62,0.0
20130308:0210,0.0,0.0,0.0,0.0,8.16,2.41,0.0
20130308:0310,0.0,0.0,0.0,0.0,8.21,2.55,0.0
20130308:0410,0.0,0.0,0.0,0.0,8.29,2.55,0.0
20130308:0510,0.0,0.0,0.0,0.0,8.25,2.62,0.0
20130308:0610,0.0,0.0,0.0,0.0,8.46,2.76,0.0
20130308:0710,0.0,32.0,0.0,7.45,9.52,2.97,0.0
20130308:0810,7.0,109.0,0.0,16.61,10.14,2.9,0.0
20130308:0910,0.0,104.0,0.0,24.73,10.95,2.9,0.0
20130308:1010,9.0,208.0,0.0,31.2,11.58,4.0,0.0
20130308:1110,0.0,77.0,0.0,35.31,11.4,3.1,0.0
20130308:1210,0.0,169.0,0.0,36.45,11.46,2.48,0.0
20130308:1310,0.0,111.0,0.0,34.44,11.03,4.14,0.0
20130308:1410,0.0,92.0,0.0,29.6,10.59,5.72,0.0
20130308:1510,0.0,31.0,0.0,22.61,10.56,5.59,0.0
20130308:1610,2.0,77.0,0.0,14.14,10.65,4.97,0.0
20130308:1710,0.0,4.0,0.0,4.77,10.52,4.28,0.0
20130308:1810,0.0,0.0,0.0,0.0,10.21,3.66,0.0
20130308:1910,0.0,0.0,0.0,0.0,9.57,2.62,0.0
20130308:2010,0.0,0.0,0.0,0.0,8.83,2.34,0.0
20130308:2110,0.0,0.0,0.0,0.0,8.05,2.55,0.0
20130308:2210,0.0,0.0,0.0,0.0,7.92,2.97,0.0
20130308:2310,0.0,0.0,0.0,0.0,7.89,3.31,0.0
20130309:0010,0.0,0.0,0.0,0.0,8.23,3.17,0.0
20130309:0110,0.0,0.0,0.0,0.0,8.01,2.9,0.0
20130309:0210,0.0,0.0,0.0,0.0,7.56,2.83,0.0
20130309:0310,0.0,0.0,0.0,0.0,7.17,2.69,0.0
20130309:0410,0.0,0.0,0.0,0.0,6.7,2.55,0.0
20130309:0510,0.0,0.0,0.0,0.0,6.15,2.41,0.0
20130309:0610,0.0,0.0,0.0,0.0,5.53,2.28,0.0
20130309:0710,0.0,30.0,0.0,7.79,6.03,2.07,0.0
20130309:0810,27.0,129.0,0.0,16.97,7.47,1.66,0.0
20130309:0910,102.0,196.0,0.0,25.1,9.97,2.34,0.0
20130309:1010,363.01,140.0,0.0,31.59,11.33,1.93,0.0
20130309:1110,269.01,235.0,0.0,35.7,12.73,1.86,0.0
20130309:1210,147.0,292.0,0.0,36.84,13.64,1.72,0.0
20130309:1310,344.01,186.0,0.0,34.81,14.37,1.93,0.0
20130309:1410,39.0,236.0,0.0,29.94,14.62,2.21,0.0
20130309:1510,248.01,107.0,0.0,22.91,14.43,2.28,0.0
20130309:1610,151.0,65.0,0.0,14.42,13.73,1.79,0.0
20130309:1710,10.0,26.62,0.0,5.03,12.79,1.17,0.0
20130309:1810,0.0,0.0,0.0,0.0,11.14,2.21,0.0
20130309:1910,0.0,0.0,0.0,0.0,9.76,1.79,0.0
20130309:2010,0.0,0.0,0.0,0.0,8.17,1.59,0.0
20130309:2110,0.0,0.0,0.0,0.0,7.13,1.38,0.0
20130309:2210,0.0,0.0,0.0,0.0,6.31,1.24,0.0
20130309:2310,0.0,0.0,0.0,0.0,5.68,1.24,0.0
20130310:0010,0.0,0.0,0.0,0.0,4.34,1.59,0.0
20130310:0110,0.0,0.0,0.0,0.0,3.51,1.79,0.0
20130310:0210,0.0,0.0,0.0,0.0,3.04,1.66,0.0
20130310:0310,0.0,0.0,0.0,0.0,3.29,1.45,0.0
20130310:0410,0.0,0.0,0.0,0.0,3.22,1.45,0.0
20130310:0510,0.0,0.0,0.0,0.0,3.44,1.45,0.0
20130310:0610,0.0,0.0,0.0,0.0,3.48,1.66,0.0
20130310:0710,14.0,54.0,0.0,8.13,3.96,1.79,0.0
20130310:0810,12.0,123.0,0.0,17.32,5.59,2.97,0.0
20130310:0910,0.0,96.0,0.0,25.47,6.78,2.97,0.0
20130310:1010,0.0,120.0,0.0,31.97,8.1,2.48,0.0
20130310:1110,0.0,121.0,0.0,36.1,9.35,2.28,0.0
20130310:1210,0.0,93.0,0.0,37.23,10.25,2.21,0.0
20130310:1310,0.0,171.0,0.0,35.17,10.9,2.28,0.0
20130310:1410,93.0,244.0,0.0,30.27,10.99,2.41,0.0
20130310:1510,0.0,112.0,0.0,23.21,10.79,2.69,0.0
20130310:1610,0.0,42.0,0.0,14.69,10.16,3.38,0.0
20130310:1710,17.0,26.88,0.0,5.29,9.27,3.52,0.0
20130310:1810,0.0,0.0,0.0,0.0,8.16,3.52,0.0
20130310:1910,0.0,0.0,0.0,0.0,5.81,4.0,0.0
20130310:2010,0.0,0.0,0.0,0.0,4.88,3.79,0.0
20130310:2110,0.0,0.0,0.0,0.0,4.08,3.72,0.0
20130310:2210,0.0,0.0,0.0,0.0,3.42,3.59,0.0
20130310:2310,0.0,0.0,0.0,0.0,3.05,3.31,0.0
20130311:0010,0.0,0.0,0.0,0.0,2.72,3.17,0.0
20130311:0110,0.0,0.0,0.0,0.0,2.04,3.31,0.0
20130311:0210,0.0,0.0,0.0,0.0,1.65,3.31,0.0
20130311:0310,0.0,0.0,0.0,0.0,1.28,3.24,0.0
20130311:0410,0.0,0.0,0.0,0.0,1.01,3.17,0.0
20130311:0510,0.0,0.0,0.0,0.0,0.79,3.31,0.0
20130311:0610,0.0,0.0,0.0,0.0,0.67,3.52,0.0
20130311:0710,1.0,38.0,0.0,8.47,1.07,3.86,0.0
20130311:0810,0.0,77.0,0.0,17.68,1.28,3.72,0.0
20130311:0910,0.0,95.0,0.0,25.85,1.52,3.52,0.0
20130311:1010,0.0,79.0,0.0,32.36,2.17,3.66,0.0
20130311:1110,0.0,69.0,0.0,36.5,2.85,3.72,0.0
20130311:1210,0.0,55.0,0.0,37.62,3.69,3.93,0.0
20130311:1310,0.0,111.0,0.0,35.54,4.35,4.28,0.0
20130311:1410,0.0,72.0,0.0,30.6,4.64,4.9,0.0
20130311:1510,0.0,101.0,0.0,23.51,4.37,5.1,0.0
20130311:1610,0.0,23.0,0.0,14.97,3.63,5.1,0.0
20130311:1710,0.0,5.0,0.0,5.55,2.91,5.03,0.0
20130311:1810,0.0,0.0,0.0,0.0,2.56,5.66,0.0
20130311:1910,0.0,0.0,0.0,0.0,2.43,4.9,0.0
20130311:2010,0.0,0.0,0.0,0.0,2.52,4.62,0.0
20130311:2110,0.0,0.0,0.0,0.0,3.17,4.14,0.0
20130311:2210,0.0,0.0,0.0,0.0,3.74,3.59,0.0
20130311:2310,0.0,0.0,0.0,0.0,3.98,3.38,0.0
20130312:0010,0.0,0.0,0.0,0.0,4.06,3.24,0.0
20130312:0110,0.0,0.0,0.0,0.0,4.02,3.17,0.0
20130312:0210,0.0,0.0,0.0,0.0,3.62,3.38,0.0
20130312:0310,0.0,0.0,0.0,0.0,2.97,3.66,0.0
20130312:0410,0.0,0.0,0.0,0.0,2.13,4.34,0.0
20130312:0510,0.0,0.0,0.0,0.0,1.29,4.62,0.0
20130312:0610,0.0,0.0,0.0,0.0,0.47,4.9,0.0
20130312:0710,60.0,49.0,0.0,8.82,-1.12,5.38,0.0
20130312:0810,0.0,54.0,0.0,18.03,-1.77,5.66,0.0
20130312:0910,1.0,144.0,0.0,26.22,-1.84,5.66,0.0
20130312:1010,0.0,136.0,0.0,32.75,-1.59,5.59,0.0
20130312:1110,7.0,238.0,0.0,36.9,-1.42,5.38,0.0
20130312:1210,0.0,64.0,0.0,38.01,-1.22,5.17,0.0
20130312:1310,0.0,77.0,0.0,35.9,-1.04,5.17,0.0
20130312:1410,0.0,77.0,0.0,30.93,-1.1,5.24,0.0
20130312:1510,0.0,85.0,0.0,23.81,-1.4,5.17,0.0
20130312:1610,0.0,61.0,0.0,15.24,-1.65,5.1,0.0
20130312:1710,0.0,0.0,0.0,0.0,-1.91,5.1,0.0
20130312:1810,0.0,0.0,0.0,0.0,-2.27,4.69,0.0
20130312:1910,0.0,0.0,0.0,0.0,-2.58,4.41,0.0
20130312:2010,0.0,0.0,0.0,0.0,-2.76,4.34,0.0
20130312:2110,0.0,0.0,0.0,0.0,-3.12,4.41,0.0
20130312:2210,0.0,0.0,0.0,0.0,-3.25,4.62,0.0
20130312:2310,0.0,0.0,0.0,0.0,-3.45,4.48,0.0
20130313:0010,0.0,0.0,0.0,0.0,-3.8,4.76,0.0
20130313:0110,0.0,0.0,0.0,0.0,-4.34,4.48,0.0
20130313:0210,0.0,0.0,0.0,0.0,-4.84,4.34,0.0
20130313:0310,0.0,0.0,0.0,0.0,-5.57,4.14,0.0
20130313:0410,0.0,0.0,0.0,0.0,-6.26,3.79,0.0
20130313:0510,0.0,0.0,0.0,0.0,-6.9,3.45,0.0
20130313:0610,0.0,0.0,0.0,0.0,-7.57,3.24,0.0
20130313:0710,11.0,63.0,0.0,9.16,-7.82,3.1,0.0
20130313:0810,10.0,129.0,0.0,18.39,-6.93,2.97,0.0
20130313:0910,11.0,188.0,0.0,26.6,-5.27,2.83,0.0
20130313:1010,15.0,240.0,0.0,33.14,-3.37,2.69,0.0
20130313:1110,10.0,255.0,0.0,37.3,-1.74,2.69,0.0
20130313:1210,0.0,142.0,0.0,38.41,-0.32,2.9,0.0
20130313:1310,0.0,118.0,0.0,36.27,1.01,3.17,0.0
20130313:1410,78.0,259.0,0.0,31.26,2.04,3.66,0.0
20130313:1510,68.0,197.0,0.0,24.11,2.32,3.45,0.0
20130313:1610,6.0,102.0,0.0,15.51,2.19,3.17,0.0
20130313:1710,12.0,39.0,0.0,6.06,1.55,2.97,0.0
20130313:1810,0.0,0.0,0.0,0.0,0.58,2.83,0.0
20130313:1910,0.0,0.0,0.0,0.0,-0.24,2.76,0.0
20130313:2010,0.0,0.0,0.0,0.0,-0.97,2.76,0.0
20130313:2110,0.0,0.0,0.0,0.0,-1.6,2.62,0.0
20130313:2210,0.0,0.0,0.0,0.0,-2.4,2.62,0.0
20130313:2310,0.0,0.0,0.0,0.0,-3.07,2.48,0.0
20130314:0010,0.0,0.0,0.0,0.0,-3.73,2.41,0.0
20130314:0110,0.0,0.0,0.0,0.0,-5.17,2.34,0.0
20130314:0210,0.0,0.0,0.0,0.0,-6.21,2.28,0.0
20130314:0310,0.0,0.0,0.0,0.0,-7.21,2.21,0.0
20130314:0410,0.0,0.0,0.0,0.0,-8.14,2.28,0.0
20130314:0510,0.0,0.0,0.0,0.0,-8.76,2.34,0.0
20130314:0610,0.0,0.0,0.0,0.0,-9.25,2.41,0.0
20130314:0710,29.0,68.0,0.0,9.51,-8.13,2.28,0.0
20130314:0810,117.0,133.0,0.0,18.75,-6.07,3.03,0.0
20130314:0910,102.0,220.0,0.0,26.97,-1.19,3.59,0.0
20130314:1010,244.01,233.0,0.0,33.54,1.44,4.41,0.0
20130314:1110,327.01,235.0,0.0,37.7,2.29,4.9,0.0
20130314:1210,392.01,211.0,0.0,38.8,2.97,5.45,0.0
20130314:1310,144.0,298.0,0.0,36.63,3.43,5.59,0.0
20130314:1410,169.0,244.0,0.0,31.59,3.59,5.72,0.0
20130314:1510,95.0,197.0,0.0,24.4,4.5,5.66,0.0
20130314:1610,36.0,123.0,0.0,15.78,4.09,4.9,0.0
20130314:1710,44.0,32.0,0.0,6.32,3.3,3.79,0.0
20130314:1810,0.0,0.0,0.0,0.0,1.86,3.24,0.0
20130314:1910,0.0,0.0,0.0,0.0,0.51,2.9,0.0
20130314:2010,0.0,0.0,0.0,0.0,-0.35,2.83,0.0
20130314:2110,0.0,0.0,0.0,0.0,-1.11,2.62,0.0
20130314:2210,0.0,0.0,0.0,0.0,-1.81,2.34,0.0
20130314:2310,0.0,0.0,0.0,0.0,-2.59,2.0,0.0
20130315:0010,0.0,0.0,0.0,0.0,-3.51,1.72,0.0
20130315:0110,0.0,0.0,0.0,0.0,-3.89,1.52,0.0
20130315:0210,0.0,0.0,0.0,0.0,-4.19,1.52,0.0
20130315:0310,0.0,0.0,0.0,0.0,-4.48,1.59,0.0
20130315:0410,0.0,0.0,0.0,0.0,-4.82,1.66,0.0
20130315:0510,0.0,0.0,0.0,0.0,-4.96,1.93,0.0
20130315:0610,0.0,0.0,0.0,0.0,-4.84,2.07,0.0
20130315:0710,88.0,49.0,0.0,9.86,-3.68,2.0,0.0
20130315:0810,236.01,75.0,0.0,19.11,-0.36,2.34,0.0
20130315:0910,371.01,94.0,0.0,27.35,2.16,3.24,0.0
20130315:1010,473.01,108.0,0.0,33.93,3.6,4.14,0.0
20130315:1110,278.01,259.0,0.0,38.1,4.42,4.34,0.0
20130315:1210,482.01,158.0,0.0,39.19,5.21,4.62,0.0
20130315:1310,434.01,163.0,0.0,37.0,5.89,4.97,0.0
20130315:1410,371.01,144.0,0.0,31.92,6.63,5.38,0.0
20130315:1510,295.01,105.0,0.0,24.7,7.09,5.52,0.0
20130315:1610,159.0,80.0,0.0,16.05,6.96,4.76,0.0
20130315:1710,13.0,43.0,0.0,6.57,6.39,4.0,0.0
20130315:1810,0.0,0.0,0.0,0.0,5.33,3.86,0.0
20130315:1910,0.0,0.0,0.0,0.0,4.72,3.66,0.0
20130315:2010,0.0,0.0,0.0,0.0,3.83,4.0,0.0
20130315:2110,0.0,0.0,0.0,0.0,3.47,4.34,0.0
20130315:2210,0.0,0.0,0.0,0.0,3.58,4.69,0.0
20130315:2310,0.0,0.0,0.0,0.0,3.17,4.83,0.0
20130316:0010,0.0,0.0,0.0,0.0,2.86,4.9,0.0
20130316:0110,0.0,0.0,0.0,0.0,2.6,4.9,0.0
20130316:0210,0.0,0.0,0.0,0.0,2.45,4.9,0.0
20130316:0310,0.0,0.0,0.0,0.0,2.18,4.76,0.0
20130316:0410,0.0,0.0,0.0,0.0,2.04,4.62,0.0
20130316:0510,0.0,0.0,0.0,0.0,1.97,4.69,0.0
20130316:0610,0.0,0.0,0.0,0.0,1.89,4.83,0.0
20130316:0710,15.0,71.0,0.0,10.21,2.5,5.03,0.0
20130316:0810,24.0,149.0,0.0,19.48,3.21,4.41,0.0
20130316:0910,3.0,171.0,0.0,27.73,4.28,5.31,0.0
20130316:1010,0.0,159.0,0.0,34.33,5.44,5.79,0.0
20130316:1110,18.0,276.0,0.0,38.5,6.58,6.14,0.0
20130316:1210,20.0,285.0,0.0,39.58,7.75,6.34,0.0
20130316:1310,37.0,290.0,0.0,37.36,8.37,6.14,0.0
20130316:1410,68.0,263.0,0.0,32.25,8.56,5.93,0.0
20130316:1510,19.0,187.0,0.0,24.99,8.75,5.93,0.0
20130316:1610,52.0,125.0,0.0,16.32,8.61,5.59,0.0
20130316:1710,0.0,12.0,0.0,6.83,8.0,6.0,0.0
20130316:1810,0.0,0.0,0.0,0.0,6.5,6.21,0.0
20130316:1910,0.0,0.0,0.0,0.0,5.55,5.93,0.0
20130316:2010,0.0,0.0,0.0,0.0,4.66,5.59,0.0
20130316:2110,0.0,0.0,0.0,0.0,4.3,5.45,0.0
20130316:2210,0.0,0.0,0.0,0.0,4.37,5.17,0.0
20130316:2310,0.0,0.0,0.0,0.0,4.31,4.69,0.0
20130317:0010,0.0,0.0,0.0,0.0,4.45,4.21,0.0
20130317:0110,0.0,0.0,0.0,0.0,4.57,4.0,0.0
20130317:0210,0.0,0.0,0.0,0.0,4.71,3.93,0.0
20130317:0310,0.0,0.0,0.0,0.0,4.7,3.79,0.0
20130317:0410,0.0,0.0,0.0,0.0,4.66,3.59,0.0
20130317:0510,0.0,0.0,0.0,0.0,4.35,3.66,0.0
20130317:0610,0.0,0.0,0.0,0.0,4.1,3.72,0.0
20130317:0710,5.0,66.0,0.0,10.56,5.14,3.79,0.0
20130317:0810,19.0,148.0,0.0,19.84,5.8,3.93,0.0
20130317:0910,20.0,209.0,0.0,28.11,6.9,4.28,0.0
20130317:1010,0.0,136.0,0.0,34.72,8.27,4.83,0.0
20130317:1110,2.0,220.0,0.0,38.9,9.07,5.03,0.0
20130317:1210,0.0,110.0,0.0,39.98,8.5,6.21,0.0
20130317:1310,0.0,144.0,0.0,37.73,7.97,6.83,0.0
20130317:1410,0.0,105.0,0.0,32.58,8.14,6.76,0.0
20130317:1510,123.0,193.0,0.0,25.29,8.51,6.62,0.0
20130317:1610,46.0,128.0,0.0,16.59,8.41,6.14,0.0
20130317:1710,7.0,44.0,0.0,7.08,7.33,6.62,0.0
20130317:1810,0.0,0.0,0.0,0.0,6.47,5.72,0.0
20130317:1910,0.0,0.0,0.0,0.0,5.46,4.9,0.0
20130317:2010,0.0,0.0,0.0,0.0,4.29,4.14,0.0
20130317:2110,0.0,0.0,0.0,0.0,2.96,3.31,0.0
20130317:2210,0.0,0.0,0.0,0.0,2.01,2.97,0.0
20130317:2310,0.0,0.0,0.0,0.0,1.35,2.9,0.0
20130318:0010,0.0,0.0,0.0,0.0,1.01,2.97,0.0
20130318:0110,0.0,0.0,0.0,0.0,1.04,3.24,0.0
20130318:0210,0.0,0.0,0.0,0.0,1.01,3.24,0.0
20130318:0310,0.0,0.0,0.0,0.0,0.87,3.17,0.0
20130318:0410,0.0,0.0,0.0,0.0,0.77,3.24,0.0
20130318:0510,0.0,0.0,0.0,0.0,0.74,3.31,0.0
20130318:0610,0.0,0.0,0.0,0.0,0.72,3.38,0.0
20130318:0710,84.0,60.0,0.0,10.91,1.93,3.72,0.0
20130318:0810,26.0,154.0,0.0,20.2,3.46,4.07,0.0
20130318:0910,1.0,152.0,0.0,28.49,5.03,4.55,0.0
20130318:1010,0.0,156.0,0.0,35.12,5.94,5.1,0.0
20130318:1110,2.0,223.0,0.0,39.31,5.95,5.52,0.0
20130318:1210,26.0,299.0,0.0,40.37,5.66,4.48,0.0
20130318:1310,103.0,311.0,0.0,38.09,6.35,3.45,0.0
20130318:1410,37.0,258.0,0.0,32.91,6.7,3.03,0.0
20130318:1510,3.0,156.0,0.0,25.58,6.86,2.83,0.0
20130318:1610,174.0,79.0,0.0,16.86,6.77,2.69,0.0
20130318:1710,24.0,48.0,0.0,7.33,6.28,2.9,0.0
20130318:1810,0.0,0.0,0.0,0.0,5.51,2.76,0.0
20130318:1910,0.0,0.0,0.0,0.0,4.53,2.9,0.0
20130318:2010,0.0,0.0,0.0,0.0,4.22,2.9,0.0
20130318:2110,0.0,0.0,0.0,0.0,3.35,3.24,0.0
20130318:2210,0.0,0.0,0.0,0.0,2.9,3.45,0.0
20130318:2310,0.0,0.0,0.0,0.0,2.71,3.59,0.0
20130319:0010,0.0,0.0,0.0,0.0,2.63,3.86,0.0
20130319:0110,0.0,0.0,0.0,0.0,2.68,3.93,0.0
20130319:0210,0.0,0.0,0.0,0.0,2.6,3.79,0.0
20130319:0310,0.0,0.0,0.0,0.0,2.36,3.93,0.0
20130319:0410,0.0,0.0,0.0,0.0,2.09,3.93,0.0
20130319:0510,0.0,0.0,0.0,0.0,2.54,4.14,0.0
20130319:0610,0.0,0.0,0.0,0.0,3.03,4.21,0.0
20130319:0710,15.0,79.0,0.0,11.26,3.4,4.34,0.0
20130319:0810,22.0,155.0,0.0,20.56,4.27,4.9,0.0
20130319:0910,41.0,230.0,0.0,28.87,5.32,5.24,0.0
20130319:1010,76.0,290.0,0.0,35.51,6.6,5.24,0.0
20130319:1110,18.0,284.0,0.0,39.71,7.64,5.31,0.0
20130319:1210,0.0,185.0,0.0,40.76,8.68,5.17,0.0
20130319:1310,16.0,273.0,0.0,38.46,9.05,4.76,0.0
20130319:1410,4.0,208.0,0.0,33.23,9.44,4.48,0.0
20130319:1510,36.0,204.0,0.0,25.87,9.36,3.86,0.0
20130319:1610,0.0,59.0,0.0,17.12,7.95,3.86,0.0
20130319:1710,2.0,42.0,0.0,7.58,7.02,3.59,0.0
20130319:1810,0.0,0.0,0.0,0.0,6.11,3.17,0.0
20130319:1910,0.0,0.0,0.0,0.0,5.7,2.69,0.0
20130319:2010,0.0,0.0,0.0,0.0,5.32,2.76,0.0
20130319:2110,0.0,0.0,0.0,0.0,4.96,2.62,0.0
20130319:2210,0.0,0.0,0.0,0.0,4.67,2.55,0.0
20130319:2310,0.0,0.0,0.0,0.0,4.53,2.55,0.0
20130320:0010,0.0,0.0,0.0,0.0,4.38,2.55,0.0
20130320:0110,0.0,0.0,0.0,0.0,4.47,2.83,0.0
20130320:0210,0.0,0.0,0.0,0.0,4.47,3.03,0.0
20130320:0310,0.0,0.0,0.0,0.0,4.15,3.1,0.0
20130320:0410,0.0,0.0,0.0,0.0,3.75,3.17,0.0
20130320:0510,0.0,0.0,0.0,0.0,3.38,3.38,0.0
20130320:0610,0.0,7.0,0.0,1.82,3.0,3.38,0.0
20130320:0710,14.0,82.0,0.0,11.62,3.27,3.52,0.0
20130320:0810,37.0,165.0,0.0,20.93,4.36,5.24,0.0
20130320:0910,223.0,192.0,0.0,29.24,5.61,5.17,0.0
20130320:1010,19.0,260.0,0.0,35.91,6.71,5.24,0.0
20130320:1110,15.0,280.0,0.0,40.11,7.74,4.97,0.0
20130320:1210,0.0,83.0,0.0,41.15,8.46,4.76,0.0
20130320:1310,20.0,282.0,0.0,38.82,9.16,4.69,0.0
20130320:1410,171.0,256.0,0.0,33.56,9.58,4.76,0.0
20130320:1510,164.0,186.0,0.0,26.16,8.14,5.1,0.0
20130320:1610,178.0,83.0,0.0,17.39,7.9,4.97,0.0
20130320:1710,58.0,40.0,0.0,7.83,7.49,3.45,0.0
20130320:1810,0.0,0.0,0.0,0.0,6.34,2.97,0.0
20130320:1910,0.0,0.0,0.0,0.0,5.06,2.48,0.0
20130320:2010,0.0,0.0,0.0,0.0,3.92,2.14,0.0
20130320:2110,0.0,0.0,0.0,0.0,2.99,1.79,0.0
20130320:2210,0.0,0.0,0.0,0.0,1.66,1.66,0.0
20130320:2310,0.0,0.0,0.0,0.0,0.82,1.52,0.0
20130321:0010,0.0,0.0,0.0,0.0,1.23,1.03,0.0
20130321:0110,0.0,0.0,0.0,0.0,1.92,0.48,0.0
20130321:0210,0.0,0.0,0.0,0.0,1.72,0.34,0.0
20130321:0310,0.0,0.0,0.0,0.0,0.94,0.97,0.0
20130321:0410,0.0,0.0,0.0,0.0,-0.7,1.31,0.0
20130321:0510,0.0,0.0,0.0,0.0,-1.69,1.72,0.0
20130321:0610,0.0,3.0,0.0,2.16,-1.32,1.86,0.0
20130321:0710,8.0,79.0,0.0,11.97,-0.06,1.79,0.0
20130321:0810,5.0,136.0,0.0,21.29,3.67,2.07,0.0
20130321:0910,11.0,205.0,0.0,29.62,5.8,2.55,0.0
20130321:1010,120.0,292.0,0.0,36.3,7.56,2.9,0.0
20130321:1110,29.0,301.0,0.0,40.51,8.47,3.03,0.0
20130321:1210,48.0,322.0,0.0,41.54,9.58,2.9,0.0
20130321:1310,101.0,317.0,0.0,39.18,10.13,2.55,0.0
20130321:1410,21.0,248.0,0.0,33.88,10.2,2.0,0.0
20130321:1510,45.0,209.0,0.0,26.45,9.94,2.0,0.0
20130321:1610,5.0,113.0,0.0,17.65,9.37,2.21,0.0
20130321:1710,17.0,53.0,0.0,8.08,8.59,2.41,0.0
20130321:1810,0.0,0.0,0.0,0.0,7.54,2.62,0.0
20130321:1910,0.0,0.0,0.0,0.0,7.14,2.97,0.0
20130321:2010,0.0,0.0,0.0,0.0,6.78,3.17,0.0
20130321:2110,0.0,0.0,0.0,0.0,6.31,3.38,0.0
20130321:2210,0.0,0.0,0.0,0.0,5.77,3.38,0.0
20130321:2310,0.0,0.0,0.0,0.0,5.24,3.45,0.0
20130322:0010,0.0,0.0,0.0,0.0,4.38,3.45,0.0
20130322:0110,0.0,0.0,0.0,0.0,3.9,3.45,0.0
20130322:0210,0.0,0.0,0.0,0.0,3.92,3.38,0.0
20130322:0310,0.0,0.0,0.0,0.0,4.03,3.45,0.0
20130322:0410,0.0,0.0,0.0,0.0,4.3,3.52,0.0
20130322:0510,0.0,0.0,0.0,0.0,4.55,3.66,0.0
20130322:0610,6.0,9.91,0.0,2.51,4.63,3.79,0.0
20130322:0710,13.0,85.0,0.0,12.32,4.03,3.93,0.0
20130322:0810,69.0,168.0,0.0,21.66,5.71,4.07,0.0
20130322:0910,327.01,139.0,0.0,30.0,7.93,4.48,0.0
20130322:1010,190.0,273.0,0.0,36.7,9.84,4.55,0.0
20130322:1110,66.0,324.0,0.0,40.92,11.33,4.83,0.0
20130322:1210,436.01,201.0,0.0,41.93,12.57,5.24,0.0
20130322:1310,278.01,262.0,0.0,39.54,13.48,5.38,0.0
20130322:1410,100.0,274.0,0.0,34.2,13.8,5.52,0.0
20130322:1510,64.0,213.0,0.0,26.74,13.7,5.72,0.0
20130322:1610,12.0,124.0,0.0,17.92,13.27,5.17,0.0
20130322:1710,8.0,53.0,0.0,8.33,12.32,5.17,0.0
20130322:1810,0.0,0.0,0.0,0.0,11.33,4.97,0.0
20130322:1910,0.0,0.0,0.0,0.0,10.14,3.86,0.0
20130322:2010,0.0,0.0,0.0,0.0,9.63,3.59,0.0
20130322:2110,0.0,0.0,0.0,0.0,9.25,3.17,0.0
20130322:2210,0.0,0.0,0.0,0.0,8.81,3.03,0.0
20130322:2310,0.0,0.0,0.0,0.0,8.38,2.9,0.0
20130323:0010,0.0,0.0,0.0,0.0,7.95,2.55,0.0
20130323:0110,0.0,0.0,0.0,0.0,7.43,2.28,0.0
20130323:0210,0.0,0.0,0.0,0.0,6.88,2.14,0.0
20130323:0310,0.0,0.0,0.0,0.0,6.54,1.93,0.0
20130323:0410,0.0,0.0,0.0,0.0,6.09,1.72,0.0
20130323:0510,0.0,0.0,0.0,0.0,5.74,1.38,0.0
20130323:0610,0.0,8.0,0.0,2.86,5.45,1.24,0.0
20130323:0710,4.0,77.0,0.0,12.67,5.56,0.55,0.0
20130323:0810,93.0,166.0,0.0,22.02,6.96,0.34,0.0
20130323:0910,146.0,230.0,0.0,30.38,8.79,0.28,0.0
20130323:1010,12.0,252.0,0.0,37.09,10.66,0.21,0.0
20130323:1110,19.0,289.0,0.0,41.32,12.21,0.41,0.0
20130323:1210,8.0,268.0,0.0,42.33,13.07,0.55,0.0
20130323:1310,98.0,319.0,0.0,39.9,13.65,0.48,0.0
20130323:1410,115.0,274.0,0.0,34.52,14.06,0.41,0.0
20130323:1510,28.0,205.0,0.0,27.03,13.94,0.55,0.0
20130323:1610,29.0,137.0,0.0,18.18,12.95,1.59,0.0
20130323:1710,4.0,49.0,0.0,8.58,11.95,2.21,0.0
20130323:1810,0.0,0.0,0.0,0.0,10.67,2.83,0.0
20130323:1910,0.0,0.0,0.0,0.0,8.74,2.97,0.0
20130323:2010,0.0,0.0,0.0,0.0,8.03,2.83,0.0
20130323:2110,0.0,0.0,0.0,0.0,7.58,2.69,0.0
20130323:2210,0.0,0.0,0.0,0.0,7.04,2.55,0.0
20130323:2310,0.0,0.0,0.0,0.0,6.48,2.55,0.0
20130324:0010,0.0,0.0,0.0,0.0,6.0,2.55,0.0
20130324:0110,0.0,0.0,0.0,0.0,5.52,2.55,0.0
20130324:0210,0.0,0.0,0.0,0.0,5.22,2.69,0.0
20130324:0310,0.0,0.0,0.0,0.0,5.2,2.69,0.0
20130324:0410,0.0,0.0,0.0,0.0,5.34,2.69,0.0
20130324:0510,0.0,0.0,0.0,0.0,5.34,2.76,0.0
20130324:0610,1.0,12.83,0.0,3.21,5.28,2.97,0.0
20130324:0710,6.0,83.0,0.0,13.03,4.87,3.17,0.0
20130324:0810,0.0,88.0,0.0,22.38,5.32,3.45,0.0
20130324:0910,0.0,145.0,0.0,30.76,5.84,3.52,0.0
20130324:1010,0.0,138.0,0.0,37.49,6.71,3.66,0.0
20130324:1110,0.0,209.0,0.0,41.72,7.34,3.66,0.0
20130324:1210,12.0,287.0,0.0,42.72,8.04,3.66,0.0
20130324:1310,38.0,306.0,0.0,40.26,8.42,3.59,0.0
20130324:1410,18.0,249.0,0.0,34.84,9.02,3.93,0.0
20130324:1510,18.0,199.0,0.0,27.31,9.0,4.0,0.0
20130324:1610,35.0,142.0,0.0,18.44,8.63,4.21,0.0
20130324:1710,4.0,53.0,0.0,8.83,7.95,4.07,0.0
20130324:1810,0.0,0.0,0.0,0.0,7.12,3.86,0.0
20130324:1910,0.0,0.0,0.0,0.0,5.37,3.52,0.0
20130324:2010,0.0,0.0,0.0,0.0,5.12,3.03,0.0
20130324:2110,0.0,0.0,0.0,0.0,5.0,3.03,0.0
20130324:2210,0.0,0.0,0.0,0.0,4.94,2.9,0.0
20130324:2310,0.0,0.0,0.0,0.0,4.87,2.76,0.0
20130325:0010,0.0,0.0,0.0,0.0,4.86,2.76,0.0
20130325:0110,0.0,0.0,0.0,0.0,4.7,2.83,0.0
20130325:0210,0.0,0.0,0.0,0.0,4.57,3.03,0.0
20130325:0310,0.0,0.0,0.0,0.0,4.22,3.24,0.0
20130325:0410,0.0,0.0,0.0,0.0,3.86,3.59,0.0
20130325:0510,0.0,0.0,0.0,0.0,3.42,3.59,0.0
20130325:0610,0.0,10.0,0.0,3.55,3.01,3.52,0.0
20130325:0710,10.0,91.0,0.0,13.38,2.45,3.24,0.0
20130325:0810,3.0,137.0,0.0,22.74,2.52,3.38,0.0
20130325:0910,5.0,197.0,0.0,31.14,3.0,3.38,0.0
20130325:1010,108.0,307.0,0.0,37.88,3.39,3.24,0.0
20130325:1110,576.01,125.0,0.0,42.12,4.22,3.24,0.0
20130325:1210,631.01,104.0,0.0,43.1,4.87,3.38,0.0
20130325:1310,546.01,127.0,0.0,40.62,5.84,3.59,0.0
20130325:1410,456.01,123.0,0.0,35.16,6.52,3.66,0.0
20130325:1510,346.01,105.0,0.0,27.59,6.95,3.79,0.0
20130325:1610,177.0,98.0,0.0,18.7,6.81,4.0,0.0
20130325:1710,63.0,50.0,0.0,9.07,6.26,3.93,0.0
20130325:1810,0.0,0.0,0.0,0.0,5.43,3.45,0.0
20130325:1910,0.0,0.0,0.0,0.0,5.25,3.17,0.0
20130325:2010,0.0,0.0,0.0,0.0,4.75,3.1,0.0
20130325:2110,0.0,0.0,0.0,0.0,4.4,2.97,0.0
20130325:2210,0.0,0.0,0.0,0.0,3.88,2.76,0.0
20130325:2310,0.0,0.0,0.0,0.0,3.44,2.69,0.0
20130326:0010,0.0,0.0,0.0,0.0,2.94,2.83,0.0
20130326:0110,0.0,0.0,0.0,0.0,2.52,3.1,0.0
20130326:0210,0.0,0.0,0.0,0.0,2.15,3.38,0.0
20130326:0310,0.0,0.0,0.0,0.0,1.7,3.24,0.0
20130326:0410,0.0,0.0,0.0,0.0,1.39,3.24,0.0
20130326:0510,0.0,0.0,0.0,0.0,1.09,3.1,0.0
20130326:0610,3.0,19.36,0.0,3.9,0.75,2.97,0.0
20130326:0710,13.0,97.0,0.0,13.73,1.41,2.9,0.0
20130326:0810,26.0,177.0,0.0,23.11,1.78,3.1,0.0
20130326:0910,27.0,241.0,0.0,31.52,2.76,3.17,0.0
20130326:1010,28.0,287.0,0.0,38.28,3.99,3.38,0.0
20130326:1110,43.0,328.0,0.0,42.52,4.86,3.17,0.0
20130326:1210,276.01,306.0,0.0,43.49,5.55,3.17,0.0
20130326:1310,141.0,329.0,0.0,40.97,5.62,3.1,0.0
20130326:1410,98.0,290.0,0.0,35.48,5.74,3.17,0.0
20130326:1510,15.0,200.0,0.0,27.88,5.47,3.24,0.0
20130326:1610,20.0,141.0,0.0,18.95,5.25,3.31,0.0
20130326:1710,18.0,65.0,0.0,9.32,4.94,3.1,0.0
20130326:1810,0.0,0.0,0.0,0.0,4.52,2.55,0.0
20130326:1910,0.0,0.0,0.0,0.0,4.03,2.07,0.0
20130326:2010,0.0,0.0,0.0,0.0,3.78,2.14,0.0
20130326:2110,0.0,0.0,0.0,0.0,3.45,2.28,0.0
20130326:2210,0.0,0.0,0.0,0.0,3.03,2.28,0.0
20130326:2310,0.0,0.0,0.0,0.0,2.75,2.34,0.0
20130327:0010,0.0,0.0,0.0,0.0,2.57,2.41,0.0
20130327:0110,0.0,0.0,0.0,0.0,2.35,2.41,0.0
20130327:0210,0.0,0.0,0.0,0.0,2.16,2.41,0.0
20130327:0310,0.0,0.0,0.0,0.0,1.98,2.48,0.0
20130327:0410,0.0,0.0,0.0,0.0,1.68,2.48,0.0
20130327:0510,0.0,0.0,0.0,0.0,1.52,2.55,0.0
20130327:0610,14.0,19.83,0.0,4.25,1.25,2.62,0.0
20130327:0710,64.0,102.0,0.0,14.08,1.2,2.55,0.0
20130327:0810,55.0,189.0,0.0,23.47,1.72,2.62,0.0
20130327:0910,408.01,120.0,0.0,31.9,2.55,2.48,0.0
20130327:1010,521.01,127.0,0.0,38.67,3.6,2.34,0.0
20130327:1110,218.0,325.0,0.0,42.92,4.17,2.0,0.0
20130327:1210,0.0,168.0,0.0,43.88,4.37,1.86,0.0
20130327:1310,2.0,235.0,0.0,41.33,4.45,1.79,0.0
20130327:1410,4.0,220.0,0.0,35.79,4.6,1.79,0.0
20130327:1510,7.0,188.0,0.0,28.16,4.52,1.79,0.0
20130327:1610,8.0,130.0,0.0,19.21,4.61,1.93,0.0
20130327:1710,7.0,61.0,0.0,9.56,4.33,1.86,0.0
20130327:1810,0.0,0.0,0.0,0.0,3.87,1.66,0.0
20130327:1910,0.0,0.0,0.0,0.0,3.72,1.86,0.0
20130327:2010,0.0,0.0,0.0,0.0,3.42,1.86,0.0
20130327:2110,0.0,0.0,0.0,0.0,3.09,1.86,0.0
20130327:2210,0.0,0.0,0.0,0.0,2.79,1.79,0.0
20130327:2310,0.0,0.0,0.0,0.0,2.53,1.66,0.0
20130328:0010,0.0,0.0,0.0,0.0,2.16,1.45,0.0
20130328:0110,0.0,0.0,0.0,0.0,1.86,1.45,0.0
20130328:0210,0.0,0.0,0.0,0.0,1.6,1.59,0.0
20130328:0310,0.0,0.0,0.0,0.0,1.33,1.72,0.0
20130328:0410,0.0,0.0,0.0,0.0,1.02,1.79,0.0
20130328:0510,0.0,0.0,0.0,0.0,0.95,1.72,0.0
20130328:0610,1.0,19.82,0.0,4.59,0.81,1.72,0.0
20130328:0710,14.0,105.0,0.0,14.43,1.8,1.38,0.0
20130328:0810,51.0,193.0,0.0,23.83,2.97,1.59,0.0
20130328:0910,102.0,265.0,0.0,32.27,4.03,1.93,0.0
20130328:1010,0.0,91.0,0.0,39.06,5.03,2.07,0.0
20130328:1110,7.0,276.0,0.0,43.32,5.42,2.14,0.0
20130328:1210,1.0,233.0,0.0,44.27,5.82,2.34,0.0
20130328:1310,2.0,234.0,0.0,41.68,6.09,2.55,0.0
20130328:1410,0.0,142.0,0.0,36.11,6.25,2.69,0.0
20130328:1510,0.0,66.0,0.0,28.44,6.51,2.9,0.0
20130328:1610,80.0,150.0,0.0,19.47,6.3,3.03,0.0
20130328:1710,11.0,67.0,0.0,9.8,5.82,2.97,0.0
20130328:1810,0.0,0.0,0.0,0.0,4.65,2.41,0.0
20130328:1910,0.0,0.0,0.0,0.0,3.3,2.28,0.0
20130328:2010,0.0,0.0,0.0,0.0,2.24,2.34,0.0
20130328:2110,0.0,0.0,0.0,0.0,1.48,2.34,0.0
20130328:2210,0.0,0.0,0.0,0.0,0.59,2.14,0.0
20130328:2310,0.0,0.0,0.0,0.0,-0.19,2.14,0.0
20130329:0010,0.0,0.0,0.0,0.0,-0.96,2.14,0.0
20130329:0110,0.0,0.0,0.0,0.0,-1.67,1.79,0.0
20130329:0210,0.0,0.0,0.0,0.0,-2.44,1.86,0.0
20130329:0310,0.0,0.0,0.0,0.0,-2.93,2.07,0.0
20130329:0410,0.0,0.0,0.0,0.0,-3.36,1.72,0.0
20130329:0510,0.0,0.0,0.0,0.0,-3.68,1.86,0.0
20130329:0610,1.0,22.81,0.0,4.94,-3.51,1.93,0.0
20130329:0710,32.0,112.0,0.0,14.78,-1.45,1.93,0.0
20130329:0810,151.0,173.0,0.0,24.19,0.43,2.07,0.0
20130329:0910,347.01,165.0,0.0,32.65,2.07,2.28,0.0
20130329:1010,475.01,163.0,0.0,39.45,3.48,2.0,0.0
20130329:1110,294.01,302.0,0.0,43.72,4.53,2.07,0.0
20130329:1210,430.01,241.0,0.0,44.65,5.39,1.86,0.0
20130329:1310,362.01,253.0,0.0,42.03,5.72,1.72,0.0
20130329:1410,186.0,279.0,0.0,36.42,5.72,1.66,0.0
20130329:1510,231.0,184.0,0.0,28.71,5.76,1.66,0.0
20130329:1610,13.0,141.0,0.0,19.72,5.62,1.72,0.0
20130329:1710,34.0,70.0,0.0,10.05,5.37,2.28,0.0
20130329:1810,0.0,0.0,0.0,0.0,4.78,2.69,0.0
20130329:1910,0.0,0.0,0.0,0.0,4.22,3.17,0.0
20130329:2010,0.0,0.0,0.0,0.0,3.68,3.52,0.0
20130329:2110,0.0,0.0,0.0,0.0,3.23,3.66,0.0
20130329:2210,0.0,0.0,0.0,0.0,2.8,3.45,0.0
20130329:2310,0.0,0.0,0.0,0.0,2.51,3.45,0.0
20130330:0010,0.0,0.0,0.0,0.0,2.25,3.31,0.0
20130330:0110,0.0,0.0,0.0,0.0,1.92,2.97,0.0
20130330:0210,0.0,0.0,0.0,0.0,1.75,2.48,0.0
20130330:0310,0.0,0.0,0.0,0.0,1.53,2.83,0.0
20130330:0410,0.0,0.0,0.0,0.0,1.28,3.1,0.0
20130330:0510,0.0,0.0,0.0,0.0,1.07,3.24,0.0
20130330:0610,14.0,28.45,0.0,5.28,0.84,3.38,0.0
20130330:0710,3.0,91.0,0.0,15.13,0.62,3.79,0.0
20130330:0810,5.0,156.0,0.0,24.55,0.98,3.66,0.0
20130330:0910,0.0,163.0,0.0,33.02,1.44,3.59,0.0
20130330:1010,4.0,242.0,0.0,39.84,2.34,3.79,0.0
20130330:1110,0.0,202.0,0.0,44.12,3.78,4.0,0.0
20130330:1210,0.0,129.0,0.0,45.04,4.8,3.93,0.0
20130330:1310,0.0,111.0,0.0,42.38,5.43,3.86,0.0
20130330:1410,44.0,287.0,0.0,36.73,5.84,4.21,0.0
20130330:1510,23.0,217.0,0.0,28.99,5.67,4.41,0.0
20130330:1610,14.0,143.0,0.0,19.97,5.34,4.69,0.0
20130330:1710,8.0,67.0,0.0,10.29,4.68,4.69,0.0
20130330:1810,0.0,0.0,0.0,0.0,3.8,4.34,0.0
20130330:1910,0.0,0.0,0.0,0.0,2.81,4.34,0.0
20130330:2010,0.0,0.0,0.0,0.0,2.34,4.14,0.0
20130330:2110,0.0,0.0,0.0,0.0,1.88,3.79,0.0
20130330:2210,0.0,0.0,0.0,0.0,1.66,3.59,0.0
20130330:2310,0.0,0.0,0.0,0.0,1.25,3.45,0.0
20130331:0010,0.0,0.0,0.0,0.0,1.12,3.45,0.0
20130331:0110,0.0,0.0,0.0,0.0,0.52,3.31,0.0
20130331:0210,0.0,0.0,0.0,0.0,-0.29,3.1,0.0
20130331:0310,0.0,0.0,0.0,0.0,-0.8,2.97,0.0
20130331:0410,0.0,0.0,0.0,0.0,-1.45,2.76,0.0
20130331:0510,0.0,0.0,0.0,0.0,-2.08,2.55,0.0
20130331:0610,22.0,27.6,0.0,5.63,-2.44,2.41,0.0
20130331:0710,160.0,73.0,0.0,15.47,-1.05,2.69,0.0
20130331:0810,296.0,108.0,0.0,24.9,0.52,2.97,0.0
20130331:0910,300.0,201.0,0.0,33.39,2.23,3.45,0.0
20130331:1010,305.01,267.0,0.0,40.23,3.42,3.31,0.0
20130331:1110,167.0,355.0,0.0,44.52,4.05,3.17,0.0
20130331:1210,72.0,363.0,0.0,45.42,4.22,3.1,0.0
20130331:1310,56.0,340.0,0.0,42.73,4.55,2.97,0.0
20130331:1410,6.0,240.0,0.0,37.04,4.59,2.76,0.0
20130331:1510,33.0,230.0,0.0,29.26,4.65,2.69,0.0
20130331:1610,33.0,159.0,0.0,20.22,4.49,2.83,0.0
20130331:1710,15.0,75.0,0.0,10.53,4.29,2.9,0.0
20130331:1810,0.0,0.0,0.0,0.0,3.83,2.55,0.0
20130331:1910,0.0,0.0,0.0,0.0,2.97,3.1,0.0
20130331:2010,0.0,0.0,0.0,0.0,2.62,3.31,0.0
20130331:2110,0.0,0.0,0.0,0.0,2.1,3.38,0.0
20130331:2210,0.0,0.0,0.0,0.0,1.55,3.38,0.0
20130331:2310,0.0,0.0,0.0,0.0,1.24,3.24,0.0
20130401:0010,0.0,0.0,0.0,0.0,1.16,3.24,0.0
20130401:0110,0.0,0.0,0.0,0.0,0.73,3.24,0.0
20130401:0210,0.0,0.0,0.0,0.0,0.05,3.38,0.0
20130401:0310,0.0,0.0,0.0,0.0,-0.31,3.52,0.0
20130401:0410,0.0,0.0,0.0,0.0,-0.75,3.66,0.0
20130401:0510,0.0,0.0,0.0,0.0,-1.31,3.72,0.0
20130401:0610,23.0,36.0,0.0,5.97,-1.46,3.72,0.0
20130401:0710,132.0,93.0,0.0,15.82,-0.07,3.66,0.0
20130401:0810,280.0,123.0,0.0,25.26,1.62,4.69,0.0
20130401:0910,412.01,144.0,0.0,33.76,3.29,5.1,0.0
20130401:1010,520.01,154.0,0.0,40.62,4.85,5.38,0.0
20130401:1110,558.01,174.0,0.0,44.91,6.27,5.72,0.0
20130401:1210,569.01,176.0,0.0,45.8,7.38,5.59,0.0
20130401:1310,523.01,177.0,0.0,43.08,8.04,5.59,0.0
20130401:1410,464.01,152.0,0.0,37.35,8.46,5.72,0.0
20130401:1510,349.01,132.0,0.0,29.54,8.57,5.66,0.0
20130401:1610,215.0,103.0,0.0,20.47,8.27,5.45,0.0
20130401:1710,70.0,67.0,0.0,10.77,7.72,4.48,0.0
20130401:1810,0.0,0.0,0.0,0.0,6.57,4.0,0.0
20130401:1910,0.0,0.0,0.0,0.0,5.81,3.72,0.0
20130401:2010,0.0,0.0,0.0,0.0,5.2,4.14,0.0
20130401:2110,0.0,0.0,0.0,0.0,4.65,4.28,0.0
20130401:2210,0.0,0.0,0.0,0.0,4.02,4.34,0.0
20130401:2310,0.0,0.0,0.0,0.0,3.23,4.34,0.0
20130402:0010,0.0,0.0,0.0,0.0,2.53,4.28,0.0
20130402:0110,0.0,0.0,0.0,0.0,1.76,4.14,0.0
20130402:0210,0.0,0.0,0.0,0.0,1.21,4.0,0.0
20130402:0310,0.0,0.0,0.0,0.0,0.62,3.86,0.0
20130402:0410,0.0,0.0,0.0,0.0,0.12,3.72,0.0
20130402:0510,0.0,0.0,0.0,0.0,-0.45,3.59,0.0
20130402:0610,31.0,37.0,0.0,6.31,-0.8,3.52,0.0
20130402:0710,151.0,87.0,0.0,16.16,0.33,3.72,0.0
20130402:0810,307.0,111.0,0.0,25.61,1.94,4.76,0.0
20130402:0910,433.01,134.0,0.0,34.13,3.57,4.97,0.0
20130402:1010,535.01,147.0,0.0,41.01,5.16,5.03,0.0
20130402:1110,561.01,175.0,0.0,45.3,6.55,5.03,0.0
20130402:1210,572.01,177.0,0.0,46.18,7.6,5.03,0.0
20130402:1310,537.01,171.0,0.0,43.42,8.32,5.03,0.0
20130402:1410,467.01,153.0,0.0,37.65,9.0,4.97,0.0
20130402:1510,366.01,125.0,0.0,29.81,9.06,4.62,0.0
20130402:1610,222.0,101.0,0.0,20.72,8.9,4.41,0.0
20130402:1710,78.0,65.0,0.0,11.0,8.33,3.59,0.0
20130402:1810,0.0,0.0,0.0,0.0,7.41,3.45,0.0
20130402:1910,0.0,0.0,0.0,0.0,5.19,3.1,0.0
20130402:2010,0.0,0.0,0.0,0.0,4.37,3.59,0.0
20130402:2110,0.0,0.0,0.0,0.0,3.88,3.86,0.0
20130402:2210,0.0,0.0,0.0,0.0,3.44,3.72,0.0
20130402:2310,0.0,0.0,0.0,0.0,2.87,3.38,0.0
20130403:0010,0.0,0.0,0.0,0.0,2.46,3.17,0.0
20130403:0110,0.0,0.0,0.0,0.0,2.08,3.03,0.0
20130403:0210,0.0,0.0,0.0,0.0,2.05,2.97,0.0
20130403:0310,0.0,0.0,0.0,0.0,2.02,2.83,0.0
20130403:0410,0.0,0.0,0.0,0.0,1.99,2.76,0.0
20130403:0510,0.0,0.0,0.0,0.0,1.69,2.83,0.0
20130403:0610,31.0,40.0,0.0,6.65,1.6,2.9,0.0
20130403:0710,122.0,105.0,0.0,16.5,1.8,2.62,0.0
20130403:0810,276.0,131.0,0.0,25.96,2.89,2.9,0.0
20130403:0910,411.01,150.0,0.0,34.5,4.2,2.83,0.0
20130403:1010,527.01,154.0,0.0,41.39,5.44,2.97,0.0
20130403:1110,563.01,176.0,0.0,45.69,6.79,3.1,0.0
20130403:1210,574.01,177.0,0.0,46.56,7.37,2.97,0.0
20130403:1310,9.0,286.0,0.0,43.77,8.0,2.97,0.0
20130403:1410,16.0,271.0,0.0,37.95,8.15,3.17,0.0
20130403:1510,269.0,181.0,0.0,30.08,7.85,3.24,0.0
20130403:1610,123.0,151.0,0.0,20.97,7.26,3.31,0.0
20130403:1710,35.0,81.0,0.0,11.24,6.77,2.9,0.0
20130403:1810,0.0,0.0,0.0,0.0,5.61,2.41,0.0
20130403:1910,0.0,0.0,0.0,0.0,5.02,3.31,0.0
20130403:2010,0.0,0.0,0.0,0.0,4.23,3.45,0.0
20130403:2110,0.0,0.0,0.0,0.0,3.62,3.31,0.0
20130403:2210,0.0,0.0,0.0,0.0,3.16,3.1,0.0
20130403:2310,0.0,0.0,0.0,0.0,2.8,3.03,0.0
20130404:0010,0.0,0.0,0.0,0.0,2.78,3.24,0.0
20130404:0110,0.0,0.0,0.0,0.0,2.18,3.45,0.0
20130404:0210,0.0,0.0,0.0,0.0,1.68,3.59,0.0
20130404:0310,0.0,0.0,0.0,0.0,1.08,3.66,0.0
20130404:0410,0.0,0.0,0.0,0.0,0.68,3.79,0.0
20130404:0510,0.0,0.0,0.0,0.0,0.48,3.93,0.0
20130404:0610,1.0,35.0,0.0,6.98,0.49,4.14,0.0
20130404:0710,10.0,115.0,0.0,16.84,1.43,3.86,0.0
20130404:0810,77.0,210.0,0.0,26.31,1.84,4.14,0.0
20130404:0910,339.01,188.0,0.0,34.87,2.47,4.34,0.0
20130404:1010,103.0,336.0,0.0,41.77,3.45,4.55,0.0
20130404:1110,50.0,353.0,0.0,46.08,4.8,4.9,0.0
20130404:1210,0.0,176.0,0.0,46.93,6.02,4.97,0.0
20130404:1310,0.0,181.0,0.0,44.11,7.58,5.31,0.0
20130404:1410,0.0,123.0,0.0,38.26,8.49,5.59,0.0
20130404:1510,0.0,140.0,0.0,30.34,8.81,5.31,0.0
20130404:1610,0.0,102.0,0.0,21.21,9.1,4.69,0.0
20130404:1710,0.0,33.0,0.0,11.48,8.89,4.34,0.0
20130404:1810,0.0,0.0,0.0,0.0,8.18,4.62,0.0
20130404:1910,0.0,0.0,0.0,0.0,5.6,4.48,0.0
20130404:2010,0.0,0.0,0.0,0.0,5.09,4.97,0.0
20130404:2110,0.0,0.0,0.0,0.0,4.72,5.17,0.0
20130404:2210,0.0,0.0,0.0,0.0,4.33,5.03,0.0
20130404:2310,0.0,0.0,0.0,0.0,3.93,4.9,0.0
20130405:0010,0.0,0.0,0.0,0.0,3.59,4.62,0.0
20130405:0110,0.0,0.0,0.0,0.0,3.29,4.48,0.0
20130405:0210,0.0,0.0,0.0,0.0,3.12,4.21,0.0
20130405:0310,0.0,0.0,0.0,0.0,3.08,4.07,0.0
20130405:0410,0.0,0.0,0.0,0.0,3.16,4.0,0.0
20130405:0510,0.0,0.0,0.0,0.0,3.08,3.86,0.0
20130405:0610,8.0,45.0,0.0,7.32,2.93,3.93,0.0
20130405:0710,5.0,108.0,0.0,17.18,3.03,2.97,0.0
20130405:0810,0.0,97.0,0.0,26.66,3.6,3.52,0.0
20130405:0910,8.0,230.0,0.0,35.23,4.45,3.79,0.0
20130405:1010,0.0,137.0,0.0,42.15,5.49,3.72,0.0
20130405:1110,17.0,315.0,0.0,46.47,6.36,3.38,0.0
20130405:1210,48.0,357.0,0.0,47.31,7.39,3.31,0.0
20130405:1310,60.0,345.0,0.0,44.45,8.21,3.52,0.0
20130405:1410,66.0,306.0,0.0,38.55,8.92,3.66,0.0
20130405:1510,68.0,245.0,0.0,30.61,9.31,3.72,0.0
20130405:1610,38.0,166.0,0.0,21.46,9.38,3.59,0.0
20130405:1710,12.0,79.0,0.0,11.71,8.89,3.38,0.0
20130405:1810,0.0,6.0,0.0,1.82,7.9,3.79,0.0
20130405:1910,0.0,0.0,0.0,0.0,6.38,3.93,0.0
20130405:2010,0.0,0.0,0.0,0.0,5.34,4.55,0.0
20130405:2110,0.0,0.0,0.0,0.0,4.36,4.55,0.0
20130405:2210,0.0,0.0,0.0,0.0,3.57,4.34,0.0
20130405:2310,0.0,0.0,0.0,0.0,3.04,4.14,0.0
20130406:0010,0.0,0.0,0.0,0.0,2.63,3.93,0.0
20130406:0110,0.0,0.0,0.0,0.0,2.24,3.66,0.0
20130406:0210,0.0,0.0,0.0,0.0,1.81,3.52,0.0
20130406:0310,0.0,0.0,0.0,0.0,1.44,3.52,0.0
20130406:0410,0.0,0.0,0.0,0.0,1.35,3.52,0.0
20130406:0510,0.0,0.0,0.0,0.0,1.23,3.52,0.0
20130406:0610,4.0,45.0,0.0,7.65,1.4,3.24,0.0
20130406:0710,100.0,122.0,0.0,17.52,2.18,3.72,0.0
20130406:0810,213.0,171.0,0.0,27.01,3.63,4.28,0.0
20130406:0910,160.0,276.0,0.0,35.59,5.14,4.83,0.0
20130406:1010,0.0,217.0,0.0,42.53,6.29,4.83,0.0
20130406:1110,0.0,225.0,0.0,46.86,6.33,4.76,0.0
20130406:1210,14.0,316.0,0.0,47.68,6.69,4.76,0.0
20130406:1310,16.0,307.0,0.0,44.79,7.16,4.76,0.0
20130406:1410,5.0,240.0,0.0,38.85,7.52,4.83,0.0
20130406:1510,0.0,123.0,0.0,30.87,7.58,4.55,0.0
20130406:1610,0.0,110.0,0.0,21.7,7.69,4.62,0.0
20130406:1710,5.0,73.0,0.0,11.94,7.3,4.0,0.0
20130406:1810,0.0,5.0,0.0,2.05,6.67,3.59,0.0
20130406:1910,0.0,0.0,0.0,0.0,5.62,3.1,0.0
20130406:2010,0.0,0.0,0.0,0.0,4.71,2.97,0.0
20130406:2110,0.0,0.0,0.0,0.0,3.86,2.69,0.0
20130406:2210,0.0,0.0,0.0,0.0,3.19,2.48,0.0
20130406:2310,0.0,0.0,0.0,0.0,2.53,2.62,0.0
20130407:0010,0.0,0.0,0.0,0.0,2.15,2.69,0.0
20130407:0110,0.0,0.0,0.0,0.0,1.89,2.69,0.0
20130407:0210,0.0,0.0,0.0,0.0,1.5,2.69,0.0
20130407:0310,0.0,0.0,0.0,0.0,1.05,2.69,0.0
20130407:0410,0.0,0.0,0.0,0.0,0.53,2.55,0.0
20130407:0510,0.0,0.0,0.0,0.0,-0.02,2.41,0.0
20130407:0610,31.0,53.0,0.0,7.98,-0.15,2.14,0.0
20130407:0710,153.0,104.0,0.0,17.85,1.39,1.93,0.0
20130407:0810,312.0,126.0,0.0,27.35,3.67,2.55,0.0
20130407:0910,438.01,148.0,0.0,35.95,5.58,3.1,0.0
20130407:1010,545.01,157.0,0.0,42.91,7.18,3.66,0.0
20130407:1110,479.01,238.0,0.0,47.24,7.92,3.24,0.0
20130407:1210,305.0,334.0,0.0,48.05,8.42,3.03,0.0
20130407:1310,307.0,308.0,0.0,45.12,8.68,2.83,0.0
20130407:1410,133.0,317.0,0.0,39.15,9.0,2.83,0.0
20130407:1510,98.0,254.0,0.0,31.14,8.97,2.83,0.0
20130407:1610,29.0,170.0,0.0,21.94,8.94,3.1,0.0
20130407:1710,10.0,84.0,0.0,12.18,8.57,2.48,0.0
20130407:1810,0.0,9.0,0.0,2.29,7.88,2.07,0.0
20130407:1910,0.0,0.0,0.0,0.0,7.04,2.48,0.0
20130407:2010,0.0,0.0,0.0,0.0,6.31,2.48,0.0
20130407:2110,0.0,0.0,0.0,0.0,5.95,2.62,0.0
20130407:2210,0.0,0.0,0.0,0.0,5.6,2.76,0.0
20130407:2310,0.0,0.0,0.0,0.0,5.4,2.62,0.0
20130408:0010,0.0,0.0,0.0,0.0,5.15,2.55,0.0
20130408:0110,0.0,0.0,0.0,0.0,5.01,2.62,0.0
20130408:0210,0.0,0.0,0.0,0.0,4.75,2.69,0.0
20130408:0310,0.0,0.0,0.0,0.0,4.37,2.55,0.0
20130408:0410,0.0,0.0,0.0,0.0,4.09,2.41,0.0
20130408:0510,0.0,0.0,0.0,0.0,3.79,2.28,0.0
20130408:0610,0.0,15.0,0.0,8.31,3.64,2.14,0.0
20130408:0710,0.0,64.0,0.0,18.18,4.48,1.72,0.0
20130408:0810,43.0,219.0,0.0,27.69,5.47,1.86,0.0
20130408:0910,105.0,293.0,0.0,36.31,6.61,1.93,0.0
20130408:1010,26.0,313.0,0.0,43.28,7.46,2.28,0.0
20130408:1110,0.0,161.0,0.0,47.63,8.24,2.41,0.0
20130408:1210,0.0,149.0,0.0,48.42,8.7,2.76,0.0
20130408:1310,122.0,361.0,0.0,45.46,9.43,3.03,0.0
20130408:1410,28.0,291.0,0.0,39.44,9.71,2.9,0.0
20130408:1510,137.0,244.0,0.0,31.4,10.12,2.83,0.0
20130408:1610,5.0,140.0,0.0,22.18,9.76,2.69,0.0
20130408:1710,53.0,87.0,0.0,12.41,9.29,2.83,0.0
20130408:1810,0.0,11.0,0.0,2.52,8.29,2.76,0.0
20130408:1910,0.0,0.0,0.0,0.0,7.3,2.28,0.0
20130408:2010,0.0,0.0,0.0,0.0,6.46,2.41,0.0
20130408:2110,0.0,0.0,0.0,0.0,5.74,2.69,0.0
20130408:2210,0.0,0.0,0.0,0.0,5.32,2.97,0.0
20130408:2310,0.0,0.0,0.0,0.0,5.34,3.17,0.0
20130409:0010,0.0,0.0,0.0,0.0,5.48,3.38,0.0
20130409:0110,0.0,0.0,0.0,0.0,5.6,3.52,0.0
20130409:0210,0.0,0.0,0.0,0.0,5.64,3.66,0.0
20130409:0310,0.0,0.0,0.0,0.0,5.61,3.93,0.0
20130409:0410,0.0,0.0,0.0,0.0,5.62,4.48,0.0
20130409:0510,0.0,0.0,0.0,0.0,5.64,5.45,0.0
20130409:0610,0.0,23.0,0.0,8.64,5.82,5.66,0.0
20130409:0710,57.0,142.0,0.0,18.51,6.54,4.97,0.0
20130409:0810,90.0,222.0,0.0,28.03,8.2,4.76,0.0
20130409:0910,53.0,288.0,0.0,36.66,9.45,5.93,0.0
20130409:1010,168.0,338.0,0.0,43.65,10.98,6.07,0.0
20130409:1110,60.0,366.0,0.0,48.01,11.85,6.41,0.0
20130409:1210,0.0,107.0,0.0,48.79,10.08,7.03,0.0
20130409:1310,0.0,124.0,0.0,45.79,9.29,5.59,0.0
20130409:1410,0.0,116.0,0.0,39.73,9.28,6.28,0.0
20130409:1510,0.0,59.0,0.0,31.66,9.3,6.28,0.0
20130409:1610,244.0,101.0,0.0,22.42,9.93,5.86,0.0
20130409:1710,10.0,85.0,0.0,12.64,9.95,5.72,0.0
20130409:1810,0.0,12.0,0.0,2.75,9.34,4.97,0.0
20130409:1910,0.0,0.0,0.0,0.0,8.43,3.66,0.0
20130409:2010,0.0,0.0,0.0,0.0,7.8,3.66,0.0
20130409:2110,0.0,0.0,0.0,0.0,7.86,4.48,0.0
20130409:2210,0.0,0.0,0.0,0.0,8.05,5.38,0.0
20130409:2310,0.0,0.0,0.0,0.0,8.01,5.79,0.0
20130410:0010,0.0,0.0,0.0,0.0,7.76,6.14,0.0
20130410:0110,0.0,0.0,0.0,0.0,7.73,6.21,0.0
20130410:0210,0.0,0.0,0.0,0.0,7.66,6.14,0.0
20130410:0310,0.0,0.0,0.0,0.0,7.54,5.93,0.0
20130410:0410,0.0,0.0,0.0,0.0,7.47,5.72,0.0
20130410:0510,0.0,0.0,0.0,0.0,7.32,5.59,0.0
20130410:0610,17.0,60.0,0.0,8.96,7.19,5.38,0.0
20130410:0710,45.0,144.0,0.0,18.84,7.62,5.45,0.0
20130410:0810,58.0,225.0,0.0,28.37,8.47,5.79,0.0
20130410:0910,91.0,294.0,0.0,37.01,9.46,6.28,0.0
20130410:1010,305.0,287.0,0.0,44.02,10.53,6.0,0.0
20130410:1110,23.0,334.0,0.0,48.38,11.47,5.86,0.0
20130410:1210,28.0,346.0,0.0,49.15,11.34,4.83,0.0
20130410:1310,65.0,354.0,0.0,46.12,11.32,4.28,0.0
20130410:1410,110.0,317.0,0.0,40.02,11.4,4.14,0.0
20130410:1510,3.0,190.0,0.0,31.91,11.53,4.0,0.0
20130410:1610,0.0,64.0,0.0,22.66,10.85,3.03,0.0
20130410:1710,0.0,48.0,0.0,12.87,10.16,3.59,0.0
20130410:1810,0.0,11.0,0.0,2.98,9.97,4.28,0.0
20130410:1910,0.0,0.0,0.0,0.0,9.95,4.97,0.0
20130410:2010,0.0,0.0,0.0,0.0,10.09,6.0,0.0
20130410:2110,0.0,0.0,0.0,0.0,10.42,6.69,0.0
20130410:2210,0.0,0.0,0.0,0.0,10.9,6.69,0.0
20130410:2310,0.0,0.0,0.0,0.0,11.33,6.62,0.0
20130411:0010,0.0,0.0,0.0,0.0,11.62,6.62,0.0
20130411:0110,0.0,0.0,0.0,0.0,11.8,6.69,0.0
20130411:0210,0.0,0.0,0.0,0.0,11.88,6.55,0.0
20130411:0310,0.0,0.0,0.0,0.0,11.72,6.41,0.0
20130411:0410,0.0,0.0,0.0,0.0,11.43,6.14,0.0
20130411:0510,0.0,0.0,0.0,0.0,11.05,5.79,0.0
20130411:0610,4.0,55.0,0.0,9.29,10.76,5.45,0.0
20130411:0710,31.0,145.0,0.0,19.16,10.52,5.31,0.0
20130411:0810,177.0,199.0,0.0,28.7,10.94,5.72,0.0
20130411:0910,218.0,265.0,0.0,37.36,11.92,6.21,0.0
20130411:1010,2.0,239.0,0.0,44.39,12.6,5.45,0.0
20130411:1110,0.0,158.0,0.0,48.76,12.53,4.55,0.0
20130411:1210,0.0,144.0,0.0,49.51,12.79,3.79,0.0
20130411:1310,5.0,276.0,0.0,46.44,13.2,4.0,0.0
20130411:1410,0.0,139.0,0.0,40.31,13.59,4.07,0.0
20130411:1510,0.0,123.0,0.0,32.17,13.34,3.66,0.0
20130411:1610,6.0,147.0,0.0,22.89,12.97,2.9,0.0
20130411:1710,0.0,59.0,0.0,13.09,12.35,2.83,0.0
20130411:1810,3.0,13.45,0.0,3.21,11.62,2.97,0.0
20130411:1910,0.0,0.0,0.0,0.0,10.61,3.59,0.0
20130411:2010,0.0,0.0,0.0,0.0,10.29,4.0,0.0
20130411:2110,0.0,0.0,0.0,0.0,9.8,4.48,0.0
20130411:2210,0.0,0.0,0.0,0.0,9.38,4.69,0.0
20130411:2310,0.0,0.0,0.0,0.0,8.81,4.76,0.0
20130412:0010,0.0,0.0,0.0,0.0,8.29,4.83,0.0
20130412:0110,0.0,0.0,0.0,0.0,8.14,4.97,0.0
20130412:0210,0.0,0.0,0.0,0.0,8.2,5.03,0.0
20130412:0310,0.0,0.0,0.0,0.0,8.61,5.24,0.0
20130412:0410,0.0,0.0,0.0,0.0,8.69,5.45,0.0
20130412:0510,0.0,0.0,0.0,0.0,8.47,5.79,0.0
20130412:0610,0.0,23.0,0.0,9.6,8.53,6.21,0.0
20130412:0710,4.0,121.0,0.0,19.48,9.19,6.83,0.0
20130412:0810,6.0,184.0,0.0,29.03,9.87,5.93,0.0
20130412:0910,2.0,208.0,0.0,37.71,10.59,6.69,0.0
20130412:1010,157.0,348.0,0.0,44.75,11.01,6.69,0.0
20130412:1110,10.0,309.0,0.0,49.13,12.26,7.17,0.0
20130412:1210,118.0,388.0,0.0,49.87,12.56,7.38,0.0
20130412:1310,244.0,337.0,0.0,46.77,12.48,7.38,0.0
20130412:1410,262.0,278.0,0.0,40.59,12.45,7.38,0.0
20130412:1510,246.0,207.0,0.0,32.42,12.84,7.24,0.0
20130412:1610,0.0,32.0,0.0,23.13,12.34,7.38,0.0
20130412:1710,127.0,64.0,0.0,13.32,11.06,6.76,0.0
20130412:1810,5.0,15.96,0.0,3.44,10.61,5.38,0.0
20130412:1910,0.0,0.0,0.0,0.0,10.14,4.9,0.0
20130412:2010,0.0,0.0,0.0,0.0,9.52,4.28,0.0
20130412:2110,0.0,0.0,0.0,0.0,8.9,4.14,0.0
20130412:2210,0.0,0.0,0.0,0.0,8.64,4.07,0.0
20130412:2310,0.0,0.0,0.0,0.0,8.28,4.07,0.0
20130413:0010,0.0,0.0,0.0,0.0,8.03,4.07,0.0
20130413:0110,0.0,0.0,0.0,0.0,7.68,4.0,0.0
20130413:0210,0.0,0.0,0.0,0.0,7.06,3.79,0.0
20130413:0310,0.0,0.0,0.0,0.0,6.42,3.59,0.0
20130413:0410,0.0,0.0,0.0,0.0,5.9,3.59,0.0
20130413:0510,0.0,0.0,0.0,0.0,5.62,3.38,0.0
20130413:0610,50.0,62.0,0.0,9.92,5.78,3.31,0.0
20130413:0710,23.0,146.0,0.0,19.8,7.05,4.76,0.0
20130413:0810,73.0,232.0,0.0,29.36,8.2,4.69,0.0
20130413:0910,1.0,203.0,0.0,38.05,9.56,4.97,0.0
20130413:1010,48.0,339.0,0.0,45.11,10.92,5.45,0.0
20130413:1110,23.0,340.0,0.0,49.5,11.66,5.24,0.0
20130413:1210,43.0,366.0,0.0,50.23,12.41,5.31,0.0
20130413:1310,1.0,237.0,0.0,47.09,12.75,4.83,0.0
20130413:1410,59.0,317.0,0.0,40.87,12.95,4.34,0.0
20130413:1510,9.0,216.0,0.0,32.67,12.95,3.86,0.0
20130413:1610,33.0,178.0,0.0,23.36,13.08,4.0,0.0
20130413:1710,5.0,82.0,0.0,13.55,13.18,3.72,0.0
20130413:1810,1.0,16.8,0.0,3.67,13.01,3.66,0.0
20130413:1910,0.0,0.0,0.0,0.0,11.82,3.59,0.0
20130413:2010,0.0,0.0,0.0,0.0,11.67,3.72,0.0
20130413:2110,0.0,0.0,0.0,0.0,11.62,3.52,0.0
20130413:2210,0.0,0.0,0.0,0.0,11.66,3.45,0.0
20130413:2310,0.0,0.0,0.0,0.0,11.82,3.45,0.0
20130414:0010,0.0,0.0,0.0,0.0,11.82,3.38,0.0
20130414:0110,0.0,0.0,0.0,0.0,11.59,3.31,0.0
20130414:0210,0.0,0.0,0.0,0.0,10.92,3.17,0.0
20130414:0310,0.0,0.0,0.0,0.0,10.21,3.1,0.0
20130414:0410,0.0,0.0,0.0,0.0,9.95,3.1,0.0
20130414:0510,0.0,0.0,0.0,0.0,9.42,3.17,0.0
20130414:0610,47.0,66.0,0.0,10.23,9.65,3.24,0.0
20130414:0710,222.0,86.0,0.0,20.12,12.04,3.17,0.0
20130414:0810,384.0,101.0,0.0,29.68,14.73,3.72,0.0
20130414:0910,529.01,107.0,0.0,38.39,17.2,4.48,0.0
20130414:1010,639.01,111.0,0.0,45.47,19.16,5.03,0.0
20130414:1110,694.01,116.0,0.0,49.87,20.58,5.52,0.0
20130414:1210,704.01,116.0,0.0,50.58,21.59,5.66,0.0
20130414:1310,625.01,133.0,0.0,47.41,22.28,5.52,0.0
20130414:1410,514.01,139.0,0.0,41.15,22.73,5.24,0.0
20130414:1510,394.0,125.0,0.0,32.92,22.85,4.97,0.0
20130414:1610,239.0,113.0,0.0,23.59,22.52,4.14,0.0
20130414:1710,127.0,67.0,0.0,13.77,21.59,3.66,0.0
20130414:1810,11.0,17.62,0.0,3.9,19.86,3.31,0.0
20130414:1910,0.0,0.0,0.0,0.0,17.65,3.17,0.0
20130414:2010,0.0,0.0,0.0,0.0,16.15,2.97,0.0
20130414:2110,0.0,0.0,0.0,0.0,14.86,2.83,0.0
20130414:2210,0.0,0.0,0.0,0.0,13.81,2.62,0.0
20130414:2310,0.0,0.0,0.0,0.0,12.76,2.34,0.0
20130415:0010,0.0,0.0,0.0,0.0,11.81,2.28,0.0
20130415:0110,0.0,0.0,0.0,0.0,10.98,2.28,0.0
20130415:0210,0.0,0.0,0.0,0.0,10.33,2.14,0.0
20130415:0310,0.0,0.0,0.0,0.0,9.87,2.07,0.0
20130415:0410,0.0,0.0,0.0,0.0,9.47,2.07,0.0
20130415:0510,0.0,0.0,0.0,0.0,9.57,2.21,0.0
20130415:0610,0.0,15.0,0.0,10.54,10.33,2.21,0.0
20130415:0710,0.0,56.0,0.0,20.43,12.32,1.79,0.0
20130415:0810,0.0,88.0,0.0,30.0,13.93,2.14,0.0
20130415:0910,0.0,97.0,0.0,38.72,14.69,1.38,0.0
20130415:1010,46.0,340.0,0.0,45.82,16.08,1.24,0.0
20130415:1110,352.0,311.0,0.0,50.23,16.84,1.72,0.0
20130415:1210,621.01,163.0,0.0,50.93,17.9,2.69,0.0
20130415:1310,270.0,328.0,0.0,47.73,18.34,3.03,0.0
20130415:1410,141.0,320.0,0.0,41.43,18.23,3.31,0.0
20130415:1510,140.0,252.0,0.0,33.17,17.98,3.17,0.0
20130415:1610,142.0,163.0,0.0,23.82,17.59,2.69,0.0
20130415:1710,20.0,99.0,0.0,13.99,17.18,2.28,0.0
20130415:1810,14.0,18.85,0.0,4.13,16.3,2.07,0.0
20130415:1910,0.0,0.0,0.0,0.0,15.19,1.66,0.0
20130415:2010,0.0,0.0,0.0,0.0,13.7,1.86,0.0
20130415:2110,0.0,0.0,0.0,0.0,13.31,1.86,0.0
20130415:2210,0.0,0.0,0.0,0.0,13.13,2.0,0.0
20130415:2310,0.0,0.0,0.0,0.0,12.95,1.93,0.0
20130416:0010,0.0,0.0,0.0,0.0,12.46,1.79,0.0
20130416:0110,0.0,0.0,0.0,0.0,11.59,2.28,0.0
20130416:0210,0.0,0.0,0.0,0.0,10.7,2.48,0.0
20130416:0310,0.0,0.0,0.0,0.0,10.4,2.69,0.0
20130416:0410,0.0,0.0,0.0,0.0,10.3,2.76,0.0
20130416:0510,0.0,0.0,0.0,0.0,10.09,2.62,0.0
20130416:0610,31.0,75.0,0.0,10.85,10.13,2.62,0.0
20130416:0710,71.0,157.0,0.0,20.74,11.45,2.83,0.0
20130416:0810,75.0,239.0,0.0,30.32,12.5,3.72,0.0
20130416:0910,53.0,301.0,0.0,39.06,13.59,4.14,0.0
20130416:1010,64.0,352.0,0.0,46.18,14.45,4.41,0.0
20130416:1110,272.0,350.0,0.0,50.6,15.31,4.62,0.0
20130416:1210,313.0,337.0,0.0,51.28,16.27,4.9,0.0
20130416:1310,209.0,353.0,0.0,48.04,16.89,5.24,0.0
20130416:1410,147.0,321.0,0.0,41.71,17.14,4.97,0.0
20130416:1510,244.0,213.0,0.0,33.41,17.17,4.69,0.0
20130416:1610,35.0,183.0,0.0,24.05,16.8,3.79,0.0
20130416:1710,8.0,91.0,0.0,14.22,16.08,3.03,0.0
20130416:1810,3.0,21.36,0.0,4.35,15.37,2.62,0.0
20130416:1910,0.0,0.0,0.0,0.0,14.63,2.28,0.0
20130416:2010,0.0,0.0,0.0,0.0,14.16,2.21,0.0
20130416:2110,0.0,0.0,0.0,0.0,13.7,2.21,0.0
20130416:2210,0.0,0.0,0.0,0.0,13.25,2.21,0.0
20130416:2310,0.0,0.0,0.0,0.0,12.61,2.28,0.0
20130417:0010,0.0,0.0,0.0,0.0,11.77,2.21,0.0
20130417:0110,0.0,0.0,0.0,0.0,11.05,2.07,0.0
20130417:0210,0.0,0.0,0.0,0.0,10.6,2.0,0.0
20130417:0310,0.0,0.0,0.0,0.0,9.87,2.14,0.0
20130417:0410,0.0,0.0,0.0,0.0,9.25,2.14,0.0
20130417:0510,0.0,0.0,0.0,0.0,8.71,2.14,0.0
20130417:0610,91.0,57.0,0.0,11.15,9.06,1.86,0.0
20130417:0710,164.0,125.0,0.0,21.04,11.77,2.07,0.0
20130417:0810,297.0,157.0,0.0,30.63,14.12,2.41,0.0
20130417:0910,444.01,162.0,0.0,39.39,16.15,2.83,0.0
20130417:1010,602.01,137.0,0.0,46.52,17.7,3.1,0.0
20130417:1110,632.01,156.0,0.0,50.95,18.9,3.17,0.0
20130417:1210,616.01,171.0,0.0,51.63,19.91,3.52,0.0
20130417:1310,506.01,210.0,0.0,48.35,20.74,4.0,0.0
20130417:1410,486.01,163.0,0.0,41.98,21.41,4.28,0.0
20130417:1510,381.0,140.0,0.0,33.66,21.81,4.34,0.0
20130417:1610,287.0,95.0,0.0,24.28,21.91,3.93,0.0
20130417:1710,95.0,87.0,0.0,14.44,21.42,3.24,0.0
20130417:1810,0.0,17.0,0.0,4.58,19.99,3.03,0.0
20130417:1910,0.0,0.0,0.0,0.0,18.05,3.31,0.0
20130417:2010,0.0,0.0,0.0,0.0,16.99,3.38,0.0
20130417:2110,0.0,0.0,0.0,0.0,16.27,3.38,0.0
20130417:2210,0.0,0.0,0.0,0.0,15.81,3.45,0.0
20130417:2310,0.0,0.0,0.0,0.0,15.45,3.79,0.0
20130418:0010,0.0,0.0,0.0,0.0,14.8,4.34,0.0
20130418:0110,0.0,0.0,0.0,0.0,13.56,4.69,0.0
20130418:0210,0.0,0.0,0.0,0.0,12.29,4.55,0.0
20130418:0310,0.0,0.0,0.0,0.0,11.44,4.14,0.0
20130418:0410,0.0,0.0,0.0,0.0,11.05,4.0,0.0
20130418:0510,0.0,1.0,0.0,1.67,11.05,4.14,0.0
20130418:0610,27.0,81.0,0.0,11.45,10.9,4.28,0.0
20130418:0710,0.0,63.0,0.0,21.34,11.45,4.69,0.0
20130418:0810,149.0,232.0,0.0,30.94,11.57,5.1,0.0
20130418:0910,423.01,182.0,0.0,39.71,12.05,5.38,0.0
20130418:1010,488.01,213.0,0.0,46.87,13.01,6.0,0.0
20130418:1110,445.01,275.0,0.0,51.31,13.7,6.07,0.0
20130418:1210,479.01,261.0,0.0,51.97,14.17,6.14,0.0
20130418:1310,422.01,265.0,0.0,48.66,14.39,6.07,0.0
20130418:1410,340.0,252.0,0.0,42.25,14.5,5.72,0.0
20130418:1510,43.0,262.0,0.0,33.9,14.53,5.52,0.0
20130418:1610,40.0,189.0,0.0,24.5,14.3,4.76,0.0
20130418:1710,12.0,100.0,0.0,14.66,13.93,4.21,0.0
20130418:1810,5.0,25.81,0.0,4.8,13.24,3.86,0.0
20130418:1910,0.0,0.0,0.0,0.0,12.5,4.0,0.0
20130418:2010,0.0,0.0,0.0,0.0,11.77,4.14,0.0
20130418:2110,0.0,0.0,0.0,0.0,10.99,3.93,0.0
20130418:2210,0.0,0.0,0.0,0.0,10.17,3.79,0.0
20130418:2310,0.0,0.0,0.0,0.0,9.24,3.66,0.0
20130419:0010,0.0,0.0,0.0,0.0,8.32,3.24,0.0
20130419:0110,0.0,0.0,0.0,0.0,7.43,2.9,0.0
20130419:0210,0.0,0.0,0.0,0.0,6.52,2.62,0.0
20130419:0310,0.0,0.0,0.0,0.0,5.59,2.62,0.0
20130419:0410,0.0,0.0,0.0,0.0,4.84,2.62,0.0
20130419:0510,0.0,7.0,0.0,1.98,4.26,2.55,0.0
20130419:0610,99.0,61.0,0.0,11.75,4.78,2.34,0.0
20130419:0710,239.0,97.0,0.0,21.64,6.96,2.76,0.0
20130419:0810,328.0,155.0,0.0,31.24,8.69,3.79,0.0
20130419:0910,309.0,254.0,0.0,40.03,9.95,4.34,0.0
20130419:1010,191.0,361.0,0.0,47.21,10.64,3.79,0.0
20130419:1110,59.0,389.0,0.0,51.66,11.46,4.14,0.0
20130419:1210,0.0,228.0,0.0,52.31,12.13,4.28,0.0
20130419:1310,140.0,384.0,0.0,48.97,12.61,4.07,0.0
20130419:1410,18.0,296.0,0.0,42.52,11.39,4.28,0.0
20130419:1510,0.0,176.0,0.0,34.14,10.62,4.69,0.0
20130419:1610,115.0,187.0,0.0,24.72,11.11,4.48,0.0
20130419:1710,9.0,99.0,0.0,14.87,10.95,4.62,0.0
20130419:1810,0.0,4.0,0.0,5.02,10.28,3.66,0.0
20130419:1910,0.0,0.0,0.0,0.0,9.32,4.0,0.0
20130419:2010,0.0,0.0,0.0,0.0,8.44,3.79,0.0
20130419:2110,0.0,0.0,0.0,0.0,7.98,3.72,0.0
20130419:2210,0.0,0.0,0.0,0.0,7.36,3.72,0.0
20130419:2310,0.0,0.0,0.0,0.0,6.66,3.59,0.0
20130420:0010,0.0,0.0,0.0,0.0,5.95,3.52,0.0
20130420:0110,0.0,0.0,0.0,0.0,5.23,3.52,0.0
20130420:0210,0.0,0.0,0.0,0.0,4.54,3.72,0.0
20130420:0310,0.0,0.0,0.0,0.0,3.99,3.86,0.0
20130420:0410,0.0,0.0,0.0,0.0,3.63,3.86,0.0
20130420:0510,0.0,4.0,0.0,2.27,3.6,3.93,0.0
20130420:0610,61.0,81.0,0.0,12.04,4.09,5.1,0.0
20130420:0710,81.0,170.0,0.0,21.93,5.32,5.59,0.0
20130420:0810,20.0,230.0,0.0,31.55,6.04,6.14,0.0
20130420:0910,354.0,234.0,0.0,40.35,6.83,6.14,0.0
20130420:1010,650.01,130.0,0.0,47.55,7.45,5.86,0.0
20130420:1110,681.01,148.0,0.0,52.01,8.22,5.86,0.0
20130420:1210,457.01,286.0,0.0,52.65,8.65,5.72,0.0
20130420:1310,359.0,310.0,0.0,49.27,9.02,5.52,0.0
20130420:1410,289.0,288.0,0.0,42.78,9.76,5.72,0.0
20130420:1510,300.0,202.0,0.0,34.38,10.27,5.45,0.0
20130420:1610,195.0,156.0,0.0,24.94,10.54,5.17,0.0
20130420:1710,131.0,81.0,0.0,15.09,10.38,4.62,0.0
20130420:1810,27.0,21.11,0.0,5.25,9.65,3.66,0.0
20130420:1910,0.0,0.0,0.0,0.0,9.01,3.17,0.0
20130420:2010,0.0,0.0,0.0,0.0,8.0,3.17,0.0
20130420:2110,0.0,0.0,0.0,0.0,7.22,3.24,0.0
20130420:2210,0.0,0.0,0.0,0.0,6.5,3.24,0.0
20130420:2310,0.0,0.0,0.0,0.0,5.94,3.1,0.0
20130421:0010,0.0,0.0,0.0,0.0,5.32,2.97,0.0
20130421:0110,0.0,0.0,0.0,0.0,4.74,2.83,0.0
20130421:0210,0.0,0.0,0.0,0.0,4.14,2.62,0.0
20130421:0310,0.0,0.0,0.0,0.0,3.57,2.55,0.0
20130421:0410,0.0,0.0,0.0,0.0,2.98,2.48,0.0
20130421:0510,2.0,10.64,0.0,2.57,2.56,2.34,0.0
20130421:0610,90.0,71.0,0.0,12.33,3.25,2.07,0.0
20130421:0710,226.0,109.0,0.0,22.22,5.52,2.28,0.0
20130421:0810,396.0,119.0,0.0,31.84,7.49,2.28,0.0
20130421:0910,530.01,132.0,0.0,40.66,9.48,2.28,0.0
20130421:1010,648.01,131.0,0.0,47.88,11.03,2.48,0.0
20130421:1110,698.01,139.0,0.0,52.35,12.15,2.48,0.0
20130421:1210,735.01,123.0,0.0,52.98,12.88,2.48,0.0
20130421:1310,633.01,153.0,0.0,49.57,13.34,2.41,0.0
20130421:1410,571.01,131.0,0.0,43.05,13.57,2.21,0.0
20130421:1510,444.0,121.0,0.0,34.61,13.66,2.34,0.0
20130421:1610,295.0,103.0,0.0,25.16,13.55,2.9,0.0
20130421:1710,131.0,82.0,0.0,15.31,13.06,2.9,0.0
20130421:1810,30.0,22.25,0.0,5.47,12.15,2.21,0.0
20130421:1910,0.0,0.0,0.0,0.0,10.88,2.48,0.0
20130421:2010,0.0,0.0,0.0,0.0,9.52,2.76,0.0
20130421:2110,0.0,0.0,0.0,0.0,8.71,3.1,0.0
20130421:2210,0.0,0.0,0.0,0.0,7.99,2.97,0.0
20130421:2310,0.0,0.0,0.0,0.0,6.91,2.48,0.0
20130422:0010,0.0,0.0,0.0,0.0,6.29,2.14,0.0
20130422:0110,0.0,0.0,0.0,0.0,5.37,2.0,0.0
20130422:0210,0.0,0.0,0.0,0.0,4.49,1.86,0.0
20130422:0310,0.0,0.0,0.0,0.0,3.43,1.66,0.0
20130422:0410,0.0,0.0,0.0,0.0,2.43,1.38,0.0
20130422:0510,4.0,13.17,0.0,2.86,1.9,1.31,0.0
20130422:0610,109.0,65.0,0.0,12.61,3.24,0.83,0.0
20130422:0710,250.0,99.0,0.0,22.51,6.0,0.55,0.0
20130422:0810,415.0,113.0,0.0,32.14,8.08,0.76,0.0
20130422:0910,530.01,136.0,0.0,40.97,9.07,0.97,0.0
20130422:1010,585.01,172.0,0.0,48.21,10.02,1.52,0.0
20130422:1110,165.0,403.0,0.0,52.7,11.25,2.14,0.0
20130422:1210,33.0,376.0,0.0,53.31,11.89,2.48,0.0
20130422:1310,156.0,386.0,0.0,49.87,12.36,2.83,0.0
20130422:1410,188.0,330.0,0.0,43.31,12.54,3.1,0.0
20130422:1510,168.0,264.0,0.0,34.84,12.22,2.97,0.0
20130422:1610,178.0,168.0,0.0,25.38,12.22,2.62,0.0
20130422:1710,56.0,114.0,0.0,15.52,12.33,2.28,0.0
20130422:1810,0.0,17.0,0.0,5.69,11.83,1.24,0.0
20130422:1910,0.0,0.0,0.0,0.0,11.07,1.72,0.0
20130422:2010,0.0,0.0,0.0,0.0,10.2,1.86,0.0
20130422:2110,0.0,0.0,0.0,0.0,9.45,2.07,0.0
20130422:2210,0.0,0.0,0.0,0.0,8.69,2.28,0.0
20130422:2310,0.0,0.0,0.0,0.0,8.12,2.28,0.0
20130423:0010,0.0,0.0,0.0,0.0,7.19,2.28,0.0
20130423:0110,0.0,0.0,0.0,0.0,6.72,2.07,0.0
20130423:0210,0.0,0.0,0.0,0.0,6.14,2.07,0.0
20130423:0310,0.0,0.0,0.0,0.0,6.37,1.86,0.0
20130423:0410,0.0,0.0,0.0,0.0,6.64,1.93,0.0
20130423:0510,1.0,11.84,0.0,3.14,7.03,1.93,0.0
20130423:0610,8.0,84.0,0.0,12.89,7.8,2.0,0.0
20130423:0710,28.0,171.0,0.0,22.79,9.09,2.07,0.0
20130423:0810,123.0,251.0,0.0,32.43,10.26,2.41,0.0
20130423:0910,288.0,267.0,0.0,41.28,11.29,2.69,0.0
20130423:1010,113.0,375.0,0.0,48.53,11.93,2.9,0.0
20130423:1110,151.0,401.0,0.0,53.03,13.13,3.38,0.0
20130423:1210,65.0,396.0,0.0,53.64,13.96,3.38,0.0
20130423:1310,184.0,376.0,0.0,50.16,14.68,3.24,0.0
20130423:1410,159.0,334.0,0.0,43.57,15.1,3.17,0.0
20130423:1510,290.0,207.0,0.0,35.08,15.1,2.97,0.0
20130423:1610,255.0,126.0,0.0,25.6,15.13,2.62,0.0
20130423:1710,124.0,88.0,0.0,15.73,14.87,1.72,0.0
20130423:1810,24.0,34.0,0.0,5.9,14.44,1.1,0.0
20130423:1910,0.0,0.0,0.0,0.0,13.17,1.38,0.0
20130423:2010,0.0,0.0,0.0,0.0,11.51,1.31,0.0
20130423:2110,0.0,0.0,0.0,0.0,10.82,1.17,0.0
20130423:2210,0.0,0.0,0.0,0.0,10.56,0.97,0.0
20130423:2310,0.0,0.0,0.0,0.0,9.58,0.97,0.0
20130424:0010,0.0,0.0,0.0,0.0,8.27,1.03,0.0
20130424:0110,0.0,0.0,0.0,0.0,7.3,1.1,0.0
20130424:0210,0.0,0.0,0.0,0.0,5.82,1.38,0.0
20130424:0310,0.0,0.0,0.0,0.0,5.12,1.45,0.0
20130424:0410,0.0,0.0,0.0,0.0,5.94,1.03,0.0
20130424:0510,2.0,15.6,0.0,3.42,6.81,0.69,0.0
20130424:0610,96.0,76.0,0.0,13.17,6.29,1.1,0.0
20130424:0710,196.0,132.0,0.0,23.06,10.26,0.69,0.0
20130424:0810,408.0,118.0,0.0,32.71,13.57,1.03,0.0
20130424:0910,549.01,127.0,0.0,41.58,15.96,1.59,0.0
20130424:1010,548.01,194.0,0.0,48.85,17.42,2.28,0.0
20130424:1110,491.01,265.0,0.0,53.37,18.25,2.34,0.0
20130424:1210,746.01,120.0,0.0,53.97,18.98,2.28,0.0
20130424:1310,673.01,133.0,0.0,50.45,19.47,2.14,0.0
20130424:1410,589.01,125.0,0.0,43.82,19.84,1.79,0.0
20130424:1510,447.0,122.0,0.0,35.31,19.99,1.52,0.0
20130424:1610,304.0,103.0,0.0,25.81,19.95,1.31,0.0
20130424:1710,147.0,79.0,0.0,15.94,19.64,0.9,0.0
20130424:1810,29.0,34.0,0.0,6.12,18.63,0.34,0.0
20130424:1910,0.0,0.0,0.0,0.0,18.87,0.34,0.0
20130424:2010,0.0,0.0,0.0,0.0,17.59,0.41,0.0
20130424:2110,0.0,0.0,0.0,0.0,16.4,0.48,0.0
20130424:2210,0.0,0.0,0.0,0.0,15.01,0.97,0.0
20130424:2310,0.0,0.0,0.0,0.0,12.77,1.31,0.0
20130425:0010,0.0,0.0,0.0,0.0,11.86,1.31,0.0
20130425:0110,0.0,0.0,0.0,0.0,12.19,0.76,0.0
20130425:0210,0.0,0.0,0.0,0.0,11.55,0.41,0.0
20130425:0310,0.0,0.0,0.0,0.0,10.75,0.55,0.0
20130425:0410,0.0,0.0,0.0,0.0,10.05,0.69,0.0
20130425:0510,5.0,17.91,0.0,3.7,9.44,0.9,0.0
20130425:0610,116.0,69.0,0.0,13.44,9.57,0.69,0.0
20130425:0710,259.0,101.0,0.0,23.34,12.92,0.97,0.0
20130425:0810,424.0,113.0,0.0,32.99,16.02,1.1,0.0
20130425:0910,562.01,123.0,0.0,41.87,18.55,1.31,0.0
20130425:1010,675.01,123.0,0.0,49.17,20.43,1.59,0.0
20130425:1110,715.01,135.0,0.0,53.7,21.58,1.93,0.0
20130425:1210,751.01,120.0,0.0,54.29,22.16,1.72,0.0
20130425:1310,686.01,129.0,0.0,50.74,22.58,1.31,0.0
20130425:1410,594.01,124.0,0.0,44.08,22.83,1.1,0.0
20130425:1510,464.0,116.0,0.0,35.53,22.93,1.45,0.0
20130425:1610,307.0,104.0,0.0,26.03,22.75,1.86,0.0
20130425:1710,150.0,80.0,0.0,16.15,22.13,1.52,0.0
20130425:1810,30.0,36.0,0.0,6.34,20.92,1.72,0.0
20130425:1910,0.0,0.0,0.0,0.0,19.1,1.86,0.0
20130425:2010,0.0,0.0,0.0,0.0,16.13,2.07,0.0
20130425:2110,0.0,0.0,0.0,0.0,14.17,2.07,0.0
20130425:2210,0.0,0.0,0.0,0.0,12.88,2.07,0.0
20130425:2310,0.0,0.0,0.0,0.0,12.02,2.41,0.0
20130426:0010,0.0,0.0,0.0,0.0,12.22,2.41,0.0
20130426:0110,0.0,0.0,0.0,0.0,13.55,2.41,0.0
20130426:0210,0.0,0.0,0.0,0.0,14.36,2.55,0.0
20130426:0310,0.0,0.0,0.0,0.0,14.64,2.69,0.0
20130426:0410,0.0,0.0,0.0,0.0,14.71,2.69,0.0
20130426:0510,4.0,19.15,0.0,3.98,14.41,2.76,0.0
20130426:0610,20.0,97.0,0.0,13.71,14.31,2.9,0.0
20130426:0710,152.0,156.0,0.0,23.61,14.84,4.0,0.0
20130426:0810,62.0,260.0,0.0,33.27,14.63,3.72,0.0
20130426:0910,1.0,214.0,0.0,42.17,15.04,3.59,0.0
20130426:1010,0.0,155.0,0.0,49.48,15.49,3.72,0.0
20130426:1110,0.0,210.0,0.0,54.02,15.91,4.0,0.0
20130426:1210,0.0,167.0,0.0,54.6,15.43,4.14,0.0
20130426:1310,0.0,132.0,0.0,51.03,14.21,4.55,0.0
20130426:1410,0.0,81.0,0.0,44.33,12.58,5.72,0.0
20130426:1510,0.0,62.0,0.0,35.76,10.35,5.93,0.0
20130426:1610,0.0,65.0,0.0,26.24,8.77,5.72,0.0
20130426:1710,0.0,24.0,0.0,16.36,8.07,5.1,0.0
20130426:1810,0.0,8.0,0.0,6.55,7.82,4.14,0.0
20130426:1910,0.0,0.0,0.0,0.0,7.26,3.93,0.0
20130426:2010,0.0,0.0,0.0,0.0,7.17,3.52,0.0
20130426:2110,0.0,0.0,0.0,0.0,7.06,3.17,0.0
20130426:2210,0.0,0.0,0.0,0.0,6.65,2.97,0.0
20130426:2310,0.0,0.0,0.0,0.0,6.21,2.76,0.0
20130427:0010,0.0,0.0,0.0,0.0,5.97,2.41,0.0
20130427:0110,0.0,0.0,0.0,0.0,5.6,2.07,0.0
20130427:0210,0.0,0.0,0.0,0.0,5.11,2.21,0.0
20130427:0310,0.0,0.0,0.0,0.0,4.77,2.34,0.0
20130427:0410,0.0,0.0,0.0,0.0,4.46,2.28,0.0
20130427:0510,19.0,17.01,0.0,4.24,4.18,2.07,0.0
20130427:0610,60.0,99.0,0.0,13.97,4.69,2.41,0.0
20130427:0710,50.0,188.0,0.0,23.87,5.72,3.52,0.0
20130427:0810,35.0,257.0,0.0,33.54,6.84,3.45,0.0
20130427:0910,53.0,328.0,0.0,42.45,7.97,3.86,0.0
20130427:1010,71.0,382.0,0.0,49.79,8.92,4.28,0.0
20130427:1110,211.0,403.0,0.0,54.35,9.55,4.48,0.0
20130427:1210,150.0,419.0,0.0,54.92,9.73,4.48,0.0
20130427:1310,38.0,371.0,0.0,51.31,10.1,4.69,0.0
20130427:1410,46.0,337.0,0.0,44.57,10.16,4.97,0.0
20130427:1510,57.0,284.0,0.0,35.98,10.27,4.9,0.0
20130427:1610,61.0,210.0,0.0,26.45,10.08,4.83,0.0
20130427:1710,28.0,123.0,0.0,16.57,9.75,4.34,0.0
20130427:1810,16.0,43.0,0.0,6.76,9.26,3.72,0.0
20130427:1910,0.0,0.0,0.0,0.0,7.98,3.31,0.0
20130427:2010,0.0,0.0,0.0,0.0,7.49,3.31,0.0
20130427:2110,0.0,0.0,0.0,0.0,7.14,3.31,0.0
20130427:2210,0.0,0.0,0.0,0.0,6.73,3.45,0.0
20130427:2310,0.0,0.0,0.0,0.0,6.27,3.59,0.0
20130428:0010,0.0,0.0,0.0,0.0,5.96,3.72,0.0
20130428:0110,0.0,0.0,0.0,0.0,5.59,3.72,0.0
20130428:0210,0.0,0.0,0.0,0.0,4.93,3.52,0.0
20130428:0310,0.0,0.0,0.0,0.0,4.47,3.24,0.0
20130428:0410,0.0,0.0,0.0,0.0,4.28,3.17,0.0
20130428:0510,1.0,17.83,0.0,4.51,3.98,3.1,0.0
20130428:0610,2.0,79.0,0.0,14.23,4.37,3.1,0.0
20130428:0710,38.0,188.0,0.0,24.13,5.38,3.31,0.0
20130428:0810,0.0,98.0,0.0,33.81,6.58,3.38,0.0
20130428:0910,280.0,289.0,0.0,42.73,7.62,3.31,0.0
20130428:1010,65.0,380.0,0.0,50.09,8.87,3.52,0.0
20130428:1110,170.0,413.0,0.0,54.66,9.8,3.38,0.0
20130428:1210,53.0,402.0,0.0,55.23,10.17,3.17,0.0
20130428:1310,0.0,180.0,0.0,51.59,10.36,2.83,0.0
20130428:1410,14.0,298.0,0.0,44.82,10.44,2.34,0.0
20130428:1510,0.0,166.0,0.0,36.2,10.81,1.79,0.0
20130428:1610,113.0,204.0,0.0,26.66,11.0,1.31,0.0
20130428:1710,148.0,89.0,0.0,16.77,10.77,0.83,0.0
20130428:1810,42.0,38.0,0.0,6.97,10.42,0.34,0.0
20130428:1910,0.0,0.0,0.0,0.0,9.92,0.41,0.0
20130428:2010,0.0,0.0,0.0,0.0,7.43,1.31,0.0
20130428:2110,0.0,0.0,0.0,0.0,5.77,1.72,0.0
20130428:2210,0.0,0.0,0.0,0.0,4.53,1.86,0.0
20130428:2310,0.0,0.0,0.0,0.0,3.53,2.0,0.0
20130429:0010,0.0,0.0,0.0,0.0,2.84,2.0,0.0
20130429:0110,0.0,0.0,0.0,0.0,2.32,2.07,0.0
20130429:0210,0.0,0.0,0.0,0.0,1.85,2.0,0.0
20130429:0310,0.0,0.0,0.0,0.0,1.39,1.93,0.0
20130429:0410,0.0,0.0,0.0,0.0,1.08,2.07,0.0
20130429:0510,10.0,25.5,0.0,4.77,0.93,2.14,0.0
20130429:0610,130.0,75.0,0.0,14.48,2.88,1.72,0.0
20130429:0710,276.0,107.0,0.0,24.38,6.87,1.66,0.0
20130429:0810,407.0,139.0,0.0,34.07,9.41,2.07,0.0
20130429:0910,570.01,134.0,0.0,43.01,11.1,2.69,0.0
20130429:1010,487.01,251.0,0.0,50.39,12.18,2.9,0.0
20130429:1110,727.01,144.0,0.0,54.98,12.95,2.83,0.0
20130429:1210,659.01,190.0,0.0,55.53,13.65,2.62,0.0
20130429:1310,480.01,267.0,0.0,51.87,14.02,2.41,0.0
20130429:1410,56.0,347.0,0.0,45.06,14.23,2.28,0.0
20130429:1510,164.0,280.0,0.0,36.42,14.0,2.28,0.0
20130429:1610,15.0,192.0,0.0,26.86,13.66,2.69,0.0
20130429:1710,11.0,116.0,0.0,16.98,13.06,3.17,0.0
20130429:1810,9.0,45.0,0.0,7.18,12.11,3.24,0.0
20130429:1910,0.0,0.0,0.0,0.0,10.99,3.31,0.0
20130429:2010,0.0,0.0,0.0,0.0,9.89,3.31,0.0
20130429:2110,0.0,0.0,0.0,0.0,9.17,3.38,0.0
20130429:2210,0.0,0.0,0.0,0.0,8.41,3.72,0.0
20130429:2310,0.0,0.0,0.0,0.0,7.71,3.52,0.0
20130430:0010,0.0,0.0,0.0,0.0,7.06,3.17,0.0
20130430:0110,0.0,0.0,0.0,0.0,6.54,3.24,0.0
20130430:0210,0.0,0.0,0.0,0.0,6.13,3.31,0.0
20130430:0310,0.0,0.0,0.0,0.0,5.78,3.59,0.0
20130430:0410,0.0,0.0,0.0,0.0,5.45,3.59,0.0
20130430:0510,0.0,11.0,0.0,5.03,5.23,3.59,0.0
20130430:0610,0.0,28.0,0.0,14.73,5.95,3.38,0.0
20130430:0710,0.0,122.0,0.0,24.63,7.66,3.59,0.0
20130430:0810,0.0,104.0,0.0,34.32,9.3,4.28,0.0
20130430:0910,0.0,174.0,0.0,43.28,10.81,4.97,0.0
20130430:1010,0.0,192.0,0.0,50.68,12.1,5.52,0.0
20130430:1110,0.0,192.0,0.0,55.29,12.91,5.86,0.0
20130430:1210,0.0,212.0,0.0,55.84,13.01,5.93,0.0
20130430:1310,0.0,223.0,0.0,52.14,12.25,5.03,0.0
20130430:1410,0.0,115.0,0.0,45.3,11.51,4.76,0.0
20130430:1510,0.0,100.0,0.0,36.64,10.92,4.48,0.0
20130430:1610,0.0,67.0,0.0,27.07,10.45,4.48,0.0
20130430:1710,0.0,36.0,0.0,17.18,9.99,4.55,0.0
20130430:1810,0.0,24.0,0.0,7.39,9.69,4.97,0.0
20130430:1910,0.0,0.0,0.0,0.0,9.07,4.34,0.0
20130430:2010,0.0,0.0,0.0,0.0,9.0,4.48,0.0
20130430:2110,0.0,0.0,0.0,0.0,9.16,4.34,0.0
20130430:2210,0.0,0.0,0.0,0.0,9.24,4.34,0.0
20130430:2310,0.0,0.0,0.0,0.0,9.18,4.28,0.0
20130501:0010,0.0,0.0,0.0,0.0,9.08,4.21,0.0
20130501:0110,0.0,0.0,0.0,0.0,8.85,4.21,0.0
20130501:0210,0.0,0.0,0.0,0.0,8.58,4.14,0.0
20130501:0310,0.0,0.0,0.0,0.0,8.49,4.14,0.0
20130501:0410,0.0,0.0,0.0,0.0,8.4,4.21,0.0
20130501:0510,1.0,23.81,0.0,5.28,8.33,4.21,0.0
20130501:0610,0.0,18.0,0.0,14.98,8.65,4.14,0.0
20130501:0710,0.0,34.0,0.0,24.88,9.17,4.28,0.0
20130501:0810,1.0,174.0,0.0,34.58,10.47,4.9,0.0
20130501:0910,20.0,297.0,0.0,43.55,11.05,4.83,0.0
20130501:1010,563.01,196.0,0.0,50.97,12.41,4.34,0.0
20130501:1110,10.0,334.0,0.0,55.59,13.26,4.0,0.0
20130501:1210,0.0,157.0,0.0,56.13,13.92,4.41,0.0
20130501:1310,0.0,127.0,0.0,52.41,14.52,4.62,0.0
20130501:1410,0.0,70.0,0.0,45.54,14.94,4.14,0.0
20130501:1510,0.0,85.0,0.0,36.85,14.93,2.83,0.0
20130501:1610,8.0,175.0,0.0,27.27,14.46,3.1,0.0
20130501:1710,0.0,42.0,0.0,17.38,13.9,3.24,0.0
20130501:1810,1.0,32.0,0.0,7.6,13.57,3.1,0.0
20130501:1910,0.0,0.0,0.0,0.0,11.38,1.72,0.0
20130501:2010,0.0,0.0,0.0,0.0,10.66,1.66,0.0
20130501:2110,0.0,0.0,0.0,0.0,9.21,2.14,0.0
20130501:2210,0.0,0.0,0.0,0.0,8.05,2.14,0.0
20130501:2310,0.0,0.0,0.0,0.0,7.23,2.14,0.0
20130502:0010,0.0,0.0,0.0,0.0,6.54,1.93,0.0
20130502:0110,0.0,0.0,0.0,0.0,5.92,1.72,0.0
20130502:0210,0.0,0.0,0.0,0.0,5.5,1.52,0.0
20130502:0310,0.0,0.0,0.0,0.0,4.99,1.31,0.0
20130502:0410,0.0,0.0,0.0,0.0,4.71,1.03,0.0
20130502:0510,3.0,28.33,0.0,5.52,4.45,0.9,0.0
20130502:0610,10.0,102.0,0.0,15.22,5.73,0.41,0.0
20130502:0710,15.0,176.0,0.0,25.12,8.07,0.62,0.0
20130502:0810,4.0,209.0,0.0,34.82,10.05,0.97,0.0
20130502:0910,4.0,257.0,0.0,43.81,12.13,1.45,0.0
20130502:1010,0.0,0.0,0.0,0.0,14.33,1.31,0.0
20130502:1110,505.01,274.0,0.0,55.89,15.55,1.24,0.0
20130502:1210,324.0,369.0,0.0,56.43,16.22,1.31,0.0
20130502:1310,296.0,355.0,0.0,52.67,16.74,1.72,0.0
20130502:1410,245.0,323.0,0.0,45.77,17.04,2.34,0.0
20130502:1510,294.0,225.0,0.0,37.06,17.01,2.9,0.0
20130502:1610,172.0,188.0,0.0,27.47,16.77,3.38,0.0
20130502:1710,74.0,127.0,0.0,17.58,16.23,3.24,0.0
20130502:1810,8.0,47.0,0.0,7.8,15.33,2.9,0.0
20130502:1910,0.0,0.0,0.0,0.0,13.4,2.55,0.0
20130502:2010,0.0,0.0,0.0,0.0,12.16,2.76,0.0
20130502:2110,0.0,0.0,0.0,0.0,11.37,2.97,0.0
20130502:2210,0.0,0.0,0.0,0.0,10.92,3.03,0.0
20130502:2310,0.0,0.0,0.0,0.0,10.39,3.1,0.0
20130503:0010,0.0,0.0,0.0,0.0,9.77,3.03,0.0
20130503:0110,0.0,0.0,0.0,0.0,9.23,2.97,0.0
20130503:0210,0.0,0.0,0.0,0.0,8.55,2.97,0.0
20130503:0310,0.0,0.0,0.0,0.0,7.96,3.1,0.0
20130503:0410,0.0,0.0,0.0,0.0,7.41,3.1,0.0
20130503:0510,11.0,35.0,0.0,5.76,6.97,3.03,0.0
20130503:0610,60.0,111.0,0.0,15.45,7.65,3.1,0.0
20130503:0710,257.0,122.0,0.0,25.35,9.02,4.07,0.0
20130503:0810,175.0,258.0,0.0,35.07,10.73,4.28,0.0
20130503:0910,169.0,334.0,0.0,44.07,12.82,4.69,0.0
20130503:1010,56.0,379.0,0.0,51.53,14.46,4.83,0.0
20130503:1110,434.0,313.0,0.0,56.19,15.34,4.48,0.0
20130503:1210,91.0,419.0,0.0,56.72,16.2,4.0,0.0
20130503:1310,47.0,380.0,0.0,52.93,16.44,3.86,0.0
20130503:1410,0.0,94.0,0.0,46.0,16.69,4.34,0.0
20130503:1510,0.0,117.0,0.0,37.27,15.24,4.69,0.0
20130503:1610,0.0,41.0,0.0,27.67,15.12,4.34,0.0
20130503:1710,0.0,72.0,0.0,17.78,14.9,4.07,0.0
20130503:1810,0.0,8.0,0.0,8.0,14.3,3.31,0.0
20130503:1910,0.0,0.0,0.0,0.0,13.22,2.97,0.0
20130503:2010,0.0,0.0,0.0,0.0,12.27,3.1,0.0
20130503:2110,0.0,0.0,0.0,0.0,11.19,3.17,0.0
20130503:2210,0.0,0.0,0.0,0.0,10.0,3.31,0.0
20130503:2310,0.0,0.0,0.0,0.0,9.09,3.24,0.0
20130504:0010,0.0,0.0,0.0,0.0,8.16,3.03,0.0
20130504:0110,0.0,0.0,0.0,0.0,7.34,2.9,0.0
20130504:0210,0.0,0.0,0.0,0.0,6.51,2.76,0.0
20130504:0310,0.0,0.0,0.0,0.0,5.88,2.55,0.0
20130504:0410,0.0,0.0,0.0,0.0,5.33,2.41,0.0
20130504:0510,14.0,37.0,0.0,6.0,5.04,2.21,0.0
20130504:0610,81.0,108.0,0.0,15.68,6.35,2.0,0.0
20130504:0710,295.0,107.0,0.0,25.58,8.68,2.34,0.0
20130504:0810,445.0,126.0,0.0,35.3,10.88,2.69,0.0
20130504:0910,512.0,175.0,0.0,44.32,12.36,2.62,0.0
20130504:1010,569.01,208.0,0.0,51.81,13.87,3.1,0.0
20130504:1110,733.01,146.0,0.0,56.48,15.05,2.76,0.0
20130504:1210,719.01,157.0,0.0,57.01,15.85,2.55,0.0
20130504:1310,477.01,272.0,0.0,53.19,16.47,2.69,0.0
20130504:1410,604.01,138.0,0.0,46.23,16.78,2.9,0.0
20130504:1510,464.0,135.0,0.0,37.48,17.19,3.38,0.0
20130504:1610,329.0,112.0,0.0,27.86,16.97,3.17,0.0
20130504:1710,43.0,136.0,0.0,17.97,16.8,2.83,0.0
20130504:1810,1.0,40.0,0.0,8.21,15.95,1.93,0.0
20130504:1910,0.0,0.0,0.0,0.0,14.34,1.79,0.0
20130504:2010,0.0,0.0,0.0,0.0,13.02,2.07,0.0
20130504:2110,0.0,0.0,0.0,0.0,12.11,2.14,0.0
20130504:2210,0.0,0.0,0.0,0.0,11.25,2.0,0.0
20130504:2310,0.0,0.0,0.0,0.0,10.63,1.79,0.0
20130505:0010,0.0,0.0,0.0,0.0,10.19,1.66,0.0
20130505:0110,0.0,0.0,0.0,0.0,9.74,1.52,0.0
20130505:0210,0.0,0.0,0.0,0.0,9.26,1.45,0.0
20130505:0310,0.0,0.0,0.0,0.0,8.87,1.52,0.0
20130505:0410,0.0,0.0,0.0,0.0,8.43,1.52,0.0
20130505:0510,0.0,10.0,0.0,6.23,8.04,1.52,0.0
20130505:0610,0.0,54.0,0.0,15.91,8.71,1.1,0.0
20130505:0710,0.0,111.0,0.0,25.81,11.09,1.93,0.0
20130505:0810,0.0,170.0,0.0,35.53,11.87,2.0,0.0
20130505:0910,110.0,348.0,0.0,44.57,12.9,1.59,0.0
20130505:1010,125.0,396.0,0.0,52.07,13.97,0.97,0.0
20130505:1110,45.0,399.0,0.0,56.77,14.86,0.76,0.0
20130505:1210,17.0,362.0,0.0,57.29,15.56,1.38,0.0
20130505:1310,110.0,405.0,0.0,53.45,15.98,1.86,0.0
20130505:1410,512.0,192.0,0.0,46.46,16.66,1.93,0.0
20130505:1510,362.0,194.0,0.0,37.68,16.92,1.72,0.0
20130505:1610,308.0,123.0,0.0,28.06,16.86,1.59,0.0
20130505:1710,195.0,80.0,0.0,18.16,16.68,1.72,0.0
20130505:1810,46.0,49.0,0.0,8.41,15.87,1.66,0.0
20130505:1910,0.0,0.0,0.0,0.0,14.49,2.14,0.0
20130505:2010,0.0,0.0,0.0,0.0,12.84,2.41,0.0
20130505:2110,0.0,0.0,0.0,0.0,11.96,2.41,0.0
20130505:2210,0.0,0.0,0.0,0.0,11.21,2.48,0.0
20130505:2310,0.0,0.0,0.0,0.0,10.6,2.48,0.0
20130506:0010,0.0,0.0,0.0,0.0,9.78,2.55,0.0
20130506:0110,0.0,0.0,0.0,0.0,9.19,2.48,0.0
20130506:0210,0.0,0.0,0.0,0.0,8.5,2.41,0.0
20130506:0310,0.0,0.0,0.0,0.0,8.12,2.34,0.0
20130506:0410,0.0,0.0,0.0,0.0,7.6,2.28,0.0
20130506:0510,32.0,37.0,0.0,6.46,7.54,2.07,0.0
20130506:0610,145.0,82.0,0.0,16.13,8.71,1.86,0.0
20130506:0710,303.0,105.0,0.0,26.02,10.95,1.86,0.0
20130506:0810,432.0,133.0,0.0,35.76,13.15,1.93,0.0
20130506:0910,551.01,151.0,0.0,44.81,14.94,2.07,0.0
20130506:1010,324.0,339.0,0.0,52.34,16.09,2.21,0.0
20130506:1110,358.0,356.0,0.0,57.05,16.99,2.07,0.0
20130506:1210,734.01,148.0,0.0,57.57,17.35,1.86,0.0
20130506:1310,747.01,115.0,0.0,53.7,17.76,1.93,0.0
20130506:1410,616.01,132.0,0.0,46.68,17.77,2.21,0.0
20130506:1510,508.0,113.0,0.0,37.88,17.17,2.41,0.0
20130506:1610,314.0,121.0,0.0,28.25,16.88,2.48,0.0
20130506:1710,184.0,86.0,0.0,18.36,16.14,2.28,0.0
20130506:1810,41.0,52.0,0.0,8.6,15.53,2.07,0.0
20130506:1910,0.0,0.0,0.0,0.0,14.92,1.86,0.0
20130506:2010,0.0,0.0,0.0,0.0,13.2,1.86,0.0
20130506:2110,0.0,0.0,0.0,0.0,12.25,1.1,0.0
20130506:2210,0.0,0.0,0.0,0.0,12.83,0.55,0.0
20130506:2310,0.0,0.0,0.0,0.0,10.03,1.45,0.0
20130507:0010,0.0,0.0,0.0,0.0,9.15,1.45,0.0
20130507:0110,0.0,0.0,0.0,0.0,7.83,1.86,0.0
20130507:0210,0.0,0.0,0.0,0.0,7.42,1.93,0.0
20130507:0310,0.0,0.0,0.0,0.0,7.3,1.66,0.0
20130507:0410,0.0,0.0,0.0,0.0,6.96,1.66,0.0
20130507:0510,8.0,40.0,0.0,6.68,6.97,1.52,0.0
20130507:0610,65.0,117.0,0.0,16.34,9.33,0.76,0.0
20130507:0710,141.0,186.0,0.0,26.24,12.09,0.55,0.0
20130507:0810,43.0,273.0,0.0,35.98,13.91,0.69,0.0
20130507:0910,176.0,337.0,0.0,45.04,15.56,0.76,0.0
20130507:1010,414.0,294.0,0.0,52.59,16.88,1.1,0.0
20130507:1110,629.01,205.0,0.0,57.32,17.75,1.66,0.0
20130507:1210,460.0,307.0,0.0,57.84,18.31,1.72,0.0
20130507:1310,564.01,219.0,0.0,53.95,18.55,1.79,0.0
20130507:1410,393.0,258.0,0.0,46.9,18.87,1.66,0.0
20130507:1510,396.0,175.0,0.0,38.08,18.78,1.24,0.0
20130507:1610,224.0,170.0,0.0,28.44,19.16,0.83,0.0
20130507:1710,152.0,102.0,0.0,18.54,18.91,0.28,0.0
20130507:1810,47.0,51.0,0.0,8.8,18.69,0.41,0.0
20130507:1910,0.0,0.0,0.0,0.0,17.93,0.69,0.0
20130507:2010,0.0,0.0,0.0,0.0,15.03,1.45,0.0
20130507:2110,0.0,0.0,0.0,0.0,13.15,2.28,0.0
20130507:2210,0.0,0.0,0.0,0.0,12.01,2.41,0.0
20130507:2310,0.0,0.0,0.0,0.0,11.69,2.48,0.0
20130508:0010,0.0,0.0,0.0,0.0,11.42,2.69,0.0
20130508:0110,0.0,0.0,0.0,0.0,11.2,2.83,0.0
20130508:0210,0.0,0.0,0.0,0.0,11.02,2.9,0.0
20130508:0310,0.0,0.0,0.0,0.0,10.96,2.76,0.0
20130508:0410,0.0,0.0,0.0,0.0,11.25,2.76,0.0
20130508:0510,0.0,8.0,0.0,6.9,11.72,2.62,0.0
20130508:0610,0.0,23.0,0.0,16.55,12.48,2.76,0.0
20130508:0710,0.0,46.0,0.0,26.45,13.02,3.24,0.0
20130508:0810,1.0,194.0,0.0,36.19,13.34,3.31,0.0
20130508:0910,6.0,266.0,0.0,45.27,13.51,3.38,0.0
20130508:1010,0.0,98.0,0.0,52.85,14.25,4.0,0.0
20130508:1110,0.0,105.0,0.0,57.59,14.96,4.0,0.0
20130508:1210,0.0,155.0,0.0,58.11,16.18,4.76,0.0
20130508:1310,458.0,278.0,0.0,54.19,17.37,5.24,0.0
20130508:1410,75.0,355.0,0.0,47.11,17.96,5.52,0.0
20130508:1510,170.0,282.0,0.0,38.28,18.08,5.72,0.0
20130508:1610,73.0,222.0,0.0,28.63,17.74,6.0,0.0
20130508:1710,70.0,136.0,0.0,18.73,17.62,6.07,0.0
20130508:1810,29.0,58.0,0.0,8.99,16.17,4.83,0.0
20130508:1910,0.0,0.0,0.0,0.0,15.81,3.72,0.0
20130508:2010,0.0,0.0,0.0,0.0,14.83,3.59,0.0
20130508:2110,0.0,0.0,0.0,0.0,14.45,3.52,0.0
20130508:2210,0.0,0.0,0.0,0.0,13.94,3.52,0.0
20130508:2310,0.0,0.0,0.0,0.0,13.44,3.52,0.0
20130509:0010,0.0,0.0,0.0,0.0,13.14,3.24,0.0
20130509:0110,0.0,0.0,0.0,0.0,12.88,2.69,0.0
20130509:0210,0.0,0.0,0.0,0.0,12.48,2.34,0.0
20130509:0310,0.0,0.0,0.0,0.0,11.87,2.07,0.0
20130509:0410,0.0,0.0,0.0,0.0,11.25,1.93,0.0
20130509:0510,4.0,41.0,0.0,7.11,10.71,1.66,0.0
20130509:0610,0.0,76.0,0.0,16.76,10.82,1.52,0.0
20130509:0710,53.0,210.0,0.0,26.65,11.62,0.97,0.0
20130509:0810,43.0,279.0,0.0,36.4,12.28,2.28,0.0
20130509:0910,5.0,270.0,0.0,45.5,13.04,3.59,0.0
20130509:1010,157.0,401.0,0.0,53.09,13.42,4.21,0.0
20130509:1110,158.0,429.0,0.0,57.86,14.02,4.62,0.0
20130509:1210,296.0,394.0,0.0,58.37,14.52,5.24,0.0
20130509:1310,373.0,335.0,0.0,54.43,14.98,5.59,0.0
20130509:1410,57.0,357.0,0.0,47.33,15.3,5.86,0.0
20130509:1510,48.0,295.0,0.0,38.47,15.66,5.93,0.0
20130509:1610,43.0,224.0,0.0,28.81,15.35,5.45,0.0
20130509:1710,0.0,89.0,0.0,18.92,15.12,4.83,0.0
20130509:1810,0.0,36.0,0.0,9.18,14.38,3.59,0.0
20130509:1910,0.0,0.0,0.0,0.0,13.36,3.66,0.0
20130509:2010,0.0,0.0,0.0,0.0,12.53,3.72,0.0
20130509:2110,0.0,0.0,0.0,0.0,11.65,3.93,0.0
20130509:2210,0.0,0.0,0.0,0.0,10.7,4.21,0.0
20130509:2310,0.0,0.0,0.0,0.0,9.93,4.34,0.0
20130510:0010,0.0,0.0,0.0,0.0,9.22,4.21,0.0
20130510:0110,0.0,0.0,0.0,0.0,8.51,3.93,0.0
20130510:0210,0.0,0.0,0.0,0.0,7.93,3.86,0.0
20130510:0310,0.0,0.0,0.0,0.0,7.6,3.93,0.0
20130510:0410,0.0,0.0,0.0,0.0,7.4,3.93,0.0
20130510:0510,0.0,28.0,0.0,7.31,7.84,4.07,0.0
20130510:0610,0.0,46.0,0.0,16.96,8.63,3.79,0.0
20130510:0710,0.0,100.0,0.0,26.85,9.8,4.9,0.0
20130510:0810,6.0,227.0,0.0,36.61,10.81,5.31,0.0
20130510:0910,8.0,281.0,0.0,45.71,11.53,4.76,0.0
20130510:1010,0.0,149.0,0.0,53.33,12.11,4.76,0.0
20130510:1110,0.0,173.0,0.0,58.12,12.42,4.76,0.0
20130510:1210,0.0,257.0,0.0,58.63,13.11,4.83,0.0
20130510:1310,0.0,106.0,0.0,54.67,13.67,4.83,0.0
20130510:1410,0.0,135.0,0.0,47.54,14.2,4.62,0.0
20130510:1510,0.0,187.0,0.0,38.67,14.29,4.62,0.0
20130510:1610,0.0,140.0,0.0,29.0,14.55,4.48,0.0
20130510:1710,3.0,108.0,0.0,19.1,14.06,3.52,0.0
20130510:1810,0.0,37.0,0.0,9.37,13.65,2.55,0.0
20130510:1910,0.0,0.0,0.0,0.0,12.67,2.62,0.0
20130510:2010,0.0,0.0,0.0,0.0,12.09,2.41,0.0
20130510:2110,0.0,0.0,0.0,0.0,11.68,2.41,0.0
20130510:2210,0.0,0.0,0.0,0.0,11.31,2.48,0.0
20130510:2310,0.0,0.0,0.0,0.0,10.93,2.55,0.0
20130511:0010,0.0,0.0,0.0,0.0,10.62,2.69,0.0
20130511:0110,0.0,0.0,0.0,0.0,10.61,2.76,0.0
20130511:0210,0.0,0.0,0.0,0.0,10.42,2.9,0.0
20130511:0310,0.0,0.0,0.0,0.0,10.22,3.17,0.0
20130511:0410,0.0,0.0,0.0,0.0,9.86,3.45,0.0
20130511:0510,1.0,33.0,0.0,7.51,9.71,3.79,0.0
20130511:0610,0.0,71.0,0.0,17.15,10.12,4.21,0.0
20130511:0710,180.0,180.0,0.0,27.04,10.64,5.38,0.0
20130511:0810,316.0,210.0,0.0,36.81,11.82,4.97,0.0
20130511:0910,0.0,218.0,0.0,45.93,12.68,4.83,0.0
20130511:1010,278.0,367.0,0.0,53.57,13.7,5.03,0.0
20130511:1110,658.01,199.0,0.0,58.38,14.59,5.66,0.0
20130511:1210,23.0,380.0,0.0,58.89,15.22,6.0,0.0
20130511:1310,322.0,357.0,0.0,54.9,15.65,6.28,0.0
20130511:1410,614.01,141.0,0.0,47.74,15.49,6.07,0.0
20130511:1510,476.0,138.0,0.0,38.86,15.34,5.93,0.0
20130511:1610,251.0,166.0,0.0,29.18,14.69,5.52,0.0
20130511:1710,162.0,106.0,0.0,19.28,13.95,5.24,0.0
20130511:1810,70.0,51.0,0.0,9.56,13.2,4.83,0.0
20130511:1910,0.0,0.0,0.0,0.0,12.8,4.07,0.0
20130511:2010,0.0,0.0,0.0,0.0,12.01,4.28,0.0
20130511:2110,0.0,0.0,0.0,0.0,11.38,4.21,0.0
20130511:2210,0.0,0.0,0.0,0.0,10.97,4.28,0.0
20130511:2310,0.0,0.0,0.0,0.0,10.54,4.48,0.0
20130512:0010,0.0,0.0,0.0,0.0,10.03,4.62,0.0
20130512:0110,0.0,0.0,0.0,0.0,9.6,4.76,0.0
20130512:0210,0.0,0.0,0.0,0.0,9.09,4.62,0.0
20130512:0310,0.0,0.0,0.0,0.0,8.56,4.34,0.0
20130512:0410,0.0,0.0,0.0,0.0,8.19,4.14,0.0
20130512:0510,22.0,50.0,0.0,7.71,7.73,3.72,0.0
20130512:0610,91.0,120.0,0.0,17.34,8.31,3.66,0.0
20130512:0710,287.0,128.0,0.0,27.23,9.02,5.52,0.0
20130512:0810,342.0,200.0,0.0,37.0,10.31,5.52,0.0
20130512:0910,288.0,309.0,0.0,46.13,11.56,5.52,0.0
20130512:1010,138.0,407.0,0.0,53.79,12.34,5.31,0.0
20130512:1110,73.0,424.0,0.0,58.63,13.16,5.24,0.0
20130512:1210,0.0,212.0,0.0,59.14,13.61,5.17,0.0
20130512:1310,29.0,374.0,0.0,55.13,13.82,5.17,0.0
20130512:1410,55.0,359.0,0.0,47.95,13.6,5.03,0.0
20130512:1510,206.0,282.0,0.0,39.04,13.58,4.69,0.0
20130512:1610,145.0,216.0,0.0,29.36,13.61,4.21,0.0
20130512:1710,42.0,148.0,0.0,19.46,13.49,3.79,0.0
20130512:1810,3.0,56.0,0.0,9.75,13.03,3.31,0.0
20130512:1910,0.0,0.0,0.0,0.0,12.34,2.62,0.0
20130512:2010,0.0,0.0,0.0,0.0,11.64,3.1,0.0
20130512:2110,0.0,0.0,0.0,0.0,11.67,3.38,0.0
20130512:2210,0.0,0.0,0.0,0.0,11.59,3.66,0.0
20130512:2310,0.0,0.0,0.0,0.0,11.74,4.48,0.0
20130513:0010,0.0,0.0,0.0,0.0,11.78,4.9,0.0
20130513:0110,0.0,0.0,0.0,0.0,11.6,4.83,0.0
20130513:0210,0.0,0.0,0.0,0.0,11.34,4.62,0.0
20130513:0310,0.0,0.0,0.0,0.0,11.07,4.48,0.0
20130513:0410,0.0,0.0,0.0,0.0,10.71,4.28,0.0
20130513:0510,0.0,27.0,0.0,7.9,10.62,4.28,0.0
20130513:0610,0.0,52.0,0.0,17.52,10.91,3.86,0.0
20130513:0710,0.0,116.0,0.0,27.41,11.66,5.38,0.0
20130513:0810,9.0,238.0,0.0,37.19,12.5,6.0,0.0
20130513:0910,1.0,237.0,0.0,46.33,12.64,5.59,0.0
20130513:1010,0.0,135.0,0.0,54.02,12.87,5.38,0.0
20130513:1110,173.0,427.0,0.0,58.87,13.47,5.79,0.0
20130513:1210,0.0,164.0,0.0,59.38,14.22,6.14,0.0
20130513:1310,59.0,398.0,0.0,55.36,14.65,6.0,0.0
20130513:1410,0.0,177.0,0.0,48.15,14.48,5.93,0.0
20130513:1510,373.0,199.0,0.0,39.23,14.91,6.07,0.0
20130513:1610,232.0,177.0,0.0,29.54,14.79,5.59,0.0
20130513:1710,16.0,137.0,0.0,19.64,14.45,4.34,0.0
20130513:1810,63.0,56.0,0.0,9.93,14.16,4.21,0.0
20130513:1910,0.0,0.0,0.0,0.0,13.32,4.48,0.0
20130513:2010,0.0,0.0,0.0,0.0,12.56,4.34,0.0
20130513:2110,0.0,0.0,0.0,0.0,12.09,4.21,0.0
20130513:2210,0.0,0.0,0.0,0.0,11.8,3.93,0.0
20130513:2310,0.0,0.0,0.0,0.0,11.5,3.31,0.0
20130514:0010,0.0,0.0,0.0,0.0,11.18,2.83,0.0
20130514:0110,0.0,0.0,0.0,0.0,10.79,2.34,0.0
20130514:0210,0.0,0.0,0.0,0.0,10.35,2.28,0.0
20130514:0310,0.0,0.0,0.0,0.0,9.83,2.28,0.0
20130514:0410,0.0,0.0,0.0,0.0,9.48,2.34,0.0
20130514:0510,0.0,24.0,0.0,8.08,9.31,2.48,0.0
20130514:0610,0.0,51.0,0.0,17.7,9.54,2.76,0.0
20130514:0710,0.0,133.0,0.0,27.59,10.61,3.31,0.0
20130514:0810,37.0,279.0,0.0,37.37,11.44,4.07,0.0
20130514:0910,246.0,326.0,0.0,46.53,11.84,4.55,0.0
20130514:1010,64.0,395.0,0.0,54.23,12.28,4.76,0.0
20130514:1110,11.0,350.0,0.0,59.11,12.86,5.03,0.0
20130514:1210,10.0,348.0,0.0,59.63,13.54,5.24,0.0
20130514:1310,1.0,263.0,0.0,55.58,14.12,5.24,0.0
20130514:1410,10.0,300.0,0.0,48.34,14.71,4.97,0.0
20130514:1510,8.0,247.0,0.0,39.41,14.88,5.17,0.0
20130514:1610,0.0,129.0,0.0,29.71,14.63,4.34,0.0
20130514:1710,0.0,65.0,0.0,19.81,14.46,4.21,0.0
20130514:1810,4.0,57.0,0.0,10.11,14.07,4.07,0.0
20130514:1910,0.0,0.0,0.0,0.0,13.49,4.28,0.0
20130514:2010,0.0,0.0,0.0,0.0,13.24,4.41,0.0
20130514:2110,0.0,0.0,0.0,0.0,13.0,4.69,0.0
20130514:2210,0.0,0.0,0.0,0.0,12.71,4.76,0.0
20130514:2310,0.0,0.0,0.0,0.0,12.19,4.48,0.0
20130515:0010,0.0,0.0,0.0,0.0,11.62,4.69,0.0
20130515:0110,0.0,0.0,0.0,0.0,11.22,4.9,0.0
20130515:0210,0.0,0.0,0.0,0.0,10.95,4.83,0.0
20130515:0310,0.0,0.0,0.0,0.0,10.23,4.55,0.0
20130515:0410,0.0,0.0,0.0,0.0,9.43,4.28,0.0
20130515:0510,0.0,20.0,0.0,8.26,8.68,3.79,0.0
20130515:0610,0.0,79.0,0.0,17.87,8.53,3.72,0.0
20130515:0710,39.0,213.0,0.0,27.76,8.92,4.07,0.0
20130515:0810,226.0,260.0,0.0,37.54,10.17,4.48,0.0
20130515:0910,164.0,355.0,0.0,46.72,11.35,4.9,0.0
20130515:1010,312.0,359.0,0.0,54.45,12.36,5.03,0.0
20130515:1110,12.0,356.0,0.0,59.34,12.65,4.9,0.0
20130515:1210,26.0,386.0,0.0,59.86,13.13,5.03,0.0
20130515:1310,1.0,265.0,0.0,55.79,13.42,5.17,0.0
20130515:1410,8.0,293.0,0.0,48.54,13.72,5.1,0.0
20130515:1510,11.0,257.0,0.0,39.59,13.69,4.69,0.0
20130515:1610,0.0,41.0,0.0,29.88,13.3,4.0,0.0
20130515:1710,19.0,143.0,0.0,19.98,13.07,3.38,0.0
20130515:1810,0.0,41.0,0.0,10.29,12.76,2.69,0.0
20130515:1910,0.0,0.0,0.0,0.0,12.28,1.86,0.0
20130515:2010,0.0,0.0,0.0,0.0,11.36,1.79,0.0
20130515:2110,0.0,0.0,0.0,0.0,10.75,1.86,0.0
20130515:2210,0.0,0.0,0.0,0.0,10.32,1.86,0.0
20130515:2310,0.0,0.0,0.0,0.0,9.87,1.93,0.0
20130516:0010,0.0,0.0,0.0,0.0,9.46,2.07,0.0
20130516:0110,0.0,0.0,0.0,0.0,9.09,2.07,0.0
20130516:0210,0.0,0.0,0.0,0.0,8.7,1.86,0.0
20130516:0310,0.0,0.0,0.0,0.0,8.22,1.66,0.0
20130516:0410,0.0,0.0,0.0,0.0,7.77,1.52,0.0
20130516:0510,1.0,41.0,0.0,8.44,7.4,1.1,0.0
20130516:0610,0.0,74.0,0.0,18.04,8.61,0.76,0.0
20130516:0710,3.0,161.0,0.0,27.92,9.63,0.76,0.0
20130516:0810,4.0,223.0,0.0,37.71,10.71,0.48,0.0
20130516:0910,10.0,293.0,0.0,46.9,11.58,0.55,0.0
20130516:1010,0.0,102.0,0.0,54.65,12.45,0.48,0.0
20130516:1110,25.0,385.0,0.0,59.57,13.38,0.76,0.0
20130516:1210,0.0,217.0,0.0,60.09,13.72,0.83,0.0
20130516:1310,0.0,149.0,0.0,56.01,14.22,0.76,0.0
20130516:1410,0.0,175.0,0.0,48.73,14.22,0.83,0.0
20130516:1510,0.0,185.0,0.0,39.76,14.06,0.97,0.0
20130516:1610,0.0,123.0,0.0,30.05,13.96,1.17,0.0
20130516:1710,0.0,87.0,0.0,20.15,13.68,1.31,0.0
20130516:1810,0.0,26.0,0.0,10.46,12.73,0.83,0.0
20130516:1910,0.0,0.0,0.0,0.0,11.25,1.24,0.0
20130516:2010,0.0,0.0,0.0,0.0,10.07,1.93,0.0
20130516:2110,0.0,0.0,0.0,0.0,9.41,1.86,0.0
20130516:2210,0.0,0.0,0.0,0.0,9.02,1.79,0.0
20130516:2310,0.0,0.0,0.0,0.0,8.4,1.86,0.0
20130517:0010,0.0,0.0,0.0,0.0,7.61,1.52,0.0
20130517:0110,0.0,0.0,0.0,0.0,7.08,0.9,0.0
20130517:0210,0.0,0.0,0.0,0.0,6.18,1.1,0.0
20130517:0310,0.0,0.0,0.0,0.0,6.31,0.9,0.0
20130517:0410,0.0,0.0,0.0,0.0,5.61,1.03,0.0
20130517:0510,4.0,50.0,0.0,8.6,5.25,1.38,0.0
20130517:0610,28.0,135.0,0.0,18.2,7.94,1.1,0.0
20130517:0710,250.0,156.0,0.0,28.08,9.25,1.72,0.0
20130517:0810,193.0,276.0,0.0,37.88,11.22,2.14,0.0
20130517:0910,352.0,285.0,0.0,47.08,12.3,2.48,0.0
20130517:1010,93.0,409.0,0.0,54.85,12.97,2.76,0.0
20130517:1110,29.0,393.0,0.0,59.79,13.66,2.9,0.0
20130517:1210,15.0,367.0,0.0,60.32,14.24,2.76,0.0
20130517:1310,111.0,418.0,0.0,56.21,14.69,2.69,0.0
20130517:1410,167.0,369.0,0.0,48.92,14.64,2.9,0.0
20130517:1510,232.0,278.0,0.0,39.93,14.93,2.97,0.0
20130517:1610,263.0,171.0,0.0,30.22,14.88,3.17,0.0
20130517:1710,135.0,131.0,0.0,20.32,14.6,3.45,0.0
20130517:1810,75.0,59.0,0.0,10.63,13.74,3.24,0.0
20130517:1910,0.0,0.0,0.0,0.0,12.43,2.83,0.0
20130517:2010,0.0,0.0,0.0,0.0,11.03,2.83,0.0
20130517:2110,0.0,0.0,0.0,0.0,9.93,2.69,0.0
20130517:2210,0.0,0.0,0.0,0.0,8.9,2.55,0.0
20130517:2310,0.0,0.0,0.0,0.0,8.01,2.55,0.0
20130518:0010,0.0,0.0,0.0,0.0,7.36,2.62,0.0
20130518:0110,0.0,0.0,0.0,0.0,6.95,2.62,0.0
20130518:0210,0.0,0.0,0.0,0.0,6.55,2.62,0.0
20130518:0310,0.0,0.0,0.0,0.0,6.2,2.48,0.0
20130518:0410,0.0,0.0,0.0,0.0,5.86,2.41,0.0
20130518:0510,5.0,51.0,0.0,8.77,5.96,2.28,0.0
20130518:0610,2.0,104.0,0.0,18.36,7.38,2.41,0.0
20130518:0710,56.0,220.0,0.0,28.23,9.86,3.38,0.0
20130518:0810,341.0,207.0,0.0,38.03,11.75,3.79,0.0
20130518:0910,452.0,230.0,0.0,47.25,12.96,4.21,0.0
20130518:1010,139.0,410.0,0.0,55.04,14.2,4.41,0.0
20130518:1110,2.0,307.0,0.0,60.01,15.14,4.69,0.0
20130518:1210,0.0,223.0,0.0,60.54,15.31,5.03,0.0
20130518:1310,0.0,104.0,0.0,56.42,15.37,5.59,0.0
20130518:1410,0.0,146.0,0.0,49.1,15.12,5.1,0.0
20130518:1510,0.0,67.0,0.0,40.1,13.27,4.76,0.0
20130518:1610,0.0,80.0,0.0,30.38,13.37,5.38,0.0
20130518:1710,0.0,41.0,0.0,20.49,13.78,5.03,0.0
20130518:1810,0.0,40.0,0.0,10.8,13.58,5.31,0.0
20130518:1910,0.0,1.0,0.0,1.68,12.77,4.69,0.0
20130518:2010,0.0,0.0,0.0,0.0,12.44,4.34,0.0
20130518:2110,0.0,0.0,0.0,0.0,12.07,3.93,0.0
20130518:2210,0.0,0.0,0.0,0.0,11.5,3.52,0.0
20130518:2310,0.0,0.0,0.0,0.0,11.01,3.45,0.0
20130519:0010,0.0,0.0,0.0,0.0,10.61,3.17,0.0
20130519:0110,0.0,0.0,0.0,0.0,10.26,2.97,0.0
20130519:0210,0.0,0.0,0.0,0.0,9.68,2.97,0.0
20130519:0310,0.0,0.0,0.0,0.0,9.17,2.76,0.0
20130519:0410,0.0,0.0,0.0,0.0,9.13,2.48,0.0
20130519:0510,29.0,59.0,0.0,8.92,9.26,2.28,0.0
20130519:0610,0.0,89.0,0.0,18.5,9.67,2.0,0.0
20130519:0710,4.0,169.0,0.0,28.38,10.0,1.45,0.0
20130519:0810,22.0,269.0,0.0,38.19,10.64,1.59,0.0
20130519:0910,2.0,252.0,0.0,47.41,11.43,1.52,0.0
20130519:1010,209.0,396.0,0.0,55.23,12.36,1.31,0.0
20130519:1110,55.0,416.0,0.0,60.22,13.06,1.24,0.0
20130519:1210,0.0,179.0,0.0,60.76,14.48,1.38,0.0
20130519:1310,0.0,147.0,0.0,56.62,14.93,1.1,0.0
20130519:1410,0.0,150.0,0.0,49.28,14.81,1.59,0.0
20130519:1510,1.0,206.0,0.0,40.27,14.74,2.07,0.0
20130519:1610,0.0,87.0,0.0,30.54,14.21,2.21,0.0
20130519:1710,0.0,34.0,0.0,20.65,13.65,2.48,0.0
20130519:1810,0.0,20.0,0.0,10.97,13.13,2.0,0.0
20130519:1910,0.0,1.0,0.0,1.85,11.9,0.97,0.0
20130519:2010,0.0,0.0,0.0,0.0,11.17,1.24,0.0
20130519:2110,0.0,0.0,0.0,0.0,10.79,1.59,0.0
20130519:2210,0.0,0.0,0.0,0.0,10.52,1.72,0.0
20130519:2310,0.0,0.0,0.0,0.0,10.4,2.07,0.0
20130520:0010,0.0,0.0,0.0,0.0,10.36,2.41,0.0
20130520:0110,0.0,0.0,0.0,0.0,10.28,2.76,0.0
20130520:0210,0.0,0.0,0.0,0.0,10.02,2.9,0.0
20130520:0310,0.0,0.0,0.0,0.0,9.69,2.83,0.0
20130520:0410,0.0,0.0,0.0,0.0,9.32,2.55,0.0
20130520:0510,0.0,11.0,0.0,9.07,9.15,2.21,0.0
20130520:0610,0.0,41.0,0.0,18.65,9.51,2.0,0.0
20130520:0710,1.0,149.0,0.0,28.52,10.2,3.24,0.0
20130520:0810,0.0,75.0,0.0,38.33,10.65,3.38,0.0
20130520:0910,0.0,98.0,0.0,47.57,11.29,3.38,0.0
20130520:1010,0.0,134.0,0.0,55.41,11.68,3.31,0.0
20130520:1110,0.0,96.0,0.0,60.42,12.06,3.66,0.0
20130520:1210,0.0,107.0,0.0,60.97,12.58,4.07,0.0
20130520:1310,0.0,111.0,0.0,56.81,12.05,4.28,0.0
20130520:1410,0.0,91.0,0.0,49.46,11.9,4.41,0.0
20130520:1510,0.0,106.0,0.0,40.44,11.7,4.48,0.0
20130520:1610,0.0,55.0,0.0,30.7,11.52,4.34,0.0
20130520:1710,0.0,46.0,0.0,20.81,11.25,4.0,0.0
20130520:1810,0.0,20.0,0.0,11.14,10.92,3.79,0.0
20130520:1910,0.0,1.0,0.0,2.03,10.21,3.59,0.0
20130520:2010,0.0,0.0,0.0,0.0,10.14,3.31,0.0
20130520:2110,0.0,0.0,0.0,0.0,10.16,2.83,0.0
20130520:2210,0.0,0.0,0.0,0.0,10.27,2.21,0.0
20130520:2310,0.0,0.0,0.0,0.0,10.38,1.66,0.0
20130521:0010,0.0,0.0,0.0,0.0,10.48,1.45,0.0
20130521:0110,0.0,0.0,0.0,0.0,10.44,1.72,0.0
20130521:0210,0.0,0.0,0.0,0.0,10.37,2.07,0.0
20130521:0310,0.0,0.0,0.0,0.0,10.26,2.14,0.0
20130521:0410,0.0,0.0,0.0,0.0,10.12,2.0,0.0
20130521:0510,0.0,41.0,0.0,9.22,10.11,2.28,0.0
20130521:0610,0.0,51.0,0.0,18.79,10.33,2.83,0.0
20130521:0710,0.0,54.0,0.0,28.66,10.72,3.38,0.0
20130521:0810,0.0,53.0,0.0,38.47,10.72,3.38,0.0
20130521:0910,0.0,112.0,0.0,47.73,10.81,3.45,0.0
20130521:1010,0.0,100.0,0.0,55.58,10.92,3.66,0.0
20130521:1110,0.0,93.0,0.0,60.62,11.41,4.41,0.0
20130521:1210,0.0,115.0,0.0,61.17,11.89,4.69,0.0
20130521:1310,0.0,88.0,0.0,57.01,12.24,4.34,0.0
20130521:1410,0.0,88.0,0.0,49.63,12.57,4.41,0.0
20130521:1510,0.0,85.0,0.0,40.6,12.65,4.69,0.0
20130521:1610,0.0,87.0,0.0,30.86,12.69,4.48,0.0
20130521:1710,0.0,60.0,0.0,20.96,12.67,4.41,0.0
20130521:1810,0.0,21.0,0.0,11.3,12.52,4.14,0.0
20130521:1910,0.0,2.0,0.0,2.2,11.48,4.0,0.0
20130521:2010,0.0,0.0,0.0,0.0,11.13,3.86,0.0
20130521:2110,0.0,0.0,0.0,0.0,10.9,3.86,0.0
20130521:2210,0.0,0.0,0.0,0.0,10.69,3.79,0.0
20130521:2310,0.0,0.0,0.0,0.0,10.44,3.59,0.0
20130522:0010,0.0,0.0,0.0,0.0,10.19,3.66,0.0
20130522:0110,0.0,0.0,0.0,0.0,10.01,3.72,0.0
20130522:0210,0.0,0.0,0.0,0.0,9.56,3.79,0.0
20130522:0310,0.0,0.0,0.0,0.0,8.98,3.66,0.0
20130522:0410,0.0,0.0,0.0,0.0,8.76,3.52,0.0
20130522:0510,3.0,53.0,0.0,9.36,8.58,3.31,0.0
20130522:0610,51.0,143.0,0.0,18.92,9.16,3.38,0.0
20130522:0710,270.0,153.0,0.0,28.79,9.34,4.62,0.0
20130522:0810,425.0,167.0,0.0,38.61,9.96,4.97,0.0
20130522:0910,612.0,143.0,0.0,47.87,10.94,4.97,0.0
20130522:1010,784.01,109.0,0.0,55.75,11.66,4.83,0.0
20130522:1110,842.01,109.0,0.0,60.81,12.41,4.76,0.0
20130522:1210,170.0,443.0,0.0,61.37,13.15,4.55,0.0
20130522:1310,6.0,321.0,0.0,57.19,13.72,4.07,0.0
20130522:1410,0.0,127.0,0.0,49.8,14.18,4.28,0.0
20130522:1510,53.0,311.0,0.0,40.75,14.4,4.0,0.0
20130522:1610,0.0,70.0,0.0,31.01,14.34,3.31,0.0
20130522:1710,0.0,62.0,0.0,21.12,14.1,2.48,0.0
20130522:1810,0.0,37.0,0.0,11.46,13.6,1.59,0.0
20130522:1910,0.0,2.0,0.0,2.36,12.1,1.93,0.0
20130522:2010,0.0,0.0,0.0,0.0,11.02,1.59,0.0
20130522:2110,0.0,0.0,0.0,0.0,10.58,1.31,0.0
20130522:2210,0.0,0.0,0.0,0.0,10.4,1.45,0.0
20130522:2310,0.0,0.0,0.0,0.0,9.64,2.0,0.0
20130523:0010,0.0,0.0,0.0,0.0,9.57,2.34,0.0
20130523:0110,0.0,0.0,0.0,0.0,9.35,2.62,0.0
20130523:0210,0.0,0.0,0.0,0.0,9.26,2.83,0.0
20130523:0310,0.0,0.0,0.0,0.0,9.3,2.97,0.0
20130523:0410,0.0,0.0,0.0,0.0,8.7,3.38,0.0
20130523:0510,1.0,44.0,0.0,9.49,8.36,4.28,0.0
20130523:0610,2.0,106.0,0.0,19.05,8.21,4.69,0.0
20130523:0710,151.0,212.0,0.0,28.92,8.24,5.38,0.0
20130523:0810,393.0,190.0,0.0,38.74,8.87,6.41,0.0
20130523:0910,589.0,161.0,0.0,48.01,9.71,6.9,0.0
20130523:1010,300.0,376.0,0.0,55.91,10.47,6.41,0.0
20130523:1110,481.0,323.0,0.0,61.0,11.02,5.79,0.0
20130523:1210,737.01,175.0,0.0,61.57,11.67,5.45,0.0
20130523:1310,12.0,349.0,0.0,57.37,11.82,5.17,0.0
20130523:1410,243.0,357.0,0.0,49.96,10.84,5.24,0.0
20130523:1510,28.0,295.0,0.0,40.91,9.15,5.72,0.0
20130523:1610,44.0,241.0,0.0,31.16,9.54,4.83,0.0
20130523:1710,50.0,164.0,0.0,21.27,9.36,4.14,0.0
20130523:1810,0.0,17.0,0.0,11.61,8.08,4.0,0.0
20130523:1910,0.0,7.0,0.0,2.53,7.59,2.83,0.0
20130523:2010,0.0,0.0,0.0,0.0,6.71,2.34,0.0
20130523:2110,0.0,0.0,0.0,0.0,6.02,2.14,0.0
20130523:2210,0.0,0.0,0.0,0.0,5.28,2.21,0.0
20130523:2310,0.0,0.0,0.0,0.0,4.73,2.28,0.0
20130524:0010,0.0,0.0,0.0,0.0,4.2,2.14,0.0
20130524:0110,0.0,0.0,0.0,0.0,4.04,2.0,0.0
20130524:0210,0.0,0.0,0.0,0.0,3.9,2.0,0.0
20130524:0310,0.0,0.0,0.0,0.0,3.44,2.14,0.0
20130524:0410,0.0,0.0,0.0,0.0,3.29,2.21,0.0
20130524:0510,41.0,64.0,0.0,9.62,3.58,2.14,0.0
20130524:0610,34.0,146.0,0.0,19.17,5.24,2.48,0.0
20130524:0710,180.0,202.0,0.0,29.04,6.26,2.76,0.0
20130524:0810,12.0,257.0,0.0,38.86,7.42,2.83,0.0
20130524:0910,1.0,249.0,0.0,48.15,8.31,3.24,0.0
20130524:1010,1.0,282.0,0.0,56.07,9.18,3.59,0.0
20130524:1110,0.0,192.0,0.0,61.17,9.86,3.79,0.0
20130524:1210,95.0,446.0,0.0,61.76,10.01,4.07,0.0
20130524:1310,0.0,236.0,0.0,57.55,9.16,4.21,0.0
20130524:1410,0.0,130.0,0.0,50.13,8.16,4.14,0.0
20130524:1510,0.0,101.0,0.0,41.06,7.18,3.86,0.0
20130524:1610,0.0,53.0,0.0,31.31,7.08,3.24,0.0
20130524:1710,0.0,64.0,0.0,21.42,7.57,2.21,0.0
20130524:1810,10.0,77.0,0.0,11.76,7.94,1.31,0.0
20130524:1910,0.0,8.0,0.0,2.69,7.31,1.03,0.0
20130524:2010,0.0,0.0,0.0,0.0,6.69,1.03,0.0
20130524:2110,0.0,0.0,0.0,0.0,5.38,0.97,0.0
20130524:2210,0.0,0.0,0.0,0.0,5.73,0.34,0.0
20130524:2310,0.0,0.0,0.0,0.0,4.82,0.76,0.0
20130525:0010,0.0,0.0,0.0,0.0,3.6,1.17,0.0
20130525:0110,0.0,0.0,0.0,0.0,3.22,1.86,0.0
20130525:0210,0.0,0.0,0.0,0.0,3.28,2.14,0.0
20130525:0310,0.0,0.0,0.0,0.0,3.49,2.48,0.0
20130525:0410,0.0,0.0,0.0,0.0,3.78,2.69,0.0
20130525:0510,0.0,18.0,0.0,9.74,4.32,3.03,0.0
20130525:0610,0.0,56.0,0.0,19.28,5.09,3.31,0.0
20130525:0710,37.0,224.0,0.0,29.15,6.62,4.21,0.0
20130525:0810,77.0,307.0,0.0,38.98,7.96,3.59,0.0
20130525:0910,318.0,313.0,0.0,48.28,9.62,3.52,0.0
20130525:1010,53.0,402.0,0.0,56.21,11.2,3.72,0.0
20130525:1110,0.0,237.0,0.0,61.35,12.29,3.93,0.0
20130525:1210,73.0,439.0,0.0,61.94,13.06,4.34,0.0
20130525:1310,110.0,428.0,0.0,57.73,13.56,4.55,0.0
20130525:1410,450.0,262.0,0.0,50.28,13.64,4.76,0.0
20130525:1510,396.0,211.0,0.0,41.21,13.4,4.9,0.0
20130525:1610,151.0,234.0,0.0,31.45,13.19,5.38,0.0
20130525:1710,19.0,155.0,0.0,21.56,12.48,5.45,0.0
20130525:1810,0.0,32.0,0.0,11.91,11.67,4.76,0.0
20130525:1910,0.0,2.0,0.0,2.84,10.46,3.52,0.0
20130525:2010,0.0,0.0,0.0,0.0,9.15,2.97,0.0
20130525:2110,0.0,0.0,0.0,0.0,7.92,2.76,0.0
20130525:2210,0.0,0.0,0.0,0.0,7.05,2.76,0.0
20130525:2310,0.0,0.0,0.0,0.0,6.39,2.9,0.0
20130526:0010,0.0,0.0,0.0,0.0,5.98,2.97,0.0
20130526:0110,0.0,0.0,0.0,0.0,5.72,3.03,0.0
20130526:0210,0.0,0.0,0.0,0.0,5.48,3.03,0.0
20130526:0310,0.0,0.0,0.0,0.0,5.43,3.1,0.0
20130526:0410,0.0,0.0,0.0,0.0,5.56,3.17,0.0
20130526:0510,6.0,61.0,0.0,9.86,6.09,3.17,0.0
20130526:0610,0.0,72.0,0.0,19.39,7.39,3.1,0.0
20130526:0710,28.0,217.0,0.0,29.26,8.98,4.14,0.0
20130526:0810,50.0,299.0,0.0,39.09,10.44,4.28,0.0
20130526:0910,0.0,236.0,0.0,48.4,11.63,4.28,0.0
20130526:1010,0.0,175.0,0.0,56.36,12.15,4.28,0.0
20130526:1110,252.0,423.0,0.0,61.51,12.38,4.41,0.0
20130526:1210,182.0,444.0,0.0,62.12,12.7,4.41,0.0
20130526:1310,189.0,420.0,0.0,57.89,13.26,4.83,0.0
20130526:1410,34.0,354.0,0.0,50.44,13.49,4.07,0.0
20130526:1510,81.0,322.0,0.0,41.35,13.67,3.24,0.0
20130526:1610,107.0,245.0,0.0,31.59,13.74,2.48,0.0
20130526:1710,22.0,159.0,0.0,21.7,14.18,2.97,0.0
20130526:1810,1.0,60.0,0.0,12.06,13.79,2.41,0.0
20130526:1910,0.0,2.0,0.0,3.0,12.72,2.28,0.0
20130526:2010,0.0,0.0,0.0,0.0,11.27,2.28,0.0
20130526:2110,0.0,0.0,0.0,0.0,9.9,2.28,0.0
20130526:2210,0.0,0.0,0.0,0.0,8.59,2.28,0.0
20130526:2310,0.0,0.0,0.0,0.0,7.33,2.21,0.0
20130527:0010,0.0,0.0,0.0,0.0,6.11,2.07,0.0
20130527:0110,0.0,0.0,0.0,0.0,4.97,1.86,0.0
20130527:0210,0.0,0.0,0.0,0.0,4.05,1.72,0.0
20130527:0310,0.0,0.0,0.0,0.0,3.86,1.45,0.0
20130527:0410,0.0,0.0,0.0,0.0,4.28,1.1,0.0
20130527:0510,27.0,69.0,0.0,9.97,5.01,0.34,0.0
20130527:0610,101.0,138.0,0.0,19.5,6.6,0.34,0.0
20130527:0710,350.0,115.0,0.0,29.36,10.27,0.76,0.0
20130527:0810,506.0,126.0,0.0,39.19,12.37,1.31,0.0
20130527:0910,664.0,121.0,0.0,48.51,13.99,1.86,0.0
20130527:1010,746.01,134.0,0.0,56.49,15.21,2.07,0.0
20130527:1110,315.0,402.0,0.0,61.67,16.13,2.14,0.0
20130527:1210,465.0,335.0,0.0,62.29,16.53,2.62,0.0
20130527:1310,0.0,260.0,0.0,58.06,16.56,2.76,0.0
20130527:1410,285.0,343.0,0.0,50.59,16.49,2.48,0.0
20130527:1510,25.0,294.0,0.0,41.49,16.46,2.21,0.0
20130527:1610,189.0,222.0,0.0,31.73,16.47,1.72,0.0
20130527:1710,40.0,167.0,0.0,21.84,16.4,1.17,0.0
20130527:1810,87.0,69.0,0.0,12.2,15.82,1.1,0.0
20130527:1910,6.0,13.77,0.0,3.14,14.79,2.14,0.0
20130527:2010,0.0,0.0,0.0,0.0,13.84,2.34,0.0
20130527:2110,0.0,0.0,0.0,0.0,12.91,2.62,0.0
20130527:2210,0.0,0.0,0.0,0.0,12.37,2.9,0.0
20130527:2310,0.0,0.0,0.0,0.0,12.07,3.24,0.0
20130528:0010,0.0,0.0,0.0,0.0,11.52,3.1,0.0
20130528:0110,0.0,0.0,0.0,0.0,11.14,2.97,0.0
20130528:0210,0.0,0.0,0.0,0.0,10.88,2.69,0.0
20130528:0310,0.0,0.0,0.0,0.0,10.57,2.69,0.0
20130528:0410,0.0,0.0,0.0,0.0,10.21,2.62,0.0
20130528:0510,0.0,19.0,0.0,10.07,10.12,2.48,0.0
20130528:0610,0.0,81.0,0.0,19.6,10.73,2.34,0.0
20130528:0710,0.0,41.0,0.0,29.45,11.87,3.03,0.0
20130528:0810,0.0,118.0,0.0,39.29,11.92,4.55,0.0
20130528:0910,0.0,139.0,0.0,48.62,11.52,4.9,0.0
20130528:1010,0.0,142.0,0.0,56.62,11.12,4.34,0.0
20130528:1110,0.0,144.0,0.0,61.83,11.59,4.83,0.0
20130528:1210,0.0,257.0,0.0,62.45,11.12,4.55,0.0
20130528:1310,1.0,272.0,0.0,58.22,11.6,4.62,0.0
20130528:1410,82.0,379.0,0.0,50.73,12.49,4.41,0.0
20130528:1510,139.0,318.0,0.0,41.63,12.93,4.76,0.0
20130528:1610,196.0,216.0,0.0,31.87,13.2,4.9,0.0
20130528:1710,220.0,103.0,0.0,21.98,13.05,4.34,0.0
20130528:1810,0.0,23.0,0.0,12.34,12.75,3.38,0.0
20130528:1910,0.0,3.0,0.0,3.29,11.76,3.1,0.0
20130528:2010,0.0,0.0,0.0,0.0,10.27,2.34,0.0
20130528:2110,0.0,0.0,0.0,0.0,9.42,2.34,0.0
20130528:2210,0.0,0.0,0.0,0.0,8.51,2.76,0.0
20130528:2310,0.0,0.0,0.0,0.0,7.95,2.83,0.0
20130529:0010,0.0,0.0,0.0,0.0,7.38,2.55,0.0
20130529:0110,0.0,0.0,0.0,0.0,6.84,2.21,0.0
20130529:0210,0.0,0.0,0.0,0.0,6.23,2.34,0.0
20130529:0310,0.0,0.0,0.0,0.0,5.91,2.34,0.0
20130529:0410,0.0,0.0,0.0,0.0,5.51,2.28,0.0
20130529:0510,18.0,70.0,0.0,10.17,5.74,2.14,0.0
20130529:0610,29.0,147.0,0.0,19.69,7.21,2.14,0.0
20130529:0710,227.0,183.0,0.0,29.54,8.83,2.48,0.0
20130529:0810,80.0,308.0,0.0,39.39,9.75,2.48,0.0
20130529:0910,121.0,373.0,0.0,48.73,10.53,2.76,0.0
20130529:1010,74.0,413.0,0.0,56.74,11.56,2.9,0.0
20130529:1110,103.0,445.0,0.0,61.97,12.55,2.76,0.0
20130529:1210,21.0,390.0,0.0,62.61,13.43,2.69,0.0
20130529:1310,440.0,323.0,0.0,58.37,13.93,2.62,0.0
20130529:1410,196.0,375.0,0.0,50.88,14.46,2.83,0.0
20130529:1510,95.0,326.0,0.0,41.77,14.43,2.97,0.0
20130529:1610,51.0,248.0,0.0,32.0,14.41,2.83,0.0
20130529:1710,173.0,131.0,0.0,22.11,14.18,3.03,0.0
20130529:1810,4.0,75.0,0.0,12.48,13.53,2.62,0.0
20130529:1910,11.0,15.51,0.0,3.43,12.77,1.72,0.0
20130529:2010,0.0,0.0,0.0,0.0,11.57,1.93,0.0
20130529:2110,0.0,0.0,0.0,0.0,10.68,2.14,0.0
20130529:2210,0.0,0.0,0.0,0.0,10.11,1.72,0.0
20130529:2310,0.0,0.0,0.0,0.0,9.66,1.59,0.0
20130530:0010,0.0,0.0,0.0,0.0,9.36,2.07,0.0
20130530:0110,0.0,0.0,0.0,0.0,9.04,2.21,0.0
20130530:0210,0.0,0.0,0.0,0.0,8.59,2.55,0.0
20130530:0310,0.0,0.0,0.0,0.0,8.42,2.9,0.0
20130530:0410,0.0,0.0,0.0,0.0,8.4,2.76,0.0
20130530:0510,0.0,33.0,0.0,10.26,8.64,2.55,0.0
20130530:0610,0.0,34.0,0.0,19.78,9.28,2.97,0.0
20130530:0710,78.0,231.0,0.0,29.63,10.39,2.76,0.0
20130530:0810,7.0,245.0,0.0,39.47,10.82,2.48,0.0
20130530:0910,0.0,142.0,0.0,48.82,11.65,2.28,0.0
20130530:1010,0.0,253.0,0.0,56.86,12.58,2.07,0.0
20130530:1110,0.0,280.0,0.0,62.11,12.9,2.0,0.0
20130530:1210,0.0,262.0,0.0,62.77,13.98,2.76,0.0
20130530:1310,8.0,334.0,0.0,58.52,14.26,2.55,0.0
20130530:1410,0.0,211.0,0.0,51.02,15.05,2.34,0.0
20130530:1510,346.0,237.0,0.0,41.9,15.12,2.21,0.0
20130530:1610,1.0,163.0,0.0,32.12,14.74,2.9,0.0
20130530:1710,78.0,166.0,0.0,22.24,13.61,3.03,0.0
20130530:1810,100.0,66.0,0.0,12.61,13.38,2.28,0.0
20130530:1910,6.0,17.62,0.0,3.57,12.81,3.03,0.0
20130530:2010,0.0,0.0,0.0,0.0,11.72,2.97,0.0
20130530:2110,0.0,0.0,0.0,0.0,11.29,2.97,0.0
20130530:2210,0.0,0.0,0.0,0.0,10.97,2.97,0.0
20130530:2310,0.0,0.0,0.0,0.0,10.27,3.03,0.0
20130531:0010,0.0,0.0,0.0,0.0,9.76,3.1,0.0
20130531:0110,0.0,0.0,0.0,0.0,9.85,3.03,0.0
20130531:0210,0.0,0.0,0.0,0.0,9.86,3.17,0.0
20130531:0310,0.0,0.0,0.0,0.0,9.77,3.38,0.0
20130531:0410,0.0,1.0,0.0,1.52,9.78,3.59,0.0
20130531:0510,4.0,60.0,0.0,10.35,9.79,3.66,0.0
20130531:0610,80.0,145.0,0.0,19.86,9.91,4.34,0.0
20130531:0710,4.0,177.0,0.0,29.71,10.43,4.55,0.0
20130531:0810,0.0,118.0,0.0,39.56,11.07,5.03,0.0
20130531:0910,0.0,126.0,0.0,48.92,11.96,5.72,0.0
20130531:1010,2.0,288.0,0.0,56.97,12.93,6.21,0.0
20130531:1110,0.0,201.0,0.0,62.25,13.52,6.28,0.0
20130531:1210,0.0,232.0,0.0,62.92,14.22,6.41,0.0
20130531:1310,0.0,193.0,0.0,58.66,14.65,6.48,0.0
20130531:1410,10.0,309.0,0.0,51.15,15.16,6.69,0.0
20130531:1510,0.0,121.0,0.0,42.03,15.15,6.83,0.0
20130531:1610,162.0,232.0,0.0,32.25,14.8,6.48,0.0
20130531:1710,106.0,160.0,0.0,22.36,14.83,6.21,0.0
20130531:1810,4.0,75.0,0.0,12.74,14.82,5.1,0.0
20130531:1910,4.0,18.11,0.0,3.7,14.76,4.69,0.0
20130531:2010,0.0,0.0,0.0,0.0,13.91,4.69,0.0
20130531:2110,0.0,0.0,0.0,0.0,13.12,4.48,0.0
20130531:2210,0.0,0.0,0.0,0.0,12.35,4.21,0.0
20130531:2310,0.0,0.0,0.0,0.0,11.6,3.93,0.0
20130601:0010,0.0,0.0,0.0,0.0,10.99,3.66,0.0
20130601:0110,0.0,0.0,0.0,0.0,10.6,3.38,0.0
20130601:0210,0.0,0.0,0.0,0.0,10.24,3.31,0.0
20130601:0310,0.0,0.0,0.0,0.0,9.99,3.24,0.0
20130601:0410,0.0,6.0,0.0,1.61,9.84,3.31,0.0
20130601:0510,64.0,62.0,0.0,10.43,10.27,3.31,0.0
20130601:0610,200.0,93.0,0.0,19.93,11.82,3.1,0.0
20130601:0710,343.0,119.0,0.0,29.78,13.86,4.0,0.0
20130601:0810,494.0,132.0,0.0,39.63,15.27,4.41,0.0
20130601:0910,631.0,137.0,0.0,49.0,16.46,4.55,0.0
20130601:1010,370.0,345.0,0.0,57.07,17.46,4.62,0.0
20130601:1110,636.01,232.0,0.0,62.38,18.33,5.1,0.0
20130601:1210,392.0,370.0,0.0,63.06,18.47,5.1,0.0
20130601:1310,353.0,363.0,0.0,58.8,18.67,5.38,0.0
20130601:1410,598.0,174.0,0.0,51.28,18.7,5.52,0.0
20130601:1510,0.0,92.0,0.0,42.15,18.4,5.45,0.0
20130601:1610,0.0,69.0,0.0,32.37,17.57,4.83,0.0
20130601:1710,0.0,49.0,0.0,22.48,17.08,5.03,0.0
20130601:1810,15.0,88.0,0.0,12.86,16.33,4.69,0.0
20130601:1910,1.0,14.83,0.0,3.83,15.44,4.34,0.0
20130601:2010,0.0,0.0,0.0,0.0,14.33,4.0,0.0
20130601:2110,0.0,0.0,0.0,0.0,13.36,3.72,0.0
20130601:2210,0.0,0.0,0.0,0.0,12.44,3.59,0.0
20130601:2310,0.0,0.0,0.0,0.0,11.61,3.45,0.0
20130602:0010,0.0,0.0,0.0,0.0,11.18,3.38,0.0
20130602:0110,0.0,0.0,0.0,0.0,10.82,3.24,0.0
20130602:0210,0.0,0.0,0.0,0.0,10.51,3.03,0.0
20130602:0310,0.0,0.0,0.0,0.0,10.24,3.03,0.0
20130602:0410,0.0,6.0,0.0,1.7,10.07,3.1,0.0
20130602:0510,78.0,57.0,0.0,10.51,10.02,3.03,0.0
20130602:0610,215.0,89.0,0.0,20.0,10.17,3.38,0.0
20130602:0710,365.0,112.0,0.0,29.85,11.01,3.31,0.0
20130602:0810,464.0,154.0,0.0,39.7,11.87,3.38,0.0
20130602:0910,400.0,276.0,0.0,49.08,13.07,3.72,0.0
20130602:1010,199.0,414.0,0.0,57.17,14.51,4.62,0.0
20130602:1110,333.0,398.0,0.0,62.5,15.07,4.83,0.0
20130602:1210,407.0,369.0,0.0,63.19,15.58,4.9,0.0
20130602:1310,637.01,214.0,0.0,58.94,15.41,4.9,0.0
20130602:1410,586.0,187.0,0.0,51.41,15.62,4.83,0.0
20130602:1510,355.0,240.0,0.0,42.27,15.61,4.76,0.0
20130602:1610,271.0,189.0,0.0,32.49,15.44,4.28,0.0
20130602:1710,42.0,173.0,0.0,22.6,15.23,3.93,0.0
20130602:1810,117.0,64.0,0.0,12.98,14.92,3.38,0.0
20130602:1910,9.0,18.94,0.0,3.96,14.3,3.59,0.0
20130602:2010,0.0,0.0,0.0,0.0,13.71,3.72,0.0
20130602:2110,0.0,0.0,0.0,0.0,13.0,4.0,0.0
20130602:2210,0.0,0.0,0.0,0.0,12.02,3.93,0.0
20130602:2310,0.0,0.0,0.0,0.0,11.01,3.72,0.0
20130603:0010,0.0,0.0,0.0,0.0,9.97,3.52,0.0
20130603:0110,0.0,0.0,0.0,0.0,9.06,3.38,0.0
20130603:0210,0.0,0.0,0.0,0.0,8.21,3.31,0.0
20130603:0310,0.0,0.0,0.0,0.0,7.54,3.24,0.0
20130603:0410,0.0,7.0,0.0,1.78,7.04,3.31,0.0
20130603:0510,54.0,68.0,0.0,10.58,7.23,3.31,0.0
20130603:0610,32.0,152.0,0.0,20.07,8.52,4.34,0.0
20130603:0710,117.0,230.0,0.0,29.91,10.06,4.21,0.0
20130603:0810,411.0,188.0,0.0,39.77,11.54,4.34,0.0
20130603:0910,439.0,258.0,0.0,49.15,12.98,4.69,0.0
20130603:1010,305.0,381.0,0.0,57.26,14.12,5.31,0.0
20130603:1110,236.0,435.0,0.0,62.61,14.91,5.45,0.0
20130603:1210,186.0,450.0,0.0,63.32,15.36,5.59,0.0
20130603:1310,281.0,401.0,0.0,59.07,15.75,5.66,0.0
20130603:1410,177.0,385.0,0.0,51.53,15.71,5.86,0.0
20130603:1510,367.0,236.0,0.0,42.39,15.38,6.0,0.0
20130603:1610,242.0,206.0,0.0,32.6,14.77,6.0,0.0
20130603:1710,156.0,147.0,0.0,22.72,13.98,5.45,0.0
20130603:1810,13.0,90.0,0.0,13.1,13.27,4.97,0.0
20130603:1910,15.0,18.51,0.0,4.08,12.73,4.48,0.0
20130603:2010,0.0,0.0,0.0,0.0,11.89,4.28,0.0
20130603:2110,0.0,0.0,0.0,0.0,11.39,4.07,0.0
20130603:2210,0.0,0.0,0.0,0.0,10.97,3.93,0.0
20130603:2310,0.0,0.0,0.0,0.0,10.39,3.86,0.0
20130604:0010,0.0,0.0,0.0,0.0,9.89,4.0,0.0
20130604:0110,0.0,0.0,0.0,0.0,9.3,4.14,0.0
20130604:0210,0.0,0.0,0.0,0.0,8.79,4.14,0.0
20130604:0310,0.0,0.0,0.0,0.0,8.2,4.07,0.0
20130604:0410,0.0,7.0,0.0,1.85,7.76,3.93,0.0
20130604:0510,66.0,64.0,0.0,10.64,7.77,3.86,0.0
20130604:0610,184.0,106.0,0.0,20.13,8.59,4.21,0.0
20130604:0710,311.0,142.0,0.0,29.97,10.4,4.14,0.0
20130604:0810,431.0,175.0,0.0,39.83,11.89,4.14,0.0
20130604:0910,493.0,225.0,0.0,49.22,13.4,4.34,0.0
20130604:1010,712.01,157.0,0.0,57.34,14.57,4.55,0.0
20130604:1110,752.01,168.0,0.0,62.72,15.49,4.76,0.0
20130604:1210,804.01,143.0,0.0,63.45,16.14,4.9,0.0
20130604:1310,771.01,137.0,0.0,59.19,16.67,4.97,0.0
20130604:1410,692.0,128.0,0.0,51.64,17.08,4.97,0.0
20130604:1510,550.0,131.0,0.0,42.5,17.24,4.83,0.0
20130604:1610,409.0,115.0,0.0,32.71,17.14,4.55,0.0
20130604:1710,264.0,92.0,0.0,22.83,16.78,4.34,0.0
20130604:1810,106.0,70.0,0.0,13.22,16.16,3.52,0.0
20130604:1910,11.0,20.39,0.0,4.2,15.1,3.1,0.0
20130604:2010,0.0,0.0,0.0,0.0,13.6,3.1,0.0
20130604:2110,0.0,0.0,0.0,0.0,12.56,3.1,0.0
20130604:2210,0.0,0.0,0.0,0.0,11.78,3.1,0.0
20130604:2310,0.0,0.0,0.0,0.0,11.16,3.03,0.0
20130605:0010,0.0,0.0,0.0,0.0,10.6,2.97,0.0
20130605:0110,0.0,0.0,0.0,0.0,10.16,2.97,0.0
20130605:0210,0.0,0.0,0.0,0.0,9.69,2.9,0.0
20130605:0310,0.0,0.0,0.0,0.0,9.26,2.76,0.0
20130605:0410,0.0,8.0,0.0,1.92,8.87,2.62,0.0
20130605:0510,77.0,59.0,0.0,10.7,9.2,2.34,0.0
20130605:0610,202.0,94.0,0.0,20.18,10.92,2.28,0.0
20130605:0710,344.0,120.0,0.0,30.02,13.66,2.62,0.0
20130605:0810,488.0,136.0,0.0,39.88,15.73,2.55,0.0
20130605:0910,622.0,143.0,0.0,49.28,17.65,2.62,0.0
20130605:1010,718.01,148.0,0.0,57.42,19.33,2.9,0.0
20130605:1110,772.01,150.0,0.0,62.82,20.69,3.17,0.0
20130605:1210,789.01,145.0,0.0,63.57,21.61,3.38,0.0
20130605:1310,757.01,138.0,0.0,59.31,22.13,3.24,0.0
20130605:1410,670.0,135.0,0.0,51.76,22.41,3.17,0.0
20130605:1510,499.0,154.0,0.0,42.61,22.38,3.03,0.0
20130605:1610,358.0,140.0,0.0,32.82,22.28,2.97,0.0
20130605:1710,241.0,101.0,0.0,22.94,21.85,2.55,0.0
20130605:1810,92.0,77.0,0.0,13.32,21.02,2.28,0.0
20130605:1910,7.0,22.31,0.0,4.31,19.84,2.48,0.0
20130605:2010,0.0,0.0,0.0,0.0,18.12,2.76,0.0
20130605:2110,0.0,0.0,0.0,0.0,16.94,2.83,0.0
20130605:2210,0.0,0.0,0.0,0.0,16.29,2.9,0.0
20130605:2310,0.0,0.0,0.0,0.0,15.41,2.97,0.0
20130606:0010,0.0,0.0,0.0,0.0,14.77,2.9,0.0
20130606:0110,0.0,0.0,0.0,0.0,14.15,2.83,0.0
20130606:0210,0.0,0.0,0.0,0.0,13.81,2.76,0.0
20130606:0310,0.0,0.0,0.0,0.0,13.21,2.69,0.0
20130606:0410,0.0,8.0,0.0,1.98,12.62,2.62,0.0
20130606:0510,71.0,61.0,0.0,10.76,12.8,2.41,0.0
20130606:0610,199.0,95.0,0.0,20.23,14.54,2.34,0.0
20130606:0710,340.0,120.0,0.0,30.07,16.56,2.28,0.0
20130606:0810,483.0,137.0,0.0,39.93,18.72,2.34,0.0
20130606:0910,625.0,138.0,0.0,49.34,20.44,2.34,0.0
20130606:1010,721.01,143.0,0.0,57.49,22.09,2.48,0.0
20130606:1110,775.01,146.0,0.0,62.91,23.62,2.69,0.0
20130606:1210,711.01,187.0,0.0,63.68,24.35,2.83,0.0
20130606:1310,721.01,154.0,0.0,59.42,24.89,2.83,0.0
20130606:1410,572.0,189.0,0.0,51.87,25.13,2.9,0.0
20130606:1510,520.0,140.0,0.0,42.71,25.02,2.9,0.0
20130606:1610,385.0,124.0,0.0,32.92,24.7,2.9,0.0
20130606:1710,101.0,166.0,0.0,23.04,22.3,2.34,0.0
20130606:1810,112.0,69.0,0.0,13.43,21.53,1.66,0.0
20130606:1910,3.0,21.35,0.0,4.42,21.74,2.55,0.0
20130606:2010,0.0,0.0,0.0,0.0,20.24,2.62,0.0
20130606:2110,0.0,0.0,0.0,0.0,18.97,2.55,0.0
20130606:2210,0.0,0.0,0.0,0.0,17.92,2.62,0.0
20130606:2310,0.0,0.0,0.0,0.0,17.15,2.55,0.0
20130607:0010,0.0,0.0,0.0,0.0,16.62,2.55,0.0
20130607:0110,0.0,0.0,0.0,0.0,16.09,2.69,0.0
20130607:0210,0.0,0.0,0.0,0.0,15.67,2.76,0.0
20130607:0310,0.0,0.0,0.0,0.0,15.14,2.83,0.0
20130607:0410,0.0,9.0,0.0,2.03,14.81,2.83,0.0
20130607:0510,63.0,65.0,0.0,10.8,14.9,2.76,0.0
20130607:0610,201.0,95.0,0.0,20.27,16.24,2.41,0.0
20130607:0710,342.0,121.0,0.0,30.11,18.39,2.83,0.0
20130607:0810,485.0,137.0,0.0,39.97,20.43,3.03,0.0
20130607:0910,619.0,143.0,0.0,49.39,22.2,3.24,0.0
20130607:1010,724.01,144.0,0.0,57.56,23.66,3.79,0.0
20130607:1110,779.01,145.0,0.0,63.0,24.58,4.14,0.0
20130607:1210,786.01,145.0,0.0,63.78,24.98,4.21,0.0
20130607:1310,754.01,139.0,0.0,59.53,25.27,4.14,0.0
20130607:1410,668.0,135.0,0.0,51.97,25.4,4.14,0.0
20130607:1510,538.0,133.0,0.0,42.81,25.28,4.28,0.0
20130607:1610,394.0,121.0,0.0,33.02,24.93,4.28,0.0
20130607:1710,254.0,97.0,0.0,23.14,24.34,3.79,0.0
20130607:1810,105.0,72.0,0.0,13.53,23.33,3.24,0.0
20130607:1910,8.0,24.01,0.0,4.52,21.74,3.1,0.0
20130607:2010,0.0,0.0,0.0,0.0,20.06,3.38,0.0
20130607:2110,0.0,0.0,0.0,0.0,19.02,3.52,0.0
20130607:2210,0.0,0.0,0.0,0.0,18.21,3.66,0.0
20130607:2310,0.0,0.0,0.0,0.0,17.5,3.79,0.0
20130608:0010,0.0,0.0,0.0,0.0,16.81,3.72,0.0
20130608:0110,0.0,0.0,0.0,0.0,16.11,3.66,0.0
20130608:0210,0.0,0.0,0.0,0.0,15.46,3.72,0.0
20130608:0310,0.0,0.0,0.0,0.0,14.84,3.66,0.0
20130608:0410,0.0,4.0,0.0,2.08,14.26,3.45,0.0
20130608:0510,48.0,71.0,0.0,10.85,14.3,3.24,0.0
20130608:0610,171.0,110.0,0.0,20.31,15.43,3.24,0.0
20130608:0710,307.0,140.0,0.0,30.14,17.67,4.0,0.0
20130608:0810,470.0,145.0,0.0,40.0,19.5,4.34,0.0
20130608:0910,527.0,197.0,0.0,49.43,21.22,4.55,0.0
20130608:1010,422.0,318.0,0.0,57.61,22.7,4.76,0.0
20130608:1110,550.0,282.0,0.0,63.08,23.87,5.03,0.0
20130608:1210,428.0,352.0,0.0,63.88,24.45,4.97,0.0
20130608:1310,453.0,314.0,0.0,59.63,24.27,4.62,0.0
20130608:1410,456.0,259.0,0.0,52.07,24.18,4.41,0.0
20130608:1510,0.0,59.0,0.0,42.91,24.24,4.69,0.0
20130608:1610,0.0,45.0,0.0,33.12,23.8,4.34,0.0
20130608:1710,0.0,45.0,0.0,23.24,22.94,3.86,0.0
20130608:1810,0.0,58.0,0.0,13.63,21.87,4.07,0.0
20130608:1910,3.0,22.35,0.0,4.62,20.4,3.93,0.0
20130608:2010,0.0,0.0,0.0,0.0,19.48,4.14,0.0
20130608:2110,0.0,0.0,0.0,0.0,18.9,4.21,0.0
20130608:2210,0.0,0.0,0.0,0.0,18.04,2.9,0.0
20130608:2310,0.0,0.0,0.0,0.0,16.81,1.03,0.0
20130609:0010,0.0,0.0,0.0,0.0,15.85,1.66,0.0
20130609:0110,0.0,0.0,0.0,0.0,15.24,2.83,0.0
20130609:0210,0.0,0.0,0.0,0.0,15.07,3.03,0.0
20130609:0310,0.0,0.0,0.0,0.0,14.58,2.55,0.0
20130609:0410,0.0,1.0,0.0,2.12,14.09,2.55,0.0
20130609:0510,0.0,22.0,0.0,10.88,13.8,2.76,0.0
20130609:0610,0.0,51.0,0.0,20.34,13.74,2.62,0.0
20130609:0710,0.0,47.0,0.0,30.17,13.7,2.76,0.0
20130609:0810,0.0,64.0,0.0,40.04,13.79,2.55,0.0
20130609:0910,0.0,165.0,0.0,49.47,14.23,3.03,0.0
20130609:1010,0.0,196.0,0.0,57.67,14.41,3.17,0.0
20130609:1110,31.0,397.0,0.0,63.15,15.0,3.45,0.0
20130609:1210,74.0,434.0,0.0,63.97,15.63,3.45,0.0
20130609:1310,10.0,339.0,0.0,59.73,15.97,3.52,0.0
20130609:1410,0.0,223.0,0.0,52.16,16.6,3.59,0.0
20130609:1510,0.0,169.0,0.0,43.0,17.2,3.79,0.0
20130609:1610,0.0,98.0,0.0,33.21,17.69,4.21,0.0
20130609:1710,0.0,62.0,0.0,23.33,17.47,4.0,0.0
20130609:1810,12.0,90.0,0.0,13.72,17.06,3.45,0.0
20130609:1910,7.0,24.33,0.0,4.71,14.91,2.9,0.0
20130609:2010,0.0,0.0,0.0,0.0,14.33,2.41,0.0
20130609:2110,0.0,0.0,0.0,0.0,14.02,2.21,0.0
20130609:2210,0.0,0.0,0.0,0.0,13.68,2.34,0.0
20130609:2310,0.0,0.0,0.0,0.0,13.48,2.41,0.0
20130610:0010,0.0,0.0,0.0,0.0,13.2,2.76,0.0
20130610:0110,0.0,0.0,0.0,0.0,12.85,2.97,0.0
20130610:0210,0.0,0.0,0.0,0.0,12.35,2.9,0.0
20130610:0310,0.0,0.0,0.0,0.0,12.14,2.83,0.0
20130610:0410,0.0,1.0,0.0,2.16,11.95,2.69,0.0
20130610:0510,0.0,33.0,0.0,10.91,11.94,2.41,0.0
20130610:0610,7.0,130.0,0.0,20.36,12.09,2.48,0.0
20130610:0710,9.0,194.0,0.0,30.19,12.32,2.55,0.0
20130610:0810,68.0,306.0,0.0,40.06,13.03,2.34,0.0
20130610:0910,165.0,367.0,0.0,49.5,14.0,2.34,0.0
20130610:1010,162.0,418.0,0.0,57.71,15.08,2.55,0.0
20130610:1110,164.0,444.0,0.0,63.22,15.92,2.48,0.0
20130610:1210,26.0,398.0,0.0,64.06,16.51,2.0,0.0
20130610:1310,0.0,149.0,0.0,59.82,17.01,1.66,0.0
20130610:1410,93.0,388.0,0.0,52.25,16.93,1.31,0.0
20130610:1510,296.0,270.0,0.0,43.09,17.14,0.9,0.0
20130610:1610,300.0,177.0,0.0,33.3,17.35,0.69,0.0
20130610:1710,159.0,148.0,0.0,23.41,17.54,0.76,0.0
20130610:1810,79.0,87.0,0.0,13.81,17.3,0.62,0.0
20130610:1910,7.0,25.3,0.0,4.8,17.22,0.69,0.0
20130610:2010,0.0,0.0,0.0,0.0,16.77,0.07,0.0
20130610:2110,0.0,0.0,0.0,0.0,15.66,0.48,0.0
20130610:2210,0.0,0.0,0.0,0.0,14.35,0.83,0.0
20130610:2310,0.0,0.0,0.0,0.0,13.74,0.83,0.0
20130611:0010,0.0,0.0,0.0,0.0,11.92,1.17,0.0
20130611:0110,0.0,0.0,0.0,0.0,11.21,1.45,0.0
20130611:0210,0.0,0.0,0.0,0.0,10.91,1.72,0.0
20130611:0310,0.0,0.0,0.0,0.0,11.26,1.86,0.0
20130611:0410,0.0,1.0,0.0,2.19,11.63,2.0,0.0
20130611:0510,0.0,27.0,0.0,10.94,12.64,2.0,0.0
20130611:0610,12.0,137.0,0.0,20.38,13.74,2.07,0.0
20130611:0710,3.0,169.0,0.0,30.21,14.52,2.69,0.0
20130611:0810,0.0,169.0,0.0,40.08,15.19,3.45,0.0
20130611:0910,0.0,0.0,0.0,0.0,15.93,3.79,0.0
20130611:1010,0.0,0.0,0.0,0.0,16.47,3.86,0.0
20130611:1110,16.0,372.0,0.0,63.28,17.01,3.86,0.0
20130611:1210,0.0,193.0,0.0,64.13,17.57,3.79,0.0
20130611:1310,0.0,114.0,0.0,59.9,18.23,3.45,0.0
20130611:1410,0.0,150.0,0.0,52.34,18.46,3.31,0.0
20130611:1510,4.0,245.0,0.0,43.17,18.66,3.17,0.0
20130611:1610,24.0,236.0,0.0,33.38,18.92,3.38,0.0
20130611:1710,22.0,168.0,0.0,23.5,18.77,3.24,0.0
20130611:1810,0.0,47.0,0.0,13.89,18.44,2.76,0.0
20130611:1910,4.0,25.08,0.0,4.89,17.45,2.62,0.0
20130611:2010,0.0,0.0,0.0,0.0,16.82,2.62,0.0
20130611:2110,0.0,0.0,0.0,0.0,16.37,2.69,0.0
20130611:2210,0.0,0.0,0.0,0.0,15.87,2.83,0.0
20130611:2310,0.0,0.0,0.0,0.0,15.43,2.83,0.0
20130612:0010,0.0,0.0,0.0,0.0,14.77,2.83,0.0
20130612:0110,0.0,0.0,0.0,0.0,14.3,2.97,0.0
20130612:0210,0.0,0.0,0.0,0.0,14.0,3.17,0.0
20130612:0310,0.0,0.0,0.0,0.0,14.32,3.45,0.0
20130612:0410,0.0,8.0,0.0,2.22,14.45,3.52,0.0
20130612:0510,2.0,56.0,0.0,10.96,14.75,3.66,0.0
20130612:0610,11.0,134.0,0.0,20.4,15.14,3.31,0.0
20130612:0710,0.0,112.0,0.0,30.23,15.89,4.28,0.0
20130612:0810,18.0,269.0,0.0,40.1,16.78,5.52,0.0
20130612:0910,0.0,189.0,0.0,49.55,17.78,5.86,0.0
20130612:1010,0.0,250.0,0.0,57.78,18.04,5.38,0.0
20130612:1110,7.0,336.0,0.0,63.33,18.6,5.38,0.0
20130612:1210,18.0,375.0,0.0,64.21,18.58,5.38,0.0
20130612:1310,0.0,128.0,0.0,59.98,18.71,5.24,0.0
20130612:1410,44.0,363.0,0.0,52.42,19.2,4.9,0.0
20130612:1510,0.0,138.0,0.0,43.25,20.12,5.38,0.0
20130612:1610,0.0,147.0,0.0,33.46,20.69,5.24,0.0
20130612:1710,0.0,67.0,0.0,23.58,20.51,4.41,0.0
20130612:1810,73.0,89.0,0.0,13.97,20.41,3.93,0.0
20130612:1910,5.0,25.82,0.0,4.97,19.53,3.86,0.0
20130612:2010,0.0,0.0,0.0,0.0,18.74,3.86,0.0
20130612:2110,0.0,0.0,0.0,0.0,17.79,3.86,0.0
20130612:2210,0.0,0.0,0.0,0.0,17.21,4.0,0.0
20130612:2310,0.0,0.0,0.0,0.0,16.99,4.14,0.0
20130613:0010,0.0,0.0,0.0,0.0,17.02,4.14,0.0
20130613:0110,0.0,0.0,0.0,0.0,16.82,3.86,0.0
20130613:0210,0.0,0.0,0.0,0.0,16.28,3.72,0.0
20130613:0310,0.0,0.0,0.0,0.0,15.76,3.66,0.0
20130613:0410,0.0,1.0,0.0,2.24,15.2,3.52,0.0
20130613:0510,1.0,53.0,0.0,10.97,15.04,3.45,0.0
20130613:0610,4.0,118.0,0.0,20.41,15.25,3.24,0.0
20130613:0710,5.0,179.0,0.0,30.23,16.6,4.48,0.0
20130613:0810,0.0,80.0,0.0,40.11,17.38,4.55,0.0
20130613:0910,0.0,0.0,0.0,0.0,17.4,4.07,0.0
20130613:1010,0.0,104.0,0.0,57.81,16.8,4.48,0.0
20130613:1110,0.0,139.0,0.0,63.37,16.06,5.03,0.0
20130613:1210,0.0,91.0,0.0,64.27,15.04,4.9,0.0
20130613:1310,0.0,120.0,0.0,60.06,13.76,4.21,0.0
20130613:1410,0.0,76.0,0.0,52.49,13.34,3.93,0.0
20130613:1510,0.0,200.0,0.0,43.33,13.14,3.79,0.0
20130613:1610,0.0,85.0,0.0,33.53,13.41,3.59,0.0
20130613:1710,1.0,114.0,0.0,23.65,14.19,3.86,0.0
20130613:1810,104.0,77.0,0.0,14.05,14.57,3.79,0.0
20130613:1910,10.0,26.51,0.0,5.05,14.04,3.24,0.0
20130613:2010,0.0,0.0,0.0,0.0,12.9,2.83,0.0
20130613:2110,0.0,0.0,0.0,0.0,12.08,2.76,0.0
20130613:2210,0.0,0.0,0.0,0.0,11.36,2.55,0.0
20130613:2310,0.0,0.0,0.0,0.0,10.83,2.21,0.0
20130614:0010,0.0,0.0,0.0,0.0,10.2,1.79,0.0
20130614:0110,0.0,0.0,0.0,0.0,9.38,1.79,0.0
20130614:0210,0.0,0.0,0.0,0.0,8.75,1.79,0.0
20130614:0310,0.0,0.0,0.0,0.0,8.38,1.72,0.0
20130614:0410,0.0,1.0,0.0,2.25,8.08,1.31,0.0
20130614:0510,11.0,72.0,0.0,10.98,9.58,0.48,0.0
20130614:0610,118.0,138.0,0.0,20.41,11.09,0.07,0.0
20130614:0710,224.0,189.0,0.0,30.24,13.25,1.17,0.0
20130614:0810,45.0,300.0,0.0,40.11,14.07,1.52,0.0
20130614:0910,0.0,218.0,0.0,49.57,14.77,1.72,0.0
20130614:1010,236.0,404.0,0.0,57.83,15.76,2.14,0.0
20130614:1110,432.0,352.0,0.0,63.41,16.17,2.34,0.0
20130614:1210,173.0,451.0,0.0,64.33,16.91,3.03,0.0
20130614:1310,265.0,406.0,0.0,60.13,17.68,3.17,0.0
20130614:1410,223.0,374.0,0.0,52.57,17.99,3.17,0.0
20130614:1510,141.0,330.0,0.0,43.4,18.07,3.17,0.0
20130614:1610,45.0,255.0,0.0,33.6,18.25,3.24,0.0
20130614:1710,135.0,163.0,0.0,23.72,18.22,2.76,0.0
20130614:1810,52.0,100.0,0.0,14.12,17.82,1.86,0.0
20130614:1910,0.0,19.0,0.0,5.12,16.88,1.79,0.0
20130614:2010,0.0,0.0,0.0,0.0,15.61,2.07,0.0
20130614:2110,0.0,0.0,0.0,0.0,14.41,2.21,0.0
20130614:2210,0.0,0.0,0.0,0.0,13.72,2.34,0.0
20130614:2310,0.0,0.0,0.0,0.0,13.61,2.55,0.0
20130615:0010,0.0,0.0,0.0,0.0,13.93,2.69,0.0
20130615:0110,0.0,0.0,0.0,0.0,14.09,2.9,0.0
20130615:0210,0.0,0.0,0.0,0.0,14.29,3.17,0.0
20130615:0310,0.0,0.0,0.0,0.0,13.95,3.52,0.0
20130615:0410,0.0,11.0,0.0,2.26,13.16,3.86,0.0
20130615:0510,27.0,77.0,0.0,10.98,12.84,4.28,0.0
20130615:0610,176.0,111.0,0.0,20.41,13.25,4.21,0.0
20130615:0710,25.0,219.0,0.0,30.24,14.63,6.69,0.0
20130615:0810,86.0,311.0,0.0,40.11,15.92,6.62,0.0
20130615:0910,182.0,366.0,0.0,49.57,16.67,5.93,0.0
20130615:1010,175.0,418.0,0.0,57.84,17.14,5.38,0.0
20130615:1110,188.0,444.0,0.0,63.45,17.75,5.52,0.0
20130615:1210,235.0,437.0,0.0,64.38,17.96,5.45,0.0
20130615:1310,169.0,431.0,0.0,60.19,17.94,5.31,0.0
20130615:1410,41.0,369.0,0.0,52.63,17.91,5.31,0.0
20130615:1510,97.0,335.0,0.0,43.46,17.82,5.24,0.0
20130615:1610,290.0,188.0,0.0,33.67,17.71,5.38,0.0
20130615:1710,191.0,138.0,0.0,23.79,17.34,4.9,0.0
20130615:1810,104.0,80.0,0.0,14.19,16.83,4.0,0.0
20130615:1910,13.0,27.63,0.0,5.18,15.74,3.31,0.0
20130615:2010,0.0,0.0,0.0,0.0,14.3,2.9,0.0
20130615:2110,0.0,0.0,0.0,0.0,13.17,2.9,0.0
20130615:2210,0.0,0.0,0.0,0.0,12.39,2.97,0.0
20130615:2310,0.0,0.0,0.0,0.0,11.84,2.97,0.0
20130616:0010,0.0,0.0,0.0,0.0,11.26,2.83,0.0
20130616:0110,0.0,0.0,0.0,0.0,10.81,2.62,0.0
20130616:0210,0.0,0.0,0.0,0.0,10.16,2.21,0.0
20130616:0310,0.0,0.0,0.0,0.0,10.05,1.93,0.0
20130616:0410,0.0,1.0,0.0,2.27,9.21,1.93,0.0
20130616:0510,84.0,59.0,0.0,10.98,9.36,1.59,0.0
20130616:0610,221.0,87.0,0.0,20.41,11.38,1.45,0.0
20130616:0710,338.0,123.0,0.0,30.23,13.77,1.59,0.0
20130616:0810,498.0,131.0,0.0,40.1,15.51,1.59,0.0
20130616:0910,581.0,164.0,0.0,49.57,17.01,2.07,0.0
20130616:1010,600.0,218.0,0.0,57.85,18.17,2.21,0.0
20130616:1110,736.01,170.0,0.0,63.47,19.18,1.93,0.0
20130616:1210,744.01,170.0,0.0,64.43,20.05,1.72,0.0
20130616:1310,629.0,216.0,0.0,60.24,20.87,1.45,0.0
20130616:1410,293.0,344.0,0.0,52.69,21.52,1.1,0.0
20130616:1510,63.0,326.0,0.0,43.52,21.97,1.03,0.0
20130616:1610,1.0,167.0,0.0,33.73,22.06,1.31,0.0
20130616:1710,96.0,175.0,0.0,23.85,22.01,1.66,0.0
20130616:1810,0.0,35.0,0.0,14.25,21.43,1.79,0.0
20130616:1910,6.0,28.51,0.0,5.24,19.66,2.55,0.0
20130616:2010,0.0,0.0,0.0,0.0,18.81,2.76,0.0
20130616:2110,0.0,0.0,0.0,0.0,18.37,2.62,0.0
20130616:2210,0.0,0.0,0.0,0.0,17.55,2.62,0.0
20130616:2310,0.0,0.0,0.0,0.0,16.93,2.76,0.0
20130617:0010,0.0,0.0,0.0,0.0,16.43,2.69,0.0
20130617:0110,0.0,0.0,0.0,0.0,15.93,2.69,0.0
20130617:0210,0.0,0.0,0.0,0.0,15.56,2.76,0.0
20130617:0310,0.0,0.0,0.0,0.0,15.38,2.9,0.0
20130617:0410,0.0,8.0,0.0,2.26,15.31,2.83,0.0
20130617:0510,0.0,14.0,0.0,10.97,15.63,2.69,0.0
20130617:0610,0.0,35.0,0.0,20.4,16.74,2.48,0.0
20130617:0710,0.0,58.0,0.0,30.22,18.25,3.79,0.0
20130617:0810,262.0,253.0,0.0,40.09,19.88,3.52,0.0
20130617:0910,131.0,365.0,0.0,49.56,21.6,2.97,0.0
20130617:1010,142.0,412.0,0.0,57.85,23.05,3.31,0.0
20130617:1110,663.01,204.0,0.0,63.49,24.64,3.59,0.0
20130617:1210,670.01,205.0,0.0,64.47,25.93,3.52,0.0
20130617:1310,687.01,169.0,0.0,60.3,26.91,3.38,0.0
20130617:1410,0.0,223.0,0.0,52.75,27.71,3.24,0.0
20130617:1510,0.0,77.0,0.0,43.58,28.16,3.17,0.0
20130617:1610,8.0,207.0,0.0,33.79,27.93,3.52,0.0
20130617:1710,0.0,52.0,0.0,23.91,26.82,2.55,0.0
20130617:1810,0.0,52.0,0.0,14.3,25.28,2.21,0.0
20130617:1910,0.0,4.0,0.0,5.3,22.18,1.59,0.0
20130617:2010,0.0,0.0,0.0,0.0,21.32,2.34,0.0
20130617:2110,0.0,0.0,0.0,0.0,20.4,1.52,0.0
20130617:2210,0.0,0.0,0.0,0.0,19.66,1.1,0.0
20130617:2310,0.0,0.0,0.0,0.0,19.01,1.86,0.0
20130618:0010,0.0,0.0,0.0,0.0,18.67,1.52,0.0
20130618:0110,0.0,0.0,0.0,0.0,17.77,1.45,0.0
20130618:0210,0.0,0.0,0.0,0.0,16.96,1.45,0.0
20130618:0310,0.0,0.0,0.0,0.0,16.54,1.45,0.0
20130618:0410,0.0,11.0,0.0,2.25,16.16,1.52,0.0
20130618:0510,0.0,12.0,0.0,10.96,16.38,1.24,0.0
20130618:0610,136.0,124.0,0.0,20.38,18.96,1.17,0.0
20130618:0710,247.0,167.0,0.0,30.2,19.66,0.55,0.0
20130618:0810,163.0,290.0,0.0,40.07,21.63,0.9,0.0
20130618:0910,184.0,353.0,0.0,49.55,23.0,1.45,0.0
20130618:1010,418.0,310.0,0.0,57.85,23.81,1.79,0.0
20130618:1110,700.01,180.0,0.0,63.5,24.6,0.97,0.0
20130618:1210,70.0,431.0,0.0,64.5,25.27,1.03,0.0
20130618:1310,5.0,321.0,0.0,60.34,26.18,1.86,0.0
20130618:1410,126.0,383.0,0.0,52.8,26.77,2.41,0.0
20130618:1510,479.0,163.0,0.0,43.63,26.96,2.97,0.0
20130618:1610,217.0,216.0,0.0,33.84,27.08,2.62,0.0
20130618:1710,21.0,168.0,0.0,23.96,27.07,2.55,0.0
20130618:1810,27.0,100.0,0.0,14.35,26.37,2.69,0.0
20130618:1910,1.0,21.82,0.0,5.35,24.1,2.07,0.0
20130618:2010,0.0,0.0,0.0,0.0,22.94,2.41,0.0
20130618:2110,0.0,0.0,0.0,0.0,22.12,2.34,0.0
20130618:2210,0.0,0.0,0.0,0.0,21.42,2.69,0.0
20130618:2310,0.0,0.0,0.0,0.0,20.96,2.9,0.0
20130619:0010,0.0,0.0,0.0,0.0,20.51,2.83,0.0
20130619:0110,0.0,0.0,0.0,0.0,19.95,2.83,0.0
20130619:0210,0.0,0.0,0.0,0.0,19.48,2.69,0.0
20130619:0310,0.0,0.0,0.0,0.0,19.12,2.48,0.0
20130619:0410,0.0,10.0,0.0,2.24,18.61,2.41,0.0
20130619:0510,0.0,25.0,0.0,10.94,18.7,2.28,0.0
20130619:0610,0.0,25.0,0.0,20.36,19.46,2.55,0.0
20130619:0710,0.0,80.0,0.0,30.18,19.12,2.34,0.0
20130619:0810,106.0,299.0,0.0,40.05,19.44,2.28,0.0
20130619:0910,326.0,295.0,0.0,49.53,20.59,2.97,0.0
20130619:1010,329.0,350.0,0.0,57.84,21.78,3.38,0.0
20130619:1110,573.0,254.0,0.0,63.51,22.81,2.41,0.0
20130619:1210,413.0,347.0,0.0,64.52,24.24,1.1,0.0
20130619:1310,349.0,355.0,0.0,60.38,24.64,1.1,0.0
20130619:1410,0.0,70.0,0.0,52.84,25.46,2.9,0.0
20130619:1510,0.0,59.0,0.0,43.68,26.38,3.03,0.0
20130619:1610,0.0,52.0,0.0,33.89,26.65,2.14,0.0
20130619:1710,2.0,127.0,0.0,24.01,25.12,2.0,0.0
20130619:1810,2.0,75.0,0.0,14.4,22.19,2.34,0.0
20130619:1910,0.0,11.0,0.0,5.39,21.51,0.34,0.0
20130619:2010,0.0,0.0,0.0,0.0,20.85,1.72,0.0
20130619:2110,0.0,0.0,0.0,0.0,19.9,1.52,0.0
20130619:2210,0.0,0.0,0.0,0.0,19.21,1.17,0.0
20130619:2310,0.0,0.0,0.0,0.0,18.77,0.55,0.0
20130620:0010,0.0,0.0,0.0,0.0,18.05,1.45,0.0
20130620:0110,0.0,0.0,0.0,0.0,17.84,1.59,0.0
20130620:0210,0.0,0.0,0.0,0.0,17.73,1.66,0.0
20130620:0310,0.0,0.0,0.0,0.0,17.67,2.14,0.0
20130620:0410,0.0,8.0,0.0,2.22,17.45,2.14,0.0
20130620:0510,0.0,25.0,0.0,10.92,17.28,1.86,0.0
20130620:0610,0.0,28.0,0.0,20.34,17.49,2.07,0.0
20130620:0710,0.0,110.0,0.0,30.15,16.99,2.0,0.0
20130620:0810,0.0,55.0,0.0,40.03,17.41,2.34,0.0
20130620:0910,0.0,165.0,0.0,49.51,17.34,2.55,0.0
20130620:1010,377.0,333.0,0.0,57.83,17.51,2.28,0.0
20130620:1110,91.0,436.0,0.0,63.51,19.16,1.72,0.0
20130620:1210,121.0,444.0,0.0,64.54,20.03,1.1,0.0
20130620:1310,15.0,358.0,0.0,60.41,20.94,1.59,0.0
20130620:1410,227.0,364.0,0.0,52.88,21.44,2.41,0.0
20130620:1510,191.0,311.0,0.0,43.72,21.64,2.76,0.0
20130620:1610,34.0,247.0,0.0,33.93,20.14,3.1,0.0
20130620:1710,0.0,59.0,0.0,24.05,18.97,2.41,0.0
20130620:1810,0.0,47.0,0.0,14.44,18.03,2.41,0.0
20130620:1910,1.0,21.82,0.0,5.43,18.07,3.24,0.0
20130620:2010,0.0,0.0,0.0,0.0,17.09,3.17,0.0
20130620:2110,0.0,0.0,0.0,0.0,16.37,2.9,0.0
20130620:2210,0.0,0.0,0.0,0.0,15.54,2.76,0.0
20130620:2310,0.0,0.0,0.0,0.0,15.0,2.83,0.0
20130621:0010,0.0,0.0,0.0,0.0,14.65,3.17,0.0
20130621:0110,0.0,0.0,0.0,0.0,14.58,3.31,0.0
20130621:0210,0.0,0.0,0.0,0.0,14.27,3.24,0.0
20130621:0310,0.0,0.0,0.0,0.0,14.27,3.38,0.0
20130621:0410,0.0,3.0,0.0,2.2,14.19,3.66,0.0
20130621:0510,0.0,25.0,0.0,10.89,14.44,3.86,0.0
20130621:0610,0.0,69.0,0.0,20.3,14.66,4.07,0.0
20130621:0710,0.0,101.0,0.0,30.12,14.38,3.79,0.0
20130621:0810,2.0,210.0,0.0,40.0,14.46,4.48,0.0
20130621:0910,0.0,136.0,0.0,49.48,15.04,4.97,0.0
20130621:1010,5.0,315.0,0.0,57.8,15.42,5.1,0.0
20130621:1110,50.0,419.0,0.0,63.5,16.45,5.72,0.0
20130621:1210,15.0,373.0,0.0,64.55,17.32,5.72,0.0
20130621:1310,0.0,97.0,0.0,60.44,18.01,5.45,0.0
20130621:1410,0.0,213.0,0.0,52.91,18.74,4.9,0.0
20130621:1510,25.0,300.0,0.0,43.76,18.88,4.62,0.0
20130621:1610,7.0,209.0,0.0,33.97,18.7,3.86,0.0
20130621:1710,210.0,127.0,0.0,24.09,18.59,3.17,0.0
20130621:1810,70.0,96.0,0.0,14.48,18.37,2.83,0.0
20130621:1910,23.0,26.16,0.0,5.47,17.31,3.59,0.0
20130621:2010,0.0,0.0,0.0,0.0,16.67,3.66,0.0
20130621:2110,0.0,0.0,0.0,0.0,15.66,3.45,0.0
20130621:2210,0.0,0.0,0.0,0.0,15.21,3.38,0.0
20130621:2310,0.0,0.0,0.0,0.0,14.86,3.31,0.0
20130622:0010,0.0,0.0,0.0,0.0,14.84,3.31,0.0
20130622:0110,0.0,0.0,0.0,0.0,14.95,3.31,0.0
20130622:0210,0.0,0.0,0.0,0.0,14.75,3.45,0.0
20130622:0310,0.0,0.0,0.0,0.0,14.71,3.93,0.0
20130622:0410,0.0,10.0,0.0,2.16,14.6,4.41,0.0
20130622:0510,70.0,63.0,0.0,10.86,14.48,4.83,0.0
20130622:0610,86.0,146.0,0.0,20.27,14.43,5.1,0.0
20130622:0710,0.0,86.0,0.0,30.08,14.48,6.62,0.0
20130622:0810,84.0,306.0,0.0,39.96,14.92,6.69,0.0
20130622:0910,47.0,353.0,0.0,49.45,15.59,7.1,0.0
20130622:1010,11.0,337.0,0.0,57.78,15.89,6.76,0.0
20130622:1110,0.0,142.0,0.0,63.48,16.06,6.76,0.0
20130622:1210,0.0,170.0,0.0,64.55,15.91,5.86,0.0
20130622:1310,0.0,152.0,0.0,60.46,15.87,6.34,0.0
20130622:1410,0.0,145.0,0.0,52.94,16.06,6.28,0.0
20130622:1510,24.0,299.0,0.0,43.79,16.31,6.14,0.0
20130622:1610,1.0,173.0,0.0,34.0,16.3,6.76,0.0
20130622:1710,28.0,176.0,0.0,24.12,16.44,6.76,0.0
20130622:1810,0.0,52.0,0.0,14.51,16.4,6.76,0.0
20130622:1910,8.0,30.91,0.0,5.5,16.02,6.34,0.0
20130622:2010,0.0,0.0,0.0,0.0,15.95,6.14,0.0
20130622:2110,0.0,0.0,0.0,0.0,15.67,6.21,0.0
20130622:2210,0.0,0.0,0.0,0.0,15.08,5.93,0.0
20130622:2310,0.0,0.0,0.0,0.0,14.62,5.66,0.0
20130623:0010,0.0,0.0,0.0,0.0,14.31,5.66,0.0
20130623:0110,0.0,0.0,0.0,0.0,14.01,5.72,0.0
20130623:0210,0.0,0.0,0.0,0.0,13.61,5.79,0.0
20130623:0310,0.0,0.0,0.0,0.0,13.25,5.86,0.0
20130623:0410,0.0,4.0,0.0,2.13,12.97,6.0,0.0
20130623:0510,6.0,67.0,0.0,10.82,12.82,6.28,0.0
20130623:0610,47.0,153.0,0.0,20.23,12.99,6.21,0.0
20130623:0710,69.0,233.0,0.0,30.04,13.59,6.62,0.0
20130623:0810,161.0,297.0,0.0,39.92,14.22,6.9,0.0
20130623:0910,12.0,308.0,0.0,49.41,15.1,6.55,0.0
20130623:1010,23.0,367.0,0.0,57.74,15.93,6.21,0.0
20130623:1110,75.0,438.0,0.0,63.46,16.89,6.41,0.0
20130623:1210,80.0,443.0,0.0,64.55,16.63,6.14,0.0
20130623:1310,115.0,433.0,0.0,60.47,17.38,5.93,0.0
20130623:1410,0.0,238.0,0.0,52.97,18.07,5.79,0.0
20130623:1510,269.0,289.0,0.0,43.82,16.52,6.28,0.0
20130623:1610,0.0,71.0,0.0,34.03,15.45,5.17,0.0
20130623:1710,26.0,177.0,0.0,24.15,15.51,3.72,0.0
20130623:1810,0.0,58.0,0.0,14.54,15.58,4.34,0.0
20130623:1910,8.0,29.99,0.0,5.52,14.48,4.21,0.0
20130623:2010,0.0,0.0,0.0,0.0,13.8,4.14,0.0
20130623:2110,0.0,0.0,0.0,0.0,13.35,3.93,0.0
20130623:2210,0.0,0.0,0.0,0.0,12.66,3.93,0.0
20130623:2310,0.0,0.0,0.0,0.0,12.34,4.07,0.0
20130624:0010,0.0,0.0,0.0,0.0,12.06,4.14,0.0
20130624:0110,0.0,0.0,0.0,0.0,11.97,4.21,0.0
20130624:0210,0.0,0.0,0.0,0.0,11.99,4.21,0.0
20130624:0310,0.0,0.0,0.0,0.0,12.02,4.07,0.0
20130624:0410,0.0,9.0,0.0,2.09,11.69,3.72,0.0
20130624:0510,5.0,66.0,0.0,10.77,11.64,3.66,0.0
20130624:0610,171.0,111.0,0.0,20.18,12.05,3.93,0.0
20130624:0710,0.0,137.0,0.0,30.0,12.79,4.83,0.0
20130624:0810,6.0,241.0,0.0,39.87,13.42,4.62,0.0
20130624:0910,0.0,0.0,0.0,0.0,14.07,4.97,0.0
20130624:1010,0.0,109.0,0.0,57.7,15.16,5.17,0.0
20130624:1110,0.0,112.0,0.0,63.43,16.04,5.31,0.0
20130624:1210,0.0,169.0,0.0,64.54,16.75,5.52,0.0
20130624:1310,25.0,385.0,0.0,60.48,17.0,5.52,0.0
20130624:1410,78.0,390.0,0.0,52.98,16.99,5.24,0.0
20130624:1510,240.0,303.0,0.0,43.84,16.67,4.97,0.0
20130624:1610,50.0,260.0,0.0,34.06,16.44,4.76,0.0
20130624:1710,246.0,112.0,0.0,24.17,15.87,4.14,0.0
20130624:1810,117.0,78.0,0.0,14.56,15.34,3.66,0.0
20130624:1910,17.0,29.47,0.0,5.54,14.56,3.03,0.0
20130624:2010,0.0,0.0,0.0,0.0,13.3,2.48,0.0
20130624:2110,0.0,0.0,0.0,0.0,12.47,2.07,0.0
20130624:2210,0.0,0.0,0.0,0.0,11.53,2.0,0.0
20130624:2310,0.0,0.0,0.0,0.0,10.73,2.0,0.0
20130625:0010,0.0,0.0,0.0,0.0,10.0,2.0,0.0
20130625:0110,0.0,0.0,0.0,0.0,9.26,2.0,0.0
20130625:0210,0.0,0.0,0.0,0.0,8.99,2.0,0.0
20130625:0310,0.0,0.0,0.0,0.0,8.92,2.0,0.0
20130625:0410,0.0,4.0,0.0,2.04,8.6,2.0,0.0
20130625:0510,73.0,62.0,0.0,10.73,9.19,1.66,0.0
20130625:0610,204.0,94.0,0.0,20.13,10.89,1.72,0.0
20130625:0710,162.0,214.0,0.0,29.95,12.1,1.86,0.0
20130625:0810,405.0,188.0,0.0,39.82,13.42,2.0,0.0
20130625:0910,461.0,242.0,0.0,49.32,14.49,2.28,0.0
20130625:1010,1.0,270.0,0.0,57.66,15.49,2.21,0.0
20130625:1110,112.0,450.0,0.0,63.4,16.06,2.21,0.0
20130625:1210,460.0,346.0,0.0,64.53,16.86,2.55,0.0
20130625:1310,2.0,298.0,0.0,60.48,17.44,2.83,0.0
20130625:1410,0.0,205.0,0.0,53.0,17.44,2.83,0.0
20130625:1510,504.0,167.0,0.0,43.86,17.55,3.03,0.0
20130625:1610,349.0,161.0,0.0,34.08,17.55,3.17,0.0
20130625:1710,79.0,185.0,0.0,24.19,17.31,3.03,0.0
20130625:1810,71.0,99.0,0.0,14.58,16.89,2.69,0.0
20130625:1910,0.0,5.0,0.0,5.55,15.93,2.41,0.0
20130625:2010,0.0,0.0,0.0,0.0,14.44,2.48,0.0
20130625:2110,0.0,0.0,0.0,0.0,13.48,2.55,0.0
20130625:2210,0.0,0.0,0.0,0.0,12.52,2.69,0.0
20130625:2310,0.0,0.0,0.0,0.0,11.89,2.83,0.0
20130626:0010,0.0,0.0,0.0,0.0,11.17,2.76,0.0
20130626:0110,0.0,0.0,0.0,0.0,10.52,2.62,0.0
20130626:0210,0.0,0.0,0.0,0.0,9.8,2.48,0.0
20130626:0310,0.0,0.0,0.0,0.0,9.13,2.41,0.0
20130626:0410,0.0,9.0,0.0,1.99,8.59,2.41,0.0
20130626:0510,73.0,61.0,0.0,10.67,8.97,2.07,0.0
20130626:0610,193.0,100.0,0.0,20.08,10.87,1.93,0.0
20130626:0710,338.0,124.0,0.0,29.89,13.06,2.0,0.0
20130626:0810,470.0,149.0,0.0,39.77,14.95,2.55,0.0
20130626:0910,548.0,190.0,0.0,49.27,16.36,3.17,0.0
20130626:1010,265.0,394.0,0.0,57.61,17.51,3.38,0.0
20130626:1110,156.0,450.0,0.0,63.36,17.74,2.97,0.0
20130626:1210,10.0,362.0,0.0,64.5,17.93,2.83,0.0
20130626:1310,40.0,405.0,0.0,60.48,18.21,2.83,0.0
20130626:1410,69.0,389.0,0.0,53.0,18.26,2.83,0.0
20130626:1510,139.0,336.0,0.0,43.87,18.07,2.69,0.0
20130626:1610,44.0,260.0,0.0,34.09,17.94,2.41,0.0
20130626:1710,19.0,174.0,0.0,24.2,17.85,2.0,0.0
20130626:1810,21.0,105.0,0.0,14.59,17.47,1.45,0.0
20130626:1910,1.0,24.8,0.0,5.56,16.57,1.86,0.0
20130626:2010,0.0,0.0,0.0,0.0,15.62,1.93,0.0
20130626:2110,0.0,0.0,0.0,0.0,14.72,2.0,0.0
20130626:2210,0.0,0.0,0.0,0.0,14.18,2.0,0.0
20130626:2310,0.0,0.0,0.0,0.0,13.37,2.07,0.0
20130627:0010,0.0,0.0,0.0,0.0,12.88,2.14,0.0
20130627:0110,0.0,0.0,0.0,0.0,12.17,2.34,0.0
20130627:0210,0.0,0.0,0.0,0.0,11.73,2.55,0.0
20130627:0310,0.0,0.0,0.0,0.0,11.47,2.55,0.0
20130627:0410,0.0,2.0,0.0,1.93,11.12,2.55,0.0
20130627:0510,5.0,65.0,0.0,10.61,11.4,2.55,0.0
20130627:0610,31.0,149.0,0.0,20.02,12.2,2.41,0.0
20130627:0710,1.0,150.0,0.0,29.83,13.24,2.21,0.0
20130627:0810,24.0,280.0,0.0,39.71,14.43,1.93,0.0
20130627:0910,27.0,336.0,0.0,49.21,15.62,1.52,0.0
20130627:1010,624.0,205.0,0.0,57.55,16.64,1.59,0.0
20130627:1110,321.0,400.0,0.0,63.31,17.4,1.79,0.0
20130627:1210,23.0,394.0,0.0,64.47,17.48,2.69,0.0
20130627:1310,423.0,337.0,0.0,60.46,17.49,3.03,0.0
20130627:1410,119.0,394.0,0.0,53.0,17.82,2.97,0.0
20130627:1510,311.0,271.0,0.0,43.88,17.93,2.97,0.0
20130627:1610,157.0,250.0,0.0,34.1,18.06,3.17,0.0
20130627:1710,40.0,183.0,0.0,24.21,17.76,3.17,0.0
20130627:1810,53.0,103.0,0.0,14.59,17.38,2.83,0.0
20130627:1910,0.0,13.0,0.0,5.56,16.99,1.66,0.0
20130627:2010,0.0,0.0,0.0,0.0,15.93,1.52,0.0
20130627:2110,0.0,0.0,0.0,0.0,14.95,1.66,0.0
20130627:2210,0.0,0.0,0.0,0.0,14.3,2.21,0.0
20130627:2310,0.0,0.0,0.0,0.0,13.75,2.41,0.0
20130628:0010,0.0,0.0,0.0,0.0,13.31,2.21,0.0
20130628:0110,0.0,0.0,0.0,0.0,12.91,1.93,0.0
20130628:0210,0.0,0.0,0.0,0.0,12.65,1.93,0.0
20130628:0310,0.0,0.0,0.0,0.0,12.47,1.86,0.0
20130628:0410,0.0,1.0,0.0,1.87,12.34,1.79,0.0
20130628:0510,0.0,13.0,0.0,10.55,12.37,1.86,0.0
20130628:0610,0.0,56.0,0.0,19.96,12.51,1.93,0.0
20130628:0710,0.0,82.0,0.0,29.77,12.67,2.07,0.0
20130628:0810,0.0,131.0,0.0,39.65,12.93,2.48,0.0
20130628:0910,0.0,180.0,0.0,49.15,13.28,2.62,0.0
20130628:1010,0.0,170.0,0.0,57.49,13.69,2.48,0.0
20130628:1110,0.0,248.0,0.0,63.26,14.09,2.14,0.0
20130628:1210,24.0,391.0,0.0,64.43,14.8,2.0,0.0
20130628:1310,18.0,366.0,0.0,60.45,15.28,2.28,0.0
20130628:1410,0.0,192.0,0.0,53.0,16.15,2.69,0.0
20130628:1510,0.0,124.0,0.0,43.88,16.66,2.76,0.0
20130628:1610,0.0,96.0,0.0,34.1,16.8,2.34,0.0
20130628:1710,4.0,142.0,0.0,24.22,16.64,1.72,0.0
20130628:1810,4.0,86.0,0.0,14.59,16.5,1.86,0.0
20130628:1910,0.0,5.0,0.0,5.55,16.44,1.66,0.0
20130628:2010,0.0,0.0,0.0,0.0,16.1,2.0,0.0
20130628:2110,0.0,0.0,0.0,0.0,15.96,2.48,0.0
20130628:2210,0.0,0.0,0.0,0.0,16.08,2.97,0.0
20130628:2310,0.0,0.0,0.0,0.0,16.21,3.72,0.0
20130629:0010,0.0,0.0,0.0,0.0,15.88,4.28,0.0
20130629:0110,0.0,0.0,0.0,0.0,15.12,4.48,0.0
20130629:0210,0.0,0.0,0.0,0.0,14.34,4.21,0.0
20130629:0310,0.0,0.0,0.0,0.0,13.96,4.07,0.0
20130629:0410,0.0,2.0,0.0,1.8,13.92,4.07,0.0
20130629:0510,0.0,17.0,0.0,10.48,14.12,3.93,0.0
20130629:0610,0.0,35.0,0.0,19.89,14.41,3.72,0.0
20130629:0710,0.0,55.0,0.0,29.7,14.76,4.34,0.0
20130629:0810,0.0,98.0,0.0,39.58,15.14,4.28,0.0
20130629:0910,0.0,112.0,0.0,49.08,15.91,4.41,0.0
20130629:1010,16.0,350.0,0.0,57.43,16.8,4.41,0.0
20130629:1110,107.0,439.0,0.0,63.2,18.38,5.31,0.0
20130629:1210,215.0,434.0,0.0,64.39,19.2,5.24,0.0
20130629:1310,176.0,423.0,0.0,60.42,19.86,5.03,0.0
20130629:1410,269.0,351.0,0.0,52.99,20.0,4.76,0.0
20130629:1510,215.0,306.0,0.0,43.88,19.83,4.69,0.0
20130629:1610,152.0,247.0,0.0,34.1,19.41,4.62,0.0
20130629:1710,123.0,168.0,0.0,24.21,18.72,4.34,0.0
20130629:1810,60.0,100.0,0.0,14.59,17.87,3.59,0.0
20130629:1910,14.0,29.38,0.0,5.54,17.09,3.03,0.0
20130629:2010,0.0,0.0,0.0,0.0,15.58,2.69,0.0
20130629:2110,0.0,0.0,0.0,0.0,14.56,2.55,0.0
20130629:2210,0.0,0.0,0.0,0.0,13.75,2.48,0.0
20130629:2310,0.0,0.0,0.0,0.0,12.98,2.34,0.0
20130630:0010,0.0,0.0,0.0,0.0,12.28,2.14,0.0
20130630:0110,0.0,0.0,0.0,0.0,11.57,1.86,0.0
20130630:0210,0.0,0.0,0.0,0.0,10.64,1.59,0.0
20130630:0310,0.0,0.0,0.0,0.0,9.88,1.52,0.0
20130630:0410,0.0,8.0,0.0,1.73,9.45,1.45,0.0
20130630:0510,76.0,57.0,0.0,10.41,10.32,0.97,0.0
20130630:0610,200.0,91.0,0.0,19.82,12.87,0.69,0.0
20130630:0710,340.0,117.0,0.0,29.63,15.06,0.76,0.0
20130630:0810,485.0,132.0,0.0,39.51,16.55,1.03,0.0
20130630:0910,622.0,138.0,0.0,49.01,17.92,1.24,0.0
20130630:1010,721.01,143.0,0.0,57.36,19.2,1.38,0.0
20130630:1110,758.01,156.0,0.0,63.13,20.49,1.38,0.0
20130630:1210,593.0,263.0,0.0,64.34,20.92,1.45,0.0
20130630:1310,392.0,349.0,0.0,60.39,21.2,1.59,0.0
20130630:1410,382.0,306.0,0.0,52.97,21.31,1.59,0.0
20130630:1510,301.0,274.0,0.0,43.87,21.68,1.66,0.0
20130630:1610,250.0,210.0,0.0,34.09,21.82,1.66,0.0
20130630:1710,228.0,121.0,0.0,24.21,21.87,1.66,0.0
20130630:1810,115.0,79.0,0.0,14.58,21.46,1.24,0.0
20130630:1910,20.0,27.81,0.0,5.53,20.64,0.9,0.0
20130630:2010,0.0,0.0,0.0,0.0,18.66,1.52,0.0
20130630:2110,0.0,0.0,0.0,0.0,16.57,1.93,0.0
20130630:2210,0.0,0.0,0.0,0.0,15.35,2.07,0.0
20130630:2310,0.0,0.0,0.0,0.0,14.4,1.93,0.0
20130701:0010,0.0,0.0,0.0,0.0,13.57,1.66,0.0
20130701:0110,0.0,0.0,0.0,0.0,12.77,1.52,0.0
20130701:0210,0.0,0.0,0.0,0.0,12.26,1.38,0.0
20130701:0310,0.0,0.0,0.0,0.0,11.79,1.31,0.0
20130701:0410,0.0,4.0,0.0,1.65,11.05,1.17,0.0
20130701:0510,13.0,68.0,0.0,10.34,12.18,0.76,0.0
20130701:0610,26.0,143.0,0.0,19.74,14.34,1.1,0.0
20130701:0710,56.0,227.0,0.0,29.56,15.2,1.72,0.0
20130701:0810,313.0,227.0,0.0,39.43,16.13,1.72,0.0
20130701:0910,404.0,261.0,0.0,48.93,17.58,1.45,0.0
20130701:1010,219.0,398.0,0.0,57.28,18.8,1.45,0.0
20130701:1110,257.0,418.0,0.0,63.06,19.97,1.72,0.0
20130701:1210,171.0,444.0,0.0,64.28,20.94,2.28,0.0
20130701:1310,106.0,428.0,0.0,60.35,21.71,2.41,0.0
20130701:1410,221.0,372.0,0.0,52.95,22.17,2.41,0.0
20130701:1510,51.0,323.0,0.0,43.85,22.23,2.41,0.0
20130701:1610,72.0,262.0,0.0,34.08,22.03,2.41,0.0
20130701:1710,92.0,179.0,0.0,24.19,21.6,2.14,0.0
20130701:1810,111.0,80.0,0.0,14.56,21.2,1.79,0.0
20130701:1910,8.0,31.85,0.0,5.51,20.18,1.93,0.0
20130701:2010,0.0,0.0,0.0,0.0,18.73,1.93,0.0
20130701:2110,0.0,0.0,0.0,0.0,17.38,1.72,0.0
20130701:2210,0.0,0.0,0.0,0.0,15.85,1.66,0.0
20130701:2310,0.0,0.0,0.0,0.0,14.46,1.72,0.0
20130702:0010,0.0,0.0,0.0,0.0,13.6,1.93,0.0
20130702:0110,0.0,0.0,0.0,0.0,13.11,1.93,0.0
20130702:0210,0.0,0.0,0.0,0.0,12.65,1.93,0.0
20130702:0310,0.0,0.0,0.0,0.0,12.29,1.72,0.0
20130702:0410,0.0,6.0,0.0,1.57,11.94,1.52,0.0
20130702:0510,9.0,65.0,0.0,10.25,12.16,1.1,0.0
20130702:0610,5.0,119.0,0.0,19.66,14.44,0.97,0.0
20130702:0710,39.0,221.0,0.0,29.48,16.21,1.03,0.0
20130702:0810,489.0,126.0,0.0,39.35,18.36,1.1,0.0
20130702:0910,279.0,321.0,0.0,48.85,20.07,1.1,0.0
20130702:1010,349.0,347.0,0.0,57.2,21.46,1.17,0.0
20130702:1110,494.0,308.0,0.0,62.98,22.51,1.86,0.0
20130702:1210,232.0,430.0,0.0,64.22,23.43,2.62,0.0
20130702:1310,202.0,419.0,0.0,60.31,24.18,3.03,0.0
20130702:1410,0.0,159.0,0.0,52.92,24.68,3.38,0.0
20130702:1510,32.0,309.0,0.0,43.83,25.05,3.79,0.0
20130702:1610,104.0,260.0,0.0,34.06,24.67,3.59,0.0
20130702:1710,0.0,83.0,0.0,24.18,23.22,3.59,0.0
20130702:1810,3.0,83.0,0.0,14.54,21.83,3.03,0.0
20130702:1910,3.0,29.29,0.0,5.48,21.31,2.48,0.0
20130702:2010,0.0,0.0,0.0,0.0,20.22,2.76,0.0
20130702:2110,0.0,0.0,0.0,0.0,19.67,3.17,0.0
20130702:2210,0.0,0.0,0.0,0.0,19.28,4.0,0.0
20130702:2310,0.0,0.0,0.0,0.0,18.31,4.48,0.0
20130703:0010,0.0,0.0,0.0,0.0,17.11,4.55,0.0
20130703:0110,0.0,0.0,0.0,0.0,15.75,4.48,0.0
20130703:0210,0.0,0.0,0.0,0.0,14.79,4.28,0.0
20130703:0310,0.0,0.0,0.0,0.0,14.66,4.07,0.0
20130703:0410,0.0,1.0,0.0,1.49,14.75,3.79,0.0
20130703:0510,0.0,11.0,0.0,10.17,14.95,4.28,0.0
20130703:0610,0.0,73.0,0.0,19.58,15.15,4.62,0.0
20130703:0710,0.0,119.0,0.0,29.39,15.81,3.52,0.0
20130703:0810,0.0,113.0,0.0,39.27,16.28,3.93,0.0
20130703:0910,7.0,282.0,0.0,48.76,16.64,4.41,0.0
20130703:1010,17.0,351.0,0.0,57.11,17.46,5.24,0.0
20130703:1110,31.0,396.0,0.0,62.89,17.75,4.62,0.0
20130703:1210,28.0,395.0,0.0,64.15,18.22,4.62,0.0
20130703:1310,53.0,407.0,0.0,60.26,18.36,4.55,0.0
20130703:1410,9.0,308.0,0.0,52.89,18.44,4.34,0.0
20130703:1510,0.0,162.0,0.0,43.81,18.42,4.48,0.0
20130703:1610,0.0,148.0,0.0,34.04,18.27,4.07,0.0
20130703:1710,0.0,117.0,0.0,24.15,18.05,3.52,0.0
20130703:1810,0.0,38.0,0.0,14.51,17.8,2.83,0.0
20130703:1910,0.0,16.0,0.0,5.45,16.62,2.62,0.0
20130703:2010,0.0,0.0,0.0,0.0,16.19,2.62,0.0
20130703:2110,0.0,0.0,0.0,0.0,15.88,2.48,0.0
20130703:2210,0.0,0.0,0.0,0.0,15.6,2.28,0.0
20130703:2310,0.0,0.0,0.0,0.0,15.28,2.14,0.0
20130704:0010,0.0,0.0,0.0,0.0,15.02,2.07,0.0
20130704:0110,0.0,0.0,0.0,0.0,14.71,2.07,0.0
20130704:0210,0.0,0.0,0.0,0.0,14.59,2.21,0.0
20130704:0310,0.0,0.0,0.0,0.0,14.45,2.21,0.0
20130704:0410,0.0,1.0,0.0,1.39,14.2,2.14,0.0
20130704:0510,2.0,53.0,0.0,10.08,14.14,1.93,0.0
20130704:0610,3.0,111.0,0.0,19.49,14.52,2.28,0.0
20130704:0710,64.0,225.0,0.0,29.3,14.88,2.14,0.0
20130704:0810,290.0,235.0,0.0,39.18,15.68,2.28,0.0
20130704:0910,491.0,208.0,0.0,48.67,16.67,2.48,0.0
20130704:1010,315.0,361.0,0.0,57.02,17.56,2.55,0.0
20130704:1110,263.0,413.0,0.0,62.8,18.66,2.97,0.0
20130704:1210,32.0,403.0,0.0,64.07,19.49,3.31,0.0
20130704:1310,13.0,354.0,0.0,60.2,20.24,3.59,0.0
20130704:1410,0.0,236.0,0.0,52.85,20.68,3.59,0.0
20130704:1510,0.0,167.0,0.0,43.78,21.0,3.24,0.0
20130704:1610,0.0,126.0,0.0,34.01,21.06,2.9,0.0
20130704:1710,0.0,102.0,0.0,24.12,20.95,2.34,0.0
20130704:1810,0.0,67.0,0.0,14.48,20.84,1.66,0.0
20130704:1910,0.0,18.0,0.0,5.41,19.31,1.52,0.0
20130704:2010,0.0,0.0,0.0,0.0,18.85,1.17,0.0
20130704:2110,0.0,0.0,0.0,0.0,18.47,1.03,0.0
20130704:2210,0.0,0.0,0.0,0.0,18.17,1.1,0.0
20130704:2310,0.0,0.0,0.0,0.0,17.98,1.38,0.0
20130705:0010,0.0,0.0,0.0,0.0,17.32,1.72,0.0
20130705:0110,0.0,0.0,0.0,0.0,17.16,1.72,0.0
20130705:0210,0.0,0.0,0.0,0.0,16.84,1.59,0.0
20130705:0310,0.0,0.0,0.0,0.0,16.65,1.38,0.0
20130705:0410,0.0,0.0,0.0,0.0,16.33,1.24,0.0
20130705:0510,0.0,34.0,0.0,9.98,16.35,0.97,0.0
20130705:0610,0.0,83.0,0.0,19.4,16.97,1.03,0.0
20130705:0710,32.0,217.0,0.0,29.21,17.21,2.21,0.0
20130705:0810,11.0,253.0,0.0,39.09,17.59,2.07,0.0
20130705:0910,32.0,339.0,0.0,48.58,18.48,1.86,0.0
20130705:1010,524.0,258.0,0.0,56.92,19.68,1.79,0.0
20130705:1110,728.01,172.0,0.0,62.7,20.52,1.66,0.0
20130705:1210,286.0,416.0,0.0,63.98,21.15,1.52,0.0
20130705:1310,170.0,428.0,0.0,60.14,21.85,1.38,0.0
20130705:1410,337.0,328.0,0.0,52.8,22.32,1.45,0.0
20130705:1510,380.0,233.0,0.0,43.74,22.55,1.72,0.0
20130705:1610,277.0,197.0,0.0,33.98,22.57,1.93,0.0
20130705:1710,266.0,101.0,0.0,24.09,22.44,2.14,0.0
20130705:1810,120.0,75.0,0.0,14.44,21.92,2.14,0.0
20130705:1910,8.0,30.86,0.0,5.36,21.04,2.55,0.0
20130705:2010,0.0,0.0,0.0,0.0,19.59,2.83,0.0
20130705:2110,0.0,0.0,0.0,0.0,18.64,2.9,0.0
20130705:2210,0.0,0.0,0.0,0.0,17.91,2.76,0.0
20130705:2310,0.0,0.0,0.0,0.0,17.14,2.55,0.0
20130706:0010,0.0,0.0,0.0,0.0,16.5,2.41,0.0
20130706:0110,0.0,0.0,0.0,0.0,15.91,2.34,0.0
20130706:0210,0.0,0.0,0.0,0.0,15.45,2.28,0.0
20130706:0310,0.0,0.0,0.0,0.0,15.0,2.28,0.0
20130706:0410,0.0,0.0,0.0,0.0,14.82,2.28,0.0
20130706:0510,63.0,56.0,0.0,9.89,15.06,2.14,0.0
20130706:0610,204.0,84.0,0.0,19.3,16.38,2.14,0.0
20130706:0710,351.0,106.0,0.0,29.12,18.06,2.14,0.0
20130706:0810,503.0,118.0,0.0,38.99,20.02,2.34,0.0
20130706:0910,647.0,119.0,0.0,48.48,21.8,2.62,0.0
20130706:1010,656.01,175.0,0.0,56.82,23.28,2.9,0.0
20130706:1110,250.0,420.0,0.0,62.6,24.6,3.31,0.0
20130706:1210,483.0,322.0,0.0,63.89,25.4,3.03,0.0
20130706:1310,394.0,346.0,0.0,60.07,25.98,3.03,0.0
20130706:1410,335.0,327.0,0.0,52.75,26.33,3.1,0.0
20130706:1510,435.0,200.0,0.0,43.7,26.64,3.24,0.0
20130706:1610,311.0,177.0,0.0,33.94,26.65,3.31,0.0
20130706:1710,230.0,118.0,0.0,24.05,26.25,3.03,0.0
20130706:1810,128.0,72.0,0.0,14.4,25.4,2.34,0.0
20130706:1910,7.0,30.17,0.0,5.31,23.82,2.76,0.0
20130706:2010,0.0,0.0,0.0,0.0,22.27,2.97,0.0
20130706:2110,0.0,0.0,0.0,0.0,21.31,3.1,0.0
20130706:2210,0.0,0.0,0.0,0.0,20.48,3.17,0.0
20130706:2310,0.0,0.0,0.0,0.0,19.98,3.1,0.0
20130707:0010,0.0,0.0,0.0,0.0,19.33,2.97,0.0
20130707:0110,0.0,0.0,0.0,0.0,18.93,2.9,0.0
20130707:0210,0.0,0.0,0.0,0.0,18.63,2.76,0.0
20130707:0310,0.0,0.0,0.0,0.0,18.28,2.69,0.0
20130707:0410,0.0,0.0,0.0,0.0,17.84,2.69,0.0
20130707:0510,47.0,62.0,0.0,9.78,17.96,2.62,0.0
20130707:0610,187.0,90.0,0.0,19.2,19.07,2.62,0.0
20130707:0710,346.0,106.0,0.0,29.02,20.88,3.1,0.0
20130707:0810,497.0,119.0,0.0,38.89,22.67,3.45,0.0
20130707:0910,640.0,121.0,0.0,48.38,24.31,3.79,0.0
20130707:1010,744.01,123.0,0.0,56.71,25.69,4.48,0.0
20130707:1110,795.01,129.0,0.0,62.49,26.57,4.97,0.0
20130707:1210,807.01,130.0,0.0,63.79,26.96,4.9,0.0
20130707:1310,586.0,238.0,0.0,59.99,27.26,4.9,0.0
20130707:1410,325.0,328.0,0.0,52.69,27.55,4.83,0.0
20130707:1510,351.0,244.0,0.0,43.65,27.3,4.76,0.0
20130707:1610,372.0,139.0,0.0,33.9,27.18,4.76,0.0
20130707:1710,211.0,127.0,0.0,24.0,26.82,4.21,0.0
20130707:1810,109.0,79.0,0.0,14.35,26.06,3.72,0.0
20130707:1910,6.0,28.51,0.0,5.26,24.67,3.93,0.0
20130707:2010,0.0,0.0,0.0,0.0,23.3,4.0,0.0
20130707:2110,0.0,0.0,0.0,0.0,22.38,4.14,0.0
20130707:2210,0.0,0.0,0.0,0.0,21.55,4.21,0.0
20130707:2310,0.0,0.0,0.0,0.0,20.84,4.14,0.0
20130708:0010,0.0,0.0,0.0,0.0,20.02,4.07,0.0
20130708:0110,0.0,0.0,0.0,0.0,19.23,3.93,0.0
20130708:0210,0.0,0.0,0.0,0.0,18.44,3.79,0.0
20130708:0310,0.0,0.0,0.0,0.0,17.68,3.66,0.0
20130708:0410,0.0,0.0,0.0,0.0,16.98,3.59,0.0
20130708:0510,68.0,53.0,0.0,9.68,16.8,3.59,0.0
20130708:0610,196.0,87.0,0.0,19.1,17.73,3.45,0.0
20130708:0710,347.0,107.0,0.0,28.92,19.67,4.0,0.0
20130708:0810,492.0,123.0,0.0,38.79,21.46,4.28,0.0
20130708:0910,632.0,128.0,0.0,48.27,23.16,4.55,0.0
20130708:1010,745.01,126.0,0.0,56.6,24.65,4.83,0.0
20130708:1110,806.01,127.0,0.0,62.38,25.87,5.17,0.0
20130708:1210,818.01,128.0,0.0,63.69,26.7,5.17,0.0
20130708:1310,812.01,110.0,0.0,59.91,27.27,5.03,0.0
20130708:1410,716.01,115.0,0.0,52.63,27.59,5.03,0.0
20130708:1510,604.0,105.0,0.0,43.59,27.64,5.1,0.0
20130708:1610,417.0,118.0,0.0,33.85,27.42,5.17,0.0
20130708:1710,287.0,90.0,0.0,23.95,26.96,4.9,0.0
20130708:1810,129.0,71.0,0.0,14.29,26.12,4.21,0.0
20130708:1910,7.0,29.19,0.0,5.2,24.82,4.28,0.0
20130708:2010,0.0,0.0,0.0,0.0,23.48,4.14,0.0
20130708:2110,0.0,0.0,0.0,0.0,22.43,3.93,0.0
20130708:2210,0.0,0.0,0.0,0.0,21.49,3.72,0.0
20130708:2310,0.0,0.0,0.0,0.0,20.57,3.52,0.0
20130709:0010,0.0,0.0,0.0,0.0,19.74,3.38,0.0
20130709:0110,0.0,0.0,0.0,0.0,19.04,3.31,0.0
20130709:0210,0.0,0.0,0.0,0.0,18.41,3.31,0.0
20130709:0310,0.0,0.0,0.0,0.0,17.85,3.31,0.0
20130709:0410,0.0,0.0,0.0,0.0,17.36,3.24,0.0
20130709:0510,59.0,55.0,0.0,9.57,17.4,3.24,0.0
20130709:0610,190.0,87.0,0.0,18.99,18.52,3.17,0.0
20130709:0710,335.0,110.0,0.0,28.81,20.58,3.86,0.0
20130709:0810,490.0,121.0,0.0,38.68,22.26,4.07,0.0
20130709:0910,0.0,0.0,0.0,0.0,23.9,4.21,0.0
20130709:1010,715.01,138.0,0.0,56.48,25.39,4.48,0.0
20130709:1110,743.01,157.0,0.0,62.26,26.62,4.83,0.0
20130709:1210,419.0,353.0,0.0,63.58,27.23,4.83,0.0
20130709:1310,509.0,283.0,0.0,59.82,27.59,4.69,0.0
20130709:1410,608.0,171.0,0.0,52.55,27.72,4.55,0.0
20130709:1510,511.0,152.0,0.0,43.53,27.76,4.55,0.0
20130709:1610,366.0,143.0,0.0,33.79,27.62,4.55,0.0
20130709:1710,267.0,97.0,0.0,23.9,27.24,4.34,0.0
20130709:1810,62.0,98.0,0.0,14.23,26.32,3.59,0.0
20130709:1910,5.0,27.77,0.0,5.13,24.73,3.72,0.0
20130709:2010,0.0,0.0,0.0,0.0,23.37,3.79,0.0
20130709:2110,0.0,0.0,0.0,0.0,22.38,4.14,0.0
20130709:2210,0.0,0.0,0.0,0.0,21.62,4.34,0.0
20130709:2310,0.0,0.0,0.0,0.0,20.79,4.34,0.0
20130710:0010,0.0,0.0,0.0,0.0,19.96,4.14,0.0
20130710:0110,0.0,0.0,0.0,0.0,19.19,3.93,0.0
20130710:0210,0.0,0.0,0.0,0.0,18.54,3.79,0.0
20130710:0310,0.0,0.0,0.0,0.0,17.9,3.66,0.0
20130710:0410,0.0,0.0,0.0,0.0,17.35,3.52,0.0
20130710:0510,47.0,59.0,0.0,9.45,17.25,3.45,0.0
20130710:0610,177.0,91.0,0.0,18.88,18.09,3.52,0.0
20130710:0710,322.0,114.0,0.0,28.7,19.51,4.21,0.0
20130710:0810,465.0,132.0,0.0,38.57,21.07,4.34,0.0
20130710:0910,601.0,138.0,0.0,48.05,22.67,4.55,0.0
20130710:1010,709.01,139.0,0.0,56.36,24.17,4.76,0.0
20130710:1110,758.01,146.0,0.0,62.13,25.38,4.97,0.0
20130710:1210,771.01,146.0,0.0,63.46,26.21,5.03,0.0
20130710:1310,725.01,150.0,0.0,59.72,26.73,5.1,0.0
20130710:1410,581.0,185.0,0.0,52.48,26.9,5.31,0.0
20130710:1510,533.0,137.0,0.0,43.47,26.7,5.45,0.0
20130710:1610,369.0,139.0,0.0,33.73,26.2,5.59,0.0
20130710:1710,253.0,103.0,0.0,23.83,25.49,5.52,0.0
20130710:1810,99.0,82.0,0.0,14.17,24.68,4.97,0.0
20130710:1910,5.0,27.75,0.0,5.05,22.97,5.31,0.0
20130710:2010,0.0,0.0,0.0,0.0,21.33,5.17,0.0
20130710:2110,0.0,0.0,0.0,0.0,19.85,5.17,0.0
20130710:2210,0.0,0.0,0.0,0.0,18.59,5.17,0.0
20130710:2310,0.0,0.0,0.0,0.0,17.49,5.1,0.0
20130711:0010,0.0,0.0,0.0,0.0,16.54,4.97,0.0
20130711:0110,0.0,0.0,0.0,0.0,15.59,4.76,0.0
20130711:0210,0.0,0.0,0.0,0.0,14.88,4.48,0.0
20130711:0310,0.0,0.0,0.0,0.0,14.12,4.21,0.0
20130711:0410,0.0,0.0,0.0,0.0,13.54,4.07,0.0
20130711:0510,29.0,64.0,0.0,9.33,13.31,4.0,0.0
20130711:0610,131.0,117.0,0.0,18.76,13.94,4.83,0.0
20130711:0710,200.0,185.0,0.0,28.59,14.38,5.24,0.0
20130711:0810,276.0,243.0,0.0,38.46,15.54,5.24,0.0
20130711:0910,549.0,177.0,0.0,47.93,16.6,5.03,0.0
20130711:1010,701.01,151.0,0.0,56.23,17.83,4.97,0.0
20130711:1110,759.01,155.0,0.0,62.0,18.91,4.9,0.0
20130711:1210,771.01,156.0,0.0,63.33,19.88,4.9,0.0
20130711:1310,767.01,137.0,0.0,59.62,20.7,4.97,0.0
20130711:1410,667.0,143.0,0.0,52.39,21.15,5.03,0.0
20130711:1510,566.0,127.0,0.0,43.4,21.53,5.1,0.0
20130711:1610,390.0,133.0,0.0,33.66,21.59,5.1,0.0
20130711:1710,269.0,98.0,0.0,23.77,21.3,5.1,0.0
20130711:1810,115.0,76.0,0.0,14.1,20.68,4.83,0.0
20130711:1910,7.0,28.17,0.0,4.98,19.64,4.0,0.0
20130711:2010,0.0,0.0,0.0,0.0,18.33,3.93,0.0
20130711:2110,0.0,0.0,0.0,0.0,17.28,4.07,0.0
20130711:2210,0.0,0.0,0.0,0.0,16.42,4.0,0.0
20130711:2310,0.0,0.0,0.0,0.0,15.64,3.93,0.0
20130712:0010,0.0,0.0,0.0,0.0,14.95,3.86,0.0
20130712:0110,0.0,0.0,0.0,0.0,14.35,3.72,0.0
20130712:0210,0.0,0.0,0.0,0.0,13.74,3.52,0.0
20130712:0310,0.0,0.0,0.0,0.0,13.16,3.24,0.0
20130712:0410,0.0,0.0,0.0,0.0,12.64,3.17,0.0
20130712:0510,27.0,63.0,0.0,9.21,12.64,3.1,0.0
20130712:0610,162.0,99.0,0.0,18.65,13.76,3.52,0.0
20130712:0710,313.0,122.0,0.0,28.47,15.21,3.66,0.0
20130712:0810,452.0,143.0,0.0,38.34,17.03,3.66,0.0
20130712:0910,605.0,140.0,0.0,47.8,18.85,3.86,0.0
20130712:1010,704.01,147.0,0.0,56.1,20.43,4.07,0.0
20130712:1110,763.01,150.0,0.0,61.86,21.67,4.14,0.0
20130712:1210,775.01,151.0,0.0,63.2,22.63,4.07,0.0
20130712:1310,760.01,138.0,0.0,59.51,23.35,4.07,0.0
20130712:1410,661.0,143.0,0.0,52.3,23.82,4.14,0.0
20130712:1510,545.0,136.0,0.0,43.32,24.01,4.21,0.0
20130712:1610,313.0,175.0,0.0,33.59,23.88,4.28,0.0
20130712:1710,151.0,157.0,0.0,23.69,23.42,4.21,0.0
20130712:1810,62.0,97.0,0.0,14.02,22.6,3.93,0.0
20130712:1910,9.0,26.68,0.0,4.89,20.79,3.86,0.0
20130712:2010,0.0,0.0,0.0,0.0,19.25,3.79,0.0
20130712:2110,0.0,0.0,0.0,0.0,18.11,3.79,0.0
20130712:2210,0.0,0.0,0.0,0.0,17.21,3.66,0.0
20130712:2310,0.0,0.0,0.0,0.0,16.43,3.45,0.0
20130713:0010,0.0,0.0,0.0,0.0,15.71,3.31,0.0
20130713:0110,0.0,0.0,0.0,0.0,15.04,3.24,0.0
20130713:0210,0.0,0.0,0.0,0.0,14.44,3.24,0.0
20130713:0310,0.0,0.0,0.0,0.0,13.91,3.1,0.0
20130713:0410,0.0,0.0,0.0,0.0,13.42,2.97,0.0
20130713:0510,52.0,53.0,0.0,9.09,13.42,2.9,0.0
20130713:0610,97.0,126.0,0.0,18.52,14.49,3.31,0.0
20130713:0710,272.0,140.0,0.0,28.35,15.57,4.34,0.0
20130713:0810,395.0,171.0,0.0,38.22,17.03,4.28,0.0
20130713:0910,542.0,171.0,0.0,47.68,18.31,4.21,0.0
20130713:1010,657.01,168.0,0.0,55.97,19.9,4.28,0.0
20130713:1110,739.01,156.0,0.0,61.71,20.89,4.41,0.0
20130713:1210,751.01,157.0,0.0,63.06,21.87,4.48,0.0
20130713:1310,727.01,149.0,0.0,59.39,22.53,4.55,0.0
20130713:1410,617.0,163.0,0.0,52.21,23.04,4.48,0.0
20130713:1510,498.0,158.0,0.0,43.23,23.29,4.41,0.0
20130713:1610,341.0,155.0,0.0,33.51,23.28,4.48,0.0
20130713:1710,174.0,143.0,0.0,23.61,22.98,4.34,0.0
20130713:1810,47.0,99.0,0.0,13.93,22.38,3.93,0.0
20130713:1910,2.0,23.57,0.0,4.8,21.13,3.45,0.0
20130713:2010,0.0,0.0,0.0,0.0,19.79,3.45,0.0
20130713:2110,0.0,0.0,0.0,0.0,18.76,3.24,0.0
20130713:2210,0.0,0.0,0.0,0.0,17.88,3.03,0.0
20130713:2310,0.0,0.0,0.0,0.0,17.08,2.9,0.0
20130714:0010,0.0,0.0,0.0,0.0,16.39,2.76,0.0
20130714:0110,0.0,0.0,0.0,0.0,15.8,2.69,0.0
20130714:0210,0.0,0.0,0.0,0.0,15.25,2.62,0.0
20130714:0310,0.0,0.0,0.0,0.0,14.73,2.62,0.0
20130714:0410,0.0,0.0,0.0,0.0,14.24,2.55,0.0
20130714:0510,53.0,52.0,0.0,8.96,14.27,2.34,0.0
20130714:0610,178.0,87.0,0.0,18.4,15.72,2.48,0.0
20130714:0710,318.0,114.0,0.0,28.23,17.67,3.03,0.0
20130714:0810,463.0,130.0,0.0,38.1,19.69,2.9,0.0
20130714:0910,592.0,141.0,0.0,47.55,21.48,2.97,0.0
20130714:1010,700.01,142.0,0.0,55.83,23.0,3.03,0.0
20130714:1110,739.01,156.0,0.0,61.57,24.33,3.1,0.0
20130714:1210,762.01,151.0,0.0,62.92,25.46,3.03,0.0
20130714:1310,747.01,139.0,0.0,59.27,26.33,3.1,0.0
20130714:1410,648.0,145.0,0.0,52.11,26.96,3.31,0.0
20130714:1510,548.0,129.0,0.0,43.15,27.3,3.52,0.0
20130714:1610,369.0,138.0,0.0,33.43,27.25,3.66,0.0
20130714:1710,252.0,101.0,0.0,23.53,26.85,3.66,0.0
20130714:1810,113.0,72.0,0.0,13.84,26.07,3.17,0.0
20130714:1910,4.0,25.04,0.0,4.7,24.56,2.76,0.0
20130714:2010,0.0,0.0,0.0,0.0,22.97,2.55,0.0
20130714:2110,0.0,0.0,0.0,0.0,21.62,2.41,0.0
20130714:2210,0.0,0.0,0.0,0.0,20.5,2.28,0.0
20130714:2310,0.0,0.0,0.0,0.0,19.39,2.0,0.0
20130715:0010,0.0,0.0,0.0,0.0,18.22,1.79,0.0
20130715:0110,0.0,0.0,0.0,0.0,17.17,1.72,0.0
20130715:0210,0.0,0.0,0.0,0.0,16.33,1.79,0.0
20130715:0310,0.0,0.0,0.0,0.0,15.66,1.72,0.0
20130715:0410,0.0,0.0,0.0,0.0,15.2,1.72,0.0
20130715:0510,32.0,57.0,0.0,8.83,15.21,1.52,0.0
20130715:0610,132.0,107.0,0.0,18.27,17.59,1.03,0.0
20130715:0710,299.0,119.0,0.0,28.1,20.3,1.1,0.0
20130715:0810,413.0,153.0,0.0,37.97,22.58,1.17,0.0
20130715:0910,561.0,151.0,0.0,47.42,24.38,1.31,0.0
20130715:1010,595.0,198.0,0.0,55.68,25.63,1.45,0.0
20130715:1110,349.0,369.0,0.0,61.41,26.59,1.66,0.0
20130715:1210,207.0,427.0,0.0,62.77,27.4,2.07,0.0
20130715:1310,506.0,275.0,0.0,59.14,27.7,2.21,0.0
20130715:1410,215.0,364.0,0.0,52.0,27.59,2.21,0.0
20130715:1510,69.0,323.0,0.0,43.05,27.62,2.34,0.0
20130715:1610,106.0,253.0,0.0,33.34,27.41,2.41,0.0
20130715:1710,9.0,151.0,0.0,23.44,26.89,2.55,0.0
20130715:1810,62.0,92.0,0.0,13.75,26.3,2.41,0.0
20130715:1910,8.0,24.96,0.0,4.6,25.27,2.07,0.0
20130715:2010,0.0,0.0,0.0,0.0,23.8,2.34,0.0
20130715:2110,0.0,0.0,0.0,0.0,22.81,2.41,0.0
20130715:2210,0.0,0.0,0.0,0.0,21.84,2.48,0.0
20130715:2310,0.0,0.0,0.0,0.0,21.0,2.48,0.0
20130716:0010,0.0,0.0,0.0,0.0,20.42,2.41,0.0
20130716:0110,0.0,0.0,0.0,0.0,19.67,2.28,0.0
20130716:0210,0.0,0.0,0.0,0.0,19.0,2.21,0.0
20130716:0310,0.0,0.0,0.0,0.0,18.3,2.14,0.0
20130716:0410,0.0,0.0,0.0,0.0,17.82,2.0,0.0
20130716:0510,3.0,47.0,0.0,8.69,17.5,1.79,0.0
20130716:0610,33.0,133.0,0.0,18.14,18.81,1.52,0.0
20130716:0710,170.0,186.0,0.0,27.97,21.01,1.66,0.0
20130716:0810,284.0,226.0,0.0,37.84,23.14,1.86,0.0
20130716:0910,467.0,210.0,0.0,47.28,24.74,2.41,0.0
20130716:1010,546.0,230.0,0.0,55.53,25.75,2.62,0.0
20130716:1110,302.0,391.0,0.0,61.25,26.51,2.69,0.0
20130716:1210,402.0,354.0,0.0,62.61,27.27,2.62,0.0
20130716:1310,682.01,171.0,0.0,59.01,27.8,2.69,0.0
20130716:1410,10.0,309.0,0.0,51.88,28.2,2.9,0.0
20130716:1510,471.0,169.0,0.0,42.95,28.35,3.03,0.0
20130716:1610,0.0,113.0,0.0,33.24,28.2,3.1,0.0
20130716:1710,97.0,170.0,0.0,23.34,27.84,3.03,0.0
20130716:1810,67.0,90.0,0.0,13.65,27.1,2.62,0.0
20130716:1910,2.0,21.57,0.0,4.49,25.4,2.48,0.0
20130716:2010,0.0,0.0,0.0,0.0,23.88,2.69,0.0
20130716:2110,0.0,0.0,0.0,0.0,23.09,2.83,0.0
20130716:2210,0.0,0.0,0.0,0.0,22.44,2.97,0.0
20130716:2310,0.0,0.0,0.0,0.0,21.74,2.97,0.0
20130717:0010,0.0,0.0,0.0,0.0,21.16,2.83,0.0
20130717:0110,0.0,0.0,0.0,0.0,20.4,2.55,0.0
20130717:0210,0.0,0.0,0.0,0.0,19.57,2.41,0.0
20130717:0310,0.0,0.0,0.0,0.0,18.87,2.34,0.0
20130717:0410,0.0,0.0,0.0,0.0,18.18,2.41,0.0
20130717:0510,10.0,55.0,0.0,8.55,18.12,2.28,0.0
20130717:0610,141.0,100.0,0.0,18.01,19.37,2.28,0.0
20130717:0710,279.0,128.0,0.0,27.84,20.98,2.48,0.0
20130717:0810,402.0,157.0,0.0,37.7,22.82,2.69,0.0
20130717:0910,547.0,158.0,0.0,47.14,24.63,2.97,0.0
20130717:1010,653.01,160.0,0.0,55.38,25.91,3.17,0.0
20130717:1110,722.01,156.0,0.0,61.09,27.04,3.1,0.0
20130717:1210,529.0,282.0,0.0,62.45,27.51,2.97,0.0
20130717:1310,515.0,268.0,0.0,58.86,27.57,3.03,0.0
20130717:1410,488.0,232.0,0.0,51.76,27.96,3.1,0.0
20130717:1510,448.0,180.0,0.0,42.84,28.02,3.24,0.0
20130717:1610,144.0,242.0,0.0,33.14,28.21,3.59,0.0
20130717:1710,205.0,121.0,0.0,23.24,27.53,3.59,0.0
20130717:1810,80.0,84.0,0.0,13.54,26.92,3.31,0.0
20130717:1910,3.0,22.32,0.0,4.37,25.67,3.66,0.0
20130717:2010,0.0,0.0,0.0,0.0,24.36,3.79,0.0
20130717:2110,0.0,0.0,0.0,0.0,23.41,3.79,0.0
20130717:2210,0.0,0.0,0.0,0.0,22.49,3.66,0.0
20130717:2310,0.0,0.0,0.0,0.0,21.8,3.45,0.0
20130718:0010,0.0,0.0,0.0,0.0,21.07,3.31,0.0
20130718:0110,0.0,0.0,0.0,0.0,20.4,3.31,0.0
20130718:0210,0.0,0.0,0.0,0.0,19.81,3.31,0.0
20130718:0310,0.0,0.0,0.0,0.0,19.25,3.24,0.0
20130718:0410,0.0,0.0,0.0,0.0,18.89,3.17,0.0
20130718:0510,20.0,56.0,0.0,8.41,18.82,3.03,0.0
20130718:0610,7.0,113.0,0.0,17.87,19.69,2.97,0.0
20130718:0710,28.0,202.0,0.0,27.71,21.22,3.52,0.0
20130718:0810,391.0,162.0,0.0,37.57,22.86,3.66,0.0
20130718:0910,513.0,177.0,0.0,46.99,24.69,3.86,0.0
20130718:1010,625.01,175.0,0.0,55.22,26.38,4.21,0.0
20130718:1110,680.01,181.0,0.0,60.92,27.55,4.62,0.0
20130718:1210,319.0,386.0,0.0,62.28,28.27,4.69,0.0
20130718:1310,387.0,335.0,0.0,58.72,28.86,4.55,0.0
20130718:1410,337.0,311.0,0.0,51.64,29.06,4.48,0.0
20130718:1510,263.0,277.0,0.0,42.73,29.06,4.62,0.0
20130718:1610,411.0,108.0,0.0,33.03,28.89,4.83,0.0
20130718:1710,239.0,101.0,0.0,23.13,28.12,4.9,0.0
20130718:1810,83.0,81.0,0.0,13.43,27.5,4.69,0.0
20130718:1910,2.0,21.55,0.0,4.25,26.26,4.41,0.0
20130718:2010,0.0,0.0,0.0,0.0,25.27,4.34,0.0
20130718:2110,0.0,0.0,0.0,0.0,24.51,4.14,0.0
20130718:2210,0.0,0.0,0.0,0.0,23.63,4.07,0.0
20130718:2310,0.0,0.0,0.0,0.0,22.74,4.07,0.0
20130719:0010,0.0,0.0,0.0,0.0,21.95,4.0,0.0
20130719:0110,0.0,0.0,0.0,0.0,21.35,3.86,0.0
20130719:0210,0.0,0.0,0.0,0.0,20.91,3.79,0.0
20130719:0310,0.0,0.0,0.0,0.0,20.32,3.66,0.0
20130719:0410,0.0,0.0,0.0,0.0,19.79,3.52,0.0
20130719:0510,0.0,16.0,0.0,8.26,19.67,3.45,0.0
20130719:0610,134.0,99.0,0.0,17.73,20.49,3.24,0.0
20130719:0710,272.0,127.0,0.0,27.57,22.34,4.07,0.0
20130719:0810,394.0,158.0,0.0,37.43,23.67,4.28,0.0
20130719:0910,549.0,152.0,0.0,46.85,25.11,4.41,0.0
20130719:1010,655.01,154.0,0.0,55.06,26.72,4.55,0.0
20130719:1110,688.01,172.0,0.0,60.74,28.15,4.83,0.0
20130719:1210,421.0,336.0,0.0,62.11,28.87,5.1,0.0
20130719:1310,325.0,362.0,0.0,58.56,29.26,5.17,0.0
20130719:1410,194.0,366.0,0.0,51.5,29.56,5.1,0.0
20130719:1510,198.0,301.0,0.0,42.61,29.76,5.24,0.0
20130719:1610,284.0,176.0,0.0,32.92,29.5,5.17,0.0
20130719:1710,197.0,122.0,0.0,23.02,28.83,5.03,0.0
20130719:1810,83.0,79.0,0.0,13.31,28.17,4.14,0.0
20130719:1910,2.0,20.56,0.0,4.13,27.06,4.14,0.0
20130719:2010,0.0,0.0,0.0,0.0,25.98,4.14,0.0
20130719:2110,0.0,0.0,0.0,0.0,24.97,4.34,0.0
20130719:2210,0.0,0.0,0.0,0.0,24.27,4.48,0.0
20130719:2310,0.0,0.0,0.0,0.0,23.48,4.48,0.0
20130720:0010,0.0,0.0,0.0,0.0,22.7,4.48,0.0
20130720:0110,0.0,0.0,0.0,0.0,21.98,4.41,0.0
20130720:0210,0.0,0.0,0.0,0.0,21.26,4.28,0.0
20130720:0310,0.0,0.0,0.0,0.0,20.57,4.07,0.0
20130720:0410,0.0,0.0,0.0,0.0,19.88,3.86,0.0
20130720:0510,35.0,51.0,0.0,8.11,19.47,3.72,0.0
20130720:0610,149.0,91.0,0.0,17.59,20.05,3.72,0.0
20130720:0710,285.0,121.0,0.0,27.43,21.56,4.21,0.0
20130720:0810,422.0,142.0,0.0,37.28,23.14,4.28,0.0
20130720:0910,544.0,157.0,0.0,46.7,24.81,4.21,0.0
20130720:1010,638.01,167.0,0.0,54.9,26.36,4.34,0.0
20130720:1110,694.01,172.0,0.0,60.56,27.7,4.62,0.0
20130720:1210,706.01,173.0,0.0,61.92,28.71,4.76,0.0
20130720:1310,698.01,155.0,0.0,58.4,29.35,4.62,0.0
20130720:1410,588.0,170.0,0.0,51.37,29.77,4.28,0.0
20130720:1510,501.0,145.0,0.0,42.48,29.94,3.93,0.0
20130720:1610,340.0,146.0,0.0,32.8,29.77,3.72,0.0
20130720:1710,219.0,110.0,0.0,22.9,29.43,3.59,0.0
20130720:1810,92.0,75.0,0.0,13.19,28.56,3.31,0.0
20130720:1910,7.0,21.25,0.0,3.99,27.16,3.52,0.0
20130720:2010,0.0,0.0,0.0,0.0,25.8,3.93,0.0
20130720:2110,0.0,0.0,0.0,0.0,24.65,4.14,0.0
20130720:2210,0.0,0.0,0.0,0.0,23.54,3.93,0.0
20130720:2310,0.0,0.0,0.0,0.0,22.73,3.52,0.0
20130721:0010,0.0,0.0,0.0,0.0,21.99,3.1,0.0
20130721:0110,0.0,0.0,0.0,0.0,21.37,2.9,0.0
20130721:0210,0.0,0.0,0.0,0.0,20.66,2.76,0.0
20130721:0310,0.0,0.0,0.0,0.0,20.22,2.62,0.0
20130721:0410,0.0,0.0,0.0,0.0,19.68,2.62,0.0
20130721:0510,28.0,51.0,0.0,7.96,19.59,2.41,0.0
20130721:0610,141.0,93.0,0.0,17.44,20.87,2.28,0.0
20130721:0710,274.0,123.0,0.0,27.28,22.93,2.07,0.0
20130721:0810,364.0,172.0,0.0,37.14,24.76,2.0,0.0
20130721:0910,546.0,151.0,0.0,46.54,26.71,1.93,0.0
20130721:1010,642.01,159.0,0.0,54.73,28.47,1.93,0.0
20130721:1110,685.01,173.0,0.0,60.37,29.81,2.34,0.0
20130721:1210,624.01,219.0,0.0,61.74,30.02,2.41,0.0
20130721:1310,572.01,228.0,0.0,58.23,30.58,2.28,0.0
20130721:1410,470.0,237.0,0.0,51.22,30.81,2.07,0.0
20130721:1510,347.0,231.0,0.0,42.35,30.9,1.79,0.0
20130721:1610,305.0,162.0,0.0,32.67,30.87,1.38,0.0
20130721:1710,218.0,108.0,0.0,22.78,30.47,1.17,0.0
20130721:1810,83.0,78.0,0.0,13.06,29.99,0.97,0.0
20130721:1910,11.0,19.28,0.0,3.86,29.1,1.52,0.0
20130721:2010,0.0,0.0,0.0,0.0,27.31,2.0,0.0
20130721:2110,0.0,0.0,0.0,0.0,25.55,2.0,0.0
20130721:2210,0.0,0.0,0.0,0.0,24.38,2.0,0.0
20130721:2310,0.0,0.0,0.0,0.0,23.23,2.0,0.0
20130722:0010,0.0,0.0,0.0,0.0,22.23,1.72,0.0
20130722:0110,0.0,0.0,0.0,0.0,22.16,1.38,0.0
20130722:0210,0.0,0.0,0.0,0.0,21.99,1.17,0.0
20130722:0310,0.0,0.0,0.0,0.0,21.59,1.1,0.0
20130722:0410,0.0,0.0,0.0,0.0,20.59,1.24,0.0
20130722:0510,22.0,50.0,0.0,7.81,20.02,1.31,0.0
20130722:0610,138.0,92.0,0.0,17.29,21.83,0.62,0.0
20130722:0710,254.0,133.0,0.0,27.14,25.25,0.55,0.0
20130722:0810,410.0,143.0,0.0,36.99,27.23,1.45,0.0
20130722:0910,531.0,158.0,0.0,46.38,28.64,2.34,0.0
20130722:1010,625.01,167.0,0.0,54.56,29.88,2.34,0.0
20130722:1110,680.01,173.0,0.0,60.18,30.71,1.72,0.0
20130722:1210,653.01,199.0,0.0,61.54,31.37,0.97,0.0
20130722:1310,648.01,178.0,0.0,58.06,32.03,0.97,0.0
20130722:1410,279.0,332.0,0.0,51.07,32.36,0.83,0.0
20130722:1510,366.0,218.0,0.0,42.22,31.92,0.55,0.0
20130722:1610,167.0,227.0,0.0,32.54,30.53,1.45,0.0
20130722:1710,135.0,148.0,0.0,22.65,29.9,0.9,0.0
20130722:1810,44.0,89.0,0.0,12.92,29.55,1.31,0.0
20130722:1910,6.0,20.46,0.0,3.71,27.69,1.93,0.0
20130722:2010,0.0,0.0,0.0,0.0,26.42,1.79,0.0
20130722:2110,0.0,0.0,0.0,0.0,25.33,0.9,0.0
20130722:2210,0.0,0.0,0.0,0.0,23.73,1.66,0.0
20130722:2310,0.0,0.0,0.0,0.0,22.67,1.93,0.0
20130723:0010,0.0,0.0,0.0,0.0,21.82,1.86,0.0
20130723:0110,0.0,0.0,0.0,0.0,21.15,1.79,0.0
20130723:0210,0.0,0.0,0.0,0.0,20.46,1.66,0.0
20130723:0310,0.0,0.0,0.0,0.0,19.9,1.79,0.0
20130723:0410,0.0,0.0,0.0,0.0,19.29,1.79,0.0
20130723:0510,16.0,49.0,0.0,7.65,19.08,1.52,0.0
20130723:0610,57.0,122.0,0.0,17.14,21.58,1.03,0.0
20130723:0710,166.0,175.0,0.0,26.99,24.17,2.0,0.0
20130723:0810,140.0,270.0,0.0,36.84,26.24,2.21,0.0
20130723:0910,409.0,226.0,0.0,46.22,27.87,2.28,0.0
20130723:1010,232.0,370.0,0.0,54.38,29.56,2.14,0.0
20130723:1110,110.0,421.0,0.0,59.99,30.63,1.79,0.0
20130723:1210,0.0,260.0,0.0,61.35,31.48,1.38,0.0
20130723:1310,239.0,388.0,0.0,57.88,31.87,0.83,0.0
20130723:1410,349.0,296.0,0.0,50.91,31.35,2.41,0.0
20130723:1510,423.0,182.0,0.0,42.07,25.78,4.0,0.0
20130723:1610,325.0,145.0,0.0,32.41,25.2,3.1,0.0
20130723:1710,0.0,29.0,0.0,22.51,25.07,3.03,0.0
20130723:1810,12.0,85.0,0.0,12.78,24.84,2.48,0.0
20130723:1910,0.0,3.0,0.0,3.56,23.0,1.31,0.0
20130723:2010,0.0,0.0,0.0,0.0,22.48,1.59,0.0
20130723:2110,0.0,0.0,0.0,0.0,21.83,1.66,0.0
20130723:2210,0.0,0.0,0.0,0.0,21.2,1.79,0.0
20130723:2310,0.0,0.0,0.0,0.0,20.63,1.93,0.0
20130724:0010,0.0,0.0,0.0,0.0,20.17,2.28,0.0
20130724:0110,0.0,0.0,0.0,0.0,19.69,2.48,0.0
20130724:0210,0.0,0.0,0.0,0.0,19.1,2.41,0.0
20130724:0310,0.0,0.0,0.0,0.0,18.6,2.34,0.0
20130724:0410,0.0,0.0,0.0,0.0,18.14,2.41,0.0
20130724:0510,33.0,46.0,0.0,7.49,17.73,2.0,0.0
20130724:0610,21.0,119.0,0.0,16.99,18.09,1.66,0.0
20130724:0710,159.0,177.0,0.0,26.84,19.82,2.0,0.0
20130724:0810,233.0,235.0,0.0,36.68,21.17,1.45,0.0
20130724:0910,275.0,295.0,0.0,46.06,22.87,1.24,0.0
20130724:1010,522.0,226.0,0.0,54.2,24.35,0.9,0.0
20130724:1110,603.01,217.0,0.0,59.79,25.61,0.34,0.0
20130724:1210,386.0,346.0,0.0,61.14,26.52,0.14,0.0
20130724:1310,190.0,403.0,0.0,57.69,27.35,0.41,0.0
20130724:1410,99.0,372.0,0.0,50.75,27.7,0.97,0.0
20130724:1510,0.0,62.0,0.0,41.92,27.57,0.97,0.0
20130724:1610,258.0,182.0,0.0,32.27,27.8,0.62,0.0
20130724:1710,0.0,29.0,0.0,22.37,26.96,1.52,0.0
20130724:1810,77.0,76.0,0.0,12.63,24.42,2.21,0.0
20130724:1910,1.0,15.8,0.0,3.41,23.57,1.03,0.0
20130724:2010,0.0,0.0,0.0,0.0,23.0,0.28,0.0
20130724:2110,0.0,0.0,0.0,0.0,22.34,0.97,0.0
20130724:2210,0.0,0.0,0.0,0.0,21.5,1.66,0.0
20130724:2310,0.0,0.0,0.0,0.0,20.96,1.93,0.0
20130725:0010,0.0,0.0,0.0,0.0,20.74,2.07,0.0
20130725:0110,0.0,0.0,0.0,0.0,20.4,2.14,0.0
20130725:0210,0.0,0.0,0.0,0.0,19.82,2.14,0.0
20130725:0310,0.0,0.0,0.0,0.0,19.19,2.14,0.0
20130725:0410,0.0,0.0,0.0,0.0,18.6,2.28,0.0
20130725:0510,23.0,47.0,0.0,7.33,18.3,2.28,0.0
20130725:0610,162.0,78.0,0.0,16.83,19.38,2.0,0.0
20130725:0710,309.0,100.0,0.0,26.68,21.05,2.21,0.0
20130725:0810,457.0,115.0,0.0,36.53,22.98,2.55,0.0
20130725:0910,563.0,137.0,0.0,45.89,24.59,2.9,0.0
20130725:1010,654.01,148.0,0.0,54.01,25.8,3.03,0.0
20130725:1110,356.0,354.0,0.0,59.58,26.73,3.17,0.0
20130725:1210,14.0,358.0,0.0,60.93,27.4,3.59,0.0
20130725:1310,203.0,401.0,0.0,57.5,27.52,3.79,0.0
20130725:1410,239.0,345.0,0.0,50.58,27.8,3.72,0.0
20130725:1510,395.0,199.0,0.0,41.77,27.76,3.17,0.0
20130725:1610,370.0,120.0,0.0,32.12,28.02,2.83,0.0
20130725:1710,199.0,113.0,0.0,22.22,27.77,2.34,0.0
20130725:1810,18.0,86.0,0.0,12.48,27.48,1.79,0.0
20130725:1910,1.0,14.8,0.0,3.25,26.45,0.55,0.0
20130725:2010,0.0,0.0,0.0,0.0,25.18,0.83,0.0
20130725:2110,0.0,0.0,0.0,0.0,23.61,1.1,0.0
20130725:2210,0.0,0.0,0.0,0.0,22.4,1.38,0.0
20130725:2310,0.0,0.0,0.0,0.0,22.05,1.86,0.0
20130726:0010,0.0,0.0,0.0,0.0,21.58,2.0,0.0
20130726:0110,0.0,0.0,0.0,0.0,20.93,1.24,0.0
20130726:0210,0.0,0.0,0.0,0.0,21.47,0.34,0.0
20130726:0310,0.0,0.0,0.0,0.0,20.18,1.72,0.0
20130726:0410,0.0,0.0,0.0,0.0,19.56,1.72,0.0
20130726:0510,0.0,25.0,0.0,7.16,19.32,1.59,0.0
20130726:0610,0.0,39.0,0.0,16.67,19.48,1.66,0.0
20130726:0710,260.0,120.0,0.0,26.53,20.18,0.62,0.0
20130726:0810,206.0,242.0,0.0,36.37,21.62,0.83,0.0
20130726:0910,466.0,187.0,0.0,45.72,23.93,2.69,0.0
20130726:1010,382.0,298.0,0.0,53.82,25.54,3.24,0.0
20130726:1110,270.0,383.0,0.0,59.37,26.1,3.1,0.0
20130726:1210,415.0,326.0,0.0,60.71,26.44,2.76,0.0
20130726:1310,423.0,300.0,0.0,57.3,27.25,2.83,0.0
20130726:1410,306.0,311.0,0.0,50.4,27.92,2.34,0.0
20130726:1510,243.0,271.0,0.0,41.61,28.08,1.86,0.0
20130726:1610,0.0,137.0,0.0,31.96,28.16,1.31,0.0
20130726:1710,84.0,158.0,0.0,22.07,27.95,0.62,0.0
20130726:1810,55.0,80.0,0.0,12.32,27.78,0.55,0.0
20130726:1910,5.0,15.8,0.0,3.08,24.59,0.76,0.0
20130726:2010,0.0,0.0,0.0,0.0,23.8,0.83,0.0
20130726:2110,0.0,0.0,0.0,0.0,22.94,1.31,0.0
20130726:2210,0.0,0.0,0.0,0.0,22.16,2.0,0.0
20130726:2310,0.0,0.0,0.0,0.0,21.6,2.55,0.0
20130727:0010,0.0,0.0,0.0,0.0,21.07,2.69,0.0
20130727:0110,0.0,0.0,0.0,0.0,20.75,2.55,0.0
20130727:0210,0.0,0.0,0.0,0.0,20.6,2.41,0.0
20130727:0310,0.0,0.0,0.0,0.0,20.46,2.41,0.0
20130727:0410,0.0,0.0,0.0,0.0,20.31,2.28,0.0
20130727:0510,0.0,29.0,0.0,6.99,20.21,1.45,0.0
20130727:0610,25.0,117.0,0.0,16.51,20.12,1.38,0.0
20130727:0710,301.0,99.0,0.0,26.37,21.89,2.76,0.0
20130727:0810,121.0,269.0,0.0,36.21,23.7,4.07,0.0
20130727:0910,244.0,302.0,0.0,45.55,25.48,4.0,0.0
20130727:1010,512.0,225.0,0.0,53.63,26.67,3.1,0.0
20130727:1110,696.01,152.0,0.0,59.16,27.79,1.86,0.0
20130727:1210,699.01,158.0,0.0,60.49,28.88,1.52,0.0
20130727:1310,574.01,213.0,0.0,57.09,29.7,2.28,0.0
20130727:1410,0.0,206.0,0.0,50.22,30.23,2.83,0.0
20130727:1510,266.0,260.0,0.0,41.44,30.46,3.03,0.0
20130727:1610,389.0,105.0,0.0,31.8,30.2,3.66,0.0
20130727:1710,192.0,111.0,0.0,21.91,25.61,5.24,0.0
20130727:1810,0.0,14.0,0.0,12.16,22.99,2.48,0.0
20130727:1910,0.0,2.0,0.0,2.91,24.35,4.34,0.0
20130727:2010,0.0,0.0,0.0,0.0,23.64,4.62,0.0
20130727:2110,0.0,0.0,0.0,0.0,22.73,4.34,0.0
20130727:2210,0.0,0.0,0.0,0.0,21.54,4.07,0.0
20130727:2310,0.0,0.0,0.0,0.0,20.47,3.86,0.0
20130728:0010,0.0,0.0,0.0,0.0,19.46,3.72,0.0
20130728:0110,0.0,0.0,0.0,0.0,18.43,3.31,0.0
20130728:0210,0.0,0.0,0.0,0.0,17.51,2.83,0.0
20130728:0310,0.0,0.0,0.0,0.0,16.77,2.48,0.0
20130728:0410,0.0,0.0,0.0,0.0,16.1,2.21,0.0
20130728:0510,1.0,30.0,0.0,6.82,15.8,1.79,0.0
20130728:0610,39.0,120.0,0.0,16.35,16.63,1.66,0.0
20130728:0710,247.0,131.0,0.0,26.21,18.02,1.52,0.0
20130728:0810,24.0,256.0,0.0,36.04,18.76,1.59,0.0
20130728:0910,201.0,325.0,0.0,45.37,20.05,1.93,0.0
20130728:1010,605.01,180.0,0.0,53.44,21.52,2.41,0.0
20130728:1110,74.0,416.0,0.0,58.94,22.6,2.41,0.0
20130728:1210,600.01,233.0,0.0,60.27,23.69,2.34,0.0
20130728:1310,628.01,192.0,0.0,56.88,24.79,2.55,0.0
20130728:1410,210.0,357.0,0.0,50.03,24.97,2.76,0.0
20130728:1510,201.0,294.0,0.0,41.27,25.12,2.97,0.0
20130728:1610,187.0,216.0,0.0,31.64,24.98,2.9,0.0
20130728:1710,228.0,96.0,0.0,21.74,24.77,2.9,0.0
20130728:1810,6.0,74.0,0.0,11.99,24.38,2.34,0.0
20130728:1910,0.0,9.0,0.0,2.73,23.22,2.97,0.0
20130728:2010,0.0,0.0,0.0,0.0,22.33,2.83,0.0
20130728:2110,0.0,0.0,0.0,0.0,21.69,3.17,0.0
20130728:2210,0.0,0.0,0.0,0.0,21.02,3.59,0.0
20130728:2310,0.0,0.0,0.0,0.0,20.29,3.66,0.0
20130729:0010,0.0,0.0,0.0,0.0,19.43,3.45,0.0
20130729:0110,0.0,0.0,0.0,0.0,18.58,3.24,0.0
20130729:0210,0.0,0.0,0.0,0.0,17.79,3.1,0.0
20130729:0310,0.0,0.0,0.0,0.0,17.09,3.17,0.0
20130729:0410,0.0,0.0,0.0,0.0,16.55,3.17,0.0
20130729:0510,28.0,41.0,0.0,6.65,16.32,3.24,0.0
20130729:0610,142.0,81.0,0.0,16.18,17.02,3.45,0.0
20130729:0710,124.0,187.0,0.0,26.04,17.99,4.83,0.0
20130729:0810,432.0,125.0,0.0,35.87,19.04,4.83,0.0
20130729:0910,264.0,299.0,0.0,45.19,20.18,4.97,0.0
20130729:1010,297.0,345.0,0.0,53.24,21.35,5.17,0.0
20130729:1110,429.0,318.0,0.0,58.72,22.17,5.24,0.0
20130729:1210,2.0,292.0,0.0,60.03,22.83,5.45,0.0
20130729:1310,277.0,375.0,0.0,56.67,23.48,5.59,0.0
20130729:1410,329.0,307.0,0.0,49.83,23.82,5.72,0.0
20130729:1510,515.0,128.0,0.0,41.09,24.0,5.93,0.0
20130729:1610,358.0,123.0,0.0,31.47,23.5,5.86,0.0
20130729:1710,195.0,111.0,0.0,21.57,22.49,5.24,0.0
20130729:1810,18.0,81.0,0.0,11.82,21.83,4.62,0.0
20130729:1910,0.0,14.0,0.0,2.54,21.5,4.07,0.0
20130729:2010,0.0,0.0,0.0,0.0,20.58,4.07,0.0
20130729:2110,0.0,0.0,0.0,0.0,20.1,4.0,0.0
20130729:2210,0.0,0.0,0.0,0.0,19.48,3.72,0.0
20130729:2310,0.0,0.0,0.0,0.0,18.93,3.52,0.0
20130730:0010,0.0,0.0,0.0,0.0,18.39,3.38,0.0
20130730:0110,0.0,0.0,0.0,0.0,17.91,3.38,0.0
20130730:0210,0.0,0.0,0.0,0.0,17.46,3.45,0.0
20130730:0310,0.0,0.0,0.0,0.0,16.84,3.52,0.0
20130730:0410,0.0,0.0,0.0,0.0,16.4,3.52,0.0
20130730:0510,31.0,39.0,0.0,6.47,16.02,3.59,0.0
20130730:0610,76.0,108.0,0.0,16.01,16.5,4.28,0.0
20130730:0710,39.0,193.0,0.0,25.88,17.6,4.69,0.0
20130730:0810,212.0,238.0,0.0,35.71,19.04,5.38,0.0
20130730:0910,160.0,330.0,0.0,45.01,20.44,5.72,0.0
20130730:1010,112.0,388.0,0.0,53.03,21.27,6.14,0.0
20130730:1110,318.0,365.0,0.0,58.49,21.72,6.07,0.0
20130730:1210,0.0,234.0,0.0,59.8,22.42,6.97,0.0
20130730:1310,0.0,162.0,0.0,56.44,22.36,6.21,0.0
20130730:1410,0.0,144.0,0.0,49.63,22.99,6.07,0.0
20130730:1510,1.0,205.0,0.0,40.91,23.74,7.03,0.0
20130730:1610,0.0,85.0,0.0,31.29,23.77,6.97,0.0
20130730:1710,12.0,143.0,0.0,21.4,23.82,6.83,0.0
20130730:1810,90.0,62.0,0.0,11.64,23.42,6.28,0.0
20130730:1910,0.0,10.0,0.0,2.35,22.02,6.0,0.0
20130730:2010,0.0,0.0,0.0,0.0,21.61,5.79,0.0
20130730:2110,0.0,0.0,0.0,0.0,21.17,5.59,0.0
20130730:2210,0.0,0.0,0.0,0.0,20.83,5.38,0.0
20130730:2310,0.0,0.0,0.0,0.0,20.31,4.97,0.0
20130731:0010,0.0,0.0,0.0,0.0,19.85,4.55,0.0
20130731:0110,0.0,0.0,0.0,0.0,19.53,4.28,0.0
20130731:0210,0.0,0.0,0.0,0.0,19.31,4.0,0.0
20130731:0310,0.0,0.0,0.0,0.0,19.01,3.79,0.0
20130731:0410,0.0,0.0,0.0,0.0,18.77,3.52,0.0
20130731:0510,5.0,37.0,0.0,6.29,18.63,3.24,0.0
20130731:0610,15.0,109.0,0.0,15.84,18.75,3.38,0.0
20130731:0710,9.0,165.0,0.0,25.71,19.57,3.59,0.0
20130731:0810,32.0,258.0,0.0,35.53,20.29,3.31,0.0
20130731:0910,0.0,173.0,0.0,44.83,21.13,2.97,0.0
20130731:1010,0.0,213.0,0.0,52.83,22.27,2.83,0.0
20130731:1110,2.0,284.0,0.0,58.26,23.06,2.83,0.0
20130731:1210,164.0,422.0,0.0,59.55,24.09,2.83,0.0
20130731:1310,613.01,192.0,0.0,56.21,25.2,2.76,0.0
20130731:1410,596.01,149.0,0.0,49.43,26.07,2.48,0.0
20130731:1510,518.0,121.0,0.0,40.72,26.62,2.21,0.0
20130731:1610,358.0,118.0,0.0,31.11,26.9,2.21,0.0
20130731:1710,232.0,88.0,0.0,21.22,26.84,2.14,0.0
20130731:1810,89.0,62.0,0.0,11.45,26.43,1.79,0.0
20130731:1910,0.0,10.0,0.0,2.16,25.33,0.97,0.0
20130731:2010,0.0,0.0,0.0,0.0,23.32,1.52,0.0
20130731:2110,0.0,0.0,0.0,0.0,21.74,2.07,0.0
20130731:2210,0.0,0.0,0.0,0.0,20.88,2.34,0.0
20130731:2310,0.0,0.0,0.0,0.0,20.33,2.48,0.0
20130801:0010,0.0,0.0,0.0,0.0,19.91,2.55,0.0
20130801:0110,0.0,0.0,0.0,0.0,19.55,2.69,0.0
20130801:0210,0.0,0.0,0.0,0.0,19.21,2.76,0.0
20130801:0310,0.0,0.0,0.0,0.0,18.85,2.76,0.0
20130801:0410,0.0,0.0,0.0,0.0,18.53,2.83,0.0
20130801:0510,32.0,35.0,0.0,6.11,18.35,2.69,0.0
20130801:0610,145.0,76.0,0.0,15.67,19.61,2.41,0.0
20130801:0710,282.0,105.0,0.0,25.54,22.07,3.03,0.0
20130801:0810,440.0,118.0,0.0,35.36,24.5,3.38,0.0
20130801:0910,568.0,131.0,0.0,44.64,26.77,3.52,0.0
20130801:1010,681.01,131.0,0.0,52.62,28.78,3.59,0.0
20130801:1110,743.01,133.0,0.0,58.02,30.49,3.79,0.0
20130801:1210,767.01,128.0,0.0,59.31,31.82,4.0,0.0
20130801:1310,702.01,142.0,0.0,55.98,32.72,4.14,0.0
20130801:1410,630.01,134.0,0.0,49.21,33.31,4.0,0.0
20130801:1510,512.0,126.0,0.0,40.52,33.63,3.86,0.0
20130801:1610,384.0,106.0,0.0,30.92,33.6,3.66,0.0
20130801:1710,213.0,96.0,0.0,21.03,33.13,2.9,0.0
20130801:1810,83.0,62.0,0.0,11.26,31.75,2.41,0.0
20130801:1910,0.0,8.0,0.0,1.96,29.51,2.97,0.0
20130801:2010,0.0,0.0,0.0,0.0,27.67,3.17,0.0
20130801:2110,0.0,0.0,0.0,0.0,26.53,3.24,0.0
20130801:2210,0.0,0.0,0.0,0.0,25.5,3.03,0.0
20130801:2310,0.0,0.0,0.0,0.0,24.41,2.69,0.0
20130802:0010,0.0,0.0,0.0,0.0,23.3,2.34,0.0
20130802:0110,0.0,0.0,0.0,0.0,22.24,2.0,0.0
20130802:0210,0.0,0.0,0.0,0.0,21.04,1.66,0.0
20130802:0310,0.0,0.0,0.0,0.0,20.0,1.59,0.0
20130802:0410,0.0,0.0,0.0,0.0,19.5,2.0,0.0
20130802:0510,21.0,36.0,0.0,5.93,19.57,2.21,0.0
20130802:0610,112.0,88.0,0.0,15.5,21.46,2.41,0.0
20130802:0710,245.0,120.0,0.0,25.37,24.38,3.38,0.0
20130802:0810,405.0,129.0,0.0,35.18,26.5,3.86,0.0
20130802:0910,513.0,154.0,0.0,44.45,28.52,3.86,0.0
20130802:1010,630.01,150.0,0.0,52.4,30.11,4.48,0.0
20130802:1110,664.01,170.0,0.0,57.78,31.0,5.24,0.0
20130802:1210,711.01,150.0,0.0,59.05,31.45,5.45,0.0
20130802:1310,667.01,153.0,0.0,55.74,31.77,5.24,0.0
20130802:1410,598.01,144.0,0.0,49.0,31.85,5.03,0.0
20130802:1510,477.0,138.0,0.0,40.32,31.77,5.03,0.0
20130802:1610,324.0,132.0,0.0,30.73,31.34,4.83,0.0
20130802:1710,151.0,124.0,0.0,20.84,30.48,4.62,0.0
20130802:1810,65.0,66.0,0.0,11.06,29.36,3.86,0.0
20130802:1910,0.0,7.0,0.0,1.75,27.02,4.14,0.0
20130802:2010,0.0,0.0,0.0,0.0,25.57,3.52,0.0
20130802:2110,0.0,0.0,0.0,0.0,24.39,3.17,0.0
20130802:2210,0.0,0.0,0.0,0.0,23.4,3.45,0.0
20130802:2310,0.0,0.0,0.0,0.0,22.74,3.45,0.0
20130803:0010,0.0,0.0,0.0,0.0,21.11,3.38,0.0
20130803:0110,0.0,0.0,0.0,0.0,19.65,2.9,0.0
20130803:0210,0.0,0.0,0.0,0.0,18.79,2.62,0.0
20130803:0310,0.0,0.0,0.0,0.0,18.12,2.76,0.0
20130803:0410,0.0,0.0,0.0,0.0,17.48,2.83,0.0
20130803:0510,7.0,35.0,0.0,5.75,16.91,2.69,0.0
20130803:0610,142.0,74.0,0.0,15.32,17.45,2.69,0.0
20130803:0710,269.0,108.0,0.0,25.2,18.64,4.34,0.0
20130803:0810,34.0,258.0,0.0,35.0,19.8,4.41,0.0
20130803:0910,57.0,329.0,0.0,44.26,20.9,4.41,0.0
20130803:1010,630.01,155.0,0.0,52.19,21.95,4.34,0.0
20130803:1110,662.01,177.0,0.0,57.53,22.99,4.28,0.0
20130803:1210,295.0,383.0,0.0,58.79,23.86,4.41,0.0
20130803:1310,196.0,397.0,0.0,55.49,24.71,4.48,0.0
20130803:1410,311.0,308.0,0.0,48.77,25.12,4.28,0.0
20130803:1510,176.0,294.0,0.0,40.11,25.07,4.0,0.0
20130803:1610,289.0,155.0,0.0,30.53,24.82,3.72,0.0
20130803:1710,186.0,107.0,0.0,20.64,24.39,3.38,0.0
20130803:1810,11.0,73.0,0.0,10.86,23.78,2.55,0.0
20130803:1910,0.0,6.0,0.0,1.54,22.72,1.52,0.0
20130803:2010,0.0,0.0,0.0,0.0,21.53,1.1,0.0
20130803:2110,0.0,0.0,0.0,0.0,20.93,0.83,0.0
20130803:2210,0.0,0.0,0.0,0.0,19.61,1.1,0.0
20130803:2310,0.0,0.0,0.0,0.0,18.34,1.31,0.0
20130804:0010,0.0,0.0,0.0,0.0,17.27,1.31,0.0
20130804:0110,0.0,0.0,0.0,0.0,16.6,1.31,0.0
20130804:0210,0.0,0.0,0.0,0.0,16.22,1.24,0.0
20130804:0310,0.0,0.0,0.0,0.0,15.69,1.31,0.0
20130804:0410,0.0,0.0,0.0,0.0,14.92,1.59,0.0
20130804:0510,26.0,25.53,0.0,5.56,14.82,1.66,0.0
20130804:0610,78.0,102.0,0.0,15.14,16.65,1.31,0.0
20130804:0710,274.0,106.0,0.0,25.02,18.56,1.66,0.0
20130804:0810,426.0,122.0,0.0,34.82,20.65,2.14,0.0
20130804:0910,552.0,136.0,0.0,44.06,22.16,2.41,0.0
20130804:1010,575.01,191.0,0.0,51.96,23.37,2.83,0.0
20130804:1110,714.01,147.0,0.0,57.28,24.33,3.31,0.0
20130804:1210,747.01,138.0,0.0,58.53,25.08,3.52,0.0
20130804:1310,682.01,151.0,0.0,55.24,25.66,3.52,0.0
20130804:1410,620.01,137.0,0.0,48.54,26.02,3.45,0.0
20130804:1510,495.0,132.0,0.0,39.9,26.11,3.31,0.0
20130804:1610,355.0,117.0,0.0,30.33,25.88,3.17,0.0
20130804:1710,191.0,103.0,0.0,20.44,25.41,2.83,0.0
20130804:1810,79.0,59.0,0.0,10.65,24.68,2.0,0.0
20130804:1910,0.0,5.0,0.0,1.32,23.69,1.52,0.0
20130804:2010,0.0,0.0,0.0,0.0,21.74,1.45,0.0
20130804:2110,0.0,0.0,0.0,0.0,20.03,1.38,0.0
20130804:2210,0.0,0.0,0.0,0.0,19.45,1.17,0.0
20130804:2310,0.0,0.0,0.0,0.0,20.06,0.62,0.0
20130805:0010,0.0,0.0,0.0,0.0,19.55,0.34,0.0
20130805:0110,0.0,0.0,0.0,0.0,19.1,0.34,0.0
20130805:0210,0.0,0.0,0.0,0.0,18.86,0.21,0.0
20130805:0310,0.0,0.0,0.0,0.0,18.7,0.41,0.0
20130805:0410,0.0,0.0,0.0,0.0,18.53,0.76,0.0
20130805:0510,22.0,25.51,0.0,5.37,17.66,0.97,0.0
20130805:0610,27.0,108.0,0.0,14.96,18.13,0.83,0.0
20130805:0710,152.0,165.0,0.0,24.84,20.79,1.17,0.0
20130805:0810,361.0,154.0,0.0,34.64,23.18,1.31,0.0
20130805:0910,494.0,165.0,0.0,43.86,25.21,1.52,0.0
20130805:1010,598.01,170.0,0.0,51.74,26.58,1.86,0.0
20130805:1110,551.01,239.0,0.0,57.03,27.88,2.34,0.0
20130805:1210,476.01,291.0,0.0,58.26,28.82,3.52,0.0
20130805:1310,67.0,394.0,0.0,54.99,28.7,4.76,0.0
20130805:1410,1.0,247.0,0.0,48.31,27.53,3.17,0.0
20130805:1510,41.0,293.0,0.0,39.68,27.62,3.45,0.0
20130805:1610,22.0,214.0,0.0,30.12,27.87,4.55,0.0
20130805:1710,145.0,123.0,0.0,20.23,27.96,5.45,0.0
20130805:1810,42.0,70.0,0.0,10.44,27.07,4.55,0.0
20130805:1910,0.0,0.0,0.0,0.0,25.21,4.76,0.0
20130805:2010,0.0,0.0,0.0,0.0,23.68,4.48,0.0
20130805:2110,0.0,0.0,0.0,0.0,22.36,4.21,0.0
20130805:2210,0.0,0.0,0.0,0.0,21.11,3.52,0.0
20130805:2310,0.0,0.0,0.0,0.0,20.02,2.9,0.0
20130806:0010,0.0,0.0,0.0,0.0,18.81,2.48,0.0
20130806:0110,0.0,0.0,0.0,0.0,17.82,2.14,0.0
20130806:0210,0.0,0.0,0.0,0.0,16.94,1.86,0.0
20130806:0310,0.0,0.0,0.0,0.0,15.91,1.72,0.0
20130806:0410,0.0,0.0,0.0,0.0,14.92,1.72,0.0
20130806:0510,18.0,26.35,0.0,5.18,14.34,1.66,0.0
20130806:0610,57.0,104.0,0.0,14.78,15.74,1.31,0.0
20130806:0710,212.0,135.0,0.0,24.66,17.5,0.9,0.0
20130806:0810,159.0,251.0,0.0,34.45,18.84,0.97,0.0
20130806:0910,323.0,261.0,0.0,43.66,20.13,0.97,0.0
20130806:1010,297.0,335.0,0.0,51.51,21.34,0.76,0.0
20130806:1110,0.0,168.0,0.0,56.77,22.44,0.83,0.0
20130806:1210,222.0,404.0,0.0,57.99,23.59,0.9,0.0
20130806:1310,270.0,368.0,0.0,54.73,24.48,1.45,0.0
20130806:1410,258.0,326.0,0.0,48.07,25.08,1.52,0.0
20130806:1510,309.0,231.0,0.0,39.46,25.26,1.31,0.0
20130806:1610,159.0,212.0,0.0,29.9,25.31,1.45,0.0
20130806:1710,0.0,90.0,0.0,20.02,24.92,1.45,0.0
20130806:1810,0.0,32.0,0.0,10.22,24.29,1.59,0.0
20130806:1910,0.0,0.0,0.0,0.0,23.07,0.76,0.0
20130806:2010,0.0,0.0,0.0,0.0,22.45,1.31,0.0
20130806:2110,0.0,0.0,0.0,0.0,21.84,1.38,0.0
20130806:2210,0.0,0.0,0.0,0.0,20.84,1.31,0.0
20130806:2310,0.0,0.0,0.0,0.0,19.98,0.76,0.0
20130807:0010,0.0,0.0,0.0,0.0,19.45,1.03,0.0
20130807:0110,0.0,0.0,0.0,0.0,18.89,1.59,0.0
20130807:0210,0.0,0.0,0.0,0.0,18.07,2.0,0.0
20130807:0310,0.0,0.0,0.0,0.0,17.71,2.14,0.0
20130807:0410,0.0,0.0,0.0,0.0,17.42,1.86,0.0
20130807:0510,9.0,27.66,0.0,4.99,17.28,1.45,0.0
20130807:0610,0.0,32.0,0.0,14.6,17.32,0.9,0.0
20130807:0710,0.0,39.0,0.0,24.48,17.38,1.52,0.0
20130807:0810,0.0,92.0,0.0,34.27,17.77,0.76,0.0
20130807:0910,5.0,248.0,0.0,43.46,18.09,0.69,0.0
20130807:1010,0.0,106.0,0.0,51.28,18.87,1.31,0.0
20130807:1110,30.0,370.0,0.0,56.51,19.86,2.14,0.0
20130807:1210,57.0,398.0,0.0,57.71,19.08,2.76,0.0
20130807:1310,26.0,355.0,0.0,54.46,19.29,3.31,0.0
20130807:1410,78.0,354.0,0.0,47.82,19.37,3.24,0.0
20130807:1510,0.0,58.0,0.0,39.23,19.85,2.9,0.0
20130807:1610,291.0,140.0,0.0,29.68,20.42,3.31,0.0
20130807:1710,0.0,87.0,0.0,19.8,20.33,3.66,0.0
20130807:1810,40.0,66.0,0.0,10.0,19.69,3.31,0.0
20130807:1910,0.0,0.0,0.0,0.0,18.35,2.62,0.0
20130807:2010,0.0,0.0,0.0,0.0,17.73,2.48,0.0
20130807:2110,0.0,0.0,0.0,0.0,17.38,2.14,0.0
20130807:2210,0.0,0.0,0.0,0.0,16.46,2.21,0.0
20130807:2310,0.0,0.0,0.0,0.0,15.83,2.41,0.0
20130808:0010,0.0,0.0,0.0,0.0,15.46,2.62,0.0
20130808:0110,0.0,0.0,0.0,0.0,15.18,2.48,0.0
20130808:0210,0.0,0.0,0.0,0.0,15.0,2.28,0.0
20130808:0310,0.0,0.0,0.0,0.0,14.68,2.14,0.0
20130808:0410,0.0,0.0,0.0,0.0,14.51,2.21,0.0
20130808:0510,0.0,20.0,0.0,4.8,14.66,2.28,0.0
20130808:0610,4.0,83.0,0.0,14.41,15.24,2.28,0.0
20130808:0710,169.0,152.0,0.0,24.3,16.03,3.79,0.0
20130808:0810,403.0,124.0,0.0,34.08,17.04,2.97,0.0
20130808:0910,540.0,133.0,0.0,43.25,18.16,2.76,0.0
20130808:1010,603.01,162.0,0.0,51.05,19.73,2.97,0.0
20130808:1110,623.01,191.0,0.0,56.25,21.06,3.38,0.0
20130808:1210,672.01,169.0,0.0,57.43,22.07,3.38,0.0
20130808:1310,42.0,376.0,0.0,54.19,22.51,3.1,0.0
20130808:1410,159.0,354.0,0.0,47.57,22.2,3.17,0.0
20130808:1510,278.0,243.0,0.0,38.99,21.95,3.38,0.0
20130808:1610,201.0,189.0,0.0,29.45,21.48,3.17,0.0
20130808:1710,189.0,93.0,0.0,19.57,21.36,2.69,0.0
20130808:1810,63.0,56.0,0.0,9.77,21.04,1.72,0.0
20130808:1910,0.0,0.0,0.0,0.0,20.07,1.1,0.0
20130808:2010,0.0,0.0,0.0,0.0,19.8,0.34,0.0
20130808:2110,0.0,0.0,0.0,0.0,18.7,0.69,0.0
20130808:2210,0.0,0.0,0.0,0.0,16.06,1.31,0.0
20130808:2310,0.0,0.0,0.0,0.0,14.77,1.45,0.0
20130809:0010,0.0,0.0,0.0,0.0,14.06,1.38,0.0
20130809:0110,0.0,0.0,0.0,0.0,13.38,1.52,0.0
20130809:0210,0.0,0.0,0.0,0.0,13.07,1.79,0.0
20130809:0310,0.0,0.0,0.0,0.0,13.55,2.07,0.0
20130809:0410,0.0,0.0,0.0,0.0,14.36,2.41,0.0
20130809:0510,0.0,9.0,0.0,4.6,15.19,2.69,0.0
20130809:0610,1.0,75.0,0.0,14.23,16.38,2.76,0.0
20130809:0710,279.0,94.0,0.0,24.11,17.76,2.97,0.0
20130809:0810,292.0,187.0,0.0,33.89,19.51,3.45,0.0
20130809:0910,312.0,262.0,0.0,43.04,20.87,3.66,0.0
20130809:1010,181.0,371.0,0.0,50.81,22.07,4.28,0.0
20130809:1110,284.0,371.0,0.0,55.98,22.55,4.83,0.0
20130809:1210,513.01,265.0,0.0,57.15,22.94,5.31,0.0
20130809:1310,448.0,279.0,0.0,53.91,23.41,5.59,0.0
20130809:1410,169.0,351.0,0.0,47.31,22.85,5.31,0.0
20130809:1510,170.0,286.0,0.0,38.75,22.81,5.38,0.0
20130809:1610,339.0,114.0,0.0,29.22,22.72,4.83,0.0
20130809:1710,170.0,102.0,0.0,19.34,22.59,4.28,0.0
20130809:1810,35.0,64.0,0.0,9.54,22.05,3.52,0.0
20130809:1910,0.0,0.0,0.0,0.0,20.87,2.76,0.0
20130809:2010,0.0,0.0,0.0,0.0,19.45,2.69,0.0
20130809:2110,0.0,0.0,0.0,0.0,18.33,2.97,0.0
20130809:2210,0.0,0.0,0.0,0.0,17.26,2.76,0.0
20130809:2310,0.0,0.0,0.0,0.0,16.52,2.34,0.0
20130810:0010,0.0,0.0,0.0,0.0,15.6,2.07,0.0
20130810:0110,0.0,0.0,0.0,0.0,14.87,2.0,0.0
20130810:0210,0.0,0.0,0.0,0.0,14.25,2.21,0.0
20130810:0310,0.0,0.0,0.0,0.0,13.67,2.34,0.0
20130810:0410,0.0,0.0,0.0,0.0,13.15,2.41,0.0
20130810:0510,17.0,20.84,0.0,4.4,12.71,2.48,0.0
20130810:0610,120.0,72.0,0.0,14.04,13.47,2.21,0.0
20130810:0710,187.0,142.0,0.0,23.93,15.27,2.9,0.0
20130810:0810,312.0,176.0,0.0,33.69,16.93,3.1,0.0
20130810:0910,381.0,226.0,0.0,42.83,18.37,3.17,0.0
20130810:1010,310.0,326.0,0.0,50.57,18.93,3.03,0.0
20130810:1110,308.0,362.0,0.0,55.7,19.74,3.24,0.0
20130810:1210,133.0,417.0,0.0,56.86,20.18,3.31,0.0
20130810:1310,328.0,340.0,0.0,53.63,20.69,3.45,0.0
20130810:1410,150.0,355.0,0.0,47.05,21.12,3.59,0.0
20130810:1510,279.0,241.0,0.0,38.51,21.06,3.66,0.0
20130810:1610,210.0,183.0,0.0,28.99,20.79,3.66,0.0
20130810:1710,181.0,95.0,0.0,19.11,20.31,3.45,0.0
20130810:1810,61.0,53.0,0.0,9.3,19.84,2.9,0.0
20130810:1910,0.0,0.0,0.0,0.0,18.66,2.55,0.0
20130810:2010,0.0,0.0,0.0,0.0,17.28,2.41,0.0
20130810:2110,0.0,0.0,0.0,0.0,16.28,2.34,0.0
20130810:2210,0.0,0.0,0.0,0.0,15.37,2.21,0.0
20130810:2310,0.0,0.0,0.0,0.0,14.39,1.79,0.0
20130811:0010,0.0,0.0,0.0,0.0,13.62,1.17,0.0
20130811:0110,0.0,0.0,0.0,0.0,14.58,0.55,0.0
20130811:0210,0.0,0.0,0.0,0.0,14.1,0.41,0.0
20130811:0310,0.0,0.0,0.0,0.0,13.84,0.62,0.0
20130811:0410,0.0,0.0,0.0,0.0,13.47,0.76,0.0
20130811:0510,3.0,22.29,0.0,4.2,13.19,0.76,0.0
20130811:0610,15.0,95.0,0.0,13.85,13.95,0.34,0.0
20130811:0710,154.0,154.0,0.0,23.74,14.91,0.34,0.0
20130811:0810,212.0,222.0,0.0,33.5,16.23,0.62,0.0
20130811:0910,473.0,168.0,0.0,42.62,17.5,1.1,0.0
20130811:1010,455.0,246.0,0.0,50.33,19.11,1.79,0.0
20130811:1110,246.0,382.0,0.0,55.43,20.36,2.14,0.0
20130811:1210,419.0,312.0,0.0,56.56,21.41,2.41,0.0
20130811:1310,372.0,314.0,0.0,53.34,22.68,2.9,0.0
20130811:1410,105.0,356.0,0.0,46.78,22.95,3.1,0.0
20130811:1510,104.0,295.0,0.0,38.26,22.95,3.1,0.0
20130811:1610,35.0,216.0,0.0,28.75,22.79,2.9,0.0
20130811:1710,117.0,123.0,0.0,18.87,22.26,2.21,0.0
20130811:1810,63.0,51.0,0.0,9.06,21.52,1.79,0.0
20130811:1910,0.0,0.0,0.0,0.0,20.84,1.24,0.0
20130811:2010,0.0,0.0,0.0,0.0,19.32,1.1,0.0
20130811:2110,0.0,0.0,0.0,0.0,19.57,0.55,0.0
20130811:2210,0.0,0.0,0.0,0.0,19.13,0.28,0.0
20130811:2310,0.0,0.0,0.0,0.0,18.64,0.34,0.0
20130812:0010,0.0,0.0,0.0,0.0,18.14,0.48,0.0
20130812:0110,0.0,0.0,0.0,0.0,17.54,0.55,0.0
20130812:0210,0.0,0.0,0.0,0.0,16.23,0.83,0.0
20130812:0310,0.0,0.0,0.0,0.0,14.94,1.45,0.0
20130812:0410,0.0,0.0,0.0,0.0,15.33,1.66,0.0
20130812:0510,13.0,20.64,0.0,4.0,15.36,1.66,0.0
20130812:0610,72.0,89.0,0.0,13.66,15.92,1.52,0.0
20130812:0710,107.0,170.0,0.0,23.55,17.43,1.66,0.0
20130812:0810,210.0,222.0,0.0,33.3,18.77,1.38,0.0
20130812:0910,225.0,295.0,0.0,42.4,20.07,1.31,0.0
20130812:1010,42.0,354.0,0.0,50.08,21.29,2.21,0.0
20130812:1110,317.0,352.0,0.0,55.15,20.92,3.45,0.0
20130812:1210,0.0,223.0,0.0,56.26,20.92,4.14,0.0
20130812:1310,314.0,339.0,0.0,53.05,21.52,4.07,0.0
20130812:1410,213.0,333.0,0.0,46.51,21.81,4.28,0.0
20130812:1510,441.0,143.0,0.0,38.0,21.66,4.48,0.0
20130812:1610,341.0,106.0,0.0,28.5,21.33,4.55,0.0
20130812:1710,182.0,88.0,0.0,18.63,20.84,4.34,0.0
20130812:1810,57.0,50.0,0.0,8.81,20.1,3.79,0.0
20130812:1910,0.0,0.0,0.0,0.0,18.94,3.45,0.0
20130812:2010,0.0,0.0,0.0,0.0,17.6,3.17,0.0
20130812:2110,0.0,0.0,0.0,0.0,16.47,3.1,0.0
20130812:2210,0.0,0.0,0.0,0.0,15.45,3.1,0.0
20130812:2310,0.0,0.0,0.0,0.0,14.56,2.83,0.0
20130813:0010,0.0,0.0,0.0,0.0,13.76,2.62,0.0
20130813:0110,0.0,0.0,0.0,0.0,13.1,2.62,0.0
20130813:0210,0.0,0.0,0.0,0.0,12.6,2.62,0.0
20130813:0310,0.0,0.0,0.0,0.0,12.22,2.48,0.0
20130813:0410,0.0,0.0,0.0,0.0,11.86,2.34,0.0
20130813:0510,12.0,18.15,0.0,3.8,11.54,2.28,0.0
20130813:0610,111.0,71.0,0.0,13.46,12.52,1.93,0.0
20130813:0710,201.0,129.0,0.0,23.36,14.67,2.41,0.0
20130813:0810,362.0,142.0,0.0,33.1,16.5,2.55,0.0
20130813:0910,440.0,187.0,0.0,42.19,18.02,2.48,0.0
20130813:1010,447.0,251.0,0.0,49.83,19.21,3.17,0.0
20130813:1110,404.0,312.0,0.0,54.86,19.86,3.24,0.0
20130813:1210,63.0,401.0,0.0,55.96,20.07,3.24,0.0
20130813:1310,398.0,300.0,0.0,52.75,20.48,3.45,0.0
20130813:1410,258.0,316.0,0.0,46.23,20.58,3.31,0.0
20130813:1510,292.0,228.0,0.0,37.74,20.72,3.31,0.0
20130813:1610,222.0,170.0,0.0,28.25,20.67,3.45,0.0
20130813:1710,51.0,139.0,0.0,18.38,20.35,3.59,0.0
20130813:1810,36.0,56.0,0.0,8.55,19.77,3.17,0.0
20130813:1910,0.0,0.0,0.0,0.0,18.38,3.03,0.0
20130813:2010,0.0,0.0,0.0,0.0,16.94,2.97,0.0
20130813:2110,0.0,0.0,0.0,0.0,15.85,2.62,0.0
20130813:2210,0.0,0.0,0.0,0.0,14.92,2.34,0.0
20130813:2310,0.0,0.0,0.0,0.0,14.05,2.21,0.0
20130814:0010,0.0,0.0,0.0,0.0,13.26,2.07,0.0
20130814:0110,0.0,0.0,0.0,0.0,12.52,2.0,0.0
20130814:0210,0.0,0.0,0.0,0.0,11.71,1.79,0.0
20130814:0310,0.0,0.0,0.0,0.0,10.87,1.59,0.0
20130814:0410,0.0,0.0,0.0,0.0,10.46,1.45,0.0
20130814:0510,8.0,18.99,0.0,3.6,10.38,1.24,0.0
20130814:0610,95.0,76.0,0.0,13.27,11.74,0.83,0.0
20130814:0710,220.0,116.0,0.0,23.17,14.4,0.28,0.0
20130814:0810,390.0,123.0,0.0,32.9,16.57,0.55,0.0
20130814:0910,521.01,136.0,0.0,41.96,18.18,0.48,0.0
20130814:1010,631.01,138.0,0.0,49.58,19.55,0.69,0.0
20130814:1110,682.01,147.0,0.0,54.57,20.43,1.17,0.0
20130814:1210,624.01,191.0,0.0,55.65,21.07,1.66,0.0
20130814:1310,291.0,347.0,0.0,52.45,21.5,1.93,0.0
20130814:1410,331.0,280.0,0.0,45.95,21.62,2.21,0.0
20130814:1510,240.0,249.0,0.0,37.47,21.62,2.28,0.0
20130814:1610,141.0,202.0,0.0,27.99,21.62,2.21,0.0
20130814:1710,117.0,116.0,0.0,18.12,21.51,2.14,0.0
20130814:1810,51.0,48.0,0.0,8.3,21.0,1.59,0.0
20130814:1910,0.0,0.0,0.0,0.0,20.4,1.72,0.0
20130814:2010,0.0,0.0,0.0,0.0,18.68,1.66,0.0
20130814:2110,0.0,0.0,0.0,0.0,17.16,1.38,0.0
20130814:2210,0.0,0.0,0.0,0.0,16.28,1.52,0.0
20130814:2310,0.0,0.0,0.0,0.0,15.21,1.79,0.0
20130815:0010,0.0,0.0,0.0,0.0,14.61,1.66,0.0
20130815:0110,0.0,0.0,0.0,0.0,14.75,1.24,0.0
20130815:0210,0.0,0.0,0.0,0.0,15.64,0.69,0.0
20130815:0310,0.0,0.0,0.0,0.0,15.4,0.21,0.0
20130815:0410,0.0,0.0,0.0,0.0,15.01,0.21,0.0
20130815:0510,8.0,17.07,0.0,3.4,14.88,0.21,0.0
20130815:0610,96.0,73.0,0.0,13.08,14.45,0.69,0.0
20130815:0710,236.0,103.0,0.0,22.97,17.17,1.03,0.0
20130815:0810,383.0,122.0,0.0,32.7,19.38,1.24,0.0
20130815:0910,520.01,132.0,0.0,41.74,21.34,1.66,0.0
20130815:1010,622.01,139.0,0.0,49.33,22.74,1.86,0.0
20130815:1110,673.01,147.0,0.0,54.28,23.57,1.45,0.0
20130815:1210,704.01,138.0,0.0,55.34,24.51,0.9,0.0
20130815:1310,640.01,150.0,0.0,52.14,25.02,0.76,0.0
20130815:1410,568.01,140.0,0.0,45.66,25.37,0.97,0.0
20130815:1510,445.0,132.0,0.0,37.2,25.49,0.97,0.0
20130815:1610,245.0,150.0,0.0,27.73,25.78,1.03,0.0
20130815:1710,173.0,85.0,0.0,17.87,25.6,1.17,0.0
20130815:1810,17.0,54.0,0.0,8.04,24.73,1.52,0.0
20130815:1910,0.0,0.0,0.0,0.0,23.16,1.79,0.0
20130815:2010,0.0,0.0,0.0,0.0,21.23,1.93,0.0
20130815:2110,0.0,0.0,0.0,0.0,19.61,2.07,0.0
20130815:2210,0.0,0.0,0.0,0.0,18.4,2.21,0.0
20130815:2310,0.0,0.0,0.0,0.0,17.47,2.28,0.0
20130816:0010,0.0,0.0,0.0,0.0,16.65,2.21,0.0
20130816:0110,0.0,0.0,0.0,0.0,15.85,2.14,0.0
20130816:0210,0.0,0.0,0.0,0.0,15.02,1.93,0.0
20130816:0310,0.0,0.0,0.0,0.0,14.28,1.79,0.0
20130816:0410,0.0,0.0,0.0,0.0,13.72,1.79,0.0
20130816:0510,1.0,14.8,0.0,3.19,13.38,1.66,0.0
20130816:0610,100.0,69.0,0.0,12.88,14.8,1.03,0.0
20130816:0710,235.0,102.0,0.0,22.78,17.92,0.97,0.0
20130816:0810,384.0,120.0,0.0,32.49,20.63,1.1,0.0
20130816:0910,509.01,136.0,0.0,41.52,23.12,1.17,0.0
20130816:1010,591.01,153.0,0.0,49.07,24.96,1.31,0.0
20130816:1110,660.01,151.0,0.0,53.99,26.15,1.59,0.0
20130816:1210,579.01,210.0,0.0,55.02,26.94,1.72,0.0
20130816:1310,613.01,164.0,0.0,51.83,27.53,1.93,0.0
20130816:1410,515.01,169.0,0.0,45.37,27.85,2.14,0.0
20130816:1510,64.0,285.0,0.0,36.93,27.96,2.34,0.0
20130816:1610,64.0,212.0,0.0,27.47,27.65,2.55,0.0
20130816:1710,92.0,120.0,0.0,17.6,27.24,2.48,0.0
20130816:1810,23.0,52.0,0.0,7.77,25.89,2.34,0.0
20130816:1910,0.0,0.0,0.0,0.0,23.13,3.52,0.0
20130816:2010,0.0,0.0,0.0,0.0,21.85,2.76,0.0
20130816:2110,0.0,0.0,0.0,0.0,20.74,2.21,0.0
20130816:2210,0.0,0.0,0.0,0.0,20.13,1.93,0.0
20130816:2310,0.0,0.0,0.0,0.0,19.76,1.66,0.0
20130817:0010,0.0,0.0,0.0,0.0,18.86,1.79,0.0
20130817:0110,0.0,0.0,0.0,0.0,17.99,1.66,0.0
20130817:0210,0.0,0.0,0.0,0.0,17.07,1.45,0.0
20130817:0310,0.0,0.0,0.0,0.0,16.04,1.59,0.0
20130817:0410,0.0,0.0,0.0,0.0,15.58,1.66,0.0
20130817:0510,5.0,14.85,0.0,2.98,15.35,1.52,0.0
20130817:0610,95.0,68.0,0.0,12.68,16.15,1.24,0.0
20130817:0710,15.0,155.0,0.0,22.58,18.25,1.52,0.0
20130817:0810,58.0,247.0,0.0,32.29,19.53,2.0,0.0
20130817:0910,195.0,295.0,0.0,41.29,21.11,3.1,0.0
20130817:1010,199.0,351.0,0.0,48.81,22.36,4.21,0.0
20130817:1110,178.0,388.0,0.0,53.69,23.57,4.48,0.0
20130817:1210,519.01,241.0,0.0,54.7,24.8,4.34,0.0
20130817:1310,443.01,261.0,0.0,51.52,25.6,4.48,0.0
20130817:1410,304.0,282.0,0.0,45.07,26.02,4.55,0.0
20130817:1510,445.0,126.0,0.0,36.65,26.4,4.48,0.0
20130817:1610,241.0,146.0,0.0,27.2,26.46,4.48,0.0
20130817:1710,0.0,58.0,0.0,17.33,26.24,4.48,0.0
20130817:1810,11.0,49.0,0.0,7.5,25.29,3.59,0.0
20130817:1910,0.0,0.0,0.0,0.0,23.54,4.07,0.0
20130817:2010,0.0,0.0,0.0,0.0,22.59,3.86,0.0
20130817:2110,0.0,0.0,0.0,0.0,21.69,3.45,0.0
20130817:2210,0.0,0.0,0.0,0.0,20.64,3.59,0.0
20130817:2310,0.0,0.0,0.0,0.0,19.66,3.59,0.0
20130818:0010,0.0,0.0,0.0,0.0,19.17,3.79,0.0
20130818:0110,0.0,0.0,0.0,0.0,18.86,4.0,0.0
20130818:0210,0.0,0.0,0.0,0.0,18.7,4.48,0.0
20130818:0310,0.0,0.0,0.0,0.0,18.53,4.55,0.0
20130818:0410,0.0,0.0,0.0,0.0,18.45,4.55,0.0
20130818:0510,3.0,14.3,0.0,2.78,18.57,4.62,0.0
20130818:0610,0.0,27.0,0.0,12.48,18.94,4.14,0.0
20130818:0710,91.0,161.0,0.0,22.38,19.96,4.83,0.0
20130818:0810,0.0,0.0,0.0,0.0,20.65,5.79,0.0
20130818:0910,0.0,0.0,0.0,0.0,21.64,5.93,0.0
20130818:1010,0.0,0.0,0.0,0.0,22.4,6.28,0.0
20130818:1110,0.0,0.0,0.0,0.0,22.86,6.69,0.0
20130818:1210,49.0,378.0,0.0,54.38,23.29,6.21,0.0
20130818:1310,2.0,260.0,0.0,51.2,22.62,5.03,0.0
20130818:1410,0.0,144.0,0.0,44.77,23.09,5.03,0.0
20130818:1510,6.0,219.0,0.0,36.36,23.44,4.21,0.0
20130818:1610,31.0,199.0,0.0,26.92,23.7,4.28,0.0
20130818:1710,49.0,125.0,0.0,17.06,23.15,4.28,0.0
20130818:1810,15.0,47.0,0.0,7.22,22.38,3.24,0.0
20130818:1910,0.0,0.0,0.0,0.0,20.6,3.59,0.0
20130818:2010,0.0,0.0,0.0,0.0,20.12,3.38,0.0
20130818:2110,0.0,0.0,0.0,0.0,19.34,3.31,0.0
20130818:2210,0.0,0.0,0.0,0.0,18.43,2.9,0.0
20130818:2310,0.0,0.0,0.0,0.0,17.75,2.14,0.0
20130819:0010,0.0,0.0,0.0,0.0,17.23,1.93,0.0
20130819:0110,0.0,0.0,0.0,0.0,16.87,1.86,0.0
20130819:0210,0.0,0.0,0.0,0.0,16.7,1.86,0.0
20130819:0310,0.0,0.0,0.0,0.0,16.53,1.93,0.0
20130819:0410,0.0,0.0,0.0,0.0,16.33,2.07,0.0
20130819:0510,5.0,11.91,0.0,2.57,16.03,2.0,0.0
20130819:0610,98.0,65.0,0.0,12.28,16.07,2.0,0.0
20130819:0710,240.0,96.0,0.0,22.18,16.59,3.17,0.0
20130819:0810,389.0,115.0,0.0,31.87,17.49,3.72,0.0
20130819:0910,219.0,288.0,0.0,40.83,18.52,3.72,0.0
20130819:1010,327.0,302.0,0.0,48.28,19.4,3.79,0.0
20130819:1110,311.0,345.0,0.0,53.09,20.09,4.14,0.0
20130819:1210,95.0,401.0,0.0,54.05,20.63,4.28,0.0
20130819:1310,497.01,233.0,0.0,50.87,20.88,4.48,0.0
20130819:1410,469.01,194.0,0.0,44.47,21.56,4.76,0.0
20130819:1510,322.0,197.0,0.0,36.07,21.84,4.55,0.0
20130819:1610,271.0,128.0,0.0,26.64,22.0,4.41,0.0
20130819:1710,150.0,88.0,0.0,16.79,21.57,4.28,0.0
20130819:1810,38.0,41.0,0.0,6.94,20.7,3.38,0.0
20130819:1910,0.0,0.0,0.0,0.0,19.0,2.76,0.0
20130819:2010,0.0,0.0,0.0,0.0,17.63,2.62,0.0
20130819:2110,0.0,0.0,0.0,0.0,16.59,2.48,0.0
20130819:2210,0.0,0.0,0.0,0.0,15.63,2.28,0.0
20130819:2310,0.0,0.0,0.0,0.0,14.79,2.14,0.0
20130820:0010,0.0,0.0,0.0,0.0,13.94,2.0,0.0
20130820:0110,0.0,0.0,0.0,0.0,13.03,1.86,0.0
20130820:0210,0.0,0.0,0.0,0.0,12.17,1.86,0.0
20130820:0310,0.0,0.0,0.0,0.0,11.46,1.86,0.0
20130820:0410,0.0,0.0,0.0,0.0,10.84,1.66,0.0
20130820:0510,4.0,10.2,0.0,2.36,10.45,1.59,0.0
20130820:0610,96.0,65.0,0.0,12.08,11.46,1.24,0.0
20130820:0710,230.0,99.0,0.0,21.98,14.5,1.24,0.0
20130820:0810,384.0,117.0,0.0,31.65,16.69,1.1,0.0
20130820:0910,511.01,133.0,0.0,40.59,18.5,0.83,0.0
20130820:1010,604.01,145.0,0.0,48.01,19.93,0.83,0.0
20130820:1110,672.01,144.0,0.0,52.78,20.94,0.9,0.0
20130820:1210,692.01,141.0,0.0,53.72,21.89,0.76,0.0
20130820:1310,626.01,154.0,0.0,50.55,22.61,0.76,0.0
20130820:1410,570.01,133.0,0.0,44.16,23.16,1.1,0.0
20130820:1510,443.0,126.0,0.0,35.78,23.43,1.59,0.0
20130820:1610,318.0,101.0,0.0,26.36,23.37,2.0,0.0
20130820:1710,157.0,82.0,0.0,16.51,23.02,2.14,0.0
20130820:1810,37.0,39.0,0.0,6.66,22.3,1.86,0.0
20130820:1910,0.0,0.0,0.0,0.0,20.83,2.14,0.0
20130820:2010,0.0,0.0,0.0,0.0,19.37,2.28,0.0
20130820:2110,0.0,0.0,0.0,0.0,18.15,2.21,0.0
20130820:2210,0.0,0.0,0.0,0.0,17.03,2.07,0.0
20130820:2310,0.0,0.0,0.0,0.0,15.89,2.0,0.0
20130821:0010,0.0,0.0,0.0,0.0,14.88,2.07,0.0
20130821:0110,0.0,0.0,0.0,0.0,14.13,2.21,0.0
20130821:0210,0.0,0.0,0.0,0.0,13.54,2.21,0.0
20130821:0310,0.0,0.0,0.0,0.0,12.95,2.07,0.0
20130821:0410,0.0,0.0,0.0,0.0,12.27,1.79,0.0
20130821:0510,0.0,10.0,0.0,2.15,11.73,1.72,0.0
20130821:0610,84.0,67.0,0.0,11.88,12.53,1.31,0.0
20130821:0710,219.0,101.0,0.0,21.78,15.9,1.66,0.0
20130821:0810,365.0,122.0,0.0,31.44,18.16,1.93,0.0
20130821:0910,500.01,134.0,0.0,40.35,20.39,2.28,0.0
20130821:1010,601.01,141.0,0.0,47.74,22.01,3.03,0.0
20130821:1110,651.01,150.0,0.0,52.47,23.09,3.03,0.0
20130821:1210,651.01,157.0,0.0,53.39,24.02,2.76,0.0
20130821:1310,614.01,155.0,0.0,50.22,24.78,2.62,0.0
20130821:1410,550.01,138.0,0.0,43.84,25.31,2.34,0.0
20130821:1510,426.0,130.0,0.0,35.48,25.57,2.34,0.0
20130821:1610,207.0,156.0,0.0,26.07,25.53,2.48,0.0
20130821:1710,110.0,101.0,0.0,16.22,25.17,2.48,0.0
20130821:1810,37.0,37.0,0.0,6.37,24.16,1.93,0.0
20130821:1910,0.0,0.0,0.0,0.0,22.22,2.48,0.0
20130821:2010,0.0,0.0,0.0,0.0,20.73,2.69,0.0
20130821:2110,0.0,0.0,0.0,0.0,19.68,2.69,0.0
20130821:2210,0.0,0.0,0.0,0.0,18.91,2.62,0.0
20130821:2310,0.0,0.0,0.0,0.0,18.2,2.62,0.0
20130822:0010,0.0,0.0,0.0,0.0,17.55,2.48,0.0
20130822:0110,0.0,0.0,0.0,0.0,16.91,2.34,0.0
20130822:0210,0.0,0.0,0.0,0.0,16.3,2.34,0.0
20130822:0310,0.0,0.0,0.0,0.0,15.78,2.34,0.0
20130822:0410,0.0,0.0,0.0,0.0,15.62,2.21,0.0
20130822:0510,0.0,9.0,0.0,1.93,15.46,2.28,0.0
20130822:0610,9.0,76.0,0.0,11.67,15.92,2.28,0.0
20130822:0710,17.0,152.0,0.0,21.57,17.27,2.41,0.0
20130822:0810,65.0,242.0,0.0,31.23,18.87,2.76,0.0
20130822:0910,257.0,263.0,0.0,40.12,21.08,3.17,0.0
20130822:1010,370.0,271.0,0.0,47.46,23.14,3.72,0.0
20130822:1110,273.0,351.0,0.0,52.15,24.71,4.48,0.0
20130822:1210,346.0,325.0,0.0,53.05,25.78,4.76,0.0
20130822:1310,399.01,275.0,0.0,49.88,26.46,4.83,0.0
20130822:1410,495.01,165.0,0.0,43.52,26.82,4.9,0.0
20130822:1510,372.0,157.0,0.0,35.18,26.92,4.9,0.0
20130822:1610,259.0,123.0,0.0,25.78,26.77,4.9,0.0
20130822:1710,64.0,115.0,0.0,15.93,26.26,4.28,0.0
20130822:1810,28.0,37.0,0.0,6.08,25.2,3.24,0.0
20130822:1910,0.0,0.0,0.0,0.0,23.17,2.76,0.0
20130822:2010,0.0,0.0,0.0,0.0,21.69,2.83,0.0
20130822:2110,0.0,0.0,0.0,0.0,20.58,2.83,0.0
20130822:2210,0.0,0.0,0.0,0.0,19.64,2.76,0.0
20130822:2310,0.0,0.0,0.0,0.0,18.87,2.76,0.0
20130823:0010,0.0,0.0,0.0,0.0,18.23,2.69,0.0
20130823:0110,0.0,0.0,0.0,0.0,17.66,2.62,0.0
20130823:0210,0.0,0.0,0.0,0.0,17.07,2.55,0.0
20130823:0310,0.0,0.0,0.0,0.0,16.44,2.48,0.0
20130823:0410,0.0,0.0,0.0,0.0,15.86,2.41,0.0
20130823:0510,0.0,7.0,0.0,1.72,15.38,2.41,0.0
20130823:0610,41.0,79.0,0.0,11.47,15.83,2.14,0.0
20130823:0710,178.0,119.0,0.0,21.37,17.63,2.0,0.0
20130823:0810,356.0,122.0,0.0,31.01,19.82,2.07,0.0
20130823:0910,484.01,137.0,0.0,39.87,21.94,1.72,0.0
20130823:1010,583.01,146.0,0.0,47.19,23.82,1.52,0.0
20130823:1110,686.01,126.0,0.0,51.84,25.48,1.59,0.0
20130823:1210,651.01,151.0,0.0,52.71,26.74,1.59,0.0
20130823:1310,471.01,234.0,0.0,49.54,27.58,1.38,0.0
20130823:1410,532.01,141.0,0.0,43.2,28.15,1.1,0.0
20130823:1510,345.0,170.0,0.0,34.87,28.41,1.03,0.0
20130823:1610,311.0,95.0,0.0,25.48,28.38,1.1,0.0
20130823:1710,29.0,116.0,0.0,15.64,28.05,1.1,0.0
20130823:1810,0.0,16.0,0.0,5.78,27.28,0.97,0.0
20130823:1910,0.0,0.0,0.0,0.0,25.57,1.59,0.0
20130823:2010,0.0,0.0,0.0,0.0,23.58,2.21,0.0
20130823:2110,0.0,0.0,0.0,0.0,22.05,2.34,0.0
20130823:2210,0.0,0.0,0.0,0.0,21.37,2.55,0.0
20130823:2310,0.0,0.0,0.0,0.0,21.06,3.1,0.0
20130824:0010,0.0,0.0,0.0,0.0,20.92,3.72,0.0
20130824:0110,0.0,0.0,0.0,0.0,20.59,3.59,0.0
20130824:0210,0.0,0.0,0.0,0.0,19.95,3.17,0.0
20130824:0310,0.0,0.0,0.0,0.0,19.24,3.17,0.0
20130824:0410,0.0,0.0,0.0,0.0,18.7,3.31,0.0
20130824:0510,0.0,6.0,0.0,1.51,18.25,3.45,0.0
20130824:0610,0.0,16.0,0.0,11.26,17.8,2.83,0.0
20130824:0710,103.0,149.0,0.0,21.16,17.95,2.76,0.0
20130824:0810,324.0,136.0,0.0,30.79,18.79,2.97,0.0
20130824:0910,283.0,245.0,0.0,39.63,19.92,3.1,0.0
20130824:1010,91.0,355.0,0.0,46.91,21.15,3.52,0.0
20130824:1110,0.0,241.0,0.0,51.52,22.04,4.07,0.0
20130824:1210,98.0,389.0,0.0,52.37,22.04,4.48,0.0
20130824:1310,0.0,106.0,0.0,49.2,22.03,4.76,0.0
20130824:1410,79.0,329.0,0.0,42.87,22.26,4.97,0.0
20130824:1510,55.0,265.0,0.0,34.56,22.07,5.17,0.0
20130824:1610,67.0,194.0,0.0,25.18,21.31,5.31,0.0
20130824:1710,16.0,107.0,0.0,15.34,20.81,5.31,0.0
20130824:1810,0.0,11.0,0.0,5.49,19.88,4.83,0.0
20130824:1910,0.0,0.0,0.0,0.0,18.56,4.48,0.0
20130824:2010,0.0,0.0,0.0,0.0,17.87,4.28,0.0
20130824:2110,0.0,0.0,0.0,0.0,17.25,4.07,0.0
20130824:2210,0.0,0.0,0.0,0.0,16.71,4.28,0.0
20130824:2310,0.0,0.0,0.0,0.0,15.84,4.21,0.0
20130825:0010,0.0,0.0,0.0,0.0,14.59,4.14,0.0
20130825:0110,0.0,0.0,0.0,0.0,14.01,4.28,0.0
20130825:0210,0.0,0.0,0.0,0.0,13.63,4.28,0.0
20130825:0310,0.0,0.0,0.0,0.0,13.37,4.07,0.0
20130825:0410,0.0,0.0,0.0,0.0,13.17,3.72,0.0
20130825:0510,0.0,0.0,0.0,0.0,13.04,3.38,0.0
20130825:0610,0.0,17.0,0.0,11.06,13.01,3.38,0.0
20130825:0710,0.0,92.0,0.0,20.95,13.39,3.03,0.0
20130825:0810,0.0,114.0,0.0,30.57,13.93,3.1,0.0
20130825:0910,0.0,55.0,0.0,39.39,14.57,3.03,0.0
20130825:1010,1.0,236.0,0.0,46.62,15.64,3.72,0.0
20130825:1110,0.0,189.0,0.0,51.2,16.39,3.45,0.0
20130825:1210,0.0,115.0,0.0,52.02,16.67,2.48,0.0
20130825:1310,0.0,115.0,0.0,48.85,16.93,1.52,0.0
20130825:1410,0.0,75.0,0.0,42.54,16.76,0.55,0.0
20130825:1510,0.0,90.0,0.0,34.25,16.49,0.97,0.0
20130825:1610,5.0,152.0,0.0,24.88,16.3,1.59,0.0
20130825:1710,5.0,92.0,0.0,15.04,16.01,1.66,0.0
20130825:1810,6.0,29.46,0.0,5.18,15.87,1.59,0.0
20130825:1910,0.0,0.0,0.0,0.0,15.19,1.93,0.0
20130825:2010,0.0,0.0,0.0,0.0,15.08,2.14,0.0
20130825:2110,0.0,0.0,0.0,0.0,14.85,2.21,0.0
20130825:2210,0.0,0.0,0.0,0.0,14.67,2.07,0.0
20130825:2310,0.0,0.0,0.0,0.0,14.22,2.0,0.0
20130826:0010,0.0,0.0,0.0,0.0,13.37,2.14,0.0
20130826:0110,0.0,0.0,0.0,0.0,12.72,2.28,0.0
20130826:0210,0.0,0.0,0.0,0.0,12.23,2.07,0.0
20130826:0310,0.0,0.0,0.0,0.0,11.8,1.86,0.0
20130826:0410,0.0,0.0,0.0,0.0,11.29,2.0,0.0
20130826:0510,0.0,0.0,0.0,0.0,10.98,2.14,0.0
20130826:0610,11.0,72.0,0.0,10.85,11.7,1.93,0.0
20130826:0710,87.0,151.0,0.0,20.74,14.01,2.48,0.0
20130826:0810,0.0,151.0,0.0,30.35,15.61,3.1,0.0
20130826:0910,471.01,137.0,0.0,39.14,17.65,3.93,0.0
20130826:1010,385.01,254.0,0.0,46.34,19.34,3.72,0.0
20130826:1110,348.0,309.0,0.0,50.87,20.41,3.59,0.0
20130826:1210,440.01,268.0,0.0,51.67,21.12,3.72,0.0
20130826:1310,248.0,336.0,0.0,48.5,21.46,4.0,0.0
20130826:1410,54.0,318.0,0.0,42.21,21.96,4.14,0.0
20130826:1510,0.0,51.0,0.0,33.93,22.0,4.28,0.0
20130826:1610,0.0,44.0,0.0,24.57,21.89,4.76,0.0
20130826:1710,43.0,108.0,0.0,14.74,20.48,3.72,0.0
20130826:1810,17.0,25.52,0.0,4.88,19.41,2.97,0.0
20130826:1910,0.0,0.0,0.0,0.0,18.66,2.97,0.0
20130826:2010,0.0,0.0,0.0,0.0,17.99,2.83,0.0
20130826:2110,0.0,0.0,0.0,0.0,17.32,2.55,0.0
20130826:2210,0.0,0.0,0.0,0.0,16.94,2.41,0.0
20130826:2310,0.0,0.0,0.0,0.0,16.53,2.48,0.0
20130827:0010,0.0,0.0,0.0,0.0,16.5,2.55,0.0
20130827:0110,0.0,0.0,0.0,0.0,16.37,2.55,0.0
20130827:0210,0.0,0.0,0.0,0.0,16.1,2.55,0.0
20130827:0310,0.0,0.0,0.0,0.0,15.82,2.55,0.0
20130827:0410,0.0,0.0,0.0,0.0,15.51,2.48,0.0
20130827:0510,0.0,0.0,0.0,0.0,15.25,2.41,0.0
20130827:0610,8.0,67.0,0.0,10.64,15.1,2.41,0.0
20130827:0710,93.0,147.0,0.0,20.53,15.77,2.62,0.0
20130827:0810,9.0,193.0,0.0,30.12,17.13,3.1,0.0
20130827:0910,138.0,294.0,0.0,38.89,18.13,3.72,0.0
20130827:1010,19.0,308.0,0.0,46.05,19.4,3.45,0.0
20130827:1110,121.0,379.0,0.0,50.54,20.51,3.17,0.0
20130827:1210,99.0,383.0,0.0,51.32,20.91,3.03,0.0
20130827:1310,62.0,356.0,0.0,48.15,20.33,2.76,0.0
20130827:1410,26.0,294.0,0.0,41.87,20.82,2.69,0.0
20130827:1510,288.0,187.0,0.0,33.61,21.3,2.9,0.0
20130827:1610,220.0,127.0,0.0,24.26,21.28,2.9,0.0
20130827:1710,133.0,72.0,0.0,14.43,20.22,3.24,0.0
20130827:1810,14.0,24.32,0.0,4.57,18.95,3.1,0.0
20130827:1910,0.0,0.0,0.0,0.0,17.75,3.79,0.0
20130827:2010,0.0,0.0,0.0,0.0,17.19,3.31,0.0
20130827:2110,0.0,0.0,0.0,0.0,16.73,2.83,0.0
20130827:2210,0.0,0.0,0.0,0.0,16.24,2.62,0.0
20130827:2310,0.0,0.0,0.0,0.0,15.71,2.48,0.0
20130828:0010,0.0,0.0,0.0,0.0,15.18,2.55,0.0
20130828:0110,0.0,0.0,0.0,0.0,14.77,2.55,0.0
20130828:0210,0.0,0.0,0.0,0.0,14.41,2.62,0.0
20130828:0310,0.0,0.0,0.0,0.0,14.09,2.62,0.0
20130828:0410,0.0,0.0,0.0,0.0,13.67,2.62,0.0
20130828:0510,0.0,0.0,0.0,0.0,13.34,2.55,0.0
20130828:0610,42.0,71.0,0.0,10.43,13.55,2.34,0.0
20130828:0710,145.0,127.0,0.0,20.32,15.27,2.62,0.0
20130828:0810,288.0,153.0,0.0,29.9,17.26,2.83,0.0
20130828:0910,302.0,233.0,0.0,38.64,19.24,2.97,0.0
20130828:1010,574.01,144.0,0.0,45.76,21.22,3.45,0.0
20130828:1110,621.01,154.0,0.0,50.21,22.22,4.14,0.0
20130828:1210,214.0,370.0,0.0,50.96,22.67,4.28,0.0
20130828:1310,78.0,365.0,0.0,47.8,22.97,4.14,0.0
20130828:1410,193.0,307.0,0.0,41.53,22.95,3.93,0.0
20130828:1510,134.0,255.0,0.0,33.28,22.82,3.79,0.0
20130828:1610,268.0,103.0,0.0,23.95,22.57,3.66,0.0
20130828:1710,49.0,104.0,0.0,14.12,22.06,3.24,0.0
20130828:1810,6.0,23.49,0.0,4.25,20.91,2.41,0.0
20130828:1910,0.0,0.0,0.0,0.0,19.23,2.62,0.0
20130828:2010,0.0,0.0,0.0,0.0,18.17,2.62,0.0
20130828:2110,0.0,0.0,0.0,0.0,17.32,2.48,0.0
20130828:2210,0.0,0.0,0.0,0.0,16.42,2.34,0.0
20130828:2310,0.0,0.0,0.0,0.0,15.61,2.28,0.0
20130829:0010,0.0,0.0,0.0,0.0,14.9,2.28,0.0
20130829:0110,0.0,0.0,0.0,0.0,14.22,2.41,0.0
20130829:0210,0.0,0.0,0.0,0.0,13.7,2.41,0.0
20130829:0310,0.0,0.0,0.0,0.0,13.22,2.28,0.0
20130829:0410,0.0,0.0,0.0,0.0,12.75,2.21,0.0
20130829:0510,0.0,0.0,0.0,0.0,12.4,2.14,0.0
20130829:0610,48.0,67.0,0.0,10.22,12.54,1.72,0.0
20130829:0710,172.0,111.0,0.0,20.1,14.53,2.0,0.0
20130829:0810,320.0,133.0,0.0,29.67,16.28,1.52,0.0
20130829:0910,465.01,139.0,0.0,38.38,18.32,1.66,0.0
20130829:1010,572.01,143.0,0.0,45.47,20.38,2.07,0.0
20130829:1110,357.01,304.0,0.0,49.88,21.82,2.55,0.0
20130829:1210,346.0,315.0,0.0,50.6,22.5,2.41,0.0
20130829:1310,289.0,317.0,0.0,47.44,22.84,2.28,0.0
20130829:1410,260.0,279.0,0.0,41.19,23.19,2.0,0.0
20130829:1510,164.0,244.0,0.0,32.96,23.18,1.79,0.0
20130829:1610,234.0,118.0,0.0,23.63,23.1,1.72,0.0
20130829:1710,91.0,87.0,0.0,13.81,22.79,1.79,0.0
20130829:1810,17.0,18.75,0.0,3.94,21.78,1.72,0.0
20130829:1910,0.0,0.0,0.0,0.0,20.12,1.93,0.0
20130829:2010,0.0,0.0,0.0,0.0,18.9,1.93,0.0
20130829:2110,0.0,0.0,0.0,0.0,17.73,2.0,0.0
20130829:2210,0.0,0.0,0.0,0.0,16.71,2.0,0.0
20130829:2310,0.0,0.0,0.0,0.0,15.47,2.07,0.0
20130830:0010,0.0,0.0,0.0,0.0,14.37,2.07,0.0
20130830:0110,0.0,0.0,0.0,0.0,13.4,1.86,0.0
20130830:0210,0.0,0.0,0.0,0.0,12.5,1.66,0.0
20130830:0310,0.0,0.0,0.0,0.0,11.87,1.72,0.0
20130830:0410,0.0,0.0,0.0,0.0,11.3,1.86,0.0
20130830:0510,0.0,0.0,0.0,0.0,10.92,1.86,0.0
20130830:0610,55.0,62.0,0.0,10.01,11.27,1.52,0.0
20130830:0710,176.0,106.0,0.0,19.89,13.27,1.17,0.0
20130830:0810,333.0,122.0,0.0,29.44,15.38,1.1,0.0
20130830:0910,459.01,138.0,0.0,38.13,18.33,1.24,0.0
20130830:1010,572.01,140.0,0.0,45.18,20.51,1.24,0.0
20130830:1110,577.01,175.0,0.0,49.54,21.96,1.03,0.0
20130830:1210,350.01,309.0,0.0,50.24,23.17,2.0,0.0
20130830:1310,375.01,271.0,0.0,47.07,23.72,2.55,0.0
20130830:1410,480.01,154.0,0.0,40.84,24.18,2.9,0.0
20130830:1510,304.0,174.0,0.0,32.62,24.28,3.1,0.0
20130830:1610,246.0,107.0,0.0,23.31,23.89,3.17,0.0
20130830:1710,107.0,75.0,0.0,13.49,23.24,2.62,0.0
20130830:1810,11.0,19.14,0.0,3.62,21.99,2.07,0.0
20130830:1910,0.0,0.0,0.0,0.0,20.34,2.14,0.0
20130830:2010,0.0,0.0,0.0,0.0,19.01,1.93,0.0
20130830:2110,0.0,0.0,0.0,0.0,17.82,1.72,0.0
20130830:2210,0.0,0.0,0.0,0.0,16.46,1.66,0.0
20130830:2310,0.0,0.0,0.0,0.0,15.26,1.79,0.0
20130831:0010,0.0,0.0,0.0,0.0,14.5,1.86,0.0
20130831:0110,0.0,0.0,0.0,0.0,14.02,2.0,0.0
20130831:0210,0.0,0.0,0.0,0.0,13.83,1.93,0.0
20130831:0310,0.0,0.0,0.0,0.0,13.91,1.93,0.0
20130831:0410,0.0,0.0,0.0,0.0,14.12,1.93,0.0
20130831:0510,0.0,0.0,0.0,0.0,14.3,1.79,0.0
20130831:0610,2.0,51.0,0.0,9.79,14.98,1.66,0.0
20130831:0710,10.0,131.0,0.0,19.67,16.76,2.0,0.0
20130831:0810,73.0,226.0,0.0,29.21,17.91,3.31,0.0
20130831:0910,234.0,253.0,0.0,37.87,19.3,3.1,0.0
20130831:1010,10.0,281.0,0.0,44.88,20.49,3.1,0.0
20130831:1110,8.0,293.0,0.0,49.2,21.2,3.31,0.0
20130831:1210,35.0,349.0,0.0,49.88,21.83,3.24,0.0
20130831:1310,388.01,256.0,0.0,46.71,22.5,3.1,0.0
20130831:1410,66.0,311.0,0.0,40.49,23.24,3.24,0.0
20130831:1510,39.0,244.0,0.0,32.29,23.3,3.24,0.0
20130831:1610,208.0,121.0,0.0,22.98,22.76,3.31,0.0
20130831:1710,70.0,87.0,0.0,13.17,21.95,3.52,0.0
20130831:1810,5.0,17.77,0.0,3.3,20.58,3.86,0.0
20130831:1910,0.0,0.0,0.0,0.0,19.93,2.76,0.0
20130831:2010,0.0,0.0,0.0,0.0,18.78,2.83,0.0
20130831:2110,0.0,0.0,0.0,0.0,18.08,3.24,0.0
20130831:2210,0.0,0.0,0.0,0.0,17.21,3.86,0.0
20130831:2310,0.0,0.0,0.0,0.0,16.5,4.55,0.0
20130901:0010,0.0,0.0,0.0,0.0,15.68,4.14,0.0
20130901:0110,0.0,0.0,0.0,0.0,15.1,3.79,0.0
20130901:0210,0.0,0.0,0.0,0.0,14.6,3.45,0.0
20130901:0310,0.0,0.0,0.0,0.0,13.94,3.03,0.0
20130901:0410,0.0,0.0,0.0,0.0,13.22,2.97,0.0
20130901:0510,0.0,0.0,0.0,0.0,12.53,2.69,0.0
20130901:0610,55.0,59.0,0.0,9.58,12.23,2.34,0.0
20130901:0710,182.0,100.0,0.0,19.46,12.71,2.69,0.0
20130901:0810,272.0,155.0,0.0,28.98,14.42,3.03,0.0
20130901:0910,374.01,188.0,0.0,37.61,16.12,3.38,0.0
20130901:1010,434.01,221.0,0.0,44.58,17.51,3.72,0.0
20130901:1110,457.01,246.0,0.0,48.86,18.56,3.72,0.0
20130901:1210,473.01,242.0,0.0,49.51,19.32,3.31,0.0
20130901:1310,342.0,286.0,0.0,46.34,19.81,3.24,0.0
20130901:1410,461.01,163.0,0.0,40.13,20.21,3.1,0.0
20130901:1510,367.0,134.0,0.0,31.95,20.26,3.24,0.0
20130901:1610,195.0,130.0,0.0,22.65,20.03,3.31,0.0
20130901:1710,45.0,94.0,0.0,12.85,19.59,2.9,0.0
20130901:1810,0.0,14.0,0.0,2.97,18.67,2.07,0.0
20130901:1910,0.0,0.0,0.0,0.0,17.0,2.0,0.0
20130901:2010,0.0,0.0,0.0,0.0,15.96,1.93,0.0
20130901:2110,0.0,0.0,0.0,0.0,14.9,2.07,0.0
20130901:2210,0.0,0.0,0.0,0.0,14.27,2.07,0.0
20130901:2310,0.0,0.0,0.0,0.0,13.6,2.07,0.0
20130902:0010,0.0,0.0,0.0,0.0,13.11,2.0,0.0
20130902:0110,0.0,0.0,0.0,0.0,12.6,1.86,0.0
20130902:0210,0.0,0.0,0.0,0.0,12.01,1.72,0.0
20130902:0310,0.0,0.0,0.0,0.0,11.54,1.86,0.0
20130902:0410,0.0,0.0,0.0,0.0,11.12,1.93,0.0
20130902:0510,0.0,0.0,0.0,0.0,10.51,2.07,0.0
20130902:0610,65.0,51.0,0.0,9.37,10.45,1.86,0.0
20130902:0710,186.0,94.0,0.0,19.24,12.64,1.86,0.0
20130902:0810,327.0,118.0,0.0,28.74,14.82,2.28,0.0
20130902:0910,474.01,123.0,0.0,37.34,16.43,2.34,0.0
20130902:1010,589.01,123.0,0.0,44.28,17.93,2.34,0.0
20130902:1110,648.01,126.0,0.0,48.52,19.37,2.48,0.0
20130902:1210,675.01,116.0,0.0,49.14,20.82,2.69,0.0
20130902:1310,590.01,137.0,0.0,45.97,21.84,2.9,0.0
20130902:1410,540.01,111.0,0.0,39.78,22.47,3.03,0.0
20130902:1510,385.0,117.0,0.0,31.61,22.73,3.03,0.0
20130902:1610,232.0,104.0,0.0,22.32,22.57,3.03,0.0
20130902:1710,117.0,62.0,0.0,12.52,21.95,2.97,0.0
20130902:1810,0.0,14.0,0.0,2.64,20.67,2.28,0.0
20130902:1910,0.0,0.0,0.0,0.0,19.25,2.48,0.0
20130902:2010,0.0,0.0,0.0,0.0,17.85,2.62,0.0
20130902:2110,0.0,0.0,0.0,0.0,16.67,2.62,0.0
20130902:2210,0.0,0.0,0.0,0.0,15.62,2.48,0.0
20130902:2310,0.0,0.0,0.0,0.0,14.69,2.21,0.0
20130903:0010,0.0,0.0,0.0,0.0,13.89,2.0,0.0
20130903:0110,0.0,0.0,0.0,0.0,13.11,1.86,0.0
20130903:0210,0.0,0.0,0.0,0.0,12.41,1.93,0.0
20130903:0310,0.0,0.0,0.0,0.0,11.92,1.86,0.0
20130903:0410,0.0,0.0,0.0,0.0,11.47,1.79,0.0
20130903:0510,0.0,0.0,0.0,0.0,11.01,1.66,0.0
20130903:0610,57.0,52.0,0.0,9.15,11.03,1.38,0.0
20130903:0710,196.0,85.0,0.0,19.02,14.04,1.17,0.0
20130903:0810,333.0,110.0,0.0,28.51,16.73,1.38,0.0
20130903:0910,468.01,120.0,0.0,37.08,19.29,1.45,0.0
20130903:1010,583.01,120.0,0.0,43.97,21.25,1.45,0.0
20130903:1110,634.01,126.0,0.0,48.17,22.71,1.52,0.0
20130903:1210,668.01,113.0,0.0,48.77,23.89,1.59,0.0
20130903:1310,592.01,129.0,0.0,45.6,24.8,1.66,0.0
20130903:1410,519.01,116.0,0.0,39.42,25.43,1.79,0.0
20130903:1510,383.01,112.0,0.0,31.27,25.73,1.93,0.0
20130903:1610,241.0,94.0,0.0,21.99,25.68,2.14,0.0
20130903:1710,100.0,65.0,0.0,12.19,25.27,2.21,0.0
20130903:1810,0.0,11.0,0.0,2.31,23.97,2.0,0.0
20130903:1910,0.0,0.0,0.0,0.0,21.93,2.48,0.0
20130903:2010,0.0,0.0,0.0,0.0,20.54,2.55,0.0
20130903:2110,0.0,0.0,0.0,0.0,19.43,2.48,0.0
20130903:2210,0.0,0.0,0.0,0.0,18.47,2.41,0.0
20130903:2310,0.0,0.0,0.0,0.0,17.65,2.28,0.0
20130904:0010,0.0,0.0,0.0,0.0,16.88,2.14,0.0
20130904:0110,0.0,0.0,0.0,0.0,16.14,2.0,0.0
20130904:0210,0.0,0.0,0.0,0.0,15.37,1.93,0.0
20130904:0310,0.0,0.0,0.0,0.0,14.69,1.86,0.0
20130904:0410,0.0,0.0,0.0,0.0,14.21,1.86,0.0
20130904:0510,0.0,0.0,0.0,0.0,13.83,1.86,0.0
20130904:0610,57.0,50.0,0.0,8.93,13.95,1.72,0.0
20130904:0710,193.0,84.0,0.0,18.8,16.86,1.17,0.0
20130904:0810,329.0,110.0,0.0,28.27,20.01,1.38,0.0
20130904:0910,471.01,117.0,0.0,36.81,22.76,1.66,0.0
20130904:1010,587.01,115.0,0.0,43.67,25.07,1.93,0.0
20130904:1110,629.01,127.0,0.0,47.83,26.85,2.21,0.0
20130904:1210,655.01,117.0,0.0,48.39,28.11,2.28,0.0
20130904:1310,579.01,133.0,0.0,45.22,28.99,2.28,0.0
20130904:1410,513.01,116.0,0.0,39.06,29.57,2.21,0.0
20130904:1510,377.01,112.0,0.0,30.92,29.83,2.07,0.0
20130904:1610,242.0,91.0,0.0,21.66,29.72,2.07,0.0
20130904:1710,96.0,63.0,0.0,11.86,29.24,1.86,0.0
20130904:1810,0.0,10.0,0.0,1.98,27.68,2.0,0.0
20130904:1910,0.0,0.0,0.0,0.0,25.47,2.55,0.0
20130904:2010,0.0,0.0,0.0,0.0,23.9,2.69,0.0
20130904:2110,0.0,0.0,0.0,0.0,22.71,2.69,0.0
20130904:2210,0.0,0.0,0.0,0.0,21.7,2.69,0.0
20130904:2310,0.0,0.0,0.0,0.0,20.76,2.62,0.0
20130905:0010,0.0,0.0,0.0,0.0,19.86,2.55,0.0
20130905:0110,0.0,0.0,0.0,0.0,19.04,2.48,0.0
20130905:0210,0.0,0.0,0.0,0.0,18.27,2.41,0.0
20130905:0310,0.0,0.0,0.0,0.0,17.6,2.34,0.0
20130905:0410,0.0,0.0,0.0,0.0,17.04,2.28,0.0
20130905:0510,0.0,0.0,0.0,0.0,16.56,2.28,0.0
20130905:0610,51.0,51.0,0.0,8.72,16.49,2.07,0.0
20130905:0710,190.0,84.0,0.0,18.57,18.94,1.72,0.0
20130905:0810,322.0,111.0,0.0,28.03,22.11,2.07,0.0
20130905:0910,461.01,120.0,0.0,36.55,24.74,2.28,0.0
20130905:1010,568.01,123.0,0.0,43.36,27.08,2.55,0.0
20130905:1110,626.01,126.0,0.0,47.48,28.99,2.83,0.0
20130905:1210,668.01,108.0,0.0,48.02,30.32,3.17,0.0
20130905:1310,583.01,128.0,0.0,44.85,31.13,3.31,0.0
20130905:1410,509.01,115.0,0.0,38.69,31.53,3.24,0.0
20130905:1510,363.0,116.0,0.0,30.57,31.59,3.03,0.0
20130905:1610,231.0,93.0,0.0,21.32,31.31,2.83,0.0
20130905:1710,91.0,62.0,0.0,11.53,30.66,2.28,0.0
20130905:1810,0.0,8.0,0.0,1.64,28.86,2.14,0.0
20130905:1910,0.0,0.0,0.0,0.0,26.55,2.28,0.0
20130905:2010,0.0,0.0,0.0,0.0,24.53,2.21,0.0
20130905:2110,0.0,0.0,0.0,0.0,22.72,2.07,0.0
20130905:2210,0.0,0.0,0.0,0.0,21.28,2.28,0.0
20130905:2310,0.0,0.0,0.0,0.0,20.18,2.62,0.0
20130906:0010,0.0,0.0,0.0,0.0,19.18,2.69,0.0
20130906:0110,0.0,0.0,0.0,0.0,18.28,2.62,0.0
20130906:0210,0.0,0.0,0.0,0.0,17.53,2.62,0.0
20130906:0310,0.0,0.0,0.0,0.0,16.98,2.55,0.0
20130906:0410,0.0,0.0,0.0,0.0,16.59,2.28,0.0
20130906:0510,0.0,0.0,0.0,0.0,16.12,2.0,0.0
20130906:0610,0.0,9.0,0.0,8.5,15.97,1.59,0.0
20130906:0710,164.0,92.0,0.0,18.35,17.49,1.38,0.0
20130906:0810,122.0,204.0,0.0,27.79,19.19,1.17,0.0
20130906:0910,34.0,267.0,0.0,36.28,21.06,1.1,0.0
20130906:1010,51.0,320.0,0.0,43.05,22.65,2.28,0.0
20130906:1110,268.0,315.0,0.0,47.13,23.85,3.45,0.0
20130906:1210,156.0,356.0,0.0,47.64,23.92,4.41,0.0
20130906:1310,0.0,202.0,0.0,44.47,23.21,4.41,0.0
20130906:1410,0.0,181.0,0.0,38.32,22.62,4.14,0.0
20130906:1510,5.0,183.0,0.0,30.22,22.84,3.72,0.0
20130906:1610,46.0,160.0,0.0,20.98,22.37,3.31,0.0
20130906:1710,11.0,75.0,0.0,11.19,21.8,2.83,0.0
20130906:1810,0.0,1.0,0.0,1.31,21.14,2.14,0.0
20130906:1910,0.0,0.0,0.0,0.0,18.39,1.93,0.0
20130906:2010,0.0,0.0,0.0,0.0,17.84,1.66,0.0
20130906:2110,0.0,0.0,0.0,0.0,17.16,1.72,0.0
20130906:2210,0.0,0.0,0.0,0.0,16.52,1.72,0.0
20130906:2310,0.0,0.0,0.0,0.0,15.92,1.72,0.0
20130907:0010,0.0,0.0,0.0,0.0,15.66,1.79,0.0
20130907:0110,0.0,0.0,0.0,0.0,15.74,2.07,0.0
20130907:0210,0.0,0.0,0.0,0.0,15.61,2.41,0.0
20130907:0310,0.0,0.0,0.0,0.0,15.2,2.48,0.0
20130907:0410,0.0,0.0,0.0,0.0,14.42,2.28,0.0
20130907:0510,0.0,0.0,0.0,0.0,13.76,2.14,0.0
20130907:0610,40.0,52.0,0.0,8.28,13.34,1.93,0.0
20130907:0710,98.0,125.0,0.0,18.13,13.31,2.14,0.0
20130907:0810,267.0,140.0,0.0,27.55,14.69,2.69,0.0
20130907:0910,467.01,115.0,0.0,36.0,16.31,2.69,0.0
20130907:1010,553.01,130.0,0.0,42.74,18.02,2.76,0.0
20130907:1110,591.01,144.0,0.0,46.77,19.34,2.9,0.0
20130907:1210,403.01,260.0,0.0,47.26,20.38,2.83,0.0
20130907:1310,111.0,344.0,0.0,44.08,21.2,2.69,0.0
20130907:1410,123.0,297.0,0.0,37.96,21.57,2.28,0.0
20130907:1510,165.0,215.0,0.0,29.86,21.62,1.59,0.0
20130907:1610,51.0,161.0,0.0,20.63,21.48,1.17,0.0
20130907:1710,3.0,65.0,0.0,10.85,20.21,1.59,0.0
20130907:1810,0.0,0.0,0.0,0.0,18.86,1.66,0.0
20130907:1910,0.0,0.0,0.0,0.0,18.31,1.38,0.0
20130907:2010,0.0,0.0,0.0,0.0,17.07,2.07,0.0
20130907:2110,0.0,0.0,0.0,0.0,16.4,2.21,0.0
20130907:2210,0.0,0.0,0.0,0.0,16.06,2.07,0.0
20130907:2310,0.0,0.0,0.0,0.0,15.79,1.79,0.0
20130908:0010,0.0,0.0,0.0,0.0,15.47,1.52,0.0
20130908:0110,0.0,0.0,0.0,0.0,14.87,1.59,0.0
20130908:0210,0.0,0.0,0.0,0.0,14.17,1.59,0.0
20130908:0310,0.0,0.0,0.0,0.0,13.17,1.45,0.0
20130908:0410,0.0,0.0,0.0,0.0,12.08,1.38,0.0
20130908:0510,0.0,0.0,0.0,0.0,11.06,1.52,0.0
20130908:0610,43.0,49.0,0.0,8.06,10.8,1.38,0.0
20130908:0710,180.0,84.0,0.0,17.9,13.0,0.69,0.0
20130908:0810,162.0,192.0,0.0,27.3,15.42,0.34,0.0
20130908:0910,417.01,143.0,0.0,35.73,17.48,0.97,0.0
20130908:1010,35.0,313.0,0.0,42.42,18.91,1.38,0.0
20130908:1110,5.0,277.0,0.0,46.42,20.09,1.72,0.0
20130908:1210,198.0,349.0,0.0,46.88,20.86,2.14,0.0
20130908:1310,149.0,339.0,0.0,43.7,21.4,2.83,0.0
20130908:1410,297.0,231.0,0.0,37.58,21.18,3.24,0.0
20130908:1510,227.0,186.0,0.0,29.51,20.57,3.24,0.0
20130908:1610,177.0,114.0,0.0,20.29,20.08,3.38,0.0
20130908:1710,0.0,43.0,0.0,10.51,19.2,2.97,0.0
20130908:1810,0.0,0.0,0.0,0.0,18.6,2.21,0.0
20130908:1910,0.0,0.0,0.0,0.0,17.56,2.62,0.0
20130908:2010,0.0,0.0,0.0,0.0,16.78,2.83,0.0
20130908:2110,0.0,0.0,0.0,0.0,15.67,2.76,0.0
20130908:2210,0.0,0.0,0.0,0.0,14.4,2.14,0.0
20130908:2310,0.0,0.0,0.0,0.0,13.37,1.79,0.0
20130909:0010,0.0,0.0,0.0,0.0,12.42,1.93,0.0
20130909:0110,0.0,0.0,0.0,0.0,11.78,2.07,0.0
20130909:0210,0.0,0.0,0.0,0.0,11.3,2.28,0.0
20130909:0310,0.0,0.0,0.0,0.0,11.04,2.48,0.0
20130909:0410,0.0,0.0,0.0,0.0,10.85,2.62,0.0
20130909:0510,0.0,0.0,0.0,0.0,10.75,2.55,0.0
20130909:0610,1.0,40.0,0.0,7.84,11.31,2.55,0.0
20130909:0710,4.0,107.0,0.0,17.67,13.0,2.9,0.0
20130909:0810,22.0,197.0,0.0,27.06,13.95,3.79,0.0
20130909:0910,86.0,278.0,0.0,35.45,15.74,4.62,0.0
20130909:1010,0.0,176.0,0.0,42.1,16.16,5.03,0.0
20130909:1110,0.0,69.0,0.0,46.06,16.54,5.59,0.0
20130909:1210,0.0,94.0,0.0,46.5,16.96,5.1,0.0
20130909:1310,0.0,103.0,0.0,43.32,18.24,6.48,0.0
20130909:1410,2.0,203.0,0.0,37.21,18.51,6.83,0.0
20130909:1510,8.0,191.0,0.0,29.15,18.03,5.79,0.0
20130909:1610,2.0,114.0,0.0,19.94,17.8,5.52,0.0
20130909:1710,4.0,62.0,0.0,10.17,17.91,4.76,0.0
20130909:1810,0.0,0.0,0.0,0.0,17.53,4.48,0.0
20130909:1910,0.0,0.0,0.0,0.0,16.4,4.21,0.0
20130909:2010,0.0,0.0,0.0,0.0,15.96,4.69,0.0
20130909:2110,0.0,0.0,0.0,0.0,15.22,4.55,0.0
20130909:2210,0.0,0.0,0.0,0.0,14.6,3.86,0.0
20130909:2310,0.0,0.0,0.0,0.0,14.16,3.59,0.0
20130910:0010,0.0,0.0,0.0,0.0,13.57,3.52,0.0
20130910:0110,0.0,0.0,0.0,0.0,13.46,3.59,0.0
20130910:0210,0.0,0.0,0.0,0.0,13.16,3.59,0.0
20130910:0310,0.0,0.0,0.0,0.0,12.56,3.03,0.0
20130910:0410,0.0,0.0,0.0,0.0,11.95,2.83,0.0
20130910:0510,0.0,0.0,0.0,0.0,11.47,2.76,0.0
20130910:0610,47.0,43.0,0.0,7.62,11.34,2.69,0.0
20130910:0710,182.0,79.0,0.0,17.44,12.24,2.62,0.0
20130910:0810,73.0,211.0,0.0,26.81,13.33,4.28,0.0
20130910:0910,400.01,147.0,0.0,35.18,14.77,4.76,0.0
20130910:1010,347.01,243.0,0.0,41.79,16.02,5.17,0.0
20130910:1110,580.01,143.0,0.0,45.7,16.7,5.17,0.0
20130910:1210,346.01,282.0,0.0,46.11,17.41,5.03,0.0
20130910:1310,55.0,330.0,0.0,42.93,18.32,5.38,0.0
20130910:1410,0.0,77.0,0.0,36.84,18.24,5.52,0.0
20130910:1510,162.0,208.0,0.0,28.79,17.36,5.52,0.0
20130910:1610,117.0,135.0,0.0,19.59,16.61,5.03,0.0
20130910:1710,48.0,66.0,0.0,9.83,16.1,4.62,0.0
20130910:1810,0.0,0.0,0.0,0.0,15.38,3.66,0.0
20130910:1910,0.0,0.0,0.0,0.0,14.48,2.97,0.0
20130910:2010,0.0,0.0,0.0,0.0,13.71,2.76,0.0
20130910:2110,0.0,0.0,0.0,0.0,13.05,2.83,0.0
20130910:2210,0.0,0.0,0.0,0.0,12.62,2.9,0.0
20130910:2310,0.0,0.0,0.0,0.0,12.25,3.1,0.0
20130911:0010,0.0,0.0,0.0,0.0,11.9,3.24,0.0
20130911:0110,0.0,0.0,0.0,0.0,11.9,3.38,0.0
20130911:0210,0.0,0.0,0.0,0.0,12.01,3.38,0.0
20130911:0310,0.0,0.0,0.0,0.0,12.13,3.59,0.0
20130911:0410,0.0,0.0,0.0,0.0,12.37,4.07,0.0
20130911:0510,0.0,0.0,0.0,0.0,12.66,4.28,0.0
20130911:0610,28.0,48.0,0.0,7.39,12.81,4.34,0.0
20130911:0710,120.0,106.0,0.0,17.21,13.21,3.86,0.0
20130911:0810,15.0,188.0,0.0,26.56,13.98,5.17,0.0
20130911:0910,9.0,229.0,0.0,34.9,14.96,5.1,0.0
20130911:1010,0.0,133.0,0.0,41.47,15.71,5.17,0.0
20130911:1110,0.0,159.0,0.0,45.34,15.79,5.03,0.0
20130911:1210,0.0,187.0,0.0,45.73,15.9,5.03,0.0
20130911:1310,21.0,298.0,0.0,42.54,15.94,5.03,0.0
20130911:1410,0.0,92.0,0.0,36.46,16.3,4.97,0.0
20130911:1510,0.0,113.0,0.0,28.43,16.29,4.69,0.0
20130911:1610,1.0,97.0,0.0,19.24,15.99,4.34,0.0
20130911:1710,14.0,66.0,0.0,9.48,15.61,4.07,0.0
20130911:1810,0.0,0.0,0.0,0.0,15.05,3.66,0.0
20130911:1910,0.0,0.0,0.0,0.0,14.26,2.9,0.0
20130911:2010,0.0,0.0,0.0,0.0,13.93,2.83,0.0
20130911:2110,0.0,0.0,0.0,0.0,13.63,2.69,0.0
20130911:2210,0.0,0.0,0.0,0.0,13.35,2.62,0.0
20130911:2310,0.0,0.0,0.0,0.0,12.87,2.28,0.0
20130912:0010,0.0,0.0,0.0,0.0,12.71,2.28,0.0
20130912:0110,0.0,0.0,0.0,0.0,12.63,2.0,0.0
20130912:0210,0.0,0.0,0.0,0.0,12.64,1.86,0.0
20130912:0310,0.0,0.0,0.0,0.0,12.64,1.72,0.0
20130912:0410,0.0,0.0,0.0,0.0,12.53,1.79,0.0
20130912:0510,0.0,0.0,0.0,0.0,12.34,1.79,0.0
20130912:0610,1.0,35.0,0.0,7.17,12.12,1.72,0.0
20130912:0710,0.0,47.0,0.0,16.98,13.06,1.86,0.0
20130912:0810,16.0,187.0,0.0,26.31,13.95,2.41,0.0
20130912:0910,0.0,148.0,0.0,34.62,14.53,2.28,0.0
20130912:1010,0.0,159.0,0.0,41.14,15.16,2.48,0.0
20130912:1110,0.0,134.0,0.0,44.97,15.78,2.9,0.0
20130912:1210,0.0,225.0,0.0,45.34,16.05,2.97,0.0
20130912:1310,20.0,292.0,0.0,42.15,16.21,2.83,0.0
20130912:1410,0.0,165.0,0.0,36.08,16.68,2.76,0.0
20130912:1510,0.0,90.0,0.0,28.07,16.63,2.62,0.0
20130912:1610,25.0,142.0,0.0,18.89,16.48,2.41,0.0
20130912:1710,6.0,58.0,0.0,9.14,16.15,1.86,0.0
20130912:1810,0.0,0.0,0.0,0.0,15.71,1.38,0.0
20130912:1910,0.0,0.0,0.0,0.0,15.43,1.52,0.0
20130912:2010,0.0,0.0,0.0,0.0,15.23,1.38,0.0
20130912:2110,0.0,0.0,0.0,0.0,14.82,1.31,0.0
20130912:2210,0.0,0.0,0.0,0.0,14.72,1.17,0.0
20130912:2310,0.0,0.0,0.0,0.0,14.61,1.17,0.0
20130913:0010,0.0,0.0,0.0,0.0,14.4,1.24,0.0
20130913:0110,0.0,0.0,0.0,0.0,14.24,1.38,0.0
20130913:0210,0.0,0.0,0.0,0.0,13.76,1.52,0.0
20130913:0310,0.0,0.0,0.0,0.0,13.39,1.52,0.0
20130913:0410,0.0,0.0,0.0,0.0,13.05,1.52,0.0
20130913:0510,0.0,0.0,0.0,0.0,12.69,1.52,0.0
20130913:0610,0.0,12.0,0.0,6.95,12.84,1.45,0.0
20130913:0710,0.0,49.0,0.0,16.75,12.4,1.86,0.0
20130913:0810,8.0,169.0,0.0,26.06,13.61,2.34,0.0
20130913:0910,0.0,136.0,0.0,34.33,13.9,2.55,0.0
20130913:1010,0.0,119.0,0.0,40.82,14.15,3.45,0.0
20130913:1110,0.0,143.0,0.0,44.61,14.71,3.86,0.0
20130913:1210,0.0,141.0,0.0,44.95,15.35,4.14,0.0
20130913:1310,0.0,110.0,0.0,41.76,16.2,3.93,0.0
20130913:1410,0.0,152.0,0.0,35.7,16.89,3.59,0.0
20130913:1510,36.0,211.0,0.0,27.7,17.56,2.83,0.0
20130913:1610,2.0,103.0,0.0,18.54,17.99,2.41,0.0
20130913:1710,5.0,53.0,0.0,8.79,18.0,2.48,0.0
20130913:1810,0.0,0.0,0.0,0.0,17.85,2.83,0.0
20130913:1910,0.0,0.0,0.0,0.0,17.59,3.24,0.0
20130913:2010,0.0,0.0,0.0,0.0,17.48,3.1,0.0
20130913:2110,0.0,0.0,0.0,0.0,17.3,2.83,0.0
20130913:2210,0.0,0.0,0.0,0.0,17.09,2.69,0.0
20130913:2310,0.0,0.0,0.0,0.0,16.8,2.83,0.0
20130914:0010,0.0,0.0,0.0,0.0,16.56,3.1,0.0
20130914:0110,0.0,0.0,0.0,0.0,16.19,3.59,0.0
20130914:0210,0.0,0.0,0.0,0.0,15.85,4.07,0.0
20130914:0310,0.0,0.0,0.0,0.0,15.34,4.48,0.0
20130914:0410,0.0,0.0,0.0,0.0,14.7,4.41,0.0
20130914:0510,0.0,0.0,0.0,0.0,14.21,4.21,0.0
20130914:0610,0.0,24.0,0.0,6.72,13.85,4.21,0.0
20130914:0710,0.0,65.0,0.0,16.52,14.19,4.21,0.0
20130914:0810,0.0,57.0,0.0,25.81,14.35,3.86,0.0
20130914:0910,0.0,158.0,0.0,34.05,14.71,3.31,0.0
20130914:1010,0.0,99.0,0.0,40.49,15.13,3.24,0.0
20130914:1110,0.0,138.0,0.0,44.24,15.19,3.17,0.0
20130914:1210,0.0,129.0,0.0,44.56,15.12,2.14,0.0
20130914:1310,0.0,140.0,0.0,41.37,14.81,2.41,0.0
20130914:1410,0.0,114.0,0.0,35.32,14.38,2.55,0.0
20130914:1510,0.0,75.0,0.0,27.33,13.98,2.48,0.0
20130914:1610,0.0,45.0,0.0,18.18,13.75,2.28,0.0
20130914:1710,0.0,26.0,0.0,8.44,13.59,2.41,0.0
20130914:1810,0.0,0.0,0.0,0.0,13.46,2.62,0.0
20130914:1910,0.0,0.0,0.0,0.0,13.52,3.38,0.0
20130914:2010,0.0,0.0,0.0,0.0,13.42,3.79,0.0
20130914:2110,0.0,0.0,0.0,0.0,13.26,4.14,0.0
20130914:2210,0.0,0.0,0.0,0.0,13.07,4.28,0.0
20130914:2310,0.0,0.0,0.0,0.0,12.86,4.55,0.0
20130915:0010,0.0,0.0,0.0,0.0,12.71,4.76,0.0
20130915:0110,0.0,0.0,0.0,0.0,12.63,4.83,0.0
20130915:0210,0.0,0.0,0.0,0.0,12.51,4.69,0.0
20130915:0310,0.0,0.0,0.0,0.0,12.13,4.55,0.0
20130915:0410,0.0,0.0,0.0,0.0,11.78,4.48,0.0
20130915:0510,0.0,0.0,0.0,0.0,11.43,4.21,0.0
20130915:0610,39.0,36.0,0.0,6.49,11.05,3.86,0.0
20130915:0710,165.0,75.0,0.0,16.28,11.76,3.45,0.0
20130915:0810,312.01,95.0,0.0,25.56,12.99,4.69,0.0
20130915:0910,447.01,104.0,0.0,33.76,14.35,4.0,0.0
20130915:1010,412.01,188.0,0.0,40.17,15.49,3.24,0.0
20130915:1110,85.0,341.0,0.0,43.88,16.67,3.52,0.0
20130915:1210,70.0,341.0,0.0,44.17,17.67,3.72,0.0
20130915:1310,6.0,250.0,0.0,40.97,18.02,3.93,0.0
20130915:1410,0.0,159.0,0.0,34.94,18.15,4.62,0.0
20130915:1510,225.0,158.0,0.0,26.97,18.11,4.9,0.0
20130915:1610,17.0,129.0,0.0,17.83,17.95,4.83,0.0
20130915:1710,12.0,55.0,0.0,8.09,17.51,4.21,0.0
20130915:1810,0.0,0.0,0.0,0.0,16.8,4.28,0.0
20130915:1910,0.0,0.0,0.0,0.0,15.68,5.03,0.0
20130915:2010,0.0,0.0,0.0,0.0,15.26,5.59,0.0
20130915:2110,0.0,0.0,0.0,0.0,14.66,5.93,0.0
20130915:2210,0.0,0.0,0.0,0.0,13.78,5.72,0.0
20130915:2310,0.0,0.0,0.0,0.0,13.22,5.66,0.0
20130916:0010,0.0,0.0,0.0,0.0,13.49,5.93,0.0
20130916:0110,0.0,0.0,0.0,0.0,13.84,6.07,0.0
20130916:0210,0.0,0.0,0.0,0.0,13.69,5.79,0.0
20130916:0310,0.0,0.0,0.0,0.0,13.61,5.31,0.0
20130916:0410,0.0,0.0,0.0,0.0,13.83,4.48,0.0
20130916:0510,0.0,0.0,0.0,0.0,13.84,4.0,0.0
20130916:0610,4.0,37.0,0.0,6.27,13.28,3.86,0.0
20130916:0710,21.0,118.0,0.0,16.05,13.31,3.24,0.0
20130916:0810,172.0,167.0,0.0,25.3,13.75,3.86,0.0
20130916:0910,76.0,266.0,0.0,33.48,14.43,4.62,0.0
20130916:1010,0.0,165.0,0.0,39.84,15.27,5.24,0.0
20130916:1110,465.01,193.0,0.0,43.51,15.71,5.72,0.0
20130916:1210,57.0,335.0,0.0,43.77,15.4,5.66,0.0
20130916:1310,0.0,148.0,0.0,40.58,15.09,5.52,0.0
20130916:1410,85.0,276.0,0.0,34.56,15.36,5.31,0.0
20130916:1510,26.0,200.0,0.0,26.6,15.6,5.38,0.0
20130916:1610,0.0,81.0,0.0,17.47,13.94,5.66,0.0
20130916:1710,3.0,46.0,0.0,7.74,12.46,4.34,0.0
20130916:1810,0.0,0.0,0.0,0.0,11.96,4.0,0.0
20130916:1910,0.0,0.0,0.0,0.0,11.36,4.48,0.0
20130916:2010,0.0,0.0,0.0,0.0,10.86,4.34,0.0
20130916:2110,0.0,0.0,0.0,0.0,10.6,4.14,0.0
20130916:2210,0.0,0.0,0.0,0.0,10.37,3.93,0.0
20130916:2310,0.0,0.0,0.0,0.0,10.0,3.86,0.0
20130917:0010,0.0,0.0,0.0,0.0,10.02,3.93,0.0
20130917:0110,0.0,0.0,0.0,0.0,9.99,3.93,0.0
20130917:0210,0.0,0.0,0.0,0.0,9.84,3.86,0.0
20130917:0310,0.0,0.0,0.0,0.0,9.92,3.93,0.0
20130917:0410,0.0,0.0,0.0,0.0,10.03,4.0,0.0
20130917:0510,0.0,0.0,0.0,0.0,10.11,4.07,0.0
20130917:0610,13.0,39.0,0.0,6.04,10.04,4.14,0.0
20130917:0710,40.0,118.0,0.0,15.81,10.4,3.59,0.0
20130917:0810,4.0,152.0,0.0,25.04,11.67,4.83,0.0
20130917:0910,0.0,105.0,0.0,33.19,12.8,5.86,0.0
20130917:1010,9.0,255.0,0.0,39.51,13.59,6.0,0.0
20130917:1110,20.0,300.0,0.0,43.14,13.55,5.72,0.0
20130917:1210,0.0,145.0,0.0,43.38,13.9,7.1,0.0
20130917:1310,24.0,288.0,0.0,40.18,13.78,5.86,0.0
20130917:1410,9.0,225.0,0.0,34.17,13.94,6.76,0.0
20130917:1510,0.0,72.0,0.0,26.23,13.91,6.62,0.0
20130917:1610,0.0,80.0,0.0,17.11,13.79,6.83,0.0
20130917:1710,2.0,41.0,0.0,7.39,13.89,6.83,0.0
20130917:1810,0.0,0.0,0.0,0.0,14.49,6.9,0.0
20130917:1910,0.0,0.0,0.0,0.0,15.47,7.93,0.0
20130917:2010,0.0,0.0,0.0,0.0,15.88,7.86,0.0
20130917:2110,0.0,0.0,0.0,0.0,16.26,7.93,0.0
20130917:2210,0.0,0.0,0.0,0.0,16.26,7.86,0.0
20130917:2310,0.0,0.0,0.0,0.0,16.02,7.93,0.0
20130918:0010,0.0,0.0,0.0,0.0,16.03,7.31,0.0
20130918:0110,0.0,0.0,0.0,0.0,15.91,7.17,0.0
20130918:0210,0.0,0.0,0.0,0.0,15.36,6.41,0.0
20130918:0310,0.0,0.0,0.0,0.0,15.04,6.9,0.0
20130918:0410,0.0,0.0,0.0,0.0,14.86,6.48,0.0
20130918:0510,0.0,0.0,0.0,0.0,14.52,6.07,0.0
20130918:0610,3.0,33.0,0.0,5.81,14.45,5.72,0.0
20130918:0710,52.0,114.0,0.0,15.57,14.77,5.66,0.0
20130918:0810,283.0,101.0,0.0,24.78,15.24,5.66,0.0
20130918:0910,216.0,221.0,0.0,32.89,15.97,6.41,0.0
20130918:1010,130.0,304.0,0.0,39.18,16.5,6.41,0.0
20130918:1110,441.01,197.0,0.0,42.77,17.04,6.55,0.0
20130918:1210,144.0,332.0,0.0,42.99,17.03,6.34,0.0
20130918:1310,82.0,313.0,0.0,39.78,17.31,6.48,0.0
20130918:1410,0.0,160.0,0.0,33.79,17.42,6.28,0.0
20130918:1510,96.0,200.0,0.0,25.86,16.57,5.38,0.0
20130918:1610,9.0,113.0,0.0,16.75,15.83,4.48,0.0
20130918:1710,1.0,32.0,0.0,7.03,15.28,4.21,0.0
20130918:1810,0.0,0.0,0.0,0.0,14.62,3.59,0.0
20130918:1910,0.0,0.0,0.0,0.0,14.06,3.52,0.0
20130918:2010,0.0,0.0,0.0,0.0,13.32,3.24,0.0
20130918:2110,0.0,0.0,0.0,0.0,13.03,3.1,0.0
20130918:2210,0.0,0.0,0.0,0.0,12.76,3.03,0.0
20130918:2310,0.0,0.0,0.0,0.0,12.56,3.03,0.0
20130919:0010,0.0,0.0,0.0,0.0,12.6,3.03,0.0
20130919:0110,0.0,0.0,0.0,0.0,12.48,2.9,0.0
20130919:0210,0.0,0.0,0.0,0.0,12.29,2.83,0.0
20130919:0310,0.0,0.0,0.0,0.0,12.16,2.69,0.0
20130919:0410,0.0,0.0,0.0,0.0,11.73,2.62,0.0
20130919:0510,0.0,0.0,0.0,0.0,11.07,2.62,0.0
20130919:0610,3.0,31.27,0.0,5.58,10.86,2.55,0.0
20130919:0710,9.0,103.0,0.0,15.34,11.77,2.21,0.0
20130919:0810,8.0,163.0,0.0,24.52,12.83,2.55,0.0
20130919:0910,23.0,238.0,0.0,32.6,14.23,2.76,0.0
20130919:1010,169.0,295.0,0.0,38.84,15.42,3.45,0.0
20130919:1110,62.0,329.0,0.0,42.4,15.97,3.86,0.0
20130919:1210,26.0,306.0,0.0,42.59,16.08,4.41,0.0
20130919:1310,24.0,284.0,0.0,39.39,16.3,4.62,0.0
20130919:1410,214.0,231.0,0.0,33.4,16.56,4.83,0.0
20130919:1510,135.0,186.0,0.0,25.49,16.78,5.03,0.0
20130919:1610,14.0,117.0,0.0,16.39,16.84,5.17,0.0
20130919:1710,14.0,45.0,0.0,6.68,16.47,4.48,0.0
20130919:1810,0.0,0.0,0.0,0.0,16.0,4.41,0.0
20130919:1910,0.0,0.0,0.0,0.0,15.07,4.48,0.0
20130919:2010,0.0,0.0,0.0,0.0,15.23,4.62,0.0
20130919:2110,0.0,0.0,0.0,0.0,15.47,4.76,0.0
20130919:2210,0.0,0.0,0.0,0.0,15.52,4.76,0.0
20130919:2310,0.0,0.0,0.0,0.0,15.62,4.55,0.0
20130920:0010,0.0,0.0,0.0,0.0,15.73,4.14,0.0
20130920:0110,0.0,0.0,0.0,0.0,15.76,3.72,0.0
20130920:0210,0.0,0.0,0.0,0.0,15.52,3.45,0.0
20130920:0310,0.0,0.0,0.0,0.0,14.95,3.24,0.0
20130920:0410,0.0,0.0,0.0,0.0,14.28,3.31,0.0
20130920:0510,0.0,0.0,0.0,0.0,13.61,2.97,0.0
20130920:0610,2.0,28.54,0.0,5.35,13.31,2.55,0.0
20130920:0710,15.0,108.0,0.0,15.1,13.77,2.76,0.0
20130920:0810,46.0,191.0,0.0,24.26,14.47,3.03,0.0
20130920:0910,42.0,252.0,0.0,32.31,15.28,2.62,0.0
20130920:1010,228.0,274.0,0.0,38.51,16.18,2.62,0.0
20130920:1110,311.01,268.0,0.0,42.02,16.91,2.97,0.0
20130920:1210,373.01,238.0,0.0,42.2,17.95,3.03,0.0
20130920:1310,133.0,309.0,0.0,38.99,18.79,2.76,0.0
20130920:1410,177.0,245.0,0.0,33.02,19.34,2.55,0.0
20130920:1510,191.0,161.0,0.0,25.12,19.55,2.48,0.0
20130920:1610,151.0,83.0,0.0,16.03,19.37,2.34,0.0
20130920:1710,35.0,38.0,0.0,6.33,18.63,1.45,0.0
20130920:1810,0.0,0.0,0.0,0.0,17.2,1.24,0.0
20130920:1910,0.0,0.0,0.0,0.0,15.31,2.0,0.0
20130920:2010,0.0,0.0,0.0,0.0,14.07,1.93,0.0
20130920:2110,0.0,0.0,0.0,0.0,13.12,1.72,0.0
20130920:2210,0.0,0.0,0.0,0.0,12.12,1.79,0.0
20130920:2310,0.0,0.0,0.0,0.0,11.18,1.72,0.0
20130921:0010,0.0,0.0,0.0,0.0,10.5,1.66,0.0
20130921:0110,0.0,0.0,0.0,0.0,9.88,1.72,0.0
20130921:0210,0.0,0.0,0.0,0.0,9.39,1.52,0.0
20130921:0310,0.0,0.0,0.0,0.0,9.25,1.38,0.0
20130921:0410,0.0,0.0,0.0,0.0,9.07,1.31,0.0
20130921:0510,0.0,0.0,0.0,0.0,9.15,1.17,0.0
20130921:0610,7.0,29.21,0.0,5.12,9.46,0.97,0.0
20130921:0710,0.0,0.0,0.0,0.0,10.01,0.28,0.0
20130921:0810,140.0,166.0,0.0,24.0,12.41,0.28,0.0
20130921:0910,295.01,172.0,0.0,32.01,14.86,0.34,0.0
20130921:1010,336.01,212.0,0.0,38.17,16.87,0.83,0.0
20130921:1110,420.01,199.0,0.0,41.65,18.31,1.1,0.0
20130921:1210,398.01,213.0,0.0,41.8,19.43,1.38,0.0
20130921:1310,364.01,201.0,0.0,38.59,20.29,1.52,0.0
20130921:1410,354.01,146.0,0.0,32.63,20.68,1.59,0.0
20130921:1510,137.0,177.0,0.0,24.75,20.73,1.52,0.0
20130921:1610,92.0,105.0,0.0,15.67,20.56,1.59,0.0
20130921:1710,15.0,40.0,0.0,5.97,19.94,1.45,0.0
20130921:1810,0.0,0.0,0.0,0.0,18.46,2.0,0.0
20130921:1910,0.0,0.0,0.0,0.0,17.6,1.59,0.0
20130921:2010,0.0,0.0,0.0,0.0,16.67,1.1,0.0
20130921:2110,0.0,0.0,0.0,0.0,16.65,0.76,0.0
20130921:2210,0.0,0.0,0.0,0.0,16.3,0.83,0.0
20130921:2310,0.0,0.0,0.0,0.0,16.01,0.83,0.0
20130922:0010,0.0,0.0,0.0,0.0,15.85,0.97,0.0
20130922:0110,0.0,0.0,0.0,0.0,15.75,0.97,0.0
20130922:0210,0.0,0.0,0.0,0.0,15.99,0.55,0.0
20130922:0310,0.0,0.0,0.0,0.0,16.02,0.62,0.0
20130922:0410,0.0,0.0,0.0,0.0,16.15,0.97,0.0
20130922:0510,0.0,0.0,0.0,0.0,16.12,1.1,0.0
20130922:0610,8.0,26.99,0.0,4.89,16.01,1.1,0.0
20130922:0710,114.0,81.0,0.0,14.61,15.89,0.76,0.0
20130922:0810,160.0,155.0,0.0,23.74,16.71,0.9,0.0
20130922:0910,31.0,238.0,0.0,31.71,17.7,1.1,0.0
20130922:1010,0.0,165.0,0.0,37.84,18.78,1.38,0.0
20130922:1110,0.0,117.0,0.0,41.27,19.9,1.45,0.0
20130922:1210,0.0,128.0,0.0,41.4,20.72,1.17,0.0
20130922:1310,0.0,128.0,0.0,38.19,20.98,1.1,0.0
20130922:1410,0.0,98.0,0.0,32.24,21.12,1.17,0.0
20130922:1510,5.0,150.0,0.0,24.37,21.04,1.38,0.0
20130922:1610,4.0,94.0,0.0,15.31,20.97,1.59,0.0
20130922:1710,3.0,32.26,0.0,5.62,20.31,1.59,0.0
20130922:1810,0.0,0.0,0.0,0.0,19.49,1.86,0.0
20130922:1910,0.0,0.0,0.0,0.0,18.41,1.86,0.0
20130922:2010,0.0,0.0,0.0,0.0,18.18,1.93,0.0
20130922:2110,0.0,0.0,0.0,0.0,17.8,1.93,0.0
20130922:2210,0.0,0.0,0.0,0.0,17.57,2.0,0.0
20130922:2310,0.0,0.0,0.0,0.0,17.38,1.93,0.0
20130923:0010,0.0,0.0,0.0,0.0,16.89,1.93,0.0
20130923:0110,0.0,0.0,0.0,0.0,16.56,2.0,0.0
20130923:0210,0.0,0.0,0.0,0.0,16.34,2.0,0.0
20130923:0310,0.0,0.0,0.0,0.0,16.12,1.93,0.0
20130923:0410,0.0,0.0,0.0,0.0,16.08,1.93,0.0
20130923:0510,0.0,0.0,0.0,0.0,15.71,1.86,0.0
20130923:0610,4.0,26.02,0.0,4.65,15.47,1.86,0.0
20130923:0710,48.0,107.0,0.0,14.37,16.04,1.86,0.0
20130923:0810,250.0,111.0,0.0,23.47,16.84,2.69,0.0
20130923:0910,180.0,229.0,0.0,31.42,17.44,3.03,0.0
20130923:1010,212.0,273.0,0.0,37.5,18.36,2.9,0.0
20130923:1110,469.01,173.0,0.0,40.9,19.22,2.69,0.0
20130923:1210,519.01,143.0,0.0,41.01,20.11,2.62,0.0
20130923:1310,465.01,143.0,0.0,37.79,20.91,2.76,0.0
20130923:1410,407.01,115.0,0.0,31.86,21.41,2.9,0.0
20130923:1510,276.01,104.0,0.0,24.0,21.53,2.97,0.0
20130923:1610,148.0,74.0,0.0,14.95,21.2,3.1,0.0
20130923:1710,25.0,26.38,0.0,5.27,20.2,2.55,0.0
20130923:1810,0.0,0.0,0.0,0.0,18.36,2.62,0.0
20130923:1910,0.0,0.0,0.0,0.0,17.5,2.69,0.0
20130923:2010,0.0,0.0,0.0,0.0,16.5,2.69,0.0
20130923:2110,0.0,0.0,0.0,0.0,15.68,2.76,0.0
20130923:2210,0.0,0.0,0.0,0.0,14.95,2.69,0.0
20130923:2310,0.0,0.0,0.0,0.0,14.33,2.62,0.0
20130924:0010,0.0,0.0,0.0,0.0,13.79,2.62,0.0
20130924:0110,0.0,0.0,0.0,0.0,13.38,2.55,0.0
20130924:0210,0.0,0.0,0.0,0.0,12.96,2.34,0.0
20130924:0310,0.0,0.0,0.0,0.0,12.51,2.28,0.0
20130924:0410,0.0,0.0,0.0,0.0,12.06,2.14,0.0
20130924:0510,0.0,0.0,0.0,0.0,11.6,2.07,0.0
20130924:0610,15.0,23.13,0.0,4.42,11.17,2.0,0.0
20130924:0710,127.0,74.0,0.0,14.12,11.84,1.45,0.0
20130924:0810,247.01,110.0,0.0,23.2,14.13,1.59,0.0
20130924:0910,376.01,124.0,0.0,31.12,16.36,1.66,0.0
20130924:1010,465.01,136.0,0.0,37.16,18.45,1.79,0.0
20130924:1110,484.01,160.0,0.0,40.52,20.12,1.93,0.0
20130924:1210,505.01,149.0,0.0,40.61,21.24,1.79,0.0
20130924:1310,461.01,142.0,0.0,37.4,21.95,1.59,0.0
20130924:1410,402.01,115.0,0.0,31.47,22.37,1.45,0.0
20130924:1510,271.01,103.0,0.0,23.63,22.44,1.31,0.0
20130924:1610,141.0,74.0,0.0,14.59,22.23,0.97,0.0
20130924:1710,25.0,22.77,0.0,4.91,21.64,0.62,0.0
20130924:1810,0.0,0.0,0.0,0.0,19.76,1.31,0.0
20130924:1910,0.0,0.0,0.0,0.0,17.49,1.45,0.0
20130924:2010,0.0,0.0,0.0,0.0,16.0,1.52,0.0
20130924:2110,0.0,0.0,0.0,0.0,15.19,1.45,0.0
20130924:2210,0.0,0.0,0.0,0.0,14.77,1.31,0.0
20130924:2310,0.0,0.0,0.0,0.0,14.1,1.24,0.0
20130925:0010,0.0,0.0,0.0,0.0,13.99,1.1,0.0
20130925:0110,0.0,0.0,0.0,0.0,14.52,0.76,0.0
20130925:0210,0.0,0.0,0.0,0.0,14.09,0.28,0.0
20130925:0310,0.0,0.0,0.0,0.0,13.79,0.41,0.0
20130925:0410,0.0,0.0,0.0,0.0,12.97,1.03,0.0
20130925:0510,0.0,0.0,0.0,0.0,11.43,1.31,0.0
20130925:0610,3.0,21.34,0.0,4.19,10.82,1.45,0.0
20130925:0710,51.0,100.0,0.0,13.88,11.32,0.34,0.0
20130925:0810,246.01,103.0,0.0,22.93,13.97,0.55,0.0
20130925:0910,324.01,145.0,0.0,30.82,17.19,0.9,0.0
20130925:1010,436.01,142.0,0.0,36.82,20.03,1.59,0.0
20130925:1110,398.01,199.0,0.0,40.15,21.76,2.07,0.0
20130925:1210,432.01,180.0,0.0,40.21,22.8,2.14,0.0
20130925:1310,46.0,286.0,0.0,37.0,23.74,2.34,0.0
20130925:1410,27.0,232.0,0.0,31.08,24.07,2.48,0.0
20130925:1510,130.0,166.0,0.0,23.26,24.01,2.83,0.0
20130925:1610,15.0,101.0,0.0,14.24,22.94,2.21,0.0
20130925:1710,6.0,26.45,0.0,4.56,21.21,2.0,0.0
20130925:1810,0.0,0.0,0.0,0.0,20.09,1.52,0.0
20130925:1910,0.0,0.0,0.0,0.0,19.3,1.31,0.0
20130925:2010,0.0,0.0,0.0,0.0,18.53,0.97,0.0
20130925:2110,0.0,0.0,0.0,0.0,18.74,0.62,0.0
20130925:2210,0.0,0.0,0.0,0.0,18.33,0.48,0.0
20130925:2310,0.0,0.0,0.0,0.0,17.65,0.55,0.0
20130926:0010,0.0,0.0,0.0,0.0,16.99,0.55,0.0
20130926:0110,0.0,0.0,0.0,0.0,15.37,1.03,0.0
20130926:0210,0.0,0.0,0.0,0.0,13.81,1.45,0.0
20130926:0310,0.0,0.0,0.0,0.0,13.29,1.66,0.0
20130926:0410,0.0,0.0,0.0,0.0,13.27,1.59,0.0
20130926:0510,0.0,0.0,0.0,0.0,13.27,1.66,0.0
20130926:0610,3.0,20.33,0.0,3.95,13.26,1.86,0.0
20130926:0710,25.0,98.0,0.0,13.63,14.88,1.86,0.0
20130926:0810,73.0,172.0,0.0,22.67,17.43,2.14,0.0
20130926:0910,171.0,215.0,0.0,30.51,19.25,2.34,0.0
20130926:1010,193.0,261.0,0.0,36.48,20.69,2.62,0.0
20130926:1110,188.0,291.0,0.0,39.77,21.82,2.55,0.0
20130926:1210,416.01,179.0,0.0,39.81,22.37,2.55,0.0
20130926:1310,85.0,287.0,0.0,36.6,22.9,2.55,0.0
20130926:1410,238.0,187.0,0.0,30.7,23.15,2.55,0.0
20130926:1510,154.0,149.0,0.0,22.89,23.08,2.41,0.0
20130926:1610,104.0,80.0,0.0,13.88,22.66,2.41,0.0
20130926:1710,0.0,25.0,0.0,4.21,21.46,2.28,0.0
20130926:1810,0.0,0.0,0.0,0.0,19.73,2.69,0.0
20130926:1910,0.0,0.0,0.0,0.0,17.91,3.24,0.0
20130926:2010,0.0,0.0,0.0,0.0,17.27,2.97,0.0
20130926:2110,0.0,0.0,0.0,0.0,16.74,2.62,0.0
20130926:2210,0.0,0.0,0.0,0.0,16.04,2.41,0.0
20130926:2310,0.0,0.0,0.0,0.0,15.47,2.41,0.0
20130927:0010,0.0,0.0,0.0,0.0,14.9,2.48,0.0
20130927:0110,0.0,0.0,0.0,0.0,14.42,2.48,0.0
20130927:0210,0.0,0.0,0.0,0.0,14.08,2.55,0.0
20130927:0310,0.0,0.0,0.0,0.0,13.82,2.62,0.0
20130927:0410,0.0,0.0,0.0,0.0,13.61,2.48,0.0
20130927:0510,0.0,0.0,0.0,0.0,13.3,2.34,0.0
20130927:0610,5.0,18.87,0.0,3.71,13.12,2.28,0.0
20130927:0710,10.0,90.0,0.0,13.38,14.08,2.34,0.0
20130927:0810,13.0,155.0,0.0,22.39,15.3,2.76,0.0
20130927:0910,94.0,237.0,0.0,30.21,17.12,2.83,0.0
20130927:1010,397.01,156.0,0.0,36.13,18.97,2.97,0.0
20130927:1110,333.01,225.0,0.0,39.39,20.52,3.17,0.0
20130927:1210,458.01,154.0,0.0,39.42,21.69,3.31,0.0
20130927:1310,364.01,177.0,0.0,36.2,22.44,3.52,0.0
20130927:1410,310.01,147.0,0.0,30.31,22.83,3.79,0.0
20130927:1510,147.0,150.0,0.0,22.52,22.77,3.93,0.0
20130927:1610,73.0,91.0,0.0,13.52,22.29,3.86,0.0
20130927:1710,0.0,17.0,0.0,3.86,21.17,3.17,0.0
20130927:1810,0.0,0.0,0.0,0.0,19.49,2.97,0.0
20130927:1910,0.0,0.0,0.0,0.0,18.94,3.17,0.0
20130927:2010,0.0,0.0,0.0,0.0,18.27,3.24,0.0
20130927:2110,0.0,0.0,0.0,0.0,17.79,3.1,0.0
20130927:2210,0.0,0.0,0.0,0.0,17.4,2.69,0.0
20130927:2310,0.0,0.0,0.0,0.0,17.13,2.69,0.0
20130928:0010,0.0,0.0,0.0,0.0,16.74,3.17,0.0
20130928:0110,0.0,0.0,0.0,0.0,16.56,3.24,0.0
20130928:0210,0.0,0.0,0.0,0.0,16.43,2.62,0.0
20130928:0310,0.0,0.0,0.0,0.0,16.08,2.07,0.0
20130928:0410,0.0,0.0,0.0,0.0,15.83,2.83,0.0
20130928:0510,0.0,0.0,0.0,0.0,15.6,3.93,0.0
20130928:0610,0.0,13.0,0.0,3.48,15.49,4.28,0.0
20130928:0710,3.0,77.0,0.0,13.13,16.41,4.41,0.0
20130928:0810,0.0,93.0,0.0,22.12,17.31,4.14,0.0
20130928:0910,0.0,143.0,0.0,29.91,18.37,3.72,0.0
20130928:1010,378.01,161.0,0.0,35.79,19.82,2.9,0.0
20130928:1110,7.0,241.0,0.0,39.02,20.91,2.97,0.0
20130928:1210,311.01,230.0,0.0,39.02,21.84,3.17,0.0
20130928:1310,326.01,191.0,0.0,35.8,22.98,3.38,0.0
20130928:1410,0.0,136.0,0.0,29.92,23.71,3.52,0.0
20130928:1510,0.0,97.0,0.0,22.15,24.47,3.86,0.0
20130928:1610,44.0,95.0,0.0,13.16,23.66,2.41,0.0
20130928:1710,0.0,21.0,0.0,3.5,21.19,1.03,0.0
20130928:1810,0.0,0.0,0.0,0.0,19.21,0.97,0.0
20130928:1910,0.0,0.0,0.0,0.0,18.31,2.48,0.0
20130928:2010,0.0,0.0,0.0,0.0,17.92,2.21,0.0
20130928:2110,0.0,0.0,0.0,0.0,17.49,1.86,0.0
20130928:2210,0.0,0.0,0.0,0.0,16.99,1.24,0.0
20130928:2310,0.0,0.0,0.0,0.0,16.18,0.76,0.0
20130929:0010,0.0,0.0,0.0,0.0,15.39,0.83,0.0
20130929:0110,0.0,0.0,0.0,0.0,14.68,0.97,0.0
20130929:0210,0.0,0.0,0.0,0.0,14.37,0.9,0.0
20130929:0310,0.0,0.0,0.0,0.0,15.03,0.34,0.0
20130929:0410,0.0,0.0,0.0,0.0,14.76,0.55,0.0
20130929:0510,0.0,0.0,0.0,0.0,15.16,0.21,0.0
20130929:0610,3.0,15.38,0.0,3.24,15.33,0.55,0.0
20130929:0710,0.0,35.0,0.0,12.88,15.73,0.83,0.0
20130929:0810,0.0,41.0,0.0,21.85,16.18,0.83,0.0
20130929:0910,0.0,78.0,0.0,29.6,16.65,0.97,0.0
20130929:1010,0.0,65.0,0.0,35.45,17.3,1.31,0.0
20130929:1110,4.0,226.0,0.0,38.64,18.28,2.14,0.0
20130929:1210,0.0,195.0,0.0,38.62,19.2,2.97,0.0
20130929:1310,87.0,279.0,0.0,35.41,19.89,2.62,0.0
20130929:1410,157.0,213.0,0.0,29.54,20.27,1.93,0.0
20130929:1510,4.0,131.0,0.0,21.78,20.34,1.17,0.0
20130929:1610,0.0,19.0,0.0,12.8,20.12,0.97,0.0
20130929:1710,0.0,12.0,0.0,3.16,18.63,1.24,0.0
20130929:1810,0.0,0.0,0.0,0.0,17.75,1.52,0.0
20130929:1910,0.0,0.0,0.0,0.0,16.93,1.31,0.0
20130929:2010,0.0,0.0,0.0,0.0,16.78,1.45,0.0
20130929:2110,0.0,0.0,0.0,0.0,16.58,1.45,0.0
20130929:2210,0.0,0.0,0.0,0.0,16.4,1.72,0.0
20130929:2310,0.0,0.0,0.0,0.0,16.1,2.07,0.0
20130930:0010,0.0,0.0,0.0,0.0,15.77,2.0,0.0
20130930:0110,0.0,0.0,0.0,0.0,15.4,1.72,0.0
20130930:0210,0.0,0.0,0.0,0.0,15.0,1.59,0.0
20130930:0310,0.0,0.0,0.0,0.0,14.65,1.79,0.0
20130930:0410,0.0,0.0,0.0,0.0,14.26,2.0,0.0
20130930:0510,0.0,0.0,0.0,0.0,13.87,2.0,0.0
20130930:0610,3.0,14.37,0.0,3.0,13.4,2.07,0.0
20130930:0710,6.0,80.0,0.0,12.63,14.96,1.79,0.0
20130930:0810,0.0,101.0,0.0,21.58,15.25,2.07,0.0
20130930:0910,0.0,118.0,0.0,29.29,15.98,2.34,0.0
20130930:1010,6.0,217.0,0.0,35.1,16.9,2.21,0.0
20130930:1110,0.0,101.0,0.0,38.26,17.78,1.86,0.0
20130930:1210,35.0,284.0,0.0,38.23,18.37,1.45,0.0
20130930:1310,39.0,265.0,0.0,35.01,18.42,1.1,0.0
20130930:1410,35.0,222.0,0.0,29.16,18.49,0.97,0.0
20130930:1510,12.0,148.0,0.0,21.41,18.6,0.62,0.0
20130930:1610,19.0,89.0,0.0,12.45,18.55,0.41,0.0
20130930:1710,0.0,14.0,0.0,2.81,18.16,0.55,0.0
20130930:1810,0.0,0.0,0.0,0.0,17.41,0.69,0.0
20130930:1910,0.0,0.0,0.0,0.0,16.83,1.38,0.0
20130930:2010,0.0,0.0,0.0,0.0,16.56,1.38,0.0
20130930:2110,0.0,0.0,0.0,0.0,16.42,1.24,0.0
20130930:2210,0.0,0.0,0.0,0.0,16.17,1.24,0.0
20130930:2310,0.0,0.0,0.0,0.0,16.04,1.31,0.0
20131001:0010,0.0,0.0,0.0,0.0,15.81,1.52,0.0
20131001:0110,0.0,0.0,0.0,0.0,15.71,1.45,0.0
20131001:0210,0.0,0.0,0.0,0.0,15.64,1.17,0.0
20131001:0310,0.0,0.0,0.0,0.0,15.56,0.9,0.0
20131001:0410,0.0,0.0,0.0,0.0,15.42,0.76,0.0
20131001:0510,0.0,0.0,0.0,0.0,15.15,1.45,0.0
20131001:0610,0.0,4.0,0.0,2.76,14.65,1.86,0.0
20131001:0710,0.0,48.0,0.0,12.38,14.63,1.45,0.0
20131001:0810,0.0,79.0,0.0,21.3,15.51,2.41,0.0
20131001:0910,0.0,96.0,0.0,28.99,16.67,2.97,0.0
20131001:1010,1.0,181.0,0.0,34.76,17.49,3.24,0.0
20131001:1110,5.0,232.0,0.0,37.88,18.27,3.1,0.0
20131001:1210,113.0,297.0,0.0,37.83,18.8,2.9,0.0
20131001:1310,5.0,214.0,0.0,34.62,19.16,2.69,0.0
20131001:1410,5.0,177.0,0.0,28.77,19.13,2.55,0.0
20131001:1510,104.0,152.0,0.0,21.04,19.1,2.34,0.0
20131001:1610,108.0,62.0,0.0,12.09,18.86,2.28,0.0
20131001:1710,0.0,13.0,0.0,2.46,18.23,3.1,0.0
20131001:1810,0.0,0.0,0.0,0.0,17.17,3.66,0.0
20131001:1910,0.0,0.0,0.0,0.0,16.54,2.9,0.0
20131001:2010,0.0,0.0,0.0,0.0,16.0,2.9,0.0
20131001:2110,0.0,0.0,0.0,0.0,15.71,2.83,0.0
20131001:2210,0.0,0.0,0.0,0.0,15.58,3.03,0.0
20131001:2310,0.0,0.0,0.0,0.0,15.2,2.83,0.0
20131002:0010,0.0,0.0,0.0,0.0,15.15,2.76,0.0
20131002:0110,0.0,0.0,0.0,0.0,14.94,2.55,0.0
20131002:0210,0.0,0.0,0.0,0.0,14.85,2.48,0.0
20131002:0310,0.0,0.0,0.0,0.0,14.91,2.48,0.0
20131002:0410,0.0,0.0,0.0,0.0,14.95,2.55,0.0
20131002:0510,0.0,0.0,0.0,0.0,14.71,2.48,0.0
20131002:0610,0.0,8.0,0.0,2.52,14.6,2.48,0.0
20131002:0710,40.0,86.0,0.0,12.13,15.52,1.38,0.0
20131002:0810,79.0,159.0,0.0,21.02,16.26,1.72,0.0
20131002:0910,15.0,201.0,0.0,28.68,17.38,2.0,0.0
20131002:1010,33.0,259.0,0.0,34.41,18.71,2.55,0.0
20131002:1110,27.0,273.0,0.0,37.51,20.06,2.41,0.0
20131002:1210,21.0,266.0,0.0,37.44,20.95,1.93,0.0
20131002:1310,30.0,255.0,0.0,34.22,21.45,1.72,0.0
20131002:1410,7.0,182.0,0.0,28.39,21.45,1.72,0.0
20131002:1510,33.0,158.0,0.0,20.68,21.62,1.93,0.0
20131002:1610,35.0,85.0,0.0,11.74,21.09,1.66,0.0
20131002:1710,0.0,9.0,0.0,2.11,20.22,2.0,0.0
20131002:1810,0.0,0.0,0.0,0.0,18.75,2.34,0.0
20131002:1910,0.0,0.0,0.0,0.0,18.07,2.0,0.0
20131002:2010,0.0,0.0,0.0,0.0,17.61,2.14,0.0
20131002:2110,0.0,0.0,0.0,0.0,17.42,2.28,0.0
20131002:2210,0.0,0.0,0.0,0.0,16.94,2.28,0.0
20131002:2310,0.0,0.0,0.0,0.0,16.58,2.21,0.0
20131003:0010,0.0,0.0,0.0,0.0,16.33,2.34,0.0
20131003:0110,0.0,0.0,0.0,0.0,16.11,2.55,0.0
20131003:0210,0.0,0.0,0.0,0.0,16.07,2.76,0.0
20131003:0310,0.0,0.0,0.0,0.0,15.95,3.03,0.0
20131003:0410,0.0,0.0,0.0,0.0,15.92,3.24,0.0
20131003:0510,0.0,0.0,0.0,0.0,15.6,3.31,0.0
20131003:0610,0.0,8.0,0.0,2.28,15.34,3.38,0.0
20131003:0710,13.0,81.0,0.0,11.87,15.83,3.03,0.0
20131003:0810,29.0,155.0,0.0,20.75,17.4,3.24,0.0
20131003:0910,144.0,205.0,0.0,28.37,19.47,3.93,0.0
20131003:1010,83.0,267.0,0.0,34.07,21.19,4.28,0.0
20131003:1110,41.0,280.0,0.0,37.13,22.44,4.48,0.0
20131003:1210,98.0,290.0,0.0,37.04,23.08,4.28,0.0
20131003:1310,205.0,232.0,0.0,33.83,23.51,3.93,0.0
20131003:1410,0.0,122.0,0.0,28.01,23.89,4.07,0.0
20131003:1510,103.0,144.0,0.0,20.31,24.0,3.72,0.0
20131003:1610,5.0,69.0,0.0,11.39,23.25,3.03,0.0
20131003:1710,0.0,7.0,0.0,1.77,22.34,2.9,0.0
20131003:1810,0.0,0.0,0.0,0.0,20.69,3.31,0.0
20131003:1910,0.0,0.0,0.0,0.0,19.75,1.66,0.0
20131003:2010,0.0,0.0,0.0,0.0,19.08,2.28,0.0
20131003:2110,0.0,0.0,0.0,0.0,18.86,3.17,0.0
20131003:2210,0.0,0.0,0.0,0.0,19.16,4.21,0.0
20131003:2310,0.0,0.0,0.0,0.0,19.28,4.62,0.0
20131004:0010,0.0,0.0,0.0,0.0,19.05,4.14,0.0
20131004:0110,0.0,0.0,0.0,0.0,18.74,4.14,0.0
20131004:0210,0.0,0.0,0.0,0.0,18.83,4.21,0.0
20131004:0310,0.0,0.0,0.0,0.0,18.86,4.34,0.0
20131004:0410,0.0,0.0,0.0,0.0,18.6,4.41,0.0
20131004:0510,0.0,0.0,0.0,0.0,18.12,4.28,0.0
20131004:0610,0.0,9.0,0.0,2.04,17.86,4.14,0.0
20131004:0710,38.0,82.0,0.0,11.62,17.55,4.0,0.0
20131004:0810,58.0,157.0,0.0,20.47,18.29,5.24,0.0
20131004:0910,70.0,220.0,0.0,28.06,19.02,5.31,0.0
20131004:1010,53.0,262.0,0.0,33.72,20.08,5.24,0.0
20131004:1110,19.0,259.0,0.0,36.75,21.09,4.97,0.0
20131004:1210,37.0,277.0,0.0,36.65,21.71,4.41,0.0
20131004:1310,24.0,245.0,0.0,33.44,22.0,4.14,0.0
20131004:1410,1.0,146.0,0.0,27.63,21.18,3.24,0.0
20131004:1510,0.0,96.0,0.0,19.95,20.03,2.34,0.0
20131004:1610,0.0,23.0,0.0,11.04,18.78,1.17,0.0
20131004:1710,0.0,2.0,0.0,1.43,18.18,0.76,0.0
20131004:1810,0.0,0.0,0.0,0.0,17.86,1.79,0.0
20131004:1910,0.0,0.0,0.0,0.0,17.24,1.38,0.0
20131004:2010,0.0,0.0,0.0,0.0,16.5,1.52,0.0
20131004:2110,0.0,0.0,0.0,0.0,16.02,1.59,0.0
20131004:2210,0.0,0.0,0.0,0.0,15.51,1.86,0.0
20131004:2310,0.0,0.0,0.0,0.0,15.38,2.0,0.0
20131005:0010,0.0,0.0,0.0,0.0,15.49,2.21,0.0
20131005:0110,0.0,0.0,0.0,0.0,15.52,2.14,0.0
20131005:0210,0.0,0.0,0.0,0.0,15.31,2.28,0.0
20131005:0310,0.0,0.0,0.0,0.0,15.07,2.55,0.0
20131005:0410,0.0,0.0,0.0,0.0,14.84,2.9,0.0
20131005:0510,0.0,0.0,0.0,0.0,14.52,3.17,0.0
20131005:0610,0.0,5.0,0.0,1.8,14.24,3.03,0.0
20131005:0710,24.0,81.0,0.0,11.36,14.63,3.52,0.0
20131005:0810,19.0,147.0,0.0,20.19,14.98,4.34,0.0
20131005:0910,31.0,210.0,0.0,27.75,15.52,4.34,0.0
20131005:1010,242.01,215.0,0.0,33.38,16.36,4.14,0.0
20131005:1110,54.0,284.0,0.0,36.38,17.18,4.0,0.0
20131005:1210,280.01,225.0,0.0,36.26,17.9,3.72,0.0
20131005:1310,61.0,262.0,0.0,33.05,18.26,3.72,0.0
20131005:1410,41.0,212.0,0.0,27.26,18.27,4.21,0.0
20131005:1510,32.0,150.0,0.0,19.59,17.88,4.21,0.0
20131005:1610,1.0,53.0,0.0,10.69,17.5,4.0,0.0
20131005:1710,0.0,0.0,0.0,0.0,16.82,3.45,0.0
20131005:1810,0.0,0.0,0.0,0.0,16.11,3.1,0.0
20131005:1910,0.0,0.0,0.0,0.0,14.97,2.76,0.0
20131005:2010,0.0,0.0,0.0,0.0,14.64,2.62,0.0
20131005:2110,0.0,0.0,0.0,0.0,14.02,2.55,0.0
20131005:2210,0.0,0.0,0.0,0.0,13.51,2.55,0.0
20131005:2310,0.0,0.0,0.0,0.0,13.02,2.48,0.0
20131006:0010,0.0,0.0,0.0,0.0,12.97,2.34,0.0
20131006:0110,0.0,0.0,0.0,0.0,12.75,2.28,0.0
20131006:0210,0.0,0.0,0.0,0.0,12.45,2.21,0.0
20131006:0310,0.0,0.0,0.0,0.0,12.13,2.14,0.0
20131006:0410,0.0,0.0,0.0,0.0,12.04,2.0,0.0
20131006:0510,0.0,0.0,0.0,0.0,12.1,1.86,0.0
20131006:0610,0.0,6.0,0.0,1.55,12.13,2.0,0.0
20131006:0710,46.0,77.0,0.0,11.11,12.49,2.28,0.0
20131006:0810,5.0,126.0,0.0,19.91,12.82,2.14,0.0
20131006:0910,0.0,99.0,0.0,27.44,13.77,2.34,0.0
20131006:1010,130.0,259.0,0.0,33.03,15.25,2.0,0.0
20131006:1110,401.01,160.0,0.0,36.0,16.45,1.79,0.0
20131006:1210,508.01,99.0,0.0,35.87,17.22,1.66,0.0
20131006:1310,5.0,202.0,0.0,32.66,17.88,1.66,0.0
20131006:1410,0.0,83.0,0.0,26.88,18.25,1.72,0.0
20131006:1510,12.0,137.0,0.0,19.23,18.12,1.79,0.0
20131006:1610,13.0,73.0,0.0,10.34,17.81,1.59,0.0
20131006:1710,0.0,0.0,0.0,0.0,17.04,1.45,0.0
20131006:1810,0.0,0.0,0.0,0.0,16.07,1.52,0.0
20131006:1910,0.0,0.0,0.0,0.0,15.51,1.79,0.0
20131006:2010,0.0,0.0,0.0,0.0,14.8,1.93,0.0
20131006:2110,0.0,0.0,0.0,0.0,14.22,1.93,0.0
20131006:2210,0.0,0.0,0.0,0.0,13.4,1.93,0.0
20131006:2310,0.0,0.0,0.0,0.0,12.85,1.79,0.0
20131007:0010,0.0,0.0,0.0,0.0,12.18,1.72,0.0
20131007:0110,0.0,0.0,0.0,0.0,11.84,1.59,0.0
20131007:0210,0.0,0.0,0.0,0.0,11.33,1.52,0.0
20131007:0310,0.0,0.0,0.0,0.0,11.09,1.45,0.0
20131007:0410,0.0,0.0,0.0,0.0,10.7,1.59,0.0
20131007:0510,0.0,0.0,0.0,0.0,10.96,1.52,0.0
20131007:0610,0.0,0.0,0.0,0.0,11.17,1.59,0.0
20131007:0710,89.0,57.0,0.0,10.85,11.57,1.24,0.0
20131007:0810,213.01,88.0,0.0,19.63,13.41,1.1,0.0
20131007:0910,341.01,99.0,0.0,27.12,15.18,1.1,0.0
20131007:1010,444.01,101.0,0.0,32.68,16.72,1.24,0.0
20131007:1110,216.01,252.0,0.0,35.62,18.01,2.07,0.0
20131007:1210,0.0,133.0,0.0,35.48,18.46,2.28,0.0
20131007:1310,63.0,258.0,0.0,32.27,18.59,2.34,0.0
20131007:1410,36.0,206.0,0.0,26.51,18.87,2.48,0.0
20131007:1510,3.0,115.0,0.0,18.87,18.63,2.34,0.0
20131007:1610,72.0,57.0,0.0,10.0,18.35,1.86,0.0
20131007:1710,0.0,0.0,0.0,0.0,17.51,1.45,0.0
20131007:1810,0.0,0.0,0.0,0.0,16.4,1.52,0.0
20131007:1910,0.0,0.0,0.0,0.0,15.12,1.86,0.0
20131007:2010,0.0,0.0,0.0,0.0,14.18,1.86,0.0
20131007:2110,0.0,0.0,0.0,0.0,13.35,1.86,0.0
20131007:2210,0.0,0.0,0.0,0.0,12.67,1.79,0.0
20131007:2310,0.0,0.0,0.0,0.0,12.39,1.66,0.0
20131008:0010,0.0,0.0,0.0,0.0,11.93,1.59,0.0
20131008:0110,0.0,0.0,0.0,0.0,11.86,1.38,0.0
20131008:0210,0.0,0.0,0.0,0.0,11.81,1.38,0.0
20131008:0310,0.0,0.0,0.0,0.0,11.14,1.45,0.0
20131008:0410,0.0,0.0,0.0,0.0,10.79,1.45,0.0
20131008:0510,0.0,0.0,0.0,0.0,10.49,1.66,0.0
20131008:0610,0.0,0.0,0.0,0.0,10.35,1.86,0.0
20131008:0710,6.0,68.0,0.0,10.59,11.87,1.72,0.0
20131008:0810,19.0,143.0,0.0,19.35,12.99,1.86,0.0
20131008:0910,17.0,194.0,0.0,26.81,14.27,2.07,0.0
20131008:1010,371.01,138.0,0.0,32.34,15.41,2.14,0.0
20131008:1110,327.01,194.0,0.0,35.25,16.65,2.28,0.0
20131008:1210,65.0,280.0,0.0,35.09,17.53,2.21,0.0
20131008:1310,151.0,243.0,0.0,31.89,17.98,2.0,0.0
20131008:1410,40.0,205.0,0.0,26.13,18.39,2.0,0.0
20131008:1510,15.0,134.0,0.0,18.51,18.2,2.07,0.0
20131008:1610,26.0,69.0,0.0,9.65,17.84,1.93,0.0
20131008:1710,0.0,0.0,0.0,0.0,16.91,1.72,0.0
20131008:1810,0.0,0.0,0.0,0.0,16.1,1.66,0.0
20131008:1910,0.0,0.0,0.0,0.0,15.95,1.52,0.0
20131008:2010,0.0,0.0,0.0,0.0,15.66,1.66,0.0
20131008:2110,0.0,0.0,0.0,0.0,15.25,1.86,0.0
20131008:2210,0.0,0.0,0.0,0.0,14.94,1.93,0.0
20131008:2310,0.0,0.0,0.0,0.0,14.75,2.07,0.0
20131009:0010,0.0,0.0,0.0,0.0,14.3,2.28,0.0
20131009:0110,0.0,0.0,0.0,0.0,14.16,2.21,0.0
20131009:0210,0.0,0.0,0.0,0.0,14.07,1.72,0.0
20131009:0310,0.0,0.0,0.0,0.0,13.76,1.38,0.0
20131009:0410,0.0,0.0,0.0,0.0,13.23,1.52,0.0
20131009:0510,0.0,0.0,0.0,0.0,12.87,1.52,0.0
20131009:0610,0.0,0.0,0.0,0.0,12.44,1.66,0.0
20131009:0710,8.0,67.0,0.0,10.33,12.95,1.52,0.0
20131009:0810,11.0,131.0,0.0,19.07,14.11,1.93,0.0
20131009:0910,0.0,115.0,0.0,26.5,15.34,2.34,0.0
20131009:1010,4.0,198.0,0.0,31.99,16.28,3.1,0.0
20131009:1110,0.0,136.0,0.0,34.88,17.1,3.59,0.0
20131009:1210,16.0,245.0,0.0,34.7,17.74,4.07,0.0
20131009:1310,15.0,223.0,0.0,31.5,17.96,4.14,0.0
20131009:1410,0.0,92.0,0.0,25.76,17.83,3.79,0.0
20131009:1510,11.0,127.0,0.0,18.16,17.44,3.79,0.0
20131009:1610,0.0,38.0,0.0,9.31,17.09,3.86,0.0
20131009:1710,0.0,0.0,0.0,0.0,16.64,3.79,0.0
20131009:1810,0.0,0.0,0.0,0.0,15.78,3.38,0.0
20131009:1910,0.0,0.0,0.0,0.0,14.71,3.38,0.0
20131009:2010,0.0,0.0,0.0,0.0,14.22,3.45,0.0
20131009:2110,0.0,0.0,0.0,0.0,13.59,3.79,0.0
20131009:2210,0.0,0.0,0.0,0.0,13.14,4.55,0.0
20131009:2310,0.0,0.0,0.0,0.0,12.52,4.34,0.0
20131010:0010,0.0,0.0,0.0,0.0,11.7,4.0,0.0
20131010:0110,0.0,0.0,0.0,0.0,10.88,4.28,0.0
20131010:0210,0.0,0.0,0.0,0.0,10.06,4.48,0.0
20131010:0310,0.0,0.0,0.0,0.0,9.56,4.14,0.0
20131010:0410,0.0,0.0,0.0,0.0,8.99,4.0,0.0
20131010:0510,0.0,0.0,0.0,0.0,8.34,3.86,0.0
20131010:0610,0.0,0.0,0.0,0.0,7.73,3.66,0.0
20131010:0710,20.0,72.0,0.0,10.07,7.92,3.72,0.0
20131010:0810,210.01,83.0,0.0,18.78,8.98,4.41,0.0
20131010:0910,41.0,208.0,0.0,26.19,9.85,6.48,0.0
20131010:1010,278.01,188.0,0.0,31.65,10.77,6.48,0.0
20131010:1110,0.0,147.0,0.0,34.5,11.15,6.07,0.0
20131010:1210,0.0,119.0,0.0,34.32,11.3,6.69,0.0
20131010:1310,0.0,143.0,0.0,31.12,11.2,6.97,0.0
20131010:1410,29.0,198.0,0.0,25.4,11.37,6.69,0.0
20131010:1510,0.0,54.0,0.0,17.81,11.4,6.83,0.0
20131010:1610,16.0,64.0,0.0,8.98,10.96,5.93,0.0
20131010:1710,0.0,0.0,0.0,0.0,10.66,5.86,0.0
20131010:1810,0.0,0.0,0.0,0.0,10.09,5.66,0.0
20131010:1910,0.0,0.0,0.0,0.0,9.56,5.38,0.0
20131010:2010,0.0,0.0,0.0,0.0,9.19,5.24,0.0
20131010:2110,0.0,0.0,0.0,0.0,9.07,5.1,0.0
20131010:2210,0.0,0.0,0.0,0.0,8.94,4.76,0.0
20131010:2310,0.0,0.0,0.0,0.0,8.86,4.69,0.0
20131011:0010,0.0,0.0,0.0,0.0,8.69,4.76,0.0
20131011:0110,0.0,0.0,0.0,0.0,8.44,4.69,0.0
20131011:0210,0.0,0.0,0.0,0.0,8.44,4.55,0.0
20131011:0310,0.0,0.0,0.0,0.0,8.38,4.34,0.0
20131011:0410,0.0,0.0,0.0,0.0,8.23,4.14,0.0
20131011:0510,0.0,0.0,0.0,0.0,7.94,3.72,0.0
20131011:0610,0.0,0.0,0.0,0.0,7.54,3.1,0.0
20131011:0710,1.0,53.0,0.0,9.81,7.83,2.55,0.0
20131011:0810,0.0,85.0,0.0,18.5,8.29,2.21,0.0
20131011:0910,0.0,51.0,0.0,25.87,8.84,2.21,0.0
20131011:1010,13.0,219.0,0.0,31.3,9.57,2.34,0.0
20131011:1110,0.0,50.0,0.0,34.13,9.83,2.55,0.0
20131011:1210,15.0,241.0,0.0,33.94,10.64,3.1,0.0
20131011:1310,5.0,197.0,0.0,30.74,10.66,3.1,0.0
20131011:1410,0.0,71.0,0.0,25.03,11.07,3.03,0.0
20131011:1510,6.0,116.0,0.0,17.46,11.0,3.1,0.0
20131011:1610,7.0,58.0,0.0,8.64,10.4,3.1,0.0
20131011:1710,0.0,0.0,0.0,0.0,9.6,2.55,0.0
20131011:1810,0.0,0.0,0.0,0.0,8.73,2.14,0.0
20131011:1910,0.0,0.0,0.0,0.0,7.74,2.21,0.0
20131011:2010,0.0,0.0,0.0,0.0,7.42,2.14,0.0
20131011:2110,0.0,0.0,0.0,0.0,6.95,2.0,0.0
20131011:2210,0.0,0.0,0.0,0.0,6.66,1.86,0.0
20131011:2310,0.0,0.0,0.0,0.0,6.44,1.72,0.0
20131012:0010,0.0,0.0,0.0,0.0,6.36,1.72,0.0
20131012:0110,0.0,0.0,0.0,0.0,5.99,1.66,0.0
20131012:0210,0.0,0.0,0.0,0.0,6.08,1.52,0.0
20131012:0310,0.0,0.0,0.0,0.0,6.26,1.66,0.0
20131012:0410,0.0,0.0,0.0,0.0,6.28,1.86,0.0
20131012:0510,0.0,0.0,0.0,0.0,6.63,2.21,0.0
20131012:0610,0.0,0.0,0.0,0.0,6.99,2.62,0.0
20131012:0710,18.0,69.0,0.0,9.55,7.68,3.24,0.0
20131012:0810,0.0,93.0,0.0,18.22,8.23,4.34,0.0
20131012:0910,1.0,141.0,0.0,25.56,8.7,4.0,0.0
20131012:1010,9.0,211.0,0.0,30.96,9.6,4.41,0.0
20131012:1110,29.0,259.0,0.0,33.76,10.32,4.14,0.0
20131012:1210,318.01,188.0,0.0,33.55,11.34,4.14,0.0
20131012:1310,117.0,243.0,0.0,30.36,11.72,3.66,0.0
20131012:1410,28.0,192.0,0.0,24.67,11.85,3.38,0.0
20131012:1510,67.0,131.0,0.0,17.11,11.95,2.9,0.0
20131012:1610,53.0,50.0,0.0,8.31,11.6,1.86,0.0
20131012:1710,0.0,0.0,0.0,0.0,11.02,1.52,0.0
20131012:1810,0.0,0.0,0.0,0.0,10.31,1.66,0.0
20131012:1910,0.0,0.0,0.0,0.0,8.46,1.66,0.0
20131012:2010,0.0,0.0,0.0,0.0,7.41,1.66,0.0
20131012:2110,0.0,0.0,0.0,0.0,6.35,1.52,0.0
20131012:2210,0.0,0.0,0.0,0.0,6.03,1.24,0.0
20131012:2310,0.0,0.0,0.0,0.0,5.68,1.38,0.0
20131013:0010,0.0,0.0,0.0,0.0,5.87,1.45,0.0
20131013:0110,0.0,0.0,0.0,0.0,5.56,1.72,0.0
20131013:0210,0.0,0.0,0.0,0.0,5.81,1.79,0.0
20131013:0310,0.0,0.0,0.0,0.0,6.33,2.07,0.0
20131013:0410,0.0,0.0,0.0,0.0,6.3,2.21,0.0
20131013:0510,0.0,0.0,0.0,0.0,6.0,2.62,0.0
20131013:0610,0.0,0.0,0.0,0.0,5.92,3.03,0.0
20131013:0710,74.0,50.0,0.0,9.29,4.49,2.69,0.0
20131013:0810,195.01,83.0,0.0,17.93,5.95,3.17,0.0
20131013:0910,93.0,202.0,0.0,25.25,7.69,4.07,0.0
20131013:1010,388.01,116.0,0.0,30.61,9.09,5.03,0.0
20131013:1110,401.01,139.0,0.0,33.39,10.25,5.59,0.0
20131013:1210,84.0,272.0,0.0,33.17,11.14,5.52,0.0
20131013:1310,145.0,233.0,0.0,29.99,12.2,5.45,0.0
20131013:1410,108.0,190.0,0.0,24.31,12.76,5.38,0.0
20131013:1510,60.0,130.0,0.0,16.77,12.87,5.38,0.0
20131013:1610,65.0,43.0,0.0,7.98,12.38,4.76,0.0
20131013:1710,0.0,0.0,0.0,0.0,11.07,4.28,0.0
20131013:1810,0.0,0.0,0.0,0.0,9.88,4.21,0.0
20131013:1910,0.0,0.0,0.0,0.0,9.86,4.48,0.0
20131013:2010,0.0,0.0,0.0,0.0,9.58,4.48,0.0
20131013:2110,0.0,0.0,0.0,0.0,9.43,4.41,0.0
20131013:2210,0.0,0.0,0.0,0.0,9.06,4.34,0.0
20131013:2310,0.0,0.0,0.0,0.0,8.79,4.34,0.0
20131014:0010,0.0,0.0,0.0,0.0,8.81,4.34,0.0
20131014:0110,0.0,0.0,0.0,0.0,8.63,4.14,0.0
20131014:0210,0.0,0.0,0.0,0.0,8.51,4.0,0.0
20131014:0310,0.0,0.0,0.0,0.0,8.32,3.93,0.0
20131014:0410,0.0,0.0,0.0,0.0,8.38,3.79,0.0
20131014:0510,0.0,0.0,0.0,0.0,8.55,3.66,0.0
20131014:0610,0.0,0.0,0.0,0.0,8.67,3.59,0.0
20131014:0710,71.0,49.0,0.0,9.03,9.47,3.66,0.0
20131014:0810,53.0,136.0,0.0,17.65,10.52,4.76,0.0
20131014:0910,7.0,166.0,0.0,24.93,11.84,6.14,0.0
20131014:1010,4.0,185.0,0.0,30.27,12.92,6.34,0.0
20131014:1110,0.0,127.0,0.0,33.03,13.66,6.0,0.0
20131014:1210,0.0,115.0,0.0,32.8,13.95,5.17,0.0
20131014:1310,10.0,202.0,0.0,29.62,14.4,5.17,0.0
20131014:1410,7.0,159.0,0.0,23.95,14.49,4.28,0.0
20131014:1510,0.0,83.0,0.0,16.42,14.76,3.86,0.0
20131014:1610,4.0,46.0,0.0,7.65,14.36,3.17,0.0
20131014:1710,0.0,0.0,0.0,0.0,13.25,2.76,0.0
20131014:1810,0.0,0.0,0.0,0.0,12.46,2.9,0.0
20131014:1910,0.0,0.0,0.0,0.0,11.78,2.9,0.0
20131014:2010,0.0,0.0,0.0,0.0,11.51,3.79,0.0
20131014:2110,0.0,0.0,0.0,0.0,11.6,3.52,0.0
20131014:2210,0.0,0.0,0.0,0.0,11.3,3.66,0.0
20131014:2310,0.0,0.0,0.0,0.0,11.03,3.72,0.0
20131015:0010,0.0,0.0,0.0,0.0,11.02,4.0,0.0
20131015:0110,0.0,0.0,0.0,0.0,10.85,4.21,0.0
20131015:0210,0.0,0.0,0.0,0.0,11.05,4.48,0.0
20131015:0310,0.0,0.0,0.0,0.0,10.99,4.28,0.0
20131015:0410,0.0,0.0,0.0,0.0,11.05,4.07,0.0
20131015:0510,0.0,0.0,0.0,0.0,11.09,3.72,0.0
20131015:0610,0.0,0.0,0.0,0.0,11.05,3.38,0.0
20131015:0710,18.0,61.0,0.0,8.77,10.86,2.62,0.0
20131015:0810,39.0,135.0,0.0,17.36,11.64,2.41,0.0
20131015:0910,6.0,159.0,0.0,24.62,12.54,3.17,0.0
20131015:1010,0.0,120.0,0.0,29.93,13.24,2.9,0.0
20131015:1110,0.0,143.0,0.0,32.66,13.94,3.03,0.0
20131015:1210,27.0,246.0,0.0,32.42,14.32,2.97,0.0
20131015:1310,0.0,89.0,0.0,29.25,14.42,2.76,0.0
20131015:1410,0.0,47.0,0.0,23.59,14.32,2.41,0.0
20131015:1510,0.0,63.0,0.0,16.09,13.97,2.0,0.0
20131015:1610,16.0,51.0,0.0,7.33,13.55,1.38,0.0
20131015:1710,0.0,0.0,0.0,0.0,12.91,0.97,0.0
20131015:1810,0.0,0.0,0.0,0.0,11.74,1.1,0.0
20131015:1910,0.0,0.0,0.0,0.0,10.24,1.66,0.0
20131015:2010,0.0,0.0,0.0,0.0,9.7,2.0,0.0
20131015:2110,0.0,0.0,0.0,0.0,9.67,2.34,0.0
20131015:2210,0.0,0.0,0.0,0.0,9.14,2.34,0.0
20131015:2310,0.0,0.0,0.0,0.0,8.34,2.21,0.0
20131016:0010,0.0,0.0,0.0,0.0,7.54,1.79,0.0
20131016:0110,0.0,0.0,0.0,0.0,6.77,1.52,0.0
20131016:0210,0.0,0.0,0.0,0.0,6.07,1.52,0.0
20131016:0310,0.0,0.0,0.0,0.0,5.88,1.31,0.0
20131016:0410,0.0,0.0,0.0,0.0,7.1,0.62,0.0
20131016:0510,0.0,0.0,0.0,0.0,6.69,0.69,0.0
20131016:0610,0.0,0.0,0.0,0.0,5.77,1.45,0.0
20131016:0710,0.0,31.0,0.0,8.51,7.66,2.14,0.0
20131016:0810,0.0,47.0,0.0,17.08,8.36,2.48,0.0
20131016:0910,0.0,95.0,0.0,24.31,9.04,3.03,0.0
20131016:1010,0.0,103.0,0.0,29.58,9.69,3.59,0.0
20131016:1110,0.0,47.0,0.0,32.3,10.27,3.93,0.0
20131016:1210,0.0,83.0,0.0,32.05,10.95,4.83,0.0
20131016:1310,0.0,73.0,0.0,28.88,11.43,4.62,0.0
20131016:1410,0.0,36.0,0.0,23.24,12.37,5.03,0.0
20131016:1510,0.0,54.0,0.0,15.75,13.22,3.93,0.0
20131016:1610,46.0,41.0,0.0,7.01,14.22,3.66,0.0
20131016:1710,0.0,0.0,0.0,0.0,14.63,4.28,0.0
20131016:1810,0.0,0.0,0.0,0.0,13.81,4.0,0.0
20131016:1910,0.0,0.0,0.0,0.0,13.34,4.21,0.0
20131016:2010,0.0,0.0,0.0,0.0,12.36,4.07,0.0
20131016:2110,0.0,0.0,0.0,0.0,11.71,3.79,0.0
20131016:2210,0.0,0.0,0.0,0.0,10.97,3.38,0.0
20131016:2310,0.0,0.0,0.0,0.0,10.32,3.17,0.0
20131017:0010,0.0,0.0,0.0,0.0,9.97,3.24,0.0
20131017:0110,0.0,0.0,0.0,0.0,9.94,3.45,0.0
20131017:0210,0.0,0.0,0.0,0.0,10.08,3.59,0.0
20131017:0310,0.0,0.0,0.0,0.0,10.09,3.59,0.0
20131017:0410,0.0,0.0,0.0,0.0,10.08,3.52,0.0
20131017:0510,0.0,0.0,0.0,0.0,10.08,3.52,0.0
20131017:0610,0.0,0.0,0.0,0.0,9.86,3.52,0.0
20131017:0710,52.0,49.0,0.0,8.24,10.02,3.72,0.0
20131017:0810,130.0,103.0,0.0,16.79,11.52,4.76,0.0
20131017:0910,201.01,146.0,0.0,24.0,12.9,5.31,0.0
20131017:1010,128.0,229.0,0.0,29.24,14.3,5.45,0.0
20131017:1110,209.01,225.0,0.0,31.93,15.54,5.24,0.0
20131017:1210,339.01,155.0,0.0,31.68,16.74,5.45,0.0
20131017:1310,345.01,116.0,0.0,28.52,17.36,5.17,0.0
20131017:1410,101.0,177.0,0.0,22.89,17.75,4.69,0.0
20131017:1510,38.0,119.0,0.0,15.42,17.58,3.45,0.0
20131017:1610,22.0,46.0,0.0,6.69,16.78,2.83,0.0
20131017:1710,0.0,0.0,0.0,0.0,15.56,2.62,0.0
20131017:1810,0.0,0.0,0.0,0.0,14.35,2.55,0.0
20131017:1910,0.0,0.0,0.0,0.0,13.24,2.62,0.0
20131017:2010,0.0,0.0,0.0,0.0,12.41,2.62,0.0
20131017:2110,0.0,0.0,0.0,0.0,11.87,2.41,0.0
20131017:2210,0.0,0.0,0.0,0.0,11.04,2.28,0.0
20131017:2310,0.0,0.0,0.0,0.0,10.51,2.14,0.0
20131018:0010,0.0,0.0,0.0,0.0,9.79,1.86,0.0
20131018:0110,0.0,0.0,0.0,0.0,8.83,1.31,0.0
20131018:0210,0.0,0.0,0.0,0.0,9.48,0.76,0.0
20131018:0310,0.0,0.0,0.0,0.0,8.76,0.83,0.0
20131018:0410,0.0,0.0,0.0,0.0,6.69,1.45,0.0
20131018:0510,0.0,0.0,0.0,0.0,6.35,1.38,0.0
20131018:0610,0.0,0.0,0.0,0.0,6.94,1.45,0.0
20131018:0710,5.0,49.0,0.0,7.98,8.72,2.21,0.0
20131018:0810,0.0,75.0,0.0,16.51,9.41,2.55,0.0
20131018:0910,0.0,119.0,0.0,23.68,10.18,3.03,0.0
20131018:1010,115.0,229.0,0.0,28.9,10.92,3.52,0.0
20131018:1110,24.0,237.0,0.0,31.57,12.14,3.93,0.0
20131018:1210,386.01,122.0,0.0,31.31,13.43,4.0,0.0
20131018:1310,385.01,92.0,0.0,28.15,14.29,4.21,0.0
20131018:1410,281.01,88.0,0.0,22.54,15.01,4.48,0.0
20131018:1510,130.0,85.0,0.0,15.09,15.34,4.55,0.0
20131018:1610,20.0,43.0,0.0,6.38,14.92,3.79,0.0
20131018:1710,0.0,0.0,0.0,0.0,13.63,3.52,0.0
20131018:1810,0.0,0.0,0.0,0.0,12.67,3.38,0.0
20131018:1910,0.0,0.0,0.0,0.0,11.87,3.03,0.0
20131018:2010,0.0,0.0,0.0,0.0,11.37,3.17,0.0
20131018:2110,0.0,0.0,0.0,0.0,10.93,3.24,0.0
20131018:2210,0.0,0.0,0.0,0.0,10.46,3.03,0.0
20131018:2310,0.0,0.0,0.0,0.0,10.14,2.76,0.0
20131019:0010,0.0,0.0,0.0,0.0,10.1,2.62,0.0
20131019:0110,0.0,0.0,0.0,0.0,10.17,2.62,0.0
20131019:0210,0.0,0.0,0.0,0.0,10.34,2.62,0.0
20131019:0310,0.0,0.0,0.0,0.0,10.66,2.76,0.0
20131019:0410,0.0,0.0,0.0,0.0,11.03,2.83,0.0
20131019:0510,0.0,0.0,0.0,0.0,11.33,2.83,0.0
20131019:0610,0.0,0.0,0.0,0.0,11.44,2.83,0.0
20131019:0710,19.0,53.0,0.0,7.72,11.88,2.55,0.0
20131019:0810,15.0,115.0,0.0,16.23,13.33,2.83,0.0
20131019:0910,62.0,184.0,0.0,23.37,14.93,3.45,0.0
20131019:1010,12.0,197.0,0.0,28.57,16.32,3.38,0.0
20131019:1110,0.0,129.0,0.0,31.21,17.13,3.45,0.0
20131019:1210,90.0,247.0,0.0,30.94,17.82,3.93,0.0
20131019:1310,12.0,193.0,0.0,27.79,19.62,4.83,0.0
20131019:1410,28.0,169.0,0.0,22.2,20.08,6.55,0.0
20131019:1510,107.0,90.0,0.0,14.76,19.08,5.45,0.0
20131019:1610,13.0,41.0,0.0,6.07,18.48,4.55,0.0
20131019:1710,0.0,0.0,0.0,0.0,17.33,3.59,0.0
20131019:1810,0.0,0.0,0.0,0.0,16.26,2.9,0.0
20131019:1910,0.0,0.0,0.0,0.0,15.56,2.69,0.0
20131019:2010,0.0,0.0,0.0,0.0,15.11,2.97,0.0
20131019:2110,0.0,0.0,0.0,0.0,14.7,3.03,0.0
20131019:2210,0.0,0.0,0.0,0.0,14.33,3.1,0.0
20131019:2310,0.0,0.0,0.0,0.0,14.17,3.24,0.0
20131020:0010,0.0,0.0,0.0,0.0,14.1,3.24,0.0
20131020:0110,0.0,0.0,0.0,0.0,13.85,2.97,0.0
20131020:0210,0.0,0.0,0.0,0.0,13.6,2.83,0.0
20131020:0310,0.0,0.0,0.0,0.0,13.27,2.76,0.0
20131020:0410,0.0,0.0,0.0,0.0,12.86,2.41,0.0
20131020:0510,0.0,0.0,0.0,0.0,12.58,2.76,0.0
20131020:0610,0.0,0.0,0.0,0.0,12.82,3.45,0.0
20131020:0710,7.0,47.0,0.0,7.45,13.29,2.83,0.0
20131020:0810,66.0,117.0,0.0,15.94,13.98,2.97,0.0
20131020:0910,39.0,180.0,0.0,23.06,15.21,4.34,0.0
20131020:1010,0.0,83.0,0.0,28.23,16.75,4.48,0.0
20131020:1110,8.0,202.0,0.0,30.86,18.07,4.97,0.0
20131020:1210,131.0,237.0,0.0,30.58,18.67,5.1,0.0
20131020:1310,197.01,181.0,0.0,27.44,19.26,5.24,0.0
20131020:1410,41.0,171.0,0.0,21.86,18.81,4.83,0.0
20131020:1510,0.0,18.0,0.0,14.44,17.04,4.97,0.0
20131020:1610,20.0,37.0,0.0,5.76,16.25,4.76,0.0
20131020:1710,0.0,0.0,0.0,0.0,15.53,4.69,0.0
20131020:1810,0.0,0.0,0.0,0.0,15.0,4.69,0.0
20131020:1910,0.0,0.0,0.0,0.0,15.19,4.55,0.0
20131020:2010,0.0,0.0,0.0,0.0,14.96,4.48,0.0
20131020:2110,0.0,0.0,0.0,0.0,14.73,4.34,0.0
20131020:2210,0.0,0.0,0.0,0.0,14.48,4.14,0.0
20131020:2310,0.0,0.0,0.0,0.0,14.32,4.07,0.0
20131021:0010,0.0,0.0,0.0,0.0,14.13,3.86,0.0
20131021:0110,0.0,0.0,0.0,0.0,13.86,3.72,0.0
20131021:0210,0.0,0.0,0.0,0.0,13.5,3.59,0.0
20131021:0310,0.0,0.0,0.0,0.0,13.23,3.52,0.0
20131021:0410,0.0,0.0,0.0,0.0,12.93,3.38,0.0
20131021:0510,0.0,0.0,0.0,0.0,12.85,3.24,0.0
20131021:0610,0.0,0.0,0.0,0.0,12.7,3.17,0.0
20131021:0710,13.0,48.0,0.0,7.19,13.2,2.97,0.0
20131021:0810,51.0,117.0,0.0,15.66,13.95,2.48,0.0
20131021:0910,186.01,135.0,0.0,22.75,15.01,2.41,0.0
20131021:1010,276.01,143.0,0.0,27.89,16.47,3.24,0.0
20131021:1110,387.01,109.0,0.0,30.5,17.94,4.0,0.0
20131021:1210,0.0,69.0,0.0,30.22,19.26,4.41,0.0
20131021:1310,353.01,94.0,0.0,27.09,19.95,4.97,0.0
20131021:1410,114.0,155.0,0.0,21.52,20.12,4.97,0.0
20131021:1510,32.0,106.0,0.0,14.12,20.06,4.48,0.0
20131021:1610,1.0,25.8,0.0,5.46,19.26,4.0,0.0
20131021:1710,0.0,0.0,0.0,0.0,18.35,3.72,0.0
20131021:1810,0.0,0.0,0.0,0.0,17.87,3.66,0.0
20131021:1910,0.0,0.0,0.0,0.0,17.02,3.59,0.0
20131021:2010,0.0,0.0,0.0,0.0,16.37,3.72,0.0
20131021:2110,0.0,0.0,0.0,0.0,16.03,3.79,0.0
20131021:2210,0.0,0.0,0.0,0.0,15.79,3.86,0.0
20131021:2310,0.0,0.0,0.0,0.0,15.66,4.0,0.0
20131022:0010,0.0,0.0,0.0,0.0,15.58,4.14,0.0
20131022:0110,0.0,0.0,0.0,0.0,15.59,4.28,0.0
20131022:0210,0.0,0.0,0.0,0.0,15.54,4.41,0.0
20131022:0310,0.0,0.0,0.0,0.0,15.33,4.48,0.0
20131022:0410,0.0,0.0,0.0,0.0,15.1,4.62,0.0
20131022:0510,0.0,0.0,0.0,0.0,14.95,4.62,0.0
20131022:0610,0.0,0.0,0.0,0.0,14.86,4.62,0.0
20131022:0710,38.0,41.0,0.0,6.93,15.36,4.9,0.0
20131022:0810,142.01,78.0,0.0,15.37,16.52,5.03,0.0
20131022:0910,158.01,146.0,0.0,22.44,18.24,4.55,0.0
20131022:1010,32.0,212.0,0.0,27.56,19.91,5.38,0.0
20131022:1110,312.01,147.0,0.0,30.15,21.31,5.31,0.0
20131022:1210,1.0,164.0,0.0,29.86,22.33,5.17,0.0
20131022:1310,0.0,72.0,0.0,26.74,22.55,4.83,0.0
20131022:1410,0.0,70.0,0.0,21.19,21.5,3.52,0.0
20131022:1510,0.0,41.0,0.0,13.81,20.03,4.0,0.0
20131022:1610,1.0,23.81,0.0,5.16,18.92,3.59,0.0
20131022:1710,0.0,0.0,0.0,0.0,18.01,3.66,0.0
20131022:1810,0.0,0.0,0.0,0.0,17.25,4.21,0.0
20131022:1910,0.0,0.0,0.0,0.0,16.46,4.0,0.0
20131022:2010,0.0,0.0,0.0,0.0,16.43,4.28,0.0
20131022:2110,0.0,0.0,0.0,0.0,16.44,4.48,0.0
20131022:2210,0.0,0.0,0.0,0.0,16.41,4.69,0.0
20131022:2310,0.0,0.0,0.0,0.0,16.59,4.9,0.0
20131023:0010,0.0,0.0,0.0,0.0,16.39,5.17,0.0
20131023:0110,0.0,0.0,0.0,0.0,16.14,5.52,0.0
20131023:0210,0.0,0.0,0.0,0.0,16.08,5.79,0.0
20131023:0310,0.0,0.0,0.0,0.0,15.91,6.07,0.0
20131023:0410,0.0,0.0,0.0,0.0,15.56,6.41,0.0
20131023:0510,0.0,0.0,0.0,0.0,15.17,6.34,0.0
20131023:0610,0.0,0.0,0.0,0.0,14.93,6.34,0.0
20131023:0710,39.0,39.0,0.0,6.67,15.5,6.28,0.0
20131023:0810,136.01,80.0,0.0,15.09,16.14,6.41,0.0
20131023:0910,42.0,174.0,0.0,22.13,16.78,7.38,0.0
20131023:1010,23.0,205.0,0.0,27.23,17.42,8.21,0.0
20131023:1110,99.0,239.0,0.0,29.8,18.01,7.45,0.0
20131023:1210,228.01,189.0,0.0,29.51,18.46,6.76,0.0
20131023:1310,329.01,101.0,0.0,26.39,19.07,6.55,0.0
20131023:1410,150.01,136.0,0.0,20.86,19.03,5.66,0.0
20131023:1510,87.0,87.0,0.0,13.5,18.62,4.76,0.0
20131023:1610,15.0,27.03,0.0,4.86,17.68,4.48,0.0
20131023:1710,0.0,0.0,0.0,0.0,16.69,4.21,0.0
20131023:1810,0.0,0.0,0.0,0.0,16.03,4.21,0.0
20131023:1910,0.0,0.0,0.0,0.0,15.57,3.66,0.0
20131023:2010,0.0,0.0,0.0,0.0,15.17,3.52,0.0
20131023:2110,0.0,0.0,0.0,0.0,14.88,3.38,0.0
20131023:2210,0.0,0.0,0.0,0.0,14.22,3.1,0.0
20131023:2310,0.0,0.0,0.0,0.0,13.71,2.9,0.0
20131024:0010,0.0,0.0,0.0,0.0,13.61,2.76,0.0
20131024:0110,0.0,0.0,0.0,0.0,13.37,2.76,0.0
20131024:0210,0.0,0.0,0.0,0.0,13.03,2.62,0.0
20131024:0310,0.0,0.0,0.0,0.0,12.42,2.34,0.0
20131024:0410,0.0,0.0,0.0,0.0,12.13,2.07,0.0
20131024:0510,0.0,0.0,0.0,0.0,12.24,1.72,0.0
20131024:0610,0.0,0.0,0.0,0.0,12.13,1.66,0.0
20131024:0710,14.0,43.0,0.0,6.4,13.18,1.79,0.0
20131024:0810,0.0,0.0,0.0,0.0,13.83,2.62,0.0
20131024:0910,0.0,103.0,0.0,21.83,14.45,2.97,0.0
20131024:1010,0.0,112.0,0.0,26.89,15.0,3.24,0.0
20131024:1110,0.0,147.0,0.0,29.45,15.61,3.66,0.0
20131024:1210,1.0,160.0,0.0,29.16,16.26,3.72,0.0
20131024:1310,272.01,130.0,0.0,26.05,16.82,3.45,0.0
20131024:1410,194.01,112.0,0.0,20.54,17.16,3.1,0.0
20131024:1510,134.01,63.0,0.0,13.19,17.17,3.1,0.0
20131024:1610,19.0,23.17,0.0,4.57,16.32,2.62,0.0
20131024:1710,0.0,0.0,0.0,0.0,14.87,2.9,0.0
20131024:1810,0.0,0.0,0.0,0.0,14.24,3.45,0.0
20131024:1910,0.0,0.0,0.0,0.0,14.34,4.07,0.0
20131024:2010,0.0,0.0,0.0,0.0,14.38,4.34,0.0
20131024:2110,0.0,0.0,0.0,0.0,14.36,4.34,0.0
20131024:2210,0.0,0.0,0.0,0.0,14.53,4.0,0.0
20131024:2310,0.0,0.0,0.0,0.0,14.58,3.66,0.0
20131025:0010,0.0,0.0,0.0,0.0,14.71,3.45,0.0
20131025:0110,0.0,0.0,0.0,0.0,14.78,3.45,0.0
20131025:0210,0.0,0.0,0.0,0.0,14.95,3.72,0.0
20131025:0310,0.0,0.0,0.0,0.0,15.07,4.41,0.0
20131025:0410,0.0,0.0,0.0,0.0,14.64,4.62,0.0
20131025:0510,0.0,0.0,0.0,0.0,14.86,4.97,0.0
20131025:0610,0.0,0.0,0.0,0.0,15.08,5.1,0.0
20131025:0710,1.0,29.0,0.0,6.14,15.79,4.76,0.0
20131025:0810,5.0,91.0,0.0,14.52,16.7,4.62,0.0
20131025:0910,0.0,93.0,0.0,21.52,17.44,4.41,0.0
20131025:1010,8.0,176.0,0.0,26.57,17.87,3.93,0.0
20131025:1110,0.0,90.0,0.0,29.11,19.52,4.41,0.0
20131025:1210,0.0,68.0,0.0,28.81,19.84,3.93,0.0
20131025:1310,0.0,55.0,0.0,25.71,18.96,3.31,0.0
20131025:1410,0.0,36.0,0.0,20.22,18.15,2.62,0.0
20131025:1510,0.0,55.0,0.0,12.89,17.95,2.76,0.0
20131025:1610,0.0,18.0,0.0,4.28,17.56,2.48,0.0
20131025:1710,0.0,0.0,0.0,0.0,17.18,2.34,0.0
20131025:1810,0.0,0.0,0.0,0.0,17.02,2.21,0.0
20131025:1910,0.0,0.0,0.0,0.0,16.38,2.14,0.0
20131025:2010,0.0,0.0,0.0,0.0,16.4,2.55,0.0
20131025:2110,0.0,0.0,0.0,0.0,16.31,2.97,0.0
20131025:2210,0.0,0.0,0.0,0.0,16.3,3.24,0.0
20131025:2310,0.0,0.0,0.0,0.0,16.18,3.24,0.0
20131026:0010,0.0,0.0,0.0,0.0,15.98,3.17,0.0
20131026:0110,0.0,0.0,0.0,0.0,15.73,3.1,0.0
20131026:0210,0.0,0.0,0.0,0.0,15.55,3.24,0.0
20131026:0310,0.0,0.0,0.0,0.0,15.45,3.17,0.0
20131026:0410,0.0,0.0,0.0,0.0,15.49,3.17,0.0
20131026:0510,0.0,0.0,0.0,0.0,15.63,3.38,0.0
20131026:0610,0.0,0.0,0.0,0.0,15.67,3.45,0.0
20131026:0710,12.0,39.0,0.0,5.88,16.08,3.52,0.0
20131026:0810,0.0,40.0,0.0,14.24,16.51,4.55,0.0
20131026:0910,0.0,49.0,0.0,21.21,17.29,4.55,0.0
20131026:1010,323.01,100.0,0.0,26.24,18.34,5.17,0.0
20131026:1110,48.0,228.0,0.0,28.77,19.03,5.38,0.0
20131026:1210,71.0,228.0,0.0,28.47,19.48,5.38,0.0
20131026:1310,4.0,157.0,0.0,25.38,19.84,5.1,0.0
20131026:1410,34.0,154.0,0.0,19.9,19.71,4.97,0.0
20131026:1510,9.0,85.0,0.0,12.59,18.88,4.97,0.0
20131026:1610,0.0,25.0,0.0,4.0,18.05,4.34,0.0
20131026:1710,0.0,0.0,0.0,0.0,17.18,3.86,0.0
20131026:1810,0.0,0.0,0.0,0.0,16.65,4.07,0.0
20131026:1910,0.0,0.0,0.0,0.0,16.65,4.07,0.0
20131026:2010,0.0,0.0,0.0,0.0,16.4,4.48,0.0
20131026:2110,0.0,0.0,0.0,0.0,15.95,5.17,0.0
20131026:2210,0.0,0.0,0.0,0.0,15.16,5.59,0.0
20131026:2310,0.0,0.0,0.0,0.0,14.85,5.93,0.0
20131027:0010,0.0,0.0,0.0,0.0,14.52,6.14,0.0
20131027:0110,0.0,0.0,0.0,0.0,14.3,6.55,0.0
20131027:0210,0.0,0.0,0.0,0.0,14.3,6.97,0.0
20131027:0310,0.0,0.0,0.0,0.0,14.32,7.24,0.0
20131027:0410,0.0,0.0,0.0,0.0,14.52,7.79,0.0
20131027:0510,0.0,0.0,0.0,0.0,14.65,8.34,0.0
20131027:0610,0.0,0.0,0.0,0.0,14.6,8.69,0.0
20131027:0710,0.0,11.0,0.0,5.62,14.52,9.17,0.0
20131027:0810,4.0,87.0,0.0,13.96,14.15,8.07,0.0
20131027:0910,0.0,55.0,0.0,20.91,14.79,8.28,0.0
20131027:1010,320.01,101.0,0.0,25.91,14.85,7.38,0.0
20131027:1110,366.01,103.0,0.0,28.43,15.82,8.62,0.0
20131027:1210,196.01,191.0,0.0,28.13,15.66,8.83,0.0
20131027:1310,275.01,115.0,0.0,25.05,16.1,9.66,0.0
20131027:1410,15.0,142.0,0.0,19.59,16.43,9.1,0.0
20131027:1510,4.0,75.0,0.0,12.3,16.37,7.93,0.0
20131027:1610,0.0,21.0,0.0,3.72,16.09,6.97,0.0
20131027:1710,0.0,0.0,0.0,0.0,15.81,6.69,0.0
20131027:1810,0.0,0.0,0.0,0.0,15.52,6.62,0.0
20131027:1910,0.0,0.0,0.0,0.0,14.69,6.48,0.0
20131027:2010,0.0,0.0,0.0,0.0,14.59,6.76,0.0
20131027:2110,0.0,0.0,0.0,0.0,14.46,7.93,0.0
20131027:2210,0.0,0.0,0.0,0.0,14.42,8.07,0.0
20131027:2310,0.0,0.0,0.0,0.0,14.4,7.79,0.0
20131028:0010,0.0,0.0,0.0,0.0,14.35,8.41,0.0
20131028:0110,0.0,0.0,0.0,0.0,14.45,8.34,0.0
20131028:0210,0.0,0.0,0.0,0.0,14.68,8.55,0.0
20131028:0310,0.0,0.0,0.0,0.0,15.78,9.17,0.0
20131028:0410,0.0,0.0,0.0,0.0,16.54,9.31,0.0
20131028:0510,0.0,0.0,0.0,0.0,17.06,9.72,0.0
20131028:0610,0.0,0.0,0.0,0.0,17.46,10.14,0.0
20131028:0710,2.0,27.57,0.0,5.36,15.5,9.66,0.0
20131028:0810,66.0,96.0,0.0,13.68,15.78,9.66,0.0
20131028:0910,0.0,67.0,0.0,20.61,15.87,9.31,0.0
20131028:1010,301.01,106.0,0.0,25.59,15.71,8.69,0.0
20131028:1110,378.01,93.0,0.0,28.09,15.63,8.48,0.0
20131028:1210,18.0,203.0,0.0,27.79,16.01,8.83,0.0
20131028:1310,158.01,172.0,0.0,24.72,16.2,8.97,0.0
20131028:1410,5.0,122.0,0.0,19.28,16.07,8.48,0.0
20131028:1510,94.0,68.0,0.0,12.01,15.57,8.28,0.0
20131028:1610,0.0,20.0,0.0,3.45,14.58,7.45,0.0
20131028:1710,0.0,0.0,0.0,0.0,13.85,7.03,0.0
20131028:1810,0.0,0.0,0.0,0.0,13.29,6.55,0.0
20131028:1910,0.0,0.0,0.0,0.0,12.94,6.0,0.0
20131028:2010,0.0,0.0,0.0,0.0,12.28,5.79,0.0
20131028:2110,0.0,0.0,0.0,0.0,11.71,5.52,0.0
20131028:2210,0.0,0.0,0.0,0.0,11.1,5.38,0.0
20131028:2310,0.0,0.0,0.0,0.0,10.68,5.31,0.0
20131029:0010,0.0,0.0,0.0,0.0,10.16,5.17,0.0
20131029:0110,0.0,0.0,0.0,0.0,9.83,5.17,0.0
20131029:0210,0.0,0.0,0.0,0.0,9.59,5.17,0.0
20131029:0310,0.0,0.0,0.0,0.0,9.38,5.03,0.0
20131029:0410,0.0,0.0,0.0,0.0,9.18,4.69,0.0
20131029:0510,0.0,0.0,0.0,0.0,8.95,4.41,0.0
20131029:0610,0.0,0.0,0.0,0.0,8.71,4.07,0.0
20131029:0710,25.0,23.91,0.0,5.1,8.2,4.07,0.0
20131029:0810,121.01,72.0,0.0,13.4,9.0,3.72,0.0
20131029:0910,227.01,94.0,0.0,20.31,10.42,4.69,0.0
20131029:1010,304.01,108.0,0.0,25.27,11.72,5.17,0.0
20131029:1110,330.01,122.0,0.0,27.76,12.69,5.79,0.0
20131029:1210,291.01,141.0,0.0,27.46,13.35,6.0,0.0
20131029:1310,295.01,104.0,0.0,24.4,13.48,5.72,0.0
20131029:1410,125.0,132.0,0.0,18.97,13.39,5.52,0.0
20131029:1510,104.01,63.0,0.0,11.72,13.0,4.69,0.0
20131029:1610,0.0,18.0,0.0,3.18,12.32,3.79,0.0
20131029:1710,0.0,0.0,0.0,0.0,11.36,3.24,0.0
20131029:1810,0.0,0.0,0.0,0.0,10.29,2.9,0.0
20131029:1910,0.0,0.0,0.0,0.0,9.5,2.97,0.0
20131029:2010,0.0,0.0,0.0,0.0,9.03,2.9,0.0
20131029:2110,0.0,0.0,0.0,0.0,8.38,2.83,0.0
20131029:2210,0.0,0.0,0.0,0.0,7.76,2.9,0.0
20131029:2310,0.0,0.0,0.0,0.0,7.44,2.9,0.0
20131030:0010,0.0,0.0,0.0,0.0,7.01,2.9,0.0
20131030:0110,0.0,0.0,0.0,0.0,6.95,2.83,0.0
20131030:0210,0.0,0.0,0.0,0.0,6.68,2.76,0.0
20131030:0310,0.0,0.0,0.0,0.0,6.5,2.62,0.0
20131030:0410,0.0,0.0,0.0,0.0,6.12,2.55,0.0
20131030:0510,0.0,0.0,0.0,0.0,5.98,2.34,0.0
20131030:0610,0.0,0.0,0.0,0.0,5.55,2.34,0.0
20131030:0710,23.0,22.49,0.0,4.84,4.82,2.14,0.0
20131030:0810,117.01,71.0,0.0,13.12,6.06,1.66,0.0
20131030:0910,217.01,96.0,0.0,20.01,8.52,1.86,0.0
20131030:1010,292.01,111.0,0.0,24.95,10.52,1.93,0.0
20131030:1110,342.01,111.0,0.0,27.43,12.08,2.0,0.0
20131030:1210,295.01,135.0,0.0,27.13,13.19,2.14,0.0
20131030:1310,245.01,128.0,0.0,24.08,13.74,2.41,0.0
20131030:1410,154.01,115.0,0.0,18.67,13.95,2.41,0.0
20131030:1510,98.01,63.0,0.0,11.44,13.74,1.66,0.0
20131030:1610,0.0,16.0,0.0,2.92,13.23,1.17,0.0
20131030:1710,0.0,0.0,0.0,0.0,12.36,1.52,0.0
20131030:1810,0.0,0.0,0.0,0.0,11.19,1.79,0.0
20131030:1910,0.0,0.0,0.0,0.0,9.72,2.14,0.0
20131030:2010,0.0,0.0,0.0,0.0,9.08,2.21,0.0
20131030:2110,0.0,0.0,0.0,0.0,8.64,2.21,0.0
20131030:2210,0.0,0.0,0.0,0.0,8.06,2.21,0.0
20131030:2310,0.0,0.0,0.0,0.0,7.55,2.28,0.0
20131031:0010,0.0,0.0,0.0,0.0,7.45,2.21,0.0
20131031:0110,0.0,0.0,0.0,0.0,7.07,2.21,0.0
20131031:0210,0.0,0.0,0.0,0.0,6.7,2.14,0.0
20131031:0310,0.0,0.0,0.0,0.0,6.24,2.21,0.0
20131031:0410,0.0,0.0,0.0,0.0,5.94,2.21,0.0
20131031:0510,0.0,0.0,0.0,0.0,5.72,2.28,0.0
20131031:0610,0.0,0.0,0.0,0.0,5.4,2.34,0.0
20131031:0710,19.0,23.2,0.0,4.58,4.7,2.76,0.0
20131031:0810,111.01,71.0,0.0,12.85,5.94,2.76,0.0
20131031:0910,210.01,96.0,0.0,19.71,8.13,3.38,0.0
20131031:1010,274.01,116.0,0.0,24.64,10.07,3.79,0.0
20131031:1110,334.01,110.0,0.0,27.11,11.43,4.0,0.0
20131031:1210,370.01,89.0,0.0,26.8,12.27,3.93,0.0
20131031:1310,261.01,114.0,0.0,23.77,12.75,3.86,0.0
20131031:1410,25.0,142.0,0.0,18.38,12.64,3.66,0.0
20131031:1510,7.0,75.0,0.0,11.17,12.41,3.45,0.0
20131031:1610,0.0,15.0,0.0,2.66,11.59,3.1,0.0
20131031:1710,0.0,0.0,0.0,0.0,10.54,3.24,0.0
20131031:1810,0.0,0.0,0.0,0.0,10.25,3.45,0.0
20131031:1910,0.0,0.0,0.0,0.0,10.63,3.86,0.0
20131031:2010,0.0,0.0,0.0,0.0,10.31,3.72,0.0
20131031:2110,0.0,0.0,0.0,0.0,10.21,3.86,0.0
20131031:2210,0.0,0.0,0.0,0.0,10.2,3.93,0.0
20131031:2310,0.0,0.0,0.0,0.0,10.03,3.86,0.0
20131101:0010,0.0,0.0,0.0,0.0,10.05,3.79,0.0
20131101:0110,0.0,0.0,0.0,0.0,9.99,3.59,0.0
20131101:0210,0.0,0.0,0.0,0.0,9.93,3.38,0.0
20131101:0310,0.0,0.0,0.0,0.0,9.86,3.31,0.0
20131101:0410,0.0,0.0,0.0,0.0,9.63,3.24,0.0
20131101:0510,0.0,0.0,0.0,0.0,9.32,3.38,0.0
20131101:0610,0.0,0.0,0.0,0.0,9.22,3.59,0.0
20131101:0710,3.0,23.31,0.0,4.32,9.2,3.38,0.0
20131101:0810,0.0,50.0,0.0,12.57,9.18,3.38,0.0
20131101:0910,0.0,68.0,0.0,19.42,9.41,3.59,0.0
20131101:1010,0.0,103.0,0.0,24.33,9.67,3.31,0.0
20131101:1110,0.0,103.0,0.0,26.78,9.89,3.45,0.0
20131101:1210,1.0,147.0,0.0,26.48,9.74,3.79,0.0
20131101:1310,0.0,123.0,0.0,23.46,9.62,3.93,0.0
20131101:1410,0.0,61.0,0.0,18.09,9.41,4.07,0.0
20131101:1510,1.0,58.0,0.0,10.9,9.33,4.21,0.0
20131101:1610,0.0,8.0,0.0,2.41,9.39,4.34,0.0
20131101:1710,0.0,0.0,0.0,0.0,9.54,4.41,0.0
20131101:1810,0.0,0.0,0.0,0.0,9.81,4.41,0.0
20131101:1910,0.0,0.0,0.0,0.0,9.86,4.97,0.0
20131101:2010,0.0,0.0,0.0,0.0,10.1,5.59,0.0
20131101:2110,0.0,0.0,0.0,0.0,10.34,6.21,0.0
20131101:2210,0.0,0.0,0.0,0.0,10.59,6.62,0.0
20131101:2310,0.0,0.0,0.0,0.0,10.87,7.03,0.0
20131102:0010,0.0,0.0,0.0,0.0,11.38,7.31,0.0
20131102:0110,0.0,0.0,0.0,0.0,12.2,7.31,0.0
20131102:0210,0.0,0.0,0.0,0.0,12.84,7.1,0.0
20131102:0310,0.0,0.0,0.0,0.0,13.25,6.62,0.0
20131102:0410,0.0,0.0,0.0,0.0,13.47,6.07,0.0
20131102:0510,0.0,0.0,0.0,0.0,13.85,5.86,0.0
20131102:0610,0.0,0.0,0.0,0.0,14.37,6.07,0.0
20131102:0710,2.0,20.57,0.0,4.06,14.4,5.59,0.0
20131102:0810,9.0,84.0,0.0,12.3,14.43,5.52,0.0
20131102:0910,61.0,150.0,0.0,19.13,14.55,5.52,0.0
20131102:1010,8.0,164.0,0.0,24.02,14.73,5.17,0.0
20131102:1110,31.0,206.0,0.0,26.46,14.84,4.9,0.0
20131102:1210,137.0,196.0,0.0,26.16,14.89,5.03,0.0
20131102:1310,97.0,180.0,0.0,23.16,15.05,5.79,0.0
20131102:1410,27.0,137.0,0.0,17.8,15.21,5.86,0.0
20131102:1510,11.0,74.0,0.0,10.63,15.08,5.31,0.0
20131102:1610,0.0,10.0,0.0,2.16,14.76,5.31,0.0
20131102:1710,0.0,0.0,0.0,0.0,14.23,5.38,0.0
20131102:1810,0.0,0.0,0.0,0.0,13.84,5.72,0.0
20131102:1910,0.0,0.0,0.0,0.0,13.46,6.0,0.0
20131102:2010,0.0,0.0,0.0,0.0,13.36,5.79,0.0
20131102:2110,0.0,0.0,0.0,0.0,12.67,5.24,0.0
20131102:2210,0.0,0.0,0.0,0.0,11.96,4.97,0.0
20131102:2310,0.0,0.0,0.0,0.0,11.12,5.24,0.0
20131103:0010,0.0,0.0,0.0,0.0,10.13,5.24,0.0
20131103:0110,0.0,0.0,0.0,0.0,9.69,5.45,0.0
20131103:0210,0.0,0.0,0.0,0.0,9.73,5.72,0.0
20131103:0310,0.0,0.0,0.0,0.0,9.69,6.14,0.0
20131103:0410,0.0,0.0,0.0,0.0,9.38,6.34,0.0
20131103:0510,0.0,0.0,0.0,0.0,8.92,6.21,0.0
20131103:0610,0.0,0.0,0.0,0.0,8.31,5.79,0.0
20131103:0710,20.0,15.67,0.0,3.81,8.25,5.72,0.0
20131103:0810,128.01,53.0,0.0,12.03,8.77,5.31,0.0
20131103:0910,239.01,69.0,0.0,18.83,9.32,6.14,0.0
20131103:1010,315.01,81.0,0.0,23.71,10.17,7.45,0.0
20131103:1110,342.01,93.0,0.0,26.15,11.03,7.1,0.0
20131103:1210,219.01,160.0,0.0,25.85,11.57,7.03,0.0
20131103:1310,273.01,95.0,0.0,22.86,11.81,6.97,0.0
20131103:1410,132.01,112.0,0.0,17.52,12.04,6.69,0.0
20131103:1510,33.0,77.0,0.0,10.37,11.67,5.72,0.0
20131103:1610,0.0,9.0,0.0,1.91,11.01,5.38,0.0
20131103:1710,0.0,0.0,0.0,0.0,10.45,5.17,0.0
20131103:1810,0.0,0.0,0.0,0.0,10.3,5.52,0.0
20131103:1910,0.0,0.0,0.0,0.0,10.0,5.66,0.0
20131103:2010,0.0,0.0,0.0,0.0,9.89,6.21,0.0
20131103:2110,0.0,0.0,0.0,0.0,9.99,7.03,0.0
20131103:2210,0.0,0.0,0.0,0.0,10.22,8.07,0.0
20131103:2310,0.0,0.0,0.0,0.0,10.14,8.83,0.0
20131104:0010,0.0,0.0,0.0,0.0,10.59,9.52,0.0
20131104:0110,0.0,0.0,0.0,0.0,11.18,9.59,0.0
20131104:0210,0.0,0.0,0.0,0.0,11.58,8.62,0.0
20131104:0310,0.0,0.0,0.0,0.0,11.84,7.72,0.0
20131104:0410,0.0,0.0,0.0,0.0,12.1,7.38,0.0
20131104:0510,0.0,0.0,0.0,0.0,12.12,7.86,0.0
20131104:0610,0.0,0.0,0.0,0.0,11.81,7.79,0.0
20131104:0710,10.0,18.56,0.0,3.55,12.14,7.45,0.0
20131104:0810,99.01,63.0,0.0,11.75,12.22,7.45,0.0
20131104:0910,139.01,118.0,0.0,18.55,12.6,7.52,0.0
20131104:1010,0.0,92.0,0.0,23.41,12.79,7.52,0.0
20131104:1110,0.0,135.0,0.0,25.84,12.72,6.62,0.0
20131104:1210,154.01,185.0,0.0,25.54,12.52,7.03,0.0
20131104:1310,0.0,85.0,0.0,22.56,11.33,6.48,0.0
20131104:1410,0.0,81.0,0.0,17.25,10.42,5.72,0.0
20131104:1510,8.0,69.0,0.0,10.11,10.09,4.9,0.0
20131104:1610,0.0,6.0,0.0,1.67,9.71,3.86,0.0
20131104:1710,0.0,0.0,0.0,0.0,8.97,3.24,0.0
20131104:1810,0.0,0.0,0.0,0.0,8.21,3.1,0.0
20131104:1910,0.0,0.0,0.0,0.0,7.38,3.1,0.0
20131104:2010,0.0,0.0,0.0,0.0,6.72,2.97,0.0
20131104:2110,0.0,0.0,0.0,0.0,6.37,2.76,0.0
20131104:2210,0.0,0.0,0.0,0.0,5.94,2.9,0.0
20131104:2310,0.0,0.0,0.0,0.0,5.53,3.1,0.0
20131105:0010,0.0,0.0,0.0,0.0,5.18,3.17,0.0
20131105:0110,0.0,0.0,0.0,0.0,4.83,3.03,0.0
20131105:0210,0.0,0.0,0.0,0.0,4.48,3.03,0.0
20131105:0310,0.0,0.0,0.0,0.0,4.31,3.1,0.0
20131105:0410,0.0,0.0,0.0,0.0,4.56,3.1,0.0
20131105:0510,0.0,0.0,0.0,0.0,4.9,3.38,0.0
20131105:0610,0.0,0.0,0.0,0.0,5.82,3.93,0.0
20131105:0710,0.0,11.0,0.0,3.3,5.28,3.45,0.0
20131105:0810,0.0,40.0,0.0,11.49,6.1,3.86,0.0
20131105:0910,0.0,83.0,0.0,18.26,6.65,4.41,0.0
20131105:1010,0.0,52.0,0.0,23.1,7.6,4.55,0.0
20131105:1110,0.0,66.0,0.0,25.53,8.76,4.62,0.0
20131105:1210,0.0,83.0,0.0,25.24,9.81,4.69,0.0
20131105:1310,0.0,83.0,0.0,22.27,10.45,5.17,0.0
20131105:1410,2.0,97.0,0.0,16.98,11.12,5.93,0.0
20131105:1510,1.0,53.0,0.0,9.86,11.49,6.34,0.0
20131105:1610,0.0,2.0,0.0,1.44,11.56,6.48,0.0
20131105:1710,0.0,0.0,0.0,0.0,11.27,6.48,0.0
20131105:1810,0.0,0.0,0.0,0.0,11.06,6.41,0.0
20131105:1910,0.0,0.0,0.0,0.0,11.03,5.93,0.0
20131105:2010,0.0,0.0,0.0,0.0,10.93,5.59,0.0
20131105:2110,0.0,0.0,0.0,0.0,10.9,5.38,0.0
20131105:2210,0.0,0.0,0.0,0.0,10.73,5.31,0.0
20131105:2310,0.0,0.0,0.0,0.0,10.71,5.38,0.0
20131106:0010,0.0,0.0,0.0,0.0,11.0,5.38,0.0
20131106:0110,0.0,0.0,0.0,0.0,11.29,5.17,0.0
20131106:0210,0.0,0.0,0.0,0.0,11.48,4.76,0.0
20131106:0310,0.0,0.0,0.0,0.0,11.46,4.14,0.0
20131106:0410,0.0,0.0,0.0,0.0,11.34,3.52,0.0
20131106:0510,0.0,0.0,0.0,0.0,12.13,4.14,0.0
20131106:0610,0.0,0.0,0.0,0.0,12.75,5.24,0.0
20131106:0710,7.0,15.39,0.0,3.05,12.77,5.38,0.0
20131106:0810,0.0,0.0,0.0,0.0,12.9,6.0,0.0
20131106:0910,0.0,0.0,0.0,0.0,12.96,6.28,0.0
20131106:1010,219.01,121.0,0.0,22.81,13.1,6.41,0.0
20131106:1110,80.0,202.0,0.0,25.23,13.97,7.24,0.0
20131106:1210,282.01,108.0,0.0,24.94,15.02,7.86,0.0
20131106:1310,0.0,85.0,0.0,21.99,15.2,6.55,0.0
20131106:1410,18.0,124.0,0.0,16.71,15.57,6.55,0.0
20131106:1510,0.0,38.0,0.0,9.62,15.16,5.86,0.0
20131106:1610,0.0,0.0,0.0,0.0,14.72,5.86,0.0
20131106:1710,0.0,0.0,0.0,0.0,14.41,5.79,0.0
20131106:1810,0.0,0.0,0.0,0.0,14.3,5.86,0.0
20131106:1910,0.0,0.0,0.0,0.0,14.78,6.07,0.0
20131106:2010,0.0,0.0,0.0,0.0,14.65,6.21,0.0
20131106:2110,0.0,0.0,0.0,0.0,14.48,6.34,0.0
20131106:2210,0.0,0.0,0.0,0.0,14.28,6.41,0.0
20131106:2310,0.0,0.0,0.0,0.0,14.18,6.34,0.0
20131107:0010,0.0,0.0,0.0,0.0,14.15,6.28,0.0
20131107:0110,0.0,0.0,0.0,0.0,14.17,6.14,0.0
20131107:0210,0.0,0.0,0.0,0.0,14.13,6.07,0.0
20131107:0310,0.0,0.0,0.0,0.0,14.09,6.0,0.0
20131107:0410,0.0,0.0,0.0,0.0,14.06,5.93,0.0
20131107:0510,0.0,0.0,0.0,0.0,13.92,5.79,0.0
20131107:0610,0.0,0.0,0.0,0.0,13.85,5.86,0.0
20131107:0710,6.0,13.68,0.0,2.8,14.12,5.66,0.0
20131107:0810,40.0,78.0,0.0,10.95,14.2,5.86,0.0
20131107:0910,2.0,106.0,0.0,17.7,14.39,6.07,0.0
20131107:1010,57.0,179.0,0.0,22.51,14.9,5.93,0.0
20131107:1110,0.0,113.0,0.0,24.93,15.82,8.07,0.0
20131107:1210,52.0,197.0,0.0,24.65,16.65,8.21,0.0
20131107:1310,36.0,171.0,0.0,21.71,16.66,6.69,0.0
20131107:1410,104.0,109.0,0.0,16.45,17.06,7.72,0.0
20131107:1510,5.0,58.0,0.0,9.38,16.9,6.34,0.0
20131107:1610,0.0,0.0,0.0,0.0,16.19,6.07,0.0
20131107:1710,0.0,0.0,0.0,0.0,15.83,6.41,0.0
20131107:1810,0.0,0.0,0.0,0.0,15.87,7.03,0.0
20131107:1910,0.0,0.0,0.0,0.0,15.19,7.17,0.0
20131107:2010,0.0,0.0,0.0,0.0,14.75,6.83,0.0
20131107:2110,0.0,0.0,0.0,0.0,14.18,5.86,0.0
20131107:2210,0.0,0.0,0.0,0.0,13.61,4.07,0.0
20131107:2310,0.0,0.0,0.0,0.0,12.77,3.24,0.0
20131108:0010,0.0,0.0,0.0,0.0,11.94,2.41,0.0
20131108:0110,0.0,0.0,0.0,0.0,11.35,1.17,0.0
20131108:0210,0.0,0.0,0.0,0.0,10.96,0.83,0.0
20131108:0310,0.0,0.0,0.0,0.0,10.37,1.03,0.0
20131108:0410,0.0,0.0,0.0,0.0,9.93,1.38,0.0
20131108:0510,0.0,0.0,0.0,0.0,9.48,1.24,0.0
20131108:0610,0.0,0.0,0.0,0.0,8.85,1.31,0.0
20131108:0710,0.0,10.0,0.0,2.55,8.58,1.45,0.0
20131108:0810,1.0,57.0,0.0,10.69,9.37,0.97,0.0
20131108:0910,3.0,107.0,0.0,17.42,10.74,1.17,0.0
20131108:1010,1.0,119.0,0.0,22.22,11.59,1.52,0.0
20131108:1110,19.0,185.0,0.0,24.63,12.13,2.0,0.0
20131108:1210,0.0,77.0,0.0,24.36,12.16,2.07,0.0
20131108:1310,13.0,156.0,0.0,21.43,12.39,1.79,0.0
20131108:1410,15.0,120.0,0.0,16.19,13.04,3.31,0.0
20131108:1510,38.0,63.0,0.0,9.14,12.44,4.62,0.0
20131108:1610,0.0,0.0,0.0,0.0,12.04,4.76,0.0
20131108:1710,0.0,0.0,0.0,0.0,11.51,5.1,0.0
20131108:1810,0.0,0.0,0.0,0.0,10.76,5.66,0.0
20131108:1910,0.0,0.0,0.0,0.0,10.33,6.48,0.0
20131108:2010,0.0,0.0,0.0,0.0,10.02,6.55,0.0
20131108:2110,0.0,0.0,0.0,0.0,9.56,5.86,0.0
20131108:2210,0.0,0.0,0.0,0.0,8.94,5.1,0.0
20131108:2310,0.0,0.0,0.0,0.0,8.35,4.9,0.0
20131109:0010,0.0,0.0,0.0,0.0,7.77,4.76,0.0
20131109:0110,0.0,0.0,0.0,0.0,7.26,4.55,0.0
20131109:0210,0.0,0.0,0.0,0.0,6.84,4.41,0.0
20131109:0310,0.0,0.0,0.0,0.0,6.49,4.28,0.0
20131109:0410,0.0,0.0,0.0,0.0,6.09,4.14,0.0
20131109:0510,0.0,0.0,0.0,0.0,5.9,4.0,0.0
20131109:0610,0.0,0.0,0.0,0.0,5.67,3.93,0.0
20131109:0710,8.0,10.29,0.0,2.3,5.64,3.79,0.0
20131109:0810,102.01,49.0,0.0,10.43,6.23,3.93,0.0
20131109:0910,168.01,90.0,0.0,17.14,7.82,4.28,0.0
20131109:1010,100.0,171.0,0.0,21.94,9.46,5.1,0.0
20131109:1110,0.0,131.0,0.0,24.34,10.66,5.79,0.0
20131109:1210,6.0,163.0,0.0,24.07,10.98,6.28,0.0
20131109:1310,0.0,60.0,0.0,21.16,9.65,6.28,0.0
20131109:1410,0.0,63.0,0.0,15.95,9.31,7.38,0.0
20131109:1510,8.0,61.0,0.0,8.91,8.95,7.38,0.0
20131109:1610,0.0,0.0,0.0,0.0,8.88,6.69,0.0
20131109:1710,0.0,0.0,0.0,0.0,8.75,6.07,0.0
20131109:1810,0.0,0.0,0.0,0.0,8.91,5.52,0.0
20131109:1910,0.0,0.0,0.0,0.0,8.96,4.83,0.0
20131109:2010,0.0,0.0,0.0,0.0,8.7,4.55,0.0
20131109:2110,0.0,0.0,0.0,0.0,8.62,4.62,0.0
20131109:2210,0.0,0.0,0.0,0.0,8.27,4.28,0.0
20131109:2310,0.0,0.0,0.0,0.0,7.87,4.0,0.0
20131110:0010,0.0,0.0,0.0,0.0,7.65,3.66,0.0
20131110:0110,0.0,0.0,0.0,0.0,7.82,3.79,0.0
20131110:0210,0.0,0.0,0.0,0.0,8.08,4.69,0.0
20131110:0310,0.0,0.0,0.0,0.0,8.5,4.28,0.0
20131110:0410,0.0,0.0,0.0,0.0,10.02,5.31,0.0
20131110:0510,0.0,0.0,0.0,0.0,9.59,6.48,0.0
20131110:0610,0.0,0.0,0.0,0.0,8.18,6.21,0.0
20131110:0710,0.0,11.0,0.0,2.06,7.88,4.48,0.0
20131110:0810,30.0,76.0,0.0,10.17,7.88,5.1,0.0
20131110:0910,101.0,120.0,0.0,16.87,7.86,5.31,0.0
20131110:1010,16.0,162.0,0.0,21.65,8.22,5.79,0.0
20131110:1110,296.01,98.0,0.0,24.06,8.99,6.0,0.0
20131110:1210,163.01,167.0,0.0,23.79,9.52,6.28,0.0
20131110:1310,246.01,90.0,0.0,20.9,9.74,6.21,0.0
20131110:1410,153.01,82.0,0.0,15.7,9.65,5.79,0.0
20131110:1510,44.0,58.0,0.0,8.69,9.18,5.1,0.0
20131110:1610,0.0,0.0,0.0,0.0,8.25,4.48,0.0
20131110:1710,0.0,0.0,0.0,0.0,7.23,3.86,0.0
20131110:1810,0.0,0.0,0.0,0.0,6.45,3.38,0.0
20131110:1910,0.0,0.0,0.0,0.0,5.6,2.69,0.0
20131110:2010,0.0,0.0,0.0,0.0,4.89,2.55,0.0
20131110:2110,0.0,0.0,0.0,0.0,4.31,2.34,0.0
20131110:2210,0.0,0.0,0.0,0.0,3.77,2.14,0.0
20131110:2310,0.0,0.0,0.0,0.0,3.12,1.86,0.0
20131111:0010,0.0,0.0,0.0,0.0,2.32,1.59,0.0
20131111:0110,0.0,0.0,0.0,0.0,2.58,1.1,0.0
20131111:0210,0.0,0.0,0.0,0.0,1.64,1.38,0.0
20131111:0310,0.0,0.0,0.0,0.0,1.25,1.45,0.0
20131111:0410,0.0,0.0,0.0,0.0,1.69,1.1,0.0
20131111:0510,0.0,0.0,0.0,0.0,0.73,1.66,0.0
20131111:0610,0.0,0.0,0.0,0.0,0.6,1.79,0.0
20131111:0710,0.0,4.0,0.0,1.82,0.37,2.07,0.0
20131111:0810,40.0,70.0,0.0,9.92,1.69,1.86,0.0
20131111:0910,191.01,69.0,0.0,16.6,4.04,2.07,0.0
20131111:1010,258.01,86.0,0.0,21.38,5.98,2.62,0.0
20131111:1110,314.01,82.0,0.0,23.77,7.64,2.9,0.0
20131111:1210,313.01,80.0,0.0,23.52,8.9,3.38,0.0
20131111:1310,246.01,84.0,0.0,20.64,9.49,3.45,0.0
20131111:1410,74.0,114.0,0.0,15.46,9.57,3.38,0.0
20131111:1510,13.0,60.0,0.0,8.47,9.4,2.9,0.0
20131111:1610,0.0,0.0,0.0,0.0,8.65,2.76,0.0
20131111:1710,0.0,0.0,0.0,0.0,8.09,2.9,0.0
20131111:1810,0.0,0.0,0.0,0.0,7.85,2.97,0.0
20131111:1910,0.0,0.0,0.0,0.0,8.28,3.1,0.0
20131111:2010,0.0,0.0,0.0,0.0,8.2,3.1,0.0
20131111:2110,0.0,0.0,0.0,0.0,8.09,3.03,0.0
20131111:2210,0.0,0.0,0.0,0.0,7.97,3.03,0.0
20131111:2310,0.0,0.0,0.0,0.0,7.93,3.1,0.0
20131112:0010,0.0,0.0,0.0,0.0,7.91,3.03,0.0
20131112:0110,0.0,0.0,0.0,0.0,7.88,2.97,0.0
20131112:0210,0.0,0.0,0.0,0.0,7.92,2.76,0.0
20131112:0310,0.0,0.0,0.0,0.0,7.97,2.69,0.0
20131112:0410,0.0,0.0,0.0,0.0,8.01,2.55,0.0
20131112:0510,0.0,0.0,0.0,0.0,8.1,2.28,0.0
20131112:0610,0.0,0.0,0.0,0.0,8.12,2.21,0.0
20131112:0710,0.0,6.0,0.0,1.58,7.99,2.34,0.0
20131112:0810,4.0,58.0,0.0,9.66,7.99,2.48,0.0
20131112:0910,31.0,125.0,0.0,16.34,8.21,2.34,0.0
20131112:1010,7.0,141.0,0.0,21.1,8.43,2.28,0.0
20131112:1110,3.0,145.0,0.0,23.5,8.77,2.41,0.0
20131112:1210,4.0,144.0,0.0,23.25,9.15,2.28,0.0
20131112:1310,4.0,128.0,0.0,20.39,9.27,2.07,0.0
20131112:1410,0.0,60.0,0.0,15.23,9.57,1.93,0.0
20131112:1510,1.0,41.0,0.0,8.26,9.62,1.72,0.0
20131112:1610,0.0,0.0,0.0,0.0,9.56,1.52,0.0
20131112:1710,0.0,0.0,0.0,0.0,9.6,1.31,0.0
20131112:1810,0.0,0.0,0.0,0.0,9.7,1.1,0.0
20131112:1910,0.0,0.0,0.0,0.0,9.37,2.28,0.0
20131112:2010,0.0,0.0,0.0,0.0,9.36,3.72,0.0
20131112:2110,0.0,0.0,0.0,0.0,9.26,4.55,0.0
20131112:2210,0.0,0.0,0.0,0.0,9.22,4.62,0.0
20131112:2310,0.0,0.0,0.0,0.0,9.16,4.41,0.0
20131113:0010,0.0,0.0,0.0,0.0,9.01,4.14,0.0
20131113:0110,0.0,0.0,0.0,0.0,8.85,4.21,0.0
20131113:0210,0.0,0.0,0.0,0.0,8.58,4.14,0.0
20131113:0310,0.0,0.0,0.0,0.0,8.22,4.28,0.0
20131113:0410,0.0,0.0,0.0,0.0,7.86,4.28,0.0
20131113:0510,0.0,0.0,0.0,0.0,7.31,4.07,0.0
20131113:0610,0.0,0.0,0.0,0.0,6.75,3.79,0.0
20131113:0710,0.0,5.0,0.0,1.34,6.64,3.52,0.0
20131113:0810,85.01,47.0,0.0,9.41,6.85,3.1,0.0
20131113:0910,201.01,61.0,0.0,16.07,7.32,3.79,0.0
20131113:1010,262.01,81.0,0.0,20.83,8.04,4.14,0.0
20131113:1110,306.01,84.0,0.0,23.22,8.67,4.07,0.0
20131113:1210,297.01,86.0,0.0,22.98,8.87,3.86,0.0
20131113:1310,272.01,69.0,0.0,20.14,9.21,3.79,0.0
20131113:1410,126.01,89.0,0.0,15.0,9.26,3.59,0.0
20131113:1510,38.0,55.0,0.0,8.05,9.07,3.1,0.0
20131113:1610,0.0,0.0,0.0,0.0,8.3,2.34,0.0
20131113:1710,0.0,0.0,0.0,0.0,7.17,2.14,0.0
20131113:1810,0.0,0.0,0.0,0.0,6.5,1.86,0.0
20131113:1910,0.0,0.0,0.0,0.0,5.14,1.86,0.0
20131113:2010,0.0,0.0,0.0,0.0,3.91,1.59,0.0
20131113:2110,0.0,0.0,0.0,0.0,2.99,1.66,0.0
20131113:2210,0.0,0.0,0.0,0.0,2.45,1.86,0.0
20131113:2310,0.0,0.0,0.0,0.0,2.57,2.0,0.0
20131114:0010,0.0,0.0,0.0,0.0,2.71,1.52,0.0
20131114:0110,0.0,0.0,0.0,0.0,2.71,1.45,0.0
20131114:0210,0.0,0.0,0.0,0.0,2.56,2.0,0.0
20131114:0310,0.0,0.0,0.0,0.0,2.41,2.14,0.0
20131114:0410,0.0,0.0,0.0,0.0,2.43,2.55,0.0
20131114:0510,0.0,0.0,0.0,0.0,2.77,2.76,0.0
20131114:0610,0.0,0.0,0.0,0.0,3.28,3.1,0.0
20131114:0710,0.0,0.0,0.0,0.0,3.63,3.31,0.0
20131114:0810,20.0,67.0,0.0,9.17,4.71,3.93,0.0
20131114:0910,6.0,108.0,0.0,15.82,6.28,3.72,0.0
20131114:1010,0.0,107.0,0.0,20.56,7.99,4.48,0.0
20131114:1110,0.0,94.0,0.0,22.96,8.92,5.66,0.0
20131114:1210,17.0,172.0,0.0,22.73,9.6,5.59,0.0
20131114:1310,61.0,162.0,0.0,19.9,9.67,5.66,0.0
20131114:1410,183.01,57.0,0.0,14.78,8.86,5.93,0.0
20131114:1510,66.01,40.0,0.0,7.85,8.41,5.1,0.0
20131114:1610,0.0,0.0,0.0,0.0,7.37,4.83,0.0
20131114:1710,0.0,0.0,0.0,0.0,6.56,4.14,0.0
20131114:1810,0.0,0.0,0.0,0.0,6.23,4.14,0.0
20131114:1910,0.0,0.0,0.0,0.0,5.75,4.0,0.0
20131114:2010,0.0,0.0,0.0,0.0,5.44,4.14,0.0
20131114:2110,0.0,0.0,0.0,0.0,5.29,4.34,0.0
20131114:2210,0.0,0.0,0.0,0.0,5.18,4.28,0.0
20131114:2310,0.0,0.0,0.0,0.0,4.96,4.48,0.0
20131115:0010,0.0,0.0,0.0,0.0,4.91,4.76,0.0
20131115:0110,0.0,0.0,0.0,0.0,5.06,4.97,0.0
20131115:0210,0.0,0.0,0.0,0.0,5.01,5.24,0.0
20131115:0310,0.0,0.0,0.0,0.0,4.99,5.17,0.0
20131115:0410,0.0,0.0,0.0,0.0,4.77,4.83,0.0
20131115:0510,0.0,0.0,0.0,0.0,4.64,4.76,0.0
20131115:0610,0.0,0.0,0.0,0.0,4.84,4.62,0.0
20131115:0710,0.0,0.0,0.0,0.0,5.67,4.55,0.0
20131115:0810,0.0,28.0,0.0,8.92,6.29,4.83,0.0
20131115:0910,8.0,110.0,0.0,15.56,6.83,5.31,0.0
20131115:1010,35.0,164.0,0.0,20.3,7.78,6.76,0.0
20131115:1110,29.0,181.0,0.0,22.7,8.19,7.59,0.0
20131115:1210,1.0,125.0,0.0,22.47,8.61,7.72,0.0
20131115:1310,9.0,139.0,0.0,19.66,8.69,7.31,0.0
20131115:1410,3.0,92.0,0.0,14.57,8.68,6.83,0.0
20131115:1510,23.0,54.0,0.0,7.66,8.51,6.83,0.0
20131115:1610,0.0,0.0,0.0,0.0,8.17,6.28,0.0
20131115:1710,0.0,0.0,0.0,0.0,7.8,5.79,0.0
20131115:1810,0.0,0.0,0.0,0.0,7.38,5.52,0.0
20131115:1910,0.0,0.0,0.0,0.0,7.14,4.97,0.0
20131115:2010,0.0,0.0,0.0,0.0,6.73,4.28,0.0
20131115:2110,0.0,0.0,0.0,0.0,5.95,3.79,0.0
20131115:2210,0.0,0.0,0.0,0.0,5.22,3.45,0.0
20131115:2310,0.0,0.0,0.0,0.0,4.62,3.24,0.0
20131116:0010,0.0,0.0,0.0,0.0,4.17,3.24,0.0
20131116:0110,0.0,0.0,0.0,0.0,3.78,3.17,0.0
20131116:0210,0.0,0.0,0.0,0.0,3.49,3.03,0.0
20131116:0310,0.0,0.0,0.0,0.0,3.15,2.97,0.0
20131116:0410,0.0,0.0,0.0,0.0,2.89,2.9,0.0
20131116:0510,0.0,0.0,0.0,0.0,2.53,2.76,0.0
20131116:0610,0.0,0.0,0.0,0.0,2.16,2.48,0.0
20131116:0710,0.0,0.0,0.0,0.0,2.38,2.34,0.0
20131116:0810,69.01,48.0,0.0,8.68,2.75,2.62,0.0
20131116:0910,177.01,65.0,0.0,15.31,3.67,3.1,0.0
20131116:1010,124.01,146.0,0.0,20.04,4.48,3.31,0.0
20131116:1110,0.0,104.0,0.0,22.44,5.16,3.72,0.0
20131116:1210,0.0,62.0,0.0,22.23,5.67,3.86,0.0
20131116:1310,0.0,59.0,0.0,19.43,6.1,4.0,0.0
20131116:1410,0.0,69.0,0.0,14.36,6.3,4.07,0.0
20131116:1510,1.0,38.0,0.0,7.47,6.14,3.86,0.0
20131116:1610,0.0,0.0,0.0,0.0,5.31,3.17,0.0
20131116:1710,0.0,0.0,0.0,0.0,4.25,3.17,0.0
20131116:1810,0.0,0.0,0.0,0.0,3.76,3.03,0.0
20131116:1910,0.0,0.0,0.0,0.0,3.4,2.62,0.0
20131116:2010,0.0,0.0,0.0,0.0,3.43,2.48,0.0
20131116:2110,0.0,0.0,0.0,0.0,3.43,2.34,0.0
20131116:2210,0.0,0.0,0.0,0.0,3.32,2.34,0.0
20131116:2310,0.0,0.0,0.0,0.0,3.28,2.28,0.0
20131117:0010,0.0,0.0,0.0,0.0,3.47,2.28,0.0
20131117:0110,0.0,0.0,0.0,0.0,3.42,2.55,0.0
20131117:0210,0.0,0.0,0.0,0.0,3.53,2.76,0.0
20131117:0310,0.0,0.0,0.0,0.0,3.52,2.69,0.0
20131117:0410,0.0,0.0,0.0,0.0,3.31,2.55,0.0
20131117:0510,0.0,0.0,0.0,0.0,3.02,2.41,0.0
20131117:0610,0.0,0.0,0.0,0.0,2.75,2.34,0.0
20131117:0710,0.0,0.0,0.0,0.0,3.26,2.83,0.0
20131117:0810,0.0,10.0,0.0,8.44,3.44,2.97,0.0
20131117:0910,0.0,28.0,0.0,15.06,3.85,3.17,0.0
20131117:1010,0.0,53.0,0.0,19.79,4.13,3.1,0.0
20131117:1110,0.0,60.0,0.0,22.19,4.65,2.9,0.0
20131117:1210,0.0,65.0,0.0,21.99,5.13,2.69,0.0
20131117:1310,0.0,60.0,0.0,19.21,5.44,2.55,0.0
20131117:1410,0.0,38.0,0.0,14.16,5.56,2.41,0.0
20131117:1510,1.0,39.0,0.0,7.29,5.57,2.14,0.0
20131117:1610,0.0,0.0,0.0,0.0,5.54,1.59,0.0
20131117:1710,0.0,0.0,0.0,0.0,5.5,1.03,0.0
20131117:1810,0.0,0.0,0.0,0.0,5.46,0.83,0.0
20131117:1910,0.0,0.0,0.0,0.0,5.24,1.03,0.0
20131117:2010,0.0,0.0,0.0,0.0,5.22,1.03,0.0
20131117:2110,0.0,0.0,0.0,0.0,5.02,1.1,0.0
20131117:2210,0.0,0.0,0.0,0.0,5.05,1.03,0.0
20131117:2310,0.0,0.0,0.0,0.0,5.04,0.97,0.0
20131118:0010,0.0,0.0,0.0,0.0,4.89,0.9,0.0
20131118:0110,0.0,0.0,0.0,0.0,4.89,0.69,0.0
20131118:0210,0.0,0.0,0.0,0.0,4.76,0.55,0.0
20131118:0310,0.0,0.0,0.0,0.0,4.66,0.41,0.0
20131118:0410,0.0,0.0,0.0,0.0,4.66,0.41,0.0
20131118:0510,0.0,0.0,0.0,0.0,4.68,0.34,0.0
20131118:0610,0.0,0.0,0.0,0.0,4.72,0.21,0.0
20131118:0710,0.0,0.0,0.0,0.0,4.67,1.31,0.0
20131118:0810,5.0,53.0,0.0,8.21,4.71,1.45,0.0
20131118:0910,0.0,71.0,0.0,14.82,5.17,1.38,0.0
20131118:1010,0.0,51.0,0.0,19.54,5.78,1.66,0.0
20131118:1110,0.0,61.0,0.0,21.94,6.26,1.31,0.0
20131118:1210,0.0,56.0,0.0,21.75,6.73,1.45,0.0
20131118:1310,0.0,57.0,0.0,18.99,6.95,1.59,0.0
20131118:1410,0.0,46.0,0.0,13.96,6.99,1.59,0.0
20131118:1510,2.0,40.0,0.0,7.11,6.84,1.59,0.0
20131118:1610,0.0,0.0,0.0,0.0,6.59,1.52,0.0
20131118:1710,0.0,0.0,0.0,0.0,6.25,1.38,0.0
20131118:1810,0.0,0.0,0.0,0.0,6.01,1.17,0.0
20131118:1910,0.0,0.0,0.0,0.0,5.16,1.45,0.0
20131118:2010,0.0,0.0,0.0,0.0,4.73,1.31,0.0
20131118:2110,0.0,0.0,0.0,0.0,4.14,1.31,0.0
20131118:2210,0.0,0.0,0.0,0.0,4.11,1.38,0.0
20131118:2310,0.0,0.0,0.0,0.0,3.64,1.52,0.0
20131119:0010,0.0,0.0,0.0,0.0,3.65,1.45,0.0
20131119:0110,0.0,0.0,0.0,0.0,3.92,1.31,0.0
20131119:0210,0.0,0.0,0.0,0.0,4.25,1.1,0.0
20131119:0310,0.0,0.0,0.0,0.0,4.59,1.24,0.0
20131119:0410,0.0,0.0,0.0,0.0,4.8,1.45,0.0
20131119:0510,0.0,0.0,0.0,0.0,5.05,1.59,0.0
20131119:0610,0.0,0.0,0.0,0.0,5.32,1.72,0.0
20131119:0710,0.0,0.0,0.0,0.0,5.43,1.59,0.0
20131119:0810,0.0,21.0,0.0,7.97,5.83,2.83,0.0
20131119:0910,7.0,101.0,0.0,14.58,6.24,4.28,0.0
20131119:1010,3.0,123.0,0.0,19.3,6.21,4.41,0.0
20131119:1110,12.0,158.0,0.0,21.7,6.16,4.28,0.0
20131119:1210,0.0,89.0,0.0,21.52,6.38,4.55,0.0
20131119:1310,51.0,152.0,0.0,18.78,6.36,4.41,0.0
20131119:1410,41.0,107.0,0.0,13.77,6.27,4.14,0.0
20131119:1510,22.0,48.0,0.0,6.94,6.07,3.93,0.0
20131119:1610,0.0,0.0,0.0,0.0,5.27,3.66,0.0
20131119:1710,0.0,0.0,0.0,0.0,4.52,3.79,0.0
20131119:1810,0.0,0.0,0.0,0.0,3.8,4.0,0.0
20131119:1910,0.0,0.0,0.0,0.0,3.68,4.21,0.0
20131119:2010,0.0,0.0,0.0,0.0,3.15,4.21,0.0
20131119:2110,0.0,0.0,0.0,0.0,2.67,4.21,0.0
20131119:2210,0.0,0.0,0.0,0.0,2.39,4.14,0.0
20131119:2310,0.0,0.0,0.0,0.0,2.21,4.21,0.0
20131120:0010,0.0,0.0,0.0,0.0,2.17,4.41,0.0
20131120:0110,0.0,0.0,0.0,0.0,1.87,4.62,0.0
20131120:0210,0.0,0.0,0.0,0.0,1.72,4.62,0.0
20131120:0310,0.0,0.0,0.0,0.0,1.65,4.34,0.0
20131120:0410,0.0,0.0,0.0,0.0,1.38,4.0,0.0
20131120:0510,0.0,0.0,0.0,0.0,1.16,3.72,0.0
20131120:0610,0.0,0.0,0.0,0.0,0.96,3.52,0.0
20131120:0710,0.0,0.0,0.0,0.0,0.66,3.17,0.0
20131120:0810,27.0,55.0,0.0,7.75,0.67,2.97,0.0
20131120:0910,108.01,92.0,0.0,14.34,2.04,2.76,0.0
20131120:1010,222.01,85.0,0.0,19.06,3.66,3.03,0.0
20131120:1110,265.01,88.0,0.0,21.47,4.84,3.72,0.0
20131120:1210,8.0,149.0,0.0,21.3,5.58,4.21,0.0
20131120:1310,13.0,138.0,0.0,18.57,5.7,5.1,0.0
20131120:1410,9.0,98.0,0.0,13.58,5.2,5.72,0.0
20131120:1510,3.0,40.0,0.0,6.78,4.41,6.41,0.0
20131120:1610,0.0,0.0,0.0,0.0,3.89,6.9,0.0
20131120:1710,0.0,0.0,0.0,0.0,3.3,7.38,0.0
20131120:1810,0.0,0.0,0.0,0.0,3.08,7.24,0.0
20131120:1910,0.0,0.0,0.0,0.0,3.62,6.41,0.0
20131120:2010,0.0,0.0,0.0,0.0,4.43,4.97,0.0
20131120:2110,0.0,0.0,0.0,0.0,4.69,3.79,0.0
20131120:2210,0.0,0.0,0.0,0.0,4.0,2.97,0.0
20131120:2310,0.0,0.0,0.0,0.0,3.32,2.76,0.0
20131121:0010,0.0,0.0,0.0,0.0,2.75,2.41,0.0
20131121:0110,0.0,0.0,0.0,0.0,2.25,2.34,0.0
20131121:0210,0.0,0.0,0.0,0.0,1.99,2.21,0.0
20131121:0310,0.0,0.0,0.0,0.0,2.42,1.93,0.0
20131121:0410,0.0,0.0,0.0,0.0,2.64,1.79,0.0
20131121:0510,0.0,0.0,0.0,0.0,2.75,1.66,0.0
20131121:0610,0.0,0.0,0.0,0.0,2.83,1.72,0.0
20131121:0710,0.0,0.0,0.0,0.0,2.68,1.72,0.0
20131121:0810,5.0,48.0,0.0,7.52,2.59,1.59,0.0
20131121:0910,0.0,48.0,0.0,14.11,2.84,2.41,0.0
20131121:1010,0.0,74.0,0.0,18.83,3.11,2.97,0.0
20131121:1110,0.0,83.0,0.0,21.24,3.8,3.24,0.0
20131121:1210,0.0,80.0,0.0,21.08,4.02,3.79,0.0
20131121:1310,4.0,122.0,0.0,18.37,4.0,4.07,0.0
20131121:1410,0.0,36.0,0.0,13.41,3.92,3.79,0.0
20131121:1510,2.0,37.0,0.0,6.62,3.81,3.66,0.0
20131121:1610,0.0,0.0,0.0,0.0,3.28,3.66,0.0
20131121:1710,0.0,0.0,0.0,0.0,2.88,3.72,0.0
20131121:1810,0.0,0.0,0.0,0.0,2.99,3.79,0.0
20131121:1910,0.0,0.0,0.0,0.0,2.78,3.86,0.0
20131121:2010,0.0,0.0,0.0,0.0,2.75,3.79,0.0
20131121:2110,0.0,0.0,0.0,0.0,2.87,3.79,0.0
20131121:2210,0.0,0.0,0.0,0.0,3.13,4.0,0.0
20131121:2310,0.0,0.0,0.0,0.0,3.22,4.14,0.0
20131122:0010,0.0,0.0,0.0,0.0,3.37,4.28,0.0
20131122:0110,0.0,0.0,0.0,0.0,3.44,4.41,0.0
20131122:0210,0.0,0.0,0.0,0.0,3.22,4.55,0.0
20131122:0310,0.0,0.0,0.0,0.0,2.91,4.76,0.0
20131122:0410,0.0,0.0,0.0,0.0,2.5,4.69,0.0
20131122:0510,0.0,0.0,0.0,0.0,2.32,4.55,0.0
20131122:0610,0.0,0.0,0.0,0.0,1.83,4.34,0.0
20131122:0710,0.0,0.0,0.0,0.0,1.38,4.62,0.0
20131122:0810,2.0,42.0,0.0,7.3,1.1,4.41,0.0
20131122:0910,0.0,40.0,0.0,13.89,1.37,4.55,0.0
20131122:1010,5.0,122.0,0.0,18.6,2.19,5.52,0.0
20131122:1110,0.0,61.0,0.0,21.01,3.2,6.07,0.0
20131122:1210,25.0,165.0,0.0,20.87,4.04,6.28,0.0
20131122:1310,108.01,132.0,0.0,18.18,4.58,6.21,0.0
20131122:1410,1.0,74.0,0.0,13.24,4.93,6.28,0.0
20131122:1510,7.0,43.0,0.0,6.47,4.94,4.9,0.0
20131122:1610,0.0,0.0,0.0,0.0,4.74,4.97,0.0
20131122:1710,0.0,0.0,0.0,0.0,4.46,4.9,0.0
20131122:1810,0.0,0.0,0.0,0.0,4.1,4.83,0.0
20131122:1910,0.0,0.0,0.0,0.0,4.46,5.24,0.0
20131122:2010,0.0,0.0,0.0,0.0,4.42,5.03,0.0
20131122:2110,0.0,0.0,0.0,0.0,4.38,4.76,0.0
20131122:2210,0.0,0.0,0.0,0.0,4.34,4.69,0.0
20131122:2310,0.0,0.0,0.0,0.0,4.23,4.55,0.0
20131123:0010,0.0,0.0,0.0,0.0,4.08,4.48,0.0
20131123:0110,0.0,0.0,0.0,0.0,3.98,4.41,0.0
20131123:0210,0.0,0.0,0.0,0.0,3.9,4.34,0.0
20131123:0310,0.0,0.0,0.0,0.0,3.86,4.34,0.0
20131123:0410,0.0,0.0,0.0,0.0,3.82,4.28,0.0
20131123:0510,0.0,0.0,0.0,0.0,3.8,4.21,0.0
20131123:0610,0.0,0.0,0.0,0.0,3.75,4.07,0.0
20131123:0710,0.0,0.0,0.0,0.0,3.96,4.0,0.0
20131123:0810,3.0,42.0,0.0,7.09,3.99,4.14,0.0
20131123:0910,0.0,65.0,0.0,13.66,4.14,4.69,0.0
20131123:1010,0.0,62.0,0.0,18.38,4.55,5.17,0.0
20131123:1110,0.0,64.0,0.0,20.8,4.82,5.1,0.0
20131123:1210,0.0,78.0,0.0,20.66,5.3,5.17,0.0
20131123:1310,0.0,56.0,0.0,17.99,5.73,5.52,0.0
20131123:1410,0.0,37.0,0.0,13.07,5.96,5.45,0.0
20131123:1510,1.0,33.0,0.0,6.33,6.16,5.38,0.0
20131123:1610,0.0,0.0,0.0,0.0,6.05,4.69,0.0
20131123:1710,0.0,0.0,0.0,0.0,5.88,4.55,0.0
20131123:1810,0.0,0.0,0.0,0.0,5.72,4.62,0.0
20131123:1910,0.0,0.0,0.0,0.0,5.55,4.9,0.0
20131123:2010,0.0,0.0,0.0,0.0,5.38,4.76,0.0
20131123:2110,0.0,0.0,0.0,0.0,5.36,4.69,0.0
20131123:2210,0.0,0.0,0.0,0.0,5.34,4.69,0.0
20131123:2310,0.0,0.0,0.0,0.0,5.26,4.62,0.0
20131124:0010,0.0,0.0,0.0,0.0,5.04,4.62,0.0
20131124:0110,0.0,0.0,0.0,0.0,4.96,4.55,0.0
20131124:0210,0.0,0.0,0.0,0.0,4.78,4.48,0.0
20131124:0310,0.0,0.0,0.0,0.0,4.42,4.41,0.0
20131124:0410,0.0,0.0,0.0,0.0,4.08,4.34,0.0
20131124:0510,0.0,0.0,0.0,0.0,3.57,4.21,0.0
20131124:0610,0.0,0.0,0.0,0.0,3.18,4.14,0.0
20131124:0710,0.0,0.0,0.0,0.0,3.16,4.14,0.0
20131124:0810,62.01,33.0,0.0,6.87,3.43,4.07,0.0
20131124:0910,146.01,61.0,0.0,13.45,4.22,3.52,0.0
20131124:1010,17.0,139.0,0.0,18.16,5.4,4.07,0.0
20131124:1110,12.0,151.0,0.0,20.58,6.5,4.34,0.0
20131124:1210,9.0,146.0,0.0,20.47,7.45,4.69,0.0
20131124:1310,4.0,117.0,0.0,17.81,8.13,5.1,0.0
20131124:1410,0.0,56.0,0.0,12.91,8.19,5.03,0.0
20131124:1510,10.0,42.0,0.0,6.19,7.76,4.0,0.0
20131124:1610,0.0,0.0,0.0,0.0,7.3,3.52,0.0
20131124:1710,0.0,0.0,0.0,0.0,6.82,3.24,0.0
20131124:1810,0.0,0.0,0.0,0.0,6.53,3.38,0.0
20131124:1910,0.0,0.0,0.0,0.0,6.57,4.07,0.0
20131124:2010,0.0,0.0,0.0,0.0,6.68,4.55,0.0
20131124:2110,0.0,0.0,0.0,0.0,6.66,4.97,0.0
20131124:2210,0.0,0.0,0.0,0.0,6.35,4.76,0.0
20131124:2310,0.0,0.0,0.0,0.0,6.01,4.28,0.0
20131125:0010,0.0,0.0,0.0,0.0,5.47,3.93,0.0
20131125:0110,0.0,0.0,0.0,0.0,5.07,3.79,0.0
20131125:0210,0.0,0.0,0.0,0.0,4.74,3.86,0.0
20131125:0310,0.0,0.0,0.0,0.0,4.46,3.93,0.0
20131125:0410,0.0,0.0,0.0,0.0,4.17,3.93,0.0
20131125:0510,0.0,0.0,0.0,0.0,3.77,3.86,0.0
20131125:0610,0.0,0.0,0.0,0.0,3.14,3.52,0.0
20131125:0710,0.0,0.0,0.0,0.0,4.04,3.52,0.0
20131125:0810,10.0,46.0,0.0,6.66,3.79,3.24,0.0
20131125:0910,11.0,97.0,0.0,13.23,4.37,3.31,0.0
20131125:1010,29.0,144.0,0.0,17.95,5.4,4.28,0.0
20131125:1110,28.0,163.0,0.0,20.38,6.18,4.21,0.0
20131125:1210,21.0,158.0,0.0,20.27,6.69,4.48,0.0
20131125:1310,17.0,136.0,0.0,17.64,6.77,4.69,0.0
20131125:1410,5.0,85.0,0.0,12.76,6.74,4.83,0.0
20131125:1510,12.0,41.0,0.0,6.06,6.46,4.0,0.0
20131125:1610,0.0,0.0,0.0,0.0,5.63,3.24,0.0
20131125:1710,0.0,0.0,0.0,0.0,4.94,3.1,0.0
20131125:1810,0.0,0.0,0.0,0.0,4.59,3.03,0.0
20131125:1910,0.0,0.0,0.0,0.0,4.72,3.38,0.0
20131125:2010,0.0,0.0,0.0,0.0,4.58,3.52,0.0
20131125:2110,0.0,0.0,0.0,0.0,4.94,3.86,0.0
20131125:2210,0.0,0.0,0.0,0.0,4.92,3.86,0.0
20131125:2310,0.0,0.0,0.0,0.0,4.73,3.79,0.0
20131126:0010,0.0,0.0,0.0,0.0,4.65,3.72,0.0
20131126:0110,0.0,0.0,0.0,0.0,4.38,3.66,0.0
20131126:0210,0.0,0.0,0.0,0.0,3.94,3.66,0.0
20131126:0310,0.0,0.0,0.0,0.0,3.69,3.59,0.0
20131126:0410,0.0,0.0,0.0,0.0,3.31,3.45,0.0
20131126:0510,0.0,0.0,0.0,0.0,3.17,3.31,0.0
20131126:0610,0.0,0.0,0.0,0.0,3.33,3.31,0.0
20131126:0710,0.0,0.0,0.0,0.0,3.37,3.17,0.0
20131126:0810,12.0,45.0,0.0,6.46,3.48,2.69,0.0
20131126:0910,5.0,87.0,0.0,13.03,4.0,3.31,0.0
20131126:1010,15.0,133.0,0.0,17.74,4.59,3.17,0.0
20131126:1110,20.0,156.0,0.0,20.18,5.08,3.03,0.0
20131126:1210,56.0,164.0,0.0,20.09,5.72,3.17,0.0
20131126:1310,46.0,141.0,0.0,17.48,6.03,2.9,0.0
20131126:1410,5.0,83.0,0.0,12.62,6.34,2.83,0.0
20131126:1510,7.0,39.0,0.0,5.93,6.26,2.41,0.0
20131126:1610,0.0,0.0,0.0,0.0,6.0,2.07,0.0
20131126:1710,0.0,0.0,0.0,0.0,5.72,1.93,0.0
20131126:1810,0.0,0.0,0.0,0.0,5.37,2.0,0.0
20131126:1910,0.0,0.0,0.0,0.0,5.72,2.76,0.0
20131126:2010,0.0,0.0,0.0,0.0,5.52,2.62,0.0
20131126:2110,0.0,0.0,0.0,0.0,5.27,2.62,0.0
20131126:2210,0.0,0.0,0.0,0.0,5.01,2.69,0.0
20131126:2310,0.0,0.0,0.0,0.0,4.72,2.76,0.0
20131127:0010,0.0,0.0,0.0,0.0,4.61,2.76,0.0
20131127:0110,0.0,0.0,0.0,0.0,4.62,2.69,0.0
20131127:0210,0.0,0.0,0.0,0.0,4.54,2.55,0.0
20131127:0310,0.0,0.0,0.0,0.0,4.49,2.55,0.0
20131127:0410,0.0,0.0,0.0,0.0,4.44,2.62,0.0
20131127:0510,0.0,0.0,0.0,0.0,4.46,2.55,0.0
20131127:0610,0.0,0.0,0.0,0.0,4.49,2.28,0.0
20131127:0710,0.0,0.0,0.0,0.0,4.48,2.55,0.0
20131127:0810,2.0,34.0,0.0,6.26,4.6,2.69,0.0
20131127:0910,40.0,98.0,0.0,12.82,4.85,2.69,0.0
20131127:1010,0.0,80.0,0.0,17.54,5.25,2.55,0.0
20131127:1110,0.0,105.0,0.0,19.99,5.74,2.69,0.0
20131127:1210,91.0,155.0,0.0,19.91,5.79,2.41,0.0
20131127:1310,145.01,105.0,0.0,17.32,5.99,2.48,0.0
20131127:1410,90.01,78.0,0.0,12.48,6.03,2.62,0.0
20131127:1510,24.0,37.0,0.0,5.82,5.75,2.34,0.0
20131127:1610,0.0,0.0,0.0,0.0,5.1,1.86,0.0
20131127:1710,0.0,0.0,0.0,0.0,4.12,1.86,0.0
20131127:1810,0.0,0.0,0.0,0.0,3.46,1.79,0.0
20131127:1910,0.0,0.0,0.0,0.0,3.12,1.72,0.0
20131127:2010,0.0,0.0,0.0,0.0,2.4,1.66,0.0
20131127:2110,0.0,0.0,0.0,0.0,1.63,1.66,0.0
20131127:2210,0.0,0.0,0.0,0.0,0.73,1.59,0.0
20131127:2310,0.0,0.0,0.0,0.0,0.15,1.38,0.0
20131128:0010,0.0,0.0,0.0,0.0,-0.15,1.24,0.0
20131128:0110,0.0,0.0,0.0,0.0,-0.11,1.03,0.0
20131128:0210,0.0,0.0,0.0,0.0,0.45,0.62,0.0
20131128:0310,0.0,0.0,0.0,0.0,0.21,0.48,0.0
20131128:0410,0.0,0.0,0.0,0.0,0.02,0.48,0.0
20131128:0510,0.0,0.0,0.0,0.0,-0.06,0.28,0.0
20131128:0610,0.0,0.0,0.0,0.0,-0.04,0.07,0.0
20131128:0710,0.0,0.0,0.0,0.0,-0.44,0.21,0.0
20131128:0810,7.0,39.0,0.0,6.07,-0.1,0.28,0.0
20131128:0910,1.0,71.0,0.0,12.63,0.95,0.34,0.0
20131128:1010,7.0,119.0,0.0,17.34,2.69,0.48,0.0
20131128:1110,13.0,145.0,0.0,19.8,4.17,0.83,0.0
20131128:1210,24.0,153.0,0.0,19.74,5.04,1.1,0.0
20131128:1310,0.0,88.0,0.0,17.16,5.55,1.31,0.0
20131128:1410,0.0,50.0,0.0,12.35,5.71,1.38,0.0
20131128:1510,3.0,32.29,0.0,5.71,5.72,1.38,0.0
20131128:1610,0.0,0.0,0.0,0.0,5.53,1.38,0.0
20131128:1710,0.0,0.0,0.0,0.0,5.45,1.59,0.0
20131128:1810,0.0,0.0,0.0,0.0,5.47,1.66,0.0
20131128:1910,0.0,0.0,0.0,0.0,5.42,1.79,0.0
20131128:2010,0.0,0.0,0.0,0.0,5.56,1.86,0.0
20131128:2110,0.0,0.0,0.0,0.0,5.71,1.86,0.0
20131128:2210,0.0,0.0,0.0,0.0,5.84,1.79,0.0
20131128:2310,0.0,0.0,0.0,0.0,5.92,1.59,0.0
20131129:0010,0.0,0.0,0.0,0.0,6.0,1.38,0.0
20131129:0110,0.0,0.0,0.0,0.0,6.06,1.1,0.0
20131129:0210,0.0,0.0,0.0,0.0,6.01,0.97,0.0
20131129:0310,0.0,0.0,0.0,0.0,5.96,0.9,0.0
20131129:0410,0.0,0.0,0.0,0.0,5.97,0.97,0.0
20131129:0510,0.0,0.0,0.0,0.0,6.0,0.97,0.0
20131129:0610,0.0,0.0,0.0,0.0,5.95,1.1,0.0
20131129:0710,0.0,0.0,0.0,0.0,6.16,1.1,0.0
20131129:0810,0.0,20.0,0.0,5.87,6.27,1.24,0.0
20131129:0910,0.0,45.0,0.0,12.44,6.62,1.66,0.0
20131129:1010,2.0,100.0,0.0,17.15,7.15,2.48,0.0
20131129:1110,0.0,104.0,0.0,19.62,7.56,2.97,0.0
20131129:1210,32.0,156.0,0.0,19.57,8.14,3.38,0.0
20131129:1310,0.0,48.0,0.0,17.02,8.76,4.14,0.0
20131129:1410,0.0,50.0,0.0,12.22,8.77,4.0,0.0
20131129:1510,1.0,29.78,0.0,5.6,8.71,4.07,0.0
20131129:1610,0.0,0.0,0.0,0.0,8.42,3.93,0.0
20131129:1710,0.0,0.0,0.0,0.0,8.3,4.0,0.0
20131129:1810,0.0,0.0,0.0,0.0,8.29,4.21,0.0
20131129:1910,0.0,0.0,0.0,0.0,8.23,4.0,0.0
20131129:2010,0.0,0.0,0.0,0.0,8.19,4.0,0.0
20131129:2110,0.0,0.0,0.0,0.0,7.81,4.07,0.0
20131129:2210,0.0,0.0,0.0,0.0,7.25,3.93,0.0
20131129:2310,0.0,0.0,0.0,0.0,6.97,4.0,0.0
20131130:0010,0.0,0.0,0.0,0.0,6.22,4.0,0.0
20131130:0110,0.0,0.0,0.0,0.0,5.78,4.34,0.0
20131130:0210,0.0,0.0,0.0,0.0,5.13,4.0,0.0
20131130:0310,0.0,0.0,0.0,0.0,4.78,3.52,0.0
20131130:0410,0.0,0.0,0.0,0.0,4.35,3.45,0.0
20131130:0510,0.0,0.0,0.0,0.0,3.82,3.52,0.0
20131130:0610,0.0,0.0,0.0,0.0,3.59,3.59,0.0
20131130:0710,0.0,0.0,0.0,0.0,3.51,3.66,0.0
20131130:0810,37.0,23.5,0.0,5.69,3.66,3.59,0.0
20131130:0910,110.01,66.0,0.0,12.25,4.56,3.38,0.0
20131130:1010,2.0,100.0,0.0,16.97,5.83,3.66,0.0
20131130:1110,1.0,108.0,0.0,19.45,6.99,5.31,0.0
20131130:1210,2.0,117.0,0.0,19.41,7.61,4.76,0.0
20131130:1310,74.0,131.0,0.0,16.88,7.7,4.34,0.0
20131130:1410,10.0,86.0,0.0,12.1,7.86,4.28,0.0
20131130:1510,1.0,25.81,0.0,5.5,7.62,3.31,0.0
20131130:1610,0.0,0.0,0.0,0.0,6.9,2.97,0.0
20131130:1710,0.0,0.0,0.0,0.0,6.49,2.9,0.0
20131130:1810,0.0,0.0,0.0,0.0,6.16,2.9,0.0
20131130:1910,0.0,0.0,0.0,0.0,5.69,2.97,0.0
20131130:2010,0.0,0.0,0.0,0.0,5.56,2.97,0.0
20131130:2110,0.0,0.0,0.0,0.0,5.36,3.1,0.0
20131130:2210,0.0,0.0,0.0,0.0,5.55,3.24,0.0
20131130:2310,0.0,0.0,0.0,0.0,5.38,3.17,0.0
20131201:0010,0.0,0.0,0.0,0.0,5.1,2.97,0.0
20131201:0110,0.0,0.0,0.0,0.0,4.64,2.62,0.0
20131201:0210,0.0,0.0,0.0,0.0,3.83,2.55,0.0
20131201:0310,0.0,0.0,0.0,0.0,3.16,2.62,0.0
20131201:0410,0.0,0.0,0.0,0.0,2.91,2.55,0.0
20131201:0510,0.0,0.0,0.0,0.0,2.92,2.28,0.0
20131201:0610,0.0,0.0,0.0,0.0,2.68,2.14,0.0
20131201:0710,0.0,0.0,0.0,0.0,3.4,2.07,0.0
20131201:0810,9.0,33.6,0.0,5.51,3.64,2.07,0.0
20131201:0910,11.0,87.0,0.0,12.07,4.5,2.62,0.0
20131201:1010,10.0,121.0,0.0,16.79,5.48,2.62,0.0
20131201:1110,32.0,155.0,0.0,19.28,6.28,2.83,0.0
20131201:1210,106.01,143.0,0.0,19.26,6.81,3.1,0.0
20131201:1310,179.01,79.0,0.0,16.75,7.04,3.24,0.0
20131201:1410,51.0,88.0,0.0,11.99,7.27,3.31,0.0
20131201:1510,38.0,19.98,0.0,5.41,7.22,3.38,0.0
20131201:1610,0.0,0.0,0.0,0.0,6.85,2.83,0.0
20131201:1710,0.0,0.0,0.0,0.0,6.59,2.97,0.0
20131201:1810,0.0,0.0,0.0,0.0,6.13,3.1,0.0
20131201:1910,0.0,0.0,0.0,0.0,5.91,3.45,0.0
20131201:2010,0.0,0.0,0.0,0.0,5.54,3.31,0.0
20131201:2110,0.0,0.0,0.0,0.0,5.26,3.31,0.0
20131201:2210,0.0,0.0,0.0,0.0,5.04,3.31,0.0
20131201:2310,0.0,0.0,0.0,0.0,4.91,3.45,0.0
20131202:0010,0.0,0.0,0.0,0.0,4.66,3.66,0.0
20131202:0110,0.0,0.0,0.0,0.0,4.12,3.66,0.0
20131202:0210,0.0,0.0,0.0,0.0,4.01,3.72,0.0
20131202:0310,0.0,0.0,0.0,0.0,4.03,3.79,0.0
20131202:0410,0.0,0.0,0.0,0.0,4.21,3.86,0.0
20131202:0510,0.0,0.0,0.0,0.0,4.81,4.14,0.0
20131202:0610,0.0,0.0,0.0,0.0,5.38,4.34,0.0
20131202:0710,0.0,0.0,0.0,0.0,6.47,4.48,0.0
20131202:0810,31.0,23.64,0.0,5.33,6.73,4.34,0.0
20131202:0910,128.01,54.0,0.0,11.89,6.97,4.34,0.0
20131202:1010,4.0,111.0,0.0,16.62,7.41,4.0,0.0
20131202:1110,0.0,74.0,0.0,19.12,7.9,5.52,0.0
20131202:1210,14.0,144.0,0.0,19.12,8.09,4.97,0.0
20131202:1310,160.01,91.0,0.0,16.62,8.31,4.62,0.0
20131202:1410,115.01,60.0,0.0,11.89,8.32,4.55,0.0
20131202:1510,41.01,17.84,0.0,5.33,7.88,3.79,0.0
20131202:1610,0.0,0.0,0.0,0.0,6.91,3.59,0.0
20131202:1710,0.0,0.0,0.0,0.0,6.17,3.45,0.0
20131202:1810,0.0,0.0,0.0,0.0,5.47,3.24,0.0
20131202:1910,0.0,0.0,0.0,0.0,4.3,2.76,0.0
20131202:2010,0.0,0.0,0.0,0.0,3.61,2.62,0.0
20131202:2110,0.0,0.0,0.0,0.0,2.96,2.55,0.0
20131202:2210,0.0,0.0,0.0,0.0,2.41,2.34,0.0
20131202:2310,0.0,0.0,0.0,0.0,1.83,2.21,0.0
20131203:0010,0.0,0.0,0.0,0.0,1.21,2.0,0.0
20131203:0110,0.0,0.0,0.0,0.0,0.41,1.72,0.0
20131203:0210,0.0,0.0,0.0,0.0,-0.43,1.52,0.0
20131203:0310,0.0,0.0,0.0,0.0,-0.92,1.45,0.0
20131203:0410,0.0,0.0,0.0,0.0,-0.76,1.17,0.0
20131203:0510,0.0,0.0,0.0,0.0,0.05,0.76,0.0
20131203:0610,0.0,0.0,0.0,0.0,-1.21,0.55,0.0
20131203:0710,0.0,0.0,0.0,0.0,-1.56,0.28,0.0
20131203:0810,25.0,25.68,0.0,5.16,-1.64,0.34,0.0
20131203:0910,119.01,56.0,0.0,11.72,-0.84,0.41,0.0
20131203:1010,179.01,79.0,0.0,16.46,0.39,0.48,0.0
20131203:1110,229.01,80.0,0.0,18.96,1.81,0.41,0.0
20131203:1210,238.01,74.0,0.0,18.98,2.91,0.48,0.0
20131203:1310,160.01,89.0,0.0,16.51,3.87,0.55,0.0
20131203:1410,105.01,64.0,0.0,11.79,4.27,0.62,0.0
20131203:1510,20.0,27.87,0.0,5.25,4.18,0.83,0.0
20131203:1610,0.0,0.0,0.0,0.0,3.8,0.83,0.0
20131203:1710,0.0,0.0,0.0,0.0,3.38,1.03,0.0
20131203:1810,0.0,0.0,0.0,0.0,3.06,1.31,0.0
20131203:1910,0.0,0.0,0.0,0.0,2.56,1.79,0.0
20131203:2010,0.0,0.0,0.0,0.0,2.18,1.86,0.0
20131203:2110,0.0,0.0,0.0,0.0,1.97,2.21,0.0
20131203:2210,0.0,0.0,0.0,0.0,1.68,2.28,0.0
20131203:2310,0.0,0.0,0.0,0.0,1.46,2.21,0.0
20131204:0010,0.0,0.0,0.0,0.0,1.27,2.0,0.0
20131204:0110,0.0,0.0,0.0,0.0,1.12,2.14,0.0
20131204:0210,0.0,0.0,0.0,0.0,1.21,1.79,0.0
20131204:0310,0.0,0.0,0.0,0.0,1.33,1.45,0.0
20131204:0410,0.0,0.0,0.0,0.0,1.4,1.17,0.0
20131204:0510,0.0,0.0,0.0,0.0,1.46,1.17,0.0
20131204:0610,0.0,0.0,0.0,0.0,1.82,1.24,0.0
20131204:0710,0.0,0.0,0.0,0.0,2.67,1.45,0.0
20131204:0810,1.0,25.79,0.0,4.99,2.98,1.45,0.0
20131204:0910,0.0,46.0,0.0,11.56,3.69,1.38,0.0
20131204:1010,0.0,51.0,0.0,16.3,4.98,1.45,0.0
20131204:1110,0.0,61.0,0.0,18.82,5.8,1.45,0.0
20131204:1210,4.0,121.0,0.0,18.85,6.48,1.66,0.0
20131204:1310,11.0,120.0,0.0,16.39,6.95,1.93,0.0
20131204:1410,10.0,84.0,0.0,11.7,7.14,2.07,0.0
20131204:1510,5.0,29.78,0.0,5.18,6.87,1.86,0.0
20131204:1610,0.0,0.0,0.0,0.0,6.46,2.0,0.0
20131204:1710,0.0,0.0,0.0,0.0,6.01,2.14,0.0
20131204:1810,0.0,0.0,0.0,0.0,5.45,2.21,0.0
20131204:1910,0.0,0.0,0.0,0.0,6.09,2.0,0.0
20131204:2010,0.0,0.0,0.0,0.0,6.05,2.0,0.0
20131204:2110,0.0,0.0,0.0,0.0,6.05,1.86,0.0
20131204:2210,0.0,0.0,0.0,0.0,6.13,1.86,0.0
20131204:2310,0.0,0.0,0.0,0.0,6.19,1.72,0.0
20131205:0010,0.0,0.0,0.0,0.0,6.22,1.59,0.0
20131205:0110,0.0,0.0,0.0,0.0,6.28,1.45,0.0
20131205:0210,0.0,0.0,0.0,0.0,6.27,1.24,0.0
20131205:0310,0.0,0.0,0.0,0.0,6.19,1.1,0.0
20131205:0410,0.0,0.0,0.0,0.0,6.15,1.1,0.0
20131205:0510,0.0,0.0,0.0,0.0,6.04,1.03,0.0
20131205:0610,0.0,0.0,0.0,0.0,5.95,0.9,0.0
20131205:0710,0.0,0.0,0.0,0.0,5.64,0.97,0.0
20131205:0810,2.0,26.54,0.0,4.83,5.27,1.17,0.0
20131205:0910,3.0,71.0,0.0,11.4,5.68,1.52,0.0
20131205:1010,52.0,128.0,0.0,16.15,6.35,2.62,0.0
20131205:1110,166.01,110.0,0.0,18.68,6.74,3.38,0.0
20131205:1210,218.01,82.0,0.0,18.73,7.12,4.41,0.0
20131205:1310,181.01,74.0,0.0,16.29,7.3,5.31,0.0
20131205:1410,48.0,86.0,0.0,11.62,7.12,5.31,0.0
20131205:1510,26.0,23.79,0.0,5.12,6.56,4.97,0.0
20131205:1610,0.0,0.0,0.0,0.0,5.79,5.03,0.0
20131205:1710,0.0,0.0,0.0,0.0,5.64,5.38,0.0
20131205:1810,0.0,0.0,0.0,0.0,5.93,5.59,0.0
20131205:1910,0.0,0.0,0.0,0.0,6.76,5.45,0.0
20131205:2010,0.0,0.0,0.0,0.0,7.42,5.45,0.0
20131205:2110,0.0,0.0,0.0,0.0,7.93,5.38,0.0
20131205:2210,0.0,0.0,0.0,0.0,8.35,5.17,0.0
20131205:2310,0.0,0.0,0.0,0.0,8.5,4.9,0.0
20131206:0010,0.0,0.0,0.0,0.0,8.49,4.76,0.0
20131206:0110,0.0,0.0,0.0,0.0,8.35,5.1,0.0
20131206:0210,0.0,0.0,0.0,0.0,8.09,5.24,0.0
20131206:0310,0.0,0.0,0.0,0.0,7.42,5.17,0.0
20131206:0410,0.0,0.0,0.0,0.0,6.75,4.69,0.0
20131206:0510,0.0,0.0,0.0,0.0,5.91,4.14,0.0
20131206:0610,0.0,0.0,0.0,0.0,5.51,3.38,0.0
20131206:0710,0.0,0.0,0.0,0.0,4.87,2.9,0.0
20131206:0810,23.0,21.59,0.0,4.68,4.24,2.62,0.0
20131206:0910,92.01,64.0,0.0,11.25,4.92,2.55,0.0
20131206:1010,165.01,79.0,0.0,16.0,5.93,2.9,0.0
20131206:1110,202.01,88.0,0.0,18.54,6.56,4.0,0.0
20131206:1210,185.01,98.0,0.0,18.61,6.66,4.55,0.0
20131206:1310,147.01,91.0,0.0,16.2,6.74,4.69,0.0
20131206:1410,118.01,53.0,0.0,11.55,6.73,4.21,0.0
20131206:1510,37.0,17.55,0.0,5.06,6.42,3.45,0.0
20131206:1610,0.0,0.0,0.0,0.0,5.49,2.9,0.0
20131206:1710,0.0,0.0,0.0,0.0,4.64,2.55,0.0
20131206:1810,0.0,0.0,0.0,0.0,3.67,2.41,0.0
20131206:1910,0.0,0.0,0.0,0.0,3.57,2.21,0.0
20131206:2010,0.0,0.0,0.0,0.0,2.72,2.28,0.0
20131206:2110,0.0,0.0,0.0,0.0,2.05,2.34,0.0
20131206:2210,0.0,0.0,0.0,0.0,1.55,2.28,0.0
20131206:2310,0.0,0.0,0.0,0.0,1.2,2.34,0.0
20131207:0010,0.0,0.0,0.0,0.0,1.15,2.41,0.0
20131207:0110,0.0,0.0,0.0,0.0,1.22,2.41,0.0
20131207:0210,0.0,0.0,0.0,0.0,1.96,2.28,0.0
20131207:0310,0.0,0.0,0.0,0.0,2.85,2.41,0.0
20131207:0410,0.0,0.0,0.0,0.0,3.82,2.55,0.0
20131207:0510,0.0,0.0,0.0,0.0,4.46,2.69,0.0
20131207:0610,0.0,0.0,0.0,0.0,4.87,2.62,0.0
20131207:0710,0.0,0.0,0.0,0.0,4.67,2.69,0.0
20131207:0810,2.0,23.57,0.0,4.53,4.93,2.76,0.0
20131207:0910,7.0,75.0,0.0,11.1,5.31,2.83,0.0
20131207:1010,24.0,124.0,0.0,15.87,5.7,2.69,0.0
20131207:1110,38.0,149.0,0.0,18.42,6.28,2.9,0.0
20131207:1210,146.01,118.0,0.0,18.5,6.82,2.97,0.0
20131207:1310,173.01,75.0,0.0,16.11,7.24,3.03,0.0
20131207:1410,42.0,85.0,0.0,11.48,7.36,3.03,0.0
20131207:1510,8.0,28.98,0.0,5.01,6.87,2.62,0.0
20131207:1610,0.0,0.0,0.0,0.0,6.11,2.62,0.0
20131207:1710,0.0,0.0,0.0,0.0,5.84,2.62,0.0
20131207:1810,0.0,0.0,0.0,0.0,5.75,2.62,0.0
20131207:1910,0.0,0.0,0.0,0.0,5.09,2.14,0.0
20131207:2010,0.0,0.0,0.0,0.0,4.97,2.14,0.0
20131207:2110,0.0,0.0,0.0,0.0,4.6,2.14,0.0
20131207:2210,0.0,0.0,0.0,0.0,4.26,2.0,0.0
20131207:2310,0.0,0.0,0.0,0.0,4.02,1.93,0.0
20131208:0010,0.0,0.0,0.0,0.0,4.24,1.79,0.0
20131208:0110,0.0,0.0,0.0,0.0,4.05,1.86,0.0
20131208:0210,0.0,0.0,0.0,0.0,4.01,1.79,0.0
20131208:0310,0.0,0.0,0.0,0.0,3.54,1.93,0.0
20131208:0410,0.0,0.0,0.0,0.0,3.16,1.93,0.0
20131208:0510,0.0,0.0,0.0,0.0,3.21,1.72,0.0
20131208:0610,0.0,0.0,0.0,0.0,2.93,1.72,0.0
20131208:0710,0.0,0.0,0.0,0.0,3.91,1.66,0.0
20131208:0810,10.0,25.4,0.0,4.38,3.78,1.66,0.0
20131208:0910,55.0,78.0,0.0,10.96,4.62,1.45,0.0
20131208:1010,43.0,126.0,0.0,15.73,6.24,1.79,0.0
20131208:1110,73.0,146.0,0.0,18.3,7.24,1.86,0.0
20131208:1210,219.01,78.0,0.0,18.4,8.09,1.79,0.0
20131208:1310,188.01,67.0,0.0,16.03,8.62,1.59,0.0
20131208:1410,104.01,60.0,0.0,11.42,8.82,1.45,0.0
20131208:1510,33.0,18.24,0.0,4.97,8.38,1.1,0.0
20131208:1610,0.0,0.0,0.0,0.0,6.88,1.38,0.0
20131208:1710,0.0,0.0,0.0,0.0,4.63,2.0,0.0
20131208:1810,0.0,0.0,0.0,0.0,3.33,2.14,0.0
20131208:1910,0.0,0.0,0.0,0.0,2.2,1.93,0.0
20131208:2010,0.0,0.0,0.0,0.0,1.41,1.66,0.0
20131208:2110,0.0,0.0,0.0,0.0,1.03,1.52,0.0
20131208:2210,0.0,0.0,0.0,0.0,0.5,1.45,0.0
20131208:2310,0.0,0.0,0.0,0.0,0.04,1.38,0.0
20131209:0010,0.0,0.0,0.0,0.0,-0.56,1.45,0.0
20131209:0110,0.0,0.0,0.0,0.0,-0.98,1.38,0.0
20131209:0210,0.0,0.0,0.0,0.0,-1.05,1.1,0.0
20131209:0310,0.0,0.0,0.0,0.0,-1.63,1.17,0.0
20131209:0410,0.0,0.0,0.0,0.0,-2.27,1.24,0.0
20131209:0510,0.0,0.0,0.0,0.0,-1.89,1.1,0.0
20131209:0610,0.0,0.0,0.0,0.0,-1.91,1.17,0.0
20131209:0710,0.0,0.0,0.0,0.0,-1.74,1.03,0.0
20131209:0810,14.0,23.37,0.0,4.24,-1.93,0.76,0.0
20131209:0910,101.01,56.0,0.0,10.83,-1.43,0.69,0.0
20131209:1010,158.01,82.0,0.0,15.61,-0.58,0.83,0.0
20131209:1110,245.01,64.0,0.0,18.19,0.45,0.9,0.0
20131209:1210,227.01,74.0,0.0,18.31,1.67,0.97,0.0
20131209:1310,171.01,78.0,0.0,15.95,2.61,1.03,0.0
20131209:1410,90.01,68.0,0.0,11.36,3.21,1.24,0.0
20131209:1510,26.0,22.77,0.0,4.93,3.16,1.38,0.0
20131209:1610,0.0,0.0,0.0,0.0,2.43,1.72,0.0
20131209:1710,0.0,0.0,0.0,0.0,1.8,1.79,0.0
20131209:1810,0.0,0.0,0.0,0.0,1.28,1.66,0.0
20131209:1910,0.0,0.0,0.0,0.0,0.77,1.93,0.0
20131209:2010,0.0,0.0,0.0,0.0,-0.21,1.93,0.0
20131209:2110,0.0,0.0,0.0,0.0,-1.15,1.93,0.0
20131209:2210,0.0,0.0,0.0,0.0,-1.92,1.86,0.0
20131209:2310,0.0,0.0,0.0,0.0,-2.39,1.79,0.0
20131210:0010,0.0,0.0,0.0,0.0,-2.66,1.79,0.0
20131210:0110,0.0,0.0,0.0,0.0,-2.73,1.72,0.0
20131210:0210,0.0,0.0,0.0,0.0,-2.93,1.66,0.0
20131210:0310,0.0,0.0,0.0,0.0,-3.22,1.72,0.0
20131210:0410,0.0,0.0,0.0,0.0,-3.38,1.79,0.0
20131210:0510,0.0,0.0,0.0,0.0,-3.44,1.86,0.0
20131210:0610,0.0,0.0,0.0,0.0,-3.46,1.93,0.0
20131210:0710,0.0,0.0,0.0,0.0,-3.46,1.31,0.0
20131210:0810,13.0,22.65,0.0,4.11,-3.32,1.17,0.0
20131210:0910,85.01,65.0,0.0,10.7,-1.98,0.69,0.0
20131210:1010,179.01,70.0,0.0,15.49,-0.29,0.62,0.0
20131210:1110,235.01,69.0,0.0,18.08,1.73,0.76,0.0
20131210:1210,237.01,70.0,0.0,18.22,3.56,1.03,0.0
20131210:1310,200.01,63.0,0.0,15.89,4.89,1.38,0.0
20131210:1410,116.01,54.0,0.0,11.32,5.25,1.59,0.0
20131210:1510,35.0,17.73,0.0,4.9,4.46,2.0,0.0
20131210:1610,0.0,0.0,0.0,0.0,2.82,2.48,0.0
20131210:1710,0.0,0.0,0.0,0.0,1.4,2.41,0.0
20131210:1810,0.0,0.0,0.0,0.0,0.48,2.41,0.0
20131210:1910,0.0,0.0,0.0,0.0,-0.02,2.21,0.0
20131210:2010,0.0,0.0,0.0,0.0,-0.78,2.21,0.0
20131210:2110,0.0,0.0,0.0,0.0,-1.46,2.14,0.0
20131210:2210,0.0,0.0,0.0,0.0,-2.04,2.0,0.0
20131210:2310,0.0,0.0,0.0,0.0,-2.54,1.93,0.0
20131211:0010,0.0,0.0,0.0,0.0,-2.94,1.86,0.0
20131211:0110,0.0,0.0,0.0,0.0,-3.26,1.86,0.0
20131211:0210,0.0,0.0,0.0,0.0,-3.53,1.79,0.0
20131211:0310,0.0,0.0,0.0,0.0,-3.71,1.79,0.0
20131211:0410,0.0,0.0,0.0,0.0,-3.82,1.93,0.0
20131211:0510,0.0,0.0,0.0,0.0,-3.85,2.0,0.0
20131211:0610,0.0,0.0,0.0,0.0,-3.86,2.0,0.0
20131211:0710,0.0,0.0,0.0,0.0,-3.81,2.0,0.0
20131211:0810,17.0,19.83,0.0,3.98,-3.79,1.93,0.0
20131211:0910,98.01,57.0,0.0,10.58,-1.93,1.45,0.0
20131211:1010,176.01,71.0,0.0,15.38,0.75,1.45,0.0
20131211:1110,233.01,70.0,0.0,17.99,2.51,1.38,0.0
20131211:1210,242.01,67.0,0.0,18.14,3.69,1.38,0.0
20131211:1310,202.01,62.0,0.0,15.83,4.41,1.52,0.0
20131211:1410,117.01,54.0,0.0,11.28,4.52,1.66,0.0
20131211:1510,32.0,19.06,0.0,4.88,3.55,2.0,0.0
20131211:1610,0.0,0.0,0.0,0.0,1.75,2.41,0.0
20131211:1710,0.0,0.0,0.0,0.0,0.39,2.21,0.0
20131211:1810,0.0,0.0,0.0,0.0,-0.49,2.07,0.0
20131211:1910,0.0,0.0,0.0,0.0,-1.11,2.21,0.0
20131211:2010,0.0,0.0,0.0,0.0,-1.7,2.21,0.0
20131211:2110,0.0,0.0,0.0,0.0,-2.21,2.07,0.0
20131211:2210,0.0,0.0,0.0,0.0,-2.69,2.0,0.0
20131211:2310,0.0,0.0,0.0,0.0,-3.09,1.86,0.0
20131212:0010,0.0,0.0,0.0,0.0,-3.38,1.86,0.0
20131212:0110,0.0,0.0,0.0,0.0,-3.55,1.86,0.0
20131212:0210,0.0,0.0,0.0,0.0,-3.64,1.93,0.0
20131212:0310,0.0,0.0,0.0,0.0,-3.59,1.93,0.0
20131212:0410,0.0,0.0,0.0,0.0,-3.58,2.0,0.0
20131212:0510,0.0,0.0,0.0,0.0,-3.33,1.93,0.0
20131212:0610,0.0,0.0,0.0,0.0,-3.31,2.0,0.0
20131212:0710,0.0,0.0,0.0,0.0,-3.16,2.14,0.0
20131212:0810,11.0,21.22,0.0,3.86,-2.82,2.14,0.0
20131212:0910,82.01,62.0,0.0,10.46,-1.22,1.72,0.0
20131212:1010,186.01,62.0,0.0,15.27,1.25,1.86,0.0
20131212:1110,170.01,103.0,0.0,17.9,3.5,2.0,0.0
20131212:1210,221.01,76.0,0.0,18.07,5.06,1.93,0.0
20131212:1310,187.01,67.0,0.0,15.78,5.73,1.79,0.0
20131212:1410,77.01,73.0,0.0,11.24,5.62,1.66,0.0
20131212:1510,36.01,16.77,0.0,4.87,4.5,2.21,0.0
20131212:1610,0.0,0.0,0.0,0.0,2.78,2.48,0.0
20131212:1710,0.0,0.0,0.0,0.0,1.48,2.48,0.0
20131212:1810,0.0,0.0,0.0,0.0,0.51,2.41,0.0
20131212:1910,0.0,0.0,0.0,0.0,-0.32,2.28,0.0
20131212:2010,0.0,0.0,0.0,0.0,-0.79,2.14,0.0
20131212:2110,0.0,0.0,0.0,0.0,-1.24,2.14,0.0
20131212:2210,0.0,0.0,0.0,0.0,-1.58,2.21,0.0
20131212:2310,0.0,0.0,0.0,0.0,-1.77,2.21,0.0
20131213:0010,0.0,0.0,0.0,0.0,-1.82,2.21,0.0
20131213:0110,0.0,0.0,0.0,0.0,-1.93,2.21,0.0
20131213:0210,0.0,0.0,0.0,0.0,-2.1,2.21,0.0
20131213:0310,0.0,0.0,0.0,0.0,-2.25,2.21,0.0
20131213:0410,0.0,0.0,0.0,0.0,-2.4,2.14,0.0
20131213:0510,0.0,0.0,0.0,0.0,-2.48,2.14,0.0
20131213:0610,0.0,0.0,0.0,0.0,-2.66,2.14,0.0
20131213:0710,0.0,0.0,0.0,0.0,-2.36,2.21,0.0
20131213:0810,12.0,19.13,0.0,3.74,-1.65,2.14,0.0
20131213:0910,89.01,56.0,0.0,10.35,-0.02,2.0,0.0
20131213:1010,196.01,54.0,0.0,15.18,1.59,2.48,0.0
20131213:1110,129.01,119.0,0.0,17.81,2.75,2.83,0.0
20131213:1210,36.0,145.0,0.0,18.0,3.66,2.9,0.0
20131213:1310,0.0,73.0,0.0,15.73,4.13,2.69,0.0
20131213:1410,5.0,75.0,0.0,11.22,4.46,2.28,0.0
20131213:1510,25.0,22.14,0.0,4.86,4.02,1.86,0.0
20131213:1610,0.0,0.0,0.0,0.0,3.19,2.14,0.0
20131213:1710,0.0,0.0,0.0,0.0,2.7,2.21,0.0
20131213:1810,0.0,0.0,0.0,0.0,2.77,2.48,0.0
20131213:1910,0.0,0.0,0.0,0.0,3.08,2.76,0.0
20131213:2010,0.0,0.0,0.0,0.0,3.69,2.97,0.0
20131213:2110,0.0,0.0,0.0,0.0,4.22,2.97,0.0
20131213:2210,0.0,0.0,0.0,0.0,4.62,3.03,0.0
20131213:2310,0.0,0.0,0.0,0.0,4.94,3.24,0.0
20131214:0010,0.0,0.0,0.0,0.0,5.36,3.03,0.0
20131214:0110,0.0,0.0,0.0,0.0,5.85,2.83,0.0
20131214:0210,0.0,0.0,0.0,0.0,6.04,2.83,0.0
20131214:0310,0.0,0.0,0.0,0.0,5.66,3.31,0.0
20131214:0410,0.0,0.0,0.0,0.0,4.86,3.59,0.0
20131214:0510,0.0,0.0,0.0,0.0,4.05,3.52,0.0
20131214:0610,0.0,0.0,0.0,0.0,3.31,3.38,0.0
20131214:0710,0.0,0.0,0.0,0.0,3.39,3.03,0.0
20131214:0810,9.0,18.89,0.0,3.63,2.96,3.03,0.0
20131214:0910,49.0,72.0,0.0,10.25,3.9,2.97,0.0
20131214:1010,189.01,56.0,0.0,15.08,5.56,2.48,0.0
20131214:1110,204.01,76.0,0.0,17.74,7.11,2.48,0.0
20131214:1210,217.01,72.0,0.0,17.95,8.29,2.41,0.0
20131214:1310,172.01,70.0,0.0,15.69,8.88,2.21,0.0
20131214:1410,17.0,82.0,0.0,11.2,8.92,2.41,0.0
20131214:1510,0.0,9.0,0.0,4.86,7.99,2.48,0.0
20131214:1610,0.0,0.0,0.0,0.0,6.63,2.97,0.0
20131214:1710,0.0,0.0,0.0,0.0,5.88,3.24,0.0
20131214:1810,0.0,0.0,0.0,0.0,5.63,3.38,0.0
20131214:1910,0.0,0.0,0.0,0.0,4.7,4.0,0.0
20131214:2010,0.0,0.0,0.0,0.0,4.46,4.41,0.0
20131214:2110,0.0,0.0,0.0,0.0,4.18,4.9,0.0
20131214:2210,0.0,0.0,0.0,0.0,4.0,5.24,0.0
20131214:2310,0.0,0.0,0.0,0.0,4.09,5.38,0.0
20131215:0010,0.0,0.0,0.0,0.0,4.2,5.17,0.0
20131215:0110,0.0,0.0,0.0,0.0,4.16,4.62,0.0
20131215:0210,0.0,0.0,0.0,0.0,4.06,4.21,0.0
20131215:0310,0.0,0.0,0.0,0.0,3.79,3.86,0.0
20131215:0410,0.0,0.0,0.0,0.0,3.56,3.86,0.0
20131215:0510,0.0,0.0,0.0,0.0,3.45,4.0,0.0
20131215:0610,0.0,0.0,0.0,0.0,3.5,3.86,0.0
20131215:0710,0.0,0.0,0.0,0.0,3.56,3.17,0.0
20131215:0810,18.0,15.06,0.0,3.53,3.18,3.03,0.0
20131215:0910,99.01,48.0,0.0,10.15,3.9,2.97,0.0
20131215:1010,170.01,64.0,0.0,15.0,5.08,3.24,0.0
20131215:1110,218.01,69.0,0.0,17.67,6.31,3.72,0.0
20131215:1210,225.01,68.0,0.0,17.9,7.16,3.93,0.0
20131215:1310,182.01,65.0,0.0,15.67,7.87,3.93,0.0
20131215:1410,125.01,46.0,0.0,11.19,8.05,3.52,0.0
20131215:1510,32.0,17.57,0.0,4.86,7.56,3.52,0.0
20131215:1610,0.0,0.0,0.0,0.0,6.25,3.59,0.0
20131215:1710,0.0,0.0,0.0,0.0,5.53,3.66,0.0
20131215:1810,0.0,0.0,0.0,0.0,5.1,3.72,0.0
20131215:1910,0.0,0.0,0.0,0.0,5.05,3.79,0.0
20131215:2010,0.0,0.0,0.0,0.0,4.89,3.72,0.0
20131215:2110,0.0,0.0,0.0,0.0,4.71,3.79,0.0
20131215:2210,0.0,0.0,0.0,0.0,4.5,3.93,0.0
20131215:2310,0.0,0.0,0.0,0.0,4.43,3.93,0.0
20131216:0010,0.0,0.0,0.0,0.0,4.19,3.86,0.0
20131216:0110,0.0,0.0,0.0,0.0,3.96,3.72,0.0
20131216:0210,0.0,0.0,0.0,0.0,3.6,3.52,0.0
20131216:0310,0.0,0.0,0.0,0.0,3.23,3.38,0.0
20131216:0410,0.0,0.0,0.0,0.0,2.89,3.38,0.0
20131216:0510,0.0,0.0,0.0,0.0,2.73,3.45,0.0
20131216:0610,0.0,0.0,0.0,0.0,2.7,3.45,0.0
20131216:0710,0.0,0.0,0.0,0.0,2.85,3.66,0.0
20131216:0810,7.0,19.26,0.0,3.43,3.03,3.79,0.0
20131216:0910,97.01,48.0,0.0,10.07,4.24,3.86,0.0
20131216:1010,162.01,69.0,0.0,14.93,6.17,3.93,0.0
20131216:1110,220.01,69.0,0.0,17.61,7.93,3.59,0.0
20131216:1210,227.01,68.0,0.0,17.86,9.21,3.72,0.0
20131216:1310,192.01,61.0,0.0,15.64,9.97,3.45,0.0
20131216:1410,107.01,55.0,0.0,11.19,10.18,3.52,0.0
20131216:1510,28.0,20.69,0.0,4.87,9.57,3.31,0.0
20131216:1610,0.0,0.0,0.0,0.0,8.01,3.52,0.0
20131216:1710,0.0,0.0,0.0,0.0,7.08,3.66,0.0
20131216:1810,0.0,0.0,0.0,0.0,6.52,3.66,0.0
20131216:1910,0.0,0.0,0.0,0.0,6.04,3.38,0.0
20131216:2010,0.0,0.0,0.0,0.0,5.51,3.24,0.0
20131216:2110,0.0,0.0,0.0,0.0,5.02,3.24,0.0
20131216:2210,0.0,0.0,0.0,0.0,4.75,3.31,0.0
20131216:2310,0.0,0.0,0.0,0.0,4.46,3.45,0.0
20131217:0010,0.0,0.0,0.0,0.0,4.5,3.52,0.0
20131217:0110,0.0,0.0,0.0,0.0,4.26,3.59,0.0
20131217:0210,0.0,0.0,0.0,0.0,4.1,3.59,0.0
20131217:0310,0.0,0.0,0.0,0.0,3.95,3.59,0.0
20131217:0410,0.0,0.0,0.0,0.0,3.77,3.52,0.0
20131217:0510,0.0,0.0,0.0,0.0,3.6,3.45,0.0
20131217:0610,0.0,0.0,0.0,0.0,3.45,3.45,0.0
20131217:0710,0.0,0.0,0.0,0.0,3.08,3.17,0.0
20131217:0810,1.0,15.81,0.0,3.34,2.96,3.1,0.0
20131217:0910,24.0,75.0,0.0,9.98,3.8,2.76,0.0
20131217:1010,162.01,67.0,0.0,14.86,5.54,2.55,0.0
20131217:1110,184.01,87.0,0.0,17.56,7.35,2.76,0.0
20131217:1210,188.01,88.0,0.0,17.83,8.49,2.83,0.0
20131217:1310,140.01,88.0,0.0,15.63,9.16,2.9,0.0
20131217:1410,60.0,77.0,0.0,11.19,9.17,2.83,0.0
20131217:1510,21.0,23.94,0.0,4.89,8.59,3.03,0.0
20131217:1610,0.0,0.0,0.0,0.0,7.55,3.24,0.0
20131217:1710,0.0,0.0,0.0,0.0,6.89,3.45,0.0
20131217:1810,0.0,0.0,0.0,0.0,6.64,3.59,0.0
20131217:1910,0.0,0.0,0.0,0.0,6.79,3.72,0.0
20131217:2010,0.0,0.0,0.0,0.0,6.77,3.79,0.0
20131217:2110,0.0,0.0,0.0,0.0,6.82,4.0,0.0
20131217:2210,0.0,0.0,0.0,0.0,6.8,4.28,0.0
20131217:2310,0.0,0.0,0.0,0.0,6.8,4.41,0.0
20131218:0010,0.0,0.0,0.0,0.0,7.02,4.48,0.0
20131218:0110,0.0,0.0,0.0,0.0,7.47,4.48,0.0
20131218:0210,0.0,0.0,0.0,0.0,7.88,4.41,0.0
20131218:0310,0.0,0.0,0.0,0.0,7.85,4.14,0.0
20131218:0410,0.0,0.0,0.0,0.0,7.87,3.93,0.0
20131218:0510,0.0,0.0,0.0,0.0,7.73,3.66,0.0
20131218:0610,0.0,0.0,0.0,0.0,7.62,3.45,0.0
20131218:0710,0.0,0.0,0.0,0.0,7.65,3.17,0.0
20131218:0810,2.0,16.58,0.0,3.25,7.45,3.24,0.0
20131218:0910,74.01,58.0,0.0,9.91,7.51,3.1,0.0
20131218:1010,10.0,107.0,0.0,14.79,7.59,3.24,0.0
20131218:1110,8.0,123.0,0.0,17.51,8.04,4.07,0.0
20131218:1210,3.0,112.0,0.0,17.8,8.82,4.83,0.0
20131218:1310,0.0,45.0,0.0,15.62,9.45,5.03,0.0
20131218:1410,15.0,82.0,0.0,11.2,9.6,4.76,0.0
20131218:1510,7.0,29.21,0.0,4.92,9.53,4.62,0.0
20131218:1610,0.0,0.0,0.0,0.0,9.38,4.83,0.0
20131218:1710,0.0,0.0,0.0,0.0,9.32,5.17,0.0
20131218:1810,0.0,0.0,0.0,0.0,9.13,5.72,0.0
20131218:1910,0.0,0.0,0.0,0.0,8.72,5.72,0.0
20131218:2010,0.0,0.0,0.0,0.0,9.02,6.41,0.0
20131218:2110,0.0,0.0,0.0,0.0,9.49,7.1,0.0
20131218:2210,0.0,0.0,0.0,0.0,9.92,7.66,0.0
20131218:2310,0.0,0.0,0.0,0.0,9.98,8.07,0.0
20131219:0010,0.0,0.0,0.0,0.0,10.0,8.28,0.0
20131219:0110,0.0,0.0,0.0,0.0,9.47,8.14,0.0
20131219:0210,0.0,0.0,0.0,0.0,9.46,8.21,0.0
20131219:0310,0.0,0.0,0.0,0.0,9.5,8.07,0.0
20131219:0410,0.0,0.0,0.0,0.0,9.56,7.38,0.0
20131219:0510,0.0,0.0,0.0,0.0,9.39,6.55,0.0
20131219:0610,0.0,0.0,0.0,0.0,8.79,5.59,0.0
20131219:0710,0.0,0.0,0.0,0.0,8.26,4.83,0.0
20131219:0810,18.0,11.55,0.0,3.18,7.58,4.83,0.0
20131219:0910,92.01,48.0,0.0,9.84,7.62,4.76,0.0
20131219:1010,52.0,114.0,0.0,14.74,7.95,4.62,0.0
20131219:1110,185.01,85.0,0.0,17.48,8.31,4.48,0.0
20131219:1210,43.0,143.0,0.0,17.78,8.37,4.83,0.0
20131219:1310,16.0,118.0,0.0,15.63,8.42,4.07,0.0
20131219:1410,124.01,47.0,0.0,11.22,8.47,3.86,0.0
20131219:1510,30.0,19.6,0.0,4.95,8.03,3.17,0.0
20131219:1610,0.0,0.0,0.0,0.0,6.9,2.69,0.0
20131219:1710,0.0,0.0,0.0,0.0,5.72,2.55,0.0
20131219:1810,0.0,0.0,0.0,0.0,4.94,2.69,0.0
20131219:1910,0.0,0.0,0.0,0.0,4.25,2.55,0.0
20131219:2010,0.0,0.0,0.0,0.0,3.83,2.76,0.0
20131219:2110,0.0,0.0,0.0,0.0,3.29,2.76,0.0
20131219:2210,0.0,0.0,0.0,0.0,2.92,2.83,0.0
20131219:2310,0.0,0.0,0.0,0.0,2.78,2.83,0.0
20131220:0010,0.0,0.0,0.0,0.0,3.29,2.97,0.0
20131220:0110,0.0,0.0,0.0,0.0,3.64,3.31,0.0
20131220:0210,0.0,0.0,0.0,0.0,4.06,2.97,0.0
20131220:0310,0.0,0.0,0.0,0.0,4.18,2.83,0.0
20131220:0410,0.0,0.0,0.0,0.0,3.94,3.03,0.0
20131220:0510,0.0,0.0,0.0,0.0,3.53,3.03,0.0
20131220:0610,0.0,0.0,0.0,0.0,3.04,3.03,0.0
20131220:0710,0.0,0.0,0.0,0.0,2.41,2.83,0.0
20131220:0810,15.0,12.86,0.0,3.1,2.06,2.76,0.0
20131220:0910,100.01,44.0,0.0,9.78,2.76,2.48,0.0
20131220:1010,170.01,62.0,0.0,14.69,4.37,2.48,0.0
20131220:1110,220.01,67.0,0.0,17.45,5.91,2.83,0.0
20131220:1210,231.01,65.0,0.0,17.77,7.0,3.03,0.0
20131220:1310,189.01,63.0,0.0,15.63,7.62,3.17,0.0
20131220:1410,114.01,53.0,0.0,11.25,7.74,3.1,0.0
20131220:1510,31.0,20.19,0.0,4.99,7.06,2.97,0.0
20131220:1610,0.0,0.0,0.0,0.0,5.6,3.1,0.0
20131220:1710,0.0,0.0,0.0,0.0,4.52,3.24,0.0
20131220:1810,0.0,0.0,0.0,0.0,3.83,3.38,0.0
20131220:1910,0.0,0.0,0.0,0.0,3.44,3.52,0.0
20131220:2010,0.0,0.0,0.0,0.0,3.19,3.59,0.0
20131220:2110,0.0,0.0,0.0,0.0,2.86,3.79,0.0
20131220:2210,0.0,0.0,0.0,0.0,2.69,3.93,0.0
20131220:2310,0.0,0.0,0.0,0.0,2.55,4.07,0.0
20131221:0010,0.0,0.0,0.0,0.0,2.62,4.28,0.0
20131221:0110,0.0,0.0,0.0,0.0,2.45,4.34,0.0
20131221:0210,0.0,0.0,0.0,0.0,2.56,4.34,0.0
20131221:0310,0.0,0.0,0.0,0.0,2.73,4.41,0.0
20131221:0410,0.0,0.0,0.0,0.0,2.89,4.48,0.0
20131221:0510,0.0,0.0,0.0,0.0,2.97,4.69,0.0
20131221:0610,0.0,0.0,0.0,0.0,2.92,4.9,0.0
20131221:0710,0.0,0.0,0.0,0.0,3.37,5.1,0.0
20131221:0810,1.0,14.8,0.0,3.04,3.46,5.31,0.0
20131221:0910,25.0,72.0,0.0,9.72,3.93,5.52,0.0
20131221:1010,75.0,107.0,0.0,14.65,4.73,4.69,0.0
20131221:1110,15.0,130.0,0.0,17.42,5.33,5.1,0.0
20131221:1210,102.01,129.0,0.0,17.77,6.06,5.38,0.0
20131221:1310,68.0,119.0,0.0,15.65,6.42,4.97,0.0
20131221:1410,8.0,77.0,0.0,11.28,6.61,6.14,0.0
20131221:1510,14.0,28.39,0.0,5.04,6.61,5.86,0.0
20131221:1610,0.0,0.0,0.0,0.0,6.26,5.66,0.0
20131221:1710,0.0,0.0,0.0,0.0,5.86,5.79,0.0
20131221:1810,0.0,0.0,0.0,0.0,5.54,6.07,0.0
20131221:1910,0.0,0.0,0.0,0.0,5.63,6.41,0.0
20131221:2010,0.0,0.0,0.0,0.0,5.48,6.48,0.0
20131221:2110,0.0,0.0,0.0,0.0,5.42,6.41,0.0
20131221:2210,0.0,0.0,0.0,0.0,5.44,6.48,0.0
20131221:2310,0.0,0.0,0.0,0.0,5.34,6.48,0.0
20131222:0010,0.0,0.0,0.0,0.0,5.59,6.41,0.0
20131222:0110,0.0,0.0,0.0,0.0,6.03,6.34,0.0
20131222:0210,0.0,0.0,0.0,0.0,6.38,6.28,0.0
20131222:0310,0.0,0.0,0.0,0.0,6.84,6.41,0.0
20131222:0410,0.0,0.0,0.0,0.0,7.38,6.69,0.0
20131222:0510,0.0,0.0,0.0,0.0,7.68,6.76,0.0
20131222:0610,0.0,0.0,0.0,0.0,7.89,6.97,0.0
20131222:0710,0.0,0.0,0.0,0.0,7.61,6.76,0.0
20131222:0810,0.0,7.0,0.0,2.98,7.8,6.97,0.0
20131222:0910,1.0,50.0,0.0,9.68,8.08,7.1,0.0
20131222:1010,15.0,109.0,0.0,14.62,8.46,7.24,0.0
20131222:1110,6.0,118.0,0.0,17.41,8.96,7.24,0.0
20131222:1210,16.0,133.0,0.0,17.77,9.43,7.24,0.0
20131222:1310,52.0,122.0,0.0,15.67,9.93,6.55,0.0
20131222:1410,0.0,24.0,0.0,11.32,10.17,7.45,0.0
20131222:1510,2.0,27.55,0.0,5.09,10.5,7.1,0.0
20131222:1610,0.0,0.0,0.0,0.0,10.25,6.83,0.0
20131222:1710,0.0,0.0,0.0,0.0,9.75,6.41,0.0
20131222:1810,0.0,0.0,0.0,0.0,9.41,5.93,0.0
20131222:1910,0.0,0.0,0.0,0.0,9.11,6.07,0.0
20131222:2010,0.0,0.0,0.0,0.0,8.8,5.66,0.0
20131222:2110,0.0,0.0,0.0,0.0,8.43,5.52,0.0
20131222:2210,0.0,0.0,0.0,0.0,7.86,5.1,0.0
20131222:2310,0.0,0.0,0.0,0.0,7.4,4.55,0.0
20131223:0010,0.0,0.0,0.0,0.0,6.96,4.21,0.0
20131223:0110,0.0,0.0,0.0,0.0,6.57,3.93,0.0
20131223:0210,0.0,0.0,0.0,0.0,6.48,3.86,0.0
20131223:0310,0.0,0.0,0.0,0.0,6.68,3.93,0.0
20131223:0410,0.0,0.0,0.0,0.0,6.79,4.07,0.0
20131223:0510,0.0,0.0,0.0,0.0,7.11,4.41,0.0
20131223:0610,0.0,0.0,0.0,0.0,7.45,4.69,0.0
20131223:0710,0.0,0.0,0.0,0.0,7.78,4.9,0.0
20131223:0810,6.0,15.58,0.0,2.92,7.94,5.17,0.0
20131223:0910,4.0,61.0,0.0,9.63,8.28,5.66,0.0
20131223:1010,0.0,64.0,0.0,14.59,8.77,6.21,0.0
20131223:1110,29.0,137.0,0.0,17.4,9.42,6.9,0.0
20131223:1210,6.0,119.0,0.0,17.79,9.75,7.66,0.0
20131223:1310,49.0,123.0,0.0,15.71,10.05,7.72,0.0
20131223:1410,52.0,81.0,0.0,11.37,10.39,8.14,0.0
20131223:1510,5.0,30.74,0.0,5.15,10.56,8.48,0.0
20131223:1610,0.0,0.0,0.0,0.0,10.7,8.55,0.0
20131223:1710,0.0,0.0,0.0,0.0,10.82,8.62,0.0
20131223:1810,0.0,0.0,0.0,0.0,10.7,8.69,0.0
20131223:1910,0.0,0.0,0.0,0.0,11.02,8.48,0.0
20131223:2010,0.0,0.0,0.0,0.0,11.21,8.76,0.0
20131223:2110,0.0,0.0,0.0,0.0,11.33,9.03,0.0
20131223:2210,0.0,0.0,0.0,0.0,11.21,9.45,0.0
20131223:2310,0.0,0.0,0.0,0.0,10.92,9.66,0.0
20131224:0010,0.0,0.0,0.0,0.0,10.81,9.86,0.0
20131224:0110,0.0,0.0,0.0,0.0,10.79,10.07,0.0
20131224:0210,0.0,0.0,0.0,0.0,10.4,10.14,0.0
20131224:0310,0.0,0.0,0.0,0.0,9.66,10.41,0.0
20131224:0410,0.0,0.0,0.0,0.0,9.29,10.62,0.0
20131224:0510,0.0,0.0,0.0,0.0,9.2,10.83,0.0
20131224:0610,0.0,0.0,0.0,0.0,9.26,10.97,0.0
20131224:0710,0.0,0.0,0.0,0.0,9.4,10.76,0.0
20131224:0810,2.0,13.6,0.0,2.88,9.32,10.55,0.0
20131224:0910,5.0,61.0,0.0,9.6,9.47,10.41,0.0
20131224:1010,0.0,32.0,0.0,14.58,9.69,10.21,0.0
20131224:1110,0.0,89.0,0.0,17.4,9.95,10.0,0.0
20131224:1210,0.0,58.0,0.0,17.81,10.19,9.93,0.0
20131224:1310,0.0,53.0,0.0,15.74,10.38,9.93,0.0
20131224:1410,0.0,39.0,0.0,11.42,10.48,9.86,0.0
20131224:1510,0.0,20.0,0.0,5.22,10.49,9.86,0.0
20131224:1610,0.0,0.0,0.0,0.0,10.5,9.38,0.0
20131224:1710,0.0,0.0,0.0,0.0,10.43,8.34,0.0
20131224:1810,0.0,0.0,0.0,0.0,10.13,6.0,0.0
20131224:1910,0.0,0.0,0.0,0.0,10.02,5.66,0.0
20131224:2010,0.0,0.0,0.0,0.0,9.99,5.52,0.0
20131224:2110,0.0,0.0,0.0,0.0,9.95,5.45,0.0
20131224:2210,0.0,0.0,0.0,0.0,10.02,6.14,0.0
20131224:2310,0.0,0.0,0.0,0.0,9.78,7.86,0.0
20131225:0010,0.0,0.0,0.0,0.0,9.11,7.24,0.0
20131225:0110,0.0,0.0,0.0,0.0,8.36,6.07,0.0
20131225:0210,0.0,0.0,0.0,0.0,7.91,5.66,0.0
20131225:0310,0.0,0.0,0.0,0.0,7.37,5.31,0.0
20131225:0410,0.0,0.0,0.0,0.0,6.8,4.76,0.0
20131225:0510,0.0,0.0,0.0,0.0,6.28,3.93,0.0
20131225:0610,0.0,0.0,0.0,0.0,5.41,3.17,0.0
20131225:0710,0.0,0.0,0.0,0.0,6.18,3.45,0.0
20131225:0810,15.0,10.21,0.0,2.84,5.42,2.83,0.0
20131225:0910,99.01,42.0,0.0,9.57,5.64,2.97,0.0
20131225:1010,54.0,112.0,0.0,14.57,6.67,2.97,0.0
20131225:1110,53.0,139.0,0.0,17.41,7.71,4.07,0.0
20131225:1210,75.0,139.0,0.0,17.83,8.17,3.59,0.0
20131225:1310,78.0,117.0,0.0,15.79,8.47,3.45,0.0
20131225:1410,62.0,79.0,0.0,11.48,7.81,4.0,0.0
20131225:1510,0.0,24.0,0.0,5.29,7.28,3.66,0.0
20131225:1610,0.0,0.0,0.0,0.0,6.7,3.45,0.0
20131225:1710,0.0,0.0,0.0,0.0,6.27,3.66,0.0
20131225:1810,0.0,0.0,0.0,0.0,6.3,3.66,0.0
20131225:1910,0.0,0.0,0.0,0.0,5.96,3.52,0.0
20131225:2010,0.0,0.0,0.0,0.0,5.97,3.45,0.0
20131225:2110,0.0,0.0,0.0,0.0,5.67,3.24,0.0
20131225:2210,0.0,0.0,0.0,0.0,5.24,3.1,0.0
20131225:2310,0.0,0.0,0.0,0.0,4.68,2.9,0.0
20131226:0010,0.0,0.0,0.0,0.0,4.69,2.76,0.0
20131226:0110,0.0,0.0,0.0,0.0,4.48,2.83,0.0
20131226:0210,0.0,0.0,0.0,0.0,4.42,2.62,0.0
20131226:0310,0.0,0.0,0.0,0.0,4.34,2.34,0.0
20131226:0410,0.0,0.0,0.0,0.0,4.44,2.48,0.0
20131226:0510,0.0,0.0,0.0,0.0,4.57,2.9,0.0
20131226:0610,0.0,0.0,0.0,0.0,4.49,3.03,0.0
20131226:0710,0.0,0.0,0.0,0.0,4.54,3.03,0.0
20131226:0810,11.0,12.61,0.0,2.8,4.03,2.9,0.0
20131226:0910,98.01,43.0,0.0,9.55,4.31,2.83,0.0
20131226:1010,174.01,59.0,0.0,14.56,5.03,3.59,0.0
20131226:1110,219.01,67.0,0.0,17.43,6.16,5.1,0.0
20131226:1210,214.01,74.0,0.0,17.87,7.0,5.24,0.0
20131226:1310,187.01,65.0,0.0,15.84,7.66,4.69,0.0
20131226:1410,77.01,74.0,0.0,11.55,8.01,3.86,0.0
20131226:1510,40.01,18.13,0.0,5.37,7.68,3.03,0.0
20131226:1610,0.0,0.0,0.0,0.0,6.63,2.97,0.0
20131226:1710,0.0,0.0,0.0,0.0,5.76,3.24,0.0
20131226:1810,0.0,0.0,0.0,0.0,5.77,3.52,0.0
20131226:1910,0.0,0.0,0.0,0.0,5.17,3.59,0.0
20131226:2010,0.0,0.0,0.0,0.0,4.8,3.52,0.0
20131226:2110,0.0,0.0,0.0,0.0,4.04,3.52,0.0
20131226:2210,0.0,0.0,0.0,0.0,3.71,3.79,0.0
20131226:2310,0.0,0.0,0.0,0.0,3.48,4.14,0.0
20131227:0010,0.0,0.0,0.0,0.0,3.69,4.76,0.0
20131227:0110,0.0,0.0,0.0,0.0,4.06,5.38,0.0
20131227:0210,0.0,0.0,0.0,0.0,4.97,5.93,0.0
20131227:0310,0.0,0.0,0.0,0.0,5.96,6.62,0.0
20131227:0410,0.0,0.0,0.0,0.0,6.65,7.24,0.0
20131227:0510,0.0,0.0,0.0,0.0,7.23,7.52,0.0
20131227:0610,0.0,0.0,0.0,0.0,7.74,7.45,0.0
20131227:0710,0.0,0.0,0.0,0.0,8.01,7.72,0.0
20131227:0810,1.0,10.84,0.0,2.78,8.42,8.0,0.0
20131227:0910,0.0,21.0,0.0,9.54,8.94,8.34,0.0
20131227:1010,0.0,62.0,0.0,14.57,9.57,8.48,0.0
20131227:1110,0.0,76.0,0.0,17.45,10.18,8.48,0.0
20131227:1210,2.0,105.0,0.0,17.91,10.88,8.41,0.0
20131227:1310,11.0,113.0,0.0,15.9,11.71,8.28,0.0
20131227:1410,19.0,85.0,0.0,11.63,12.23,8.14,0.0
20131227:1510,6.0,32.48,0.0,5.46,12.43,8.07,0.0
20131227:1610,0.0,0.0,0.0,0.0,12.36,7.72,0.0
20131227:1710,0.0,0.0,0.0,0.0,12.05,7.52,0.0
20131227:1810,0.0,0.0,0.0,0.0,11.75,7.52,0.0
20131227:1910,0.0,0.0,0.0,0.0,11.92,7.59,0.0
20131227:2010,0.0,0.0,0.0,0.0,11.59,7.38,0.0
20131227:2110,0.0,0.0,0.0,0.0,11.29,7.1,0.0
20131227:2210,0.0,0.0,0.0,0.0,11.15,6.69,0.0
20131227:2310,0.0,0.0,0.0,0.0,10.97,6.48,0.0
20131228:0010,0.0,0.0,0.0,0.0,10.84,6.55,0.0
20131228:0110,0.0,0.0,0.0,0.0,10.88,7.03,0.0
20131228:0210,0.0,0.0,0.0,0.0,10.91,7.72,0.0
20131228:0310,0.0,0.0,0.0,0.0,10.74,7.86,0.0
20131228:0410,0.0,0.0,0.0,0.0,10.53,7.59,0.0
20131228:0510,0.0,0.0,0.0,0.0,9.94,5.86,0.0
20131228:0610,0.0,0.0,0.0,0.0,8.4,4.69,0.0
20131228:0710,0.0,0.0,0.0,0.0,7.76,2.48,0.0
20131228:0810,12.0,11.53,0.0,2.76,7.0,2.07,0.0
20131228:0910,18.0,69.0,0.0,9.54,6.92,1.72,0.0
20131228:1010,0.0,76.0,0.0,14.58,7.77,1.72,0.0
20131228:1110,3.0,111.0,0.0,17.48,8.51,2.14,0.0
20131228:1210,1.0,98.0,0.0,17.96,8.79,2.41,0.0
20131228:1310,2.0,98.0,0.0,15.97,8.87,2.48,0.0
20131228:1410,0.0,33.0,0.0,11.71,8.65,2.48,0.0
20131228:1510,14.0,31.41,0.0,5.55,8.05,2.76,0.0
20131228:1610,0.0,0.0,0.0,0.0,7.29,3.17,0.0
20131228:1710,0.0,0.0,0.0,0.0,6.55,3.59,0.0
20131228:1810,0.0,0.0,0.0,0.0,5.67,3.72,0.0
20131228:1910,0.0,0.0,0.0,0.0,5.29,4.62,0.0
20131228:2010,0.0,0.0,0.0,0.0,4.99,4.9,0.0
20131228:2110,0.0,0.0,0.0,0.0,4.89,5.1,0.0
20131228:2210,0.0,0.0,0.0,0.0,4.84,5.17,0.0
20131228:2310,0.0,0.0,0.0,0.0,5.04,5.03,0.0
20131229:0010,0.0,0.0,0.0,0.0,5.0,4.83,0.0
20131229:0110,0.0,0.0,0.0,0.0,4.79,4.69,0.0
20131229:0210,0.0,0.0,0.0,0.0,4.75,4.69,0.0
20131229:0310,0.0,0.0,0.0,0.0,4.64,4.62,0.0
20131229:0410,0.0,0.0,0.0,0.0,4.66,4.55,0.0
20131229:0510,0.0,0.0,0.0,0.0,4.78,4.41,0.0
20131229:0610,0.0,0.0,0.0,0.0,4.83,4.07,0.0
20131229:0710,0.0,0.0,0.0,0.0,4.67,3.45,0.0
20131229:0810,12.0,11.51,0.0,2.74,4.43,3.1,0.0
20131229:0910,83.01,50.0,0.0,9.54,4.58,2.97,0.0
20131229:1010,169.01,61.0,0.0,14.6,5.38,2.9,0.0
20131229:1110,228.01,64.0,0.0,17.52,6.36,3.31,0.0
20131229:1210,233.01,66.0,0.0,18.02,7.11,3.52,0.0
20131229:1310,194.01,64.0,0.0,16.05,7.65,3.59,0.0
20131229:1410,96.01,68.0,0.0,11.8,7.59,2.69,0.0
20131229:1510,38.0,21.08,0.0,5.65,7.27,2.0,0.0
20131229:1610,0.0,0.0,0.0,0.0,6.11,2.28,0.0
20131229:1710,0.0,0.0,0.0,0.0,4.96,2.48,0.0
20131229:1810,0.0,0.0,0.0,0.0,4.54,2.48,0.0
20131229:1910,0.0,0.0,0.0,0.0,3.54,2.55,0.0
20131229:2010,0.0,0.0,0.0,0.0,2.97,2.62,0.0
20131229:2110,0.0,0.0,0.0,0.0,2.6,2.76,0.0
20131229:2210,0.0,0.0,0.0,0.0,2.3,2.83,0.0
20131229:2310,0.0,0.0,0.0,0.0,2.09,2.9,0.0
20131230:0010,0.0,0.0,0.0,0.0,1.94,3.03,0.0
20131230:0110,0.0,0.0,0.0,0.0,1.81,3.31,0.0
20131230:0210,0.0,0.0,0.0,0.0,1.81,3.45,0.0
20131230:0310,0.0,0.0,0.0,0.0,1.82,3.72,0.0
20131230:0410,0.0,0.0,0.0,0.0,1.91,4.07,0.0
20131230:0510,0.0,0.0,0.0,0.0,2.07,4.28,0.0
20131230:0610,0.0,0.0,0.0,0.0,2.22,4.62,0.0
20131230:0710,0.0,0.0,0.0,0.0,2.35,4.48,0.0
20131230:0810,3.0,13.38,0.0,2.74,2.58,4.83,0.0
20131230:0910,52.0,64.0,0.0,9.55,3.27,5.17,0.0
20131230:1010,29.0,115.0,0.0,14.63,4.24,4.97,0.0
20131230:1110,79.0,135.0,0.0,17.57,5.23,6.34,0.0
20131230:1210,5.0,120.0,0.0,18.09,6.05,6.14,0.0
20131230:1310,2.0,99.0,0.0,16.13,6.54,6.69,0.0
20131230:1410,2.0,71.0,0.0,11.9,6.62,5.59,0.0
20131230:1510,2.0,32.0,0.0,5.76,6.72,5.52,0.0
20131230:1610,0.0,0.0,0.0,0.0,6.58,5.24,0.0
20131230:1710,0.0,0.0,0.0,0.0,6.41,4.97,0.0
20131230:1810,0.0,0.0,0.0,0.0,6.44,4.76,0.0
20131230:1910,0.0,0.0,0.0,0.0,6.45,4.41,0.0
20131230:2010,0.0,0.0,0.0,0.0,6.38,4.21,0.0
20131230:2110,0.0,0.0,0.0,0.0,6.06,3.93,0.0
20131230:2210,0.0,0.0,0.0,0.0,5.7,3.72,0.0
20131230:2310,0.0,0.0,0.0,0.0,5.59,3.66,0.0
20131231:0010,0.0,0.0,0.0,0.0,5.7,3.66,0.0
20131231:0110,0.0,0.0,0.0,0.0,5.52,3.72,0.0
20131231:0210,0.0,0.0,0.0,0.0,5.86,3.93,0.0
20131231:0310,0.0,0.0,0.0,0.0,6.05,3.93,0.0
20131231:0410,0.0,0.0,0.0,0.0,5.88,3.93,0.0
20131231:0510,0.0,0.0,0.0,0.0,5.95,4.07,0.0
20131231:0610,0.0,0.0,0.0,0.0,6.01,4.28,0.0
20131231:0710,0.0,0.0,0.0,0.0,5.92,4.48,0.0
20131231:0810,0.0,5.0,0.0,2.74,5.98,4.69,0.0
20131231:0910,7.0,65.0,0.0,9.56,6.18,4.9,0.0
20131231:1010,2.0,90.0,0.0,14.66,6.45,5.1,0.0
20131231:1110,110.01,124.0,0.0,17.62,6.82,5.17,0.0
20131231:1210,81.0,139.0,0.0,18.16,7.51,5.24,0.0
20131231:1310,0.0,83.0,0.0,16.22,8.19,5.31,0.0
20131231:1410,1.0,69.0,0.0,12.0,8.64,5.38,0.0
20131231:1510,2.0,33.0,0.0,5.87,8.42,5.31,0.0
20131231:1610,0.0,0.0,0.0,0.0,7.9,5.17,0.0
20131231:1710,0.0,0.0,0.0,0.0,7.9,5.31,0.0
20131231:1810,0.0,0.0,0.0,0.0,7.81,5.38,0.0
20131231:1910,0.0,0.0,0.0,0.0,7.57,5.24,0.0
20131231:2010,0.0,0.0,0.0,0.0,7.49,4.83,0.0
20131231:2110,0.0,0.0,0.0,0.0,7.45,4.55,0.0
20131231:2210,0.0,0.0,0.0,0.0,7.0,4.34,0.0
20131231:2310,0.0,0.0,0.0,0.0,6.4,4.14,0.0

Gb(i): Beam (direct) irradiance on the inclined plane (plane of the array) (W/m2)
Gd(i): Diffuse irradiance on the inclined plane (plane of the array) (W/m2)
Gr(i): Reflected irradiance on the inclined plane (plane of the array) (W/m2)
H_sun: Sun height (degree)
T2m: 2-m air temperature (degree Celsius)
WS10m: 10-m total wind speed (m/s)
Int: 1 means solar radiation values are reconstructed



PVGIS (c) European Union, 2001-2026