Latitude (decimal degrees):	48.630
Longitude (decimal degrees):	2.270
Elevation (m):	56
Radiation database:	PVGIS-SARAH3


Slope: 0 deg. 
Azimuth: 0 deg. 
time,Gb(i),Gd(i),Gr(i),H_sun,T2m,WS10m,Int
20070101:0010,0.0,0.0,0.0,0.0,12.44,8.41,0.0
20070101:0110,0.0,0.0,0.0,0.0,12.26,8.0,0.0
20070101:0210,0.0,0.0,0.0,0.0,12.05,7.86,0.0
20070101:0310,0.0,0.0,0.0,0.0,11.65,6.69,0.0
20070101:0410,0.0,0.0,0.0,0.0,11.02,6.34,0.0
20070101:0510,0.0,0.0,0.0,0.0,10.22,6.48,0.0
20070101:0610,0.0,0.0,0.0,0.0,9.28,6.69,0.0
20070101:0710,0.0,0.0,0.0,0.0,9.02,7.31,0.0
20070101:0810,8.0,13.23,0.0,2.75,8.46,7.45,0.0
20070101:0910,6.0,63.0,0.0,9.59,8.59,7.59,0.0
20070101:1010,54.0,113.0,0.0,14.71,9.0,7.45,0.0
20070101:1110,193.01,82.0,0.0,17.7,9.38,6.55,0.0
20070101:1210,123.01,125.0,0.0,18.27,9.76,6.83,0.0
20070101:1310,142.01,94.0,0.0,16.35,9.99,6.14,0.0
20070101:1410,16.0,89.0,0.0,12.14,9.85,4.9,0.0
20070101:1510,7.0,37.0,0.0,6.02,9.14,4.21,0.0
20070101:1610,0.0,0.0,0.0,0.0,8.41,4.21,0.0
20070101:1710,0.0,0.0,0.0,0.0,7.96,4.34,0.0
20070101:1810,0.0,0.0,0.0,0.0,7.34,4.14,0.0
20070101:1910,0.0,0.0,0.0,0.0,6.53,5.03,0.0
20070101:2010,0.0,0.0,0.0,0.0,6.02,4.69,0.0
20070101:2110,0.0,0.0,0.0,0.0,6.39,6.34,0.0
20070101:2210,0.0,0.0,0.0,0.0,6.57,8.55,0.0
20070101:2310,0.0,0.0,0.0,0.0,6.35,8.34,0.0
20070102:0010,0.0,0.0,0.0,0.0,6.16,7.79,0.0
20070102:0110,0.0,0.0,0.0,0.0,6.04,7.24,0.0
20070102:0210,0.0,0.0,0.0,0.0,6.0,6.69,0.0
20070102:0310,0.0,0.0,0.0,0.0,5.77,6.28,0.0
20070102:0410,0.0,0.0,0.0,0.0,5.55,5.86,0.0
20070102:0510,0.0,0.0,0.0,0.0,5.45,5.38,0.0
20070102:0610,0.0,0.0,0.0,0.0,5.63,5.03,0.0
20070102:0710,0.0,0.0,0.0,0.0,4.63,4.83,0.0
20070102:0810,11.0,11.74,0.0,2.76,4.82,4.9,0.0
20070102:0910,56.0,63.0,0.0,9.62,5.4,5.31,0.0
20070102:1010,97.01,100.0,0.0,14.77,6.59,4.83,0.0
20070102:1110,59.0,142.0,0.0,17.77,7.48,5.72,0.0
20070102:1210,21.0,143.0,0.0,18.36,7.86,6.21,0.0
20070102:1310,4.0,107.0,0.0,16.45,8.13,5.72,0.0
20070102:1410,88.01,76.0,0.0,12.26,8.29,6.62,0.0
20070102:1510,33.0,36.0,0.0,6.14,7.32,6.55,0.0
20070102:1610,0.0,0.0,0.0,0.0,6.94,5.66,0.0
20070102:1710,0.0,0.0,0.0,0.0,6.46,5.24,0.0
20070102:1810,0.0,0.0,0.0,0.0,6.26,5.03,0.0
20070102:1910,0.0,0.0,0.0,0.0,6.23,5.03,0.0
20070102:2010,0.0,0.0,0.0,0.0,6.32,4.76,0.0
20070102:2110,0.0,0.0,0.0,0.0,6.2,4.28,0.0
20070102:2210,0.0,0.0,0.0,0.0,6.2,3.93,0.0
20070102:2310,0.0,0.0,0.0,0.0,5.86,3.45,0.0
20070103:0010,0.0,0.0,0.0,0.0,5.49,3.24,0.0
20070103:0110,0.0,0.0,0.0,0.0,5.27,3.1,0.0
20070103:0210,0.0,0.0,0.0,0.0,4.88,3.1,0.0
20070103:0310,0.0,0.0,0.0,0.0,4.7,2.9,0.0
20070103:0410,0.0,0.0,0.0,0.0,4.48,2.62,0.0
20070103:0510,0.0,0.0,0.0,0.0,3.96,2.34,0.0
20070103:0610,0.0,0.0,0.0,0.0,3.53,2.62,0.0
20070103:0710,0.0,0.0,0.0,0.0,4.26,2.62,0.0
20070103:0810,5.0,13.91,0.0,2.78,3.91,2.69,0.0
20070103:0910,14.0,69.0,0.0,9.66,4.45,2.83,0.0
20070103:1010,177.01,59.0,0.0,14.82,5.25,3.1,0.0
20070103:1110,49.0,142.0,0.0,17.85,6.5,4.28,0.0
20070103:1210,20.0,142.0,0.0,18.46,7.79,5.03,0.0
20070103:1310,3.0,101.0,0.0,16.57,8.28,5.03,0.0
20070103:1410,57.0,88.0,0.0,12.38,8.32,5.24,0.0
20070103:1510,11.0,41.0,0.0,6.27,8.01,4.62,0.0
20070103:1610,0.0,0.0,0.0,0.0,7.58,4.83,0.0
20070103:1710,0.0,0.0,0.0,0.0,7.35,5.1,0.0
20070103:1810,0.0,0.0,0.0,0.0,7.26,5.45,0.0
20070103:1910,0.0,0.0,0.0,0.0,7.31,5.38,0.0
20070103:2010,0.0,0.0,0.0,0.0,7.31,5.66,0.0
20070103:2110,0.0,0.0,0.0,0.0,7.19,5.79,0.0
20070103:2210,0.0,0.0,0.0,0.0,7.21,5.93,0.0
20070103:2310,0.0,0.0,0.0,0.0,7.22,6.07,0.0
20070104:0010,0.0,0.0,0.0,0.0,7.45,6.28,0.0
20070104:0110,0.0,0.0,0.0,0.0,7.76,6.41,0.0
20070104:0210,0.0,0.0,0.0,0.0,8.02,6.41,0.0
20070104:0310,0.0,0.0,0.0,0.0,8.14,6.41,0.0
20070104:0410,0.0,0.0,0.0,0.0,8.35,6.28,0.0
20070104:0510,0.0,0.0,0.0,0.0,8.92,5.86,0.0
20070104:0610,0.0,0.0,0.0,0.0,9.41,5.59,0.0
20070104:0710,0.0,0.0,0.0,0.0,9.51,5.17,0.0
20070104:0810,14.0,10.37,0.0,2.81,9.37,5.52,0.0
20070104:0910,97.01,44.0,0.0,9.71,9.2,5.52,0.0
20070104:1010,141.01,79.0,0.0,14.89,9.49,5.66,0.0
20070104:1110,44.0,144.0,0.0,17.94,10.06,5.17,0.0
20070104:1210,67.0,147.0,0.0,18.56,10.34,5.79,0.0
20070104:1310,0.0,51.0,0.0,16.69,10.43,5.17,0.0
20070104:1410,7.0,84.0,0.0,12.51,10.35,5.24,0.0
20070104:1510,41.0,35.0,0.0,6.41,10.17,4.83,0.0
20070104:1610,0.0,0.0,0.0,0.0,9.56,4.62,0.0
20070104:1710,0.0,0.0,0.0,0.0,8.91,4.62,0.0
20070104:1810,0.0,0.0,0.0,0.0,8.55,4.55,0.0
20070104:1910,0.0,0.0,0.0,0.0,8.26,4.62,0.0
20070104:2010,0.0,0.0,0.0,0.0,8.3,4.48,0.0
20070104:2110,0.0,0.0,0.0,0.0,8.22,4.21,0.0
20070104:2210,0.0,0.0,0.0,0.0,8.21,4.0,0.0
20070104:2310,0.0,0.0,0.0,0.0,7.9,3.79,0.0
20070105:0010,0.0,0.0,0.0,0.0,7.94,3.79,0.0
20070105:0110,0.0,0.0,0.0,0.0,8.03,3.66,0.0
20070105:0210,0.0,0.0,0.0,0.0,8.2,3.59,0.0
20070105:0310,0.0,0.0,0.0,0.0,8.32,3.59,0.0
20070105:0410,0.0,0.0,0.0,0.0,8.38,3.72,0.0
20070105:0510,0.0,0.0,0.0,0.0,8.39,3.86,0.0
20070105:0610,0.0,0.0,0.0,0.0,8.4,3.86,0.0
20070105:0710,0.0,0.0,0.0,0.0,8.27,3.86,0.0
20070105:0810,1.0,11.83,0.0,2.85,8.03,3.93,0.0
20070105:0910,0.0,38.0,0.0,9.76,7.98,4.07,0.0
20070105:1010,0.0,72.0,0.0,14.96,8.36,4.62,0.0
20070105:1110,37.0,143.0,0.0,18.03,9.22,5.17,0.0
20070105:1210,29.0,146.0,0.0,18.67,9.88,4.97,0.0
20070105:1310,10.0,119.0,0.0,16.82,10.43,4.83,0.0
20070105:1410,0.0,16.0,0.0,12.65,10.98,5.03,0.0
20070105:1510,5.0,41.0,0.0,6.56,11.13,4.62,0.0
20070105:1610,0.0,0.0,0.0,0.0,10.89,4.14,0.0
20070105:1710,0.0,0.0,0.0,0.0,10.66,4.28,0.0
20070105:1810,0.0,0.0,0.0,0.0,10.29,4.55,0.0
20070105:1910,0.0,0.0,0.0,0.0,10.1,4.97,0.0
20070105:2010,0.0,0.0,0.0,0.0,10.09,4.97,0.0
20070105:2110,0.0,0.0,0.0,0.0,10.16,4.83,0.0
20070105:2210,0.0,0.0,0.0,0.0,10.29,4.76,0.0
20070105:2310,0.0,0.0,0.0,0.0,10.4,4.62,0.0
20070106:0010,0.0,0.0,0.0,0.0,10.44,4.55,0.0
20070106:0110,0.0,0.0,0.0,0.0,10.41,4.48,0.0
20070106:0210,0.0,0.0,0.0,0.0,10.27,4.41,0.0
20070106:0310,0.0,0.0,0.0,0.0,10.13,4.34,0.0
20070106:0410,0.0,0.0,0.0,0.0,10.0,4.28,0.0
20070106:0510,0.0,0.0,0.0,0.0,9.94,4.34,0.0
20070106:0610,0.0,0.0,0.0,0.0,9.97,4.48,0.0
20070106:0710,0.0,0.0,0.0,0.0,10.3,4.41,0.0
20070106:0810,3.0,14.37,0.0,2.89,10.35,4.69,0.0
20070106:0910,0.0,44.0,0.0,9.82,10.4,5.03,0.0
20070106:1010,9.0,104.0,0.0,15.04,10.47,5.31,0.0
20070106:1110,0.0,93.0,0.0,18.13,10.63,5.52,0.0
20070106:1210,3.0,117.0,0.0,18.79,10.78,5.79,0.0
20070106:1310,12.0,121.0,0.0,16.95,11.08,6.28,0.0
20070106:1410,3.0,78.0,0.0,12.8,11.34,6.07,0.0
20070106:1510,2.0,34.0,0.0,6.7,11.26,5.72,0.0
20070106:1610,0.0,0.0,0.0,0.0,11.01,5.72,0.0
20070106:1710,0.0,0.0,0.0,0.0,10.81,6.21,0.0
20070106:1810,0.0,0.0,0.0,0.0,11.1,6.34,0.0
20070106:1910,0.0,0.0,0.0,0.0,11.56,6.55,0.0
20070106:2010,0.0,0.0,0.0,0.0,11.04,6.28,0.0
20070106:2110,0.0,0.0,0.0,0.0,10.18,5.93,0.0
20070106:2210,0.0,0.0,0.0,0.0,9.62,5.31,0.0
20070106:2310,0.0,0.0,0.0,0.0,9.3,4.69,0.0
20070107:0010,0.0,0.0,0.0,0.0,8.95,4.0,0.0
20070107:0110,0.0,0.0,0.0,0.0,8.61,3.52,0.0
20070107:0210,0.0,0.0,0.0,0.0,8.0,3.17,0.0
20070107:0310,0.0,0.0,0.0,0.0,8.02,3.17,0.0
20070107:0410,0.0,0.0,0.0,0.0,7.55,3.1,0.0
20070107:0510,0.0,0.0,0.0,0.0,7.39,3.17,0.0
20070107:0610,0.0,0.0,0.0,0.0,6.91,3.17,0.0
20070107:0710,0.0,0.0,0.0,0.0,6.82,3.59,0.0
20070107:0810,1.0,14.79,0.0,2.94,6.5,3.66,0.0
20070107:0910,45.0,69.0,0.0,9.89,6.92,3.79,0.0
20070107:1010,126.01,90.0,0.0,15.13,7.47,5.66,0.0
20070107:1110,205.01,83.0,0.0,18.24,8.05,5.59,0.0
20070107:1210,154.01,118.0,0.0,18.92,8.55,5.24,0.0
20070107:1310,205.01,70.0,0.0,17.09,8.74,4.97,0.0
20070107:1410,81.01,86.0,0.0,12.95,8.93,4.69,0.0
20070107:1510,34.0,42.0,0.0,6.86,8.72,4.55,0.0
20070107:1610,0.0,0.0,0.0,0.0,8.3,4.48,0.0
20070107:1710,0.0,0.0,0.0,0.0,7.94,4.55,0.0
20070107:1810,0.0,0.0,0.0,0.0,8.04,4.55,0.0
20070107:1910,0.0,0.0,0.0,0.0,8.4,5.03,0.0
20070107:2010,0.0,0.0,0.0,0.0,8.76,5.45,0.0
20070107:2110,0.0,0.0,0.0,0.0,9.32,6.14,0.0
20070107:2210,0.0,0.0,0.0,0.0,9.96,6.55,0.0
20070107:2310,0.0,0.0,0.0,0.0,9.9,6.21,0.0
20070108:0010,0.0,0.0,0.0,0.0,9.86,6.34,0.0
20070108:0110,0.0,0.0,0.0,0.0,9.73,6.69,0.0
20070108:0210,0.0,0.0,0.0,0.0,9.65,7.1,0.0
20070108:0310,0.0,0.0,0.0,0.0,9.26,7.24,0.0
20070108:0410,0.0,0.0,0.0,0.0,9.26,7.79,0.0
20070108:0510,0.0,0.0,0.0,0.0,9.54,7.66,0.0
20070108:0610,0.0,0.0,0.0,0.0,9.55,6.83,0.0
20070108:0710,0.0,0.0,0.0,0.0,10.1,5.93,0.0
20070108:0810,13.0,12.36,0.0,3.0,10.07,5.38,0.0
20070108:0910,78.01,54.0,0.0,9.96,9.99,4.97,0.0
20070108:1010,24.0,116.0,0.0,15.23,10.29,4.41,0.0
20070108:1110,170.01,100.0,0.0,18.36,10.48,5.59,0.0
20070108:1210,7.0,129.0,0.0,19.06,10.78,6.07,0.0
20070108:1310,47.0,135.0,0.0,17.24,10.98,5.38,0.0
20070108:1410,10.0,90.0,0.0,13.1,10.81,5.86,0.0
20070108:1510,14.0,47.0,0.0,7.02,10.2,5.66,0.0
20070108:1610,0.0,0.0,0.0,0.0,9.73,6.21,0.0
20070108:1710,0.0,0.0,0.0,0.0,9.93,6.83,0.0
20070108:1810,0.0,0.0,0.0,0.0,10.24,6.28,0.0
20070108:1910,0.0,0.0,0.0,0.0,11.16,5.59,0.0
20070108:2010,0.0,0.0,0.0,0.0,11.86,5.52,0.0
20070108:2110,0.0,0.0,0.0,0.0,12.38,5.72,0.0
20070108:2210,0.0,0.0,0.0,0.0,12.6,6.07,0.0
20070108:2310,0.0,0.0,0.0,0.0,12.56,6.21,0.0
20070109:0010,0.0,0.0,0.0,0.0,12.56,6.21,0.0
20070109:0110,0.0,0.0,0.0,0.0,12.36,5.93,0.0
20070109:0210,0.0,0.0,0.0,0.0,12.0,5.72,0.0
20070109:0310,0.0,0.0,0.0,0.0,11.87,5.86,0.0
20070109:0410,0.0,0.0,0.0,0.0,11.89,6.07,0.0
20070109:0510,0.0,0.0,0.0,0.0,11.89,6.14,0.0
20070109:0610,0.0,0.0,0.0,0.0,11.87,6.21,0.0
20070109:0710,0.0,0.0,0.0,0.0,11.71,6.34,0.0
20070109:0810,1.0,12.83,0.0,3.06,11.53,6.28,0.0
20070109:0910,9.0,69.0,0.0,10.05,11.69,6.34,0.0
20070109:1010,6.0,101.0,0.0,15.33,12.08,6.41,0.0
20070109:1110,111.01,129.0,0.0,18.48,12.59,6.62,0.0
20070109:1210,80.0,147.0,0.0,19.2,12.82,6.69,0.0
20070109:1310,25.0,133.0,0.0,17.4,13.05,6.83,0.0
20070109:1410,115.01,70.0,0.0,13.27,12.87,6.97,0.0
20070109:1510,49.0,38.0,0.0,7.19,12.69,6.28,0.0
20070109:1610,0.0,0.0,0.0,0.0,12.24,5.59,0.0
20070109:1710,0.0,0.0,0.0,0.0,11.41,5.24,0.0
20070109:1810,0.0,0.0,0.0,0.0,11.4,5.24,0.0
20070109:1910,0.0,0.0,0.0,0.0,10.76,5.38,0.0
20070109:2010,0.0,0.0,0.0,0.0,10.35,5.38,0.0
20070109:2110,0.0,0.0,0.0,0.0,10.16,5.45,0.0
20070109:2210,0.0,0.0,0.0,0.0,9.85,5.38,0.0
20070109:2310,0.0,0.0,0.0,0.0,9.75,5.17,0.0
20070110:0010,0.0,0.0,0.0,0.0,9.46,4.9,0.0
20070110:0110,0.0,0.0,0.0,0.0,9.2,4.69,0.0
20070110:0210,0.0,0.0,0.0,0.0,9.16,4.62,0.0
20070110:0310,0.0,0.0,0.0,0.0,9.05,4.48,0.0
20070110:0410,0.0,0.0,0.0,0.0,8.96,4.41,0.0
20070110:0510,0.0,0.0,0.0,0.0,9.07,4.34,0.0
20070110:0610,0.0,0.0,0.0,0.0,9.06,4.34,0.0
20070110:0710,0.0,0.0,0.0,0.0,9.08,4.21,0.0
20070110:0810,5.0,15.9,0.0,3.13,8.84,4.21,0.0
20070110:0910,16.0,74.0,0.0,10.14,9.3,4.62,0.0
20070110:1010,5.0,100.0,0.0,15.44,10.12,4.76,0.0
20070110:1110,63.0,148.0,0.0,18.61,10.99,4.9,0.0
20070110:1210,45.0,156.0,0.0,19.35,11.74,5.31,0.0
20070110:1310,35.0,139.0,0.0,17.56,12.24,5.45,0.0
20070110:1410,15.0,98.0,0.0,13.44,12.33,7.03,0.0
20070110:1510,3.0,43.0,0.0,7.36,12.12,6.76,0.0
20070110:1610,0.0,0.0,0.0,0.0,11.6,6.28,0.0
20070110:1710,0.0,0.0,0.0,0.0,10.47,5.79,0.0
20070110:1810,0.0,0.0,0.0,0.0,9.69,4.62,0.0
20070110:1910,0.0,0.0,0.0,0.0,7.92,3.79,0.0
20070110:2010,0.0,0.0,0.0,0.0,6.72,3.31,0.0
20070110:2110,0.0,0.0,0.0,0.0,5.63,3.03,0.0
20070110:2210,0.0,0.0,0.0,0.0,4.92,3.1,0.0
20070110:2310,0.0,0.0,0.0,0.0,4.53,3.1,0.0
20070111:0010,0.0,0.0,0.0,0.0,4.2,3.1,0.0
20070111:0110,0.0,0.0,0.0,0.0,4.06,3.03,0.0
20070111:0210,0.0,0.0,0.0,0.0,3.91,3.24,0.0
20070111:0310,0.0,0.0,0.0,0.0,3.83,3.66,0.0
20070111:0410,0.0,0.0,0.0,0.0,4.11,4.07,0.0
20070111:0510,0.0,0.0,0.0,0.0,4.38,4.62,0.0
20070111:0610,0.0,0.0,0.0,0.0,4.45,5.17,0.0
20070111:0710,0.0,0.0,0.0,0.0,4.72,6.07,0.0
20070111:0810,9.0,15.06,0.0,3.21,4.92,6.34,0.0
20070111:0910,16.0,74.0,0.0,10.23,5.77,6.9,0.0
20070111:1010,65.0,118.0,0.0,15.56,6.96,7.38,0.0
20070111:1110,196.01,92.0,0.0,18.75,7.98,6.97,0.0
20070111:1210,0.0,0.0,0.0,0.0,9.15,8.55,0.0
20070111:1310,0.0,60.0,0.0,17.73,9.68,7.79,0.0
20070111:1410,0.0,67.0,0.0,13.61,10.14,8.76,0.0
20070111:1510,2.0,40.0,0.0,7.54,10.72,9.17,0.0
20070111:1610,0.0,0.0,0.0,0.0,11.05,9.17,0.0
20070111:1710,0.0,0.0,0.0,0.0,11.22,8.97,0.0
20070111:1810,0.0,0.0,0.0,0.0,11.44,8.69,0.0
20070111:1910,0.0,0.0,0.0,0.0,11.29,8.69,0.0
20070111:2010,0.0,0.0,0.0,0.0,11.36,7.86,0.0
20070111:2110,0.0,0.0,0.0,0.0,11.21,7.1,0.0
20070111:2210,0.0,0.0,0.0,0.0,10.69,6.55,0.0
20070111:2310,0.0,0.0,0.0,0.0,10.08,5.93,0.0
20070112:0010,0.0,0.0,0.0,0.0,9.6,5.38,0.0
20070112:0110,0.0,0.0,0.0,0.0,9.0,4.83,0.0
20070112:0210,0.0,0.0,0.0,0.0,8.36,4.34,0.0
20070112:0310,0.0,0.0,0.0,0.0,7.9,4.0,0.0
20070112:0410,0.0,0.0,0.0,0.0,7.5,3.86,0.0
20070112:0510,0.0,0.0,0.0,0.0,6.96,3.79,0.0
20070112:0610,0.0,0.0,0.0,0.0,6.96,3.86,0.0
20070112:0710,0.0,0.0,0.0,0.0,7.54,3.52,0.0
20070112:0810,0.0,6.0,0.0,3.29,7.47,3.66,0.0
20070112:0910,80.01,58.0,0.0,10.33,8.0,3.93,0.0
20070112:1010,168.01,71.0,0.0,15.68,8.89,3.79,0.0
20070112:1110,23.0,146.0,0.0,18.9,10.07,5.86,0.0
20070112:1210,51.0,158.0,0.0,19.67,10.98,5.72,0.0
20070112:1310,113.01,124.0,0.0,17.9,11.66,5.72,0.0
20070112:1410,16.0,102.0,0.0,13.79,12.1,6.07,0.0
20070112:1510,29.0,51.0,0.0,7.72,11.74,4.97,0.0
20070112:1610,0.0,0.0,0.0,0.0,11.49,4.76,0.0
20070112:1710,0.0,0.0,0.0,0.0,11.31,4.83,0.0
20070112:1810,0.0,0.0,0.0,0.0,11.43,5.03,0.0
20070112:1910,0.0,0.0,0.0,0.0,10.91,4.83,0.0
20070112:2010,0.0,0.0,0.0,0.0,11.13,4.97,0.0
20070112:2110,0.0,0.0,0.0,0.0,11.36,5.03,0.0
20070112:2210,0.0,0.0,0.0,0.0,11.48,4.97,0.0
20070112:2310,0.0,0.0,0.0,0.0,11.46,4.97,0.0
20070113:0010,0.0,0.0,0.0,0.0,11.28,4.83,0.0
20070113:0110,0.0,0.0,0.0,0.0,11.01,4.48,0.0
20070113:0210,0.0,0.0,0.0,0.0,10.79,4.14,0.0
20070113:0310,0.0,0.0,0.0,0.0,10.5,3.79,0.0
20070113:0410,0.0,0.0,0.0,0.0,10.3,3.72,0.0
20070113:0510,0.0,0.0,0.0,0.0,10.12,3.66,0.0
20070113:0610,0.0,0.0,0.0,0.0,9.96,3.59,0.0
20070113:0710,0.0,0.0,0.0,0.0,10.18,2.76,0.0
20070113:0810,5.0,16.92,0.0,3.38,10.1,2.55,0.0
20070113:0910,37.0,75.0,0.0,10.44,10.29,2.9,0.0
20070113:1010,0.0,70.0,0.0,15.81,10.66,3.52,0.0
20070113:1110,2.0,114.0,0.0,19.05,11.06,3.31,0.0
20070113:1210,5.0,130.0,0.0,19.83,11.41,3.45,0.0
20070113:1310,0.0,62.0,0.0,18.08,11.59,4.0,0.0
20070113:1410,5.0,89.0,0.0,13.98,11.6,4.07,0.0
20070113:1510,2.0,42.0,0.0,7.91,11.57,4.07,0.0
20070113:1610,0.0,0.0,0.0,0.0,11.28,4.07,0.0
20070113:1710,0.0,0.0,0.0,0.0,11.05,4.28,0.0
20070113:1810,0.0,0.0,0.0,0.0,10.87,4.69,0.0
20070113:1910,0.0,0.0,0.0,0.0,10.57,4.76,0.0
20070113:2010,0.0,0.0,0.0,0.0,10.54,4.97,0.0
20070113:2110,0.0,0.0,0.0,0.0,10.55,5.24,0.0
20070113:2210,0.0,0.0,0.0,0.0,10.49,5.52,0.0
20070113:2310,0.0,0.0,0.0,0.0,10.46,5.52,0.0
20070114:0010,0.0,0.0,0.0,0.0,10.26,5.24,0.0
20070114:0110,0.0,0.0,0.0,0.0,10.3,5.24,0.0
20070114:0210,0.0,0.0,0.0,0.0,10.4,4.97,0.0
20070114:0310,0.0,0.0,0.0,0.0,10.51,4.48,0.0
20070114:0410,0.0,0.0,0.0,0.0,10.22,3.72,0.0
20070114:0510,0.0,0.0,0.0,0.0,9.35,3.03,0.0
20070114:0610,0.0,0.0,0.0,0.0,8.12,2.48,0.0
20070114:0710,0.0,0.0,0.0,0.0,6.44,2.28,0.0
20070114:0810,16.0,14.64,0.0,3.48,5.6,2.21,0.0
20070114:0910,100.01,52.0,0.0,10.56,6.1,1.66,0.0
20070114:1010,157.01,84.0,0.0,15.95,7.68,1.52,0.0
20070114:1110,251.01,70.0,0.0,19.21,8.84,1.66,0.0
20070114:1210,254.01,77.0,0.0,20.01,9.4,1.38,0.0
20070114:1310,231.01,70.0,0.0,18.27,9.61,0.76,0.0
20070114:1410,162.01,60.0,0.0,14.17,9.59,0.41,0.0
20070114:1510,65.01,41.0,0.0,8.1,9.43,0.83,0.0
20070114:1610,0.0,0.0,0.0,0.0,8.47,1.24,0.0
20070114:1710,0.0,0.0,0.0,0.0,6.14,1.52,0.0
20070114:1810,0.0,0.0,0.0,0.0,4.31,1.59,0.0
20070114:1910,0.0,0.0,0.0,0.0,4.94,1.59,0.0
20070114:2010,0.0,0.0,0.0,0.0,4.4,1.66,0.0
20070114:2110,0.0,0.0,0.0,0.0,4.09,1.79,0.0
20070114:2210,0.0,0.0,0.0,0.0,3.49,1.86,0.0
20070114:2310,0.0,0.0,0.0,0.0,3.85,1.72,0.0
20070115:0010,0.0,0.0,0.0,0.0,3.88,1.86,0.0
20070115:0110,0.0,0.0,0.0,0.0,4.32,1.86,0.0
20070115:0210,0.0,0.0,0.0,0.0,4.56,2.0,0.0
20070115:0310,0.0,0.0,0.0,0.0,4.69,2.07,0.0
20070115:0410,0.0,0.0,0.0,0.0,4.91,2.14,0.0
20070115:0510,0.0,0.0,0.0,0.0,5.06,2.14,0.0
20070115:0610,0.0,0.0,0.0,0.0,4.91,2.21,0.0
20070115:0710,0.0,0.0,0.0,0.0,4.18,2.34,0.0
20070115:0810,11.0,17.51,0.0,3.58,4.38,2.41,0.0
20070115:0910,24.0,79.0,0.0,10.68,5.0,2.21,0.0
20070115:1010,113.01,107.0,0.0,16.09,6.07,2.28,0.0
20070115:1110,251.01,71.0,0.0,19.37,7.47,2.41,0.0
20070115:1210,248.01,81.0,0.0,20.19,8.38,2.48,0.0
20070115:1310,185.01,96.0,0.0,18.46,9.54,2.76,0.0
20070115:1410,165.01,60.0,0.0,14.37,9.91,2.76,0.0
20070115:1510,37.0,55.0,0.0,8.3,9.7,2.28,0.0
20070115:1610,0.0,0.0,0.0,0.0,8.58,2.34,0.0
20070115:1710,0.0,0.0,0.0,0.0,7.26,2.55,0.0
20070115:1810,0.0,0.0,0.0,0.0,6.55,2.48,0.0
20070115:1910,0.0,0.0,0.0,0.0,7.52,2.83,0.0
20070115:2010,0.0,0.0,0.0,0.0,7.45,3.03,0.0
20070115:2110,0.0,0.0,0.0,0.0,7.28,3.03,0.0
20070115:2210,0.0,0.0,0.0,0.0,7.3,2.9,0.0
20070115:2310,0.0,0.0,0.0,0.0,7.17,2.76,0.0
20070116:0010,0.0,0.0,0.0,0.0,6.95,2.55,0.0
20070116:0110,0.0,0.0,0.0,0.0,6.7,2.34,0.0
20070116:0210,0.0,0.0,0.0,0.0,6.4,2.07,0.0
20070116:0310,0.0,0.0,0.0,0.0,5.79,2.0,0.0
20070116:0410,0.0,0.0,0.0,0.0,5.34,1.93,0.0
20070116:0510,0.0,0.0,0.0,0.0,4.86,2.0,0.0
20070116:0610,0.0,0.0,0.0,0.0,4.49,2.07,0.0
20070116:0710,0.0,0.0,0.0,0.0,4.38,2.21,0.0
20070116:0810,7.0,19.38,0.0,3.69,4.18,2.28,0.0
20070116:0910,14.0,77.0,0.0,10.81,4.5,2.34,0.0
20070116:1010,5.0,104.0,0.0,16.25,5.43,2.62,0.0
20070116:1110,57.0,155.0,0.0,19.55,6.69,2.83,0.0
20070116:1210,37.0,162.0,0.0,20.38,7.85,3.03,0.0
20070116:1310,7.0,126.0,0.0,18.66,8.81,3.45,0.0
20070116:1410,47.0,111.0,0.0,14.57,9.63,4.34,0.0
20070116:1510,11.0,58.0,0.0,8.5,9.86,3.72,0.0
20070116:1610,0.0,0.0,0.0,0.0,9.7,3.52,0.0
20070116:1710,0.0,0.0,0.0,0.0,9.54,3.52,0.0
20070116:1810,0.0,0.0,0.0,0.0,9.42,3.59,0.0
20070116:1910,0.0,0.0,0.0,0.0,9.31,4.0,0.0
20070116:2010,0.0,0.0,0.0,0.0,9.17,4.14,0.0
20070116:2110,0.0,0.0,0.0,0.0,9.02,4.34,0.0
20070116:2210,0.0,0.0,0.0,0.0,8.99,4.48,0.0
20070116:2310,0.0,0.0,0.0,0.0,9.12,4.69,0.0
20070117:0010,0.0,0.0,0.0,0.0,9.31,4.55,0.0
20070117:0110,0.0,0.0,0.0,0.0,9.49,4.55,0.0
20070117:0210,0.0,0.0,0.0,0.0,9.66,4.62,0.0
20070117:0310,0.0,0.0,0.0,0.0,9.76,4.76,0.0
20070117:0410,0.0,0.0,0.0,0.0,9.79,4.83,0.0
20070117:0510,0.0,0.0,0.0,0.0,9.82,5.03,0.0
20070117:0610,0.0,0.0,0.0,0.0,9.92,5.38,0.0
20070117:0710,0.0,0.0,0.0,0.0,10.01,5.72,0.0
20070117:0810,2.0,19.57,0.0,3.81,10.07,6.14,0.0
20070117:0910,7.0,73.0,0.0,10.95,10.34,6.48,0.0
20070117:1010,20.0,123.0,0.0,16.41,10.75,7.03,0.0
20070117:1110,5.0,129.0,0.0,19.73,11.26,7.72,0.0
20070117:1210,13.0,149.0,0.0,20.58,11.65,8.48,0.0
20070117:1310,9.0,131.0,0.0,18.87,12.15,8.83,0.0
20070117:1410,9.0,101.0,0.0,14.78,12.38,8.62,0.0
20070117:1510,0.0,39.0,0.0,8.71,12.19,8.55,0.0
20070117:1610,0.0,0.0,0.0,0.0,11.62,8.41,0.0
20070117:1710,0.0,0.0,0.0,0.0,11.19,8.41,0.0
20070117:1810,0.0,0.0,0.0,0.0,11.29,8.14,0.0
20070117:1910,0.0,0.0,0.0,0.0,11.5,8.14,0.0
20070117:2010,0.0,0.0,0.0,0.0,11.41,8.14,0.0
20070117:2110,0.0,0.0,0.0,0.0,11.22,8.14,0.0
20070117:2210,0.0,0.0,0.0,0.0,11.07,8.28,0.0
20070117:2310,0.0,0.0,0.0,0.0,11.31,8.41,0.0
20070118:0010,0.0,0.0,0.0,0.0,11.59,8.9,0.0
20070118:0110,0.0,0.0,0.0,0.0,11.84,9.45,0.0
20070118:0210,0.0,0.0,0.0,0.0,12.21,9.66,0.0
20070118:0310,0.0,0.0,0.0,0.0,12.51,9.17,0.0
20070118:0410,0.0,0.0,0.0,0.0,12.77,8.97,0.0
20070118:0510,0.0,0.0,0.0,0.0,12.9,9.24,0.0
20070118:0610,0.0,0.0,0.0,0.0,12.98,9.79,0.0
20070118:0710,0.0,0.0,0.0,0.0,12.7,10.21,0.0
20070118:0810,0.0,17.0,0.0,3.93,12.7,10.28,0.0
20070118:0910,0.0,37.0,0.0,11.09,12.69,10.48,0.0
20070118:1010,0.0,63.0,0.0,16.57,12.62,10.41,0.0
20070118:1110,0.0,100.0,0.0,19.91,12.7,10.55,0.0
20070118:1210,0.0,59.0,0.0,20.78,12.98,10.83,0.0
20070118:1310,0.0,93.0,0.0,19.08,13.24,11.1,0.0
20070118:1410,25.0,112.0,0.0,15.0,13.73,10.83,0.0
20070118:1510,16.0,60.0,0.0,8.92,13.96,10.55,0.0
20070118:1610,0.0,0.0,0.0,0.0,13.94,10.07,0.0
20070118:1710,0.0,0.0,0.0,0.0,13.88,9.45,0.0
20070118:1810,0.0,0.0,0.0,0.0,13.93,8.83,0.0
20070118:1910,0.0,0.0,0.0,0.0,13.71,8.48,0.0
20070118:2010,0.0,0.0,0.0,0.0,13.53,7.59,0.0
20070118:2110,0.0,0.0,0.0,0.0,13.24,6.97,0.0
20070118:2210,0.0,0.0,0.0,0.0,13.05,7.17,0.0
20070118:2310,0.0,0.0,0.0,0.0,13.14,8.48,0.0
20070119:0010,0.0,0.0,0.0,0.0,13.26,9.1,0.0
20070119:0110,0.0,0.0,0.0,0.0,13.37,9.17,0.0
20070119:0210,0.0,0.0,0.0,0.0,13.36,8.83,0.0
20070119:0310,0.0,0.0,0.0,0.0,13.25,8.41,0.0
20070119:0410,0.0,0.0,0.0,0.0,13.21,8.07,0.0
20070119:0510,0.0,0.0,0.0,0.0,13.23,7.79,0.0
20070119:0610,0.0,0.0,0.0,0.0,13.35,7.52,0.0
20070119:0710,0.0,0.0,0.0,0.0,12.71,7.17,0.0
20070119:0810,0.0,13.0,0.0,4.06,12.9,6.9,0.0
20070119:0910,0.0,52.0,0.0,11.24,13.16,6.55,0.0
20070119:1010,0.0,64.0,0.0,16.74,13.53,6.21,0.0
20070119:1110,7.0,136.0,0.0,20.11,13.78,5.93,0.0
20070119:1210,0.0,100.0,0.0,20.99,13.96,6.14,0.0
20070119:1310,17.0,143.0,0.0,19.3,14.07,6.0,0.0
20070119:1410,0.0,29.0,0.0,15.22,14.28,5.45,0.0
20070119:1510,3.0,54.0,0.0,9.14,14.15,5.03,0.0
20070119:1610,0.0,0.0,0.0,0.0,13.88,4.76,0.0
20070119:1710,0.0,0.0,0.0,0.0,13.51,4.62,0.0
20070119:1810,0.0,0.0,0.0,0.0,13.2,4.48,0.0
20070119:1910,0.0,0.0,0.0,0.0,12.48,4.76,0.0
20070119:2010,0.0,0.0,0.0,0.0,12.39,4.97,0.0
20070119:2110,0.0,0.0,0.0,0.0,12.3,5.38,0.0
20070119:2210,0.0,0.0,0.0,0.0,12.05,5.59,0.0
20070119:2310,0.0,0.0,0.0,0.0,11.72,5.59,0.0
20070120:0010,0.0,0.0,0.0,0.0,11.54,5.59,0.0
20070120:0110,0.0,0.0,0.0,0.0,11.43,5.72,0.0
20070120:0210,0.0,0.0,0.0,0.0,11.42,5.79,0.0
20070120:0310,0.0,0.0,0.0,0.0,11.45,6.07,0.0
20070120:0410,0.0,0.0,0.0,0.0,11.43,6.28,0.0
20070120:0510,0.0,0.0,0.0,0.0,11.42,6.41,0.0
20070120:0610,0.0,0.0,0.0,0.0,11.36,6.48,0.0
20070120:0710,0.0,0.0,0.0,0.0,11.21,6.9,0.0
20070120:0810,2.0,22.55,0.0,4.2,10.88,6.9,0.0
20070120:0910,47.0,81.0,0.0,11.4,11.05,7.1,0.0
20070120:1010,21.0,129.0,0.0,16.92,11.67,6.21,0.0
20070120:1110,184.01,114.0,0.0,20.31,12.37,8.0,0.0
20070120:1210,17.0,158.0,0.0,21.21,13.29,9.38,0.0
20070120:1310,4.0,124.0,0.0,19.52,13.58,8.69,0.0
20070120:1410,6.0,103.0,0.0,15.44,13.35,7.17,0.0
20070120:1510,14.0,65.0,0.0,9.36,12.52,6.07,0.0
20070120:1610,0.0,2.0,0.0,1.73,11.28,4.48,0.0
20070120:1710,0.0,0.0,0.0,0.0,10.65,3.79,0.0
20070120:1810,0.0,0.0,0.0,0.0,10.14,3.52,0.0
20070120:1910,0.0,0.0,0.0,0.0,9.57,3.45,0.0
20070120:2010,0.0,0.0,0.0,0.0,9.24,3.45,0.0
20070120:2110,0.0,0.0,0.0,0.0,8.93,3.45,0.0
20070120:2210,0.0,0.0,0.0,0.0,8.53,3.66,0.0
20070120:2310,0.0,0.0,0.0,0.0,7.94,4.0,0.0
20070121:0010,0.0,0.0,0.0,0.0,7.22,4.41,0.0
20070121:0110,0.0,0.0,0.0,0.0,6.75,4.9,0.0
20070121:0210,0.0,0.0,0.0,0.0,6.37,5.38,0.0
20070121:0310,0.0,0.0,0.0,0.0,6.06,5.86,0.0
20070121:0410,0.0,0.0,0.0,0.0,6.0,6.41,0.0
20070121:0510,0.0,0.0,0.0,0.0,6.1,6.62,0.0
20070121:0610,0.0,0.0,0.0,0.0,6.21,6.62,0.0
20070121:0710,0.0,0.0,0.0,0.0,6.35,5.93,0.0
20070121:0810,25.0,16.85,0.0,4.34,6.26,5.38,0.0
20070121:0910,117.01,54.0,0.0,11.56,6.66,5.17,0.0
20070121:1010,190.01,79.0,0.0,17.11,7.32,4.76,0.0
20070121:1110,260.01,79.0,0.0,20.51,8.22,5.79,0.0
20070121:1210,257.01,91.0,0.0,21.43,8.88,5.93,0.0
20070121:1310,250.01,76.0,0.0,19.75,9.24,5.93,0.0
20070121:1410,187.01,63.0,0.0,15.67,9.41,6.69,0.0
20070121:1510,93.01,43.0,0.0,9.58,8.62,5.31,0.0
20070121:1610,0.0,6.0,0.0,1.95,7.97,4.62,0.0
20070121:1710,0.0,0.0,0.0,0.0,7.4,4.07,0.0
20070121:1810,0.0,0.0,0.0,0.0,6.59,3.66,0.0
20070121:1910,0.0,0.0,0.0,0.0,5.84,3.17,0.0
20070121:2010,0.0,0.0,0.0,0.0,5.21,3.03,0.0
20070121:2110,0.0,0.0,0.0,0.0,4.6,3.03,0.0
20070121:2210,0.0,0.0,0.0,0.0,4.01,2.97,0.0
20070121:2310,0.0,0.0,0.0,0.0,3.57,2.83,0.0
20070122:0010,0.0,0.0,0.0,0.0,3.16,2.76,0.0
20070122:0110,0.0,0.0,0.0,0.0,2.84,2.62,0.0
20070122:0210,0.0,0.0,0.0,0.0,2.6,2.48,0.0
20070122:0310,0.0,0.0,0.0,0.0,2.52,2.34,0.0
20070122:0410,0.0,0.0,0.0,0.0,2.6,2.21,0.0
20070122:0510,0.0,0.0,0.0,0.0,2.62,2.0,0.0
20070122:0610,0.0,0.0,0.0,0.0,2.52,1.72,0.0
20070122:0710,0.0,0.0,0.0,0.0,2.28,1.79,0.0
20070122:0810,12.0,24.07,0.0,4.49,2.14,1.59,0.0
20070122:0910,18.0,88.0,0.0,11.73,2.83,1.03,0.0
20070122:1010,51.0,138.0,0.0,17.3,4.37,0.83,0.0
20070122:1110,101.0,159.0,0.0,20.72,5.86,0.48,0.0
20070122:1210,93.0,171.0,0.0,21.66,6.61,0.69,0.0
20070122:1310,132.01,140.0,0.0,19.99,7.16,1.86,0.0
20070122:1410,115.01,103.0,0.0,15.91,7.35,2.69,0.0
20070122:1510,31.0,70.0,0.0,9.81,7.19,2.97,0.0
20070122:1610,0.0,9.0,0.0,2.17,6.58,2.9,0.0
20070122:1710,0.0,0.0,0.0,0.0,6.0,3.38,0.0
20070122:1810,0.0,0.0,0.0,0.0,5.62,3.86,0.0
20070122:1910,0.0,0.0,0.0,0.0,5.03,4.0,0.0
20070122:2010,0.0,0.0,0.0,0.0,4.83,4.55,0.0
20070122:2110,0.0,0.0,0.0,0.0,4.55,4.9,0.0
20070122:2210,0.0,0.0,0.0,0.0,4.25,5.45,0.0
20070122:2310,0.0,0.0,0.0,0.0,4.01,6.0,0.0
20070123:0010,0.0,0.0,0.0,0.0,3.55,6.55,0.0
20070123:0110,0.0,0.0,0.0,0.0,2.75,6.9,0.0
20070123:0210,0.0,0.0,0.0,0.0,1.89,6.97,0.0
20070123:0310,0.0,0.0,0.0,0.0,1.36,7.03,0.0
20070123:0410,0.0,0.0,0.0,0.0,1.06,7.24,0.0
20070123:0510,0.0,0.0,0.0,0.0,0.84,7.45,0.0
20070123:0610,0.0,0.0,0.0,0.0,0.63,7.52,0.0
20070123:0710,0.0,0.0,0.0,0.0,0.15,7.79,0.0
20070123:0810,8.0,26.97,0.0,4.65,-0.12,7.86,0.0
20070123:0910,0.0,17.0,0.0,11.91,-0.23,6.83,0.0
20070123:1010,0.0,56.0,0.0,17.5,-0.27,7.38,0.0
20070123:1110,19.0,163.0,0.0,20.94,0.08,7.72,0.0
20070123:1210,30.0,176.0,0.0,21.89,0.68,7.86,0.0
20070123:1310,24.0,161.0,0.0,20.23,1.21,7.66,0.0
20070123:1410,0.0,70.0,0.0,16.15,1.57,7.31,0.0
20070123:1510,0.0,27.0,0.0,10.05,1.69,7.93,0.0
20070123:1610,0.0,6.0,0.0,2.4,1.8,8.07,0.0
20070123:1710,0.0,0.0,0.0,0.0,1.61,7.86,0.0
20070123:1810,0.0,0.0,0.0,0.0,1.25,7.24,0.0
20070123:1910,0.0,0.0,0.0,0.0,0.55,6.28,0.0
20070123:2010,0.0,0.0,0.0,0.0,0.14,6.07,0.0
20070123:2110,0.0,0.0,0.0,0.0,-0.13,5.86,0.0
20070123:2210,0.0,0.0,0.0,0.0,-0.41,5.52,0.0
20070123:2310,0.0,0.0,0.0,0.0,-0.61,5.17,0.0
20070124:0010,0.0,0.0,0.0,0.0,-0.83,4.76,0.0
20070124:0110,0.0,0.0,0.0,0.0,-1.04,4.41,0.0
20070124:0210,0.0,0.0,0.0,0.0,-1.25,4.0,0.0
20070124:0310,0.0,0.0,0.0,0.0,-1.42,3.79,0.0
20070124:0410,0.0,0.0,0.0,0.0,-1.54,3.52,0.0
20070124:0510,0.0,0.0,0.0,0.0,-1.66,3.17,0.0
20070124:0610,0.0,0.0,0.0,0.0,-1.76,2.97,0.0
20070124:0710,0.0,0.0,0.0,0.0,-1.0,2.76,0.0
20070124:0810,2.0,26.54,0.0,4.81,-0.65,2.48,0.0
20070124:0910,18.0,91.0,0.0,12.09,0.34,3.17,0.0
20070124:1010,24.0,140.0,0.0,17.7,1.31,3.72,0.0
20070124:1110,136.01,153.0,0.0,21.17,2.28,3.45,0.0
20070124:1210,34.0,180.0,0.0,22.13,3.0,3.17,0.0
20070124:1310,0.0,0.0,0.0,0.0,3.31,2.97,0.0
20070124:1410,0.0,47.0,0.0,16.39,3.24,2.83,0.0
20070124:1510,0.0,43.0,0.0,10.28,3.06,2.41,0.0
20070124:1610,0.0,5.0,0.0,2.63,2.31,1.59,0.0
20070124:1710,0.0,0.0,0.0,0.0,1.2,1.93,0.0
20070124:1810,0.0,0.0,0.0,0.0,0.21,2.0,0.0
20070124:1910,0.0,0.0,0.0,0.0,-0.51,1.72,0.0
20070124:2010,0.0,0.0,0.0,0.0,-1.03,1.93,0.0
20070124:2110,0.0,0.0,0.0,0.0,-1.61,2.14,0.0
20070124:2210,0.0,0.0,0.0,0.0,-2.05,2.34,0.0
20070124:2310,0.0,0.0,0.0,0.0,-2.35,2.55,0.0
20070125:0010,0.0,0.0,0.0,0.0,-2.62,2.76,0.0
20070125:0110,0.0,0.0,0.0,0.0,-2.95,2.97,0.0
20070125:0210,0.0,0.0,0.0,0.0,-3.26,3.24,0.0
20070125:0310,0.0,0.0,0.0,0.0,-3.5,3.52,0.0
20070125:0410,0.0,0.0,0.0,0.0,-3.69,3.79,0.0
20070125:0510,0.0,0.0,0.0,0.0,-3.82,3.93,0.0
20070125:0610,0.0,0.0,0.0,0.0,-3.94,4.14,0.0
20070125:0710,0.0,0.0,0.0,0.0,-4.05,4.41,0.0
20070125:0810,32.0,19.2,0.0,4.98,-3.94,4.48,0.0
20070125:0910,123.01,61.0,0.0,12.28,-3.05,4.14,0.0
20070125:1010,157.01,109.0,0.0,17.91,-1.86,5.72,0.0
20070125:1110,3.0,134.0,0.0,21.4,-0.79,5.66,0.0
20070125:1210,56.0,187.0,0.0,22.37,-0.06,5.59,0.0
20070125:1310,6.0,142.0,0.0,20.72,0.76,5.93,0.0
20070125:1410,4.0,109.0,0.0,16.64,1.37,6.0,0.0
20070125:1510,17.0,77.0,0.0,10.53,1.49,5.79,0.0
20070125:1610,0.0,13.0,0.0,2.86,1.19,4.55,0.0
20070125:1710,0.0,0.0,0.0,0.0,0.38,4.0,0.0
20070125:1810,0.0,0.0,0.0,0.0,-0.47,3.86,0.0
20070125:1910,0.0,0.0,0.0,0.0,-0.6,3.59,0.0
20070125:2010,0.0,0.0,0.0,0.0,-1.21,3.45,0.0
20070125:2110,0.0,0.0,0.0,0.0,-1.87,3.38,0.0
20070125:2210,0.0,0.0,0.0,0.0,-2.54,3.24,0.0
20070125:2310,0.0,0.0,0.0,0.0,-3.04,3.03,0.0
20070126:0010,0.0,0.0,0.0,0.0,-3.44,2.69,0.0
20070126:0110,0.0,0.0,0.0,0.0,-3.81,2.34,0.0
20070126:0210,0.0,0.0,0.0,0.0,-4.09,2.21,0.0
20070126:0310,0.0,0.0,0.0,0.0,-4.35,2.07,0.0
20070126:0410,0.0,0.0,0.0,0.0,-4.55,2.14,0.0
20070126:0510,0.0,0.0,0.0,0.0,-4.66,2.14,0.0
20070126:0610,0.0,0.0,0.0,0.0,-4.8,1.86,0.0
20070126:0710,0.0,0.0,0.0,0.0,-5.02,1.52,0.0
20070126:0810,31.0,20.38,0.0,5.15,-4.69,0.97,0.0
20070126:0910,120.01,63.0,0.0,12.48,-3.17,0.9,0.0
20070126:1010,201.01,86.0,0.0,18.13,-1.55,1.17,0.0
20070126:1110,0.0,116.0,0.0,21.64,-0.23,1.52,0.0
20070126:1210,11.0,164.0,0.0,22.63,0.86,1.66,0.0
20070126:1310,253.01,90.0,0.0,20.98,1.76,2.07,0.0
20070126:1410,169.01,88.0,0.0,16.89,2.2,2.41,0.0
20070126:1510,56.0,74.0,0.0,10.77,2.31,2.55,0.0
20070126:1610,0.0,15.0,0.0,3.1,1.71,2.34,0.0
20070126:1710,0.0,0.0,0.0,0.0,0.98,2.62,0.0
20070126:1810,0.0,0.0,0.0,0.0,1.04,2.9,0.0
20070126:1910,0.0,0.0,0.0,0.0,0.69,2.76,0.0
20070126:2010,0.0,0.0,0.0,0.0,0.82,2.97,0.0
20070126:2110,0.0,0.0,0.0,0.0,1.0,3.03,0.0
20070126:2210,0.0,0.0,0.0,0.0,1.15,2.9,0.0
20070126:2310,0.0,0.0,0.0,0.0,0.99,2.76,0.0
20070127:0010,0.0,0.0,0.0,0.0,0.7,2.69,0.0
20070127:0110,0.0,0.0,0.0,0.0,0.36,2.62,0.0
20070127:0210,0.0,0.0,0.0,0.0,0.49,2.55,0.0
20070127:0310,0.0,0.0,0.0,0.0,0.94,2.48,0.0
20070127:0410,0.0,0.0,0.0,0.0,1.06,2.48,0.0
20070127:0510,0.0,0.0,0.0,0.0,1.45,2.34,0.0
20070127:0610,0.0,0.0,0.0,0.0,1.23,2.34,0.0
20070127:0710,0.0,0.0,0.0,0.0,1.1,2.62,0.0
20070127:0810,16.0,28.97,0.0,5.33,1.28,2.55,0.0
20070127:0910,32.0,96.0,0.0,12.68,2.49,2.14,0.0
20070127:1010,68.0,144.0,0.0,18.36,4.36,2.28,0.0
20070127:1110,70.0,177.0,0.0,21.88,5.84,2.48,0.0
20070127:1210,30.0,182.0,0.0,22.88,7.04,3.17,0.0
20070127:1310,185.01,127.0,0.0,21.24,7.63,3.03,0.0
20070127:1410,99.0,122.0,0.0,17.15,7.68,2.9,0.0
20070127:1510,73.0,68.0,0.0,11.02,7.42,2.14,0.0
20070127:1610,0.0,15.0,0.0,3.34,6.89,1.72,0.0
20070127:1710,0.0,0.0,0.0,0.0,5.72,2.0,0.0
20070127:1810,0.0,0.0,0.0,0.0,4.57,2.07,0.0
20070127:1910,0.0,0.0,0.0,0.0,3.88,2.0,0.0
20070127:2010,0.0,0.0,0.0,0.0,3.51,2.0,0.0
20070127:2110,0.0,0.0,0.0,0.0,2.58,2.21,0.0
20070127:2210,0.0,0.0,0.0,0.0,2.07,2.14,0.0
20070127:2310,0.0,0.0,0.0,0.0,1.5,2.21,0.0
20070128:0010,0.0,0.0,0.0,0.0,1.06,2.14,0.0
20070128:0110,0.0,0.0,0.0,0.0,0.45,2.14,0.0
20070128:0210,0.0,0.0,0.0,0.0,-0.07,2.21,0.0
20070128:0310,0.0,0.0,0.0,0.0,-0.57,2.14,0.0
20070128:0410,0.0,0.0,0.0,0.0,-0.53,2.07,0.0
20070128:0510,0.0,0.0,0.0,0.0,-0.31,2.07,0.0
20070128:0610,0.0,0.0,0.0,0.0,0.1,2.21,0.0
20070128:0710,0.0,0.0,0.0,0.0,0.57,2.55,0.0
20070128:0810,3.0,30.31,0.0,5.52,1.13,2.9,0.0
20070128:0910,3.0,81.0,0.0,12.89,1.98,3.03,0.0
20070128:1010,0.0,64.0,0.0,18.58,3.23,3.17,0.0
20070128:1110,0.0,94.0,0.0,22.13,4.93,3.66,0.0
20070128:1210,0.0,72.0,0.0,23.14,5.97,4.07,0.0
20070128:1310,0.0,64.0,0.0,21.51,6.53,4.62,0.0
20070128:1410,0.0,62.0,0.0,17.41,6.68,4.76,0.0
20070128:1510,0.0,43.0,0.0,11.27,6.55,3.93,0.0
20070128:1610,0.0,15.0,0.0,3.58,6.24,3.38,0.0
20070128:1710,0.0,0.0,0.0,0.0,5.63,2.83,0.0
20070128:1810,0.0,0.0,0.0,0.0,5.21,2.69,0.0
20070128:1910,0.0,0.0,0.0,0.0,4.8,2.55,0.0
20070128:2010,0.0,0.0,0.0,0.0,4.77,2.55,0.0
20070128:2110,0.0,0.0,0.0,0.0,4.63,2.69,0.0
20070128:2210,0.0,0.0,0.0,0.0,4.79,2.69,0.0
20070128:2310,0.0,0.0,0.0,0.0,4.78,2.69,0.0
20070129:0010,0.0,0.0,0.0,0.0,4.8,2.62,0.0
20070129:0110,0.0,0.0,0.0,0.0,4.75,2.48,0.0
20070129:0210,0.0,0.0,0.0,0.0,4.79,2.34,0.0
20070129:0310,0.0,0.0,0.0,0.0,4.67,2.28,0.0
20070129:0410,0.0,0.0,0.0,0.0,4.53,2.14,0.0
20070129:0510,0.0,0.0,0.0,0.0,4.53,2.0,0.0
20070129:0610,0.0,0.0,0.0,0.0,4.57,1.86,0.0
20070129:0710,0.0,0.0,0.0,0.0,4.69,1.45,0.0
20070129:0810,21.0,29.75,0.0,5.71,4.8,1.24,0.0
20070129:0910,82.0,86.0,0.0,13.1,5.44,0.97,0.0
20070129:1010,13.0,137.0,0.0,18.82,6.14,1.03,0.0
20070129:1110,28.0,176.0,0.0,22.38,6.92,1.24,0.0
20070129:1210,213.01,136.0,0.0,23.41,7.97,1.45,0.0
20070129:1310,6.0,145.0,0.0,21.78,8.27,1.03,0.0
20070129:1410,9.0,122.0,0.0,17.68,8.63,0.97,0.0
20070129:1510,0.0,46.0,0.0,11.53,8.64,0.83,0.0
20070129:1610,5.0,18.93,0.0,3.82,8.33,1.03,0.0
20070129:1710,0.0,0.0,0.0,0.0,7.28,1.93,0.0
20070129:1810,0.0,0.0,0.0,0.0,6.5,2.0,0.0
20070129:1910,0.0,0.0,0.0,0.0,6.59,2.07,0.0
20070129:2010,0.0,0.0,0.0,0.0,6.43,2.14,0.0
20070129:2110,0.0,0.0,0.0,0.0,6.34,2.14,0.0
20070129:2210,0.0,0.0,0.0,0.0,6.06,2.21,0.0
20070129:2310,0.0,0.0,0.0,0.0,5.71,2.34,0.0
20070130:0010,0.0,0.0,0.0,0.0,5.68,2.28,0.0
20070130:0110,0.0,0.0,0.0,0.0,5.75,2.0,0.0
20070130:0210,0.0,0.0,0.0,0.0,5.72,1.93,0.0
20070130:0310,0.0,0.0,0.0,0.0,5.72,2.0,0.0
20070130:0410,0.0,0.0,0.0,0.0,5.5,2.14,0.0
20070130:0510,0.0,0.0,0.0,0.0,5.54,2.14,0.0
20070130:0610,0.0,0.0,0.0,0.0,5.51,2.07,0.0
20070130:0710,0.0,0.0,0.0,0.0,5.94,1.93,0.0
20070130:0810,6.0,36.0,0.0,5.91,6.05,1.93,0.0
20070130:0910,5.0,86.0,0.0,13.32,6.49,2.55,0.0
20070130:1010,0.0,88.0,0.0,19.06,7.02,2.76,0.0
20070130:1110,0.0,105.0,0.0,22.65,7.73,2.83,0.0
20070130:1210,0.0,90.0,0.0,23.68,8.25,3.03,0.0
20070130:1310,0.0,96.0,0.0,22.05,8.28,2.97,0.0
20070130:1410,6.0,120.0,0.0,17.95,8.33,2.97,0.0
20070130:1510,1.0,62.0,0.0,11.79,8.27,2.62,0.0
20070130:1610,0.0,13.0,0.0,4.07,8.04,2.07,0.0
20070130:1710,0.0,0.0,0.0,0.0,7.51,1.86,0.0
20070130:1810,0.0,0.0,0.0,0.0,7.03,1.79,0.0
20070130:1910,0.0,0.0,0.0,0.0,6.83,1.66,0.0
20070130:2010,0.0,0.0,0.0,0.0,6.58,1.66,0.0
20070130:2110,0.0,0.0,0.0,0.0,6.35,1.52,0.0
20070130:2210,0.0,0.0,0.0,0.0,6.24,1.38,0.0
20070130:2310,0.0,0.0,0.0,0.0,6.01,1.31,0.0
20070131:0010,0.0,0.0,0.0,0.0,5.94,1.03,0.0
20070131:0110,0.0,0.0,0.0,0.0,5.68,0.9,0.0
20070131:0210,0.0,0.0,0.0,0.0,5.54,0.55,0.0
20070131:0310,0.0,0.0,0.0,0.0,5.69,0.21,0.0
20070131:0410,0.0,0.0,0.0,0.0,5.47,0.55,0.0
20070131:0510,0.0,0.0,0.0,0.0,4.43,1.59,0.0
20070131:0610,0.0,0.0,0.0,0.0,4.45,1.45,0.0
20070131:0710,0.0,0.0,0.0,0.0,5.0,0.9,0.0
20070131:0810,3.0,34.0,0.0,6.11,4.97,0.97,0.0
20070131:0910,0.0,68.0,0.0,13.54,6.08,0.9,0.0
20070131:1010,0.0,57.0,0.0,19.31,7.33,1.1,0.0
20070131:1110,0.0,77.0,0.0,22.91,8.22,1.38,0.0
20070131:1210,1.0,129.0,0.0,23.96,8.56,1.38,0.0
20070131:1310,2.0,135.0,0.0,22.33,8.93,1.45,0.0
20070131:1410,0.0,65.0,0.0,18.22,8.91,1.86,0.0
20070131:1510,0.0,60.0,0.0,12.05,8.72,2.0,0.0
20070131:1610,0.0,17.0,0.0,4.32,8.29,1.72,0.0
20070131:1710,0.0,0.0,0.0,0.0,7.47,1.93,0.0
20070131:1810,0.0,0.0,0.0,0.0,6.68,2.21,0.0
20070131:1910,0.0,0.0,0.0,0.0,6.35,2.21,0.0
20070131:2010,0.0,0.0,0.0,0.0,5.78,2.14,0.0
20070131:2110,0.0,0.0,0.0,0.0,4.75,2.14,0.0
20070131:2210,0.0,0.0,0.0,0.0,4.22,2.0,0.0
20070131:2310,0.0,0.0,0.0,0.0,3.87,2.21,0.0
20070201:0010,0.0,0.0,0.0,0.0,4.26,2.34,0.0
20070201:0110,0.0,0.0,0.0,0.0,4.61,2.28,0.0
20070201:0210,0.0,0.0,0.0,0.0,5.04,2.21,0.0
20070201:0310,0.0,0.0,0.0,0.0,5.47,2.21,0.0
20070201:0410,0.0,0.0,0.0,0.0,5.91,2.21,0.0
20070201:0510,0.0,0.0,0.0,0.0,6.3,2.07,0.0
20070201:0610,0.0,0.0,0.0,0.0,6.62,1.93,0.0
20070201:0710,0.0,0.0,0.0,0.0,6.5,1.66,0.0
20070201:0810,2.0,35.0,0.0,6.32,6.69,1.59,0.0
20070201:0910,0.0,62.0,0.0,13.78,7.26,1.45,0.0
20070201:1010,11.0,138.0,0.0,19.56,7.95,1.79,0.0
20070201:1110,4.0,145.0,0.0,23.18,8.81,1.93,0.0
20070201:1210,0.0,103.0,0.0,24.24,9.5,2.0,0.0
20070201:1310,0.0,91.0,0.0,22.62,9.88,2.0,0.0
20070201:1410,1.0,97.0,0.0,18.5,10.36,2.0,0.0
20070201:1510,1.0,64.0,0.0,12.31,10.61,1.52,0.0
20070201:1610,0.0,17.0,0.0,4.57,10.4,1.17,0.0
20070201:1710,0.0,0.0,0.0,0.0,9.93,1.24,0.0
20070201:1810,0.0,0.0,0.0,0.0,9.33,1.24,0.0
20070201:1910,0.0,0.0,0.0,0.0,8.89,1.31,0.0
20070201:2010,0.0,0.0,0.0,0.0,8.7,1.52,0.0
20070201:2110,0.0,0.0,0.0,0.0,8.74,1.59,0.0
20070201:2210,0.0,0.0,0.0,0.0,8.57,1.66,0.0
20070201:2310,0.0,0.0,0.0,0.0,8.43,1.79,0.0
20070202:0010,0.0,0.0,0.0,0.0,8.36,1.86,0.0
20070202:0110,0.0,0.0,0.0,0.0,8.43,1.86,0.0
20070202:0210,0.0,0.0,0.0,0.0,8.42,1.79,0.0
20070202:0310,0.0,0.0,0.0,0.0,8.38,1.79,0.0
20070202:0410,0.0,0.0,0.0,0.0,8.32,1.72,0.0
20070202:0510,0.0,0.0,0.0,0.0,8.28,1.66,0.0
20070202:0610,0.0,0.0,0.0,0.0,8.26,1.66,0.0
20070202:0710,0.0,0.0,0.0,0.0,8.17,1.31,0.0
20070202:0810,7.0,41.0,0.0,6.54,8.2,1.31,0.0
20070202:0910,3.0,83.0,0.0,14.01,8.52,1.93,0.0
20070202:1010,0.0,59.0,0.0,19.82,9.08,2.21,0.0
20070202:1110,0.0,73.0,0.0,23.46,9.52,2.55,0.0
20070202:1210,0.0,79.0,0.0,24.53,9.96,2.97,0.0
20070202:1310,0.0,66.0,0.0,22.91,10.07,3.03,0.0
20070202:1410,0.0,49.0,0.0,18.78,10.24,2.69,0.0
20070202:1510,0.0,47.0,0.0,12.58,10.21,2.28,0.0
20070202:1610,2.0,24.58,0.0,4.83,9.83,1.93,0.0
20070202:1710,0.0,0.0,0.0,0.0,9.39,1.93,0.0
20070202:1810,0.0,0.0,0.0,0.0,9.04,2.14,0.0
20070202:1910,0.0,0.0,0.0,0.0,8.76,2.07,0.0
20070202:2010,0.0,0.0,0.0,0.0,8.61,2.0,0.0
20070202:2110,0.0,0.0,0.0,0.0,8.48,2.21,0.0
20070202:2210,0.0,0.0,0.0,0.0,8.4,2.76,0.0
20070202:2310,0.0,0.0,0.0,0.0,8.35,3.31,0.0
20070203:0010,0.0,0.0,0.0,0.0,8.14,3.72,0.0
20070203:0110,0.0,0.0,0.0,0.0,7.88,4.07,0.0
20070203:0210,0.0,0.0,0.0,0.0,7.51,4.14,0.0
20070203:0310,0.0,0.0,0.0,0.0,7.22,4.55,0.0
20070203:0410,0.0,0.0,0.0,0.0,6.63,4.83,0.0
20070203:0510,0.0,0.0,0.0,0.0,5.92,4.69,0.0
20070203:0610,0.0,0.0,0.0,0.0,5.33,4.41,0.0
20070203:0710,0.0,0.0,0.0,0.0,4.99,4.41,0.0
20070203:0810,39.0,39.0,0.0,6.76,4.64,4.48,0.0
20070203:0910,143.01,70.0,0.0,14.26,4.8,5.31,0.0
20070203:1010,222.01,94.0,0.0,20.08,5.17,5.79,0.0
20070203:1110,316.01,84.0,0.0,23.74,6.27,5.59,0.0
20070203:1210,325.01,91.0,0.0,24.83,7.37,5.45,0.0
20070203:1310,289.01,92.0,0.0,23.2,8.09,5.45,0.0
20070203:1410,225.01,80.0,0.0,19.06,8.49,5.38,0.0
20070203:1510,128.01,61.0,0.0,12.85,8.37,5.24,0.0
20070203:1610,28.0,20.16,0.0,5.08,7.78,4.48,0.0
20070203:1710,0.0,0.0,0.0,0.0,6.63,4.34,0.0
20070203:1810,0.0,0.0,0.0,0.0,5.82,4.48,0.0
20070203:1910,0.0,0.0,0.0,0.0,5.55,4.55,0.0
20070203:2010,0.0,0.0,0.0,0.0,5.02,4.28,0.0
20070203:2110,0.0,0.0,0.0,0.0,4.5,4.0,0.0
20070203:2210,0.0,0.0,0.0,0.0,4.09,3.66,0.0
20070203:2310,0.0,0.0,0.0,0.0,3.62,3.38,0.0
20070204:0010,0.0,0.0,0.0,0.0,3.26,3.31,0.0
20070204:0110,0.0,0.0,0.0,0.0,2.88,3.24,0.0
20070204:0210,0.0,0.0,0.0,0.0,2.64,3.24,0.0
20070204:0310,0.0,0.0,0.0,0.0,2.35,3.24,0.0
20070204:0410,0.0,0.0,0.0,0.0,2.0,3.17,0.0
20070204:0510,0.0,0.0,0.0,0.0,1.76,3.17,0.0
20070204:0610,0.0,0.0,0.0,0.0,1.6,3.31,0.0
20070204:0710,0.0,0.0,0.0,0.0,1.73,3.24,0.0
20070204:0810,46.0,39.0,0.0,6.99,1.81,3.24,0.0
20070204:0910,143.01,73.0,0.0,14.5,3.33,3.1,0.0
20070204:1010,224.01,97.0,0.0,20.35,5.2,4.0,0.0
20070204:1110,319.01,87.0,0.0,24.03,6.82,4.69,0.0
20070204:1210,319.01,98.0,0.0,25.12,8.2,4.76,0.0
20070204:1310,281.01,101.0,0.0,23.5,9.15,4.83,0.0
20070204:1410,208.01,94.0,0.0,19.35,9.74,4.48,0.0
20070204:1510,103.01,78.0,0.0,13.13,9.8,3.79,0.0
20070204:1610,22.0,25.79,0.0,5.34,9.05,2.83,0.0
20070204:1710,0.0,0.0,0.0,0.0,7.34,2.62,0.0
20070204:1810,0.0,0.0,0.0,0.0,5.92,2.41,0.0
20070204:1910,0.0,0.0,0.0,0.0,4.99,2.41,0.0
20070204:2010,0.0,0.0,0.0,0.0,4.11,2.41,0.0
20070204:2110,0.0,0.0,0.0,0.0,3.34,2.34,0.0
20070204:2210,0.0,0.0,0.0,0.0,2.7,2.34,0.0
20070204:2310,0.0,0.0,0.0,0.0,2.26,2.41,0.0
20070205:0010,0.0,0.0,0.0,0.0,1.99,2.41,0.0
20070205:0110,0.0,0.0,0.0,0.0,2.17,2.48,0.0
20070205:0210,0.0,0.0,0.0,0.0,2.43,2.62,0.0
20070205:0310,0.0,0.0,0.0,0.0,2.9,2.76,0.0
20070205:0410,0.0,0.0,0.0,0.0,3.51,2.83,0.0
20070205:0510,0.0,0.0,0.0,0.0,4.11,2.69,0.0
20070205:0610,0.0,0.0,0.0,0.0,4.5,2.55,0.0
20070205:0710,0.0,0.0,0.0,0.0,4.57,2.07,0.0
20070205:0810,0.0,8.0,0.0,7.22,4.86,1.86,0.0
20070205:0910,2.0,88.0,0.0,14.76,5.35,2.21,0.0
20070205:1010,0.0,64.0,0.0,20.63,5.8,2.0,0.0
20070205:1110,0.0,76.0,0.0,24.32,6.28,2.28,0.0
20070205:1210,0.0,85.0,0.0,25.42,6.55,2.69,0.0
20070205:1310,31.0,188.0,0.0,23.8,6.86,2.83,0.0
20070205:1410,0.0,56.0,0.0,19.64,6.6,2.34,0.0
20070205:1510,0.0,33.0,0.0,13.4,6.48,2.34,0.0
20070205:1610,3.0,29.34,0.0,5.6,6.03,1.93,0.0
20070205:1710,0.0,0.0,0.0,0.0,5.55,1.79,0.0
20070205:1810,0.0,0.0,0.0,0.0,5.14,1.79,0.0
20070205:1910,0.0,0.0,0.0,0.0,4.58,1.59,0.0
20070205:2010,0.0,0.0,0.0,0.0,4.45,1.52,0.0
20070205:2110,0.0,0.0,0.0,0.0,4.27,1.38,0.0
20070205:2210,0.0,0.0,0.0,0.0,4.13,1.24,0.0
20070205:2310,0.0,0.0,0.0,0.0,3.99,1.1,0.0
20070206:0010,0.0,0.0,0.0,0.0,3.79,0.97,0.0
20070206:0110,0.0,0.0,0.0,0.0,3.59,0.83,0.0
20070206:0210,0.0,0.0,0.0,0.0,3.46,0.76,0.0
20070206:0310,0.0,0.0,0.0,0.0,3.18,0.83,0.0
20070206:0410,0.0,0.0,0.0,0.0,3.15,0.62,0.0
20070206:0510,0.0,0.0,0.0,0.0,3.11,0.62,0.0
20070206:0610,0.0,0.0,0.0,0.0,2.9,0.76,0.0
20070206:0710,0.0,0.0,0.0,0.0,3.17,0.69,0.0
20070206:0810,26.0,50.0,0.0,7.46,3.06,0.76,0.0
20070206:0910,25.0,115.0,0.0,15.01,4.21,1.24,0.0
20070206:1010,3.0,132.0,0.0,20.91,4.96,1.31,0.0
20070206:1110,4.0,158.0,0.0,24.62,5.98,1.66,0.0
20070206:1210,1.0,141.0,0.0,25.73,6.44,1.93,0.0
20070206:1310,34.0,192.0,0.0,24.1,7.07,2.28,0.0
20070206:1410,2.0,117.0,0.0,19.93,7.1,2.34,0.0
20070206:1510,0.0,55.0,0.0,13.68,6.87,2.0,0.0
20070206:1610,4.0,34.0,0.0,5.87,6.46,1.52,0.0
20070206:1710,0.0,0.0,0.0,0.0,5.76,1.52,0.0
20070206:1810,0.0,0.0,0.0,0.0,5.05,1.59,0.0
20070206:1910,0.0,0.0,0.0,0.0,4.13,1.66,0.0
20070206:2010,0.0,0.0,0.0,0.0,3.89,1.31,0.0
20070206:2110,0.0,0.0,0.0,0.0,3.52,1.03,0.0
20070206:2210,0.0,0.0,0.0,0.0,3.5,1.31,0.0
20070206:2310,0.0,0.0,0.0,0.0,3.15,1.66,0.0
20070207:0010,0.0,0.0,0.0,0.0,2.75,1.86,0.0
20070207:0110,0.0,0.0,0.0,0.0,2.33,2.28,0.0
20070207:0210,0.0,0.0,0.0,0.0,2.02,2.55,0.0
20070207:0310,0.0,0.0,0.0,0.0,1.77,2.69,0.0
20070207:0410,0.0,0.0,0.0,0.0,1.6,2.9,0.0
20070207:0510,0.0,0.0,0.0,0.0,1.58,3.03,0.0
20070207:0610,0.0,0.0,0.0,0.0,1.51,3.31,0.0
20070207:0710,0.0,0.0,0.0,0.0,1.13,3.31,0.0
20070207:0810,5.0,48.0,0.0,7.7,1.06,3.45,0.0
20070207:0910,23.0,116.0,0.0,15.28,1.01,3.45,0.0
20070207:1010,0.0,88.0,0.0,21.19,1.02,3.52,0.0
20070207:1110,0.0,68.0,0.0,24.92,1.33,3.72,0.0
20070207:1210,0.0,88.0,0.0,26.04,1.47,3.52,0.0
20070207:1310,0.0,86.0,0.0,24.41,2.49,4.21,0.0
20070207:1410,0.0,65.0,0.0,20.23,3.06,3.93,0.0
20070207:1510,4.0,88.0,0.0,13.96,3.33,3.66,0.0
20070207:1610,5.0,37.0,0.0,6.13,3.11,3.1,0.0
20070207:1710,0.0,0.0,0.0,0.0,2.65,2.34,0.0
20070207:1810,0.0,0.0,0.0,0.0,2.05,1.86,0.0
20070207:1910,0.0,0.0,0.0,0.0,1.64,1.45,0.0
20070207:2010,0.0,0.0,0.0,0.0,1.49,1.52,0.0
20070207:2110,0.0,0.0,0.0,0.0,1.22,1.59,0.0
20070207:2210,0.0,0.0,0.0,0.0,1.03,2.14,0.0
20070207:2310,0.0,0.0,0.0,0.0,1.12,2.41,0.0
20070208:0010,0.0,0.0,0.0,0.0,1.36,2.62,0.0
20070208:0110,0.0,0.0,0.0,0.0,1.84,2.9,0.0
20070208:0210,0.0,0.0,0.0,0.0,2.59,3.31,0.0
20070208:0310,0.0,0.0,0.0,0.0,3.49,3.72,0.0
20070208:0410,0.0,0.0,0.0,0.0,4.52,4.76,0.0
20070208:0510,0.0,0.0,0.0,0.0,5.45,5.79,0.0
20070208:0610,0.0,0.0,0.0,0.0,6.17,6.21,0.0
20070208:0710,0.0,0.0,0.0,0.0,7.34,6.83,0.0
20070208:0810,1.0,43.0,0.0,7.95,6.93,6.62,0.0
20070208:0910,165.01,71.0,0.0,15.55,6.89,6.55,0.0
20070208:1010,244.01,96.0,0.0,21.48,7.83,6.07,0.0
20070208:1110,308.01,103.0,0.0,25.23,8.92,7.79,0.0
20070208:1210,162.01,192.0,0.0,26.36,9.39,7.86,0.0
20070208:1310,104.0,195.0,0.0,24.72,9.46,7.38,0.0
20070208:1410,103.0,154.0,0.0,20.53,9.52,6.62,0.0
20070208:1510,126.01,77.0,0.0,14.24,9.07,6.21,0.0
20070208:1610,7.0,39.0,0.0,6.4,8.54,5.31,0.0
20070208:1710,0.0,0.0,0.0,0.0,7.36,5.1,0.0
20070208:1810,0.0,0.0,0.0,0.0,6.17,5.1,0.0
20070208:1910,0.0,0.0,0.0,0.0,5.75,4.69,0.0
20070208:2010,0.0,0.0,0.0,0.0,5.21,4.48,0.0
20070208:2110,0.0,0.0,0.0,0.0,5.0,4.48,0.0
20070208:2210,0.0,0.0,0.0,0.0,4.6,4.07,0.0
20070208:2310,0.0,0.0,0.0,0.0,4.26,3.52,0.0
20070209:0010,0.0,0.0,0.0,0.0,3.76,3.1,0.0
20070209:0110,0.0,0.0,0.0,0.0,3.52,2.97,0.0
20070209:0210,0.0,0.0,0.0,0.0,3.5,2.55,0.0
20070209:0310,0.0,0.0,0.0,0.0,3.42,2.34,0.0
20070209:0410,0.0,0.0,0.0,0.0,3.39,2.34,0.0
20070209:0510,0.0,0.0,0.0,0.0,3.41,2.41,0.0
20070209:0610,0.0,0.0,0.0,0.0,3.51,2.21,0.0
20070209:0710,0.0,0.0,0.0,0.0,2.68,2.14,0.0
20070209:0810,66.0,42.0,0.0,8.21,2.96,2.14,0.0
20070209:0910,80.0,115.0,0.0,15.82,4.27,2.07,0.0
20070209:1010,9.0,152.0,0.0,21.78,5.5,2.14,0.0
20070209:1110,4.0,161.0,0.0,25.54,6.48,2.55,0.0
20070209:1210,118.0,211.0,0.0,26.68,7.54,2.97,0.0
20070209:1310,223.01,149.0,0.0,25.04,8.46,3.31,0.0
20070209:1410,0.0,59.0,0.0,20.83,8.85,3.59,0.0
20070209:1510,0.0,29.0,0.0,14.53,8.52,3.38,0.0
20070209:1610,36.0,38.0,0.0,6.66,8.29,3.31,0.0
20070209:1710,0.0,0.0,0.0,0.0,7.91,2.9,0.0
20070209:1810,0.0,0.0,0.0,0.0,7.22,2.97,0.0
20070209:1910,0.0,0.0,0.0,0.0,6.69,3.03,0.0
20070209:2010,0.0,0.0,0.0,0.0,6.64,3.24,0.0
20070209:2110,0.0,0.0,0.0,0.0,6.66,3.38,0.0
20070209:2210,0.0,0.0,0.0,0.0,6.6,3.52,0.0
20070209:2310,0.0,0.0,0.0,0.0,6.46,3.93,0.0
20070210:0010,0.0,0.0,0.0,0.0,6.39,4.14,0.0
20070210:0110,0.0,0.0,0.0,0.0,5.83,3.93,0.0
20070210:0210,0.0,0.0,0.0,0.0,5.21,3.52,0.0
20070210:0310,0.0,0.0,0.0,0.0,4.98,3.66,0.0
20070210:0410,0.0,0.0,0.0,0.0,5.32,4.07,0.0
20070210:0510,0.0,0.0,0.0,0.0,5.92,4.62,0.0
20070210:0610,0.0,0.0,0.0,0.0,6.35,5.1,0.0
20070210:0710,0.0,0.0,0.0,0.0,6.56,4.9,0.0
20070210:0810,9.0,56.0,0.0,8.46,6.87,4.69,0.0
20070210:0910,54.0,123.0,0.0,16.1,7.16,4.14,0.0
20070210:1010,12.0,158.0,0.0,22.08,7.96,3.79,0.0
20070210:1110,21.0,196.0,0.0,25.86,9.56,4.9,0.0
20070210:1210,85.0,219.0,0.0,27.0,11.07,5.17,0.0
20070210:1310,160.01,181.0,0.0,25.36,11.67,5.38,0.0
20070210:1410,26.0,163.0,0.0,21.14,12.12,6.07,0.0
20070210:1510,45.0,112.0,0.0,14.82,11.86,5.45,0.0
20070210:1610,32.0,42.0,0.0,6.93,11.24,5.17,0.0
20070210:1710,0.0,0.0,0.0,0.0,10.11,5.17,0.0
20070210:1810,0.0,0.0,0.0,0.0,9.28,5.1,0.0
20070210:1910,0.0,0.0,0.0,0.0,8.39,4.69,0.0
20070210:2010,0.0,0.0,0.0,0.0,8.03,4.55,0.0
20070210:2110,0.0,0.0,0.0,0.0,7.88,4.76,0.0
20070210:2210,0.0,0.0,0.0,0.0,7.64,4.97,0.0
20070210:2310,0.0,0.0,0.0,0.0,7.81,5.31,0.0
20070211:0010,0.0,0.0,0.0,0.0,8.26,5.66,0.0
20070211:0110,0.0,0.0,0.0,0.0,8.7,6.07,0.0
20070211:0210,0.0,0.0,0.0,0.0,8.71,6.21,0.0
20070211:0310,0.0,0.0,0.0,0.0,8.89,7.03,0.0
20070211:0410,0.0,0.0,0.0,0.0,9.01,7.72,0.0
20070211:0510,0.0,0.0,0.0,0.0,9.81,8.0,0.0
20070211:0610,0.0,0.0,0.0,0.0,9.95,8.21,0.0
20070211:0710,0.0,0.0,0.0,0.0,9.04,7.24,0.0
20070211:0810,75.0,42.0,0.0,8.73,8.74,6.97,0.0
20070211:0910,3.0,99.0,0.0,16.38,9.24,7.79,0.0
20070211:1010,16.0,165.0,0.0,22.38,10.08,6.55,0.0
20070211:1110,62.0,213.0,0.0,26.18,10.98,8.28,0.0
20070211:1210,10.0,191.0,0.0,27.33,11.6,9.38,0.0
20070211:1310,235.01,147.0,0.0,25.68,12.33,9.72,0.0
20070211:1410,0.0,80.0,0.0,21.44,12.71,9.86,0.0
20070211:1510,148.01,73.0,0.0,15.1,12.66,7.93,0.0
20070211:1610,51.0,37.0,0.0,7.2,12.44,6.41,0.0
20070211:1710,0.0,0.0,0.0,0.0,11.72,5.45,0.0
20070211:1810,0.0,0.0,0.0,0.0,10.89,5.79,0.0
20070211:1910,0.0,0.0,0.0,0.0,10.02,5.24,0.0
20070211:2010,0.0,0.0,0.0,0.0,9.98,5.38,0.0
20070211:2110,0.0,0.0,0.0,0.0,9.8,5.31,0.0
20070211:2210,0.0,0.0,0.0,0.0,9.45,5.66,0.0
20070211:2310,0.0,0.0,0.0,0.0,8.77,5.45,0.0
20070212:0010,0.0,0.0,0.0,0.0,8.34,5.1,0.0
20070212:0110,0.0,0.0,0.0,0.0,8.14,5.38,0.0
20070212:0210,0.0,0.0,0.0,0.0,8.29,6.0,0.0
20070212:0310,0.0,0.0,0.0,0.0,8.77,5.86,0.0
20070212:0410,0.0,0.0,0.0,0.0,9.75,6.0,0.0
20070212:0510,0.0,0.0,0.0,0.0,10.47,6.34,0.0
20070212:0610,0.0,0.0,0.0,0.0,11.07,6.97,0.0
20070212:0710,0.0,0.0,0.0,0.0,9.7,7.1,0.0
20070212:0810,4.0,55.0,0.0,9.0,9.09,6.9,0.0
20070212:0910,40.0,129.0,0.0,16.67,9.42,7.59,0.0
20070212:1010,291.01,82.0,0.0,22.69,10.15,9.31,0.0
20070212:1110,0.0,140.0,0.0,26.5,10.8,9.72,0.0
20070212:1210,0.0,59.0,0.0,27.66,11.29,10.14,0.0
20070212:1310,149.01,191.0,0.0,26.0,11.44,10.41,0.0
20070212:1410,5.0,139.0,0.0,21.75,11.46,9.52,0.0
20070212:1510,15.0,111.0,0.0,15.39,10.54,9.93,0.0
20070212:1610,4.0,43.0,0.0,7.48,10.08,9.1,0.0
20070212:1710,0.0,0.0,0.0,0.0,9.28,8.41,0.0
20070212:1810,0.0,0.0,0.0,0.0,8.64,7.79,0.0
20070212:1910,0.0,0.0,0.0,0.0,8.4,7.86,0.0
20070212:2010,0.0,0.0,0.0,0.0,8.28,7.66,0.0
20070212:2110,0.0,0.0,0.0,0.0,8.23,7.52,0.0
20070212:2210,0.0,0.0,0.0,0.0,8.17,7.31,0.0
20070212:2310,0.0,0.0,0.0,0.0,7.84,6.83,0.0
20070213:0010,0.0,0.0,0.0,0.0,7.7,6.69,0.0
20070213:0110,0.0,0.0,0.0,0.0,7.68,6.62,0.0
20070213:0210,0.0,0.0,0.0,0.0,7.54,6.21,0.0
20070213:0310,0.0,0.0,0.0,0.0,7.72,6.21,0.0
20070213:0410,0.0,0.0,0.0,0.0,7.81,6.21,0.0
20070213:0510,0.0,0.0,0.0,0.0,7.76,5.93,0.0
20070213:0610,0.0,0.0,0.0,0.0,7.63,5.31,0.0
20070213:0710,0.0,0.0,0.0,0.0,7.29,5.45,0.0
20070213:0810,68.0,51.0,0.0,9.27,6.93,5.31,0.0
20070213:0910,151.01,95.0,0.0,16.97,7.41,5.1,0.0
20070213:1010,212.01,131.0,0.0,23.01,8.18,7.17,0.0
20070213:1110,77.0,220.0,0.0,26.83,8.78,6.28,0.0
20070213:1210,162.01,208.0,0.0,27.99,9.42,5.1,0.0
20070213:1310,139.0,200.0,0.0,26.33,9.85,4.83,0.0
20070213:1410,36.0,175.0,0.0,22.07,10.38,5.45,0.0
20070213:1510,21.0,117.0,0.0,15.69,10.49,4.83,0.0
20070213:1610,34.0,49.0,0.0,7.75,10.03,3.31,0.0
20070213:1710,0.0,0.0,0.0,0.0,9.37,3.03,0.0
20070213:1810,0.0,0.0,0.0,0.0,8.88,3.17,0.0
20070213:1910,0.0,0.0,0.0,0.0,8.46,3.59,0.0
20070213:2010,0.0,0.0,0.0,0.0,8.31,3.86,0.0
20070213:2110,0.0,0.0,0.0,0.0,8.28,4.21,0.0
20070213:2210,0.0,0.0,0.0,0.0,8.18,4.48,0.0
20070213:2310,0.0,0.0,0.0,0.0,8.11,4.69,0.0
20070214:0010,0.0,0.0,0.0,0.0,7.89,4.76,0.0
20070214:0110,0.0,0.0,0.0,0.0,7.51,4.69,0.0
20070214:0210,0.0,0.0,0.0,0.0,7.02,4.55,0.0
20070214:0310,0.0,0.0,0.0,0.0,6.89,4.62,0.0
20070214:0410,0.0,0.0,0.0,0.0,6.82,4.76,0.0
20070214:0510,0.0,0.0,0.0,0.0,6.94,4.97,0.0
20070214:0610,0.0,0.0,0.0,0.0,7.43,5.31,0.0
20070214:0710,0.0,0.0,0.0,0.0,8.27,5.59,0.0
20070214:0810,3.0,54.0,0.0,9.55,9.05,5.59,0.0
20070214:0910,0.0,58.0,0.0,17.26,9.52,5.59,0.0
20070214:1010,0.0,89.0,0.0,23.32,9.86,5.66,0.0
20070214:1110,9.0,186.0,0.0,27.17,10.42,5.66,0.0
20070214:1210,0.0,79.0,0.0,28.33,10.74,5.31,0.0
20070214:1310,0.0,127.0,0.0,26.66,11.14,4.83,0.0
20070214:1410,0.0,36.0,0.0,22.38,11.2,3.79,0.0
20070214:1510,0.0,21.0,0.0,15.98,10.26,5.52,0.0
20070214:1610,25.0,53.0,0.0,8.02,8.89,6.34,0.0
20070214:1710,0.0,0.0,0.0,0.0,8.36,6.0,0.0
20070214:1810,0.0,0.0,0.0,0.0,8.18,6.41,0.0
20070214:1910,0.0,0.0,0.0,0.0,7.69,6.76,0.0
20070214:2010,0.0,0.0,0.0,0.0,7.44,6.28,0.0
20070214:2110,0.0,0.0,0.0,0.0,7.02,5.24,0.0
20070214:2210,0.0,0.0,0.0,0.0,6.42,4.21,0.0
20070214:2310,0.0,0.0,0.0,0.0,5.54,3.38,0.0
20070215:0010,0.0,0.0,0.0,0.0,4.49,2.83,0.0
20070215:0110,0.0,0.0,0.0,0.0,3.82,2.9,0.0
20070215:0210,0.0,0.0,0.0,0.0,3.34,2.55,0.0
20070215:0310,0.0,0.0,0.0,0.0,2.73,2.28,0.0
20070215:0410,0.0,0.0,0.0,0.0,2.13,2.07,0.0
20070215:0510,0.0,0.0,0.0,0.0,1.4,1.93,0.0
20070215:0610,0.0,0.0,0.0,0.0,0.55,2.07,0.0
20070215:0710,0.0,0.0,0.0,0.0,0.21,2.0,0.0
20070215:0810,86.0,50.0,0.0,9.83,0.91,1.79,0.0
20070215:0910,203.01,78.0,0.0,17.57,3.75,2.14,0.0
20070215:1010,302.01,94.0,0.0,23.65,6.14,2.97,0.0
20070215:1110,403.01,83.0,0.0,27.5,7.84,3.79,0.0
20070215:1210,418.01,87.0,0.0,28.67,8.91,3.79,0.0
20070215:1310,393.01,82.0,0.0,27.0,9.69,3.66,0.0
20070215:1410,311.01,78.0,0.0,22.7,10.17,3.79,0.0
20070215:1510,101.0,114.0,0.0,16.28,10.24,3.86,0.0
20070215:1610,72.0,40.0,0.0,8.3,9.63,3.31,0.0
20070215:1710,0.0,0.0,0.0,0.0,8.01,3.45,0.0
20070215:1810,0.0,0.0,0.0,0.0,6.56,3.79,0.0
20070215:1910,0.0,0.0,0.0,0.0,5.71,3.72,0.0
20070215:2010,0.0,0.0,0.0,0.0,5.17,3.93,0.0
20070215:2110,0.0,0.0,0.0,0.0,4.8,4.07,0.0
20070215:2210,0.0,0.0,0.0,0.0,4.49,4.21,0.0
20070215:2310,0.0,0.0,0.0,0.0,4.33,4.34,0.0
20070216:0010,0.0,0.0,0.0,0.0,4.24,4.28,0.0
20070216:0110,0.0,0.0,0.0,0.0,4.16,4.21,0.0
20070216:0210,0.0,0.0,0.0,0.0,4.12,4.0,0.0
20070216:0310,0.0,0.0,0.0,0.0,4.15,3.72,0.0
20070216:0410,0.0,0.0,0.0,0.0,4.03,3.72,0.0
20070216:0510,0.0,0.0,0.0,0.0,3.98,3.72,0.0
20070216:0610,0.0,0.0,0.0,0.0,3.65,3.38,0.0
20070216:0710,0.0,0.0,0.0,0.0,4.31,3.52,0.0
20070216:0810,4.0,64.0,0.0,10.12,5.07,3.38,0.0
20070216:0910,13.0,130.0,0.0,17.87,7.35,3.17,0.0
20070216:1010,1.0,129.0,0.0,23.97,9.89,3.52,0.0
20070216:1110,3.0,173.0,0.0,27.85,11.64,3.24,0.0
20070216:1210,39.0,235.0,0.0,29.02,13.02,3.38,0.0
20070216:1310,295.01,139.0,0.0,27.33,14.52,3.52,0.0
20070216:1410,130.0,173.0,0.0,23.01,15.03,2.83,0.0
20070216:1510,40.0,131.0,0.0,16.57,15.21,2.9,0.0
20070216:1610,26.0,60.0,0.0,8.57,14.67,2.97,0.0
20070216:1710,0.0,0.0,0.0,0.0,12.92,3.38,0.0
20070216:1810,0.0,0.0,0.0,0.0,11.55,3.66,0.0
20070216:1910,0.0,0.0,0.0,0.0,10.26,3.66,0.0
20070216:2010,0.0,0.0,0.0,0.0,9.29,3.79,0.0
20070216:2110,0.0,0.0,0.0,0.0,8.33,3.79,0.0
20070216:2210,0.0,0.0,0.0,0.0,7.72,3.59,0.0
20070216:2310,0.0,0.0,0.0,0.0,7.5,3.45,0.0
20070217:0010,0.0,0.0,0.0,0.0,7.58,3.45,0.0
20070217:0110,0.0,0.0,0.0,0.0,7.79,3.52,0.0
20070217:0210,0.0,0.0,0.0,0.0,7.9,3.45,0.0
20070217:0310,0.0,0.0,0.0,0.0,7.94,3.38,0.0
20070217:0410,0.0,0.0,0.0,0.0,7.95,3.52,0.0
20070217:0510,0.0,0.0,0.0,0.0,7.86,3.72,0.0
20070217:0610,0.0,0.0,0.0,0.0,7.21,3.79,0.0
20070217:0710,0.0,0.0,0.0,0.0,7.55,3.72,0.0
20070217:0810,93.0,51.0,0.0,10.41,8.06,3.59,0.0
20070217:0910,219.01,72.0,0.0,18.18,9.53,3.45,0.0
20070217:1010,333.01,79.0,0.0,24.3,11.79,3.45,0.0
20070217:1110,29.0,220.0,0.0,28.19,13.77,3.66,0.0
20070217:1210,418.01,87.0,0.0,29.37,14.98,3.45,0.0
20070217:1310,308.01,131.0,0.0,27.67,15.67,3.38,0.0
20070217:1410,69.0,188.0,0.0,23.33,15.84,2.97,0.0
20070217:1510,25.0,129.0,0.0,16.87,15.32,1.93,0.0
20070217:1610,4.0,55.0,0.0,8.85,14.3,1.72,0.0
20070217:1710,0.0,0.0,0.0,0.0,12.96,1.93,0.0
20070217:1810,0.0,0.0,0.0,0.0,10.72,1.59,0.0
20070217:1910,0.0,0.0,0.0,0.0,10.42,1.24,0.0
20070217:2010,0.0,0.0,0.0,0.0,8.85,1.72,0.0
20070217:2110,0.0,0.0,0.0,0.0,7.94,1.93,0.0
20070217:2210,0.0,0.0,0.0,0.0,7.14,1.93,0.0
20070217:2310,0.0,0.0,0.0,0.0,6.55,1.86,0.0
20070218:0010,0.0,0.0,0.0,0.0,6.4,1.66,0.0
20070218:0110,0.0,0.0,0.0,0.0,6.8,1.31,0.0
20070218:0210,0.0,0.0,0.0,0.0,6.37,1.31,0.0
20070218:0310,0.0,0.0,0.0,0.0,5.29,1.59,0.0
20070218:0410,0.0,0.0,0.0,0.0,4.6,1.72,0.0
20070218:0510,0.0,0.0,0.0,0.0,4.16,1.66,0.0
20070218:0610,0.0,0.0,0.0,0.0,3.83,1.59,0.0
20070218:0710,0.0,6.0,0.0,1.79,3.54,1.66,0.0
20070218:0810,63.0,68.0,0.0,10.7,4.24,1.31,0.0
20070218:0910,99.0,133.0,0.0,18.5,7.64,1.17,0.0
20070218:1010,85.0,197.0,0.0,24.64,9.83,1.31,0.0
20070218:1110,339.01,120.0,0.0,28.54,11.58,1.59,0.0
20070218:1210,272.01,171.0,0.0,29.72,12.81,1.72,0.0
20070218:1310,367.01,97.0,0.0,28.01,13.6,1.52,0.0
20070218:1410,310.01,82.0,0.0,23.66,14.04,1.1,0.0
20070218:1510,199.01,70.0,0.0,17.17,14.16,1.1,0.0
20070218:1610,75.0,45.0,0.0,9.13,13.8,1.38,0.0
20070218:1710,0.0,0.0,0.0,0.0,12.53,1.93,0.0
20070218:1810,0.0,0.0,0.0,0.0,10.61,1.93,0.0
20070218:1910,0.0,0.0,0.0,0.0,9.0,1.45,0.0
20070218:2010,0.0,0.0,0.0,0.0,8.12,1.1,0.0
20070218:2110,0.0,0.0,0.0,0.0,7.3,1.1,0.0
20070218:2210,0.0,0.0,0.0,0.0,6.07,1.38,0.0
20070218:2310,0.0,0.0,0.0,0.0,4.93,1.72,0.0
20070219:0010,0.0,0.0,0.0,0.0,4.36,1.66,0.0
20070219:0110,0.0,0.0,0.0,0.0,4.07,1.45,0.0
20070219:0210,0.0,0.0,0.0,0.0,4.48,1.24,0.0
20070219:0310,0.0,0.0,0.0,0.0,4.21,1.45,0.0
20070219:0410,0.0,0.0,0.0,0.0,4.28,1.66,0.0
20070219:0510,0.0,0.0,0.0,0.0,3.93,1.93,0.0
20070219:0610,0.0,0.0,0.0,0.0,4.12,1.86,0.0
20070219:0710,0.0,7.0,0.0,2.07,5.04,1.17,0.0
20070219:0810,5.0,69.0,0.0,11.0,6.12,1.93,0.0
20070219:0910,5.0,120.0,0.0,18.82,6.78,2.41,0.0
20070219:1010,0.0,120.0,0.0,24.98,7.51,2.83,0.0
20070219:1110,0.0,110.0,0.0,28.89,8.73,3.24,0.0
20070219:1210,3.0,186.0,0.0,30.08,9.96,3.59,0.0
20070219:1310,6.0,184.0,0.0,28.36,11.11,3.79,0.0
20070219:1410,9.0,166.0,0.0,23.98,11.61,3.52,0.0
20070219:1510,120.0,113.0,0.0,17.47,11.68,2.41,0.0
20070219:1610,64.0,53.0,0.0,9.41,11.35,1.86,0.0
20070219:1710,0.0,0.0,0.0,0.0,10.67,2.0,0.0
20070219:1810,0.0,0.0,0.0,0.0,10.18,2.21,0.0
20070219:1910,0.0,0.0,0.0,0.0,9.42,2.69,0.0
20070219:2010,0.0,0.0,0.0,0.0,9.29,2.9,0.0
20070219:2110,0.0,0.0,0.0,0.0,8.58,2.83,0.0
20070219:2210,0.0,0.0,0.0,0.0,8.14,2.69,0.0
20070219:2310,0.0,0.0,0.0,0.0,7.8,2.76,0.0
20070220:0010,0.0,0.0,0.0,0.0,7.59,2.83,0.0
20070220:0110,0.0,0.0,0.0,0.0,6.97,2.76,0.0
20070220:0210,0.0,0.0,0.0,0.0,6.9,2.62,0.0
20070220:0310,0.0,0.0,0.0,0.0,6.39,2.41,0.0
20070220:0410,0.0,0.0,0.0,0.0,5.81,2.28,0.0
20070220:0510,0.0,0.0,0.0,0.0,5.31,2.21,0.0
20070220:0610,0.0,0.0,0.0,0.0,4.89,2.14,0.0
20070220:0710,2.0,9.65,0.0,2.36,4.19,2.0,0.0
20070220:0810,49.0,78.0,0.0,11.31,4.59,1.59,0.0
20070220:0910,169.01,109.0,0.0,19.14,6.8,1.52,0.0
20070220:1010,218.01,152.0,0.0,25.32,9.01,1.66,0.0
20070220:1110,332.01,133.0,0.0,29.25,10.96,1.72,0.0
20070220:1210,369.01,124.0,0.0,30.43,12.58,2.0,0.0
20070220:1310,330.01,127.0,0.0,28.7,13.55,2.28,0.0
20070220:1410,261.01,117.0,0.0,24.3,14.1,2.69,0.0
20070220:1510,218.01,67.0,0.0,17.77,14.16,2.69,0.0
20070220:1610,17.0,67.0,0.0,9.69,13.82,2.0,0.0
20070220:1710,0.0,0.0,0.0,0.0,12.38,2.14,0.0
20070220:1810,0.0,0.0,0.0,0.0,10.57,2.28,0.0
20070220:1910,0.0,0.0,0.0,0.0,9.48,2.0,0.0
20070220:2010,0.0,0.0,0.0,0.0,9.04,2.07,0.0
20070220:2110,0.0,0.0,0.0,0.0,8.86,2.14,0.0
20070220:2210,0.0,0.0,0.0,0.0,8.62,2.21,0.0
20070220:2310,0.0,0.0,0.0,0.0,8.64,2.21,0.0
20070221:0010,0.0,0.0,0.0,0.0,8.45,2.41,0.0
20070221:0110,0.0,0.0,0.0,0.0,8.26,2.69,0.0
20070221:0210,0.0,0.0,0.0,0.0,8.22,2.83,0.0
20070221:0310,0.0,0.0,0.0,0.0,8.43,2.97,0.0
20070221:0410,0.0,0.0,0.0,0.0,8.47,3.03,0.0
20070221:0510,0.0,0.0,0.0,0.0,8.49,3.17,0.0
20070221:0610,0.0,0.0,0.0,0.0,8.36,3.17,0.0
20070221:0710,0.0,2.0,0.0,2.66,7.84,3.03,0.0
20070221:0810,7.0,75.0,0.0,11.62,8.15,2.97,0.0
20070221:0910,11.0,138.0,0.0,19.47,8.67,3.24,0.0
20070221:1010,3.0,156.0,0.0,25.66,9.2,3.24,0.0
20070221:1110,48.0,237.0,0.0,29.61,9.96,3.66,0.0
20070221:1210,166.0,231.0,0.0,30.79,11.05,3.93,0.0
20070221:1310,198.01,200.0,0.0,29.05,11.77,4.41,0.0
20070221:1410,70.0,198.0,0.0,24.63,12.0,4.83,0.0
20070221:1510,167.01,96.0,0.0,18.07,11.89,4.76,0.0
20070221:1610,50.0,65.0,0.0,9.96,11.45,3.52,0.0
20070221:1710,0.0,0.0,0.0,0.0,10.18,2.76,0.0
20070221:1810,0.0,0.0,0.0,0.0,8.48,2.69,0.0
20070221:1910,0.0,0.0,0.0,0.0,7.67,2.76,0.0
20070221:2010,0.0,0.0,0.0,0.0,7.02,2.69,0.0
20070221:2110,0.0,0.0,0.0,0.0,6.29,2.69,0.0
20070221:2210,0.0,0.0,0.0,0.0,5.93,2.76,0.0
20070221:2310,0.0,0.0,0.0,0.0,5.84,2.76,0.0
20070222:0010,0.0,0.0,0.0,0.0,5.64,2.83,0.0
20070222:0110,0.0,0.0,0.0,0.0,5.43,2.9,0.0
20070222:0210,0.0,0.0,0.0,0.0,5.21,2.97,0.0
20070222:0310,0.0,0.0,0.0,0.0,4.75,2.97,0.0
20070222:0410,0.0,0.0,0.0,0.0,4.45,2.9,0.0
20070222:0510,0.0,0.0,0.0,0.0,4.17,2.9,0.0
20070222:0610,0.0,0.0,0.0,0.0,4.01,2.97,0.0
20070222:0710,1.0,11.83,0.0,2.95,4.26,3.17,0.0
20070222:0810,17.0,85.0,0.0,11.93,5.07,3.31,0.0
20070222:0910,60.0,156.0,0.0,19.8,6.74,3.52,0.0
20070222:1010,135.0,196.0,0.0,26.01,8.44,4.0,0.0
20070222:1110,138.0,233.0,0.0,29.97,9.73,4.21,0.0
20070222:1210,353.01,141.0,0.0,31.16,10.57,4.28,0.0
20070222:1310,201.01,204.0,0.0,29.4,11.46,4.76,0.0
20070222:1410,72.0,201.0,0.0,24.96,11.96,4.9,0.0
20070222:1510,0.0,46.0,0.0,18.37,11.69,3.66,0.0
20070222:1610,0.0,31.0,0.0,10.24,11.03,3.38,0.0
20070222:1710,0.0,0.0,0.0,0.0,10.12,3.45,0.0
20070222:1810,0.0,0.0,0.0,0.0,9.58,3.66,0.0
20070222:1910,0.0,0.0,0.0,0.0,8.82,3.79,0.0
20070222:2010,0.0,0.0,0.0,0.0,8.68,3.86,0.0
20070222:2110,0.0,0.0,0.0,0.0,8.16,3.72,0.0
20070222:2210,0.0,0.0,0.0,0.0,7.86,3.86,0.0
20070222:2310,0.0,0.0,0.0,0.0,7.51,4.0,0.0
20070223:0010,0.0,0.0,0.0,0.0,7.27,4.14,0.0
20070223:0110,0.0,0.0,0.0,0.0,7.14,4.14,0.0
20070223:0210,0.0,0.0,0.0,0.0,7.14,4.21,0.0
20070223:0310,0.0,0.0,0.0,0.0,7.43,4.0,0.0
20070223:0410,0.0,0.0,0.0,0.0,7.49,3.93,0.0
20070223:0510,0.0,0.0,0.0,0.0,7.2,4.07,0.0
20070223:0610,0.0,0.0,0.0,0.0,6.96,4.07,0.0
20070223:0710,4.0,16.14,0.0,3.25,7.46,4.14,0.0
20070223:0810,81.0,75.0,0.0,12.24,7.98,4.28,0.0
20070223:0910,230.01,84.0,0.0,20.13,9.0,4.07,0.0
20070223:1010,13.0,188.0,0.0,26.37,10.43,6.41,0.0
20070223:1110,0.0,92.0,0.0,30.33,11.44,6.55,0.0
20070223:1210,0.0,143.0,0.0,31.52,12.2,6.21,0.0
20070223:1310,0.0,110.0,0.0,29.75,11.58,6.21,0.0
20070223:1410,0.0,128.0,0.0,25.29,11.29,6.55,0.0
20070223:1510,17.0,137.0,0.0,18.67,11.03,5.79,0.0
20070223:1610,25.0,74.0,0.0,10.52,10.89,5.72,0.0
20070223:1710,0.0,0.0,0.0,0.0,10.32,5.1,0.0
20070223:1810,0.0,0.0,0.0,0.0,9.95,4.9,0.0
20070223:1910,0.0,0.0,0.0,0.0,9.08,4.62,0.0
20070223:2010,0.0,0.0,0.0,0.0,8.8,4.83,0.0
20070223:2110,0.0,0.0,0.0,0.0,8.71,5.1,0.0
20070223:2210,0.0,0.0,0.0,0.0,8.53,5.31,0.0
20070223:2310,0.0,0.0,0.0,0.0,8.44,5.59,0.0
20070224:0010,0.0,0.0,0.0,0.0,8.53,5.93,0.0
20070224:0110,0.0,0.0,0.0,0.0,8.79,6.48,0.0
20070224:0210,0.0,0.0,0.0,0.0,9.12,7.17,0.0
20070224:0310,0.0,0.0,0.0,0.0,9.21,7.59,0.0
20070224:0410,0.0,0.0,0.0,0.0,8.81,7.1,0.0
20070224:0510,0.0,0.0,0.0,0.0,8.98,6.76,0.0
20070224:0610,0.0,0.0,0.0,0.0,8.95,6.55,0.0
20070224:0710,12.0,15.51,0.0,3.56,8.44,6.34,0.0
20070224:0810,100.0,70.0,0.0,12.56,8.38,6.14,0.0
20070224:0910,48.0,162.0,0.0,20.47,8.74,6.14,0.0
20070224:1010,112.0,209.0,0.0,26.72,9.71,5.72,0.0
20070224:1110,71.0,250.0,0.0,30.7,10.88,6.69,0.0
20070224:1210,85.0,260.0,0.0,31.89,12.04,7.03,0.0
20070224:1310,32.0,235.0,0.0,30.11,12.49,6.97,0.0
20070224:1410,1.0,135.0,0.0,25.61,12.53,6.9,0.0
20070224:1510,109.0,134.0,0.0,18.97,11.68,6.48,0.0
20070224:1610,0.0,49.0,0.0,10.8,11.35,5.86,0.0
20070224:1710,0.0,0.0,0.0,0.0,10.76,5.24,0.0
20070224:1810,0.0,0.0,0.0,0.0,10.08,5.24,0.0
20070224:1910,0.0,0.0,0.0,0.0,9.35,4.69,0.0
20070224:2010,0.0,0.0,0.0,0.0,9.18,4.83,0.0
20070224:2110,0.0,0.0,0.0,0.0,8.79,5.03,0.0
20070224:2210,0.0,0.0,0.0,0.0,8.85,5.17,0.0
20070224:2310,0.0,0.0,0.0,0.0,8.95,5.59,0.0
20070225:0010,0.0,0.0,0.0,0.0,8.94,6.21,0.0
20070225:0110,0.0,0.0,0.0,0.0,9.54,6.21,0.0
20070225:0210,0.0,0.0,0.0,0.0,10.1,7.1,0.0
20070225:0310,0.0,0.0,0.0,0.0,9.32,7.38,0.0
20070225:0410,0.0,0.0,0.0,0.0,8.54,6.55,0.0
20070225:0510,0.0,0.0,0.0,0.0,7.71,6.07,0.0
20070225:0610,0.0,0.0,0.0,0.0,6.81,6.07,0.0
20070225:0710,16.0,15.77,0.0,3.86,6.32,6.07,0.0
20070225:0810,128.0,59.0,0.0,12.88,6.39,6.41,0.0
20070225:0910,246.01,85.0,0.0,20.81,7.36,7.45,0.0
20070225:1010,7.0,181.0,0.0,27.08,7.89,9.17,0.0
20070225:1110,0.0,80.0,0.0,31.07,7.69,8.14,0.0
20070225:1210,0.0,102.0,0.0,32.26,8.3,6.62,0.0
20070225:1310,4.0,191.0,0.0,30.46,9.51,6.62,0.0
20070225:1410,40.0,207.0,0.0,25.94,9.45,6.9,0.0
20070225:1510,0.0,43.0,0.0,19.28,8.91,6.55,0.0
20070225:1610,32.0,80.0,0.0,11.08,8.8,5.17,0.0
20070225:1710,0.0,1.0,0.0,1.9,8.64,5.24,0.0
20070225:1810,0.0,0.0,0.0,0.0,7.87,5.24,0.0
20070225:1910,0.0,0.0,0.0,0.0,7.74,5.03,0.0
20070225:2010,0.0,0.0,0.0,0.0,7.41,4.9,0.0
20070225:2110,0.0,0.0,0.0,0.0,7.59,5.17,0.0
20070225:2210,0.0,0.0,0.0,0.0,7.6,5.17,0.0
20070225:2310,0.0,0.0,0.0,0.0,7.17,4.97,0.0
20070226:0010,0.0,0.0,0.0,0.0,7.13,4.9,0.0
20070226:0110,0.0,0.0,0.0,0.0,7.22,4.83,0.0
20070226:0210,0.0,0.0,0.0,0.0,7.29,4.69,0.0
20070226:0310,0.0,0.0,0.0,0.0,7.11,4.41,0.0
20070226:0410,0.0,0.0,0.0,0.0,7.23,4.62,0.0
20070226:0510,0.0,0.0,0.0,0.0,7.23,4.69,0.0
20070226:0610,0.0,0.0,0.0,0.0,7.18,4.76,0.0
20070226:0710,22.0,15.67,0.0,4.18,7.76,4.97,0.0
20070226:0810,0.0,61.0,0.0,13.21,7.9,5.38,0.0
20070226:0910,1.0,111.0,0.0,21.15,8.55,5.17,0.0
20070226:1010,0.0,99.0,0.0,27.44,8.95,5.17,0.0
20070226:1110,0.0,152.0,0.0,31.45,9.49,5.31,0.0
20070226:1210,115.0,264.0,0.0,32.63,9.19,5.59,0.0
20070226:1310,311.01,163.0,0.0,30.82,9.92,5.93,0.0
20070226:1410,68.0,213.0,0.0,26.28,10.44,6.21,0.0
20070226:1510,13.0,140.0,0.0,19.58,10.25,6.69,0.0
20070226:1610,40.0,81.0,0.0,11.36,9.67,5.93,0.0
20070226:1710,0.0,7.0,0.0,2.16,8.82,4.83,0.0
20070226:1810,0.0,0.0,0.0,0.0,7.65,4.0,0.0
20070226:1910,0.0,0.0,0.0,0.0,7.25,3.72,0.0
20070226:2010,0.0,0.0,0.0,0.0,6.53,3.1,0.0
20070226:2110,0.0,0.0,0.0,0.0,6.1,2.76,0.0
20070226:2210,0.0,0.0,0.0,0.0,5.46,2.83,0.0
20070226:2310,0.0,0.0,0.0,0.0,5.38,2.76,0.0
20070227:0010,0.0,0.0,0.0,0.0,5.19,2.83,0.0
20070227:0110,0.0,0.0,0.0,0.0,5.23,2.97,0.0
20070227:0210,0.0,0.0,0.0,0.0,5.06,3.17,0.0
20070227:0310,0.0,0.0,0.0,0.0,5.18,2.97,0.0
20070227:0410,0.0,0.0,0.0,0.0,5.17,2.76,0.0
20070227:0510,0.0,0.0,0.0,0.0,5.04,2.69,0.0
20070227:0610,0.0,0.0,0.0,0.0,5.05,2.97,0.0
20070227:0710,6.0,23.63,0.0,4.49,5.2,3.1,0.0
20070227:0810,0.0,42.0,0.0,13.54,5.96,3.45,0.0
20070227:0910,1.0,113.0,0.0,21.5,6.74,4.41,0.0
20070227:1010,0.0,85.0,0.0,27.81,7.1,4.9,0.0
20070227:1110,0.0,87.0,0.0,31.82,7.36,5.59,0.0
20070227:1210,0.0,48.0,0.0,33.01,7.85,5.17,0.0
20070227:1310,0.0,94.0,0.0,31.18,8.78,4.14,0.0
20070227:1410,0.0,64.0,0.0,26.61,10.16,6.0,0.0
20070227:1510,0.0,84.0,0.0,19.88,11.42,6.21,0.0
20070227:1610,20.0,83.0,0.0,11.64,11.65,6.21,0.0
20070227:1710,0.0,7.0,0.0,2.42,11.59,6.41,0.0
20070227:1810,0.0,0.0,0.0,0.0,11.48,6.62,0.0
20070227:1910,0.0,0.0,0.0,0.0,11.38,6.62,0.0
20070227:2010,0.0,0.0,0.0,0.0,11.32,6.76,0.0
20070227:2110,0.0,0.0,0.0,0.0,11.17,6.83,0.0
20070227:2210,0.0,0.0,0.0,0.0,10.98,6.76,0.0
20070227:2310,0.0,0.0,0.0,0.0,10.84,6.69,0.0
20070228:0010,0.0,0.0,0.0,0.0,10.71,6.34,0.0
20070228:0110,0.0,0.0,0.0,0.0,10.89,6.48,0.0
20070228:0210,0.0,0.0,0.0,0.0,10.8,6.07,0.0
20070228:0310,0.0,0.0,0.0,0.0,10.33,5.93,0.0
20070228:0410,0.0,0.0,0.0,0.0,9.67,5.93,0.0
20070228:0510,0.0,0.0,0.0,0.0,9.1,6.14,0.0
20070228:0610,0.0,0.0,0.0,0.0,8.73,6.21,0.0
20070228:0710,11.0,26.27,0.0,4.81,8.82,6.76,0.0
20070228:0810,126.0,71.0,0.0,13.87,9.32,7.1,0.0
20070228:0910,0.0,87.0,0.0,21.85,10.12,8.34,0.0
20070228:1010,0.0,75.0,0.0,28.17,11.09,7.59,0.0
20070228:1110,172.0,242.0,0.0,32.2,12.15,8.34,0.0
20070228:1210,0.0,86.0,0.0,33.38,12.98,8.41,0.0
20070228:1310,449.01,89.0,0.0,31.53,13.53,8.34,0.0
20070228:1410,0.0,39.0,0.0,26.94,12.82,8.97,0.0
20070228:1510,19.0,151.0,0.0,20.19,12.53,9.24,0.0
20070228:1610,5.0,74.0,0.0,11.92,12.23,8.76,0.0
20070228:1710,0.0,12.0,0.0,2.69,11.55,7.79,0.0
20070228:1810,0.0,0.0,0.0,0.0,11.2,7.17,0.0
20070228:1910,0.0,0.0,0.0,0.0,10.7,7.45,0.0
20070228:2010,0.0,0.0,0.0,0.0,10.29,7.45,0.0
20070228:2110,0.0,0.0,0.0,0.0,10.17,7.52,0.0
20070228:2210,0.0,0.0,0.0,0.0,10.04,7.86,0.0
20070228:2310,0.0,0.0,0.0,0.0,9.97,7.86,0.0
20070301:0010,0.0,0.0,0.0,0.0,10.06,8.28,0.0
20070301:0110,0.0,0.0,0.0,0.0,10.15,8.97,0.0
20070301:0210,0.0,0.0,0.0,0.0,9.82,8.9,0.0
20070301:0310,0.0,0.0,0.0,0.0,9.62,9.1,0.0
20070301:0410,0.0,0.0,0.0,0.0,9.74,9.45,0.0
20070301:0510,0.0,0.0,0.0,0.0,10.12,9.45,0.0
20070301:0610,0.0,0.0,0.0,0.0,10.09,9.03,0.0
20070301:0710,0.0,14.0,0.0,5.13,10.34,7.45,0.0
20070301:0810,7.0,92.0,0.0,14.2,10.14,6.62,0.0
20070301:0910,2.0,129.0,0.0,22.2,9.85,6.28,0.0
20070301:1010,4.0,179.0,0.0,28.55,9.54,5.66,0.0
20070301:1110,5.0,204.0,0.0,32.58,10.05,5.31,0.0
20070301:1210,110.0,273.0,0.0,33.76,11.0,6.14,0.0
20070301:1310,0.0,163.0,0.0,31.89,11.38,6.69,0.0
20070301:1410,123.0,211.0,0.0,27.27,11.51,6.97,0.0
20070301:1510,132.0,140.0,0.0,20.49,11.45,6.34,0.0
20070301:1610,6.0,78.0,0.0,12.2,11.13,5.45,0.0
20070301:1710,0.0,13.0,0.0,2.95,10.42,4.9,0.0
20070301:1810,0.0,0.0,0.0,0.0,9.87,4.62,0.0
20070301:1910,0.0,0.0,0.0,0.0,9.11,3.93,0.0
20070301:2010,0.0,0.0,0.0,0.0,8.72,3.38,0.0
20070301:2110,0.0,0.0,0.0,0.0,8.25,3.1,0.0
20070301:2210,0.0,0.0,0.0,0.0,8.09,3.03,0.0
20070301:2310,0.0,0.0,0.0,0.0,7.68,3.03,0.0
20070302:0010,0.0,0.0,0.0,0.0,7.2,3.1,0.0
20070302:0110,0.0,0.0,0.0,0.0,6.59,3.1,0.0
20070302:0210,0.0,0.0,0.0,0.0,5.94,3.1,0.0
20070302:0310,0.0,0.0,0.0,0.0,5.37,2.97,0.0
20070302:0410,0.0,0.0,0.0,0.0,4.8,2.76,0.0
20070302:0510,0.0,0.0,0.0,0.0,4.31,2.69,0.0
20070302:0610,0.0,0.0,0.0,0.0,4.09,2.55,0.0
20070302:0710,7.0,31.25,0.0,5.45,4.08,2.69,0.0
20070302:0810,97.0,93.0,0.0,14.54,5.37,2.62,0.0
20070302:0910,49.0,180.0,0.0,22.56,6.96,2.97,0.0
20070302:1010,89.0,235.0,0.0,28.92,8.32,3.93,0.0
20070302:1110,89.0,269.0,0.0,32.97,9.15,4.34,0.0
20070302:1210,38.0,268.0,0.0,34.14,10.04,4.55,0.0
20070302:1310,179.0,241.0,0.0,32.26,10.43,4.83,0.0
20070302:1410,84.0,223.0,0.0,27.6,10.47,4.9,0.0
20070302:1510,0.0,82.0,0.0,20.8,9.97,4.34,0.0
20070302:1610,2.0,72.0,0.0,12.48,9.39,3.38,0.0
20070302:1710,0.0,16.0,0.0,3.21,8.65,3.72,0.0
20070302:1810,0.0,0.0,0.0,0.0,7.94,4.34,0.0
20070302:1910,0.0,0.0,0.0,0.0,8.63,4.9,0.0
20070302:2010,0.0,0.0,0.0,0.0,9.33,5.38,0.0
20070302:2110,0.0,0.0,0.0,0.0,10.53,6.0,0.0
20070302:2210,0.0,0.0,0.0,0.0,11.23,7.17,0.0
20070302:2310,0.0,0.0,0.0,0.0,11.51,7.52,0.0
20070303:0010,0.0,0.0,0.0,0.0,11.91,7.93,0.0
20070303:0110,0.0,0.0,0.0,0.0,11.6,8.21,0.0
20070303:0210,0.0,0.0,0.0,0.0,10.7,7.79,0.0
20070303:0310,0.0,0.0,0.0,0.0,9.95,7.66,0.0
20070303:0410,0.0,0.0,0.0,0.0,9.27,7.38,0.0
20070303:0510,0.0,0.0,0.0,0.0,8.9,7.38,0.0
20070303:0610,0.0,0.0,0.0,0.0,8.66,7.24,0.0
20070303:0710,12.0,36.0,0.0,5.78,8.71,7.31,0.0
20070303:0810,61.0,110.0,0.0,14.88,9.0,7.17,0.0
20070303:0910,115.0,173.0,0.0,22.91,9.63,8.55,0.0
20070303:1010,100.0,236.0,0.0,29.29,10.32,8.07,0.0
20070303:1110,79.0,273.0,0.0,33.35,11.29,7.86,0.0
20070303:1210,150.0,272.0,0.0,34.52,11.91,7.17,0.0
20070303:1310,169.0,249.0,0.0,32.62,12.58,6.97,0.0
20070303:1410,170.0,202.0,0.0,27.94,12.81,6.14,0.0
20070303:1510,19.0,156.0,0.0,21.1,12.46,4.76,0.0
20070303:1610,10.0,88.0,0.0,12.76,12.3,4.0,0.0
20070303:1710,0.0,18.0,0.0,3.47,11.58,2.97,0.0
20070303:1810,0.0,0.0,0.0,0.0,10.47,2.48,0.0
20070303:1910,0.0,0.0,0.0,0.0,9.51,2.69,0.0
20070303:2010,0.0,0.0,0.0,0.0,8.91,2.62,0.0
20070303:2110,0.0,0.0,0.0,0.0,8.23,2.55,0.0
20070303:2210,0.0,0.0,0.0,0.0,7.53,2.48,0.0
20070303:2310,0.0,0.0,0.0,0.0,6.84,2.48,0.0
20070304:0010,0.0,0.0,0.0,0.0,6.11,2.34,0.0
20070304:0110,0.0,0.0,0.0,0.0,5.66,2.07,0.0
20070304:0210,0.0,0.0,0.0,0.0,4.95,2.21,0.0
20070304:0310,0.0,0.0,0.0,0.0,4.5,2.07,0.0
20070304:0410,0.0,0.0,0.0,0.0,4.36,1.93,0.0
20070304:0510,0.0,0.0,0.0,0.0,4.05,2.14,0.0
20070304:0610,0.0,0.0,0.0,0.0,3.92,2.55,0.0
20070304:0710,31.0,34.0,0.0,6.11,5.08,3.03,0.0
20070304:0810,136.0,80.0,0.0,15.22,6.77,2.69,0.0
20070304:0910,255.01,107.0,0.0,23.27,9.19,3.52,0.0
20070304:1010,20.0,219.0,0.0,29.67,11.42,4.62,0.0
20070304:1110,296.01,200.0,0.0,33.74,12.87,5.52,0.0
20070304:1210,226.01,245.0,0.0,34.91,14.25,5.93,0.0
20070304:1310,7.0,215.0,0.0,32.98,15.33,5.93,0.0
20070304:1410,23.0,213.0,0.0,28.27,15.62,5.72,0.0
20070304:1510,33.0,166.0,0.0,21.4,15.51,5.1,0.0
20070304:1610,32.0,96.0,0.0,13.04,15.06,5.1,0.0
20070304:1710,0.0,19.0,0.0,3.73,14.5,5.31,0.0
20070304:1810,0.0,0.0,0.0,0.0,13.62,5.38,0.0
20070304:1910,0.0,0.0,0.0,0.0,12.99,4.97,0.0
20070304:2010,0.0,0.0,0.0,0.0,12.75,5.03,0.0
20070304:2110,0.0,0.0,0.0,0.0,12.9,4.9,0.0
20070304:2210,0.0,0.0,0.0,0.0,13.29,4.9,0.0
20070304:2310,0.0,0.0,0.0,0.0,12.6,5.24,0.0
20070305:0010,0.0,0.0,0.0,0.0,11.36,6.48,0.0
20070305:0110,0.0,0.0,0.0,0.0,10.0,5.66,0.0
20070305:0210,0.0,0.0,0.0,0.0,9.42,6.0,0.0
20070305:0310,0.0,0.0,0.0,0.0,9.11,6.34,0.0
20070305:0410,0.0,0.0,0.0,0.0,8.75,6.55,0.0
20070305:0510,0.0,0.0,0.0,0.0,8.15,6.0,0.0
20070305:0610,0.0,0.0,0.0,0.0,7.43,5.59,0.0
20070305:0710,25.0,40.0,0.0,6.44,7.18,5.72,0.0
20070305:0810,160.0,73.0,0.0,15.57,7.77,4.97,0.0
20070305:0910,270.01,104.0,0.0,23.63,8.95,7.93,0.0
20070305:1010,356.01,127.0,0.0,30.05,10.0,8.07,0.0
20070305:1110,267.01,221.0,0.0,34.13,10.87,7.52,0.0
20070305:1210,175.0,271.0,0.0,35.29,11.85,7.17,0.0
20070305:1310,227.01,231.0,0.0,33.35,12.33,6.83,0.0
20070305:1410,219.01,187.0,0.0,28.6,12.32,6.14,0.0
20070305:1510,0.0,93.0,0.0,21.7,12.25,5.52,0.0
20070305:1610,17.0,96.0,0.0,13.31,12.06,4.62,0.0
20070305:1710,0.0,21.0,0.0,3.99,11.44,4.14,0.0
20070305:1810,0.0,0.0,0.0,0.0,10.24,4.14,0.0
20070305:1910,0.0,0.0,0.0,0.0,10.25,4.9,0.0
20070305:2010,0.0,0.0,0.0,0.0,9.76,5.17,0.0
20070305:2110,0.0,0.0,0.0,0.0,9.26,5.45,0.0
20070305:2210,0.0,0.0,0.0,0.0,9.06,5.79,0.0
20070305:2310,0.0,0.0,0.0,0.0,9.04,6.07,0.0
20070306:0010,0.0,0.0,0.0,0.0,9.0,6.21,0.0
20070306:0110,0.0,0.0,0.0,0.0,8.9,6.34,0.0
20070306:0210,0.0,0.0,0.0,0.0,8.86,6.41,0.0
20070306:0310,0.0,0.0,0.0,0.0,8.84,6.55,0.0
20070306:0410,0.0,0.0,0.0,0.0,8.55,6.76,0.0
20070306:0510,0.0,0.0,0.0,0.0,8.44,6.9,0.0
20070306:0610,0.0,0.0,0.0,0.0,8.72,7.03,0.0
20070306:0710,1.0,33.0,0.0,6.77,9.61,7.31,0.0
20070306:0810,0.0,56.0,0.0,15.91,9.94,7.31,0.0
20070306:0910,0.0,114.0,0.0,24.0,9.63,7.31,0.0
20070306:1010,0.0,143.0,0.0,30.43,9.5,7.45,0.0
20070306:1110,0.0,124.0,0.0,34.52,9.22,7.79,0.0
20070306:1210,0.0,116.0,0.0,35.68,9.17,7.93,0.0
20070306:1310,1.0,179.0,0.0,33.71,9.09,7.79,0.0
20070306:1410,0.0,145.0,0.0,28.94,9.11,7.45,0.0
20070306:1510,0.0,91.0,0.0,22.01,9.17,7.45,0.0
20070306:1610,0.0,52.0,0.0,13.59,9.05,7.24,0.0
20070306:1710,0.0,3.0,0.0,4.26,9.01,6.97,0.0
20070306:1810,0.0,0.0,0.0,0.0,9.03,6.76,0.0
20070306:1910,0.0,0.0,0.0,0.0,9.15,7.31,0.0
20070306:2010,0.0,0.0,0.0,0.0,9.06,6.9,0.0
20070306:2110,0.0,0.0,0.0,0.0,9.0,6.48,0.0
20070306:2210,0.0,0.0,0.0,0.0,8.95,6.0,0.0
20070306:2310,0.0,0.0,0.0,0.0,8.94,5.17,0.0
20070307:0010,0.0,0.0,0.0,0.0,8.62,4.55,0.0
20070307:0110,0.0,0.0,0.0,0.0,8.15,4.28,0.0
20070307:0210,0.0,0.0,0.0,0.0,7.58,4.34,0.0
20070307:0310,0.0,0.0,0.0,0.0,7.3,4.83,0.0
20070307:0410,0.0,0.0,0.0,0.0,7.05,4.9,0.0
20070307:0510,0.0,0.0,0.0,0.0,6.82,4.62,0.0
20070307:0610,0.0,0.0,0.0,0.0,6.43,4.34,0.0
20070307:0710,48.0,37.0,0.0,7.11,5.68,3.66,0.0
20070307:0810,111.0,106.0,0.0,16.26,6.29,3.52,0.0
20070307:0910,38.0,193.0,0.0,24.37,7.43,4.28,0.0
20070307:1010,203.0,218.0,0.0,30.81,8.67,3.93,0.0
20070307:1110,93.0,286.0,0.0,34.91,9.88,3.45,0.0
20070307:1210,192.0,273.0,0.0,36.07,10.47,3.17,0.0
20070307:1310,7.0,226.0,0.0,34.07,10.98,2.48,0.0
20070307:1410,109.0,235.0,0.0,29.27,11.09,1.45,0.0
20070307:1510,26.0,171.0,0.0,22.31,11.24,0.69,0.0
20070307:1610,33.0,104.0,0.0,13.87,11.06,0.48,0.0
20070307:1710,0.0,25.0,0.0,4.52,10.66,0.97,0.0
20070307:1810,0.0,0.0,0.0,0.0,9.58,1.66,0.0
20070307:1910,0.0,0.0,0.0,0.0,8.33,2.14,0.0
20070307:2010,0.0,0.0,0.0,0.0,7.88,2.48,0.0
20070307:2110,0.0,0.0,0.0,0.0,7.25,2.9,0.0
20070307:2210,0.0,0.0,0.0,0.0,6.72,3.17,0.0
20070307:2310,0.0,0.0,0.0,0.0,6.16,3.17,0.0
20070308:0010,0.0,0.0,0.0,0.0,5.52,2.83,0.0
20070308:0110,0.0,0.0,0.0,0.0,5.0,2.55,0.0
20070308:0210,0.0,0.0,0.0,0.0,4.49,2.41,0.0
20070308:0310,0.0,0.0,0.0,0.0,4.15,2.28,0.0
20070308:0410,0.0,0.0,0.0,0.0,3.86,2.28,0.0
20070308:0510,0.0,0.0,0.0,0.0,3.57,2.34,0.0
20070308:0610,0.0,0.0,0.0,0.0,3.37,2.28,0.0
20070308:0710,37.0,45.0,0.0,7.45,3.36,2.21,0.0
20070308:0810,75.0,124.0,0.0,16.61,5.49,1.86,0.0
20070308:0910,114.0,193.0,0.0,24.73,8.02,2.14,0.0
20070308:1010,396.01,120.0,0.0,31.2,10.0,2.41,0.0
20070308:1110,139.0,285.0,0.0,35.31,11.41,2.69,0.0
20070308:1210,186.0,281.0,0.0,36.45,11.89,2.48,0.0
20070308:1310,301.01,210.0,0.0,34.44,12.33,2.28,0.0
20070308:1410,160.0,225.0,0.0,29.6,12.81,2.41,0.0
20070308:1510,14.0,165.0,0.0,22.61,12.65,2.48,0.0
20070308:1610,77.0,98.0,0.0,14.14,12.33,2.41,0.0
20070308:1710,26.0,18.6,0.0,4.77,11.61,1.45,0.0
20070308:1810,0.0,0.0,0.0,0.0,10.22,2.0,0.0
20070308:1910,0.0,0.0,0.0,0.0,8.03,2.21,0.0
20070308:2010,0.0,0.0,0.0,0.0,6.82,2.34,0.0
20070308:2110,0.0,0.0,0.0,0.0,5.87,2.28,0.0
20070308:2210,0.0,0.0,0.0,0.0,5.48,2.07,0.0
20070308:2310,0.0,0.0,0.0,0.0,5.03,2.07,0.0
20070309:0010,0.0,0.0,0.0,0.0,4.78,2.21,0.0
20070309:0110,0.0,0.0,0.0,0.0,4.67,2.28,0.0
20070309:0210,0.0,0.0,0.0,0.0,4.57,2.48,0.0
20070309:0310,0.0,0.0,0.0,0.0,4.71,2.48,0.0
20070309:0410,0.0,0.0,0.0,0.0,4.77,2.48,0.0
20070309:0510,0.0,0.0,0.0,0.0,5.01,2.69,0.0
20070309:0610,0.0,0.0,0.0,0.0,5.42,2.9,0.0
20070309:0710,4.0,45.0,0.0,7.79,5.65,3.03,0.0
20070309:0810,0.0,82.0,0.0,16.97,6.7,3.17,0.0
20070309:0910,10.0,174.0,0.0,25.1,7.88,4.0,0.0
20070309:1010,0.0,64.0,0.0,31.59,8.49,4.28,0.0
20070309:1110,0.0,110.0,0.0,35.7,8.92,4.97,0.0
20070309:1210,0.0,60.0,0.0,36.84,8.38,5.1,0.0
20070309:1310,1.0,187.0,0.0,34.81,8.34,4.55,0.0
20070309:1410,0.0,81.0,0.0,29.94,8.62,4.69,0.0
20070309:1510,78.0,181.0,0.0,22.91,9.43,5.72,0.0
20070309:1610,93.0,93.0,0.0,14.42,9.44,6.41,0.0
20070309:1710,23.0,21.9,0.0,5.03,8.92,5.72,0.0
20070309:1810,0.0,0.0,0.0,0.0,7.93,5.03,0.0
20070309:1910,0.0,0.0,0.0,0.0,7.48,4.55,0.0
20070309:2010,0.0,0.0,0.0,0.0,6.67,3.72,0.0
20070309:2110,0.0,0.0,0.0,0.0,5.86,3.31,0.0
20070309:2210,0.0,0.0,0.0,0.0,5.37,3.52,0.0
20070309:2310,0.0,0.0,0.0,0.0,5.2,3.59,0.0
20070310:0010,0.0,0.0,0.0,0.0,4.94,3.38,0.0
20070310:0110,0.0,0.0,0.0,0.0,4.46,3.03,0.0
20070310:0210,0.0,0.0,0.0,0.0,3.88,2.76,0.0
20070310:0310,0.0,0.0,0.0,0.0,3.27,2.55,0.0
20070310:0410,0.0,0.0,0.0,0.0,2.7,2.41,0.0
20070310:0510,0.0,0.0,0.0,0.0,2.2,2.34,0.0
20070310:0610,0.0,0.0,0.0,0.0,1.75,2.28,0.0
20070310:0710,56.0,44.0,0.0,8.13,1.76,2.0,0.0
20070310:0810,194.01,77.0,0.0,17.32,4.21,1.72,0.0
20070310:0910,320.01,100.0,0.0,25.47,6.83,1.93,0.0
20070310:1010,409.01,122.0,0.0,31.97,8.65,1.86,0.0
20070310:1110,473.01,129.0,0.0,36.1,9.78,1.59,0.0
20070310:1210,472.01,142.0,0.0,37.23,10.68,1.72,0.0
20070310:1310,472.01,121.0,0.0,35.17,11.29,1.93,0.0
20070310:1410,388.01,115.0,0.0,30.27,11.77,2.14,0.0
20070310:1510,275.01,99.0,0.0,23.21,11.95,2.21,0.0
20070310:1610,146.0,72.0,0.0,14.69,11.75,2.0,0.0
20070310:1710,19.0,26.39,0.0,5.29,11.15,1.17,0.0
20070310:1810,0.0,0.0,0.0,0.0,10.34,0.41,0.0
20070310:1910,0.0,0.0,0.0,0.0,9.98,0.34,0.0
20070310:2010,0.0,0.0,0.0,0.0,9.3,0.55,0.0
20070310:2110,0.0,0.0,0.0,0.0,8.29,0.97,0.0
20070310:2210,0.0,0.0,0.0,0.0,6.05,1.24,0.0
20070310:2310,0.0,0.0,0.0,0.0,5.3,1.24,0.0
20070311:0010,0.0,0.0,0.0,0.0,4.28,1.38,0.0
20070311:0110,0.0,0.0,0.0,0.0,3.29,1.59,0.0
20070311:0210,0.0,0.0,0.0,0.0,3.05,1.38,0.0
20070311:0310,0.0,0.0,0.0,0.0,3.97,0.97,0.0
20070311:0410,0.0,0.0,0.0,0.0,4.32,0.48,0.0
20070311:0510,0.0,0.0,0.0,0.0,4.2,0.41,0.0
20070311:0610,0.0,0.0,0.0,0.0,4.02,0.76,0.0
20070311:0710,63.0,45.0,0.0,8.47,3.21,0.9,0.0
20070311:0810,196.0,78.0,0.0,17.68,4.52,0.55,0.0
20070311:0910,317.01,103.0,0.0,25.85,7.6,0.76,0.0
20070311:1010,416.01,119.0,0.0,32.36,9.97,0.83,0.0
20070311:1110,472.01,131.0,0.0,36.5,11.31,0.34,0.0
20070311:1210,480.01,138.0,0.0,37.62,12.16,0.62,0.0
20070311:1310,458.01,129.0,0.0,35.54,13.06,1.24,0.0
20070311:1410,388.01,116.0,0.0,30.6,13.43,1.72,0.0
20070311:1510,279.01,98.0,0.0,23.51,13.56,1.86,0.0
20070311:1610,145.0,74.0,0.0,14.97,13.21,1.79,0.0
20070311:1710,29.0,23.51,0.0,5.55,12.29,1.72,0.0
20070311:1810,0.0,0.0,0.0,0.0,10.39,2.28,0.0
20070311:1910,0.0,0.0,0.0,0.0,9.19,2.28,0.0
20070311:2010,0.0,0.0,0.0,0.0,7.91,2.28,0.0
20070311:2110,0.0,0.0,0.0,0.0,6.73,2.28,0.0
20070311:2210,0.0,0.0,0.0,0.0,5.75,2.21,0.0
20070311:2310,0.0,0.0,0.0,0.0,4.84,2.14,0.0
20070312:0010,0.0,0.0,0.0,0.0,3.98,2.14,0.0
20070312:0110,0.0,0.0,0.0,0.0,3.09,2.0,0.0
20070312:0210,0.0,0.0,0.0,0.0,2.21,1.86,0.0
20070312:0310,0.0,0.0,0.0,0.0,1.48,1.86,0.0
20070312:0410,0.0,0.0,0.0,0.0,0.84,1.79,0.0
20070312:0510,0.0,0.0,0.0,0.0,0.19,1.86,0.0
20070312:0610,0.0,0.0,0.0,0.0,-0.37,1.93,0.0
20070312:0710,59.0,51.0,0.0,8.82,0.23,1.52,0.0
20070312:0810,189.0,87.0,0.0,18.03,3.78,1.03,0.0
20070312:0910,329.01,104.0,0.0,26.22,6.65,0.76,0.0
20070312:1010,436.01,116.0,0.0,32.75,9.02,0.55,0.0
20070312:1110,487.01,130.0,0.0,36.9,11.02,0.34,0.0
20070312:1210,494.01,138.0,0.0,38.01,12.36,0.28,0.0
20070312:1310,479.01,125.0,0.0,35.9,13.17,0.41,0.0
20070312:1410,400.01,116.0,0.0,30.93,13.61,0.55,0.0
20070312:1510,281.01,103.0,0.0,23.81,13.79,0.62,0.0
20070312:1610,153.0,74.0,0.0,15.24,13.66,0.62,0.0
20070312:1710,33.0,31.0,0.0,5.81,13.22,0.41,0.0
20070312:1810,0.0,0.0,0.0,0.0,12.41,0.41,0.0
20070312:1910,0.0,0.0,0.0,0.0,11.78,0.48,0.0
20070312:2010,0.0,0.0,0.0,0.0,10.82,0.14,0.0
20070312:2110,0.0,0.0,0.0,0.0,10.07,0.21,0.0
20070312:2210,0.0,0.0,0.0,0.0,9.23,0.41,0.0
20070312:2310,0.0,0.0,0.0,0.0,8.42,0.83,0.0
20070313:0010,0.0,0.0,0.0,0.0,6.61,1.17,0.0
20070313:0110,0.0,0.0,0.0,0.0,4.24,1.59,0.0
20070313:0210,0.0,0.0,0.0,0.0,2.82,1.86,0.0
20070313:0310,0.0,0.0,0.0,0.0,2.13,1.79,0.0
20070313:0410,0.0,0.0,0.0,0.0,1.76,1.72,0.0
20070313:0510,0.0,0.0,0.0,0.0,1.26,1.66,0.0
20070313:0610,0.0,0.0,0.0,0.0,0.71,1.72,0.0
20070313:0710,64.0,51.0,0.0,9.16,1.32,1.59,0.0
20070313:0810,193.0,87.0,0.0,18.39,5.29,1.24,0.0
20070313:0910,313.01,114.0,0.0,26.6,8.78,1.38,0.0
20070313:1010,413.01,129.0,0.0,33.14,11.11,1.45,0.0
20070313:1110,475.01,138.0,0.0,37.3,12.79,1.52,0.0
20070313:1210,492.01,139.0,0.0,38.41,13.9,1.72,0.0
20070313:1310,477.01,125.0,0.0,36.27,14.55,2.28,0.0
20070313:1410,392.01,120.0,0.0,31.26,14.76,2.55,0.0
20070313:1510,296.01,96.0,0.0,24.11,14.69,2.83,0.0
20070313:1610,153.0,76.0,0.0,15.51,14.32,2.83,0.0
20070313:1710,11.0,38.0,0.0,6.06,13.21,2.14,0.0
20070313:1810,0.0,0.0,0.0,0.0,11.39,2.41,0.0
20070313:1910,0.0,0.0,0.0,0.0,9.99,2.55,0.0
20070313:2010,0.0,0.0,0.0,0.0,9.42,2.69,0.0
20070313:2110,0.0,0.0,0.0,0.0,9.1,2.97,0.0
20070313:2210,0.0,0.0,0.0,0.0,9.0,3.1,0.0
20070313:2310,0.0,0.0,0.0,0.0,8.46,3.1,0.0
20070314:0010,0.0,0.0,0.0,0.0,8.14,2.97,0.0
20070314:0110,0.0,0.0,0.0,0.0,7.71,2.83,0.0
20070314:0210,0.0,0.0,0.0,0.0,7.01,2.69,0.0
20070314:0310,0.0,0.0,0.0,0.0,6.63,2.62,0.0
20070314:0410,0.0,0.0,0.0,0.0,5.82,2.55,0.0
20070314:0510,0.0,0.0,0.0,0.0,5.27,2.41,0.0
20070314:0610,0.0,0.0,0.0,0.0,4.56,2.41,0.0
20070314:0710,65.0,54.0,0.0,9.51,4.97,2.21,0.0
20070314:0810,183.0,97.0,0.0,18.75,6.49,2.9,0.0
20070314:0910,306.01,122.0,0.0,26.97,8.4,2.83,0.0
20070314:1010,427.01,125.0,0.0,33.54,10.36,2.76,0.0
20070314:1110,481.01,138.0,0.0,37.7,12.23,2.83,0.0
20070314:1210,515.01,129.0,0.0,38.8,13.4,3.03,0.0
20070314:1310,482.01,126.0,0.0,36.63,14.09,3.24,0.0
20070314:1410,396.01,122.0,0.0,31.59,14.3,3.45,0.0
20070314:1510,284.01,105.0,0.0,24.4,14.12,3.59,0.0
20070314:1610,154.0,78.0,0.0,15.78,13.7,3.31,0.0
20070314:1710,35.0,34.0,0.0,6.32,12.79,2.69,0.0
20070314:1810,0.0,0.0,0.0,0.0,10.83,2.76,0.0
20070314:1910,0.0,0.0,0.0,0.0,9.27,3.03,0.0
20070314:2010,0.0,0.0,0.0,0.0,8.26,3.03,0.0
20070314:2110,0.0,0.0,0.0,0.0,7.37,2.97,0.0
20070314:2210,0.0,0.0,0.0,0.0,6.66,2.76,0.0
20070314:2310,0.0,0.0,0.0,0.0,5.95,2.62,0.0
20070315:0010,0.0,0.0,0.0,0.0,5.46,2.48,0.0
20070315:0110,0.0,0.0,0.0,0.0,4.93,2.41,0.0
20070315:0210,0.0,0.0,0.0,0.0,4.43,2.34,0.0
20070315:0310,0.0,0.0,0.0,0.0,4.1,2.21,0.0
20070315:0410,0.0,0.0,0.0,0.0,3.76,2.14,0.0
20070315:0510,0.0,0.0,0.0,0.0,3.39,2.14,0.0
20070315:0610,0.0,0.0,0.0,0.0,3.15,2.0,0.0
20070315:0710,65.0,59.0,0.0,9.86,2.91,1.66,0.0
20070315:0810,181.0,103.0,0.0,19.11,5.31,1.45,0.0
20070315:0910,303.01,130.0,0.0,27.35,7.74,1.31,0.0
20070315:1010,413.01,140.0,0.0,33.93,9.91,1.24,0.0
20070315:1110,492.01,138.0,0.0,38.1,11.74,1.38,0.0
20070315:1210,526.01,129.0,0.0,39.19,13.16,1.59,0.0
20070315:1310,484.01,131.0,0.0,37.0,14.01,1.59,0.0
20070315:1410,398.01,127.0,0.0,31.92,14.32,1.45,0.0
20070315:1510,271.01,117.0,0.0,24.7,14.27,1.52,0.0
20070315:1610,146.0,86.0,0.0,16.05,14.01,1.79,0.0
20070315:1710,31.0,39.0,0.0,6.57,13.14,1.59,0.0
20070315:1810,0.0,0.0,0.0,0.0,11.5,2.14,0.0
20070315:1910,0.0,0.0,0.0,0.0,9.74,2.41,0.0
20070315:2010,0.0,0.0,0.0,0.0,8.58,2.48,0.0
20070315:2110,0.0,0.0,0.0,0.0,7.58,2.48,0.0
20070315:2210,0.0,0.0,0.0,0.0,6.83,2.48,0.0
20070315:2310,0.0,0.0,0.0,0.0,5.96,2.55,0.0
20070316:0010,0.0,0.0,0.0,0.0,5.31,2.69,0.0
20070316:0110,0.0,0.0,0.0,0.0,4.7,2.62,0.0
20070316:0210,0.0,0.0,0.0,0.0,4.23,2.41,0.0
20070316:0310,0.0,0.0,0.0,0.0,3.66,2.34,0.0
20070316:0410,0.0,0.0,0.0,0.0,3.13,2.28,0.0
20070316:0510,0.0,0.0,0.0,0.0,2.57,2.0,0.0
20070316:0610,0.0,0.0,0.0,0.0,2.03,1.86,0.0
20070316:0710,80.0,55.0,0.0,10.21,2.56,2.07,0.0
20070316:0810,186.0,104.0,0.0,19.48,3.7,2.07,0.0
20070316:0910,66.0,226.0,0.0,27.73,5.31,2.14,0.0
20070316:1010,292.01,213.0,0.0,34.33,6.9,2.07,0.0
20070316:1110,497.01,139.0,0.0,38.5,8.43,1.86,0.0
20070316:1210,523.01,135.0,0.0,39.58,9.76,2.07,0.0
20070316:1310,389.01,192.0,0.0,37.36,11.09,2.55,0.0
20070316:1410,320.01,176.0,0.0,32.25,11.38,2.76,0.0
20070316:1510,286.01,112.0,0.0,24.99,11.64,2.97,0.0
20070316:1610,35.0,126.0,0.0,16.32,11.39,2.83,0.0
20070316:1710,9.0,43.0,0.0,6.83,10.96,1.93,0.0
20070316:1810,0.0,0.0,0.0,0.0,10.25,1.38,0.0
20070316:1910,0.0,0.0,0.0,0.0,9.45,1.59,0.0
20070316:2010,0.0,0.0,0.0,0.0,8.68,2.0,0.0
20070316:2110,0.0,0.0,0.0,0.0,8.19,2.07,0.0
20070316:2210,0.0,0.0,0.0,0.0,7.74,2.21,0.0
20070316:2310,0.0,0.0,0.0,0.0,6.98,2.55,0.0
20070317:0010,0.0,0.0,0.0,0.0,7.19,2.76,0.0
20070317:0110,0.0,0.0,0.0,0.0,7.08,2.83,0.0
20070317:0210,0.0,0.0,0.0,0.0,6.29,2.97,0.0
20070317:0310,0.0,0.0,0.0,0.0,5.84,2.97,0.0
20070317:0410,0.0,0.0,0.0,0.0,5.41,2.83,0.0
20070317:0510,0.0,0.0,0.0,0.0,5.38,2.76,0.0
20070317:0610,0.0,0.0,0.0,0.0,5.63,2.83,0.0
20070317:0710,5.0,64.0,0.0,10.56,6.7,2.55,0.0
20070317:0810,16.0,142.0,0.0,19.84,7.53,2.97,0.0
20070317:0910,18.0,204.0,0.0,28.11,8.63,3.59,0.0
20070317:1010,0.0,179.0,0.0,34.72,9.28,3.79,0.0
20070317:1110,11.0,260.0,0.0,38.9,10.14,3.86,0.0
20070317:1210,0.0,150.0,0.0,39.98,11.02,3.86,0.0
20070317:1310,0.0,111.0,0.0,37.73,11.7,3.66,0.0
20070317:1410,0.0,139.0,0.0,32.58,12.16,3.59,0.0
20070317:1510,0.0,90.0,0.0,25.29,12.27,3.31,0.0
20070317:1610,2.0,91.0,0.0,16.59,12.28,3.31,0.0
20070317:1710,2.0,37.0,0.0,7.08,12.26,3.1,0.0
20070317:1810,0.0,0.0,0.0,0.0,11.65,2.97,0.0
20070317:1910,0.0,0.0,0.0,0.0,10.53,3.52,0.0
20070317:2010,0.0,0.0,0.0,0.0,10.24,3.79,0.0
20070317:2110,0.0,0.0,0.0,0.0,9.75,4.14,0.0
20070317:2210,0.0,0.0,0.0,0.0,9.27,4.48,0.0
20070317:2310,0.0,0.0,0.0,0.0,8.84,4.55,0.0
20070318:0010,0.0,0.0,0.0,0.0,8.67,4.48,0.0
20070318:0110,0.0,0.0,0.0,0.0,8.64,4.48,0.0
20070318:0210,0.0,0.0,0.0,0.0,8.93,4.69,0.0
20070318:0310,0.0,0.0,0.0,0.0,9.06,5.17,0.0
20070318:0410,0.0,0.0,0.0,0.0,8.9,5.93,0.0
20070318:0510,0.0,0.0,0.0,0.0,8.24,6.34,0.0
20070318:0610,0.0,0.0,0.0,0.0,7.62,6.41,0.0
20070318:0710,7.0,70.0,0.0,10.91,7.84,6.9,0.0
20070318:0810,13.0,143.0,0.0,20.2,8.1,8.21,0.0
20070318:0910,0.0,114.0,0.0,28.49,8.25,7.52,0.0
20070318:1010,0.0,104.0,0.0,35.12,7.95,7.45,0.0
20070318:1110,0.0,181.0,0.0,39.31,8.21,7.59,0.0
20070318:1210,0.0,83.0,0.0,40.37,8.54,7.38,0.0
20070318:1310,6.0,239.0,0.0,38.09,8.53,6.34,0.0
20070318:1410,271.01,204.0,0.0,32.91,8.3,5.72,0.0
20070318:1510,55.0,205.0,0.0,25.58,8.4,5.38,0.0
20070318:1610,5.0,106.0,0.0,16.86,8.27,5.52,0.0
20070318:1710,13.0,48.0,0.0,7.33,7.48,6.14,0.0
20070318:1810,0.0,0.0,0.0,0.0,6.59,5.45,0.0
20070318:1910,0.0,0.0,0.0,0.0,6.03,4.48,0.0
20070318:2010,0.0,0.0,0.0,0.0,5.34,4.62,0.0
20070318:2110,0.0,0.0,0.0,0.0,4.72,4.97,0.0
20070318:2210,0.0,0.0,0.0,0.0,4.55,5.52,0.0
20070318:2310,0.0,0.0,0.0,0.0,4.33,5.79,0.0
20070319:0010,0.0,0.0,0.0,0.0,3.99,5.72,0.0
20070319:0110,0.0,0.0,0.0,0.0,3.77,5.45,0.0
20070319:0210,0.0,0.0,0.0,0.0,3.68,5.31,0.0
20070319:0310,0.0,0.0,0.0,0.0,3.59,5.45,0.0
20070319:0410,0.0,0.0,0.0,0.0,3.27,6.0,0.0
20070319:0510,0.0,0.0,0.0,0.0,2.86,5.45,0.0
20070319:0610,0.0,0.0,0.0,0.0,2.23,4.76,0.0
20070319:0710,7.0,74.0,0.0,11.26,1.57,4.14,0.0
20070319:0810,176.0,122.0,0.0,20.56,1.96,4.9,0.0
20070319:0910,156.0,218.0,0.0,28.87,2.99,5.03,0.0
20070319:1010,4.0,221.0,0.0,35.51,4.31,5.1,0.0
20070319:1110,98.0,325.0,0.0,39.71,5.24,5.1,0.0
20070319:1210,1.0,215.0,0.0,40.76,5.81,5.17,0.0
20070319:1310,109.0,315.0,0.0,38.46,6.2,5.31,0.0
20070319:1410,0.0,73.0,0.0,33.23,5.85,5.31,0.0
20070319:1510,10.0,181.0,0.0,25.87,5.63,5.31,0.0
20070319:1610,0.0,25.0,0.0,17.12,4.5,5.86,0.0
20070319:1710,25.0,50.0,0.0,7.58,3.68,5.66,0.0
20070319:1810,0.0,0.0,0.0,0.0,3.34,4.62,0.0
20070319:1910,0.0,0.0,0.0,0.0,3.21,4.0,0.0
20070319:2010,0.0,0.0,0.0,0.0,2.51,4.21,0.0
20070319:2110,0.0,0.0,0.0,0.0,1.87,3.72,0.0
20070319:2210,0.0,0.0,0.0,0.0,1.24,3.17,0.0
20070319:2310,0.0,0.0,0.0,0.0,0.78,3.38,0.0
20070320:0010,0.0,0.0,0.0,0.0,0.39,3.38,0.0
20070320:0110,0.0,0.0,0.0,0.0,-0.01,3.31,0.0
20070320:0210,0.0,0.0,0.0,0.0,-0.27,3.24,0.0
20070320:0310,0.0,0.0,0.0,0.0,-0.41,3.24,0.0
20070320:0410,0.0,0.0,0.0,0.0,-0.46,3.38,0.0
20070320:0510,0.0,0.0,0.0,0.0,-0.44,3.52,0.0
20070320:0610,0.0,5.0,0.0,1.82,-0.34,3.59,0.0
20070320:0710,3.0,68.0,0.0,11.62,0.63,3.59,0.0
20070320:0810,5.0,136.0,0.0,20.93,1.81,4.62,0.0
20070320:0910,0.0,119.0,0.0,29.24,2.97,5.52,0.0
20070320:1010,57.0,291.0,0.0,35.91,3.87,4.9,0.0
20070320:1110,1.0,226.0,0.0,40.11,5.28,4.55,0.0
20070320:1210,0.0,94.0,0.0,41.15,6.8,4.21,0.0
20070320:1310,7.0,250.0,0.0,38.82,7.56,3.86,0.0
20070320:1410,96.0,276.0,0.0,33.56,7.65,3.86,0.0
20070320:1510,268.01,137.0,0.0,26.16,6.51,4.69,0.0
20070320:1610,32.0,134.0,0.0,17.39,5.46,5.45,0.0
20070320:1710,0.0,32.0,0.0,7.83,4.63,6.14,0.0
20070320:1810,0.0,0.0,0.0,0.0,3.86,6.28,0.0
20070320:1910,0.0,0.0,0.0,0.0,3.68,5.52,0.0
20070320:2010,0.0,0.0,0.0,0.0,3.42,5.45,0.0
20070320:2110,0.0,0.0,0.0,0.0,2.9,5.59,0.0
20070320:2210,0.0,0.0,0.0,0.0,2.47,5.59,0.0
20070320:2310,0.0,0.0,0.0,0.0,1.86,5.52,0.0
20070321:0010,0.0,0.0,0.0,0.0,1.46,5.31,0.0
20070321:0110,0.0,0.0,0.0,0.0,1.18,4.97,0.0
20070321:0210,0.0,0.0,0.0,0.0,0.94,4.69,0.0
20070321:0310,0.0,0.0,0.0,0.0,0.6,4.62,0.0
20070321:0410,0.0,0.0,0.0,0.0,0.57,4.62,0.0
20070321:0510,0.0,0.0,0.0,0.0,0.69,4.55,0.0
20070321:0610,0.0,9.0,0.0,2.16,1.18,4.55,0.0
20070321:0710,16.0,87.0,0.0,11.97,1.23,4.34,0.0
20070321:0810,0.0,81.0,0.0,21.29,2.52,6.34,0.0
20070321:0910,1.0,165.0,0.0,29.62,3.82,7.1,0.0
20070321:1010,0.0,170.0,0.0,36.3,4.41,6.28,0.0
20070321:1110,71.0,330.0,0.0,40.51,5.52,6.28,0.0
20070321:1210,36.0,319.0,0.0,41.54,6.35,5.59,0.0
20070321:1310,232.0,289.0,0.0,39.18,7.22,5.52,0.0
20070321:1410,0.0,115.0,0.0,33.88,7.76,5.93,0.0
20070321:1510,0.0,43.0,0.0,26.45,7.75,6.07,0.0
20070321:1610,81.0,132.0,0.0,17.65,6.06,6.14,0.0
20070321:1710,63.0,41.0,0.0,8.08,5.81,5.17,0.0
20070321:1810,0.0,0.0,0.0,0.0,5.2,4.9,0.0
20070321:1910,0.0,0.0,0.0,0.0,4.54,4.55,0.0
20070321:2010,0.0,0.0,0.0,0.0,3.97,4.55,0.0
20070321:2110,0.0,0.0,0.0,0.0,3.81,4.34,0.0
20070321:2210,0.0,0.0,0.0,0.0,3.57,4.21,0.0
20070321:2310,0.0,0.0,0.0,0.0,3.18,4.21,0.0
20070322:0010,0.0,0.0,0.0,0.0,2.67,4.14,0.0
20070322:0110,0.0,0.0,0.0,0.0,2.4,4.0,0.0
20070322:0210,0.0,0.0,0.0,0.0,2.11,3.86,0.0
20070322:0310,0.0,0.0,0.0,0.0,1.86,3.79,0.0
20070322:0410,0.0,0.0,0.0,0.0,1.85,3.72,0.0
20070322:0510,0.0,0.0,0.0,0.0,1.66,3.66,0.0
20070322:0610,4.0,10.27,0.0,2.51,1.7,3.72,0.0
20070322:0710,54.0,87.0,0.0,12.32,3.01,3.66,0.0
20070322:0810,11.0,153.0,0.0,21.66,3.46,3.66,0.0
20070322:0910,3.0,182.0,0.0,30.0,4.31,4.28,0.0
20070322:1010,0.0,137.0,0.0,36.7,5.06,4.76,0.0
20070322:1110,0.0,138.0,0.0,40.92,5.74,4.76,0.0
20070322:1210,158.0,333.0,0.0,41.93,6.1,4.41,0.0
20070322:1310,36.0,303.0,0.0,39.54,6.66,4.28,0.0
20070322:1410,205.0,250.0,0.0,34.2,7.27,4.21,0.0
20070322:1510,178.0,187.0,0.0,26.74,7.42,4.21,0.0
20070322:1610,37.0,140.0,0.0,17.92,7.37,4.14,0.0
20070322:1710,27.0,56.0,0.0,8.33,6.98,3.52,0.0
20070322:1810,0.0,0.0,0.0,0.0,6.3,2.83,0.0
20070322:1910,0.0,0.0,0.0,0.0,5.54,2.97,0.0
20070322:2010,0.0,0.0,0.0,0.0,4.85,3.1,0.0
20070322:2110,0.0,0.0,0.0,0.0,4.23,3.24,0.0
20070322:2210,0.0,0.0,0.0,0.0,3.5,3.17,0.0
20070322:2310,0.0,0.0,0.0,0.0,3.32,3.17,0.0
20070323:0010,0.0,0.0,0.0,0.0,3.12,3.24,0.0
20070323:0110,0.0,0.0,0.0,0.0,2.79,3.52,0.0
20070323:0210,0.0,0.0,0.0,0.0,2.35,3.72,0.0
20070323:0310,0.0,0.0,0.0,0.0,1.82,3.59,0.0
20070323:0410,0.0,0.0,0.0,0.0,1.39,3.38,0.0
20070323:0510,0.0,0.0,0.0,0.0,0.71,3.31,0.0
20070323:0610,5.0,12.98,0.0,2.86,0.22,3.38,0.0
20070323:0710,107.0,68.0,0.0,12.67,1.15,3.31,0.0
20070323:0810,187.0,132.0,0.0,22.02,3.42,4.69,0.0
20070323:0910,12.0,215.0,0.0,30.38,4.69,5.1,0.0
20070323:1010,0.0,122.0,0.0,37.09,5.55,5.1,0.0
20070323:1110,0.0,214.0,0.0,41.32,5.79,4.97,0.0
20070323:1210,0.0,129.0,0.0,42.33,5.75,4.76,0.0
20070323:1310,0.0,91.0,0.0,39.9,6.25,4.76,0.0
20070323:1410,0.0,98.0,0.0,34.52,6.61,4.34,0.0
20070323:1510,0.0,66.0,0.0,27.03,7.02,4.28,0.0
20070323:1610,0.0,83.0,0.0,18.18,6.96,4.0,0.0
20070323:1710,5.0,53.0,0.0,8.58,6.46,3.72,0.0
20070323:1810,0.0,0.0,0.0,0.0,5.5,3.72,0.0
20070323:1910,0.0,0.0,0.0,0.0,4.16,3.72,0.0
20070323:2010,0.0,0.0,0.0,0.0,3.6,3.59,0.0
20070323:2110,0.0,0.0,0.0,0.0,3.05,3.59,0.0
20070323:2210,0.0,0.0,0.0,0.0,2.35,3.52,0.0
20070323:2310,0.0,0.0,0.0,0.0,1.9,3.38,0.0
20070324:0010,0.0,0.0,0.0,0.0,1.55,3.31,0.0
20070324:0110,0.0,0.0,0.0,0.0,1.61,3.31,0.0
20070324:0210,0.0,0.0,0.0,0.0,1.63,3.45,0.0
20070324:0310,0.0,0.0,0.0,0.0,1.26,3.38,0.0
20070324:0410,0.0,0.0,0.0,0.0,1.05,3.24,0.0
20070324:0510,0.0,0.0,0.0,0.0,0.51,3.03,0.0
20070324:0610,11.0,12.86,0.0,3.21,0.08,2.83,0.0
20070324:0710,29.0,95.0,0.0,13.03,1.17,2.69,0.0
20070324:0810,89.0,173.0,0.0,22.38,3.2,4.0,0.0
20070324:0910,14.0,218.0,0.0,30.76,4.86,5.52,0.0
20070324:1010,0.0,188.0,0.0,37.49,6.03,6.07,0.0
20070324:1110,0.0,206.0,0.0,41.72,6.87,6.34,0.0
20070324:1210,0.0,112.0,0.0,42.72,7.12,5.86,0.0
20070324:1310,0.0,106.0,0.0,40.26,7.35,5.03,0.0
20070324:1410,0.0,60.0,0.0,34.84,7.49,5.03,0.0
20070324:1510,1.0,150.0,0.0,27.31,7.07,4.76,0.0
20070324:1610,0.0,42.0,0.0,18.44,6.95,4.28,0.0
20070324:1710,6.0,55.0,0.0,8.83,6.8,3.79,0.0
20070324:1810,0.0,0.0,0.0,0.0,6.64,3.31,0.0
20070324:1910,0.0,0.0,0.0,0.0,6.11,3.03,0.0
20070324:2010,0.0,0.0,0.0,0.0,6.04,2.9,0.0
20070324:2110,0.0,0.0,0.0,0.0,5.97,2.83,0.0
20070324:2210,0.0,0.0,0.0,0.0,5.87,2.69,0.0
20070324:2310,0.0,0.0,0.0,0.0,5.86,2.41,0.0
20070325:0010,0.0,0.0,0.0,0.0,5.85,2.34,0.0
20070325:0110,0.0,0.0,0.0,0.0,5.8,2.48,0.0
20070325:0210,0.0,0.0,0.0,0.0,5.66,2.48,0.0
20070325:0310,0.0,0.0,0.0,0.0,5.24,2.34,0.0
20070325:0410,0.0,0.0,0.0,0.0,5.28,2.14,0.0
20070325:0510,0.0,0.0,0.0,0.0,5.27,2.14,0.0
20070325:0610,0.0,4.0,0.0,3.55,5.13,2.14,0.0
20070325:0710,3.0,80.0,0.0,13.38,5.42,2.55,0.0
20070325:0810,116.0,168.0,0.0,22.74,5.84,3.03,0.0
20070325:0910,149.0,238.0,0.0,31.14,6.81,4.48,0.0
20070325:1010,107.0,306.0,0.0,37.88,7.9,4.62,0.0
20070325:1110,129.0,336.0,0.0,42.12,8.77,4.48,0.0
20070325:1210,146.0,341.0,0.0,43.1,9.37,4.48,0.0
20070325:1310,283.01,272.0,0.0,40.62,9.34,4.48,0.0
20070325:1410,0.0,161.0,0.0,35.16,9.47,4.41,0.0
20070325:1510,11.0,190.0,0.0,27.59,9.43,4.14,0.0
20070325:1610,41.0,145.0,0.0,18.7,9.15,3.72,0.0
20070325:1710,31.0,61.0,0.0,9.07,9.03,3.17,0.0
20070325:1810,0.0,0.0,0.0,0.0,8.61,2.41,0.0
20070325:1910,0.0,0.0,0.0,0.0,7.2,1.86,0.0
20070325:2010,0.0,0.0,0.0,0.0,6.52,2.14,0.0
20070325:2110,0.0,0.0,0.0,0.0,6.54,2.28,0.0
20070325:2210,0.0,0.0,0.0,0.0,6.14,2.41,0.0
20070325:2310,0.0,0.0,0.0,0.0,5.99,2.34,0.0
20070326:0010,0.0,0.0,0.0,0.0,5.38,2.48,0.0
20070326:0110,0.0,0.0,0.0,0.0,4.52,2.55,0.0
20070326:0210,0.0,0.0,0.0,0.0,4.11,2.55,0.0
20070326:0310,0.0,0.0,0.0,0.0,3.59,2.69,0.0
20070326:0410,0.0,0.0,0.0,0.0,3.21,2.62,0.0
20070326:0510,0.0,0.0,0.0,0.0,2.85,2.48,0.0
20070326:0610,10.0,18.75,0.0,3.9,2.52,2.41,0.0
20070326:0710,139.0,63.0,0.0,13.73,3.43,1.86,0.0
20070326:0810,285.0,89.0,0.0,23.11,5.99,2.28,0.0
20070326:0910,432.01,100.0,0.0,31.52,7.81,2.48,0.0
20070326:1010,546.01,105.0,0.0,38.28,9.44,2.14,0.0
20070326:1110,606.01,112.0,0.0,42.52,10.98,1.93,0.0
20070326:1210,637.01,104.0,0.0,43.49,12.26,2.0,0.0
20070326:1310,605.01,98.0,0.0,40.97,13.44,2.41,0.0
20070326:1410,499.01,104.0,0.0,35.48,14.27,2.62,0.0
20070326:1510,365.01,98.0,0.0,27.88,14.43,2.41,0.0
20070326:1610,216.0,80.0,0.0,18.95,14.3,2.41,0.0
20070326:1710,72.0,49.0,0.0,9.32,13.6,2.07,0.0
20070326:1810,0.0,0.0,0.0,0.0,11.86,2.34,0.0
20070326:1910,0.0,0.0,0.0,0.0,10.43,2.21,0.0
20070326:2010,0.0,0.0,0.0,0.0,9.03,2.14,0.0
20070326:2110,0.0,0.0,0.0,0.0,7.49,2.0,0.0
20070326:2210,0.0,0.0,0.0,0.0,6.12,1.86,0.0
20070326:2310,0.0,0.0,0.0,0.0,5.07,1.86,0.0
20070327:0010,0.0,0.0,0.0,0.0,4.43,1.79,0.0
20070327:0110,0.0,0.0,0.0,0.0,4.12,1.59,0.0
20070327:0210,0.0,0.0,0.0,0.0,3.66,1.52,0.0
20070327:0310,0.0,0.0,0.0,0.0,2.96,1.59,0.0
20070327:0410,0.0,0.0,0.0,0.0,2.52,1.59,0.0
20070327:0510,0.0,0.0,0.0,0.0,2.32,1.45,0.0
20070327:0610,11.0,20.51,0.0,4.25,2.01,1.38,0.0
20070327:0710,140.0,66.0,0.0,14.08,4.29,0.76,0.0
20070327:0810,289.0,91.0,0.0,23.47,7.35,0.62,0.0
20070327:0910,425.01,106.0,0.0,31.9,10.05,0.76,0.0
20070327:1010,542.01,110.0,0.0,38.67,12.22,0.76,0.0
20070327:1110,601.01,117.0,0.0,42.92,13.88,0.69,0.0
20070327:1210,624.01,113.0,0.0,43.88,15.04,0.76,0.0
20070327:1310,507.01,156.0,0.0,41.33,15.49,0.9,0.0
20070327:1410,430.01,144.0,0.0,35.79,15.53,0.9,0.0
20070327:1510,253.0,162.0,0.0,28.16,15.42,0.97,0.0
20070327:1610,15.0,139.0,0.0,19.21,14.62,1.24,0.0
20070327:1710,6.0,59.0,0.0,9.56,13.74,1.45,0.0
20070327:1810,0.0,0.0,0.0,0.0,12.48,1.86,0.0
20070327:1910,0.0,0.0,0.0,0.0,11.81,2.07,0.0
20070327:2010,0.0,0.0,0.0,0.0,10.02,2.0,0.0
20070327:2110,0.0,0.0,0.0,0.0,8.49,1.79,0.0
20070327:2210,0.0,0.0,0.0,0.0,7.21,1.79,0.0
20070327:2310,0.0,0.0,0.0,0.0,6.14,1.86,0.0
20070328:0010,0.0,0.0,0.0,0.0,5.34,1.86,0.0
20070328:0110,0.0,0.0,0.0,0.0,4.84,1.79,0.0
20070328:0210,0.0,0.0,0.0,0.0,4.76,1.52,0.0
20070328:0310,0.0,0.0,0.0,0.0,4.96,1.24,0.0
20070328:0410,0.0,0.0,0.0,0.0,5.55,0.9,0.0
20070328:0510,0.0,0.0,0.0,0.0,5.05,0.83,0.0
20070328:0610,14.0,21.82,0.0,4.59,4.54,0.9,0.0
20070328:0710,149.0,65.0,0.0,14.43,4.75,0.83,0.0
20070328:0810,289.0,93.0,0.0,23.83,8.02,0.83,0.0
20070328:0910,304.01,178.0,0.0,32.27,10.68,0.9,0.0
20070328:1010,491.01,140.0,0.0,39.06,12.75,0.62,0.0
20070328:1110,587.01,126.0,0.0,43.32,14.62,0.55,0.0
20070328:1210,532.01,168.0,0.0,44.27,15.73,0.83,0.0
20070328:1310,518.01,150.0,0.0,41.68,16.23,1.1,0.0
20070328:1410,11.0,244.0,0.0,36.11,16.32,1.31,0.0
20070328:1510,0.0,41.0,0.0,28.44,16.11,1.59,0.0
20070328:1610,0.0,26.0,0.0,19.47,15.03,1.66,0.0
20070328:1710,34.0,67.0,0.0,9.8,14.19,1.66,0.0
20070328:1810,0.0,0.0,0.0,0.0,12.5,1.59,0.0
20070328:1910,0.0,0.0,0.0,0.0,11.16,0.97,0.0
20070328:2010,0.0,0.0,0.0,0.0,9.7,1.24,0.0
20070328:2110,0.0,0.0,0.0,0.0,7.93,1.59,0.0
20070328:2210,0.0,0.0,0.0,0.0,6.98,2.07,0.0
20070328:2310,0.0,0.0,0.0,0.0,6.33,2.34,0.0
20070329:0010,0.0,0.0,0.0,0.0,6.46,2.41,0.0
20070329:0110,0.0,0.0,0.0,0.0,6.12,2.55,0.0
20070329:0210,0.0,0.0,0.0,0.0,5.89,2.41,0.0
20070329:0310,0.0,0.0,0.0,0.0,5.47,2.28,0.0
20070329:0410,0.0,0.0,0.0,0.0,4.99,2.21,0.0
20070329:0510,0.0,0.0,0.0,0.0,4.52,2.14,0.0
20070329:0610,11.0,25.39,0.0,4.94,4.11,2.07,0.0
20070329:0710,102.0,91.0,0.0,14.78,5.9,1.93,0.0
20070329:0810,181.0,154.0,0.0,24.19,8.31,2.48,0.0
20070329:0910,6.0,209.0,0.0,32.65,10.4,3.03,0.0
20070329:1010,69.0,314.0,0.0,39.45,11.59,2.9,0.0
20070329:1110,102.0,348.0,0.0,43.72,12.51,3.03,0.0
20070329:1210,34.0,329.0,0.0,44.65,12.88,3.52,0.0
20070329:1310,112.0,336.0,0.0,42.03,11.85,4.07,0.0
20070329:1410,161.0,281.0,0.0,36.42,11.24,4.41,0.0
20070329:1510,69.0,230.0,0.0,28.71,11.12,3.93,0.0
20070329:1610,109.0,139.0,0.0,19.72,10.87,3.45,0.0
20070329:1710,18.0,69.0,0.0,10.05,10.32,2.76,0.0
20070329:1810,0.0,0.0,0.0,0.0,9.29,2.14,0.0
20070329:1910,0.0,0.0,0.0,0.0,7.77,1.38,0.0
20070329:2010,0.0,0.0,0.0,0.0,7.12,0.9,0.0
20070329:2110,0.0,0.0,0.0,0.0,6.2,0.97,0.0
20070329:2210,0.0,0.0,0.0,0.0,5.71,1.86,0.0
20070329:2310,0.0,0.0,0.0,0.0,5.33,1.86,0.0
20070330:0010,0.0,0.0,0.0,0.0,4.78,1.93,0.0
20070330:0110,0.0,0.0,0.0,0.0,4.1,2.48,0.0
20070330:0210,0.0,0.0,0.0,0.0,4.12,2.83,0.0
20070330:0310,0.0,0.0,0.0,0.0,4.07,2.48,0.0
20070330:0410,0.0,0.0,0.0,0.0,3.92,2.0,0.0
20070330:0510,0.0,0.0,0.0,0.0,3.9,1.52,0.0
20070330:0610,0.0,22.0,0.0,5.28,3.82,1.24,0.0
20070330:0710,0.0,61.0,0.0,15.13,2.58,0.41,0.0
20070330:0810,0.0,122.0,0.0,24.55,2.69,0.41,0.0
20070330:0910,0.0,160.0,0.0,33.02,3.45,0.76,0.0
20070330:1010,0.0,176.0,0.0,39.84,4.08,0.62,0.0
20070330:1110,5.0,271.0,0.0,44.12,5.09,0.21,0.0
20070330:1210,17.0,310.0,0.0,45.04,5.21,0.34,0.0
20070330:1310,211.0,319.0,0.0,42.38,6.05,0.69,0.0
20070330:1410,25.0,272.0,0.0,36.73,6.68,0.62,0.0
20070330:1510,260.0,169.0,0.0,28.99,7.33,0.69,0.0
20070330:1610,106.0,144.0,0.0,19.97,7.53,1.24,0.0
20070330:1710,7.0,66.0,0.0,10.29,7.45,1.45,0.0
20070330:1810,0.0,0.0,0.0,0.0,6.96,1.59,0.0
20070330:1910,0.0,0.0,0.0,0.0,5.06,2.0,0.0
20070330:2010,0.0,0.0,0.0,0.0,3.77,2.34,0.0
20070330:2110,0.0,0.0,0.0,0.0,3.27,2.34,0.0
20070330:2210,0.0,0.0,0.0,0.0,2.62,2.34,0.0
20070330:2310,0.0,0.0,0.0,0.0,2.24,2.14,0.0
20070331:0010,0.0,0.0,0.0,0.0,1.57,2.14,0.0
20070331:0110,0.0,0.0,0.0,0.0,1.31,1.93,0.0
20070331:0210,0.0,0.0,0.0,0.0,1.16,1.66,0.0
20070331:0310,0.0,0.0,0.0,0.0,1.08,1.79,0.0
20070331:0410,0.0,0.0,0.0,0.0,1.07,1.93,0.0
20070331:0510,0.0,0.0,0.0,0.0,1.11,1.93,0.0
20070331:0610,9.0,31.72,0.0,5.63,0.87,1.86,0.0
20070331:0710,39.0,117.0,0.0,15.47,1.73,1.38,0.0
20070331:0810,191.0,159.0,0.0,24.9,3.32,1.45,0.0
20070331:0910,143.0,261.0,0.0,33.39,5.14,1.59,0.0
20070331:1010,163.0,315.0,0.0,40.23,6.81,2.28,0.0
20070331:1110,15.0,304.0,0.0,44.52,7.44,2.28,0.0
20070331:1210,0.0,187.0,0.0,45.42,8.19,2.14,0.0
20070331:1310,0.0,158.0,0.0,42.73,8.53,2.62,0.0
20070331:1410,5.0,230.0,0.0,37.04,8.36,2.97,0.0
20070331:1510,7.0,193.0,0.0,29.26,7.48,2.76,0.0
20070331:1610,11.0,140.0,0.0,20.22,7.28,2.48,0.0
20070331:1710,22.0,74.0,0.0,10.53,6.88,2.07,0.0
20070331:1810,0.0,0.0,0.0,0.0,6.39,1.86,0.0
20070331:1910,0.0,0.0,0.0,0.0,5.87,2.0,0.0
20070331:2010,0.0,0.0,0.0,0.0,4.99,1.79,0.0
20070331:2110,0.0,0.0,0.0,0.0,4.23,1.66,0.0
20070331:2210,0.0,0.0,0.0,0.0,3.48,1.38,0.0
20070331:2310,0.0,0.0,0.0,0.0,3.77,1.03,0.0
20070401:0010,0.0,0.0,0.0,0.0,3.38,1.38,0.0
20070401:0110,0.0,0.0,0.0,0.0,4.17,1.59,0.0
20070401:0210,0.0,0.0,0.0,0.0,4.72,1.86,0.0
20070401:0310,0.0,0.0,0.0,0.0,5.02,2.07,0.0
20070401:0410,0.0,0.0,0.0,0.0,4.97,2.21,0.0
20070401:0510,0.0,0.0,0.0,0.0,4.53,2.21,0.0
20070401:0610,9.0,36.0,0.0,5.97,4.61,2.28,0.0
20070401:0710,139.0,85.0,0.0,15.82,6.07,2.07,0.0
20070401:0810,307.0,100.0,0.0,25.26,7.8,3.24,0.0
20070401:0910,446.01,115.0,0.0,33.76,9.29,3.45,0.0
20070401:1010,562.01,118.0,0.0,40.62,10.76,3.52,0.0
20070401:1110,627.01,121.0,0.0,44.91,12.08,3.52,0.0
20070401:1210,632.01,126.0,0.0,45.8,13.3,3.59,0.0
20070401:1310,583.01,129.0,0.0,43.08,14.23,4.0,0.0
20070401:1410,483.01,129.0,0.0,37.35,14.8,4.55,0.0
20070401:1510,366.01,114.0,0.0,29.54,15.02,4.97,0.0
20070401:1610,194.0,108.0,0.0,20.47,14.93,4.97,0.0
20070401:1710,49.0,72.0,0.0,10.77,14.28,4.07,0.0
20070401:1810,0.0,0.0,0.0,0.0,12.92,3.93,0.0
20070401:1910,0.0,0.0,0.0,0.0,11.84,3.93,0.0
20070401:2010,0.0,0.0,0.0,0.0,11.01,3.72,0.0
20070401:2110,0.0,0.0,0.0,0.0,10.18,3.52,0.0
20070401:2210,0.0,0.0,0.0,0.0,9.45,3.52,0.0
20070401:2310,0.0,0.0,0.0,0.0,8.87,3.45,0.0
20070402:0010,0.0,0.0,0.0,0.0,8.4,3.38,0.0
20070402:0110,0.0,0.0,0.0,0.0,8.07,3.24,0.0
20070402:0210,0.0,0.0,0.0,0.0,7.73,3.17,0.0
20070402:0310,0.0,0.0,0.0,0.0,7.36,3.24,0.0
20070402:0410,0.0,0.0,0.0,0.0,7.02,3.24,0.0
20070402:0510,0.0,0.0,0.0,0.0,6.71,3.17,0.0
20070402:0610,21.0,39.0,0.0,6.31,6.52,3.03,0.0
20070402:0710,128.0,94.0,0.0,16.16,7.93,2.76,0.0
20070402:0810,287.0,113.0,0.0,25.61,10.02,3.24,0.0
20070402:0910,416.01,132.0,0.0,34.13,12.16,3.31,0.0
20070402:1010,532.01,135.0,0.0,41.01,13.95,3.38,0.0
20070402:1110,610.01,131.0,0.0,45.3,15.65,3.52,0.0
20070402:1210,577.01,157.0,0.0,46.18,16.89,3.66,0.0
20070402:1310,483.01,188.0,0.0,43.42,17.71,3.79,0.0
20070402:1410,202.0,277.0,0.0,37.65,17.8,3.86,0.0
20070402:1510,279.0,164.0,0.0,29.81,17.64,3.93,0.0
20070402:1610,210.0,100.0,0.0,20.72,17.28,3.59,0.0
20070402:1710,81.0,60.0,0.0,11.0,16.4,3.24,0.0
20070402:1810,0.0,0.0,0.0,0.0,14.81,2.83,0.0
20070402:1910,0.0,0.0,0.0,0.0,13.32,3.31,0.0
20070402:2010,0.0,0.0,0.0,0.0,12.3,3.45,0.0
20070402:2110,0.0,0.0,0.0,0.0,11.36,3.45,0.0
20070402:2210,0.0,0.0,0.0,0.0,10.58,3.38,0.0
20070402:2310,0.0,0.0,0.0,0.0,9.82,3.31,0.0
20070403:0010,0.0,0.0,0.0,0.0,9.1,3.17,0.0
20070403:0110,0.0,0.0,0.0,0.0,8.46,3.03,0.0
20070403:0210,0.0,0.0,0.0,0.0,7.78,2.97,0.0
20070403:0310,0.0,0.0,0.0,0.0,7.19,3.03,0.0
20070403:0410,0.0,0.0,0.0,0.0,6.72,3.17,0.0
20070403:0510,0.0,0.0,0.0,0.0,6.29,3.38,0.0
20070403:0610,18.0,42.0,0.0,6.65,6.06,3.66,0.0
20070403:0710,127.0,100.0,0.0,16.5,7.53,4.07,0.0
20070403:0810,279.0,125.0,0.0,25.96,8.85,5.24,0.0
20070403:0910,416.01,141.0,0.0,34.5,10.18,5.45,0.0
20070403:1010,534.01,143.0,0.0,41.39,11.51,5.52,0.0
20070403:1110,612.01,139.0,0.0,45.69,12.6,5.66,0.0
20070403:1210,594.01,157.0,0.0,46.56,13.39,5.59,0.0
20070403:1310,546.01,160.0,0.0,43.77,13.82,5.66,0.0
20070403:1410,448.01,159.0,0.0,37.95,13.7,6.14,0.0
20070403:1510,357.01,127.0,0.0,30.08,13.06,6.34,0.0
20070403:1610,232.0,94.0,0.0,20.97,12.23,6.28,0.0
20070403:1710,39.0,79.0,0.0,11.24,11.31,5.79,0.0
20070403:1810,0.0,0.0,0.0,0.0,9.9,6.21,0.0
20070403:1910,0.0,0.0,0.0,0.0,8.36,6.62,0.0
20070403:2010,0.0,0.0,0.0,0.0,7.41,6.14,0.0
20070403:2110,0.0,0.0,0.0,0.0,6.79,5.86,0.0
20070403:2210,0.0,0.0,0.0,0.0,6.78,5.24,0.0
20070403:2310,0.0,0.0,0.0,0.0,6.78,4.9,0.0
20070404:0010,0.0,0.0,0.0,0.0,6.37,4.9,0.0
20070404:0110,0.0,0.0,0.0,0.0,5.72,4.9,0.0
20070404:0210,0.0,0.0,0.0,0.0,5.1,4.97,0.0
20070404:0310,0.0,0.0,0.0,0.0,4.62,5.1,0.0
20070404:0410,0.0,0.0,0.0,0.0,4.25,5.24,0.0
20070404:0510,0.0,0.0,0.0,0.0,3.9,5.45,0.0
20070404:0610,41.0,39.0,0.0,6.98,3.8,5.66,0.0
20070404:0710,173.0,81.0,0.0,16.84,4.35,5.72,0.0
20070404:0810,108.0,208.0,0.0,26.31,5.45,8.48,0.0
20070404:0910,449.01,127.0,0.0,34.87,6.42,8.0,0.0
20070404:1010,468.01,189.0,0.0,41.77,7.4,8.0,0.0
20070404:1110,382.01,278.0,0.0,46.08,8.48,8.28,0.0
20070404:1210,348.01,302.0,0.0,46.93,9.33,8.41,0.0
20070404:1310,478.01,206.0,0.0,44.11,10.14,8.21,0.0
20070404:1410,501.01,132.0,0.0,38.26,10.98,7.93,0.0
20070404:1510,389.01,113.0,0.0,30.34,11.46,7.79,0.0
20070404:1610,242.0,93.0,0.0,21.21,11.34,7.52,0.0
20070404:1710,97.0,60.0,0.0,11.48,10.76,6.28,0.0
20070404:1810,0.0,0.0,0.0,0.0,9.58,5.79,0.0
20070404:1910,0.0,0.0,0.0,0.0,9.0,5.03,0.0
20070404:2010,0.0,0.0,0.0,0.0,8.14,4.9,0.0
20070404:2110,0.0,0.0,0.0,0.0,7.43,4.62,0.0
20070404:2210,0.0,0.0,0.0,0.0,6.74,4.28,0.0
20070404:2310,0.0,0.0,0.0,0.0,6.08,4.07,0.0
20070405:0010,0.0,0.0,0.0,0.0,5.38,4.0,0.0
20070405:0110,0.0,0.0,0.0,0.0,4.76,3.79,0.0
20070405:0210,0.0,0.0,0.0,0.0,4.2,3.59,0.0
20070405:0310,0.0,0.0,0.0,0.0,3.69,3.38,0.0
20070405:0410,0.0,0.0,0.0,0.0,3.21,3.24,0.0
20070405:0510,0.0,0.0,0.0,0.0,2.7,3.17,0.0
20070405:0610,40.0,43.0,0.0,7.32,2.5,3.17,0.0
20070405:0710,150.0,98.0,0.0,17.18,3.96,2.97,0.0
20070405:0810,284.0,133.0,0.0,26.66,6.04,3.45,0.0
20070405:0910,465.01,124.0,0.0,35.23,8.14,3.59,0.0
20070405:1010,493.01,180.0,0.0,42.15,10.08,3.72,0.0
20070405:1110,614.01,149.0,0.0,46.47,11.6,4.0,0.0
20070405:1210,625.01,150.0,0.0,47.31,12.75,4.0,0.0
20070405:1310,564.01,160.0,0.0,44.45,13.6,3.93,0.0
20070405:1410,440.01,174.0,0.0,38.55,14.11,4.0,0.0
20070405:1510,338.0,147.0,0.0,30.61,14.29,4.14,0.0
20070405:1610,189.0,126.0,0.0,21.46,14.1,4.07,0.0
20070405:1710,60.0,79.0,0.0,11.71,13.42,3.24,0.0
20070405:1810,0.0,6.0,0.0,1.82,11.86,3.03,0.0
20070405:1910,0.0,0.0,0.0,0.0,10.35,3.17,0.0
20070405:2010,0.0,0.0,0.0,0.0,9.36,3.17,0.0
20070405:2110,0.0,0.0,0.0,0.0,8.56,3.03,0.0
20070405:2210,0.0,0.0,0.0,0.0,7.77,2.9,0.0
20070405:2310,0.0,0.0,0.0,0.0,7.08,2.76,0.0
20070406:0010,0.0,0.0,0.0,0.0,6.48,2.62,0.0
20070406:0110,0.0,0.0,0.0,0.0,5.97,2.55,0.0
20070406:0210,0.0,0.0,0.0,0.0,5.5,2.48,0.0
20070406:0310,0.0,0.0,0.0,0.0,5.06,2.48,0.0
20070406:0410,0.0,0.0,0.0,0.0,4.68,2.48,0.0
20070406:0510,0.0,0.0,0.0,0.0,4.33,2.41,0.0
20070406:0610,52.0,41.0,0.0,7.65,4.25,2.21,0.0
20070406:0710,166.0,90.0,0.0,17.52,6.09,1.86,0.0
20070406:0810,338.0,103.0,0.0,27.01,8.6,1.93,0.0
20070406:0910,465.01,123.0,0.0,35.59,10.84,2.0,0.0
20070406:1010,586.01,123.0,0.0,42.53,12.92,2.28,0.0
20070406:1110,633.01,135.0,0.0,46.86,14.56,2.62,0.0
20070406:1210,653.01,131.0,0.0,47.68,15.71,2.9,0.0
20070406:1310,566.01,155.0,0.0,44.79,16.49,2.97,0.0
20070406:1410,439.01,172.0,0.0,38.85,16.99,3.1,0.0
20070406:1510,380.01,120.0,0.0,30.87,17.14,3.24,0.0
20070406:1610,229.0,103.0,0.0,21.7,16.94,3.24,0.0
20070406:1710,88.0,68.0,0.0,11.94,16.26,2.62,0.0
20070406:1810,0.0,8.0,0.0,2.05,14.58,2.41,0.0
20070406:1910,0.0,0.0,0.0,0.0,12.8,2.83,0.0
20070406:2010,0.0,0.0,0.0,0.0,11.55,2.83,0.0
20070406:2110,0.0,0.0,0.0,0.0,10.53,2.83,0.0
20070406:2210,0.0,0.0,0.0,0.0,9.71,2.97,0.0
20070406:2310,0.0,0.0,0.0,0.0,8.99,3.03,0.0
20070407:0010,0.0,0.0,0.0,0.0,8.25,3.03,0.0
20070407:0110,0.0,0.0,0.0,0.0,7.56,3.03,0.0
20070407:0210,0.0,0.0,0.0,0.0,6.86,3.03,0.0
20070407:0310,0.0,0.0,0.0,0.0,6.16,3.1,0.0
20070407:0410,0.0,0.0,0.0,0.0,5.61,2.97,0.0
20070407:0510,0.0,0.0,0.0,0.0,5.36,2.76,0.0
20070407:0610,4.0,47.0,0.0,7.98,5.22,2.83,0.0
20070407:0710,21.0,132.0,0.0,17.85,6.49,3.38,0.0
20070407:0810,95.0,218.0,0.0,27.35,8.11,3.52,0.0
20070407:0910,436.01,144.0,0.0,35.95,9.97,4.14,0.0
20070407:1010,533.01,158.0,0.0,42.91,11.88,4.28,0.0
20070407:1110,590.01,165.0,0.0,47.24,13.3,4.21,0.0
20070407:1210,589.01,173.0,0.0,48.05,14.3,4.34,0.0
20070407:1310,603.01,137.0,0.0,45.12,14.83,4.55,0.0
20070407:1410,522.01,127.0,0.0,39.15,14.88,4.9,0.0
20070407:1510,397.01,115.0,0.0,31.14,14.59,5.1,0.0
20070407:1610,257.0,92.0,0.0,21.94,14.03,5.1,0.0
20070407:1710,108.0,62.0,0.0,12.18,13.25,4.48,0.0
20070407:1810,0.0,9.0,0.0,2.29,11.97,4.21,0.0
20070407:1910,0.0,0.0,0.0,0.0,10.02,4.48,0.0
20070407:2010,0.0,0.0,0.0,0.0,9.08,4.34,0.0
20070407:2110,0.0,0.0,0.0,0.0,8.37,4.14,0.0
20070407:2210,0.0,0.0,0.0,0.0,7.8,3.93,0.0
20070407:2310,0.0,0.0,0.0,0.0,7.21,3.72,0.0
20070408:0010,0.0,0.0,0.0,0.0,6.62,3.52,0.0
20070408:0110,0.0,0.0,0.0,0.0,6.08,3.38,0.0
20070408:0210,0.0,0.0,0.0,0.0,5.54,3.31,0.0
20070408:0310,0.0,0.0,0.0,0.0,5.07,3.24,0.0
20070408:0410,0.0,0.0,0.0,0.0,4.68,3.31,0.0
20070408:0510,0.0,0.0,0.0,0.0,4.34,3.31,0.0
20070408:0610,53.0,47.0,0.0,8.31,4.43,3.31,0.0
20070408:0710,194.0,84.0,0.0,18.18,6.18,3.31,0.0
20070408:0810,358.0,102.0,0.0,27.69,8.19,4.0,0.0
20070408:0910,488.01,120.0,0.0,36.31,10.01,4.21,0.0
20070408:1010,588.01,131.0,0.0,43.28,11.57,4.28,0.0
20070408:1110,658.01,131.0,0.0,47.63,12.74,4.34,0.0
20070408:1210,669.01,131.0,0.0,48.42,13.63,4.14,0.0
20070408:1310,619.01,133.0,0.0,45.46,14.25,4.0,0.0
20070408:1410,523.01,130.0,0.0,39.44,14.69,3.86,0.0
20070408:1510,403.01,116.0,0.0,31.4,14.85,3.72,0.0
20070408:1610,259.0,94.0,0.0,22.18,14.72,3.59,0.0
20070408:1710,111.0,63.0,0.0,12.41,14.21,2.9,0.0
20070408:1810,0.0,11.0,0.0,2.52,12.85,2.28,0.0
20070408:1910,0.0,0.0,0.0,0.0,11.24,2.55,0.0
20070408:2010,0.0,0.0,0.0,0.0,9.9,2.55,0.0
20070408:2110,0.0,0.0,0.0,0.0,8.79,2.41,0.0
20070408:2210,0.0,0.0,0.0,0.0,7.76,2.21,0.0
20070408:2310,0.0,0.0,0.0,0.0,6.73,2.21,0.0
20070409:0010,0.0,0.0,0.0,0.0,5.77,2.14,0.0
20070409:0110,0.0,0.0,0.0,0.0,4.95,2.14,0.0
20070409:0210,0.0,0.0,0.0,0.0,4.33,2.14,0.0
20070409:0310,0.0,0.0,0.0,0.0,3.76,2.07,0.0
20070409:0410,0.0,0.0,0.0,0.0,3.27,2.07,0.0
20070409:0510,0.0,0.0,0.0,0.0,2.84,2.07,0.0
20070409:0610,59.0,48.0,0.0,8.64,2.88,1.72,0.0
20070409:0710,200.0,84.0,0.0,18.51,6.34,1.03,0.0
20070409:0810,357.0,104.0,0.0,28.03,9.53,0.97,0.0
20070409:0910,491.01,120.0,0.0,36.66,12.08,1.03,0.0
20070409:1010,590.01,131.0,0.0,43.65,14.06,1.1,0.0
20070409:1110,660.01,131.0,0.0,48.01,15.2,0.97,0.0
20070409:1210,670.01,132.0,0.0,48.79,15.92,0.83,0.0
20070409:1310,628.01,130.0,0.0,45.79,16.46,0.9,0.0
20070409:1410,531.01,127.0,0.0,39.73,16.76,1.03,0.0
20070409:1510,410.01,113.0,0.0,31.66,16.84,1.1,0.0
20070409:1610,254.0,98.0,0.0,22.42,16.7,1.24,0.0
20070409:1710,110.0,65.0,0.0,12.64,16.23,1.31,0.0
20070409:1810,0.0,12.0,0.0,2.75,15.07,1.72,0.0
20070409:1910,0.0,0.0,0.0,0.0,13.12,2.14,0.0
20070409:2010,0.0,0.0,0.0,0.0,11.34,2.21,0.0
20070409:2110,0.0,0.0,0.0,0.0,9.76,2.21,0.0
20070409:2210,0.0,0.0,0.0,0.0,8.47,2.34,0.0
20070409:2310,0.0,0.0,0.0,0.0,7.61,2.48,0.0
20070410:0010,0.0,0.0,0.0,0.0,7.03,2.55,0.0
20070410:0110,0.0,0.0,0.0,0.0,6.6,2.41,0.0
20070410:0210,0.0,0.0,0.0,0.0,6.13,2.21,0.0
20070410:0310,0.0,0.0,0.0,0.0,5.54,2.0,0.0
20070410:0410,0.0,0.0,0.0,0.0,4.79,1.79,0.0
20070410:0510,0.0,0.0,0.0,0.0,4.1,1.93,0.0
20070410:0610,48.0,55.0,0.0,8.96,4.14,1.72,0.0
20070410:0710,178.0,99.0,0.0,18.84,7.71,1.66,0.0
20070410:0810,341.0,115.0,0.0,28.37,10.6,1.72,0.0
20070410:0910,474.01,131.0,0.0,37.01,13.04,1.86,0.0
20070410:1010,585.01,136.0,0.0,44.02,15.11,2.14,0.0
20070410:1110,498.01,229.0,0.0,48.38,16.4,2.34,0.0
20070410:1210,588.01,182.0,0.0,49.15,16.92,2.21,0.0
20070410:1310,614.01,138.0,0.0,46.12,17.41,2.07,0.0
20070410:1410,519.01,135.0,0.0,40.02,17.73,2.0,0.0
20070410:1510,401.01,120.0,0.0,31.91,17.79,2.07,0.0
20070410:1610,248.0,103.0,0.0,22.66,17.54,2.41,0.0
20070410:1710,107.0,69.0,0.0,12.87,16.9,2.34,0.0
20070410:1810,0.0,14.0,0.0,2.98,15.27,2.34,0.0
20070410:1910,0.0,0.0,0.0,0.0,13.47,2.69,0.0
20070410:2010,0.0,0.0,0.0,0.0,12.06,2.62,0.0
20070410:2110,0.0,0.0,0.0,0.0,10.92,2.55,0.0
20070410:2210,0.0,0.0,0.0,0.0,10.13,2.41,0.0
20070410:2310,0.0,0.0,0.0,0.0,9.29,2.55,0.0
20070411:0010,0.0,0.0,0.0,0.0,8.76,2.62,0.0
20070411:0110,0.0,0.0,0.0,0.0,8.71,2.69,0.0
20070411:0210,0.0,0.0,0.0,0.0,8.53,2.69,0.0
20070411:0310,0.0,0.0,0.0,0.0,8.44,2.69,0.0
20070411:0410,0.0,0.0,0.0,0.0,8.33,2.62,0.0
20070411:0510,0.0,0.0,0.0,0.0,8.01,2.62,0.0
20070411:0610,53.0,56.0,0.0,9.29,8.39,2.55,0.0
20070411:0710,195.0,92.0,0.0,19.16,9.6,2.34,0.0
20070411:0810,353.0,111.0,0.0,28.7,11.72,2.9,0.0
20070411:0910,489.01,125.0,0.0,37.36,13.75,3.17,0.0
20070411:1010,593.01,133.0,0.0,44.39,15.5,3.31,0.0
20070411:1110,663.01,132.0,0.0,48.76,17.0,3.66,0.0
20070411:1210,611.01,169.0,0.0,49.51,18.04,4.14,0.0
20070411:1310,614.01,139.0,0.0,46.44,18.48,4.0,0.0
20070411:1410,540.01,125.0,0.0,40.31,18.61,3.79,0.0
20070411:1510,407.01,118.0,0.0,32.17,18.79,3.86,0.0
20070411:1610,253.0,102.0,0.0,22.89,18.52,3.86,0.0
20070411:1710,108.0,70.0,0.0,13.09,17.94,3.31,0.0
20070411:1810,8.0,14.32,0.0,3.21,16.26,2.97,0.0
20070411:1910,0.0,0.0,0.0,0.0,14.62,2.9,0.0
20070411:2010,0.0,0.0,0.0,0.0,13.38,3.03,0.0
20070411:2110,0.0,0.0,0.0,0.0,12.46,3.17,0.0
20070411:2210,0.0,0.0,0.0,0.0,11.75,3.24,0.0
20070411:2310,0.0,0.0,0.0,0.0,11.11,3.17,0.0
20070412:0010,0.0,0.0,0.0,0.0,10.54,3.1,0.0
20070412:0110,0.0,0.0,0.0,0.0,10.03,2.9,0.0
20070412:0210,0.0,0.0,0.0,0.0,9.52,2.76,0.0
20070412:0310,0.0,0.0,0.0,0.0,9.04,2.62,0.0
20070412:0410,0.0,0.0,0.0,0.0,8.59,2.55,0.0
20070412:0510,0.0,0.0,0.0,0.0,8.19,2.55,0.0
20070412:0610,42.0,62.0,0.0,9.6,8.3,2.28,0.0
20070412:0710,210.0,86.0,0.0,19.48,10.16,2.0,0.0
20070412:0810,303.0,139.0,0.0,29.03,12.49,2.07,0.0
20070412:0910,454.01,143.0,0.0,37.71,14.58,1.72,0.0
20070412:1010,571.01,142.0,0.0,44.75,16.55,1.38,0.0
20070412:1110,584.01,175.0,0.0,49.13,18.26,1.17,0.0
20070412:1210,664.01,135.0,0.0,49.87,19.72,1.03,0.0
20070412:1310,347.0,289.0,0.0,46.77,20.77,1.31,0.0
20070412:1410,448.01,176.0,0.0,40.59,21.3,1.66,0.0
20070412:1510,306.0,173.0,0.0,32.42,21.56,2.07,0.0
20070412:1610,180.0,141.0,0.0,23.13,21.37,2.0,0.0
20070412:1710,9.0,87.0,0.0,13.32,19.85,1.86,0.0
20070412:1810,0.0,11.0,0.0,3.44,18.23,2.0,0.0
20070412:1910,0.0,0.0,0.0,0.0,18.95,0.55,0.0
20070412:2010,0.0,0.0,0.0,0.0,16.79,1.03,0.0
20070412:2110,0.0,0.0,0.0,0.0,14.19,1.72,0.0
20070412:2210,0.0,0.0,0.0,0.0,12.99,1.79,0.0
20070412:2310,0.0,0.0,0.0,0.0,12.11,1.66,0.0
20070413:0010,0.0,0.0,0.0,0.0,11.51,1.72,0.0
20070413:0110,0.0,0.0,0.0,0.0,11.35,1.79,0.0
20070413:0210,0.0,0.0,0.0,0.0,11.32,1.93,0.0
20070413:0310,0.0,0.0,0.0,0.0,11.45,2.07,0.0
20070413:0410,0.0,0.0,0.0,0.0,11.61,2.21,0.0
20070413:0510,0.0,0.0,0.0,0.0,11.85,2.34,0.0
20070413:0610,2.0,51.0,0.0,9.92,12.14,2.21,0.0
20070413:0710,39.0,150.0,0.0,19.8,13.13,1.38,0.0
20070413:0810,34.0,222.0,0.0,29.36,15.02,1.03,0.0
20070413:0910,331.0,214.0,0.0,38.05,16.49,0.41,0.0
20070413:1010,435.01,224.0,0.0,45.11,17.53,1.45,0.0
20070413:1110,1.0,250.0,0.0,49.5,20.15,1.59,0.0
20070413:1210,263.0,350.0,0.0,50.23,21.6,1.38,0.0
20070413:1310,337.0,293.0,0.0,47.09,22.47,0.97,0.0
20070413:1410,147.0,315.0,0.0,40.87,22.81,0.41,0.0
20070413:1510,252.0,202.0,0.0,32.67,22.87,0.14,0.0
20070413:1610,7.0,152.0,0.0,23.36,22.74,0.69,0.0
20070413:1710,34.0,97.0,0.0,13.55,22.23,0.97,0.0
20070413:1810,5.0,16.97,0.0,3.67,20.74,1.86,0.0
20070413:1910,0.0,0.0,0.0,0.0,18.42,2.62,0.0
20070413:2010,0.0,0.0,0.0,0.0,17.1,2.83,0.0
20070413:2110,0.0,0.0,0.0,0.0,16.29,2.97,0.0
20070413:2210,0.0,0.0,0.0,0.0,15.39,3.03,0.0
20070413:2310,0.0,0.0,0.0,0.0,14.68,3.24,0.0
20070414:0010,0.0,0.0,0.0,0.0,14.1,3.31,0.0
20070414:0110,0.0,0.0,0.0,0.0,13.62,3.31,0.0
20070414:0210,0.0,0.0,0.0,0.0,13.2,3.17,0.0
20070414:0310,0.0,0.0,0.0,0.0,12.84,3.1,0.0
20070414:0410,0.0,0.0,0.0,0.0,12.56,3.03,0.0
20070414:0510,0.0,0.0,0.0,0.0,12.26,2.9,0.0
20070414:0610,73.0,56.0,0.0,10.23,12.36,2.62,0.0
20070414:0710,155.0,118.0,0.0,20.12,13.57,2.48,0.0
20070414:0810,304.0,141.0,0.0,29.68,15.7,2.34,0.0
20070414:0910,397.01,178.0,0.0,38.39,17.76,2.07,0.0
20070414:1010,537.01,163.0,0.0,45.47,19.71,1.86,0.0
20070414:1110,591.01,170.0,0.0,49.87,21.4,1.93,0.0
20070414:1210,659.01,137.0,0.0,50.58,22.72,2.28,0.0
20070414:1310,601.01,143.0,0.0,47.41,23.65,2.55,0.0
20070414:1410,499.01,145.0,0.0,41.15,24.18,2.83,0.0
20070414:1510,360.0,143.0,0.0,32.92,24.31,3.03,0.0
20070414:1610,217.0,123.0,0.0,23.59,24.17,2.97,0.0
20070414:1710,83.0,86.0,0.0,13.77,23.54,2.28,0.0
20070414:1810,11.0,18.5,0.0,3.9,22.16,2.14,0.0
20070414:1910,0.0,0.0,0.0,0.0,20.3,2.41,0.0
20070414:2010,0.0,0.0,0.0,0.0,18.64,2.48,0.0
20070414:2110,0.0,0.0,0.0,0.0,17.57,2.62,0.0
20070414:2210,0.0,0.0,0.0,0.0,16.75,2.62,0.0
20070414:2310,0.0,0.0,0.0,0.0,15.98,2.48,0.0
20070415:0010,0.0,0.0,0.0,0.0,15.13,2.28,0.0
20070415:0110,0.0,0.0,0.0,0.0,14.28,2.07,0.0
20070415:0210,0.0,0.0,0.0,0.0,13.55,1.93,0.0
20070415:0310,0.0,0.0,0.0,0.0,12.92,1.86,0.0
20070415:0410,0.0,0.0,0.0,0.0,12.34,1.93,0.0
20070415:0510,0.0,0.0,0.0,0.0,11.87,1.93,0.0
20070415:0610,45.0,70.0,0.0,10.54,12.06,1.45,0.0
20070415:0710,156.0,122.0,0.0,20.43,14.15,1.24,0.0
20070415:0810,303.0,147.0,0.0,30.0,16.3,1.1,0.0
20070415:0910,437.01,162.0,0.0,38.72,18.46,0.83,0.0
20070415:1010,549.01,163.0,0.0,45.82,20.4,0.55,0.0
20070415:1110,637.01,149.0,0.0,50.23,22.0,0.55,0.0
20070415:1210,663.01,140.0,0.0,50.93,23.23,0.55,0.0
20070415:1310,613.01,142.0,0.0,47.73,24.1,0.69,0.0
20070415:1410,510.01,144.0,0.0,41.43,24.37,0.83,0.0
20070415:1510,391.0,130.0,0.0,33.17,24.57,0.9,0.0
20070415:1610,185.0,144.0,0.0,23.82,24.36,1.1,0.0
20070415:1710,91.0,85.0,0.0,13.99,23.98,1.17,0.0
20070415:1810,10.0,19.75,0.0,4.13,22.64,1.79,0.0
20070415:1910,0.0,0.0,0.0,0.0,20.49,2.9,0.0
20070415:2010,0.0,0.0,0.0,0.0,18.94,3.03,0.0
20070415:2110,0.0,0.0,0.0,0.0,17.92,2.97,0.0
20070415:2210,0.0,0.0,0.0,0.0,16.95,2.9,0.0
20070415:2310,0.0,0.0,0.0,0.0,16.04,2.9,0.0
20070416:0010,0.0,0.0,0.0,0.0,15.27,2.83,0.0
20070416:0110,0.0,0.0,0.0,0.0,14.64,2.69,0.0
20070416:0210,0.0,0.0,0.0,0.0,14.07,2.62,0.0
20070416:0310,0.0,0.0,0.0,0.0,13.49,2.69,0.0
20070416:0410,0.0,0.0,0.0,0.0,12.95,2.83,0.0
20070416:0510,0.0,0.0,0.0,0.0,12.43,2.83,0.0
20070416:0610,64.0,66.0,0.0,10.85,12.56,2.69,0.0
20070416:0710,187.0,111.0,0.0,20.74,14.09,2.76,0.0
20070416:0810,298.0,155.0,0.0,30.32,16.09,2.9,0.0
20070416:0910,481.01,140.0,0.0,39.06,18.08,2.83,0.0
20070416:1010,498.01,200.0,0.0,46.18,19.99,2.9,0.0
20070416:1110,495.01,240.0,0.0,50.6,21.63,3.1,0.0
20070416:1210,522.01,230.0,0.0,51.28,22.88,3.31,0.0
20070416:1310,509.01,210.0,0.0,48.04,23.74,3.52,0.0
20070416:1410,429.01,197.0,0.0,41.71,24.19,3.66,0.0
20070416:1510,343.0,162.0,0.0,33.41,24.16,3.79,0.0
20070416:1610,121.0,175.0,0.0,24.05,23.79,3.86,0.0
20070416:1710,79.0,93.0,0.0,14.22,22.98,3.31,0.0
20070416:1810,8.0,22.14,0.0,4.35,21.45,3.24,0.0
20070416:1910,0.0,0.0,0.0,0.0,19.65,3.93,0.0
20070416:2010,0.0,0.0,0.0,0.0,18.35,4.14,0.0
20070416:2110,0.0,0.0,0.0,0.0,17.16,3.86,0.0
20070416:2210,0.0,0.0,0.0,0.0,15.82,3.45,0.0
20070416:2310,0.0,0.0,0.0,0.0,14.55,3.38,0.0
20070417:0010,0.0,0.0,0.0,0.0,13.47,3.45,0.0
20070417:0110,0.0,0.0,0.0,0.0,12.49,3.45,0.0
20070417:0210,0.0,0.0,0.0,0.0,11.67,3.31,0.0
20070417:0310,0.0,0.0,0.0,0.0,10.95,3.1,0.0
20070417:0410,0.0,0.0,0.0,0.0,10.38,3.03,0.0
20070417:0510,0.0,0.0,0.0,0.0,9.91,3.1,0.0
20070417:0610,70.0,66.0,0.0,11.15,10.2,3.17,0.0
20070417:0710,178.0,119.0,0.0,21.04,11.61,3.72,0.0
20070417:0810,331.0,140.0,0.0,30.63,13.55,3.93,0.0
20070417:0910,459.01,157.0,0.0,39.39,15.65,4.07,0.0
20070417:1010,551.01,171.0,0.0,46.52,17.49,4.21,0.0
20070417:1110,604.01,178.0,0.0,50.95,18.92,4.41,0.0
20070417:1210,536.01,225.0,0.0,51.63,19.82,4.62,0.0
20070417:1310,130.0,374.0,0.0,48.35,20.27,4.69,0.0
20070417:1410,383.0,226.0,0.0,41.98,20.23,4.83,0.0
20070417:1510,387.0,139.0,0.0,33.66,19.92,4.69,0.0
20070417:1610,248.0,116.0,0.0,24.28,19.45,4.48,0.0
20070417:1710,109.0,82.0,0.0,14.44,18.69,4.07,0.0
20070417:1810,20.0,19.57,0.0,4.58,17.62,3.59,0.0
20070417:1910,0.0,0.0,0.0,0.0,15.69,3.66,0.0
20070417:2010,0.0,0.0,0.0,0.0,14.58,3.52,0.0
20070417:2110,0.0,0.0,0.0,0.0,13.66,3.52,0.0
20070417:2210,0.0,0.0,0.0,0.0,12.65,3.52,0.0
20070417:2310,0.0,0.0,0.0,0.0,11.54,3.38,0.0
20070418:0010,0.0,0.0,0.0,0.0,10.5,3.17,0.0
20070418:0110,0.0,0.0,0.0,0.0,9.63,2.9,0.0
20070418:0210,0.0,0.0,0.0,0.0,8.86,2.62,0.0
20070418:0310,0.0,0.0,0.0,0.0,8.13,2.55,0.0
20070418:0410,0.0,0.0,0.0,0.0,7.44,2.48,0.0
20070418:0510,0.0,5.0,0.0,1.67,6.88,2.48,0.0
20070418:0610,30.0,82.0,0.0,11.45,7.17,2.34,0.0
20070418:0710,155.0,136.0,0.0,21.34,8.42,2.76,0.0
20070418:0810,277.0,177.0,0.0,30.94,9.99,2.83,0.0
20070418:0910,351.0,227.0,0.0,39.71,11.56,3.03,0.0
20070418:1010,421.01,255.0,0.0,46.87,12.88,3.24,0.0
20070418:1110,500.01,248.0,0.0,51.31,14.0,3.38,0.0
20070418:1210,625.01,179.0,0.0,51.97,14.89,3.38,0.0
20070418:1310,598.01,166.0,0.0,48.66,15.49,3.31,0.0
20070418:1410,552.01,134.0,0.0,42.25,15.85,3.31,0.0
20070418:1510,432.0,120.0,0.0,33.9,15.88,3.38,0.0
20070418:1610,284.0,102.0,0.0,24.5,15.69,3.45,0.0
20070418:1710,134.0,73.0,0.0,14.66,15.18,3.45,0.0
20070418:1810,18.0,21.88,0.0,4.8,14.15,2.9,0.0
20070418:1910,0.0,0.0,0.0,0.0,12.62,2.69,0.0
20070418:2010,0.0,0.0,0.0,0.0,11.46,2.69,0.0
20070418:2110,0.0,0.0,0.0,0.0,10.63,2.69,0.0
20070418:2210,0.0,0.0,0.0,0.0,9.75,2.48,0.0
20070418:2310,0.0,0.0,0.0,0.0,8.97,2.28,0.0
20070419:0010,0.0,0.0,0.0,0.0,8.15,2.07,0.0
20070419:0110,0.0,0.0,0.0,0.0,7.23,2.0,0.0
20070419:0210,0.0,0.0,0.0,0.0,6.29,1.93,0.0
20070419:0310,0.0,0.0,0.0,0.0,5.54,2.0,0.0
20070419:0410,0.0,0.0,0.0,0.0,4.94,2.0,0.0
20070419:0510,0.0,7.0,0.0,1.98,4.44,2.0,0.0
20070419:0610,94.0,64.0,0.0,11.75,5.15,1.45,0.0
20070419:0710,235.0,99.0,0.0,21.64,8.67,1.38,0.0
20070419:0810,398.0,114.0,0.0,31.24,11.05,1.59,0.0
20070419:0910,512.01,139.0,0.0,40.03,13.1,1.93,0.0
20070419:1010,611.01,149.0,0.0,47.21,14.32,2.28,0.0
20070419:1110,679.01,147.0,0.0,51.66,15.31,2.21,0.0
20070419:1210,706.01,138.0,0.0,52.31,16.18,2.07,0.0
20070419:1310,653.01,140.0,0.0,48.97,16.88,2.07,0.0
20070419:1410,563.01,134.0,0.0,42.52,17.34,2.14,0.0
20070419:1510,437.0,122.0,0.0,34.14,17.55,2.21,0.0
20070419:1610,285.0,105.0,0.0,24.72,17.46,2.28,0.0
20070419:1710,139.0,74.0,0.0,14.87,17.07,2.34,0.0
20070419:1810,21.0,22.22,0.0,5.02,15.96,2.07,0.0
20070419:1910,0.0,0.0,0.0,0.0,14.28,2.55,0.0
20070419:2010,0.0,0.0,0.0,0.0,12.82,2.69,0.0
20070419:2110,0.0,0.0,0.0,0.0,11.74,2.69,0.0
20070419:2210,0.0,0.0,0.0,0.0,10.81,2.69,0.0
20070419:2310,0.0,0.0,0.0,0.0,9.96,2.62,0.0
20070420:0010,0.0,0.0,0.0,0.0,9.19,2.48,0.0
20070420:0110,0.0,0.0,0.0,0.0,8.46,2.48,0.0
20070420:0210,0.0,0.0,0.0,0.0,7.91,2.55,0.0
20070420:0310,0.0,0.0,0.0,0.0,7.51,2.69,0.0
20070420:0410,0.0,0.0,0.0,0.0,7.24,2.83,0.0
20070420:0510,0.0,8.0,0.0,2.27,7.02,2.83,0.0
20070420:0610,92.0,67.0,0.0,12.04,7.74,2.55,0.0
20070420:0710,229.0,105.0,0.0,21.93,9.98,2.62,0.0
20070420:0810,383.0,125.0,0.0,31.55,12.26,3.17,0.0
20070420:0910,504.01,146.0,0.0,40.35,14.31,3.72,0.0
20070420:1010,613.01,150.0,0.0,47.55,15.98,4.28,0.0
20070420:1110,680.01,148.0,0.0,52.01,17.12,4.48,0.0
20070420:1210,707.01,138.0,0.0,52.65,17.92,4.34,0.0
20070420:1310,663.01,136.0,0.0,49.27,18.47,4.28,0.0
20070420:1410,565.01,134.0,0.0,42.78,18.73,4.21,0.0
20070420:1510,433.0,125.0,0.0,34.38,18.75,4.14,0.0
20070420:1610,287.0,106.0,0.0,24.94,18.48,4.07,0.0
20070420:1710,143.0,74.0,0.0,15.09,17.88,3.66,0.0
20070420:1810,26.0,21.33,0.0,5.25,16.71,2.83,0.0
20070420:1910,0.0,0.0,0.0,0.0,14.82,2.83,0.0
20070420:2010,0.0,0.0,0.0,0.0,13.44,3.03,0.0
20070420:2110,0.0,0.0,0.0,0.0,12.41,3.31,0.0
20070420:2210,0.0,0.0,0.0,0.0,11.54,3.52,0.0
20070420:2310,0.0,0.0,0.0,0.0,10.74,3.59,0.0
20070421:0010,0.0,0.0,0.0,0.0,10.0,3.52,0.0
20070421:0110,0.0,0.0,0.0,0.0,9.31,3.31,0.0
20070421:0210,0.0,0.0,0.0,0.0,8.65,3.1,0.0
20070421:0310,0.0,0.0,0.0,0.0,8.03,2.97,0.0
20070421:0410,0.0,0.0,0.0,0.0,7.46,2.83,0.0
20070421:0510,1.0,9.84,0.0,2.57,6.92,2.76,0.0
20070421:0610,114.0,60.0,0.0,12.33,7.37,2.41,0.0
20070421:0710,257.0,94.0,0.0,22.22,9.19,2.55,0.0
20070421:0810,407.0,115.0,0.0,31.84,11.24,2.41,0.0
20070421:0910,536.01,131.0,0.0,40.66,13.41,2.28,0.0
20070421:1010,629.01,144.0,0.0,47.88,15.48,2.34,0.0
20070421:1110,695.01,143.0,0.0,52.35,16.98,2.41,0.0
20070421:1210,722.01,133.0,0.0,52.98,17.98,2.28,0.0
20070421:1310,669.01,136.0,0.0,49.57,18.72,2.14,0.0
20070421:1410,578.01,130.0,0.0,43.05,19.18,2.0,0.0
20070421:1510,449.0,120.0,0.0,34.61,19.37,1.93,0.0
20070421:1610,295.0,105.0,0.0,25.16,19.24,2.0,0.0
20070421:1710,148.0,75.0,0.0,15.31,18.81,2.07,0.0
20070421:1810,29.0,22.48,0.0,5.47,17.63,2.0,0.0
20070421:1910,0.0,0.0,0.0,0.0,15.38,2.62,0.0
20070421:2010,0.0,0.0,0.0,0.0,13.78,2.69,0.0
20070421:2110,0.0,0.0,0.0,0.0,12.55,2.62,0.0
20070421:2210,0.0,0.0,0.0,0.0,11.45,2.34,0.0
20070421:2310,0.0,0.0,0.0,0.0,10.35,2.07,0.0
20070422:0010,0.0,0.0,0.0,0.0,9.04,1.79,0.0
20070422:0110,0.0,0.0,0.0,0.0,8.14,1.59,0.0
20070422:0210,0.0,0.0,0.0,0.0,7.72,1.45,0.0
20070422:0310,0.0,0.0,0.0,0.0,7.14,1.38,0.0
20070422:0410,0.0,0.0,0.0,0.0,6.78,1.31,0.0
20070422:0510,1.0,11.82,0.0,2.86,6.39,1.24,0.0
20070422:0610,112.0,64.0,0.0,12.61,7.66,0.83,0.0
20070422:0710,255.0,96.0,0.0,22.51,11.0,0.83,0.0
20070422:0810,406.0,117.0,0.0,32.14,14.3,1.1,0.0
20070422:0910,527.01,136.0,0.0,40.97,16.95,1.52,0.0
20070422:1010,627.01,145.0,0.0,48.21,18.74,1.66,0.0
20070422:1110,693.01,144.0,0.0,52.7,20.03,1.38,0.0
20070422:1210,710.01,139.0,0.0,53.31,21.01,1.1,0.0
20070422:1310,666.01,137.0,0.0,49.87,21.76,0.97,0.0
20070422:1410,568.01,135.0,0.0,43.31,22.29,1.1,0.0
20070422:1510,448.0,121.0,0.0,34.84,22.63,1.31,0.0
20070422:1610,291.0,107.0,0.0,25.38,22.69,1.38,0.0
20070422:1710,145.0,77.0,0.0,15.52,22.36,1.17,0.0
20070422:1810,24.0,26.27,0.0,5.69,21.0,1.72,0.0
20070422:1910,0.0,0.0,0.0,0.0,18.66,2.55,0.0
20070422:2010,0.0,0.0,0.0,0.0,17.23,2.62,0.0
20070422:2110,0.0,0.0,0.0,0.0,16.11,2.55,0.0
20070422:2210,0.0,0.0,0.0,0.0,15.29,2.55,0.0
20070422:2310,0.0,0.0,0.0,0.0,14.58,2.48,0.0
20070423:0010,0.0,0.0,0.0,0.0,13.86,2.41,0.0
20070423:0110,0.0,0.0,0.0,0.0,13.1,2.14,0.0
20070423:0210,0.0,0.0,0.0,0.0,12.06,1.79,0.0
20070423:0310,0.0,0.0,0.0,0.0,10.74,1.52,0.0
20070423:0410,0.0,0.0,0.0,0.0,9.75,1.52,0.0
20070423:0510,1.0,13.81,0.0,3.14,9.21,1.52,0.0
20070423:0610,111.0,65.0,0.0,12.89,10.46,1.03,0.0
20070423:0710,249.0,99.0,0.0,22.79,14.0,1.03,0.0
20070423:0810,398.0,118.0,0.0,32.43,16.85,1.45,0.0
20070423:0910,517.01,137.0,0.0,41.28,19.3,1.79,0.0
20070423:1010,520.01,204.0,0.0,48.53,21.17,2.0,0.0
20070423:1110,646.01,165.0,0.0,53.03,22.48,2.34,0.0
20070423:1210,288.0,364.0,0.0,53.64,23.24,2.41,0.0
20070423:1310,635.01,148.0,0.0,50.16,23.6,2.41,0.0
20070423:1410,555.01,137.0,0.0,43.57,23.95,2.41,0.0
20070423:1510,395.0,147.0,0.0,35.08,24.01,2.48,0.0
20070423:1610,283.0,109.0,0.0,25.6,23.79,2.34,0.0
20070423:1710,110.0,94.0,0.0,15.73,23.25,1.86,0.0
20070423:1810,29.0,32.0,0.0,5.9,21.86,1.59,0.0
20070423:1910,0.0,0.0,0.0,0.0,21.06,0.76,0.0
20070423:2010,0.0,0.0,0.0,0.0,19.64,0.76,0.0
20070423:2110,0.0,0.0,0.0,0.0,18.29,0.41,0.0
20070423:2210,0.0,0.0,0.0,0.0,17.12,0.07,0.0
20070423:2310,0.0,0.0,0.0,0.0,16.15,0.69,0.0
20070424:0010,0.0,0.0,0.0,0.0,13.95,1.1,0.0
20070424:0110,0.0,0.0,0.0,0.0,12.66,1.31,0.0
20070424:0210,0.0,0.0,0.0,0.0,11.68,1.52,0.0
20070424:0310,0.0,0.0,0.0,0.0,10.96,1.66,0.0
20070424:0410,0.0,0.0,0.0,0.0,10.51,1.79,0.0
20070424:0510,2.0,14.63,0.0,3.42,10.06,1.86,0.0
20070424:0610,56.0,90.0,0.0,13.17,10.83,1.45,0.0
20070424:0710,151.0,151.0,0.0,23.06,14.6,1.38,0.0
20070424:0810,321.0,164.0,0.0,32.71,17.53,1.52,0.0
20070424:0910,225.0,294.0,0.0,41.58,20.08,1.86,0.0
20070424:1010,310.0,317.0,0.0,48.85,21.86,2.07,0.0
20070424:1110,452.01,280.0,0.0,53.37,23.15,2.14,0.0
20070424:1210,614.01,190.0,0.0,53.97,24.13,2.28,0.0
20070424:1310,475.01,244.0,0.0,50.45,24.78,2.34,0.0
20070424:1410,402.0,227.0,0.0,43.82,24.95,2.41,0.0
20070424:1510,146.0,267.0,0.0,35.31,25.22,2.41,0.0
20070424:1610,108.0,193.0,0.0,25.81,25.13,2.28,0.0
20070424:1710,22.0,115.0,0.0,15.94,24.65,1.52,0.0
20070424:1810,3.0,31.0,0.0,6.12,23.03,1.93,0.0
20070424:1910,0.0,0.0,0.0,0.0,21.36,2.07,0.0
20070424:2010,0.0,0.0,0.0,0.0,19.64,1.79,0.0
20070424:2110,0.0,0.0,0.0,0.0,18.59,2.0,0.0
20070424:2210,0.0,0.0,0.0,0.0,18.05,2.55,0.0
20070424:2310,0.0,0.0,0.0,0.0,17.32,2.83,0.0
20070425:0010,0.0,0.0,0.0,0.0,16.59,2.9,0.0
20070425:0110,0.0,0.0,0.0,0.0,15.96,2.9,0.0
20070425:0210,0.0,0.0,0.0,0.0,15.41,2.83,0.0
20070425:0310,0.0,0.0,0.0,0.0,14.72,2.83,0.0
20070425:0410,0.0,0.0,0.0,0.0,14.04,2.76,0.0
20070425:0510,2.0,16.61,0.0,3.7,13.53,2.69,0.0
20070425:0610,111.0,69.0,0.0,13.44,13.44,1.52,0.0
20070425:0710,255.0,100.0,0.0,23.34,16.63,1.1,0.0
20070425:0810,398.0,122.0,0.0,32.99,18.68,0.97,0.0
20070425:0910,521.01,139.0,0.0,41.87,20.62,0.34,0.0
20070425:1010,618.01,147.0,0.0,49.17,22.44,0.14,0.0
20070425:1110,682.01,147.0,0.0,53.7,23.87,0.21,0.0
20070425:1210,595.01,204.0,0.0,54.29,24.84,0.07,0.0
20070425:1310,413.0,281.0,0.0,50.74,25.54,0.07,0.0
20070425:1410,335.0,265.0,0.0,44.08,25.9,0.07,0.0
20070425:1510,342.0,181.0,0.0,35.53,25.86,0.14,0.0
20070425:1610,261.0,125.0,0.0,26.03,25.64,0.62,0.0
20070425:1710,26.0,118.0,0.0,16.15,25.03,1.38,0.0
20070425:1810,27.0,36.0,0.0,6.34,23.53,2.76,0.0
20070425:1910,0.0,0.0,0.0,0.0,19.93,4.97,0.0
20070425:2010,0.0,0.0,0.0,0.0,18.29,4.97,0.0
20070425:2110,0.0,0.0,0.0,0.0,16.72,4.83,0.0
20070425:2210,0.0,0.0,0.0,0.0,15.47,4.69,0.0
20070425:2310,0.0,0.0,0.0,0.0,14.43,4.48,0.0
20070426:0010,0.0,0.0,0.0,0.0,13.84,4.28,0.0
20070426:0110,0.0,0.0,0.0,0.0,13.37,4.14,0.0
20070426:0210,0.0,0.0,0.0,0.0,13.02,4.07,0.0
20070426:0310,0.0,0.0,0.0,0.0,12.85,3.72,0.0
20070426:0410,0.0,0.0,0.0,0.0,12.72,3.17,0.0
20070426:0510,0.0,6.0,0.0,3.98,12.66,2.9,0.0
20070426:0610,2.0,72.0,0.0,13.71,13.36,2.83,0.0
20070426:0710,80.0,178.0,0.0,23.61,14.18,2.97,0.0
20070426:0810,310.0,172.0,0.0,33.27,15.8,2.97,0.0
20070426:0910,153.0,319.0,0.0,42.17,17.65,2.62,0.0
20070426:1010,309.0,318.0,0.0,49.48,19.41,2.62,0.0
20070426:1110,520.01,241.0,0.0,54.02,21.41,2.41,0.0
20070426:1210,0.0,250.0,0.0,54.6,23.11,2.21,0.0
20070426:1310,55.0,370.0,0.0,51.03,24.36,2.28,0.0
20070426:1410,309.0,276.0,0.0,44.33,25.05,2.41,0.0
20070426:1510,80.0,278.0,0.0,35.76,25.1,2.48,0.0
20070426:1610,318.0,95.0,0.0,26.24,24.96,2.41,0.0
20070426:1710,33.0,119.0,0.0,16.36,24.64,2.28,0.0
20070426:1810,17.0,40.0,0.0,6.55,23.53,2.21,0.0
20070426:1910,0.0,0.0,0.0,0.0,22.0,1.79,0.0
20070426:2010,0.0,0.0,0.0,0.0,20.03,1.45,0.0
20070426:2110,0.0,0.0,0.0,0.0,18.53,1.38,0.0
20070426:2210,0.0,0.0,0.0,0.0,17.02,1.93,0.0
20070426:2310,0.0,0.0,0.0,0.0,16.18,2.07,0.0
20070427:0010,0.0,0.0,0.0,0.0,15.47,1.93,0.0
20070427:0110,0.0,0.0,0.0,0.0,14.83,1.79,0.0
20070427:0210,0.0,0.0,0.0,0.0,14.1,1.45,0.0
20070427:0310,0.0,0.0,0.0,0.0,13.33,1.59,0.0
20070427:0410,0.0,0.0,0.0,0.0,12.78,1.52,0.0
20070427:0510,2.0,19.6,0.0,4.24,12.3,1.86,0.0
20070427:0610,79.0,89.0,0.0,13.97,13.77,1.52,0.0
20070427:0710,222.0,123.0,0.0,23.87,16.54,1.86,0.0
20070427:0810,391.0,130.0,0.0,33.54,18.61,2.14,0.0
20070427:0910,497.01,157.0,0.0,42.45,20.7,2.41,0.0
20070427:1010,467.01,242.0,0.0,49.79,22.65,2.76,0.0
20070427:1110,583.01,210.0,0.0,54.35,23.99,2.83,0.0
20070427:1210,578.01,217.0,0.0,54.92,24.79,2.41,0.0
20070427:1310,606.01,170.0,0.0,51.31,25.04,1.93,0.0
20070427:1410,433.0,215.0,0.0,44.57,25.07,1.66,0.0
20070427:1510,386.0,158.0,0.0,35.98,25.16,1.52,0.0
20070427:1610,210.0,156.0,0.0,26.45,24.93,1.52,0.0
20070427:1710,116.0,99.0,0.0,16.57,24.3,1.1,0.0
20070427:1810,27.0,40.0,0.0,6.76,23.03,0.34,0.0
20070427:1910,0.0,0.0,0.0,0.0,21.03,0.76,0.0
20070427:2010,0.0,0.0,0.0,0.0,19.34,0.97,0.0
20070427:2110,0.0,0.0,0.0,0.0,18.08,1.03,0.0
20070427:2210,0.0,0.0,0.0,0.0,16.34,1.45,0.0
20070427:2310,0.0,0.0,0.0,0.0,15.14,2.0,0.0
20070428:0010,0.0,0.0,0.0,0.0,14.69,2.28,0.0
20070428:0110,0.0,0.0,0.0,0.0,14.49,2.34,0.0
20070428:0210,0.0,0.0,0.0,0.0,14.33,2.41,0.0
20070428:0310,0.0,0.0,0.0,0.0,14.03,2.21,0.0
20070428:0410,0.0,0.0,0.0,0.0,13.64,2.0,0.0
20070428:0510,1.0,17.83,0.0,4.51,13.46,1.79,0.0
20070428:0610,123.0,72.0,0.0,14.23,14.28,1.52,0.0
20070428:0710,264.0,103.0,0.0,24.13,16.48,1.66,0.0
20070428:0810,429.0,113.0,0.0,33.81,18.55,1.79,0.0
20070428:0910,544.01,133.0,0.0,42.73,20.34,1.79,0.0
20070428:1010,643.01,139.0,0.0,50.09,21.72,1.66,0.0
20070428:1110,718.01,132.0,0.0,54.66,22.76,1.38,0.0
20070428:1210,662.01,167.0,0.0,55.23,23.51,1.03,0.0
20070428:1310,670.01,136.0,0.0,51.59,24.06,0.83,0.0
20070428:1410,588.01,127.0,0.0,44.82,24.44,0.55,0.0
20070428:1510,448.0,124.0,0.0,36.2,24.5,0.48,0.0
20070428:1610,302.0,108.0,0.0,26.66,24.23,0.55,0.0
20070428:1710,153.0,82.0,0.0,16.77,23.52,0.9,0.0
20070428:1810,30.0,41.0,0.0,6.97,22.3,0.48,0.0
20070428:1910,0.0,0.0,0.0,0.0,21.38,0.83,0.0
20070428:2010,0.0,0.0,0.0,0.0,19.68,1.1,0.0
20070428:2110,0.0,0.0,0.0,0.0,18.41,1.1,0.0
20070428:2210,0.0,0.0,0.0,0.0,16.66,1.45,0.0
20070428:2310,0.0,0.0,0.0,0.0,15.7,2.07,0.0
20070429:0010,0.0,0.0,0.0,0.0,14.8,1.93,0.0
20070429:0110,0.0,0.0,0.0,0.0,14.07,1.72,0.0
20070429:0210,0.0,0.0,0.0,0.0,13.26,1.66,0.0
20070429:0310,0.0,0.0,0.0,0.0,12.82,1.59,0.0
20070429:0410,0.0,0.0,0.0,0.0,12.22,1.66,0.0
20070429:0510,0.0,19.0,0.0,4.77,11.85,1.79,0.0
20070429:0610,104.0,83.0,0.0,14.48,13.49,1.38,0.0
20070429:0710,278.0,99.0,0.0,24.38,16.52,0.76,0.0
20070429:0810,438.0,111.0,0.0,34.07,18.72,0.97,0.0
20070429:0910,108.0,333.0,0.0,43.01,20.67,1.17,0.0
20070429:1010,501.01,226.0,0.0,50.39,22.07,1.38,0.0
20070429:1110,633.01,183.0,0.0,54.98,22.98,1.38,0.0
20070429:1210,571.01,225.0,0.0,55.53,23.62,1.45,0.0
20070429:1310,635.01,156.0,0.0,51.87,24.03,1.45,0.0
20070429:1410,51.0,335.0,0.0,45.06,23.62,1.86,0.0
20070429:1510,0.0,175.0,0.0,36.42,21.61,2.34,0.0
20070429:1610,0.0,37.0,0.0,26.86,20.02,1.59,0.0
20070429:1710,0.0,21.0,0.0,16.98,19.08,1.59,0.0
20070429:1810,2.0,35.0,0.0,7.18,18.33,1.79,0.0
20070429:1910,0.0,0.0,0.0,0.0,16.84,2.69,0.0
20070429:2010,0.0,0.0,0.0,0.0,15.98,2.55,0.0
20070429:2110,0.0,0.0,0.0,0.0,15.35,1.66,0.0
20070429:2210,0.0,0.0,0.0,0.0,14.99,1.45,0.0
20070429:2310,0.0,0.0,0.0,0.0,14.6,0.62,0.0
20070430:0010,0.0,0.0,0.0,0.0,13.16,1.66,0.0
20070430:0110,0.0,0.0,0.0,0.0,12.31,1.66,0.0
20070430:0210,0.0,0.0,0.0,0.0,11.72,1.52,0.0
20070430:0310,0.0,0.0,0.0,0.0,11.4,1.24,0.0
20070430:0410,0.0,0.0,0.0,0.0,11.5,1.03,0.0
20070430:0510,3.0,24.36,0.0,5.03,11.46,1.03,0.0
20070430:0610,108.0,84.0,0.0,14.73,13.01,1.03,0.0
20070430:0710,254.0,112.0,0.0,24.63,13.83,1.17,0.0
20070430:0810,413.0,125.0,0.0,34.32,15.42,1.93,0.0
20070430:0910,542.01,137.0,0.0,43.28,17.78,2.69,0.0
20070430:1010,0.0,181.0,0.0,50.68,19.71,2.83,0.0
20070430:1110,65.0,400.0,0.0,55.29,20.9,2.62,0.0
20070430:1210,719.01,138.0,0.0,55.84,21.87,2.9,0.0
20070430:1310,625.01,164.0,0.0,52.14,22.5,3.45,0.0
20070430:1410,24.0,312.0,0.0,45.3,22.2,3.66,0.0
20070430:1510,113.0,283.0,0.0,36.64,22.5,3.79,0.0
20070430:1610,144.0,191.0,0.0,27.07,22.5,4.21,0.0
20070430:1710,82.0,119.0,0.0,17.18,21.56,4.34,0.0
20070430:1810,21.0,46.0,0.0,7.39,20.73,3.59,0.0
20070430:1910,0.0,0.0,0.0,0.0,19.47,2.97,0.0
20070430:2010,0.0,0.0,0.0,0.0,18.27,3.24,0.0
20070430:2110,0.0,0.0,0.0,0.0,17.57,3.93,0.0
20070430:2210,0.0,0.0,0.0,0.0,16.78,4.21,0.0
20070430:2310,0.0,0.0,0.0,0.0,15.93,4.14,0.0
20070501:0010,0.0,0.0,0.0,0.0,15.12,3.93,0.0
20070501:0110,0.0,0.0,0.0,0.0,14.34,3.66,0.0
20070501:0210,0.0,0.0,0.0,0.0,13.64,3.45,0.0
20070501:0310,0.0,0.0,0.0,0.0,13.04,3.38,0.0
20070501:0410,0.0,0.0,0.0,0.0,12.45,3.45,0.0
20070501:0510,10.0,28.5,0.0,5.28,12.08,3.52,0.0
20070501:0610,102.0,92.0,0.0,14.98,12.75,3.31,0.0
20070501:0710,243.0,126.0,0.0,24.88,13.98,3.45,0.0
20070501:0810,388.0,149.0,0.0,34.58,15.77,3.59,0.0
20070501:0910,119.0,341.0,0.0,43.55,17.63,3.45,0.0
20070501:1010,0.0,144.0,0.0,50.97,19.03,3.45,0.0
20070501:1110,0.0,244.0,0.0,55.59,20.25,3.66,0.0
20070501:1210,61.0,407.0,0.0,56.13,20.97,4.0,0.0
20070501:1310,209.0,385.0,0.0,52.41,21.13,4.07,0.0
20070501:1410,380.0,259.0,0.0,45.54,21.84,4.48,0.0
20070501:1510,463.0,129.0,0.0,36.85,22.0,4.62,0.0
20070501:1610,302.0,118.0,0.0,27.27,21.73,4.83,0.0
20070501:1710,112.0,112.0,0.0,17.38,21.15,4.9,0.0
20070501:1810,26.0,48.0,0.0,7.6,20.0,4.62,0.0
20070501:1910,0.0,0.0,0.0,0.0,18.56,4.48,0.0
20070501:2010,0.0,0.0,0.0,0.0,17.45,4.34,0.0
20070501:2110,0.0,0.0,0.0,0.0,16.47,4.28,0.0
20070501:2210,0.0,0.0,0.0,0.0,15.69,4.34,0.0
20070501:2310,0.0,0.0,0.0,0.0,15.11,4.62,0.0
20070502:0010,0.0,0.0,0.0,0.0,14.55,4.62,0.0
20070502:0110,0.0,0.0,0.0,0.0,13.95,4.48,0.0
20070502:0210,0.0,0.0,0.0,0.0,13.37,4.28,0.0
20070502:0310,0.0,0.0,0.0,0.0,12.74,4.07,0.0
20070502:0410,0.0,0.0,0.0,0.0,12.12,3.93,0.0
20070502:0510,15.0,29.18,0.0,5.52,11.61,3.79,0.0
20070502:0610,138.0,78.0,0.0,15.22,12.1,3.52,0.0
20070502:0710,283.0,108.0,0.0,25.12,13.31,4.34,0.0
20070502:0810,444.0,122.0,0.0,34.82,14.83,4.62,0.0
20070502:0910,563.01,140.0,0.0,43.81,16.41,4.62,0.0
20070502:1010,542.01,220.0,0.0,51.25,17.84,4.48,0.0
20070502:1110,669.01,180.0,0.0,55.89,19.09,4.55,0.0
20070502:1210,360.0,356.0,0.0,56.43,20.0,4.69,0.0
20070502:1310,263.0,371.0,0.0,52.67,20.54,4.76,0.0
20070502:1410,653.01,109.0,0.0,45.77,20.84,4.83,0.0
20070502:1510,515.0,105.0,0.0,37.06,20.87,4.83,0.0
20070502:1610,314.0,115.0,0.0,27.47,20.61,4.62,0.0
20070502:1710,150.0,96.0,0.0,17.58,20.15,4.28,0.0
20070502:1810,29.0,49.0,0.0,7.8,19.41,3.31,0.0
20070502:1910,0.0,0.0,0.0,0.0,17.34,1.79,0.0
20070502:2010,0.0,0.0,0.0,0.0,15.94,1.86,0.0
20070502:2110,0.0,0.0,0.0,0.0,14.91,2.21,0.0
20070502:2210,0.0,0.0,0.0,0.0,14.23,2.41,0.0
20070502:2310,0.0,0.0,0.0,0.0,13.44,2.07,0.0
20070503:0010,0.0,0.0,0.0,0.0,12.81,1.59,0.0
20070503:0110,0.0,0.0,0.0,0.0,11.89,0.97,0.0
20070503:0210,0.0,0.0,0.0,0.0,12.3,0.69,0.0
20070503:0310,0.0,0.0,0.0,0.0,11.16,0.97,0.0
20070503:0410,0.0,0.0,0.0,0.0,10.67,1.1,0.0
20070503:0510,17.0,34.0,0.0,5.76,10.42,1.1,0.0
20070503:0610,21.0,111.0,0.0,15.45,12.12,0.9,0.0
20070503:0710,3.0,147.0,0.0,25.35,13.05,0.97,0.0
20070503:0810,30.0,260.0,0.0,35.07,14.51,0.76,0.0
20070503:0910,482.0,187.0,0.0,44.07,15.97,1.03,0.0
20070503:1010,647.01,153.0,0.0,51.53,17.41,1.59,0.0
20070503:1110,720.01,147.0,0.0,56.19,18.4,2.34,0.0
20070503:1210,681.01,173.0,0.0,56.72,18.83,2.76,0.0
20070503:1310,135.0,400.0,0.0,52.93,19.31,2.76,0.0
20070503:1410,624.01,123.0,0.0,46.0,19.49,2.69,0.0
20070503:1510,270.0,237.0,0.0,37.27,19.77,2.83,0.0
20070503:1610,77.0,216.0,0.0,27.67,19.69,3.1,0.0
20070503:1710,164.0,89.0,0.0,17.78,19.35,2.83,0.0
20070503:1810,39.0,48.0,0.0,8.0,18.79,2.07,0.0
20070503:1910,0.0,0.0,0.0,0.0,17.5,1.38,0.0
20070503:2010,0.0,0.0,0.0,0.0,15.98,1.93,0.0
20070503:2110,0.0,0.0,0.0,0.0,14.68,3.1,0.0
20070503:2210,0.0,0.0,0.0,0.0,13.8,3.72,0.0
20070503:2310,0.0,0.0,0.0,0.0,13.02,3.93,0.0
20070504:0010,0.0,0.0,0.0,0.0,12.1,3.72,0.0
20070504:0110,0.0,0.0,0.0,0.0,11.48,3.45,0.0
20070504:0210,0.0,0.0,0.0,0.0,11.08,3.31,0.0
20070504:0310,0.0,0.0,0.0,0.0,10.7,3.17,0.0
20070504:0410,0.0,0.0,0.0,0.0,10.83,3.24,0.0
20070504:0510,0.0,21.0,0.0,6.0,10.88,3.31,0.0
20070504:0610,13.0,107.0,0.0,15.68,11.53,3.38,0.0
20070504:0710,57.0,199.0,0.0,25.58,12.21,5.17,0.0
20070504:0810,306.0,201.0,0.0,35.3,13.29,5.17,0.0
20070504:0910,484.0,187.0,0.0,44.32,14.71,5.03,0.0
20070504:1010,528.01,227.0,0.0,51.81,16.57,4.76,0.0
20070504:1110,691.01,164.0,0.0,56.48,18.0,4.55,0.0
20070504:1210,670.01,181.0,0.0,57.01,19.09,4.83,0.0
20070504:1310,641.01,169.0,0.0,53.19,19.93,5.17,0.0
20070504:1410,498.0,196.0,0.0,46.23,20.17,5.03,0.0
20070504:1510,302.0,223.0,0.0,37.48,18.18,4.76,0.0
20070504:1610,235.0,161.0,0.0,27.86,17.47,4.48,0.0
20070504:1710,0.0,23.0,0.0,17.97,16.73,4.48,0.0
20070504:1810,0.0,15.0,0.0,8.21,15.78,4.28,0.0
20070504:1910,0.0,0.0,0.0,0.0,13.96,4.14,0.0
20070504:2010,0.0,0.0,0.0,0.0,13.62,4.07,0.0
20070504:2110,0.0,0.0,0.0,0.0,13.32,4.21,0.0
20070504:2210,0.0,0.0,0.0,0.0,12.82,4.34,0.0
20070504:2310,0.0,0.0,0.0,0.0,12.18,4.55,0.0
20070505:0010,0.0,0.0,0.0,0.0,11.43,4.69,0.0
20070505:0110,0.0,0.0,0.0,0.0,10.75,4.83,0.0
20070505:0210,0.0,0.0,0.0,0.0,10.31,4.83,0.0
20070505:0310,0.0,0.0,0.0,0.0,9.93,4.83,0.0
20070505:0410,0.0,0.0,0.0,0.0,9.56,4.83,0.0
20070505:0510,0.0,26.0,0.0,6.23,9.37,4.9,0.0
20070505:0610,1.0,83.0,0.0,15.91,9.89,4.69,0.0
20070505:0710,11.0,174.0,0.0,25.81,10.11,5.1,0.0
20070505:0810,12.0,236.0,0.0,35.53,11.21,5.59,0.0
20070505:0910,0.0,177.0,0.0,44.57,12.49,6.48,0.0
20070505:1010,21.0,344.0,0.0,52.07,14.08,6.48,0.0
20070505:1110,0.0,146.0,0.0,56.77,16.51,6.34,0.0
20070505:1210,0.0,109.0,0.0,57.29,17.6,5.72,0.0
20070505:1310,0.0,225.0,0.0,53.45,18.45,5.86,0.0
20070505:1410,13.0,298.0,0.0,46.46,18.73,5.86,0.0
20070505:1510,26.0,271.0,0.0,37.68,18.58,6.0,0.0
20070505:1610,130.0,207.0,0.0,28.06,18.45,6.14,0.0
20070505:1710,127.0,111.0,0.0,18.16,17.78,5.93,0.0
20070505:1810,34.0,52.0,0.0,8.41,16.86,5.17,0.0
20070505:1910,0.0,0.0,0.0,0.0,14.43,4.41,0.0
20070505:2010,0.0,0.0,0.0,0.0,13.12,4.07,0.0
20070505:2110,0.0,0.0,0.0,0.0,12.01,4.0,0.0
20070505:2210,0.0,0.0,0.0,0.0,11.0,4.21,0.0
20070505:2310,0.0,0.0,0.0,0.0,10.15,4.14,0.0
20070506:0010,0.0,0.0,0.0,0.0,9.39,3.79,0.0
20070506:0110,0.0,0.0,0.0,0.0,8.7,3.59,0.0
20070506:0210,0.0,0.0,0.0,0.0,8.14,3.17,0.0
20070506:0310,0.0,0.0,0.0,0.0,7.59,2.97,0.0
20070506:0410,0.0,0.0,0.0,0.0,7.13,2.62,0.0
20070506:0510,8.0,40.0,0.0,6.46,6.88,2.21,0.0
20070506:0610,109.0,100.0,0.0,16.13,7.92,2.97,0.0
20070506:0710,248.0,135.0,0.0,26.02,8.83,3.1,0.0
20070506:0810,433.0,133.0,0.0,35.76,9.86,2.97,0.0
20070506:0910,569.01,142.0,0.0,44.81,11.44,3.1,0.0
20070506:1010,657.01,154.0,0.0,52.34,13.59,2.41,0.0
20070506:1110,750.01,136.0,0.0,57.05,15.2,2.48,0.0
20070506:1210,716.01,157.0,0.0,57.57,16.67,2.76,0.0
20070506:1310,612.01,192.0,0.0,53.7,17.76,3.17,0.0
20070506:1410,317.0,299.0,0.0,46.68,18.58,3.59,0.0
20070506:1510,455.0,141.0,0.0,37.88,18.98,3.66,0.0
20070506:1610,74.0,222.0,0.0,28.25,18.95,3.72,0.0
20070506:1710,27.0,135.0,0.0,18.36,18.71,3.52,0.0
20070506:1810,3.0,47.0,0.0,8.6,18.12,2.41,0.0
20070506:1910,0.0,0.0,0.0,0.0,16.01,3.38,0.0
20070506:2010,0.0,0.0,0.0,0.0,15.15,3.24,0.0
20070506:2110,0.0,0.0,0.0,0.0,14.61,3.17,0.0
20070506:2210,0.0,0.0,0.0,0.0,14.28,2.83,0.0
20070506:2310,0.0,0.0,0.0,0.0,13.76,2.69,0.0
20070507:0010,0.0,0.0,0.0,0.0,12.8,2.9,0.0
20070507:0110,0.0,0.0,0.0,0.0,12.35,3.17,0.0
20070507:0210,0.0,0.0,0.0,0.0,12.25,3.52,0.0
20070507:0310,0.0,0.0,0.0,0.0,12.35,3.72,0.0
20070507:0410,0.0,0.0,0.0,0.0,12.59,3.93,0.0
20070507:0510,2.0,32.0,0.0,6.68,12.7,4.0,0.0
20070507:0610,0.0,56.0,0.0,16.34,13.08,4.34,0.0
20070507:0710,0.0,85.0,0.0,26.24,13.63,5.1,0.0
20070507:0810,0.0,112.0,0.0,35.98,14.21,6.21,0.0
20070507:0910,0.0,134.0,0.0,45.04,15.08,6.62,0.0
20070507:1010,19.0,340.0,0.0,52.59,15.74,6.97,0.0
20070507:1110,266.0,388.0,0.0,57.32,16.42,6.9,0.0
20070507:1210,1.0,273.0,0.0,57.84,17.42,7.24,0.0
20070507:1310,47.0,379.0,0.0,53.95,17.85,6.9,0.0
20070507:1410,45.0,340.0,0.0,46.9,18.2,6.83,0.0
20070507:1510,0.0,76.0,0.0,38.08,18.17,6.69,0.0
20070507:1610,0.0,87.0,0.0,28.44,17.82,6.69,0.0
20070507:1710,47.0,137.0,0.0,18.54,17.36,6.34,0.0
20070507:1810,6.0,53.0,0.0,8.8,16.89,6.21,0.0
20070507:1910,0.0,0.0,0.0,0.0,16.1,6.34,0.0
20070507:2010,0.0,0.0,0.0,0.0,15.64,6.76,0.0
20070507:2110,0.0,0.0,0.0,0.0,15.3,6.97,0.0
20070507:2210,0.0,0.0,0.0,0.0,15.06,7.1,0.0
20070507:2310,0.0,0.0,0.0,0.0,14.92,7.17,0.0
20070508:0010,0.0,0.0,0.0,0.0,14.32,6.21,0.0
20070508:0110,0.0,0.0,0.0,0.0,13.7,5.86,0.0
20070508:0210,0.0,0.0,0.0,0.0,13.53,5.38,0.0
20070508:0310,0.0,0.0,0.0,0.0,13.23,4.97,0.0
20070508:0410,0.0,0.0,0.0,0.0,12.67,4.28,0.0
20070508:0510,1.0,34.0,0.0,6.9,12.74,3.72,0.0
20070508:0610,0.0,67.0,0.0,16.55,13.62,3.52,0.0
20070508:0710,1.0,137.0,0.0,26.45,14.3,4.07,0.0
20070508:0810,53.0,277.0,0.0,36.19,14.01,5.79,0.0
20070508:0910,44.0,331.0,0.0,45.27,14.62,7.1,0.0
20070508:1010,205.0,381.0,0.0,52.85,15.31,6.48,0.0
20070508:1110,254.0,396.0,0.0,57.59,16.95,7.1,0.0
20070508:1210,21.0,369.0,0.0,58.11,18.25,7.45,0.0
20070508:1310,275.0,366.0,0.0,54.19,19.31,7.86,0.0
20070508:1410,204.0,341.0,0.0,47.11,19.83,8.14,0.0
20070508:1510,204.0,271.0,0.0,38.28,20.02,8.07,0.0
20070508:1610,134.0,209.0,0.0,28.63,19.81,7.38,0.0
20070508:1710,0.0,89.0,0.0,18.73,19.18,6.0,0.0
20070508:1810,0.0,18.0,0.0,8.99,18.4,5.24,0.0
20070508:1910,0.0,0.0,0.0,0.0,16.98,5.1,0.0
20070508:2010,0.0,0.0,0.0,0.0,16.3,5.59,0.0
20070508:2110,0.0,0.0,0.0,0.0,15.2,5.24,0.0
20070508:2210,0.0,0.0,0.0,0.0,14.78,5.59,0.0
20070508:2310,0.0,0.0,0.0,0.0,14.56,6.0,0.0
20070509:0010,0.0,0.0,0.0,0.0,14.35,6.41,0.0
20070509:0110,0.0,0.0,0.0,0.0,14.15,7.38,0.0
20070509:0210,0.0,0.0,0.0,0.0,14.01,6.83,0.0
20070509:0310,0.0,0.0,0.0,0.0,13.87,6.41,0.0
20070509:0410,0.0,0.0,0.0,0.0,13.87,6.55,0.0
20070509:0510,0.0,19.0,0.0,7.11,13.93,7.1,0.0
20070509:0610,4.0,99.0,0.0,16.76,13.98,6.62,0.0
20070509:0710,2.0,150.0,0.0,26.65,13.88,5.72,0.0
20070509:0810,5.0,217.0,0.0,36.4,14.55,6.48,0.0
20070509:0910,4.0,261.0,0.0,45.5,15.6,7.79,0.0
20070509:1010,2.0,273.0,0.0,53.09,16.41,7.59,0.0
20070509:1110,0.0,247.0,0.0,57.86,16.97,7.31,0.0
20070509:1210,0.0,153.0,0.0,58.37,17.41,6.9,0.0
20070509:1310,0.0,163.0,0.0,54.43,18.08,6.9,0.0
20070509:1410,1.0,232.0,0.0,47.33,18.34,6.83,0.0
20070509:1510,26.0,274.0,0.0,38.47,18.39,6.69,0.0
20070509:1610,25.0,209.0,0.0,28.81,18.6,6.41,0.0
20070509:1710,29.0,138.0,0.0,18.92,18.65,5.45,0.0
20070509:1810,33.0,59.0,0.0,9.18,18.05,4.83,0.0
20070509:1910,0.0,0.0,0.0,0.0,16.48,4.76,0.0
20070509:2010,0.0,0.0,0.0,0.0,15.95,4.83,0.0
20070509:2110,0.0,0.0,0.0,0.0,15.66,5.24,0.0
20070509:2210,0.0,0.0,0.0,0.0,15.18,5.45,0.0
20070509:2310,0.0,0.0,0.0,0.0,14.56,5.45,0.0
20070510:0010,0.0,0.0,0.0,0.0,13.98,5.38,0.0
20070510:0110,0.0,0.0,0.0,0.0,13.53,5.38,0.0
20070510:0210,0.0,0.0,0.0,0.0,13.37,5.52,0.0
20070510:0310,0.0,0.0,0.0,0.0,13.12,5.45,0.0
20070510:0410,0.0,0.0,0.0,0.0,12.91,5.17,0.0
20070510:0510,0.0,28.0,0.0,7.31,12.76,4.83,0.0
20070510:0610,34.0,126.0,0.0,16.96,13.26,4.28,0.0
20070510:0710,22.0,196.0,0.0,26.85,14.22,4.83,0.0
20070510:0810,269.0,231.0,0.0,36.61,15.77,5.31,0.0
20070510:0910,338.0,279.0,0.0,45.71,17.07,5.1,0.0
20070510:1010,154.0,399.0,0.0,53.33,18.69,5.24,0.0
20070510:1110,652.01,199.0,0.0,58.12,20.3,5.59,0.0
20070510:1210,221.0,416.0,0.0,58.63,21.53,6.07,0.0
20070510:1310,281.0,371.0,0.0,54.67,22.04,6.21,0.0
20070510:1410,472.0,221.0,0.0,47.54,22.44,6.9,0.0
20070510:1510,383.0,189.0,0.0,38.67,22.42,7.1,0.0
20070510:1610,58.0,226.0,0.0,29.0,22.32,6.34,0.0
20070510:1710,114.0,126.0,0.0,19.1,21.86,6.41,0.0
20070510:1810,26.0,62.0,0.0,9.37,20.91,6.41,0.0
20070510:1910,0.0,0.0,0.0,0.0,19.59,5.79,0.0
20070510:2010,0.0,0.0,0.0,0.0,18.14,6.07,0.0
20070510:2110,0.0,0.0,0.0,0.0,16.59,6.55,0.0
20070510:2210,0.0,0.0,0.0,0.0,15.32,7.38,0.0
20070510:2310,0.0,0.0,0.0,0.0,14.41,7.45,0.0
20070511:0010,0.0,0.0,0.0,0.0,14.05,7.59,0.0
20070511:0110,0.0,0.0,0.0,0.0,14.31,8.55,0.0
20070511:0210,0.0,0.0,0.0,0.0,14.18,9.24,0.0
20070511:0310,0.0,0.0,0.0,0.0,13.5,9.17,0.0
20070511:0410,0.0,0.0,0.0,0.0,13.08,8.55,0.0
20070511:0510,7.0,45.0,0.0,7.51,12.94,7.45,0.0
20070511:0610,121.0,104.0,0.0,17.15,12.77,6.9,0.0
20070511:0710,187.0,175.0,0.0,27.04,12.86,7.17,0.0
20070511:0810,157.0,277.0,0.0,36.81,13.18,6.97,0.0
20070511:0910,21.0,314.0,0.0,45.93,14.02,6.9,0.0
20070511:1010,269.0,369.0,0.0,53.57,14.92,6.48,0.0
20070511:1110,86.0,424.0,0.0,58.38,15.12,6.07,0.0
20070511:1210,79.0,425.0,0.0,58.89,15.48,5.93,0.0
20070511:1310,62.0,398.0,0.0,54.9,16.1,6.0,0.0
20070511:1410,204.0,350.0,0.0,47.74,16.28,5.79,0.0
20070511:1510,327.0,222.0,0.0,38.86,16.35,5.52,0.0
20070511:1610,10.0,193.0,0.0,29.18,16.43,5.31,0.0
20070511:1710,0.0,86.0,0.0,19.28,16.32,4.48,0.0
20070511:1810,0.0,21.0,0.0,9.56,16.25,5.1,0.0
20070511:1910,0.0,0.0,0.0,0.0,14.72,5.31,0.0
20070511:2010,0.0,0.0,0.0,0.0,14.11,6.07,0.0
20070511:2110,0.0,0.0,0.0,0.0,13.98,7.72,0.0
20070511:2210,0.0,0.0,0.0,0.0,13.65,7.52,0.0
20070511:2310,0.0,0.0,0.0,0.0,13.07,6.9,0.0
20070512:0010,0.0,0.0,0.0,0.0,12.62,6.34,0.0
20070512:0110,0.0,0.0,0.0,0.0,12.32,6.28,0.0
20070512:0210,0.0,0.0,0.0,0.0,12.08,6.21,0.0
20070512:0310,0.0,0.0,0.0,0.0,12.06,6.14,0.0
20070512:0410,0.0,0.0,0.0,0.0,12.05,6.07,0.0
20070512:0510,14.0,49.0,0.0,7.71,12.25,6.21,0.0
20070512:0610,79.0,124.0,0.0,17.34,12.48,6.14,0.0
20070512:0710,85.0,212.0,0.0,27.23,12.91,7.45,0.0
20070512:0810,22.0,262.0,0.0,37.0,13.97,7.93,0.0
20070512:0910,2.0,248.0,0.0,46.13,14.74,7.66,0.0
20070512:1010,73.0,398.0,0.0,53.79,15.63,7.59,0.0
20070512:1110,7.0,334.0,0.0,58.63,16.59,7.24,0.0
20070512:1210,91.0,429.0,0.0,59.14,17.4,7.17,0.0
20070512:1310,1.0,276.0,0.0,55.13,17.67,6.48,0.0
20070512:1410,178.0,359.0,0.0,47.95,18.04,6.48,0.0
20070512:1510,236.0,268.0,0.0,39.04,18.06,5.93,0.0
20070512:1610,68.0,230.0,0.0,29.36,18.38,5.59,0.0
20070512:1710,39.0,146.0,0.0,19.46,18.44,4.62,0.0
20070512:1810,16.0,65.0,0.0,9.75,17.92,3.72,0.0
20070512:1910,0.0,0.0,0.0,0.0,16.62,2.97,0.0
20070512:2010,0.0,0.0,0.0,0.0,15.3,2.41,0.0
20070512:2110,0.0,0.0,0.0,0.0,14.09,2.48,0.0
20070512:2210,0.0,0.0,0.0,0.0,13.29,2.55,0.0
20070512:2310,0.0,0.0,0.0,0.0,12.84,2.41,0.0
20070513:0010,0.0,0.0,0.0,0.0,12.36,2.34,0.0
20070513:0110,0.0,0.0,0.0,0.0,11.98,1.45,0.0
20070513:0210,0.0,0.0,0.0,0.0,11.68,1.03,0.0
20070513:0310,0.0,0.0,0.0,0.0,11.39,1.45,0.0
20070513:0410,0.0,0.0,0.0,0.0,11.16,1.93,0.0
20070513:0510,0.0,14.0,0.0,7.9,11.46,2.07,0.0
20070513:0610,0.0,22.0,0.0,17.52,12.37,2.34,0.0
20070513:0710,0.0,94.0,0.0,27.41,13.4,3.24,0.0
20070513:0810,474.0,121.0,0.0,37.19,14.07,3.86,0.0
20070513:0910,160.0,348.0,0.0,46.33,15.37,4.34,0.0
20070513:1010,627.01,178.0,0.0,54.02,18.86,5.86,0.0
20070513:1110,734.01,150.0,0.0,58.87,21.65,6.69,0.0
20070513:1210,0.0,94.0,0.0,59.38,19.51,8.21,0.0
20070513:1310,385.0,325.0,0.0,55.36,18.58,6.07,0.0
20070513:1410,549.0,176.0,0.0,48.15,18.51,6.76,0.0
20070513:1510,106.0,303.0,0.0,39.23,18.28,5.79,0.0
20070513:1610,344.0,115.0,0.0,29.54,18.18,6.34,0.0
20070513:1710,194.0,92.0,0.0,19.64,18.05,6.28,0.0
20070513:1810,45.0,63.0,0.0,9.93,17.46,5.66,0.0
20070513:1910,0.0,0.0,0.0,0.0,15.97,5.31,0.0
20070513:2010,0.0,0.0,0.0,0.0,15.69,5.45,0.0
20070513:2110,0.0,0.0,0.0,0.0,15.46,6.21,0.0
20070513:2210,0.0,0.0,0.0,0.0,14.88,6.62,0.0
20070513:2310,0.0,0.0,0.0,0.0,14.19,6.76,0.0
20070514:0010,0.0,0.0,0.0,0.0,13.49,6.62,0.0
20070514:0110,0.0,0.0,0.0,0.0,13.06,6.69,0.0
20070514:0210,0.0,0.0,0.0,0.0,12.73,6.76,0.0
20070514:0310,0.0,0.0,0.0,0.0,12.33,6.69,0.0
20070514:0410,0.0,0.0,0.0,0.0,12.18,6.62,0.0
20070514:0510,46.0,46.0,0.0,8.08,12.2,6.55,0.0
20070514:0610,59.0,131.0,0.0,17.7,12.42,6.14,0.0
20070514:0710,294.0,125.0,0.0,27.59,13.28,7.31,0.0
20070514:0810,406.0,165.0,0.0,37.37,14.07,7.79,0.0
20070514:0910,26.0,325.0,0.0,46.53,14.84,7.45,0.0
20070514:1010,15.0,342.0,0.0,54.23,15.96,7.03,0.0
20070514:1110,55.0,414.0,0.0,59.11,16.39,6.69,0.0
20070514:1210,47.0,411.0,0.0,59.63,16.64,6.21,0.0
20070514:1310,8.0,324.0,0.0,55.58,17.27,5.79,0.0
20070514:1410,107.0,371.0,0.0,48.34,17.58,5.52,0.0
20070514:1510,1.0,200.0,0.0,39.41,16.49,5.45,0.0
20070514:1610,0.0,86.0,0.0,29.71,14.56,5.1,0.0
20070514:1710,0.0,32.0,0.0,19.81,13.79,4.48,0.0
20070514:1810,0.0,11.0,0.0,10.11,13.32,5.31,0.0
20070514:1910,0.0,0.0,0.0,0.0,12.34,5.59,0.0
20070514:2010,0.0,0.0,0.0,0.0,11.42,5.52,0.0
20070514:2110,0.0,0.0,0.0,0.0,10.96,5.52,0.0
20070514:2210,0.0,0.0,0.0,0.0,10.72,5.17,0.0
20070514:2310,0.0,0.0,0.0,0.0,10.54,4.62,0.0
20070515:0010,0.0,0.0,0.0,0.0,10.18,4.14,0.0
20070515:0110,0.0,0.0,0.0,0.0,9.9,3.66,0.0
20070515:0210,0.0,0.0,0.0,0.0,9.51,3.31,0.0
20070515:0310,0.0,0.0,0.0,0.0,9.16,3.24,0.0
20070515:0410,0.0,0.0,0.0,0.0,8.94,3.17,0.0
20070515:0510,52.0,46.0,0.0,8.26,8.99,2.9,0.0
20070515:0610,170.0,88.0,0.0,17.87,9.57,2.97,0.0
20070515:0710,353.0,97.0,0.0,27.76,10.33,3.79,0.0
20070515:0810,158.0,284.0,0.0,37.54,11.64,3.52,0.0
20070515:0910,364.0,275.0,0.0,46.72,12.78,3.79,0.0
20070515:1010,240.0,386.0,0.0,54.45,13.52,4.48,0.0
20070515:1110,445.0,327.0,0.0,59.34,14.18,5.1,0.0
20070515:1210,283.0,404.0,0.0,59.86,14.83,5.79,0.0
20070515:1310,533.01,254.0,0.0,55.79,15.6,6.07,0.0
20070515:1410,2.0,260.0,0.0,48.54,15.67,6.14,0.0
20070515:1510,0.0,165.0,0.0,39.59,15.25,5.86,0.0
20070515:1610,0.0,133.0,0.0,29.88,14.59,5.59,0.0
20070515:1710,0.0,80.0,0.0,19.98,13.97,5.31,0.0
20070515:1810,0.0,36.0,0.0,10.29,13.4,4.83,0.0
20070515:1910,0.0,0.0,0.0,0.0,12.18,4.41,0.0
20070515:2010,0.0,0.0,0.0,0.0,11.85,4.55,0.0
20070515:2110,0.0,0.0,0.0,0.0,11.62,4.83,0.0
20070515:2210,0.0,0.0,0.0,0.0,11.49,4.9,0.0
20070515:2310,0.0,0.0,0.0,0.0,11.4,4.69,0.0
20070516:0010,0.0,0.0,0.0,0.0,11.31,4.41,0.0
20070516:0110,0.0,0.0,0.0,0.0,10.98,4.34,0.0
20070516:0210,0.0,0.0,0.0,0.0,10.79,4.48,0.0
20070516:0310,0.0,0.0,0.0,0.0,10.72,4.21,0.0
20070516:0410,0.0,0.0,0.0,0.0,10.69,3.86,0.0
20070516:0510,2.0,42.0,0.0,8.44,10.7,3.93,0.0
20070516:0610,0.0,62.0,0.0,18.04,11.16,3.79,0.0
20070516:0710,15.0,192.0,0.0,27.92,11.72,3.66,0.0
20070516:0810,0.0,164.0,0.0,37.71,12.28,4.48,0.0
20070516:0910,0.0,195.0,0.0,46.9,13.64,5.38,0.0
20070516:1010,0.0,183.0,0.0,54.65,14.67,5.86,0.0
20070516:1110,0.0,257.0,0.0,59.57,15.57,6.21,0.0
20070516:1210,2.0,300.0,0.0,60.09,16.43,6.76,0.0
20070516:1310,191.0,403.0,0.0,56.01,16.85,7.1,0.0
20070516:1410,457.0,234.0,0.0,48.73,16.71,7.03,0.0
20070516:1510,10.0,255.0,0.0,39.76,16.25,6.28,0.0
20070516:1610,0.0,81.0,0.0,30.05,15.63,5.38,0.0
20070516:1710,0.0,89.0,0.0,20.15,15.01,4.41,0.0
20070516:1810,2.0,54.0,0.0,10.46,14.55,3.93,0.0
20070516:1910,0.0,0.0,0.0,0.0,13.63,3.52,0.0
20070516:2010,0.0,0.0,0.0,0.0,13.16,3.1,0.0
20070516:2110,0.0,0.0,0.0,0.0,12.92,3.1,0.0
20070516:2210,0.0,0.0,0.0,0.0,12.86,3.66,0.0
20070516:2310,0.0,0.0,0.0,0.0,12.96,4.41,0.0
20070517:0010,0.0,0.0,0.0,0.0,13.14,5.17,0.0
20070517:0110,0.0,0.0,0.0,0.0,13.05,5.52,0.0
20070517:0210,0.0,0.0,0.0,0.0,12.89,5.59,0.0
20070517:0310,0.0,0.0,0.0,0.0,12.86,5.31,0.0
20070517:0410,0.0,0.0,0.0,0.0,13.05,5.52,0.0
20070517:0510,0.0,27.0,0.0,8.6,13.32,5.93,0.0
20070517:0610,4.0,107.0,0.0,18.2,13.53,5.93,0.0
20070517:0710,0.0,109.0,0.0,28.08,13.68,4.83,0.0
20070517:0810,0.0,153.0,0.0,37.88,14.05,4.76,0.0
20070517:0910,2.0,246.0,0.0,47.08,14.39,4.97,0.0
20070517:1010,0.0,194.0,0.0,54.85,14.7,5.1,0.0
20070517:1110,6.0,322.0,0.0,59.79,15.71,4.83,0.0
20070517:1210,0.0,260.0,0.0,60.32,16.4,5.38,0.0
20070517:1310,0.0,176.0,0.0,56.21,16.87,4.97,0.0
20070517:1410,9.0,293.0,0.0,48.92,17.43,5.86,0.0
20070517:1510,11.0,254.0,0.0,39.93,17.45,5.45,0.0
20070517:1610,0.0,128.0,0.0,30.22,17.57,5.66,0.0
20070517:1710,2.0,108.0,0.0,20.32,17.36,4.76,0.0
20070517:1810,1.0,48.0,0.0,10.63,16.98,4.07,0.0
20070517:1910,0.0,0.0,0.0,0.0,16.24,3.24,0.0
20070517:2010,0.0,0.0,0.0,0.0,15.81,2.62,0.0
20070517:2110,0.0,0.0,0.0,0.0,15.36,2.07,0.0
20070517:2210,0.0,0.0,0.0,0.0,15.05,1.72,0.0
20070517:2310,0.0,0.0,0.0,0.0,14.53,1.59,0.0
20070518:0010,0.0,0.0,0.0,0.0,13.68,1.59,0.0
20070518:0110,0.0,0.0,0.0,0.0,12.88,1.72,0.0
20070518:0210,0.0,0.0,0.0,0.0,12.25,1.79,0.0
20070518:0310,0.0,0.0,0.0,0.0,11.95,1.66,0.0
20070518:0410,0.0,0.0,0.0,0.0,12.04,1.52,0.0
20070518:0510,2.0,46.0,0.0,8.77,12.45,1.38,0.0
20070518:0610,12.0,124.0,0.0,18.36,14.01,1.72,0.0
20070518:0710,198.0,177.0,0.0,28.23,15.3,2.34,0.0
20070518:0810,471.0,126.0,0.0,38.03,16.33,2.62,0.0
20070518:0910,602.0,133.0,0.0,47.25,17.49,3.03,0.0
20070518:1010,327.0,345.0,0.0,55.04,18.27,3.24,0.0
20070518:1110,624.01,217.0,0.0,60.01,18.96,3.17,0.0
20070518:1210,298.0,391.0,0.0,60.54,19.47,3.17,0.0
20070518:1310,8.0,321.0,0.0,56.42,19.57,3.17,0.0
20070518:1410,0.0,115.0,0.0,49.1,19.93,3.59,0.0
20070518:1510,0.0,176.0,0.0,40.1,20.0,3.1,0.0
20070518:1610,0.0,142.0,0.0,30.38,20.14,3.1,0.0
20070518:1710,0.0,48.0,0.0,20.49,20.27,3.17,0.0
20070518:1810,0.0,27.0,0.0,10.8,20.09,3.1,0.0
20070518:1910,0.0,1.0,0.0,1.68,19.27,3.24,0.0
20070518:2010,0.0,0.0,0.0,0.0,18.4,3.17,0.0
20070518:2110,0.0,0.0,0.0,0.0,17.47,3.17,0.0
20070518:2210,0.0,0.0,0.0,0.0,17.08,3.31,0.0
20070518:2310,0.0,0.0,0.0,0.0,16.95,3.31,0.0
20070519:0010,0.0,0.0,0.0,0.0,16.56,3.24,0.0
20070519:0110,0.0,0.0,0.0,0.0,16.2,2.9,0.0
20070519:0210,0.0,0.0,0.0,0.0,15.52,2.9,0.0
20070519:0310,0.0,0.0,0.0,0.0,14.65,2.9,0.0
20070519:0410,0.0,0.0,0.0,0.0,13.97,2.55,0.0
20070519:0510,0.0,34.0,0.0,8.92,13.57,2.21,0.0
20070519:0610,2.0,102.0,0.0,18.5,13.51,2.0,0.0
20070519:0710,6.0,175.0,0.0,28.38,13.68,2.07,0.0
20070519:0810,29.0,275.0,0.0,38.19,14.0,1.86,0.0
20070519:0910,20.0,316.0,0.0,47.41,14.09,1.52,0.0
20070519:1010,0.0,184.0,0.0,55.23,14.65,1.1,0.0
20070519:1110,1.0,281.0,0.0,60.22,15.08,0.83,0.0
20070519:1210,49.0,413.0,0.0,60.76,15.67,0.9,0.0
20070519:1310,54.0,397.0,0.0,56.62,15.9,0.83,0.0
20070519:1410,2.0,255.0,0.0,49.28,16.3,0.9,0.0
20070519:1510,152.0,303.0,0.0,40.27,16.56,1.24,0.0
20070519:1610,7.0,193.0,0.0,30.54,16.54,1.79,0.0
20070519:1710,13.0,140.0,0.0,20.65,16.48,2.07,0.0
20070519:1810,0.0,33.0,0.0,10.97,16.15,1.79,0.0
20070519:1910,0.0,1.0,0.0,1.85,16.11,1.93,0.0
20070519:2010,0.0,0.0,0.0,0.0,15.32,2.14,0.0
20070519:2110,0.0,0.0,0.0,0.0,14.55,2.48,0.0
20070519:2210,0.0,0.0,0.0,0.0,13.9,2.9,0.0
20070519:2310,0.0,0.0,0.0,0.0,13.35,3.31,0.0
20070520:0010,0.0,0.0,0.0,0.0,12.76,3.45,0.0
20070520:0110,0.0,0.0,0.0,0.0,12.39,3.31,0.0
20070520:0210,0.0,0.0,0.0,0.0,12.16,3.45,0.0
20070520:0310,0.0,0.0,0.0,0.0,11.97,3.1,0.0
20070520:0410,0.0,0.0,0.0,0.0,11.13,3.45,0.0
20070520:0510,0.0,13.0,0.0,9.07,10.82,3.59,0.0
20070520:0610,0.0,35.0,0.0,18.65,10.62,3.66,0.0
20070520:0710,6.0,173.0,0.0,28.52,10.62,3.31,0.0
20070520:0810,0.0,83.0,0.0,38.33,11.19,3.38,0.0
20070520:0910,0.0,157.0,0.0,47.57,11.7,3.45,0.0
20070520:1010,1.0,275.0,0.0,55.41,12.4,3.45,0.0
20070520:1110,1.0,289.0,0.0,60.42,13.61,3.59,0.0
20070520:1210,0.0,172.0,0.0,60.97,14.89,3.17,0.0
20070520:1310,0.0,199.0,0.0,56.81,16.16,2.97,0.0
20070520:1410,0.0,125.0,0.0,49.46,16.76,2.62,0.0
20070520:1510,0.0,147.0,0.0,40.44,17.18,2.21,0.0
20070520:1610,1.0,159.0,0.0,30.7,17.2,2.69,0.0
20070520:1710,0.0,96.0,0.0,20.81,16.93,2.9,0.0
20070520:1810,0.0,12.0,0.0,11.14,16.42,2.69,0.0
20070520:1910,0.0,6.0,0.0,2.03,15.33,2.34,0.0
20070520:2010,0.0,0.0,0.0,0.0,14.79,2.28,0.0
20070520:2110,0.0,0.0,0.0,0.0,14.39,2.48,0.0
20070520:2210,0.0,0.0,0.0,0.0,14.06,2.34,0.0
20070520:2310,0.0,0.0,0.0,0.0,13.81,2.41,0.0
20070521:0010,0.0,0.0,0.0,0.0,13.64,2.34,0.0
20070521:0110,0.0,0.0,0.0,0.0,13.52,2.14,0.0
20070521:0210,0.0,0.0,0.0,0.0,13.42,2.0,0.0
20070521:0310,0.0,0.0,0.0,0.0,13.25,2.14,0.0
20070521:0410,0.0,0.0,0.0,0.0,13.24,2.41,0.0
20070521:0510,0.0,9.0,0.0,9.22,13.38,2.55,0.0
20070521:0610,0.0,49.0,0.0,18.79,14.13,3.38,0.0
20070521:0710,1.0,143.0,0.0,28.66,15.53,4.07,0.0
20070521:0810,0.0,179.0,0.0,38.47,17.06,4.41,0.0
20070521:0910,0.0,220.0,0.0,47.73,19.05,4.62,0.0
20070521:1010,13.0,337.0,0.0,55.58,20.73,4.28,0.0
20070521:1110,397.0,345.0,0.0,60.62,22.05,3.52,0.0
20070521:1210,322.0,382.0,0.0,61.17,22.93,3.17,0.0
20070521:1310,31.0,374.0,0.0,57.01,23.89,3.86,0.0
20070521:1410,315.0,309.0,0.0,49.63,23.57,3.93,0.0
20070521:1510,0.0,154.0,0.0,40.6,22.88,3.93,0.0
20070521:1610,333.0,128.0,0.0,30.86,22.0,3.86,0.0
20070521:1710,208.0,95.0,0.0,20.96,21.39,3.03,0.0
20070521:1810,83.0,60.0,0.0,11.3,20.79,2.0,0.0
20070521:1910,0.0,9.0,0.0,2.2,20.14,2.0,0.0
20070521:2010,0.0,0.0,0.0,0.0,18.59,2.21,0.0
20070521:2110,0.0,0.0,0.0,0.0,17.46,2.28,0.0
20070521:2210,0.0,0.0,0.0,0.0,16.66,2.28,0.0
20070521:2310,0.0,0.0,0.0,0.0,16.03,2.34,0.0
20070522:0010,0.0,0.0,0.0,0.0,15.59,2.28,0.0
20070522:0110,0.0,0.0,0.0,0.0,14.99,2.21,0.0
20070522:0210,0.0,0.0,0.0,0.0,14.4,2.07,0.0
20070522:0310,0.0,0.0,0.0,0.0,13.8,2.0,0.0
20070522:0410,0.0,0.0,0.0,0.0,13.04,1.86,0.0
20070522:0510,35.0,60.0,0.0,9.36,12.63,1.59,0.0
20070522:0610,174.0,93.0,0.0,18.92,14.3,1.38,0.0
20070522:0710,337.0,109.0,0.0,28.79,15.08,2.41,0.0
20070522:0810,136.0,292.0,0.0,38.61,16.32,2.21,0.0
20070522:0910,130.0,360.0,0.0,47.87,17.73,2.0,0.0
20070522:1010,5.0,308.0,0.0,55.75,18.9,1.93,0.0
20070522:1110,31.0,391.0,0.0,60.81,20.46,2.0,0.0
20070522:1210,302.0,394.0,0.0,61.37,21.27,2.07,0.0
20070522:1310,104.0,415.0,0.0,57.19,21.9,2.41,0.0
20070522:1410,443.0,247.0,0.0,49.8,21.83,2.97,0.0
20070522:1510,228.0,278.0,0.0,40.75,21.3,3.66,0.0
20070522:1610,375.0,110.0,0.0,31.01,20.92,4.07,0.0
20070522:1710,88.0,152.0,0.0,21.12,20.4,4.07,0.0
20070522:1810,79.0,62.0,0.0,11.46,19.55,3.72,0.0
20070522:1910,0.0,1.0,0.0,2.36,18.2,3.66,0.0
20070522:2010,0.0,0.0,0.0,0.0,17.14,3.59,0.0
20070522:2110,0.0,0.0,0.0,0.0,16.52,3.52,0.0
20070522:2210,0.0,0.0,0.0,0.0,15.93,3.1,0.0
20070522:2310,0.0,0.0,0.0,0.0,15.32,2.83,0.0
20070523:0010,0.0,0.0,0.0,0.0,14.53,2.83,0.0
20070523:0110,0.0,0.0,0.0,0.0,13.85,2.69,0.0
20070523:0210,0.0,0.0,0.0,0.0,13.22,2.62,0.0
20070523:0310,0.0,0.0,0.0,0.0,12.7,2.69,0.0
20070523:0410,0.0,0.0,0.0,0.0,12.47,2.76,0.0
20070523:0510,0.0,37.0,0.0,9.49,12.73,2.69,0.0
20070523:0610,0.0,79.0,0.0,19.05,13.49,3.03,0.0
20070523:0710,0.0,114.0,0.0,28.92,14.15,3.24,0.0
20070523:0810,0.0,165.0,0.0,38.74,15.12,3.38,0.0
20070523:0910,0.0,207.0,0.0,48.01,15.85,3.24,0.0
20070523:1010,1.0,280.0,0.0,55.91,16.82,3.1,0.0
20070523:1110,19.0,373.0,0.0,61.0,17.92,3.31,0.0
20070523:1210,381.0,363.0,0.0,61.57,19.13,3.38,0.0
20070523:1310,0.0,0.0,0.0,0.0,19.76,3.1,0.0
20070523:1410,565.0,179.0,0.0,49.96,20.28,2.97,0.0
20070523:1510,473.0,152.0,0.0,40.91,20.62,2.9,0.0
20070523:1610,313.0,147.0,0.0,31.16,20.74,3.1,0.0
20070523:1710,204.0,102.0,0.0,21.27,20.63,3.17,0.0
20070523:1810,78.0,65.0,0.0,11.61,20.39,3.03,0.0
20070523:1910,0.0,11.0,0.0,2.53,19.13,2.76,0.0
20070523:2010,0.0,0.0,0.0,0.0,18.38,2.97,0.0
20070523:2110,0.0,0.0,0.0,0.0,17.43,3.1,0.0
20070523:2210,0.0,0.0,0.0,0.0,16.68,2.97,0.0
20070523:2310,0.0,0.0,0.0,0.0,16.21,2.97,0.0
20070524:0010,0.0,0.0,0.0,0.0,15.56,2.97,0.0
20070524:0110,0.0,0.0,0.0,0.0,15.1,3.1,0.0
20070524:0210,0.0,0.0,0.0,0.0,14.7,3.03,0.0
20070524:0310,0.0,0.0,0.0,0.0,14.43,2.97,0.0
20070524:0410,0.0,0.0,0.0,0.0,14.23,2.9,0.0
20070524:0510,24.0,65.0,0.0,9.62,14.38,2.76,0.0
20070524:0610,116.0,125.0,0.0,19.17,14.82,2.76,0.0
20070524:0710,310.0,127.0,0.0,29.04,16.34,2.83,0.0
20070524:0810,489.0,125.0,0.0,38.86,18.01,2.62,0.0
20070524:0910,620.0,133.0,0.0,48.15,19.9,2.48,0.0
20070524:1010,718.01,137.0,0.0,56.07,21.58,2.48,0.0
20070524:1110,804.01,122.0,0.0,61.17,22.96,2.55,0.0
20070524:1210,767.01,145.0,0.0,61.76,23.87,2.14,0.0
20070524:1310,753.01,128.0,0.0,57.55,24.43,1.93,0.0
20070524:1410,611.0,151.0,0.0,50.13,24.6,2.0,0.0
20070524:1510,475.0,152.0,0.0,41.06,24.55,2.21,0.0
20070524:1610,215.0,199.0,0.0,31.31,24.28,2.41,0.0
20070524:1710,54.0,161.0,0.0,21.42,23.91,2.41,0.0
20070524:1810,45.0,79.0,0.0,11.76,23.18,2.14,0.0
20070524:1910,2.0,11.62,0.0,2.69,22.01,2.07,0.0
20070524:2010,0.0,0.0,0.0,0.0,20.51,2.14,0.0
20070524:2110,0.0,0.0,0.0,0.0,19.34,2.0,0.0
20070524:2210,0.0,0.0,0.0,0.0,18.23,1.93,0.0
20070524:2310,0.0,0.0,0.0,0.0,17.34,2.07,0.0
20070525:0010,0.0,0.0,0.0,0.0,16.56,2.14,0.0
20070525:0110,0.0,0.0,0.0,0.0,16.06,2.14,0.0
20070525:0210,0.0,0.0,0.0,0.0,15.51,2.07,0.0
20070525:0310,0.0,0.0,0.0,0.0,15.05,1.86,0.0
20070525:0410,0.0,0.0,0.0,0.0,14.59,1.79,0.0
20070525:0510,19.0,65.0,0.0,9.74,14.49,1.52,0.0
20070525:0610,117.0,124.0,0.0,19.28,16.46,1.24,0.0
20070525:0710,259.0,154.0,0.0,29.15,18.65,1.38,0.0
20070525:0810,442.0,149.0,0.0,38.98,20.82,1.45,0.0
20070525:0910,589.0,147.0,0.0,48.28,22.72,1.66,0.0
20070525:1010,662.01,164.0,0.0,56.21,23.99,1.79,0.0
20070525:1110,522.0,284.0,0.0,61.35,24.76,1.1,0.0
20070525:1210,559.01,266.0,0.0,61.94,25.08,0.62,0.0
20070525:1310,182.0,410.0,0.0,57.73,25.2,0.55,0.0
20070525:1410,37.0,349.0,0.0,50.28,25.12,1.17,0.0
20070525:1510,0.0,57.0,0.0,41.21,24.74,0.14,0.0
20070525:1610,0.0,43.0,0.0,31.45,21.41,3.17,0.0
20070525:1710,0.0,35.0,0.0,21.56,19.17,2.07,0.0
20070525:1810,0.0,22.0,0.0,11.91,19.07,0.97,0.0
20070525:1910,5.0,12.02,0.0,2.84,19.05,1.24,0.0
20070525:2010,0.0,0.0,0.0,0.0,18.27,1.59,0.0
20070525:2110,0.0,0.0,0.0,0.0,17.29,2.07,0.0
20070525:2210,0.0,0.0,0.0,0.0,16.69,1.79,0.0
20070525:2310,0.0,0.0,0.0,0.0,16.32,1.79,0.0
20070526:0010,0.0,0.0,0.0,0.0,15.94,2.0,0.0
20070526:0110,0.0,0.0,0.0,0.0,15.7,1.86,0.0
20070526:0210,0.0,0.0,0.0,0.0,15.26,1.45,0.0
20070526:0310,0.0,0.0,0.0,0.0,15.06,1.24,0.0
20070526:0410,0.0,0.0,0.0,0.0,14.67,1.45,0.0
20070526:0510,0.0,23.0,0.0,9.86,14.61,1.86,0.0
20070526:0610,3.0,109.0,0.0,19.39,14.99,2.48,0.0
20070526:0710,0.0,88.0,0.0,29.26,15.5,2.9,0.0
20070526:0810,60.0,295.0,0.0,39.09,16.82,1.93,0.0
20070526:0910,119.0,363.0,0.0,48.4,18.03,1.45,0.0
20070526:1010,111.0,409.0,0.0,56.36,19.15,2.14,0.0
20070526:1110,90.0,432.0,0.0,61.51,20.79,2.41,0.0
20070526:1210,107.0,437.0,0.0,62.12,21.7,2.14,0.0
20070526:1310,155.0,416.0,0.0,57.89,22.37,1.86,0.0
20070526:1410,2.0,258.0,0.0,50.44,22.11,1.86,0.0
20070526:1510,7.0,252.0,0.0,41.35,22.11,2.34,0.0
20070526:1610,0.0,89.0,0.0,31.59,21.28,1.59,0.0
20070526:1710,0.0,60.0,0.0,21.7,19.08,1.66,0.0
20070526:1810,0.0,15.0,0.0,12.06,17.98,2.97,0.0
20070526:1910,0.0,2.0,0.0,3.0,15.9,4.41,0.0
20070526:2010,0.0,0.0,0.0,0.0,15.06,4.21,0.0
20070526:2110,0.0,0.0,0.0,0.0,14.37,3.93,0.0
20070526:2210,0.0,0.0,0.0,0.0,13.54,3.93,0.0
20070526:2310,0.0,0.0,0.0,0.0,12.72,4.14,0.0
20070527:0010,0.0,0.0,0.0,0.0,11.89,4.14,0.0
20070527:0110,0.0,0.0,0.0,0.0,11.28,3.93,0.0
20070527:0210,0.0,0.0,0.0,0.0,10.75,3.52,0.0
20070527:0310,0.0,0.0,0.0,0.0,10.14,2.9,0.0
20070527:0410,0.0,0.0,0.0,0.0,9.63,2.69,0.0
20070527:0510,0.0,11.0,0.0,9.97,9.69,2.69,0.0
20070527:0610,53.0,146.0,0.0,19.5,10.56,3.45,0.0
20070527:0710,48.0,226.0,0.0,29.36,11.39,4.34,0.0
20070527:0810,29.0,281.0,0.0,39.19,12.29,4.9,0.0
20070527:0910,57.0,358.0,0.0,48.51,12.93,5.38,0.0
20070527:1010,10.0,332.0,0.0,56.49,13.36,5.45,0.0
20070527:1110,0.0,120.0,0.0,61.67,13.21,4.83,0.0
20070527:1210,0.0,192.0,0.0,62.29,13.27,4.55,0.0
20070527:1310,0.0,130.0,0.0,58.06,13.14,5.24,0.0
20070527:1410,0.0,132.0,0.0,50.59,12.57,5.66,0.0
20070527:1510,0.0,99.0,0.0,41.49,12.46,6.0,0.0
20070527:1610,0.0,70.0,0.0,31.73,11.97,5.45,0.0
20070527:1710,0.0,81.0,0.0,21.84,12.11,4.62,0.0
20070527:1810,0.0,14.0,0.0,12.2,12.21,4.69,0.0
20070527:1910,0.0,4.0,0.0,3.14,11.42,4.14,0.0
20070527:2010,0.0,0.0,0.0,0.0,10.79,4.34,0.0
20070527:2110,0.0,0.0,0.0,0.0,10.31,4.62,0.0
20070527:2210,0.0,0.0,0.0,0.0,9.89,4.76,0.0
20070527:2310,0.0,0.0,0.0,0.0,9.77,4.69,0.0
20070528:0010,0.0,0.0,0.0,0.0,9.33,4.41,0.0
20070528:0110,0.0,0.0,0.0,0.0,9.19,4.21,0.0
20070528:0210,0.0,0.0,0.0,0.0,9.03,3.86,0.0
20070528:0310,0.0,0.0,0.0,0.0,8.93,3.52,0.0
20070528:0410,0.0,0.0,0.0,0.0,8.74,3.1,0.0
20070528:0510,0.0,22.0,0.0,10.07,8.94,2.55,0.0
20070528:0610,15.0,136.0,0.0,19.6,9.23,2.07,0.0
20070528:0710,13.0,200.0,0.0,29.45,10.09,2.0,0.0
20070528:0810,82.0,307.0,0.0,39.29,10.77,1.1,0.0
20070528:0910,6.0,287.0,0.0,48.62,11.77,0.28,0.0
20070528:1010,14.0,349.0,0.0,56.62,12.79,0.9,0.0
20070528:1110,128.0,446.0,0.0,61.83,13.29,2.07,0.0
20070528:1210,129.0,449.0,0.0,62.45,14.22,2.9,0.0
20070528:1310,7.0,331.0,0.0,58.22,14.76,3.31,0.0
20070528:1410,11.0,313.0,0.0,50.73,15.01,3.17,0.0
20070528:1510,0.0,180.0,0.0,41.63,14.65,4.07,0.0
20070528:1610,360.0,131.0,0.0,31.87,13.07,6.0,0.0
20070528:1710,21.0,158.0,0.0,21.98,11.69,7.52,0.0
20070528:1810,4.0,73.0,0.0,12.34,10.87,7.17,0.0
20070528:1910,0.0,4.0,0.0,3.29,9.89,6.28,0.0
20070528:2010,0.0,0.0,0.0,0.0,9.14,6.34,0.0
20070528:2110,0.0,0.0,0.0,0.0,8.93,5.52,0.0
20070528:2210,0.0,0.0,0.0,0.0,8.87,5.45,0.0
20070528:2310,0.0,0.0,0.0,0.0,8.83,5.79,0.0
20070529:0010,0.0,0.0,0.0,0.0,8.74,5.86,0.0
20070529:0110,0.0,0.0,0.0,0.0,8.59,5.38,0.0
20070529:0210,0.0,0.0,0.0,0.0,8.42,4.83,0.0
20070529:0310,0.0,0.0,0.0,0.0,8.21,4.55,0.0
20070529:0410,0.0,0.0,0.0,0.0,7.89,4.14,0.0
20070529:0510,3.0,58.0,0.0,10.17,7.63,3.52,0.0
20070529:0610,203.0,92.0,0.0,19.69,8.04,3.79,0.0
20070529:0710,245.0,176.0,0.0,29.54,8.72,4.97,0.0
20070529:0810,458.0,157.0,0.0,39.39,9.93,4.76,0.0
20070529:0910,9.0,303.0,0.0,48.73,10.49,4.14,0.0
20070529:1010,296.0,383.0,0.0,56.74,11.3,4.34,0.0
20070529:1110,209.0,440.0,0.0,61.97,12.08,4.48,0.0
20070529:1210,296.0,417.0,0.0,62.61,12.72,4.41,0.0
20070529:1310,144.0,431.0,0.0,58.37,12.88,4.48,0.0
20070529:1410,384.0,301.0,0.0,50.88,13.4,4.41,0.0
20070529:1510,460.0,179.0,0.0,41.77,13.7,4.0,0.0
20070529:1610,232.0,206.0,0.0,32.0,13.75,3.45,0.0
20070529:1710,136.0,150.0,0.0,22.11,13.85,2.9,0.0
20070529:1810,63.0,82.0,0.0,12.48,13.68,2.0,0.0
20070529:1910,6.0,16.64,0.0,3.43,12.91,1.86,0.0
20070529:2010,0.0,0.0,0.0,0.0,12.04,2.0,0.0
20070529:2110,0.0,0.0,0.0,0.0,11.51,2.07,0.0
20070529:2210,0.0,0.0,0.0,0.0,10.93,2.14,0.0
20070529:2310,0.0,0.0,0.0,0.0,10.5,2.21,0.0
20070530:0010,0.0,0.0,0.0,0.0,10.01,2.48,0.0
20070530:0110,0.0,0.0,0.0,0.0,9.74,2.76,0.0
20070530:0210,0.0,0.0,0.0,0.0,9.76,2.97,0.0
20070530:0310,0.0,0.0,0.0,0.0,10.27,2.9,0.0
20070530:0410,0.0,0.0,0.0,0.0,10.38,2.97,0.0
20070530:0510,31.0,70.0,0.0,10.26,10.75,3.31,0.0
20070530:0610,117.0,131.0,0.0,19.78,11.31,3.38,0.0
20070530:0710,3.0,170.0,0.0,29.63,12.56,5.03,0.0
20070530:0810,1.0,204.0,0.0,39.47,13.89,5.93,0.0
20070530:0910,0.0,202.0,0.0,48.82,14.66,5.93,0.0
20070530:1010,2.0,287.0,0.0,56.86,15.24,6.14,0.0
20070530:1110,0.0,167.0,0.0,62.11,15.31,6.14,0.0
20070530:1210,1.0,284.0,0.0,62.77,14.84,5.45,0.0
20070530:1310,9.0,335.0,0.0,58.52,14.82,5.38,0.0
20070530:1410,0.0,136.0,0.0,51.02,15.07,4.76,0.0
20070530:1510,114.0,320.0,0.0,41.9,15.88,5.24,0.0
20070530:1610,0.0,59.0,0.0,32.12,16.03,4.41,0.0
20070530:1710,0.0,84.0,0.0,22.24,15.16,4.62,0.0
20070530:1810,0.0,21.0,0.0,12.61,14.63,4.34,0.0
20070530:1910,0.0,4.0,0.0,3.57,13.6,3.45,0.0
20070530:2010,0.0,0.0,0.0,0.0,13.14,3.38,0.0
20070530:2110,0.0,0.0,0.0,0.0,12.63,3.52,0.0
20070530:2210,0.0,0.0,0.0,0.0,12.0,3.24,0.0
20070530:2310,0.0,0.0,0.0,0.0,11.46,2.83,0.0
20070531:0010,0.0,0.0,0.0,0.0,10.87,2.69,0.0
20070531:0110,0.0,0.0,0.0,0.0,10.34,2.76,0.0
20070531:0210,0.0,0.0,0.0,0.0,9.8,2.69,0.0
20070531:0310,0.0,0.0,0.0,0.0,9.41,2.62,0.0
20070531:0410,0.0,3.0,0.0,1.52,8.91,2.55,0.0
20070531:0510,23.0,72.0,0.0,10.35,9.02,2.28,0.0
20070531:0610,181.0,102.0,0.0,19.86,10.27,2.14,0.0
20070531:0710,48.0,228.0,0.0,29.71,11.98,3.45,0.0
20070531:0810,57.0,303.0,0.0,39.56,13.02,3.24,0.0
20070531:0910,208.0,355.0,0.0,48.92,14.39,3.31,0.0
20070531:1010,87.0,415.0,0.0,56.97,15.43,3.31,0.0
20070531:1110,417.0,354.0,0.0,62.25,16.43,3.59,0.0
20070531:1210,1.0,302.0,0.0,62.92,17.45,3.86,0.0
20070531:1310,156.0,426.0,0.0,58.66,17.77,3.59,0.0
20070531:1410,242.0,359.0,0.0,51.15,18.23,3.31,0.0
20070531:1510,230.0,293.0,0.0,42.03,18.48,3.17,0.0
20070531:1610,3.0,185.0,0.0,32.25,17.89,3.38,0.0
20070531:1710,0.0,49.0,0.0,22.36,15.15,3.72,0.0
20070531:1810,0.0,27.0,0.0,12.74,13.64,2.83,0.0
20070531:1910,0.0,3.0,0.0,3.7,12.77,2.07,0.0
20070531:2010,0.0,0.0,0.0,0.0,11.99,1.93,0.0
20070531:2110,0.0,0.0,0.0,0.0,11.41,2.0,0.0
20070531:2210,0.0,0.0,0.0,0.0,10.82,2.14,0.0
20070531:2310,0.0,0.0,0.0,0.0,10.51,2.14,0.0
20070601:0010,0.0,0.0,0.0,0.0,10.24,2.28,0.0
20070601:0110,0.0,0.0,0.0,0.0,9.88,2.48,0.0
20070601:0210,0.0,0.0,0.0,0.0,9.39,2.48,0.0
20070601:0310,0.0,0.0,0.0,0.0,9.23,2.34,0.0
20070601:0410,0.0,6.0,0.0,1.61,8.81,2.28,0.0
20070601:0510,48.0,68.0,0.0,10.43,8.85,1.93,0.0
20070601:0610,192.0,97.0,0.0,19.93,10.21,2.14,0.0
20070601:0710,315.0,135.0,0.0,29.78,11.61,2.76,0.0
20070601:0810,474.0,144.0,0.0,39.63,12.81,2.9,0.0
20070601:0910,322.0,310.0,0.0,49.0,13.9,2.76,0.0
20070601:1010,276.0,386.0,0.0,57.07,15.01,3.1,0.0
20070601:1110,62.0,430.0,0.0,62.38,15.86,3.45,0.0
20070601:1210,315.0,404.0,0.0,63.06,16.62,3.79,0.0
20070601:1310,82.0,422.0,0.0,58.8,17.02,4.07,0.0
20070601:1410,360.0,309.0,0.0,51.28,17.29,4.21,0.0
20070601:1510,364.0,231.0,0.0,42.15,17.25,4.34,0.0
20070601:1610,156.0,237.0,0.0,32.37,16.87,4.28,0.0
20070601:1710,8.0,145.0,0.0,22.48,16.05,3.59,0.0
20070601:1810,46.0,89.0,0.0,12.86,15.35,3.31,0.0
20070601:1910,2.0,17.59,0.0,3.83,14.82,2.83,0.0
20070601:2010,0.0,0.0,0.0,0.0,14.04,2.69,0.0
20070601:2110,0.0,0.0,0.0,0.0,13.4,2.48,0.0
20070601:2210,0.0,0.0,0.0,0.0,12.99,2.41,0.0
20070601:2310,0.0,0.0,0.0,0.0,12.42,2.69,0.0
20070602:0010,0.0,0.0,0.0,0.0,11.68,2.9,0.0
20070602:0110,0.0,0.0,0.0,0.0,11.44,2.97,0.0
20070602:0210,0.0,0.0,0.0,0.0,11.41,2.9,0.0
20070602:0310,0.0,0.0,0.0,0.0,11.01,3.03,0.0
20070602:0410,0.0,1.0,0.0,1.7,10.59,3.03,0.0
20070602:0510,70.0,59.0,0.0,10.51,10.78,2.97,0.0
20070602:0610,25.0,145.0,0.0,20.0,12.01,3.38,0.0
20070602:0710,307.0,137.0,0.0,29.85,12.85,4.14,0.0
20070602:0810,479.0,136.0,0.0,39.7,14.37,4.21,0.0
20070602:0910,595.0,152.0,0.0,49.08,16.09,4.21,0.0
20070602:1010,716.01,144.0,0.0,57.17,17.56,4.0,0.0
20070602:1110,770.01,146.0,0.0,62.5,18.84,3.79,0.0
20070602:1210,798.01,134.0,0.0,63.19,19.96,3.38,0.0
20070602:1310,754.01,134.0,0.0,58.94,20.62,3.1,0.0
20070602:1410,657.0,136.0,0.0,51.41,21.31,3.03,0.0
20070602:1510,498.0,148.0,0.0,42.27,21.74,3.45,0.0
20070602:1610,413.0,106.0,0.0,32.49,21.61,3.72,0.0
20070602:1710,213.0,110.0,0.0,22.6,20.87,3.38,0.0
20070602:1810,95.0,71.0,0.0,12.98,19.79,3.17,0.0
20070602:1910,4.0,20.08,0.0,3.96,19.03,3.1,0.0
20070602:2010,0.0,0.0,0.0,0.0,18.01,3.38,0.0
20070602:2110,0.0,0.0,0.0,0.0,17.25,3.31,0.0
20070602:2210,0.0,0.0,0.0,0.0,16.45,3.03,0.0
20070602:2310,0.0,0.0,0.0,0.0,15.94,2.83,0.0
20070603:0010,0.0,0.0,0.0,0.0,15.34,2.76,0.0
20070603:0110,0.0,0.0,0.0,0.0,14.55,2.69,0.0
20070603:0210,0.0,0.0,0.0,0.0,13.85,2.69,0.0
20070603:0310,0.0,0.0,0.0,0.0,13.48,2.62,0.0
20070603:0410,0.0,4.0,0.0,1.78,13.01,2.55,0.0
20070603:0510,20.0,72.0,0.0,10.58,13.05,2.34,0.0
20070603:0610,124.0,130.0,0.0,20.07,14.32,2.28,0.0
20070603:0710,297.0,143.0,0.0,29.91,16.16,2.62,0.0
20070603:0810,457.0,150.0,0.0,39.77,17.91,2.55,0.0
20070603:0910,598.0,151.0,0.0,49.15,19.54,2.55,0.0
20070603:1010,719.01,143.0,0.0,57.26,20.99,2.83,0.0
20070603:1110,384.0,366.0,0.0,62.61,21.54,3.03,0.0
20070603:1210,0.0,281.0,0.0,63.32,21.81,2.76,0.0
20070603:1310,96.0,422.0,0.0,59.07,21.94,2.41,0.0
20070603:1410,52.0,368.0,0.0,51.53,22.23,2.28,0.0
20070603:1510,14.0,276.0,0.0,42.39,22.16,2.28,0.0
20070603:1610,150.0,237.0,0.0,32.6,22.14,2.41,0.0
20070603:1710,0.0,75.0,0.0,22.72,21.65,2.34,0.0
20070603:1810,0.0,53.0,0.0,13.1,20.92,2.41,0.0
20070603:1910,4.0,20.11,0.0,4.08,19.28,2.76,0.0
20070603:2010,0.0,0.0,0.0,0.0,18.31,2.9,0.0
20070603:2110,0.0,0.0,0.0,0.0,17.7,2.76,0.0
20070603:2210,0.0,0.0,0.0,0.0,17.04,2.48,0.0
20070603:2310,0.0,0.0,0.0,0.0,16.47,2.48,0.0
20070604:0010,0.0,0.0,0.0,0.0,15.98,2.48,0.0
20070604:0110,0.0,0.0,0.0,0.0,15.58,2.48,0.0
20070604:0210,0.0,0.0,0.0,0.0,15.2,2.41,0.0
20070604:0310,0.0,0.0,0.0,0.0,15.05,2.41,0.0
20070604:0410,0.0,6.0,0.0,1.85,14.73,2.41,0.0
20070604:0510,0.0,38.0,0.0,10.64,14.88,2.41,0.0
20070604:0610,39.0,149.0,0.0,20.13,15.83,2.55,0.0
20070604:0710,132.0,218.0,0.0,29.97,17.54,3.17,0.0
20070604:0810,71.0,302.0,0.0,39.83,19.02,3.52,0.0
20070604:0910,214.0,347.0,0.0,49.22,20.26,3.38,0.0
20070604:1010,369.0,338.0,0.0,57.34,21.15,3.31,0.0
20070604:1110,353.0,376.0,0.0,62.72,21.86,3.52,0.0
20070604:1210,226.0,428.0,0.0,63.45,22.43,3.59,0.0
20070604:1310,23.0,369.0,0.0,59.19,22.11,3.79,0.0
20070604:1410,130.0,381.0,0.0,51.64,20.9,4.0,0.0
20070604:1510,120.0,321.0,0.0,42.5,21.52,4.14,0.0
20070604:1610,212.0,211.0,0.0,32.71,21.74,4.55,0.0
20070604:1710,124.0,154.0,0.0,22.83,21.64,4.21,0.0
20070604:1810,93.0,73.0,0.0,13.22,21.15,3.45,0.0
20070604:1910,3.0,21.32,0.0,4.2,20.01,3.59,0.0
20070604:2010,0.0,0.0,0.0,0.0,19.0,3.52,0.0
20070604:2110,0.0,0.0,0.0,0.0,18.2,3.45,0.0
20070604:2210,0.0,0.0,0.0,0.0,17.59,3.31,0.0
20070604:2310,0.0,0.0,0.0,0.0,17.06,3.31,0.0
20070605:0010,0.0,0.0,0.0,0.0,16.5,3.24,0.0
20070605:0110,0.0,0.0,0.0,0.0,15.91,3.24,0.0
20070605:0210,0.0,0.0,0.0,0.0,15.3,3.17,0.0
20070605:0310,0.0,0.0,0.0,0.0,14.76,3.24,0.0
20070605:0410,0.0,6.0,0.0,1.92,14.27,3.31,0.0
20070605:0510,38.0,72.0,0.0,10.7,14.44,3.17,0.0
20070605:0610,0.0,0.0,0.0,0.0,15.52,3.31,0.0
20070605:0710,0.0,0.0,0.0,0.0,17.21,4.0,0.0
20070605:0810,480.0,137.0,0.0,39.88,18.71,4.07,0.0
20070605:0910,486.0,219.0,0.0,49.28,20.16,4.28,0.0
20070605:1010,665.01,173.0,0.0,57.42,21.31,4.62,0.0
20070605:1110,269.0,414.0,0.0,62.82,21.84,4.48,0.0
20070605:1210,114.0,445.0,0.0,63.57,22.27,4.14,0.0
20070605:1310,278.0,392.0,0.0,59.31,22.52,3.93,0.0
20070605:1410,287.0,340.0,0.0,51.76,22.96,3.93,0.0
20070605:1510,104.0,325.0,0.0,42.61,23.03,4.07,0.0
20070605:1610,24.0,233.0,0.0,32.82,22.8,4.41,0.0
20070605:1710,5.0,137.0,0.0,22.94,22.06,4.0,0.0
20070605:1810,91.0,76.0,0.0,13.32,21.37,4.07,0.0
20070605:1910,3.0,20.37,0.0,4.31,20.61,4.0,0.0
20070605:2010,0.0,0.0,0.0,0.0,19.68,3.79,0.0
20070605:2110,0.0,0.0,0.0,0.0,19.09,3.66,0.0
20070605:2210,0.0,0.0,0.0,0.0,18.55,3.38,0.0
20070605:2310,0.0,0.0,0.0,0.0,17.7,3.31,0.0
20070606:0010,0.0,0.0,0.0,0.0,17.11,3.38,0.0
20070606:0110,0.0,0.0,0.0,0.0,16.46,3.24,0.0
20070606:0210,0.0,0.0,0.0,0.0,16.06,3.17,0.0
20070606:0310,0.0,0.0,0.0,0.0,15.44,3.1,0.0
20070606:0410,0.0,7.0,0.0,1.98,15.01,3.1,0.0
20070606:0510,26.0,74.0,0.0,10.76,15.24,3.1,0.0
20070606:0610,149.0,120.0,0.0,20.23,16.23,3.24,0.0
20070606:0710,340.0,121.0,0.0,30.07,17.92,3.59,0.0
20070606:0810,503.0,127.0,0.0,39.93,19.45,3.66,0.0
20070606:0910,634.0,134.0,0.0,49.34,21.09,4.0,0.0
20070606:1010,731.01,138.0,0.0,57.49,22.38,4.48,0.0
20070606:1110,691.01,195.0,0.0,62.91,23.11,4.83,0.0
20070606:1210,477.0,325.0,0.0,63.68,23.56,4.83,0.0
20070606:1310,218.0,413.0,0.0,59.42,23.82,4.97,0.0
20070606:1410,366.0,305.0,0.0,51.87,23.55,5.1,0.0
20070606:1510,333.0,247.0,0.0,42.71,23.52,5.31,0.0
20070606:1610,422.0,105.0,0.0,32.92,23.08,5.38,0.0
20070606:1710,242.0,101.0,0.0,23.04,22.53,5.17,0.0
20070606:1810,89.0,78.0,0.0,13.43,21.64,4.83,0.0
20070606:1910,3.0,21.35,0.0,4.42,20.56,4.76,0.0
20070606:2010,0.0,0.0,0.0,0.0,19.28,4.83,0.0
20070606:2110,0.0,0.0,0.0,0.0,18.33,4.69,0.0
20070606:2210,0.0,0.0,0.0,0.0,17.41,4.48,0.0
20070606:2310,0.0,0.0,0.0,0.0,16.73,4.41,0.0
20070607:0010,0.0,0.0,0.0,0.0,16.12,4.48,0.0
20070607:0110,0.0,0.0,0.0,0.0,15.52,4.41,0.0
20070607:0210,0.0,0.0,0.0,0.0,15.13,4.21,0.0
20070607:0310,0.0,0.0,0.0,0.0,14.72,4.0,0.0
20070607:0410,0.0,1.0,0.0,2.03,14.43,3.93,0.0
20070607:0510,4.0,63.0,0.0,10.8,14.48,3.59,0.0
20070607:0610,0.0,42.0,0.0,20.27,15.32,5.03,0.0
20070607:0710,0.0,146.0,0.0,30.11,16.25,4.41,0.0
20070607:0810,0.0,180.0,0.0,39.97,16.81,4.14,0.0
20070607:0910,0.0,224.0,0.0,49.39,17.65,3.86,0.0
20070607:1010,11.0,335.0,0.0,57.56,18.61,3.17,0.0
20070607:1110,0.0,256.0,0.0,63.0,19.11,3.38,0.0
20070607:1210,103.0,438.0,0.0,63.78,19.64,3.79,0.0
20070607:1310,49.0,400.0,0.0,59.53,20.09,3.86,0.0
20070607:1410,46.0,361.0,0.0,51.97,21.19,4.07,0.0
20070607:1510,1.0,209.0,0.0,42.81,22.21,3.86,0.0
20070607:1610,0.0,76.0,0.0,33.02,22.38,3.24,0.0
20070607:1710,0.0,66.0,0.0,23.14,22.19,3.03,0.0
20070607:1810,0.0,57.0,0.0,13.53,20.84,2.76,0.0
20070607:1910,2.0,21.58,0.0,4.52,19.9,1.66,0.0
20070607:2010,0.0,0.0,0.0,0.0,18.78,2.14,0.0
20070607:2110,0.0,0.0,0.0,0.0,18.21,2.21,0.0
20070607:2210,0.0,0.0,0.0,0.0,17.72,2.0,0.0
20070607:2310,0.0,0.0,0.0,0.0,17.24,2.14,0.0
20070608:0010,0.0,0.0,0.0,0.0,17.03,2.21,0.0
20070608:0110,0.0,0.0,0.0,0.0,16.84,2.14,0.0
20070608:0210,0.0,0.0,0.0,0.0,16.65,2.07,0.0
20070608:0310,0.0,0.0,0.0,0.0,16.4,2.0,0.0
20070608:0410,0.0,5.0,0.0,2.08,16.26,1.93,0.0
20070608:0510,9.0,68.0,0.0,10.85,16.44,2.07,0.0
20070608:0610,2.0,110.0,0.0,20.31,16.81,2.55,0.0
20070608:0710,0.0,141.0,0.0,30.14,16.59,2.62,0.0
20070608:0810,0.0,184.0,0.0,40.0,17.42,2.62,0.0
20070608:0910,1.0,235.0,0.0,49.43,18.2,2.48,0.0
20070608:1010,0.0,186.0,0.0,57.61,19.09,2.48,0.0
20070608:1110,0.0,237.0,0.0,63.08,20.05,2.34,0.0
20070608:1210,12.0,360.0,0.0,63.88,20.61,2.28,0.0
20070608:1310,52.0,402.0,0.0,59.63,21.24,2.55,0.0
20070608:1410,64.0,372.0,0.0,52.07,21.45,2.62,0.0
20070608:1510,0.0,125.0,0.0,42.91,21.69,2.55,0.0
20070608:1610,6.0,199.0,0.0,33.12,21.63,2.9,0.0
20070608:1710,26.0,166.0,0.0,23.24,21.3,3.24,0.0
20070608:1810,12.0,88.0,0.0,13.63,20.69,3.17,0.0
20070608:1910,0.0,17.0,0.0,4.62,20.12,2.48,0.0
20070608:2010,0.0,0.0,0.0,0.0,18.87,3.1,0.0
20070608:2110,0.0,0.0,0.0,0.0,17.74,3.24,0.0
20070608:2210,0.0,0.0,0.0,0.0,16.99,2.69,0.0
20070608:2310,0.0,0.0,0.0,0.0,16.37,2.07,0.0
20070609:0010,0.0,0.0,0.0,0.0,15.95,1.79,0.0
20070609:0110,0.0,0.0,0.0,0.0,15.93,1.86,0.0
20070609:0210,0.0,0.0,0.0,0.0,15.87,2.21,0.0
20070609:0310,0.0,0.0,0.0,0.0,15.82,2.21,0.0
20070609:0410,0.0,4.0,0.0,2.12,15.64,1.86,0.0
20070609:0510,0.0,38.0,0.0,10.88,15.66,1.31,0.0
20070609:0610,0.0,69.0,0.0,20.34,15.93,1.66,0.0
20070609:0710,0.0,121.0,0.0,30.17,16.49,2.28,0.0
20070609:0810,1.0,199.0,0.0,40.04,17.27,2.34,0.0
20070609:0910,0.0,154.0,0.0,49.47,17.84,2.34,0.0
20070609:1010,627.0,197.0,0.0,57.67,18.44,2.48,0.0
20070609:1110,523.0,294.0,0.0,63.15,19.06,2.48,0.0
20070609:1210,335.0,392.0,0.0,63.97,19.94,2.28,0.0
20070609:1310,149.0,426.0,0.0,59.73,20.85,1.79,0.0
20070609:1410,260.0,352.0,0.0,52.16,21.52,1.45,0.0
20070609:1510,325.0,252.0,0.0,43.0,21.87,1.59,0.0
20070609:1610,342.0,149.0,0.0,33.21,22.06,1.93,0.0
20070609:1710,246.0,101.0,0.0,23.33,21.9,2.14,0.0
20070609:1810,117.0,69.0,0.0,13.72,21.52,2.14,0.0
20070609:1910,6.0,25.51,0.0,4.71,20.75,2.62,0.0
20070609:2010,0.0,0.0,0.0,0.0,19.5,2.41,0.0
20070609:2110,0.0,0.0,0.0,0.0,18.47,2.48,0.0
20070609:2210,0.0,0.0,0.0,0.0,18.01,2.55,0.0
20070609:2310,0.0,0.0,0.0,0.0,17.35,2.55,0.0
20070610:0010,0.0,0.0,0.0,0.0,16.82,2.41,0.0
20070610:0110,0.0,0.0,0.0,0.0,16.18,2.28,0.0
20070610:0210,0.0,0.0,0.0,0.0,15.52,2.21,0.0
20070610:0310,0.0,0.0,0.0,0.0,15.05,2.21,0.0
20070610:0410,0.0,8.0,0.0,2.16,14.77,2.14,0.0
20070610:0510,6.0,67.0,0.0,10.91,14.98,2.14,0.0
20070610:0610,13.0,138.0,0.0,20.36,16.25,2.76,0.0
20070610:0710,7.0,189.0,0.0,30.19,17.7,2.9,0.0
20070610:0810,143.0,303.0,0.0,40.06,18.94,2.97,0.0
20070610:0910,583.0,164.0,0.0,49.5,20.25,2.9,0.0
20070610:1010,726.01,143.0,0.0,57.71,21.28,2.55,0.0
20070610:1110,760.01,156.0,0.0,63.22,22.19,2.41,0.0
20070610:1210,716.01,188.0,0.0,64.06,22.87,2.21,0.0
20070610:1310,718.01,159.0,0.0,59.82,23.84,1.93,0.0
20070610:1410,614.0,167.0,0.0,52.25,24.32,2.0,0.0
20070610:1510,269.0,282.0,0.0,43.09,24.41,2.07,0.0
20070610:1610,335.0,157.0,0.0,33.3,24.39,2.0,0.0
20070610:1710,222.0,115.0,0.0,23.41,24.04,2.14,0.0
20070610:1810,101.0,77.0,0.0,13.81,23.22,2.07,0.0
20070610:1910,8.0,25.05,0.0,4.8,20.66,2.69,0.0
20070610:2010,0.0,0.0,0.0,0.0,19.3,2.83,0.0
20070610:2110,0.0,0.0,0.0,0.0,18.12,2.62,0.0
20070610:2210,0.0,0.0,0.0,0.0,17.25,2.0,0.0
20070610:2310,0.0,0.0,0.0,0.0,16.34,1.45,0.0
20070611:0010,0.0,0.0,0.0,0.0,15.42,1.59,0.0
20070611:0110,0.0,0.0,0.0,0.0,14.72,1.72,0.0
20070611:0210,0.0,0.0,0.0,0.0,14.36,1.79,0.0
20070611:0310,0.0,0.0,0.0,0.0,14.07,1.79,0.0
20070611:0410,0.0,6.0,0.0,2.19,13.9,1.72,0.0
20070611:0510,0.0,36.0,0.0,10.94,14.52,1.52,0.0
20070611:0610,0.0,67.0,0.0,20.38,16.46,2.28,0.0
20070611:0710,4.0,176.0,0.0,30.21,16.53,1.52,0.0
20070611:0810,235.0,266.0,0.0,40.08,17.1,1.52,0.0
20070611:0910,341.0,293.0,0.0,49.53,18.45,0.69,0.0
20070611:1010,22.0,361.0,0.0,57.75,19.97,0.83,0.0
20070611:1110,19.0,376.0,0.0,63.28,21.44,1.1,0.0
20070611:1210,33.0,403.0,0.0,64.13,22.37,1.31,0.0
20070611:1310,30.0,382.0,0.0,59.9,23.05,1.24,0.0
20070611:1410,1.0,260.0,0.0,52.34,23.42,1.1,0.0
20070611:1510,106.0,325.0,0.0,43.17,23.42,1.31,0.0
20070611:1610,0.0,130.0,0.0,33.38,23.56,1.52,0.0
20070611:1710,30.0,170.0,0.0,23.5,23.18,1.38,0.0
20070611:1810,3.0,78.0,0.0,13.89,21.89,1.52,0.0
20070611:1910,13.0,24.78,0.0,4.89,20.71,2.14,0.0
20070611:2010,0.0,0.0,0.0,0.0,19.47,2.41,0.0
20070611:2110,0.0,0.0,0.0,0.0,18.86,1.93,0.0
20070611:2210,0.0,0.0,0.0,0.0,18.42,1.66,0.0
20070611:2310,0.0,0.0,0.0,0.0,17.59,1.59,0.0
20070612:0010,0.0,0.0,0.0,0.0,17.17,1.66,0.0
20070612:0110,0.0,0.0,0.0,0.0,16.8,1.72,0.0
20070612:0210,0.0,0.0,0.0,0.0,16.63,1.72,0.0
20070612:0310,0.0,0.0,0.0,0.0,16.47,1.66,0.0
20070612:0410,0.0,8.0,0.0,2.22,16.22,1.72,0.0
20070612:0510,5.0,66.0,0.0,10.96,16.3,1.86,0.0
20070612:0610,0.0,85.0,0.0,20.4,16.56,2.0,0.0
20070612:0710,4.0,175.0,0.0,30.23,16.29,2.21,0.0
20070612:0810,0.0,189.0,0.0,40.1,16.4,2.41,0.0
20070612:0910,60.0,359.0,0.0,49.55,17.58,2.48,0.0
20070612:1010,243.0,393.0,0.0,57.78,18.81,2.34,0.0
20070612:1110,511.0,300.0,0.0,63.33,19.93,2.69,0.0
20070612:1210,680.01,204.0,0.0,64.21,20.86,3.1,0.0
20070612:1310,708.01,160.0,0.0,59.98,21.38,3.38,0.0
20070612:1410,671.0,132.0,0.0,52.42,21.81,3.45,0.0
20070612:1510,495.0,156.0,0.0,43.25,22.08,3.38,0.0
20070612:1610,337.0,153.0,0.0,33.46,22.31,3.24,0.0
20070612:1710,125.0,161.0,0.0,23.58,22.18,2.97,0.0
20070612:1810,108.0,74.0,0.0,13.97,21.66,2.14,0.0
20070612:1910,11.0,26.22,0.0,4.97,20.06,1.24,0.0
20070612:2010,0.0,0.0,0.0,0.0,18.76,1.17,0.0
20070612:2110,0.0,0.0,0.0,0.0,17.61,0.97,0.0
20070612:2210,0.0,0.0,0.0,0.0,17.21,0.76,0.0
20070612:2310,0.0,0.0,0.0,0.0,16.46,0.76,0.0
20070613:0010,0.0,0.0,0.0,0.0,15.42,1.03,0.0
20070613:0110,0.0,0.0,0.0,0.0,14.9,1.03,0.0
20070613:0210,0.0,0.0,0.0,0.0,14.52,0.97,0.0
20070613:0310,0.0,0.0,0.0,0.0,14.07,1.03,0.0
20070613:0410,0.0,6.0,0.0,2.24,14.07,0.97,0.0
20070613:0510,11.0,72.0,0.0,10.97,14.53,0.76,0.0
20070613:0610,147.0,122.0,0.0,20.41,16.16,0.69,0.0
20070613:0710,332.0,124.0,0.0,30.23,17.4,1.1,0.0
20070613:0810,413.0,176.0,0.0,40.11,18.85,0.97,0.0
20070613:0910,541.0,185.0,0.0,49.56,20.1,0.48,0.0
20070613:1010,373.0,338.0,0.0,57.81,21.31,0.55,0.0
20070613:1110,172.0,439.0,0.0,63.37,22.19,0.97,0.0
20070613:1210,608.01,249.0,0.0,64.27,22.91,1.31,0.0
20070613:1310,205.0,416.0,0.0,60.06,23.48,1.45,0.0
20070613:1410,228.0,364.0,0.0,52.49,23.93,1.59,0.0
20070613:1510,10.0,270.0,0.0,43.33,24.06,1.86,0.0
20070613:1610,0.0,160.0,0.0,33.53,23.95,2.14,0.0
20070613:1710,0.0,106.0,0.0,23.65,23.66,2.41,0.0
20070613:1810,34.0,99.0,0.0,14.05,22.35,2.14,0.0
20070613:1910,6.0,26.56,0.0,5.05,20.1,1.24,0.0
20070613:2010,0.0,0.0,0.0,0.0,19.04,1.86,0.0
20070613:2110,0.0,0.0,0.0,0.0,18.27,2.07,0.0
20070613:2210,0.0,0.0,0.0,0.0,17.86,2.28,0.0
20070613:2310,0.0,0.0,0.0,0.0,17.51,2.55,0.0
20070614:0010,0.0,0.0,0.0,0.0,17.08,2.55,0.0
20070614:0110,0.0,0.0,0.0,0.0,16.89,2.41,0.0
20070614:0210,0.0,0.0,0.0,0.0,16.68,2.21,0.0
20070614:0310,0.0,0.0,0.0,0.0,16.3,2.14,0.0
20070614:0410,0.0,8.0,0.0,2.25,15.84,1.86,0.0
20070614:0510,20.0,74.0,0.0,10.98,16.0,1.38,0.0
20070614:0610,114.0,135.0,0.0,20.41,17.43,1.31,0.0
20070614:0710,282.0,150.0,0.0,30.24,18.76,2.34,0.0
20070614:0810,95.0,304.0,0.0,40.11,19.84,2.48,0.0
20070614:0910,5.0,279.0,0.0,49.57,20.51,3.1,0.0
20070614:1010,0.0,144.0,0.0,57.83,20.93,3.52,0.0
20070614:1110,13.0,363.0,0.0,63.41,19.64,3.93,0.0
20070614:1210,42.0,413.0,0.0,64.33,19.9,3.59,0.0
20070614:1310,1.0,271.0,0.0,60.13,20.33,3.03,0.0
20070614:1410,114.0,384.0,0.0,52.57,21.57,3.59,0.0
20070614:1510,46.0,315.0,0.0,43.4,21.2,2.69,0.0
20070614:1610,9.0,211.0,0.0,33.6,20.6,3.31,0.0
20070614:1710,132.0,158.0,0.0,23.72,18.67,3.45,0.0
20070614:1810,0.0,16.0,0.0,14.12,18.12,2.55,0.0
20070614:1910,9.0,27.71,0.0,5.12,18.25,2.21,0.0
20070614:2010,0.0,0.0,0.0,0.0,17.63,2.07,0.0
20070614:2110,0.0,0.0,0.0,0.0,17.21,2.0,0.0
20070614:2210,0.0,0.0,0.0,0.0,16.81,2.28,0.0
20070614:2310,0.0,0.0,0.0,0.0,16.54,2.28,0.0
20070615:0010,0.0,0.0,0.0,0.0,16.3,2.21,0.0
20070615:0110,0.0,0.0,0.0,0.0,16.22,2.55,0.0
20070615:0210,0.0,0.0,0.0,0.0,16.14,2.83,0.0
20070615:0310,0.0,0.0,0.0,0.0,15.89,2.97,0.0
20070615:0410,0.0,10.0,0.0,2.26,15.25,3.24,0.0
20070615:0510,0.0,47.0,0.0,10.98,15.03,3.66,0.0
20070615:0610,1.0,99.0,0.0,20.41,15.18,3.59,0.0
20070615:0710,0.0,116.0,0.0,30.24,15.19,4.97,0.0
20070615:0810,1.0,206.0,0.0,40.11,16.39,5.59,0.0
20070615:0910,47.0,354.0,0.0,49.57,17.39,5.86,0.0
20070615:1010,272.0,385.0,0.0,57.84,18.47,6.55,0.0
20070615:1110,342.0,387.0,0.0,63.45,19.06,6.55,0.0
20070615:1210,784.01,146.0,0.0,64.38,19.52,6.9,0.0
20070615:1310,754.01,139.0,0.0,60.19,19.75,6.69,0.0
20070615:1410,0.0,87.0,0.0,52.63,18.64,7.17,0.0
20070615:1510,54.0,322.0,0.0,43.46,18.81,6.62,0.0
20070615:1610,421.0,112.0,0.0,33.67,18.73,6.34,0.0
20070615:1710,5.0,145.0,0.0,23.79,18.03,6.69,0.0
20070615:1810,0.0,22.0,0.0,14.19,17.26,5.38,0.0
20070615:1910,11.0,27.24,0.0,5.18,16.79,5.38,0.0
20070615:2010,0.0,0.0,0.0,0.0,16.28,5.38,0.0
20070615:2110,0.0,0.0,0.0,0.0,15.69,5.59,0.0
20070615:2210,0.0,0.0,0.0,0.0,15.13,5.66,0.0
20070615:2310,0.0,0.0,0.0,0.0,14.82,5.52,0.0
20070616:0010,0.0,0.0,0.0,0.0,14.31,5.31,0.0
20070616:0110,0.0,0.0,0.0,0.0,14.3,5.17,0.0
20070616:0210,0.0,0.0,0.0,0.0,14.25,5.03,0.0
20070616:0310,0.0,0.0,0.0,0.0,14.16,5.1,0.0
20070616:0410,0.0,6.0,0.0,2.27,14.08,5.45,0.0
20070616:0510,3.0,63.0,0.0,10.98,14.07,5.24,0.0
20070616:0610,0.0,56.0,0.0,20.41,14.24,5.93,0.0
20070616:0710,42.0,229.0,0.0,30.23,14.54,6.41,0.0
20070616:0810,0.0,123.0,0.0,40.1,15.15,6.0,0.0
20070616:0910,21.0,328.0,0.0,49.57,16.05,6.28,0.0
20070616:1010,434.0,313.0,0.0,57.85,17.78,6.76,0.0
20070616:1110,588.0,262.0,0.0,63.47,18.55,6.76,0.0
20070616:1210,384.0,376.0,0.0,64.43,18.81,6.69,0.0
20070616:1310,697.01,175.0,0.0,60.24,19.21,6.83,0.0
20070616:1410,2.0,273.0,0.0,52.69,19.27,6.97,0.0
20070616:1510,86.0,332.0,0.0,43.52,19.18,6.9,0.0
20070616:1610,48.0,256.0,0.0,33.73,19.09,6.76,0.0
20070616:1710,0.0,64.0,0.0,23.85,18.71,5.52,0.0
20070616:1810,79.0,91.0,0.0,14.25,18.33,4.34,0.0
20070616:1910,7.0,29.21,0.0,5.24,17.09,3.45,0.0
20070616:2010,0.0,0.0,0.0,0.0,16.08,3.17,0.0
20070616:2110,0.0,0.0,0.0,0.0,15.23,3.03,0.0
20070616:2210,0.0,0.0,0.0,0.0,14.42,3.1,0.0
20070616:2310,0.0,0.0,0.0,0.0,13.83,3.1,0.0
20070617:0010,0.0,0.0,0.0,0.0,13.16,2.9,0.0
20070617:0110,0.0,0.0,0.0,0.0,12.49,2.83,0.0
20070617:0210,0.0,0.0,0.0,0.0,12.0,2.83,0.0
20070617:0310,0.0,0.0,0.0,0.0,11.54,2.62,0.0
20070617:0410,0.0,10.0,0.0,2.26,10.99,2.28,0.0
20070617:0510,57.0,69.0,0.0,10.97,11.11,1.79,0.0
20070617:0610,192.0,99.0,0.0,20.4,12.84,1.59,0.0
20070617:0710,369.0,107.0,0.0,30.22,14.82,1.66,0.0
20070617:0810,365.0,206.0,0.0,40.09,16.47,1.59,0.0
20070617:0910,608.0,147.0,0.0,49.56,18.0,1.72,0.0
20070617:1010,606.0,212.0,0.0,57.85,19.4,1.93,0.0
20070617:1110,179.0,441.0,0.0,63.49,20.61,2.48,0.0
20070617:1210,8.0,353.0,0.0,64.47,21.45,3.03,0.0
20070617:1310,0.0,266.0,0.0,60.3,21.46,3.72,0.0
20070617:1410,0.0,135.0,0.0,52.75,20.3,3.59,0.0
20070617:1510,0.0,108.0,0.0,43.58,19.26,3.45,0.0
20070617:1610,0.0,66.0,0.0,33.79,18.64,3.79,0.0
20070617:1710,0.0,45.0,0.0,23.91,17.83,3.93,0.0
20070617:1810,83.0,90.0,0.0,14.3,17.32,4.28,0.0
20070617:1910,0.0,4.0,0.0,5.3,17.06,4.83,0.0
20070617:2010,0.0,0.0,0.0,0.0,17.02,5.03,0.0
20070617:2110,0.0,0.0,0.0,0.0,16.83,4.48,0.0
20070617:2210,0.0,0.0,0.0,0.0,16.02,4.07,0.0
20070617:2310,0.0,0.0,0.0,0.0,15.61,3.79,0.0
20070618:0010,0.0,0.0,0.0,0.0,15.29,3.38,0.0
20070618:0110,0.0,0.0,0.0,0.0,14.91,2.83,0.0
20070618:0210,0.0,0.0,0.0,0.0,14.46,2.69,0.0
20070618:0310,0.0,0.0,0.0,0.0,14.07,2.76,0.0
20070618:0410,0.0,5.0,0.0,2.25,13.83,2.69,0.0
20070618:0510,0.0,27.0,0.0,10.96,14.09,2.55,0.0
20070618:0610,68.0,150.0,0.0,20.38,15.33,3.52,0.0
20070618:0710,3.0,174.0,0.0,30.2,17.07,4.55,0.0
20070618:0810,274.0,250.0,0.0,40.07,18.45,4.28,0.0
20070618:0910,353.0,290.0,0.0,49.55,19.65,4.28,0.0
20070618:1010,516.0,262.0,0.0,57.85,20.74,4.48,0.0
20070618:1110,291.0,406.0,0.0,63.5,21.86,4.76,0.0
20070618:1210,415.0,356.0,0.0,64.5,22.63,4.83,0.0
20070618:1310,81.0,422.0,0.0,60.34,23.12,4.55,0.0
20070618:1410,177.0,381.0,0.0,52.8,23.35,4.14,0.0
20070618:1510,91.0,330.0,0.0,43.63,22.35,4.14,0.0
20070618:1610,348.0,151.0,0.0,33.84,20.4,3.17,0.0
20070618:1710,40.0,178.0,0.0,23.96,20.48,2.0,0.0
20070618:1810,14.0,97.0,0.0,14.35,20.65,1.31,0.0
20070618:1910,3.0,27.32,0.0,5.35,20.66,0.9,0.0
20070618:2010,0.0,0.0,0.0,0.0,20.7,0.21,0.0
20070618:2110,0.0,0.0,0.0,0.0,19.99,0.76,0.0
20070618:2210,0.0,0.0,0.0,0.0,18.03,1.1,0.0
20070618:2310,0.0,0.0,0.0,0.0,16.54,1.59,0.0
20070619:0010,0.0,0.0,0.0,0.0,15.73,1.93,0.0
20070619:0110,0.0,0.0,0.0,0.0,15.35,2.14,0.0
20070619:0210,0.0,0.0,0.0,0.0,15.22,2.21,0.0
20070619:0310,0.0,0.0,0.0,0.0,15.07,2.21,0.0
20070619:0410,0.0,2.0,0.0,2.24,14.86,2.28,0.0
20070619:0510,0.0,12.0,0.0,10.94,15.37,2.21,0.0
20070619:0610,0.0,33.0,0.0,20.36,17.27,2.21,0.0
20070619:0710,0.0,91.0,0.0,30.18,18.62,1.79,0.0
20070619:0810,478.0,135.0,0.0,40.05,20.17,2.62,0.0
20070619:0910,637.0,127.0,0.0,49.53,21.92,3.24,0.0
20070619:1010,521.0,256.0,0.0,57.84,23.78,3.86,0.0
20070619:1110,720.01,171.0,0.0,63.51,25.67,4.55,0.0
20070619:1210,375.0,372.0,0.0,64.52,27.17,5.1,0.0
20070619:1310,616.0,216.0,0.0,60.38,28.07,5.45,0.0
20070619:1410,580.0,183.0,0.0,52.84,28.63,5.45,0.0
20070619:1510,176.0,316.0,0.0,43.68,28.74,5.1,0.0
20070619:1610,18.0,231.0,0.0,33.89,28.41,3.86,0.0
20070619:1710,91.0,175.0,0.0,24.01,27.06,2.55,0.0
20070619:1810,0.0,20.0,0.0,14.4,23.57,3.31,0.0
20070619:1910,4.0,29.03,0.0,5.39,22.12,1.1,0.0
20070619:2010,0.0,0.0,0.0,0.0,20.97,1.03,0.0
20070619:2110,0.0,0.0,0.0,0.0,19.93,0.83,0.0
20070619:2210,0.0,0.0,0.0,0.0,19.25,1.31,0.0
20070619:2310,0.0,0.0,0.0,0.0,18.62,2.21,0.0
20070620:0010,0.0,0.0,0.0,0.0,18.3,3.1,0.0
20070620:0110,0.0,0.0,0.0,0.0,17.68,3.93,0.0
20070620:0210,0.0,0.0,0.0,0.0,16.47,3.93,0.0
20070620:0310,0.0,0.0,0.0,0.0,15.2,3.59,0.0
20070620:0410,0.0,10.0,0.0,2.22,14.05,3.17,0.0
20070620:0510,55.0,69.0,0.0,10.92,13.62,2.76,0.0
20070620:0610,198.0,96.0,0.0,20.34,14.33,2.69,0.0
20070620:0710,365.0,109.0,0.0,30.15,15.4,3.59,0.0
20070620:0810,366.0,205.0,0.0,40.03,16.74,4.21,0.0
20070620:0910,43.0,351.0,0.0,49.51,17.9,3.79,0.0
20070620:1010,451.0,302.0,0.0,57.83,19.01,3.52,0.0
20070620:1110,335.0,392.0,0.0,63.51,19.94,3.45,0.0
20070620:1210,219.0,437.0,0.0,64.54,20.67,3.38,0.0
20070620:1310,291.0,393.0,0.0,60.41,21.32,3.31,0.0
20070620:1410,583.0,189.0,0.0,52.88,21.71,3.1,0.0
20070620:1510,260.0,290.0,0.0,43.72,21.87,2.83,0.0
20070620:1610,376.0,138.0,0.0,33.93,21.89,2.48,0.0
20070620:1710,131.0,165.0,0.0,24.05,21.75,2.34,0.0
20070620:1810,49.0,102.0,0.0,14.44,21.14,2.14,0.0
20070620:1910,0.0,22.0,0.0,5.43,20.34,0.62,0.0
20070620:2010,0.0,0.0,0.0,0.0,19.28,1.03,0.0
20070620:2110,0.0,0.0,0.0,0.0,17.88,1.66,0.0
20070620:2210,0.0,0.0,0.0,0.0,17.27,2.28,0.0
20070620:2310,0.0,0.0,0.0,0.0,16.64,2.55,0.0
20070621:0010,0.0,0.0,0.0,0.0,16.19,2.41,0.0
20070621:0110,0.0,0.0,0.0,0.0,15.8,2.34,0.0
20070621:0210,0.0,0.0,0.0,0.0,15.36,2.34,0.0
20070621:0310,0.0,0.0,0.0,0.0,14.93,1.79,0.0
20070621:0410,0.0,6.0,0.0,2.2,14.64,1.59,0.0
20070621:0510,0.0,25.0,0.0,10.89,14.46,2.0,0.0
20070621:0610,0.0,40.0,0.0,20.3,15.02,2.28,0.0
20070621:0710,0.0,131.0,0.0,30.12,15.69,3.17,0.0
20070621:0810,62.0,304.0,0.0,40.0,16.64,3.72,0.0
20070621:0910,537.0,190.0,0.0,49.48,17.68,4.14,0.0
20070621:1010,351.0,353.0,0.0,57.8,18.42,4.62,0.0
20070621:1110,416.0,355.0,0.0,63.5,19.3,5.31,0.0
20070621:1210,36.0,412.0,0.0,64.55,19.95,5.86,0.0
20070621:1310,347.0,370.0,0.0,60.44,19.78,6.0,0.0
20070621:1410,48.0,373.0,0.0,52.91,19.57,5.59,0.0
20070621:1510,119.0,332.0,0.0,43.76,19.61,4.97,0.0
20070621:1610,294.0,185.0,0.0,33.97,19.58,4.48,0.0
20070621:1710,54.0,183.0,0.0,24.09,19.34,3.79,0.0
20070621:1810,125.0,73.0,0.0,14.48,18.87,3.45,0.0
20070621:1910,0.0,11.0,0.0,5.47,17.71,3.17,0.0
20070621:2010,0.0,0.0,0.0,0.0,16.87,3.38,0.0
20070621:2110,0.0,0.0,0.0,0.0,16.15,3.45,0.0
20070621:2210,0.0,0.0,0.0,0.0,15.51,3.66,0.0
20070621:2310,0.0,0.0,0.0,0.0,15.0,3.59,0.0
20070622:0010,0.0,0.0,0.0,0.0,14.59,3.59,0.0
20070622:0110,0.0,0.0,0.0,0.0,14.22,3.79,0.0
20070622:0210,0.0,0.0,0.0,0.0,14.0,4.14,0.0
20070622:0310,0.0,0.0,0.0,0.0,13.76,4.41,0.0
20070622:0410,0.0,8.0,0.0,2.16,13.65,4.55,0.0
20070622:0510,0.0,31.0,0.0,10.86,13.73,4.69,0.0
20070622:0610,0.0,90.0,0.0,20.27,13.77,4.9,0.0
20070622:0710,0.0,116.0,0.0,30.08,14.54,5.38,0.0
20070622:0810,0.0,127.0,0.0,39.96,14.24,5.24,0.0
20070622:0910,0.0,187.0,0.0,49.45,13.94,5.1,0.0
20070622:1010,37.0,387.0,0.0,57.78,14.43,4.28,0.0
20070622:1110,0.0,91.0,0.0,63.48,15.96,4.76,0.0
20070622:1210,339.0,395.0,0.0,64.55,17.81,5.31,0.0
20070622:1310,72.0,421.0,0.0,60.46,18.23,5.52,0.0
20070622:1410,0.0,86.0,0.0,52.94,17.47,6.07,0.0
20070622:1510,541.0,138.0,0.0,43.79,17.02,5.1,0.0
20070622:1610,0.0,47.0,0.0,34.0,16.13,5.24,0.0
20070622:1710,0.0,64.0,0.0,24.12,16.67,5.17,0.0
20070622:1810,8.0,93.0,0.0,14.51,16.52,5.17,0.0
20070622:1910,14.0,29.35,0.0,5.5,15.64,4.48,0.0
20070622:2010,0.0,0.0,0.0,0.0,15.22,4.69,0.0
20070622:2110,0.0,0.0,0.0,0.0,14.84,4.76,0.0
20070622:2210,0.0,0.0,0.0,0.0,14.54,4.83,0.0
20070622:2310,0.0,0.0,0.0,0.0,14.39,4.83,0.0
20070623:0010,0.0,0.0,0.0,0.0,14.28,4.83,0.0
20070623:0110,0.0,0.0,0.0,0.0,14.15,4.69,0.0
20070623:0210,0.0,0.0,0.0,0.0,13.72,4.55,0.0
20070623:0310,0.0,0.0,0.0,0.0,13.45,4.34,0.0
20070623:0410,0.0,10.0,0.0,2.13,13.48,4.48,0.0
20070623:0510,2.0,56.0,0.0,10.82,13.7,4.69,0.0
20070623:0610,0.0,83.0,0.0,20.23,13.97,5.03,0.0
20070623:0710,109.0,227.0,0.0,30.04,14.55,4.97,0.0
20070623:0810,283.0,247.0,0.0,39.92,15.11,5.03,0.0
20070623:0910,118.0,370.0,0.0,49.41,16.23,5.03,0.0
20070623:1010,16.0,355.0,0.0,57.74,17.27,5.17,0.0
20070623:1110,36.0,407.0,0.0,63.46,18.39,5.17,0.0
20070623:1210,200.0,442.0,0.0,64.55,19.0,5.03,0.0
20070623:1310,72.0,422.0,0.0,60.47,19.67,5.03,0.0
20070623:1410,364.0,313.0,0.0,52.97,19.74,5.03,0.0
20070623:1510,119.0,332.0,0.0,43.82,19.58,4.97,0.0
20070623:1610,154.0,248.0,0.0,34.03,19.37,4.76,0.0
20070623:1710,244.0,111.0,0.0,24.15,19.37,4.76,0.0
20070623:1810,2.0,77.0,0.0,14.54,18.56,3.86,0.0
20070623:1910,0.0,12.0,0.0,5.52,17.56,3.79,0.0
20070623:2010,0.0,0.0,0.0,0.0,16.9,3.38,0.0
20070623:2110,0.0,0.0,0.0,0.0,16.31,3.03,0.0
20070623:2210,0.0,0.0,0.0,0.0,15.73,2.76,0.0
20070623:2310,0.0,0.0,0.0,0.0,15.01,2.62,0.0
20070624:0010,0.0,0.0,0.0,0.0,14.44,2.62,0.0
20070624:0110,0.0,0.0,0.0,0.0,13.76,2.69,0.0
20070624:0210,0.0,0.0,0.0,0.0,13.31,2.69,0.0
20070624:0310,0.0,0.0,0.0,0.0,12.68,2.76,0.0
20070624:0410,0.0,7.0,0.0,2.09,12.24,2.76,0.0
20070624:0510,3.0,60.0,0.0,10.77,12.47,2.62,0.0
20070624:0610,22.0,144.0,0.0,20.18,13.37,2.9,0.0
20070624:0710,41.0,224.0,0.0,30.0,14.83,4.0,0.0
20070624:0810,5.0,231.0,0.0,39.87,15.87,4.48,0.0
20070624:0910,42.0,348.0,0.0,49.37,16.66,5.03,0.0
20070624:1010,299.0,371.0,0.0,57.7,17.49,5.24,0.0
20070624:1110,339.0,386.0,0.0,63.43,18.42,5.1,0.0
20070624:1210,142.0,446.0,0.0,64.54,18.42,4.62,0.0
20070624:1310,150.0,427.0,0.0,60.48,18.62,4.28,0.0
20070624:1410,495.0,239.0,0.0,52.98,19.57,3.86,0.0
20070624:1510,89.0,331.0,0.0,43.84,21.31,4.69,0.0
20070624:1610,229.0,216.0,0.0,34.06,21.67,4.21,0.0
20070624:1710,0.0,64.0,0.0,24.17,21.32,3.72,0.0
20070624:1810,52.0,102.0,0.0,14.56,21.0,3.59,0.0
20070624:1910,22.0,27.31,0.0,5.54,19.69,3.1,0.0
20070624:2010,0.0,0.0,0.0,0.0,18.66,3.31,0.0
20070624:2110,0.0,0.0,0.0,0.0,17.68,3.59,0.0
20070624:2210,0.0,0.0,0.0,0.0,16.9,3.66,0.0
20070624:2310,0.0,0.0,0.0,0.0,16.43,3.79,0.0
20070625:0010,0.0,0.0,0.0,0.0,15.8,3.93,0.0
20070625:0110,0.0,0.0,0.0,0.0,15.48,4.34,0.0
20070625:0210,0.0,0.0,0.0,0.0,15.07,4.69,0.0
20070625:0310,0.0,0.0,0.0,0.0,14.64,4.9,0.0
20070625:0410,0.0,4.0,0.0,2.04,14.73,5.31,0.0
20070625:0510,71.0,61.0,0.0,10.73,14.98,5.72,0.0
20070625:0610,9.0,131.0,0.0,20.13,14.63,6.48,0.0
20070625:0710,364.0,109.0,0.0,29.95,14.33,4.9,0.0
20070625:0810,193.0,286.0,0.0,39.82,14.62,5.59,0.0
20070625:0910,81.0,369.0,0.0,49.32,15.41,6.34,0.0
20070625:1010,578.0,231.0,0.0,57.66,16.2,7.03,0.0
20070625:1110,427.0,350.0,0.0,63.4,16.79,7.86,0.0
20070625:1210,254.0,429.0,0.0,64.53,17.29,8.0,0.0
20070625:1310,450.0,321.0,0.0,60.48,17.66,8.07,0.0
20070625:1410,0.0,96.0,0.0,53.0,17.86,8.0,0.0
20070625:1510,244.0,299.0,0.0,43.86,17.29,8.14,0.0
20070625:1610,360.0,150.0,0.0,34.08,17.28,8.62,0.0
20070625:1710,0.0,87.0,0.0,24.19,16.31,8.28,0.0
20070625:1810,29.0,104.0,0.0,14.58,15.76,8.83,0.0
20070625:1910,0.0,12.0,0.0,5.55,14.78,8.0,0.0
20070625:2010,0.0,0.0,0.0,0.0,13.63,7.72,0.0
20070625:2110,0.0,0.0,0.0,0.0,12.85,8.07,0.0
20070625:2210,0.0,0.0,0.0,0.0,12.41,8.48,0.0
20070625:2310,0.0,0.0,0.0,0.0,12.35,8.14,0.0
20070626:0010,0.0,0.0,0.0,0.0,12.56,7.86,0.0
20070626:0110,0.0,0.0,0.0,0.0,12.91,7.72,0.0
20070626:0210,0.0,0.0,0.0,0.0,12.72,7.1,0.0
20070626:0310,0.0,0.0,0.0,0.0,12.92,7.31,0.0
20070626:0410,0.0,1.0,0.0,1.99,12.81,7.17,0.0
20070626:0510,0.0,12.0,0.0,10.67,12.62,6.21,0.0
20070626:0610,37.0,150.0,0.0,20.08,12.63,5.72,0.0
20070626:0710,8.0,191.0,0.0,29.89,12.57,5.52,0.0
20070626:0810,0.0,130.0,0.0,39.77,12.92,5.17,0.0
20070626:0910,127.0,370.0,0.0,49.27,13.81,4.97,0.0
20070626:1010,26.0,372.0,0.0,57.61,14.6,5.03,0.0
20070626:1110,0.0,232.0,0.0,63.36,15.28,4.97,0.0
20070626:1210,107.0,449.0,0.0,64.5,16.26,5.45,0.0
20070626:1310,0.0,133.0,0.0,60.48,17.06,5.31,0.0
20070626:1410,0.0,220.0,0.0,53.0,17.12,4.97,0.0
20070626:1510,0.0,201.0,0.0,43.87,17.12,4.76,0.0
20070626:1610,34.0,252.0,0.0,34.09,16.63,4.07,0.0
20070626:1710,4.0,143.0,0.0,24.2,16.58,4.0,0.0
20070626:1810,0.0,22.0,0.0,14.59,15.55,3.45,0.0
20070626:1910,0.0,11.0,0.0,5.56,14.41,2.76,0.0
20070626:2010,0.0,0.0,0.0,0.0,13.78,2.9,0.0
20070626:2110,0.0,0.0,0.0,0.0,13.21,2.69,0.0
20070626:2210,0.0,0.0,0.0,0.0,12.63,2.41,0.0
20070626:2310,0.0,0.0,0.0,0.0,12.16,2.41,0.0
20070627:0010,0.0,0.0,0.0,0.0,11.66,2.62,0.0
20070627:0110,0.0,0.0,0.0,0.0,11.2,2.9,0.0
20070627:0210,0.0,0.0,0.0,0.0,10.72,2.97,0.0
20070627:0310,0.0,0.0,0.0,0.0,10.29,3.03,0.0
20070627:0410,0.0,3.0,0.0,1.93,10.02,3.1,0.0
20070627:0510,0.0,35.0,0.0,10.61,10.21,3.03,0.0
20070627:0610,0.0,78.0,0.0,20.02,11.07,3.38,0.0
20070627:0710,4.0,176.0,0.0,29.83,12.03,3.93,0.0
20070627:0810,7.0,242.0,0.0,39.71,13.16,3.72,0.0
20070627:0910,384.0,278.0,0.0,49.21,14.2,3.86,0.0
20070627:1010,0.0,108.0,0.0,57.55,15.07,4.14,0.0
20070627:1110,2.0,305.0,0.0,63.31,15.72,4.41,0.0
20070627:1210,3.0,318.0,0.0,64.47,15.93,4.76,0.0
20070627:1310,2.0,300.0,0.0,60.46,15.88,5.03,0.0
20070627:1410,0.0,105.0,0.0,53.0,16.1,5.03,0.0
20070627:1510,42.0,321.0,0.0,43.88,16.14,5.03,0.0
20070627:1610,0.0,168.0,0.0,34.1,16.12,4.97,0.0
20070627:1710,7.0,154.0,0.0,24.21,15.93,4.69,0.0
20070627:1810,0.0,55.0,0.0,14.59,15.68,4.28,0.0
20070627:1910,0.0,17.0,0.0,5.56,14.86,3.86,0.0
20070627:2010,0.0,0.0,0.0,0.0,14.34,3.79,0.0
20070627:2110,0.0,0.0,0.0,0.0,14.07,3.86,0.0
20070627:2210,0.0,0.0,0.0,0.0,13.74,4.0,0.0
20070627:2310,0.0,0.0,0.0,0.0,13.44,4.0,0.0
20070628:0010,0.0,0.0,0.0,0.0,13.23,4.07,0.0
20070628:0110,0.0,0.0,0.0,0.0,12.92,4.0,0.0
20070628:0210,0.0,0.0,0.0,0.0,12.73,4.0,0.0
20070628:0310,0.0,0.0,0.0,0.0,12.17,3.86,0.0
20070628:0410,0.0,4.0,0.0,1.87,11.74,3.79,0.0
20070628:0510,5.0,64.0,0.0,10.55,11.78,3.79,0.0
20070628:0610,32.0,147.0,0.0,19.96,12.17,3.66,0.0
20070628:0710,12.0,197.0,0.0,29.77,12.8,4.69,0.0
20070628:0810,57.0,300.0,0.0,39.65,13.72,4.41,0.0
20070628:0910,218.0,349.0,0.0,49.15,14.59,4.62,0.0
20070628:1010,49.0,397.0,0.0,57.49,15.66,4.9,0.0
20070628:1110,1.0,295.0,0.0,63.26,16.39,4.76,0.0
20070628:1210,0.0,229.0,0.0,64.43,16.65,4.9,0.0
20070628:1310,0.0,196.0,0.0,60.45,17.53,5.03,0.0
20070628:1410,0.0,141.0,0.0,53.0,17.91,4.48,0.0
20070628:1510,51.0,324.0,0.0,43.88,18.27,4.41,0.0
20070628:1610,34.0,252.0,0.0,34.1,18.41,4.41,0.0
20070628:1710,0.0,91.0,0.0,24.22,18.05,3.1,0.0
20070628:1810,93.0,90.0,0.0,14.59,17.88,3.03,0.0
20070628:1910,5.0,29.79,0.0,5.55,16.74,3.1,0.0
20070628:2010,0.0,0.0,0.0,0.0,16.04,3.1,0.0
20070628:2110,0.0,0.0,0.0,0.0,15.3,2.97,0.0
20070628:2210,0.0,0.0,0.0,0.0,14.68,2.9,0.0
20070628:2310,0.0,0.0,0.0,0.0,14.09,2.97,0.0
20070629:0010,0.0,0.0,0.0,0.0,13.51,2.97,0.0
20070629:0110,0.0,0.0,0.0,0.0,13.1,3.03,0.0
20070629:0210,0.0,0.0,0.0,0.0,12.9,3.1,0.0
20070629:0310,0.0,0.0,0.0,0.0,12.81,3.17,0.0
20070629:0410,0.0,8.0,0.0,1.8,12.68,3.31,0.0
20070629:0510,1.0,53.0,0.0,10.48,12.74,3.66,0.0
20070629:0610,14.0,136.0,0.0,19.89,13.31,3.72,0.0
20070629:0710,12.0,198.0,0.0,29.7,14.47,5.52,0.0
20070629:0810,0.0,151.0,0.0,39.58,15.71,6.55,0.0
20070629:0910,0.0,193.0,0.0,49.08,16.28,6.0,0.0
20070629:1010,13.0,341.0,0.0,57.43,16.54,5.93,0.0
20070629:1110,0.0,239.0,0.0,63.2,16.72,6.0,0.0
20070629:1210,0.0,222.0,0.0,64.39,16.76,5.24,0.0
20070629:1310,0.0,147.0,0.0,60.42,16.47,4.9,0.0
20070629:1410,244.0,364.0,0.0,52.99,16.5,5.03,0.0
20070629:1510,0.0,211.0,0.0,43.88,17.3,5.17,0.0
20070629:1610,5.0,202.0,0.0,34.1,18.09,5.59,0.0
20070629:1710,0.0,71.0,0.0,24.21,18.27,5.17,0.0
20070629:1810,0.0,39.0,0.0,14.59,17.94,4.9,0.0
20070629:1910,0.0,6.0,0.0,5.54,16.49,4.62,0.0
20070629:2010,0.0,0.0,0.0,0.0,16.25,4.41,0.0
20070629:2110,0.0,0.0,0.0,0.0,16.01,4.0,0.0
20070629:2210,0.0,0.0,0.0,0.0,15.81,3.86,0.0
20070629:2310,0.0,0.0,0.0,0.0,15.77,3.86,0.0
20070630:0010,0.0,0.0,0.0,0.0,15.6,3.93,0.0
20070630:0110,0.0,0.0,0.0,0.0,15.54,3.86,0.0
20070630:0210,0.0,0.0,0.0,0.0,15.21,3.66,0.0
20070630:0310,0.0,0.0,0.0,0.0,14.91,3.38,0.0
20070630:0410,0.0,3.0,0.0,1.73,14.64,3.1,0.0
20070630:0510,4.0,61.0,0.0,10.41,14.62,2.9,0.0
20070630:0610,6.0,122.0,0.0,19.82,15.34,3.66,0.0
20070630:0710,3.0,165.0,0.0,29.63,16.33,4.28,0.0
20070630:0810,0.0,153.0,0.0,39.51,17.15,4.21,0.0
20070630:0910,0.0,227.0,0.0,49.01,17.54,4.28,0.0
20070630:1010,0.0,200.0,0.0,57.36,18.22,4.41,0.0
20070630:1110,9.0,349.0,0.0,63.13,18.07,4.34,0.0
20070630:1210,8.0,349.0,0.0,64.34,18.66,4.55,0.0
20070630:1310,34.0,390.0,0.0,60.39,18.9,4.55,0.0
20070630:1410,103.0,388.0,0.0,52.97,19.47,4.55,0.0
20070630:1510,92.0,330.0,0.0,43.87,20.02,4.28,0.0
20070630:1610,70.0,260.0,0.0,34.09,20.52,3.59,0.0
20070630:1710,7.0,152.0,0.0,24.21,20.76,3.17,0.0
20070630:1810,36.0,104.0,0.0,14.58,20.47,2.14,0.0
20070630:1910,3.0,29.29,0.0,5.53,19.79,1.93,0.0
20070630:2010,0.0,0.0,0.0,0.0,18.53,2.34,0.0
20070630:2110,0.0,0.0,0.0,0.0,17.88,2.48,0.0
20070630:2210,0.0,0.0,0.0,0.0,17.63,2.55,0.0
20070630:2310,0.0,0.0,0.0,0.0,17.34,2.62,0.0
20070701:0010,0.0,0.0,0.0,0.0,16.9,2.62,0.0
20070701:0110,0.0,0.0,0.0,0.0,16.65,2.69,0.0
20070701:0210,0.0,0.0,0.0,0.0,16.46,2.76,0.0
20070701:0310,0.0,0.0,0.0,0.0,16.52,2.97,0.0
20070701:0410,0.0,1.0,0.0,1.65,16.84,3.38,0.0
20070701:0510,0.0,11.0,0.0,10.34,17.32,3.52,0.0
20070701:0610,1.0,95.0,0.0,19.74,17.78,3.72,0.0
20070701:0710,15.0,200.0,0.0,29.56,18.02,3.59,0.0
20070701:0810,0.0,110.0,0.0,39.43,18.71,4.07,0.0
20070701:0910,359.0,281.0,0.0,48.93,19.87,5.1,0.0
20070701:1010,0.0,121.0,0.0,57.28,20.75,5.59,0.0
20070701:1110,0.0,107.0,0.0,63.06,21.09,5.86,0.0
20070701:1210,0.0,138.0,0.0,64.28,21.45,6.07,0.0
20070701:1310,89.0,423.0,0.0,60.35,21.46,6.14,0.0
20070701:1410,93.0,387.0,0.0,52.95,21.61,6.14,0.0
20070701:1510,181.0,317.0,0.0,43.85,21.61,6.28,0.0
20070701:1610,94.0,260.0,0.0,34.08,21.3,5.86,0.0
20070701:1710,65.0,183.0,0.0,24.19,20.78,5.17,0.0
20070701:1810,0.0,47.0,0.0,14.56,20.23,5.17,0.0
20070701:1910,0.0,9.0,0.0,5.51,19.19,5.03,0.0
20070701:2010,0.0,0.0,0.0,0.0,18.27,4.69,0.0
20070701:2110,0.0,0.0,0.0,0.0,17.63,4.76,0.0
20070701:2210,0.0,0.0,0.0,0.0,17.18,5.03,0.0
20070701:2310,0.0,0.0,0.0,0.0,16.48,5.03,0.0
20070702:0010,0.0,0.0,0.0,0.0,15.92,4.97,0.0
20070702:0110,0.0,0.0,0.0,0.0,15.5,4.9,0.0
20070702:0210,0.0,0.0,0.0,0.0,15.26,4.9,0.0
20070702:0310,0.0,0.0,0.0,0.0,15.01,4.69,0.0
20070702:0410,0.0,5.0,0.0,1.57,14.92,4.69,0.0
20070702:0510,6.0,62.0,0.0,10.25,14.87,4.97,0.0
20070702:0610,21.0,141.0,0.0,19.66,14.8,5.52,0.0
20070702:0710,90.0,226.0,0.0,29.48,15.27,5.03,0.0
20070702:0810,12.0,256.0,0.0,39.35,16.11,5.24,0.0
20070702:0910,325.0,302.0,0.0,48.85,17.12,5.45,0.0
20070702:1010,645.0,184.0,0.0,57.2,17.87,5.45,0.0
20070702:1110,288.0,408.0,0.0,62.98,18.53,5.52,0.0
20070702:1210,385.0,373.0,0.0,64.22,19.13,5.72,0.0
20070702:1310,158.0,429.0,0.0,60.31,19.62,6.07,0.0
20070702:1410,327.0,331.0,0.0,52.92,19.86,6.28,0.0
20070702:1510,227.0,305.0,0.0,43.83,20.03,6.34,0.0
20070702:1610,44.0,256.0,0.0,34.06,19.75,6.0,0.0
20070702:1710,33.0,180.0,0.0,24.18,19.3,5.59,0.0
20070702:1810,0.0,63.0,0.0,14.54,18.67,5.31,0.0
20070702:1910,0.0,17.0,0.0,5.48,17.59,4.83,0.0
20070702:2010,0.0,0.0,0.0,0.0,16.92,4.55,0.0
20070702:2110,0.0,0.0,0.0,0.0,16.37,4.14,0.0
20070702:2210,0.0,0.0,0.0,0.0,15.84,4.34,0.0
20070702:2310,0.0,0.0,0.0,0.0,15.53,4.41,0.0
20070703:0010,0.0,0.0,0.0,0.0,15.2,4.48,0.0
20070703:0110,0.0,0.0,0.0,0.0,14.78,4.55,0.0
20070703:0210,0.0,0.0,0.0,0.0,14.23,4.55,0.0
20070703:0310,0.0,0.0,0.0,0.0,14.04,4.48,0.0
20070703:0410,0.0,1.0,0.0,1.49,13.69,4.28,0.0
20070703:0510,1.0,50.0,0.0,10.17,13.55,4.28,0.0
20070703:0610,11.0,131.0,0.0,19.58,13.26,4.41,0.0
20070703:0710,0.0,84.0,0.0,29.39,13.23,4.83,0.0
20070703:0810,0.0,96.0,0.0,39.27,13.52,4.9,0.0
20070703:0910,0.0,148.0,0.0,48.76,14.11,4.28,0.0
20070703:1010,0.0,167.0,0.0,57.11,14.47,6.41,0.0
20070703:1110,0.0,165.0,0.0,62.89,15.44,7.52,0.0
20070703:1210,0.0,237.0,0.0,64.15,16.54,5.66,0.0
20070703:1310,0.0,139.0,0.0,60.26,17.7,5.38,0.0
20070703:1410,0.0,130.0,0.0,52.89,18.9,5.45,0.0
20070703:1510,0.0,181.0,0.0,43.81,18.94,6.21,0.0
20070703:1610,0.0,97.0,0.0,34.04,17.16,5.52,0.0
20070703:1710,93.0,178.0,0.0,24.15,17.51,4.21,0.0
20070703:1810,28.0,103.0,0.0,14.51,16.59,4.55,0.0
20070703:1910,0.0,5.0,0.0,5.45,15.96,3.45,0.0
20070703:2010,0.0,0.0,0.0,0.0,14.87,3.45,0.0
20070703:2110,0.0,0.0,0.0,0.0,14.24,3.52,0.0
20070703:2210,0.0,0.0,0.0,0.0,13.48,3.66,0.0
20070703:2310,0.0,0.0,0.0,0.0,13.11,4.21,0.0
20070704:0010,0.0,0.0,0.0,0.0,12.69,4.76,0.0
20070704:0110,0.0,0.0,0.0,0.0,12.44,4.97,0.0
20070704:0210,0.0,0.0,0.0,0.0,12.08,4.9,0.0
20070704:0310,0.0,0.0,0.0,0.0,11.79,4.83,0.0
20070704:0410,0.0,4.0,0.0,1.39,11.72,4.83,0.0
20070704:0510,60.0,60.0,0.0,10.08,11.84,4.9,0.0
20070704:0610,182.0,97.0,0.0,19.49,12.43,5.17,0.0
20070704:0710,23.0,211.0,0.0,29.3,13.17,6.48,0.0
20070704:0810,331.0,219.0,0.0,39.18,14.17,6.48,0.0
20070704:0910,1.0,238.0,0.0,48.67,15.06,6.48,0.0
20070704:1010,221.0,401.0,0.0,57.02,16.04,6.76,0.0
20070704:1110,471.0,325.0,0.0,62.8,16.94,7.17,0.0
20070704:1210,0.0,154.0,0.0,64.07,17.71,7.52,0.0
20070704:1310,0.0,244.0,0.0,60.2,17.78,7.52,0.0
20070704:1410,129.0,393.0,0.0,52.85,18.19,7.59,0.0
20070704:1510,59.0,329.0,0.0,43.78,18.35,7.24,0.0
20070704:1610,414.0,121.0,0.0,34.01,17.91,6.55,0.0
20070704:1710,167.0,153.0,0.0,24.12,17.67,6.07,0.0
20070704:1810,117.0,77.0,0.0,14.48,17.0,5.03,0.0
20070704:1910,7.0,31.15,0.0,5.41,16.14,4.76,0.0
20070704:2010,0.0,0.0,0.0,0.0,15.41,4.41,0.0
20070704:2110,0.0,0.0,0.0,0.0,14.71,4.41,0.0
20070704:2210,0.0,0.0,0.0,0.0,14.05,4.62,0.0
20070704:2310,0.0,0.0,0.0,0.0,13.62,4.83,0.0
20070705:0010,0.0,0.0,0.0,0.0,13.38,5.03,0.0
20070705:0110,0.0,0.0,0.0,0.0,13.24,5.31,0.0
20070705:0210,0.0,0.0,0.0,0.0,13.35,5.52,0.0
20070705:0310,0.0,0.0,0.0,0.0,13.53,5.72,0.0
20070705:0410,0.0,0.0,0.0,0.0,13.52,5.93,0.0
20070705:0510,0.0,21.0,0.0,9.98,13.51,5.93,0.0
20070705:0610,0.0,87.0,0.0,19.4,13.85,5.03,0.0
20070705:0710,106.0,220.0,0.0,29.21,14.18,6.07,0.0
20070705:0810,278.0,241.0,0.0,39.09,14.75,6.69,0.0
20070705:0910,22.0,323.0,0.0,48.58,15.75,6.34,0.0
20070705:1010,1.0,268.0,0.0,56.92,16.18,6.34,0.0
20070705:1110,10.0,354.0,0.0,62.7,16.69,6.0,0.0
20070705:1210,38.0,412.0,0.0,63.98,17.43,6.28,0.0
20070705:1310,39.0,397.0,0.0,60.14,17.7,6.28,0.0
20070705:1410,6.0,302.0,0.0,52.8,17.65,5.72,0.0
20070705:1510,11.0,274.0,0.0,43.74,17.98,5.66,0.0
20070705:1610,40.0,252.0,0.0,33.98,18.1,5.72,0.0
20070705:1710,6.0,151.0,0.0,24.09,17.22,4.69,0.0
20070705:1810,0.0,53.0,0.0,14.44,15.96,4.0,0.0
20070705:1910,0.0,5.0,0.0,5.36,15.52,4.83,0.0
20070705:2010,0.0,0.0,0.0,0.0,15.31,5.17,0.0
20070705:2110,0.0,0.0,0.0,0.0,15.34,5.86,0.0
20070705:2210,0.0,0.0,0.0,0.0,15.4,6.28,0.0
20070705:2310,0.0,0.0,0.0,0.0,15.55,6.34,0.0
20070706:0010,0.0,0.0,0.0,0.0,15.77,6.34,0.0
20070706:0110,0.0,0.0,0.0,0.0,16.02,6.28,0.0
20070706:0210,0.0,0.0,0.0,0.0,16.31,6.07,0.0
20070706:0310,0.0,0.0,0.0,0.0,16.54,5.79,0.0
20070706:0410,0.0,0.0,0.0,0.0,16.58,5.45,0.0
20070706:0510,0.0,29.0,0.0,9.89,16.2,5.45,0.0
20070706:0610,1.0,95.0,0.0,19.3,15.74,5.38,0.0
20070706:0710,15.0,198.0,0.0,29.12,15.36,5.38,0.0
20070706:0810,317.0,221.0,0.0,38.99,15.83,6.28,0.0
20070706:0910,221.0,342.0,0.0,48.48,16.22,6.55,0.0
20070706:1010,340.0,350.0,0.0,56.82,17.19,6.62,0.0
20070706:1110,286.0,406.0,0.0,62.6,18.04,6.48,0.0
20070706:1210,383.0,371.0,0.0,63.89,18.25,6.14,0.0
20070706:1310,392.0,345.0,0.0,60.07,18.88,6.9,0.0
20070706:1410,247.0,362.0,0.0,52.75,19.21,6.76,0.0
20070706:1510,345.0,248.0,0.0,43.7,19.42,6.55,0.0
20070706:1610,246.0,209.0,0.0,33.94,19.31,6.14,0.0
20070706:1710,136.0,164.0,0.0,24.05,18.94,5.24,0.0
20070706:1810,0.0,67.0,0.0,14.4,18.24,4.07,0.0
20070706:1910,10.0,30.3,0.0,5.31,17.43,3.45,0.0
20070706:2010,0.0,0.0,0.0,0.0,16.05,2.83,0.0
20070706:2110,0.0,0.0,0.0,0.0,14.74,2.48,0.0
20070706:2210,0.0,0.0,0.0,0.0,13.72,2.21,0.0
20070706:2310,0.0,0.0,0.0,0.0,12.84,2.0,0.0
20070707:0010,0.0,0.0,0.0,0.0,11.96,1.86,0.0
20070707:0110,0.0,0.0,0.0,0.0,11.32,1.93,0.0
20070707:0210,0.0,0.0,0.0,0.0,10.93,2.0,0.0
20070707:0310,0.0,0.0,0.0,0.0,11.13,1.86,0.0
20070707:0410,0.0,0.0,0.0,0.0,11.81,1.59,0.0
20070707:0510,15.0,65.0,0.0,9.78,12.33,1.38,0.0
20070707:0610,14.0,131.0,0.0,19.2,13.1,1.38,0.0
20070707:0710,10.0,191.0,0.0,29.02,14.14,1.1,0.0
20070707:0810,6.0,233.0,0.0,38.89,14.45,1.24,0.0
20070707:0910,38.0,340.0,0.0,48.38,14.8,1.45,0.0
20070707:1010,10.0,329.0,0.0,56.71,15.25,1.52,0.0
20070707:1110,0.0,253.0,0.0,62.49,15.8,1.66,0.0
20070707:1210,63.0,430.0,0.0,63.79,16.21,1.59,0.0
20070707:1310,214.0,415.0,0.0,59.99,17.59,1.79,0.0
20070707:1410,154.0,386.0,0.0,52.69,19.05,2.76,0.0
20070707:1510,90.0,332.0,0.0,43.65,19.22,2.9,0.0
20070707:1610,31.0,247.0,0.0,33.9,19.36,2.69,0.0
20070707:1710,27.0,176.0,0.0,24.0,19.04,2.07,0.0
20070707:1810,16.0,99.0,0.0,14.35,18.7,1.45,0.0
20070707:1910,16.0,27.77,0.0,5.26,18.62,1.45,0.0
20070707:2010,0.0,0.0,0.0,0.0,17.55,1.79,0.0
20070707:2110,0.0,0.0,0.0,0.0,16.69,1.72,0.0
20070707:2210,0.0,0.0,0.0,0.0,16.28,1.79,0.0
20070707:2310,0.0,0.0,0.0,0.0,16.07,1.93,0.0
20070708:0010,0.0,0.0,0.0,0.0,15.73,1.86,0.0
20070708:0110,0.0,0.0,0.0,0.0,15.28,1.72,0.0
20070708:0210,0.0,0.0,0.0,0.0,14.85,1.59,0.0
20070708:0310,0.0,0.0,0.0,0.0,14.45,1.59,0.0
20070708:0410,0.0,0.0,0.0,0.0,14.23,1.66,0.0
20070708:0510,1.0,47.0,0.0,9.68,14.23,1.59,0.0
20070708:0610,1.0,101.0,0.0,19.1,14.93,1.86,0.0
20070708:0710,56.0,221.0,0.0,28.92,15.2,2.28,0.0
20070708:0810,48.0,289.0,0.0,38.79,16.45,2.14,0.0
20070708:0910,230.0,334.0,0.0,48.27,16.96,2.21,0.0
20070708:1010,129.0,409.0,0.0,56.6,17.99,2.07,0.0
20070708:1110,219.0,424.0,0.0,62.38,18.81,2.14,0.0
20070708:1210,0.0,225.0,0.0,63.69,18.46,2.41,0.0
20070708:1310,68.0,415.0,0.0,59.91,17.97,3.38,0.0
20070708:1410,83.0,383.0,0.0,52.63,17.0,4.07,0.0
20070708:1510,0.0,166.0,0.0,43.59,16.65,4.28,0.0
20070708:1610,0.0,71.0,0.0,33.85,16.14,4.0,0.0
20070708:1710,0.0,36.0,0.0,23.95,15.55,3.38,0.0
20070708:1810,3.0,81.0,0.0,14.29,15.02,2.83,0.0
20070708:1910,0.0,4.0,0.0,5.2,15.01,1.86,0.0
20070708:2010,0.0,0.0,0.0,0.0,14.37,1.93,0.0
20070708:2110,0.0,0.0,0.0,0.0,13.8,1.93,0.0
20070708:2210,0.0,0.0,0.0,0.0,13.3,2.14,0.0
20070708:2310,0.0,0.0,0.0,0.0,12.82,2.28,0.0
20070709:0010,0.0,0.0,0.0,0.0,12.34,2.34,0.0
20070709:0110,0.0,0.0,0.0,0.0,11.76,2.28,0.0
20070709:0210,0.0,0.0,0.0,0.0,11.39,2.07,0.0
20070709:0310,0.0,0.0,0.0,0.0,10.87,1.79,0.0
20070709:0410,0.0,0.0,0.0,0.0,10.41,1.86,0.0
20070709:0510,27.0,65.0,0.0,9.57,10.51,1.86,0.0
20070709:0610,13.0,129.0,0.0,18.99,11.75,1.86,0.0
20070709:0710,8.0,184.0,0.0,28.81,13.44,2.07,0.0
20070709:0810,56.0,295.0,0.0,38.68,14.78,2.62,0.0
20070709:0910,212.0,346.0,0.0,48.16,15.73,3.17,0.0
20070709:1010,190.0,406.0,0.0,56.48,16.65,3.86,0.0
20070709:1110,10.0,356.0,0.0,62.26,17.23,4.41,0.0
20070709:1210,12.0,364.0,0.0,63.58,17.39,4.83,0.0
20070709:1310,1.0,290.0,0.0,59.82,16.84,4.62,0.0
20070709:1410,322.0,334.0,0.0,52.55,17.39,4.28,0.0
20070709:1510,67.0,330.0,0.0,43.53,17.45,4.14,0.0
20070709:1610,351.0,155.0,0.0,33.79,15.78,5.03,0.0
20070709:1710,287.0,89.0,0.0,23.9,15.47,4.28,0.0
20070709:1810,28.0,103.0,0.0,14.23,15.36,3.79,0.0
20070709:1910,0.0,5.0,0.0,5.13,14.87,3.03,0.0
20070709:2010,0.0,0.0,0.0,0.0,14.01,3.17,0.0
20070709:2110,0.0,0.0,0.0,0.0,13.51,3.31,0.0
20070709:2210,0.0,0.0,0.0,0.0,13.06,3.38,0.0
20070709:2310,0.0,0.0,0.0,0.0,12.64,3.17,0.0
20070710:0010,0.0,0.0,0.0,0.0,12.28,3.03,0.0
20070710:0110,0.0,0.0,0.0,0.0,12.0,3.17,0.0
20070710:0210,0.0,0.0,0.0,0.0,11.75,3.38,0.0
20070710:0310,0.0,0.0,0.0,0.0,11.72,3.52,0.0
20070710:0410,0.0,0.0,0.0,0.0,11.67,3.59,0.0
20070710:0510,0.0,16.0,0.0,9.45,11.69,3.66,0.0
20070710:0610,0.0,46.0,0.0,18.88,11.5,3.72,0.0
20070710:0710,0.0,85.0,0.0,28.7,11.68,4.28,0.0
20070710:0810,0.0,178.0,0.0,38.57,11.88,4.07,0.0
20070710:0910,1.0,247.0,0.0,48.05,11.79,3.93,0.0
20070710:1010,0.0,173.0,0.0,56.36,12.69,3.93,0.0
20070710:1110,7.0,338.0,0.0,62.13,13.04,3.59,0.0
20070710:1210,0.0,277.0,0.0,63.46,13.8,3.66,0.0
20070710:1310,0.0,147.0,0.0,59.72,14.93,4.07,0.0
20070710:1410,0.0,147.0,0.0,52.48,16.25,3.93,0.0
20070710:1510,23.0,298.0,0.0,43.47,17.28,3.45,0.0
20070710:1610,84.0,261.0,0.0,33.73,17.63,3.31,0.0
20070710:1710,167.0,149.0,0.0,23.83,16.74,3.72,0.0
20070710:1810,121.0,73.0,0.0,14.17,14.92,3.52,0.0
20070710:1910,10.0,27.42,0.0,5.05,14.66,2.14,0.0
20070710:2010,0.0,0.0,0.0,0.0,13.86,2.21,0.0
20070710:2110,0.0,0.0,0.0,0.0,13.28,2.34,0.0
20070710:2210,0.0,0.0,0.0,0.0,12.82,2.48,0.0
20070710:2310,0.0,0.0,0.0,0.0,12.3,2.55,0.0
20070711:0010,0.0,0.0,0.0,0.0,11.98,2.69,0.0
20070711:0110,0.0,0.0,0.0,0.0,11.8,2.69,0.0
20070711:0210,0.0,0.0,0.0,0.0,11.67,2.55,0.0
20070711:0310,0.0,0.0,0.0,0.0,11.56,2.48,0.0
20070711:0410,0.0,0.0,0.0,0.0,11.25,2.62,0.0
20070711:0510,40.0,60.0,0.0,9.33,11.21,2.76,0.0
20070711:0610,140.0,110.0,0.0,18.76,12.13,2.83,0.0
20070711:0710,277.0,141.0,0.0,28.59,13.34,4.14,0.0
20070711:0810,320.0,216.0,0.0,38.46,14.42,3.72,0.0
20070711:0910,383.0,266.0,0.0,47.93,15.42,3.72,0.0
20070711:1010,54.0,394.0,0.0,56.23,16.59,4.14,0.0
20070711:1110,136.0,440.0,0.0,62.0,17.29,4.28,0.0
20070711:1210,282.0,413.0,0.0,63.33,18.21,4.41,0.0
20070711:1310,599.0,231.0,0.0,59.62,18.49,4.14,0.0
20070711:1410,0.0,214.0,0.0,52.39,19.15,4.14,0.0
20070711:1510,158.0,324.0,0.0,43.4,19.13,3.72,0.0
20070711:1610,38.0,251.0,0.0,33.66,19.09,3.52,0.0
20070711:1710,6.0,148.0,0.0,23.77,18.85,3.38,0.0
20070711:1810,95.0,84.0,0.0,14.1,18.23,3.17,0.0
20070711:1910,2.0,25.55,0.0,4.98,17.3,2.69,0.0
20070711:2010,0.0,0.0,0.0,0.0,16.27,2.28,0.0
20070711:2110,0.0,0.0,0.0,0.0,15.49,2.14,0.0
20070711:2210,0.0,0.0,0.0,0.0,14.58,2.34,0.0
20070711:2310,0.0,0.0,0.0,0.0,14.14,2.41,0.0
20070712:0010,0.0,0.0,0.0,0.0,13.54,2.69,0.0
20070712:0110,0.0,0.0,0.0,0.0,13.01,2.97,0.0
20070712:0210,0.0,0.0,0.0,0.0,12.81,2.97,0.0
20070712:0310,0.0,0.0,0.0,0.0,12.67,2.83,0.0
20070712:0410,0.0,0.0,0.0,0.0,12.61,2.69,0.0
20070712:0510,6.0,55.0,0.0,9.21,12.96,2.62,0.0
20070712:0610,0.0,87.0,0.0,18.65,13.66,2.34,0.0
20070712:0710,1.0,140.0,0.0,28.47,15.18,4.21,0.0
20070712:0810,59.0,289.0,0.0,38.34,15.73,3.45,0.0
20070712:0910,58.0,348.0,0.0,47.8,16.49,3.17,0.0
20070712:1010,1.0,273.0,0.0,56.1,17.41,4.48,0.0
20070712:1110,115.0,435.0,0.0,61.86,18.23,5.1,0.0
20070712:1210,9.0,350.0,0.0,63.2,18.66,5.31,0.0
20070712:1310,0.0,267.0,0.0,59.51,18.41,5.03,0.0
20070712:1410,8.0,304.0,0.0,52.3,18.13,4.48,0.0
20070712:1510,1.0,221.0,0.0,43.32,18.43,4.9,0.0
20070712:1610,42.0,250.0,0.0,33.59,18.6,4.48,0.0
20070712:1710,5.0,144.0,0.0,23.69,18.68,3.93,0.0
20070712:1810,20.0,97.0,0.0,14.02,18.46,3.52,0.0
20070712:1910,0.0,18.0,0.0,4.89,18.78,3.17,0.0
20070712:2010,0.0,0.0,0.0,0.0,18.29,3.1,0.0
20070712:2110,0.0,0.0,0.0,0.0,17.93,3.03,0.0
20070712:2210,0.0,0.0,0.0,0.0,17.46,2.97,0.0
20070712:2310,0.0,0.0,0.0,0.0,17.09,2.9,0.0
20070713:0010,0.0,0.0,0.0,0.0,16.68,2.76,0.0
20070713:0110,0.0,0.0,0.0,0.0,16.52,2.48,0.0
20070713:0210,0.0,0.0,0.0,0.0,16.28,1.93,0.0
20070713:0310,0.0,0.0,0.0,0.0,15.79,1.52,0.0
20070713:0410,0.0,0.0,0.0,0.0,15.0,1.59,0.0
20070713:0510,58.0,51.0,0.0,9.09,14.7,1.52,0.0
20070713:0610,180.0,86.0,0.0,18.52,15.97,1.79,0.0
20070713:0710,342.0,100.0,0.0,28.35,17.83,2.48,0.0
20070713:0810,408.0,158.0,0.0,38.22,19.63,3.1,0.0
20070713:0910,440.0,226.0,0.0,47.68,21.08,3.79,0.0
20070713:1010,670.01,153.0,0.0,55.97,22.13,3.93,0.0
20070713:1110,798.01,119.0,0.0,61.71,23.28,3.93,0.0
20070713:1210,822.01,113.0,0.0,63.06,24.25,3.79,0.0
20070713:1310,734.01,140.0,0.0,59.39,25.11,3.86,0.0
20070713:1410,681.01,123.0,0.0,52.21,25.76,3.93,0.0
20070713:1510,538.0,130.0,0.0,43.23,26.19,4.07,0.0
20070713:1610,408.0,114.0,0.0,33.51,26.32,4.07,0.0
20070713:1710,82.0,175.0,0.0,23.61,26.16,3.66,0.0
20070713:1810,122.0,69.0,0.0,13.93,25.42,3.03,0.0
20070713:1910,16.0,23.95,0.0,4.8,23.9,2.83,0.0
20070713:2010,0.0,0.0,0.0,0.0,22.12,3.03,0.0
20070713:2110,0.0,0.0,0.0,0.0,20.98,3.1,0.0
20070713:2210,0.0,0.0,0.0,0.0,20.25,3.17,0.0
20070713:2310,0.0,0.0,0.0,0.0,19.8,3.24,0.0
20070714:0010,0.0,0.0,0.0,0.0,19.52,3.45,0.0
20070714:0110,0.0,0.0,0.0,0.0,19.29,3.59,0.0
20070714:0210,0.0,0.0,0.0,0.0,19.01,3.72,0.0
20070714:0310,0.0,0.0,0.0,0.0,18.45,3.38,0.0
20070714:0410,0.0,0.0,0.0,0.0,17.63,3.17,0.0
20070714:0510,31.0,59.0,0.0,8.96,17.25,2.97,0.0
20070714:0610,12.0,124.0,0.0,18.4,18.04,3.1,0.0
20070714:0710,112.0,210.0,0.0,28.23,19.55,3.31,0.0
20070714:0810,30.0,274.0,0.0,38.1,20.59,3.24,0.0
20070714:0910,505.0,190.0,0.0,47.55,21.54,2.97,0.0
20070714:1010,663.01,159.0,0.0,55.83,22.68,2.83,0.0
20070714:1110,762.01,140.0,0.0,61.57,23.96,2.9,0.0
20070714:1210,704.01,182.0,0.0,62.92,25.01,2.76,0.0
20070714:1310,709.01,155.0,0.0,59.27,26.0,3.03,0.0
20070714:1410,610.0,163.0,0.0,52.11,26.69,3.24,0.0
20070714:1510,511.0,146.0,0.0,43.15,27.07,3.03,0.0
20070714:1610,406.0,116.0,0.0,33.43,26.95,2.14,0.0
20070714:1710,211.0,122.0,0.0,23.53,26.73,1.17,0.0
20070714:1810,102.0,77.0,0.0,13.84,26.48,0.76,0.0
20070714:1910,16.0,23.01,0.0,4.7,25.53,1.38,0.0
20070714:2010,0.0,0.0,0.0,0.0,23.59,1.93,0.0
20070714:2110,0.0,0.0,0.0,0.0,22.09,2.0,0.0
20070714:2210,0.0,0.0,0.0,0.0,20.92,2.0,0.0
20070714:2310,0.0,0.0,0.0,0.0,20.21,2.07,0.0
20070715:0010,0.0,0.0,0.0,0.0,19.76,2.28,0.0
20070715:0110,0.0,0.0,0.0,0.0,19.6,2.55,0.0
20070715:0210,0.0,0.0,0.0,0.0,19.34,2.48,0.0
20070715:0310,0.0,0.0,0.0,0.0,18.87,2.14,0.0
20070715:0410,0.0,0.0,0.0,0.0,18.48,2.28,0.0
20070715:0510,0.0,16.0,0.0,8.83,18.78,2.55,0.0
20070715:0610,0.0,31.0,0.0,18.27,19.87,2.55,0.0
20070715:0710,0.0,85.0,0.0,28.1,21.09,2.62,0.0
20070715:0810,360.0,183.0,0.0,37.97,22.62,3.38,0.0
20070715:0910,592.0,134.0,0.0,47.42,24.44,4.0,0.0
20070715:1010,63.0,392.0,0.0,55.68,26.08,4.55,0.0
20070715:1110,741.01,147.0,0.0,61.41,27.13,5.1,0.0
20070715:1210,734.01,157.0,0.0,62.77,27.81,5.24,0.0
20070715:1310,739.01,135.0,0.0,59.14,28.69,5.45,0.0
20070715:1410,641.0,141.0,0.0,52.0,29.28,5.45,0.0
20070715:1510,503.0,146.0,0.0,43.05,29.63,5.17,0.0
20070715:1610,378.0,126.0,0.0,33.34,29.7,4.62,0.0
20070715:1710,184.0,133.0,0.0,23.44,29.28,3.38,0.0
20070715:1810,84.0,84.0,0.0,13.75,28.33,2.55,0.0
20070715:1910,6.0,24.53,0.0,4.6,26.65,2.83,0.0
20070715:2010,0.0,0.0,0.0,0.0,24.81,2.62,0.0
20070715:2110,0.0,0.0,0.0,0.0,23.46,2.14,0.0
20070715:2210,0.0,0.0,0.0,0.0,22.23,1.17,0.0
20070715:2310,0.0,0.0,0.0,0.0,21.61,1.03,0.0
20070716:0010,0.0,0.0,0.0,0.0,19.45,1.66,0.0
20070716:0110,0.0,0.0,0.0,0.0,19.27,1.79,0.0
20070716:0210,0.0,0.0,0.0,0.0,19.19,1.93,0.0
20070716:0310,0.0,0.0,0.0,0.0,18.93,2.28,0.0
20070716:0410,0.0,0.0,0.0,0.0,18.83,2.76,0.0
20070716:0510,25.0,57.0,0.0,8.69,18.4,1.79,0.0
20070716:0610,122.0,108.0,0.0,18.14,19.24,0.9,0.0
20070716:0710,264.0,135.0,0.0,27.97,21.14,2.21,0.0
20070716:0810,122.0,283.0,0.0,37.84,22.57,2.69,0.0
20070716:0910,187.0,337.0,0.0,47.28,24.5,3.66,0.0
20070716:1010,0.0,168.0,0.0,55.53,25.27,4.48,0.0
20070716:1110,25.0,378.0,0.0,61.25,25.25,4.07,0.0
20070716:1210,0.0,162.0,0.0,62.61,24.1,4.14,0.0
20070716:1310,11.0,337.0,0.0,59.01,22.78,3.79,0.0
20070716:1410,0.0,127.0,0.0,51.88,22.58,3.93,0.0
20070716:1510,0.0,154.0,0.0,42.95,22.64,4.0,0.0
20070716:1610,0.0,68.0,0.0,33.24,22.18,3.93,0.0
20070716:1710,0.0,57.0,0.0,23.34,20.53,4.21,0.0
20070716:1810,0.0,54.0,0.0,13.65,19.06,3.38,0.0
20070716:1910,0.0,18.0,0.0,4.49,18.31,2.69,0.0
20070716:2010,0.0,0.0,0.0,0.0,17.69,2.62,0.0
20070716:2110,0.0,0.0,0.0,0.0,16.82,3.59,0.0
20070716:2210,0.0,0.0,0.0,0.0,16.18,3.17,0.0
20070716:2310,0.0,0.0,0.0,0.0,15.65,3.1,0.0
20070717:0010,0.0,0.0,0.0,0.0,15.02,3.31,0.0
20070717:0110,0.0,0.0,0.0,0.0,14.56,3.31,0.0
20070717:0210,0.0,0.0,0.0,0.0,14.13,3.17,0.0
20070717:0310,0.0,0.0,0.0,0.0,13.92,3.17,0.0
20070717:0410,0.0,0.0,0.0,0.0,13.74,3.1,0.0
20070717:0510,9.0,55.0,0.0,8.55,13.93,3.1,0.0
20070717:0610,97.0,123.0,0.0,18.01,14.86,2.97,0.0
20070717:0710,245.0,152.0,0.0,27.84,16.62,4.69,0.0
20070717:0810,323.0,209.0,0.0,37.7,18.09,5.1,0.0
20070717:0910,185.0,346.0,0.0,47.14,19.31,5.03,0.0
20070717:1010,524.0,248.0,0.0,55.38,20.51,4.83,0.0
20070717:1110,461.0,321.0,0.0,61.09,21.33,4.9,0.0
20070717:1210,614.01,243.0,0.0,62.45,21.99,5.17,0.0
20070717:1310,519.0,276.0,0.0,58.86,22.48,5.1,0.0
20070717:1410,233.0,364.0,0.0,51.76,22.74,4.97,0.0
20070717:1510,197.0,311.0,0.0,42.84,22.79,4.48,0.0
20070717:1610,227.0,214.0,0.0,33.14,22.66,4.14,0.0
20070717:1710,196.0,130.0,0.0,23.24,22.58,3.86,0.0
20070717:1810,91.0,81.0,0.0,13.54,21.99,2.83,0.0
20070717:1910,16.0,21.03,0.0,4.37,20.76,2.41,0.0
20070717:2010,0.0,0.0,0.0,0.0,19.36,2.28,0.0
20070717:2110,0.0,0.0,0.0,0.0,18.04,2.28,0.0
20070717:2210,0.0,0.0,0.0,0.0,16.99,2.21,0.0
20070717:2310,0.0,0.0,0.0,0.0,16.15,2.28,0.0
20070718:0010,0.0,0.0,0.0,0.0,15.48,2.28,0.0
20070718:0110,0.0,0.0,0.0,0.0,14.85,2.28,0.0
20070718:0210,0.0,0.0,0.0,0.0,14.53,2.21,0.0
20070718:0310,0.0,0.0,0.0,0.0,13.94,2.34,0.0
20070718:0410,0.0,0.0,0.0,0.0,13.6,2.28,0.0
20070718:0510,0.0,11.0,0.0,8.41,13.69,2.07,0.0
20070718:0610,50.0,134.0,0.0,17.87,14.97,1.93,0.0
20070718:0710,46.0,212.0,0.0,27.71,16.78,2.28,0.0
20070718:0810,117.0,289.0,0.0,37.57,18.28,2.55,0.0
20070718:0910,504.0,192.0,0.0,46.99,19.54,2.83,0.0
20070718:1010,433.0,298.0,0.0,55.22,20.53,3.03,0.0
20070718:1110,701.01,180.0,0.0,60.92,21.47,3.17,0.0
20070718:1210,650.01,221.0,0.0,62.28,21.99,3.24,0.0
20070718:1310,399.0,339.0,0.0,58.72,22.65,3.24,0.0
20070718:1410,273.0,349.0,0.0,51.64,23.02,3.1,0.0
20070718:1510,208.0,306.0,0.0,42.73,23.02,2.9,0.0
20070718:1610,299.0,177.0,0.0,33.03,22.97,2.55,0.0
20070718:1710,71.0,176.0,0.0,23.13,22.75,2.21,0.0
20070718:1810,13.0,91.0,0.0,13.43,22.18,1.59,0.0
20070718:1910,2.0,20.57,0.0,4.25,21.25,1.52,0.0
20070718:2010,0.0,0.0,0.0,0.0,19.71,1.86,0.0
20070718:2110,0.0,0.0,0.0,0.0,18.58,2.07,0.0
20070718:2210,0.0,0.0,0.0,0.0,17.92,2.41,0.0
20070718:2310,0.0,0.0,0.0,0.0,17.38,2.62,0.0
20070719:0010,0.0,0.0,0.0,0.0,17.07,2.62,0.0
20070719:0110,0.0,0.0,0.0,0.0,16.97,2.55,0.0
20070719:0210,0.0,0.0,0.0,0.0,16.83,2.41,0.0
20070719:0310,0.0,0.0,0.0,0.0,16.73,2.28,0.0
20070719:0410,0.0,0.0,0.0,0.0,16.45,2.14,0.0
20070719:0510,42.0,50.0,0.0,8.26,16.27,2.07,0.0
20070719:0610,46.0,131.0,0.0,17.73,16.7,1.93,0.0
20070719:0710,281.0,126.0,0.0,27.57,17.56,1.93,0.0
20070719:0810,413.0,151.0,0.0,37.43,18.78,1.59,0.0
20070719:0910,303.0,296.0,0.0,46.85,20.23,1.1,0.0
20070719:1010,707.01,132.0,0.0,55.06,21.19,1.03,0.0
20070719:1110,662.01,197.0,0.0,60.74,22.46,1.45,0.0
20070719:1210,491.0,306.0,0.0,62.11,23.41,1.93,0.0
20070719:1310,164.0,419.0,0.0,58.56,24.02,2.07,0.0
20070719:1410,454.0,254.0,0.0,51.5,24.16,1.93,0.0
20070719:1510,350.0,237.0,0.0,42.61,24.36,2.07,0.0
20070719:1610,286.0,179.0,0.0,32.92,24.4,2.21,0.0
20070719:1710,93.0,169.0,0.0,23.02,24.08,2.14,0.0
20070719:1810,107.0,70.0,0.0,13.31,23.36,2.07,0.0
20070719:1910,13.0,20.72,0.0,4.13,22.75,2.07,0.0
20070719:2010,0.0,0.0,0.0,0.0,21.24,2.48,0.0
20070719:2110,0.0,0.0,0.0,0.0,20.55,2.55,0.0
20070719:2210,0.0,0.0,0.0,0.0,19.77,2.69,0.0
20070719:2310,0.0,0.0,0.0,0.0,19.18,2.07,0.0
20070720:0010,0.0,0.0,0.0,0.0,18.69,1.72,0.0
20070720:0110,0.0,0.0,0.0,0.0,17.83,1.86,0.0
20070720:0210,0.0,0.0,0.0,0.0,17.38,1.72,0.0
20070720:0310,0.0,0.0,0.0,0.0,17.14,1.59,0.0
20070720:0410,0.0,0.0,0.0,0.0,16.8,1.52,0.0
20070720:0510,0.0,8.0,0.0,8.11,16.89,1.38,0.0
20070720:0610,0.0,36.0,0.0,17.59,17.52,1.52,0.0
20070720:0710,0.0,85.0,0.0,27.43,16.58,3.59,0.0
20070720:0810,50.0,280.0,0.0,37.28,16.59,4.34,0.0
20070720:0910,115.0,352.0,0.0,46.7,17.73,5.72,0.0
20070720:1010,25.0,356.0,0.0,54.9,18.7,5.52,0.0
20070720:1110,23.0,378.0,0.0,60.56,19.66,5.52,0.0
20070720:1210,103.0,435.0,0.0,61.92,20.39,5.66,0.0
20070720:1310,153.0,417.0,0.0,58.4,20.75,5.93,0.0
20070720:1410,155.0,377.0,0.0,51.37,20.57,6.0,0.0
20070720:1510,408.0,202.0,0.0,42.48,20.62,5.86,0.0
20070720:1610,82.0,252.0,0.0,32.8,20.64,5.31,0.0
20070720:1710,204.0,119.0,0.0,22.9,20.49,4.55,0.0
20070720:1810,102.0,71.0,0.0,13.19,20.07,3.38,0.0
20070720:1910,13.0,18.9,0.0,3.99,18.9,2.62,0.0
20070720:2010,0.0,0.0,0.0,0.0,17.77,1.79,0.0
20070720:2110,0.0,0.0,0.0,0.0,16.51,1.59,0.0
20070720:2210,0.0,0.0,0.0,0.0,14.95,1.52,0.0
20070720:2310,0.0,0.0,0.0,0.0,13.85,1.45,0.0
20070721:0010,0.0,0.0,0.0,0.0,12.65,1.66,0.0
20070721:0110,0.0,0.0,0.0,0.0,11.98,1.79,0.0
20070721:0210,0.0,0.0,0.0,0.0,11.56,1.93,0.0
20070721:0310,0.0,0.0,0.0,0.0,11.23,1.93,0.0
20070721:0410,0.0,0.0,0.0,0.0,10.94,1.93,0.0
20070721:0510,0.0,15.0,0.0,7.96,11.09,1.79,0.0
20070721:0610,3.0,100.0,0.0,17.44,13.29,1.66,0.0
20070721:0710,162.0,187.0,0.0,27.28,15.12,1.79,0.0
20070721:0810,417.0,151.0,0.0,37.14,16.63,2.0,0.0
20070721:0910,292.0,303.0,0.0,46.54,17.99,3.1,0.0
20070721:1010,129.0,405.0,0.0,54.73,18.85,3.52,0.0
20070721:1110,399.0,350.0,0.0,60.37,19.74,3.52,0.0
20070721:1210,518.0,295.0,0.0,61.74,20.4,3.45,0.0
20070721:1310,296.0,383.0,0.0,58.23,20.81,3.45,0.0
20070721:1410,362.0,306.0,0.0,51.22,21.03,3.52,0.0
20070721:1510,523.0,138.0,0.0,42.35,21.01,3.52,0.0
20070721:1610,295.0,176.0,0.0,32.67,20.74,3.52,0.0
20070721:1710,130.0,157.0,0.0,22.78,20.33,3.38,0.0
20070721:1810,38.0,93.0,0.0,13.06,19.76,2.76,0.0
20070721:1910,0.0,3.0,0.0,3.86,18.51,2.55,0.0
20070721:2010,0.0,0.0,0.0,0.0,17.31,2.69,0.0
20070721:2110,0.0,0.0,0.0,0.0,16.49,2.97,0.0
20070721:2210,0.0,0.0,0.0,0.0,15.59,2.62,0.0
20070721:2310,0.0,0.0,0.0,0.0,14.9,2.55,0.0
20070722:0010,0.0,0.0,0.0,0.0,14.19,2.83,0.0
20070722:0110,0.0,0.0,0.0,0.0,13.55,3.1,0.0
20070722:0210,0.0,0.0,0.0,0.0,13.28,3.24,0.0
20070722:0310,0.0,0.0,0.0,0.0,12.91,3.03,0.0
20070722:0410,0.0,0.0,0.0,0.0,12.41,2.83,0.0
20070722:0510,51.0,44.0,0.0,7.81,12.23,2.83,0.0
20070722:0610,165.0,83.0,0.0,17.29,13.3,3.24,0.0
20070722:0710,119.0,200.0,0.0,27.14,14.7,4.83,0.0
20070722:0810,236.0,245.0,0.0,36.99,15.57,4.83,0.0
20070722:0910,197.0,337.0,0.0,46.38,16.69,4.97,0.0
20070722:1010,316.0,350.0,0.0,54.56,18.08,5.03,0.0
20070722:1110,0.0,151.0,0.0,60.18,18.87,5.03,0.0
20070722:1210,157.0,438.0,0.0,61.54,19.57,4.76,0.0
20070722:1310,30.0,381.0,0.0,58.06,20.19,4.55,0.0
20070722:1410,124.0,383.0,0.0,51.07,20.59,4.07,0.0
20070722:1510,204.0,303.0,0.0,42.22,20.56,3.45,0.0
20070722:1610,38.0,245.0,0.0,32.54,20.61,3.17,0.0
20070722:1710,20.0,162.0,0.0,22.65,20.64,3.1,0.0
20070722:1810,84.0,78.0,0.0,12.92,20.21,2.14,0.0
20070722:1910,14.0,17.57,0.0,3.71,19.34,2.0,0.0
20070722:2010,0.0,0.0,0.0,0.0,17.86,2.28,0.0
20070722:2110,0.0,0.0,0.0,0.0,16.86,2.34,0.0
20070722:2210,0.0,0.0,0.0,0.0,16.13,2.62,0.0
20070722:2310,0.0,0.0,0.0,0.0,16.18,2.97,0.0
20070723:0010,0.0,0.0,0.0,0.0,16.45,3.38,0.0
20070723:0110,0.0,0.0,0.0,0.0,16.36,3.52,0.0
20070723:0210,0.0,0.0,0.0,0.0,15.96,3.45,0.0
20070723:0310,0.0,0.0,0.0,0.0,15.65,3.72,0.0
20070723:0410,0.0,0.0,0.0,0.0,15.47,3.72,0.0
20070723:0510,0.0,8.0,0.0,7.65,15.57,3.45,0.0
20070723:0610,0.0,42.0,0.0,17.14,15.72,3.45,0.0
20070723:0710,0.0,44.0,0.0,26.99,15.95,2.97,0.0
20070723:0810,0.0,69.0,0.0,36.84,16.54,2.9,0.0
20070723:0910,0.0,101.0,0.0,46.22,16.66,2.48,0.0
20070723:1010,0.0,85.0,0.0,54.38,16.78,2.62,0.0
20070723:1110,0.0,170.0,0.0,59.99,17.11,2.9,0.0
20070723:1210,0.0,164.0,0.0,61.35,17.37,3.72,0.0
20070723:1310,19.0,358.0,0.0,57.88,16.99,4.14,0.0
20070723:1410,162.0,371.0,0.0,50.91,16.94,4.48,0.0
20070723:1510,5.0,244.0,0.0,42.07,18.04,5.93,0.0
20070723:1610,269.0,180.0,0.0,32.41,19.51,6.34,0.0
20070723:1710,30.0,165.0,0.0,22.51,18.46,6.69,0.0
20070723:1810,5.0,75.0,0.0,12.78,17.1,6.14,0.0
20070723:1910,0.0,3.0,0.0,3.56,16.65,5.52,0.0
20070723:2010,0.0,0.0,0.0,0.0,15.63,5.31,0.0
20070723:2110,0.0,0.0,0.0,0.0,15.23,5.45,0.0
20070723:2210,0.0,0.0,0.0,0.0,14.92,5.52,0.0
20070723:2310,0.0,0.0,0.0,0.0,14.74,5.59,0.0
20070724:0010,0.0,0.0,0.0,0.0,14.74,5.45,0.0
20070724:0110,0.0,0.0,0.0,0.0,14.58,5.24,0.0
20070724:0210,0.0,0.0,0.0,0.0,14.49,5.31,0.0
20070724:0310,0.0,0.0,0.0,0.0,14.22,5.31,0.0
20070724:0410,0.0,0.0,0.0,0.0,14.16,4.9,0.0
20070724:0510,0.0,18.0,0.0,7.49,14.07,4.48,0.0
20070724:0610,0.0,77.0,0.0,16.99,14.39,3.93,0.0
20070724:0710,0.0,129.0,0.0,26.84,14.57,3.72,0.0
20070724:0810,45.0,275.0,0.0,36.68,15.59,4.0,0.0
20070724:0910,576.0,136.0,0.0,46.06,17.08,4.41,0.0
20070724:1010,437.0,283.0,0.0,54.2,18.23,4.41,0.0
20070724:1110,346.0,365.0,0.0,59.79,19.21,4.55,0.0
20070724:1210,311.0,388.0,0.0,61.14,20.3,4.55,0.0
20070724:1310,567.01,234.0,0.0,57.69,20.9,4.55,0.0
20070724:1410,17.0,326.0,0.0,50.75,21.15,4.28,0.0
20070724:1510,315.0,249.0,0.0,41.92,21.27,4.0,0.0
20070724:1610,131.0,240.0,0.0,32.27,21.09,3.72,0.0
20070724:1710,5.0,136.0,0.0,22.37,20.88,3.72,0.0
20070724:1810,27.0,90.0,0.0,12.63,19.97,2.48,0.0
20070724:1910,0.0,14.0,0.0,3.41,18.91,2.41,0.0
20070724:2010,0.0,0.0,0.0,0.0,17.75,2.14,0.0
20070724:2110,0.0,0.0,0.0,0.0,16.81,2.07,0.0
20070724:2210,0.0,0.0,0.0,0.0,15.62,2.07,0.0
20070724:2310,0.0,0.0,0.0,0.0,14.82,1.86,0.0
20070725:0010,0.0,0.0,0.0,0.0,13.88,1.66,0.0
20070725:0110,0.0,0.0,0.0,0.0,12.79,1.52,0.0
20070725:0210,0.0,0.0,0.0,0.0,11.91,1.59,0.0
20070725:0310,0.0,0.0,0.0,0.0,11.19,1.66,0.0
20070725:0410,0.0,0.0,0.0,0.0,10.72,1.59,0.0
20070725:0510,17.0,48.0,0.0,7.33,10.66,1.52,0.0
20070725:0610,125.0,98.0,0.0,16.83,13.27,1.31,0.0
20070725:0710,64.0,206.0,0.0,26.68,15.8,3.03,0.0
20070725:0810,0.0,181.0,0.0,36.53,17.12,3.86,0.0
20070725:0910,0.0,180.0,0.0,45.89,17.99,4.41,0.0
20070725:1010,9.0,320.0,0.0,54.01,18.37,4.62,0.0
20070725:1110,734.01,149.0,0.0,59.58,19.08,4.48,0.0
20070725:1210,767.01,140.0,0.0,60.93,20.02,4.48,0.0
20070725:1310,691.01,160.0,0.0,57.5,20.82,4.55,0.0
20070725:1410,625.01,148.0,0.0,50.58,21.22,4.48,0.0
20070725:1510,376.0,218.0,0.0,41.77,21.43,4.34,0.0
20070725:1610,334.0,147.0,0.0,32.12,21.22,4.34,0.0
20070725:1710,201.0,116.0,0.0,22.22,20.98,4.21,0.0
20070725:1810,99.0,67.0,0.0,12.48,20.23,3.45,0.0
20070725:1910,8.0,16.08,0.0,3.25,19.63,2.69,0.0
20070725:2010,0.0,0.0,0.0,0.0,18.07,2.69,0.0
20070725:2110,0.0,0.0,0.0,0.0,17.03,2.76,0.0
20070725:2210,0.0,0.0,0.0,0.0,16.28,2.83,0.0
20070725:2310,0.0,0.0,0.0,0.0,15.69,2.76,0.0
20070726:0010,0.0,0.0,0.0,0.0,15.15,2.69,0.0
20070726:0110,0.0,0.0,0.0,0.0,14.59,2.62,0.0
20070726:0210,0.0,0.0,0.0,0.0,14.13,2.55,0.0
20070726:0310,0.0,0.0,0.0,0.0,13.63,2.55,0.0
20070726:0410,0.0,0.0,0.0,0.0,13.32,2.69,0.0
20070726:0510,32.0,43.0,0.0,7.16,13.27,2.83,0.0
20070726:0610,132.0,90.0,0.0,16.67,14.57,3.03,0.0
20070726:0710,208.0,153.0,0.0,26.53,16.45,4.34,0.0
20070726:0810,299.0,203.0,0.0,36.37,17.92,5.17,0.0
20070726:0910,350.0,260.0,0.0,45.72,19.36,5.72,0.0
20070726:1010,657.01,148.0,0.0,53.82,20.47,6.0,0.0
20070726:1110,449.0,309.0,0.0,59.37,21.36,6.69,0.0
20070726:1210,508.0,285.0,0.0,60.71,22.08,6.97,0.0
20070726:1310,601.01,207.0,0.0,57.3,22.48,7.17,0.0
20070726:1410,566.0,176.0,0.0,50.4,23.2,7.59,0.0
20070726:1510,206.0,292.0,0.0,41.61,23.2,7.17,0.0
20070726:1610,20.0,222.0,0.0,31.96,22.76,6.14,0.0
20070726:1710,0.0,104.0,0.0,22.07,22.62,6.28,0.0
20070726:1810,35.0,86.0,0.0,12.32,21.83,6.28,0.0
20070726:1910,6.0,15.57,0.0,3.08,20.89,5.86,0.0
20070726:2010,0.0,0.0,0.0,0.0,19.56,5.86,0.0
20070726:2110,0.0,0.0,0.0,0.0,18.6,5.93,0.0
20070726:2210,0.0,0.0,0.0,0.0,17.77,5.72,0.0
20070726:2310,0.0,0.0,0.0,0.0,17.09,5.31,0.0
20070727:0010,0.0,0.0,0.0,0.0,16.44,4.97,0.0
20070727:0110,0.0,0.0,0.0,0.0,16.0,4.76,0.0
20070727:0210,0.0,0.0,0.0,0.0,15.66,4.48,0.0
20070727:0310,0.0,0.0,0.0,0.0,15.3,4.14,0.0
20070727:0410,0.0,0.0,0.0,0.0,15.47,4.0,0.0
20070727:0510,5.0,40.0,0.0,6.99,16.05,3.79,0.0
20070727:0610,14.0,112.0,0.0,16.51,16.52,3.72,0.0
20070727:0710,0.0,121.0,0.0,26.37,16.97,5.38,0.0
20070727:0810,0.0,107.0,0.0,36.21,17.59,4.55,0.0
20070727:0910,0.0,165.0,0.0,45.55,18.15,4.21,0.0
20070727:1010,0.0,149.0,0.0,53.63,18.6,4.48,0.0
20070727:1110,0.0,187.0,0.0,59.16,19.65,5.24,0.0
20070727:1210,196.0,421.0,0.0,60.49,19.86,5.03,0.0
20070727:1310,263.0,381.0,0.0,57.09,20.51,5.45,0.0
20070727:1410,457.0,240.0,0.0,50.22,20.89,4.9,0.0
20070727:1510,75.0,315.0,0.0,41.44,21.33,5.1,0.0
20070727:1610,30.0,232.0,0.0,31.8,21.85,5.17,0.0
20070727:1710,0.0,95.0,0.0,21.91,21.69,3.93,0.0
20070727:1810,7.0,76.0,0.0,12.16,21.23,3.03,0.0
20070727:1910,4.0,14.11,0.0,2.91,20.69,3.31,0.0
20070727:2010,0.0,0.0,0.0,0.0,20.05,3.59,0.0
20070727:2110,0.0,0.0,0.0,0.0,19.59,4.07,0.0
20070727:2210,0.0,0.0,0.0,0.0,18.79,4.41,0.0
20070727:2310,0.0,0.0,0.0,0.0,17.94,4.62,0.0
20070728:0010,0.0,0.0,0.0,0.0,17.44,4.9,0.0
20070728:0110,0.0,0.0,0.0,0.0,17.21,5.1,0.0
20070728:0210,0.0,0.0,0.0,0.0,17.08,5.03,0.0
20070728:0310,0.0,0.0,0.0,0.0,17.27,5.03,0.0
20070728:0410,0.0,0.0,0.0,0.0,17.3,4.97,0.0
20070728:0510,2.0,34.0,0.0,6.82,17.48,4.9,0.0
20070728:0610,4.0,95.0,0.0,16.35,17.86,4.83,0.0
20070728:0710,13.0,177.0,0.0,26.21,17.94,4.28,0.0
20070728:0810,97.0,275.0,0.0,36.04,18.21,4.14,0.0
20070728:0910,52.0,331.0,0.0,45.37,18.75,4.48,0.0
20070728:1010,2.0,270.0,0.0,53.44,20.09,4.76,0.0
20070728:1110,0.0,256.0,0.0,58.94,21.07,4.76,0.0
20070728:1210,96.0,425.0,0.0,60.27,21.73,4.97,0.0
20070728:1310,99.0,409.0,0.0,56.88,21.98,4.97,0.0
20070728:1410,103.0,371.0,0.0,50.03,22.02,4.76,0.0
20070728:1510,220.0,283.0,0.0,41.27,22.02,4.41,0.0
20070728:1610,8.0,201.0,0.0,31.64,21.8,4.07,0.0
20070728:1710,0.0,90.0,0.0,21.74,21.35,3.31,0.0
20070728:1810,0.0,20.0,0.0,11.99,20.91,2.76,0.0
20070728:1910,0.0,11.0,0.0,2.73,19.66,2.83,0.0
20070728:2010,0.0,0.0,0.0,0.0,18.99,2.14,0.0
20070728:2110,0.0,0.0,0.0,0.0,18.15,1.86,0.0
20070728:2210,0.0,0.0,0.0,0.0,17.11,2.28,0.0
20070728:2310,0.0,0.0,0.0,0.0,16.2,2.69,0.0
20070729:0010,0.0,0.0,0.0,0.0,16.04,3.17,0.0
20070729:0110,0.0,0.0,0.0,0.0,16.26,3.72,0.0
20070729:0210,0.0,0.0,0.0,0.0,16.13,4.14,0.0
20070729:0310,0.0,0.0,0.0,0.0,15.97,4.62,0.0
20070729:0410,0.0,0.0,0.0,0.0,15.89,5.24,0.0
20070729:0510,0.0,7.0,0.0,6.65,15.79,5.17,0.0
20070729:0610,0.0,57.0,0.0,16.18,16.03,5.31,0.0
20070729:0710,12.0,173.0,0.0,26.04,17.05,6.14,0.0
20070729:0810,0.0,162.0,0.0,35.87,17.96,6.76,0.0
20070729:0910,54.0,330.0,0.0,45.19,18.28,6.76,0.0
20070729:1010,0.0,201.0,0.0,53.24,19.39,6.14,0.0
20070729:1110,2.0,294.0,0.0,58.72,20.0,5.86,0.0
20070729:1210,36.0,391.0,0.0,60.03,20.54,5.66,0.0
20070729:1310,200.0,396.0,0.0,56.67,21.14,5.38,0.0
20070729:1410,0.0,223.0,0.0,49.83,20.46,5.17,0.0
20070729:1510,1.0,209.0,0.0,41.09,20.77,4.69,0.0
20070729:1610,0.0,61.0,0.0,31.47,20.17,4.34,0.0
20070729:1710,26.0,156.0,0.0,21.57,19.7,4.28,0.0
20070729:1810,9.0,75.0,0.0,11.82,19.04,3.86,0.0
20070729:1910,0.0,11.0,0.0,2.54,16.79,2.62,0.0
20070729:2010,0.0,0.0,0.0,0.0,16.39,2.69,0.0
20070729:2110,0.0,0.0,0.0,0.0,15.79,2.83,0.0
20070729:2210,0.0,0.0,0.0,0.0,15.13,2.9,0.0
20070729:2310,0.0,0.0,0.0,0.0,14.34,2.62,0.0
20070730:0010,0.0,0.0,0.0,0.0,13.76,2.21,0.0
20070730:0110,0.0,0.0,0.0,0.0,12.91,2.07,0.0
20070730:0210,0.0,0.0,0.0,0.0,12.27,2.0,0.0
20070730:0310,0.0,0.0,0.0,0.0,11.59,2.0,0.0
20070730:0410,0.0,0.0,0.0,0.0,11.16,2.0,0.0
20070730:0510,32.0,38.0,0.0,6.47,10.8,1.72,0.0
20070730:0610,147.0,80.0,0.0,16.01,12.17,1.24,0.0
20070730:0710,306.0,100.0,0.0,25.88,14.43,1.79,0.0
20070730:0810,480.0,104.0,0.0,35.71,15.71,1.45,0.0
20070730:0910,593.0,125.0,0.0,45.01,16.76,1.52,0.0
20070730:1010,311.0,345.0,0.0,53.03,17.49,1.66,0.0
20070730:1110,631.01,210.0,0.0,58.49,18.27,2.0,0.0
20070730:1210,446.0,325.0,0.0,59.8,19.14,2.41,0.0
20070730:1310,464.0,293.0,0.0,56.44,19.57,2.76,0.0
20070730:1410,369.0,293.0,0.0,49.63,19.71,2.9,0.0
20070730:1510,350.0,228.0,0.0,40.91,19.9,2.97,0.0
20070730:1610,234.0,195.0,0.0,31.29,19.69,3.03,0.0
20070730:1710,102.0,155.0,0.0,21.4,19.35,3.1,0.0
20070730:1810,87.0,65.0,0.0,11.64,18.58,3.03,0.0
20070730:1910,0.0,12.0,0.0,2.35,17.63,3.17,0.0
20070730:2010,0.0,0.0,0.0,0.0,16.51,3.24,0.0
20070730:2110,0.0,0.0,0.0,0.0,15.66,3.1,0.0
20070730:2210,0.0,0.0,0.0,0.0,14.67,2.83,0.0
20070730:2310,0.0,0.0,0.0,0.0,13.91,2.55,0.0
20070731:0010,0.0,0.0,0.0,0.0,13.13,2.48,0.0
20070731:0110,0.0,0.0,0.0,0.0,12.49,2.34,0.0
20070731:0210,0.0,0.0,0.0,0.0,11.98,2.14,0.0
20070731:0310,0.0,0.0,0.0,0.0,11.5,2.0,0.0
20070731:0410,0.0,0.0,0.0,0.0,11.02,2.0,0.0
20070731:0510,35.0,36.0,0.0,6.29,10.86,1.86,0.0
20070731:0610,144.0,79.0,0.0,15.84,12.2,1.72,0.0
20070731:0710,297.0,103.0,0.0,25.71,13.94,2.21,0.0
20070731:0810,460.0,114.0,0.0,35.53,15.73,2.62,0.0
20070731:0910,600.0,121.0,0.0,44.83,17.17,3.03,0.0
20070731:1010,650.01,155.0,0.0,52.83,18.08,2.76,0.0
20070731:1110,478.0,298.0,0.0,58.26,18.8,2.62,0.0
20070731:1210,487.0,302.0,0.0,59.55,19.29,2.62,0.0
20070731:1310,515.01,264.0,0.0,56.21,19.8,2.62,0.0
20070731:1410,587.01,167.0,0.0,49.43,20.14,2.62,0.0
20070731:1510,497.0,141.0,0.0,40.72,20.31,2.62,0.0
20070731:1610,371.0,119.0,0.0,31.11,20.27,2.83,0.0
20070731:1710,140.0,138.0,0.0,21.22,19.92,3.03,0.0
20070731:1810,81.0,66.0,0.0,11.45,19.24,2.83,0.0
20070731:1910,0.0,7.0,0.0,2.16,17.94,2.69,0.0
20070731:2010,0.0,0.0,0.0,0.0,16.41,2.83,0.0
20070731:2110,0.0,0.0,0.0,0.0,15.41,2.9,0.0
20070731:2210,0.0,0.0,0.0,0.0,14.62,2.83,0.0
20070731:2310,0.0,0.0,0.0,0.0,13.92,2.76,0.0
20070801:0010,0.0,0.0,0.0,0.0,13.32,2.83,0.0
20070801:0110,0.0,0.0,0.0,0.0,12.79,2.9,0.0
20070801:0210,0.0,0.0,0.0,0.0,12.36,2.97,0.0
20070801:0310,0.0,0.0,0.0,0.0,11.94,2.97,0.0
20070801:0410,0.0,0.0,0.0,0.0,11.51,2.83,0.0
20070801:0510,21.0,38.0,0.0,6.11,11.27,2.76,0.0
20070801:0610,144.0,77.0,0.0,15.67,12.21,2.48,0.0
20070801:0710,265.0,117.0,0.0,25.54,14.38,2.97,0.0
20070801:0810,394.0,146.0,0.0,35.36,16.39,3.24,0.0
20070801:0910,524.0,159.0,0.0,44.64,18.39,3.52,0.0
20070801:1010,672.01,139.0,0.0,52.62,20.25,3.59,0.0
20070801:1110,743.01,137.0,0.0,58.02,21.86,3.66,0.0
20070801:1210,737.01,148.0,0.0,59.31,23.19,3.72,0.0
20070801:1310,702.01,146.0,0.0,55.98,24.2,3.66,0.0
20070801:1410,639.01,133.0,0.0,49.21,24.94,3.72,0.0
20070801:1510,520.0,125.0,0.0,40.52,25.48,3.72,0.0
20070801:1610,210.0,202.0,0.0,30.92,25.72,3.45,0.0
20070801:1710,162.0,125.0,0.0,21.03,25.68,2.97,0.0
20070801:1810,24.0,80.0,0.0,11.26,24.89,1.93,0.0
20070801:1910,0.0,7.0,0.0,1.96,23.31,1.59,0.0
20070801:2010,0.0,0.0,0.0,0.0,21.12,2.41,0.0
20070801:2110,0.0,0.0,0.0,0.0,19.65,2.28,0.0
20070801:2210,0.0,0.0,0.0,0.0,18.74,2.41,0.0
20070801:2310,0.0,0.0,0.0,0.0,17.48,2.97,0.0
20070802:0010,0.0,0.0,0.0,0.0,16.64,2.62,0.0
20070802:0110,0.0,0.0,0.0,0.0,16.23,2.28,0.0
20070802:0210,0.0,0.0,0.0,0.0,16.2,2.14,0.0
20070802:0310,0.0,0.0,0.0,0.0,16.15,2.69,0.0
20070802:0410,0.0,0.0,0.0,0.0,15.82,3.38,0.0
20070802:0510,0.0,5.0,0.0,5.93,15.19,3.52,0.0
20070802:0610,88.0,100.0,0.0,15.5,15.29,3.38,0.0
20070802:0710,85.0,190.0,0.0,25.37,16.12,3.72,0.0
20070802:0810,81.0,270.0,0.0,35.18,17.68,3.72,0.0
20070802:0910,438.0,202.0,0.0,44.45,19.23,3.45,0.0
20070802:1010,568.01,192.0,0.0,52.4,20.6,3.03,0.0
20070802:1110,252.0,390.0,0.0,57.78,21.8,3.38,0.0
20070802:1210,325.0,369.0,0.0,59.05,22.2,4.21,0.0
20070802:1310,107.0,405.0,0.0,55.74,22.32,4.76,0.0
20070802:1410,109.0,367.0,0.0,49.0,21.95,4.97,0.0
20070802:1510,0.0,175.0,0.0,40.32,21.09,4.69,0.0
20070802:1610,0.0,69.0,0.0,30.73,20.29,4.14,0.0
20070802:1710,0.0,101.0,0.0,20.84,19.46,3.59,0.0
20070802:1810,1.0,53.0,0.0,11.06,18.67,2.9,0.0
20070802:1910,0.0,5.0,0.0,1.75,17.35,2.62,0.0
20070802:2010,0.0,0.0,0.0,0.0,16.87,2.41,0.0
20070802:2110,0.0,0.0,0.0,0.0,16.54,2.07,0.0
20070802:2210,0.0,0.0,0.0,0.0,16.12,1.59,0.0
20070802:2310,0.0,0.0,0.0,0.0,15.57,1.66,0.0
20070803:0010,0.0,0.0,0.0,0.0,14.93,1.93,0.0
20070803:0110,0.0,0.0,0.0,0.0,14.5,2.07,0.0
20070803:0210,0.0,0.0,0.0,0.0,13.87,2.07,0.0
20070803:0310,0.0,0.0,0.0,0.0,13.55,1.86,0.0
20070803:0410,0.0,0.0,0.0,0.0,12.98,1.86,0.0
20070803:0510,4.0,32.0,0.0,5.75,12.79,1.66,0.0
20070803:0610,96.0,95.0,0.0,15.32,13.71,1.45,0.0
20070803:0710,268.0,108.0,0.0,25.2,15.42,1.86,0.0
20070803:0810,153.0,258.0,0.0,35.0,16.44,1.45,0.0
20070803:0910,293.0,279.0,0.0,44.26,17.59,1.24,0.0
20070803:1010,196.0,375.0,0.0,52.19,18.29,1.1,0.0
20070803:1110,328.0,360.0,0.0,57.53,19.16,1.17,0.0
20070803:1210,351.0,358.0,0.0,58.79,19.82,1.38,0.0
20070803:1310,420.0,303.0,0.0,55.49,20.31,1.38,0.0
20070803:1410,281.0,321.0,0.0,48.77,20.71,1.17,0.0
20070803:1510,140.0,303.0,0.0,40.11,20.95,1.1,0.0
20070803:1610,221.0,190.0,0.0,30.53,21.01,1.24,0.0
20070803:1710,179.0,110.0,0.0,20.64,20.79,1.1,0.0
20070803:1810,45.0,72.0,0.0,10.86,20.61,1.03,0.0
20070803:1910,0.0,6.0,0.0,1.54,20.3,0.97,0.0
20070803:2010,0.0,0.0,0.0,0.0,18.78,1.17,0.0
20070803:2110,0.0,0.0,0.0,0.0,17.9,1.1,0.0
20070803:2210,0.0,0.0,0.0,0.0,18.33,0.83,0.0
20070803:2310,0.0,0.0,0.0,0.0,17.69,0.41,0.0
20070804:0010,0.0,0.0,0.0,0.0,17.1,0.34,0.0
20070804:0110,0.0,0.0,0.0,0.0,16.47,0.69,0.0
20070804:0210,0.0,0.0,0.0,0.0,15.81,0.76,0.0
20070804:0310,0.0,0.0,0.0,0.0,15.37,0.62,0.0
20070804:0410,0.0,0.0,0.0,0.0,14.91,0.62,0.0
20070804:0510,13.0,30.56,0.0,5.56,14.56,0.76,0.0
20070804:0610,132.0,77.0,0.0,15.14,15.06,0.55,0.0
20070804:0710,275.0,105.0,0.0,25.02,17.9,0.48,0.0
20070804:0810,421.0,124.0,0.0,34.82,20.28,0.69,0.0
20070804:0910,560.0,132.0,0.0,44.06,21.88,0.97,0.0
20070804:1010,681.01,129.0,0.0,51.96,23.02,1.52,0.0
20070804:1110,734.01,136.0,0.0,57.28,23.89,1.66,0.0
20070804:1210,747.01,138.0,0.0,58.53,24.62,1.66,0.0
20070804:1310,702.01,141.0,0.0,55.24,25.22,1.59,0.0
20070804:1410,612.01,141.0,0.0,48.54,25.73,1.79,0.0
20070804:1510,502.0,129.0,0.0,39.9,26.03,2.07,0.0
20070804:1610,355.0,117.0,0.0,30.33,26.02,2.41,0.0
20070804:1710,217.0,90.0,0.0,20.44,25.76,2.55,0.0
20070804:1810,73.0,61.0,0.0,10.65,24.94,2.0,0.0
20070804:1910,0.0,5.0,0.0,1.32,23.33,2.14,0.0
20070804:2010,0.0,0.0,0.0,0.0,21.39,2.48,0.0
20070804:2110,0.0,0.0,0.0,0.0,19.97,2.62,0.0
20070804:2210,0.0,0.0,0.0,0.0,19.04,2.83,0.0
20070804:2310,0.0,0.0,0.0,0.0,18.43,2.9,0.0
20070805:0010,0.0,0.0,0.0,0.0,17.92,2.9,0.0
20070805:0110,0.0,0.0,0.0,0.0,17.42,2.83,0.0
20070805:0210,0.0,0.0,0.0,0.0,16.92,2.76,0.0
20070805:0310,0.0,0.0,0.0,0.0,16.49,2.83,0.0
20070805:0410,0.0,0.0,0.0,0.0,16.17,2.97,0.0
20070805:0510,16.0,28.75,0.0,5.37,15.98,2.9,0.0
20070805:0610,133.0,76.0,0.0,14.96,17.06,2.62,0.0
20070805:0710,275.0,105.0,0.0,24.84,19.58,2.83,0.0
20070805:0810,422.0,124.0,0.0,34.64,22.0,3.1,0.0
20070805:0910,562.0,132.0,0.0,43.86,24.25,3.31,0.0
20070805:1010,683.01,129.0,0.0,51.74,26.2,3.45,0.0
20070805:1110,717.01,146.0,0.0,57.03,27.8,3.52,0.0
20070805:1210,730.01,148.0,0.0,58.26,29.0,3.79,0.0
20070805:1310,685.01,151.0,0.0,54.99,29.82,4.0,0.0
20070805:1410,606.01,144.0,0.0,48.31,30.32,4.07,0.0
20070805:1510,504.0,127.0,0.0,39.68,30.54,4.07,0.0
20070805:1610,339.0,125.0,0.0,30.12,30.48,3.79,0.0
20070805:1710,209.0,92.0,0.0,20.23,30.08,3.1,0.0
20070805:1810,72.0,60.0,0.0,10.44,28.8,2.14,0.0
20070805:1910,0.0,0.0,0.0,0.0,26.57,2.34,0.0
20070805:2010,0.0,0.0,0.0,0.0,24.35,2.34,0.0
20070805:2110,0.0,0.0,0.0,0.0,22.59,2.28,0.0
20070805:2210,0.0,0.0,0.0,0.0,21.29,2.28,0.0
20070805:2310,0.0,0.0,0.0,0.0,20.47,2.21,0.0
20070806:0010,0.0,0.0,0.0,0.0,20.11,2.28,0.0
20070806:0110,0.0,0.0,0.0,0.0,19.93,2.41,0.0
20070806:0210,0.0,0.0,0.0,0.0,19.67,2.41,0.0
20070806:0310,0.0,0.0,0.0,0.0,19.79,2.48,0.0
20070806:0410,0.0,0.0,0.0,0.0,19.86,2.83,0.0
20070806:0510,0.0,10.0,0.0,5.18,19.36,3.31,0.0
20070806:0610,0.0,37.0,0.0,14.78,19.09,3.24,0.0
20070806:0710,0.0,41.0,0.0,24.66,18.7,2.55,0.0
20070806:0810,0.0,58.0,0.0,34.45,18.61,2.28,0.0
20070806:0910,0.0,60.0,0.0,43.66,18.33,2.48,0.0
20070806:1010,0.0,85.0,0.0,51.51,17.99,2.83,0.0
20070806:1110,0.0,168.0,0.0,56.77,17.97,2.9,0.0
20070806:1210,0.0,145.0,0.0,57.99,18.6,2.55,0.0
20070806:1310,0.0,131.0,0.0,54.73,19.8,2.41,0.0
20070806:1410,0.0,94.0,0.0,48.07,20.36,2.34,0.0
20070806:1510,0.0,96.0,0.0,39.46,20.79,2.48,0.0
20070806:1610,0.0,81.0,0.0,29.9,21.16,2.62,0.0
20070806:1710,72.0,146.0,0.0,20.02,21.13,2.62,0.0
20070806:1810,73.0,57.0,0.0,10.22,20.63,2.62,0.0
20070806:1910,0.0,0.0,0.0,0.0,18.33,1.45,0.0
20070806:2010,0.0,0.0,0.0,0.0,17.98,1.17,0.0
20070806:2110,0.0,0.0,0.0,0.0,17.3,1.38,0.0
20070806:2210,0.0,0.0,0.0,0.0,16.78,1.59,0.0
20070806:2310,0.0,0.0,0.0,0.0,15.98,2.0,0.0
20070807:0010,0.0,0.0,0.0,0.0,15.3,2.14,0.0
20070807:0110,0.0,0.0,0.0,0.0,14.76,2.21,0.0
20070807:0210,0.0,0.0,0.0,0.0,13.98,2.21,0.0
20070807:0310,0.0,0.0,0.0,0.0,13.27,2.14,0.0
20070807:0410,0.0,0.0,0.0,0.0,12.67,2.0,0.0
20070807:0510,12.0,26.88,0.0,4.99,12.08,1.86,0.0
20070807:0610,131.0,73.0,0.0,14.6,13.05,1.59,0.0
20070807:0710,272.0,102.0,0.0,24.48,15.15,1.72,0.0
20070807:0810,420.0,121.0,0.0,34.27,16.59,2.0,0.0
20070807:0910,562.01,128.0,0.0,43.46,17.81,1.86,0.0
20070807:1010,666.01,134.0,0.0,51.28,18.74,1.52,0.0
20070807:1110,525.01,258.0,0.0,56.51,19.6,1.31,0.0
20070807:1210,386.0,341.0,0.0,57.71,20.05,1.31,0.0
20070807:1310,48.0,385.0,0.0,54.46,20.39,1.59,0.0
20070807:1410,0.0,97.0,0.0,47.82,20.49,1.86,0.0
20070807:1510,1.0,205.0,0.0,39.23,20.38,2.14,0.0
20070807:1610,0.0,72.0,0.0,29.68,20.08,2.69,0.0
20070807:1710,0.0,85.0,0.0,19.8,19.88,2.55,0.0
20070807:1810,2.0,56.0,0.0,10.0,19.56,2.21,0.0
20070807:1910,0.0,0.0,0.0,0.0,17.49,1.93,0.0
20070807:2010,0.0,0.0,0.0,0.0,16.59,2.14,0.0
20070807:2110,0.0,0.0,0.0,0.0,15.58,2.41,0.0
20070807:2210,0.0,0.0,0.0,0.0,14.92,2.69,0.0
20070807:2310,0.0,0.0,0.0,0.0,14.25,2.76,0.0
20070808:0010,0.0,0.0,0.0,0.0,13.88,2.41,0.0
20070808:0110,0.0,0.0,0.0,0.0,13.64,2.48,0.0
20070808:0210,0.0,0.0,0.0,0.0,13.43,2.76,0.0
20070808:0310,0.0,0.0,0.0,0.0,13.22,2.9,0.0
20070808:0410,0.0,0.0,0.0,0.0,13.0,2.76,0.0
20070808:0510,0.0,4.0,0.0,4.8,12.82,2.41,0.0
20070808:0610,0.0,62.0,0.0,14.41,13.14,2.14,0.0
20070808:0710,0.0,62.0,0.0,24.3,13.49,2.97,0.0
20070808:0810,0.0,78.0,0.0,34.08,14.28,3.24,0.0
20070808:0910,0.0,124.0,0.0,43.25,15.59,3.17,0.0
20070808:1010,0.0,135.0,0.0,51.05,16.25,2.83,0.0
20070808:1110,0.0,151.0,0.0,56.25,17.04,2.76,0.0
20070808:1210,21.0,364.0,0.0,57.43,18.38,2.62,0.0
20070808:1310,36.0,370.0,0.0,54.19,18.38,3.45,0.0
20070808:1410,115.0,361.0,0.0,47.57,16.98,4.83,0.0
20070808:1510,0.0,187.0,0.0,38.99,16.44,4.41,0.0
20070808:1610,0.0,95.0,0.0,29.45,16.96,4.9,0.0
20070808:1710,36.0,147.0,0.0,19.57,17.15,4.97,0.0
20070808:1810,0.0,41.0,0.0,9.77,16.04,4.55,0.0
20070808:1910,0.0,0.0,0.0,0.0,15.53,3.52,0.0
20070808:2010,0.0,0.0,0.0,0.0,15.16,3.24,0.0
20070808:2110,0.0,0.0,0.0,0.0,14.66,3.1,0.0
20070808:2210,0.0,0.0,0.0,0.0,14.12,2.97,0.0
20070808:2310,0.0,0.0,0.0,0.0,13.73,3.03,0.0
20070809:0010,0.0,0.0,0.0,0.0,13.42,3.1,0.0
20070809:0110,0.0,0.0,0.0,0.0,12.97,3.1,0.0
20070809:0210,0.0,0.0,0.0,0.0,12.44,2.83,0.0
20070809:0310,0.0,0.0,0.0,0.0,11.96,2.69,0.0
20070809:0410,0.0,0.0,0.0,0.0,11.49,2.69,0.0
20070809:0510,1.0,20.8,0.0,4.6,11.33,2.69,0.0
20070809:0610,13.0,96.0,0.0,14.23,12.14,2.48,0.0
20070809:0710,34.0,181.0,0.0,24.11,13.62,3.38,0.0
20070809:0810,24.0,242.0,0.0,33.89,14.89,4.55,0.0
20070809:0910,89.0,330.0,0.0,43.04,15.69,4.62,0.0
20070809:1010,7.0,297.0,0.0,50.81,16.8,5.24,0.0
20070809:1110,210.0,396.0,0.0,55.98,17.47,5.17,0.0
20070809:1210,90.0,413.0,0.0,57.15,17.81,5.52,0.0
20070809:1310,0.0,129.0,0.0,53.91,17.9,5.72,0.0
20070809:1410,0.0,140.0,0.0,47.31,18.14,5.86,0.0
20070809:1510,0.0,121.0,0.0,38.75,18.16,5.31,0.0
20070809:1610,0.0,128.0,0.0,29.22,17.76,4.83,0.0
20070809:1710,0.0,57.0,0.0,19.34,17.34,4.41,0.0
20070809:1810,0.0,22.0,0.0,9.54,16.83,4.28,0.0
20070809:1910,0.0,0.0,0.0,0.0,15.51,3.72,0.0
20070809:2010,0.0,0.0,0.0,0.0,15.29,3.72,0.0
20070809:2110,0.0,0.0,0.0,0.0,15.2,3.79,0.0
20070809:2210,0.0,0.0,0.0,0.0,15.16,4.0,0.0
20070809:2310,0.0,0.0,0.0,0.0,15.18,4.14,0.0
20070810:0010,0.0,0.0,0.0,0.0,15.12,4.21,0.0
20070810:0110,0.0,0.0,0.0,0.0,14.93,4.34,0.0
20070810:0210,0.0,0.0,0.0,0.0,14.83,4.41,0.0
20070810:0310,0.0,0.0,0.0,0.0,14.73,4.34,0.0
20070810:0410,0.0,0.0,0.0,0.0,14.68,4.28,0.0
20070810:0510,1.0,18.81,0.0,4.4,14.63,4.14,0.0
20070810:0610,8.0,90.0,0.0,14.04,14.55,3.93,0.0
20070810:0710,0.0,70.0,0.0,23.93,14.39,3.72,0.0
20070810:0810,0.0,138.0,0.0,33.69,14.58,3.93,0.0
20070810:0910,0.0,138.0,0.0,42.83,15.1,4.14,0.0
20070810:1010,0.0,139.0,0.0,50.57,15.74,4.69,0.0
20070810:1110,0.0,158.0,0.0,55.7,16.52,5.03,0.0
20070810:1210,0.0,142.0,0.0,56.86,17.3,5.03,0.0
20070810:1310,0.0,148.0,0.0,53.63,18.04,5.03,0.0
20070810:1410,0.0,122.0,0.0,47.05,18.57,4.83,0.0
20070810:1510,0.0,121.0,0.0,38.51,19.03,4.83,0.0
20070810:1610,0.0,115.0,0.0,28.99,19.23,4.55,0.0
20070810:1710,2.0,107.0,0.0,19.11,19.18,3.59,0.0
20070810:1810,1.0,46.0,0.0,9.3,18.98,3.31,0.0
20070810:1910,0.0,0.0,0.0,0.0,17.51,2.76,0.0
20070810:2010,0.0,0.0,0.0,0.0,17.26,2.55,0.0
20070810:2110,0.0,0.0,0.0,0.0,17.08,2.41,0.0
20070810:2210,0.0,0.0,0.0,0.0,16.88,2.28,0.0
20070810:2310,0.0,0.0,0.0,0.0,16.64,2.07,0.0
20070811:0010,0.0,0.0,0.0,0.0,16.36,2.0,0.0
20070811:0110,0.0,0.0,0.0,0.0,16.15,2.07,0.0
20070811:0210,0.0,0.0,0.0,0.0,15.91,2.14,0.0
20070811:0310,0.0,0.0,0.0,0.0,15.74,2.07,0.0
20070811:0410,0.0,0.0,0.0,0.0,15.54,2.0,0.0
20070811:0510,0.0,10.0,0.0,4.2,15.31,1.93,0.0
20070811:0610,0.0,59.0,0.0,13.85,15.42,2.0,0.0
20070811:0710,0.0,105.0,0.0,23.74,15.79,2.21,0.0
20070811:0810,0.0,151.0,0.0,33.5,16.44,2.07,0.0
20070811:0910,0.0,186.0,0.0,42.62,17.47,1.86,0.0
20070811:1010,0.0,225.0,0.0,50.33,18.97,1.66,0.0
20070811:1110,2.0,282.0,0.0,55.43,19.73,1.45,0.0
20070811:1210,34.0,376.0,0.0,56.56,20.06,1.31,0.0
20070811:1310,10.0,315.0,0.0,53.34,20.79,1.24,0.0
20070811:1410,5.0,267.0,0.0,46.78,20.9,1.38,0.0
20070811:1510,1.0,196.0,0.0,38.26,21.04,1.24,0.0
20070811:1610,4.0,166.0,0.0,28.75,21.13,1.1,0.0
20070811:1710,3.0,106.0,0.0,18.87,21.05,0.69,0.0
20070811:1810,6.0,55.0,0.0,9.06,20.79,0.28,0.0
20070811:1910,0.0,0.0,0.0,0.0,19.59,0.34,0.0
20070811:2010,0.0,0.0,0.0,0.0,18.95,0.62,0.0
20070811:2110,0.0,0.0,0.0,0.0,18.56,0.83,0.0
20070811:2210,0.0,0.0,0.0,0.0,18.17,0.9,0.0
20070811:2310,0.0,0.0,0.0,0.0,17.87,0.76,0.0
20070812:0010,0.0,0.0,0.0,0.0,18.27,0.34,0.0
20070812:0110,0.0,0.0,0.0,0.0,18.16,0.14,0.0
20070812:0210,0.0,0.0,0.0,0.0,17.98,0.21,0.0
20070812:0310,0.0,0.0,0.0,0.0,17.7,0.41,0.0
20070812:0410,0.0,0.0,0.0,0.0,17.25,0.62,0.0
20070812:0510,0.0,10.0,0.0,4.0,17.15,0.55,0.0
20070812:0610,0.0,62.0,0.0,13.66,17.23,0.62,0.0
20070812:0710,0.0,92.0,0.0,23.55,16.69,0.69,0.0
20070812:0810,45.0,251.0,0.0,33.3,17.93,1.1,0.0
20070812:0910,44.0,310.0,0.0,42.4,19.53,1.31,0.0
20070812:1010,0.0,217.0,0.0,50.08,20.85,1.72,0.0
20070812:1110,36.0,372.0,0.0,55.15,21.79,2.21,0.0
20070812:1210,0.0,166.0,0.0,56.26,22.31,2.21,0.0
20070812:1310,408.0,289.0,0.0,53.05,21.86,2.41,0.0
20070812:1410,335.0,277.0,0.0,46.51,21.22,3.59,0.0
20070812:1510,82.0,292.0,0.0,38.0,20.19,2.69,0.0
20070812:1610,326.0,112.0,0.0,28.5,20.59,2.41,0.0
20070812:1710,0.0,52.0,0.0,18.63,20.98,1.93,0.0
20070812:1810,8.0,56.0,0.0,8.81,20.5,2.14,0.0
20070812:1910,0.0,0.0,0.0,0.0,18.2,3.03,0.0
20070812:2010,0.0,0.0,0.0,0.0,17.06,2.34,0.0
20070812:2110,0.0,0.0,0.0,0.0,16.31,2.0,0.0
20070812:2210,0.0,0.0,0.0,0.0,15.72,1.93,0.0
20070812:2310,0.0,0.0,0.0,0.0,15.23,1.93,0.0
20070813:0010,0.0,0.0,0.0,0.0,14.65,2.0,0.0
20070813:0110,0.0,0.0,0.0,0.0,14.58,1.86,0.0
20070813:0210,0.0,0.0,0.0,0.0,14.62,1.79,0.0
20070813:0310,0.0,0.0,0.0,0.0,14.6,1.72,0.0
20070813:0410,0.0,0.0,0.0,0.0,14.11,1.59,0.0
20070813:0510,1.0,14.83,0.0,3.8,13.76,1.31,0.0
20070813:0610,5.0,83.0,0.0,13.46,14.14,1.03,0.0
20070813:0710,56.0,181.0,0.0,23.36,15.32,1.52,0.0
20070813:0810,373.0,137.0,0.0,33.1,16.4,1.38,0.0
20070813:0910,298.0,266.0,0.0,42.19,17.73,1.45,0.0
20070813:1010,499.01,223.0,0.0,49.83,18.92,2.0,0.0
20070813:1110,346.0,343.0,0.0,54.86,19.79,2.69,0.0
20070813:1210,220.0,399.0,0.0,55.96,20.55,3.66,0.0
20070813:1310,209.0,382.0,0.0,52.75,20.91,3.79,0.0
20070813:1410,294.0,302.0,0.0,46.23,21.21,3.79,0.0
20070813:1510,51.0,289.0,0.0,37.74,21.16,3.59,0.0
20070813:1610,184.0,190.0,0.0,28.25,21.0,3.38,0.0
20070813:1710,62.0,138.0,0.0,18.38,20.74,3.17,0.0
20070813:1810,45.0,53.0,0.0,8.55,19.62,2.34,0.0
20070813:1910,0.0,0.0,0.0,0.0,18.29,2.07,0.0
20070813:2010,0.0,0.0,0.0,0.0,16.87,1.72,0.0
20070813:2110,0.0,0.0,0.0,0.0,15.87,1.38,0.0
20070813:2210,0.0,0.0,0.0,0.0,14.95,1.66,0.0
20070813:2310,0.0,0.0,0.0,0.0,14.27,1.86,0.0
20070814:0010,0.0,0.0,0.0,0.0,14.11,1.86,0.0
20070814:0110,0.0,0.0,0.0,0.0,13.67,1.93,0.0
20070814:0210,0.0,0.0,0.0,0.0,13.43,2.0,0.0
20070814:0310,0.0,0.0,0.0,0.0,13.29,2.21,0.0
20070814:0410,0.0,0.0,0.0,0.0,13.4,2.48,0.0
20070814:0510,10.0,17.61,0.0,3.6,13.73,2.69,0.0
20070814:0610,100.0,71.0,0.0,13.27,14.72,2.97,0.0
20070814:0710,0.0,102.0,0.0,23.17,16.05,3.17,0.0
20070814:0810,46.0,248.0,0.0,32.9,17.53,4.14,0.0
20070814:0910,140.0,314.0,0.0,41.96,19.16,5.03,0.0
20070814:1010,332.0,300.0,0.0,49.58,20.73,5.79,0.0
20070814:1110,272.0,362.0,0.0,54.57,22.17,6.34,0.0
20070814:1210,199.0,393.0,0.0,55.65,22.81,6.55,0.0
20070814:1310,18.0,332.0,0.0,52.45,22.66,5.93,0.0
20070814:1410,21.0,306.0,0.0,45.95,22.34,5.24,0.0
20070814:1510,7.0,231.0,0.0,37.47,23.2,5.93,0.0
20070814:1610,6.0,173.0,0.0,27.99,22.69,6.76,0.0
20070814:1710,0.0,55.0,0.0,18.12,22.0,6.9,0.0
20070814:1810,6.0,50.0,0.0,8.3,21.45,6.48,0.0
20070814:1910,0.0,0.0,0.0,0.0,18.85,6.55,0.0
20070814:2010,0.0,0.0,0.0,0.0,18.87,6.48,0.0
20070814:2110,0.0,0.0,0.0,0.0,18.98,6.62,0.0
20070814:2210,0.0,0.0,0.0,0.0,19.17,6.69,0.0
20070814:2310,0.0,0.0,0.0,0.0,19.38,6.76,0.0
20070815:0010,0.0,0.0,0.0,0.0,19.61,6.76,0.0
20070815:0110,0.0,0.0,0.0,0.0,19.8,6.69,0.0
20070815:0210,0.0,0.0,0.0,0.0,19.86,6.48,0.0
20070815:0310,0.0,0.0,0.0,0.0,19.94,6.21,0.0
20070815:0410,0.0,0.0,0.0,0.0,20.04,6.41,0.0
20070815:0510,0.0,2.0,0.0,3.4,20.25,6.28,0.0
20070815:0610,34.0,91.0,0.0,13.08,20.45,6.07,0.0
20070815:0710,9.0,146.0,0.0,22.97,20.36,5.79,0.0
20070815:0810,7.0,199.0,0.0,32.7,20.72,5.72,0.0
20070815:0910,0.0,118.0,0.0,41.74,21.18,5.66,0.0
20070815:1010,0.0,199.0,0.0,49.33,21.73,6.14,0.0
20070815:1110,0.0,86.0,0.0,54.28,21.6,5.79,0.0
20070815:1210,0.0,96.0,0.0,55.34,20.92,5.38,0.0
20070815:1310,0.0,139.0,0.0,52.14,21.79,6.0,0.0
20070815:1410,0.0,78.0,0.0,45.66,22.03,5.66,0.0
20070815:1510,0.0,111.0,0.0,37.2,22.25,5.38,0.0
20070815:1610,0.0,75.0,0.0,27.73,21.58,5.86,0.0
20070815:1710,0.0,22.0,0.0,17.87,20.05,5.72,0.0
20070815:1810,0.0,29.0,0.0,8.04,19.22,5.52,0.0
20070815:1910,0.0,0.0,0.0,0.0,18.36,5.59,0.0
20070815:2010,0.0,0.0,0.0,0.0,17.53,5.79,0.0
20070815:2110,0.0,0.0,0.0,0.0,17.06,5.86,0.0
20070815:2210,0.0,0.0,0.0,0.0,16.73,6.07,0.0
20070815:2310,0.0,0.0,0.0,0.0,16.54,6.21,0.0
20070816:0010,0.0,0.0,0.0,0.0,16.36,6.28,0.0
20070816:0110,0.0,0.0,0.0,0.0,16.17,5.45,0.0
20070816:0210,0.0,0.0,0.0,0.0,15.67,5.17,0.0
20070816:0310,0.0,0.0,0.0,0.0,15.03,4.9,0.0
20070816:0410,0.0,0.0,0.0,0.0,14.56,4.62,0.0
20070816:0510,8.0,15.17,0.0,3.19,14.22,4.55,0.0
20070816:0610,92.0,73.0,0.0,12.88,14.22,4.62,0.0
20070816:0710,134.0,154.0,0.0,22.78,14.57,5.59,0.0
20070816:0810,352.0,140.0,0.0,32.49,15.33,5.79,0.0
20070816:0910,481.0,154.0,0.0,41.52,16.25,5.59,0.0
20070816:1010,456.01,238.0,0.0,49.07,17.25,5.52,0.0
20070816:1110,9.0,321.0,0.0,53.99,18.11,5.52,0.0
20070816:1210,385.0,322.0,0.0,55.02,18.67,5.45,0.0
20070816:1310,512.01,229.0,0.0,51.83,19.25,5.1,0.0
20070816:1410,79.0,346.0,0.0,45.37,19.54,5.03,0.0
20070816:1510,118.0,285.0,0.0,36.93,19.31,4.97,0.0
20070816:1610,100.0,210.0,0.0,27.47,19.07,5.03,0.0
20070816:1710,172.0,84.0,0.0,17.6,18.55,4.48,0.0
20070816:1810,14.0,52.0,0.0,7.77,17.93,3.24,0.0
20070816:1910,0.0,0.0,0.0,0.0,16.61,2.0,0.0
20070816:2010,0.0,0.0,0.0,0.0,15.73,1.86,0.0
20070816:2110,0.0,0.0,0.0,0.0,14.76,1.86,0.0
20070816:2210,0.0,0.0,0.0,0.0,13.83,1.79,0.0
20070816:2310,0.0,0.0,0.0,0.0,13.09,1.86,0.0
20070817:0010,0.0,0.0,0.0,0.0,12.82,1.93,0.0
20070817:0110,0.0,0.0,0.0,0.0,12.47,2.14,0.0
20070817:0210,0.0,0.0,0.0,0.0,12.32,2.28,0.0
20070817:0310,0.0,0.0,0.0,0.0,12.28,2.34,0.0
20070817:0410,0.0,0.0,0.0,0.0,12.35,2.34,0.0
20070817:0510,0.0,3.0,0.0,2.98,12.08,2.28,0.0
20070817:0610,38.0,91.0,0.0,12.68,12.54,2.07,0.0
20070817:0710,138.0,152.0,0.0,22.58,13.45,2.69,0.0
20070817:0810,376.0,126.0,0.0,32.29,15.0,3.31,0.0
20070817:0910,278.0,268.0,0.0,41.29,16.1,3.79,0.0
20070817:1010,0.0,172.0,0.0,48.81,17.18,4.21,0.0
20070817:1110,64.0,392.0,0.0,53.69,17.78,4.21,0.0
20070817:1210,180.0,402.0,0.0,54.7,18.61,4.41,0.0
20070817:1310,6.0,302.0,0.0,51.52,18.96,4.07,0.0
20070817:1410,76.0,346.0,0.0,45.07,18.95,3.86,0.0
20070817:1510,115.0,286.0,0.0,36.65,19.19,4.21,0.0
20070817:1610,27.0,202.0,0.0,27.2,19.02,4.07,0.0
20070817:1710,16.0,123.0,0.0,17.33,18.63,3.31,0.0
20070817:1810,2.0,39.0,0.0,7.5,18.01,2.34,0.0
20070817:1910,0.0,0.0,0.0,0.0,16.92,1.72,0.0
20070817:2010,0.0,0.0,0.0,0.0,16.08,1.52,0.0
20070817:2110,0.0,0.0,0.0,0.0,14.78,1.45,0.0
20070817:2210,0.0,0.0,0.0,0.0,13.5,1.52,0.0
20070817:2310,0.0,0.0,0.0,0.0,12.38,1.66,0.0
20070818:0010,0.0,0.0,0.0,0.0,11.48,1.72,0.0
20070818:0110,0.0,0.0,0.0,0.0,10.95,1.86,0.0
20070818:0210,0.0,0.0,0.0,0.0,10.48,1.86,0.0
20070818:0310,0.0,0.0,0.0,0.0,10.09,1.72,0.0
20070818:0410,0.0,0.0,0.0,0.0,9.7,1.72,0.0
20070818:0510,3.0,12.4,0.0,2.78,9.43,1.72,0.0
20070818:0610,96.0,67.0,0.0,12.48,10.54,1.45,0.0
20070818:0710,237.0,98.0,0.0,22.38,13.97,1.93,0.0
20070818:0810,378.0,121.0,0.0,32.08,15.87,2.28,0.0
20070818:0910,325.0,239.0,0.0,41.06,17.6,3.59,0.0
20070818:1010,243.0,338.0,0.0,48.55,18.71,4.07,0.0
20070818:1110,163.0,394.0,0.0,53.39,19.43,4.28,0.0
20070818:1210,146.0,402.0,0.0,54.38,19.84,4.55,0.0
20070818:1310,125.0,385.0,0.0,51.2,20.12,4.62,0.0
20070818:1410,98.0,344.0,0.0,44.77,20.25,4.41,0.0
20070818:1510,98.0,284.0,0.0,36.36,19.98,4.28,0.0
20070818:1610,31.0,202.0,0.0,26.92,19.66,3.93,0.0
20070818:1710,8.0,112.0,0.0,17.06,19.35,2.97,0.0
20070818:1810,17.0,48.0,0.0,7.22,18.97,2.28,0.0
20070818:1910,0.0,0.0,0.0,0.0,18.25,2.55,0.0
20070818:2010,0.0,0.0,0.0,0.0,17.44,2.34,0.0
20070818:2110,0.0,0.0,0.0,0.0,16.7,2.34,0.0
20070818:2210,0.0,0.0,0.0,0.0,15.74,2.48,0.0
20070818:2310,0.0,0.0,0.0,0.0,15.05,2.62,0.0
20070819:0010,0.0,0.0,0.0,0.0,14.68,2.83,0.0
20070819:0110,0.0,0.0,0.0,0.0,14.56,3.1,0.0
20070819:0210,0.0,0.0,0.0,0.0,14.37,3.24,0.0
20070819:0310,0.0,0.0,0.0,0.0,14.39,3.38,0.0
20070819:0410,0.0,0.0,0.0,0.0,14.21,3.72,0.0
20070819:0510,1.0,9.83,0.0,2.57,13.92,3.72,0.0
20070819:0610,0.0,18.0,0.0,12.28,14.06,3.66,0.0
20070819:0710,11.0,147.0,0.0,22.18,14.62,3.17,0.0
20070819:0810,36.0,238.0,0.0,31.87,15.1,3.17,0.0
20070819:0910,78.0,312.0,0.0,40.83,15.73,3.1,0.0
20070819:1010,2.0,250.0,0.0,48.28,16.23,3.79,0.0
20070819:1110,26.0,352.0,0.0,53.09,16.46,4.14,0.0
20070819:1210,0.0,198.0,0.0,54.05,17.21,3.72,0.0
20070819:1310,245.0,352.0,0.0,50.87,18.22,4.14,0.0
20070819:1410,1.0,230.0,0.0,44.47,19.18,4.9,0.0
20070819:1510,18.0,249.0,0.0,36.07,17.44,5.17,0.0
20070819:1610,5.0,162.0,0.0,26.64,17.37,5.45,0.0
20070819:1710,20.0,120.0,0.0,16.79,17.0,4.62,0.0
20070819:1810,0.0,15.0,0.0,6.94,16.59,4.21,0.0
20070819:1910,0.0,0.0,0.0,0.0,15.28,4.07,0.0
20070819:2010,0.0,0.0,0.0,0.0,14.74,3.72,0.0
20070819:2110,0.0,0.0,0.0,0.0,14.4,3.72,0.0
20070819:2210,0.0,0.0,0.0,0.0,14.11,3.86,0.0
20070819:2310,0.0,0.0,0.0,0.0,14.01,4.0,0.0
20070820:0010,0.0,0.0,0.0,0.0,14.02,4.21,0.0
20070820:0110,0.0,0.0,0.0,0.0,13.99,4.34,0.0
20070820:0210,0.0,0.0,0.0,0.0,13.71,4.28,0.0
20070820:0310,0.0,0.0,0.0,0.0,13.51,4.07,0.0
20070820:0410,0.0,0.0,0.0,0.0,13.37,4.0,0.0
20070820:0510,0.0,7.0,0.0,2.36,13.31,4.0,0.0
20070820:0610,8.0,77.0,0.0,12.08,13.33,4.21,0.0
20070820:0710,0.0,98.0,0.0,21.98,13.25,4.28,0.0
20070820:0810,0.0,137.0,0.0,31.65,13.1,4.28,0.0
20070820:0910,0.0,157.0,0.0,40.59,13.17,3.93,0.0
20070820:1010,1.0,235.0,0.0,48.01,13.59,3.66,0.0
20070820:1110,0.0,182.0,0.0,52.78,14.11,3.17,0.0
20070820:1210,0.0,181.0,0.0,53.72,14.82,2.28,0.0
20070820:1310,0.0,89.0,0.0,50.55,15.66,2.21,0.0
20070820:1410,369.0,245.0,0.0,44.16,16.29,2.76,0.0
20070820:1510,0.0,166.0,0.0,35.78,16.68,2.55,0.0
20070820:1610,39.0,201.0,0.0,26.36,16.96,2.28,0.0
20070820:1710,42.0,123.0,0.0,16.51,16.85,1.93,0.0
20070820:1810,2.0,36.0,0.0,6.66,16.31,1.86,0.0
20070820:1910,0.0,0.0,0.0,0.0,15.76,2.76,0.0
20070820:2010,0.0,0.0,0.0,0.0,15.25,3.03,0.0
20070820:2110,0.0,0.0,0.0,0.0,14.95,3.31,0.0
20070820:2210,0.0,0.0,0.0,0.0,14.75,3.24,0.0
20070820:2310,0.0,0.0,0.0,0.0,14.24,3.03,0.0
20070821:0010,0.0,0.0,0.0,0.0,13.62,2.97,0.0
20070821:0110,0.0,0.0,0.0,0.0,13.03,2.9,0.0
20070821:0210,0.0,0.0,0.0,0.0,12.47,2.9,0.0
20070821:0310,0.0,0.0,0.0,0.0,12.04,3.03,0.0
20070821:0410,0.0,0.0,0.0,0.0,11.97,3.1,0.0
20070821:0510,0.0,10.0,0.0,2.15,11.9,2.97,0.0
20070821:0610,93.0,63.0,0.0,11.88,12.31,2.69,0.0
20070821:0710,225.0,99.0,0.0,21.78,13.78,3.72,0.0
20070821:0810,385.0,112.0,0.0,31.44,15.0,3.03,0.0
20070821:0910,370.0,210.0,0.0,40.35,16.55,3.17,0.0
20070821:1010,518.01,191.0,0.0,47.74,17.58,3.03,0.0
20070821:1110,31.0,359.0,0.0,52.47,18.55,2.83,0.0
20070821:1210,130.0,398.0,0.0,53.39,19.28,2.69,0.0
20070821:1310,71.0,374.0,0.0,50.22,19.53,2.76,0.0
20070821:1410,0.0,138.0,0.0,43.84,19.49,2.97,0.0
20070821:1510,0.0,105.0,0.0,35.48,18.77,2.69,0.0
20070821:1610,18.0,187.0,0.0,26.07,18.71,2.55,0.0
20070821:1710,3.0,94.0,0.0,16.22,18.7,2.34,0.0
20070821:1810,7.0,40.0,0.0,6.37,18.25,1.31,0.0
20070821:1910,0.0,0.0,0.0,0.0,16.9,1.17,0.0
20070821:2010,0.0,0.0,0.0,0.0,15.64,2.07,0.0
20070821:2110,0.0,0.0,0.0,0.0,14.89,2.34,0.0
20070821:2210,0.0,0.0,0.0,0.0,14.94,2.48,0.0
20070821:2310,0.0,0.0,0.0,0.0,15.05,2.76,0.0
20070822:0010,0.0,0.0,0.0,0.0,14.91,2.62,0.0
20070822:0110,0.0,0.0,0.0,0.0,14.5,2.83,0.0
20070822:0210,0.0,0.0,0.0,0.0,14.59,3.52,0.0
20070822:0310,0.0,0.0,0.0,0.0,14.76,4.07,0.0
20070822:0410,0.0,0.0,0.0,0.0,14.92,4.21,0.0
20070822:0510,0.0,3.0,0.0,1.93,15.06,4.21,0.0
20070822:0610,0.0,14.0,0.0,11.67,15.12,4.28,0.0
20070822:0710,0.0,28.0,0.0,21.57,14.99,3.59,0.0
20070822:0810,0.0,85.0,0.0,31.23,15.23,3.86,0.0
20070822:0910,0.0,82.0,0.0,40.12,16.4,3.79,0.0
20070822:1010,0.0,176.0,0.0,47.46,17.03,3.93,0.0
20070822:1110,0.0,191.0,0.0,52.15,17.83,4.14,0.0
20070822:1210,0.0,77.0,0.0,53.05,18.27,4.21,0.0
20070822:1310,0.0,192.0,0.0,49.88,19.72,4.76,0.0
20070822:1410,0.0,145.0,0.0,43.52,19.68,5.24,0.0
20070822:1510,0.0,49.0,0.0,35.18,18.61,5.66,0.0
20070822:1610,0.0,35.0,0.0,25.78,17.84,5.45,0.0
20070822:1710,0.0,38.0,0.0,15.93,18.1,4.69,0.0
20070822:1810,0.0,6.0,0.0,6.08,16.98,5.1,0.0
20070822:1910,0.0,0.0,0.0,0.0,16.16,4.48,0.0
20070822:2010,0.0,0.0,0.0,0.0,15.92,4.07,0.0
20070822:2110,0.0,0.0,0.0,0.0,15.79,3.93,0.0
20070822:2210,0.0,0.0,0.0,0.0,15.8,3.79,0.0
20070822:2310,0.0,0.0,0.0,0.0,15.72,3.59,0.0
20070823:0010,0.0,0.0,0.0,0.0,15.66,3.31,0.0
20070823:0110,0.0,0.0,0.0,0.0,15.49,3.17,0.0
20070823:0210,0.0,0.0,0.0,0.0,15.32,2.97,0.0
20070823:0310,0.0,0.0,0.0,0.0,15.15,2.76,0.0
20070823:0410,0.0,0.0,0.0,0.0,15.08,2.69,0.0
20070823:0510,0.0,4.0,0.0,1.72,14.99,2.55,0.0
20070823:0610,18.0,79.0,0.0,11.47,15.0,2.14,0.0
20070823:0710,0.0,94.0,0.0,21.37,15.53,3.17,0.0
20070823:0810,17.0,213.0,0.0,31.01,16.3,3.17,0.0
20070823:0910,0.0,176.0,0.0,39.87,16.68,2.83,0.0
20070823:1010,1.0,233.0,0.0,47.19,17.43,2.69,0.0
20070823:1110,2.0,265.0,0.0,51.84,18.31,2.48,0.0
20070823:1210,0.0,180.0,0.0,52.71,19.11,2.07,0.0
20070823:1310,6.0,286.0,0.0,49.54,19.95,2.07,0.0
20070823:1410,0.0,115.0,0.0,43.2,19.72,2.48,0.0
20070823:1510,0.0,105.0,0.0,34.87,19.85,2.41,0.0
20070823:1610,0.0,34.0,0.0,25.48,19.46,1.93,0.0
20070823:1710,0.0,19.0,0.0,15.64,18.28,1.72,0.0
20070823:1810,14.0,37.0,0.0,5.78,17.76,1.86,0.0
20070823:1910,0.0,0.0,0.0,0.0,16.62,2.62,0.0
20070823:2010,0.0,0.0,0.0,0.0,16.07,2.14,0.0
20070823:2110,0.0,0.0,0.0,0.0,15.46,2.14,0.0
20070823:2210,0.0,0.0,0.0,0.0,15.19,2.14,0.0
20070823:2310,0.0,0.0,0.0,0.0,14.91,1.86,0.0
20070824:0010,0.0,0.0,0.0,0.0,14.42,1.66,0.0
20070824:0110,0.0,0.0,0.0,0.0,14.13,1.59,0.0
20070824:0210,0.0,0.0,0.0,0.0,14.56,1.31,0.0
20070824:0310,0.0,0.0,0.0,0.0,14.93,1.17,0.0
20070824:0410,0.0,0.0,0.0,0.0,15.16,0.83,0.0
20070824:0510,0.0,2.0,0.0,1.51,15.27,0.55,0.0
20070824:0610,5.0,67.0,0.0,11.26,15.61,0.48,0.0
20070824:0710,3.0,124.0,0.0,21.16,15.89,0.62,0.0
20070824:0810,10.0,199.0,0.0,30.79,16.7,0.07,0.0
20070824:0910,4.0,230.0,0.0,39.63,17.72,0.28,0.0
20070824:1010,0.0,152.0,0.0,46.91,18.35,0.76,0.0
20070824:1110,23.0,341.0,0.0,51.52,19.47,1.31,0.0
20070824:1210,61.0,378.0,0.0,52.37,20.51,1.52,0.0
20070824:1310,5.0,282.0,0.0,49.2,21.29,1.59,0.0
20070824:1410,0.0,186.0,0.0,42.87,21.84,1.72,0.0
20070824:1510,4.0,203.0,0.0,34.56,21.93,1.72,0.0
20070824:1610,28.0,186.0,0.0,25.18,22.09,1.59,0.0
20070824:1710,16.0,108.0,0.0,15.34,21.76,1.24,0.0
20070824:1810,21.0,28.42,0.0,5.49,21.05,0.76,0.0
20070824:1910,0.0,0.0,0.0,0.0,19.17,1.59,0.0
20070824:2010,0.0,0.0,0.0,0.0,17.79,1.52,0.0
20070824:2110,0.0,0.0,0.0,0.0,16.38,1.38,0.0
20070824:2210,0.0,0.0,0.0,0.0,15.98,1.17,0.0
20070824:2310,0.0,0.0,0.0,0.0,15.36,1.24,0.0
20070825:0010,0.0,0.0,0.0,0.0,14.21,1.66,0.0
20070825:0110,0.0,0.0,0.0,0.0,13.92,1.59,0.0
20070825:0210,0.0,0.0,0.0,0.0,13.53,1.59,0.0
20070825:0310,0.0,0.0,0.0,0.0,13.4,1.38,0.0
20070825:0410,0.0,0.0,0.0,0.0,13.48,1.17,0.0
20070825:0510,0.0,0.0,0.0,0.0,13.15,1.1,0.0
20070825:0610,32.0,77.0,0.0,11.06,13.65,0.83,0.0
20070825:0710,120.0,141.0,0.0,20.95,15.46,1.66,0.0
20070825:0810,352.0,119.0,0.0,30.57,16.56,1.86,0.0
20070825:0910,501.01,123.0,0.0,39.39,18.52,1.86,0.0
20070825:1010,581.01,141.0,0.0,46.62,20.23,1.45,0.0
20070825:1110,596.01,171.0,0.0,51.2,21.59,0.97,0.0
20070825:1210,658.01,141.0,0.0,52.02,22.68,0.83,0.0
20070825:1310,636.01,130.0,0.0,48.85,23.44,1.03,0.0
20070825:1410,542.01,130.0,0.0,42.54,23.47,1.38,0.0
20070825:1510,426.0,118.0,0.0,34.25,23.55,1.38,0.0
20070825:1610,274.0,105.0,0.0,24.88,23.62,1.38,0.0
20070825:1710,136.0,76.0,0.0,15.04,23.26,1.72,0.0
20070825:1810,19.0,26.97,0.0,5.18,22.26,1.86,0.0
20070825:1910,0.0,0.0,0.0,0.0,20.17,2.41,0.0
20070825:2010,0.0,0.0,0.0,0.0,18.85,2.41,0.0
20070825:2110,0.0,0.0,0.0,0.0,17.97,2.28,0.0
20070825:2210,0.0,0.0,0.0,0.0,17.15,2.07,0.0
20070825:2310,0.0,0.0,0.0,0.0,16.21,1.86,0.0
20070826:0010,0.0,0.0,0.0,0.0,15.56,2.0,0.0
20070826:0110,0.0,0.0,0.0,0.0,15.21,2.14,0.0
20070826:0210,0.0,0.0,0.0,0.0,14.81,1.86,0.0
20070826:0310,0.0,0.0,0.0,0.0,14.14,1.66,0.0
20070826:0410,0.0,0.0,0.0,0.0,13.56,1.52,0.0
20070826:0510,0.0,0.0,0.0,0.0,12.79,1.45,0.0
20070826:0610,68.0,64.0,0.0,10.85,13.79,1.31,0.0
20070826:0710,132.0,135.0,0.0,20.74,15.42,1.45,0.0
20070826:0810,284.0,158.0,0.0,30.35,16.6,1.17,0.0
20070826:0910,477.01,136.0,0.0,39.14,18.04,1.79,0.0
20070826:1010,504.01,188.0,0.0,46.34,20.4,2.48,0.0
20070826:1110,376.01,298.0,0.0,50.87,21.84,1.72,0.0
20070826:1210,382.01,301.0,0.0,51.67,23.02,1.17,0.0
20070826:1310,271.0,329.0,0.0,48.5,23.91,1.38,0.0
20070826:1410,331.0,250.0,0.0,42.21,24.42,1.93,0.0
20070826:1510,323.0,175.0,0.0,33.93,24.5,2.34,0.0
20070826:1610,242.0,122.0,0.0,24.57,24.13,2.69,0.0
20070826:1710,106.0,88.0,0.0,14.74,23.41,2.14,0.0
20070826:1810,11.0,28.0,0.0,4.88,22.39,1.86,0.0
20070826:1910,0.0,0.0,0.0,0.0,21.05,2.41,0.0
20070826:2010,0.0,0.0,0.0,0.0,20.02,2.69,0.0
20070826:2110,0.0,0.0,0.0,0.0,19.18,2.9,0.0
20070826:2210,0.0,0.0,0.0,0.0,18.23,2.97,0.0
20070826:2310,0.0,0.0,0.0,0.0,17.38,3.03,0.0
20070827:0010,0.0,0.0,0.0,0.0,16.71,3.03,0.0
20070827:0110,0.0,0.0,0.0,0.0,16.05,2.97,0.0
20070827:0210,0.0,0.0,0.0,0.0,15.46,3.03,0.0
20070827:0310,0.0,0.0,0.0,0.0,14.91,3.17,0.0
20070827:0410,0.0,0.0,0.0,0.0,14.36,3.17,0.0
20070827:0510,0.0,0.0,0.0,0.0,13.87,3.03,0.0
20070827:0610,59.0,66.0,0.0,10.64,13.71,2.83,0.0
20070827:0710,189.0,106.0,0.0,20.53,14.86,3.17,0.0
20070827:0810,343.0,123.0,0.0,30.12,16.4,3.17,0.0
20070827:0910,477.01,135.0,0.0,38.89,17.91,3.24,0.0
20070827:1010,600.01,131.0,0.0,46.05,19.25,3.45,0.0
20070827:1110,623.01,154.0,0.0,50.54,20.25,3.38,0.0
20070827:1210,643.01,149.0,0.0,51.32,21.02,3.38,0.0
20070827:1310,604.01,147.0,0.0,48.15,21.5,3.52,0.0
20070827:1410,521.01,139.0,0.0,41.87,21.66,3.72,0.0
20070827:1510,403.0,127.0,0.0,33.61,21.49,3.86,0.0
20070827:1610,203.0,140.0,0.0,24.26,20.95,3.93,0.0
20070827:1710,70.0,100.0,0.0,14.43,20.08,3.72,0.0
20070827:1810,0.0,0.0,0.0,0.0,18.87,3.59,0.0
20070827:1910,0.0,0.0,0.0,0.0,17.37,3.52,0.0
20070827:2010,0.0,0.0,0.0,0.0,16.33,3.59,0.0
20070827:2110,0.0,0.0,0.0,0.0,15.49,3.52,0.0
20070827:2210,0.0,0.0,0.0,0.0,14.75,3.17,0.0
20070827:2310,0.0,0.0,0.0,0.0,14.02,2.9,0.0
20070828:0010,0.0,0.0,0.0,0.0,13.41,2.83,0.0
20070828:0110,0.0,0.0,0.0,0.0,12.95,2.83,0.0
20070828:0210,0.0,0.0,0.0,0.0,12.55,2.97,0.0
20070828:0310,0.0,0.0,0.0,0.0,12.03,3.17,0.0
20070828:0410,0.0,0.0,0.0,0.0,11.72,3.24,0.0
20070828:0510,0.0,0.0,0.0,0.0,11.43,3.24,0.0
20070828:0610,63.0,63.0,0.0,10.43,11.83,3.24,0.0
20070828:0710,133.0,132.0,0.0,20.32,13.07,3.52,0.0
20070828:0810,224.0,187.0,0.0,29.9,14.67,4.07,0.0
20070828:0910,349.0,208.0,0.0,38.64,16.18,4.28,0.0
20070828:1010,448.01,219.0,0.0,45.76,17.43,4.55,0.0
20070828:1110,426.01,269.0,0.0,50.21,18.35,4.76,0.0
20070828:1210,363.01,308.0,0.0,50.96,19.24,4.9,0.0
20070828:1310,311.0,308.0,0.0,47.8,19.85,5.1,0.0
20070828:1410,471.01,166.0,0.0,41.53,20.25,5.38,0.0
20070828:1510,385.0,134.0,0.0,33.28,20.25,5.1,0.0
20070828:1610,195.0,142.0,0.0,23.95,19.92,4.83,0.0
20070828:1710,50.0,103.0,0.0,14.12,19.22,4.34,0.0
20070828:1810,4.0,23.99,0.0,4.25,18.18,4.21,0.0
20070828:1910,0.0,0.0,0.0,0.0,17.12,4.28,0.0
20070828:2010,0.0,0.0,0.0,0.0,16.22,4.55,0.0
20070828:2110,0.0,0.0,0.0,0.0,15.49,4.55,0.0
20070828:2210,0.0,0.0,0.0,0.0,14.82,4.28,0.0
20070828:2310,0.0,0.0,0.0,0.0,14.13,4.28,0.0
20070829:0010,0.0,0.0,0.0,0.0,13.58,4.48,0.0
20070829:0110,0.0,0.0,0.0,0.0,13.15,4.62,0.0
20070829:0210,0.0,0.0,0.0,0.0,12.67,4.62,0.0
20070829:0310,0.0,0.0,0.0,0.0,12.26,4.41,0.0
20070829:0410,0.0,0.0,0.0,0.0,11.87,4.34,0.0
20070829:0510,0.0,0.0,0.0,0.0,11.65,4.41,0.0
20070829:0610,36.0,71.0,0.0,10.22,11.83,4.55,0.0
20070829:0710,122.0,136.0,0.0,20.1,12.44,4.76,0.0
20070829:0810,250.0,173.0,0.0,29.67,13.47,5.24,0.0
20070829:0910,235.0,265.0,0.0,38.38,14.78,5.59,0.0
20070829:1010,257.0,316.0,0.0,45.47,16.05,6.07,0.0
20070829:1110,384.01,292.0,0.0,49.88,17.27,6.28,0.0
20070829:1210,585.01,183.0,0.0,50.6,18.67,6.55,0.0
20070829:1310,570.01,165.0,0.0,47.44,19.08,6.07,0.0
20070829:1410,500.01,149.0,0.0,41.19,19.25,5.93,0.0
20070829:1510,385.0,133.0,0.0,32.96,19.03,6.14,0.0
20070829:1610,250.0,110.0,0.0,23.63,18.59,6.21,0.0
20070829:1710,110.0,78.0,0.0,13.81,17.9,5.38,0.0
20070829:1810,10.0,21.39,0.0,3.94,16.86,4.9,0.0
20070829:1910,0.0,0.0,0.0,0.0,15.96,4.62,0.0
20070829:2010,0.0,0.0,0.0,0.0,15.08,4.48,0.0
20070829:2110,0.0,0.0,0.0,0.0,14.33,4.41,0.0
20070829:2210,0.0,0.0,0.0,0.0,13.63,4.14,0.0
20070829:2310,0.0,0.0,0.0,0.0,12.89,3.86,0.0
20070830:0010,0.0,0.0,0.0,0.0,12.2,3.72,0.0
20070830:0110,0.0,0.0,0.0,0.0,11.58,3.66,0.0
20070830:0210,0.0,0.0,0.0,0.0,11.05,3.59,0.0
20070830:0310,0.0,0.0,0.0,0.0,10.6,3.52,0.0
20070830:0410,0.0,0.0,0.0,0.0,10.18,3.38,0.0
20070830:0510,0.0,0.0,0.0,0.0,9.84,3.31,0.0
20070830:0610,5.0,60.0,0.0,10.01,10.05,3.03,0.0
20070830:0710,107.0,140.0,0.0,19.89,11.47,2.9,0.0
20070830:0810,20.0,212.0,0.0,29.44,13.56,3.17,0.0
20070830:0910,431.01,159.0,0.0,38.13,15.45,3.38,0.0
20070830:1010,573.01,142.0,0.0,45.18,16.85,3.66,0.0
20070830:1110,596.01,168.0,0.0,49.54,17.87,3.66,0.0
20070830:1210,582.01,183.0,0.0,50.24,18.92,3.93,0.0
20070830:1310,535.01,184.0,0.0,47.07,19.53,4.14,0.0
20070830:1410,506.01,142.0,0.0,40.84,19.58,4.14,0.0
20070830:1510,346.0,153.0,0.0,32.62,19.32,4.0,0.0
20070830:1610,103.0,176.0,0.0,23.31,19.21,3.93,0.0
20070830:1710,8.0,89.0,0.0,13.49,18.88,3.52,0.0
20070830:1810,1.0,15.81,0.0,3.62,18.23,3.17,0.0
20070830:1910,0.0,0.0,0.0,0.0,17.31,3.31,0.0
20070830:2010,0.0,0.0,0.0,0.0,16.61,3.38,0.0
20070830:2110,0.0,0.0,0.0,0.0,15.8,2.97,0.0
20070830:2210,0.0,0.0,0.0,0.0,15.33,2.48,0.0
20070830:2310,0.0,0.0,0.0,0.0,14.85,2.21,0.0
20070831:0010,0.0,0.0,0.0,0.0,14.59,2.14,0.0
20070831:0110,0.0,0.0,0.0,0.0,14.32,2.14,0.0
20070831:0210,0.0,0.0,0.0,0.0,14.26,2.07,0.0
20070831:0310,0.0,0.0,0.0,0.0,14.24,1.93,0.0
20070831:0410,0.0,0.0,0.0,0.0,14.36,2.07,0.0
20070831:0510,0.0,0.0,0.0,0.0,14.55,2.14,0.0
20070831:0610,3.0,57.0,0.0,9.79,14.82,2.07,0.0
20070831:0710,3.0,115.0,0.0,19.67,15.52,2.07,0.0
20070831:0810,0.0,126.0,0.0,29.21,16.28,3.1,0.0
20070831:0910,161.0,282.0,0.0,37.87,16.94,3.17,0.0
20070831:1010,0.0,200.0,0.0,44.88,17.98,3.86,0.0
20070831:1110,0.0,172.0,0.0,49.2,18.47,4.21,0.0
20070831:1210,26.0,340.0,0.0,49.88,18.51,4.34,0.0
20070831:1310,306.0,299.0,0.0,46.71,18.67,4.34,0.0
20070831:1410,0.0,141.0,0.0,40.49,18.92,4.48,0.0
20070831:1510,0.0,141.0,0.0,32.29,18.96,4.55,0.0
20070831:1610,20.0,166.0,0.0,22.98,18.82,4.14,0.0
20070831:1710,57.0,92.0,0.0,13.17,18.37,3.66,0.0
20070831:1810,6.0,18.44,0.0,3.3,17.77,3.52,0.0
20070831:1910,0.0,0.0,0.0,0.0,17.27,2.69,0.0
20070831:2010,0.0,0.0,0.0,0.0,16.85,2.76,0.0
20070831:2110,0.0,0.0,0.0,0.0,16.48,2.69,0.0
20070831:2210,0.0,0.0,0.0,0.0,16.14,2.55,0.0
20070831:2310,0.0,0.0,0.0,0.0,15.93,2.48,0.0
20070901:0010,0.0,0.0,0.0,0.0,15.79,2.48,0.0
20070901:0110,0.0,0.0,0.0,0.0,15.66,2.55,0.0
20070901:0210,0.0,0.0,0.0,0.0,15.55,2.62,0.0
20070901:0310,0.0,0.0,0.0,0.0,15.41,2.55,0.0
20070901:0410,0.0,0.0,0.0,0.0,15.41,2.55,0.0
20070901:0510,0.0,0.0,0.0,0.0,15.3,2.41,0.0
20070901:0610,10.0,62.0,0.0,9.58,15.34,2.28,0.0
20070901:0710,53.0,147.0,0.0,19.46,15.87,3.17,0.0
20070901:0810,21.0,209.0,0.0,28.98,16.42,3.1,0.0
20070901:0910,35.0,277.0,0.0,37.61,17.19,3.03,0.0
20070901:1010,13.0,290.0,0.0,44.58,18.1,2.97,0.0
20070901:1110,39.0,350.0,0.0,48.86,19.0,2.97,0.0
20070901:1210,49.0,360.0,0.0,49.51,19.53,2.97,0.0
20070901:1310,7.0,277.0,0.0,46.34,19.83,2.83,0.0
20070901:1410,0.0,195.0,0.0,40.13,20.22,2.9,0.0
20070901:1510,78.0,250.0,0.0,31.95,20.15,2.76,0.0
20070901:1610,75.0,173.0,0.0,22.65,19.93,2.55,0.0
20070901:1710,68.0,85.0,0.0,12.85,19.62,1.93,0.0
20070901:1810,0.0,16.0,0.0,2.97,18.96,1.45,0.0
20070901:1910,0.0,0.0,0.0,0.0,17.99,1.1,0.0
20070901:2010,0.0,0.0,0.0,0.0,16.71,1.17,0.0
20070901:2110,0.0,0.0,0.0,0.0,15.86,1.31,0.0
20070901:2210,0.0,0.0,0.0,0.0,15.35,1.31,0.0
20070901:2310,0.0,0.0,0.0,0.0,14.95,1.38,0.0
20070902:0010,0.0,0.0,0.0,0.0,14.92,1.31,0.0
20070902:0110,0.0,0.0,0.0,0.0,14.67,1.45,0.0
20070902:0210,0.0,0.0,0.0,0.0,14.65,1.38,0.0
20070902:0310,0.0,0.0,0.0,0.0,14.83,1.24,0.0
20070902:0410,0.0,0.0,0.0,0.0,14.79,1.17,0.0
20070902:0510,0.0,0.0,0.0,0.0,14.73,1.17,0.0
20070902:0610,50.0,57.0,0.0,9.37,14.84,1.1,0.0
20070902:0710,76.0,141.0,0.0,19.24,15.71,1.24,0.0
20070902:0810,161.0,202.0,0.0,28.74,16.35,1.52,0.0
20070902:0910,228.0,254.0,0.0,37.34,17.3,1.72,0.0
20070902:1010,187.0,327.0,0.0,44.28,18.13,1.86,0.0
20070902:1110,80.0,367.0,0.0,48.52,19.19,2.34,0.0
20070902:1210,209.0,357.0,0.0,49.14,20.0,3.03,0.0
20070902:1310,274.0,309.0,0.0,45.97,20.19,3.31,0.0
20070902:1410,252.0,267.0,0.0,39.78,20.03,3.38,0.0
20070902:1510,107.0,245.0,0.0,31.61,19.76,3.38,0.0
20070902:1610,51.0,173.0,0.0,22.32,19.53,3.38,0.0
20070902:1710,91.0,72.0,0.0,12.52,19.05,2.76,0.0
20070902:1810,0.0,10.0,0.0,2.64,18.33,2.07,0.0
20070902:1910,0.0,0.0,0.0,0.0,17.42,2.41,0.0
20070902:2010,0.0,0.0,0.0,0.0,16.89,2.21,0.0
20070902:2110,0.0,0.0,0.0,0.0,16.52,2.07,0.0
20070902:2210,0.0,0.0,0.0,0.0,15.82,2.21,0.0
20070902:2310,0.0,0.0,0.0,0.0,15.11,2.34,0.0
20070903:0010,0.0,0.0,0.0,0.0,14.57,2.41,0.0
20070903:0110,0.0,0.0,0.0,0.0,14.17,2.62,0.0
20070903:0210,0.0,0.0,0.0,0.0,13.62,2.76,0.0
20070903:0310,0.0,0.0,0.0,0.0,13.44,2.83,0.0
20070903:0410,0.0,0.0,0.0,0.0,13.57,2.97,0.0
20070903:0510,0.0,0.0,0.0,0.0,13.86,3.24,0.0
20070903:0610,1.0,43.0,0.0,9.15,14.29,3.45,0.0
20070903:0710,10.0,128.0,0.0,19.02,14.84,3.52,0.0
20070903:0810,0.0,50.0,0.0,28.51,15.37,3.93,0.0
20070903:0910,0.0,116.0,0.0,37.08,15.86,3.86,0.0
20070903:1010,30.0,313.0,0.0,43.97,16.77,3.86,0.0
20070903:1110,116.0,368.0,0.0,48.17,16.99,3.93,0.0
20070903:1210,135.0,370.0,0.0,48.77,17.15,3.93,0.0
20070903:1310,58.0,343.0,0.0,45.6,17.95,4.0,0.0
20070903:1410,6.0,242.0,0.0,39.42,18.39,4.34,0.0
20070903:1510,71.0,246.0,0.0,31.27,18.03,4.76,0.0
20070903:1610,95.0,163.0,0.0,21.99,17.42,4.9,0.0
20070903:1710,112.0,60.0,0.0,12.19,16.64,4.48,0.0
20070903:1810,0.0,11.0,0.0,2.31,15.61,3.86,0.0
20070903:1910,0.0,0.0,0.0,0.0,14.56,3.24,0.0
20070903:2010,0.0,0.0,0.0,0.0,13.8,3.24,0.0
20070903:2110,0.0,0.0,0.0,0.0,13.27,3.24,0.0
20070903:2210,0.0,0.0,0.0,0.0,12.59,3.03,0.0
20070903:2310,0.0,0.0,0.0,0.0,11.99,2.97,0.0
20070904:0010,0.0,0.0,0.0,0.0,11.39,2.9,0.0
20070904:0110,0.0,0.0,0.0,0.0,10.83,2.9,0.0
20070904:0210,0.0,0.0,0.0,0.0,10.38,2.83,0.0
20070904:0310,0.0,0.0,0.0,0.0,10.07,2.83,0.0
20070904:0410,0.0,0.0,0.0,0.0,9.82,2.69,0.0
20070904:0510,0.0,0.0,0.0,0.0,9.71,2.62,0.0
20070904:0610,67.0,48.0,0.0,8.93,9.69,2.48,0.0
20070904:0710,207.0,81.0,0.0,18.8,11.13,2.76,0.0
20070904:0810,255.0,158.0,0.0,28.27,12.99,3.79,0.0
20070904:0910,476.01,121.0,0.0,36.81,14.31,4.83,0.0
20070904:1010,444.01,208.0,0.0,43.67,15.25,5.31,0.0
20070904:1110,323.0,309.0,0.0,47.83,15.59,5.1,0.0
20070904:1210,82.0,373.0,0.0,48.39,15.83,5.03,0.0
20070904:1310,278.0,308.0,0.0,45.22,16.0,5.03,0.0
20070904:1410,117.0,310.0,0.0,39.06,16.04,5.03,0.0
20070904:1510,243.0,193.0,0.0,30.92,15.85,4.97,0.0
20070904:1610,93.0,164.0,0.0,21.66,15.55,4.62,0.0
20070904:1710,67.0,78.0,0.0,11.86,15.28,3.93,0.0
20070904:1810,0.0,8.0,0.0,1.98,14.5,3.17,0.0
20070904:1910,0.0,0.0,0.0,0.0,14.04,3.1,0.0
20070904:2010,0.0,0.0,0.0,0.0,12.81,2.97,0.0
20070904:2110,0.0,0.0,0.0,0.0,11.87,2.83,0.0
20070904:2210,0.0,0.0,0.0,0.0,11.07,2.69,0.0
20070904:2310,0.0,0.0,0.0,0.0,10.38,2.55,0.0
20070905:0010,0.0,0.0,0.0,0.0,9.81,2.48,0.0
20070905:0110,0.0,0.0,0.0,0.0,9.3,2.41,0.0
20070905:0210,0.0,0.0,0.0,0.0,8.84,2.41,0.0
20070905:0310,0.0,0.0,0.0,0.0,8.45,2.34,0.0
20070905:0410,0.0,0.0,0.0,0.0,8.1,2.28,0.0
20070905:0510,0.0,0.0,0.0,0.0,7.78,2.07,0.0
20070905:0610,61.0,47.0,0.0,8.72,7.69,1.72,0.0
20070905:0710,192.0,84.0,0.0,18.57,9.7,1.38,0.0
20070905:0810,352.0,98.0,0.0,28.03,11.96,1.52,0.0
20070905:0910,452.01,126.0,0.0,36.55,13.92,1.66,0.0
20070905:1010,540.01,140.0,0.0,43.36,15.37,2.34,0.0
20070905:1110,622.01,129.0,0.0,47.48,16.2,2.41,0.0
20070905:1210,673.01,107.0,0.0,48.02,16.76,2.28,0.0
20070905:1310,603.01,119.0,0.0,44.85,17.27,2.21,0.0
20070905:1410,506.01,118.0,0.0,38.69,17.53,2.28,0.0
20070905:1510,275.0,168.0,0.0,30.57,17.87,2.76,0.0
20070905:1610,39.0,164.0,0.0,21.32,17.83,2.83,0.0
20070905:1710,5.0,73.0,0.0,11.53,17.51,2.0,0.0
20070905:1810,0.0,7.0,0.0,1.64,16.99,1.17,0.0
20070905:1910,0.0,0.0,0.0,0.0,16.47,1.24,0.0
20070905:2010,0.0,0.0,0.0,0.0,15.42,1.59,0.0
20070905:2110,0.0,0.0,0.0,0.0,15.18,1.86,0.0
20070905:2210,0.0,0.0,0.0,0.0,15.34,2.0,0.0
20070905:2310,0.0,0.0,0.0,0.0,15.33,2.14,0.0
20070906:0010,0.0,0.0,0.0,0.0,14.94,2.41,0.0
20070906:0110,0.0,0.0,0.0,0.0,14.39,2.48,0.0
20070906:0210,0.0,0.0,0.0,0.0,14.23,2.41,0.0
20070906:0310,0.0,0.0,0.0,0.0,14.35,2.21,0.0
20070906:0410,0.0,0.0,0.0,0.0,14.38,2.07,0.0
20070906:0510,0.0,0.0,0.0,0.0,14.45,2.07,0.0
20070906:0610,9.0,54.0,0.0,8.5,14.5,1.93,0.0
20070906:0710,4.0,109.0,0.0,18.35,15.22,2.55,0.0
20070906:0810,0.0,100.0,0.0,27.79,16.37,3.38,0.0
20070906:0910,0.0,176.0,0.0,36.28,17.2,3.31,0.0
20070906:1010,397.01,214.0,0.0,43.05,18.44,3.86,0.0
20070906:1110,5.0,272.0,0.0,47.13,19.35,4.55,0.0
20070906:1210,93.0,360.0,0.0,47.64,20.34,4.83,0.0
20070906:1310,233.0,308.0,0.0,44.47,20.91,4.69,0.0
20070906:1410,22.0,269.0,0.0,38.32,21.11,4.48,0.0
20070906:1510,0.0,146.0,0.0,30.22,21.0,4.0,0.0
20070906:1610,3.0,122.0,0.0,20.98,20.73,3.72,0.0
20070906:1710,12.0,76.0,0.0,11.19,20.44,3.45,0.0
20070906:1810,0.0,3.0,0.0,1.31,19.39,3.03,0.0
20070906:1910,0.0,0.0,0.0,0.0,18.44,3.59,0.0
20070906:2010,0.0,0.0,0.0,0.0,18.18,3.79,0.0
20070906:2110,0.0,0.0,0.0,0.0,17.68,3.52,0.0
20070906:2210,0.0,0.0,0.0,0.0,17.06,3.31,0.0
20070906:2310,0.0,0.0,0.0,0.0,16.94,3.45,0.0
20070907:0010,0.0,0.0,0.0,0.0,16.59,3.52,0.0
20070907:0110,0.0,0.0,0.0,0.0,16.37,3.52,0.0
20070907:0210,0.0,0.0,0.0,0.0,15.93,3.38,0.0
20070907:0310,0.0,0.0,0.0,0.0,15.49,3.31,0.0
20070907:0410,0.0,0.0,0.0,0.0,15.14,3.31,0.0
20070907:0510,0.0,0.0,0.0,0.0,14.95,3.31,0.0
20070907:0610,4.0,50.0,0.0,8.28,14.78,3.24,0.0
20070907:0710,1.0,90.0,0.0,18.13,15.38,4.34,0.0
20070907:0810,16.0,194.0,0.0,27.55,15.93,4.83,0.0
20070907:0910,0.0,153.0,0.0,36.0,16.71,4.62,0.0
20070907:1010,0.0,193.0,0.0,42.74,17.46,4.69,0.0
20070907:1110,1.0,233.0,0.0,46.77,17.95,4.48,0.0
20070907:1210,0.0,228.0,0.0,47.26,18.81,5.1,0.0
20070907:1310,53.0,333.0,0.0,44.08,19.18,5.24,0.0
20070907:1410,24.0,272.0,0.0,37.96,19.57,5.38,0.0
20070907:1510,154.0,217.0,0.0,29.86,19.3,4.97,0.0
20070907:1610,26.0,154.0,0.0,20.63,19.04,4.62,0.0
20070907:1710,16.0,77.0,0.0,10.85,18.65,4.21,0.0
20070907:1810,0.0,0.0,0.0,0.0,17.79,3.31,0.0
20070907:1910,0.0,0.0,0.0,0.0,17.34,3.38,0.0
20070907:2010,0.0,0.0,0.0,0.0,16.97,3.1,0.0
20070907:2110,0.0,0.0,0.0,0.0,16.6,2.9,0.0
20070907:2210,0.0,0.0,0.0,0.0,16.23,2.83,0.0
20070907:2310,0.0,0.0,0.0,0.0,15.89,2.9,0.0
20070908:0010,0.0,0.0,0.0,0.0,15.59,2.9,0.0
20070908:0110,0.0,0.0,0.0,0.0,15.27,2.83,0.0
20070908:0210,0.0,0.0,0.0,0.0,14.38,2.62,0.0
20070908:0310,0.0,0.0,0.0,0.0,13.99,2.62,0.0
20070908:0410,0.0,0.0,0.0,0.0,13.31,2.62,0.0
20070908:0510,0.0,0.0,0.0,0.0,12.88,2.55,0.0
20070908:0610,47.0,47.0,0.0,8.06,12.68,2.48,0.0
20070908:0710,177.0,84.0,0.0,17.9,14.1,3.59,0.0
20070908:0810,330.0,102.0,0.0,27.3,15.58,3.52,0.0
20070908:0910,456.01,118.0,0.0,35.73,17.28,3.66,0.0
20070908:1010,521.01,145.0,0.0,42.42,18.35,3.79,0.0
20070908:1110,611.01,129.0,0.0,46.42,19.4,3.72,0.0
20070908:1210,635.01,120.0,0.0,46.88,20.27,3.59,0.0
20070908:1310,567.01,131.0,0.0,43.7,21.24,3.52,0.0
20070908:1410,493.01,117.0,0.0,37.58,21.58,3.24,0.0
20070908:1510,362.01,109.0,0.0,29.51,21.64,3.24,0.0
20070908:1610,217.0,91.0,0.0,20.29,21.4,3.31,0.0
20070908:1710,76.0,60.0,0.0,10.51,20.79,2.69,0.0
20070908:1810,0.0,0.0,0.0,0.0,19.5,2.14,0.0
20070908:1910,0.0,0.0,0.0,0.0,18.2,2.21,0.0
20070908:2010,0.0,0.0,0.0,0.0,17.07,2.21,0.0
20070908:2110,0.0,0.0,0.0,0.0,16.31,2.28,0.0
20070908:2210,0.0,0.0,0.0,0.0,15.77,2.55,0.0
20070908:2310,0.0,0.0,0.0,0.0,15.39,2.69,0.0
20070909:0010,0.0,0.0,0.0,0.0,15.08,2.76,0.0
20070909:0110,0.0,0.0,0.0,0.0,14.79,2.62,0.0
20070909:0210,0.0,0.0,0.0,0.0,14.98,2.48,0.0
20070909:0310,0.0,0.0,0.0,0.0,15.05,2.48,0.0
20070909:0410,0.0,0.0,0.0,0.0,15.03,2.48,0.0
20070909:0510,0.0,0.0,0.0,0.0,14.87,2.55,0.0
20070909:0610,5.0,47.0,0.0,7.84,14.69,2.69,0.0
20070909:0710,55.0,133.0,0.0,17.67,14.97,3.24,0.0
20070909:0810,318.0,106.0,0.0,27.06,15.53,3.93,0.0
20070909:0910,250.0,230.0,0.0,35.45,16.76,3.66,0.0
20070909:1010,142.0,325.0,0.0,42.1,17.62,3.79,0.0
20070909:1110,0.0,140.0,0.0,46.06,18.37,3.72,0.0
20070909:1210,1.0,237.0,0.0,46.5,18.87,3.93,0.0
20070909:1310,0.0,216.0,0.0,43.32,19.16,4.14,0.0
20070909:1410,278.0,235.0,0.0,37.21,19.19,4.28,0.0
20070909:1510,193.0,197.0,0.0,29.15,19.12,4.14,0.0
20070909:1610,195.0,99.0,0.0,19.94,18.69,3.93,0.0
20070909:1710,35.0,72.0,0.0,10.17,18.16,3.59,0.0
20070909:1810,0.0,0.0,0.0,0.0,17.14,2.69,0.0
20070909:1910,0.0,0.0,0.0,0.0,16.89,2.34,0.0
20070909:2010,0.0,0.0,0.0,0.0,16.2,2.0,0.0
20070909:2110,0.0,0.0,0.0,0.0,15.44,1.86,0.0
20070909:2210,0.0,0.0,0.0,0.0,14.08,1.93,0.0
20070909:2310,0.0,0.0,0.0,0.0,12.72,1.86,0.0
20070910:0010,0.0,0.0,0.0,0.0,11.46,1.72,0.0
20070910:0110,0.0,0.0,0.0,0.0,10.64,1.59,0.0
20070910:0210,0.0,0.0,0.0,0.0,10.64,1.31,0.0
20070910:0310,0.0,0.0,0.0,0.0,9.94,1.45,0.0
20070910:0410,0.0,0.0,0.0,0.0,9.56,1.59,0.0
20070910:0510,0.0,0.0,0.0,0.0,9.66,1.72,0.0
20070910:0610,13.0,50.0,0.0,7.62,10.06,1.79,0.0
20070910:0710,25.0,129.0,0.0,17.44,12.3,1.59,0.0
20070910:0810,269.0,131.0,0.0,26.81,14.97,2.14,0.0
20070910:0910,440.01,120.0,0.0,35.18,16.85,2.97,0.0
20070910:1010,521.01,138.0,0.0,41.79,18.32,4.07,0.0
20070910:1110,89.0,353.0,0.0,45.7,19.04,4.76,0.0
20070910:1210,44.0,341.0,0.0,46.11,19.17,5.03,0.0
20070910:1310,11.0,278.0,0.0,42.93,19.45,5.59,0.0
20070910:1410,1.0,193.0,0.0,36.84,19.41,5.59,0.0
20070910:1510,0.0,127.0,0.0,28.79,18.74,5.03,0.0
20070910:1610,105.0,138.0,0.0,19.59,18.16,4.28,0.0
20070910:1710,12.0,68.0,0.0,9.83,17.85,3.86,0.0
20070910:1810,0.0,0.0,0.0,0.0,17.43,3.45,0.0
20070910:1910,0.0,0.0,0.0,0.0,16.62,3.24,0.0
20070910:2010,0.0,0.0,0.0,0.0,15.92,3.1,0.0
20070910:2110,0.0,0.0,0.0,0.0,15.02,2.97,0.0
20070910:2210,0.0,0.0,0.0,0.0,14.27,2.62,0.0
20070910:2310,0.0,0.0,0.0,0.0,13.81,2.41,0.0
20070911:0010,0.0,0.0,0.0,0.0,13.41,2.34,0.0
20070911:0110,0.0,0.0,0.0,0.0,12.9,2.07,0.0
20070911:0210,0.0,0.0,0.0,0.0,12.64,1.66,0.0
20070911:0310,0.0,0.0,0.0,0.0,11.85,1.45,0.0
20070911:0410,0.0,0.0,0.0,0.0,11.26,1.45,0.0
20070911:0510,0.0,0.0,0.0,0.0,11.09,1.66,0.0
20070911:0610,46.0,41.0,0.0,7.39,11.01,1.93,0.0
20070911:0710,173.0,80.0,0.0,17.21,12.01,2.0,0.0
20070911:0810,325.0,99.0,0.0,26.56,13.8,3.24,0.0
20070911:0910,111.0,274.0,0.0,34.9,14.88,3.72,0.0
20070911:1010,101.0,326.0,0.0,41.47,15.75,3.38,0.0
20070911:1110,67.0,348.0,0.0,45.34,16.84,3.17,0.0
20070911:1210,226.0,331.0,0.0,45.73,17.4,2.9,0.0
20070911:1310,25.0,302.0,0.0,42.54,17.39,2.76,0.0
20070911:1410,5.0,225.0,0.0,36.46,17.6,2.9,0.0
20070911:1510,28.0,215.0,0.0,28.43,17.44,2.97,0.0
20070911:1610,79.0,144.0,0.0,19.24,17.23,2.9,0.0
20070911:1710,19.0,67.0,0.0,9.48,16.88,2.55,0.0
20070911:1810,0.0,0.0,0.0,0.0,16.32,2.48,0.0
20070911:1910,0.0,0.0,0.0,0.0,15.76,2.41,0.0
20070911:2010,0.0,0.0,0.0,0.0,15.31,2.62,0.0
20070911:2110,0.0,0.0,0.0,0.0,14.93,2.83,0.0
20070911:2210,0.0,0.0,0.0,0.0,14.17,2.83,0.0
20070911:2310,0.0,0.0,0.0,0.0,13.43,2.76,0.0
20070912:0010,0.0,0.0,0.0,0.0,12.59,2.76,0.0
20070912:0110,0.0,0.0,0.0,0.0,11.86,2.76,0.0
20070912:0210,0.0,0.0,0.0,0.0,11.28,2.76,0.0
20070912:0310,0.0,0.0,0.0,0.0,10.81,2.76,0.0
20070912:0410,0.0,0.0,0.0,0.0,10.44,2.76,0.0
20070912:0510,0.0,0.0,0.0,0.0,10.1,2.69,0.0
20070912:0610,50.0,38.0,0.0,7.17,9.96,2.62,0.0
20070912:0710,159.0,86.0,0.0,16.98,11.49,3.17,0.0
20070912:0810,307.0,106.0,0.0,26.31,12.61,3.59,0.0
20070912:0910,434.01,122.0,0.0,34.62,13.33,3.45,0.0
20070912:1010,457.01,176.0,0.0,41.14,14.57,3.66,0.0
20070912:1110,332.01,280.0,0.0,44.97,15.53,3.72,0.0
20070912:1210,284.0,306.0,0.0,45.34,16.39,3.66,0.0
20070912:1310,362.01,240.0,0.0,42.15,16.91,3.66,0.0
20070912:1410,401.01,159.0,0.0,36.08,17.21,3.66,0.0
20070912:1510,337.01,110.0,0.0,28.07,17.27,3.66,0.0
20070912:1610,181.0,97.0,0.0,18.89,17.14,3.66,0.0
20070912:1710,62.0,53.0,0.0,9.14,16.84,3.52,0.0
20070912:1810,0.0,0.0,0.0,0.0,16.31,2.83,0.0
20070912:1910,0.0,0.0,0.0,0.0,15.35,3.17,0.0
20070912:2010,0.0,0.0,0.0,0.0,14.43,3.31,0.0
20070912:2110,0.0,0.0,0.0,0.0,13.81,3.31,0.0
20070912:2210,0.0,0.0,0.0,0.0,13.19,3.17,0.0
20070912:2310,0.0,0.0,0.0,0.0,12.74,3.1,0.0
20070913:0010,0.0,0.0,0.0,0.0,12.3,2.97,0.0
20070913:0110,0.0,0.0,0.0,0.0,11.79,2.97,0.0
20070913:0210,0.0,0.0,0.0,0.0,11.44,2.9,0.0
20070913:0310,0.0,0.0,0.0,0.0,10.99,2.83,0.0
20070913:0410,0.0,0.0,0.0,0.0,10.63,2.76,0.0
20070913:0510,0.0,0.0,0.0,0.0,10.3,2.76,0.0
20070913:0610,40.0,40.0,0.0,6.95,10.28,2.69,0.0
20070913:0710,165.0,80.0,0.0,16.75,11.62,2.62,0.0
20070913:0810,317.0,99.0,0.0,26.06,13.66,3.17,0.0
20070913:0910,443.01,115.0,0.0,34.33,15.63,3.17,0.0
20070913:1010,556.01,115.0,0.0,40.82,17.52,3.17,0.0
20070913:1110,596.01,127.0,0.0,44.61,19.17,3.45,0.0
20070913:1210,601.01,128.0,0.0,44.95,20.45,3.66,0.0
20070913:1310,541.01,132.0,0.0,41.76,21.21,3.59,0.0
20070913:1410,460.01,120.0,0.0,35.7,21.59,3.38,0.0
20070913:1510,337.01,107.0,0.0,27.7,21.63,3.24,0.0
20070913:1610,183.0,92.0,0.0,18.54,21.35,2.97,0.0
20070913:1710,62.0,50.0,0.0,8.79,20.54,2.28,0.0
20070913:1810,0.0,0.0,0.0,0.0,18.75,2.34,0.0
20070913:1910,0.0,0.0,0.0,0.0,17.21,2.55,0.0
20070913:2010,0.0,0.0,0.0,0.0,16.04,2.55,0.0
20070913:2110,0.0,0.0,0.0,0.0,15.04,2.41,0.0
20070913:2210,0.0,0.0,0.0,0.0,14.14,2.28,0.0
20070913:2310,0.0,0.0,0.0,0.0,13.26,2.14,0.0
20070914:0010,0.0,0.0,0.0,0.0,12.41,2.07,0.0
20070914:0110,0.0,0.0,0.0,0.0,11.68,2.14,0.0
20070914:0210,0.0,0.0,0.0,0.0,11.15,2.07,0.0
20070914:0310,0.0,0.0,0.0,0.0,10.55,1.79,0.0
20070914:0410,0.0,0.0,0.0,0.0,9.87,1.52,0.0
20070914:0510,0.0,0.0,0.0,0.0,9.2,1.93,0.0
20070914:0610,36.0,39.0,0.0,6.72,8.98,1.72,0.0
20070914:0710,158.0,81.0,0.0,16.52,11.38,1.1,0.0
20070914:0810,303.0,103.0,0.0,25.81,14.84,1.24,0.0
20070914:0910,431.01,118.0,0.0,34.05,17.74,1.86,0.0
20070914:1010,542.01,119.0,0.0,40.49,19.52,2.55,0.0
20070914:1110,589.01,127.0,0.0,44.24,20.53,2.48,0.0
20070914:1210,586.01,131.0,0.0,44.56,21.3,2.55,0.0
20070914:1310,515.01,143.0,0.0,41.37,21.75,2.9,0.0
20070914:1410,439.01,127.0,0.0,35.32,21.96,3.17,0.0
20070914:1510,308.01,119.0,0.0,27.33,21.85,3.31,0.0
20070914:1610,95.0,130.0,0.0,18.18,21.39,3.17,0.0
20070914:1710,39.0,56.0,0.0,8.44,20.51,2.48,0.0
20070914:1810,0.0,0.0,0.0,0.0,18.92,2.41,0.0
20070914:1910,0.0,0.0,0.0,0.0,17.89,3.03,0.0
20070914:2010,0.0,0.0,0.0,0.0,16.9,3.1,0.0
20070914:2110,0.0,0.0,0.0,0.0,15.79,2.83,0.0
20070914:2210,0.0,0.0,0.0,0.0,15.06,2.34,0.0
20070914:2310,0.0,0.0,0.0,0.0,14.4,2.21,0.0
20070915:0010,0.0,0.0,0.0,0.0,13.79,2.14,0.0
20070915:0110,0.0,0.0,0.0,0.0,13.27,2.0,0.0
20070915:0210,0.0,0.0,0.0,0.0,12.67,1.86,0.0
20070915:0310,0.0,0.0,0.0,0.0,12.25,1.72,0.0
20070915:0410,0.0,0.0,0.0,0.0,12.37,1.52,0.0
20070915:0510,0.0,0.0,0.0,0.0,12.76,1.17,0.0
20070915:0610,0.0,24.0,0.0,6.49,13.4,0.9,0.0
20070915:0710,9.0,107.0,0.0,16.28,14.52,0.62,0.0
20070915:0810,30.0,192.0,0.0,25.56,15.46,0.97,0.0
20070915:0910,39.0,256.0,0.0,33.76,16.47,0.69,0.0
20070915:1010,188.0,295.0,0.0,40.17,17.66,0.41,0.0
20070915:1110,376.01,242.0,0.0,43.88,18.18,0.28,0.0
20070915:1210,244.0,308.0,0.0,44.17,19.05,0.41,0.0
20070915:1310,300.01,256.0,0.0,40.97,19.64,0.55,0.0
20070915:1410,202.0,246.0,0.0,34.94,20.06,0.62,0.0
20070915:1510,172.0,183.0,0.0,26.97,20.4,0.62,0.0
20070915:1610,159.0,94.0,0.0,17.83,20.26,0.62,0.0
20070915:1710,48.0,48.0,0.0,8.09,20.0,0.62,0.0
20070915:1810,0.0,0.0,0.0,0.0,19.28,0.9,0.0
20070915:1910,0.0,0.0,0.0,0.0,17.45,1.79,0.0
20070915:2010,0.0,0.0,0.0,0.0,16.13,1.59,0.0
20070915:2110,0.0,0.0,0.0,0.0,15.33,1.45,0.0
20070915:2210,0.0,0.0,0.0,0.0,14.95,1.31,0.0
20070915:2310,0.0,0.0,0.0,0.0,14.78,1.17,0.0
20070916:0010,0.0,0.0,0.0,0.0,14.4,1.17,0.0
20070916:0110,0.0,0.0,0.0,0.0,13.63,1.38,0.0
20070916:0210,0.0,0.0,0.0,0.0,13.08,1.52,0.0
20070916:0310,0.0,0.0,0.0,0.0,12.95,1.72,0.0
20070916:0410,0.0,0.0,0.0,0.0,12.85,1.79,0.0
20070916:0510,0.0,0.0,0.0,0.0,12.65,1.79,0.0
20070916:0610,35.0,35.0,0.0,6.27,12.34,1.79,0.0
20070916:0710,149.0,79.0,0.0,16.05,13.87,1.66,0.0
20070916:0810,292.0,102.0,0.0,25.3,16.42,1.86,0.0
20070916:0910,419.01,116.0,0.0,33.48,18.86,2.0,0.0
20070916:1010,523.01,120.0,0.0,39.84,21.03,2.48,0.0
20070916:1110,554.01,135.0,0.0,43.51,22.46,3.24,0.0
20070916:1210,549.01,141.0,0.0,43.77,23.41,3.59,0.0
20070916:1310,505.01,137.0,0.0,40.58,24.07,3.66,0.0
20070916:1410,432.01,121.0,0.0,34.56,24.39,3.86,0.0
20070916:1510,302.01,111.0,0.0,26.6,24.49,4.0,0.0
20070916:1610,160.0,91.0,0.0,17.47,24.13,3.93,0.0
20070916:1710,48.0,45.0,0.0,7.74,23.22,3.1,0.0
20070916:1810,0.0,0.0,0.0,0.0,21.25,2.83,0.0
20070916:1910,0.0,0.0,0.0,0.0,19.81,2.9,0.0
20070916:2010,0.0,0.0,0.0,0.0,18.55,2.9,0.0
20070916:2110,0.0,0.0,0.0,0.0,17.51,2.9,0.0
20070916:2210,0.0,0.0,0.0,0.0,16.78,2.97,0.0
20070916:2310,0.0,0.0,0.0,0.0,16.16,2.97,0.0
20070917:0010,0.0,0.0,0.0,0.0,15.57,2.69,0.0
20070917:0110,0.0,0.0,0.0,0.0,14.98,2.34,0.0
20070917:0210,0.0,0.0,0.0,0.0,14.41,2.07,0.0
20070917:0310,0.0,0.0,0.0,0.0,13.72,1.79,0.0
20070917:0410,0.0,0.0,0.0,0.0,13.1,1.59,0.0
20070917:0510,0.0,0.0,0.0,0.0,12.28,1.52,0.0
20070917:0610,14.0,38.0,0.0,6.04,12.17,1.31,0.0
20070917:0710,64.0,114.0,0.0,15.81,14.82,1.1,0.0
20070917:0810,248.0,122.0,0.0,25.04,16.27,1.38,0.0
20070917:0910,332.01,162.0,0.0,33.19,17.75,1.66,0.0
20070917:1010,261.0,260.0,0.0,39.51,19.39,2.76,0.0
20070917:1110,0.0,169.0,0.0,43.14,20.61,3.93,0.0
20070917:1210,0.0,137.0,0.0,43.38,21.24,4.55,0.0
20070917:1310,0.0,148.0,0.0,40.18,21.2,4.48,0.0
20070917:1410,5.0,208.0,0.0,34.17,21.11,4.76,0.0
20070917:1510,33.0,199.0,0.0,26.23,20.79,5.03,0.0
20070917:1610,83.0,122.0,0.0,17.11,19.99,4.9,0.0
20070917:1710,4.0,45.0,0.0,7.39,18.08,4.34,0.0
20070917:1810,0.0,0.0,0.0,0.0,15.75,5.03,0.0
20070917:1910,0.0,0.0,0.0,0.0,13.92,4.69,0.0
20070917:2010,0.0,0.0,0.0,0.0,12.58,3.72,0.0
20070917:2110,0.0,0.0,0.0,0.0,12.03,2.41,0.0
20070917:2210,0.0,0.0,0.0,0.0,11.87,1.66,0.0
20070917:2310,0.0,0.0,0.0,0.0,11.72,2.0,0.0
20070918:0010,0.0,0.0,0.0,0.0,11.53,2.9,0.0
20070918:0110,0.0,0.0,0.0,0.0,11.29,3.1,0.0
20070918:0210,0.0,0.0,0.0,0.0,10.92,3.79,0.0
20070918:0310,0.0,0.0,0.0,0.0,10.48,4.41,0.0
20070918:0410,0.0,0.0,0.0,0.0,10.04,4.07,0.0
20070918:0510,0.0,0.0,0.0,0.0,9.74,3.86,0.0
20070918:0610,31.0,33.0,0.0,5.81,9.57,3.79,0.0
20070918:0710,156.0,74.0,0.0,15.57,9.87,4.07,0.0
20070918:0810,81.0,196.0,0.0,24.78,10.7,5.1,0.0
20070918:0910,190.0,238.0,0.0,32.89,11.79,5.24,0.0
20070918:1010,97.0,313.0,0.0,39.18,12.88,5.24,0.0
20070918:1110,59.0,333.0,0.0,42.77,13.98,5.1,0.0
20070918:1210,18.0,299.0,0.0,42.99,15.18,5.17,0.0
20070918:1310,0.0,175.0,0.0,39.78,15.51,4.9,0.0
20070918:1410,0.0,98.0,0.0,33.79,15.56,4.55,0.0
20070918:1510,7.0,172.0,0.0,25.86,15.31,4.21,0.0
20070918:1610,26.0,128.0,0.0,16.75,15.08,3.93,0.0
20070918:1710,4.0,43.0,0.0,7.03,14.53,3.45,0.0
20070918:1810,0.0,0.0,0.0,0.0,13.48,3.1,0.0
20070918:1910,0.0,0.0,0.0,0.0,12.23,2.34,0.0
20070918:2010,0.0,0.0,0.0,0.0,11.36,2.07,0.0
20070918:2110,0.0,0.0,0.0,0.0,10.44,2.14,0.0
20070918:2210,0.0,0.0,0.0,0.0,9.66,1.93,0.0
20070918:2310,0.0,0.0,0.0,0.0,8.91,1.93,0.0
20070919:0010,0.0,0.0,0.0,0.0,8.21,2.0,0.0
20070919:0110,0.0,0.0,0.0,0.0,7.63,1.93,0.0
20070919:0210,0.0,0.0,0.0,0.0,6.86,1.72,0.0
20070919:0310,0.0,0.0,0.0,0.0,6.17,1.52,0.0
20070919:0410,0.0,0.0,0.0,0.0,5.64,1.59,0.0
20070919:0510,0.0,0.0,0.0,0.0,5.09,1.72,0.0
20070919:0610,29.0,24.18,0.0,5.58,5.01,1.72,0.0
20070919:0710,128.0,85.0,0.0,15.34,7.58,1.52,0.0
20070919:0810,267.0,111.0,0.0,24.52,10.01,1.86,0.0
20070919:0910,67.0,260.0,0.0,32.6,11.76,2.48,0.0
20070919:1010,29.0,286.0,0.0,38.84,12.96,2.83,0.0
20070919:1110,37.0,317.0,0.0,42.4,14.34,3.1,0.0
20070919:1210,236.0,306.0,0.0,42.59,15.28,2.97,0.0
20070919:1310,118.0,314.0,0.0,39.39,15.58,2.97,0.0
20070919:1410,316.01,182.0,0.0,33.4,15.76,2.9,0.0
20070919:1510,26.0,194.0,0.0,25.49,15.93,2.83,0.0
20070919:1610,155.0,84.0,0.0,16.39,15.77,2.55,0.0
20070919:1710,33.0,42.0,0.0,6.68,15.42,1.79,0.0
20070919:1810,0.0,0.0,0.0,0.0,14.54,1.52,0.0
20070919:1910,0.0,0.0,0.0,0.0,13.76,0.62,0.0
20070919:2010,0.0,0.0,0.0,0.0,12.77,0.9,0.0
20070919:2110,0.0,0.0,0.0,0.0,10.62,1.59,0.0
20070919:2210,0.0,0.0,0.0,0.0,9.64,1.79,0.0
20070919:2310,0.0,0.0,0.0,0.0,8.72,1.93,0.0
20070920:0010,0.0,0.0,0.0,0.0,8.19,2.07,0.0
20070920:0110,0.0,0.0,0.0,0.0,8.6,2.0,0.0
20070920:0210,0.0,0.0,0.0,0.0,8.91,2.07,0.0
20070920:0310,0.0,0.0,0.0,0.0,8.89,2.07,0.0
20070920:0410,0.0,0.0,0.0,0.0,8.61,2.14,0.0
20070920:0510,0.0,0.0,0.0,0.0,8.11,2.28,0.0
20070920:0610,28.0,23.36,0.0,5.35,7.88,2.28,0.0
20070920:0710,26.0,112.0,0.0,15.1,9.26,2.28,0.0
20070920:0810,118.0,180.0,0.0,24.26,11.18,2.69,0.0
20070920:0910,364.01,140.0,0.0,32.31,13.74,3.03,0.0
20070920:1010,402.01,183.0,0.0,38.51,15.72,3.79,0.0
20070920:1110,477.01,174.0,0.0,42.02,16.87,3.93,0.0
20070920:1210,489.01,169.0,0.0,42.2,17.73,3.79,0.0
20070920:1310,457.01,157.0,0.0,38.99,18.35,3.66,0.0
20070920:1410,343.01,162.0,0.0,33.02,18.71,3.52,0.0
20070920:1510,288.01,107.0,0.0,25.12,18.76,3.31,0.0
20070920:1610,152.0,82.0,0.0,16.03,18.5,2.97,0.0
20070920:1710,36.0,37.0,0.0,6.33,17.74,2.0,0.0
20070920:1810,0.0,0.0,0.0,0.0,16.14,2.14,0.0
20070920:1910,0.0,0.0,0.0,0.0,14.63,2.21,0.0
20070920:2010,0.0,0.0,0.0,0.0,13.43,2.21,0.0
20070920:2110,0.0,0.0,0.0,0.0,12.23,2.14,0.0
20070920:2210,0.0,0.0,0.0,0.0,11.17,2.0,0.0
20070920:2310,0.0,0.0,0.0,0.0,10.27,1.72,0.0
20070921:0010,0.0,0.0,0.0,0.0,9.55,1.59,0.0
20070921:0110,0.0,0.0,0.0,0.0,8.92,1.59,0.0
20070921:0210,0.0,0.0,0.0,0.0,8.31,1.59,0.0
20070921:0310,0.0,0.0,0.0,0.0,7.89,1.66,0.0
20070921:0410,0.0,0.0,0.0,0.0,7.54,1.72,0.0
20070921:0510,0.0,0.0,0.0,0.0,7.35,1.86,0.0
20070921:0610,18.0,26.39,0.0,5.12,7.35,1.79,0.0
20070921:0710,68.0,106.0,0.0,14.85,8.79,1.31,0.0
20070921:0810,126.0,176.0,0.0,24.0,12.94,1.31,0.0
20070921:0910,222.0,215.0,0.0,32.01,15.66,1.52,0.0
20070921:1010,273.01,251.0,0.0,38.17,17.64,2.0,0.0
20070921:1110,316.01,262.0,0.0,41.65,19.22,2.34,0.0
20070921:1210,471.01,178.0,0.0,41.8,20.61,2.55,0.0
20070921:1310,271.01,257.0,0.0,38.59,21.64,2.62,0.0
20070921:1410,272.01,198.0,0.0,32.63,22.13,2.69,0.0
20070921:1510,157.0,173.0,0.0,24.75,22.15,2.69,0.0
20070921:1610,40.0,120.0,0.0,15.67,21.86,2.34,0.0
20070921:1710,8.0,39.0,0.0,5.97,20.72,1.93,0.0
20070921:1810,0.0,0.0,0.0,0.0,19.04,2.21,0.0
20070921:1910,0.0,0.0,0.0,0.0,17.38,1.59,0.0
20070921:2010,0.0,0.0,0.0,0.0,15.67,1.45,0.0
20070921:2110,0.0,0.0,0.0,0.0,14.54,1.45,0.0
20070921:2210,0.0,0.0,0.0,0.0,13.33,1.59,0.0
20070921:2310,0.0,0.0,0.0,0.0,12.26,1.66,0.0
20070922:0010,0.0,0.0,0.0,0.0,11.22,1.86,0.0
20070922:0110,0.0,0.0,0.0,0.0,10.55,1.93,0.0
20070922:0210,0.0,0.0,0.0,0.0,9.92,1.79,0.0
20070922:0310,0.0,0.0,0.0,0.0,9.52,1.66,0.0
20070922:0410,0.0,0.0,0.0,0.0,8.88,1.66,0.0
20070922:0510,0.0,0.0,0.0,0.0,8.23,1.86,0.0
20070922:0610,19.0,24.24,0.0,4.89,8.07,1.93,0.0
20070922:0710,0.0,43.0,0.0,14.61,10.15,1.17,0.0
20070922:0810,2.0,136.0,0.0,23.74,13.8,0.76,0.0
20070922:0910,1.0,162.0,0.0,31.71,15.9,0.55,0.0
20070922:1010,0.0,177.0,0.0,37.84,18.03,0.41,0.0
20070922:1110,0.0,146.0,0.0,41.27,19.38,0.76,0.0
20070922:1210,0.0,100.0,0.0,41.4,20.5,1.66,0.0
20070922:1310,1.0,201.0,0.0,38.19,21.24,2.07,0.0
20070922:1410,395.01,120.0,0.0,32.24,21.67,2.28,0.0
20070922:1510,19.0,178.0,0.0,24.37,21.99,2.48,0.0
20070922:1610,51.0,115.0,0.0,15.31,21.54,2.55,0.0
20070922:1710,19.0,30.86,0.0,5.62,20.55,2.07,0.0
20070922:1810,0.0,0.0,0.0,0.0,19.01,2.41,0.0
20070922:1910,0.0,0.0,0.0,0.0,16.87,2.41,0.0
20070922:2010,0.0,0.0,0.0,0.0,16.11,2.41,0.0
20070922:2110,0.0,0.0,0.0,0.0,15.87,2.28,0.0
20070922:2210,0.0,0.0,0.0,0.0,15.61,2.14,0.0
20070922:2310,0.0,0.0,0.0,0.0,15.19,1.86,0.0
20070923:0010,0.0,0.0,0.0,0.0,14.81,1.66,0.0
20070923:0110,0.0,0.0,0.0,0.0,14.53,1.59,0.0
20070923:0210,0.0,0.0,0.0,0.0,14.43,1.59,0.0
20070923:0310,0.0,0.0,0.0,0.0,14.53,1.59,0.0
20070923:0410,0.0,0.0,0.0,0.0,14.79,1.59,0.0
20070923:0510,0.0,0.0,0.0,0.0,15.03,1.79,0.0
20070923:0610,14.0,24.44,0.0,4.65,15.13,1.52,0.0
20070923:0710,19.0,103.0,0.0,14.37,15.21,1.59,0.0
20070923:0810,60.0,184.0,0.0,23.47,16.0,1.93,0.0
20070923:0910,274.01,179.0,0.0,31.42,17.03,2.14,0.0
20070923:1010,0.0,168.0,0.0,37.5,18.34,2.55,0.0
20070923:1110,0.0,162.0,0.0,40.9,19.54,3.31,0.0
20070923:1210,92.0,324.0,0.0,41.01,20.12,3.66,0.0
20070923:1310,29.0,279.0,0.0,37.79,20.66,3.72,0.0
20070923:1410,57.0,252.0,0.0,31.86,20.78,3.59,0.0
20070923:1510,26.0,181.0,0.0,24.0,20.72,3.72,0.0
20070923:1610,10.0,103.0,0.0,14.95,20.48,3.59,0.0
20070923:1710,6.0,31.41,0.0,5.27,19.76,2.83,0.0
20070923:1810,0.0,0.0,0.0,0.0,18.59,2.48,0.0
20070923:1910,0.0,0.0,0.0,0.0,17.46,2.55,0.0
20070923:2010,0.0,0.0,0.0,0.0,17.19,2.69,0.0
20070923:2110,0.0,0.0,0.0,0.0,16.64,2.97,0.0
20070923:2210,0.0,0.0,0.0,0.0,16.44,3.31,0.0
20070923:2310,0.0,0.0,0.0,0.0,15.96,3.52,0.0
20070924:0010,0.0,0.0,0.0,0.0,15.32,3.45,0.0
20070924:0110,0.0,0.0,0.0,0.0,14.77,3.38,0.0
20070924:0210,0.0,0.0,0.0,0.0,14.06,3.31,0.0
20070924:0310,0.0,0.0,0.0,0.0,13.45,3.52,0.0
20070924:0410,0.0,0.0,0.0,0.0,13.21,3.79,0.0
20070924:0510,0.0,0.0,0.0,0.0,13.18,4.0,0.0
20070924:0610,6.0,24.51,0.0,4.42,13.43,4.34,0.0
20070924:0710,18.0,101.0,0.0,14.12,14.48,4.34,0.0
20070924:0810,103.0,173.0,0.0,23.2,15.79,5.66,0.0
20070924:0910,0.0,104.0,0.0,31.12,16.62,6.62,0.0
20070924:1010,1.0,198.0,0.0,37.16,17.4,7.59,0.0
20070924:1110,0.0,58.0,0.0,40.52,18.29,7.52,0.0
20070924:1210,0.0,78.0,0.0,40.61,17.55,5.86,0.0
20070924:1310,0.0,111.0,0.0,37.4,14.94,4.28,0.0
20070924:1410,0.0,157.0,0.0,31.47,13.94,3.1,0.0
20070924:1510,104.0,179.0,0.0,23.63,14.77,3.38,0.0
20070924:1610,150.0,68.0,0.0,14.59,15.6,3.17,0.0
20070924:1710,0.0,8.0,0.0,4.91,15.72,2.28,0.0
20070924:1810,0.0,0.0,0.0,0.0,14.73,2.14,0.0
20070924:1910,0.0,0.0,0.0,0.0,13.45,2.48,0.0
20070924:2010,0.0,0.0,0.0,0.0,12.82,2.62,0.0
20070924:2110,0.0,0.0,0.0,0.0,12.36,2.69,0.0
20070924:2210,0.0,0.0,0.0,0.0,11.97,2.76,0.0
20070924:2310,0.0,0.0,0.0,0.0,11.64,2.97,0.0
20070925:0010,0.0,0.0,0.0,0.0,11.12,3.1,0.0
20070925:0110,0.0,0.0,0.0,0.0,10.65,3.17,0.0
20070925:0210,0.0,0.0,0.0,0.0,10.44,3.17,0.0
20070925:0310,0.0,0.0,0.0,0.0,10.19,3.24,0.0
20070925:0410,0.0,0.0,0.0,0.0,9.59,3.17,0.0
20070925:0510,0.0,0.0,0.0,0.0,9.06,3.17,0.0
20070925:0610,16.0,20.13,0.0,4.19,8.76,3.24,0.0
20070925:0710,125.0,71.0,0.0,13.88,9.38,2.9,0.0
20070925:0810,259.01,99.0,0.0,22.93,10.98,3.86,0.0
20070925:0910,368.01,124.0,0.0,30.82,12.79,4.14,0.0
20070925:1010,320.01,215.0,0.0,36.82,14.4,4.9,0.0
20070925:1110,228.0,289.0,0.0,40.15,15.34,5.24,0.0
20070925:1210,156.0,314.0,0.0,40.21,15.96,5.17,0.0
20070925:1310,24.0,272.0,0.0,37.0,15.96,4.62,0.0
20070925:1410,0.0,70.0,0.0,31.08,16.15,4.48,0.0
20070925:1510,128.0,170.0,0.0,23.26,15.98,3.93,0.0
20070925:1610,33.0,109.0,0.0,14.24,15.82,3.52,0.0
20070925:1710,22.0,21.51,0.0,4.56,15.2,2.76,0.0
20070925:1810,0.0,0.0,0.0,0.0,14.07,2.41,0.0
20070925:1910,0.0,0.0,0.0,0.0,12.25,1.86,0.0
20070925:2010,0.0,0.0,0.0,0.0,11.62,1.86,0.0
20070925:2110,0.0,0.0,0.0,0.0,11.08,1.86,0.0
20070925:2210,0.0,0.0,0.0,0.0,10.41,1.93,0.0
20070925:2310,0.0,0.0,0.0,0.0,9.73,2.0,0.0
20070926:0010,0.0,0.0,0.0,0.0,9.24,1.93,0.0
20070926:0110,0.0,0.0,0.0,0.0,8.91,2.0,0.0
20070926:0210,0.0,0.0,0.0,0.0,8.68,2.21,0.0
20070926:0310,0.0,0.0,0.0,0.0,8.45,2.14,0.0
20070926:0410,0.0,0.0,0.0,0.0,8.43,2.07,0.0
20070926:0510,0.0,0.0,0.0,0.0,8.83,2.14,0.0
20070926:0610,6.0,21.53,0.0,3.95,9.04,2.21,0.0
20070926:0710,39.0,101.0,0.0,13.63,9.5,3.1,0.0
20070926:0810,117.0,166.0,0.0,22.67,10.82,5.03,0.0
20070926:0910,342.01,135.0,0.0,30.51,12.2,4.9,0.0
20070926:1010,329.01,206.0,0.0,36.48,13.22,4.69,0.0
20070926:1110,395.01,203.0,0.0,39.77,14.13,4.9,0.0
20070926:1210,145.0,313.0,0.0,39.81,14.7,4.97,0.0
20070926:1310,0.0,173.0,0.0,36.6,13.08,4.9,0.0
20070926:1410,0.0,74.0,0.0,30.7,13.58,5.59,0.0
20070926:1510,0.0,93.0,0.0,22.89,12.46,6.07,0.0
20070926:1610,1.0,76.0,0.0,13.88,11.46,5.24,0.0
20070926:1710,0.0,26.0,0.0,4.21,10.74,4.76,0.0
20070926:1810,0.0,0.0,0.0,0.0,9.98,5.1,0.0
20070926:1910,0.0,0.0,0.0,0.0,9.07,4.21,0.0
20070926:2010,0.0,0.0,0.0,0.0,8.68,4.14,0.0
20070926:2110,0.0,0.0,0.0,0.0,8.36,4.14,0.0
20070926:2210,0.0,0.0,0.0,0.0,7.92,4.07,0.0
20070926:2310,0.0,0.0,0.0,0.0,7.76,4.0,0.0
20070927:0010,0.0,0.0,0.0,0.0,7.72,4.07,0.0
20070927:0110,0.0,0.0,0.0,0.0,8.01,4.14,0.0
20070927:0210,0.0,0.0,0.0,0.0,8.24,4.14,0.0
20070927:0310,0.0,0.0,0.0,0.0,8.22,4.14,0.0
20070927:0410,0.0,0.0,0.0,0.0,8.12,4.07,0.0
20070927:0510,0.0,0.0,0.0,0.0,8.05,4.0,0.0
20070927:0610,5.0,19.81,0.0,3.71,7.98,4.0,0.0
20070927:0710,0.0,38.0,0.0,13.38,8.8,5.1,0.0
20070927:0810,9.0,153.0,0.0,22.39,9.45,6.28,0.0
20070927:0910,95.0,241.0,0.0,30.21,10.34,6.28,0.0
20070927:1010,88.0,290.0,0.0,36.13,11.37,6.34,0.0
20070927:1110,49.0,306.0,0.0,39.39,12.41,6.28,0.0
20070927:1210,81.0,315.0,0.0,39.42,13.76,6.41,0.0
20070927:1310,307.01,216.0,0.0,36.2,14.61,6.48,0.0
20070927:1410,33.0,234.0,0.0,30.31,15.01,6.21,0.0
20070927:1510,59.0,179.0,0.0,22.52,14.89,5.72,0.0
20070927:1610,0.0,56.0,0.0,13.52,14.82,5.66,0.0
20070927:1710,0.0,7.0,0.0,3.86,13.89,5.59,0.0
20070927:1810,0.0,0.0,0.0,0.0,12.66,5.24,0.0
20070927:1910,0.0,0.0,0.0,0.0,12.32,5.52,0.0
20070927:2010,0.0,0.0,0.0,0.0,11.82,5.52,0.0
20070927:2110,0.0,0.0,0.0,0.0,11.57,5.52,0.0
20070927:2210,0.0,0.0,0.0,0.0,11.46,5.45,0.0
20070927:2310,0.0,0.0,0.0,0.0,11.41,5.24,0.0
20070928:0010,0.0,0.0,0.0,0.0,11.36,5.03,0.0
20070928:0110,0.0,0.0,0.0,0.0,11.26,4.97,0.0
20070928:0210,0.0,0.0,0.0,0.0,11.17,4.9,0.0
20070928:0310,0.0,0.0,0.0,0.0,11.06,4.76,0.0
20070928:0410,0.0,0.0,0.0,0.0,10.94,4.62,0.0
20070928:0510,0.0,0.0,0.0,0.0,10.69,4.41,0.0
20070928:0610,2.0,16.59,0.0,3.48,10.43,4.28,0.0
20070928:0710,6.0,84.0,0.0,13.13,11.08,4.14,0.0
20070928:0810,0.0,102.0,0.0,22.12,11.69,4.0,0.0
20070928:0910,0.0,95.0,0.0,29.91,12.48,4.97,0.0
20070928:1010,0.0,180.0,0.0,35.79,12.99,3.79,0.0
20070928:1110,0.0,159.0,0.0,39.02,12.85,3.79,0.0
20070928:1210,0.0,94.0,0.0,39.02,12.72,4.28,0.0
20070928:1310,0.0,133.0,0.0,35.8,12.43,5.17,0.0
20070928:1410,0.0,111.0,0.0,29.92,12.62,4.48,0.0
20070928:1510,0.0,68.0,0.0,22.15,12.63,4.69,0.0
20070928:1610,0.0,56.0,0.0,13.16,12.43,4.69,0.0
20070928:1710,0.0,18.0,0.0,3.5,12.4,4.97,0.0
20070928:1810,0.0,0.0,0.0,0.0,12.25,5.03,0.0
20070928:1910,0.0,0.0,0.0,0.0,12.07,4.62,0.0
20070928:2010,0.0,0.0,0.0,0.0,11.74,4.55,0.0
20070928:2110,0.0,0.0,0.0,0.0,11.59,4.34,0.0
20070928:2210,0.0,0.0,0.0,0.0,11.44,4.14,0.0
20070928:2310,0.0,0.0,0.0,0.0,11.34,3.93,0.0
20070929:0010,0.0,0.0,0.0,0.0,11.22,3.72,0.0
20070929:0110,0.0,0.0,0.0,0.0,11.07,3.59,0.0
20070929:0210,0.0,0.0,0.0,0.0,10.67,3.52,0.0
20070929:0310,0.0,0.0,0.0,0.0,10.27,3.52,0.0
20070929:0410,0.0,0.0,0.0,0.0,9.82,3.45,0.0
20070929:0510,0.0,0.0,0.0,0.0,9.66,3.52,0.0
20070929:0610,4.0,17.07,0.0,3.24,9.24,3.38,0.0
20070929:0710,10.0,87.0,0.0,12.88,9.96,3.66,0.0
20070929:0810,28.0,167.0,0.0,21.85,10.94,3.86,0.0
20070929:0910,75.0,236.0,0.0,29.6,12.51,4.55,0.0
20070929:1010,27.0,263.0,0.0,35.45,13.75,4.34,0.0
20070929:1110,72.0,307.0,0.0,38.64,15.17,4.48,0.0
20070929:1210,0.0,68.0,0.0,38.62,16.2,4.07,0.0
20070929:1310,0.0,139.0,0.0,35.41,17.16,4.0,0.0
20070929:1410,52.0,235.0,0.0,29.54,17.55,3.79,0.0
20070929:1510,187.0,126.0,0.0,21.78,17.57,3.24,0.0
20070929:1610,35.0,96.0,0.0,12.8,17.21,2.41,0.0
20070929:1710,0.0,19.0,0.0,3.16,16.06,2.0,0.0
20070929:1810,0.0,0.0,0.0,0.0,14.57,2.0,0.0
20070929:1910,0.0,0.0,0.0,0.0,13.68,1.79,0.0
20070929:2010,0.0,0.0,0.0,0.0,12.42,1.79,0.0
20070929:2110,0.0,0.0,0.0,0.0,11.45,1.86,0.0
20070929:2210,0.0,0.0,0.0,0.0,10.57,1.86,0.0
20070929:2310,0.0,0.0,0.0,0.0,9.38,1.86,0.0
20070930:0010,0.0,0.0,0.0,0.0,8.64,1.59,0.0
20070930:0110,0.0,0.0,0.0,0.0,8.57,1.38,0.0
20070930:0210,0.0,0.0,0.0,0.0,8.54,1.17,0.0
20070930:0310,0.0,0.0,0.0,0.0,8.02,1.17,0.0
20070930:0410,0.0,0.0,0.0,0.0,6.95,1.38,0.0
20070930:0510,0.0,0.0,0.0,0.0,6.03,1.66,0.0
20070930:0610,4.0,15.1,0.0,3.0,5.72,1.72,0.0
20070930:0710,81.0,80.0,0.0,12.63,7.07,1.1,0.0
20070930:0810,211.0,110.0,0.0,21.58,11.07,1.1,0.0
20070930:0910,360.01,111.0,0.0,29.29,14.01,1.79,0.0
20070930:1010,437.01,128.0,0.0,35.1,16.22,2.97,0.0
20070930:1110,465.01,145.0,0.0,38.26,17.71,3.17,0.0
20070930:1210,362.01,206.0,0.0,38.23,18.81,2.9,0.0
20070930:1310,270.01,223.0,0.0,35.01,19.55,2.76,0.0
20070930:1410,115.0,229.0,0.0,29.16,19.89,2.76,0.0
20070930:1510,22.0,160.0,0.0,21.41,19.81,3.03,0.0
20070930:1610,5.0,79.0,0.0,12.45,19.27,2.55,0.0
20070930:1710,0.0,15.0,0.0,2.81,17.91,2.55,0.0
20070930:1810,0.0,0.0,0.0,0.0,16.45,2.9,0.0
20070930:1910,0.0,0.0,0.0,0.0,15.98,2.83,0.0
20070930:2010,0.0,0.0,0.0,0.0,15.26,3.03,0.0
20070930:2110,0.0,0.0,0.0,0.0,14.86,3.17,0.0
20070930:2210,0.0,0.0,0.0,0.0,14.74,2.97,0.0
20070930:2310,0.0,0.0,0.0,0.0,14.5,2.69,0.0
20071001:0010,0.0,0.0,0.0,0.0,14.31,2.41,0.0
20071001:0110,0.0,0.0,0.0,0.0,13.76,2.48,0.0
20071001:0210,0.0,0.0,0.0,0.0,13.65,2.41,0.0
20071001:0310,0.0,0.0,0.0,0.0,13.73,2.48,0.0
20071001:0410,0.0,0.0,0.0,0.0,13.92,2.41,0.0
20071001:0510,0.0,0.0,0.0,0.0,14.04,2.21,0.0
20071001:0610,0.0,3.0,0.0,2.76,14.15,2.21,0.0
20071001:0710,20.0,87.0,0.0,12.38,14.76,2.14,0.0
20071001:0810,0.0,82.0,0.0,21.3,15.51,2.07,0.0
20071001:0910,0.0,82.0,0.0,28.99,16.33,2.0,0.0
20071001:1010,0.0,69.0,0.0,34.76,16.94,2.34,0.0
20071001:1110,0.0,120.0,0.0,37.88,17.99,2.97,0.0
20071001:1210,91.0,296.0,0.0,37.83,19.63,3.59,0.0
20071001:1310,13.0,235.0,0.0,34.62,20.88,3.72,0.0
20071001:1410,192.0,190.0,0.0,28.77,21.38,3.1,0.0
20071001:1510,70.0,160.0,0.0,21.04,21.46,2.41,0.0
20071001:1610,36.0,87.0,0.0,12.09,21.19,1.86,0.0
20071001:1710,0.0,3.0,0.0,2.46,20.1,2.21,0.0
20071001:1810,0.0,0.0,0.0,0.0,18.63,2.14,0.0
20071001:1910,0.0,0.0,0.0,0.0,17.63,1.66,0.0
20071001:2010,0.0,0.0,0.0,0.0,17.1,1.38,0.0
20071001:2110,0.0,0.0,0.0,0.0,16.77,1.1,0.0
20071001:2210,0.0,0.0,0.0,0.0,15.83,1.52,0.0
20071001:2310,0.0,0.0,0.0,0.0,15.14,1.66,0.0
20071002:0010,0.0,0.0,0.0,0.0,14.42,1.52,0.0
20071002:0110,0.0,0.0,0.0,0.0,14.08,1.1,0.0
20071002:0210,0.0,0.0,0.0,0.0,13.95,0.9,0.0
20071002:0310,0.0,0.0,0.0,0.0,13.87,0.83,0.0
20071002:0410,0.0,0.0,0.0,0.0,13.85,0.55,0.0
20071002:0510,0.0,0.0,0.0,0.0,14.0,0.07,0.0
20071002:0610,0.0,2.0,0.0,2.52,14.0,0.14,0.0
20071002:0710,0.0,53.0,0.0,12.13,14.7,0.9,0.0
20071002:0810,0.0,101.0,0.0,21.02,15.47,1.24,0.0
20071002:0910,34.0,218.0,0.0,28.68,16.35,1.38,0.0
20071002:1010,167.0,253.0,0.0,34.41,17.8,1.45,0.0
20071002:1110,104.0,293.0,0.0,37.51,18.41,1.24,0.0
20071002:1210,8.0,240.0,0.0,37.44,18.29,1.31,0.0
20071002:1310,0.0,134.0,0.0,34.22,17.88,1.24,0.0
20071002:1410,1.0,147.0,0.0,28.39,17.68,1.38,0.0
20071002:1510,8.0,136.0,0.0,20.68,17.75,1.93,0.0
20071002:1610,3.0,70.0,0.0,11.74,17.88,2.07,0.0
20071002:1710,0.0,7.0,0.0,2.11,17.61,1.66,0.0
20071002:1810,0.0,0.0,0.0,0.0,17.09,1.66,0.0
20071002:1910,0.0,0.0,0.0,0.0,17.19,0.55,0.0
20071002:2010,0.0,0.0,0.0,0.0,17.13,0.48,0.0
20071002:2110,0.0,0.0,0.0,0.0,17.06,0.34,0.0
20071002:2210,0.0,0.0,0.0,0.0,16.8,0.41,0.0
20071002:2310,0.0,0.0,0.0,0.0,16.21,0.62,0.0
20071003:0010,0.0,0.0,0.0,0.0,15.58,1.1,0.0
20071003:0110,0.0,0.0,0.0,0.0,15.42,1.24,0.0
20071003:0210,0.0,0.0,0.0,0.0,15.52,1.31,0.0
20071003:0310,0.0,0.0,0.0,0.0,15.81,1.31,0.0
20071003:0410,0.0,0.0,0.0,0.0,15.88,1.24,0.0
20071003:0510,0.0,0.0,0.0,0.0,15.93,1.24,0.0
20071003:0610,0.0,3.0,0.0,2.28,15.84,1.24,0.0
20071003:0710,0.0,25.0,0.0,11.87,14.73,1.45,0.0
20071003:0810,5.0,128.0,0.0,20.75,15.35,1.52,0.0
20071003:0910,0.0,75.0,0.0,28.37,15.96,1.79,0.0
20071003:1010,0.0,157.0,0.0,34.07,17.25,1.72,0.0
20071003:1110,1.0,200.0,0.0,37.13,18.11,1.45,0.0
20071003:1210,0.0,181.0,0.0,37.04,19.09,1.72,0.0
20071003:1310,14.0,233.0,0.0,33.83,19.95,1.93,0.0
20071003:1410,10.0,189.0,0.0,28.01,20.34,1.59,0.0
20071003:1510,0.0,62.0,0.0,20.31,20.58,1.24,0.0
20071003:1610,83.0,65.0,0.0,11.39,20.43,0.9,0.0
20071003:1710,0.0,8.0,0.0,1.77,19.95,0.62,0.0
20071003:1810,0.0,0.0,0.0,0.0,19.28,0.28,0.0
20071003:1910,0.0,0.0,0.0,0.0,16.54,2.0,0.0
20071003:2010,0.0,0.0,0.0,0.0,16.3,2.0,0.0
20071003:2110,0.0,0.0,0.0,0.0,15.87,2.0,0.0
20071003:2210,0.0,0.0,0.0,0.0,15.37,1.93,0.0
20071003:2310,0.0,0.0,0.0,0.0,15.01,1.86,0.0
20071004:0010,0.0,0.0,0.0,0.0,14.32,1.93,0.0
20071004:0110,0.0,0.0,0.0,0.0,13.99,1.79,0.0
20071004:0210,0.0,0.0,0.0,0.0,13.66,1.72,0.0
20071004:0310,0.0,0.0,0.0,0.0,13.72,1.79,0.0
20071004:0410,0.0,0.0,0.0,0.0,13.73,2.07,0.0
20071004:0510,0.0,0.0,0.0,0.0,13.76,2.07,0.0
20071004:0610,0.0,3.0,0.0,2.04,13.76,2.14,0.0
20071004:0710,3.0,69.0,0.0,11.62,13.98,2.41,0.0
20071004:0810,0.0,97.0,0.0,20.47,14.07,3.1,0.0
20071004:0910,1.0,148.0,0.0,28.06,14.77,3.31,0.0
20071004:1010,1.0,180.0,0.0,33.72,15.71,2.9,0.0
20071004:1110,0.0,119.0,0.0,36.75,16.54,2.69,0.0
20071004:1210,0.0,143.0,0.0,36.65,17.28,2.9,0.0
20071004:1310,3.0,200.0,0.0,33.44,18.02,3.03,0.0
20071004:1410,4.0,170.0,0.0,27.63,18.39,3.1,0.0
20071004:1510,5.0,128.0,0.0,19.95,18.37,2.97,0.0
20071004:1610,6.0,70.0,0.0,11.04,17.97,3.03,0.0
20071004:1710,0.0,4.0,0.0,1.43,16.93,2.69,0.0
20071004:1810,0.0,0.0,0.0,0.0,15.52,2.83,0.0
20071004:1910,0.0,0.0,0.0,0.0,14.86,2.69,0.0
20071004:2010,0.0,0.0,0.0,0.0,14.37,2.48,0.0
20071004:2110,0.0,0.0,0.0,0.0,13.79,2.48,0.0
20071004:2210,0.0,0.0,0.0,0.0,13.92,2.62,0.0
20071004:2310,0.0,0.0,0.0,0.0,13.86,2.83,0.0
20071005:0010,0.0,0.0,0.0,0.0,13.87,3.03,0.0
20071005:0110,0.0,0.0,0.0,0.0,13.97,3.24,0.0
20071005:0210,0.0,0.0,0.0,0.0,13.84,3.24,0.0
20071005:0310,0.0,0.0,0.0,0.0,13.5,3.24,0.0
20071005:0410,0.0,0.0,0.0,0.0,13.25,3.1,0.0
20071005:0510,0.0,0.0,0.0,0.0,12.81,3.03,0.0
20071005:0610,0.0,7.0,0.0,1.8,12.79,3.1,0.0
20071005:0710,88.0,62.0,0.0,11.36,13.08,3.31,0.0
20071005:0810,208.01,94.0,0.0,20.19,14.37,4.55,0.0
20071005:0910,320.01,115.0,0.0,27.75,15.8,4.62,0.0
20071005:1010,41.0,259.0,0.0,33.38,17.44,4.69,0.0
20071005:1110,220.01,256.0,0.0,36.38,18.34,4.55,0.0
20071005:1210,494.01,108.0,0.0,36.26,19.19,4.48,0.0
20071005:1310,414.01,119.0,0.0,33.05,19.75,4.48,0.0
20071005:1410,104.0,213.0,0.0,27.26,19.68,4.48,0.0
20071005:1510,28.0,149.0,0.0,19.59,19.41,4.41,0.0
20071005:1610,84.0,59.0,0.0,10.69,18.93,4.07,0.0
20071005:1710,0.0,0.0,0.0,0.0,17.86,3.38,0.0
20071005:1810,0.0,0.0,0.0,0.0,16.72,3.24,0.0
20071005:1910,0.0,0.0,0.0,0.0,16.85,3.66,0.0
20071005:2010,0.0,0.0,0.0,0.0,16.59,3.72,0.0
20071005:2110,0.0,0.0,0.0,0.0,16.21,3.66,0.0
20071005:2210,0.0,0.0,0.0,0.0,15.69,3.52,0.0
20071005:2310,0.0,0.0,0.0,0.0,15.38,3.45,0.0
20071006:0010,0.0,0.0,0.0,0.0,14.99,3.31,0.0
20071006:0110,0.0,0.0,0.0,0.0,14.52,3.17,0.0
20071006:0210,0.0,0.0,0.0,0.0,14.04,3.17,0.0
20071006:0310,0.0,0.0,0.0,0.0,13.38,3.1,0.0
20071006:0410,0.0,0.0,0.0,0.0,12.9,3.03,0.0
20071006:0510,0.0,0.0,0.0,0.0,12.28,2.9,0.0
20071006:0610,0.0,5.0,0.0,1.55,11.61,2.83,0.0
20071006:0710,89.0,60.0,0.0,11.11,11.14,2.69,0.0
20071006:0810,219.01,88.0,0.0,19.91,12.2,3.17,0.0
20071006:0910,357.01,95.0,0.0,27.44,13.68,3.24,0.0
20071006:1010,429.01,112.0,0.0,33.03,15.21,3.03,0.0
20071006:1110,476.01,116.0,0.0,36.0,16.62,3.03,0.0
20071006:1210,468.01,119.0,0.0,35.87,17.79,3.03,0.0
20071006:1310,424.01,112.0,0.0,32.66,18.57,3.17,0.0
20071006:1410,332.01,103.0,0.0,26.88,19.04,3.24,0.0
20071006:1510,205.01,89.0,0.0,19.23,19.05,3.1,0.0
20071006:1610,91.0,53.0,0.0,10.34,18.58,2.62,0.0
20071006:1710,0.0,0.0,0.0,0.0,17.35,2.34,0.0
20071006:1810,0.0,0.0,0.0,0.0,15.58,2.62,0.0
20071006:1910,0.0,0.0,0.0,0.0,14.64,2.48,0.0
20071006:2010,0.0,0.0,0.0,0.0,13.98,2.41,0.0
20071006:2110,0.0,0.0,0.0,0.0,13.29,2.41,0.0
20071006:2210,0.0,0.0,0.0,0.0,12.79,2.28,0.0
20071006:2310,0.0,0.0,0.0,0.0,12.1,2.21,0.0
20071007:0010,0.0,0.0,0.0,0.0,11.46,2.14,0.0
20071007:0110,0.0,0.0,0.0,0.0,10.92,2.07,0.0
20071007:0210,0.0,0.0,0.0,0.0,10.34,2.0,0.0
20071007:0310,0.0,0.0,0.0,0.0,9.76,1.93,0.0
20071007:0410,0.0,0.0,0.0,0.0,9.17,1.93,0.0
20071007:0510,0.0,0.0,0.0,0.0,8.61,1.86,0.0
20071007:0610,0.0,0.0,0.0,0.0,8.06,1.86,0.0
20071007:0710,97.0,56.0,0.0,10.85,8.16,1.59,0.0
20071007:0810,226.01,85.0,0.0,19.63,10.64,1.52,0.0
20071007:0910,352.01,99.0,0.0,27.12,12.71,1.45,0.0
20071007:1010,433.01,113.0,0.0,32.68,14.68,1.31,0.0
20071007:1110,474.01,120.0,0.0,35.62,16.26,1.17,0.0
20071007:1210,465.01,124.0,0.0,35.48,17.35,1.03,0.0
20071007:1310,433.01,110.0,0.0,32.27,18.04,0.69,0.0
20071007:1410,339.01,100.0,0.0,26.51,18.39,0.76,0.0
20071007:1510,210.01,86.0,0.0,18.87,18.4,1.1,0.0
20071007:1610,93.0,51.0,0.0,10.0,18.02,1.38,0.0
20071007:1710,0.0,0.0,0.0,0.0,16.86,1.72,0.0
20071007:1810,0.0,0.0,0.0,0.0,15.04,2.0,0.0
20071007:1910,0.0,0.0,0.0,0.0,13.64,1.72,0.0
20071007:2010,0.0,0.0,0.0,0.0,12.0,1.72,0.0
20071007:2110,0.0,0.0,0.0,0.0,11.0,1.66,0.0
20071007:2210,0.0,0.0,0.0,0.0,10.41,1.52,0.0
20071007:2310,0.0,0.0,0.0,0.0,9.82,1.52,0.0
20071008:0010,0.0,0.0,0.0,0.0,9.02,1.59,0.0
20071008:0110,0.0,0.0,0.0,0.0,8.53,1.52,0.0
20071008:0210,0.0,0.0,0.0,0.0,8.21,1.38,0.0
20071008:0310,0.0,0.0,0.0,0.0,7.87,1.45,0.0
20071008:0410,0.0,0.0,0.0,0.0,7.77,1.38,0.0
20071008:0510,0.0,0.0,0.0,0.0,7.38,1.38,0.0
20071008:0610,0.0,0.0,0.0,0.0,7.43,1.38,0.0
20071008:0710,19.0,75.0,0.0,10.59,8.38,1.31,0.0
20071008:0810,21.0,145.0,0.0,19.35,9.87,1.24,0.0
20071008:0910,139.0,199.0,0.0,26.81,11.4,1.24,0.0
20071008:1010,224.01,218.0,0.0,32.34,13.68,1.38,0.0
20071008:1110,357.01,179.0,0.0,35.25,15.47,1.59,0.0
20071008:1210,199.0,256.0,0.0,35.09,16.64,1.86,0.0
20071008:1310,182.0,233.0,0.0,31.89,16.96,2.14,0.0
20071008:1410,92.0,207.0,0.0,26.13,17.1,2.55,0.0
20071008:1510,29.0,143.0,0.0,18.51,16.63,2.83,0.0
20071008:1610,40.0,67.0,0.0,9.65,16.2,2.76,0.0
20071008:1710,0.0,0.0,0.0,0.0,15.32,2.21,0.0
20071008:1810,0.0,0.0,0.0,0.0,14.69,2.07,0.0
20071008:1910,0.0,0.0,0.0,0.0,14.35,2.07,0.0
20071008:2010,0.0,0.0,0.0,0.0,13.76,1.86,0.0
20071008:2110,0.0,0.0,0.0,0.0,13.23,1.79,0.0
20071008:2210,0.0,0.0,0.0,0.0,12.92,1.79,0.0
20071008:2310,0.0,0.0,0.0,0.0,12.53,1.79,0.0
20071009:0010,0.0,0.0,0.0,0.0,11.87,1.93,0.0
20071009:0110,0.0,0.0,0.0,0.0,11.62,1.86,0.0
20071009:0210,0.0,0.0,0.0,0.0,11.58,1.79,0.0
20071009:0310,0.0,0.0,0.0,0.0,11.29,1.86,0.0
20071009:0410,0.0,0.0,0.0,0.0,11.28,1.79,0.0
20071009:0510,0.0,0.0,0.0,0.0,11.41,1.86,0.0
20071009:0610,0.0,0.0,0.0,0.0,11.49,1.66,0.0
20071009:0710,4.0,63.0,0.0,10.33,11.52,1.66,0.0
20071009:0810,71.0,144.0,0.0,19.07,12.37,1.66,0.0
20071009:0910,54.0,210.0,0.0,26.5,13.42,1.93,0.0
20071009:1010,91.0,255.0,0.0,31.99,14.79,2.14,0.0
20071009:1110,231.01,237.0,0.0,34.88,15.96,2.28,0.0
20071009:1210,166.0,262.0,0.0,34.7,16.48,2.14,0.0
20071009:1310,290.01,174.0,0.0,31.5,17.21,2.28,0.0
20071009:1410,4.0,157.0,0.0,25.76,17.53,2.14,0.0
20071009:1510,53.0,140.0,0.0,18.16,17.66,2.76,0.0
20071009:1610,11.0,63.0,0.0,9.31,17.34,2.62,0.0
20071009:1710,0.0,0.0,0.0,0.0,16.4,2.97,0.0
20071009:1810,0.0,0.0,0.0,0.0,15.21,3.38,0.0
20071009:1910,0.0,0.0,0.0,0.0,14.58,3.72,0.0
20071009:2010,0.0,0.0,0.0,0.0,14.35,4.0,0.0
20071009:2110,0.0,0.0,0.0,0.0,14.09,4.0,0.0
20071009:2210,0.0,0.0,0.0,0.0,13.11,4.76,0.0
20071009:2310,0.0,0.0,0.0,0.0,11.91,3.72,0.0
20071010:0010,0.0,0.0,0.0,0.0,10.9,2.55,0.0
20071010:0110,0.0,0.0,0.0,0.0,10.24,2.55,0.0
20071010:0210,0.0,0.0,0.0,0.0,9.73,2.55,0.0
20071010:0310,0.0,0.0,0.0,0.0,9.25,2.48,0.0
20071010:0410,0.0,0.0,0.0,0.0,8.94,2.41,0.0
20071010:0510,0.0,0.0,0.0,0.0,8.87,2.34,0.0
20071010:0610,0.0,0.0,0.0,0.0,8.8,2.07,0.0
20071010:0710,18.0,71.0,0.0,10.07,9.07,1.31,0.0
20071010:0810,44.0,147.0,0.0,18.78,11.07,2.41,0.0
20071010:0910,5.0,167.0,0.0,26.19,12.28,2.28,0.0
20071010:1010,78.0,256.0,0.0,31.65,13.51,2.41,0.0
20071010:1110,123.0,276.0,0.0,34.5,14.74,2.9,0.0
20071010:1210,260.01,223.0,0.0,34.32,15.65,3.31,0.0
20071010:1310,340.01,146.0,0.0,31.12,16.08,3.52,0.0
20071010:1410,216.01,153.0,0.0,25.4,16.0,3.59,0.0
20071010:1510,190.01,83.0,0.0,17.81,15.82,3.66,0.0
20071010:1610,59.0,54.0,0.0,8.98,15.51,3.24,0.0
20071010:1710,0.0,0.0,0.0,0.0,14.73,2.83,0.0
20071010:1810,0.0,0.0,0.0,0.0,13.48,2.76,0.0
20071010:1910,0.0,0.0,0.0,0.0,13.43,2.83,0.0
20071010:2010,0.0,0.0,0.0,0.0,13.11,2.76,0.0
20071010:2110,0.0,0.0,0.0,0.0,13.24,2.69,0.0
20071010:2210,0.0,0.0,0.0,0.0,13.29,2.55,0.0
20071010:2310,0.0,0.0,0.0,0.0,13.15,2.34,0.0
20071011:0010,0.0,0.0,0.0,0.0,12.57,2.34,0.0
20071011:0110,0.0,0.0,0.0,0.0,12.05,2.48,0.0
20071011:0210,0.0,0.0,0.0,0.0,11.5,2.62,0.0
20071011:0310,0.0,0.0,0.0,0.0,11.09,2.62,0.0
20071011:0410,0.0,0.0,0.0,0.0,10.72,2.69,0.0
20071011:0510,0.0,0.0,0.0,0.0,10.59,2.69,0.0
20071011:0610,0.0,0.0,0.0,0.0,10.46,2.62,0.0
20071011:0710,11.0,68.0,0.0,9.81,10.83,2.55,0.0
20071011:0810,28.0,142.0,0.0,18.5,11.61,2.83,0.0
20071011:0910,38.0,204.0,0.0,25.87,12.74,2.83,0.0
20071011:1010,270.01,187.0,0.0,31.3,13.92,2.62,0.0
20071011:1110,483.01,98.0,0.0,34.13,15.12,2.76,0.0
20071011:1210,480.01,98.0,0.0,33.94,16.17,3.24,0.0
20071011:1310,409.01,104.0,0.0,30.74,16.77,3.38,0.0
20071011:1410,278.01,114.0,0.0,25.03,16.6,3.38,0.0
20071011:1510,157.0,96.0,0.0,17.46,16.43,3.31,0.0
20071011:1610,22.0,61.0,0.0,8.64,16.07,3.03,0.0
20071011:1710,0.0,0.0,0.0,0.0,15.24,2.76,0.0
20071011:1810,0.0,0.0,0.0,0.0,14.45,2.83,0.0
20071011:1910,0.0,0.0,0.0,0.0,13.83,2.48,0.0
20071011:2010,0.0,0.0,0.0,0.0,13.44,2.21,0.0
20071011:2110,0.0,0.0,0.0,0.0,13.05,2.0,0.0
20071011:2210,0.0,0.0,0.0,0.0,12.61,2.14,0.0
20071011:2310,0.0,0.0,0.0,0.0,12.26,2.21,0.0
20071012:0010,0.0,0.0,0.0,0.0,12.05,1.93,0.0
20071012:0110,0.0,0.0,0.0,0.0,11.8,1.79,0.0
20071012:0210,0.0,0.0,0.0,0.0,11.12,2.07,0.0
20071012:0310,0.0,0.0,0.0,0.0,10.84,2.0,0.0
20071012:0410,0.0,0.0,0.0,0.0,10.47,1.79,0.0
20071012:0510,0.0,0.0,0.0,0.0,9.99,1.66,0.0
20071012:0610,0.0,0.0,0.0,0.0,9.28,1.72,0.0
20071012:0710,15.0,66.0,0.0,9.55,10.17,1.45,0.0
20071012:0810,105.0,127.0,0.0,18.22,11.0,1.93,0.0
20071012:0910,286.01,112.0,0.0,25.56,11.57,1.86,0.0
20071012:1010,8.0,203.0,0.0,30.96,12.62,1.86,0.0
20071012:1110,108.0,270.0,0.0,33.76,13.37,2.07,0.0
20071012:1210,207.01,238.0,0.0,33.55,13.85,2.41,0.0
20071012:1310,162.0,225.0,0.0,30.36,14.31,2.69,0.0
20071012:1410,118.0,186.0,0.0,24.67,14.76,2.69,0.0
20071012:1510,40.0,132.0,0.0,17.11,15.05,2.55,0.0
20071012:1610,23.0,58.0,0.0,8.31,15.03,2.34,0.0
20071012:1710,0.0,0.0,0.0,0.0,14.77,1.86,0.0
20071012:1810,0.0,0.0,0.0,0.0,14.49,1.79,0.0
20071012:1910,0.0,0.0,0.0,0.0,13.9,2.0,0.0
20071012:2010,0.0,0.0,0.0,0.0,13.8,2.07,0.0
20071012:2110,0.0,0.0,0.0,0.0,13.63,2.21,0.0
20071012:2210,0.0,0.0,0.0,0.0,13.58,2.34,0.0
20071012:2310,0.0,0.0,0.0,0.0,13.45,2.41,0.0
20071013:0010,0.0,0.0,0.0,0.0,13.34,2.34,0.0
20071013:0110,0.0,0.0,0.0,0.0,13.24,2.21,0.0
20071013:0210,0.0,0.0,0.0,0.0,13.1,2.14,0.0
20071013:0310,0.0,0.0,0.0,0.0,13.01,2.07,0.0
20071013:0410,0.0,0.0,0.0,0.0,12.72,2.07,0.0
20071013:0510,0.0,0.0,0.0,0.0,12.64,2.07,0.0
20071013:0610,0.0,0.0,0.0,0.0,12.41,2.07,0.0
20071013:0710,36.0,63.0,0.0,9.29,12.62,2.28,0.0
20071013:0810,152.0,102.0,0.0,17.93,13.24,2.9,0.0
20071013:0910,190.01,162.0,0.0,25.25,13.76,3.24,0.0
20071013:1010,4.0,187.0,0.0,30.61,13.95,3.1,0.0
20071013:1110,0.0,87.0,0.0,33.39,14.36,2.97,0.0
20071013:1210,0.0,108.0,0.0,33.17,14.67,2.9,0.0
20071013:1310,1.0,161.0,0.0,29.99,14.91,2.83,0.0
20071013:1410,135.0,178.0,0.0,24.31,15.21,2.97,0.0
20071013:1510,162.01,85.0,0.0,16.77,15.27,3.03,0.0
20071013:1610,59.0,45.0,0.0,7.98,15.13,2.83,0.0
20071013:1710,0.0,0.0,0.0,0.0,14.7,2.14,0.0
20071013:1810,0.0,0.0,0.0,0.0,14.05,1.93,0.0
20071013:1910,0.0,0.0,0.0,0.0,13.93,2.14,0.0
20071013:2010,0.0,0.0,0.0,0.0,13.47,2.28,0.0
20071013:2110,0.0,0.0,0.0,0.0,12.93,2.34,0.0
20071013:2210,0.0,0.0,0.0,0.0,12.06,2.41,0.0
20071013:2310,0.0,0.0,0.0,0.0,11.53,2.41,0.0
20071014:0010,0.0,0.0,0.0,0.0,10.81,2.41,0.0
20071014:0110,0.0,0.0,0.0,0.0,10.27,2.41,0.0
20071014:0210,0.0,0.0,0.0,0.0,9.73,2.48,0.0
20071014:0310,0.0,0.0,0.0,0.0,9.25,2.55,0.0
20071014:0410,0.0,0.0,0.0,0.0,8.85,2.48,0.0
20071014:0510,0.0,0.0,0.0,0.0,8.48,2.41,0.0
20071014:0610,0.0,0.0,0.0,0.0,8.12,2.34,0.0
20071014:0710,67.0,50.0,0.0,9.03,8.41,2.41,0.0
20071014:0810,184.01,84.0,0.0,17.65,10.05,2.48,0.0
20071014:0910,309.01,97.0,0.0,24.93,12.04,2.69,0.0
20071014:1010,382.01,113.0,0.0,30.27,13.8,2.48,0.0
20071014:1110,425.01,118.0,0.0,33.03,15.4,2.34,0.0
20071014:1210,422.01,118.0,0.0,32.8,16.68,2.28,0.0
20071014:1310,377.01,110.0,0.0,29.62,17.56,2.34,0.0
20071014:1410,283.01,100.0,0.0,23.95,18.07,2.34,0.0
20071014:1510,166.01,80.0,0.0,16.42,18.2,2.34,0.0
20071014:1610,53.0,44.0,0.0,7.65,17.73,1.86,0.0
20071014:1710,0.0,0.0,0.0,0.0,16.16,2.28,0.0
20071014:1810,0.0,0.0,0.0,0.0,14.6,2.41,0.0
20071014:1910,0.0,0.0,0.0,0.0,13.51,2.28,0.0
20071014:2010,0.0,0.0,0.0,0.0,12.68,2.21,0.0
20071014:2110,0.0,0.0,0.0,0.0,11.99,2.28,0.0
20071014:2210,0.0,0.0,0.0,0.0,11.56,2.28,0.0
20071014:2310,0.0,0.0,0.0,0.0,11.2,2.28,0.0
20071015:0010,0.0,0.0,0.0,0.0,10.92,2.28,0.0
20071015:0110,0.0,0.0,0.0,0.0,10.68,2.28,0.0
20071015:0210,0.0,0.0,0.0,0.0,10.44,2.28,0.0
20071015:0310,0.0,0.0,0.0,0.0,10.22,2.28,0.0
20071015:0410,0.0,0.0,0.0,0.0,10.09,2.34,0.0
20071015:0510,0.0,0.0,0.0,0.0,9.97,2.48,0.0
20071015:0610,0.0,0.0,0.0,0.0,9.97,2.62,0.0
20071015:0710,62.0,49.0,0.0,8.77,10.65,2.83,0.0
20071015:0810,180.01,82.0,0.0,17.36,12.54,2.83,0.0
20071015:0910,257.01,121.0,0.0,24.62,14.64,4.0,0.0
20071015:1010,4.0,184.0,0.0,29.93,16.09,4.83,0.0
20071015:1110,0.0,86.0,0.0,32.66,17.11,4.97,0.0
20071015:1210,0.0,111.0,0.0,32.42,17.36,5.03,0.0
20071015:1310,12.0,204.0,0.0,29.25,17.28,4.83,0.0
20071015:1410,26.0,182.0,0.0,23.59,17.15,4.62,0.0
20071015:1510,65.0,121.0,0.0,16.09,16.83,4.48,0.0
20071015:1610,42.0,45.0,0.0,7.33,16.06,3.59,0.0
20071015:1710,0.0,0.0,0.0,0.0,14.45,3.17,0.0
20071015:1810,0.0,0.0,0.0,0.0,13.37,2.83,0.0
20071015:1910,0.0,0.0,0.0,0.0,12.02,2.28,0.0
20071015:2010,0.0,0.0,0.0,0.0,11.8,1.72,0.0
20071015:2110,0.0,0.0,0.0,0.0,10.87,1.93,0.0
20071015:2210,0.0,0.0,0.0,0.0,10.01,2.14,0.0
20071015:2310,0.0,0.0,0.0,0.0,9.3,2.21,0.0
20071016:0010,0.0,0.0,0.0,0.0,8.88,2.28,0.0
20071016:0110,0.0,0.0,0.0,0.0,8.74,2.34,0.0
20071016:0210,0.0,0.0,0.0,0.0,8.65,2.34,0.0
20071016:0310,0.0,0.0,0.0,0.0,8.65,2.21,0.0
20071016:0410,0.0,0.0,0.0,0.0,8.52,2.14,0.0
20071016:0510,0.0,0.0,0.0,0.0,8.7,2.0,0.0
20071016:0610,0.0,0.0,0.0,0.0,8.89,2.07,0.0
20071016:0710,54.0,50.0,0.0,8.51,9.81,2.21,0.0
20071016:0810,169.01,84.0,0.0,17.08,11.65,2.34,0.0
20071016:0910,292.01,98.0,0.0,24.31,14.11,3.03,0.0
20071016:1010,368.01,112.0,0.0,29.58,16.09,3.45,0.0
20071016:1110,416.01,115.0,0.0,32.3,17.7,3.66,0.0
20071016:1210,412.01,115.0,0.0,32.05,18.86,3.86,0.0
20071016:1310,362.01,109.0,0.0,28.88,19.49,4.07,0.0
20071016:1410,246.01,112.0,0.0,23.24,19.84,4.21,0.0
20071016:1510,148.01,82.0,0.0,15.75,19.71,4.14,0.0
20071016:1610,45.0,41.0,0.0,7.01,19.01,3.38,0.0
20071016:1710,0.0,0.0,0.0,0.0,17.68,3.24,0.0
20071016:1810,0.0,0.0,0.0,0.0,16.55,3.17,0.0
20071016:1910,0.0,0.0,0.0,0.0,15.13,3.24,0.0
20071016:2010,0.0,0.0,0.0,0.0,14.36,3.31,0.0
20071016:2110,0.0,0.0,0.0,0.0,14.58,3.38,0.0
20071016:2210,0.0,0.0,0.0,0.0,14.73,3.45,0.0
20071016:2310,0.0,0.0,0.0,0.0,14.62,3.52,0.0
20071017:0010,0.0,0.0,0.0,0.0,14.56,3.86,0.0
20071017:0110,0.0,0.0,0.0,0.0,14.17,3.93,0.0
20071017:0210,0.0,0.0,0.0,0.0,13.91,4.07,0.0
20071017:0310,0.0,0.0,0.0,0.0,13.48,4.14,0.0
20071017:0410,0.0,0.0,0.0,0.0,13.2,4.34,0.0
20071017:0510,0.0,0.0,0.0,0.0,12.92,4.48,0.0
20071017:0610,0.0,0.0,0.0,0.0,12.79,4.48,0.0
20071017:0710,31.0,55.0,0.0,8.24,13.57,4.62,0.0
20071017:0810,23.0,127.0,0.0,16.79,13.9,5.38,0.0
20071017:0910,123.0,178.0,0.0,24.0,14.47,5.72,0.0
20071017:1010,15.0,209.0,0.0,29.24,15.11,5.17,0.0
20071017:1110,0.0,97.0,0.0,31.93,15.79,5.52,0.0
20071017:1210,0.0,83.0,0.0,31.68,16.54,5.86,0.0
20071017:1310,0.0,114.0,0.0,28.52,15.97,5.72,0.0
20071017:1410,0.0,101.0,0.0,22.89,15.13,5.03,0.0
20071017:1510,0.0,73.0,0.0,15.42,14.58,4.48,0.0
20071017:1610,4.0,41.0,0.0,6.69,14.23,4.07,0.0
20071017:1710,0.0,0.0,0.0,0.0,13.77,3.24,0.0
20071017:1810,0.0,0.0,0.0,0.0,13.15,2.97,0.0
20071017:1910,0.0,0.0,0.0,0.0,12.3,3.31,0.0
20071017:2010,0.0,0.0,0.0,0.0,11.7,2.9,0.0
20071017:2110,0.0,0.0,0.0,0.0,11.28,2.34,0.0
20071017:2210,0.0,0.0,0.0,0.0,10.6,2.14,0.0
20071017:2310,0.0,0.0,0.0,0.0,10.14,2.21,0.0
20071018:0010,0.0,0.0,0.0,0.0,10.13,2.28,0.0
20071018:0110,0.0,0.0,0.0,0.0,10.3,2.34,0.0
20071018:0210,0.0,0.0,0.0,0.0,10.24,2.48,0.0
20071018:0310,0.0,0.0,0.0,0.0,9.78,2.48,0.0
20071018:0410,0.0,0.0,0.0,0.0,9.38,2.34,0.0
20071018:0510,0.0,0.0,0.0,0.0,8.74,2.21,0.0
20071018:0610,0.0,0.0,0.0,0.0,7.97,2.21,0.0
20071018:0710,62.0,43.0,0.0,7.98,7.1,2.21,0.0
20071018:0810,175.01,79.0,0.0,16.51,8.54,2.07,0.0
20071018:0910,299.01,93.0,0.0,23.68,10.4,2.62,0.0
20071018:1010,213.01,196.0,0.0,28.9,11.73,3.03,0.0
20071018:1110,271.01,196.0,0.0,31.57,12.76,3.17,0.0
20071018:1210,110.0,256.0,0.0,31.31,13.24,3.03,0.0
20071018:1310,112.0,227.0,0.0,28.15,13.27,3.03,0.0
20071018:1410,125.0,169.0,0.0,22.54,13.41,3.17,0.0
20071018:1510,46.0,118.0,0.0,15.09,13.23,3.17,0.0
20071018:1610,14.0,44.0,0.0,6.38,12.88,2.76,0.0
20071018:1710,0.0,0.0,0.0,0.0,12.16,2.48,0.0
20071018:1810,0.0,0.0,0.0,0.0,11.11,2.41,0.0
20071018:1910,0.0,0.0,0.0,0.0,9.81,2.55,0.0
20071018:2010,0.0,0.0,0.0,0.0,9.02,2.69,0.0
20071018:2110,0.0,0.0,0.0,0.0,8.64,2.76,0.0
20071018:2210,0.0,0.0,0.0,0.0,8.01,2.69,0.0
20071018:2310,0.0,0.0,0.0,0.0,7.43,2.62,0.0
20071019:0010,0.0,0.0,0.0,0.0,6.85,2.41,0.0
20071019:0110,0.0,0.0,0.0,0.0,6.31,2.34,0.0
20071019:0210,0.0,0.0,0.0,0.0,5.84,2.28,0.0
20071019:0310,0.0,0.0,0.0,0.0,5.6,2.34,0.0
20071019:0410,0.0,0.0,0.0,0.0,5.32,2.41,0.0
20071019:0510,0.0,0.0,0.0,0.0,5.16,2.41,0.0
20071019:0610,0.0,0.0,0.0,0.0,5.08,2.34,0.0
20071019:0710,59.0,42.0,0.0,7.72,5.02,2.07,0.0
20071019:0810,167.01,79.0,0.0,16.23,6.73,2.07,0.0
20071019:0910,22.0,177.0,0.0,23.37,9.03,2.41,0.0
20071019:1010,52.0,232.0,0.0,28.57,10.83,3.45,0.0
20071019:1110,58.0,255.0,0.0,31.21,11.71,3.45,0.0
20071019:1210,147.0,241.0,0.0,30.94,11.97,3.24,0.0
20071019:1310,205.01,187.0,0.0,27.79,12.36,3.31,0.0
20071019:1410,22.0,170.0,0.0,22.2,12.26,3.59,0.0
20071019:1510,2.0,88.0,0.0,14.76,12.24,3.45,0.0
20071019:1610,17.0,41.0,0.0,6.07,11.79,2.76,0.0
20071019:1710,0.0,0.0,0.0,0.0,11.15,2.62,0.0
20071019:1810,0.0,0.0,0.0,0.0,10.37,2.62,0.0
20071019:1910,0.0,0.0,0.0,0.0,9.88,2.48,0.0
20071019:2010,0.0,0.0,0.0,0.0,9.39,2.41,0.0
20071019:2110,0.0,0.0,0.0,0.0,8.78,2.34,0.0
20071019:2210,0.0,0.0,0.0,0.0,7.83,2.48,0.0
20071019:2310,0.0,0.0,0.0,0.0,7.03,2.69,0.0
20071020:0010,0.0,0.0,0.0,0.0,6.4,2.76,0.0
20071020:0110,0.0,0.0,0.0,0.0,5.9,2.83,0.0
20071020:0210,0.0,0.0,0.0,0.0,5.53,2.9,0.0
20071020:0310,0.0,0.0,0.0,0.0,5.17,2.9,0.0
20071020:0410,0.0,0.0,0.0,0.0,4.81,2.83,0.0
20071020:0510,0.0,0.0,0.0,0.0,4.59,2.83,0.0
20071020:0610,0.0,0.0,0.0,0.0,4.34,2.83,0.0
20071020:0710,54.0,41.0,0.0,7.45,4.23,2.9,0.0
20071020:0810,175.01,74.0,0.0,15.94,5.43,4.07,0.0
20071020:0910,246.01,116.0,0.0,23.06,6.37,4.07,0.0
20071020:1010,259.01,167.0,0.0,28.23,7.35,3.86,0.0
20071020:1110,346.01,148.0,0.0,30.86,8.45,3.66,0.0
20071020:1210,342.01,148.0,0.0,30.58,9.51,3.72,0.0
20071020:1310,322.01,124.0,0.0,27.44,10.2,3.72,0.0
20071020:1410,249.01,101.0,0.0,21.86,10.47,3.86,0.0
20071020:1510,140.01,76.0,0.0,14.44,10.34,3.79,0.0
20071020:1610,32.0,35.0,0.0,5.76,9.7,3.1,0.0
20071020:1710,0.0,0.0,0.0,0.0,8.21,2.83,0.0
20071020:1810,0.0,0.0,0.0,0.0,7.01,2.83,0.0
20071020:1910,0.0,0.0,0.0,0.0,6.5,2.76,0.0
20071020:2010,0.0,0.0,0.0,0.0,5.79,2.55,0.0
20071020:2110,0.0,0.0,0.0,0.0,5.11,2.41,0.0
20071020:2210,0.0,0.0,0.0,0.0,4.49,2.28,0.0
20071020:2310,0.0,0.0,0.0,0.0,3.92,2.21,0.0
20071021:0010,0.0,0.0,0.0,0.0,3.37,2.21,0.0
20071021:0110,0.0,0.0,0.0,0.0,2.8,2.07,0.0
20071021:0210,0.0,0.0,0.0,0.0,2.16,1.93,0.0
20071021:0310,0.0,0.0,0.0,0.0,1.57,1.93,0.0
20071021:0410,0.0,0.0,0.0,0.0,1.17,2.0,0.0
20071021:0510,0.0,0.0,0.0,0.0,0.9,2.0,0.0
20071021:0610,0.0,0.0,0.0,0.0,0.66,2.0,0.0
20071021:0710,47.0,41.0,0.0,7.19,0.6,1.72,0.0
20071021:0810,158.01,77.0,0.0,15.66,3.36,1.31,0.0
20071021:0910,266.01,98.0,0.0,22.75,5.92,1.38,0.0
20071021:1010,328.01,122.0,0.0,27.89,8.0,1.59,0.0
20071021:1110,347.01,141.0,0.0,30.5,9.36,1.79,0.0
20071021:1210,343.01,140.0,0.0,30.22,10.23,1.93,0.0
20071021:1310,329.01,113.0,0.0,27.09,10.7,2.14,0.0
20071021:1410,248.01,95.0,0.0,21.52,10.89,2.28,0.0
20071021:1510,132.01,75.0,0.0,14.12,10.74,2.28,0.0
20071021:1610,32.0,24.2,0.0,5.46,10.13,1.93,0.0
20071021:1710,0.0,0.0,0.0,0.0,8.81,2.14,0.0
20071021:1810,0.0,0.0,0.0,0.0,7.82,2.07,0.0
20071021:1910,0.0,0.0,0.0,0.0,7.47,2.0,0.0
20071021:2010,0.0,0.0,0.0,0.0,7.08,1.93,0.0
20071021:2110,0.0,0.0,0.0,0.0,6.46,1.93,0.0
20071021:2210,0.0,0.0,0.0,0.0,6.04,1.86,0.0
20071021:2310,0.0,0.0,0.0,0.0,6.07,1.79,0.0
20071022:0010,0.0,0.0,0.0,0.0,5.93,1.79,0.0
20071022:0110,0.0,0.0,0.0,0.0,5.95,1.86,0.0
20071022:0210,0.0,0.0,0.0,0.0,6.33,1.93,0.0
20071022:0310,0.0,0.0,0.0,0.0,6.56,1.93,0.0
20071022:0410,0.0,0.0,0.0,0.0,6.96,2.0,0.0
20071022:0510,0.0,0.0,0.0,0.0,7.43,2.0,0.0
20071022:0610,0.0,0.0,0.0,0.0,7.77,2.0,0.0
20071022:0710,6.0,45.0,0.0,6.93,7.84,3.03,0.0
20071022:0810,133.01,87.0,0.0,15.37,7.62,3.59,0.0
20071022:0910,243.01,108.0,0.0,22.44,7.64,3.93,0.0
20071022:1010,252.01,161.0,0.0,27.56,8.16,3.79,0.0
20071022:1110,233.01,199.0,0.0,30.15,9.0,3.45,0.0
20071022:1210,339.01,139.0,0.0,29.86,9.8,3.31,0.0
20071022:1310,289.01,132.0,0.0,26.74,10.19,3.38,0.0
20071022:1410,246.01,93.0,0.0,21.19,10.31,3.66,0.0
20071022:1510,149.01,64.0,0.0,13.81,9.97,3.59,0.0
20071022:1610,24.0,25.01,0.0,5.16,9.2,2.76,0.0
20071022:1710,0.0,0.0,0.0,0.0,7.58,2.62,0.0
20071022:1810,0.0,0.0,0.0,0.0,6.42,2.83,0.0
20071022:1910,0.0,0.0,0.0,0.0,6.16,3.24,0.0
20071022:2010,0.0,0.0,0.0,0.0,5.47,3.03,0.0
20071022:2110,0.0,0.0,0.0,0.0,4.87,3.03,0.0
20071022:2210,0.0,0.0,0.0,0.0,4.39,2.9,0.0
20071022:2310,0.0,0.0,0.0,0.0,3.82,2.62,0.0
20071023:0010,0.0,0.0,0.0,0.0,3.2,2.41,0.0
20071023:0110,0.0,0.0,0.0,0.0,2.7,2.48,0.0
20071023:0210,0.0,0.0,0.0,0.0,2.4,2.69,0.0
20071023:0310,0.0,0.0,0.0,0.0,2.17,2.9,0.0
20071023:0410,0.0,0.0,0.0,0.0,1.95,2.97,0.0
20071023:0510,0.0,0.0,0.0,0.0,1.74,2.97,0.0
20071023:0610,0.0,0.0,0.0,0.0,1.5,2.97,0.0
20071023:0710,38.0,40.0,0.0,6.67,1.59,3.03,0.0
20071023:0810,140.01,82.0,0.0,15.09,2.95,3.31,0.0
20071023:0910,258.01,98.0,0.0,22.13,4.61,3.86,0.0
20071023:1010,313.01,126.0,0.0,27.23,6.19,4.07,0.0
20071023:1110,357.01,131.0,0.0,29.8,7.71,4.14,0.0
20071023:1210,346.01,134.0,0.0,29.51,8.97,4.21,0.0
20071023:1310,307.01,121.0,0.0,26.39,9.87,4.28,0.0
20071023:1410,230.01,100.0,0.0,20.86,10.36,4.48,0.0
20071023:1510,118.0,77.0,0.0,13.5,10.32,4.69,0.0
20071023:1610,25.0,22.81,0.0,4.86,9.67,4.0,0.0
20071023:1710,0.0,0.0,0.0,0.0,8.37,3.86,0.0
20071023:1810,0.0,0.0,0.0,0.0,7.51,3.93,0.0
20071023:1910,0.0,0.0,0.0,0.0,7.32,4.0,0.0
20071023:2010,0.0,0.0,0.0,0.0,6.81,3.86,0.0
20071023:2110,0.0,0.0,0.0,0.0,6.31,3.66,0.0
20071023:2210,0.0,0.0,0.0,0.0,5.82,3.52,0.0
20071023:2310,0.0,0.0,0.0,0.0,5.32,3.45,0.0
20071024:0010,0.0,0.0,0.0,0.0,4.82,3.31,0.0
20071024:0110,0.0,0.0,0.0,0.0,4.35,3.31,0.0
20071024:0210,0.0,0.0,0.0,0.0,3.92,3.45,0.0
20071024:0310,0.0,0.0,0.0,0.0,3.55,3.59,0.0
20071024:0410,0.0,0.0,0.0,0.0,3.23,3.66,0.0
20071024:0510,0.0,0.0,0.0,0.0,2.92,3.66,0.0
20071024:0610,0.0,0.0,0.0,0.0,2.55,3.72,0.0
20071024:0710,36.0,38.0,0.0,6.4,2.5,4.0,0.0
20071024:0810,132.01,82.0,0.0,14.81,3.55,4.0,0.0
20071024:0910,251.01,96.0,0.0,21.83,5.15,4.62,0.0
20071024:1010,313.01,119.0,0.0,26.89,6.68,4.76,0.0
20071024:1110,345.01,130.0,0.0,29.45,8.48,5.31,0.0
20071024:1210,347.01,126.0,0.0,29.16,9.24,5.31,0.0
20071024:1310,215.01,165.0,0.0,26.05,9.53,5.52,0.0
20071024:1410,0.0,101.0,0.0,20.54,9.64,5.66,0.0
20071024:1510,6.0,87.0,0.0,13.19,9.47,5.45,0.0
20071024:1610,5.0,26.73,0.0,4.57,9.19,4.62,0.0
20071024:1710,0.0,0.0,0.0,0.0,8.78,4.14,0.0
20071024:1810,0.0,0.0,0.0,0.0,8.44,4.0,0.0
20071024:1910,0.0,0.0,0.0,0.0,8.14,3.72,0.0
20071024:2010,0.0,0.0,0.0,0.0,7.93,3.72,0.0
20071024:2110,0.0,0.0,0.0,0.0,7.67,3.52,0.0
20071024:2210,0.0,0.0,0.0,0.0,7.48,3.45,0.0
20071024:2310,0.0,0.0,0.0,0.0,6.95,3.31,0.0
20071025:0010,0.0,0.0,0.0,0.0,6.35,3.31,0.0
20071025:0110,0.0,0.0,0.0,0.0,5.94,3.45,0.0
20071025:0210,0.0,0.0,0.0,0.0,5.55,3.52,0.0
20071025:0310,0.0,0.0,0.0,0.0,5.61,3.45,0.0
20071025:0410,0.0,0.0,0.0,0.0,5.88,3.38,0.0
20071025:0510,0.0,0.0,0.0,0.0,6.12,3.24,0.0
20071025:0610,0.0,0.0,0.0,0.0,6.35,3.17,0.0
20071025:0710,6.0,39.0,0.0,6.14,6.31,2.9,0.0
20071025:0810,9.0,101.0,0.0,14.52,7.19,3.24,0.0
20071025:0910,0.0,82.0,0.0,21.52,8.28,3.93,0.0
20071025:1010,0.0,116.0,0.0,26.57,8.9,4.21,0.0
20071025:1110,0.0,131.0,0.0,29.11,9.24,3.93,0.0
20071025:1210,0.0,125.0,0.0,28.81,9.71,3.93,0.0
20071025:1310,0.0,83.0,0.0,25.71,10.13,3.93,0.0
20071025:1410,0.0,57.0,0.0,20.22,10.47,3.93,0.0
20071025:1510,2.0,74.0,0.0,12.89,10.56,3.72,0.0
20071025:1610,0.0,24.0,0.0,4.28,10.42,2.55,0.0
20071025:1710,0.0,0.0,0.0,0.0,10.09,2.21,0.0
20071025:1810,0.0,0.0,0.0,0.0,9.83,2.0,0.0
20071025:1910,0.0,0.0,0.0,0.0,8.99,2.07,0.0
20071025:2010,0.0,0.0,0.0,0.0,8.81,2.07,0.0
20071025:2110,0.0,0.0,0.0,0.0,8.8,2.14,0.0
20071025:2210,0.0,0.0,0.0,0.0,8.73,2.21,0.0
20071025:2310,0.0,0.0,0.0,0.0,8.72,2.28,0.0
20071026:0010,0.0,0.0,0.0,0.0,8.76,2.34,0.0
20071026:0110,0.0,0.0,0.0,0.0,8.68,2.41,0.0
20071026:0210,0.0,0.0,0.0,0.0,8.63,2.41,0.0
20071026:0310,0.0,0.0,0.0,0.0,8.36,2.48,0.0
20071026:0410,0.0,0.0,0.0,0.0,8.12,2.41,0.0
20071026:0510,0.0,0.0,0.0,0.0,8.08,2.34,0.0
20071026:0610,0.0,0.0,0.0,0.0,8.03,2.28,0.0
20071026:0710,1.0,31.0,0.0,5.88,8.28,2.34,0.0
20071026:0810,0.0,64.0,0.0,14.24,8.72,2.55,0.0
20071026:0910,0.0,49.0,0.0,21.21,9.26,3.1,0.0
20071026:1010,0.0,72.0,0.0,26.24,10.0,3.45,0.0
20071026:1110,0.0,80.0,0.0,28.77,10.62,3.45,0.0
20071026:1210,0.0,91.0,0.0,28.47,11.02,3.38,0.0
20071026:1310,0.0,77.0,0.0,25.38,11.06,3.1,0.0
20071026:1410,0.0,53.0,0.0,19.9,11.01,2.69,0.0
20071026:1510,2.0,72.0,0.0,12.59,10.88,2.41,0.0
20071026:1610,0.0,21.0,0.0,4.0,10.6,1.86,0.0
20071026:1710,0.0,0.0,0.0,0.0,10.07,1.72,0.0
20071026:1810,0.0,0.0,0.0,0.0,9.76,1.59,0.0
20071026:1910,0.0,0.0,0.0,0.0,8.87,1.03,0.0
20071026:2010,0.0,0.0,0.0,0.0,8.73,1.1,0.0
20071026:2110,0.0,0.0,0.0,0.0,8.63,1.24,0.0
20071026:2210,0.0,0.0,0.0,0.0,8.5,1.1,0.0
20071026:2310,0.0,0.0,0.0,0.0,8.41,1.03,0.0
20071027:0010,0.0,0.0,0.0,0.0,8.27,0.69,0.0
20071027:0110,0.0,0.0,0.0,0.0,8.38,0.14,0.0
20071027:0210,0.0,0.0,0.0,0.0,7.9,0.76,0.0
20071027:0310,0.0,0.0,0.0,0.0,7.9,0.69,0.0
20071027:0410,0.0,0.0,0.0,0.0,8.04,1.1,0.0
20071027:0510,0.0,0.0,0.0,0.0,8.03,0.9,0.0
20071027:0610,0.0,0.0,0.0,0.0,7.95,0.48,0.0
20071027:0710,2.0,29.56,0.0,5.62,8.19,0.28,0.0
20071027:0810,0.0,69.0,0.0,13.96,8.56,0.14,0.0
20071027:0910,0.0,49.0,0.0,20.91,9.05,0.14,0.0
20071027:1010,0.0,84.0,0.0,25.91,9.39,0.69,0.0
20071027:1110,0.0,93.0,0.0,28.43,9.81,0.76,0.0
20071027:1210,0.0,126.0,0.0,28.13,10.14,0.83,0.0
20071027:1310,0.0,102.0,0.0,25.05,10.34,0.9,0.0
20071027:1410,0.0,86.0,0.0,19.59,10.54,0.83,0.0
20071027:1510,4.0,78.0,0.0,12.3,10.44,0.69,0.0
20071027:1610,0.0,17.0,0.0,3.72,10.34,0.55,0.0
20071027:1710,0.0,0.0,0.0,0.0,10.08,0.48,0.0
20071027:1810,0.0,0.0,0.0,0.0,9.71,0.69,0.0
20071027:1910,0.0,0.0,0.0,0.0,9.27,1.1,0.0
20071027:2010,0.0,0.0,0.0,0.0,9.06,1.24,0.0
20071027:2110,0.0,0.0,0.0,0.0,8.87,1.31,0.0
20071027:2210,0.0,0.0,0.0,0.0,8.56,1.45,0.0
20071027:2310,0.0,0.0,0.0,0.0,8.46,1.45,0.0
20071028:0010,0.0,0.0,0.0,0.0,8.3,1.38,0.0
20071028:0110,0.0,0.0,0.0,0.0,8.17,1.45,0.0
20071028:0210,0.0,0.0,0.0,0.0,8.13,1.59,0.0
20071028:0310,0.0,0.0,0.0,0.0,8.0,1.66,0.0
20071028:0410,0.0,0.0,0.0,0.0,7.99,1.79,0.0
20071028:0510,0.0,0.0,0.0,0.0,7.81,1.86,0.0
20071028:0610,0.0,0.0,0.0,0.0,7.52,1.86,0.0
20071028:0710,0.0,24.0,0.0,5.36,7.59,1.93,0.0
20071028:0810,27.0,103.0,0.0,13.68,8.05,2.0,0.0
20071028:0910,0.0,79.0,0.0,20.61,8.91,2.41,0.0
20071028:1010,13.0,182.0,0.0,25.59,9.72,2.9,0.0
20071028:1110,1.0,148.0,0.0,28.09,10.47,2.97,0.0
20071028:1210,129.0,215.0,0.0,27.79,11.21,3.17,0.0
20071028:1310,0.0,48.0,0.0,24.72,11.93,3.38,0.0
20071028:1410,28.0,149.0,0.0,19.28,12.26,3.38,0.0
20071028:1510,17.0,87.0,0.0,12.01,12.12,3.31,0.0
20071028:1610,0.0,18.0,0.0,3.45,11.57,2.69,0.0
20071028:1710,0.0,0.0,0.0,0.0,10.71,2.76,0.0
20071028:1810,0.0,0.0,0.0,0.0,10.09,2.83,0.0
20071028:1910,0.0,0.0,0.0,0.0,9.17,2.83,0.0
20071028:2010,0.0,0.0,0.0,0.0,8.78,2.83,0.0
20071028:2110,0.0,0.0,0.0,0.0,8.4,2.97,0.0
20071028:2210,0.0,0.0,0.0,0.0,8.28,2.97,0.0
20071028:2310,0.0,0.0,0.0,0.0,8.01,2.97,0.0
20071029:0010,0.0,0.0,0.0,0.0,8.02,3.1,0.0
20071029:0110,0.0,0.0,0.0,0.0,8.16,3.31,0.0
20071029:0210,0.0,0.0,0.0,0.0,8.5,3.52,0.0
20071029:0310,0.0,0.0,0.0,0.0,8.64,3.66,0.0
20071029:0410,0.0,0.0,0.0,0.0,8.81,3.72,0.0
20071029:0510,0.0,0.0,0.0,0.0,8.9,3.79,0.0
20071029:0610,0.0,0.0,0.0,0.0,8.74,3.93,0.0
20071029:0710,0.0,5.0,0.0,5.1,8.82,3.93,0.0
20071029:0810,0.0,28.0,0.0,13.4,8.85,4.0,0.0
20071029:0910,0.0,38.0,0.0,20.31,8.96,3.86,0.0
20071029:1010,0.0,56.0,0.0,25.27,9.11,3.66,0.0
20071029:1110,0.0,81.0,0.0,27.76,9.35,3.59,0.0
20071029:1210,0.0,48.0,0.0,27.46,9.61,3.31,0.0
20071029:1310,0.0,35.0,0.0,24.4,9.77,2.97,0.0
20071029:1410,0.0,44.0,0.0,18.97,9.95,2.41,0.0
20071029:1510,0.0,48.0,0.0,11.72,10.26,2.28,0.0
20071029:1610,0.0,17.0,0.0,3.18,10.34,2.69,0.0
20071029:1710,0.0,0.0,0.0,0.0,10.51,3.17,0.0
20071029:1810,0.0,0.0,0.0,0.0,10.68,4.41,0.0
20071029:1910,0.0,0.0,0.0,0.0,10.61,5.31,0.0
20071029:2010,0.0,0.0,0.0,0.0,10.35,4.97,0.0
20071029:2110,0.0,0.0,0.0,0.0,9.8,4.41,0.0
20071029:2210,0.0,0.0,0.0,0.0,9.26,4.14,0.0
20071029:2310,0.0,0.0,0.0,0.0,8.86,4.0,0.0
20071030:0010,0.0,0.0,0.0,0.0,8.31,3.66,0.0
20071030:0110,0.0,0.0,0.0,0.0,7.55,3.31,0.0
20071030:0210,0.0,0.0,0.0,0.0,6.7,2.97,0.0
20071030:0310,0.0,0.0,0.0,0.0,6.06,2.76,0.0
20071030:0410,0.0,0.0,0.0,0.0,5.78,2.62,0.0
20071030:0510,0.0,0.0,0.0,0.0,5.75,2.48,0.0
20071030:0610,0.0,0.0,0.0,0.0,5.63,2.55,0.0
20071030:0710,3.0,27.28,0.0,4.84,5.75,2.62,0.0
20071030:0810,129.01,66.0,0.0,13.12,6.81,2.41,0.0
20071030:0910,200.01,105.0,0.0,20.01,8.58,2.83,0.0
20071030:1010,98.0,200.0,0.0,24.95,10.06,3.59,0.0
20071030:1110,246.01,164.0,0.0,27.43,11.05,3.45,0.0
20071030:1210,94.0,221.0,0.0,27.13,11.47,3.38,0.0
20071030:1310,4.0,153.0,0.0,24.08,12.01,3.45,0.0
20071030:1410,91.0,142.0,0.0,18.67,12.01,3.45,0.0
20071030:1510,50.0,82.0,0.0,11.44,10.77,3.24,0.0
20071030:1610,0.0,9.0,0.0,2.92,10.29,2.9,0.0
20071030:1710,0.0,0.0,0.0,0.0,9.18,2.69,0.0
20071030:1810,0.0,0.0,0.0,0.0,8.36,2.69,0.0
20071030:1910,0.0,0.0,0.0,0.0,7.85,3.03,0.0
20071030:2010,0.0,0.0,0.0,0.0,7.42,3.24,0.0
20071030:2110,0.0,0.0,0.0,0.0,7.05,3.17,0.0
20071030:2210,0.0,0.0,0.0,0.0,6.67,3.03,0.0
20071030:2310,0.0,0.0,0.0,0.0,6.19,2.9,0.0
20071031:0010,0.0,0.0,0.0,0.0,5.76,2.76,0.0
20071031:0110,0.0,0.0,0.0,0.0,5.37,2.76,0.0
20071031:0210,0.0,0.0,0.0,0.0,5.04,2.69,0.0
20071031:0310,0.0,0.0,0.0,0.0,4.71,2.55,0.0
20071031:0410,0.0,0.0,0.0,0.0,4.36,2.41,0.0
20071031:0510,0.0,0.0,0.0,0.0,4.02,2.41,0.0
20071031:0610,0.0,0.0,0.0,0.0,3.76,2.28,0.0
20071031:0710,21.0,21.88,0.0,4.58,3.58,2.07,0.0
20071031:0810,74.0,87.0,0.0,12.85,4.86,1.93,0.0
20071031:0910,176.01,113.0,0.0,19.71,6.52,2.14,0.0
20071031:1010,305.01,99.0,0.0,24.64,8.15,2.41,0.0
20071031:1110,360.01,96.0,0.0,27.11,9.4,2.69,0.0
20071031:1210,350.01,99.0,0.0,26.8,10.53,3.1,0.0
20071031:1310,295.01,95.0,0.0,23.77,11.06,3.1,0.0
20071031:1410,202.01,85.0,0.0,18.38,11.22,3.1,0.0
20071031:1510,80.0,68.0,0.0,11.17,11.04,2.9,0.0
20071031:1610,0.0,14.0,0.0,2.66,10.16,2.0,0.0
20071031:1710,0.0,0.0,0.0,0.0,8.7,2.07,0.0
20071031:1810,0.0,0.0,0.0,0.0,7.69,2.07,0.0
20071031:1910,0.0,0.0,0.0,0.0,7.58,2.0,0.0
20071031:2010,0.0,0.0,0.0,0.0,6.78,2.0,0.0
20071031:2110,0.0,0.0,0.0,0.0,6.52,2.07,0.0
20071031:2210,0.0,0.0,0.0,0.0,6.09,2.07,0.0
20071031:2310,0.0,0.0,0.0,0.0,5.76,1.86,0.0
20071101:0010,0.0,0.0,0.0,0.0,5.25,1.66,0.0
20071101:0110,0.0,0.0,0.0,0.0,4.86,1.45,0.0
20071101:0210,0.0,0.0,0.0,0.0,4.8,1.38,0.0
20071101:0310,0.0,0.0,0.0,0.0,4.37,1.59,0.0
20071101:0410,0.0,0.0,0.0,0.0,4.35,1.59,0.0
20071101:0510,0.0,0.0,0.0,0.0,4.92,1.31,0.0
20071101:0610,0.0,0.0,0.0,0.0,5.11,1.24,0.0
20071101:0710,6.0,25.45,0.0,4.32,4.27,1.24,0.0
20071101:0810,23.0,94.0,0.0,12.57,6.16,0.76,0.0
20071101:0910,13.0,141.0,0.0,19.42,8.91,1.03,0.0
20071101:1010,31.0,191.0,0.0,24.33,10.53,1.17,0.0
20071101:1110,12.0,191.0,0.0,26.78,11.9,1.31,0.0
20071101:1210,7.0,178.0,0.0,26.48,13.21,2.55,0.0
20071101:1310,17.0,175.0,0.0,23.46,13.48,2.62,0.0
20071101:1410,7.0,123.0,0.0,18.09,13.65,2.83,0.0
20071101:1510,14.0,78.0,0.0,10.9,13.63,3.17,0.0
20071101:1610,0.0,10.0,0.0,2.41,13.18,2.41,0.0
20071101:1710,0.0,0.0,0.0,0.0,12.57,2.21,0.0
20071101:1810,0.0,0.0,0.0,0.0,12.28,2.14,0.0
20071101:1910,0.0,0.0,0.0,0.0,11.56,2.07,0.0
20071101:2010,0.0,0.0,0.0,0.0,11.38,2.07,0.0
20071101:2110,0.0,0.0,0.0,0.0,11.18,2.07,0.0
20071101:2210,0.0,0.0,0.0,0.0,11.16,2.07,0.0
20071101:2310,0.0,0.0,0.0,0.0,11.08,2.07,0.0
20071102:0010,0.0,0.0,0.0,0.0,10.96,2.21,0.0
20071102:0110,0.0,0.0,0.0,0.0,10.76,2.14,0.0
20071102:0210,0.0,0.0,0.0,0.0,10.55,2.0,0.0
20071102:0310,0.0,0.0,0.0,0.0,10.23,2.07,0.0
20071102:0410,0.0,0.0,0.0,0.0,9.88,2.07,0.0
20071102:0510,0.0,0.0,0.0,0.0,9.82,2.07,0.0
20071102:0610,0.0,0.0,0.0,0.0,9.7,1.93,0.0
20071102:0710,1.0,19.8,0.0,4.06,9.98,1.66,0.0
20071102:0810,3.0,75.0,0.0,12.3,10.29,1.93,0.0
20071102:0910,0.0,66.0,0.0,19.13,10.57,2.97,0.0
20071102:1010,0.0,106.0,0.0,24.02,10.88,2.97,0.0
20071102:1110,4.0,167.0,0.0,26.46,11.39,2.9,0.0
20071102:1210,14.0,188.0,0.0,26.16,11.62,2.76,0.0
20071102:1310,10.0,162.0,0.0,23.16,11.97,2.76,0.0
20071102:1410,3.0,107.0,0.0,17.8,12.24,2.83,0.0
20071102:1510,14.0,75.0,0.0,10.63,12.39,2.62,0.0
20071102:1610,0.0,8.0,0.0,2.16,12.17,1.79,0.0
20071102:1710,0.0,0.0,0.0,0.0,11.83,1.59,0.0
20071102:1810,0.0,0.0,0.0,0.0,11.55,1.59,0.0
20071102:1910,0.0,0.0,0.0,0.0,11.4,1.66,0.0
20071102:2010,0.0,0.0,0.0,0.0,11.38,1.66,0.0
20071102:2110,0.0,0.0,0.0,0.0,11.05,1.72,0.0
20071102:2210,0.0,0.0,0.0,0.0,10.86,1.66,0.0
20071102:2310,0.0,0.0,0.0,0.0,10.75,1.66,0.0
20071103:0010,0.0,0.0,0.0,0.0,10.8,1.59,0.0
20071103:0110,0.0,0.0,0.0,0.0,10.87,1.66,0.0
20071103:0210,0.0,0.0,0.0,0.0,10.98,1.79,0.0
20071103:0310,0.0,0.0,0.0,0.0,10.99,1.86,0.0
20071103:0410,0.0,0.0,0.0,0.0,11.17,1.86,0.0
20071103:0510,0.0,0.0,0.0,0.0,11.27,1.79,0.0
20071103:0610,0.0,0.0,0.0,0.0,11.38,1.79,0.0
20071103:0710,0.0,17.0,0.0,3.81,11.67,1.86,0.0
20071103:0810,2.0,72.0,0.0,12.03,11.88,2.0,0.0
20071103:0910,0.0,63.0,0.0,18.83,12.46,2.62,0.0
20071103:1010,0.0,89.0,0.0,23.71,13.02,2.97,0.0
20071103:1110,0.0,83.0,0.0,26.15,13.57,3.03,0.0
20071103:1210,0.0,81.0,0.0,25.85,14.38,3.17,0.0
20071103:1310,0.0,87.0,0.0,22.86,14.34,3.03,0.0
20071103:1410,0.0,69.0,0.0,17.52,14.38,3.03,0.0
20071103:1510,1.0,54.0,0.0,10.37,14.14,2.55,0.0
20071103:1610,0.0,3.0,0.0,1.91,13.6,2.34,0.0
20071103:1710,0.0,0.0,0.0,0.0,12.63,2.34,0.0
20071103:1810,0.0,0.0,0.0,0.0,11.99,2.55,0.0
20071103:1910,0.0,0.0,0.0,0.0,11.63,2.55,0.0
20071103:2010,0.0,0.0,0.0,0.0,11.41,2.48,0.0
20071103:2110,0.0,0.0,0.0,0.0,11.09,2.69,0.0
20071103:2210,0.0,0.0,0.0,0.0,11.12,2.76,0.0
20071103:2310,0.0,0.0,0.0,0.0,11.12,2.55,0.0
20071104:0010,0.0,0.0,0.0,0.0,11.08,2.48,0.0
20071104:0110,0.0,0.0,0.0,0.0,11.08,2.55,0.0
20071104:0210,0.0,0.0,0.0,0.0,11.14,2.83,0.0
20071104:0310,0.0,0.0,0.0,0.0,11.15,2.9,0.0
20071104:0410,0.0,0.0,0.0,0.0,11.14,2.83,0.0
20071104:0510,0.0,0.0,0.0,0.0,11.1,2.76,0.0
20071104:0610,0.0,0.0,0.0,0.0,10.98,2.76,0.0
20071104:0710,7.0,20.21,0.0,3.55,10.44,2.34,0.0
20071104:0810,2.0,68.0,0.0,11.75,10.53,2.62,0.0
20071104:0910,118.0,129.0,0.0,18.55,11.0,3.66,0.0
20071104:1010,218.01,133.0,0.0,23.41,11.63,4.14,0.0
20071104:1110,312.01,107.0,0.0,25.84,12.24,4.28,0.0
20071104:1210,41.0,207.0,0.0,25.54,12.04,3.66,0.0
20071104:1310,25.0,175.0,0.0,22.56,12.14,3.59,0.0
20071104:1410,6.0,117.0,0.0,17.25,11.91,3.59,0.0
20071104:1510,37.0,74.0,0.0,10.11,11.55,3.45,0.0
20071104:1610,0.0,3.0,0.0,1.67,11.05,3.24,0.0
20071104:1710,0.0,0.0,0.0,0.0,10.17,2.97,0.0
20071104:1810,0.0,0.0,0.0,0.0,9.58,2.76,0.0
20071104:1910,0.0,0.0,0.0,0.0,9.61,3.03,0.0
20071104:2010,0.0,0.0,0.0,0.0,9.11,2.76,0.0
20071104:2110,0.0,0.0,0.0,0.0,8.51,2.62,0.0
20071104:2210,0.0,0.0,0.0,0.0,8.55,2.62,0.0
20071104:2310,0.0,0.0,0.0,0.0,8.39,2.55,0.0
20071105:0010,0.0,0.0,0.0,0.0,7.96,2.41,0.0
20071105:0110,0.0,0.0,0.0,0.0,7.75,2.28,0.0
20071105:0210,0.0,0.0,0.0,0.0,7.42,2.21,0.0
20071105:0310,0.0,0.0,0.0,0.0,7.05,2.14,0.0
20071105:0410,0.0,0.0,0.0,0.0,6.7,2.14,0.0
20071105:0510,0.0,0.0,0.0,0.0,6.09,2.14,0.0
20071105:0610,0.0,0.0,0.0,0.0,5.64,2.07,0.0
20071105:0710,13.0,15.92,0.0,3.3,5.52,2.07,0.0
20071105:0810,122.01,51.0,0.0,11.49,6.42,1.66,0.0
20071105:0910,233.01,67.0,0.0,18.26,8.11,1.72,0.0
20071105:1010,305.01,82.0,0.0,23.1,9.8,1.79,0.0
20071105:1110,337.01,90.0,0.0,25.53,10.88,2.14,0.0
20071105:1210,320.01,97.0,0.0,25.24,11.5,2.62,0.0
20071105:1310,295.01,78.0,0.0,22.27,11.55,2.34,0.0
20071105:1410,200.01,70.0,0.0,16.98,11.6,2.14,0.0
20071105:1510,94.01,48.0,0.0,9.86,11.36,1.86,0.0
20071105:1610,0.0,6.0,0.0,1.44,10.68,1.59,0.0
20071105:1710,0.0,0.0,0.0,0.0,9.8,1.66,0.0
20071105:1810,0.0,0.0,0.0,0.0,9.2,1.72,0.0
20071105:1910,0.0,0.0,0.0,0.0,8.48,2.14,0.0
20071105:2010,0.0,0.0,0.0,0.0,8.19,2.28,0.0
20071105:2110,0.0,0.0,0.0,0.0,7.95,2.41,0.0
20071105:2210,0.0,0.0,0.0,0.0,8.33,2.69,0.0
20071105:2310,0.0,0.0,0.0,0.0,8.88,3.17,0.0
20071106:0010,0.0,0.0,0.0,0.0,9.32,3.59,0.0
20071106:0110,0.0,0.0,0.0,0.0,9.58,3.66,0.0
20071106:0210,0.0,0.0,0.0,0.0,9.87,3.66,0.0
20071106:0310,0.0,0.0,0.0,0.0,10.3,3.52,0.0
20071106:0410,0.0,0.0,0.0,0.0,9.65,3.45,0.0
20071106:0510,0.0,0.0,0.0,0.0,8.68,3.45,0.0
20071106:0610,0.0,0.0,0.0,0.0,7.79,3.17,0.0
20071106:0710,16.0,11.76,0.0,3.05,6.94,2.97,0.0
20071106:0810,116.01,51.0,0.0,11.22,7.27,2.69,0.0
20071106:0910,188.01,89.0,0.0,17.98,8.39,3.66,0.0
20071106:1010,203.01,137.0,0.0,22.81,9.31,4.48,0.0
20071106:1110,221.01,155.0,0.0,25.23,9.98,4.34,0.0
20071106:1210,242.01,140.0,0.0,24.94,10.33,4.07,0.0
20071106:1310,245.01,104.0,0.0,21.99,10.66,4.21,0.0
20071106:1410,143.01,99.0,0.0,16.71,10.75,4.14,0.0
20071106:1510,74.0,55.0,0.0,9.62,10.39,3.72,0.0
20071106:1610,0.0,0.0,0.0,0.0,9.61,2.9,0.0
20071106:1710,0.0,0.0,0.0,0.0,8.52,2.62,0.0
20071106:1810,0.0,0.0,0.0,0.0,7.58,2.48,0.0
20071106:1910,0.0,0.0,0.0,0.0,7.23,2.41,0.0
20071106:2010,0.0,0.0,0.0,0.0,6.5,2.21,0.0
20071106:2110,0.0,0.0,0.0,0.0,5.99,1.86,0.0
20071106:2210,0.0,0.0,0.0,0.0,5.7,1.72,0.0
20071106:2310,0.0,0.0,0.0,0.0,5.63,1.72,0.0
20071107:0010,0.0,0.0,0.0,0.0,5.21,1.72,0.0
20071107:0110,0.0,0.0,0.0,0.0,4.74,1.86,0.0
20071107:0210,0.0,0.0,0.0,0.0,5.23,1.86,0.0
20071107:0310,0.0,0.0,0.0,0.0,5.34,2.07,0.0
20071107:0410,0.0,0.0,0.0,0.0,5.61,2.34,0.0
20071107:0510,0.0,0.0,0.0,0.0,6.08,2.69,0.0
20071107:0610,0.0,0.0,0.0,0.0,6.3,2.97,0.0
20071107:0710,7.0,14.35,0.0,2.8,5.98,3.03,0.0
20071107:0810,5.0,72.0,0.0,10.95,6.69,3.1,0.0
20071107:0910,0.0,73.0,0.0,17.7,8.02,3.45,0.0
20071107:1010,0.0,55.0,0.0,22.51,9.31,4.0,0.0
20071107:1110,6.0,168.0,0.0,24.93,10.29,4.41,0.0
20071107:1210,0.0,92.0,0.0,24.65,11.11,4.83,0.0
20071107:1310,0.0,36.0,0.0,21.71,11.85,5.38,0.0
20071107:1410,0.0,33.0,0.0,16.45,12.03,5.03,0.0
20071107:1510,2.0,55.0,0.0,9.38,11.92,3.93,0.0
20071107:1610,0.0,0.0,0.0,0.0,11.6,3.66,0.0
20071107:1710,0.0,0.0,0.0,0.0,11.18,3.52,0.0
20071107:1810,0.0,0.0,0.0,0.0,10.67,3.38,0.0
20071107:1910,0.0,0.0,0.0,0.0,10.25,3.38,0.0
20071107:2010,0.0,0.0,0.0,0.0,10.14,3.31,0.0
20071107:2110,0.0,0.0,0.0,0.0,10.09,3.31,0.0
20071107:2210,0.0,0.0,0.0,0.0,10.01,3.24,0.0
20071107:2310,0.0,0.0,0.0,0.0,9.95,3.24,0.0
20071108:0010,0.0,0.0,0.0,0.0,9.88,3.1,0.0
20071108:0110,0.0,0.0,0.0,0.0,9.6,2.97,0.0
20071108:0210,0.0,0.0,0.0,0.0,9.33,2.9,0.0
20071108:0310,0.0,0.0,0.0,0.0,9.21,2.69,0.0
20071108:0410,0.0,0.0,0.0,0.0,8.84,2.55,0.0
20071108:0510,0.0,0.0,0.0,0.0,8.51,2.55,0.0
20071108:0610,0.0,0.0,0.0,0.0,8.09,2.76,0.0
20071108:0710,0.0,11.0,0.0,2.55,9.05,3.03,0.0
20071108:0810,6.0,70.0,0.0,10.69,9.63,2.83,0.0
20071108:0910,0.0,84.0,0.0,17.42,10.45,3.59,0.0
20071108:1010,2.0,136.0,0.0,22.22,11.5,4.0,0.0
20071108:1110,26.0,193.0,0.0,24.63,12.05,4.14,0.0
20071108:1210,90.0,196.0,0.0,24.36,12.66,4.28,0.0
20071108:1310,0.0,103.0,0.0,21.43,12.69,4.14,0.0
20071108:1410,0.0,39.0,0.0,16.19,12.88,4.62,0.0
20071108:1510,3.0,56.0,0.0,9.14,12.52,4.0,0.0
20071108:1610,0.0,0.0,0.0,0.0,12.14,4.21,0.0
20071108:1710,0.0,0.0,0.0,0.0,11.21,4.41,0.0
20071108:1810,0.0,0.0,0.0,0.0,10.72,4.69,0.0
20071108:1910,0.0,0.0,0.0,0.0,10.52,5.17,0.0
20071108:2010,0.0,0.0,0.0,0.0,10.33,5.72,0.0
20071108:2110,0.0,0.0,0.0,0.0,10.12,6.41,0.0
20071108:2210,0.0,0.0,0.0,0.0,9.96,7.1,0.0
20071108:2310,0.0,0.0,0.0,0.0,9.4,6.41,0.0
20071109:0010,0.0,0.0,0.0,0.0,8.54,6.28,0.0
20071109:0110,0.0,0.0,0.0,0.0,7.77,6.48,0.0
20071109:0210,0.0,0.0,0.0,0.0,7.25,6.62,0.0
20071109:0310,0.0,0.0,0.0,0.0,7.0,6.41,0.0
20071109:0410,0.0,0.0,0.0,0.0,6.61,5.86,0.0
20071109:0510,0.0,0.0,0.0,0.0,6.12,5.38,0.0
20071109:0610,0.0,0.0,0.0,0.0,5.89,4.97,0.0
20071109:0710,2.0,10.61,0.0,2.3,5.92,4.97,0.0
20071109:0810,0.0,48.0,0.0,10.43,6.53,5.03,0.0
20071109:0910,7.0,119.0,0.0,17.14,7.03,5.31,0.0
20071109:1010,257.01,98.0,0.0,21.94,7.72,6.76,0.0
20071109:1110,167.01,173.0,0.0,24.34,8.37,6.62,0.0
20071109:1210,193.01,158.0,0.0,24.07,8.69,6.34,0.0
20071109:1310,80.0,171.0,0.0,21.16,8.65,6.34,0.0
20071109:1410,192.01,65.0,0.0,15.95,8.49,6.14,0.0
20071109:1510,87.01,42.0,0.0,8.91,8.1,5.17,0.0
20071109:1610,0.0,0.0,0.0,0.0,7.45,4.14,0.0
20071109:1710,0.0,0.0,0.0,0.0,6.61,3.52,0.0
20071109:1810,0.0,0.0,0.0,0.0,5.72,3.1,0.0
20071109:1910,0.0,0.0,0.0,0.0,5.16,2.55,0.0
20071109:2010,0.0,0.0,0.0,0.0,4.5,2.62,0.0
20071109:2110,0.0,0.0,0.0,0.0,4.11,2.62,0.0
20071109:2210,0.0,0.0,0.0,0.0,3.75,2.69,0.0
20071109:2310,0.0,0.0,0.0,0.0,4.32,2.83,0.0
20071110:0010,0.0,0.0,0.0,0.0,5.04,3.03,0.0
20071110:0110,0.0,0.0,0.0,0.0,5.47,3.38,0.0
20071110:0210,0.0,0.0,0.0,0.0,6.16,3.93,0.0
20071110:0310,0.0,0.0,0.0,0.0,6.4,4.21,0.0
20071110:0410,0.0,0.0,0.0,0.0,6.69,4.28,0.0
20071110:0510,0.0,0.0,0.0,0.0,6.76,4.28,0.0
20071110:0610,0.0,0.0,0.0,0.0,7.03,4.41,0.0
20071110:0710,0.0,8.0,0.0,2.06,7.55,4.69,0.0
20071110:0810,3.0,62.0,0.0,10.17,8.46,5.03,0.0
20071110:0910,0.0,52.0,0.0,16.87,9.38,5.45,0.0
20071110:1010,0.0,53.0,0.0,21.65,10.1,5.45,0.0
20071110:1110,0.0,81.0,0.0,24.06,10.61,5.79,0.0
20071110:1210,0.0,111.0,0.0,23.79,11.12,6.14,0.0
20071110:1310,29.0,164.0,0.0,20.9,11.37,6.34,0.0
20071110:1410,48.0,122.0,0.0,15.7,11.43,5.86,0.0
20071110:1510,17.0,62.0,0.0,8.69,11.38,5.38,0.0
20071110:1610,0.0,0.0,0.0,0.0,11.26,4.83,0.0
20071110:1710,0.0,0.0,0.0,0.0,10.9,4.28,0.0
20071110:1810,0.0,0.0,0.0,0.0,10.71,4.14,0.0
20071110:1910,0.0,0.0,0.0,0.0,10.25,4.28,0.0
20071110:2010,0.0,0.0,0.0,0.0,10.29,4.41,0.0
20071110:2110,0.0,0.0,0.0,0.0,10.46,4.76,0.0
20071110:2210,0.0,0.0,0.0,0.0,10.39,4.97,0.0
20071110:2310,0.0,0.0,0.0,0.0,10.16,5.03,0.0
20071111:0010,0.0,0.0,0.0,0.0,10.08,5.03,0.0
20071111:0110,0.0,0.0,0.0,0.0,10.11,5.03,0.0
20071111:0210,0.0,0.0,0.0,0.0,10.03,5.03,0.0
20071111:0310,0.0,0.0,0.0,0.0,9.59,4.9,0.0
20071111:0410,0.0,0.0,0.0,0.0,9.41,4.9,0.0
20071111:0510,0.0,0.0,0.0,0.0,8.93,4.9,0.0
20071111:0610,0.0,0.0,0.0,0.0,8.81,4.97,0.0
20071111:0710,0.0,8.0,0.0,1.82,9.6,5.59,0.0
20071111:0810,15.0,71.0,0.0,9.92,10.0,5.72,0.0
20071111:0910,10.0,118.0,0.0,16.6,10.55,5.03,0.0
20071111:1010,10.0,153.0,0.0,21.38,11.06,5.66,0.0
20071111:1110,9.0,167.0,0.0,23.77,12.18,7.66,0.0
20071111:1210,0.0,108.0,0.0,23.52,12.59,6.62,0.0
20071111:1310,0.0,75.0,0.0,20.64,12.44,6.07,0.0
20071111:1410,2.0,90.0,0.0,15.46,12.25,5.93,0.0
20071111:1510,24.0,60.0,0.0,8.47,11.6,5.45,0.0
20071111:1610,0.0,0.0,0.0,0.0,11.1,5.03,0.0
20071111:1710,0.0,0.0,0.0,0.0,10.6,4.34,0.0
20071111:1810,0.0,0.0,0.0,0.0,10.1,3.59,0.0
20071111:1910,0.0,0.0,0.0,0.0,9.4,3.03,0.0
20071111:2010,0.0,0.0,0.0,0.0,9.1,2.76,0.0
20071111:2110,0.0,0.0,0.0,0.0,8.4,2.55,0.0
20071111:2210,0.0,0.0,0.0,0.0,8.17,2.41,0.0
20071111:2310,0.0,0.0,0.0,0.0,8.03,2.48,0.0
20071112:0010,0.0,0.0,0.0,0.0,7.75,2.62,0.0
20071112:0110,0.0,0.0,0.0,0.0,7.35,2.55,0.0
20071112:0210,0.0,0.0,0.0,0.0,6.65,2.34,0.0
20071112:0310,0.0,0.0,0.0,0.0,6.07,2.21,0.0
20071112:0410,0.0,0.0,0.0,0.0,5.3,2.28,0.0
20071112:0510,0.0,0.0,0.0,0.0,4.49,2.28,0.0
20071112:0610,0.0,0.0,0.0,0.0,3.63,2.28,0.0
20071112:0710,0.0,8.0,0.0,1.58,2.43,2.14,0.0
20071112:0810,95.01,46.0,0.0,9.66,2.99,1.79,0.0
20071112:0910,185.01,73.0,0.0,16.34,4.82,2.07,0.0
20071112:1010,280.01,76.0,0.0,21.1,6.25,2.55,0.0
20071112:1110,228.01,134.0,0.0,23.5,7.37,2.69,0.0
20071112:1210,248.01,120.0,0.0,23.25,7.64,2.48,0.0
20071112:1310,197.01,115.0,0.0,20.39,7.75,2.55,0.0
20071112:1410,152.01,79.0,0.0,15.23,7.72,2.55,0.0
20071112:1510,70.01,43.0,0.0,8.26,7.56,2.48,0.0
20071112:1610,0.0,0.0,0.0,0.0,7.1,1.93,0.0
20071112:1710,0.0,0.0,0.0,0.0,6.24,1.86,0.0
20071112:1810,0.0,0.0,0.0,0.0,5.82,1.86,0.0
20071112:1910,0.0,0.0,0.0,0.0,4.6,2.0,0.0
20071112:2010,0.0,0.0,0.0,0.0,4.01,1.93,0.0
20071112:2110,0.0,0.0,0.0,0.0,3.21,1.86,0.0
20071112:2210,0.0,0.0,0.0,0.0,2.59,1.86,0.0
20071112:2310,0.0,0.0,0.0,0.0,2.09,2.0,0.0
20071113:0010,0.0,0.0,0.0,0.0,2.19,1.79,0.0
20071113:0110,0.0,0.0,0.0,0.0,1.88,1.93,0.0
20071113:0210,0.0,0.0,0.0,0.0,2.6,1.86,0.0
20071113:0310,0.0,0.0,0.0,0.0,2.95,2.0,0.0
20071113:0410,0.0,0.0,0.0,0.0,3.5,2.14,0.0
20071113:0510,0.0,0.0,0.0,0.0,3.88,2.34,0.0
20071113:0610,0.0,0.0,0.0,0.0,3.61,2.41,0.0
20071113:0710,0.0,3.0,0.0,1.34,3.51,2.62,0.0
20071113:0810,58.0,60.0,0.0,9.41,3.82,2.9,0.0
20071113:0910,97.0,113.0,0.0,16.07,4.68,3.24,0.0
20071113:1010,6.0,140.0,0.0,20.83,5.63,3.93,0.0
20071113:1110,3.0,146.0,0.0,23.22,6.26,4.55,0.0
20071113:1210,0.0,100.0,0.0,22.98,6.61,4.9,0.0
20071113:1310,0.0,72.0,0.0,20.14,6.43,4.69,0.0
20071113:1410,0.0,37.0,0.0,15.0,6.2,5.72,0.0
20071113:1510,2.0,45.0,0.0,8.05,6.33,6.0,0.0
20071113:1610,0.0,0.0,0.0,0.0,6.87,5.86,0.0
20071113:1710,0.0,0.0,0.0,0.0,7.33,5.24,0.0
20071113:1810,0.0,0.0,0.0,0.0,7.39,4.69,0.0
20071113:1910,0.0,0.0,0.0,0.0,7.52,4.69,0.0
20071113:2010,0.0,0.0,0.0,0.0,7.33,4.97,0.0
20071113:2110,0.0,0.0,0.0,0.0,7.06,4.97,0.0
20071113:2210,0.0,0.0,0.0,0.0,6.5,4.76,0.0
20071113:2310,0.0,0.0,0.0,0.0,6.39,4.34,0.0
20071114:0010,0.0,0.0,0.0,0.0,6.07,4.14,0.0
20071114:0110,0.0,0.0,0.0,0.0,5.69,4.14,0.0
20071114:0210,0.0,0.0,0.0,0.0,5.5,4.28,0.0
20071114:0310,0.0,0.0,0.0,0.0,5.31,4.41,0.0
20071114:0410,0.0,0.0,0.0,0.0,5.61,4.62,0.0
20071114:0510,0.0,0.0,0.0,0.0,5.89,4.69,0.0
20071114:0610,0.0,0.0,0.0,0.0,6.08,4.69,0.0
20071114:0710,0.0,0.0,0.0,0.0,6.07,4.34,0.0
20071114:0810,10.0,65.0,0.0,9.17,6.06,4.28,0.0
20071114:0910,68.0,122.0,0.0,15.82,6.12,4.14,0.0
20071114:1010,116.01,154.0,0.0,20.56,6.14,4.0,0.0
20071114:1110,320.01,75.0,0.0,22.96,6.18,3.66,0.0
20071114:1210,311.01,77.0,0.0,22.73,6.48,4.14,0.0
20071114:1310,117.01,147.0,0.0,19.9,6.87,4.34,0.0
20071114:1410,168.01,64.0,0.0,14.78,7.11,4.62,0.0
20071114:1510,67.01,40.0,0.0,7.85,6.84,4.21,0.0
20071114:1610,0.0,0.0,0.0,0.0,5.88,3.17,0.0
20071114:1710,0.0,0.0,0.0,0.0,4.66,2.76,0.0
20071114:1810,0.0,0.0,0.0,0.0,3.72,2.69,0.0
20071114:1910,0.0,0.0,0.0,0.0,3.22,2.48,0.0
20071114:2010,0.0,0.0,0.0,0.0,2.52,2.48,0.0
20071114:2110,0.0,0.0,0.0,0.0,1.88,2.48,0.0
20071114:2210,0.0,0.0,0.0,0.0,1.28,2.41,0.0
20071114:2310,0.0,0.0,0.0,0.0,0.72,2.34,0.0
20071115:0010,0.0,0.0,0.0,0.0,0.28,2.34,0.0
20071115:0110,0.0,0.0,0.0,0.0,-0.03,2.48,0.0
20071115:0210,0.0,0.0,0.0,0.0,-0.24,2.62,0.0
20071115:0310,0.0,0.0,0.0,0.0,-0.37,2.76,0.0
20071115:0410,0.0,0.0,0.0,0.0,-0.44,2.97,0.0
20071115:0510,0.0,0.0,0.0,0.0,-0.55,3.03,0.0
20071115:0610,0.0,0.0,0.0,0.0,-0.71,3.03,0.0
20071115:0710,0.0,0.0,0.0,0.0,-0.49,3.45,0.0
20071115:0810,86.01,43.0,0.0,8.92,-0.01,3.52,0.0
20071115:0910,191.01,63.0,0.0,15.56,1.16,3.79,0.0
20071115:1010,264.01,78.0,0.0,20.3,2.32,3.86,0.0
20071115:1110,293.01,91.0,0.0,22.7,3.3,3.86,0.0
20071115:1210,268.01,103.0,0.0,22.47,4.07,4.0,0.0
20071115:1310,263.01,72.0,0.0,19.66,4.48,3.93,0.0
20071115:1410,170.01,63.0,0.0,14.57,4.49,3.86,0.0
20071115:1510,66.01,40.0,0.0,7.66,4.1,3.52,0.0
20071115:1610,0.0,0.0,0.0,0.0,2.98,2.9,0.0
20071115:1710,0.0,0.0,0.0,0.0,1.73,2.9,0.0
20071115:1810,0.0,0.0,0.0,0.0,0.93,2.97,0.0
20071115:1910,0.0,0.0,0.0,0.0,0.69,2.97,0.0
20071115:2010,0.0,0.0,0.0,0.0,0.22,2.9,0.0
20071115:2110,0.0,0.0,0.0,0.0,-0.27,2.76,0.0
20071115:2210,0.0,0.0,0.0,0.0,-0.74,2.69,0.0
20071115:2310,0.0,0.0,0.0,0.0,-1.14,2.62,0.0
20071116:0010,0.0,0.0,0.0,0.0,-1.42,2.55,0.0
20071116:0110,0.0,0.0,0.0,0.0,-1.76,2.48,0.0
20071116:0210,0.0,0.0,0.0,0.0,-2.1,2.41,0.0
20071116:0310,0.0,0.0,0.0,0.0,-2.37,2.34,0.0
20071116:0410,0.0,0.0,0.0,0.0,-2.5,2.21,0.0
20071116:0510,0.0,0.0,0.0,0.0,-2.61,2.14,0.0
20071116:0610,0.0,0.0,0.0,0.0,-2.72,2.0,0.0
20071116:0710,0.0,0.0,0.0,0.0,-2.49,2.07,0.0
20071116:0810,74.01,47.0,0.0,8.68,-1.86,1.72,0.0
20071116:0910,182.01,66.0,0.0,15.31,-0.2,1.93,0.0
20071116:1010,256.01,80.0,0.0,20.04,0.92,2.14,0.0
20071116:1110,274.01,99.0,0.0,22.44,1.96,2.0,0.0
20071116:1210,276.01,95.0,0.0,22.23,2.97,2.14,0.0
20071116:1310,250.01,76.0,0.0,19.43,3.46,2.34,0.0
20071116:1410,167.01,63.0,0.0,14.36,3.45,2.48,0.0
20071116:1510,67.01,37.0,0.0,7.47,2.97,2.14,0.0
20071116:1610,0.0,0.0,0.0,0.0,1.56,2.14,0.0
20071116:1710,0.0,0.0,0.0,0.0,0.24,2.21,0.0
20071116:1810,0.0,0.0,0.0,0.0,-0.54,2.07,0.0
20071116:1910,0.0,0.0,0.0,0.0,-1.05,2.14,0.0
20071116:2010,0.0,0.0,0.0,0.0,-1.86,2.14,0.0
20071116:2110,0.0,0.0,0.0,0.0,-2.46,1.93,0.0
20071116:2210,0.0,0.0,0.0,0.0,-2.96,1.86,0.0
20071116:2310,0.0,0.0,0.0,0.0,-3.45,1.79,0.0
20071117:0010,0.0,0.0,0.0,0.0,-3.58,1.72,0.0
20071117:0110,0.0,0.0,0.0,0.0,-3.61,1.72,0.0
20071117:0210,0.0,0.0,0.0,0.0,-3.51,1.59,0.0
20071117:0310,0.0,0.0,0.0,0.0,-3.47,1.52,0.0
20071117:0410,0.0,0.0,0.0,0.0,-3.56,1.52,0.0
20071117:0510,0.0,0.0,0.0,0.0,-3.67,1.52,0.0
20071117:0610,0.0,0.0,0.0,0.0,-3.72,1.52,0.0
20071117:0710,0.0,0.0,0.0,0.0,-4.03,1.59,0.0
20071117:0810,70.01,45.0,0.0,8.44,-3.28,1.24,0.0
20071117:0910,171.01,67.0,0.0,15.06,-0.14,1.03,0.0
20071117:1010,250.01,78.0,0.0,19.79,2.02,1.24,0.0
20071117:1110,275.01,92.0,0.0,22.19,3.58,1.45,0.0
20071117:1210,277.01,89.0,0.0,21.99,4.57,1.45,0.0
20071117:1310,244.01,75.0,0.0,19.21,5.09,1.52,0.0
20071117:1410,159.01,63.0,0.0,14.16,5.13,1.59,0.0
20071117:1510,56.0,40.0,0.0,7.29,4.44,1.52,0.0
20071117:1610,0.0,0.0,0.0,0.0,3.07,2.0,0.0
20071117:1710,0.0,0.0,0.0,0.0,1.38,2.14,0.0
20071117:1810,0.0,0.0,0.0,0.0,0.1,2.14,0.0
20071117:1910,0.0,0.0,0.0,0.0,-0.45,2.0,0.0
20071117:2010,0.0,0.0,0.0,0.0,-1.09,2.07,0.0
20071117:2110,0.0,0.0,0.0,0.0,-1.49,2.14,0.0
20071117:2210,0.0,0.0,0.0,0.0,-1.71,2.21,0.0
20071117:2310,0.0,0.0,0.0,0.0,-1.92,2.14,0.0
20071118:0010,0.0,0.0,0.0,0.0,-2.21,2.07,0.0
20071118:0110,0.0,0.0,0.0,0.0,-2.42,2.14,0.0
20071118:0210,0.0,0.0,0.0,0.0,-2.41,2.28,0.0
20071118:0310,0.0,0.0,0.0,0.0,-2.39,2.28,0.0
20071118:0410,0.0,0.0,0.0,0.0,-2.51,2.21,0.0
20071118:0510,0.0,0.0,0.0,0.0,-2.73,2.14,0.0
20071118:0610,0.0,0.0,0.0,0.0,-2.9,2.34,0.0
20071118:0710,0.0,0.0,0.0,0.0,-2.02,2.48,0.0
20071118:0810,2.0,49.0,0.0,8.21,-1.57,2.9,0.0
20071118:0910,0.0,62.0,0.0,14.82,-0.21,3.38,0.0
20071118:1010,0.0,47.0,0.0,19.54,1.48,3.72,0.0
20071118:1110,0.0,69.0,0.0,21.94,3.23,4.28,0.0
20071118:1210,8.0,154.0,0.0,21.75,4.24,4.48,0.0
20071118:1310,52.0,155.0,0.0,18.99,4.54,4.34,0.0
20071118:1410,20.0,107.0,0.0,13.96,4.41,4.07,0.0
20071118:1510,8.0,48.0,0.0,7.11,4.07,4.21,0.0
20071118:1610,0.0,0.0,0.0,0.0,3.78,4.62,0.0
20071118:1710,0.0,0.0,0.0,0.0,3.62,4.97,0.0
20071118:1810,0.0,0.0,0.0,0.0,3.42,5.17,0.0
20071118:1910,0.0,0.0,0.0,0.0,2.47,5.45,0.0
20071118:2010,0.0,0.0,0.0,0.0,2.21,5.38,0.0
20071118:2110,0.0,0.0,0.0,0.0,2.24,4.9,0.0
20071118:2210,0.0,0.0,0.0,0.0,2.59,4.62,0.0
20071118:2310,0.0,0.0,0.0,0.0,2.99,4.21,0.0
20071119:0010,0.0,0.0,0.0,0.0,3.43,3.86,0.0
20071119:0110,0.0,0.0,0.0,0.0,3.87,3.66,0.0
20071119:0210,0.0,0.0,0.0,0.0,4.28,3.72,0.0
20071119:0310,0.0,0.0,0.0,0.0,4.57,3.72,0.0
20071119:0410,0.0,0.0,0.0,0.0,4.73,3.66,0.0
20071119:0510,0.0,0.0,0.0,0.0,4.75,3.52,0.0
20071119:0610,0.0,0.0,0.0,0.0,4.77,3.45,0.0
20071119:0710,0.0,0.0,0.0,0.0,4.93,3.38,0.0
20071119:0810,4.0,51.0,0.0,7.97,5.12,3.38,0.0
20071119:0910,11.0,105.0,0.0,14.58,5.69,3.17,0.0
20071119:1010,0.0,73.0,0.0,19.3,6.62,3.93,0.0
20071119:1110,0.0,71.0,0.0,21.7,7.8,4.83,0.0
20071119:1210,0.0,110.0,0.0,21.52,8.68,5.38,0.0
20071119:1310,0.0,100.0,0.0,18.78,9.01,4.83,0.0
20071119:1410,3.0,84.0,0.0,13.77,9.0,4.41,0.0
20071119:1510,19.0,48.0,0.0,6.94,8.67,4.83,0.0
20071119:1610,0.0,0.0,0.0,0.0,7.69,4.69,0.0
20071119:1710,0.0,0.0,0.0,0.0,6.89,4.62,0.0
20071119:1810,0.0,0.0,0.0,0.0,6.3,4.28,0.0
20071119:1910,0.0,0.0,0.0,0.0,6.2,4.34,0.0
20071119:2010,0.0,0.0,0.0,0.0,6.16,4.14,0.0
20071119:2110,0.0,0.0,0.0,0.0,6.22,3.66,0.0
20071119:2210,0.0,0.0,0.0,0.0,6.21,3.52,0.0
20071119:2310,0.0,0.0,0.0,0.0,6.37,3.31,0.0
20071120:0010,0.0,0.0,0.0,0.0,6.79,3.17,0.0
20071120:0110,0.0,0.0,0.0,0.0,7.17,3.1,0.0
20071120:0210,0.0,0.0,0.0,0.0,7.45,3.03,0.0
20071120:0310,0.0,0.0,0.0,0.0,7.6,3.03,0.0
20071120:0410,0.0,0.0,0.0,0.0,7.72,3.38,0.0
20071120:0510,0.0,0.0,0.0,0.0,7.9,4.0,0.0
20071120:0610,0.0,0.0,0.0,0.0,8.08,4.69,0.0
20071120:0710,0.0,0.0,0.0,0.0,8.25,3.72,0.0
20071120:0810,0.0,20.0,0.0,7.75,8.82,4.21,0.0
20071120:0910,27.0,109.0,0.0,14.34,9.58,4.55,0.0
20071120:1010,13.0,137.0,0.0,19.06,10.11,4.62,0.0
20071120:1110,0.0,64.0,0.0,21.47,10.36,4.55,0.0
20071120:1210,0.0,67.0,0.0,21.3,10.44,4.76,0.0
20071120:1310,0.0,40.0,0.0,18.57,10.44,5.03,0.0
20071120:1410,0.0,43.0,0.0,13.58,10.59,5.03,0.0
20071120:1510,0.0,17.0,0.0,6.78,10.68,4.83,0.0
20071120:1610,0.0,0.0,0.0,0.0,10.87,4.55,0.0
20071120:1710,0.0,0.0,0.0,0.0,11.05,4.28,0.0
20071120:1810,0.0,0.0,0.0,0.0,11.12,4.41,0.0
20071120:1910,0.0,0.0,0.0,0.0,10.98,4.83,0.0
20071120:2010,0.0,0.0,0.0,0.0,10.92,4.83,0.0
20071120:2110,0.0,0.0,0.0,0.0,10.83,4.83,0.0
20071120:2210,0.0,0.0,0.0,0.0,10.72,4.9,0.0
20071120:2310,0.0,0.0,0.0,0.0,10.66,5.03,0.0
20071121:0010,0.0,0.0,0.0,0.0,10.85,5.17,0.0
20071121:0110,0.0,0.0,0.0,0.0,10.63,5.31,0.0
20071121:0210,0.0,0.0,0.0,0.0,10.62,5.24,0.0
20071121:0310,0.0,0.0,0.0,0.0,10.68,4.62,0.0
20071121:0410,0.0,0.0,0.0,0.0,10.66,3.72,0.0
20071121:0510,0.0,0.0,0.0,0.0,10.39,3.38,0.0
20071121:0610,0.0,0.0,0.0,0.0,9.81,3.24,0.0
20071121:0710,0.0,0.0,0.0,0.0,9.71,3.24,0.0
20071121:0810,17.0,53.0,0.0,7.52,9.49,3.31,0.0
20071121:0910,130.01,75.0,0.0,14.11,10.12,3.52,0.0
20071121:1010,153.01,116.0,0.0,18.83,11.04,4.62,0.0
20071121:1110,43.0,171.0,0.0,21.24,11.86,4.55,0.0
20071121:1210,86.0,166.0,0.0,21.08,12.36,4.14,0.0
20071121:1310,191.01,90.0,0.0,18.37,12.59,3.66,0.0
20071121:1410,63.0,97.0,0.0,13.41,12.71,3.31,0.0
20071121:1510,19.0,45.0,0.0,6.62,12.23,2.41,0.0
20071121:1610,0.0,0.0,0.0,0.0,10.62,2.34,0.0
20071121:1710,0.0,0.0,0.0,0.0,8.99,2.41,0.0
20071121:1810,0.0,0.0,0.0,0.0,7.84,2.41,0.0
20071121:1910,0.0,0.0,0.0,0.0,7.21,2.55,0.0
20071121:2010,0.0,0.0,0.0,0.0,6.91,2.76,0.0
20071121:2110,0.0,0.0,0.0,0.0,6.83,2.97,0.0
20071121:2210,0.0,0.0,0.0,0.0,6.87,3.03,0.0
20071121:2310,0.0,0.0,0.0,0.0,6.76,2.97,0.0
20071122:0010,0.0,0.0,0.0,0.0,6.53,2.83,0.0
20071122:0110,0.0,0.0,0.0,0.0,6.22,2.76,0.0
20071122:0210,0.0,0.0,0.0,0.0,5.96,2.76,0.0
20071122:0310,0.0,0.0,0.0,0.0,5.76,2.76,0.0
20071122:0410,0.0,0.0,0.0,0.0,5.64,2.83,0.0
20071122:0510,0.0,0.0,0.0,0.0,5.69,2.9,0.0
20071122:0610,0.0,0.0,0.0,0.0,5.4,2.9,0.0
20071122:0710,0.0,0.0,0.0,0.0,5.33,2.83,0.0
20071122:0810,57.01,38.0,0.0,7.3,5.65,2.83,0.0
20071122:0910,158.01,58.0,0.0,13.89,7.17,2.55,0.0
20071122:1010,235.01,69.0,0.0,18.6,8.85,2.76,0.0
20071122:1110,284.01,70.0,0.0,21.01,10.29,2.97,0.0
20071122:1210,270.01,75.0,0.0,20.87,11.33,3.45,0.0
20071122:1310,238.01,64.0,0.0,18.18,11.88,3.59,0.0
20071122:1410,142.01,59.0,0.0,13.24,12.0,2.97,0.0
20071122:1510,22.0,43.0,0.0,6.47,11.69,2.14,0.0
20071122:1610,0.0,0.0,0.0,0.0,10.92,1.72,0.0
20071122:1710,0.0,0.0,0.0,0.0,10.24,1.52,0.0
20071122:1810,0.0,0.0,0.0,0.0,9.51,1.59,0.0
20071122:1910,0.0,0.0,0.0,0.0,8.37,1.45,0.0
20071122:2010,0.0,0.0,0.0,0.0,7.62,1.66,0.0
20071122:2110,0.0,0.0,0.0,0.0,7.32,1.72,0.0
20071122:2210,0.0,0.0,0.0,0.0,6.92,1.93,0.0
20071122:2310,0.0,0.0,0.0,0.0,6.86,2.0,0.0
20071123:0010,0.0,0.0,0.0,0.0,6.72,2.14,0.0
20071123:0110,0.0,0.0,0.0,0.0,6.35,2.28,0.0
20071123:0210,0.0,0.0,0.0,0.0,6.24,2.34,0.0
20071123:0310,0.0,0.0,0.0,0.0,5.8,2.55,0.0
20071123:0410,0.0,0.0,0.0,0.0,5.67,2.62,0.0
20071123:0510,0.0,0.0,0.0,0.0,5.56,2.55,0.0
20071123:0610,0.0,0.0,0.0,0.0,5.28,2.55,0.0
20071123:0710,0.0,0.0,0.0,0.0,5.87,3.03,0.0
20071123:0810,3.0,42.0,0.0,7.09,5.91,3.17,0.0
20071123:0910,3.0,86.0,0.0,13.66,6.32,2.97,0.0
20071123:1010,4.0,117.0,0.0,18.38,7.16,4.28,0.0
20071123:1110,0.0,58.0,0.0,20.8,7.75,4.34,0.0
20071123:1210,7.0,140.0,0.0,20.66,8.01,4.21,0.0
20071123:1310,11.0,129.0,0.0,17.99,7.97,5.24,0.0
20071123:1410,23.0,100.0,0.0,13.07,7.84,5.45,0.0
20071123:1510,50.01,32.0,0.0,6.33,7.41,5.1,0.0
20071123:1610,0.0,0.0,0.0,0.0,7.06,4.83,0.0
20071123:1710,0.0,0.0,0.0,0.0,6.54,4.55,0.0
20071123:1810,0.0,0.0,0.0,0.0,5.9,4.41,0.0
20071123:1910,0.0,0.0,0.0,0.0,5.17,4.41,0.0
20071123:2010,0.0,0.0,0.0,0.0,4.51,4.28,0.0
20071123:2110,0.0,0.0,0.0,0.0,3.85,4.14,0.0
20071123:2210,0.0,0.0,0.0,0.0,3.25,4.07,0.0
20071123:2310,0.0,0.0,0.0,0.0,2.73,4.07,0.0
20071124:0010,0.0,0.0,0.0,0.0,2.26,3.93,0.0
20071124:0110,0.0,0.0,0.0,0.0,1.84,3.72,0.0
20071124:0210,0.0,0.0,0.0,0.0,1.44,3.38,0.0
20071124:0310,0.0,0.0,0.0,0.0,1.01,3.1,0.0
20071124:0410,0.0,0.0,0.0,0.0,0.59,2.83,0.0
20071124:0510,0.0,0.0,0.0,0.0,0.24,2.76,0.0
20071124:0610,0.0,0.0,0.0,0.0,-0.01,2.76,0.0
20071124:0710,0.0,0.0,0.0,0.0,0.12,2.83,0.0
20071124:0810,55.01,36.0,0.0,6.87,0.36,2.76,0.0
20071124:0910,159.01,57.0,0.0,13.45,1.89,2.55,0.0
20071124:1010,233.01,70.0,0.0,18.16,3.84,2.62,0.0
20071124:1110,274.01,76.0,0.0,20.58,5.41,2.55,0.0
20071124:1210,268.01,78.0,0.0,20.47,6.46,2.76,0.0
20071124:1310,201.01,84.0,0.0,17.81,7.0,2.76,0.0
20071124:1410,134.01,63.0,0.0,12.91,7.06,2.69,0.0
20071124:1510,51.01,31.0,0.0,6.19,6.72,2.21,0.0
20071124:1610,0.0,0.0,0.0,0.0,5.4,2.07,0.0
20071124:1710,0.0,0.0,0.0,0.0,4.39,2.14,0.0
20071124:1810,0.0,0.0,0.0,0.0,3.94,1.93,0.0
20071124:1910,0.0,0.0,0.0,0.0,2.35,2.28,0.0
20071124:2010,0.0,0.0,0.0,0.0,2.07,2.41,0.0
20071124:2110,0.0,0.0,0.0,0.0,2.53,2.62,0.0
20071124:2210,0.0,0.0,0.0,0.0,3.4,2.97,0.0
20071124:2310,0.0,0.0,0.0,0.0,4.21,3.45,0.0
20071125:0010,0.0,0.0,0.0,0.0,4.75,3.93,0.0
20071125:0110,0.0,0.0,0.0,0.0,5.26,4.28,0.0
20071125:0210,0.0,0.0,0.0,0.0,5.64,4.41,0.0
20071125:0310,0.0,0.0,0.0,0.0,5.98,4.34,0.0
20071125:0410,0.0,0.0,0.0,0.0,6.23,4.21,0.0
20071125:0510,0.0,0.0,0.0,0.0,6.57,4.07,0.0
20071125:0610,0.0,0.0,0.0,0.0,6.9,3.72,0.0
20071125:0710,0.0,0.0,0.0,0.0,6.37,3.38,0.0
20071125:0810,0.0,32.0,0.0,6.66,6.55,3.03,0.0
20071125:0910,11.0,94.0,0.0,13.23,7.22,2.83,0.0
20071125:1010,33.0,142.0,0.0,17.95,8.16,2.48,0.0
20071125:1110,25.0,159.0,0.0,20.38,9.32,3.72,0.0
20071125:1210,55.0,164.0,0.0,20.27,10.06,4.28,0.0
20071125:1310,80.0,134.0,0.0,17.64,10.08,4.28,0.0
20071125:1410,53.0,94.0,0.0,12.76,10.06,3.86,0.0
20071125:1510,15.0,41.0,0.0,6.06,9.55,3.17,0.0
20071125:1610,0.0,0.0,0.0,0.0,8.35,3.03,0.0
20071125:1710,0.0,0.0,0.0,0.0,7.33,2.97,0.0
20071125:1810,0.0,0.0,0.0,0.0,6.81,2.9,0.0
20071125:1910,0.0,0.0,0.0,0.0,6.36,2.9,0.0
20071125:2010,0.0,0.0,0.0,0.0,6.16,2.9,0.0
20071125:2110,0.0,0.0,0.0,0.0,6.03,2.83,0.0
20071125:2210,0.0,0.0,0.0,0.0,5.58,2.83,0.0
20071125:2310,0.0,0.0,0.0,0.0,5.45,2.76,0.0
20071126:0010,0.0,0.0,0.0,0.0,5.46,2.83,0.0
20071126:0110,0.0,0.0,0.0,0.0,5.79,2.76,0.0
20071126:0210,0.0,0.0,0.0,0.0,6.02,2.62,0.0
20071126:0310,0.0,0.0,0.0,0.0,6.12,2.48,0.0
20071126:0410,0.0,0.0,0.0,0.0,6.15,2.41,0.0
20071126:0510,0.0,0.0,0.0,0.0,5.68,2.28,0.0
20071126:0610,0.0,0.0,0.0,0.0,5.06,2.14,0.0
20071126:0710,0.0,0.0,0.0,0.0,4.53,2.21,0.0
20071126:0810,5.0,41.0,0.0,6.46,4.19,2.0,0.0
20071126:0910,68.0,92.0,0.0,13.03,5.23,1.72,0.0
20071126:1010,168.01,97.0,0.0,17.74,6.57,2.07,0.0
20071126:1110,139.01,138.0,0.0,20.18,7.37,2.62,0.0
20071126:1210,112.01,148.0,0.0,20.09,7.83,2.97,0.0
20071126:1310,171.01,91.0,0.0,17.48,7.99,3.03,0.0
20071126:1410,127.01,60.0,0.0,12.62,7.95,2.9,0.0
20071126:1510,38.0,33.0,0.0,5.93,7.49,2.07,0.0
20071126:1610,0.0,0.0,0.0,0.0,6.57,1.93,0.0
20071126:1710,0.0,0.0,0.0,0.0,5.58,2.07,0.0
20071126:1810,0.0,0.0,0.0,0.0,5.46,2.0,0.0
20071126:1910,0.0,0.0,0.0,0.0,5.44,2.07,0.0
20071126:2010,0.0,0.0,0.0,0.0,5.01,1.93,0.0
20071126:2110,0.0,0.0,0.0,0.0,4.18,1.79,0.0
20071126:2210,0.0,0.0,0.0,0.0,3.46,1.59,0.0
20071126:2310,0.0,0.0,0.0,0.0,2.43,1.52,0.0
20071127:0010,0.0,0.0,0.0,0.0,2.8,1.24,0.0
20071127:0110,0.0,0.0,0.0,0.0,2.84,1.17,0.0
20071127:0210,0.0,0.0,0.0,0.0,2.92,1.17,0.0
20071127:0310,0.0,0.0,0.0,0.0,2.91,1.24,0.0
20071127:0410,0.0,0.0,0.0,0.0,3.24,0.97,0.0
20071127:0510,0.0,0.0,0.0,0.0,3.87,0.55,0.0
20071127:0610,0.0,0.0,0.0,0.0,3.52,0.07,0.0
20071127:0710,0.0,0.0,0.0,0.0,3.36,0.55,0.0
20071127:0810,5.0,40.0,0.0,6.26,2.79,0.69,0.0
20071127:0910,127.01,63.0,0.0,12.82,3.88,0.28,0.0
20071127:1010,176.01,91.0,0.0,17.54,5.03,0.07,0.0
20071127:1110,240.01,82.0,0.0,19.99,6.1,0.07,0.0
20071127:1210,252.01,76.0,0.0,19.91,6.69,0.41,0.0
20071127:1310,220.01,64.0,0.0,17.32,7.02,0.76,0.0
20071127:1410,128.01,58.0,0.0,12.48,7.14,1.03,0.0
20071127:1510,34.0,33.0,0.0,5.82,6.88,1.03,0.0
20071127:1610,0.0,0.0,0.0,0.0,6.03,1.45,0.0
20071127:1710,0.0,0.0,0.0,0.0,4.8,1.59,0.0
20071127:1810,0.0,0.0,0.0,0.0,3.5,1.72,0.0
20071127:1910,0.0,0.0,0.0,0.0,3.18,1.59,0.0
20071127:2010,0.0,0.0,0.0,0.0,2.18,1.52,0.0
20071127:2110,0.0,0.0,0.0,0.0,1.77,1.45,0.0
20071127:2210,0.0,0.0,0.0,0.0,1.36,1.31,0.0
20071127:2310,0.0,0.0,0.0,0.0,1.08,1.17,0.0
20071128:0010,0.0,0.0,0.0,0.0,1.21,0.97,0.0
20071128:0110,0.0,0.0,0.0,0.0,1.37,0.83,0.0
20071128:0210,0.0,0.0,0.0,0.0,0.53,0.83,0.0
20071128:0310,0.0,0.0,0.0,0.0,-0.04,0.76,0.0
20071128:0410,0.0,0.0,0.0,0.0,-0.77,0.9,0.0
20071128:0510,0.0,0.0,0.0,0.0,-0.73,0.83,0.0
20071128:0610,0.0,0.0,0.0,0.0,-0.85,0.97,0.0
20071128:0710,0.0,0.0,0.0,0.0,-0.12,1.1,0.0
20071128:0810,9.0,41.0,0.0,6.07,0.03,1.03,0.0
20071128:0910,14.0,94.0,0.0,12.63,0.52,0.9,0.0
20071128:1010,21.0,136.0,0.0,17.34,1.35,0.62,0.0
20071128:1110,20.0,154.0,0.0,19.8,1.97,0.55,0.0
20071128:1210,24.0,156.0,0.0,19.74,2.6,0.62,0.0
20071128:1310,26.0,136.0,0.0,17.16,2.79,0.69,0.0
20071128:1410,15.0,91.0,0.0,12.35,3.06,0.83,0.0
20071128:1510,11.0,35.01,0.0,5.71,2.97,1.03,0.0
20071128:1610,0.0,0.0,0.0,0.0,2.56,1.24,0.0
20071128:1710,0.0,0.0,0.0,0.0,2.16,1.45,0.0
20071128:1810,0.0,0.0,0.0,0.0,1.81,1.52,0.0
20071128:1910,0.0,0.0,0.0,0.0,1.53,2.21,0.0
20071128:2010,0.0,0.0,0.0,0.0,1.3,2.28,0.0
20071128:2110,0.0,0.0,0.0,0.0,1.26,2.48,0.0
20071128:2210,0.0,0.0,0.0,0.0,1.6,2.62,0.0
20071128:2310,0.0,0.0,0.0,0.0,1.48,2.83,0.0
20071129:0010,0.0,0.0,0.0,0.0,1.71,3.03,0.0
20071129:0110,0.0,0.0,0.0,0.0,1.76,3.17,0.0
20071129:0210,0.0,0.0,0.0,0.0,1.77,3.38,0.0
20071129:0310,0.0,0.0,0.0,0.0,2.15,3.45,0.0
20071129:0410,0.0,0.0,0.0,0.0,3.06,3.52,0.0
20071129:0510,0.0,0.0,0.0,0.0,3.84,3.59,0.0
20071129:0610,0.0,0.0,0.0,0.0,4.6,3.59,0.0
20071129:0710,0.0,0.0,0.0,0.0,3.63,3.66,0.0
20071129:0810,0.0,24.0,0.0,5.87,4.01,3.59,0.0
20071129:0910,20.0,94.0,0.0,12.44,4.65,3.66,0.0
20071129:1010,0.0,54.0,0.0,17.15,5.47,3.38,0.0
20071129:1110,0.0,57.0,0.0,19.62,6.83,4.9,0.0
20071129:1210,4.0,126.0,0.0,19.57,7.77,5.45,0.0
20071129:1310,0.0,62.0,0.0,17.02,8.48,4.69,0.0
20071129:1410,0.0,60.0,0.0,12.22,8.49,4.69,0.0
20071129:1510,3.0,31.3,0.0,5.6,8.09,4.34,0.0
20071129:1610,0.0,0.0,0.0,0.0,7.62,4.48,0.0
20071129:1710,0.0,0.0,0.0,0.0,7.6,4.9,0.0
20071129:1810,0.0,0.0,0.0,0.0,7.9,5.1,0.0
20071129:1910,0.0,0.0,0.0,0.0,8.35,4.62,0.0
20071129:2010,0.0,0.0,0.0,0.0,8.78,4.34,0.0
20071129:2110,0.0,0.0,0.0,0.0,9.16,3.93,0.0
20071129:2210,0.0,0.0,0.0,0.0,9.07,3.59,0.0
20071129:2310,0.0,0.0,0.0,0.0,8.24,3.17,0.0
20071130:0010,0.0,0.0,0.0,0.0,6.99,2.69,0.0
20071130:0110,0.0,0.0,0.0,0.0,5.9,2.62,0.0
20071130:0210,0.0,0.0,0.0,0.0,5.08,2.48,0.0
20071130:0310,0.0,0.0,0.0,0.0,4.51,2.28,0.0
20071130:0410,0.0,0.0,0.0,0.0,4.05,2.14,0.0
20071130:0510,0.0,0.0,0.0,0.0,3.81,2.0,0.0
20071130:0610,0.0,0.0,0.0,0.0,3.4,2.14,0.0
20071130:0710,0.0,0.0,0.0,0.0,3.85,2.34,0.0
20071130:0810,36.0,22.99,0.0,5.69,3.88,2.48,0.0
20071130:0910,14.0,89.0,0.0,12.25,4.87,2.76,0.0
20071130:1010,5.0,113.0,0.0,16.97,5.86,3.03,0.0
20071130:1110,131.01,133.0,0.0,19.45,7.06,3.38,0.0
20071130:1210,169.01,114.0,0.0,19.41,8.1,3.93,0.0
20071130:1310,12.0,122.0,0.0,16.88,8.83,4.76,0.0
20071130:1410,22.0,91.0,0.0,12.1,8.7,4.9,0.0
20071130:1510,2.0,30.54,0.0,5.5,8.12,4.14,0.0
20071130:1610,0.0,0.0,0.0,0.0,7.13,4.14,0.0
20071130:1710,0.0,0.0,0.0,0.0,6.73,4.48,0.0
20071130:1810,0.0,0.0,0.0,0.0,6.6,4.62,0.0
20071130:1910,0.0,0.0,0.0,0.0,6.47,4.9,0.0
20071130:2010,0.0,0.0,0.0,0.0,6.4,4.9,0.0
20071130:2110,0.0,0.0,0.0,0.0,6.41,5.03,0.0
20071130:2210,0.0,0.0,0.0,0.0,6.5,5.31,0.0
20071130:2310,0.0,0.0,0.0,0.0,6.7,5.66,0.0
20071201:0010,0.0,0.0,0.0,0.0,7.05,6.07,0.0
20071201:0110,0.0,0.0,0.0,0.0,7.62,6.41,0.0
20071201:0210,0.0,0.0,0.0,0.0,8.15,6.55,0.0
20071201:0310,0.0,0.0,0.0,0.0,8.48,6.55,0.0
20071201:0410,0.0,0.0,0.0,0.0,8.79,6.41,0.0
20071201:0510,0.0,0.0,0.0,0.0,9.24,5.86,0.0
20071201:0610,0.0,0.0,0.0,0.0,9.69,4.9,0.0
20071201:0710,0.0,0.0,0.0,0.0,9.32,4.14,0.0
20071201:0810,24.0,28.77,0.0,5.51,8.83,4.07,0.0
20071201:0910,138.01,49.0,0.0,12.07,8.8,4.28,0.0
20071201:1010,219.01,58.0,0.0,16.79,9.42,4.07,0.0
20071201:1110,255.01,66.0,0.0,19.28,9.8,5.24,0.0
20071201:1210,213.01,89.0,0.0,19.26,9.89,5.31,0.0
20071201:1310,197.01,68.0,0.0,16.75,9.9,5.31,0.0
20071201:1410,136.01,49.0,0.0,11.99,9.8,5.17,0.0
20071201:1510,38.0,19.98,0.0,5.41,9.31,5.1,0.0
20071201:1610,0.0,0.0,0.0,0.0,8.43,5.1,0.0
20071201:1710,0.0,0.0,0.0,0.0,8.01,5.45,0.0
20071201:1810,0.0,0.0,0.0,0.0,7.88,6.0,0.0
20071201:1910,0.0,0.0,0.0,0.0,8.28,6.62,0.0
20071201:2010,0.0,0.0,0.0,0.0,8.38,7.1,0.0
20071201:2110,0.0,0.0,0.0,0.0,8.33,7.52,0.0
20071201:2210,0.0,0.0,0.0,0.0,8.06,7.59,0.0
20071201:2310,0.0,0.0,0.0,0.0,8.16,6.83,0.0
20071202:0010,0.0,0.0,0.0,0.0,8.03,6.21,0.0
20071202:0110,0.0,0.0,0.0,0.0,8.12,6.0,0.0
20071202:0210,0.0,0.0,0.0,0.0,8.34,5.93,0.0
20071202:0310,0.0,0.0,0.0,0.0,8.61,5.93,0.0
20071202:0410,0.0,0.0,0.0,0.0,8.86,5.86,0.0
20071202:0510,0.0,0.0,0.0,0.0,8.66,5.66,0.0
20071202:0610,0.0,0.0,0.0,0.0,8.87,5.79,0.0
20071202:0710,0.0,0.0,0.0,0.0,9.47,6.55,0.0
20071202:0810,0.0,20.0,0.0,5.33,10.13,7.1,0.0
20071202:0910,3.0,73.0,0.0,11.89,10.53,8.21,0.0
20071202:1010,0.0,60.0,0.0,16.62,10.39,8.69,0.0
20071202:1110,0.0,77.0,0.0,19.12,10.64,9.1,0.0
20071202:1210,0.0,75.0,0.0,19.12,10.7,10.0,0.0
20071202:1310,0.0,39.0,0.0,16.62,10.71,10.41,0.0
20071202:1410,0.0,35.0,0.0,11.89,10.69,10.9,0.0
20071202:1510,11.0,31.14,0.0,5.33,10.68,11.17,0.0
20071202:1610,0.0,0.0,0.0,0.0,10.92,10.97,0.0
20071202:1710,0.0,0.0,0.0,0.0,10.75,10.62,0.0
20071202:1810,0.0,0.0,0.0,0.0,10.6,9.86,0.0
20071202:1910,0.0,0.0,0.0,0.0,10.97,8.34,0.0
20071202:2010,0.0,0.0,0.0,0.0,11.09,8.0,0.0
20071202:2110,0.0,0.0,0.0,0.0,10.77,9.24,0.0
20071202:2210,0.0,0.0,0.0,0.0,9.34,8.62,0.0
20071202:2310,0.0,0.0,0.0,0.0,8.69,8.34,0.0
20071203:0010,0.0,0.0,0.0,0.0,8.42,8.41,0.0
20071203:0110,0.0,0.0,0.0,0.0,8.3,8.28,0.0
20071203:0210,0.0,0.0,0.0,0.0,8.5,8.28,0.0
20071203:0310,0.0,0.0,0.0,0.0,8.54,7.93,0.0
20071203:0410,0.0,0.0,0.0,0.0,8.51,7.45,0.0
20071203:0510,0.0,0.0,0.0,0.0,8.57,6.76,0.0
20071203:0610,0.0,0.0,0.0,0.0,8.33,6.28,0.0
20071203:0710,0.0,0.0,0.0,0.0,7.78,5.31,0.0
20071203:0810,21.0,26.69,0.0,5.16,7.75,5.17,0.0
20071203:0910,44.0,88.0,0.0,11.72,8.08,5.24,0.0
20071203:1010,188.01,72.0,0.0,16.46,8.95,5.79,0.0
20071203:1110,103.01,142.0,0.0,18.96,9.59,6.21,0.0
20071203:1210,116.01,138.0,0.0,18.98,10.07,6.07,0.0
20071203:1310,116.01,111.0,0.0,16.51,10.39,5.79,0.0
20071203:1410,24.0,90.0,0.0,11.79,10.43,5.31,0.0
20071203:1510,35.0,19.66,0.0,5.25,9.82,4.41,0.0
20071203:1610,0.0,0.0,0.0,0.0,9.1,4.9,0.0
20071203:1710,0.0,0.0,0.0,0.0,8.49,5.1,0.0
20071203:1810,0.0,0.0,0.0,0.0,8.19,5.38,0.0
20071203:1910,0.0,0.0,0.0,0.0,8.05,5.52,0.0
20071203:2010,0.0,0.0,0.0,0.0,7.75,5.31,0.0
20071203:2110,0.0,0.0,0.0,0.0,7.63,5.38,0.0
20071203:2210,0.0,0.0,0.0,0.0,7.58,5.38,0.0
20071203:2310,0.0,0.0,0.0,0.0,7.54,5.24,0.0
20071204:0010,0.0,0.0,0.0,0.0,7.54,5.1,0.0
20071204:0110,0.0,0.0,0.0,0.0,7.41,4.97,0.0
20071204:0210,0.0,0.0,0.0,0.0,7.26,4.69,0.0
20071204:0310,0.0,0.0,0.0,0.0,7.25,4.07,0.0
20071204:0410,0.0,0.0,0.0,0.0,7.05,3.66,0.0
20071204:0510,0.0,0.0,0.0,0.0,6.71,3.1,0.0
20071204:0610,0.0,0.0,0.0,0.0,6.23,2.62,0.0
20071204:0710,0.0,0.0,0.0,0.0,6.36,2.62,0.0
20071204:0810,10.0,30.31,0.0,4.99,6.4,2.41,0.0
20071204:0910,120.01,52.0,0.0,11.56,7.18,2.41,0.0
20071204:1010,8.0,114.0,0.0,16.3,8.33,2.55,0.0
20071204:1110,8.0,132.0,0.0,18.82,9.51,3.1,0.0
20071204:1210,11.0,137.0,0.0,18.85,10.43,3.52,0.0
20071204:1310,106.01,111.0,0.0,16.39,11.06,4.07,0.0
20071204:1410,22.0,87.0,0.0,11.7,11.48,3.86,0.0
20071204:1510,7.0,31.18,0.0,5.18,11.26,3.31,0.0
20071204:1610,0.0,0.0,0.0,0.0,10.64,3.38,0.0
20071204:1710,0.0,0.0,0.0,0.0,10.25,3.79,0.0
20071204:1810,0.0,0.0,0.0,0.0,9.84,3.93,0.0
20071204:1910,0.0,0.0,0.0,0.0,9.45,4.07,0.0
20071204:2010,0.0,0.0,0.0,0.0,9.71,3.93,0.0
20071204:2110,0.0,0.0,0.0,0.0,10.03,3.93,0.0
20071204:2210,0.0,0.0,0.0,0.0,10.15,4.07,0.0
20071204:2310,0.0,0.0,0.0,0.0,10.45,4.34,0.0
20071205:0010,0.0,0.0,0.0,0.0,10.66,4.62,0.0
20071205:0110,0.0,0.0,0.0,0.0,10.71,4.9,0.0
20071205:0210,0.0,0.0,0.0,0.0,10.71,5.17,0.0
20071205:0310,0.0,0.0,0.0,0.0,10.69,5.45,0.0
20071205:0410,0.0,0.0,0.0,0.0,10.59,5.59,0.0
20071205:0510,0.0,0.0,0.0,0.0,10.32,5.66,0.0
20071205:0610,0.0,0.0,0.0,0.0,10.09,5.59,0.0
20071205:0710,0.0,0.0,0.0,0.0,9.61,5.38,0.0
20071205:0810,2.0,25.56,0.0,4.83,9.44,5.59,0.0
20071205:0910,18.0,84.0,0.0,11.4,9.88,5.79,0.0
20071205:1010,4.0,104.0,0.0,16.15,10.4,6.69,0.0
20071205:1110,171.01,105.0,0.0,18.68,11.11,6.9,0.0
20071205:1210,3.0,117.0,0.0,18.73,11.8,8.21,0.0
20071205:1310,0.0,85.0,0.0,16.29,11.65,6.69,0.0
20071205:1410,0.0,43.0,0.0,11.62,11.44,6.9,0.0
20071205:1510,2.0,26.57,0.0,5.12,11.52,6.76,0.0
20071205:1610,0.0,0.0,0.0,0.0,11.53,6.28,0.0
20071205:1710,0.0,0.0,0.0,0.0,11.36,5.79,0.0
20071205:1810,0.0,0.0,0.0,0.0,11.2,5.52,0.0
20071205:1910,0.0,0.0,0.0,0.0,11.08,5.59,0.0
20071205:2010,0.0,0.0,0.0,0.0,10.91,5.45,0.0
20071205:2110,0.0,0.0,0.0,0.0,10.62,5.38,0.0
20071205:2210,0.0,0.0,0.0,0.0,10.22,5.24,0.0
20071205:2310,0.0,0.0,0.0,0.0,9.98,5.17,0.0
20071206:0010,0.0,0.0,0.0,0.0,9.84,5.03,0.0
20071206:0110,0.0,0.0,0.0,0.0,9.54,4.83,0.0
20071206:0210,0.0,0.0,0.0,0.0,9.33,4.83,0.0
20071206:0310,0.0,0.0,0.0,0.0,9.06,4.48,0.0
20071206:0410,0.0,0.0,0.0,0.0,8.44,4.34,0.0
20071206:0510,0.0,0.0,0.0,0.0,8.08,4.41,0.0
20071206:0610,0.0,0.0,0.0,0.0,7.97,4.41,0.0
20071206:0710,0.0,0.0,0.0,0.0,8.01,4.34,0.0
20071206:0810,0.0,21.0,0.0,4.68,8.01,4.83,0.0
20071206:0910,16.0,81.0,0.0,11.25,8.8,5.59,0.0
20071206:1010,18.0,120.0,0.0,16.0,9.67,5.79,0.0
20071206:1110,2.0,110.0,0.0,18.54,10.07,6.07,0.0
20071206:1210,0.0,84.0,0.0,18.61,10.66,7.1,0.0
20071206:1310,0.0,83.0,0.0,16.2,11.22,7.1,0.0
20071206:1410,0.0,24.0,0.0,11.55,11.43,7.03,0.0
20071206:1510,0.0,6.0,0.0,5.06,11.69,6.97,0.0
20071206:1610,0.0,0.0,0.0,0.0,12.08,6.9,0.0
20071206:1710,0.0,0.0,0.0,0.0,12.31,6.9,0.0
20071206:1810,0.0,0.0,0.0,0.0,12.47,6.69,0.0
20071206:1910,0.0,0.0,0.0,0.0,12.41,6.48,0.0
20071206:2010,0.0,0.0,0.0,0.0,12.49,6.69,0.0
20071206:2110,0.0,0.0,0.0,0.0,12.43,6.97,0.0
20071206:2210,0.0,0.0,0.0,0.0,12.25,7.24,0.0
20071206:2310,0.0,0.0,0.0,0.0,12.1,7.59,0.0
20071207:0010,0.0,0.0,0.0,0.0,12.03,7.93,0.0
20071207:0110,0.0,0.0,0.0,0.0,12.13,8.07,0.0
20071207:0210,0.0,0.0,0.0,0.0,12.2,8.28,0.0
20071207:0310,0.0,0.0,0.0,0.0,12.18,8.55,0.0
20071207:0410,0.0,0.0,0.0,0.0,12.32,8.07,0.0
20071207:0510,0.0,0.0,0.0,0.0,12.57,7.79,0.0
20071207:0610,0.0,0.0,0.0,0.0,12.64,7.72,0.0
20071207:0710,0.0,0.0,0.0,0.0,11.99,7.45,0.0
20071207:0810,13.0,25.61,0.0,4.53,11.15,7.17,0.0
20071207:0910,51.0,79.0,0.0,11.1,10.83,6.97,0.0
20071207:1010,82.0,117.0,0.0,15.87,11.01,7.31,0.0
20071207:1110,220.01,74.0,0.0,18.42,11.22,8.0,0.0
20071207:1210,66.0,146.0,0.0,18.5,11.35,8.21,0.0
20071207:1310,76.0,120.0,0.0,16.11,10.51,7.86,0.0
20071207:1410,0.0,43.0,0.0,11.48,10.4,7.31,0.0
20071207:1510,0.0,23.0,0.0,5.01,9.68,6.14,0.0
20071207:1610,0.0,0.0,0.0,0.0,9.23,6.55,0.0
20071207:1710,0.0,0.0,0.0,0.0,8.48,6.69,0.0
20071207:1810,0.0,0.0,0.0,0.0,7.49,6.69,0.0
20071207:1910,0.0,0.0,0.0,0.0,7.32,6.07,0.0
20071207:2010,0.0,0.0,0.0,0.0,7.17,5.59,0.0
20071207:2110,0.0,0.0,0.0,0.0,6.82,5.45,0.0
20071207:2210,0.0,0.0,0.0,0.0,6.42,5.03,0.0
20071207:2310,0.0,0.0,0.0,0.0,6.06,4.97,0.0
20071208:0010,0.0,0.0,0.0,0.0,5.93,4.83,0.0
20071208:0110,0.0,0.0,0.0,0.0,5.67,4.48,0.0
20071208:0210,0.0,0.0,0.0,0.0,5.32,4.07,0.0
20071208:0310,0.0,0.0,0.0,0.0,4.62,3.59,0.0
20071208:0410,0.0,0.0,0.0,0.0,4.06,3.45,0.0
20071208:0510,0.0,0.0,0.0,0.0,3.88,3.45,0.0
20071208:0610,0.0,0.0,0.0,0.0,4.04,3.52,0.0
20071208:0710,0.0,0.0,0.0,0.0,3.75,3.31,0.0
20071208:0810,6.0,25.49,0.0,4.38,4.14,3.31,0.0
20071208:0910,1.0,61.0,0.0,10.96,4.9,3.79,0.0
20071208:1010,2.0,97.0,0.0,15.73,5.76,4.07,0.0
20071208:1110,0.0,73.0,0.0,18.3,6.32,4.28,0.0
20071208:1210,0.0,75.0,0.0,18.4,6.11,4.97,0.0
20071208:1310,0.0,44.0,0.0,16.03,5.75,6.55,0.0
20071208:1410,0.0,57.0,0.0,11.42,5.47,7.52,0.0
20071208:1510,4.0,29.02,0.0,4.97,5.62,8.0,0.0
20071208:1610,0.0,0.0,0.0,0.0,6.14,8.28,0.0
20071208:1710,0.0,0.0,0.0,0.0,7.13,8.07,0.0
20071208:1810,0.0,0.0,0.0,0.0,8.27,7.24,0.0
20071208:1910,0.0,0.0,0.0,0.0,9.86,6.34,0.0
20071208:2010,0.0,0.0,0.0,0.0,10.62,5.86,0.0
20071208:2110,0.0,0.0,0.0,0.0,11.42,6.14,0.0
20071208:2210,0.0,0.0,0.0,0.0,11.06,6.21,0.0
20071208:2310,0.0,0.0,0.0,0.0,10.28,5.79,0.0
20071209:0010,0.0,0.0,0.0,0.0,9.72,5.1,0.0
20071209:0110,0.0,0.0,0.0,0.0,9.56,4.9,0.0
20071209:0210,0.0,0.0,0.0,0.0,9.2,5.52,0.0
20071209:0310,0.0,0.0,0.0,0.0,8.72,5.59,0.0
20071209:0410,0.0,0.0,0.0,0.0,8.09,5.86,0.0
20071209:0510,0.0,0.0,0.0,0.0,7.41,5.72,0.0
20071209:0610,0.0,0.0,0.0,0.0,7.03,5.52,0.0
20071209:0710,0.0,0.0,0.0,0.0,6.72,5.38,0.0
20071209:0810,28.0,16.09,0.0,4.24,6.62,5.45,0.0
20071209:0910,1.0,60.0,0.0,10.83,6.95,5.86,0.0
20071209:1010,195.01,59.0,0.0,15.61,7.42,5.72,0.0
20071209:1110,116.01,128.0,0.0,18.19,8.18,7.1,0.0
20071209:1210,104.01,134.0,0.0,18.31,8.64,7.72,0.0
20071209:1310,14.0,119.0,0.0,15.95,8.86,8.0,0.0
20071209:1410,2.0,69.0,0.0,11.36,8.83,9.86,0.0
20071209:1510,23.0,23.49,0.0,4.93,8.27,9.24,0.0
20071209:1610,0.0,0.0,0.0,0.0,8.32,8.76,0.0
20071209:1710,0.0,0.0,0.0,0.0,8.38,8.21,0.0
20071209:1810,0.0,0.0,0.0,0.0,8.23,7.86,0.0
20071209:1910,0.0,0.0,0.0,0.0,8.06,7.66,0.0
20071209:2010,0.0,0.0,0.0,0.0,8.07,7.38,0.0
20071209:2110,0.0,0.0,0.0,0.0,7.76,7.1,0.0
20071209:2210,0.0,0.0,0.0,0.0,7.56,6.76,0.0
20071209:2310,0.0,0.0,0.0,0.0,7.51,6.41,0.0
20071210:0010,0.0,0.0,0.0,0.0,7.14,6.28,0.0
20071210:0110,0.0,0.0,0.0,0.0,6.87,5.72,0.0
20071210:0210,0.0,0.0,0.0,0.0,6.61,5.17,0.0
20071210:0310,0.0,0.0,0.0,0.0,6.48,5.24,0.0
20071210:0410,0.0,0.0,0.0,0.0,6.65,5.45,0.0
20071210:0510,0.0,0.0,0.0,0.0,7.04,5.72,0.0
20071210:0610,0.0,0.0,0.0,0.0,7.12,6.0,0.0
20071210:0710,0.0,0.0,0.0,0.0,6.7,6.21,0.0
20071210:0810,5.0,22.81,0.0,4.11,6.64,6.28,0.0
20071210:0910,15.0,79.0,0.0,10.7,6.72,6.41,0.0
20071210:1010,1.0,90.0,0.0,15.49,6.88,6.48,0.0
20071210:1110,147.01,112.0,0.0,18.08,7.05,6.34,0.0
20071210:1210,60.0,145.0,0.0,18.22,7.09,6.28,0.0
20071210:1310,115.01,103.0,0.0,15.89,7.04,6.28,0.0
20071210:1410,4.0,71.0,0.0,11.32,6.99,6.0,0.0
20071210:1510,18.0,25.52,0.0,4.9,6.94,5.93,0.0
20071210:1610,0.0,0.0,0.0,0.0,6.55,5.66,0.0
20071210:1710,0.0,0.0,0.0,0.0,6.35,5.52,0.0
20071210:1810,0.0,0.0,0.0,0.0,6.39,5.31,0.0
20071210:1910,0.0,0.0,0.0,0.0,6.12,5.24,0.0
20071210:2010,0.0,0.0,0.0,0.0,6.1,5.17,0.0
20071210:2110,0.0,0.0,0.0,0.0,6.1,5.03,0.0
20071210:2210,0.0,0.0,0.0,0.0,5.94,4.97,0.0
20071210:2310,0.0,0.0,0.0,0.0,5.51,5.03,0.0
20071211:0010,0.0,0.0,0.0,0.0,5.29,4.97,0.0
20071211:0110,0.0,0.0,0.0,0.0,5.23,4.83,0.0
20071211:0210,0.0,0.0,0.0,0.0,5.29,4.83,0.0
20071211:0310,0.0,0.0,0.0,0.0,5.4,4.9,0.0
20071211:0410,0.0,0.0,0.0,0.0,5.4,4.83,0.0
20071211:0510,0.0,0.0,0.0,0.0,5.29,4.55,0.0
20071211:0610,0.0,0.0,0.0,0.0,5.17,4.34,0.0
20071211:0710,0.0,0.0,0.0,0.0,4.81,4.34,0.0
20071211:0810,15.0,20.32,0.0,3.98,4.72,4.0,0.0
20071211:0910,120.01,44.0,0.0,10.58,4.74,3.52,0.0
20071211:1010,135.01,90.0,0.0,15.38,5.56,5.1,0.0
20071211:1110,177.01,98.0,0.0,17.99,5.93,5.38,0.0
20071211:1210,162.01,108.0,0.0,18.14,6.25,4.97,0.0
20071211:1310,20.0,123.0,0.0,15.83,6.46,4.83,0.0
20071211:1410,7.0,77.0,0.0,11.28,6.37,4.55,0.0
20071211:1510,8.0,29.86,0.0,4.88,5.57,3.72,0.0
20071211:1610,0.0,0.0,0.0,0.0,4.75,3.59,0.0
20071211:1710,0.0,0.0,0.0,0.0,4.22,3.45,0.0
20071211:1810,0.0,0.0,0.0,0.0,3.62,3.38,0.0
20071211:1910,0.0,0.0,0.0,0.0,3.14,3.17,0.0
20071211:2010,0.0,0.0,0.0,0.0,3.0,2.97,0.0
20071211:2110,0.0,0.0,0.0,0.0,2.39,2.69,0.0
20071211:2210,0.0,0.0,0.0,0.0,2.0,2.48,0.0
20071211:2310,0.0,0.0,0.0,0.0,1.54,2.48,0.0
20071212:0010,0.0,0.0,0.0,0.0,0.97,2.41,0.0
20071212:0110,0.0,0.0,0.0,0.0,0.63,2.34,0.0
20071212:0210,0.0,0.0,0.0,0.0,0.15,2.28,0.0
20071212:0310,0.0,0.0,0.0,0.0,-0.22,2.21,0.0
20071212:0410,0.0,0.0,0.0,0.0,-0.62,2.14,0.0
20071212:0510,0.0,0.0,0.0,0.0,-0.87,2.07,0.0
20071212:0610,0.0,0.0,0.0,0.0,-1.09,2.0,0.0
20071212:0710,0.0,0.0,0.0,0.0,-1.31,1.86,0.0
20071212:0810,0.0,0.0,0.0,0.0,-1.33,1.66,0.0
20071212:0910,101.01,52.0,0.0,10.46,0.06,1.31,0.0
20071212:1010,181.01,64.0,0.0,15.27,2.15,1.52,0.0
20071212:1110,155.01,110.0,0.0,17.9,3.61,1.72,0.0
20071212:1210,249.01,60.0,0.0,18.07,4.67,1.79,0.0
20071212:1310,199.01,60.0,0.0,15.78,5.25,2.07,0.0
20071212:1410,101.01,61.0,0.0,11.24,5.44,2.48,0.0
20071212:1510,38.01,15.69,0.0,4.87,5.04,2.41,0.0
20071212:1610,0.0,0.0,0.0,0.0,4.49,2.48,0.0
20071212:1710,0.0,0.0,0.0,0.0,3.69,2.28,0.0
20071212:1810,0.0,0.0,0.0,0.0,3.24,2.28,0.0
20071212:1910,0.0,0.0,0.0,0.0,2.9,2.41,0.0
20071212:2010,0.0,0.0,0.0,0.0,2.84,2.41,0.0
20071212:2110,0.0,0.0,0.0,0.0,2.77,2.41,0.0
20071212:2210,0.0,0.0,0.0,0.0,2.71,2.48,0.0
20071212:2310,0.0,0.0,0.0,0.0,2.79,2.62,0.0
20071213:0010,0.0,0.0,0.0,0.0,2.76,2.76,0.0
20071213:0110,0.0,0.0,0.0,0.0,2.61,2.76,0.0
20071213:0210,0.0,0.0,0.0,0.0,2.35,2.69,0.0
20071213:0310,0.0,0.0,0.0,0.0,2.12,2.62,0.0
20071213:0410,0.0,0.0,0.0,0.0,2.02,2.55,0.0
20071213:0510,0.0,0.0,0.0,0.0,1.68,2.62,0.0
20071213:0610,0.0,0.0,0.0,0.0,1.35,2.83,0.0
20071213:0710,0.0,0.0,0.0,0.0,1.17,2.83,0.0
20071213:0810,10.0,20.5,0.0,3.74,0.85,2.9,0.0
20071213:0910,102.01,49.0,0.0,10.35,1.54,2.69,0.0
20071213:1010,182.01,62.0,0.0,15.18,2.98,3.52,0.0
20071213:1110,241.01,61.0,0.0,17.81,4.2,3.59,0.0
20071213:1210,241.01,63.0,0.0,18.0,4.98,3.24,0.0
20071213:1310,198.01,60.0,0.0,15.73,5.38,3.24,0.0
20071213:1410,122.01,48.0,0.0,11.22,5.47,3.45,0.0
20071213:1510,33.0,18.09,0.0,4.86,5.2,3.38,0.0
20071213:1610,0.0,0.0,0.0,0.0,4.72,3.1,0.0
20071213:1710,0.0,0.0,0.0,0.0,4.5,3.24,0.0
20071213:1810,0.0,0.0,0.0,0.0,4.34,3.38,0.0
20071213:1910,0.0,0.0,0.0,0.0,4.6,3.45,0.0
20071213:2010,0.0,0.0,0.0,0.0,4.41,3.31,0.0
20071213:2110,0.0,0.0,0.0,0.0,4.29,3.24,0.0
20071213:2210,0.0,0.0,0.0,0.0,4.35,3.17,0.0
20071213:2310,0.0,0.0,0.0,0.0,3.99,2.9,0.0
20071214:0010,0.0,0.0,0.0,0.0,3.57,2.69,0.0
20071214:0110,0.0,0.0,0.0,0.0,3.13,2.62,0.0
20071214:0210,0.0,0.0,0.0,0.0,2.47,2.76,0.0
20071214:0310,0.0,0.0,0.0,0.0,1.85,2.9,0.0
20071214:0410,0.0,0.0,0.0,0.0,1.54,2.97,0.0
20071214:0510,0.0,0.0,0.0,0.0,1.08,2.83,0.0
20071214:0610,0.0,0.0,0.0,0.0,0.78,2.83,0.0
20071214:0710,0.0,0.0,0.0,0.0,0.64,3.1,0.0
20071214:0810,21.0,14.54,0.0,3.63,0.57,3.03,0.0
20071214:0910,98.01,52.0,0.0,10.25,1.48,2.83,0.0
20071214:1010,181.01,63.0,0.0,15.08,2.43,3.38,0.0
20071214:1110,234.01,65.0,0.0,17.74,3.32,4.0,0.0
20071214:1210,164.01,107.0,0.0,17.95,3.72,4.48,0.0
20071214:1310,0.0,66.0,0.0,15.69,3.99,4.21,0.0
20071214:1410,0.0,42.0,0.0,11.2,3.97,4.0,0.0
20071214:1510,1.0,23.8,0.0,4.86,3.45,3.52,0.0
20071214:1610,0.0,0.0,0.0,0.0,2.32,3.52,0.0
20071214:1710,0.0,0.0,0.0,0.0,1.73,3.66,0.0
20071214:1810,0.0,0.0,0.0,0.0,1.37,3.66,0.0
20071214:1910,0.0,0.0,0.0,0.0,1.47,3.45,0.0
20071214:2010,0.0,0.0,0.0,0.0,1.2,3.24,0.0
20071214:2110,0.0,0.0,0.0,0.0,0.81,3.17,0.0
20071214:2210,0.0,0.0,0.0,0.0,0.33,3.17,0.0
20071214:2310,0.0,0.0,0.0,0.0,0.22,3.31,0.0
20071215:0010,0.0,0.0,0.0,0.0,0.0,3.59,0.0
20071215:0110,0.0,0.0,0.0,0.0,-0.49,3.72,0.0
20071215:0210,0.0,0.0,0.0,0.0,-0.92,3.86,0.0
20071215:0310,0.0,0.0,0.0,0.0,-1.33,3.86,0.0
20071215:0410,0.0,0.0,0.0,0.0,-1.89,3.72,0.0
20071215:0510,0.0,0.0,0.0,0.0,-2.32,3.59,0.0
20071215:0610,0.0,0.0,0.0,0.0,-2.47,3.72,0.0
20071215:0710,0.0,0.0,0.0,0.0,-2.21,3.59,0.0
20071215:0810,22.0,13.44,0.0,3.53,-2.28,3.66,0.0
20071215:0910,97.01,52.0,0.0,10.15,-1.45,3.31,0.0
20071215:1010,175.01,67.0,0.0,15.0,-0.35,4.41,0.0
20071215:1110,232.01,67.0,0.0,17.67,0.55,4.9,0.0
20071215:1210,242.01,64.0,0.0,17.9,1.31,4.97,0.0
20071215:1310,200.01,60.0,0.0,15.67,1.83,4.9,0.0
20071215:1410,124.01,49.0,0.0,11.19,2.02,4.62,0.0
20071215:1510,33.0,18.1,0.0,4.86,1.65,4.0,0.0
20071215:1610,0.0,0.0,0.0,0.0,0.68,3.86,0.0
20071215:1710,0.0,0.0,0.0,0.0,-0.01,3.79,0.0
20071215:1810,0.0,0.0,0.0,0.0,-0.55,3.59,0.0
20071215:1910,0.0,0.0,0.0,0.0,-0.56,3.24,0.0
20071215:2010,0.0,0.0,0.0,0.0,-1.05,3.31,0.0
20071215:2110,0.0,0.0,0.0,0.0,-1.37,3.38,0.0
20071215:2210,0.0,0.0,0.0,0.0,-1.61,3.31,0.0
20071215:2310,0.0,0.0,0.0,0.0,-1.98,3.17,0.0
20071216:0010,0.0,0.0,0.0,0.0,-2.34,3.03,0.0
20071216:0110,0.0,0.0,0.0,0.0,-2.67,3.03,0.0
20071216:0210,0.0,0.0,0.0,0.0,-2.93,3.03,0.0
20071216:0310,0.0,0.0,0.0,0.0,-3.16,2.97,0.0
20071216:0410,0.0,0.0,0.0,0.0,-3.4,2.76,0.0
20071216:0510,0.0,0.0,0.0,0.0,-3.61,2.76,0.0
20071216:0610,0.0,0.0,0.0,0.0,-3.72,2.83,0.0
20071216:0710,0.0,0.0,0.0,0.0,-3.99,2.69,0.0
20071216:0810,22.0,12.57,0.0,3.43,-3.92,2.76,0.0
20071216:0910,92.01,54.0,0.0,10.07,-2.71,2.76,0.0
20071216:1010,164.01,72.0,0.0,14.93,-1.03,3.59,0.0
20071216:1110,231.01,66.0,0.0,17.61,0.22,4.14,0.0
20071216:1210,244.01,63.0,0.0,17.86,1.12,4.14,0.0
20071216:1310,199.01,61.0,0.0,15.64,1.65,4.07,0.0
20071216:1410,127.01,48.0,0.0,11.19,1.78,4.14,0.0
20071216:1510,34.0,17.91,0.0,4.87,1.23,3.72,0.0
20071216:1610,0.0,0.0,0.0,0.0,0.05,3.72,0.0
20071216:1710,0.0,0.0,0.0,0.0,-0.58,3.79,0.0
20071216:1810,0.0,0.0,0.0,0.0,-0.87,3.79,0.0
20071216:1910,0.0,0.0,0.0,0.0,-0.79,3.72,0.0
20071216:2010,0.0,0.0,0.0,0.0,-0.98,3.72,0.0
20071216:2110,0.0,0.0,0.0,0.0,-1.18,3.66,0.0
20071216:2210,0.0,0.0,0.0,0.0,-1.41,3.66,0.0
20071216:2310,0.0,0.0,0.0,0.0,-1.62,3.72,0.0
20071217:0010,0.0,0.0,0.0,0.0,-1.83,3.79,0.0
20071217:0110,0.0,0.0,0.0,0.0,-2.05,3.79,0.0
20071217:0210,0.0,0.0,0.0,0.0,-2.24,3.79,0.0
20071217:0310,0.0,0.0,0.0,0.0,-2.36,3.86,0.0
20071217:0410,0.0,0.0,0.0,0.0,-2.5,3.93,0.0
20071217:0510,0.0,0.0,0.0,0.0,-2.62,3.93,0.0
20071217:0610,0.0,0.0,0.0,0.0,-2.71,4.0,0.0
20071217:0710,0.0,0.0,0.0,0.0,-2.64,3.79,0.0
20071217:0810,16.0,14.5,0.0,3.34,-2.69,3.72,0.0
20071217:0910,45.0,72.0,0.0,9.98,-1.92,3.38,0.0
20071217:1010,7.0,104.0,0.0,14.86,-0.78,4.41,0.0
20071217:1110,0.0,59.0,0.0,17.56,0.19,4.9,0.0
20071217:1210,0.0,52.0,0.0,17.83,0.85,4.97,0.0
20071217:1310,0.0,51.0,0.0,15.63,1.25,5.17,0.0
20071217:1410,0.0,33.0,0.0,11.19,1.2,5.24,0.0
20071217:1510,0.0,19.0,0.0,4.89,0.72,4.62,0.0
20071217:1610,0.0,0.0,0.0,0.0,-0.18,4.41,0.0
20071217:1710,0.0,0.0,0.0,0.0,-0.55,4.34,0.0
20071217:1810,0.0,0.0,0.0,0.0,-0.4,4.34,0.0
20071217:1910,0.0,0.0,0.0,0.0,0.0,4.34,0.0
20071217:2010,0.0,0.0,0.0,0.0,-0.24,4.0,0.0
20071217:2110,0.0,0.0,0.0,0.0,-0.85,3.72,0.0
20071217:2210,0.0,0.0,0.0,0.0,-1.5,3.45,0.0
20071217:2310,0.0,0.0,0.0,0.0,-2.16,3.1,0.0
20071218:0010,0.0,0.0,0.0,0.0,-2.59,2.83,0.0
20071218:0110,0.0,0.0,0.0,0.0,-2.94,2.69,0.0
20071218:0210,0.0,0.0,0.0,0.0,-3.2,2.76,0.0
20071218:0310,0.0,0.0,0.0,0.0,-3.37,2.76,0.0
20071218:0410,0.0,0.0,0.0,0.0,-3.5,2.69,0.0
20071218:0510,0.0,0.0,0.0,0.0,-3.68,2.55,0.0
20071218:0610,0.0,0.0,0.0,0.0,-3.84,2.48,0.0
20071218:0710,0.0,0.0,0.0,0.0,-4.35,2.28,0.0
20071218:0810,17.0,13.39,0.0,3.25,-4.51,2.14,0.0
20071218:0910,88.01,54.0,0.0,9.91,-3.53,2.14,0.0
20071218:1010,175.01,64.0,0.0,14.79,-2.02,2.76,0.0
20071218:1110,219.01,72.0,0.0,17.51,-0.8,2.9,0.0
20071218:1210,203.01,84.0,0.0,17.8,0.07,2.9,0.0
20071218:1310,170.01,77.0,0.0,15.62,0.63,3.03,0.0
20071218:1410,121.01,50.0,0.0,11.2,0.65,3.17,0.0
20071218:1510,26.0,22.77,0.0,4.92,0.02,2.62,0.0
20071218:1610,0.0,0.0,0.0,0.0,-1.36,2.62,0.0
20071218:1710,0.0,0.0,0.0,0.0,-2.24,2.48,0.0
20071218:1810,0.0,0.0,0.0,0.0,-2.66,2.34,0.0
20071218:1910,0.0,0.0,0.0,0.0,-2.86,2.34,0.0
20071218:2010,0.0,0.0,0.0,0.0,-2.97,2.34,0.0
20071218:2110,0.0,0.0,0.0,0.0,-3.14,2.34,0.0
20071218:2210,0.0,0.0,0.0,0.0,-3.4,2.34,0.0
20071218:2310,0.0,0.0,0.0,0.0,-3.63,2.41,0.0
20071219:0010,0.0,0.0,0.0,0.0,-3.8,2.41,0.0
20071219:0110,0.0,0.0,0.0,0.0,-3.88,2.41,0.0
20071219:0210,0.0,0.0,0.0,0.0,-4.06,2.41,0.0
20071219:0310,0.0,0.0,0.0,0.0,-4.22,2.21,0.0
20071219:0410,0.0,0.0,0.0,0.0,-4.43,2.07,0.0
20071219:0510,0.0,0.0,0.0,0.0,-4.63,2.07,0.0
20071219:0610,0.0,0.0,0.0,0.0,-4.77,2.07,0.0
20071219:0710,0.0,0.0,0.0,0.0,-5.25,2.21,0.0
20071219:0810,14.0,13.96,0.0,3.18,-5.38,2.28,0.0
20071219:0910,80.01,58.0,0.0,9.84,-4.38,2.14,0.0
20071219:1010,145.01,81.0,0.0,14.74,-2.71,2.48,0.0
20071219:1110,199.01,84.0,0.0,17.48,-1.12,2.48,0.0
20071219:1210,216.01,77.0,0.0,17.78,0.2,2.34,0.0
20071219:1310,182.01,70.0,0.0,15.63,1.06,2.28,0.0
20071219:1410,118.01,52.0,0.0,11.22,1.35,2.28,0.0
20071219:1510,33.0,18.96,0.0,4.95,0.48,2.14,0.0
20071219:1610,0.0,0.0,0.0,0.0,-1.26,2.55,0.0
20071219:1710,0.0,0.0,0.0,0.0,-2.24,2.62,0.0
20071219:1810,0.0,0.0,0.0,0.0,-2.83,2.55,0.0
20071219:1910,0.0,0.0,0.0,0.0,-3.35,2.34,0.0
20071219:2010,0.0,0.0,0.0,0.0,-3.65,2.28,0.0
20071219:2110,0.0,0.0,0.0,0.0,-3.92,2.21,0.0
20071219:2210,0.0,0.0,0.0,0.0,-4.13,2.21,0.0
20071219:2310,0.0,0.0,0.0,0.0,-4.32,2.14,0.0
20071220:0010,0.0,0.0,0.0,0.0,-4.5,2.14,0.0
20071220:0110,0.0,0.0,0.0,0.0,-4.65,2.14,0.0
20071220:0210,0.0,0.0,0.0,0.0,-4.73,2.21,0.0
20071220:0310,0.0,0.0,0.0,0.0,-4.75,2.28,0.0
20071220:0410,0.0,0.0,0.0,0.0,-4.75,2.28,0.0
20071220:0510,0.0,0.0,0.0,0.0,-4.76,2.21,0.0
20071220:0610,0.0,0.0,0.0,0.0,-4.78,2.14,0.0
20071220:0710,0.0,0.0,0.0,0.0,-5.24,2.21,0.0
20071220:0810,17.0,12.44,0.0,3.1,-5.39,2.21,0.0
20071220:0910,78.01,58.0,0.0,9.78,-4.19,1.93,0.0
20071220:1010,142.01,82.0,0.0,14.69,-1.99,2.21,0.0
20071220:1110,204.01,81.0,0.0,17.45,-0.02,2.14,0.0
20071220:1210,217.01,77.0,0.0,17.77,1.52,2.0,0.0
20071220:1310,179.01,72.0,0.0,15.63,2.5,2.0,0.0
20071220:1410,114.01,55.0,0.0,11.25,2.68,1.93,0.0
20071220:1510,37.01,16.77,0.0,4.99,1.65,2.21,0.0
20071220:1610,0.0,0.0,0.0,0.0,-0.28,2.62,0.0
20071220:1710,0.0,0.0,0.0,0.0,-1.48,2.55,0.0
20071220:1810,0.0,0.0,0.0,0.0,-2.2,2.48,0.0
20071220:1910,0.0,0.0,0.0,0.0,-2.41,2.41,0.0
20071220:2010,0.0,0.0,0.0,0.0,-2.69,2.34,0.0
20071220:2110,0.0,0.0,0.0,0.0,-2.97,2.28,0.0
20071220:2210,0.0,0.0,0.0,0.0,-3.22,2.21,0.0
20071220:2310,0.0,0.0,0.0,0.0,-3.48,2.14,0.0
20071221:0010,0.0,0.0,0.0,0.0,-3.71,2.14,0.0
20071221:0110,0.0,0.0,0.0,0.0,-3.87,2.07,0.0
20071221:0210,0.0,0.0,0.0,0.0,-3.97,2.07,0.0
20071221:0310,0.0,0.0,0.0,0.0,-4.0,2.14,0.0
20071221:0410,0.0,0.0,0.0,0.0,-3.96,2.14,0.0
20071221:0510,0.0,0.0,0.0,0.0,-3.76,2.14,0.0
20071221:0610,0.0,0.0,0.0,0.0,-3.59,2.21,0.0
20071221:0710,0.0,0.0,0.0,0.0,-3.27,2.41,0.0
20071221:0810,0.0,13.0,0.0,3.04,-3.2,2.41,0.0
20071221:0910,50.0,69.0,0.0,9.72,-1.93,2.14,0.0
20071221:1010,131.01,87.0,0.0,14.65,0.75,1.93,0.0
20071221:1110,172.01,97.0,0.0,17.42,3.01,2.07,0.0
20071221:1210,238.01,64.0,0.0,17.77,4.54,2.14,0.0
20071221:1310,146.01,90.0,0.0,15.65,5.32,2.0,0.0
20071221:1410,117.01,53.0,0.0,11.28,5.13,2.14,0.0
20071221:1510,21.0,26.58,0.0,5.04,3.9,2.55,0.0
20071221:1610,0.0,0.0,0.0,0.0,1.83,2.83,0.0
20071221:1710,0.0,0.0,0.0,0.0,0.41,2.76,0.0
20071221:1810,0.0,0.0,0.0,0.0,-0.43,2.69,0.0
20071221:1910,0.0,0.0,0.0,0.0,-0.82,2.48,0.0
20071221:2010,0.0,0.0,0.0,0.0,-1.39,2.41,0.0
20071221:2110,0.0,0.0,0.0,0.0,-1.75,2.41,0.0
20071221:2210,0.0,0.0,0.0,0.0,-2.05,2.41,0.0
20071221:2310,0.0,0.0,0.0,0.0,-2.29,2.34,0.0
20071222:0010,0.0,0.0,0.0,0.0,-2.5,2.28,0.0
20071222:0110,0.0,0.0,0.0,0.0,-2.69,2.28,0.0
20071222:0210,0.0,0.0,0.0,0.0,-2.85,2.28,0.0
20071222:0310,0.0,0.0,0.0,0.0,-2.94,2.28,0.0
20071222:0410,0.0,0.0,0.0,0.0,-3.01,2.21,0.0
20071222:0510,0.0,0.0,0.0,0.0,-3.1,2.14,0.0
20071222:0610,0.0,0.0,0.0,0.0,-3.22,2.14,0.0
20071222:0710,0.0,0.0,0.0,0.0,-3.09,2.41,0.0
20071222:0810,14.0,12.14,0.0,2.98,-2.94,2.34,0.0
20071222:0910,77.01,55.0,0.0,9.68,-1.46,1.93,0.0
20071222:1010,149.01,73.0,0.0,14.62,1.23,1.79,0.0
20071222:1110,200.01,77.0,0.0,17.41,3.27,1.79,0.0
20071222:1210,198.01,83.0,0.0,17.77,4.64,1.72,0.0
20071222:1310,176.01,70.0,0.0,15.67,5.37,1.59,0.0
20071222:1410,111.01,55.0,0.0,11.32,5.24,1.45,0.0
20071222:1510,24.0,24.25,0.0,5.09,4.27,2.07,0.0
20071222:1610,0.0,0.0,0.0,0.0,2.48,2.41,0.0
20071222:1710,0.0,0.0,0.0,0.0,0.83,2.28,0.0
20071222:1810,0.0,0.0,0.0,0.0,-0.12,2.14,0.0
20071222:1910,0.0,0.0,0.0,0.0,-0.79,1.66,0.0
20071222:2010,0.0,0.0,0.0,0.0,-0.91,1.31,0.0
20071222:2110,0.0,0.0,0.0,0.0,0.38,0.62,0.0
20071222:2210,0.0,0.0,0.0,0.0,0.31,0.14,0.0
20071222:2310,0.0,0.0,0.0,0.0,0.1,0.55,0.0
20071223:0010,0.0,0.0,0.0,0.0,-0.13,0.55,0.0
20071223:0110,0.0,0.0,0.0,0.0,-0.38,0.21,0.0
20071223:0210,0.0,0.0,0.0,0.0,-0.9,0.83,0.0
20071223:0310,0.0,0.0,0.0,0.0,-0.52,0.55,0.0
20071223:0410,0.0,0.0,0.0,0.0,-0.7,0.48,0.0
20071223:0510,0.0,0.0,0.0,0.0,-0.9,0.34,0.0
20071223:0610,0.0,0.0,0.0,0.0,-1.04,0.14,0.0
20071223:0710,0.0,0.0,0.0,0.0,-1.22,0.34,0.0
20071223:0810,12.0,12.5,0.0,2.92,-1.44,0.48,0.0
20071223:0910,79.01,53.0,0.0,9.63,-1.23,0.28,0.0
20071223:1010,151.01,71.0,0.0,14.59,0.96,0.07,0.0
20071223:1110,207.01,73.0,0.0,17.4,3.03,0.28,0.0
20071223:1210,201.01,81.0,0.0,17.79,4.41,0.48,0.0
20071223:1310,180.01,67.0,0.0,15.71,5.07,0.69,0.0
20071223:1410,114.01,53.0,0.0,11.37,5.01,0.76,0.0
20071223:1510,21.0,25.87,0.0,5.15,4.32,0.76,0.0
20071223:1610,0.0,0.0,0.0,0.0,2.18,0.97,0.0
20071223:1710,0.0,0.0,0.0,0.0,0.45,1.24,0.0
20071223:1810,0.0,0.0,0.0,0.0,-0.6,1.31,0.0
20071223:1910,0.0,0.0,0.0,0.0,-1.92,1.72,0.0
20071223:2010,0.0,0.0,0.0,0.0,-1.44,1.38,0.0
20071223:2110,0.0,0.0,0.0,0.0,-1.78,1.38,0.0
20071223:2210,0.0,0.0,0.0,0.0,-2.1,1.38,0.0
20071223:2310,0.0,0.0,0.0,0.0,-1.52,1.03,0.0
20071224:0010,0.0,0.0,0.0,0.0,-0.93,0.76,0.0
20071224:0110,0.0,0.0,0.0,0.0,-1.93,1.03,0.0
20071224:0210,0.0,0.0,0.0,0.0,-2.24,1.03,0.0
20071224:0310,0.0,0.0,0.0,0.0,-1.69,0.83,0.0
20071224:0410,0.0,0.0,0.0,0.0,-1.82,0.69,0.0
20071224:0510,0.0,0.0,0.0,0.0,-2.6,0.9,0.0
20071224:0610,0.0,0.0,0.0,0.0,-3.66,1.31,0.0
20071224:0710,0.0,0.0,0.0,0.0,-4.32,1.72,0.0
20071224:0810,12.0,12.46,0.0,2.88,-4.35,1.72,0.0
20071224:0910,77.01,55.0,0.0,9.6,-2.97,1.17,0.0
20071224:1010,148.01,75.0,0.0,14.58,0.31,1.24,0.0
20071224:1110,215.01,70.0,0.0,17.4,2.66,1.59,0.0
20071224:1210,214.01,75.0,0.0,17.81,4.28,1.72,0.0
20071224:1310,181.01,69.0,0.0,15.74,5.21,1.79,0.0
20071224:1410,113.01,56.0,0.0,11.42,5.22,1.72,0.0
20071224:1510,33.0,20.81,0.0,5.22,4.14,2.21,0.0
20071224:1610,0.0,0.0,0.0,0.0,2.23,2.55,0.0
20071224:1710,0.0,0.0,0.0,0.0,0.54,2.48,0.0
20071224:1810,0.0,0.0,0.0,0.0,-0.33,2.41,0.0
20071224:1910,0.0,0.0,0.0,0.0,-0.17,2.55,0.0
20071224:2010,0.0,0.0,0.0,0.0,-0.38,2.69,0.0
20071224:2110,0.0,0.0,0.0,0.0,-0.44,2.76,0.0
20071224:2210,0.0,0.0,0.0,0.0,-0.56,2.69,0.0
20071224:2310,0.0,0.0,0.0,0.0,-0.76,2.69,0.0
20071225:0010,0.0,0.0,0.0,0.0,-0.84,2.76,0.0
20071225:0110,0.0,0.0,0.0,0.0,-0.78,2.9,0.0
20071225:0210,0.0,0.0,0.0,0.0,-0.64,3.03,0.0
20071225:0310,0.0,0.0,0.0,0.0,-0.56,3.1,0.0
20071225:0410,0.0,0.0,0.0,0.0,-0.41,3.1,0.0
20071225:0510,0.0,0.0,0.0,0.0,-0.15,3.17,0.0
20071225:0610,0.0,0.0,0.0,0.0,-0.46,3.24,0.0
20071225:0710,0.0,0.0,0.0,0.0,-0.05,3.31,0.0
20071225:0810,3.0,15.31,0.0,2.84,-0.01,3.38,0.0
20071225:0910,18.0,72.0,0.0,9.57,0.75,3.38,0.0
20071225:1010,23.0,114.0,0.0,14.57,2.29,3.1,0.0
20071225:1110,48.0,143.0,0.0,17.41,3.91,3.38,0.0
20071225:1210,132.01,120.0,0.0,17.83,5.27,3.52,0.0
20071225:1310,61.0,125.0,0.0,15.79,6.04,3.24,0.0
20071225:1410,10.0,82.0,0.0,11.48,5.87,3.38,0.0
20071225:1510,0.0,11.0,0.0,5.29,4.82,3.31,0.0
20071225:1610,0.0,0.0,0.0,0.0,3.42,3.17,0.0
20071225:1710,0.0,0.0,0.0,0.0,2.64,3.1,0.0
20071225:1810,0.0,0.0,0.0,0.0,2.11,3.17,0.0
20071225:1910,0.0,0.0,0.0,0.0,2.1,3.31,0.0
20071225:2010,0.0,0.0,0.0,0.0,2.39,3.03,0.0
20071225:2110,0.0,0.0,0.0,0.0,2.54,2.76,0.0
20071225:2210,0.0,0.0,0.0,0.0,2.74,2.62,0.0
20071225:2310,0.0,0.0,0.0,0.0,2.86,2.48,0.0
20071226:0010,0.0,0.0,0.0,0.0,2.92,2.28,0.0
20071226:0110,0.0,0.0,0.0,0.0,3.17,2.07,0.0
20071226:0210,0.0,0.0,0.0,0.0,3.18,2.07,0.0
20071226:0310,0.0,0.0,0.0,0.0,2.93,2.28,0.0
20071226:0410,0.0,0.0,0.0,0.0,2.23,2.48,0.0
20071226:0510,0.0,0.0,0.0,0.0,1.43,2.48,0.0
20071226:0610,0.0,0.0,0.0,0.0,0.45,2.48,0.0
20071226:0710,0.0,0.0,0.0,0.0,0.15,2.55,0.0
20071226:0810,4.0,14.13,0.0,2.8,0.43,2.69,0.0
20071226:0910,0.0,47.0,0.0,9.55,1.68,2.55,0.0
20071226:1010,0.0,23.0,0.0,14.56,2.7,2.62,0.0
20071226:1110,0.0,84.0,0.0,17.43,4.09,3.38,0.0
20071226:1210,3.0,111.0,0.0,17.87,4.96,3.24,0.0
20071226:1310,3.0,101.0,0.0,15.84,5.61,3.03,0.0
20071226:1410,1.0,64.0,0.0,11.55,6.06,2.9,0.0
20071226:1510,0.0,11.0,0.0,5.37,5.97,2.28,0.0
20071226:1610,0.0,0.0,0.0,0.0,5.45,2.14,0.0
20071226:1710,0.0,0.0,0.0,0.0,5.04,2.0,0.0
20071226:1810,0.0,0.0,0.0,0.0,4.84,2.0,0.0
20071226:1910,0.0,0.0,0.0,0.0,3.85,1.86,0.0
20071226:2010,0.0,0.0,0.0,0.0,3.56,2.07,0.0
20071226:2110,0.0,0.0,0.0,0.0,3.32,2.21,0.0
20071226:2210,0.0,0.0,0.0,0.0,3.23,2.14,0.0
20071226:2310,0.0,0.0,0.0,0.0,3.17,2.0,0.0
20071227:0010,0.0,0.0,0.0,0.0,3.23,1.86,0.0
20071227:0110,0.0,0.0,0.0,0.0,3.25,1.93,0.0
20071227:0210,0.0,0.0,0.0,0.0,3.38,2.07,0.0
20071227:0310,0.0,0.0,0.0,0.0,3.43,2.21,0.0
20071227:0410,0.0,0.0,0.0,0.0,3.67,2.34,0.0
20071227:0510,0.0,0.0,0.0,0.0,3.87,2.48,0.0
20071227:0610,0.0,0.0,0.0,0.0,4.07,2.62,0.0
20071227:0710,0.0,0.0,0.0,0.0,3.79,2.34,0.0
20071227:0810,0.0,10.0,0.0,2.78,4.0,2.41,0.0
20071227:0910,2.0,54.0,0.0,9.54,4.41,2.55,0.0
20071227:1010,98.01,96.0,0.0,14.57,5.06,2.41,0.0
20071227:1110,0.0,37.0,0.0,17.45,5.79,2.62,0.0
20071227:1210,12.0,131.0,0.0,17.91,6.49,2.69,0.0
20071227:1310,0.0,52.0,0.0,15.9,7.24,2.9,0.0
20071227:1410,0.0,40.0,0.0,11.63,7.37,2.34,0.0
20071227:1510,3.0,29.33,0.0,5.46,7.35,2.21,0.0
20071227:1610,0.0,0.0,0.0,0.0,7.03,2.21,0.0
20071227:1710,0.0,0.0,0.0,0.0,6.88,2.21,0.0
20071227:1810,0.0,0.0,0.0,0.0,6.88,2.14,0.0
20071227:1910,0.0,0.0,0.0,0.0,7.11,2.21,0.0
20071227:2010,0.0,0.0,0.0,0.0,7.08,2.28,0.0
20071227:2110,0.0,0.0,0.0,0.0,7.09,2.28,0.0
20071227:2210,0.0,0.0,0.0,0.0,6.96,2.34,0.0
20071227:2310,0.0,0.0,0.0,0.0,6.94,2.48,0.0
20071228:0010,0.0,0.0,0.0,0.0,6.91,2.62,0.0
20071228:0110,0.0,0.0,0.0,0.0,6.76,2.69,0.0
20071228:0210,0.0,0.0,0.0,0.0,6.67,2.69,0.0
20071228:0310,0.0,0.0,0.0,0.0,6.4,2.62,0.0
20071228:0410,0.0,0.0,0.0,0.0,6.23,2.62,0.0
20071228:0510,0.0,0.0,0.0,0.0,6.02,2.62,0.0
20071228:0610,0.0,0.0,0.0,0.0,5.77,2.62,0.0
20071228:0710,0.0,0.0,0.0,0.0,5.28,2.69,0.0
20071228:0810,2.0,13.59,0.0,2.76,5.25,2.9,0.0
20071228:0910,5.0,63.0,0.0,9.54,5.45,3.66,0.0
20071228:1010,0.0,76.0,0.0,14.58,5.9,3.93,0.0
20071228:1110,0.0,80.0,0.0,17.48,6.45,4.0,0.0
20071228:1210,0.0,82.0,0.0,17.96,7.09,3.86,0.0
20071228:1310,1.0,86.0,0.0,15.97,7.33,3.79,0.0
20071228:1410,2.0,69.0,0.0,11.71,7.46,3.38,0.0
20071228:1510,4.0,32.03,0.0,5.55,7.13,2.76,0.0
20071228:1610,0.0,0.0,0.0,0.0,5.87,2.9,0.0
20071228:1710,0.0,0.0,0.0,0.0,4.97,3.31,0.0
20071228:1810,0.0,0.0,0.0,0.0,4.28,3.52,0.0
20071228:1910,0.0,0.0,0.0,0.0,3.25,3.72,0.0
20071228:2010,0.0,0.0,0.0,0.0,3.25,4.0,0.0
20071228:2110,0.0,0.0,0.0,0.0,3.47,4.41,0.0
20071228:2210,0.0,0.0,0.0,0.0,3.72,4.76,0.0
20071228:2310,0.0,0.0,0.0,0.0,3.82,5.1,0.0
20071229:0010,0.0,0.0,0.0,0.0,3.9,5.38,0.0
20071229:0110,0.0,0.0,0.0,0.0,4.03,5.72,0.0
20071229:0210,0.0,0.0,0.0,0.0,4.16,6.0,0.0
20071229:0310,0.0,0.0,0.0,0.0,4.4,6.28,0.0
20071229:0410,0.0,0.0,0.0,0.0,4.78,6.55,0.0
20071229:0510,0.0,0.0,0.0,0.0,5.34,6.69,0.0
20071229:0610,0.0,0.0,0.0,0.0,5.98,6.97,0.0
20071229:0710,0.0,0.0,0.0,0.0,6.37,6.76,0.0
20071229:0810,0.0,11.0,0.0,2.74,6.71,6.62,0.0
20071229:0910,25.0,70.0,0.0,9.54,7.15,6.34,0.0
20071229:1010,0.0,63.0,0.0,14.6,7.76,6.14,0.0
20071229:1110,64.0,139.0,0.0,17.52,8.36,5.86,0.0
20071229:1210,46.0,145.0,0.0,18.02,8.83,5.79,0.0
20071229:1310,9.0,115.0,0.0,16.05,8.95,5.31,0.0
20071229:1410,8.0,82.0,0.0,11.8,8.72,4.83,0.0
20071229:1510,6.0,34.45,0.0,5.65,8.07,4.21,0.0
20071229:1610,0.0,0.0,0.0,0.0,7.3,3.79,0.0
20071229:1710,0.0,0.0,0.0,0.0,6.24,3.59,0.0
20071229:1810,0.0,0.0,0.0,0.0,5.41,3.59,0.0
20071229:1910,0.0,0.0,0.0,0.0,5.29,3.72,0.0
20071229:2010,0.0,0.0,0.0,0.0,4.86,3.86,0.0
20071229:2110,0.0,0.0,0.0,0.0,4.58,4.0,0.0
20071229:2210,0.0,0.0,0.0,0.0,4.38,4.21,0.0
20071229:2310,0.0,0.0,0.0,0.0,4.33,4.34,0.0
20071230:0010,0.0,0.0,0.0,0.0,4.26,4.41,0.0
20071230:0110,0.0,0.0,0.0,0.0,4.4,4.55,0.0
20071230:0210,0.0,0.0,0.0,0.0,4.3,4.34,0.0
20071230:0310,0.0,0.0,0.0,0.0,4.36,4.0,0.0
20071230:0410,0.0,0.0,0.0,0.0,4.31,3.59,0.0
20071230:0510,0.0,0.0,0.0,0.0,3.87,3.24,0.0
20071230:0610,0.0,0.0,0.0,0.0,3.65,3.1,0.0
20071230:0710,0.0,0.0,0.0,0.0,3.53,2.9,0.0
20071230:0810,14.0,10.3,0.0,2.74,3.35,2.9,0.0
20071230:0910,90.01,46.0,0.0,9.55,3.88,2.83,0.0
20071230:1010,94.01,100.0,0.0,14.63,5.22,2.55,0.0
20071230:1110,186.01,87.0,0.0,17.57,6.58,2.9,0.0
20071230:1210,173.01,100.0,0.0,18.09,7.67,3.72,0.0
20071230:1310,0.0,81.0,0.0,16.13,8.22,3.31,0.0
20071230:1410,10.0,84.0,0.0,11.9,8.3,2.83,0.0
20071230:1510,6.0,37.0,0.0,5.76,7.85,2.0,0.0
20071230:1610,0.0,0.0,0.0,0.0,6.86,2.0,0.0
20071230:1710,0.0,0.0,0.0,0.0,6.03,2.0,0.0
20071230:1810,0.0,0.0,0.0,0.0,5.13,2.07,0.0
20071230:1910,0.0,0.0,0.0,0.0,4.6,2.0,0.0
20071230:2010,0.0,0.0,0.0,0.0,4.03,2.07,0.0
20071230:2110,0.0,0.0,0.0,0.0,3.44,2.07,0.0
20071230:2210,0.0,0.0,0.0,0.0,3.0,1.93,0.0
20071230:2310,0.0,0.0,0.0,0.0,2.6,1.93,0.0
20071231:0010,0.0,0.0,0.0,0.0,2.49,1.79,0.0
20071231:0110,0.0,0.0,0.0,0.0,1.93,1.86,0.0
20071231:0210,0.0,0.0,0.0,0.0,1.47,1.79,0.0
20071231:0310,0.0,0.0,0.0,0.0,1.31,1.66,0.0
20071231:0410,0.0,0.0,0.0,0.0,0.93,1.59,0.0
20071231:0510,0.0,0.0,0.0,0.0,1.29,1.24,0.0
20071231:0610,0.0,0.0,0.0,0.0,1.69,1.1,0.0
20071231:0710,0.0,0.0,0.0,0.0,1.93,1.45,0.0
20071231:0810,0.0,6.0,0.0,2.74,2.13,1.24,0.0
20071231:0910,6.0,65.0,0.0,9.56,3.1,0.83,0.0
20071231:1010,13.0,108.0,0.0,14.66,4.59,0.9,0.0
20071231:1110,0.0,93.0,0.0,17.62,5.45,0.83,0.0
20071231:1210,0.0,82.0,0.0,18.16,6.14,0.9,0.0
20071231:1310,1.0,95.0,0.0,16.22,6.61,1.03,0.0
20071231:1410,1.0,66.0,0.0,12.0,6.72,1.03,0.0
20071231:1510,6.0,37.0,0.0,5.87,6.48,0.62,0.0
20071231:1610,0.0,0.0,0.0,0.0,6.01,0.69,0.0
20071231:1710,0.0,0.0,0.0,0.0,5.41,0.83,0.0
20071231:1810,0.0,0.0,0.0,0.0,5.05,0.9,0.0
20071231:1910,0.0,0.0,0.0,0.0,4.82,0.97,0.0
20071231:2010,0.0,0.0,0.0,0.0,4.71,0.83,0.0
20071231:2110,0.0,0.0,0.0,0.0,4.65,0.76,0.0
20071231:2210,0.0,0.0,0.0,0.0,4.49,0.9,0.0
20071231:2310,0.0,0.0,0.0,0.0,4.42,0.9,0.0

Gb(i): Beam (direct) irradiance on the inclined plane (plane of the array) (W/m2)
Gd(i): Diffuse irradiance on the inclined plane (plane of the array) (W/m2)
Gr(i): Reflected irradiance on the inclined plane (plane of the array) (W/m2)
H_sun: Sun height (degree)
T2m: 2-m air temperature (degree Celsius)
WS10m: 10-m total wind speed (m/s)
Int: 1 means solar radiation values are reconstructed



PVGIS (c) European Union, 2001-2026