Latitude (decimal degrees):	48.630
Longitude (decimal degrees):	2.270
Elevation (m):	56
Radiation database:	PVGIS-SARAH3


Slope: 0 deg. 
Azimuth: 0 deg. 
time,Gb(i),Gd(i),Gr(i),H_sun,T2m,WS10m,Int
20170101:0010,0.0,0.0,0.0,0.0,-2.54,2.48,0.0
20170101:0110,0.0,0.0,0.0,0.0,-2.78,2.76,0.0
20170101:0210,0.0,0.0,0.0,0.0,-2.98,2.69,0.0
20170101:0310,0.0,0.0,0.0,0.0,-3.1,2.69,0.0
20170101:0410,0.0,0.0,0.0,0.0,-3.19,2.76,0.0
20170101:0510,0.0,0.0,0.0,0.0,-3.21,2.76,0.0
20170101:0610,0.0,0.0,0.0,0.0,-3.36,2.55,0.0
20170101:0710,0.0,0.0,0.0,0.0,-3.22,2.62,0.0
20170101:0810,0.0,7.0,0.0,2.75,-3.18,2.97,0.0
20170101:0910,1.0,54.0,0.0,9.59,-2.71,3.45,0.0
20170101:1010,0.0,48.0,0.0,14.71,-1.99,3.52,0.0
20170101:1110,0.0,54.0,0.0,17.7,-1.17,3.59,0.0
20170101:1210,0.0,62.0,0.0,18.27,-0.34,3.59,0.0
20170101:1310,0.0,67.0,0.0,16.35,0.25,3.45,0.0
20170101:1410,0.0,39.0,0.0,12.14,0.67,3.24,0.0
20170101:1510,0.0,20.0,0.0,6.02,0.6,2.62,0.0
20170101:1610,0.0,0.0,0.0,0.0,-0.05,2.55,0.0
20170101:1710,0.0,0.0,0.0,0.0,-0.5,2.83,0.0
20170101:1810,0.0,0.0,0.0,0.0,-0.53,2.9,0.0
20170101:1910,0.0,0.0,0.0,0.0,-0.34,2.97,0.0
20170101:2010,0.0,0.0,0.0,0.0,-0.34,2.76,0.0
20170101:2110,0.0,0.0,0.0,0.0,-0.26,2.48,0.0
20170101:2210,0.0,0.0,0.0,0.0,-0.14,2.28,0.0
20170101:2310,0.0,0.0,0.0,0.0,-0.12,2.14,0.0
20170102:0010,0.0,0.0,0.0,0.0,0.05,2.0,0.0
20170102:0110,0.0,0.0,0.0,0.0,0.26,1.93,0.0
20170102:0210,0.0,0.0,0.0,0.0,0.39,1.72,0.0
20170102:0310,0.0,0.0,0.0,0.0,0.5,1.52,0.0
20170102:0410,0.0,0.0,0.0,0.0,0.56,1.38,0.0
20170102:0510,0.0,0.0,0.0,0.0,0.62,1.45,0.0
20170102:0610,0.0,0.0,0.0,0.0,0.68,1.45,0.0
20170102:0710,0.0,0.0,0.0,0.0,0.76,1.24,0.0
20170102:0810,1.0,12.81,0.0,2.76,0.76,1.17,0.0
20170102:0910,8.0,65.0,0.0,9.62,0.88,0.83,0.0
20170102:1010,0.0,34.0,0.0,14.77,1.08,1.03,0.0
20170102:1110,0.0,41.0,0.0,17.77,1.21,1.59,0.0
20170102:1210,0.0,55.0,0.0,18.36,1.16,1.79,0.0
20170102:1310,0.0,52.0,0.0,16.45,1.25,2.21,0.0
20170102:1410,2.0,72.0,0.0,12.26,1.34,2.48,0.0
20170102:1510,8.0,40.0,0.0,6.14,1.6,2.55,0.0
20170102:1610,0.0,0.0,0.0,0.0,1.5,2.34,0.0
20170102:1710,0.0,0.0,0.0,0.0,0.93,2.34,0.0
20170102:1810,0.0,0.0,0.0,0.0,0.23,2.41,0.0
20170102:1910,0.0,0.0,0.0,0.0,1.2,2.48,0.0
20170102:2010,0.0,0.0,0.0,0.0,1.07,2.28,0.0
20170102:2110,0.0,0.0,0.0,0.0,0.96,1.93,0.0
20170102:2210,0.0,0.0,0.0,0.0,0.9,1.59,0.0
20170102:2310,0.0,0.0,0.0,0.0,0.71,1.31,0.0
20170103:0010,0.0,0.0,0.0,0.0,0.23,1.1,0.0
20170103:0110,0.0,0.0,0.0,0.0,-0.36,1.1,0.0
20170103:0210,0.0,0.0,0.0,0.0,-0.83,1.03,0.0
20170103:0310,0.0,0.0,0.0,0.0,-0.68,0.83,0.0
20170103:0410,0.0,0.0,0.0,0.0,-0.43,0.97,0.0
20170103:0510,0.0,0.0,0.0,0.0,0.03,0.9,0.0
20170103:0610,0.0,0.0,0.0,0.0,0.12,1.03,0.0
20170103:0710,0.0,0.0,0.0,0.0,-0.1,0.69,0.0
20170103:0810,0.0,9.0,0.0,2.78,-0.16,0.69,0.0
20170103:0910,1.0,55.0,0.0,9.66,-0.01,0.83,0.0
20170103:1010,0.0,64.0,0.0,14.82,0.17,1.17,0.0
20170103:1110,0.0,91.0,0.0,17.85,0.48,1.24,0.0
20170103:1210,0.0,75.0,0.0,18.46,0.77,1.45,0.0
20170103:1310,0.0,65.0,0.0,16.57,1.12,1.72,0.0
20170103:1410,0.0,38.0,0.0,12.38,1.5,2.0,0.0
20170103:1510,1.0,32.0,0.0,6.27,1.59,2.21,0.0
20170103:1610,0.0,0.0,0.0,0.0,1.42,1.86,0.0
20170103:1710,0.0,0.0,0.0,0.0,0.96,2.0,0.0
20170103:1810,0.0,0.0,0.0,0.0,0.43,2.34,0.0
20170103:1910,0.0,0.0,0.0,0.0,-0.04,2.48,0.0
20170103:2010,0.0,0.0,0.0,0.0,-0.47,2.83,0.0
20170103:2110,0.0,0.0,0.0,0.0,-0.7,3.1,0.0
20170103:2210,0.0,0.0,0.0,0.0,-0.9,3.24,0.0
20170103:2310,0.0,0.0,0.0,0.0,-0.91,3.45,0.0
20170104:0010,0.0,0.0,0.0,0.0,-0.91,3.59,0.0
20170104:0110,0.0,0.0,0.0,0.0,-0.75,3.66,0.0
20170104:0210,0.0,0.0,0.0,0.0,-0.38,3.72,0.0
20170104:0310,0.0,0.0,0.0,0.0,-0.13,3.86,0.0
20170104:0410,0.0,0.0,0.0,0.0,0.31,3.86,0.0
20170104:0510,0.0,0.0,0.0,0.0,0.71,3.86,0.0
20170104:0610,0.0,0.0,0.0,0.0,1.25,3.86,0.0
20170104:0710,0.0,0.0,0.0,0.0,1.33,3.79,0.0
20170104:0810,0.0,8.0,0.0,2.81,1.66,3.79,0.0
20170104:0910,2.0,58.0,0.0,9.71,2.31,3.86,0.0
20170104:1010,3.0,93.0,0.0,14.89,3.25,3.66,0.0
20170104:1110,15.0,135.0,0.0,17.94,4.03,3.66,0.0
20170104:1210,0.0,99.0,0.0,18.56,4.61,4.07,0.0
20170104:1310,4.0,108.0,0.0,16.69,5.03,4.0,0.0
20170104:1410,0.0,50.0,0.0,12.51,5.39,4.0,0.0
20170104:1510,2.0,34.0,0.0,6.41,5.42,3.79,0.0
20170104:1610,0.0,0.0,0.0,0.0,5.38,3.59,0.0
20170104:1710,0.0,0.0,0.0,0.0,5.29,3.59,0.0
20170104:1810,0.0,0.0,0.0,0.0,4.95,3.31,0.0
20170104:1910,0.0,0.0,0.0,0.0,3.96,3.24,0.0
20170104:2010,0.0,0.0,0.0,0.0,3.11,3.1,0.0
20170104:2110,0.0,0.0,0.0,0.0,2.11,2.9,0.0
20170104:2210,0.0,0.0,0.0,0.0,1.07,2.9,0.0
20170104:2310,0.0,0.0,0.0,0.0,0.38,2.9,0.0
20170105:0010,0.0,0.0,0.0,0.0,-0.06,2.9,0.0
20170105:0110,0.0,0.0,0.0,0.0,-0.37,2.9,0.0
20170105:0210,0.0,0.0,0.0,0.0,-0.57,2.97,0.0
20170105:0310,0.0,0.0,0.0,0.0,-0.69,2.97,0.0
20170105:0410,0.0,0.0,0.0,0.0,-0.76,2.97,0.0
20170105:0510,0.0,0.0,0.0,0.0,-0.8,2.97,0.0
20170105:0610,0.0,0.0,0.0,0.0,-0.82,2.9,0.0
20170105:0710,0.0,0.0,0.0,0.0,-0.42,2.76,0.0
20170105:0810,1.0,12.81,0.0,2.85,-0.43,2.69,0.0
20170105:0910,87.01,51.0,0.0,9.76,0.48,2.48,0.0
20170105:1010,171.01,66.0,0.0,14.96,2.14,2.28,0.0
20170105:1110,218.01,75.0,0.0,18.03,3.8,2.69,0.0
20170105:1210,99.01,142.0,0.0,18.67,4.82,2.83,0.0
20170105:1310,84.0,127.0,0.0,16.82,5.44,3.1,0.0
20170105:1410,128.01,61.0,0.0,12.65,5.49,2.97,0.0
20170105:1510,26.0,42.0,0.0,6.56,5.04,2.55,0.0
20170105:1610,0.0,0.0,0.0,0.0,3.53,2.48,0.0
20170105:1710,0.0,0.0,0.0,0.0,2.29,2.48,0.0
20170105:1810,0.0,0.0,0.0,0.0,1.5,2.41,0.0
20170105:1910,0.0,0.0,0.0,0.0,0.88,2.34,0.0
20170105:2010,0.0,0.0,0.0,0.0,0.34,2.28,0.0
20170105:2110,0.0,0.0,0.0,0.0,-0.03,2.21,0.0
20170105:2210,0.0,0.0,0.0,0.0,-0.69,2.28,0.0
20170105:2310,0.0,0.0,0.0,0.0,-1.34,2.28,0.0
20170106:0010,0.0,0.0,0.0,0.0,-2.17,2.28,0.0
20170106:0110,0.0,0.0,0.0,0.0,-2.77,2.28,0.0
20170106:0210,0.0,0.0,0.0,0.0,-3.27,2.14,0.0
20170106:0310,0.0,0.0,0.0,0.0,-3.67,1.86,0.0
20170106:0410,0.0,0.0,0.0,0.0,-3.99,1.72,0.0
20170106:0510,0.0,0.0,0.0,0.0,-4.2,1.72,0.0
20170106:0610,0.0,0.0,0.0,0.0,-4.46,1.59,0.0
20170106:0710,0.0,0.0,0.0,0.0,-4.54,1.66,0.0
20170106:0810,8.0,14.2,0.0,2.89,-5.03,1.59,0.0
20170106:0910,89.01,51.0,0.0,9.82,-3.88,1.31,0.0
20170106:1010,169.01,69.0,0.0,15.04,-2.01,1.59,0.0
20170106:1110,228.01,73.0,0.0,18.13,-0.73,1.59,0.0
20170106:1210,245.01,72.0,0.0,18.79,0.17,1.45,0.0
20170106:1310,207.01,70.0,0.0,16.95,0.71,1.38,0.0
20170106:1410,140.01,58.0,0.0,12.8,0.81,1.38,0.0
20170106:1510,42.0,39.0,0.0,6.7,0.44,1.1,0.0
20170106:1610,0.0,0.0,0.0,0.0,-0.54,1.45,0.0
20170106:1710,0.0,0.0,0.0,0.0,-2.39,1.59,0.0
20170106:1810,0.0,0.0,0.0,0.0,-3.71,1.59,0.0
20170106:1910,0.0,0.0,0.0,0.0,-4.16,1.86,0.0
20170106:2010,0.0,0.0,0.0,0.0,-4.4,1.93,0.0
20170106:2110,0.0,0.0,0.0,0.0,-4.63,1.72,0.0
20170106:2210,0.0,0.0,0.0,0.0,-3.45,1.03,0.0
20170106:2310,0.0,0.0,0.0,0.0,-3.96,1.24,0.0
20170107:0010,0.0,0.0,0.0,0.0,-3.57,0.97,0.0
20170107:0110,0.0,0.0,0.0,0.0,-2.86,0.62,0.0
20170107:0210,0.0,0.0,0.0,0.0,-3.03,0.69,0.0
20170107:0310,0.0,0.0,0.0,0.0,-2.87,0.62,0.0
20170107:0410,0.0,0.0,0.0,0.0,-3.16,0.76,0.0
20170107:0510,0.0,0.0,0.0,0.0,-3.48,1.24,0.0
20170107:0610,0.0,0.0,0.0,0.0,-3.18,1.38,0.0
20170107:0710,0.0,0.0,0.0,0.0,-2.67,1.86,0.0
20170107:0810,1.0,12.82,0.0,2.94,-2.41,2.14,0.0
20170107:0910,19.0,72.0,0.0,9.89,-2.03,2.14,0.0
20170107:1010,2.0,90.0,0.0,15.13,-1.29,2.07,0.0
20170107:1110,4.0,115.0,0.0,18.24,-0.77,2.28,0.0
20170107:1210,3.0,120.0,0.0,18.92,-0.38,2.41,0.0
20170107:1310,0.0,79.0,0.0,17.09,0.14,2.55,0.0
20170107:1410,0.0,51.0,0.0,12.95,0.58,2.76,0.0
20170107:1510,1.0,33.0,0.0,6.86,0.78,2.76,0.0
20170107:1610,0.0,0.0,0.0,0.0,0.9,2.83,0.0
20170107:1710,0.0,0.0,0.0,0.0,1.02,2.76,0.0
20170107:1810,0.0,0.0,0.0,0.0,1.23,2.62,0.0
20170107:1910,0.0,0.0,0.0,0.0,1.15,2.14,0.0
20170107:2010,0.0,0.0,0.0,0.0,1.55,2.07,0.0
20170107:2110,0.0,0.0,0.0,0.0,1.98,2.14,0.0
20170107:2210,0.0,0.0,0.0,0.0,2.42,2.14,0.0
20170107:2310,0.0,0.0,0.0,0.0,2.78,2.21,0.0
20170108:0010,0.0,0.0,0.0,0.0,3.06,2.21,0.0
20170108:0110,0.0,0.0,0.0,0.0,3.29,2.21,0.0
20170108:0210,0.0,0.0,0.0,0.0,3.34,2.21,0.0
20170108:0310,0.0,0.0,0.0,0.0,3.4,2.21,0.0
20170108:0410,0.0,0.0,0.0,0.0,3.4,2.14,0.0
20170108:0510,0.0,0.0,0.0,0.0,3.42,2.07,0.0
20170108:0610,0.0,0.0,0.0,0.0,3.4,2.07,0.0
20170108:0710,0.0,0.0,0.0,0.0,2.77,1.79,0.0
20170108:0810,0.0,5.0,0.0,3.0,2.65,1.72,0.0
20170108:0910,0.0,41.0,0.0,9.96,2.71,1.52,0.0
20170108:1010,35.0,119.0,0.0,15.23,2.88,1.38,0.0
20170108:1110,60.0,146.0,0.0,18.36,3.2,1.17,0.0
20170108:1210,11.0,137.0,0.0,19.06,3.57,0.9,0.0
20170108:1310,6.0,116.0,0.0,17.24,3.79,0.69,0.0
20170108:1410,13.0,95.0,0.0,13.1,3.81,0.48,0.0
20170108:1510,3.0,42.0,0.0,7.02,3.67,0.48,0.0
20170108:1610,0.0,0.0,0.0,0.0,3.35,0.97,0.0
20170108:1710,0.0,0.0,0.0,0.0,2.92,1.31,0.0
20170108:1810,0.0,0.0,0.0,0.0,2.48,1.45,0.0
20170108:1910,0.0,0.0,0.0,0.0,2.79,0.83,0.0
20170108:2010,0.0,0.0,0.0,0.0,2.81,1.03,0.0
20170108:2110,0.0,0.0,0.0,0.0,2.78,1.03,0.0
20170108:2210,0.0,0.0,0.0,0.0,2.77,1.1,0.0
20170108:2310,0.0,0.0,0.0,0.0,2.77,1.31,0.0
20170109:0010,0.0,0.0,0.0,0.0,2.88,1.52,0.0
20170109:0110,0.0,0.0,0.0,0.0,2.96,1.72,0.0
20170109:0210,0.0,0.0,0.0,0.0,3.09,1.79,0.0
20170109:0310,0.0,0.0,0.0,0.0,3.19,2.0,0.0
20170109:0410,0.0,0.0,0.0,0.0,3.29,2.07,0.0
20170109:0510,0.0,0.0,0.0,0.0,3.34,2.14,0.0
20170109:0610,0.0,0.0,0.0,0.0,3.32,2.21,0.0
20170109:0710,0.0,0.0,0.0,0.0,3.62,1.86,0.0
20170109:0810,0.0,3.0,0.0,3.06,3.74,2.07,0.0
20170109:0910,0.0,27.0,0.0,10.05,4.06,2.07,0.0
20170109:1010,0.0,73.0,0.0,15.33,4.41,2.07,0.0
20170109:1110,0.0,80.0,0.0,18.48,4.97,2.34,0.0
20170109:1210,4.0,122.0,0.0,19.2,5.51,2.41,0.0
20170109:1310,0.0,86.0,0.0,17.4,5.88,2.69,0.0
20170109:1410,0.0,56.0,0.0,13.27,5.94,2.62,0.0
20170109:1510,8.0,46.0,0.0,7.19,5.83,2.97,0.0
20170109:1610,0.0,0.0,0.0,0.0,5.68,3.17,0.0
20170109:1710,0.0,0.0,0.0,0.0,5.59,3.31,0.0
20170109:1810,0.0,0.0,0.0,0.0,5.65,3.66,0.0
20170109:1910,0.0,0.0,0.0,0.0,6.26,4.0,0.0
20170109:2010,0.0,0.0,0.0,0.0,6.59,4.28,0.0
20170109:2110,0.0,0.0,0.0,0.0,6.92,4.62,0.0
20170109:2210,0.0,0.0,0.0,0.0,7.14,4.97,0.0
20170109:2310,0.0,0.0,0.0,0.0,7.27,5.31,0.0
20170110:0010,0.0,0.0,0.0,0.0,7.36,5.31,0.0
20170110:0110,0.0,0.0,0.0,0.0,7.45,4.69,0.0
20170110:0210,0.0,0.0,0.0,0.0,6.74,4.62,0.0
20170110:0310,0.0,0.0,0.0,0.0,5.55,4.0,0.0
20170110:0410,0.0,0.0,0.0,0.0,4.78,3.52,0.0
20170110:0510,0.0,0.0,0.0,0.0,3.86,2.9,0.0
20170110:0610,0.0,0.0,0.0,0.0,3.27,2.9,0.0
20170110:0710,0.0,0.0,0.0,0.0,3.02,2.69,0.0
20170110:0810,15.0,12.08,0.0,3.13,2.8,2.97,0.0
20170110:0910,29.0,74.0,0.0,10.14,3.73,3.1,0.0
20170110:1010,190.01,59.0,0.0,15.44,5.04,2.76,0.0
20170110:1110,10.0,134.0,0.0,18.61,6.05,3.17,0.0
20170110:1210,14.0,143.0,0.0,19.35,6.81,3.66,0.0
20170110:1310,50.0,139.0,0.0,17.56,7.31,3.93,0.0
20170110:1410,0.0,53.0,0.0,13.44,7.29,3.38,0.0
20170110:1510,0.0,16.0,0.0,7.36,6.81,2.9,0.0
20170110:1610,0.0,0.0,0.0,0.0,6.22,2.55,0.0
20170110:1710,0.0,0.0,0.0,0.0,5.71,2.14,0.0
20170110:1810,0.0,0.0,0.0,0.0,5.38,1.93,0.0
20170110:1910,0.0,0.0,0.0,0.0,4.59,2.0,0.0
20170110:2010,0.0,0.0,0.0,0.0,4.3,2.0,0.0
20170110:2110,0.0,0.0,0.0,0.0,3.98,2.0,0.0
20170110:2210,0.0,0.0,0.0,0.0,3.67,2.07,0.0
20170110:2310,0.0,0.0,0.0,0.0,3.59,2.07,0.0
20170111:0010,0.0,0.0,0.0,0.0,3.41,2.21,0.0
20170111:0110,0.0,0.0,0.0,0.0,3.5,2.28,0.0
20170111:0210,0.0,0.0,0.0,0.0,3.47,2.48,0.0
20170111:0310,0.0,0.0,0.0,0.0,3.7,2.69,0.0
20170111:0410,0.0,0.0,0.0,0.0,4.36,2.97,0.0
20170111:0510,0.0,0.0,0.0,0.0,4.89,3.38,0.0
20170111:0610,0.0,0.0,0.0,0.0,5.4,3.72,0.0
20170111:0710,0.0,0.0,0.0,0.0,5.64,3.72,0.0
20170111:0810,0.0,13.0,0.0,3.21,6.19,3.86,0.0
20170111:0910,1.0,54.0,0.0,10.23,6.91,3.86,0.0
20170111:1010,3.0,97.0,0.0,15.56,7.56,4.34,0.0
20170111:1110,0.0,99.0,0.0,18.75,8.04,4.97,0.0
20170111:1210,0.0,90.0,0.0,19.5,8.48,5.17,0.0
20170111:1310,0.0,93.0,0.0,17.73,9.06,5.1,0.0
20170111:1410,0.0,68.0,0.0,13.61,9.6,4.9,0.0
20170111:1510,2.0,41.0,0.0,7.54,9.7,4.9,0.0
20170111:1610,0.0,0.0,0.0,0.0,9.44,4.9,0.0
20170111:1710,0.0,0.0,0.0,0.0,8.78,4.69,0.0
20170111:1810,0.0,0.0,0.0,0.0,7.88,4.41,0.0
20170111:1910,0.0,0.0,0.0,0.0,7.77,4.48,0.0
20170111:2010,0.0,0.0,0.0,0.0,7.27,4.14,0.0
20170111:2110,0.0,0.0,0.0,0.0,6.89,3.72,0.0
20170111:2210,0.0,0.0,0.0,0.0,6.91,3.52,0.0
20170111:2310,0.0,0.0,0.0,0.0,6.74,3.59,0.0
20170112:0010,0.0,0.0,0.0,0.0,6.44,3.59,0.0
20170112:0110,0.0,0.0,0.0,0.0,6.1,3.52,0.0
20170112:0210,0.0,0.0,0.0,0.0,5.6,3.17,0.0
20170112:0310,0.0,0.0,0.0,0.0,5.21,2.97,0.0
20170112:0410,0.0,0.0,0.0,0.0,5.04,3.03,0.0
20170112:0510,0.0,0.0,0.0,0.0,4.89,3.1,0.0
20170112:0610,0.0,0.0,0.0,0.0,4.96,3.1,0.0
20170112:0710,0.0,0.0,0.0,0.0,5.18,2.97,0.0
20170112:0810,0.0,13.0,0.0,3.29,5.21,3.03,0.0
20170112:0910,5.0,66.0,0.0,10.33,5.48,3.03,0.0
20170112:1010,17.0,117.0,0.0,15.68,6.02,3.03,0.0
20170112:1110,33.0,150.0,0.0,18.9,6.66,3.86,0.0
20170112:1210,10.0,139.0,0.0,19.67,6.88,4.34,0.0
20170112:1310,12.0,130.0,0.0,17.9,7.13,5.93,0.0
20170112:1410,0.0,54.0,0.0,13.79,7.09,5.38,0.0
20170112:1510,3.0,45.0,0.0,7.72,6.66,5.66,0.0
20170112:1610,0.0,0.0,0.0,0.0,6.51,5.72,0.0
20170112:1710,0.0,0.0,0.0,0.0,6.62,6.21,0.0
20170112:1810,0.0,0.0,0.0,0.0,7.04,7.31,0.0
20170112:1910,0.0,0.0,0.0,0.0,8.27,11.45,0.0
20170112:2010,0.0,0.0,0.0,0.0,6.11,10.97,0.0
20170112:2110,0.0,0.0,0.0,0.0,4.93,10.28,0.0
20170112:2210,0.0,0.0,0.0,0.0,4.42,9.52,0.0
20170112:2310,0.0,0.0,0.0,0.0,3.54,8.28,0.0
20170113:0010,0.0,0.0,0.0,0.0,2.88,7.24,0.0
20170113:0110,0.0,0.0,0.0,0.0,2.33,6.55,0.0
20170113:0210,0.0,0.0,0.0,0.0,2.03,6.41,0.0
20170113:0310,0.0,0.0,0.0,0.0,1.48,5.93,0.0
20170113:0410,0.0,0.0,0.0,0.0,1.23,5.17,0.0
20170113:0510,0.0,0.0,0.0,0.0,0.95,4.76,0.0
20170113:0610,0.0,0.0,0.0,0.0,0.83,4.55,0.0
20170113:0710,0.0,0.0,0.0,0.0,0.69,4.14,0.0
20170113:0810,17.0,13.53,0.0,3.38,0.57,4.0,0.0
20170113:0910,48.0,74.0,0.0,10.44,1.21,4.28,0.0
20170113:1010,3.0,98.0,0.0,15.81,2.35,4.41,0.0
20170113:1110,222.01,85.0,0.0,19.05,3.42,5.17,0.0
20170113:1210,257.01,75.0,0.0,19.83,4.42,6.76,0.0
20170113:1310,218.01,75.0,0.0,18.08,4.71,6.62,0.0
20170113:1410,65.0,104.0,0.0,13.98,4.42,6.9,0.0
20170113:1510,2.0,46.0,0.0,7.91,3.72,7.38,0.0
20170113:1610,0.0,0.0,0.0,0.0,3.09,7.1,0.0
20170113:1710,0.0,0.0,0.0,0.0,2.32,6.69,0.0
20170113:1810,0.0,0.0,0.0,0.0,1.95,6.48,0.0
20170113:1910,0.0,0.0,0.0,0.0,2.94,5.72,0.0
20170113:2010,0.0,0.0,0.0,0.0,2.55,5.24,0.0
20170113:2110,0.0,0.0,0.0,0.0,2.3,4.76,0.0
20170113:2210,0.0,0.0,0.0,0.0,2.15,4.28,0.0
20170113:2310,0.0,0.0,0.0,0.0,1.62,3.86,0.0
20170114:0010,0.0,0.0,0.0,0.0,1.45,3.79,0.0
20170114:0110,0.0,0.0,0.0,0.0,1.03,3.72,0.0
20170114:0210,0.0,0.0,0.0,0.0,0.88,3.93,0.0
20170114:0310,0.0,0.0,0.0,0.0,0.67,3.93,0.0
20170114:0410,0.0,0.0,0.0,0.0,0.08,3.72,0.0
20170114:0510,0.0,0.0,0.0,0.0,-0.43,3.66,0.0
20170114:0610,0.0,0.0,0.0,0.0,-0.58,3.59,0.0
20170114:0710,0.0,0.0,0.0,0.0,-0.79,3.38,0.0
20170114:0810,19.0,13.23,0.0,3.48,-0.99,3.1,0.0
20170114:0910,114.01,46.0,0.0,10.56,-0.14,3.03,0.0
20170114:1010,58.0,126.0,0.0,15.95,1.49,3.17,0.0
20170114:1110,188.01,106.0,0.0,19.21,2.88,3.72,0.0
20170114:1210,4.0,129.0,0.0,20.01,3.37,3.86,0.0
20170114:1310,9.0,129.0,0.0,18.27,3.77,4.34,0.0
20170114:1410,23.0,109.0,0.0,14.17,4.1,3.93,0.0
20170114:1510,11.0,55.0,0.0,8.1,4.41,4.34,0.0
20170114:1610,0.0,0.0,0.0,0.0,3.53,3.66,0.0
20170114:1710,0.0,0.0,0.0,0.0,2.78,3.1,0.0
20170114:1810,0.0,0.0,0.0,0.0,2.39,2.83,0.0
20170114:1910,0.0,0.0,0.0,0.0,2.24,3.17,0.0
20170114:2010,0.0,0.0,0.0,0.0,1.7,2.83,0.0
20170114:2110,0.0,0.0,0.0,0.0,0.9,2.83,0.0
20170114:2210,0.0,0.0,0.0,0.0,0.35,2.97,0.0
20170114:2310,0.0,0.0,0.0,0.0,-0.14,2.83,0.0
20170115:0010,0.0,0.0,0.0,0.0,-0.7,2.62,0.0
20170115:0110,0.0,0.0,0.0,0.0,-1.27,2.55,0.0
20170115:0210,0.0,0.0,0.0,0.0,-1.44,2.34,0.0
20170115:0310,0.0,0.0,0.0,0.0,-1.42,2.34,0.0
20170115:0410,0.0,0.0,0.0,0.0,-1.12,2.28,0.0
20170115:0510,0.0,0.0,0.0,0.0,-0.69,2.21,0.0
20170115:0610,0.0,0.0,0.0,0.0,-0.33,2.14,0.0
20170115:0710,0.0,0.0,0.0,0.0,-0.37,2.14,0.0
20170115:0810,1.0,16.81,0.0,3.58,-0.16,2.07,0.0
20170115:0910,7.0,71.0,0.0,10.68,0.69,2.0,0.0
20170115:1010,21.0,124.0,0.0,16.09,1.75,1.93,0.0
20170115:1110,58.0,157.0,0.0,19.37,2.87,2.34,0.0
20170115:1210,52.0,165.0,0.0,20.19,3.45,2.9,0.0
20170115:1310,37.0,149.0,0.0,18.46,3.76,2.62,0.0
20170115:1410,3.0,87.0,0.0,14.37,3.68,2.69,0.0
20170115:1510,1.0,45.0,0.0,8.3,3.36,2.48,0.0
20170115:1610,0.0,0.0,0.0,0.0,2.93,2.41,0.0
20170115:1710,0.0,0.0,0.0,0.0,2.53,2.34,0.0
20170115:1810,0.0,0.0,0.0,0.0,2.23,2.14,0.0
20170115:1910,0.0,0.0,0.0,0.0,1.71,2.34,0.0
20170115:2010,0.0,0.0,0.0,0.0,1.79,2.21,0.0
20170115:2110,0.0,0.0,0.0,0.0,1.94,1.79,0.0
20170115:2210,0.0,0.0,0.0,0.0,2.02,1.52,0.0
20170115:2310,0.0,0.0,0.0,0.0,1.94,1.45,0.0
20170116:0010,0.0,0.0,0.0,0.0,1.83,1.59,0.0
20170116:0110,0.0,0.0,0.0,0.0,1.67,1.79,0.0
20170116:0210,0.0,0.0,0.0,0.0,1.55,2.21,0.0
20170116:0310,0.0,0.0,0.0,0.0,1.43,2.55,0.0
20170116:0410,0.0,0.0,0.0,0.0,1.33,2.48,0.0
20170116:0510,0.0,0.0,0.0,0.0,1.21,2.48,0.0
20170116:0610,0.0,0.0,0.0,0.0,0.97,2.62,0.0
20170116:0710,0.0,0.0,0.0,0.0,0.48,2.76,0.0
20170116:0810,0.0,12.0,0.0,3.69,0.33,2.62,0.0
20170116:0910,2.0,64.0,0.0,10.81,0.45,2.41,0.0
20170116:1010,2.0,96.0,0.0,16.25,0.7,2.14,0.0
20170116:1110,2.0,117.0,0.0,19.55,1.04,2.0,0.0
20170116:1210,8.0,143.0,0.0,20.38,1.34,1.93,0.0
20170116:1310,31.0,149.0,0.0,18.66,1.6,2.0,0.0
20170116:1410,36.0,113.0,0.0,14.57,1.72,2.28,0.0
20170116:1510,10.0,58.0,0.0,8.5,1.68,2.48,0.0
20170116:1610,0.0,0.0,0.0,0.0,1.52,2.34,0.0
20170116:1710,0.0,0.0,0.0,0.0,1.41,1.86,0.0
20170116:1810,0.0,0.0,0.0,0.0,1.32,2.0,0.0
20170116:1910,0.0,0.0,0.0,0.0,1.25,2.41,0.0
20170116:2010,0.0,0.0,0.0,0.0,0.99,2.41,0.0
20170116:2110,0.0,0.0,0.0,0.0,0.64,2.48,0.0
20170116:2210,0.0,0.0,0.0,0.0,-0.05,2.48,0.0
20170116:2310,0.0,0.0,0.0,0.0,-0.55,2.48,0.0
20170117:0010,0.0,0.0,0.0,0.0,-1.65,2.48,0.0
20170117:0110,0.0,0.0,0.0,0.0,-2.39,2.41,0.0
20170117:0210,0.0,0.0,0.0,0.0,-3.05,2.41,0.0
20170117:0310,0.0,0.0,0.0,0.0,-3.74,2.41,0.0
20170117:0410,0.0,0.0,0.0,0.0,-4.28,2.34,0.0
20170117:0510,0.0,0.0,0.0,0.0,-4.69,2.41,0.0
20170117:0610,0.0,0.0,0.0,0.0,-4.97,2.55,0.0
20170117:0710,0.0,0.0,0.0,0.0,-4.26,2.9,0.0
20170117:0810,18.0,16.97,0.0,3.81,-4.34,2.9,0.0
20170117:0910,106.01,56.0,0.0,10.95,-3.63,3.03,0.0
20170117:1010,196.01,71.0,0.0,16.41,-2.19,3.45,0.0
20170117:1110,262.01,74.0,0.0,19.73,-0.8,3.66,0.0
20170117:1210,284.01,72.0,0.0,20.58,0.2,4.0,0.0
20170117:1310,246.01,72.0,0.0,18.87,0.81,4.28,0.0
20170117:1410,184.01,58.0,0.0,14.78,0.97,4.48,0.0
20170117:1510,79.01,43.0,0.0,8.71,0.67,4.28,0.0
20170117:1610,0.0,0.0,0.0,0.0,-0.25,3.93,0.0
20170117:1710,0.0,0.0,0.0,0.0,-1.36,4.07,0.0
20170117:1810,0.0,0.0,0.0,0.0,-1.91,4.28,0.0
20170117:1910,0.0,0.0,0.0,0.0,-2.3,4.34,0.0
20170117:2010,0.0,0.0,0.0,0.0,-2.67,4.28,0.0
20170117:2110,0.0,0.0,0.0,0.0,-3.03,4.07,0.0
20170117:2210,0.0,0.0,0.0,0.0,-3.3,4.0,0.0
20170117:2310,0.0,0.0,0.0,0.0,-3.48,4.0,0.0
20170118:0010,0.0,0.0,0.0,0.0,-3.61,4.0,0.0
20170118:0110,0.0,0.0,0.0,0.0,-3.75,4.07,0.0
20170118:0210,0.0,0.0,0.0,0.0,-3.82,4.07,0.0
20170118:0310,0.0,0.0,0.0,0.0,-3.88,4.14,0.0
20170118:0410,0.0,0.0,0.0,0.0,-3.94,4.21,0.0
20170118:0510,0.0,0.0,0.0,0.0,-4.02,4.34,0.0
20170118:0610,0.0,0.0,0.0,0.0,-4.1,4.34,0.0
20170118:0710,0.0,0.0,0.0,0.0,-3.88,4.07,0.0
20170118:0810,20.0,16.66,0.0,3.93,-3.97,3.93,0.0
20170118:0910,115.01,52.0,0.0,11.09,-3.17,3.66,0.0
20170118:1010,193.01,74.0,0.0,16.57,-2.02,4.62,0.0
20170118:1110,256.01,78.0,0.0,19.91,-0.92,5.1,0.0
20170118:1210,278.01,77.0,0.0,20.78,0.05,5.24,0.0
20170118:1310,248.01,73.0,0.0,19.08,0.75,5.31,0.0
20170118:1410,168.01,68.0,0.0,15.0,1.07,5.24,0.0
20170118:1510,77.01,46.0,0.0,8.92,0.84,4.69,0.0
20170118:1610,0.0,0.0,0.0,0.0,-0.08,4.41,0.0
20170118:1710,0.0,0.0,0.0,0.0,-1.1,4.28,0.0
20170118:1810,0.0,0.0,0.0,0.0,-1.68,4.0,0.0
20170118:1910,0.0,0.0,0.0,0.0,-1.7,3.79,0.0
20170118:2010,0.0,0.0,0.0,0.0,-2.16,3.52,0.0
20170118:2110,0.0,0.0,0.0,0.0,-2.54,3.52,0.0
20170118:2210,0.0,0.0,0.0,0.0,-2.82,3.59,0.0
20170118:2310,0.0,0.0,0.0,0.0,-3.05,3.66,0.0
20170119:0010,0.0,0.0,0.0,0.0,-3.23,3.79,0.0
20170119:0110,0.0,0.0,0.0,0.0,-3.39,3.86,0.0
20170119:0210,0.0,0.0,0.0,0.0,-3.55,3.86,0.0
20170119:0310,0.0,0.0,0.0,0.0,-3.7,3.86,0.0
20170119:0410,0.0,0.0,0.0,0.0,-3.84,3.93,0.0
20170119:0510,0.0,0.0,0.0,0.0,-3.96,3.93,0.0
20170119:0610,0.0,0.0,0.0,0.0,-4.04,3.93,0.0
20170119:0710,0.0,0.0,0.0,0.0,-3.99,3.93,0.0
20170119:0810,23.0,16.17,0.0,4.06,-4.07,3.72,0.0
20170119:0910,118.01,52.0,0.0,11.24,-3.24,3.31,0.0
20170119:1010,195.01,74.0,0.0,16.74,-2.07,4.14,0.0
20170119:1110,258.01,79.0,0.0,20.11,-0.95,4.21,0.0
20170119:1210,280.01,77.0,0.0,20.99,0.02,4.0,0.0
20170119:1310,247.01,75.0,0.0,19.3,0.73,3.86,0.0
20170119:1410,181.01,63.0,0.0,15.22,1.09,3.93,0.0
20170119:1510,86.01,43.0,0.0,9.14,0.95,3.59,0.0
20170119:1610,0.0,0.0,0.0,0.0,-0.18,2.97,0.0
20170119:1710,0.0,0.0,0.0,0.0,-1.68,2.9,0.0
20170119:1810,0.0,0.0,0.0,0.0,-2.39,2.83,0.0
20170119:1910,0.0,0.0,0.0,0.0,-2.68,2.62,0.0
20170119:2010,0.0,0.0,0.0,0.0,-2.97,2.62,0.0
20170119:2110,0.0,0.0,0.0,0.0,-3.22,2.69,0.0
20170119:2210,0.0,0.0,0.0,0.0,-3.44,2.69,0.0
20170119:2310,0.0,0.0,0.0,0.0,-3.63,2.76,0.0
20170120:0010,0.0,0.0,0.0,0.0,-3.82,2.76,0.0
20170120:0110,0.0,0.0,0.0,0.0,-3.99,2.76,0.0
20170120:0210,0.0,0.0,0.0,0.0,-4.11,2.76,0.0
20170120:0310,0.0,0.0,0.0,0.0,-4.2,2.76,0.0
20170120:0410,0.0,0.0,0.0,0.0,-4.29,2.62,0.0
20170120:0510,0.0,0.0,0.0,0.0,-4.39,2.55,0.0
20170120:0610,0.0,0.0,0.0,0.0,-4.48,2.48,0.0
20170120:0710,0.0,0.0,0.0,0.0,-4.54,2.83,0.0
20170120:0810,27.0,14.77,0.0,4.2,-4.65,2.62,0.0
20170120:0910,115.01,55.0,0.0,11.4,-3.55,2.34,0.0
20170120:1010,194.01,77.0,0.0,16.92,-2.04,2.97,0.0
20170120:1110,252.01,85.0,0.0,20.31,-0.8,2.9,0.0
20170120:1210,280.01,80.0,0.0,21.21,0.26,2.76,0.0
20170120:1310,243.01,80.0,0.0,19.52,1.0,2.55,0.0
20170120:1410,182.01,66.0,0.0,15.44,1.36,2.48,0.0
20170120:1510,85.01,46.0,0.0,9.36,1.18,2.14,0.0
20170120:1610,0.0,2.0,0.0,1.73,-0.06,2.21,0.0
20170120:1710,0.0,0.0,0.0,0.0,-1.72,2.41,0.0
20170120:1810,0.0,0.0,0.0,0.0,-2.61,2.34,0.0
20170120:1910,0.0,0.0,0.0,0.0,-3.23,1.93,0.0
20170120:2010,0.0,0.0,0.0,0.0,-4.0,1.72,0.0
20170120:2110,0.0,0.0,0.0,0.0,-4.66,1.72,0.0
20170120:2210,0.0,0.0,0.0,0.0,-4.97,1.86,0.0
20170120:2310,0.0,0.0,0.0,0.0,-5.05,2.0,0.0
20170121:0010,0.0,0.0,0.0,0.0,-5.2,1.93,0.0
20170121:0110,0.0,0.0,0.0,0.0,-5.36,1.86,0.0
20170121:0210,0.0,0.0,0.0,0.0,-5.53,1.86,0.0
20170121:0310,0.0,0.0,0.0,0.0,-5.66,1.86,0.0
20170121:0410,0.0,0.0,0.0,0.0,-5.78,1.79,0.0
20170121:0510,0.0,0.0,0.0,0.0,-5.9,1.79,0.0
20170121:0610,0.0,0.0,0.0,0.0,-6.04,1.66,0.0
20170121:0710,0.0,0.0,0.0,0.0,-6.21,1.79,0.0
20170121:0810,27.0,15.69,0.0,4.34,-6.19,1.72,0.0
20170121:0910,113.01,58.0,0.0,11.56,-4.39,1.38,0.0
20170121:1010,192.01,80.0,0.0,17.11,-2.04,1.38,0.0
20170121:1110,270.01,77.0,0.0,20.51,0.09,1.31,0.0
20170121:1210,121.01,163.0,0.0,21.43,1.83,1.38,0.0
20170121:1310,231.01,89.0,0.0,19.75,3.03,1.45,0.0
20170121:1410,187.01,65.0,0.0,15.67,3.6,1.38,0.0
20170121:1510,94.01,44.0,0.0,9.58,3.41,1.17,0.0
20170121:1610,0.0,3.0,0.0,1.95,2.39,1.86,0.0
20170121:1710,0.0,0.0,0.0,0.0,0.41,2.21,0.0
20170121:1810,0.0,0.0,0.0,0.0,-1.22,2.14,0.0
20170121:1910,0.0,0.0,0.0,0.0,-2.67,1.86,0.0
20170121:2010,0.0,0.0,0.0,0.0,-3.35,1.86,0.0
20170121:2110,0.0,0.0,0.0,0.0,-3.81,1.86,0.0
20170121:2210,0.0,0.0,0.0,0.0,-3.81,1.66,0.0
20170121:2310,0.0,0.0,0.0,0.0,-3.29,1.31,0.0
20170122:0010,0.0,0.0,0.0,0.0,-3.85,1.45,0.0
20170122:0110,0.0,0.0,0.0,0.0,-4.48,1.66,0.0
20170122:0210,0.0,0.0,0.0,0.0,-4.67,1.86,0.0
20170122:0310,0.0,0.0,0.0,0.0,-4.73,1.86,0.0
20170122:0410,0.0,0.0,0.0,0.0,-4.83,1.79,0.0
20170122:0510,0.0,0.0,0.0,0.0,-4.9,1.79,0.0
20170122:0610,0.0,0.0,0.0,0.0,-5.0,1.72,0.0
20170122:0710,0.0,0.0,0.0,0.0,-5.11,2.0,0.0
20170122:0810,13.0,23.82,0.0,4.49,-5.08,1.72,0.0
20170122:0910,49.0,88.0,0.0,11.73,-3.16,1.17,0.0
20170122:1010,198.01,79.0,0.0,17.3,-0.9,1.38,0.0
20170122:1110,216.01,110.0,0.0,20.72,1.14,1.52,0.0
20170122:1210,238.01,109.0,0.0,21.66,2.91,1.59,0.0
20170122:1310,256.01,78.0,0.0,19.99,4.1,1.79,0.0
20170122:1410,162.01,81.0,0.0,15.91,4.46,2.14,0.0
20170122:1510,50.0,67.0,0.0,9.81,3.74,2.0,0.0
20170122:1610,0.0,5.0,0.0,2.17,2.04,2.48,0.0
20170122:1710,0.0,0.0,0.0,0.0,0.46,2.55,0.0
20170122:1810,0.0,0.0,0.0,0.0,-0.35,2.55,0.0
20170122:1910,0.0,0.0,0.0,0.0,-1.21,2.28,0.0
20170122:2010,0.0,0.0,0.0,0.0,-1.57,2.14,0.0
20170122:2110,0.0,0.0,0.0,0.0,-1.84,2.21,0.0
20170122:2210,0.0,0.0,0.0,0.0,-1.83,2.28,0.0
20170122:2310,0.0,0.0,0.0,0.0,-1.87,2.21,0.0
20170123:0010,0.0,0.0,0.0,0.0,-2.06,2.28,0.0
20170123:0110,0.0,0.0,0.0,0.0,-2.06,2.21,0.0
20170123:0210,0.0,0.0,0.0,0.0,-2.34,2.21,0.0
20170123:0310,0.0,0.0,0.0,0.0,-2.49,2.14,0.0
20170123:0410,0.0,0.0,0.0,0.0,-2.81,2.14,0.0
20170123:0510,0.0,0.0,0.0,0.0,-3.18,2.14,0.0
20170123:0610,0.0,0.0,0.0,0.0,-3.52,2.21,0.0
20170123:0710,0.0,0.0,0.0,0.0,-3.41,2.34,0.0
20170123:0810,22.0,20.99,0.0,4.65,-3.47,2.34,0.0
20170123:0910,123.01,55.0,0.0,11.91,-2.08,2.07,0.0
20170123:1010,216.01,70.0,0.0,17.5,0.03,2.34,0.0
20170123:1110,271.01,79.0,0.0,20.94,1.61,2.48,0.0
20170123:1210,272.01,90.0,0.0,21.89,2.8,2.48,0.0
20170123:1310,144.01,140.0,0.0,20.23,3.57,2.55,0.0
20170123:1410,109.01,110.0,0.0,16.15,3.93,2.76,0.0
20170123:1510,53.0,67.0,0.0,10.05,3.62,2.41,0.0
20170123:1610,0.0,6.0,0.0,2.4,2.09,2.48,0.0
20170123:1710,0.0,0.0,0.0,0.0,0.2,2.55,0.0
20170123:1810,0.0,0.0,0.0,0.0,-0.69,2.48,0.0
20170123:1910,0.0,0.0,0.0,0.0,-1.74,2.34,0.0
20170123:2010,0.0,0.0,0.0,0.0,-2.17,2.28,0.0
20170123:2110,0.0,0.0,0.0,0.0,-2.43,2.07,0.0
20170123:2210,0.0,0.0,0.0,0.0,-2.68,1.86,0.0
20170123:2310,0.0,0.0,0.0,0.0,-3.05,1.86,0.0
20170124:0010,0.0,0.0,0.0,0.0,-3.02,1.86,0.0
20170124:0110,0.0,0.0,0.0,0.0,-3.14,1.86,0.0
20170124:0210,0.0,0.0,0.0,0.0,-2.77,1.72,0.0
20170124:0310,0.0,0.0,0.0,0.0,-2.58,1.59,0.0
20170124:0410,0.0,0.0,0.0,0.0,-2.46,1.59,0.0
20170124:0510,0.0,0.0,0.0,0.0,-2.41,1.59,0.0
20170124:0610,0.0,0.0,0.0,0.0,-2.12,1.31,0.0
20170124:0710,0.0,0.0,0.0,0.0,-2.11,0.83,0.0
20170124:0810,2.0,25.56,0.0,4.81,-2.08,0.69,0.0
20170124:0910,0.0,53.0,0.0,12.09,-1.21,0.83,0.0
20170124:1010,0.0,53.0,0.0,17.7,-0.47,0.83,0.0
20170124:1110,0.0,76.0,0.0,21.17,0.36,0.97,0.0
20170124:1210,0.0,51.0,0.0,22.13,1.08,1.52,0.0
20170124:1310,0.0,81.0,0.0,20.47,1.3,1.79,0.0
20170124:1410,21.0,125.0,0.0,16.39,1.57,2.0,0.0
20170124:1510,37.0,74.0,0.0,10.28,1.66,1.86,0.0
20170124:1610,0.0,8.0,0.0,2.63,1.21,1.45,0.0
20170124:1710,0.0,0.0,0.0,0.0,0.55,1.59,0.0
20170124:1810,0.0,0.0,0.0,0.0,0.15,1.52,0.0
20170124:1910,0.0,0.0,0.0,0.0,-0.48,1.59,0.0
20170124:2010,0.0,0.0,0.0,0.0,-0.6,1.59,0.0
20170124:2110,0.0,0.0,0.0,0.0,-0.49,1.52,0.0
20170124:2210,0.0,0.0,0.0,0.0,-0.61,1.66,0.0
20170124:2310,0.0,0.0,0.0,0.0,-0.55,1.72,0.0
20170125:0010,0.0,0.0,0.0,0.0,-0.48,1.86,0.0
20170125:0110,0.0,0.0,0.0,0.0,-0.33,2.0,0.0
20170125:0210,0.0,0.0,0.0,0.0,-0.37,2.14,0.0
20170125:0310,0.0,0.0,0.0,0.0,-0.64,2.07,0.0
20170125:0410,0.0,0.0,0.0,0.0,-0.98,2.0,0.0
20170125:0510,0.0,0.0,0.0,0.0,-1.48,2.0,0.0
20170125:0610,0.0,0.0,0.0,0.0,-1.83,2.0,0.0
20170125:0710,0.0,0.0,0.0,0.0,-1.54,2.07,0.0
20170125:0810,1.0,22.81,0.0,4.98,-1.67,2.14,0.0
20170125:0910,0.0,57.0,0.0,12.28,-1.26,2.41,0.0
20170125:1010,0.0,57.0,0.0,17.91,-0.52,2.34,0.0
20170125:1110,0.0,65.0,0.0,21.4,0.29,3.03,0.0
20170125:1210,0.0,65.0,0.0,22.37,0.89,2.97,0.0
20170125:1310,0.0,61.0,0.0,20.72,1.19,2.9,0.0
20170125:1410,0.0,48.0,0.0,16.64,1.35,2.83,0.0
20170125:1510,0.0,40.0,0.0,10.53,1.2,2.69,0.0
20170125:1610,0.0,3.0,0.0,2.86,0.55,2.21,0.0
20170125:1710,0.0,0.0,0.0,0.0,-0.77,2.28,0.0
20170125:1810,0.0,0.0,0.0,0.0,-1.6,2.21,0.0
20170125:1910,0.0,0.0,0.0,0.0,-2.13,2.28,0.0
20170125:2010,0.0,0.0,0.0,0.0,-2.77,2.07,0.0
20170125:2110,0.0,0.0,0.0,0.0,-3.23,2.0,0.0
20170125:2210,0.0,0.0,0.0,0.0,-3.93,2.14,0.0
20170125:2310,0.0,0.0,0.0,0.0,-4.29,2.14,0.0
20170126:0010,0.0,0.0,0.0,0.0,-4.59,2.07,0.0
20170126:0110,0.0,0.0,0.0,0.0,-4.78,2.14,0.0
20170126:0210,0.0,0.0,0.0,0.0,-4.89,2.21,0.0
20170126:0310,0.0,0.0,0.0,0.0,-4.98,2.28,0.0
20170126:0410,0.0,0.0,0.0,0.0,-5.05,2.21,0.0
20170126:0510,0.0,0.0,0.0,0.0,-5.1,2.28,0.0
20170126:0610,0.0,0.0,0.0,0.0,-5.13,2.34,0.0
20170126:0710,0.0,0.0,0.0,0.0,-5.73,2.48,0.0
20170126:0810,40.0,16.41,0.0,5.15,-5.56,2.28,0.0
20170126:0910,139.01,54.0,0.0,12.48,-4.04,2.48,0.0
20170126:1010,213.01,79.0,0.0,18.13,-1.87,2.48,0.0
20170126:1110,259.01,95.0,0.0,21.64,0.39,2.62,0.0
20170126:1210,269.01,101.0,0.0,22.63,2.28,2.69,0.0
20170126:1310,238.01,99.0,0.0,20.98,3.68,2.83,0.0
20170126:1410,199.01,71.0,0.0,16.89,4.42,2.9,0.0
20170126:1510,111.01,48.0,0.0,10.77,4.23,2.62,0.0
20170126:1610,0.0,12.0,0.0,3.1,2.72,3.1,0.0
20170126:1710,0.0,0.0,0.0,0.0,0.85,3.45,0.0
20170126:1810,0.0,0.0,0.0,0.0,0.1,3.59,0.0
20170126:1910,0.0,0.0,0.0,0.0,-0.49,3.59,0.0
20170126:2010,0.0,0.0,0.0,0.0,-0.65,3.66,0.0
20170126:2110,0.0,0.0,0.0,0.0,-0.79,3.79,0.0
20170126:2210,0.0,0.0,0.0,0.0,-0.89,3.86,0.0
20170126:2310,0.0,0.0,0.0,0.0,-0.7,3.79,0.0
20170127:0010,0.0,0.0,0.0,0.0,-0.34,3.86,0.0
20170127:0110,0.0,0.0,0.0,0.0,-0.09,3.93,0.0
20170127:0210,0.0,0.0,0.0,0.0,0.35,3.93,0.0
20170127:0310,0.0,0.0,0.0,0.0,0.33,3.86,0.0
20170127:0410,0.0,0.0,0.0,0.0,0.49,3.86,0.0
20170127:0510,0.0,0.0,0.0,0.0,0.82,3.79,0.0
20170127:0610,0.0,0.0,0.0,0.0,1.31,3.86,0.0
20170127:0710,0.0,0.0,0.0,0.0,1.52,3.72,0.0
20170127:0810,12.0,30.88,0.0,5.33,2.02,3.66,0.0
20170127:0910,5.0,83.0,0.0,12.68,3.6,3.52,0.0
20170127:1010,19.0,138.0,0.0,18.36,5.52,3.79,0.0
20170127:1110,168.01,142.0,0.0,21.88,7.37,3.45,0.0
20170127:1210,29.0,180.0,0.0,22.88,8.94,4.0,0.0
20170127:1310,1.0,113.0,0.0,21.24,9.78,4.62,0.0
20170127:1410,0.0,80.0,0.0,17.15,10.15,5.1,0.0
20170127:1510,5.0,69.0,0.0,11.02,9.67,5.24,0.0
20170127:1610,0.0,7.0,0.0,3.34,8.69,5.38,0.0
20170127:1710,0.0,0.0,0.0,0.0,7.9,5.45,0.0
20170127:1810,0.0,0.0,0.0,0.0,7.41,5.38,0.0
20170127:1910,0.0,0.0,0.0,0.0,7.19,5.03,0.0
20170127:2010,0.0,0.0,0.0,0.0,6.64,4.97,0.0
20170127:2110,0.0,0.0,0.0,0.0,6.74,5.1,0.0
20170127:2210,0.0,0.0,0.0,0.0,7.36,5.17,0.0
20170127:2310,0.0,0.0,0.0,0.0,7.29,5.17,0.0
20170128:0010,0.0,0.0,0.0,0.0,7.12,5.17,0.0
20170128:0110,0.0,0.0,0.0,0.0,7.27,5.24,0.0
20170128:0210,0.0,0.0,0.0,0.0,7.09,5.1,0.0
20170128:0310,0.0,0.0,0.0,0.0,6.89,4.97,0.0
20170128:0410,0.0,0.0,0.0,0.0,6.78,4.69,0.0
20170128:0510,0.0,0.0,0.0,0.0,6.72,4.48,0.0
20170128:0610,0.0,0.0,0.0,0.0,6.66,4.21,0.0
20170128:0710,0.0,0.0,0.0,0.0,6.27,4.28,0.0
20170128:0810,38.0,20.14,0.0,5.52,6.27,4.14,0.0
20170128:0910,14.0,93.0,0.0,12.89,6.81,4.07,0.0
20170128:1010,3.0,113.0,0.0,18.58,7.57,3.52,0.0
20170128:1110,0.0,100.0,0.0,22.13,7.93,3.79,0.0
20170128:1210,11.0,164.0,0.0,23.14,8.08,4.34,0.0
20170128:1310,0.0,84.0,0.0,21.51,8.06,3.45,0.0
20170128:1410,3.0,107.0,0.0,17.41,8.17,3.24,0.0
20170128:1510,30.0,82.0,0.0,11.27,8.04,3.03,0.0
20170128:1610,0.0,13.0,0.0,3.58,7.44,2.69,0.0
20170128:1710,0.0,0.0,0.0,0.0,6.15,2.62,0.0
20170128:1810,0.0,0.0,0.0,0.0,5.14,2.76,0.0
20170128:1910,0.0,0.0,0.0,0.0,4.05,2.9,0.0
20170128:2010,0.0,0.0,0.0,0.0,3.48,2.9,0.0
20170128:2110,0.0,0.0,0.0,0.0,2.83,2.9,0.0
20170128:2210,0.0,0.0,0.0,0.0,2.37,2.9,0.0
20170128:2310,0.0,0.0,0.0,0.0,2.06,2.97,0.0
20170129:0010,0.0,0.0,0.0,0.0,2.0,2.97,0.0
20170129:0110,0.0,0.0,0.0,0.0,1.96,2.9,0.0
20170129:0210,0.0,0.0,0.0,0.0,2.58,2.9,0.0
20170129:0310,0.0,0.0,0.0,0.0,2.67,2.9,0.0
20170129:0410,0.0,0.0,0.0,0.0,2.67,2.97,0.0
20170129:0510,0.0,0.0,0.0,0.0,2.34,2.9,0.0
20170129:0610,0.0,0.0,0.0,0.0,1.87,2.9,0.0
20170129:0710,0.0,0.0,0.0,0.0,1.35,2.76,0.0
20170129:0810,0.0,11.0,0.0,5.71,1.52,2.83,0.0
20170129:0910,0.0,55.0,0.0,13.1,2.88,2.9,0.0
20170129:1010,2.0,111.0,0.0,18.82,3.93,3.59,0.0
20170129:1110,0.0,114.0,0.0,22.38,4.91,3.66,0.0
20170129:1210,0.0,99.0,0.0,23.41,5.88,3.72,0.0
20170129:1310,6.0,146.0,0.0,21.78,6.81,3.86,0.0
20170129:1410,8.0,123.0,0.0,17.68,7.61,4.14,0.0
20170129:1510,104.01,57.0,0.0,11.53,7.8,3.38,0.0
20170129:1610,2.0,17.62,0.0,3.82,7.62,3.31,0.0
20170129:1710,0.0,0.0,0.0,0.0,6.89,3.45,0.0
20170129:1810,0.0,0.0,0.0,0.0,6.47,3.93,0.0
20170129:1910,0.0,0.0,0.0,0.0,6.17,4.21,0.0
20170129:2010,0.0,0.0,0.0,0.0,6.24,4.76,0.0
20170129:2110,0.0,0.0,0.0,0.0,6.47,5.1,0.0
20170129:2210,0.0,0.0,0.0,0.0,6.61,5.17,0.0
20170129:2310,0.0,0.0,0.0,0.0,6.46,5.45,0.0
20170130:0010,0.0,0.0,0.0,0.0,6.22,5.66,0.0
20170130:0110,0.0,0.0,0.0,0.0,6.08,5.38,0.0
20170130:0210,0.0,0.0,0.0,0.0,6.5,4.97,0.0
20170130:0310,0.0,0.0,0.0,0.0,7.01,4.83,0.0
20170130:0410,0.0,0.0,0.0,0.0,7.29,4.62,0.0
20170130:0510,0.0,0.0,0.0,0.0,7.6,4.48,0.0
20170130:0610,0.0,0.0,0.0,0.0,7.81,4.28,0.0
20170130:0710,0.0,0.0,0.0,0.0,8.2,4.0,0.0
20170130:0810,0.0,12.0,0.0,5.91,8.4,3.59,0.0
20170130:0910,0.0,52.0,0.0,13.32,8.67,3.24,0.0
20170130:1010,12.0,134.0,0.0,19.06,9.01,3.1,0.0
20170130:1110,0.0,93.0,0.0,22.65,9.38,3.1,0.0
20170130:1210,0.0,86.0,0.0,23.68,9.69,3.17,0.0
20170130:1310,3.0,135.0,0.0,22.05,9.94,3.24,0.0
20170130:1410,11.0,126.0,0.0,17.95,10.3,3.24,0.0
20170130:1510,0.0,36.0,0.0,11.79,10.46,3.03,0.0
20170130:1610,0.0,14.0,0.0,4.07,10.51,2.69,0.0
20170130:1710,0.0,0.0,0.0,0.0,10.2,2.34,0.0
20170130:1810,0.0,0.0,0.0,0.0,9.9,2.28,0.0
20170130:1910,0.0,0.0,0.0,0.0,9.55,2.34,0.0
20170130:2010,0.0,0.0,0.0,0.0,9.46,2.34,0.0
20170130:2110,0.0,0.0,0.0,0.0,9.44,2.41,0.0
20170130:2210,0.0,0.0,0.0,0.0,9.43,2.41,0.0
20170130:2310,0.0,0.0,0.0,0.0,9.43,2.41,0.0
20170131:0010,0.0,0.0,0.0,0.0,9.42,2.41,0.0
20170131:0110,0.0,0.0,0.0,0.0,9.43,2.41,0.0
20170131:0210,0.0,0.0,0.0,0.0,9.43,2.21,0.0
20170131:0310,0.0,0.0,0.0,0.0,9.41,2.07,0.0
20170131:0410,0.0,0.0,0.0,0.0,9.37,1.86,0.0
20170131:0510,0.0,0.0,0.0,0.0,9.29,1.66,0.0
20170131:0610,0.0,0.0,0.0,0.0,9.19,1.59,0.0
20170131:0710,0.0,0.0,0.0,0.0,9.29,1.52,0.0
20170131:0810,4.0,35.0,0.0,6.11,9.2,1.52,0.0
20170131:0910,0.0,67.0,0.0,13.54,9.38,1.45,0.0
20170131:1010,1.0,102.0,0.0,19.31,9.71,1.45,0.0
20170131:1110,11.0,161.0,0.0,22.91,10.15,2.21,0.0
20170131:1210,3.0,145.0,0.0,23.96,10.78,2.21,0.0
20170131:1310,0.0,70.0,0.0,22.33,10.92,1.93,0.0
20170131:1410,17.0,133.0,0.0,18.22,10.76,1.72,0.0
20170131:1510,7.0,79.0,0.0,12.05,10.93,1.79,0.0
20170131:1610,0.0,12.0,0.0,4.32,10.68,1.1,0.0
20170131:1710,0.0,0.0,0.0,0.0,10.19,1.45,0.0
20170131:1810,0.0,0.0,0.0,0.0,9.86,1.59,0.0
20170131:1910,0.0,0.0,0.0,0.0,10.1,1.66,0.0
20170131:2010,0.0,0.0,0.0,0.0,10.0,1.86,0.0
20170131:2110,0.0,0.0,0.0,0.0,9.88,2.07,0.0
20170131:2210,0.0,0.0,0.0,0.0,9.78,2.28,0.0
20170131:2310,0.0,0.0,0.0,0.0,9.69,2.48,0.0
20170201:0010,0.0,0.0,0.0,0.0,9.56,2.55,0.0
20170201:0110,0.0,0.0,0.0,0.0,9.33,2.55,0.0
20170201:0210,0.0,0.0,0.0,0.0,9.04,2.55,0.0
20170201:0310,0.0,0.0,0.0,0.0,8.77,2.55,0.0
20170201:0410,0.0,0.0,0.0,0.0,8.59,2.48,0.0
20170201:0510,0.0,0.0,0.0,0.0,8.29,2.55,0.0
20170201:0610,0.0,0.0,0.0,0.0,7.97,2.62,0.0
20170201:0710,0.0,0.0,0.0,0.0,7.2,2.69,0.0
20170201:0810,28.0,38.0,0.0,6.32,7.09,2.9,0.0
20170201:0910,104.01,81.0,0.0,13.78,7.88,2.83,0.0
20170201:1010,121.01,135.0,0.0,19.56,9.19,3.24,0.0
20170201:1110,17.0,170.0,0.0,23.18,10.29,3.59,0.0
20170201:1210,0.0,88.0,0.0,24.24,11.29,3.93,0.0
20170201:1310,36.0,178.0,0.0,22.62,11.62,4.0,0.0
20170201:1410,9.0,127.0,0.0,18.5,11.58,3.72,0.0
20170201:1510,14.0,87.0,0.0,12.31,11.49,3.79,0.0
20170201:1610,0.0,0.0,0.0,0.0,11.17,3.79,0.0
20170201:1710,0.0,0.0,0.0,0.0,10.77,3.86,0.0
20170201:1810,0.0,0.0,0.0,0.0,10.4,3.93,0.0
20170201:1910,0.0,0.0,0.0,0.0,9.37,3.52,0.0
20170201:2010,0.0,0.0,0.0,0.0,9.23,3.52,0.0
20170201:2110,0.0,0.0,0.0,0.0,9.17,3.52,0.0
20170201:2210,0.0,0.0,0.0,0.0,8.99,3.45,0.0
20170201:2310,0.0,0.0,0.0,0.0,8.45,3.45,0.0
20170202:0010,0.0,0.0,0.0,0.0,8.09,3.31,0.0
20170202:0110,0.0,0.0,0.0,0.0,7.81,3.31,0.0
20170202:0210,0.0,0.0,0.0,0.0,7.81,3.45,0.0
20170202:0310,0.0,0.0,0.0,0.0,7.9,3.79,0.0
20170202:0410,0.0,0.0,0.0,0.0,8.06,4.07,0.0
20170202:0510,0.0,0.0,0.0,0.0,7.99,4.21,0.0
20170202:0610,0.0,0.0,0.0,0.0,7.96,4.34,0.0
20170202:0710,0.0,0.0,0.0,0.0,8.08,4.41,0.0
20170202:0810,0.0,29.0,0.0,6.54,8.32,4.76,0.0
20170202:0910,6.0,91.0,0.0,14.01,9.19,5.03,0.0
20170202:1010,196.01,101.0,0.0,19.82,10.43,4.62,0.0
20170202:1110,4.0,149.0,0.0,23.46,11.76,5.03,0.0
20170202:1210,0.0,83.0,0.0,24.53,12.81,5.17,0.0
20170202:1310,0.0,83.0,0.0,22.91,13.38,4.97,0.0
20170202:1410,0.0,26.0,0.0,18.78,13.32,4.34,0.0
20170202:1510,0.0,19.0,0.0,12.58,12.39,4.97,0.0
20170202:1610,3.0,24.37,0.0,4.83,11.47,4.97,0.0
20170202:1710,0.0,0.0,0.0,0.0,11.18,5.03,0.0
20170202:1810,0.0,0.0,0.0,0.0,10.97,4.97,0.0
20170202:1910,0.0,0.0,0.0,0.0,10.98,4.48,0.0
20170202:2010,0.0,0.0,0.0,0.0,10.61,4.34,0.0
20170202:2110,0.0,0.0,0.0,0.0,9.98,4.21,0.0
20170202:2210,0.0,0.0,0.0,0.0,9.15,4.34,0.0
20170202:2310,0.0,0.0,0.0,0.0,8.37,4.62,0.0
20170203:0010,0.0,0.0,0.0,0.0,7.97,4.9,0.0
20170203:0110,0.0,0.0,0.0,0.0,7.89,4.76,0.0
20170203:0210,0.0,0.0,0.0,0.0,7.92,4.55,0.0
20170203:0310,0.0,0.0,0.0,0.0,8.02,4.83,0.0
20170203:0410,0.0,0.0,0.0,0.0,8.05,4.9,0.0
20170203:0510,0.0,0.0,0.0,0.0,7.73,4.48,0.0
20170203:0610,0.0,0.0,0.0,0.0,7.29,4.34,0.0
20170203:0710,0.0,0.0,0.0,0.0,7.19,4.28,0.0
20170203:0810,38.0,39.0,0.0,6.76,6.77,4.14,0.0
20170203:0910,136.01,72.0,0.0,14.26,7.27,3.86,0.0
20170203:1010,208.01,100.0,0.0,20.08,8.42,5.52,0.0
20170203:1110,287.01,97.0,0.0,23.74,9.6,5.52,0.0
20170203:1210,22.0,190.0,0.0,24.83,10.7,5.93,0.0
20170203:1310,0.0,85.0,0.0,23.2,10.67,6.76,0.0
20170203:1410,0.0,62.0,0.0,19.06,8.57,7.1,0.0
20170203:1510,24.0,96.0,0.0,12.85,7.73,7.52,0.0
20170203:1610,10.0,28.51,0.0,5.08,7.9,7.66,0.0
20170203:1710,0.0,0.0,0.0,0.0,8.42,8.14,0.0
20170203:1810,0.0,0.0,0.0,0.0,8.53,9.03,0.0
20170203:1910,0.0,0.0,0.0,0.0,7.91,8.41,0.0
20170203:2010,0.0,0.0,0.0,0.0,7.52,6.97,0.0
20170203:2110,0.0,0.0,0.0,0.0,6.6,5.31,0.0
20170203:2210,0.0,0.0,0.0,0.0,5.9,4.76,0.0
20170203:2310,0.0,0.0,0.0,0.0,5.49,4.62,0.0
20170204:0010,0.0,0.0,0.0,0.0,5.33,4.07,0.0
20170204:0110,0.0,0.0,0.0,0.0,5.55,4.34,0.0
20170204:0210,0.0,0.0,0.0,0.0,5.96,4.0,0.0
20170204:0310,0.0,0.0,0.0,0.0,5.92,4.28,0.0
20170204:0410,0.0,0.0,0.0,0.0,6.01,5.24,0.0
20170204:0510,0.0,0.0,0.0,0.0,6.13,6.21,0.0
20170204:0610,0.0,0.0,0.0,0.0,5.95,6.97,0.0
20170204:0710,0.0,0.0,0.0,0.0,6.35,5.93,0.0
20170204:0810,0.0,19.0,0.0,6.99,6.4,4.97,0.0
20170204:0910,0.0,66.0,0.0,14.5,6.67,3.66,0.0
20170204:1010,1.0,111.0,0.0,20.35,7.08,2.07,0.0
20170204:1110,0.0,112.0,0.0,24.03,7.88,1.17,0.0
20170204:1210,0.0,72.0,0.0,25.12,8.29,4.28,0.0
20170204:1310,0.0,121.0,0.0,23.5,7.35,6.76,0.0
20170204:1410,4.0,121.0,0.0,19.35,6.5,6.55,0.0
20170204:1510,0.0,34.0,0.0,13.13,6.48,6.76,0.0
20170204:1610,21.0,26.03,0.0,5.34,7.02,5.52,0.0
20170204:1710,0.0,0.0,0.0,0.0,6.89,4.14,0.0
20170204:1810,0.0,0.0,0.0,0.0,6.25,3.45,0.0
20170204:1910,0.0,0.0,0.0,0.0,5.18,2.9,0.0
20170204:2010,0.0,0.0,0.0,0.0,4.51,2.69,0.0
20170204:2110,0.0,0.0,0.0,0.0,3.75,2.76,0.0
20170204:2210,0.0,0.0,0.0,0.0,3.51,3.1,0.0
20170204:2310,0.0,0.0,0.0,0.0,3.99,3.59,0.0
20170205:0010,0.0,0.0,0.0,0.0,3.9,3.79,0.0
20170205:0110,0.0,0.0,0.0,0.0,4.35,3.72,0.0
20170205:0210,0.0,0.0,0.0,0.0,4.38,3.45,0.0
20170205:0310,0.0,0.0,0.0,0.0,4.68,3.17,0.0
20170205:0410,0.0,0.0,0.0,0.0,5.0,3.31,0.0
20170205:0510,0.0,0.0,0.0,0.0,5.29,3.45,0.0
20170205:0610,0.0,0.0,0.0,0.0,5.59,3.66,0.0
20170205:0710,0.0,0.0,0.0,0.0,5.37,3.59,0.0
20170205:0810,0.0,30.0,0.0,7.22,5.72,3.66,0.0
20170205:0910,0.0,39.0,0.0,14.76,6.57,3.03,0.0
20170205:1010,35.0,164.0,0.0,20.63,7.42,4.0,0.0
20170205:1110,75.0,197.0,0.0,24.32,8.04,4.76,0.0
20170205:1210,51.0,206.0,0.0,25.42,9.11,5.45,0.0
20170205:1310,56.0,193.0,0.0,23.8,9.86,4.69,0.0
20170205:1410,19.0,147.0,0.0,19.64,10.01,3.1,0.0
20170205:1510,102.01,79.0,0.0,13.4,9.69,1.52,0.0
20170205:1610,31.0,23.22,0.0,5.6,9.02,0.14,0.0
20170205:1710,0.0,0.0,0.0,0.0,8.33,0.28,0.0
20170205:1810,0.0,0.0,0.0,0.0,7.4,0.69,0.0
20170205:1910,0.0,0.0,0.0,0.0,4.99,2.76,0.0
20170205:2010,0.0,0.0,0.0,0.0,5.1,3.31,0.0
20170205:2110,0.0,0.0,0.0,0.0,5.61,3.93,0.0
20170205:2210,0.0,0.0,0.0,0.0,5.87,4.69,0.0
20170205:2310,0.0,0.0,0.0,0.0,5.44,5.38,0.0
20170206:0010,0.0,0.0,0.0,0.0,4.7,5.86,0.0
20170206:0110,0.0,0.0,0.0,0.0,4.27,5.72,0.0
20170206:0210,0.0,0.0,0.0,0.0,4.31,5.45,0.0
20170206:0310,0.0,0.0,0.0,0.0,4.52,5.17,0.0
20170206:0410,0.0,0.0,0.0,0.0,4.8,5.03,0.0
20170206:0510,0.0,0.0,0.0,0.0,4.93,4.76,0.0
20170206:0610,0.0,0.0,0.0,0.0,4.89,4.28,0.0
20170206:0710,0.0,0.0,0.0,0.0,4.97,3.79,0.0
20170206:0810,0.0,29.0,0.0,7.46,4.94,3.38,0.0
20170206:0910,0.0,49.0,0.0,15.01,5.43,4.41,0.0
20170206:1010,105.0,158.0,0.0,20.91,5.94,4.21,0.0
20170206:1110,159.01,176.0,0.0,24.62,6.58,3.31,0.0
20170206:1210,198.01,169.0,0.0,25.73,7.07,2.34,0.0
20170206:1310,25.0,187.0,0.0,24.1,7.4,1.93,0.0
20170206:1410,0.0,51.0,0.0,19.93,7.7,2.21,0.0
20170206:1510,4.0,86.0,0.0,13.68,7.48,2.14,0.0
20170206:1610,0.0,17.0,0.0,5.87,7.23,1.52,0.0
20170206:1710,0.0,0.0,0.0,0.0,6.74,1.17,0.0
20170206:1810,0.0,0.0,0.0,0.0,6.22,1.45,0.0
20170206:1910,0.0,0.0,0.0,0.0,5.51,1.66,0.0
20170206:2010,0.0,0.0,0.0,0.0,5.02,2.07,0.0
20170206:2110,0.0,0.0,0.0,0.0,5.16,2.28,0.0
20170206:2210,0.0,0.0,0.0,0.0,5.16,2.34,0.0
20170206:2310,0.0,0.0,0.0,0.0,5.2,2.69,0.0
20170207:0010,0.0,0.0,0.0,0.0,5.14,3.03,0.0
20170207:0110,0.0,0.0,0.0,0.0,5.19,3.52,0.0
20170207:0210,0.0,0.0,0.0,0.0,5.29,3.93,0.0
20170207:0310,0.0,0.0,0.0,0.0,5.35,4.07,0.0
20170207:0410,0.0,0.0,0.0,0.0,5.4,3.86,0.0
20170207:0510,0.0,0.0,0.0,0.0,5.43,3.38,0.0
20170207:0610,0.0,0.0,0.0,0.0,5.44,2.9,0.0
20170207:0710,0.0,0.0,0.0,0.0,5.05,2.14,0.0
20170207:0810,0.0,36.0,0.0,7.7,5.24,1.93,0.0
20170207:0910,1.0,86.0,0.0,15.28,5.83,1.93,0.0
20170207:1010,25.0,164.0,0.0,21.19,7.29,3.24,0.0
20170207:1110,15.0,182.0,0.0,24.92,8.77,4.55,0.0
20170207:1210,0.0,85.0,0.0,26.04,9.82,5.38,0.0
20170207:1310,0.0,115.0,0.0,24.41,10.12,5.03,0.0
20170207:1410,30.0,158.0,0.0,20.23,10.36,4.9,0.0
20170207:1510,99.0,86.0,0.0,13.96,10.27,4.55,0.0
20170207:1610,27.0,36.0,0.0,6.13,9.49,3.31,0.0
20170207:1710,0.0,0.0,0.0,0.0,7.99,2.62,0.0
20170207:1810,0.0,0.0,0.0,0.0,6.83,2.55,0.0
20170207:1910,0.0,0.0,0.0,0.0,6.26,2.62,0.0
20170207:2010,0.0,0.0,0.0,0.0,5.56,2.62,0.0
20170207:2110,0.0,0.0,0.0,0.0,5.02,2.48,0.0
20170207:2210,0.0,0.0,0.0,0.0,4.45,2.34,0.0
20170207:2310,0.0,0.0,0.0,0.0,4.01,2.21,0.0
20170208:0010,0.0,0.0,0.0,0.0,3.55,2.34,0.0
20170208:0110,0.0,0.0,0.0,0.0,3.37,2.48,0.0
20170208:0210,0.0,0.0,0.0,0.0,3.18,2.48,0.0
20170208:0310,0.0,0.0,0.0,0.0,3.07,2.41,0.0
20170208:0410,0.0,0.0,0.0,0.0,2.88,2.34,0.0
20170208:0510,0.0,0.0,0.0,0.0,3.14,2.21,0.0
20170208:0610,0.0,0.0,0.0,0.0,3.44,2.0,0.0
20170208:0710,0.0,0.0,0.0,0.0,3.78,2.28,0.0
20170208:0810,6.0,52.0,0.0,7.95,4.3,2.34,0.0
20170208:0910,73.0,115.0,0.0,15.55,5.15,3.86,0.0
20170208:1010,105.0,165.0,0.0,21.48,5.64,3.86,0.0
20170208:1110,209.01,160.0,0.0,25.23,6.57,4.0,0.0
20170208:1210,1.0,150.0,0.0,26.36,7.42,4.07,0.0
20170208:1310,0.0,100.0,0.0,24.72,7.58,3.86,0.0
20170208:1410,0.0,104.0,0.0,20.53,7.86,3.93,0.0
20170208:1510,0.0,40.0,0.0,14.24,7.75,3.24,0.0
20170208:1610,1.0,33.0,0.0,6.4,7.49,2.83,0.0
20170208:1710,0.0,0.0,0.0,0.0,6.27,2.41,0.0
20170208:1810,0.0,0.0,0.0,0.0,5.2,2.41,0.0
20170208:1910,0.0,0.0,0.0,0.0,4.89,2.83,0.0
20170208:2010,0.0,0.0,0.0,0.0,4.57,2.97,0.0
20170208:2110,0.0,0.0,0.0,0.0,4.57,3.03,0.0
20170208:2210,0.0,0.0,0.0,0.0,4.56,2.9,0.0
20170208:2310,0.0,0.0,0.0,0.0,4.39,2.83,0.0
20170209:0010,0.0,0.0,0.0,0.0,3.98,2.55,0.0
20170209:0110,0.0,0.0,0.0,0.0,3.76,2.62,0.0
20170209:0210,0.0,0.0,0.0,0.0,3.44,2.62,0.0
20170209:0310,0.0,0.0,0.0,0.0,3.25,2.83,0.0
20170209:0410,0.0,0.0,0.0,0.0,2.96,2.69,0.0
20170209:0510,0.0,0.0,0.0,0.0,2.85,2.76,0.0
20170209:0610,0.0,0.0,0.0,0.0,2.8,2.83,0.0
20170209:0710,0.0,0.0,0.0,0.0,2.95,2.9,0.0
20170209:0810,2.0,45.0,0.0,8.21,2.95,2.9,0.0
20170209:0910,0.0,78.0,0.0,15.82,3.34,2.97,0.0
20170209:1010,0.0,87.0,0.0,21.78,4.04,3.1,0.0
20170209:1110,0.0,76.0,0.0,25.54,4.98,3.17,0.0
20170209:1210,0.0,95.0,0.0,26.68,5.73,3.24,0.0
20170209:1310,70.0,205.0,0.0,25.04,6.34,3.24,0.0
20170209:1410,173.01,129.0,0.0,20.83,6.7,3.31,0.0
20170209:1510,131.01,78.0,0.0,14.53,6.7,3.1,0.0
20170209:1610,26.0,42.0,0.0,6.66,6.44,2.9,0.0
20170209:1710,0.0,0.0,0.0,0.0,4.88,2.62,0.0
20170209:1810,0.0,0.0,0.0,0.0,3.49,2.83,0.0
20170209:1910,0.0,0.0,0.0,0.0,2.75,2.83,0.0
20170209:2010,0.0,0.0,0.0,0.0,2.02,2.62,0.0
20170209:2110,0.0,0.0,0.0,0.0,1.42,2.55,0.0
20170209:2210,0.0,0.0,0.0,0.0,0.94,2.55,0.0
20170209:2310,0.0,0.0,0.0,0.0,0.47,2.48,0.0
20170210:0010,0.0,0.0,0.0,0.0,0.04,2.55,0.0
20170210:0110,0.0,0.0,0.0,0.0,-0.38,2.55,0.0
20170210:0210,0.0,0.0,0.0,0.0,-0.75,2.55,0.0
20170210:0310,0.0,0.0,0.0,0.0,-0.94,2.48,0.0
20170210:0410,0.0,0.0,0.0,0.0,-1.28,2.48,0.0
20170210:0510,0.0,0.0,0.0,0.0,-1.45,2.48,0.0
20170210:0610,0.0,0.0,0.0,0.0,-1.44,2.41,0.0
20170210:0710,0.0,0.0,0.0,0.0,-1.14,2.48,0.0
20170210:0810,1.0,42.0,0.0,8.46,-0.67,2.34,0.0
20170210:0910,6.0,108.0,0.0,16.1,0.33,2.9,0.0
20170210:1010,0.0,50.0,0.0,22.08,1.38,3.24,0.0
20170210:1110,0.0,111.0,0.0,25.86,2.03,2.9,0.0
20170210:1210,18.0,203.0,0.0,27.0,2.46,2.76,0.0
20170210:1310,16.0,188.0,0.0,25.36,2.87,2.9,0.0
20170210:1410,1.0,113.0,0.0,21.14,3.29,2.97,0.0
20170210:1510,0.0,62.0,0.0,14.82,3.23,2.83,0.0
20170210:1610,22.0,46.0,0.0,6.93,3.01,2.69,0.0
20170210:1710,0.0,0.0,0.0,0.0,2.56,2.34,0.0
20170210:1810,0.0,0.0,0.0,0.0,2.23,2.55,0.0
20170210:1910,0.0,0.0,0.0,0.0,1.34,2.41,0.0
20170210:2010,0.0,0.0,0.0,0.0,0.75,2.41,0.0
20170210:2110,0.0,0.0,0.0,0.0,-0.01,2.48,0.0
20170210:2210,0.0,0.0,0.0,0.0,-0.78,2.62,0.0
20170210:2310,0.0,0.0,0.0,0.0,-1.26,2.48,0.0
20170211:0010,0.0,0.0,0.0,0.0,-1.63,2.34,0.0
20170211:0110,0.0,0.0,0.0,0.0,-1.94,2.07,0.0
20170211:0210,0.0,0.0,0.0,0.0,-2.1,1.93,0.0
20170211:0310,0.0,0.0,0.0,0.0,-1.83,1.93,0.0
20170211:0410,0.0,0.0,0.0,0.0,-1.73,2.34,0.0
20170211:0510,0.0,0.0,0.0,0.0,-1.83,2.34,0.0
20170211:0610,0.0,0.0,0.0,0.0,-2.02,1.72,0.0
20170211:0710,0.0,0.0,0.0,0.0,-1.04,2.21,0.0
20170211:0810,1.0,44.0,0.0,8.73,-0.98,2.07,0.0
20170211:0910,3.0,103.0,0.0,16.38,-0.62,1.93,0.0
20170211:1010,0.0,100.0,0.0,22.38,-0.12,1.45,0.0
20170211:1110,0.0,81.0,0.0,26.18,0.39,1.17,0.0
20170211:1210,0.0,73.0,0.0,27.33,1.1,1.17,0.0
20170211:1310,0.0,91.0,0.0,25.68,1.49,1.17,0.0
20170211:1410,0.0,43.0,0.0,21.44,1.83,1.17,0.0
20170211:1510,0.0,20.0,0.0,15.1,1.97,1.1,0.0
20170211:1610,0.0,23.0,0.0,7.2,2.02,0.97,0.0
20170211:1710,0.0,0.0,0.0,0.0,1.82,0.62,0.0
20170211:1810,0.0,0.0,0.0,0.0,1.22,0.69,0.0
20170211:1910,0.0,0.0,0.0,0.0,1.23,0.48,0.0
20170211:2010,0.0,0.0,0.0,0.0,0.92,0.48,0.0
20170211:2110,0.0,0.0,0.0,0.0,0.37,0.83,0.0
20170211:2210,0.0,0.0,0.0,0.0,-0.39,1.1,0.0
20170211:2310,0.0,0.0,0.0,0.0,-0.55,1.24,0.0
20170212:0010,0.0,0.0,0.0,0.0,-1.12,1.66,0.0
20170212:0110,0.0,0.0,0.0,0.0,-0.77,1.72,0.0
20170212:0210,0.0,0.0,0.0,0.0,-0.73,1.93,0.0
20170212:0310,0.0,0.0,0.0,0.0,-0.73,2.14,0.0
20170212:0410,0.0,0.0,0.0,0.0,-0.6,2.28,0.0
20170212:0510,0.0,0.0,0.0,0.0,-0.35,2.48,0.0
20170212:0610,0.0,0.0,0.0,0.0,-0.19,2.69,0.0
20170212:0710,0.0,0.0,0.0,0.0,-0.67,2.55,0.0
20170212:0810,2.0,49.0,0.0,9.0,-0.54,2.76,0.0
20170212:0910,12.0,120.0,0.0,16.67,0.41,2.9,0.0
20170212:1010,1.0,121.0,0.0,22.69,1.06,2.9,0.0
20170212:1110,47.0,215.0,0.0,26.5,1.96,2.83,0.0
20170212:1210,0.0,128.0,0.0,27.66,3.72,2.97,0.0
20170212:1310,29.0,203.0,0.0,26.0,5.77,3.24,0.0
20170212:1410,35.0,172.0,0.0,21.75,8.0,3.24,0.0
20170212:1510,66.0,114.0,0.0,15.39,9.2,3.31,0.0
20170212:1610,16.0,50.0,0.0,7.48,9.54,3.66,0.0
20170212:1710,0.0,0.0,0.0,0.0,8.98,3.93,0.0
20170212:1810,0.0,0.0,0.0,0.0,8.29,4.41,0.0
20170212:1910,0.0,0.0,0.0,0.0,8.12,4.97,0.0
20170212:2010,0.0,0.0,0.0,0.0,7.89,5.31,0.0
20170212:2110,0.0,0.0,0.0,0.0,7.51,5.24,0.0
20170212:2210,0.0,0.0,0.0,0.0,7.08,5.03,0.0
20170212:2310,0.0,0.0,0.0,0.0,6.71,4.83,0.0
20170213:0010,0.0,0.0,0.0,0.0,6.39,4.76,0.0
20170213:0110,0.0,0.0,0.0,0.0,5.79,4.76,0.0
20170213:0210,0.0,0.0,0.0,0.0,5.28,4.62,0.0
20170213:0310,0.0,0.0,0.0,0.0,4.75,4.48,0.0
20170213:0410,0.0,0.0,0.0,0.0,4.32,4.55,0.0
20170213:0510,0.0,0.0,0.0,0.0,4.05,4.55,0.0
20170213:0610,0.0,0.0,0.0,0.0,3.37,4.41,0.0
20170213:0710,0.0,0.0,0.0,0.0,3.34,4.76,0.0
20170213:0810,66.0,52.0,0.0,9.27,3.5,4.76,0.0
20170213:0910,186.01,76.0,0.0,16.97,4.85,4.28,0.0
20170213:1010,298.01,84.0,0.0,23.01,6.58,4.9,0.0
20170213:1110,369.01,88.0,0.0,26.83,8.42,4.9,0.0
20170213:1210,374.01,97.0,0.0,27.99,10.11,4.69,0.0
20170213:1310,370.01,81.0,0.0,26.33,11.19,4.55,0.0
20170213:1410,293.01,76.0,0.0,22.07,11.71,4.69,0.0
20170213:1510,186.01,62.0,0.0,15.69,11.56,4.55,0.0
20170213:1610,51.0,42.0,0.0,7.75,10.67,4.69,0.0
20170213:1710,0.0,0.0,0.0,0.0,9.2,4.9,0.0
20170213:1810,0.0,0.0,0.0,0.0,8.03,4.9,0.0
20170213:1910,0.0,0.0,0.0,0.0,6.95,4.76,0.0
20170213:2010,0.0,0.0,0.0,0.0,6.52,4.69,0.0
20170213:2110,0.0,0.0,0.0,0.0,6.07,4.55,0.0
20170213:2210,0.0,0.0,0.0,0.0,5.78,4.41,0.0
20170213:2310,0.0,0.0,0.0,0.0,5.47,4.21,0.0
20170214:0010,0.0,0.0,0.0,0.0,5.08,4.0,0.0
20170214:0110,0.0,0.0,0.0,0.0,4.85,3.86,0.0
20170214:0210,0.0,0.0,0.0,0.0,4.88,3.79,0.0
20170214:0310,0.0,0.0,0.0,0.0,5.37,3.79,0.0
20170214:0410,0.0,0.0,0.0,0.0,6.1,3.93,0.0
20170214:0510,0.0,0.0,0.0,0.0,7.04,4.0,0.0
20170214:0610,0.0,0.0,0.0,0.0,7.99,4.21,0.0
20170214:0710,0.0,0.0,0.0,0.0,7.53,3.45,0.0
20170214:0810,37.0,65.0,0.0,9.55,8.05,3.59,0.0
20170214:0910,6.0,112.0,0.0,17.26,8.98,4.07,0.0
20170214:1010,0.0,72.0,0.0,23.32,9.95,4.55,0.0
20170214:1110,0.0,95.0,0.0,27.17,10.94,4.55,0.0
20170214:1210,13.0,202.0,0.0,28.33,11.63,4.0,0.0
20170214:1310,191.01,178.0,0.0,26.66,12.06,4.41,0.0
20170214:1410,117.0,164.0,0.0,22.38,13.21,4.62,0.0
20170214:1510,30.0,121.0,0.0,15.98,13.45,4.34,0.0
20170214:1610,28.0,52.0,0.0,8.02,13.34,4.07,0.0
20170214:1710,0.0,0.0,0.0,0.0,12.43,3.38,0.0
20170214:1810,0.0,0.0,0.0,0.0,11.41,2.9,0.0
20170214:1910,0.0,0.0,0.0,0.0,10.37,3.03,0.0
20170214:2010,0.0,0.0,0.0,0.0,9.42,2.97,0.0
20170214:2110,0.0,0.0,0.0,0.0,8.62,2.76,0.0
20170214:2210,0.0,0.0,0.0,0.0,8.2,2.76,0.0
20170214:2310,0.0,0.0,0.0,0.0,8.19,2.76,0.0
20170215:0010,0.0,0.0,0.0,0.0,8.12,2.83,0.0
20170215:0110,0.0,0.0,0.0,0.0,7.57,2.97,0.0
20170215:0210,0.0,0.0,0.0,0.0,7.24,3.1,0.0
20170215:0310,0.0,0.0,0.0,0.0,7.04,3.1,0.0
20170215:0410,0.0,0.0,0.0,0.0,6.8,3.1,0.0
20170215:0510,0.0,0.0,0.0,0.0,6.94,3.03,0.0
20170215:0610,0.0,0.0,0.0,0.0,6.84,3.1,0.0
20170215:0710,0.0,0.0,0.0,0.0,6.82,3.03,0.0
20170215:0810,82.0,49.0,0.0,9.83,7.29,2.97,0.0
20170215:0910,204.01,72.0,0.0,17.57,9.1,2.9,0.0
20170215:1010,312.01,80.0,0.0,23.65,11.2,3.45,0.0
20170215:1110,360.01,95.0,0.0,27.5,12.87,4.0,0.0
20170215:1210,352.01,112.0,0.0,28.67,14.0,4.28,0.0
20170215:1310,325.01,109.0,0.0,27.0,14.77,4.34,0.0
20170215:1410,279.01,87.0,0.0,22.7,15.15,4.34,0.0
20170215:1510,187.01,66.0,0.0,16.28,15.02,3.38,0.0
20170215:1610,59.0,44.0,0.0,8.3,14.52,2.41,0.0
20170215:1710,0.0,0.0,0.0,0.0,13.24,2.28,0.0
20170215:1810,0.0,0.0,0.0,0.0,11.95,2.21,0.0
20170215:1910,0.0,0.0,0.0,0.0,10.57,2.0,0.0
20170215:2010,0.0,0.0,0.0,0.0,9.22,1.86,0.0
20170215:2110,0.0,0.0,0.0,0.0,8.15,2.0,0.0
20170215:2210,0.0,0.0,0.0,0.0,7.26,1.93,0.0
20170215:2310,0.0,0.0,0.0,0.0,6.43,1.45,0.0
20170216:0010,0.0,0.0,0.0,0.0,7.67,0.14,0.0
20170216:0110,0.0,0.0,0.0,0.0,6.03,0.97,0.0
20170216:0210,0.0,0.0,0.0,0.0,4.95,1.45,0.0
20170216:0310,0.0,0.0,0.0,0.0,4.38,1.79,0.0
20170216:0410,0.0,0.0,0.0,0.0,4.22,1.59,0.0
20170216:0510,0.0,0.0,0.0,0.0,4.13,1.59,0.0
20170216:0610,0.0,0.0,0.0,0.0,4.44,1.59,0.0
20170216:0710,0.0,0.0,0.0,0.0,4.12,1.1,0.0
20170216:0810,0.0,38.0,0.0,10.12,5.32,0.34,0.0
20170216:0910,0.0,24.0,0.0,17.87,6.83,0.21,0.0
20170216:1010,0.0,122.0,0.0,23.97,8.25,0.62,0.0
20170216:1110,74.0,226.0,0.0,27.85,9.76,0.9,0.0
20170216:1210,11.0,203.0,0.0,29.02,11.19,0.97,0.0
20170216:1310,0.0,122.0,0.0,27.33,12.31,1.03,0.0
20170216:1410,5.0,146.0,0.0,23.01,12.94,1.45,0.0
20170216:1510,11.0,116.0,0.0,16.57,12.81,1.52,0.0
20170216:1610,4.0,50.0,0.0,8.57,12.41,1.52,0.0
20170216:1710,0.0,0.0,0.0,0.0,11.28,1.38,0.0
20170216:1810,0.0,0.0,0.0,0.0,9.96,1.1,0.0
20170216:1910,0.0,0.0,0.0,0.0,8.25,1.93,0.0
20170216:2010,0.0,0.0,0.0,0.0,7.51,1.93,0.0
20170216:2110,0.0,0.0,0.0,0.0,6.45,2.21,0.0
20170216:2210,0.0,0.0,0.0,0.0,5.62,2.28,0.0
20170216:2310,0.0,0.0,0.0,0.0,5.05,2.21,0.0
20170217:0010,0.0,0.0,0.0,0.0,4.27,2.0,0.0
20170217:0110,0.0,0.0,0.0,0.0,3.53,1.93,0.0
20170217:0210,0.0,0.0,0.0,0.0,2.84,1.52,0.0
20170217:0310,0.0,0.0,0.0,0.0,2.96,1.31,0.0
20170217:0410,0.0,0.0,0.0,0.0,2.96,1.17,0.0
20170217:0510,0.0,0.0,0.0,0.0,3.01,1.24,0.0
20170217:0610,0.0,0.0,0.0,0.0,3.06,1.31,0.0
20170217:0710,0.0,0.0,0.0,0.0,3.65,1.45,0.0
20170217:0810,8.0,69.0,0.0,10.41,3.71,1.38,0.0
20170217:0910,59.0,142.0,0.0,18.18,4.16,1.1,0.0
20170217:1010,48.0,196.0,0.0,24.3,4.91,0.9,0.0
20170217:1110,49.0,229.0,0.0,28.19,5.83,0.9,0.0
20170217:1210,172.01,218.0,0.0,29.37,6.9,1.17,0.0
20170217:1310,371.01,94.0,0.0,27.67,8.49,1.1,0.0
20170217:1410,255.01,110.0,0.0,23.33,9.25,1.24,0.0
20170217:1510,163.01,86.0,0.0,16.87,9.51,1.38,0.0
20170217:1610,63.0,48.0,0.0,8.85,9.26,1.38,0.0
20170217:1710,0.0,0.0,0.0,0.0,8.45,1.38,0.0
20170217:1810,0.0,0.0,0.0,0.0,6.96,1.52,0.0
20170217:1910,0.0,0.0,0.0,0.0,6.62,1.38,0.0
20170217:2010,0.0,0.0,0.0,0.0,5.4,1.52,0.0
20170217:2110,0.0,0.0,0.0,0.0,4.56,1.59,0.0
20170217:2210,0.0,0.0,0.0,0.0,3.85,1.59,0.0
20170217:2310,0.0,0.0,0.0,0.0,3.35,1.72,0.0
20170218:0010,0.0,0.0,0.0,0.0,2.89,1.93,0.0
20170218:0110,0.0,0.0,0.0,0.0,2.35,2.0,0.0
20170218:0210,0.0,0.0,0.0,0.0,1.74,2.07,0.0
20170218:0310,0.0,0.0,0.0,0.0,1.55,2.0,0.0
20170218:0410,0.0,0.0,0.0,0.0,1.15,2.07,0.0
20170218:0510,0.0,0.0,0.0,0.0,0.78,2.07,0.0
20170218:0610,0.0,0.0,0.0,0.0,0.45,2.07,0.0
20170218:0710,0.0,1.0,0.0,1.79,-0.01,2.21,0.0
20170218:0810,21.0,78.0,0.0,10.7,0.99,1.72,0.0
20170218:0910,38.0,147.0,0.0,18.5,4.67,1.59,0.0
20170218:1010,29.0,194.0,0.0,24.64,7.23,1.72,0.0
20170218:1110,41.0,231.0,0.0,28.54,9.24,1.93,0.0
20170218:1210,111.0,242.0,0.0,29.72,10.6,2.21,0.0
20170218:1310,335.01,121.0,0.0,28.01,11.23,2.0,0.0
20170218:1410,264.01,111.0,0.0,23.66,11.45,1.72,0.0
20170218:1510,188.01,77.0,0.0,17.17,11.41,1.79,0.0
20170218:1610,78.0,45.0,0.0,9.13,10.96,1.66,0.0
20170218:1710,0.0,0.0,0.0,0.0,9.53,2.14,0.0
20170218:1810,0.0,0.0,0.0,0.0,7.77,2.34,0.0
20170218:1910,0.0,0.0,0.0,0.0,6.75,2.34,0.0
20170218:2010,0.0,0.0,0.0,0.0,6.01,2.21,0.0
20170218:2110,0.0,0.0,0.0,0.0,5.02,2.21,0.0
20170218:2210,0.0,0.0,0.0,0.0,3.96,2.14,0.0
20170218:2310,0.0,0.0,0.0,0.0,3.2,2.07,0.0
20170219:0010,0.0,0.0,0.0,0.0,2.34,2.0,0.0
20170219:0110,0.0,0.0,0.0,0.0,1.73,1.66,0.0
20170219:0210,0.0,0.0,0.0,0.0,1.25,1.52,0.0
20170219:0310,0.0,0.0,0.0,0.0,0.12,1.79,0.0
20170219:0410,0.0,0.0,0.0,0.0,-0.49,1.86,0.0
20170219:0510,0.0,0.0,0.0,0.0,-0.85,1.72,0.0
20170219:0610,0.0,0.0,0.0,0.0,-1.2,1.66,0.0
20170219:0710,0.0,3.0,0.0,2.07,-1.67,1.1,0.0
20170219:0810,22.0,80.0,0.0,11.0,-0.64,1.17,0.0
20170219:0910,26.0,146.0,0.0,18.82,0.95,1.45,0.0
20170219:1010,30.0,197.0,0.0,24.98,3.21,1.59,0.0
20170219:1110,113.0,233.0,0.0,28.89,5.63,1.66,0.0
20170219:1210,166.01,228.0,0.0,30.08,8.28,1.93,0.0
20170219:1310,381.01,97.0,0.0,28.36,9.99,2.28,0.0
20170219:1410,324.01,81.0,0.0,23.98,10.99,2.69,0.0
20170219:1510,7.0,118.0,0.0,17.47,11.35,3.17,0.0
20170219:1610,1.0,46.0,0.0,9.41,10.97,2.28,0.0
20170219:1710,0.0,0.0,0.0,0.0,9.83,2.14,0.0
20170219:1810,0.0,0.0,0.0,0.0,8.66,2.07,0.0
20170219:1910,0.0,0.0,0.0,0.0,8.18,2.21,0.0
20170219:2010,0.0,0.0,0.0,0.0,7.73,2.14,0.0
20170219:2110,0.0,0.0,0.0,0.0,7.19,2.0,0.0
20170219:2210,0.0,0.0,0.0,0.0,6.85,2.07,0.0
20170219:2310,0.0,0.0,0.0,0.0,6.71,2.28,0.0
20170220:0010,0.0,0.0,0.0,0.0,6.56,2.48,0.0
20170220:0110,0.0,0.0,0.0,0.0,6.37,2.55,0.0
20170220:0210,0.0,0.0,0.0,0.0,6.1,2.55,0.0
20170220:0310,0.0,0.0,0.0,0.0,6.39,2.62,0.0
20170220:0410,0.0,0.0,0.0,0.0,6.49,2.83,0.0
20170220:0510,0.0,0.0,0.0,0.0,6.48,3.1,0.0
20170220:0610,0.0,0.0,0.0,0.0,6.46,3.17,0.0
20170220:0710,0.0,2.0,0.0,2.36,7.0,3.17,0.0
20170220:0810,2.0,65.0,0.0,11.31,6.94,3.38,0.0
20170220:0910,0.0,85.0,0.0,19.14,7.36,3.52,0.0
20170220:1010,78.0,202.0,0.0,25.32,7.9,3.79,0.0
20170220:1110,0.0,136.0,0.0,29.25,8.46,3.79,0.0
20170220:1210,0.0,62.0,0.0,30.43,8.99,3.93,0.0
20170220:1310,0.0,71.0,0.0,28.7,9.49,4.07,0.0
20170220:1410,0.0,102.0,0.0,24.3,9.76,4.28,0.0
20170220:1510,1.0,90.0,0.0,17.77,10.14,4.41,0.0
20170220:1610,0.0,35.0,0.0,9.69,9.9,3.72,0.0
20170220:1710,0.0,0.0,0.0,0.0,9.8,3.86,0.0
20170220:1810,0.0,0.0,0.0,0.0,9.82,3.93,0.0
20170220:1910,0.0,0.0,0.0,0.0,9.73,3.59,0.0
20170220:2010,0.0,0.0,0.0,0.0,9.78,3.59,0.0
20170220:2110,0.0,0.0,0.0,0.0,10.0,3.66,0.0
20170220:2210,0.0,0.0,0.0,0.0,10.13,3.72,0.0
20170220:2310,0.0,0.0,0.0,0.0,10.17,3.79,0.0
20170221:0010,0.0,0.0,0.0,0.0,10.14,3.72,0.0
20170221:0110,0.0,0.0,0.0,0.0,10.0,3.66,0.0
20170221:0210,0.0,0.0,0.0,0.0,9.74,3.66,0.0
20170221:0310,0.0,0.0,0.0,0.0,9.49,3.66,0.0
20170221:0410,0.0,0.0,0.0,0.0,9.24,3.59,0.0
20170221:0510,0.0,0.0,0.0,0.0,9.07,3.52,0.0
20170221:0610,0.0,0.0,0.0,0.0,8.97,3.52,0.0
20170221:0710,0.0,2.0,0.0,2.66,9.33,3.72,0.0
20170221:0810,21.0,83.0,0.0,11.62,9.33,3.72,0.0
20170221:0910,3.0,118.0,0.0,19.47,9.56,4.21,0.0
20170221:1010,0.0,113.0,0.0,25.66,10.25,5.03,0.0
20170221:1110,0.0,148.0,0.0,29.61,10.67,5.17,0.0
20170221:1210,0.0,99.0,0.0,30.79,11.1,5.24,0.0
20170221:1310,0.0,68.0,0.0,29.05,11.41,5.17,0.0
20170221:1410,0.0,59.0,0.0,24.63,11.43,4.76,0.0
20170221:1510,0.0,86.0,0.0,18.07,11.47,4.55,0.0
20170221:1610,4.0,61.0,0.0,9.96,11.27,3.86,0.0
20170221:1710,0.0,0.0,0.0,0.0,11.0,3.72,0.0
20170221:1810,0.0,0.0,0.0,0.0,10.68,3.79,0.0
20170221:1910,0.0,0.0,0.0,0.0,10.65,4.0,0.0
20170221:2010,0.0,0.0,0.0,0.0,10.51,4.07,0.0
20170221:2110,0.0,0.0,0.0,0.0,10.32,4.07,0.0
20170221:2210,0.0,0.0,0.0,0.0,10.18,4.14,0.0
20170221:2310,0.0,0.0,0.0,0.0,10.02,4.34,0.0
20170222:0010,0.0,0.0,0.0,0.0,9.87,4.62,0.0
20170222:0110,0.0,0.0,0.0,0.0,9.71,4.9,0.0
20170222:0210,0.0,0.0,0.0,0.0,9.53,4.97,0.0
20170222:0310,0.0,0.0,0.0,0.0,9.3,4.97,0.0
20170222:0410,0.0,0.0,0.0,0.0,9.05,4.97,0.0
20170222:0510,0.0,0.0,0.0,0.0,8.82,4.9,0.0
20170222:0610,0.0,0.0,0.0,0.0,8.62,4.9,0.0
20170222:0710,0.0,2.0,0.0,2.95,9.21,5.03,0.0
20170222:0810,0.0,23.0,0.0,11.93,9.2,5.1,0.0
20170222:0910,0.0,44.0,0.0,19.8,9.26,4.76,0.0
20170222:1010,0.0,134.0,0.0,26.01,9.76,6.34,0.0
20170222:1110,0.0,151.0,0.0,29.97,10.44,6.69,0.0
20170222:1210,0.0,101.0,0.0,31.16,10.83,6.28,0.0
20170222:1310,8.0,195.0,0.0,29.4,11.18,6.07,0.0
20170222:1410,1.0,135.0,0.0,24.96,11.34,5.79,0.0
20170222:1510,0.0,83.0,0.0,18.37,11.56,5.59,0.0
20170222:1610,0.0,38.0,0.0,10.24,11.51,5.38,0.0
20170222:1710,0.0,0.0,0.0,0.0,10.99,5.17,0.0
20170222:1810,0.0,0.0,0.0,0.0,10.38,4.97,0.0
20170222:1910,0.0,0.0,0.0,0.0,10.09,5.03,0.0
20170222:2010,0.0,0.0,0.0,0.0,9.9,5.03,0.0
20170222:2110,0.0,0.0,0.0,0.0,9.72,5.03,0.0
20170222:2210,0.0,0.0,0.0,0.0,9.55,4.9,0.0
20170222:2310,0.0,0.0,0.0,0.0,9.32,4.83,0.0
20170223:0010,0.0,0.0,0.0,0.0,9.08,4.83,0.0
20170223:0110,0.0,0.0,0.0,0.0,8.78,4.97,0.0
20170223:0210,0.0,0.0,0.0,0.0,8.47,5.03,0.0
20170223:0310,0.0,0.0,0.0,0.0,8.08,5.17,0.0
20170223:0410,0.0,0.0,0.0,0.0,7.82,5.24,0.0
20170223:0510,0.0,0.0,0.0,0.0,7.6,5.45,0.0
20170223:0610,0.0,0.0,0.0,0.0,7.46,5.72,0.0
20170223:0710,0.0,11.0,0.0,3.25,7.76,6.34,0.0
20170223:0810,0.0,15.0,0.0,12.24,7.8,7.24,0.0
20170223:0910,9.0,139.0,0.0,20.13,8.18,7.93,0.0
20170223:1010,0.0,70.0,0.0,26.37,8.86,9.31,0.0
20170223:1110,0.0,121.0,0.0,30.33,9.52,9.17,0.0
20170223:1210,0.0,62.0,0.0,31.52,10.21,10.0,0.0
20170223:1310,0.0,119.0,0.0,29.75,10.68,10.0,0.0
20170223:1410,0.0,86.0,0.0,25.29,10.5,7.59,0.0
20170223:1510,3.0,111.0,0.0,18.67,10.87,7.1,0.0
20170223:1610,13.0,73.0,0.0,10.52,10.43,7.03,0.0
20170223:1710,0.0,0.0,0.0,0.0,9.72,6.69,0.0
20170223:1810,0.0,0.0,0.0,0.0,8.95,6.41,0.0
20170223:1910,0.0,0.0,0.0,0.0,8.3,5.93,0.0
20170223:2010,0.0,0.0,0.0,0.0,7.75,5.79,0.0
20170223:2110,0.0,0.0,0.0,0.0,7.21,5.52,0.0
20170223:2210,0.0,0.0,0.0,0.0,6.61,5.24,0.0
20170223:2310,0.0,0.0,0.0,0.0,6.2,4.9,0.0
20170224:0010,0.0,0.0,0.0,0.0,5.95,4.62,0.0
20170224:0110,0.0,0.0,0.0,0.0,5.82,4.34,0.0
20170224:0210,0.0,0.0,0.0,0.0,5.38,4.14,0.0
20170224:0310,0.0,0.0,0.0,0.0,4.93,3.93,0.0
20170224:0410,0.0,0.0,0.0,0.0,4.48,3.79,0.0
20170224:0510,0.0,0.0,0.0,0.0,4.42,3.72,0.0
20170224:0610,0.0,0.0,0.0,0.0,3.93,3.45,0.0
20170224:0710,5.0,17.9,0.0,3.56,3.75,3.59,0.0
20170224:0810,138.01,53.0,0.0,12.56,4.25,3.17,0.0
20170224:0910,136.0,142.0,0.0,20.47,5.65,4.55,0.0
20170224:1010,245.01,157.0,0.0,26.72,6.5,5.03,0.0
20170224:1110,297.01,173.0,0.0,30.7,7.24,4.97,0.0
20170224:1210,286.01,192.0,0.0,31.89,7.91,5.03,0.0
20170224:1310,57.0,247.0,0.0,30.11,8.24,4.97,0.0
20170224:1410,204.01,165.0,0.0,25.61,8.4,5.17,0.0
20170224:1510,31.0,149.0,0.0,18.97,8.29,4.9,0.0
20170224:1610,59.0,71.0,0.0,10.8,7.83,4.07,0.0
20170224:1710,0.0,0.0,0.0,0.0,6.93,2.9,0.0
20170224:1810,0.0,0.0,0.0,0.0,5.32,2.48,0.0
20170224:1910,0.0,0.0,0.0,0.0,4.39,2.28,0.0
20170224:2010,0.0,0.0,0.0,0.0,3.37,2.07,0.0
20170224:2110,0.0,0.0,0.0,0.0,2.0,1.52,0.0
20170224:2210,0.0,0.0,0.0,0.0,1.13,1.52,0.0
20170224:2310,0.0,0.0,0.0,0.0,0.37,1.52,0.0
20170225:0010,0.0,0.0,0.0,0.0,0.62,1.17,0.0
20170225:0110,0.0,0.0,0.0,0.0,-0.68,1.45,0.0
20170225:0210,0.0,0.0,0.0,0.0,-1.21,1.45,0.0
20170225:0310,0.0,0.0,0.0,0.0,-1.88,1.66,0.0
20170225:0410,0.0,0.0,0.0,0.0,-2.04,1.79,0.0
20170225:0510,0.0,0.0,0.0,0.0,-2.01,2.0,0.0
20170225:0610,0.0,0.0,0.0,0.0,-1.86,2.21,0.0
20170225:0710,0.0,15.0,0.0,3.86,-1.19,2.48,0.0
20170225:0810,21.0,95.0,0.0,12.88,0.78,2.34,0.0
20170225:0910,225.01,97.0,0.0,20.81,3.81,2.76,0.0
20170225:1010,338.01,104.0,0.0,27.08,6.11,3.38,0.0
20170225:1110,352.01,142.0,0.0,31.07,7.87,4.07,0.0
20170225:1210,314.01,177.0,0.0,32.26,9.01,4.48,0.0
20170225:1310,348.01,137.0,0.0,30.46,9.7,4.48,0.0
20170225:1410,296.01,115.0,0.0,25.94,9.98,4.28,0.0
20170225:1510,157.01,116.0,0.0,19.28,9.99,4.0,0.0
20170225:1610,55.0,74.0,0.0,11.08,9.63,3.31,0.0
20170225:1710,0.0,3.0,0.0,1.9,8.52,3.03,0.0
20170225:1810,0.0,0.0,0.0,0.0,7.02,3.17,0.0
20170225:1910,0.0,0.0,0.0,0.0,6.45,3.52,0.0
20170225:2010,0.0,0.0,0.0,0.0,5.88,3.31,0.0
20170225:2110,0.0,0.0,0.0,0.0,5.26,3.24,0.0
20170225:2210,0.0,0.0,0.0,0.0,4.81,3.31,0.0
20170225:2310,0.0,0.0,0.0,0.0,4.4,3.52,0.0
20170226:0010,0.0,0.0,0.0,0.0,4.16,3.45,0.0
20170226:0110,0.0,0.0,0.0,0.0,4.04,3.38,0.0
20170226:0210,0.0,0.0,0.0,0.0,4.25,3.38,0.0
20170226:0310,0.0,0.0,0.0,0.0,4.27,3.45,0.0
20170226:0410,0.0,0.0,0.0,0.0,4.31,3.52,0.0
20170226:0510,0.0,0.0,0.0,0.0,4.46,3.59,0.0
20170226:0610,0.0,0.0,0.0,0.0,4.46,3.66,0.0
20170226:0710,19.0,17.07,0.0,4.18,5.52,3.79,0.0
20170226:0810,0.0,65.0,0.0,13.21,6.13,3.79,0.0
20170226:0910,45.0,168.0,0.0,21.15,6.91,3.72,0.0
20170226:1010,0.0,145.0,0.0,27.44,7.71,4.21,0.0
20170226:1110,28.0,241.0,0.0,31.45,9.08,4.69,0.0
20170226:1210,0.0,95.0,0.0,32.63,10.18,5.31,0.0
20170226:1310,11.0,215.0,0.0,30.82,10.35,5.45,0.0
20170226:1410,0.0,87.0,0.0,26.28,10.8,6.07,0.0
20170226:1510,0.0,80.0,0.0,19.58,11.02,5.93,0.0
20170226:1610,5.0,70.0,0.0,11.36,11.24,5.31,0.0
20170226:1710,0.0,2.0,0.0,2.16,11.04,4.76,0.0
20170226:1810,0.0,0.0,0.0,0.0,10.59,4.69,0.0
20170226:1910,0.0,0.0,0.0,0.0,10.25,4.69,0.0
20170226:2010,0.0,0.0,0.0,0.0,10.48,5.03,0.0
20170226:2110,0.0,0.0,0.0,0.0,10.45,5.17,0.0
20170226:2210,0.0,0.0,0.0,0.0,10.32,5.24,0.0
20170226:2310,0.0,0.0,0.0,0.0,9.9,5.24,0.0
20170227:0010,0.0,0.0,0.0,0.0,9.5,5.17,0.0
20170227:0110,0.0,0.0,0.0,0.0,9.2,5.17,0.0
20170227:0210,0.0,0.0,0.0,0.0,8.98,5.17,0.0
20170227:0310,0.0,0.0,0.0,0.0,8.94,5.38,0.0
20170227:0410,0.0,0.0,0.0,0.0,8.93,5.72,0.0
20170227:0510,0.0,0.0,0.0,0.0,8.9,6.0,0.0
20170227:0610,0.0,0.0,0.0,0.0,8.85,6.14,0.0
20170227:0710,0.0,4.0,0.0,4.49,8.7,6.28,0.0
20170227:0810,127.0,67.0,0.0,13.54,9.22,6.69,0.0
20170227:0910,0.0,101.0,0.0,21.5,9.75,5.45,0.0
20170227:1010,0.0,118.0,0.0,27.81,10.21,7.45,0.0
20170227:1110,0.0,70.0,0.0,31.82,10.41,9.52,0.0
20170227:1210,0.0,49.0,0.0,33.01,10.03,10.14,0.0
20170227:1310,0.0,46.0,0.0,31.18,9.98,10.0,0.0
20170227:1410,0.0,114.0,0.0,26.61,10.14,10.14,0.0
20170227:1510,6.0,130.0,0.0,19.88,9.7,9.52,0.0
20170227:1610,5.0,73.0,0.0,11.64,9.21,8.9,0.0
20170227:1710,0.0,2.0,0.0,2.42,8.68,8.97,0.0
20170227:1810,0.0,0.0,0.0,0.0,7.65,8.55,0.0
20170227:1910,0.0,0.0,0.0,0.0,7.03,7.03,0.0
20170227:2010,0.0,0.0,0.0,0.0,6.47,7.17,0.0
20170227:2110,0.0,0.0,0.0,0.0,5.86,7.59,0.0
20170227:2210,0.0,0.0,0.0,0.0,5.23,7.45,0.0
20170227:2310,0.0,0.0,0.0,0.0,4.84,6.83,0.0
20170228:0010,0.0,0.0,0.0,0.0,4.62,6.9,0.0
20170228:0110,0.0,0.0,0.0,0.0,4.47,7.17,0.0
20170228:0210,0.0,0.0,0.0,0.0,4.4,7.31,0.0
20170228:0310,0.0,0.0,0.0,0.0,4.2,6.9,0.0
20170228:0410,0.0,0.0,0.0,0.0,3.98,6.62,0.0
20170228:0510,0.0,0.0,0.0,0.0,3.94,6.21,0.0
20170228:0610,0.0,0.0,0.0,0.0,3.83,5.79,0.0
20170228:0710,0.0,19.0,0.0,4.81,4.45,5.38,0.0
20170228:0810,0.0,36.0,0.0,13.87,4.85,6.0,0.0
20170228:0910,0.0,114.0,0.0,21.85,4.46,4.9,0.0
20170228:1010,1.0,158.0,0.0,28.17,4.67,6.21,0.0
20170228:1110,142.0,257.0,0.0,32.2,5.83,6.48,0.0
20170228:1210,0.0,173.0,0.0,33.38,7.05,5.72,0.0
20170228:1310,155.0,246.0,0.0,31.53,7.62,5.31,0.0
20170228:1410,0.0,96.0,0.0,26.94,8.2,5.59,0.0
20170228:1510,218.01,96.0,0.0,20.19,6.9,6.41,0.0
20170228:1610,127.0,51.0,0.0,11.92,6.94,5.79,0.0
20170228:1710,0.0,10.0,0.0,2.69,6.65,5.1,0.0
20170228:1810,0.0,0.0,0.0,0.0,5.96,4.9,0.0
20170228:1910,0.0,0.0,0.0,0.0,5.76,5.38,0.0
20170228:2010,0.0,0.0,0.0,0.0,5.0,5.66,0.0
20170228:2110,0.0,0.0,0.0,0.0,4.77,6.28,0.0
20170228:2210,0.0,0.0,0.0,0.0,4.87,6.48,0.0
20170228:2310,0.0,0.0,0.0,0.0,5.23,6.14,0.0
20170301:0010,0.0,0.0,0.0,0.0,5.4,6.0,0.0
20170301:0110,0.0,0.0,0.0,0.0,5.58,6.07,0.0
20170301:0210,0.0,0.0,0.0,0.0,5.83,6.07,0.0
20170301:0310,0.0,0.0,0.0,0.0,5.87,5.93,0.0
20170301:0410,0.0,0.0,0.0,0.0,5.79,5.79,0.0
20170301:0510,0.0,0.0,0.0,0.0,5.84,5.72,0.0
20170301:0610,0.0,0.0,0.0,0.0,6.02,5.52,0.0
20170301:0710,1.0,22.82,0.0,5.13,6.49,5.17,0.0
20170301:0810,2.0,78.0,0.0,14.2,6.79,4.62,0.0
20170301:0910,0.0,110.0,0.0,22.2,7.6,5.93,0.0
20170301:1010,6.0,185.0,0.0,28.55,7.96,5.24,0.0
20170301:1110,0.0,103.0,0.0,32.58,7.91,5.45,0.0
20170301:1210,0.0,152.0,0.0,33.76,7.97,5.03,0.0
20170301:1310,0.0,84.0,0.0,31.89,7.96,6.48,0.0
20170301:1410,0.0,82.0,0.0,27.27,8.67,7.52,0.0
20170301:1510,1.0,108.0,0.0,20.49,9.92,7.79,0.0
20170301:1610,1.0,66.0,0.0,12.2,10.6,7.59,0.0
20170301:1710,0.0,8.0,0.0,2.95,10.59,7.52,0.0
20170301:1810,0.0,0.0,0.0,0.0,10.54,7.38,0.0
20170301:1910,0.0,0.0,0.0,0.0,10.43,7.24,0.0
20170301:2010,0.0,0.0,0.0,0.0,10.29,6.55,0.0
20170301:2110,0.0,0.0,0.0,0.0,9.89,6.48,0.0
20170301:2210,0.0,0.0,0.0,0.0,8.91,6.41,0.0
20170301:2310,0.0,0.0,0.0,0.0,8.31,6.34,0.0
20170302:0010,0.0,0.0,0.0,0.0,7.92,6.21,0.0
20170302:0110,0.0,0.0,0.0,0.0,7.66,5.93,0.0
20170302:0210,0.0,0.0,0.0,0.0,7.16,5.66,0.0
20170302:0310,0.0,0.0,0.0,0.0,6.62,5.45,0.0
20170302:0410,0.0,0.0,0.0,0.0,6.02,5.1,0.0
20170302:0510,0.0,0.0,0.0,0.0,5.32,4.69,0.0
20170302:0610,0.0,0.0,0.0,0.0,4.62,4.41,0.0
20170302:0710,20.0,28.01,0.0,5.45,4.02,4.41,0.0
20170302:0810,137.0,76.0,0.0,14.54,4.89,4.0,0.0
20170302:0910,258.01,103.0,0.0,22.56,6.36,4.9,0.0
20170302:1010,350.01,124.0,0.0,28.92,7.95,5.52,0.0
20170302:1110,396.01,144.0,0.0,32.97,9.43,5.86,0.0
20170302:1210,321.01,199.0,0.0,34.14,10.07,5.1,0.0
20170302:1310,176.0,247.0,0.0,32.26,10.49,4.83,0.0
20170302:1410,180.0,199.0,0.0,27.6,10.67,4.48,0.0
20170302:1510,158.0,136.0,0.0,20.8,10.46,4.0,0.0
20170302:1610,58.0,88.0,0.0,12.48,10.12,3.31,0.0
20170302:1710,0.0,14.0,0.0,3.21,9.09,2.62,0.0
20170302:1810,0.0,0.0,0.0,0.0,7.89,2.28,0.0
20170302:1910,0.0,0.0,0.0,0.0,7.23,1.86,0.0
20170302:2010,0.0,0.0,0.0,0.0,6.15,2.0,0.0
20170302:2110,0.0,0.0,0.0,0.0,5.47,2.21,0.0
20170302:2210,0.0,0.0,0.0,0.0,5.01,2.34,0.0
20170302:2310,0.0,0.0,0.0,0.0,4.75,2.41,0.0
20170303:0010,0.0,0.0,0.0,0.0,4.81,2.62,0.0
20170303:0110,0.0,0.0,0.0,0.0,5.03,3.17,0.0
20170303:0210,0.0,0.0,0.0,0.0,5.33,3.38,0.0
20170303:0310,0.0,0.0,0.0,0.0,5.59,3.59,0.0
20170303:0410,0.0,0.0,0.0,0.0,5.75,3.45,0.0
20170303:0510,0.0,0.0,0.0,0.0,6.1,3.38,0.0
20170303:0610,0.0,0.0,0.0,0.0,6.28,3.31,0.0
20170303:0710,0.0,25.0,0.0,5.78,5.89,3.31,0.0
20170303:0810,0.0,68.0,0.0,14.88,6.6,3.24,0.0
20170303:0910,0.0,115.0,0.0,22.91,7.66,3.03,0.0
20170303:1010,12.0,204.0,0.0,29.29,9.01,2.69,0.0
20170303:1110,62.0,270.0,0.0,33.35,11.22,3.52,0.0
20170303:1210,20.0,253.0,0.0,34.52,12.96,4.0,0.0
20170303:1310,41.0,258.0,0.0,32.62,14.32,4.21,0.0
20170303:1410,52.0,224.0,0.0,27.94,15.06,4.14,0.0
20170303:1510,18.0,156.0,0.0,21.1,15.46,4.21,0.0
20170303:1610,6.0,81.0,0.0,12.76,15.18,4.0,0.0
20170303:1710,0.0,17.0,0.0,3.47,14.25,3.79,0.0
20170303:1810,0.0,0.0,0.0,0.0,12.75,3.59,0.0
20170303:1910,0.0,0.0,0.0,0.0,11.77,3.52,0.0
20170303:2010,0.0,0.0,0.0,0.0,11.42,3.45,0.0
20170303:2110,0.0,0.0,0.0,0.0,11.22,3.66,0.0
20170303:2210,0.0,0.0,0.0,0.0,11.16,4.21,0.0
20170303:2310,0.0,0.0,0.0,0.0,10.52,4.62,0.0
20170304:0010,0.0,0.0,0.0,0.0,10.09,4.48,0.0
20170304:0110,0.0,0.0,0.0,0.0,9.7,4.34,0.0
20170304:0210,0.0,0.0,0.0,0.0,9.36,4.62,0.0
20170304:0310,0.0,0.0,0.0,0.0,9.09,5.17,0.0
20170304:0410,0.0,0.0,0.0,0.0,8.88,5.17,0.0
20170304:0510,0.0,0.0,0.0,0.0,8.7,4.69,0.0
20170304:0610,0.0,0.0,0.0,0.0,8.51,3.93,0.0
20170304:0710,0.0,12.0,0.0,6.11,8.61,2.76,0.0
20170304:0810,4.0,94.0,0.0,15.22,8.57,2.34,0.0
20170304:0910,0.0,78.0,0.0,23.27,8.63,2.07,0.0
20170304:1010,0.0,103.0,0.0,29.67,8.55,1.93,0.0
20170304:1110,0.0,49.0,0.0,33.74,8.72,1.72,0.0
20170304:1210,0.0,96.0,0.0,34.91,8.46,1.79,0.0
20170304:1310,0.0,85.0,0.0,32.98,8.31,2.62,0.0
20170304:1410,0.0,52.0,0.0,28.27,8.01,2.9,0.0
20170304:1510,0.0,64.0,0.0,21.4,7.79,3.17,0.0
20170304:1610,0.0,44.0,0.0,13.04,7.7,3.1,0.0
20170304:1710,0.0,19.0,0.0,3.73,7.59,2.9,0.0
20170304:1810,0.0,0.0,0.0,0.0,7.09,3.66,0.0
20170304:1910,0.0,0.0,0.0,0.0,6.43,4.0,0.0
20170304:2010,0.0,0.0,0.0,0.0,6.11,4.48,0.0
20170304:2110,0.0,0.0,0.0,0.0,5.85,4.48,0.0
20170304:2210,0.0,0.0,0.0,0.0,5.58,4.34,0.0
20170304:2310,0.0,0.0,0.0,0.0,5.55,4.28,0.0
20170305:0010,0.0,0.0,0.0,0.0,5.45,4.34,0.0
20170305:0110,0.0,0.0,0.0,0.0,5.38,4.21,0.0
20170305:0210,0.0,0.0,0.0,0.0,4.98,4.21,0.0
20170305:0310,0.0,0.0,0.0,0.0,4.45,4.21,0.0
20170305:0410,0.0,0.0,0.0,0.0,4.04,4.21,0.0
20170305:0510,0.0,0.0,0.0,0.0,3.81,4.41,0.0
20170305:0610,0.0,0.0,0.0,0.0,3.88,4.69,0.0
20170305:0710,11.0,41.0,0.0,6.44,4.33,5.31,0.0
20170305:0810,0.0,30.0,0.0,15.57,5.59,6.28,0.0
20170305:0910,0.0,65.0,0.0,23.63,6.08,7.17,0.0
20170305:1010,0.0,97.0,0.0,30.05,6.02,8.14,0.0
20170305:1110,0.0,152.0,0.0,34.13,5.74,8.41,0.0
20170305:1210,0.0,52.0,0.0,35.29,6.58,5.86,0.0
20170305:1310,304.01,195.0,0.0,33.35,8.17,8.14,0.0
20170305:1410,202.01,196.0,0.0,28.6,8.81,7.45,0.0
20170305:1510,253.01,93.0,0.0,21.7,9.63,7.72,0.0
20170305:1610,80.0,88.0,0.0,13.31,8.24,8.34,0.0
20170305:1710,0.0,20.0,0.0,3.99,7.22,6.9,0.0
20170305:1810,0.0,0.0,0.0,0.0,7.16,7.24,0.0
20170305:1910,0.0,0.0,0.0,0.0,7.24,6.28,0.0
20170305:2010,0.0,0.0,0.0,0.0,7.01,6.62,0.0
20170305:2110,0.0,0.0,0.0,0.0,6.95,6.97,0.0
20170305:2210,0.0,0.0,0.0,0.0,6.85,7.17,0.0
20170305:2310,0.0,0.0,0.0,0.0,6.95,7.1,0.0
20170306:0010,0.0,0.0,0.0,0.0,6.86,6.76,0.0
20170306:0110,0.0,0.0,0.0,0.0,6.98,6.48,0.0
20170306:0210,0.0,0.0,0.0,0.0,6.8,6.14,0.0
20170306:0310,0.0,0.0,0.0,0.0,6.7,5.79,0.0
20170306:0410,0.0,0.0,0.0,0.0,6.63,5.17,0.0
20170306:0510,0.0,0.0,0.0,0.0,6.35,4.76,0.0
20170306:0610,0.0,0.0,0.0,0.0,6.04,4.76,0.0
20170306:0710,0.0,15.0,0.0,6.77,6.15,3.52,0.0
20170306:0810,0.0,21.0,0.0,15.91,6.04,3.38,0.0
20170306:0910,0.0,47.0,0.0,24.0,6.37,3.45,0.0
20170306:1010,0.0,60.0,0.0,30.43,6.0,2.62,0.0
20170306:1110,0.0,95.0,0.0,34.52,5.73,1.79,0.0
20170306:1210,12.0,247.0,0.0,35.68,4.19,2.76,0.0
20170306:1310,0.0,92.0,0.0,33.71,4.33,3.86,0.0
20170306:1410,0.0,85.0,0.0,28.94,5.81,5.45,0.0
20170306:1510,0.0,99.0,0.0,22.01,6.21,6.55,0.0
20170306:1610,6.0,89.0,0.0,13.59,6.19,6.55,0.0
20170306:1710,0.0,16.0,0.0,4.26,5.94,6.21,0.0
20170306:1810,0.0,0.0,0.0,0.0,5.38,5.24,0.0
20170306:1910,0.0,0.0,0.0,0.0,5.45,4.55,0.0
20170306:2010,0.0,0.0,0.0,0.0,5.14,4.28,0.0
20170306:2110,0.0,0.0,0.0,0.0,5.0,4.28,0.0
20170306:2210,0.0,0.0,0.0,0.0,4.92,4.21,0.0
20170306:2310,0.0,0.0,0.0,0.0,4.91,4.34,0.0
20170307:0010,0.0,0.0,0.0,0.0,5.35,4.62,0.0
20170307:0110,0.0,0.0,0.0,0.0,5.45,4.62,0.0
20170307:0210,0.0,0.0,0.0,0.0,5.65,5.1,0.0
20170307:0310,0.0,0.0,0.0,0.0,5.73,5.38,0.0
20170307:0410,0.0,0.0,0.0,0.0,5.53,5.31,0.0
20170307:0510,0.0,0.0,0.0,0.0,5.14,5.1,0.0
20170307:0610,0.0,0.0,0.0,0.0,4.89,4.9,0.0
20170307:0710,7.0,45.0,0.0,7.11,5.38,4.41,0.0
20170307:0810,32.0,125.0,0.0,16.26,5.72,3.79,0.0
20170307:0910,44.0,195.0,0.0,24.37,6.24,4.83,0.0
20170307:1010,39.0,245.0,0.0,30.81,7.03,5.1,0.0
20170307:1110,103.0,285.0,0.0,34.91,7.73,4.69,0.0
20170307:1210,50.0,288.0,0.0,36.07,8.43,4.69,0.0
20170307:1310,103.0,278.0,0.0,34.07,9.03,4.55,0.0
20170307:1410,70.0,239.0,0.0,29.27,9.38,4.48,0.0
20170307:1510,70.0,178.0,0.0,22.31,9.62,4.28,0.0
20170307:1610,31.0,104.0,0.0,13.87,9.42,3.1,0.0
20170307:1710,0.0,26.0,0.0,4.52,8.79,1.72,0.0
20170307:1810,0.0,0.0,0.0,0.0,7.33,1.72,0.0
20170307:1910,0.0,0.0,0.0,0.0,6.33,1.72,0.0
20170307:2010,0.0,0.0,0.0,0.0,5.35,2.21,0.0
20170307:2110,0.0,0.0,0.0,0.0,4.75,2.48,0.0
20170307:2210,0.0,0.0,0.0,0.0,4.53,2.41,0.0
20170307:2310,0.0,0.0,0.0,0.0,4.41,2.41,0.0
20170308:0010,0.0,0.0,0.0,0.0,4.58,2.62,0.0
20170308:0110,0.0,0.0,0.0,0.0,4.91,3.03,0.0
20170308:0210,0.0,0.0,0.0,0.0,5.56,3.59,0.0
20170308:0310,0.0,0.0,0.0,0.0,6.06,4.14,0.0
20170308:0410,0.0,0.0,0.0,0.0,6.34,4.48,0.0
20170308:0510,0.0,0.0,0.0,0.0,6.36,4.41,0.0
20170308:0610,0.0,0.0,0.0,0.0,6.54,4.28,0.0
20170308:0710,0.0,0.0,0.0,0.0,7.13,4.21,0.0
20170308:0810,20.0,122.0,0.0,16.61,8.07,4.28,0.0
20170308:0910,6.0,159.0,0.0,24.73,9.46,4.76,0.0
20170308:1010,80.0,249.0,0.0,31.2,10.76,5.66,0.0
20170308:1110,0.0,126.0,0.0,35.31,11.52,5.93,0.0
20170308:1210,0.0,127.0,0.0,36.45,11.82,5.79,0.0
20170308:1310,0.0,50.0,0.0,34.44,12.31,5.59,0.0
20170308:1410,0.0,66.0,0.0,29.6,13.0,5.52,0.0
20170308:1510,0.0,44.0,0.0,22.61,13.52,5.38,0.0
20170308:1610,0.0,28.0,0.0,14.14,13.33,5.38,0.0
20170308:1710,0.0,14.0,0.0,4.77,13.19,5.31,0.0
20170308:1810,0.0,0.0,0.0,0.0,12.93,5.1,0.0
20170308:1910,0.0,0.0,0.0,0.0,11.98,5.45,0.0
20170308:2010,0.0,0.0,0.0,0.0,11.78,5.38,0.0
20170308:2110,0.0,0.0,0.0,0.0,11.59,5.31,0.0
20170308:2210,0.0,0.0,0.0,0.0,11.44,5.17,0.0
20170308:2310,0.0,0.0,0.0,0.0,11.3,5.03,0.0
20170309:0010,0.0,0.0,0.0,0.0,11.17,4.9,0.0
20170309:0110,0.0,0.0,0.0,0.0,11.01,4.83,0.0
20170309:0210,0.0,0.0,0.0,0.0,10.83,4.76,0.0
20170309:0310,0.0,0.0,0.0,0.0,10.68,4.76,0.0
20170309:0410,0.0,0.0,0.0,0.0,10.6,4.69,0.0
20170309:0510,0.0,0.0,0.0,0.0,10.55,4.62,0.0
20170309:0610,0.0,0.0,0.0,0.0,10.46,4.62,0.0
20170309:0710,0.0,28.0,0.0,7.79,10.45,4.48,0.0
20170309:0810,0.0,55.0,0.0,16.97,10.54,4.62,0.0
20170309:0910,0.0,120.0,0.0,25.1,10.72,4.48,0.0
20170309:1010,0.0,122.0,0.0,31.59,11.01,5.52,0.0
20170309:1110,0.0,121.0,0.0,35.7,11.15,5.17,0.0
20170309:1210,0.0,157.0,0.0,36.84,11.55,4.97,0.0
20170309:1310,0.0,163.0,0.0,34.81,11.79,4.9,0.0
20170309:1410,10.0,201.0,0.0,29.94,11.89,4.55,0.0
20170309:1510,17.0,164.0,0.0,22.91,11.9,3.93,0.0
20170309:1610,1.0,74.0,0.0,14.42,12.01,3.66,0.0
20170309:1710,0.0,19.0,0.0,5.03,12.06,3.24,0.0
20170309:1810,0.0,0.0,0.0,0.0,11.78,2.76,0.0
20170309:1910,0.0,0.0,0.0,0.0,12.05,2.21,0.0
20170309:2010,0.0,0.0,0.0,0.0,11.71,1.86,0.0
20170309:2110,0.0,0.0,0.0,0.0,11.46,1.59,0.0
20170309:2210,0.0,0.0,0.0,0.0,11.25,1.59,0.0
20170309:2310,0.0,0.0,0.0,0.0,10.79,1.66,0.0
20170310:0010,0.0,0.0,0.0,0.0,10.31,1.59,0.0
20170310:0110,0.0,0.0,0.0,0.0,9.66,1.52,0.0
20170310:0210,0.0,0.0,0.0,0.0,8.99,1.59,0.0
20170310:0310,0.0,0.0,0.0,0.0,7.94,1.52,0.0
20170310:0410,0.0,0.0,0.0,0.0,7.8,1.38,0.0
20170310:0510,0.0,0.0,0.0,0.0,7.6,1.52,0.0
20170310:0610,0.0,0.0,0.0,0.0,7.36,1.72,0.0
20170310:0710,4.0,48.0,0.0,8.13,7.81,1.79,0.0
20170310:0810,2.0,101.0,0.0,17.32,8.17,1.66,0.0
20170310:0910,0.0,110.0,0.0,25.47,8.66,1.86,0.0
20170310:1010,0.0,122.0,0.0,31.97,9.47,2.14,0.0
20170310:1110,2.0,201.0,0.0,36.1,10.53,2.34,0.0
20170310:1210,0.0,144.0,0.0,37.23,11.91,2.62,0.0
20170310:1310,0.0,120.0,0.0,35.17,12.61,2.41,0.0
20170310:1410,0.0,98.0,0.0,30.27,13.13,2.14,0.0
20170310:1510,0.0,101.0,0.0,23.21,13.32,2.07,0.0
20170310:1610,66.0,104.0,0.0,14.69,13.32,2.0,0.0
20170310:1710,16.0,27.12,0.0,5.29,12.62,1.52,0.0
20170310:1810,0.0,0.0,0.0,0.0,11.27,2.14,0.0
20170310:1910,0.0,0.0,0.0,0.0,9.98,2.14,0.0
20170310:2010,0.0,0.0,0.0,0.0,9.04,2.21,0.0
20170310:2110,0.0,0.0,0.0,0.0,8.12,2.21,0.0
20170310:2210,0.0,0.0,0.0,0.0,7.27,2.21,0.0
20170310:2310,0.0,0.0,0.0,0.0,6.38,2.14,0.0
20170311:0010,0.0,0.0,0.0,0.0,5.69,2.14,0.0
20170311:0110,0.0,0.0,0.0,0.0,5.07,2.21,0.0
20170311:0210,0.0,0.0,0.0,0.0,4.59,2.28,0.0
20170311:0310,0.0,0.0,0.0,0.0,4.15,2.21,0.0
20170311:0410,0.0,0.0,0.0,0.0,3.71,2.14,0.0
20170311:0510,0.0,0.0,0.0,0.0,3.18,2.0,0.0
20170311:0610,0.0,0.0,0.0,0.0,2.59,1.86,0.0
20170311:0710,18.0,58.0,0.0,8.47,2.68,1.93,0.0
20170311:0810,71.0,134.0,0.0,17.68,5.4,1.86,0.0
20170311:0910,18.0,191.0,0.0,25.85,8.33,2.07,0.0
20170311:1010,299.01,187.0,0.0,32.36,10.92,2.28,0.0
20170311:1110,445.01,148.0,0.0,36.5,13.11,2.41,0.0
20170311:1210,405.01,183.0,0.0,37.62,14.72,2.62,0.0
20170311:1310,198.0,265.0,0.0,35.54,16.0,2.69,0.0
20170311:1410,210.0,212.0,0.0,30.6,16.72,2.62,0.0
20170311:1510,245.01,117.0,0.0,23.51,16.93,2.41,0.0
20170311:1610,62.0,110.0,0.0,14.97,16.63,2.07,0.0
20170311:1710,14.0,29.55,0.0,5.55,15.27,2.34,0.0
20170311:1810,0.0,0.0,0.0,0.0,12.98,2.69,0.0
20170311:1910,0.0,0.0,0.0,0.0,10.54,2.48,0.0
20170311:2010,0.0,0.0,0.0,0.0,9.34,2.34,0.0
20170311:2110,0.0,0.0,0.0,0.0,8.31,2.07,0.0
20170311:2210,0.0,0.0,0.0,0.0,7.29,1.86,0.0
20170311:2310,0.0,0.0,0.0,0.0,6.21,1.66,0.0
20170312:0010,0.0,0.0,0.0,0.0,6.35,1.31,0.0
20170312:0110,0.0,0.0,0.0,0.0,7.43,0.76,0.0
20170312:0210,0.0,0.0,0.0,0.0,7.09,0.62,0.0
20170312:0310,0.0,0.0,0.0,0.0,5.48,1.1,0.0
20170312:0410,0.0,0.0,0.0,0.0,4.55,1.45,0.0
20170312:0510,0.0,0.0,0.0,0.0,4.31,1.45,0.0
20170312:0610,0.0,0.0,0.0,0.0,4.37,1.17,0.0
20170312:0710,14.0,59.0,0.0,8.82,5.34,0.41,0.0
20170312:0810,21.0,135.0,0.0,18.03,6.48,0.28,0.0
20170312:0910,163.0,187.0,0.0,26.22,8.88,0.48,0.0
20170312:1010,418.01,120.0,0.0,32.75,11.37,0.9,0.0
20170312:1110,495.01,120.0,0.0,36.9,13.77,1.52,0.0
20170312:1210,490.01,134.0,0.0,38.01,15.43,1.93,0.0
20170312:1310,450.01,135.0,0.0,35.9,16.25,2.34,0.0
20170312:1410,389.01,117.0,0.0,30.93,16.54,2.76,0.0
20170312:1510,266.01,107.0,0.0,23.81,16.47,2.97,0.0
20170312:1610,151.0,73.0,0.0,15.24,16.0,2.9,0.0
20170312:1710,27.0,33.0,0.0,5.81,14.79,2.48,0.0
20170312:1810,0.0,0.0,0.0,0.0,12.81,2.9,0.0
20170312:1910,0.0,0.0,0.0,0.0,11.27,3.52,0.0
20170312:2010,0.0,0.0,0.0,0.0,10.46,3.79,0.0
20170312:2110,0.0,0.0,0.0,0.0,9.65,3.66,0.0
20170312:2210,0.0,0.0,0.0,0.0,8.98,3.45,0.0
20170312:2310,0.0,0.0,0.0,0.0,8.29,3.31,0.0
20170313:0010,0.0,0.0,0.0,0.0,7.7,3.24,0.0
20170313:0110,0.0,0.0,0.0,0.0,7.18,3.31,0.0
20170313:0210,0.0,0.0,0.0,0.0,6.83,3.45,0.0
20170313:0310,0.0,0.0,0.0,0.0,6.5,3.38,0.0
20170313:0410,0.0,0.0,0.0,0.0,6.15,3.31,0.0
20170313:0510,0.0,0.0,0.0,0.0,5.77,3.17,0.0
20170313:0610,0.0,0.0,0.0,0.0,5.38,3.03,0.0
20170313:0710,57.0,53.0,0.0,9.16,5.71,2.69,0.0
20170313:0810,180.0,92.0,0.0,18.39,7.46,3.38,0.0
20170313:0910,306.01,115.0,0.0,26.6,9.23,4.21,0.0
20170313:1010,413.01,125.0,0.0,33.14,10.9,4.21,0.0
20170313:1110,483.01,129.0,0.0,37.3,12.33,4.14,0.0
20170313:1210,207.0,285.0,0.0,38.41,13.3,4.41,0.0
20170313:1310,434.01,147.0,0.0,36.27,14.17,4.48,0.0
20170313:1410,376.01,127.0,0.0,31.26,14.39,4.34,0.0
20170313:1510,226.01,132.0,0.0,24.11,14.3,3.93,0.0
20170313:1610,25.0,116.0,0.0,15.51,13.93,3.66,0.0
20170313:1710,4.0,34.0,0.0,6.06,13.18,3.52,0.0
20170313:1810,0.0,0.0,0.0,0.0,12.25,3.45,0.0
20170313:1910,0.0,0.0,0.0,0.0,11.65,3.45,0.0
20170313:2010,0.0,0.0,0.0,0.0,11.03,3.1,0.0
20170313:2110,0.0,0.0,0.0,0.0,10.15,2.76,0.0
20170313:2210,0.0,0.0,0.0,0.0,8.85,2.55,0.0
20170313:2310,0.0,0.0,0.0,0.0,7.65,2.62,0.0
20170314:0010,0.0,0.0,0.0,0.0,6.77,2.41,0.0
20170314:0110,0.0,0.0,0.0,0.0,5.85,2.0,0.0
20170314:0210,0.0,0.0,0.0,0.0,5.02,1.72,0.0
20170314:0310,0.0,0.0,0.0,0.0,4.23,1.79,0.0
20170314:0410,0.0,0.0,0.0,0.0,3.68,1.79,0.0
20170314:0510,0.0,0.0,0.0,0.0,3.26,1.72,0.0
20170314:0610,0.0,0.0,0.0,0.0,2.75,1.52,0.0
20170314:0710,54.0,58.0,0.0,9.51,2.93,1.38,0.0
20170314:0810,196.0,88.0,0.0,18.75,5.26,0.97,0.0
20170314:0910,298.01,125.0,0.0,26.97,7.65,0.9,0.0
20170314:1010,415.01,131.0,0.0,33.54,9.81,1.17,0.0
20170314:1110,459.01,150.0,0.0,37.7,10.91,1.52,0.0
20170314:1210,441.01,172.0,0.0,38.8,12.0,2.07,0.0
20170314:1310,418.01,163.0,0.0,36.63,12.37,2.55,0.0
20170314:1410,371.01,135.0,0.0,31.59,12.62,2.76,0.0
20170314:1510,250.01,123.0,0.0,24.4,12.65,2.9,0.0
20170314:1610,64.0,117.0,0.0,15.78,12.43,2.76,0.0
20170314:1710,4.0,37.0,0.0,6.32,12.0,2.34,0.0
20170314:1810,0.0,0.0,0.0,0.0,11.15,1.86,0.0
20170314:1910,0.0,0.0,0.0,0.0,10.69,2.34,0.0
20170314:2010,0.0,0.0,0.0,0.0,10.22,2.14,0.0
20170314:2110,0.0,0.0,0.0,0.0,9.84,2.0,0.0
20170314:2210,0.0,0.0,0.0,0.0,9.46,2.14,0.0
20170314:2310,0.0,0.0,0.0,0.0,9.3,2.48,0.0
20170315:0010,0.0,0.0,0.0,0.0,8.75,2.34,0.0
20170315:0110,0.0,0.0,0.0,0.0,8.49,2.07,0.0
20170315:0210,0.0,0.0,0.0,0.0,8.37,1.79,0.0
20170315:0310,0.0,0.0,0.0,0.0,8.12,1.31,0.0
20170315:0410,0.0,0.0,0.0,0.0,7.85,1.1,0.0
20170315:0510,0.0,0.0,0.0,0.0,7.72,1.1,0.0
20170315:0610,0.0,0.0,0.0,0.0,7.72,1.17,0.0
20170315:0710,2.0,54.0,0.0,9.86,8.43,1.31,0.0
20170315:0810,3.0,112.0,0.0,19.11,9.43,1.59,0.0
20170315:0910,17.0,197.0,0.0,27.35,10.2,2.21,0.0
20170315:1010,0.0,148.0,0.0,33.93,10.9,2.69,0.0
20170315:1110,28.0,283.0,0.0,38.1,11.4,2.55,0.0
20170315:1210,58.0,309.0,0.0,39.19,11.92,2.41,0.0
20170315:1310,1.0,194.0,0.0,37.0,12.56,2.34,0.0
20170315:1410,177.0,234.0,0.0,31.92,13.24,2.62,0.0
20170315:1510,75.0,195.0,0.0,24.7,13.57,2.83,0.0
20170315:1610,108.0,102.0,0.0,16.05,13.65,2.62,0.0
20170315:1710,14.0,42.0,0.0,6.57,13.31,1.79,0.0
20170315:1810,0.0,0.0,0.0,0.0,12.58,1.72,0.0
20170315:1910,0.0,0.0,0.0,0.0,11.77,2.0,0.0
20170315:2010,0.0,0.0,0.0,0.0,11.16,2.07,0.0
20170315:2110,0.0,0.0,0.0,0.0,10.62,2.07,0.0
20170315:2210,0.0,0.0,0.0,0.0,9.94,2.14,0.0
20170315:2310,0.0,0.0,0.0,0.0,9.47,2.07,0.0
20170316:0010,0.0,0.0,0.0,0.0,8.7,2.14,0.0
20170316:0110,0.0,0.0,0.0,0.0,7.93,2.07,0.0
20170316:0210,0.0,0.0,0.0,0.0,7.17,2.07,0.0
20170316:0310,0.0,0.0,0.0,0.0,6.39,2.07,0.0
20170316:0410,0.0,0.0,0.0,0.0,5.66,2.07,0.0
20170316:0510,0.0,0.0,0.0,0.0,5.2,2.07,0.0
20170316:0610,0.0,0.0,0.0,0.0,4.65,2.07,0.0
20170316:0710,74.0,56.0,0.0,10.21,4.95,1.59,0.0
20170316:0810,204.0,91.0,0.0,19.48,8.22,1.24,0.0
20170316:0910,335.01,111.0,0.0,27.73,10.67,1.31,0.0
20170316:1010,431.01,127.0,0.0,34.33,12.95,1.38,0.0
20170316:1110,509.01,126.0,0.0,38.5,14.97,1.52,0.0
20170316:1210,500.01,142.0,0.0,39.58,16.56,1.72,0.0
20170316:1310,477.01,132.0,0.0,37.36,17.73,1.86,0.0
20170316:1410,417.01,114.0,0.0,32.25,18.48,2.0,0.0
20170316:1510,296.01,102.0,0.0,24.99,18.84,2.21,0.0
20170316:1610,152.0,83.0,0.0,16.32,18.78,2.28,0.0
20170316:1710,37.0,38.0,0.0,6.83,17.71,2.14,0.0
20170316:1810,0.0,0.0,0.0,0.0,15.53,2.69,0.0
20170316:1910,0.0,0.0,0.0,0.0,14.04,2.34,0.0
20170316:2010,0.0,0.0,0.0,0.0,12.43,2.34,0.0
20170316:2110,0.0,0.0,0.0,0.0,11.11,2.48,0.0
20170316:2210,0.0,0.0,0.0,0.0,10.24,2.62,0.0
20170316:2310,0.0,0.0,0.0,0.0,9.72,2.62,0.0
20170317:0010,0.0,0.0,0.0,0.0,9.24,2.62,0.0
20170317:0110,0.0,0.0,0.0,0.0,8.75,3.03,0.0
20170317:0210,0.0,0.0,0.0,0.0,8.09,3.24,0.0
20170317:0310,0.0,0.0,0.0,0.0,7.46,3.17,0.0
20170317:0410,0.0,0.0,0.0,0.0,6.96,3.45,0.0
20170317:0510,0.0,0.0,0.0,0.0,6.74,4.07,0.0
20170317:0610,0.0,0.0,0.0,0.0,6.86,4.0,0.0
20170317:0710,14.0,72.0,0.0,10.56,7.24,2.83,0.0
20170317:0810,0.0,90.0,0.0,19.84,8.0,2.9,0.0
20170317:0910,7.0,185.0,0.0,28.11,9.0,3.17,0.0
20170317:1010,0.0,131.0,0.0,34.72,9.72,2.83,0.0
20170317:1110,2.0,219.0,0.0,38.9,10.44,3.03,0.0
20170317:1210,1.0,208.0,0.0,39.98,11.06,3.45,0.0
20170317:1310,35.0,289.0,0.0,37.73,11.35,3.45,0.0
20170317:1410,26.0,246.0,0.0,32.58,11.61,4.0,0.0
20170317:1510,81.0,202.0,0.0,25.29,11.72,3.59,0.0
20170317:1610,62.0,124.0,0.0,16.59,11.75,3.72,0.0
20170317:1710,19.0,46.0,0.0,7.08,11.25,3.17,0.0
20170317:1810,0.0,0.0,0.0,0.0,10.23,2.76,0.0
20170317:1910,0.0,0.0,0.0,0.0,8.9,2.69,0.0
20170317:2010,0.0,0.0,0.0,0.0,8.21,2.76,0.0
20170317:2110,0.0,0.0,0.0,0.0,7.9,3.03,0.0
20170317:2210,0.0,0.0,0.0,0.0,7.83,3.52,0.0
20170317:2310,0.0,0.0,0.0,0.0,7.6,4.0,0.0
20170318:0010,0.0,0.0,0.0,0.0,7.2,4.48,0.0
20170318:0110,0.0,0.0,0.0,0.0,6.84,5.03,0.0
20170318:0210,0.0,0.0,0.0,0.0,6.72,5.38,0.0
20170318:0310,0.0,0.0,0.0,0.0,6.96,5.72,0.0
20170318:0410,0.0,0.0,0.0,0.0,7.28,5.86,0.0
20170318:0510,0.0,0.0,0.0,0.0,7.65,5.79,0.0
20170318:0610,0.0,0.0,0.0,0.0,8.12,5.59,0.0
20170318:0710,0.0,37.0,0.0,10.91,7.9,5.93,0.0
20170318:0810,0.0,65.0,0.0,20.2,8.59,6.0,0.0
20170318:0910,0.0,73.0,0.0,28.49,9.07,5.93,0.0
20170318:1010,0.0,97.0,0.0,35.12,9.37,5.86,0.0
20170318:1110,0.0,107.0,0.0,39.31,9.82,5.72,0.0
20170318:1210,0.0,118.0,0.0,40.37,10.31,5.52,0.0
20170318:1310,0.0,155.0,0.0,38.09,10.96,5.45,0.0
20170318:1410,4.0,196.0,0.0,32.91,11.96,5.66,0.0
20170318:1510,0.0,115.0,0.0,25.58,12.49,5.79,0.0
20170318:1610,0.0,69.0,0.0,16.86,12.75,5.59,0.0
20170318:1710,0.0,17.0,0.0,7.33,12.64,5.45,0.0
20170318:1810,0.0,0.0,0.0,0.0,12.11,5.1,0.0
20170318:1910,0.0,0.0,0.0,0.0,11.78,5.24,0.0
20170318:2010,0.0,0.0,0.0,0.0,11.59,4.9,0.0
20170318:2110,0.0,0.0,0.0,0.0,11.51,4.69,0.0
20170318:2210,0.0,0.0,0.0,0.0,11.43,4.48,0.0
20170318:2310,0.0,0.0,0.0,0.0,11.27,4.28,0.0
20170319:0010,0.0,0.0,0.0,0.0,11.08,4.07,0.0
20170319:0110,0.0,0.0,0.0,0.0,10.95,4.0,0.0
20170319:0210,0.0,0.0,0.0,0.0,10.82,4.0,0.0
20170319:0310,0.0,0.0,0.0,0.0,10.72,4.07,0.0
20170319:0410,0.0,0.0,0.0,0.0,10.63,4.21,0.0
20170319:0510,0.0,0.0,0.0,0.0,10.54,4.28,0.0
20170319:0610,0.0,0.0,0.0,0.0,10.41,4.21,0.0
20170319:0710,0.0,43.0,0.0,11.26,10.45,3.93,0.0
20170319:0810,0.0,57.0,0.0,20.56,10.72,4.62,0.0
20170319:0910,0.0,103.0,0.0,28.87,10.99,5.03,0.0
20170319:1010,0.0,107.0,0.0,35.51,11.25,5.1,0.0
20170319:1110,0.0,88.0,0.0,39.71,11.54,5.1,0.0
20170319:1210,0.0,195.0,0.0,40.76,11.95,5.24,0.0
20170319:1310,0.0,190.0,0.0,38.46,12.1,5.38,0.0
20170319:1410,1.0,183.0,0.0,33.23,12.51,5.52,0.0
20170319:1510,0.0,87.0,0.0,25.87,12.64,5.31,0.0
20170319:1610,0.0,71.0,0.0,17.12,12.75,5.17,0.0
20170319:1710,0.0,16.0,0.0,7.58,12.55,3.93,0.0
20170319:1810,0.0,0.0,0.0,0.0,12.14,3.31,0.0
20170319:1910,0.0,0.0,0.0,0.0,11.66,3.45,0.0
20170319:2010,0.0,0.0,0.0,0.0,11.37,3.31,0.0
20170319:2110,0.0,0.0,0.0,0.0,11.14,3.38,0.0
20170319:2210,0.0,0.0,0.0,0.0,10.77,3.31,0.0
20170319:2310,0.0,0.0,0.0,0.0,10.22,3.17,0.0
20170320:0010,0.0,0.0,0.0,0.0,9.98,3.1,0.0
20170320:0110,0.0,0.0,0.0,0.0,10.0,3.1,0.0
20170320:0210,0.0,0.0,0.0,0.0,9.76,3.17,0.0
20170320:0310,0.0,0.0,0.0,0.0,9.27,3.24,0.0
20170320:0410,0.0,0.0,0.0,0.0,8.84,3.31,0.0
20170320:0510,0.0,0.0,0.0,0.0,8.45,3.31,0.0
20170320:0610,0.0,1.0,0.0,1.82,8.1,3.45,0.0
20170320:0710,0.0,18.0,0.0,11.62,8.17,4.0,0.0
20170320:0810,0.0,85.0,0.0,20.93,8.63,4.97,0.0
20170320:0910,13.0,206.0,0.0,29.24,9.21,5.24,0.0
20170320:1010,1.0,188.0,0.0,35.91,9.89,5.52,0.0
20170320:1110,17.0,281.0,0.0,40.11,10.68,5.79,0.0
20170320:1210,0.0,137.0,0.0,41.15,11.26,6.0,0.0
20170320:1310,0.0,167.0,0.0,38.82,11.39,6.14,0.0
20170320:1410,0.0,94.0,0.0,33.56,11.55,6.34,0.0
20170320:1510,8.0,174.0,0.0,26.16,11.54,5.52,0.0
20170320:1610,2.0,101.0,0.0,17.39,11.7,4.9,0.0
20170320:1710,0.0,29.0,0.0,7.83,11.49,5.1,0.0
20170320:1810,0.0,0.0,0.0,0.0,11.37,4.9,0.0
20170320:1910,0.0,0.0,0.0,0.0,10.75,4.97,0.0
20170320:2010,0.0,0.0,0.0,0.0,10.11,5.03,0.0
20170320:2110,0.0,0.0,0.0,0.0,9.79,5.31,0.0
20170320:2210,0.0,0.0,0.0,0.0,9.8,5.45,0.0
20170320:2310,0.0,0.0,0.0,0.0,9.96,5.52,0.0
20170321:0010,0.0,0.0,0.0,0.0,10.01,5.31,0.0
20170321:0110,0.0,0.0,0.0,0.0,9.89,4.97,0.0
20170321:0210,0.0,0.0,0.0,0.0,9.79,4.62,0.0
20170321:0310,0.0,0.0,0.0,0.0,9.56,4.21,0.0
20170321:0410,0.0,0.0,0.0,0.0,9.33,3.93,0.0
20170321:0510,0.0,0.0,0.0,0.0,9.1,3.93,0.0
20170321:0610,0.0,1.0,0.0,2.16,8.75,3.52,0.0
20170321:0710,45.0,84.0,0.0,11.97,8.55,3.59,0.0
20170321:0810,2.0,125.0,0.0,21.29,8.63,3.17,0.0
20170321:0910,4.0,183.0,0.0,29.62,8.82,3.66,0.0
20170321:1010,4.0,222.0,0.0,36.3,9.01,3.79,0.0
20170321:1110,0.0,146.0,0.0,40.51,9.05,3.59,0.0
20170321:1210,22.0,297.0,0.0,41.54,9.06,3.38,0.0
20170321:1310,6.0,248.0,0.0,39.18,9.1,3.38,0.0
20170321:1410,36.0,261.0,0.0,33.88,9.13,3.03,0.0
20170321:1510,105.0,206.0,0.0,26.45,9.33,2.48,0.0
20170321:1610,36.0,136.0,0.0,17.65,9.38,2.0,0.0
20170321:1710,10.0,52.0,0.0,8.08,9.17,1.45,0.0
20170321:1810,0.0,0.0,0.0,0.0,8.36,1.59,0.0
20170321:1910,0.0,0.0,0.0,0.0,7.07,1.79,0.0
20170321:2010,0.0,0.0,0.0,0.0,5.77,2.0,0.0
20170321:2110,0.0,0.0,0.0,0.0,5.2,2.21,0.0
20170321:2210,0.0,0.0,0.0,0.0,4.87,2.41,0.0
20170321:2310,0.0,0.0,0.0,0.0,4.34,2.62,0.0
20170322:0010,0.0,0.0,0.0,0.0,4.02,2.69,0.0
20170322:0110,0.0,0.0,0.0,0.0,3.84,2.69,0.0
20170322:0210,0.0,0.0,0.0,0.0,3.48,2.83,0.0
20170322:0310,0.0,0.0,0.0,0.0,3.45,2.9,0.0
20170322:0410,0.0,0.0,0.0,0.0,3.45,2.9,0.0
20170322:0510,0.0,0.0,0.0,0.0,3.49,2.97,0.0
20170322:0610,0.0,8.0,0.0,2.51,3.31,3.1,0.0
20170322:0710,77.0,78.0,0.0,12.32,3.79,3.59,0.0
20170322:0810,224.0,107.0,0.0,21.66,5.63,4.21,0.0
20170322:0910,371.01,118.0,0.0,30.0,7.87,5.1,0.0
20170322:1010,166.0,286.0,0.0,36.7,9.65,6.48,0.0
20170322:1110,269.01,285.0,0.0,40.92,10.68,6.97,0.0
20170322:1210,187.0,325.0,0.0,41.93,11.33,6.62,0.0
20170322:1310,229.0,289.0,0.0,39.54,11.78,5.66,0.0
20170322:1410,281.01,214.0,0.0,34.2,11.81,5.03,0.0
20170322:1510,8.0,181.0,0.0,26.74,11.64,4.34,0.0
20170322:1610,0.0,56.0,0.0,17.92,11.07,2.83,0.0
20170322:1710,8.0,53.0,0.0,8.33,10.55,2.07,0.0
20170322:1810,0.0,0.0,0.0,0.0,9.8,1.59,0.0
20170322:1910,0.0,0.0,0.0,0.0,8.05,1.59,0.0
20170322:2010,0.0,0.0,0.0,0.0,7.84,0.41,0.0
20170322:2110,0.0,0.0,0.0,0.0,6.67,1.52,0.0
20170322:2210,0.0,0.0,0.0,0.0,5.89,1.59,0.0
20170322:2310,0.0,0.0,0.0,0.0,5.29,1.72,0.0
20170323:0010,0.0,0.0,0.0,0.0,5.11,1.72,0.0
20170323:0110,0.0,0.0,0.0,0.0,4.56,2.0,0.0
20170323:0210,0.0,0.0,0.0,0.0,4.02,2.07,0.0
20170323:0310,0.0,0.0,0.0,0.0,3.83,2.0,0.0
20170323:0410,0.0,0.0,0.0,0.0,3.89,2.14,0.0
20170323:0510,0.0,0.0,0.0,0.0,4.02,2.55,0.0
20170323:0610,0.0,3.0,0.0,2.86,4.4,3.31,0.0
20170323:0710,8.0,84.0,0.0,12.67,5.42,2.21,0.0
20170323:0810,56.0,173.0,0.0,22.02,7.18,2.34,0.0
20170323:0910,4.0,185.0,0.0,30.38,8.83,2.69,0.0
20170323:1010,207.0,270.0,0.0,37.09,9.91,2.9,0.0
20170323:1110,234.0,297.0,0.0,41.32,11.15,3.31,0.0
20170323:1210,0.0,170.0,0.0,42.33,11.92,3.24,0.0
20170323:1310,0.0,89.0,0.0,39.9,12.6,2.76,0.0
20170323:1410,0.0,112.0,0.0,34.52,12.68,2.0,0.0
20170323:1510,0.0,97.0,0.0,27.03,11.74,0.76,0.0
20170323:1610,0.0,91.0,0.0,18.18,10.98,1.03,0.0
20170323:1710,0.0,16.0,0.0,8.58,10.29,1.45,0.0
20170323:1810,0.0,0.0,0.0,0.0,9.47,1.86,0.0
20170323:1910,0.0,0.0,0.0,0.0,8.61,2.34,0.0
20170323:2010,0.0,0.0,0.0,0.0,8.14,1.79,0.0
20170323:2110,0.0,0.0,0.0,0.0,7.78,1.45,0.0
20170323:2210,0.0,0.0,0.0,0.0,7.42,1.24,0.0
20170323:2310,0.0,0.0,0.0,0.0,6.92,0.76,0.0
20170324:0010,0.0,0.0,0.0,0.0,6.53,0.9,0.0
20170324:0110,0.0,0.0,0.0,0.0,6.28,0.97,0.0
20170324:0210,0.0,0.0,0.0,0.0,6.17,0.97,0.0
20170324:0310,0.0,0.0,0.0,0.0,6.1,0.76,0.0
20170324:0410,0.0,0.0,0.0,0.0,6.14,0.55,0.0
20170324:0510,0.0,0.0,0.0,0.0,5.4,0.21,0.0
20170324:0610,0.0,3.0,0.0,3.21,4.91,0.76,0.0
20170324:0710,0.0,35.0,0.0,13.03,5.35,1.1,0.0
20170324:0810,0.0,98.0,0.0,22.38,6.63,1.1,0.0
20170324:0910,39.0,239.0,0.0,30.76,7.8,1.31,0.0
20170324:1010,130.0,296.0,0.0,37.49,10.14,2.48,0.0
20170324:1110,21.0,296.0,0.0,41.72,11.63,3.38,0.0
20170324:1210,30.0,313.0,0.0,42.72,13.25,4.0,0.0
20170324:1310,178.0,307.0,0.0,40.26,14.34,4.55,0.0
20170324:1410,5.0,218.0,0.0,34.84,14.85,4.9,0.0
20170324:1510,11.0,188.0,0.0,27.31,15.22,4.55,0.0
20170324:1610,8.0,122.0,0.0,18.44,14.91,3.52,0.0
20170324:1710,0.0,28.0,0.0,8.83,14.48,3.38,0.0
20170324:1810,0.0,0.0,0.0,0.0,13.59,3.66,0.0
20170324:1910,0.0,0.0,0.0,0.0,11.33,2.69,0.0
20170324:2010,0.0,0.0,0.0,0.0,10.52,3.24,0.0
20170324:2110,0.0,0.0,0.0,0.0,10.04,3.72,0.0
20170324:2210,0.0,0.0,0.0,0.0,9.88,4.34,0.0
20170324:2310,0.0,0.0,0.0,0.0,9.63,4.62,0.0
20170325:0010,0.0,0.0,0.0,0.0,9.34,4.28,0.0
20170325:0110,0.0,0.0,0.0,0.0,8.77,4.0,0.0
20170325:0210,0.0,0.0,0.0,0.0,8.22,4.55,0.0
20170325:0310,0.0,0.0,0.0,0.0,7.8,4.69,0.0
20170325:0410,0.0,0.0,0.0,0.0,7.31,4.62,0.0
20170325:0510,0.0,0.0,0.0,0.0,6.81,4.76,0.0
20170325:0610,0.0,8.0,0.0,3.55,6.4,4.9,0.0
20170325:0710,121.0,68.0,0.0,13.38,7.34,5.17,0.0
20170325:0810,273.0,92.0,0.0,22.74,8.64,5.45,0.0
20170325:0910,417.01,105.0,0.0,31.14,10.12,6.07,0.0
20170325:1010,534.01,109.0,0.0,37.88,11.69,6.14,0.0
20170325:1110,632.01,95.0,0.0,42.12,13.19,6.41,0.0
20170325:1210,648.01,96.0,0.0,43.1,14.4,6.83,0.0
20170325:1310,593.01,103.0,0.0,40.62,15.25,7.24,0.0
20170325:1410,509.01,96.0,0.0,35.16,15.68,7.38,0.0
20170325:1510,367.01,95.0,0.0,27.59,15.85,7.17,0.0
20170325:1610,199.0,86.0,0.0,18.7,15.52,6.34,0.0
20170325:1710,69.0,47.0,0.0,9.07,14.63,5.79,0.0
20170325:1810,0.0,0.0,0.0,0.0,13.32,5.38,0.0
20170325:1910,0.0,0.0,0.0,0.0,13.04,5.1,0.0
20170325:2010,0.0,0.0,0.0,0.0,12.3,4.97,0.0
20170325:2110,0.0,0.0,0.0,0.0,11.51,4.9,0.0
20170325:2210,0.0,0.0,0.0,0.0,10.88,4.76,0.0
20170325:2310,0.0,0.0,0.0,0.0,10.36,4.41,0.0
20170326:0010,0.0,0.0,0.0,0.0,9.87,4.0,0.0
20170326:0110,0.0,0.0,0.0,0.0,9.04,3.59,0.0
20170326:0210,0.0,0.0,0.0,0.0,8.19,3.59,0.0
20170326:0310,0.0,0.0,0.0,0.0,7.57,3.52,0.0
20170326:0410,0.0,0.0,0.0,0.0,7.1,3.38,0.0
20170326:0510,0.0,0.0,0.0,0.0,6.66,3.1,0.0
20170326:0610,1.0,16.82,0.0,3.9,6.27,2.9,0.0
20170326:0710,123.0,69.0,0.0,13.73,7.22,1.79,0.0
20170326:0810,264.0,98.0,0.0,23.11,8.95,2.48,0.0
20170326:0910,391.01,118.0,0.0,31.52,10.54,2.97,0.0
20170326:1010,508.01,122.0,0.0,38.28,12.01,2.55,0.0
20170326:1110,572.01,126.0,0.0,42.52,13.38,1.66,0.0
20170326:1210,627.01,106.0,0.0,43.49,14.76,1.03,0.0
20170326:1310,556.01,121.0,0.0,40.97,15.72,1.45,0.0
20170326:1410,477.01,112.0,0.0,35.48,16.41,1.93,0.0
20170326:1510,344.01,106.0,0.0,27.88,16.38,1.93,0.0
20170326:1610,160.0,108.0,0.0,18.95,16.27,2.14,0.0
20170326:1710,71.0,48.0,0.0,9.32,15.53,2.0,0.0
20170326:1810,0.0,0.0,0.0,0.0,14.16,2.34,0.0
20170326:1910,0.0,0.0,0.0,0.0,12.63,2.48,0.0
20170326:2010,0.0,0.0,0.0,0.0,11.46,2.41,0.0
20170326:2110,0.0,0.0,0.0,0.0,10.39,2.34,0.0
20170326:2210,0.0,0.0,0.0,0.0,9.5,2.28,0.0
20170326:2310,0.0,0.0,0.0,0.0,8.67,2.28,0.0
20170327:0010,0.0,0.0,0.0,0.0,8.03,2.34,0.0
20170327:0110,0.0,0.0,0.0,0.0,7.54,2.28,0.0
20170327:0210,0.0,0.0,0.0,0.0,6.99,2.14,0.0
20170327:0310,0.0,0.0,0.0,0.0,6.35,2.07,0.0
20170327:0410,0.0,0.0,0.0,0.0,5.83,2.21,0.0
20170327:0510,0.0,0.0,0.0,0.0,5.48,2.28,0.0
20170327:0610,2.0,20.59,0.0,4.25,5.24,2.28,0.0
20170327:0710,146.0,63.0,0.0,14.08,6.44,1.66,0.0
20170327:0810,277.0,96.0,0.0,23.47,9.39,1.93,0.0
20170327:0910,407.01,115.0,0.0,31.9,11.73,1.93,0.0
20170327:1010,497.01,133.0,0.0,38.67,13.98,1.86,0.0
20170327:1110,624.01,104.0,0.0,42.92,15.88,1.79,0.0
20170327:1210,581.01,135.0,0.0,43.88,17.24,1.93,0.0
20170327:1310,560.01,124.0,0.0,41.33,17.99,2.34,0.0
20170327:1410,494.01,108.0,0.0,35.79,18.25,2.69,0.0
20170327:1510,357.01,103.0,0.0,28.16,18.17,2.9,0.0
20170327:1610,207.0,86.0,0.0,19.21,17.79,2.76,0.0
20170327:1710,77.0,49.0,0.0,9.56,17.0,1.86,0.0
20170327:1810,0.0,0.0,0.0,0.0,15.68,2.07,0.0
20170327:1910,0.0,0.0,0.0,0.0,13.69,2.0,0.0
20170327:2010,0.0,0.0,0.0,0.0,11.65,2.21,0.0
20170327:2110,0.0,0.0,0.0,0.0,10.12,2.21,0.0
20170327:2210,0.0,0.0,0.0,0.0,8.96,2.14,0.0
20170327:2310,0.0,0.0,0.0,0.0,8.07,2.14,0.0
20170328:0010,0.0,0.0,0.0,0.0,7.43,2.28,0.0
20170328:0110,0.0,0.0,0.0,0.0,7.16,2.41,0.0
20170328:0210,0.0,0.0,0.0,0.0,7.2,2.55,0.0
20170328:0310,0.0,0.0,0.0,0.0,7.25,2.62,0.0
20170328:0410,0.0,0.0,0.0,0.0,7.15,2.48,0.0
20170328:0510,0.0,0.0,0.0,0.0,6.88,2.48,0.0
20170328:0610,3.0,23.35,0.0,4.59,6.78,2.62,0.0
20170328:0710,43.0,106.0,0.0,14.43,8.8,2.48,0.0
20170328:0810,124.0,175.0,0.0,23.83,11.65,3.03,0.0
20170328:0910,0.0,163.0,0.0,32.27,13.46,3.79,0.0
20170328:1010,0.0,174.0,0.0,39.06,14.81,4.21,0.0
20170328:1110,516.01,167.0,0.0,43.32,15.93,4.21,0.0
20170328:1210,85.0,350.0,0.0,44.27,16.7,4.41,0.0
20170328:1310,14.0,283.0,0.0,41.68,17.1,4.28,0.0
20170328:1410,453.01,130.0,0.0,36.11,17.21,4.0,0.0
20170328:1510,343.01,111.0,0.0,28.44,17.09,3.79,0.0
20170328:1610,207.0,88.0,0.0,19.47,16.46,4.0,0.0
20170328:1710,65.0,56.0,0.0,9.8,15.66,3.1,0.0
20170328:1810,0.0,0.0,0.0,0.0,14.42,2.9,0.0
20170328:1910,0.0,0.0,0.0,0.0,13.28,2.55,0.0
20170328:2010,0.0,0.0,0.0,0.0,11.93,2.76,0.0
20170328:2110,0.0,0.0,0.0,0.0,10.94,2.83,0.0
20170328:2210,0.0,0.0,0.0,0.0,10.15,2.97,0.0
20170328:2310,0.0,0.0,0.0,0.0,9.39,2.9,0.0
20170329:0010,0.0,0.0,0.0,0.0,8.69,2.76,0.0
20170329:0110,0.0,0.0,0.0,0.0,8.01,2.69,0.0
20170329:0210,0.0,0.0,0.0,0.0,7.45,2.55,0.0
20170329:0310,0.0,0.0,0.0,0.0,6.93,2.48,0.0
20170329:0410,0.0,0.0,0.0,0.0,6.52,2.41,0.0
20170329:0510,0.0,0.0,0.0,0.0,6.21,2.41,0.0
20170329:0610,0.0,15.0,0.0,4.94,6.07,2.41,0.0
20170329:0710,31.0,110.0,0.0,14.78,7.87,2.0,0.0
20170329:0810,17.0,174.0,0.0,24.19,10.78,2.28,0.0
20170329:0910,286.0,189.0,0.0,32.65,12.69,2.55,0.0
20170329:1010,96.0,315.0,0.0,39.45,13.91,2.69,0.0
20170329:1110,508.01,174.0,0.0,43.72,15.06,2.83,0.0
20170329:1210,583.01,136.0,0.0,44.65,16.22,2.97,0.0
20170329:1310,385.01,229.0,0.0,42.03,17.3,3.03,0.0
20170329:1410,392.01,169.0,0.0,36.42,18.01,2.9,0.0
20170329:1510,243.0,170.0,0.0,28.71,18.27,2.76,0.0
20170329:1610,125.0,132.0,0.0,19.72,18.26,2.41,0.0
20170329:1710,77.0,52.0,0.0,10.05,17.73,1.66,0.0
20170329:1810,0.0,0.0,0.0,0.0,16.41,1.93,0.0
20170329:1910,0.0,0.0,0.0,0.0,14.3,2.28,0.0
20170329:2010,0.0,0.0,0.0,0.0,12.76,2.41,0.0
20170329:2110,0.0,0.0,0.0,0.0,11.87,2.55,0.0
20170329:2210,0.0,0.0,0.0,0.0,11.22,2.69,0.0
20170329:2310,0.0,0.0,0.0,0.0,10.77,2.69,0.0
20170330:0010,0.0,0.0,0.0,0.0,10.36,2.69,0.0
20170330:0110,0.0,0.0,0.0,0.0,9.91,2.69,0.0
20170330:0210,0.0,0.0,0.0,0.0,9.43,2.62,0.0
20170330:0310,0.0,0.0,0.0,0.0,8.99,2.62,0.0
20170330:0410,0.0,0.0,0.0,0.0,8.57,2.55,0.0
20170330:0510,0.0,0.0,0.0,0.0,8.19,2.48,0.0
20170330:0610,3.0,26.36,0.0,5.28,7.92,2.41,0.0
20170330:0710,144.0,73.0,0.0,15.13,9.18,1.86,0.0
20170330:0810,294.0,97.0,0.0,24.55,12.49,2.07,0.0
20170330:0910,426.01,114.0,0.0,33.02,15.15,2.41,0.0
20170330:1010,509.01,135.0,0.0,39.84,17.41,2.83,0.0
20170330:1110,587.01,131.0,0.0,44.12,19.12,3.31,0.0
20170330:1210,518.01,182.0,0.0,45.04,20.26,3.86,0.0
20170330:1310,451.01,196.0,0.0,42.38,20.89,4.21,0.0
20170330:1410,437.01,147.0,0.0,36.73,21.24,4.28,0.0
20170330:1510,351.01,113.0,0.0,28.99,21.25,4.14,0.0
20170330:1610,169.0,114.0,0.0,19.97,20.91,3.52,0.0
20170330:1710,56.0,64.0,0.0,10.29,19.91,3.24,0.0
20170330:1810,0.0,0.0,0.0,0.0,17.98,3.17,0.0
20170330:1910,0.0,0.0,0.0,0.0,16.23,2.97,0.0
20170330:2010,0.0,0.0,0.0,0.0,15.21,3.03,0.0
20170330:2110,0.0,0.0,0.0,0.0,14.36,3.03,0.0
20170330:2210,0.0,0.0,0.0,0.0,13.77,3.1,0.0
20170330:2310,0.0,0.0,0.0,0.0,13.19,3.17,0.0
20170331:0010,0.0,0.0,0.0,0.0,12.91,3.24,0.0
20170331:0110,0.0,0.0,0.0,0.0,12.81,3.38,0.0
20170331:0210,0.0,0.0,0.0,0.0,12.79,3.66,0.0
20170331:0310,0.0,0.0,0.0,0.0,12.77,3.72,0.0
20170331:0410,0.0,0.0,0.0,0.0,12.31,3.72,0.0
20170331:0510,0.0,0.0,0.0,0.0,11.89,3.86,0.0
20170331:0610,0.0,23.0,0.0,5.63,11.63,3.93,0.0
20170331:0710,28.0,115.0,0.0,15.47,12.89,4.0,0.0
20170331:0810,0.0,87.0,0.0,24.9,14.07,3.59,0.0
20170331:0910,76.0,266.0,0.0,33.39,15.45,4.9,0.0
20170331:1010,49.0,310.0,0.0,40.23,16.17,5.45,0.0
20170331:1110,16.0,301.0,0.0,44.52,16.28,5.59,0.0
20170331:1210,9.0,288.0,0.0,45.42,16.32,5.72,0.0
20170331:1310,300.01,277.0,0.0,42.73,16.22,5.31,0.0
20170331:1410,86.0,295.0,0.0,37.04,16.39,5.1,0.0
20170331:1510,44.0,228.0,0.0,29.26,16.31,4.55,0.0
20170331:1610,73.0,153.0,0.0,20.22,15.99,3.66,0.0
20170331:1710,5.0,64.0,0.0,10.53,15.66,2.97,0.0
20170331:1810,0.0,0.0,0.0,0.0,14.55,2.34,0.0
20170331:1910,0.0,0.0,0.0,0.0,13.68,2.76,0.0
20170331:2010,0.0,0.0,0.0,0.0,12.98,2.97,0.0
20170331:2110,0.0,0.0,0.0,0.0,12.38,3.1,0.0
20170331:2210,0.0,0.0,0.0,0.0,11.9,2.83,0.0
20170331:2310,0.0,0.0,0.0,0.0,11.31,2.69,0.0
20170401:0010,0.0,0.0,0.0,0.0,10.86,2.76,0.0
20170401:0110,0.0,0.0,0.0,0.0,10.41,2.83,0.0
20170401:0210,0.0,0.0,0.0,0.0,10.0,2.76,0.0
20170401:0310,0.0,0.0,0.0,0.0,9.61,2.76,0.0
20170401:0410,0.0,0.0,0.0,0.0,9.04,2.83,0.0
20170401:0510,0.0,0.0,0.0,0.0,8.48,2.69,0.0
20170401:0610,6.0,35.0,0.0,5.97,8.16,2.55,0.0
20170401:0710,10.0,107.0,0.0,15.82,9.24,2.14,0.0
20170401:0810,71.0,200.0,0.0,25.26,10.1,3.79,0.0
20170401:0910,97.0,271.0,0.0,33.76,11.0,3.31,0.0
20170401:1010,117.0,324.0,0.0,40.62,11.8,2.9,0.0
20170401:1110,427.01,235.0,0.0,44.91,12.5,2.97,0.0
20170401:1210,292.0,311.0,0.0,45.8,13.11,3.1,0.0
20170401:1310,392.01,237.0,0.0,43.08,13.42,2.97,0.0
20170401:1410,354.01,202.0,0.0,37.35,13.77,3.03,0.0
20170401:1510,170.0,213.0,0.0,29.54,13.95,2.97,0.0
20170401:1610,18.0,148.0,0.0,20.47,13.86,2.41,0.0
20170401:1710,53.0,70.0,0.0,10.77,13.48,1.31,0.0
20170401:1810,0.0,0.0,0.0,0.0,12.7,1.45,0.0
20170401:1910,0.0,0.0,0.0,0.0,10.8,2.28,0.0
20170401:2010,0.0,0.0,0.0,0.0,9.83,2.07,0.0
20170401:2110,0.0,0.0,0.0,0.0,8.98,2.0,0.0
20170401:2210,0.0,0.0,0.0,0.0,8.08,1.93,0.0
20170401:2310,0.0,0.0,0.0,0.0,7.57,1.86,0.0
20170402:0010,0.0,0.0,0.0,0.0,6.89,1.86,0.0
20170402:0110,0.0,0.0,0.0,0.0,6.19,1.72,0.0
20170402:0210,0.0,0.0,0.0,0.0,5.41,1.45,0.0
20170402:0310,0.0,0.0,0.0,0.0,4.74,1.45,0.0
20170402:0410,0.0,0.0,0.0,0.0,4.26,1.79,0.0
20170402:0510,0.0,0.0,0.0,0.0,3.98,1.93,0.0
20170402:0610,3.0,35.0,0.0,6.31,3.75,1.79,0.0
20170402:0710,85.0,113.0,0.0,16.16,6.37,1.1,0.0
20170402:0810,60.0,204.0,0.0,25.61,9.04,1.17,0.0
20170402:0910,159.0,262.0,0.0,34.13,11.22,1.45,0.0
20170402:1010,537.01,134.0,0.0,41.01,13.35,1.38,0.0
20170402:1110,558.01,163.0,0.0,45.3,14.4,0.9,0.0
20170402:1210,283.0,320.0,0.0,46.18,15.06,1.17,0.0
20170402:1310,70.0,342.0,0.0,43.42,15.37,1.59,0.0
20170402:1410,285.0,243.0,0.0,37.65,15.52,1.93,0.0
20170402:1510,254.0,179.0,0.0,29.81,15.45,2.28,0.0
20170402:1610,0.0,71.0,0.0,20.72,15.05,2.48,0.0
20170402:1710,94.0,56.0,0.0,11.0,14.57,2.41,0.0
20170402:1810,0.0,0.0,0.0,0.0,13.55,2.41,0.0
20170402:1910,0.0,0.0,0.0,0.0,12.39,2.55,0.0
20170402:2010,0.0,0.0,0.0,0.0,11.29,2.62,0.0
20170402:2110,0.0,0.0,0.0,0.0,10.41,2.62,0.0
20170402:2210,0.0,0.0,0.0,0.0,9.6,2.55,0.0
20170402:2310,0.0,0.0,0.0,0.0,8.87,2.48,0.0
20170403:0010,0.0,0.0,0.0,0.0,8.17,2.34,0.0
20170403:0110,0.0,0.0,0.0,0.0,7.55,2.28,0.0
20170403:0210,0.0,0.0,0.0,0.0,7.0,2.28,0.0
20170403:0310,0.0,0.0,0.0,0.0,6.52,2.21,0.0
20170403:0410,0.0,0.0,0.0,0.0,6.08,2.14,0.0
20170403:0510,0.0,0.0,0.0,0.0,5.64,2.07,0.0
20170403:0610,24.0,41.0,0.0,6.65,5.27,1.93,0.0
20170403:0710,158.0,83.0,0.0,16.5,7.59,1.24,0.0
20170403:0810,303.0,110.0,0.0,25.96,10.19,1.03,0.0
20170403:0910,442.01,124.0,0.0,34.5,12.43,0.97,0.0
20170403:1010,539.01,138.0,0.0,41.39,14.56,0.97,0.0
20170403:1110,589.01,150.0,0.0,45.69,15.9,1.17,0.0
20170403:1210,396.01,271.0,0.0,46.56,16.67,1.31,0.0
20170403:1310,521.01,173.0,0.0,43.77,17.2,1.38,0.0
20170403:1410,352.01,212.0,0.0,37.95,17.29,1.38,0.0
20170403:1510,248.0,186.0,0.0,30.08,17.22,1.59,0.0
20170403:1610,153.0,135.0,0.0,20.97,17.13,1.79,0.0
20170403:1710,8.0,73.0,0.0,11.24,16.33,1.31,0.0
20170403:1810,0.0,0.0,0.0,0.0,15.24,1.52,0.0
20170403:1910,0.0,0.0,0.0,0.0,12.9,2.21,0.0
20170403:2010,0.0,0.0,0.0,0.0,11.32,2.14,0.0
20170403:2110,0.0,0.0,0.0,0.0,10.38,2.14,0.0
20170403:2210,0.0,0.0,0.0,0.0,9.91,2.0,0.0
20170403:2310,0.0,0.0,0.0,0.0,9.42,1.59,0.0
20170404:0010,0.0,0.0,0.0,0.0,10.98,0.62,0.0
20170404:0110,0.0,0.0,0.0,0.0,10.3,0.83,0.0
20170404:0210,0.0,0.0,0.0,0.0,7.47,1.72,0.0
20170404:0310,0.0,0.0,0.0,0.0,7.05,1.52,0.0
20170404:0410,0.0,0.0,0.0,0.0,6.86,1.31,0.0
20170404:0510,0.0,0.0,0.0,0.0,6.59,1.17,0.0
20170404:0610,0.0,30.0,0.0,6.98,6.76,0.97,0.0
20170404:0710,150.0,89.0,0.0,16.84,8.19,1.1,0.0
20170404:0810,287.0,120.0,0.0,26.31,10.53,1.17,0.0
20170404:0910,104.0,279.0,0.0,34.87,12.7,1.24,0.0
20170404:1010,333.01,256.0,0.0,41.77,14.17,1.72,0.0
20170404:1110,430.01,243.0,0.0,46.08,14.69,2.14,0.0
20170404:1210,1.0,247.0,0.0,46.93,15.43,2.34,0.0
20170404:1310,236.0,320.0,0.0,44.11,15.65,2.34,0.0
20170404:1410,113.0,305.0,0.0,38.26,15.64,2.55,0.0
20170404:1510,0.0,78.0,0.0,30.34,15.42,2.83,0.0
20170404:1610,0.0,106.0,0.0,21.21,15.14,3.1,0.0
20170404:1710,81.0,66.0,0.0,11.48,14.73,3.1,0.0
20170404:1810,0.0,0.0,0.0,0.0,13.65,3.38,0.0
20170404:1910,0.0,0.0,0.0,0.0,12.67,4.07,0.0
20170404:2010,0.0,0.0,0.0,0.0,11.82,3.86,0.0
20170404:2110,0.0,0.0,0.0,0.0,10.92,3.45,0.0
20170404:2210,0.0,0.0,0.0,0.0,10.29,3.24,0.0
20170404:2310,0.0,0.0,0.0,0.0,9.57,3.1,0.0
20170405:0010,0.0,0.0,0.0,0.0,9.16,3.1,0.0
20170405:0110,0.0,0.0,0.0,0.0,9.0,3.31,0.0
20170405:0210,0.0,0.0,0.0,0.0,8.98,3.66,0.0
20170405:0310,0.0,0.0,0.0,0.0,8.68,3.66,0.0
20170405:0410,0.0,0.0,0.0,0.0,8.46,3.66,0.0
20170405:0510,0.0,0.0,0.0,0.0,8.22,3.52,0.0
20170405:0610,21.0,47.0,0.0,7.32,8.22,3.79,0.0
20170405:0710,117.0,109.0,0.0,17.18,8.47,4.21,0.0
20170405:0810,212.0,165.0,0.0,26.66,9.19,4.41,0.0
20170405:0910,238.0,239.0,0.0,35.23,10.09,4.48,0.0
20170405:1010,448.01,195.0,0.0,42.15,11.09,4.41,0.0
20170405:1110,389.01,268.0,0.0,46.47,12.08,4.55,0.0
20170405:1210,129.0,370.0,0.0,47.31,12.89,4.69,0.0
20170405:1310,57.0,343.0,0.0,44.45,13.0,4.48,0.0
20170405:1410,154.0,299.0,0.0,38.55,13.2,4.69,0.0
20170405:1510,123.0,238.0,0.0,30.61,13.14,4.62,0.0
20170405:1610,60.0,167.0,0.0,21.46,12.97,4.34,0.0
20170405:1710,69.0,73.0,0.0,11.71,12.73,4.14,0.0
20170405:1810,0.0,1.0,0.0,1.82,12.24,3.24,0.0
20170405:1910,0.0,0.0,0.0,0.0,11.29,3.66,0.0
20170405:2010,0.0,0.0,0.0,0.0,10.54,4.0,0.0
20170405:2110,0.0,0.0,0.0,0.0,9.66,4.41,0.0
20170405:2210,0.0,0.0,0.0,0.0,8.63,4.34,0.0
20170405:2310,0.0,0.0,0.0,0.0,7.63,3.79,0.0
20170406:0010,0.0,0.0,0.0,0.0,6.76,3.38,0.0
20170406:0110,0.0,0.0,0.0,0.0,6.03,3.03,0.0
20170406:0210,0.0,0.0,0.0,0.0,5.38,2.97,0.0
20170406:0310,0.0,0.0,0.0,0.0,4.89,3.03,0.0
20170406:0410,0.0,0.0,0.0,0.0,4.52,2.97,0.0
20170406:0510,0.0,0.0,0.0,0.0,4.22,2.97,0.0
20170406:0610,43.0,44.0,0.0,7.65,4.32,2.97,0.0
20170406:0710,146.0,99.0,0.0,17.52,6.03,3.24,0.0
20170406:0810,200.0,175.0,0.0,27.01,7.66,3.72,0.0
20170406:0910,415.01,149.0,0.0,35.59,9.4,4.07,0.0
20170406:1010,164.0,330.0,0.0,42.53,10.4,5.17,0.0
20170406:1110,133.0,368.0,0.0,46.86,10.57,5.03,0.0
20170406:1210,429.01,259.0,0.0,47.68,10.87,4.83,0.0
20170406:1310,501.01,191.0,0.0,44.79,11.01,4.62,0.0
20170406:1410,350.01,220.0,0.0,38.85,11.45,4.76,0.0
20170406:1510,328.0,148.0,0.0,30.87,11.58,4.69,0.0
20170406:1610,226.0,103.0,0.0,21.7,11.47,4.34,0.0
20170406:1710,93.0,65.0,0.0,11.94,11.18,3.79,0.0
20170406:1810,0.0,5.0,0.0,2.05,10.44,2.9,0.0
20170406:1910,0.0,0.0,0.0,0.0,9.32,2.48,0.0
20170406:2010,0.0,0.0,0.0,0.0,8.25,2.41,0.0
20170406:2110,0.0,0.0,0.0,0.0,7.26,2.41,0.0
20170406:2210,0.0,0.0,0.0,0.0,6.51,2.41,0.0
20170406:2310,0.0,0.0,0.0,0.0,5.85,2.28,0.0
20170407:0010,0.0,0.0,0.0,0.0,5.25,2.21,0.0
20170407:0110,0.0,0.0,0.0,0.0,4.62,2.07,0.0
20170407:0210,0.0,0.0,0.0,0.0,4.02,1.93,0.0
20170407:0310,0.0,0.0,0.0,0.0,3.48,1.93,0.0
20170407:0410,0.0,0.0,0.0,0.0,3.0,1.93,0.0
20170407:0510,0.0,0.0,0.0,0.0,2.62,1.93,0.0
20170407:0610,37.0,49.0,0.0,7.98,2.66,1.79,0.0
20170407:0710,176.0,87.0,0.0,17.85,5.71,1.45,0.0
20170407:0810,319.0,114.0,0.0,27.35,8.49,1.59,0.0
20170407:0910,451.01,130.0,0.0,35.95,10.49,2.07,0.0
20170407:1010,553.01,140.0,0.0,42.91,11.98,2.21,0.0
20170407:1110,629.01,137.0,0.0,47.24,13.32,2.07,0.0
20170407:1210,640.01,137.0,0.0,48.05,14.46,2.0,0.0
20170407:1310,591.01,139.0,0.0,45.12,15.38,2.07,0.0
20170407:1410,498.01,135.0,0.0,39.15,15.9,2.28,0.0
20170407:1510,388.01,116.0,0.0,31.14,16.23,2.55,0.0
20170407:1610,240.0,98.0,0.0,21.94,16.21,2.62,0.0
20170407:1710,93.0,67.0,0.0,12.18,15.86,2.14,0.0
20170407:1810,0.0,6.0,0.0,2.29,14.84,1.59,0.0
20170407:1910,0.0,0.0,0.0,0.0,12.74,2.41,0.0
20170407:2010,0.0,0.0,0.0,0.0,11.4,2.41,0.0
20170407:2110,0.0,0.0,0.0,0.0,10.33,2.41,0.0
20170407:2210,0.0,0.0,0.0,0.0,9.36,2.28,0.0
20170407:2310,0.0,0.0,0.0,0.0,8.43,2.21,0.0
20170408:0010,0.0,0.0,0.0,0.0,7.64,2.07,0.0
20170408:0110,0.0,0.0,0.0,0.0,6.91,2.0,0.0
20170408:0210,0.0,0.0,0.0,0.0,6.23,2.0,0.0
20170408:0310,0.0,0.0,0.0,0.0,5.62,2.0,0.0
20170408:0410,0.0,0.0,0.0,0.0,5.08,1.93,0.0
20170408:0510,0.0,0.0,0.0,0.0,4.58,1.93,0.0
20170408:0610,38.0,52.0,0.0,8.31,4.53,1.72,0.0
20170408:0710,170.0,95.0,0.0,18.18,7.75,1.66,0.0
20170408:0810,323.0,116.0,0.0,27.69,10.6,1.79,0.0
20170408:0910,461.01,130.0,0.0,36.31,13.09,1.86,0.0
20170408:1010,563.01,140.0,0.0,43.28,15.1,1.93,0.0
20170408:1110,648.01,132.0,0.0,47.63,16.47,1.72,0.0
20170408:1210,659.01,132.0,0.0,48.42,17.48,1.45,0.0
20170408:1310,609.01,135.0,0.0,45.46,18.24,1.31,0.0
20170408:1410,507.01,135.0,0.0,39.44,18.71,1.24,0.0
20170408:1510,396.01,116.0,0.0,31.4,18.89,1.24,0.0
20170408:1610,239.0,102.0,0.0,22.18,18.78,1.31,0.0
20170408:1710,98.0,68.0,0.0,12.41,18.29,1.24,0.0
20170408:1810,0.0,8.0,0.0,2.52,17.03,1.86,0.0
20170408:1910,0.0,0.0,0.0,0.0,14.69,2.48,0.0
20170408:2010,0.0,0.0,0.0,0.0,13.12,2.55,0.0
20170408:2110,0.0,0.0,0.0,0.0,11.86,2.55,0.0
20170408:2210,0.0,0.0,0.0,0.0,10.8,2.48,0.0
20170408:2310,0.0,0.0,0.0,0.0,9.88,2.34,0.0
20170409:0010,0.0,0.0,0.0,0.0,8.96,2.14,0.0
20170409:0110,0.0,0.0,0.0,0.0,8.03,2.0,0.0
20170409:0210,0.0,0.0,0.0,0.0,7.1,1.93,0.0
20170409:0310,0.0,0.0,0.0,0.0,6.33,1.93,0.0
20170409:0410,0.0,0.0,0.0,0.0,5.73,1.93,0.0
20170409:0510,0.0,0.0,0.0,0.0,5.26,1.93,0.0
20170409:0610,51.0,51.0,0.0,8.64,5.39,1.72,0.0
20170409:0710,196.0,86.0,0.0,18.51,9.21,1.31,0.0
20170409:0810,344.0,112.0,0.0,28.03,12.82,1.31,0.0
20170409:0910,474.01,130.0,0.0,36.66,15.79,1.31,0.0
20170409:1010,577.01,139.0,0.0,43.65,18.33,1.31,0.0
20170409:1110,654.01,136.0,0.0,48.01,20.27,1.45,0.0
20170409:1210,656.01,141.0,0.0,48.79,21.68,1.59,0.0
20170409:1310,615.01,138.0,0.0,45.79,22.62,1.86,0.0
20170409:1410,519.01,135.0,0.0,39.73,23.13,2.07,0.0
20170409:1510,412.01,113.0,0.0,31.66,23.28,2.07,0.0
20170409:1610,259.0,96.0,0.0,22.42,23.08,2.0,0.0
20170409:1710,113.0,64.0,0.0,12.64,22.26,1.59,0.0
20170409:1810,0.0,11.0,0.0,2.75,20.59,2.28,0.0
20170409:1910,0.0,0.0,0.0,0.0,17.62,1.59,0.0
20170409:2010,0.0,0.0,0.0,0.0,14.64,2.0,0.0
20170409:2110,0.0,0.0,0.0,0.0,12.85,2.55,0.0
20170409:2210,0.0,0.0,0.0,0.0,11.71,2.62,0.0
20170409:2310,0.0,0.0,0.0,0.0,11.13,2.62,0.0
20170410:0010,0.0,0.0,0.0,0.0,11.0,3.1,0.0
20170410:0110,0.0,0.0,0.0,0.0,10.61,3.45,0.0
20170410:0210,0.0,0.0,0.0,0.0,9.86,3.38,0.0
20170410:0310,0.0,0.0,0.0,0.0,9.22,3.38,0.0
20170410:0410,0.0,0.0,0.0,0.0,8.72,3.31,0.0
20170410:0510,0.0,0.0,0.0,0.0,8.85,3.24,0.0
20170410:0610,0.0,35.0,0.0,8.96,8.97,3.66,0.0
20170410:0710,2.0,108.0,0.0,18.84,9.58,4.07,0.0
20170410:0810,0.0,141.0,0.0,28.37,10.38,4.0,0.0
20170410:0910,45.0,287.0,0.0,37.01,11.1,3.86,0.0
20170410:1010,9.0,280.0,0.0,44.02,12.1,3.79,0.0
20170410:1110,0.0,200.0,0.0,48.38,12.89,3.59,0.0
20170410:1210,0.0,198.0,0.0,49.15,13.64,3.45,0.0
20170410:1310,29.0,331.0,0.0,46.12,14.4,3.38,0.0
20170410:1410,75.0,318.0,0.0,40.02,14.85,3.72,0.0
20170410:1510,71.0,256.0,0.0,31.91,15.05,3.93,0.0
20170410:1610,34.0,174.0,0.0,22.66,14.94,4.0,0.0
20170410:1710,17.0,91.0,0.0,12.87,14.48,3.72,0.0
20170410:1810,0.0,13.0,0.0,2.98,13.54,3.17,0.0
20170410:1910,0.0,0.0,0.0,0.0,12.39,3.45,0.0
20170410:2010,0.0,0.0,0.0,0.0,11.34,3.52,0.0
20170410:2110,0.0,0.0,0.0,0.0,10.07,3.45,0.0
20170410:2210,0.0,0.0,0.0,0.0,9.05,3.24,0.0
20170410:2310,0.0,0.0,0.0,0.0,8.13,2.97,0.0
20170411:0010,0.0,0.0,0.0,0.0,7.4,2.76,0.0
20170411:0110,0.0,0.0,0.0,0.0,6.76,2.55,0.0
20170411:0210,0.0,0.0,0.0,0.0,6.14,2.34,0.0
20170411:0310,0.0,0.0,0.0,0.0,5.7,2.14,0.0
20170411:0410,0.0,0.0,0.0,0.0,5.43,1.93,0.0
20170411:0510,0.0,0.0,0.0,0.0,5.23,2.07,0.0
20170411:0610,58.0,54.0,0.0,9.29,5.45,2.07,0.0
20170411:0710,188.0,96.0,0.0,19.16,7.1,2.14,0.0
20170411:0810,314.0,133.0,0.0,28.7,8.7,2.55,0.0
20170411:0910,443.01,152.0,0.0,37.36,10.16,2.97,0.0
20170411:1010,527.01,173.0,0.0,44.39,11.42,3.17,0.0
20170411:1110,592.01,175.0,0.0,48.76,12.37,3.03,0.0
20170411:1210,590.01,182.0,0.0,49.51,13.18,2.83,0.0
20170411:1310,615.01,140.0,0.0,46.44,13.82,2.69,0.0
20170411:1410,493.01,153.0,0.0,40.31,14.28,2.62,0.0
20170411:1510,324.0,166.0,0.0,32.17,14.43,2.48,0.0
20170411:1610,265.0,96.0,0.0,22.89,14.32,2.34,0.0
20170411:1710,103.0,73.0,0.0,13.09,13.94,2.14,0.0
20170411:1810,4.0,15.16,0.0,3.21,13.04,1.52,0.0
20170411:1910,0.0,0.0,0.0,0.0,11.71,1.45,0.0
20170411:2010,0.0,0.0,0.0,0.0,9.68,1.45,0.0
20170411:2110,0.0,0.0,0.0,0.0,8.17,1.66,0.0
20170411:2210,0.0,0.0,0.0,0.0,7.03,2.21,0.0
20170411:2310,0.0,0.0,0.0,0.0,6.55,2.41,0.0
20170412:0010,0.0,0.0,0.0,0.0,5.96,2.14,0.0
20170412:0110,0.0,0.0,0.0,0.0,5.17,1.66,0.0
20170412:0210,0.0,0.0,0.0,0.0,4.63,1.52,0.0
20170412:0310,0.0,0.0,0.0,0.0,3.89,1.66,0.0
20170412:0410,0.0,0.0,0.0,0.0,3.48,1.79,0.0
20170412:0510,0.0,0.0,0.0,0.0,3.28,2.0,0.0
20170412:0610,62.0,55.0,0.0,9.6,3.75,1.66,0.0
20170412:0710,198.0,92.0,0.0,19.48,7.15,1.24,0.0
20170412:0810,347.0,115.0,0.0,29.03,9.73,1.38,0.0
20170412:0910,487.01,126.0,0.0,37.71,11.8,1.72,0.0
20170412:1010,582.01,139.0,0.0,44.75,13.43,2.62,0.0
20170412:1110,659.01,134.0,0.0,49.13,14.61,3.52,0.0
20170412:1210,660.01,139.0,0.0,49.87,15.52,4.0,0.0
20170412:1310,610.01,140.0,0.0,46.77,16.23,4.34,0.0
20170412:1410,530.01,130.0,0.0,40.59,16.69,4.55,0.0
20170412:1510,394.0,124.0,0.0,32.42,16.82,4.62,0.0
20170412:1610,193.0,135.0,0.0,23.13,16.69,4.55,0.0
20170412:1710,115.0,68.0,0.0,13.32,16.2,3.93,0.0
20170412:1810,4.0,16.17,0.0,3.44,15.04,3.1,0.0
20170412:1910,0.0,0.0,0.0,0.0,13.1,3.17,0.0
20170412:2010,0.0,0.0,0.0,0.0,11.36,3.66,0.0
20170412:2110,0.0,0.0,0.0,0.0,9.86,3.59,0.0
20170412:2210,0.0,0.0,0.0,0.0,8.94,3.17,0.0
20170412:2310,0.0,0.0,0.0,0.0,8.18,2.62,0.0
20170413:0010,0.0,0.0,0.0,0.0,7.5,2.34,0.0
20170413:0110,0.0,0.0,0.0,0.0,7.19,2.34,0.0
20170413:0210,0.0,0.0,0.0,0.0,6.75,2.41,0.0
20170413:0310,0.0,0.0,0.0,0.0,6.35,2.41,0.0
20170413:0410,0.0,0.0,0.0,0.0,6.1,2.34,0.0
20170413:0510,0.0,0.0,0.0,0.0,5.86,2.28,0.0
20170413:0610,6.0,61.0,0.0,9.92,6.34,1.93,0.0
20170413:0710,68.0,152.0,0.0,19.8,7.88,2.21,0.0
20170413:0810,237.0,180.0,0.0,29.36,9.75,2.28,0.0
20170413:0910,108.0,304.0,0.0,38.05,10.78,1.66,0.0
20170413:1010,154.0,351.0,0.0,45.11,11.86,1.45,0.0
20170413:1110,122.0,385.0,0.0,49.5,12.83,1.52,0.0
20170413:1210,44.0,368.0,0.0,50.23,13.38,1.86,0.0
20170413:1310,46.0,351.0,0.0,47.09,13.82,2.0,0.0
20170413:1410,0.0,181.0,0.0,40.87,13.7,2.14,0.0
20170413:1510,10.0,220.0,0.0,32.67,13.63,2.21,0.0
20170413:1610,5.0,145.0,0.0,23.36,13.45,2.07,0.0
20170413:1710,6.0,86.0,0.0,13.55,13.12,1.59,0.0
20170413:1810,0.0,10.0,0.0,3.67,12.67,1.1,0.0
20170413:1910,0.0,0.0,0.0,0.0,12.39,1.31,0.0
20170413:2010,0.0,0.0,0.0,0.0,11.7,1.1,0.0
20170413:2110,0.0,0.0,0.0,0.0,11.23,0.83,0.0
20170413:2210,0.0,0.0,0.0,0.0,10.94,0.83,0.0
20170413:2310,0.0,0.0,0.0,0.0,10.65,1.1,0.0
20170414:0010,0.0,0.0,0.0,0.0,10.39,1.52,0.0
20170414:0110,0.0,0.0,0.0,0.0,10.13,1.86,0.0
20170414:0210,0.0,0.0,0.0,0.0,9.86,2.0,0.0
20170414:0310,0.0,0.0,0.0,0.0,9.56,1.93,0.0
20170414:0410,0.0,0.0,0.0,0.0,9.26,1.86,0.0
20170414:0510,0.0,0.0,0.0,0.0,9.05,1.79,0.0
20170414:0610,5.0,63.0,0.0,10.23,8.98,1.79,0.0
20170414:0710,20.0,147.0,0.0,20.12,9.39,1.93,0.0
20170414:0810,15.0,209.0,0.0,29.68,10.39,1.93,0.0
20170414:0910,55.0,300.0,0.0,38.39,11.59,1.86,0.0
20170414:1010,404.01,250.0,0.0,45.47,12.75,1.79,0.0
20170414:1110,390.01,295.0,0.0,49.87,13.81,2.21,0.0
20170414:1210,362.01,314.0,0.0,50.58,14.59,2.83,0.0
20170414:1310,388.01,275.0,0.0,47.41,14.59,2.83,0.0
20170414:1410,410.01,206.0,0.0,41.15,14.93,2.83,0.0
20170414:1510,347.0,157.0,0.0,32.92,14.97,2.83,0.0
20170414:1610,165.0,153.0,0.0,23.59,14.58,2.83,0.0
20170414:1710,85.0,87.0,0.0,13.77,14.13,2.62,0.0
20170414:1810,3.0,18.38,0.0,3.9,13.29,2.34,0.0
20170414:1910,0.0,0.0,0.0,0.0,13.01,1.79,0.0
20170414:2010,0.0,0.0,0.0,0.0,11.77,2.0,0.0
20170414:2110,0.0,0.0,0.0,0.0,10.81,2.21,0.0
20170414:2210,0.0,0.0,0.0,0.0,9.99,2.21,0.0
20170414:2310,0.0,0.0,0.0,0.0,9.13,2.14,0.0
20170415:0010,0.0,0.0,0.0,0.0,8.61,1.79,0.0
20170415:0110,0.0,0.0,0.0,0.0,7.92,1.79,0.0
20170415:0210,0.0,0.0,0.0,0.0,7.58,1.72,0.0
20170415:0310,0.0,0.0,0.0,0.0,7.29,1.93,0.0
20170415:0410,0.0,0.0,0.0,0.0,7.14,2.14,0.0
20170415:0510,0.0,0.0,0.0,0.0,6.99,2.07,0.0
20170415:0610,1.0,51.0,0.0,10.54,7.14,2.34,0.0
20170415:0710,2.0,115.0,0.0,20.43,8.42,2.55,0.0
20170415:0810,56.0,236.0,0.0,30.0,9.3,2.83,0.0
20170415:0910,0.0,193.0,0.0,38.72,10.28,3.52,0.0
20170415:1010,0.0,149.0,0.0,45.82,10.91,4.07,0.0
20170415:1110,0.0,107.0,0.0,50.23,11.5,3.93,0.0
20170415:1210,0.0,116.0,0.0,50.93,12.46,4.21,0.0
20170415:1310,6.0,286.0,0.0,47.73,12.97,4.14,0.0
20170415:1410,0.0,199.0,0.0,41.43,13.47,4.21,0.0
20170415:1510,7.0,213.0,0.0,33.17,13.56,4.21,0.0
20170415:1610,94.0,180.0,0.0,23.82,13.74,4.21,0.0
20170415:1710,87.0,87.0,0.0,13.99,12.96,3.79,0.0
20170415:1810,0.0,6.0,0.0,4.13,12.12,3.38,0.0
20170415:1910,0.0,0.0,0.0,0.0,11.49,2.97,0.0
20170415:2010,0.0,0.0,0.0,0.0,11.08,3.1,0.0
20170415:2110,0.0,0.0,0.0,0.0,10.75,3.59,0.0
20170415:2210,0.0,0.0,0.0,0.0,10.26,3.52,0.0
20170415:2310,0.0,0.0,0.0,0.0,9.65,3.24,0.0
20170416:0010,0.0,0.0,0.0,0.0,8.68,3.03,0.0
20170416:0110,0.0,0.0,0.0,0.0,7.86,2.97,0.0
20170416:0210,0.0,0.0,0.0,0.0,7.13,2.97,0.0
20170416:0310,0.0,0.0,0.0,0.0,6.69,3.03,0.0
20170416:0410,0.0,0.0,0.0,0.0,6.39,3.03,0.0
20170416:0510,0.0,0.0,0.0,0.0,6.21,3.1,0.0
20170416:0610,24.0,76.0,0.0,10.85,6.84,3.1,0.0
20170416:0710,62.0,160.0,0.0,20.74,7.98,3.17,0.0
20170416:0810,242.0,188.0,0.0,30.32,9.54,3.66,0.0
20170416:0910,62.0,308.0,0.0,39.06,10.77,3.79,0.0
20170416:1010,288.0,315.0,0.0,46.18,11.74,3.72,0.0
20170416:1110,364.01,315.0,0.0,50.6,12.54,3.79,0.0
20170416:1210,90.0,394.0,0.0,51.28,12.58,3.93,0.0
20170416:1310,0.0,240.0,0.0,48.04,12.66,4.14,0.0
20170416:1410,0.0,199.0,0.0,41.71,12.98,4.34,0.0
20170416:1510,10.0,222.0,0.0,33.41,13.09,4.07,0.0
20170416:1610,25.0,179.0,0.0,24.05,12.8,3.45,0.0
20170416:1710,3.0,83.0,0.0,14.22,12.53,3.17,0.0
20170416:1810,1.0,17.83,0.0,4.35,11.92,2.83,0.0
20170416:1910,0.0,0.0,0.0,0.0,11.15,2.07,0.0
20170416:2010,0.0,0.0,0.0,0.0,10.14,2.07,0.0
20170416:2110,0.0,0.0,0.0,0.0,9.34,2.0,0.0
20170416:2210,0.0,0.0,0.0,0.0,8.71,1.86,0.0
20170416:2310,0.0,0.0,0.0,0.0,8.04,1.93,0.0
20170417:0010,0.0,0.0,0.0,0.0,7.55,1.93,0.0
20170417:0110,0.0,0.0,0.0,0.0,7.58,2.07,0.0
20170417:0210,0.0,0.0,0.0,0.0,7.18,2.28,0.0
20170417:0310,0.0,0.0,0.0,0.0,6.63,2.55,0.0
20170417:0410,0.0,0.0,0.0,0.0,6.18,2.69,0.0
20170417:0510,0.0,0.0,0.0,0.0,6.04,2.69,0.0
20170417:0610,3.0,63.0,0.0,11.15,6.87,2.62,0.0
20170417:0710,17.0,150.0,0.0,21.04,9.04,4.28,0.0
20170417:0810,25.0,226.0,0.0,30.63,10.2,4.83,0.0
20170417:0910,0.0,198.0,0.0,39.39,10.89,4.41,0.0
20170417:1010,0.0,115.0,0.0,46.52,11.6,4.69,0.0
20170417:1110,0.0,72.0,0.0,50.95,11.96,4.83,0.0
20170417:1210,0.0,183.0,0.0,51.63,12.71,4.9,0.0
20170417:1310,0.0,69.0,0.0,48.35,13.11,4.97,0.0
20170417:1410,120.0,331.0,0.0,41.98,13.09,4.76,0.0
20170417:1510,4.0,204.0,0.0,33.66,13.14,4.48,0.0
20170417:1610,62.0,191.0,0.0,24.28,12.79,4.41,0.0
20170417:1710,9.0,95.0,0.0,14.44,11.93,3.93,0.0
20170417:1810,0.0,8.0,0.0,4.58,11.04,3.72,0.0
20170417:1910,0.0,0.0,0.0,0.0,9.85,2.9,0.0
20170417:2010,0.0,0.0,0.0,0.0,8.96,2.62,0.0
20170417:2110,0.0,0.0,0.0,0.0,8.11,2.55,0.0
20170417:2210,0.0,0.0,0.0,0.0,7.34,2.76,0.0
20170417:2310,0.0,0.0,0.0,0.0,6.8,2.97,0.0
20170418:0010,0.0,0.0,0.0,0.0,5.99,3.03,0.0
20170418:0110,0.0,0.0,0.0,0.0,4.97,2.83,0.0
20170418:0210,0.0,0.0,0.0,0.0,4.1,2.55,0.0
20170418:0310,0.0,0.0,0.0,0.0,3.31,2.34,0.0
20170418:0410,0.0,0.0,0.0,0.0,2.62,2.21,0.0
20170418:0510,0.0,1.0,0.0,1.67,1.99,2.14,0.0
20170418:0610,87.0,64.0,0.0,11.45,2.44,1.79,0.0
20170418:0710,247.0,91.0,0.0,21.34,4.98,2.0,0.0
20170418:0810,380.0,122.0,0.0,30.94,7.0,2.21,0.0
20170418:0910,169.0,310.0,0.0,39.71,8.43,2.69,0.0
20170418:1010,0.0,114.0,0.0,46.87,9.18,3.1,0.0
20170418:1110,0.0,107.0,0.0,51.31,9.22,3.66,0.0
20170418:1210,24.0,358.0,0.0,51.97,9.9,3.86,0.0
20170418:1310,1.0,257.0,0.0,48.66,10.56,4.0,0.0
20170418:1410,197.0,322.0,0.0,42.25,10.53,4.55,0.0
20170418:1510,437.0,122.0,0.0,33.9,10.37,4.9,0.0
20170418:1610,121.0,184.0,0.0,24.5,10.21,4.9,0.0
20170418:1710,144.0,70.0,0.0,14.66,9.82,4.62,0.0
20170418:1810,17.0,22.11,0.0,4.8,9.1,3.72,0.0
20170418:1910,0.0,0.0,0.0,0.0,8.12,3.1,0.0
20170418:2010,0.0,0.0,0.0,0.0,7.0,3.03,0.0
20170418:2110,0.0,0.0,0.0,0.0,6.29,3.24,0.0
20170418:2210,0.0,0.0,0.0,0.0,5.83,3.38,0.0
20170418:2310,0.0,0.0,0.0,0.0,5.2,3.1,0.0
20170419:0010,0.0,0.0,0.0,0.0,4.78,2.76,0.0
20170419:0110,0.0,0.0,0.0,0.0,3.99,2.62,0.0
20170419:0210,0.0,0.0,0.0,0.0,3.39,2.69,0.0
20170419:0310,0.0,0.0,0.0,0.0,2.94,2.76,0.0
20170419:0410,0.0,0.0,0.0,0.0,2.56,2.76,0.0
20170419:0510,0.0,3.0,0.0,1.98,2.19,2.76,0.0
20170419:0610,93.0,66.0,0.0,11.75,2.7,2.62,0.0
20170419:0710,246.0,96.0,0.0,21.64,4.68,3.38,0.0
20170419:0810,397.0,119.0,0.0,31.24,6.33,3.72,0.0
20170419:0910,309.0,260.0,0.0,40.03,7.78,4.83,0.0
20170419:1010,386.0,286.0,0.0,47.21,8.63,5.1,0.0
20170419:1110,656.01,169.0,0.0,51.66,9.3,5.38,0.0
20170419:1210,701.01,147.0,0.0,52.31,9.75,5.66,0.0
20170419:1310,658.01,144.0,0.0,48.97,9.97,5.93,0.0
20170419:1410,538.01,155.0,0.0,42.52,10.5,5.93,0.0
20170419:1510,442.0,124.0,0.0,34.14,10.58,6.14,0.0
20170419:1610,294.0,104.0,0.0,24.72,10.08,5.93,0.0
20170419:1710,139.0,76.0,0.0,14.87,9.27,5.45,0.0
20170419:1810,15.0,25.34,0.0,5.02,8.29,4.48,0.0
20170419:1910,0.0,0.0,0.0,0.0,7.47,3.86,0.0
20170419:2010,0.0,0.0,0.0,0.0,6.44,3.93,0.0
20170419:2110,0.0,0.0,0.0,0.0,5.54,3.72,0.0
20170419:2210,0.0,0.0,0.0,0.0,4.72,3.52,0.0
20170419:2310,0.0,0.0,0.0,0.0,3.94,3.31,0.0
20170420:0010,0.0,0.0,0.0,0.0,3.2,3.03,0.0
20170420:0110,0.0,0.0,0.0,0.0,2.48,2.83,0.0
20170420:0210,0.0,0.0,0.0,0.0,1.83,2.69,0.0
20170420:0310,0.0,0.0,0.0,0.0,1.25,2.55,0.0
20170420:0410,0.0,0.0,0.0,0.0,0.71,2.41,0.0
20170420:0510,0.0,5.0,0.0,2.27,0.22,2.41,0.0
20170420:0610,101.0,65.0,0.0,12.04,0.83,2.07,0.0
20170420:0710,233.0,107.0,0.0,21.93,3.14,2.21,0.0
20170420:0810,395.0,123.0,0.0,31.55,5.2,2.28,0.0
20170420:0910,528.01,139.0,0.0,40.35,7.1,2.34,0.0
20170420:1010,639.01,143.0,0.0,47.55,8.36,2.97,0.0
20170420:1110,717.01,136.0,0.0,52.01,9.27,2.97,0.0
20170420:1210,680.01,163.0,0.0,52.65,10.08,2.9,0.0
20170420:1310,639.01,158.0,0.0,49.27,10.74,2.9,0.0
20170420:1410,563.01,142.0,0.0,42.78,11.18,2.83,0.0
20170420:1510,422.0,138.0,0.0,34.38,11.36,2.83,0.0
20170420:1610,281.0,114.0,0.0,24.94,11.28,2.83,0.0
20170420:1710,145.0,76.0,0.0,15.09,10.92,2.83,0.0
20170420:1810,15.0,27.25,0.0,5.25,10.07,2.21,0.0
20170420:1910,0.0,0.0,0.0,0.0,8.92,2.34,0.0
20170420:2010,0.0,0.0,0.0,0.0,7.5,2.48,0.0
20170420:2110,0.0,0.0,0.0,0.0,6.44,2.48,0.0
20170420:2210,0.0,0.0,0.0,0.0,5.59,2.41,0.0
20170420:2310,0.0,0.0,0.0,0.0,4.79,2.28,0.0
20170421:0010,0.0,0.0,0.0,0.0,3.9,2.07,0.0
20170421:0110,0.0,0.0,0.0,0.0,2.91,1.93,0.0
20170421:0210,0.0,0.0,0.0,0.0,2.06,1.79,0.0
20170421:0310,0.0,0.0,0.0,0.0,1.55,1.72,0.0
20170421:0410,0.0,0.0,0.0,0.0,1.22,1.66,0.0
20170421:0510,0.0,9.0,0.0,2.57,0.99,1.52,0.0
20170421:0610,106.0,64.0,0.0,12.33,2.55,0.9,0.0
20170421:0710,256.0,94.0,0.0,22.22,5.85,0.83,0.0
20170421:0810,400.0,119.0,0.0,31.84,8.77,0.83,0.0
20170421:0910,542.01,128.0,0.0,40.66,11.01,1.1,0.0
20170421:1010,645.01,135.0,0.0,47.88,12.26,1.24,0.0
20170421:1110,723.01,128.0,0.0,52.35,13.23,1.1,0.0
20170421:1210,741.01,123.0,0.0,52.98,14.05,0.83,0.0
20170421:1310,695.01,121.0,0.0,49.57,14.69,0.62,0.0
20170421:1410,577.01,130.0,0.0,43.05,15.13,0.62,0.0
20170421:1510,455.0,117.0,0.0,34.61,15.41,0.9,0.0
20170421:1610,291.0,106.0,0.0,25.16,15.38,1.17,0.0
20170421:1710,136.0,80.0,0.0,15.31,15.07,1.24,0.0
20170421:1810,18.0,27.53,0.0,5.47,14.34,1.1,0.0
20170421:1910,0.0,0.0,0.0,0.0,12.62,2.0,0.0
20170421:2010,0.0,0.0,0.0,0.0,10.51,2.07,0.0
20170421:2110,0.0,0.0,0.0,0.0,8.89,2.14,0.0
20170421:2210,0.0,0.0,0.0,0.0,8.02,2.28,0.0
20170421:2310,0.0,0.0,0.0,0.0,7.28,2.28,0.0
20170422:0010,0.0,0.0,0.0,0.0,6.76,2.28,0.0
20170422:0110,0.0,0.0,0.0,0.0,6.42,2.14,0.0
20170422:0210,0.0,0.0,0.0,0.0,5.89,2.07,0.0
20170422:0310,0.0,0.0,0.0,0.0,5.62,1.86,0.0
20170422:0410,0.0,0.0,0.0,0.0,5.11,1.79,0.0
20170422:0510,0.0,3.0,0.0,2.86,4.68,1.72,0.0
20170422:0610,12.0,86.0,0.0,12.61,5.94,1.17,0.0
20170422:0710,17.0,162.0,0.0,22.51,9.35,1.66,0.0
20170422:0810,15.0,225.0,0.0,32.14,11.64,2.07,0.0
20170422:0910,52.0,315.0,0.0,40.97,13.11,2.55,0.0
20170422:1010,195.0,361.0,0.0,48.21,13.88,3.03,0.0
20170422:1110,20.0,350.0,0.0,52.7,14.45,2.83,0.0
20170422:1210,0.0,166.0,0.0,53.31,14.72,2.76,0.0
20170422:1310,6.0,298.0,0.0,49.87,14.95,2.9,0.0
20170422:1410,0.0,132.0,0.0,43.31,14.8,3.1,0.0
20170422:1510,0.0,153.0,0.0,34.84,14.35,3.38,0.0
20170422:1610,0.0,97.0,0.0,25.38,13.73,3.72,0.0
20170422:1710,29.0,114.0,0.0,15.52,12.99,3.72,0.0
20170422:1810,1.0,25.81,0.0,5.69,12.13,3.17,0.0
20170422:1910,0.0,0.0,0.0,0.0,11.33,3.17,0.0
20170422:2010,0.0,0.0,0.0,0.0,10.32,3.38,0.0
20170422:2110,0.0,0.0,0.0,0.0,9.85,3.45,0.0
20170422:2210,0.0,0.0,0.0,0.0,9.32,3.31,0.0
20170422:2310,0.0,0.0,0.0,0.0,8.92,3.17,0.0
20170423:0010,0.0,0.0,0.0,0.0,8.09,3.03,0.0
20170423:0110,0.0,0.0,0.0,0.0,7.69,3.03,0.0
20170423:0210,0.0,0.0,0.0,0.0,6.86,2.83,0.0
20170423:0310,0.0,0.0,0.0,0.0,6.25,2.55,0.0
20170423:0410,0.0,0.0,0.0,0.0,5.2,2.28,0.0
20170423:0510,3.0,14.39,0.0,3.14,4.46,2.07,0.0
20170423:0610,112.0,66.0,0.0,12.89,4.9,1.72,0.0
20170423:0710,258.0,98.0,0.0,22.79,6.69,2.28,0.0
20170423:0810,403.0,122.0,0.0,32.43,8.48,2.69,0.0
20170423:0910,543.01,132.0,0.0,41.28,9.86,2.97,0.0
20170423:1010,635.01,145.0,0.0,48.53,10.99,2.9,0.0
20170423:1110,711.01,139.0,0.0,53.03,12.1,3.24,0.0
20170423:1210,688.01,156.0,0.0,53.64,12.53,3.45,0.0
20170423:1310,399.0,296.0,0.0,50.16,12.77,3.45,0.0
20170423:1410,360.0,259.0,0.0,43.57,12.91,3.38,0.0
20170423:1510,339.0,188.0,0.0,35.08,13.03,3.45,0.0
20170423:1610,301.0,105.0,0.0,25.6,12.75,3.45,0.0
20170423:1710,156.0,75.0,0.0,15.73,12.34,3.31,0.0
20170423:1810,27.0,33.0,0.0,5.9,11.71,2.69,0.0
20170423:1910,0.0,0.0,0.0,0.0,10.2,2.55,0.0
20170423:2010,0.0,0.0,0.0,0.0,8.87,2.62,0.0
20170423:2110,0.0,0.0,0.0,0.0,7.87,2.62,0.0
20170423:2210,0.0,0.0,0.0,0.0,7.01,2.55,0.0
20170423:2310,0.0,0.0,0.0,0.0,6.27,2.48,0.0
20170424:0010,0.0,0.0,0.0,0.0,5.59,2.34,0.0
20170424:0110,0.0,0.0,0.0,0.0,4.93,2.28,0.0
20170424:0210,0.0,0.0,0.0,0.0,4.25,2.14,0.0
20170424:0310,0.0,0.0,0.0,0.0,3.51,2.0,0.0
20170424:0410,0.0,0.0,0.0,0.0,2.74,1.93,0.0
20170424:0510,3.0,16.37,0.0,3.42,2.04,1.86,0.0
20170424:0610,119.0,66.0,0.0,13.17,3.2,1.24,0.0
20170424:0710,266.0,98.0,0.0,23.06,6.62,1.17,0.0
20170424:0810,401.0,126.0,0.0,32.71,8.94,1.1,0.0
20170424:0910,547.01,133.0,0.0,41.58,11.11,1.17,0.0
20170424:1010,629.01,151.0,0.0,48.85,12.82,1.52,0.0
20170424:1110,706.01,143.0,0.0,53.37,13.91,1.59,0.0
20170424:1210,703.01,149.0,0.0,53.97,14.71,1.59,0.0
20170424:1310,428.01,283.0,0.0,50.45,15.28,1.45,0.0
20170424:1410,474.01,198.0,0.0,43.82,15.67,1.17,0.0
20170424:1510,465.0,118.0,0.0,35.31,15.85,1.24,0.0
20170424:1610,300.0,108.0,0.0,25.81,15.72,1.93,0.0
20170424:1710,122.0,94.0,0.0,15.94,15.25,2.48,0.0
20170424:1810,29.0,34.0,0.0,6.12,14.09,2.28,0.0
20170424:1910,0.0,0.0,0.0,0.0,12.62,2.0,0.0
20170424:2010,0.0,0.0,0.0,0.0,11.52,2.28,0.0
20170424:2110,0.0,0.0,0.0,0.0,10.55,2.48,0.0
20170424:2210,0.0,0.0,0.0,0.0,9.53,2.48,0.0
20170424:2310,0.0,0.0,0.0,0.0,8.81,2.41,0.0
20170425:0010,0.0,0.0,0.0,0.0,8.2,2.28,0.0
20170425:0110,0.0,0.0,0.0,0.0,7.63,2.34,0.0
20170425:0210,0.0,0.0,0.0,0.0,7.33,2.34,0.0
20170425:0310,0.0,0.0,0.0,0.0,7.61,2.48,0.0
20170425:0410,0.0,0.0,0.0,0.0,7.88,2.9,0.0
20170425:0510,0.0,3.0,0.0,3.7,7.82,3.86,0.0
20170425:0610,0.0,33.0,0.0,13.44,7.24,4.48,0.0
20170425:0710,0.0,32.0,0.0,23.34,5.99,4.14,0.0
20170425:0810,0.0,88.0,0.0,32.99,5.65,3.86,0.0
20170425:0910,0.0,156.0,0.0,41.87,5.93,3.59,0.0
20170425:1010,0.0,160.0,0.0,49.17,7.52,3.52,0.0
20170425:1110,2.0,289.0,0.0,53.7,8.43,3.31,0.0
20170425:1210,0.0,0.0,0.0,0.0,9.07,3.31,0.0
20170425:1310,0.0,0.0,0.0,0.0,9.39,3.24,0.0
20170425:1410,77.0,346.0,0.0,44.08,9.57,3.17,0.0
20170425:1510,60.0,281.0,0.0,35.53,9.83,3.03,0.0
20170425:1610,0.0,123.0,0.0,26.03,9.96,2.83,0.0
20170425:1710,8.0,106.0,0.0,16.15,9.78,2.55,0.0
20170425:1810,0.0,17.0,0.0,6.34,9.26,2.14,0.0
20170425:1910,0.0,0.0,0.0,0.0,8.33,3.1,0.0
20170425:2010,0.0,0.0,0.0,0.0,7.26,3.79,0.0
20170425:2110,0.0,0.0,0.0,0.0,6.59,4.07,0.0
20170425:2210,0.0,0.0,0.0,0.0,5.92,3.59,0.0
20170425:2310,0.0,0.0,0.0,0.0,5.2,3.1,0.0
20170426:0010,0.0,0.0,0.0,0.0,4.26,2.9,0.0
20170426:0110,0.0,0.0,0.0,0.0,3.53,2.83,0.0
20170426:0210,0.0,0.0,0.0,0.0,2.97,2.69,0.0
20170426:0310,0.0,0.0,0.0,0.0,2.46,2.55,0.0
20170426:0410,0.0,0.0,0.0,0.0,1.96,2.55,0.0
20170426:0510,6.0,20.59,0.0,3.98,1.53,2.55,0.0
20170426:0610,141.0,63.0,0.0,13.71,2.4,2.21,0.0
20170426:0710,287.0,94.0,0.0,23.61,4.21,2.83,0.0
20170426:0810,392.0,140.0,0.0,33.27,5.93,2.97,0.0
20170426:0910,75.0,336.0,0.0,42.17,7.4,3.17,0.0
20170426:1010,89.0,386.0,0.0,49.48,8.37,3.38,0.0
20170426:1110,287.0,379.0,0.0,54.02,9.42,3.45,0.0
20170426:1210,0.0,195.0,0.0,54.6,10.22,3.45,0.0
20170426:1310,358.0,326.0,0.0,51.03,10.6,3.52,0.0
20170426:1410,70.0,348.0,0.0,44.33,10.82,3.93,0.0
20170426:1510,261.0,237.0,0.0,35.76,10.26,4.28,0.0
20170426:1610,61.0,210.0,0.0,26.24,8.66,4.48,0.0
20170426:1710,0.0,64.0,0.0,16.36,7.82,4.83,0.0
20170426:1810,9.0,41.0,0.0,6.55,6.92,3.45,0.0
20170426:1910,0.0,0.0,0.0,0.0,6.44,3.31,0.0
20170426:2010,0.0,0.0,0.0,0.0,5.82,3.03,0.0
20170426:2110,0.0,0.0,0.0,0.0,5.21,2.76,0.0
20170426:2210,0.0,0.0,0.0,0.0,4.43,2.62,0.0
20170426:2310,0.0,0.0,0.0,0.0,3.79,2.69,0.0
20170427:0010,0.0,0.0,0.0,0.0,3.3,2.69,0.0
20170427:0110,0.0,0.0,0.0,0.0,2.74,2.62,0.0
20170427:0210,0.0,0.0,0.0,0.0,2.3,2.62,0.0
20170427:0310,0.0,0.0,0.0,0.0,1.83,2.69,0.0
20170427:0410,0.0,0.0,0.0,0.0,1.47,2.69,0.0
20170427:0510,9.0,21.84,0.0,4.24,1.22,2.55,0.0
20170427:0610,143.0,64.0,0.0,13.97,2.21,2.28,0.0
20170427:0710,308.0,86.0,0.0,23.87,4.39,2.9,0.0
20170427:0810,436.0,117.0,0.0,33.54,6.3,3.1,0.0
20170427:0910,197.0,322.0,0.0,42.45,7.77,3.66,0.0
20170427:1010,116.0,390.0,0.0,49.79,8.47,3.59,0.0
20170427:1110,569.01,237.0,0.0,54.35,9.59,3.45,0.0
20170427:1210,114.0,421.0,0.0,54.92,10.39,3.38,0.0
20170427:1310,295.0,355.0,0.0,51.31,10.73,3.52,0.0
20170427:1410,119.0,354.0,0.0,44.57,11.03,3.79,0.0
20170427:1510,158.0,279.0,0.0,35.98,11.05,4.0,0.0
20170427:1610,308.0,112.0,0.0,26.45,10.4,4.14,0.0
20170427:1710,55.0,125.0,0.0,16.57,9.93,4.28,0.0
20170427:1810,14.0,43.0,0.0,6.76,9.3,3.31,0.0
20170427:1910,0.0,0.0,0.0,0.0,7.75,2.83,0.0
20170427:2010,0.0,0.0,0.0,0.0,6.46,2.69,0.0
20170427:2110,0.0,0.0,0.0,0.0,5.46,2.55,0.0
20170427:2210,0.0,0.0,0.0,0.0,4.69,2.41,0.0
20170427:2310,0.0,0.0,0.0,0.0,4.01,2.21,0.0
20170428:0010,0.0,0.0,0.0,0.0,3.46,2.07,0.0
20170428:0110,0.0,0.0,0.0,0.0,3.17,2.0,0.0
20170428:0210,0.0,0.0,0.0,0.0,3.46,2.07,0.0
20170428:0310,0.0,0.0,0.0,0.0,3.71,2.28,0.0
20170428:0410,0.0,0.0,0.0,0.0,3.87,2.62,0.0
20170428:0510,1.0,17.83,0.0,4.51,3.63,2.48,0.0
20170428:0610,0.0,51.0,0.0,14.23,4.33,2.28,0.0
20170428:0710,7.0,157.0,0.0,24.13,6.51,2.83,0.0
20170428:0810,21.0,245.0,0.0,33.81,7.76,3.03,0.0
20170428:0910,94.0,337.0,0.0,42.73,8.81,2.62,0.0
20170428:1010,0.0,243.0,0.0,50.09,9.49,2.34,0.0
20170428:1110,0.0,243.0,0.0,54.66,10.72,1.86,0.0
20170428:1210,645.01,191.0,0.0,55.23,11.76,1.79,0.0
20170428:1310,500.01,248.0,0.0,51.59,12.65,2.0,0.0
20170428:1410,0.0,64.0,0.0,44.82,13.25,2.21,0.0
20170428:1510,0.0,128.0,0.0,36.2,13.28,2.21,0.0
20170428:1610,152.0,190.0,0.0,26.66,13.1,2.21,0.0
20170428:1710,118.0,104.0,0.0,16.77,12.41,2.48,0.0
20170428:1810,7.0,42.0,0.0,6.97,11.31,2.14,0.0
20170428:1910,0.0,0.0,0.0,0.0,10.01,1.79,0.0
20170428:2010,0.0,0.0,0.0,0.0,9.03,1.45,0.0
20170428:2110,0.0,0.0,0.0,0.0,7.83,1.1,0.0
20170428:2210,0.0,0.0,0.0,0.0,6.89,1.1,0.0
20170428:2310,0.0,0.0,0.0,0.0,5.78,1.31,0.0
20170429:0010,0.0,0.0,0.0,0.0,4.89,1.38,0.0
20170429:0110,0.0,0.0,0.0,0.0,4.15,1.38,0.0
20170429:0210,0.0,0.0,0.0,0.0,3.27,1.66,0.0
20170429:0310,0.0,0.0,0.0,0.0,2.82,1.86,0.0
20170429:0410,0.0,0.0,0.0,0.0,2.47,2.14,0.0
20170429:0510,6.0,25.55,0.0,4.77,2.55,2.07,0.0
20170429:0610,115.0,82.0,0.0,14.48,4.23,1.66,0.0
20170429:0710,288.0,99.0,0.0,24.38,7.96,1.59,0.0
20170429:0810,436.0,119.0,0.0,34.07,10.14,1.66,0.0
20170429:0910,571.01,130.0,0.0,43.01,12.22,1.93,0.0
20170429:1010,481.01,251.0,0.0,50.39,13.42,2.07,0.0
20170429:1110,237.0,397.0,0.0,54.98,14.16,2.07,0.0
20170429:1210,97.0,419.0,0.0,55.53,14.91,2.14,0.0
20170429:1310,382.0,315.0,0.0,51.87,15.26,2.41,0.0
20170429:1410,169.0,346.0,0.0,45.06,15.05,2.76,0.0
20170429:1510,238.0,249.0,0.0,36.42,14.96,3.1,0.0
20170429:1610,102.0,208.0,0.0,26.86,15.11,3.52,0.0
20170429:1710,55.0,127.0,0.0,16.98,14.73,3.52,0.0
20170429:1810,48.0,37.0,0.0,7.18,13.7,3.66,0.0
20170429:1910,0.0,0.0,0.0,0.0,12.38,3.52,0.0
20170429:2010,0.0,0.0,0.0,0.0,11.0,3.72,0.0
20170429:2110,0.0,0.0,0.0,0.0,10.2,3.79,0.0
20170429:2210,0.0,0.0,0.0,0.0,9.56,3.79,0.0
20170429:2310,0.0,0.0,0.0,0.0,9.02,3.59,0.0
20170430:0010,0.0,0.0,0.0,0.0,8.54,3.52,0.0
20170430:0110,0.0,0.0,0.0,0.0,8.07,3.59,0.0
20170430:0210,0.0,0.0,0.0,0.0,7.82,3.52,0.0
20170430:0310,0.0,0.0,0.0,0.0,7.51,3.45,0.0
20170430:0410,0.0,0.0,0.0,0.0,7.17,3.38,0.0
20170430:0510,22.0,21.97,0.0,5.03,7.01,3.38,0.0
20170430:0610,0.0,71.0,0.0,14.73,7.89,3.31,0.0
20170430:0710,265.0,111.0,0.0,24.63,10.59,3.86,0.0
20170430:0810,433.0,120.0,0.0,34.32,12.5,4.9,0.0
20170430:0910,522.01,157.0,0.0,43.28,14.06,5.24,0.0
20170430:1010,507.01,233.0,0.0,50.68,15.27,5.38,0.0
20170430:1110,595.01,218.0,0.0,55.29,16.32,5.38,0.0
20170430:1210,0.0,90.0,0.0,55.84,17.19,5.59,0.0
20170430:1310,0.0,138.0,0.0,52.14,17.53,5.45,0.0
20170430:1410,9.0,284.0,0.0,45.3,17.64,4.76,0.0
20170430:1510,0.0,113.0,0.0,36.64,17.81,3.79,0.0
20170430:1610,0.0,81.0,0.0,27.07,16.42,5.59,0.0
20170430:1710,0.0,30.0,0.0,17.18,14.02,5.38,0.0
20170430:1810,0.0,11.0,0.0,7.39,11.74,6.0,0.0
20170430:1910,0.0,0.0,0.0,0.0,9.99,5.38,0.0
20170430:2010,0.0,0.0,0.0,0.0,8.85,4.9,0.0
20170430:2110,0.0,0.0,0.0,0.0,8.23,5.03,0.0
20170430:2210,0.0,0.0,0.0,0.0,8.1,5.59,0.0
20170430:2310,0.0,0.0,0.0,0.0,8.09,5.66,0.0
20170501:0010,0.0,0.0,0.0,0.0,7.95,5.72,0.0
20170501:0110,0.0,0.0,0.0,0.0,7.78,5.79,0.0
20170501:0210,0.0,0.0,0.0,0.0,7.54,5.86,0.0
20170501:0310,0.0,0.0,0.0,0.0,7.41,6.07,0.0
20170501:0410,0.0,0.0,0.0,0.0,7.31,6.14,0.0
20170501:0510,0.0,8.0,0.0,5.28,7.34,5.66,0.0
20170501:0610,26.0,111.0,0.0,14.98,7.74,4.69,0.0
20170501:0710,169.0,166.0,0.0,24.88,8.39,6.83,0.0
20170501:0810,236.0,233.0,0.0,34.58,9.55,7.38,0.0
20170501:0910,352.0,260.0,0.0,43.55,10.73,7.1,0.0
20170501:1010,330.0,332.0,0.0,50.97,12.02,7.1,0.0
20170501:1110,192.0,413.0,0.0,55.59,12.84,6.69,0.0
20170501:1210,369.0,351.0,0.0,56.13,13.41,6.28,0.0
20170501:1310,363.0,328.0,0.0,52.41,13.85,6.07,0.0
20170501:1410,217.0,335.0,0.0,45.54,13.85,5.86,0.0
20170501:1510,278.0,234.0,0.0,36.85,14.01,5.31,0.0
20170501:1610,255.0,147.0,0.0,27.27,14.03,5.45,0.0
20170501:1710,56.0,130.0,0.0,17.38,13.34,4.97,0.0
20170501:1810,44.0,43.0,0.0,7.6,12.35,4.34,0.0
20170501:1910,0.0,0.0,0.0,0.0,11.52,3.52,0.0
20170501:2010,0.0,0.0,0.0,0.0,10.5,3.38,0.0
20170501:2110,0.0,0.0,0.0,0.0,9.6,3.17,0.0
20170501:2210,0.0,0.0,0.0,0.0,8.96,3.03,0.0
20170501:2310,0.0,0.0,0.0,0.0,8.59,2.69,0.0
20170502:0010,0.0,0.0,0.0,0.0,8.39,2.34,0.0
20170502:0110,0.0,0.0,0.0,0.0,8.21,2.07,0.0
20170502:0210,0.0,0.0,0.0,0.0,8.22,1.72,0.0
20170502:0310,0.0,0.0,0.0,0.0,8.15,1.59,0.0
20170502:0410,0.0,0.0,0.0,0.0,8.03,1.59,0.0
20170502:0510,0.0,17.0,0.0,5.52,7.84,1.59,0.0
20170502:0610,38.0,113.0,0.0,15.22,8.28,1.59,0.0
20170502:0710,110.0,189.0,0.0,25.12,9.34,1.24,0.0
20170502:0810,346.0,177.0,0.0,34.82,11.03,2.0,0.0
20170502:0910,248.0,309.0,0.0,43.81,12.08,2.9,0.0
20170502:1010,128.0,394.0,0.0,51.25,13.02,2.48,0.0
20170502:1110,112.0,420.0,0.0,55.89,13.75,1.86,0.0
20170502:1210,231.0,406.0,0.0,56.43,14.26,1.93,0.0
20170502:1310,11.0,328.0,0.0,52.67,14.77,2.41,0.0
20170502:1410,43.0,340.0,0.0,45.77,15.16,2.62,0.0
20170502:1510,0.0,87.0,0.0,37.06,15.51,2.83,0.0
20170502:1610,78.0,216.0,0.0,27.47,15.31,2.69,0.0
20170502:1710,0.0,50.0,0.0,17.58,14.87,2.48,0.0
20170502:1810,0.0,12.0,0.0,7.8,14.03,1.93,0.0
20170502:1910,0.0,0.0,0.0,0.0,12.79,3.17,0.0
20170502:2010,0.0,0.0,0.0,0.0,11.77,3.17,0.0
20170502:2110,0.0,0.0,0.0,0.0,11.04,2.62,0.0
20170502:2210,0.0,0.0,0.0,0.0,10.31,2.14,0.0
20170502:2310,0.0,0.0,0.0,0.0,9.7,2.07,0.0
20170503:0010,0.0,0.0,0.0,0.0,9.11,2.14,0.0
20170503:0110,0.0,0.0,0.0,0.0,8.78,2.0,0.0
20170503:0210,0.0,0.0,0.0,0.0,8.05,1.79,0.0
20170503:0310,0.0,0.0,0.0,0.0,7.57,1.66,0.0
20170503:0410,0.0,0.0,0.0,0.0,7.12,1.72,0.0
20170503:0510,1.0,24.0,0.0,5.76,7.35,1.66,0.0
20170503:0610,0.0,30.0,0.0,15.45,8.0,1.38,0.0
20170503:0710,0.0,67.0,0.0,25.35,9.51,1.93,0.0
20170503:0810,0.0,106.0,0.0,35.07,10.06,1.93,0.0
20170503:0910,0.0,210.0,0.0,44.07,10.4,1.86,0.0
20170503:1010,1.0,262.0,0.0,51.53,10.85,1.66,0.0
20170503:1110,28.0,375.0,0.0,56.19,11.63,1.38,0.0
20170503:1210,45.0,397.0,0.0,56.72,12.42,0.76,0.0
20170503:1310,0.0,103.0,0.0,52.93,12.11,1.1,0.0
20170503:1410,0.0,91.0,0.0,46.0,12.49,1.38,0.0
20170503:1510,61.0,290.0,0.0,37.27,12.01,2.0,0.0
20170503:1610,0.0,110.0,0.0,27.67,11.96,2.0,0.0
20170503:1710,0.0,33.0,0.0,17.78,11.62,2.14,0.0
20170503:1810,2.0,42.0,0.0,8.0,11.28,1.59,0.0
20170503:1910,0.0,0.0,0.0,0.0,9.88,1.72,0.0
20170503:2010,0.0,0.0,0.0,0.0,9.36,1.93,0.0
20170503:2110,0.0,0.0,0.0,0.0,8.94,1.86,0.0
20170503:2210,0.0,0.0,0.0,0.0,8.38,1.79,0.0
20170503:2310,0.0,0.0,0.0,0.0,7.84,2.0,0.0
20170504:0010,0.0,0.0,0.0,0.0,7.58,1.86,0.0
20170504:0110,0.0,0.0,0.0,0.0,7.18,1.86,0.0
20170504:0210,0.0,0.0,0.0,0.0,6.34,1.93,0.0
20170504:0310,0.0,0.0,0.0,0.0,5.87,1.79,0.0
20170504:0410,0.0,0.0,0.0,0.0,5.45,1.79,0.0
20170504:0510,1.0,30.0,0.0,6.0,5.15,1.66,0.0
20170504:0610,4.0,94.0,0.0,15.68,6.63,1.38,0.0
20170504:0710,0.0,129.0,0.0,25.58,8.41,2.21,0.0
20170504:0810,10.0,233.0,0.0,35.3,9.92,2.28,0.0
20170504:0910,7.0,271.0,0.0,44.32,11.43,2.41,0.0
20170504:1010,37.0,367.0,0.0,51.81,13.24,2.55,0.0
20170504:1110,159.0,420.0,0.0,56.48,14.31,2.55,0.0
20170504:1210,452.01,310.0,0.0,57.01,15.1,2.41,0.0
20170504:1310,380.0,320.0,0.0,53.19,15.59,2.41,0.0
20170504:1410,0.0,95.0,0.0,46.23,15.82,2.55,0.0
20170504:1510,158.0,284.0,0.0,37.48,15.9,2.34,0.0
20170504:1610,232.0,163.0,0.0,27.86,15.78,2.14,0.0
20170504:1710,0.0,53.0,0.0,17.97,14.93,2.34,0.0
20170504:1810,5.0,48.0,0.0,8.21,13.98,2.21,0.0
20170504:1910,0.0,0.0,0.0,0.0,12.61,2.14,0.0
20170504:2010,0.0,0.0,0.0,0.0,11.59,2.21,0.0
20170504:2110,0.0,0.0,0.0,0.0,10.65,2.34,0.0
20170504:2210,0.0,0.0,0.0,0.0,10.0,2.48,0.0
20170504:2310,0.0,0.0,0.0,0.0,9.55,2.55,0.0
20170505:0010,0.0,0.0,0.0,0.0,8.99,2.28,0.0
20170505:0110,0.0,0.0,0.0,0.0,8.34,2.28,0.0
20170505:0210,0.0,0.0,0.0,0.0,7.84,2.48,0.0
20170505:0310,0.0,0.0,0.0,0.0,7.41,2.48,0.0
20170505:0410,0.0,0.0,0.0,0.0,6.99,2.34,0.0
20170505:0510,3.0,35.0,0.0,6.23,6.95,2.41,0.0
20170505:0610,17.0,114.0,0.0,15.91,8.16,3.66,0.0
20170505:0710,205.0,157.0,0.0,25.81,9.32,3.86,0.0
20170505:0810,26.0,261.0,0.0,35.53,10.74,3.86,0.0
20170505:0910,27.0,318.0,0.0,44.57,12.38,3.86,0.0
20170505:1010,9.0,318.0,0.0,52.07,13.91,4.14,0.0
20170505:1110,51.0,405.0,0.0,56.77,15.55,4.48,0.0
20170505:1210,72.0,419.0,0.0,57.29,16.6,4.34,0.0
20170505:1310,449.0,290.0,0.0,53.45,17.19,4.07,0.0
20170505:1410,366.0,276.0,0.0,46.46,17.86,4.0,0.0
20170505:1510,194.0,276.0,0.0,37.68,17.76,3.79,0.0
20170505:1610,179.0,192.0,0.0,28.06,18.04,3.93,0.0
20170505:1710,152.0,101.0,0.0,18.16,17.77,3.72,0.0
20170505:1810,35.0,53.0,0.0,8.41,16.66,3.31,0.0
20170505:1910,0.0,0.0,0.0,0.0,14.77,3.86,0.0
20170505:2010,0.0,0.0,0.0,0.0,13.62,4.07,0.0
20170505:2110,0.0,0.0,0.0,0.0,12.84,4.0,0.0
20170505:2210,0.0,0.0,0.0,0.0,12.25,3.79,0.0
20170505:2310,0.0,0.0,0.0,0.0,11.88,3.72,0.0
20170506:0010,0.0,0.0,0.0,0.0,11.64,3.79,0.0
20170506:0110,0.0,0.0,0.0,0.0,11.14,3.79,0.0
20170506:0210,0.0,0.0,0.0,0.0,10.72,3.59,0.0
20170506:0310,0.0,0.0,0.0,0.0,10.49,3.52,0.0
20170506:0410,0.0,0.0,0.0,0.0,10.23,3.24,0.0
20170506:0510,0.0,6.0,0.0,6.46,9.97,3.03,0.0
20170506:0610,0.0,20.0,0.0,16.13,10.1,2.62,0.0
20170506:0710,0.0,51.0,0.0,26.02,12.06,2.0,0.0
20170506:0810,0.0,73.0,0.0,35.76,12.48,1.93,0.0
20170506:0910,0.0,85.0,0.0,44.81,12.73,2.69,0.0
20170506:1010,0.0,131.0,0.0,52.34,12.89,3.72,0.0
20170506:1110,0.0,153.0,0.0,57.05,13.24,3.24,0.0
20170506:1210,0.0,109.0,0.0,57.57,13.84,3.59,0.0
20170506:1310,0.0,146.0,0.0,53.7,14.18,4.07,0.0
20170506:1410,0.0,111.0,0.0,46.68,14.58,4.62,0.0
20170506:1510,0.0,117.0,0.0,37.88,14.58,4.41,0.0
20170506:1610,0.0,137.0,0.0,28.25,14.68,4.62,0.0
20170506:1710,1.0,89.0,0.0,18.36,14.44,4.21,0.0
20170506:1810,0.0,23.0,0.0,8.6,13.98,3.79,0.0
20170506:1910,0.0,0.0,0.0,0.0,12.43,2.97,0.0
20170506:2010,0.0,0.0,0.0,0.0,12.14,2.97,0.0
20170506:2110,0.0,0.0,0.0,0.0,11.9,3.24,0.0
20170506:2210,0.0,0.0,0.0,0.0,11.66,3.59,0.0
20170506:2310,0.0,0.0,0.0,0.0,11.36,3.93,0.0
20170507:0010,0.0,0.0,0.0,0.0,11.01,4.14,0.0
20170507:0110,0.0,0.0,0.0,0.0,10.68,4.21,0.0
20170507:0210,0.0,0.0,0.0,0.0,10.38,4.28,0.0
20170507:0310,0.0,0.0,0.0,0.0,9.97,4.21,0.0
20170507:0410,0.0,0.0,0.0,0.0,9.79,4.21,0.0
20170507:0510,1.0,33.0,0.0,6.68,9.72,4.21,0.0
20170507:0610,0.0,56.0,0.0,16.34,9.8,4.21,0.0
20170507:0710,1.0,132.0,0.0,26.24,9.95,4.14,0.0
20170507:0810,1.0,187.0,0.0,35.98,10.11,4.07,0.0
20170507:0910,14.0,294.0,0.0,45.04,10.36,3.45,0.0
20170507:1010,0.0,113.0,0.0,52.59,11.35,4.48,0.0
20170507:1110,0.0,125.0,0.0,57.32,12.06,4.0,0.0
20170507:1210,0.0,120.0,0.0,57.84,12.7,3.52,0.0
20170507:1310,0.0,182.0,0.0,53.95,13.18,3.24,0.0
20170507:1410,1.0,231.0,0.0,46.9,14.0,3.45,0.0
20170507:1510,0.0,144.0,0.0,38.08,14.77,3.24,0.0
20170507:1610,7.0,182.0,0.0,28.44,14.82,3.38,0.0
20170507:1710,73.0,134.0,0.0,18.54,14.28,3.24,0.0
20170507:1810,0.0,26.0,0.0,8.8,13.51,3.45,0.0
20170507:1910,0.0,0.0,0.0,0.0,12.1,3.17,0.0
20170507:2010,0.0,0.0,0.0,0.0,11.37,3.1,0.0
20170507:2110,0.0,0.0,0.0,0.0,10.8,2.83,0.0
20170507:2210,0.0,0.0,0.0,0.0,10.3,2.69,0.0
20170507:2310,0.0,0.0,0.0,0.0,9.83,2.48,0.0
20170508:0010,0.0,0.0,0.0,0.0,9.26,2.55,0.0
20170508:0110,0.0,0.0,0.0,0.0,8.58,2.55,0.0
20170508:0210,0.0,0.0,0.0,0.0,8.2,2.34,0.0
20170508:0310,0.0,0.0,0.0,0.0,7.59,2.14,0.0
20170508:0410,0.0,0.0,0.0,0.0,7.49,1.72,0.0
20170508:0510,0.0,21.0,0.0,6.9,7.73,1.24,0.0
20170508:0610,0.0,62.0,0.0,16.55,8.45,1.31,0.0
20170508:0710,0.0,86.0,0.0,26.45,9.57,3.52,0.0
20170508:0810,0.0,121.0,0.0,36.19,10.4,4.07,0.0
20170508:0910,1.0,235.0,0.0,45.27,11.17,3.93,0.0
20170508:1010,131.0,402.0,0.0,52.85,11.67,4.0,0.0
20170508:1110,196.0,421.0,0.0,57.59,11.88,4.0,0.0
20170508:1210,19.0,369.0,0.0,58.11,12.15,3.93,0.0
20170508:1310,0.0,234.0,0.0,54.19,12.53,4.07,0.0
20170508:1410,6.0,281.0,0.0,47.11,12.55,4.21,0.0
20170508:1510,0.0,99.0,0.0,38.28,12.49,4.21,0.0
20170508:1610,0.0,130.0,0.0,28.63,12.18,4.07,0.0
20170508:1710,0.0,72.0,0.0,18.73,11.85,2.9,0.0
20170508:1810,0.0,35.0,0.0,8.99,11.6,2.62,0.0
20170508:1910,0.0,0.0,0.0,0.0,10.81,3.31,0.0
20170508:2010,0.0,0.0,0.0,0.0,10.68,3.45,0.0
20170508:2110,0.0,0.0,0.0,0.0,10.58,3.59,0.0
20170508:2210,0.0,0.0,0.0,0.0,10.44,3.66,0.0
20170508:2310,0.0,0.0,0.0,0.0,10.07,3.72,0.0
20170509:0010,0.0,0.0,0.0,0.0,9.23,3.72,0.0
20170509:0110,0.0,0.0,0.0,0.0,8.58,3.72,0.0
20170509:0210,0.0,0.0,0.0,0.0,7.89,3.59,0.0
20170509:0310,0.0,0.0,0.0,0.0,7.0,3.52,0.0
20170509:0410,0.0,0.0,0.0,0.0,6.27,3.38,0.0
20170509:0510,19.0,46.0,0.0,7.11,5.91,3.31,0.0
20170509:0610,121.0,103.0,0.0,16.76,6.61,3.38,0.0
20170509:0710,274.0,132.0,0.0,26.65,7.83,3.72,0.0
20170509:0810,461.0,129.0,0.0,36.4,9.42,3.72,0.0
20170509:0910,564.0,157.0,0.0,45.5,11.18,3.86,0.0
20170509:1010,451.0,289.0,0.0,53.09,12.6,4.14,0.0
20170509:1110,709.01,173.0,0.0,57.86,13.48,4.07,0.0
20170509:1210,750.01,152.0,0.0,58.37,14.2,3.93,0.0
20170509:1310,715.01,144.0,0.0,54.43,14.74,3.79,0.0
20170509:1410,642.01,129.0,0.0,47.33,15.15,3.72,0.0
20170509:1510,518.0,118.0,0.0,38.47,15.33,3.72,0.0
20170509:1610,333.0,121.0,0.0,28.81,15.16,3.66,0.0
20170509:1710,177.0,97.0,0.0,18.92,14.8,3.66,0.0
20170509:1810,44.0,58.0,0.0,9.18,14.03,2.97,0.0
20170509:1910,0.0,0.0,0.0,0.0,12.76,2.83,0.0
20170509:2010,0.0,0.0,0.0,0.0,11.29,2.97,0.0
20170509:2110,0.0,0.0,0.0,0.0,10.3,3.03,0.0
20170509:2210,0.0,0.0,0.0,0.0,9.48,2.97,0.0
20170509:2310,0.0,0.0,0.0,0.0,8.71,2.9,0.0
20170510:0010,0.0,0.0,0.0,0.0,8.01,2.83,0.0
20170510:0110,0.0,0.0,0.0,0.0,7.35,2.83,0.0
20170510:0210,0.0,0.0,0.0,0.0,6.76,2.76,0.0
20170510:0310,0.0,0.0,0.0,0.0,6.19,2.55,0.0
20170510:0410,0.0,0.0,0.0,0.0,5.63,2.28,0.0
20170510:0510,32.0,46.0,0.0,7.31,5.34,2.14,0.0
20170510:0610,156.0,89.0,0.0,16.96,7.05,2.14,0.0
20170510:0710,317.0,110.0,0.0,26.85,9.84,2.76,0.0
20170510:0810,473.0,126.0,0.0,36.61,12.26,2.9,0.0
20170510:0910,570.0,157.0,0.0,45.71,14.44,3.17,0.0
20170510:1010,687.01,153.0,0.0,53.33,16.26,3.72,0.0
20170510:1110,741.01,157.0,0.0,58.12,17.63,4.07,0.0
20170510:1210,734.01,164.0,0.0,58.63,18.71,4.14,0.0
20170510:1310,712.01,149.0,0.0,54.67,19.44,4.07,0.0
20170510:1410,592.01,160.0,0.0,47.54,19.93,4.0,0.0
20170510:1510,517.0,121.0,0.0,38.67,20.16,3.93,0.0
20170510:1610,75.0,231.0,0.0,29.0,20.14,3.79,0.0
20170510:1710,65.0,145.0,0.0,19.1,19.83,3.17,0.0
20170510:1810,15.0,64.0,0.0,9.37,18.78,2.55,0.0
20170510:1910,0.0,0.0,0.0,0.0,17.28,2.21,0.0
20170510:2010,0.0,0.0,0.0,0.0,15.29,2.41,0.0
20170510:2110,0.0,0.0,0.0,0.0,14.11,2.21,0.0
20170510:2210,0.0,0.0,0.0,0.0,13.26,2.0,0.0
20170510:2310,0.0,0.0,0.0,0.0,12.73,2.34,0.0
20170511:0010,0.0,0.0,0.0,0.0,12.46,2.55,0.0
20170511:0110,0.0,0.0,0.0,0.0,12.62,2.34,0.0
20170511:0210,0.0,0.0,0.0,0.0,12.0,2.28,0.0
20170511:0310,0.0,0.0,0.0,0.0,11.14,2.28,0.0
20170511:0410,0.0,0.0,0.0,0.0,10.48,2.34,0.0
20170511:0510,35.0,44.0,0.0,7.51,10.44,2.34,0.0
20170511:0610,25.0,124.0,0.0,17.15,11.96,2.21,0.0
20170511:0710,0.0,0.0,0.0,0.0,14.54,2.41,0.0
20170511:0810,241.0,242.0,0.0,36.81,16.79,2.9,0.0
20170511:0910,152.0,346.0,0.0,45.93,18.31,3.52,0.0
20170511:1010,8.0,315.0,0.0,53.57,19.13,3.66,0.0
20170511:1110,15.0,357.0,0.0,58.38,19.6,4.41,0.0
20170511:1210,130.0,427.0,0.0,58.89,19.32,5.38,0.0
20170511:1310,0.0,0.0,0.0,0.0,17.88,5.17,0.0
20170511:1410,0.0,119.0,0.0,47.74,17.24,4.21,0.0
20170511:1510,0.0,110.0,0.0,38.86,17.91,4.07,0.0
20170511:1610,0.0,122.0,0.0,29.18,18.03,4.28,0.0
20170511:1710,0.0,40.0,0.0,19.28,17.13,3.72,0.0
20170511:1810,0.0,22.0,0.0,9.56,15.93,3.38,0.0
20170511:1910,0.0,0.0,0.0,0.0,14.86,2.0,0.0
20170511:2010,0.0,0.0,0.0,0.0,14.43,2.07,0.0
20170511:2110,0.0,0.0,0.0,0.0,13.84,2.48,0.0
20170511:2210,0.0,0.0,0.0,0.0,13.6,3.1,0.0
20170511:2310,0.0,0.0,0.0,0.0,13.29,3.17,0.0
20170512:0010,0.0,0.0,0.0,0.0,13.06,3.17,0.0
20170512:0110,0.0,0.0,0.0,0.0,12.78,3.24,0.0
20170512:0210,0.0,0.0,0.0,0.0,12.43,3.17,0.0
20170512:0310,0.0,0.0,0.0,0.0,11.94,3.03,0.0
20170512:0410,0.0,0.0,0.0,0.0,11.38,2.9,0.0
20170512:0510,0.0,26.0,0.0,7.71,11.3,2.62,0.0
20170512:0610,79.0,121.0,0.0,17.34,12.27,2.48,0.0
20170512:0710,260.0,137.0,0.0,27.23,13.76,2.9,0.0
20170512:0810,385.0,168.0,0.0,37.0,15.52,3.38,0.0
20170512:0910,286.0,303.0,0.0,46.13,16.91,4.28,0.0
20170512:1010,108.0,401.0,0.0,53.79,17.85,4.48,0.0
20170512:1110,56.0,409.0,0.0,58.63,18.58,4.48,0.0
20170512:1210,678.01,183.0,0.0,59.14,19.49,4.97,0.0
20170512:1310,383.0,324.0,0.0,55.13,19.44,4.69,0.0
20170512:1410,1.0,239.0,0.0,47.95,19.58,4.55,0.0
20170512:1510,260.0,253.0,0.0,39.04,19.74,4.48,0.0
20170512:1610,0.0,43.0,0.0,29.36,19.82,4.34,0.0
20170512:1710,0.0,28.0,0.0,19.46,16.95,4.69,0.0
20170512:1810,0.0,19.0,0.0,9.75,15.53,3.31,0.0
20170512:1910,0.0,0.0,0.0,0.0,15.09,2.41,0.0
20170512:2010,0.0,0.0,0.0,0.0,14.26,2.55,0.0
20170512:2110,0.0,0.0,0.0,0.0,13.72,2.9,0.0
20170512:2210,0.0,0.0,0.0,0.0,13.25,3.24,0.0
20170512:2310,0.0,0.0,0.0,0.0,12.86,3.31,0.0
20170513:0010,0.0,0.0,0.0,0.0,12.64,3.17,0.0
20170513:0110,0.0,0.0,0.0,0.0,12.34,2.9,0.0
20170513:0210,0.0,0.0,0.0,0.0,11.82,2.62,0.0
20170513:0310,0.0,0.0,0.0,0.0,11.25,2.62,0.0
20170513:0410,0.0,0.0,0.0,0.0,10.8,2.69,0.0
20170513:0510,19.0,52.0,0.0,7.9,10.88,2.83,0.0
20170513:0610,166.0,85.0,0.0,17.52,11.95,3.03,0.0
20170513:0710,110.0,207.0,0.0,27.41,13.41,5.03,0.0
20170513:0810,448.0,135.0,0.0,37.19,14.27,4.9,0.0
20170513:0910,357.0,273.0,0.0,46.33,15.15,4.69,0.0
20170513:1010,354.0,334.0,0.0,54.02,16.09,4.62,0.0
20170513:1110,478.0,304.0,0.0,58.87,17.02,4.69,0.0
20170513:1210,648.01,208.0,0.0,59.38,17.88,5.1,0.0
20170513:1310,186.0,404.0,0.0,55.36,18.0,5.1,0.0
20170513:1410,40.0,347.0,0.0,48.15,18.16,5.1,0.0
20170513:1510,336.0,219.0,0.0,39.23,18.32,5.17,0.0
20170513:1610,212.0,187.0,0.0,29.54,18.0,4.55,0.0
20170513:1710,16.0,137.0,0.0,19.64,17.6,3.66,0.0
20170513:1810,5.0,58.0,0.0,9.93,17.0,2.69,0.0
20170513:1910,0.0,0.0,0.0,0.0,15.91,2.21,0.0
20170513:2010,0.0,0.0,0.0,0.0,14.33,2.41,0.0
20170513:2110,0.0,0.0,0.0,0.0,13.29,2.55,0.0
20170513:2210,0.0,0.0,0.0,0.0,12.48,2.62,0.0
20170513:2310,0.0,0.0,0.0,0.0,12.1,2.69,0.0
20170514:0010,0.0,0.0,0.0,0.0,11.56,2.76,0.0
20170514:0110,0.0,0.0,0.0,0.0,10.96,2.55,0.0
20170514:0210,0.0,0.0,0.0,0.0,10.32,2.55,0.0
20170514:0310,0.0,0.0,0.0,0.0,9.75,2.62,0.0
20170514:0410,0.0,0.0,0.0,0.0,9.46,2.76,0.0
20170514:0510,0.0,36.0,0.0,8.08,9.88,3.03,0.0
20170514:0610,28.0,131.0,0.0,17.7,11.05,3.03,0.0
20170514:0710,24.0,202.0,0.0,27.59,12.57,3.52,0.0
20170514:0810,41.0,282.0,0.0,37.37,13.68,4.28,0.0
20170514:0910,586.0,144.0,0.0,46.53,14.62,4.48,0.0
20170514:1010,137.0,405.0,0.0,54.23,15.61,4.83,0.0
20170514:1110,0.0,191.0,0.0,59.11,16.68,5.24,0.0
20170514:1210,740.01,154.0,0.0,59.63,17.42,5.17,0.0
20170514:1310,475.0,283.0,0.0,55.58,17.84,4.9,0.0
20170514:1410,568.0,170.0,0.0,48.34,18.15,4.55,0.0
20170514:1510,165.0,295.0,0.0,39.41,18.27,4.28,0.0
20170514:1610,129.0,222.0,0.0,29.71,18.16,4.0,0.0
20170514:1710,38.0,149.0,0.0,19.81,17.85,3.1,0.0
20170514:1810,32.0,68.0,0.0,10.11,17.14,2.34,0.0
20170514:1910,0.0,0.0,0.0,0.0,15.9,1.86,0.0
20170514:2010,0.0,0.0,0.0,0.0,14.0,1.93,0.0
20170514:2110,0.0,0.0,0.0,0.0,12.57,2.14,0.0
20170514:2210,0.0,0.0,0.0,0.0,11.63,2.28,0.0
20170514:2310,0.0,0.0,0.0,0.0,10.93,2.34,0.0
20170515:0010,0.0,0.0,0.0,0.0,10.37,2.28,0.0
20170515:0110,0.0,0.0,0.0,0.0,9.85,2.28,0.0
20170515:0210,0.0,0.0,0.0,0.0,9.54,2.34,0.0
20170515:0310,0.0,0.0,0.0,0.0,9.32,2.28,0.0
20170515:0410,0.0,0.0,0.0,0.0,9.2,2.07,0.0
20170515:0510,0.0,31.0,0.0,8.26,9.37,1.86,0.0
20170515:0610,49.0,133.0,0.0,17.87,10.67,1.38,0.0
20170515:0710,0.0,0.0,0.0,0.0,13.81,1.72,0.0
20170515:0810,341.0,197.0,0.0,37.54,16.21,1.86,0.0
20170515:0910,473.0,208.0,0.0,46.72,18.28,2.14,0.0
20170515:1010,604.01,193.0,0.0,54.45,19.62,2.41,0.0
20170515:1110,715.01,160.0,0.0,59.34,20.66,2.55,0.0
20170515:1210,254.0,407.0,0.0,59.86,21.46,2.48,0.0
20170515:1310,605.01,202.0,0.0,55.79,22.09,2.48,0.0
20170515:1410,592.0,151.0,0.0,48.54,22.6,2.62,0.0
20170515:1510,492.0,130.0,0.0,39.59,22.86,2.83,0.0
20170515:1610,138.0,218.0,0.0,29.88,22.87,2.62,0.0
20170515:1710,110.0,134.0,0.0,19.98,22.53,1.86,0.0
20170515:1810,68.0,57.0,0.0,10.29,21.61,1.03,0.0
20170515:1910,0.0,0.0,0.0,0.0,20.34,1.66,0.0
20170515:2010,0.0,0.0,0.0,0.0,18.64,2.07,0.0
20170515:2110,0.0,0.0,0.0,0.0,17.06,2.34,0.0
20170515:2210,0.0,0.0,0.0,0.0,16.25,2.41,0.0
20170515:2310,0.0,0.0,0.0,0.0,15.69,2.55,0.0
20170516:0010,0.0,0.0,0.0,0.0,15.15,2.62,0.0
20170516:0110,0.0,0.0,0.0,0.0,14.55,2.62,0.0
20170516:0210,0.0,0.0,0.0,0.0,14.13,2.55,0.0
20170516:0310,0.0,0.0,0.0,0.0,13.59,2.55,0.0
20170516:0410,0.0,0.0,0.0,0.0,13.12,2.41,0.0
20170516:0510,15.0,55.0,0.0,8.44,12.93,2.14,0.0
20170516:0610,37.0,133.0,0.0,18.04,14.58,1.59,0.0
20170516:0710,0.0,0.0,0.0,0.0,17.73,1.66,0.0
20170516:0810,139.0,283.0,0.0,37.71,20.05,1.66,0.0
20170516:0910,374.0,261.0,0.0,46.9,21.98,1.79,0.0
20170516:1010,586.01,201.0,0.0,54.65,23.28,2.14,0.0
20170516:1110,576.01,242.0,0.0,59.57,23.98,2.48,0.0
20170516:1210,732.01,151.0,0.0,60.09,24.17,2.55,0.0
20170516:1310,699.01,144.0,0.0,56.01,24.59,2.62,0.0
20170516:1410,610.01,140.0,0.0,48.73,24.95,2.55,0.0
20170516:1510,451.0,151.0,0.0,39.76,25.09,2.21,0.0
20170516:1610,333.0,122.0,0.0,30.05,25.05,1.72,0.0
20170516:1710,195.0,94.0,0.0,20.15,24.78,1.1,0.0
20170516:1810,73.0,57.0,0.0,10.46,23.59,0.62,0.0
20170516:1910,0.0,0.0,0.0,0.0,22.75,1.72,0.0
20170516:2010,0.0,0.0,0.0,0.0,20.58,2.41,0.0
20170516:2110,0.0,0.0,0.0,0.0,19.04,2.55,0.0
20170516:2210,0.0,0.0,0.0,0.0,18.06,2.55,0.0
20170516:2310,0.0,0.0,0.0,0.0,17.44,2.48,0.0
20170517:0010,0.0,0.0,0.0,0.0,16.72,2.55,0.0
20170517:0110,0.0,0.0,0.0,0.0,16.21,2.41,0.0
20170517:0210,0.0,0.0,0.0,0.0,15.53,2.41,0.0
20170517:0310,0.0,0.0,0.0,0.0,14.97,2.28,0.0
20170517:0410,0.0,0.0,0.0,0.0,14.46,2.28,0.0
20170517:0510,36.0,53.0,0.0,8.6,14.23,2.07,0.0
20170517:0610,75.0,129.0,0.0,18.2,15.82,1.59,0.0
20170517:0710,300.0,119.0,0.0,28.08,18.85,1.66,0.0
20170517:0810,417.0,152.0,0.0,37.88,21.26,1.86,0.0
20170517:0910,432.0,229.0,0.0,47.08,23.35,2.21,0.0
20170517:1010,665.01,153.0,0.0,54.85,24.97,2.69,0.0
20170517:1110,669.01,185.0,0.0,59.79,26.07,3.1,0.0
20170517:1210,687.01,177.0,0.0,60.32,26.85,3.52,0.0
20170517:1310,503.0,260.0,0.0,56.21,27.17,3.86,0.0
20170517:1410,219.0,344.0,0.0,48.92,27.23,4.07,0.0
20170517:1510,77.0,304.0,0.0,39.93,26.93,4.07,0.0
20170517:1610,39.0,225.0,0.0,30.22,25.97,3.17,0.0
20170517:1710,0.0,55.0,0.0,20.32,24.49,1.72,0.0
20170517:1810,0.0,29.0,0.0,10.63,23.45,1.59,0.0
20170517:1910,0.0,0.0,0.0,0.0,19.9,3.03,0.0
20170517:2010,0.0,0.0,0.0,0.0,18.89,2.9,0.0
20170517:2110,0.0,0.0,0.0,0.0,18.16,2.69,0.0
20170517:2210,0.0,0.0,0.0,0.0,17.25,2.28,0.0
20170517:2310,0.0,0.0,0.0,0.0,16.54,1.93,0.0
20170518:0010,0.0,0.0,0.0,0.0,15.93,2.07,0.0
20170518:0110,0.0,0.0,0.0,0.0,15.47,2.07,0.0
20170518:0210,0.0,0.0,0.0,0.0,15.21,1.93,0.0
20170518:0310,0.0,0.0,0.0,0.0,15.09,1.93,0.0
20170518:0410,0.0,0.0,0.0,0.0,15.0,2.07,0.0
20170518:0510,1.0,38.0,0.0,8.77,15.0,2.62,0.0
20170518:0610,10.0,121.0,0.0,18.36,15.11,2.76,0.0
20170518:0710,34.0,210.0,0.0,28.23,15.89,2.0,0.0
20170518:0810,44.0,282.0,0.0,38.03,16.62,1.86,0.0
20170518:0910,217.0,332.0,0.0,47.25,17.43,1.72,0.0
20170518:1010,153.0,399.0,0.0,55.04,18.29,1.66,0.0
20170518:1110,21.0,372.0,0.0,60.01,19.06,1.93,0.0
20170518:1210,41.0,400.0,0.0,60.54,18.98,2.69,0.0
20170518:1310,20.0,355.0,0.0,56.42,18.18,3.38,0.0
20170518:1410,96.0,366.0,0.0,49.1,18.46,3.1,0.0
20170518:1510,4.0,230.0,0.0,40.1,18.46,2.83,0.0
20170518:1610,0.0,64.0,0.0,30.38,18.33,1.72,0.0
20170518:1710,0.0,26.0,0.0,20.49,16.34,2.97,0.0
20170518:1810,0.0,21.0,0.0,10.8,13.16,6.62,0.0
20170518:1910,0.0,1.0,0.0,1.68,10.73,6.14,0.0
20170518:2010,0.0,0.0,0.0,0.0,10.5,4.9,0.0
20170518:2110,0.0,0.0,0.0,0.0,10.4,4.28,0.0
20170518:2210,0.0,0.0,0.0,0.0,10.27,4.07,0.0
20170518:2310,0.0,0.0,0.0,0.0,9.88,3.86,0.0
20170519:0010,0.0,0.0,0.0,0.0,9.64,3.59,0.0
20170519:0110,0.0,0.0,0.0,0.0,9.69,3.38,0.0
20170519:0210,0.0,0.0,0.0,0.0,9.58,3.1,0.0
20170519:0310,0.0,0.0,0.0,0.0,9.43,2.9,0.0
20170519:0410,0.0,0.0,0.0,0.0,9.19,2.83,0.0
20170519:0510,37.0,57.0,0.0,8.92,9.12,2.9,0.0
20170519:0610,45.0,140.0,0.0,18.5,9.79,3.17,0.0
20170519:0710,68.0,222.0,0.0,28.38,10.44,4.55,0.0
20170519:0810,241.0,259.0,0.0,38.19,11.59,4.14,0.0
20170519:0910,147.0,361.0,0.0,47.41,12.3,3.86,0.0
20170519:1010,249.0,387.0,0.0,55.23,13.5,3.72,0.0
20170519:1110,156.0,437.0,0.0,60.22,14.12,3.66,0.0
20170519:1210,483.0,314.0,0.0,60.76,14.48,3.93,0.0
20170519:1310,363.0,349.0,0.0,56.62,15.19,3.93,0.0
20170519:1410,94.0,375.0,0.0,49.28,15.21,3.45,0.0
20170519:1510,433.0,176.0,0.0,40.27,14.68,3.86,0.0
20170519:1610,334.0,133.0,0.0,30.54,12.93,4.07,0.0
20170519:1710,2.0,112.0,0.0,20.65,13.42,3.52,0.0
20170519:1810,22.0,76.0,0.0,10.97,12.53,3.1,0.0
20170519:1910,0.0,2.0,0.0,1.85,11.35,2.07,0.0
20170519:2010,0.0,0.0,0.0,0.0,10.78,2.0,0.0
20170519:2110,0.0,0.0,0.0,0.0,10.09,2.28,0.0
20170519:2210,0.0,0.0,0.0,0.0,9.53,2.34,0.0
20170519:2310,0.0,0.0,0.0,0.0,9.23,2.28,0.0
20170520:0010,0.0,0.0,0.0,0.0,8.71,2.34,0.0
20170520:0110,0.0,0.0,0.0,0.0,8.31,2.55,0.0
20170520:0210,0.0,0.0,0.0,0.0,7.95,2.41,0.0
20170520:0310,0.0,0.0,0.0,0.0,7.67,2.28,0.0
20170520:0410,0.0,0.0,0.0,0.0,7.57,2.14,0.0
20170520:0510,21.0,62.0,0.0,9.07,7.7,1.93,0.0
20170520:0610,41.0,141.0,0.0,18.65,8.94,2.21,0.0
20170520:0710,62.0,224.0,0.0,28.52,10.31,2.76,0.0
20170520:0810,72.0,300.0,0.0,38.33,11.65,2.9,0.0
20170520:0910,15.0,313.0,0.0,47.57,12.98,3.31,0.0
20170520:1010,33.0,379.0,0.0,55.41,13.73,3.66,0.0
20170520:1110,209.0,431.0,0.0,60.42,14.51,3.79,0.0
20170520:1210,128.0,444.0,0.0,60.97,15.3,3.86,0.0
20170520:1310,480.0,292.0,0.0,56.81,15.85,3.66,0.0
20170520:1410,545.0,197.0,0.0,49.46,16.27,3.38,0.0
20170520:1510,0.0,131.0,0.0,40.44,16.49,3.24,0.0
20170520:1610,6.0,192.0,0.0,30.7,16.39,3.1,0.0
20170520:1710,115.0,144.0,0.0,20.81,16.19,2.62,0.0
20170520:1810,79.0,62.0,0.0,11.14,15.72,1.72,0.0
20170520:1910,0.0,3.0,0.0,2.03,14.71,1.72,0.0
20170520:2010,0.0,0.0,0.0,0.0,13.54,2.0,0.0
20170520:2110,0.0,0.0,0.0,0.0,12.55,2.07,0.0
20170520:2210,0.0,0.0,0.0,0.0,11.62,2.0,0.0
20170520:2310,0.0,0.0,0.0,0.0,10.78,1.86,0.0
20170521:0010,0.0,0.0,0.0,0.0,9.83,1.72,0.0
20170521:0110,0.0,0.0,0.0,0.0,8.92,1.45,0.0
20170521:0210,0.0,0.0,0.0,0.0,9.12,1.03,0.0
20170521:0310,0.0,0.0,0.0,0.0,8.6,1.03,0.0
20170521:0410,0.0,0.0,0.0,0.0,7.42,1.24,0.0
20170521:0510,64.0,51.0,0.0,9.22,7.57,1.1,0.0
20170521:0610,181.0,92.0,0.0,18.79,10.32,0.76,0.0
20170521:0710,330.0,116.0,0.0,28.66,13.58,0.69,0.0
20170521:0810,483.0,130.0,0.0,38.47,15.46,1.38,0.0
20170521:0910,613.0,140.0,0.0,47.73,16.71,2.0,0.0
20170521:1010,679.01,162.0,0.0,55.58,17.84,2.48,0.0
20170521:1110,535.01,285.0,0.0,60.62,18.72,2.69,0.0
20170521:1210,434.0,342.0,0.0,61.17,19.17,2.76,0.0
20170521:1310,391.0,337.0,0.0,57.01,19.53,2.83,0.0
20170521:1410,553.0,191.0,0.0,49.63,19.89,2.97,0.0
20170521:1510,499.0,139.0,0.0,40.6,20.12,3.24,0.0
20170521:1610,291.0,161.0,0.0,30.86,20.2,3.38,0.0
20170521:1710,220.0,94.0,0.0,20.96,19.96,3.17,0.0
20170521:1810,67.0,68.0,0.0,11.3,19.03,2.69,0.0
20170521:1910,0.0,5.0,0.0,2.2,17.47,2.34,0.0
20170521:2010,0.0,0.0,0.0,0.0,15.74,2.76,0.0
20170521:2110,0.0,0.0,0.0,0.0,14.68,2.9,0.0
20170521:2210,0.0,0.0,0.0,0.0,14.01,3.03,0.0
20170521:2310,0.0,0.0,0.0,0.0,13.61,3.1,0.0
20170522:0010,0.0,0.0,0.0,0.0,13.16,3.03,0.0
20170522:0110,0.0,0.0,0.0,0.0,12.66,2.97,0.0
20170522:0210,0.0,0.0,0.0,0.0,12.11,2.97,0.0
20170522:0310,0.0,0.0,0.0,0.0,11.62,2.9,0.0
20170522:0410,0.0,0.0,0.0,0.0,11.11,2.76,0.0
20170522:0510,8.0,60.0,0.0,9.36,11.07,2.55,0.0
20170522:0610,135.0,116.0,0.0,18.92,12.52,2.28,0.0
20170522:0710,355.0,105.0,0.0,28.79,15.06,2.62,0.0
20170522:0810,478.0,133.0,0.0,38.61,17.33,2.76,0.0
20170522:0910,597.0,149.0,0.0,47.87,19.39,2.76,0.0
20170522:1010,605.01,209.0,0.0,55.75,21.15,2.48,0.0
20170522:1110,432.0,341.0,0.0,60.81,22.46,2.34,0.0
20170522:1210,633.01,231.0,0.0,61.37,23.31,1.93,0.0
20170522:1310,223.0,406.0,0.0,57.19,23.82,1.93,0.0
20170522:1410,385.0,287.0,0.0,49.8,24.17,2.34,0.0
20170522:1510,207.0,293.0,0.0,40.75,24.38,2.07,0.0
20170522:1610,165.0,222.0,0.0,31.01,24.4,1.86,0.0
20170522:1710,21.0,153.0,0.0,21.12,24.23,1.72,0.0
20170522:1810,81.0,63.0,0.0,11.46,23.44,1.24,0.0
20170522:1910,0.0,3.0,0.0,2.36,21.65,1.03,0.0
20170522:2010,0.0,0.0,0.0,0.0,19.55,1.31,0.0
20170522:2110,0.0,0.0,0.0,0.0,17.58,1.52,0.0
20170522:2210,0.0,0.0,0.0,0.0,15.55,2.07,0.0
20170522:2310,0.0,0.0,0.0,0.0,14.8,2.41,0.0
20170523:0010,0.0,0.0,0.0,0.0,14.68,2.69,0.0
20170523:0110,0.0,0.0,0.0,0.0,14.58,2.97,0.0
20170523:0210,0.0,0.0,0.0,0.0,14.17,3.17,0.0
20170523:0310,0.0,0.0,0.0,0.0,13.56,3.38,0.0
20170523:0410,0.0,0.0,0.0,0.0,12.92,3.24,0.0
20170523:0510,37.0,61.0,0.0,9.49,12.81,2.97,0.0
20170523:0610,53.0,141.0,0.0,19.05,13.72,3.03,0.0
20170523:0710,146.0,206.0,0.0,28.92,15.07,3.59,0.0
20170523:0810,285.0,237.0,0.0,38.74,16.37,3.1,0.0
20170523:0910,563.0,162.0,0.0,48.01,17.86,3.17,0.0
20170523:1010,665.01,164.0,0.0,55.91,19.25,3.45,0.0
20170523:1110,702.01,176.0,0.0,61.0,20.35,3.52,0.0
20170523:1210,707.01,177.0,0.0,61.57,21.16,3.45,0.0
20170523:1310,666.01,174.0,0.0,57.37,21.79,3.38,0.0
20170523:1410,632.0,139.0,0.0,49.96,22.22,3.31,0.0
20170523:1510,495.0,138.0,0.0,40.91,22.65,3.52,0.0
20170523:1610,107.0,237.0,0.0,31.16,22.59,3.52,0.0
20170523:1710,218.0,95.0,0.0,21.27,21.93,3.03,0.0
20170523:1810,63.0,71.0,0.0,11.61,21.14,2.83,0.0
20170523:1910,0.0,3.0,0.0,2.53,19.96,2.55,0.0
20170523:2010,0.0,0.0,0.0,0.0,18.29,2.76,0.0
20170523:2110,0.0,0.0,0.0,0.0,17.19,2.69,0.0
20170523:2210,0.0,0.0,0.0,0.0,16.25,2.55,0.0
20170523:2310,0.0,0.0,0.0,0.0,15.39,2.41,0.0
20170524:0010,0.0,0.0,0.0,0.0,14.73,2.14,0.0
20170524:0110,0.0,0.0,0.0,0.0,14.08,2.0,0.0
20170524:0210,0.0,0.0,0.0,0.0,13.46,1.79,0.0
20170524:0310,0.0,0.0,0.0,0.0,12.9,1.66,0.0
20170524:0410,0.0,0.0,0.0,0.0,12.23,1.45,0.0
20170524:0510,3.0,52.0,0.0,9.62,12.2,1.24,0.0
20170524:0610,0.0,89.0,0.0,19.17,14.3,1.45,0.0
20170524:0710,0.0,129.0,0.0,29.04,15.44,1.59,0.0
20170524:0810,0.0,172.0,0.0,38.86,16.14,1.72,0.0
20170524:0910,2.0,254.0,0.0,48.15,16.97,1.93,0.0
20170524:1010,20.0,357.0,0.0,56.07,17.96,2.0,0.0
20170524:1110,35.0,400.0,0.0,61.17,19.1,1.86,0.0
20170524:1210,40.0,407.0,0.0,61.76,19.93,1.86,0.0
20170524:1310,327.0,363.0,0.0,57.55,20.76,2.07,0.0
20170524:1410,294.0,327.0,0.0,50.13,21.29,2.28,0.0
20170524:1510,475.0,151.0,0.0,41.06,21.61,2.55,0.0
20170524:1610,265.0,175.0,0.0,31.31,21.7,2.69,0.0
20170524:1710,194.0,109.0,0.0,21.42,21.5,2.62,0.0
20170524:1810,71.0,70.0,0.0,11.76,21.06,2.14,0.0
20170524:1910,0.0,4.0,0.0,2.69,20.13,2.41,0.0
20170524:2010,0.0,0.0,0.0,0.0,18.84,2.62,0.0
20170524:2110,0.0,0.0,0.0,0.0,17.92,2.76,0.0
20170524:2210,0.0,0.0,0.0,0.0,17.18,2.9,0.0
20170524:2310,0.0,0.0,0.0,0.0,16.4,3.03,0.0
20170525:0010,0.0,0.0,0.0,0.0,15.87,3.17,0.0
20170525:0110,0.0,0.0,0.0,0.0,15.37,3.1,0.0
20170525:0210,0.0,0.0,0.0,0.0,14.8,2.9,0.0
20170525:0310,0.0,0.0,0.0,0.0,14.18,2.76,0.0
20170525:0410,0.0,0.0,0.0,0.0,13.59,2.62,0.0
20170525:0510,62.0,55.0,0.0,9.74,13.59,2.48,0.0
20170525:0610,187.0,92.0,0.0,19.28,14.92,2.41,0.0
20170525:0710,342.0,113.0,0.0,29.15,17.19,2.83,0.0
20170525:0810,503.0,121.0,0.0,38.98,18.86,3.03,0.0
20170525:0910,620.0,137.0,0.0,48.28,20.41,3.38,0.0
20170525:1010,756.01,121.0,0.0,56.21,21.73,3.86,0.0
20170525:1110,771.01,144.0,0.0,61.35,22.84,4.14,0.0
20170525:1210,787.01,138.0,0.0,61.94,23.74,4.34,0.0
20170525:1310,743.01,137.0,0.0,57.73,24.4,4.41,0.0
20170525:1410,680.01,119.0,0.0,50.28,24.78,4.48,0.0
20170525:1510,549.0,116.0,0.0,41.21,24.91,4.48,0.0
20170525:1610,370.0,120.0,0.0,31.45,24.75,4.48,0.0
20170525:1710,224.0,96.0,0.0,21.56,24.27,4.07,0.0
20170525:1810,82.0,67.0,0.0,11.91,23.28,3.59,0.0
20170525:1910,0.0,8.0,0.0,2.84,21.75,3.31,0.0
20170525:2010,0.0,0.0,0.0,0.0,20.09,3.31,0.0
20170525:2110,0.0,0.0,0.0,0.0,19.01,3.38,0.0
20170525:2210,0.0,0.0,0.0,0.0,18.18,3.38,0.0
20170525:2310,0.0,0.0,0.0,0.0,17.48,3.38,0.0
20170526:0010,0.0,0.0,0.0,0.0,16.85,3.31,0.0
20170526:0110,0.0,0.0,0.0,0.0,16.23,3.24,0.0
20170526:0210,0.0,0.0,0.0,0.0,15.63,3.24,0.0
20170526:0310,0.0,0.0,0.0,0.0,15.13,3.45,0.0
20170526:0410,0.0,0.0,0.0,0.0,14.77,3.59,0.0
20170526:0510,70.0,54.0,0.0,9.86,14.93,3.72,0.0
20170526:0610,196.0,91.0,0.0,19.39,16.11,3.31,0.0
20170526:0710,340.0,117.0,0.0,29.26,18.61,4.21,0.0
20170526:0810,499.0,127.0,0.0,39.09,20.3,4.55,0.0
20170526:0910,639.0,131.0,0.0,48.4,21.88,4.62,0.0
20170526:1010,758.01,124.0,0.0,56.36,23.28,4.69,0.0
20170526:1110,772.01,148.0,0.0,61.51,24.45,4.76,0.0
20170526:1210,788.01,143.0,0.0,62.12,25.36,4.76,0.0
20170526:1310,744.01,141.0,0.0,57.89,26.04,4.62,0.0
20170526:1410,691.01,118.0,0.0,50.44,26.5,4.48,0.0
20170526:1510,553.0,118.0,0.0,41.35,26.74,4.28,0.0
20170526:1610,384.0,116.0,0.0,31.59,26.69,4.14,0.0
20170526:1710,228.0,97.0,0.0,21.7,26.29,3.52,0.0
20170526:1810,85.0,68.0,0.0,12.06,25.21,2.97,0.0
20170526:1910,0.0,9.0,0.0,3.0,23.62,3.03,0.0
20170526:2010,0.0,0.0,0.0,0.0,22.03,3.31,0.0
20170526:2110,0.0,0.0,0.0,0.0,21.09,3.45,0.0
20170526:2210,0.0,0.0,0.0,0.0,20.31,3.38,0.0
20170526:2310,0.0,0.0,0.0,0.0,19.5,3.17,0.0
20170527:0010,0.0,0.0,0.0,0.0,18.79,3.1,0.0
20170527:0110,0.0,0.0,0.0,0.0,18.2,3.03,0.0
20170527:0210,0.0,0.0,0.0,0.0,17.65,2.97,0.0
20170527:0310,0.0,0.0,0.0,0.0,17.18,2.9,0.0
20170527:0410,0.0,0.0,0.0,0.0,16.86,2.76,0.0
20170527:0510,57.0,59.0,0.0,9.97,17.15,2.28,0.0
20170527:0610,171.0,100.0,0.0,19.5,18.85,1.59,0.0
20170527:0710,321.0,122.0,0.0,29.36,21.4,1.93,0.0
20170527:0810,475.0,132.0,0.0,39.19,23.19,2.48,0.0
20170527:0910,564.0,164.0,0.0,48.51,24.73,3.03,0.0
20170527:1010,734.01,128.0,0.0,56.49,25.8,3.24,0.0
20170527:1110,604.01,238.0,0.0,61.67,26.55,2.97,0.0
20170527:1210,733.01,162.0,0.0,62.29,27.36,3.17,0.0
20170527:1310,681.01,166.0,0.0,58.06,27.68,3.1,0.0
20170527:1410,554.0,187.0,0.0,50.59,27.48,2.14,0.0
20170527:1510,370.0,214.0,0.0,41.49,27.82,1.45,0.0
20170527:1610,277.0,170.0,0.0,31.73,27.89,1.24,0.0
20170527:1710,52.0,164.0,0.0,21.84,27.76,0.97,0.0
20170527:1810,1.0,61.0,0.0,12.2,27.25,0.48,0.0
20170527:1910,0.0,4.0,0.0,3.14,25.63,1.66,0.0
20170527:2010,0.0,0.0,0.0,0.0,24.16,2.07,0.0
20170527:2110,0.0,0.0,0.0,0.0,23.09,2.14,0.0
20170527:2210,0.0,0.0,0.0,0.0,22.04,2.21,0.0
20170527:2310,0.0,0.0,0.0,0.0,21.15,2.41,0.0
20170528:0010,0.0,0.0,0.0,0.0,20.21,2.69,0.0
20170528:0110,0.0,0.0,0.0,0.0,19.48,2.76,0.0
20170528:0210,0.0,0.0,0.0,0.0,18.95,2.62,0.0
20170528:0310,0.0,0.0,0.0,0.0,18.64,2.28,0.0
20170528:0410,0.0,0.0,0.0,0.0,18.18,2.14,0.0
20170528:0510,20.0,67.0,0.0,10.07,18.26,1.93,0.0
20170528:0610,60.0,142.0,0.0,19.6,19.62,1.79,0.0
20170528:0710,313.0,122.0,0.0,29.45,20.28,1.03,0.0
20170528:0810,470.0,131.0,0.0,39.29,22.15,0.97,0.0
20170528:0910,563.0,158.0,0.0,48.62,24.08,0.97,0.0
20170528:1010,672.01,155.0,0.0,56.62,26.04,1.17,0.0
20170528:1110,140.0,432.0,0.0,61.83,27.58,1.59,0.0
20170528:1210,437.0,329.0,0.0,62.45,28.98,1.79,0.0
20170528:1310,594.01,213.0,0.0,58.22,29.86,2.0,0.0
20170528:1410,587.0,160.0,0.0,50.73,30.03,2.62,0.0
20170528:1510,421.0,180.0,0.0,41.63,30.31,3.03,0.0
20170528:1610,171.0,217.0,0.0,31.87,30.33,3.17,0.0
20170528:1710,39.0,161.0,0.0,21.98,30.06,2.76,0.0
20170528:1810,86.0,67.0,0.0,12.34,29.15,2.41,0.0
20170528:1910,0.0,12.0,0.0,3.29,24.23,2.48,0.0
20170528:2010,0.0,0.0,0.0,0.0,23.08,2.62,0.0
20170528:2110,0.0,0.0,0.0,0.0,22.46,2.76,0.0
20170528:2210,0.0,0.0,0.0,0.0,22.16,2.48,0.0
20170528:2310,0.0,0.0,0.0,0.0,21.81,2.48,0.0
20170529:0010,0.0,0.0,0.0,0.0,21.28,2.21,0.0
20170529:0110,0.0,0.0,0.0,0.0,20.46,1.86,0.0
20170529:0210,0.0,0.0,0.0,0.0,19.18,1.45,0.0
20170529:0310,0.0,0.0,0.0,0.0,19.8,0.28,0.0
20170529:0410,0.0,0.0,0.0,0.0,17.56,1.86,0.0
20170529:0510,57.0,60.0,0.0,10.17,18.07,1.79,0.0
20170529:0610,163.0,105.0,0.0,19.69,20.68,1.86,0.0
20170529:0710,318.0,123.0,0.0,29.54,23.3,2.48,0.0
20170529:0810,416.0,165.0,0.0,39.39,24.98,2.97,0.0
20170529:0910,222.0,339.0,0.0,48.73,26.17,3.03,0.0
20170529:1010,0.0,243.0,0.0,56.74,27.02,2.97,0.0
20170529:1110,202.0,425.0,0.0,61.97,27.51,3.03,0.0
20170529:1210,169.0,434.0,0.0,62.61,27.54,2.83,0.0
20170529:1310,548.0,245.0,0.0,58.37,27.64,2.97,0.0
20170529:1410,436.0,254.0,0.0,50.88,27.48,3.1,0.0
20170529:1510,177.0,301.0,0.0,41.77,26.73,3.59,0.0
20170529:1610,114.0,239.0,0.0,32.0,25.9,4.21,0.0
20170529:1710,13.0,147.0,0.0,22.11,24.98,4.0,0.0
20170529:1810,50.0,82.0,0.0,12.48,24.13,3.1,0.0
20170529:1910,0.0,2.0,0.0,3.43,22.38,2.76,0.0
20170529:2010,0.0,0.0,0.0,0.0,21.25,2.41,0.0
20170529:2110,0.0,0.0,0.0,0.0,20.52,2.14,0.0
20170529:2210,0.0,0.0,0.0,0.0,19.78,2.07,0.0
20170529:2310,0.0,0.0,0.0,0.0,18.97,2.07,0.0
20170530:0010,0.0,0.0,0.0,0.0,18.26,1.93,0.0
20170530:0110,0.0,0.0,0.0,0.0,17.56,1.86,0.0
20170530:0210,0.0,0.0,0.0,0.0,17.0,1.86,0.0
20170530:0310,0.0,0.0,0.0,0.0,16.43,1.93,0.0
20170530:0410,0.0,0.0,0.0,0.0,16.46,1.93,0.0
20170530:0510,0.0,25.0,0.0,10.26,16.85,1.79,0.0
20170530:0610,0.0,82.0,0.0,19.78,17.41,2.34,0.0
20170530:0710,0.0,77.0,0.0,29.63,16.67,2.48,0.0
20170530:0810,24.0,274.0,0.0,39.47,17.08,2.83,0.0
20170530:0910,207.0,347.0,0.0,48.82,17.59,2.9,0.0
20170530:1010,617.01,196.0,0.0,56.86,18.56,2.69,0.0
20170530:1110,143.0,437.0,0.0,62.11,20.56,2.83,0.0
20170530:1210,155.0,438.0,0.0,62.77,21.05,3.17,0.0
20170530:1310,110.0,419.0,0.0,58.52,21.61,3.59,0.0
20170530:1410,260.0,343.0,0.0,51.02,21.9,3.86,0.0
20170530:1510,350.0,227.0,0.0,41.9,22.14,4.0,0.0
20170530:1610,352.0,130.0,0.0,32.12,22.11,3.93,0.0
20170530:1710,156.0,134.0,0.0,22.24,21.9,3.72,0.0
20170530:1810,2.0,66.0,0.0,12.61,21.19,3.17,0.0
20170530:1910,0.0,3.0,0.0,3.57,19.37,3.03,0.0
20170530:2010,0.0,0.0,0.0,0.0,18.39,3.03,0.0
20170530:2110,0.0,0.0,0.0,0.0,17.23,2.69,0.0
20170530:2210,0.0,0.0,0.0,0.0,16.43,2.28,0.0
20170530:2310,0.0,0.0,0.0,0.0,15.89,1.86,0.0
20170531:0010,0.0,0.0,0.0,0.0,14.99,1.52,0.0
20170531:0110,0.0,0.0,0.0,0.0,14.02,1.31,0.0
20170531:0210,0.0,0.0,0.0,0.0,13.26,1.38,0.0
20170531:0310,0.0,0.0,0.0,0.0,12.63,1.59,0.0
20170531:0410,0.0,1.0,0.0,1.52,12.25,1.66,0.0
20170531:0510,71.0,58.0,0.0,10.35,12.58,1.52,0.0
20170531:0610,196.0,93.0,0.0,19.86,14.73,1.66,0.0
20170531:0710,325.0,124.0,0.0,29.71,16.0,1.66,0.0
20170531:0810,421.0,169.0,0.0,39.56,17.32,1.52,0.0
20170531:0910,563.0,170.0,0.0,48.92,18.43,1.66,0.0
20170531:1010,390.0,329.0,0.0,56.97,19.44,1.66,0.0
20170531:1110,145.0,440.0,0.0,62.25,20.58,1.59,0.0
20170531:1210,582.01,261.0,0.0,62.92,21.68,1.72,0.0
20170531:1310,573.0,239.0,0.0,58.66,22.41,1.79,0.0
20170531:1410,587.0,173.0,0.0,51.15,22.68,1.93,0.0
20170531:1510,435.0,184.0,0.0,42.03,23.06,2.07,0.0
20170531:1610,144.0,236.0,0.0,32.25,23.36,2.28,0.0
20170531:1710,47.0,168.0,0.0,22.36,23.22,2.76,0.0
20170531:1810,0.0,43.0,0.0,12.74,22.54,2.76,0.0
20170531:1910,0.0,3.0,0.0,3.7,21.1,2.62,0.0
20170531:2010,0.0,0.0,0.0,0.0,19.58,2.76,0.0
20170531:2110,0.0,0.0,0.0,0.0,18.52,2.76,0.0
20170531:2210,0.0,0.0,0.0,0.0,17.77,2.62,0.0
20170531:2310,0.0,0.0,0.0,0.0,17.07,2.48,0.0
20170601:0010,0.0,0.0,0.0,0.0,16.53,2.34,0.0
20170601:0110,0.0,0.0,0.0,0.0,16.0,2.28,0.0
20170601:0210,0.0,0.0,0.0,0.0,15.6,2.28,0.0
20170601:0310,0.0,0.0,0.0,0.0,15.1,2.28,0.0
20170601:0410,0.0,1.0,0.0,1.61,14.84,2.21,0.0
20170601:0510,59.0,62.0,0.0,10.43,14.85,2.0,0.0
20170601:0610,187.0,96.0,0.0,19.93,16.39,2.07,0.0
20170601:0710,334.0,119.0,0.0,29.78,18.13,1.93,0.0
20170601:0810,478.0,134.0,0.0,39.63,20.09,1.79,0.0
20170601:0910,612.0,139.0,0.0,49.0,21.78,1.72,0.0
20170601:1010,707.01,145.0,0.0,57.07,23.18,1.72,0.0
20170601:1110,750.01,153.0,0.0,62.38,24.23,1.31,0.0
20170601:1210,756.01,153.0,0.0,63.06,24.69,1.03,0.0
20170601:1310,735.01,140.0,0.0,58.8,25.25,0.69,0.0
20170601:1410,639.0,141.0,0.0,51.28,25.45,0.34,0.0
20170601:1510,498.0,144.0,0.0,42.15,25.75,0.48,0.0
20170601:1610,366.0,125.0,0.0,32.37,25.9,0.9,0.0
20170601:1710,228.0,100.0,0.0,22.48,25.71,1.31,0.0
20170601:1810,73.0,79.0,0.0,12.86,25.07,1.66,0.0
20170601:1910,3.0,19.32,0.0,3.83,23.85,1.86,0.0
20170601:2010,0.0,0.0,0.0,0.0,22.39,2.28,0.0
20170601:2110,0.0,0.0,0.0,0.0,21.26,2.48,0.0
20170601:2210,0.0,0.0,0.0,0.0,20.49,2.48,0.0
20170601:2310,0.0,0.0,0.0,0.0,19.66,2.41,0.0
20170602:0010,0.0,0.0,0.0,0.0,19.15,2.28,0.0
20170602:0110,0.0,0.0,0.0,0.0,18.38,2.07,0.0
20170602:0210,0.0,0.0,0.0,0.0,17.73,1.86,0.0
20170602:0310,0.0,0.0,0.0,0.0,16.82,1.72,0.0
20170602:0410,0.0,1.0,0.0,1.7,15.96,1.45,0.0
20170602:0510,14.0,69.0,0.0,10.51,16.54,1.03,0.0
20170602:0610,70.0,145.0,0.0,20.0,19.05,0.55,0.0
20170602:0710,292.0,141.0,0.0,29.85,21.17,0.62,0.0
20170602:0810,452.0,146.0,0.0,39.7,22.83,0.34,0.0
20170602:0910,502.0,201.0,0.0,49.08,23.88,0.34,0.0
20170602:1010,128.0,410.0,0.0,57.17,25.05,0.9,0.0
20170602:1110,158.0,434.0,0.0,62.5,26.05,1.45,0.0
20170602:1210,0.0,110.0,0.0,63.19,27.1,1.86,0.0
20170602:1310,0.0,114.0,0.0,58.94,27.62,2.21,0.0
20170602:1410,0.0,182.0,0.0,51.41,27.44,2.41,0.0
20170602:1510,13.0,269.0,0.0,42.27,27.41,2.69,0.0
20170602:1610,0.0,74.0,0.0,32.49,25.39,3.17,0.0
20170602:1710,23.0,160.0,0.0,22.6,23.24,3.24,0.0
20170602:1810,0.0,24.0,0.0,12.98,22.08,2.83,0.0
20170602:1910,0.0,3.0,0.0,3.96,21.78,0.69,0.0
20170602:2010,0.0,0.0,0.0,0.0,20.91,0.69,0.0
20170602:2110,0.0,0.0,0.0,0.0,19.84,0.62,0.0
20170602:2210,0.0,0.0,0.0,0.0,19.04,0.83,0.0
20170602:2310,0.0,0.0,0.0,0.0,18.54,1.72,0.0
20170603:0010,0.0,0.0,0.0,0.0,17.85,1.93,0.0
20170603:0110,0.0,0.0,0.0,0.0,17.27,2.07,0.0
20170603:0210,0.0,0.0,0.0,0.0,16.51,2.14,0.0
20170603:0310,0.0,0.0,0.0,0.0,15.87,2.14,0.0
20170603:0410,0.0,1.0,0.0,1.78,15.37,2.21,0.0
20170603:0510,1.0,52.0,0.0,10.58,15.12,2.34,0.0
20170603:0610,4.0,116.0,0.0,20.07,15.32,2.55,0.0
20170603:0710,0.0,131.0,0.0,29.91,16.09,2.34,0.0
20170603:0810,5.0,233.0,0.0,39.77,16.61,2.62,0.0
20170603:0910,25.0,328.0,0.0,49.15,17.13,2.83,0.0
20170603:1010,107.0,411.0,0.0,57.26,17.8,2.62,0.0
20170603:1110,102.0,436.0,0.0,62.61,18.24,2.55,0.0
20170603:1210,0.0,229.0,0.0,63.32,18.98,2.62,0.0
20170603:1310,0.0,149.0,0.0,59.07,20.13,2.83,0.0
20170603:1410,0.0,123.0,0.0,51.53,19.98,3.45,0.0
20170603:1510,0.0,86.0,0.0,42.39,19.21,4.21,0.0
20170603:1610,0.0,75.0,0.0,32.6,18.25,4.41,0.0
20170603:1710,0.0,78.0,0.0,22.72,17.49,3.79,0.0
20170603:1810,0.0,18.0,0.0,13.1,16.71,3.59,0.0
20170603:1910,0.0,3.0,0.0,4.08,15.38,3.17,0.0
20170603:2010,0.0,0.0,0.0,0.0,14.85,3.24,0.0
20170603:2110,0.0,0.0,0.0,0.0,14.19,3.1,0.0
20170603:2210,0.0,0.0,0.0,0.0,13.39,2.97,0.0
20170603:2310,0.0,0.0,0.0,0.0,12.59,2.9,0.0
20170604:0010,0.0,0.0,0.0,0.0,11.74,2.83,0.0
20170604:0110,0.0,0.0,0.0,0.0,11.05,2.55,0.0
20170604:0210,0.0,0.0,0.0,0.0,10.45,2.48,0.0
20170604:0310,0.0,0.0,0.0,0.0,10.07,2.55,0.0
20170604:0410,0.0,5.0,0.0,1.85,9.89,2.62,0.0
20170604:0510,76.0,59.0,0.0,10.64,10.68,2.28,0.0
20170604:0610,179.0,107.0,0.0,20.13,12.17,2.76,0.0
20170604:0710,354.0,117.0,0.0,29.97,13.5,3.45,0.0
20170604:0810,47.0,300.0,0.0,39.83,14.59,2.9,0.0
20170604:0910,647.0,133.0,0.0,49.22,15.64,2.62,0.0
20170604:1010,129.0,423.0,0.0,57.34,16.56,2.41,0.0
20170604:1110,315.0,404.0,0.0,62.72,17.4,2.76,0.0
20170604:1210,301.0,414.0,0.0,63.45,17.93,3.1,0.0
20170604:1310,229.0,415.0,0.0,59.19,18.33,3.17,0.0
20170604:1410,203.0,375.0,0.0,51.64,18.87,3.03,0.0
20170604:1510,246.0,292.0,0.0,42.5,19.28,2.69,0.0
20170604:1610,167.0,237.0,0.0,32.71,19.23,2.41,0.0
20170604:1710,254.0,96.0,0.0,22.83,19.09,2.21,0.0
20170604:1810,110.0,68.0,0.0,13.22,18.61,1.79,0.0
20170604:1910,17.0,18.15,0.0,4.2,17.71,1.38,0.0
20170604:2010,0.0,0.0,0.0,0.0,15.9,1.79,0.0
20170604:2110,0.0,0.0,0.0,0.0,14.19,1.72,0.0
20170604:2210,0.0,0.0,0.0,0.0,12.95,1.72,0.0
20170604:2310,0.0,0.0,0.0,0.0,12.8,1.72,0.0
20170605:0010,0.0,0.0,0.0,0.0,12.7,1.72,0.0
20170605:0110,0.0,0.0,0.0,0.0,12.52,1.79,0.0
20170605:0210,0.0,0.0,0.0,0.0,12.45,2.0,0.0
20170605:0310,0.0,0.0,0.0,0.0,12.04,2.07,0.0
20170605:0410,0.0,9.0,0.0,1.92,11.4,2.0,0.0
20170605:0510,74.0,60.0,0.0,10.7,11.48,1.66,0.0
20170605:0610,208.0,91.0,0.0,20.18,13.94,1.52,0.0
20170605:0710,354.0,115.0,0.0,30.02,16.11,1.45,0.0
20170605:0810,495.0,133.0,0.0,39.88,17.83,1.93,0.0
20170605:0910,648.0,129.0,0.0,49.28,19.2,3.1,0.0
20170605:1010,305.0,374.0,0.0,57.42,20.01,3.79,0.0
20170605:1110,477.0,324.0,0.0,62.82,20.68,4.48,0.0
20170605:1210,36.0,412.0,0.0,63.57,21.04,4.48,0.0
20170605:1310,476.0,303.0,0.0,59.31,21.53,5.03,0.0
20170605:1410,507.0,231.0,0.0,51.76,21.52,5.03,0.0
20170605:1510,481.0,165.0,0.0,42.61,21.28,5.03,0.0
20170605:1610,192.0,226.0,0.0,32.82,21.11,4.97,0.0
20170605:1710,110.0,164.0,0.0,22.94,20.75,4.69,0.0
20170605:1810,117.0,66.0,0.0,13.32,20.2,4.14,0.0
20170605:1910,0.0,15.0,0.0,4.31,19.84,4.28,0.0
20170605:2010,0.0,0.0,0.0,0.0,18.75,4.55,0.0
20170605:2110,0.0,0.0,0.0,0.0,17.94,4.9,0.0
20170605:2210,0.0,0.0,0.0,0.0,17.25,5.38,0.0
20170605:2310,0.0,0.0,0.0,0.0,16.0,5.72,0.0
20170606:0010,0.0,0.0,0.0,0.0,14.6,6.21,0.0
20170606:0110,0.0,0.0,0.0,0.0,13.42,6.76,0.0
20170606:0210,0.0,0.0,0.0,0.0,13.13,7.17,0.0
20170606:0310,0.0,0.0,0.0,0.0,13.25,7.31,0.0
20170606:0410,0.0,2.0,0.0,1.98,13.44,7.31,0.0
20170606:0510,81.0,58.0,0.0,10.76,12.82,6.97,0.0
20170606:0610,208.0,93.0,0.0,20.23,12.17,6.62,0.0
20170606:0710,263.0,167.0,0.0,30.07,12.63,8.9,0.0
20170606:0810,223.0,279.0,0.0,39.93,13.55,8.9,0.0
20170606:0910,405.0,271.0,0.0,49.34,14.23,8.83,0.0
20170606:1010,714.01,152.0,0.0,57.49,15.09,8.41,0.0
20170606:1110,0.0,183.0,0.0,62.91,16.38,8.28,0.0
20170606:1210,763.01,162.0,0.0,63.68,16.47,8.21,0.0
20170606:1310,263.0,403.0,0.0,59.42,17.1,8.21,0.0
20170606:1410,583.0,188.0,0.0,51.87,16.91,8.07,0.0
20170606:1510,545.0,131.0,0.0,42.71,16.89,7.52,0.0
20170606:1610,208.0,221.0,0.0,32.92,14.36,6.62,0.0
20170606:1710,226.0,111.0,0.0,23.04,14.4,5.72,0.0
20170606:1810,44.0,95.0,0.0,13.43,14.05,5.31,0.0
20170606:1910,18.0,19.77,0.0,4.42,13.96,5.52,0.0
20170606:2010,0.0,0.0,0.0,0.0,13.14,5.17,0.0
20170606:2110,0.0,0.0,0.0,0.0,12.81,5.1,0.0
20170606:2210,0.0,0.0,0.0,0.0,12.39,5.1,0.0
20170606:2310,0.0,0.0,0.0,0.0,12.02,5.17,0.0
20170607:0010,0.0,0.0,0.0,0.0,11.76,5.24,0.0
20170607:0110,0.0,0.0,0.0,0.0,11.5,5.17,0.0
20170607:0210,0.0,0.0,0.0,0.0,11.29,5.17,0.0
20170607:0310,0.0,0.0,0.0,0.0,11.1,5.24,0.0
20170607:0410,0.0,6.0,0.0,2.03,10.8,5.17,0.0
20170607:0510,88.0,56.0,0.0,10.8,10.99,5.24,0.0
20170607:0610,155.0,121.0,0.0,20.27,11.63,5.03,0.0
20170607:0710,272.0,164.0,0.0,30.11,12.39,7.38,0.0
20170607:0810,254.0,268.0,0.0,39.97,13.19,6.69,0.0
20170607:0910,77.0,372.0,0.0,49.39,14.02,6.34,0.0
20170607:1010,30.0,382.0,0.0,57.56,14.88,5.93,0.0
20170607:1110,227.0,436.0,0.0,63.0,15.29,5.59,0.0
20170607:1210,303.0,414.0,0.0,63.78,16.08,5.86,0.0
20170607:1310,548.0,268.0,0.0,59.53,16.42,5.66,0.0
20170607:1410,359.0,316.0,0.0,51.97,17.28,5.52,0.0
20170607:1510,430.0,201.0,0.0,42.81,18.18,4.97,0.0
20170607:1610,347.0,151.0,0.0,33.02,18.77,4.55,0.0
20170607:1710,230.0,111.0,0.0,23.14,18.73,3.93,0.0
20170607:1810,9.0,88.0,0.0,13.53,18.43,2.97,0.0
20170607:1910,5.0,23.8,0.0,4.52,17.14,2.28,0.0
20170607:2010,0.0,0.0,0.0,0.0,15.74,2.55,0.0
20170607:2110,0.0,0.0,0.0,0.0,14.77,2.55,0.0
20170607:2210,0.0,0.0,0.0,0.0,14.1,2.41,0.0
20170607:2310,0.0,0.0,0.0,0.0,13.4,2.34,0.0
20170608:0010,0.0,0.0,0.0,0.0,12.87,2.34,0.0
20170608:0110,0.0,0.0,0.0,0.0,12.48,2.48,0.0
20170608:0210,0.0,0.0,0.0,0.0,12.05,2.41,0.0
20170608:0310,0.0,0.0,0.0,0.0,11.71,2.21,0.0
20170608:0410,0.0,7.0,0.0,2.08,11.42,2.14,0.0
20170608:0510,13.0,72.0,0.0,10.85,11.74,2.28,0.0
20170608:0610,39.0,151.0,0.0,20.31,13.44,2.62,0.0
20170608:0710,332.0,123.0,0.0,30.14,15.66,3.45,0.0
20170608:0810,438.0,161.0,0.0,40.0,17.69,4.28,0.0
20170608:0910,563.0,171.0,0.0,49.43,19.58,5.24,0.0
20170608:1010,675.01,166.0,0.0,57.61,21.04,5.31,0.0
20170608:1110,699.01,187.0,0.0,63.08,22.35,5.1,0.0
20170608:1210,733.01,170.0,0.0,63.88,23.5,5.1,0.0
20170608:1310,643.01,200.0,0.0,59.63,24.45,5.03,0.0
20170608:1410,642.0,146.0,0.0,52.07,25.05,4.83,0.0
20170608:1510,524.0,138.0,0.0,42.91,25.54,4.62,0.0
20170608:1610,384.0,124.0,0.0,33.12,25.79,4.21,0.0
20170608:1710,29.0,169.0,0.0,23.24,25.69,3.31,0.0
20170608:1810,95.0,77.0,0.0,13.63,24.7,2.0,0.0
20170608:1910,6.0,24.54,0.0,4.62,23.04,2.41,0.0
20170608:2010,0.0,0.0,0.0,0.0,21.4,2.62,0.0
20170608:2110,0.0,0.0,0.0,0.0,20.32,1.79,0.0
20170608:2210,0.0,0.0,0.0,0.0,19.09,1.45,0.0
20170608:2310,0.0,0.0,0.0,0.0,18.16,2.28,0.0
20170609:0010,0.0,0.0,0.0,0.0,17.08,1.03,0.0
20170609:0110,0.0,0.0,0.0,0.0,16.3,1.17,0.0
20170609:0210,0.0,0.0,0.0,0.0,16.3,2.14,0.0
20170609:0310,0.0,0.0,0.0,0.0,16.41,3.03,0.0
20170609:0410,0.0,5.0,0.0,2.12,16.24,3.24,0.0
20170609:0510,52.0,70.0,0.0,10.88,16.11,3.45,0.0
20170609:0610,50.0,152.0,0.0,20.34,16.62,3.59,0.0
20170609:0710,62.0,232.0,0.0,30.17,17.33,4.14,0.0
20170609:0810,52.0,300.0,0.0,40.04,17.45,3.93,0.0
20170609:0910,236.0,344.0,0.0,49.47,17.94,3.72,0.0
20170609:1010,542.0,250.0,0.0,57.67,18.96,3.79,0.0
20170609:1110,515.0,300.0,0.0,63.15,20.01,4.28,0.0
20170609:1210,477.0,325.0,0.0,63.97,20.73,4.9,0.0
20170609:1310,378.0,351.0,0.0,59.73,21.1,5.24,0.0
20170609:1410,327.0,325.0,0.0,52.16,21.32,5.17,0.0
20170609:1510,293.0,269.0,0.0,43.0,21.26,4.76,0.0
20170609:1610,351.0,145.0,0.0,33.21,21.15,4.07,0.0
20170609:1710,231.0,108.0,0.0,23.33,21.36,3.86,0.0
20170609:1810,81.0,85.0,0.0,13.72,20.94,2.21,0.0
20170609:1910,14.0,23.53,0.0,4.71,19.71,1.24,0.0
20170609:2010,0.0,0.0,0.0,0.0,18.0,1.03,0.0
20170609:2110,0.0,0.0,0.0,0.0,17.62,0.34,0.0
20170609:2210,0.0,0.0,0.0,0.0,16.66,0.14,0.0
20170609:2310,0.0,0.0,0.0,0.0,15.98,0.48,0.0
20170610:0010,0.0,0.0,0.0,0.0,14.8,0.83,0.0
20170610:0110,0.0,0.0,0.0,0.0,14.44,1.03,0.0
20170610:0210,0.0,0.0,0.0,0.0,13.77,1.24,0.0
20170610:0310,0.0,0.0,0.0,0.0,12.78,1.59,0.0
20170610:0410,0.0,2.0,0.0,2.16,12.08,1.79,0.0
20170610:0510,73.0,61.0,0.0,10.91,12.49,1.59,0.0
20170610:0610,204.0,93.0,0.0,20.36,15.67,1.31,0.0
20170610:0710,349.0,115.0,0.0,30.19,17.98,1.31,0.0
20170610:0810,503.0,125.0,0.0,40.06,19.93,1.59,0.0
20170610:0910,634.0,131.0,0.0,49.5,21.47,2.28,0.0
20170610:1010,723.01,140.0,0.0,57.71,22.49,3.1,0.0
20170610:1110,778.01,141.0,0.0,63.22,23.27,3.31,0.0
20170610:1210,775.01,147.0,0.0,64.06,24.01,3.31,0.0
20170610:1310,755.01,134.0,0.0,59.82,24.61,3.31,0.0
20170610:1410,659.0,137.0,0.0,52.25,25.03,3.17,0.0
20170610:1510,531.0,135.0,0.0,43.09,25.27,2.9,0.0
20170610:1610,395.0,120.0,0.0,33.3,25.25,2.55,0.0
20170610:1710,255.0,97.0,0.0,23.41,25.04,2.21,0.0
20170610:1810,110.0,72.0,0.0,13.81,24.45,1.45,0.0
20170610:1910,16.0,23.11,0.0,4.8,23.11,1.17,0.0
20170610:2010,0.0,0.0,0.0,0.0,23.04,0.55,0.0
20170610:2110,0.0,0.0,0.0,0.0,20.42,1.17,0.0
20170610:2210,0.0,0.0,0.0,0.0,17.8,1.79,0.0
20170610:2310,0.0,0.0,0.0,0.0,16.8,1.86,0.0
20170611:0010,0.0,0.0,0.0,0.0,16.24,1.72,0.0
20170611:0110,0.0,0.0,0.0,0.0,15.85,1.66,0.0
20170611:0210,0.0,0.0,0.0,0.0,15.4,1.59,0.0
20170611:0310,0.0,0.0,0.0,0.0,14.93,1.59,0.0
20170611:0410,0.0,8.0,0.0,2.19,14.37,1.66,0.0
20170611:0510,34.0,73.0,0.0,10.94,14.84,1.45,0.0
20170611:0610,199.0,94.0,0.0,20.38,18.31,1.1,0.0
20170611:0710,356.0,110.0,0.0,30.21,21.21,1.03,0.0
20170611:0810,481.0,133.0,0.0,40.08,23.54,1.1,0.0
20170611:0910,574.0,159.0,0.0,49.53,25.31,1.52,0.0
20170611:1010,693.01,151.0,0.0,57.75,26.43,1.93,0.0
20170611:1110,701.01,179.0,0.0,63.28,27.21,2.14,0.0
20170611:1210,754.01,153.0,0.0,64.13,27.8,2.55,0.0
20170611:1310,734.01,142.0,0.0,59.9,28.23,3.03,0.0
20170611:1410,624.0,151.0,0.0,52.34,28.59,3.45,0.0
20170611:1510,502.0,146.0,0.0,43.17,28.79,4.07,0.0
20170611:1610,190.0,224.0,0.0,33.38,28.59,4.9,0.0
20170611:1710,27.0,169.0,0.0,23.5,27.59,4.41,0.0
20170611:1810,5.0,81.0,0.0,13.89,26.19,4.14,0.0
20170611:1910,0.0,11.0,0.0,4.89,24.78,3.45,0.0
20170611:2010,0.0,0.0,0.0,0.0,23.18,3.72,0.0
20170611:2110,0.0,0.0,0.0,0.0,20.72,4.76,0.0
20170611:2210,0.0,0.0,0.0,0.0,18.67,3.93,0.0
20170611:2310,0.0,0.0,0.0,0.0,17.81,3.31,0.0
20170612:0010,0.0,0.0,0.0,0.0,17.48,3.17,0.0
20170612:0110,0.0,0.0,0.0,0.0,17.14,3.17,0.0
20170612:0210,0.0,0.0,0.0,0.0,16.62,3.31,0.0
20170612:0310,0.0,0.0,0.0,0.0,15.72,3.24,0.0
20170612:0410,0.0,6.0,0.0,2.22,14.78,2.97,0.0
20170612:0510,76.0,62.0,0.0,10.96,14.17,2.76,0.0
20170612:0610,208.0,94.0,0.0,20.4,14.21,3.17,0.0
20170612:0710,287.0,155.0,0.0,30.23,14.82,3.1,0.0
20170612:0810,501.0,133.0,0.0,40.1,15.94,2.97,0.0
20170612:0910,536.0,198.0,0.0,49.55,16.91,3.03,0.0
20170612:1010,429.0,320.0,0.0,57.78,18.08,3.17,0.0
20170612:1110,770.01,156.0,0.0,63.33,19.0,3.24,0.0
20170612:1210,767.01,162.0,0.0,64.21,19.99,3.24,0.0
20170612:1310,748.01,149.0,0.0,59.98,20.61,3.17,0.0
20170612:1410,655.0,149.0,0.0,52.42,21.01,3.1,0.0
20170612:1510,530.0,143.0,0.0,43.25,21.19,3.03,0.0
20170612:1610,397.0,125.0,0.0,33.46,21.05,2.9,0.0
20170612:1710,0.0,0.0,0.0,0.0,20.79,2.69,0.0
20170612:1810,116.0,72.0,0.0,13.97,20.29,2.55,0.0
20170612:1910,17.0,23.85,0.0,4.97,19.06,2.62,0.0
20170612:2010,0.0,0.0,0.0,0.0,17.94,2.55,0.0
20170612:2110,0.0,0.0,0.0,0.0,16.93,2.69,0.0
20170612:2210,0.0,0.0,0.0,0.0,16.05,2.76,0.0
20170612:2310,0.0,0.0,0.0,0.0,15.34,2.62,0.0
20170613:0010,0.0,0.0,0.0,0.0,14.33,2.41,0.0
20170613:0110,0.0,0.0,0.0,0.0,13.62,2.14,0.0
20170613:0210,0.0,0.0,0.0,0.0,12.89,2.07,0.0
20170613:0310,0.0,0.0,0.0,0.0,12.16,1.93,0.0
20170613:0410,0.0,9.0,0.0,2.24,11.46,1.79,0.0
20170613:0510,71.0,64.0,0.0,10.97,11.54,1.45,0.0
20170613:0610,153.0,121.0,0.0,20.41,13.69,1.52,0.0
20170613:0710,0.0,0.0,0.0,0.0,15.28,1.79,0.0
20170613:0810,132.0,306.0,0.0,40.11,16.82,1.93,0.0
20170613:0910,186.0,363.0,0.0,49.56,18.18,1.93,0.0
20170613:1010,363.0,350.0,0.0,57.81,19.45,2.07,0.0
20170613:1110,0.0,0.0,0.0,0.0,20.57,2.21,0.0
20170613:1210,596.0,264.0,0.0,64.27,21.61,2.55,0.0
20170613:1310,511.0,287.0,0.0,60.06,22.45,2.76,0.0
20170613:1410,416.0,286.0,0.0,52.49,23.06,2.83,0.0
20170613:1510,191.0,315.0,0.0,43.33,23.33,3.1,0.0
20170613:1610,8.0,214.0,0.0,33.53,23.41,3.1,0.0
20170613:1710,5.0,144.0,0.0,23.65,23.22,3.03,0.0
20170613:1810,31.0,100.0,0.0,14.05,22.66,3.03,0.0
20170613:1910,0.0,8.0,0.0,5.05,21.33,2.55,0.0
20170613:2010,0.0,0.0,0.0,0.0,19.99,2.41,0.0
20170613:2110,0.0,0.0,0.0,0.0,18.94,2.9,0.0
20170613:2210,0.0,0.0,0.0,0.0,18.46,3.24,0.0
20170613:2310,0.0,0.0,0.0,0.0,17.94,2.9,0.0
20170614:0010,0.0,0.0,0.0,0.0,17.27,2.83,0.0
20170614:0110,0.0,0.0,0.0,0.0,16.78,2.97,0.0
20170614:0210,0.0,0.0,0.0,0.0,16.43,2.9,0.0
20170614:0310,0.0,0.0,0.0,0.0,16.05,2.69,0.0
20170614:0410,0.0,1.0,0.0,2.25,15.8,2.62,0.0
20170614:0510,4.0,62.0,0.0,10.98,15.95,2.55,0.0
20170614:0610,172.0,108.0,0.0,20.41,17.0,2.69,0.0
20170614:0710,48.0,227.0,0.0,30.24,18.48,2.62,0.0
20170614:0810,408.0,176.0,0.0,40.11,19.86,2.55,0.0
20170614:0910,515.0,198.0,0.0,49.57,21.63,2.41,0.0
20170614:1010,669.01,166.0,0.0,57.83,23.27,2.07,0.0
20170614:1110,585.0,254.0,0.0,63.41,24.86,1.93,0.0
20170614:1210,470.0,324.0,0.0,64.33,26.03,2.21,0.0
20170614:1310,0.0,234.0,0.0,60.13,27.09,2.41,0.0
20170614:1410,150.0,382.0,0.0,52.57,27.83,2.34,0.0
20170614:1510,423.0,197.0,0.0,43.4,28.32,2.28,0.0
20170614:1610,385.0,125.0,0.0,33.6,28.52,1.93,0.0
20170614:1710,237.0,107.0,0.0,23.72,28.44,1.52,0.0
20170614:1810,92.0,83.0,0.0,14.12,27.9,0.97,0.0
20170614:1910,10.0,26.54,0.0,5.12,26.45,1.17,0.0
20170614:2010,0.0,0.0,0.0,0.0,24.95,2.07,0.0
20170614:2110,0.0,0.0,0.0,0.0,23.37,2.21,0.0
20170614:2210,0.0,0.0,0.0,0.0,22.17,2.07,0.0
20170614:2310,0.0,0.0,0.0,0.0,21.23,2.07,0.0
20170615:0010,0.0,0.0,0.0,0.0,20.44,2.0,0.0
20170615:0110,0.0,0.0,0.0,0.0,19.86,1.93,0.0
20170615:0210,0.0,0.0,0.0,0.0,19.33,2.0,0.0
20170615:0310,0.0,0.0,0.0,0.0,18.97,2.0,0.0
20170615:0410,0.0,7.0,0.0,2.26,18.78,2.07,0.0
20170615:0510,54.0,69.0,0.0,10.98,19.26,1.79,0.0
20170615:0610,173.0,108.0,0.0,20.41,21.38,1.86,0.0
20170615:0710,318.0,131.0,0.0,30.24,22.81,2.0,0.0
20170615:0810,469.0,141.0,0.0,40.11,24.25,2.0,0.0
20170615:0910,367.0,282.0,0.0,49.57,25.58,2.69,0.0
20170615:1010,634.0,190.0,0.0,57.84,26.2,4.0,0.0
20170615:1110,736.01,163.0,0.0,63.45,26.47,4.07,0.0
20170615:1210,690.01,197.0,0.0,64.38,26.86,3.24,0.0
20170615:1310,401.0,337.0,0.0,60.19,27.47,4.07,0.0
20170615:1410,260.0,352.0,0.0,52.63,27.62,4.9,0.0
20170615:1510,504.0,151.0,0.0,43.46,27.24,4.76,0.0
20170615:1610,240.0,206.0,0.0,33.67,26.87,4.55,0.0
20170615:1710,93.0,173.0,0.0,23.79,26.21,4.41,0.0
20170615:1810,45.0,99.0,0.0,14.19,25.07,4.07,0.0
20170615:1910,2.0,25.57,0.0,5.18,23.16,4.21,0.0
20170615:2010,0.0,0.0,0.0,0.0,21.49,4.34,0.0
20170615:2110,0.0,0.0,0.0,0.0,20.08,3.79,0.0
20170615:2210,0.0,0.0,0.0,0.0,18.79,3.45,0.0
20170615:2310,0.0,0.0,0.0,0.0,17.58,3.52,0.0
20170616:0010,0.0,0.0,0.0,0.0,16.38,3.45,0.0
20170616:0110,0.0,0.0,0.0,0.0,15.23,3.52,0.0
20170616:0210,0.0,0.0,0.0,0.0,14.24,3.17,0.0
20170616:0310,0.0,0.0,0.0,0.0,13.48,2.9,0.0
20170616:0410,0.0,8.0,0.0,2.27,12.9,2.69,0.0
20170616:0510,81.0,60.0,0.0,10.98,13.12,2.55,0.0
20170616:0610,181.0,107.0,0.0,20.41,13.99,3.38,0.0
20170616:0710,298.0,147.0,0.0,30.23,15.55,3.45,0.0
20170616:0810,299.0,243.0,0.0,40.1,16.68,3.1,0.0
20170616:0910,493.0,220.0,0.0,49.57,17.73,3.1,0.0
20170616:1010,379.0,342.0,0.0,57.85,18.71,3.38,0.0
20170616:1110,543.0,289.0,0.0,63.47,19.64,3.79,0.0
20170616:1210,632.01,242.0,0.0,64.43,20.49,4.0,0.0
20170616:1310,658.01,200.0,0.0,60.24,21.27,4.14,0.0
20170616:1410,562.0,203.0,0.0,52.69,21.94,4.28,0.0
20170616:1510,480.0,173.0,0.0,43.52,22.36,4.34,0.0
20170616:1610,299.0,182.0,0.0,33.73,22.45,4.41,0.0
20170616:1710,174.0,145.0,0.0,23.85,22.11,4.41,0.0
20170616:1810,102.0,82.0,0.0,14.25,21.35,4.34,0.0
20170616:1910,15.0,27.15,0.0,5.24,20.68,3.52,0.0
20170616:2010,0.0,0.0,0.0,0.0,19.11,3.31,0.0
20170616:2110,0.0,0.0,0.0,0.0,17.85,3.24,0.0
20170616:2210,0.0,0.0,0.0,0.0,16.83,2.97,0.0
20170616:2310,0.0,0.0,0.0,0.0,15.92,2.62,0.0
20170617:0010,0.0,0.0,0.0,0.0,15.12,2.41,0.0
20170617:0110,0.0,0.0,0.0,0.0,14.45,2.28,0.0
20170617:0210,0.0,0.0,0.0,0.0,13.86,2.14,0.0
20170617:0310,0.0,0.0,0.0,0.0,13.35,2.0,0.0
20170617:0410,0.0,9.0,0.0,2.26,12.84,1.93,0.0
20170617:0510,74.0,62.0,0.0,10.97,13.12,1.52,0.0
20170617:0610,201.0,95.0,0.0,20.4,15.12,1.31,0.0
20170617:0710,345.0,119.0,0.0,30.22,17.47,1.1,0.0
20170617:0810,496.0,131.0,0.0,40.09,19.33,1.1,0.0
20170617:0910,625.0,139.0,0.0,49.56,21.13,1.31,0.0
20170617:1010,669.0,173.0,0.0,57.85,22.82,1.86,0.0
20170617:1110,632.01,233.0,0.0,63.49,24.33,3.03,0.0
20170617:1210,533.0,296.0,0.0,64.47,24.84,3.24,0.0
20170617:1310,691.01,176.0,0.0,60.3,25.58,3.59,0.0
20170617:1410,637.0,154.0,0.0,52.75,26.21,3.86,0.0
20170617:1510,514.0,150.0,0.0,43.58,26.43,4.0,0.0
20170617:1610,380.0,133.0,0.0,33.79,26.39,3.93,0.0
20170617:1710,213.0,125.0,0.0,23.91,26.23,3.86,0.0
20170617:1810,115.0,75.0,0.0,14.3,25.72,3.45,0.0
20170617:1910,18.0,26.43,0.0,5.3,24.28,3.03,0.0
20170617:2010,0.0,0.0,0.0,0.0,22.89,3.03,0.0
20170617:2110,0.0,0.0,0.0,0.0,21.93,2.97,0.0
20170617:2210,0.0,0.0,0.0,0.0,20.98,2.76,0.0
20170617:2310,0.0,0.0,0.0,0.0,20.05,2.55,0.0
20170618:0010,0.0,0.0,0.0,0.0,19.34,2.48,0.0
20170618:0110,0.0,0.0,0.0,0.0,18.63,2.55,0.0
20170618:0210,0.0,0.0,0.0,0.0,18.02,2.62,0.0
20170618:0310,0.0,0.0,0.0,0.0,17.45,2.69,0.0
20170618:0410,0.0,9.0,0.0,2.25,16.95,2.69,0.0
20170618:0510,65.0,66.0,0.0,10.96,17.22,2.62,0.0
20170618:0610,192.0,99.0,0.0,20.38,18.65,2.9,0.0
20170618:0710,336.0,123.0,0.0,30.2,21.05,2.97,0.0
20170618:0810,490.0,134.0,0.0,40.07,22.85,3.1,0.0
20170618:0910,626.0,138.0,0.0,49.55,24.39,3.52,0.0
20170618:1010,713.01,149.0,0.0,57.85,25.61,3.93,0.0
20170618:1110,758.01,156.0,0.0,63.5,26.64,4.14,0.0
20170618:1210,766.01,157.0,0.0,64.5,27.54,4.34,0.0
20170618:1310,748.01,144.0,0.0,60.34,28.22,4.41,0.0
20170618:1410,0.0,0.0,0.0,0.0,28.7,4.55,0.0
20170618:1510,531.0,141.0,0.0,43.63,28.95,4.55,0.0
20170618:1610,399.0,124.0,0.0,33.84,28.99,4.41,0.0
20170618:1710,252.0,104.0,0.0,23.96,28.74,4.14,0.0
20170618:1810,116.0,75.0,0.0,14.35,28.17,3.52,0.0
20170618:1910,15.0,28.11,0.0,5.35,26.91,2.97,0.0
20170618:2010,0.0,0.0,0.0,0.0,25.12,2.83,0.0
20170618:2110,0.0,0.0,0.0,0.0,23.78,2.9,0.0
20170618:2210,0.0,0.0,0.0,0.0,22.72,2.97,0.0
20170618:2310,0.0,0.0,0.0,0.0,21.77,2.9,0.0
20170619:0010,0.0,0.0,0.0,0.0,20.88,2.83,0.0
20170619:0110,0.0,0.0,0.0,0.0,20.02,2.69,0.0
20170619:0210,0.0,0.0,0.0,0.0,19.22,2.62,0.0
20170619:0310,0.0,0.0,0.0,0.0,18.47,2.48,0.0
20170619:0410,0.0,9.0,0.0,2.24,17.78,2.41,0.0
20170619:0510,78.0,60.0,0.0,10.94,17.84,2.14,0.0
20170619:0610,206.0,94.0,0.0,20.36,19.49,2.14,0.0
20170619:0710,347.0,120.0,0.0,30.18,21.99,1.86,0.0
20170619:0810,498.0,133.0,0.0,40.05,24.34,2.0,0.0
20170619:0910,635.0,137.0,0.0,49.53,26.56,2.28,0.0
20170619:1010,723.01,147.0,0.0,57.84,28.37,2.69,0.0
20170619:1110,779.01,150.0,0.0,63.51,29.61,2.83,0.0
20170619:1210,766.01,162.0,0.0,64.52,30.54,2.62,0.0
20170619:1310,749.01,148.0,0.0,60.38,31.24,2.41,0.0
20170619:1410,657.0,149.0,0.0,52.84,31.74,2.21,0.0
20170619:1510,540.0,141.0,0.0,43.68,32.0,2.0,0.0
20170619:1610,401.0,126.0,0.0,33.89,32.0,1.79,0.0
20170619:1710,238.0,114.0,0.0,24.01,31.76,1.66,0.0
20170619:1810,114.0,78.0,0.0,14.4,31.03,1.38,0.0
20170619:1910,17.0,27.62,0.0,5.39,29.08,1.24,0.0
20170619:2010,0.0,0.0,0.0,0.0,26.83,2.07,0.0
20170619:2110,0.0,0.0,0.0,0.0,24.66,2.21,0.0
20170619:2210,0.0,0.0,0.0,0.0,22.99,2.21,0.0
20170619:2310,0.0,0.0,0.0,0.0,21.66,2.07,0.0
20170620:0010,0.0,0.0,0.0,0.0,20.58,1.86,0.0
20170620:0110,0.0,0.0,0.0,0.0,20.04,1.66,0.0
20170620:0210,0.0,0.0,0.0,0.0,20.42,1.24,0.0
20170620:0310,0.0,0.0,0.0,0.0,21.37,0.9,0.0
20170620:0410,0.0,1.0,0.0,2.22,21.1,0.69,0.0
20170620:0510,32.0,75.0,0.0,10.92,20.98,0.55,0.0
20170620:0610,172.0,108.0,0.0,20.34,21.69,0.34,0.0
20170620:0710,332.0,123.0,0.0,30.15,24.89,0.34,0.0
20170620:0810,464.0,145.0,0.0,40.03,27.25,0.55,0.0
20170620:0910,603.0,148.0,0.0,49.51,29.32,0.9,0.0
20170620:1010,688.01,159.0,0.0,57.83,30.86,1.24,0.0
20170620:1110,730.01,169.0,0.0,63.51,31.92,1.1,0.0
20170620:1210,611.01,249.0,0.0,64.54,32.7,0.62,0.0
20170620:1310,525.0,275.0,0.0,60.41,33.08,0.07,0.0
20170620:1410,352.0,316.0,0.0,52.88,33.29,0.34,0.0
20170620:1510,323.0,258.0,0.0,43.72,33.18,0.62,0.0
20170620:1610,209.0,225.0,0.0,33.93,33.11,1.52,0.0
20170620:1710,217.0,123.0,0.0,24.05,31.92,1.66,0.0
20170620:1810,11.0,95.0,0.0,14.44,30.71,1.72,0.0
20170620:1910,0.0,20.0,0.0,5.43,29.64,1.72,0.0
20170620:2010,0.0,0.0,0.0,0.0,28.09,2.14,0.0
20170620:2110,0.0,0.0,0.0,0.0,26.81,2.76,0.0
20170620:2210,0.0,0.0,0.0,0.0,25.97,2.69,0.0
20170620:2310,0.0,0.0,0.0,0.0,25.08,2.48,0.0
20170621:0010,0.0,0.0,0.0,0.0,24.21,2.41,0.0
20170621:0110,0.0,0.0,0.0,0.0,23.37,2.28,0.0
20170621:0210,0.0,0.0,0.0,0.0,22.54,2.21,0.0
20170621:0310,0.0,0.0,0.0,0.0,21.78,2.14,0.0
20170621:0410,0.0,5.0,0.0,2.2,21.04,2.0,0.0
20170621:0510,33.0,73.0,0.0,10.89,20.96,1.66,0.0
20170621:0610,138.0,122.0,0.0,20.3,23.39,1.45,0.0
20170621:0710,281.0,147.0,0.0,30.12,25.98,1.45,0.0
20170621:0810,434.0,156.0,0.0,40.0,28.29,1.72,0.0
20170621:0910,559.0,166.0,0.0,49.48,30.22,1.86,0.0
20170621:1010,624.0,190.0,0.0,57.8,31.93,1.79,0.0
20170621:1110,713.01,170.0,0.0,63.5,33.2,2.14,0.0
20170621:1210,436.0,339.0,0.0,64.55,33.88,2.62,0.0
20170621:1310,513.0,273.0,0.0,60.44,34.26,2.76,0.0
20170621:1410,393.0,288.0,0.0,52.91,34.4,2.69,0.0
20170621:1510,413.0,203.0,0.0,43.76,34.57,2.55,0.0
20170621:1610,259.0,196.0,0.0,33.97,34.5,2.48,0.0
20170621:1710,205.0,126.0,0.0,24.09,34.25,2.41,0.0
20170621:1810,79.0,91.0,0.0,14.48,33.52,1.86,0.0
20170621:1910,9.0,30.64,0.0,5.47,31.57,0.76,0.0
20170621:2010,0.0,0.0,0.0,0.0,29.7,1.52,0.0
20170621:2110,0.0,0.0,0.0,0.0,27.79,2.28,0.0
20170621:2210,0.0,0.0,0.0,0.0,26.67,2.62,0.0
20170621:2310,0.0,0.0,0.0,0.0,26.14,2.83,0.0
20170622:0010,0.0,0.0,0.0,0.0,25.74,2.97,0.0
20170622:0110,0.0,0.0,0.0,0.0,25.28,2.9,0.0
20170622:0210,0.0,0.0,0.0,0.0,24.71,2.69,0.0
20170622:0310,0.0,0.0,0.0,0.0,23.89,2.34,0.0
20170622:0410,0.0,3.0,0.0,2.16,22.88,2.14,0.0
20170622:0510,31.0,74.0,0.0,10.86,22.63,1.93,0.0
20170622:0610,91.0,142.0,0.0,20.27,24.01,2.07,0.0
20170622:0710,268.0,156.0,0.0,30.08,25.89,2.55,0.0
20170622:0810,428.0,162.0,0.0,39.96,27.37,2.28,0.0
20170622:0910,552.0,172.0,0.0,49.45,29.03,2.0,0.0
20170622:1010,518.0,256.0,0.0,57.78,30.62,2.83,0.0
20170622:1110,651.01,212.0,0.0,63.48,31.72,3.79,0.0
20170622:1210,685.01,197.0,0.0,64.55,32.58,4.14,0.0
20170622:1310,626.0,209.0,0.0,60.46,33.19,4.48,0.0
20170622:1410,507.0,227.0,0.0,52.94,33.48,4.76,0.0
20170622:1510,311.0,260.0,0.0,43.79,33.4,5.03,0.0
20170622:1610,196.0,227.0,0.0,34.0,33.13,5.24,0.0
20170622:1710,157.0,152.0,0.0,24.12,32.08,5.03,0.0
20170622:1810,89.0,87.0,0.0,14.51,30.22,4.62,0.0
20170622:1910,11.0,30.13,0.0,5.5,26.96,5.45,0.0
20170622:2010,0.0,0.0,0.0,0.0,24.03,4.48,0.0
20170622:2110,0.0,0.0,0.0,0.0,22.32,3.93,0.0
20170622:2210,0.0,0.0,0.0,0.0,20.96,3.45,0.0
20170622:2310,0.0,0.0,0.0,0.0,20.07,2.97,0.0
20170623:0010,0.0,0.0,0.0,0.0,19.37,2.62,0.0
20170623:0110,0.0,0.0,0.0,0.0,18.66,2.28,0.0
20170623:0210,0.0,0.0,0.0,0.0,18.15,2.34,0.0
20170623:0310,0.0,0.0,0.0,0.0,17.62,2.21,0.0
20170623:0410,0.0,3.0,0.0,2.13,17.11,2.28,0.0
20170623:0510,24.0,75.0,0.0,10.82,16.97,2.62,0.0
20170623:0610,0.0,85.0,0.0,20.23,17.42,2.9,0.0
20170623:0710,40.0,227.0,0.0,30.04,17.95,3.24,0.0
20170623:0810,67.0,305.0,0.0,39.92,18.87,3.31,0.0
20170623:0910,154.0,368.0,0.0,49.41,19.88,3.52,0.0
20170623:1010,226.0,402.0,0.0,57.74,20.89,3.79,0.0
20170623:1110,427.0,350.0,0.0,63.46,21.87,3.93,0.0
20170623:1210,560.0,284.0,0.0,64.55,22.97,3.86,0.0
20170623:1310,658.01,200.0,0.0,60.47,23.69,3.72,0.0
20170623:1410,504.0,239.0,0.0,52.97,24.13,3.59,0.0
20170623:1510,131.0,333.0,0.0,43.82,24.63,3.31,0.0
20170623:1610,365.0,147.0,0.0,34.03,24.9,3.31,0.0
20170623:1710,232.0,118.0,0.0,24.15,24.8,3.38,0.0
20170623:1810,112.0,79.0,0.0,14.54,24.36,3.24,0.0
20170623:1910,21.0,26.71,0.0,5.52,22.05,3.1,0.0
20170623:2010,0.0,0.0,0.0,0.0,20.77,2.76,0.0
20170623:2110,0.0,0.0,0.0,0.0,19.8,2.48,0.0
20170623:2210,0.0,0.0,0.0,0.0,18.79,2.0,0.0
20170623:2310,0.0,0.0,0.0,0.0,18.11,1.72,0.0
20170624:0010,0.0,0.0,0.0,0.0,17.39,1.59,0.0
20170624:0110,0.0,0.0,0.0,0.0,16.28,1.31,0.0
20170624:0210,0.0,0.0,0.0,0.0,15.86,1.1,0.0
20170624:0310,0.0,0.0,0.0,0.0,14.71,1.38,0.0
20170624:0410,0.0,1.0,0.0,2.09,13.87,1.52,0.0
20170624:0510,50.0,70.0,0.0,10.77,14.83,1.1,0.0
20170624:0610,18.0,142.0,0.0,20.18,17.55,1.1,0.0
20170624:0710,68.0,232.0,0.0,30.0,18.76,2.76,0.0
20170624:0810,62.0,303.0,0.0,39.87,19.79,3.79,0.0
20170624:0910,92.0,370.0,0.0,49.37,20.78,4.21,0.0
20170624:1010,0.0,254.0,0.0,57.7,21.9,4.41,0.0
20170624:1110,211.0,436.0,0.0,63.43,22.83,4.62,0.0
20170624:1210,0.0,284.0,0.0,64.54,23.77,4.69,0.0
20170624:1310,0.0,253.0,0.0,60.48,24.62,4.97,0.0
20170624:1410,106.0,392.0,0.0,52.98,24.84,5.17,0.0
20170624:1510,441.0,198.0,0.0,43.84,24.64,5.1,0.0
20170624:1610,245.0,212.0,0.0,34.06,24.59,4.97,0.0
20170624:1710,159.0,156.0,0.0,24.17,24.31,4.69,0.0
20170624:1810,0.0,43.0,0.0,14.56,23.97,4.07,0.0
20170624:1910,21.0,26.73,0.0,5.54,23.27,3.03,0.0
20170624:2010,0.0,0.0,0.0,0.0,22.32,2.48,0.0
20170624:2110,0.0,0.0,0.0,0.0,21.65,2.69,0.0
20170624:2210,0.0,0.0,0.0,0.0,21.19,3.1,0.0
20170624:2310,0.0,0.0,0.0,0.0,20.73,3.79,0.0
20170625:0010,0.0,0.0,0.0,0.0,20.09,3.79,0.0
20170625:0110,0.0,0.0,0.0,0.0,19.23,3.17,0.0
20170625:0210,0.0,0.0,0.0,0.0,18.56,2.83,0.0
20170625:0310,0.0,0.0,0.0,0.0,18.35,2.76,0.0
20170625:0410,0.0,1.0,0.0,2.04,18.26,2.97,0.0
20170625:0510,1.0,54.0,0.0,10.73,18.46,2.83,0.0
20170625:0610,62.0,149.0,0.0,20.13,18.83,3.79,0.0
20170625:0710,19.0,207.0,0.0,29.95,19.09,4.28,0.0
20170625:0810,188.0,283.0,0.0,39.82,19.26,4.21,0.0
20170625:0910,137.0,364.0,0.0,49.32,20.21,4.21,0.0
20170625:1010,404.0,320.0,0.0,57.66,21.69,4.48,0.0
20170625:1110,297.0,401.0,0.0,63.4,23.46,4.48,0.0
20170625:1210,394.0,364.0,0.0,64.53,24.3,4.34,0.0
20170625:1310,71.0,417.0,0.0,60.48,25.12,4.48,0.0
20170625:1410,30.0,353.0,0.0,53.0,25.52,4.55,0.0
20170625:1510,204.0,309.0,0.0,43.86,25.8,4.48,0.0
20170625:1610,70.0,260.0,0.0,34.08,25.89,4.21,0.0
20170625:1710,51.0,182.0,0.0,24.19,25.78,3.31,0.0
20170625:1810,37.0,103.0,0.0,14.58,25.54,2.48,0.0
20170625:1910,22.0,26.49,0.0,5.55,24.62,1.66,0.0
20170625:2010,0.0,0.0,0.0,0.0,23.7,1.31,0.0
20170625:2110,0.0,0.0,0.0,0.0,22.32,1.59,0.0
20170625:2210,0.0,0.0,0.0,0.0,20.98,2.0,0.0
20170625:2310,0.0,0.0,0.0,0.0,19.94,2.34,0.0
20170626:0010,0.0,0.0,0.0,0.0,18.93,2.48,0.0
20170626:0110,0.0,0.0,0.0,0.0,18.09,2.41,0.0
20170626:0210,0.0,0.0,0.0,0.0,17.25,2.28,0.0
20170626:0310,0.0,0.0,0.0,0.0,16.51,2.21,0.0
20170626:0410,0.0,6.0,0.0,1.99,15.91,1.93,0.0
20170626:0510,61.0,63.0,0.0,10.67,16.0,1.79,0.0
20170626:0610,148.0,116.0,0.0,20.08,16.95,2.21,0.0
20170626:0710,320.0,124.0,0.0,29.89,18.61,2.76,0.0
20170626:0810,442.0,151.0,0.0,39.77,20.31,2.55,0.0
20170626:0910,581.0,152.0,0.0,49.27,22.12,2.28,0.0
20170626:1010,637.0,182.0,0.0,57.61,23.88,2.07,0.0
20170626:1110,482.0,310.0,0.0,63.36,25.5,1.52,0.0
20170626:1210,213.0,431.0,0.0,64.5,26.52,1.24,0.0
20170626:1310,143.0,424.0,0.0,60.48,26.78,1.1,0.0
20170626:1410,136.0,385.0,0.0,53.0,26.98,1.52,0.0
20170626:1510,20.0,292.0,0.0,43.87,26.96,2.28,0.0
20170626:1610,6.0,206.0,0.0,34.09,26.93,3.17,0.0
20170626:1710,0.0,114.0,0.0,24.2,26.7,3.66,0.0
20170626:1810,0.0,57.0,0.0,14.59,26.18,3.66,0.0
20170626:1910,0.0,22.0,0.0,5.56,25.41,1.93,0.0
20170626:2010,0.0,0.0,0.0,0.0,24.35,1.66,0.0
20170626:2110,0.0,0.0,0.0,0.0,23.07,1.79,0.0
20170626:2210,0.0,0.0,0.0,0.0,21.73,2.07,0.0
20170626:2310,0.0,0.0,0.0,0.0,20.91,2.07,0.0
20170627:0010,0.0,0.0,0.0,0.0,20.27,1.45,0.0
20170627:0110,0.0,0.0,0.0,0.0,19.78,0.9,0.0
20170627:0210,0.0,0.0,0.0,0.0,18.81,0.9,0.0
20170627:0310,0.0,0.0,0.0,0.0,18.22,1.17,0.0
20170627:0410,0.0,1.0,0.0,1.93,18.03,1.31,0.0
20170627:0510,13.0,69.0,0.0,10.61,18.29,0.9,0.0
20170627:0610,19.0,139.0,0.0,20.02,19.93,0.83,0.0
20170627:0710,48.0,223.0,0.0,29.83,19.55,1.03,0.0
20170627:0810,151.0,290.0,0.0,39.71,20.1,1.1,0.0
20170627:0910,31.0,333.0,0.0,49.21,21.1,1.1,0.0
20170627:1010,306.0,360.0,0.0,57.55,22.32,0.9,0.0
20170627:1110,0.0,274.0,0.0,63.31,23.1,0.83,0.0
20170627:1210,0.0,127.0,0.0,64.47,24.44,0.9,0.0
20170627:1310,60.0,409.0,0.0,60.46,25.54,0.97,0.0
20170627:1410,243.0,356.0,0.0,53.0,25.74,1.31,0.0
20170627:1510,10.0,269.0,0.0,43.88,23.58,2.48,0.0
20170627:1610,0.0,83.0,0.0,34.1,22.04,2.97,0.0
20170627:1710,0.0,43.0,0.0,24.21,22.03,2.69,0.0
20170627:1810,0.0,50.0,0.0,14.59,22.09,3.17,0.0
20170627:1910,0.0,5.0,0.0,5.56,21.19,2.07,0.0
20170627:2010,0.0,0.0,0.0,0.0,20.5,2.21,0.0
20170627:2110,0.0,0.0,0.0,0.0,19.8,2.14,0.0
20170627:2210,0.0,0.0,0.0,0.0,19.33,2.14,0.0
20170627:2310,0.0,0.0,0.0,0.0,18.81,2.21,0.0
20170628:0010,0.0,0.0,0.0,0.0,18.18,2.34,0.0
20170628:0110,0.0,0.0,0.0,0.0,17.56,2.62,0.0
20170628:0210,0.0,0.0,0.0,0.0,17.3,2.69,0.0
20170628:0310,0.0,0.0,0.0,0.0,17.12,3.03,0.0
20170628:0410,0.0,7.0,0.0,1.87,16.8,3.52,0.0
20170628:0510,10.0,68.0,0.0,10.55,16.5,3.45,0.0
20170628:0610,4.0,117.0,0.0,19.96,16.52,3.03,0.0
20170628:0710,320.0,123.0,0.0,29.77,17.6,3.38,0.0
20170628:0810,171.0,286.0,0.0,39.65,18.33,3.38,0.0
20170628:0910,26.0,329.0,0.0,49.15,19.21,3.45,0.0
20170628:1010,29.0,370.0,0.0,57.49,20.52,3.45,0.0
20170628:1110,25.0,388.0,0.0,63.26,21.37,3.31,0.0
20170628:1210,469.0,324.0,0.0,64.43,22.08,2.97,0.0
20170628:1310,0.0,254.0,0.0,60.45,19.62,4.55,0.0
20170628:1410,0.0,170.0,0.0,53.0,18.74,4.14,0.0
20170628:1510,15.0,284.0,0.0,43.88,19.21,3.38,0.0
20170628:1610,78.0,259.0,0.0,34.1,20.44,3.72,0.0
20170628:1710,219.0,121.0,0.0,24.22,20.88,4.21,0.0
20170628:1810,89.0,89.0,0.0,14.59,19.68,3.79,0.0
20170628:1910,11.0,31.08,0.0,5.55,18.94,2.97,0.0
20170628:2010,0.0,0.0,0.0,0.0,18.31,2.48,0.0
20170628:2110,0.0,0.0,0.0,0.0,17.53,2.34,0.0
20170628:2210,0.0,0.0,0.0,0.0,16.93,2.34,0.0
20170628:2310,0.0,0.0,0.0,0.0,16.34,2.34,0.0
20170629:0010,0.0,0.0,0.0,0.0,15.78,2.62,0.0
20170629:0110,0.0,0.0,0.0,0.0,15.62,2.62,0.0
20170629:0210,0.0,0.0,0.0,0.0,15.2,2.34,0.0
20170629:0310,0.0,0.0,0.0,0.0,14.77,2.14,0.0
20170629:0410,0.0,1.0,0.0,1.8,14.42,1.93,0.0
20170629:0510,0.0,11.0,0.0,10.48,14.57,1.93,0.0
20170629:0610,127.0,127.0,0.0,19.89,14.97,2.55,0.0
20170629:0710,186.0,197.0,0.0,29.7,15.38,3.86,0.0
20170629:0810,248.0,260.0,0.0,39.58,16.4,4.28,0.0
20170629:0910,166.0,361.0,0.0,49.08,17.49,4.83,0.0
20170629:1010,271.0,382.0,0.0,57.43,18.63,5.1,0.0
20170629:1110,151.0,442.0,0.0,63.2,19.32,5.38,0.0
20170629:1210,69.0,435.0,0.0,64.39,19.54,5.31,0.0
20170629:1310,30.0,388.0,0.0,60.42,20.17,5.24,0.0
20170629:1410,490.0,244.0,0.0,52.99,20.5,4.48,0.0
20170629:1510,16.0,287.0,0.0,43.88,19.83,5.38,0.0
20170629:1610,0.0,118.0,0.0,34.1,17.32,5.45,0.0
20170629:1710,1.0,123.0,0.0,24.21,17.16,4.28,0.0
20170629:1810,48.0,104.0,0.0,14.59,17.32,4.21,0.0
20170629:1910,3.0,30.27,0.0,5.54,18.01,4.34,0.0
20170629:2010,0.0,0.0,0.0,0.0,17.18,4.07,0.0
20170629:2110,0.0,0.0,0.0,0.0,16.67,4.07,0.0
20170629:2210,0.0,0.0,0.0,0.0,16.28,4.21,0.0
20170629:2310,0.0,0.0,0.0,0.0,15.9,4.41,0.0
20170630:0010,0.0,0.0,0.0,0.0,15.54,4.55,0.0
20170630:0110,0.0,0.0,0.0,0.0,15.24,4.55,0.0
20170630:0210,0.0,0.0,0.0,0.0,14.88,4.41,0.0
20170630:0310,0.0,0.0,0.0,0.0,14.63,4.28,0.0
20170630:0410,0.0,1.0,0.0,1.73,14.43,4.0,0.0
20170630:0510,1.0,52.0,0.0,10.41,14.62,3.31,0.0
20170630:0610,6.0,124.0,0.0,19.82,15.05,5.17,0.0
20170630:0710,19.0,206.0,0.0,29.63,15.31,3.93,0.0
20170630:0810,24.0,275.0,0.0,39.51,15.99,3.59,0.0
20170630:0910,0.0,213.0,0.0,49.01,16.52,3.45,0.0
20170630:1010,144.0,414.0,0.0,57.36,17.06,3.45,0.0
20170630:1110,307.0,399.0,0.0,63.13,17.58,3.66,0.0
20170630:1210,22.0,390.0,0.0,64.34,17.27,3.86,0.0
20170630:1310,189.0,422.0,0.0,60.39,18.3,3.79,0.0
20170630:1410,43.0,368.0,0.0,52.97,17.86,4.0,0.0
20170630:1510,110.0,333.0,0.0,43.87,17.61,4.62,0.0
20170630:1610,197.0,232.0,0.0,34.09,17.79,3.93,0.0
20170630:1710,278.0,94.0,0.0,24.21,17.94,3.31,0.0
20170630:1810,0.0,35.0,0.0,14.58,17.69,3.03,0.0
20170630:1910,9.0,30.67,0.0,5.53,16.05,2.21,0.0
20170630:2010,0.0,0.0,0.0,0.0,15.57,2.07,0.0
20170630:2110,0.0,0.0,0.0,0.0,15.09,2.21,0.0
20170630:2210,0.0,0.0,0.0,0.0,14.85,2.62,0.0
20170630:2310,0.0,0.0,0.0,0.0,14.74,3.03,0.0
20170701:0010,0.0,0.0,0.0,0.0,14.57,3.1,0.0
20170701:0110,0.0,0.0,0.0,0.0,14.32,3.1,0.0
20170701:0210,0.0,0.0,0.0,0.0,14.02,3.17,0.0
20170701:0310,0.0,0.0,0.0,0.0,13.6,3.17,0.0
20170701:0410,0.0,1.0,0.0,1.65,13.36,3.24,0.0
20170701:0510,0.0,19.0,0.0,10.34,13.57,3.38,0.0
20170701:0610,0.0,25.0,0.0,19.74,14.1,3.24,0.0
20170701:0710,0.0,125.0,0.0,29.56,15.55,4.0,0.0
20170701:0810,10.0,249.0,0.0,39.43,15.63,4.14,0.0
20170701:0910,0.0,215.0,0.0,48.93,16.0,4.14,0.0
20170701:1010,0.0,107.0,0.0,57.28,15.78,4.14,0.0
20170701:1110,0.0,129.0,0.0,63.06,15.7,4.21,0.0
20170701:1210,0.0,236.0,0.0,64.28,15.41,4.21,0.0
20170701:1310,2.0,291.0,0.0,60.35,15.41,4.21,0.0
20170701:1410,0.0,209.0,0.0,52.95,15.81,3.38,0.0
20170701:1510,114.0,330.0,0.0,43.85,16.51,3.38,0.0
20170701:1610,170.0,240.0,0.0,34.08,17.81,4.21,0.0
20170701:1710,182.0,141.0,0.0,24.19,18.81,3.93,0.0
20170701:1810,53.0,101.0,0.0,14.56,19.08,3.24,0.0
20170701:1910,14.0,29.36,0.0,5.51,17.41,3.17,0.0
20170701:2010,0.0,0.0,0.0,0.0,16.53,3.17,0.0
20170701:2110,0.0,0.0,0.0,0.0,15.87,3.1,0.0
20170701:2210,0.0,0.0,0.0,0.0,15.32,3.03,0.0
20170701:2310,0.0,0.0,0.0,0.0,14.95,2.83,0.0
20170702:0010,0.0,0.0,0.0,0.0,14.31,2.69,0.0
20170702:0110,0.0,0.0,0.0,0.0,13.67,2.69,0.0
20170702:0210,0.0,0.0,0.0,0.0,13.14,2.83,0.0
20170702:0310,0.0,0.0,0.0,0.0,12.65,2.62,0.0
20170702:0410,0.0,1.0,0.0,1.57,12.06,2.41,0.0
20170702:0510,4.0,59.0,0.0,10.25,12.4,2.28,0.0
20170702:0610,0.0,89.0,0.0,19.66,13.13,2.62,0.0
20170702:0710,0.0,103.0,0.0,29.48,14.27,2.97,0.0
20170702:0810,0.0,121.0,0.0,39.35,14.6,3.24,0.0
20170702:0910,0.0,128.0,0.0,48.85,15.33,4.07,0.0
20170702:1010,0.0,143.0,0.0,57.2,15.98,4.34,0.0
20170702:1110,0.0,143.0,0.0,62.98,16.62,4.07,0.0
20170702:1210,0.0,188.0,0.0,64.22,17.69,3.79,0.0
20170702:1310,109.0,427.0,0.0,60.31,19.09,3.66,0.0
20170702:1410,0.0,160.0,0.0,52.92,20.26,3.38,0.0
20170702:1510,90.0,331.0,0.0,43.83,21.05,3.52,0.0
20170702:1610,270.0,196.0,0.0,34.06,21.57,3.66,0.0
20170702:1710,141.0,161.0,0.0,24.18,21.3,2.83,0.0
20170702:1810,117.0,76.0,0.0,14.54,20.92,2.41,0.0
20170702:1910,16.0,28.82,0.0,5.48,20.05,0.83,0.0
20170702:2010,0.0,0.0,0.0,0.0,18.42,1.24,0.0
20170702:2110,0.0,0.0,0.0,0.0,16.97,1.79,0.0
20170702:2210,0.0,0.0,0.0,0.0,16.3,2.07,0.0
20170702:2310,0.0,0.0,0.0,0.0,15.61,2.14,0.0
20170703:0010,0.0,0.0,0.0,0.0,15.16,2.0,0.0
20170703:0110,0.0,0.0,0.0,0.0,14.39,2.0,0.0
20170703:0210,0.0,0.0,0.0,0.0,13.75,1.66,0.0
20170703:0310,0.0,0.0,0.0,0.0,12.95,1.24,0.0
20170703:0410,0.0,1.0,0.0,1.49,13.09,0.9,0.0
20170703:0510,4.0,57.0,0.0,10.17,13.78,0.62,0.0
20170703:0610,12.0,131.0,0.0,19.58,15.32,0.34,0.0
20170703:0710,230.0,171.0,0.0,29.39,17.17,0.9,0.0
20170703:0810,188.0,280.0,0.0,39.27,18.83,1.52,0.0
20170703:0910,23.0,325.0,0.0,48.76,20.23,2.69,0.0
20170703:1010,51.0,394.0,0.0,57.11,21.17,3.45,0.0
20170703:1110,0.0,273.0,0.0,62.89,21.66,3.72,0.0
20170703:1210,304.0,404.0,0.0,64.15,22.28,3.79,0.0
20170703:1310,407.0,336.0,0.0,60.26,22.98,3.86,0.0
20170703:1410,500.0,235.0,0.0,52.89,23.3,3.79,0.0
20170703:1510,437.0,196.0,0.0,43.81,23.52,3.66,0.0
20170703:1610,371.0,139.0,0.0,34.04,23.65,3.52,0.0
20170703:1710,215.0,125.0,0.0,24.15,23.42,3.03,0.0
20170703:1810,122.0,74.0,0.0,14.51,22.76,2.07,0.0
20170703:1910,18.0,27.41,0.0,5.45,21.64,1.59,0.0
20170703:2010,0.0,0.0,0.0,0.0,20.38,1.72,0.0
20170703:2110,0.0,0.0,0.0,0.0,19.13,2.34,0.0
20170703:2210,0.0,0.0,0.0,0.0,17.8,2.97,0.0
20170703:2310,0.0,0.0,0.0,0.0,16.71,2.9,0.0
20170704:0010,0.0,0.0,0.0,0.0,15.72,2.48,0.0
20170704:0110,0.0,0.0,0.0,0.0,15.02,1.93,0.0
20170704:0210,0.0,0.0,0.0,0.0,14.26,1.59,0.0
20170704:0310,0.0,0.0,0.0,0.0,13.31,1.24,0.0
20170704:0410,0.0,1.0,0.0,1.39,13.27,0.97,0.0
20170704:0510,65.0,57.0,0.0,10.08,13.94,0.69,0.0
20170704:0610,190.0,91.0,0.0,19.49,15.44,0.62,0.0
20170704:0710,0.0,0.0,0.0,0.0,17.4,0.9,0.0
20170704:0810,487.0,125.0,0.0,39.18,18.96,0.62,0.0
20170704:0910,634.0,125.0,0.0,48.67,20.48,0.34,0.0
20170704:1010,755.01,118.0,0.0,57.02,21.88,0.07,0.0
20170704:1110,785.01,135.0,0.0,62.8,23.02,0.48,0.0
20170704:1210,818.01,124.0,0.0,64.07,23.98,0.76,0.0
20170704:1310,790.01,118.0,0.0,60.2,24.67,0.83,0.0
20170704:1410,686.0,127.0,0.0,52.85,25.2,0.83,0.0
20170704:1510,574.0,118.0,0.0,43.78,25.51,0.69,0.0
20170704:1610,438.0,105.0,0.0,34.01,25.6,0.48,0.0
20170704:1710,88.0,179.0,0.0,24.12,25.45,0.55,0.0
20170704:1810,60.0,99.0,0.0,14.48,25.1,0.9,0.0
20170704:1910,14.0,28.4,0.0,5.41,24.6,1.66,0.0
20170704:2010,0.0,0.0,0.0,0.0,22.69,2.28,0.0
20170704:2110,0.0,0.0,0.0,0.0,21.16,2.48,0.0
20170704:2210,0.0,0.0,0.0,0.0,20.08,2.48,0.0
20170704:2310,0.0,0.0,0.0,0.0,19.17,2.41,0.0
20170705:0010,0.0,0.0,0.0,0.0,18.36,2.34,0.0
20170705:0110,0.0,0.0,0.0,0.0,17.66,2.34,0.0
20170705:0210,0.0,0.0,0.0,0.0,17.01,2.21,0.0
20170705:0310,0.0,0.0,0.0,0.0,16.39,2.14,0.0
20170705:0410,0.0,0.0,0.0,0.0,15.82,2.07,0.0
20170705:0510,72.0,54.0,0.0,9.98,15.87,1.72,0.0
20170705:0610,172.0,98.0,0.0,19.4,18.11,1.45,0.0
20170705:0710,68.0,223.0,0.0,29.21,20.36,1.79,0.0
20170705:0810,115.0,296.0,0.0,39.09,22.8,1.86,0.0
20170705:0910,175.0,353.0,0.0,48.58,25.11,2.28,0.0
20170705:1010,405.0,316.0,0.0,56.92,26.78,2.62,0.0
20170705:1110,510.0,295.0,0.0,62.7,27.89,2.69,0.0
20170705:1210,737.01,165.0,0.0,63.98,28.74,2.76,0.0
20170705:1310,625.01,211.0,0.0,60.14,29.41,2.76,0.0
20170705:1410,292.0,341.0,0.0,52.8,29.84,2.55,0.0
20170705:1510,27.0,302.0,0.0,43.74,30.07,2.41,0.0
20170705:1610,383.0,131.0,0.0,33.98,30.07,2.34,0.0
20170705:1710,154.0,154.0,0.0,24.09,29.77,2.0,0.0
20170705:1810,110.0,78.0,0.0,14.44,28.76,1.72,0.0
20170705:1910,23.0,25.23,0.0,5.36,27.51,2.48,0.0
20170705:2010,0.0,0.0,0.0,0.0,25.52,2.83,0.0
20170705:2110,0.0,0.0,0.0,0.0,24.24,2.83,0.0
20170705:2210,0.0,0.0,0.0,0.0,23.13,2.83,0.0
20170705:2310,0.0,0.0,0.0,0.0,22.36,2.9,0.0
20170706:0010,0.0,0.0,0.0,0.0,21.86,2.9,0.0
20170706:0110,0.0,0.0,0.0,0.0,21.26,2.76,0.0
20170706:0210,0.0,0.0,0.0,0.0,20.53,2.55,0.0
20170706:0310,0.0,0.0,0.0,0.0,19.73,2.34,0.0
20170706:0410,0.0,0.0,0.0,0.0,18.99,2.21,0.0
20170706:0510,55.0,58.0,0.0,9.89,18.8,1.86,0.0
20170706:0610,0.0,64.0,0.0,19.3,20.42,1.59,0.0
20170706:0710,3.0,163.0,0.0,29.12,22.97,1.79,0.0
20170706:0810,8.0,240.0,0.0,38.99,25.4,1.24,0.0
20170706:0910,5.0,270.0,0.0,48.48,27.09,1.17,0.0
20170706:1010,156.0,405.0,0.0,56.82,28.18,1.72,0.0
20170706:1110,462.0,316.0,0.0,62.6,29.61,1.79,0.0
20170706:1210,1.0,287.0,0.0,63.89,30.42,2.0,0.0
20170706:1310,551.0,251.0,0.0,60.07,30.68,1.52,0.0
20170706:1410,654.0,138.0,0.0,52.75,31.17,2.14,0.0
20170706:1510,538.0,131.0,0.0,43.7,31.66,3.38,0.0
20170706:1610,410.0,115.0,0.0,33.94,31.83,4.0,0.0
20170706:1710,233.0,111.0,0.0,24.05,31.58,3.59,0.0
20170706:1810,0.0,57.0,0.0,14.4,30.63,2.62,0.0
20170706:1910,7.0,29.23,0.0,5.31,29.17,1.31,0.0
20170706:2010,0.0,0.0,0.0,0.0,26.96,2.21,0.0
20170706:2110,0.0,0.0,0.0,0.0,25.96,3.52,0.0
20170706:2210,0.0,0.0,0.0,0.0,25.42,3.52,0.0
20170706:2310,0.0,0.0,0.0,0.0,24.5,3.17,0.0
20170707:0010,0.0,0.0,0.0,0.0,23.48,3.1,0.0
20170707:0110,0.0,0.0,0.0,0.0,22.68,2.83,0.0
20170707:0210,0.0,0.0,0.0,0.0,21.86,2.62,0.0
20170707:0310,0.0,0.0,0.0,0.0,21.19,2.28,0.0
20170707:0410,0.0,0.0,0.0,0.0,20.4,2.07,0.0
20170707:0510,12.0,63.0,0.0,9.78,20.15,1.79,0.0
20170707:0610,140.0,111.0,0.0,19.2,21.04,2.07,0.0
20170707:0710,231.0,165.0,0.0,29.02,22.26,2.0,0.0
20170707:0810,294.0,227.0,0.0,38.89,23.91,1.93,0.0
20170707:0910,586.0,143.0,0.0,48.38,25.53,2.21,0.0
20170707:1010,691.01,145.0,0.0,56.71,26.96,2.34,0.0
20170707:1110,739.01,152.0,0.0,62.49,28.25,2.41,0.0
20170707:1210,781.01,137.0,0.0,63.79,29.27,2.48,0.0
20170707:1310,705.01,157.0,0.0,59.99,29.92,2.55,0.0
20170707:1410,550.0,200.0,0.0,52.69,30.36,2.48,0.0
20170707:1510,499.0,153.0,0.0,43.65,30.55,2.48,0.0
20170707:1610,349.0,148.0,0.0,33.9,30.43,2.55,0.0
20170707:1710,212.0,123.0,0.0,24.0,30.03,2.69,0.0
20170707:1810,86.0,88.0,0.0,14.35,29.25,2.41,0.0
20170707:1910,13.0,28.56,0.0,5.26,28.26,2.48,0.0
20170707:2010,0.0,0.0,0.0,0.0,26.1,3.1,0.0
20170707:2110,0.0,0.0,0.0,0.0,24.48,3.45,0.0
20170707:2210,0.0,0.0,0.0,0.0,23.04,3.45,0.0
20170707:2310,0.0,0.0,0.0,0.0,21.77,3.1,0.0
20170708:0010,0.0,0.0,0.0,0.0,20.77,2.83,0.0
20170708:0110,0.0,0.0,0.0,0.0,19.82,2.48,0.0
20170708:0210,0.0,0.0,0.0,0.0,19.01,2.21,0.0
20170708:0310,0.0,0.0,0.0,0.0,18.24,2.21,0.0
20170708:0410,0.0,0.0,0.0,0.0,17.58,2.28,0.0
20170708:0510,49.0,59.0,0.0,9.68,17.46,2.07,0.0
20170708:0610,170.0,94.0,0.0,19.1,18.44,2.41,0.0
20170708:0710,315.0,117.0,0.0,28.92,20.52,2.62,0.0
20170708:0810,443.0,140.0,0.0,38.79,22.32,2.55,0.0
20170708:0910,565.0,153.0,0.0,48.27,23.96,2.34,0.0
20170708:1010,658.01,161.0,0.0,56.6,25.45,2.14,0.0
20170708:1110,735.01,153.0,0.0,62.38,26.75,2.34,0.0
20170708:1210,737.01,158.0,0.0,63.69,27.74,2.69,0.0
20170708:1310,456.0,303.0,0.0,59.91,28.44,2.83,0.0
20170708:1410,406.0,281.0,0.0,52.63,28.9,3.17,0.0
20170708:1510,522.0,139.0,0.0,43.59,29.04,3.17,0.0
20170708:1610,392.0,122.0,0.0,33.85,28.93,2.76,0.0
20170708:1710,82.0,177.0,0.0,23.95,28.59,2.21,0.0
20170708:1810,121.0,72.0,0.0,14.29,28.09,2.21,0.0
20170708:1910,9.0,28.67,0.0,5.2,27.26,2.21,0.0
20170708:2010,0.0,0.0,0.0,0.0,25.67,2.55,0.0
20170708:2110,0.0,0.0,0.0,0.0,24.45,3.03,0.0
20170708:2210,0.0,0.0,0.0,0.0,23.4,3.45,0.0
20170708:2310,0.0,0.0,0.0,0.0,22.53,3.66,0.0
20170709:0010,0.0,0.0,0.0,0.0,21.67,3.59,0.0
20170709:0110,0.0,0.0,0.0,0.0,20.96,3.38,0.0
20170709:0210,0.0,0.0,0.0,0.0,20.4,3.24,0.0
20170709:0310,0.0,0.0,0.0,0.0,19.92,2.9,0.0
20170709:0410,0.0,0.0,0.0,0.0,19.58,2.48,0.0
20170709:0510,16.0,63.0,0.0,9.57,19.62,2.69,0.0
20170709:0610,42.0,138.0,0.0,18.99,20.05,3.1,0.0
20170709:0710,26.0,206.0,0.0,28.81,22.07,3.45,0.0
20170709:0810,20.0,261.0,0.0,38.68,24.02,3.38,0.0
20170709:0910,115.0,355.0,0.0,48.16,25.62,3.03,0.0
20170709:1010,197.0,391.0,0.0,56.48,27.41,2.83,0.0
20170709:1110,68.0,420.0,0.0,62.26,28.2,2.62,0.0
20170709:1210,0.0,261.0,0.0,63.58,28.68,1.86,0.0
20170709:1310,273.0,385.0,0.0,59.82,28.54,0.83,0.0
20170709:1410,15.0,321.0,0.0,52.55,28.56,0.07,0.0
20170709:1510,126.0,322.0,0.0,43.53,28.31,0.83,0.0
20170709:1610,6.0,201.0,0.0,33.79,27.77,1.59,0.0
20170709:1710,0.0,100.0,0.0,23.9,25.88,2.34,0.0
20170709:1810,7.0,87.0,0.0,14.23,23.78,1.79,0.0
20170709:1910,0.0,12.0,0.0,5.13,22.61,2.0,0.0
20170709:2010,0.0,0.0,0.0,0.0,21.67,1.45,0.0
20170709:2110,0.0,0.0,0.0,0.0,20.9,1.59,0.0
20170709:2210,0.0,0.0,0.0,0.0,20.48,1.72,0.0
20170709:2310,0.0,0.0,0.0,0.0,20.23,1.52,0.0
20170710:0010,0.0,0.0,0.0,0.0,19.85,1.17,0.0
20170710:0110,0.0,0.0,0.0,0.0,19.23,1.24,0.0
20170710:0210,0.0,0.0,0.0,0.0,18.64,1.93,0.0
20170710:0310,0.0,0.0,0.0,0.0,18.16,2.14,0.0
20170710:0410,0.0,0.0,0.0,0.0,17.69,2.14,0.0
20170710:0510,0.0,11.0,0.0,9.45,17.32,2.55,0.0
20170710:0610,2.0,98.0,0.0,18.88,17.42,2.83,0.0
20170710:0710,0.0,106.0,0.0,28.7,17.17,2.14,0.0
20170710:0810,39.0,279.0,0.0,38.57,17.52,1.79,0.0
20170710:0910,403.0,247.0,0.0,48.05,18.13,2.55,0.0
20170710:1010,0.0,125.0,0.0,56.36,18.92,3.17,0.0
20170710:1110,69.0,421.0,0.0,62.13,20.37,2.97,0.0
20170710:1210,0.0,218.0,0.0,63.46,21.39,2.97,0.0
20170710:1310,0.0,152.0,0.0,59.72,21.51,2.83,0.0
20170710:1410,0.0,164.0,0.0,52.48,20.92,3.45,0.0
20170710:1510,119.0,325.0,0.0,43.47,20.38,3.93,0.0
20170710:1610,13.0,221.0,0.0,33.73,20.82,2.97,0.0
20170710:1710,9.0,152.0,0.0,23.83,21.21,2.9,0.0
20170710:1810,19.0,98.0,0.0,14.17,21.17,2.69,0.0
20170710:1910,8.0,27.94,0.0,5.05,19.72,2.14,0.0
20170710:2010,0.0,0.0,0.0,0.0,18.91,1.45,0.0
20170710:2110,0.0,0.0,0.0,0.0,18.32,1.03,0.0
20170710:2210,0.0,0.0,0.0,0.0,17.59,1.59,0.0
20170710:2310,0.0,0.0,0.0,0.0,16.93,1.72,0.0
20170711:0010,0.0,0.0,0.0,0.0,16.31,1.79,0.0
20170711:0110,0.0,0.0,0.0,0.0,15.71,1.86,0.0
20170711:0210,0.0,0.0,0.0,0.0,15.12,1.79,0.0
20170711:0310,0.0,0.0,0.0,0.0,14.6,1.79,0.0
20170711:0410,0.0,0.0,0.0,0.0,14.25,1.79,0.0
20170711:0510,0.0,11.0,0.0,9.33,14.45,1.45,0.0
20170711:0610,3.0,106.0,0.0,18.76,16.08,1.24,0.0
20170711:0710,0.0,130.0,0.0,28.59,16.8,1.24,0.0
20170711:0810,0.0,121.0,0.0,38.46,17.68,1.72,0.0
20170711:0910,2.0,249.0,0.0,47.93,18.57,3.03,0.0
20170711:1010,0.0,201.0,0.0,56.23,19.22,3.66,0.0
20170711:1110,169.0,431.0,0.0,62.0,20.19,3.93,0.0
20170711:1210,269.0,411.0,0.0,63.33,21.51,4.14,0.0
20170711:1310,249.0,399.0,0.0,59.62,21.9,4.76,0.0
20170711:1410,399.0,286.0,0.0,52.39,22.07,5.59,0.0
20170711:1510,12.0,275.0,0.0,43.4,22.59,5.72,0.0
20170711:1610,32.0,244.0,0.0,33.66,22.87,5.52,0.0
20170711:1710,4.0,140.0,0.0,23.77,22.68,4.97,0.0
20170711:1810,2.0,76.0,0.0,14.1,22.29,3.79,0.0
20170711:1910,0.0,14.0,0.0,4.98,21.92,3.72,0.0
20170711:2010,0.0,0.0,0.0,0.0,21.33,3.86,0.0
20170711:2110,0.0,0.0,0.0,0.0,20.94,4.0,0.0
20170711:2210,0.0,0.0,0.0,0.0,20.51,4.34,0.0
20170711:2310,0.0,0.0,0.0,0.0,19.94,4.69,0.0
20170712:0010,0.0,0.0,0.0,0.0,19.27,4.97,0.0
20170712:0110,0.0,0.0,0.0,0.0,18.4,5.1,0.0
20170712:0210,0.0,0.0,0.0,0.0,18.04,5.17,0.0
20170712:0310,0.0,0.0,0.0,0.0,17.82,5.17,0.0
20170712:0410,0.0,0.0,0.0,0.0,17.67,5.17,0.0
20170712:0510,1.0,41.0,0.0,9.21,17.57,5.17,0.0
20170712:0610,2.0,100.0,0.0,18.65,17.74,4.9,0.0
20170712:0710,6.0,174.0,0.0,28.47,18.45,5.03,0.0
20170712:0810,1.0,195.0,0.0,38.34,18.87,4.76,0.0
20170712:0910,24.0,319.0,0.0,47.8,20.28,5.24,0.0
20170712:1010,28.0,364.0,0.0,56.1,19.68,4.9,0.0
20170712:1110,7.0,336.0,0.0,61.86,21.22,5.03,0.0
20170712:1210,171.0,435.0,0.0,63.2,22.47,5.45,0.0
20170712:1310,143.0,420.0,0.0,59.51,22.6,5.52,0.0
20170712:1410,0.0,198.0,0.0,52.3,21.56,5.1,0.0
20170712:1510,26.0,298.0,0.0,43.32,21.25,4.28,0.0
20170712:1610,10.0,214.0,0.0,33.59,20.97,3.45,0.0
20170712:1710,10.0,154.0,0.0,23.69,21.07,3.1,0.0
20170712:1810,3.0,80.0,0.0,14.02,21.05,2.69,0.0
20170712:1910,0.0,9.0,0.0,4.89,20.41,1.79,0.0
20170712:2010,0.0,0.0,0.0,0.0,19.63,2.0,0.0
20170712:2110,0.0,0.0,0.0,0.0,19.29,2.76,0.0
20170712:2210,0.0,0.0,0.0,0.0,18.63,3.66,0.0
20170712:2310,0.0,0.0,0.0,0.0,17.79,4.0,0.0
20170713:0010,0.0,0.0,0.0,0.0,17.03,3.59,0.0
20170713:0110,0.0,0.0,0.0,0.0,16.35,3.1,0.0
20170713:0210,0.0,0.0,0.0,0.0,15.87,2.83,0.0
20170713:0310,0.0,0.0,0.0,0.0,15.36,2.76,0.0
20170713:0410,0.0,0.0,0.0,0.0,14.97,2.76,0.0
20170713:0510,0.0,20.0,0.0,9.09,14.85,2.69,0.0
20170713:0610,7.0,116.0,0.0,18.52,15.36,2.76,0.0
20170713:0710,22.0,202.0,0.0,28.35,16.29,2.69,0.0
20170713:0810,5.0,223.0,0.0,38.22,17.16,2.83,0.0
20170713:0910,35.0,334.0,0.0,47.68,17.81,2.62,0.0
20170713:1010,77.0,401.0,0.0,55.97,18.72,2.48,0.0
20170713:1110,35.0,399.0,0.0,61.71,19.02,2.28,0.0
20170713:1210,549.0,277.0,0.0,63.06,20.01,2.07,0.0
20170713:1310,108.0,424.0,0.0,59.39,20.43,2.07,0.0
20170713:1410,360.0,308.0,0.0,52.21,20.63,1.59,0.0
20170713:1510,0.0,102.0,0.0,43.23,21.25,1.24,0.0
20170713:1610,0.0,70.0,0.0,33.51,21.48,1.1,0.0
20170713:1710,0.0,100.0,0.0,23.61,21.58,0.97,0.0
20170713:1810,0.0,17.0,0.0,13.93,20.45,1.03,0.0
20170713:1910,0.0,4.0,0.0,4.8,20.56,0.62,0.0
20170713:2010,0.0,0.0,0.0,0.0,19.36,0.97,0.0
20170713:2110,0.0,0.0,0.0,0.0,18.32,1.45,0.0
20170713:2210,0.0,0.0,0.0,0.0,17.34,2.0,0.0
20170713:2310,0.0,0.0,0.0,0.0,17.12,2.28,0.0
20170714:0010,0.0,0.0,0.0,0.0,16.78,2.55,0.0
20170714:0110,0.0,0.0,0.0,0.0,16.47,2.55,0.0
20170714:0210,0.0,0.0,0.0,0.0,16.28,2.48,0.0
20170714:0310,0.0,0.0,0.0,0.0,16.32,2.48,0.0
20170714:0410,0.0,0.0,0.0,0.0,16.13,2.48,0.0
20170714:0510,57.0,51.0,0.0,8.96,16.17,2.41,0.0
20170714:0610,185.0,84.0,0.0,18.4,16.59,2.34,0.0
20170714:0710,336.0,105.0,0.0,28.23,16.45,2.69,0.0
20170714:0810,476.0,123.0,0.0,38.1,17.61,2.83,0.0
20170714:0910,608.0,132.0,0.0,47.55,19.23,2.97,0.0
20170714:1010,261.0,378.0,0.0,55.83,20.64,3.79,0.0
20170714:1110,155.0,436.0,0.0,61.57,21.2,4.28,0.0
20170714:1210,417.0,351.0,0.0,62.92,21.54,4.69,0.0
20170714:1310,354.0,360.0,0.0,59.27,22.03,5.1,0.0
20170714:1410,355.0,312.0,0.0,52.11,22.25,5.24,0.0
20170714:1510,152.0,323.0,0.0,43.15,22.25,5.31,0.0
20170714:1610,207.0,223.0,0.0,33.43,21.69,5.1,0.0
20170714:1710,104.0,171.0,0.0,23.53,20.98,5.03,0.0
20170714:1810,18.0,98.0,0.0,13.84,20.18,4.83,0.0
20170714:1910,11.0,25.16,0.0,4.7,19.09,4.07,0.0
20170714:2010,0.0,0.0,0.0,0.0,17.75,3.52,0.0
20170714:2110,0.0,0.0,0.0,0.0,16.77,2.9,0.0
20170714:2210,0.0,0.0,0.0,0.0,15.78,2.55,0.0
20170714:2310,0.0,0.0,0.0,0.0,14.97,2.55,0.0
20170715:0010,0.0,0.0,0.0,0.0,14.23,2.62,0.0
20170715:0110,0.0,0.0,0.0,0.0,13.7,2.55,0.0
20170715:0210,0.0,0.0,0.0,0.0,13.17,2.41,0.0
20170715:0310,0.0,0.0,0.0,0.0,12.67,2.0,0.0
20170715:0410,0.0,0.0,0.0,0.0,12.27,1.93,0.0
20170715:0510,47.0,52.0,0.0,8.83,12.41,1.79,0.0
20170715:0610,112.0,116.0,0.0,18.27,14.0,1.59,0.0
20170715:0710,185.0,180.0,0.0,28.1,15.7,0.76,0.0
20170715:0810,342.0,195.0,0.0,37.97,16.86,0.28,0.0
20170715:0910,438.0,226.0,0.0,47.42,18.53,0.41,0.0
20170715:1010,596.0,198.0,0.0,55.68,19.85,0.69,0.0
20170715:1110,470.0,309.0,0.0,61.41,20.94,0.76,0.0
20170715:1210,671.01,199.0,0.0,62.77,21.89,0.97,0.0
20170715:1310,679.01,171.0,0.0,59.14,22.77,1.17,0.0
20170715:1410,471.0,244.0,0.0,52.0,23.35,1.24,0.0
20170715:1510,488.0,157.0,0.0,43.05,24.04,1.66,0.0
20170715:1610,72.0,255.0,0.0,33.34,24.18,1.93,0.0
20170715:1710,33.0,174.0,0.0,23.44,24.36,2.14,0.0
20170715:1810,18.0,96.0,0.0,13.75,24.18,2.07,0.0
20170715:1910,0.0,19.0,0.0,4.6,23.09,0.76,0.0
20170715:2010,0.0,0.0,0.0,0.0,21.41,1.03,0.0
20170715:2110,0.0,0.0,0.0,0.0,20.08,1.52,0.0
20170715:2210,0.0,0.0,0.0,0.0,18.98,2.0,0.0
20170715:2310,0.0,0.0,0.0,0.0,18.51,2.14,0.0
20170716:0010,0.0,0.0,0.0,0.0,17.88,2.07,0.0
20170716:0110,0.0,0.0,0.0,0.0,17.27,1.93,0.0
20170716:0210,0.0,0.0,0.0,0.0,16.65,1.79,0.0
20170716:0310,0.0,0.0,0.0,0.0,16.29,1.66,0.0
20170716:0410,0.0,0.0,0.0,0.0,16.08,1.66,0.0
20170716:0510,4.0,49.0,0.0,8.69,15.86,1.45,0.0
20170716:0610,10.0,119.0,0.0,18.14,17.08,1.66,0.0
20170716:0710,76.0,211.0,0.0,27.97,18.12,2.0,0.0
20170716:0810,436.0,135.0,0.0,37.84,19.4,2.14,0.0
20170716:0910,577.0,138.0,0.0,47.28,20.96,2.14,0.0
20170716:1010,598.0,191.0,0.0,55.53,22.05,2.28,0.0
20170716:1110,515.0,278.0,0.0,61.25,23.3,2.48,0.0
20170716:1210,325.0,382.0,0.0,62.61,23.88,2.62,0.0
20170716:1310,231.0,399.0,0.0,59.01,24.58,2.62,0.0
20170716:1410,224.0,357.0,0.0,51.88,25.22,2.62,0.0
20170716:1510,155.0,315.0,0.0,42.95,25.39,2.41,0.0
20170716:1610,326.0,154.0,0.0,33.24,25.63,2.41,0.0
20170716:1710,223.0,110.0,0.0,23.34,25.5,2.41,0.0
20170716:1810,97.0,76.0,0.0,13.65,25.18,2.41,0.0
20170716:1910,8.0,23.99,0.0,4.49,24.89,2.07,0.0
20170716:2010,0.0,0.0,0.0,0.0,23.24,2.76,0.0
20170716:2110,0.0,0.0,0.0,0.0,21.87,3.45,0.0
20170716:2210,0.0,0.0,0.0,0.0,20.74,3.66,0.0
20170716:2310,0.0,0.0,0.0,0.0,19.54,3.31,0.0
20170717:0010,0.0,0.0,0.0,0.0,18.68,2.83,0.0
20170717:0110,0.0,0.0,0.0,0.0,18.03,2.62,0.0
20170717:0210,0.0,0.0,0.0,0.0,17.56,2.41,0.0
20170717:0310,0.0,0.0,0.0,0.0,17.11,2.21,0.0
20170717:0410,0.0,0.0,0.0,0.0,16.67,2.14,0.0
20170717:0510,48.0,50.0,0.0,8.55,16.62,2.07,0.0
20170717:0610,169.0,85.0,0.0,18.01,17.88,2.41,0.0
20170717:0710,311.0,110.0,0.0,27.84,19.06,2.34,0.0
20170717:0810,445.0,131.0,0.0,37.7,21.1,2.21,0.0
20170717:0910,572.0,142.0,0.0,47.14,23.18,2.0,0.0
20170717:1010,688.01,139.0,0.0,55.38,24.92,1.72,0.0
20170717:1110,654.01,197.0,0.0,61.09,26.15,1.59,0.0
20170717:1210,343.0,376.0,0.0,62.45,27.03,1.31,0.0
20170717:1310,545.0,249.0,0.0,58.86,27.51,1.45,0.0
20170717:1410,495.0,227.0,0.0,51.76,27.92,1.59,0.0
20170717:1510,491.0,152.0,0.0,42.84,28.19,1.86,0.0
20170717:1610,390.0,119.0,0.0,33.14,28.17,2.0,0.0
20170717:1710,246.0,99.0,0.0,23.24,28.04,2.14,0.0
20170717:1810,90.0,79.0,0.0,13.54,27.64,2.21,0.0
20170717:1910,3.0,22.32,0.0,4.37,26.65,2.21,0.0
20170717:2010,0.0,0.0,0.0,0.0,25.06,2.76,0.0
20170717:2110,0.0,0.0,0.0,0.0,23.78,3.24,0.0
20170717:2210,0.0,0.0,0.0,0.0,22.72,3.52,0.0
20170717:2310,0.0,0.0,0.0,0.0,21.91,3.45,0.0
20170718:0010,0.0,0.0,0.0,0.0,21.26,3.24,0.0
20170718:0110,0.0,0.0,0.0,0.0,20.7,3.03,0.0
20170718:0210,0.0,0.0,0.0,0.0,20.18,2.83,0.0
20170718:0310,0.0,0.0,0.0,0.0,19.67,2.69,0.0
20170718:0410,0.0,0.0,0.0,0.0,19.25,2.69,0.0
20170718:0510,43.0,50.0,0.0,8.41,19.19,2.69,0.0
20170718:0610,153.0,91.0,0.0,17.87,20.59,2.83,0.0
20170718:0710,296.0,115.0,0.0,27.71,22.51,3.17,0.0
20170718:0810,429.0,138.0,0.0,37.57,24.72,3.17,0.0
20170718:0910,532.0,164.0,0.0,46.99,26.74,3.24,0.0
20170718:1010,677.01,144.0,0.0,55.22,28.67,3.79,0.0
20170718:1110,716.01,157.0,0.0,60.92,30.07,4.34,0.0
20170718:1210,749.01,147.0,0.0,62.28,30.63,4.21,0.0
20170718:1310,704.01,151.0,0.0,58.72,31.27,3.79,0.0
20170718:1410,608.0,156.0,0.0,51.64,31.74,3.45,0.0
20170718:1510,389.0,211.0,0.0,42.73,32.01,3.24,0.0
20170718:1610,367.0,129.0,0.0,33.03,32.04,3.17,0.0
20170718:1710,184.0,130.0,0.0,23.13,31.81,3.31,0.0
20170718:1810,48.0,93.0,0.0,13.43,31.1,3.03,0.0
20170718:1910,5.0,22.78,0.0,4.25,29.19,2.83,0.0
20170718:2010,0.0,0.0,0.0,0.0,27.67,3.1,0.0
20170718:2110,0.0,0.0,0.0,0.0,26.78,3.31,0.0
20170718:2210,0.0,0.0,0.0,0.0,26.04,3.31,0.0
20170718:2310,0.0,0.0,0.0,0.0,25.33,3.31,0.0
20170719:0010,0.0,0.0,0.0,0.0,24.78,3.38,0.0
20170719:0110,0.0,0.0,0.0,0.0,24.76,3.66,0.0
20170719:0210,0.0,0.0,0.0,0.0,24.88,3.59,0.0
20170719:0310,0.0,0.0,0.0,0.0,24.56,3.66,0.0
20170719:0410,0.0,0.0,0.0,0.0,24.24,4.0,0.0
20170719:0510,41.0,49.0,0.0,8.26,23.85,3.72,0.0
20170719:0610,0.0,47.0,0.0,17.73,23.88,2.97,0.0
20170719:0710,0.0,101.0,0.0,27.57,24.9,3.72,0.0
20170719:0810,0.0,67.0,0.0,37.43,25.72,5.03,0.0
20170719:0910,30.0,320.0,0.0,46.85,27.12,5.45,0.0
20170719:1010,156.0,394.0,0.0,55.06,27.95,5.59,0.0
20170719:1110,13.0,351.0,0.0,60.74,28.7,5.86,0.0
20170719:1210,90.0,428.0,0.0,62.11,28.65,6.41,0.0
20170719:1310,9.0,328.0,0.0,58.56,28.88,6.07,0.0
20170719:1410,0.0,126.0,0.0,51.5,28.43,6.21,0.0
20170719:1510,1.0,212.0,0.0,42.61,28.18,6.07,0.0
20170719:1610,0.0,110.0,0.0,32.92,27.72,5.93,0.0
20170719:1710,4.0,135.0,0.0,23.02,26.9,5.66,0.0
20170719:1810,29.0,94.0,0.0,13.31,24.63,4.41,0.0
20170719:1910,0.0,11.0,0.0,4.13,23.73,4.48,0.0
20170719:2010,0.0,0.0,0.0,0.0,22.68,3.59,0.0
20170719:2110,0.0,0.0,0.0,0.0,21.95,3.17,0.0
20170719:2210,0.0,0.0,0.0,0.0,21.51,2.97,0.0
20170719:2310,0.0,0.0,0.0,0.0,20.9,2.9,0.0
20170720:0010,0.0,0.0,0.0,0.0,20.4,3.1,0.0
20170720:0110,0.0,0.0,0.0,0.0,19.99,3.38,0.0
20170720:0210,0.0,0.0,0.0,0.0,19.67,3.38,0.0
20170720:0310,0.0,0.0,0.0,0.0,19.1,3.38,0.0
20170720:0410,0.0,0.0,0.0,0.0,18.69,3.72,0.0
20170720:0510,0.0,32.0,0.0,8.11,18.68,4.14,0.0
20170720:0610,15.0,122.0,0.0,17.59,19.11,4.97,0.0
20170720:0710,257.0,137.0,0.0,27.43,19.0,6.34,0.0
20170720:0810,106.0,285.0,0.0,37.28,19.8,6.97,0.0
20170720:0910,17.0,304.0,0.0,46.7,20.36,6.9,0.0
20170720:1010,165.0,397.0,0.0,54.9,21.23,6.76,0.0
20170720:1110,54.0,411.0,0.0,60.56,21.64,6.76,0.0
20170720:1210,289.0,400.0,0.0,61.92,21.38,6.48,0.0
20170720:1310,174.0,415.0,0.0,58.4,21.19,6.07,0.0
20170720:1410,47.0,363.0,0.0,51.37,21.34,5.66,0.0
20170720:1510,201.0,302.0,0.0,42.48,21.07,5.17,0.0
20170720:1610,17.0,225.0,0.0,32.8,20.7,4.69,0.0
20170720:1710,142.0,149.0,0.0,22.9,20.33,4.28,0.0
20170720:1810,69.0,85.0,0.0,13.19,19.93,3.66,0.0
20170720:1910,13.0,19.76,0.0,3.99,19.96,2.62,0.0
20170720:2010,0.0,0.0,0.0,0.0,19.26,2.07,0.0
20170720:2110,0.0,0.0,0.0,0.0,18.83,1.66,0.0
20170720:2210,0.0,0.0,0.0,0.0,18.41,1.52,0.0
20170720:2310,0.0,0.0,0.0,0.0,17.72,1.79,0.0
20170721:0010,0.0,0.0,0.0,0.0,16.86,2.21,0.0
20170721:0110,0.0,0.0,0.0,0.0,15.95,2.41,0.0
20170721:0210,0.0,0.0,0.0,0.0,15.4,2.55,0.0
20170721:0310,0.0,0.0,0.0,0.0,15.12,2.48,0.0
20170721:0410,0.0,0.0,0.0,0.0,15.03,2.34,0.0
20170721:0510,3.0,44.0,0.0,7.96,15.14,2.14,0.0
20170721:0610,146.0,93.0,0.0,17.44,16.35,2.0,0.0
20170721:0710,300.0,113.0,0.0,27.28,18.02,2.21,0.0
20170721:0810,436.0,136.0,0.0,37.14,19.26,2.48,0.0
20170721:0910,562.0,149.0,0.0,46.54,20.6,3.52,0.0
20170721:1010,646.01,166.0,0.0,54.73,21.5,3.86,0.0
20170721:1110,716.01,162.0,0.0,60.37,22.13,3.86,0.0
20170721:1210,741.01,156.0,0.0,61.74,22.91,3.93,0.0
20170721:1310,695.01,161.0,0.0,58.23,23.65,4.0,0.0
20170721:1410,619.0,155.0,0.0,51.22,24.26,4.14,0.0
20170721:1510,498.0,150.0,0.0,42.35,24.73,4.07,0.0
20170721:1610,385.0,122.0,0.0,32.67,24.92,4.0,0.0
20170721:1710,170.0,137.0,0.0,22.78,24.88,3.93,0.0
20170721:1810,79.0,81.0,0.0,13.06,24.47,3.17,0.0
20170721:1910,0.0,14.0,0.0,3.86,23.08,2.28,0.0
20170721:2010,0.0,0.0,0.0,0.0,21.37,2.07,0.0
20170721:2110,0.0,0.0,0.0,0.0,20.11,2.0,0.0
20170721:2210,0.0,0.0,0.0,0.0,19.07,2.41,0.0
20170721:2310,0.0,0.0,0.0,0.0,18.37,2.97,0.0
20170722:0010,0.0,0.0,0.0,0.0,17.87,3.17,0.0
20170722:0110,0.0,0.0,0.0,0.0,17.33,3.24,0.0
20170722:0210,0.0,0.0,0.0,0.0,16.88,3.45,0.0
20170722:0310,0.0,0.0,0.0,0.0,16.59,3.66,0.0
20170722:0410,0.0,0.0,0.0,0.0,16.46,3.72,0.0
20170722:0510,15.0,51.0,0.0,7.81,16.64,4.0,0.0
20170722:0610,0.0,36.0,0.0,17.29,17.06,3.72,0.0
20170722:0710,0.0,36.0,0.0,27.14,17.83,3.66,0.0
20170722:0810,0.0,83.0,0.0,36.99,18.32,4.21,0.0
20170722:0910,9.0,280.0,0.0,46.38,18.66,4.76,0.0
20170722:1010,17.0,340.0,0.0,54.56,18.87,4.48,0.0
20170722:1110,0.0,208.0,0.0,60.18,19.83,5.03,0.0
20170722:1210,0.0,176.0,0.0,61.54,20.1,5.31,0.0
20170722:1310,0.0,193.0,0.0,58.06,20.05,5.17,0.0
20170722:1410,0.0,120.0,0.0,51.07,20.17,4.97,0.0
20170722:1510,138.0,316.0,0.0,42.22,20.98,4.83,0.0
20170722:1610,19.0,225.0,0.0,32.54,21.5,4.69,0.0
20170722:1710,256.0,90.0,0.0,22.65,21.88,4.83,0.0
20170722:1810,25.0,91.0,0.0,12.92,21.69,4.62,0.0
20170722:1910,0.0,3.0,0.0,3.71,20.03,3.66,0.0
20170722:2010,0.0,0.0,0.0,0.0,18.83,3.03,0.0
20170722:2110,0.0,0.0,0.0,0.0,18.12,3.1,0.0
20170722:2210,0.0,0.0,0.0,0.0,17.53,3.45,0.0
20170722:2310,0.0,0.0,0.0,0.0,17.08,4.07,0.0
20170723:0010,0.0,0.0,0.0,0.0,16.59,4.76,0.0
20170723:0110,0.0,0.0,0.0,0.0,15.94,5.03,0.0
20170723:0210,0.0,0.0,0.0,0.0,15.3,5.03,0.0
20170723:0310,0.0,0.0,0.0,0.0,14.76,5.1,0.0
20170723:0410,0.0,0.0,0.0,0.0,14.29,5.03,0.0
20170723:0510,46.0,43.0,0.0,7.65,14.3,4.97,0.0
20170723:0610,0.0,77.0,0.0,17.14,14.93,4.9,0.0
20170723:0710,26.0,196.0,0.0,26.99,16.38,6.21,0.0
20170723:0810,438.0,131.0,0.0,36.84,17.22,5.86,0.0
20170723:0910,73.0,347.0,0.0,46.22,18.39,6.0,0.0
20170723:1010,0.0,252.0,0.0,54.38,19.13,6.14,0.0
20170723:1110,11.0,348.0,0.0,59.99,19.9,6.34,0.0
20170723:1210,33.0,397.0,0.0,61.35,20.56,6.28,0.0
20170723:1310,12.0,342.0,0.0,57.88,21.04,6.07,0.0
20170723:1410,40.0,357.0,0.0,50.91,21.11,5.59,0.0
20170723:1510,61.0,317.0,0.0,42.07,20.53,5.17,0.0
20170723:1610,20.0,228.0,0.0,32.41,19.78,4.55,0.0
20170723:1710,12.0,153.0,0.0,22.51,19.04,3.66,0.0
20170723:1810,49.0,89.0,0.0,12.78,17.92,2.97,0.0
20170723:1910,3.0,18.31,0.0,3.56,16.4,1.66,0.0
20170723:2010,0.0,0.0,0.0,0.0,15.75,0.83,0.0
20170723:2110,0.0,0.0,0.0,0.0,15.53,0.55,0.0
20170723:2210,0.0,0.0,0.0,0.0,15.59,0.41,0.0
20170723:2310,0.0,0.0,0.0,0.0,15.59,0.69,0.0
20170724:0010,0.0,0.0,0.0,0.0,15.23,1.31,0.0
20170724:0110,0.0,0.0,0.0,0.0,14.76,1.79,0.0
20170724:0210,0.0,0.0,0.0,0.0,14.24,2.34,0.0
20170724:0310,0.0,0.0,0.0,0.0,13.68,2.83,0.0
20170724:0410,0.0,0.0,0.0,0.0,13.25,2.97,0.0
20170724:0510,10.0,47.0,0.0,7.49,13.16,2.97,0.0
20170724:0610,14.0,117.0,0.0,16.99,14.05,4.48,0.0
20170724:0710,33.0,199.0,0.0,26.84,15.21,4.62,0.0
20170724:0810,169.0,265.0,0.0,36.68,15.97,4.41,0.0
20170724:0910,0.0,175.0,0.0,46.06,16.68,4.76,0.0
20170724:1010,0.0,241.0,0.0,54.2,17.34,5.03,0.0
20170724:1110,0.0,116.0,0.0,59.79,18.22,5.66,0.0
20170724:1210,0.0,215.0,0.0,61.14,18.72,6.07,0.0
20170724:1310,2.0,288.0,0.0,57.69,18.5,5.24,0.0
20170724:1410,472.0,236.0,0.0,50.75,19.34,6.55,0.0
20170724:1510,38.0,303.0,0.0,41.92,20.48,6.76,0.0
20170724:1610,214.0,208.0,0.0,32.27,20.57,6.55,0.0
20170724:1710,0.0,79.0,0.0,22.37,19.83,6.14,0.0
20170724:1810,13.0,85.0,0.0,12.63,18.8,6.0,0.0
20170724:1910,0.0,13.0,0.0,3.41,17.19,5.17,0.0
20170724:2010,0.0,0.0,0.0,0.0,16.78,4.76,0.0
20170724:2110,0.0,0.0,0.0,0.0,16.46,4.28,0.0
20170724:2210,0.0,0.0,0.0,0.0,16.24,4.0,0.0
20170724:2310,0.0,0.0,0.0,0.0,16.22,3.79,0.0
20170725:0010,0.0,0.0,0.0,0.0,15.87,3.52,0.0
20170725:0110,0.0,0.0,0.0,0.0,15.99,3.45,0.0
20170725:0210,0.0,0.0,0.0,0.0,16.05,3.45,0.0
20170725:0310,0.0,0.0,0.0,0.0,15.97,3.38,0.0
20170725:0410,0.0,0.0,0.0,0.0,15.82,3.31,0.0
20170725:0510,0.0,32.0,0.0,7.33,15.6,3.24,0.0
20170725:0610,32.0,124.0,0.0,16.83,15.9,3.31,0.0
20170725:0710,0.0,89.0,0.0,26.68,16.28,4.14,0.0
20170725:0810,32.0,266.0,0.0,36.53,17.01,3.86,0.0
20170725:0910,8.0,275.0,0.0,45.89,17.83,3.72,0.0
20170725:1010,40.0,371.0,0.0,54.01,18.57,3.79,0.0
20170725:1110,6.0,327.0,0.0,59.58,19.54,4.0,0.0
20170725:1210,0.0,170.0,0.0,60.93,20.41,4.21,0.0
20170725:1310,66.0,406.0,0.0,57.5,21.23,4.97,0.0
20170725:1410,87.0,375.0,0.0,50.58,21.6,5.1,0.0
20170725:1510,0.0,104.0,0.0,41.77,21.79,4.97,0.0
20170725:1610,123.0,241.0,0.0,32.12,21.78,4.97,0.0
20170725:1710,88.0,163.0,0.0,22.22,21.28,4.9,0.0
20170725:1810,83.0,73.0,0.0,12.48,20.6,4.21,0.0
20170725:1910,0.0,5.0,0.0,3.25,19.39,3.86,0.0
20170725:2010,0.0,0.0,0.0,0.0,18.2,3.17,0.0
20170725:2110,0.0,0.0,0.0,0.0,17.0,2.62,0.0
20170725:2210,0.0,0.0,0.0,0.0,15.92,2.41,0.0
20170725:2310,0.0,0.0,0.0,0.0,15.25,2.41,0.0
20170726:0010,0.0,0.0,0.0,0.0,14.65,2.14,0.0
20170726:0110,0.0,0.0,0.0,0.0,13.91,1.86,0.0
20170726:0210,0.0,0.0,0.0,0.0,13.21,1.17,0.0
20170726:0310,0.0,0.0,0.0,0.0,14.12,0.62,0.0
20170726:0410,0.0,0.0,0.0,0.0,11.74,1.52,0.0
20170726:0510,22.0,46.0,0.0,7.16,11.79,1.66,0.0
20170726:0610,114.0,99.0,0.0,16.67,14.17,1.72,0.0
20170726:0710,275.0,115.0,0.0,26.53,16.59,2.07,0.0
20170726:0810,336.0,182.0,0.0,36.37,18.7,2.97,0.0
20170726:0910,233.0,312.0,0.0,45.72,20.44,3.66,0.0
20170726:1010,29.0,356.0,0.0,53.82,21.55,4.34,0.0
20170726:1110,84.0,417.0,0.0,59.37,22.17,5.38,0.0
20170726:1210,0.0,265.0,0.0,60.71,21.6,6.34,0.0
20170726:1310,2.0,285.0,0.0,57.3,19.69,5.86,0.0
20170726:1410,0.0,136.0,0.0,50.4,19.17,6.07,0.0
20170726:1510,0.0,182.0,0.0,41.61,19.34,5.17,0.0
20170726:1610,4.0,187.0,0.0,31.96,19.86,3.66,0.0
20170726:1710,0.0,79.0,0.0,22.07,20.33,2.9,0.0
20170726:1810,0.0,37.0,0.0,12.32,20.88,2.76,0.0
20170726:1910,1.0,11.83,0.0,3.08,19.62,3.86,0.0
20170726:2010,0.0,0.0,0.0,0.0,19.33,4.14,0.0
20170726:2110,0.0,0.0,0.0,0.0,19.11,4.41,0.0
20170726:2210,0.0,0.0,0.0,0.0,18.63,4.48,0.0
20170726:2310,0.0,0.0,0.0,0.0,18.09,4.28,0.0
20170727:0010,0.0,0.0,0.0,0.0,17.7,4.0,0.0
20170727:0110,0.0,0.0,0.0,0.0,17.71,3.86,0.0
20170727:0210,0.0,0.0,0.0,0.0,17.77,3.86,0.0
20170727:0310,0.0,0.0,0.0,0.0,17.75,3.66,0.0
20170727:0410,0.0,0.0,0.0,0.0,17.61,3.38,0.0
20170727:0510,0.0,17.0,0.0,6.99,17.64,3.31,0.0
20170727:0610,0.0,46.0,0.0,16.51,17.8,3.03,0.0
20170727:0710,0.0,83.0,0.0,26.37,17.93,3.52,0.0
20170727:0810,0.0,144.0,0.0,36.21,18.35,3.93,0.0
20170727:0910,0.0,211.0,0.0,45.55,18.87,3.72,0.0
20170727:1010,44.0,372.0,0.0,53.63,19.42,3.72,0.0
20170727:1110,71.0,414.0,0.0,59.16,19.81,4.14,0.0
20170727:1210,27.0,383.0,0.0,60.49,20.44,4.34,0.0
20170727:1310,5.0,313.0,0.0,57.09,21.16,4.28,0.0
20170727:1410,10.0,305.0,0.0,50.22,21.88,4.41,0.0
20170727:1510,59.0,312.0,0.0,41.44,22.1,4.55,0.0
20170727:1610,187.0,216.0,0.0,31.8,21.9,4.41,0.0
20170727:1710,37.0,164.0,0.0,21.91,21.29,4.0,0.0
20170727:1810,18.0,85.0,0.0,12.16,20.79,3.52,0.0
20170727:1910,0.0,10.0,0.0,2.91,19.47,2.9,0.0
20170727:2010,0.0,0.0,0.0,0.0,18.37,2.34,0.0
20170727:2110,0.0,0.0,0.0,0.0,17.12,2.34,0.0
20170727:2210,0.0,0.0,0.0,0.0,16.36,2.41,0.0
20170727:2310,0.0,0.0,0.0,0.0,16.12,2.55,0.0
20170728:0010,0.0,0.0,0.0,0.0,15.74,2.69,0.0
20170728:0110,0.0,0.0,0.0,0.0,15.98,2.69,0.0
20170728:0210,0.0,0.0,0.0,0.0,15.97,2.55,0.0
20170728:0310,0.0,0.0,0.0,0.0,16.13,2.48,0.0
20170728:0410,0.0,0.0,0.0,0.0,15.88,2.48,0.0
20170728:0510,1.0,34.0,0.0,6.82,15.48,2.48,0.0
20170728:0610,49.0,119.0,0.0,16.35,15.96,2.76,0.0
20170728:0710,26.0,191.0,0.0,26.21,17.08,3.52,0.0
20170728:0810,46.0,269.0,0.0,36.04,17.87,3.72,0.0
20170728:0910,244.0,307.0,0.0,45.37,19.09,4.28,0.0
20170728:1010,106.0,391.0,0.0,53.44,20.34,4.83,0.0
20170728:1110,527.01,263.0,0.0,58.94,21.27,5.24,0.0
20170728:1210,113.0,427.0,0.0,60.27,22.12,5.52,0.0
20170728:1310,78.0,405.0,0.0,56.88,21.92,5.24,0.0
20170728:1410,12.0,308.0,0.0,50.03,22.23,5.17,0.0
20170728:1510,17.0,275.0,0.0,41.27,22.42,5.17,0.0
20170728:1610,27.0,228.0,0.0,31.64,22.24,4.83,0.0
20170728:1710,3.0,123.0,0.0,21.74,21.88,4.34,0.0
20170728:1810,3.0,69.0,0.0,11.99,21.59,3.79,0.0
20170728:1910,0.0,5.0,0.0,2.73,21.12,3.45,0.0
20170728:2010,0.0,0.0,0.0,0.0,20.56,3.31,0.0
20170728:2110,0.0,0.0,0.0,0.0,19.9,3.31,0.0
20170728:2210,0.0,0.0,0.0,0.0,18.97,3.38,0.0
20170728:2310,0.0,0.0,0.0,0.0,18.52,3.52,0.0
20170729:0010,0.0,0.0,0.0,0.0,18.38,3.79,0.0
20170729:0110,0.0,0.0,0.0,0.0,17.94,4.0,0.0
20170729:0210,0.0,0.0,0.0,0.0,17.39,4.14,0.0
20170729:0310,0.0,0.0,0.0,0.0,17.32,4.28,0.0
20170729:0410,0.0,0.0,0.0,0.0,17.23,4.07,0.0
20170729:0510,2.0,34.0,0.0,6.65,17.06,3.72,0.0
20170729:0610,71.0,110.0,0.0,16.18,17.36,3.31,0.0
20170729:0710,182.0,159.0,0.0,26.04,18.39,3.86,0.0
20170729:0810,358.0,162.0,0.0,35.87,19.64,4.21,0.0
20170729:0910,506.0,162.0,0.0,45.19,21.0,4.21,0.0
20170729:1010,465.0,253.0,0.0,53.24,22.32,4.48,0.0
20170729:1110,0.0,0.0,0.0,0.0,23.64,4.76,0.0
20170729:1210,248.0,399.0,0.0,60.03,25.42,6.0,0.0
20170729:1310,2.0,281.0,0.0,56.67,25.29,6.41,0.0
20170729:1410,307.0,310.0,0.0,49.83,25.52,6.28,0.0
20170729:1510,139.0,306.0,0.0,41.09,25.91,6.41,0.0
20170729:1610,335.0,131.0,0.0,31.47,25.51,5.86,0.0
20170729:1710,47.0,160.0,0.0,21.57,25.22,5.17,0.0
20170729:1810,91.0,63.0,0.0,11.82,24.9,4.48,0.0
20170729:1910,0.0,10.0,0.0,2.54,24.97,3.86,0.0
20170729:2010,0.0,0.0,0.0,0.0,23.75,3.72,0.0
20170729:2110,0.0,0.0,0.0,0.0,22.71,4.0,0.0
20170729:2210,0.0,0.0,0.0,0.0,21.91,4.41,0.0
20170729:2310,0.0,0.0,0.0,0.0,20.68,4.69,0.0
20170730:0010,0.0,0.0,0.0,0.0,19.6,4.55,0.0
20170730:0110,0.0,0.0,0.0,0.0,18.81,4.34,0.0
20170730:0210,0.0,0.0,0.0,0.0,18.48,4.69,0.0
20170730:0310,0.0,0.0,0.0,0.0,18.57,5.17,0.0
20170730:0410,0.0,0.0,0.0,0.0,18.61,5.66,0.0
20170730:0510,6.0,39.0,0.0,6.47,18.85,6.28,0.0
20170730:0610,91.0,105.0,0.0,16.01,19.5,6.55,0.0
20170730:0710,22.0,186.0,0.0,25.88,20.08,6.76,0.0
20170730:0810,235.0,233.0,0.0,35.71,20.5,6.76,0.0
20170730:0910,512.0,167.0,0.0,45.01,21.23,6.41,0.0
20170730:1010,161.0,390.0,0.0,53.03,22.03,5.93,0.0
20170730:1110,258.0,396.0,0.0,58.49,23.1,5.66,0.0
20170730:1210,624.01,217.0,0.0,59.8,23.94,6.0,0.0
20170730:1310,419.0,312.0,0.0,56.44,24.36,6.21,0.0
20170730:1410,129.0,373.0,0.0,49.63,24.38,5.86,0.0
20170730:1510,59.0,311.0,0.0,40.91,24.12,5.72,0.0
20170730:1610,39.0,237.0,0.0,31.29,23.67,5.31,0.0
20170730:1710,156.0,130.0,0.0,21.4,23.18,4.9,0.0
20170730:1810,18.0,81.0,0.0,11.64,22.61,3.59,0.0
20170730:1910,0.0,4.0,0.0,2.35,22.4,2.34,0.0
20170730:2010,0.0,0.0,0.0,0.0,21.13,2.28,0.0
20170730:2110,0.0,0.0,0.0,0.0,20.29,2.9,0.0
20170730:2210,0.0,0.0,0.0,0.0,19.53,3.66,0.0
20170730:2310,0.0,0.0,0.0,0.0,18.59,3.52,0.0
20170731:0010,0.0,0.0,0.0,0.0,17.55,3.03,0.0
20170731:0110,0.0,0.0,0.0,0.0,16.78,2.69,0.0
20170731:0210,0.0,0.0,0.0,0.0,16.06,2.41,0.0
20170731:0310,0.0,0.0,0.0,0.0,15.3,2.28,0.0
20170731:0410,0.0,0.0,0.0,0.0,14.75,2.0,0.0
20170731:0510,4.0,35.0,0.0,6.29,14.44,1.79,0.0
20170731:0610,18.0,110.0,0.0,15.84,15.31,1.66,0.0
20170731:0710,269.0,113.0,0.0,25.71,16.93,1.52,0.0
20170731:0810,143.0,264.0,0.0,35.53,18.37,1.72,0.0
20170731:0910,0.0,0.0,0.0,0.0,19.76,1.45,0.0
20170731:1010,0.0,0.0,0.0,0.0,21.11,1.45,0.0
20170731:1110,107.0,419.0,0.0,58.26,22.49,1.59,0.0
20170731:1210,122.0,426.0,0.0,59.55,23.24,1.45,0.0
20170731:1310,22.0,359.0,0.0,56.21,24.3,1.45,0.0
20170731:1410,48.0,354.0,0.0,49.43,24.77,1.38,0.0
20170731:1510,203.0,288.0,0.0,40.72,24.83,1.31,0.0
20170731:1610,293.0,157.0,0.0,31.11,24.82,1.38,0.0
20170731:1710,0.0,28.0,0.0,21.22,24.64,1.31,0.0
20170731:1810,1.0,57.0,0.0,11.45,23.64,1.45,0.0
20170731:1910,0.0,2.0,0.0,2.16,19.94,0.83,0.0
20170731:2010,0.0,0.0,0.0,0.0,19.07,1.1,0.0
20170731:2110,0.0,0.0,0.0,0.0,18.64,1.24,0.0
20170731:2210,0.0,0.0,0.0,0.0,18.18,1.03,0.0
20170731:2310,0.0,0.0,0.0,0.0,17.5,1.45,0.0
20170801:0010,0.0,0.0,0.0,0.0,16.86,1.31,0.0
20170801:0110,0.0,0.0,0.0,0.0,16.6,1.24,0.0
20170801:0210,0.0,0.0,0.0,0.0,16.27,1.17,0.0
20170801:0310,0.0,0.0,0.0,0.0,15.81,1.1,0.0
20170801:0410,0.0,0.0,0.0,0.0,15.83,1.24,0.0
20170801:0510,0.0,7.0,0.0,6.11,15.83,1.24,0.0
20170801:0610,15.0,107.0,0.0,15.67,16.35,1.17,0.0
20170801:0710,0.0,65.0,0.0,25.54,17.58,1.31,0.0
20170801:0810,3.0,201.0,0.0,35.36,18.56,1.24,0.0
20170801:0910,36.0,316.0,0.0,44.64,19.45,0.97,0.0
20170801:1010,642.01,146.0,0.0,52.62,20.02,1.1,0.0
20170801:1110,667.01,170.0,0.0,58.02,21.08,0.55,0.0
20170801:1210,562.01,243.0,0.0,59.31,22.58,0.76,0.0
20170801:1310,611.01,190.0,0.0,55.98,23.83,1.59,0.0
20170801:1410,562.01,167.0,0.0,49.21,24.85,2.21,0.0
20170801:1510,473.0,142.0,0.0,40.52,25.51,2.9,0.0
20170801:1610,287.0,156.0,0.0,30.92,25.61,3.03,0.0
20170801:1710,207.0,97.0,0.0,21.03,25.54,3.17,0.0
20170801:1810,79.0,62.0,0.0,11.26,24.95,2.9,0.0
20170801:1910,0.0,6.0,0.0,1.96,23.77,2.14,0.0
20170801:2010,0.0,0.0,0.0,0.0,22.13,2.34,0.0
20170801:2110,0.0,0.0,0.0,0.0,20.98,2.41,0.0
20170801:2210,0.0,0.0,0.0,0.0,19.64,2.76,0.0
20170801:2310,0.0,0.0,0.0,0.0,18.54,2.62,0.0
20170802:0010,0.0,0.0,0.0,0.0,17.81,2.07,0.0
20170802:0110,0.0,0.0,0.0,0.0,17.51,1.66,0.0
20170802:0210,0.0,0.0,0.0,0.0,16.81,1.38,0.0
20170802:0310,0.0,0.0,0.0,0.0,16.78,0.76,0.0
20170802:0410,0.0,0.0,0.0,0.0,17.46,0.21,0.0
20170802:0510,0.0,21.0,0.0,5.93,16.0,1.1,0.0
20170802:0610,4.0,90.0,0.0,15.5,17.19,0.97,0.0
20170802:0710,24.0,183.0,0.0,25.37,18.5,1.79,0.0
20170802:0810,128.0,263.0,0.0,35.18,19.77,2.14,0.0
20170802:0910,525.0,147.0,0.0,44.45,21.51,2.55,0.0
20170802:1010,297.0,336.0,0.0,52.4,22.99,2.76,0.0
20170802:1110,14.0,346.0,0.0,57.78,24.32,2.83,0.0
20170802:1210,255.0,395.0,0.0,59.05,25.13,3.1,0.0
20170802:1310,194.0,394.0,0.0,55.74,25.36,2.97,0.0
20170802:1410,44.0,348.0,0.0,49.0,25.43,2.41,0.0
20170802:1510,85.0,307.0,0.0,40.32,26.0,2.55,0.0
20170802:1610,285.0,155.0,0.0,30.73,26.81,2.9,0.0
20170802:1710,134.0,132.0,0.0,20.84,27.28,3.52,0.0
20170802:1810,27.0,77.0,0.0,11.06,26.8,3.03,0.0
20170802:1910,0.0,4.0,0.0,1.75,25.79,2.34,0.0
20170802:2010,0.0,0.0,0.0,0.0,24.21,2.41,0.0
20170802:2110,0.0,0.0,0.0,0.0,22.87,2.76,0.0
20170802:2210,0.0,0.0,0.0,0.0,22.06,2.97,0.0
20170802:2310,0.0,0.0,0.0,0.0,21.33,3.03,0.0
20170803:0010,0.0,0.0,0.0,0.0,20.73,3.17,0.0
20170803:0110,0.0,0.0,0.0,0.0,20.24,3.52,0.0
20170803:0210,0.0,0.0,0.0,0.0,19.65,4.07,0.0
20170803:0310,0.0,0.0,0.0,0.0,18.87,3.86,0.0
20170803:0410,0.0,0.0,0.0,0.0,18.26,4.07,0.0
20170803:0510,3.0,32.0,0.0,5.75,18.06,4.34,0.0
20170803:0610,17.0,107.0,0.0,15.32,18.39,4.55,0.0
20170803:0710,5.0,152.0,0.0,25.2,19.23,4.48,0.0
20170803:0810,69.0,268.0,0.0,35.0,20.12,5.38,0.0
20170803:0910,36.0,315.0,0.0,44.26,21.5,7.17,0.0
20170803:1010,236.0,360.0,0.0,52.19,23.22,7.03,0.0
20170803:1110,540.01,246.0,0.0,57.53,24.44,7.03,0.0
20170803:1210,704.01,154.0,0.0,58.79,25.18,7.17,0.0
20170803:1310,463.0,276.0,0.0,55.49,25.62,7.03,0.0
20170803:1410,427.0,245.0,0.0,48.77,25.59,6.76,0.0
20170803:1510,278.0,250.0,0.0,40.11,25.4,6.48,0.0
20170803:1610,33.0,225.0,0.0,30.53,24.9,6.14,0.0
20170803:1710,206.0,95.0,0.0,20.64,24.37,5.72,0.0
20170803:1810,70.0,63.0,0.0,10.86,23.67,4.9,0.0
20170803:1910,0.0,4.0,0.0,1.54,23.01,3.59,0.0
20170803:2010,0.0,0.0,0.0,0.0,21.59,3.24,0.0
20170803:2110,0.0,0.0,0.0,0.0,20.61,3.17,0.0
20170803:2210,0.0,0.0,0.0,0.0,19.8,3.24,0.0
20170803:2310,0.0,0.0,0.0,0.0,19.42,3.24,0.0
20170804:0010,0.0,0.0,0.0,0.0,18.84,3.38,0.0
20170804:0110,0.0,0.0,0.0,0.0,18.37,3.38,0.0
20170804:0210,0.0,0.0,0.0,0.0,18.16,3.52,0.0
20170804:0310,0.0,0.0,0.0,0.0,17.97,3.79,0.0
20170804:0410,0.0,0.0,0.0,0.0,17.45,3.79,0.0
20170804:0510,2.0,26.58,0.0,5.56,17.2,3.79,0.0
20170804:0610,78.0,100.0,0.0,15.14,17.6,4.0,0.0
20170804:0710,195.0,144.0,0.0,25.02,18.63,4.41,0.0
20170804:0810,277.0,199.0,0.0,34.82,19.59,4.76,0.0
20170804:0910,176.0,320.0,0.0,44.06,20.75,4.97,0.0
20170804:1010,203.0,368.0,0.0,51.96,22.2,5.38,0.0
20170804:1110,371.0,335.0,0.0,57.28,23.01,5.31,0.0
20170804:1210,378.0,339.0,0.0,58.53,23.4,5.38,0.0
20170804:1310,377.0,318.0,0.0,55.24,23.72,5.45,0.0
20170804:1410,282.0,315.0,0.0,48.54,23.61,5.38,0.0
20170804:1510,163.0,292.0,0.0,39.9,23.19,4.83,0.0
20170804:1610,28.0,220.0,0.0,30.33,22.76,4.21,0.0
20170804:1710,12.0,137.0,0.0,20.44,22.66,3.72,0.0
20170804:1810,2.0,55.0,0.0,10.65,22.39,2.69,0.0
20170804:1910,0.0,1.0,0.0,1.32,21.92,1.79,0.0
20170804:2010,0.0,0.0,0.0,0.0,21.0,1.38,0.0
20170804:2110,0.0,0.0,0.0,0.0,20.28,1.1,0.0
20170804:2210,0.0,0.0,0.0,0.0,19.72,1.17,0.0
20170804:2310,0.0,0.0,0.0,0.0,19.17,1.38,0.0
20170805:0010,0.0,0.0,0.0,0.0,18.85,1.66,0.0
20170805:0110,0.0,0.0,0.0,0.0,18.66,1.86,0.0
20170805:0210,0.0,0.0,0.0,0.0,18.55,2.0,0.0
20170805:0310,0.0,0.0,0.0,0.0,18.47,2.14,0.0
20170805:0410,0.0,0.0,0.0,0.0,18.34,2.28,0.0
20170805:0510,2.0,25.58,0.0,5.37,18.1,2.62,0.0
20170805:0610,6.0,94.0,0.0,14.96,17.76,3.52,0.0
20170805:0710,0.0,110.0,0.0,24.84,16.89,2.48,0.0
20170805:0810,72.0,267.0,0.0,34.64,18.09,3.38,0.0
20170805:0910,557.0,130.0,0.0,43.86,19.42,4.0,0.0
20170805:1010,212.0,368.0,0.0,51.74,20.66,4.34,0.0
20170805:1110,318.0,363.0,0.0,57.03,21.73,4.69,0.0
20170805:1210,468.01,297.0,0.0,58.26,22.38,4.76,0.0
20170805:1310,141.0,404.0,0.0,54.99,22.7,4.83,0.0
20170805:1410,369.0,276.0,0.0,48.31,22.56,4.9,0.0
20170805:1510,76.0,305.0,0.0,39.68,22.26,4.83,0.0
20170805:1610,336.0,123.0,0.0,30.12,22.12,4.76,0.0
20170805:1710,87.0,146.0,0.0,20.23,21.76,4.62,0.0
20170805:1810,27.0,73.0,0.0,10.44,21.09,4.41,0.0
20170805:1910,0.0,0.0,0.0,0.0,20.16,3.79,0.0
20170805:2010,0.0,0.0,0.0,0.0,18.84,3.59,0.0
20170805:2110,0.0,0.0,0.0,0.0,17.66,3.45,0.0
20170805:2210,0.0,0.0,0.0,0.0,16.52,3.17,0.0
20170805:2310,0.0,0.0,0.0,0.0,15.43,2.69,0.0
20170806:0010,0.0,0.0,0.0,0.0,14.52,2.28,0.0
20170806:0110,0.0,0.0,0.0,0.0,13.74,2.07,0.0
20170806:0210,0.0,0.0,0.0,0.0,12.99,2.07,0.0
20170806:0310,0.0,0.0,0.0,0.0,12.27,2.0,0.0
20170806:0410,0.0,0.0,0.0,0.0,11.59,1.93,0.0
20170806:0510,26.0,22.71,0.0,5.18,11.11,1.86,0.0
20170806:0610,134.0,74.0,0.0,14.78,12.5,1.66,0.0
20170806:0710,268.0,108.0,0.0,24.66,15.23,1.72,0.0
20170806:0810,425.0,123.0,0.0,34.45,17.01,1.59,0.0
20170806:0910,521.0,157.0,0.0,43.66,18.56,1.24,0.0
20170806:1010,378.0,305.0,0.0,51.51,19.78,1.52,0.0
20170806:1110,648.01,191.0,0.0,56.77,20.72,1.72,0.0
20170806:1210,602.01,228.0,0.0,57.99,21.63,1.86,0.0
20170806:1310,738.01,124.0,0.0,54.73,22.37,1.93,0.0
20170806:1410,661.01,117.0,0.0,48.07,23.04,1.86,0.0
20170806:1510,535.0,112.0,0.0,39.46,23.2,1.66,0.0
20170806:1610,396.0,96.0,0.0,29.9,23.23,1.59,0.0
20170806:1710,191.0,102.0,0.0,20.02,22.97,1.66,0.0
20170806:1810,67.0,60.0,0.0,10.22,22.41,1.72,0.0
20170806:1910,0.0,0.0,0.0,0.0,21.37,1.52,0.0
20170806:2010,0.0,0.0,0.0,0.0,19.48,1.86,0.0
20170806:2110,0.0,0.0,0.0,0.0,17.74,2.21,0.0
20170806:2210,0.0,0.0,0.0,0.0,16.5,2.48,0.0
20170806:2310,0.0,0.0,0.0,0.0,15.58,2.76,0.0
20170807:0010,0.0,0.0,0.0,0.0,14.8,2.76,0.0
20170807:0110,0.0,0.0,0.0,0.0,14.18,2.62,0.0
20170807:0210,0.0,0.0,0.0,0.0,13.64,2.55,0.0
20170807:0310,0.0,0.0,0.0,0.0,13.16,2.48,0.0
20170807:0410,0.0,0.0,0.0,0.0,12.7,2.34,0.0
20170807:0510,21.0,23.73,0.0,4.99,12.37,2.28,0.0
20170807:0610,127.0,75.0,0.0,14.6,13.5,2.0,0.0
20170807:0710,265.0,107.0,0.0,24.48,15.9,1.86,0.0
20170807:0810,393.0,138.0,0.0,34.27,18.48,1.79,0.0
20170807:0910,517.0,156.0,0.0,43.46,20.92,1.79,0.0
20170807:1010,647.01,147.0,0.0,51.28,22.64,1.86,0.0
20170807:1110,682.01,167.0,0.0,56.51,23.78,2.0,0.0
20170807:1210,575.01,241.0,0.0,57.71,24.66,2.14,0.0
20170807:1310,514.01,254.0,0.0,54.46,25.29,1.79,0.0
20170807:1410,647.01,122.0,0.0,47.82,25.72,1.72,0.0
20170807:1510,453.0,155.0,0.0,39.23,25.98,1.66,0.0
20170807:1610,144.0,220.0,0.0,29.68,26.09,1.79,0.0
20170807:1710,165.0,112.0,0.0,19.8,25.8,1.79,0.0
20170807:1810,13.0,68.0,0.0,10.0,24.97,1.59,0.0
20170807:1910,0.0,0.0,0.0,0.0,23.78,1.79,0.0
20170807:2010,0.0,0.0,0.0,0.0,22.33,2.07,0.0
20170807:2110,0.0,0.0,0.0,0.0,21.23,1.93,0.0
20170807:2210,0.0,0.0,0.0,0.0,19.99,1.72,0.0
20170807:2310,0.0,0.0,0.0,0.0,19.13,2.0,0.0
20170808:0010,0.0,0.0,0.0,0.0,18.52,2.07,0.0
20170808:0110,0.0,0.0,0.0,0.0,17.68,2.0,0.0
20170808:0210,0.0,0.0,0.0,0.0,17.02,1.72,0.0
20170808:0310,0.0,0.0,0.0,0.0,16.62,1.17,0.0
20170808:0410,0.0,0.0,0.0,0.0,17.31,0.55,0.0
20170808:0510,0.0,4.0,0.0,4.8,16.61,1.17,0.0
20170808:0610,0.0,29.0,0.0,14.41,16.25,1.17,0.0
20170808:0710,0.0,72.0,0.0,24.3,16.87,1.93,0.0
20170808:0810,27.0,245.0,0.0,34.08,16.7,2.28,0.0
20170808:0910,0.0,132.0,0.0,43.25,17.25,2.55,0.0
20170808:1010,0.0,117.0,0.0,51.05,17.97,3.31,0.0
20170808:1110,0.0,88.0,0.0,56.25,19.45,3.45,0.0
20170808:1210,0.0,108.0,0.0,57.43,19.79,3.52,0.0
20170808:1310,476.01,262.0,0.0,54.19,18.37,4.28,0.0
20170808:1410,0.0,142.0,0.0,47.57,17.44,4.55,0.0
20170808:1510,102.0,299.0,0.0,38.99,18.11,4.62,0.0
20170808:1610,29.0,216.0,0.0,29.45,19.16,4.62,0.0
20170808:1710,181.0,97.0,0.0,19.57,17.9,5.31,0.0
20170808:1810,68.0,55.0,0.0,9.77,16.58,4.28,0.0
20170808:1910,0.0,0.0,0.0,0.0,16.45,3.17,0.0
20170808:2010,0.0,0.0,0.0,0.0,15.37,2.62,0.0
20170808:2110,0.0,0.0,0.0,0.0,14.62,2.34,0.0
20170808:2210,0.0,0.0,0.0,0.0,14.04,2.21,0.0
20170808:2310,0.0,0.0,0.0,0.0,13.59,2.28,0.0
20170809:0010,0.0,0.0,0.0,0.0,13.46,2.34,0.0
20170809:0110,0.0,0.0,0.0,0.0,13.29,2.55,0.0
20170809:0210,0.0,0.0,0.0,0.0,13.07,2.55,0.0
20170809:0310,0.0,0.0,0.0,0.0,12.89,2.21,0.0
20170809:0410,0.0,0.0,0.0,0.0,12.62,2.07,0.0
20170809:0510,2.0,23.55,0.0,4.6,12.42,2.07,0.0
20170809:0610,13.0,97.0,0.0,14.23,13.17,1.93,0.0
20170809:0710,288.0,91.0,0.0,24.11,14.44,2.41,0.0
20170809:0810,126.0,258.0,0.0,33.89,15.77,2.14,0.0
20170809:0910,261.0,287.0,0.0,43.04,16.55,1.66,0.0
20170809:1010,63.0,373.0,0.0,50.81,17.28,1.52,0.0
20170809:1110,15.0,346.0,0.0,55.98,18.08,1.38,0.0
20170809:1210,0.0,194.0,0.0,57.15,17.72,1.72,0.0
20170809:1310,0.0,128.0,0.0,53.91,17.29,1.31,0.0
20170809:1410,0.0,74.0,0.0,47.31,17.79,0.69,0.0
20170809:1510,32.0,282.0,0.0,38.75,18.56,0.34,0.0
20170809:1610,338.0,115.0,0.0,29.22,18.42,0.48,0.0
20170809:1710,143.0,116.0,0.0,19.34,18.22,1.03,0.0
20170809:1810,44.0,62.0,0.0,9.54,16.16,1.31,0.0
20170809:1910,0.0,0.0,0.0,0.0,15.11,1.52,0.0
20170809:2010,0.0,0.0,0.0,0.0,13.96,1.31,0.0
20170809:2110,0.0,0.0,0.0,0.0,13.05,1.1,0.0
20170809:2210,0.0,0.0,0.0,0.0,12.86,1.45,0.0
20170809:2310,0.0,0.0,0.0,0.0,12.5,1.59,0.0
20170810:0010,0.0,0.0,0.0,0.0,12.06,1.66,0.0
20170810:0110,0.0,0.0,0.0,0.0,11.68,1.79,0.0
20170810:0210,0.0,0.0,0.0,0.0,11.78,1.52,0.0
20170810:0310,0.0,0.0,0.0,0.0,11.67,1.31,0.0
20170810:0410,0.0,0.0,0.0,0.0,11.31,1.38,0.0
20170810:0510,0.0,17.0,0.0,4.4,11.09,1.24,0.0
20170810:0610,0.0,17.0,0.0,14.04,11.98,0.9,0.0
20170810:0710,0.0,32.0,0.0,23.93,12.94,1.17,0.0
20170810:0810,40.0,254.0,0.0,33.69,14.17,1.03,0.0
20170810:0910,6.0,257.0,0.0,42.83,15.13,1.1,0.0
20170810:1010,0.0,239.0,0.0,50.57,16.39,0.83,0.0
20170810:1110,75.0,405.0,0.0,55.7,17.61,0.97,0.0
20170810:1210,133.0,418.0,0.0,56.86,17.69,1.03,0.0
20170810:1310,11.0,327.0,0.0,53.63,17.67,1.17,0.0
20170810:1410,38.0,337.0,0.0,47.05,18.45,0.9,0.0
20170810:1510,13.0,256.0,0.0,38.51,18.25,0.97,0.0
20170810:1610,172.0,200.0,0.0,28.99,18.57,1.38,0.0
20170810:1710,211.0,81.0,0.0,19.11,18.47,2.07,0.0
20170810:1810,0.0,16.0,0.0,9.3,17.87,2.28,0.0
20170810:1910,0.0,0.0,0.0,0.0,15.92,1.93,0.0
20170810:2010,0.0,0.0,0.0,0.0,15.13,2.14,0.0
20170810:2110,0.0,0.0,0.0,0.0,14.38,2.34,0.0
20170810:2210,0.0,0.0,0.0,0.0,13.82,2.48,0.0
20170810:2310,0.0,0.0,0.0,0.0,13.41,2.41,0.0
20170811:0010,0.0,0.0,0.0,0.0,13.1,2.34,0.0
20170811:0110,0.0,0.0,0.0,0.0,13.0,2.55,0.0
20170811:0210,0.0,0.0,0.0,0.0,12.84,2.55,0.0
20170811:0310,0.0,0.0,0.0,0.0,12.81,2.34,0.0
20170811:0410,0.0,0.0,0.0,0.0,12.75,2.28,0.0
20170811:0510,2.0,20.57,0.0,4.2,12.88,2.34,0.0
20170811:0610,22.0,98.0,0.0,13.85,13.47,3.45,0.0
20170811:0710,40.0,180.0,0.0,23.74,13.88,2.07,0.0
20170811:0810,58.0,258.0,0.0,33.5,14.79,1.79,0.0
20170811:0910,37.0,310.0,0.0,42.62,15.81,2.0,0.0
20170811:1010,449.0,252.0,0.0,50.33,16.68,2.14,0.0
20170811:1110,19.0,352.0,0.0,55.43,17.69,2.69,0.0
20170811:1210,377.0,335.0,0.0,56.56,18.41,3.31,0.0
20170811:1310,0.0,219.0,0.0,53.34,19.67,3.45,0.0
20170811:1410,0.0,134.0,0.0,46.78,20.34,3.38,0.0
20170811:1510,24.0,270.0,0.0,38.26,20.42,3.59,0.0
20170811:1610,0.0,96.0,0.0,28.75,20.3,3.93,0.0
20170811:1710,64.0,141.0,0.0,18.87,19.4,3.38,0.0
20170811:1810,61.0,51.0,0.0,9.06,19.03,2.83,0.0
20170811:1910,0.0,0.0,0.0,0.0,18.61,2.0,0.0
20170811:2010,0.0,0.0,0.0,0.0,17.3,2.07,0.0
20170811:2110,0.0,0.0,0.0,0.0,16.42,2.07,0.0
20170811:2210,0.0,0.0,0.0,0.0,15.45,2.34,0.0
20170811:2310,0.0,0.0,0.0,0.0,14.95,2.34,0.0
20170812:0010,0.0,0.0,0.0,0.0,14.26,2.0,0.0
20170812:0110,0.0,0.0,0.0,0.0,13.62,2.07,0.0
20170812:0210,0.0,0.0,0.0,0.0,13.74,2.28,0.0
20170812:0310,0.0,0.0,0.0,0.0,14.01,2.55,0.0
20170812:0410,0.0,0.0,0.0,0.0,14.15,2.83,0.0
20170812:0510,6.0,20.58,0.0,4.0,14.51,3.24,0.0
20170812:0610,1.0,71.0,0.0,13.66,14.97,3.52,0.0
20170812:0710,15.0,163.0,0.0,23.55,15.6,3.86,0.0
20170812:0810,1.0,173.0,0.0,33.3,16.0,4.07,0.0
20170812:0910,53.0,315.0,0.0,42.4,16.38,4.41,0.0
20170812:1010,165.0,367.0,0.0,50.08,17.02,5.17,0.0
20170812:1110,50.0,384.0,0.0,55.15,17.77,5.66,0.0
20170812:1210,0.0,194.0,0.0,56.26,18.01,5.79,0.0
20170812:1310,0.0,228.0,0.0,53.05,17.79,5.72,0.0
20170812:1410,0.0,137.0,0.0,46.51,17.92,5.66,0.0
20170812:1510,0.0,168.0,0.0,38.0,18.02,5.24,0.0
20170812:1610,7.0,181.0,0.0,28.5,18.16,4.97,0.0
20170812:1710,0.0,73.0,0.0,18.63,18.09,4.14,0.0
20170812:1810,2.0,48.0,0.0,8.81,18.01,3.72,0.0
20170812:1910,0.0,0.0,0.0,0.0,17.93,3.45,0.0
20170812:2010,0.0,0.0,0.0,0.0,17.75,2.97,0.0
20170812:2110,0.0,0.0,0.0,0.0,17.42,2.41,0.0
20170812:2210,0.0,0.0,0.0,0.0,17.22,2.21,0.0
20170812:2310,0.0,0.0,0.0,0.0,16.9,2.07,0.0
20170813:0010,0.0,0.0,0.0,0.0,16.68,2.21,0.0
20170813:0110,0.0,0.0,0.0,0.0,16.15,2.34,0.0
20170813:0210,0.0,0.0,0.0,0.0,15.7,2.28,0.0
20170813:0310,0.0,0.0,0.0,0.0,15.13,1.86,0.0
20170813:0410,0.0,0.0,0.0,0.0,14.66,1.59,0.0
20170813:0510,9.0,19.76,0.0,3.8,14.08,1.52,0.0
20170813:0610,64.0,92.0,0.0,13.46,14.52,1.38,0.0
20170813:0710,77.0,179.0,0.0,23.36,15.64,1.86,0.0
20170813:0810,280.0,190.0,0.0,33.1,16.78,2.07,0.0
20170813:0910,248.0,289.0,0.0,42.19,18.15,1.52,0.0
20170813:1010,274.0,339.0,0.0,49.83,19.38,1.17,0.0
20170813:1110,86.0,405.0,0.0,54.86,20.18,1.17,0.0
20170813:1210,77.0,408.0,0.0,55.96,20.83,1.45,0.0
20170813:1310,290.0,354.0,0.0,52.75,21.7,1.52,0.0
20170813:1410,136.0,354.0,0.0,46.23,22.15,1.52,0.0
20170813:1510,188.0,276.0,0.0,37.74,22.34,1.52,0.0
20170813:1610,335.0,110.0,0.0,28.25,22.45,1.31,0.0
20170813:1710,156.0,102.0,0.0,18.38,22.12,1.1,0.0
20170813:1810,42.0,55.0,0.0,8.55,21.76,1.17,0.0
20170813:1910,0.0,0.0,0.0,0.0,19.92,0.97,0.0
20170813:2010,0.0,0.0,0.0,0.0,17.81,1.31,0.0
20170813:2110,0.0,0.0,0.0,0.0,16.75,1.31,0.0
20170813:2210,0.0,0.0,0.0,0.0,16.52,1.17,0.0
20170813:2310,0.0,0.0,0.0,0.0,15.99,1.24,0.0
20170814:0010,0.0,0.0,0.0,0.0,15.45,1.31,0.0
20170814:0110,0.0,0.0,0.0,0.0,15.0,1.24,0.0
20170814:0210,0.0,0.0,0.0,0.0,14.23,1.31,0.0
20170814:0310,0.0,0.0,0.0,0.0,13.47,1.38,0.0
20170814:0410,0.0,0.0,0.0,0.0,12.51,1.45,0.0
20170814:0510,7.0,19.24,0.0,3.6,11.86,1.59,0.0
20170814:0610,110.0,69.0,0.0,13.27,13.15,1.03,0.0
20170814:0710,248.0,102.0,0.0,23.17,16.89,0.48,0.0
20170814:0810,211.0,220.0,0.0,32.9,19.38,1.1,0.0
20170814:0910,548.01,123.0,0.0,41.96,20.97,1.31,0.0
20170814:1010,636.01,138.0,0.0,49.58,22.1,1.03,0.0
20170814:1110,654.01,166.0,0.0,54.57,23.06,0.83,0.0
20170814:1210,429.01,306.0,0.0,55.65,24.08,1.17,0.0
20170814:1310,584.01,193.0,0.0,52.45,24.82,1.45,0.0
20170814:1410,458.0,213.0,0.0,45.95,25.34,1.59,0.0
20170814:1510,395.0,169.0,0.0,37.47,25.87,1.72,0.0
20170814:1610,234.0,162.0,0.0,27.99,26.06,1.79,0.0
20170814:1710,140.0,106.0,0.0,18.12,25.93,1.79,0.0
20170814:1810,18.0,57.0,0.0,8.3,25.24,1.1,0.0
20170814:1910,0.0,0.0,0.0,0.0,24.03,1.66,0.0
20170814:2010,0.0,0.0,0.0,0.0,22.21,2.41,0.0
20170814:2110,0.0,0.0,0.0,0.0,21.09,2.48,0.0
20170814:2210,0.0,0.0,0.0,0.0,20.31,2.76,0.0
20170814:2310,0.0,0.0,0.0,0.0,19.72,2.9,0.0
20170815:0010,0.0,0.0,0.0,0.0,19.34,2.97,0.0
20170815:0110,0.0,0.0,0.0,0.0,19.15,2.97,0.0
20170815:0210,0.0,0.0,0.0,0.0,19.16,2.41,0.0
20170815:0310,0.0,0.0,0.0,0.0,18.53,1.72,0.0
20170815:0410,0.0,0.0,0.0,0.0,17.61,1.45,0.0
20170815:0510,0.0,10.0,0.0,3.4,17.09,2.55,0.0
20170815:0610,8.0,82.0,0.0,13.08,17.43,3.03,0.0
20170815:0710,6.0,141.0,0.0,22.97,20.39,3.45,0.0
20170815:0810,116.0,245.0,0.0,32.7,22.51,4.21,0.0
20170815:0910,0.0,80.0,0.0,41.74,24.11,5.52,0.0
20170815:1010,0.0,234.0,0.0,49.33,24.27,5.31,0.0
20170815:1110,115.0,396.0,0.0,54.28,24.24,4.9,0.0
20170815:1210,312.0,349.0,0.0,55.34,24.09,4.41,0.0
20170815:1310,15.0,325.0,0.0,52.14,24.6,4.34,0.0
20170815:1410,0.0,141.0,0.0,45.66,24.84,4.21,0.0
20170815:1510,0.0,89.0,0.0,37.2,24.73,3.79,0.0
20170815:1610,0.0,71.0,0.0,27.73,22.97,2.55,0.0
20170815:1710,0.0,46.0,0.0,17.87,22.67,1.66,0.0
20170815:1810,2.0,44.0,0.0,8.04,21.99,1.31,0.0
20170815:1910,0.0,0.0,0.0,0.0,20.08,1.03,0.0
20170815:2010,0.0,0.0,0.0,0.0,19.42,0.76,0.0
20170815:2110,0.0,0.0,0.0,0.0,18.41,0.97,0.0
20170815:2210,0.0,0.0,0.0,0.0,18.35,1.45,0.0
20170815:2310,0.0,0.0,0.0,0.0,17.98,1.93,0.0
20170816:0010,0.0,0.0,0.0,0.0,17.57,2.28,0.0
20170816:0110,0.0,0.0,0.0,0.0,17.03,2.34,0.0
20170816:0210,0.0,0.0,0.0,0.0,16.36,2.41,0.0
20170816:0310,0.0,0.0,0.0,0.0,15.92,2.34,0.0
20170816:0410,0.0,0.0,0.0,0.0,15.26,2.14,0.0
20170816:0510,0.0,5.0,0.0,3.19,15.11,1.93,0.0
20170816:0610,17.0,89.0,0.0,12.88,15.46,1.79,0.0
20170816:0710,1.0,113.0,0.0,22.78,16.56,1.66,0.0
20170816:0810,222.0,208.0,0.0,32.49,17.78,1.45,0.0
20170816:0910,425.0,186.0,0.0,41.52,19.21,1.59,0.0
20170816:1010,283.0,323.0,0.0,49.07,20.76,1.52,0.0
20170816:1110,197.0,387.0,0.0,53.99,22.09,1.24,0.0
20170816:1210,137.0,404.0,0.0,55.02,22.69,1.17,0.0
20170816:1310,421.0,277.0,0.0,51.83,23.37,1.24,0.0
20170816:1410,125.0,345.0,0.0,45.37,23.91,1.31,0.0
20170816:1510,311.0,207.0,0.0,36.93,24.07,1.31,0.0
20170816:1610,172.0,184.0,0.0,27.47,24.36,1.45,0.0
20170816:1710,35.0,131.0,0.0,17.6,24.2,1.66,0.0
20170816:1810,26.0,51.0,0.0,7.77,23.65,1.24,0.0
20170816:1910,0.0,0.0,0.0,0.0,22.42,1.66,0.0
20170816:2010,0.0,0.0,0.0,0.0,21.19,1.86,0.0
20170816:2110,0.0,0.0,0.0,0.0,20.08,2.28,0.0
20170816:2210,0.0,0.0,0.0,0.0,19.29,2.55,0.0
20170816:2310,0.0,0.0,0.0,0.0,18.48,2.41,0.0
20170817:0010,0.0,0.0,0.0,0.0,17.84,2.48,0.0
20170817:0110,0.0,0.0,0.0,0.0,17.51,2.69,0.0
20170817:0210,0.0,0.0,0.0,0.0,17.1,2.62,0.0
20170817:0310,0.0,0.0,0.0,0.0,16.74,2.62,0.0
20170817:0410,0.0,0.0,0.0,0.0,16.36,2.83,0.0
20170817:0510,5.0,15.78,0.0,2.98,16.05,3.17,0.0
20170817:0610,37.0,88.0,0.0,12.68,16.59,3.31,0.0
20170817:0710,89.0,164.0,0.0,22.58,18.12,4.48,0.0
20170817:0810,0.0,58.0,0.0,32.29,19.36,5.59,0.0
20170817:0910,19.0,278.0,0.0,41.29,20.13,5.79,0.0
20170817:1010,14.0,306.0,0.0,48.81,20.69,5.38,0.0
20170817:1110,0.0,203.0,0.0,53.69,21.29,5.1,0.0
20170817:1210,0.0,114.0,0.0,54.7,21.43,4.55,0.0
20170817:1310,0.0,209.0,0.0,51.52,21.67,4.62,0.0
20170817:1410,1.0,226.0,0.0,45.07,22.17,4.62,0.0
20170817:1510,0.0,97.0,0.0,36.65,22.43,4.28,0.0
20170817:1610,8.0,173.0,0.0,27.2,22.82,4.55,0.0
20170817:1710,9.0,113.0,0.0,17.33,22.71,4.14,0.0
20170817:1810,8.0,47.0,0.0,7.5,22.22,3.45,0.0
20170817:1910,0.0,0.0,0.0,0.0,21.07,3.72,0.0
20170817:2010,0.0,0.0,0.0,0.0,20.75,3.52,0.0
20170817:2110,0.0,0.0,0.0,0.0,20.36,3.72,0.0
20170817:2210,0.0,0.0,0.0,0.0,20.16,3.79,0.0
20170817:2310,0.0,0.0,0.0,0.0,19.94,3.72,0.0
20170818:0010,0.0,0.0,0.0,0.0,19.64,3.72,0.0
20170818:0110,0.0,0.0,0.0,0.0,19.55,3.79,0.0
20170818:0210,0.0,0.0,0.0,0.0,19.32,3.52,0.0
20170818:0310,0.0,0.0,0.0,0.0,19.07,3.31,0.0
20170818:0410,0.0,0.0,0.0,0.0,18.89,3.17,0.0
20170818:0510,0.0,2.0,0.0,2.78,18.7,2.69,0.0
20170818:0610,0.0,20.0,0.0,12.48,18.63,2.34,0.0
20170818:0710,0.0,54.0,0.0,22.38,18.31,2.21,0.0
20170818:0810,0.0,82.0,0.0,32.08,18.03,2.62,0.0
20170818:0910,0.0,69.0,0.0,41.06,18.05,3.24,0.0
20170818:1010,0.0,135.0,0.0,48.55,18.5,3.17,0.0
20170818:1110,0.0,125.0,0.0,53.39,19.13,3.38,0.0
20170818:1210,0.0,115.0,0.0,54.38,19.87,3.45,0.0
20170818:1310,15.0,322.0,0.0,51.2,20.78,3.93,0.0
20170818:1410,122.0,340.0,0.0,44.77,21.73,4.07,0.0
20170818:1510,283.0,215.0,0.0,36.36,21.85,4.0,0.0
20170818:1610,169.0,178.0,0.0,26.92,21.28,4.41,0.0
20170818:1710,70.0,122.0,0.0,17.06,19.4,4.0,0.0
20170818:1810,0.0,7.0,0.0,7.22,18.77,3.24,0.0
20170818:1910,0.0,0.0,0.0,0.0,18.82,2.48,0.0
20170818:2010,0.0,0.0,0.0,0.0,17.78,2.21,0.0
20170818:2110,0.0,0.0,0.0,0.0,16.76,2.34,0.0
20170818:2210,0.0,0.0,0.0,0.0,15.83,2.34,0.0
20170818:2310,0.0,0.0,0.0,0.0,15.16,2.41,0.0
20170819:0010,0.0,0.0,0.0,0.0,14.81,2.69,0.0
20170819:0110,0.0,0.0,0.0,0.0,14.17,2.97,0.0
20170819:0210,0.0,0.0,0.0,0.0,13.52,3.03,0.0
20170819:0310,0.0,0.0,0.0,0.0,12.98,3.17,0.0
20170819:0410,0.0,0.0,0.0,0.0,12.43,3.24,0.0
20170819:0510,2.0,12.57,0.0,2.57,12.05,3.38,0.0
20170819:0610,98.0,66.0,0.0,12.28,12.56,3.24,0.0
20170819:0710,234.0,100.0,0.0,22.18,14.44,3.79,0.0
20170819:0810,389.0,117.0,0.0,31.87,16.03,4.21,0.0
20170819:0910,544.01,118.0,0.0,40.83,17.53,4.83,0.0
20170819:1010,209.0,353.0,0.0,48.28,18.46,5.03,0.0
20170819:1110,354.0,329.0,0.0,53.09,19.42,5.03,0.0
20170819:1210,377.0,325.0,0.0,54.05,19.92,4.9,0.0
20170819:1310,660.01,139.0,0.0,50.87,20.16,4.83,0.0
20170819:1410,356.0,260.0,0.0,44.47,20.25,4.76,0.0
20170819:1510,106.0,284.0,0.0,36.07,19.98,4.55,0.0
20170819:1610,292.0,117.0,0.0,26.64,19.67,4.07,0.0
20170819:1710,11.0,116.0,0.0,16.79,19.26,3.24,0.0
20170819:1810,15.0,47.0,0.0,6.94,18.68,2.76,0.0
20170819:1910,0.0,0.0,0.0,0.0,17.36,2.21,0.0
20170819:2010,0.0,0.0,0.0,0.0,16.41,2.0,0.0
20170819:2110,0.0,0.0,0.0,0.0,15.49,2.07,0.0
20170819:2210,0.0,0.0,0.0,0.0,14.6,2.07,0.0
20170819:2310,0.0,0.0,0.0,0.0,13.85,2.07,0.0
20170820:0010,0.0,0.0,0.0,0.0,13.01,2.07,0.0
20170820:0110,0.0,0.0,0.0,0.0,12.2,2.07,0.0
20170820:0210,0.0,0.0,0.0,0.0,11.59,2.07,0.0
20170820:0310,0.0,0.0,0.0,0.0,10.98,2.14,0.0
20170820:0410,0.0,0.0,0.0,0.0,10.56,2.07,0.0
20170820:0510,1.0,9.82,0.0,2.36,10.29,2.07,0.0
20170820:0610,94.0,65.0,0.0,12.08,11.02,1.66,0.0
20170820:0710,221.0,104.0,0.0,21.98,13.86,1.59,0.0
20170820:0810,378.0,119.0,0.0,31.65,15.65,1.59,0.0
20170820:0910,485.01,147.0,0.0,40.59,17.15,1.45,0.0
20170820:1010,334.0,298.0,0.0,48.01,18.24,1.86,0.0
20170820:1110,342.0,331.0,0.0,52.78,19.24,2.41,0.0
20170820:1210,119.0,403.0,0.0,53.72,19.74,2.69,0.0
20170820:1310,270.0,346.0,0.0,50.55,20.44,2.62,0.0
20170820:1410,407.0,228.0,0.0,44.16,20.81,2.21,0.0
20170820:1510,436.0,129.0,0.0,35.78,21.02,2.07,0.0
20170820:1610,325.0,98.0,0.0,26.36,20.97,2.21,0.0
20170820:1710,143.0,89.0,0.0,16.51,20.68,1.93,0.0
20170820:1810,10.0,43.0,0.0,6.66,20.05,1.24,0.0
20170820:1910,0.0,0.0,0.0,0.0,19.53,0.41,0.0
20170820:2010,0.0,0.0,0.0,0.0,18.65,0.69,0.0
20170820:2110,0.0,0.0,0.0,0.0,16.09,1.52,0.0
20170820:2210,0.0,0.0,0.0,0.0,15.68,1.52,0.0
20170820:2310,0.0,0.0,0.0,0.0,15.51,1.38,0.0
20170821:0010,0.0,0.0,0.0,0.0,15.94,1.66,0.0
20170821:0110,0.0,0.0,0.0,0.0,16.3,2.0,0.0
20170821:0210,0.0,0.0,0.0,0.0,16.53,2.14,0.0
20170821:0310,0.0,0.0,0.0,0.0,16.55,2.21,0.0
20170821:0410,0.0,0.0,0.0,0.0,16.64,2.34,0.0
20170821:0510,0.0,5.0,0.0,2.15,16.67,2.34,0.0
20170821:0610,14.0,80.0,0.0,11.88,16.82,2.34,0.0
20170821:0710,75.0,161.0,0.0,21.78,16.86,2.0,0.0
20170821:0810,31.0,229.0,0.0,31.44,17.64,1.93,0.0
20170821:0910,9.0,251.0,0.0,40.35,18.39,2.07,0.0
20170821:1010,172.0,349.0,0.0,47.74,19.14,2.21,0.0
20170821:1110,47.0,370.0,0.0,52.47,20.2,2.21,0.0
20170821:1210,427.01,282.0,0.0,53.39,21.73,2.07,0.0
20170821:1310,252.0,342.0,0.0,50.22,22.91,1.86,0.0
20170821:1410,0.0,175.0,0.0,43.84,23.5,1.72,0.0
20170821:1510,0.0,101.0,0.0,35.48,23.39,1.86,0.0
20170821:1610,12.0,174.0,0.0,26.07,23.29,1.86,0.0
20170821:1710,24.0,117.0,0.0,16.22,22.97,1.66,0.0
20170821:1810,7.0,40.0,0.0,6.37,22.36,1.52,0.0
20170821:1910,0.0,0.0,0.0,0.0,21.48,1.86,0.0
20170821:2010,0.0,0.0,0.0,0.0,19.89,1.93,0.0
20170821:2110,0.0,0.0,0.0,0.0,18.75,1.93,0.0
20170821:2210,0.0,0.0,0.0,0.0,18.01,1.79,0.0
20170821:2310,0.0,0.0,0.0,0.0,17.07,1.72,0.0
20170822:0010,0.0,0.0,0.0,0.0,16.37,1.45,0.0
20170822:0110,0.0,0.0,0.0,0.0,15.54,1.45,0.0
20170822:0210,0.0,0.0,0.0,0.0,15.07,1.59,0.0
20170822:0310,0.0,0.0,0.0,0.0,14.59,1.72,0.0
20170822:0410,0.0,0.0,0.0,0.0,14.29,1.72,0.0
20170822:0510,0.0,7.0,0.0,1.93,13.78,1.52,0.0
20170822:0610,81.0,65.0,0.0,11.67,14.47,1.1,0.0
20170822:0710,205.0,104.0,0.0,21.57,17.03,1.24,0.0
20170822:0810,362.0,118.0,0.0,31.23,19.02,1.24,0.0
20170822:0910,499.01,128.0,0.0,40.12,21.58,1.24,0.0
20170822:1010,584.01,143.0,0.0,47.46,23.46,1.31,0.0
20170822:1110,643.01,146.0,0.0,52.15,24.75,1.31,0.0
20170822:1210,634.01,158.0,0.0,53.05,25.72,1.45,0.0
20170822:1310,633.01,136.0,0.0,49.88,26.49,1.86,0.0
20170822:1410,437.01,197.0,0.0,43.52,26.98,2.62,0.0
20170822:1510,8.0,220.0,0.0,35.18,26.96,3.52,0.0
20170822:1610,265.0,117.0,0.0,25.78,26.39,3.45,0.0
20170822:1710,7.0,103.0,0.0,15.93,26.12,2.48,0.0
20170822:1810,19.0,39.0,0.0,6.08,25.2,2.07,0.0
20170822:1910,0.0,0.0,0.0,0.0,23.57,2.76,0.0
20170822:2010,0.0,0.0,0.0,0.0,22.33,3.03,0.0
20170822:2110,0.0,0.0,0.0,0.0,21.39,3.1,0.0
20170822:2210,0.0,0.0,0.0,0.0,20.52,3.1,0.0
20170822:2310,0.0,0.0,0.0,0.0,19.83,2.97,0.0
20170823:0010,0.0,0.0,0.0,0.0,19.24,2.83,0.0
20170823:0110,0.0,0.0,0.0,0.0,18.81,2.62,0.0
20170823:0210,0.0,0.0,0.0,0.0,18.26,2.48,0.0
20170823:0310,0.0,0.0,0.0,0.0,17.76,2.28,0.0
20170823:0410,0.0,0.0,0.0,0.0,17.3,2.28,0.0
20170823:0510,0.0,4.0,0.0,1.72,16.92,2.21,0.0
20170823:0610,74.0,66.0,0.0,11.47,17.32,1.79,0.0
20170823:0710,44.0,160.0,0.0,21.37,19.69,2.0,0.0
20170823:0810,14.0,209.0,0.0,31.01,21.32,2.9,0.0
20170823:0910,0.0,189.0,0.0,39.87,23.0,3.31,0.0
20170823:1010,5.0,267.0,0.0,47.19,24.7,3.45,0.0
20170823:1110,5.0,290.0,0.0,51.84,25.96,3.52,0.0
20170823:1210,27.0,352.0,0.0,52.71,27.0,3.79,0.0
20170823:1310,538.01,189.0,0.0,49.54,27.53,4.21,0.0
20170823:1410,450.01,186.0,0.0,43.2,27.51,4.41,0.0
20170823:1510,311.0,186.0,0.0,34.87,27.04,4.28,0.0
20170823:1610,233.0,132.0,0.0,25.48,26.35,3.86,0.0
20170823:1710,98.0,98.0,0.0,15.64,25.45,3.45,0.0
20170823:1810,13.0,37.0,0.0,5.78,24.23,2.83,0.0
20170823:1910,0.0,0.0,0.0,0.0,22.86,2.69,0.0
20170823:2010,0.0,0.0,0.0,0.0,21.78,2.9,0.0
20170823:2110,0.0,0.0,0.0,0.0,20.48,2.83,0.0
20170823:2210,0.0,0.0,0.0,0.0,19.15,2.48,0.0
20170823:2310,0.0,0.0,0.0,0.0,18.06,2.07,0.0
20170824:0010,0.0,0.0,0.0,0.0,17.16,1.72,0.0
20170824:0110,0.0,0.0,0.0,0.0,16.18,1.52,0.0
20170824:0210,0.0,0.0,0.0,0.0,15.18,1.24,0.0
20170824:0310,0.0,0.0,0.0,0.0,15.09,1.03,0.0
20170824:0410,0.0,0.0,0.0,0.0,15.51,0.83,0.0
20170824:0510,0.0,1.0,0.0,1.51,15.74,0.69,0.0
20170824:0610,5.0,67.0,0.0,11.26,15.66,0.69,0.0
20170824:0710,31.0,157.0,0.0,21.16,16.9,1.24,0.0
20170824:0810,40.0,231.0,0.0,30.79,17.98,1.45,0.0
20170824:0910,11.0,255.0,0.0,39.63,19.19,1.24,0.0
20170824:1010,101.0,354.0,0.0,46.91,20.56,0.9,0.0
20170824:1110,228.0,361.0,0.0,51.52,21.89,0.97,0.0
20170824:1210,387.01,298.0,0.0,52.37,22.98,0.9,0.0
20170824:1310,608.01,145.0,0.0,49.2,23.91,0.55,0.0
20170824:1410,482.01,164.0,0.0,42.87,24.19,0.14,0.0
20170824:1510,100.0,267.0,0.0,34.56,24.57,0.62,0.0
20170824:1610,14.0,174.0,0.0,25.18,24.81,1.24,0.0
20170824:1710,41.0,113.0,0.0,15.34,24.54,1.72,0.0
20170824:1810,3.0,29.3,0.0,5.49,23.74,1.72,0.0
20170824:1910,0.0,0.0,0.0,0.0,21.88,2.62,0.0
20170824:2010,0.0,0.0,0.0,0.0,20.83,2.9,0.0
20170824:2110,0.0,0.0,0.0,0.0,20.21,2.76,0.0
20170824:2210,0.0,0.0,0.0,0.0,18.92,2.76,0.0
20170824:2310,0.0,0.0,0.0,0.0,18.21,2.97,0.0
20170825:0010,0.0,0.0,0.0,0.0,17.73,3.31,0.0
20170825:0110,0.0,0.0,0.0,0.0,17.43,3.38,0.0
20170825:0210,0.0,0.0,0.0,0.0,16.98,3.31,0.0
20170825:0310,0.0,0.0,0.0,0.0,16.62,2.97,0.0
20170825:0410,0.0,0.0,0.0,0.0,16.33,2.83,0.0
20170825:0510,0.0,0.0,0.0,0.0,16.2,2.9,0.0
20170825:0610,10.0,71.0,0.0,11.06,16.57,3.03,0.0
20170825:0710,16.0,145.0,0.0,20.95,17.98,2.48,0.0
20170825:0810,0.0,59.0,0.0,30.57,18.9,2.48,0.0
20170825:0910,0.0,54.0,0.0,39.39,19.64,2.41,0.0
20170825:1010,0.0,72.0,0.0,46.62,20.13,2.14,0.0
20170825:1110,0.0,90.0,0.0,51.2,21.7,2.0,0.0
20170825:1210,0.0,219.0,0.0,52.02,22.96,1.86,0.0
20170825:1310,44.0,347.0,0.0,48.85,23.72,1.52,0.0
20170825:1410,243.0,285.0,0.0,42.54,24.49,1.66,0.0
20170825:1510,281.0,193.0,0.0,34.25,24.71,1.72,0.0
20170825:1610,247.0,115.0,0.0,24.88,24.54,0.97,0.0
20170825:1710,8.0,97.0,0.0,15.04,24.48,0.62,0.0
20170825:1810,6.0,29.46,0.0,5.18,23.98,0.9,0.0
20170825:1910,0.0,0.0,0.0,0.0,23.29,0.07,0.0
20170825:2010,0.0,0.0,0.0,0.0,22.63,0.28,0.0
20170825:2110,0.0,0.0,0.0,0.0,21.73,0.69,0.0
20170825:2210,0.0,0.0,0.0,0.0,20.06,0.97,0.0
20170825:2310,0.0,0.0,0.0,0.0,19.46,1.03,0.0
20170826:0010,0.0,0.0,0.0,0.0,18.86,1.03,0.0
20170826:0110,0.0,0.0,0.0,0.0,17.86,1.45,0.0
20170826:0210,0.0,0.0,0.0,0.0,17.42,1.52,0.0
20170826:0310,0.0,0.0,0.0,0.0,17.09,1.52,0.0
20170826:0410,0.0,0.0,0.0,0.0,16.78,1.24,0.0
20170826:0510,0.0,0.0,0.0,0.0,16.85,1.17,0.0
20170826:0610,10.0,71.0,0.0,10.85,17.81,0.9,0.0
20170826:0710,21.0,149.0,0.0,20.74,17.7,0.83,0.0
20170826:0810,31.0,224.0,0.0,30.35,19.8,1.03,0.0
20170826:0910,69.0,300.0,0.0,39.14,20.4,0.97,0.0
20170826:1010,223.0,327.0,0.0,46.34,22.81,0.76,0.0
20170826:1110,623.01,150.0,0.0,50.87,24.57,0.48,0.0
20170826:1210,576.01,186.0,0.0,51.67,25.75,1.17,0.0
20170826:1310,619.01,136.0,0.0,48.5,26.56,1.66,0.0
20170826:1410,527.01,134.0,0.0,42.21,26.83,1.66,0.0
20170826:1510,396.0,129.0,0.0,33.93,27.12,1.31,0.0
20170826:1610,224.0,129.0,0.0,24.57,27.03,1.1,0.0
20170826:1710,55.0,106.0,0.0,14.74,26.62,1.17,0.0
20170826:1810,8.0,27.89,0.0,4.88,25.53,1.66,0.0
20170826:1910,0.0,0.0,0.0,0.0,23.56,2.0,0.0
20170826:2010,0.0,0.0,0.0,0.0,22.07,1.59,0.0
20170826:2110,0.0,0.0,0.0,0.0,20.93,1.72,0.0
20170826:2210,0.0,0.0,0.0,0.0,20.38,2.0,0.0
20170826:2310,0.0,0.0,0.0,0.0,19.87,1.66,0.0
20170827:0010,0.0,0.0,0.0,0.0,19.8,2.0,0.0
20170827:0110,0.0,0.0,0.0,0.0,19.54,1.79,0.0
20170827:0210,0.0,0.0,0.0,0.0,19.09,1.66,0.0
20170827:0310,0.0,0.0,0.0,0.0,18.68,1.59,0.0
20170827:0410,0.0,0.0,0.0,0.0,18.38,0.76,0.0
20170827:0510,0.0,0.0,0.0,0.0,17.81,1.52,0.0
20170827:0610,0.0,42.0,0.0,10.64,17.88,1.38,0.0
20170827:0710,0.0,34.0,0.0,20.53,19.47,1.38,0.0
20170827:0810,220.0,184.0,0.0,30.12,20.98,1.72,0.0
20170827:0910,425.01,156.0,0.0,38.89,22.85,1.66,0.0
20170827:1010,562.01,142.0,0.0,46.05,24.58,1.45,0.0
20170827:1110,627.01,142.0,0.0,50.54,26.03,1.31,0.0
20170827:1210,663.01,129.0,0.0,51.32,27.08,0.97,0.0
20170827:1310,590.01,144.0,0.0,48.15,27.77,0.76,0.0
20170827:1410,492.01,146.0,0.0,41.87,28.21,0.97,0.0
20170827:1510,379.0,132.0,0.0,33.61,28.34,1.31,0.0
20170827:1610,241.0,114.0,0.0,24.26,28.16,1.45,0.0
20170827:1710,64.0,100.0,0.0,14.43,27.66,1.66,0.0
20170827:1810,6.0,25.48,0.0,4.57,26.27,2.14,0.0
20170827:1910,0.0,0.0,0.0,0.0,24.19,2.34,0.0
20170827:2010,0.0,0.0,0.0,0.0,22.97,2.41,0.0
20170827:2110,0.0,0.0,0.0,0.0,22.07,2.48,0.0
20170827:2210,0.0,0.0,0.0,0.0,21.34,2.48,0.0
20170827:2310,0.0,0.0,0.0,0.0,20.76,2.41,0.0
20170828:0010,0.0,0.0,0.0,0.0,20.13,2.28,0.0
20170828:0110,0.0,0.0,0.0,0.0,19.5,2.07,0.0
20170828:0210,0.0,0.0,0.0,0.0,18.9,1.93,0.0
20170828:0310,0.0,0.0,0.0,0.0,18.36,1.93,0.0
20170828:0410,0.0,0.0,0.0,0.0,18.08,2.07,0.0
20170828:0510,0.0,0.0,0.0,0.0,17.93,2.14,0.0
20170828:0610,30.0,71.0,0.0,10.43,18.33,1.93,0.0
20170828:0710,115.0,136.0,0.0,20.32,20.44,1.79,0.0
20170828:0810,265.0,159.0,0.0,29.9,22.93,2.0,0.0
20170828:0910,450.01,141.0,0.0,38.64,24.71,2.28,0.0
20170828:1010,505.01,175.0,0.0,45.76,26.26,2.28,0.0
20170828:1110,645.01,132.0,0.0,50.21,27.32,2.0,0.0
20170828:1210,620.01,151.0,0.0,50.96,28.19,2.0,0.0
20170828:1310,550.01,167.0,0.0,47.8,28.74,2.14,0.0
20170828:1410,507.01,137.0,0.0,41.53,29.06,2.34,0.0
20170828:1510,306.0,173.0,0.0,33.28,29.14,2.55,0.0
20170828:1610,239.0,113.0,0.0,23.95,28.83,2.69,0.0
20170828:1710,57.0,100.0,0.0,14.12,28.15,2.34,0.0
20170828:1810,4.0,23.99,0.0,4.25,26.69,2.21,0.0
20170828:1910,0.0,0.0,0.0,0.0,25.23,2.34,0.0
20170828:2010,0.0,0.0,0.0,0.0,23.98,2.48,0.0
20170828:2110,0.0,0.0,0.0,0.0,23.05,2.69,0.0
20170828:2210,0.0,0.0,0.0,0.0,22.4,2.55,0.0
20170828:2310,0.0,0.0,0.0,0.0,21.71,2.28,0.0
20170829:0010,0.0,0.0,0.0,0.0,20.85,2.14,0.0
20170829:0110,0.0,0.0,0.0,0.0,20.0,2.0,0.0
20170829:0210,0.0,0.0,0.0,0.0,19.16,1.93,0.0
20170829:0310,0.0,0.0,0.0,0.0,18.6,1.93,0.0
20170829:0410,0.0,0.0,0.0,0.0,18.01,2.07,0.0
20170829:0510,0.0,0.0,0.0,0.0,17.66,2.07,0.0
20170829:0610,34.0,68.0,0.0,10.22,17.93,1.86,0.0
20170829:0710,143.0,121.0,0.0,20.1,20.72,1.66,0.0
20170829:0810,293.0,141.0,0.0,29.67,23.2,1.86,0.0
20170829:0910,454.01,136.0,0.0,38.38,25.54,2.0,0.0
20170829:1010,550.01,145.0,0.0,45.47,27.57,2.07,0.0
20170829:1110,640.01,132.0,0.0,49.88,29.23,2.28,0.0
20170829:1210,623.01,147.0,0.0,50.6,30.44,2.41,0.0
20170829:1310,617.01,127.0,0.0,47.44,31.15,2.41,0.0
20170829:1410,508.01,133.0,0.0,41.19,31.57,2.34,0.0
20170829:1510,384.0,124.0,0.0,32.96,31.71,2.34,0.0
20170829:1610,239.0,109.0,0.0,23.63,31.63,2.34,0.0
20170829:1710,65.0,94.0,0.0,13.81,30.75,1.72,0.0
20170829:1810,2.0,20.54,0.0,3.94,29.23,2.0,0.0
20170829:1910,0.0,0.0,0.0,0.0,27.03,2.76,0.0
20170829:2010,0.0,0.0,0.0,0.0,26.18,2.76,0.0
20170829:2110,0.0,0.0,0.0,0.0,25.23,2.76,0.0
20170829:2210,0.0,0.0,0.0,0.0,24.5,2.69,0.0
20170829:2310,0.0,0.0,0.0,0.0,23.76,2.21,0.0
20170830:0010,0.0,0.0,0.0,0.0,22.56,1.72,0.0
20170830:0110,0.0,0.0,0.0,0.0,21.91,2.0,0.0
20170830:0210,0.0,0.0,0.0,0.0,21.18,2.48,0.0
20170830:0310,0.0,0.0,0.0,0.0,20.27,2.9,0.0
20170830:0410,0.0,0.0,0.0,0.0,19.52,3.17,0.0
20170830:0510,0.0,0.0,0.0,0.0,18.92,2.97,0.0
20170830:0610,21.0,68.0,0.0,10.01,18.78,2.83,0.0
20170830:0710,21.0,141.0,0.0,19.89,18.73,3.38,0.0
20170830:0810,14.0,199.0,0.0,29.44,19.42,3.45,0.0
20170830:0910,0.0,133.0,0.0,38.13,20.17,3.79,0.0
20170830:1010,0.0,160.0,0.0,45.18,20.57,3.31,0.0
20170830:1110,0.0,152.0,0.0,49.54,20.98,2.55,0.0
20170830:1210,0.0,157.0,0.0,50.24,21.0,2.55,0.0
20170830:1310,0.0,114.0,0.0,47.07,20.99,2.34,0.0
20170830:1410,58.0,306.0,0.0,40.84,21.06,2.34,0.0
20170830:1510,0.0,88.0,0.0,32.62,20.78,2.28,0.0
20170830:1610,0.0,36.0,0.0,23.31,20.35,2.83,0.0
20170830:1710,0.0,16.0,0.0,13.49,19.23,3.31,0.0
20170830:1810,0.0,8.0,0.0,3.62,18.11,3.66,0.0
20170830:1910,0.0,0.0,0.0,0.0,16.91,3.38,0.0
20170830:2010,0.0,0.0,0.0,0.0,16.42,3.52,0.0
20170830:2110,0.0,0.0,0.0,0.0,15.7,3.72,0.0
20170830:2210,0.0,0.0,0.0,0.0,15.0,4.14,0.0
20170830:2310,0.0,0.0,0.0,0.0,14.31,4.9,0.0
20170831:0010,0.0,0.0,0.0,0.0,13.76,4.28,0.0
20170831:0110,0.0,0.0,0.0,0.0,13.44,3.79,0.0
20170831:0210,0.0,0.0,0.0,0.0,13.25,3.45,0.0
20170831:0310,0.0,0.0,0.0,0.0,13.19,3.45,0.0
20170831:0410,0.0,0.0,0.0,0.0,12.92,3.24,0.0
20170831:0510,0.0,0.0,0.0,0.0,12.47,2.62,0.0
20170831:0610,51.0,62.0,0.0,9.79,12.19,2.21,0.0
20170831:0710,184.0,99.0,0.0,19.67,12.65,2.55,0.0
20170831:0810,344.0,114.0,0.0,29.21,14.46,3.17,0.0
20170831:0910,429.01,154.0,0.0,37.87,16.17,3.38,0.0
20170831:1010,396.01,240.0,0.0,44.88,17.45,3.31,0.0
20170831:1110,367.01,292.0,0.0,49.2,18.54,3.45,0.0
20170831:1210,316.0,322.0,0.0,49.88,19.08,3.72,0.0
20170831:1310,380.01,266.0,0.0,46.71,19.23,3.66,0.0
20170831:1410,494.01,142.0,0.0,40.49,19.26,3.52,0.0
20170831:1510,410.01,112.0,0.0,32.29,19.37,3.38,0.0
20170831:1610,263.0,95.0,0.0,22.98,19.23,3.1,0.0
20170831:1710,105.0,73.0,0.0,13.17,18.94,2.62,0.0
20170831:1810,5.0,17.77,0.0,3.3,18.11,1.72,0.0
20170831:1910,0.0,0.0,0.0,0.0,16.96,1.66,0.0
20170831:2010,0.0,0.0,0.0,0.0,15.66,1.59,0.0
20170831:2110,0.0,0.0,0.0,0.0,14.58,1.45,0.0
20170831:2210,0.0,0.0,0.0,0.0,13.94,1.31,0.0
20170831:2310,0.0,0.0,0.0,0.0,13.3,1.31,0.0
20170901:0010,0.0,0.0,0.0,0.0,12.92,1.45,0.0
20170901:0110,0.0,0.0,0.0,0.0,12.29,1.66,0.0
20170901:0210,0.0,0.0,0.0,0.0,12.17,1.66,0.0
20170901:0310,0.0,0.0,0.0,0.0,11.85,1.52,0.0
20170901:0410,0.0,0.0,0.0,0.0,11.56,1.59,0.0
20170901:0510,0.0,0.0,0.0,0.0,11.33,1.72,0.0
20170901:0610,8.0,62.0,0.0,9.58,11.64,1.52,0.0
20170901:0710,57.0,148.0,0.0,19.46,13.75,0.97,0.0
20170901:0810,344.0,110.0,0.0,28.98,15.54,0.9,0.0
20170901:0910,526.01,97.0,0.0,37.61,16.84,0.83,0.0
20170901:1010,392.01,239.0,0.0,44.58,17.85,0.9,0.0
20170901:1110,307.0,318.0,0.0,48.86,18.66,0.76,0.0
20170901:1210,609.01,154.0,0.0,49.51,19.07,0.76,0.0
20170901:1310,57.0,348.0,0.0,46.34,19.33,0.34,0.0
20170901:1410,5.0,238.0,0.0,40.13,19.28,0.62,0.0
20170901:1510,160.0,235.0,0.0,31.95,18.84,1.24,0.0
20170901:1610,50.0,177.0,0.0,22.65,18.52,0.97,0.0
20170901:1710,0.0,61.0,0.0,12.85,18.07,1.72,0.0
20170901:1810,0.0,14.0,0.0,2.97,16.33,2.34,0.0
20170901:1910,0.0,0.0,0.0,0.0,15.14,2.34,0.0
20170901:2010,0.0,0.0,0.0,0.0,14.42,2.14,0.0
20170901:2110,0.0,0.0,0.0,0.0,13.73,2.14,0.0
20170901:2210,0.0,0.0,0.0,0.0,13.11,2.34,0.0
20170901:2310,0.0,0.0,0.0,0.0,12.74,2.55,0.0
20170902:0010,0.0,0.0,0.0,0.0,12.41,2.41,0.0
20170902:0110,0.0,0.0,0.0,0.0,12.13,2.21,0.0
20170902:0210,0.0,0.0,0.0,0.0,11.73,2.21,0.0
20170902:0310,0.0,0.0,0.0,0.0,11.73,2.21,0.0
20170902:0410,0.0,0.0,0.0,0.0,11.38,2.28,0.0
20170902:0510,0.0,0.0,0.0,0.0,11.24,2.21,0.0
20170902:0610,64.0,52.0,0.0,9.37,11.39,2.14,0.0
20170902:0710,197.0,88.0,0.0,19.24,13.3,2.28,0.0
20170902:0810,368.0,97.0,0.0,28.74,15.01,2.83,0.0
20170902:0910,310.0,218.0,0.0,37.34,16.4,2.62,0.0
20170902:1010,159.0,338.0,0.0,44.28,17.78,2.55,0.0
20170902:1110,545.01,187.0,0.0,48.52,18.74,2.55,0.0
20170902:1210,211.0,359.0,0.0,49.14,19.18,2.62,0.0
20170902:1310,607.01,128.0,0.0,45.97,19.57,2.97,0.0
20170902:1410,118.0,311.0,0.0,39.78,19.77,3.17,0.0
20170902:1510,351.0,137.0,0.0,31.61,19.78,3.24,0.0
20170902:1610,77.0,173.0,0.0,22.32,19.35,3.17,0.0
20170902:1710,47.0,90.0,0.0,12.52,18.76,2.83,0.0
20170902:1810,0.0,11.0,0.0,2.64,17.92,1.93,0.0
20170902:1910,0.0,0.0,0.0,0.0,16.14,1.17,0.0
20170902:2010,0.0,0.0,0.0,0.0,15.09,0.83,0.0
20170902:2110,0.0,0.0,0.0,0.0,15.1,0.62,0.0
20170902:2210,0.0,0.0,0.0,0.0,14.16,0.9,0.0
20170902:2310,0.0,0.0,0.0,0.0,13.63,0.9,0.0
20170903:0010,0.0,0.0,0.0,0.0,13.84,0.55,0.0
20170903:0110,0.0,0.0,0.0,0.0,13.4,0.55,0.0
20170903:0210,0.0,0.0,0.0,0.0,12.9,0.62,0.0
20170903:0310,0.0,0.0,0.0,0.0,12.0,0.9,0.0
20170903:0410,0.0,0.0,0.0,0.0,10.93,1.1,0.0
20170903:0510,0.0,0.0,0.0,0.0,10.31,1.31,0.0
20170903:0610,30.0,62.0,0.0,9.15,10.53,1.45,0.0
20170903:0710,16.0,135.0,0.0,19.02,12.96,1.38,0.0
20170903:0810,142.0,209.0,0.0,28.51,15.27,1.86,0.0
20170903:0910,218.0,258.0,0.0,37.08,17.19,2.34,0.0
20170903:1010,251.0,304.0,0.0,43.97,18.51,2.55,0.0
20170903:1110,572.01,167.0,0.0,48.17,19.53,2.62,0.0
20170903:1210,423.01,260.0,0.0,48.77,20.01,2.62,0.0
20170903:1310,169.0,345.0,0.0,45.6,20.56,2.55,0.0
20170903:1410,82.0,310.0,0.0,39.42,20.63,2.62,0.0
20170903:1510,201.0,213.0,0.0,31.27,20.41,2.48,0.0
20170903:1610,5.0,137.0,0.0,21.99,20.1,1.93,0.0
20170903:1710,0.0,43.0,0.0,12.19,19.26,1.03,0.0
20170903:1810,0.0,5.0,0.0,2.31,18.39,1.03,0.0
20170903:1910,0.0,0.0,0.0,0.0,18.0,1.59,0.0
20170903:2010,0.0,0.0,0.0,0.0,17.53,1.72,0.0
20170903:2110,0.0,0.0,0.0,0.0,17.14,1.59,0.0
20170903:2210,0.0,0.0,0.0,0.0,16.62,1.45,0.0
20170903:2310,0.0,0.0,0.0,0.0,16.39,1.52,0.0
20170904:0010,0.0,0.0,0.0,0.0,16.2,1.66,0.0
20170904:0110,0.0,0.0,0.0,0.0,16.23,1.72,0.0
20170904:0210,0.0,0.0,0.0,0.0,16.25,1.79,0.0
20170904:0310,0.0,0.0,0.0,0.0,16.19,1.79,0.0
20170904:0410,0.0,0.0,0.0,0.0,16.12,1.79,0.0
20170904:0510,0.0,0.0,0.0,0.0,16.12,2.0,0.0
20170904:0610,20.0,60.0,0.0,8.93,16.26,2.28,0.0
20170904:0710,17.0,132.0,0.0,18.8,16.9,2.0,0.0
20170904:0810,67.0,218.0,0.0,28.27,17.56,2.28,0.0
20170904:0910,456.01,121.0,0.0,36.81,18.81,2.76,0.0
20170904:1010,539.01,136.0,0.0,43.67,19.82,3.1,0.0
20170904:1110,286.0,313.0,0.0,47.83,21.43,3.52,0.0
20170904:1210,526.01,188.0,0.0,48.39,22.89,3.79,0.0
20170904:1310,430.01,217.0,0.0,45.22,23.61,3.52,0.0
20170904:1410,290.0,238.0,0.0,39.06,23.75,2.97,0.0
20170904:1510,149.0,225.0,0.0,30.92,23.53,2.62,0.0
20170904:1610,158.0,132.0,0.0,21.66,23.14,2.28,0.0
20170904:1710,4.0,71.0,0.0,11.86,22.81,2.0,0.0
20170904:1810,0.0,1.0,0.0,1.98,22.02,1.66,0.0
20170904:1910,0.0,0.0,0.0,0.0,20.92,2.0,0.0
20170904:2010,0.0,0.0,0.0,0.0,20.2,2.0,0.0
20170904:2110,0.0,0.0,0.0,0.0,19.87,1.86,0.0
20170904:2210,0.0,0.0,0.0,0.0,19.37,1.93,0.0
20170904:2310,0.0,0.0,0.0,0.0,19.24,2.0,0.0
20170905:0010,0.0,0.0,0.0,0.0,19.25,2.0,0.0
20170905:0110,0.0,0.0,0.0,0.0,19.17,2.14,0.0
20170905:0210,0.0,0.0,0.0,0.0,19.03,2.21,0.0
20170905:0310,0.0,0.0,0.0,0.0,18.87,2.28,0.0
20170905:0410,0.0,0.0,0.0,0.0,18.61,2.34,0.0
20170905:0510,0.0,0.0,0.0,0.0,18.17,2.55,0.0
20170905:0610,0.0,10.0,0.0,8.72,17.91,2.76,0.0
20170905:0710,0.0,0.0,0.0,0.0,18.04,3.66,0.0
20170905:0810,11.0,186.0,0.0,28.03,18.76,4.21,0.0
20170905:0910,0.0,123.0,0.0,36.55,19.75,4.69,0.0
20170905:1010,0.0,125.0,0.0,43.36,20.52,5.03,0.0
20170905:1110,0.0,125.0,0.0,47.48,20.72,5.03,0.0
20170905:1210,29.0,332.0,0.0,48.02,20.87,4.76,0.0
20170905:1310,4.0,259.0,0.0,44.85,21.37,4.69,0.0
20170905:1410,0.0,95.0,0.0,38.69,22.09,4.69,0.0
20170905:1510,11.0,205.0,0.0,30.57,22.19,4.55,0.0
20170905:1610,22.0,155.0,0.0,21.32,22.15,4.55,0.0
20170905:1710,45.0,80.0,0.0,11.53,21.88,4.21,0.0
20170905:1810,0.0,2.0,0.0,1.64,21.63,4.0,0.0
20170905:1910,0.0,0.0,0.0,0.0,20.73,4.21,0.0
20170905:2010,0.0,0.0,0.0,0.0,20.25,4.41,0.0
20170905:2110,0.0,0.0,0.0,0.0,19.92,4.83,0.0
20170905:2210,0.0,0.0,0.0,0.0,19.42,5.17,0.0
20170905:2310,0.0,0.0,0.0,0.0,18.67,5.31,0.0
20170906:0010,0.0,0.0,0.0,0.0,18.0,5.1,0.0
20170906:0110,0.0,0.0,0.0,0.0,17.49,5.17,0.0
20170906:0210,0.0,0.0,0.0,0.0,16.88,5.31,0.0
20170906:0310,0.0,0.0,0.0,0.0,16.19,5.24,0.0
20170906:0410,0.0,0.0,0.0,0.0,15.53,4.69,0.0
20170906:0510,0.0,0.0,0.0,0.0,15.21,4.69,0.0
20170906:0610,58.0,47.0,0.0,8.5,15.19,4.07,0.0
20170906:0710,0.0,0.0,0.0,0.0,15.62,3.66,0.0
20170906:0810,328.0,108.0,0.0,27.79,16.29,4.9,0.0
20170906:0910,463.01,119.0,0.0,36.28,17.06,4.76,0.0
20170906:1010,140.0,332.0,0.0,43.05,17.92,4.76,0.0
20170906:1110,123.0,363.0,0.0,47.13,18.6,4.83,0.0
20170906:1210,10.0,300.0,0.0,47.64,18.74,4.76,0.0
20170906:1310,29.0,318.0,0.0,44.47,19.03,4.76,0.0
20170906:1410,4.0,230.0,0.0,38.32,19.23,4.62,0.0
20170906:1510,93.0,238.0,0.0,30.22,19.34,4.0,0.0
20170906:1610,16.0,150.0,0.0,20.98,19.36,3.72,0.0
20170906:1710,19.0,80.0,0.0,11.19,19.04,3.24,0.0
20170906:1810,0.0,1.0,0.0,1.31,18.5,3.24,0.0
20170906:1910,0.0,0.0,0.0,0.0,17.08,2.69,0.0
20170906:2010,0.0,0.0,0.0,0.0,16.47,2.41,0.0
20170906:2110,0.0,0.0,0.0,0.0,15.92,2.21,0.0
20170906:2210,0.0,0.0,0.0,0.0,15.49,2.21,0.0
20170906:2310,0.0,0.0,0.0,0.0,15.01,2.28,0.0
20170907:0010,0.0,0.0,0.0,0.0,14.58,2.34,0.0
20170907:0110,0.0,0.0,0.0,0.0,14.13,2.34,0.0
20170907:0210,0.0,0.0,0.0,0.0,13.45,2.41,0.0
20170907:0310,0.0,0.0,0.0,0.0,12.86,2.48,0.0
20170907:0410,0.0,0.0,0.0,0.0,12.54,2.41,0.0
20170907:0510,0.0,0.0,0.0,0.0,12.46,2.34,0.0
20170907:0610,7.0,52.0,0.0,8.28,12.64,2.28,0.0
20170907:0710,0.0,61.0,0.0,18.13,14.06,2.62,0.0
20170907:0810,1.0,144.0,0.0,27.55,15.16,3.79,0.0
20170907:0910,6.0,223.0,0.0,36.0,15.62,2.9,0.0
20170907:1010,11.0,275.0,0.0,42.74,16.02,2.97,0.0
20170907:1110,234.0,331.0,0.0,46.77,17.1,3.59,0.0
20170907:1210,75.0,359.0,0.0,47.26,18.29,4.07,0.0
20170907:1310,46.0,329.0,0.0,44.08,19.0,4.34,0.0
20170907:1410,21.0,269.0,0.0,37.96,19.03,4.41,0.0
20170907:1510,14.0,207.0,0.0,29.86,19.22,4.48,0.0
20170907:1610,162.0,123.0,0.0,20.63,19.15,4.07,0.0
20170907:1710,29.0,77.0,0.0,10.85,18.85,3.17,0.0
20170907:1810,0.0,0.0,0.0,0.0,18.26,2.76,0.0
20170907:1910,0.0,0.0,0.0,0.0,16.78,2.83,0.0
20170907:2010,0.0,0.0,0.0,0.0,16.33,2.9,0.0
20170907:2110,0.0,0.0,0.0,0.0,15.82,3.03,0.0
20170907:2210,0.0,0.0,0.0,0.0,15.41,3.17,0.0
20170907:2310,0.0,0.0,0.0,0.0,15.17,3.31,0.0
20170908:0010,0.0,0.0,0.0,0.0,14.95,3.52,0.0
20170908:0110,0.0,0.0,0.0,0.0,14.66,3.79,0.0
20170908:0210,0.0,0.0,0.0,0.0,14.37,4.07,0.0
20170908:0310,0.0,0.0,0.0,0.0,14.3,4.34,0.0
20170908:0410,0.0,0.0,0.0,0.0,14.33,4.62,0.0
20170908:0510,0.0,0.0,0.0,0.0,14.52,4.9,0.0
20170908:0610,7.0,49.0,0.0,8.06,14.77,5.03,0.0
20170908:0710,26.0,131.0,0.0,17.9,15.43,4.9,0.0
20170908:0810,0.0,124.0,0.0,27.3,15.83,5.38,0.0
20170908:0910,0.0,159.0,0.0,35.73,16.44,6.97,0.0
20170908:1010,71.0,323.0,0.0,42.42,16.88,7.45,0.0
20170908:1110,0.0,136.0,0.0,46.42,17.54,6.34,0.0
20170908:1210,1.0,235.0,0.0,46.88,17.87,7.59,0.0
20170908:1310,9.0,273.0,0.0,43.7,18.45,8.07,0.0
20170908:1410,0.0,94.0,0.0,37.58,18.15,6.28,0.0
20170908:1510,0.0,148.0,0.0,29.51,17.78,6.97,0.0
20170908:1610,0.0,68.0,0.0,20.29,17.73,6.34,0.0
20170908:1710,0.0,40.0,0.0,10.51,17.4,5.93,0.0
20170908:1810,0.0,0.0,0.0,0.0,16.45,5.45,0.0
20170908:1910,0.0,0.0,0.0,0.0,16.22,5.03,0.0
20170908:2010,0.0,0.0,0.0,0.0,15.66,5.03,0.0
20170908:2110,0.0,0.0,0.0,0.0,15.54,5.03,0.0
20170908:2210,0.0,0.0,0.0,0.0,15.29,4.97,0.0
20170908:2310,0.0,0.0,0.0,0.0,15.34,5.24,0.0
20170909:0010,0.0,0.0,0.0,0.0,15.14,5.31,0.0
20170909:0110,0.0,0.0,0.0,0.0,14.66,5.24,0.0
20170909:0210,0.0,0.0,0.0,0.0,13.97,4.55,0.0
20170909:0310,0.0,0.0,0.0,0.0,13.67,4.34,0.0
20170909:0410,0.0,0.0,0.0,0.0,13.31,4.41,0.0
20170909:0510,0.0,0.0,0.0,0.0,13.12,4.48,0.0
20170909:0610,18.0,53.0,0.0,7.84,12.93,4.34,0.0
20170909:0710,100.0,120.0,0.0,17.67,13.13,3.79,0.0
20170909:0810,27.0,202.0,0.0,27.06,14.01,5.17,0.0
20170909:0910,363.01,169.0,0.0,35.45,15.12,5.1,0.0
20170909:1010,183.0,314.0,0.0,42.1,16.1,5.17,0.0
20170909:1110,191.0,342.0,0.0,46.06,16.95,5.24,0.0
20170909:1210,10.0,293.0,0.0,46.5,17.43,5.1,0.0
20170909:1310,543.01,140.0,0.0,43.32,17.65,4.9,0.0
20170909:1410,0.0,53.0,0.0,37.21,17.52,4.55,0.0
20170909:1510,68.0,230.0,0.0,29.15,16.57,4.83,0.0
20170909:1610,0.0,27.0,0.0,19.94,16.01,4.28,0.0
20170909:1710,85.0,53.0,0.0,10.17,15.6,3.24,0.0
20170909:1810,0.0,0.0,0.0,0.0,15.1,2.55,0.0
20170909:1910,0.0,0.0,0.0,0.0,14.32,2.14,0.0
20170909:2010,0.0,0.0,0.0,0.0,13.3,2.21,0.0
20170909:2110,0.0,0.0,0.0,0.0,12.74,2.07,0.0
20170909:2210,0.0,0.0,0.0,0.0,11.97,2.28,0.0
20170909:2310,0.0,0.0,0.0,0.0,11.66,2.41,0.0
20170910:0010,0.0,0.0,0.0,0.0,11.42,2.55,0.0
20170910:0110,0.0,0.0,0.0,0.0,11.4,2.55,0.0
20170910:0210,0.0,0.0,0.0,0.0,10.84,2.55,0.0
20170910:0310,0.0,0.0,0.0,0.0,10.51,2.41,0.0
20170910:0410,0.0,0.0,0.0,0.0,10.16,2.41,0.0
20170910:0510,0.0,0.0,0.0,0.0,10.06,2.41,0.0
20170910:0610,17.0,50.0,0.0,7.62,10.23,2.34,0.0
20170910:0710,18.0,126.0,0.0,17.44,11.71,2.28,0.0
20170910:0810,13.0,186.0,0.0,26.81,13.46,3.59,0.0
20170910:0910,0.0,154.0,0.0,35.18,14.77,3.52,0.0
20170910:1010,11.0,271.0,0.0,41.79,15.88,3.86,0.0
20170910:1110,207.0,336.0,0.0,45.7,16.77,4.34,0.0
20170910:1210,28.0,328.0,0.0,46.11,17.46,4.76,0.0
20170910:1310,531.01,146.0,0.0,42.93,17.82,5.03,0.0
20170910:1410,7.0,234.0,0.0,36.84,17.91,5.17,0.0
20170910:1510,357.01,106.0,0.0,28.79,17.96,5.59,0.0
20170910:1610,4.0,123.0,0.0,19.59,17.75,5.03,0.0
20170910:1710,7.0,64.0,0.0,9.83,17.45,4.97,0.0
20170910:1810,0.0,0.0,0.0,0.0,17.01,5.1,0.0
20170910:1910,0.0,0.0,0.0,0.0,16.92,5.72,0.0
20170910:2010,0.0,0.0,0.0,0.0,16.8,6.21,0.0
20170910:2110,0.0,0.0,0.0,0.0,16.4,6.48,0.0
20170910:2210,0.0,0.0,0.0,0.0,15.92,6.48,0.0
20170910:2310,0.0,0.0,0.0,0.0,15.53,6.34,0.0
20170911:0010,0.0,0.0,0.0,0.0,15.4,5.79,0.0
20170911:0110,0.0,0.0,0.0,0.0,14.91,5.24,0.0
20170911:0210,0.0,0.0,0.0,0.0,14.13,5.1,0.0
20170911:0310,0.0,0.0,0.0,0.0,13.33,4.83,0.0
20170911:0410,0.0,0.0,0.0,0.0,12.77,4.69,0.0
20170911:0510,0.0,0.0,0.0,0.0,12.25,4.83,0.0
20170911:0610,38.0,44.0,0.0,7.39,12.11,5.1,0.0
20170911:0710,38.0,130.0,0.0,17.21,13.19,4.62,0.0
20170911:0810,190.0,170.0,0.0,26.56,14.06,6.41,0.0
20170911:0910,179.0,255.0,0.0,34.9,14.88,7.1,0.0
20170911:1010,404.01,207.0,0.0,41.47,15.76,7.1,0.0
20170911:1110,437.01,224.0,0.0,45.34,16.27,7.1,0.0
20170911:1210,545.01,163.0,0.0,45.73,17.08,7.38,0.0
20170911:1310,0.0,168.0,0.0,42.54,17.41,7.17,0.0
20170911:1410,70.0,287.0,0.0,36.46,17.67,7.17,0.0
20170911:1510,24.0,211.0,0.0,28.43,17.28,6.41,0.0
20170911:1610,185.0,97.0,0.0,19.24,17.26,6.28,0.0
20170911:1710,64.0,56.0,0.0,9.48,16.96,5.72,0.0
20170911:1810,0.0,0.0,0.0,0.0,16.11,5.59,0.0
20170911:1910,0.0,0.0,0.0,0.0,15.78,5.59,0.0
20170911:2010,0.0,0.0,0.0,0.0,14.8,5.1,0.0
20170911:2110,0.0,0.0,0.0,0.0,14.12,4.83,0.0
20170911:2210,0.0,0.0,0.0,0.0,13.78,4.69,0.0
20170911:2310,0.0,0.0,0.0,0.0,13.5,4.55,0.0
20170912:0010,0.0,0.0,0.0,0.0,13.05,4.62,0.0
20170912:0110,0.0,0.0,0.0,0.0,12.87,4.69,0.0
20170912:0210,0.0,0.0,0.0,0.0,12.68,4.83,0.0
20170912:0310,0.0,0.0,0.0,0.0,12.6,4.9,0.0
20170912:0410,0.0,0.0,0.0,0.0,12.62,4.83,0.0
20170912:0510,0.0,0.0,0.0,0.0,12.77,4.76,0.0
20170912:0610,39.0,42.0,0.0,7.17,12.89,4.55,0.0
20170912:0710,127.0,101.0,0.0,16.98,12.94,4.41,0.0
20170912:0810,88.0,205.0,0.0,26.31,13.73,5.1,0.0
20170912:0910,222.0,236.0,0.0,34.62,14.75,5.17,0.0
20170912:1010,152.0,317.0,0.0,41.14,15.55,5.1,0.0
20170912:1110,417.01,233.0,0.0,44.97,16.33,5.17,0.0
20170912:1210,404.01,244.0,0.0,45.34,16.76,5.17,0.0
20170912:1310,242.0,296.0,0.0,42.15,17.34,5.17,0.0
20170912:1410,438.01,134.0,0.0,36.08,17.74,5.31,0.0
20170912:1510,287.0,138.0,0.0,28.07,17.64,5.66,0.0
20170912:1610,189.0,91.0,0.0,18.89,17.43,5.31,0.0
20170912:1710,51.0,58.0,0.0,9.14,17.1,4.21,0.0
20170912:1810,0.0,0.0,0.0,0.0,16.59,4.07,0.0
20170912:1910,0.0,0.0,0.0,0.0,15.88,4.34,0.0
20170912:2010,0.0,0.0,0.0,0.0,15.39,5.03,0.0
20170912:2110,0.0,0.0,0.0,0.0,15.01,5.79,0.0
20170912:2210,0.0,0.0,0.0,0.0,14.82,6.76,0.0
20170912:2310,0.0,0.0,0.0,0.0,14.91,7.59,0.0
20170913:0010,0.0,0.0,0.0,0.0,14.92,8.14,0.0
20170913:0110,0.0,0.0,0.0,0.0,15.32,8.62,0.0
20170913:0210,0.0,0.0,0.0,0.0,15.73,8.83,0.0
20170913:0310,0.0,0.0,0.0,0.0,16.29,8.9,0.0
20170913:0410,0.0,0.0,0.0,0.0,16.86,8.62,0.0
20170913:0510,0.0,0.0,0.0,0.0,17.2,8.07,0.0
20170913:0610,5.0,42.0,0.0,6.95,17.13,8.0,0.0
20170913:0710,26.0,121.0,0.0,16.75,17.28,7.72,0.0
20170913:0810,8.0,168.0,0.0,26.06,17.19,7.59,0.0
20170913:0910,0.0,94.0,0.0,34.33,17.22,7.66,0.0
20170913:1010,0.0,57.0,0.0,40.82,17.51,7.66,0.0
20170913:1110,0.0,76.0,0.0,44.61,18.2,8.34,0.0
20170913:1210,0.0,80.0,0.0,44.95,18.23,7.52,0.0
20170913:1310,0.0,64.0,0.0,41.76,17.9,7.17,0.0
20170913:1410,0.0,65.0,0.0,35.7,17.48,6.62,0.0
20170913:1510,0.0,69.0,0.0,27.7,16.98,5.66,0.0
20170913:1610,6.0,118.0,0.0,18.54,16.86,5.59,0.0
20170913:1710,1.0,44.0,0.0,8.79,16.86,5.66,0.0
20170913:1810,0.0,0.0,0.0,0.0,16.87,6.14,0.0
20170913:1910,0.0,0.0,0.0,0.0,17.16,7.66,0.0
20170913:2010,0.0,0.0,0.0,0.0,16.73,7.24,0.0
20170913:2110,0.0,0.0,0.0,0.0,16.25,6.28,0.0
20170913:2210,0.0,0.0,0.0,0.0,15.95,5.66,0.0
20170913:2310,0.0,0.0,0.0,0.0,15.59,6.0,0.0
20170914:0010,0.0,0.0,0.0,0.0,14.58,5.86,0.0
20170914:0110,0.0,0.0,0.0,0.0,13.55,5.52,0.0
20170914:0210,0.0,0.0,0.0,0.0,12.8,5.38,0.0
20170914:0310,0.0,0.0,0.0,0.0,12.2,5.66,0.0
20170914:0410,0.0,0.0,0.0,0.0,11.7,5.52,0.0
20170914:0510,0.0,0.0,0.0,0.0,11.28,5.59,0.0
20170914:0610,0.0,24.0,0.0,6.72,10.92,5.59,0.0
20170914:0710,159.0,80.0,0.0,16.52,11.64,5.52,0.0
20170914:0810,301.0,103.0,0.0,25.81,12.24,7.45,0.0
20170914:0910,350.01,165.0,0.0,34.05,12.76,7.72,0.0
20170914:1010,20.0,285.0,0.0,40.49,13.44,7.66,0.0
20170914:1110,21.0,308.0,0.0,44.24,14.22,7.31,0.0
20170914:1210,198.0,331.0,0.0,44.56,15.17,7.24,0.0
20170914:1310,6.0,254.0,0.0,41.37,15.92,7.1,0.0
20170914:1410,474.01,108.0,0.0,35.32,16.41,7.03,0.0
20170914:1510,336.01,103.0,0.0,27.33,15.93,6.07,0.0
20170914:1610,196.0,81.0,0.0,18.18,15.98,6.48,0.0
20170914:1710,40.0,56.0,0.0,8.44,15.39,4.76,0.0
20170914:1810,0.0,0.0,0.0,0.0,14.68,4.0,0.0
20170914:1910,0.0,0.0,0.0,0.0,13.16,3.66,0.0
20170914:2010,0.0,0.0,0.0,0.0,12.8,3.38,0.0
20170914:2110,0.0,0.0,0.0,0.0,12.46,3.1,0.0
20170914:2210,0.0,0.0,0.0,0.0,12.1,2.9,0.0
20170914:2310,0.0,0.0,0.0,0.0,11.44,2.83,0.0
20170915:0010,0.0,0.0,0.0,0.0,10.89,2.83,0.0
20170915:0110,0.0,0.0,0.0,0.0,10.46,2.76,0.0
20170915:0210,0.0,0.0,0.0,0.0,10.19,2.62,0.0
20170915:0310,0.0,0.0,0.0,0.0,9.71,2.48,0.0
20170915:0410,0.0,0.0,0.0,0.0,9.35,2.34,0.0
20170915:0510,0.0,0.0,0.0,0.0,8.97,2.21,0.0
20170915:0610,26.0,40.0,0.0,6.49,8.76,2.07,0.0
20170915:0710,168.0,75.0,0.0,16.28,9.53,2.21,0.0
20170915:0810,136.0,186.0,0.0,25.56,11.09,3.24,0.0
20170915:0910,440.01,112.0,0.0,33.76,12.23,3.24,0.0
20170915:1010,397.01,203.0,0.0,40.17,13.21,3.1,0.0
20170915:1110,94.0,346.0,0.0,43.88,14.12,3.24,0.0
20170915:1210,514.01,173.0,0.0,44.17,14.99,3.38,0.0
20170915:1310,391.01,215.0,0.0,40.97,15.55,3.52,0.0
20170915:1410,7.0,226.0,0.0,34.94,15.92,3.38,0.0
20170915:1510,16.0,195.0,0.0,26.97,15.71,2.83,0.0
20170915:1610,161.0,97.0,0.0,17.83,15.43,3.17,0.0
20170915:1710,28.0,56.0,0.0,8.09,14.24,3.24,0.0
20170915:1810,0.0,0.0,0.0,0.0,12.75,2.62,0.0
20170915:1910,0.0,0.0,0.0,0.0,11.45,1.31,0.0
20170915:2010,0.0,0.0,0.0,0.0,10.58,0.97,0.0
20170915:2110,0.0,0.0,0.0,0.0,9.42,1.38,0.0
20170915:2210,0.0,0.0,0.0,0.0,8.44,1.72,0.0
20170915:2310,0.0,0.0,0.0,0.0,8.0,1.72,0.0
20170916:0010,0.0,0.0,0.0,0.0,7.38,1.86,0.0
20170916:0110,0.0,0.0,0.0,0.0,6.91,1.72,0.0
20170916:0210,0.0,0.0,0.0,0.0,6.38,1.66,0.0
20170916:0310,0.0,0.0,0.0,0.0,5.97,1.66,0.0
20170916:0410,0.0,0.0,0.0,0.0,5.58,1.59,0.0
20170916:0510,0.0,0.0,0.0,0.0,5.33,1.52,0.0
20170916:0610,26.0,39.0,0.0,6.27,5.16,1.45,0.0
20170916:0710,40.0,122.0,0.0,16.05,7.82,0.83,0.0
20170916:0810,311.01,96.0,0.0,25.3,9.96,0.55,0.0
20170916:0910,335.01,171.0,0.0,33.48,11.84,0.83,0.0
20170916:1010,17.0,276.0,0.0,39.84,13.49,1.52,0.0
20170916:1110,274.0,297.0,0.0,43.51,14.35,2.07,0.0
20170916:1210,303.01,287.0,0.0,43.77,14.9,2.34,0.0
20170916:1310,0.0,159.0,0.0,40.58,15.34,2.62,0.0
20170916:1410,116.0,275.0,0.0,34.56,15.7,2.83,0.0
20170916:1510,97.0,210.0,0.0,26.6,15.73,2.69,0.0
20170916:1610,86.0,128.0,0.0,17.47,15.56,2.41,0.0
20170916:1710,32.0,52.0,0.0,7.74,14.18,1.72,0.0
20170916:1810,0.0,0.0,0.0,0.0,13.29,1.59,0.0
20170916:1910,0.0,0.0,0.0,0.0,12.09,1.38,0.0
20170916:2010,0.0,0.0,0.0,0.0,10.76,1.79,0.0
20170916:2110,0.0,0.0,0.0,0.0,10.23,1.66,0.0
20170916:2210,0.0,0.0,0.0,0.0,9.65,1.38,0.0
20170916:2310,0.0,0.0,0.0,0.0,9.04,1.31,0.0
20170917:0010,0.0,0.0,0.0,0.0,8.29,1.79,0.0
20170917:0110,0.0,0.0,0.0,0.0,8.01,1.79,0.0
20170917:0210,0.0,0.0,0.0,0.0,7.84,1.72,0.0
20170917:0310,0.0,0.0,0.0,0.0,7.71,1.59,0.0
20170917:0410,0.0,0.0,0.0,0.0,7.52,1.66,0.0
20170917:0510,0.0,0.0,0.0,0.0,7.39,1.59,0.0
20170917:0610,7.0,37.0,0.0,6.04,7.48,1.52,0.0
20170917:0710,106.0,100.0,0.0,15.81,9.0,1.03,0.0
20170917:0810,31.0,192.0,0.0,25.04,11.14,1.66,0.0
20170917:0910,134.0,257.0,0.0,33.19,12.67,2.0,0.0
20170917:1010,68.0,312.0,0.0,39.51,13.46,2.21,0.0
20170917:1110,21.0,301.0,0.0,43.14,14.06,2.34,0.0
20170917:1210,38.0,323.0,0.0,43.38,14.24,2.41,0.0
20170917:1310,9.0,259.0,0.0,40.18,14.55,2.41,0.0
20170917:1410,0.0,56.0,0.0,34.17,13.92,2.55,0.0
20170917:1510,0.0,43.0,0.0,26.23,13.64,2.34,0.0
20170917:1610,0.0,45.0,0.0,17.11,13.88,1.72,0.0
20170917:1710,25.0,51.0,0.0,7.39,13.25,1.17,0.0
20170917:1810,0.0,0.0,0.0,0.0,12.59,1.72,0.0
20170917:1910,0.0,0.0,0.0,0.0,12.01,0.41,0.0
20170917:2010,0.0,0.0,0.0,0.0,10.61,0.97,0.0
20170917:2110,0.0,0.0,0.0,0.0,9.61,1.66,0.0
20170917:2210,0.0,0.0,0.0,0.0,9.6,1.66,0.0
20170917:2310,0.0,0.0,0.0,0.0,9.04,1.86,0.0
20170918:0010,0.0,0.0,0.0,0.0,8.72,1.86,0.0
20170918:0110,0.0,0.0,0.0,0.0,8.67,1.79,0.0
20170918:0210,0.0,0.0,0.0,0.0,8.16,2.0,0.0
20170918:0310,0.0,0.0,0.0,0.0,7.72,1.93,0.0
20170918:0410,0.0,0.0,0.0,0.0,7.4,2.0,0.0
20170918:0510,0.0,0.0,0.0,0.0,7.14,1.93,0.0
20170918:0610,26.0,35.0,0.0,5.81,6.95,1.86,0.0
20170918:0710,123.0,90.0,0.0,15.57,8.59,1.86,0.0
20170918:0810,280.0,106.0,0.0,24.78,10.44,2.0,0.0
20170918:0910,380.01,137.0,0.0,32.89,12.33,2.14,0.0
20170918:1010,209.0,285.0,0.0,39.18,14.15,2.14,0.0
20170918:1110,400.01,226.0,0.0,42.77,15.19,2.41,0.0
20170918:1210,244.0,305.0,0.0,42.99,16.09,2.55,0.0
20170918:1310,340.01,231.0,0.0,39.78,16.42,2.69,0.0
20170918:1410,0.0,121.0,0.0,33.79,16.12,3.03,0.0
20170918:1510,62.0,206.0,0.0,25.86,14.62,4.21,0.0
20170918:1610,168.0,81.0,0.0,16.75,14.14,3.1,0.0
20170918:1710,47.0,40.0,0.0,7.03,13.83,2.41,0.0
20170918:1810,0.0,0.0,0.0,0.0,12.78,2.55,0.0
20170918:1910,0.0,0.0,0.0,0.0,11.91,2.28,0.0
20170918:2010,0.0,0.0,0.0,0.0,11.29,2.55,0.0
20170918:2110,0.0,0.0,0.0,0.0,10.59,2.62,0.0
20170918:2210,0.0,0.0,0.0,0.0,10.14,2.55,0.0
20170918:2310,0.0,0.0,0.0,0.0,9.98,2.41,0.0
20170919:0010,0.0,0.0,0.0,0.0,9.87,2.28,0.0
20170919:0110,0.0,0.0,0.0,0.0,9.81,2.34,0.0
20170919:0210,0.0,0.0,0.0,0.0,9.91,2.34,0.0
20170919:0310,0.0,0.0,0.0,0.0,9.94,2.21,0.0
20170919:0410,0.0,0.0,0.0,0.0,9.97,2.14,0.0
20170919:0510,0.0,0.0,0.0,0.0,9.97,2.21,0.0
20170919:0610,9.0,32.61,0.0,5.58,9.82,2.14,0.0
20170919:0710,11.0,105.0,0.0,15.34,10.3,2.41,0.0
20170919:0810,10.0,166.0,0.0,24.52,10.97,2.48,0.0
20170919:0910,0.0,147.0,0.0,32.6,12.25,2.34,0.0
20170919:1010,43.0,298.0,0.0,38.84,13.34,2.28,0.0
20170919:1110,50.0,325.0,0.0,42.4,14.25,2.14,0.0
20170919:1210,137.0,334.0,0.0,42.59,14.95,2.07,0.0
20170919:1310,381.01,204.0,0.0,39.39,15.69,2.0,0.0
20170919:1410,314.01,182.0,0.0,33.4,15.78,2.28,0.0
20170919:1510,292.01,108.0,0.0,25.49,15.97,2.69,0.0
20170919:1610,6.0,105.0,0.0,16.39,15.9,2.9,0.0
20170919:1710,10.0,45.0,0.0,6.68,15.46,2.41,0.0
20170919:1810,0.0,0.0,0.0,0.0,14.63,2.28,0.0
20170919:1910,0.0,0.0,0.0,0.0,13.33,2.14,0.0
20170919:2010,0.0,0.0,0.0,0.0,12.62,2.0,0.0
20170919:2110,0.0,0.0,0.0,0.0,11.59,1.93,0.0
20170919:2210,0.0,0.0,0.0,0.0,10.77,1.93,0.0
20170919:2310,0.0,0.0,0.0,0.0,9.54,1.86,0.0
20170920:0010,0.0,0.0,0.0,0.0,8.59,1.72,0.0
20170920:0110,0.0,0.0,0.0,0.0,7.71,1.79,0.0
20170920:0210,0.0,0.0,0.0,0.0,7.06,1.72,0.0
20170920:0310,0.0,0.0,0.0,0.0,6.67,1.59,0.0
20170920:0410,0.0,0.0,0.0,0.0,6.74,1.45,0.0
20170920:0510,0.0,0.0,0.0,0.0,6.52,1.52,0.0
20170920:0610,24.0,25.12,0.0,5.35,6.69,1.52,0.0
20170920:0710,127.0,82.0,0.0,15.1,8.33,1.03,0.0
20170920:0810,244.0,119.0,0.0,24.26,11.18,1.1,0.0
20170920:0910,407.01,114.0,0.0,32.31,13.52,1.45,0.0
20170920:1010,463.01,145.0,0.0,38.51,15.12,1.59,0.0
20170920:1110,218.0,305.0,0.0,42.02,16.37,1.66,0.0
20170920:1210,92.0,334.0,0.0,42.2,17.49,1.59,0.0
20170920:1310,0.0,93.0,0.0,38.99,17.88,1.31,0.0
20170920:1410,0.0,103.0,0.0,33.02,17.95,1.24,0.0
20170920:1510,5.0,158.0,0.0,25.12,18.14,1.45,0.0
20170920:1610,40.0,122.0,0.0,16.03,17.78,1.31,0.0
20170920:1710,16.0,43.0,0.0,6.33,16.98,1.59,0.0
20170920:1810,0.0,0.0,0.0,0.0,15.95,1.93,0.0
20170920:1910,0.0,0.0,0.0,0.0,14.0,2.14,0.0
20170920:2010,0.0,0.0,0.0,0.0,12.78,2.34,0.0
20170920:2110,0.0,0.0,0.0,0.0,12.07,2.34,0.0
20170920:2210,0.0,0.0,0.0,0.0,11.4,2.34,0.0
20170920:2310,0.0,0.0,0.0,0.0,10.79,2.28,0.0
20170921:0010,0.0,0.0,0.0,0.0,10.26,2.21,0.0
20170921:0110,0.0,0.0,0.0,0.0,9.72,2.14,0.0
20170921:0210,0.0,0.0,0.0,0.0,9.18,2.07,0.0
20170921:0310,0.0,0.0,0.0,0.0,8.64,2.07,0.0
20170921:0410,0.0,0.0,0.0,0.0,8.22,2.07,0.0
20170921:0510,0.0,0.0,0.0,0.0,7.91,2.07,0.0
20170921:0610,22.0,24.55,0.0,5.12,7.7,2.0,0.0
20170921:0710,127.0,79.0,0.0,14.85,9.34,1.59,0.0
20170921:0810,248.0,114.0,0.0,24.0,12.37,1.86,0.0
20170921:0910,348.01,144.0,0.0,32.01,14.66,2.41,0.0
20170921:1010,502.01,118.0,0.0,38.17,16.5,2.9,0.0
20170921:1110,584.01,107.0,0.0,41.65,17.83,3.17,0.0
20170921:1210,595.01,102.0,0.0,41.8,18.89,3.24,0.0
20170921:1310,523.01,112.0,0.0,38.59,19.6,3.1,0.0
20170921:1410,394.01,124.0,0.0,32.63,20.01,2.76,0.0
20170921:1510,229.0,134.0,0.0,24.75,20.13,2.41,0.0
20170921:1610,48.0,119.0,0.0,15.67,19.9,1.72,0.0
20170921:1710,10.0,39.0,0.0,5.97,19.01,0.97,0.0
20170921:1810,0.0,0.0,0.0,0.0,18.4,0.55,0.0
20170921:1910,0.0,0.0,0.0,0.0,17.38,0.34,0.0
20170921:2010,0.0,0.0,0.0,0.0,16.23,0.21,0.0
20170921:2110,0.0,0.0,0.0,0.0,15.27,0.41,0.0
20170921:2210,0.0,0.0,0.0,0.0,14.54,0.9,0.0
20170921:2310,0.0,0.0,0.0,0.0,12.0,1.38,0.0
20170922:0010,0.0,0.0,0.0,0.0,10.68,2.0,0.0
20170922:0110,0.0,0.0,0.0,0.0,10.82,2.48,0.0
20170922:0210,0.0,0.0,0.0,0.0,11.48,2.76,0.0
20170922:0310,0.0,0.0,0.0,0.0,12.03,2.76,0.0
20170922:0410,0.0,0.0,0.0,0.0,12.15,2.48,0.0
20170922:0510,0.0,0.0,0.0,0.0,12.11,2.21,0.0
20170922:0610,7.0,27.25,0.0,4.89,12.06,2.21,0.0
20170922:0710,98.0,91.0,0.0,14.61,12.6,2.41,0.0
20170922:0810,8.0,157.0,0.0,23.74,13.93,3.59,0.0
20170922:0910,0.0,134.0,0.0,31.71,15.2,3.31,0.0
20170922:1010,147.0,293.0,0.0,37.84,16.35,2.97,0.0
20170922:1110,1.0,225.0,0.0,41.27,17.15,2.55,0.0
20170922:1210,0.0,0.0,0.0,0.0,18.0,2.34,0.0
20170922:1310,0.0,163.0,0.0,38.19,18.39,2.14,0.0
20170922:1410,293.01,180.0,0.0,32.24,18.61,2.14,0.0
20170922:1510,180.0,156.0,0.0,24.37,18.75,2.28,0.0
20170922:1610,129.0,85.0,0.0,15.31,18.45,2.41,0.0
20170922:1710,26.0,28.16,0.0,5.62,17.41,1.79,0.0
20170922:1810,0.0,0.0,0.0,0.0,15.79,2.07,0.0
20170922:1910,0.0,0.0,0.0,0.0,14.25,2.07,0.0
20170922:2010,0.0,0.0,0.0,0.0,12.94,2.14,0.0
20170922:2110,0.0,0.0,0.0,0.0,11.79,2.28,0.0
20170922:2210,0.0,0.0,0.0,0.0,10.8,2.28,0.0
20170922:2310,0.0,0.0,0.0,0.0,9.99,2.28,0.0
20170923:0010,0.0,0.0,0.0,0.0,9.4,2.28,0.0
20170923:0110,0.0,0.0,0.0,0.0,8.97,2.21,0.0
20170923:0210,0.0,0.0,0.0,0.0,8.42,2.0,0.0
20170923:0310,0.0,0.0,0.0,0.0,7.86,1.86,0.0
20170923:0410,0.0,0.0,0.0,0.0,7.47,1.86,0.0
20170923:0510,0.0,0.0,0.0,0.0,7.12,1.79,0.0
20170923:0610,24.0,20.34,0.0,4.65,6.8,1.72,0.0
20170923:0710,104.0,87.0,0.0,14.37,8.63,1.45,0.0
20170923:0810,188.0,143.0,0.0,23.47,12.53,1.52,0.0
20170923:0910,340.01,146.0,0.0,31.42,14.93,1.66,0.0
20170923:1010,347.01,206.0,0.0,37.5,16.76,2.0,0.0
20170923:1110,256.01,283.0,0.0,40.9,17.96,2.21,0.0
20170923:1210,303.01,263.0,0.0,41.01,18.53,1.79,0.0
20170923:1310,276.01,247.0,0.0,37.79,18.91,1.45,0.0
20170923:1410,226.0,213.0,0.0,31.86,19.28,1.38,0.0
20170923:1510,288.01,97.0,0.0,24.0,19.35,1.38,0.0
20170923:1610,143.0,75.0,0.0,14.95,19.15,1.45,0.0
20170923:1710,16.0,29.64,0.0,5.27,18.33,1.52,0.0
20170923:1810,0.0,0.0,0.0,0.0,16.65,2.14,0.0
20170923:1910,0.0,0.0,0.0,0.0,15.27,1.93,0.0
20170923:2010,0.0,0.0,0.0,0.0,14.09,1.93,0.0
20170923:2110,0.0,0.0,0.0,0.0,13.16,2.0,0.0
20170923:2210,0.0,0.0,0.0,0.0,12.27,2.0,0.0
20170923:2310,0.0,0.0,0.0,0.0,11.46,2.0,0.0
20170924:0010,0.0,0.0,0.0,0.0,10.84,1.79,0.0
20170924:0110,0.0,0.0,0.0,0.0,10.5,1.52,0.0
20170924:0210,0.0,0.0,0.0,0.0,10.62,1.24,0.0
20170924:0310,0.0,0.0,0.0,0.0,9.99,1.38,0.0
20170924:0410,0.0,0.0,0.0,0.0,9.3,1.59,0.0
20170924:0510,0.0,0.0,0.0,0.0,9.1,1.72,0.0
20170924:0610,21.0,19.99,0.0,4.42,8.98,1.72,0.0
20170924:0710,91.0,89.0,0.0,14.12,10.35,1.1,0.0
20170924:0810,258.01,100.0,0.0,23.2,14.06,1.59,0.0
20170924:0910,384.01,115.0,0.0,31.12,16.59,2.07,0.0
20170924:1010,462.01,132.0,0.0,37.16,18.54,2.48,0.0
20170924:1110,541.01,121.0,0.0,40.52,19.85,2.55,0.0
20170924:1210,580.01,101.0,0.0,40.61,20.77,2.34,0.0
20170924:1310,481.01,125.0,0.0,37.4,21.37,2.14,0.0
20170924:1410,250.01,195.0,0.0,31.47,21.7,2.0,0.0
20170924:1510,192.0,143.0,0.0,23.63,21.76,2.0,0.0
20170924:1610,106.0,89.0,0.0,14.59,21.42,1.72,0.0
20170924:1710,7.0,29.14,0.0,4.91,20.27,1.86,0.0
20170924:1810,0.0,0.0,0.0,0.0,18.41,2.34,0.0
20170924:1910,0.0,0.0,0.0,0.0,17.23,2.48,0.0
20170924:2010,0.0,0.0,0.0,0.0,16.4,2.55,0.0
20170924:2110,0.0,0.0,0.0,0.0,15.77,2.69,0.0
20170924:2210,0.0,0.0,0.0,0.0,15.1,2.62,0.0
20170924:2310,0.0,0.0,0.0,0.0,14.48,2.55,0.0
20170925:0010,0.0,0.0,0.0,0.0,13.79,2.62,0.0
20170925:0110,0.0,0.0,0.0,0.0,13.29,2.55,0.0
20170925:0210,0.0,0.0,0.0,0.0,12.7,2.34,0.0
20170925:0310,0.0,0.0,0.0,0.0,12.25,2.07,0.0
20170925:0410,0.0,0.0,0.0,0.0,11.75,2.14,0.0
20170925:0510,0.0,0.0,0.0,0.0,11.56,2.28,0.0
20170925:0610,0.0,13.0,0.0,4.19,11.54,2.41,0.0
20170925:0710,1.0,74.0,0.0,13.88,12.85,1.66,0.0
20170925:0810,5.0,144.0,0.0,22.93,14.83,1.72,0.0
20170925:0910,53.0,240.0,0.0,30.82,16.2,1.45,0.0
20170925:1010,24.0,266.0,0.0,36.82,17.43,0.97,0.0
20170925:1110,124.0,312.0,0.0,40.15,18.38,0.48,0.0
20170925:1210,192.0,296.0,0.0,40.21,18.95,0.14,0.0
20170925:1310,117.0,289.0,0.0,37.0,19.33,0.07,0.0
20170925:1410,19.0,222.0,0.0,31.08,19.79,0.62,0.0
20170925:1510,6.0,147.0,0.0,23.26,19.75,1.03,0.0
20170925:1610,2.0,81.0,0.0,14.24,19.48,1.17,0.0
20170925:1710,0.0,6.0,0.0,4.56,18.95,1.24,0.0
20170925:1810,0.0,0.0,0.0,0.0,17.81,1.59,0.0
20170925:1910,0.0,0.0,0.0,0.0,17.06,1.66,0.0
20170925:2010,0.0,0.0,0.0,0.0,16.2,1.59,0.0
20170925:2110,0.0,0.0,0.0,0.0,15.74,1.66,0.0
20170925:2210,0.0,0.0,0.0,0.0,15.33,1.72,0.0
20170925:2310,0.0,0.0,0.0,0.0,15.01,1.72,0.0
20170926:0010,0.0,0.0,0.0,0.0,14.94,1.59,0.0
20170926:0110,0.0,0.0,0.0,0.0,14.34,1.59,0.0
20170926:0210,0.0,0.0,0.0,0.0,14.1,1.45,0.0
20170926:0310,0.0,0.0,0.0,0.0,13.92,1.52,0.0
20170926:0410,0.0,0.0,0.0,0.0,13.7,1.66,0.0
20170926:0510,0.0,0.0,0.0,0.0,13.54,1.59,0.0
20170926:0610,6.0,20.59,0.0,3.95,13.25,1.52,0.0
20170926:0710,6.0,87.0,0.0,13.63,13.96,1.17,0.0
20170926:0810,3.0,132.0,0.0,22.67,14.63,1.24,0.0
20170926:0910,3.0,178.0,0.0,30.51,15.27,1.31,0.0
20170926:1010,23.0,262.0,0.0,36.48,16.27,1.38,0.0
20170926:1110,0.0,147.0,0.0,39.77,17.11,1.31,0.0
20170926:1210,191.0,293.0,0.0,39.81,18.72,1.31,0.0
20170926:1310,420.01,147.0,0.0,36.6,19.36,1.52,0.0
20170926:1410,345.01,130.0,0.0,30.7,19.8,1.59,0.0
20170926:1510,239.01,106.0,0.0,22.89,20.12,1.66,0.0
20170926:1610,94.0,85.0,0.0,13.88,19.89,1.38,0.0
20170926:1710,0.0,26.0,0.0,4.21,19.32,1.31,0.0
20170926:1810,0.0,0.0,0.0,0.0,18.3,1.66,0.0
20170926:1910,0.0,0.0,0.0,0.0,16.6,0.9,0.0
20170926:2010,0.0,0.0,0.0,0.0,15.48,1.03,0.0
20170926:2110,0.0,0.0,0.0,0.0,14.31,1.31,0.0
20170926:2210,0.0,0.0,0.0,0.0,13.37,1.38,0.0
20170926:2310,0.0,0.0,0.0,0.0,12.62,1.45,0.0
20170927:0010,0.0,0.0,0.0,0.0,12.45,1.24,0.0
20170927:0110,0.0,0.0,0.0,0.0,12.81,0.9,0.0
20170927:0210,0.0,0.0,0.0,0.0,12.87,0.76,0.0
20170927:0310,0.0,0.0,0.0,0.0,11.26,1.03,0.0
20170927:0410,0.0,0.0,0.0,0.0,10.32,1.1,0.0
20170927:0510,0.0,0.0,0.0,0.0,9.91,1.24,0.0
20170927:0610,0.0,5.0,0.0,3.71,10.01,1.17,0.0
20170927:0710,6.0,86.0,0.0,13.38,12.61,1.31,0.0
20170927:0810,0.0,105.0,0.0,22.39,13.66,1.59,0.0
20170927:0910,0.0,81.0,0.0,30.21,15.31,2.34,0.0
20170927:1010,0.0,171.0,0.0,36.13,17.32,2.9,0.0
20170927:1110,0.0,190.0,0.0,39.39,18.61,3.1,0.0
20170927:1210,227.0,277.0,0.0,39.42,19.04,2.9,0.0
20170927:1310,142.0,279.0,0.0,36.2,19.16,3.03,0.0
20170927:1410,162.0,220.0,0.0,30.31,19.58,3.03,0.0
20170927:1510,75.0,174.0,0.0,22.52,19.48,2.34,0.0
20170927:1610,48.0,99.0,0.0,13.52,19.3,1.45,0.0
20170927:1710,0.0,17.0,0.0,3.86,18.94,1.03,0.0
20170927:1810,0.0,0.0,0.0,0.0,18.0,1.38,0.0
20170927:1910,0.0,0.0,0.0,0.0,16.38,2.21,0.0
20170927:2010,0.0,0.0,0.0,0.0,15.63,2.07,0.0
20170927:2110,0.0,0.0,0.0,0.0,15.06,1.72,0.0
20170927:2210,0.0,0.0,0.0,0.0,14.6,1.93,0.0
20170927:2310,0.0,0.0,0.0,0.0,14.45,2.0,0.0
20170928:0010,0.0,0.0,0.0,0.0,14.56,2.0,0.0
20170928:0110,0.0,0.0,0.0,0.0,14.31,2.14,0.0
20170928:0210,0.0,0.0,0.0,0.0,14.34,2.34,0.0
20170928:0310,0.0,0.0,0.0,0.0,14.45,2.41,0.0
20170928:0410,0.0,0.0,0.0,0.0,14.57,2.07,0.0
20170928:0510,0.0,0.0,0.0,0.0,14.24,2.14,0.0
20170928:0610,3.0,18.31,0.0,3.48,14.28,2.28,0.0
20170928:0710,5.0,81.0,0.0,13.13,14.61,2.48,0.0
20170928:0810,30.0,166.0,0.0,22.12,15.95,2.48,0.0
20170928:0910,22.0,217.0,0.0,29.91,17.16,2.69,0.0
20170928:1010,0.0,162.0,0.0,35.79,17.91,2.83,0.0
20170928:1110,5.0,237.0,0.0,39.02,18.9,2.83,0.0
20170928:1210,0.0,98.0,0.0,39.02,20.12,2.97,0.0
20170928:1310,0.0,135.0,0.0,35.8,21.14,3.17,0.0
20170928:1410,8.0,193.0,0.0,29.92,21.56,3.38,0.0
20170928:1510,8.0,144.0,0.0,22.15,21.45,3.1,0.0
20170928:1610,8.0,87.0,0.0,13.16,21.15,2.41,0.0
20170928:1710,0.0,15.0,0.0,3.5,20.41,2.07,0.0
20170928:1810,0.0,0.0,0.0,0.0,19.4,2.07,0.0
20170928:1910,0.0,0.0,0.0,0.0,18.29,1.86,0.0
20170928:2010,0.0,0.0,0.0,0.0,17.49,2.0,0.0
20170928:2110,0.0,0.0,0.0,0.0,16.8,2.14,0.0
20170928:2210,0.0,0.0,0.0,0.0,16.41,2.14,0.0
20170928:2310,0.0,0.0,0.0,0.0,15.87,2.21,0.0
20170929:0010,0.0,0.0,0.0,0.0,15.44,2.21,0.0
20170929:0110,0.0,0.0,0.0,0.0,15.09,2.21,0.0
20170929:0210,0.0,0.0,0.0,0.0,14.7,2.28,0.0
20170929:0310,0.0,0.0,0.0,0.0,14.41,2.28,0.0
20170929:0410,0.0,0.0,0.0,0.0,14.24,2.34,0.0
20170929:0510,0.0,0.0,0.0,0.0,14.15,2.48,0.0
20170929:0610,3.0,15.38,0.0,3.24,14.14,2.62,0.0
20170929:0710,106.0,68.0,0.0,12.88,16.12,3.03,0.0
20170929:0810,222.01,101.0,0.0,21.85,17.53,2.97,0.0
20170929:0910,311.01,135.0,0.0,29.6,19.01,3.52,0.0
20170929:1010,266.01,220.0,0.0,35.45,20.37,3.72,0.0
20170929:1110,379.01,190.0,0.0,38.64,22.0,3.72,0.0
20170929:1210,523.01,108.0,0.0,38.62,23.12,3.72,0.0
20170929:1310,414.01,137.0,0.0,35.41,23.7,3.93,0.0
20170929:1410,157.0,213.0,0.0,29.54,23.98,4.28,0.0
20170929:1510,0.0,92.0,0.0,21.78,23.61,4.14,0.0
20170929:1610,50.0,91.0,0.0,12.8,22.54,2.76,0.0
20170929:1710,0.0,16.0,0.0,3.16,21.49,2.28,0.0
20170929:1810,0.0,0.0,0.0,0.0,20.3,2.14,0.0
20170929:1910,0.0,0.0,0.0,0.0,19.02,2.0,0.0
20170929:2010,0.0,0.0,0.0,0.0,18.2,1.79,0.0
20170929:2110,0.0,0.0,0.0,0.0,17.58,1.45,0.0
20170929:2210,0.0,0.0,0.0,0.0,16.86,1.72,0.0
20170929:2310,0.0,0.0,0.0,0.0,16.23,2.14,0.0
20170930:0010,0.0,0.0,0.0,0.0,16.03,2.14,0.0
20170930:0110,0.0,0.0,0.0,0.0,15.7,2.41,0.0
20170930:0210,0.0,0.0,0.0,0.0,15.27,3.17,0.0
20170930:0310,0.0,0.0,0.0,0.0,14.59,3.66,0.0
20170930:0410,0.0,0.0,0.0,0.0,13.9,3.31,0.0
20170930:0510,0.0,0.0,0.0,0.0,13.46,3.03,0.0
20170930:0610,1.0,12.82,0.0,3.0,13.1,2.62,0.0
20170930:0710,0.0,59.0,0.0,12.63,13.2,1.79,0.0
20170930:0810,38.0,167.0,0.0,21.58,13.58,1.79,0.0
20170930:0910,95.0,231.0,0.0,29.29,14.31,2.97,0.0
20170930:1010,308.01,200.0,0.0,35.1,15.54,3.03,0.0
20170930:1110,148.0,296.0,0.0,38.26,16.52,3.1,0.0
20170930:1210,423.01,167.0,0.0,38.23,17.34,4.07,0.0
20170930:1310,10.0,231.0,0.0,35.01,17.32,3.79,0.0
20170930:1410,101.0,229.0,0.0,29.16,17.36,3.86,0.0
20170930:1510,247.01,89.0,0.0,21.41,17.23,3.52,0.0
20170930:1610,117.0,62.0,0.0,12.45,16.96,2.41,0.0
20170930:1710,0.0,16.0,0.0,2.81,16.36,1.72,0.0
20170930:1810,0.0,0.0,0.0,0.0,15.05,2.07,0.0
20170930:1910,0.0,0.0,0.0,0.0,14.68,2.14,0.0
20170930:2010,0.0,0.0,0.0,0.0,13.73,2.28,0.0
20170930:2110,0.0,0.0,0.0,0.0,13.09,2.55,0.0
20170930:2210,0.0,0.0,0.0,0.0,13.18,2.69,0.0
20170930:2310,0.0,0.0,0.0,0.0,13.22,2.41,0.0
20171001:0010,0.0,0.0,0.0,0.0,13.1,2.62,0.0
20171001:0110,0.0,0.0,0.0,0.0,13.12,2.55,0.0
20171001:0210,0.0,0.0,0.0,0.0,13.14,2.83,0.0
20171001:0310,0.0,0.0,0.0,0.0,13.17,3.1,0.0
20171001:0410,0.0,0.0,0.0,0.0,13.24,3.38,0.0
20171001:0510,0.0,0.0,0.0,0.0,13.25,3.52,0.0
20171001:0610,1.0,10.83,0.0,2.76,13.2,3.79,0.0
20171001:0710,0.0,50.0,0.0,12.38,13.33,3.72,0.0
20171001:0810,5.0,131.0,0.0,21.3,13.63,4.21,0.0
20171001:0910,5.0,177.0,0.0,28.99,13.56,4.69,0.0
20171001:1010,0.0,130.0,0.0,34.76,13.87,4.83,0.0
20171001:1110,0.0,123.0,0.0,37.88,14.12,4.97,0.0
20171001:1210,1.0,196.0,0.0,37.83,14.16,4.83,0.0
20171001:1310,0.0,109.0,0.0,34.62,14.5,4.69,0.0
20171001:1410,12.0,197.0,0.0,28.77,14.67,4.48,0.0
20171001:1510,0.0,49.0,0.0,21.04,14.82,4.28,0.0
20171001:1610,5.0,74.0,0.0,12.09,15.01,4.34,0.0
20171001:1710,0.0,2.0,0.0,2.46,15.01,4.07,0.0
20171001:1810,0.0,0.0,0.0,0.0,15.02,3.86,0.0
20171001:1910,0.0,0.0,0.0,0.0,14.95,3.86,0.0
20171001:2010,0.0,0.0,0.0,0.0,15.03,3.93,0.0
20171001:2110,0.0,0.0,0.0,0.0,15.17,4.07,0.0
20171001:2210,0.0,0.0,0.0,0.0,15.4,4.14,0.0
20171001:2310,0.0,0.0,0.0,0.0,15.66,4.07,0.0
20171002:0010,0.0,0.0,0.0,0.0,15.98,4.07,0.0
20171002:0110,0.0,0.0,0.0,0.0,16.19,3.93,0.0
20171002:0210,0.0,0.0,0.0,0.0,16.37,3.93,0.0
20171002:0310,0.0,0.0,0.0,0.0,16.47,4.0,0.0
20171002:0410,0.0,0.0,0.0,0.0,16.51,3.72,0.0
20171002:0510,0.0,0.0,0.0,0.0,16.32,3.66,0.0
20171002:0610,0.0,7.0,0.0,2.52,16.05,3.93,0.0
20171002:0710,6.0,76.0,0.0,12.13,16.38,4.07,0.0
20171002:0810,26.0,156.0,0.0,21.02,16.64,4.48,0.0
20171002:0910,0.0,85.0,0.0,28.68,17.18,5.38,0.0
20171002:1010,45.0,263.0,0.0,34.41,17.89,6.0,0.0
20171002:1110,215.0,261.0,0.0,37.51,19.1,6.07,0.0
20171002:1210,28.0,271.0,0.0,37.44,19.42,5.45,0.0
20171002:1310,37.0,259.0,0.0,34.22,19.66,5.17,0.0
20171002:1410,0.0,100.0,0.0,28.39,19.9,5.24,0.0
20171002:1510,28.0,155.0,0.0,20.68,20.03,5.52,0.0
20171002:1610,32.0,85.0,0.0,11.74,19.97,5.1,0.0
20171002:1710,0.0,5.0,0.0,2.11,19.28,4.28,0.0
20171002:1810,0.0,0.0,0.0,0.0,18.36,3.66,0.0
20171002:1910,0.0,0.0,0.0,0.0,18.01,3.72,0.0
20171002:2010,0.0,0.0,0.0,0.0,17.81,3.45,0.0
20171002:2110,0.0,0.0,0.0,0.0,17.5,3.45,0.0
20171002:2210,0.0,0.0,0.0,0.0,16.86,3.31,0.0
20171002:2310,0.0,0.0,0.0,0.0,16.22,3.1,0.0
20171003:0010,0.0,0.0,0.0,0.0,15.44,3.45,0.0
20171003:0110,0.0,0.0,0.0,0.0,14.58,4.14,0.0
20171003:0210,0.0,0.0,0.0,0.0,13.67,4.0,0.0
20171003:0310,0.0,0.0,0.0,0.0,13.18,4.0,0.0
20171003:0410,0.0,0.0,0.0,0.0,12.54,4.0,0.0
20171003:0510,0.0,0.0,0.0,0.0,11.9,3.45,0.0
20171003:0610,0.0,9.0,0.0,2.28,11.39,3.03,0.0
20171003:0710,99.0,63.0,0.0,11.87,12.5,2.41,0.0
20171003:0810,247.01,83.0,0.0,20.75,13.14,3.52,0.0
20171003:0910,173.0,201.0,0.0,28.37,13.94,3.72,0.0
20171003:1010,350.01,170.0,0.0,34.07,14.68,3.45,0.0
20171003:1110,316.01,220.0,0.0,37.13,15.26,3.17,0.0
20171003:1210,264.01,245.0,0.0,37.04,15.69,3.03,0.0
20171003:1310,177.0,253.0,0.0,33.83,16.12,3.03,0.0
20171003:1410,206.0,184.0,0.0,28.01,16.26,2.97,0.0
20171003:1510,125.0,141.0,0.0,20.31,16.09,2.9,0.0
20171003:1610,85.0,66.0,0.0,11.39,15.79,2.21,0.0
20171003:1710,0.0,6.0,0.0,1.77,15.14,1.45,0.0
20171003:1810,0.0,0.0,0.0,0.0,14.5,1.17,0.0
20171003:1910,0.0,0.0,0.0,0.0,13.78,1.1,0.0
20171003:2010,0.0,0.0,0.0,0.0,13.61,0.76,0.0
20171003:2110,0.0,0.0,0.0,0.0,13.31,0.76,0.0
20171003:2210,0.0,0.0,0.0,0.0,12.59,1.17,0.0
20171003:2310,0.0,0.0,0.0,0.0,12.3,1.24,0.0
20171004:0010,0.0,0.0,0.0,0.0,11.93,1.52,0.0
20171004:0110,0.0,0.0,0.0,0.0,11.11,1.59,0.0
20171004:0210,0.0,0.0,0.0,0.0,10.26,1.38,0.0
20171004:0310,0.0,0.0,0.0,0.0,9.71,1.24,0.0
20171004:0410,0.0,0.0,0.0,0.0,10.54,0.76,0.0
20171004:0510,0.0,0.0,0.0,0.0,10.9,0.55,0.0
20171004:0610,0.0,4.0,0.0,2.04,9.72,0.9,0.0
20171004:0710,26.0,84.0,0.0,11.62,9.54,1.24,0.0
20171004:0810,210.01,99.0,0.0,20.47,12.29,1.38,0.0
20171004:0910,343.01,109.0,0.0,28.06,14.0,1.86,0.0
20171004:1010,216.01,236.0,0.0,33.72,15.34,2.55,0.0
20171004:1110,327.01,211.0,0.0,36.75,16.14,2.97,0.0
20171004:1210,421.01,157.0,0.0,36.65,16.64,3.1,0.0
20171004:1310,331.01,176.0,0.0,33.44,17.05,3.24,0.0
20171004:1410,292.01,135.0,0.0,27.63,17.39,3.24,0.0
20171004:1510,189.0,107.0,0.0,19.95,17.51,3.17,0.0
20171004:1610,62.0,73.0,0.0,11.04,17.13,2.48,0.0
20171004:1710,0.0,2.0,0.0,1.43,15.92,2.07,0.0
20171004:1810,0.0,0.0,0.0,0.0,14.29,2.21,0.0
20171004:1910,0.0,0.0,0.0,0.0,13.12,2.41,0.0
20171004:2010,0.0,0.0,0.0,0.0,12.29,2.55,0.0
20171004:2110,0.0,0.0,0.0,0.0,11.76,2.76,0.0
20171004:2210,0.0,0.0,0.0,0.0,11.45,2.9,0.0
20171004:2310,0.0,0.0,0.0,0.0,11.14,2.97,0.0
20171005:0010,0.0,0.0,0.0,0.0,10.75,2.97,0.0
20171005:0110,0.0,0.0,0.0,0.0,10.36,2.97,0.0
20171005:0210,0.0,0.0,0.0,0.0,10.05,3.03,0.0
20171005:0310,0.0,0.0,0.0,0.0,9.75,3.17,0.0
20171005:0410,0.0,0.0,0.0,0.0,9.53,3.45,0.0
20171005:0510,0.0,0.0,0.0,0.0,9.43,3.66,0.0
20171005:0610,0.0,5.0,0.0,1.8,9.45,3.79,0.0
20171005:0710,90.0,62.0,0.0,11.36,10.93,4.41,0.0
20171005:0810,237.01,82.0,0.0,20.19,12.38,4.48,0.0
20171005:0910,354.01,100.0,0.0,27.75,13.65,5.1,0.0
20171005:1010,4.0,202.0,0.0,33.38,14.78,5.1,0.0
20171005:1110,0.0,162.0,0.0,36.38,15.91,5.72,0.0
20171005:1210,0.0,149.0,0.0,36.26,16.95,6.41,0.0
20171005:1310,0.0,115.0,0.0,33.05,16.95,5.45,0.0
20171005:1410,0.0,78.0,0.0,27.26,16.7,5.17,0.0
20171005:1510,0.0,40.0,0.0,19.59,16.32,4.55,0.0
20171005:1610,0.0,26.0,0.0,10.69,15.74,4.14,0.0
20171005:1710,0.0,0.0,0.0,0.0,14.73,3.86,0.0
20171005:1810,0.0,0.0,0.0,0.0,13.46,3.31,0.0
20171005:1910,0.0,0.0,0.0,0.0,13.38,3.38,0.0
20171005:2010,0.0,0.0,0.0,0.0,12.33,3.17,0.0
20171005:2110,0.0,0.0,0.0,0.0,11.16,2.69,0.0
20171005:2210,0.0,0.0,0.0,0.0,10.21,2.34,0.0
20171005:2310,0.0,0.0,0.0,0.0,9.62,2.28,0.0
20171006:0010,0.0,0.0,0.0,0.0,9.32,2.41,0.0
20171006:0110,0.0,0.0,0.0,0.0,9.23,2.62,0.0
20171006:0210,0.0,0.0,0.0,0.0,9.61,2.76,0.0
20171006:0310,0.0,0.0,0.0,0.0,9.56,2.83,0.0
20171006:0410,0.0,0.0,0.0,0.0,9.29,2.76,0.0
20171006:0510,0.0,0.0,0.0,0.0,8.81,2.76,0.0
20171006:0610,0.0,4.0,0.0,1.55,8.44,2.62,0.0
20171006:0710,98.0,58.0,0.0,11.11,8.65,2.55,0.0
20171006:0810,221.01,90.0,0.0,19.91,10.32,2.69,0.0
20171006:0910,281.01,142.0,0.0,27.44,11.77,4.41,0.0
20171006:1010,81.0,270.0,0.0,33.03,12.67,4.83,0.0
20171006:1110,81.0,294.0,0.0,36.0,13.45,4.9,0.0
20171006:1210,233.01,254.0,0.0,35.87,14.49,4.9,0.0
20171006:1310,92.0,267.0,0.0,32.66,14.88,4.48,0.0
20171006:1410,59.0,219.0,0.0,26.88,15.14,4.28,0.0
20171006:1510,138.0,128.0,0.0,19.23,15.1,4.07,0.0
20171006:1610,67.0,66.0,0.0,10.34,14.55,3.45,0.0
20171006:1710,0.0,0.0,0.0,0.0,13.38,2.62,0.0
20171006:1810,0.0,0.0,0.0,0.0,11.65,2.48,0.0
20171006:1910,0.0,0.0,0.0,0.0,10.53,2.34,0.0
20171006:2010,0.0,0.0,0.0,0.0,9.5,2.41,0.0
20171006:2110,0.0,0.0,0.0,0.0,8.83,2.48,0.0
20171006:2210,0.0,0.0,0.0,0.0,8.49,2.14,0.0
20171006:2310,0.0,0.0,0.0,0.0,7.94,1.93,0.0
20171007:0010,0.0,0.0,0.0,0.0,6.92,1.72,0.0
20171007:0110,0.0,0.0,0.0,0.0,5.98,1.52,0.0
20171007:0210,0.0,0.0,0.0,0.0,5.03,1.79,0.0
20171007:0310,0.0,0.0,0.0,0.0,4.57,1.93,0.0
20171007:0410,0.0,0.0,0.0,0.0,4.4,2.07,0.0
20171007:0510,0.0,0.0,0.0,0.0,4.38,2.21,0.0
20171007:0610,0.0,0.0,0.0,0.0,4.67,2.34,0.0
20171007:0710,85.0,60.0,0.0,10.85,6.04,2.55,0.0
20171007:0810,173.0,110.0,0.0,19.63,8.91,2.76,0.0
20171007:0910,301.01,122.0,0.0,27.12,11.57,3.45,0.0
20171007:1010,284.01,193.0,0.0,32.68,13.13,4.21,0.0
20171007:1110,308.01,210.0,0.0,35.62,14.01,4.55,0.0
20171007:1210,327.01,199.0,0.0,35.48,14.75,4.62,0.0
20171007:1310,121.0,256.0,0.0,32.27,15.47,4.69,0.0
20171007:1410,171.0,185.0,0.0,26.51,16.03,4.76,0.0
20171007:1510,11.0,134.0,0.0,18.87,16.01,4.55,0.0
20171007:1610,7.0,67.0,0.0,10.0,15.2,4.0,0.0
20171007:1710,0.0,0.0,0.0,0.0,14.16,3.93,0.0
20171007:1810,0.0,0.0,0.0,0.0,13.67,3.79,0.0
20171007:1910,0.0,0.0,0.0,0.0,13.32,3.79,0.0
20171007:2010,0.0,0.0,0.0,0.0,13.0,4.0,0.0
20171007:2110,0.0,0.0,0.0,0.0,13.14,4.41,0.0
20171007:2210,0.0,0.0,0.0,0.0,13.14,4.62,0.0
20171007:2310,0.0,0.0,0.0,0.0,13.22,4.55,0.0
20171008:0010,0.0,0.0,0.0,0.0,13.36,4.34,0.0
20171008:0110,0.0,0.0,0.0,0.0,13.47,3.93,0.0
20171008:0210,0.0,0.0,0.0,0.0,13.53,3.45,0.0
20171008:0310,0.0,0.0,0.0,0.0,13.53,3.03,0.0
20171008:0410,0.0,0.0,0.0,0.0,13.46,2.62,0.0
20171008:0510,0.0,0.0,0.0,0.0,13.37,2.34,0.0
20171008:0610,0.0,0.0,0.0,0.0,13.16,2.14,0.0
20171008:0710,6.0,68.0,0.0,10.59,12.92,2.0,0.0
20171008:0810,5.0,122.0,0.0,19.35,13.52,2.83,0.0
20171008:0910,0.0,128.0,0.0,26.81,14.51,2.62,0.0
20171008:1010,30.0,246.0,0.0,32.34,15.25,2.83,0.0
20171008:1110,107.0,282.0,0.0,35.25,15.73,2.97,0.0
20171008:1210,18.0,250.0,0.0,35.09,16.07,2.76,0.0
20171008:1310,19.0,232.0,0.0,31.89,16.72,2.9,0.0
20171008:1410,0.0,134.0,0.0,26.13,16.82,2.69,0.0
20171008:1510,22.0,139.0,0.0,18.51,16.83,2.55,0.0
20171008:1610,22.0,69.0,0.0,9.65,16.36,1.59,0.0
20171008:1710,0.0,0.0,0.0,0.0,15.78,1.45,0.0
20171008:1810,0.0,0.0,0.0,0.0,15.16,1.59,0.0
20171008:1910,0.0,0.0,0.0,0.0,14.02,1.66,0.0
20171008:2010,0.0,0.0,0.0,0.0,13.35,1.86,0.0
20171008:2110,0.0,0.0,0.0,0.0,12.98,1.86,0.0
20171008:2210,0.0,0.0,0.0,0.0,12.77,1.79,0.0
20171008:2310,0.0,0.0,0.0,0.0,12.57,1.66,0.0
20171009:0010,0.0,0.0,0.0,0.0,12.1,1.59,0.0
20171009:0110,0.0,0.0,0.0,0.0,11.59,1.66,0.0
20171009:0210,0.0,0.0,0.0,0.0,11.05,1.72,0.0
20171009:0310,0.0,0.0,0.0,0.0,10.91,1.66,0.0
20171009:0410,0.0,0.0,0.0,0.0,10.26,1.59,0.0
20171009:0510,0.0,0.0,0.0,0.0,9.91,1.31,0.0
20171009:0610,0.0,0.0,0.0,0.0,9.22,1.38,0.0
20171009:0710,15.0,73.0,0.0,10.33,8.89,1.31,0.0
20171009:0810,21.0,142.0,0.0,19.07,11.57,1.1,0.0
20171009:0910,9.0,180.0,0.0,26.5,13.45,1.17,0.0
20171009:1010,201.01,226.0,0.0,31.99,14.71,1.17,0.0
20171009:1110,467.01,112.0,0.0,34.88,15.71,1.52,0.0
20171009:1210,417.01,138.0,0.0,34.7,16.39,2.07,0.0
20171009:1310,238.01,204.0,0.0,31.5,16.87,2.34,0.0
20171009:1410,58.0,206.0,0.0,25.76,17.2,2.34,0.0
20171009:1510,16.0,133.0,0.0,18.16,17.43,2.48,0.0
20171009:1610,35.0,65.0,0.0,9.31,17.03,1.72,0.0
20171009:1710,0.0,0.0,0.0,0.0,16.28,1.72,0.0
20171009:1810,0.0,0.0,0.0,0.0,15.62,1.93,0.0
20171009:1910,0.0,0.0,0.0,0.0,14.89,1.86,0.0
20171009:2010,0.0,0.0,0.0,0.0,14.75,2.0,0.0
20171009:2110,0.0,0.0,0.0,0.0,14.44,2.14,0.0
20171009:2210,0.0,0.0,0.0,0.0,14.2,2.28,0.0
20171009:2310,0.0,0.0,0.0,0.0,14.11,2.14,0.0
20171010:0010,0.0,0.0,0.0,0.0,13.93,2.14,0.0
20171010:0110,0.0,0.0,0.0,0.0,14.03,2.14,0.0
20171010:0210,0.0,0.0,0.0,0.0,14.11,2.34,0.0
20171010:0310,0.0,0.0,0.0,0.0,14.14,2.62,0.0
20171010:0410,0.0,0.0,0.0,0.0,14.05,2.62,0.0
20171010:0510,0.0,0.0,0.0,0.0,14.04,2.55,0.0
20171010:0610,0.0,0.0,0.0,0.0,13.89,2.14,0.0
20171010:0710,9.0,68.0,0.0,10.07,13.97,2.14,0.0
20171010:0810,8.0,124.0,0.0,18.78,14.7,2.48,0.0
20171010:0910,0.0,131.0,0.0,26.19,15.39,3.45,0.0
20171010:1010,1.0,163.0,0.0,31.65,15.84,4.07,0.0
20171010:1110,128.0,270.0,0.0,34.5,16.58,4.55,0.0
20171010:1210,0.0,85.0,0.0,34.32,17.12,4.55,0.0
20171010:1310,0.0,145.0,0.0,31.12,17.54,4.62,0.0
20171010:1410,6.0,163.0,0.0,25.4,17.5,4.34,0.0
20171010:1510,7.0,116.0,0.0,17.81,17.52,4.14,0.0
20171010:1610,23.0,63.0,0.0,8.98,17.12,3.03,0.0
20171010:1710,0.0,0.0,0.0,0.0,16.57,2.55,0.0
20171010:1810,0.0,0.0,0.0,0.0,16.11,2.48,0.0
20171010:1910,0.0,0.0,0.0,0.0,14.79,2.28,0.0
20171010:2010,0.0,0.0,0.0,0.0,14.5,2.41,0.0
20171010:2110,0.0,0.0,0.0,0.0,14.27,2.55,0.0
20171010:2210,0.0,0.0,0.0,0.0,13.9,2.62,0.0
20171010:2310,0.0,0.0,0.0,0.0,13.9,2.62,0.0
20171011:0010,0.0,0.0,0.0,0.0,13.81,2.55,0.0
20171011:0110,0.0,0.0,0.0,0.0,13.7,2.48,0.0
20171011:0210,0.0,0.0,0.0,0.0,13.63,2.48,0.0
20171011:0310,0.0,0.0,0.0,0.0,13.63,2.41,0.0
20171011:0410,0.0,0.0,0.0,0.0,13.41,2.41,0.0
20171011:0510,0.0,0.0,0.0,0.0,13.1,2.55,0.0
20171011:0610,0.0,0.0,0.0,0.0,12.82,2.55,0.0
20171011:0710,2.0,56.0,0.0,9.81,13.17,2.48,0.0
20171011:0810,4.0,115.0,0.0,18.5,14.33,2.76,0.0
20171011:0910,10.0,176.0,0.0,25.87,15.3,3.1,0.0
20171011:1010,12.0,217.0,0.0,31.3,16.71,4.07,0.0
20171011:1110,1.0,178.0,0.0,34.13,17.96,5.03,0.0
20171011:1210,53.0,269.0,0.0,33.94,18.77,5.24,0.0
20171011:1310,137.0,237.0,0.0,30.74,19.35,4.9,0.0
20171011:1410,129.0,186.0,0.0,25.03,19.87,5.1,0.0
20171011:1510,95.0,124.0,0.0,17.46,19.93,5.03,0.0
20171011:1610,15.0,61.0,0.0,8.64,19.35,3.86,0.0
20171011:1710,0.0,0.0,0.0,0.0,18.3,3.1,0.0
20171011:1810,0.0,0.0,0.0,0.0,17.13,2.48,0.0
20171011:1910,0.0,0.0,0.0,0.0,15.8,2.28,0.0
20171011:2010,0.0,0.0,0.0,0.0,15.38,2.48,0.0
20171011:2110,0.0,0.0,0.0,0.0,15.14,3.03,0.0
20171011:2210,0.0,0.0,0.0,0.0,15.15,3.72,0.0
20171011:2310,0.0,0.0,0.0,0.0,14.96,4.14,0.0
20171012:0010,0.0,0.0,0.0,0.0,14.42,4.34,0.0
20171012:0110,0.0,0.0,0.0,0.0,14.09,4.28,0.0
20171012:0210,0.0,0.0,0.0,0.0,13.67,4.21,0.0
20171012:0310,0.0,0.0,0.0,0.0,13.99,4.14,0.0
20171012:0410,0.0,0.0,0.0,0.0,14.52,3.93,0.0
20171012:0510,0.0,0.0,0.0,0.0,14.78,3.72,0.0
20171012:0610,0.0,0.0,0.0,0.0,14.88,3.72,0.0
20171012:0710,44.0,63.0,0.0,9.55,14.12,2.97,0.0
20171012:0810,172.01,94.0,0.0,18.22,15.38,3.38,0.0
20171012:0910,275.01,119.0,0.0,25.56,16.61,4.14,0.0
20171012:1010,279.01,176.0,0.0,30.96,17.43,3.93,0.0
20171012:1110,393.01,141.0,0.0,33.76,18.0,3.93,0.0
20171012:1210,21.0,246.0,0.0,33.55,17.86,4.07,0.0
20171012:1310,111.0,240.0,0.0,30.36,18.15,4.21,0.0
20171012:1410,62.0,197.0,0.0,24.67,18.4,3.93,0.0
20171012:1510,97.0,120.0,0.0,17.11,18.38,2.97,0.0
20171012:1610,23.0,58.0,0.0,8.31,18.4,2.41,0.0
20171012:1710,0.0,0.0,0.0,0.0,17.82,2.14,0.0
20171012:1810,0.0,0.0,0.0,0.0,16.66,2.28,0.0
20171012:1910,0.0,0.0,0.0,0.0,15.97,2.41,0.0
20171012:2010,0.0,0.0,0.0,0.0,14.88,2.48,0.0
20171012:2110,0.0,0.0,0.0,0.0,14.28,2.62,0.0
20171012:2210,0.0,0.0,0.0,0.0,13.68,2.69,0.0
20171012:2310,0.0,0.0,0.0,0.0,13.31,2.62,0.0
20171013:0010,0.0,0.0,0.0,0.0,13.19,2.41,0.0
20171013:0110,0.0,0.0,0.0,0.0,12.91,2.28,0.0
20171013:0210,0.0,0.0,0.0,0.0,12.83,2.07,0.0
20171013:0310,0.0,0.0,0.0,0.0,12.49,1.93,0.0
20171013:0410,0.0,0.0,0.0,0.0,12.15,1.86,0.0
20171013:0510,0.0,0.0,0.0,0.0,11.78,1.93,0.0
20171013:0610,0.0,0.0,0.0,0.0,11.6,1.93,0.0
20171013:0710,14.0,63.0,0.0,9.29,11.85,1.59,0.0
20171013:0810,46.0,137.0,0.0,17.93,13.71,1.31,0.0
20171013:0910,68.0,199.0,0.0,25.25,15.6,1.24,0.0
20171013:1010,376.01,114.0,0.0,30.61,17.5,1.31,0.0
20171013:1110,313.01,179.0,0.0,33.39,19.02,1.66,0.0
20171013:1210,376.01,141.0,0.0,33.17,19.75,1.59,0.0
20171013:1310,212.01,197.0,0.0,29.99,20.16,1.31,0.0
20171013:1410,165.0,161.0,0.0,24.31,20.27,0.97,0.0
20171013:1510,162.01,83.0,0.0,16.77,20.12,0.76,0.0
20171013:1610,53.0,46.0,0.0,7.98,19.74,0.9,0.0
20171013:1710,0.0,0.0,0.0,0.0,18.77,1.45,0.0
20171013:1810,0.0,0.0,0.0,0.0,17.38,1.72,0.0
20171013:1910,0.0,0.0,0.0,0.0,16.26,2.07,0.0
20171013:2010,0.0,0.0,0.0,0.0,15.06,2.0,0.0
20171013:2110,0.0,0.0,0.0,0.0,13.92,1.79,0.0
20171013:2210,0.0,0.0,0.0,0.0,13.44,1.31,0.0
20171013:2310,0.0,0.0,0.0,0.0,14.67,0.76,0.0
20171014:0010,0.0,0.0,0.0,0.0,14.27,0.41,0.0
20171014:0110,0.0,0.0,0.0,0.0,13.78,0.41,0.0
20171014:0210,0.0,0.0,0.0,0.0,13.2,0.69,0.0
20171014:0310,0.0,0.0,0.0,0.0,12.19,1.03,0.0
20171014:0410,0.0,0.0,0.0,0.0,10.82,1.31,0.0
20171014:0510,0.0,0.0,0.0,0.0,10.19,1.45,0.0
20171014:0610,0.0,0.0,0.0,0.0,10.73,1.1,0.0
20171014:0710,38.0,60.0,0.0,9.03,9.78,0.97,0.0
20171014:0810,140.0,104.0,0.0,17.65,12.51,0.34,0.0
20171014:0910,232.01,136.0,0.0,24.93,15.0,0.62,0.0
20171014:1010,388.01,107.0,0.0,30.27,17.34,0.9,0.0
20171014:1110,416.01,119.0,0.0,33.03,19.24,1.38,0.0
20171014:1210,424.01,113.0,0.0,32.8,20.47,1.79,0.0
20171014:1310,373.01,109.0,0.0,29.62,21.21,2.0,0.0
20171014:1410,290.01,95.0,0.0,23.95,21.48,1.86,0.0
20171014:1510,162.01,81.0,0.0,16.42,21.39,1.72,0.0
20171014:1610,52.0,44.0,0.0,7.65,20.73,1.38,0.0
20171014:1710,0.0,0.0,0.0,0.0,19.34,1.86,0.0
20171014:1810,0.0,0.0,0.0,0.0,17.55,2.14,0.0
20171014:1910,0.0,0.0,0.0,0.0,16.06,2.21,0.0
20171014:2010,0.0,0.0,0.0,0.0,15.1,2.28,0.0
20171014:2110,0.0,0.0,0.0,0.0,14.39,2.28,0.0
20171014:2210,0.0,0.0,0.0,0.0,13.93,2.34,0.0
20171014:2310,0.0,0.0,0.0,0.0,13.58,2.34,0.0
20171015:0010,0.0,0.0,0.0,0.0,13.29,2.41,0.0
20171015:0110,0.0,0.0,0.0,0.0,13.0,2.41,0.0
20171015:0210,0.0,0.0,0.0,0.0,12.7,2.41,0.0
20171015:0310,0.0,0.0,0.0,0.0,12.4,2.34,0.0
20171015:0410,0.0,0.0,0.0,0.0,12.11,2.41,0.0
20171015:0510,0.0,0.0,0.0,0.0,11.9,2.48,0.0
20171015:0610,0.0,0.0,0.0,0.0,11.74,2.62,0.0
20171015:0710,49.0,54.0,0.0,8.77,12.2,2.69,0.0
20171015:0810,176.01,84.0,0.0,17.36,13.98,2.55,0.0
20171015:0910,291.01,101.0,0.0,24.62,16.31,3.17,0.0
20171015:1010,376.01,111.0,0.0,29.93,18.32,3.66,0.0
20171015:1110,408.01,121.0,0.0,32.66,20.03,3.93,0.0
20171015:1210,445.01,100.0,0.0,32.42,21.33,3.86,0.0
20171015:1310,371.01,108.0,0.0,29.25,22.22,3.86,0.0
20171015:1410,284.01,95.0,0.0,23.59,22.72,3.72,0.0
20171015:1510,152.01,83.0,0.0,16.09,22.78,3.45,0.0
20171015:1610,46.0,43.0,0.0,7.33,21.98,2.9,0.0
20171015:1710,0.0,0.0,0.0,0.0,20.26,2.97,0.0
20171015:1810,0.0,0.0,0.0,0.0,18.93,3.03,0.0
20171015:1910,0.0,0.0,0.0,0.0,18.14,2.9,0.0
20171015:2010,0.0,0.0,0.0,0.0,17.67,2.76,0.0
20171015:2110,0.0,0.0,0.0,0.0,17.33,2.76,0.0
20171015:2210,0.0,0.0,0.0,0.0,16.77,2.83,0.0
20171015:2310,0.0,0.0,0.0,0.0,16.56,2.97,0.0
20171016:0010,0.0,0.0,0.0,0.0,16.48,3.03,0.0
20171016:0110,0.0,0.0,0.0,0.0,16.13,2.97,0.0
20171016:0210,0.0,0.0,0.0,0.0,15.77,2.9,0.0
20171016:0310,0.0,0.0,0.0,0.0,15.38,2.83,0.0
20171016:0410,0.0,0.0,0.0,0.0,14.99,2.83,0.0
20171016:0510,0.0,0.0,0.0,0.0,14.64,2.9,0.0
20171016:0610,0.0,0.0,0.0,0.0,14.35,2.97,0.0
20171016:0710,37.0,55.0,0.0,8.51,14.58,3.17,0.0
20171016:0810,145.0,95.0,0.0,17.08,15.92,3.03,0.0
20171016:0910,280.01,101.0,0.0,24.31,17.95,3.72,0.0
20171016:1010,363.01,112.0,0.0,29.58,19.79,4.07,0.0
20171016:1110,401.01,119.0,0.0,32.3,21.4,4.28,0.0
20171016:1210,419.01,108.0,0.0,32.05,22.68,4.21,0.0
20171016:1310,348.01,113.0,0.0,28.88,23.61,4.14,0.0
20171016:1410,265.01,99.0,0.0,23.24,24.11,4.21,0.0
20171016:1510,132.0,88.0,0.0,15.75,24.09,3.59,0.0
20171016:1610,33.0,45.0,0.0,7.01,23.23,2.97,0.0
20171016:1710,0.0,0.0,0.0,0.0,21.38,2.69,0.0
20171016:1810,0.0,0.0,0.0,0.0,19.78,2.69,0.0
20171016:1910,0.0,0.0,0.0,0.0,18.69,2.48,0.0
20171016:2010,0.0,0.0,0.0,0.0,17.9,2.41,0.0
20171016:2110,0.0,0.0,0.0,0.0,17.23,2.41,0.0
20171016:2210,0.0,0.0,0.0,0.0,16.64,2.41,0.0
20171016:2310,0.0,0.0,0.0,0.0,16.11,2.34,0.0
20171017:0010,0.0,0.0,0.0,0.0,15.39,2.14,0.0
20171017:0110,0.0,0.0,0.0,0.0,14.56,1.86,0.0
20171017:0210,0.0,0.0,0.0,0.0,13.68,1.79,0.0
20171017:0310,0.0,0.0,0.0,0.0,12.84,1.79,0.0
20171017:0410,0.0,0.0,0.0,0.0,12.18,1.79,0.0
20171017:0510,0.0,0.0,0.0,0.0,11.79,1.79,0.0
20171017:0610,0.0,0.0,0.0,0.0,11.8,1.79,0.0
20171017:0710,23.0,57.0,0.0,8.24,13.95,1.31,0.0
20171017:0810,110.0,110.0,0.0,16.79,15.64,1.31,0.0
20171017:0910,187.01,149.0,0.0,24.0,17.06,1.72,0.0
20171017:1010,307.01,141.0,0.0,29.24,18.7,1.72,0.0
20171017:1110,386.01,124.0,0.0,31.93,20.25,1.79,0.0
20171017:1210,405.01,112.0,0.0,31.68,21.26,1.79,0.0
20171017:1310,304.01,135.0,0.0,28.52,21.99,1.66,0.0
20171017:1410,258.01,99.0,0.0,22.89,22.36,1.86,0.0
20171017:1510,163.01,71.0,0.0,15.42,22.41,2.34,0.0
20171017:1610,33.0,42.0,0.0,6.69,21.52,2.14,0.0
20171017:1710,0.0,0.0,0.0,0.0,19.62,2.48,0.0
20171017:1810,0.0,0.0,0.0,0.0,18.09,2.48,0.0
20171017:1910,0.0,0.0,0.0,0.0,16.88,2.21,0.0
20171017:2010,0.0,0.0,0.0,0.0,15.66,2.0,0.0
20171017:2110,0.0,0.0,0.0,0.0,14.73,2.14,0.0
20171017:2210,0.0,0.0,0.0,0.0,14.04,2.34,0.0
20171017:2310,0.0,0.0,0.0,0.0,13.54,2.48,0.0
20171018:0010,0.0,0.0,0.0,0.0,13.17,2.62,0.0
20171018:0110,0.0,0.0,0.0,0.0,13.0,2.76,0.0
20171018:0210,0.0,0.0,0.0,0.0,12.96,2.83,0.0
20171018:0310,0.0,0.0,0.0,0.0,13.0,3.03,0.0
20171018:0410,0.0,0.0,0.0,0.0,13.08,3.03,0.0
20171018:0510,0.0,0.0,0.0,0.0,13.18,2.97,0.0
20171018:0610,0.0,0.0,0.0,0.0,13.02,3.03,0.0
20171018:0710,32.0,53.0,0.0,7.98,13.07,2.83,0.0
20171018:0810,108.0,108.0,0.0,16.51,14.45,2.48,0.0
20171018:0910,148.0,165.0,0.0,23.68,16.08,2.83,0.0
20171018:1010,316.01,133.0,0.0,28.9,17.48,2.83,0.0
20171018:1110,316.01,163.0,0.0,31.57,18.69,2.62,0.0
20171018:1210,160.0,235.0,0.0,31.31,19.72,2.28,0.0
20171018:1310,83.0,226.0,0.0,28.15,20.51,2.41,0.0
20171018:1410,27.0,173.0,0.0,22.54,20.79,2.48,0.0
20171018:1510,45.0,114.0,0.0,15.09,20.72,2.41,0.0
20171018:1610,3.0,36.0,0.0,6.38,19.88,2.21,0.0
20171018:1710,0.0,0.0,0.0,0.0,18.28,2.55,0.0
20171018:1810,0.0,0.0,0.0,0.0,17.18,2.48,0.0
20171018:1910,0.0,0.0,0.0,0.0,16.19,2.28,0.0
20171018:2010,0.0,0.0,0.0,0.0,15.62,2.28,0.0
20171018:2110,0.0,0.0,0.0,0.0,14.74,2.34,0.0
20171018:2210,0.0,0.0,0.0,0.0,14.09,2.34,0.0
20171018:2310,0.0,0.0,0.0,0.0,13.67,2.48,0.0
20171019:0010,0.0,0.0,0.0,0.0,13.4,2.55,0.0
20171019:0110,0.0,0.0,0.0,0.0,13.27,2.69,0.0
20171019:0210,0.0,0.0,0.0,0.0,13.3,2.83,0.0
20171019:0310,0.0,0.0,0.0,0.0,13.36,2.83,0.0
20171019:0410,0.0,0.0,0.0,0.0,13.42,2.83,0.0
20171019:0510,0.0,0.0,0.0,0.0,13.55,3.03,0.0
20171019:0610,0.0,0.0,0.0,0.0,13.79,3.38,0.0
20171019:0710,3.0,44.0,0.0,7.72,14.44,3.52,0.0
20171019:0810,5.0,101.0,0.0,16.23,16.31,3.79,0.0
20171019:0910,205.01,132.0,0.0,23.37,18.05,4.76,0.0
20171019:1010,342.01,112.0,0.0,28.57,18.75,5.79,0.0
20171019:1110,290.01,171.0,0.0,31.21,19.76,6.83,0.0
20171019:1210,27.0,232.0,0.0,30.94,20.35,7.31,0.0
20171019:1310,4.0,169.0,0.0,27.79,20.59,6.62,0.0
20171019:1410,8.0,149.0,0.0,22.2,20.9,5.93,0.0
20171019:1510,96.0,95.0,0.0,14.76,20.64,4.76,0.0
20171019:1610,1.0,30.0,0.0,6.07,20.05,4.07,0.0
20171019:1710,0.0,0.0,0.0,0.0,18.96,3.79,0.0
20171019:1810,0.0,0.0,0.0,0.0,18.01,3.86,0.0
20171019:1910,0.0,0.0,0.0,0.0,17.31,4.83,0.0
20171019:2010,0.0,0.0,0.0,0.0,16.8,5.24,0.0
20171019:2110,0.0,0.0,0.0,0.0,16.42,5.59,0.0
20171019:2210,0.0,0.0,0.0,0.0,16.02,5.72,0.0
20171019:2310,0.0,0.0,0.0,0.0,15.7,5.86,0.0
20171020:0010,0.0,0.0,0.0,0.0,15.2,5.93,0.0
20171020:0110,0.0,0.0,0.0,0.0,14.84,6.14,0.0
20171020:0210,0.0,0.0,0.0,0.0,14.71,6.21,0.0
20171020:0310,0.0,0.0,0.0,0.0,14.17,5.72,0.0
20171020:0410,0.0,0.0,0.0,0.0,13.44,5.1,0.0
20171020:0510,0.0,0.0,0.0,0.0,12.49,4.62,0.0
20171020:0610,0.0,0.0,0.0,0.0,11.58,4.55,0.0
20171020:0710,40.0,46.0,0.0,7.45,11.27,4.62,0.0
20171020:0810,160.01,78.0,0.0,15.94,12.05,4.41,0.0
20171020:0910,268.01,99.0,0.0,23.06,13.27,6.76,0.0
20171020:1010,350.01,110.0,0.0,28.23,14.18,6.0,0.0
20171020:1110,291.01,173.0,0.0,30.86,14.86,5.79,0.0
20171020:1210,305.01,163.0,0.0,30.58,15.17,5.72,0.0
20171020:1310,212.01,178.0,0.0,27.44,15.13,5.52,0.0
20171020:1410,225.01,110.0,0.0,21.86,15.4,5.31,0.0
20171020:1510,101.0,92.0,0.0,14.44,15.22,4.97,0.0
20171020:1610,28.0,36.0,0.0,5.76,14.82,3.93,0.0
20171020:1710,0.0,0.0,0.0,0.0,14.28,3.38,0.0
20171020:1810,0.0,0.0,0.0,0.0,13.76,2.83,0.0
20171020:1910,0.0,0.0,0.0,0.0,12.77,2.69,0.0
20171020:2010,0.0,0.0,0.0,0.0,11.96,2.97,0.0
20171020:2110,0.0,0.0,0.0,0.0,11.8,3.31,0.0
20171020:2210,0.0,0.0,0.0,0.0,11.97,3.66,0.0
20171020:2310,0.0,0.0,0.0,0.0,11.96,3.93,0.0
20171021:0010,0.0,0.0,0.0,0.0,12.35,4.28,0.0
20171021:0110,0.0,0.0,0.0,0.0,13.23,4.62,0.0
20171021:0210,0.0,0.0,0.0,0.0,14.12,4.9,0.0
20171021:0310,0.0,0.0,0.0,0.0,14.54,5.1,0.0
20171021:0410,0.0,0.0,0.0,0.0,15.33,5.52,0.0
20171021:0510,0.0,0.0,0.0,0.0,16.12,5.79,0.0
20171021:0610,0.0,0.0,0.0,0.0,16.34,5.66,0.0
20171021:0710,0.0,11.0,0.0,7.19,15.96,5.59,0.0
20171021:0810,0.0,67.0,0.0,15.66,15.52,5.72,0.0
20171021:0910,0.0,111.0,0.0,22.75,15.16,6.0,0.0
20171021:1010,125.0,216.0,0.0,27.89,15.36,6.0,0.0
20171021:1110,69.0,247.0,0.0,30.5,15.8,6.48,0.0
20171021:1210,0.0,57.0,0.0,30.22,16.36,7.31,0.0
20171021:1310,201.01,178.0,0.0,27.09,16.71,7.66,0.0
20171021:1410,14.0,156.0,0.0,21.52,16.67,7.31,0.0
20171021:1510,132.01,73.0,0.0,14.12,15.57,6.14,0.0
20171021:1610,32.0,24.2,0.0,5.46,15.13,6.34,0.0
20171021:1710,0.0,0.0,0.0,0.0,14.63,6.14,0.0
20171021:1810,0.0,0.0,0.0,0.0,13.84,6.07,0.0
20171021:1910,0.0,0.0,0.0,0.0,13.24,6.21,0.0
20171021:2010,0.0,0.0,0.0,0.0,12.71,6.21,0.0
20171021:2110,0.0,0.0,0.0,0.0,12.06,6.48,0.0
20171021:2210,0.0,0.0,0.0,0.0,11.53,6.62,0.0
20171021:2310,0.0,0.0,0.0,0.0,10.97,6.41,0.0
20171022:0010,0.0,0.0,0.0,0.0,10.53,6.41,0.0
20171022:0110,0.0,0.0,0.0,0.0,10.23,6.34,0.0
20171022:0210,0.0,0.0,0.0,0.0,9.97,6.28,0.0
20171022:0310,0.0,0.0,0.0,0.0,9.76,6.21,0.0
20171022:0410,0.0,0.0,0.0,0.0,9.68,6.14,0.0
20171022:0510,0.0,0.0,0.0,0.0,9.77,6.07,0.0
20171022:0610,0.0,0.0,0.0,0.0,9.75,6.0,0.0
20171022:0710,44.0,40.0,0.0,6.93,9.95,5.72,0.0
20171022:0810,157.01,75.0,0.0,15.37,10.49,4.9,0.0
20171022:0910,234.01,112.0,0.0,22.44,11.18,6.76,0.0
20171022:1010,301.01,132.0,0.0,27.56,11.92,6.76,0.0
20171022:1110,153.0,231.0,0.0,30.15,12.31,6.76,0.0
20171022:1210,122.0,237.0,0.0,29.86,12.79,6.41,0.0
20171022:1310,21.0,201.0,0.0,26.74,12.94,6.21,0.0
20171022:1410,1.0,112.0,0.0,21.19,13.0,6.34,0.0
20171022:1510,77.0,97.0,0.0,13.81,13.07,6.28,0.0
20171022:1610,7.0,30.2,0.0,5.16,12.18,5.31,0.0
20171022:1710,0.0,0.0,0.0,0.0,11.38,5.03,0.0
20171022:1810,0.0,0.0,0.0,0.0,10.94,5.1,0.0
20171022:1910,0.0,0.0,0.0,0.0,10.9,4.41,0.0
20171022:2010,0.0,0.0,0.0,0.0,10.72,4.41,0.0
20171022:2110,0.0,0.0,0.0,0.0,10.53,4.34,0.0
20171022:2210,0.0,0.0,0.0,0.0,10.46,4.28,0.0
20171022:2310,0.0,0.0,0.0,0.0,10.29,4.0,0.0
20171023:0010,0.0,0.0,0.0,0.0,10.4,4.0,0.0
20171023:0110,0.0,0.0,0.0,0.0,10.64,3.86,0.0
20171023:0210,0.0,0.0,0.0,0.0,10.63,3.93,0.0
20171023:0310,0.0,0.0,0.0,0.0,10.78,3.86,0.0
20171023:0410,0.0,0.0,0.0,0.0,10.86,3.59,0.0
20171023:0510,0.0,0.0,0.0,0.0,10.83,3.52,0.0
20171023:0610,0.0,0.0,0.0,0.0,10.82,3.52,0.0
20171023:0710,0.0,7.0,0.0,6.67,10.5,3.03,0.0
20171023:0810,8.0,100.0,0.0,15.09,10.92,2.97,0.0
20171023:0910,0.0,69.0,0.0,22.13,11.66,3.52,0.0
20171023:1010,4.0,166.0,0.0,27.23,12.34,3.59,0.0
20171023:1110,59.0,240.0,0.0,29.8,12.77,3.72,0.0
20171023:1210,30.0,226.0,0.0,29.51,13.09,4.34,0.0
20171023:1310,13.0,187.0,0.0,26.39,13.12,3.86,0.0
20171023:1410,0.0,92.0,0.0,20.86,12.98,3.59,0.0
20171023:1510,35.0,101.0,0.0,13.5,13.15,3.59,0.0
20171023:1610,1.0,22.8,0.0,4.86,13.1,3.66,0.0
20171023:1710,0.0,0.0,0.0,0.0,13.04,3.79,0.0
20171023:1810,0.0,0.0,0.0,0.0,13.06,3.79,0.0
20171023:1910,0.0,0.0,0.0,0.0,13.0,3.72,0.0
20171023:2010,0.0,0.0,0.0,0.0,13.11,3.66,0.0
20171023:2110,0.0,0.0,0.0,0.0,13.2,3.52,0.0
20171023:2210,0.0,0.0,0.0,0.0,13.26,3.38,0.0
20171023:2310,0.0,0.0,0.0,0.0,13.31,3.24,0.0
20171024:0010,0.0,0.0,0.0,0.0,13.36,3.1,0.0
20171024:0110,0.0,0.0,0.0,0.0,13.38,2.9,0.0
20171024:0210,0.0,0.0,0.0,0.0,13.4,2.76,0.0
20171024:0310,0.0,0.0,0.0,0.0,13.4,2.83,0.0
20171024:0410,0.0,0.0,0.0,0.0,13.46,2.9,0.0
20171024:0510,0.0,0.0,0.0,0.0,13.53,2.9,0.0
20171024:0610,0.0,0.0,0.0,0.0,13.6,2.76,0.0
20171024:0710,2.0,33.0,0.0,6.4,13.87,2.69,0.0
20171024:0810,1.0,78.0,0.0,14.81,14.14,2.83,0.0
20171024:0910,0.0,59.0,0.0,21.83,14.54,2.9,0.0
20171024:1010,7.0,177.0,0.0,26.89,15.27,3.59,0.0
20171024:1110,0.0,149.0,0.0,29.45,16.28,3.79,0.0
20171024:1210,0.0,148.0,0.0,29.16,17.24,3.59,0.0
20171024:1310,8.0,174.0,0.0,26.05,18.13,3.72,0.0
20171024:1410,0.0,81.0,0.0,20.54,18.37,3.38,0.0
20171024:1510,1.0,70.0,0.0,13.19,18.36,3.17,0.0
20171024:1610,2.0,22.58,0.0,4.57,17.76,2.69,0.0
20171024:1710,0.0,0.0,0.0,0.0,16.88,2.55,0.0
20171024:1810,0.0,0.0,0.0,0.0,16.54,2.55,0.0
20171024:1910,0.0,0.0,0.0,0.0,15.49,2.69,0.0
20171024:2010,0.0,0.0,0.0,0.0,14.88,2.83,0.0
20171024:2110,0.0,0.0,0.0,0.0,14.52,2.9,0.0
20171024:2210,0.0,0.0,0.0,0.0,14.33,2.9,0.0
20171024:2310,0.0,0.0,0.0,0.0,14.22,2.9,0.0
20171025:0010,0.0,0.0,0.0,0.0,14.14,2.9,0.0
20171025:0110,0.0,0.0,0.0,0.0,13.86,2.76,0.0
20171025:0210,0.0,0.0,0.0,0.0,13.69,2.62,0.0
20171025:0310,0.0,0.0,0.0,0.0,13.52,2.55,0.0
20171025:0410,0.0,0.0,0.0,0.0,13.16,2.69,0.0
20171025:0510,0.0,0.0,0.0,0.0,12.85,2.69,0.0
20171025:0610,0.0,0.0,0.0,0.0,12.64,2.55,0.0
20171025:0710,0.0,18.0,0.0,6.14,13.02,2.41,0.0
20171025:0810,8.0,99.0,0.0,14.52,13.4,2.9,0.0
20171025:0910,0.0,48.0,0.0,21.52,14.2,2.83,0.0
20171025:1010,1.0,143.0,0.0,26.57,15.66,2.41,0.0
20171025:1110,12.0,204.0,0.0,29.11,16.97,2.0,0.0
20171025:1210,81.0,232.0,0.0,28.81,17.79,1.66,0.0
20171025:1310,195.01,165.0,0.0,25.71,18.52,1.79,0.0
20171025:1410,128.0,139.0,0.0,20.22,18.82,1.79,0.0
20171025:1510,35.0,97.0,0.0,12.89,18.77,1.45,0.0
20171025:1610,0.0,27.0,0.0,4.28,18.18,0.9,0.0
20171025:1710,0.0,0.0,0.0,0.0,16.75,0.69,0.0
20171025:1810,0.0,0.0,0.0,0.0,15.06,1.03,0.0
20171025:1910,0.0,0.0,0.0,0.0,14.43,1.03,0.0
20171025:2010,0.0,0.0,0.0,0.0,12.53,1.31,0.0
20171025:2110,0.0,0.0,0.0,0.0,11.54,1.45,0.0
20171025:2210,0.0,0.0,0.0,0.0,10.94,1.45,0.0
20171025:2310,0.0,0.0,0.0,0.0,11.12,1.17,0.0
20171026:0010,0.0,0.0,0.0,0.0,11.94,0.9,0.0
20171026:0110,0.0,0.0,0.0,0.0,11.59,0.83,0.0
20171026:0210,0.0,0.0,0.0,0.0,10.89,0.97,0.0
20171026:0310,0.0,0.0,0.0,0.0,9.85,1.03,0.0
20171026:0410,0.0,0.0,0.0,0.0,8.88,0.9,0.0
20171026:0510,0.0,0.0,0.0,0.0,8.87,0.69,0.0
20171026:0610,0.0,0.0,0.0,0.0,8.92,0.55,0.0
20171026:0710,14.0,39.0,0.0,5.88,10.23,0.14,0.0
20171026:0810,19.0,105.0,0.0,14.24,10.64,0.14,0.0
20171026:0910,4.0,130.0,0.0,21.21,11.52,0.14,0.0
20171026:1010,26.0,200.0,0.0,26.24,12.53,0.21,0.0
20171026:1110,6.0,186.0,0.0,28.77,13.84,0.14,0.0
20171026:1210,8.0,192.0,0.0,28.47,14.62,0.21,0.0
20171026:1310,7.0,169.0,0.0,25.38,15.56,0.76,0.0
20171026:1410,20.0,149.0,0.0,19.9,16.33,0.97,0.0
20171026:1510,0.0,59.0,0.0,12.59,16.69,1.17,0.0
20171026:1610,0.0,20.0,0.0,4.0,16.21,1.31,0.0
20171026:1710,0.0,0.0,0.0,0.0,15.31,1.31,0.0
20171026:1810,0.0,0.0,0.0,0.0,14.5,1.38,0.0
20171026:1910,0.0,0.0,0.0,0.0,14.3,1.79,0.0
20171026:2010,0.0,0.0,0.0,0.0,14.05,1.72,0.0
20171026:2110,0.0,0.0,0.0,0.0,13.63,1.66,0.0
20171026:2210,0.0,0.0,0.0,0.0,13.4,1.72,0.0
20171026:2310,0.0,0.0,0.0,0.0,13.1,2.07,0.0
20171027:0010,0.0,0.0,0.0,0.0,12.82,2.07,0.0
20171027:0110,0.0,0.0,0.0,0.0,12.34,1.45,0.0
20171027:0210,0.0,0.0,0.0,0.0,12.33,1.45,0.0
20171027:0310,0.0,0.0,0.0,0.0,12.06,1.93,0.0
20171027:0410,0.0,0.0,0.0,0.0,12.1,2.0,0.0
20171027:0510,0.0,0.0,0.0,0.0,12.23,2.07,0.0
20171027:0610,0.0,0.0,0.0,0.0,12.44,2.21,0.0
20171027:0710,0.0,21.0,0.0,5.62,12.93,2.34,0.0
20171027:0810,0.0,42.0,0.0,13.96,13.42,2.21,0.0
20171027:0910,1.0,109.0,0.0,20.91,14.16,3.66,0.0
20171027:1010,90.0,209.0,0.0,25.91,14.63,3.79,0.0
20171027:1110,31.0,221.0,0.0,28.43,15.02,3.72,0.0
20171027:1210,303.01,138.0,0.0,28.13,15.29,3.45,0.0
20171027:1310,177.01,171.0,0.0,25.05,15.6,3.45,0.0
20171027:1410,127.0,136.0,0.0,19.59,15.53,3.45,0.0
20171027:1510,77.0,81.0,0.0,12.3,15.06,3.24,0.0
20171027:1610,0.0,23.0,0.0,3.72,14.25,2.69,0.0
20171027:1710,0.0,0.0,0.0,0.0,13.05,2.41,0.0
20171027:1810,0.0,0.0,0.0,0.0,12.02,2.28,0.0
20171027:1910,0.0,0.0,0.0,0.0,11.55,2.34,0.0
20171027:2010,0.0,0.0,0.0,0.0,11.07,2.14,0.0
20171027:2110,0.0,0.0,0.0,0.0,10.73,2.0,0.0
20171027:2210,0.0,0.0,0.0,0.0,9.82,2.0,0.0
20171027:2310,0.0,0.0,0.0,0.0,9.65,1.86,0.0
20171028:0010,0.0,0.0,0.0,0.0,9.12,2.0,0.0
20171028:0110,0.0,0.0,0.0,0.0,8.77,2.0,0.0
20171028:0210,0.0,0.0,0.0,0.0,8.41,1.93,0.0
20171028:0310,0.0,0.0,0.0,0.0,7.79,1.79,0.0
20171028:0410,0.0,0.0,0.0,0.0,7.75,1.66,0.0
20171028:0510,0.0,0.0,0.0,0.0,7.11,1.86,0.0
20171028:0610,0.0,0.0,0.0,0.0,6.86,2.0,0.0
20171028:0710,20.0,28.74,0.0,5.36,6.13,2.07,0.0
20171028:0810,45.0,105.0,0.0,13.68,7.21,2.07,0.0
20171028:0910,25.0,160.0,0.0,20.61,8.69,2.41,0.0
20171028:1010,83.0,209.0,0.0,25.59,10.79,3.03,0.0
20171028:1110,277.01,156.0,0.0,28.09,12.14,3.66,0.0
20171028:1210,262.01,161.0,0.0,27.79,13.15,4.48,0.0
20171028:1310,208.01,155.0,0.0,24.72,13.46,4.48,0.0
20171028:1410,59.0,154.0,0.0,19.28,13.71,4.48,0.0
20171028:1510,58.0,86.0,0.0,12.01,13.69,4.21,0.0
20171028:1610,0.0,20.0,0.0,3.45,13.01,3.38,0.0
20171028:1710,0.0,0.0,0.0,0.0,12.1,3.45,0.0
20171028:1810,0.0,0.0,0.0,0.0,11.59,3.52,0.0
20171028:1910,0.0,0.0,0.0,0.0,11.3,3.59,0.0
20171028:2010,0.0,0.0,0.0,0.0,11.09,3.59,0.0
20171028:2110,0.0,0.0,0.0,0.0,11.3,3.86,0.0
20171028:2210,0.0,0.0,0.0,0.0,11.49,4.14,0.0
20171028:2310,0.0,0.0,0.0,0.0,11.7,4.34,0.0
20171029:0010,0.0,0.0,0.0,0.0,11.99,4.55,0.0
20171029:0110,0.0,0.0,0.0,0.0,12.2,4.69,0.0
20171029:0210,0.0,0.0,0.0,0.0,12.27,4.83,0.0
20171029:0310,0.0,0.0,0.0,0.0,12.28,4.9,0.0
20171029:0410,0.0,0.0,0.0,0.0,12.24,4.97,0.0
20171029:0510,0.0,0.0,0.0,0.0,12.27,4.97,0.0
20171029:0610,0.0,0.0,0.0,0.0,12.43,4.9,0.0
20171029:0710,0.0,22.0,0.0,5.1,12.85,4.62,0.0
20171029:0810,0.0,51.0,0.0,13.4,13.19,4.48,0.0
20171029:0910,8.0,136.0,0.0,20.31,13.54,4.34,0.0
20171029:1010,0.0,111.0,0.0,25.27,14.1,3.93,0.0
20171029:1110,1.0,154.0,0.0,27.76,14.36,4.97,0.0
20171029:1210,6.0,179.0,0.0,27.46,14.23,4.83,0.0
20171029:1310,19.0,182.0,0.0,24.4,13.9,4.55,0.0
20171029:1410,11.0,135.0,0.0,18.97,12.98,4.34,0.0
20171029:1510,0.0,55.0,0.0,11.72,12.2,3.45,0.0
20171029:1610,0.0,12.0,0.0,3.18,11.77,2.9,0.0
20171029:1710,0.0,0.0,0.0,0.0,11.31,2.9,0.0
20171029:1810,0.0,0.0,0.0,0.0,10.78,3.1,0.0
20171029:1910,0.0,0.0,0.0,0.0,10.01,3.1,0.0
20171029:2010,0.0,0.0,0.0,0.0,9.35,3.1,0.0
20171029:2110,0.0,0.0,0.0,0.0,8.76,3.1,0.0
20171029:2210,0.0,0.0,0.0,0.0,8.38,2.97,0.0
20171029:2310,0.0,0.0,0.0,0.0,7.59,2.83,0.0
20171030:0010,0.0,0.0,0.0,0.0,7.09,2.69,0.0
20171030:0110,0.0,0.0,0.0,0.0,6.77,2.62,0.0
20171030:0210,0.0,0.0,0.0,0.0,6.24,2.69,0.0
20171030:0310,0.0,0.0,0.0,0.0,6.2,2.69,0.0
20171030:0410,0.0,0.0,0.0,0.0,6.42,2.62,0.0
20171030:0510,0.0,0.0,0.0,0.0,6.12,2.55,0.0
20171030:0610,0.0,0.0,0.0,0.0,6.23,2.62,0.0
20171030:0710,15.0,27.02,0.0,4.84,5.35,2.69,0.0
20171030:0810,117.01,72.0,0.0,13.12,6.44,2.48,0.0
20171030:0910,232.01,89.0,0.0,20.01,8.19,3.1,0.0
20171030:1010,312.01,101.0,0.0,24.95,9.72,3.38,0.0
20171030:1110,135.0,214.0,0.0,27.43,10.99,4.14,0.0
20171030:1210,74.0,224.0,0.0,27.13,11.54,4.14,0.0
20171030:1310,120.0,187.0,0.0,24.08,11.68,4.21,0.0
20171030:1410,109.0,136.0,0.0,18.67,11.59,4.21,0.0
20171030:1510,44.0,85.0,0.0,11.44,11.4,3.79,0.0
20171030:1610,0.0,15.0,0.0,2.92,10.94,2.83,0.0
20171030:1710,0.0,0.0,0.0,0.0,9.88,2.34,0.0
20171030:1810,0.0,0.0,0.0,0.0,8.7,2.28,0.0
20171030:1910,0.0,0.0,0.0,0.0,7.43,2.34,0.0
20171030:2010,0.0,0.0,0.0,0.0,6.75,2.34,0.0
20171030:2110,0.0,0.0,0.0,0.0,6.16,2.21,0.0
20171030:2210,0.0,0.0,0.0,0.0,5.62,2.14,0.0
20171030:2310,0.0,0.0,0.0,0.0,5.11,2.21,0.0
20171031:0010,0.0,0.0,0.0,0.0,4.57,2.0,0.0
20171031:0110,0.0,0.0,0.0,0.0,3.96,1.79,0.0
20171031:0210,0.0,0.0,0.0,0.0,3.45,1.93,0.0
20171031:0310,0.0,0.0,0.0,0.0,3.03,1.93,0.0
20171031:0410,0.0,0.0,0.0,0.0,2.66,1.86,0.0
20171031:0510,0.0,0.0,0.0,0.0,2.26,1.66,0.0
20171031:0610,0.0,0.0,0.0,0.0,2.01,1.52,0.0
20171031:0710,11.0,26.12,0.0,4.58,2.31,1.38,0.0
20171031:0810,105.01,73.0,0.0,12.85,3.75,0.48,0.0
20171031:0910,215.01,91.0,0.0,19.71,6.07,0.69,0.0
20171031:1010,291.01,105.0,0.0,24.64,8.2,0.69,0.0
20171031:1110,325.01,113.0,0.0,27.11,9.95,0.9,0.0
20171031:1210,314.01,116.0,0.0,26.8,11.05,0.76,0.0
20171031:1310,263.01,111.0,0.0,23.77,11.6,0.83,0.0
20171031:1410,195.01,88.0,0.0,18.38,11.84,0.97,0.0
20171031:1510,72.0,71.0,0.0,11.17,11.7,0.97,0.0
20171031:1610,0.0,15.0,0.0,2.66,11.16,0.83,0.0
20171031:1710,0.0,0.0,0.0,0.0,9.53,0.97,0.0
20171031:1810,0.0,0.0,0.0,0.0,7.73,1.38,0.0
20171031:1910,0.0,0.0,0.0,0.0,6.52,1.72,0.0
20171031:2010,0.0,0.0,0.0,0.0,5.83,1.93,0.0
20171031:2110,0.0,0.0,0.0,0.0,5.37,1.86,0.0
20171031:2210,0.0,0.0,0.0,0.0,4.89,1.72,0.0
20171031:2310,0.0,0.0,0.0,0.0,4.4,1.72,0.0
20171101:0010,0.0,0.0,0.0,0.0,4.03,1.79,0.0
20171101:0110,0.0,0.0,0.0,0.0,3.79,1.93,0.0
20171101:0210,0.0,0.0,0.0,0.0,3.73,2.0,0.0
20171101:0310,0.0,0.0,0.0,0.0,3.68,2.14,0.0
20171101:0410,0.0,0.0,0.0,0.0,3.75,2.21,0.0
20171101:0510,0.0,0.0,0.0,0.0,3.96,2.28,0.0
20171101:0610,0.0,0.0,0.0,0.0,4.18,2.34,0.0
20171101:0710,1.0,19.81,0.0,4.32,4.32,2.34,0.0
20171101:0810,35.0,95.0,0.0,12.57,5.57,1.93,0.0
20171101:0910,94.0,145.0,0.0,19.42,7.77,2.28,0.0
20171101:1010,181.01,159.0,0.0,24.33,9.8,2.55,0.0
20171101:1110,248.01,151.0,0.0,26.78,11.67,2.76,0.0
20171101:1210,297.01,120.0,0.0,26.48,13.16,2.97,0.0
20171101:1310,165.01,158.0,0.0,23.46,14.24,3.03,0.0
20171101:1410,90.0,133.0,0.0,18.09,14.71,2.83,0.0
20171101:1510,21.0,80.0,0.0,10.9,14.26,2.21,0.0
20171101:1610,0.0,10.0,0.0,2.41,12.97,2.55,0.0
20171101:1710,0.0,0.0,0.0,0.0,11.74,2.76,0.0
20171101:1810,0.0,0.0,0.0,0.0,11.09,2.83,0.0
20171101:1910,0.0,0.0,0.0,0.0,9.72,2.97,0.0
20171101:2010,0.0,0.0,0.0,0.0,9.32,2.76,0.0
20171101:2110,0.0,0.0,0.0,0.0,8.92,2.69,0.0
20171101:2210,0.0,0.0,0.0,0.0,8.73,2.76,0.0
20171101:2310,0.0,0.0,0.0,0.0,8.85,2.83,0.0
20171102:0010,0.0,0.0,0.0,0.0,8.99,2.83,0.0
20171102:0110,0.0,0.0,0.0,0.0,9.23,2.83,0.0
20171102:0210,0.0,0.0,0.0,0.0,9.3,2.76,0.0
20171102:0310,0.0,0.0,0.0,0.0,9.52,2.83,0.0
20171102:0410,0.0,0.0,0.0,0.0,9.42,2.83,0.0
20171102:0510,0.0,0.0,0.0,0.0,9.88,2.76,0.0
20171102:0610,0.0,0.0,0.0,0.0,10.23,2.69,0.0
20171102:0710,0.0,12.0,0.0,4.06,10.29,2.41,0.0
20171102:0810,8.0,84.0,0.0,12.3,10.79,2.28,0.0
20171102:0910,13.0,138.0,0.0,19.13,11.33,2.07,0.0
20171102:1010,0.0,76.0,0.0,24.02,12.63,3.1,0.0
20171102:1110,0.0,52.0,0.0,26.46,13.55,3.24,0.0
20171102:1210,0.0,47.0,0.0,26.16,14.0,3.72,0.0
20171102:1310,0.0,111.0,0.0,23.16,14.38,4.07,0.0
20171102:1410,0.0,33.0,0.0,17.8,14.62,3.59,0.0
20171102:1510,31.0,78.0,0.0,10.63,14.28,2.14,0.0
20171102:1610,0.0,4.0,0.0,2.16,13.71,1.38,0.0
20171102:1710,0.0,0.0,0.0,0.0,13.19,1.03,0.0
20171102:1810,0.0,0.0,0.0,0.0,12.55,0.9,0.0
20171102:1910,0.0,0.0,0.0,0.0,11.54,1.38,0.0
20171102:2010,0.0,0.0,0.0,0.0,11.26,1.24,0.0
20171102:2110,0.0,0.0,0.0,0.0,11.13,1.03,0.0
20171102:2210,0.0,0.0,0.0,0.0,11.01,1.31,0.0
20171102:2310,0.0,0.0,0.0,0.0,10.84,1.38,0.0
20171103:0010,0.0,0.0,0.0,0.0,10.86,1.45,0.0
20171103:0110,0.0,0.0,0.0,0.0,10.93,1.52,0.0
20171103:0210,0.0,0.0,0.0,0.0,10.94,1.66,0.0
20171103:0310,0.0,0.0,0.0,0.0,10.93,1.66,0.0
20171103:0410,0.0,0.0,0.0,0.0,10.92,1.72,0.0
20171103:0510,0.0,0.0,0.0,0.0,10.64,1.79,0.0
20171103:0610,0.0,0.0,0.0,0.0,10.61,1.79,0.0
20171103:0710,0.0,13.0,0.0,3.81,9.66,1.79,0.0
20171103:0810,15.0,87.0,0.0,12.03,10.16,1.66,0.0
20171103:0910,11.0,134.0,0.0,18.83,11.57,2.0,0.0
20171103:1010,163.01,161.0,0.0,23.71,13.21,2.41,0.0
20171103:1110,172.01,182.0,0.0,26.15,14.5,2.69,0.0
20171103:1210,317.01,100.0,0.0,25.85,15.3,2.69,0.0
20171103:1310,312.01,71.0,0.0,22.86,15.58,2.48,0.0
20171103:1410,210.01,68.0,0.0,17.52,15.65,2.34,0.0
20171103:1510,12.0,73.0,0.0,10.37,15.28,2.0,0.0
20171103:1610,0.0,5.0,0.0,1.91,14.1,2.07,0.0
20171103:1710,0.0,0.0,0.0,0.0,12.5,2.41,0.0
20171103:1810,0.0,0.0,0.0,0.0,11.64,2.48,0.0
20171103:1910,0.0,0.0,0.0,0.0,11.5,2.76,0.0
20171103:2010,0.0,0.0,0.0,0.0,11.15,2.62,0.0
20171103:2110,0.0,0.0,0.0,0.0,10.84,2.62,0.0
20171103:2210,0.0,0.0,0.0,0.0,10.46,2.62,0.0
20171103:2310,0.0,0.0,0.0,0.0,9.97,2.62,0.0
20171104:0010,0.0,0.0,0.0,0.0,9.65,2.9,0.0
20171104:0110,0.0,0.0,0.0,0.0,9.76,2.83,0.0
20171104:0210,0.0,0.0,0.0,0.0,10.01,2.9,0.0
20171104:0310,0.0,0.0,0.0,0.0,9.95,2.97,0.0
20171104:0410,0.0,0.0,0.0,0.0,9.96,3.31,0.0
20171104:0510,0.0,0.0,0.0,0.0,10.29,3.66,0.0
20171104:0610,0.0,0.0,0.0,0.0,10.79,4.14,0.0
20171104:0710,1.0,16.8,0.0,3.55,11.07,4.28,0.0
20171104:0810,16.0,85.0,0.0,11.75,11.74,4.76,0.0
20171104:0910,0.0,35.0,0.0,18.55,13.21,6.14,0.0
20171104:1010,0.0,70.0,0.0,23.41,14.11,6.76,0.0
20171104:1110,5.0,167.0,0.0,25.84,14.54,6.9,0.0
20171104:1210,0.0,130.0,0.0,25.54,14.93,6.48,0.0
20171104:1310,0.0,88.0,0.0,22.56,14.13,5.24,0.0
20171104:1410,2.0,101.0,0.0,17.25,14.23,4.97,0.0
20171104:1510,0.0,12.0,0.0,10.11,14.18,4.21,0.0
20171104:1610,0.0,2.0,0.0,1.67,13.74,3.38,0.0
20171104:1710,0.0,0.0,0.0,0.0,12.97,3.03,0.0
20171104:1810,0.0,0.0,0.0,0.0,12.31,2.9,0.0
20171104:1910,0.0,0.0,0.0,0.0,11.67,2.14,0.0
20171104:2010,0.0,0.0,0.0,0.0,11.33,2.41,0.0
20171104:2110,0.0,0.0,0.0,0.0,11.01,2.9,0.0
20171104:2210,0.0,0.0,0.0,0.0,10.58,3.24,0.0
20171104:2310,0.0,0.0,0.0,0.0,10.07,3.72,0.0
20171105:0010,0.0,0.0,0.0,0.0,9.7,4.14,0.0
20171105:0110,0.0,0.0,0.0,0.0,9.23,3.59,0.0
20171105:0210,0.0,0.0,0.0,0.0,8.85,3.38,0.0
20171105:0310,0.0,0.0,0.0,0.0,8.05,3.52,0.0
20171105:0410,0.0,0.0,0.0,0.0,7.02,3.45,0.0
20171105:0510,0.0,0.0,0.0,0.0,6.28,3.52,0.0
20171105:0610,0.0,0.0,0.0,0.0,5.89,3.52,0.0
20171105:0710,2.0,16.58,0.0,3.3,5.93,3.86,0.0
20171105:0810,117.01,53.0,0.0,11.49,6.7,3.66,0.0
20171105:0910,126.01,124.0,0.0,18.26,7.67,4.69,0.0
20171105:1010,218.01,131.0,0.0,23.1,8.28,5.45,0.0
20171105:1110,354.01,82.0,0.0,25.53,8.96,5.24,0.0
20171105:1210,152.01,186.0,0.0,25.24,9.59,5.24,0.0
20171105:1310,68.0,181.0,0.0,22.27,10.05,5.1,0.0
20171105:1410,112.0,116.0,0.0,16.98,10.1,4.69,0.0
20171105:1510,0.0,12.0,0.0,9.86,9.78,4.34,0.0
20171105:1610,0.0,4.0,0.0,1.44,8.85,3.52,0.0
20171105:1710,0.0,0.0,0.0,0.0,7.8,3.24,0.0
20171105:1810,0.0,0.0,0.0,0.0,7.07,3.03,0.0
20171105:1910,0.0,0.0,0.0,0.0,6.06,2.9,0.0
20171105:2010,0.0,0.0,0.0,0.0,5.43,2.69,0.0
20171105:2110,0.0,0.0,0.0,0.0,5.04,2.55,0.0
20171105:2210,0.0,0.0,0.0,0.0,4.78,2.48,0.0
20171105:2310,0.0,0.0,0.0,0.0,4.73,2.55,0.0
20171106:0010,0.0,0.0,0.0,0.0,4.46,2.55,0.0
20171106:0110,0.0,0.0,0.0,0.0,4.25,2.62,0.0
20171106:0210,0.0,0.0,0.0,0.0,4.07,2.69,0.0
20171106:0310,0.0,0.0,0.0,0.0,3.95,2.9,0.0
20171106:0410,0.0,0.0,0.0,0.0,3.83,2.97,0.0
20171106:0510,0.0,0.0,0.0,0.0,3.77,3.03,0.0
20171106:0610,0.0,0.0,0.0,0.0,3.72,3.03,0.0
20171106:0710,3.0,15.35,0.0,3.05,3.98,2.97,0.0
20171106:0810,116.01,52.0,0.0,11.22,4.7,2.83,0.0
20171106:0910,231.01,67.0,0.0,17.98,6.46,2.9,0.0
20171106:1010,277.01,97.0,0.0,22.81,8.03,3.45,0.0
20171106:1110,206.01,165.0,0.0,25.23,9.23,4.28,0.0
20171106:1210,173.01,177.0,0.0,24.94,9.73,4.0,0.0
20171106:1310,254.01,101.0,0.0,21.99,10.1,3.72,0.0
20171106:1410,181.01,80.0,0.0,16.71,10.14,3.59,0.0
20171106:1510,103.01,42.0,0.0,9.62,9.79,3.03,0.0
20171106:1610,0.0,0.0,0.0,0.0,8.57,2.48,0.0
20171106:1710,0.0,0.0,0.0,0.0,7.03,2.48,0.0
20171106:1810,0.0,0.0,0.0,0.0,5.93,2.48,0.0
20171106:1910,0.0,0.0,0.0,0.0,5.15,2.34,0.0
20171106:2010,0.0,0.0,0.0,0.0,4.39,2.21,0.0
20171106:2110,0.0,0.0,0.0,0.0,3.57,2.14,0.0
20171106:2210,0.0,0.0,0.0,0.0,2.67,2.07,0.0
20171106:2310,0.0,0.0,0.0,0.0,1.89,2.0,0.0
20171107:0010,0.0,0.0,0.0,0.0,1.22,1.93,0.0
20171107:0110,0.0,0.0,0.0,0.0,0.63,1.79,0.0
20171107:0210,0.0,0.0,0.0,0.0,0.34,1.72,0.0
20171107:0310,0.0,0.0,0.0,0.0,0.0,1.66,0.0
20171107:0410,0.0,0.0,0.0,0.0,-0.11,1.59,0.0
20171107:0510,0.0,0.0,0.0,0.0,-0.07,1.38,0.0
20171107:0610,0.0,0.0,0.0,0.0,0.15,1.17,0.0
20171107:0710,0.0,0.0,0.0,0.0,-0.87,1.52,0.0
20171107:0810,0.0,0.0,0.0,0.0,0.97,0.76,0.0
20171107:0910,227.01,67.0,0.0,17.7,3.75,0.55,0.0
20171107:1010,299.01,82.0,0.0,22.51,6.14,0.62,0.0
20171107:1110,340.01,86.0,0.0,24.93,7.89,0.76,0.0
20171107:1210,331.01,88.0,0.0,24.65,8.86,0.97,0.0
20171107:1310,289.01,79.0,0.0,21.71,9.15,0.9,0.0
20171107:1410,212.01,61.0,0.0,16.45,9.24,1.17,0.0
20171107:1510,85.01,48.0,0.0,9.38,8.89,1.31,0.0
20171107:1610,0.0,0.0,0.0,0.0,8.06,1.1,0.0
20171107:1710,0.0,0.0,0.0,0.0,6.92,0.62,0.0
20171107:1810,0.0,0.0,0.0,0.0,6.09,0.21,0.0
20171107:1910,0.0,0.0,0.0,0.0,3.4,1.24,0.0
20171107:2010,0.0,0.0,0.0,0.0,2.33,1.52,0.0
20171107:2110,0.0,0.0,0.0,0.0,1.63,1.59,0.0
20171107:2210,0.0,0.0,0.0,0.0,1.07,1.59,0.0
20171107:2310,0.0,0.0,0.0,0.0,0.36,1.72,0.0
20171108:0010,0.0,0.0,0.0,0.0,0.11,1.86,0.0
20171108:0110,0.0,0.0,0.0,0.0,0.75,1.86,0.0
20171108:0210,0.0,0.0,0.0,0.0,0.81,1.86,0.0
20171108:0310,0.0,0.0,0.0,0.0,0.73,1.66,0.0
20171108:0410,0.0,0.0,0.0,0.0,0.48,1.52,0.0
20171108:0510,0.0,0.0,0.0,0.0,0.32,1.38,0.0
20171108:0610,0.0,0.0,0.0,0.0,0.4,1.24,0.0
20171108:0710,0.0,0.0,0.0,0.0,0.95,1.38,0.0
20171108:0810,14.0,77.0,0.0,10.69,2.89,0.62,0.0
20171108:0910,21.0,135.0,0.0,17.42,4.6,0.14,0.0
20171108:1010,5.0,145.0,0.0,22.22,5.92,0.07,0.0
20171108:1110,1.0,140.0,0.0,24.63,7.17,0.34,0.0
20171108:1210,25.0,190.0,0.0,24.36,8.0,0.48,0.0
20171108:1310,44.0,174.0,0.0,21.43,8.62,0.9,0.0
20171108:1410,28.0,127.0,0.0,16.19,8.98,1.59,0.0
20171108:1510,62.0,55.0,0.0,9.14,8.81,1.86,0.0
20171108:1610,0.0,0.0,0.0,0.0,7.77,1.93,0.0
20171108:1710,0.0,0.0,0.0,0.0,6.92,2.0,0.0
20171108:1810,0.0,0.0,0.0,0.0,6.54,1.93,0.0
20171108:1910,0.0,0.0,0.0,0.0,6.44,1.66,0.0
20171108:2010,0.0,0.0,0.0,0.0,6.17,1.45,0.0
20171108:2110,0.0,0.0,0.0,0.0,5.75,1.45,0.0
20171108:2210,0.0,0.0,0.0,0.0,5.39,1.45,0.0
20171108:2310,0.0,0.0,0.0,0.0,4.95,1.59,0.0
20171109:0010,0.0,0.0,0.0,0.0,4.64,1.79,0.0
20171109:0110,0.0,0.0,0.0,0.0,4.58,1.79,0.0
20171109:0210,0.0,0.0,0.0,0.0,4.41,1.86,0.0
20171109:0310,0.0,0.0,0.0,0.0,4.39,1.86,0.0
20171109:0410,0.0,0.0,0.0,0.0,4.1,1.72,0.0
20171109:0510,0.0,0.0,0.0,0.0,3.55,1.66,0.0
20171109:0610,0.0,0.0,0.0,0.0,2.95,1.66,0.0
20171109:0710,0.0,4.0,0.0,2.3,2.9,1.72,0.0
20171109:0810,32.0,77.0,0.0,10.43,3.88,1.03,0.0
20171109:0910,3.0,105.0,0.0,17.14,6.36,0.9,0.0
20171109:1010,25.0,171.0,0.0,21.94,7.48,0.9,0.0
20171109:1110,88.0,196.0,0.0,24.34,8.38,0.9,0.0
20171109:1210,58.0,197.0,0.0,24.07,9.18,1.1,0.0
20171109:1310,26.0,166.0,0.0,21.16,9.74,1.52,0.0
20171109:1410,56.0,124.0,0.0,15.95,10.08,1.72,0.0
20171109:1510,77.01,45.0,0.0,8.91,10.15,1.59,0.0
20171109:1610,0.0,0.0,0.0,0.0,9.58,1.38,0.0
20171109:1710,0.0,0.0,0.0,0.0,8.7,1.79,0.0
20171109:1810,0.0,0.0,0.0,0.0,7.9,1.93,0.0
20171109:1910,0.0,0.0,0.0,0.0,7.37,2.21,0.0
20171109:2010,0.0,0.0,0.0,0.0,7.49,2.28,0.0
20171109:2110,0.0,0.0,0.0,0.0,7.79,2.55,0.0
20171109:2210,0.0,0.0,0.0,0.0,7.97,2.83,0.0
20171109:2310,0.0,0.0,0.0,0.0,8.15,2.76,0.0
20171110:0010,0.0,0.0,0.0,0.0,8.31,3.03,0.0
20171110:0110,0.0,0.0,0.0,0.0,8.38,3.17,0.0
20171110:0210,0.0,0.0,0.0,0.0,8.42,3.17,0.0
20171110:0310,0.0,0.0,0.0,0.0,8.31,3.24,0.0
20171110:0410,0.0,0.0,0.0,0.0,8.64,3.31,0.0
20171110:0510,0.0,0.0,0.0,0.0,8.98,3.52,0.0
20171110:0610,0.0,0.0,0.0,0.0,9.43,3.66,0.0
20171110:0710,0.0,3.0,0.0,2.06,9.6,3.79,0.0
20171110:0810,7.0,68.0,0.0,10.17,9.95,3.93,0.0
20171110:0910,0.0,62.0,0.0,16.87,10.31,3.93,0.0
20171110:1010,61.0,175.0,0.0,21.65,10.81,4.0,0.0
20171110:1110,3.0,147.0,0.0,24.06,11.0,4.76,0.0
20171110:1210,0.0,98.0,0.0,23.79,11.23,5.24,0.0
20171110:1310,61.0,167.0,0.0,20.9,11.4,4.97,0.0
20171110:1410,21.0,120.0,0.0,15.7,12.11,4.76,0.0
20171110:1510,52.0,54.0,0.0,8.69,12.4,4.83,0.0
20171110:1610,0.0,0.0,0.0,0.0,11.7,4.14,0.0
20171110:1710,0.0,0.0,0.0,0.0,11.12,4.28,0.0
20171110:1810,0.0,0.0,0.0,0.0,10.46,4.21,0.0
20171110:1910,0.0,0.0,0.0,0.0,10.13,3.93,0.0
20171110:2010,0.0,0.0,0.0,0.0,9.92,3.52,0.0
20171110:2110,0.0,0.0,0.0,0.0,9.68,3.17,0.0
20171110:2210,0.0,0.0,0.0,0.0,9.49,3.1,0.0
20171110:2310,0.0,0.0,0.0,0.0,9.36,3.31,0.0
20171111:0010,0.0,0.0,0.0,0.0,9.35,3.52,0.0
20171111:0110,0.0,0.0,0.0,0.0,8.91,3.59,0.0
20171111:0210,0.0,0.0,0.0,0.0,8.51,3.66,0.0
20171111:0310,0.0,0.0,0.0,0.0,8.53,3.66,0.0
20171111:0410,0.0,0.0,0.0,0.0,8.72,4.07,0.0
20171111:0510,0.0,0.0,0.0,0.0,8.9,5.38,0.0
20171111:0610,0.0,0.0,0.0,0.0,9.19,6.14,0.0
20171111:0710,0.0,4.0,0.0,1.82,9.5,6.55,0.0
20171111:0810,1.0,52.0,0.0,9.92,9.91,6.76,0.0
20171111:0910,0.0,23.0,0.0,16.6,10.21,6.76,0.0
20171111:1010,0.0,64.0,0.0,21.38,10.48,6.83,0.0
20171111:1110,0.0,93.0,0.0,23.77,10.73,6.9,0.0
20171111:1210,2.0,140.0,0.0,23.52,10.93,6.83,0.0
20171111:1310,0.0,105.0,0.0,20.64,11.16,6.41,0.0
20171111:1410,0.0,37.0,0.0,15.46,11.4,5.66,0.0
20171111:1510,0.0,37.0,0.0,8.47,11.68,5.38,0.0
20171111:1610,0.0,0.0,0.0,0.0,12.0,5.24,0.0
20171111:1710,0.0,0.0,0.0,0.0,12.17,5.1,0.0
20171111:1810,0.0,0.0,0.0,0.0,12.29,4.9,0.0
20171111:1910,0.0,0.0,0.0,0.0,12.55,5.59,0.0
20171111:2010,0.0,0.0,0.0,0.0,12.51,5.38,0.0
20171111:2110,0.0,0.0,0.0,0.0,12.41,4.48,0.0
20171111:2210,0.0,0.0,0.0,0.0,12.15,3.59,0.0
20171111:2310,0.0,0.0,0.0,0.0,11.96,3.31,0.0
20171112:0010,0.0,0.0,0.0,0.0,11.86,3.72,0.0
20171112:0110,0.0,0.0,0.0,0.0,11.8,4.41,0.0
20171112:0210,0.0,0.0,0.0,0.0,11.82,5.31,0.0
20171112:0310,0.0,0.0,0.0,0.0,11.94,7.31,0.0
20171112:0410,0.0,0.0,0.0,0.0,11.57,6.97,0.0
20171112:0510,0.0,0.0,0.0,0.0,11.18,6.83,0.0
20171112:0610,0.0,0.0,0.0,0.0,10.86,7.31,0.0
20171112:0710,0.0,3.0,0.0,1.58,11.15,8.0,0.0
20171112:0810,17.0,69.0,0.0,9.66,11.36,8.07,0.0
20171112:0910,0.0,38.0,0.0,16.34,11.43,8.0,0.0
20171112:1010,0.0,106.0,0.0,21.1,9.98,7.45,0.0
20171112:1110,31.0,186.0,0.0,23.5,7.73,5.24,0.0
20171112:1210,286.01,90.0,0.0,23.25,8.02,5.38,0.0
20171112:1310,211.01,101.0,0.0,20.39,8.38,7.03,0.0
20171112:1410,52.0,117.0,0.0,15.23,7.9,6.62,0.0
20171112:1510,11.0,57.0,0.0,8.26,7.32,6.69,0.0
20171112:1610,0.0,0.0,0.0,0.0,6.5,5.45,0.0
20171112:1710,0.0,0.0,0.0,0.0,6.0,5.24,0.0
20171112:1810,0.0,0.0,0.0,0.0,5.74,4.83,0.0
20171112:1910,0.0,0.0,0.0,0.0,6.04,5.17,0.0
20171112:2010,0.0,0.0,0.0,0.0,6.03,5.38,0.0
20171112:2110,0.0,0.0,0.0,0.0,5.91,5.52,0.0
20171112:2210,0.0,0.0,0.0,0.0,5.76,5.66,0.0
20171112:2310,0.0,0.0,0.0,0.0,5.54,5.72,0.0
20171113:0010,0.0,0.0,0.0,0.0,5.5,5.93,0.0
20171113:0110,0.0,0.0,0.0,0.0,5.48,5.93,0.0
20171113:0210,0.0,0.0,0.0,0.0,5.48,5.79,0.0
20171113:0310,0.0,0.0,0.0,0.0,5.28,5.45,0.0
20171113:0410,0.0,0.0,0.0,0.0,4.99,5.17,0.0
20171113:0510,0.0,0.0,0.0,0.0,4.83,5.03,0.0
20171113:0610,0.0,0.0,0.0,0.0,4.79,4.97,0.0
20171113:0710,0.0,2.0,0.0,1.34,4.93,4.83,0.0
20171113:0810,6.0,62.0,0.0,9.41,5.34,4.83,0.0
20171113:0910,29.0,127.0,0.0,16.07,6.22,5.03,0.0
20171113:1010,23.0,163.0,0.0,20.83,7.25,6.55,0.0
20171113:1110,95.0,187.0,0.0,23.22,8.05,5.66,0.0
20171113:1210,237.01,121.0,0.0,22.98,8.69,5.24,0.0
20171113:1310,58.0,164.0,0.0,20.14,8.87,5.59,0.0
20171113:1410,79.0,110.0,0.0,15.0,8.81,5.45,0.0
20171113:1510,72.01,40.0,0.0,8.05,8.58,4.69,0.0
20171113:1610,0.0,0.0,0.0,0.0,7.91,4.14,0.0
20171113:1710,0.0,0.0,0.0,0.0,7.01,3.86,0.0
20171113:1810,0.0,0.0,0.0,0.0,6.26,3.52,0.0
20171113:1910,0.0,0.0,0.0,0.0,6.06,3.31,0.0
20171113:2010,0.0,0.0,0.0,0.0,5.51,2.97,0.0
20171113:2110,0.0,0.0,0.0,0.0,5.18,2.76,0.0
20171113:2210,0.0,0.0,0.0,0.0,4.66,2.62,0.0
20171113:2310,0.0,0.0,0.0,0.0,4.33,2.41,0.0
20171114:0010,0.0,0.0,0.0,0.0,3.96,2.41,0.0
20171114:0110,0.0,0.0,0.0,0.0,3.54,2.48,0.0
20171114:0210,0.0,0.0,0.0,0.0,3.18,2.34,0.0
20171114:0310,0.0,0.0,0.0,0.0,2.78,2.07,0.0
20171114:0410,0.0,0.0,0.0,0.0,2.27,1.86,0.0
20171114:0510,0.0,0.0,0.0,0.0,1.65,1.72,0.0
20171114:0610,0.0,0.0,0.0,0.0,1.54,1.24,0.0
20171114:0710,0.0,0.0,0.0,0.0,1.0,1.31,0.0
20171114:0810,23.0,66.0,0.0,9.17,1.59,0.9,0.0
20171114:0910,45.0,124.0,0.0,15.82,4.57,0.62,0.0
20171114:1010,267.01,74.0,0.0,20.56,6.69,0.76,0.0
20171114:1110,293.01,85.0,0.0,22.96,7.99,1.1,0.0
20171114:1210,289.01,85.0,0.0,22.73,8.99,1.38,0.0
20171114:1310,226.01,88.0,0.0,19.9,9.63,1.52,0.0
20171114:1410,135.01,79.0,0.0,14.78,10.04,1.59,0.0
20171114:1510,59.0,43.0,0.0,7.85,9.89,1.17,0.0
20171114:1610,0.0,0.0,0.0,0.0,9.3,1.24,0.0
20171114:1710,0.0,0.0,0.0,0.0,7.89,1.66,0.0
20171114:1810,0.0,0.0,0.0,0.0,6.37,1.79,0.0
20171114:1910,0.0,0.0,0.0,0.0,6.24,1.72,0.0
20171114:2010,0.0,0.0,0.0,0.0,6.17,1.66,0.0
20171114:2110,0.0,0.0,0.0,0.0,6.18,1.66,0.0
20171114:2210,0.0,0.0,0.0,0.0,6.11,1.72,0.0
20171114:2310,0.0,0.0,0.0,0.0,6.17,1.72,0.0
20171115:0010,0.0,0.0,0.0,0.0,6.12,1.59,0.0
20171115:0110,0.0,0.0,0.0,0.0,6.18,1.45,0.0
20171115:0210,0.0,0.0,0.0,0.0,6.25,1.31,0.0
20171115:0310,0.0,0.0,0.0,0.0,6.3,1.24,0.0
20171115:0410,0.0,0.0,0.0,0.0,6.29,1.24,0.0
20171115:0510,0.0,0.0,0.0,0.0,6.42,1.1,0.0
20171115:0610,0.0,0.0,0.0,0.0,6.41,1.03,0.0
20171115:0710,0.0,0.0,0.0,0.0,5.59,1.38,0.0
20171115:0810,6.0,58.0,0.0,8.92,5.86,1.03,0.0
20171115:0910,7.0,106.0,0.0,15.56,6.33,1.03,0.0
20171115:1010,7.0,137.0,0.0,20.3,6.91,1.03,0.0
20171115:1110,23.0,176.0,0.0,22.7,7.45,1.03,0.0
20171115:1210,13.0,164.0,0.0,22.47,8.12,0.9,0.0
20171115:1310,80.0,153.0,0.0,19.66,8.44,0.55,0.0
20171115:1410,60.0,109.0,0.0,14.57,8.51,0.21,0.0
20171115:1510,52.0,43.0,0.0,7.66,8.67,0.28,0.0
20171115:1610,0.0,0.0,0.0,0.0,8.46,0.48,0.0
20171115:1710,0.0,0.0,0.0,0.0,7.96,0.83,0.0
20171115:1810,0.0,0.0,0.0,0.0,7.6,0.97,0.0
20171115:1910,0.0,0.0,0.0,0.0,6.92,0.83,0.0
20171115:2010,0.0,0.0,0.0,0.0,6.71,0.97,0.0
20171115:2110,0.0,0.0,0.0,0.0,6.78,1.03,0.0
20171115:2210,0.0,0.0,0.0,0.0,6.67,1.17,0.0
20171115:2310,0.0,0.0,0.0,0.0,6.33,1.1,0.0
20171116:0010,0.0,0.0,0.0,0.0,5.9,0.97,0.0
20171116:0110,0.0,0.0,0.0,0.0,5.48,1.1,0.0
20171116:0210,0.0,0.0,0.0,0.0,5.12,1.31,0.0
20171116:0310,0.0,0.0,0.0,0.0,4.61,1.45,0.0
20171116:0410,0.0,0.0,0.0,0.0,4.46,1.38,0.0
20171116:0510,0.0,0.0,0.0,0.0,4.57,1.24,0.0
20171116:0610,0.0,0.0,0.0,0.0,4.2,1.03,0.0
20171116:0710,0.0,0.0,0.0,0.0,5.02,1.24,0.0
20171116:0810,14.0,62.0,0.0,8.68,5.19,0.9,0.0
20171116:0910,14.0,113.0,0.0,15.31,5.54,0.28,0.0
20171116:1010,251.01,75.0,0.0,20.04,6.31,0.14,0.0
20171116:1110,267.01,92.0,0.0,22.44,7.21,0.48,0.0
20171116:1210,263.01,92.0,0.0,22.23,8.27,1.03,0.0
20171116:1310,0.0,98.0,0.0,19.43,8.95,1.03,0.0
20171116:1410,6.0,94.0,0.0,14.36,9.26,0.83,0.0
20171116:1510,8.0,49.0,0.0,7.47,9.34,0.62,0.0
20171116:1610,0.0,0.0,0.0,0.0,9.08,0.34,0.0
20171116:1710,0.0,0.0,0.0,0.0,8.69,0.28,0.0
20171116:1810,0.0,0.0,0.0,0.0,8.32,0.48,0.0
20171116:1910,0.0,0.0,0.0,0.0,7.59,0.69,0.0
20171116:2010,0.0,0.0,0.0,0.0,6.7,0.83,0.0
20171116:2110,0.0,0.0,0.0,0.0,5.22,1.24,0.0
20171116:2210,0.0,0.0,0.0,0.0,4.78,1.38,0.0
20171116:2310,0.0,0.0,0.0,0.0,5.88,0.83,0.0
20171117:0010,0.0,0.0,0.0,0.0,6.25,0.14,0.0
20171117:0110,0.0,0.0,0.0,0.0,5.81,0.34,0.0
20171117:0210,0.0,0.0,0.0,0.0,5.56,0.48,0.0
20171117:0310,0.0,0.0,0.0,0.0,4.62,0.9,0.0
20171117:0410,0.0,0.0,0.0,0.0,3.92,1.03,0.0
20171117:0510,0.0,0.0,0.0,0.0,4.62,1.1,0.0
20171117:0610,0.0,0.0,0.0,0.0,5.15,1.1,0.0
20171117:0710,0.0,0.0,0.0,0.0,5.55,0.83,0.0
20171117:0810,1.0,47.0,0.0,8.44,6.12,0.69,0.0
20171117:0910,0.0,76.0,0.0,15.06,7.38,0.9,0.0
20171117:1010,4.0,129.0,0.0,19.79,8.93,1.52,0.0
20171117:1110,0.0,82.0,0.0,22.19,10.01,1.72,0.0
20171117:1210,0.0,102.0,0.0,21.99,11.14,2.0,0.0
20171117:1310,0.0,94.0,0.0,19.21,11.55,2.48,0.0
20171117:1410,0.0,49.0,0.0,14.16,11.74,2.76,0.0
20171117:1510,1.0,40.0,0.0,7.29,11.03,2.21,0.0
20171117:1610,0.0,0.0,0.0,0.0,10.17,2.28,0.0
20171117:1710,0.0,0.0,0.0,0.0,9.24,2.21,0.0
20171117:1810,0.0,0.0,0.0,0.0,9.05,2.14,0.0
20171117:1910,0.0,0.0,0.0,0.0,8.77,2.14,0.0
20171117:2010,0.0,0.0,0.0,0.0,8.36,1.86,0.0
20171117:2110,0.0,0.0,0.0,0.0,7.77,1.79,0.0
20171117:2210,0.0,0.0,0.0,0.0,7.37,1.59,0.0
20171117:2310,0.0,0.0,0.0,0.0,7.22,1.38,0.0
20171118:0010,0.0,0.0,0.0,0.0,6.18,1.79,0.0
20171118:0110,0.0,0.0,0.0,0.0,5.57,1.66,0.0
20171118:0210,0.0,0.0,0.0,0.0,5.47,1.52,0.0
20171118:0310,0.0,0.0,0.0,0.0,4.68,1.38,0.0
20171118:0410,0.0,0.0,0.0,0.0,4.41,1.1,0.0
20171118:0510,0.0,0.0,0.0,0.0,4.64,0.97,0.0
20171118:0610,0.0,0.0,0.0,0.0,4.09,1.31,0.0
20171118:0710,0.0,0.0,0.0,0.0,3.42,1.38,0.0
20171118:0810,5.0,54.0,0.0,8.21,3.93,1.38,0.0
20171118:0910,6.0,101.0,0.0,14.82,5.24,1.45,0.0
20171118:1010,65.0,158.0,0.0,19.54,6.98,1.93,0.0
20171118:1110,1.0,124.0,0.0,21.94,8.26,2.28,0.0
20171118:1210,13.0,161.0,0.0,21.75,8.96,2.83,0.0
20171118:1310,0.0,92.0,0.0,18.99,9.2,2.9,0.0
20171118:1410,0.0,71.0,0.0,13.96,9.44,2.83,0.0
20171118:1510,31.0,47.0,0.0,7.11,9.31,2.07,0.0
20171118:1610,0.0,0.0,0.0,0.0,8.3,2.34,0.0
20171118:1710,0.0,0.0,0.0,0.0,7.35,2.76,0.0
20171118:1810,0.0,0.0,0.0,0.0,7.19,3.17,0.0
20171118:1910,0.0,0.0,0.0,0.0,7.31,3.52,0.0
20171118:2010,0.0,0.0,0.0,0.0,7.2,3.79,0.0
20171118:2110,0.0,0.0,0.0,0.0,6.96,3.72,0.0
20171118:2210,0.0,0.0,0.0,0.0,6.74,3.86,0.0
20171118:2310,0.0,0.0,0.0,0.0,6.53,4.07,0.0
20171119:0010,0.0,0.0,0.0,0.0,6.87,4.28,0.0
20171119:0110,0.0,0.0,0.0,0.0,7.48,4.34,0.0
20171119:0210,0.0,0.0,0.0,0.0,8.07,4.41,0.0
20171119:0310,0.0,0.0,0.0,0.0,8.53,4.14,0.0
20171119:0410,0.0,0.0,0.0,0.0,8.71,3.66,0.0
20171119:0510,0.0,0.0,0.0,0.0,8.77,3.24,0.0
20171119:0610,0.0,0.0,0.0,0.0,8.52,2.76,0.0
20171119:0710,0.0,0.0,0.0,0.0,7.8,2.48,0.0
20171119:0810,10.0,56.0,0.0,7.97,7.41,2.34,0.0
20171119:0910,105.01,94.0,0.0,14.58,7.5,2.41,0.0
20171119:1010,142.01,128.0,0.0,19.3,7.88,2.69,0.0
20171119:1110,31.0,174.0,0.0,21.7,8.22,2.76,0.0
20171119:1210,11.0,155.0,0.0,21.52,8.29,2.83,0.0
20171119:1310,9.0,133.0,0.0,18.78,8.35,2.97,0.0
20171119:1410,16.0,103.0,0.0,13.77,8.37,2.97,0.0
20171119:1510,11.0,48.0,0.0,6.94,8.02,2.55,0.0
20171119:1610,0.0,0.0,0.0,0.0,7.4,1.59,0.0
20171119:1710,0.0,0.0,0.0,0.0,6.65,1.38,0.0
20171119:1810,0.0,0.0,0.0,0.0,5.64,1.03,0.0
20171119:1910,0.0,0.0,0.0,0.0,5.19,1.31,0.0
20171119:2010,0.0,0.0,0.0,0.0,5.11,1.1,0.0
20171119:2110,0.0,0.0,0.0,0.0,4.5,1.45,0.0
20171119:2210,0.0,0.0,0.0,0.0,3.82,1.72,0.0
20171119:2310,0.0,0.0,0.0,0.0,3.27,1.79,0.0
20171120:0010,0.0,0.0,0.0,0.0,3.1,1.86,0.0
20171120:0110,0.0,0.0,0.0,0.0,2.85,1.93,0.0
20171120:0210,0.0,0.0,0.0,0.0,2.69,2.0,0.0
20171120:0310,0.0,0.0,0.0,0.0,2.77,2.14,0.0
20171120:0410,0.0,0.0,0.0,0.0,3.15,2.34,0.0
20171120:0510,0.0,0.0,0.0,0.0,3.94,2.62,0.0
20171120:0610,0.0,0.0,0.0,0.0,4.76,2.83,0.0
20171120:0710,0.0,0.0,0.0,0.0,5.27,3.1,0.0
20171120:0810,0.0,19.0,0.0,7.75,6.25,3.38,0.0
20171120:0910,1.0,81.0,0.0,14.34,7.31,3.52,0.0
20171120:1010,3.0,117.0,0.0,19.06,8.25,3.93,0.0
20171120:1110,7.0,148.0,0.0,21.47,9.29,4.69,0.0
20171120:1210,0.0,105.0,0.0,21.3,10.27,5.93,0.0
20171120:1310,0.0,37.0,0.0,18.57,10.53,5.52,0.0
20171120:1410,2.0,80.0,0.0,13.58,10.8,5.17,0.0
20171120:1510,10.0,46.0,0.0,6.78,10.57,4.48,0.0
20171120:1610,0.0,0.0,0.0,0.0,10.15,4.28,0.0
20171120:1710,0.0,0.0,0.0,0.0,9.74,4.34,0.0
20171120:1810,0.0,0.0,0.0,0.0,9.53,4.34,0.0
20171120:1910,0.0,0.0,0.0,0.0,9.23,4.34,0.0
20171120:2010,0.0,0.0,0.0,0.0,9.18,4.41,0.0
20171120:2110,0.0,0.0,0.0,0.0,9.21,4.48,0.0
20171120:2210,0.0,0.0,0.0,0.0,9.18,4.48,0.0
20171120:2310,0.0,0.0,0.0,0.0,9.23,4.48,0.0
20171121:0010,0.0,0.0,0.0,0.0,9.14,4.21,0.0
20171121:0110,0.0,0.0,0.0,0.0,8.67,3.93,0.0
20171121:0210,0.0,0.0,0.0,0.0,8.52,3.86,0.0
20171121:0310,0.0,0.0,0.0,0.0,8.39,3.79,0.0
20171121:0410,0.0,0.0,0.0,0.0,8.31,3.66,0.0
20171121:0510,0.0,0.0,0.0,0.0,8.2,3.59,0.0
20171121:0610,0.0,0.0,0.0,0.0,8.13,3.59,0.0
20171121:0710,0.0,0.0,0.0,0.0,7.4,3.24,0.0
20171121:0810,15.0,53.0,0.0,7.52,7.26,3.17,0.0
20171121:0910,0.0,19.0,0.0,14.11,7.97,3.24,0.0
20171121:1010,0.0,54.0,0.0,18.83,9.12,4.28,0.0
20171121:1110,0.0,93.0,0.0,21.24,10.03,4.07,0.0
20171121:1210,38.0,170.0,0.0,21.08,10.85,4.21,0.0
20171121:1310,26.0,144.0,0.0,18.37,11.1,4.21,0.0
20171121:1410,2.0,78.0,0.0,13.41,11.2,4.21,0.0
20171121:1510,0.0,24.0,0.0,6.62,10.95,3.66,0.0
20171121:1610,0.0,0.0,0.0,0.0,9.89,3.38,0.0
20171121:1710,0.0,0.0,0.0,0.0,9.28,3.59,0.0
20171121:1810,0.0,0.0,0.0,0.0,9.14,3.72,0.0
20171121:1910,0.0,0.0,0.0,0.0,9.42,3.52,0.0
20171121:2010,0.0,0.0,0.0,0.0,9.52,3.45,0.0
20171121:2110,0.0,0.0,0.0,0.0,9.6,3.45,0.0
20171121:2210,0.0,0.0,0.0,0.0,9.57,3.66,0.0
20171121:2310,0.0,0.0,0.0,0.0,9.22,3.79,0.0
20171122:0010,0.0,0.0,0.0,0.0,9.11,4.0,0.0
20171122:0110,0.0,0.0,0.0,0.0,9.04,4.14,0.0
20171122:0210,0.0,0.0,0.0,0.0,8.97,4.14,0.0
20171122:0310,0.0,0.0,0.0,0.0,8.65,4.07,0.0
20171122:0410,0.0,0.0,0.0,0.0,8.06,3.86,0.0
20171122:0510,0.0,0.0,0.0,0.0,7.35,3.79,0.0
20171122:0610,0.0,0.0,0.0,0.0,6.72,3.86,0.0
20171122:0710,0.0,0.0,0.0,0.0,6.72,4.07,0.0
20171122:0810,7.0,50.0,0.0,7.3,6.54,3.86,0.0
20171122:0910,132.01,74.0,0.0,13.89,7.6,3.52,0.0
20171122:1010,203.01,90.0,0.0,18.6,9.31,4.0,0.0
20171122:1110,258.01,87.0,0.0,21.01,10.91,4.41,0.0
20171122:1210,283.01,72.0,0.0,20.87,12.24,4.69,0.0
20171122:1310,233.01,69.0,0.0,18.18,13.14,4.69,0.0
20171122:1410,138.01,63.0,0.0,13.24,13.47,4.62,0.0
20171122:1510,40.0,38.0,0.0,6.47,13.19,4.9,0.0
20171122:1610,0.0,0.0,0.0,0.0,12.36,4.97,0.0
20171122:1710,0.0,0.0,0.0,0.0,11.88,5.1,0.0
20171122:1810,0.0,0.0,0.0,0.0,11.59,5.24,0.0
20171122:1910,0.0,0.0,0.0,0.0,11.46,5.31,0.0
20171122:2010,0.0,0.0,0.0,0.0,11.29,5.52,0.0
20171122:2110,0.0,0.0,0.0,0.0,11.13,5.66,0.0
20171122:2210,0.0,0.0,0.0,0.0,11.07,5.72,0.0
20171122:2310,0.0,0.0,0.0,0.0,11.27,6.14,0.0
20171123:0010,0.0,0.0,0.0,0.0,11.59,6.62,0.0
20171123:0110,0.0,0.0,0.0,0.0,12.06,6.9,0.0
20171123:0210,0.0,0.0,0.0,0.0,12.48,7.24,0.0
20171123:0310,0.0,0.0,0.0,0.0,13.1,8.0,0.0
20171123:0410,0.0,0.0,0.0,0.0,13.53,8.62,0.0
20171123:0510,0.0,0.0,0.0,0.0,13.71,8.69,0.0
20171123:0610,0.0,0.0,0.0,0.0,13.83,8.41,0.0
20171123:0710,0.0,0.0,0.0,0.0,14.13,8.21,0.0
20171123:0810,11.0,49.0,0.0,7.09,13.91,7.59,0.0
20171123:0910,4.0,88.0,0.0,13.66,14.11,7.38,0.0
20171123:1010,69.0,143.0,0.0,18.38,14.6,7.03,0.0
20171123:1110,79.0,164.0,0.0,20.8,15.09,5.93,0.0
20171123:1210,78.0,163.0,0.0,20.66,15.59,7.17,0.0
20171123:1310,111.01,126.0,0.0,17.99,15.27,6.41,0.0
20171123:1410,0.0,44.0,0.0,13.07,15.24,6.28,0.0
20171123:1510,0.0,7.0,0.0,6.33,14.46,6.28,0.0
20171123:1610,0.0,0.0,0.0,0.0,13.42,5.24,0.0
20171123:1710,0.0,0.0,0.0,0.0,12.88,4.41,0.0
20171123:1810,0.0,0.0,0.0,0.0,12.35,4.0,0.0
20171123:1910,0.0,0.0,0.0,0.0,12.55,4.07,0.0
20171123:2010,0.0,0.0,0.0,0.0,12.27,3.79,0.0
20171123:2110,0.0,0.0,0.0,0.0,11.95,3.86,0.0
20171123:2210,0.0,0.0,0.0,0.0,12.13,3.86,0.0
20171123:2310,0.0,0.0,0.0,0.0,12.31,4.76,0.0
20171124:0010,0.0,0.0,0.0,0.0,12.29,5.86,0.0
20171124:0110,0.0,0.0,0.0,0.0,11.96,6.07,0.0
20171124:0210,0.0,0.0,0.0,0.0,11.94,6.07,0.0
20171124:0310,0.0,0.0,0.0,0.0,11.9,6.14,0.0
20171124:0410,0.0,0.0,0.0,0.0,11.95,6.14,0.0
20171124:0510,0.0,0.0,0.0,0.0,12.39,6.34,0.0
20171124:0610,0.0,0.0,0.0,0.0,12.59,6.62,0.0
20171124:0710,0.0,0.0,0.0,0.0,12.39,4.97,0.0
20171124:0810,3.0,41.0,0.0,6.87,12.1,3.79,0.0
20171124:0910,26.0,102.0,0.0,13.45,11.68,2.76,0.0
20171124:1010,2.0,110.0,0.0,18.16,11.36,2.14,0.0
20171124:1110,13.0,151.0,0.0,20.58,11.3,1.86,0.0
20171124:1210,0.0,92.0,0.0,20.47,11.28,1.86,0.0
20171124:1310,68.0,138.0,0.0,17.81,11.17,1.66,0.0
20171124:1410,31.0,98.0,0.0,12.91,11.16,1.31,0.0
20171124:1510,2.0,35.0,0.0,6.19,10.91,0.69,0.0
20171124:1610,0.0,0.0,0.0,0.0,10.47,1.17,0.0
20171124:1710,0.0,0.0,0.0,0.0,9.25,1.86,0.0
20171124:1810,0.0,0.0,0.0,0.0,8.51,2.07,0.0
20171124:1910,0.0,0.0,0.0,0.0,8.57,2.21,0.0
20171124:2010,0.0,0.0,0.0,0.0,8.67,2.41,0.0
20171124:2110,0.0,0.0,0.0,0.0,8.26,2.41,0.0
20171124:2210,0.0,0.0,0.0,0.0,8.14,2.28,0.0
20171124:2310,0.0,0.0,0.0,0.0,8.07,2.0,0.0
20171125:0010,0.0,0.0,0.0,0.0,7.9,1.79,0.0
20171125:0110,0.0,0.0,0.0,0.0,7.43,1.93,0.0
20171125:0210,0.0,0.0,0.0,0.0,6.87,2.28,0.0
20171125:0310,0.0,0.0,0.0,0.0,6.37,2.41,0.0
20171125:0410,0.0,0.0,0.0,0.0,5.85,2.69,0.0
20171125:0510,0.0,0.0,0.0,0.0,5.74,3.1,0.0
20171125:0610,0.0,0.0,0.0,0.0,5.83,3.52,0.0
20171125:0710,0.0,0.0,0.0,0.0,5.81,4.28,0.0
20171125:0810,24.0,46.0,0.0,6.66,5.81,4.83,0.0
20171125:0910,6.0,91.0,0.0,13.23,5.76,4.76,0.0
20171125:1010,0.0,48.0,0.0,17.95,6.12,4.76,0.0
20171125:1110,0.0,41.0,0.0,20.38,6.84,4.21,0.0
20171125:1210,134.01,144.0,0.0,20.27,7.17,4.55,0.0
20171125:1310,13.0,130.0,0.0,17.64,6.25,5.1,0.0
20171125:1410,11.0,92.0,0.0,12.76,6.11,4.28,0.0
20171125:1510,35.0,36.0,0.0,6.06,6.0,4.07,0.0
20171125:1610,0.0,0.0,0.0,0.0,5.44,3.17,0.0
20171125:1710,0.0,0.0,0.0,0.0,4.81,2.97,0.0
20171125:1810,0.0,0.0,0.0,0.0,4.22,3.1,0.0
20171125:1910,0.0,0.0,0.0,0.0,3.62,3.38,0.0
20171125:2010,0.0,0.0,0.0,0.0,3.19,3.24,0.0
20171125:2110,0.0,0.0,0.0,0.0,2.9,3.24,0.0
20171125:2210,0.0,0.0,0.0,0.0,2.59,3.31,0.0
20171125:2310,0.0,0.0,0.0,0.0,2.29,3.17,0.0
20171126:0010,0.0,0.0,0.0,0.0,2.08,3.31,0.0
20171126:0110,0.0,0.0,0.0,0.0,1.99,3.38,0.0
20171126:0210,0.0,0.0,0.0,0.0,1.93,3.38,0.0
20171126:0310,0.0,0.0,0.0,0.0,1.87,3.31,0.0
20171126:0410,0.0,0.0,0.0,0.0,1.97,3.31,0.0
20171126:0510,0.0,0.0,0.0,0.0,1.87,3.24,0.0
20171126:0610,0.0,0.0,0.0,0.0,1.72,3.24,0.0
20171126:0710,0.0,0.0,0.0,0.0,1.61,3.24,0.0
20171126:0810,7.0,43.0,0.0,6.46,2.09,3.38,0.0
20171126:0910,147.01,57.0,0.0,13.03,3.38,3.24,0.0
20171126:1010,207.01,78.0,0.0,17.74,4.91,3.79,0.0
20171126:1110,251.01,82.0,0.0,20.18,6.18,4.28,0.0
20171126:1210,274.01,69.0,0.0,20.09,7.0,4.55,0.0
20171126:1310,164.01,99.0,0.0,17.48,7.43,4.62,0.0
20171126:1410,2.0,74.0,0.0,12.62,7.46,4.48,0.0
20171126:1510,25.0,39.0,0.0,5.93,6.93,3.72,0.0
20171126:1610,0.0,0.0,0.0,0.0,5.98,3.66,0.0
20171126:1710,0.0,0.0,0.0,0.0,5.08,3.17,0.0
20171126:1810,0.0,0.0,0.0,0.0,4.45,2.97,0.0
20171126:1910,0.0,0.0,0.0,0.0,3.72,2.83,0.0
20171126:2010,0.0,0.0,0.0,0.0,3.37,2.9,0.0
20171126:2110,0.0,0.0,0.0,0.0,3.07,3.1,0.0
20171126:2210,0.0,0.0,0.0,0.0,3.23,3.17,0.0
20171126:2310,0.0,0.0,0.0,0.0,3.91,3.1,0.0
20171127:0010,0.0,0.0,0.0,0.0,4.46,3.17,0.0
20171127:0110,0.0,0.0,0.0,0.0,4.87,3.31,0.0
20171127:0210,0.0,0.0,0.0,0.0,5.04,3.52,0.0
20171127:0310,0.0,0.0,0.0,0.0,4.68,3.59,0.0
20171127:0410,0.0,0.0,0.0,0.0,4.17,3.72,0.0
20171127:0510,0.0,0.0,0.0,0.0,4.18,3.93,0.0
20171127:0610,0.0,0.0,0.0,0.0,4.35,4.14,0.0
20171127:0710,0.0,0.0,0.0,0.0,3.84,4.41,0.0
20171127:0810,3.0,36.0,0.0,6.26,4.13,4.76,0.0
20171127:0910,6.0,86.0,0.0,12.82,5.09,4.41,0.0
20171127:1010,32.0,138.0,0.0,17.54,6.08,5.1,0.0
20171127:1110,85.0,156.0,0.0,19.99,7.07,5.72,0.0
20171127:1210,12.0,145.0,0.0,19.91,7.86,5.59,0.0
20171127:1310,13.0,127.0,0.0,17.32,8.59,6.48,0.0
20171127:1410,0.0,62.0,0.0,12.48,8.91,7.1,0.0
20171127:1510,4.0,35.0,0.0,5.82,8.88,7.03,0.0
20171127:1610,0.0,0.0,0.0,0.0,8.73,6.97,0.0
20171127:1710,0.0,0.0,0.0,0.0,8.43,7.1,0.0
20171127:1810,0.0,0.0,0.0,0.0,8.29,7.24,0.0
20171127:1910,0.0,0.0,0.0,0.0,8.18,7.24,0.0
20171127:2010,0.0,0.0,0.0,0.0,8.06,7.1,0.0
20171127:2110,0.0,0.0,0.0,0.0,7.98,6.97,0.0
20171127:2210,0.0,0.0,0.0,0.0,7.95,6.76,0.0
20171127:2310,0.0,0.0,0.0,0.0,7.99,6.62,0.0
20171128:0010,0.0,0.0,0.0,0.0,7.99,6.28,0.0
20171128:0110,0.0,0.0,0.0,0.0,7.99,5.93,0.0
20171128:0210,0.0,0.0,0.0,0.0,7.96,5.03,0.0
20171128:0310,0.0,0.0,0.0,0.0,7.85,4.34,0.0
20171128:0410,0.0,0.0,0.0,0.0,7.74,4.41,0.0
20171128:0510,0.0,0.0,0.0,0.0,7.54,4.0,0.0
20171128:0610,0.0,0.0,0.0,0.0,7.19,3.1,0.0
20171128:0710,0.0,0.0,0.0,0.0,6.2,2.34,0.0
20171128:0810,30.0,38.0,0.0,6.07,5.94,2.14,0.0
20171128:0910,124.01,62.0,0.0,12.63,6.28,1.93,0.0
20171128:1010,200.01,75.0,0.0,17.34,7.28,2.34,0.0
20171128:1110,243.01,79.0,0.0,19.8,8.29,2.97,0.0
20171128:1210,238.01,81.0,0.0,19.74,8.92,3.31,0.0
20171128:1310,56.0,137.0,0.0,17.16,9.18,3.79,0.0
20171128:1410,18.0,92.0,0.0,12.35,8.89,3.45,0.0
20171128:1510,0.0,6.0,0.0,5.71,8.29,3.17,0.0
20171128:1610,0.0,0.0,0.0,0.0,6.87,3.24,0.0
20171128:1710,0.0,0.0,0.0,0.0,6.18,3.24,0.0
20171128:1810,0.0,0.0,0.0,0.0,5.41,3.24,0.0
20171128:1910,0.0,0.0,0.0,0.0,4.62,2.9,0.0
20171128:2010,0.0,0.0,0.0,0.0,4.01,2.76,0.0
20171128:2110,0.0,0.0,0.0,0.0,3.38,2.55,0.0
20171128:2210,0.0,0.0,0.0,0.0,2.62,2.28,0.0
20171128:2310,0.0,0.0,0.0,0.0,1.82,2.21,0.0
20171129:0010,0.0,0.0,0.0,0.0,1.15,2.14,0.0
20171129:0110,0.0,0.0,0.0,0.0,0.54,2.21,0.0
20171129:0210,0.0,0.0,0.0,0.0,0.07,2.14,0.0
20171129:0310,0.0,0.0,0.0,0.0,-0.3,2.21,0.0
20171129:0410,0.0,0.0,0.0,0.0,-0.56,2.21,0.0
20171129:0510,0.0,0.0,0.0,0.0,-0.68,2.21,0.0
20171129:0610,0.0,0.0,0.0,0.0,-0.72,2.28,0.0
20171129:0710,0.0,0.0,0.0,0.0,-0.78,2.41,0.0
20171129:0810,42.0,32.0,0.0,5.87,0.03,2.34,0.0
20171129:0910,104.01,73.0,0.0,12.44,1.58,2.28,0.0
20171129:1010,123.01,116.0,0.0,17.15,3.41,3.03,0.0
20171129:1110,233.01,86.0,0.0,19.62,4.5,3.72,0.0
20171129:1210,69.0,159.0,0.0,19.57,5.1,4.07,0.0
20171129:1310,5.0,115.0,0.0,17.02,5.38,4.14,0.0
20171129:1410,132.01,55.0,0.0,12.22,5.37,3.72,0.0
20171129:1510,35.0,23.09,0.0,5.6,4.87,2.97,0.0
20171129:1610,0.0,0.0,0.0,0.0,3.95,2.83,0.0
20171129:1710,0.0,0.0,0.0,0.0,2.92,2.76,0.0
20171129:1810,0.0,0.0,0.0,0.0,2.17,2.83,0.0
20171129:1910,0.0,0.0,0.0,0.0,3.0,2.83,0.0
20171129:2010,0.0,0.0,0.0,0.0,3.0,2.83,0.0
20171129:2110,0.0,0.0,0.0,0.0,3.04,2.76,0.0
20171129:2210,0.0,0.0,0.0,0.0,3.08,2.97,0.0
20171129:2310,0.0,0.0,0.0,0.0,3.24,3.17,0.0
20171130:0010,0.0,0.0,0.0,0.0,3.33,3.24,0.0
20171130:0110,0.0,0.0,0.0,0.0,3.2,3.31,0.0
20171130:0210,0.0,0.0,0.0,0.0,3.19,3.38,0.0
20171130:0310,0.0,0.0,0.0,0.0,3.39,3.38,0.0
20171130:0410,0.0,0.0,0.0,0.0,3.5,3.38,0.0
20171130:0510,0.0,0.0,0.0,0.0,3.6,3.45,0.0
20171130:0610,0.0,0.0,0.0,0.0,3.56,3.59,0.0
20171130:0710,0.0,0.0,0.0,0.0,3.1,3.24,0.0
20171130:0810,27.0,29.02,0.0,5.69,2.86,3.03,0.0
20171130:0910,40.0,95.0,0.0,12.25,3.14,3.17,0.0
20171130:1010,7.0,117.0,0.0,16.97,3.66,3.93,0.0
20171130:1110,3.0,124.0,0.0,19.45,3.99,4.07,0.0
20171130:1210,14.0,146.0,0.0,19.41,4.31,4.21,0.0
20171130:1310,201.01,71.0,0.0,16.88,4.32,4.41,0.0
20171130:1410,39.0,93.0,0.0,12.1,3.82,4.28,0.0
20171130:1510,0.0,8.0,0.0,5.5,3.02,3.86,0.0
20171130:1610,0.0,0.0,0.0,0.0,2.32,3.38,0.0
20171130:1710,0.0,0.0,0.0,0.0,1.48,3.03,0.0
20171130:1810,0.0,0.0,0.0,0.0,1.07,2.97,0.0
20171130:1910,0.0,0.0,0.0,0.0,0.64,3.17,0.0
20171130:2010,0.0,0.0,0.0,0.0,0.26,2.97,0.0
20171130:2110,0.0,0.0,0.0,0.0,0.18,2.83,0.0
20171130:2210,0.0,0.0,0.0,0.0,0.09,2.9,0.0
20171130:2310,0.0,0.0,0.0,0.0,-0.06,2.97,0.0
20171201:0010,0.0,0.0,0.0,0.0,0.0,2.97,0.0
20171201:0110,0.0,0.0,0.0,0.0,-0.13,3.03,0.0
20171201:0210,0.0,0.0,0.0,0.0,-0.14,3.17,0.0
20171201:0310,0.0,0.0,0.0,0.0,-0.23,3.1,0.0
20171201:0410,0.0,0.0,0.0,0.0,-0.22,3.03,0.0
20171201:0510,0.0,0.0,0.0,0.0,0.03,2.97,0.0
20171201:0610,0.0,0.0,0.0,0.0,0.54,2.76,0.0
20171201:0710,0.0,0.0,0.0,0.0,1.7,3.03,0.0
20171201:0810,2.0,31.53,0.0,5.51,2.04,2.69,0.0
20171201:0910,2.0,71.0,0.0,12.07,2.5,2.9,0.0
20171201:1010,4.0,110.0,0.0,16.79,3.04,3.72,0.0
20171201:1110,0.0,79.0,0.0,19.28,3.52,3.93,0.0
20171201:1210,0.0,63.0,0.0,19.26,4.01,4.14,0.0
20171201:1310,147.01,100.0,0.0,16.75,4.19,4.69,0.0
20171201:1410,4.0,79.0,0.0,11.99,3.97,4.48,0.0
20171201:1510,5.0,32.72,0.0,5.41,3.57,4.0,0.0
20171201:1610,0.0,0.0,0.0,0.0,2.86,3.72,0.0
20171201:1710,0.0,0.0,0.0,0.0,2.41,3.66,0.0
20171201:1810,0.0,0.0,0.0,0.0,2.28,3.72,0.0
20171201:1910,0.0,0.0,0.0,0.0,1.74,3.79,0.0
20171201:2010,0.0,0.0,0.0,0.0,1.23,3.52,0.0
20171201:2110,0.0,0.0,0.0,0.0,0.7,3.24,0.0
20171201:2210,0.0,0.0,0.0,0.0,0.25,3.03,0.0
20171201:2310,0.0,0.0,0.0,0.0,0.07,2.83,0.0
20171202:0010,0.0,0.0,0.0,0.0,0.01,2.62,0.0
20171202:0110,0.0,0.0,0.0,0.0,-0.04,2.62,0.0
20171202:0210,0.0,0.0,0.0,0.0,0.25,2.69,0.0
20171202:0310,0.0,0.0,0.0,0.0,0.29,2.69,0.0
20171202:0410,0.0,0.0,0.0,0.0,0.36,2.76,0.0
20171202:0510,0.0,0.0,0.0,0.0,0.21,2.69,0.0
20171202:0610,0.0,0.0,0.0,0.0,0.05,2.69,0.0
20171202:0710,0.0,0.0,0.0,0.0,-1.88,2.48,0.0
20171202:0810,2.0,29.54,0.0,5.33,-2.03,2.34,0.0
20171202:0910,0.0,58.0,0.0,11.89,-1.01,2.48,0.0
20171202:1010,1.0,91.0,0.0,16.62,0.39,2.62,0.0
20171202:1110,0.0,94.0,0.0,19.12,1.35,2.34,0.0
20171202:1210,21.0,152.0,0.0,19.12,2.33,2.41,0.0
20171202:1310,51.0,135.0,0.0,16.62,2.89,2.83,0.0
20171202:1410,5.0,81.0,0.0,11.89,2.86,2.83,0.0
20171202:1510,3.0,31.26,0.0,5.33,2.38,2.41,0.0
20171202:1610,0.0,0.0,0.0,0.0,1.07,2.21,0.0
20171202:1710,0.0,0.0,0.0,0.0,-0.01,2.14,0.0
20171202:1810,0.0,0.0,0.0,0.0,-0.86,2.07,0.0
20171202:1910,0.0,0.0,0.0,0.0,-0.74,1.93,0.0
20171202:2010,0.0,0.0,0.0,0.0,-1.01,1.79,0.0
20171202:2110,0.0,0.0,0.0,0.0,-1.26,1.45,0.0
20171202:2210,0.0,0.0,0.0,0.0,-1.54,0.97,0.0
20171202:2310,0.0,0.0,0.0,0.0,-1.71,0.48,0.0
20171203:0010,0.0,0.0,0.0,0.0,-1.97,0.41,0.0
20171203:0110,0.0,0.0,0.0,0.0,-2.18,0.83,0.0
20171203:0210,0.0,0.0,0.0,0.0,-2.16,1.38,0.0
20171203:0310,0.0,0.0,0.0,0.0,-2.07,1.86,0.0
20171203:0410,0.0,0.0,0.0,0.0,-2.0,2.14,0.0
20171203:0510,0.0,0.0,0.0,0.0,-1.76,2.14,0.0
20171203:0610,0.0,0.0,0.0,0.0,-1.36,2.14,0.0
20171203:0710,0.0,0.0,0.0,0.0,-0.85,2.34,0.0
20171203:0810,26.0,23.83,0.0,5.16,-0.59,2.55,0.0
20171203:0910,0.0,59.0,0.0,11.72,0.0,2.83,0.0
20171203:1010,0.0,63.0,0.0,16.46,0.8,3.03,0.0
20171203:1110,0.0,38.0,0.0,18.96,1.31,2.97,0.0
20171203:1210,0.0,86.0,0.0,18.98,1.82,2.97,0.0
20171203:1310,0.0,76.0,0.0,16.51,2.28,2.9,0.0
20171203:1410,0.0,36.0,0.0,11.79,2.67,2.69,0.0
20171203:1510,3.0,30.28,0.0,5.25,3.06,2.55,0.0
20171203:1610,0.0,0.0,0.0,0.0,2.95,2.48,0.0
20171203:1710,0.0,0.0,0.0,0.0,3.19,2.34,0.0
20171203:1810,0.0,0.0,0.0,0.0,3.57,2.28,0.0
20171203:1910,0.0,0.0,0.0,0.0,3.27,2.0,0.0
20171203:2010,0.0,0.0,0.0,0.0,3.63,1.86,0.0
20171203:2110,0.0,0.0,0.0,0.0,3.95,1.79,0.0
20171203:2210,0.0,0.0,0.0,0.0,4.16,1.66,0.0
20171203:2310,0.0,0.0,0.0,0.0,4.37,1.52,0.0
20171204:0010,0.0,0.0,0.0,0.0,4.52,1.45,0.0
20171204:0110,0.0,0.0,0.0,0.0,4.62,1.45,0.0
20171204:0210,0.0,0.0,0.0,0.0,4.76,1.45,0.0
20171204:0310,0.0,0.0,0.0,0.0,4.94,1.31,0.0
20171204:0410,0.0,0.0,0.0,0.0,5.06,1.24,0.0
20171204:0510,0.0,0.0,0.0,0.0,5.1,1.31,0.0
20171204:0610,0.0,0.0,0.0,0.0,4.87,1.59,0.0
20171204:0710,0.0,0.0,0.0,0.0,4.17,1.45,0.0
20171204:0810,7.0,31.11,0.0,4.99,4.07,1.59,0.0
20171204:0910,0.0,34.0,0.0,11.56,4.81,1.52,0.0
20171204:1010,0.0,80.0,0.0,16.3,5.95,1.93,0.0
20171204:1110,4.0,120.0,0.0,18.82,7.11,2.21,0.0
20171204:1210,41.0,152.0,0.0,18.85,7.88,2.48,0.0
20171204:1310,0.0,84.0,0.0,16.39,8.6,2.48,0.0
20171204:1410,0.0,36.0,0.0,11.7,8.73,2.48,0.0
20171204:1510,1.0,25.8,0.0,5.18,8.18,2.21,0.0
20171204:1610,0.0,0.0,0.0,0.0,7.31,2.07,0.0
20171204:1710,0.0,0.0,0.0,0.0,6.43,2.14,0.0
20171204:1810,0.0,0.0,0.0,0.0,5.87,2.07,0.0
20171204:1910,0.0,0.0,0.0,0.0,5.34,1.93,0.0
20171204:2010,0.0,0.0,0.0,0.0,4.7,2.0,0.0
20171204:2110,0.0,0.0,0.0,0.0,4.02,2.07,0.0
20171204:2210,0.0,0.0,0.0,0.0,3.34,2.07,0.0
20171204:2310,0.0,0.0,0.0,0.0,2.77,2.0,0.0
20171205:0010,0.0,0.0,0.0,0.0,2.43,1.86,0.0
20171205:0110,0.0,0.0,0.0,0.0,2.19,1.66,0.0
20171205:0210,0.0,0.0,0.0,0.0,1.59,1.66,0.0
20171205:0310,0.0,0.0,0.0,0.0,1.45,1.45,0.0
20171205:0410,0.0,0.0,0.0,0.0,0.94,1.72,0.0
20171205:0510,0.0,0.0,0.0,0.0,0.98,1.52,0.0
20171205:0610,0.0,0.0,0.0,0.0,1.17,1.45,0.0
20171205:0710,0.0,0.0,0.0,0.0,1.94,1.03,0.0
20171205:0810,5.0,28.73,0.0,4.83,2.26,1.03,0.0
20171205:0910,0.0,43.0,0.0,11.4,3.77,1.03,0.0
20171205:1010,0.0,59.0,0.0,16.15,5.11,1.24,0.0
20171205:1110,0.0,90.0,0.0,18.68,6.42,1.38,0.0
20171205:1210,4.0,119.0,0.0,18.73,7.44,1.52,0.0
20171205:1310,3.0,103.0,0.0,16.29,8.28,1.72,0.0
20171205:1410,0.0,39.0,0.0,11.62,8.57,1.45,0.0
20171205:1510,1.0,24.8,0.0,5.12,8.29,1.31,0.0
20171205:1610,0.0,0.0,0.0,0.0,7.19,2.0,0.0
20171205:1710,0.0,0.0,0.0,0.0,5.91,2.07,0.0
20171205:1810,0.0,0.0,0.0,0.0,5.3,2.07,0.0
20171205:1910,0.0,0.0,0.0,0.0,5.03,1.86,0.0
20171205:2010,0.0,0.0,0.0,0.0,4.67,1.79,0.0
20171205:2110,0.0,0.0,0.0,0.0,4.47,1.79,0.0
20171205:2210,0.0,0.0,0.0,0.0,3.92,1.93,0.0
20171205:2310,0.0,0.0,0.0,0.0,3.48,1.86,0.0
20171206:0010,0.0,0.0,0.0,0.0,3.67,1.66,0.0
20171206:0110,0.0,0.0,0.0,0.0,3.82,1.52,0.0
20171206:0210,0.0,0.0,0.0,0.0,3.82,1.59,0.0
20171206:0310,0.0,0.0,0.0,0.0,3.9,1.52,0.0
20171206:0410,0.0,0.0,0.0,0.0,4.11,1.45,0.0
20171206:0510,0.0,0.0,0.0,0.0,4.33,1.52,0.0
20171206:0610,0.0,0.0,0.0,0.0,4.4,1.72,0.0
20171206:0710,0.0,0.0,0.0,0.0,3.97,1.79,0.0
20171206:0810,0.0,18.0,0.0,4.68,4.41,1.86,0.0
20171206:0910,0.0,34.0,0.0,11.25,5.2,2.0,0.0
20171206:1010,0.0,60.0,0.0,16.0,6.27,2.76,0.0
20171206:1110,0.0,75.0,0.0,18.54,6.7,3.03,0.0
20171206:1210,0.0,83.0,0.0,18.61,6.94,2.9,0.0
20171206:1310,0.0,79.0,0.0,16.2,7.16,2.69,0.0
20171206:1410,0.0,49.0,0.0,11.55,7.15,2.28,0.0
20171206:1510,1.0,26.78,0.0,5.06,6.89,1.72,0.0
20171206:1610,0.0,0.0,0.0,0.0,5.89,1.93,0.0
20171206:1710,0.0,0.0,0.0,0.0,4.44,2.28,0.0
20171206:1810,0.0,0.0,0.0,0.0,3.54,2.41,0.0
20171206:1910,0.0,0.0,0.0,0.0,2.5,2.48,0.0
20171206:2010,0.0,0.0,0.0,0.0,2.07,2.62,0.0
20171206:2110,0.0,0.0,0.0,0.0,1.43,2.76,0.0
20171206:2210,0.0,0.0,0.0,0.0,1.09,2.97,0.0
20171206:2310,0.0,0.0,0.0,0.0,0.93,3.1,0.0
20171207:0010,0.0,0.0,0.0,0.0,0.69,3.24,0.0
20171207:0110,0.0,0.0,0.0,0.0,0.55,3.38,0.0
20171207:0210,0.0,0.0,0.0,0.0,0.6,3.52,0.0
20171207:0310,0.0,0.0,0.0,0.0,0.71,3.72,0.0
20171207:0410,0.0,0.0,0.0,0.0,0.77,4.07,0.0
20171207:0510,0.0,0.0,0.0,0.0,0.86,4.34,0.0
20171207:0610,0.0,0.0,0.0,0.0,1.06,4.55,0.0
20171207:0710,0.0,0.0,0.0,0.0,1.65,4.9,0.0
20171207:0810,0.0,5.0,0.0,4.53,2.06,5.31,0.0
20171207:0910,18.0,83.0,0.0,11.1,2.82,4.9,0.0
20171207:1010,9.0,113.0,0.0,15.87,3.59,5.31,0.0
20171207:1110,4.0,118.0,0.0,18.42,4.52,5.66,0.0
20171207:1210,0.0,43.0,0.0,18.5,5.76,6.28,0.0
20171207:1310,0.0,35.0,0.0,16.11,6.69,6.34,0.0
20171207:1410,0.0,45.0,0.0,11.48,7.38,7.93,0.0
20171207:1510,1.0,22.81,0.0,5.01,8.13,8.21,0.0
20171207:1610,0.0,0.0,0.0,0.0,8.47,8.0,0.0
20171207:1710,0.0,0.0,0.0,0.0,8.46,8.0,0.0
20171207:1810,0.0,0.0,0.0,0.0,8.18,7.72,0.0
20171207:1910,0.0,0.0,0.0,0.0,8.94,6.69,0.0
20171207:2010,0.0,0.0,0.0,0.0,9.36,5.17,0.0
20171207:2110,0.0,0.0,0.0,0.0,9.16,4.97,0.0
20171207:2210,0.0,0.0,0.0,0.0,7.86,4.34,0.0
20171207:2310,0.0,0.0,0.0,0.0,6.46,3.72,0.0
20171208:0010,0.0,0.0,0.0,0.0,6.09,3.93,0.0
20171208:0110,0.0,0.0,0.0,0.0,5.95,4.0,0.0
20171208:0210,0.0,0.0,0.0,0.0,5.96,3.86,0.0
20171208:0310,0.0,0.0,0.0,0.0,5.54,3.66,0.0
20171208:0410,0.0,0.0,0.0,0.0,4.9,3.66,0.0
20171208:0510,0.0,0.0,0.0,0.0,4.03,3.79,0.0
20171208:0610,0.0,0.0,0.0,0.0,3.83,4.07,0.0
20171208:0710,0.0,0.0,0.0,0.0,3.38,4.34,0.0
20171208:0810,20.0,21.17,0.0,4.38,3.23,4.62,0.0
20171208:0910,74.01,71.0,0.0,10.96,3.9,5.03,0.0
20171208:1010,190.01,65.0,0.0,15.73,4.68,4.55,0.0
20171208:1110,23.0,145.0,0.0,18.3,5.04,5.66,0.0
20171208:1210,49.0,150.0,0.0,18.4,4.73,6.07,0.0
20171208:1310,124.01,104.0,0.0,16.03,4.3,6.28,0.0
20171208:1410,9.0,81.0,0.0,11.42,4.28,5.72,0.0
20171208:1510,34.0,18.75,0.0,4.97,3.01,5.52,0.0
20171208:1610,0.0,0.0,0.0,0.0,2.58,4.62,0.0
20171208:1710,0.0,0.0,0.0,0.0,1.91,4.48,0.0
20171208:1810,0.0,0.0,0.0,0.0,1.0,4.07,0.0
20171208:1910,0.0,0.0,0.0,0.0,1.23,4.07,0.0
20171208:2010,0.0,0.0,0.0,0.0,1.12,4.14,0.0
20171208:2110,0.0,0.0,0.0,0.0,0.78,3.86,0.0
20171208:2210,0.0,0.0,0.0,0.0,0.61,3.79,0.0
20171208:2310,0.0,0.0,0.0,0.0,0.46,3.79,0.0
20171209:0010,0.0,0.0,0.0,0.0,0.33,3.72,0.0
20171209:0110,0.0,0.0,0.0,0.0,0.05,3.66,0.0
20171209:0210,0.0,0.0,0.0,0.0,-0.14,3.66,0.0
20171209:0310,0.0,0.0,0.0,0.0,-0.3,3.45,0.0
20171209:0410,0.0,0.0,0.0,0.0,-0.53,3.31,0.0
20171209:0510,0.0,0.0,0.0,0.0,-0.65,3.31,0.0
20171209:0610,0.0,0.0,0.0,0.0,-1.09,3.1,0.0
20171209:0710,0.0,0.0,0.0,0.0,-1.55,3.1,0.0
20171209:0810,13.0,23.63,0.0,4.24,-1.65,2.97,0.0
20171209:0910,52.0,79.0,0.0,10.83,-0.6,2.69,0.0
20171209:1010,185.01,66.0,0.0,15.61,1.04,2.97,0.0
20171209:1110,233.01,70.0,0.0,18.19,2.61,3.1,0.0
20171209:1210,245.01,65.0,0.0,18.31,3.73,3.72,0.0
20171209:1310,176.01,75.0,0.0,15.95,4.29,3.86,0.0
20171209:1410,70.01,77.0,0.0,11.36,4.31,3.72,0.0
20171209:1510,1.0,23.8,0.0,4.93,3.77,2.76,0.0
20171209:1610,0.0,0.0,0.0,0.0,2.65,2.69,0.0
20171209:1710,0.0,0.0,0.0,0.0,1.96,2.97,0.0
20171209:1810,0.0,0.0,0.0,0.0,1.57,3.31,0.0
20171209:1910,0.0,0.0,0.0,0.0,1.87,3.38,0.0
20171209:2010,0.0,0.0,0.0,0.0,1.98,3.31,0.0
20171209:2110,0.0,0.0,0.0,0.0,2.07,3.45,0.0
20171209:2210,0.0,0.0,0.0,0.0,2.32,3.72,0.0
20171209:2310,0.0,0.0,0.0,0.0,2.46,3.93,0.0
20171210:0010,0.0,0.0,0.0,0.0,2.54,4.07,0.0
20171210:0110,0.0,0.0,0.0,0.0,2.57,4.28,0.0
20171210:0210,0.0,0.0,0.0,0.0,2.58,4.76,0.0
20171210:0310,0.0,0.0,0.0,0.0,2.61,5.31,0.0
20171210:0410,0.0,0.0,0.0,0.0,2.42,5.93,0.0
20171210:0510,0.0,0.0,0.0,0.0,1.68,6.21,0.0
20171210:0610,0.0,0.0,0.0,0.0,2.24,6.83,0.0
20171210:0710,0.0,0.0,0.0,0.0,2.68,6.83,0.0
20171210:0810,0.0,9.0,0.0,4.11,4.42,6.76,0.0
20171210:0910,0.0,41.0,0.0,10.7,7.87,7.38,0.0
20171210:1010,99.01,106.0,0.0,15.49,10.6,9.1,0.0
20171210:1110,162.01,104.0,0.0,18.08,9.96,8.69,0.0
20171210:1210,150.01,112.0,0.0,18.22,10.1,8.76,0.0
20171210:1310,91.01,113.0,0.0,15.89,10.17,8.9,0.0
20171210:1410,34.0,85.0,0.0,11.32,10.08,8.14,0.0
20171210:1510,4.0,28.04,0.0,4.9,9.75,7.72,0.0
20171210:1610,0.0,0.0,0.0,0.0,8.92,7.52,0.0
20171210:1710,0.0,0.0,0.0,0.0,8.62,7.31,0.0
20171210:1810,0.0,0.0,0.0,0.0,8.17,6.76,0.0
20171210:1910,0.0,0.0,0.0,0.0,8.54,6.21,0.0
20171210:2010,0.0,0.0,0.0,0.0,8.07,4.97,0.0
20171210:2110,0.0,0.0,0.0,0.0,7.54,4.28,0.0
20171210:2210,0.0,0.0,0.0,0.0,7.21,3.59,0.0
20171210:2310,0.0,0.0,0.0,0.0,6.88,3.03,0.0
20171211:0010,0.0,0.0,0.0,0.0,7.19,3.17,0.0
20171211:0110,0.0,0.0,0.0,0.0,7.44,3.17,0.0
20171211:0210,0.0,0.0,0.0,0.0,7.75,3.86,0.0
20171211:0310,0.0,0.0,0.0,0.0,7.92,4.34,0.0
20171211:0410,0.0,0.0,0.0,0.0,7.85,4.28,0.0
20171211:0510,0.0,0.0,0.0,0.0,7.74,4.62,0.0
20171211:0610,0.0,0.0,0.0,0.0,8.03,4.97,0.0
20171211:0710,0.0,0.0,0.0,0.0,9.75,8.14,0.0
20171211:0810,25.0,14.89,0.0,3.98,9.09,9.72,0.0
20171211:0910,67.01,68.0,0.0,10.58,8.79,10.28,0.0
20171211:1010,0.0,43.0,0.0,15.38,8.92,11.03,0.0
20171211:1110,0.0,76.0,0.0,17.99,8.68,11.31,0.0
20171211:1210,0.0,55.0,0.0,18.14,8.06,11.31,0.0
20171211:1310,0.0,61.0,0.0,15.83,7.33,9.93,0.0
20171211:1410,4.0,71.0,0.0,11.28,6.68,9.17,0.0
20171211:1510,4.0,27.07,0.0,4.88,6.05,8.69,0.0
20171211:1610,0.0,0.0,0.0,0.0,5.75,7.79,0.0
20171211:1710,0.0,0.0,0.0,0.0,4.65,7.38,0.0
20171211:1810,0.0,0.0,0.0,0.0,3.49,7.45,0.0
20171211:1910,0.0,0.0,0.0,0.0,2.92,6.76,0.0
20171211:2010,0.0,0.0,0.0,0.0,3.35,5.24,0.0
20171211:2110,0.0,0.0,0.0,0.0,3.45,4.97,0.0
20171211:2210,0.0,0.0,0.0,0.0,3.71,4.69,0.0
20171211:2310,0.0,0.0,0.0,0.0,3.35,4.34,0.0
20171212:0010,0.0,0.0,0.0,0.0,3.03,4.07,0.0
20171212:0110,0.0,0.0,0.0,0.0,2.46,3.79,0.0
20171212:0210,0.0,0.0,0.0,0.0,2.03,3.59,0.0
20171212:0310,0.0,0.0,0.0,0.0,1.58,3.45,0.0
20171212:0410,0.0,0.0,0.0,0.0,1.35,3.24,0.0
20171212:0510,0.0,0.0,0.0,0.0,0.96,3.03,0.0
20171212:0610,0.0,0.0,0.0,0.0,0.44,2.83,0.0
20171212:0710,0.0,0.0,0.0,0.0,-0.14,2.69,0.0
20171212:0810,0.0,18.0,0.0,3.86,-0.52,2.69,0.0
20171212:0910,20.0,79.0,0.0,10.46,0.36,2.62,0.0
20171212:1010,156.01,78.0,0.0,15.27,1.93,2.97,0.0
20171212:1110,6.0,122.0,0.0,17.9,2.97,3.31,0.0
20171212:1210,206.01,83.0,0.0,18.07,3.63,3.24,0.0
20171212:1310,193.01,63.0,0.0,15.78,4.41,3.59,0.0
20171212:1410,99.01,62.0,0.0,11.24,4.85,3.31,0.0
20171212:1510,16.0,26.85,0.0,4.87,4.56,2.62,0.0
20171212:1610,0.0,0.0,0.0,0.0,3.51,2.62,0.0
20171212:1710,0.0,0.0,0.0,0.0,2.85,2.62,0.0
20171212:1810,0.0,0.0,0.0,0.0,2.76,2.69,0.0
20171212:1910,0.0,0.0,0.0,0.0,1.85,2.9,0.0
20171212:2010,0.0,0.0,0.0,0.0,1.85,3.1,0.0
20171212:2110,0.0,0.0,0.0,0.0,2.12,3.24,0.0
20171212:2210,0.0,0.0,0.0,0.0,1.98,3.45,0.0
20171212:2310,0.0,0.0,0.0,0.0,1.9,3.72,0.0
20171213:0010,0.0,0.0,0.0,0.0,2.01,4.14,0.0
20171213:0110,0.0,0.0,0.0,0.0,2.06,4.41,0.0
20171213:0210,0.0,0.0,0.0,0.0,2.04,4.69,0.0
20171213:0310,0.0,0.0,0.0,0.0,2.35,4.97,0.0
20171213:0410,0.0,0.0,0.0,0.0,2.89,5.45,0.0
20171213:0510,0.0,0.0,0.0,0.0,3.55,6.14,0.0
20171213:0610,0.0,0.0,0.0,0.0,3.89,6.62,0.0
20171213:0710,0.0,0.0,0.0,0.0,5.13,6.76,0.0
20171213:0810,0.0,5.0,0.0,3.74,5.56,6.97,0.0
20171213:0910,0.0,28.0,0.0,10.35,6.0,6.9,0.0
20171213:1010,5.0,102.0,0.0,15.18,6.52,6.41,0.0
20171213:1110,0.0,76.0,0.0,17.81,7.29,5.66,0.0
20171213:1210,0.0,71.0,0.0,18.0,8.0,5.93,0.0
20171213:1310,1.0,83.0,0.0,15.73,8.46,5.66,0.0
20171213:1410,10.0,80.0,0.0,11.22,8.78,6.55,0.0
20171213:1510,0.0,22.0,0.0,4.86,8.6,6.62,0.0
20171213:1610,0.0,0.0,0.0,0.0,8.72,6.83,0.0
20171213:1710,0.0,0.0,0.0,0.0,8.79,7.45,0.0
20171213:1810,0.0,0.0,0.0,0.0,8.63,7.66,0.0
20171213:1910,0.0,0.0,0.0,0.0,8.93,6.62,0.0
20171213:2010,0.0,0.0,0.0,0.0,9.34,6.83,0.0
20171213:2110,0.0,0.0,0.0,0.0,8.76,6.0,0.0
20171213:2210,0.0,0.0,0.0,0.0,7.85,6.34,0.0
20171213:2310,0.0,0.0,0.0,0.0,7.25,7.1,0.0
20171214:0010,0.0,0.0,0.0,0.0,7.02,9.1,0.0
20171214:0110,0.0,0.0,0.0,0.0,6.13,8.34,0.0
20171214:0210,0.0,0.0,0.0,0.0,5.61,7.17,0.0
20171214:0310,0.0,0.0,0.0,0.0,5.11,6.69,0.0
20171214:0410,0.0,0.0,0.0,0.0,4.68,6.55,0.0
20171214:0510,0.0,0.0,0.0,0.0,4.46,6.83,0.0
20171214:0610,0.0,0.0,0.0,0.0,4.5,7.17,0.0
20171214:0710,0.0,0.0,0.0,0.0,4.81,6.41,0.0
20171214:0810,18.0,15.97,0.0,3.63,4.82,6.34,0.0
20171214:0910,39.0,76.0,0.0,10.25,5.23,6.62,0.0
20171214:1010,0.0,80.0,0.0,15.08,5.85,6.41,0.0
20171214:1110,30.0,142.0,0.0,17.74,6.54,6.28,0.0
20171214:1210,46.0,146.0,0.0,17.95,7.49,8.69,0.0
20171214:1310,0.0,22.0,0.0,15.69,7.18,6.76,0.0
20171214:1410,6.0,76.0,0.0,11.2,6.92,6.76,0.0
20171214:1510,9.0,28.66,0.0,4.86,6.26,6.69,0.0
20171214:1610,0.0,0.0,0.0,0.0,6.11,6.9,0.0
20171214:1710,0.0,0.0,0.0,0.0,5.6,6.97,0.0
20171214:1810,0.0,0.0,0.0,0.0,5.15,6.69,0.0
20171214:1910,0.0,0.0,0.0,0.0,5.3,5.31,0.0
20171214:2010,0.0,0.0,0.0,0.0,4.84,5.45,0.0
20171214:2110,0.0,0.0,0.0,0.0,4.48,5.24,0.0
20171214:2210,0.0,0.0,0.0,0.0,4.56,5.45,0.0
20171214:2310,0.0,0.0,0.0,0.0,4.59,5.66,0.0
20171215:0010,0.0,0.0,0.0,0.0,4.69,5.79,0.0
20171215:0110,0.0,0.0,0.0,0.0,4.45,6.07,0.0
20171215:0210,0.0,0.0,0.0,0.0,4.5,6.28,0.0
20171215:0310,0.0,0.0,0.0,0.0,4.56,6.21,0.0
20171215:0410,0.0,0.0,0.0,0.0,4.74,5.79,0.0
20171215:0510,0.0,0.0,0.0,0.0,4.85,5.31,0.0
20171215:0610,0.0,0.0,0.0,0.0,4.48,4.62,0.0
20171215:0710,0.0,0.0,0.0,0.0,4.31,4.41,0.0
20171215:0810,9.0,18.82,0.0,3.53,4.24,4.76,0.0
20171215:0910,103.01,47.0,0.0,10.15,4.74,5.1,0.0
20171215:1010,58.0,117.0,0.0,15.0,5.28,5.17,0.0
20171215:1110,2.0,109.0,0.0,17.67,5.83,6.62,0.0
20171215:1210,71.0,142.0,0.0,17.9,5.92,5.93,0.0
20171215:1310,34.0,125.0,0.0,15.67,5.72,5.86,0.0
20171215:1410,62.0,77.0,0.0,11.19,5.53,5.31,0.0
20171215:1510,0.0,7.0,0.0,4.86,4.92,4.76,0.0
20171215:1610,0.0,0.0,0.0,0.0,4.22,5.1,0.0
20171215:1710,0.0,0.0,0.0,0.0,3.85,5.1,0.0
20171215:1810,0.0,0.0,0.0,0.0,4.02,5.1,0.0
20171215:1910,0.0,0.0,0.0,0.0,4.35,5.1,0.0
20171215:2010,0.0,0.0,0.0,0.0,4.21,5.03,0.0
20171215:2110,0.0,0.0,0.0,0.0,4.15,5.1,0.0
20171215:2210,0.0,0.0,0.0,0.0,4.05,4.9,0.0
20171215:2310,0.0,0.0,0.0,0.0,3.94,4.62,0.0
20171216:0010,0.0,0.0,0.0,0.0,3.81,4.48,0.0
20171216:0110,0.0,0.0,0.0,0.0,3.6,4.41,0.0
20171216:0210,0.0,0.0,0.0,0.0,3.57,4.34,0.0
20171216:0310,0.0,0.0,0.0,0.0,3.81,4.41,0.0
20171216:0410,0.0,0.0,0.0,0.0,3.99,4.48,0.0
20171216:0510,0.0,0.0,0.0,0.0,4.1,4.41,0.0
20171216:0610,0.0,0.0,0.0,0.0,4.03,4.28,0.0
20171216:0710,0.0,0.0,0.0,0.0,3.93,4.21,0.0
20171216:0810,8.0,19.01,0.0,3.43,3.82,3.86,0.0
20171216:0910,5.0,67.0,0.0,10.07,3.8,3.79,0.0
20171216:1010,56.0,118.0,0.0,14.93,4.03,4.0,0.0
20171216:1110,38.0,144.0,0.0,17.61,4.39,4.48,0.0
20171216:1210,137.01,118.0,0.0,17.86,4.81,4.41,0.0
20171216:1310,110.01,105.0,0.0,15.64,5.33,4.21,0.0
20171216:1410,130.01,44.0,0.0,11.19,5.32,3.52,0.0
20171216:1510,14.0,27.38,0.0,4.87,4.86,3.03,0.0
20171216:1610,0.0,0.0,0.0,0.0,3.87,2.97,0.0
20171216:1710,0.0,0.0,0.0,0.0,3.0,2.9,0.0
20171216:1810,0.0,0.0,0.0,0.0,2.17,2.55,0.0
20171216:1910,0.0,0.0,0.0,0.0,1.76,2.62,0.0
20171216:2010,0.0,0.0,0.0,0.0,1.5,2.83,0.0
20171216:2110,0.0,0.0,0.0,0.0,1.83,2.69,0.0
20171216:2210,0.0,0.0,0.0,0.0,1.79,2.76,0.0
20171216:2310,0.0,0.0,0.0,0.0,1.87,2.83,0.0
20171217:0010,0.0,0.0,0.0,0.0,1.89,3.03,0.0
20171217:0110,0.0,0.0,0.0,0.0,1.72,3.03,0.0
20171217:0210,0.0,0.0,0.0,0.0,2.08,2.9,0.0
20171217:0310,0.0,0.0,0.0,0.0,2.07,2.48,0.0
20171217:0410,0.0,0.0,0.0,0.0,1.69,2.34,0.0
20171217:0510,0.0,0.0,0.0,0.0,1.3,2.28,0.0
20171217:0610,0.0,0.0,0.0,0.0,0.78,2.21,0.0
20171217:0710,0.0,0.0,0.0,0.0,0.23,2.21,0.0
20171217:0810,7.0,18.3,0.0,3.34,-0.12,2.07,0.0
20171217:0910,24.0,75.0,0.0,9.98,0.82,1.45,0.0
20171217:1010,177.01,61.0,0.0,14.86,2.69,1.24,0.0
20171217:1110,206.01,75.0,0.0,17.56,3.62,0.83,0.0
20171217:1210,10.0,129.0,0.0,17.83,4.39,1.24,0.0
20171217:1310,40.0,124.0,0.0,15.63,4.81,1.79,0.0
20171217:1410,10.0,80.0,0.0,11.19,4.99,2.21,0.0
20171217:1510,1.0,22.81,0.0,4.89,4.92,1.79,0.0
20171217:1610,0.0,0.0,0.0,0.0,4.66,1.52,0.0
20171217:1710,0.0,0.0,0.0,0.0,4.12,2.21,0.0
20171217:1810,0.0,0.0,0.0,0.0,3.93,2.69,0.0
20171217:1910,0.0,0.0,0.0,0.0,4.16,2.9,0.0
20171217:2010,0.0,0.0,0.0,0.0,4.52,3.52,0.0
20171217:2110,0.0,0.0,0.0,0.0,5.05,4.0,0.0
20171217:2210,0.0,0.0,0.0,0.0,5.46,4.34,0.0
20171217:2310,0.0,0.0,0.0,0.0,5.69,4.69,0.0
20171218:0010,0.0,0.0,0.0,0.0,6.15,5.24,0.0
20171218:0110,0.0,0.0,0.0,0.0,6.57,5.31,0.0
20171218:0210,0.0,0.0,0.0,0.0,6.98,5.1,0.0
20171218:0310,0.0,0.0,0.0,0.0,7.5,4.9,0.0
20171218:0410,0.0,0.0,0.0,0.0,8.13,4.55,0.0
20171218:0510,0.0,0.0,0.0,0.0,8.47,4.28,0.0
20171218:0610,0.0,0.0,0.0,0.0,8.18,4.76,0.0
20171218:0710,0.0,0.0,0.0,0.0,7.37,4.62,0.0
20171218:0810,2.0,16.58,0.0,3.25,6.47,4.41,0.0
20171218:0910,0.0,40.0,0.0,9.91,6.2,4.28,0.0
20171218:1010,128.01,86.0,0.0,14.79,6.35,4.0,0.0
20171218:1110,117.01,121.0,0.0,17.51,6.79,5.79,0.0
20171218:1210,104.01,129.0,0.0,17.8,7.16,5.45,0.0
20171218:1310,4.0,101.0,0.0,15.62,7.61,5.31,0.0
20171218:1410,33.0,85.0,0.0,11.2,7.45,4.34,0.0
20171218:1510,0.0,17.0,0.0,4.92,7.18,3.86,0.0
20171218:1610,0.0,0.0,0.0,0.0,6.33,3.45,0.0
20171218:1710,0.0,0.0,0.0,0.0,5.66,3.24,0.0
20171218:1810,0.0,0.0,0.0,0.0,5.44,3.17,0.0
20171218:1910,0.0,0.0,0.0,0.0,4.62,2.83,0.0
20171218:2010,0.0,0.0,0.0,0.0,4.24,2.69,0.0
20171218:2110,0.0,0.0,0.0,0.0,3.76,2.76,0.0
20171218:2210,0.0,0.0,0.0,0.0,3.6,2.76,0.0
20171218:2310,0.0,0.0,0.0,0.0,3.08,2.62,0.0
20171219:0010,0.0,0.0,0.0,0.0,2.71,2.48,0.0
20171219:0110,0.0,0.0,0.0,0.0,2.39,2.34,0.0
20171219:0210,0.0,0.0,0.0,0.0,2.15,2.21,0.0
20171219:0310,0.0,0.0,0.0,0.0,1.86,2.07,0.0
20171219:0410,0.0,0.0,0.0,0.0,1.7,1.79,0.0
20171219:0510,0.0,0.0,0.0,0.0,1.78,1.52,0.0
20171219:0610,0.0,0.0,0.0,0.0,1.66,1.52,0.0
20171219:0710,0.0,0.0,0.0,0.0,1.89,1.79,0.0
20171219:0810,0.0,3.0,0.0,3.18,2.02,1.59,0.0
20171219:0910,0.0,28.0,0.0,9.84,2.65,1.38,0.0
20171219:1010,0.0,67.0,0.0,14.74,3.43,1.24,0.0
20171219:1110,0.0,92.0,0.0,17.48,4.48,1.17,0.0
20171219:1210,8.0,124.0,0.0,17.78,5.43,1.38,0.0
20171219:1310,26.0,122.0,0.0,15.63,6.16,1.52,0.0
20171219:1410,0.0,33.0,0.0,11.22,6.16,1.59,0.0
20171219:1510,1.0,25.79,0.0,4.95,5.81,1.38,0.0
20171219:1610,0.0,0.0,0.0,0.0,4.91,1.52,0.0
20171219:1710,0.0,0.0,0.0,0.0,3.75,1.79,0.0
20171219:1810,0.0,0.0,0.0,0.0,2.94,1.93,0.0
20171219:1910,0.0,0.0,0.0,0.0,3.17,1.72,0.0
20171219:2010,0.0,0.0,0.0,0.0,3.03,1.66,0.0
20171219:2110,0.0,0.0,0.0,0.0,2.47,1.72,0.0
20171219:2210,0.0,0.0,0.0,0.0,2.29,1.72,0.0
20171219:2310,0.0,0.0,0.0,0.0,2.71,1.72,0.0
20171220:0010,0.0,0.0,0.0,0.0,3.03,1.66,0.0
20171220:0110,0.0,0.0,0.0,0.0,3.38,1.52,0.0
20171220:0210,0.0,0.0,0.0,0.0,3.8,1.66,0.0
20171220:0310,0.0,0.0,0.0,0.0,4.2,1.86,0.0
20171220:0410,0.0,0.0,0.0,0.0,4.63,1.93,0.0
20171220:0510,0.0,0.0,0.0,0.0,4.93,1.93,0.0
20171220:0610,0.0,0.0,0.0,0.0,5.15,2.14,0.0
20171220:0710,0.0,0.0,0.0,0.0,4.8,2.14,0.0
20171220:0810,1.0,14.8,0.0,3.1,5.19,2.34,0.0
20171220:0910,3.0,61.0,0.0,9.78,5.77,2.21,0.0
20171220:1010,11.0,106.0,0.0,14.69,6.48,1.93,0.0
20171220:1110,4.0,111.0,0.0,17.45,6.99,2.07,0.0
20171220:1210,10.0,126.0,0.0,17.77,7.61,2.34,0.0
20171220:1310,2.0,92.0,0.0,15.63,8.03,2.62,0.0
20171220:1410,0.0,54.0,0.0,11.25,8.21,2.07,0.0
20171220:1510,1.0,24.8,0.0,4.99,8.24,1.93,0.0
20171220:1610,0.0,0.0,0.0,0.0,8.17,2.07,0.0
20171220:1710,0.0,0.0,0.0,0.0,8.21,2.14,0.0
20171220:1810,0.0,0.0,0.0,0.0,8.29,2.0,0.0
20171220:1910,0.0,0.0,0.0,0.0,7.91,1.72,0.0
20171220:2010,0.0,0.0,0.0,0.0,7.96,1.86,0.0
20171220:2110,0.0,0.0,0.0,0.0,8.01,1.86,0.0
20171220:2210,0.0,0.0,0.0,0.0,7.98,1.52,0.0
20171220:2310,0.0,0.0,0.0,0.0,7.94,1.45,0.0
20171221:0010,0.0,0.0,0.0,0.0,7.94,1.52,0.0
20171221:0110,0.0,0.0,0.0,0.0,7.96,1.66,0.0
20171221:0210,0.0,0.0,0.0,0.0,7.92,1.66,0.0
20171221:0310,0.0,0.0,0.0,0.0,8.0,1.59,0.0
20171221:0410,0.0,0.0,0.0,0.0,8.03,1.66,0.0
20171221:0510,0.0,0.0,0.0,0.0,8.07,1.66,0.0
20171221:0610,0.0,0.0,0.0,0.0,8.16,1.72,0.0
20171221:0710,0.0,0.0,0.0,0.0,8.2,1.79,0.0
20171221:0810,0.0,6.0,0.0,3.04,8.29,2.0,0.0
20171221:0910,0.0,37.0,0.0,9.72,8.54,2.14,0.0
20171221:1010,13.0,106.0,0.0,14.65,8.79,2.28,0.0
20171221:1110,13.0,128.0,0.0,17.42,9.07,2.14,0.0
20171221:1210,23.0,137.0,0.0,17.77,9.29,2.28,0.0
20171221:1310,16.0,116.0,0.0,15.65,9.39,2.41,0.0
20171221:1410,4.0,72.0,0.0,11.28,9.43,2.48,0.0
20171221:1510,2.0,27.55,0.0,5.04,9.44,2.48,0.0
20171221:1610,0.0,0.0,0.0,0.0,9.4,2.48,0.0
20171221:1710,0.0,0.0,0.0,0.0,9.47,2.55,0.0
20171221:1810,0.0,0.0,0.0,0.0,9.59,2.55,0.0
20171221:1910,0.0,0.0,0.0,0.0,9.71,2.41,0.0
20171221:2010,0.0,0.0,0.0,0.0,9.74,2.48,0.0
20171221:2110,0.0,0.0,0.0,0.0,9.71,2.48,0.0
20171221:2210,0.0,0.0,0.0,0.0,9.63,2.41,0.0
20171221:2310,0.0,0.0,0.0,0.0,9.53,2.62,0.0
20171222:0010,0.0,0.0,0.0,0.0,9.4,2.83,0.0
20171222:0110,0.0,0.0,0.0,0.0,9.23,2.9,0.0
20171222:0210,0.0,0.0,0.0,0.0,9.08,2.9,0.0
20171222:0310,0.0,0.0,0.0,0.0,8.88,2.97,0.0
20171222:0410,0.0,0.0,0.0,0.0,8.62,3.1,0.0
20171222:0510,0.0,0.0,0.0,0.0,8.4,3.03,0.0
20171222:0610,0.0,0.0,0.0,0.0,8.34,2.76,0.0
20171222:0710,0.0,0.0,0.0,0.0,8.65,2.28,0.0
20171222:0810,0.0,8.0,0.0,2.98,8.66,2.34,0.0
20171222:0910,3.0,60.0,0.0,9.68,8.86,2.34,0.0
20171222:1010,3.0,91.0,0.0,14.62,8.96,2.48,0.0
20171222:1110,23.0,134.0,0.0,17.41,9.04,3.1,0.0
20171222:1210,0.0,77.0,0.0,17.77,9.15,2.83,0.0
20171222:1310,0.0,48.0,0.0,15.67,9.3,3.45,0.0
20171222:1410,19.0,83.0,0.0,11.32,9.49,2.41,0.0
20171222:1510,3.0,29.28,0.0,5.09,9.68,2.55,0.0
20171222:1610,0.0,0.0,0.0,0.0,9.48,1.93,0.0
20171222:1710,0.0,0.0,0.0,0.0,9.29,1.66,0.0
20171222:1810,0.0,0.0,0.0,0.0,9.13,1.45,0.0
20171222:1910,0.0,0.0,0.0,0.0,9.28,1.03,0.0
20171222:2010,0.0,0.0,0.0,0.0,9.11,0.9,0.0
20171222:2110,0.0,0.0,0.0,0.0,8.94,0.97,0.0
20171222:2210,0.0,0.0,0.0,0.0,8.83,1.1,0.0
20171222:2310,0.0,0.0,0.0,0.0,8.64,0.83,0.0
20171223:0010,0.0,0.0,0.0,0.0,8.87,0.28,0.0
20171223:0110,0.0,0.0,0.0,0.0,8.42,0.62,0.0
20171223:0210,0.0,0.0,0.0,0.0,8.18,0.97,0.0
20171223:0310,0.0,0.0,0.0,0.0,8.11,1.17,0.0
20171223:0410,0.0,0.0,0.0,0.0,8.09,1.24,0.0
20171223:0510,0.0,0.0,0.0,0.0,7.97,1.24,0.0
20171223:0610,0.0,0.0,0.0,0.0,8.13,1.31,0.0
20171223:0710,0.0,0.0,0.0,0.0,8.06,1.17,0.0
20171223:0810,0.0,7.0,0.0,2.92,8.2,1.45,0.0
20171223:0910,0.0,46.0,0.0,9.63,8.52,1.79,0.0
20171223:1010,0.0,54.0,0.0,14.59,9.07,2.0,0.0
20171223:1110,0.0,48.0,0.0,17.4,9.42,2.21,0.0
20171223:1210,0.0,52.0,0.0,17.79,9.52,2.28,0.0
20171223:1310,0.0,50.0,0.0,15.71,9.63,2.69,0.0
20171223:1410,0.0,35.0,0.0,11.37,9.75,2.28,0.0
20171223:1510,0.0,19.0,0.0,5.15,9.69,2.07,0.0
20171223:1610,0.0,0.0,0.0,0.0,9.5,1.93,0.0
20171223:1710,0.0,0.0,0.0,0.0,9.26,2.0,0.0
20171223:1810,0.0,0.0,0.0,0.0,9.07,2.28,0.0
20171223:1910,0.0,0.0,0.0,0.0,8.71,2.48,0.0
20171223:2010,0.0,0.0,0.0,0.0,8.62,2.62,0.0
20171223:2110,0.0,0.0,0.0,0.0,8.59,2.69,0.0
20171223:2210,0.0,0.0,0.0,0.0,8.57,2.76,0.0
20171223:2310,0.0,0.0,0.0,0.0,8.57,2.76,0.0
20171224:0010,0.0,0.0,0.0,0.0,8.55,2.9,0.0
20171224:0110,0.0,0.0,0.0,0.0,8.48,3.03,0.0
20171224:0210,0.0,0.0,0.0,0.0,8.38,2.97,0.0
20171224:0310,0.0,0.0,0.0,0.0,8.31,2.9,0.0
20171224:0410,0.0,0.0,0.0,0.0,8.27,2.83,0.0
20171224:0510,0.0,0.0,0.0,0.0,8.23,2.76,0.0
20171224:0610,0.0,0.0,0.0,0.0,8.2,2.76,0.0
20171224:0710,0.0,0.0,0.0,0.0,8.25,2.48,0.0
20171224:0810,0.0,5.0,0.0,2.88,8.23,2.69,0.0
20171224:0910,0.0,39.0,0.0,9.6,8.33,2.83,0.0
20171224:1010,0.0,64.0,0.0,14.58,8.52,3.1,0.0
20171224:1110,0.0,79.0,0.0,17.4,8.77,3.31,0.0
20171224:1210,0.0,74.0,0.0,17.81,8.91,3.45,0.0
20171224:1310,0.0,56.0,0.0,15.74,9.0,3.59,0.0
20171224:1410,0.0,38.0,0.0,11.42,9.04,3.38,0.0
20171224:1510,0.0,15.0,0.0,5.22,8.94,3.24,0.0
20171224:1610,0.0,0.0,0.0,0.0,8.74,3.1,0.0
20171224:1710,0.0,0.0,0.0,0.0,8.56,3.1,0.0
20171224:1810,0.0,0.0,0.0,0.0,8.46,3.17,0.0
20171224:1910,0.0,0.0,0.0,0.0,8.31,3.03,0.0
20171224:2010,0.0,0.0,0.0,0.0,8.14,3.03,0.0
20171224:2110,0.0,0.0,0.0,0.0,8.03,3.03,0.0
20171224:2210,0.0,0.0,0.0,0.0,7.82,3.1,0.0
20171224:2310,0.0,0.0,0.0,0.0,7.76,3.17,0.0
20171225:0010,0.0,0.0,0.0,0.0,7.59,3.17,0.0
20171225:0110,0.0,0.0,0.0,0.0,7.43,3.17,0.0
20171225:0210,0.0,0.0,0.0,0.0,7.25,3.1,0.0
20171225:0310,0.0,0.0,0.0,0.0,7.12,3.03,0.0
20171225:0410,0.0,0.0,0.0,0.0,6.84,2.97,0.0
20171225:0510,0.0,0.0,0.0,0.0,6.62,3.03,0.0
20171225:0610,0.0,0.0,0.0,0.0,6.37,3.24,0.0
20171225:0710,0.0,0.0,0.0,0.0,5.97,3.52,0.0
20171225:0810,0.0,9.0,0.0,2.84,5.6,3.66,0.0
20171225:0910,1.0,51.0,0.0,9.57,5.32,3.79,0.0
20171225:1010,0.0,47.0,0.0,14.57,5.19,4.28,0.0
20171225:1110,0.0,78.0,0.0,17.41,5.27,4.41,0.0
20171225:1210,10.0,128.0,0.0,17.83,5.35,4.41,0.0
20171225:1310,2.0,93.0,0.0,15.79,5.37,4.34,0.0
20171225:1410,0.0,36.0,0.0,11.48,5.35,4.21,0.0
20171225:1510,0.0,19.0,0.0,5.29,5.26,4.14,0.0
20171225:1610,0.0,0.0,0.0,0.0,4.98,3.79,0.0
20171225:1710,0.0,0.0,0.0,0.0,4.69,4.07,0.0
20171225:1810,0.0,0.0,0.0,0.0,4.48,4.28,0.0
20171225:1910,0.0,0.0,0.0,0.0,4.69,4.62,0.0
20171225:2010,0.0,0.0,0.0,0.0,5.01,4.97,0.0
20171225:2110,0.0,0.0,0.0,0.0,5.37,5.17,0.0
20171225:2210,0.0,0.0,0.0,0.0,5.56,5.66,0.0
20171225:2310,0.0,0.0,0.0,0.0,6.02,6.21,0.0
20171226:0010,0.0,0.0,0.0,0.0,6.53,6.76,0.0
20171226:0110,0.0,0.0,0.0,0.0,7.2,7.24,0.0
20171226:0210,0.0,0.0,0.0,0.0,7.74,7.38,0.0
20171226:0310,0.0,0.0,0.0,0.0,8.0,7.59,0.0
20171226:0410,0.0,0.0,0.0,0.0,7.61,7.24,0.0
20171226:0510,0.0,0.0,0.0,0.0,6.82,5.93,0.0
20171226:0610,0.0,0.0,0.0,0.0,5.63,4.97,0.0
20171226:0710,0.0,0.0,0.0,0.0,4.82,5.24,0.0
20171226:0810,0.0,12.0,0.0,2.8,4.5,6.0,0.0
20171226:0910,14.0,69.0,0.0,9.55,4.56,5.79,0.0
20171226:1010,10.0,104.0,0.0,14.56,5.32,4.97,0.0
20171226:1110,0.0,84.0,0.0,17.43,5.98,5.52,0.0
20171226:1210,15.0,135.0,0.0,17.87,6.75,6.41,0.0
20171226:1310,17.0,121.0,0.0,15.84,7.21,6.55,0.0
20171226:1410,29.0,87.0,0.0,11.55,7.23,6.07,0.0
20171226:1510,36.0,19.65,0.0,5.37,7.02,5.79,0.0
20171226:1610,0.0,0.0,0.0,0.0,6.6,5.93,0.0
20171226:1710,0.0,0.0,0.0,0.0,6.51,6.41,0.0
20171226:1810,0.0,0.0,0.0,0.0,6.38,6.76,0.0
20171226:1910,0.0,0.0,0.0,0.0,7.11,7.1,0.0
20171226:2010,0.0,0.0,0.0,0.0,7.03,7.31,0.0
20171226:2110,0.0,0.0,0.0,0.0,6.78,7.86,0.0
20171226:2210,0.0,0.0,0.0,0.0,6.15,8.41,0.0
20171226:2310,0.0,0.0,0.0,0.0,5.83,8.83,0.0
20171227:0010,0.0,0.0,0.0,0.0,5.4,8.55,0.0
20171227:0110,0.0,0.0,0.0,0.0,5.33,7.72,0.0
20171227:0210,0.0,0.0,0.0,0.0,5.63,6.76,0.0
20171227:0310,0.0,0.0,0.0,0.0,6.09,5.72,0.0
20171227:0410,0.0,0.0,0.0,0.0,5.86,4.83,0.0
20171227:0510,0.0,0.0,0.0,0.0,5.58,4.55,0.0
20171227:0610,0.0,0.0,0.0,0.0,5.21,4.34,0.0
20171227:0710,0.0,0.0,0.0,0.0,5.74,4.55,0.0
20171227:0810,0.0,2.0,0.0,2.78,5.19,4.48,0.0
20171227:0910,0.0,25.0,0.0,9.54,5.28,5.24,0.0
20171227:1010,25.0,113.0,0.0,14.57,5.42,6.21,0.0
20171227:1110,0.0,77.0,0.0,17.45,5.27,6.21,0.0
20171227:1210,15.0,135.0,0.0,17.91,5.03,5.93,0.0
20171227:1310,6.0,108.0,0.0,15.9,4.76,6.9,0.0
20171227:1410,0.0,53.0,0.0,11.63,3.97,8.14,0.0
20171227:1510,1.0,25.81,0.0,5.46,3.68,9.03,0.0
20171227:1610,0.0,0.0,0.0,0.0,3.46,8.28,0.0
20171227:1710,0.0,0.0,0.0,0.0,3.25,8.14,0.0
20171227:1810,0.0,0.0,0.0,0.0,3.25,7.66,0.0
20171227:1910,0.0,0.0,0.0,0.0,3.55,7.66,0.0
20171227:2010,0.0,0.0,0.0,0.0,3.61,7.17,0.0
20171227:2110,0.0,0.0,0.0,0.0,3.29,6.34,0.0
20171227:2210,0.0,0.0,0.0,0.0,2.99,5.86,0.0
20171227:2310,0.0,0.0,0.0,0.0,2.68,5.45,0.0
20171228:0010,0.0,0.0,0.0,0.0,2.19,5.1,0.0
20171228:0110,0.0,0.0,0.0,0.0,1.76,4.62,0.0
20171228:0210,0.0,0.0,0.0,0.0,1.34,4.21,0.0
20171228:0310,0.0,0.0,0.0,0.0,0.87,3.79,0.0
20171228:0410,0.0,0.0,0.0,0.0,0.44,3.52,0.0
20171228:0510,0.0,0.0,0.0,0.0,0.11,3.31,0.0
20171228:0610,0.0,0.0,0.0,0.0,-0.12,3.17,0.0
20171228:0710,0.0,0.0,0.0,0.0,-0.14,3.1,0.0
20171228:0810,4.0,14.12,0.0,2.76,-0.21,2.97,0.0
20171228:0910,59.0,63.0,0.0,9.54,0.52,2.76,0.0
20171228:1010,179.01,58.0,0.0,14.58,2.13,2.62,0.0
20171228:1110,222.01,68.0,0.0,17.48,3.58,3.03,0.0
20171228:1210,230.01,69.0,0.0,17.96,4.56,3.38,0.0
20171228:1310,199.01,63.0,0.0,15.97,5.19,3.86,0.0
20171228:1410,110.01,61.0,0.0,11.71,5.28,3.52,0.0
20171228:1510,22.0,30.2,0.0,5.55,4.98,2.76,0.0
20171228:1610,0.0,0.0,0.0,0.0,3.81,2.48,0.0
20171228:1710,0.0,0.0,0.0,0.0,2.6,2.55,0.0
20171228:1810,0.0,0.0,0.0,0.0,1.77,2.55,0.0
20171228:1910,0.0,0.0,0.0,0.0,1.26,2.41,0.0
20171228:2010,0.0,0.0,0.0,0.0,0.58,2.41,0.0
20171228:2110,0.0,0.0,0.0,0.0,0.23,2.55,0.0
20171228:2210,0.0,0.0,0.0,0.0,-0.06,2.55,0.0
20171228:2310,0.0,0.0,0.0,0.0,-0.28,2.55,0.0
20171229:0010,0.0,0.0,0.0,0.0,-0.48,2.62,0.0
20171229:0110,0.0,0.0,0.0,0.0,-0.65,2.69,0.0
20171229:0210,0.0,0.0,0.0,0.0,-0.79,2.83,0.0
20171229:0310,0.0,0.0,0.0,0.0,-0.8,3.03,0.0
20171229:0410,0.0,0.0,0.0,0.0,-0.76,3.31,0.0
20171229:0510,0.0,0.0,0.0,0.0,-0.44,3.52,0.0
20171229:0610,0.0,0.0,0.0,0.0,0.41,3.79,0.0
20171229:0710,0.0,0.0,0.0,0.0,2.17,4.41,0.0
20171229:0810,0.0,4.0,0.0,2.74,2.86,4.97,0.0
20171229:0910,0.0,46.0,0.0,9.54,3.68,5.79,0.0
20171229:1010,0.0,50.0,0.0,14.6,4.36,6.21,0.0
20171229:1110,0.0,93.0,0.0,17.52,5.41,6.07,0.0
20171229:1210,0.0,69.0,0.0,18.02,6.6,7.45,0.0
20171229:1310,0.0,52.0,0.0,16.05,7.84,7.59,0.0
20171229:1410,0.0,27.0,0.0,11.8,8.27,7.59,0.0
20171229:1510,14.0,33.28,0.0,5.65,7.88,8.83,0.0
20171229:1610,0.0,0.0,0.0,0.0,7.74,7.72,0.0
20171229:1710,0.0,0.0,0.0,0.0,7.2,6.97,0.0
20171229:1810,0.0,0.0,0.0,0.0,6.91,6.55,0.0
20171229:1910,0.0,0.0,0.0,0.0,6.4,5.66,0.0
20171229:2010,0.0,0.0,0.0,0.0,6.08,5.1,0.0
20171229:2110,0.0,0.0,0.0,0.0,6.19,4.62,0.0
20171229:2210,0.0,0.0,0.0,0.0,6.42,4.28,0.0
20171229:2310,0.0,0.0,0.0,0.0,6.64,4.14,0.0
20171230:0010,0.0,0.0,0.0,0.0,7.18,3.66,0.0
20171230:0110,0.0,0.0,0.0,0.0,7.38,4.07,0.0
20171230:0210,0.0,0.0,0.0,0.0,8.28,4.9,0.0
20171230:0310,0.0,0.0,0.0,0.0,8.87,4.9,0.0
20171230:0410,0.0,0.0,0.0,0.0,9.25,6.28,0.0
20171230:0510,0.0,0.0,0.0,0.0,10.28,6.97,0.0
20171230:0610,0.0,0.0,0.0,0.0,12.11,7.52,0.0
20171230:0710,0.0,0.0,0.0,0.0,12.34,7.24,0.0
20171230:0810,4.0,13.17,0.0,2.74,12.59,7.17,0.0
20171230:0910,18.0,69.0,0.0,9.55,12.78,6.9,0.0
20171230:1010,31.0,113.0,0.0,14.63,12.91,7.1,0.0
20171230:1110,39.0,138.0,0.0,17.57,13.35,7.31,0.0
20171230:1210,0.0,58.0,0.0,18.09,13.59,7.24,0.0
20171230:1310,2.0,94.0,0.0,16.13,13.52,7.38,0.0
20171230:1410,1.0,64.0,0.0,11.9,13.42,7.38,0.0
20171230:1510,1.0,26.0,0.0,5.76,13.34,7.72,0.0
20171230:1610,0.0,0.0,0.0,0.0,13.28,7.59,0.0
20171230:1710,0.0,0.0,0.0,0.0,13.29,7.38,0.0
20171230:1810,0.0,0.0,0.0,0.0,13.29,7.24,0.0
20171230:1910,0.0,0.0,0.0,0.0,12.75,6.97,0.0
20171230:2010,0.0,0.0,0.0,0.0,12.69,6.83,0.0
20171230:2110,0.0,0.0,0.0,0.0,12.71,7.03,0.0
20171230:2210,0.0,0.0,0.0,0.0,12.78,7.24,0.0
20171230:2310,0.0,0.0,0.0,0.0,12.81,7.31,0.0
20171231:0010,0.0,0.0,0.0,0.0,12.84,7.45,0.0
20171231:0110,0.0,0.0,0.0,0.0,12.75,7.52,0.0
20171231:0210,0.0,0.0,0.0,0.0,12.61,7.38,0.0
20171231:0310,0.0,0.0,0.0,0.0,12.45,7.31,0.0
20171231:0410,0.0,0.0,0.0,0.0,12.46,7.24,0.0
20171231:0510,0.0,0.0,0.0,0.0,12.55,7.31,0.0
20171231:0610,0.0,0.0,0.0,0.0,12.67,7.52,0.0
20171231:0710,0.0,0.0,0.0,0.0,12.71,7.59,0.0
20171231:0810,2.0,12.61,0.0,2.74,12.41,7.79,0.0
20171231:0910,82.01,49.0,0.0,9.56,12.54,7.93,0.0
20171231:1010,2.0,87.0,0.0,14.66,12.96,8.07,0.0
20171231:1110,8.0,123.0,0.0,17.62,13.24,8.21,0.0
20171231:1210,154.01,107.0,0.0,18.16,13.03,8.41,0.0
20171231:1310,6.0,110.0,0.0,16.22,12.97,8.48,0.0
20171231:1410,0.0,29.0,0.0,12.0,12.87,8.34,0.0
20171231:1510,0.0,14.0,0.0,5.87,12.31,7.79,0.0
20171231:1610,0.0,0.0,0.0,0.0,11.38,7.38,0.0
20171231:1710,0.0,0.0,0.0,0.0,10.48,7.03,0.0
20171231:1810,0.0,0.0,0.0,0.0,9.97,7.1,0.0
20171231:1910,0.0,0.0,0.0,0.0,9.8,7.03,0.0
20171231:2010,0.0,0.0,0.0,0.0,9.43,7.59,0.0
20171231:2110,0.0,0.0,0.0,0.0,9.09,7.52,0.0
20171231:2210,0.0,0.0,0.0,0.0,8.65,7.72,0.0
20171231:2310,0.0,0.0,0.0,0.0,8.05,7.72,0.0

Gb(i): Beam (direct) irradiance on the inclined plane (plane of the array) (W/m2)
Gd(i): Diffuse irradiance on the inclined plane (plane of the array) (W/m2)
Gr(i): Reflected irradiance on the inclined plane (plane of the array) (W/m2)
H_sun: Sun height (degree)
T2m: 2-m air temperature (degree Celsius)
WS10m: 10-m total wind speed (m/s)
Int: 1 means solar radiation values are reconstructed



PVGIS (c) European Union, 2001-2026