Latitude (decimal degrees):	48.630
Longitude (decimal degrees):	2.270
Elevation (m):	56
Radiation database:	PVGIS-SARAH3


Slope: 0 deg. 
Azimuth: 0 deg. 
time,Gb(i),Gd(i),Gr(i),H_sun,T2m,WS10m,Int
20160101:0010,0.0,0.0,0.0,0.0,6.29,3.17,0.0
20160101:0110,0.0,0.0,0.0,0.0,6.24,2.76,0.0
20160101:0210,0.0,0.0,0.0,0.0,5.95,2.48,0.0
20160101:0310,0.0,0.0,0.0,0.0,5.58,2.14,0.0
20160101:0410,0.0,0.0,0.0,0.0,5.09,2.07,0.0
20160101:0510,0.0,0.0,0.0,0.0,4.51,2.07,0.0
20160101:0610,0.0,0.0,0.0,0.0,4.43,1.93,0.0
20160101:0710,0.0,0.0,0.0,0.0,4.05,2.0,0.0
20160101:0810,1.0,12.81,0.0,2.75,4.18,2.14,0.0
20160101:0910,2.0,55.0,0.0,9.59,4.57,2.28,0.0
20160101:1010,6.0,98.0,0.0,14.71,5.77,3.03,0.0
20160101:1110,0.0,78.0,0.0,17.7,7.14,2.97,0.0
20160101:1210,9.0,129.0,0.0,18.27,8.29,3.17,0.0
20160101:1310,14.0,120.0,0.0,16.35,8.76,3.79,0.0
20160101:1410,4.0,77.0,0.0,12.14,8.53,3.93,0.0
20160101:1510,1.0,27.0,0.0,6.02,8.08,4.48,0.0
20160101:1610,0.0,0.0,0.0,0.0,7.48,4.83,0.0
20160101:1710,0.0,0.0,0.0,0.0,7.11,5.45,0.0
20160101:1810,0.0,0.0,0.0,0.0,6.98,5.45,0.0
20160101:1910,0.0,0.0,0.0,0.0,7.48,5.59,0.0
20160101:2010,0.0,0.0,0.0,0.0,7.37,5.17,0.0
20160101:2110,0.0,0.0,0.0,0.0,7.25,4.9,0.0
20160101:2210,0.0,0.0,0.0,0.0,7.1,4.62,0.0
20160101:2310,0.0,0.0,0.0,0.0,7.25,4.34,0.0
20160102:0010,0.0,0.0,0.0,0.0,7.64,4.34,0.0
20160102:0110,0.0,0.0,0.0,0.0,7.98,4.34,0.0
20160102:0210,0.0,0.0,0.0,0.0,8.38,4.41,0.0
20160102:0310,0.0,0.0,0.0,0.0,8.81,4.41,0.0
20160102:0410,0.0,0.0,0.0,0.0,9.18,4.34,0.0
20160102:0510,0.0,0.0,0.0,0.0,9.32,4.34,0.0
20160102:0610,0.0,0.0,0.0,0.0,9.24,4.55,0.0
20160102:0710,0.0,0.0,0.0,0.0,8.95,5.17,0.0
20160102:0810,2.0,13.59,0.0,2.76,8.53,5.38,0.0
20160102:0910,0.0,0.0,0.0,0.0,8.6,5.59,0.0
20160102:1010,140.01,76.0,0.0,14.77,9.2,6.07,0.0
20160102:1110,143.01,109.0,0.0,17.77,9.9,6.9,0.0
20160102:1210,0.0,90.0,0.0,18.36,10.29,8.0,0.0
20160102:1310,26.0,127.0,0.0,16.45,10.65,7.59,0.0
20160102:1410,28.0,92.0,0.0,12.26,10.31,6.62,0.0
20160102:1510,26.0,38.0,0.0,6.14,9.84,6.41,0.0
20160102:1610,0.0,0.0,0.0,0.0,9.34,6.14,0.0
20160102:1710,0.0,0.0,0.0,0.0,9.0,6.14,0.0
20160102:1810,0.0,0.0,0.0,0.0,8.7,6.28,0.0
20160102:1910,0.0,0.0,0.0,0.0,8.43,5.86,0.0
20160102:2010,0.0,0.0,0.0,0.0,8.21,5.79,0.0
20160102:2110,0.0,0.0,0.0,0.0,7.89,5.72,0.0
20160102:2210,0.0,0.0,0.0,0.0,7.62,5.52,0.0
20160102:2310,0.0,0.0,0.0,0.0,7.44,5.31,0.0
20160103:0010,0.0,0.0,0.0,0.0,7.28,5.03,0.0
20160103:0110,0.0,0.0,0.0,0.0,6.95,4.83,0.0
20160103:0210,0.0,0.0,0.0,0.0,6.18,4.41,0.0
20160103:0310,0.0,0.0,0.0,0.0,5.66,4.0,0.0
20160103:0410,0.0,0.0,0.0,0.0,5.08,3.72,0.0
20160103:0510,0.0,0.0,0.0,0.0,4.76,3.86,0.0
20160103:0610,0.0,0.0,0.0,0.0,4.71,4.14,0.0
20160103:0710,0.0,0.0,0.0,0.0,4.96,4.14,0.0
20160103:0810,1.0,12.81,0.0,2.78,5.28,4.48,0.0
20160103:0910,3.0,58.0,0.0,9.66,6.03,5.1,0.0
20160103:1010,17.0,110.0,0.0,14.82,6.87,5.59,0.0
20160103:1110,10.0,128.0,0.0,17.85,7.46,6.41,0.0
20160103:1210,3.0,116.0,0.0,18.46,7.66,6.83,0.0
20160103:1310,0.0,70.0,0.0,16.57,7.77,6.97,0.0
20160103:1410,0.0,41.0,0.0,12.38,7.64,6.97,0.0
20160103:1510,1.0,30.0,0.0,6.27,7.54,7.17,0.0
20160103:1610,0.0,0.0,0.0,0.0,7.47,7.59,0.0
20160103:1710,0.0,0.0,0.0,0.0,7.41,7.52,0.0
20160103:1810,0.0,0.0,0.0,0.0,7.36,7.03,0.0
20160103:1910,0.0,0.0,0.0,0.0,7.43,6.07,0.0
20160103:2010,0.0,0.0,0.0,0.0,7.77,5.45,0.0
20160103:2110,0.0,0.0,0.0,0.0,8.2,5.24,0.0
20160103:2210,0.0,0.0,0.0,0.0,8.16,4.76,0.0
20160103:2310,0.0,0.0,0.0,0.0,7.76,4.69,0.0
20160104:0010,0.0,0.0,0.0,0.0,7.28,4.34,0.0
20160104:0110,0.0,0.0,0.0,0.0,7.06,4.28,0.0
20160104:0210,0.0,0.0,0.0,0.0,7.14,4.55,0.0
20160104:0310,0.0,0.0,0.0,0.0,7.17,4.97,0.0
20160104:0410,0.0,0.0,0.0,0.0,7.17,0.0,0.0
20160104:0510,0.0,0.0,0.0,0.0,6.95,0.0,0.0
20160104:0610,0.0,0.0,0.0,0.0,6.86,5.17,0.0
20160104:0710,0.0,0.0,0.0,0.0,5.54,4.62,0.0
20160104:0810,13.0,10.56,0.0,2.81,5.12,4.62,0.0
20160104:0910,88.01,48.0,0.0,9.71,5.56,4.69,0.0
20160104:1010,163.01,67.0,0.0,14.89,6.59,4.28,0.0
20160104:1110,184.01,91.0,0.0,17.94,7.7,6.69,0.0
20160104:1210,106.01,136.0,0.0,18.56,8.48,6.41,0.0
20160104:1310,160.01,89.0,0.0,16.69,9.01,6.21,0.0
20160104:1410,92.01,77.0,0.0,12.51,9.18,4.69,0.0
20160104:1510,29.0,39.0,0.0,6.41,9.01,4.48,0.0
20160104:1610,0.0,0.0,0.0,0.0,8.1,4.0,0.0
20160104:1710,0.0,0.0,0.0,0.0,7.18,4.07,0.0
20160104:1810,0.0,0.0,0.0,0.0,7.02,4.28,0.0
20160104:1910,0.0,0.0,0.0,0.0,6.26,4.28,0.0
20160104:2010,0.0,0.0,0.0,0.0,5.92,4.14,0.0
20160104:2110,0.0,0.0,0.0,0.0,5.71,4.14,0.0
20160104:2210,0.0,0.0,0.0,0.0,5.47,4.21,0.0
20160104:2310,0.0,0.0,0.0,0.0,5.31,4.34,0.0
20160105:0010,0.0,0.0,0.0,0.0,5.27,4.48,0.0
20160105:0110,0.0,0.0,0.0,0.0,5.41,4.69,0.0
20160105:0210,0.0,0.0,0.0,0.0,5.41,4.9,0.0
20160105:0310,0.0,0.0,0.0,0.0,5.62,4.97,0.0
20160105:0410,0.0,0.0,0.0,0.0,6.1,5.1,0.0
20160105:0510,0.0,0.0,0.0,0.0,6.38,5.17,0.0
20160105:0610,0.0,0.0,0.0,0.0,6.53,5.38,0.0
20160105:0710,0.0,0.0,0.0,0.0,6.49,5.31,0.0
20160105:0810,3.0,14.36,0.0,2.85,6.68,5.31,0.0
20160105:0910,35.0,70.0,0.0,9.76,6.97,5.38,0.0
20160105:1010,92.01,103.0,0.0,14.96,7.5,5.24,0.0
20160105:1110,11.0,131.0,0.0,18.03,7.97,6.83,0.0
20160105:1210,6.0,124.0,0.0,18.67,8.42,6.83,0.0
20160105:1310,75.0,127.0,0.0,16.82,8.78,7.1,0.0
20160105:1410,1.0,71.0,0.0,12.65,8.8,6.83,0.0
20160105:1510,3.0,39.0,0.0,6.56,8.48,5.79,0.0
20160105:1610,0.0,0.0,0.0,0.0,7.82,5.1,0.0
20160105:1710,0.0,0.0,0.0,0.0,7.29,4.9,0.0
20160105:1810,0.0,0.0,0.0,0.0,7.12,4.76,0.0
20160105:1910,0.0,0.0,0.0,0.0,6.85,4.69,0.0
20160105:2010,0.0,0.0,0.0,0.0,6.8,4.69,0.0
20160105:2110,0.0,0.0,0.0,0.0,6.74,4.55,0.0
20160105:2210,0.0,0.0,0.0,0.0,6.79,4.41,0.0
20160105:2310,0.0,0.0,0.0,0.0,6.83,4.21,0.0
20160106:0010,0.0,0.0,0.0,0.0,6.78,4.14,0.0
20160106:0110,0.0,0.0,0.0,0.0,6.72,4.0,0.0
20160106:0210,0.0,0.0,0.0,0.0,6.66,3.79,0.0
20160106:0310,0.0,0.0,0.0,0.0,6.65,3.72,0.0
20160106:0410,0.0,0.0,0.0,0.0,6.64,3.66,0.0
20160106:0510,0.0,0.0,0.0,0.0,6.58,3.52,0.0
20160106:0610,0.0,0.0,0.0,0.0,6.57,3.31,0.0
20160106:0710,0.0,0.0,0.0,0.0,6.47,2.83,0.0
20160106:0810,2.0,14.58,0.0,2.89,6.52,2.83,0.0
20160106:0910,2.0,58.0,0.0,9.82,6.77,3.31,0.0
20160106:1010,152.01,74.0,0.0,15.04,7.3,3.1,0.0
20160106:1110,71.0,142.0,0.0,18.13,7.71,3.17,0.0
20160106:1210,90.0,143.0,0.0,18.79,8.35,3.24,0.0
20160106:1310,17.0,127.0,0.0,16.95,8.79,3.38,0.0
20160106:1410,0.0,65.0,0.0,12.8,8.84,3.38,0.0
20160106:1510,5.0,42.0,0.0,6.7,8.65,3.52,0.0
20160106:1610,0.0,0.0,0.0,0.0,7.82,3.72,0.0
20160106:1710,0.0,0.0,0.0,0.0,7.14,3.66,0.0
20160106:1810,0.0,0.0,0.0,0.0,6.66,3.1,0.0
20160106:1910,0.0,0.0,0.0,0.0,5.91,2.83,0.0
20160106:2010,0.0,0.0,0.0,0.0,5.6,2.83,0.0
20160106:2110,0.0,0.0,0.0,0.0,5.39,2.83,0.0
20160106:2210,0.0,0.0,0.0,0.0,5.43,3.17,0.0
20160106:2310,0.0,0.0,0.0,0.0,5.54,3.45,0.0
20160107:0010,0.0,0.0,0.0,0.0,5.7,3.79,0.0
20160107:0110,0.0,0.0,0.0,0.0,5.95,4.21,0.0
20160107:0210,0.0,0.0,0.0,0.0,6.39,4.55,0.0
20160107:0310,0.0,0.0,0.0,0.0,6.76,5.03,0.0
20160107:0410,0.0,0.0,0.0,0.0,6.91,5.66,0.0
20160107:0510,0.0,0.0,0.0,0.0,6.86,6.48,0.0
20160107:0610,0.0,0.0,0.0,0.0,6.72,6.9,0.0
20160107:0710,0.0,0.0,0.0,0.0,6.48,6.55,0.0
20160107:0810,0.0,5.0,0.0,2.94,6.38,5.59,0.0
20160107:0910,2.0,57.0,0.0,9.89,6.88,4.69,0.0
20160107:1010,73.0,112.0,0.0,15.13,9.06,5.24,0.0
20160107:1110,186.01,92.0,0.0,18.24,10.83,7.17,0.0
20160107:1210,85.0,146.0,0.0,18.92,10.81,8.0,0.0
20160107:1310,28.0,134.0,0.0,17.09,10.69,7.66,0.0
20160107:1410,24.0,97.0,0.0,12.95,10.25,7.52,0.0
20160107:1510,30.0,43.0,0.0,6.86,9.71,7.1,0.0
20160107:1610,0.0,0.0,0.0,0.0,8.76,6.55,0.0
20160107:1710,0.0,0.0,0.0,0.0,7.88,5.52,0.0
20160107:1810,0.0,0.0,0.0,0.0,7.29,5.03,0.0
20160107:1910,0.0,0.0,0.0,0.0,6.82,4.62,0.0
20160107:2010,0.0,0.0,0.0,0.0,6.15,4.28,0.0
20160107:2110,0.0,0.0,0.0,0.0,5.67,4.0,0.0
20160107:2210,0.0,0.0,0.0,0.0,5.25,3.86,0.0
20160107:2310,0.0,0.0,0.0,0.0,4.9,3.66,0.0
20160108:0010,0.0,0.0,0.0,0.0,4.53,3.24,0.0
20160108:0110,0.0,0.0,0.0,0.0,4.1,2.83,0.0
20160108:0210,0.0,0.0,0.0,0.0,3.59,2.48,0.0
20160108:0310,0.0,0.0,0.0,0.0,2.96,2.21,0.0
20160108:0410,0.0,0.0,0.0,0.0,2.33,2.14,0.0
20160108:0510,0.0,0.0,0.0,0.0,1.95,2.28,0.0
20160108:0610,0.0,0.0,0.0,0.0,1.89,2.41,0.0
20160108:0710,0.0,0.0,0.0,0.0,2.33,2.34,0.0
20160108:0810,6.0,14.7,0.0,3.0,2.58,2.14,0.0
20160108:0910,29.0,73.0,0.0,9.96,3.34,1.86,0.0
20160108:1010,34.0,120.0,0.0,15.23,4.9,1.93,0.0
20160108:1110,73.0,144.0,0.0,18.36,6.35,2.07,0.0
20160108:1210,42.0,154.0,0.0,19.06,7.71,2.0,0.0
20160108:1310,68.0,135.0,0.0,17.24,8.23,1.86,0.0
20160108:1410,17.0,97.0,0.0,13.1,8.5,1.79,0.0
20160108:1510,10.0,47.0,0.0,7.02,8.31,1.72,0.0
20160108:1610,0.0,0.0,0.0,0.0,7.41,2.0,0.0
20160108:1710,0.0,0.0,0.0,0.0,6.98,1.86,0.0
20160108:1810,0.0,0.0,0.0,0.0,6.65,1.79,0.0
20160108:1910,0.0,0.0,0.0,0.0,6.75,2.07,0.0
20160108:2010,0.0,0.0,0.0,0.0,6.35,2.07,0.0
20160108:2110,0.0,0.0,0.0,0.0,5.63,2.21,0.0
20160108:2210,0.0,0.0,0.0,0.0,5.0,2.28,0.0
20160108:2310,0.0,0.0,0.0,0.0,4.46,2.48,0.0
20160109:0010,0.0,0.0,0.0,0.0,4.16,2.62,0.0
20160109:0110,0.0,0.0,0.0,0.0,4.02,2.62,0.0
20160109:0210,0.0,0.0,0.0,0.0,3.83,2.69,0.0
20160109:0310,0.0,0.0,0.0,0.0,3.93,2.9,0.0
20160109:0410,0.0,0.0,0.0,0.0,3.84,3.1,0.0
20160109:0510,0.0,0.0,0.0,0.0,3.85,3.17,0.0
20160109:0610,0.0,0.0,0.0,0.0,4.14,3.24,0.0
20160109:0710,0.0,0.0,0.0,0.0,5.1,3.86,0.0
20160109:0810,0.0,8.0,0.0,3.06,5.59,4.21,0.0
20160109:0910,74.01,58.0,0.0,10.05,6.73,4.21,0.0
20160109:1010,142.01,83.0,0.0,15.33,7.98,4.83,0.0
20160109:1110,118.01,129.0,0.0,18.48,8.81,4.62,0.0
20160109:1210,1.0,105.0,0.0,19.2,9.24,4.76,0.0
20160109:1310,159.01,97.0,0.0,17.4,9.82,5.45,0.0
20160109:1410,128.01,65.0,0.0,13.27,10.1,5.38,0.0
20160109:1510,16.0,49.0,0.0,7.19,9.83,4.97,0.0
20160109:1610,0.0,0.0,0.0,0.0,9.35,5.1,0.0
20160109:1710,0.0,0.0,0.0,0.0,9.01,5.52,0.0
20160109:1810,0.0,0.0,0.0,0.0,8.75,5.93,0.0
20160109:1910,0.0,0.0,0.0,0.0,9.39,6.14,0.0
20160109:2010,0.0,0.0,0.0,0.0,9.29,6.83,0.0
20160109:2110,0.0,0.0,0.0,0.0,9.21,7.66,0.0
20160109:2210,0.0,0.0,0.0,0.0,9.02,8.21,0.0
20160109:2310,0.0,0.0,0.0,0.0,8.95,8.48,0.0
20160110:0010,0.0,0.0,0.0,0.0,8.49,8.0,0.0
20160110:0110,0.0,0.0,0.0,0.0,7.93,7.59,0.0
20160110:0210,0.0,0.0,0.0,0.0,6.79,7.31,0.0
20160110:0310,0.0,0.0,0.0,0.0,6.51,6.62,0.0
20160110:0410,0.0,0.0,0.0,0.0,6.1,6.14,0.0
20160110:0510,0.0,0.0,0.0,0.0,5.71,5.59,0.0
20160110:0610,0.0,0.0,0.0,0.0,5.28,4.9,0.0
20160110:0710,0.0,0.0,0.0,0.0,5.14,4.62,0.0
20160110:0810,0.0,12.0,0.0,3.13,5.22,4.9,0.0
20160110:0910,11.0,72.0,0.0,10.14,6.25,5.45,0.0
20160110:1010,9.0,108.0,0.0,15.44,7.37,6.55,0.0
20160110:1110,0.0,93.0,0.0,18.61,7.94,7.17,0.0
20160110:1210,0.0,62.0,0.0,19.35,7.85,7.17,0.0
20160110:1310,20.0,135.0,0.0,17.56,7.77,6.97,0.0
20160110:1410,2.0,81.0,0.0,13.44,7.3,6.62,0.0
20160110:1510,11.0,49.0,0.0,7.36,6.79,6.34,0.0
20160110:1610,0.0,0.0,0.0,0.0,6.68,5.45,0.0
20160110:1710,0.0,0.0,0.0,0.0,6.74,5.31,0.0
20160110:1810,0.0,0.0,0.0,0.0,6.39,5.03,0.0
20160110:1910,0.0,0.0,0.0,0.0,6.07,4.41,0.0
20160110:2010,0.0,0.0,0.0,0.0,5.64,4.0,0.0
20160110:2110,0.0,0.0,0.0,0.0,5.24,3.72,0.0
20160110:2210,0.0,0.0,0.0,0.0,5.0,3.79,0.0
20160110:2310,0.0,0.0,0.0,0.0,5.15,3.79,0.0
20160111:0010,0.0,0.0,0.0,0.0,5.28,3.79,0.0
20160111:0110,0.0,0.0,0.0,0.0,5.44,4.14,0.0
20160111:0210,0.0,0.0,0.0,0.0,5.82,4.69,0.0
20160111:0310,0.0,0.0,0.0,0.0,6.14,5.03,0.0
20160111:0410,0.0,0.0,0.0,0.0,6.18,5.31,0.0
20160111:0510,0.0,0.0,0.0,0.0,5.41,5.66,0.0
20160111:0610,0.0,0.0,0.0,0.0,5.07,0.0,0.0
20160111:0710,0.0,0.0,0.0,0.0,7.0,0.0,0.0
20160111:0810,0.0,14.0,0.0,3.21,7.14,6.34,0.0
20160111:0910,7.0,69.0,0.0,10.23,6.86,6.41,0.0
20160111:1010,2.0,93.0,0.0,15.56,7.22,7.31,0.0
20160111:1110,92.0,142.0,0.0,18.75,7.32,8.21,0.0
20160111:1210,139.01,131.0,0.0,19.5,7.78,7.1,0.0
20160111:1310,94.0,131.0,0.0,17.73,7.71,7.86,0.0
20160111:1410,0.0,67.0,0.0,13.61,7.93,7.45,0.0
20160111:1510,10.0,51.0,0.0,7.54,7.87,6.62,0.0
20160111:1610,0.0,0.0,0.0,0.0,7.41,6.14,0.0
20160111:1710,0.0,0.0,0.0,0.0,6.96,6.21,0.0
20160111:1810,0.0,0.0,0.0,0.0,6.57,6.69,0.0
20160111:1910,0.0,0.0,0.0,0.0,6.19,6.14,0.0
20160111:2010,0.0,0.0,0.0,0.0,6.24,6.55,0.0
20160111:2110,0.0,0.0,0.0,0.0,6.19,6.28,0.0
20160111:2210,0.0,0.0,0.0,0.0,6.12,6.07,0.0
20160111:2310,0.0,0.0,0.0,0.0,6.04,5.72,0.0
20160112:0010,0.0,0.0,0.0,0.0,6.48,5.59,0.0
20160112:0110,0.0,0.0,0.0,0.0,6.57,5.59,0.0
20160112:0210,0.0,0.0,0.0,0.0,6.68,5.86,0.0
20160112:0310,0.0,0.0,0.0,0.0,6.48,5.93,0.0
20160112:0410,0.0,0.0,0.0,0.0,6.47,6.0,0.0
20160112:0510,0.0,0.0,0.0,0.0,6.26,5.93,0.0
20160112:0610,0.0,0.0,0.0,0.0,6.07,5.72,0.0
20160112:0710,0.0,0.0,0.0,0.0,6.19,5.52,0.0
20160112:0810,17.0,12.64,0.0,3.29,6.19,5.93,0.0
20160112:0910,22.0,76.0,0.0,10.33,6.31,6.28,0.0
20160112:1010,0.0,76.0,0.0,15.68,6.42,6.62,0.0
20160112:1110,33.0,151.0,0.0,18.9,6.85,7.03,0.0
20160112:1210,15.0,148.0,0.0,19.67,6.98,6.97,0.0
20160112:1310,70.0,140.0,0.0,17.9,6.79,6.97,0.0
20160112:1410,26.0,105.0,0.0,13.79,6.64,6.55,0.0
20160112:1510,44.0,46.0,0.0,7.72,6.5,6.41,0.0
20160112:1610,0.0,0.0,0.0,0.0,6.18,6.07,0.0
20160112:1710,0.0,0.0,0.0,0.0,5.8,6.14,0.0
20160112:1810,0.0,0.0,0.0,0.0,5.58,6.41,0.0
20160112:1910,0.0,0.0,0.0,0.0,5.34,6.83,0.0
20160112:2010,0.0,0.0,0.0,0.0,5.19,6.9,0.0
20160112:2110,0.0,0.0,0.0,0.0,5.13,6.83,0.0
20160112:2210,0.0,0.0,0.0,0.0,5.08,6.9,0.0
20160112:2310,0.0,0.0,0.0,0.0,5.06,6.9,0.0
20160113:0010,0.0,0.0,0.0,0.0,5.13,6.9,0.0
20160113:0110,0.0,0.0,0.0,0.0,5.29,6.9,0.0
20160113:0210,0.0,0.0,0.0,0.0,5.1,6.62,0.0
20160113:0310,0.0,0.0,0.0,0.0,5.03,6.34,0.0
20160113:0410,0.0,0.0,0.0,0.0,4.73,5.72,0.0
20160113:0510,0.0,0.0,0.0,0.0,4.33,5.1,0.0
20160113:0610,0.0,0.0,0.0,0.0,4.01,4.69,0.0
20160113:0710,0.0,0.0,0.0,0.0,3.65,4.62,0.0
20160113:0810,6.0,17.63,0.0,3.38,3.1,4.14,0.0
20160113:0910,38.0,77.0,0.0,10.44,3.24,4.21,0.0
20160113:1010,98.01,112.0,0.0,15.81,4.26,4.07,0.0
20160113:1110,92.0,147.0,0.0,19.05,5.31,4.28,0.0
20160113:1210,52.0,162.0,0.0,19.83,6.3,4.41,0.0
20160113:1310,115.01,128.0,0.0,18.08,6.85,4.41,0.0
20160113:1410,49.0,108.0,0.0,13.98,6.99,4.14,0.0
20160113:1510,5.0,51.0,0.0,7.91,6.67,3.45,0.0
20160113:1610,0.0,0.0,0.0,0.0,5.65,3.1,0.0
20160113:1710,0.0,0.0,0.0,0.0,4.52,3.17,0.0
20160113:1810,0.0,0.0,0.0,0.0,4.02,3.31,0.0
20160113:1910,0.0,0.0,0.0,0.0,3.77,3.24,0.0
20160113:2010,0.0,0.0,0.0,0.0,3.96,3.31,0.0
20160113:2110,0.0,0.0,0.0,0.0,3.76,3.38,0.0
20160113:2210,0.0,0.0,0.0,0.0,3.68,3.38,0.0
20160113:2310,0.0,0.0,0.0,0.0,3.31,3.38,0.0
20160114:0010,0.0,0.0,0.0,0.0,3.05,3.52,0.0
20160114:0110,0.0,0.0,0.0,0.0,3.21,3.79,0.0
20160114:0210,0.0,0.0,0.0,0.0,3.39,3.86,0.0
20160114:0310,0.0,0.0,0.0,0.0,3.23,4.0,0.0
20160114:0410,0.0,0.0,0.0,0.0,3.25,4.07,0.0
20160114:0510,0.0,0.0,0.0,0.0,3.71,4.28,0.0
20160114:0610,0.0,0.0,0.0,0.0,3.8,4.41,0.0
20160114:0710,0.0,0.0,0.0,0.0,3.79,4.41,0.0
20160114:0810,16.0,14.64,0.0,3.48,3.81,4.55,0.0
20160114:0910,2.0,62.0,0.0,10.56,4.13,4.62,0.0
20160114:1010,21.0,122.0,0.0,15.95,4.71,4.62,0.0
20160114:1110,120.01,137.0,0.0,19.21,5.45,4.62,0.0
20160114:1210,236.01,86.0,0.0,20.01,6.16,4.48,0.0
20160114:1310,49.0,147.0,0.0,18.27,6.64,4.83,0.0
20160114:1410,61.0,106.0,0.0,14.17,6.48,5.17,0.0
20160114:1510,58.01,44.0,0.0,8.1,5.83,5.38,0.0
20160114:1610,0.0,0.0,0.0,0.0,4.9,5.03,0.0
20160114:1710,0.0,0.0,0.0,0.0,4.17,4.9,0.0
20160114:1810,0.0,0.0,0.0,0.0,4.06,5.03,0.0
20160114:1910,0.0,0.0,0.0,0.0,3.89,4.97,0.0
20160114:2010,0.0,0.0,0.0,0.0,3.69,4.9,0.0
20160114:2110,0.0,0.0,0.0,0.0,3.47,4.9,0.0
20160114:2210,0.0,0.0,0.0,0.0,3.29,4.97,0.0
20160114:2310,0.0,0.0,0.0,0.0,2.97,5.1,0.0
20160115:0010,0.0,0.0,0.0,0.0,2.54,5.03,0.0
20160115:0110,0.0,0.0,0.0,0.0,2.2,5.1,0.0
20160115:0210,0.0,0.0,0.0,0.0,2.0,5.24,0.0
20160115:0310,0.0,0.0,0.0,0.0,1.94,5.1,0.0
20160115:0410,0.0,0.0,0.0,0.0,1.83,4.83,0.0
20160115:0510,0.0,0.0,0.0,0.0,1.63,4.41,0.0
20160115:0610,0.0,0.0,0.0,0.0,1.33,4.14,0.0
20160115:0710,0.0,0.0,0.0,0.0,0.63,3.86,0.0
20160115:0810,0.0,6.0,0.0,3.58,0.53,3.79,0.0
20160115:0910,1.0,58.0,0.0,10.68,1.3,3.59,0.0
20160115:1010,35.0,129.0,0.0,16.09,2.32,4.21,0.0
20160115:1110,261.01,69.0,0.0,19.37,3.68,6.14,0.0
20160115:1210,257.01,80.0,0.0,20.19,4.33,6.34,0.0
20160115:1310,171.01,108.0,0.0,18.46,4.85,6.55,0.0
20160115:1410,5.0,96.0,0.0,14.37,4.96,5.79,0.0
20160115:1510,80.01,37.0,0.0,8.3,4.58,4.83,0.0
20160115:1610,0.0,0.0,0.0,0.0,3.62,4.62,0.0
20160115:1710,0.0,0.0,0.0,0.0,2.62,4.62,0.0
20160115:1810,0.0,0.0,0.0,0.0,2.1,4.62,0.0
20160115:1910,0.0,0.0,0.0,0.0,1.88,4.48,0.0
20160115:2010,0.0,0.0,0.0,0.0,1.72,4.48,0.0
20160115:2110,0.0,0.0,0.0,0.0,1.62,4.55,0.0
20160115:2210,0.0,0.0,0.0,0.0,1.4,4.55,0.0
20160115:2310,0.0,0.0,0.0,0.0,1.22,4.55,0.0
20160116:0010,0.0,0.0,0.0,0.0,0.94,4.14,0.0
20160116:0110,0.0,0.0,0.0,0.0,0.6,3.59,0.0
20160116:0210,0.0,0.0,0.0,0.0,0.07,3.17,0.0
20160116:0310,0.0,0.0,0.0,0.0,-0.4,3.1,0.0
20160116:0410,0.0,0.0,0.0,0.0,-0.64,3.03,0.0
20160116:0510,0.0,0.0,0.0,0.0,-0.88,2.83,0.0
20160116:0610,0.0,0.0,0.0,0.0,-1.03,2.62,0.0
20160116:0710,0.0,0.0,0.0,0.0,-1.12,2.76,0.0
20160116:0810,19.0,15.03,0.0,3.69,-0.84,2.69,0.0
20160116:0910,104.01,54.0,0.0,10.81,0.6,2.34,0.0
20160116:1010,185.01,73.0,0.0,16.25,2.48,3.59,0.0
20160116:1110,241.01,81.0,0.0,19.55,3.82,4.55,0.0
20160116:1210,26.0,163.0,0.0,20.38,4.6,4.28,0.0
20160116:1310,90.0,145.0,0.0,18.66,5.07,4.07,0.0
20160116:1410,23.0,113.0,0.0,14.57,5.21,3.72,0.0
20160116:1510,32.0,59.0,0.0,8.5,5.04,3.03,0.0
20160116:1610,0.0,0.0,0.0,0.0,4.07,2.48,0.0
20160116:1710,0.0,0.0,0.0,0.0,2.85,2.48,0.0
20160116:1810,0.0,0.0,0.0,0.0,1.88,2.62,0.0
20160116:1910,0.0,0.0,0.0,0.0,0.73,2.48,0.0
20160116:2010,0.0,0.0,0.0,0.0,0.06,2.48,0.0
20160116:2110,0.0,0.0,0.0,0.0,-0.41,2.48,0.0
20160116:2210,0.0,0.0,0.0,0.0,-0.65,2.48,0.0
20160116:2310,0.0,0.0,0.0,0.0,-0.77,2.34,0.0
20160117:0010,0.0,0.0,0.0,0.0,-0.95,2.28,0.0
20160117:0110,0.0,0.0,0.0,0.0,-0.8,2.21,0.0
20160117:0210,0.0,0.0,0.0,0.0,-0.59,2.21,0.0
20160117:0310,0.0,0.0,0.0,0.0,-0.46,2.07,0.0
20160117:0410,0.0,0.0,0.0,0.0,-0.36,2.0,0.0
20160117:0510,0.0,0.0,0.0,0.0,-0.22,1.79,0.0
20160117:0610,0.0,0.0,0.0,0.0,-0.16,1.59,0.0
20160117:0710,0.0,0.0,0.0,0.0,-1.29,1.59,0.0
20160117:0810,4.0,21.06,0.0,3.81,-2.06,1.52,0.0
20160117:0910,15.0,80.0,0.0,10.95,-0.39,0.55,0.0
20160117:1010,21.0,126.0,0.0,16.41,1.39,0.28,0.0
20160117:1110,0.0,83.0,0.0,19.73,2.13,0.48,0.0
20160117:1210,0.0,43.0,0.0,20.58,2.47,0.83,0.0
20160117:1310,2.0,115.0,0.0,18.87,2.53,1.24,0.0
20160117:1410,34.0,116.0,0.0,14.78,2.65,1.72,0.0
20160117:1510,10.0,59.0,0.0,8.71,2.66,1.79,0.0
20160117:1610,0.0,0.0,0.0,0.0,2.31,1.45,0.0
20160117:1710,0.0,0.0,0.0,0.0,1.8,1.79,0.0
20160117:1810,0.0,0.0,0.0,0.0,1.23,2.0,0.0
20160117:1910,0.0,0.0,0.0,0.0,1.09,2.41,0.0
20160117:2010,0.0,0.0,0.0,0.0,0.69,2.62,0.0
20160117:2110,0.0,0.0,0.0,0.0,0.16,2.97,0.0
20160117:2210,0.0,0.0,0.0,0.0,-0.62,3.17,0.0
20160117:2310,0.0,0.0,0.0,0.0,-1.32,3.24,0.0
20160118:0010,0.0,0.0,0.0,0.0,-2.01,3.1,0.0
20160118:0110,0.0,0.0,0.0,0.0,-2.53,2.97,0.0
20160118:0210,0.0,0.0,0.0,0.0,-2.89,3.03,0.0
20160118:0310,0.0,0.0,0.0,0.0,-2.91,3.17,0.0
20160118:0410,0.0,0.0,0.0,0.0,-2.76,3.45,0.0
20160118:0510,0.0,0.0,0.0,0.0,-2.66,3.59,0.0
20160118:0610,0.0,0.0,0.0,0.0,-2.52,3.24,0.0
20160118:0710,0.0,0.0,0.0,0.0,-2.0,3.38,0.0
20160118:0810,7.0,21.34,0.0,3.93,-1.84,3.52,0.0
20160118:0910,15.0,83.0,0.0,11.09,-1.37,3.59,0.0
20160118:1010,49.0,134.0,0.0,16.57,-0.64,3.59,0.0
20160118:1110,80.0,161.0,0.0,19.91,0.13,4.0,0.0
20160118:1210,62.0,172.0,0.0,20.78,0.68,4.0,0.0
20160118:1310,94.0,148.0,0.0,19.08,1.12,3.86,0.0
20160118:1410,51.0,118.0,0.0,15.0,1.34,3.79,0.0
20160118:1510,23.0,65.0,0.0,8.92,1.03,3.24,0.0
20160118:1610,0.0,0.0,0.0,0.0,0.54,3.1,0.0
20160118:1710,0.0,0.0,0.0,0.0,-0.14,2.97,0.0
20160118:1810,0.0,0.0,0.0,0.0,-0.69,2.76,0.0
20160118:1910,0.0,0.0,0.0,0.0,-1.56,2.41,0.0
20160118:2010,0.0,0.0,0.0,0.0,-1.59,2.21,0.0
20160118:2110,0.0,0.0,0.0,0.0,-2.04,2.07,0.0
20160118:2210,0.0,0.0,0.0,0.0,-2.51,2.07,0.0
20160118:2310,0.0,0.0,0.0,0.0,-2.77,2.07,0.0
20160119:0010,0.0,0.0,0.0,0.0,-3.15,2.0,0.0
20160119:0110,0.0,0.0,0.0,0.0,-3.46,1.86,0.0
20160119:0210,0.0,0.0,0.0,0.0,-3.76,1.72,0.0
20160119:0310,0.0,0.0,0.0,0.0,-3.95,1.66,0.0
20160119:0410,0.0,0.0,0.0,0.0,-3.95,1.72,0.0
20160119:0510,0.0,0.0,0.0,0.0,-3.89,1.86,0.0
20160119:0610,0.0,0.0,0.0,0.0,-3.89,1.86,0.0
20160119:0710,0.0,0.0,0.0,0.0,-4.05,1.59,0.0
20160119:0810,3.0,22.31,0.0,4.06,-4.07,1.52,0.0
20160119:0910,9.0,79.0,0.0,11.24,-3.13,1.59,0.0
20160119:1010,13.0,126.0,0.0,16.74,-1.98,1.52,0.0
20160119:1110,11.0,147.0,0.0,20.11,-0.81,1.38,0.0
20160119:1210,26.0,167.0,0.0,20.99,0.0,1.38,0.0
20160119:1310,23.0,152.0,0.0,19.3,0.85,1.45,0.0
20160119:1410,39.0,121.0,0.0,15.22,1.21,1.52,0.0
20160119:1510,13.0,65.0,0.0,9.14,1.17,1.66,0.0
20160119:1610,0.0,0.0,0.0,0.0,0.4,1.66,0.0
20160119:1710,0.0,0.0,0.0,0.0,-0.63,1.79,0.0
20160119:1810,0.0,0.0,0.0,0.0,-1.39,1.79,0.0
20160119:1910,0.0,0.0,0.0,0.0,-1.66,1.72,0.0
20160119:2010,0.0,0.0,0.0,0.0,-1.65,1.66,0.0
20160119:2110,0.0,0.0,0.0,0.0,-1.4,1.72,0.0
20160119:2210,0.0,0.0,0.0,0.0,-1.49,1.79,0.0
20160119:2310,0.0,0.0,0.0,0.0,-1.23,1.72,0.0
20160120:0010,0.0,0.0,0.0,0.0,-1.52,1.79,0.0
20160120:0110,0.0,0.0,0.0,0.0,-1.63,1.72,0.0
20160120:0210,0.0,0.0,0.0,0.0,-1.62,1.59,0.0
20160120:0310,0.0,0.0,0.0,0.0,-1.7,1.59,0.0
20160120:0410,0.0,0.0,0.0,0.0,-1.93,1.59,0.0
20160120:0510,0.0,0.0,0.0,0.0,-2.14,1.59,0.0
20160120:0610,0.0,0.0,0.0,0.0,-2.02,1.59,0.0
20160120:0710,0.0,0.0,0.0,0.0,-2.97,1.59,0.0
20160120:0810,6.0,23.55,0.0,4.2,-2.9,1.31,0.0
20160120:0910,5.0,75.0,0.0,11.4,-2.35,1.03,0.0
20160120:1010,3.0,109.0,0.0,16.92,-1.02,0.97,0.0
20160120:1110,1.0,115.0,0.0,20.31,0.12,0.83,0.0
20160120:1210,0.0,104.0,0.0,21.21,0.92,0.76,0.0
20160120:1310,0.0,89.0,0.0,19.52,1.53,0.83,0.0
20160120:1410,2.0,93.0,0.0,15.44,1.9,1.03,0.0
20160120:1510,12.0,66.0,0.0,9.36,1.78,1.1,0.0
20160120:1610,0.0,6.0,0.0,1.73,1.05,1.31,0.0
20160120:1710,0.0,0.0,0.0,0.0,-0.74,1.31,0.0
20160120:1810,0.0,0.0,0.0,0.0,-2.1,1.24,0.0
20160120:1910,0.0,0.0,0.0,0.0,-3.38,1.24,0.0
20160120:2010,0.0,0.0,0.0,0.0,-3.71,1.17,0.0
20160120:2110,0.0,0.0,0.0,0.0,-3.83,1.17,0.0
20160120:2210,0.0,0.0,0.0,0.0,-4.2,1.24,0.0
20160120:2310,0.0,0.0,0.0,0.0,-4.37,1.38,0.0
20160121:0010,0.0,0.0,0.0,0.0,-4.3,1.52,0.0
20160121:0110,0.0,0.0,0.0,0.0,-4.5,1.38,0.0
20160121:0210,0.0,0.0,0.0,0.0,-4.27,1.03,0.0
20160121:0310,0.0,0.0,0.0,0.0,-4.51,1.17,0.0
20160121:0410,0.0,0.0,0.0,0.0,-4.48,1.45,0.0
20160121:0510,0.0,0.0,0.0,0.0,-4.4,1.59,0.0
20160121:0610,0.0,0.0,0.0,0.0,-4.31,1.59,0.0
20160121:0710,0.0,0.0,0.0,0.0,-3.72,1.31,0.0
20160121:0810,8.0,24.98,0.0,4.34,-3.91,1.45,0.0
20160121:0910,14.0,85.0,0.0,11.56,-2.6,1.31,0.0
20160121:1010,19.0,133.0,0.0,17.11,-0.49,1.59,0.0
20160121:1110,23.0,161.0,0.0,20.51,1.37,1.86,0.0
20160121:1210,102.0,169.0,0.0,21.43,2.92,1.86,0.0
20160121:1310,260.01,72.0,0.0,19.75,3.89,2.07,0.0
20160121:1410,167.01,75.0,0.0,15.67,4.18,2.14,0.0
20160121:1510,57.0,61.0,0.0,9.58,3.65,1.93,0.0
20160121:1610,0.0,7.0,0.0,1.95,1.9,2.48,0.0
20160121:1710,0.0,0.0,0.0,0.0,0.08,2.69,0.0
20160121:1810,0.0,0.0,0.0,0.0,-0.78,2.76,0.0
20160121:1910,0.0,0.0,0.0,0.0,-0.88,2.83,0.0
20160121:2010,0.0,0.0,0.0,0.0,-1.04,2.83,0.0
20160121:2110,0.0,0.0,0.0,0.0,-1.18,2.83,0.0
20160121:2210,0.0,0.0,0.0,0.0,-1.33,2.69,0.0
20160121:2310,0.0,0.0,0.0,0.0,-1.57,2.69,0.0
20160122:0010,0.0,0.0,0.0,0.0,-1.73,2.76,0.0
20160122:0110,0.0,0.0,0.0,0.0,-1.9,2.76,0.0
20160122:0210,0.0,0.0,0.0,0.0,-2.06,2.76,0.0
20160122:0310,0.0,0.0,0.0,0.0,-2.17,2.9,0.0
20160122:0410,0.0,0.0,0.0,0.0,-2.14,3.1,0.0
20160122:0510,0.0,0.0,0.0,0.0,-2.02,3.1,0.0
20160122:0610,0.0,0.0,0.0,0.0,-1.7,3.1,0.0
20160122:0710,0.0,0.0,0.0,0.0,-1.27,3.1,0.0
20160122:0810,4.0,24.09,0.0,4.49,-0.94,3.1,0.0
20160122:0910,17.0,86.0,0.0,11.73,0.45,3.17,0.0
20160122:1010,19.0,131.0,0.0,17.3,2.0,3.17,0.0
20160122:1110,29.0,163.0,0.0,20.72,3.65,3.52,0.0
20160122:1210,8.0,148.0,0.0,21.66,4.88,3.66,0.0
20160122:1310,17.0,148.0,0.0,19.99,5.47,4.14,0.0
20160122:1410,0.0,74.0,0.0,15.91,5.23,4.41,0.0
20160122:1510,0.0,12.0,0.0,9.81,5.05,4.55,0.0
20160122:1610,0.0,6.0,0.0,2.17,5.26,4.48,0.0
20160122:1710,0.0,0.0,0.0,0.0,5.58,4.21,0.0
20160122:1810,0.0,0.0,0.0,0.0,5.9,3.86,0.0
20160122:1910,0.0,0.0,0.0,0.0,5.31,3.38,0.0
20160122:2010,0.0,0.0,0.0,0.0,5.46,3.1,0.0
20160122:2110,0.0,0.0,0.0,0.0,5.76,3.03,0.0
20160122:2210,0.0,0.0,0.0,0.0,6.0,2.97,0.0
20160122:2310,0.0,0.0,0.0,0.0,5.76,3.03,0.0
20160123:0010,0.0,0.0,0.0,0.0,5.12,2.9,0.0
20160123:0110,0.0,0.0,0.0,0.0,4.59,2.9,0.0
20160123:0210,0.0,0.0,0.0,0.0,4.2,2.9,0.0
20160123:0310,0.0,0.0,0.0,0.0,3.97,2.83,0.0
20160123:0410,0.0,0.0,0.0,0.0,3.66,2.62,0.0
20160123:0510,0.0,0.0,0.0,0.0,3.39,2.34,0.0
20160123:0610,0.0,0.0,0.0,0.0,3.14,2.0,0.0
20160123:0710,0.0,0.0,0.0,0.0,3.78,1.79,0.0
20160123:0810,5.0,26.77,0.0,4.65,3.64,1.66,0.0
20160123:0910,2.0,70.0,0.0,11.91,4.08,1.59,0.0
20160123:1010,7.0,120.0,0.0,17.5,4.72,1.66,0.0
20160123:1110,0.0,81.0,0.0,20.94,5.17,2.0,0.0
20160123:1210,0.0,63.0,0.0,21.89,5.45,2.48,0.0
20160123:1310,0.0,65.0,0.0,20.23,5.72,3.03,0.0
20160123:1410,0.0,44.0,0.0,16.15,5.9,0.0,0.0
20160123:1510,0.0,24.0,0.0,10.05,6.03,0.0,0.0
20160123:1610,0.0,5.0,0.0,2.4,5.86,1.66,0.0
20160123:1710,0.0,0.0,0.0,0.0,5.46,2.14,0.0
20160123:1810,0.0,0.0,0.0,0.0,5.38,2.55,0.0
20160123:1910,0.0,0.0,0.0,0.0,5.59,2.69,0.0
20160123:2010,0.0,0.0,0.0,0.0,5.43,2.55,0.0
20160123:2110,0.0,0.0,0.0,0.0,5.07,2.97,0.0
20160123:2210,0.0,0.0,0.0,0.0,4.55,3.03,0.0
20160123:2310,0.0,0.0,0.0,0.0,4.36,2.76,0.0
20160124:0010,0.0,0.0,0.0,0.0,3.93,2.55,0.0
20160124:0110,0.0,0.0,0.0,0.0,4.03,2.69,0.0
20160124:0210,0.0,0.0,0.0,0.0,4.15,2.76,0.0
20160124:0310,0.0,0.0,0.0,0.0,4.24,2.76,0.0
20160124:0410,0.0,0.0,0.0,0.0,4.47,2.69,0.0
20160124:0510,0.0,0.0,0.0,0.0,4.72,2.55,0.0
20160124:0610,0.0,0.0,0.0,0.0,5.1,2.48,0.0
20160124:0710,0.0,0.0,0.0,0.0,6.29,2.69,0.0
20160124:0810,0.0,20.0,0.0,4.81,6.55,2.62,0.0
20160124:0910,23.0,88.0,0.0,12.09,7.0,2.55,0.0
20160124:1010,4.0,111.0,0.0,17.7,7.64,2.34,0.0
20160124:1110,2.0,124.0,0.0,21.17,8.37,2.34,0.0
20160124:1210,0.0,116.0,0.0,22.13,9.07,2.41,0.0
20160124:1310,4.0,128.0,0.0,20.47,9.61,2.34,0.0
20160124:1410,3.0,101.0,0.0,16.39,10.0,2.07,0.0
20160124:1510,10.0,69.0,0.0,10.28,10.19,2.14,0.0
20160124:1610,0.0,4.0,0.0,2.63,9.97,2.21,0.0
20160124:1710,0.0,0.0,0.0,0.0,9.4,2.28,0.0
20160124:1810,0.0,0.0,0.0,0.0,8.9,2.34,0.0
20160124:1910,0.0,0.0,0.0,0.0,9.1,2.21,0.0
20160124:2010,0.0,0.0,0.0,0.0,8.67,2.14,0.0
20160124:2110,0.0,0.0,0.0,0.0,8.26,2.14,0.0
20160124:2210,0.0,0.0,0.0,0.0,7.48,2.07,0.0
20160124:2310,0.0,0.0,0.0,0.0,6.62,2.0,0.0
20160125:0010,0.0,0.0,0.0,0.0,5.78,2.14,0.0
20160125:0110,0.0,0.0,0.0,0.0,5.1,2.41,0.0
20160125:0210,0.0,0.0,0.0,0.0,4.54,2.76,0.0
20160125:0310,0.0,0.0,0.0,0.0,4.17,2.97,0.0
20160125:0410,0.0,0.0,0.0,0.0,3.87,3.1,0.0
20160125:0510,0.0,0.0,0.0,0.0,3.57,3.03,0.0
20160125:0610,0.0,0.0,0.0,0.0,3.23,2.83,0.0
20160125:0710,0.0,0.0,0.0,0.0,3.91,3.17,0.0
20160125:0810,29.0,19.83,0.0,4.98,3.93,3.24,0.0
20160125:0910,123.01,56.0,0.0,12.28,5.38,3.24,0.0
20160125:1010,225.01,65.0,0.0,17.91,7.64,3.24,0.0
20160125:1110,287.01,70.0,0.0,21.4,9.8,3.86,0.0
20160125:1210,279.01,84.0,0.0,22.37,11.37,4.41,0.0
20160125:1310,262.01,75.0,0.0,20.72,12.38,4.48,0.0
20160125:1410,198.01,64.0,0.0,16.64,13.01,3.93,0.0
20160125:1510,13.0,74.0,0.0,10.53,12.95,3.17,0.0
20160125:1610,0.0,8.0,0.0,2.86,11.84,3.03,0.0
20160125:1710,0.0,0.0,0.0,0.0,10.37,3.17,0.0
20160125:1810,0.0,0.0,0.0,0.0,9.66,3.24,0.0
20160125:1910,0.0,0.0,0.0,0.0,9.07,3.38,0.0
20160125:2010,0.0,0.0,0.0,0.0,8.76,3.24,0.0
20160125:2110,0.0,0.0,0.0,0.0,8.47,3.17,0.0
20160125:2210,0.0,0.0,0.0,0.0,8.25,2.9,0.0
20160125:2310,0.0,0.0,0.0,0.0,7.75,2.69,0.0
20160126:0010,0.0,0.0,0.0,0.0,7.18,2.69,0.0
20160126:0110,0.0,0.0,0.0,0.0,7.05,2.83,0.0
20160126:0210,0.0,0.0,0.0,0.0,6.94,2.83,0.0
20160126:0310,0.0,0.0,0.0,0.0,7.06,2.83,0.0
20160126:0410,0.0,0.0,0.0,0.0,7.12,2.9,0.0
20160126:0510,0.0,0.0,0.0,0.0,7.84,2.97,0.0
20160126:0610,0.0,0.0,0.0,0.0,8.22,3.03,0.0
20160126:0710,0.0,0.0,0.0,0.0,8.16,3.24,0.0
20160126:0810,1.0,22.82,0.0,5.15,8.49,3.52,0.0
20160126:0910,0.0,46.0,0.0,12.48,8.96,4.07,0.0
20160126:1010,0.0,64.0,0.0,18.13,9.18,4.97,0.0
20160126:1110,0.0,112.0,0.0,21.64,9.34,5.17,0.0
20160126:1210,0.0,88.0,0.0,22.63,9.85,5.72,0.0
20160126:1310,21.0,159.0,0.0,20.98,10.2,6.83,0.0
20160126:1410,73.0,126.0,0.0,16.89,10.44,6.55,0.0
20160126:1510,27.0,77.0,0.0,10.77,10.5,6.55,0.0
20160126:1610,0.0,10.0,0.0,3.1,10.27,5.52,0.0
20160126:1710,0.0,0.0,0.0,0.0,10.02,5.45,0.0
20160126:1810,0.0,0.0,0.0,0.0,9.97,5.72,0.0
20160126:1910,0.0,0.0,0.0,0.0,9.99,5.86,0.0
20160126:2010,0.0,0.0,0.0,0.0,9.92,6.07,0.0
20160126:2110,0.0,0.0,0.0,0.0,9.8,6.07,0.0
20160126:2210,0.0,0.0,0.0,0.0,9.75,6.07,0.0
20160126:2310,0.0,0.0,0.0,0.0,9.6,6.07,0.0
20160127:0010,0.0,0.0,0.0,0.0,9.47,6.14,0.0
20160127:0110,0.0,0.0,0.0,0.0,9.35,6.14,0.0
20160127:0210,0.0,0.0,0.0,0.0,9.29,6.21,0.0
20160127:0310,0.0,0.0,0.0,0.0,9.32,6.28,0.0
20160127:0410,0.0,0.0,0.0,0.0,9.42,6.34,0.0
20160127:0510,0.0,0.0,0.0,0.0,9.45,6.41,0.0
20160127:0610,0.0,0.0,0.0,0.0,9.46,6.48,0.0
20160127:0710,0.0,0.0,0.0,0.0,9.25,6.48,0.0
20160127:0810,0.0,19.0,0.0,5.33,9.1,0.0,0.0
20160127:0910,0.0,56.0,0.0,12.68,9.05,0.0,0.0
20160127:1010,18.0,135.0,0.0,18.36,9.32,6.41,0.0
20160127:1110,44.0,173.0,0.0,21.88,9.85,6.69,0.0
20160127:1210,53.0,183.0,0.0,22.88,10.52,5.72,0.0
20160127:1310,87.0,162.0,0.0,21.24,10.88,5.86,0.0
20160127:1410,5.0,108.0,0.0,17.15,11.47,6.0,0.0
20160127:1510,5.0,69.0,0.0,11.02,11.57,7.03,0.0
20160127:1610,0.0,5.0,0.0,3.34,11.41,6.62,0.0
20160127:1710,0.0,0.0,0.0,0.0,11.3,6.48,0.0
20160127:1810,0.0,0.0,0.0,0.0,11.48,6.62,0.0
20160127:1910,0.0,0.0,0.0,0.0,11.13,6.41,0.0
20160127:2010,0.0,0.0,0.0,0.0,11.11,6.55,0.0
20160127:2110,0.0,0.0,0.0,0.0,11.03,6.62,0.0
20160127:2210,0.0,0.0,0.0,0.0,11.0,6.62,0.0
20160127:2310,0.0,0.0,0.0,0.0,10.93,6.41,0.0
20160128:0010,0.0,0.0,0.0,0.0,10.78,5.79,0.0
20160128:0110,0.0,0.0,0.0,0.0,10.38,4.76,0.0
20160128:0210,0.0,0.0,0.0,0.0,10.01,3.59,0.0
20160128:0310,0.0,0.0,0.0,0.0,9.43,3.59,0.0
20160128:0410,0.0,0.0,0.0,0.0,8.64,3.45,0.0
20160128:0510,0.0,0.0,0.0,0.0,8.0,2.62,0.0
20160128:0610,0.0,0.0,0.0,0.0,7.59,0.0,0.0
20160128:0710,0.0,0.0,0.0,0.0,7.37,0.0,0.0
20160128:0810,3.0,29.34,0.0,5.52,6.82,1.66,0.0
20160128:0910,22.0,96.0,0.0,12.89,7.07,1.38,0.0
20160128:1010,108.0,132.0,0.0,18.58,7.68,1.59,0.0
20160128:1110,24.0,170.0,0.0,22.13,8.16,1.79,0.0
20160128:1210,9.0,160.0,0.0,23.14,8.49,1.52,0.0
20160128:1310,8.0,149.0,0.0,21.51,8.42,1.17,0.0
20160128:1410,16.0,129.0,0.0,17.41,8.35,1.24,0.0
20160128:1510,6.0,72.0,0.0,11.27,8.21,1.03,0.0
20160128:1610,0.0,15.0,0.0,3.58,7.92,0.9,0.0
20160128:1710,0.0,0.0,0.0,0.0,7.11,1.45,0.0
20160128:1810,0.0,0.0,0.0,0.0,5.99,1.86,0.0
20160128:1910,0.0,0.0,0.0,0.0,4.81,1.72,0.0
20160128:2010,0.0,0.0,0.0,0.0,3.73,2.14,0.0
20160128:2110,0.0,0.0,0.0,0.0,2.9,2.14,0.0
20160128:2210,0.0,0.0,0.0,0.0,2.16,2.21,0.0
20160128:2310,0.0,0.0,0.0,0.0,1.7,2.34,0.0
20160129:0010,0.0,0.0,0.0,0.0,1.48,2.48,0.0
20160129:0110,0.0,0.0,0.0,0.0,1.57,2.69,0.0
20160129:0210,0.0,0.0,0.0,0.0,1.68,2.9,0.0
20160129:0310,0.0,0.0,0.0,0.0,1.86,3.1,0.0
20160129:0410,0.0,0.0,0.0,0.0,2.01,3.31,0.0
20160129:0510,0.0,0.0,0.0,0.0,2.17,3.59,0.0
20160129:0610,0.0,0.0,0.0,0.0,2.27,3.79,0.0
20160129:0710,0.0,0.0,0.0,0.0,2.35,4.07,0.0
20160129:0810,39.0,20.93,0.0,5.71,2.52,4.41,0.0
20160129:0910,127.01,63.0,0.0,13.1,3.64,4.34,0.0
20160129:1010,3.0,118.0,0.0,18.82,5.19,4.9,0.0
20160129:1110,75.0,180.0,0.0,22.38,6.87,5.59,0.0
20160129:1210,17.0,175.0,0.0,23.41,8.11,5.86,0.0
20160129:1310,17.0,163.0,0.0,21.78,8.66,5.66,0.0
20160129:1410,0.0,50.0,0.0,17.68,8.95,5.38,0.0
20160129:1510,0.0,34.0,0.0,11.53,8.9,5.1,0.0
20160129:1610,0.0,9.0,0.0,3.82,8.69,5.45,0.0
20160129:1710,0.0,0.0,0.0,0.0,8.58,5.38,0.0
20160129:1810,0.0,0.0,0.0,0.0,8.61,5.45,0.0
20160129:1910,0.0,0.0,0.0,0.0,8.34,5.86,0.0
20160129:2010,0.0,0.0,0.0,0.0,8.36,6.07,0.0
20160129:2110,0.0,0.0,0.0,0.0,8.41,6.21,0.0
20160129:2210,0.0,0.0,0.0,0.0,8.48,6.34,0.0
20160129:2310,0.0,0.0,0.0,0.0,8.62,6.55,0.0
20160130:0010,0.0,0.0,0.0,0.0,8.52,6.69,0.0
20160130:0110,0.0,0.0,0.0,0.0,8.61,6.9,0.0
20160130:0210,0.0,0.0,0.0,0.0,8.63,7.1,0.0
20160130:0310,0.0,0.0,0.0,0.0,8.57,7.38,0.0
20160130:0410,0.0,0.0,0.0,0.0,8.55,7.59,0.0
20160130:0510,0.0,0.0,0.0,0.0,8.54,7.79,0.0
20160130:0610,0.0,0.0,0.0,0.0,8.56,8.0,0.0
20160130:0710,0.0,0.0,0.0,0.0,8.43,8.0,0.0
20160130:0810,9.0,38.0,0.0,5.91,8.25,8.28,0.0
20160130:0910,7.0,88.0,0.0,13.32,8.27,8.55,0.0
20160130:1010,0.0,76.0,0.0,19.06,8.36,8.69,0.0
20160130:1110,0.0,94.0,0.0,22.65,8.62,8.97,0.0
20160130:1210,0.0,93.0,0.0,23.68,8.71,9.24,0.0
20160130:1310,0.0,63.0,0.0,22.05,9.16,8.97,0.0
20160130:1410,0.0,45.0,0.0,17.95,9.5,7.66,0.0
20160130:1510,0.0,33.0,0.0,11.79,8.66,6.21,0.0
20160130:1610,0.0,12.0,0.0,4.07,8.12,6.14,0.0
20160130:1710,0.0,0.0,0.0,0.0,7.58,5.72,0.0
20160130:1810,0.0,0.0,0.0,0.0,7.04,5.1,0.0
20160130:1910,0.0,0.0,0.0,0.0,7.21,3.38,0.0
20160130:2010,0.0,0.0,0.0,0.0,6.98,3.59,0.0
20160130:2110,0.0,0.0,0.0,0.0,6.83,4.34,0.0
20160130:2210,0.0,0.0,0.0,0.0,6.67,4.41,0.0
20160130:2310,0.0,0.0,0.0,0.0,6.55,4.28,0.0
20160131:0010,0.0,0.0,0.0,0.0,6.29,3.93,0.0
20160131:0110,0.0,0.0,0.0,0.0,6.32,3.66,0.0
20160131:0210,0.0,0.0,0.0,0.0,6.4,3.38,0.0
20160131:0310,0.0,0.0,0.0,0.0,6.37,3.03,0.0
20160131:0410,0.0,0.0,0.0,0.0,6.14,2.62,0.0
20160131:0510,0.0,0.0,0.0,0.0,6.17,2.28,0.0
20160131:0610,0.0,0.0,0.0,0.0,6.07,2.34,0.0
20160131:0710,0.0,0.0,0.0,0.0,6.46,2.69,0.0
20160131:0810,2.0,34.0,0.0,6.11,6.68,2.9,0.0
20160131:0910,0.0,58.0,0.0,13.54,7.17,2.83,0.0
20160131:1010,1.0,103.0,0.0,19.31,7.97,3.59,0.0
20160131:1110,1.0,125.0,0.0,22.91,9.08,4.9,0.0
20160131:1210,0.0,77.0,0.0,23.96,9.99,5.31,0.0
20160131:1310,0.0,90.0,0.0,22.33,10.87,6.0,0.0
20160131:1410,0.0,67.0,0.0,18.22,11.52,6.69,0.0
20160131:1510,1.0,64.0,0.0,12.05,11.91,6.83,0.0
20160131:1610,0.0,8.0,0.0,4.32,12.17,6.76,0.0
20160131:1710,0.0,0.0,0.0,0.0,12.3,6.48,0.0
20160131:1810,0.0,0.0,0.0,0.0,12.35,6.21,0.0
20160131:1910,0.0,0.0,0.0,0.0,12.11,6.48,0.0
20160131:2010,0.0,0.0,0.0,0.0,12.13,6.34,0.0
20160131:2110,0.0,0.0,0.0,0.0,12.13,6.28,0.0
20160131:2210,0.0,0.0,0.0,0.0,12.06,6.14,0.0
20160131:2310,0.0,0.0,0.0,0.0,11.93,6.0,0.0
20160201:0010,0.0,0.0,0.0,0.0,11.76,6.0,0.0
20160201:0110,0.0,0.0,0.0,0.0,11.52,6.0,0.0
20160201:0210,0.0,0.0,0.0,0.0,11.18,5.72,0.0
20160201:0310,0.0,0.0,0.0,0.0,10.81,5.45,0.0
20160201:0410,0.0,0.0,0.0,0.0,10.45,5.31,0.0
20160201:0510,0.0,0.0,0.0,0.0,10.15,5.03,0.0
20160201:0610,0.0,0.0,0.0,0.0,9.86,4.97,0.0
20160201:0710,0.0,0.0,0.0,0.0,10.15,5.1,0.0
20160201:0810,0.0,18.0,0.0,6.32,10.11,5.1,0.0
20160201:0910,4.0,87.0,0.0,13.78,10.3,5.31,0.0
20160201:1010,0.0,103.0,0.0,19.56,10.58,5.52,0.0
20160201:1110,0.0,103.0,0.0,23.18,11.14,6.83,0.0
20160201:1210,0.0,35.0,0.0,24.24,11.79,7.79,0.0
20160201:1310,2.0,135.0,0.0,22.62,11.92,6.76,0.0
20160201:1410,2.0,111.0,0.0,18.5,12.22,6.48,0.0
20160201:1510,0.0,56.0,0.0,12.31,12.11,5.72,0.0
20160201:1610,1.0,20.81,0.0,4.57,11.89,5.31,0.0
20160201:1710,0.0,0.0,0.0,0.0,11.65,5.03,0.0
20160201:1810,0.0,0.0,0.0,0.0,11.43,4.97,0.0
20160201:1910,0.0,0.0,0.0,0.0,10.87,5.17,0.0
20160201:2010,0.0,0.0,0.0,0.0,10.57,5.24,0.0
20160201:2110,0.0,0.0,0.0,0.0,10.42,5.31,0.0
20160201:2210,0.0,0.0,0.0,0.0,10.2,5.31,0.0
20160201:2310,0.0,0.0,0.0,0.0,10.14,5.38,0.0
20160202:0010,0.0,0.0,0.0,0.0,10.18,5.38,0.0
20160202:0110,0.0,0.0,0.0,0.0,10.16,5.38,0.0
20160202:0210,0.0,0.0,0.0,0.0,10.15,5.38,0.0
20160202:0310,0.0,0.0,0.0,0.0,10.06,5.45,0.0
20160202:0410,0.0,0.0,0.0,0.0,9.96,5.52,0.0
20160202:0510,0.0,0.0,0.0,0.0,10.06,5.66,0.0
20160202:0610,0.0,0.0,0.0,0.0,10.14,5.66,0.0
20160202:0710,0.0,0.0,0.0,0.0,10.1,5.45,0.0
20160202:0810,8.0,42.0,0.0,6.54,10.16,5.66,0.0
20160202:0910,0.0,60.0,0.0,14.01,10.3,5.93,0.0
20160202:1010,24.0,151.0,0.0,19.82,10.54,7.03,0.0
20160202:1110,0.0,120.0,0.0,23.46,10.64,7.45,0.0
20160202:1210,6.0,160.0,0.0,24.53,10.72,6.97,0.0
20160202:1310,59.0,185.0,0.0,22.91,10.85,6.97,0.0
20160202:1410,26.0,144.0,0.0,18.78,11.03,6.97,0.0
20160202:1510,0.0,31.0,0.0,12.58,11.26,6.69,0.0
20160202:1610,3.0,25.34,0.0,4.83,10.51,5.17,0.0
20160202:1710,0.0,0.0,0.0,0.0,9.4,4.41,0.0
20160202:1810,0.0,0.0,0.0,0.0,8.25,3.52,0.0
20160202:1910,0.0,0.0,0.0,0.0,7.94,3.17,0.0
20160202:2010,0.0,0.0,0.0,0.0,7.0,2.9,0.0
20160202:2110,0.0,0.0,0.0,0.0,6.09,2.9,0.0
20160202:2210,0.0,0.0,0.0,0.0,5.45,2.9,0.0
20160202:2310,0.0,0.0,0.0,0.0,5.2,3.03,0.0
20160203:0010,0.0,0.0,0.0,0.0,5.13,3.24,0.0
20160203:0110,0.0,0.0,0.0,0.0,5.27,3.38,0.0
20160203:0210,0.0,0.0,0.0,0.0,5.4,3.38,0.0
20160203:0310,0.0,0.0,0.0,0.0,5.49,3.45,0.0
20160203:0410,0.0,0.0,0.0,0.0,5.51,3.66,0.0
20160203:0510,0.0,0.0,0.0,0.0,5.25,3.93,0.0
20160203:0610,0.0,0.0,0.0,0.0,4.82,4.41,0.0
20160203:0710,0.0,0.0,0.0,0.0,4.72,4.55,0.0
20160203:0810,54.0,33.0,0.0,6.76,4.62,4.62,0.0
20160203:0910,145.01,68.0,0.0,14.26,5.05,4.34,0.0
20160203:1010,142.01,136.0,0.0,20.08,6.01,5.38,0.0
20160203:1110,147.01,173.0,0.0,23.74,6.33,6.34,0.0
20160203:1210,89.0,201.0,0.0,24.83,6.28,6.28,0.0
20160203:1310,284.01,95.0,0.0,23.2,6.71,6.21,0.0
20160203:1410,170.01,110.0,0.0,19.06,7.11,6.48,0.0
20160203:1510,2.0,72.0,0.0,12.85,7.31,6.55,0.0
20160203:1610,15.0,26.39,0.0,5.08,6.91,6.0,0.0
20160203:1710,0.0,0.0,0.0,0.0,6.0,5.52,0.0
20160203:1810,0.0,0.0,0.0,0.0,5.49,4.9,0.0
20160203:1910,0.0,0.0,0.0,0.0,5.25,4.41,0.0
20160203:2010,0.0,0.0,0.0,0.0,4.95,4.07,0.0
20160203:2110,0.0,0.0,0.0,0.0,4.85,3.93,0.0
20160203:2210,0.0,0.0,0.0,0.0,4.71,3.79,0.0
20160203:2310,0.0,0.0,0.0,0.0,4.47,3.72,0.0
20160204:0010,0.0,0.0,0.0,0.0,4.23,3.72,0.0
20160204:0110,0.0,0.0,0.0,0.0,4.26,3.59,0.0
20160204:0210,0.0,0.0,0.0,0.0,4.0,3.59,0.0
20160204:0310,0.0,0.0,0.0,0.0,3.69,3.59,0.0
20160204:0410,0.0,0.0,0.0,0.0,3.36,3.52,0.0
20160204:0510,0.0,0.0,0.0,0.0,3.03,3.52,0.0
20160204:0610,0.0,0.0,0.0,0.0,2.74,3.79,0.0
20160204:0710,0.0,0.0,0.0,0.0,3.4,4.28,0.0
20160204:0810,12.0,47.0,0.0,6.99,4.07,5.1,0.0
20160204:0910,0.0,61.0,0.0,14.5,4.96,6.0,0.0
20160204:1010,0.0,47.0,0.0,20.35,6.16,6.62,0.0
20160204:1110,6.0,159.0,0.0,24.03,7.26,6.69,0.0
20160204:1210,1.0,138.0,0.0,25.12,8.26,6.48,0.0
20160204:1310,0.0,87.0,0.0,23.5,9.01,5.79,0.0
20160204:1410,3.0,118.0,0.0,19.35,9.59,5.59,0.0
20160204:1510,14.0,94.0,0.0,13.13,10.08,5.17,0.0
20160204:1610,6.0,30.53,0.0,5.34,10.2,4.76,0.0
20160204:1710,0.0,0.0,0.0,0.0,10.09,4.34,0.0
20160204:1810,0.0,0.0,0.0,0.0,9.94,4.07,0.0
20160204:1910,0.0,0.0,0.0,0.0,9.89,4.0,0.0
20160204:2010,0.0,0.0,0.0,0.0,9.78,3.72,0.0
20160204:2110,0.0,0.0,0.0,0.0,9.64,3.59,0.0
20160204:2210,0.0,0.0,0.0,0.0,9.45,3.24,0.0
20160204:2310,0.0,0.0,0.0,0.0,9.24,2.83,0.0
20160205:0010,0.0,0.0,0.0,0.0,9.09,2.41,0.0
20160205:0110,0.0,0.0,0.0,0.0,8.92,2.14,0.0
20160205:0210,0.0,0.0,0.0,0.0,8.73,2.07,0.0
20160205:0310,0.0,0.0,0.0,0.0,8.53,2.14,0.0
20160205:0410,0.0,0.0,0.0,0.0,8.49,2.14,0.0
20160205:0510,0.0,0.0,0.0,0.0,8.46,2.21,0.0
20160205:0610,0.0,0.0,0.0,0.0,8.47,2.34,0.0
20160205:0710,0.0,0.0,0.0,0.0,8.63,2.28,0.0
20160205:0810,0.0,29.0,0.0,7.22,8.66,2.28,0.0
20160205:0910,0.0,51.0,0.0,14.76,8.89,2.48,0.0
20160205:1010,0.0,73.0,0.0,20.63,9.63,3.66,0.0
20160205:1110,0.0,57.0,0.0,24.32,10.26,4.21,0.0
20160205:1210,0.0,76.0,0.0,25.42,10.71,4.0,0.0
20160205:1310,0.0,49.0,0.0,23.8,11.02,4.07,0.0
20160205:1410,0.0,49.0,0.0,19.64,11.16,4.07,0.0
20160205:1510,0.0,62.0,0.0,13.4,11.25,3.93,0.0
20160205:1610,0.0,24.0,0.0,5.6,10.88,3.66,0.0
20160205:1710,0.0,0.0,0.0,0.0,10.4,3.59,0.0
20160205:1810,0.0,0.0,0.0,0.0,10.14,3.66,0.0
20160205:1910,0.0,0.0,0.0,0.0,9.55,3.45,0.0
20160205:2010,0.0,0.0,0.0,0.0,9.43,3.59,0.0
20160205:2110,0.0,0.0,0.0,0.0,8.84,3.52,0.0
20160205:2210,0.0,0.0,0.0,0.0,8.19,3.38,0.0
20160205:2310,0.0,0.0,0.0,0.0,7.59,3.38,0.0
20160206:0010,0.0,0.0,0.0,0.0,7.23,3.66,0.0
20160206:0110,0.0,0.0,0.0,0.0,7.06,3.93,0.0
20160206:0210,0.0,0.0,0.0,0.0,7.22,4.41,0.0
20160206:0310,0.0,0.0,0.0,0.0,7.35,4.76,0.0
20160206:0410,0.0,0.0,0.0,0.0,7.4,4.69,0.0
20160206:0510,0.0,0.0,0.0,0.0,7.46,4.55,0.0
20160206:0610,0.0,0.0,0.0,0.0,7.52,4.76,0.0
20160206:0710,0.0,0.0,0.0,0.0,7.72,5.31,0.0
20160206:0810,2.0,43.0,0.0,7.46,7.86,5.72,0.0
20160206:0910,0.0,51.0,0.0,15.01,8.26,5.66,0.0
20160206:1010,68.0,167.0,0.0,20.91,9.11,7.31,0.0
20160206:1110,17.0,183.0,0.0,24.62,10.4,7.79,0.0
20160206:1210,309.01,109.0,0.0,25.73,11.41,6.9,0.0
20160206:1310,199.01,151.0,0.0,24.1,12.52,7.03,0.0
20160206:1410,207.01,99.0,0.0,19.93,13.31,7.1,0.0
20160206:1510,90.0,88.0,0.0,13.68,13.45,6.97,0.0
20160206:1610,20.0,36.0,0.0,5.87,13.14,6.69,0.0
20160206:1710,0.0,0.0,0.0,0.0,12.43,6.28,0.0
20160206:1810,0.0,0.0,0.0,0.0,11.92,6.21,0.0
20160206:1910,0.0,0.0,0.0,0.0,12.23,7.17,0.0
20160206:2010,0.0,0.0,0.0,0.0,12.53,7.93,0.0
20160206:2110,0.0,0.0,0.0,0.0,12.25,8.07,0.0
20160206:2210,0.0,0.0,0.0,0.0,12.0,8.0,0.0
20160206:2310,0.0,0.0,0.0,0.0,11.92,8.0,0.0
20160207:0010,0.0,0.0,0.0,0.0,11.02,7.72,0.0
20160207:0110,0.0,0.0,0.0,0.0,9.72,7.59,0.0
20160207:0210,0.0,0.0,0.0,0.0,9.13,7.72,0.0
20160207:0310,0.0,0.0,0.0,0.0,8.53,6.41,0.0
20160207:0410,0.0,0.0,0.0,0.0,8.01,6.07,0.0
20160207:0510,0.0,0.0,0.0,0.0,7.67,6.0,0.0
20160207:0610,0.0,0.0,0.0,0.0,7.13,5.31,0.0
20160207:0710,0.0,0.0,0.0,0.0,6.57,4.9,0.0
20160207:0810,0.0,25.0,0.0,7.7,6.18,5.03,0.0
20160207:0910,20.0,115.0,0.0,15.28,6.68,4.55,0.0
20160207:1010,164.01,137.0,0.0,21.19,7.64,6.83,0.0
20160207:1110,231.01,144.0,0.0,24.92,8.43,6.9,0.0
20160207:1210,172.01,185.0,0.0,26.04,9.05,6.83,0.0
20160207:1310,94.0,195.0,0.0,24.41,9.52,6.69,0.0
20160207:1410,0.0,97.0,0.0,20.23,9.58,6.34,0.0
20160207:1510,157.01,58.0,0.0,13.96,9.3,5.66,0.0
20160207:1610,43.0,30.0,0.0,6.13,8.76,5.24,0.0
20160207:1710,0.0,0.0,0.0,0.0,8.2,4.97,0.0
20160207:1810,0.0,0.0,0.0,0.0,7.97,5.38,0.0
20160207:1910,0.0,0.0,0.0,0.0,7.94,6.21,0.0
20160207:2010,0.0,0.0,0.0,0.0,7.71,6.83,0.0
20160207:2110,0.0,0.0,0.0,0.0,7.6,7.59,0.0
20160207:2210,0.0,0.0,0.0,0.0,7.71,8.34,0.0
20160207:2310,0.0,0.0,0.0,0.0,8.12,8.9,0.0
20160208:0010,0.0,0.0,0.0,0.0,8.53,9.17,0.0
20160208:0110,0.0,0.0,0.0,0.0,8.78,9.24,0.0
20160208:0210,0.0,0.0,0.0,0.0,9.19,8.9,0.0
20160208:0310,0.0,0.0,0.0,0.0,9.67,8.9,0.0
20160208:0410,0.0,0.0,0.0,0.0,10.09,9.31,0.0
20160208:0510,0.0,0.0,0.0,0.0,10.22,9.59,0.0
20160208:0610,0.0,0.0,0.0,0.0,9.95,9.1,0.0
20160208:0710,0.0,0.0,0.0,0.0,9.97,8.97,0.0
20160208:0810,11.0,53.0,0.0,7.95,9.6,8.9,0.0
20160208:0910,15.0,113.0,0.0,15.55,9.61,9.31,0.0
20160208:1010,27.0,167.0,0.0,21.48,8.93,9.93,0.0
20160208:1110,0.0,68.0,0.0,25.23,9.26,8.34,0.0
20160208:1210,371.01,80.0,0.0,26.36,9.47,8.21,0.0
20160208:1310,295.01,103.0,0.0,24.72,8.67,9.86,0.0
20160208:1410,30.0,160.0,0.0,20.53,9.76,9.31,0.0
20160208:1510,131.01,73.0,0.0,14.24,9.46,9.24,0.0
20160208:1610,33.0,36.0,0.0,6.4,9.26,9.17,0.0
20160208:1710,0.0,0.0,0.0,0.0,8.8,8.28,0.0
20160208:1810,0.0,0.0,0.0,0.0,8.55,7.66,0.0
20160208:1910,0.0,0.0,0.0,0.0,7.97,7.31,0.0
20160208:2010,0.0,0.0,0.0,0.0,7.86,7.45,0.0
20160208:2110,0.0,0.0,0.0,0.0,7.64,7.24,0.0
20160208:2210,0.0,0.0,0.0,0.0,7.78,6.97,0.0
20160208:2310,0.0,0.0,0.0,0.0,7.36,6.55,0.0
20160209:0010,0.0,0.0,0.0,0.0,7.28,6.21,0.0
20160209:0110,0.0,0.0,0.0,0.0,7.43,6.28,0.0
20160209:0210,0.0,0.0,0.0,0.0,7.76,6.55,0.0
20160209:0310,0.0,0.0,0.0,0.0,8.04,6.48,0.0
20160209:0410,0.0,0.0,0.0,0.0,8.03,6.28,0.0
20160209:0510,0.0,0.0,0.0,0.0,7.96,6.41,0.0
20160209:0610,0.0,0.0,0.0,0.0,8.09,6.41,0.0
20160209:0710,0.0,0.0,0.0,0.0,8.7,8.34,0.0
20160209:0810,0.0,19.0,0.0,8.21,9.11,9.31,0.0
20160209:0910,0.0,59.0,0.0,15.82,9.92,9.17,0.0
20160209:1010,100.0,167.0,0.0,21.78,10.53,10.76,0.0
20160209:1110,27.0,198.0,0.0,25.54,10.41,11.1,0.0
20160209:1210,54.0,217.0,0.0,26.68,10.27,9.86,0.0
20160209:1310,0.0,130.0,0.0,25.04,8.43,7.66,0.0
20160209:1410,7.0,140.0,0.0,20.83,7.46,6.07,0.0
20160209:1510,0.0,67.0,0.0,14.53,6.48,4.48,0.0
20160209:1610,0.0,18.0,0.0,6.66,5.25,4.97,0.0
20160209:1710,0.0,0.0,0.0,0.0,3.62,4.9,0.0
20160209:1810,0.0,0.0,0.0,0.0,2.83,4.55,0.0
20160209:1910,0.0,0.0,0.0,0.0,3.47,4.34,0.0
20160209:2010,0.0,0.0,0.0,0.0,3.23,4.9,0.0
20160209:2110,0.0,0.0,0.0,0.0,2.73,5.1,0.0
20160209:2210,0.0,0.0,0.0,0.0,2.82,5.66,0.0
20160209:2310,0.0,0.0,0.0,0.0,3.09,5.79,0.0
20160210:0010,0.0,0.0,0.0,0.0,2.95,6.21,0.0
20160210:0110,0.0,0.0,0.0,0.0,2.87,6.34,0.0
20160210:0210,0.0,0.0,0.0,0.0,2.96,6.21,0.0
20160210:0310,0.0,0.0,0.0,0.0,3.03,6.14,0.0
20160210:0410,0.0,0.0,0.0,0.0,3.11,6.28,0.0
20160210:0510,0.0,0.0,0.0,0.0,3.2,6.55,0.0
20160210:0610,0.0,0.0,0.0,0.0,3.29,6.76,0.0
20160210:0710,0.0,0.0,0.0,0.0,2.92,6.21,0.0
20160210:0810,64.0,46.0,0.0,8.46,2.99,6.14,0.0
20160210:0910,175.01,73.0,0.0,16.1,3.63,5.59,0.0
20160210:1010,264.01,94.0,0.0,22.08,4.59,6.62,0.0
20160210:1110,335.01,98.0,0.0,25.86,5.8,7.45,0.0
20160210:1210,306.01,128.0,0.0,27.0,6.61,7.17,0.0
20160210:1310,194.01,170.0,0.0,25.36,7.07,6.69,0.0
20160210:1410,104.0,162.0,0.0,21.14,7.26,6.21,0.0
20160210:1510,79.0,106.0,0.0,14.82,7.28,5.86,0.0
20160210:1610,44.0,38.0,0.0,6.93,6.92,4.69,0.0
20160210:1710,0.0,0.0,0.0,0.0,6.07,4.07,0.0
20160210:1810,0.0,0.0,0.0,0.0,4.92,3.66,0.0
20160210:1910,0.0,0.0,0.0,0.0,4.44,3.86,0.0
20160210:2010,0.0,0.0,0.0,0.0,3.89,3.59,0.0
20160210:2110,0.0,0.0,0.0,0.0,3.58,3.45,0.0
20160210:2210,0.0,0.0,0.0,0.0,3.0,3.24,0.0
20160210:2310,0.0,0.0,0.0,0.0,3.08,3.31,0.0
20160211:0010,0.0,0.0,0.0,0.0,3.18,3.24,0.0
20160211:0110,0.0,0.0,0.0,0.0,3.41,3.1,0.0
20160211:0210,0.0,0.0,0.0,0.0,3.41,2.97,0.0
20160211:0310,0.0,0.0,0.0,0.0,3.32,2.83,0.0
20160211:0410,0.0,0.0,0.0,0.0,2.87,2.69,0.0
20160211:0510,0.0,0.0,0.0,0.0,2.15,2.76,0.0
20160211:0610,0.0,0.0,0.0,0.0,1.48,3.1,0.0
20160211:0710,0.0,0.0,0.0,0.0,1.09,2.55,0.0
20160211:0810,10.0,60.0,0.0,8.73,0.9,2.41,0.0
20160211:0910,194.01,67.0,0.0,16.38,1.89,3.1,0.0
20160211:1010,272.01,92.0,0.0,22.38,3.29,3.38,0.0
20160211:1110,141.0,200.0,0.0,26.18,5.04,3.31,0.0
20160211:1210,373.01,92.0,0.0,27.33,6.11,3.03,0.0
20160211:1310,114.0,203.0,0.0,25.68,6.94,2.97,0.0
20160211:1410,169.01,138.0,0.0,21.44,7.29,3.03,0.0
20160211:1510,60.0,114.0,0.0,15.1,7.19,3.03,0.0
20160211:1610,58.0,35.0,0.0,7.2,6.59,3.1,0.0
20160211:1710,0.0,0.0,0.0,0.0,5.5,2.76,0.0
20160211:1810,0.0,0.0,0.0,0.0,4.51,2.48,0.0
20160211:1910,0.0,0.0,0.0,0.0,3.54,2.76,0.0
20160211:2010,0.0,0.0,0.0,0.0,2.96,2.83,0.0
20160211:2110,0.0,0.0,0.0,0.0,2.41,2.83,0.0
20160211:2210,0.0,0.0,0.0,0.0,2.18,2.76,0.0
20160211:2310,0.0,0.0,0.0,0.0,2.16,2.69,0.0
20160212:0010,0.0,0.0,0.0,0.0,1.54,2.9,0.0
20160212:0110,0.0,0.0,0.0,0.0,1.33,3.17,0.0
20160212:0210,0.0,0.0,0.0,0.0,1.35,0.0,0.0
20160212:0310,0.0,0.0,0.0,0.0,1.22,0.0,0.0
20160212:0410,0.0,0.0,0.0,0.0,0.9,3.31,0.0
20160212:0510,0.0,0.0,0.0,0.0,0.72,3.45,0.0
20160212:0610,0.0,0.0,0.0,0.0,1.22,3.66,0.0
20160212:0710,0.0,0.0,0.0,0.0,1.71,4.14,0.0
20160212:0810,0.0,37.0,0.0,9.0,2.14,4.62,0.0
20160212:0910,0.0,63.0,0.0,16.67,2.07,4.83,0.0
20160212:1010,6.0,149.0,0.0,22.69,2.01,4.9,0.0
20160212:1110,0.0,108.0,0.0,26.5,2.14,4.69,0.0
20160212:1210,0.0,80.0,0.0,27.66,2.09,4.14,0.0
20160212:1310,0.0,85.0,0.0,26.0,2.21,3.45,0.0
20160212:1410,2.0,131.0,0.0,21.75,2.43,2.69,0.0
20160212:1510,0.0,72.0,0.0,15.39,2.56,1.59,0.0
20160212:1610,1.0,37.0,0.0,7.48,2.72,1.03,0.0
20160212:1710,0.0,0.0,0.0,0.0,2.75,0.97,0.0
20160212:1810,0.0,0.0,0.0,0.0,2.72,0.83,0.0
20160212:1910,0.0,0.0,0.0,0.0,3.08,1.86,0.0
20160212:2010,0.0,0.0,0.0,0.0,3.25,1.86,0.0
20160212:2110,0.0,0.0,0.0,0.0,3.3,1.59,0.0
20160212:2210,0.0,0.0,0.0,0.0,3.31,1.24,0.0
20160212:2310,0.0,0.0,0.0,0.0,3.22,1.03,0.0
20160213:0010,0.0,0.0,0.0,0.0,2.93,0.97,0.0
20160213:0110,0.0,0.0,0.0,0.0,2.72,1.17,0.0
20160213:0210,0.0,0.0,0.0,0.0,2.42,1.38,0.0
20160213:0310,0.0,0.0,0.0,0.0,2.72,1.45,0.0
20160213:0410,0.0,0.0,0.0,0.0,3.06,1.79,0.0
20160213:0510,0.0,0.0,0.0,0.0,3.73,2.21,0.0
20160213:0610,0.0,0.0,0.0,0.0,4.55,3.03,0.0
20160213:0710,0.0,0.0,0.0,0.0,5.27,4.0,0.0
20160213:0810,0.0,37.0,0.0,9.27,5.47,4.55,0.0
20160213:0910,5.0,109.0,0.0,16.97,5.45,3.93,0.0
20160213:1010,0.0,98.0,0.0,23.01,5.67,5.45,0.0
20160213:1110,0.0,90.0,0.0,26.83,7.31,5.17,0.0
20160213:1210,14.0,203.0,0.0,27.99,9.01,5.79,0.0
20160213:1310,0.0,83.0,0.0,26.33,10.71,6.21,0.0
20160213:1410,0.0,31.0,0.0,22.07,10.31,7.31,0.0
20160213:1510,0.0,29.0,0.0,15.69,8.98,7.38,0.0
20160213:1610,6.0,49.0,0.0,7.75,8.52,7.86,0.0
20160213:1710,0.0,0.0,0.0,0.0,7.99,9.03,0.0
20160213:1810,0.0,0.0,0.0,0.0,7.75,9.1,0.0
20160213:1910,0.0,0.0,0.0,0.0,7.7,6.97,0.0
20160213:2010,0.0,0.0,0.0,0.0,7.15,6.41,0.0
20160213:2110,0.0,0.0,0.0,0.0,6.97,6.21,0.0
20160213:2210,0.0,0.0,0.0,0.0,6.72,6.0,0.0
20160213:2310,0.0,0.0,0.0,0.0,6.43,5.52,0.0
20160214:0010,0.0,0.0,0.0,0.0,6.16,4.97,0.0
20160214:0110,0.0,0.0,0.0,0.0,5.96,4.34,0.0
20160214:0210,0.0,0.0,0.0,0.0,5.77,3.86,0.0
20160214:0310,0.0,0.0,0.0,0.0,5.67,3.52,0.0
20160214:0410,0.0,0.0,0.0,0.0,5.47,3.17,0.0
20160214:0510,0.0,0.0,0.0,0.0,5.3,2.83,0.0
20160214:0610,0.0,0.0,0.0,0.0,5.16,2.62,0.0
20160214:0710,0.0,0.0,0.0,0.0,5.23,2.0,0.0
20160214:0810,12.0,65.0,0.0,9.55,5.37,1.66,0.0
20160214:0910,58.0,135.0,0.0,17.26,5.93,2.48,0.0
20160214:1010,0.0,34.0,0.0,23.32,6.43,2.62,0.0
20160214:1110,0.0,131.0,0.0,27.17,6.9,2.41,0.0
20160214:1210,0.0,126.0,0.0,28.33,7.71,2.48,0.0
20160214:1310,0.0,53.0,0.0,26.66,8.07,2.41,0.0
20160214:1410,0.0,36.0,0.0,22.38,8.21,2.69,0.0
20160214:1510,0.0,29.0,0.0,15.98,7.26,3.24,0.0
20160214:1610,7.0,50.0,0.0,8.02,6.46,3.31,0.0
20160214:1710,0.0,0.0,0.0,0.0,5.67,3.1,0.0
20160214:1810,0.0,0.0,0.0,0.0,4.92,3.24,0.0
20160214:1910,0.0,0.0,0.0,0.0,3.72,3.52,0.0
20160214:2010,0.0,0.0,0.0,0.0,2.99,3.66,0.0
20160214:2110,0.0,0.0,0.0,0.0,2.44,3.79,0.0
20160214:2210,0.0,0.0,0.0,0.0,2.1,3.79,0.0
20160214:2310,0.0,0.0,0.0,0.0,2.0,3.86,0.0
20160215:0010,0.0,0.0,0.0,0.0,1.85,4.0,0.0
20160215:0110,0.0,0.0,0.0,0.0,1.8,4.21,0.0
20160215:0210,0.0,0.0,0.0,0.0,1.67,4.41,0.0
20160215:0310,0.0,0.0,0.0,0.0,1.63,4.62,0.0
20160215:0410,0.0,0.0,0.0,0.0,1.54,4.83,0.0
20160215:0510,0.0,0.0,0.0,0.0,1.7,5.1,0.0
20160215:0610,0.0,0.0,0.0,0.0,1.71,5.17,0.0
20160215:0710,0.0,0.0,0.0,0.0,2.2,5.24,0.0
20160215:0810,66.0,59.0,0.0,9.83,2.46,5.31,0.0
20160215:0910,187.01,85.0,0.0,17.57,3.07,5.45,0.0
20160215:1010,145.0,173.0,0.0,23.65,3.92,7.03,0.0
20160215:1110,25.0,214.0,0.0,27.5,4.87,7.66,0.0
20160215:1210,104.0,236.0,0.0,28.67,5.53,7.79,0.0
20160215:1310,256.01,157.0,0.0,27.0,6.05,7.66,0.0
20160215:1410,180.01,147.0,0.0,22.7,5.79,6.83,0.0
20160215:1510,51.0,127.0,0.0,16.28,5.57,6.55,0.0
20160215:1610,58.0,46.0,0.0,8.3,5.12,5.1,0.0
20160215:1710,0.0,0.0,0.0,0.0,4.21,4.48,0.0
20160215:1810,0.0,0.0,0.0,0.0,3.45,4.21,0.0
20160215:1910,0.0,0.0,0.0,0.0,2.91,4.07,0.0
20160215:2010,0.0,0.0,0.0,0.0,2.32,3.86,0.0
20160215:2110,0.0,0.0,0.0,0.0,1.81,3.79,0.0
20160215:2210,0.0,0.0,0.0,0.0,1.28,3.72,0.0
20160215:2310,0.0,0.0,0.0,0.0,0.77,3.45,0.0
20160216:0010,0.0,0.0,0.0,0.0,0.3,3.52,0.0
20160216:0110,0.0,0.0,0.0,0.0,-0.1,3.38,0.0
20160216:0210,0.0,0.0,0.0,0.0,-0.53,3.1,0.0
20160216:0310,0.0,0.0,0.0,0.0,-0.99,2.83,0.0
20160216:0410,0.0,0.0,0.0,0.0,-1.44,2.76,0.0
20160216:0510,0.0,0.0,0.0,0.0,-1.81,2.76,0.0
20160216:0610,0.0,0.0,0.0,0.0,-2.14,2.76,0.0
20160216:0710,0.0,0.0,0.0,0.0,-1.93,2.69,0.0
20160216:0810,88.0,54.0,0.0,10.12,-1.4,2.48,0.0
20160216:0910,219.01,74.0,0.0,17.87,0.34,2.97,0.0
20160216:1010,318.01,91.0,0.0,23.97,1.91,3.45,0.0
20160216:1110,394.01,94.0,0.0,27.85,3.0,3.66,0.0
20160216:1210,431.01,87.0,0.0,29.02,3.94,3.79,0.0
20160216:1310,385.01,92.0,0.0,27.33,4.64,3.79,0.0
20160216:1410,313.01,83.0,0.0,23.01,5.03,3.66,0.0
20160216:1510,194.01,72.0,0.0,16.57,5.03,3.45,0.0
20160216:1610,65.0,47.0,0.0,8.57,4.59,2.97,0.0
20160216:1710,0.0,0.0,0.0,0.0,3.24,2.41,0.0
20160216:1810,0.0,0.0,0.0,0.0,1.67,2.55,0.0
20160216:1910,0.0,0.0,0.0,0.0,1.05,2.28,0.0
20160216:2010,0.0,0.0,0.0,0.0,-0.06,2.14,0.0
20160216:2110,0.0,0.0,0.0,0.0,-1.31,2.0,0.0
20160216:2210,0.0,0.0,0.0,0.0,-2.47,2.07,0.0
20160216:2310,0.0,0.0,0.0,0.0,-3.22,2.0,0.0
20160217:0010,0.0,0.0,0.0,0.0,-3.74,2.0,0.0
20160217:0110,0.0,0.0,0.0,0.0,-4.18,1.86,0.0
20160217:0210,0.0,0.0,0.0,0.0,-4.34,1.72,0.0
20160217:0310,0.0,0.0,0.0,0.0,-4.56,1.66,0.0
20160217:0410,0.0,0.0,0.0,0.0,-4.31,1.38,0.0
20160217:0510,0.0,0.0,0.0,0.0,-3.06,0.97,0.0
20160217:0610,0.0,0.0,0.0,0.0,-2.99,0.76,0.0
20160217:0710,0.0,0.0,0.0,0.0,-2.74,0.34,0.0
20160217:0810,52.0,73.0,0.0,10.41,-2.4,0.07,0.0
20160217:0910,10.0,131.0,0.0,18.18,-0.75,0.28,0.0
20160217:1010,5.0,164.0,0.0,24.3,1.38,0.34,0.0
20160217:1110,145.0,225.0,0.0,28.19,2.49,0.55,0.0
20160217:1210,0.0,100.0,0.0,29.37,3.48,1.03,0.0
20160217:1310,60.0,233.0,0.0,27.67,3.93,1.31,0.0
20160217:1410,6.0,159.0,0.0,23.33,4.29,1.79,0.0
20160217:1510,0.0,79.0,0.0,16.87,4.33,2.07,0.0
20160217:1610,26.0,64.0,0.0,8.85,4.02,2.28,0.0
20160217:1710,0.0,0.0,0.0,0.0,3.09,2.0,0.0
20160217:1810,0.0,0.0,0.0,0.0,1.96,2.14,0.0
20160217:1910,0.0,0.0,0.0,0.0,1.13,2.14,0.0
20160217:2010,0.0,0.0,0.0,0.0,0.94,2.34,0.0
20160217:2110,0.0,0.0,0.0,0.0,0.46,2.55,0.0
20160217:2210,0.0,0.0,0.0,0.0,-0.06,2.69,0.0
20160217:2310,0.0,0.0,0.0,0.0,-0.23,2.76,0.0
20160218:0010,0.0,0.0,0.0,0.0,-0.45,2.62,0.0
20160218:0110,0.0,0.0,0.0,0.0,-0.81,2.34,0.0
20160218:0210,0.0,0.0,0.0,0.0,-0.83,2.14,0.0
20160218:0310,0.0,0.0,0.0,0.0,-1.2,2.14,0.0
20160218:0410,0.0,0.0,0.0,0.0,-1.25,2.07,0.0
20160218:0510,0.0,0.0,0.0,0.0,-1.4,2.07,0.0
20160218:0610,0.0,0.0,0.0,0.0,-1.32,2.0,0.0
20160218:0710,0.0,7.0,0.0,1.79,-0.76,1.93,0.0
20160218:0810,23.0,78.0,0.0,10.7,-0.12,1.86,0.0
20160218:0910,7.0,125.0,0.0,18.5,1.23,2.28,0.0
20160218:1010,0.0,127.0,0.0,24.64,2.33,2.34,0.0
20160218:1110,10.0,199.0,0.0,28.54,3.46,2.34,0.0
20160218:1210,1.0,168.0,0.0,29.72,4.36,2.14,0.0
20160218:1310,0.0,95.0,0.0,28.01,5.23,2.07,0.0
20160218:1410,7.0,161.0,0.0,23.66,5.65,2.14,0.0
20160218:1510,2.0,99.0,0.0,17.17,5.84,2.21,0.0
20160218:1610,0.0,19.0,0.0,9.13,5.61,1.86,0.0
20160218:1710,0.0,0.0,0.0,0.0,4.88,1.66,0.0
20160218:1810,0.0,0.0,0.0,0.0,4.0,2.0,0.0
20160218:1910,0.0,0.0,0.0,0.0,3.4,3.03,0.0
20160218:2010,0.0,0.0,0.0,0.0,3.29,3.59,0.0
20160218:2110,0.0,0.0,0.0,0.0,2.9,3.45,0.0
20160218:2210,0.0,0.0,0.0,0.0,2.3,3.1,0.0
20160218:2310,0.0,0.0,0.0,0.0,1.45,2.97,0.0
20160219:0010,0.0,0.0,0.0,0.0,0.88,2.97,0.0
20160219:0110,0.0,0.0,0.0,0.0,0.26,2.83,0.0
20160219:0210,0.0,0.0,0.0,0.0,-0.39,2.69,0.0
20160219:0310,0.0,0.0,0.0,0.0,-0.97,2.55,0.0
20160219:0410,0.0,0.0,0.0,0.0,-1.27,2.48,0.0
20160219:0510,0.0,0.0,0.0,0.0,-1.31,2.55,0.0
20160219:0610,0.0,0.0,0.0,0.0,-0.95,2.62,0.0
20160219:0710,0.0,6.0,0.0,2.07,-1.03,2.62,0.0
20160219:0810,91.0,60.0,0.0,11.0,-0.08,2.48,0.0
20160219:0910,149.01,118.0,0.0,18.82,1.86,2.76,0.0
20160219:1010,329.01,90.0,0.0,24.98,3.86,3.03,0.0
20160219:1110,406.01,92.0,0.0,28.89,5.78,3.59,0.0
20160219:1210,361.01,130.0,0.0,30.08,7.08,4.48,0.0
20160219:1310,125.0,227.0,0.0,28.36,7.77,4.69,0.0
20160219:1410,164.01,168.0,0.0,23.98,8.02,4.55,0.0
20160219:1510,183.01,84.0,0.0,17.47,8.24,4.34,0.0
20160219:1610,27.0,66.0,0.0,9.41,7.94,3.72,0.0
20160219:1710,0.0,0.0,0.0,0.0,6.8,3.31,0.0
20160219:1810,0.0,0.0,0.0,0.0,5.3,3.38,0.0
20160219:1910,0.0,0.0,0.0,0.0,4.81,3.86,0.0
20160219:2010,0.0,0.0,0.0,0.0,4.82,4.41,0.0
20160219:2110,0.0,0.0,0.0,0.0,4.78,4.83,0.0
20160219:2210,0.0,0.0,0.0,0.0,5.23,5.17,0.0
20160219:2310,0.0,0.0,0.0,0.0,5.57,5.52,0.0
20160220:0010,0.0,0.0,0.0,0.0,5.73,5.86,0.0
20160220:0110,0.0,0.0,0.0,0.0,5.94,6.28,0.0
20160220:0210,0.0,0.0,0.0,0.0,6.08,6.48,0.0
20160220:0310,0.0,0.0,0.0,0.0,6.04,6.41,0.0
20160220:0410,0.0,0.0,0.0,0.0,6.44,6.14,0.0
20160220:0510,0.0,0.0,0.0,0.0,6.93,5.93,0.0
20160220:0610,0.0,0.0,0.0,0.0,7.44,5.66,0.0
20160220:0710,0.0,5.0,0.0,2.36,8.16,6.14,0.0
20160220:0810,0.0,36.0,0.0,11.31,8.66,5.93,0.0
20160220:0910,4.0,119.0,0.0,19.14,9.11,6.07,0.0
20160220:1010,0.0,124.0,0.0,25.32,9.49,6.07,0.0
20160220:1110,6.0,189.0,0.0,29.25,9.85,6.28,0.0
20160220:1210,0.0,149.0,0.0,30.43,10.12,6.48,0.0
20160220:1310,1.0,157.0,0.0,28.7,10.62,6.34,0.0
20160220:1410,0.0,81.0,0.0,24.3,11.1,6.41,0.0
20160220:1510,0.0,38.0,0.0,17.77,11.32,6.55,0.0
20160220:1610,0.0,21.0,0.0,9.69,11.45,6.21,0.0
20160220:1710,0.0,0.0,0.0,0.0,11.53,6.21,0.0
20160220:1810,0.0,0.0,0.0,0.0,11.66,6.41,0.0
20160220:1910,0.0,0.0,0.0,0.0,10.95,7.17,0.0
20160220:2010,0.0,0.0,0.0,0.0,11.0,7.17,0.0
20160220:2110,0.0,0.0,0.0,0.0,11.0,7.38,0.0
20160220:2210,0.0,0.0,0.0,0.0,10.93,7.45,0.0
20160220:2310,0.0,0.0,0.0,0.0,10.78,6.97,0.0
20160221:0010,0.0,0.0,0.0,0.0,10.62,6.55,0.0
20160221:0110,0.0,0.0,0.0,0.0,10.43,6.21,0.0
20160221:0210,0.0,0.0,0.0,0.0,10.26,6.14,0.0
20160221:0310,0.0,0.0,0.0,0.0,10.13,5.93,0.0
20160221:0410,0.0,0.0,0.0,0.0,9.98,5.66,0.0
20160221:0510,0.0,0.0,0.0,0.0,9.89,5.52,0.0
20160221:0610,0.0,0.0,0.0,0.0,9.78,5.45,0.0
20160221:0710,0.0,8.0,0.0,2.66,9.73,5.79,0.0
20160221:0810,6.0,75.0,0.0,11.62,9.68,5.72,0.0
20160221:0910,4.0,119.0,0.0,19.47,9.77,5.86,0.0
20160221:1010,12.0,180.0,0.0,25.66,9.99,6.41,0.0
20160221:1110,1.0,155.0,0.0,29.61,10.86,6.48,0.0
20160221:1210,1.0,170.0,0.0,30.79,11.39,6.34,0.0
20160221:1310,0.0,132.0,0.0,29.05,11.33,5.66,0.0
20160221:1410,0.0,78.0,0.0,24.63,11.65,5.93,0.0
20160221:1510,5.0,115.0,0.0,18.07,11.62,5.24,0.0
20160221:1610,0.0,14.0,0.0,9.96,11.47,5.1,0.0
20160221:1710,0.0,0.0,0.0,0.0,11.16,4.9,0.0
20160221:1810,0.0,0.0,0.0,0.0,10.84,4.9,0.0
20160221:1910,0.0,0.0,0.0,0.0,9.92,5.31,0.0
20160221:2010,0.0,0.0,0.0,0.0,9.7,5.31,0.0
20160221:2110,0.0,0.0,0.0,0.0,9.42,5.03,0.0
20160221:2210,0.0,0.0,0.0,0.0,9.14,4.9,0.0
20160221:2310,0.0,0.0,0.0,0.0,8.94,4.97,0.0
20160222:0010,0.0,0.0,0.0,0.0,8.75,4.97,0.0
20160222:0110,0.0,0.0,0.0,0.0,8.64,5.31,0.0
20160222:0210,0.0,0.0,0.0,0.0,8.51,5.24,0.0
20160222:0310,0.0,0.0,0.0,0.0,8.38,5.03,0.0
20160222:0410,0.0,0.0,0.0,0.0,8.24,4.97,0.0
20160222:0510,0.0,0.0,0.0,0.0,8.13,4.97,0.0
20160222:0610,0.0,0.0,0.0,0.0,8.01,4.9,0.0
20160222:0710,0.0,11.0,0.0,2.95,8.13,4.97,0.0
20160222:0810,13.0,84.0,0.0,11.93,8.71,4.97,0.0
20160222:0910,19.0,147.0,0.0,19.8,9.17,5.1,0.0
20160222:1010,94.0,208.0,0.0,26.01,9.77,0.0,0.0
20160222:1110,43.0,239.0,0.0,29.97,10.45,0.0,0.0
20160222:1210,0.0,158.0,0.0,31.16,10.66,6.07,0.0
20160222:1310,16.0,214.0,0.0,29.4,10.74,6.14,0.0
20160222:1410,0.0,108.0,0.0,24.96,10.41,5.59,0.0
20160222:1510,3.0,112.0,0.0,18.37,10.27,5.45,0.0
20160222:1610,9.0,69.0,0.0,10.24,10.14,5.24,0.0
20160222:1710,0.0,0.0,0.0,0.0,9.79,5.1,0.0
20160222:1810,0.0,0.0,0.0,0.0,9.32,5.03,0.0
20160222:1910,0.0,0.0,0.0,0.0,9.86,4.83,0.0
20160222:2010,0.0,0.0,0.0,0.0,9.66,4.62,0.0
20160222:2110,0.0,0.0,0.0,0.0,9.69,4.69,0.0
20160222:2210,0.0,0.0,0.0,0.0,9.69,4.97,0.0
20160222:2310,0.0,0.0,0.0,0.0,9.69,5.17,0.0
20160223:0010,0.0,0.0,0.0,0.0,9.55,4.9,0.0
20160223:0110,0.0,0.0,0.0,0.0,9.33,4.9,0.0
20160223:0210,0.0,0.0,0.0,0.0,9.15,4.69,0.0
20160223:0310,0.0,0.0,0.0,0.0,8.56,3.72,0.0
20160223:0410,0.0,0.0,0.0,0.0,7.79,3.1,0.0
20160223:0510,0.0,0.0,0.0,0.0,6.5,3.52,0.0
20160223:0610,0.0,0.0,0.0,0.0,5.0,4.0,0.0
20160223:0710,2.0,14.62,0.0,3.25,4.09,3.66,0.0
20160223:0810,7.0,81.0,0.0,12.24,4.1,3.52,0.0
20160223:0910,10.0,142.0,0.0,20.13,4.9,3.52,0.0
20160223:1010,68.0,214.0,0.0,26.37,5.9,3.66,0.0
20160223:1110,156.0,232.0,0.0,30.33,6.99,3.66,0.0
20160223:1210,319.01,166.0,0.0,31.52,7.79,3.86,0.0
20160223:1310,3.0,184.0,0.0,29.75,8.34,3.79,0.0
20160223:1410,44.0,203.0,0.0,25.29,8.58,4.07,0.0
20160223:1510,119.0,127.0,0.0,18.67,8.69,4.14,0.0
20160223:1610,70.0,62.0,0.0,10.52,8.34,3.59,0.0
20160223:1710,0.0,0.0,0.0,0.0,7.34,2.62,0.0
20160223:1810,0.0,0.0,0.0,0.0,6.26,2.34,0.0
20160223:1910,0.0,0.0,0.0,0.0,5.14,2.07,0.0
20160223:2010,0.0,0.0,0.0,0.0,3.88,1.86,0.0
20160223:2110,0.0,0.0,0.0,0.0,2.58,1.66,0.0
20160223:2210,0.0,0.0,0.0,0.0,2.19,1.38,0.0
20160223:2310,0.0,0.0,0.0,0.0,3.5,0.9,0.0
20160224:0010,0.0,0.0,0.0,0.0,3.1,0.55,0.0
20160224:0110,0.0,0.0,0.0,0.0,2.2,1.03,0.0
20160224:0210,0.0,0.0,0.0,0.0,0.24,1.45,0.0
20160224:0310,0.0,0.0,0.0,0.0,-0.35,1.66,0.0
20160224:0410,0.0,0.0,0.0,0.0,-0.88,1.79,0.0
20160224:0510,0.0,0.0,0.0,0.0,-0.99,1.93,0.0
20160224:0610,0.0,0.0,0.0,0.0,-1.13,2.0,0.0
20160224:0710,1.0,16.8,0.0,3.56,0.95,1.93,0.0
20160224:0810,21.0,92.0,0.0,12.56,2.61,1.66,0.0
20160224:0910,41.0,163.0,0.0,20.47,4.68,1.93,0.0
20160224:1010,6.0,178.0,0.0,26.72,6.46,2.48,0.0
20160224:1110,0.0,149.0,0.0,30.7,7.53,3.38,0.0
20160224:1210,0.0,87.0,0.0,31.89,7.19,3.45,0.0
20160224:1310,0.0,108.0,0.0,30.11,7.27,4.0,0.0
20160224:1410,3.0,157.0,0.0,25.61,6.62,3.1,0.0
20160224:1510,4.0,118.0,0.0,18.97,6.09,3.03,0.0
20160224:1610,0.0,24.0,0.0,10.8,5.32,3.03,0.0
20160224:1710,0.0,0.0,0.0,0.0,4.85,3.03,0.0
20160224:1810,0.0,0.0,0.0,0.0,4.42,2.97,0.0
20160224:1910,0.0,0.0,0.0,0.0,4.25,2.55,0.0
20160224:2010,0.0,0.0,0.0,0.0,4.06,2.62,0.0
20160224:2110,0.0,0.0,0.0,0.0,3.87,2.62,0.0
20160224:2210,0.0,0.0,0.0,0.0,3.58,2.76,0.0
20160224:2310,0.0,0.0,0.0,0.0,2.89,2.83,0.0
20160225:0010,0.0,0.0,0.0,0.0,2.32,2.76,0.0
20160225:0110,0.0,0.0,0.0,0.0,1.76,2.69,0.0
20160225:0210,0.0,0.0,0.0,0.0,1.19,2.69,0.0
20160225:0310,0.0,0.0,0.0,0.0,0.74,2.83,0.0
20160225:0410,0.0,0.0,0.0,0.0,0.38,2.9,0.0
20160225:0510,0.0,0.0,0.0,0.0,0.08,2.76,0.0
20160225:0610,0.0,0.0,0.0,0.0,-0.38,2.62,0.0
20160225:0710,5.0,20.83,0.0,3.86,-1.42,2.34,0.0
20160225:0810,127.0,62.0,0.0,12.88,-0.4,2.07,0.0
20160225:0910,267.01,78.0,0.0,20.81,1.62,2.21,0.0
20160225:1010,361.01,96.0,0.0,27.08,3.72,2.28,0.0
20160225:1110,10.0,217.0,0.0,31.07,5.4,2.55,0.0
20160225:1210,128.0,262.0,0.0,32.26,6.03,2.76,0.0
20160225:1310,70.0,253.0,0.0,30.46,6.34,2.69,0.0
20160225:1410,73.0,214.0,0.0,25.94,6.72,2.97,0.0
20160225:1510,0.0,69.0,0.0,19.28,6.68,3.03,0.0
20160225:1610,26.0,81.0,0.0,11.08,6.38,2.62,0.0
20160225:1710,0.0,4.0,0.0,1.9,5.51,1.66,0.0
20160225:1810,0.0,0.0,0.0,0.0,4.13,1.38,0.0
20160225:1910,0.0,0.0,0.0,0.0,3.16,1.24,0.0
20160225:2010,0.0,0.0,0.0,0.0,2.51,1.1,0.0
20160225:2110,0.0,0.0,0.0,0.0,1.76,1.17,0.0
20160225:2210,0.0,0.0,0.0,0.0,0.34,1.38,0.0
20160225:2310,0.0,0.0,0.0,0.0,-0.62,1.45,0.0
20160226:0010,0.0,0.0,0.0,0.0,-0.63,1.17,0.0
20160226:0110,0.0,0.0,0.0,0.0,0.25,0.69,0.0
20160226:0210,0.0,0.0,0.0,0.0,0.06,0.28,0.0
20160226:0310,0.0,0.0,0.0,0.0,-0.16,0.83,0.0
20160226:0410,0.0,0.0,0.0,0.0,-1.54,1.17,0.0
20160226:0510,0.0,0.0,0.0,0.0,-1.82,1.38,0.0
20160226:0610,0.0,0.0,0.0,0.0,-1.83,1.52,0.0
20160226:0710,2.0,20.59,0.0,4.18,-0.3,1.66,0.0
20160226:0810,17.0,98.0,0.0,13.21,1.2,1.45,0.0
20160226:0910,38.0,171.0,0.0,21.15,3.19,1.72,0.0
20160226:1010,112.0,223.0,0.0,27.44,4.59,2.41,0.0
20160226:1110,54.0,259.0,0.0,31.45,5.36,2.9,0.0
20160226:1210,18.0,243.0,0.0,32.63,5.91,3.03,0.0
20160226:1310,0.0,154.0,0.0,30.82,6.1,3.24,0.0
20160226:1410,0.0,113.0,0.0,26.28,6.05,3.66,0.0
20160226:1510,0.0,82.0,0.0,19.58,5.82,3.59,0.0
20160226:1610,9.0,77.0,0.0,11.36,5.48,3.03,0.0
20160226:1710,0.0,8.0,0.0,2.16,4.98,2.9,0.0
20160226:1810,0.0,0.0,0.0,0.0,4.18,3.1,0.0
20160226:1910,0.0,0.0,0.0,0.0,2.78,3.17,0.0
20160226:2010,0.0,0.0,0.0,0.0,2.23,3.03,0.0
20160226:2110,0.0,0.0,0.0,0.0,2.1,3.1,0.0
20160226:2210,0.0,0.0,0.0,0.0,1.7,3.45,0.0
20160226:2310,0.0,0.0,0.0,0.0,1.71,3.93,0.0
20160227:0010,0.0,0.0,0.0,0.0,1.6,4.07,0.0
20160227:0110,0.0,0.0,0.0,0.0,1.23,4.0,0.0
20160227:0210,0.0,0.0,0.0,0.0,0.81,3.86,0.0
20160227:0310,0.0,0.0,0.0,0.0,0.32,3.52,0.0
20160227:0410,0.0,0.0,0.0,0.0,-0.2,3.31,0.0
20160227:0510,0.0,0.0,0.0,0.0,-0.59,3.52,0.0
20160227:0610,0.0,0.0,0.0,0.0,-0.81,3.93,0.0
20160227:0710,1.0,19.82,0.0,4.49,-0.77,4.07,0.0
20160227:0810,115.0,76.0,0.0,13.54,0.03,3.79,0.0
20160227:0910,192.01,128.0,0.0,21.5,1.55,4.69,0.0
20160227:1010,308.01,137.0,0.0,27.81,3.44,4.9,0.0
20160227:1110,391.01,135.0,0.0,31.82,5.29,4.97,0.0
20160227:1210,0.0,0.0,0.0,0.0,6.8,5.17,0.0
20160227:1310,308.01,175.0,0.0,31.18,7.73,5.45,0.0
20160227:1410,223.01,169.0,0.0,26.61,8.22,5.59,0.0
20160227:1510,58.0,160.0,0.0,19.88,8.32,5.52,0.0
20160227:1610,19.0,86.0,0.0,11.64,7.94,4.97,0.0
20160227:1710,0.0,10.0,0.0,2.42,6.88,5.03,0.0
20160227:1810,0.0,0.0,0.0,0.0,5.76,5.31,0.0
20160227:1910,0.0,0.0,0.0,0.0,5.01,4.97,0.0
20160227:2010,0.0,0.0,0.0,0.0,4.5,5.1,0.0
20160227:2110,0.0,0.0,0.0,0.0,3.93,5.1,0.0
20160227:2210,0.0,0.0,0.0,0.0,3.33,5.03,0.0
20160227:2310,0.0,0.0,0.0,0.0,2.73,4.9,0.0
20160228:0010,0.0,0.0,0.0,0.0,2.14,4.97,0.0
20160228:0110,0.0,0.0,0.0,0.0,1.6,5.03,0.0
20160228:0210,0.0,0.0,0.0,0.0,1.11,5.1,0.0
20160228:0310,0.0,0.0,0.0,0.0,0.72,5.38,0.0
20160228:0410,0.0,0.0,0.0,0.0,0.39,5.45,0.0
20160228:0510,0.0,0.0,0.0,0.0,0.1,5.38,0.0
20160228:0610,0.0,0.0,0.0,0.0,-0.17,5.38,0.0
20160228:0710,7.0,26.32,0.0,4.81,-0.23,5.52,0.0
20160228:0810,115.0,81.0,0.0,13.87,0.57,4.97,0.0
20160228:0910,250.01,101.0,0.0,21.85,1.87,6.28,0.0
20160228:1010,201.01,198.0,0.0,28.17,3.47,6.55,0.0
20160228:1110,6.0,212.0,0.0,32.2,4.99,6.55,0.0
20160228:1210,0.0,0.0,0.0,0.0,6.28,6.62,0.0
20160228:1310,101.0,263.0,0.0,31.53,7.23,6.62,0.0
20160228:1410,21.0,206.0,0.0,26.94,7.7,6.55,0.0
20160228:1510,10.0,145.0,0.0,20.19,7.71,6.41,0.0
20160228:1610,17.0,87.0,0.0,11.92,7.21,5.72,0.0
20160228:1710,0.0,12.0,0.0,2.69,6.13,5.79,0.0
20160228:1810,0.0,0.0,0.0,0.0,4.97,5.93,0.0
20160228:1910,0.0,0.0,0.0,0.0,4.23,5.79,0.0
20160228:2010,0.0,0.0,0.0,0.0,3.59,5.66,0.0
20160228:2110,0.0,0.0,0.0,0.0,2.95,5.59,0.0
20160228:2210,0.0,0.0,0.0,0.0,2.35,5.66,0.0
20160228:2310,0.0,0.0,0.0,0.0,1.88,5.66,0.0
20160229:0010,0.0,0.0,0.0,0.0,1.35,5.59,0.0
20160229:0110,0.0,0.0,0.0,0.0,0.9,5.66,0.0
20160229:0210,0.0,0.0,0.0,0.0,0.48,5.72,0.0
20160229:0310,0.0,0.0,0.0,0.0,0.12,5.59,0.0
20160229:0410,0.0,0.0,0.0,0.0,-0.24,5.31,0.0
20160229:0510,0.0,0.0,0.0,0.0,-0.55,5.24,0.0
20160229:0610,0.0,0.0,0.0,0.0,-0.82,5.24,0.0
20160229:0710,10.0,28.34,0.0,4.81,-0.68,5.24,0.0
20160229:0810,144.01,70.0,0.0,13.87,0.18,4.55,0.0
20160229:0910,279.01,89.0,0.0,21.85,1.57,6.0,0.0
20160229:1010,376.01,108.0,0.0,28.17,3.1,6.21,0.0
20160229:1110,464.01,103.0,0.0,32.2,4.53,6.07,0.0
20160229:1210,0.0,0.0,0.0,0.0,5.74,5.93,0.0
20160229:1310,452.01,102.0,0.0,31.53,6.54,5.72,0.0
20160229:1410,383.01,90.0,0.0,26.94,6.89,5.66,0.0
20160229:1510,246.01,87.0,0.0,20.19,6.86,5.59,0.0
20160229:1610,136.01,52.0,0.0,11.92,6.4,5.17,0.0
20160229:1710,0.0,14.0,0.0,2.69,5.39,4.07,0.0
20160229:1810,0.0,0.0,0.0,0.0,3.93,3.86,0.0
20160229:1910,0.0,0.0,0.0,0.0,3.13,3.17,0.0
20160229:2010,0.0,0.0,0.0,0.0,2.02,2.62,0.0
20160229:2110,0.0,0.0,0.0,0.0,1.1,2.48,0.0
20160229:2210,0.0,0.0,0.0,0.0,0.3,2.34,0.0
20160229:2310,0.0,0.0,0.0,0.0,-0.4,2.28,0.0
20160301:0010,0.0,0.0,0.0,0.0,-1.2,2.0,0.0
20160301:0110,0.0,0.0,0.0,0.0,-1.96,1.93,0.0
20160301:0210,0.0,0.0,0.0,0.0,-2.59,1.86,0.0
20160301:0310,0.0,0.0,0.0,0.0,-3.06,1.79,0.0
20160301:0410,0.0,0.0,0.0,0.0,-2.91,1.72,0.0
20160301:0510,0.0,0.0,0.0,0.0,-2.41,1.66,0.0
20160301:0610,0.0,0.0,0.0,0.0,-2.06,1.93,0.0
20160301:0710,2.0,26.57,0.0,5.13,-0.14,2.0,0.0
20160301:0810,5.0,91.0,0.0,14.2,1.26,2.55,0.0
20160301:0910,11.0,157.0,0.0,22.2,2.84,3.38,0.0
20160301:1010,0.0,134.0,0.0,28.55,4.24,4.28,0.0
20160301:1110,0.0,125.0,0.0,32.58,5.21,4.83,0.0
20160301:1210,0.0,105.0,0.0,33.76,5.39,4.62,0.0
20160301:1310,0.0,99.0,0.0,31.89,5.53,4.41,0.0
20160301:1410,0.0,82.0,0.0,27.27,5.88,5.31,0.0
20160301:1510,0.0,50.0,0.0,20.49,6.52,6.14,0.0
20160301:1610,0.0,34.0,0.0,12.2,6.96,6.14,0.0
20160301:1710,0.0,10.0,0.0,2.95,7.45,6.21,0.0
20160301:1810,0.0,0.0,0.0,0.0,7.84,6.14,0.0
20160301:1910,0.0,0.0,0.0,0.0,7.96,5.79,0.0
20160301:2010,0.0,0.0,0.0,0.0,8.31,5.52,0.0
20160301:2110,0.0,0.0,0.0,0.0,8.52,5.31,0.0
20160301:2210,0.0,0.0,0.0,0.0,8.66,5.24,0.0
20160301:2310,0.0,0.0,0.0,0.0,8.81,5.31,0.0
20160302:0010,0.0,0.0,0.0,0.0,8.84,5.31,0.0
20160302:0110,0.0,0.0,0.0,0.0,8.9,5.31,0.0
20160302:0210,0.0,0.0,0.0,0.0,8.81,5.45,0.0
20160302:0310,0.0,0.0,0.0,0.0,8.57,5.66,0.0
20160302:0410,0.0,0.0,0.0,0.0,7.88,5.38,0.0
20160302:0510,0.0,0.0,0.0,0.0,7.08,4.97,0.0
20160302:0610,0.0,0.0,0.0,0.0,6.77,5.1,0.0
20160302:0710,2.0,29.55,0.0,5.45,7.29,5.1,0.0
20160302:0810,0.0,43.0,0.0,14.54,6.99,5.52,0.0
20160302:0910,5.0,149.0,0.0,22.56,6.78,5.52,0.0
20160302:1010,369.01,114.0,0.0,28.92,7.18,5.59,0.0
20160302:1110,325.01,185.0,0.0,32.97,7.86,6.28,0.0
20160302:1210,69.0,282.0,0.0,34.14,8.86,7.03,0.0
20160302:1310,55.0,264.0,0.0,32.26,9.49,7.72,0.0
20160302:1410,211.01,185.0,0.0,27.6,8.89,9.03,0.0
20160302:1510,0.0,64.0,0.0,20.8,8.21,9.17,0.0
20160302:1610,23.0,93.0,0.0,12.48,5.39,7.52,0.0
20160302:1710,0.0,13.0,0.0,3.21,5.38,7.17,0.0
20160302:1810,0.0,0.0,0.0,0.0,4.79,6.0,0.0
20160302:1910,0.0,0.0,0.0,0.0,4.5,5.1,0.0
20160302:2010,0.0,0.0,0.0,0.0,4.06,4.55,0.0
20160302:2110,0.0,0.0,0.0,0.0,3.46,4.76,0.0
20160302:2210,0.0,0.0,0.0,0.0,2.46,4.48,0.0
20160302:2310,0.0,0.0,0.0,0.0,2.78,4.28,0.0
20160303:0010,0.0,0.0,0.0,0.0,3.82,5.1,0.0
20160303:0110,0.0,0.0,0.0,0.0,4.34,6.14,0.0
20160303:0210,0.0,0.0,0.0,0.0,4.48,0.0,0.0
20160303:0310,0.0,0.0,0.0,0.0,4.44,0.0,0.0
20160303:0410,0.0,0.0,0.0,0.0,4.37,6.21,0.0
20160303:0510,0.0,0.0,0.0,0.0,4.19,6.28,0.0
20160303:0610,0.0,0.0,0.0,0.0,4.11,6.28,0.0
20160303:0710,18.0,39.0,0.0,5.78,4.64,6.9,0.0
20160303:0810,138.0,82.0,0.0,14.88,4.96,7.52,0.0
20160303:0910,171.0,156.0,0.0,22.91,5.55,7.24,0.0
20160303:1010,235.01,194.0,0.0,29.29,6.15,7.59,0.0
20160303:1110,0.0,179.0,0.0,33.35,6.71,7.45,0.0
20160303:1210,1.0,187.0,0.0,34.52,7.03,6.97,0.0
20160303:1310,49.0,267.0,0.0,32.62,7.54,6.69,0.0
20160303:1410,143.0,218.0,0.0,27.94,7.87,5.93,0.0
20160303:1510,110.0,160.0,0.0,21.1,7.78,4.97,0.0
20160303:1610,80.0,85.0,0.0,12.76,7.72,4.0,0.0
20160303:1710,0.0,18.0,0.0,3.47,6.98,2.34,0.0
20160303:1810,0.0,0.0,0.0,0.0,5.5,2.07,0.0
20160303:1910,0.0,0.0,0.0,0.0,4.43,2.07,0.0
20160303:2010,0.0,0.0,0.0,0.0,3.24,2.55,0.0
20160303:2110,0.0,0.0,0.0,0.0,3.41,2.9,0.0
20160303:2210,0.0,0.0,0.0,0.0,3.72,3.52,0.0
20160303:2310,0.0,0.0,0.0,0.0,4.34,4.14,0.0
20160304:0010,0.0,0.0,0.0,0.0,4.97,5.1,0.0
20160304:0110,0.0,0.0,0.0,0.0,5.09,5.86,0.0
20160304:0210,0.0,0.0,0.0,0.0,5.18,6.28,0.0
20160304:0310,0.0,0.0,0.0,0.0,5.48,5.93,0.0
20160304:0410,0.0,0.0,0.0,0.0,5.9,5.31,0.0
20160304:0510,0.0,0.0,0.0,0.0,6.2,5.03,0.0
20160304:0610,0.0,0.0,0.0,0.0,6.61,4.76,0.0
20160304:0710,2.0,33.0,0.0,6.11,6.92,3.24,0.0
20160304:0810,0.0,50.0,0.0,15.22,6.65,4.14,0.0
20160304:0910,0.0,99.0,0.0,23.27,5.36,4.34,0.0
20160304:1010,37.0,237.0,0.0,29.67,5.05,2.9,0.0
20160304:1110,55.0,274.0,0.0,33.74,5.25,2.97,0.0
20160304:1210,215.01,255.0,0.0,34.91,6.34,2.34,0.0
20160304:1310,13.0,233.0,0.0,32.98,7.26,2.07,0.0
20160304:1410,7.0,189.0,0.0,28.27,7.53,1.66,0.0
20160304:1510,40.0,171.0,0.0,21.4,7.52,1.1,0.0
20160304:1610,14.0,94.0,0.0,13.04,7.28,1.17,0.0
20160304:1710,0.0,22.0,0.0,3.73,6.6,1.59,0.0
20160304:1810,0.0,0.0,0.0,0.0,5.62,1.45,0.0
20160304:1910,0.0,0.0,0.0,0.0,4.72,1.59,0.0
20160304:2010,0.0,0.0,0.0,0.0,4.71,1.03,0.0
20160304:2110,0.0,0.0,0.0,0.0,4.65,1.1,0.0
20160304:2210,0.0,0.0,0.0,0.0,4.52,1.17,0.0
20160304:2310,0.0,0.0,0.0,0.0,4.21,1.45,0.0
20160305:0010,0.0,0.0,0.0,0.0,3.63,1.86,0.0
20160305:0110,0.0,0.0,0.0,0.0,2.99,2.55,0.0
20160305:0210,0.0,0.0,0.0,0.0,2.42,3.03,0.0
20160305:0310,0.0,0.0,0.0,0.0,1.93,3.31,0.0
20160305:0410,0.0,0.0,0.0,0.0,1.63,3.31,0.0
20160305:0510,0.0,0.0,0.0,0.0,1.4,3.1,0.0
20160305:0610,0.0,0.0,0.0,0.0,1.24,2.9,0.0
20160305:0710,4.0,40.0,0.0,6.44,1.58,2.62,0.0
20160305:0810,21.0,119.0,0.0,15.57,1.77,2.9,0.0
20160305:0910,33.0,189.0,0.0,23.63,2.06,3.1,0.0
20160305:1010,174.0,228.0,0.0,30.05,2.77,3.86,0.0
20160305:1110,25.0,260.0,0.0,34.13,4.41,3.79,0.0
20160305:1210,72.0,293.0,0.0,35.29,5.66,4.14,0.0
20160305:1310,0.0,154.0,0.0,33.35,6.31,4.07,0.0
20160305:1410,207.01,199.0,0.0,28.6,6.55,4.07,0.0
20160305:1510,250.01,99.0,0.0,21.7,6.66,4.14,0.0
20160305:1610,135.0,65.0,0.0,13.31,6.29,3.52,0.0
20160305:1710,0.0,24.0,0.0,3.99,5.53,3.03,0.0
20160305:1810,0.0,0.0,0.0,0.0,4.37,2.97,0.0
20160305:1910,0.0,0.0,0.0,0.0,3.63,3.17,0.0
20160305:2010,0.0,0.0,0.0,0.0,3.07,3.38,0.0
20160305:2110,0.0,0.0,0.0,0.0,2.48,3.45,0.0
20160305:2210,0.0,0.0,0.0,0.0,2.03,3.59,0.0
20160305:2310,0.0,0.0,0.0,0.0,2.05,3.59,0.0
20160306:0010,0.0,0.0,0.0,0.0,1.92,3.45,0.0
20160306:0110,0.0,0.0,0.0,0.0,1.81,3.38,0.0
20160306:0210,0.0,0.0,0.0,0.0,1.81,3.31,0.0
20160306:0310,0.0,0.0,0.0,0.0,2.09,3.38,0.0
20160306:0410,0.0,0.0,0.0,0.0,2.2,3.38,0.0
20160306:0510,0.0,0.0,0.0,0.0,2.03,3.31,0.0
20160306:0610,0.0,0.0,0.0,0.0,2.05,3.31,0.0
20160306:0710,53.0,37.0,0.0,6.77,1.14,3.17,0.0
20160306:0810,122.0,102.0,0.0,15.91,2.11,3.17,0.0
20160306:0910,303.01,98.0,0.0,24.0,3.62,5.03,0.0
20160306:1010,300.01,173.0,0.0,30.43,4.61,5.1,0.0
20160306:1110,0.0,176.0,0.0,34.52,5.61,5.24,0.0
20160306:1210,0.0,162.0,0.0,35.68,6.67,5.38,0.0
20160306:1310,6.0,220.0,0.0,33.71,7.27,5.24,0.0
20160306:1410,259.01,178.0,0.0,28.94,7.61,4.9,0.0
20160306:1510,15.0,164.0,0.0,22.01,7.39,4.14,0.0
20160306:1610,145.0,64.0,0.0,13.59,7.23,3.52,0.0
20160306:1710,0.0,26.0,0.0,4.26,6.49,2.41,0.0
20160306:1810,0.0,0.0,0.0,0.0,4.96,2.21,0.0
20160306:1910,0.0,0.0,0.0,0.0,3.66,1.79,0.0
20160306:2010,0.0,0.0,0.0,0.0,1.98,1.72,0.0
20160306:2110,0.0,0.0,0.0,0.0,0.83,1.66,0.0
20160306:2210,0.0,0.0,0.0,0.0,0.13,1.52,0.0
20160306:2310,0.0,0.0,0.0,0.0,-0.05,1.31,0.0
20160307:0010,0.0,0.0,0.0,0.0,-0.7,1.38,0.0
20160307:0110,0.0,0.0,0.0,0.0,-1.24,1.59,0.0
20160307:0210,0.0,0.0,0.0,0.0,-1.46,1.79,0.0
20160307:0310,0.0,0.0,0.0,0.0,-1.38,1.86,0.0
20160307:0410,0.0,0.0,0.0,0.0,-1.24,2.0,0.0
20160307:0510,0.0,0.0,0.0,0.0,-1.37,2.21,0.0
20160307:0610,0.0,0.0,0.0,0.0,-1.33,2.28,0.0
20160307:0710,24.0,49.0,0.0,7.11,-0.82,2.41,0.0
20160307:0810,0.0,77.0,0.0,16.26,1.11,3.17,0.0
20160307:0910,0.0,108.0,0.0,24.37,2.7,3.72,0.0
20160307:1010,0.0,84.0,0.0,30.81,3.86,3.72,0.0
20160307:1110,250.01,246.0,0.0,34.91,4.81,4.14,0.0
20160307:1210,0.0,71.0,0.0,36.07,5.51,4.55,0.0
20160307:1310,408.01,152.0,0.0,34.07,5.84,4.9,0.0
20160307:1410,77.0,244.0,0.0,29.27,5.93,5.17,0.0
20160307:1510,120.0,170.0,0.0,22.31,5.77,5.24,0.0
20160307:1610,138.0,70.0,0.0,13.87,4.91,5.52,0.0
20160307:1710,0.0,28.0,0.0,4.52,4.18,4.69,0.0
20160307:1810,0.0,0.0,0.0,0.0,3.19,4.0,0.0
20160307:1910,0.0,0.0,0.0,0.0,2.79,3.59,0.0
20160307:2010,0.0,0.0,0.0,0.0,2.23,3.52,0.0
20160307:2110,0.0,0.0,0.0,0.0,1.68,3.31,0.0
20160307:2210,0.0,0.0,0.0,0.0,1.26,3.17,0.0
20160307:2310,0.0,0.0,0.0,0.0,0.95,3.03,0.0
20160308:0010,0.0,0.0,0.0,0.0,0.68,2.83,0.0
20160308:0110,0.0,0.0,0.0,0.0,0.49,2.62,0.0
20160308:0210,0.0,0.0,0.0,0.0,0.24,2.41,0.0
20160308:0310,0.0,0.0,0.0,0.0,0.01,2.21,0.0
20160308:0410,0.0,0.0,0.0,0.0,-0.14,2.0,0.0
20160308:0510,0.0,0.0,0.0,0.0,-0.35,1.79,0.0
20160308:0610,0.0,0.0,0.0,0.0,-0.43,1.72,0.0
20160308:0710,0.0,0.0,0.0,0.0,-0.81,1.45,0.0
20160308:0810,27.0,131.0,0.0,16.61,0.99,1.31,0.0
20160308:0910,19.0,188.0,0.0,24.73,3.25,1.38,0.0
20160308:1010,29.0,245.0,0.0,31.2,4.78,1.59,0.0
20160308:1110,402.01,169.0,0.0,35.31,5.79,1.93,0.0
20160308:1210,52.0,296.0,0.0,36.45,6.61,2.34,0.0
20160308:1310,0.0,122.0,0.0,34.44,7.05,2.55,0.0
20160308:1410,33.0,236.0,0.0,29.6,7.65,2.76,0.0
20160308:1510,1.0,123.0,0.0,22.61,7.96,2.69,0.0
20160308:1610,50.0,108.0,0.0,14.14,7.94,2.21,0.0
20160308:1710,30.0,18.51,0.0,4.77,7.43,1.72,0.0
20160308:1810,0.0,0.0,0.0,0.0,5.93,2.28,0.0
20160308:1910,0.0,0.0,0.0,0.0,5.03,2.76,0.0
20160308:2010,0.0,0.0,0.0,0.0,4.67,2.97,0.0
20160308:2110,0.0,0.0,0.0,0.0,4.23,3.17,0.0
20160308:2210,0.0,0.0,0.0,0.0,4.39,3.59,0.0
20160308:2310,0.0,0.0,0.0,0.0,4.61,4.07,0.0
20160309:0010,0.0,0.0,0.0,0.0,4.83,4.48,0.0
20160309:0110,0.0,0.0,0.0,0.0,4.73,4.76,0.0
20160309:0210,0.0,0.0,0.0,0.0,4.63,5.17,0.0
20160309:0310,0.0,0.0,0.0,0.0,4.35,5.59,0.0
20160309:0410,0.0,0.0,0.0,0.0,4.1,5.86,0.0
20160309:0510,0.0,0.0,0.0,0.0,4.22,6.34,0.0
20160309:0610,0.0,0.0,0.0,0.0,4.3,6.83,0.0
20160309:0710,0.0,0.0,0.0,0.0,4.08,7.72,0.0
20160309:0810,0.0,27.0,0.0,16.97,4.1,8.07,0.0
20160309:0910,0.0,53.0,0.0,25.1,4.34,8.48,0.0
20160309:1010,0.0,104.0,0.0,31.59,4.35,8.07,0.0
20160309:1110,0.0,75.0,0.0,35.7,4.48,6.83,0.0
20160309:1210,6.0,238.0,0.0,36.84,5.56,6.76,0.0
20160309:1310,120.0,284.0,0.0,34.81,6.98,6.07,0.0
20160309:1410,36.0,238.0,0.0,29.94,8.37,5.31,0.0
20160309:1510,14.0,166.0,0.0,22.91,8.41,4.83,0.0
20160309:1610,39.0,111.0,0.0,14.42,8.27,4.41,0.0
20160309:1710,0.0,5.0,0.0,5.03,7.47,3.79,0.0
20160309:1810,0.0,0.0,0.0,0.0,6.45,3.59,0.0
20160309:1910,0.0,0.0,0.0,0.0,5.56,3.45,0.0
20160309:2010,0.0,0.0,0.0,0.0,5.36,3.38,0.0
20160309:2110,0.0,0.0,0.0,0.0,5.25,3.24,0.0
20160309:2210,0.0,0.0,0.0,0.0,5.1,2.97,0.0
20160309:2310,0.0,0.0,0.0,0.0,5.04,2.62,0.0
20160310:0010,0.0,0.0,0.0,0.0,4.93,2.28,0.0
20160310:0110,0.0,0.0,0.0,0.0,4.7,2.07,0.0
20160310:0210,0.0,0.0,0.0,0.0,4.5,2.0,0.0
20160310:0310,0.0,0.0,0.0,0.0,4.23,1.79,0.0
20160310:0410,0.0,0.0,0.0,0.0,4.15,1.72,0.0
20160310:0510,0.0,0.0,0.0,0.0,3.98,1.79,0.0
20160310:0610,0.0,0.0,0.0,0.0,3.83,1.72,0.0
20160310:0710,10.0,57.0,0.0,8.13,3.19,1.03,0.0
20160310:0810,7.0,119.0,0.0,17.32,4.0,0.76,0.0
20160310:0910,0.0,112.0,0.0,25.47,5.4,0.76,0.0
20160310:1010,14.0,232.0,0.0,31.97,6.72,1.31,0.0
20160310:1110,5.0,232.0,0.0,36.1,7.37,1.24,0.0
20160310:1210,0.0,117.0,0.0,37.23,8.13,1.24,0.0
20160310:1310,9.0,240.0,0.0,35.17,8.55,1.31,0.0
20160310:1410,0.0,122.0,0.0,30.27,8.78,1.72,0.0
20160310:1510,0.0,84.0,0.0,23.21,8.7,2.21,0.0
20160310:1610,2.0,88.0,0.0,14.69,8.32,2.28,0.0
20160310:1710,3.0,28.32,0.0,5.29,8.06,2.07,0.0
20160310:1810,0.0,0.0,0.0,0.0,7.47,2.0,0.0
20160310:1910,0.0,0.0,0.0,0.0,6.82,2.14,0.0
20160310:2010,0.0,0.0,0.0,0.0,6.63,2.28,0.0
20160310:2110,0.0,0.0,0.0,0.0,6.35,2.28,0.0
20160310:2210,0.0,0.0,0.0,0.0,6.22,2.28,0.0
20160310:2310,0.0,0.0,0.0,0.0,6.09,2.21,0.0
20160311:0010,0.0,0.0,0.0,0.0,5.72,2.14,0.0
20160311:0110,0.0,0.0,0.0,0.0,5.47,2.21,0.0
20160311:0210,0.0,0.0,0.0,0.0,5.21,2.34,0.0
20160311:0310,0.0,0.0,0.0,0.0,4.73,2.41,0.0
20160311:0410,0.0,0.0,0.0,0.0,4.22,2.41,0.0
20160311:0510,0.0,0.0,0.0,0.0,3.6,2.41,0.0
20160311:0610,0.0,0.0,0.0,0.0,3.18,2.34,0.0
20160311:0710,19.0,61.0,0.0,8.47,3.11,2.21,0.0
20160311:0810,196.0,83.0,0.0,17.68,4.06,2.41,0.0
20160311:0910,302.01,119.0,0.0,25.85,5.43,2.48,0.0
20160311:1010,97.0,270.0,0.0,32.36,7.15,2.69,0.0
20160311:1110,294.01,240.0,0.0,36.5,8.7,2.76,0.0
20160311:1210,171.0,301.0,0.0,37.62,9.75,2.9,0.0
20160311:1310,353.01,199.0,0.0,35.54,10.3,3.03,0.0
20160311:1410,387.01,123.0,0.0,30.6,10.4,3.1,0.0
20160311:1510,250.01,121.0,0.0,23.51,10.33,3.17,0.0
20160311:1610,120.0,91.0,0.0,14.97,10.07,3.1,0.0
20160311:1710,15.0,31.97,0.0,5.55,9.52,2.28,0.0
20160311:1810,0.0,0.0,0.0,0.0,8.42,2.0,0.0
20160311:1910,0.0,0.0,0.0,0.0,7.57,2.07,0.0
20160311:2010,0.0,0.0,0.0,0.0,7.09,2.07,0.0
20160311:2110,0.0,0.0,0.0,0.0,6.6,2.14,0.0
20160311:2210,0.0,0.0,0.0,0.0,6.34,2.21,0.0
20160311:2310,0.0,0.0,0.0,0.0,5.93,2.21,0.0
20160312:0010,0.0,0.0,0.0,0.0,5.68,0.0,0.0
20160312:0110,0.0,0.0,0.0,0.0,5.3,0.0,0.0
20160312:0210,0.0,0.0,0.0,0.0,4.85,2.07,0.0
20160312:0310,0.0,0.0,0.0,0.0,4.38,2.28,0.0
20160312:0410,0.0,0.0,0.0,0.0,4.1,2.41,0.0
20160312:0510,0.0,0.0,0.0,0.0,3.83,2.48,0.0
20160312:0610,0.0,0.0,0.0,0.0,3.6,2.41,0.0
20160312:0710,62.0,53.0,0.0,8.82,2.75,1.93,0.0
20160312:0810,203.01,84.0,0.0,18.03,4.31,1.86,0.0
20160312:0910,325.01,109.0,0.0,26.22,6.02,2.14,0.0
20160312:1010,435.01,120.0,0.0,32.75,7.71,2.28,0.0
20160312:1110,514.01,119.0,0.0,36.9,9.02,2.62,0.0
20160312:1210,517.01,128.0,0.0,38.01,9.95,3.31,0.0
20160312:1310,504.01,114.0,0.0,35.9,10.55,3.72,0.0
20160312:1410,416.01,111.0,0.0,30.93,10.82,4.0,0.0
20160312:1510,306.01,93.0,0.0,23.81,10.9,4.21,0.0
20160312:1610,146.0,81.0,0.0,15.24,10.64,4.07,0.0
20160312:1710,23.0,37.0,0.0,5.81,9.8,3.03,0.0
20160312:1810,0.0,0.0,0.0,0.0,8.03,2.62,0.0
20160312:1910,0.0,0.0,0.0,0.0,6.86,2.76,0.0
20160312:2010,0.0,0.0,0.0,0.0,6.03,3.03,0.0
20160312:2110,0.0,0.0,0.0,0.0,5.56,3.24,0.0
20160312:2210,0.0,0.0,0.0,0.0,5.29,3.38,0.0
20160312:2310,0.0,0.0,0.0,0.0,4.69,3.31,0.0
20160313:0010,0.0,0.0,0.0,0.0,3.96,3.1,0.0
20160313:0110,0.0,0.0,0.0,0.0,3.09,3.03,0.0
20160313:0210,0.0,0.0,0.0,0.0,2.42,3.03,0.0
20160313:0310,0.0,0.0,0.0,0.0,1.83,3.03,0.0
20160313:0410,0.0,0.0,0.0,0.0,1.34,3.1,0.0
20160313:0510,0.0,0.0,0.0,0.0,0.88,3.24,0.0
20160313:0610,0.0,0.0,0.0,0.0,0.5,3.38,0.0
20160313:0710,58.0,58.0,0.0,9.16,0.66,3.93,0.0
20160313:0810,202.0,88.0,0.0,18.39,2.06,4.28,0.0
20160313:0910,336.01,107.0,0.0,26.6,3.71,4.76,0.0
20160313:1010,425.01,130.0,0.0,33.14,5.67,5.45,0.0
20160313:1110,506.01,127.0,0.0,37.3,7.51,5.66,0.0
20160313:1210,523.01,128.0,0.0,38.41,9.05,5.59,0.0
20160313:1310,510.01,114.0,0.0,36.27,10.32,6.07,0.0
20160313:1410,410.01,116.0,0.0,31.26,10.69,6.0,0.0
20160313:1510,298.01,100.0,0.0,24.11,10.7,6.07,0.0
20160313:1610,149.0,82.0,0.0,15.51,10.25,5.31,0.0
20160313:1710,26.0,39.0,0.0,6.06,9.78,5.17,0.0
20160313:1810,0.0,0.0,0.0,0.0,8.79,4.9,0.0
20160313:1910,0.0,0.0,0.0,0.0,8.16,4.62,0.0
20160313:2010,0.0,0.0,0.0,0.0,7.48,4.69,0.0
20160313:2110,0.0,0.0,0.0,0.0,7.06,4.62,0.0
20160313:2210,0.0,0.0,0.0,0.0,6.71,4.28,0.0
20160313:2310,0.0,0.0,0.0,0.0,5.89,3.93,0.0
20160314:0010,0.0,0.0,0.0,0.0,4.96,4.0,0.0
20160314:0110,0.0,0.0,0.0,0.0,4.27,4.21,0.0
20160314:0210,0.0,0.0,0.0,0.0,3.69,4.28,0.0
20160314:0310,0.0,0.0,0.0,0.0,3.17,4.28,0.0
20160314:0410,0.0,0.0,0.0,0.0,2.66,4.28,0.0
20160314:0510,0.0,0.0,0.0,0.0,2.18,4.21,0.0
20160314:0610,0.0,0.0,0.0,0.0,1.71,4.14,0.0
20160314:0710,80.0,52.0,0.0,9.51,2.15,4.14,0.0
20160314:0810,176.0,107.0,0.0,18.75,3.29,4.55,0.0
20160314:0910,182.0,194.0,0.0,26.97,4.8,5.52,0.0
20160314:1010,167.0,265.0,0.0,33.54,6.27,5.45,0.0
20160314:1110,326.01,236.0,0.0,37.7,7.71,5.45,0.0
20160314:1210,168.0,311.0,0.0,38.8,8.85,5.38,0.0
20160314:1310,152.0,297.0,0.0,36.63,9.4,5.38,0.0
20160314:1410,8.0,214.0,0.0,31.59,9.65,5.38,0.0
20160314:1510,7.0,164.0,0.0,24.4,9.75,5.45,0.0
20160314:1610,14.0,117.0,0.0,15.78,9.55,5.24,0.0
20160314:1710,20.0,42.0,0.0,6.32,8.98,4.14,0.0
20160314:1810,0.0,0.0,0.0,0.0,7.88,3.79,0.0
20160314:1910,0.0,0.0,0.0,0.0,7.02,3.31,0.0
20160314:2010,0.0,0.0,0.0,0.0,6.37,3.03,0.0
20160314:2110,0.0,0.0,0.0,0.0,5.65,2.9,0.0
20160314:2210,0.0,0.0,0.0,0.0,4.91,3.1,0.0
20160314:2310,0.0,0.0,0.0,0.0,4.32,3.03,0.0
20160315:0010,0.0,0.0,0.0,0.0,3.88,2.97,0.0
20160315:0110,0.0,0.0,0.0,0.0,3.18,3.03,0.0
20160315:0210,0.0,0.0,0.0,0.0,2.6,3.03,0.0
20160315:0310,0.0,0.0,0.0,0.0,2.16,2.9,0.0
20160315:0410,0.0,0.0,0.0,0.0,1.63,2.62,0.0
20160315:0510,0.0,0.0,0.0,0.0,1.03,2.48,0.0
20160315:0610,0.0,0.0,0.0,0.0,0.39,2.48,0.0
20160315:0710,79.0,55.0,0.0,9.86,0.75,2.21,0.0
20160315:0810,219.0,86.0,0.0,19.11,2.68,2.55,0.0
20160315:0910,348.01,108.0,0.0,27.35,4.78,2.62,0.0
20160315:1010,448.01,122.0,0.0,33.93,6.77,2.69,0.0
20160315:1110,520.01,124.0,0.0,38.1,8.57,3.03,0.0
20160315:1210,510.01,141.0,0.0,39.19,9.85,3.66,0.0
20160315:1310,478.01,137.0,0.0,37.0,10.6,3.86,0.0
20160315:1410,401.01,127.0,0.0,31.92,11.07,4.0,0.0
20160315:1510,278.01,116.0,0.0,24.7,11.16,4.21,0.0
20160315:1610,69.0,121.0,0.0,16.05,10.84,4.21,0.0
20160315:1710,2.0,35.0,0.0,6.57,9.92,3.52,0.0
20160315:1810,0.0,0.0,0.0,0.0,8.59,3.66,0.0
20160315:1910,0.0,0.0,0.0,0.0,8.02,4.21,0.0
20160315:2010,0.0,0.0,0.0,0.0,7.53,4.62,0.0
20160315:2110,0.0,0.0,0.0,0.0,7.25,4.76,0.0
20160315:2210,0.0,0.0,0.0,0.0,7.2,4.69,0.0
20160315:2310,0.0,0.0,0.0,0.0,7.03,4.62,0.0
20160316:0010,0.0,0.0,0.0,0.0,6.4,4.55,0.0
20160316:0110,0.0,0.0,0.0,0.0,5.42,4.21,0.0
20160316:0210,0.0,0.0,0.0,0.0,4.7,4.07,0.0
20160316:0310,0.0,0.0,0.0,0.0,4.13,4.14,0.0
20160316:0410,0.0,0.0,0.0,0.0,3.74,4.34,0.0
20160316:0510,0.0,0.0,0.0,0.0,3.39,4.48,0.0
20160316:0610,0.0,0.0,0.0,0.0,2.93,4.55,0.0
20160316:0710,88.0,55.0,0.0,10.21,2.79,4.21,0.0
20160316:0810,231.01,85.0,0.0,19.48,4.0,4.9,0.0
20160316:0910,358.01,108.0,0.0,27.73,5.3,6.62,0.0
20160316:1010,100.0,285.0,0.0,34.33,6.3,6.62,0.0
20160316:1110,0.0,119.0,0.0,38.5,6.82,6.76,0.0
20160316:1210,0.0,91.0,0.0,39.58,6.96,6.55,0.0
20160316:1310,0.0,112.0,0.0,37.36,6.79,6.48,0.0
20160316:1410,0.0,91.0,0.0,32.25,7.54,7.24,0.0
20160316:1510,0.0,88.0,0.0,24.99,7.1,6.28,0.0
20160316:1610,26.0,127.0,0.0,16.32,7.06,5.52,0.0
20160316:1710,8.0,45.0,0.0,6.83,6.65,4.69,0.0
20160316:1810,0.0,0.0,0.0,0.0,5.81,4.48,0.0
20160316:1910,0.0,0.0,0.0,0.0,5.23,4.07,0.0
20160316:2010,0.0,0.0,0.0,0.0,4.86,4.14,0.0
20160316:2110,0.0,0.0,0.0,0.0,4.65,4.41,0.0
20160316:2210,0.0,0.0,0.0,0.0,4.33,4.48,0.0
20160316:2310,0.0,0.0,0.0,0.0,4.06,4.41,0.0
20160317:0010,0.0,0.0,0.0,0.0,3.75,4.34,0.0
20160317:0110,0.0,0.0,0.0,0.0,3.29,4.21,0.0
20160317:0210,0.0,0.0,0.0,0.0,2.93,3.93,0.0
20160317:0310,0.0,0.0,0.0,0.0,2.55,3.59,0.0
20160317:0410,0.0,0.0,0.0,0.0,2.01,3.24,0.0
20160317:0510,0.0,0.0,0.0,0.0,1.51,3.1,0.0
20160317:0610,0.0,0.0,0.0,0.0,1.07,3.1,0.0
20160317:0710,97.0,54.0,0.0,10.56,1.22,2.69,0.0
20160317:0810,238.01,85.0,0.0,19.84,2.99,3.1,0.0
20160317:0910,362.01,108.0,0.0,28.11,4.91,3.03,0.0
20160317:1010,468.01,120.0,0.0,34.72,6.73,2.83,0.0
20160317:1110,541.01,121.0,0.0,38.9,8.36,2.48,0.0
20160317:1210,557.01,123.0,0.0,39.98,9.72,2.28,0.0
20160317:1310,543.01,109.0,0.0,37.73,10.73,2.28,0.0
20160317:1410,451.01,107.0,0.0,32.58,11.31,2.34,0.0
20160317:1510,345.01,87.0,0.0,25.29,11.51,2.62,0.0
20160317:1610,177.0,79.0,0.0,16.59,11.26,2.83,0.0
20160317:1710,37.0,44.0,0.0,7.08,10.43,2.41,0.0
20160317:1810,0.0,0.0,0.0,0.0,8.54,2.62,0.0
20160317:1910,0.0,0.0,0.0,0.0,7.42,2.55,0.0
20160317:2010,0.0,0.0,0.0,0.0,6.25,2.62,0.0
20160317:2110,0.0,0.0,0.0,0.0,5.3,2.69,0.0
20160317:2210,0.0,0.0,0.0,0.0,4.53,2.76,0.0
20160317:2310,0.0,0.0,0.0,0.0,3.85,2.76,0.0
20160318:0010,0.0,0.0,0.0,0.0,3.19,2.69,0.0
20160318:0110,0.0,0.0,0.0,0.0,2.54,2.55,0.0
20160318:0210,0.0,0.0,0.0,0.0,1.93,2.48,0.0
20160318:0310,0.0,0.0,0.0,0.0,1.4,2.48,0.0
20160318:0410,0.0,0.0,0.0,0.0,0.94,2.41,0.0
20160318:0510,0.0,0.0,0.0,0.0,0.55,2.41,0.0
20160318:0610,0.0,0.0,0.0,0.0,0.2,2.41,0.0
20160318:0710,88.0,63.0,0.0,10.91,0.71,2.34,0.0
20160318:0810,236.0,91.0,0.0,20.2,2.69,2.69,0.0
20160318:0910,369.01,111.0,0.0,28.49,4.93,2.76,0.0
20160318:1010,467.01,127.0,0.0,35.12,6.95,2.83,0.0
20160318:1110,555.01,121.0,0.0,39.31,8.7,2.83,0.0
20160318:1210,579.01,118.0,0.0,40.37,10.05,2.69,0.0
20160318:1310,557.01,108.0,0.0,38.09,10.96,2.62,0.0
20160318:1410,445.01,116.0,0.0,32.91,11.46,2.83,0.0
20160318:1510,334.01,97.0,0.0,25.58,11.6,3.03,0.0
20160318:1610,160.0,92.0,0.0,16.86,11.34,3.1,0.0
20160318:1710,34.0,48.0,0.0,7.33,10.49,2.55,0.0
20160318:1810,0.0,0.0,0.0,0.0,8.6,2.83,0.0
20160318:1910,0.0,0.0,0.0,0.0,6.46,3.31,0.0
20160318:2010,0.0,0.0,0.0,0.0,5.26,3.31,0.0
20160318:2110,0.0,0.0,0.0,0.0,4.3,3.1,0.0
20160318:2210,0.0,0.0,0.0,0.0,3.63,2.9,0.0
20160318:2310,0.0,0.0,0.0,0.0,3.35,2.97,0.0
20160319:0010,0.0,0.0,0.0,0.0,3.12,2.97,0.0
20160319:0110,0.0,0.0,0.0,0.0,3.25,2.9,0.0
20160319:0210,0.0,0.0,0.0,0.0,3.03,2.76,0.0
20160319:0310,0.0,0.0,0.0,0.0,3.06,2.69,0.0
20160319:0410,0.0,0.0,0.0,0.0,3.1,2.76,0.0
20160319:0510,0.0,0.0,0.0,0.0,3.21,2.97,0.0
20160319:0610,0.0,2.0,0.0,1.47,3.16,3.1,0.0
20160319:0710,4.0,69.0,0.0,11.26,3.8,3.38,0.0
20160319:0810,0.0,93.0,0.0,20.56,4.42,3.45,0.0
20160319:0910,0.0,88.0,0.0,28.87,5.06,3.38,0.0
20160319:1010,0.0,89.0,0.0,35.51,5.9,3.52,0.0
20160319:1110,0.0,96.0,0.0,39.71,6.5,3.72,0.0
20160319:1210,0.0,90.0,0.0,40.76,7.17,3.86,0.0
20160319:1310,0.0,102.0,0.0,38.46,7.65,3.86,0.0
20160319:1410,0.0,87.0,0.0,33.23,7.91,3.93,0.0
20160319:1510,0.0,86.0,0.0,25.87,8.14,4.0,0.0
20160319:1610,1.0,90.0,0.0,17.12,7.9,4.07,0.0
20160319:1710,6.0,48.0,0.0,7.58,7.47,4.07,0.0
20160319:1810,0.0,0.0,0.0,0.0,6.89,3.52,0.0
20160319:1910,0.0,0.0,0.0,0.0,6.07,3.72,0.0
20160319:2010,0.0,0.0,0.0,0.0,5.9,3.86,0.0
20160319:2110,0.0,0.0,0.0,0.0,5.51,3.72,0.0
20160319:2210,0.0,0.0,0.0,0.0,5.04,3.45,0.0
20160319:2310,0.0,0.0,0.0,0.0,4.74,3.24,0.0
20160320:0010,0.0,0.0,0.0,0.0,4.63,3.17,0.0
20160320:0110,0.0,0.0,0.0,0.0,4.16,3.1,0.0
20160320:0210,0.0,0.0,0.0,0.0,4.09,3.24,0.0
20160320:0310,0.0,0.0,0.0,0.0,3.58,3.31,0.0
20160320:0410,0.0,0.0,0.0,0.0,3.18,3.31,0.0
20160320:0510,0.0,0.0,0.0,0.0,2.97,3.38,0.0
20160320:0610,0.0,7.0,0.0,1.82,2.52,3.31,0.0
20160320:0710,9.0,81.0,0.0,11.62,2.92,2.62,0.0
20160320:0810,4.0,134.0,0.0,20.93,4.38,3.45,0.0
20160320:0910,0.0,149.0,0.0,29.24,6.0,3.72,0.0
20160320:1010,1.0,200.0,0.0,35.91,7.06,4.07,0.0
20160320:1110,12.0,276.0,0.0,40.11,7.68,4.0,0.0
20160320:1210,34.0,315.0,0.0,41.15,8.28,4.14,0.0
20160320:1310,35.0,301.0,0.0,38.82,8.6,4.21,0.0
20160320:1410,9.0,228.0,0.0,33.56,8.84,4.34,0.0
20160320:1510,1.0,142.0,0.0,26.16,8.83,4.41,0.0
20160320:1610,2.0,100.0,0.0,17.39,8.39,4.55,0.0
20160320:1710,2.0,45.0,0.0,7.83,7.79,4.62,0.0
20160320:1810,0.0,0.0,0.0,0.0,7.29,3.93,0.0
20160320:1910,0.0,0.0,0.0,0.0,6.28,3.1,0.0
20160320:2010,0.0,0.0,0.0,0.0,5.99,3.1,0.0
20160320:2110,0.0,0.0,0.0,0.0,5.77,3.1,0.0
20160320:2210,0.0,0.0,0.0,0.0,5.57,3.03,0.0
20160320:2310,0.0,0.0,0.0,0.0,5.37,2.97,0.0
20160321:0010,0.0,0.0,0.0,0.0,4.93,2.83,0.0
20160321:0110,0.0,0.0,0.0,0.0,4.91,3.03,0.0
20160321:0210,0.0,0.0,0.0,0.0,4.72,3.03,0.0
20160321:0310,0.0,0.0,0.0,0.0,4.47,2.83,0.0
20160321:0410,0.0,0.0,0.0,0.0,4.75,2.69,0.0
20160321:0510,0.0,0.0,0.0,0.0,4.95,2.76,0.0
20160321:0610,0.0,9.0,0.0,2.16,5.06,2.9,0.0
20160321:0710,15.0,88.0,0.0,11.97,5.37,3.1,0.0
20160321:0810,72.0,171.0,0.0,21.29,5.96,4.14,0.0
20160321:0910,33.0,234.0,0.0,29.62,6.35,4.14,0.0
20160321:1010,181.0,282.0,0.0,36.3,6.81,3.79,0.0
20160321:1110,35.0,312.0,0.0,40.51,7.41,3.72,0.0
20160321:1210,0.0,179.0,0.0,41.54,8.05,3.79,0.0
20160321:1310,53.0,314.0,0.0,39.18,8.66,3.93,0.0
20160321:1410,0.0,143.0,0.0,33.88,8.87,3.93,0.0
20160321:1510,26.0,205.0,0.0,26.45,9.04,4.07,0.0
20160321:1610,11.0,127.0,0.0,17.65,9.29,4.0,0.0
20160321:1710,11.0,55.0,0.0,8.08,9.1,3.03,0.0
20160321:1810,0.0,0.0,0.0,0.0,7.79,2.48,0.0
20160321:1910,0.0,0.0,0.0,0.0,7.03,2.62,0.0
20160321:2010,0.0,0.0,0.0,0.0,6.41,2.69,0.0
20160321:2110,0.0,0.0,0.0,0.0,6.2,2.48,0.0
20160321:2210,0.0,0.0,0.0,0.0,5.39,2.41,0.0
20160321:2310,0.0,0.0,0.0,0.0,4.44,2.41,0.0
20160322:0010,0.0,0.0,0.0,0.0,3.75,2.34,0.0
20160322:0110,0.0,0.0,0.0,0.0,3.33,2.28,0.0
20160322:0210,0.0,0.0,0.0,0.0,3.3,2.28,0.0
20160322:0310,0.0,0.0,0.0,0.0,3.45,2.34,0.0
20160322:0410,0.0,0.0,0.0,0.0,3.77,2.48,0.0
20160322:0510,0.0,0.0,0.0,0.0,3.74,2.48,0.0
20160322:0610,1.0,9.83,0.0,2.51,3.74,2.41,0.0
20160322:0710,37.0,93.0,0.0,12.32,4.23,2.28,0.0
20160322:0810,143.0,152.0,0.0,21.66,5.58,0.0,0.0
20160322:0910,371.01,123.0,0.0,30.0,7.11,0.0,0.0
20160322:1010,90.0,302.0,0.0,36.7,8.4,3.45,0.0
20160322:1110,50.0,325.0,0.0,40.92,9.32,4.0,0.0
20160322:1210,229.0,314.0,0.0,41.93,9.69,4.0,0.0
20160322:1310,408.01,204.0,0.0,39.54,10.1,4.07,0.0
20160322:1410,409.01,147.0,0.0,34.2,10.46,4.14,0.0
20160322:1510,296.01,128.0,0.0,26.74,10.73,4.41,0.0
20160322:1610,169.0,97.0,0.0,17.92,10.64,4.48,0.0
20160322:1710,54.0,49.0,0.0,8.33,10.26,3.79,0.0
20160322:1810,0.0,0.0,0.0,0.0,9.43,3.17,0.0
20160322:1910,0.0,0.0,0.0,0.0,8.38,4.0,0.0
20160322:2010,0.0,0.0,0.0,0.0,7.53,4.0,0.0
20160322:2110,0.0,0.0,0.0,0.0,6.81,3.86,0.0
20160322:2210,0.0,0.0,0.0,0.0,6.12,3.86,0.0
20160322:2310,0.0,0.0,0.0,0.0,5.51,3.72,0.0
20160323:0010,0.0,0.0,0.0,0.0,4.91,3.52,0.0
20160323:0110,0.0,0.0,0.0,0.0,4.34,3.38,0.0
20160323:0210,0.0,0.0,0.0,0.0,3.87,3.31,0.0
20160323:0310,0.0,0.0,0.0,0.0,3.59,3.24,0.0
20160323:0410,0.0,0.0,0.0,0.0,3.42,3.24,0.0
20160323:0510,0.0,0.0,0.0,0.0,3.36,3.1,0.0
20160323:0610,0.0,12.0,0.0,2.86,3.58,3.45,0.0
20160323:0710,6.0,83.0,0.0,12.67,3.69,4.07,0.0
20160323:0810,20.0,168.0,0.0,22.02,4.63,4.0,0.0
20160323:0910,354.01,136.0,0.0,30.38,5.86,3.86,0.0
20160323:1010,1.0,199.0,0.0,37.09,7.1,3.79,0.0
20160323:1110,0.0,151.0,0.0,41.32,8.35,4.41,0.0
20160323:1210,0.0,115.0,0.0,42.33,8.67,4.55,0.0
20160323:1310,0.0,160.0,0.0,39.9,8.62,4.48,0.0
20160323:1410,0.0,102.0,0.0,34.52,8.91,4.48,0.0
20160323:1510,1.0,146.0,0.0,27.03,9.14,4.34,0.0
20160323:1610,71.0,141.0,0.0,18.18,9.13,4.0,0.0
20160323:1710,9.0,58.0,0.0,8.58,9.01,2.97,0.0
20160323:1810,0.0,0.0,0.0,0.0,8.57,2.62,0.0
20160323:1910,0.0,0.0,0.0,0.0,7.91,2.62,0.0
20160323:2010,0.0,0.0,0.0,0.0,7.4,2.55,0.0
20160323:2110,0.0,0.0,0.0,0.0,7.02,2.48,0.0
20160323:2210,0.0,0.0,0.0,0.0,6.48,2.41,0.0
20160323:2310,0.0,0.0,0.0,0.0,6.32,2.34,0.0
20160324:0010,0.0,0.0,0.0,0.0,5.81,2.28,0.0
20160324:0110,0.0,0.0,0.0,0.0,5.35,2.14,0.0
20160324:0210,0.0,0.0,0.0,0.0,4.88,1.86,0.0
20160324:0310,0.0,0.0,0.0,0.0,4.68,1.52,0.0
20160324:0410,0.0,0.0,0.0,0.0,4.39,1.59,0.0
20160324:0510,0.0,0.0,0.0,0.0,3.9,1.72,0.0
20160324:0610,0.0,13.0,0.0,3.21,3.87,1.59,0.0
20160324:0710,5.0,85.0,0.0,13.03,4.64,1.38,0.0
20160324:0810,58.0,181.0,0.0,22.38,6.06,1.52,0.0
20160324:0910,207.0,216.0,0.0,30.76,7.69,1.52,0.0
20160324:1010,50.0,298.0,0.0,37.49,8.52,2.34,0.0
20160324:1110,14.0,289.0,0.0,41.72,9.14,3.31,0.0
20160324:1210,0.0,197.0,0.0,42.72,9.22,3.17,0.0
20160324:1310,0.0,168.0,0.0,40.26,9.4,3.1,0.0
20160324:1410,1.0,185.0,0.0,34.84,9.5,3.17,0.0
20160324:1510,3.0,168.0,0.0,27.31,9.63,2.97,0.0
20160324:1610,39.0,144.0,0.0,18.44,9.53,2.76,0.0
20160324:1710,2.0,47.0,0.0,8.83,9.36,2.07,0.0
20160324:1810,0.0,0.0,0.0,0.0,8.67,1.93,0.0
20160324:1910,0.0,0.0,0.0,0.0,8.38,2.07,0.0
20160324:2010,0.0,0.0,0.0,0.0,8.04,2.28,0.0
20160324:2110,0.0,0.0,0.0,0.0,7.63,2.41,0.0
20160324:2210,0.0,0.0,0.0,0.0,7.18,2.55,0.0
20160324:2310,0.0,0.0,0.0,0.0,6.95,2.62,0.0
20160325:0010,0.0,0.0,0.0,0.0,6.88,2.76,0.0
20160325:0110,0.0,0.0,0.0,0.0,6.8,3.03,0.0
20160325:0210,0.0,0.0,0.0,0.0,6.76,3.24,0.0
20160325:0310,0.0,0.0,0.0,0.0,6.6,3.38,0.0
20160325:0410,0.0,0.0,0.0,0.0,6.17,3.72,0.0
20160325:0510,0.0,0.0,0.0,0.0,6.05,3.93,0.0
20160325:0610,0.0,13.0,0.0,3.55,6.05,4.14,0.0
20160325:0710,0.0,28.0,0.0,13.38,6.42,4.55,0.0
20160325:0810,7.0,152.0,0.0,22.74,6.74,4.76,0.0
20160325:0910,0.0,142.0,0.0,31.14,7.13,4.9,0.0
20160325:1010,0.0,140.0,0.0,37.88,7.47,4.76,0.0
20160325:1110,20.0,300.0,0.0,42.12,7.93,4.62,0.0
20160325:1210,0.0,134.0,0.0,43.1,8.82,5.38,0.0
20160325:1310,46.0,315.0,0.0,40.62,9.83,4.83,0.0
20160325:1410,37.0,272.0,0.0,35.16,10.71,3.86,0.0
20160325:1510,326.01,114.0,0.0,27.59,11.45,3.45,0.0
20160325:1610,34.0,145.0,0.0,18.7,11.79,3.17,0.0
20160325:1710,58.0,53.0,0.0,9.07,11.51,2.55,0.0
20160325:1810,0.0,0.0,0.0,0.0,10.19,2.14,0.0
20160325:1910,0.0,0.0,0.0,0.0,9.8,0.76,0.0
20160325:2010,0.0,0.0,0.0,0.0,9.62,0.14,0.0
20160325:2110,0.0,0.0,0.0,0.0,8.84,0.76,0.0
20160325:2210,0.0,0.0,0.0,0.0,6.12,1.52,0.0
20160325:2310,0.0,0.0,0.0,0.0,6.2,1.52,0.0
20160326:0010,0.0,0.0,0.0,0.0,6.26,1.66,0.0
20160326:0110,0.0,0.0,0.0,0.0,6.33,1.93,0.0
20160326:0210,0.0,0.0,0.0,0.0,6.76,2.21,0.0
20160326:0310,0.0,0.0,0.0,0.0,7.14,2.55,0.0
20160326:0410,0.0,0.0,0.0,0.0,7.19,2.9,0.0
20160326:0510,0.0,0.0,0.0,0.0,7.6,3.31,0.0
20160326:0610,7.0,22.2,0.0,3.9,7.86,3.93,0.0
20160326:0710,4.0,86.0,0.0,13.73,8.58,4.34,0.0
20160326:0810,20.0,173.0,0.0,23.11,9.57,4.0,0.0
20160326:0910,24.0,237.0,0.0,31.52,10.48,5.38,0.0
20160326:1010,48.0,301.0,0.0,38.28,11.02,6.0,0.0
20160326:1110,103.0,342.0,0.0,42.52,11.35,6.41,0.0
20160326:1210,109.0,349.0,0.0,43.49,11.68,6.62,0.0
20160326:1310,0.0,135.0,0.0,40.97,12.24,7.17,0.0
20160326:1410,0.0,141.0,0.0,35.48,13.13,7.1,0.0
20160326:1510,34.0,218.0,0.0,27.88,13.7,6.97,0.0
20160326:1610,77.0,144.0,0.0,18.95,13.75,5.93,0.0
20160326:1710,10.0,62.0,0.0,9.32,13.52,5.31,0.0
20160326:1810,0.0,0.0,0.0,0.0,13.37,5.24,0.0
20160326:1910,0.0,0.0,0.0,0.0,12.68,4.97,0.0
20160326:2010,0.0,0.0,0.0,0.0,12.51,5.24,0.0
20160326:2110,0.0,0.0,0.0,0.0,12.41,5.86,0.0
20160326:2210,0.0,0.0,0.0,0.0,12.9,6.41,0.0
20160326:2310,0.0,0.0,0.0,0.0,12.92,6.0,0.0
20160327:0010,0.0,0.0,0.0,0.0,11.78,6.28,0.0
20160327:0110,0.0,0.0,0.0,0.0,8.37,6.55,0.0
20160327:0210,0.0,0.0,0.0,0.0,6.53,4.76,0.0
20160327:0310,0.0,0.0,0.0,0.0,6.01,4.48,0.0
20160327:0410,0.0,0.0,0.0,0.0,5.74,4.55,0.0
20160327:0510,0.0,0.0,0.0,0.0,5.62,4.97,0.0
20160327:0610,22.0,18.03,0.0,4.25,5.63,5.31,0.0
20160327:0710,55.0,105.0,0.0,14.08,6.94,5.66,0.0
20160327:0810,239.0,120.0,0.0,23.47,7.99,7.79,0.0
20160327:0910,85.0,260.0,0.0,31.9,9.11,7.72,0.0
20160327:1010,83.0,314.0,0.0,38.67,9.82,7.24,0.0
20160327:1110,230.0,317.0,0.0,42.92,10.92,6.97,0.0
20160327:1210,563.01,148.0,0.0,43.88,11.93,6.97,0.0
20160327:1310,471.01,179.0,0.0,41.33,12.22,6.83,0.0
20160327:1410,355.01,189.0,0.0,35.79,12.51,6.83,0.0
20160327:1510,5.0,178.0,0.0,28.16,11.2,7.03,0.0
20160327:1610,223.0,81.0,0.0,19.21,11.5,6.28,0.0
20160327:1710,56.0,59.0,0.0,9.56,10.93,6.62,0.0
20160327:1810,0.0,0.0,0.0,0.0,10.07,5.66,0.0
20160327:1910,0.0,0.0,0.0,0.0,9.82,5.31,0.0
20160327:2010,0.0,0.0,0.0,0.0,9.55,5.79,0.0
20160327:2110,0.0,0.0,0.0,0.0,9.19,6.14,0.0
20160327:2210,0.0,0.0,0.0,0.0,8.91,6.48,0.0
20160327:2310,0.0,0.0,0.0,0.0,8.82,6.9,0.0
20160328:0010,0.0,0.0,0.0,0.0,8.78,7.24,0.0
20160328:0110,0.0,0.0,0.0,0.0,8.82,7.79,0.0
20160328:0210,0.0,0.0,0.0,0.0,9.1,8.62,0.0
20160328:0310,0.0,0.0,0.0,0.0,8.69,9.45,0.0
20160328:0410,0.0,0.0,0.0,0.0,8.74,9.79,0.0
20160328:0510,0.0,0.0,0.0,0.0,9.46,10.14,0.0
20160328:0610,3.0,24.32,0.0,4.59,10.02,10.14,0.0
20160328:0710,8.0,97.0,0.0,14.43,10.29,9.72,0.0
20160328:0810,14.0,172.0,0.0,23.83,10.62,9.66,0.0
20160328:0910,178.0,240.0,0.0,32.27,10.8,9.17,0.0
20160328:1010,518.01,127.0,0.0,39.06,11.49,7.86,0.0
20160328:1110,33.0,322.0,0.0,43.32,10.6,7.24,0.0
20160328:1210,468.01,208.0,0.0,44.27,12.51,7.79,0.0
20160328:1310,13.0,283.0,0.0,41.68,12.97,8.21,0.0
20160328:1410,296.01,223.0,0.0,36.11,13.02,7.86,0.0
20160328:1510,0.0,77.0,0.0,28.44,10.77,7.45,0.0
20160328:1610,223.0,83.0,0.0,19.47,10.98,7.66,0.0
20160328:1710,14.0,68.0,0.0,9.8,9.68,8.55,0.0
20160328:1810,0.0,0.0,0.0,0.0,9.68,7.72,0.0
20160328:1910,0.0,0.0,0.0,0.0,8.67,7.31,0.0
20160328:2010,0.0,0.0,0.0,0.0,7.96,7.24,0.0
20160328:2110,0.0,0.0,0.0,0.0,7.55,6.97,0.0
20160328:2210,0.0,0.0,0.0,0.0,7.14,6.69,0.0
20160328:2310,0.0,0.0,0.0,0.0,6.76,6.48,0.0
20160329:0010,0.0,0.0,0.0,0.0,6.51,6.34,0.0
20160329:0110,0.0,0.0,0.0,0.0,6.27,6.28,0.0
20160329:0210,0.0,0.0,0.0,0.0,6.16,6.0,0.0
20160329:0310,0.0,0.0,0.0,0.0,6.07,5.72,0.0
20160329:0410,0.0,0.0,0.0,0.0,5.89,5.38,0.0
20160329:0510,0.0,0.0,0.0,0.0,5.68,5.03,0.0
20160329:0610,24.0,23.11,0.0,4.94,5.65,4.76,0.0
20160329:0710,65.0,109.0,0.0,14.78,6.6,3.72,0.0
20160329:0810,54.0,196.0,0.0,24.19,7.92,5.31,0.0
20160329:0910,431.01,114.0,0.0,32.65,9.27,5.52,0.0
20160329:1010,180.0,306.0,0.0,39.45,10.28,5.66,0.0
20160329:1110,79.0,350.0,0.0,43.72,10.99,5.66,0.0
20160329:1210,440.01,231.0,0.0,44.65,11.8,5.72,0.0
20160329:1310,270.0,294.0,0.0,42.03,12.6,5.38,0.0
20160329:1410,0.0,158.0,0.0,36.42,11.65,5.79,0.0
20160329:1510,144.0,219.0,0.0,28.71,11.9,4.97,0.0
20160329:1610,19.0,147.0,0.0,19.72,11.66,3.79,0.0
20160329:1710,1.0,49.0,0.0,10.05,11.39,4.28,0.0
20160329:1810,0.0,0.0,0.0,0.0,10.49,4.41,0.0
20160329:1910,0.0,0.0,0.0,0.0,10.15,4.41,0.0
20160329:2010,0.0,0.0,0.0,0.0,9.83,4.48,0.0
20160329:2110,0.0,0.0,0.0,0.0,9.74,4.48,0.0
20160329:2210,0.0,0.0,0.0,0.0,9.39,4.41,0.0
20160329:2310,0.0,0.0,0.0,0.0,9.0,4.14,0.0
20160330:0010,0.0,0.0,0.0,0.0,8.71,4.07,0.0
20160330:0110,0.0,0.0,0.0,0.0,8.46,4.0,0.0
20160330:0210,0.0,0.0,0.0,0.0,8.25,3.93,0.0
20160330:0310,0.0,0.0,0.0,0.0,8.06,3.86,0.0
20160330:0410,0.0,0.0,0.0,0.0,7.93,3.72,0.0
20160330:0510,0.0,0.0,0.0,0.0,7.87,3.72,0.0
20160330:0610,0.0,20.0,0.0,5.28,7.81,3.38,0.0
20160330:0710,35.0,115.0,0.0,15.13,8.04,2.48,0.0
20160330:0810,0.0,115.0,0.0,24.55,8.76,2.83,0.0
20160330:0910,0.0,168.0,0.0,33.02,9.43,2.62,0.0
20160330:1010,6.0,249.0,0.0,39.84,9.41,2.21,0.0
20160330:1110,23.0,314.0,0.0,44.12,9.32,1.66,0.0
20160330:1210,0.0,212.0,0.0,45.04,9.24,1.17,0.0
20160330:1310,0.0,111.0,0.0,42.38,9.06,0.69,0.0
20160330:1410,0.0,81.0,0.0,36.73,8.86,0.34,0.0
20160330:1510,0.0,77.0,0.0,28.99,8.81,1.17,0.0
20160330:1610,0.0,100.0,0.0,19.97,8.58,1.79,0.0
20160330:1710,24.0,74.0,0.0,10.29,8.27,2.14,0.0
20160330:1810,0.0,0.0,0.0,0.0,7.86,2.41,0.0
20160330:1910,0.0,0.0,0.0,0.0,7.44,2.21,0.0
20160330:2010,0.0,0.0,0.0,0.0,7.34,2.28,0.0
20160330:2110,0.0,0.0,0.0,0.0,7.24,2.48,0.0
20160330:2210,0.0,0.0,0.0,0.0,7.03,2.69,0.0
20160330:2310,0.0,0.0,0.0,0.0,7.02,2.69,0.0
20160331:0010,0.0,0.0,0.0,0.0,6.86,2.76,0.0
20160331:0110,0.0,0.0,0.0,0.0,6.78,3.17,0.0
20160331:0210,0.0,0.0,0.0,0.0,6.68,3.38,0.0
20160331:0310,0.0,0.0,0.0,0.0,6.55,3.59,0.0
20160331:0410,0.0,0.0,0.0,0.0,6.43,3.72,0.0
20160331:0510,0.0,0.0,0.0,0.0,6.22,4.0,0.0
20160331:0610,1.0,28.78,0.0,5.63,6.1,4.28,0.0
20160331:0710,0.0,42.0,0.0,15.47,5.73,4.14,0.0
20160331:0810,0.0,76.0,0.0,24.9,5.76,4.83,0.0
20160331:0910,0.0,86.0,0.0,33.39,5.89,5.45,0.0
20160331:1010,0.0,74.0,0.0,40.23,6.04,5.66,0.0
20160331:1110,0.0,103.0,0.0,44.52,6.64,5.52,0.0
20160331:1210,0.0,66.0,0.0,45.42,6.81,5.31,0.0
20160331:1310,0.0,87.0,0.0,42.73,7.04,4.9,0.0
20160331:1410,0.0,95.0,0.0,37.04,7.34,4.97,0.0
20160331:1510,0.0,79.0,0.0,29.26,7.26,5.24,0.0
20160331:1610,0.0,86.0,0.0,20.22,7.04,5.31,0.0
20160331:1710,1.0,53.0,0.0,10.53,6.81,5.45,0.0
20160331:1810,0.0,0.0,0.0,0.0,6.57,5.31,0.0
20160331:1910,0.0,0.0,0.0,0.0,6.2,4.9,0.0
20160331:2010,0.0,0.0,0.0,0.0,6.24,4.69,0.0
20160331:2110,0.0,0.0,0.0,0.0,6.19,4.55,0.0
20160331:2210,0.0,0.0,0.0,0.0,5.91,4.55,0.0
20160331:2310,0.0,0.0,0.0,0.0,5.84,4.41,0.0
20160401:0010,0.0,0.0,0.0,0.0,5.34,4.07,0.0
20160401:0110,0.0,0.0,0.0,0.0,4.67,3.79,0.0
20160401:0210,0.0,0.0,0.0,0.0,4.11,3.1,0.0
20160401:0310,0.0,0.0,0.0,0.0,3.44,3.1,0.0
20160401:0410,0.0,0.0,0.0,0.0,2.98,3.38,0.0
20160401:0510,0.0,0.0,0.0,0.0,2.67,3.31,0.0
20160401:0610,3.0,36.0,0.0,5.97,2.46,3.1,0.0
20160401:0710,19.0,119.0,0.0,15.82,3.54,3.38,0.0
20160401:0810,25.0,195.0,0.0,25.26,5.21,3.72,0.0
20160401:0910,361.01,170.0,0.0,33.76,6.96,3.66,0.0
20160401:1010,553.01,130.0,0.0,40.62,8.9,3.66,0.0
20160401:1110,423.01,247.0,0.0,44.91,10.3,3.79,0.0
20160401:1210,199.0,354.0,0.0,45.8,11.01,3.38,0.0
20160401:1310,197.0,333.0,0.0,43.08,11.59,2.9,0.0
20160401:1410,4.0,231.0,0.0,37.35,11.78,2.34,0.0
20160401:1510,10.0,204.0,0.0,29.54,11.83,2.14,0.0
20160401:1610,82.0,160.0,0.0,20.47,11.61,2.07,0.0
20160401:1710,56.0,73.0,0.0,10.77,11.1,1.72,0.0
20160401:1810,0.0,0.0,0.0,0.0,10.19,1.72,0.0
20160401:1910,0.0,0.0,0.0,0.0,8.99,1.24,0.0
20160401:2010,0.0,0.0,0.0,0.0,8.11,1.52,0.0
20160401:2110,0.0,0.0,0.0,0.0,7.5,1.59,0.0
20160401:2210,0.0,0.0,0.0,0.0,6.83,1.66,0.0
20160401:2310,0.0,0.0,0.0,0.0,6.18,1.79,0.0
20160402:0010,0.0,0.0,0.0,0.0,5.62,1.86,0.0
20160402:0110,0.0,0.0,0.0,0.0,4.94,1.79,0.0
20160402:0210,0.0,0.0,0.0,0.0,3.89,1.86,0.0
20160402:0310,0.0,0.0,0.0,0.0,3.05,1.86,0.0
20160402:0410,0.0,0.0,0.0,0.0,2.39,1.79,0.0
20160402:0510,0.0,0.0,0.0,0.0,1.94,1.79,0.0
20160402:0610,1.0,29.0,0.0,6.31,1.72,1.79,0.0
20160402:0710,1.0,87.0,0.0,16.16,4.3,1.72,0.0
20160402:0810,0.0,95.0,0.0,25.61,6.86,2.07,0.0
20160402:0910,10.0,229.0,0.0,34.13,8.89,2.48,0.0
20160402:1010,15.0,279.0,0.0,41.01,10.65,3.1,0.0
20160402:1110,20.0,315.0,0.0,45.3,12.0,3.59,0.0
20160402:1210,0.0,132.0,0.0,46.18,12.58,3.93,0.0
20160402:1310,0.0,134.0,0.0,43.42,13.38,4.14,0.0
20160402:1410,0.0,72.0,0.0,37.65,14.78,4.34,0.0
20160402:1510,0.0,42.0,0.0,29.81,14.54,3.24,0.0
20160402:1610,0.0,86.0,0.0,20.72,14.5,3.24,0.0
20160402:1710,6.0,69.0,0.0,11.0,14.24,3.66,0.0
20160402:1810,0.0,0.0,0.0,0.0,13.61,0.0,0.0
20160402:1910,0.0,0.0,0.0,0.0,12.3,0.0,0.0
20160402:2010,0.0,0.0,0.0,0.0,12.14,3.31,0.0
20160402:2110,0.0,0.0,0.0,0.0,11.99,3.24,0.0
20160402:2210,0.0,0.0,0.0,0.0,11.79,3.31,0.0
20160402:2310,0.0,0.0,0.0,0.0,11.46,2.9,0.0
20160403:0010,0.0,0.0,0.0,0.0,10.71,2.34,0.0
20160403:0110,0.0,0.0,0.0,0.0,10.33,2.28,0.0
20160403:0210,0.0,0.0,0.0,0.0,10.32,2.55,0.0
20160403:0310,0.0,0.0,0.0,0.0,10.34,2.9,0.0
20160403:0410,0.0,0.0,0.0,0.0,10.08,3.03,0.0
20160403:0510,0.0,0.0,0.0,0.0,9.72,2.9,0.0
20160403:0610,42.0,38.0,0.0,6.65,9.32,2.69,0.0
20160403:0710,159.0,84.0,0.0,16.5,10.35,2.14,0.0
20160403:0810,318.0,102.0,0.0,25.96,12.57,2.83,0.0
20160403:0910,469.01,109.0,0.0,34.5,14.6,3.38,0.0
20160403:1010,509.01,152.0,0.0,41.39,16.5,3.86,0.0
20160403:1110,545.01,172.0,0.0,45.69,18.08,4.07,0.0
20160403:1210,545.01,180.0,0.0,46.56,19.12,4.28,0.0
20160403:1310,114.0,347.0,0.0,43.77,19.67,4.14,0.0
20160403:1410,0.0,115.0,0.0,37.95,19.08,3.72,0.0
20160403:1510,11.0,205.0,0.0,30.08,17.67,3.38,0.0
20160403:1610,8.0,140.0,0.0,20.97,16.08,2.48,0.0
20160403:1710,32.0,81.0,0.0,11.24,15.35,1.17,0.0
20160403:1810,0.0,0.0,0.0,0.0,14.53,2.07,0.0
20160403:1910,0.0,0.0,0.0,0.0,13.65,2.48,0.0
20160403:2010,0.0,0.0,0.0,0.0,12.76,2.34,0.0
20160403:2110,0.0,0.0,0.0,0.0,12.16,2.0,0.0
20160403:2210,0.0,0.0,0.0,0.0,11.32,2.21,0.0
20160403:2310,0.0,0.0,0.0,0.0,11.36,2.76,0.0
20160404:0010,0.0,0.0,0.0,0.0,11.06,3.24,0.0
20160404:0110,0.0,0.0,0.0,0.0,10.4,3.1,0.0
20160404:0210,0.0,0.0,0.0,0.0,9.97,2.62,0.0
20160404:0310,0.0,0.0,0.0,0.0,9.79,2.55,0.0
20160404:0410,0.0,0.0,0.0,0.0,9.66,3.38,0.0
20160404:0510,0.0,0.0,0.0,0.0,9.55,3.79,0.0
20160404:0610,40.0,42.0,0.0,6.98,9.54,4.34,0.0
20160404:0710,177.0,79.0,0.0,16.84,9.57,3.59,0.0
20160404:0810,268.0,134.0,0.0,26.31,10.66,5.38,0.0
20160404:0910,25.0,259.0,0.0,34.87,11.78,4.76,0.0
20160404:1010,272.0,287.0,0.0,41.77,13.13,5.31,0.0
20160404:1110,450.01,234.0,0.0,46.08,14.0,5.59,0.0
20160404:1210,120.0,371.0,0.0,46.93,14.56,5.38,0.0
20160404:1310,116.0,351.0,0.0,44.11,14.94,4.83,0.0
20160404:1410,21.0,274.0,0.0,38.26,15.18,3.79,0.0
20160404:1510,13.0,211.0,0.0,30.34,15.4,2.97,0.0
20160404:1610,10.0,146.0,0.0,21.21,15.42,2.21,0.0
20160404:1710,69.0,73.0,0.0,11.48,15.09,1.24,0.0
20160404:1810,0.0,1.0,0.0,1.58,14.09,1.38,0.0
20160404:1910,0.0,0.0,0.0,0.0,12.53,1.59,0.0
20160404:2010,0.0,0.0,0.0,0.0,11.51,1.79,0.0
20160404:2110,0.0,0.0,0.0,0.0,10.88,2.07,0.0
20160404:2210,0.0,0.0,0.0,0.0,10.43,2.0,0.0
20160404:2310,0.0,0.0,0.0,0.0,10.1,1.52,0.0
20160405:0010,0.0,0.0,0.0,0.0,9.61,1.1,0.0
20160405:0110,0.0,0.0,0.0,0.0,9.3,1.17,0.0
20160405:0210,0.0,0.0,0.0,0.0,9.15,1.31,0.0
20160405:0310,0.0,0.0,0.0,0.0,8.91,1.52,0.0
20160405:0410,0.0,0.0,0.0,0.0,9.01,1.72,0.0
20160405:0510,0.0,0.0,0.0,0.0,8.77,2.0,0.0
20160405:0610,33.0,47.0,0.0,7.32,8.77,2.14,0.0
20160405:0710,153.0,95.0,0.0,17.18,8.61,1.86,0.0
20160405:0810,93.0,213.0,0.0,26.66,9.69,2.41,0.0
20160405:0910,236.0,243.0,0.0,35.23,11.13,2.55,0.0
20160405:1010,497.01,170.0,0.0,42.15,12.61,2.69,0.0
20160405:1110,352.01,291.0,0.0,46.47,13.78,2.97,0.0
20160405:1210,126.0,373.0,0.0,47.31,14.41,3.17,0.0
20160405:1310,60.0,347.0,0.0,44.45,14.77,3.66,0.0
20160405:1410,313.0,238.0,0.0,38.55,14.94,3.86,0.0
20160405:1510,339.0,141.0,0.0,30.61,14.71,3.79,0.0
20160405:1610,211.0,111.0,0.0,21.46,14.34,3.72,0.0
20160405:1710,93.0,65.0,0.0,11.71,13.78,3.31,0.0
20160405:1810,0.0,8.0,0.0,1.82,12.63,2.76,0.0
20160405:1910,0.0,0.0,0.0,0.0,11.15,2.28,0.0
20160405:2010,0.0,0.0,0.0,0.0,10.25,2.07,0.0
20160405:2110,0.0,0.0,0.0,0.0,9.53,1.86,0.0
20160405:2210,0.0,0.0,0.0,0.0,8.76,1.86,0.0
20160405:2310,0.0,0.0,0.0,0.0,7.93,2.0,0.0
20160406:0010,0.0,0.0,0.0,0.0,7.55,2.14,0.0
20160406:0110,0.0,0.0,0.0,0.0,7.31,2.21,0.0
20160406:0210,0.0,0.0,0.0,0.0,6.87,2.41,0.0
20160406:0310,0.0,0.0,0.0,0.0,6.52,2.48,0.0
20160406:0410,0.0,0.0,0.0,0.0,6.53,2.41,0.0
20160406:0510,0.0,0.0,0.0,0.0,6.87,2.28,0.0
20160406:0610,45.0,46.0,0.0,7.65,7.0,2.28,0.0
20160406:0710,172.0,90.0,0.0,17.52,7.51,2.83,0.0
20160406:0810,331.0,109.0,0.0,27.01,8.64,3.72,0.0
20160406:0910,460.01,127.0,0.0,35.59,10.14,4.55,0.0
20160406:1010,331.01,268.0,0.0,42.53,11.4,6.07,0.0
20160406:1110,218.0,352.0,0.0,46.86,11.89,6.28,0.0
20160406:1210,0.0,152.0,0.0,47.68,12.01,6.48,0.0
20160406:1310,524.01,181.0,0.0,44.79,12.14,6.69,0.0
20160406:1410,0.0,102.0,0.0,38.85,12.25,6.55,0.0
20160406:1510,0.0,107.0,0.0,30.87,11.99,6.28,0.0
20160406:1610,3.0,132.0,0.0,21.7,11.72,5.93,0.0
20160406:1710,0.0,52.0,0.0,11.94,11.25,4.97,0.0
20160406:1810,0.0,5.0,0.0,2.05,10.42,4.62,0.0
20160406:1910,0.0,0.0,0.0,0.0,10.07,4.14,0.0
20160406:2010,0.0,0.0,0.0,0.0,9.5,3.79,0.0
20160406:2110,0.0,0.0,0.0,0.0,8.87,4.0,0.0
20160406:2210,0.0,0.0,0.0,0.0,8.03,4.21,0.0
20160406:2310,0.0,0.0,0.0,0.0,7.08,4.14,0.0
20160407:0010,0.0,0.0,0.0,0.0,6.29,3.93,0.0
20160407:0110,0.0,0.0,0.0,0.0,5.86,3.93,0.0
20160407:0210,0.0,0.0,0.0,0.0,5.35,3.93,0.0
20160407:0310,0.0,0.0,0.0,0.0,4.94,3.86,0.0
20160407:0410,0.0,0.0,0.0,0.0,4.49,3.72,0.0
20160407:0510,0.0,0.0,0.0,0.0,4.21,3.72,0.0
20160407:0610,55.0,46.0,0.0,7.98,4.05,3.59,0.0
20160407:0710,190.0,86.0,0.0,17.85,5.63,3.72,0.0
20160407:0810,334.0,113.0,0.0,27.35,7.04,5.38,0.0
20160407:0910,21.0,265.0,0.0,35.95,8.14,4.62,0.0
20160407:1010,124.0,347.0,0.0,42.91,9.26,4.34,0.0
20160407:1110,142.0,376.0,0.0,47.24,10.17,4.41,0.0
20160407:1210,356.01,308.0,0.0,48.05,10.89,4.69,0.0
20160407:1310,642.01,120.0,0.0,45.12,11.16,4.83,0.0
20160407:1410,542.01,120.0,0.0,39.15,11.13,4.69,0.0
20160407:1510,377.01,129.0,0.0,31.14,10.73,4.62,0.0
20160407:1610,87.0,172.0,0.0,21.94,10.0,4.21,0.0
20160407:1710,54.0,86.0,0.0,12.18,9.5,3.66,0.0
20160407:1810,0.0,11.0,0.0,2.29,8.46,2.83,0.0
20160407:1910,0.0,0.0,0.0,0.0,7.48,2.48,0.0
20160407:2010,0.0,0.0,0.0,0.0,6.66,2.48,0.0
20160407:2110,0.0,0.0,0.0,0.0,5.88,2.55,0.0
20160407:2210,0.0,0.0,0.0,0.0,5.16,2.62,0.0
20160407:2310,0.0,0.0,0.0,0.0,4.58,2.76,0.0
20160408:0010,0.0,0.0,0.0,0.0,4.29,2.76,0.0
20160408:0110,0.0,0.0,0.0,0.0,4.15,2.76,0.0
20160408:0210,0.0,0.0,0.0,0.0,3.88,2.69,0.0
20160408:0310,0.0,0.0,0.0,0.0,3.56,2.55,0.0
20160408:0410,0.0,0.0,0.0,0.0,3.3,2.41,0.0
20160408:0510,0.0,0.0,0.0,0.0,2.95,2.28,0.0
20160408:0610,9.0,56.0,0.0,8.31,3.14,2.07,0.0
20160408:0710,7.0,122.0,0.0,18.18,4.99,1.93,0.0
20160408:0810,212.0,181.0,0.0,27.69,7.17,2.34,0.0
20160408:0910,303.0,224.0,0.0,36.31,8.8,2.07,0.0
20160408:1010,29.0,319.0,0.0,43.28,10.05,1.72,0.0
20160408:1110,0.0,131.0,0.0,47.63,10.94,1.66,0.0
20160408:1210,202.0,369.0,0.0,48.42,11.64,1.66,0.0
20160408:1310,556.01,169.0,0.0,45.46,12.0,1.72,0.0
20160408:1410,72.0,317.0,0.0,39.44,12.2,1.93,0.0
20160408:1510,242.0,204.0,0.0,31.4,12.3,2.07,0.0
20160408:1610,100.0,169.0,0.0,22.18,11.53,2.34,0.0
20160408:1710,18.0,89.0,0.0,12.41,11.03,2.28,0.0
20160408:1810,0.0,12.0,0.0,2.52,10.31,1.66,0.0
20160408:1910,0.0,0.0,0.0,0.0,9.3,1.52,0.0
20160408:2010,0.0,0.0,0.0,0.0,7.82,1.52,0.0
20160408:2110,0.0,0.0,0.0,0.0,6.36,1.79,0.0
20160408:2210,0.0,0.0,0.0,0.0,5.42,1.93,0.0
20160408:2310,0.0,0.0,0.0,0.0,4.55,1.86,0.0
20160409:0010,0.0,0.0,0.0,0.0,3.77,1.66,0.0
20160409:0110,0.0,0.0,0.0,0.0,2.97,1.66,0.0
20160409:0210,0.0,0.0,0.0,0.0,2.41,1.59,0.0
20160409:0310,0.0,0.0,0.0,0.0,1.93,1.72,0.0
20160409:0410,0.0,0.0,0.0,0.0,1.74,1.86,0.0
20160409:0510,0.0,0.0,0.0,0.0,1.75,2.07,0.0
20160409:0610,27.0,61.0,0.0,8.64,2.5,2.21,0.0
20160409:0710,142.0,116.0,0.0,18.51,5.46,2.69,0.0
20160409:0810,337.0,115.0,0.0,28.03,7.65,3.31,0.0
20160409:0910,360.01,196.0,0.0,36.66,9.68,4.14,0.0
20160409:1010,249.0,315.0,0.0,43.65,11.09,5.38,0.0
20160409:1110,275.0,339.0,0.0,48.01,11.34,5.66,0.0
20160409:1210,33.0,353.0,0.0,48.79,11.24,5.45,0.0
20160409:1310,55.0,352.0,0.0,45.79,10.97,5.03,0.0
20160409:1410,0.0,174.0,0.0,39.73,10.39,4.62,0.0
20160409:1510,5.0,201.0,0.0,31.66,10.1,4.14,0.0
20160409:1610,1.0,119.0,0.0,22.42,9.32,4.41,0.0
20160409:1710,0.0,48.0,0.0,12.64,8.95,3.52,0.0
20160409:1810,0.0,11.0,0.0,2.75,8.49,2.76,0.0
20160409:1910,0.0,0.0,0.0,0.0,8.12,2.48,0.0
20160409:2010,0.0,0.0,0.0,0.0,7.4,2.14,0.0
20160409:2110,0.0,0.0,0.0,0.0,6.76,1.66,0.0
20160409:2210,0.0,0.0,0.0,0.0,5.87,1.52,0.0
20160409:2310,0.0,0.0,0.0,0.0,4.59,1.1,0.0
20160410:0010,0.0,0.0,0.0,0.0,3.34,1.17,0.0
20160410:0110,0.0,0.0,0.0,0.0,2.16,1.38,0.0
20160410:0210,0.0,0.0,0.0,0.0,1.05,1.17,0.0
20160410:0310,0.0,0.0,0.0,0.0,0.65,0.69,0.0
20160410:0410,0.0,0.0,0.0,0.0,1.22,1.03,0.0
20160410:0510,0.0,0.0,0.0,0.0,1.51,1.31,0.0
20160410:0610,56.0,55.0,0.0,8.96,2.19,1.66,0.0
20160410:0710,176.0,102.0,0.0,18.84,4.8,3.03,0.0
20160410:0810,348.0,113.0,0.0,28.37,6.11,3.52,0.0
20160410:0910,475.01,132.0,0.0,37.01,8.43,4.55,0.0
20160410:1010,609.01,125.0,0.0,44.02,10.57,4.9,0.0
20160410:1110,690.01,117.0,0.0,48.38,12.35,5.45,0.0
20160410:1210,623.01,161.0,0.0,49.15,13.81,6.07,0.0
20160410:1310,562.01,170.0,0.0,46.12,14.86,6.48,0.0
20160410:1410,519.01,136.0,0.0,40.02,15.68,6.69,0.0
20160410:1510,413.01,114.0,0.0,31.91,16.12,6.69,0.0
20160410:1610,260.0,98.0,0.0,22.66,16.18,6.28,0.0
20160410:1710,82.0,82.0,0.0,12.87,15.76,5.31,0.0
20160410:1810,0.0,14.0,0.0,2.98,14.58,5.1,0.0
20160410:1910,0.0,0.0,0.0,0.0,13.75,4.76,0.0
20160410:2010,0.0,0.0,0.0,0.0,13.1,4.83,0.0
20160410:2110,0.0,0.0,0.0,0.0,12.67,4.62,0.0
20160410:2210,0.0,0.0,0.0,0.0,12.32,4.28,0.0
20160410:2310,0.0,0.0,0.0,0.0,11.58,3.79,0.0
20160411:0010,0.0,0.0,0.0,0.0,11.04,3.31,0.0
20160411:0110,0.0,0.0,0.0,0.0,10.06,3.03,0.0
20160411:0210,0.0,0.0,0.0,0.0,9.37,2.97,0.0
20160411:0310,0.0,0.0,0.0,0.0,9.0,2.9,0.0
20160411:0410,0.0,0.0,0.0,0.0,8.77,2.62,0.0
20160411:0510,0.0,0.0,0.0,0.0,8.67,2.41,0.0
20160411:0610,1.0,46.0,0.0,9.29,8.91,2.48,0.0
20160411:0710,0.0,63.0,0.0,19.16,9.69,2.0,0.0
20160411:0810,0.0,70.0,0.0,28.7,10.54,2.41,0.0
20160411:0910,128.0,295.0,0.0,37.36,10.36,2.34,0.0
20160411:1010,0.0,184.0,0.0,44.39,10.93,2.21,0.0
20160411:1110,34.0,351.0,0.0,48.76,11.81,2.48,0.0
20160411:1210,10.0,310.0,0.0,49.51,12.56,2.76,0.0
20160411:1310,27.0,330.0,0.0,46.44,13.73,3.66,0.0
20160411:1410,0.0,69.0,0.0,40.31,12.62,3.79,0.0
20160411:1510,1.0,165.0,0.0,32.17,12.2,4.07,0.0
20160411:1610,70.0,179.0,0.0,22.89,11.86,3.52,0.0
20160411:1710,116.0,67.0,0.0,13.09,12.0,2.9,0.0
20160411:1810,5.0,15.89,0.0,3.21,11.54,1.72,0.0
20160411:1910,0.0,0.0,0.0,0.0,9.86,2.0,0.0
20160411:2010,0.0,0.0,0.0,0.0,8.78,1.93,0.0
20160411:2110,0.0,0.0,0.0,0.0,7.92,2.0,0.0
20160411:2210,0.0,0.0,0.0,0.0,7.56,2.21,0.0
20160411:2310,0.0,0.0,0.0,0.0,7.3,2.28,0.0
20160412:0010,0.0,0.0,0.0,0.0,6.57,2.28,0.0
20160412:0110,0.0,0.0,0.0,0.0,5.9,2.28,0.0
20160412:0210,0.0,0.0,0.0,0.0,5.38,2.21,0.0
20160412:0310,0.0,0.0,0.0,0.0,4.94,2.14,0.0
20160412:0410,0.0,0.0,0.0,0.0,4.53,2.07,0.0
20160412:0510,0.0,0.0,0.0,0.0,4.21,2.0,0.0
20160412:0610,16.0,68.0,0.0,9.6,4.42,1.72,0.0
20160412:0710,0.0,70.0,0.0,19.48,7.65,2.07,0.0
20160412:0810,0.0,65.0,0.0,29.03,10.02,2.55,0.0
20160412:0910,46.0,295.0,0.0,37.71,11.79,2.97,0.0
20160412:1010,12.0,295.0,0.0,44.75,12.71,3.31,0.0
20160412:1110,631.01,154.0,0.0,49.13,13.13,3.24,0.0
20160412:1210,422.01,283.0,0.0,49.87,13.86,3.66,0.0
20160412:1310,27.0,335.0,0.0,46.77,14.16,3.45,0.0
20160412:1410,60.0,320.0,0.0,40.59,14.51,3.24,0.0
20160412:1510,424.01,112.0,0.0,32.42,14.75,2.9,0.0
20160412:1610,0.0,59.0,0.0,23.13,14.58,2.62,0.0
20160412:1710,91.0,83.0,0.0,13.32,13.57,1.86,0.0
20160412:1810,14.0,14.92,0.0,3.44,12.85,0.9,0.0
20160412:1910,0.0,0.0,0.0,0.0,12.34,2.0,0.0
20160412:2010,0.0,0.0,0.0,0.0,10.47,1.59,0.0
20160412:2110,0.0,0.0,0.0,0.0,9.58,1.17,0.0
20160412:2210,0.0,0.0,0.0,0.0,7.62,1.59,0.0
20160412:2310,0.0,0.0,0.0,0.0,6.89,1.86,0.0
20160413:0010,0.0,0.0,0.0,0.0,6.71,1.93,0.0
20160413:0110,0.0,0.0,0.0,0.0,6.82,1.93,0.0
20160413:0210,0.0,0.0,0.0,0.0,6.97,2.07,0.0
20160413:0310,0.0,0.0,0.0,0.0,7.32,2.21,0.0
20160413:0410,0.0,0.0,0.0,0.0,7.51,2.41,0.0
20160413:0510,0.0,0.0,0.0,0.0,7.51,2.34,0.0
20160413:0610,58.0,62.0,0.0,9.92,7.57,2.07,0.0
20160413:0710,210.0,93.0,0.0,19.8,8.73,1.66,0.0
20160413:0810,357.0,116.0,0.0,29.36,10.82,2.07,0.0
20160413:0910,300.0,238.0,0.0,38.05,12.36,2.83,0.0
20160413:1010,295.0,304.0,0.0,45.11,13.44,2.97,0.0
20160413:1110,650.01,143.0,0.0,49.5,14.2,2.76,0.0
20160413:1210,469.01,257.0,0.0,50.23,14.93,2.76,0.0
20160413:1310,73.0,365.0,0.0,47.09,15.68,2.55,0.0
20160413:1410,206.0,303.0,0.0,40.87,15.7,2.48,0.0
20160413:1510,401.0,125.0,0.0,32.67,15.54,2.55,0.0
20160413:1610,31.0,179.0,0.0,23.36,14.09,2.62,0.0
20160413:1710,12.0,94.0,0.0,13.55,12.81,2.55,0.0
20160413:1810,8.0,19.07,0.0,3.67,12.06,1.52,0.0
20160413:1910,0.0,0.0,0.0,0.0,11.7,1.59,0.0
20160413:2010,0.0,0.0,0.0,0.0,10.28,1.59,0.0
20160413:2110,0.0,0.0,0.0,0.0,8.87,1.59,0.0
20160413:2210,0.0,0.0,0.0,0.0,7.89,1.59,0.0
20160413:2310,0.0,0.0,0.0,0.0,6.94,1.52,0.0
20160414:0010,0.0,0.0,0.0,0.0,6.38,1.45,0.0
20160414:0110,0.0,0.0,0.0,0.0,5.88,1.66,0.0
20160414:0210,0.0,0.0,0.0,0.0,5.65,1.72,0.0
20160414:0310,0.0,0.0,0.0,0.0,5.09,1.86,0.0
20160414:0410,0.0,0.0,0.0,0.0,4.45,1.86,0.0
20160414:0510,0.0,0.0,0.0,0.0,4.01,1.66,0.0
20160414:0610,42.0,71.0,0.0,10.23,4.55,1.31,0.0
20160414:0710,143.0,130.0,0.0,20.12,7.56,1.52,0.0
20160414:0810,360.0,117.0,0.0,29.68,9.76,1.72,0.0
20160414:0910,425.01,171.0,0.0,38.39,11.74,2.07,0.0
20160414:1010,565.01,157.0,0.0,45.47,13.2,2.83,0.0
20160414:1110,563.01,198.0,0.0,49.87,14.14,3.52,0.0
20160414:1210,284.0,351.0,0.0,50.58,14.66,3.79,0.0
20160414:1310,53.0,358.0,0.0,47.41,15.31,3.79,0.0
20160414:1410,0.0,129.0,0.0,41.15,15.81,3.86,0.0
20160414:1510,6.0,209.0,0.0,32.92,15.32,3.79,0.0
20160414:1610,0.0,114.0,0.0,23.59,13.69,2.76,0.0
20160414:1710,0.0,41.0,0.0,13.77,13.2,3.1,0.0
20160414:1810,0.0,3.0,0.0,3.9,12.47,3.52,0.0
20160414:1910,0.0,0.0,0.0,0.0,10.85,2.21,0.0
20160414:2010,0.0,0.0,0.0,0.0,10.4,2.41,0.0
20160414:2110,0.0,0.0,0.0,0.0,10.3,2.76,0.0
20160414:2210,0.0,0.0,0.0,0.0,10.06,2.97,0.0
20160414:2310,0.0,0.0,0.0,0.0,10.17,3.59,0.0
20160415:0010,0.0,0.0,0.0,0.0,10.0,3.86,0.0
20160415:0110,0.0,0.0,0.0,0.0,9.46,3.79,0.0
20160415:0210,0.0,0.0,0.0,0.0,9.02,3.66,0.0
20160415:0310,0.0,0.0,0.0,0.0,8.54,3.45,0.0
20160415:0410,0.0,0.0,0.0,0.0,8.09,3.52,0.0
20160415:0510,0.0,0.0,0.0,0.0,7.93,3.66,0.0
20160415:0610,51.0,72.0,0.0,10.54,8.37,3.86,0.0
20160415:0710,136.0,137.0,0.0,20.43,9.46,5.03,0.0
20160415:0810,143.0,229.0,0.0,30.0,10.63,5.79,0.0
20160415:0910,216.0,283.0,0.0,38.72,11.84,6.28,0.0
20160415:1010,199.0,347.0,0.0,45.82,12.91,6.48,0.0
20160415:1110,0.0,237.0,0.0,50.23,13.56,6.48,0.0
20160415:1210,32.0,362.0,0.0,50.93,14.17,6.76,0.0
20160415:1310,352.0,299.0,0.0,47.73,14.98,7.1,0.0
20160415:1410,0.0,162.0,0.0,41.43,14.9,6.83,0.0
20160415:1510,157.0,253.0,0.0,33.17,14.59,6.48,0.0
20160415:1610,0.0,59.0,0.0,23.82,13.2,5.72,0.0
20160415:1710,49.0,103.0,0.0,13.99,13.28,5.59,0.0
20160415:1810,6.0,21.59,0.0,4.13,12.84,5.38,0.0
20160415:1910,0.0,0.0,0.0,0.0,12.5,5.03,0.0
20160415:2010,0.0,0.0,0.0,0.0,11.86,5.03,0.0
20160415:2110,0.0,0.0,0.0,0.0,11.21,4.9,0.0
20160415:2210,0.0,0.0,0.0,0.0,10.49,4.48,0.0
20160415:2310,0.0,0.0,0.0,0.0,9.91,4.21,0.0
20160416:0010,0.0,0.0,0.0,0.0,9.47,4.14,0.0
20160416:0110,0.0,0.0,0.0,0.0,9.21,3.93,0.0
20160416:0210,0.0,0.0,0.0,0.0,9.0,3.72,0.0
20160416:0310,0.0,0.0,0.0,0.0,8.88,3.45,0.0
20160416:0410,0.0,0.0,0.0,0.0,8.78,3.24,0.0
20160416:0510,0.0,0.0,0.0,0.0,8.44,2.9,0.0
20160416:0610,30.0,79.0,0.0,10.85,8.4,2.97,0.0
20160416:0710,17.0,151.0,0.0,20.74,9.26,4.07,0.0
20160416:0810,15.0,214.0,0.0,30.32,10.22,4.76,0.0
20160416:0910,50.0,304.0,0.0,39.06,11.43,4.83,0.0
20160416:1010,397.01,262.0,0.0,46.18,12.24,5.24,0.0
20160416:1110,168.0,388.0,0.0,50.6,13.07,5.66,0.0
20160416:1210,344.0,330.0,0.0,51.28,13.59,5.72,0.0
20160416:1310,0.0,215.0,0.0,48.04,13.68,5.52,0.0
20160416:1410,67.0,327.0,0.0,41.71,13.72,5.45,0.0
20160416:1510,25.0,248.0,0.0,33.41,13.49,4.97,0.0
20160416:1610,0.0,33.0,0.0,24.05,12.99,4.21,0.0
20160416:1710,0.0,56.0,0.0,14.22,11.74,3.24,0.0
20160416:1810,0.0,16.0,0.0,4.35,10.58,3.45,0.0
20160416:1910,0.0,0.0,0.0,0.0,9.44,3.03,0.0
20160416:2010,0.0,0.0,0.0,0.0,9.08,2.48,0.0
20160416:2110,0.0,0.0,0.0,0.0,8.7,2.21,0.0
20160416:2210,0.0,0.0,0.0,0.0,8.22,2.21,0.0
20160416:2310,0.0,0.0,0.0,0.0,7.35,2.41,0.0
20160417:0010,0.0,0.0,0.0,0.0,6.21,2.76,0.0
20160417:0110,0.0,0.0,0.0,0.0,5.23,2.9,0.0
20160417:0210,0.0,0.0,0.0,0.0,4.81,2.9,0.0
20160417:0310,0.0,0.0,0.0,0.0,4.13,2.69,0.0
20160417:0410,0.0,0.0,0.0,0.0,3.28,2.48,0.0
20160417:0510,0.0,4.0,0.0,1.37,2.68,2.41,0.0
20160417:0610,85.0,65.0,0.0,11.15,2.99,2.21,0.0
20160417:0710,227.0,101.0,0.0,21.04,4.96,2.83,0.0
20160417:0810,108.0,247.0,0.0,30.63,6.27,3.31,0.0
20160417:0910,329.0,242.0,0.0,39.39,7.37,3.24,0.0
20160417:1010,264.0,335.0,0.0,46.52,8.32,3.1,0.0
20160417:1110,88.0,398.0,0.0,50.95,9.19,3.1,0.0
20160417:1210,198.0,395.0,0.0,51.63,9.68,3.24,0.0
20160417:1310,382.01,296.0,0.0,48.35,10.26,3.38,0.0
20160417:1410,0.0,79.0,0.0,41.98,10.57,3.38,0.0
20160417:1510,87.0,275.0,0.0,33.66,10.52,3.45,0.0
20160417:1610,222.0,139.0,0.0,24.28,10.13,3.59,0.0
20160417:1710,107.0,89.0,0.0,14.44,8.31,3.24,0.0
20160417:1810,1.0,22.79,0.0,4.58,8.01,2.48,0.0
20160417:1910,0.0,0.0,0.0,0.0,7.79,2.62,0.0
20160417:2010,0.0,0.0,0.0,0.0,6.72,2.34,0.0
20160417:2110,0.0,0.0,0.0,0.0,5.78,2.14,0.0
20160417:2210,0.0,0.0,0.0,0.0,4.9,2.14,0.0
20160417:2310,0.0,0.0,0.0,0.0,4.07,2.21,0.0
20160418:0010,0.0,0.0,0.0,0.0,3.42,2.28,0.0
20160418:0110,0.0,0.0,0.0,0.0,2.78,2.34,0.0
20160418:0210,0.0,0.0,0.0,0.0,2.28,2.28,0.0
20160418:0310,0.0,0.0,0.0,0.0,1.76,2.14,0.0
20160418:0410,0.0,0.0,0.0,0.0,1.2,1.93,0.0
20160418:0510,0.0,7.0,0.0,1.67,0.58,1.86,0.0
20160418:0610,99.0,62.0,0.0,11.45,1.16,1.52,0.0
20160418:0710,248.0,93.0,0.0,21.34,4.27,1.31,0.0
20160418:0810,407.0,111.0,0.0,30.94,6.56,1.31,0.0
20160418:0910,515.01,140.0,0.0,39.71,8.41,1.38,0.0
20160418:1010,652.01,129.0,0.0,46.87,9.63,1.86,0.0
20160418:1110,751.01,110.0,0.0,51.31,10.55,2.0,0.0
20160418:1210,740.01,121.0,0.0,51.97,11.39,2.14,0.0
20160418:1310,694.01,120.0,0.0,48.66,12.02,2.41,0.0
20160418:1410,500.01,174.0,0.0,42.25,12.36,2.55,0.0
20160418:1510,411.0,139.0,0.0,33.9,12.57,2.55,0.0
20160418:1610,300.0,99.0,0.0,24.5,12.49,2.41,0.0
20160418:1710,131.0,79.0,0.0,14.66,12.39,2.14,0.0
20160418:1810,22.0,21.77,0.0,4.8,11.33,1.72,0.0
20160418:1910,0.0,0.0,0.0,0.0,9.56,0.97,0.0
20160418:2010,0.0,0.0,0.0,0.0,8.89,0.97,0.0
20160418:2110,0.0,0.0,0.0,0.0,7.21,1.24,0.0
20160418:2210,0.0,0.0,0.0,0.0,5.08,1.66,0.0
20160418:2310,0.0,0.0,0.0,0.0,3.85,2.14,0.0
20160419:0010,0.0,0.0,0.0,0.0,3.37,2.34,0.0
20160419:0110,0.0,0.0,0.0,0.0,2.94,2.21,0.0
20160419:0210,0.0,0.0,0.0,0.0,2.35,1.86,0.0
20160419:0310,0.0,0.0,0.0,0.0,1.94,1.59,0.0
20160419:0410,0.0,0.0,0.0,0.0,2.21,1.24,0.0
20160419:0510,0.0,9.0,0.0,1.98,2.8,1.03,0.0
20160419:0610,100.0,63.0,0.0,11.75,3.48,0.62,0.0
20160419:0710,243.0,97.0,0.0,21.64,6.13,1.17,0.0
20160419:0810,397.0,117.0,0.0,31.24,8.63,1.59,0.0
20160419:0910,546.01,123.0,0.0,40.03,10.49,1.93,0.0
20160419:1010,614.01,150.0,0.0,47.21,11.8,2.14,0.0
20160419:1110,749.01,112.0,0.0,51.66,12.79,2.28,0.0
20160419:1210,728.01,128.0,0.0,52.31,13.59,2.69,0.0
20160419:1310,711.01,111.0,0.0,48.97,14.22,2.9,0.0
20160419:1410,566.01,134.0,0.0,42.52,14.57,3.1,0.0
20160419:1510,440.0,122.0,0.0,34.14,14.58,3.45,0.0
20160419:1610,308.0,96.0,0.0,24.72,14.15,3.79,0.0
20160419:1710,131.0,81.0,0.0,14.87,13.57,3.93,0.0
20160419:1810,21.0,23.87,0.0,5.02,12.6,3.66,0.0
20160419:1910,0.0,0.0,0.0,0.0,11.26,3.59,0.0
20160419:2010,0.0,0.0,0.0,0.0,10.27,4.07,0.0
20160419:2110,0.0,0.0,0.0,0.0,9.53,4.0,0.0
20160419:2210,0.0,0.0,0.0,0.0,8.87,4.0,0.0
20160419:2310,0.0,0.0,0.0,0.0,8.21,4.14,0.0
20160420:0010,0.0,0.0,0.0,0.0,7.67,4.07,0.0
20160420:0110,0.0,0.0,0.0,0.0,7.06,3.86,0.0
20160420:0210,0.0,0.0,0.0,0.0,6.52,3.66,0.0
20160420:0310,0.0,0.0,0.0,0.0,5.99,3.52,0.0
20160420:0410,0.0,0.0,0.0,0.0,5.51,3.45,0.0
20160420:0510,0.0,10.0,0.0,2.27,5.16,3.59,0.0
20160420:0610,114.0,61.0,0.0,12.04,5.78,3.93,0.0
20160420:0710,247.0,100.0,0.0,21.93,7.65,4.21,0.0
20160420:0810,395.0,124.0,0.0,31.55,9.62,4.83,0.0
20160420:0910,497.01,158.0,0.0,40.35,11.63,5.24,0.0
20160420:1010,614.01,157.0,0.0,47.55,13.31,5.66,0.0
20160420:1110,670.01,162.0,0.0,52.01,14.6,5.93,0.0
20160420:1210,677.01,163.0,0.0,52.65,15.59,6.14,0.0
20160420:1310,588.01,188.0,0.0,49.27,16.32,6.28,0.0
20160420:1410,302.0,287.0,0.0,42.78,16.76,6.28,0.0
20160420:1510,198.0,254.0,0.0,34.38,16.87,6.0,0.0
20160420:1610,43.0,199.0,0.0,24.94,16.51,5.93,0.0
20160420:1710,5.0,98.0,0.0,15.09,15.77,5.52,0.0
20160420:1810,13.0,28.64,0.0,5.25,14.62,5.1,0.0
20160420:1910,0.0,0.0,0.0,0.0,13.91,4.9,0.0
20160420:2010,0.0,0.0,0.0,0.0,13.24,4.69,0.0
20160420:2110,0.0,0.0,0.0,0.0,12.62,4.48,0.0
20160420:2210,0.0,0.0,0.0,0.0,11.95,4.41,0.0
20160420:2310,0.0,0.0,0.0,0.0,11.3,4.07,0.0
20160421:0010,0.0,0.0,0.0,0.0,10.55,3.72,0.0
20160421:0110,0.0,0.0,0.0,0.0,10.09,3.66,0.0
20160421:0210,0.0,0.0,0.0,0.0,9.61,3.45,0.0
20160421:0310,0.0,0.0,0.0,0.0,9.0,3.17,0.0
20160421:0410,0.0,0.0,0.0,0.0,8.52,2.9,0.0
20160421:0510,0.0,9.0,0.0,2.57,7.97,2.62,0.0
20160421:0610,21.0,89.0,0.0,12.33,8.27,2.21,0.0
20160421:0710,24.0,166.0,0.0,22.22,10.27,2.48,0.0
20160421:0810,181.0,229.0,0.0,31.84,12.05,2.62,0.0
20160421:0910,116.0,321.0,0.0,40.66,13.63,2.62,0.0
20160421:1010,380.0,281.0,0.0,47.88,15.42,2.48,0.0
20160421:1110,249.0,373.0,0.0,52.35,17.13,2.07,0.0
20160421:1210,384.0,319.0,0.0,52.98,18.47,1.66,0.0
20160421:1310,36.0,356.0,0.0,49.57,19.38,1.45,0.0
20160421:1410,410.0,222.0,0.0,43.05,19.96,1.31,0.0
20160421:1510,92.0,275.0,0.0,34.61,20.13,0.97,0.0
20160421:1610,117.0,188.0,0.0,25.16,20.12,0.9,0.0
20160421:1710,6.0,98.0,0.0,15.31,19.83,1.03,0.0
20160421:1810,2.0,28.55,0.0,5.47,18.75,1.17,0.0
20160421:1910,0.0,0.0,0.0,0.0,16.89,1.86,0.0
20160421:2010,0.0,0.0,0.0,0.0,15.43,1.66,0.0
20160421:2110,0.0,0.0,0.0,0.0,14.33,1.72,0.0
20160421:2210,0.0,0.0,0.0,0.0,13.54,1.66,0.0
20160421:2310,0.0,0.0,0.0,0.0,13.08,1.79,0.0
20160422:0010,0.0,0.0,0.0,0.0,12.66,1.86,0.0
20160422:0110,0.0,0.0,0.0,0.0,12.06,1.86,0.0
20160422:0210,0.0,0.0,0.0,0.0,11.6,2.0,0.0
20160422:0310,0.0,0.0,0.0,0.0,11.24,2.14,0.0
20160422:0410,0.0,0.0,0.0,0.0,10.87,2.14,0.0
20160422:0510,0.0,5.0,0.0,2.86,10.46,2.07,0.0
20160422:0610,0.0,36.0,0.0,12.61,10.99,1.72,0.0
20160422:0710,3.0,132.0,0.0,22.51,11.98,1.52,0.0
20160422:0810,11.0,214.0,0.0,32.14,13.16,1.59,0.0
20160422:0910,0.0,179.0,0.0,40.97,14.38,1.66,0.0
20160422:1010,0.0,135.0,0.0,48.21,14.91,1.52,0.0
20160422:1110,14.0,335.0,0.0,52.7,15.34,1.59,0.0
20160422:1210,53.0,386.0,0.0,53.31,15.88,1.93,0.0
20160422:1310,32.0,350.0,0.0,49.87,15.92,2.28,0.0
20160422:1410,0.0,151.0,0.0,43.31,15.99,2.48,0.0
20160422:1510,0.0,139.0,0.0,34.84,16.18,2.34,0.0
20160422:1610,0.0,73.0,0.0,25.38,16.13,2.07,0.0
20160422:1710,17.0,110.0,0.0,15.52,15.67,1.59,0.0
20160422:1810,10.0,32.39,0.0,5.69,15.12,1.24,0.0
20160422:1910,0.0,0.0,0.0,0.0,13.61,1.59,0.0
20160422:2010,0.0,0.0,0.0,0.0,12.94,1.79,0.0
20160422:2110,0.0,0.0,0.0,0.0,12.51,1.79,0.0
20160422:2210,0.0,0.0,0.0,0.0,12.13,1.79,0.0
20160422:2310,0.0,0.0,0.0,0.0,11.71,1.72,0.0
20160423:0010,0.0,0.0,0.0,0.0,11.26,1.93,0.0
20160423:0110,0.0,0.0,0.0,0.0,10.6,2.48,0.0
20160423:0210,0.0,0.0,0.0,0.0,9.84,3.1,0.0
20160423:0310,0.0,0.0,0.0,0.0,9.12,3.52,0.0
20160423:0410,0.0,0.0,0.0,0.0,8.53,3.72,0.0
20160423:0510,0.0,11.0,0.0,3.14,8.05,3.86,0.0
20160423:0610,0.0,61.0,0.0,12.89,7.77,4.0,0.0
20160423:0710,0.0,91.0,0.0,22.79,7.86,3.86,0.0
20160423:0810,0.0,120.0,0.0,32.43,8.07,4.48,0.0
20160423:0910,1.0,217.0,0.0,41.28,8.62,5.24,0.0
20160423:1010,10.0,308.0,0.0,48.53,9.09,5.17,0.0
20160423:1110,7.0,314.0,0.0,53.03,9.96,5.1,0.0
20160423:1210,0.0,135.0,0.0,53.64,10.8,5.03,0.0
20160423:1310,1.0,255.0,0.0,50.16,10.85,5.1,0.0
20160423:1410,0.0,206.0,0.0,43.57,10.86,5.17,0.0
20160423:1510,41.0,270.0,0.0,35.08,10.97,5.24,0.0
20160423:1610,7.0,166.0,0.0,25.6,10.88,5.38,0.0
20160423:1710,11.0,109.0,0.0,15.73,10.19,5.31,0.0
20160423:1810,1.0,29.0,0.0,5.9,9.24,5.1,0.0
20160423:1910,0.0,0.0,0.0,0.0,8.47,4.28,0.0
20160423:2010,0.0,0.0,0.0,0.0,7.63,4.14,0.0
20160423:2110,0.0,0.0,0.0,0.0,6.55,3.79,0.0
20160423:2210,0.0,0.0,0.0,0.0,5.59,3.45,0.0
20160423:2310,0.0,0.0,0.0,0.0,4.65,3.1,0.0
20160424:0010,0.0,0.0,0.0,0.0,3.78,2.69,0.0
20160424:0110,0.0,0.0,0.0,0.0,3.06,2.41,0.0
20160424:0210,0.0,0.0,0.0,0.0,2.45,2.34,0.0
20160424:0310,0.0,0.0,0.0,0.0,1.94,2.28,0.0
20160424:0410,0.0,0.0,0.0,0.0,1.51,2.28,0.0
20160424:0510,2.0,17.55,0.0,3.42,1.19,2.21,0.0
20160424:0610,92.0,82.0,0.0,13.17,2.23,1.79,0.0
20160424:0710,110.0,175.0,0.0,23.06,4.62,1.86,0.0
20160424:0810,230.0,223.0,0.0,32.71,6.49,2.28,0.0
20160424:0910,45.0,321.0,0.0,41.58,7.85,3.03,0.0
20160424:1010,56.0,372.0,0.0,48.85,8.98,3.66,0.0
20160424:1110,129.0,413.0,0.0,53.37,9.74,4.07,0.0
20160424:1210,0.0,76.0,0.0,53.97,10.24,4.41,0.0
20160424:1310,23.0,349.0,0.0,50.45,9.47,4.9,0.0
20160424:1410,0.0,145.0,0.0,43.82,8.97,5.38,0.0
20160424:1510,7.0,228.0,0.0,35.31,9.04,5.17,0.0
20160424:1610,6.0,168.0,0.0,25.81,8.77,5.03,0.0
20160424:1710,0.0,79.0,0.0,15.94,8.08,5.1,0.0
20160424:1810,23.0,39.0,0.0,6.12,7.26,4.41,0.0
20160424:1910,0.0,0.0,0.0,0.0,5.97,3.72,0.0
20160424:2010,0.0,0.0,0.0,0.0,5.1,3.38,0.0
20160424:2110,0.0,0.0,0.0,0.0,4.31,2.83,0.0
20160424:2210,0.0,0.0,0.0,0.0,3.66,2.41,0.0
20160424:2310,0.0,0.0,0.0,0.0,3.03,2.14,0.0
20160425:0010,0.0,0.0,0.0,0.0,2.58,2.14,0.0
20160425:0110,0.0,0.0,0.0,0.0,2.64,2.28,0.0
20160425:0210,0.0,0.0,0.0,0.0,3.19,2.34,0.0
20160425:0310,0.0,0.0,0.0,0.0,3.83,2.48,0.0
20160425:0410,0.0,0.0,0.0,0.0,4.35,2.83,0.0
20160425:0510,1.0,17.79,0.0,3.7,4.51,3.31,0.0
20160425:0610,17.0,97.0,0.0,13.44,4.94,3.52,0.0
20160425:0710,8.0,155.0,0.0,23.34,6.02,3.59,0.0
20160425:0810,320.0,176.0,0.0,32.99,7.46,4.48,0.0
20160425:0910,161.0,325.0,0.0,41.87,8.57,4.97,0.0
20160425:1010,1.0,261.0,0.0,49.17,9.6,5.45,0.0
20160425:1110,0.0,124.0,0.0,53.7,9.96,5.72,0.0
20160425:1210,0.0,146.0,0.0,54.29,10.13,6.48,0.0
20160425:1310,0.0,138.0,0.0,50.74,10.1,7.24,0.0
20160425:1410,60.0,340.0,0.0,44.08,9.94,7.38,0.0
20160425:1510,32.0,267.0,0.0,35.53,10.31,8.0,0.0
20160425:1610,6.0,167.0,0.0,26.03,9.81,6.21,0.0
20160425:1710,3.0,93.0,0.0,16.15,9.02,5.86,0.0
20160425:1810,2.0,33.0,0.0,6.34,8.44,5.45,0.0
20160425:1910,0.0,0.0,0.0,0.0,8.08,5.38,0.0
20160425:2010,0.0,0.0,0.0,0.0,7.87,4.97,0.0
20160425:2110,0.0,0.0,0.0,0.0,7.64,4.76,0.0
20160425:2210,0.0,0.0,0.0,0.0,7.22,4.48,0.0
20160425:2310,0.0,0.0,0.0,0.0,6.82,4.55,0.0
20160426:0010,0.0,0.0,0.0,0.0,6.71,4.62,0.0
20160426:0110,0.0,0.0,0.0,0.0,6.71,4.69,0.0
20160426:0210,0.0,0.0,0.0,0.0,6.54,4.69,0.0
20160426:0310,0.0,0.0,0.0,0.0,6.37,4.21,0.0
20160426:0410,0.0,0.0,0.0,0.0,5.61,3.66,0.0
20160426:0510,0.0,17.0,0.0,3.98,5.12,3.52,0.0
20160426:0610,16.0,99.0,0.0,13.71,4.87,3.45,0.0
20160426:0710,3.0,145.0,0.0,23.61,5.67,2.76,0.0
20160426:0810,0.0,116.0,0.0,33.27,6.53,3.03,0.0
20160426:0910,0.0,135.0,0.0,42.17,7.57,3.24,0.0
20160426:1010,0.0,214.0,0.0,49.48,8.36,3.66,0.0
20160426:1110,619.01,205.0,0.0,54.02,8.68,4.28,0.0
20160426:1210,0.0,98.0,0.0,54.6,8.86,4.55,0.0
20160426:1310,17.0,341.0,0.0,51.03,9.27,4.83,0.0
20160426:1410,0.0,225.0,0.0,44.33,9.38,5.17,0.0
20160426:1510,303.0,216.0,0.0,35.76,7.27,5.79,0.0
20160426:1610,277.0,128.0,0.0,26.24,7.15,5.79,0.0
20160426:1710,173.0,76.0,0.0,16.36,6.29,5.03,0.0
20160426:1810,1.0,30.0,0.0,6.55,5.94,4.28,0.0
20160426:1910,0.0,0.0,0.0,0.0,5.06,3.59,0.0
20160426:2010,0.0,0.0,0.0,0.0,4.29,3.38,0.0
20160426:2110,0.0,0.0,0.0,0.0,3.64,3.38,0.0
20160426:2210,0.0,0.0,0.0,0.0,3.06,3.24,0.0
20160426:2310,0.0,0.0,0.0,0.0,2.67,3.24,0.0
20160427:0010,0.0,0.0,0.0,0.0,2.36,3.1,0.0
20160427:0110,0.0,0.0,0.0,0.0,2.11,3.24,0.0
20160427:0210,0.0,0.0,0.0,0.0,1.92,3.31,0.0
20160427:0310,0.0,0.0,0.0,0.0,2.13,3.24,0.0
20160427:0410,0.0,0.0,0.0,0.0,1.83,3.17,0.0
20160427:0510,6.0,23.5,0.0,4.24,1.72,3.1,0.0
20160427:0610,138.0,69.0,0.0,13.97,2.7,2.9,0.0
20160427:0710,291.0,97.0,0.0,23.87,4.15,3.52,0.0
20160427:0810,407.0,137.0,0.0,33.54,5.82,4.48,0.0
20160427:0910,233.0,313.0,0.0,42.45,6.91,4.14,0.0
20160427:1010,52.0,377.0,0.0,49.79,7.8,3.72,0.0
20160427:1110,261.0,392.0,0.0,54.35,8.86,3.31,0.0
20160427:1210,0.0,105.0,0.0,54.92,9.72,3.31,0.0
20160427:1310,543.01,231.0,0.0,51.31,10.19,3.31,0.0
20160427:1410,481.01,206.0,0.0,44.57,10.38,3.17,0.0
20160427:1510,5.0,223.0,0.0,35.98,10.37,2.97,0.0
20160427:1610,313.0,111.0,0.0,26.45,10.02,2.48,0.0
20160427:1710,15.0,120.0,0.0,16.57,8.49,2.28,0.0
20160427:1810,2.0,36.0,0.0,6.76,6.91,2.14,0.0
20160427:1910,0.0,0.0,0.0,0.0,5.87,1.24,0.0
20160427:2010,0.0,0.0,0.0,0.0,4.97,1.52,0.0
20160427:2110,0.0,0.0,0.0,0.0,4.16,1.59,0.0
20160427:2210,0.0,0.0,0.0,0.0,3.45,1.72,0.0
20160427:2310,0.0,0.0,0.0,0.0,3.11,1.79,0.0
20160428:0010,0.0,0.0,0.0,0.0,2.62,1.93,0.0
20160428:0110,0.0,0.0,0.0,0.0,2.23,1.93,0.0
20160428:0210,0.0,0.0,0.0,0.0,1.52,2.0,0.0
20160428:0310,0.0,0.0,0.0,0.0,0.94,1.93,0.0
20160428:0410,0.0,0.0,0.0,0.0,0.31,1.93,0.0
20160428:0510,5.0,25.73,0.0,4.51,-0.21,1.86,0.0
20160428:0610,133.0,73.0,0.0,14.23,1.19,1.24,0.0
20160428:0710,281.0,104.0,0.0,24.13,3.69,1.52,0.0
20160428:0810,384.0,152.0,0.0,33.81,5.73,1.66,0.0
20160428:0910,335.0,268.0,0.0,42.73,7.43,2.34,0.0
20160428:1010,79.0,388.0,0.0,50.09,8.41,2.41,0.0
20160428:1110,141.0,420.0,0.0,54.66,9.37,2.48,0.0
20160428:1210,0.0,173.0,0.0,55.23,10.11,3.03,0.0
20160428:1310,20.0,350.0,0.0,51.59,10.84,3.38,0.0
20160428:1410,68.0,351.0,0.0,44.82,10.79,3.52,0.0
20160428:1510,31.0,275.0,0.0,36.2,10.65,3.45,0.0
20160428:1610,17.0,194.0,0.0,26.66,10.77,3.24,0.0
20160428:1710,33.0,129.0,0.0,16.77,10.69,2.83,0.0
20160428:1810,15.0,47.0,0.0,6.97,10.15,1.93,0.0
20160428:1910,0.0,0.0,0.0,0.0,9.02,2.07,0.0
20160428:2010,0.0,0.0,0.0,0.0,7.67,2.41,0.0
20160428:2110,0.0,0.0,0.0,0.0,6.3,2.83,0.0
20160428:2210,0.0,0.0,0.0,0.0,5.56,3.1,0.0
20160428:2310,0.0,0.0,0.0,0.0,5.52,3.17,0.0
20160429:0010,0.0,0.0,0.0,0.0,5.3,3.1,0.0
20160429:0110,0.0,0.0,0.0,0.0,5.05,3.17,0.0
20160429:0210,0.0,0.0,0.0,0.0,5.09,3.24,0.0
20160429:0310,0.0,0.0,0.0,0.0,5.11,3.31,0.0
20160429:0410,0.0,0.0,0.0,0.0,4.86,3.45,0.0
20160429:0510,6.0,26.5,0.0,4.77,4.6,3.59,0.0
20160429:0610,139.0,72.0,0.0,14.48,5.37,3.45,0.0
20160429:0710,285.0,102.0,0.0,24.38,7.14,4.41,0.0
20160429:0810,443.0,117.0,0.0,34.07,8.75,5.1,0.0
20160429:0910,353.0,256.0,0.0,43.01,10.17,6.0,0.0
20160429:1010,189.0,381.0,0.0,50.39,10.93,6.0,0.0
20160429:1110,0.0,203.0,0.0,54.98,11.24,5.93,0.0
20160429:1210,28.0,378.0,0.0,55.53,11.74,5.79,0.0
20160429:1310,19.0,344.0,0.0,51.87,12.26,5.59,0.0
20160429:1410,144.0,352.0,0.0,45.06,12.23,5.38,0.0
20160429:1510,78.0,291.0,0.0,36.42,11.98,5.45,0.0
20160429:1610,11.0,184.0,0.0,26.86,11.91,5.45,0.0
20160429:1710,0.0,65.0,0.0,16.98,11.6,5.17,0.0
20160429:1810,0.0,25.0,0.0,7.18,10.73,4.83,0.0
20160429:1910,0.0,0.0,0.0,0.0,9.28,3.79,0.0
20160429:2010,0.0,0.0,0.0,0.0,8.29,2.83,0.0
20160429:2110,0.0,0.0,0.0,0.0,8.02,1.93,0.0
20160429:2210,0.0,0.0,0.0,0.0,7.56,1.72,0.0
20160429:2310,0.0,0.0,0.0,0.0,7.3,1.52,0.0
20160430:0010,0.0,0.0,0.0,0.0,7.14,1.24,0.0
20160430:0110,0.0,0.0,0.0,0.0,6.71,1.03,0.0
20160430:0210,0.0,0.0,0.0,0.0,6.41,0.97,0.0
20160430:0310,0.0,0.0,0.0,0.0,6.39,0.97,0.0
20160430:0410,0.0,0.0,0.0,0.0,6.17,1.38,0.0
20160430:0510,0.0,9.0,0.0,5.03,6.13,1.93,0.0
20160430:0610,18.0,108.0,0.0,14.73,6.32,2.28,0.0
20160430:0710,13.0,174.0,0.0,24.63,6.62,1.86,0.0
20160430:0810,0.0,149.0,0.0,34.32,7.28,2.41,0.0
20160430:0910,0.0,157.0,0.0,43.28,7.77,2.83,0.0
20160430:1010,0.0,122.0,0.0,50.68,7.97,3.1,0.0
20160430:1110,0.0,194.0,0.0,55.29,7.94,3.93,0.0
20160430:1210,0.0,113.0,0.0,55.84,8.07,4.48,0.0
20160430:1310,0.0,151.0,0.0,52.14,8.39,4.76,0.0
20160430:1410,0.0,215.0,0.0,45.3,8.75,5.17,0.0
20160430:1510,0.0,149.0,0.0,36.64,9.11,5.24,0.0
20160430:1610,0.0,87.0,0.0,27.07,9.3,5.31,0.0
20160430:1710,19.0,126.0,0.0,17.18,8.83,5.17,0.0
20160430:1810,11.0,48.0,0.0,7.39,8.12,5.24,0.0
20160430:1910,0.0,0.0,0.0,0.0,7.55,4.34,0.0
20160430:2010,0.0,0.0,0.0,0.0,6.86,4.28,0.0
20160430:2110,0.0,0.0,0.0,0.0,6.21,4.21,0.0
20160430:2210,0.0,0.0,0.0,0.0,5.61,4.07,0.0
20160430:2310,0.0,0.0,0.0,0.0,4.92,3.79,0.0
20160501:0010,0.0,0.0,0.0,0.0,4.29,3.52,0.0
20160501:0110,0.0,0.0,0.0,0.0,3.63,3.17,0.0
20160501:0210,0.0,0.0,0.0,0.0,3.01,2.97,0.0
20160501:0310,0.0,0.0,0.0,0.0,2.52,3.03,0.0
20160501:0410,0.0,0.0,0.0,0.0,2.19,3.1,0.0
20160501:0510,28.0,23.22,0.0,5.28,2.06,3.1,0.0
20160501:0610,144.0,77.0,0.0,14.98,3.33,2.83,0.0
20160501:0710,294.0,107.0,0.0,24.88,5.86,3.52,0.0
20160501:0810,458.0,120.0,0.0,34.58,7.86,4.14,0.0
20160501:0910,611.01,122.0,0.0,43.55,9.49,4.69,0.0
20160501:1010,689.01,141.0,0.0,50.97,10.76,5.17,0.0
20160501:1110,756.01,138.0,0.0,55.59,11.76,5.38,0.0
20160501:1210,741.01,150.0,0.0,56.13,12.53,5.31,0.0
20160501:1310,697.01,147.0,0.0,52.41,13.14,5.17,0.0
20160501:1410,614.01,137.0,0.0,45.54,13.51,5.1,0.0
20160501:1510,447.0,148.0,0.0,36.85,13.57,4.9,0.0
20160501:1610,348.0,103.0,0.0,27.27,13.5,4.69,0.0
20160501:1710,176.0,85.0,0.0,17.38,13.07,4.0,0.0
20160501:1810,49.0,43.0,0.0,7.6,12.21,3.1,0.0
20160501:1910,0.0,0.0,0.0,0.0,10.43,2.76,0.0
20160501:2010,0.0,0.0,0.0,0.0,8.95,2.76,0.0
20160501:2110,0.0,0.0,0.0,0.0,7.87,2.62,0.0
20160501:2210,0.0,0.0,0.0,0.0,6.92,2.69,0.0
20160501:2310,0.0,0.0,0.0,0.0,6.18,2.69,0.0
20160502:0010,0.0,0.0,0.0,0.0,5.53,2.55,0.0
20160502:0110,0.0,0.0,0.0,0.0,4.91,2.41,0.0
20160502:0210,0.0,0.0,0.0,0.0,4.32,2.21,0.0
20160502:0310,0.0,0.0,0.0,0.0,3.61,1.93,0.0
20160502:0410,0.0,0.0,0.0,0.0,2.65,1.59,0.0
20160502:0510,17.0,30.41,0.0,5.52,2.29,1.38,0.0
20160502:0610,115.0,92.0,0.0,15.22,4.34,0.69,0.0
20160502:0710,255.0,127.0,0.0,25.12,7.81,0.62,0.0
20160502:0810,433.0,130.0,0.0,34.82,10.45,0.62,0.0
20160502:0910,502.0,181.0,0.0,43.81,12.14,1.17,0.0
20160502:1010,589.01,196.0,0.0,51.25,13.25,1.66,0.0
20160502:1110,570.01,244.0,0.0,55.89,14.18,2.14,0.0
20160502:1210,400.0,340.0,0.0,56.43,14.96,2.55,0.0
20160502:1310,518.01,249.0,0.0,52.67,15.53,2.9,0.0
20160502:1410,381.0,267.0,0.0,45.77,15.75,3.1,0.0
20160502:1510,147.0,289.0,0.0,37.06,15.85,3.24,0.0
20160502:1610,113.0,213.0,0.0,27.47,15.68,3.17,0.0
20160502:1710,17.0,128.0,0.0,17.58,15.0,2.76,0.0
20160502:1810,0.0,21.0,0.0,7.8,14.01,2.76,0.0
20160502:1910,0.0,0.0,0.0,0.0,13.48,2.48,0.0
20160502:2010,0.0,0.0,0.0,0.0,12.64,2.14,0.0
20160502:2110,0.0,0.0,0.0,0.0,12.1,2.14,0.0
20160502:2210,0.0,0.0,0.0,0.0,11.43,2.55,0.0
20160502:2310,0.0,0.0,0.0,0.0,11.15,3.03,0.0
20160503:0010,0.0,0.0,0.0,0.0,11.15,3.31,0.0
20160503:0110,0.0,0.0,0.0,0.0,11.04,3.52,0.0
20160503:0210,0.0,0.0,0.0,0.0,10.6,3.86,0.0
20160503:0310,0.0,0.0,0.0,0.0,9.94,3.86,0.0
20160503:0410,0.0,0.0,0.0,0.0,8.95,3.45,0.0
20160503:0510,33.0,33.0,0.0,5.76,8.08,3.24,0.0
20160503:0610,78.0,110.0,0.0,15.45,8.08,2.9,0.0
20160503:0710,0.0,0.0,0.0,0.0,9.0,3.93,0.0
20160503:0810,302.0,208.0,0.0,35.07,10.36,4.41,0.0
20160503:0910,273.0,305.0,0.0,44.07,11.5,3.93,0.0
20160503:1010,312.0,347.0,0.0,51.53,12.34,4.0,0.0
20160503:1110,283.0,390.0,0.0,56.19,13.04,3.93,0.0
20160503:1210,349.0,367.0,0.0,56.72,13.48,3.79,0.0
20160503:1310,441.0,294.0,0.0,52.93,13.89,3.66,0.0
20160503:1410,239.0,333.0,0.0,46.0,14.16,3.38,0.0
20160503:1510,304.0,227.0,0.0,37.27,14.35,3.24,0.0
20160503:1610,288.0,136.0,0.0,27.67,14.12,3.31,0.0
20160503:1710,119.0,116.0,0.0,17.78,13.78,3.1,0.0
20160503:1810,52.0,45.0,0.0,8.0,12.98,2.48,0.0
20160503:1910,0.0,0.0,0.0,0.0,11.62,2.48,0.0
20160503:2010,0.0,0.0,0.0,0.0,9.92,2.83,0.0
20160503:2110,0.0,0.0,0.0,0.0,8.76,2.97,0.0
20160503:2210,0.0,0.0,0.0,0.0,7.9,2.9,0.0
20160503:2310,0.0,0.0,0.0,0.0,7.19,2.62,0.0
20160504:0010,0.0,0.0,0.0,0.0,6.46,2.48,0.0
20160504:0110,0.0,0.0,0.0,0.0,5.82,2.34,0.0
20160504:0210,0.0,0.0,0.0,0.0,5.2,2.21,0.0
20160504:0310,0.0,0.0,0.0,0.0,4.59,2.14,0.0
20160504:0410,0.0,0.0,0.0,0.0,3.96,2.0,0.0
20160504:0510,31.0,35.0,0.0,6.0,3.44,1.79,0.0
20160504:0610,129.0,90.0,0.0,15.68,5.25,1.24,0.0
20160504:0710,0.0,0.0,0.0,0.0,8.29,1.45,0.0
20160504:0810,449.0,128.0,0.0,35.3,10.5,1.52,0.0
20160504:0910,588.01,137.0,0.0,44.32,12.62,1.79,0.0
20160504:1010,679.01,148.0,0.0,51.81,14.19,2.34,0.0
20160504:1110,744.01,146.0,0.0,56.48,14.95,2.28,0.0
20160504:1210,730.01,156.0,0.0,57.01,15.51,2.41,0.0
20160504:1310,675.01,160.0,0.0,53.19,15.94,2.62,0.0
20160504:1410,614.01,138.0,0.0,46.23,16.17,2.83,0.0
20160504:1510,493.0,125.0,0.0,37.48,16.24,2.97,0.0
20160504:1610,351.0,105.0,0.0,27.86,16.02,3.1,0.0
20160504:1710,170.0,93.0,0.0,17.97,15.52,3.03,0.0
20160504:1810,52.0,47.0,0.0,8.21,14.53,2.48,0.0
20160504:1910,0.0,0.0,0.0,0.0,13.13,2.69,0.0
20160504:2010,0.0,0.0,0.0,0.0,11.54,2.83,0.0
20160504:2110,0.0,0.0,0.0,0.0,10.48,2.9,0.0
20160504:2210,0.0,0.0,0.0,0.0,9.67,2.97,0.0
20160504:2310,0.0,0.0,0.0,0.0,9.08,3.1,0.0
20160505:0010,0.0,0.0,0.0,0.0,8.62,3.17,0.0
20160505:0110,0.0,0.0,0.0,0.0,8.13,3.1,0.0
20160505:0210,0.0,0.0,0.0,0.0,7.57,2.97,0.0
20160505:0310,0.0,0.0,0.0,0.0,7.0,2.9,0.0
20160505:0410,0.0,0.0,0.0,0.0,6.5,2.97,0.0
20160505:0510,41.0,34.0,0.0,6.23,6.25,3.1,0.0
20160505:0610,154.0,81.0,0.0,15.91,7.32,2.9,0.0
20160505:0710,304.0,110.0,0.0,25.81,9.52,3.38,0.0
20160505:0810,472.0,121.0,0.0,35.53,11.43,3.59,0.0
20160505:0910,601.01,135.0,0.0,44.57,13.27,3.45,0.0
20160505:1010,692.01,147.0,0.0,52.07,14.94,3.66,0.0
20160505:1110,758.01,144.0,0.0,56.77,16.29,3.93,0.0
20160505:1210,753.01,150.0,0.0,57.29,17.24,4.21,0.0
20160505:1310,699.01,152.0,0.0,53.45,17.84,4.21,0.0
20160505:1410,576.01,166.0,0.0,46.46,18.16,4.21,0.0
20160505:1510,467.0,144.0,0.0,37.68,18.2,4.28,0.0
20160505:1610,313.0,130.0,0.0,28.06,17.98,4.34,0.0
20160505:1710,72.0,138.0,0.0,18.16,17.45,3.79,0.0
20160505:1810,16.0,58.0,0.0,8.41,16.34,3.38,0.0
20160505:1910,0.0,0.0,0.0,0.0,14.98,2.9,0.0
20160505:2010,0.0,0.0,0.0,0.0,13.71,3.03,0.0
20160505:2110,0.0,0.0,0.0,0.0,12.8,3.17,0.0
20160505:2210,0.0,0.0,0.0,0.0,12.04,3.17,0.0
20160505:2310,0.0,0.0,0.0,0.0,11.35,3.03,0.0
20160506:0010,0.0,0.0,0.0,0.0,10.61,2.97,0.0
20160506:0110,0.0,0.0,0.0,0.0,9.98,2.97,0.0
20160506:0210,0.0,0.0,0.0,0.0,9.42,2.9,0.0
20160506:0310,0.0,0.0,0.0,0.0,8.9,2.69,0.0
20160506:0410,0.0,0.0,0.0,0.0,8.25,2.48,0.0
20160506:0510,25.0,41.0,0.0,6.46,7.76,2.21,0.0
20160506:0610,138.0,91.0,0.0,16.13,9.11,1.79,0.0
20160506:0710,269.0,130.0,0.0,26.02,12.12,1.79,0.0
20160506:0810,417.0,150.0,0.0,35.76,14.82,1.86,0.0
20160506:0910,586.01,141.0,0.0,44.81,17.19,2.0,0.0
20160506:1010,685.01,147.0,0.0,52.34,18.87,2.76,0.0
20160506:1110,750.01,145.0,0.0,57.05,19.87,3.45,0.0
20160506:1210,709.01,173.0,0.0,57.57,20.61,3.86,0.0
20160506:1310,680.01,160.0,0.0,53.7,21.15,4.0,0.0
20160506:1410,603.01,146.0,0.0,46.68,21.51,4.07,0.0
20160506:1510,492.0,128.0,0.0,37.88,21.63,4.07,0.0
20160506:1610,333.0,117.0,0.0,28.25,21.48,4.0,0.0
20160506:1710,2.0,103.0,0.0,18.36,20.96,3.24,0.0
20160506:1810,1.0,45.0,0.0,8.6,19.72,2.83,0.0
20160506:1910,0.0,0.0,0.0,0.0,18.29,2.69,0.0
20160506:2010,0.0,0.0,0.0,0.0,16.54,2.55,0.0
20160506:2110,0.0,0.0,0.0,0.0,15.28,2.34,0.0
20160506:2210,0.0,0.0,0.0,0.0,14.28,2.14,0.0
20160506:2310,0.0,0.0,0.0,0.0,13.25,2.0,0.0
20160507:0010,0.0,0.0,0.0,0.0,12.16,1.45,0.0
20160507:0110,0.0,0.0,0.0,0.0,12.48,1.03,0.0
20160507:0210,0.0,0.0,0.0,0.0,11.63,1.17,0.0
20160507:0310,0.0,0.0,0.0,0.0,10.7,1.93,0.0
20160507:0410,0.0,0.0,0.0,0.0,10.86,2.41,0.0
20160507:0510,2.0,36.0,0.0,6.68,11.36,2.69,0.0
20160507:0610,22.0,119.0,0.0,16.34,12.67,2.69,0.0
20160507:0710,16.0,185.0,0.0,26.24,14.76,3.03,0.0
20160507:0810,145.0,276.0,0.0,35.98,16.39,3.79,0.0
20160507:0910,139.0,348.0,0.0,45.04,17.85,4.07,0.0
20160507:1010,309.0,347.0,0.0,52.59,19.02,4.14,0.0
20160507:1110,100.0,423.0,0.0,57.32,19.79,4.0,0.0
20160507:1210,516.01,279.0,0.0,57.84,20.44,3.86,0.0
20160507:1310,536.01,239.0,0.0,53.95,21.11,3.86,0.0
20160507:1410,576.01,154.0,0.0,46.9,21.57,4.14,0.0
20160507:1510,490.0,124.0,0.0,38.08,21.77,4.41,0.0
20160507:1610,344.0,109.0,0.0,28.44,21.61,4.28,0.0
20160507:1710,182.0,90.0,0.0,18.54,21.18,3.31,0.0
20160507:1810,58.0,50.0,0.0,8.8,20.03,2.83,0.0
20160507:1910,0.0,0.0,0.0,0.0,18.42,2.62,0.0
20160507:2010,0.0,0.0,0.0,0.0,16.89,2.83,0.0
20160507:2110,0.0,0.0,0.0,0.0,15.79,2.97,0.0
20160507:2210,0.0,0.0,0.0,0.0,15.0,3.03,0.0
20160507:2310,0.0,0.0,0.0,0.0,14.39,3.1,0.0
20160508:0010,0.0,0.0,0.0,0.0,13.94,3.17,0.0
20160508:0110,0.0,0.0,0.0,0.0,13.48,3.1,0.0
20160508:0210,0.0,0.0,0.0,0.0,12.84,2.9,0.0
20160508:0310,0.0,0.0,0.0,0.0,12.11,2.69,0.0
20160508:0410,0.0,0.0,0.0,0.0,11.39,2.55,0.0
20160508:0510,32.0,42.0,0.0,6.9,11.03,2.48,0.0
20160508:0610,103.0,108.0,0.0,16.55,12.39,2.14,0.0
20160508:0710,230.0,150.0,0.0,26.45,15.61,2.34,0.0
20160508:0810,391.0,163.0,0.0,36.19,17.77,3.03,0.0
20160508:0910,573.01,143.0,0.0,45.27,19.23,3.72,0.0
20160508:1010,506.01,248.0,0.0,52.85,20.37,4.07,0.0
20160508:1110,558.01,253.0,0.0,57.59,21.46,4.34,0.0
20160508:1210,321.0,379.0,0.0,58.11,22.32,4.76,0.0
20160508:1310,207.0,394.0,0.0,54.19,22.74,6.07,0.0
20160508:1410,568.01,161.0,0.0,47.11,22.56,6.0,0.0
20160508:1510,351.0,205.0,0.0,38.28,22.13,5.38,0.0
20160508:1610,172.0,199.0,0.0,28.63,21.79,4.62,0.0
20160508:1710,93.0,133.0,0.0,18.73,21.3,4.21,0.0
20160508:1810,20.0,61.0,0.0,8.99,20.36,3.79,0.0
20160508:1910,0.0,0.0,0.0,0.0,19.44,3.31,0.0
20160508:2010,0.0,0.0,0.0,0.0,18.45,3.52,0.0
20160508:2110,0.0,0.0,0.0,0.0,18.11,4.28,0.0
20160508:2210,0.0,0.0,0.0,0.0,18.03,4.9,0.0
20160508:2310,0.0,0.0,0.0,0.0,17.24,4.55,0.0
20160509:0010,0.0,0.0,0.0,0.0,16.69,4.0,0.0
20160509:0110,0.0,0.0,0.0,0.0,16.36,3.86,0.0
20160509:0210,0.0,0.0,0.0,0.0,16.28,4.07,0.0
20160509:0310,0.0,0.0,0.0,0.0,16.15,4.14,0.0
20160509:0410,0.0,0.0,0.0,0.0,16.05,4.21,0.0
20160509:0510,8.0,44.0,0.0,7.11,16.05,4.41,0.0
20160509:0610,164.0,79.0,0.0,16.76,16.16,4.62,0.0
20160509:0710,134.0,191.0,0.0,26.65,16.73,4.34,0.0
20160509:0810,9.0,230.0,0.0,36.4,17.6,4.83,0.0
20160509:0910,97.0,348.0,0.0,45.5,18.53,5.31,0.0
20160509:1010,6.0,301.0,0.0,53.09,19.14,5.31,0.0
20160509:1110,55.0,404.0,0.0,57.86,19.7,4.83,0.0
20160509:1210,1.0,284.0,0.0,58.37,20.45,4.07,0.0
20160509:1310,0.0,100.0,0.0,54.43,20.89,4.69,0.0
20160509:1410,0.0,139.0,0.0,47.33,20.59,4.41,0.0
20160509:1510,0.0,103.0,0.0,38.47,20.15,3.31,0.0
20160509:1610,0.0,95.0,0.0,28.81,20.02,2.9,0.0
20160509:1710,0.0,74.0,0.0,18.92,19.8,2.97,0.0
20160509:1810,0.0,30.0,0.0,9.18,19.19,3.31,0.0
20160509:1910,0.0,0.0,0.0,0.0,16.76,3.03,0.0
20160509:2010,0.0,0.0,0.0,0.0,16.28,3.1,0.0
20160509:2110,0.0,0.0,0.0,0.0,15.73,3.17,0.0
20160509:2210,0.0,0.0,0.0,0.0,15.41,2.97,0.0
20160509:2310,0.0,0.0,0.0,0.0,15.01,2.97,0.0
20160510:0010,0.0,0.0,0.0,0.0,14.84,3.17,0.0
20160510:0110,0.0,0.0,0.0,0.0,14.83,3.24,0.0
20160510:0210,0.0,0.0,0.0,0.0,14.79,3.17,0.0
20160510:0310,0.0,0.0,0.0,0.0,14.7,3.1,0.0
20160510:0410,0.0,0.0,0.0,0.0,14.58,2.9,0.0
20160510:0510,0.0,16.0,0.0,7.31,14.53,2.69,0.0
20160510:0610,0.0,21.0,0.0,16.96,14.93,2.69,0.0
20160510:0710,0.0,36.0,0.0,26.85,15.21,2.41,0.0
20160510:0810,17.0,249.0,0.0,36.61,15.27,2.48,0.0
20160510:0910,0.0,124.0,0.0,45.71,15.73,2.21,0.0
20160510:1010,0.0,239.0,0.0,53.33,16.56,2.69,0.0
20160510:1110,0.0,170.0,0.0,58.12,17.45,2.62,0.0
20160510:1210,0.0,174.0,0.0,58.63,18.3,2.0,0.0
20160510:1310,0.0,86.0,0.0,54.67,19.03,2.07,0.0
20160510:1410,0.0,100.0,0.0,47.54,19.1,2.07,0.0
20160510:1510,0.0,75.0,0.0,38.67,19.54,2.48,0.0
20160510:1610,6.0,178.0,0.0,29.0,18.53,3.17,0.0
20160510:1710,2.0,101.0,0.0,19.1,18.17,3.1,0.0
20160510:1810,3.0,53.0,0.0,9.37,17.91,2.76,0.0
20160510:1910,0.0,0.0,0.0,0.0,16.55,1.66,0.0
20160510:2010,0.0,0.0,0.0,0.0,15.96,1.79,0.0
20160510:2110,0.0,0.0,0.0,0.0,15.36,1.79,0.0
20160510:2210,0.0,0.0,0.0,0.0,14.81,1.79,0.0
20160510:2310,0.0,0.0,0.0,0.0,14.13,1.79,0.0
20160511:0010,0.0,0.0,0.0,0.0,13.53,1.72,0.0
20160511:0110,0.0,0.0,0.0,0.0,12.83,1.86,0.0
20160511:0210,0.0,0.0,0.0,0.0,12.23,2.0,0.0
20160511:0310,0.0,0.0,0.0,0.0,11.78,1.79,0.0
20160511:0410,0.0,0.0,0.0,0.0,11.22,1.45,0.0
20160511:0510,2.0,41.0,0.0,7.51,10.68,1.45,0.0
20160511:0610,13.0,119.0,0.0,17.15,12.24,0.83,0.0
20160511:0710,0.0,82.0,0.0,27.04,13.35,0.69,0.0
20160511:0810,0.0,139.0,0.0,36.81,14.83,0.83,0.0
20160511:0910,0.0,115.0,0.0,45.93,15.96,1.38,0.0
20160511:1010,0.0,119.0,0.0,53.57,16.94,1.66,0.0
20160511:1110,0.0,188.0,0.0,58.38,17.82,1.79,0.0
20160511:1210,0.0,132.0,0.0,58.89,18.48,1.86,0.0
20160511:1310,0.0,197.0,0.0,54.9,18.82,1.52,0.0
20160511:1410,1.0,242.0,0.0,47.74,18.25,1.38,0.0
20160511:1510,1.0,202.0,0.0,38.86,17.75,1.24,0.0
20160511:1610,8.0,189.0,0.0,29.18,16.93,0.83,0.0
20160511:1710,19.0,138.0,0.0,19.28,16.64,0.76,0.0
20160511:1810,0.0,22.0,0.0,9.56,15.98,0.9,0.0
20160511:1910,0.0,0.0,0.0,0.0,15.07,1.79,0.0
20160511:2010,0.0,0.0,0.0,0.0,14.14,1.72,0.0
20160511:2110,0.0,0.0,0.0,0.0,13.31,1.45,0.0
20160511:2210,0.0,0.0,0.0,0.0,12.6,0.9,0.0
20160511:2310,0.0,0.0,0.0,0.0,12.36,0.76,0.0
20160512:0010,0.0,0.0,0.0,0.0,11.33,1.03,0.0
20160512:0110,0.0,0.0,0.0,0.0,11.92,0.69,0.0
20160512:0210,0.0,0.0,0.0,0.0,11.64,0.62,0.0
20160512:0310,0.0,0.0,0.0,0.0,10.16,1.24,0.0
20160512:0410,0.0,0.0,0.0,0.0,9.86,1.66,0.0
20160512:0510,0.0,13.0,0.0,7.71,9.93,1.45,0.0
20160512:0610,0.0,47.0,0.0,17.34,12.08,0.0,0.0
20160512:0710,0.0,76.0,0.0,27.23,12.92,0.0,0.0
20160512:0810,0.0,105.0,0.0,37.0,14.06,2.0,0.0
20160512:0910,0.0,204.0,0.0,46.13,15.18,1.86,0.0
20160512:1010,7.0,308.0,0.0,53.79,16.33,1.72,0.0
20160512:1110,18.0,364.0,0.0,58.63,17.02,1.38,0.0
20160512:1210,6.0,328.0,0.0,59.14,17.49,1.03,0.0
20160512:1310,15.0,341.0,0.0,55.13,18.1,1.03,0.0
20160512:1410,103.0,363.0,0.0,47.95,17.82,1.38,0.0
20160512:1510,0.0,112.0,0.0,39.04,17.64,2.0,0.0
20160512:1610,0.0,40.0,0.0,29.36,17.84,1.93,0.0
20160512:1710,0.0,56.0,0.0,19.46,17.4,1.79,0.0
20160512:1810,1.0,46.0,0.0,9.75,16.3,1.66,0.0
20160512:1910,0.0,0.0,0.0,0.0,15.35,2.21,0.0
20160512:2010,0.0,0.0,0.0,0.0,14.83,2.48,0.0
20160512:2110,0.0,0.0,0.0,0.0,14.53,2.55,0.0
20160512:2210,0.0,0.0,0.0,0.0,14.2,2.69,0.0
20160512:2310,0.0,0.0,0.0,0.0,13.92,2.62,0.0
20160513:0010,0.0,0.0,0.0,0.0,13.68,2.55,0.0
20160513:0110,0.0,0.0,0.0,0.0,13.46,2.28,0.0
20160513:0210,0.0,0.0,0.0,0.0,13.17,2.14,0.0
20160513:0310,0.0,0.0,0.0,0.0,12.83,2.21,0.0
20160513:0410,0.0,0.0,0.0,0.0,12.63,2.21,0.0
20160513:0510,0.0,25.0,0.0,7.9,12.65,2.34,0.0
20160513:0610,0.0,43.0,0.0,17.52,13.12,2.9,0.0
20160513:0710,9.0,179.0,0.0,27.41,14.16,1.72,0.0
20160513:0810,8.0,235.0,0.0,37.19,15.26,2.21,0.0
20160513:0910,62.0,347.0,0.0,46.33,16.6,2.21,0.0
20160513:1010,311.0,350.0,0.0,54.02,17.67,2.62,0.0
20160513:1110,166.0,425.0,0.0,58.87,18.72,2.9,0.0
20160513:1210,466.0,309.0,0.0,59.38,19.63,3.1,0.0
20160513:1310,401.0,317.0,0.0,55.36,20.42,3.38,0.0
20160513:1410,305.0,310.0,0.0,48.15,20.74,3.24,0.0
20160513:1510,0.0,55.0,0.0,39.23,18.79,4.07,0.0
20160513:1610,0.0,122.0,0.0,29.54,17.26,3.93,0.0
20160513:1710,0.0,25.0,0.0,19.64,17.33,2.83,0.0
20160513:1810,0.0,36.0,0.0,9.93,17.58,3.1,0.0
20160513:1910,0.0,0.0,0.0,0.0,17.15,3.1,0.0
20160513:2010,0.0,0.0,0.0,0.0,16.08,3.79,0.0
20160513:2110,0.0,0.0,0.0,0.0,14.9,4.48,0.0
20160513:2210,0.0,0.0,0.0,0.0,13.43,4.62,0.0
20160513:2310,0.0,0.0,0.0,0.0,12.07,4.48,0.0
20160514:0010,0.0,0.0,0.0,0.0,10.79,4.28,0.0
20160514:0110,0.0,0.0,0.0,0.0,9.78,4.28,0.0
20160514:0210,0.0,0.0,0.0,0.0,9.0,4.28,0.0
20160514:0310,0.0,0.0,0.0,0.0,8.68,4.28,0.0
20160514:0410,0.0,0.0,0.0,0.0,8.34,4.28,0.0
20160514:0510,2.0,42.0,0.0,8.08,8.29,4.41,0.0
20160514:0610,63.0,133.0,0.0,17.7,8.66,4.69,0.0
20160514:0710,17.0,198.0,0.0,27.59,9.23,5.45,0.0
20160514:0810,9.0,241.0,0.0,37.37,10.05,5.03,0.0
20160514:0910,7.0,286.0,0.0,46.53,11.29,4.76,0.0
20160514:1010,2.0,279.0,0.0,54.23,12.02,4.76,0.0
20160514:1110,0.0,256.0,0.0,59.11,12.23,4.9,0.0
20160514:1210,0.0,223.0,0.0,59.63,12.15,4.62,0.0
20160514:1310,0.0,193.0,0.0,55.58,12.19,4.62,0.0
20160514:1410,26.0,336.0,0.0,48.34,12.45,4.48,0.0
20160514:1510,204.0,287.0,0.0,39.41,12.52,4.14,0.0
20160514:1610,59.0,235.0,0.0,29.71,12.57,3.93,0.0
20160514:1710,204.0,93.0,0.0,19.81,12.6,3.79,0.0
20160514:1810,56.0,63.0,0.0,10.11,12.23,3.45,0.0
20160514:1910,0.0,0.0,0.0,0.0,11.17,3.52,0.0
20160514:2010,0.0,0.0,0.0,0.0,10.3,3.38,0.0
20160514:2110,0.0,0.0,0.0,0.0,9.46,3.1,0.0
20160514:2210,0.0,0.0,0.0,0.0,8.54,2.69,0.0
20160514:2310,0.0,0.0,0.0,0.0,7.68,2.21,0.0
20160515:0010,0.0,0.0,0.0,0.0,6.85,2.14,0.0
20160515:0110,0.0,0.0,0.0,0.0,6.11,2.07,0.0
20160515:0210,0.0,0.0,0.0,0.0,5.3,1.93,0.0
20160515:0310,0.0,0.0,0.0,0.0,4.43,1.79,0.0
20160515:0410,0.0,0.0,0.0,0.0,3.92,1.86,0.0
20160515:0510,58.0,46.0,0.0,8.26,3.85,1.72,0.0
20160515:0610,181.0,86.0,0.0,17.87,6.54,1.45,0.0
20160515:0710,336.0,109.0,0.0,27.76,8.33,2.07,0.0
20160515:0810,128.0,295.0,0.0,37.54,9.89,3.24,0.0
20160515:0910,183.0,354.0,0.0,46.72,10.59,3.31,0.0
20160515:1010,0.0,88.0,0.0,54.45,11.52,3.1,0.0
20160515:1110,2.0,299.0,0.0,59.34,11.85,2.83,0.0
20160515:1210,223.0,428.0,0.0,59.86,12.51,2.55,0.0
20160515:1310,1.0,273.0,0.0,55.79,12.94,2.41,0.0
20160515:1410,0.0,146.0,0.0,48.54,13.14,2.55,0.0
20160515:1510,206.0,289.0,0.0,39.59,13.49,3.03,0.0
20160515:1610,234.0,186.0,0.0,29.88,13.31,3.03,0.0
20160515:1710,198.0,98.0,0.0,19.98,13.16,2.83,0.0
20160515:1810,50.0,68.0,0.0,10.29,12.66,2.0,0.0
20160515:1910,0.0,0.0,0.0,0.0,12.02,1.66,0.0
20160515:2010,0.0,0.0,0.0,0.0,10.67,2.0,0.0
20160515:2110,0.0,0.0,0.0,0.0,9.73,2.14,0.0
20160515:2210,0.0,0.0,0.0,0.0,9.31,2.14,0.0
20160515:2310,0.0,0.0,0.0,0.0,9.2,2.14,0.0
20160516:0010,0.0,0.0,0.0,0.0,8.73,2.14,0.0
20160516:0110,0.0,0.0,0.0,0.0,8.24,2.14,0.0
20160516:0210,0.0,0.0,0.0,0.0,7.84,2.07,0.0
20160516:0310,0.0,0.0,0.0,0.0,7.49,2.0,0.0
20160516:0410,0.0,0.0,0.0,0.0,6.89,2.0,0.0
20160516:0510,39.0,54.0,0.0,8.44,6.71,1.79,0.0
20160516:0610,169.0,92.0,0.0,18.04,8.2,1.66,0.0
20160516:0710,329.0,113.0,0.0,27.92,10.08,1.93,0.0
20160516:0810,283.0,238.0,0.0,37.71,11.71,2.21,0.0
20160516:0910,182.0,353.0,0.0,46.9,12.97,2.41,0.0
20160516:1010,559.01,234.0,0.0,54.65,14.14,2.55,0.0
20160516:1110,0.0,149.0,0.0,59.57,14.87,2.55,0.0
20160516:1210,0.0,92.0,0.0,60.09,15.58,2.69,0.0
20160516:1310,0.0,226.0,0.0,56.01,15.83,2.76,0.0
20160516:1410,59.0,365.0,0.0,48.73,15.5,2.9,0.0
20160516:1510,0.0,132.0,0.0,39.76,15.33,3.24,0.0
20160516:1610,14.0,208.0,0.0,30.05,15.13,3.52,0.0
20160516:1710,89.0,148.0,0.0,20.15,14.76,3.31,0.0
20160516:1810,0.0,42.0,0.0,10.46,14.32,2.76,0.0
20160516:1910,0.0,0.0,0.0,0.0,13.22,1.72,0.0
20160516:2010,0.0,0.0,0.0,0.0,12.17,1.72,0.0
20160516:2110,0.0,0.0,0.0,0.0,11.29,1.66,0.0
20160516:2210,0.0,0.0,0.0,0.0,10.1,1.86,0.0
20160516:2310,0.0,0.0,0.0,0.0,9.34,2.07,0.0
20160517:0010,0.0,0.0,0.0,0.0,8.61,2.21,0.0
20160517:0110,0.0,0.0,0.0,0.0,8.0,2.21,0.0
20160517:0210,0.0,0.0,0.0,0.0,7.27,2.0,0.0
20160517:0310,0.0,0.0,0.0,0.0,6.57,1.86,0.0
20160517:0410,0.0,0.0,0.0,0.0,5.9,1.79,0.0
20160517:0510,59.0,49.0,0.0,8.6,5.97,1.52,0.0
20160517:0610,179.0,89.0,0.0,18.2,8.37,1.31,0.0
20160517:0710,334.0,112.0,0.0,28.08,9.79,1.31,0.0
20160517:0810,445.0,151.0,0.0,37.88,11.7,1.38,0.0
20160517:0910,422.0,251.0,0.0,47.08,13.27,1.59,0.0
20160517:1010,520.0,259.0,0.0,54.85,14.64,1.72,0.0
20160517:1110,692.01,191.0,0.0,59.79,15.8,1.93,0.0
20160517:1210,362.0,377.0,0.0,60.32,16.35,2.14,0.0
20160517:1310,12.0,344.0,0.0,56.21,16.52,2.41,0.0
20160517:1410,6.0,291.0,0.0,48.92,16.3,2.48,0.0
20160517:1510,48.0,305.0,0.0,39.93,16.31,2.62,0.0
20160517:1610,106.0,236.0,0.0,30.22,16.3,2.76,0.0
20160517:1710,40.0,155.0,0.0,20.32,16.15,2.83,0.0
20160517:1810,8.0,69.0,0.0,10.63,15.34,2.21,0.0
20160517:1910,0.0,6.0,0.0,1.5,14.71,2.0,0.0
20160517:2010,0.0,0.0,0.0,0.0,13.73,2.0,0.0
20160517:2110,0.0,0.0,0.0,0.0,13.09,2.0,0.0
20160517:2210,0.0,0.0,0.0,0.0,12.68,2.0,0.0
20160517:2310,0.0,0.0,0.0,0.0,12.17,2.14,0.0
20160518:0010,0.0,0.0,0.0,0.0,11.93,2.14,0.0
20160518:0110,0.0,0.0,0.0,0.0,11.78,2.14,0.0
20160518:0210,0.0,0.0,0.0,0.0,11.8,2.21,0.0
20160518:0310,0.0,0.0,0.0,0.0,11.53,2.41,0.0
20160518:0410,0.0,0.0,0.0,0.0,11.55,2.41,0.0
20160518:0510,30.0,59.0,0.0,8.77,11.48,2.48,0.0
20160518:0610,10.0,122.0,0.0,18.36,12.02,2.69,0.0
20160518:0710,107.0,217.0,0.0,28.23,12.54,3.45,0.0
20160518:0810,208.0,271.0,0.0,38.03,13.37,4.07,0.0
20160518:0910,186.0,352.0,0.0,47.25,13.98,5.45,0.0
20160518:1010,2.0,288.0,0.0,55.04,14.51,6.28,0.0
20160518:1110,45.0,409.0,0.0,60.01,14.95,6.55,0.0
20160518:1210,146.0,439.0,0.0,60.54,14.78,6.41,0.0
20160518:1310,0.0,138.0,0.0,56.42,14.88,6.62,0.0
20160518:1410,0.0,226.0,0.0,49.1,14.85,6.48,0.0
20160518:1510,0.0,78.0,0.0,40.1,14.36,6.41,0.0
20160518:1610,0.0,65.0,0.0,30.38,13.62,5.38,0.0
20160518:1710,111.0,143.0,0.0,20.49,13.44,5.79,0.0
20160518:1810,69.0,64.0,0.0,10.8,12.63,5.79,0.0
20160518:1910,0.0,1.0,0.0,1.68,11.33,3.52,0.0
20160518:2010,0.0,0.0,0.0,0.0,10.62,2.69,0.0
20160518:2110,0.0,0.0,0.0,0.0,9.99,3.1,0.0
20160518:2210,0.0,0.0,0.0,0.0,9.51,3.59,0.0
20160518:2310,0.0,0.0,0.0,0.0,9.29,4.14,0.0
20160519:0010,0.0,0.0,0.0,0.0,9.17,4.55,0.0
20160519:0110,0.0,0.0,0.0,0.0,9.0,4.76,0.0
20160519:0210,0.0,0.0,0.0,0.0,8.93,4.62,0.0
20160519:0310,0.0,0.0,0.0,0.0,8.85,4.28,0.0
20160519:0410,0.0,0.0,0.0,0.0,8.63,4.21,0.0
20160519:0510,13.0,60.0,0.0,8.92,8.69,4.28,0.0
20160519:0610,86.0,133.0,0.0,18.5,9.31,4.07,0.0
20160519:0710,10.0,188.0,0.0,28.38,9.88,5.24,0.0
20160519:0810,28.0,278.0,0.0,38.19,10.44,5.03,0.0
20160519:0910,0.0,188.0,0.0,47.41,11.45,5.79,0.0
20160519:1010,0.0,120.0,0.0,55.23,11.89,4.69,0.0
20160519:1110,0.0,262.0,0.0,60.22,13.35,5.38,0.0
20160519:1210,263.0,414.0,0.0,60.76,14.39,5.52,0.0
20160519:1310,67.0,409.0,0.0,56.62,15.18,5.79,0.0
20160519:1410,26.0,338.0,0.0,49.28,15.9,5.52,0.0
20160519:1510,0.0,126.0,0.0,40.27,16.03,5.31,0.0
20160519:1610,10.0,201.0,0.0,30.54,15.97,4.69,0.0
20160519:1710,71.0,156.0,0.0,20.65,15.77,3.52,0.0
20160519:1810,12.0,74.0,0.0,10.97,15.32,2.21,0.0
20160519:1910,0.0,8.0,0.0,1.85,14.39,1.17,0.0
20160519:2010,0.0,0.0,0.0,0.0,12.63,1.24,0.0
20160519:2110,0.0,0.0,0.0,0.0,11.48,1.93,0.0
20160519:2210,0.0,0.0,0.0,0.0,10.44,2.34,0.0
20160519:2310,0.0,0.0,0.0,0.0,10.16,2.69,0.0
20160520:0010,0.0,0.0,0.0,0.0,10.15,3.03,0.0
20160520:0110,0.0,0.0,0.0,0.0,10.41,3.1,0.0
20160520:0210,0.0,0.0,0.0,0.0,10.5,3.03,0.0
20160520:0310,0.0,0.0,0.0,0.0,10.62,3.1,0.0
20160520:0410,0.0,0.0,0.0,0.0,10.69,3.17,0.0
20160520:0510,0.0,19.0,0.0,9.07,11.1,3.17,0.0
20160520:0610,0.0,47.0,0.0,18.65,12.0,3.03,0.0
20160520:0710,0.0,94.0,0.0,28.52,12.63,4.55,0.0
20160520:0810,0.0,183.0,0.0,38.33,13.48,4.34,0.0
20160520:0910,0.0,166.0,0.0,47.57,14.18,3.66,0.0
20160520:1010,0.0,154.0,0.0,55.41,14.98,4.28,0.0
20160520:1110,0.0,249.0,0.0,60.42,15.61,4.14,0.0
20160520:1210,7.0,334.0,0.0,60.97,15.79,4.0,0.0
20160520:1310,293.0,374.0,0.0,56.81,16.41,4.0,0.0
20160520:1410,196.0,359.0,0.0,49.46,16.75,3.66,0.0
20160520:1510,282.0,254.0,0.0,40.44,17.41,3.79,0.0
20160520:1610,265.0,170.0,0.0,30.7,17.68,3.59,0.0
20160520:1710,45.0,157.0,0.0,20.81,17.57,3.24,0.0
20160520:1810,15.0,75.0,0.0,11.14,16.81,3.03,0.0
20160520:1910,0.0,9.0,0.0,2.03,16.66,2.76,0.0
20160520:2010,0.0,0.0,0.0,0.0,15.55,2.83,0.0
20160520:2110,0.0,0.0,0.0,0.0,14.91,2.76,0.0
20160520:2210,0.0,0.0,0.0,0.0,14.29,2.69,0.0
20160520:2310,0.0,0.0,0.0,0.0,14.02,2.55,0.0
20160521:0010,0.0,0.0,0.0,0.0,13.74,2.62,0.0
20160521:0110,0.0,0.0,0.0,0.0,13.54,2.76,0.0
20160521:0210,0.0,0.0,0.0,0.0,13.13,2.9,0.0
20160521:0310,0.0,0.0,0.0,0.0,12.77,2.97,0.0
20160521:0410,0.0,0.0,0.0,0.0,12.34,2.97,0.0
20160521:0510,34.0,61.0,0.0,9.22,12.3,2.9,0.0
20160521:0610,41.0,141.0,0.0,18.79,13.41,2.76,0.0
20160521:0710,138.0,208.0,0.0,28.66,15.19,3.79,0.0
20160521:0810,285.0,236.0,0.0,38.47,16.94,4.0,0.0
20160521:0910,551.0,169.0,0.0,47.73,18.26,3.93,0.0
20160521:1010,675.01,157.0,0.0,55.58,19.65,4.0,0.0
20160521:1110,636.01,217.0,0.0,60.62,20.83,3.93,0.0
20160521:1210,445.0,329.0,0.0,61.17,21.51,3.86,0.0
20160521:1310,244.0,393.0,0.0,57.01,22.58,4.48,0.0
20160521:1410,136.0,373.0,0.0,49.63,23.23,5.17,0.0
20160521:1510,53.0,306.0,0.0,40.6,23.35,5.17,0.0
20160521:1610,17.0,213.0,0.0,30.86,23.09,4.41,0.0
20160521:1710,0.0,48.0,0.0,20.96,22.29,3.93,0.0
20160521:1810,0.0,19.0,0.0,11.3,21.42,3.38,0.0
20160521:1910,0.0,8.0,0.0,2.2,19.62,2.62,0.0
20160521:2010,0.0,0.0,0.0,0.0,18.56,2.28,0.0
20160521:2110,0.0,0.0,0.0,0.0,17.34,1.17,0.0
20160521:2210,0.0,0.0,0.0,0.0,16.5,1.72,0.0
20160521:2310,0.0,0.0,0.0,0.0,15.89,2.28,0.0
20160522:0010,0.0,0.0,0.0,0.0,15.5,1.93,0.0
20160522:0110,0.0,0.0,0.0,0.0,15.31,1.59,0.0
20160522:0210,0.0,0.0,0.0,0.0,15.17,2.07,0.0
20160522:0310,0.0,0.0,0.0,0.0,14.87,1.59,0.0
20160522:0410,0.0,0.0,0.0,0.0,14.59,2.41,0.0
20160522:0510,0.0,21.0,0.0,9.36,14.47,2.83,0.0
20160522:0610,0.0,26.0,0.0,18.92,14.27,2.14,0.0
20160522:0710,0.0,50.0,0.0,28.79,14.85,2.21,0.0
20160522:0810,0.0,112.0,0.0,38.61,14.95,1.93,0.0
20160522:0910,0.0,174.0,0.0,47.87,15.32,1.93,0.0
20160522:1010,0.0,146.0,0.0,55.75,15.47,2.21,0.0
20160522:1110,0.0,178.0,0.0,60.81,15.48,2.55,0.0
20160522:1210,0.0,121.0,0.0,61.37,15.64,2.28,0.0
20160522:1310,0.0,119.0,0.0,57.19,15.5,2.55,0.0
20160522:1410,0.0,94.0,0.0,49.8,14.92,3.45,0.0
20160522:1510,0.0,166.0,0.0,40.75,14.2,4.41,0.0
20160522:1610,0.0,95.0,0.0,31.01,13.64,4.76,0.0
20160522:1710,0.0,67.0,0.0,21.12,13.24,3.45,0.0
20160522:1810,0.0,19.0,0.0,11.46,13.4,3.38,0.0
20160522:1910,0.0,1.0,0.0,2.36,12.43,3.24,0.0
20160522:2010,0.0,0.0,0.0,0.0,11.5,0.0,0.0
20160522:2110,0.0,0.0,0.0,0.0,11.29,0.0,0.0
20160522:2210,0.0,0.0,0.0,0.0,11.07,2.62,0.0
20160522:2310,0.0,0.0,0.0,0.0,11.02,2.21,0.0
20160523:0010,0.0,0.0,0.0,0.0,10.96,2.34,0.0
20160523:0110,0.0,0.0,0.0,0.0,10.76,2.28,0.0
20160523:0210,0.0,0.0,0.0,0.0,10.48,2.62,0.0
20160523:0310,0.0,0.0,0.0,0.0,10.34,3.24,0.0
20160523:0410,0.0,0.0,0.0,0.0,10.22,3.79,0.0
20160523:0510,0.0,10.0,0.0,9.49,10.02,4.34,0.0
20160523:0610,0.0,25.0,0.0,19.05,10.15,4.55,0.0
20160523:0710,0.0,89.0,0.0,28.92,10.44,5.72,0.0
20160523:0810,0.0,160.0,0.0,38.74,10.42,5.93,0.0
20160523:0910,0.0,126.0,0.0,48.01,10.51,5.79,0.0
20160523:1010,0.0,196.0,0.0,55.91,10.78,5.03,0.0
20160523:1110,0.0,218.0,0.0,61.0,11.06,4.28,0.0
20160523:1210,53.0,420.0,0.0,61.57,11.98,4.0,0.0
20160523:1310,1.0,269.0,0.0,57.37,14.09,4.14,0.0
20160523:1410,0.0,118.0,0.0,49.96,15.06,4.48,0.0
20160523:1510,0.0,179.0,0.0,40.91,15.55,4.83,0.0
20160523:1610,0.0,119.0,0.0,31.16,15.61,4.69,0.0
20160523:1710,0.0,96.0,0.0,21.27,15.32,4.55,0.0
20160523:1810,3.0,66.0,0.0,11.61,13.8,3.38,0.0
20160523:1910,0.0,12.0,0.0,2.53,12.42,3.17,0.0
20160523:2010,0.0,0.0,0.0,0.0,11.68,2.76,0.0
20160523:2110,0.0,0.0,0.0,0.0,10.78,2.55,0.0
20160523:2210,0.0,0.0,0.0,0.0,10.08,2.41,0.0
20160523:2310,0.0,0.0,0.0,0.0,9.47,2.28,0.0
20160524:0010,0.0,0.0,0.0,0.0,8.76,2.21,0.0
20160524:0110,0.0,0.0,0.0,0.0,8.07,2.14,0.0
20160524:0210,0.0,0.0,0.0,0.0,7.56,2.0,0.0
20160524:0310,0.0,0.0,0.0,0.0,7.13,2.0,0.0
20160524:0410,0.0,0.0,0.0,0.0,6.84,2.0,0.0
20160524:0510,1.0,50.0,0.0,9.62,7.29,1.59,0.0
20160524:0610,1.0,96.0,0.0,19.17,8.73,2.76,0.0
20160524:0710,0.0,127.0,0.0,29.04,9.16,2.55,0.0
20160524:0810,0.0,189.0,0.0,38.86,10.23,2.62,0.0
20160524:0910,7.0,288.0,0.0,48.15,11.17,2.76,0.0
20160524:1010,26.0,371.0,0.0,56.07,12.32,3.1,0.0
20160524:1110,105.0,442.0,0.0,61.17,13.13,3.31,0.0
20160524:1210,90.0,441.0,0.0,61.76,13.74,3.24,0.0
20160524:1310,150.0,424.0,0.0,57.55,14.23,3.45,0.0
20160524:1410,55.0,368.0,0.0,50.13,14.5,3.72,0.0
20160524:1510,23.0,288.0,0.0,41.06,14.56,3.86,0.0
20160524:1610,4.0,185.0,0.0,31.31,14.53,3.86,0.0
20160524:1710,2.0,121.0,0.0,21.42,14.05,3.24,0.0
20160524:1810,1.0,58.0,0.0,11.76,13.6,2.55,0.0
20160524:1910,1.0,11.81,0.0,2.69,12.87,2.69,0.0
20160524:2010,0.0,0.0,0.0,0.0,12.43,2.28,0.0
20160524:2110,0.0,0.0,0.0,0.0,12.06,2.14,0.0
20160524:2210,0.0,0.0,0.0,0.0,11.62,2.21,0.0
20160524:2310,0.0,0.0,0.0,0.0,11.07,2.41,0.0
20160525:0010,0.0,0.0,0.0,0.0,10.82,2.76,0.0
20160525:0110,0.0,0.0,0.0,0.0,10.52,2.97,0.0
20160525:0210,0.0,0.0,0.0,0.0,9.93,2.83,0.0
20160525:0310,0.0,0.0,0.0,0.0,9.52,2.9,0.0
20160525:0410,0.0,0.0,0.0,0.0,8.92,3.03,0.0
20160525:0510,64.0,56.0,0.0,9.74,8.96,3.03,0.0
20160525:0610,185.0,95.0,0.0,19.28,9.8,3.03,0.0
20160525:0710,351.0,111.0,0.0,29.15,10.6,2.9,0.0
20160525:0810,516.0,117.0,0.0,38.98,12.07,2.9,0.0
20160525:0910,643.0,128.0,0.0,48.28,13.73,2.9,0.0
20160525:1010,239.0,395.0,0.0,56.21,15.33,2.76,0.0
20160525:1110,596.01,252.0,0.0,61.35,16.39,2.69,0.0
20160525:1210,457.0,334.0,0.0,61.94,17.37,2.34,0.0
20160525:1310,471.0,300.0,0.0,57.73,17.51,2.0,0.0
20160525:1410,324.0,320.0,0.0,50.28,17.8,2.0,0.0
20160525:1510,358.0,227.0,0.0,41.21,17.97,2.14,0.0
20160525:1610,37.0,237.0,0.0,31.45,18.01,2.34,0.0
20160525:1710,106.0,154.0,0.0,21.56,17.78,2.62,0.0
20160525:1810,55.0,80.0,0.0,11.91,17.08,2.62,0.0
20160525:1910,7.0,13.41,0.0,2.84,16.36,2.41,0.0
20160525:2010,0.0,0.0,0.0,0.0,14.87,2.76,0.0
20160525:2110,0.0,0.0,0.0,0.0,13.73,2.83,0.0
20160525:2210,0.0,0.0,0.0,0.0,12.94,2.83,0.0
20160525:2310,0.0,0.0,0.0,0.0,12.53,2.83,0.0
20160526:0010,0.0,0.0,0.0,0.0,12.2,2.76,0.0
20160526:0110,0.0,0.0,0.0,0.0,11.79,2.62,0.0
20160526:0210,0.0,0.0,0.0,0.0,11.47,2.48,0.0
20160526:0310,0.0,0.0,0.0,0.0,11.14,2.34,0.0
20160526:0410,0.0,0.0,0.0,0.0,10.91,2.21,0.0
20160526:0510,11.0,64.0,0.0,9.86,10.95,1.93,0.0
20160526:0610,5.0,119.0,0.0,19.39,12.31,1.72,0.0
20160526:0710,0.0,116.0,0.0,29.26,13.61,1.79,0.0
20160526:0810,39.0,289.0,0.0,39.09,15.52,1.72,0.0
20160526:0910,14.0,309.0,0.0,48.4,17.28,1.93,0.0
20160526:1010,536.0,249.0,0.0,56.36,18.79,2.28,0.0
20160526:1110,150.0,439.0,0.0,61.51,20.31,2.55,0.0
20160526:1210,22.0,385.0,0.0,62.12,21.14,2.62,0.0
20160526:1310,0.0,165.0,0.0,57.89,21.39,2.41,0.0
20160526:1410,1.0,253.0,0.0,50.44,21.71,1.93,0.0
20160526:1510,105.0,319.0,0.0,41.35,21.6,1.24,0.0
20160526:1610,249.0,188.0,0.0,31.59,21.01,0.0,0.0
20160526:1710,15.0,150.0,0.0,21.7,19.75,0.0,0.0
20160526:1810,4.0,70.0,0.0,12.06,18.83,2.34,0.0
20160526:1910,0.0,6.0,0.0,3.0,18.09,1.86,0.0
20160526:2010,0.0,0.0,0.0,0.0,16.42,2.07,0.0
20160526:2110,0.0,0.0,0.0,0.0,15.86,2.07,0.0
20160526:2210,0.0,0.0,0.0,0.0,15.34,1.79,0.0
20160526:2310,0.0,0.0,0.0,0.0,14.63,1.72,0.0
20160527:0010,0.0,0.0,0.0,0.0,14.27,1.24,0.0
20160527:0110,0.0,0.0,0.0,0.0,14.38,0.55,0.0
20160527:0210,0.0,0.0,0.0,0.0,13.19,1.45,0.0
20160527:0310,0.0,0.0,0.0,0.0,13.19,1.31,0.0
20160527:0410,0.0,0.0,0.0,0.0,13.26,1.03,0.0
20160527:0510,48.0,63.0,0.0,9.97,13.71,0.76,0.0
20160527:0610,177.0,99.0,0.0,19.5,14.59,0.41,0.0
20160527:0710,314.0,128.0,0.0,29.36,15.73,0.55,0.0
20160527:0810,169.0,289.0,0.0,39.19,17.73,0.41,0.0
20160527:0910,509.0,200.0,0.0,48.51,19.38,0.55,0.0
20160527:1010,658.01,172.0,0.0,56.49,20.41,0.41,0.0
20160527:1110,456.0,325.0,0.0,61.67,20.98,0.28,0.0
20160527:1210,314.0,396.0,0.0,62.29,21.76,0.21,0.0
20160527:1310,28.0,376.0,0.0,58.06,22.27,0.14,0.0
20160527:1410,0.0,140.0,0.0,50.59,22.4,0.21,0.0
20160527:1510,462.0,163.0,0.0,41.49,22.41,0.34,0.0
20160527:1610,314.0,152.0,0.0,31.73,22.36,0.34,0.0
20160527:1710,222.0,99.0,0.0,21.84,21.91,0.55,0.0
20160527:1810,93.0,66.0,0.0,12.2,20.8,0.48,0.0
20160527:1910,3.0,15.34,0.0,3.14,20.15,0.55,0.0
20160527:2010,0.0,0.0,0.0,0.0,19.45,0.62,0.0
20160527:2110,0.0,0.0,0.0,0.0,16.41,1.79,0.0
20160527:2210,0.0,0.0,0.0,0.0,15.84,2.28,0.0
20160527:2310,0.0,0.0,0.0,0.0,15.14,2.28,0.0
20160528:0010,0.0,0.0,0.0,0.0,14.56,2.0,0.0
20160528:0110,0.0,0.0,0.0,0.0,14.02,1.86,0.0
20160528:0210,0.0,0.0,0.0,0.0,13.44,1.72,0.0
20160528:0310,0.0,0.0,0.0,0.0,14.33,0.62,0.0
20160528:0410,0.0,0.0,0.0,0.0,12.3,1.17,0.0
20160528:0510,1.0,45.0,0.0,10.07,12.3,1.52,0.0
20160528:0610,14.0,135.0,0.0,19.6,14.11,1.52,0.0
20160528:0710,89.0,227.0,0.0,29.45,17.02,1.52,0.0
20160528:0810,47.0,294.0,0.0,39.29,18.62,1.86,0.0
20160528:0910,54.0,356.0,0.0,48.62,19.56,2.76,0.0
20160528:1010,0.0,76.0,0.0,56.62,20.17,2.28,0.0
20160528:1110,0.0,151.0,0.0,61.83,20.1,1.66,0.0
20160528:1210,0.0,177.0,0.0,62.45,21.13,1.45,0.0
20160528:1310,67.0,411.0,0.0,58.22,21.77,2.0,0.0
20160528:1410,336.0,312.0,0.0,50.73,21.85,2.48,0.0
20160528:1510,377.0,215.0,0.0,41.63,21.21,2.55,0.0
20160528:1610,256.0,186.0,0.0,31.87,20.47,2.0,0.0
20160528:1710,8.0,140.0,0.0,21.98,18.86,0.62,0.0
20160528:1810,4.0,71.0,0.0,12.34,17.58,0.34,0.0
20160528:1910,0.0,13.0,0.0,3.29,17.65,2.14,0.0
20160528:2010,0.0,0.0,0.0,0.0,16.73,1.86,0.0
20160528:2110,0.0,0.0,0.0,0.0,16.01,2.14,0.0
20160528:2210,0.0,0.0,0.0,0.0,15.74,2.34,0.0
20160528:2310,0.0,0.0,0.0,0.0,15.61,2.62,0.0
20160529:0010,0.0,0.0,0.0,0.0,15.48,2.83,0.0
20160529:0110,0.0,0.0,0.0,0.0,15.25,2.83,0.0
20160529:0210,0.0,0.0,0.0,0.0,14.86,2.76,0.0
20160529:0310,0.0,0.0,0.0,0.0,14.38,2.62,0.0
20160529:0410,0.0,0.0,0.0,0.0,13.82,2.69,0.0
20160529:0510,0.0,21.0,0.0,10.17,13.84,2.55,0.0
20160529:0610,0.0,83.0,0.0,19.69,14.26,2.97,0.0
20160529:0710,0.0,125.0,0.0,29.54,14.92,2.69,0.0
20160529:0810,0.0,64.0,0.0,39.39,15.24,2.83,0.0
20160529:0910,0.0,137.0,0.0,48.73,15.82,2.83,0.0
20160529:1010,0.0,156.0,0.0,56.74,16.26,2.69,0.0
20160529:1110,0.0,172.0,0.0,61.97,16.67,2.83,0.0
20160529:1210,0.0,176.0,0.0,62.61,16.99,2.76,0.0
20160529:1310,0.0,164.0,0.0,58.37,17.26,2.76,0.0
20160529:1410,0.0,203.0,0.0,50.88,17.66,3.17,0.0
20160529:1510,17.0,278.0,0.0,41.77,18.05,3.24,0.0
20160529:1610,0.0,126.0,0.0,32.0,17.41,4.76,0.0
20160529:1710,10.0,146.0,0.0,22.11,16.58,3.93,0.0
20160529:1810,1.0,65.0,0.0,12.48,16.28,4.07,0.0
20160529:1910,1.0,14.81,0.0,3.43,15.48,2.9,0.0
20160529:2010,0.0,0.0,0.0,0.0,15.04,2.69,0.0
20160529:2110,0.0,0.0,0.0,0.0,14.65,2.9,0.0
20160529:2210,0.0,0.0,0.0,0.0,14.69,3.1,0.0
20160529:2310,0.0,0.0,0.0,0.0,14.75,3.59,0.0
20160530:0010,0.0,0.0,0.0,0.0,14.41,4.07,0.0
20160530:0110,0.0,0.0,0.0,0.0,13.69,4.41,0.0
20160530:0210,0.0,0.0,0.0,0.0,12.8,4.69,0.0
20160530:0310,0.0,0.0,0.0,0.0,12.0,4.62,0.0
20160530:0410,0.0,1.0,0.0,1.43,11.7,4.41,0.0
20160530:0510,0.0,11.0,0.0,10.26,11.72,4.34,0.0
20160530:0610,0.0,37.0,0.0,19.78,12.03,4.21,0.0
20160530:0710,0.0,50.0,0.0,29.63,12.72,4.28,0.0
20160530:0810,0.0,70.0,0.0,39.47,13.14,4.83,0.0
20160530:0910,0.0,122.0,0.0,48.82,13.4,5.1,0.0
20160530:1010,0.0,120.0,0.0,56.86,13.76,5.24,0.0
20160530:1110,0.0,132.0,0.0,62.11,13.92,5.52,0.0
20160530:1210,0.0,145.0,0.0,62.77,14.28,5.72,0.0
20160530:1310,0.0,114.0,0.0,58.52,14.55,5.24,0.0
20160530:1410,0.0,97.0,0.0,51.02,14.41,6.0,0.0
20160530:1510,0.0,117.0,0.0,41.9,14.18,6.07,0.0
20160530:1610,0.0,90.0,0.0,32.12,13.8,6.14,0.0
20160530:1710,0.0,48.0,0.0,22.24,13.61,6.0,0.0
20160530:1810,0.0,43.0,0.0,12.61,13.48,6.07,0.0
20160530:1910,0.0,13.0,0.0,3.57,12.93,6.0,0.0
20160530:2010,0.0,0.0,0.0,0.0,12.64,5.79,0.0
20160530:2110,0.0,0.0,0.0,0.0,12.41,5.45,0.0
20160530:2210,0.0,0.0,0.0,0.0,12.25,5.1,0.0
20160530:2310,0.0,0.0,0.0,0.0,11.97,5.1,0.0
20160531:0010,0.0,0.0,0.0,0.0,11.82,4.48,0.0
20160531:0110,0.0,0.0,0.0,0.0,11.71,4.62,0.0
20160531:0210,0.0,0.0,0.0,0.0,11.65,4.21,0.0
20160531:0310,0.0,0.0,0.0,0.0,11.68,4.07,0.0
20160531:0410,0.0,1.0,0.0,1.52,11.7,4.28,0.0
20160531:0510,0.0,11.0,0.0,10.35,11.69,4.55,0.0
20160531:0610,0.0,57.0,0.0,19.86,11.61,4.34,0.0
20160531:0710,0.0,87.0,0.0,29.71,11.92,3.45,0.0
20160531:0810,0.0,103.0,0.0,39.56,12.07,5.31,0.0
20160531:0910,0.0,192.0,0.0,48.92,12.27,5.86,0.0
20160531:1010,0.0,91.0,0.0,56.97,12.28,4.55,0.0
20160531:1110,0.0,132.0,0.0,62.25,12.53,3.52,0.0
20160531:1210,0.0,106.0,0.0,62.92,12.74,4.55,0.0
20160531:1310,0.0,118.0,0.0,58.66,12.87,3.31,0.0
20160531:1410,0.0,126.0,0.0,51.15,13.3,4.14,0.0
20160531:1510,0.0,139.0,0.0,42.03,14.29,4.62,0.0
20160531:1610,0.0,140.0,0.0,32.25,14.68,3.52,0.0
20160531:1710,0.0,73.0,0.0,22.36,14.9,2.97,0.0
20160531:1810,0.0,14.0,0.0,12.74,14.86,3.1,0.0
20160531:1910,0.0,3.0,0.0,3.7,13.88,3.72,0.0
20160531:2010,0.0,0.0,0.0,0.0,13.79,3.66,0.0
20160531:2110,0.0,0.0,0.0,0.0,13.67,3.59,0.0
20160531:2210,0.0,0.0,0.0,0.0,13.62,3.38,0.0
20160531:2310,0.0,0.0,0.0,0.0,13.61,3.03,0.0
20160601:0010,0.0,0.0,0.0,0.0,13.67,2.76,0.0
20160601:0110,0.0,0.0,0.0,0.0,13.78,2.41,0.0
20160601:0210,0.0,0.0,0.0,0.0,13.83,2.28,0.0
20160601:0310,0.0,0.0,0.0,0.0,13.86,2.34,0.0
20160601:0410,0.0,1.0,0.0,1.61,13.83,2.41,0.0
20160601:0510,0.0,29.0,0.0,10.43,13.78,2.41,0.0
20160601:0610,0.0,32.0,0.0,19.93,13.85,2.28,0.0
20160601:0710,0.0,80.0,0.0,29.78,14.42,3.17,0.0
20160601:0810,0.0,151.0,0.0,39.63,15.23,3.1,0.0
20160601:0910,0.0,196.0,0.0,49.0,15.96,2.9,0.0
20160601:1010,0.0,159.0,0.0,57.07,16.69,2.83,0.0
20160601:1110,0.0,178.0,0.0,62.38,17.2,2.83,0.0
20160601:1210,0.0,214.0,0.0,63.06,18.09,3.17,0.0
20160601:1310,0.0,246.0,0.0,58.8,18.35,3.52,0.0
20160601:1410,0.0,129.0,0.0,51.28,18.29,3.52,0.0
20160601:1510,0.0,102.0,0.0,42.15,18.82,3.38,0.0
20160601:1610,3.0,185.0,0.0,32.37,19.11,3.52,0.0
20160601:1710,0.0,39.0,0.0,22.48,18.96,3.93,0.0
20160601:1810,6.0,79.0,0.0,12.86,17.94,3.79,0.0
20160601:1910,0.0,8.0,0.0,3.83,15.16,3.72,0.0
20160601:2010,0.0,0.0,0.0,0.0,14.21,3.59,0.0
20160601:2110,0.0,0.0,0.0,0.0,13.66,2.97,0.0
20160601:2210,0.0,0.0,0.0,0.0,13.4,2.97,0.0
20160601:2310,0.0,0.0,0.0,0.0,13.3,2.83,0.0
20160602:0010,0.0,0.0,0.0,0.0,13.29,2.9,0.0
20160602:0110,0.0,0.0,0.0,0.0,13.08,3.52,0.0
20160602:0210,0.0,0.0,0.0,0.0,12.91,3.45,0.0
20160602:0310,0.0,0.0,0.0,0.0,12.78,3.66,0.0
20160602:0410,0.0,1.0,0.0,1.7,12.74,4.07,0.0
20160602:0510,0.0,27.0,0.0,10.51,12.87,4.28,0.0
20160602:0610,0.0,57.0,0.0,20.0,13.09,5.79,0.0
20160602:0710,0.0,86.0,0.0,29.85,12.94,5.66,0.0
20160602:0810,0.0,147.0,0.0,39.7,13.14,6.55,0.0
20160602:0910,0.0,160.0,0.0,49.08,13.72,5.31,0.0
20160602:1010,0.0,96.0,0.0,57.17,14.1,4.48,0.0
20160602:1110,0.0,160.0,0.0,62.5,14.65,6.07,0.0
20160602:1210,0.0,90.0,0.0,63.19,14.98,6.9,0.0
20160602:1310,0.0,95.0,0.0,58.94,14.98,6.76,0.0
20160602:1410,0.0,118.0,0.0,51.41,14.89,6.07,0.0
20160602:1510,0.0,146.0,0.0,42.27,14.75,4.97,0.0
20160602:1610,0.0,99.0,0.0,32.49,14.75,4.83,0.0
20160602:1710,0.0,64.0,0.0,22.6,14.65,4.76,0.0
20160602:1810,0.0,32.0,0.0,12.98,14.35,4.76,0.0
20160602:1910,0.0,9.0,0.0,3.96,12.71,4.28,0.0
20160602:2010,0.0,0.0,0.0,0.0,12.43,4.07,0.0
20160602:2110,0.0,0.0,0.0,0.0,12.22,3.86,0.0
20160602:2210,0.0,0.0,0.0,0.0,12.04,3.66,0.0
20160602:2310,0.0,0.0,0.0,0.0,11.91,3.31,0.0
20160603:0010,0.0,0.0,0.0,0.0,11.77,3.38,0.0
20160603:0110,0.0,0.0,0.0,0.0,11.62,3.31,0.0
20160603:0210,0.0,0.0,0.0,0.0,11.5,3.24,0.0
20160603:0310,0.0,0.0,0.0,0.0,11.34,3.31,0.0
20160603:0410,0.0,1.0,0.0,1.78,11.2,3.17,0.0
20160603:0510,5.0,62.0,0.0,10.58,11.14,3.1,0.0
20160603:0610,0.0,56.0,0.0,20.07,11.19,3.31,0.0
20160603:0710,0.0,70.0,0.0,29.91,11.16,3.17,0.0
20160603:0810,6.0,240.0,0.0,39.77,11.27,3.1,0.0
20160603:0910,0.0,118.0,0.0,49.15,11.44,3.03,0.0
20160603:1010,0.0,100.0,0.0,57.26,11.6,2.9,0.0
20160603:1110,0.0,129.0,0.0,62.61,11.72,2.76,0.0
20160603:1210,0.0,137.0,0.0,63.32,12.02,2.76,0.0
20160603:1310,0.0,144.0,0.0,59.07,12.36,2.76,0.0
20160603:1410,0.0,155.0,0.0,51.53,12.68,2.69,0.0
20160603:1510,0.0,151.0,0.0,42.39,12.92,2.69,0.0
20160603:1610,0.0,161.0,0.0,32.6,12.97,2.76,0.0
20160603:1710,0.0,73.0,0.0,22.72,13.09,2.76,0.0
20160603:1810,0.0,39.0,0.0,13.1,13.09,2.76,0.0
20160603:1910,0.0,10.0,0.0,4.08,12.79,2.41,0.0
20160603:2010,0.0,0.0,0.0,0.0,12.59,2.34,0.0
20160603:2110,0.0,0.0,0.0,0.0,12.47,2.21,0.0
20160603:2210,0.0,0.0,0.0,0.0,12.37,2.0,0.0
20160603:2310,0.0,0.0,0.0,0.0,12.29,1.72,0.0
20160604:0010,0.0,0.0,0.0,0.0,12.21,1.79,0.0
20160604:0110,0.0,0.0,0.0,0.0,12.19,1.93,0.0
20160604:0210,0.0,0.0,0.0,0.0,12.11,1.93,0.0
20160604:0310,0.0,0.0,0.0,0.0,12.04,2.0,0.0
20160604:0410,0.0,2.0,0.0,1.85,11.89,2.14,0.0
20160604:0510,0.0,36.0,0.0,10.64,11.91,2.34,0.0
20160604:0610,0.0,88.0,0.0,20.13,12.28,2.9,0.0
20160604:0710,11.0,195.0,0.0,29.97,13.03,2.9,0.0
20160604:0810,0.0,175.0,0.0,39.83,13.96,2.76,0.0
20160604:0910,5.0,276.0,0.0,49.22,15.2,2.83,0.0
20160604:1010,0.0,144.0,0.0,57.34,16.37,2.97,0.0
20160604:1110,0.0,199.0,0.0,62.72,17.12,2.97,0.0
20160604:1210,14.0,365.0,0.0,63.45,17.7,3.03,0.0
20160604:1310,0.0,219.0,0.0,59.19,18.11,3.17,0.0
20160604:1410,17.0,328.0,0.0,51.64,18.52,3.31,0.0
20160604:1510,36.0,304.0,0.0,42.5,18.55,3.24,0.0
20160604:1610,0.0,113.0,0.0,32.71,18.3,2.76,0.0
20160604:1710,69.0,171.0,0.0,22.83,18.09,3.31,0.0
20160604:1810,0.0,49.0,0.0,13.22,17.63,3.17,0.0
20160604:1910,0.0,15.0,0.0,4.2,16.5,2.83,0.0
20160604:2010,0.0,0.0,0.0,0.0,15.94,2.9,0.0
20160604:2110,0.0,0.0,0.0,0.0,15.53,2.97,0.0
20160604:2210,0.0,0.0,0.0,0.0,15.12,3.03,0.0
20160604:2310,0.0,0.0,0.0,0.0,14.75,3.03,0.0
20160605:0010,0.0,0.0,0.0,0.0,14.44,2.9,0.0
20160605:0110,0.0,0.0,0.0,0.0,14.19,2.76,0.0
20160605:0210,0.0,0.0,0.0,0.0,13.98,2.69,0.0
20160605:0310,0.0,0.0,0.0,0.0,13.8,2.55,0.0
20160605:0410,0.0,1.0,0.0,1.92,13.6,2.28,0.0
20160605:0510,0.0,23.0,0.0,10.7,13.77,1.86,0.0
20160605:0610,0.0,56.0,0.0,20.18,14.14,2.55,0.0
20160605:0710,0.0,90.0,0.0,30.02,14.42,2.28,0.0
20160605:0810,0.0,129.0,0.0,39.88,14.86,2.14,0.0
20160605:0910,0.0,209.0,0.0,49.28,15.41,1.79,0.0
20160605:1010,0.0,156.0,0.0,57.42,15.86,1.59,0.0
20160605:1110,0.0,153.0,0.0,62.82,16.44,1.38,0.0
20160605:1210,0.0,180.0,0.0,63.57,17.17,1.24,0.0
20160605:1310,0.0,132.0,0.0,59.31,17.94,1.24,0.0
20160605:1410,0.0,121.0,0.0,51.76,18.64,1.38,0.0
20160605:1510,0.0,125.0,0.0,42.61,19.7,1.31,0.0
20160605:1610,4.0,191.0,0.0,32.82,20.35,1.31,0.0
20160605:1710,11.0,152.0,0.0,22.94,20.6,1.38,0.0
20160605:1810,59.0,89.0,0.0,13.32,20.32,0.97,0.0
20160605:1910,3.0,22.31,0.0,4.31,18.33,0.34,0.0
20160605:2010,0.0,0.0,0.0,0.0,17.3,0.69,0.0
20160605:2110,0.0,0.0,0.0,0.0,16.29,1.03,0.0
20160605:2210,0.0,0.0,0.0,0.0,15.68,1.03,0.0
20160605:2310,0.0,0.0,0.0,0.0,14.21,1.72,0.0
20160606:0010,0.0,0.0,0.0,0.0,13.37,1.66,0.0
20160606:0110,0.0,0.0,0.0,0.0,12.79,1.79,0.0
20160606:0210,0.0,0.0,0.0,0.0,12.69,1.59,0.0
20160606:0310,0.0,0.0,0.0,0.0,12.38,1.45,0.0
20160606:0410,0.0,6.0,0.0,1.98,12.33,1.24,0.0
20160606:0510,1.0,54.0,0.0,10.76,13.14,0.83,0.0
20160606:0610,0.0,90.0,0.0,20.23,15.0,0.9,0.0
20160606:0710,5.0,178.0,0.0,30.07,15.6,1.17,0.0
20160606:0810,1.0,201.0,0.0,39.93,16.84,1.24,0.0
20160606:0910,0.0,214.0,0.0,49.34,18.73,1.17,0.0
20160606:1010,0.0,256.0,0.0,57.49,20.39,1.03,0.0
20160606:1110,44.0,413.0,0.0,62.91,21.65,1.31,0.0
20160606:1210,262.0,417.0,0.0,63.68,22.17,1.45,0.0
20160606:1310,228.0,406.0,0.0,59.42,22.77,1.52,0.0
20160606:1410,394.0,287.0,0.0,51.87,23.18,1.45,0.0
20160606:1510,506.0,144.0,0.0,42.71,23.1,1.38,0.0
20160606:1610,374.0,127.0,0.0,32.92,23.24,1.1,0.0
20160606:1710,199.0,122.0,0.0,23.04,21.95,0.69,0.0
20160606:1810,53.0,92.0,0.0,13.43,21.52,0.41,0.0
20160606:1910,3.0,23.3,0.0,4.42,20.98,1.38,0.0
20160606:2010,0.0,0.0,0.0,0.0,19.74,2.0,0.0
20160606:2110,0.0,0.0,0.0,0.0,18.27,2.0,0.0
20160606:2210,0.0,0.0,0.0,0.0,17.36,2.0,0.0
20160606:2310,0.0,0.0,0.0,0.0,16.71,1.59,0.0
20160607:0010,0.0,0.0,0.0,0.0,16.06,1.66,0.0
20160607:0110,0.0,0.0,0.0,0.0,15.32,1.72,0.0
20160607:0210,0.0,0.0,0.0,0.0,14.78,1.72,0.0
20160607:0310,0.0,0.0,0.0,0.0,14.53,1.52,0.0
20160607:0410,0.0,10.0,0.0,2.03,14.12,1.45,0.0
20160607:0510,53.0,69.0,0.0,10.8,14.77,1.17,0.0
20160607:0610,119.0,133.0,0.0,20.27,15.99,1.03,0.0
20160607:0710,314.0,133.0,0.0,30.11,18.77,1.66,0.0
20160607:0810,478.0,137.0,0.0,39.97,20.65,1.93,0.0
20160607:0910,594.0,152.0,0.0,49.39,22.16,2.21,0.0
20160607:1010,464.0,291.0,0.0,57.56,23.24,2.21,0.0
20160607:1110,189.0,435.0,0.0,63.0,24.02,2.28,0.0
20160607:1210,1.0,289.0,0.0,63.78,24.5,2.41,0.0
20160607:1310,270.0,394.0,0.0,59.53,24.68,2.62,0.0
20160607:1410,414.0,278.0,0.0,51.97,24.58,2.69,0.0
20160607:1510,523.0,138.0,0.0,42.81,22.93,4.14,0.0
20160607:1610,193.0,224.0,0.0,33.02,21.76,4.48,0.0
20160607:1710,73.0,173.0,0.0,23.14,21.47,3.79,0.0
20160607:1810,0.0,57.0,0.0,13.53,21.11,3.17,0.0
20160607:1910,3.0,22.34,0.0,4.52,20.8,2.83,0.0
20160607:2010,0.0,0.0,0.0,0.0,19.76,3.03,0.0
20160607:2110,0.0,0.0,0.0,0.0,18.9,2.69,0.0
20160607:2210,0.0,0.0,0.0,0.0,17.85,2.83,0.0
20160607:2310,0.0,0.0,0.0,0.0,16.91,3.24,0.0
20160608:0010,0.0,0.0,0.0,0.0,16.06,3.31,0.0
20160608:0110,0.0,0.0,0.0,0.0,15.28,3.24,0.0
20160608:0210,0.0,0.0,0.0,0.0,14.82,2.9,0.0
20160608:0310,0.0,0.0,0.0,0.0,14.35,2.62,0.0
20160608:0410,0.0,8.0,0.0,2.08,13.88,2.41,0.0
20160608:0510,6.0,66.0,0.0,10.85,14.04,2.14,0.0
20160608:0610,71.0,149.0,0.0,20.31,14.99,2.55,0.0
20160608:0710,12.0,200.0,0.0,30.14,15.42,2.76,0.0
20160608:0810,106.0,305.0,0.0,40.0,16.76,2.48,0.0
20160608:0910,540.0,185.0,0.0,49.43,18.09,2.34,0.0
20160608:1010,611.0,205.0,0.0,57.61,19.45,2.48,0.0
20160608:1110,521.0,293.0,0.0,63.08,20.72,2.76,0.0
20160608:1210,256.0,421.0,0.0,63.88,21.53,3.03,0.0
20160608:1310,134.0,425.0,0.0,59.63,22.02,3.31,0.0
20160608:1410,0.0,0.0,0.0,0.0,22.46,3.31,0.0
20160608:1510,217.0,299.0,0.0,42.91,22.81,3.45,0.0
20160608:1610,242.0,202.0,0.0,33.12,22.7,3.59,0.0
20160608:1710,206.0,121.0,0.0,23.24,21.86,3.31,0.0
20160608:1810,55.0,93.0,0.0,13.63,21.35,2.62,0.0
20160608:1910,4.0,25.03,0.0,4.62,20.33,2.76,0.0
20160608:2010,0.0,0.0,0.0,0.0,19.31,2.62,0.0
20160608:2110,0.0,0.0,0.0,0.0,18.27,2.55,0.0
20160608:2210,0.0,0.0,0.0,0.0,17.36,2.62,0.0
20160608:2310,0.0,0.0,0.0,0.0,16.51,2.69,0.0
20160609:0010,0.0,0.0,0.0,0.0,15.53,2.76,0.0
20160609:0110,0.0,0.0,0.0,0.0,14.51,2.76,0.0
20160609:0210,0.0,0.0,0.0,0.0,13.47,2.76,0.0
20160609:0310,0.0,0.0,0.0,0.0,12.49,2.69,0.0
20160609:0410,0.0,9.0,0.0,2.12,11.65,2.55,0.0
20160609:0510,32.0,76.0,0.0,10.88,11.53,2.34,0.0
20160609:0610,10.0,136.0,0.0,20.34,12.4,2.69,0.0
20160609:0710,223.0,188.0,0.0,30.17,13.48,3.03,0.0
20160609:0810,477.0,144.0,0.0,40.04,14.82,2.9,0.0
20160609:0910,618.0,147.0,0.0,49.47,16.11,2.83,0.0
20160609:1010,713.01,153.0,0.0,57.67,17.36,2.83,0.0
20160609:1110,820.01,127.0,0.0,63.15,18.66,2.9,0.0
20160609:1210,857.01,111.0,0.0,63.97,19.77,2.9,0.0
20160609:1310,744.01,148.0,0.0,59.73,20.72,2.9,0.0
20160609:1410,660.0,144.0,0.0,52.16,21.39,2.76,0.0
20160609:1510,590.0,110.0,0.0,43.0,21.74,2.76,0.0
20160609:1610,273.0,193.0,0.0,33.21,21.82,2.62,0.0
20160609:1710,186.0,136.0,0.0,23.33,21.6,2.48,0.0
20160609:1810,105.0,76.0,0.0,13.72,21.08,2.07,0.0
20160609:1910,7.0,25.27,0.0,4.71,19.93,2.07,0.0
20160609:2010,0.0,0.0,0.0,0.0,18.35,2.41,0.0
20160609:2110,0.0,0.0,0.0,0.0,17.18,2.48,0.0
20160609:2210,0.0,0.0,0.0,0.0,16.33,2.55,0.0
20160609:2310,0.0,0.0,0.0,0.0,15.61,2.55,0.0
20160610:0010,0.0,0.0,0.0,0.0,14.93,2.48,0.0
20160610:0110,0.0,0.0,0.0,0.0,14.34,2.34,0.0
20160610:0210,0.0,0.0,0.0,0.0,13.74,2.14,0.0
20160610:0310,0.0,0.0,0.0,0.0,13.28,2.07,0.0
20160610:0410,0.0,2.0,0.0,2.16,12.83,2.0,0.0
20160610:0510,32.0,76.0,0.0,10.91,13.16,1.72,0.0
20160610:0610,2.0,110.0,0.0,20.36,14.5,1.66,0.0
20160610:0710,4.0,177.0,0.0,30.19,15.65,1.31,0.0
20160610:0810,48.0,299.0,0.0,40.06,17.01,1.24,0.0
20160610:0910,0.0,0.0,0.0,0.0,18.56,1.17,0.0
20160610:1010,239.0,397.0,0.0,57.71,19.94,1.38,0.0
20160610:1110,123.0,444.0,0.0,63.22,20.87,1.59,0.0
20160610:1210,15.0,374.0,0.0,64.06,21.46,1.72,0.0
20160610:1310,156.0,427.0,0.0,59.82,21.77,1.52,0.0
20160610:1410,86.0,385.0,0.0,52.25,21.85,1.24,0.0
20160610:1510,43.0,315.0,0.0,43.09,21.86,1.1,0.0
20160610:1610,0.0,135.0,0.0,33.3,21.48,0.9,0.0
20160610:1710,0.0,87.0,0.0,23.41,20.84,0.55,0.0
20160610:1810,0.0,59.0,0.0,13.81,20.36,0.48,0.0
20160610:1910,1.0,21.8,0.0,4.8,19.69,1.66,0.0
20160610:2010,0.0,0.0,0.0,0.0,18.78,1.79,0.0
20160610:2110,0.0,0.0,0.0,0.0,17.93,1.45,0.0
20160610:2210,0.0,0.0,0.0,0.0,17.12,1.38,0.0
20160610:2310,0.0,0.0,0.0,0.0,16.59,2.34,0.0
20160611:0010,0.0,0.0,0.0,0.0,15.82,2.07,0.0
20160611:0110,0.0,0.0,0.0,0.0,15.34,1.52,0.0
20160611:0210,0.0,0.0,0.0,0.0,15.01,1.24,0.0
20160611:0310,0.0,0.0,0.0,0.0,14.83,1.24,0.0
20160611:0410,0.0,8.0,0.0,2.19,14.71,1.45,0.0
20160611:0510,7.0,68.0,0.0,10.94,14.79,1.38,0.0
20160611:0610,0.0,69.0,0.0,20.38,15.38,1.66,0.0
20160611:0710,8.0,190.0,0.0,30.21,16.49,1.52,0.0
20160611:0810,28.0,283.0,0.0,40.08,17.15,1.17,0.0
20160611:0910,44.0,351.0,0.0,49.53,17.42,1.38,0.0
20160611:1010,0.0,183.0,0.0,57.75,17.4,1.79,0.0
20160611:1110,1.0,297.0,0.0,63.28,18.33,2.21,0.0
20160611:1210,71.0,434.0,0.0,64.13,18.72,2.55,0.0
20160611:1310,53.0,406.0,0.0,59.9,17.78,2.62,0.0
20160611:1410,150.0,383.0,0.0,52.34,17.71,2.62,0.0
20160611:1510,36.0,308.0,0.0,43.17,17.33,2.83,0.0
20160611:1610,0.0,134.0,0.0,33.38,17.81,2.07,0.0
20160611:1710,13.0,157.0,0.0,23.5,18.09,1.59,0.0
20160611:1810,2.0,76.0,0.0,13.89,18.3,1.24,0.0
20160611:1910,6.0,25.57,0.0,4.89,17.48,1.52,0.0
20160611:2010,0.0,0.0,0.0,0.0,16.66,1.72,0.0
20160611:2110,0.0,0.0,0.0,0.0,15.73,1.79,0.0
20160611:2210,0.0,0.0,0.0,0.0,15.08,1.79,0.0
20160611:2310,0.0,0.0,0.0,0.0,14.69,1.72,0.0
20160612:0010,0.0,0.0,0.0,0.0,14.05,2.0,0.0
20160612:0110,0.0,0.0,0.0,0.0,13.78,2.14,0.0
20160612:0210,0.0,0.0,0.0,0.0,13.75,2.28,0.0
20160612:0310,0.0,0.0,0.0,0.0,13.88,2.41,0.0
20160612:0410,0.0,3.0,0.0,2.22,13.84,2.48,0.0
20160612:0510,6.0,66.0,0.0,10.96,14.18,2.48,0.0
20160612:0610,31.0,150.0,0.0,20.4,14.53,3.31,0.0
20160612:0710,0.0,145.0,0.0,30.23,14.95,2.62,0.0
20160612:0810,54.0,299.0,0.0,40.1,15.97,3.31,0.0
20160612:0910,9.0,296.0,0.0,49.55,16.86,3.72,0.0
20160612:1010,15.0,348.0,0.0,57.78,17.43,4.76,0.0
20160612:1110,0.0,186.0,0.0,63.33,16.79,4.69,0.0
20160612:1210,12.0,365.0,0.0,64.21,16.68,4.97,0.0
20160612:1310,0.0,153.0,0.0,59.98,16.97,5.17,0.0
20160612:1410,1.0,262.0,0.0,52.42,17.22,4.76,0.0
20160612:1510,0.0,196.0,0.0,43.25,17.09,4.48,0.0
20160612:1610,0.0,46.0,0.0,33.46,16.94,3.72,0.0
20160612:1710,0.0,31.0,0.0,23.58,17.19,3.38,0.0
20160612:1810,0.0,51.0,0.0,13.97,17.06,3.17,0.0
20160612:1910,0.0,4.0,0.0,4.97,16.32,3.31,0.0
20160612:2010,0.0,0.0,0.0,0.0,15.92,2.9,0.0
20160612:2110,0.0,0.0,0.0,0.0,15.65,2.97,0.0
20160612:2210,0.0,0.0,0.0,0.0,15.23,3.1,0.0
20160612:2310,0.0,0.0,0.0,0.0,14.86,3.24,0.0
20160613:0010,0.0,0.0,0.0,0.0,14.41,3.24,0.0
20160613:0110,0.0,0.0,0.0,0.0,13.8,2.97,0.0
20160613:0210,0.0,0.0,0.0,0.0,13.36,2.97,0.0
20160613:0310,0.0,0.0,0.0,0.0,12.82,2.97,0.0
20160613:0410,0.0,11.0,0.0,2.24,12.45,2.97,0.0
20160613:0510,75.0,61.0,0.0,10.97,12.47,2.97,0.0
20160613:0610,117.0,136.0,0.0,20.41,13.21,3.52,0.0
20160613:0710,8.0,192.0,0.0,30.23,13.86,4.69,0.0
20160613:0810,5.0,235.0,0.0,40.11,14.48,4.34,0.0
20160613:0910,1.0,240.0,0.0,49.56,15.07,4.0,0.0
20160613:1010,44.0,394.0,0.0,57.81,16.13,4.07,0.0
20160613:1110,22.0,388.0,0.0,63.37,16.67,4.07,0.0
20160613:1210,14.0,371.0,0.0,64.27,16.75,4.0,0.0
20160613:1310,1.0,274.0,0.0,60.06,16.68,4.41,0.0
20160613:1410,0.0,154.0,0.0,52.49,16.97,4.62,0.0
20160613:1510,0.0,137.0,0.0,43.33,16.76,4.34,0.0
20160613:1610,66.0,258.0,0.0,33.53,16.59,3.52,0.0
20160613:1710,46.0,179.0,0.0,23.65,16.57,2.62,0.0
20160613:1810,8.0,89.0,0.0,14.05,16.6,2.0,0.0
20160613:1910,0.0,20.0,0.0,5.05,16.4,1.79,0.0
20160613:2010,0.0,0.0,0.0,0.0,15.45,2.0,0.0
20160613:2110,0.0,0.0,0.0,0.0,14.57,2.14,0.0
20160613:2210,0.0,0.0,0.0,0.0,14.34,2.07,0.0
20160613:2310,0.0,0.0,0.0,0.0,14.45,2.07,0.0
20160614:0010,0.0,0.0,0.0,0.0,14.09,2.28,0.0
20160614:0110,0.0,0.0,0.0,0.0,13.91,2.48,0.0
20160614:0210,0.0,0.0,0.0,0.0,13.81,2.69,0.0
20160614:0310,0.0,0.0,0.0,0.0,13.66,2.97,0.0
20160614:0410,0.0,10.0,0.0,2.25,13.46,3.59,0.0
20160614:0510,46.0,73.0,0.0,10.98,13.35,3.86,0.0
20160614:0610,28.0,150.0,0.0,20.41,13.43,4.0,0.0
20160614:0710,27.0,220.0,0.0,30.24,13.92,4.76,0.0
20160614:0810,23.0,279.0,0.0,40.11,14.71,4.69,0.0
20160614:0910,127.0,372.0,0.0,49.57,15.67,4.83,0.0
20160614:1010,58.0,404.0,0.0,57.83,16.69,5.17,0.0
20160614:1110,147.0,446.0,0.0,63.41,17.01,5.1,0.0
20160614:1210,34.0,410.0,0.0,64.33,17.59,5.17,0.0
20160614:1310,118.0,431.0,0.0,60.13,18.17,5.17,0.0
20160614:1410,18.0,335.0,0.0,52.57,18.38,4.48,0.0
20160614:1510,459.0,184.0,0.0,43.4,17.3,5.03,0.0
20160614:1610,196.0,230.0,0.0,33.6,15.27,4.28,0.0
20160614:1710,123.0,166.0,0.0,23.72,15.58,3.66,0.0
20160614:1810,3.0,81.0,0.0,14.12,15.77,3.45,0.0
20160614:1910,0.0,4.0,0.0,5.12,14.62,3.72,0.0
20160614:2010,0.0,0.0,0.0,0.0,13.75,3.1,0.0
20160614:2110,0.0,0.0,0.0,0.0,12.97,2.97,0.0
20160614:2210,0.0,0.0,0.0,0.0,12.45,3.03,0.0
20160614:2310,0.0,0.0,0.0,0.0,12.16,3.1,0.0
20160615:0010,0.0,0.0,0.0,0.0,11.99,2.76,0.0
20160615:0110,0.0,0.0,0.0,0.0,11.79,2.76,0.0
20160615:0210,0.0,0.0,0.0,0.0,11.75,2.69,0.0
20160615:0310,0.0,0.0,0.0,0.0,11.51,2.34,0.0
20160615:0410,0.0,10.0,0.0,2.26,11.54,2.14,0.0
20160615:0510,0.0,12.0,0.0,10.98,11.68,2.14,0.0
20160615:0610,4.0,120.0,0.0,20.41,11.99,2.0,0.0
20160615:0710,65.0,233.0,0.0,30.24,12.54,2.83,0.0
20160615:0810,22.0,277.0,0.0,40.11,12.9,3.03,0.0
20160615:0910,220.0,352.0,0.0,49.57,13.56,3.03,0.0
20160615:1010,179.0,415.0,0.0,57.84,15.46,3.03,0.0
20160615:1110,2.0,315.0,0.0,63.45,16.86,3.1,0.0
20160615:1210,125.0,451.0,0.0,64.38,17.52,3.24,0.0
20160615:1310,300.0,390.0,0.0,60.19,18.09,3.45,0.0
20160615:1410,584.0,190.0,0.0,52.63,18.42,3.52,0.0
20160615:1510,470.0,179.0,0.0,43.46,18.41,3.66,0.0
20160615:1610,428.0,111.0,0.0,33.67,16.76,3.59,0.0
20160615:1710,153.0,155.0,0.0,23.79,17.04,2.83,0.0
20160615:1810,31.0,102.0,0.0,14.19,16.7,2.14,0.0
20160615:1910,2.0,25.57,0.0,5.18,16.57,0.83,0.0
20160615:2010,0.0,0.0,0.0,0.0,15.46,0.97,0.0
20160615:2110,0.0,0.0,0.0,0.0,14.28,1.72,0.0
20160615:2210,0.0,0.0,0.0,0.0,13.83,2.07,0.0
20160615:2310,0.0,0.0,0.0,0.0,13.4,2.07,0.0
20160616:0010,0.0,0.0,0.0,0.0,12.88,2.07,0.0
20160616:0110,0.0,0.0,0.0,0.0,12.17,1.93,0.0
20160616:0210,0.0,0.0,0.0,0.0,11.7,1.86,0.0
20160616:0310,0.0,0.0,0.0,0.0,11.05,1.79,0.0
20160616:0410,0.0,11.0,0.0,2.27,10.76,1.59,0.0
20160616:0510,0.0,35.0,0.0,10.98,11.0,1.38,0.0
20160616:0610,0.0,87.0,0.0,20.41,12.12,1.24,0.0
20160616:0710,18.0,211.0,0.0,30.23,13.06,1.52,0.0
20160616:0810,108.0,308.0,0.0,40.1,13.98,1.66,0.0
20160616:0910,180.0,362.0,0.0,49.57,15.18,1.86,0.0
20160616:1010,226.0,402.0,0.0,57.85,16.16,2.07,0.0
20160616:1110,163.0,444.0,0.0,63.47,17.38,2.21,0.0
20160616:1210,0.0,149.0,0.0,64.43,18.02,2.34,0.0
20160616:1310,0.0,101.0,0.0,60.24,18.61,2.55,0.0
20160616:1410,0.0,150.0,0.0,52.69,18.54,2.97,0.0
20160616:1510,0.0,163.0,0.0,43.52,17.66,3.03,0.0
20160616:1610,0.0,101.0,0.0,33.73,17.19,2.48,0.0
20160616:1710,0.0,99.0,0.0,23.85,16.09,1.59,0.0
20160616:1810,2.0,75.0,0.0,14.25,15.92,1.17,0.0
20160616:1910,22.0,25.36,0.0,5.24,15.63,1.52,0.0
20160616:2010,0.0,0.0,0.0,0.0,14.57,2.28,0.0
20160616:2110,0.0,0.0,0.0,0.0,13.73,2.62,0.0
20160616:2210,0.0,0.0,0.0,0.0,13.11,2.55,0.0
20160616:2310,0.0,0.0,0.0,0.0,12.58,2.21,0.0
20160617:0010,0.0,0.0,0.0,0.0,12.02,2.14,0.0
20160617:0110,0.0,0.0,0.0,0.0,11.84,2.28,0.0
20160617:0210,0.0,0.0,0.0,0.0,11.74,2.41,0.0
20160617:0310,0.0,0.0,0.0,0.0,11.72,2.55,0.0
20160617:0410,0.0,2.0,0.0,2.26,11.44,2.69,0.0
20160617:0510,0.0,13.0,0.0,10.97,11.94,2.97,0.0
20160617:0610,0.0,86.0,0.0,20.4,12.76,3.31,0.0
20160617:0710,34.0,224.0,0.0,30.22,13.76,4.34,0.0
20160617:0810,0.0,170.0,0.0,40.09,14.72,4.21,0.0
20160617:0910,185.0,361.0,0.0,49.56,15.48,3.93,0.0
20160617:1010,344.0,356.0,0.0,57.85,16.27,4.07,0.0
20160617:1110,656.01,220.0,0.0,63.49,17.02,4.21,0.0
20160617:1210,664.01,221.0,0.0,64.47,17.89,4.41,0.0
20160617:1310,208.0,420.0,0.0,60.3,18.58,4.55,0.0
20160617:1410,640.0,155.0,0.0,52.75,18.93,4.55,0.0
20160617:1510,25.0,302.0,0.0,43.58,18.6,4.14,0.0
20160617:1610,39.0,252.0,0.0,33.79,18.72,3.45,0.0
20160617:1710,35.0,178.0,0.0,23.91,18.4,3.03,0.0
20160617:1810,2.0,78.0,0.0,14.3,17.07,2.97,0.0
20160617:1910,24.0,24.11,0.0,5.3,15.75,1.52,0.0
20160617:2010,0.0,0.0,0.0,0.0,14.69,2.07,0.0
20160617:2110,0.0,0.0,0.0,0.0,13.7,2.07,0.0
20160617:2210,0.0,0.0,0.0,0.0,12.99,2.14,0.0
20160617:2310,0.0,0.0,0.0,0.0,12.38,2.07,0.0
20160618:0010,0.0,0.0,0.0,0.0,11.84,2.0,0.0
20160618:0110,0.0,0.0,0.0,0.0,11.33,1.93,0.0
20160618:0210,0.0,0.0,0.0,0.0,10.95,1.86,0.0
20160618:0310,0.0,0.0,0.0,0.0,10.74,1.79,0.0
20160618:0410,0.0,7.0,0.0,2.25,10.43,1.86,0.0
20160618:0510,0.0,18.0,0.0,10.96,10.82,1.45,0.0
20160618:0610,0.0,87.0,0.0,20.38,12.46,1.59,0.0
20160618:0710,68.0,233.0,0.0,30.2,13.71,2.97,0.0
20160618:0810,155.0,299.0,0.0,40.07,14.8,3.03,0.0
20160618:0910,224.0,349.0,0.0,49.55,16.09,3.45,0.0
20160618:1010,94.0,416.0,0.0,57.85,17.03,3.52,0.0
20160618:1110,93.0,442.0,0.0,63.5,17.71,3.45,0.0
20160618:1210,2.0,312.0,0.0,64.5,18.23,3.45,0.0
20160618:1310,0.0,238.0,0.0,60.34,18.97,3.45,0.0
20160618:1410,117.0,391.0,0.0,52.8,19.29,3.86,0.0
20160618:1510,0.0,73.0,0.0,43.63,17.18,4.76,0.0
20160618:1610,8.0,212.0,0.0,33.84,16.15,3.24,0.0
20160618:1710,21.0,172.0,0.0,23.96,16.9,3.45,0.0
20160618:1810,0.0,48.0,0.0,14.35,16.79,3.38,0.0
20160618:1910,0.0,5.0,0.0,5.35,15.73,3.1,0.0
20160618:2010,0.0,0.0,0.0,0.0,15.17,2.97,0.0
20160618:2110,0.0,0.0,0.0,0.0,14.24,2.76,0.0
20160618:2210,0.0,0.0,0.0,0.0,13.44,2.41,0.0
20160618:2310,0.0,0.0,0.0,0.0,12.82,2.21,0.0
20160619:0010,0.0,0.0,0.0,0.0,12.68,2.14,0.0
20160619:0110,0.0,0.0,0.0,0.0,12.57,2.0,0.0
20160619:0210,0.0,0.0,0.0,0.0,12.6,1.93,0.0
20160619:0310,0.0,0.0,0.0,0.0,12.58,1.93,0.0
20160619:0410,0.0,4.0,0.0,2.24,12.36,1.79,0.0
20160619:0510,3.0,61.0,0.0,10.94,12.51,1.38,0.0
20160619:0610,0.0,81.0,0.0,20.36,13.35,1.52,0.0
20160619:0710,0.0,139.0,0.0,30.18,13.71,1.93,0.0
20160619:0810,0.0,191.0,0.0,40.05,14.5,1.38,0.0
20160619:0910,48.0,355.0,0.0,49.53,15.88,1.17,0.0
20160619:1010,361.0,349.0,0.0,57.84,16.85,1.03,0.0
20160619:1110,0.0,183.0,0.0,63.51,17.34,1.24,0.0
20160619:1210,340.0,396.0,0.0,64.52,18.14,1.93,0.0
20160619:1310,72.0,422.0,0.0,60.38,18.44,2.0,0.0
20160619:1410,131.0,391.0,0.0,52.84,18.84,1.72,0.0
20160619:1510,1.0,225.0,0.0,43.68,19.17,1.72,0.0
20160619:1610,100.0,261.0,0.0,33.89,19.18,1.72,0.0
20160619:1710,65.0,183.0,0.0,24.01,18.9,1.66,0.0
20160619:1810,89.0,89.0,0.0,14.4,18.5,1.24,0.0
20160619:1910,10.0,30.35,0.0,5.39,17.98,1.1,0.0
20160619:2010,0.0,0.0,0.0,0.0,16.74,0.0,0.0
20160619:2110,0.0,0.0,0.0,0.0,15.5,0.0,0.0
20160619:2210,0.0,0.0,0.0,0.0,14.66,2.34,0.0
20160619:2310,0.0,0.0,0.0,0.0,14.37,2.41,0.0
20160620:0010,0.0,0.0,0.0,0.0,14.25,2.34,0.0
20160620:0110,0.0,0.0,0.0,0.0,14.33,2.28,0.0
20160620:0210,0.0,0.0,0.0,0.0,14.35,2.41,0.0
20160620:0310,0.0,0.0,0.0,0.0,14.18,2.55,0.0
20160620:0410,0.0,3.0,0.0,2.22,14.07,2.76,0.0
20160620:0510,0.0,34.0,0.0,10.92,14.01,2.97,0.0
20160620:0610,0.0,85.0,0.0,20.34,14.35,3.1,0.0
20160620:0710,0.0,85.0,0.0,30.15,14.88,4.48,0.0
20160620:0810,0.0,134.0,0.0,40.03,15.34,5.03,0.0
20160620:0910,20.0,320.0,0.0,49.51,15.36,4.76,0.0
20160620:1010,0.0,177.0,0.0,57.83,15.4,5.38,0.0
20160620:1110,0.0,166.0,0.0,63.51,15.31,5.1,0.0
20160620:1210,0.0,149.0,0.0,64.54,15.5,5.45,0.0
20160620:1310,0.0,133.0,0.0,60.41,15.37,5.24,0.0
20160620:1410,0.0,131.0,0.0,52.88,15.26,5.45,0.0
20160620:1510,0.0,105.0,0.0,43.72,15.21,5.66,0.0
20160620:1610,0.0,157.0,0.0,33.93,15.12,5.45,0.0
20160620:1710,0.0,68.0,0.0,24.05,15.14,5.31,0.0
20160620:1810,0.0,48.0,0.0,14.44,15.28,4.97,0.0
20160620:1910,0.0,11.0,0.0,5.43,15.6,4.69,0.0
20160620:2010,0.0,0.0,0.0,0.0,15.59,4.28,0.0
20160620:2110,0.0,0.0,0.0,0.0,15.53,3.79,0.0
20160620:2210,0.0,0.0,0.0,0.0,15.47,0.0,0.0
20160620:2310,0.0,0.0,0.0,0.0,15.42,0.0,0.0
20160621:0010,0.0,0.0,0.0,0.0,15.29,2.76,0.0
20160621:0110,0.0,0.0,0.0,0.0,15.18,2.76,0.0
20160621:0210,0.0,0.0,0.0,0.0,14.99,2.41,0.0
20160621:0310,0.0,0.0,0.0,0.0,14.89,2.14,0.0
20160621:0410,0.0,1.0,0.0,2.2,14.87,2.69,0.0
20160621:0510,0.0,15.0,0.0,10.89,14.98,2.62,0.0
20160621:0610,0.0,57.0,0.0,20.3,15.06,2.69,0.0
20160621:0710,0.0,72.0,0.0,30.12,15.61,3.31,0.0
20160621:0810,0.0,101.0,0.0,40.0,16.2,3.59,0.0
20160621:0910,0.0,179.0,0.0,49.48,16.86,4.07,0.0
20160621:1010,0.0,140.0,0.0,57.8,16.99,3.24,0.0
20160621:1110,0.0,150.0,0.0,63.5,17.66,2.83,0.0
20160621:1210,0.0,239.0,0.0,64.55,18.75,4.0,0.0
20160621:1310,0.0,233.0,0.0,60.44,19.79,4.34,0.0
20160621:1410,122.0,384.0,0.0,52.91,20.83,3.93,0.0
20160621:1510,6.0,252.0,0.0,43.76,21.33,3.38,0.0
20160621:1610,10.0,214.0,0.0,33.97,21.37,3.31,0.0
20160621:1710,20.0,169.0,0.0,24.09,21.3,2.69,0.0
20160621:1810,5.0,86.0,0.0,14.48,20.63,2.48,0.0
20160621:1910,0.0,16.0,0.0,5.47,19.86,1.93,0.0
20160621:2010,0.0,0.0,0.0,0.0,19.26,2.14,0.0
20160621:2110,0.0,0.0,0.0,0.0,18.82,2.21,0.0
20160621:2210,0.0,0.0,0.0,0.0,18.34,2.21,0.0
20160621:2310,0.0,0.0,0.0,0.0,17.92,2.14,0.0
20160622:0010,0.0,0.0,0.0,0.0,17.49,1.93,0.0
20160622:0110,0.0,0.0,0.0,0.0,17.17,1.66,0.0
20160622:0210,0.0,0.0,0.0,0.0,16.78,1.52,0.0
20160622:0310,0.0,0.0,0.0,0.0,16.14,1.59,0.0
20160622:0410,0.0,6.0,0.0,2.16,15.93,1.45,0.0
20160622:0510,15.0,71.0,0.0,10.86,16.22,1.31,0.0
20160622:0610,86.0,142.0,0.0,20.27,17.4,1.38,0.0
20160622:0710,341.0,115.0,0.0,30.08,19.86,1.93,0.0
20160622:0810,482.0,130.0,0.0,39.96,21.53,2.28,0.0
20160622:0910,537.0,178.0,0.0,49.45,23.17,2.69,0.0
20160622:1010,535.0,243.0,0.0,57.78,24.43,2.83,0.0
20160622:1110,349.0,375.0,0.0,63.48,25.57,2.97,0.0
20160622:1210,103.0,440.0,0.0,64.55,26.51,3.17,0.0
20160622:1310,0.0,224.0,0.0,60.46,27.18,3.38,0.0
20160622:1410,662.0,134.0,0.0,52.94,27.48,3.24,0.0
20160622:1510,0.0,112.0,0.0,43.79,27.34,2.76,0.0
20160622:1610,0.0,71.0,0.0,34.0,27.49,2.62,0.0
20160622:1710,1.0,119.0,0.0,24.12,27.37,2.21,0.0
20160622:1810,45.0,101.0,0.0,14.51,26.69,2.34,0.0
20160622:1910,0.0,9.0,0.0,5.5,24.81,2.9,0.0
20160622:2010,0.0,0.0,0.0,0.0,23.93,2.9,0.0
20160622:2110,0.0,0.0,0.0,0.0,23.24,3.66,0.0
20160622:2210,0.0,0.0,0.0,0.0,22.76,3.72,0.0
20160622:2310,0.0,0.0,0.0,0.0,22.28,3.38,0.0
20160623:0010,0.0,0.0,0.0,0.0,21.75,3.52,0.0
20160623:0110,0.0,0.0,0.0,0.0,21.3,3.66,0.0
20160623:0210,0.0,0.0,0.0,0.0,20.83,3.52,0.0
20160623:0310,0.0,0.0,0.0,0.0,20.48,3.38,0.0
20160623:0410,0.0,8.0,0.0,2.13,20.14,3.17,0.0
20160623:0510,9.0,68.0,0.0,10.82,20.38,2.76,0.0
20160623:0610,179.0,99.0,0.0,20.23,21.65,2.34,0.0
20160623:0710,329.0,118.0,0.0,30.04,22.39,1.24,0.0
20160623:0810,197.0,276.0,0.0,39.92,23.81,0.14,0.0
20160623:0910,622.0,129.0,0.0,49.41,25.02,1.52,0.0
20160623:1010,702.01,142.0,0.0,57.74,26.3,2.07,0.0
20160623:1110,779.01,133.0,0.0,63.46,27.31,2.34,0.0
20160623:1210,675.01,198.0,0.0,64.55,28.12,2.55,0.0
20160623:1310,655.01,185.0,0.0,60.47,28.62,2.69,0.0
20160623:1410,593.0,170.0,0.0,52.97,28.84,3.03,0.0
20160623:1510,8.0,263.0,0.0,43.82,28.29,2.97,0.0
20160623:1610,382.0,128.0,0.0,34.03,27.69,2.62,0.0
20160623:1710,261.0,99.0,0.0,24.15,27.23,3.1,0.0
20160623:1810,27.0,102.0,0.0,14.54,26.05,3.24,0.0
20160623:1910,17.0,28.59,0.0,5.52,25.32,1.52,0.0
20160623:2010,0.0,0.0,0.0,0.0,23.59,2.21,0.0
20160623:2110,0.0,0.0,0.0,0.0,22.35,2.76,0.0
20160623:2210,0.0,0.0,0.0,0.0,21.56,3.59,0.0
20160623:2310,0.0,0.0,0.0,0.0,20.61,3.45,0.0
20160624:0010,0.0,0.0,0.0,0.0,19.61,2.83,0.0
20160624:0110,0.0,0.0,0.0,0.0,18.88,2.83,0.0
20160624:0210,0.0,0.0,0.0,0.0,18.25,3.1,0.0
20160624:0310,0.0,0.0,0.0,0.0,17.68,3.17,0.0
20160624:0410,0.0,7.0,0.0,2.09,17.15,2.55,0.0
20160624:0510,64.0,63.0,0.0,10.77,16.68,2.41,0.0
20160624:0610,0.0,96.0,0.0,20.18,16.79,2.41,0.0
20160624:0710,18.0,207.0,0.0,30.0,17.28,2.97,0.0
20160624:0810,4.0,227.0,0.0,39.87,18.28,2.55,0.0
20160624:0910,229.0,339.0,0.0,49.37,19.44,2.28,0.0
20160624:1010,392.0,323.0,0.0,57.7,20.7,2.34,0.0
20160624:1110,143.0,438.0,0.0,63.43,21.74,2.48,0.0
20160624:1210,322.0,394.0,0.0,64.54,22.2,2.62,0.0
20160624:1310,73.0,417.0,0.0,60.48,22.68,2.76,0.0
20160624:1410,16.0,329.0,0.0,52.98,22.49,2.83,0.0
20160624:1510,127.0,327.0,0.0,43.84,22.32,2.97,0.0
20160624:1610,191.0,231.0,0.0,34.06,22.31,2.76,0.0
20160624:1710,179.0,142.0,0.0,24.17,22.02,2.62,0.0
20160624:1810,96.0,85.0,0.0,14.56,21.44,2.21,0.0
20160624:1910,18.0,28.34,0.0,5.54,21.03,2.34,0.0
20160624:2010,0.0,0.0,0.0,0.0,20.14,2.41,0.0
20160624:2110,0.0,0.0,0.0,0.0,19.67,2.69,0.0
20160624:2210,0.0,0.0,0.0,0.0,19.0,0.0,0.0
20160624:2310,0.0,0.0,0.0,0.0,18.28,0.0,0.0
20160625:0010,0.0,0.0,0.0,0.0,17.56,3.38,0.0
20160625:0110,0.0,0.0,0.0,0.0,16.94,3.38,0.0
20160625:0210,0.0,0.0,0.0,0.0,16.25,3.24,0.0
20160625:0310,0.0,0.0,0.0,0.0,15.6,2.97,0.0
20160625:0410,0.0,1.0,0.0,2.04,15.21,2.83,0.0
20160625:0510,15.0,72.0,0.0,10.73,14.95,2.83,0.0
20160625:0610,21.0,144.0,0.0,20.13,14.84,2.69,0.0
20160625:0710,156.0,212.0,0.0,29.95,14.3,2.76,0.0
20160625:0810,431.0,165.0,0.0,39.82,14.67,2.55,0.0
20160625:0910,458.0,235.0,0.0,49.32,15.38,2.83,0.0
20160625:1010,94.0,414.0,0.0,57.66,16.69,2.83,0.0
20160625:1110,97.0,441.0,0.0,63.4,17.7,3.17,0.0
20160625:1210,392.0,371.0,0.0,64.53,18.57,3.72,0.0
20160625:1310,563.0,256.0,0.0,60.48,19.04,3.86,0.0
20160625:1410,390.0,300.0,0.0,53.0,19.4,4.21,0.0
20160625:1510,83.0,333.0,0.0,43.86,19.13,4.21,0.0
20160625:1610,338.0,162.0,0.0,34.08,18.78,4.0,0.0
20160625:1710,132.0,167.0,0.0,24.19,18.27,3.38,0.0
20160625:1810,76.0,96.0,0.0,14.58,17.68,2.62,0.0
20160625:1910,21.0,27.58,0.0,5.55,16.94,2.69,0.0
20160625:2010,0.0,0.0,0.0,0.0,15.85,2.21,0.0
20160625:2110,0.0,0.0,0.0,0.0,14.81,2.0,0.0
20160625:2210,0.0,0.0,0.0,0.0,13.85,1.93,0.0
20160625:2310,0.0,0.0,0.0,0.0,12.98,1.86,0.0
20160626:0010,0.0,0.0,0.0,0.0,12.38,1.93,0.0
20160626:0110,0.0,0.0,0.0,0.0,11.76,2.14,0.0
20160626:0210,0.0,0.0,0.0,0.0,11.42,2.34,0.0
20160626:0310,0.0,0.0,0.0,0.0,11.07,2.55,0.0
20160626:0410,0.0,8.0,0.0,1.99,10.73,2.62,0.0
20160626:0510,76.0,59.0,0.0,10.67,11.29,2.41,0.0
20160626:0610,132.0,128.0,0.0,20.08,12.9,0.0,0.0
20160626:0710,109.0,227.0,0.0,29.89,14.47,0.0,0.0
20160626:0810,367.0,205.0,0.0,39.77,15.41,3.79,0.0
20160626:0910,119.0,371.0,0.0,49.27,16.16,3.86,0.0
20160626:1010,45.0,394.0,0.0,57.61,17.24,4.0,0.0
20160626:1110,193.0,441.0,0.0,63.36,17.86,3.86,0.0
20160626:1210,475.0,333.0,0.0,64.5,18.64,4.0,0.0
20160626:1310,326.0,382.0,0.0,60.48,18.83,4.34,0.0
20160626:1410,95.0,393.0,0.0,53.0,18.83,4.41,0.0
20160626:1510,169.0,326.0,0.0,43.87,19.06,4.14,0.0
20160626:1610,305.0,183.0,0.0,34.09,18.95,3.72,0.0
20160626:1710,264.0,104.0,0.0,24.2,18.82,3.45,0.0
20160626:1810,64.0,101.0,0.0,14.59,18.06,2.76,0.0
20160626:1910,21.0,27.58,0.0,5.56,17.47,2.0,0.0
20160626:2010,0.0,0.0,0.0,0.0,16.44,1.79,0.0
20160626:2110,0.0,0.0,0.0,0.0,15.31,1.86,0.0
20160626:2210,0.0,0.0,0.0,0.0,14.24,1.72,0.0
20160626:2310,0.0,0.0,0.0,0.0,13.12,1.45,0.0
20160627:0010,0.0,0.0,0.0,0.0,12.34,1.86,0.0
20160627:0110,0.0,0.0,0.0,0.0,12.44,2.0,0.0
20160627:0210,0.0,0.0,0.0,0.0,13.02,2.0,0.0
20160627:0310,0.0,0.0,0.0,0.0,13.61,2.28,0.0
20160627:0410,0.0,3.0,0.0,1.93,13.98,2.62,0.0
20160627:0510,1.0,53.0,0.0,10.61,14.34,3.03,0.0
20160627:0610,0.0,83.0,0.0,20.02,14.71,3.45,0.0
20160627:0710,0.0,141.0,0.0,29.83,15.12,3.66,0.0
20160627:0810,0.0,141.0,0.0,39.71,15.4,3.66,0.0
20160627:0910,0.0,204.0,0.0,49.21,16.18,5.1,0.0
20160627:1010,0.0,107.0,0.0,57.55,17.42,4.97,0.0
20160627:1110,0.0,182.0,0.0,63.31,18.23,4.62,0.0
20160627:1210,0.0,138.0,0.0,64.47,18.84,4.48,0.0
20160627:1310,121.0,428.0,0.0,60.46,19.11,4.28,0.0
20160627:1410,20.0,340.0,0.0,53.0,19.29,4.48,0.0
20160627:1510,142.0,327.0,0.0,43.88,19.28,4.0,0.0
20160627:1610,290.0,186.0,0.0,34.1,19.42,3.59,0.0
20160627:1710,20.0,171.0,0.0,24.21,19.3,2.76,0.0
20160627:1810,0.0,55.0,0.0,14.59,19.15,2.48,0.0
20160627:1910,4.0,29.06,0.0,5.56,17.78,2.34,0.0
20160627:2010,0.0,0.0,0.0,0.0,17.3,0.0,0.0
20160627:2110,0.0,0.0,0.0,0.0,16.6,0.0,0.0
20160627:2210,0.0,0.0,0.0,0.0,16.15,1.93,0.0
20160627:2310,0.0,0.0,0.0,0.0,15.44,2.0,0.0
20160628:0010,0.0,0.0,0.0,0.0,14.79,2.07,0.0
20160628:0110,0.0,0.0,0.0,0.0,14.25,1.79,0.0
20160628:0210,0.0,0.0,0.0,0.0,13.77,1.45,0.0
20160628:0310,0.0,0.0,0.0,0.0,12.97,1.31,0.0
20160628:0410,0.0,7.0,0.0,1.87,12.76,1.1,0.0
20160628:0510,5.0,63.0,0.0,10.55,13.48,0.69,0.0
20160628:0610,0.0,91.0,0.0,19.96,14.33,0.48,0.0
20160628:0710,60.0,228.0,0.0,29.77,14.79,0.41,0.0
20160628:0810,6.0,236.0,0.0,39.65,15.4,0.14,0.0
20160628:0910,1.0,237.0,0.0,49.15,16.55,0.62,0.0
20160628:1010,0.0,197.0,0.0,57.49,17.11,1.45,0.0
20160628:1110,96.0,440.0,0.0,63.26,17.7,2.07,0.0
20160628:1210,0.0,129.0,0.0,64.43,18.07,2.48,0.0
20160628:1310,353.0,365.0,0.0,60.45,18.58,2.69,0.0
20160628:1410,0.0,223.0,0.0,53.0,18.97,2.97,0.0
20160628:1510,379.0,231.0,0.0,43.88,19.8,3.24,0.0
20160628:1610,362.0,147.0,0.0,34.1,20.22,4.0,0.0
20160628:1710,114.0,172.0,0.0,24.22,20.12,3.79,0.0
20160628:1810,29.0,104.0,0.0,14.59,19.81,3.72,0.0
20160628:1910,0.0,7.0,0.0,5.55,19.41,4.14,0.0
20160628:2010,0.0,0.0,0.0,0.0,18.46,4.0,0.0
20160628:2110,0.0,0.0,0.0,0.0,17.66,4.14,0.0
20160628:2210,0.0,0.0,0.0,0.0,17.08,4.55,0.0
20160628:2310,0.0,0.0,0.0,0.0,16.65,4.55,0.0
20160629:0010,0.0,0.0,0.0,0.0,15.87,4.34,0.0
20160629:0110,0.0,0.0,0.0,0.0,15.81,4.21,0.0
20160629:0210,0.0,0.0,0.0,0.0,15.44,3.72,0.0
20160629:0310,0.0,0.0,0.0,0.0,14.61,3.1,0.0
20160629:0410,0.0,3.0,0.0,1.8,13.8,2.76,0.0
20160629:0510,30.0,72.0,0.0,10.48,13.73,2.41,0.0
20160629:0610,16.0,139.0,0.0,19.89,14.35,2.76,0.0
20160629:0710,294.0,141.0,0.0,29.7,15.13,2.97,0.0
20160629:0810,210.0,276.0,0.0,39.58,16.12,2.9,0.0
20160629:0910,420.0,254.0,0.0,49.08,17.23,3.17,0.0
20160629:1010,224.0,399.0,0.0,57.43,18.41,3.59,0.0
20160629:1110,665.01,212.0,0.0,63.2,19.51,3.93,0.0
20160629:1210,567.0,277.0,0.0,64.39,20.58,4.55,0.0
20160629:1310,437.0,326.0,0.0,60.42,21.28,5.1,0.0
20160629:1410,105.0,392.0,0.0,52.99,21.26,4.97,0.0
20160629:1510,358.0,244.0,0.0,43.88,21.11,4.34,0.0
20160629:1610,55.0,260.0,0.0,34.1,21.02,3.72,0.0
20160629:1710,1.0,119.0,0.0,24.21,20.6,3.03,0.0
20160629:1810,0.0,21.0,0.0,14.59,19.72,2.83,0.0
20160629:1910,0.0,9.0,0.0,5.54,18.84,3.45,0.0
20160629:2010,0.0,0.0,0.0,0.0,18.23,3.31,0.0
20160629:2110,0.0,0.0,0.0,0.0,17.59,3.24,0.0
20160629:2210,0.0,0.0,0.0,0.0,17.02,3.24,0.0
20160629:2310,0.0,0.0,0.0,0.0,16.46,3.38,0.0
20160630:0010,0.0,0.0,0.0,0.0,16.05,3.59,0.0
20160630:0110,0.0,0.0,0.0,0.0,15.8,3.66,0.0
20160630:0210,0.0,0.0,0.0,0.0,15.59,3.66,0.0
20160630:0310,0.0,0.0,0.0,0.0,15.45,3.72,0.0
20160630:0410,0.0,3.0,0.0,1.73,15.02,3.66,0.0
20160630:0510,0.0,13.0,0.0,10.41,14.91,3.66,0.0
20160630:0610,0.0,77.0,0.0,19.82,15.33,3.59,0.0
20160630:0710,20.0,207.0,0.0,29.63,16.17,4.69,0.0
20160630:0810,4.0,225.0,0.0,39.51,17.02,5.86,0.0
20160630:0910,0.0,211.0,0.0,49.01,17.38,5.66,0.0
20160630:1010,0.0,166.0,0.0,57.36,18.04,5.31,0.0
20160630:1110,0.0,161.0,0.0,63.13,19.4,5.31,0.0
20160630:1210,108.0,442.0,0.0,64.34,20.42,5.66,0.0
20160630:1310,0.0,131.0,0.0,60.39,20.28,5.45,0.0
20160630:1410,15.0,327.0,0.0,52.97,20.8,5.24,0.0
20160630:1510,18.0,288.0,0.0,43.87,21.48,5.03,0.0
20160630:1610,54.0,256.0,0.0,34.09,21.26,5.03,0.0
20160630:1710,92.0,177.0,0.0,24.21,20.95,4.55,0.0
20160630:1810,126.0,73.0,0.0,14.58,20.55,4.0,0.0
20160630:1910,10.0,31.33,0.0,5.53,19.56,3.79,0.0
20160630:2010,0.0,0.0,0.0,0.0,18.99,3.59,0.0
20160630:2110,0.0,0.0,0.0,0.0,18.39,3.72,0.0
20160630:2210,0.0,0.0,0.0,0.0,17.87,3.93,0.0
20160630:2310,0.0,0.0,0.0,0.0,17.21,4.0,0.0
20160701:0010,0.0,0.0,0.0,0.0,16.51,3.79,0.0
20160701:0110,0.0,0.0,0.0,0.0,16.08,3.59,0.0
20160701:0210,0.0,0.0,0.0,0.0,15.53,3.45,0.0
20160701:0310,0.0,0.0,0.0,0.0,15.27,3.38,0.0
20160701:0410,0.0,1.0,0.0,1.65,15.18,3.38,0.0
20160701:0510,0.0,40.0,0.0,10.34,15.32,3.45,0.0
20160701:0610,0.0,78.0,0.0,19.74,15.94,3.59,0.0
20160701:0710,191.0,189.0,0.0,29.56,17.0,5.1,0.0
20160701:0810,76.0,298.0,0.0,39.43,17.93,5.45,0.0
20160701:0910,1.0,238.0,0.0,48.93,18.8,5.66,0.0
20160701:1010,0.0,88.0,0.0,57.28,19.41,5.31,0.0
20160701:1110,0.0,194.0,0.0,63.06,19.75,5.24,0.0
20160701:1210,0.0,180.0,0.0,64.28,20.23,6.34,0.0
20160701:1310,0.0,173.0,0.0,60.35,20.47,5.93,0.0
20160701:1410,0.0,212.0,0.0,52.95,20.96,6.48,0.0
20160701:1510,0.0,172.0,0.0,43.85,20.96,6.0,0.0
20160701:1610,11.0,219.0,0.0,34.08,20.74,5.86,0.0
20160701:1710,19.0,169.0,0.0,24.19,20.42,5.52,0.0
20160701:1810,9.0,93.0,0.0,14.56,20.04,5.31,0.0
20160701:1910,14.0,29.36,0.0,5.51,18.94,5.52,0.0
20160701:2010,0.0,0.0,0.0,0.0,18.07,5.1,0.0
20160701:2110,0.0,0.0,0.0,0.0,17.47,4.83,0.0
20160701:2210,0.0,0.0,0.0,0.0,16.72,4.14,0.0
20160701:2310,0.0,0.0,0.0,0.0,16.08,3.45,0.0
20160702:0010,0.0,0.0,0.0,0.0,15.55,3.24,0.0
20160702:0110,0.0,0.0,0.0,0.0,14.82,2.76,0.0
20160702:0210,0.0,0.0,0.0,0.0,14.35,2.62,0.0
20160702:0310,0.0,0.0,0.0,0.0,14.05,3.03,0.0
20160702:0410,0.0,4.0,0.0,1.57,13.44,3.17,0.0
20160702:0510,49.0,65.0,0.0,10.25,13.25,3.38,0.0
20160702:0610,34.0,146.0,0.0,19.66,13.35,3.52,0.0
20160702:0710,230.0,175.0,0.0,29.48,13.74,4.21,0.0
20160702:0810,315.0,227.0,0.0,39.35,14.51,4.41,0.0
20160702:0910,283.0,322.0,0.0,48.85,15.61,4.76,0.0
20160702:1010,424.0,313.0,0.0,57.2,16.29,5.24,0.0
20160702:1110,238.0,426.0,0.0,62.98,16.93,5.45,0.0
20160702:1210,7.0,345.0,0.0,64.22,17.24,5.52,0.0
20160702:1310,115.0,432.0,0.0,60.31,17.55,5.66,0.0
20160702:1410,7.0,307.0,0.0,52.92,17.99,5.38,0.0
20160702:1510,27.0,306.0,0.0,43.83,17.93,4.76,0.0
20160702:1610,372.0,143.0,0.0,34.06,18.05,4.21,0.0
20160702:1710,14.0,165.0,0.0,24.18,17.86,3.17,0.0
20160702:1810,35.0,105.0,0.0,14.54,17.42,2.48,0.0
20160702:1910,0.0,22.0,0.0,5.48,16.59,2.48,0.0
20160702:2010,0.0,0.0,0.0,0.0,15.53,2.14,0.0
20160702:2110,0.0,0.0,0.0,0.0,14.79,2.0,0.0
20160702:2210,0.0,0.0,0.0,0.0,14.14,1.86,0.0
20160702:2310,0.0,0.0,0.0,0.0,13.68,1.79,0.0
20160703:0010,0.0,0.0,0.0,0.0,13.52,1.72,0.0
20160703:0110,0.0,0.0,0.0,0.0,13.11,1.86,0.0
20160703:0210,0.0,0.0,0.0,0.0,12.88,2.0,0.0
20160703:0310,0.0,0.0,0.0,0.0,12.68,2.0,0.0
20160703:0410,0.0,4.0,0.0,1.49,12.66,1.93,0.0
20160703:0510,1.0,46.0,0.0,10.17,12.94,1.72,0.0
20160703:0610,11.0,130.0,0.0,19.58,13.31,1.66,0.0
20160703:0710,20.0,205.0,0.0,29.39,13.51,2.0,0.0
20160703:0810,68.0,297.0,0.0,39.27,13.67,2.21,0.0
20160703:0910,160.0,358.0,0.0,48.76,14.17,2.62,0.0
20160703:1010,0.0,161.0,0.0,57.11,14.52,2.97,0.0
20160703:1110,40.0,407.0,0.0,62.89,14.92,3.24,0.0
20160703:1210,0.0,241.0,0.0,64.15,15.04,3.31,0.0
20160703:1310,0.0,173.0,0.0,60.26,15.29,3.45,0.0
20160703:1410,0.0,144.0,0.0,52.89,15.25,3.1,0.0
20160703:1510,0.0,138.0,0.0,43.81,15.3,3.03,0.0
20160703:1610,9.0,214.0,0.0,34.04,15.24,2.83,0.0
20160703:1710,0.0,106.0,0.0,24.15,15.36,3.31,0.0
20160703:1810,0.0,58.0,0.0,14.51,15.51,3.31,0.0
20160703:1910,0.0,22.0,0.0,5.45,15.76,3.17,0.0
20160703:2010,0.0,0.0,0.0,0.0,15.77,3.1,0.0
20160703:2110,0.0,0.0,0.0,0.0,15.88,3.03,0.0
20160703:2210,0.0,0.0,0.0,0.0,15.93,2.83,0.0
20160703:2310,0.0,0.0,0.0,0.0,15.82,2.55,0.0
20160704:0010,0.0,0.0,0.0,0.0,15.75,2.34,0.0
20160704:0110,0.0,0.0,0.0,0.0,15.62,2.0,0.0
20160704:0210,0.0,0.0,0.0,0.0,15.33,1.86,0.0
20160704:0310,0.0,0.0,0.0,0.0,15.16,1.72,0.0
20160704:0410,0.0,0.0,0.0,0.0,14.72,1.72,0.0
20160704:0510,0.0,30.0,0.0,10.08,14.65,1.59,0.0
20160704:0610,0.0,72.0,0.0,19.49,15.31,2.0,0.0
20160704:0710,7.0,184.0,0.0,29.3,15.47,2.07,0.0
20160704:0810,232.0,263.0,0.0,39.18,16.12,2.21,0.0
20160704:0910,84.0,363.0,0.0,48.67,16.75,2.62,0.0
20160704:1010,69.0,404.0,0.0,57.02,17.68,2.9,0.0
20160704:1110,123.0,441.0,0.0,62.8,18.27,2.83,0.0
20160704:1210,253.0,425.0,0.0,64.07,18.95,2.48,0.0
20160704:1310,23.0,377.0,0.0,60.2,19.41,2.28,0.0
20160704:1410,1.0,257.0,0.0,52.85,20.16,2.28,0.0
20160704:1510,0.0,207.0,0.0,43.78,20.7,2.34,0.0
20160704:1610,4.0,201.0,0.0,34.01,20.73,2.34,0.0
20160704:1710,51.0,183.0,0.0,24.12,20.7,2.0,0.0
20160704:1810,115.0,77.0,0.0,14.48,20.32,1.31,0.0
20160704:1910,19.0,27.12,0.0,5.41,19.35,1.31,0.0
20160704:2010,0.0,0.0,0.0,0.0,18.31,1.31,0.0
20160704:2110,0.0,0.0,0.0,0.0,17.8,0.69,0.0
20160704:2210,0.0,0.0,0.0,0.0,18.0,0.28,0.0
20160704:2310,0.0,0.0,0.0,0.0,16.74,0.97,0.0
20160705:0010,0.0,0.0,0.0,0.0,16.03,1.38,0.0
20160705:0110,0.0,0.0,0.0,0.0,15.88,1.59,0.0
20160705:0210,0.0,0.0,0.0,0.0,15.88,1.86,0.0
20160705:0310,0.0,0.0,0.0,0.0,15.55,2.21,0.0
20160705:0410,0.0,0.0,0.0,0.0,15.65,2.21,0.0
20160705:0510,9.0,64.0,0.0,9.98,15.97,2.0,0.0
20160705:0610,8.0,126.0,0.0,19.4,16.76,1.86,0.0
20160705:0710,64.0,225.0,0.0,29.21,17.45,2.07,0.0
20160705:0810,25.0,276.0,0.0,39.09,18.52,3.24,0.0
20160705:0910,62.0,358.0,0.0,48.58,19.35,3.52,0.0
20160705:1010,127.0,413.0,0.0,56.92,19.98,4.07,0.0
20160705:1110,36.0,405.0,0.0,62.7,21.16,4.76,0.0
20160705:1210,0.0,283.0,0.0,63.98,20.92,4.69,0.0
20160705:1310,35.0,394.0,0.0,60.14,21.01,4.55,0.0
20160705:1410,254.0,361.0,0.0,52.8,21.47,4.48,0.0
20160705:1510,94.0,334.0,0.0,43.74,21.55,4.48,0.0
20160705:1610,75.0,263.0,0.0,33.98,21.24,4.41,0.0
20160705:1710,97.0,177.0,0.0,24.09,20.51,3.93,0.0
20160705:1810,23.0,103.0,0.0,14.44,19.71,3.38,0.0
20160705:1910,10.0,29.41,0.0,5.36,18.28,2.83,0.0
20160705:2010,0.0,0.0,0.0,0.0,17.15,2.41,0.0
20160705:2110,0.0,0.0,0.0,0.0,16.35,2.21,0.0
20160705:2210,0.0,0.0,0.0,0.0,15.86,2.0,0.0
20160705:2310,0.0,0.0,0.0,0.0,15.26,1.86,0.0
20160706:0010,0.0,0.0,0.0,0.0,14.7,1.79,0.0
20160706:0110,0.0,0.0,0.0,0.0,13.91,1.86,0.0
20160706:0210,0.0,0.0,0.0,0.0,13.09,1.86,0.0
20160706:0310,0.0,0.0,0.0,0.0,12.39,1.79,0.0
20160706:0410,0.0,0.0,0.0,0.0,11.8,1.66,0.0
20160706:0510,48.0,62.0,0.0,9.89,11.45,1.38,0.0
20160706:0610,155.0,110.0,0.0,19.3,13.23,1.24,0.0
20160706:0710,299.0,136.0,0.0,29.12,14.65,1.31,0.0
20160706:0810,382.0,191.0,0.0,38.99,16.11,1.1,0.0
20160706:0910,214.0,349.0,0.0,48.48,17.49,1.17,0.0
20160706:1010,540.0,252.0,0.0,56.82,18.29,1.17,0.0
20160706:1110,516.0,303.0,0.0,62.6,19.22,0.97,0.0
20160706:1210,629.01,245.0,0.0,63.89,20.1,0.97,0.0
20160706:1310,646.01,211.0,0.0,60.07,20.67,1.03,0.0
20160706:1410,668.0,144.0,0.0,52.75,21.13,1.03,0.0
20160706:1510,525.0,151.0,0.0,43.7,21.45,0.97,0.0
20160706:1610,406.0,125.0,0.0,33.94,21.53,0.83,0.0
20160706:1710,187.0,144.0,0.0,24.05,21.36,0.9,0.0
20160706:1810,75.0,96.0,0.0,14.4,21.15,0.9,0.0
20160706:1910,13.0,28.6,0.0,5.31,20.22,0.83,0.0
20160706:2010,0.0,0.0,0.0,0.0,18.38,1.17,0.0
20160706:2110,0.0,0.0,0.0,0.0,16.2,1.59,0.0
20160706:2210,0.0,0.0,0.0,0.0,14.71,1.86,0.0
20160706:2310,0.0,0.0,0.0,0.0,13.74,2.0,0.0
20160707:0010,0.0,0.0,0.0,0.0,13.09,2.14,0.0
20160707:0110,0.0,0.0,0.0,0.0,12.66,2.21,0.0
20160707:0210,0.0,0.0,0.0,0.0,12.21,2.07,0.0
20160707:0310,0.0,0.0,0.0,0.0,11.64,1.72,0.0
20160707:0410,0.0,0.0,0.0,0.0,11.61,1.45,0.0
20160707:0510,67.0,54.0,0.0,9.78,11.94,1.24,0.0
20160707:0610,194.0,88.0,0.0,19.2,14.52,0.83,0.0
20160707:0710,351.0,106.0,0.0,29.02,17.35,0.97,0.0
20160707:0810,496.0,123.0,0.0,38.89,19.52,1.1,0.0
20160707:0910,664.0,113.0,0.0,48.38,21.27,1.31,0.0
20160707:1010,751.01,125.0,0.0,56.71,22.39,1.66,0.0
20160707:1110,812.01,127.0,0.0,62.49,23.2,1.93,0.0
20160707:1210,814.01,133.0,0.0,63.79,23.78,1.93,0.0
20160707:1310,797.01,121.0,0.0,59.99,24.22,1.79,0.0
20160707:1410,693.0,130.0,0.0,52.69,24.5,1.72,0.0
20160707:1510,558.0,131.0,0.0,43.65,24.64,1.72,0.0
20160707:1610,416.0,119.0,0.0,33.9,24.59,1.79,0.0
20160707:1710,258.0,104.0,0.0,24.0,24.29,1.59,0.0
20160707:1810,119.0,75.0,0.0,14.35,23.7,1.03,0.0
20160707:1910,23.0,24.3,0.0,5.26,22.65,1.17,0.0
20160707:2010,0.0,0.0,0.0,0.0,20.32,1.93,0.0
20160707:2110,0.0,0.0,0.0,0.0,18.36,1.66,0.0
20160707:2210,0.0,0.0,0.0,0.0,17.66,1.45,0.0
20160707:2310,0.0,0.0,0.0,0.0,16.27,1.66,0.0
20160708:0010,0.0,0.0,0.0,0.0,15.81,1.45,0.0
20160708:0110,0.0,0.0,0.0,0.0,15.29,1.38,0.0
20160708:0210,0.0,0.0,0.0,0.0,14.26,1.45,0.0
20160708:0310,0.0,0.0,0.0,0.0,13.15,1.66,0.0
20160708:0410,0.0,0.0,0.0,0.0,12.41,1.72,0.0
20160708:0510,60.0,54.0,0.0,9.68,13.14,1.1,0.0
20160708:0610,183.0,89.0,0.0,19.1,15.52,0.34,0.0
20160708:0710,307.0,124.0,0.0,28.92,18.81,1.17,0.0
20160708:0810,339.0,205.0,0.0,38.79,21.39,1.86,0.0
20160708:0910,544.0,172.0,0.0,48.27,23.58,2.62,0.0
20160708:1010,658.01,168.0,0.0,56.6,25.08,3.52,0.0
20160708:1110,749.01,151.0,0.0,62.38,25.91,4.34,0.0
20160708:1210,575.0,265.0,0.0,63.69,26.36,4.76,0.0
20160708:1310,388.0,344.0,0.0,59.91,26.25,4.83,0.0
20160708:1410,499.0,235.0,0.0,52.63,26.27,4.69,0.0
20160708:1510,517.0,146.0,0.0,43.59,25.96,4.69,0.0
20160708:1610,384.0,130.0,0.0,33.85,25.23,4.62,0.0
20160708:1710,264.0,98.0,0.0,23.95,24.26,4.34,0.0
20160708:1810,113.0,75.0,0.0,14.29,23.15,3.79,0.0
20160708:1910,16.0,26.85,0.0,5.2,21.6,2.76,0.0
20160708:2010,0.0,0.0,0.0,0.0,19.97,2.34,0.0
20160708:2110,0.0,0.0,0.0,0.0,18.8,2.21,0.0
20160708:2210,0.0,0.0,0.0,0.0,17.87,2.14,0.0
20160708:2310,0.0,0.0,0.0,0.0,17.03,2.07,0.0
20160709:0010,0.0,0.0,0.0,0.0,16.16,1.79,0.0
20160709:0110,0.0,0.0,0.0,0.0,15.24,1.66,0.0
20160709:0210,0.0,0.0,0.0,0.0,14.51,1.72,0.0
20160709:0310,0.0,0.0,0.0,0.0,13.97,1.66,0.0
20160709:0410,0.0,0.0,0.0,0.0,13.45,1.52,0.0
20160709:0510,59.0,54.0,0.0,9.57,13.68,1.24,0.0
20160709:0610,182.0,88.0,0.0,18.99,16.12,1.1,0.0
20160709:0710,324.0,112.0,0.0,28.81,17.39,1.45,0.0
20160709:0810,477.0,123.0,0.0,38.68,18.68,1.45,0.0
20160709:0910,625.0,122.0,0.0,48.16,20.06,1.59,0.0
20160709:1010,710.01,134.0,0.0,56.48,21.42,1.86,0.0
20160709:1110,729.01,157.0,0.0,62.26,22.64,2.14,0.0
20160709:1210,728.01,165.0,0.0,63.58,23.59,2.48,0.0
20160709:1310,668.01,180.0,0.0,59.82,24.35,2.55,0.0
20160709:1410,573.0,186.0,0.0,52.55,24.94,2.48,0.0
20160709:1510,430.0,194.0,0.0,43.53,25.34,2.34,0.0
20160709:1610,389.0,124.0,0.0,33.79,25.46,2.14,0.0
20160709:1710,245.0,104.0,0.0,23.9,25.34,2.0,0.0
20160709:1810,109.0,76.0,0.0,14.23,24.92,1.45,0.0
20160709:1910,13.0,27.59,0.0,5.13,23.89,0.97,0.0
20160709:2010,0.0,0.0,0.0,0.0,21.92,1.59,0.0
20160709:2110,0.0,0.0,0.0,0.0,20.08,2.0,0.0
20160709:2210,0.0,0.0,0.0,0.0,18.82,2.07,0.0
20160709:2310,0.0,0.0,0.0,0.0,17.99,2.14,0.0
20160710:0010,0.0,0.0,0.0,0.0,17.29,2.14,0.0
20160710:0110,0.0,0.0,0.0,0.0,16.7,2.14,0.0
20160710:0210,0.0,0.0,0.0,0.0,16.16,2.07,0.0
20160710:0310,0.0,0.0,0.0,0.0,15.57,1.93,0.0
20160710:0410,0.0,0.0,0.0,0.0,15.06,1.93,0.0
20160710:0510,8.0,59.0,0.0,9.45,15.21,1.59,0.0
20160710:0610,49.0,138.0,0.0,18.88,17.81,1.24,0.0
20160710:0710,254.0,150.0,0.0,28.7,20.2,1.38,0.0
20160710:0810,307.0,219.0,0.0,38.57,22.24,1.86,0.0
20160710:0910,611.0,130.0,0.0,48.05,23.83,2.69,0.0
20160710:1010,703.01,139.0,0.0,56.36,24.88,3.45,0.0
20160710:1110,454.0,322.0,0.0,62.13,25.64,4.07,0.0
20160710:1210,754.01,152.0,0.0,63.46,26.27,4.55,0.0
20160710:1310,600.0,224.0,0.0,59.72,26.79,4.97,0.0
20160710:1410,546.0,203.0,0.0,52.48,26.98,5.17,0.0
20160710:1510,542.0,130.0,0.0,43.47,26.89,5.1,0.0
20160710:1610,320.0,165.0,0.0,33.73,26.58,5.1,0.0
20160710:1710,217.0,120.0,0.0,23.83,26.08,4.62,0.0
20160710:1810,125.0,70.0,0.0,14.17,25.23,3.66,0.0
20160710:1910,3.0,25.33,0.0,5.05,24.0,3.79,0.0
20160710:2010,0.0,0.0,0.0,0.0,22.98,4.0,0.0
20160710:2110,0.0,0.0,0.0,0.0,21.77,4.28,0.0
20160710:2210,0.0,0.0,0.0,0.0,20.61,4.07,0.0
20160710:2310,0.0,0.0,0.0,0.0,19.62,3.79,0.0
20160711:0010,0.0,0.0,0.0,0.0,18.85,3.66,0.0
20160711:0110,0.0,0.0,0.0,0.0,18.25,3.86,0.0
20160711:0210,0.0,0.0,0.0,0.0,17.77,4.14,0.0
20160711:0310,0.0,0.0,0.0,0.0,17.21,4.0,0.0
20160711:0410,0.0,0.0,0.0,0.0,16.67,3.79,0.0
20160711:0510,0.0,17.0,0.0,9.33,16.32,3.52,0.0
20160711:0610,18.0,131.0,0.0,18.76,16.44,3.79,0.0
20160711:0710,36.0,211.0,0.0,28.59,17.73,4.21,0.0
20160711:0810,61.0,291.0,0.0,38.46,18.43,4.62,0.0
20160711:0910,28.0,326.0,0.0,47.93,19.45,5.24,0.0
20160711:1010,137.0,407.0,0.0,56.23,20.27,5.59,0.0
20160711:1110,13.0,360.0,0.0,62.0,20.85,5.86,0.0
20160711:1210,6.0,335.0,0.0,63.33,21.06,5.79,0.0
20160711:1310,16.0,357.0,0.0,59.62,21.51,5.52,0.0
20160711:1410,0.0,225.0,0.0,52.39,21.65,5.03,0.0
20160711:1510,0.0,133.0,0.0,43.4,21.53,4.41,0.0
20160711:1610,0.0,98.0,0.0,33.66,21.46,4.28,0.0
20160711:1710,109.0,169.0,0.0,23.77,21.41,4.34,0.0
20160711:1810,80.0,89.0,0.0,14.1,20.97,3.52,0.0
20160711:1910,10.0,26.47,0.0,4.98,19.91,2.76,0.0
20160711:2010,0.0,0.0,0.0,0.0,18.72,2.55,0.0
20160711:2110,0.0,0.0,0.0,0.0,17.76,2.69,0.0
20160711:2210,0.0,0.0,0.0,0.0,17.36,2.76,0.0
20160711:2310,0.0,0.0,0.0,0.0,16.88,2.83,0.0
20160712:0010,0.0,0.0,0.0,0.0,16.72,2.76,0.0
20160712:0110,0.0,0.0,0.0,0.0,16.03,2.76,0.0
20160712:0210,0.0,0.0,0.0,0.0,15.25,2.76,0.0
20160712:0310,0.0,0.0,0.0,0.0,14.68,2.83,0.0
20160712:0410,0.0,0.0,0.0,0.0,14.55,2.83,0.0
20160712:0510,2.0,48.0,0.0,9.21,14.36,2.69,0.0
20160712:0610,6.0,115.0,0.0,18.65,14.9,2.83,0.0
20160712:0710,210.0,174.0,0.0,28.47,16.05,3.31,0.0
20160712:0810,360.0,192.0,0.0,38.34,17.22,3.66,0.0
20160712:0910,506.0,195.0,0.0,47.8,18.23,4.0,0.0
20160712:1010,611.0,198.0,0.0,56.1,18.87,4.07,0.0
20160712:1110,0.0,194.0,0.0,61.86,19.48,4.14,0.0
20160712:1210,30.0,399.0,0.0,63.2,20.16,4.0,0.0
20160712:1310,0.0,149.0,0.0,59.51,20.76,3.72,0.0
20160712:1410,660.0,140.0,0.0,52.3,20.94,3.38,0.0
20160712:1510,0.0,89.0,0.0,43.32,20.68,3.38,0.0
20160712:1610,7.0,210.0,0.0,33.59,19.95,2.83,0.0
20160712:1710,0.0,43.0,0.0,23.69,18.92,2.21,0.0
20160712:1810,0.0,17.0,0.0,14.02,17.58,2.34,0.0
20160712:1910,0.0,4.0,0.0,4.89,16.88,1.93,0.0
20160712:2010,0.0,0.0,0.0,0.0,15.4,1.86,0.0
20160712:2110,0.0,0.0,0.0,0.0,14.94,1.45,0.0
20160712:2210,0.0,0.0,0.0,0.0,14.49,1.93,0.0
20160712:2310,0.0,0.0,0.0,0.0,13.93,2.28,0.0
20160713:0010,0.0,0.0,0.0,0.0,13.52,2.34,0.0
20160713:0110,0.0,0.0,0.0,0.0,13.25,2.34,0.0
20160713:0210,0.0,0.0,0.0,0.0,12.82,2.28,0.0
20160713:0310,0.0,0.0,0.0,0.0,12.57,2.48,0.0
20160713:0410,0.0,0.0,0.0,0.0,12.41,2.76,0.0
20160713:0510,15.0,60.0,0.0,9.09,12.43,2.83,0.0
20160713:0610,119.0,117.0,0.0,18.52,12.98,2.76,0.0
20160713:0710,307.0,121.0,0.0,28.35,13.59,3.86,0.0
20160713:0810,475.0,126.0,0.0,38.22,14.78,4.21,0.0
20160713:0910,151.0,357.0,0.0,47.68,15.61,4.55,0.0
20160713:1010,0.0,222.0,0.0,55.97,16.67,4.83,0.0
20160713:1110,14.0,363.0,0.0,61.71,17.24,4.83,0.0
20160713:1210,14.0,369.0,0.0,63.06,17.88,4.9,0.0
20160713:1310,222.0,413.0,0.0,59.39,18.22,4.9,0.0
20160713:1410,187.0,379.0,0.0,52.21,18.5,5.1,0.0
20160713:1510,0.0,159.0,0.0,43.23,18.37,5.03,0.0
20160713:1610,224.0,218.0,0.0,33.51,18.07,4.97,0.0
20160713:1710,207.0,127.0,0.0,23.61,17.14,4.41,0.0
20160713:1810,2.0,73.0,0.0,13.93,16.97,3.79,0.0
20160713:1910,1.0,19.82,0.0,4.8,16.35,3.24,0.0
20160713:2010,0.0,0.0,0.0,0.0,15.37,2.9,0.0
20160713:2110,0.0,0.0,0.0,0.0,14.33,2.76,0.0
20160713:2210,0.0,0.0,0.0,0.0,13.55,2.55,0.0
20160713:2310,0.0,0.0,0.0,0.0,12.91,2.41,0.0
20160714:0010,0.0,0.0,0.0,0.0,12.49,2.48,0.0
20160714:0110,0.0,0.0,0.0,0.0,12.13,2.69,0.0
20160714:0210,0.0,0.0,0.0,0.0,11.81,2.9,0.0
20160714:0310,0.0,0.0,0.0,0.0,11.53,2.97,0.0
20160714:0410,0.0,0.0,0.0,0.0,11.4,2.97,0.0
20160714:0510,7.0,55.0,0.0,8.96,11.52,2.69,0.0
20160714:0610,5.0,113.0,0.0,18.4,12.41,2.76,0.0
20160714:0710,0.0,126.0,0.0,28.23,13.72,2.97,0.0
20160714:0810,8.0,237.0,0.0,38.1,14.95,3.24,0.0
20160714:0910,517.0,189.0,0.0,47.55,15.92,3.31,0.0
20160714:1010,49.0,390.0,0.0,55.83,16.09,3.52,0.0
20160714:1110,415.0,348.0,0.0,61.57,16.91,3.72,0.0
20160714:1210,461.0,332.0,0.0,62.92,17.75,3.79,0.0
20160714:1310,393.0,345.0,0.0,59.27,18.35,3.86,0.0
20160714:1410,359.0,313.0,0.0,52.11,18.88,4.0,0.0
20160714:1510,238.0,298.0,0.0,43.15,18.85,4.07,0.0
20160714:1610,0.0,140.0,0.0,33.43,18.88,4.34,0.0
20160714:1710,187.0,137.0,0.0,23.53,18.09,4.34,0.0
20160714:1810,24.0,99.0,0.0,13.84,17.66,3.72,0.0
20160714:1910,13.0,24.64,0.0,4.7,17.03,3.03,0.0
20160714:2010,0.0,0.0,0.0,0.0,15.73,2.83,0.0
20160714:2110,0.0,0.0,0.0,0.0,14.55,2.62,0.0
20160714:2210,0.0,0.0,0.0,0.0,13.65,2.41,0.0
20160714:2310,0.0,0.0,0.0,0.0,12.82,2.41,0.0
20160715:0010,0.0,0.0,0.0,0.0,12.1,2.48,0.0
20160715:0110,0.0,0.0,0.0,0.0,11.6,2.21,0.0
20160715:0210,0.0,0.0,0.0,0.0,11.09,2.07,0.0
20160715:0310,0.0,0.0,0.0,0.0,10.68,1.93,0.0
20160715:0410,0.0,0.0,0.0,0.0,10.26,1.93,0.0
20160715:0510,53.0,50.0,0.0,8.83,10.13,1.66,0.0
20160715:0610,174.0,87.0,0.0,18.27,12.18,1.31,0.0
20160715:0710,327.0,108.0,0.0,28.1,14.05,0.97,0.0
20160715:0810,476.0,123.0,0.0,37.97,15.95,0.76,0.0
20160715:0910,522.0,183.0,0.0,47.42,17.69,0.62,0.0
20160715:1010,545.0,237.0,0.0,55.68,18.68,0.76,0.0
20160715:1110,441.0,332.0,0.0,61.41,19.56,0.76,0.0
20160715:1210,259.0,419.0,0.0,62.77,20.01,0.97,0.0
20160715:1310,241.0,406.0,0.0,59.14,20.42,1.17,0.0
20160715:1410,492.0,240.0,0.0,52.0,20.84,1.45,0.0
20160715:1510,314.0,262.0,0.0,43.05,20.96,1.59,0.0
20160715:1610,378.0,132.0,0.0,33.34,21.15,1.38,0.0
20160715:1710,102.0,171.0,0.0,23.44,21.26,1.45,0.0
20160715:1810,78.0,87.0,0.0,13.75,20.98,0.83,0.0
20160715:1910,20.0,20.28,0.0,4.6,20.08,0.62,0.0
20160715:2010,0.0,0.0,0.0,0.0,19.16,0.76,0.0
20160715:2110,0.0,0.0,0.0,0.0,17.01,1.03,0.0
20160715:2210,0.0,0.0,0.0,0.0,14.82,1.79,0.0
20160715:2310,0.0,0.0,0.0,0.0,13.96,2.34,0.0
20160716:0010,0.0,0.0,0.0,0.0,14.11,2.28,0.0
20160716:0110,0.0,0.0,0.0,0.0,13.86,2.0,0.0
20160716:0210,0.0,0.0,0.0,0.0,13.9,1.59,0.0
20160716:0310,0.0,0.0,0.0,0.0,13.92,1.31,0.0
20160716:0410,0.0,0.0,0.0,0.0,14.15,1.1,0.0
20160716:0510,2.0,44.0,0.0,8.69,14.53,0.97,0.0
20160716:0610,11.0,119.0,0.0,18.14,15.34,0.97,0.0
20160716:0710,31.0,204.0,0.0,27.97,15.92,0.9,0.0
20160716:0810,168.0,272.0,0.0,37.84,16.92,0.97,0.0
20160716:0910,545.0,158.0,0.0,47.28,17.88,1.03,0.0
20160716:1010,175.0,395.0,0.0,55.53,19.55,1.17,0.0
20160716:1110,437.0,323.0,0.0,61.25,21.02,1.45,0.0
20160716:1210,454.0,322.0,0.0,62.61,21.85,1.66,0.0
20160716:1310,344.0,356.0,0.0,59.01,22.51,1.59,0.0
20160716:1410,467.0,243.0,0.0,51.88,22.75,1.79,0.0
20160716:1510,264.0,277.0,0.0,42.95,22.9,2.07,0.0
20160716:1610,6.0,202.0,0.0,33.24,22.71,2.07,0.0
20160716:1710,20.0,165.0,0.0,23.34,22.71,1.93,0.0
20160716:1810,78.0,84.0,0.0,13.65,22.46,1.52,0.0
20160716:1910,1.0,18.82,0.0,4.49,22.32,1.72,0.0
20160716:2010,0.0,0.0,0.0,0.0,21.19,0.0,0.0
20160716:2110,0.0,0.0,0.0,0.0,20.12,0.0,0.0
20160716:2210,0.0,0.0,0.0,0.0,19.39,1.86,0.0
20160716:2310,0.0,0.0,0.0,0.0,18.89,1.93,0.0
20160717:0010,0.0,0.0,0.0,0.0,18.52,1.93,0.0
20160717:0110,0.0,0.0,0.0,0.0,18.16,1.93,0.0
20160717:0210,0.0,0.0,0.0,0.0,17.63,1.86,0.0
20160717:0310,0.0,0.0,0.0,0.0,17.11,1.79,0.0
20160717:0410,0.0,0.0,0.0,0.0,16.48,1.72,0.0
20160717:0510,37.0,53.0,0.0,8.55,16.37,1.38,0.0
20160717:0610,167.0,85.0,0.0,18.01,17.34,1.31,0.0
20160717:0710,319.0,106.0,0.0,27.84,18.93,1.31,0.0
20160717:0810,452.0,127.0,0.0,37.7,20.56,1.17,0.0
20160717:0910,605.0,125.0,0.0,47.14,22.13,0.97,0.0
20160717:1010,699.01,134.0,0.0,55.38,23.46,0.9,0.0
20160717:1110,750.01,141.0,0.0,61.09,24.54,1.03,0.0
20160717:1210,753.01,147.0,0.0,62.45,25.48,1.1,0.0
20160717:1310,728.01,140.0,0.0,58.86,25.82,1.24,0.0
20160717:1410,648.0,137.0,0.0,51.76,26.03,1.45,0.0
20160717:1510,517.0,138.0,0.0,42.84,26.26,1.72,0.0
20160717:1610,376.0,126.0,0.0,33.14,26.19,2.0,0.0
20160717:1710,225.0,108.0,0.0,23.24,25.87,2.14,0.0
20160717:1810,94.0,76.0,0.0,13.54,25.3,2.0,0.0
20160717:1910,7.0,23.26,0.0,4.37,24.15,2.21,0.0
20160717:2010,0.0,0.0,0.0,0.0,22.35,2.55,0.0
20160717:2110,0.0,0.0,0.0,0.0,21.06,2.55,0.0
20160717:2210,0.0,0.0,0.0,0.0,20.1,2.55,0.0
20160717:2310,0.0,0.0,0.0,0.0,19.28,2.55,0.0
20160718:0010,0.0,0.0,0.0,0.0,18.59,2.48,0.0
20160718:0110,0.0,0.0,0.0,0.0,17.94,2.34,0.0
20160718:0210,0.0,0.0,0.0,0.0,17.39,2.28,0.0
20160718:0310,0.0,0.0,0.0,0.0,16.9,2.14,0.0
20160718:0410,0.0,0.0,0.0,0.0,16.48,2.0,0.0
20160718:0510,48.0,48.0,0.0,8.41,16.35,1.79,0.0
20160718:0610,162.0,87.0,0.0,17.87,17.96,1.52,0.0
20160718:0710,311.0,109.0,0.0,27.71,20.26,1.52,0.0
20160718:0810,447.0,130.0,0.0,37.57,22.28,1.66,0.0
20160718:0910,583.0,137.0,0.0,46.99,24.11,1.66,0.0
20160718:1010,641.01,167.0,0.0,55.22,25.62,1.72,0.0
20160718:1110,732.01,151.0,0.0,60.92,26.69,1.66,0.0
20160718:1210,723.01,164.0,0.0,62.28,27.49,1.66,0.0
20160718:1310,701.01,155.0,0.0,58.72,28.05,1.86,0.0
20160718:1410,633.0,145.0,0.0,51.64,28.45,2.0,0.0
20160718:1510,494.0,151.0,0.0,42.73,28.64,2.14,0.0
20160718:1610,382.0,123.0,0.0,33.03,28.59,2.34,0.0
20160718:1710,234.0,103.0,0.0,23.13,28.24,2.55,0.0
20160718:1810,99.0,73.0,0.0,13.43,27.42,2.28,0.0
20160718:1910,10.0,21.55,0.0,4.25,26.1,2.34,0.0
20160718:2010,0.0,0.0,0.0,0.0,24.2,2.62,0.0
20160718:2110,0.0,0.0,0.0,0.0,22.82,2.62,0.0
20160718:2210,0.0,0.0,0.0,0.0,21.8,2.69,0.0
20160718:2310,0.0,0.0,0.0,0.0,20.96,2.69,0.0
20160719:0010,0.0,0.0,0.0,0.0,20.25,2.62,0.0
20160719:0110,0.0,0.0,0.0,0.0,19.61,2.55,0.0
20160719:0210,0.0,0.0,0.0,0.0,19.03,2.55,0.0
20160719:0310,0.0,0.0,0.0,0.0,18.5,2.48,0.0
20160719:0410,0.0,0.0,0.0,0.0,17.99,2.41,0.0
20160719:0510,49.0,46.0,0.0,8.26,17.88,2.28,0.0
20160719:0610,165.0,85.0,0.0,17.73,19.48,2.14,0.0
20160719:0710,316.0,108.0,0.0,27.57,22.21,2.34,0.0
20160719:0810,453.0,129.0,0.0,37.43,24.67,0.0,0.0
20160719:0910,598.0,132.0,0.0,46.85,26.9,0.0,0.0
20160719:1010,673.01,151.0,0.0,55.06,28.77,2.9,0.0
20160719:1110,741.01,151.0,0.0,60.74,30.15,3.31,0.0
20160719:1210,732.01,163.0,0.0,62.11,30.95,3.52,0.0
20160719:1310,720.01,149.0,0.0,58.56,31.46,3.59,0.0
20160719:1410,633.0,148.0,0.0,51.5,31.71,3.66,0.0
20160719:1510,501.0,150.0,0.0,42.61,31.77,3.72,0.0
20160719:1610,388.0,122.0,0.0,32.92,31.53,3.79,0.0
20160719:1710,241.0,101.0,0.0,23.02,30.88,3.38,0.0
20160719:1810,104.0,71.0,0.0,13.31,29.58,3.38,0.0
20160719:1910,10.0,20.58,0.0,4.13,28.02,3.1,0.0
20160719:2010,0.0,0.0,0.0,0.0,26.27,3.38,0.0
20160719:2110,0.0,0.0,0.0,0.0,25.18,3.52,0.0
20160719:2210,0.0,0.0,0.0,0.0,24.41,3.66,0.0
20160719:2310,0.0,0.0,0.0,0.0,23.84,3.66,0.0
20160720:0010,0.0,0.0,0.0,0.0,23.4,3.66,0.0
20160720:0110,0.0,0.0,0.0,0.0,23.13,3.59,0.0
20160720:0210,0.0,0.0,0.0,0.0,22.98,3.52,0.0
20160720:0310,0.0,0.0,0.0,0.0,22.74,3.31,0.0
20160720:0410,0.0,0.0,0.0,0.0,21.93,3.1,0.0
20160720:0510,32.0,49.0,0.0,8.11,21.28,2.9,0.0
20160720:0610,133.0,97.0,0.0,17.59,21.85,2.97,0.0
20160720:0710,268.0,127.0,0.0,27.43,23.47,3.24,0.0
20160720:0810,391.0,156.0,0.0,37.28,24.74,3.1,0.0
20160720:0910,470.0,197.0,0.0,46.7,25.97,3.38,0.0
20160720:1010,0.0,133.0,0.0,54.9,25.74,4.76,0.0
20160720:1110,43.0,399.0,0.0,60.56,24.73,3.93,0.0
20160720:1210,0.0,248.0,0.0,61.92,24.7,1.93,0.0
20160720:1310,5.0,315.0,0.0,58.4,26.66,2.69,0.0
20160720:1410,5.0,284.0,0.0,51.37,28.05,3.59,0.0
20160720:1510,0.0,108.0,0.0,42.48,28.74,4.34,0.0
20160720:1610,137.0,239.0,0.0,32.8,28.39,4.28,0.0
20160720:1710,0.0,87.0,0.0,22.9,27.74,2.9,0.0
20160720:1810,3.0,75.0,0.0,13.19,27.06,2.55,0.0
20160720:1910,0.0,3.0,0.0,3.99,25.99,2.9,0.0
20160720:2010,0.0,0.0,0.0,0.0,25.02,3.03,0.0
20160720:2110,0.0,0.0,0.0,0.0,24.05,2.83,0.0
20160720:2210,0.0,0.0,0.0,0.0,23.14,2.41,0.0
20160720:2310,0.0,0.0,0.0,0.0,22.05,2.69,0.0
20160721:0010,0.0,0.0,0.0,0.0,20.95,2.69,0.0
20160721:0110,0.0,0.0,0.0,0.0,19.97,2.55,0.0
20160721:0210,0.0,0.0,0.0,0.0,19.12,2.41,0.0
20160721:0310,0.0,0.0,0.0,0.0,18.39,2.28,0.0
20160721:0410,0.0,0.0,0.0,0.0,17.82,2.07,0.0
20160721:0510,18.0,50.0,0.0,7.96,17.42,1.72,0.0
20160721:0610,61.0,124.0,0.0,17.44,17.97,1.93,0.0
20160721:0710,0.0,98.0,0.0,27.28,18.26,2.83,0.0
20160721:0810,9.0,230.0,0.0,37.14,19.34,2.69,0.0
20160721:0910,1.0,223.0,0.0,46.54,20.69,2.41,0.0
20160721:1010,206.0,382.0,0.0,54.73,22.27,1.93,0.0
20160721:1110,302.0,381.0,0.0,60.37,23.47,1.38,0.0
20160721:1210,110.0,431.0,0.0,61.74,24.44,1.38,0.0
20160721:1310,117.0,416.0,0.0,58.23,25.4,1.66,0.0
20160721:1410,70.0,371.0,0.0,51.22,25.8,1.59,0.0
20160721:1510,30.0,297.0,0.0,42.35,25.59,1.59,0.0
20160721:1610,9.0,208.0,0.0,32.67,25.23,1.86,0.0
20160721:1710,91.0,164.0,0.0,22.78,25.1,2.21,0.0
20160721:1810,3.0,73.0,0.0,13.06,24.58,2.34,0.0
20160721:1910,0.0,4.0,0.0,3.86,23.07,2.48,0.0
20160721:2010,0.0,0.0,0.0,0.0,22.25,2.34,0.0
20160721:2110,0.0,0.0,0.0,0.0,21.82,2.62,0.0
20160721:2210,0.0,0.0,0.0,0.0,21.21,2.9,0.0
20160721:2310,0.0,0.0,0.0,0.0,20.55,2.9,0.0
20160722:0010,0.0,0.0,0.0,0.0,20.03,2.76,0.0
20160722:0110,0.0,0.0,0.0,0.0,19.47,2.76,0.0
20160722:0210,0.0,0.0,0.0,0.0,18.84,2.9,0.0
20160722:0310,0.0,0.0,0.0,0.0,18.41,3.03,0.0
20160722:0410,0.0,0.0,0.0,0.0,17.93,2.9,0.0
20160722:0510,6.0,46.0,0.0,7.81,17.78,2.48,0.0
20160722:0610,0.0,71.0,0.0,17.29,17.99,2.76,0.0
20160722:0710,12.0,179.0,0.0,27.14,17.62,2.83,0.0
20160722:0810,73.0,280.0,0.0,36.99,17.98,3.1,0.0
20160722:0910,441.0,213.0,0.0,46.38,18.71,2.97,0.0
20160722:1010,592.01,189.0,0.0,54.56,18.99,2.83,0.0
20160722:1110,620.01,212.0,0.0,60.18,19.6,3.1,0.0
20160722:1210,499.0,291.0,0.0,61.54,21.0,3.31,0.0
20160722:1310,315.0,363.0,0.0,58.06,22.05,3.24,0.0
20160722:1410,129.0,375.0,0.0,51.07,23.49,3.52,0.0
20160722:1510,98.0,319.0,0.0,42.22,24.12,3.66,0.0
20160722:1610,30.0,235.0,0.0,32.54,24.03,3.59,0.0
20160722:1710,0.0,85.0,0.0,22.65,23.57,2.83,0.0
20160722:1810,6.0,78.0,0.0,12.92,23.15,2.14,0.0
20160722:1910,0.0,14.0,0.0,3.71,23.23,3.1,0.0
20160722:2010,0.0,0.0,0.0,0.0,22.24,0.0,0.0
20160722:2110,0.0,0.0,0.0,0.0,21.52,0.0,0.0
20160722:2210,0.0,0.0,0.0,0.0,20.77,3.31,0.0
20160722:2310,0.0,0.0,0.0,0.0,20.01,3.17,0.0
20160723:0010,0.0,0.0,0.0,0.0,19.38,3.24,0.0
20160723:0110,0.0,0.0,0.0,0.0,18.64,3.24,0.0
20160723:0210,0.0,0.0,0.0,0.0,17.88,2.97,0.0
20160723:0310,0.0,0.0,0.0,0.0,17.09,2.76,0.0
20160723:0410,0.0,0.0,0.0,0.0,16.29,2.9,0.0
20160723:0510,30.0,47.0,0.0,7.65,15.81,3.03,0.0
20160723:0610,134.0,94.0,0.0,17.14,16.35,3.24,0.0
20160723:0710,274.0,122.0,0.0,26.99,17.54,3.1,0.0
20160723:0810,408.0,146.0,0.0,36.84,19.06,2.9,0.0
20160723:0910,539.0,156.0,0.0,46.22,20.53,2.83,0.0
20160723:1010,622.01,173.0,0.0,54.38,21.94,3.1,0.0
20160723:1110,651.01,196.0,0.0,59.99,23.29,3.24,0.0
20160723:1210,637.01,214.0,0.0,61.35,24.32,3.31,0.0
20160723:1310,480.0,284.0,0.0,57.88,25.27,3.52,0.0
20160723:1410,409.0,272.0,0.0,50.91,25.88,3.79,0.0
20160723:1510,169.0,308.0,0.0,42.07,25.97,3.86,0.0
20160723:1610,239.0,197.0,0.0,32.41,25.46,3.66,0.0
20160723:1710,0.0,90.0,0.0,22.51,24.96,3.38,0.0
20160723:1810,36.0,89.0,0.0,12.78,24.44,3.03,0.0
20160723:1910,2.0,16.59,0.0,3.56,23.4,2.97,0.0
20160723:2010,0.0,0.0,0.0,0.0,21.83,3.03,0.0
20160723:2110,0.0,0.0,0.0,0.0,20.63,3.1,0.0
20160723:2210,0.0,0.0,0.0,0.0,19.62,3.1,0.0
20160723:2310,0.0,0.0,0.0,0.0,18.51,2.97,0.0
20160724:0010,0.0,0.0,0.0,0.0,17.61,2.69,0.0
20160724:0110,0.0,0.0,0.0,0.0,16.84,2.28,0.0
20160724:0210,0.0,0.0,0.0,0.0,16.13,1.93,0.0
20160724:0310,0.0,0.0,0.0,0.0,15.5,1.86,0.0
20160724:0410,0.0,0.0,0.0,0.0,15.01,1.86,0.0
20160724:0510,33.0,44.0,0.0,7.49,14.87,1.66,0.0
20160724:0610,143.0,87.0,0.0,16.99,16.2,1.52,0.0
20160724:0710,286.0,113.0,0.0,26.84,17.99,1.31,0.0
20160724:0810,405.0,146.0,0.0,36.68,19.75,1.1,0.0
20160724:0910,546.0,150.0,0.0,46.06,21.29,0.9,0.0
20160724:1010,553.0,214.0,0.0,54.2,22.7,1.45,0.0
20160724:1110,368.0,353.0,0.0,59.79,24.14,2.62,0.0
20160724:1210,375.0,357.0,0.0,61.14,24.81,2.83,0.0
20160724:1310,530.0,253.0,0.0,57.69,24.85,2.9,0.0
20160724:1410,275.0,334.0,0.0,50.75,24.93,2.97,0.0
20160724:1510,311.0,248.0,0.0,41.92,24.97,2.83,0.0
20160724:1610,366.0,124.0,0.0,32.27,24.88,2.69,0.0
20160724:1710,135.0,146.0,0.0,22.37,24.73,2.48,0.0
20160724:1810,63.0,81.0,0.0,12.63,24.37,1.72,0.0
20160724:1910,7.0,16.4,0.0,3.41,23.54,1.79,0.0
20160724:2010,0.0,0.0,0.0,0.0,22.34,1.59,0.0
20160724:2110,0.0,0.0,0.0,0.0,20.98,1.24,0.0
20160724:2210,0.0,0.0,0.0,0.0,20.13,1.31,0.0
20160724:2310,0.0,0.0,0.0,0.0,19.64,1.17,0.0
20160725:0010,0.0,0.0,0.0,0.0,20.51,0.62,0.0
20160725:0110,0.0,0.0,0.0,0.0,20.34,0.14,0.0
20160725:0210,0.0,0.0,0.0,0.0,19.69,0.55,0.0
20160725:0310,0.0,0.0,0.0,0.0,18.86,0.9,0.0
20160725:0410,0.0,0.0,0.0,0.0,18.55,1.24,0.0
20160725:0510,0.0,31.0,0.0,7.33,18.75,1.45,0.0
20160725:0610,0.0,61.0,0.0,16.83,19.35,1.38,0.0
20160725:0710,3.0,153.0,0.0,26.68,20.71,1.86,0.0
20160725:0810,24.0,254.0,0.0,36.53,21.35,1.79,0.0
20160725:0910,45.0,328.0,0.0,45.89,22.1,1.31,0.0
20160725:1010,90.0,390.0,0.0,54.01,23.21,0.83,0.0
20160725:1110,434.0,313.0,0.0,59.58,23.85,0.69,0.0
20160725:1210,96.0,425.0,0.0,60.93,24.49,1.45,0.0
20160725:1310,14.0,341.0,0.0,57.5,24.8,1.86,0.0
20160725:1410,52.0,359.0,0.0,50.58,24.89,2.34,0.0
20160725:1510,33.0,295.0,0.0,41.77,24.61,2.83,0.0
20160725:1610,13.0,212.0,0.0,32.12,24.19,3.1,0.0
20160725:1710,0.0,107.0,0.0,22.22,23.51,3.24,0.0
20160725:1810,0.0,45.0,0.0,12.48,22.88,2.76,0.0
20160725:1910,2.0,13.63,0.0,3.25,22.39,2.62,0.0
20160725:2010,0.0,0.0,0.0,0.0,21.64,2.55,0.0
20160725:2110,0.0,0.0,0.0,0.0,20.94,2.48,0.0
20160725:2210,0.0,0.0,0.0,0.0,20.23,2.9,0.0
20160725:2310,0.0,0.0,0.0,0.0,19.12,3.1,0.0
20160726:0010,0.0,0.0,0.0,0.0,18.33,3.1,0.0
20160726:0110,0.0,0.0,0.0,0.0,17.42,2.9,0.0
20160726:0210,0.0,0.0,0.0,0.0,16.75,2.41,0.0
20160726:0310,0.0,0.0,0.0,0.0,16.24,2.14,0.0
20160726:0410,0.0,0.0,0.0,0.0,15.61,2.07,0.0
20160726:0510,14.0,44.0,0.0,7.16,15.27,2.07,0.0
20160726:0610,111.0,100.0,0.0,16.67,15.57,2.34,0.0
20160726:0710,248.0,132.0,0.0,26.53,16.62,2.76,0.0
20160726:0810,361.0,170.0,0.0,36.37,18.07,2.69,0.0
20160726:0910,460.0,201.0,0.0,45.72,19.51,2.55,0.0
20160726:1010,250.0,367.0,0.0,53.82,20.81,2.55,0.0
20160726:1110,442.0,315.0,0.0,59.37,22.01,2.69,0.0
20160726:1210,393.0,348.0,0.0,60.71,22.93,2.83,0.0
20160726:1310,508.0,265.0,0.0,57.3,23.58,3.1,0.0
20160726:1410,461.0,240.0,0.0,50.4,23.91,3.38,0.0
20160726:1510,346.0,229.0,0.0,41.61,23.7,3.66,0.0
20160726:1610,252.0,186.0,0.0,31.96,23.22,4.07,0.0
20160726:1710,48.0,166.0,0.0,22.07,22.41,4.14,0.0
20160726:1810,70.0,76.0,0.0,12.32,21.72,3.66,0.0
20160726:1910,4.0,15.1,0.0,3.08,20.47,3.1,0.0
20160726:2010,0.0,0.0,0.0,0.0,19.07,2.48,0.0
20160726:2110,0.0,0.0,0.0,0.0,18.04,2.14,0.0
20160726:2210,0.0,0.0,0.0,0.0,17.29,2.0,0.0
20160726:2310,0.0,0.0,0.0,0.0,16.56,1.93,0.0
20160727:0010,0.0,0.0,0.0,0.0,15.7,1.79,0.0
20160727:0110,0.0,0.0,0.0,0.0,15.15,1.52,0.0
20160727:0210,0.0,0.0,0.0,0.0,14.83,1.17,0.0
20160727:0310,0.0,0.0,0.0,0.0,15.47,0.76,0.0
20160727:0410,0.0,0.0,0.0,0.0,15.47,0.69,0.0
20160727:0510,21.0,43.0,0.0,6.99,13.91,1.1,0.0
20160727:0610,0.0,70.0,0.0,16.51,16.01,1.03,0.0
20160727:0710,75.0,198.0,0.0,26.37,16.94,1.45,0.0
20160727:0810,0.0,140.0,0.0,36.21,17.97,1.79,0.0
20160727:0910,0.0,217.0,0.0,45.55,19.72,2.83,0.0
20160727:1010,159.0,387.0,0.0,53.63,20.8,3.31,0.0
20160727:1110,115.0,420.0,0.0,59.16,21.44,3.38,0.0
20160727:1210,378.0,349.0,0.0,60.49,21.94,3.52,0.0
20160727:1310,247.0,384.0,0.0,57.09,22.51,3.72,0.0
20160727:1410,225.0,348.0,0.0,50.22,22.61,3.59,0.0
20160727:1510,183.0,297.0,0.0,41.44,22.9,3.79,0.0
20160727:1610,52.0,240.0,0.0,31.8,22.94,3.52,0.0
20160727:1710,121.0,146.0,0.0,21.91,22.88,2.9,0.0
20160727:1810,78.0,70.0,0.0,12.16,22.59,2.14,0.0
20160727:1910,5.0,12.96,0.0,2.91,22.0,2.21,0.0
20160727:2010,0.0,0.0,0.0,0.0,21.06,2.21,0.0
20160727:2110,0.0,0.0,0.0,0.0,20.23,2.21,0.0
20160727:2210,0.0,0.0,0.0,0.0,19.85,2.07,0.0
20160727:2310,0.0,0.0,0.0,0.0,19.38,2.14,0.0
20160728:0010,0.0,0.0,0.0,0.0,18.6,2.07,0.0
20160728:0110,0.0,0.0,0.0,0.0,18.35,1.93,0.0
20160728:0210,0.0,0.0,0.0,0.0,17.93,1.93,0.0
20160728:0310,0.0,0.0,0.0,0.0,17.85,2.0,0.0
20160728:0410,0.0,0.0,0.0,0.0,17.7,2.14,0.0
20160728:0510,1.0,31.0,0.0,6.82,17.7,2.07,0.0
20160728:0610,6.0,98.0,0.0,16.35,17.76,2.21,0.0
20160728:0710,0.0,123.0,0.0,26.21,17.83,2.83,0.0
20160728:0810,0.0,156.0,0.0,36.04,18.38,3.38,0.0
20160728:0910,0.0,0.0,0.0,0.0,19.57,4.07,0.0
20160728:1010,55.0,375.0,0.0,53.44,20.43,4.07,0.0
20160728:1110,60.0,404.0,0.0,58.94,21.53,4.55,0.0
20160728:1210,120.0,424.0,0.0,60.27,22.77,4.97,0.0
20160728:1310,137.0,407.0,0.0,56.88,23.55,4.76,0.0
20160728:1410,74.0,365.0,0.0,50.03,23.53,4.69,0.0
20160728:1510,76.0,311.0,0.0,41.27,23.39,4.55,0.0
20160728:1610,101.0,237.0,0.0,31.64,23.12,4.34,0.0
20160728:1710,144.0,134.0,0.0,21.74,22.93,3.72,0.0
20160728:1810,23.0,82.0,0.0,11.99,22.61,3.03,0.0
20160728:1910,1.0,10.83,0.0,2.73,21.89,2.9,0.0
20160728:2010,0.0,0.0,0.0,0.0,21.47,2.55,0.0
20160728:2110,0.0,0.0,0.0,0.0,20.77,2.28,0.0
20160728:2210,0.0,0.0,0.0,0.0,20.57,2.41,0.0
20160728:2310,0.0,0.0,0.0,0.0,20.15,2.62,0.0
20160729:0010,0.0,0.0,0.0,0.0,20.04,2.97,0.0
20160729:0110,0.0,0.0,0.0,0.0,19.67,3.17,0.0
20160729:0210,0.0,0.0,0.0,0.0,19.15,3.38,0.0
20160729:0310,0.0,0.0,0.0,0.0,18.43,3.38,0.0
20160729:0410,0.0,0.0,0.0,0.0,18.23,3.38,0.0
20160729:0510,2.0,34.0,0.0,6.65,18.2,3.31,0.0
20160729:0610,4.0,93.0,0.0,16.18,18.66,3.1,0.0
20160729:0710,112.0,187.0,0.0,26.04,19.23,4.14,0.0
20160729:0810,6.0,216.0,0.0,35.87,20.01,5.03,0.0
20160729:0910,0.0,200.0,0.0,45.19,21.19,5.38,0.0
20160729:1010,1.0,260.0,0.0,53.24,22.06,5.31,0.0
20160729:1110,151.0,416.0,0.0,58.72,22.24,5.1,0.0
20160729:1210,96.0,422.0,0.0,60.03,22.62,5.17,0.0
20160729:1310,32.0,373.0,0.0,56.67,22.9,5.24,0.0
20160729:1410,0.0,104.0,0.0,49.83,23.13,5.86,0.0
20160729:1510,63.0,307.0,0.0,41.09,23.12,5.72,0.0
20160729:1610,284.0,161.0,0.0,31.47,23.29,4.97,0.0
20160729:1710,91.0,153.0,0.0,21.57,23.14,4.34,0.0
20160729:1810,25.0,81.0,0.0,11.82,22.69,3.17,0.0
20160729:1910,0.0,11.0,0.0,2.54,22.34,2.9,0.0
20160729:2010,0.0,0.0,0.0,0.0,21.55,2.21,0.0
20160729:2110,0.0,0.0,0.0,0.0,20.73,1.86,0.0
20160729:2210,0.0,0.0,0.0,0.0,20.07,1.66,0.0
20160729:2310,0.0,0.0,0.0,0.0,18.86,1.66,0.0
20160730:0010,0.0,0.0,0.0,0.0,18.18,1.52,0.0
20160730:0110,0.0,0.0,0.0,0.0,17.84,1.31,0.0
20160730:0210,0.0,0.0,0.0,0.0,17.47,1.17,0.0
20160730:0310,0.0,0.0,0.0,0.0,16.57,1.1,0.0
20160730:0410,0.0,0.0,0.0,0.0,16.01,0.97,0.0
20160730:0510,1.0,26.0,0.0,6.47,15.58,0.97,0.0
20160730:0610,17.0,109.0,0.0,16.01,16.99,0.69,0.0
20160730:0710,183.0,157.0,0.0,25.88,18.76,0.83,0.0
20160730:0810,208.0,239.0,0.0,35.71,19.48,0.62,0.0
20160730:0910,47.0,326.0,0.0,45.01,20.76,0.76,0.0
20160730:1010,190.0,378.0,0.0,53.03,21.85,1.72,0.0
20160730:1110,226.0,400.0,0.0,58.49,22.79,2.62,0.0
20160730:1210,309.0,378.0,0.0,59.8,23.34,2.69,0.0
20160730:1310,538.01,238.0,0.0,56.44,23.66,2.9,0.0
20160730:1410,45.0,351.0,0.0,49.63,23.86,2.97,0.0
20160730:1510,269.0,259.0,0.0,40.91,23.77,2.9,0.0
20160730:1610,14.0,209.0,0.0,31.29,23.54,2.9,0.0
20160730:1710,48.0,160.0,0.0,21.4,22.89,2.83,0.0
20160730:1810,8.0,73.0,0.0,11.64,22.28,2.48,0.0
20160730:1910,0.0,10.0,0.0,2.35,20.18,2.14,0.0
20160730:2010,0.0,0.0,0.0,0.0,19.22,1.59,0.0
20160730:2110,0.0,0.0,0.0,0.0,18.31,1.38,0.0
20160730:2210,0.0,0.0,0.0,0.0,17.84,1.45,0.0
20160730:2310,0.0,0.0,0.0,0.0,17.32,1.66,0.0
20160731:0010,0.0,0.0,0.0,0.0,17.06,1.52,0.0
20160731:0110,0.0,0.0,0.0,0.0,16.91,1.45,0.0
20160731:0210,0.0,0.0,0.0,0.0,16.61,1.52,0.0
20160731:0310,0.0,0.0,0.0,0.0,16.56,1.52,0.0
20160731:0410,0.0,0.0,0.0,0.0,16.44,1.72,0.0
20160731:0510,1.0,30.0,0.0,6.29,16.44,1.66,0.0
20160731:0610,12.0,106.0,0.0,15.84,16.78,1.59,0.0
20160731:0710,55.0,196.0,0.0,25.71,17.3,2.07,0.0
20160731:0810,363.0,161.0,0.0,35.53,18.52,2.0,0.0
20160731:0910,214.0,316.0,0.0,44.83,19.77,2.14,0.0
20160731:1010,56.0,376.0,0.0,52.83,20.38,2.69,0.0
20160731:1110,191.0,411.0,0.0,58.26,20.63,3.1,0.0
20160731:1210,494.01,288.0,0.0,59.55,21.07,3.1,0.0
20160731:1310,185.0,401.0,0.0,56.21,22.14,3.1,0.0
20160731:1410,12.0,307.0,0.0,49.43,22.68,3.17,0.0
20160731:1510,80.0,311.0,0.0,40.72,22.73,3.24,0.0
20160731:1610,209.0,199.0,0.0,31.11,22.71,3.31,0.0
20160731:1710,38.0,158.0,0.0,21.22,22.45,3.38,0.0
20160731:1810,18.0,77.0,0.0,11.45,21.6,2.83,0.0
20160731:1910,0.0,2.0,0.0,2.16,20.76,2.62,0.0
20160731:2010,0.0,0.0,0.0,0.0,19.38,2.21,0.0
20160731:2110,0.0,0.0,0.0,0.0,18.33,1.86,0.0
20160731:2210,0.0,0.0,0.0,0.0,17.36,1.59,0.0
20160731:2310,0.0,0.0,0.0,0.0,16.45,1.59,0.0
20160801:0010,0.0,0.0,0.0,0.0,15.98,1.93,0.0
20160801:0110,0.0,0.0,0.0,0.0,15.52,2.14,0.0
20160801:0210,0.0,0.0,0.0,0.0,15.3,2.41,0.0
20160801:0310,0.0,0.0,0.0,0.0,14.83,2.48,0.0
20160801:0410,0.0,0.0,0.0,0.0,14.56,2.14,0.0
20160801:0510,19.0,36.0,0.0,6.11,14.22,1.66,0.0
20160801:0610,70.0,107.0,0.0,15.67,14.95,1.59,0.0
20160801:0710,277.0,107.0,0.0,25.54,16.15,1.93,0.0
20160801:0810,387.0,146.0,0.0,35.36,17.68,1.59,0.0
20160801:0910,354.0,253.0,0.0,44.64,19.24,1.52,0.0
20160801:1010,611.01,170.0,0.0,52.62,20.5,2.28,0.0
20160801:1110,705.01,153.0,0.0,58.02,21.36,3.03,0.0
20160801:1210,706.01,161.0,0.0,59.31,22.12,3.38,0.0
20160801:1310,623.01,189.0,0.0,55.98,22.61,3.45,0.0
20160801:1410,401.0,267.0,0.0,49.21,22.97,3.24,0.0
20160801:1510,155.0,303.0,0.0,40.52,23.13,3.03,0.0
20160801:1610,50.0,236.0,0.0,30.92,23.17,3.17,0.0
20160801:1710,13.0,144.0,0.0,21.03,22.94,2.69,0.0
20160801:1810,0.0,37.0,0.0,11.26,22.57,1.79,0.0
20160801:1910,0.0,7.0,0.0,1.96,21.31,1.17,0.0
20160801:2010,0.0,0.0,0.0,0.0,20.1,0.76,0.0
20160801:2110,0.0,0.0,0.0,0.0,19.49,0.69,0.0
20160801:2210,0.0,0.0,0.0,0.0,18.81,0.97,0.0
20160801:2310,0.0,0.0,0.0,0.0,18.36,1.24,0.0
20160802:0010,0.0,0.0,0.0,0.0,18.32,1.59,0.0
20160802:0110,0.0,0.0,0.0,0.0,18.5,2.62,0.0
20160802:0210,0.0,0.0,0.0,0.0,18.97,3.93,0.0
20160802:0310,0.0,0.0,0.0,0.0,18.31,4.48,0.0
20160802:0410,0.0,0.0,0.0,0.0,16.85,4.28,0.0
20160802:0510,3.0,30.0,0.0,5.93,15.61,3.86,0.0
20160802:0610,5.0,91.0,0.0,15.5,15.55,4.0,0.0
20160802:0710,0.0,0.0,0.0,0.0,16.12,4.28,0.0
20160802:0810,0.0,98.0,0.0,35.18,16.89,5.31,0.0
20160802:0910,0.0,191.0,0.0,44.45,17.8,6.34,0.0
20160802:1010,0.0,209.0,0.0,52.4,19.6,6.21,0.0
20160802:1110,27.0,367.0,0.0,57.78,21.4,6.28,0.0
20160802:1210,27.0,373.0,0.0,59.05,22.74,6.28,0.0
20160802:1310,1.0,267.0,0.0,55.74,22.6,6.14,0.0
20160802:1410,1.0,240.0,0.0,49.0,22.57,5.72,0.0
20160802:1510,7.0,241.0,0.0,40.32,22.58,5.24,0.0
20160802:1610,0.0,148.0,0.0,30.73,22.82,4.62,0.0
20160802:1710,4.0,122.0,0.0,20.84,23.12,4.0,0.0
20160802:1810,0.0,34.0,0.0,11.06,22.84,4.0,0.0
20160802:1910,0.0,2.0,0.0,1.75,20.59,3.24,0.0
20160802:2010,0.0,0.0,0.0,0.0,20.34,2.83,0.0
20160802:2110,0.0,0.0,0.0,0.0,19.95,2.76,0.0
20160802:2210,0.0,0.0,0.0,0.0,19.86,2.9,0.0
20160802:2310,0.0,0.0,0.0,0.0,19.66,3.17,0.0
20160803:0010,0.0,0.0,0.0,0.0,19.22,3.45,0.0
20160803:0110,0.0,0.0,0.0,0.0,18.76,3.66,0.0
20160803:0210,0.0,0.0,0.0,0.0,18.09,3.72,0.0
20160803:0310,0.0,0.0,0.0,0.0,17.63,3.72,0.0
20160803:0410,0.0,0.0,0.0,0.0,17.41,3.72,0.0
20160803:0510,2.0,28.0,0.0,5.75,17.27,3.79,0.0
20160803:0610,25.0,106.0,0.0,15.32,17.71,3.72,0.0
20160803:0710,0.0,0.0,0.0,0.0,18.41,5.45,0.0
20160803:0810,53.0,260.0,0.0,35.0,19.32,6.21,0.0
20160803:0910,132.0,326.0,0.0,44.26,20.02,6.14,0.0
20160803:1010,373.0,291.0,0.0,52.19,21.23,6.14,0.0
20160803:1110,339.0,344.0,0.0,57.53,22.45,6.07,0.0
20160803:1210,108.0,414.0,0.0,58.79,23.32,5.93,0.0
20160803:1310,386.0,308.0,0.0,55.49,24.19,5.59,0.0
20160803:1410,414.0,243.0,0.0,48.77,24.87,5.17,0.0
20160803:1510,0.0,193.0,0.0,40.11,25.31,5.03,0.0
20160803:1610,0.0,118.0,0.0,30.53,25.35,4.9,0.0
20160803:1710,3.0,118.0,0.0,20.64,25.05,4.41,0.0
20160803:1810,0.0,29.0,0.0,10.86,24.41,3.79,0.0
20160803:1910,0.0,1.0,0.0,1.54,23.24,3.79,0.0
20160803:2010,0.0,0.0,0.0,0.0,22.49,3.72,0.0
20160803:2110,0.0,0.0,0.0,0.0,21.73,3.38,0.0
20160803:2210,0.0,0.0,0.0,0.0,20.99,3.03,0.0
20160803:2310,0.0,0.0,0.0,0.0,20.57,3.1,0.0
20160804:0010,0.0,0.0,0.0,0.0,20.09,2.97,0.0
20160804:0110,0.0,0.0,0.0,0.0,19.67,2.9,0.0
20160804:0210,0.0,0.0,0.0,0.0,19.37,2.48,0.0
20160804:0310,0.0,0.0,0.0,0.0,19.08,2.07,0.0
20160804:0410,0.0,0.0,0.0,0.0,18.72,1.59,0.0
20160804:0510,0.0,21.0,0.0,5.56,18.37,1.38,0.0
20160804:0610,0.0,47.0,0.0,15.14,18.28,1.24,0.0
20160804:0710,0.0,51.0,0.0,25.02,17.98,1.31,0.0
20160804:0810,0.0,102.0,0.0,34.82,17.66,1.24,0.0
20160804:0910,0.0,103.0,0.0,44.06,17.81,1.45,0.0
20160804:1010,0.0,211.0,0.0,51.96,17.96,1.79,0.0
20160804:1110,0.0,192.0,0.0,57.28,18.15,2.41,0.0
20160804:1210,0.0,241.0,0.0,58.53,18.8,3.24,0.0
20160804:1310,0.0,253.0,0.0,55.24,19.62,3.66,0.0
20160804:1410,112.0,363.0,0.0,48.54,20.19,3.72,0.0
20160804:1510,118.0,302.0,0.0,39.9,20.62,3.79,0.0
20160804:1610,51.0,231.0,0.0,30.33,20.91,3.93,0.0
20160804:1710,144.0,123.0,0.0,20.44,20.9,3.66,0.0
20160804:1810,79.0,57.0,0.0,10.65,20.58,2.69,0.0
20160804:1910,0.0,0.0,0.0,0.0,19.38,1.93,0.0
20160804:2010,0.0,0.0,0.0,0.0,18.14,2.28,0.0
20160804:2110,0.0,0.0,0.0,0.0,17.08,2.48,0.0
20160804:2210,0.0,0.0,0.0,0.0,16.47,2.14,0.0
20160804:2310,0.0,0.0,0.0,0.0,15.65,2.07,0.0
20160805:0010,0.0,0.0,0.0,0.0,15.16,2.14,0.0
20160805:0110,0.0,0.0,0.0,0.0,14.62,2.21,0.0
20160805:0210,0.0,0.0,0.0,0.0,14.0,2.28,0.0
20160805:0310,0.0,0.0,0.0,0.0,13.48,2.48,0.0
20160805:0410,0.0,0.0,0.0,0.0,13.07,2.48,0.0
20160805:0510,23.0,24.45,0.0,5.37,12.74,2.41,0.0
20160805:0610,129.0,75.0,0.0,14.96,13.51,2.28,0.0
20160805:0710,207.0,138.0,0.0,24.84,15.13,4.41,0.0
20160805:0810,379.0,144.0,0.0,34.64,16.37,4.0,0.0
20160805:0910,464.0,185.0,0.0,43.86,17.7,3.93,0.0
20160805:1010,285.0,342.0,0.0,51.74,18.67,3.79,0.0
20160805:1110,336.0,355.0,0.0,57.03,19.53,3.59,0.0
20160805:1210,32.0,384.0,0.0,58.26,20.17,3.59,0.0
20160805:1310,99.0,403.0,0.0,54.99,20.77,3.66,0.0
20160805:1410,49.0,351.0,0.0,48.31,20.94,3.59,0.0
20160805:1510,464.0,145.0,0.0,39.68,21.2,3.38,0.0
20160805:1610,169.0,209.0,0.0,30.12,21.26,2.97,0.0
20160805:1710,210.0,89.0,0.0,20.23,21.17,2.55,0.0
20160805:1810,65.0,60.0,0.0,10.44,20.75,1.93,0.0
20160805:1910,0.0,0.0,0.0,0.0,19.49,1.86,0.0
20160805:2010,0.0,0.0,0.0,0.0,18.18,1.93,0.0
20160805:2110,0.0,0.0,0.0,0.0,17.36,1.93,0.0
20160805:2210,0.0,0.0,0.0,0.0,16.3,2.28,0.0
20160805:2310,0.0,0.0,0.0,0.0,15.61,2.41,0.0
20160806:0010,0.0,0.0,0.0,0.0,15.1,2.21,0.0
20160806:0110,0.0,0.0,0.0,0.0,14.34,1.86,0.0
20160806:0210,0.0,0.0,0.0,0.0,13.47,1.66,0.0
20160806:0310,0.0,0.0,0.0,0.0,12.71,1.59,0.0
20160806:0410,0.0,0.0,0.0,0.0,12.12,1.66,0.0
20160806:0510,20.0,24.16,0.0,5.18,11.67,1.72,0.0
20160806:0610,126.0,74.0,0.0,14.78,13.31,1.52,0.0
20160806:0710,259.0,106.0,0.0,24.66,16.01,2.21,0.0
20160806:0810,327.0,171.0,0.0,34.45,17.75,2.76,0.0
20160806:0910,398.0,219.0,0.0,43.66,19.15,2.62,0.0
20160806:1010,111.0,383.0,0.0,51.51,20.32,2.83,0.0
20160806:1110,82.0,408.0,0.0,56.77,20.98,2.97,0.0
20160806:1210,330.0,362.0,0.0,57.99,21.68,2.83,0.0
20160806:1310,193.0,391.0,0.0,54.73,22.25,2.83,0.0
20160806:1410,137.0,360.0,0.0,48.07,22.5,2.9,0.0
20160806:1510,294.0,237.0,0.0,39.46,22.44,2.83,0.0
20160806:1610,290.0,146.0,0.0,29.9,22.51,2.62,0.0
20160806:1710,196.0,93.0,0.0,20.02,22.46,2.41,0.0
20160806:1810,63.0,58.0,0.0,10.22,22.08,1.72,0.0
20160806:1910,0.0,0.0,0.0,0.0,20.84,1.93,0.0
20160806:2010,0.0,0.0,0.0,0.0,19.2,2.0,0.0
20160806:2110,0.0,0.0,0.0,0.0,17.79,2.07,0.0
20160806:2210,0.0,0.0,0.0,0.0,16.68,2.21,0.0
20160806:2310,0.0,0.0,0.0,0.0,15.82,2.14,0.0
20160807:0010,0.0,0.0,0.0,0.0,14.92,1.79,0.0
20160807:0110,0.0,0.0,0.0,0.0,14.21,1.45,0.0
20160807:0210,0.0,0.0,0.0,0.0,13.93,1.24,0.0
20160807:0310,0.0,0.0,0.0,0.0,13.95,1.03,0.0
20160807:0410,0.0,0.0,0.0,0.0,13.78,0.97,0.0
20160807:0510,17.0,23.88,0.0,4.99,13.16,1.03,0.0
20160807:0610,122.0,74.0,0.0,14.6,15.02,0.48,0.0
20160807:0710,263.0,102.0,0.0,24.48,17.84,0.48,0.0
20160807:0810,417.0,117.0,0.0,34.27,20.23,0.76,0.0
20160807:0910,545.0,130.0,0.0,43.46,21.9,1.24,0.0
20160807:1010,648.01,135.0,0.0,51.28,23.11,1.24,0.0
20160807:1110,719.01,133.0,0.0,56.51,24.2,1.17,0.0
20160807:1210,732.01,134.0,0.0,57.71,25.24,1.52,0.0
20160807:1310,705.01,128.0,0.0,54.46,26.07,1.86,0.0
20160807:1410,613.01,129.0,0.0,47.82,26.71,2.21,0.0
20160807:1510,492.0,123.0,0.0,39.23,27.07,2.55,0.0
20160807:1610,348.0,110.0,0.0,29.68,27.16,2.83,0.0
20160807:1710,195.0,91.0,0.0,19.8,26.92,2.83,0.0
20160807:1810,60.0,57.0,0.0,10.0,26.2,2.07,0.0
20160807:1910,0.0,0.0,0.0,0.0,24.76,2.14,0.0
20160807:2010,0.0,0.0,0.0,0.0,22.81,2.34,0.0
20160807:2110,0.0,0.0,0.0,0.0,21.41,2.55,0.0
20160807:2210,0.0,0.0,0.0,0.0,20.49,2.83,0.0
20160807:2310,0.0,0.0,0.0,0.0,19.82,2.62,0.0
20160808:0010,0.0,0.0,0.0,0.0,19.14,2.34,0.0
20160808:0110,0.0,0.0,0.0,0.0,18.57,2.55,0.0
20160808:0210,0.0,0.0,0.0,0.0,18.31,3.1,0.0
20160808:0310,0.0,0.0,0.0,0.0,17.7,3.52,0.0
20160808:0410,0.0,0.0,0.0,0.0,17.19,3.59,0.0
20160808:0510,4.0,24.1,0.0,4.8,16.54,3.31,0.0
20160808:0610,24.0,101.0,0.0,14.41,16.06,3.31,0.0
20160808:0710,28.0,177.0,0.0,24.3,16.61,3.24,0.0
20160808:0810,261.0,202.0,0.0,34.08,17.82,3.38,0.0
20160808:0910,354.0,239.0,0.0,43.25,19.29,3.31,0.0
20160808:1010,337.0,311.0,0.0,51.05,20.53,3.38,0.0
20160808:1110,174.0,404.0,0.0,56.25,21.41,3.59,0.0
20160808:1210,22.0,365.0,0.0,57.43,21.91,3.86,0.0
20160808:1310,134.0,398.0,0.0,54.19,21.97,4.28,0.0
20160808:1410,1.0,243.0,0.0,47.57,21.88,4.41,0.0
20160808:1510,15.0,259.0,0.0,38.99,21.44,4.0,0.0
20160808:1610,204.0,185.0,0.0,29.45,21.19,3.52,0.0
20160808:1710,35.0,145.0,0.0,19.57,21.17,3.17,0.0
20160808:1810,2.0,51.0,0.0,9.77,20.83,2.76,0.0
20160808:1910,0.0,0.0,0.0,0.0,20.12,2.41,0.0
20160808:2010,0.0,0.0,0.0,0.0,19.0,2.41,0.0
20160808:2110,0.0,0.0,0.0,0.0,17.84,2.69,0.0
20160808:2210,0.0,0.0,0.0,0.0,16.92,3.03,0.0
20160808:2310,0.0,0.0,0.0,0.0,15.96,2.97,0.0
20160809:0010,0.0,0.0,0.0,0.0,15.48,2.69,0.0
20160809:0110,0.0,0.0,0.0,0.0,15.1,2.48,0.0
20160809:0210,0.0,0.0,0.0,0.0,14.55,2.34,0.0
20160809:0310,0.0,0.0,0.0,0.0,13.76,2.41,0.0
20160809:0410,0.0,0.0,0.0,0.0,13.12,2.48,0.0
20160809:0510,8.0,24.05,0.0,4.6,12.56,2.41,0.0
20160809:0610,119.0,73.0,0.0,14.23,13.36,2.21,0.0
20160809:0710,258.0,104.0,0.0,24.11,14.95,2.69,0.0
20160809:0810,414.0,120.0,0.0,33.89,16.63,3.17,0.0
20160809:0910,426.0,203.0,0.0,43.04,18.13,3.52,0.0
20160809:1010,256.0,350.0,0.0,50.81,18.59,3.66,0.0
20160809:1110,318.0,361.0,0.0,55.98,19.43,3.79,0.0
20160809:1210,349.0,354.0,0.0,57.15,20.09,3.79,0.0
20160809:1310,183.0,394.0,0.0,53.91,20.66,3.86,0.0
20160809:1410,108.0,361.0,0.0,47.31,20.99,3.93,0.0
20160809:1510,202.0,276.0,0.0,38.75,21.01,4.21,0.0
20160809:1610,299.0,137.0,0.0,29.22,20.58,4.41,0.0
20160809:1710,190.0,91.0,0.0,19.34,19.94,4.48,0.0
20160809:1810,56.0,56.0,0.0,9.54,19.04,4.0,0.0
20160809:1910,0.0,0.0,0.0,0.0,17.83,4.07,0.0
20160809:2010,0.0,0.0,0.0,0.0,16.41,3.45,0.0
20160809:2110,0.0,0.0,0.0,0.0,15.21,3.1,0.0
20160809:2210,0.0,0.0,0.0,0.0,14.27,3.1,0.0
20160809:2310,0.0,0.0,0.0,0.0,13.44,3.03,0.0
20160810:0010,0.0,0.0,0.0,0.0,12.72,2.76,0.0
20160810:0110,0.0,0.0,0.0,0.0,12.07,2.48,0.0
20160810:0210,0.0,0.0,0.0,0.0,11.54,2.28,0.0
20160810:0310,0.0,0.0,0.0,0.0,11.26,2.14,0.0
20160810:0410,0.0,0.0,0.0,0.0,11.09,2.0,0.0
20160810:0510,12.0,22.06,0.0,4.4,10.9,2.07,0.0
20160810:0610,109.0,76.0,0.0,14.04,12.16,2.0,0.0
20160810:0710,243.0,111.0,0.0,23.93,14.33,2.55,0.0
20160810:0810,340.0,161.0,0.0,33.69,15.76,3.03,0.0
20160810:0910,442.0,193.0,0.0,42.83,17.01,3.17,0.0
20160810:1010,138.0,381.0,0.0,50.57,17.88,3.59,0.0
20160810:1110,22.0,362.0,0.0,55.7,18.12,3.93,0.0
20160810:1210,2.0,290.0,0.0,56.86,18.77,4.41,0.0
20160810:1310,38.0,373.0,0.0,53.63,19.11,4.9,0.0
20160810:1410,133.0,358.0,0.0,47.05,18.87,5.1,0.0
20160810:1510,61.0,297.0,0.0,38.51,18.87,5.24,0.0
20160810:1610,172.0,200.0,0.0,28.99,18.51,5.1,0.0
20160810:1710,156.0,107.0,0.0,19.11,18.07,4.9,0.0
20160810:1810,66.0,50.0,0.0,9.3,17.44,4.41,0.0
20160810:1910,0.0,0.0,0.0,0.0,16.65,3.1,0.0
20160810:2010,0.0,0.0,0.0,0.0,15.28,2.48,0.0
20160810:2110,0.0,0.0,0.0,0.0,14.18,2.34,0.0
20160810:2210,0.0,0.0,0.0,0.0,13.45,2.21,0.0
20160810:2310,0.0,0.0,0.0,0.0,12.66,1.86,0.0
20160811:0010,0.0,0.0,0.0,0.0,11.54,1.59,0.0
20160811:0110,0.0,0.0,0.0,0.0,10.54,1.59,0.0
20160811:0210,0.0,0.0,0.0,0.0,10.06,1.45,0.0
20160811:0310,0.0,0.0,0.0,0.0,9.42,1.52,0.0
20160811:0410,0.0,0.0,0.0,0.0,9.11,1.66,0.0
20160811:0510,4.0,21.1,0.0,4.2,8.86,1.72,0.0
20160811:0610,80.0,85.0,0.0,13.85,10.63,1.45,0.0
20160811:0710,151.0,153.0,0.0,23.74,13.31,1.66,0.0
20160811:0810,344.0,150.0,0.0,33.5,14.93,2.48,0.0
20160811:0910,458.0,174.0,0.0,42.62,17.11,3.17,0.0
20160811:1010,612.01,149.0,0.0,50.33,18.28,3.66,0.0
20160811:1110,484.01,265.0,0.0,55.43,19.49,4.28,0.0
20160811:1210,186.0,403.0,0.0,56.56,20.01,4.41,0.0
20160811:1310,115.0,393.0,0.0,53.34,20.02,4.07,0.0
20160811:1410,116.0,352.0,0.0,46.78,20.51,4.48,0.0
20160811:1510,135.0,288.0,0.0,38.26,21.01,4.28,0.0
20160811:1610,106.0,215.0,0.0,28.75,21.73,4.28,0.0
20160811:1710,4.0,110.0,0.0,18.87,22.09,4.0,0.0
20160811:1810,12.0,58.0,0.0,9.06,21.56,3.24,0.0
20160811:1910,0.0,0.0,0.0,0.0,19.97,2.62,0.0
20160811:2010,0.0,0.0,0.0,0.0,18.27,2.83,0.0
20160811:2110,0.0,0.0,0.0,0.0,17.09,2.9,0.0
20160811:2210,0.0,0.0,0.0,0.0,16.16,2.62,0.0
20160811:2310,0.0,0.0,0.0,0.0,15.45,2.48,0.0
20160812:0010,0.0,0.0,0.0,0.0,14.83,2.48,0.0
20160812:0110,0.0,0.0,0.0,0.0,14.26,2.41,0.0
20160812:0210,0.0,0.0,0.0,0.0,13.85,2.34,0.0
20160812:0310,0.0,0.0,0.0,0.0,13.4,2.28,0.0
20160812:0410,0.0,0.0,0.0,0.0,12.95,2.07,0.0
20160812:0510,3.0,18.39,0.0,4.0,12.55,1.86,0.0
20160812:0610,73.0,86.0,0.0,13.66,13.35,1.31,0.0
20160812:0710,238.0,104.0,0.0,23.55,15.43,1.79,0.0
20160812:0810,379.0,126.0,0.0,33.3,17.14,1.45,0.0
20160812:0910,507.0,140.0,0.0,42.4,18.73,1.45,0.0
20160812:1010,595.01,155.0,0.0,50.08,20.81,1.86,0.0
20160812:1110,551.01,222.0,0.0,55.15,22.61,1.86,0.0
20160812:1210,487.01,268.0,0.0,56.26,23.71,1.72,0.0
20160812:1310,532.01,218.0,0.0,53.05,24.72,1.79,0.0
20160812:1410,430.0,224.0,0.0,46.51,25.41,1.86,0.0
20160812:1510,386.0,170.0,0.0,38.0,25.63,1.79,0.0
20160812:1610,294.0,126.0,0.0,28.5,25.58,1.66,0.0
20160812:1710,158.0,96.0,0.0,18.63,25.31,1.52,0.0
20160812:1810,42.0,53.0,0.0,8.81,24.64,1.17,0.0
20160812:1910,0.0,0.0,0.0,0.0,24.2,0.28,0.0
20160812:2010,0.0,0.0,0.0,0.0,23.0,0.14,0.0
20160812:2110,0.0,0.0,0.0,0.0,21.82,0.41,0.0
20160812:2210,0.0,0.0,0.0,0.0,20.35,0.9,0.0
20160812:2310,0.0,0.0,0.0,0.0,17.02,1.52,0.0
20160813:0010,0.0,0.0,0.0,0.0,15.42,1.79,0.0
20160813:0110,0.0,0.0,0.0,0.0,14.62,1.93,0.0
20160813:0210,0.0,0.0,0.0,0.0,14.14,2.07,0.0
20160813:0310,0.0,0.0,0.0,0.0,13.82,2.07,0.0
20160813:0410,0.0,0.0,0.0,0.0,13.46,1.93,0.0
20160813:0510,8.0,18.19,0.0,3.8,13.09,1.79,0.0
20160813:0610,106.0,71.0,0.0,13.46,14.11,1.72,0.0
20160813:0710,212.0,120.0,0.0,23.36,16.16,2.07,0.0
20160813:0810,379.0,128.0,0.0,33.1,18.38,1.72,0.0
20160813:0910,506.0,143.0,0.0,42.19,20.71,1.45,0.0
20160813:1010,614.01,147.0,0.0,49.83,22.73,0.97,0.0
20160813:1110,673.01,151.0,0.0,54.86,24.39,0.48,0.0
20160813:1210,685.01,152.0,0.0,55.96,25.68,0.62,0.0
20160813:1310,649.01,150.0,0.0,52.75,26.62,0.9,0.0
20160813:1410,498.01,187.0,0.0,46.23,27.18,1.1,0.0
20160813:1510,376.0,179.0,0.0,37.74,27.49,1.31,0.0
20160813:1610,227.0,164.0,0.0,28.25,27.45,1.66,0.0
20160813:1710,77.0,131.0,0.0,18.38,27.04,1.93,0.0
20160813:1810,22.0,57.0,0.0,8.55,25.94,1.86,0.0
20160813:1910,0.0,0.0,0.0,0.0,23.97,2.55,0.0
20160813:2010,0.0,0.0,0.0,0.0,22.17,2.69,0.0
20160813:2110,0.0,0.0,0.0,0.0,20.85,2.76,0.0
20160813:2210,0.0,0.0,0.0,0.0,19.69,2.76,0.0
20160813:2310,0.0,0.0,0.0,0.0,18.63,2.76,0.0
20160814:0010,0.0,0.0,0.0,0.0,17.7,2.69,0.0
20160814:0110,0.0,0.0,0.0,0.0,16.83,2.62,0.0
20160814:0210,0.0,0.0,0.0,0.0,16.07,2.41,0.0
20160814:0310,0.0,0.0,0.0,0.0,15.43,2.34,0.0
20160814:0410,0.0,0.0,0.0,0.0,14.89,2.28,0.0
20160814:0510,8.0,17.18,0.0,3.6,14.51,2.14,0.0
20160814:0610,102.0,70.0,0.0,13.27,15.12,1.86,0.0
20160814:0710,233.0,105.0,0.0,23.17,17.23,2.21,0.0
20160814:0810,385.0,122.0,0.0,32.9,19.47,2.41,0.0
20160814:0910,522.01,132.0,0.0,41.96,21.66,2.55,0.0
20160814:1010,314.0,313.0,0.0,49.58,23.53,2.62,0.0
20160814:1110,666.01,152.0,0.0,54.57,25.04,2.55,0.0
20160814:1210,688.01,147.0,0.0,55.65,26.06,2.34,0.0
20160814:1310,651.01,145.0,0.0,52.45,26.96,2.28,0.0
20160814:1410,562.01,144.0,0.0,45.95,27.42,2.55,0.0
20160814:1510,406.0,157.0,0.0,37.47,27.38,2.9,0.0
20160814:1610,232.0,158.0,0.0,27.99,26.95,3.24,0.0
20160814:1710,66.0,131.0,0.0,18.12,26.39,3.52,0.0
20160814:1810,17.0,54.0,0.0,8.3,25.4,3.17,0.0
20160814:1910,0.0,0.0,0.0,0.0,23.51,3.24,0.0
20160814:2010,0.0,0.0,0.0,0.0,22.13,3.17,0.0
20160814:2110,0.0,0.0,0.0,0.0,21.08,3.24,0.0
20160814:2210,0.0,0.0,0.0,0.0,20.16,3.52,0.0
20160814:2310,0.0,0.0,0.0,0.0,19.28,3.52,0.0
20160815:0010,0.0,0.0,0.0,0.0,18.3,3.31,0.0
20160815:0110,0.0,0.0,0.0,0.0,17.44,3.1,0.0
20160815:0210,0.0,0.0,0.0,0.0,16.68,3.03,0.0
20160815:0310,0.0,0.0,0.0,0.0,16.04,3.03,0.0
20160815:0410,0.0,0.0,0.0,0.0,15.48,3.1,0.0
20160815:0510,5.0,16.86,0.0,3.4,15.01,3.03,0.0
20160815:0610,96.0,72.0,0.0,13.08,15.59,2.9,0.0
20160815:0710,235.0,104.0,0.0,22.97,17.41,3.38,0.0
20160815:0810,383.0,123.0,0.0,32.7,19.46,3.52,0.0
20160815:0910,504.01,142.0,0.0,41.74,21.62,3.59,0.0
20160815:1010,612.01,146.0,0.0,49.33,23.59,3.72,0.0
20160815:1110,680.01,146.0,0.0,54.28,25.22,3.72,0.0
20160815:1210,0.0,0.0,0.0,0.0,26.46,3.59,0.0
20160815:1310,665.01,139.0,0.0,52.14,27.33,3.59,0.0
20160815:1410,566.01,142.0,0.0,45.66,27.88,3.79,0.0
20160815:1510,455.0,129.0,0.0,37.2,27.98,4.14,0.0
20160815:1610,310.0,114.0,0.0,27.73,27.7,4.41,0.0
20160815:1710,165.0,88.0,0.0,17.87,27.09,4.34,0.0
20160815:1810,41.0,47.0,0.0,8.04,26.13,3.52,0.0
20160815:1910,0.0,0.0,0.0,0.0,24.49,3.24,0.0
20160815:2010,0.0,0.0,0.0,0.0,22.96,3.79,0.0
20160815:2110,0.0,0.0,0.0,0.0,21.71,4.14,0.0
20160815:2210,0.0,0.0,0.0,0.0,20.54,3.86,0.0
20160815:2310,0.0,0.0,0.0,0.0,19.56,3.59,0.0
20160816:0010,0.0,0.0,0.0,0.0,18.77,3.38,0.0
20160816:0110,0.0,0.0,0.0,0.0,18.13,3.24,0.0
20160816:0210,0.0,0.0,0.0,0.0,17.61,3.1,0.0
20160816:0310,0.0,0.0,0.0,0.0,17.14,2.97,0.0
20160816:0410,0.0,0.0,0.0,0.0,16.71,2.76,0.0
20160816:0510,4.0,15.14,0.0,3.19,16.3,2.62,0.0
20160816:0610,95.0,70.0,0.0,12.88,16.92,2.34,0.0
20160816:0710,224.0,107.0,0.0,22.78,18.08,2.62,0.0
20160816:0810,369.0,127.0,0.0,32.49,20.16,2.55,0.0
20160816:0910,504.01,138.0,0.0,41.52,22.3,2.48,0.0
20160816:1010,582.01,160.0,0.0,49.07,24.3,2.69,0.0
20160816:1110,662.01,151.0,0.0,53.99,25.97,2.9,0.0
20160816:1210,674.01,151.0,0.0,55.02,27.29,2.97,0.0
20160816:1310,637.01,150.0,0.0,51.83,28.27,2.62,0.0
20160816:1410,557.01,142.0,0.0,45.37,28.77,2.28,0.0
20160816:1510,433.0,136.0,0.0,36.93,28.79,2.34,0.0
20160816:1610,302.0,114.0,0.0,27.47,28.54,2.76,0.0
20160816:1710,144.0,95.0,0.0,17.6,28.13,2.97,0.0
20160816:1810,27.0,49.0,0.0,7.77,27.27,2.55,0.0
20160816:1910,0.0,0.0,0.0,0.0,25.71,2.76,0.0
20160816:2010,0.0,0.0,0.0,0.0,24.07,2.97,0.0
20160816:2110,0.0,0.0,0.0,0.0,22.9,3.1,0.0
20160816:2210,0.0,0.0,0.0,0.0,21.83,3.1,0.0
20160816:2310,0.0,0.0,0.0,0.0,20.85,2.97,0.0
20160817:0010,0.0,0.0,0.0,0.0,19.95,2.83,0.0
20160817:0110,0.0,0.0,0.0,0.0,19.15,2.55,0.0
20160817:0210,0.0,0.0,0.0,0.0,18.39,2.41,0.0
20160817:0310,0.0,0.0,0.0,0.0,17.69,2.28,0.0
20160817:0410,0.0,0.0,0.0,0.0,17.01,2.14,0.0
20160817:0510,5.0,13.92,0.0,2.98,16.38,2.14,0.0
20160817:0610,95.0,70.0,0.0,12.68,16.92,1.79,0.0
20160817:0710,225.0,107.0,0.0,22.58,18.46,1.72,0.0
20160817:0810,382.0,123.0,0.0,32.29,20.97,1.52,0.0
20160817:0910,520.01,133.0,0.0,41.29,23.5,1.59,0.0
20160817:1010,613.01,146.0,0.0,48.81,25.67,2.14,0.0
20160817:1110,662.01,156.0,0.0,53.69,27.26,2.76,0.0
20160817:1210,673.01,157.0,0.0,54.7,28.33,3.03,0.0
20160817:1310,637.01,154.0,0.0,51.52,29.07,3.17,0.0
20160817:1410,556.01,147.0,0.0,45.07,29.45,3.24,0.0
20160817:1510,448.0,130.0,0.0,36.65,29.56,3.03,0.0
20160817:1610,307.0,112.0,0.0,27.2,29.33,2.9,0.0
20160817:1710,155.0,89.0,0.0,17.33,28.84,2.55,0.0
20160817:1810,49.0,40.0,0.0,7.5,27.61,1.79,0.0
20160817:1910,0.0,0.0,0.0,0.0,25.83,2.28,0.0
20160817:2010,0.0,0.0,0.0,0.0,23.88,2.62,0.0
20160817:2110,0.0,0.0,0.0,0.0,22.9,2.55,0.0
20160817:2210,0.0,0.0,0.0,0.0,21.91,2.28,0.0
20160817:2310,0.0,0.0,0.0,0.0,21.01,1.86,0.0
20160818:0010,0.0,0.0,0.0,0.0,20.08,1.52,0.0
20160818:0110,0.0,0.0,0.0,0.0,19.61,1.45,0.0
20160818:0210,0.0,0.0,0.0,0.0,19.49,1.79,0.0
20160818:0310,0.0,0.0,0.0,0.0,19.42,2.07,0.0
20160818:0410,0.0,0.0,0.0,0.0,18.9,2.55,0.0
20160818:0510,4.0,13.13,0.0,2.78,18.17,2.0,0.0
20160818:0610,24.0,86.0,0.0,12.48,17.95,0.9,0.0
20160818:0710,23.0,159.0,0.0,22.38,18.94,1.72,0.0
20160818:0810,34.0,234.0,0.0,32.08,19.67,1.52,0.0
20160818:0910,0.0,73.0,0.0,41.06,20.27,1.52,0.0
20160818:1010,25.0,324.0,0.0,48.55,21.91,1.79,0.0
20160818:1110,0.0,131.0,0.0,53.39,23.09,1.86,0.0
20160818:1210,137.0,395.0,0.0,54.38,23.85,2.21,0.0
20160818:1310,157.0,373.0,0.0,51.2,24.5,2.9,0.0
20160818:1410,0.0,71.0,0.0,44.77,23.97,3.52,0.0
20160818:1510,0.0,68.0,0.0,36.36,23.8,3.72,0.0
20160818:1610,10.0,176.0,0.0,26.92,23.8,3.66,0.0
20160818:1710,67.0,119.0,0.0,17.06,23.4,3.45,0.0
20160818:1810,18.0,45.0,0.0,7.22,22.42,2.69,0.0
20160818:1910,0.0,0.0,0.0,0.0,21.1,2.07,0.0
20160818:2010,0.0,0.0,0.0,0.0,20.44,1.86,0.0
20160818:2110,0.0,0.0,0.0,0.0,19.81,1.45,0.0
20160818:2210,0.0,0.0,0.0,0.0,19.4,1.31,0.0
20160818:2310,0.0,0.0,0.0,0.0,18.6,1.38,0.0
20160819:0010,0.0,0.0,0.0,0.0,17.87,1.17,0.0
20160819:0110,0.0,0.0,0.0,0.0,17.28,1.24,0.0
20160819:0210,0.0,0.0,0.0,0.0,16.76,1.45,0.0
20160819:0310,0.0,0.0,0.0,0.0,16.44,1.59,0.0
20160819:0410,0.0,0.0,0.0,0.0,16.11,1.66,0.0
20160819:0510,0.0,1.0,0.0,2.57,15.97,1.93,0.0
20160819:0610,7.0,74.0,0.0,12.28,16.78,1.72,0.0
20160819:0710,58.0,165.0,0.0,22.18,18.58,2.14,0.0
20160819:0810,39.0,235.0,0.0,31.87,19.11,2.41,0.0
20160819:0910,0.0,178.0,0.0,40.83,19.99,2.83,0.0
20160819:1010,469.01,213.0,0.0,48.28,21.35,3.66,0.0
20160819:1110,313.0,332.0,0.0,53.09,22.31,3.93,0.0
20160819:1210,0.0,230.0,0.0,54.05,23.22,4.21,0.0
20160819:1310,16.0,319.0,0.0,50.87,24.04,4.48,0.0
20160819:1410,0.0,134.0,0.0,44.47,24.65,5.24,0.0
20160819:1510,0.0,111.0,0.0,36.07,22.72,5.31,0.0
20160819:1610,0.0,102.0,0.0,26.64,19.76,4.41,0.0
20160819:1710,0.0,69.0,0.0,16.79,18.13,3.38,0.0
20160819:1810,0.0,10.0,0.0,6.94,17.56,3.03,0.0
20160819:1910,0.0,0.0,0.0,0.0,18.52,2.9,0.0
20160819:2010,0.0,0.0,0.0,0.0,18.56,2.76,0.0
20160819:2110,0.0,0.0,0.0,0.0,18.46,3.03,0.0
20160819:2210,0.0,0.0,0.0,0.0,18.0,3.1,0.0
20160819:2310,0.0,0.0,0.0,0.0,17.58,3.17,0.0
20160820:0010,0.0,0.0,0.0,0.0,17.27,3.45,0.0
20160820:0110,0.0,0.0,0.0,0.0,16.77,3.66,0.0
20160820:0210,0.0,0.0,0.0,0.0,16.05,3.66,0.0
20160820:0310,0.0,0.0,0.0,0.0,15.3,3.45,0.0
20160820:0410,0.0,0.0,0.0,0.0,14.75,3.31,0.0
20160820:0510,1.0,9.82,0.0,2.36,14.29,3.1,0.0
20160820:0610,104.0,60.0,0.0,12.08,14.72,2.97,0.0
20160820:0710,231.0,97.0,0.0,21.98,16.43,5.03,0.0
20160820:0810,257.0,186.0,0.0,31.65,18.08,4.97,0.0
20160820:0910,362.0,218.0,0.0,40.59,19.42,4.9,0.0
20160820:1010,382.0,273.0,0.0,48.01,20.65,5.24,0.0
20160820:1110,570.01,205.0,0.0,52.78,21.63,5.86,0.0
20160820:1210,536.01,233.0,0.0,53.72,21.84,6.0,0.0
20160820:1310,547.01,201.0,0.0,50.55,22.29,6.07,0.0
20160820:1410,20.0,302.0,0.0,44.16,22.65,6.28,0.0
20160820:1510,18.0,250.0,0.0,35.78,22.35,6.0,0.0
20160820:1610,110.0,197.0,0.0,26.36,22.08,5.52,0.0
20160820:1710,151.0,82.0,0.0,16.51,21.65,4.55,0.0
20160820:1810,32.0,38.0,0.0,6.66,21.27,4.41,0.0
20160820:1910,0.0,0.0,0.0,0.0,20.15,4.62,0.0
20160820:2010,0.0,0.0,0.0,0.0,19.52,4.21,0.0
20160820:2110,0.0,0.0,0.0,0.0,18.6,3.72,0.0
20160820:2210,0.0,0.0,0.0,0.0,17.73,3.45,0.0
20160820:2310,0.0,0.0,0.0,0.0,17.13,3.66,0.0
20160821:0010,0.0,0.0,0.0,0.0,16.41,4.14,0.0
20160821:0110,0.0,0.0,0.0,0.0,16.02,4.41,0.0
20160821:0210,0.0,0.0,0.0,0.0,15.63,4.41,0.0
20160821:0310,0.0,0.0,0.0,0.0,15.2,4.34,0.0
20160821:0410,0.0,0.0,0.0,0.0,14.73,4.34,0.0
20160821:0510,0.0,8.0,0.0,2.15,14.33,4.34,0.0
20160821:0610,13.0,80.0,0.0,11.88,14.54,4.14,0.0
20160821:0710,14.0,150.0,0.0,21.78,15.87,4.48,0.0
20160821:0810,27.0,229.0,0.0,31.44,16.77,5.86,0.0
20160821:0910,51.0,304.0,0.0,40.35,17.64,5.72,0.0
20160821:1010,80.0,360.0,0.0,47.74,18.53,5.52,0.0
20160821:1110,31.0,358.0,0.0,52.47,19.02,5.31,0.0
20160821:1210,0.0,188.0,0.0,53.39,19.36,5.17,0.0
20160821:1310,68.0,372.0,0.0,50.22,20.01,5.59,0.0
20160821:1410,207.0,315.0,0.0,43.84,20.39,5.31,0.0
20160821:1510,69.0,276.0,0.0,35.48,21.28,5.38,0.0
20160821:1610,245.0,133.0,0.0,26.07,21.7,5.1,0.0
20160821:1710,113.0,97.0,0.0,16.22,21.52,4.41,0.0
20160821:1810,25.0,38.0,0.0,6.37,20.79,3.1,0.0
20160821:1910,0.0,0.0,0.0,0.0,18.98,2.21,0.0
20160821:2010,0.0,0.0,0.0,0.0,17.68,2.14,0.0
20160821:2110,0.0,0.0,0.0,0.0,16.8,1.79,0.0
20160821:2210,0.0,0.0,0.0,0.0,16.22,1.66,0.0
20160821:2310,0.0,0.0,0.0,0.0,16.05,1.79,0.0
20160822:0010,0.0,0.0,0.0,0.0,16.2,1.72,0.0
20160822:0110,0.0,0.0,0.0,0.0,16.5,1.66,0.0
20160822:0210,0.0,0.0,0.0,0.0,16.16,1.93,0.0
20160822:0310,0.0,0.0,0.0,0.0,15.83,1.93,0.0
20160822:0410,0.0,0.0,0.0,0.0,15.55,1.72,0.0
20160822:0510,0.0,6.0,0.0,1.93,14.77,1.72,0.0
20160822:0610,37.0,79.0,0.0,11.67,14.8,1.31,0.0
20160822:0710,211.0,98.0,0.0,21.57,18.03,1.59,0.0
20160822:0810,359.0,116.0,0.0,31.23,20.12,2.14,0.0
20160822:0910,490.01,129.0,0.0,40.12,21.68,2.48,0.0
20160822:1010,575.01,143.0,0.0,47.46,22.94,2.48,0.0
20160822:1110,650.01,139.0,0.0,52.15,24.03,2.41,0.0
20160822:1210,652.01,144.0,0.0,53.05,24.93,2.28,0.0
20160822:1310,623.01,137.0,0.0,49.88,25.61,2.21,0.0
20160822:1410,546.01,128.0,0.0,43.52,26.11,2.14,0.0
20160822:1510,425.0,120.0,0.0,35.18,26.42,2.07,0.0
20160822:1610,285.0,104.0,0.0,25.78,26.39,1.86,0.0
20160822:1710,138.0,79.0,0.0,15.93,26.13,1.72,0.0
20160822:1810,21.0,36.0,0.0,6.08,25.26,1.59,0.0
20160822:1910,0.0,0.0,0.0,0.0,23.73,2.14,0.0
20160822:2010,0.0,0.0,0.0,0.0,22.14,2.21,0.0
20160822:2110,0.0,0.0,0.0,0.0,20.98,2.34,0.0
20160822:2210,0.0,0.0,0.0,0.0,20.11,2.34,0.0
20160822:2310,0.0,0.0,0.0,0.0,19.39,2.34,0.0
20160823:0010,0.0,0.0,0.0,0.0,18.76,2.34,0.0
20160823:0110,0.0,0.0,0.0,0.0,18.19,2.34,0.0
20160823:0210,0.0,0.0,0.0,0.0,17.74,2.41,0.0
20160823:0310,0.0,0.0,0.0,0.0,17.41,2.48,0.0
20160823:0410,0.0,0.0,0.0,0.0,17.11,2.48,0.0
20160823:0510,0.0,5.0,0.0,1.72,16.81,2.41,0.0
20160823:0610,80.0,63.0,0.0,11.47,17.34,2.28,0.0
20160823:0710,215.0,95.0,0.0,21.37,19.51,2.21,0.0
20160823:0810,360.0,116.0,0.0,31.01,22.12,2.83,0.0
20160823:0910,479.01,134.0,0.0,39.87,24.29,3.59,0.0
20160823:1010,586.01,138.0,0.0,47.19,26.09,4.14,0.0
20160823:1110,627.01,151.0,0.0,51.84,27.57,4.14,0.0
20160823:1210,637.01,152.0,0.0,52.71,28.84,4.07,0.0
20160823:1310,625.01,136.0,0.0,49.54,29.8,4.07,0.0
20160823:1410,540.01,131.0,0.0,43.2,30.43,4.14,0.0
20160823:1510,420.0,121.0,0.0,34.87,30.74,4.21,0.0
20160823:1610,278.0,105.0,0.0,25.48,30.66,4.07,0.0
20160823:1710,135.0,78.0,0.0,15.64,30.14,3.45,0.0
20160823:1810,20.0,34.0,0.0,5.78,28.69,2.83,0.0
20160823:1910,0.0,0.0,0.0,0.0,26.7,2.9,0.0
20160823:2010,0.0,0.0,0.0,0.0,25.34,2.97,0.0
20160823:2110,0.0,0.0,0.0,0.0,24.39,3.03,0.0
20160823:2210,0.0,0.0,0.0,0.0,23.64,3.1,0.0
20160823:2310,0.0,0.0,0.0,0.0,22.98,3.17,0.0
20160824:0010,0.0,0.0,0.0,0.0,22.33,3.1,0.0
20160824:0110,0.0,0.0,0.0,0.0,21.67,2.9,0.0
20160824:0210,0.0,0.0,0.0,0.0,20.98,2.83,0.0
20160824:0310,0.0,0.0,0.0,0.0,20.32,2.69,0.0
20160824:0410,0.0,0.0,0.0,0.0,19.73,2.69,0.0
20160824:0510,0.0,0.0,0.0,0.0,19.25,2.69,0.0
20160824:0610,83.0,60.0,0.0,11.26,19.63,2.55,0.0
20160824:0710,215.0,95.0,0.0,21.16,21.44,2.28,0.0
20160824:0810,356.0,117.0,0.0,30.79,23.95,2.48,0.0
20160824:0910,480.01,134.0,0.0,39.63,26.24,2.41,0.0
20160824:1010,580.01,141.0,0.0,46.91,28.34,2.48,0.0
20160824:1110,638.01,145.0,0.0,51.52,30.11,2.55,0.0
20160824:1210,639.01,151.0,0.0,52.37,31.51,2.62,0.0
20160824:1310,610.01,143.0,0.0,49.2,32.53,2.55,0.0
20160824:1410,527.01,137.0,0.0,42.87,33.12,2.28,0.0
20160824:1510,420.0,120.0,0.0,34.56,33.38,1.93,0.0
20160824:1610,277.0,104.0,0.0,25.18,33.3,1.66,0.0
20160824:1710,135.0,77.0,0.0,15.34,32.84,1.38,0.0
20160824:1810,20.0,26.99,0.0,5.49,31.3,1.59,0.0
20160824:1910,0.0,0.0,0.0,0.0,29.13,2.69,0.0
20160824:2010,0.0,0.0,0.0,0.0,27.46,2.69,0.0
20160824:2110,0.0,0.0,0.0,0.0,26.16,2.69,0.0
20160824:2210,0.0,0.0,0.0,0.0,25.04,2.62,0.0
20160824:2310,0.0,0.0,0.0,0.0,24.05,2.62,0.0
20160825:0010,0.0,0.0,0.0,0.0,23.17,2.55,0.0
20160825:0110,0.0,0.0,0.0,0.0,22.39,2.41,0.0
20160825:0210,0.0,0.0,0.0,0.0,21.58,2.21,0.0
20160825:0310,0.0,0.0,0.0,0.0,20.78,2.14,0.0
20160825:0410,0.0,0.0,0.0,0.0,20.0,2.0,0.0
20160825:0510,0.0,0.0,0.0,0.0,19.42,2.14,0.0
20160825:0610,75.0,60.0,0.0,11.06,19.82,1.86,0.0
20160825:0710,208.0,95.0,0.0,20.95,22.72,1.31,0.0
20160825:0810,351.0,117.0,0.0,30.57,25.58,1.17,0.0
20160825:0910,481.01,131.0,0.0,39.39,28.02,1.24,0.0
20160825:1010,574.01,141.0,0.0,46.62,30.16,1.38,0.0
20160825:1110,631.01,146.0,0.0,51.2,31.99,1.66,0.0
20160825:1210,633.01,150.0,0.0,52.02,33.34,2.07,0.0
20160825:1310,611.01,140.0,0.0,48.85,34.11,2.41,0.0
20160825:1410,527.01,134.0,0.0,42.54,34.48,2.62,0.0
20160825:1510,407.0,124.0,0.0,34.25,34.5,2.69,0.0
20160825:1610,263.0,107.0,0.0,24.88,34.2,2.62,0.0
20160825:1710,125.0,77.0,0.0,15.04,33.57,2.21,0.0
20160825:1810,19.0,25.28,0.0,5.18,31.99,1.66,0.0
20160825:1910,0.0,0.0,0.0,0.0,29.83,1.24,0.0
20160825:2010,0.0,0.0,0.0,0.0,28.71,1.03,0.0
20160825:2110,0.0,0.0,0.0,0.0,26.19,1.52,0.0
20160825:2210,0.0,0.0,0.0,0.0,24.23,1.79,0.0
20160825:2310,0.0,0.0,0.0,0.0,23.38,1.72,0.0
20160826:0010,0.0,0.0,0.0,0.0,23.71,1.31,0.0
20160826:0110,0.0,0.0,0.0,0.0,25.02,0.9,0.0
20160826:0210,0.0,0.0,0.0,0.0,22.19,1.52,0.0
20160826:0310,0.0,0.0,0.0,0.0,20.68,1.86,0.0
20160826:0410,0.0,0.0,0.0,0.0,20.27,1.66,0.0
20160826:0510,0.0,0.0,0.0,0.0,19.53,1.66,0.0
20160826:0610,60.0,64.0,0.0,10.85,20.05,1.24,0.0
20160826:0710,196.0,98.0,0.0,20.74,22.93,2.21,0.0
20160826:0810,334.0,122.0,0.0,30.35,24.74,2.07,0.0
20160826:0910,460.01,137.0,0.0,39.14,26.75,1.52,0.0
20160826:1010,557.01,146.0,0.0,46.34,28.54,1.17,0.0
20160826:1110,603.01,156.0,0.0,50.87,30.07,1.17,0.0
20160826:1210,468.01,244.0,0.0,51.67,31.28,0.9,0.0
20160826:1310,543.01,174.0,0.0,48.5,32.21,0.55,0.0
20160826:1410,467.01,163.0,0.0,42.21,32.82,0.21,0.0
20160826:1510,165.0,242.0,0.0,33.93,33.04,0.14,0.0
20160826:1610,64.0,186.0,0.0,24.57,32.83,0.48,0.0
20160826:1710,4.0,86.0,0.0,14.74,32.49,0.9,0.0
20160826:1810,10.0,26.45,0.0,4.88,31.11,1.52,0.0
20160826:1910,0.0,0.0,0.0,0.0,29.21,2.55,0.0
20160826:2010,0.0,0.0,0.0,0.0,27.87,2.83,0.0
20160826:2110,0.0,0.0,0.0,0.0,26.78,3.03,0.0
20160826:2210,0.0,0.0,0.0,0.0,25.82,3.1,0.0
20160826:2310,0.0,0.0,0.0,0.0,24.83,3.03,0.0
20160827:0010,0.0,0.0,0.0,0.0,23.88,2.9,0.0
20160827:0110,0.0,0.0,0.0,0.0,22.98,2.62,0.0
20160827:0210,0.0,0.0,0.0,0.0,22.2,2.41,0.0
20160827:0310,0.0,0.0,0.0,0.0,21.5,2.28,0.0
20160827:0410,0.0,0.0,0.0,0.0,20.86,2.14,0.0
20160827:0510,0.0,0.0,0.0,0.0,20.31,1.86,0.0
20160827:0610,8.0,66.0,0.0,10.64,20.39,1.1,0.0
20160827:0710,91.0,145.0,0.0,20.53,22.68,0.62,0.0
20160827:0810,149.0,214.0,0.0,30.12,24.69,1.24,0.0
20160827:0910,324.0,215.0,0.0,38.89,26.81,2.07,0.0
20160827:1010,338.0,270.0,0.0,46.05,29.13,2.83,0.0
20160827:1110,612.01,150.0,0.0,50.54,30.95,3.72,0.0
20160827:1210,566.01,185.0,0.0,51.32,32.08,4.28,0.0
20160827:1310,591.01,144.0,0.0,48.15,32.71,4.41,0.0
20160827:1410,298.0,255.0,0.0,41.87,33.03,4.28,0.0
20160827:1510,385.0,128.0,0.0,33.61,33.15,4.21,0.0
20160827:1610,249.0,107.0,0.0,24.26,32.23,3.1,0.0
20160827:1710,89.0,88.0,0.0,14.43,31.93,2.41,0.0
20160827:1810,10.0,23.56,0.0,4.57,30.5,1.45,0.0
20160827:1910,0.0,0.0,0.0,0.0,28.54,1.31,0.0
20160827:2010,0.0,0.0,0.0,0.0,27.63,0.97,0.0
20160827:2110,0.0,0.0,0.0,0.0,25.43,1.45,0.0
20160827:2210,0.0,0.0,0.0,0.0,23.85,2.07,0.0
20160827:2310,0.0,0.0,0.0,0.0,23.11,2.21,0.0
20160828:0010,0.0,0.0,0.0,0.0,22.71,2.41,0.0
20160828:0110,0.0,0.0,0.0,0.0,22.89,3.03,0.0
20160828:0210,0.0,0.0,0.0,0.0,22.88,3.31,0.0
20160828:0310,0.0,0.0,0.0,0.0,22.36,3.1,0.0
20160828:0410,0.0,0.0,0.0,0.0,21.59,3.24,0.0
20160828:0510,0.0,0.0,0.0,0.0,20.75,3.45,0.0
20160828:0610,3.0,56.0,0.0,10.43,20.36,3.17,0.0
20160828:0710,1.0,99.0,0.0,20.32,20.37,3.52,0.0
20160828:0810,341.0,116.0,0.0,29.9,21.1,3.45,0.0
20160828:0910,216.0,265.0,0.0,38.64,22.14,3.66,0.0
20160828:1010,268.0,303.0,0.0,45.76,23.27,4.0,0.0
20160828:1110,380.01,284.0,0.0,50.21,24.45,4.55,0.0
20160828:1210,576.01,178.0,0.0,50.96,25.64,5.1,0.0
20160828:1310,530.01,179.0,0.0,47.8,26.48,5.45,0.0
20160828:1410,464.01,161.0,0.0,41.53,26.94,5.66,0.0
20160828:1510,383.0,127.0,0.0,33.28,27.08,5.79,0.0
20160828:1610,267.0,97.0,0.0,23.95,26.77,5.66,0.0
20160828:1710,59.0,97.0,0.0,14.12,26.28,5.24,0.0
20160828:1810,7.0,22.31,0.0,4.25,25.4,3.86,0.0
20160828:1910,0.0,0.0,0.0,0.0,24.25,3.52,0.0
20160828:2010,0.0,0.0,0.0,0.0,23.35,3.79,0.0
20160828:2110,0.0,0.0,0.0,0.0,22.39,4.21,0.0
20160828:2210,0.0,0.0,0.0,0.0,21.36,4.0,0.0
20160828:2310,0.0,0.0,0.0,0.0,20.37,3.72,0.0
20160829:0010,0.0,0.0,0.0,0.0,19.61,3.52,0.0
20160829:0110,0.0,0.0,0.0,0.0,18.99,3.38,0.0
20160829:0210,0.0,0.0,0.0,0.0,18.84,3.31,0.0
20160829:0310,0.0,0.0,0.0,0.0,18.63,3.1,0.0
20160829:0410,0.0,0.0,0.0,0.0,18.59,2.83,0.0
20160829:0510,0.0,0.0,0.0,0.0,18.54,2.69,0.0
20160829:0610,6.0,62.0,0.0,10.22,18.57,2.48,0.0
20160829:0710,23.0,144.0,0.0,20.1,18.86,3.24,0.0
20160829:0810,18.0,207.0,0.0,29.67,19.66,3.17,0.0
20160829:0910,10.0,245.0,0.0,38.38,20.55,3.1,0.0
20160829:1010,0.0,152.0,0.0,45.47,21.29,3.17,0.0
20160829:1110,15.0,316.0,0.0,49.88,22.0,3.38,0.0
20160829:1210,71.0,373.0,0.0,50.6,22.6,3.31,0.0
20160829:1310,30.0,329.0,0.0,47.44,23.45,3.31,0.0
20160829:1410,144.0,311.0,0.0,41.19,23.66,3.31,0.0
20160829:1510,197.0,224.0,0.0,32.96,23.55,3.31,0.0
20160829:1610,0.0,113.0,0.0,23.63,23.09,3.31,0.0
20160829:1710,9.0,90.0,0.0,13.81,22.18,3.31,0.0
20160829:1810,0.0,14.0,0.0,3.94,21.3,2.9,0.0
20160829:1910,0.0,0.0,0.0,0.0,20.53,2.41,0.0
20160829:2010,0.0,0.0,0.0,0.0,20.03,2.28,0.0
20160829:2110,0.0,0.0,0.0,0.0,19.42,2.14,0.0
20160829:2210,0.0,0.0,0.0,0.0,19.01,2.21,0.0
20160829:2310,0.0,0.0,0.0,0.0,18.39,2.41,0.0
20160830:0010,0.0,0.0,0.0,0.0,17.81,2.69,0.0
20160830:0110,0.0,0.0,0.0,0.0,17.4,2.83,0.0
20160830:0210,0.0,0.0,0.0,0.0,16.94,2.83,0.0
20160830:0310,0.0,0.0,0.0,0.0,16.37,2.69,0.0
20160830:0410,0.0,0.0,0.0,0.0,15.86,2.62,0.0
20160830:0510,0.0,0.0,0.0,0.0,15.34,2.62,0.0
20160830:0610,56.0,59.0,0.0,10.01,15.4,2.48,0.0
20160830:0710,178.0,102.0,0.0,19.89,16.27,2.83,0.0
20160830:0810,320.0,125.0,0.0,29.44,18.24,2.9,0.0
20160830:0910,465.01,131.0,0.0,38.13,20.33,3.03,0.0
20160830:1010,547.01,148.0,0.0,45.18,22.27,3.24,0.0
20160830:1110,579.01,169.0,0.0,49.54,23.78,3.1,0.0
20160830:1210,466.01,242.0,0.0,50.24,24.89,2.83,0.0
20160830:1310,338.0,285.0,0.0,47.07,25.79,2.48,0.0
20160830:1410,289.0,256.0,0.0,40.84,26.07,2.28,0.0
20160830:1510,246.0,200.0,0.0,32.62,25.93,2.28,0.0
20160830:1610,186.0,135.0,0.0,23.31,25.51,2.41,0.0
20160830:1710,94.0,78.0,0.0,13.49,25.18,2.55,0.0
20160830:1810,7.0,18.35,0.0,3.62,24.28,2.21,0.0
20160830:1910,0.0,0.0,0.0,0.0,22.42,2.48,0.0
20160830:2010,0.0,0.0,0.0,0.0,21.46,2.55,0.0
20160830:2110,0.0,0.0,0.0,0.0,20.73,2.48,0.0
20160830:2210,0.0,0.0,0.0,0.0,20.09,2.34,0.0
20160830:2310,0.0,0.0,0.0,0.0,19.5,2.21,0.0
20160831:0010,0.0,0.0,0.0,0.0,18.9,2.07,0.0
20160831:0110,0.0,0.0,0.0,0.0,18.84,1.79,0.0
20160831:0210,0.0,0.0,0.0,0.0,18.61,1.66,0.0
20160831:0310,0.0,0.0,0.0,0.0,18.23,1.52,0.0
20160831:0410,0.0,0.0,0.0,0.0,17.9,1.38,0.0
20160831:0510,0.0,0.0,0.0,0.0,17.31,1.52,0.0
20160831:0610,55.0,58.0,0.0,9.79,17.06,1.38,0.0
20160831:0710,183.0,97.0,0.0,19.67,18.32,0.9,0.0
20160831:0810,311.0,129.0,0.0,29.21,20.79,1.17,0.0
20160831:0910,315.0,215.0,0.0,37.87,22.93,1.66,0.0
20160831:1010,523.01,161.0,0.0,44.88,24.82,2.0,0.0
20160831:1110,53.0,359.0,0.0,49.2,25.89,2.07,0.0
20160831:1210,367.01,293.0,0.0,49.88,26.43,2.07,0.0
20160831:1310,416.01,241.0,0.0,46.71,27.12,2.28,0.0
20160831:1410,262.0,265.0,0.0,40.49,27.53,2.55,0.0
20160831:1510,254.0,193.0,0.0,32.29,27.64,2.62,0.0
20160831:1610,198.0,125.0,0.0,22.98,27.51,2.9,0.0
20160831:1710,96.0,74.0,0.0,13.17,26.93,3.03,0.0
20160831:1810,5.0,15.9,0.0,3.3,25.74,2.69,0.0
20160831:1910,0.0,0.0,0.0,0.0,23.61,3.45,0.0
20160831:2010,0.0,0.0,0.0,0.0,22.21,3.24,0.0
20160831:2110,0.0,0.0,0.0,0.0,20.95,2.69,0.0
20160831:2210,0.0,0.0,0.0,0.0,19.8,2.48,0.0
20160831:2310,0.0,0.0,0.0,0.0,18.77,2.28,0.0
20160901:0010,0.0,0.0,0.0,0.0,17.86,2.14,0.0
20160901:0110,0.0,0.0,0.0,0.0,17.05,1.93,0.0
20160901:0210,0.0,0.0,0.0,0.0,16.31,1.79,0.0
20160901:0310,0.0,0.0,0.0,0.0,15.66,1.86,0.0
20160901:0410,0.0,0.0,0.0,0.0,15.08,1.86,0.0
20160901:0510,0.0,0.0,0.0,0.0,14.58,1.79,0.0
20160901:0610,57.0,54.0,0.0,9.58,14.73,1.52,0.0
20160901:0710,180.0,94.0,0.0,19.46,17.03,1.52,0.0
20160901:0810,318.0,120.0,0.0,28.98,18.91,1.52,0.0
20160901:0910,463.01,124.0,0.0,37.61,20.81,1.24,0.0
20160901:1010,545.01,141.0,0.0,44.58,22.61,0.97,0.0
20160901:1110,627.01,131.0,0.0,48.86,24.05,0.97,0.0
20160901:1210,627.01,136.0,0.0,49.51,25.08,1.17,0.0
20160901:1310,537.01,163.0,0.0,46.34,26.08,1.79,0.0
20160901:1410,410.01,182.0,0.0,40.13,26.57,2.69,0.0
20160901:1510,369.0,122.0,0.0,31.95,26.54,2.69,0.0
20160901:1610,241.0,96.0,0.0,22.65,26.28,2.55,0.0
20160901:1710,63.0,84.0,0.0,12.85,26.03,2.55,0.0
20160901:1810,0.0,14.0,0.0,2.97,25.09,1.93,0.0
20160901:1910,0.0,0.0,0.0,0.0,23.36,2.0,0.0
20160901:2010,0.0,0.0,0.0,0.0,21.8,2.28,0.0
20160901:2110,0.0,0.0,0.0,0.0,20.49,2.41,0.0
20160901:2210,0.0,0.0,0.0,0.0,19.44,2.34,0.0
20160901:2310,0.0,0.0,0.0,0.0,18.62,2.21,0.0
20160902:0010,0.0,0.0,0.0,0.0,17.86,1.86,0.0
20160902:0110,0.0,0.0,0.0,0.0,17.02,1.66,0.0
20160902:0210,0.0,0.0,0.0,0.0,16.12,1.45,0.0
20160902:0310,0.0,0.0,0.0,0.0,15.96,1.17,0.0
20160902:0410,0.0,0.0,0.0,0.0,15.87,1.03,0.0
20160902:0510,0.0,0.0,0.0,0.0,15.49,1.03,0.0
20160902:0610,60.0,51.0,0.0,9.37,15.22,0.97,0.0
20160902:0710,106.0,128.0,0.0,19.24,17.45,0.69,0.0
20160902:0810,265.0,148.0,0.0,28.74,20.27,0.55,0.0
20160902:0910,127.0,284.0,0.0,37.34,22.78,0.62,0.0
20160902:1010,145.0,334.0,0.0,44.28,24.95,0.97,0.0
20160902:1110,605.01,140.0,0.0,48.52,26.5,1.59,0.0
20160902:1210,381.01,277.0,0.0,49.14,27.5,2.14,0.0
20160902:1310,304.0,290.0,0.0,45.97,28.16,2.41,0.0
20160902:1410,445.01,157.0,0.0,39.78,28.57,2.62,0.0
20160902:1510,83.0,245.0,0.0,31.61,28.61,2.69,0.0
20160902:1610,40.0,168.0,0.0,22.32,28.49,2.69,0.0
20160902:1710,6.0,77.0,0.0,12.52,28.04,2.34,0.0
20160902:1810,0.0,10.0,0.0,2.64,26.73,1.93,0.0
20160902:1910,0.0,0.0,0.0,0.0,25.16,2.28,0.0
20160902:2010,0.0,0.0,0.0,0.0,23.84,2.41,0.0
20160902:2110,0.0,0.0,0.0,0.0,22.7,2.62,0.0
20160902:2210,0.0,0.0,0.0,0.0,21.62,2.48,0.0
20160902:2310,0.0,0.0,0.0,0.0,20.53,2.41,0.0
20160903:0010,0.0,0.0,0.0,0.0,19.55,2.62,0.0
20160903:0110,0.0,0.0,0.0,0.0,18.72,2.76,0.0
20160903:0210,0.0,0.0,0.0,0.0,18.08,2.76,0.0
20160903:0310,0.0,0.0,0.0,0.0,17.41,2.55,0.0
20160903:0410,0.0,0.0,0.0,0.0,16.95,2.34,0.0
20160903:0510,0.0,0.0,0.0,0.0,16.54,2.28,0.0
20160903:0610,31.0,59.0,0.0,9.15,16.53,2.07,0.0
20160903:0710,89.0,131.0,0.0,19.02,17.6,1.59,0.0
20160903:0810,89.0,216.0,0.0,28.51,18.93,1.59,0.0
20160903:0910,161.0,271.0,0.0,37.08,20.38,1.03,0.0
20160903:1010,241.0,299.0,0.0,43.97,21.86,0.97,0.0
20160903:1110,493.01,202.0,0.0,48.17,23.51,1.66,0.0
20160903:1210,626.01,129.0,0.0,48.77,25.1,2.55,0.0
20160903:1310,584.01,126.0,0.0,45.6,26.39,3.03,0.0
20160903:1410,490.01,124.0,0.0,39.42,27.2,3.31,0.0
20160903:1510,364.0,116.0,0.0,31.27,27.6,3.31,0.0
20160903:1610,239.0,90.0,0.0,21.99,27.65,3.17,0.0
20160903:1710,84.0,68.0,0.0,12.19,27.33,2.9,0.0
20160903:1810,0.0,9.0,0.0,2.31,26.22,1.93,0.0
20160903:1910,0.0,0.0,0.0,0.0,24.64,2.21,0.0
20160903:2010,0.0,0.0,0.0,0.0,23.31,2.34,0.0
20160903:2110,0.0,0.0,0.0,0.0,22.24,2.41,0.0
20160903:2210,0.0,0.0,0.0,0.0,21.4,2.41,0.0
20160903:2310,0.0,0.0,0.0,0.0,20.96,2.55,0.0
20160904:0010,0.0,0.0,0.0,0.0,20.87,2.76,0.0
20160904:0110,0.0,0.0,0.0,0.0,20.95,2.97,0.0
20160904:0210,0.0,0.0,0.0,0.0,20.52,1.86,0.0
20160904:0310,0.0,0.0,0.0,0.0,20.12,2.21,0.0
20160904:0410,0.0,0.0,0.0,0.0,19.53,2.76,0.0
20160904:0510,0.0,0.0,0.0,0.0,19.34,3.1,0.0
20160904:0610,0.0,34.0,0.0,8.93,19.34,3.17,0.0
20160904:0710,3.0,106.0,0.0,18.8,19.77,3.45,0.0
20160904:0810,0.0,136.0,0.0,28.27,20.5,4.07,0.0
20160904:0910,0.0,162.0,0.0,36.81,21.09,5.03,0.0
20160904:1010,0.0,170.0,0.0,43.67,21.42,5.52,0.0
20160904:1110,0.0,154.0,0.0,47.83,21.25,5.59,0.0
20160904:1210,0.0,223.0,0.0,48.39,20.59,5.86,0.0
20160904:1310,0.0,131.0,0.0,45.22,20.04,5.59,0.0
20160904:1410,0.0,108.0,0.0,39.06,19.93,4.28,0.0
20160904:1510,0.0,114.0,0.0,30.92,20.07,3.66,0.0
20160904:1610,0.0,70.0,0.0,21.66,20.29,4.0,0.0
20160904:1710,4.0,68.0,0.0,11.86,20.16,3.38,0.0
20160904:1810,0.0,4.0,0.0,1.98,19.94,3.1,0.0
20160904:1910,0.0,0.0,0.0,0.0,19.49,2.34,0.0
20160904:2010,0.0,0.0,0.0,0.0,19.13,2.55,0.0
20160904:2110,0.0,0.0,0.0,0.0,18.87,2.34,0.0
20160904:2210,0.0,0.0,0.0,0.0,18.46,1.66,0.0
20160904:2310,0.0,0.0,0.0,0.0,18.2,1.31,0.0
20160905:0010,0.0,0.0,0.0,0.0,18.01,1.59,0.0
20160905:0110,0.0,0.0,0.0,0.0,17.78,1.59,0.0
20160905:0210,0.0,0.0,0.0,0.0,17.58,1.38,0.0
20160905:0310,0.0,0.0,0.0,0.0,17.13,0.9,0.0
20160905:0410,0.0,0.0,0.0,0.0,16.83,0.41,0.0
20160905:0510,0.0,0.0,0.0,0.0,16.95,0.34,0.0
20160905:0610,1.0,40.0,0.0,8.72,16.84,0.48,0.0
20160905:0710,5.0,112.0,0.0,18.57,16.82,1.17,0.0
20160905:0810,9.0,179.0,0.0,28.03,17.3,1.72,0.0
20160905:0910,0.0,105.0,0.0,36.55,17.7,1.86,0.0
20160905:1010,0.0,150.0,0.0,43.36,18.2,2.0,0.0
20160905:1110,0.0,190.0,0.0,47.48,18.92,2.28,0.0
20160905:1210,0.0,140.0,0.0,48.02,19.98,2.69,0.0
20160905:1310,0.0,166.0,0.0,44.85,21.14,2.34,0.0
20160905:1410,0.0,119.0,0.0,38.69,21.91,1.66,0.0
20160905:1510,18.0,211.0,0.0,30.57,22.15,1.03,0.0
20160905:1610,19.0,148.0,0.0,21.32,22.34,0.76,0.0
20160905:1710,5.0,68.0,0.0,11.53,21.88,0.14,0.0
20160905:1810,0.0,3.0,0.0,1.64,21.5,0.21,0.0
20160905:1910,0.0,0.0,0.0,0.0,20.71,1.1,0.0
20160905:2010,0.0,0.0,0.0,0.0,20.59,1.38,0.0
20160905:2110,0.0,0.0,0.0,0.0,20.38,1.72,0.0
20160905:2210,0.0,0.0,0.0,0.0,20.18,2.0,0.0
20160905:2310,0.0,0.0,0.0,0.0,19.89,2.0,0.0
20160906:0010,0.0,0.0,0.0,0.0,19.59,1.79,0.0
20160906:0110,0.0,0.0,0.0,0.0,19.32,1.52,0.0
20160906:0210,0.0,0.0,0.0,0.0,19.1,1.31,0.0
20160906:0310,0.0,0.0,0.0,0.0,19.0,1.24,0.0
20160906:0410,0.0,0.0,0.0,0.0,18.76,1.24,0.0
20160906:0510,0.0,0.0,0.0,0.0,18.71,1.24,0.0
20160906:0610,4.0,48.0,0.0,8.5,18.67,1.1,0.0
20160906:0710,33.0,133.0,0.0,18.35,19.14,1.72,0.0
20160906:0810,6.0,168.0,0.0,27.79,19.89,1.79,0.0
20160906:0910,0.0,165.0,0.0,36.28,20.47,1.66,0.0
20160906:1010,0.0,192.0,0.0,43.05,21.19,1.72,0.0
20160906:1110,41.0,333.0,0.0,47.13,21.77,1.79,0.0
20160906:1210,20.0,313.0,0.0,47.64,22.46,1.93,0.0
20160906:1310,0.0,144.0,0.0,44.47,23.46,1.86,0.0
20160906:1410,0.0,107.0,0.0,38.32,23.91,1.86,0.0
20160906:1510,38.0,225.0,0.0,30.22,24.26,2.14,0.0
20160906:1610,19.0,147.0,0.0,20.98,24.2,2.41,0.0
20160906:1710,25.0,76.0,0.0,11.19,24.0,2.48,0.0
20160906:1810,0.0,0.0,0.0,0.0,23.35,2.14,0.0
20160906:1910,0.0,0.0,0.0,0.0,21.75,2.07,0.0
20160906:2010,0.0,0.0,0.0,0.0,20.96,2.28,0.0
20160906:2110,0.0,0.0,0.0,0.0,20.52,2.34,0.0
20160906:2210,0.0,0.0,0.0,0.0,19.91,2.41,0.0
20160906:2310,0.0,0.0,0.0,0.0,19.41,2.34,0.0
20160907:0010,0.0,0.0,0.0,0.0,18.59,2.34,0.0
20160907:0110,0.0,0.0,0.0,0.0,17.88,2.34,0.0
20160907:0210,0.0,0.0,0.0,0.0,17.07,2.48,0.0
20160907:0310,0.0,0.0,0.0,0.0,16.4,2.55,0.0
20160907:0410,0.0,0.0,0.0,0.0,15.82,2.48,0.0
20160907:0510,0.0,0.0,0.0,0.0,15.25,2.48,0.0
20160907:0610,56.0,44.0,0.0,8.28,15.03,2.34,0.0
20160907:0710,0.0,0.0,0.0,0.0,16.92,2.34,0.0
20160907:0810,337.0,100.0,0.0,27.55,19.51,2.76,0.0
20160907:0910,453.01,121.0,0.0,36.0,21.88,2.76,0.0
20160907:1010,551.01,129.0,0.0,42.74,23.91,2.97,0.0
20160907:1110,632.01,120.0,0.0,46.77,25.42,3.24,0.0
20160907:1210,648.01,115.0,0.0,47.26,26.52,3.45,0.0
20160907:1310,602.01,114.0,0.0,44.08,27.36,3.59,0.0
20160907:1410,503.01,113.0,0.0,37.96,27.79,3.66,0.0
20160907:1510,380.01,102.0,0.0,29.86,27.89,3.59,0.0
20160907:1610,229.0,86.0,0.0,20.63,27.58,3.45,0.0
20160907:1710,65.0,65.0,0.0,10.85,26.84,3.1,0.0
20160907:1810,0.0,0.0,0.0,0.0,25.05,2.76,0.0
20160907:1910,0.0,0.0,0.0,0.0,23.4,1.79,0.0
20160907:2010,0.0,0.0,0.0,0.0,21.49,1.52,0.0
20160907:2110,0.0,0.0,0.0,0.0,19.98,1.38,0.0
20160907:2210,0.0,0.0,0.0,0.0,19.21,1.24,0.0
20160907:2310,0.0,0.0,0.0,0.0,18.66,1.17,0.0
20160908:0010,0.0,0.0,0.0,0.0,17.24,1.31,0.0
20160908:0110,0.0,0.0,0.0,0.0,15.75,1.66,0.0
20160908:0210,0.0,0.0,0.0,0.0,14.84,0.0,0.0
20160908:0310,0.0,0.0,0.0,0.0,14.35,0.0,0.0
20160908:0410,0.0,0.0,0.0,0.0,14.08,2.07,0.0
20160908:0510,0.0,0.0,0.0,0.0,14.0,2.21,0.0
20160908:0610,41.0,47.0,0.0,8.06,14.53,2.34,0.0
20160908:0710,173.0,83.0,0.0,17.9,17.67,2.28,0.0
20160908:0810,313.0,107.0,0.0,27.3,21.1,3.17,0.0
20160908:0910,447.01,118.0,0.0,35.73,23.04,3.93,0.0
20160908:1010,545.01,126.0,0.0,42.42,24.16,4.0,0.0
20160908:1110,634.01,112.0,0.0,46.42,25.12,4.0,0.0
20160908:1210,548.01,165.0,0.0,46.88,25.73,4.28,0.0
20160908:1310,499.01,166.0,0.0,43.7,25.99,4.62,0.0
20160908:1410,111.0,291.0,0.0,37.58,25.84,4.83,0.0
20160908:1510,306.0,136.0,0.0,29.51,25.48,4.83,0.0
20160908:1610,199.0,95.0,0.0,20.29,24.54,4.62,0.0
20160908:1710,47.0,68.0,0.0,10.51,23.41,4.14,0.0
20160908:1810,0.0,0.0,0.0,0.0,22.04,3.38,0.0
20160908:1910,0.0,0.0,0.0,0.0,20.46,2.55,0.0
20160908:2010,0.0,0.0,0.0,0.0,19.22,2.34,0.0
20160908:2110,0.0,0.0,0.0,0.0,18.14,2.21,0.0
20160908:2210,0.0,0.0,0.0,0.0,17.14,2.0,0.0
20160908:2310,0.0,0.0,0.0,0.0,16.0,1.79,0.0
20160909:0010,0.0,0.0,0.0,0.0,14.84,1.72,0.0
20160909:0110,0.0,0.0,0.0,0.0,13.98,1.66,0.0
20160909:0210,0.0,0.0,0.0,0.0,13.39,1.59,0.0
20160909:0310,0.0,0.0,0.0,0.0,12.88,1.59,0.0
20160909:0410,0.0,0.0,0.0,0.0,12.61,1.52,0.0
20160909:0510,0.0,0.0,0.0,0.0,12.51,1.38,0.0
20160909:0610,48.0,43.0,0.0,7.84,12.41,1.38,0.0
20160909:0710,180.0,79.0,0.0,17.67,15.25,1.1,0.0
20160909:0810,318.0,104.0,0.0,27.06,18.19,1.79,0.0
20160909:0910,436.01,123.0,0.0,35.45,20.2,2.21,0.0
20160909:1010,532.01,133.0,0.0,42.1,21.77,2.28,0.0
20160909:1110,594.01,133.0,0.0,46.06,23.01,2.14,0.0
20160909:1210,561.01,157.0,0.0,46.5,23.87,2.0,0.0
20160909:1310,565.01,126.0,0.0,43.32,24.51,1.79,0.0
20160909:1410,476.01,119.0,0.0,37.21,24.96,1.66,0.0
20160909:1510,352.01,108.0,0.0,29.15,25.12,1.59,0.0
20160909:1610,201.0,92.0,0.0,19.94,24.97,1.31,0.0
20160909:1710,54.0,63.0,0.0,10.17,24.56,1.1,0.0
20160909:1810,0.0,0.0,0.0,0.0,23.55,1.24,0.0
20160909:1910,0.0,0.0,0.0,0.0,21.47,2.0,0.0
20160909:2010,0.0,0.0,0.0,0.0,19.89,2.07,0.0
20160909:2110,0.0,0.0,0.0,0.0,18.79,2.28,0.0
20160909:2210,0.0,0.0,0.0,0.0,17.97,2.34,0.0
20160909:2310,0.0,0.0,0.0,0.0,17.23,2.21,0.0
20160910:0010,0.0,0.0,0.0,0.0,16.29,2.07,0.0
20160910:0110,0.0,0.0,0.0,0.0,15.41,2.0,0.0
20160910:0210,0.0,0.0,0.0,0.0,14.69,1.93,0.0
20160910:0310,0.0,0.0,0.0,0.0,13.98,1.79,0.0
20160910:0410,0.0,0.0,0.0,0.0,13.47,1.72,0.0
20160910:0510,0.0,0.0,0.0,0.0,12.96,1.72,0.0
20160910:0610,44.0,42.0,0.0,7.62,12.77,1.59,0.0
20160910:0710,174.0,79.0,0.0,17.44,15.46,0.9,0.0
20160910:0810,318.0,101.0,0.0,26.81,18.58,0.69,0.0
20160910:0910,437.01,120.0,0.0,35.18,21.03,0.97,0.0
20160910:1010,541.01,125.0,0.0,41.79,23.02,1.72,0.0
20160910:1110,580.01,137.0,0.0,45.7,24.3,2.48,0.0
20160910:1210,586.01,137.0,0.0,46.11,25.14,2.9,0.0
20160910:1310,504.01,158.0,0.0,42.93,25.64,3.03,0.0
20160910:1410,357.01,185.0,0.0,36.84,25.97,3.24,0.0
20160910:1510,136.0,212.0,0.0,28.79,25.97,3.45,0.0
20160910:1610,70.0,146.0,0.0,19.59,25.61,3.72,0.0
20160910:1710,77.0,51.0,0.0,9.83,24.95,3.03,0.0
20160910:1810,0.0,0.0,0.0,0.0,23.76,1.79,0.0
20160910:1910,0.0,0.0,0.0,0.0,22.36,2.0,0.0
20160910:2010,0.0,0.0,0.0,0.0,21.36,1.93,0.0
20160910:2110,0.0,0.0,0.0,0.0,20.38,2.07,0.0
20160910:2210,0.0,0.0,0.0,0.0,19.8,2.14,0.0
20160910:2310,0.0,0.0,0.0,0.0,19.46,2.21,0.0
20160911:0010,0.0,0.0,0.0,0.0,19.11,2.07,0.0
20160911:0110,0.0,0.0,0.0,0.0,19.1,2.0,0.0
20160911:0210,0.0,0.0,0.0,0.0,18.89,1.86,0.0
20160911:0310,0.0,0.0,0.0,0.0,18.78,1.59,0.0
20160911:0410,0.0,0.0,0.0,0.0,18.83,1.45,0.0
20160911:0510,0.0,0.0,0.0,0.0,18.71,1.31,0.0
20160911:0610,9.0,45.0,0.0,7.39,18.73,1.17,0.0
20160911:0710,49.0,124.0,0.0,17.21,19.2,0.76,0.0
20160911:0810,62.0,202.0,0.0,26.56,19.81,0.62,0.0
20160911:0910,10.0,225.0,0.0,34.9,20.62,1.03,0.0
20160911:1010,0.0,128.0,0.0,41.47,21.58,1.59,0.0
20160911:1110,2.0,239.0,0.0,45.34,22.63,1.79,0.0
20160911:1210,117.0,345.0,0.0,45.73,23.77,2.14,0.0
20160911:1310,45.0,311.0,0.0,42.54,24.6,2.41,0.0
20160911:1410,136.0,272.0,0.0,36.46,25.07,2.62,0.0
20160911:1510,33.0,210.0,0.0,28.43,25.15,2.55,0.0
20160911:1610,21.0,136.0,0.0,19.24,25.1,2.07,0.0
20160911:1710,1.0,45.0,0.0,9.48,24.91,1.31,0.0
20160911:1810,0.0,0.0,0.0,0.0,24.19,0.34,0.0
20160911:1910,0.0,0.0,0.0,0.0,21.99,1.79,0.0
20160911:2010,0.0,0.0,0.0,0.0,21.5,1.79,0.0
20160911:2110,0.0,0.0,0.0,0.0,21.26,1.93,0.0
20160911:2210,0.0,0.0,0.0,0.0,21.11,2.07,0.0
20160911:2310,0.0,0.0,0.0,0.0,21.04,2.21,0.0
20160912:0010,0.0,0.0,0.0,0.0,20.63,2.41,0.0
20160912:0110,0.0,0.0,0.0,0.0,20.35,2.34,0.0
20160912:0210,0.0,0.0,0.0,0.0,20.0,2.07,0.0
20160912:0310,0.0,0.0,0.0,0.0,19.55,1.86,0.0
20160912:0410,0.0,0.0,0.0,0.0,18.89,1.86,0.0
20160912:0510,0.0,0.0,0.0,0.0,18.26,2.0,0.0
20160912:0610,31.0,41.0,0.0,7.17,18.34,1.93,0.0
20160912:0710,143.0,85.0,0.0,16.98,19.22,1.45,0.0
20160912:0810,255.0,124.0,0.0,26.31,21.84,1.59,0.0
20160912:0910,234.0,218.0,0.0,34.62,24.25,2.07,0.0
20160912:1010,477.01,145.0,0.0,41.14,26.36,2.69,0.0
20160912:1110,562.01,131.0,0.0,44.97,27.1,2.62,0.0
20160912:1210,567.01,131.0,0.0,45.34,28.39,2.28,0.0
20160912:1310,537.01,122.0,0.0,42.15,29.41,2.21,0.0
20160912:1410,430.01,125.0,0.0,36.08,29.96,2.21,0.0
20160912:1510,42.0,210.0,0.0,28.07,30.05,2.21,0.0
20160912:1610,0.0,60.0,0.0,18.89,29.82,2.34,0.0
20160912:1710,0.0,9.0,0.0,9.14,28.56,1.52,0.0
20160912:1810,0.0,0.0,0.0,0.0,27.25,1.38,0.0
20160912:1910,0.0,0.0,0.0,0.0,26.5,1.79,0.0
20160912:2010,0.0,0.0,0.0,0.0,25.28,2.21,0.0
20160912:2110,0.0,0.0,0.0,0.0,24.59,2.34,0.0
20160912:2210,0.0,0.0,0.0,0.0,24.43,2.62,0.0
20160912:2310,0.0,0.0,0.0,0.0,24.23,2.76,0.0
20160913:0010,0.0,0.0,0.0,0.0,23.98,2.83,0.0
20160913:0110,0.0,0.0,0.0,0.0,23.29,2.83,0.0
20160913:0210,0.0,0.0,0.0,0.0,22.69,2.76,0.0
20160913:0310,0.0,0.0,0.0,0.0,21.94,2.76,0.0
20160913:0410,0.0,0.0,0.0,0.0,21.58,2.69,0.0
20160913:0510,0.0,0.0,0.0,0.0,21.16,2.62,0.0
20160913:0610,2.0,34.0,0.0,6.95,20.96,2.55,0.0
20160913:0710,31.0,121.0,0.0,16.75,21.98,2.41,0.0
20160913:0810,166.0,169.0,0.0,26.06,23.9,3.1,0.0
20160913:0910,380.01,137.0,0.0,34.33,26.16,3.66,0.0
20160913:1010,551.01,104.0,0.0,40.82,28.02,3.79,0.0
20160913:1110,471.01,184.0,0.0,44.61,29.57,4.28,0.0
20160913:1210,327.01,268.0,0.0,44.95,30.81,4.76,0.0
20160913:1310,490.01,146.0,0.0,41.76,31.8,5.24,0.0
20160913:1410,400.01,140.0,0.0,35.7,32.26,5.52,0.0
20160913:1510,28.0,202.0,0.0,27.7,32.06,5.45,0.0
20160913:1610,192.0,80.0,0.0,18.54,31.32,4.9,0.0
20160913:1710,12.0,56.0,0.0,8.79,30.07,4.0,0.0
20160913:1810,0.0,0.0,0.0,0.0,28.13,3.66,0.0
20160913:1910,0.0,0.0,0.0,0.0,26.82,3.38,0.0
20160913:2010,0.0,0.0,0.0,0.0,26.09,3.93,0.0
20160913:2110,0.0,0.0,0.0,0.0,25.56,4.14,0.0
20160913:2210,0.0,0.0,0.0,0.0,25.02,4.14,0.0
20160913:2310,0.0,0.0,0.0,0.0,24.58,4.34,0.0
20160914:0010,0.0,0.0,0.0,0.0,24.47,4.48,0.0
20160914:0110,0.0,0.0,0.0,0.0,24.14,4.41,0.0
20160914:0210,0.0,0.0,0.0,0.0,23.72,4.21,0.0
20160914:0310,0.0,0.0,0.0,0.0,23.15,3.86,0.0
20160914:0410,0.0,0.0,0.0,0.0,22.31,3.45,0.0
20160914:0510,0.0,0.0,0.0,0.0,21.14,3.03,0.0
20160914:0610,5.0,39.0,0.0,6.72,20.11,2.76,0.0
20160914:0710,8.0,106.0,0.0,16.52,19.44,2.76,0.0
20160914:0810,278.0,107.0,0.0,25.81,20.82,2.62,0.0
20160914:0910,386.01,132.0,0.0,34.05,22.33,2.21,0.0
20160914:1010,475.01,143.0,0.0,40.49,23.87,1.79,0.0
20160914:1110,551.01,134.0,0.0,44.24,25.29,1.59,0.0
20160914:1210,548.01,138.0,0.0,44.56,26.48,1.86,0.0
20160914:1310,379.01,209.0,0.0,41.37,27.42,2.41,0.0
20160914:1410,192.0,246.0,0.0,35.32,27.93,2.62,0.0
20160914:1510,200.0,167.0,0.0,27.33,28.11,2.55,0.0
20160914:1610,11.0,121.0,0.0,18.18,27.94,2.41,0.0
20160914:1710,0.0,25.0,0.0,8.44,27.49,2.21,0.0
20160914:1810,0.0,0.0,0.0,0.0,26.24,2.0,0.0
20160914:1910,0.0,0.0,0.0,0.0,24.32,2.28,0.0
20160914:2010,0.0,0.0,0.0,0.0,23.43,2.55,0.0
20160914:2110,0.0,0.0,0.0,0.0,22.73,2.83,0.0
20160914:2210,0.0,0.0,0.0,0.0,22.55,2.83,0.0
20160914:2310,0.0,0.0,0.0,0.0,22.28,2.62,0.0
20160915:0010,0.0,0.0,0.0,0.0,21.93,1.93,0.0
20160915:0110,0.0,0.0,0.0,0.0,21.5,1.17,0.0
20160915:0210,0.0,0.0,0.0,0.0,21.35,0.55,0.0
20160915:0310,0.0,0.0,0.0,0.0,20.49,0.76,0.0
20160915:0410,0.0,0.0,0.0,0.0,19.56,2.21,0.0
20160915:0510,0.0,0.0,0.0,0.0,18.66,2.9,0.0
20160915:0610,9.0,38.0,0.0,6.49,18.01,2.83,0.0
20160915:0710,0.0,35.0,0.0,16.28,17.66,2.41,0.0
20160915:0810,1.0,132.0,0.0,25.56,17.9,2.55,0.0
20160915:0910,0.0,144.0,0.0,33.76,18.22,2.62,0.0
20160915:1010,47.0,299.0,0.0,40.17,18.37,2.76,0.0
20160915:1110,0.0,206.0,0.0,43.88,18.61,2.69,0.0
20160915:1210,7.0,265.0,0.0,44.17,19.61,2.76,0.0
20160915:1310,15.0,272.0,0.0,40.97,20.59,3.03,0.0
20160915:1410,11.0,227.0,0.0,34.94,20.94,3.45,0.0
20160915:1510,16.0,187.0,0.0,26.97,20.92,3.52,0.0
20160915:1610,60.0,129.0,0.0,17.83,20.8,3.24,0.0
20160915:1710,8.0,50.0,0.0,8.09,20.49,2.76,0.0
20160915:1810,0.0,0.0,0.0,0.0,19.76,2.21,0.0
20160915:1910,0.0,0.0,0.0,0.0,17.47,2.28,0.0
20160915:2010,0.0,0.0,0.0,0.0,16.87,2.28,0.0
20160915:2110,0.0,0.0,0.0,0.0,16.49,2.28,0.0
20160915:2210,0.0,0.0,0.0,0.0,16.14,2.28,0.0
20160915:2310,0.0,0.0,0.0,0.0,15.85,2.34,0.0
20160916:0010,0.0,0.0,0.0,0.0,15.53,2.34,0.0
20160916:0110,0.0,0.0,0.0,0.0,15.24,2.34,0.0
20160916:0210,0.0,0.0,0.0,0.0,14.73,2.34,0.0
20160916:0310,0.0,0.0,0.0,0.0,14.76,2.28,0.0
20160916:0410,0.0,0.0,0.0,0.0,14.78,2.34,0.0
20160916:0510,0.0,0.0,0.0,0.0,14.4,2.48,0.0
20160916:0610,29.0,35.0,0.0,6.27,14.29,2.62,0.0
20160916:0710,134.0,83.0,0.0,16.05,14.89,2.48,0.0
20160916:0810,160.0,166.0,0.0,25.3,16.35,2.97,0.0
20160916:0910,54.0,257.0,0.0,33.48,17.98,3.52,0.0
20160916:1010,324.01,228.0,0.0,39.84,19.39,4.14,0.0
20160916:1110,236.0,301.0,0.0,43.51,20.55,5.1,0.0
20160916:1210,288.01,281.0,0.0,43.77,21.0,5.86,0.0
20160916:1310,311.01,241.0,0.0,40.58,19.69,6.14,0.0
20160916:1410,280.0,201.0,0.0,34.56,18.56,5.24,0.0
20160916:1510,0.0,67.0,0.0,26.6,18.28,5.03,0.0
20160916:1610,0.0,52.0,0.0,17.47,17.55,3.79,0.0
20160916:1710,0.0,30.0,0.0,7.74,16.69,3.52,0.0
20160916:1810,0.0,0.0,0.0,0.0,15.86,5.45,0.0
20160916:1910,0.0,0.0,0.0,0.0,15.38,5.93,0.0
20160916:2010,0.0,0.0,0.0,0.0,14.92,5.79,0.0
20160916:2110,0.0,0.0,0.0,0.0,14.51,5.03,0.0
20160916:2210,0.0,0.0,0.0,0.0,14.22,4.62,0.0
20160916:2310,0.0,0.0,0.0,0.0,14.03,4.34,0.0
20160917:0010,0.0,0.0,0.0,0.0,13.9,4.14,0.0
20160917:0110,0.0,0.0,0.0,0.0,13.72,4.07,0.0
20160917:0210,0.0,0.0,0.0,0.0,13.41,3.93,0.0
20160917:0310,0.0,0.0,0.0,0.0,13.23,3.79,0.0
20160917:0410,0.0,0.0,0.0,0.0,13.17,3.79,0.0
20160917:0510,0.0,0.0,0.0,0.0,12.98,3.79,0.0
20160917:0610,31.0,33.0,0.0,6.04,13.09,3.72,0.0
20160917:0710,41.0,116.0,0.0,15.81,13.7,3.38,0.0
20160917:0810,129.0,178.0,0.0,25.04,14.82,4.76,0.0
20160917:0910,0.0,103.0,0.0,33.19,15.99,5.24,0.0
20160917:1010,0.0,185.0,0.0,39.51,16.76,5.03,0.0
20160917:1110,0.0,87.0,0.0,43.14,17.16,4.9,0.0
20160917:1210,0.0,158.0,0.0,43.38,17.63,5.24,0.0
20160917:1310,0.0,119.0,0.0,40.18,17.7,5.38,0.0
20160917:1410,0.0,91.0,0.0,34.17,17.55,5.1,0.0
20160917:1510,0.0,93.0,0.0,26.23,17.09,4.69,0.0
20160917:1610,72.0,122.0,0.0,17.11,16.87,4.62,0.0
20160917:1710,27.0,46.0,0.0,7.39,16.54,3.66,0.0
20160917:1810,0.0,0.0,0.0,0.0,16.18,3.24,0.0
20160917:1910,0.0,0.0,0.0,0.0,15.7,1.93,0.0
20160917:2010,0.0,0.0,0.0,0.0,15.57,1.24,0.0
20160917:2110,0.0,0.0,0.0,0.0,15.41,1.24,0.0
20160917:2210,0.0,0.0,0.0,0.0,15.16,1.24,0.0
20160917:2310,0.0,0.0,0.0,0.0,14.88,0.97,0.0
20160918:0010,0.0,0.0,0.0,0.0,14.54,1.1,0.0
20160918:0110,0.0,0.0,0.0,0.0,14.24,1.59,0.0
20160918:0210,0.0,0.0,0.0,0.0,13.72,1.45,0.0
20160918:0310,0.0,0.0,0.0,0.0,12.96,1.45,0.0
20160918:0410,0.0,0.0,0.0,0.0,12.51,1.86,0.0
20160918:0510,0.0,0.0,0.0,0.0,12.24,2.21,0.0
20160918:0610,1.0,24.0,0.0,5.81,12.38,2.34,0.0
20160918:0710,27.0,112.0,0.0,15.57,13.8,2.69,0.0
20160918:0810,0.0,57.0,0.0,24.78,15.52,3.31,0.0
20160918:0910,0.0,72.0,0.0,32.89,17.15,4.34,0.0
20160918:1010,0.0,132.0,0.0,39.18,18.66,4.97,0.0
20160918:1110,2.0,229.0,0.0,42.77,19.82,5.1,0.0
20160918:1210,40.0,314.0,0.0,42.99,20.76,5.17,0.0
20160918:1310,0.0,168.0,0.0,39.78,21.21,4.9,0.0
20160918:1410,37.0,252.0,0.0,33.79,21.34,4.9,0.0
20160918:1510,126.0,186.0,0.0,25.86,21.12,5.03,0.0
20160918:1610,24.0,121.0,0.0,16.75,20.9,5.24,0.0
20160918:1710,2.0,35.0,0.0,7.03,20.1,4.34,0.0
20160918:1810,0.0,0.0,0.0,0.0,19.12,3.86,0.0
20160918:1910,0.0,0.0,0.0,0.0,18.22,4.21,0.0
20160918:2010,0.0,0.0,0.0,0.0,17.54,4.07,0.0
20160918:2110,0.0,0.0,0.0,0.0,16.99,4.14,0.0
20160918:2210,0.0,0.0,0.0,0.0,16.54,3.93,0.0
20160918:2310,0.0,0.0,0.0,0.0,16.28,3.66,0.0
20160919:0010,0.0,0.0,0.0,0.0,15.92,3.17,0.0
20160919:0110,0.0,0.0,0.0,0.0,15.83,2.83,0.0
20160919:0210,0.0,0.0,0.0,0.0,15.57,2.69,0.0
20160919:0310,0.0,0.0,0.0,0.0,15.24,2.76,0.0
20160919:0410,0.0,0.0,0.0,0.0,15.02,2.76,0.0
20160919:0510,0.0,0.0,0.0,0.0,14.97,2.62,0.0
20160919:0610,0.0,9.0,0.0,5.58,14.81,2.55,0.0
20160919:0710,0.0,0.0,0.0,0.0,15.39,2.48,0.0
20160919:0810,17.0,172.0,0.0,24.52,16.4,2.76,0.0
20160919:0910,0.0,134.0,0.0,32.6,17.11,2.48,0.0
20160919:1010,0.0,148.0,0.0,38.84,18.21,2.55,0.0
20160919:1110,39.0,312.0,0.0,42.4,18.79,2.62,0.0
20160919:1210,192.0,311.0,0.0,42.59,19.55,2.62,0.0
20160919:1310,6.0,240.0,0.0,39.39,19.95,2.76,0.0
20160919:1410,1.0,174.0,0.0,33.4,20.33,3.03,0.0
20160919:1510,4.0,152.0,0.0,25.49,20.41,3.03,0.0
20160919:1610,125.0,93.0,0.0,16.39,20.01,2.76,0.0
20160919:1710,22.0,41.0,0.0,6.68,18.35,2.14,0.0
20160919:1810,0.0,0.0,0.0,0.0,17.4,2.07,0.0
20160919:1910,0.0,0.0,0.0,0.0,17.18,2.28,0.0
20160919:2010,0.0,0.0,0.0,0.0,16.81,2.34,0.0
20160919:2110,0.0,0.0,0.0,0.0,16.41,2.34,0.0
20160919:2210,0.0,0.0,0.0,0.0,16.14,2.21,0.0
20160919:2310,0.0,0.0,0.0,0.0,15.91,2.14,0.0
20160920:0010,0.0,0.0,0.0,0.0,15.69,1.93,0.0
20160920:0110,0.0,0.0,0.0,0.0,15.47,1.79,0.0
20160920:0210,0.0,0.0,0.0,0.0,15.2,1.66,0.0
20160920:0310,0.0,0.0,0.0,0.0,14.97,1.52,0.0
20160920:0410,0.0,0.0,0.0,0.0,14.75,1.45,0.0
20160920:0510,0.0,0.0,0.0,0.0,14.53,1.45,0.0
20160920:0610,0.0,13.0,0.0,5.35,14.09,1.59,0.0
20160920:0710,15.0,104.0,0.0,15.1,14.84,1.66,0.0
20160920:0810,6.0,152.0,0.0,24.26,15.56,1.86,0.0
20160920:0910,0.0,55.0,0.0,32.31,16.45,1.72,0.0
20160920:1010,79.0,301.0,0.0,38.51,17.71,1.72,0.0
20160920:1110,97.0,327.0,0.0,42.02,18.78,1.93,0.0
20160920:1210,0.0,60.0,0.0,42.2,19.54,2.14,0.0
20160920:1310,0.0,118.0,0.0,38.99,20.06,2.21,0.0
20160920:1410,409.01,116.0,0.0,33.02,20.29,2.28,0.0
20160920:1510,0.0,106.0,0.0,25.12,20.2,2.28,0.0
20160920:1610,8.0,106.0,0.0,16.03,19.61,2.55,0.0
20160920:1710,14.0,39.0,0.0,6.33,18.4,2.07,0.0
20160920:1810,0.0,0.0,0.0,0.0,17.34,1.66,0.0
20160920:1910,0.0,0.0,0.0,0.0,16.86,1.17,0.0
20160920:2010,0.0,0.0,0.0,0.0,15.94,1.38,0.0
20160920:2110,0.0,0.0,0.0,0.0,15.24,1.59,0.0
20160920:2210,0.0,0.0,0.0,0.0,14.41,1.72,0.0
20160920:2310,0.0,0.0,0.0,0.0,13.54,1.86,0.0
20160921:0010,0.0,0.0,0.0,0.0,12.75,1.72,0.0
20160921:0110,0.0,0.0,0.0,0.0,12.09,1.38,0.0
20160921:0210,0.0,0.0,0.0,0.0,12.05,1.17,0.0
20160921:0310,0.0,0.0,0.0,0.0,11.49,1.17,0.0
20160921:0410,0.0,0.0,0.0,0.0,10.78,1.24,0.0
20160921:0510,0.0,0.0,0.0,0.0,10.13,1.31,0.0
20160921:0610,20.0,24.21,0.0,5.12,9.79,1.38,0.0
20160921:0710,128.0,77.0,0.0,14.85,10.45,0.34,0.0
20160921:0810,273.01,99.0,0.0,24.0,12.94,0.41,0.0
20160921:0910,399.01,113.0,0.0,32.01,15.88,0.9,0.0
20160921:1010,487.01,125.0,0.0,38.17,18.25,1.59,0.0
20160921:1110,553.01,121.0,0.0,41.65,19.49,1.45,0.0
20160921:1210,540.01,129.0,0.0,41.8,20.29,1.17,0.0
20160921:1310,396.01,184.0,0.0,38.59,20.81,0.97,0.0
20160921:1410,384.01,128.0,0.0,32.63,21.2,0.83,0.0
20160921:1510,263.0,112.0,0.0,24.75,21.28,0.9,0.0
20160921:1610,127.0,87.0,0.0,15.67,21.02,0.9,0.0
20160921:1710,18.0,37.0,0.0,5.97,20.63,0.97,0.0
20160921:1810,0.0,0.0,0.0,0.0,19.31,1.31,0.0
20160921:1910,0.0,0.0,0.0,0.0,17.52,1.38,0.0
20160921:2010,0.0,0.0,0.0,0.0,16.24,1.45,0.0
20160921:2110,0.0,0.0,0.0,0.0,15.3,1.66,0.0
20160921:2210,0.0,0.0,0.0,0.0,14.11,1.72,0.0
20160921:2310,0.0,0.0,0.0,0.0,13.3,1.72,0.0
20160922:0010,0.0,0.0,0.0,0.0,12.9,1.59,0.0
20160922:0110,0.0,0.0,0.0,0.0,12.35,1.52,0.0
20160922:0210,0.0,0.0,0.0,0.0,12.16,1.38,0.0
20160922:0310,0.0,0.0,0.0,0.0,11.91,1.24,0.0
20160922:0410,0.0,0.0,0.0,0.0,11.34,1.31,0.0
20160922:0510,0.0,0.0,0.0,0.0,10.77,1.38,0.0
20160922:0610,7.0,26.31,0.0,4.89,10.27,1.52,0.0
20160922:0710,0.0,0.0,0.0,0.0,11.7,1.03,0.0
20160922:0810,123.0,169.0,0.0,23.74,15.38,0.97,0.0
20160922:0910,281.01,176.0,0.0,31.71,17.84,1.1,0.0
20160922:1010,448.01,143.0,0.0,37.84,19.61,1.38,0.0
20160922:1110,495.01,150.0,0.0,41.27,20.76,1.66,0.0
20160922:1210,156.0,317.0,0.0,41.4,21.45,1.52,0.0
20160922:1310,231.0,264.0,0.0,38.19,21.7,1.31,0.0
20160922:1410,113.0,251.0,0.0,32.24,21.79,1.17,0.0
20160922:1510,72.0,189.0,0.0,24.37,21.74,1.24,0.0
20160922:1610,15.0,108.0,0.0,15.31,21.46,1.31,0.0
20160922:1710,6.0,31.51,0.0,5.62,20.68,1.45,0.0
20160922:1810,0.0,0.0,0.0,0.0,19.42,1.86,0.0
20160922:1910,0.0,0.0,0.0,0.0,18.7,1.86,0.0
20160922:2010,0.0,0.0,0.0,0.0,17.88,1.93,0.0
20160922:2110,0.0,0.0,0.0,0.0,16.94,2.07,0.0
20160922:2210,0.0,0.0,0.0,0.0,16.24,1.93,0.0
20160922:2310,0.0,0.0,0.0,0.0,15.41,1.66,0.0
20160923:0010,0.0,0.0,0.0,0.0,14.6,1.45,0.0
20160923:0110,0.0,0.0,0.0,0.0,14.27,1.1,0.0
20160923:0210,0.0,0.0,0.0,0.0,14.04,0.97,0.0
20160923:0310,0.0,0.0,0.0,0.0,13.91,0.83,0.0
20160923:0410,0.0,0.0,0.0,0.0,13.21,0.9,0.0
20160923:0510,0.0,0.0,0.0,0.0,12.16,1.45,0.0
20160923:0610,2.0,23.56,0.0,4.65,12.35,1.79,0.0
20160923:0710,32.0,105.0,0.0,14.37,14.06,1.24,0.0
20160923:0810,68.0,181.0,0.0,23.47,16.45,1.45,0.0
20160923:0910,25.0,232.0,0.0,31.42,18.22,1.52,0.0
20160923:1010,452.01,137.0,0.0,37.5,19.71,1.59,0.0
20160923:1110,539.01,121.0,0.0,40.9,20.77,1.31,0.0
20160923:1210,541.01,121.0,0.0,41.01,21.34,0.34,0.0
20160923:1310,486.01,122.0,0.0,37.79,21.87,0.55,0.0
20160923:1410,266.01,186.0,0.0,31.86,22.17,1.03,0.0
20160923:1510,102.0,180.0,0.0,24.0,22.14,1.1,0.0
20160923:1610,66.0,105.0,0.0,14.95,21.93,0.83,0.0
20160923:1710,16.0,27.89,0.0,5.27,21.42,0.62,0.0
20160923:1810,0.0,0.0,0.0,0.0,19.84,1.45,0.0
20160923:1910,0.0,0.0,0.0,0.0,18.04,2.14,0.0
20160923:2010,0.0,0.0,0.0,0.0,16.71,2.0,0.0
20160923:2110,0.0,0.0,0.0,0.0,15.53,2.14,0.0
20160923:2210,0.0,0.0,0.0,0.0,14.62,2.28,0.0
20160923:2310,0.0,0.0,0.0,0.0,13.89,2.21,0.0
20160924:0010,0.0,0.0,0.0,0.0,13.35,2.28,0.0
20160924:0110,0.0,0.0,0.0,0.0,12.91,2.28,0.0
20160924:0210,0.0,0.0,0.0,0.0,12.45,2.21,0.0
20160924:0310,0.0,0.0,0.0,0.0,12.06,2.14,0.0
20160924:0410,0.0,0.0,0.0,0.0,11.62,2.28,0.0
20160924:0510,0.0,0.0,0.0,0.0,11.37,2.41,0.0
20160924:0610,14.0,21.66,0.0,4.42,11.25,2.48,0.0
20160924:0710,133.0,69.0,0.0,14.12,12.29,1.93,0.0
20160924:0810,263.01,99.0,0.0,23.2,15.38,2.34,0.0
20160924:0910,373.01,123.0,0.0,31.12,18.14,2.9,0.0
20160924:1010,453.01,141.0,0.0,37.16,20.56,3.66,0.0
20160924:1110,500.01,148.0,0.0,40.52,22.26,4.83,0.0
20160924:1210,482.01,160.0,0.0,40.61,23.13,4.9,0.0
20160924:1310,483.01,126.0,0.0,37.4,23.68,4.48,0.0
20160924:1410,379.01,124.0,0.0,31.47,23.97,4.21,0.0
20160924:1510,271.01,99.0,0.0,23.63,23.97,4.21,0.0
20160924:1610,111.0,86.0,0.0,14.59,23.59,3.86,0.0
20160924:1710,21.0,22.95,0.0,4.91,22.23,3.1,0.0
20160924:1810,0.0,0.0,0.0,0.0,20.12,3.1,0.0
20160924:1910,0.0,0.0,0.0,0.0,18.85,3.31,0.0
20160924:2010,0.0,0.0,0.0,0.0,18.06,3.45,0.0
20160924:2110,0.0,0.0,0.0,0.0,17.4,3.52,0.0
20160924:2210,0.0,0.0,0.0,0.0,16.86,3.59,0.0
20160924:2310,0.0,0.0,0.0,0.0,16.43,3.52,0.0
20160925:0010,0.0,0.0,0.0,0.0,16.05,3.45,0.0
20160925:0110,0.0,0.0,0.0,0.0,15.75,3.52,0.0
20160925:0210,0.0,0.0,0.0,0.0,15.69,3.66,0.0
20160925:0310,0.0,0.0,0.0,0.0,15.74,3.66,0.0
20160925:0410,0.0,0.0,0.0,0.0,15.76,0.0,0.0
20160925:0510,0.0,0.0,0.0,0.0,15.81,0.0,0.0
20160925:0610,8.0,21.15,0.0,4.19,15.78,3.72,0.0
20160925:0710,113.0,74.0,0.0,13.88,16.67,3.38,0.0
20160925:0810,215.0,118.0,0.0,22.93,18.17,3.66,0.0
20160925:0910,0.0,136.0,0.0,30.82,19.36,4.21,0.0
20160925:1010,0.0,53.0,0.0,36.82,20.11,4.62,0.0
20160925:1110,0.0,85.0,0.0,40.15,20.01,4.14,0.0
20160925:1210,0.0,103.0,0.0,40.21,19.16,3.79,0.0
20160925:1310,76.0,292.0,0.0,37.0,18.5,4.0,0.0
20160925:1410,270.01,177.0,0.0,31.08,18.46,4.14,0.0
20160925:1510,95.0,175.0,0.0,23.26,18.98,4.14,0.0
20160925:1610,32.0,104.0,0.0,14.24,18.98,3.59,0.0
20160925:1710,11.0,23.35,0.0,4.56,18.27,2.28,0.0
20160925:1810,0.0,0.0,0.0,0.0,16.97,2.07,0.0
20160925:1910,0.0,0.0,0.0,0.0,15.86,2.0,0.0
20160925:2010,0.0,0.0,0.0,0.0,14.58,2.07,0.0
20160925:2110,0.0,0.0,0.0,0.0,13.48,2.07,0.0
20160925:2210,0.0,0.0,0.0,0.0,12.44,1.93,0.0
20160925:2310,0.0,0.0,0.0,0.0,11.37,1.79,0.0
20160926:0010,0.0,0.0,0.0,0.0,10.93,1.45,0.0
20160926:0110,0.0,0.0,0.0,0.0,10.69,1.38,0.0
20160926:0210,0.0,0.0,0.0,0.0,10.98,1.17,0.0
20160926:0310,0.0,0.0,0.0,0.0,10.71,1.24,0.0
20160926:0410,0.0,0.0,0.0,0.0,10.81,1.31,0.0
20160926:0510,0.0,0.0,0.0,0.0,10.78,1.38,0.0
20160926:0610,0.0,14.0,0.0,3.95,10.54,1.24,0.0
20160926:0710,7.0,88.0,0.0,13.63,11.06,1.1,0.0
20160926:0810,23.0,168.0,0.0,22.67,12.97,1.1,0.0
20160926:0910,13.0,211.0,0.0,30.51,14.35,1.38,0.0
20160926:1010,287.01,225.0,0.0,36.48,16.0,1.52,0.0
20160926:1110,441.01,173.0,0.0,39.77,17.32,2.07,0.0
20160926:1210,318.01,242.0,0.0,39.81,18.2,2.0,0.0
20160926:1310,335.01,202.0,0.0,36.6,18.84,0.83,0.0
20160926:1410,105.0,242.0,0.0,30.7,19.19,0.21,0.0
20160926:1510,47.0,179.0,0.0,22.89,19.13,1.24,0.0
20160926:1610,24.0,102.0,0.0,13.88,18.78,1.45,0.0
20160926:1710,0.0,10.0,0.0,4.21,18.12,1.38,0.0
20160926:1810,0.0,0.0,0.0,0.0,16.64,2.0,0.0
20160926:1910,0.0,0.0,0.0,0.0,15.1,2.48,0.0
20160926:2010,0.0,0.0,0.0,0.0,14.14,2.55,0.0
20160926:2110,0.0,0.0,0.0,0.0,13.55,2.48,0.0
20160926:2210,0.0,0.0,0.0,0.0,12.91,2.41,0.0
20160926:2310,0.0,0.0,0.0,0.0,12.26,2.07,0.0
20160927:0010,0.0,0.0,0.0,0.0,11.54,1.72,0.0
20160927:0110,0.0,0.0,0.0,0.0,10.69,1.45,0.0
20160927:0210,0.0,0.0,0.0,0.0,10.19,1.31,0.0
20160927:0310,0.0,0.0,0.0,0.0,9.63,1.31,0.0
20160927:0410,0.0,0.0,0.0,0.0,8.9,1.38,0.0
20160927:0510,0.0,0.0,0.0,0.0,8.38,1.52,0.0
20160927:0610,11.0,16.63,0.0,3.71,8.26,1.79,0.0
20160927:0710,114.0,68.0,0.0,13.38,10.52,1.59,0.0
20160927:0810,244.01,96.0,0.0,22.39,13.15,1.59,0.0
20160927:0910,347.01,123.0,0.0,30.21,15.14,1.66,0.0
20160927:1010,417.01,145.0,0.0,36.13,16.8,1.86,0.0
20160927:1110,452.01,158.0,0.0,39.39,18.33,2.07,0.0
20160927:1210,444.01,163.0,0.0,39.42,19.66,2.21,0.0
20160927:1310,443.01,130.0,0.0,36.2,20.76,2.28,0.0
20160927:1410,245.01,182.0,0.0,30.31,21.23,2.14,0.0
20160927:1510,132.0,155.0,0.0,22.52,21.41,2.0,0.0
20160927:1610,111.0,71.0,0.0,13.52,21.18,1.86,0.0
20160927:1710,0.0,20.0,0.0,3.86,20.21,1.66,0.0
20160927:1810,0.0,0.0,0.0,0.0,18.74,2.07,0.0
20160927:1910,0.0,0.0,0.0,0.0,17.55,2.41,0.0
20160927:2010,0.0,0.0,0.0,0.0,16.76,2.34,0.0
20160927:2110,0.0,0.0,0.0,0.0,16.29,2.21,0.0
20160927:2210,0.0,0.0,0.0,0.0,15.94,0.0,0.0
20160927:2310,0.0,0.0,0.0,0.0,15.79,0.0,0.0
20160928:0010,0.0,0.0,0.0,0.0,15.58,2.07,0.0
20160928:0110,0.0,0.0,0.0,0.0,15.34,2.41,0.0
20160928:0210,0.0,0.0,0.0,0.0,15.07,2.14,0.0
20160928:0310,0.0,0.0,0.0,0.0,14.88,2.0,0.0
20160928:0410,0.0,0.0,0.0,0.0,14.2,2.21,0.0
20160928:0510,0.0,0.0,0.0,0.0,14.02,2.21,0.0
20160928:0610,8.0,17.16,0.0,3.48,13.64,2.28,0.0
20160928:0710,25.0,93.0,0.0,13.13,15.09,2.0,0.0
20160928:0810,68.0,168.0,0.0,22.12,17.0,2.07,0.0
20160928:0910,0.0,151.0,0.0,29.91,18.65,2.69,0.0
20160928:1010,34.0,266.0,0.0,35.79,20.26,3.38,0.0
20160928:1110,17.0,266.0,0.0,39.02,21.07,3.72,0.0
20160928:1210,73.0,303.0,0.0,39.02,22.04,3.86,0.0
20160928:1310,145.0,271.0,0.0,35.8,22.65,3.66,0.0
20160928:1410,43.0,230.0,0.0,29.92,23.05,3.72,0.0
20160928:1510,153.0,140.0,0.0,22.15,23.14,3.66,0.0
20160928:1610,100.0,72.0,0.0,13.16,22.87,3.52,0.0
20160928:1710,0.0,14.0,0.0,3.5,21.79,2.62,0.0
20160928:1810,0.0,0.0,0.0,0.0,19.99,2.62,0.0
20160928:1910,0.0,0.0,0.0,0.0,18.15,2.62,0.0
20160928:2010,0.0,0.0,0.0,0.0,17.22,2.76,0.0
20160928:2110,0.0,0.0,0.0,0.0,16.5,2.76,0.0
20160928:2210,0.0,0.0,0.0,0.0,15.9,2.76,0.0
20160928:2310,0.0,0.0,0.0,0.0,15.38,2.76,0.0
20160929:0010,0.0,0.0,0.0,0.0,15.09,2.9,0.0
20160929:0110,0.0,0.0,0.0,0.0,14.92,3.03,0.0
20160929:0210,0.0,0.0,0.0,0.0,14.88,3.03,0.0
20160929:0310,0.0,0.0,0.0,0.0,14.73,2.97,0.0
20160929:0410,0.0,0.0,0.0,0.0,14.49,2.83,0.0
20160929:0510,0.0,0.0,0.0,0.0,14.12,2.69,0.0
20160929:0610,3.0,15.38,0.0,3.24,13.87,2.62,0.0
20160929:0710,4.0,75.0,0.0,12.88,14.84,2.97,0.0
20160929:0810,53.0,168.0,0.0,21.85,16.14,4.69,0.0
20160929:0910,4.0,180.0,0.0,29.6,17.27,5.03,0.0
20160929:1010,0.0,127.0,0.0,35.45,18.19,5.17,0.0
20160929:1110,0.0,110.0,0.0,38.64,19.2,5.31,0.0
20160929:1210,10.0,250.0,0.0,38.62,20.16,5.45,0.0
20160929:1310,258.01,225.0,0.0,35.41,21.03,5.72,0.0
20160929:1410,12.0,201.0,0.0,29.54,21.75,6.0,0.0
20160929:1510,133.0,147.0,0.0,21.78,21.87,5.72,0.0
20160929:1610,93.0,72.0,0.0,12.8,21.71,4.76,0.0
20160929:1710,0.0,16.0,0.0,3.16,21.0,3.72,0.0
20160929:1810,0.0,0.0,0.0,0.0,20.1,3.24,0.0
20160929:1910,0.0,0.0,0.0,0.0,18.71,2.48,0.0
20160929:2010,0.0,0.0,0.0,0.0,17.63,2.28,0.0
20160929:2110,0.0,0.0,0.0,0.0,16.98,2.07,0.0
20160929:2210,0.0,0.0,0.0,0.0,16.48,1.86,0.0
20160929:2310,0.0,0.0,0.0,0.0,16.12,1.72,0.0
20160930:0010,0.0,0.0,0.0,0.0,15.84,1.66,0.0
20160930:0110,0.0,0.0,0.0,0.0,15.52,1.72,0.0
20160930:0210,0.0,0.0,0.0,0.0,15.11,1.72,0.0
20160930:0310,0.0,0.0,0.0,0.0,14.91,1.79,0.0
20160930:0410,0.0,0.0,0.0,0.0,14.28,2.28,0.0
20160930:0510,0.0,0.0,0.0,0.0,13.97,2.41,0.0
20160930:0610,5.0,13.95,0.0,3.0,13.42,2.0,0.0
20160930:0710,0.0,27.0,0.0,12.63,13.57,1.59,0.0
20160930:0810,24.0,158.0,0.0,21.58,14.23,1.45,0.0
20160930:0910,30.0,219.0,0.0,29.29,15.15,0.9,0.0
20160930:1010,113.0,274.0,0.0,35.1,16.47,0.48,0.0
20160930:1110,12.0,255.0,0.0,38.26,17.61,1.17,0.0
20160930:1210,0.0,177.0,0.0,38.23,18.45,1.66,0.0
20160930:1310,0.0,111.0,0.0,35.01,19.24,2.14,0.0
20160930:1410,8.0,190.0,0.0,29.16,19.37,2.55,0.0
20160930:1510,0.0,47.0,0.0,21.41,18.8,2.28,0.0
20160930:1610,1.0,61.0,0.0,12.45,17.54,1.52,0.0
20160930:1710,0.0,11.0,0.0,2.81,16.28,1.24,0.0
20160930:1810,0.0,0.0,0.0,0.0,15.29,0.9,0.0
20160930:1910,0.0,0.0,0.0,0.0,14.94,0.62,0.0
20160930:2010,0.0,0.0,0.0,0.0,14.65,1.1,0.0
20160930:2110,0.0,0.0,0.0,0.0,14.09,0.83,0.0
20160930:2210,0.0,0.0,0.0,0.0,13.87,0.9,0.0
20160930:2310,0.0,0.0,0.0,0.0,13.77,1.24,0.0
20161001:0010,0.0,0.0,0.0,0.0,13.32,1.31,0.0
20161001:0110,0.0,0.0,0.0,0.0,12.76,0.69,0.0
20161001:0210,0.0,0.0,0.0,0.0,12.75,0.34,0.0
20161001:0310,0.0,0.0,0.0,0.0,12.19,0.83,0.0
20161001:0410,0.0,0.0,0.0,0.0,12.11,0.76,0.0
20161001:0510,0.0,0.0,0.0,0.0,12.19,0.83,0.0
20161001:0610,6.0,12.72,0.0,2.76,12.43,0.76,0.0
20161001:0710,91.0,69.0,0.0,12.38,12.22,1.24,0.0
20161001:0810,253.01,82.0,0.0,21.3,13.2,1.79,0.0
20161001:0910,60.0,229.0,0.0,28.99,14.81,2.69,0.0
20161001:1010,13.0,236.0,0.0,34.76,16.26,3.72,0.0
20161001:1110,241.01,258.0,0.0,37.88,17.44,4.9,0.0
20161001:1210,178.0,282.0,0.0,37.83,18.07,5.66,0.0
20161001:1310,201.0,245.0,0.0,34.62,18.41,6.07,0.0
20161001:1410,28.0,216.0,0.0,28.77,18.58,6.34,0.0
20161001:1510,18.0,153.0,0.0,21.04,18.37,6.41,0.0
20161001:1610,0.0,56.0,0.0,12.09,17.48,5.79,0.0
20161001:1710,0.0,11.0,0.0,2.46,16.38,4.69,0.0
20161001:1810,0.0,0.0,0.0,0.0,15.52,3.93,0.0
20161001:1910,0.0,0.0,0.0,0.0,14.35,3.45,0.0
20161001:2010,0.0,0.0,0.0,0.0,13.75,3.24,0.0
20161001:2110,0.0,0.0,0.0,0.0,13.11,3.1,0.0
20161001:2210,0.0,0.0,0.0,0.0,12.3,3.1,0.0
20161001:2310,0.0,0.0,0.0,0.0,11.82,3.24,0.0
20161002:0010,0.0,0.0,0.0,0.0,11.28,3.38,0.0
20161002:0110,0.0,0.0,0.0,0.0,10.73,3.52,0.0
20161002:0210,0.0,0.0,0.0,0.0,10.21,3.59,0.0
20161002:0310,0.0,0.0,0.0,0.0,9.76,3.66,0.0
20161002:0410,0.0,0.0,0.0,0.0,9.4,3.66,0.0
20161002:0510,0.0,0.0,0.0,0.0,9.21,3.72,0.0
20161002:0610,1.0,9.83,0.0,2.52,9.13,3.79,0.0
20161002:0710,21.0,87.0,0.0,12.13,10.04,3.66,0.0
20161002:0810,19.0,154.0,0.0,21.02,11.42,4.34,0.0
20161002:0910,0.0,83.0,0.0,28.68,12.97,5.24,0.0
20161002:1010,355.01,170.0,0.0,34.41,14.23,4.55,0.0
20161002:1110,293.01,235.0,0.0,37.51,15.13,4.41,0.0
20161002:1210,280.01,240.0,0.0,37.44,15.82,4.34,0.0
20161002:1310,0.0,97.0,0.0,34.22,16.22,4.21,0.0
20161002:1410,0.0,112.0,0.0,28.39,16.5,3.93,0.0
20161002:1510,247.01,81.0,0.0,20.68,16.43,3.66,0.0
20161002:1610,73.0,73.0,0.0,11.74,16.24,3.1,0.0
20161002:1710,0.0,8.0,0.0,2.11,15.81,2.41,0.0
20161002:1810,0.0,0.0,0.0,0.0,14.35,2.14,0.0
20161002:1910,0.0,0.0,0.0,0.0,12.92,2.21,0.0
20161002:2010,0.0,0.0,0.0,0.0,11.85,2.21,0.0
20161002:2110,0.0,0.0,0.0,0.0,10.92,2.07,0.0
20161002:2210,0.0,0.0,0.0,0.0,9.95,1.79,0.0
20161002:2310,0.0,0.0,0.0,0.0,8.92,1.66,0.0
20161003:0010,0.0,0.0,0.0,0.0,8.12,1.72,0.0
20161003:0110,0.0,0.0,0.0,0.0,7.49,1.72,0.0
20161003:0210,0.0,0.0,0.0,0.0,7.04,1.72,0.0
20161003:0310,0.0,0.0,0.0,0.0,6.7,1.72,0.0
20161003:0410,0.0,0.0,0.0,0.0,6.44,1.66,0.0
20161003:0510,0.0,0.0,0.0,0.0,6.05,1.72,0.0
20161003:0610,0.0,10.0,0.0,2.28,5.82,1.72,0.0
20161003:0710,108.0,58.0,0.0,11.87,6.99,0.9,0.0
20161003:0810,240.01,86.0,0.0,20.75,9.37,0.76,0.0
20161003:0910,349.01,110.0,0.0,28.37,12.08,1.03,0.0
20161003:1010,457.01,110.0,0.0,34.07,14.53,1.79,0.0
20161003:1110,365.01,196.0,0.0,37.13,16.12,2.41,0.0
20161003:1210,269.01,245.0,0.0,37.04,16.95,2.55,0.0
20161003:1310,447.01,114.0,0.0,33.83,17.35,2.41,0.0
20161003:1410,373.01,95.0,0.0,28.01,17.63,2.14,0.0
20161003:1510,234.01,86.0,0.0,20.31,17.6,2.14,0.0
20161003:1610,97.0,59.0,0.0,11.39,17.18,2.21,0.0
20161003:1710,0.0,7.0,0.0,1.77,15.81,2.21,0.0
20161003:1810,0.0,0.0,0.0,0.0,14.0,2.62,0.0
20161003:1910,0.0,0.0,0.0,0.0,13.4,2.55,0.0
20161003:2010,0.0,0.0,0.0,0.0,12.51,2.55,0.0
20161003:2110,0.0,0.0,0.0,0.0,11.93,2.69,0.0
20161003:2210,0.0,0.0,0.0,0.0,11.55,2.76,0.0
20161003:2310,0.0,0.0,0.0,0.0,11.24,2.83,0.0
20161004:0010,0.0,0.0,0.0,0.0,10.9,2.83,0.0
20161004:0110,0.0,0.0,0.0,0.0,10.53,2.55,0.0
20161004:0210,0.0,0.0,0.0,0.0,10.15,2.34,0.0
20161004:0310,0.0,0.0,0.0,0.0,9.78,2.55,0.0
20161004:0410,0.0,0.0,0.0,0.0,9.59,2.62,0.0
20161004:0510,0.0,0.0,0.0,0.0,9.44,2.76,0.0
20161004:0610,0.0,8.0,0.0,2.04,9.27,2.83,0.0
20161004:0710,100.0,59.0,0.0,11.62,9.97,2.76,0.0
20161004:0810,222.01,91.0,0.0,20.47,11.66,3.17,0.0
20161004:0910,344.01,108.0,0.0,28.06,13.67,4.0,0.0
20161004:1010,445.01,112.0,0.0,33.72,15.44,4.48,0.0
20161004:1110,514.01,104.0,0.0,36.75,16.77,4.97,0.0
20161004:1210,492.01,115.0,0.0,36.65,17.76,5.31,0.0
20161004:1310,447.01,108.0,0.0,33.44,18.35,5.52,0.0
20161004:1410,352.01,100.0,0.0,27.63,18.53,5.59,0.0
20161004:1510,230.01,83.0,0.0,19.95,18.31,5.66,0.0
20161004:1610,90.0,58.0,0.0,11.04,17.54,5.17,0.0
20161004:1710,0.0,0.0,0.0,0.0,16.14,5.03,0.0
20161004:1810,0.0,0.0,0.0,0.0,14.58,5.1,0.0
20161004:1910,0.0,0.0,0.0,0.0,14.22,5.03,0.0
20161004:2010,0.0,0.0,0.0,0.0,13.45,4.83,0.0
20161004:2110,0.0,0.0,0.0,0.0,12.84,4.69,0.0
20161004:2210,0.0,0.0,0.0,0.0,12.41,4.69,0.0
20161004:2310,0.0,0.0,0.0,0.0,12.05,4.62,0.0
20161005:0010,0.0,0.0,0.0,0.0,11.72,4.41,0.0
20161005:0110,0.0,0.0,0.0,0.0,11.37,4.28,0.0
20161005:0210,0.0,0.0,0.0,0.0,11.08,4.28,0.0
20161005:0310,0.0,0.0,0.0,0.0,10.8,4.34,0.0
20161005:0410,0.0,0.0,0.0,0.0,10.6,4.48,0.0
20161005:0510,0.0,0.0,0.0,0.0,10.25,4.62,0.0
20161005:0610,0.0,2.0,0.0,1.8,9.86,4.62,0.0
20161005:0710,85.0,64.0,0.0,11.36,10.34,4.21,0.0
20161005:0810,217.01,92.0,0.0,20.19,11.42,4.48,0.0
20161005:0910,333.01,112.0,0.0,27.75,12.79,5.31,0.0
20161005:1010,433.01,116.0,0.0,33.38,14.12,5.45,0.0
20161005:1110,493.01,114.0,0.0,36.38,15.23,5.79,0.0
20161005:1210,478.01,121.0,0.0,36.26,16.12,6.07,0.0
20161005:1310,434.01,113.0,0.0,33.05,16.56,6.34,0.0
20161005:1410,341.01,103.0,0.0,27.26,16.55,6.48,0.0
20161005:1510,219.01,85.0,0.0,19.59,16.09,6.41,0.0
20161005:1610,78.0,61.0,0.0,10.69,15.19,5.72,0.0
20161005:1710,0.0,0.0,0.0,0.0,13.82,5.31,0.0
20161005:1810,0.0,0.0,0.0,0.0,12.46,5.1,0.0
20161005:1910,0.0,0.0,0.0,0.0,12.08,5.1,0.0
20161005:2010,0.0,0.0,0.0,0.0,11.33,5.24,0.0
20161005:2110,0.0,0.0,0.0,0.0,10.68,5.1,0.0
20161005:2210,0.0,0.0,0.0,0.0,10.06,4.83,0.0
20161005:2310,0.0,0.0,0.0,0.0,9.45,4.76,0.0
20161006:0010,0.0,0.0,0.0,0.0,8.93,4.76,0.0
20161006:0110,0.0,0.0,0.0,0.0,8.53,4.62,0.0
20161006:0210,0.0,0.0,0.0,0.0,8.09,4.07,0.0
20161006:0310,0.0,0.0,0.0,0.0,7.66,3.79,0.0
20161006:0410,0.0,0.0,0.0,0.0,7.29,3.66,0.0
20161006:0510,0.0,0.0,0.0,0.0,6.97,3.72,0.0
20161006:0610,0.0,0.0,0.0,0.0,6.73,3.86,0.0
20161006:0710,95.0,56.0,0.0,11.11,7.18,3.52,0.0
20161006:0810,221.01,87.0,0.0,19.91,8.58,4.28,0.0
20161006:0910,337.01,106.0,0.0,27.44,10.02,5.24,0.0
20161006:1010,431.01,113.0,0.0,33.03,11.28,5.45,0.0
20161006:1110,485.01,114.0,0.0,36.0,12.5,5.79,0.0
20161006:1210,447.01,134.0,0.0,35.87,13.84,6.28,0.0
20161006:1310,426.01,113.0,0.0,32.66,14.48,6.0,0.0
20161006:1410,342.01,99.0,0.0,26.88,15.15,6.21,0.0
20161006:1510,214.01,84.0,0.0,19.23,14.81,6.07,0.0
20161006:1610,90.0,52.0,0.0,10.34,14.42,5.45,0.0
20161006:1710,0.0,0.0,0.0,0.0,13.78,4.21,0.0
20161006:1810,0.0,0.0,0.0,0.0,13.2,3.93,0.0
20161006:1910,0.0,0.0,0.0,0.0,12.85,4.0,0.0
20161006:2010,0.0,0.0,0.0,0.0,12.39,4.28,0.0
20161006:2110,0.0,0.0,0.0,0.0,12.03,4.41,0.0
20161006:2210,0.0,0.0,0.0,0.0,11.63,4.28,0.0
20161006:2310,0.0,0.0,0.0,0.0,11.32,3.93,0.0
20161007:0010,0.0,0.0,0.0,0.0,11.13,3.66,0.0
20161007:0110,0.0,0.0,0.0,0.0,10.89,3.59,0.0
20161007:0210,0.0,0.0,0.0,0.0,10.85,3.59,0.0
20161007:0310,0.0,0.0,0.0,0.0,10.55,3.52,0.0
20161007:0410,0.0,0.0,0.0,0.0,10.55,3.66,0.0
20161007:0510,0.0,0.0,0.0,0.0,10.51,3.72,0.0
20161007:0610,0.0,0.0,0.0,0.0,10.49,3.59,0.0
20161007:0710,10.0,71.0,0.0,10.85,10.17,3.17,0.0
20161007:0810,15.0,141.0,0.0,19.63,11.06,3.72,0.0
20161007:0910,0.0,115.0,0.0,27.12,12.27,4.55,0.0
20161007:1010,27.0,245.0,0.0,32.68,13.03,0.0,0.0
20161007:1110,108.0,284.0,0.0,35.62,13.53,0.0,0.0
20161007:1210,0.0,61.0,0.0,35.48,14.1,4.55,0.0
20161007:1310,0.0,109.0,0.0,32.27,14.26,4.14,0.0
20161007:1410,0.0,85.0,0.0,26.51,14.6,3.52,0.0
20161007:1510,1.0,95.0,0.0,18.87,14.9,2.83,0.0
20161007:1610,2.0,55.0,0.0,10.0,14.67,2.28,0.0
20161007:1710,0.0,0.0,0.0,0.0,14.27,2.34,0.0
20161007:1810,0.0,0.0,0.0,0.0,13.72,2.55,0.0
20161007:1910,0.0,0.0,0.0,0.0,13.21,2.69,0.0
20161007:2010,0.0,0.0,0.0,0.0,13.03,3.03,0.0
20161007:2110,0.0,0.0,0.0,0.0,12.82,3.17,0.0
20161007:2210,0.0,0.0,0.0,0.0,12.37,3.1,0.0
20161007:2310,0.0,0.0,0.0,0.0,12.12,2.97,0.0
20161008:0010,0.0,0.0,0.0,0.0,11.74,2.83,0.0
20161008:0110,0.0,0.0,0.0,0.0,11.39,2.55,0.0
20161008:0210,0.0,0.0,0.0,0.0,11.1,2.34,0.0
20161008:0310,0.0,0.0,0.0,0.0,11.08,2.28,0.0
20161008:0410,0.0,0.0,0.0,0.0,10.88,2.34,0.0
20161008:0510,0.0,0.0,0.0,0.0,10.67,2.55,0.0
20161008:0610,0.0,0.0,0.0,0.0,10.43,2.55,0.0
20161008:0710,37.0,74.0,0.0,10.59,9.81,2.55,0.0
20161008:0810,33.0,148.0,0.0,19.35,10.94,3.59,0.0
20161008:0910,29.0,204.0,0.0,26.81,12.31,3.1,0.0
20161008:1010,367.01,140.0,0.0,32.34,13.96,3.38,0.0
20161008:1110,364.01,174.0,0.0,35.25,15.09,4.0,0.0
20161008:1210,157.0,269.0,0.0,35.09,15.67,4.07,0.0
20161008:1310,7.0,208.0,0.0,31.89,15.91,3.93,0.0
20161008:1410,4.0,162.0,0.0,26.13,16.09,3.79,0.0
20161008:1510,94.0,133.0,0.0,18.51,15.8,3.52,0.0
20161008:1610,17.0,66.0,0.0,9.65,15.34,2.83,0.0
20161008:1710,0.0,0.0,0.0,0.0,14.54,2.55,0.0
20161008:1810,0.0,0.0,0.0,0.0,13.02,2.55,0.0
20161008:1910,0.0,0.0,0.0,0.0,12.57,2.55,0.0
20161008:2010,0.0,0.0,0.0,0.0,11.59,2.69,0.0
20161008:2110,0.0,0.0,0.0,0.0,11.03,2.69,0.0
20161008:2210,0.0,0.0,0.0,0.0,10.29,2.55,0.0
20161008:2310,0.0,0.0,0.0,0.0,9.47,2.34,0.0
20161009:0010,0.0,0.0,0.0,0.0,8.92,2.21,0.0
20161009:0110,0.0,0.0,0.0,0.0,8.4,2.21,0.0
20161009:0210,0.0,0.0,0.0,0.0,8.21,2.21,0.0
20161009:0310,0.0,0.0,0.0,0.0,8.02,2.14,0.0
20161009:0410,0.0,0.0,0.0,0.0,7.6,2.14,0.0
20161009:0510,0.0,0.0,0.0,0.0,7.0,2.21,0.0
20161009:0610,0.0,0.0,0.0,0.0,6.45,2.14,0.0
20161009:0710,80.0,55.0,0.0,10.33,6.28,1.66,0.0
20161009:0810,196.01,91.0,0.0,19.07,8.5,1.66,0.0
20161009:0910,307.01,113.0,0.0,26.5,10.54,1.66,0.0
20161009:1010,397.01,122.0,0.0,31.99,12.67,2.07,0.0
20161009:1110,468.01,112.0,0.0,34.88,13.9,2.48,0.0
20161009:1210,385.01,159.0,0.0,34.7,14.67,2.41,0.0
20161009:1310,361.01,138.0,0.0,31.5,15.21,2.62,0.0
20161009:1410,274.01,124.0,0.0,25.76,15.06,2.83,0.0
20161009:1510,166.0,98.0,0.0,18.16,14.66,2.83,0.0
20161009:1610,75.0,48.0,0.0,9.31,14.22,2.55,0.0
20161009:1710,0.0,0.0,0.0,0.0,13.61,2.34,0.0
20161009:1810,0.0,0.0,0.0,0.0,12.6,2.14,0.0
20161009:1910,0.0,0.0,0.0,0.0,12.1,2.07,0.0
20161009:2010,0.0,0.0,0.0,0.0,11.6,2.14,0.0
20161009:2110,0.0,0.0,0.0,0.0,10.53,2.21,0.0
20161009:2210,0.0,0.0,0.0,0.0,9.69,2.21,0.0
20161009:2310,0.0,0.0,0.0,0.0,8.8,2.14,0.0
20161010:0010,0.0,0.0,0.0,0.0,7.99,2.0,0.0
20161010:0110,0.0,0.0,0.0,0.0,7.09,1.86,0.0
20161010:0210,0.0,0.0,0.0,0.0,6.05,1.72,0.0
20161010:0310,0.0,0.0,0.0,0.0,5.12,1.66,0.0
20161010:0410,0.0,0.0,0.0,0.0,4.4,1.66,0.0
20161010:0510,0.0,0.0,0.0,0.0,3.95,1.66,0.0
20161010:0610,0.0,0.0,0.0,0.0,3.57,1.72,0.0
20161010:0710,28.0,71.0,0.0,10.07,3.9,1.45,0.0
20161010:0810,198.01,86.0,0.0,18.78,7.71,0.97,0.0
20161010:0910,312.01,106.0,0.0,26.19,10.25,0.83,0.0
20161010:1010,148.0,243.0,0.0,31.65,12.25,0.9,0.0
20161010:1110,124.0,275.0,0.0,34.5,13.38,0.97,0.0
20161010:1210,40.0,268.0,0.0,34.32,14.15,1.52,0.0
20161010:1310,362.01,133.0,0.0,31.12,14.32,2.14,0.0
20161010:1410,100.0,199.0,0.0,25.4,14.23,2.55,0.0
20161010:1510,33.0,136.0,0.0,17.81,13.08,2.21,0.0
20161010:1610,0.0,21.0,0.0,8.98,12.72,2.62,0.0
20161010:1710,0.0,0.0,0.0,0.0,11.39,2.48,0.0
20161010:1810,0.0,0.0,0.0,0.0,10.21,2.07,0.0
20161010:1910,0.0,0.0,0.0,0.0,9.59,1.86,0.0
20161010:2010,0.0,0.0,0.0,0.0,8.91,1.79,0.0
20161010:2110,0.0,0.0,0.0,0.0,8.2,1.93,0.0
20161010:2210,0.0,0.0,0.0,0.0,8.04,1.93,0.0
20161010:2310,0.0,0.0,0.0,0.0,7.47,2.0,0.0
20161011:0010,0.0,0.0,0.0,0.0,7.08,1.86,0.0
20161011:0110,0.0,0.0,0.0,0.0,6.76,1.86,0.0
20161011:0210,0.0,0.0,0.0,0.0,6.35,2.0,0.0
20161011:0310,0.0,0.0,0.0,0.0,5.99,2.07,0.0
20161011:0410,0.0,0.0,0.0,0.0,5.56,2.14,0.0
20161011:0510,0.0,0.0,0.0,0.0,5.22,2.14,0.0
20161011:0610,0.0,0.0,0.0,0.0,5.13,2.14,0.0
20161011:0710,8.0,64.0,0.0,9.81,5.39,2.41,0.0
20161011:0810,15.0,132.0,0.0,18.5,6.1,2.76,0.0
20161011:0910,12.0,182.0,0.0,25.87,7.44,2.69,0.0
20161011:1010,49.0,249.0,0.0,31.3,9.38,2.62,0.0
20161011:1110,398.01,145.0,0.0,34.13,11.13,2.34,0.0
20161011:1210,447.01,115.0,0.0,33.94,12.41,2.21,0.0
20161011:1310,244.01,195.0,0.0,30.74,13.35,2.41,0.0
20161011:1410,236.01,137.0,0.0,25.03,13.44,2.76,0.0
20161011:1510,177.01,84.0,0.0,17.46,13.26,3.24,0.0
20161011:1610,50.0,52.0,0.0,8.64,12.78,3.31,0.0
20161011:1710,0.0,0.0,0.0,0.0,11.59,2.9,0.0
20161011:1810,0.0,0.0,0.0,0.0,10.16,2.83,0.0
20161011:1910,0.0,0.0,0.0,0.0,9.09,2.55,0.0
20161011:2010,0.0,0.0,0.0,0.0,8.26,2.69,0.0
20161011:2110,0.0,0.0,0.0,0.0,7.69,2.9,0.0
20161011:2210,0.0,0.0,0.0,0.0,7.29,3.1,0.0
20161011:2310,0.0,0.0,0.0,0.0,6.88,2.9,0.0
20161012:0010,0.0,0.0,0.0,0.0,6.35,2.55,0.0
20161012:0110,0.0,0.0,0.0,0.0,5.79,2.41,0.0
20161012:0210,0.0,0.0,0.0,0.0,5.25,2.34,0.0
20161012:0310,0.0,0.0,0.0,0.0,4.81,2.34,0.0
20161012:0410,0.0,0.0,0.0,0.0,4.47,2.48,0.0
20161012:0510,0.0,0.0,0.0,0.0,4.31,2.41,0.0
20161012:0610,0.0,0.0,0.0,0.0,4.1,2.41,0.0
20161012:0710,68.0,53.0,0.0,9.55,4.25,2.28,0.0
20161012:0810,184.01,88.0,0.0,18.22,6.35,2.41,0.0
20161012:0910,293.01,111.0,0.0,25.56,8.91,2.83,0.0
20161012:1010,389.01,116.0,0.0,30.96,11.01,3.24,0.0
20161012:1110,433.01,120.0,0.0,33.76,12.64,3.93,0.0
20161012:1210,423.01,124.0,0.0,33.55,13.65,4.48,0.0
20161012:1310,339.01,139.0,0.0,30.36,14.14,4.62,0.0
20161012:1410,158.0,172.0,0.0,24.67,14.3,4.83,0.0
20161012:1510,114.0,112.0,0.0,17.11,14.06,4.9,0.0
20161012:1610,17.0,57.0,0.0,8.31,13.43,4.21,0.0
20161012:1710,0.0,0.0,0.0,0.0,12.63,3.86,0.0
20161012:1810,0.0,0.0,0.0,0.0,11.62,3.45,0.0
20161012:1910,0.0,0.0,0.0,0.0,11.33,3.79,0.0
20161012:2010,0.0,0.0,0.0,0.0,10.72,4.0,0.0
20161012:2110,0.0,0.0,0.0,0.0,10.26,3.93,0.0
20161012:2210,0.0,0.0,0.0,0.0,9.69,3.79,0.0
20161012:2310,0.0,0.0,0.0,0.0,9.25,3.79,0.0
20161013:0010,0.0,0.0,0.0,0.0,8.51,3.79,0.0
20161013:0110,0.0,0.0,0.0,0.0,8.0,3.79,0.0
20161013:0210,0.0,0.0,0.0,0.0,7.63,3.86,0.0
20161013:0310,0.0,0.0,0.0,0.0,7.17,3.93,0.0
20161013:0410,0.0,0.0,0.0,0.0,6.74,4.0,0.0
20161013:0510,0.0,0.0,0.0,0.0,6.46,4.07,0.0
20161013:0610,0.0,0.0,0.0,0.0,6.24,4.21,0.0
20161013:0710,35.0,62.0,0.0,9.29,5.92,3.59,0.0
20161013:0810,77.0,132.0,0.0,17.93,7.25,3.66,0.0
20161013:0910,23.0,189.0,0.0,25.25,9.14,4.07,0.0
20161013:1010,4.0,186.0,0.0,30.61,10.63,3.86,0.0
20161013:1110,42.0,260.0,0.0,33.39,11.65,3.66,0.0
20161013:1210,0.0,0.0,0.0,0.0,12.53,3.72,0.0
20161013:1310,0.0,77.0,0.0,29.99,12.94,3.66,0.0
20161013:1410,4.0,151.0,0.0,24.31,12.66,3.17,0.0
20161013:1510,10.0,115.0,0.0,16.77,11.99,3.38,0.0
20161013:1610,2.0,45.0,0.0,7.98,11.17,3.86,0.0
20161013:1710,0.0,0.0,0.0,0.0,10.49,4.0,0.0
20161013:1810,0.0,0.0,0.0,0.0,10.03,3.86,0.0
20161013:1910,0.0,0.0,0.0,0.0,9.89,3.24,0.0
20161013:2010,0.0,0.0,0.0,0.0,9.87,3.1,0.0
20161013:2110,0.0,0.0,0.0,0.0,9.89,3.03,0.0
20161013:2210,0.0,0.0,0.0,0.0,10.01,2.97,0.0
20161013:2310,0.0,0.0,0.0,0.0,10.01,2.76,0.0
20161014:0010,0.0,0.0,0.0,0.0,9.96,2.69,0.0
20161014:0110,0.0,0.0,0.0,0.0,9.84,2.62,0.0
20161014:0210,0.0,0.0,0.0,0.0,9.68,2.55,0.0
20161014:0310,0.0,0.0,0.0,0.0,9.45,2.48,0.0
20161014:0410,0.0,0.0,0.0,0.0,9.04,2.41,0.0
20161014:0510,0.0,0.0,0.0,0.0,8.82,2.34,0.0
20161014:0610,0.0,0.0,0.0,0.0,8.7,2.34,0.0
20161014:0710,27.0,60.0,0.0,9.03,8.6,1.86,0.0
20161014:0810,64.0,130.0,0.0,17.65,10.0,2.07,0.0
20161014:0910,22.0,182.0,0.0,24.93,11.22,2.34,0.0
20161014:1010,5.0,189.0,0.0,30.27,12.31,2.21,0.0
20161014:1110,0.0,161.0,0.0,33.03,13.33,2.48,0.0
20161014:1210,0.0,88.0,0.0,32.8,13.7,2.21,0.0
20161014:1310,0.0,86.0,0.0,29.62,13.55,1.72,0.0
20161014:1410,0.0,44.0,0.0,23.95,13.24,1.79,0.0
20161014:1510,0.0,42.0,0.0,16.42,12.83,1.45,0.0
20161014:1610,0.0,29.0,0.0,7.65,12.63,1.31,0.0
20161014:1710,0.0,0.0,0.0,0.0,12.33,1.1,0.0
20161014:1810,0.0,0.0,0.0,0.0,12.02,0.69,0.0
20161014:1910,0.0,0.0,0.0,0.0,12.03,1.24,0.0
20161014:2010,0.0,0.0,0.0,0.0,11.81,1.24,0.0
20161014:2110,0.0,0.0,0.0,0.0,11.71,1.66,0.0
20161014:2210,0.0,0.0,0.0,0.0,11.7,2.14,0.0
20161014:2310,0.0,0.0,0.0,0.0,11.65,2.48,0.0
20161015:0010,0.0,0.0,0.0,0.0,11.59,2.55,0.0
20161015:0110,0.0,0.0,0.0,0.0,11.52,2.76,0.0
20161015:0210,0.0,0.0,0.0,0.0,11.5,3.03,0.0
20161015:0310,0.0,0.0,0.0,0.0,11.18,3.1,0.0
20161015:0410,0.0,0.0,0.0,0.0,10.48,2.9,0.0
20161015:0510,0.0,0.0,0.0,0.0,9.44,2.97,0.0
20161015:0610,0.0,0.0,0.0,0.0,8.71,3.1,0.0
20161015:0710,14.0,59.0,0.0,8.77,8.24,2.97,0.0
20161015:0810,157.01,90.0,0.0,17.36,9.57,3.24,0.0
20161015:0910,128.0,179.0,0.0,24.62,11.61,4.28,0.0
20161015:1010,254.01,176.0,0.0,29.93,13.53,4.34,0.0
20161015:1110,340.01,158.0,0.0,32.66,15.29,4.48,0.0
20161015:1210,404.01,118.0,0.0,32.42,16.7,4.69,0.0
20161015:1310,0.0,0.0,0.0,0.0,17.49,4.83,0.0
20161015:1410,0.0,0.0,0.0,0.0,17.84,5.03,0.0
20161015:1510,0.0,0.0,0.0,0.0,17.61,4.9,0.0
20161015:1610,0.0,0.0,0.0,0.0,16.9,4.21,0.0
20161015:1710,0.0,0.0,0.0,0.0,15.48,4.14,0.0
20161015:1810,0.0,0.0,0.0,0.0,14.42,4.14,0.0
20161015:1910,0.0,0.0,0.0,0.0,14.18,3.59,0.0
20161015:2010,0.0,0.0,0.0,0.0,13.63,3.38,0.0
20161015:2110,0.0,0.0,0.0,0.0,13.12,3.24,0.0
20161015:2210,0.0,0.0,0.0,0.0,12.53,3.03,0.0
20161015:2310,0.0,0.0,0.0,0.0,11.9,2.83,0.0
20161016:0010,0.0,0.0,0.0,0.0,11.25,2.62,0.0
20161016:0110,0.0,0.0,0.0,0.0,10.71,2.55,0.0
20161016:0210,0.0,0.0,0.0,0.0,10.29,2.62,0.0
20161016:0310,0.0,0.0,0.0,0.0,10.03,2.69,0.0
20161016:0410,0.0,0.0,0.0,0.0,9.84,0.0,0.0
20161016:0510,0.0,0.0,0.0,0.0,9.76,0.0,0.0
20161016:0610,0.0,0.0,0.0,0.0,9.78,3.24,0.0
20161016:0710,0.0,0.0,0.0,0.0,10.89,3.66,0.0
20161016:0810,0.0,0.0,0.0,0.0,12.35,3.24,0.0
20161016:0910,0.0,0.0,0.0,0.0,14.8,3.79,0.0
20161016:1010,0.0,0.0,0.0,0.0,16.84,4.14,0.0
20161016:1110,0.0,0.0,0.0,0.0,18.6,4.34,0.0
20161016:1210,0.0,0.0,0.0,0.0,19.84,4.55,0.0
20161016:1310,0.0,0.0,0.0,0.0,20.54,4.34,0.0
20161016:1410,0.0,0.0,0.0,0.0,20.76,3.93,0.0
20161016:1510,0.0,0.0,0.0,0.0,20.64,3.31,0.0
20161016:1610,0.0,0.0,0.0,0.0,19.56,2.34,0.0
20161016:1710,0.0,0.0,0.0,0.0,17.65,2.41,0.0
20161016:1810,0.0,0.0,0.0,0.0,16.02,2.34,0.0
20161016:1910,0.0,0.0,0.0,0.0,15.49,2.69,0.0
20161016:2010,0.0,0.0,0.0,0.0,15.07,2.69,0.0
20161016:2110,0.0,0.0,0.0,0.0,14.58,2.55,0.0
20161016:2210,0.0,0.0,0.0,0.0,13.73,2.34,0.0
20161016:2310,0.0,0.0,0.0,0.0,12.95,2.48,0.0
20161017:0010,0.0,0.0,0.0,0.0,12.51,2.62,0.0
20161017:0110,0.0,0.0,0.0,0.0,12.17,2.69,0.0
20161017:0210,0.0,0.0,0.0,0.0,11.72,2.55,0.0
20161017:0310,0.0,0.0,0.0,0.0,11.22,2.34,0.0
20161017:0410,0.0,0.0,0.0,0.0,10.61,2.21,0.0
20161017:0510,0.0,0.0,0.0,0.0,10.08,2.14,0.0
20161017:0610,0.0,0.0,0.0,0.0,9.78,2.0,0.0
20161017:0710,0.0,0.0,0.0,0.0,11.04,2.76,0.0
20161017:0810,0.0,0.0,0.0,0.0,11.65,2.62,0.0
20161017:0910,0.0,0.0,0.0,0.0,12.72,2.55,0.0
20161017:1010,0.0,0.0,0.0,0.0,14.43,3.1,0.0
20161017:1110,0.0,0.0,0.0,0.0,15.95,3.17,0.0
20161017:1210,0.0,0.0,0.0,0.0,17.26,4.07,0.0
20161017:1310,72.0,227.0,0.0,28.52,17.63,4.41,0.0
20161017:1410,9.0,156.0,0.0,22.89,17.61,4.07,0.0
20161017:1510,126.0,86.0,0.0,15.42,17.27,3.24,0.0
20161017:1610,31.0,40.0,0.0,6.69,16.68,2.34,0.0
20161017:1710,0.0,0.0,0.0,0.0,15.22,2.14,0.0
20161017:1810,0.0,0.0,0.0,0.0,13.93,2.07,0.0
20161017:1910,0.0,0.0,0.0,0.0,13.13,2.07,0.0
20161017:2010,0.0,0.0,0.0,0.0,12.17,2.0,0.0
20161017:2110,0.0,0.0,0.0,0.0,11.46,2.14,0.0
20161017:2210,0.0,0.0,0.0,0.0,10.79,2.34,0.0
20161017:2310,0.0,0.0,0.0,0.0,10.64,2.41,0.0
20161018:0010,0.0,0.0,0.0,0.0,10.34,2.34,0.0
20161018:0110,0.0,0.0,0.0,0.0,9.96,2.34,0.0
20161018:0210,0.0,0.0,0.0,0.0,9.47,2.28,0.0
20161018:0310,0.0,0.0,0.0,0.0,9.04,2.14,0.0
20161018:0410,0.0,0.0,0.0,0.0,8.58,2.14,0.0
20161018:0510,0.0,0.0,0.0,0.0,8.25,2.14,0.0
20161018:0610,0.0,0.0,0.0,0.0,8.15,2.07,0.0
20161018:0710,26.0,53.0,0.0,7.98,8.21,2.21,0.0
20161018:0810,76.0,119.0,0.0,16.51,9.88,2.28,0.0
20161018:0910,136.0,169.0,0.0,23.68,11.66,3.1,0.0
20161018:1010,222.01,184.0,0.0,28.9,13.22,3.66,0.0
20161018:1110,331.01,154.0,0.0,31.57,14.82,4.41,0.0
20161018:1210,262.01,189.0,0.0,31.31,15.75,5.38,0.0
20161018:1310,229.01,173.0,0.0,28.15,15.81,5.52,0.0
20161018:1410,10.0,154.0,0.0,22.54,15.62,5.86,0.0
20161018:1510,7.0,98.0,0.0,15.09,14.94,5.24,0.0
20161018:1610,4.0,36.0,0.0,6.38,13.94,4.9,0.0
20161018:1710,0.0,0.0,0.0,0.0,13.03,3.86,0.0
20161018:1810,0.0,0.0,0.0,0.0,12.41,3.31,0.0
20161018:1910,0.0,0.0,0.0,0.0,11.92,2.76,0.0
20161018:2010,0.0,0.0,0.0,0.0,11.23,2.69,0.0
20161018:2110,0.0,0.0,0.0,0.0,10.72,2.76,0.0
20161018:2210,0.0,0.0,0.0,0.0,10.61,2.9,0.0
20161018:2310,0.0,0.0,0.0,0.0,10.05,2.9,0.0
20161019:0010,0.0,0.0,0.0,0.0,9.7,2.9,0.0
20161019:0110,0.0,0.0,0.0,0.0,9.26,2.9,0.0
20161019:0210,0.0,0.0,0.0,0.0,9.28,2.9,0.0
20161019:0310,0.0,0.0,0.0,0.0,8.92,2.83,0.0
20161019:0410,0.0,0.0,0.0,0.0,8.63,2.76,0.0
20161019:0510,0.0,0.0,0.0,0.0,8.17,2.9,0.0
20161019:0610,0.0,0.0,0.0,0.0,8.27,2.97,0.0
20161019:0710,53.0,42.0,0.0,7.72,8.12,2.83,0.0
20161019:0810,87.0,113.0,0.0,16.23,9.52,2.9,0.0
20161019:0910,5.0,148.0,0.0,23.37,10.93,3.45,0.0
20161019:1010,10.0,197.0,0.0,28.57,11.83,4.21,0.0
20161019:1110,19.0,227.0,0.0,31.21,12.67,4.76,0.0
20161019:1210,57.0,248.0,0.0,30.94,12.92,4.62,0.0
20161019:1310,35.0,218.0,0.0,27.79,13.37,4.83,0.0
20161019:1410,4.0,137.0,0.0,22.2,13.37,4.76,0.0
20161019:1510,0.0,61.0,0.0,14.76,13.18,4.21,0.0
20161019:1610,2.0,32.0,0.0,6.07,12.42,3.31,0.0
20161019:1710,0.0,0.0,0.0,0.0,11.55,2.97,0.0
20161019:1810,0.0,0.0,0.0,0.0,10.89,2.9,0.0
20161019:1910,0.0,0.0,0.0,0.0,9.76,2.62,0.0
20161019:2010,0.0,0.0,0.0,0.0,9.45,2.69,0.0
20161019:2110,0.0,0.0,0.0,0.0,9.1,2.69,0.0
20161019:2210,0.0,0.0,0.0,0.0,8.4,2.76,0.0
20161019:2310,0.0,0.0,0.0,0.0,8.22,2.76,0.0
20161020:0010,0.0,0.0,0.0,0.0,7.87,2.83,0.0
20161020:0110,0.0,0.0,0.0,0.0,7.53,2.83,0.0
20161020:0210,0.0,0.0,0.0,0.0,7.43,2.9,0.0
20161020:0310,0.0,0.0,0.0,0.0,7.75,2.83,0.0
20161020:0410,0.0,0.0,0.0,0.0,7.92,2.9,0.0
20161020:0510,0.0,0.0,0.0,0.0,8.08,2.97,0.0
20161020:0610,0.0,0.0,0.0,0.0,7.96,2.97,0.0
20161020:0710,14.0,49.0,0.0,7.45,8.27,2.9,0.0
20161020:0810,60.0,119.0,0.0,15.94,9.12,2.69,0.0
20161020:0910,97.0,177.0,0.0,23.06,10.5,4.34,0.0
20161020:1010,96.0,224.0,0.0,28.23,11.56,4.41,0.0
20161020:1110,0.0,81.0,0.0,30.86,12.62,4.28,0.0
20161020:1210,109.0,243.0,0.0,30.58,13.22,3.72,0.0
20161020:1310,0.0,90.0,0.0,27.44,13.58,3.31,0.0
20161020:1410,17.0,160.0,0.0,21.86,13.77,3.31,0.0
20161020:1510,58.0,105.0,0.0,14.44,13.6,3.38,0.0
20161020:1610,8.0,35.0,0.0,5.76,13.15,3.24,0.0
20161020:1710,0.0,0.0,0.0,0.0,12.03,3.24,0.0
20161020:1810,0.0,0.0,0.0,0.0,11.2,3.24,0.0
20161020:1910,0.0,0.0,0.0,0.0,10.66,3.1,0.0
20161020:2010,0.0,0.0,0.0,0.0,10.37,3.1,0.0
20161020:2110,0.0,0.0,0.0,0.0,9.52,3.1,0.0
20161020:2210,0.0,0.0,0.0,0.0,8.98,3.1,0.0
20161020:2310,0.0,0.0,0.0,0.0,8.61,2.97,0.0
20161021:0010,0.0,0.0,0.0,0.0,8.32,2.83,0.0
20161021:0110,0.0,0.0,0.0,0.0,8.15,2.62,0.0
20161021:0210,0.0,0.0,0.0,0.0,8.14,2.48,0.0
20161021:0310,0.0,0.0,0.0,0.0,8.19,2.34,0.0
20161021:0410,0.0,0.0,0.0,0.0,8.08,2.28,0.0
20161021:0510,0.0,0.0,0.0,0.0,8.03,2.21,0.0
20161021:0610,0.0,0.0,0.0,0.0,7.97,2.07,0.0
20161021:0710,9.0,45.0,0.0,7.19,8.18,2.0,0.0
20161021:0810,6.0,102.0,0.0,15.66,9.27,2.9,0.0
20161021:0910,0.0,103.0,0.0,22.75,10.1,2.83,0.0
20161021:1010,13.0,197.0,0.0,27.89,10.93,2.69,0.0
20161021:1110,17.0,220.0,0.0,30.5,11.62,2.69,0.0
20161021:1210,63.0,244.0,0.0,30.22,12.45,2.69,0.0
20161021:1310,1.0,144.0,0.0,27.09,12.82,2.41,0.0
20161021:1410,0.0,33.0,0.0,21.52,13.03,2.21,0.0
20161021:1510,8.0,94.0,0.0,14.12,13.29,2.21,0.0
20161021:1610,5.0,30.78,0.0,5.46,12.85,1.52,0.0
20161021:1710,0.0,0.0,0.0,0.0,11.81,1.66,0.0
20161021:1810,0.0,0.0,0.0,0.0,10.51,1.86,0.0
20161021:1910,0.0,0.0,0.0,0.0,10.03,1.45,0.0
20161021:2010,0.0,0.0,0.0,0.0,9.46,1.52,0.0
20161021:2110,0.0,0.0,0.0,0.0,8.99,1.66,0.0
20161021:2210,0.0,0.0,0.0,0.0,8.21,1.79,0.0
20161021:2310,0.0,0.0,0.0,0.0,7.58,1.79,0.0
20161022:0010,0.0,0.0,0.0,0.0,7.09,1.72,0.0
20161022:0110,0.0,0.0,0.0,0.0,6.68,1.66,0.0
20161022:0210,0.0,0.0,0.0,0.0,5.96,1.66,0.0
20161022:0310,0.0,0.0,0.0,0.0,5.35,1.52,0.0
20161022:0410,0.0,0.0,0.0,0.0,5.59,1.17,0.0
20161022:0510,0.0,0.0,0.0,0.0,5.89,0.97,0.0
20161022:0610,0.0,0.0,0.0,0.0,6.0,0.97,0.0
20161022:0710,10.0,44.0,0.0,6.93,6.08,0.41,0.0
20161022:0810,11.0,107.0,0.0,15.37,6.42,0.55,0.0
20161022:0910,4.0,141.0,0.0,22.44,7.62,0.62,0.0
20161022:1010,1.0,147.0,0.0,27.56,8.71,0.83,0.0
20161022:1110,1.0,168.0,0.0,30.15,9.99,1.17,0.0
20161022:1210,1.0,161.0,0.0,29.86,11.28,1.45,0.0
20161022:1310,14.0,192.0,0.0,26.74,12.18,1.59,0.0
20161022:1410,62.0,167.0,0.0,21.19,12.6,1.86,0.0
20161022:1510,130.01,69.0,0.0,13.81,12.63,2.34,0.0
20161022:1610,22.0,24.68,0.0,5.16,12.12,2.14,0.0
20161022:1710,0.0,0.0,0.0,0.0,11.13,2.21,0.0
20161022:1810,0.0,0.0,0.0,0.0,10.61,2.21,0.0
20161022:1910,0.0,0.0,0.0,0.0,9.32,2.21,0.0
20161022:2010,0.0,0.0,0.0,0.0,8.35,2.41,0.0
20161022:2110,0.0,0.0,0.0,0.0,7.69,2.62,0.0
20161022:2210,0.0,0.0,0.0,0.0,7.31,2.69,0.0
20161022:2310,0.0,0.0,0.0,0.0,7.01,2.69,0.0
20161023:0010,0.0,0.0,0.0,0.0,6.77,2.76,0.0
20161023:0110,0.0,0.0,0.0,0.0,6.57,2.83,0.0
20161023:0210,0.0,0.0,0.0,0.0,6.35,2.83,0.0
20161023:0310,0.0,0.0,0.0,0.0,6.12,2.9,0.0
20161023:0410,0.0,0.0,0.0,0.0,5.93,2.97,0.0
20161023:0510,0.0,0.0,0.0,0.0,5.7,3.03,0.0
20161023:0610,0.0,0.0,0.0,0.0,5.37,3.03,0.0
20161023:0710,35.0,38.0,0.0,6.67,5.2,3.31,0.0
20161023:0810,135.01,78.0,0.0,15.09,5.63,3.59,0.0
20161023:0910,244.01,97.0,0.0,22.13,6.89,3.66,0.0
20161023:1010,288.01,130.0,0.0,27.23,8.57,3.86,0.0
20161023:1110,357.01,118.0,0.0,29.8,10.34,4.0,0.0
20161023:1210,89.0,236.0,0.0,29.51,11.92,4.0,0.0
20161023:1310,0.0,86.0,0.0,26.39,12.75,3.86,0.0
20161023:1410,0.0,49.0,0.0,20.86,12.48,3.31,0.0
20161023:1510,0.0,40.0,0.0,13.5,11.55,3.1,0.0
20161023:1610,0.0,21.0,0.0,4.86,11.29,3.52,0.0
20161023:1710,0.0,0.0,0.0,0.0,11.11,3.66,0.0
20161023:1810,0.0,0.0,0.0,0.0,11.02,3.52,0.0
20161023:1910,0.0,0.0,0.0,0.0,10.89,2.9,0.0
20161023:2010,0.0,0.0,0.0,0.0,11.04,2.41,0.0
20161023:2110,0.0,0.0,0.0,0.0,11.28,2.07,0.0
20161023:2210,0.0,0.0,0.0,0.0,11.39,1.66,0.0
20161023:2310,0.0,0.0,0.0,0.0,11.1,1.45,0.0
20161024:0010,0.0,0.0,0.0,0.0,10.85,1.17,0.0
20161024:0110,0.0,0.0,0.0,0.0,10.48,1.24,0.0
20161024:0210,0.0,0.0,0.0,0.0,10.1,1.31,0.0
20161024:0310,0.0,0.0,0.0,0.0,10.01,1.52,0.0
20161024:0410,0.0,0.0,0.0,0.0,9.65,1.52,0.0
20161024:0510,0.0,0.0,0.0,0.0,9.62,1.03,0.0
20161024:0610,0.0,0.0,0.0,0.0,10.33,0.28,0.0
20161024:0710,1.0,31.0,0.0,6.4,9.79,0.76,0.0
20161024:0810,0.0,49.0,0.0,14.81,10.74,0.76,0.0
20161024:0910,0.0,65.0,0.0,21.83,11.18,0.41,0.0
20161024:1010,0.0,102.0,0.0,26.89,11.6,0.9,0.0
20161024:1110,0.0,149.0,0.0,29.45,11.76,1.31,0.0
20161024:1210,0.0,142.0,0.0,29.16,12.1,1.45,0.0
20161024:1310,0.0,123.0,0.0,26.05,12.75,1.1,0.0
20161024:1410,0.0,52.0,0.0,20.54,13.34,0.55,0.0
20161024:1510,4.0,81.0,0.0,13.19,13.39,0.41,0.0
20161024:1610,1.0,20.81,0.0,4.57,13.17,0.62,0.0
20161024:1710,0.0,0.0,0.0,0.0,12.49,1.17,0.0
20161024:1810,0.0,0.0,0.0,0.0,11.74,1.52,0.0
20161024:1910,0.0,0.0,0.0,0.0,11.82,1.31,0.0
20161024:2010,0.0,0.0,0.0,0.0,11.42,1.38,0.0
20161024:2110,0.0,0.0,0.0,0.0,10.95,1.31,0.0
20161024:2210,0.0,0.0,0.0,0.0,10.57,1.31,0.0
20161024:2310,0.0,0.0,0.0,0.0,10.04,1.38,0.0
20161025:0010,0.0,0.0,0.0,0.0,9.53,1.52,0.0
20161025:0110,0.0,0.0,0.0,0.0,9.01,1.45,0.0
20161025:0210,0.0,0.0,0.0,0.0,9.24,1.03,0.0
20161025:0310,0.0,0.0,0.0,0.0,9.35,0.69,0.0
20161025:0410,0.0,0.0,0.0,0.0,9.61,0.48,0.0
20161025:0510,0.0,0.0,0.0,0.0,9.86,0.48,0.0
20161025:0610,0.0,0.0,0.0,0.0,10.19,0.69,0.0
20161025:0710,3.0,33.0,0.0,6.14,10.02,0.76,0.0
20161025:0810,1.0,78.0,0.0,14.52,10.95,1.24,0.0
20161025:0910,0.0,61.0,0.0,21.52,11.88,1.52,0.0
20161025:1010,0.0,99.0,0.0,26.57,12.65,1.66,0.0
20161025:1110,0.0,98.0,0.0,29.11,13.97,1.66,0.0
20161025:1210,0.0,57.0,0.0,28.81,15.09,1.31,0.0
20161025:1310,0.0,66.0,0.0,25.71,16.05,0.9,0.0
20161025:1410,0.0,46.0,0.0,20.22,16.35,1.17,0.0
20161025:1510,0.0,59.0,0.0,12.89,16.31,1.66,0.0
20161025:1610,0.0,25.0,0.0,4.28,15.69,1.72,0.0
20161025:1710,0.0,0.0,0.0,0.0,14.73,2.0,0.0
20161025:1810,0.0,0.0,0.0,0.0,13.98,2.0,0.0
20161025:1910,0.0,0.0,0.0,0.0,12.26,2.07,0.0
20161025:2010,0.0,0.0,0.0,0.0,11.86,2.0,0.0
20161025:2110,0.0,0.0,0.0,0.0,11.77,1.86,0.0
20161025:2210,0.0,0.0,0.0,0.0,11.21,2.0,0.0
20161025:2310,0.0,0.0,0.0,0.0,11.12,1.93,0.0
20161026:0010,0.0,0.0,0.0,0.0,11.21,2.0,0.0
20161026:0110,0.0,0.0,0.0,0.0,11.39,2.07,0.0
20161026:0210,0.0,0.0,0.0,0.0,11.59,2.14,0.0
20161026:0310,0.0,0.0,0.0,0.0,11.28,2.21,0.0
20161026:0410,0.0,0.0,0.0,0.0,10.96,2.21,0.0
20161026:0510,0.0,0.0,0.0,0.0,10.84,2.14,0.0
20161026:0610,0.0,0.0,0.0,0.0,10.62,2.21,0.0
20161026:0710,9.0,36.0,0.0,5.88,9.27,1.66,0.0
20161026:0810,8.0,96.0,0.0,14.24,9.68,2.0,0.0
20161026:0910,2.0,123.0,0.0,21.21,10.52,2.07,0.0
20161026:1010,1.0,139.0,0.0,26.24,11.87,2.0,0.0
20161026:1110,10.0,196.0,0.0,28.77,13.63,1.72,0.0
20161026:1210,15.0,203.0,0.0,28.47,14.63,1.45,0.0
20161026:1310,30.0,196.0,0.0,25.38,15.49,1.59,0.0
20161026:1410,26.0,151.0,0.0,19.9,15.71,1.59,0.0
20161026:1510,13.0,88.0,0.0,12.59,15.46,1.66,0.0
20161026:1610,0.0,17.0,0.0,4.0,14.61,1.72,0.0
20161026:1710,0.0,0.0,0.0,0.0,13.06,2.07,0.0
20161026:1810,0.0,0.0,0.0,0.0,11.81,2.07,0.0
20161026:1910,0.0,0.0,0.0,0.0,11.93,1.59,0.0
20161026:2010,0.0,0.0,0.0,0.0,11.57,1.79,0.0
20161026:2110,0.0,0.0,0.0,0.0,11.76,1.72,0.0
20161026:2210,0.0,0.0,0.0,0.0,11.6,1.66,0.0
20161026:2310,0.0,0.0,0.0,0.0,11.44,1.52,0.0
20161027:0010,0.0,0.0,0.0,0.0,11.37,1.31,0.0
20161027:0110,0.0,0.0,0.0,0.0,11.13,1.38,0.0
20161027:0210,0.0,0.0,0.0,0.0,11.07,1.38,0.0
20161027:0310,0.0,0.0,0.0,0.0,10.94,1.31,0.0
20161027:0410,0.0,0.0,0.0,0.0,11.0,1.17,0.0
20161027:0510,0.0,0.0,0.0,0.0,10.99,1.17,0.0
20161027:0610,0.0,0.0,0.0,0.0,11.04,1.1,0.0
20161027:0710,3.0,30.31,0.0,5.62,10.36,0.9,0.0
20161027:0810,7.0,91.0,0.0,13.96,10.92,0.34,0.0
20161027:0910,7.0,140.0,0.0,20.91,11.74,0.07,0.0
20161027:1010,17.0,188.0,0.0,25.91,13.08,0.55,0.0
20161027:1110,91.0,229.0,0.0,28.43,13.83,1.17,0.0
20161027:1210,330.01,118.0,0.0,28.13,14.11,1.03,0.0
20161027:1310,298.01,102.0,0.0,25.05,14.13,0.62,0.0
20161027:1410,183.01,105.0,0.0,19.59,14.14,0.41,0.0
20161027:1510,100.0,67.0,0.0,12.3,14.07,0.55,0.0
20161027:1610,0.0,20.0,0.0,3.72,13.82,0.48,0.0
20161027:1710,0.0,0.0,0.0,0.0,13.36,0.69,0.0
20161027:1810,0.0,0.0,0.0,0.0,12.56,1.1,0.0
20161027:1910,0.0,0.0,0.0,0.0,12.13,0.83,0.0
20161027:2010,0.0,0.0,0.0,0.0,11.59,1.03,0.0
20161027:2110,0.0,0.0,0.0,0.0,11.21,0.9,0.0
20161027:2210,0.0,0.0,0.0,0.0,11.16,0.83,0.0
20161027:2310,0.0,0.0,0.0,0.0,10.6,0.97,0.0
20161028:0010,0.0,0.0,0.0,0.0,10.87,0.55,0.0
20161028:0110,0.0,0.0,0.0,0.0,11.05,0.14,0.0
20161028:0210,0.0,0.0,0.0,0.0,10.85,0.34,0.0
20161028:0310,0.0,0.0,0.0,0.0,10.02,0.97,0.0
20161028:0410,0.0,0.0,0.0,0.0,10.0,1.03,0.0
20161028:0510,0.0,0.0,0.0,0.0,9.62,1.1,0.0
20161028:0610,0.0,0.0,0.0,0.0,9.08,1.24,0.0
20161028:0710,7.0,30.27,0.0,5.36,10.0,0.14,0.0
20161028:0810,42.0,102.0,0.0,13.68,10.27,0.0,0.0
20161028:0910,40.0,162.0,0.0,20.61,12.09,0.21,0.0
20161028:1010,56.0,206.0,0.0,25.59,13.19,1.17,0.0
20161028:1110,41.0,224.0,0.0,28.09,13.68,1.31,0.0
20161028:1210,62.0,226.0,0.0,27.79,14.35,1.38,0.0
20161028:1310,32.0,193.0,0.0,24.72,14.67,1.31,0.0
20161028:1410,4.0,121.0,0.0,19.28,14.88,1.52,0.0
20161028:1510,29.0,88.0,0.0,12.01,14.64,1.86,0.0
20161028:1610,0.0,18.0,0.0,3.45,14.04,1.72,0.0
20161028:1710,0.0,0.0,0.0,0.0,12.91,1.93,0.0
20161028:1810,0.0,0.0,0.0,0.0,12.48,1.86,0.0
20161028:1910,0.0,0.0,0.0,0.0,11.94,1.59,0.0
20161028:2010,0.0,0.0,0.0,0.0,11.87,1.66,0.0
20161028:2110,0.0,0.0,0.0,0.0,11.75,1.79,0.0
20161028:2210,0.0,0.0,0.0,0.0,11.63,1.72,0.0
20161028:2310,0.0,0.0,0.0,0.0,11.55,1.59,0.0
20161029:0010,0.0,0.0,0.0,0.0,11.45,1.59,0.0
20161029:0110,0.0,0.0,0.0,0.0,10.96,1.66,0.0
20161029:0210,0.0,0.0,0.0,0.0,10.86,1.59,0.0
20161029:0310,0.0,0.0,0.0,0.0,10.79,1.52,0.0
20161029:0410,0.0,0.0,0.0,0.0,10.64,1.59,0.0
20161029:0510,0.0,0.0,0.0,0.0,10.46,1.72,0.0
20161029:0610,0.0,0.0,0.0,0.0,10.63,1.86,0.0
20161029:0710,2.0,24.59,0.0,5.1,10.64,1.72,0.0
20161029:0810,1.0,70.0,0.0,13.4,11.6,1.72,0.0
20161029:0910,0.0,52.0,0.0,20.31,12.87,2.07,0.0
20161029:1010,0.0,69.0,0.0,25.27,14.0,3.66,0.0
20161029:1110,0.0,75.0,0.0,27.76,14.46,3.66,0.0
20161029:1210,0.0,84.0,0.0,27.46,14.99,3.72,0.0
20161029:1310,0.0,77.0,0.0,24.4,15.19,3.72,0.0
20161029:1410,0.0,59.0,0.0,18.97,15.51,3.66,0.0
20161029:1510,4.0,71.0,0.0,11.72,15.5,3.45,0.0
20161029:1610,0.0,13.0,0.0,3.18,15.0,2.69,0.0
20161029:1710,0.0,0.0,0.0,0.0,13.95,2.69,0.0
20161029:1810,0.0,0.0,0.0,0.0,13.3,2.83,0.0
20161029:1910,0.0,0.0,0.0,0.0,12.73,2.41,0.0
20161029:2010,0.0,0.0,0.0,0.0,12.17,2.55,0.0
20161029:2110,0.0,0.0,0.0,0.0,11.42,2.62,0.0
20161029:2210,0.0,0.0,0.0,0.0,10.88,2.69,0.0
20161029:2310,0.0,0.0,0.0,0.0,10.41,2.69,0.0
20161030:0010,0.0,0.0,0.0,0.0,10.0,2.69,0.0
20161030:0110,0.0,0.0,0.0,0.0,9.66,2.69,0.0
20161030:0210,0.0,0.0,0.0,0.0,9.36,2.69,0.0
20161030:0310,0.0,0.0,0.0,0.0,9.07,2.76,0.0
20161030:0410,0.0,0.0,0.0,0.0,8.81,2.83,0.0
20161030:0510,0.0,0.0,0.0,0.0,8.54,2.97,0.0
20161030:0610,0.0,0.0,0.0,0.0,8.27,2.97,0.0
20161030:0710,18.0,23.69,0.0,4.84,8.4,2.76,0.0
20161030:0810,107.01,72.0,0.0,13.12,9.24,2.48,0.0
20161030:0910,215.01,91.0,0.0,20.01,10.84,2.9,0.0
20161030:1010,299.01,101.0,0.0,24.95,12.4,3.03,0.0
20161030:1110,349.01,101.0,0.0,27.43,13.87,3.03,0.0
20161030:1210,348.01,99.0,0.0,27.13,15.12,3.1,0.0
20161030:1310,278.01,103.0,0.0,24.08,15.97,3.24,0.0
20161030:1410,192.01,89.0,0.0,18.67,16.37,3.38,0.0
20161030:1510,90.0,63.0,0.0,11.44,16.18,3.17,0.0
20161030:1610,0.0,15.0,0.0,2.92,14.99,2.97,0.0
20161030:1710,0.0,0.0,0.0,0.0,13.35,3.1,0.0
20161030:1810,0.0,0.0,0.0,0.0,12.34,3.17,0.0
20161030:1910,0.0,0.0,0.0,0.0,11.83,2.9,0.0
20161030:2010,0.0,0.0,0.0,0.0,11.13,2.83,0.0
20161030:2110,0.0,0.0,0.0,0.0,10.57,2.9,0.0
20161030:2210,0.0,0.0,0.0,0.0,10.09,2.9,0.0
20161030:2310,0.0,0.0,0.0,0.0,9.67,2.76,0.0
20161031:0010,0.0,0.0,0.0,0.0,9.22,2.62,0.0
20161031:0110,0.0,0.0,0.0,0.0,8.81,2.48,0.0
20161031:0210,0.0,0.0,0.0,0.0,8.42,2.41,0.0
20161031:0310,0.0,0.0,0.0,0.0,8.12,2.48,0.0
20161031:0410,0.0,0.0,0.0,0.0,7.97,2.62,0.0
20161031:0510,0.0,0.0,0.0,0.0,7.79,2.62,0.0
20161031:0610,0.0,0.0,0.0,0.0,7.59,2.62,0.0
20161031:0710,16.0,22.24,0.0,4.58,7.47,2.48,0.0
20161031:0810,105.01,70.0,0.0,12.85,8.54,2.14,0.0
20161031:0910,206.01,92.0,0.0,19.71,10.61,2.55,0.0
20161031:1010,280.01,107.0,0.0,24.64,12.42,2.69,0.0
20161031:1110,328.01,108.0,0.0,27.11,14.04,2.62,0.0
20161031:1210,319.01,109.0,0.0,26.8,15.35,2.62,0.0
20161031:1310,267.01,105.0,0.0,23.77,16.17,2.62,0.0
20161031:1410,176.01,95.0,0.0,18.38,16.56,2.76,0.0
20161031:1510,74.0,67.0,0.0,11.17,16.31,2.76,0.0
20161031:1610,0.0,12.0,0.0,2.66,15.04,2.62,0.0
20161031:1710,0.0,0.0,0.0,0.0,13.23,2.76,0.0
20161031:1810,0.0,0.0,0.0,0.0,12.13,2.76,0.0
20161031:1910,0.0,0.0,0.0,0.0,11.42,2.55,0.0
20161031:2010,0.0,0.0,0.0,0.0,10.65,2.41,0.0
20161031:2110,0.0,0.0,0.0,0.0,9.95,2.34,0.0
20161031:2210,0.0,0.0,0.0,0.0,9.39,2.21,0.0
20161031:2310,0.0,0.0,0.0,0.0,8.83,2.14,0.0
20161101:0010,0.0,0.0,0.0,0.0,8.28,2.0,0.0
20161101:0110,0.0,0.0,0.0,0.0,7.67,1.86,0.0
20161101:0210,0.0,0.0,0.0,0.0,6.97,1.72,0.0
20161101:0310,0.0,0.0,0.0,0.0,6.14,1.59,0.0
20161101:0410,0.0,0.0,0.0,0.0,5.46,1.24,0.0
20161101:0510,0.0,0.0,0.0,0.0,5.15,0.83,0.0
20161101:0610,0.0,0.0,0.0,0.0,5.08,0.69,0.0
20161101:0710,7.0,23.33,0.0,4.32,6.69,0.0,0.0
20161101:0810,87.0,76.0,0.0,12.57,6.94,0.62,0.0
20161101:0910,138.01,126.0,0.0,19.42,7.67,0.83,0.0
20161101:1010,195.01,152.0,0.0,24.33,8.48,0.97,0.0
20161101:1110,294.01,125.0,0.0,26.78,9.21,1.1,0.0
20161101:1210,318.01,107.0,0.0,26.48,10.08,1.24,0.0
20161101:1310,182.01,149.0,0.0,23.46,10.52,1.38,0.0
20161101:1410,159.01,101.0,0.0,18.09,10.88,1.59,0.0
20161101:1510,80.0,62.0,0.0,10.9,10.94,1.86,0.0
20161101:1610,0.0,10.0,0.0,2.41,10.86,2.0,0.0
20161101:1710,0.0,0.0,0.0,0.0,10.76,1.93,0.0
20161101:1810,0.0,0.0,0.0,0.0,10.76,1.86,0.0
20161101:1910,0.0,0.0,0.0,0.0,10.3,1.86,0.0
20161101:2010,0.0,0.0,0.0,0.0,9.6,1.93,0.0
20161101:2110,0.0,0.0,0.0,0.0,9.01,2.07,0.0
20161101:2210,0.0,0.0,0.0,0.0,8.71,2.14,0.0
20161101:2310,0.0,0.0,0.0,0.0,8.78,2.07,0.0
20161102:0010,0.0,0.0,0.0,0.0,9.29,2.07,0.0
20161102:0110,0.0,0.0,0.0,0.0,9.72,2.07,0.0
20161102:0210,0.0,0.0,0.0,0.0,10.15,2.14,0.0
20161102:0310,0.0,0.0,0.0,0.0,10.44,2.14,0.0
20161102:0410,0.0,0.0,0.0,0.0,10.53,2.34,0.0
20161102:0510,0.0,0.0,0.0,0.0,10.57,2.55,0.0
20161102:0610,0.0,0.0,0.0,0.0,10.53,2.28,0.0
20161102:0710,1.0,19.8,0.0,4.06,9.98,1.31,0.0
20161102:0810,0.0,58.0,0.0,12.3,10.37,1.45,0.0
20161102:0910,0.0,55.0,0.0,19.13,10.67,2.14,0.0
20161102:1010,4.0,150.0,0.0,24.02,10.83,2.55,0.0
20161102:1110,69.0,215.0,0.0,26.46,10.81,2.76,0.0
20161102:1210,228.01,155.0,0.0,26.16,10.74,2.69,0.0
20161102:1310,110.0,176.0,0.0,23.16,10.61,2.76,0.0
20161102:1410,180.01,86.0,0.0,17.8,10.41,2.9,0.0
20161102:1510,83.0,57.0,0.0,10.63,10.35,3.1,0.0
20161102:1610,0.0,9.0,0.0,2.16,9.8,2.48,0.0
20161102:1710,0.0,0.0,0.0,0.0,9.05,2.28,0.0
20161102:1810,0.0,0.0,0.0,0.0,8.18,2.21,0.0
20161102:1910,0.0,0.0,0.0,0.0,7.34,2.34,0.0
20161102:2010,0.0,0.0,0.0,0.0,6.85,2.28,0.0
20161102:2110,0.0,0.0,0.0,0.0,6.64,2.14,0.0
20161102:2210,0.0,0.0,0.0,0.0,6.65,1.93,0.0
20161102:2310,0.0,0.0,0.0,0.0,6.01,1.79,0.0
20161103:0010,0.0,0.0,0.0,0.0,5.32,1.72,0.0
20161103:0110,0.0,0.0,0.0,0.0,4.68,1.59,0.0
20161103:0210,0.0,0.0,0.0,0.0,4.03,1.59,0.0
20161103:0310,0.0,0.0,0.0,0.0,3.42,1.59,0.0
20161103:0410,0.0,0.0,0.0,0.0,2.83,1.38,0.0
20161103:0510,0.0,0.0,0.0,0.0,2.85,1.17,0.0
20161103:0610,0.0,0.0,0.0,0.0,2.74,1.03,0.0
20161103:0710,11.0,18.5,0.0,3.81,1.13,1.31,0.0
20161103:0810,117.01,56.0,0.0,12.03,2.42,0.83,0.0
20161103:0910,230.01,73.0,0.0,18.83,5.52,1.03,0.0
20161103:1010,288.01,96.0,0.0,23.71,7.49,1.17,0.0
20161103:1110,344.01,91.0,0.0,26.15,8.94,1.31,0.0
20161103:1210,328.01,97.0,0.0,25.85,9.94,1.59,0.0
20161103:1310,315.01,72.0,0.0,22.86,10.53,1.93,0.0
20161103:1410,204.01,72.0,0.0,17.52,10.72,2.0,0.0
20161103:1510,83.0,56.0,0.0,10.37,10.49,1.79,0.0
20161103:1610,0.0,8.0,0.0,1.91,9.6,1.72,0.0
20161103:1710,0.0,0.0,0.0,0.0,8.05,2.21,0.0
20161103:1810,0.0,0.0,0.0,0.0,6.78,2.41,0.0
20161103:1910,0.0,0.0,0.0,0.0,6.08,2.34,0.0
20161103:2010,0.0,0.0,0.0,0.0,5.36,2.41,0.0
20161103:2110,0.0,0.0,0.0,0.0,4.87,2.55,0.0
20161103:2210,0.0,0.0,0.0,0.0,4.59,2.62,0.0
20161103:2310,0.0,0.0,0.0,0.0,4.39,2.34,0.0
20161104:0010,0.0,0.0,0.0,0.0,3.96,1.86,0.0
20161104:0110,0.0,0.0,0.0,0.0,3.52,1.66,0.0
20161104:0210,0.0,0.0,0.0,0.0,3.04,1.59,0.0
20161104:0310,0.0,0.0,0.0,0.0,2.62,1.31,0.0
20161104:0410,0.0,0.0,0.0,0.0,2.45,1.17,0.0
20161104:0510,0.0,0.0,0.0,0.0,2.31,1.17,0.0
20161104:0610,0.0,0.0,0.0,0.0,2.81,1.17,0.0
20161104:0710,11.0,16.58,0.0,3.55,3.37,1.52,0.0
20161104:0810,21.0,86.0,0.0,11.75,4.25,1.17,0.0
20161104:0910,0.0,65.0,0.0,18.55,5.68,1.38,0.0
20161104:1010,0.0,34.0,0.0,23.41,6.34,1.31,0.0
20161104:1110,0.0,65.0,0.0,25.84,7.67,0.97,0.0
20161104:1210,0.0,83.0,0.0,25.54,8.55,1.24,0.0
20161104:1310,0.0,113.0,0.0,22.56,9.46,2.14,0.0
20161104:1410,19.0,129.0,0.0,17.25,9.88,2.62,0.0
20161104:1510,0.0,43.0,0.0,10.11,10.1,2.48,0.0
20161104:1610,0.0,3.0,0.0,1.67,9.39,2.41,0.0
20161104:1710,0.0,0.0,0.0,0.0,8.81,2.76,0.0
20161104:1810,0.0,0.0,0.0,0.0,8.79,3.45,0.0
20161104:1910,0.0,0.0,0.0,0.0,8.6,3.17,0.0
20161104:2010,0.0,0.0,0.0,0.0,8.53,3.1,0.0
20161104:2110,0.0,0.0,0.0,0.0,8.4,3.03,0.0
20161104:2210,0.0,0.0,0.0,0.0,8.35,3.1,0.0
20161104:2310,0.0,0.0,0.0,0.0,8.37,3.17,0.0
20161105:0010,0.0,0.0,0.0,0.0,8.4,2.9,0.0
20161105:0110,0.0,0.0,0.0,0.0,8.44,2.55,0.0
20161105:0210,0.0,0.0,0.0,0.0,8.47,2.28,0.0
20161105:0310,0.0,0.0,0.0,0.0,8.51,1.72,0.0
20161105:0410,0.0,0.0,0.0,0.0,8.53,1.59,0.0
20161105:0510,0.0,0.0,0.0,0.0,8.51,1.79,0.0
20161105:0610,0.0,0.0,0.0,0.0,8.39,2.28,0.0
20161105:0710,0.0,12.0,0.0,3.3,7.9,3.1,0.0
20161105:0810,3.0,68.0,0.0,11.49,7.69,2.83,0.0
20161105:0910,37.0,142.0,0.0,18.26,7.78,2.48,0.0
20161105:1010,321.01,69.0,0.0,23.1,8.23,2.62,0.0
20161105:1110,302.01,105.0,0.0,25.53,9.01,2.97,0.0
20161105:1210,55.0,203.0,0.0,25.24,9.82,3.59,0.0
20161105:1310,181.01,136.0,0.0,22.27,10.17,4.0,0.0
20161105:1410,163.01,86.0,0.0,16.98,10.42,4.07,0.0
20161105:1510,26.0,70.0,0.0,9.86,10.27,3.31,0.0
20161105:1610,0.0,0.0,0.0,0.0,9.75,2.83,0.0
20161105:1710,0.0,0.0,0.0,0.0,8.67,2.76,0.0
20161105:1810,0.0,0.0,0.0,0.0,7.89,2.83,0.0
20161105:1910,0.0,0.0,0.0,0.0,7.64,2.69,0.0
20161105:2010,0.0,0.0,0.0,0.0,6.85,2.55,0.0
20161105:2110,0.0,0.0,0.0,0.0,6.16,2.55,0.0
20161105:2210,0.0,0.0,0.0,0.0,5.68,2.55,0.0
20161105:2310,0.0,0.0,0.0,0.0,5.49,2.48,0.0
20161106:0010,0.0,0.0,0.0,0.0,5.27,2.34,0.0
20161106:0110,0.0,0.0,0.0,0.0,5.23,2.34,0.0
20161106:0210,0.0,0.0,0.0,0.0,4.64,2.41,0.0
20161106:0310,0.0,0.0,0.0,0.0,4.14,2.48,0.0
20161106:0410,0.0,0.0,0.0,0.0,3.73,2.48,0.0
20161106:0510,0.0,0.0,0.0,0.0,3.18,2.41,0.0
20161106:0610,0.0,0.0,0.0,0.0,2.7,2.34,0.0
20161106:0710,14.0,11.35,0.0,3.05,2.29,2.07,0.0
20161106:0810,118.01,48.0,0.0,11.22,3.11,1.86,0.0
20161106:0910,238.01,60.0,0.0,17.98,4.63,2.07,0.0
20161106:1010,189.01,142.0,0.0,22.81,5.9,2.83,0.0
20161106:1110,10.0,178.0,0.0,25.23,7.07,3.38,0.0
20161106:1210,260.01,128.0,0.0,24.94,7.82,3.24,0.0
20161106:1310,98.0,172.0,0.0,21.99,8.15,3.31,0.0
20161106:1410,119.01,109.0,0.0,16.71,8.16,3.31,0.0
20161106:1510,97.01,42.0,0.0,9.62,7.02,3.38,0.0
20161106:1610,0.0,0.0,0.0,0.0,6.36,2.48,0.0
20161106:1710,0.0,0.0,0.0,0.0,5.22,2.41,0.0
20161106:1810,0.0,0.0,0.0,0.0,4.29,2.55,0.0
20161106:1910,0.0,0.0,0.0,0.0,3.63,2.34,0.0
20161106:2010,0.0,0.0,0.0,0.0,3.29,2.34,0.0
20161106:2110,0.0,0.0,0.0,0.0,3.1,2.34,0.0
20161106:2210,0.0,0.0,0.0,0.0,2.71,2.41,0.0
20161106:2310,0.0,0.0,0.0,0.0,2.2,2.55,0.0
20161107:0010,0.0,0.0,0.0,0.0,1.91,2.76,0.0
20161107:0110,0.0,0.0,0.0,0.0,1.7,2.76,0.0
20161107:0210,0.0,0.0,0.0,0.0,1.42,2.83,0.0
20161107:0310,0.0,0.0,0.0,0.0,1.2,2.97,0.0
20161107:0410,0.0,0.0,0.0,0.0,1.13,3.1,0.0
20161107:0510,0.0,0.0,0.0,0.0,1.17,3.17,0.0
20161107:0610,0.0,0.0,0.0,0.0,1.51,3.31,0.0
20161107:0710,0.0,2.0,0.0,2.8,1.94,3.66,0.0
20161107:0810,0.0,49.0,0.0,10.95,2.27,3.31,0.0
20161107:0910,10.0,126.0,0.0,17.7,2.84,3.52,0.0
20161107:1010,0.0,51.0,0.0,22.51,3.63,2.9,0.0
20161107:1110,0.0,111.0,0.0,24.93,4.42,2.62,0.0
20161107:1210,0.0,118.0,0.0,24.65,4.97,1.24,0.0
20161107:1310,0.0,56.0,0.0,21.71,5.33,0.9,0.0
20161107:1410,0.0,68.0,0.0,16.45,5.44,1.93,0.0
20161107:1510,3.0,57.0,0.0,9.38,4.96,2.28,0.0
20161107:1610,0.0,0.0,0.0,0.0,4.35,2.28,0.0
20161107:1710,0.0,0.0,0.0,0.0,3.98,2.28,0.0
20161107:1810,0.0,0.0,0.0,0.0,3.94,2.07,0.0
20161107:1910,0.0,0.0,0.0,0.0,3.99,2.69,0.0
20161107:2010,0.0,0.0,0.0,0.0,3.87,2.48,0.0
20161107:2110,0.0,0.0,0.0,0.0,3.86,2.34,0.0
20161107:2210,0.0,0.0,0.0,0.0,3.95,2.21,0.0
20161107:2310,0.0,0.0,0.0,0.0,3.94,2.07,0.0
20161108:0010,0.0,0.0,0.0,0.0,4.09,2.0,0.0
20161108:0110,0.0,0.0,0.0,0.0,4.09,1.93,0.0
20161108:0210,0.0,0.0,0.0,0.0,3.86,2.0,0.0
20161108:0310,0.0,0.0,0.0,0.0,3.51,2.14,0.0
20161108:0410,0.0,0.0,0.0,0.0,3.39,2.28,0.0
20161108:0510,0.0,0.0,0.0,0.0,3.24,2.41,0.0
20161108:0610,0.0,0.0,0.0,0.0,3.3,2.55,0.0
20161108:0710,3.0,11.42,0.0,2.55,2.74,2.14,0.0
20161108:0810,39.0,77.0,0.0,10.69,3.2,3.38,0.0
20161108:0910,0.0,82.0,0.0,17.42,3.73,3.03,0.0
20161108:1010,142.01,158.0,0.0,22.22,4.45,2.97,0.0
20161108:1110,21.0,188.0,0.0,24.63,5.26,2.97,0.0
20161108:1210,0.0,104.0,0.0,24.36,6.11,3.24,0.0
20161108:1310,108.0,163.0,0.0,21.43,6.54,3.59,0.0
20161108:1410,37.0,128.0,0.0,16.19,6.79,3.38,0.0
20161108:1510,68.0,51.0,0.0,9.14,6.56,2.41,0.0
20161108:1610,0.0,0.0,0.0,0.0,6.0,2.34,0.0
20161108:1710,0.0,0.0,0.0,0.0,4.86,2.34,0.0
20161108:1810,0.0,0.0,0.0,0.0,4.19,2.48,0.0
20161108:1910,0.0,0.0,0.0,0.0,4.22,2.48,0.0
20161108:2010,0.0,0.0,0.0,0.0,4.41,2.83,0.0
20161108:2110,0.0,0.0,0.0,0.0,4.62,3.17,0.0
20161108:2210,0.0,0.0,0.0,0.0,4.98,3.52,0.0
20161108:2310,0.0,0.0,0.0,0.0,5.17,3.86,0.0
20161109:0010,0.0,0.0,0.0,0.0,5.38,4.07,0.0
20161109:0110,0.0,0.0,0.0,0.0,5.53,4.07,0.0
20161109:0210,0.0,0.0,0.0,0.0,5.7,4.14,0.0
20161109:0310,0.0,0.0,0.0,0.0,5.93,4.34,0.0
20161109:0410,0.0,0.0,0.0,0.0,6.17,4.62,0.0
20161109:0510,0.0,0.0,0.0,0.0,6.4,4.76,0.0
20161109:0610,0.0,0.0,0.0,0.0,6.56,4.83,0.0
20161109:0710,0.0,0.0,0.0,0.0,6.48,4.62,0.0
20161109:0810,0.0,41.0,0.0,10.43,6.68,4.48,0.0
20161109:0910,0.0,48.0,0.0,17.14,6.99,4.41,0.0
20161109:1010,0.0,66.0,0.0,21.94,7.47,4.21,0.0
20161109:1110,37.0,193.0,0.0,24.34,8.35,6.0,0.0
20161109:1210,0.0,73.0,0.0,24.07,8.5,7.52,0.0
20161109:1310,16.0,157.0,0.0,21.16,9.02,8.14,0.0
20161109:1410,26.0,122.0,0.0,15.95,9.79,8.83,0.0
20161109:1510,82.01,41.0,0.0,8.91,9.7,8.21,0.0
20161109:1610,0.0,0.0,0.0,0.0,9.46,7.31,0.0
20161109:1710,0.0,0.0,0.0,0.0,8.99,6.41,0.0
20161109:1810,0.0,0.0,0.0,0.0,8.63,5.79,0.0
20161109:1910,0.0,0.0,0.0,0.0,8.57,5.24,0.0
20161109:2010,0.0,0.0,0.0,0.0,8.0,4.97,0.0
20161109:2110,0.0,0.0,0.0,0.0,7.69,4.97,0.0
20161109:2210,0.0,0.0,0.0,0.0,7.69,5.38,0.0
20161109:2310,0.0,0.0,0.0,0.0,7.6,5.45,0.0
20161110:0010,0.0,0.0,0.0,0.0,7.88,5.24,0.0
20161110:0110,0.0,0.0,0.0,0.0,8.09,5.1,0.0
20161110:0210,0.0,0.0,0.0,0.0,8.07,4.69,0.0
20161110:0310,0.0,0.0,0.0,0.0,7.72,4.28,0.0
20161110:0410,0.0,0.0,0.0,0.0,7.49,4.07,0.0
20161110:0510,0.0,0.0,0.0,0.0,7.42,3.86,0.0
20161110:0610,0.0,0.0,0.0,0.0,7.45,3.79,0.0
20161110:0710,0.0,7.0,0.0,2.06,7.35,3.31,0.0
20161110:0810,14.0,71.0,0.0,10.17,7.77,3.38,0.0
20161110:0910,14.0,122.0,0.0,16.87,8.36,3.1,0.0
20161110:1010,31.0,170.0,0.0,21.65,9.26,4.14,0.0
20161110:1110,0.0,116.0,0.0,24.06,9.85,4.21,0.0
20161110:1210,3.0,148.0,0.0,23.79,10.1,3.93,0.0
20161110:1310,0.0,106.0,0.0,20.9,10.4,3.79,0.0
20161110:1410,28.0,120.0,0.0,15.7,10.36,4.0,0.0
20161110:1510,25.0,60.0,0.0,8.69,10.32,4.0,0.0
20161110:1610,0.0,0.0,0.0,0.0,9.91,3.66,0.0
20161110:1710,0.0,0.0,0.0,0.0,9.29,3.52,0.0
20161110:1810,0.0,0.0,0.0,0.0,8.88,3.59,0.0
20161110:1910,0.0,0.0,0.0,0.0,8.84,4.41,0.0
20161110:2010,0.0,0.0,0.0,0.0,8.82,4.55,0.0
20161110:2110,0.0,0.0,0.0,0.0,8.75,5.03,0.0
20161110:2210,0.0,0.0,0.0,0.0,8.22,5.17,0.0
20161110:2310,0.0,0.0,0.0,0.0,7.53,4.62,0.0
20161111:0010,0.0,0.0,0.0,0.0,6.95,4.28,0.0
20161111:0110,0.0,0.0,0.0,0.0,6.37,4.14,0.0
20161111:0210,0.0,0.0,0.0,0.0,6.18,4.14,0.0
20161111:0310,0.0,0.0,0.0,0.0,5.93,4.21,0.0
20161111:0410,0.0,0.0,0.0,0.0,5.66,4.07,0.0
20161111:0510,0.0,0.0,0.0,0.0,5.47,3.86,0.0
20161111:0610,0.0,0.0,0.0,0.0,5.28,3.66,0.0
20161111:0710,0.0,8.0,0.0,1.82,5.36,3.72,0.0
20161111:0810,61.0,62.0,0.0,9.92,5.76,3.45,0.0
20161111:0910,3.0,101.0,0.0,16.6,6.82,3.03,0.0
20161111:1010,44.0,174.0,0.0,21.38,7.99,4.62,0.0
20161111:1110,135.01,178.0,0.0,23.77,8.64,4.41,0.0
20161111:1210,267.01,109.0,0.0,23.52,8.95,3.93,0.0
20161111:1310,58.0,168.0,0.0,20.64,8.96,3.45,0.0
20161111:1410,189.01,59.0,0.0,15.46,9.0,3.45,0.0
20161111:1510,77.01,40.0,0.0,8.47,8.71,2.97,0.0
20161111:1610,0.0,0.0,0.0,0.0,7.53,2.14,0.0
20161111:1710,0.0,0.0,0.0,0.0,6.15,2.14,0.0
20161111:1810,0.0,0.0,0.0,0.0,4.95,2.07,0.0
20161111:1910,0.0,0.0,0.0,0.0,3.75,2.07,0.0
20161111:2010,0.0,0.0,0.0,0.0,2.67,1.86,0.0
20161111:2110,0.0,0.0,0.0,0.0,1.57,1.72,0.0
20161111:2210,0.0,0.0,0.0,0.0,0.78,1.79,0.0
20161111:2310,0.0,0.0,0.0,0.0,0.16,1.86,0.0
20161112:0010,0.0,0.0,0.0,0.0,-0.44,1.86,0.0
20161112:0110,0.0,0.0,0.0,0.0,-0.81,1.93,0.0
20161112:0210,0.0,0.0,0.0,0.0,-0.9,1.93,0.0
20161112:0310,0.0,0.0,0.0,0.0,-0.69,1.86,0.0
20161112:0410,0.0,0.0,0.0,0.0,-0.87,1.93,0.0
20161112:0510,0.0,0.0,0.0,0.0,-0.79,2.0,0.0
20161112:0610,0.0,0.0,0.0,0.0,-0.51,2.28,0.0
20161112:0710,0.0,6.0,0.0,1.58,-1.1,2.41,0.0
20161112:0810,79.01,50.0,0.0,9.66,-0.08,2.62,0.0
20161112:0910,75.0,121.0,0.0,16.34,2.26,3.1,0.0
20161112:1010,25.0,162.0,0.0,21.1,4.0,3.38,0.0
20161112:1110,3.0,145.0,0.0,23.5,5.06,3.45,0.0
20161112:1210,8.0,160.0,0.0,23.25,5.68,3.38,0.0
20161112:1310,0.0,107.0,0.0,20.39,6.34,3.38,0.0
20161112:1410,1.0,87.0,0.0,15.23,6.83,3.52,0.0
20161112:1510,0.0,22.0,0.0,8.26,6.75,2.9,0.0
20161112:1610,0.0,0.0,0.0,0.0,6.13,3.38,0.0
20161112:1710,0.0,0.0,0.0,0.0,6.0,3.72,0.0
20161112:1810,0.0,0.0,0.0,0.0,6.09,3.72,0.0
20161112:1910,0.0,0.0,0.0,0.0,6.37,3.59,0.0
20161112:2010,0.0,0.0,0.0,0.0,6.54,3.45,0.0
20161112:2110,0.0,0.0,0.0,0.0,6.63,3.24,0.0
20161112:2210,0.0,0.0,0.0,0.0,6.7,2.97,0.0
20161112:2310,0.0,0.0,0.0,0.0,6.78,2.9,0.0
20161113:0010,0.0,0.0,0.0,0.0,6.88,2.62,0.0
20161113:0110,0.0,0.0,0.0,0.0,7.04,2.48,0.0
20161113:0210,0.0,0.0,0.0,0.0,7.17,2.07,0.0
20161113:0310,0.0,0.0,0.0,0.0,7.26,1.66,0.0
20161113:0410,0.0,0.0,0.0,0.0,7.26,1.24,0.0
20161113:0510,0.0,0.0,0.0,0.0,7.23,0.69,0.0
20161113:0610,0.0,0.0,0.0,0.0,7.3,0.62,0.0
20161113:0710,0.0,0.0,0.0,0.0,7.34,2.48,0.0
20161113:0810,19.0,66.0,0.0,9.41,7.34,2.83,0.0
20161113:0910,0.0,76.0,0.0,16.07,7.56,3.1,0.0
20161113:1010,0.0,69.0,0.0,20.83,8.08,4.07,0.0
20161113:1110,0.0,75.0,0.0,23.22,8.75,3.93,0.0
20161113:1210,0.0,88.0,0.0,22.98,9.07,3.86,0.0
20161113:1310,0.0,84.0,0.0,20.14,9.13,3.72,0.0
20161113:1410,0.0,45.0,0.0,15.0,9.45,4.0,0.0
20161113:1510,3.0,47.0,0.0,8.05,9.5,3.38,0.0
20161113:1610,0.0,0.0,0.0,0.0,9.24,3.17,0.0
20161113:1710,0.0,0.0,0.0,0.0,9.07,3.24,0.0
20161113:1810,0.0,0.0,0.0,0.0,9.05,3.31,0.0
20161113:1910,0.0,0.0,0.0,0.0,8.86,3.93,0.0
20161113:2010,0.0,0.0,0.0,0.0,8.75,4.0,0.0
20161113:2110,0.0,0.0,0.0,0.0,8.72,3.86,0.0
20161113:2210,0.0,0.0,0.0,0.0,8.61,3.66,0.0
20161113:2310,0.0,0.0,0.0,0.0,8.47,3.31,0.0
20161114:0010,0.0,0.0,0.0,0.0,8.26,3.03,0.0
20161114:0110,0.0,0.0,0.0,0.0,7.99,2.76,0.0
20161114:0210,0.0,0.0,0.0,0.0,7.59,2.41,0.0
20161114:0310,0.0,0.0,0.0,0.0,7.3,2.34,0.0
20161114:0410,0.0,0.0,0.0,0.0,7.02,2.41,0.0
20161114:0510,0.0,0.0,0.0,0.0,6.72,2.28,0.0
20161114:0610,0.0,0.0,0.0,0.0,6.4,2.14,0.0
20161114:0710,0.0,0.0,0.0,0.0,6.19,1.66,0.0
20161114:0810,6.0,58.0,0.0,9.17,6.12,1.45,0.0
20161114:0910,0.0,47.0,0.0,15.82,6.48,1.38,0.0
20161114:1010,14.0,149.0,0.0,20.56,7.0,1.52,0.0
20161114:1110,21.0,174.0,0.0,22.96,7.51,1.59,0.0
20161114:1210,2.0,135.0,0.0,22.73,7.94,1.38,0.0
20161114:1310,20.0,150.0,0.0,19.9,8.34,1.52,0.0
20161114:1410,16.0,108.0,0.0,14.78,8.67,1.38,0.0
20161114:1510,29.0,52.0,0.0,7.85,8.72,1.1,0.0
20161114:1610,0.0,0.0,0.0,0.0,8.68,0.97,0.0
20161114:1710,0.0,0.0,0.0,0.0,8.38,0.83,0.0
20161114:1810,0.0,0.0,0.0,0.0,7.85,1.1,0.0
20161114:1910,0.0,0.0,0.0,0.0,7.66,1.45,0.0
20161114:2010,0.0,0.0,0.0,0.0,7.14,1.72,0.0
20161114:2110,0.0,0.0,0.0,0.0,6.63,2.14,0.0
20161114:2210,0.0,0.0,0.0,0.0,6.79,2.34,0.0
20161114:2310,0.0,0.0,0.0,0.0,7.03,2.55,0.0
20161115:0010,0.0,0.0,0.0,0.0,7.23,2.83,0.0
20161115:0110,0.0,0.0,0.0,0.0,7.65,2.97,0.0
20161115:0210,0.0,0.0,0.0,0.0,7.93,2.97,0.0
20161115:0310,0.0,0.0,0.0,0.0,8.28,2.97,0.0
20161115:0410,0.0,0.0,0.0,0.0,8.54,2.97,0.0
20161115:0510,0.0,0.0,0.0,0.0,8.83,2.97,0.0
20161115:0610,0.0,0.0,0.0,0.0,9.04,2.97,0.0
20161115:0710,0.0,0.0,0.0,0.0,8.95,2.97,0.0
20161115:0810,4.0,53.0,0.0,8.92,9.32,2.9,0.0
20161115:0910,3.0,94.0,0.0,15.56,9.84,2.9,0.0
20161115:1010,0.0,61.0,0.0,20.3,10.34,2.83,0.0
20161115:1110,2.0,134.0,0.0,22.7,10.93,3.45,0.0
20161115:1210,0.0,71.0,0.0,22.47,11.26,3.45,0.0
20161115:1310,1.0,104.0,0.0,19.66,11.39,3.1,0.0
20161115:1410,6.0,93.0,0.0,14.57,11.22,2.83,0.0
20161115:1510,0.0,22.0,0.0,7.66,11.19,2.9,0.0
20161115:1610,0.0,0.0,0.0,0.0,11.17,2.83,0.0
20161115:1710,0.0,0.0,0.0,0.0,11.19,2.76,0.0
20161115:1810,0.0,0.0,0.0,0.0,11.29,2.69,0.0
20161115:1910,0.0,0.0,0.0,0.0,11.36,2.62,0.0
20161115:2010,0.0,0.0,0.0,0.0,11.39,2.62,0.0
20161115:2110,0.0,0.0,0.0,0.0,11.34,2.69,0.0
20161115:2210,0.0,0.0,0.0,0.0,11.29,2.76,0.0
20161115:2310,0.0,0.0,0.0,0.0,11.34,2.83,0.0
20161116:0010,0.0,0.0,0.0,0.0,11.39,2.9,0.0
20161116:0110,0.0,0.0,0.0,0.0,11.44,2.9,0.0
20161116:0210,0.0,0.0,0.0,0.0,11.5,2.9,0.0
20161116:0310,0.0,0.0,0.0,0.0,11.58,2.9,0.0
20161116:0410,0.0,0.0,0.0,0.0,11.66,3.03,0.0
20161116:0510,0.0,0.0,0.0,0.0,11.76,3.1,0.0
20161116:0610,0.0,0.0,0.0,0.0,11.67,3.17,0.0
20161116:0710,0.0,0.0,0.0,0.0,11.65,3.66,0.0
20161116:0810,0.0,25.0,0.0,8.68,11.67,3.86,0.0
20161116:0910,1.0,84.0,0.0,15.31,11.89,4.14,0.0
20161116:1010,4.0,125.0,0.0,20.04,12.12,0.0,0.0
20161116:1110,0.0,71.0,0.0,22.44,12.54,0.0,0.0
20161116:1210,0.0,56.0,0.0,22.23,12.69,5.17,0.0
20161116:1310,0.0,56.0,0.0,19.43,12.55,4.9,0.0
20161116:1410,0.0,44.0,0.0,14.36,12.45,5.03,0.0
20161116:1510,2.0,39.0,0.0,7.47,12.17,4.83,0.0
20161116:1610,0.0,0.0,0.0,0.0,11.89,4.69,0.0
20161116:1710,0.0,0.0,0.0,0.0,11.69,4.69,0.0
20161116:1810,0.0,0.0,0.0,0.0,11.54,4.62,0.0
20161116:1910,0.0,0.0,0.0,0.0,11.54,4.48,0.0
20161116:2010,0.0,0.0,0.0,0.0,11.41,4.48,0.0
20161116:2110,0.0,0.0,0.0,0.0,11.3,4.69,0.0
20161116:2210,0.0,0.0,0.0,0.0,11.25,4.83,0.0
20161116:2310,0.0,0.0,0.0,0.0,11.34,4.9,0.0
20161117:0010,0.0,0.0,0.0,0.0,11.5,5.24,0.0
20161117:0110,0.0,0.0,0.0,0.0,11.68,5.59,0.0
20161117:0210,0.0,0.0,0.0,0.0,11.46,5.52,0.0
20161117:0310,0.0,0.0,0.0,0.0,11.07,4.9,0.0
20161117:0410,0.0,0.0,0.0,0.0,10.7,4.55,0.0
20161117:0510,0.0,0.0,0.0,0.0,10.52,4.62,0.0
20161117:0610,0.0,0.0,0.0,0.0,10.3,4.9,0.0
20161117:0710,0.0,0.0,0.0,0.0,10.77,5.24,0.0
20161117:0810,4.0,50.0,0.0,8.44,10.46,5.17,0.0
20161117:0910,9.0,104.0,0.0,15.06,10.62,5.52,0.0
20161117:1010,2.0,115.0,0.0,19.79,11.16,6.41,0.0
20161117:1110,8.0,152.0,0.0,22.19,11.78,6.28,0.0
20161117:1210,75.0,174.0,0.0,21.99,12.41,6.07,0.0
20161117:1310,18.0,143.0,0.0,19.21,12.78,5.38,0.0
20161117:1410,3.0,88.0,0.0,14.16,12.8,6.62,0.0
20161117:1510,2.0,39.0,0.0,7.29,12.6,6.55,0.0
20161117:1610,0.0,0.0,0.0,0.0,12.23,6.41,0.0
20161117:1710,0.0,0.0,0.0,0.0,12.17,6.76,0.0
20161117:1810,0.0,0.0,0.0,0.0,12.23,7.17,0.0
20161117:1910,0.0,0.0,0.0,0.0,12.43,7.24,0.0
20161117:2010,0.0,0.0,0.0,0.0,12.16,7.59,0.0
20161117:2110,0.0,0.0,0.0,0.0,11.84,7.66,0.0
20161117:2210,0.0,0.0,0.0,0.0,11.58,7.72,0.0
20161117:2310,0.0,0.0,0.0,0.0,11.39,7.93,0.0
20161118:0010,0.0,0.0,0.0,0.0,11.31,8.69,0.0
20161118:0110,0.0,0.0,0.0,0.0,11.53,8.76,0.0
20161118:0210,0.0,0.0,0.0,0.0,11.45,9.31,0.0
20161118:0310,0.0,0.0,0.0,0.0,10.82,8.34,0.0
20161118:0410,0.0,0.0,0.0,0.0,9.76,6.83,0.0
20161118:0510,0.0,0.0,0.0,0.0,9.12,6.07,0.0
20161118:0610,0.0,0.0,0.0,0.0,8.83,6.14,0.0
20161118:0710,0.0,0.0,0.0,0.0,9.06,5.72,0.0
20161118:0810,6.0,52.0,0.0,8.21,8.81,5.79,0.0
20161118:0910,30.0,114.0,0.0,14.82,8.88,6.0,0.0
20161118:1010,1.0,103.0,0.0,19.54,9.26,5.93,0.0
20161118:1110,162.01,145.0,0.0,21.94,9.8,7.52,0.0
20161118:1210,281.01,78.0,0.0,21.75,9.9,7.72,0.0
20161118:1310,18.0,143.0,0.0,18.99,10.2,7.93,0.0
20161118:1410,102.01,86.0,0.0,13.96,10.11,7.66,0.0
20161118:1510,60.01,34.0,0.0,7.11,9.57,6.55,0.0
20161118:1610,0.0,0.0,0.0,0.0,8.82,5.45,0.0
20161118:1710,0.0,0.0,0.0,0.0,8.02,4.76,0.0
20161118:1810,0.0,0.0,0.0,0.0,7.5,4.41,0.0
20161118:1910,0.0,0.0,0.0,0.0,7.11,4.14,0.0
20161118:2010,0.0,0.0,0.0,0.0,6.8,4.48,0.0
20161118:2110,0.0,0.0,0.0,0.0,6.82,4.69,0.0
20161118:2210,0.0,0.0,0.0,0.0,7.07,4.76,0.0
20161118:2310,0.0,0.0,0.0,0.0,6.95,4.69,0.0
20161119:0010,0.0,0.0,0.0,0.0,6.59,4.48,0.0
20161119:0110,0.0,0.0,0.0,0.0,6.13,4.55,0.0
20161119:0210,0.0,0.0,0.0,0.0,5.76,4.55,0.0
20161119:0310,0.0,0.0,0.0,0.0,5.6,4.48,0.0
20161119:0410,0.0,0.0,0.0,0.0,5.13,4.41,0.0
20161119:0510,0.0,0.0,0.0,0.0,4.74,4.34,0.0
20161119:0610,0.0,0.0,0.0,0.0,4.58,4.28,0.0
20161119:0710,0.0,0.0,0.0,0.0,4.26,4.62,0.0
20161119:0810,68.01,38.0,0.0,7.97,4.83,4.55,0.0
20161119:0910,147.01,70.0,0.0,14.58,5.75,4.21,0.0
20161119:1010,216.01,87.0,0.0,19.3,6.86,5.93,0.0
20161119:1110,272.01,83.0,0.0,21.7,7.78,6.55,0.0
20161119:1210,194.01,126.0,0.0,21.52,8.28,5.93,0.0
20161119:1310,103.0,138.0,0.0,18.78,8.68,5.17,0.0
20161119:1410,128.01,72.0,0.0,13.77,9.03,4.9,0.0
20161119:1510,17.0,47.0,0.0,6.94,8.7,4.07,0.0
20161119:1610,0.0,0.0,0.0,0.0,7.87,3.93,0.0
20161119:1710,0.0,0.0,0.0,0.0,7.38,4.21,0.0
20161119:1810,0.0,0.0,0.0,0.0,7.37,4.55,0.0
20161119:1910,0.0,0.0,0.0,0.0,7.75,4.97,0.0
20161119:2010,0.0,0.0,0.0,0.0,7.82,5.31,0.0
20161119:2110,0.0,0.0,0.0,0.0,7.9,5.86,0.0
20161119:2210,0.0,0.0,0.0,0.0,8.0,6.55,0.0
20161119:2310,0.0,0.0,0.0,0.0,7.87,7.1,0.0
20161120:0010,0.0,0.0,0.0,0.0,8.02,7.72,0.0
20161120:0110,0.0,0.0,0.0,0.0,8.57,8.34,0.0
20161120:0210,0.0,0.0,0.0,0.0,9.67,9.24,0.0
20161120:0310,0.0,0.0,0.0,0.0,10.77,9.79,0.0
20161120:0410,0.0,0.0,0.0,0.0,11.82,10.62,0.0
20161120:0510,0.0,0.0,0.0,0.0,11.97,10.9,0.0
20161120:0610,0.0,0.0,0.0,0.0,11.97,10.55,0.0
20161120:0710,0.0,0.0,0.0,0.0,11.73,9.72,0.0
20161120:0810,1.0,37.0,0.0,7.75,11.6,9.03,0.0
20161120:0910,0.0,45.0,0.0,14.34,11.8,8.55,0.0
20161120:1010,11.0,135.0,0.0,19.06,12.14,7.52,0.0
20161120:1110,3.0,129.0,0.0,21.47,12.16,7.17,0.0
20161120:1210,11.0,152.0,0.0,21.3,12.05,6.28,0.0
20161120:1310,0.0,79.0,0.0,18.57,11.98,5.66,0.0
20161120:1410,0.0,68.0,0.0,13.58,12.01,5.59,0.0
20161120:1510,3.0,38.0,0.0,6.78,12.3,5.66,0.0
20161120:1610,0.0,0.0,0.0,0.0,12.56,5.52,0.0
20161120:1710,0.0,0.0,0.0,0.0,12.32,4.97,0.0
20161120:1810,0.0,0.0,0.0,0.0,12.14,4.62,0.0
20161120:1910,0.0,0.0,0.0,0.0,11.65,3.59,0.0
20161120:2010,0.0,0.0,0.0,0.0,11.09,3.79,0.0
20161120:2110,0.0,0.0,0.0,0.0,11.3,5.1,0.0
20161120:2210,0.0,0.0,0.0,0.0,11.48,6.21,0.0
20161120:2310,0.0,0.0,0.0,0.0,11.3,6.34,0.0
20161121:0010,0.0,0.0,0.0,0.0,11.15,6.0,0.0
20161121:0110,0.0,0.0,0.0,0.0,11.32,5.38,0.0
20161121:0210,0.0,0.0,0.0,0.0,11.44,4.83,0.0
20161121:0310,0.0,0.0,0.0,0.0,11.6,4.48,0.0
20161121:0410,0.0,0.0,0.0,0.0,11.57,4.28,0.0
20161121:0510,0.0,0.0,0.0,0.0,11.39,4.21,0.0
20161121:0610,0.0,0.0,0.0,0.0,11.23,4.28,0.0
20161121:0710,0.0,0.0,0.0,0.0,11.6,4.21,0.0
20161121:0810,25.0,50.0,0.0,7.52,11.83,4.97,0.0
20161121:0910,0.0,71.0,0.0,14.11,12.83,5.66,0.0
20161121:1010,96.0,137.0,0.0,18.83,13.22,5.79,0.0
20161121:1110,25.0,164.0,0.0,21.24,13.58,5.79,0.0
20161121:1210,0.0,76.0,0.0,21.08,14.24,6.0,0.0
20161121:1310,1.0,97.0,0.0,18.37,13.4,6.76,0.0
20161121:1410,23.0,100.0,0.0,13.41,12.27,5.24,0.0
20161121:1510,0.0,14.0,0.0,6.62,11.99,4.55,0.0
20161121:1610,0.0,0.0,0.0,0.0,11.78,5.03,0.0
20161121:1710,0.0,0.0,0.0,0.0,11.63,5.59,0.0
20161121:1810,0.0,0.0,0.0,0.0,11.39,5.86,0.0
20161121:1910,0.0,0.0,0.0,0.0,12.0,5.52,0.0
20161121:2010,0.0,0.0,0.0,0.0,11.81,5.86,0.0
20161121:2110,0.0,0.0,0.0,0.0,11.41,5.86,0.0
20161121:2210,0.0,0.0,0.0,0.0,10.94,6.14,0.0
20161121:2310,0.0,0.0,0.0,0.0,10.64,6.34,0.0
20161122:0010,0.0,0.0,0.0,0.0,10.29,6.34,0.0
20161122:0110,0.0,0.0,0.0,0.0,10.18,6.14,0.0
20161122:0210,0.0,0.0,0.0,0.0,10.1,5.72,0.0
20161122:0310,0.0,0.0,0.0,0.0,9.98,5.38,0.0
20161122:0410,0.0,0.0,0.0,0.0,9.91,5.03,0.0
20161122:0510,0.0,0.0,0.0,0.0,9.43,4.55,0.0
20161122:0610,0.0,0.0,0.0,0.0,9.16,4.34,0.0
20161122:0710,0.0,0.0,0.0,0.0,8.64,4.07,0.0
20161122:0810,16.0,50.0,0.0,7.3,8.89,3.93,0.0
20161122:0910,22.0,104.0,0.0,13.89,9.85,3.38,0.0
20161122:1010,1.0,100.0,0.0,18.6,10.66,3.66,0.0
20161122:1110,21.0,161.0,0.0,21.01,11.35,4.07,0.0
20161122:1210,3.0,130.0,0.0,20.87,11.65,4.07,0.0
20161122:1310,6.0,121.0,0.0,18.18,11.72,3.79,0.0
20161122:1410,0.0,38.0,0.0,13.24,11.56,2.83,0.0
20161122:1510,24.0,42.0,0.0,6.47,11.2,2.48,0.0
20161122:1610,0.0,0.0,0.0,0.0,10.21,2.55,0.0
20161122:1710,0.0,0.0,0.0,0.0,9.3,2.28,0.0
20161122:1810,0.0,0.0,0.0,0.0,8.52,2.41,0.0
20161122:1910,0.0,0.0,0.0,0.0,7.95,1.86,0.0
20161122:2010,0.0,0.0,0.0,0.0,7.36,2.0,0.0
20161122:2110,0.0,0.0,0.0,0.0,6.86,1.72,0.0
20161122:2210,0.0,0.0,0.0,0.0,6.47,1.1,0.0
20161122:2310,0.0,0.0,0.0,0.0,6.37,1.59,0.0
20161123:0010,0.0,0.0,0.0,0.0,6.44,1.66,0.0
20161123:0110,0.0,0.0,0.0,0.0,6.75,1.93,0.0
20161123:0210,0.0,0.0,0.0,0.0,7.25,2.41,0.0
20161123:0310,0.0,0.0,0.0,0.0,7.71,3.1,0.0
20161123:0410,0.0,0.0,0.0,0.0,7.94,3.45,0.0
20161123:0510,0.0,0.0,0.0,0.0,7.98,3.45,0.0
20161123:0610,0.0,0.0,0.0,0.0,7.93,3.24,0.0
20161123:0710,0.0,0.0,0.0,0.0,8.35,1.93,0.0
20161123:0810,13.0,46.0,0.0,7.09,8.34,1.79,0.0
20161123:0910,33.0,103.0,0.0,13.66,9.22,1.66,0.0
20161123:1010,15.0,135.0,0.0,18.38,11.07,1.79,0.0
20161123:1110,247.01,81.0,0.0,20.8,13.0,2.21,0.0
20161123:1210,90.0,157.0,0.0,20.66,14.43,2.55,0.0
20161123:1310,12.0,128.0,0.0,17.99,15.31,2.76,0.0
20161123:1410,141.01,55.0,0.0,13.07,15.5,2.83,0.0
20161123:1510,30.0,38.0,0.0,6.33,14.92,3.03,0.0
20161123:1610,0.0,0.0,0.0,0.0,13.8,3.38,0.0
20161123:1710,0.0,0.0,0.0,0.0,12.87,3.59,0.0
20161123:1810,0.0,0.0,0.0,0.0,12.44,3.52,0.0
20161123:1910,0.0,0.0,0.0,0.0,12.0,3.45,0.0
20161123:2010,0.0,0.0,0.0,0.0,11.61,3.03,0.0
20161123:2110,0.0,0.0,0.0,0.0,10.91,2.97,0.0
20161123:2210,0.0,0.0,0.0,0.0,10.3,2.97,0.0
20161123:2310,0.0,0.0,0.0,0.0,9.89,3.17,0.0
20161124:0010,0.0,0.0,0.0,0.0,9.45,3.38,0.0
20161124:0110,0.0,0.0,0.0,0.0,9.01,3.52,0.0
20161124:0210,0.0,0.0,0.0,0.0,8.77,3.66,0.0
20161124:0310,0.0,0.0,0.0,0.0,8.57,4.0,0.0
20161124:0410,0.0,0.0,0.0,0.0,8.44,4.21,0.0
20161124:0510,0.0,0.0,0.0,0.0,8.51,4.28,0.0
20161124:0610,0.0,0.0,0.0,0.0,8.67,4.28,0.0
20161124:0710,0.0,0.0,0.0,0.0,9.53,4.28,0.0
20161124:0810,0.0,15.0,0.0,6.87,9.86,3.79,0.0
20161124:0910,13.0,96.0,0.0,13.45,10.55,3.86,0.0
20161124:1010,0.0,94.0,0.0,18.16,11.21,3.24,0.0
20161124:1110,0.0,91.0,0.0,20.58,11.68,3.52,0.0
20161124:1210,62.0,162.0,0.0,20.47,11.96,3.45,0.0
20161124:1310,20.0,134.0,0.0,17.81,11.92,3.03,0.0
20161124:1410,5.0,83.0,0.0,12.91,11.78,3.1,0.0
20161124:1510,12.0,41.0,0.0,6.19,11.6,2.97,0.0
20161124:1610,0.0,0.0,0.0,0.0,10.98,2.55,0.0
20161124:1710,0.0,0.0,0.0,0.0,10.18,2.48,0.0
20161124:1810,0.0,0.0,0.0,0.0,9.41,2.97,0.0
20161124:1910,0.0,0.0,0.0,0.0,9.67,3.1,0.0
20161124:2010,0.0,0.0,0.0,0.0,9.47,3.31,0.0
20161124:2110,0.0,0.0,0.0,0.0,9.16,3.45,0.0
20161124:2210,0.0,0.0,0.0,0.0,8.93,3.72,0.0
20161124:2310,0.0,0.0,0.0,0.0,8.72,3.86,0.0
20161125:0010,0.0,0.0,0.0,0.0,8.54,4.14,0.0
20161125:0110,0.0,0.0,0.0,0.0,8.38,4.34,0.0
20161125:0210,0.0,0.0,0.0,0.0,8.15,4.62,0.0
20161125:0310,0.0,0.0,0.0,0.0,8.18,4.69,0.0
20161125:0410,0.0,0.0,0.0,0.0,8.02,4.62,0.0
20161125:0510,0.0,0.0,0.0,0.0,7.83,4.62,0.0
20161125:0610,0.0,0.0,0.0,0.0,7.75,4.62,0.0
20161125:0710,0.0,0.0,0.0,0.0,7.94,4.76,0.0
20161125:0810,0.0,7.0,0.0,6.66,8.21,4.69,0.0
20161125:0910,0.0,20.0,0.0,13.23,8.58,4.55,0.0
20161125:1010,7.0,120.0,0.0,17.95,9.24,5.59,0.0
20161125:1110,0.0,70.0,0.0,20.38,9.76,5.24,0.0
20161125:1210,6.0,134.0,0.0,20.27,10.17,4.9,0.0
20161125:1310,0.0,38.0,0.0,17.64,10.54,4.69,0.0
20161125:1410,0.0,55.0,0.0,12.76,10.58,4.34,0.0
20161125:1510,25.0,37.0,0.0,6.06,10.58,3.31,0.0
20161125:1610,0.0,0.0,0.0,0.0,10.2,2.76,0.0
20161125:1710,0.0,0.0,0.0,0.0,9.96,2.48,0.0
20161125:1810,0.0,0.0,0.0,0.0,9.48,2.41,0.0
20161125:1910,0.0,0.0,0.0,0.0,8.93,2.07,0.0
20161125:2010,0.0,0.0,0.0,0.0,8.33,2.14,0.0
20161125:2110,0.0,0.0,0.0,0.0,8.02,2.0,0.0
20161125:2210,0.0,0.0,0.0,0.0,7.53,2.0,0.0
20161125:2310,0.0,0.0,0.0,0.0,7.19,1.93,0.0
20161126:0010,0.0,0.0,0.0,0.0,6.75,1.86,0.0
20161126:0110,0.0,0.0,0.0,0.0,6.79,1.66,0.0
20161126:0210,0.0,0.0,0.0,0.0,6.7,1.45,0.0
20161126:0310,0.0,0.0,0.0,0.0,6.46,1.38,0.0
20161126:0410,0.0,0.0,0.0,0.0,6.48,1.45,0.0
20161126:0510,0.0,0.0,0.0,0.0,6.26,1.79,0.0
20161126:0610,0.0,0.0,0.0,0.0,6.39,1.79,0.0
20161126:0710,0.0,0.0,0.0,0.0,6.27,1.45,0.0
20161126:0810,0.0,21.0,0.0,6.46,6.16,1.52,0.0
20161126:0910,0.0,61.0,0.0,13.03,6.96,1.52,0.0
20161126:1010,0.0,33.0,0.0,17.74,7.73,1.59,0.0
20161126:1110,2.0,118.0,0.0,20.18,8.23,1.52,0.0
20161126:1210,0.0,97.0,0.0,20.09,8.93,1.52,0.0
20161126:1310,50.0,136.0,0.0,17.48,9.26,1.52,0.0
20161126:1410,5.0,82.0,0.0,12.62,9.38,1.66,0.0
20161126:1510,11.0,38.0,0.0,5.93,9.16,1.66,0.0
20161126:1610,0.0,0.0,0.0,0.0,8.23,2.07,0.0
20161126:1710,0.0,0.0,0.0,0.0,7.07,2.28,0.0
20161126:1810,0.0,0.0,0.0,0.0,6.45,2.28,0.0
20161126:1910,0.0,0.0,0.0,0.0,6.3,2.14,0.0
20161126:2010,0.0,0.0,0.0,0.0,5.79,2.14,0.0
20161126:2110,0.0,0.0,0.0,0.0,5.33,2.21,0.0
20161126:2210,0.0,0.0,0.0,0.0,5.24,2.21,0.0
20161126:2310,0.0,0.0,0.0,0.0,5.08,2.28,0.0
20161127:0010,0.0,0.0,0.0,0.0,4.99,2.34,0.0
20161127:0110,0.0,0.0,0.0,0.0,4.67,2.34,0.0
20161127:0210,0.0,0.0,0.0,0.0,4.38,2.21,0.0
20161127:0310,0.0,0.0,0.0,0.0,4.1,2.21,0.0
20161127:0410,0.0,0.0,0.0,0.0,3.89,2.21,0.0
20161127:0510,0.0,0.0,0.0,0.0,3.79,2.28,0.0
20161127:0610,0.0,0.0,0.0,0.0,3.82,2.55,0.0
20161127:0710,0.0,0.0,0.0,0.0,4.39,2.55,0.0
20161127:0810,32.0,37.0,0.0,6.26,4.87,2.69,0.0
20161127:0910,32.0,98.0,0.0,12.82,5.95,2.76,0.0
20161127:1010,87.0,131.0,0.0,17.54,6.83,3.38,0.0
20161127:1110,183.01,114.0,0.0,19.99,7.6,3.66,0.0
20161127:1210,189.01,110.0,0.0,19.91,8.08,3.72,0.0
20161127:1310,119.01,116.0,0.0,17.32,8.42,3.93,0.0
20161127:1410,54.0,91.0,0.0,12.48,8.27,3.66,0.0
20161127:1510,16.0,37.0,0.0,5.82,7.99,3.86,0.0
20161127:1610,0.0,0.0,0.0,0.0,7.4,3.93,0.0
20161127:1710,0.0,0.0,0.0,0.0,7.02,4.21,0.0
20161127:1810,0.0,0.0,0.0,0.0,6.37,4.34,0.0
20161127:1910,0.0,0.0,0.0,0.0,6.2,4.69,0.0
20161127:2010,0.0,0.0,0.0,0.0,5.93,4.69,0.0
20161127:2110,0.0,0.0,0.0,0.0,5.62,4.62,0.0
20161127:2210,0.0,0.0,0.0,0.0,5.62,4.55,0.0
20161127:2310,0.0,0.0,0.0,0.0,5.51,4.28,0.0
20161128:0010,0.0,0.0,0.0,0.0,5.48,4.14,0.0
20161128:0110,0.0,0.0,0.0,0.0,5.31,4.07,0.0
20161128:0210,0.0,0.0,0.0,0.0,5.32,4.34,0.0
20161128:0310,0.0,0.0,0.0,0.0,4.62,4.28,0.0
20161128:0410,0.0,0.0,0.0,0.0,4.23,4.48,0.0
20161128:0510,0.0,0.0,0.0,0.0,4.16,4.83,0.0
20161128:0610,0.0,0.0,0.0,0.0,3.89,4.76,0.0
20161128:0710,0.0,0.0,0.0,0.0,3.71,4.9,0.0
20161128:0810,43.0,32.0,0.0,6.07,3.33,4.9,0.0
20161128:0910,139.01,56.0,0.0,12.63,3.89,4.34,0.0
20161128:1010,209.01,73.0,0.0,17.34,4.55,5.52,0.0
20161128:1110,274.01,67.0,0.0,19.8,5.05,5.72,0.0
20161128:1210,270.01,68.0,0.0,19.74,5.59,5.86,0.0
20161128:1310,206.01,73.0,0.0,17.16,5.76,5.93,0.0
20161128:1410,131.01,57.0,0.0,12.35,5.62,5.86,0.0
20161128:1510,42.0,20.28,0.0,5.71,4.98,5.38,0.0
20161128:1610,0.0,0.0,0.0,0.0,3.92,0.0,0.0
20161128:1710,0.0,0.0,0.0,0.0,3.13,0.0,0.0
20161128:1810,0.0,0.0,0.0,0.0,2.52,5.45,0.0
20161128:1910,0.0,0.0,0.0,0.0,2.46,5.24,0.0
20161128:2010,0.0,0.0,0.0,0.0,1.94,5.17,0.0
20161128:2110,0.0,0.0,0.0,0.0,1.37,5.03,0.0
20161128:2210,0.0,0.0,0.0,0.0,0.84,4.9,0.0
20161128:2310,0.0,0.0,0.0,0.0,0.34,4.69,0.0
20161129:0010,0.0,0.0,0.0,0.0,-0.1,4.48,0.0
20161129:0110,0.0,0.0,0.0,0.0,-0.55,4.21,0.0
20161129:0210,0.0,0.0,0.0,0.0,-0.9,4.07,0.0
20161129:0310,0.0,0.0,0.0,0.0,-1.21,4.0,0.0
20161129:0410,0.0,0.0,0.0,0.0,-1.47,4.0,0.0
20161129:0510,0.0,0.0,0.0,0.0,-1.66,4.0,0.0
20161129:0610,0.0,0.0,0.0,0.0,-1.81,4.0,0.0
20161129:0710,0.0,0.0,0.0,0.0,-1.63,4.07,0.0
20161129:0810,38.0,33.0,0.0,5.87,-1.56,3.79,0.0
20161129:0910,127.01,62.0,0.0,12.44,-0.53,3.31,0.0
20161129:1010,190.01,84.0,0.0,17.15,0.79,4.14,0.0
20161129:1110,258.01,75.0,0.0,19.62,2.04,4.28,0.0
20161129:1210,261.01,73.0,0.0,19.57,3.06,4.07,0.0
20161129:1310,200.01,76.0,0.0,17.02,3.74,3.79,0.0
20161129:1410,130.01,57.0,0.0,12.22,3.96,3.59,0.0
20161129:1510,38.0,21.69,0.0,5.6,3.48,2.97,0.0
20161129:1610,0.0,0.0,0.0,0.0,2.13,2.9,0.0
20161129:1710,0.0,0.0,0.0,0.0,1.02,2.9,0.0
20161129:1810,0.0,0.0,0.0,0.0,0.28,2.83,0.0
20161129:1910,0.0,0.0,0.0,0.0,-0.29,2.55,0.0
20161129:2010,0.0,0.0,0.0,0.0,-0.85,2.41,0.0
20161129:2110,0.0,0.0,0.0,0.0,-1.35,2.28,0.0
20161129:2210,0.0,0.0,0.0,0.0,-1.82,2.07,0.0
20161129:2310,0.0,0.0,0.0,0.0,-2.32,1.86,0.0
20161130:0010,0.0,0.0,0.0,0.0,-2.89,1.72,0.0
20161130:0110,0.0,0.0,0.0,0.0,-3.01,1.45,0.0
20161130:0210,0.0,0.0,0.0,0.0,-3.42,1.79,0.0
20161130:0310,0.0,0.0,0.0,0.0,-3.31,1.72,0.0
20161130:0410,0.0,0.0,0.0,0.0,-3.03,1.17,0.0
20161130:0510,0.0,0.0,0.0,0.0,-2.73,1.03,0.0
20161130:0610,0.0,0.0,0.0,0.0,-2.89,1.1,0.0
20161130:0710,0.0,0.0,0.0,0.0,-3.27,0.97,0.0
20161130:0810,31.0,25.66,0.0,5.69,-2.61,0.0,0.0
20161130:0910,122.01,61.0,0.0,12.25,-1.63,0.76,0.0
20161130:1010,191.01,79.0,0.0,16.97,0.13,1.24,0.0
20161130:1110,257.01,72.0,0.0,19.45,1.72,1.1,0.0
20161130:1210,257.01,71.0,0.0,19.41,3.03,0.34,0.0
20161130:1310,198.01,74.0,0.0,16.88,3.92,0.62,0.0
20161130:1410,125.01,58.0,0.0,12.1,4.18,0.69,0.0
20161130:1510,35.0,22.21,0.0,5.5,3.76,0.34,0.0
20161130:1610,0.0,0.0,0.0,0.0,2.29,1.45,0.0
20161130:1710,0.0,0.0,0.0,0.0,0.25,1.45,0.0
20161130:1810,0.0,0.0,0.0,0.0,-0.4,0.9,0.0
20161130:1910,0.0,0.0,0.0,0.0,-0.25,0.34,0.0
20161130:2010,0.0,0.0,0.0,0.0,-0.66,0.55,0.0
20161130:2110,0.0,0.0,0.0,0.0,-0.92,0.34,0.0
20161130:2210,0.0,0.0,0.0,0.0,-1.18,0.48,0.0
20161130:2310,0.0,0.0,0.0,0.0,-1.43,0.76,0.0
20161201:0010,0.0,0.0,0.0,0.0,-2.64,1.03,0.0
20161201:0110,0.0,0.0,0.0,0.0,-2.93,1.03,0.0
20161201:0210,0.0,0.0,0.0,0.0,-2.84,0.97,0.0
20161201:0310,0.0,0.0,0.0,0.0,-2.44,0.76,0.0
20161201:0410,0.0,0.0,0.0,0.0,-2.5,0.55,0.0
20161201:0510,0.0,0.0,0.0,0.0,-2.56,0.48,0.0
20161201:0610,0.0,0.0,0.0,0.0,-2.62,0.48,0.0
20161201:0710,0.0,0.0,0.0,0.0,-2.55,0.62,0.0
20161201:0810,39.0,19.91,0.0,5.51,-2.67,0.28,0.0
20161201:0910,117.01,60.0,0.0,12.07,-1.87,0.48,0.0
20161201:1010,192.01,74.0,0.0,16.79,1.01,0.55,0.0
20161201:1110,244.01,74.0,0.0,19.28,3.03,0.69,0.0
20161201:1210,247.01,73.0,0.0,19.26,4.33,0.9,0.0
20161201:1310,192.01,74.0,0.0,16.75,4.96,1.03,0.0
20161201:1410,128.01,53.0,0.0,11.99,4.91,0.97,0.0
20161201:1510,34.0,21.56,0.0,5.41,4.2,1.52,0.0
20161201:1610,0.0,0.0,0.0,0.0,2.32,1.93,0.0
20161201:1710,0.0,0.0,0.0,0.0,0.39,2.07,0.0
20161201:1810,0.0,0.0,0.0,0.0,-0.75,2.07,0.0
20161201:1910,0.0,0.0,0.0,0.0,-1.14,1.66,0.0
20161201:2010,0.0,0.0,0.0,0.0,-1.69,1.59,0.0
20161201:2110,0.0,0.0,0.0,0.0,-1.65,1.45,0.0
20161201:2210,0.0,0.0,0.0,0.0,-2.14,1.59,0.0
20161201:2310,0.0,0.0,0.0,0.0,-2.59,1.72,0.0
20161202:0010,0.0,0.0,0.0,0.0,-2.75,1.86,0.0
20161202:0110,0.0,0.0,0.0,0.0,-2.83,1.86,0.0
20161202:0210,0.0,0.0,0.0,0.0,-2.52,1.86,0.0
20161202:0310,0.0,0.0,0.0,0.0,-2.14,1.93,0.0
20161202:0410,0.0,0.0,0.0,0.0,-1.68,1.86,0.0
20161202:0510,0.0,0.0,0.0,0.0,-1.39,1.93,0.0
20161202:0610,0.0,0.0,0.0,0.0,-0.15,1.79,0.0
20161202:0710,0.0,0.0,0.0,0.0,0.23,1.72,0.0
20161202:0810,5.0,31.74,0.0,5.33,0.11,1.66,0.0
20161202:0910,1.0,67.0,0.0,11.89,1.38,1.03,0.0
20161202:1010,0.0,78.0,0.0,16.62,3.19,1.1,0.0
20161202:1110,3.0,118.0,0.0,19.12,3.98,1.1,0.0
20161202:1210,9.0,135.0,0.0,19.12,4.45,1.24,0.0
20161202:1310,3.0,103.0,0.0,16.62,5.25,1.79,0.0
20161202:1410,2.0,71.0,0.0,11.89,5.49,1.93,0.0
20161202:1510,5.0,30.77,0.0,5.33,5.46,1.72,0.0
20161202:1610,0.0,0.0,0.0,0.0,4.78,1.93,0.0
20161202:1710,0.0,0.0,0.0,0.0,4.1,2.21,0.0
20161202:1810,0.0,0.0,0.0,0.0,3.93,2.48,0.0
20161202:1910,0.0,0.0,0.0,0.0,4.61,2.69,0.0
20161202:2010,0.0,0.0,0.0,0.0,4.72,2.62,0.0
20161202:2110,0.0,0.0,0.0,0.0,4.96,2.55,0.0
20161202:2210,0.0,0.0,0.0,0.0,5.08,2.48,0.0
20161202:2310,0.0,0.0,0.0,0.0,5.08,2.48,0.0
20161203:0010,0.0,0.0,0.0,0.0,4.89,2.48,0.0
20161203:0110,0.0,0.0,0.0,0.0,4.86,2.55,0.0
20161203:0210,0.0,0.0,0.0,0.0,4.82,2.55,0.0
20161203:0310,0.0,0.0,0.0,0.0,4.84,2.62,0.0
20161203:0410,0.0,0.0,0.0,0.0,4.76,2.76,0.0
20161203:0510,0.0,0.0,0.0,0.0,4.78,2.97,0.0
20161203:0610,0.0,0.0,0.0,0.0,4.72,3.24,0.0
20161203:0710,0.0,0.0,0.0,0.0,4.17,3.24,0.0
20161203:0810,12.0,29.87,0.0,5.16,3.35,3.31,0.0
20161203:0910,118.01,55.0,0.0,11.72,3.41,3.24,0.0
20161203:1010,186.01,73.0,0.0,16.46,3.62,4.62,0.0
20161203:1110,233.01,76.0,0.0,18.96,3.64,4.69,0.0
20161203:1210,229.01,79.0,0.0,18.98,3.79,4.69,0.0
20161203:1310,183.01,76.0,0.0,16.51,3.92,4.83,0.0
20161203:1410,123.01,54.0,0.0,11.79,3.97,4.83,0.0
20161203:1510,36.0,18.73,0.0,5.25,3.93,4.48,0.0
20161203:1610,0.0,0.0,0.0,0.0,3.32,3.66,0.0
20161203:1710,0.0,0.0,0.0,0.0,2.51,3.59,0.0
20161203:1810,0.0,0.0,0.0,0.0,2.08,3.52,0.0
20161203:1910,0.0,0.0,0.0,0.0,2.36,3.45,0.0
20161203:2010,0.0,0.0,0.0,0.0,1.95,3.17,0.0
20161203:2110,0.0,0.0,0.0,0.0,1.51,3.17,0.0
20161203:2210,0.0,0.0,0.0,0.0,1.16,3.38,0.0
20161203:2310,0.0,0.0,0.0,0.0,0.35,3.59,0.0
20161204:0010,0.0,0.0,0.0,0.0,-0.04,0.0,0.0
20161204:0110,0.0,0.0,0.0,0.0,-0.49,0.0,0.0
20161204:0210,0.0,0.0,0.0,0.0,-0.81,3.31,0.0
20161204:0310,0.0,0.0,0.0,0.0,-1.11,3.03,0.0
20161204:0410,0.0,0.0,0.0,0.0,-1.34,2.9,0.0
20161204:0510,0.0,0.0,0.0,0.0,-1.51,2.9,0.0
20161204:0610,0.0,0.0,0.0,0.0,-1.61,2.83,0.0
20161204:0710,0.0,0.0,0.0,0.0,-1.57,2.41,0.0
20161204:0810,35.0,17.14,0.0,4.99,-1.49,2.41,0.0
20161204:0910,112.01,57.0,0.0,11.56,-0.01,2.34,0.0
20161204:1010,184.01,73.0,0.0,16.3,2.09,2.83,0.0
20161204:1110,236.01,73.0,0.0,18.82,3.93,2.9,0.0
20161204:1210,233.01,75.0,0.0,18.85,5.48,2.9,0.0
20161204:1310,186.01,73.0,0.0,16.39,6.59,2.9,0.0
20161204:1410,127.01,51.0,0.0,11.7,7.1,2.76,0.0
20161204:1510,37.0,18.43,0.0,5.18,6.57,2.48,0.0
20161204:1610,0.0,0.0,0.0,0.0,5.12,2.83,0.0
20161204:1710,0.0,0.0,0.0,0.0,4.25,2.9,0.0
20161204:1810,0.0,0.0,0.0,0.0,3.75,2.83,0.0
20161204:1910,0.0,0.0,0.0,0.0,2.01,2.41,0.0
20161204:2010,0.0,0.0,0.0,0.0,1.68,2.41,0.0
20161204:2110,0.0,0.0,0.0,0.0,1.45,2.41,0.0
20161204:2210,0.0,0.0,0.0,0.0,1.25,2.41,0.0
20161204:2310,0.0,0.0,0.0,0.0,1.17,2.41,0.0
20161205:0010,0.0,0.0,0.0,0.0,0.99,2.41,0.0
20161205:0110,0.0,0.0,0.0,0.0,0.88,2.34,0.0
20161205:0210,0.0,0.0,0.0,0.0,0.72,2.28,0.0
20161205:0310,0.0,0.0,0.0,0.0,0.56,2.21,0.0
20161205:0410,0.0,0.0,0.0,0.0,0.44,2.14,0.0
20161205:0510,0.0,0.0,0.0,0.0,0.28,2.14,0.0
20161205:0610,0.0,0.0,0.0,0.0,0.27,2.14,0.0
20161205:0710,0.0,0.0,0.0,0.0,0.77,2.14,0.0
20161205:0810,31.0,17.72,0.0,4.83,0.9,2.0,0.0
20161205:0910,86.01,67.0,0.0,11.4,2.74,1.45,0.0
20161205:1010,168.01,77.0,0.0,16.15,5.28,1.45,0.0
20161205:1110,213.01,81.0,0.0,18.68,7.26,1.52,0.0
20161205:1210,226.01,74.0,0.0,18.73,8.71,1.52,0.0
20161205:1310,187.01,68.0,0.0,16.29,9.66,1.45,0.0
20161205:1410,121.01,51.0,0.0,11.62,9.99,1.31,0.0
20161205:1510,33.0,19.16,0.0,5.12,9.35,1.79,0.0
20161205:1610,0.0,0.0,0.0,0.0,7.72,0.0,0.0
20161205:1710,0.0,0.0,0.0,0.0,6.13,0.0,0.0
20161205:1810,0.0,0.0,0.0,0.0,5.29,2.28,0.0
20161205:1910,0.0,0.0,0.0,0.0,4.06,2.14,0.0
20161205:2010,0.0,0.0,0.0,0.0,3.47,1.93,0.0
20161205:2110,0.0,0.0,0.0,0.0,2.66,1.93,0.0
20161205:2210,0.0,0.0,0.0,0.0,1.93,2.07,0.0
20161205:2310,0.0,0.0,0.0,0.0,1.35,2.0,0.0
20161206:0010,0.0,0.0,0.0,0.0,0.73,1.66,0.0
20161206:0110,0.0,0.0,0.0,0.0,0.71,1.17,0.0
20161206:0210,0.0,0.0,0.0,0.0,0.6,1.1,0.0
20161206:0310,0.0,0.0,0.0,0.0,-0.8,1.45,0.0
20161206:0410,0.0,0.0,0.0,0.0,-1.07,1.45,0.0
20161206:0510,0.0,0.0,0.0,0.0,-0.79,1.24,0.0
20161206:0610,0.0,0.0,0.0,0.0,-0.75,1.03,0.0
20161206:0710,0.0,0.0,0.0,0.0,0.0,1.38,0.0
20161206:0810,28.0,17.39,0.0,4.68,0.23,1.45,0.0
20161206:0910,54.0,78.0,0.0,11.25,1.66,1.1,0.0
20161206:1010,203.01,57.0,0.0,16.0,3.23,0.69,0.0
20161206:1110,156.01,111.0,0.0,18.54,4.68,0.62,0.0
20161206:1210,203.01,86.0,0.0,18.61,6.17,0.69,0.0
20161206:1310,184.01,68.0,0.0,16.2,7.26,0.69,0.0
20161206:1410,99.01,62.0,0.0,11.55,7.95,0.9,0.0
20161206:1510,36.0,17.04,0.0,5.06,7.78,1.31,0.0
20161206:1610,0.0,0.0,0.0,0.0,6.63,2.07,0.0
20161206:1710,0.0,0.0,0.0,0.0,5.36,1.93,0.0
20161206:1810,0.0,0.0,0.0,0.0,4.6,1.66,0.0
20161206:1910,0.0,0.0,0.0,0.0,4.37,2.0,0.0
20161206:2010,0.0,0.0,0.0,0.0,3.75,2.0,0.0
20161206:2110,0.0,0.0,0.0,0.0,3.15,2.14,0.0
20161206:2210,0.0,0.0,0.0,0.0,2.84,2.14,0.0
20161206:2310,0.0,0.0,0.0,0.0,2.59,2.14,0.0
20161207:0010,0.0,0.0,0.0,0.0,2.26,2.07,0.0
20161207:0110,0.0,0.0,0.0,0.0,1.9,2.0,0.0
20161207:0210,0.0,0.0,0.0,0.0,1.64,2.0,0.0
20161207:0310,0.0,0.0,0.0,0.0,1.55,2.0,0.0
20161207:0410,0.0,0.0,0.0,0.0,1.43,2.0,0.0
20161207:0510,0.0,0.0,0.0,0.0,1.32,2.0,0.0
20161207:0610,0.0,0.0,0.0,0.0,1.3,1.93,0.0
20161207:0710,0.0,0.0,0.0,0.0,1.25,2.21,0.0
20161207:0810,29.0,16.26,0.0,4.53,1.25,2.14,0.0
20161207:0910,114.01,49.0,0.0,11.1,2.73,1.86,0.0
20161207:1010,57.0,122.0,0.0,15.87,5.14,1.93,0.0
20161207:1110,180.01,96.0,0.0,18.42,7.29,1.93,0.0
20161207:1210,161.01,107.0,0.0,18.5,8.89,1.93,0.0
20161207:1310,112.01,105.0,0.0,16.11,9.77,1.93,0.0
20161207:1410,101.01,59.0,0.0,11.48,9.98,1.72,0.0
20161207:1510,13.0,27.72,0.0,5.01,9.07,2.07,0.0
20161207:1610,0.0,0.0,0.0,0.0,7.35,2.48,0.0
20161207:1710,0.0,0.0,0.0,0.0,6.04,2.62,0.0
20161207:1810,0.0,0.0,0.0,0.0,5.42,2.83,0.0
20161207:1910,0.0,0.0,0.0,0.0,4.81,2.76,0.0
20161207:2010,0.0,0.0,0.0,0.0,4.06,2.48,0.0
20161207:2110,0.0,0.0,0.0,0.0,3.29,2.41,0.0
20161207:2210,0.0,0.0,0.0,0.0,2.64,2.41,0.0
20161207:2310,0.0,0.0,0.0,0.0,2.09,2.48,0.0
20161208:0010,0.0,0.0,0.0,0.0,1.65,2.41,0.0
20161208:0110,0.0,0.0,0.0,0.0,1.26,2.41,0.0
20161208:0210,0.0,0.0,0.0,0.0,0.99,2.48,0.0
20161208:0310,0.0,0.0,0.0,0.0,1.0,2.48,0.0
20161208:0410,0.0,0.0,0.0,0.0,0.93,2.48,0.0
20161208:0510,0.0,0.0,0.0,0.0,0.81,2.41,0.0
20161208:0610,0.0,0.0,0.0,0.0,0.75,2.48,0.0
20161208:0710,0.0,0.0,0.0,0.0,1.28,2.69,0.0
20161208:0810,1.0,21.8,0.0,4.38,1.46,2.83,0.0
20161208:0910,16.0,81.0,0.0,10.96,2.92,2.97,0.0
20161208:1010,85.0,114.0,0.0,15.73,4.65,2.83,0.0
20161208:1110,144.01,116.0,0.0,18.3,6.58,3.24,0.0
20161208:1210,149.01,115.0,0.0,18.4,8.13,3.38,0.0
20161208:1310,179.01,71.0,0.0,16.03,8.91,3.24,0.0
20161208:1410,118.01,52.0,0.0,11.42,9.09,3.17,0.0
20161208:1510,31.0,19.39,0.0,4.97,8.46,2.9,0.0
20161208:1610,0.0,0.0,0.0,0.0,6.87,2.97,0.0
20161208:1710,0.0,0.0,0.0,0.0,5.84,2.97,0.0
20161208:1810,0.0,0.0,0.0,0.0,5.25,2.9,0.0
20161208:1910,0.0,0.0,0.0,0.0,4.88,2.9,0.0
20161208:2010,0.0,0.0,0.0,0.0,4.5,2.9,0.0
20161208:2110,0.0,0.0,0.0,0.0,4.29,2.83,0.0
20161208:2210,0.0,0.0,0.0,0.0,4.07,2.76,0.0
20161208:2310,0.0,0.0,0.0,0.0,3.96,2.69,0.0
20161209:0010,0.0,0.0,0.0,0.0,3.79,2.55,0.0
20161209:0110,0.0,0.0,0.0,0.0,3.53,2.48,0.0
20161209:0210,0.0,0.0,0.0,0.0,3.35,2.41,0.0
20161209:0310,0.0,0.0,0.0,0.0,3.12,2.28,0.0
20161209:0410,0.0,0.0,0.0,0.0,2.96,2.28,0.0
20161209:0510,0.0,0.0,0.0,0.0,2.79,2.28,0.0
20161209:0610,0.0,0.0,0.0,0.0,2.68,2.28,0.0
20161209:0710,0.0,0.0,0.0,0.0,3.24,2.41,0.0
20161209:0810,24.0,16.93,0.0,4.24,3.31,2.55,0.0
20161209:0910,37.0,79.0,0.0,10.83,4.26,2.55,0.0
20161209:1010,74.0,116.0,0.0,15.61,5.93,2.76,0.0
20161209:1110,155.01,108.0,0.0,18.19,7.75,2.9,0.0
20161209:1210,144.01,115.0,0.0,18.31,9.11,2.83,0.0
20161209:1310,202.01,57.0,0.0,15.95,10.02,2.69,0.0
20161209:1410,27.0,85.0,0.0,11.36,10.24,2.41,0.0
20161209:1510,29.0,19.77,0.0,4.93,9.48,2.34,0.0
20161209:1610,0.0,0.0,0.0,0.0,7.86,2.55,0.0
20161209:1710,0.0,0.0,0.0,0.0,6.5,2.55,0.0
20161209:1810,0.0,0.0,0.0,0.0,5.51,2.55,0.0
20161209:1910,0.0,0.0,0.0,0.0,4.74,2.55,0.0
20161209:2010,0.0,0.0,0.0,0.0,4.26,2.62,0.0
20161209:2110,0.0,0.0,0.0,0.0,3.75,2.69,0.0
20161209:2210,0.0,0.0,0.0,0.0,3.29,2.76,0.0
20161209:2310,0.0,0.0,0.0,0.0,2.94,2.69,0.0
20161210:0010,0.0,0.0,0.0,0.0,2.67,2.62,0.0
20161210:0110,0.0,0.0,0.0,0.0,2.59,2.62,0.0
20161210:0210,0.0,0.0,0.0,0.0,2.42,2.62,0.0
20161210:0310,0.0,0.0,0.0,0.0,2.29,2.62,0.0
20161210:0410,0.0,0.0,0.0,0.0,2.13,2.69,0.0
20161210:0510,0.0,0.0,0.0,0.0,2.05,2.62,0.0
20161210:0610,0.0,0.0,0.0,0.0,1.98,2.55,0.0
20161210:0710,0.0,0.0,0.0,0.0,2.45,2.76,0.0
20161210:0810,9.0,22.77,0.0,4.11,2.39,2.69,0.0
20161210:0910,14.0,77.0,0.0,10.7,3.49,2.28,0.0
20161210:1010,7.0,108.0,0.0,15.49,5.09,2.55,0.0
20161210:1110,8.0,125.0,0.0,18.08,6.19,2.48,0.0
20161210:1210,5.0,120.0,0.0,18.22,7.1,2.48,0.0
20161210:1310,5.0,107.0,0.0,15.89,7.7,2.41,0.0
20161210:1410,5.0,73.0,0.0,11.32,7.95,2.34,0.0
20161210:1510,4.0,28.04,0.0,4.9,7.92,2.28,0.0
20161210:1610,0.0,0.0,0.0,0.0,7.46,2.0,0.0
20161210:1710,0.0,0.0,0.0,0.0,7.04,2.21,0.0
20161210:1810,0.0,0.0,0.0,0.0,6.74,2.34,0.0
20161210:1910,0.0,0.0,0.0,0.0,5.45,2.55,0.0
20161210:2010,0.0,0.0,0.0,0.0,5.12,2.69,0.0
20161210:2110,0.0,0.0,0.0,0.0,5.02,2.9,0.0
20161210:2210,0.0,0.0,0.0,0.0,5.04,3.17,0.0
20161210:2310,0.0,0.0,0.0,0.0,5.23,3.45,0.0
20161211:0010,0.0,0.0,0.0,0.0,5.36,3.59,0.0
20161211:0110,0.0,0.0,0.0,0.0,5.54,3.66,0.0
20161211:0210,0.0,0.0,0.0,0.0,5.83,3.66,0.0
20161211:0310,0.0,0.0,0.0,0.0,6.63,3.52,0.0
20161211:0410,0.0,0.0,0.0,0.0,7.43,3.31,0.0
20161211:0510,0.0,0.0,0.0,0.0,7.97,2.83,0.0
20161211:0610,0.0,0.0,0.0,0.0,7.86,2.62,0.0
20161211:0710,0.0,0.0,0.0,0.0,8.57,2.62,0.0
20161211:0810,21.0,16.49,0.0,3.98,8.0,2.21,0.0
20161211:0910,115.01,45.0,0.0,10.58,8.04,2.0,0.0
20161211:1010,95.01,107.0,0.0,15.38,8.35,1.86,0.0
20161211:1110,81.0,139.0,0.0,17.99,8.75,1.59,0.0
20161211:1210,71.0,143.0,0.0,18.14,8.93,1.24,0.0
20161211:1310,70.0,121.0,0.0,15.83,9.26,1.59,0.0
20161211:1410,38.0,84.0,0.0,11.28,9.25,1.79,0.0
20161211:1510,8.0,28.93,0.0,4.88,8.86,1.45,0.0
20161211:1610,0.0,0.0,0.0,0.0,7.95,1.72,0.0
20161211:1710,0.0,0.0,0.0,0.0,6.56,1.93,0.0
20161211:1810,0.0,0.0,0.0,0.0,5.58,1.86,0.0
20161211:1910,0.0,0.0,0.0,0.0,5.68,1.66,0.0
20161211:2010,0.0,0.0,0.0,0.0,5.21,1.72,0.0
20161211:2110,0.0,0.0,0.0,0.0,5.03,1.52,0.0
20161211:2210,0.0,0.0,0.0,0.0,4.35,1.66,0.0
20161211:2310,0.0,0.0,0.0,0.0,3.87,1.45,0.0
20161212:0010,0.0,0.0,0.0,0.0,3.81,1.31,0.0
20161212:0110,0.0,0.0,0.0,0.0,3.07,1.45,0.0
20161212:0210,0.0,0.0,0.0,0.0,2.46,1.17,0.0
20161212:0310,0.0,0.0,0.0,0.0,1.89,1.1,0.0
20161212:0410,0.0,0.0,0.0,0.0,1.87,1.03,0.0
20161212:0510,0.0,0.0,0.0,0.0,2.15,1.17,0.0
20161212:0610,0.0,0.0,0.0,0.0,2.62,1.45,0.0
20161212:0710,0.0,0.0,0.0,0.0,2.39,1.66,0.0
20161212:0810,0.0,16.0,0.0,3.86,2.45,2.14,0.0
20161212:0910,25.0,77.0,0.0,10.46,2.93,2.55,0.0
20161212:1010,3.0,96.0,0.0,15.27,3.42,2.97,0.0
20161212:1110,5.0,118.0,0.0,17.9,3.89,3.1,0.0
20161212:1210,22.0,139.0,0.0,18.07,4.31,3.17,0.0
20161212:1310,0.0,65.0,0.0,15.78,4.67,3.03,0.0
20161212:1410,0.0,53.0,0.0,11.24,4.91,3.1,0.0
20161212:1510,2.0,24.58,0.0,4.87,4.89,2.76,0.0
20161212:1610,0.0,0.0,0.0,0.0,4.76,2.62,0.0
20161212:1710,0.0,0.0,0.0,0.0,4.71,2.76,0.0
20161212:1810,0.0,0.0,0.0,0.0,4.56,2.83,0.0
20161212:1910,0.0,0.0,0.0,0.0,4.83,2.55,0.0
20161212:2010,0.0,0.0,0.0,0.0,4.67,2.41,0.0
20161212:2110,0.0,0.0,0.0,0.0,4.85,2.34,0.0
20161212:2210,0.0,0.0,0.0,0.0,4.86,2.34,0.0
20161212:2310,0.0,0.0,0.0,0.0,4.8,2.41,0.0
20161213:0010,0.0,0.0,0.0,0.0,4.69,2.41,0.0
20161213:0110,0.0,0.0,0.0,0.0,4.44,2.48,0.0
20161213:0210,0.0,0.0,0.0,0.0,4.25,2.48,0.0
20161213:0310,0.0,0.0,0.0,0.0,4.35,2.41,0.0
20161213:0410,0.0,0.0,0.0,0.0,4.45,2.28,0.0
20161213:0510,0.0,0.0,0.0,0.0,4.49,2.28,0.0
20161213:0610,0.0,0.0,0.0,0.0,4.7,2.28,0.0
20161213:0710,0.0,0.0,0.0,0.0,4.89,2.41,0.0
20161213:0810,17.0,15.49,0.0,3.74,5.24,2.48,0.0
20161213:0910,2.0,61.0,0.0,10.35,5.65,2.48,0.0
20161213:1010,0.0,30.0,0.0,15.18,6.32,2.34,0.0
20161213:1110,0.0,47.0,0.0,17.81,7.6,2.34,0.0
20161213:1210,0.0,88.0,0.0,18.0,9.02,2.48,0.0
20161213:1310,71.0,116.0,0.0,15.73,9.85,2.21,0.0
20161213:1410,0.0,14.0,0.0,11.22,10.39,2.0,0.0
20161213:1510,6.0,27.54,0.0,4.86,9.9,2.07,0.0
20161213:1610,0.0,0.0,0.0,0.0,8.8,2.34,0.0
20161213:1710,0.0,0.0,0.0,0.0,7.83,2.28,0.0
20161213:1810,0.0,0.0,0.0,0.0,7.14,2.28,0.0
20161213:1910,0.0,0.0,0.0,0.0,7.04,2.14,0.0
20161213:2010,0.0,0.0,0.0,0.0,6.44,2.28,0.0
20161213:2110,0.0,0.0,0.0,0.0,5.94,2.41,0.0
20161213:2210,0.0,0.0,0.0,0.0,4.99,2.48,0.0
20161213:2310,0.0,0.0,0.0,0.0,4.35,2.48,0.0
20161214:0010,0.0,0.0,0.0,0.0,3.88,2.41,0.0
20161214:0110,0.0,0.0,0.0,0.0,3.38,2.21,0.0
20161214:0210,0.0,0.0,0.0,0.0,2.9,2.14,0.0
20161214:0310,0.0,0.0,0.0,0.0,2.42,2.14,0.0
20161214:0410,0.0,0.0,0.0,0.0,1.99,2.14,0.0
20161214:0510,0.0,0.0,0.0,0.0,1.68,2.28,0.0
20161214:0610,0.0,0.0,0.0,0.0,1.44,2.34,0.0
20161214:0710,0.0,0.0,0.0,0.0,1.66,2.62,0.0
20161214:0810,17.0,15.39,0.0,3.63,1.66,2.62,0.0
20161214:0910,92.01,51.0,0.0,10.25,2.67,2.14,0.0
20161214:1010,169.01,64.0,0.0,15.08,4.58,2.14,0.0
20161214:1110,215.01,69.0,0.0,17.74,6.13,2.14,0.0
20161214:1210,205.01,77.0,0.0,17.95,7.31,2.14,0.0
20161214:1310,154.01,80.0,0.0,15.69,8.13,2.07,0.0
20161214:1410,65.0,74.0,0.0,11.2,8.48,2.0,0.0
20161214:1510,18.0,24.63,0.0,4.86,7.92,1.86,0.0
20161214:1610,0.0,0.0,0.0,0.0,6.41,2.41,0.0
20161214:1710,0.0,0.0,0.0,0.0,5.23,2.48,0.0
20161214:1810,0.0,0.0,0.0,0.0,4.44,2.41,0.0
20161214:1910,0.0,0.0,0.0,0.0,3.95,2.14,0.0
20161214:2010,0.0,0.0,0.0,0.0,3.24,1.93,0.0
20161214:2110,0.0,0.0,0.0,0.0,2.45,2.0,0.0
20161214:2210,0.0,0.0,0.0,0.0,1.88,2.14,0.0
20161214:2310,0.0,0.0,0.0,0.0,1.55,2.21,0.0
20161215:0010,0.0,0.0,0.0,0.0,1.29,2.14,0.0
20161215:0110,0.0,0.0,0.0,0.0,0.98,2.14,0.0
20161215:0210,0.0,0.0,0.0,0.0,0.76,2.14,0.0
20161215:0310,0.0,0.0,0.0,0.0,0.53,2.14,0.0
20161215:0410,0.0,0.0,0.0,0.0,0.3,2.14,0.0
20161215:0510,0.0,0.0,0.0,0.0,0.13,2.14,0.0
20161215:0610,0.0,0.0,0.0,0.0,0.14,2.07,0.0
20161215:0710,0.0,0.0,0.0,0.0,0.09,1.93,0.0
20161215:0810,8.0,19.07,0.0,3.53,0.43,2.21,0.0
20161215:0910,75.01,59.0,0.0,10.15,1.08,2.21,0.0
20161215:1010,159.01,70.0,0.0,15.0,1.95,2.14,0.0
20161215:1110,204.01,76.0,0.0,17.67,3.1,2.21,0.0
20161215:1210,215.01,72.0,0.0,17.9,4.21,2.28,0.0
20161215:1310,194.01,59.0,0.0,15.67,5.45,2.34,0.0
20161215:1410,109.01,53.0,0.0,11.19,6.48,2.41,0.0
20161215:1510,27.0,20.9,0.0,4.86,6.89,2.41,0.0
20161215:1610,0.0,0.0,0.0,0.0,6.6,2.14,0.0
20161215:1710,0.0,0.0,0.0,0.0,6.18,2.14,0.0
20161215:1810,0.0,0.0,0.0,0.0,6.08,2.21,0.0
20161215:1910,0.0,0.0,0.0,0.0,5.76,2.62,0.0
20161215:2010,0.0,0.0,0.0,0.0,5.58,2.76,0.0
20161215:2110,0.0,0.0,0.0,0.0,5.13,2.76,0.0
20161215:2210,0.0,0.0,0.0,0.0,4.75,2.69,0.0
20161215:2310,0.0,0.0,0.0,0.0,4.21,2.69,0.0
20161216:0010,0.0,0.0,0.0,0.0,4.02,2.62,0.0
20161216:0110,0.0,0.0,0.0,0.0,3.73,2.55,0.0
20161216:0210,0.0,0.0,0.0,0.0,3.33,2.41,0.0
20161216:0310,0.0,0.0,0.0,0.0,2.91,2.34,0.0
20161216:0410,0.0,0.0,0.0,0.0,2.48,2.28,0.0
20161216:0510,0.0,0.0,0.0,0.0,2.13,2.28,0.0
20161216:0610,0.0,0.0,0.0,0.0,1.79,2.28,0.0
20161216:0710,0.0,0.0,0.0,0.0,2.86,2.28,0.0
20161216:0810,11.0,16.52,0.0,3.43,2.53,2.21,0.0
20161216:0910,58.0,66.0,0.0,10.07,3.47,1.86,0.0
20161216:1010,62.0,113.0,0.0,14.93,6.26,1.86,0.0
20161216:1110,186.01,85.0,0.0,17.61,7.77,2.07,0.0
20161216:1210,163.01,101.0,0.0,17.86,8.82,2.07,0.0
20161216:1310,23.0,121.0,0.0,15.64,9.68,2.07,0.0
20161216:1410,22.0,84.0,0.0,11.19,10.09,1.79,0.0
20161216:1510,22.0,23.68,0.0,4.87,9.52,1.72,0.0
20161216:1610,0.0,0.0,0.0,0.0,8.06,2.28,0.0
20161216:1710,0.0,0.0,0.0,0.0,6.66,2.21,0.0
20161216:1810,0.0,0.0,0.0,0.0,5.83,2.07,0.0
20161216:1910,0.0,0.0,0.0,0.0,4.79,1.52,0.0
20161216:2010,0.0,0.0,0.0,0.0,5.08,0.97,0.0
20161216:2110,0.0,0.0,0.0,0.0,5.4,0.62,0.0
20161216:2210,0.0,0.0,0.0,0.0,4.93,0.21,0.0
20161216:2310,0.0,0.0,0.0,0.0,4.58,0.41,0.0
20161217:0010,0.0,0.0,0.0,0.0,4.29,0.55,0.0
20161217:0110,0.0,0.0,0.0,0.0,3.4,0.34,0.0
20161217:0210,0.0,0.0,0.0,0.0,1.55,0.48,0.0
20161217:0310,0.0,0.0,0.0,0.0,0.55,0.9,0.0
20161217:0410,0.0,0.0,0.0,0.0,0.7,1.17,0.0
20161217:0510,0.0,0.0,0.0,0.0,0.97,1.1,0.0
20161217:0610,0.0,0.0,0.0,0.0,1.07,1.24,0.0
20161217:0710,0.0,0.0,0.0,0.0,0.79,1.03,0.0
20161217:0810,5.0,17.84,0.0,3.34,0.8,1.17,0.0
20161217:0910,54.0,66.0,0.0,9.98,1.1,1.45,0.0
20161217:1010,164.01,65.0,0.0,14.86,1.82,1.38,0.0
20161217:1110,219.01,66.0,0.0,17.56,3.0,1.38,0.0
20161217:1210,217.01,70.0,0.0,17.83,3.96,1.31,0.0
20161217:1310,174.01,68.0,0.0,15.63,4.53,1.31,0.0
20161217:1410,114.01,51.0,0.0,11.19,4.79,1.45,0.0
20161217:1510,31.0,19.3,0.0,4.89,4.7,1.79,0.0
20161217:1610,0.0,0.0,0.0,0.0,4.57,1.93,0.0
20161217:1710,0.0,0.0,0.0,0.0,4.5,1.79,0.0
20161217:1810,0.0,0.0,0.0,0.0,4.5,1.59,0.0
20161217:1910,0.0,0.0,0.0,0.0,4.31,1.86,0.0
20161217:2010,0.0,0.0,0.0,0.0,4.29,1.93,0.0
20161217:2110,0.0,0.0,0.0,0.0,4.23,2.34,0.0
20161217:2210,0.0,0.0,0.0,0.0,4.21,1.93,0.0
20161217:2310,0.0,0.0,0.0,0.0,4.16,1.66,0.0
20161218:0010,0.0,0.0,0.0,0.0,4.02,1.38,0.0
20161218:0110,0.0,0.0,0.0,0.0,3.9,1.1,0.0
20161218:0210,0.0,0.0,0.0,0.0,3.78,1.45,0.0
20161218:0310,0.0,0.0,0.0,0.0,3.62,1.72,0.0
20161218:0410,0.0,0.0,0.0,0.0,3.49,1.59,0.0
20161218:0510,0.0,0.0,0.0,0.0,3.37,1.52,0.0
20161218:0610,0.0,0.0,0.0,0.0,3.26,1.31,0.0
20161218:0710,0.0,0.0,0.0,0.0,3.24,0.76,0.0
20161218:0810,0.0,8.0,0.0,3.25,3.12,0.9,0.0
20161218:0910,23.0,74.0,0.0,9.91,2.98,1.31,0.0
20161218:1010,0.0,67.0,0.0,14.79,3.04,1.59,0.0
20161218:1110,0.0,42.0,0.0,17.51,3.19,1.66,0.0
20161218:1210,0.0,41.0,0.0,17.8,3.42,1.45,0.0
20161218:1310,0.0,24.0,0.0,15.62,3.49,0.97,0.0
20161218:1410,0.0,25.0,0.0,11.2,3.46,0.97,0.0
20161218:1510,1.0,25.79,0.0,4.92,3.35,1.38,0.0
20161218:1610,0.0,0.0,0.0,0.0,3.24,1.93,0.0
20161218:1710,0.0,0.0,0.0,0.0,3.19,2.21,0.0
20161218:1810,0.0,0.0,0.0,0.0,3.13,2.14,0.0
20161218:1910,0.0,0.0,0.0,0.0,2.7,1.17,0.0
20161218:2010,0.0,0.0,0.0,0.0,2.68,1.03,0.0
20161218:2110,0.0,0.0,0.0,0.0,2.59,1.45,0.0
20161218:2210,0.0,0.0,0.0,0.0,2.6,1.72,0.0
20161218:2310,0.0,0.0,0.0,0.0,2.7,1.52,0.0
20161219:0010,0.0,0.0,0.0,0.0,2.88,1.72,0.0
20161219:0110,0.0,0.0,0.0,0.0,3.01,1.31,0.0
20161219:0210,0.0,0.0,0.0,0.0,3.11,1.59,0.0
20161219:0310,0.0,0.0,0.0,0.0,3.19,1.72,0.0
20161219:0410,0.0,0.0,0.0,0.0,3.31,1.79,0.0
20161219:0510,0.0,0.0,0.0,0.0,3.47,1.79,0.0
20161219:0610,0.0,0.0,0.0,0.0,3.66,1.79,0.0
20161219:0710,0.0,0.0,0.0,0.0,3.71,2.21,0.0
20161219:0810,2.0,15.59,0.0,3.18,3.99,2.41,0.0
20161219:0910,16.0,72.0,0.0,9.84,4.51,2.41,0.0
20161219:1010,8.0,103.0,0.0,14.74,5.02,3.03,0.0
20161219:1110,11.0,126.0,0.0,17.48,5.22,3.79,0.0
20161219:1210,8.0,125.0,0.0,17.78,5.55,4.41,0.0
20161219:1310,0.0,37.0,0.0,15.63,5.55,4.34,0.0
20161219:1410,1.0,61.0,0.0,11.22,5.42,3.86,0.0
20161219:1510,3.0,27.31,0.0,4.95,5.19,3.31,0.0
20161219:1610,0.0,0.0,0.0,0.0,4.71,3.03,0.0
20161219:1710,0.0,0.0,0.0,0.0,4.36,3.1,0.0
20161219:1810,0.0,0.0,0.0,0.0,4.07,3.24,0.0
20161219:1910,0.0,0.0,0.0,0.0,3.96,2.9,0.0
20161219:2010,0.0,0.0,0.0,0.0,3.74,2.9,0.0
20161219:2110,0.0,0.0,0.0,0.0,3.25,2.9,0.0
20161219:2210,0.0,0.0,0.0,0.0,3.17,2.97,0.0
20161219:2310,0.0,0.0,0.0,0.0,2.94,2.9,0.0
20161220:0010,0.0,0.0,0.0,0.0,3.13,2.83,0.0
20161220:0110,0.0,0.0,0.0,0.0,3.26,2.69,0.0
20161220:0210,0.0,0.0,0.0,0.0,3.14,2.76,0.0
20161220:0310,0.0,0.0,0.0,0.0,2.94,2.76,0.0
20161220:0410,0.0,0.0,0.0,0.0,2.84,2.55,0.0
20161220:0510,0.0,0.0,0.0,0.0,2.39,2.41,0.0
20161220:0610,0.0,0.0,0.0,0.0,1.92,2.14,0.0
20161220:0710,0.0,0.0,0.0,0.0,1.15,1.72,0.0
20161220:0810,11.0,13.7,0.0,3.1,0.31,1.93,0.0
20161220:0910,20.0,72.0,0.0,9.78,0.62,1.03,0.0
20161220:1010,85.01,104.0,0.0,14.69,2.66,0.9,0.0
20161220:1110,26.0,138.0,0.0,17.45,3.94,1.03,0.0
20161220:1210,106.01,128.0,0.0,17.77,4.86,1.24,0.0
20161220:1310,89.01,112.0,0.0,15.63,5.32,1.52,0.0
20161220:1410,4.0,71.0,0.0,11.25,5.44,1.59,0.0
20161220:1510,8.0,29.92,0.0,4.99,5.35,1.59,0.0
20161220:1610,0.0,0.0,0.0,0.0,4.85,1.45,0.0
20161220:1710,0.0,0.0,0.0,0.0,4.36,1.45,0.0
20161220:1810,0.0,0.0,0.0,0.0,4.01,1.52,0.0
20161220:1910,0.0,0.0,0.0,0.0,4.17,1.79,0.0
20161220:2010,0.0,0.0,0.0,0.0,3.7,2.07,0.0
20161220:2110,0.0,0.0,0.0,0.0,3.46,2.55,0.0
20161220:2210,0.0,0.0,0.0,0.0,3.04,2.9,0.0
20161220:2310,0.0,0.0,0.0,0.0,2.9,2.83,0.0
20161221:0010,0.0,0.0,0.0,0.0,2.52,2.76,0.0
20161221:0110,0.0,0.0,0.0,0.0,2.09,2.76,0.0
20161221:0210,0.0,0.0,0.0,0.0,1.91,2.97,0.0
20161221:0310,0.0,0.0,0.0,0.0,1.77,2.9,0.0
20161221:0410,0.0,0.0,0.0,0.0,1.7,2.9,0.0
20161221:0510,0.0,0.0,0.0,0.0,1.42,2.9,0.0
20161221:0610,0.0,0.0,0.0,0.0,1.42,3.1,0.0
20161221:0710,0.0,0.0,0.0,0.0,1.58,3.45,0.0
20161221:0810,3.0,15.36,0.0,3.04,1.23,3.45,0.0
20161221:0910,49.0,66.0,0.0,9.72,1.88,3.1,0.0
20161221:1010,48.0,113.0,0.0,14.65,3.27,4.07,0.0
20161221:1110,142.01,106.0,0.0,17.42,4.48,4.41,0.0
20161221:1210,122.01,120.0,0.0,17.77,5.56,4.28,0.0
20161221:1310,120.01,98.0,0.0,15.65,6.27,4.07,0.0
20161221:1410,44.0,82.0,0.0,11.28,6.5,3.59,0.0
20161221:1510,7.0,30.19,0.0,5.04,6.16,3.31,0.0
20161221:1610,0.0,0.0,0.0,0.0,5.4,3.17,0.0
20161221:1710,0.0,0.0,0.0,0.0,5.11,3.24,0.0
20161221:1810,0.0,0.0,0.0,0.0,5.04,3.45,0.0
20161221:1910,0.0,0.0,0.0,0.0,5.76,4.07,0.0
20161221:2010,0.0,0.0,0.0,0.0,5.92,4.28,0.0
20161221:2110,0.0,0.0,0.0,0.0,5.92,4.34,0.0
20161221:2210,0.0,0.0,0.0,0.0,6.08,4.41,0.0
20161221:2310,0.0,0.0,0.0,0.0,6.21,4.55,0.0
20161222:0010,0.0,0.0,0.0,0.0,6.35,4.83,0.0
20161222:0110,0.0,0.0,0.0,0.0,6.55,4.83,0.0
20161222:0210,0.0,0.0,0.0,0.0,6.69,4.9,0.0
20161222:0310,0.0,0.0,0.0,0.0,6.8,4.76,0.0
20161222:0410,0.0,0.0,0.0,0.0,6.92,4.48,0.0
20161222:0510,0.0,0.0,0.0,0.0,7.02,4.14,0.0
20161222:0610,0.0,0.0,0.0,0.0,7.11,3.79,0.0
20161222:0710,0.0,0.0,0.0,0.0,7.46,3.59,0.0
20161222:0810,10.0,13.82,0.0,2.98,7.66,3.38,0.0
20161222:0910,2.0,53.0,0.0,9.68,7.85,3.17,0.0
20161222:1010,6.0,97.0,0.0,14.62,8.12,3.03,0.0
20161222:1110,0.0,35.0,0.0,17.41,8.3,2.69,0.0
20161222:1210,0.0,83.0,0.0,17.77,8.5,2.21,0.0
20161222:1310,0.0,46.0,0.0,15.67,8.76,2.0,0.0
20161222:1410,13.0,81.0,0.0,11.32,8.91,1.79,0.0
20161222:1510,3.0,28.31,0.0,5.09,8.86,1.86,0.0
20161222:1610,0.0,0.0,0.0,0.0,8.58,1.66,0.0
20161222:1710,0.0,0.0,0.0,0.0,8.33,1.52,0.0
20161222:1810,0.0,0.0,0.0,0.0,7.99,1.59,0.0
20161222:1910,0.0,0.0,0.0,0.0,7.7,1.45,0.0
20161222:2010,0.0,0.0,0.0,0.0,7.41,1.45,0.0
20161222:2110,0.0,0.0,0.0,0.0,7.2,1.59,0.0
20161222:2210,0.0,0.0,0.0,0.0,6.95,1.52,0.0
20161222:2310,0.0,0.0,0.0,0.0,6.14,1.17,0.0
20161223:0010,0.0,0.0,0.0,0.0,5.48,1.24,0.0
20161223:0110,0.0,0.0,0.0,0.0,4.36,1.17,0.0
20161223:0210,0.0,0.0,0.0,0.0,4.15,1.1,0.0
20161223:0310,0.0,0.0,0.0,0.0,3.92,1.03,0.0
20161223:0410,0.0,0.0,0.0,0.0,3.64,1.45,0.0
20161223:0510,0.0,0.0,0.0,0.0,3.68,1.52,0.0
20161223:0610,0.0,0.0,0.0,0.0,3.96,1.52,0.0
20161223:0710,0.0,0.0,0.0,0.0,3.74,1.86,0.0
20161223:0810,2.0,14.58,0.0,2.92,3.83,1.93,0.0
20161223:0910,12.0,69.0,0.0,9.63,4.32,1.72,0.0
20161223:1010,18.0,112.0,0.0,14.59,4.89,2.0,0.0
20161223:1110,0.0,88.0,0.0,17.4,5.58,2.55,0.0
20161223:1210,9.0,128.0,0.0,17.79,5.82,3.17,0.0
20161223:1310,0.0,60.0,0.0,15.71,5.94,3.79,0.0
20161223:1410,1.0,66.0,0.0,11.37,6.06,3.93,0.0
20161223:1510,1.0,25.79,0.0,5.15,6.09,3.93,0.0
20161223:1610,0.0,0.0,0.0,0.0,6.0,3.31,0.0
20161223:1710,0.0,0.0,0.0,0.0,5.87,3.52,0.0
20161223:1810,0.0,0.0,0.0,0.0,5.64,3.93,0.0
20161223:1910,0.0,0.0,0.0,0.0,5.64,4.41,0.0
20161223:2010,0.0,0.0,0.0,0.0,5.54,4.69,0.0
20161223:2110,0.0,0.0,0.0,0.0,5.68,5.03,0.0
20161223:2210,0.0,0.0,0.0,0.0,5.84,5.17,0.0
20161223:2310,0.0,0.0,0.0,0.0,6.16,5.17,0.0
20161224:0010,0.0,0.0,0.0,0.0,6.69,5.24,0.0
20161224:0110,0.0,0.0,0.0,0.0,7.34,5.24,0.0
20161224:0210,0.0,0.0,0.0,0.0,7.93,5.03,0.0
20161224:0310,0.0,0.0,0.0,0.0,8.49,4.76,0.0
20161224:0410,0.0,0.0,0.0,0.0,8.95,4.34,0.0
20161224:0510,0.0,0.0,0.0,0.0,9.26,3.72,0.0
20161224:0610,0.0,0.0,0.0,0.0,9.11,3.66,0.0
20161224:0710,0.0,0.0,0.0,0.0,8.98,3.1,0.0
20161224:0810,14.0,11.23,0.0,2.88,7.95,2.69,0.0
20161224:0910,12.0,68.0,0.0,9.6,7.68,2.76,0.0
20161224:1010,49.0,113.0,0.0,14.58,8.32,2.62,0.0
20161224:1110,35.0,139.0,0.0,17.4,9.15,3.24,0.0
20161224:1210,49.0,143.0,0.0,17.81,9.52,3.31,0.0
20161224:1310,27.0,123.0,0.0,15.74,9.86,3.72,0.0
20161224:1410,24.0,86.0,0.0,11.42,9.84,3.79,0.0
20161224:1510,8.0,30.94,0.0,5.22,9.59,3.66,0.0
20161224:1610,0.0,0.0,0.0,0.0,8.9,3.45,0.0
20161224:1710,0.0,0.0,0.0,0.0,8.3,3.17,0.0
20161224:1810,0.0,0.0,0.0,0.0,7.73,3.17,0.0
20161224:1910,0.0,0.0,0.0,0.0,7.03,3.59,0.0
20161224:2010,0.0,0.0,0.0,0.0,6.76,3.59,0.0
20161224:2110,0.0,0.0,0.0,0.0,6.77,3.72,0.0
20161224:2210,0.0,0.0,0.0,0.0,6.6,3.59,0.0
20161224:2310,0.0,0.0,0.0,0.0,6.42,3.59,0.0
20161225:0010,0.0,0.0,0.0,0.0,6.15,3.59,0.0
20161225:0110,0.0,0.0,0.0,0.0,5.99,3.79,0.0
20161225:0210,0.0,0.0,0.0,0.0,5.67,3.59,0.0
20161225:0310,0.0,0.0,0.0,0.0,5.3,3.45,0.0
20161225:0410,0.0,0.0,0.0,0.0,5.08,3.72,0.0
20161225:0510,0.0,0.0,0.0,0.0,5.09,3.79,0.0
20161225:0610,0.0,0.0,0.0,0.0,5.04,3.72,0.0
20161225:0710,0.0,0.0,0.0,0.0,5.94,3.93,0.0
20161225:0810,1.0,12.81,0.0,2.84,5.89,3.79,0.0
20161225:0910,7.0,63.0,0.0,9.57,6.55,3.72,0.0
20161225:1010,0.0,75.0,0.0,14.57,7.56,4.48,0.0
20161225:1110,4.0,111.0,0.0,17.41,8.55,4.83,0.0
20161225:1210,4.0,116.0,0.0,17.83,9.09,4.83,0.0
20161225:1310,2.0,90.0,0.0,15.79,9.63,4.83,0.0
20161225:1410,2.0,65.0,0.0,11.48,9.92,4.07,0.0
20161225:1510,3.0,30.29,0.0,5.29,10.01,3.45,0.0
20161225:1610,0.0,0.0,0.0,0.0,9.9,3.31,0.0
20161225:1710,0.0,0.0,0.0,0.0,9.87,3.38,0.0
20161225:1810,0.0,0.0,0.0,0.0,9.87,3.52,0.0
20161225:1910,0.0,0.0,0.0,0.0,9.79,3.52,0.0
20161225:2010,0.0,0.0,0.0,0.0,9.89,3.52,0.0
20161225:2110,0.0,0.0,0.0,0.0,9.87,3.52,0.0
20161225:2210,0.0,0.0,0.0,0.0,9.95,3.59,0.0
20161225:2310,0.0,0.0,0.0,0.0,9.92,3.66,0.0
20161226:0010,0.0,0.0,0.0,0.0,9.86,3.72,0.0
20161226:0110,0.0,0.0,0.0,0.0,9.76,3.66,0.0
20161226:0210,0.0,0.0,0.0,0.0,9.72,3.52,0.0
20161226:0310,0.0,0.0,0.0,0.0,9.71,3.52,0.0
20161226:0410,0.0,0.0,0.0,0.0,9.74,3.66,0.0
20161226:0510,0.0,0.0,0.0,0.0,9.82,3.66,0.0
20161226:0610,0.0,0.0,0.0,0.0,9.92,3.59,0.0
20161226:0710,0.0,0.0,0.0,0.0,9.96,3.59,0.0
20161226:0810,8.0,13.26,0.0,2.8,10.08,3.52,0.0
20161226:0910,86.01,47.0,0.0,9.55,10.24,3.38,0.0
20161226:1010,11.0,105.0,0.0,14.56,10.67,3.52,0.0
20161226:1110,0.0,55.0,0.0,17.43,10.91,3.66,0.0
20161226:1210,9.0,126.0,0.0,17.87,10.85,3.66,0.0
20161226:1310,184.01,66.0,0.0,15.84,10.68,3.45,0.0
20161226:1410,106.01,59.0,0.0,11.55,10.48,3.38,0.0
20161226:1510,38.01,19.24,0.0,5.37,9.84,3.03,0.0
20161226:1610,0.0,0.0,0.0,0.0,8.46,2.69,0.0
20161226:1710,0.0,0.0,0.0,0.0,7.23,2.69,0.0
20161226:1810,0.0,0.0,0.0,0.0,6.99,2.69,0.0
20161226:1910,0.0,0.0,0.0,0.0,6.18,2.55,0.0
20161226:2010,0.0,0.0,0.0,0.0,5.49,2.28,0.0
20161226:2110,0.0,0.0,0.0,0.0,4.56,2.07,0.0
20161226:2210,0.0,0.0,0.0,0.0,3.49,2.14,0.0
20161226:2310,0.0,0.0,0.0,0.0,2.74,2.28,0.0
20161227:0010,0.0,0.0,0.0,0.0,2.45,2.21,0.0
20161227:0110,0.0,0.0,0.0,0.0,1.73,2.07,0.0
20161227:0210,0.0,0.0,0.0,0.0,1.02,1.93,0.0
20161227:0310,0.0,0.0,0.0,0.0,0.23,1.59,0.0
20161227:0410,0.0,0.0,0.0,0.0,-0.48,1.66,0.0
20161227:0510,0.0,0.0,0.0,0.0,-0.95,1.59,0.0
20161227:0610,0.0,0.0,0.0,0.0,-1.24,1.52,0.0
20161227:0710,0.0,0.0,0.0,0.0,-2.11,1.93,0.0
20161227:0810,14.0,11.13,0.0,2.78,-2.13,2.21,0.0
20161227:0910,92.01,47.0,0.0,9.54,-0.67,1.66,0.0
20161227:1010,173.01,62.0,0.0,14.57,2.36,1.38,0.0
20161227:1110,236.01,62.0,0.0,17.45,4.07,1.59,0.0
20161227:1210,241.01,64.0,0.0,17.91,5.15,1.72,0.0
20161227:1310,197.01,65.0,0.0,15.9,5.81,1.72,0.0
20161227:1410,136.01,48.0,0.0,11.63,5.97,1.79,0.0
20161227:1510,41.01,19.46,0.0,5.46,5.49,1.38,0.0
20161227:1610,0.0,0.0,0.0,0.0,4.34,1.79,0.0
20161227:1710,0.0,0.0,0.0,0.0,2.87,2.14,0.0
20161227:1810,0.0,0.0,0.0,0.0,1.93,2.34,0.0
20161227:1910,0.0,0.0,0.0,0.0,1.46,2.48,0.0
20161227:2010,0.0,0.0,0.0,0.0,1.04,2.41,0.0
20161227:2110,0.0,0.0,0.0,0.0,0.67,2.48,0.0
20161227:2210,0.0,0.0,0.0,0.0,0.43,2.55,0.0
20161227:2310,0.0,0.0,0.0,0.0,0.23,2.55,0.0
20161228:0010,0.0,0.0,0.0,0.0,0.12,2.55,0.0
20161228:0110,0.0,0.0,0.0,0.0,0.0,2.62,0.0
20161228:0210,0.0,0.0,0.0,0.0,-0.15,2.62,0.0
20161228:0310,0.0,0.0,0.0,0.0,-0.32,2.55,0.0
20161228:0410,0.0,0.0,0.0,0.0,-0.49,2.41,0.0
20161228:0510,0.0,0.0,0.0,0.0,-0.63,2.34,0.0
20161228:0610,0.0,0.0,0.0,0.0,-0.69,2.41,0.0
20161228:0710,0.0,0.0,0.0,0.0,-0.22,2.48,0.0
20161228:0810,10.0,12.79,0.0,2.76,-0.35,2.62,0.0
20161228:0910,93.01,47.0,0.0,9.54,0.34,2.55,0.0
20161228:1010,174.01,62.0,0.0,14.58,2.06,2.28,0.0
20161228:1110,232.01,65.0,0.0,17.48,3.87,2.55,0.0
20161228:1210,237.01,67.0,0.0,17.96,5.2,2.62,0.0
20161228:1310,197.01,66.0,0.0,15.97,6.09,2.62,0.0
20161228:1410,129.01,53.0,0.0,11.71,6.34,2.48,0.0
20161228:1510,44.01,18.98,0.0,5.55,5.66,2.34,0.0
20161228:1610,0.0,0.0,0.0,0.0,4.01,2.62,0.0
20161228:1710,0.0,0.0,0.0,0.0,2.66,2.83,0.0
20161228:1810,0.0,0.0,0.0,0.0,1.83,3.03,0.0
20161228:1910,0.0,0.0,0.0,0.0,1.9,3.17,0.0
20161228:2010,0.0,0.0,0.0,0.0,1.39,3.03,0.0
20161228:2110,0.0,0.0,0.0,0.0,0.84,2.83,0.0
20161228:2210,0.0,0.0,0.0,0.0,0.26,2.69,0.0
20161228:2310,0.0,0.0,0.0,0.0,-0.21,2.62,0.0
20161229:0010,0.0,0.0,0.0,0.0,-0.74,2.55,0.0
20161229:0110,0.0,0.0,0.0,0.0,-1.2,2.48,0.0
20161229:0210,0.0,0.0,0.0,0.0,-1.58,2.48,0.0
20161229:0310,0.0,0.0,0.0,0.0,-1.85,2.48,0.0
20161229:0410,0.0,0.0,0.0,0.0,-2.09,2.48,0.0
20161229:0510,0.0,0.0,0.0,0.0,-2.31,2.41,0.0
20161229:0610,0.0,0.0,0.0,0.0,-2.52,2.34,0.0
20161229:0710,0.0,0.0,0.0,0.0,-2.75,2.34,0.0
20161229:0810,1.0,12.81,0.0,2.74,-2.81,2.34,0.0
20161229:0910,21.0,73.0,0.0,9.54,-1.84,1.93,0.0
20161229:1010,84.01,108.0,0.0,14.6,0.06,2.14,0.0
20161229:1110,211.01,78.0,0.0,17.52,1.81,2.07,0.0
20161229:1210,227.01,75.0,0.0,18.02,3.2,1.93,0.0
20161229:1310,191.01,72.0,0.0,16.05,4.18,1.86,0.0
20161229:1410,131.01,54.0,0.0,11.8,4.57,1.79,0.0
20161229:1510,44.01,19.83,0.0,5.65,4.08,1.66,0.0
20161229:1610,0.0,0.0,0.0,0.0,2.58,2.21,0.0
20161229:1710,0.0,0.0,0.0,0.0,1.07,2.28,0.0
20161229:1810,0.0,0.0,0.0,0.0,0.01,2.07,0.0
20161229:1910,0.0,0.0,0.0,0.0,-1.62,1.45,0.0
20161229:2010,0.0,0.0,0.0,0.0,-2.73,1.59,0.0
20161229:2110,0.0,0.0,0.0,0.0,-3.27,1.66,0.0
20161229:2210,0.0,0.0,0.0,0.0,-3.59,1.72,0.0
20161229:2310,0.0,0.0,0.0,0.0,-3.46,1.52,0.0
20161230:0010,0.0,0.0,0.0,0.0,-3.19,1.17,0.0
20161230:0110,0.0,0.0,0.0,0.0,-2.95,0.83,0.0
20161230:0210,0.0,0.0,0.0,0.0,-3.17,0.76,0.0
20161230:0310,0.0,0.0,0.0,0.0,-3.87,0.41,0.0
20161230:0410,0.0,0.0,0.0,0.0,-3.99,0.21,0.0
20161230:0510,0.0,0.0,0.0,0.0,-4.07,0.28,0.0
20161230:0610,0.0,0.0,0.0,0.0,-4.11,0.34,0.0
20161230:0710,0.0,0.0,0.0,0.0,-4.12,0.28,0.0
20161230:0810,2.0,14.56,0.0,2.74,-4.23,0.41,0.0
20161230:0910,8.0,68.0,0.0,9.55,-4.06,0.48,0.0
20161230:1010,4.0,96.0,0.0,14.63,-3.51,0.69,0.0
20161230:1110,3.0,112.0,0.0,17.57,-2.74,0.83,0.0
20161230:1210,2.0,112.0,0.0,18.09,-1.94,0.69,0.0
20161230:1310,2.0,98.0,0.0,16.13,-1.21,0.41,0.0
20161230:1410,2.0,71.0,0.0,11.9,-1.03,0.21,0.0
20161230:1510,5.0,38.0,0.0,5.76,-1.19,0.34,0.0
20161230:1610,0.0,0.0,0.0,0.0,-1.63,0.34,0.0
20161230:1710,0.0,0.0,0.0,0.0,-2.1,0.34,0.0
20161230:1810,0.0,0.0,0.0,0.0,-2.42,0.48,0.0
20161230:1910,0.0,0.0,0.0,0.0,-2.92,1.38,0.0
20161230:2010,0.0,0.0,0.0,0.0,-3.17,1.31,0.0
20161230:2110,0.0,0.0,0.0,0.0,-3.35,1.17,0.0
20161230:2210,0.0,0.0,0.0,0.0,-3.56,0.9,0.0
20161230:2310,0.0,0.0,0.0,0.0,-3.7,0.76,0.0
20161231:0010,0.0,0.0,0.0,0.0,-3.87,0.76,0.0
20161231:0110,0.0,0.0,0.0,0.0,-4.04,0.69,0.0
20161231:0210,0.0,0.0,0.0,0.0,-4.21,0.69,0.0
20161231:0310,0.0,0.0,0.0,0.0,-4.33,0.55,0.0
20161231:0410,0.0,0.0,0.0,0.0,-4.49,0.21,0.0
20161231:0510,0.0,0.0,0.0,0.0,-4.66,0.07,0.0
20161231:0610,0.0,0.0,0.0,0.0,-4.79,0.34,0.0
20161231:0710,0.0,0.0,0.0,0.0,-4.29,1.17,0.0
20161231:0810,1.0,12.81,0.0,2.74,-4.2,1.38,0.0
20161231:0910,2.0,59.0,0.0,9.56,-3.97,1.38,0.0
20161231:1010,0.0,75.0,0.0,14.66,-3.41,1.17,0.0
20161231:1110,0.0,88.0,0.0,17.62,-2.85,0.83,0.0
20161231:1210,0.0,85.0,0.0,18.16,-2.28,0.62,0.0
20161231:1310,0.0,76.0,0.0,16.22,-1.76,0.62,0.0
20161231:1410,0.0,57.0,0.0,12.0,-1.57,0.83,0.0
20161231:1510,3.0,35.0,0.0,5.87,-1.63,1.17,0.0
20161231:1610,0.0,0.0,0.0,0.0,-1.83,1.52,0.0
20161231:1710,0.0,0.0,0.0,0.0,-2.04,1.66,0.0
20161231:1810,0.0,0.0,0.0,0.0,-2.12,1.79,0.0
20161231:1910,0.0,0.0,0.0,0.0,-2.08,1.93,0.0
20161231:2010,0.0,0.0,0.0,0.0,-2.1,1.86,0.0
20161231:2110,0.0,0.0,0.0,0.0,-2.16,1.86,0.0
20161231:2210,0.0,0.0,0.0,0.0,-2.24,2.21,0.0
20161231:2310,0.0,0.0,0.0,0.0,-2.37,2.21,0.0

Gb(i): Beam (direct) irradiance on the inclined plane (plane of the array) (W/m2)
Gd(i): Diffuse irradiance on the inclined plane (plane of the array) (W/m2)
Gr(i): Reflected irradiance on the inclined plane (plane of the array) (W/m2)
H_sun: Sun height (degree)
T2m: 2-m air temperature (degree Celsius)
WS10m: 10-m total wind speed (m/s)
Int: 1 means solar radiation values are reconstructed



PVGIS (c) European Union, 2001-2026