Latitude (decimal degrees):	48.630
Longitude (decimal degrees):	2.270
Elevation (m):	56
Radiation database:	PVGIS-SARAH3


Slope: 0 deg. 
Azimuth: 0 deg. 
time,Gb(i),Gd(i),Gr(i),H_sun,T2m,WS10m,Int
20200101:0010,0.0,0.0,0.0,0.0,0.0,1.38,0.0
20200101:0110,0.0,0.0,0.0,0.0,0.4,1.31,0.0
20200101:0210,0.0,0.0,0.0,0.0,0.57,1.17,0.0
20200101:0310,0.0,0.0,0.0,0.0,0.71,1.24,0.0
20200101:0410,0.0,0.0,0.0,0.0,0.89,1.31,0.0
20200101:0510,0.0,0.0,0.0,0.0,1.02,1.38,0.0
20200101:0610,0.0,0.0,0.0,0.0,1.31,1.38,0.0
20200101:0710,0.0,0.0,0.0,0.0,1.96,1.59,0.0
20200101:0810,3.0,13.38,0.0,2.75,2.37,1.59,0.0
20200101:0910,5.0,62.0,0.0,9.59,2.77,1.72,0.0
20200101:1010,6.0,100.0,0.0,14.71,3.57,2.0,0.0
20200101:1110,4.0,113.0,0.0,17.7,4.17,2.07,0.0
20200101:1210,0.0,58.0,0.0,18.27,4.92,2.28,0.0
20200101:1310,3.0,99.0,0.0,16.35,5.79,2.41,0.0
20200101:1410,0.0,52.0,0.0,12.14,6.12,2.34,0.0
20200101:1510,2.0,34.0,0.0,6.02,6.15,2.14,0.0
20200101:1610,0.0,0.0,0.0,0.0,6.16,2.28,0.0
20200101:1710,0.0,0.0,0.0,0.0,6.22,2.48,0.0
20200101:1810,0.0,0.0,0.0,0.0,6.32,2.48,0.0
20200101:1910,0.0,0.0,0.0,0.0,5.35,2.14,0.0
20200101:2010,0.0,0.0,0.0,0.0,5.49,2.0,0.0
20200101:2110,0.0,0.0,0.0,0.0,5.67,2.0,0.0
20200101:2210,0.0,0.0,0.0,0.0,5.89,2.0,0.0
20200101:2310,0.0,0.0,0.0,0.0,6.09,2.14,0.0
20200102:0010,0.0,0.0,0.0,0.0,6.27,2.28,0.0
20200102:0110,0.0,0.0,0.0,0.0,6.42,2.34,0.0
20200102:0210,0.0,0.0,0.0,0.0,6.48,2.34,0.0
20200102:0310,0.0,0.0,0.0,0.0,6.49,2.28,0.0
20200102:0410,0.0,0.0,0.0,0.0,6.44,2.14,0.0
20200102:0510,0.0,0.0,0.0,0.0,6.41,1.86,0.0
20200102:0610,0.0,0.0,0.0,0.0,6.39,1.79,0.0
20200102:0710,0.0,0.0,0.0,0.0,6.57,1.79,0.0
20200102:0810,0.0,10.0,0.0,2.76,6.63,1.93,0.0
20200102:0910,16.0,70.0,0.0,9.62,6.92,2.0,0.0
20200102:1010,1.0,84.0,0.0,14.77,7.56,2.76,0.0
20200102:1110,0.0,86.0,0.0,17.77,7.93,2.9,0.0
20200102:1210,6.0,124.0,0.0,18.36,8.25,2.55,0.0
20200102:1310,6.0,109.0,0.0,16.45,8.52,2.69,0.0
20200102:1410,4.0,78.0,0.0,12.26,8.78,3.03,0.0
20200102:1510,31.0,36.0,0.0,6.14,8.71,3.31,0.0
20200102:1610,0.0,0.0,0.0,0.0,8.56,3.59,0.0
20200102:1710,0.0,0.0,0.0,0.0,8.08,3.66,0.0
20200102:1810,0.0,0.0,0.0,0.0,8.04,3.79,0.0
20200102:1910,0.0,0.0,0.0,0.0,8.46,4.0,0.0
20200102:2010,0.0,0.0,0.0,0.0,8.67,4.28,0.0
20200102:2110,0.0,0.0,0.0,0.0,8.54,4.55,0.0
20200102:2210,0.0,0.0,0.0,0.0,8.24,4.55,0.0
20200102:2310,0.0,0.0,0.0,0.0,8.01,4.55,0.0
20200103:0010,0.0,0.0,0.0,0.0,7.79,4.62,0.0
20200103:0110,0.0,0.0,0.0,0.0,7.69,4.62,0.0
20200103:0210,0.0,0.0,0.0,0.0,7.76,4.62,0.0
20200103:0310,0.0,0.0,0.0,0.0,7.86,4.69,0.0
20200103:0410,0.0,0.0,0.0,0.0,8.0,4.9,0.0
20200103:0510,0.0,0.0,0.0,0.0,8.31,5.24,0.0
20200103:0610,0.0,0.0,0.0,0.0,8.64,5.52,0.0
20200103:0710,0.0,0.0,0.0,0.0,9.35,5.66,0.0
20200103:0810,4.0,13.18,0.0,2.78,9.49,5.45,0.0
20200103:0910,35.0,69.0,0.0,9.66,9.45,5.1,0.0
20200103:1010,84.01,104.0,0.0,14.82,9.99,5.45,0.0
20200103:1110,54.0,142.0,0.0,17.85,10.45,5.86,0.0
20200103:1210,11.0,132.0,0.0,18.46,10.57,5.86,0.0
20200103:1310,6.0,110.0,0.0,16.57,10.68,5.72,0.0
20200103:1410,61.0,87.0,0.0,12.38,10.92,5.38,0.0
20200103:1510,6.0,39.0,0.0,6.27,10.81,4.76,0.0
20200103:1610,0.0,0.0,0.0,0.0,10.62,4.48,0.0
20200103:1710,0.0,0.0,0.0,0.0,10.22,4.0,0.0
20200103:1810,0.0,0.0,0.0,0.0,9.89,3.79,0.0
20200103:1910,0.0,0.0,0.0,0.0,9.57,4.14,0.0
20200103:2010,0.0,0.0,0.0,0.0,9.07,4.07,0.0
20200103:2110,0.0,0.0,0.0,0.0,8.61,4.0,0.0
20200103:2210,0.0,0.0,0.0,0.0,8.18,3.72,0.0
20200103:2310,0.0,0.0,0.0,0.0,7.71,3.31,0.0
20200104:0010,0.0,0.0,0.0,0.0,6.65,3.03,0.0
20200104:0110,0.0,0.0,0.0,0.0,5.63,2.69,0.0
20200104:0210,0.0,0.0,0.0,0.0,4.54,2.48,0.0
20200104:0310,0.0,0.0,0.0,0.0,3.7,2.34,0.0
20200104:0410,0.0,0.0,0.0,0.0,3.07,2.28,0.0
20200104:0510,0.0,0.0,0.0,0.0,2.56,2.14,0.0
20200104:0610,0.0,0.0,0.0,0.0,2.02,2.07,0.0
20200104:0710,0.0,0.0,0.0,0.0,2.9,2.07,0.0
20200104:0810,8.0,13.27,0.0,2.81,3.27,2.34,0.0
20200104:0910,85.01,50.0,0.0,9.71,3.93,2.48,0.0
20200104:1010,61.0,114.0,0.0,14.89,5.41,2.62,0.0
20200104:1110,192.01,87.0,0.0,17.94,6.69,3.1,0.0
20200104:1210,162.01,110.0,0.0,18.56,7.62,3.59,0.0
20200104:1310,146.01,97.0,0.0,16.69,8.26,4.21,0.0
20200104:1410,18.0,93.0,0.0,12.51,8.43,3.93,0.0
20200104:1510,2.0,35.0,0.0,6.41,8.17,2.9,0.0
20200104:1610,0.0,0.0,0.0,0.0,7.46,2.55,0.0
20200104:1710,0.0,0.0,0.0,0.0,6.86,2.55,0.0
20200104:1810,0.0,0.0,0.0,0.0,6.73,2.69,0.0
20200104:1910,0.0,0.0,0.0,0.0,6.57,2.55,0.0
20200104:2010,0.0,0.0,0.0,0.0,6.58,2.34,0.0
20200104:2110,0.0,0.0,0.0,0.0,6.5,2.14,0.0
20200104:2210,0.0,0.0,0.0,0.0,6.48,2.07,0.0
20200104:2310,0.0,0.0,0.0,0.0,6.4,1.72,0.0
20200105:0010,0.0,0.0,0.0,0.0,6.15,1.45,0.0
20200105:0110,0.0,0.0,0.0,0.0,5.86,1.24,0.0
20200105:0210,0.0,0.0,0.0,0.0,5.6,1.17,0.0
20200105:0310,0.0,0.0,0.0,0.0,5.38,1.1,0.0
20200105:0410,0.0,0.0,0.0,0.0,5.02,1.03,0.0
20200105:0510,0.0,0.0,0.0,0.0,4.59,0.9,0.0
20200105:0610,0.0,0.0,0.0,0.0,4.58,0.83,0.0
20200105:0710,0.0,0.0,0.0,0.0,5.56,0.62,0.0
20200105:0810,0.0,5.0,0.0,2.85,5.27,0.69,0.0
20200105:0910,7.0,67.0,0.0,9.76,5.66,0.48,0.0
20200105:1010,5.0,99.0,0.0,14.96,6.68,0.48,0.0
20200105:1110,12.0,131.0,0.0,18.03,7.32,0.69,0.0
20200105:1210,15.0,140.0,0.0,18.67,7.91,0.83,0.0
20200105:1310,4.0,109.0,0.0,16.82,8.12,0.48,0.0
20200105:1410,0.0,43.0,0.0,12.65,8.42,0.34,0.0
20200105:1510,0.0,15.0,0.0,6.56,8.2,0.83,0.0
20200105:1610,0.0,0.0,0.0,0.0,7.71,1.24,0.0
20200105:1710,0.0,0.0,0.0,0.0,6.79,1.66,0.0
20200105:1810,0.0,0.0,0.0,0.0,5.86,1.86,0.0
20200105:1910,0.0,0.0,0.0,0.0,5.53,1.79,0.0
20200105:2010,0.0,0.0,0.0,0.0,5.11,1.79,0.0
20200105:2110,0.0,0.0,0.0,0.0,4.58,1.86,0.0
20200105:2210,0.0,0.0,0.0,0.0,4.03,1.86,0.0
20200105:2310,0.0,0.0,0.0,0.0,3.86,1.79,0.0
20200106:0010,0.0,0.0,0.0,0.0,3.32,1.79,0.0
20200106:0110,0.0,0.0,0.0,0.0,2.55,1.86,0.0
20200106:0210,0.0,0.0,0.0,0.0,1.62,1.93,0.0
20200106:0310,0.0,0.0,0.0,0.0,0.84,2.07,0.0
20200106:0410,0.0,0.0,0.0,0.0,0.32,2.21,0.0
20200106:0510,0.0,0.0,0.0,0.0,0.07,2.34,0.0
20200106:0610,0.0,0.0,0.0,0.0,-0.02,2.48,0.0
20200106:0710,0.0,0.0,0.0,0.0,0.05,2.41,0.0
20200106:0810,6.0,14.65,0.0,2.89,-0.06,2.55,0.0
20200106:0910,45.0,70.0,0.0,9.82,0.97,2.55,0.0
20200106:1010,153.01,77.0,0.0,15.04,2.99,2.9,0.0
20200106:1110,237.01,67.0,0.0,18.13,5.0,3.38,0.0
20200106:1210,254.01,66.0,0.0,18.79,6.53,3.66,0.0
20200106:1310,218.01,64.0,0.0,16.95,7.6,3.86,0.0
20200106:1410,139.01,57.0,0.0,12.8,8.07,3.86,0.0
20200106:1510,47.01,36.0,0.0,6.7,7.75,3.79,0.0
20200106:1610,0.0,0.0,0.0,0.0,6.66,3.93,0.0
20200106:1710,0.0,0.0,0.0,0.0,5.67,4.28,0.0
20200106:1810,0.0,0.0,0.0,0.0,4.99,4.55,0.0
20200106:1910,0.0,0.0,0.0,0.0,4.95,3.93,0.0
20200106:2010,0.0,0.0,0.0,0.0,5.05,4.07,0.0
20200106:2110,0.0,0.0,0.0,0.0,5.77,4.07,0.0
20200106:2210,0.0,0.0,0.0,0.0,6.59,4.07,0.0
20200106:2310,0.0,0.0,0.0,0.0,7.1,4.0,0.0
20200107:0010,0.0,0.0,0.0,0.0,7.52,3.72,0.0
20200107:0110,0.0,0.0,0.0,0.0,7.66,3.31,0.0
20200107:0210,0.0,0.0,0.0,0.0,7.65,2.9,0.0
20200107:0310,0.0,0.0,0.0,0.0,7.4,2.62,0.0
20200107:0410,0.0,0.0,0.0,0.0,7.02,2.55,0.0
20200107:0510,0.0,0.0,0.0,0.0,6.85,2.48,0.0
20200107:0610,0.0,0.0,0.0,0.0,6.88,2.41,0.0
20200107:0710,0.0,0.0,0.0,0.0,6.29,2.21,0.0
20200107:0810,1.0,12.82,0.0,2.94,6.35,2.07,0.0
20200107:0910,9.0,68.0,0.0,9.89,6.74,1.93,0.0
20200107:1010,2.0,92.0,0.0,15.13,7.58,2.28,0.0
20200107:1110,4.0,118.0,0.0,18.24,8.4,2.97,0.0
20200107:1210,0.0,99.0,0.0,18.92,8.96,3.24,0.0
20200107:1310,2.0,102.0,0.0,17.09,9.4,3.1,0.0
20200107:1410,1.0,71.0,0.0,12.95,9.87,2.97,0.0
20200107:1510,2.0,39.0,0.0,6.86,9.81,2.76,0.0
20200107:1610,0.0,0.0,0.0,0.0,9.49,2.69,0.0
20200107:1710,0.0,0.0,0.0,0.0,9.33,2.83,0.0
20200107:1810,0.0,0.0,0.0,0.0,9.33,2.97,0.0
20200107:1910,0.0,0.0,0.0,0.0,8.92,3.1,0.0
20200107:2010,0.0,0.0,0.0,0.0,9.08,3.1,0.0
20200107:2110,0.0,0.0,0.0,0.0,9.37,3.03,0.0
20200107:2210,0.0,0.0,0.0,0.0,9.7,3.1,0.0
20200107:2310,0.0,0.0,0.0,0.0,10.01,3.24,0.0
20200108:0010,0.0,0.0,0.0,0.0,10.28,3.38,0.0
20200108:0110,0.0,0.0,0.0,0.0,10.53,3.66,0.0
20200108:0210,0.0,0.0,0.0,0.0,10.74,3.93,0.0
20200108:0310,0.0,0.0,0.0,0.0,10.85,4.0,0.0
20200108:0410,0.0,0.0,0.0,0.0,10.88,4.14,0.0
20200108:0510,0.0,0.0,0.0,0.0,10.87,4.0,0.0
20200108:0610,0.0,0.0,0.0,0.0,10.83,3.86,0.0
20200108:0710,0.0,0.0,0.0,0.0,10.68,4.07,0.0
20200108:0810,0.0,5.0,0.0,3.0,10.64,3.86,0.0
20200108:0910,0.0,43.0,0.0,9.96,10.67,3.66,0.0
20200108:1010,9.0,103.0,0.0,15.23,10.75,3.59,0.0
20200108:1110,0.0,25.0,0.0,18.36,10.92,3.79,0.0
20200108:1210,5.0,122.0,0.0,19.06,11.15,3.79,0.0
20200108:1310,0.0,23.0,0.0,17.24,11.16,3.59,0.0
20200108:1410,1.0,70.0,0.0,13.1,11.1,3.52,0.0
20200108:1510,0.0,13.0,0.0,7.02,10.97,3.38,0.0
20200108:1610,0.0,0.0,0.0,0.0,10.81,3.31,0.0
20200108:1710,0.0,0.0,0.0,0.0,10.63,3.24,0.0
20200108:1810,0.0,0.0,0.0,0.0,10.58,3.38,0.0
20200108:1910,0.0,0.0,0.0,0.0,10.5,3.31,0.0
20200108:2010,0.0,0.0,0.0,0.0,10.45,3.45,0.0
20200108:2110,0.0,0.0,0.0,0.0,10.39,3.52,0.0
20200108:2210,0.0,0.0,0.0,0.0,10.39,3.86,0.0
20200108:2310,0.0,0.0,0.0,0.0,10.37,4.28,0.0
20200109:0010,0.0,0.0,0.0,0.0,10.39,4.62,0.0
20200109:0110,0.0,0.0,0.0,0.0,10.45,4.83,0.0
20200109:0210,0.0,0.0,0.0,0.0,10.55,5.1,0.0
20200109:0310,0.0,0.0,0.0,0.0,10.66,5.17,0.0
20200109:0410,0.0,0.0,0.0,0.0,10.71,5.24,0.0
20200109:0510,0.0,0.0,0.0,0.0,10.78,5.31,0.0
20200109:0610,0.0,0.0,0.0,0.0,10.8,5.24,0.0
20200109:0710,0.0,0.0,0.0,0.0,11.2,5.66,0.0
20200109:0810,2.0,15.58,0.0,3.06,11.21,5.79,0.0
20200109:0910,9.0,68.0,0.0,10.05,11.23,5.93,0.0
20200109:1010,0.0,47.0,0.0,15.33,11.23,5.93,0.0
20200109:1110,2.0,108.0,0.0,18.48,11.37,6.07,0.0
20200109:1210,0.0,62.0,0.0,19.2,11.42,5.93,0.0
20200109:1310,1.0,98.0,0.0,17.4,11.54,5.59,0.0
20200109:1410,0.0,56.0,0.0,13.27,11.57,5.86,0.0
20200109:1510,0.0,28.0,0.0,7.19,11.69,5.86,0.0
20200109:1610,0.0,0.0,0.0,0.0,11.54,5.86,0.0
20200109:1710,0.0,0.0,0.0,0.0,11.38,6.0,0.0
20200109:1810,0.0,0.0,0.0,0.0,10.99,6.07,0.0
20200109:1910,0.0,0.0,0.0,0.0,10.72,6.07,0.0
20200109:2010,0.0,0.0,0.0,0.0,10.6,5.66,0.0
20200109:2110,0.0,0.0,0.0,0.0,10.3,5.66,0.0
20200109:2210,0.0,0.0,0.0,0.0,9.95,6.0,0.0
20200109:2310,0.0,0.0,0.0,0.0,9.64,6.41,0.0
20200110:0010,0.0,0.0,0.0,0.0,9.19,6.83,0.0
20200110:0110,0.0,0.0,0.0,0.0,8.87,6.83,0.0
20200110:0210,0.0,0.0,0.0,0.0,8.74,6.55,0.0
20200110:0310,0.0,0.0,0.0,0.0,8.88,6.07,0.0
20200110:0410,0.0,0.0,0.0,0.0,8.73,4.9,0.0
20200110:0510,0.0,0.0,0.0,0.0,8.5,4.48,0.0
20200110:0610,0.0,0.0,0.0,0.0,8.31,4.9,0.0
20200110:0710,0.0,0.0,0.0,0.0,8.25,5.03,0.0
20200110:0810,1.0,14.81,0.0,3.13,7.85,5.1,0.0
20200110:0910,4.0,64.0,0.0,10.14,7.56,5.03,0.0
20200110:1010,21.0,118.0,0.0,15.44,7.56,4.48,0.0
20200110:1110,2.0,114.0,0.0,18.61,7.82,5.1,0.0
20200110:1210,24.0,151.0,0.0,19.35,8.13,5.24,0.0
20200110:1310,62.0,138.0,0.0,17.56,8.33,4.55,0.0
20200110:1410,2.0,80.0,0.0,13.44,8.65,4.28,0.0
20200110:1510,2.0,40.0,0.0,7.36,8.47,2.97,0.0
20200110:1610,0.0,0.0,0.0,0.0,7.85,2.21,0.0
20200110:1710,0.0,0.0,0.0,0.0,7.01,1.86,0.0
20200110:1810,0.0,0.0,0.0,0.0,6.25,2.0,0.0
20200110:1910,0.0,0.0,0.0,0.0,6.08,1.17,0.0
20200110:2010,0.0,0.0,0.0,0.0,6.38,0.14,0.0
20200110:2110,0.0,0.0,0.0,0.0,4.09,1.93,0.0
20200110:2210,0.0,0.0,0.0,0.0,3.29,1.93,0.0
20200110:2310,0.0,0.0,0.0,0.0,2.93,1.38,0.0
20200111:0010,0.0,0.0,0.0,0.0,2.21,1.59,0.0
20200111:0110,0.0,0.0,0.0,0.0,1.69,1.52,0.0
20200111:0210,0.0,0.0,0.0,0.0,1.45,1.38,0.0
20200111:0310,0.0,0.0,0.0,0.0,0.77,1.59,0.0
20200111:0410,0.0,0.0,0.0,0.0,0.38,1.72,0.0
20200111:0510,0.0,0.0,0.0,0.0,0.33,1.72,0.0
20200111:0610,0.0,0.0,0.0,0.0,0.4,1.72,0.0
20200111:0710,0.0,0.0,0.0,0.0,0.6,2.14,0.0
20200111:0810,3.0,16.35,0.0,3.21,0.77,2.28,0.0
20200111:0910,13.0,74.0,0.0,10.23,2.29,2.21,0.0
20200111:1010,198.01,58.0,0.0,15.56,4.44,2.55,0.0
20200111:1110,207.01,89.0,0.0,18.75,6.25,3.1,0.0
20200111:1210,152.01,127.0,0.0,19.5,7.32,3.52,0.0
20200111:1310,43.0,142.0,0.0,17.73,7.83,3.79,0.0
20200111:1410,34.0,105.0,0.0,13.61,7.88,3.52,0.0
20200111:1510,22.0,52.0,0.0,7.54,7.57,2.76,0.0
20200111:1610,0.0,0.0,0.0,0.0,6.58,2.48,0.0
20200111:1710,0.0,0.0,0.0,0.0,5.38,2.62,0.0
20200111:1810,0.0,0.0,0.0,0.0,4.63,2.76,0.0
20200111:1910,0.0,0.0,0.0,0.0,3.93,2.83,0.0
20200111:2010,0.0,0.0,0.0,0.0,3.42,2.97,0.0
20200111:2110,0.0,0.0,0.0,0.0,3.11,2.97,0.0
20200111:2210,0.0,0.0,0.0,0.0,2.89,3.03,0.0
20200111:2310,0.0,0.0,0.0,0.0,2.54,3.17,0.0
20200112:0010,0.0,0.0,0.0,0.0,2.3,3.31,0.0
20200112:0110,0.0,0.0,0.0,0.0,2.26,3.31,0.0
20200112:0210,0.0,0.0,0.0,0.0,2.41,3.45,0.0
20200112:0310,0.0,0.0,0.0,0.0,2.55,3.52,0.0
20200112:0410,0.0,0.0,0.0,0.0,2.97,3.66,0.0
20200112:0510,0.0,0.0,0.0,0.0,3.36,3.79,0.0
20200112:0610,0.0,0.0,0.0,0.0,3.78,4.0,0.0
20200112:0710,0.0,0.0,0.0,0.0,4.19,4.41,0.0
20200112:0810,4.0,18.06,0.0,3.29,4.3,4.55,0.0
20200112:0910,16.0,75.0,0.0,10.33,5.26,4.83,0.0
20200112:1010,9.0,111.0,0.0,15.68,6.56,4.34,0.0
20200112:1110,66.0,151.0,0.0,18.9,7.37,4.48,0.0
20200112:1210,4.0,125.0,0.0,19.67,7.93,4.41,0.0
20200112:1310,0.0,35.0,0.0,17.9,8.5,4.55,0.0
20200112:1410,0.0,50.0,0.0,13.79,8.71,4.28,0.0
20200112:1510,9.0,52.0,0.0,7.72,8.9,4.83,0.0
20200112:1610,0.0,0.0,0.0,0.0,8.76,4.14,0.0
20200112:1710,0.0,0.0,0.0,0.0,8.3,3.79,0.0
20200112:1810,0.0,0.0,0.0,0.0,8.26,3.66,0.0
20200112:1910,0.0,0.0,0.0,0.0,8.03,3.24,0.0
20200112:2010,0.0,0.0,0.0,0.0,7.8,3.03,0.0
20200112:2110,0.0,0.0,0.0,0.0,7.76,2.9,0.0
20200112:2210,0.0,0.0,0.0,0.0,7.79,2.83,0.0
20200112:2310,0.0,0.0,0.0,0.0,7.84,2.76,0.0
20200113:0010,0.0,0.0,0.0,0.0,7.71,2.69,0.0
20200113:0110,0.0,0.0,0.0,0.0,7.81,2.83,0.0
20200113:0210,0.0,0.0,0.0,0.0,7.5,2.83,0.0
20200113:0310,0.0,0.0,0.0,0.0,7.38,3.03,0.0
20200113:0410,0.0,0.0,0.0,0.0,7.01,3.17,0.0
20200113:0510,0.0,0.0,0.0,0.0,6.77,3.17,0.0
20200113:0610,0.0,0.0,0.0,0.0,6.44,3.03,0.0
20200113:0710,0.0,0.0,0.0,0.0,6.62,3.17,0.0
20200113:0810,9.0,16.95,0.0,3.38,6.51,3.1,0.0
20200113:0910,5.0,67.0,0.0,10.44,6.93,3.17,0.0
20200113:1010,1.0,83.0,0.0,15.81,7.56,4.62,0.0
20200113:1110,0.0,64.0,0.0,19.05,7.61,4.62,0.0
20200113:1210,0.0,77.0,0.0,19.83,7.91,5.86,0.0
20200113:1310,0.0,83.0,0.0,18.08,8.55,6.21,0.0
20200113:1410,10.0,99.0,0.0,13.98,9.2,5.66,0.0
20200113:1510,24.0,54.0,0.0,7.91,9.55,5.93,0.0
20200113:1610,0.0,0.0,0.0,0.0,9.6,5.93,0.0
20200113:1710,0.0,0.0,0.0,0.0,9.38,5.86,0.0
20200113:1810,0.0,0.0,0.0,0.0,9.2,5.93,0.0
20200113:1910,0.0,0.0,0.0,0.0,9.12,5.86,0.0
20200113:2010,0.0,0.0,0.0,0.0,9.18,6.0,0.0
20200113:2110,0.0,0.0,0.0,0.0,9.08,6.14,0.0
20200113:2210,0.0,0.0,0.0,0.0,9.01,6.14,0.0
20200113:2310,0.0,0.0,0.0,0.0,9.09,6.41,0.0
20200114:0010,0.0,0.0,0.0,0.0,9.31,6.69,0.0
20200114:0110,0.0,0.0,0.0,0.0,9.45,6.97,0.0
20200114:0210,0.0,0.0,0.0,0.0,8.53,6.9,0.0
20200114:0310,0.0,0.0,0.0,0.0,8.7,7.03,0.0
20200114:0410,0.0,0.0,0.0,0.0,9.6,7.59,0.0
20200114:0510,0.0,0.0,0.0,0.0,10.23,8.0,0.0
20200114:0610,0.0,0.0,0.0,0.0,10.44,8.21,0.0
20200114:0710,0.0,0.0,0.0,0.0,10.59,7.86,0.0
20200114:0810,1.0,15.81,0.0,3.48,10.45,7.86,0.0
20200114:0910,7.0,69.0,0.0,10.56,10.02,8.0,0.0
20200114:1010,12.0,113.0,0.0,15.95,9.73,7.93,0.0
20200114:1110,2.0,115.0,0.0,19.21,10.01,8.0,0.0
20200114:1210,6.0,133.0,0.0,20.01,10.16,8.14,0.0
20200114:1310,6.0,119.0,0.0,18.27,9.52,7.72,0.0
20200114:1410,0.0,57.0,0.0,14.17,9.46,7.59,0.0
20200114:1510,0.0,29.0,0.0,8.1,9.55,7.52,0.0
20200114:1610,0.0,0.0,0.0,0.0,9.78,7.38,0.0
20200114:1710,0.0,0.0,0.0,0.0,10.17,7.1,0.0
20200114:1810,0.0,0.0,0.0,0.0,10.52,7.03,0.0
20200114:1910,0.0,0.0,0.0,0.0,10.53,6.97,0.0
20200114:2010,0.0,0.0,0.0,0.0,10.12,6.62,0.0
20200114:2110,0.0,0.0,0.0,0.0,9.61,6.14,0.0
20200114:2210,0.0,0.0,0.0,0.0,9.53,6.07,0.0
20200114:2310,0.0,0.0,0.0,0.0,9.86,6.0,0.0
20200115:0010,0.0,0.0,0.0,0.0,10.34,6.21,0.0
20200115:0110,0.0,0.0,0.0,0.0,10.46,6.41,0.0
20200115:0210,0.0,0.0,0.0,0.0,10.07,6.48,0.0
20200115:0310,0.0,0.0,0.0,0.0,9.61,6.41,0.0
20200115:0410,0.0,0.0,0.0,0.0,9.09,6.41,0.0
20200115:0510,0.0,0.0,0.0,0.0,8.69,6.34,0.0
20200115:0610,0.0,0.0,0.0,0.0,8.45,6.28,0.0
20200115:0710,0.0,0.0,0.0,0.0,9.17,6.21,0.0
20200115:0810,7.0,18.41,0.0,3.58,9.48,6.21,0.0
20200115:0910,13.0,75.0,0.0,10.68,9.91,6.55,0.0
20200115:1010,178.01,70.0,0.0,16.09,10.75,6.9,0.0
20200115:1110,16.0,145.0,0.0,19.37,11.62,5.93,0.0
20200115:1210,124.01,143.0,0.0,20.19,11.81,7.59,0.0
20200115:1310,0.0,68.0,0.0,18.46,11.39,7.72,0.0
20200115:1410,0.0,66.0,0.0,14.37,11.09,7.38,0.0
20200115:1510,11.0,56.0,0.0,8.3,11.04,6.62,0.0
20200115:1610,0.0,0.0,0.0,0.0,11.01,5.45,0.0
20200115:1710,0.0,0.0,0.0,0.0,10.49,4.14,0.0
20200115:1810,0.0,0.0,0.0,0.0,9.74,3.24,0.0
20200115:1910,0.0,0.0,0.0,0.0,10.26,2.9,0.0
20200115:2010,0.0,0.0,0.0,0.0,9.82,2.14,0.0
20200115:2110,0.0,0.0,0.0,0.0,9.2,2.07,0.0
20200115:2210,0.0,0.0,0.0,0.0,8.32,2.0,0.0
20200115:2310,0.0,0.0,0.0,0.0,7.37,2.07,0.0
20200116:0010,0.0,0.0,0.0,0.0,6.55,2.21,0.0
20200116:0110,0.0,0.0,0.0,0.0,5.99,2.28,0.0
20200116:0210,0.0,0.0,0.0,0.0,5.36,2.34,0.0
20200116:0310,0.0,0.0,0.0,0.0,5.28,2.34,0.0
20200116:0410,0.0,0.0,0.0,0.0,5.34,2.34,0.0
20200116:0510,0.0,0.0,0.0,0.0,6.01,2.41,0.0
20200116:0610,0.0,0.0,0.0,0.0,6.35,2.83,0.0
20200116:0710,0.0,0.0,0.0,0.0,6.76,2.97,0.0
20200116:0810,11.0,18.46,0.0,3.69,6.9,3.31,0.0
20200116:0910,105.01,51.0,0.0,10.81,7.41,3.72,0.0
20200116:1010,192.01,67.0,0.0,16.25,8.73,3.66,0.0
20200116:1110,238.01,79.0,0.0,19.55,10.31,4.21,0.0
20200116:1210,237.01,90.0,0.0,20.38,11.7,4.62,0.0
20200116:1310,215.01,81.0,0.0,18.66,12.74,4.69,0.0
20200116:1410,152.01,68.0,0.0,14.57,13.2,4.69,0.0
20200116:1510,71.01,42.0,0.0,8.5,13.02,4.9,0.0
20200116:1610,0.0,0.0,0.0,0.0,12.04,4.62,0.0
20200116:1710,0.0,0.0,0.0,0.0,10.88,4.55,0.0
20200116:1810,0.0,0.0,0.0,0.0,10.21,4.76,0.0
20200116:1910,0.0,0.0,0.0,0.0,10.01,5.03,0.0
20200116:2010,0.0,0.0,0.0,0.0,9.77,4.97,0.0
20200116:2110,0.0,0.0,0.0,0.0,9.62,4.83,0.0
20200116:2210,0.0,0.0,0.0,0.0,9.5,4.76,0.0
20200116:2310,0.0,0.0,0.0,0.0,9.28,4.69,0.0
20200117:0010,0.0,0.0,0.0,0.0,9.33,4.55,0.0
20200117:0110,0.0,0.0,0.0,0.0,9.67,4.55,0.0
20200117:0210,0.0,0.0,0.0,0.0,9.87,4.69,0.0
20200117:0310,0.0,0.0,0.0,0.0,9.74,5.17,0.0
20200117:0410,0.0,0.0,0.0,0.0,9.44,5.79,0.0
20200117:0510,0.0,0.0,0.0,0.0,8.79,6.07,0.0
20200117:0610,0.0,0.0,0.0,0.0,8.98,5.79,0.0
20200117:0710,0.0,0.0,0.0,0.0,9.11,4.76,0.0
20200117:0810,0.0,5.0,0.0,3.81,9.04,4.9,0.0
20200117:0910,4.0,69.0,0.0,10.95,8.96,5.17,0.0
20200117:1010,96.01,116.0,0.0,16.41,9.27,5.38,0.0
20200117:1110,34.0,157.0,0.0,19.73,9.77,4.97,0.0
20200117:1210,111.01,153.0,0.0,20.58,10.24,5.86,0.0
20200117:1310,119.01,132.0,0.0,18.87,10.05,5.45,0.0
20200117:1410,12.0,106.0,0.0,14.78,10.06,5.45,0.0
20200117:1510,79.01,40.0,0.0,8.71,9.67,4.69,0.0
20200117:1610,0.0,0.0,0.0,0.0,8.74,4.14,0.0
20200117:1710,0.0,0.0,0.0,0.0,7.77,3.86,0.0
20200117:1810,0.0,0.0,0.0,0.0,6.98,3.52,0.0
20200117:1910,0.0,0.0,0.0,0.0,6.34,3.45,0.0
20200117:2010,0.0,0.0,0.0,0.0,5.58,3.66,0.0
20200117:2110,0.0,0.0,0.0,0.0,5.06,3.86,0.0
20200117:2210,0.0,0.0,0.0,0.0,4.67,4.0,0.0
20200117:2310,0.0,0.0,0.0,0.0,4.36,4.28,0.0
20200118:0010,0.0,0.0,0.0,0.0,4.12,4.41,0.0
20200118:0110,0.0,0.0,0.0,0.0,3.9,4.34,0.0
20200118:0210,0.0,0.0,0.0,0.0,3.69,4.07,0.0
20200118:0310,0.0,0.0,0.0,0.0,3.4,3.59,0.0
20200118:0410,0.0,0.0,0.0,0.0,3.19,3.24,0.0
20200118:0510,0.0,0.0,0.0,0.0,3.11,3.1,0.0
20200118:0610,0.0,0.0,0.0,0.0,2.74,3.03,0.0
20200118:0710,0.0,0.0,0.0,0.0,3.03,3.24,0.0
20200118:0810,24.0,14.29,0.0,3.93,3.56,3.24,0.0
20200118:0910,114.01,51.0,0.0,11.09,4.36,2.62,0.0
20200118:1010,195.01,70.0,0.0,16.57,5.42,2.41,0.0
20200118:1110,277.01,65.0,0.0,19.91,6.6,1.86,0.0
20200118:1210,290.01,67.0,0.0,20.78,7.63,1.52,0.0
20200118:1310,242.01,73.0,0.0,19.08,7.86,1.52,0.0
20200118:1410,161.01,69.0,0.0,15.0,8.15,1.38,0.0
20200118:1510,12.0,62.0,0.0,8.92,7.96,1.31,0.0
20200118:1610,0.0,0.0,0.0,0.0,7.14,1.79,0.0
20200118:1710,0.0,0.0,0.0,0.0,6.07,2.21,0.0
20200118:1810,0.0,0.0,0.0,0.0,5.22,2.34,0.0
20200118:1910,0.0,0.0,0.0,0.0,3.89,2.62,0.0
20200118:2010,0.0,0.0,0.0,0.0,3.14,2.69,0.0
20200118:2110,0.0,0.0,0.0,0.0,2.53,2.83,0.0
20200118:2210,0.0,0.0,0.0,0.0,1.99,2.9,0.0
20200118:2310,0.0,0.0,0.0,0.0,1.45,2.83,0.0
20200119:0010,0.0,0.0,0.0,0.0,0.97,2.76,0.0
20200119:0110,0.0,0.0,0.0,0.0,0.57,2.69,0.0
20200119:0210,0.0,0.0,0.0,0.0,0.25,2.76,0.0
20200119:0310,0.0,0.0,0.0,0.0,0.07,2.76,0.0
20200119:0410,0.0,0.0,0.0,0.0,-0.07,2.69,0.0
20200119:0510,0.0,0.0,0.0,0.0,-0.05,2.76,0.0
20200119:0610,0.0,0.0,0.0,0.0,0.32,2.9,0.0
20200119:0710,0.0,0.0,0.0,0.0,0.96,2.97,0.0
20200119:0810,25.0,15.0,0.0,4.06,1.3,3.03,0.0
20200119:0910,119.01,51.0,0.0,11.24,2.23,3.24,0.0
20200119:1010,173.01,85.0,0.0,16.74,3.73,3.79,0.0
20200119:1110,97.0,157.0,0.0,20.11,5.02,4.28,0.0
20200119:1210,200.01,120.0,0.0,20.99,5.94,5.59,0.0
20200119:1310,0.0,76.0,0.0,19.3,6.43,5.59,0.0
20200119:1410,15.0,114.0,0.0,15.22,6.51,5.24,0.0
20200119:1510,37.0,63.0,0.0,9.14,6.32,4.14,0.0
20200119:1610,0.0,0.0,0.0,0.0,5.62,3.86,0.0
20200119:1710,0.0,0.0,0.0,0.0,4.86,4.0,0.0
20200119:1810,0.0,0.0,0.0,0.0,4.37,4.07,0.0
20200119:1910,0.0,0.0,0.0,0.0,3.92,4.21,0.0
20200119:2010,0.0,0.0,0.0,0.0,3.43,4.41,0.0
20200119:2110,0.0,0.0,0.0,0.0,3.17,4.48,0.0
20200119:2210,0.0,0.0,0.0,0.0,2.91,4.41,0.0
20200119:2310,0.0,0.0,0.0,0.0,2.52,4.21,0.0
20200120:0010,0.0,0.0,0.0,0.0,2.08,4.07,0.0
20200120:0110,0.0,0.0,0.0,0.0,1.78,4.07,0.0
20200120:0210,0.0,0.0,0.0,0.0,1.54,3.86,0.0
20200120:0310,0.0,0.0,0.0,0.0,1.28,3.72,0.0
20200120:0410,0.0,0.0,0.0,0.0,1.05,3.59,0.0
20200120:0510,0.0,0.0,0.0,0.0,0.89,3.59,0.0
20200120:0610,0.0,0.0,0.0,0.0,0.79,3.38,0.0
20200120:0710,0.0,0.0,0.0,0.0,0.58,3.52,0.0
20200120:0810,26.0,14.96,0.0,4.2,0.39,3.38,0.0
20200120:0910,113.01,55.0,0.0,11.4,1.16,3.1,0.0
20200120:1010,186.01,80.0,0.0,16.92,2.72,3.79,0.0
20200120:1110,233.01,93.0,0.0,20.31,4.15,4.34,0.0
20200120:1210,237.01,102.0,0.0,21.21,4.97,4.69,0.0
20200120:1310,220.01,91.0,0.0,19.52,5.38,4.83,0.0
20200120:1410,169.01,71.0,0.0,15.44,5.37,5.1,0.0
20200120:1510,76.01,50.0,0.0,9.36,4.95,4.9,0.0
20200120:1610,0.0,2.0,0.0,1.73,4.25,4.21,0.0
20200120:1710,0.0,0.0,0.0,0.0,3.52,3.86,0.0
20200120:1810,0.0,0.0,0.0,0.0,3.26,3.72,0.0
20200120:1910,0.0,0.0,0.0,0.0,2.69,3.03,0.0
20200120:2010,0.0,0.0,0.0,0.0,2.3,2.9,0.0
20200120:2110,0.0,0.0,0.0,0.0,1.64,2.83,0.0
20200120:2210,0.0,0.0,0.0,0.0,1.02,2.9,0.0
20200120:2310,0.0,0.0,0.0,0.0,0.57,2.97,0.0
20200121:0010,0.0,0.0,0.0,0.0,0.15,2.97,0.0
20200121:0110,0.0,0.0,0.0,0.0,-0.27,2.97,0.0
20200121:0210,0.0,0.0,0.0,0.0,-0.65,2.9,0.0
20200121:0310,0.0,0.0,0.0,0.0,-0.97,2.76,0.0
20200121:0410,0.0,0.0,0.0,0.0,-1.38,2.62,0.0
20200121:0510,0.0,0.0,0.0,0.0,-1.71,2.55,0.0
20200121:0610,0.0,0.0,0.0,0.0,-2.01,2.41,0.0
20200121:0710,0.0,0.0,0.0,0.0,-1.75,2.34,0.0
20200121:0810,27.0,15.69,0.0,4.34,-1.93,2.28,0.0
20200121:0910,114.01,56.0,0.0,11.56,-0.71,1.86,0.0
20200121:1010,207.01,70.0,0.0,17.11,1.22,1.86,0.0
20200121:1110,264.01,78.0,0.0,20.51,2.78,1.79,0.0
20200121:1210,270.01,86.0,0.0,21.43,4.02,2.0,0.0
20200121:1310,250.01,77.0,0.0,19.75,4.84,2.34,0.0
20200121:1410,187.01,64.0,0.0,15.67,5.26,2.69,0.0
20200121:1510,87.01,47.0,0.0,9.58,5.17,2.76,0.0
20200121:1610,0.0,4.0,0.0,1.95,4.25,2.34,0.0
20200121:1710,0.0,0.0,0.0,0.0,2.8,2.41,0.0
20200121:1810,0.0,0.0,0.0,0.0,1.86,2.41,0.0
20200121:1910,0.0,0.0,0.0,0.0,0.77,2.21,0.0
20200121:2010,0.0,0.0,0.0,0.0,0.03,2.14,0.0
20200121:2110,0.0,0.0,0.0,0.0,-0.53,2.14,0.0
20200121:2210,0.0,0.0,0.0,0.0,-0.97,2.34,0.0
20200121:2310,0.0,0.0,0.0,0.0,-1.27,2.34,0.0
20200122:0010,0.0,0.0,0.0,0.0,-1.6,2.07,0.0
20200122:0110,0.0,0.0,0.0,0.0,-1.99,1.93,0.0
20200122:0210,0.0,0.0,0.0,0.0,-2.36,1.93,0.0
20200122:0310,0.0,0.0,0.0,0.0,-2.55,2.21,0.0
20200122:0410,0.0,0.0,0.0,0.0,-2.51,2.62,0.0
20200122:0510,0.0,0.0,0.0,0.0,-2.44,2.69,0.0
20200122:0610,0.0,0.0,0.0,0.0,-2.5,2.55,0.0
20200122:0710,0.0,0.0,0.0,0.0,-2.22,2.28,0.0
20200122:0810,28.0,16.42,0.0,4.49,-2.16,2.28,0.0
20200122:0910,112.01,60.0,0.0,11.73,-1.59,2.62,0.0
20200122:1010,207.01,73.0,0.0,17.3,-0.43,2.48,0.0
20200122:1110,255.01,86.0,0.0,20.72,1.11,2.28,0.0
20200122:1210,264.01,92.0,0.0,21.66,2.39,2.9,0.0
20200122:1310,251.01,79.0,0.0,19.99,3.18,3.45,0.0
20200122:1410,189.01,66.0,0.0,15.91,3.48,3.52,0.0
20200122:1510,93.01,47.0,0.0,9.81,3.25,2.97,0.0
20200122:1610,0.0,7.0,0.0,2.17,2.1,2.69,0.0
20200122:1710,0.0,0.0,0.0,0.0,0.69,2.83,0.0
20200122:1810,0.0,0.0,0.0,0.0,0.01,2.9,0.0
20200122:1910,0.0,0.0,0.0,0.0,-0.26,2.9,0.0
20200122:2010,0.0,0.0,0.0,0.0,-0.52,2.97,0.0
20200122:2110,0.0,0.0,0.0,0.0,-0.71,2.9,0.0
20200122:2210,0.0,0.0,0.0,0.0,-0.89,2.9,0.0
20200122:2310,0.0,0.0,0.0,0.0,-1.05,2.9,0.0
20200123:0010,0.0,0.0,0.0,0.0,-1.2,2.97,0.0
20200123:0110,0.0,0.0,0.0,0.0,-1.33,3.1,0.0
20200123:0210,0.0,0.0,0.0,0.0,-1.43,3.24,0.0
20200123:0310,0.0,0.0,0.0,0.0,-1.5,3.17,0.0
20200123:0410,0.0,0.0,0.0,0.0,-1.6,3.03,0.0
20200123:0510,0.0,0.0,0.0,0.0,-1.74,2.9,0.0
20200123:0610,0.0,0.0,0.0,0.0,-1.86,2.76,0.0
20200123:0710,0.0,0.0,0.0,0.0,-2.03,2.97,0.0
20200123:0810,16.0,24.08,0.0,4.65,-1.95,2.9,0.0
20200123:0910,38.0,91.0,0.0,11.91,-0.78,2.55,0.0
20200123:1010,186.01,86.0,0.0,17.5,0.88,2.9,0.0
20200123:1110,260.01,84.0,0.0,20.94,2.46,2.76,0.0
20200123:1210,284.01,82.0,0.0,21.89,3.8,2.62,0.0
20200123:1310,252.01,80.0,0.0,20.23,4.78,2.69,0.0
20200123:1410,193.01,65.0,0.0,16.15,5.34,2.83,0.0
20200123:1510,92.01,49.0,0.0,10.05,5.28,2.9,0.0
20200123:1610,0.0,9.0,0.0,2.4,4.22,2.62,0.0
20200123:1710,0.0,0.0,0.0,0.0,2.66,2.76,0.0
20200123:1810,0.0,0.0,0.0,0.0,1.79,2.62,0.0
20200123:1910,0.0,0.0,0.0,0.0,0.32,2.28,0.0
20200123:2010,0.0,0.0,0.0,0.0,-0.29,2.21,0.0
20200123:2110,0.0,0.0,0.0,0.0,-0.75,2.21,0.0
20200123:2210,0.0,0.0,0.0,0.0,-0.98,2.07,0.0
20200123:2310,0.0,0.0,0.0,0.0,-1.17,1.86,0.0
20200124:0010,0.0,0.0,0.0,0.0,-1.27,1.66,0.0
20200124:0110,0.0,0.0,0.0,0.0,-1.6,1.66,0.0
20200124:0210,0.0,0.0,0.0,0.0,-2.25,1.59,0.0
20200124:0310,0.0,0.0,0.0,0.0,-2.86,1.45,0.0
20200124:0410,0.0,0.0,0.0,0.0,-2.94,1.31,0.0
20200124:0510,0.0,0.0,0.0,0.0,-3.16,1.38,0.0
20200124:0610,0.0,0.0,0.0,0.0,-3.1,1.24,0.0
20200124:0710,0.0,0.0,0.0,0.0,-3.28,1.31,0.0
20200124:0810,18.0,23.73,0.0,4.81,-2.57,0.9,0.0
20200124:0910,89.01,73.0,0.0,12.09,-0.98,0.55,0.0
20200124:1010,191.01,83.0,0.0,17.7,0.79,0.28,0.0
20200124:1110,258.01,86.0,0.0,21.17,2.86,0.28,0.0
20200124:1210,278.01,85.0,0.0,22.13,4.75,0.55,0.0
20200124:1310,257.01,78.0,0.0,20.47,6.19,0.41,0.0
20200124:1410,107.01,111.0,0.0,16.39,7.14,0.34,0.0
20200124:1510,87.01,53.0,0.0,10.28,7.24,0.69,0.0
20200124:1610,0.0,6.0,0.0,2.63,6.77,1.24,0.0
20200124:1710,0.0,0.0,0.0,0.0,5.47,1.72,0.0
20200124:1810,0.0,0.0,0.0,0.0,4.35,1.66,0.0
20200124:1910,0.0,0.0,0.0,0.0,2.5,1.38,0.0
20200124:2010,0.0,0.0,0.0,0.0,1.96,1.24,0.0
20200124:2110,0.0,0.0,0.0,0.0,1.55,0.9,0.0
20200124:2210,0.0,0.0,0.0,0.0,1.25,0.83,0.0
20200124:2310,0.0,0.0,0.0,0.0,0.61,0.97,0.0
20200125:0010,0.0,0.0,0.0,0.0,0.46,0.69,0.0
20200125:0110,0.0,0.0,0.0,0.0,0.73,0.55,0.0
20200125:0210,0.0,0.0,0.0,0.0,1.3,0.48,0.0
20200125:0310,0.0,0.0,0.0,0.0,1.4,0.69,0.0
20200125:0410,0.0,0.0,0.0,0.0,1.39,1.17,0.0
20200125:0510,0.0,0.0,0.0,0.0,1.42,1.72,0.0
20200125:0610,0.0,0.0,0.0,0.0,1.39,1.93,0.0
20200125:0710,0.0,0.0,0.0,0.0,0.76,1.72,0.0
20200125:0810,16.0,26.07,0.0,4.98,0.7,1.86,0.0
20200125:0910,35.0,92.0,0.0,12.28,0.88,1.79,0.0
20200125:1010,16.0,134.0,0.0,17.91,1.6,1.66,0.0
20200125:1110,12.0,154.0,0.0,21.4,2.58,1.45,0.0
20200125:1210,57.0,182.0,0.0,22.37,3.7,1.31,0.0
20200125:1310,107.0,155.0,0.0,20.72,4.65,1.24,0.0
20200125:1410,101.01,115.0,0.0,16.64,5.31,1.45,0.0
20200125:1510,48.0,72.0,0.0,10.53,5.86,1.79,0.0
20200125:1610,0.0,6.0,0.0,2.86,5.74,1.72,0.0
20200125:1710,0.0,0.0,0.0,0.0,4.92,1.72,0.0
20200125:1810,0.0,0.0,0.0,0.0,4.35,1.66,0.0
20200125:1910,0.0,0.0,0.0,0.0,3.7,2.07,0.0
20200125:2010,0.0,0.0,0.0,0.0,3.04,2.21,0.0
20200125:2110,0.0,0.0,0.0,0.0,2.56,2.28,0.0
20200125:2210,0.0,0.0,0.0,0.0,2.17,2.21,0.0
20200125:2310,0.0,0.0,0.0,0.0,1.73,2.0,0.0
20200126:0010,0.0,0.0,0.0,0.0,1.68,1.86,0.0
20200126:0110,0.0,0.0,0.0,0.0,1.77,1.79,0.0
20200126:0210,0.0,0.0,0.0,0.0,1.85,1.79,0.0
20200126:0310,0.0,0.0,0.0,0.0,1.96,1.79,0.0
20200126:0410,0.0,0.0,0.0,0.0,2.23,1.93,0.0
20200126:0510,0.0,0.0,0.0,0.0,2.55,2.0,0.0
20200126:0610,0.0,0.0,0.0,0.0,2.87,2.07,0.0
20200126:0710,0.0,0.0,0.0,0.0,3.45,2.0,0.0
20200126:0810,9.0,29.72,0.0,5.15,3.68,2.07,0.0
20200126:0910,3.0,74.0,0.0,12.48,4.36,2.83,0.0
20200126:1010,25.0,140.0,0.0,18.13,5.39,3.45,0.0
20200126:1110,1.0,118.0,0.0,21.64,6.78,3.93,0.0
20200126:1210,0.0,63.0,0.0,22.63,7.83,4.21,0.0
20200126:1310,3.0,130.0,0.0,20.98,8.82,4.83,0.0
20200126:1410,2.0,97.0,0.0,16.89,9.28,4.76,0.0
20200126:1510,63.0,69.0,0.0,10.77,9.23,3.93,0.0
20200126:1610,0.0,9.0,0.0,3.1,8.75,3.45,0.0
20200126:1710,0.0,0.0,0.0,0.0,7.61,3.31,0.0
20200126:1810,0.0,0.0,0.0,0.0,7.02,3.79,0.0
20200126:1910,0.0,0.0,0.0,0.0,6.88,4.28,0.0
20200126:2010,0.0,0.0,0.0,0.0,7.13,4.69,0.0
20200126:2110,0.0,0.0,0.0,0.0,7.3,4.97,0.0
20200126:2210,0.0,0.0,0.0,0.0,7.45,5.1,0.0
20200126:2310,0.0,0.0,0.0,0.0,7.58,5.45,0.0
20200127:0010,0.0,0.0,0.0,0.0,7.73,5.86,0.0
20200127:0110,0.0,0.0,0.0,0.0,7.92,6.28,0.0
20200127:0210,0.0,0.0,0.0,0.0,8.08,6.41,0.0
20200127:0310,0.0,0.0,0.0,0.0,8.01,6.41,0.0
20200127:0410,0.0,0.0,0.0,0.0,7.9,6.21,0.0
20200127:0510,0.0,0.0,0.0,0.0,7.94,5.93,0.0
20200127:0610,0.0,0.0,0.0,0.0,8.04,5.52,0.0
20200127:0710,0.0,0.0,0.0,0.0,8.78,6.0,0.0
20200127:0810,0.0,24.0,0.0,5.33,8.59,6.48,0.0
20200127:0910,0.0,63.0,0.0,12.68,8.35,6.48,0.0
20200127:1010,0.0,68.0,0.0,18.36,8.16,6.28,0.0
20200127:1110,0.0,72.0,0.0,21.88,8.11,5.93,0.0
20200127:1210,0.0,65.0,0.0,22.88,8.31,5.79,0.0
20200127:1310,0.0,69.0,0.0,21.24,8.16,6.0,0.0
20200127:1410,0.0,41.0,0.0,17.15,8.05,6.07,0.0
20200127:1510,2.0,62.0,0.0,11.02,8.02,6.07,0.0
20200127:1610,0.0,9.0,0.0,3.34,8.22,6.34,0.0
20200127:1710,0.0,0.0,0.0,0.0,8.19,6.55,0.0
20200127:1810,0.0,0.0,0.0,0.0,8.36,7.03,0.0
20200127:1910,0.0,0.0,0.0,0.0,8.36,7.38,0.0
20200127:2010,0.0,0.0,0.0,0.0,8.28,6.97,0.0
20200127:2110,0.0,0.0,0.0,0.0,8.09,6.76,0.0
20200127:2210,0.0,0.0,0.0,0.0,7.63,7.1,0.0
20200127:2310,0.0,0.0,0.0,0.0,7.3,6.97,0.0
20200128:0010,0.0,0.0,0.0,0.0,7.16,6.83,0.0
20200128:0110,0.0,0.0,0.0,0.0,7.04,6.97,0.0
20200128:0210,0.0,0.0,0.0,0.0,6.92,7.1,0.0
20200128:0310,0.0,0.0,0.0,0.0,6.87,8.28,0.0
20200128:0410,0.0,0.0,0.0,0.0,6.05,9.72,0.0
20200128:0510,0.0,0.0,0.0,0.0,4.87,9.1,0.0
20200128:0610,0.0,0.0,0.0,0.0,4.25,8.41,0.0
20200128:0710,0.0,0.0,0.0,0.0,4.73,7.31,0.0
20200128:0810,33.0,21.93,0.0,5.52,4.36,7.72,0.0
20200128:0910,36.0,98.0,0.0,12.89,4.56,7.79,0.0
20200128:1010,27.0,146.0,0.0,18.58,5.38,7.72,0.0
20200128:1110,262.01,95.0,0.0,22.13,6.18,9.45,0.0
20200128:1210,110.0,180.0,0.0,23.14,6.74,9.03,0.0
20200128:1310,177.01,134.0,0.0,21.51,7.34,8.55,0.0
20200128:1410,175.01,88.0,0.0,17.41,7.52,7.66,0.0
20200128:1510,23.0,83.0,0.0,11.27,7.17,7.38,0.0
20200128:1610,0.0,5.0,0.0,3.58,6.93,7.1,0.0
20200128:1710,0.0,0.0,0.0,0.0,6.24,6.28,0.0
20200128:1810,0.0,0.0,0.0,0.0,5.33,6.07,0.0
20200128:1910,0.0,0.0,0.0,0.0,5.28,7.38,0.0
20200128:2010,0.0,0.0,0.0,0.0,5.36,7.24,0.0
20200128:2110,0.0,0.0,0.0,0.0,4.88,6.41,0.0
20200128:2210,0.0,0.0,0.0,0.0,4.61,6.0,0.0
20200128:2310,0.0,0.0,0.0,0.0,4.59,6.0,0.0
20200129:0010,0.0,0.0,0.0,0.0,4.53,5.72,0.0
20200129:0110,0.0,0.0,0.0,0.0,4.53,5.66,0.0
20200129:0210,0.0,0.0,0.0,0.0,4.68,5.52,0.0
20200129:0310,0.0,0.0,0.0,0.0,4.86,5.1,0.0
20200129:0410,0.0,0.0,0.0,0.0,4.88,4.97,0.0
20200129:0510,0.0,0.0,0.0,0.0,4.76,4.97,0.0
20200129:0610,0.0,0.0,0.0,0.0,4.55,4.69,0.0
20200129:0710,0.0,0.0,0.0,0.0,4.81,4.76,0.0
20200129:0810,24.0,29.01,0.0,5.71,4.96,4.41,0.0
20200129:0910,105.01,76.0,0.0,13.1,5.65,4.34,0.0
20200129:1010,207.01,87.0,0.0,18.82,6.9,5.17,0.0
20200129:1110,84.0,179.0,0.0,22.38,7.55,5.38,0.0
20200129:1210,277.01,100.0,0.0,23.41,8.37,5.31,0.0
20200129:1310,237.01,104.0,0.0,21.78,9.08,5.52,0.0
20200129:1410,3.0,110.0,0.0,17.68,9.31,5.1,0.0
20200129:1510,68.0,75.0,0.0,11.53,8.96,3.93,0.0
20200129:1610,3.0,19.36,0.0,3.82,8.44,3.59,0.0
20200129:1710,0.0,0.0,0.0,0.0,7.96,3.38,0.0
20200129:1810,0.0,0.0,0.0,0.0,7.65,3.38,0.0
20200129:1910,0.0,0.0,0.0,0.0,5.75,3.1,0.0
20200129:2010,0.0,0.0,0.0,0.0,5.0,3.17,0.0
20200129:2110,0.0,0.0,0.0,0.0,4.71,2.97,0.0
20200129:2210,0.0,0.0,0.0,0.0,4.22,2.76,0.0
20200129:2310,0.0,0.0,0.0,0.0,3.94,2.76,0.0
20200130:0010,0.0,0.0,0.0,0.0,4.03,2.76,0.0
20200130:0110,0.0,0.0,0.0,0.0,4.31,2.76,0.0
20200130:0210,0.0,0.0,0.0,0.0,4.61,2.9,0.0
20200130:0310,0.0,0.0,0.0,0.0,4.91,3.24,0.0
20200130:0410,0.0,0.0,0.0,0.0,4.91,3.45,0.0
20200130:0510,0.0,0.0,0.0,0.0,5.19,3.59,0.0
20200130:0610,0.0,0.0,0.0,0.0,5.92,3.79,0.0
20200130:0710,0.0,0.0,0.0,0.0,6.7,4.0,0.0
20200130:0810,0.0,9.0,0.0,5.91,7.41,4.41,0.0
20200130:0910,0.0,19.0,0.0,13.32,8.21,4.97,0.0
20200130:1010,0.0,48.0,0.0,19.06,8.58,5.24,0.0
20200130:1110,0.0,99.0,0.0,22.65,8.77,5.1,0.0
20200130:1210,1.0,124.0,0.0,23.68,9.23,4.62,0.0
20200130:1310,0.0,79.0,0.0,22.05,10.06,5.03,0.0
20200130:1410,23.0,135.0,0.0,17.95,11.02,5.24,0.0
20200130:1510,19.0,84.0,0.0,11.79,11.73,5.66,0.0
20200130:1610,0.0,8.0,0.0,4.07,11.93,6.07,0.0
20200130:1710,0.0,0.0,0.0,0.0,11.84,6.07,0.0
20200130:1810,0.0,0.0,0.0,0.0,11.7,5.86,0.0
20200130:1910,0.0,0.0,0.0,0.0,11.7,5.79,0.0
20200130:2010,0.0,0.0,0.0,0.0,11.55,5.66,0.0
20200130:2110,0.0,0.0,0.0,0.0,11.48,5.59,0.0
20200130:2210,0.0,0.0,0.0,0.0,11.42,5.38,0.0
20200130:2310,0.0,0.0,0.0,0.0,11.41,5.1,0.0
20200131:0010,0.0,0.0,0.0,0.0,11.37,4.83,0.0
20200131:0110,0.0,0.0,0.0,0.0,11.31,4.62,0.0
20200131:0210,0.0,0.0,0.0,0.0,11.29,4.48,0.0
20200131:0310,0.0,0.0,0.0,0.0,11.23,4.28,0.0
20200131:0410,0.0,0.0,0.0,0.0,11.13,4.14,0.0
20200131:0510,0.0,0.0,0.0,0.0,11.02,4.0,0.0
20200131:0610,0.0,0.0,0.0,0.0,10.87,3.93,0.0
20200131:0710,0.0,0.0,0.0,0.0,10.87,3.59,0.0
20200131:0810,20.0,38.0,0.0,6.11,10.75,3.59,0.0
20200131:0910,37.0,102.0,0.0,13.54,10.83,3.72,0.0
20200131:1010,13.0,139.0,0.0,19.31,11.19,4.55,0.0
20200131:1110,65.0,184.0,0.0,22.91,11.5,4.97,0.0
20200131:1210,34.0,189.0,0.0,23.96,11.87,5.03,0.0
20200131:1310,127.01,162.0,0.0,22.33,12.22,5.66,0.0
20200131:1410,56.0,142.0,0.0,18.22,12.22,5.45,0.0
20200131:1510,6.0,78.0,0.0,12.05,12.1,5.03,0.0
20200131:1610,0.0,13.0,0.0,4.32,11.74,4.62,0.0
20200131:1710,0.0,0.0,0.0,0.0,11.34,4.62,0.0
20200131:1810,0.0,0.0,0.0,0.0,11.08,4.69,0.0
20200131:1910,0.0,0.0,0.0,0.0,11.67,5.17,0.0
20200131:2010,0.0,0.0,0.0,0.0,11.56,5.31,0.0
20200131:2110,0.0,0.0,0.0,0.0,11.47,5.38,0.0
20200131:2210,0.0,0.0,0.0,0.0,11.48,5.45,0.0
20200131:2310,0.0,0.0,0.0,0.0,11.5,5.45,0.0
20200201:0010,0.0,0.0,0.0,0.0,11.57,5.52,0.0
20200201:0110,0.0,0.0,0.0,0.0,11.72,5.52,0.0
20200201:0210,0.0,0.0,0.0,0.0,11.93,5.79,0.0
20200201:0310,0.0,0.0,0.0,0.0,12.13,6.14,0.0
20200201:0410,0.0,0.0,0.0,0.0,12.2,6.28,0.0
20200201:0510,0.0,0.0,0.0,0.0,12.29,6.28,0.0
20200201:0610,0.0,0.0,0.0,0.0,12.14,6.14,0.0
20200201:0710,0.0,0.0,0.0,0.0,12.39,6.41,0.0
20200201:0810,1.0,28.0,0.0,6.32,12.32,6.34,0.0
20200201:0910,0.0,45.0,0.0,13.78,12.17,6.0,0.0
20200201:1010,43.0,153.0,0.0,19.56,12.17,5.59,0.0
20200201:1110,57.0,186.0,0.0,23.18,12.4,5.17,0.0
20200201:1210,279.01,103.0,0.0,24.24,13.03,5.52,0.0
20200201:1310,274.01,88.0,0.0,22.62,13.45,5.72,0.0
20200201:1410,53.0,143.0,0.0,18.5,13.61,5.72,0.0
20200201:1510,28.0,90.0,0.0,12.31,13.32,6.0,0.0
20200201:1610,0.0,19.0,0.0,4.57,12.71,5.93,0.0
20200201:1710,0.0,0.0,0.0,0.0,12.29,6.07,0.0
20200201:1810,0.0,0.0,0.0,0.0,12.0,6.0,0.0
20200201:1910,0.0,0.0,0.0,0.0,11.78,6.28,0.0
20200201:2010,0.0,0.0,0.0,0.0,11.53,5.59,0.0
20200201:2110,0.0,0.0,0.0,0.0,11.16,5.03,0.0
20200201:2210,0.0,0.0,0.0,0.0,11.15,4.83,0.0
20200201:2310,0.0,0.0,0.0,0.0,11.21,4.9,0.0
20200202:0010,0.0,0.0,0.0,0.0,11.05,5.03,0.0
20200202:0110,0.0,0.0,0.0,0.0,10.82,4.97,0.0
20200202:0210,0.0,0.0,0.0,0.0,10.63,4.76,0.0
20200202:0310,0.0,0.0,0.0,0.0,10.45,4.76,0.0
20200202:0410,0.0,0.0,0.0,0.0,10.56,5.38,0.0
20200202:0510,0.0,0.0,0.0,0.0,10.88,6.07,0.0
20200202:0610,0.0,0.0,0.0,0.0,11.26,5.93,0.0
20200202:0710,0.0,0.0,0.0,0.0,12.01,5.79,0.0
20200202:0810,8.0,40.0,0.0,6.54,12.7,6.76,0.0
20200202:0910,0.0,64.0,0.0,14.01,13.27,6.97,0.0
20200202:1010,0.0,93.0,0.0,19.82,13.55,6.69,0.0
20200202:1110,0.0,84.0,0.0,23.46,13.69,6.34,0.0
20200202:1210,0.0,55.0,0.0,24.53,14.25,6.41,0.0
20200202:1310,10.0,157.0,0.0,22.91,14.48,6.62,0.0
20200202:1410,4.0,115.0,0.0,18.78,14.98,6.76,0.0
20200202:1510,0.0,55.0,0.0,12.58,14.72,5.31,0.0
20200202:1610,2.0,24.58,0.0,4.83,14.24,5.1,0.0
20200202:1710,0.0,0.0,0.0,0.0,13.7,4.9,0.0
20200202:1810,0.0,0.0,0.0,0.0,13.31,4.41,0.0
20200202:1910,0.0,0.0,0.0,0.0,12.64,4.76,0.0
20200202:2010,0.0,0.0,0.0,0.0,12.54,5.59,0.0
20200202:2110,0.0,0.0,0.0,0.0,12.42,5.79,0.0
20200202:2210,0.0,0.0,0.0,0.0,12.29,5.79,0.0
20200202:2310,0.0,0.0,0.0,0.0,12.18,5.59,0.0
20200203:0010,0.0,0.0,0.0,0.0,12.09,5.52,0.0
20200203:0110,0.0,0.0,0.0,0.0,12.05,5.38,0.0
20200203:0210,0.0,0.0,0.0,0.0,12.05,5.38,0.0
20200203:0310,0.0,0.0,0.0,0.0,12.08,5.24,0.0
20200203:0410,0.0,0.0,0.0,0.0,12.11,5.66,0.0
20200203:0510,0.0,0.0,0.0,0.0,12.03,5.31,0.0
20200203:0610,0.0,0.0,0.0,0.0,11.83,4.76,0.0
20200203:0710,0.0,0.0,0.0,0.0,11.25,4.0,0.0
20200203:0810,3.0,37.0,0.0,6.76,10.94,4.0,0.0
20200203:0910,7.0,95.0,0.0,14.26,11.11,4.07,0.0
20200203:1010,0.0,73.0,0.0,20.08,11.76,4.9,0.0
20200203:1110,0.0,70.0,0.0,23.74,12.44,5.38,0.0
20200203:1210,13.0,175.0,0.0,24.83,12.97,5.38,0.0
20200203:1310,1.0,125.0,0.0,23.2,13.23,5.1,0.0
20200203:1410,0.0,48.0,0.0,19.06,13.24,4.21,0.0
20200203:1510,0.0,27.0,0.0,12.85,13.2,4.62,0.0
20200203:1610,0.0,13.0,0.0,5.08,13.23,5.52,0.0
20200203:1710,0.0,0.0,0.0,0.0,13.61,7.1,0.0
20200203:1810,0.0,0.0,0.0,0.0,13.66,7.66,0.0
20200203:1910,0.0,0.0,0.0,0.0,13.55,8.28,0.0
20200203:2010,0.0,0.0,0.0,0.0,13.4,8.9,0.0
20200203:2110,0.0,0.0,0.0,0.0,12.01,8.07,0.0
20200203:2210,0.0,0.0,0.0,0.0,8.75,7.72,0.0
20200203:2310,0.0,0.0,0.0,0.0,7.07,6.14,0.0
20200204:0010,0.0,0.0,0.0,0.0,6.96,5.86,0.0
20200204:0110,0.0,0.0,0.0,0.0,6.81,5.86,0.0
20200204:0210,0.0,0.0,0.0,0.0,6.37,5.93,0.0
20200204:0310,0.0,0.0,0.0,0.0,5.97,5.59,0.0
20200204:0410,0.0,0.0,0.0,0.0,5.72,5.45,0.0
20200204:0510,0.0,0.0,0.0,0.0,5.5,5.66,0.0
20200204:0610,0.0,0.0,0.0,0.0,5.43,5.93,0.0
20200204:0710,0.0,0.0,0.0,0.0,5.08,5.59,0.0
20200204:0810,21.0,47.0,0.0,6.99,5.25,5.72,0.0
20200204:0910,72.0,105.0,0.0,14.5,5.95,5.17,0.0
20200204:1010,109.0,153.0,0.0,20.35,6.65,6.48,0.0
20200204:1110,197.01,154.0,0.0,24.03,7.41,6.62,0.0
20200204:1210,108.0,200.0,0.0,25.12,8.05,6.62,0.0
20200204:1310,0.0,114.0,0.0,23.5,8.36,7.24,0.0
20200204:1410,15.0,144.0,0.0,19.35,8.25,7.45,0.0
20200204:1510,5.0,83.0,0.0,13.13,7.95,7.45,0.0
20200204:1610,2.0,26.59,0.0,5.34,7.7,6.28,0.0
20200204:1710,0.0,0.0,0.0,0.0,7.58,5.52,0.0
20200204:1810,0.0,0.0,0.0,0.0,7.64,5.31,0.0
20200204:1910,0.0,0.0,0.0,0.0,7.44,4.83,0.0
20200204:2010,0.0,0.0,0.0,0.0,7.25,4.34,0.0
20200204:2110,0.0,0.0,0.0,0.0,6.74,4.0,0.0
20200204:2210,0.0,0.0,0.0,0.0,6.35,3.86,0.0
20200204:2310,0.0,0.0,0.0,0.0,6.38,3.79,0.0
20200205:0010,0.0,0.0,0.0,0.0,6.7,3.79,0.0
20200205:0110,0.0,0.0,0.0,0.0,7.04,3.66,0.0
20200205:0210,0.0,0.0,0.0,0.0,7.0,3.38,0.0
20200205:0310,0.0,0.0,0.0,0.0,6.87,3.24,0.0
20200205:0410,0.0,0.0,0.0,0.0,6.61,3.03,0.0
20200205:0510,0.0,0.0,0.0,0.0,6.42,2.76,0.0
20200205:0610,0.0,0.0,0.0,0.0,6.24,2.34,0.0
20200205:0710,0.0,0.0,0.0,0.0,5.8,2.0,0.0
20200205:0810,3.0,43.0,0.0,7.22,5.96,1.72,0.0
20200205:0910,15.0,109.0,0.0,14.76,6.45,1.79,0.0
20200205:1010,15.0,154.0,0.0,20.63,6.95,2.55,0.0
20200205:1110,34.0,195.0,0.0,24.32,7.3,2.55,0.0
20200205:1210,154.01,188.0,0.0,25.42,7.36,2.28,0.0
20200205:1310,53.0,195.0,0.0,23.8,7.62,1.86,0.0
20200205:1410,120.0,141.0,0.0,19.64,7.64,1.66,0.0
20200205:1510,12.0,95.0,0.0,13.4,7.56,1.52,0.0
20200205:1610,5.0,31.8,0.0,5.6,7.26,1.59,0.0
20200205:1710,0.0,0.0,0.0,0.0,6.37,1.72,0.0
20200205:1810,0.0,0.0,0.0,0.0,5.68,1.86,0.0
20200205:1910,0.0,0.0,0.0,0.0,5.85,2.21,0.0
20200205:2010,0.0,0.0,0.0,0.0,5.43,2.28,0.0
20200205:2110,0.0,0.0,0.0,0.0,4.48,2.28,0.0
20200205:2210,0.0,0.0,0.0,0.0,3.74,2.21,0.0
20200205:2310,0.0,0.0,0.0,0.0,3.07,2.07,0.0
20200206:0010,0.0,0.0,0.0,0.0,2.34,1.79,0.0
20200206:0110,0.0,0.0,0.0,0.0,1.56,1.59,0.0
20200206:0210,0.0,0.0,0.0,0.0,1.16,1.93,0.0
20200206:0310,0.0,0.0,0.0,0.0,0.83,2.0,0.0
20200206:0410,0.0,0.0,0.0,0.0,0.58,2.0,0.0
20200206:0510,0.0,0.0,0.0,0.0,0.22,2.07,0.0
20200206:0610,0.0,0.0,0.0,0.0,-0.1,2.21,0.0
20200206:0710,0.0,0.0,0.0,0.0,-0.45,2.34,0.0
20200206:0810,53.0,41.0,0.0,7.46,-0.2,2.14,0.0
20200206:0910,155.01,73.0,0.0,15.01,1.95,2.0,0.0
20200206:1010,272.01,78.0,0.0,20.91,4.24,2.14,0.0
20200206:1110,332.01,88.0,0.0,24.62,6.04,2.28,0.0
20200206:1210,351.01,90.0,0.0,25.73,7.47,2.41,0.0
20200206:1310,340.01,78.0,0.0,24.1,8.43,2.28,0.0
20200206:1410,244.01,81.0,0.0,19.93,8.94,2.14,0.0
20200206:1510,150.01,60.0,0.0,13.68,8.96,2.41,0.0
20200206:1610,27.0,34.0,0.0,5.87,8.12,2.41,0.0
20200206:1710,0.0,0.0,0.0,0.0,6.31,2.9,0.0
20200206:1810,0.0,0.0,0.0,0.0,5.05,3.1,0.0
20200206:1910,0.0,0.0,0.0,0.0,4.65,3.24,0.0
20200206:2010,0.0,0.0,0.0,0.0,4.02,3.24,0.0
20200206:2110,0.0,0.0,0.0,0.0,3.47,3.1,0.0
20200206:2210,0.0,0.0,0.0,0.0,2.96,2.97,0.0
20200206:2310,0.0,0.0,0.0,0.0,2.43,2.83,0.0
20200207:0010,0.0,0.0,0.0,0.0,1.91,2.76,0.0
20200207:0110,0.0,0.0,0.0,0.0,1.45,2.69,0.0
20200207:0210,0.0,0.0,0.0,0.0,1.08,2.69,0.0
20200207:0310,0.0,0.0,0.0,0.0,0.8,2.69,0.0
20200207:0410,0.0,0.0,0.0,0.0,0.59,2.76,0.0
20200207:0510,0.0,0.0,0.0,0.0,0.43,2.69,0.0
20200207:0610,0.0,0.0,0.0,0.0,0.24,2.62,0.0
20200207:0710,0.0,0.0,0.0,0.0,0.34,2.76,0.0
20200207:0810,54.0,42.0,0.0,7.7,0.74,2.69,0.0
20200207:0910,149.01,78.0,0.0,15.28,2.82,2.62,0.0
20200207:1010,265.01,83.0,0.0,21.19,5.34,3.1,0.0
20200207:1110,327.01,91.0,0.0,24.92,7.55,3.31,0.0
20200207:1210,337.01,98.0,0.0,26.04,9.36,3.52,0.0
20200207:1310,282.01,111.0,0.0,24.41,10.62,3.66,0.0
20200207:1410,241.01,84.0,0.0,20.23,11.35,3.79,0.0
20200207:1510,79.0,97.0,0.0,13.96,11.4,3.59,0.0
20200207:1610,7.0,38.0,0.0,6.13,10.75,3.03,0.0
20200207:1710,0.0,0.0,0.0,0.0,9.1,2.83,0.0
20200207:1810,0.0,0.0,0.0,0.0,7.96,2.69,0.0
20200207:1910,0.0,0.0,0.0,0.0,7.2,2.55,0.0
20200207:2010,0.0,0.0,0.0,0.0,6.77,2.62,0.0
20200207:2110,0.0,0.0,0.0,0.0,6.26,2.76,0.0
20200207:2210,0.0,0.0,0.0,0.0,6.3,2.83,0.0
20200207:2310,0.0,0.0,0.0,0.0,6.45,3.03,0.0
20200208:0010,0.0,0.0,0.0,0.0,6.5,3.1,0.0
20200208:0110,0.0,0.0,0.0,0.0,6.65,3.03,0.0
20200208:0210,0.0,0.0,0.0,0.0,7.41,3.03,0.0
20200208:0310,0.0,0.0,0.0,0.0,7.74,3.24,0.0
20200208:0410,0.0,0.0,0.0,0.0,7.82,3.38,0.0
20200208:0510,0.0,0.0,0.0,0.0,7.47,3.45,0.0
20200208:0610,0.0,0.0,0.0,0.0,7.47,3.45,0.0
20200208:0710,0.0,0.0,0.0,0.0,7.23,3.72,0.0
20200208:0810,0.0,16.0,0.0,7.95,7.64,3.66,0.0
20200208:0910,0.0,44.0,0.0,15.55,8.38,3.38,0.0
20200208:1010,17.0,159.0,0.0,21.48,9.43,4.0,0.0
20200208:1110,7.0,170.0,0.0,25.23,10.1,4.07,0.0
20200208:1210,3.0,161.0,0.0,26.36,10.46,3.86,0.0
20200208:1310,0.0,75.0,0.0,24.72,10.35,3.59,0.0
20200208:1410,18.0,152.0,0.0,20.53,10.19,3.1,0.0
20200208:1510,0.0,70.0,0.0,14.24,9.81,2.62,0.0
20200208:1610,0.0,6.0,0.0,6.4,9.41,2.55,0.0
20200208:1710,0.0,0.0,0.0,0.0,8.8,2.69,0.0
20200208:1810,0.0,0.0,0.0,0.0,8.43,2.97,0.0
20200208:1910,0.0,0.0,0.0,0.0,8.13,3.1,0.0
20200208:2010,0.0,0.0,0.0,0.0,7.78,3.03,0.0
20200208:2110,0.0,0.0,0.0,0.0,7.61,3.1,0.0
20200208:2210,0.0,0.0,0.0,0.0,7.15,3.52,0.0
20200208:2310,0.0,0.0,0.0,0.0,6.88,4.0,0.0
20200209:0010,0.0,0.0,0.0,0.0,7.41,4.41,0.0
20200209:0110,0.0,0.0,0.0,0.0,7.73,4.83,0.0
20200209:0210,0.0,0.0,0.0,0.0,7.86,5.1,0.0
20200209:0310,0.0,0.0,0.0,0.0,7.61,5.45,0.0
20200209:0410,0.0,0.0,0.0,0.0,7.21,5.72,0.0
20200209:0510,0.0,0.0,0.0,0.0,6.74,6.07,0.0
20200209:0610,0.0,0.0,0.0,0.0,6.68,6.48,0.0
20200209:0710,0.0,0.0,0.0,0.0,7.39,6.9,0.0
20200209:0810,2.0,45.0,0.0,8.21,7.84,7.59,0.0
20200209:0910,2.0,94.0,0.0,15.82,8.63,8.14,0.0
20200209:1010,6.0,143.0,0.0,21.78,9.34,7.59,0.0
20200209:1110,33.0,200.0,0.0,25.54,9.97,8.48,0.0
20200209:1210,13.0,191.0,0.0,26.68,10.56,8.28,0.0
20200209:1310,0.0,66.0,0.0,25.04,11.09,8.21,0.0
20200209:1410,0.0,49.0,0.0,20.83,11.36,10.97,0.0
20200209:1510,0.0,38.0,0.0,14.53,11.44,10.97,0.0
20200209:1610,0.0,13.0,0.0,6.66,11.8,11.17,0.0
20200209:1710,0.0,0.0,0.0,0.0,12.13,11.38,0.0
20200209:1810,0.0,0.0,0.0,0.0,12.22,11.1,0.0
20200209:1910,0.0,0.0,0.0,0.0,12.14,11.1,0.0
20200209:2010,0.0,0.0,0.0,0.0,12.22,11.03,0.0
20200209:2110,0.0,0.0,0.0,0.0,12.35,11.24,0.0
20200209:2210,0.0,0.0,0.0,0.0,12.59,11.93,0.0
20200209:2310,0.0,0.0,0.0,0.0,12.62,12.07,0.0
20200210:0010,0.0,0.0,0.0,0.0,12.07,11.03,0.0
20200210:0110,0.0,0.0,0.0,0.0,11.71,10.62,0.0
20200210:0210,0.0,0.0,0.0,0.0,10.75,9.72,0.0
20200210:0310,0.0,0.0,0.0,0.0,10.27,9.72,0.0
20200210:0410,0.0,0.0,0.0,0.0,9.52,10.14,0.0
20200210:0510,0.0,0.0,0.0,0.0,8.33,9.52,0.0
20200210:0610,0.0,0.0,0.0,0.0,7.64,9.03,0.0
20200210:0710,0.0,0.0,0.0,0.0,7.79,8.28,0.0
20200210:0810,23.0,59.0,0.0,8.46,7.55,7.93,0.0
20200210:0910,106.0,106.0,0.0,16.1,7.96,6.62,0.0
20200210:1010,235.01,107.0,0.0,22.08,8.93,8.14,0.0
20200210:1110,284.01,123.0,0.0,25.86,9.76,8.9,0.0
20200210:1210,154.01,200.0,0.0,27.0,10.72,8.48,0.0
20200210:1310,334.01,88.0,0.0,25.36,10.57,8.62,0.0
20200210:1410,44.0,168.0,0.0,21.14,9.77,8.62,0.0
20200210:1510,18.0,109.0,0.0,14.82,10.11,8.76,0.0
20200210:1610,8.0,43.0,0.0,6.93,9.51,8.83,0.0
20200210:1710,0.0,0.0,0.0,0.0,8.86,7.79,0.0
20200210:1810,0.0,0.0,0.0,0.0,8.33,8.55,0.0
20200210:1910,0.0,0.0,0.0,0.0,9.31,9.45,0.0
20200210:2010,0.0,0.0,0.0,0.0,9.1,9.31,0.0
20200210:2110,0.0,0.0,0.0,0.0,8.09,9.79,0.0
20200210:2210,0.0,0.0,0.0,0.0,7.27,7.93,0.0
20200210:2310,0.0,0.0,0.0,0.0,6.7,7.59,0.0
20200211:0010,0.0,0.0,0.0,0.0,6.37,7.45,0.0
20200211:0110,0.0,0.0,0.0,0.0,5.92,7.45,0.0
20200211:0210,0.0,0.0,0.0,0.0,5.65,7.66,0.0
20200211:0310,0.0,0.0,0.0,0.0,5.38,7.86,0.0
20200211:0410,0.0,0.0,0.0,0.0,5.36,7.59,0.0
20200211:0510,0.0,0.0,0.0,0.0,5.34,7.17,0.0
20200211:0610,0.0,0.0,0.0,0.0,5.27,6.76,0.0
20200211:0710,0.0,0.0,0.0,0.0,5.59,6.07,0.0
20200211:0810,70.0,45.0,0.0,8.73,5.58,6.0,0.0
20200211:0910,158.01,86.0,0.0,16.38,6.16,5.93,0.0
20200211:1010,251.01,104.0,0.0,22.38,6.7,7.45,0.0
20200211:1110,171.01,188.0,0.0,26.18,7.49,7.86,0.0
20200211:1210,180.01,196.0,0.0,27.33,7.99,8.07,0.0
20200211:1310,279.01,127.0,0.0,25.68,8.07,8.28,0.0
20200211:1410,0.0,83.0,0.0,21.44,7.95,8.0,0.0
20200211:1510,3.0,92.0,0.0,15.1,7.69,7.79,0.0
20200211:1610,6.0,45.0,0.0,7.2,7.22,7.45,0.0
20200211:1710,0.0,0.0,0.0,0.0,6.64,6.9,0.0
20200211:1810,0.0,0.0,0.0,0.0,6.07,6.14,0.0
20200211:1910,0.0,0.0,0.0,0.0,5.53,5.59,0.0
20200211:2010,0.0,0.0,0.0,0.0,5.13,5.03,0.0
20200211:2110,0.0,0.0,0.0,0.0,4.59,4.83,0.0
20200211:2210,0.0,0.0,0.0,0.0,4.04,4.69,0.0
20200211:2310,0.0,0.0,0.0,0.0,3.63,4.69,0.0
20200212:0010,0.0,0.0,0.0,0.0,3.39,4.76,0.0
20200212:0110,0.0,0.0,0.0,0.0,3.3,4.9,0.0
20200212:0210,0.0,0.0,0.0,0.0,3.26,5.03,0.0
20200212:0310,0.0,0.0,0.0,0.0,3.56,5.03,0.0
20200212:0410,0.0,0.0,0.0,0.0,3.74,5.17,0.0
20200212:0510,0.0,0.0,0.0,0.0,3.74,5.1,0.0
20200212:0610,0.0,0.0,0.0,0.0,3.55,5.1,0.0
20200212:0710,0.0,0.0,0.0,0.0,3.61,5.03,0.0
20200212:0810,80.0,44.0,0.0,9.0,3.8,5.17,0.0
20200212:0910,174.01,80.0,0.0,16.67,4.78,4.55,0.0
20200212:1010,270.01,96.0,0.0,22.69,6.3,6.62,0.0
20200212:1110,227.01,164.0,0.0,26.5,7.51,6.97,0.0
20200212:1210,92.0,227.0,0.0,27.66,8.27,6.34,0.0
20200212:1310,32.0,206.0,0.0,26.0,8.84,5.79,0.0
20200212:1410,56.0,176.0,0.0,21.75,9.01,5.24,0.0
20200212:1510,56.0,117.0,0.0,15.39,8.78,4.55,0.0
20200212:1610,29.0,48.0,0.0,7.48,8.12,3.24,0.0
20200212:1710,0.0,0.0,0.0,0.0,7.4,2.76,0.0
20200212:1810,0.0,0.0,0.0,0.0,6.53,2.34,0.0
20200212:1910,0.0,0.0,0.0,0.0,5.76,2.62,0.0
20200212:2010,0.0,0.0,0.0,0.0,5.05,2.9,0.0
20200212:2110,0.0,0.0,0.0,0.0,4.58,3.17,0.0
20200212:2210,0.0,0.0,0.0,0.0,4.71,3.45,0.0
20200212:2310,0.0,0.0,0.0,0.0,4.78,3.59,0.0
20200213:0010,0.0,0.0,0.0,0.0,4.82,3.93,0.0
20200213:0110,0.0,0.0,0.0,0.0,4.72,4.28,0.0
20200213:0210,0.0,0.0,0.0,0.0,5.08,4.62,0.0
20200213:0310,0.0,0.0,0.0,0.0,5.48,5.17,0.0
20200213:0410,0.0,0.0,0.0,0.0,5.65,5.79,0.0
20200213:0510,0.0,0.0,0.0,0.0,5.69,6.28,0.0
20200213:0610,0.0,0.0,0.0,0.0,5.73,6.62,0.0
20200213:0710,0.0,0.0,0.0,0.0,6.38,7.86,0.0
20200213:0810,0.0,12.0,0.0,9.27,6.97,8.62,0.0
20200213:0910,0.0,51.0,0.0,16.97,8.21,8.62,0.0
20200213:1010,0.0,51.0,0.0,23.01,9.56,8.41,0.0
20200213:1110,352.01,95.0,0.0,26.83,9.61,8.41,0.0
20200213:1210,362.01,102.0,0.0,27.99,10.21,7.24,0.0
20200213:1310,0.0,91.0,0.0,26.33,10.6,7.72,0.0
20200213:1410,33.0,174.0,0.0,22.07,11.19,9.72,0.0
20200213:1510,0.0,80.0,0.0,15.69,10.21,9.45,0.0
20200213:1610,15.0,52.0,0.0,7.75,9.06,9.24,0.0
20200213:1710,0.0,0.0,0.0,0.0,8.33,8.14,0.0
20200213:1810,0.0,0.0,0.0,0.0,8.37,7.03,0.0
20200213:1910,0.0,0.0,0.0,0.0,8.02,7.03,0.0
20200213:2010,0.0,0.0,0.0,0.0,8.15,6.83,0.0
20200213:2110,0.0,0.0,0.0,0.0,8.17,6.34,0.0
20200213:2210,0.0,0.0,0.0,0.0,7.99,5.66,0.0
20200213:2310,0.0,0.0,0.0,0.0,7.83,5.1,0.0
20200214:0010,0.0,0.0,0.0,0.0,7.58,4.55,0.0
20200214:0110,0.0,0.0,0.0,0.0,7.68,4.34,0.0
20200214:0210,0.0,0.0,0.0,0.0,7.94,4.21,0.0
20200214:0310,0.0,0.0,0.0,0.0,8.11,4.0,0.0
20200214:0410,0.0,0.0,0.0,0.0,8.26,3.93,0.0
20200214:0510,0.0,0.0,0.0,0.0,8.3,3.79,0.0
20200214:0610,0.0,0.0,0.0,0.0,8.16,3.66,0.0
20200214:0710,0.0,0.0,0.0,0.0,8.12,3.38,0.0
20200214:0810,2.0,54.0,0.0,9.55,8.19,3.03,0.0
20200214:0910,10.0,121.0,0.0,17.26,8.65,2.97,0.0
20200214:1010,0.0,110.0,0.0,23.32,9.22,3.93,0.0
20200214:1110,25.0,210.0,0.0,27.17,9.71,3.79,0.0
20200214:1210,31.0,223.0,0.0,28.33,10.31,3.45,0.0
20200214:1310,46.0,217.0,0.0,26.66,10.86,3.24,0.0
20200214:1410,65.0,181.0,0.0,22.38,11.34,3.38,0.0
20200214:1510,97.0,109.0,0.0,15.98,11.37,3.66,0.0
20200214:1610,15.0,55.0,0.0,8.02,11.01,3.17,0.0
20200214:1710,0.0,0.0,0.0,0.0,9.92,2.97,0.0
20200214:1810,0.0,0.0,0.0,0.0,9.07,3.03,0.0
20200214:1910,0.0,0.0,0.0,0.0,9.04,3.24,0.0
20200214:2010,0.0,0.0,0.0,0.0,8.74,3.17,0.0
20200214:2110,0.0,0.0,0.0,0.0,8.42,3.17,0.0
20200214:2210,0.0,0.0,0.0,0.0,8.02,3.24,0.0
20200214:2310,0.0,0.0,0.0,0.0,7.6,3.31,0.0
20200215:0010,0.0,0.0,0.0,0.0,7.27,3.31,0.0
20200215:0110,0.0,0.0,0.0,0.0,7.07,3.38,0.0
20200215:0210,0.0,0.0,0.0,0.0,6.76,3.52,0.0
20200215:0310,0.0,0.0,0.0,0.0,6.65,3.66,0.0
20200215:0410,0.0,0.0,0.0,0.0,6.88,3.72,0.0
20200215:0510,0.0,0.0,0.0,0.0,6.9,3.72,0.0
20200215:0610,0.0,0.0,0.0,0.0,6.97,3.66,0.0
20200215:0710,0.0,0.0,0.0,0.0,8.45,4.28,0.0
20200215:0810,72.0,54.0,0.0,9.83,8.75,4.48,0.0
20200215:0910,55.0,135.0,0.0,17.57,9.5,4.14,0.0
20200215:1010,40.0,188.0,0.0,23.65,10.5,5.03,0.0
20200215:1110,389.01,81.0,0.0,27.5,11.76,6.55,0.0
20200215:1210,375.01,100.0,0.0,28.67,12.44,6.21,0.0
20200215:1310,210.01,173.0,0.0,27.0,13.29,6.62,0.0
20200215:1410,26.0,174.0,0.0,22.7,13.56,5.93,0.0
20200215:1510,20.0,121.0,0.0,16.28,13.44,5.1,0.0
20200215:1610,0.0,32.0,0.0,8.3,13.08,5.45,0.0
20200215:1710,0.0,0.0,0.0,0.0,12.82,6.07,0.0
20200215:1810,0.0,0.0,0.0,0.0,12.59,6.28,0.0
20200215:1910,0.0,0.0,0.0,0.0,11.5,6.41,0.0
20200215:2010,0.0,0.0,0.0,0.0,11.16,6.69,0.0
20200215:2110,0.0,0.0,0.0,0.0,11.27,7.1,0.0
20200215:2210,0.0,0.0,0.0,0.0,11.69,7.45,0.0
20200215:2310,0.0,0.0,0.0,0.0,11.89,7.52,0.0
20200216:0010,0.0,0.0,0.0,0.0,12.01,7.79,0.0
20200216:0110,0.0,0.0,0.0,0.0,11.56,7.72,0.0
20200216:0210,0.0,0.0,0.0,0.0,11.29,7.66,0.0
20200216:0310,0.0,0.0,0.0,0.0,11.39,7.86,0.0
20200216:0410,0.0,0.0,0.0,0.0,11.67,8.0,0.0
20200216:0510,0.0,0.0,0.0,0.0,12.35,7.93,0.0
20200216:0610,0.0,0.0,0.0,0.0,12.58,7.79,0.0
20200216:0710,0.0,0.0,0.0,0.0,13.09,8.21,0.0
20200216:0810,11.0,67.0,0.0,10.12,13.1,8.41,0.0
20200216:0910,57.0,135.0,0.0,17.87,13.65,8.76,0.0
20200216:1010,1.0,127.0,0.0,23.97,14.18,8.97,0.0
20200216:1110,148.0,205.0,0.0,27.85,14.46,8.76,0.0
20200216:1210,333.01,121.0,0.0,29.02,15.01,8.9,0.0
20200216:1310,320.01,110.0,0.0,27.33,15.55,9.24,0.0
20200216:1410,98.0,174.0,0.0,23.01,15.96,9.79,0.0
20200216:1510,28.0,124.0,0.0,16.57,16.14,10.28,0.0
20200216:1610,0.0,32.0,0.0,8.57,16.07,10.21,0.0
20200216:1710,0.0,0.0,0.0,0.0,15.99,10.28,0.0
20200216:1810,0.0,0.0,0.0,0.0,15.81,10.28,0.0
20200216:1910,0.0,0.0,0.0,0.0,14.67,9.45,0.0
20200216:2010,0.0,0.0,0.0,0.0,12.87,7.38,0.0
20200216:2110,0.0,0.0,0.0,0.0,11.03,6.34,0.0
20200216:2210,0.0,0.0,0.0,0.0,9.38,5.86,0.0
20200216:2310,0.0,0.0,0.0,0.0,8.52,5.66,0.0
20200217:0010,0.0,0.0,0.0,0.0,8.17,5.45,0.0
20200217:0110,0.0,0.0,0.0,0.0,8.21,5.17,0.0
20200217:0210,0.0,0.0,0.0,0.0,8.15,4.76,0.0
20200217:0310,0.0,0.0,0.0,0.0,8.07,4.34,0.0
20200217:0410,0.0,0.0,0.0,0.0,7.93,4.21,0.0
20200217:0510,0.0,0.0,0.0,0.0,7.84,4.07,0.0
20200217:0610,0.0,0.0,0.0,0.0,7.75,4.14,0.0
20200217:0710,0.0,0.0,0.0,0.0,7.92,4.48,0.0
20200217:0810,0.0,40.0,0.0,10.41,8.09,4.97,0.0
20200217:0910,228.01,67.0,0.0,18.18,8.46,5.45,0.0
20200217:1010,217.01,142.0,0.0,24.3,9.0,5.66,0.0
20200217:1110,318.01,130.0,0.0,28.19,9.69,6.14,0.0
20200217:1210,107.0,237.0,0.0,29.37,10.81,6.41,0.0
20200217:1310,230.01,172.0,0.0,27.67,11.35,6.62,0.0
20200217:1410,38.0,186.0,0.0,23.33,10.31,7.31,0.0
20200217:1510,189.01,72.0,0.0,16.87,10.2,6.76,0.0
20200217:1610,59.0,50.0,0.0,8.85,9.97,6.07,0.0
20200217:1710,0.0,0.0,0.0,0.0,9.28,6.07,0.0
20200217:1810,0.0,0.0,0.0,0.0,8.62,5.59,0.0
20200217:1910,0.0,0.0,0.0,0.0,7.82,5.1,0.0
20200217:2010,0.0,0.0,0.0,0.0,7.4,5.03,0.0
20200217:2110,0.0,0.0,0.0,0.0,6.9,5.1,0.0
20200217:2210,0.0,0.0,0.0,0.0,6.35,4.97,0.0
20200217:2310,0.0,0.0,0.0,0.0,5.98,4.9,0.0
20200218:0010,0.0,0.0,0.0,0.0,5.68,4.83,0.0
20200218:0110,0.0,0.0,0.0,0.0,5.39,4.69,0.0
20200218:0210,0.0,0.0,0.0,0.0,5.19,4.62,0.0
20200218:0310,0.0,0.0,0.0,0.0,4.74,4.41,0.0
20200218:0410,0.0,0.0,0.0,0.0,4.4,4.34,0.0
20200218:0510,0.0,0.0,0.0,0.0,4.06,4.21,0.0
20200218:0610,0.0,0.0,0.0,0.0,3.87,4.07,0.0
20200218:0710,0.0,5.0,0.0,1.79,3.5,4.0,0.0
20200218:0810,100.0,51.0,0.0,10.7,4.06,4.07,0.0
20200218:0910,207.01,82.0,0.0,18.5,5.61,4.55,0.0
20200218:1010,323.01,88.0,0.0,24.64,7.6,6.62,0.0
20200218:1110,292.01,151.0,0.0,28.54,8.65,6.21,0.0
20200218:1210,151.0,229.0,0.0,29.72,9.3,6.21,0.0
20200218:1310,189.01,197.0,0.0,28.01,9.89,6.21,0.0
20200218:1410,101.0,186.0,0.0,23.66,10.15,6.21,0.0
20200218:1510,67.0,131.0,0.0,17.17,9.99,5.31,0.0
20200218:1610,51.0,57.0,0.0,9.13,9.69,4.83,0.0
20200218:1710,0.0,0.0,0.0,0.0,8.51,4.28,0.0
20200218:1810,0.0,0.0,0.0,0.0,7.58,4.28,0.0
20200218:1910,0.0,0.0,0.0,0.0,8.0,5.1,0.0
20200218:2010,0.0,0.0,0.0,0.0,7.8,5.52,0.0
20200218:2110,0.0,0.0,0.0,0.0,7.8,6.14,0.0
20200218:2210,0.0,0.0,0.0,0.0,7.4,6.62,0.0
20200218:2310,0.0,0.0,0.0,0.0,7.41,7.03,0.0
20200219:0010,0.0,0.0,0.0,0.0,7.43,7.1,0.0
20200219:0110,0.0,0.0,0.0,0.0,7.03,7.31,0.0
20200219:0210,0.0,0.0,0.0,0.0,6.75,7.17,0.0
20200219:0310,0.0,0.0,0.0,0.0,6.46,5.66,0.0
20200219:0410,0.0,0.0,0.0,0.0,5.84,5.38,0.0
20200219:0510,0.0,0.0,0.0,0.0,5.39,4.97,0.0
20200219:0610,0.0,0.0,0.0,0.0,4.89,4.41,0.0
20200219:0710,0.0,1.0,0.0,2.07,4.59,3.93,0.0
20200219:0810,93.0,57.0,0.0,11.0,4.76,3.66,0.0
20200219:0910,189.01,94.0,0.0,18.82,5.86,3.52,0.0
20200219:1010,282.01,113.0,0.0,24.98,7.21,4.83,0.0
20200219:1110,167.01,213.0,0.0,28.89,8.39,5.31,0.0
20200219:1210,64.0,246.0,0.0,30.08,9.14,5.17,0.0
20200219:1310,20.0,212.0,0.0,28.36,9.14,5.1,0.0
20200219:1410,19.0,179.0,0.0,23.98,8.82,3.93,0.0
20200219:1510,2.0,102.0,0.0,17.47,8.85,3.17,0.0
20200219:1610,16.0,65.0,0.0,9.41,8.85,2.62,0.0
20200219:1710,0.0,0.0,0.0,0.0,8.65,2.97,0.0
20200219:1810,0.0,0.0,0.0,0.0,8.51,3.17,0.0
20200219:1910,0.0,0.0,0.0,0.0,8.17,3.59,0.0
20200219:2010,0.0,0.0,0.0,0.0,8.17,3.72,0.0
20200219:2110,0.0,0.0,0.0,0.0,8.02,3.79,0.0
20200219:2210,0.0,0.0,0.0,0.0,7.82,3.93,0.0
20200219:2310,0.0,0.0,0.0,0.0,7.75,4.07,0.0
20200220:0010,0.0,0.0,0.0,0.0,7.38,4.14,0.0
20200220:0110,0.0,0.0,0.0,0.0,7.18,4.21,0.0
20200220:0210,0.0,0.0,0.0,0.0,7.01,4.14,0.0
20200220:0310,0.0,0.0,0.0,0.0,7.01,4.21,0.0
20200220:0410,0.0,0.0,0.0,0.0,7.12,4.28,0.0
20200220:0510,0.0,0.0,0.0,0.0,7.3,4.41,0.0
20200220:0610,0.0,0.0,0.0,0.0,7.4,4.48,0.0
20200220:0710,0.0,4.0,0.0,2.36,7.51,4.48,0.0
20200220:0810,5.0,71.0,0.0,11.31,7.71,4.48,0.0
20200220:0910,0.0,92.0,0.0,19.14,8.28,6.21,0.0
20200220:1010,0.0,122.0,0.0,25.32,9.23,6.34,0.0
20200220:1110,0.0,141.0,0.0,29.25,9.92,6.76,0.0
20200220:1210,0.0,155.0,0.0,30.43,10.43,7.03,0.0
20200220:1310,0.0,107.0,0.0,28.7,11.06,7.17,0.0
20200220:1410,0.0,82.0,0.0,24.3,11.32,7.79,0.0
20200220:1510,4.0,111.0,0.0,17.77,11.26,7.1,0.0
20200220:1610,5.0,61.0,0.0,9.69,11.02,7.1,0.0
20200220:1710,0.0,0.0,0.0,0.0,10.6,7.24,0.0
20200220:1810,0.0,0.0,0.0,0.0,9.05,7.17,0.0
20200220:1910,0.0,0.0,0.0,0.0,8.01,6.21,0.0
20200220:2010,0.0,0.0,0.0,0.0,6.73,4.9,0.0
20200220:2110,0.0,0.0,0.0,0.0,5.92,4.41,0.0
20200220:2210,0.0,0.0,0.0,0.0,5.12,3.93,0.0
20200220:2310,0.0,0.0,0.0,0.0,4.37,3.38,0.0
20200221:0010,0.0,0.0,0.0,0.0,3.7,3.24,0.0
20200221:0110,0.0,0.0,0.0,0.0,3.25,3.17,0.0
20200221:0210,0.0,0.0,0.0,0.0,2.82,3.17,0.0
20200221:0310,0.0,0.0,0.0,0.0,2.64,3.03,0.0
20200221:0410,0.0,0.0,0.0,0.0,2.44,2.83,0.0
20200221:0510,0.0,0.0,0.0,0.0,2.59,2.62,0.0
20200221:0610,0.0,0.0,0.0,0.0,2.24,2.62,0.0
20200221:0710,0.0,10.0,0.0,2.66,2.05,2.69,0.0
20200221:0810,121.01,51.0,0.0,11.62,2.83,2.55,0.0
20200221:0910,225.01,83.0,0.0,19.47,4.78,3.1,0.0
20200221:1010,240.01,146.0,0.0,25.66,6.62,3.45,0.0
20200221:1110,401.01,98.0,0.0,29.61,7.71,3.66,0.0
20200221:1210,202.01,220.0,0.0,30.79,9.0,4.28,0.0
20200221:1310,150.0,223.0,0.0,29.05,9.35,4.34,0.0
20200221:1410,34.0,195.0,0.0,24.63,9.39,4.55,0.0
20200221:1510,91.0,133.0,0.0,18.07,9.28,4.48,0.0
20200221:1610,1.0,54.0,0.0,9.96,8.96,3.86,0.0
20200221:1710,0.0,0.0,0.0,0.0,8.35,3.31,0.0
20200221:1810,0.0,0.0,0.0,0.0,7.68,3.1,0.0
20200221:1910,0.0,0.0,0.0,0.0,6.56,3.17,0.0
20200221:2010,0.0,0.0,0.0,0.0,6.04,3.38,0.0
20200221:2110,0.0,0.0,0.0,0.0,5.42,3.52,0.0
20200221:2210,0.0,0.0,0.0,0.0,4.93,3.66,0.0
20200221:2310,0.0,0.0,0.0,0.0,4.52,3.59,0.0
20200222:0010,0.0,0.0,0.0,0.0,4.18,3.38,0.0
20200222:0110,0.0,0.0,0.0,0.0,3.79,3.52,0.0
20200222:0210,0.0,0.0,0.0,0.0,3.61,3.66,0.0
20200222:0310,0.0,0.0,0.0,0.0,3.5,3.79,0.0
20200222:0410,0.0,0.0,0.0,0.0,3.45,4.07,0.0
20200222:0510,0.0,0.0,0.0,0.0,3.46,4.34,0.0
20200222:0610,0.0,0.0,0.0,0.0,3.5,4.48,0.0
20200222:0710,1.0,10.85,0.0,2.95,4.1,4.62,0.0
20200222:0810,0.0,45.0,0.0,11.93,5.02,4.83,0.0
20200222:0910,208.01,93.0,0.0,19.8,6.45,5.1,0.0
20200222:1010,341.01,90.0,0.0,26.01,8.23,6.21,0.0
20200222:1110,338.01,136.0,0.0,29.97,9.68,6.34,0.0
20200222:1210,286.01,178.0,0.0,31.16,10.77,6.48,0.0
20200222:1310,103.0,236.0,0.0,29.4,11.75,6.62,0.0
20200222:1410,15.0,180.0,0.0,24.96,11.99,6.48,0.0
20200222:1510,0.0,66.0,0.0,18.37,11.73,6.0,0.0
20200222:1610,0.0,31.0,0.0,10.24,11.63,5.24,0.0
20200222:1710,0.0,0.0,0.0,0.0,11.44,5.1,0.0
20200222:1810,0.0,0.0,0.0,0.0,11.19,5.1,0.0
20200222:1910,0.0,0.0,0.0,0.0,10.86,5.1,0.0
20200222:2010,0.0,0.0,0.0,0.0,10.59,5.03,0.0
20200222:2110,0.0,0.0,0.0,0.0,10.32,4.97,0.0
20200222:2210,0.0,0.0,0.0,0.0,10.08,4.97,0.0
20200222:2310,0.0,0.0,0.0,0.0,9.92,5.1,0.0
20200223:0010,0.0,0.0,0.0,0.0,9.74,5.17,0.0
20200223:0110,0.0,0.0,0.0,0.0,9.63,5.24,0.0
20200223:0210,0.0,0.0,0.0,0.0,9.57,5.45,0.0
20200223:0310,0.0,0.0,0.0,0.0,9.61,5.66,0.0
20200223:0410,0.0,0.0,0.0,0.0,9.73,6.07,0.0
20200223:0510,0.0,0.0,0.0,0.0,9.85,6.41,0.0
20200223:0610,0.0,0.0,0.0,0.0,10.02,6.62,0.0
20200223:0710,0.0,3.0,0.0,3.25,9.25,6.69,0.0
20200223:0810,0.0,36.0,0.0,12.24,9.36,6.48,0.0
20200223:0910,0.0,76.0,0.0,20.13,9.48,7.38,0.0
20200223:1010,0.0,127.0,0.0,26.37,10.05,6.83,0.0
20200223:1110,0.0,52.0,0.0,30.33,10.61,7.31,0.0
20200223:1210,0.0,46.0,0.0,31.52,11.21,7.45,0.0
20200223:1310,0.0,51.0,0.0,29.75,11.98,7.59,0.0
20200223:1410,0.0,80.0,0.0,25.29,12.38,8.0,0.0
20200223:1510,0.0,63.0,0.0,18.67,12.51,7.03,0.0
20200223:1610,0.0,41.0,0.0,10.52,12.62,6.9,0.0
20200223:1710,0.0,0.0,0.0,0.0,12.55,6.34,0.0
20200223:1810,0.0,0.0,0.0,0.0,12.47,5.79,0.0
20200223:1910,0.0,0.0,0.0,0.0,11.79,5.93,0.0
20200223:2010,0.0,0.0,0.0,0.0,11.62,5.45,0.0
20200223:2110,0.0,0.0,0.0,0.0,11.46,4.97,0.0
20200223:2210,0.0,0.0,0.0,0.0,11.3,4.69,0.0
20200223:2310,0.0,0.0,0.0,0.0,11.17,4.55,0.0
20200224:0010,0.0,0.0,0.0,0.0,11.03,4.34,0.0
20200224:0110,0.0,0.0,0.0,0.0,10.91,4.21,0.0
20200224:0210,0.0,0.0,0.0,0.0,10.78,4.07,0.0
20200224:0310,0.0,0.0,0.0,0.0,10.62,4.07,0.0
20200224:0410,0.0,0.0,0.0,0.0,10.49,4.28,0.0
20200224:0510,0.0,0.0,0.0,0.0,10.4,4.62,0.0
20200224:0610,0.0,0.0,0.0,0.0,10.35,4.97,0.0
20200224:0710,1.0,13.84,0.0,3.56,10.1,5.03,0.0
20200224:0810,21.0,91.0,0.0,12.56,10.1,5.24,0.0
20200224:0910,10.0,142.0,0.0,20.47,10.4,6.41,0.0
20200224:1010,4.0,168.0,0.0,26.72,10.71,6.69,0.0
20200224:1110,1.0,162.0,0.0,30.7,11.03,6.97,0.0
20200224:1210,0.0,98.0,0.0,31.89,11.34,7.59,0.0
20200224:1310,1.0,167.0,0.0,30.11,11.52,7.93,0.0
20200224:1410,4.0,157.0,0.0,25.61,11.54,7.79,0.0
20200224:1510,33.0,146.0,0.0,18.97,11.5,7.17,0.0
20200224:1610,0.0,44.0,0.0,10.8,11.39,6.34,0.0
20200224:1710,0.0,0.0,0.0,0.0,10.94,6.55,0.0
20200224:1810,0.0,0.0,0.0,0.0,10.45,6.55,0.0
20200224:1910,0.0,0.0,0.0,0.0,10.23,6.69,0.0
20200224:2010,0.0,0.0,0.0,0.0,9.84,6.55,0.0
20200224:2110,0.0,0.0,0.0,0.0,9.58,6.28,0.0
20200224:2210,0.0,0.0,0.0,0.0,9.39,6.14,0.0
20200224:2310,0.0,0.0,0.0,0.0,9.18,5.93,0.0
20200225:0010,0.0,0.0,0.0,0.0,8.87,5.66,0.0
20200225:0110,0.0,0.0,0.0,0.0,8.54,5.52,0.0
20200225:0210,0.0,0.0,0.0,0.0,8.49,5.45,0.0
20200225:0310,0.0,0.0,0.0,0.0,8.52,5.31,0.0
20200225:0410,0.0,0.0,0.0,0.0,8.59,5.1,0.0
20200225:0510,0.0,0.0,0.0,0.0,8.63,4.55,0.0
20200225:0610,0.0,0.0,0.0,0.0,8.45,4.76,0.0
20200225:0710,1.0,15.83,0.0,3.86,8.3,4.76,0.0
20200225:0810,48.0,93.0,0.0,12.88,7.38,4.48,0.0
20200225:0910,215.01,101.0,0.0,20.81,7.55,3.93,0.0
20200225:1010,351.01,95.0,0.0,27.08,8.48,5.59,0.0
20200225:1110,64.0,253.0,0.0,31.07,8.71,5.38,0.0
20200225:1210,1.0,177.0,0.0,32.26,8.86,5.59,0.0
20200225:1310,144.0,235.0,0.0,30.46,9.65,6.28,0.0
20200225:1410,345.01,87.0,0.0,25.94,10.08,6.69,0.0
20200225:1510,0.0,31.0,0.0,19.28,10.21,7.24,0.0
20200225:1610,18.0,78.0,0.0,11.08,8.97,6.48,0.0
20200225:1710,0.0,3.0,0.0,1.9,7.18,6.28,0.0
20200225:1810,0.0,0.0,0.0,0.0,6.4,5.59,0.0
20200225:1910,0.0,0.0,0.0,0.0,6.36,6.0,0.0
20200225:2010,0.0,0.0,0.0,0.0,5.78,6.9,0.0
20200225:2110,0.0,0.0,0.0,0.0,4.99,6.48,0.0
20200225:2210,0.0,0.0,0.0,0.0,4.5,6.55,0.0
20200225:2310,0.0,0.0,0.0,0.0,3.99,6.62,0.0
20200226:0010,0.0,0.0,0.0,0.0,3.73,6.9,0.0
20200226:0110,0.0,0.0,0.0,0.0,3.61,6.97,0.0
20200226:0210,0.0,0.0,0.0,0.0,3.28,7.1,0.0
20200226:0310,0.0,0.0,0.0,0.0,2.87,6.97,0.0
20200226:0410,0.0,0.0,0.0,0.0,2.35,6.83,0.0
20200226:0510,0.0,0.0,0.0,0.0,2.16,6.48,0.0
20200226:0610,0.0,0.0,0.0,0.0,1.86,6.07,0.0
20200226:0710,2.0,19.61,0.0,4.18,2.5,6.14,0.0
20200226:0810,131.0,63.0,0.0,13.21,3.01,6.07,0.0
20200226:0910,264.01,83.0,0.0,21.15,4.01,6.07,0.0
20200226:1010,161.0,205.0,0.0,27.44,5.14,6.34,0.0
20200226:1110,307.01,177.0,0.0,31.45,6.13,6.62,0.0
20200226:1210,27.0,252.0,0.0,32.63,6.96,6.9,0.0
20200226:1310,409.01,109.0,0.0,30.82,7.35,6.83,0.0
20200226:1410,152.0,196.0,0.0,26.28,7.71,6.76,0.0
20200226:1510,26.0,153.0,0.0,19.58,7.71,6.69,0.0
20200226:1610,115.0,51.0,0.0,11.36,6.67,6.34,0.0
20200226:1710,0.0,6.0,0.0,2.16,5.94,5.79,0.0
20200226:1810,0.0,0.0,0.0,0.0,5.17,4.76,0.0
20200226:1910,0.0,0.0,0.0,0.0,4.36,4.14,0.0
20200226:2010,0.0,0.0,0.0,0.0,3.75,3.72,0.0
20200226:2110,0.0,0.0,0.0,0.0,3.11,3.45,0.0
20200226:2210,0.0,0.0,0.0,0.0,2.6,3.24,0.0
20200226:2310,0.0,0.0,0.0,0.0,2.3,3.31,0.0
20200227:0010,0.0,0.0,0.0,0.0,2.51,3.31,0.0
20200227:0110,0.0,0.0,0.0,0.0,2.66,3.31,0.0
20200227:0210,0.0,0.0,0.0,0.0,2.95,3.52,0.0
20200227:0310,0.0,0.0,0.0,0.0,3.12,3.79,0.0
20200227:0410,0.0,0.0,0.0,0.0,3.34,4.28,0.0
20200227:0510,0.0,0.0,0.0,0.0,3.57,4.76,0.0
20200227:0610,0.0,0.0,0.0,0.0,3.7,5.45,0.0
20200227:0710,0.0,8.0,0.0,4.49,3.87,6.83,0.0
20200227:0810,0.0,17.0,0.0,13.54,4.3,7.45,0.0
20200227:0910,0.0,64.0,0.0,21.5,5.85,7.66,0.0
20200227:1010,0.0,62.0,0.0,27.81,7.91,7.52,0.0
20200227:1110,83.0,261.0,0.0,31.82,9.73,8.48,0.0
20200227:1210,0.0,80.0,0.0,33.01,10.69,9.72,0.0
20200227:1310,20.0,232.0,0.0,31.18,9.55,9.45,0.0
20200227:1410,0.0,124.0,0.0,26.61,7.8,8.14,0.0
20200227:1510,0.0,49.0,0.0,19.88,7.62,8.14,0.0
20200227:1610,4.0,72.0,0.0,11.64,7.09,8.28,0.0
20200227:1710,0.0,3.0,0.0,2.42,6.2,7.03,0.0
20200227:1810,0.0,0.0,0.0,0.0,5.57,5.93,0.0
20200227:1910,0.0,0.0,0.0,0.0,5.3,5.1,0.0
20200227:2010,0.0,0.0,0.0,0.0,4.81,4.21,0.0
20200227:2110,0.0,0.0,0.0,0.0,4.08,3.24,0.0
20200227:2210,0.0,0.0,0.0,0.0,3.17,2.97,0.0
20200227:2310,0.0,0.0,0.0,0.0,2.57,3.03,0.0
20200228:0010,0.0,0.0,0.0,0.0,2.16,2.83,0.0
20200228:0110,0.0,0.0,0.0,0.0,1.75,2.55,0.0
20200228:0210,0.0,0.0,0.0,0.0,1.18,2.28,0.0
20200228:0310,0.0,0.0,0.0,0.0,0.62,2.28,0.0
20200228:0410,0.0,0.0,0.0,0.0,0.58,2.34,0.0
20200228:0510,0.0,0.0,0.0,0.0,0.81,2.41,0.0
20200228:0610,0.0,0.0,0.0,0.0,1.2,2.62,0.0
20200228:0710,0.0,12.0,0.0,4.81,1.21,2.76,0.0
20200228:0810,14.0,99.0,0.0,13.87,2.49,2.97,0.0
20200228:0910,0.0,41.0,0.0,21.85,4.2,3.86,0.0
20200228:1010,0.0,127.0,0.0,28.17,5.35,4.34,0.0
20200228:1110,30.0,249.0,0.0,32.2,6.33,5.03,0.0
20200228:1210,0.0,170.0,0.0,33.38,6.92,5.17,0.0
20200228:1310,0.0,104.0,0.0,31.53,7.37,5.38,0.0
20200228:1410,0.0,63.0,0.0,26.94,7.13,6.0,0.0
20200228:1510,0.0,81.0,0.0,20.19,7.22,5.86,0.0
20200228:1610,0.0,30.0,0.0,11.92,7.51,5.45,0.0
20200228:1710,0.0,3.0,0.0,2.69,8.0,5.45,0.0
20200228:1810,0.0,0.0,0.0,0.0,8.52,5.93,0.0
20200228:1910,0.0,0.0,0.0,0.0,9.28,6.07,0.0
20200228:2010,0.0,0.0,0.0,0.0,9.45,6.28,0.0
20200228:2110,0.0,0.0,0.0,0.0,9.57,6.34,0.0
20200228:2210,0.0,0.0,0.0,0.0,9.58,6.55,0.0
20200228:2310,0.0,0.0,0.0,0.0,9.5,6.83,0.0
20200229:0010,0.0,0.0,0.0,0.0,9.37,6.97,0.0
20200229:0110,0.0,0.0,0.0,0.0,9.09,6.55,0.0
20200229:0210,0.0,0.0,0.0,0.0,8.48,5.93,0.0
20200229:0310,0.0,0.0,0.0,0.0,8.01,5.79,0.0
20200229:0410,0.0,0.0,0.0,0.0,7.96,5.79,0.0
20200229:0510,0.0,0.0,0.0,0.0,7.91,5.86,0.0
20200229:0610,0.0,0.0,0.0,0.0,8.03,6.28,0.0
20200229:0710,0.0,21.0,0.0,4.81,9.05,6.83,0.0
20200229:0810,10.0,99.0,0.0,13.87,10.59,8.14,0.0
20200229:0910,12.0,159.0,0.0,21.85,11.35,9.31,0.0
20200229:1010,25.0,219.0,0.0,28.17,10.93,9.66,0.0
20200229:1110,0.0,52.0,0.0,32.2,10.65,10.48,0.0
20200229:1210,13.0,237.0,0.0,33.38,9.99,7.1,0.0
20200229:1310,180.0,238.0,0.0,31.53,10.08,6.55,0.0
20200229:1410,311.01,123.0,0.0,26.94,10.05,6.41,0.0
20200229:1510,209.01,102.0,0.0,20.19,9.33,7.59,0.0
20200229:1610,117.0,57.0,0.0,11.92,8.94,6.14,0.0
20200229:1710,0.0,4.0,0.0,2.69,8.28,6.62,0.0
20200229:1810,0.0,0.0,0.0,0.0,7.1,6.62,0.0
20200229:1910,0.0,0.0,0.0,0.0,7.79,6.83,0.0
20200229:2010,0.0,0.0,0.0,0.0,7.14,6.76,0.0
20200229:2110,0.0,0.0,0.0,0.0,6.69,6.76,0.0
20200229:2210,0.0,0.0,0.0,0.0,6.37,6.76,0.0
20200229:2310,0.0,0.0,0.0,0.0,6.18,6.69,0.0
20200301:0010,0.0,0.0,0.0,0.0,6.12,6.69,0.0
20200301:0110,0.0,0.0,0.0,0.0,6.14,6.69,0.0
20200301:0210,0.0,0.0,0.0,0.0,6.18,6.83,0.0
20200301:0310,0.0,0.0,0.0,0.0,6.01,6.55,0.0
20200301:0410,0.0,0.0,0.0,0.0,5.71,6.0,0.0
20200301:0510,0.0,0.0,0.0,0.0,5.58,5.66,0.0
20200301:0610,0.0,0.0,0.0,0.0,5.28,5.38,0.0
20200301:0710,6.0,29.51,0.0,5.13,5.3,4.97,0.0
20200301:0810,24.0,109.0,0.0,14.2,6.21,4.21,0.0
20200301:0910,17.0,166.0,0.0,22.2,7.59,6.69,0.0
20200301:1010,0.0,78.0,0.0,28.55,8.39,6.62,0.0
20200301:1110,0.0,158.0,0.0,32.58,8.09,5.66,0.0
20200301:1210,0.0,62.0,0.0,33.76,6.84,4.83,0.0
20200301:1310,0.0,98.0,0.0,31.89,6.28,3.03,0.0
20200301:1410,0.0,55.0,0.0,27.27,6.09,2.97,0.0
20200301:1510,0.0,98.0,0.0,20.49,6.64,0.9,0.0
20200301:1610,0.0,32.0,0.0,12.2,4.84,5.72,0.0
20200301:1710,0.0,2.0,0.0,2.95,3.62,4.69,0.0
20200301:1810,0.0,0.0,0.0,0.0,4.34,4.62,0.0
20200301:1910,0.0,0.0,0.0,0.0,4.97,5.03,0.0
20200301:2010,0.0,0.0,0.0,0.0,4.91,4.55,0.0
20200301:2110,0.0,0.0,0.0,0.0,4.91,4.34,0.0
20200301:2210,0.0,0.0,0.0,0.0,5.03,4.41,0.0
20200301:2310,0.0,0.0,0.0,0.0,4.87,4.69,0.0
20200302:0010,0.0,0.0,0.0,0.0,5.08,5.1,0.0
20200302:0110,0.0,0.0,0.0,0.0,5.36,5.38,0.0
20200302:0210,0.0,0.0,0.0,0.0,5.83,5.79,0.0
20200302:0310,0.0,0.0,0.0,0.0,6.19,5.45,0.0
20200302:0410,0.0,0.0,0.0,0.0,6.49,5.17,0.0
20200302:0510,0.0,0.0,0.0,0.0,6.94,5.17,0.0
20200302:0610,0.0,0.0,0.0,0.0,7.21,4.9,0.0
20200302:0710,0.0,14.0,0.0,5.45,6.81,4.14,0.0
20200302:0810,0.0,73.0,0.0,14.54,6.99,3.79,0.0
20200302:0910,0.0,78.0,0.0,22.56,7.0,3.38,0.0
20200302:1010,1.0,159.0,0.0,28.92,7.06,2.76,0.0
20200302:1110,13.0,234.0,0.0,32.97,7.16,2.69,0.0
20200302:1210,37.0,270.0,0.0,34.14,7.0,3.93,0.0
20200302:1310,159.0,252.0,0.0,32.26,7.34,4.0,0.0
20200302:1410,0.0,88.0,0.0,27.6,8.12,4.76,0.0
20200302:1510,133.0,147.0,0.0,20.8,7.86,6.07,0.0
20200302:1610,0.0,45.0,0.0,12.48,7.52,6.83,0.0
20200302:1710,0.0,16.0,0.0,3.21,6.74,6.21,0.0
20200302:1810,0.0,0.0,0.0,0.0,5.93,5.24,0.0
20200302:1910,0.0,0.0,0.0,0.0,5.61,5.1,0.0
20200302:2010,0.0,0.0,0.0,0.0,4.99,4.62,0.0
20200302:2110,0.0,0.0,0.0,0.0,4.39,4.55,0.0
20200302:2210,0.0,0.0,0.0,0.0,3.91,4.34,0.0
20200302:2310,0.0,0.0,0.0,0.0,3.44,4.07,0.0
20200303:0010,0.0,0.0,0.0,0.0,3.14,4.0,0.0
20200303:0110,0.0,0.0,0.0,0.0,3.14,3.79,0.0
20200303:0210,0.0,0.0,0.0,0.0,2.7,3.45,0.0
20200303:0310,0.0,0.0,0.0,0.0,2.41,3.31,0.0
20200303:0410,0.0,0.0,0.0,0.0,2.62,3.45,0.0
20200303:0510,0.0,0.0,0.0,0.0,2.92,3.17,0.0
20200303:0610,0.0,0.0,0.0,0.0,2.89,2.97,0.0
20200303:0710,25.0,37.0,0.0,5.78,3.21,2.76,0.0
20200303:0810,124.0,89.0,0.0,14.88,3.72,2.62,0.0
20200303:0910,62.0,189.0,0.0,22.91,4.66,3.24,0.0
20200303:1010,67.0,244.0,0.0,29.29,5.65,3.66,0.0
20200303:1110,175.0,260.0,0.0,33.35,6.43,3.45,0.0
20200303:1210,62.0,286.0,0.0,34.52,7.1,3.38,0.0
20200303:1310,15.0,237.0,0.0,32.62,7.68,3.17,0.0
20200303:1410,129.0,223.0,0.0,27.94,8.21,3.1,0.0
20200303:1510,73.0,171.0,0.0,21.1,8.27,3.24,0.0
20200303:1610,3.0,77.0,0.0,12.76,8.13,3.24,0.0
20200303:1710,0.0,20.0,0.0,3.47,7.43,2.48,0.0
20200303:1810,0.0,0.0,0.0,0.0,5.79,2.62,0.0
20200303:1910,0.0,0.0,0.0,0.0,4.9,2.55,0.0
20200303:2010,0.0,0.0,0.0,0.0,4.41,2.28,0.0
20200303:2110,0.0,0.0,0.0,0.0,3.65,2.34,0.0
20200303:2210,0.0,0.0,0.0,0.0,3.19,2.55,0.0
20200303:2310,0.0,0.0,0.0,0.0,2.8,2.62,0.0
20200304:0010,0.0,0.0,0.0,0.0,2.54,2.83,0.0
20200304:0110,0.0,0.0,0.0,0.0,2.29,2.9,0.0
20200304:0210,0.0,0.0,0.0,0.0,2.21,2.83,0.0
20200304:0310,0.0,0.0,0.0,0.0,2.28,2.69,0.0
20200304:0410,0.0,0.0,0.0,0.0,2.09,2.48,0.0
20200304:0510,0.0,0.0,0.0,0.0,2.11,2.55,0.0
20200304:0610,0.0,0.0,0.0,0.0,2.11,2.55,0.0
20200304:0710,33.0,37.0,0.0,6.11,2.86,2.28,0.0
20200304:0810,104.0,101.0,0.0,15.22,3.96,2.34,0.0
20200304:0910,109.0,181.0,0.0,23.27,5.36,2.97,0.0
20200304:1010,41.0,240.0,0.0,29.67,6.78,4.14,0.0
20200304:1110,0.0,121.0,0.0,33.74,7.19,4.62,0.0
20200304:1210,0.0,138.0,0.0,34.91,7.4,4.83,0.0
20200304:1310,0.0,160.0,0.0,32.98,7.94,5.1,0.0
20200304:1410,0.0,125.0,0.0,28.27,7.79,4.97,0.0
20200304:1510,1.0,114.0,0.0,21.4,7.02,4.62,0.0
20200304:1610,0.0,26.0,0.0,13.04,6.55,4.69,0.0
20200304:1710,0.0,5.0,0.0,3.73,6.3,4.62,0.0
20200304:1810,0.0,0.0,0.0,0.0,6.26,4.41,0.0
20200304:1910,0.0,0.0,0.0,0.0,6.66,4.07,0.0
20200304:2010,0.0,0.0,0.0,0.0,6.75,3.52,0.0
20200304:2110,0.0,0.0,0.0,0.0,6.95,3.17,0.0
20200304:2210,0.0,0.0,0.0,0.0,7.38,3.17,0.0
20200304:2310,0.0,0.0,0.0,0.0,7.93,3.24,0.0
20200305:0010,0.0,0.0,0.0,0.0,8.66,3.72,0.0
20200305:0110,0.0,0.0,0.0,0.0,9.12,4.07,0.0
20200305:0210,0.0,0.0,0.0,0.0,9.19,4.14,0.0
20200305:0310,0.0,0.0,0.0,0.0,9.04,4.07,0.0
20200305:0410,0.0,0.0,0.0,0.0,8.89,3.24,0.0
20200305:0510,0.0,0.0,0.0,0.0,8.67,2.9,0.0
20200305:0610,0.0,0.0,0.0,0.0,8.5,3.52,0.0
20200305:0710,0.0,18.0,0.0,6.44,8.39,4.0,0.0
20200305:0810,52.0,119.0,0.0,15.57,8.37,3.52,0.0
20200305:0910,0.0,109.0,0.0,23.63,8.77,2.41,0.0
20200305:1010,0.0,86.0,0.0,30.05,9.52,2.9,0.0
20200305:1110,0.0,142.0,0.0,34.13,10.99,5.03,0.0
20200305:1210,0.0,78.0,0.0,35.29,11.35,7.66,0.0
20200305:1310,0.0,129.0,0.0,33.35,10.79,7.72,0.0
20200305:1410,45.0,228.0,0.0,28.6,11.31,7.24,0.0
20200305:1510,0.0,30.0,0.0,21.7,11.48,6.41,0.0
20200305:1610,47.0,99.0,0.0,13.31,10.57,6.76,0.0
20200305:1710,0.0,22.0,0.0,3.99,9.61,5.93,0.0
20200305:1810,0.0,0.0,0.0,0.0,9.45,5.45,0.0
20200305:1910,0.0,0.0,0.0,0.0,8.34,7.72,0.0
20200305:2010,0.0,0.0,0.0,0.0,7.28,9.1,0.0
20200305:2110,0.0,0.0,0.0,0.0,6.27,9.17,0.0
20200305:2210,0.0,0.0,0.0,0.0,5.7,8.9,0.0
20200305:2310,0.0,0.0,0.0,0.0,5.41,8.62,0.0
20200306:0010,0.0,0.0,0.0,0.0,5.22,8.07,0.0
20200306:0110,0.0,0.0,0.0,0.0,5.14,7.45,0.0
20200306:0210,0.0,0.0,0.0,0.0,5.07,6.83,0.0
20200306:0310,0.0,0.0,0.0,0.0,5.02,6.34,0.0
20200306:0410,0.0,0.0,0.0,0.0,4.96,5.79,0.0
20200306:0510,0.0,0.0,0.0,0.0,4.97,5.31,0.0
20200306:0610,0.0,0.0,0.0,0.0,4.95,4.69,0.0
20200306:0710,8.0,45.0,0.0,6.77,5.03,4.14,0.0
20200306:0810,13.0,116.0,0.0,15.91,5.24,4.0,0.0
20200306:0910,29.0,189.0,0.0,24.0,5.74,4.34,0.0
20200306:1010,265.01,189.0,0.0,30.43,6.53,4.48,0.0
20200306:1110,136.0,280.0,0.0,34.52,7.5,4.41,0.0
20200306:1210,212.01,266.0,0.0,35.68,8.36,4.76,0.0
20200306:1310,100.0,278.0,0.0,33.71,8.97,4.9,0.0
20200306:1410,37.0,231.0,0.0,28.94,9.21,5.38,0.0
20200306:1510,101.0,171.0,0.0,22.01,9.22,5.24,0.0
20200306:1610,44.0,104.0,0.0,13.59,8.87,4.34,0.0
20200306:1710,0.0,25.0,0.0,4.26,8.29,3.38,0.0
20200306:1810,0.0,0.0,0.0,0.0,6.87,2.69,0.0
20200306:1910,0.0,0.0,0.0,0.0,6.15,2.48,0.0
20200306:2010,0.0,0.0,0.0,0.0,5.45,2.41,0.0
20200306:2110,0.0,0.0,0.0,0.0,4.64,2.21,0.0
20200306:2210,0.0,0.0,0.0,0.0,3.79,2.14,0.0
20200306:2310,0.0,0.0,0.0,0.0,2.93,2.21,0.0
20200307:0010,0.0,0.0,0.0,0.0,2.63,2.34,0.0
20200307:0110,0.0,0.0,0.0,0.0,2.44,2.28,0.0
20200307:0210,0.0,0.0,0.0,0.0,2.06,2.21,0.0
20200307:0310,0.0,0.0,0.0,0.0,1.78,2.07,0.0
20200307:0410,0.0,0.0,0.0,0.0,1.31,2.14,0.0
20200307:0510,0.0,0.0,0.0,0.0,1.06,2.14,0.0
20200307:0610,0.0,0.0,0.0,0.0,0.62,2.21,0.0
20200307:0710,38.0,45.0,0.0,7.11,1.07,1.79,0.0
20200307:0810,165.0,81.0,0.0,16.26,3.51,1.79,0.0
20200307:0910,92.0,196.0,0.0,24.37,6.07,2.55,0.0
20200307:1010,394.01,118.0,0.0,30.81,7.79,3.24,0.0
20200307:1110,396.01,162.0,0.0,34.91,8.56,3.17,0.0
20200307:1210,203.0,271.0,0.0,36.07,9.25,3.24,0.0
20200307:1310,41.0,271.0,0.0,34.07,9.29,3.03,0.0
20200307:1410,9.0,200.0,0.0,29.27,10.1,3.17,0.0
20200307:1510,7.0,149.0,0.0,22.31,10.41,3.17,0.0
20200307:1610,56.0,103.0,0.0,13.87,10.18,2.0,0.0
20200307:1710,0.0,20.0,0.0,4.52,9.66,2.28,0.0
20200307:1810,0.0,0.0,0.0,0.0,9.26,2.9,0.0
20200307:1910,0.0,0.0,0.0,0.0,9.12,3.24,0.0
20200307:2010,0.0,0.0,0.0,0.0,8.87,3.24,0.0
20200307:2110,0.0,0.0,0.0,0.0,8.65,3.38,0.0
20200307:2210,0.0,0.0,0.0,0.0,8.66,3.79,0.0
20200307:2310,0.0,0.0,0.0,0.0,8.61,4.21,0.0
20200308:0010,0.0,0.0,0.0,0.0,8.4,4.41,0.0
20200308:0110,0.0,0.0,0.0,0.0,7.73,4.41,0.0
20200308:0210,0.0,0.0,0.0,0.0,7.38,4.62,0.0
20200308:0310,0.0,0.0,0.0,0.0,7.09,5.1,0.0
20200308:0410,0.0,0.0,0.0,0.0,6.85,5.45,0.0
20200308:0510,0.0,0.0,0.0,0.0,6.8,5.66,0.0
20200308:0610,0.0,0.0,0.0,0.0,7.07,5.93,0.0
20200308:0710,4.0,46.0,0.0,7.45,7.93,6.28,0.0
20200308:0810,56.0,129.0,0.0,16.61,8.55,6.34,0.0
20200308:0910,0.0,90.0,0.0,24.73,8.94,6.21,0.0
20200308:1010,1.0,177.0,0.0,31.2,9.23,6.07,0.0
20200308:1110,6.0,230.0,0.0,35.31,9.82,7.24,0.0
20200308:1210,0.0,160.0,0.0,36.45,9.9,5.93,0.0
20200308:1310,0.0,129.0,0.0,34.44,10.08,5.93,0.0
20200308:1410,1.0,156.0,0.0,29.6,10.08,6.14,0.0
20200308:1510,7.0,151.0,0.0,22.61,10.3,6.28,0.0
20200308:1610,147.0,67.0,0.0,14.14,10.61,5.59,0.0
20200308:1710,1.0,21.81,0.0,4.77,9.78,5.1,0.0
20200308:1810,0.0,0.0,0.0,0.0,8.3,4.28,0.0
20200308:1910,0.0,0.0,0.0,0.0,8.25,3.86,0.0
20200308:2010,0.0,0.0,0.0,0.0,7.44,3.66,0.0
20200308:2110,0.0,0.0,0.0,0.0,7.04,3.72,0.0
20200308:2210,0.0,0.0,0.0,0.0,6.27,3.66,0.0
20200308:2310,0.0,0.0,0.0,0.0,5.98,3.66,0.0
20200309:0010,0.0,0.0,0.0,0.0,5.51,3.72,0.0
20200309:0110,0.0,0.0,0.0,0.0,5.29,3.79,0.0
20200309:0210,0.0,0.0,0.0,0.0,4.94,3.86,0.0
20200309:0310,0.0,0.0,0.0,0.0,4.89,4.07,0.0
20200309:0410,0.0,0.0,0.0,0.0,4.84,4.14,0.0
20200309:0510,0.0,0.0,0.0,0.0,4.81,4.0,0.0
20200309:0610,0.0,0.0,0.0,0.0,4.57,3.66,0.0
20200309:0710,62.0,42.0,0.0,7.79,4.88,3.79,0.0
20200309:0810,173.0,85.0,0.0,16.97,5.63,3.52,0.0
20200309:0910,64.0,206.0,0.0,25.1,6.94,4.41,0.0
20200309:1010,0.0,141.0,0.0,31.59,8.42,4.97,0.0
20200309:1110,245.01,251.0,0.0,35.7,9.57,5.24,0.0
20200309:1210,0.0,189.0,0.0,36.84,10.39,5.38,0.0
20200309:1310,215.01,255.0,0.0,34.81,11.02,5.45,0.0
20200309:1410,63.0,246.0,0.0,29.94,11.41,5.59,0.0
20200309:1510,171.0,152.0,0.0,22.91,11.35,5.24,0.0
20200309:1610,50.0,109.0,0.0,14.42,11.13,4.55,0.0
20200309:1710,3.0,27.31,0.0,5.03,10.21,3.52,0.0
20200309:1810,0.0,0.0,0.0,0.0,9.33,3.31,0.0
20200309:1910,0.0,0.0,0.0,0.0,8.69,3.72,0.0
20200309:2010,0.0,0.0,0.0,0.0,7.97,3.93,0.0
20200309:2110,0.0,0.0,0.0,0.0,7.43,4.21,0.0
20200309:2210,0.0,0.0,0.0,0.0,7.05,4.69,0.0
20200309:2310,0.0,0.0,0.0,0.0,7.03,5.24,0.0
20200310:0010,0.0,0.0,0.0,0.0,7.24,5.79,0.0
20200310:0110,0.0,0.0,0.0,0.0,7.46,6.48,0.0
20200310:0210,0.0,0.0,0.0,0.0,7.81,6.62,0.0
20200310:0310,0.0,0.0,0.0,0.0,8.21,6.48,0.0
20200310:0410,0.0,0.0,0.0,0.0,8.58,6.21,0.0
20200310:0510,0.0,0.0,0.0,0.0,8.89,6.07,0.0
20200310:0610,0.0,0.0,0.0,0.0,9.18,5.59,0.0
20200310:0710,0.0,23.0,0.0,8.13,9.67,6.0,0.0
20200310:0810,0.0,48.0,0.0,17.32,10.09,5.93,0.0
20200310:0910,0.0,123.0,0.0,25.47,10.52,5.93,0.0
20200310:1010,0.0,139.0,0.0,31.97,10.85,5.93,0.0
20200310:1110,0.0,129.0,0.0,36.1,11.18,6.28,0.0
20200310:1210,0.0,143.0,0.0,37.23,11.61,7.03,0.0
20200310:1310,0.0,120.0,0.0,35.17,12.3,6.97,0.0
20200310:1410,0.0,82.0,0.0,30.27,12.87,6.9,0.0
20200310:1510,0.0,116.0,0.0,23.21,13.34,6.34,0.0
20200310:1610,6.0,93.0,0.0,14.69,13.16,5.66,0.0
20200310:1710,4.0,29.06,0.0,5.29,13.03,5.45,0.0
20200310:1810,0.0,0.0,0.0,0.0,12.84,5.38,0.0
20200310:1910,0.0,0.0,0.0,0.0,12.67,6.34,0.0
20200310:2010,0.0,0.0,0.0,0.0,12.47,6.21,0.0
20200310:2110,0.0,0.0,0.0,0.0,12.26,6.07,0.0
20200310:2210,0.0,0.0,0.0,0.0,12.02,6.0,0.0
20200310:2310,0.0,0.0,0.0,0.0,11.81,5.93,0.0
20200311:0010,0.0,0.0,0.0,0.0,11.62,5.86,0.0
20200311:0110,0.0,0.0,0.0,0.0,11.49,5.72,0.0
20200311:0210,0.0,0.0,0.0,0.0,11.28,5.59,0.0
20200311:0310,0.0,0.0,0.0,0.0,11.15,5.38,0.0
20200311:0410,0.0,0.0,0.0,0.0,10.91,5.24,0.0
20200311:0510,0.0,0.0,0.0,0.0,10.89,5.1,0.0
20200311:0610,0.0,0.0,0.0,0.0,10.81,4.83,0.0
20200311:0710,23.0,60.0,0.0,8.47,11.59,5.38,0.0
20200311:0810,170.0,92.0,0.0,17.68,11.97,5.79,0.0
20200311:0910,163.0,184.0,0.0,25.85,12.43,6.62,0.0
20200311:1010,217.0,226.0,0.0,32.36,12.9,6.41,0.0
20200311:1110,393.01,176.0,0.0,36.5,13.44,6.69,0.0
20200311:1210,1.0,196.0,0.0,37.62,13.79,6.69,0.0
20200311:1310,59.0,287.0,0.0,35.54,13.73,6.14,0.0
20200311:1410,0.0,90.0,0.0,30.6,14.07,6.55,0.0
20200311:1510,67.0,188.0,0.0,23.51,14.15,6.21,0.0
20200311:1610,19.0,111.0,0.0,14.97,13.93,5.59,0.0
20200311:1710,3.0,30.31,0.0,5.55,13.32,5.38,0.0
20200311:1810,0.0,0.0,0.0,0.0,12.72,5.24,0.0
20200311:1910,0.0,0.0,0.0,0.0,13.35,5.45,0.0
20200311:2010,0.0,0.0,0.0,0.0,12.68,5.79,0.0
20200311:2110,0.0,0.0,0.0,0.0,12.15,6.21,0.0
20200311:2210,0.0,0.0,0.0,0.0,11.8,6.55,0.0
20200311:2310,0.0,0.0,0.0,0.0,10.93,6.55,0.0
20200312:0010,0.0,0.0,0.0,0.0,10.44,6.62,0.0
20200312:0110,0.0,0.0,0.0,0.0,10.7,6.62,0.0
20200312:0210,0.0,0.0,0.0,0.0,10.96,6.34,0.0
20200312:0310,0.0,0.0,0.0,0.0,11.01,6.28,0.0
20200312:0410,0.0,0.0,0.0,0.0,10.9,6.55,0.0
20200312:0510,0.0,0.0,0.0,0.0,10.67,6.14,0.0
20200312:0610,0.0,0.0,0.0,0.0,10.08,5.59,0.0
20200312:0710,0.0,23.0,0.0,8.82,10.01,4.97,0.0
20200312:0810,55.0,142.0,0.0,18.03,9.94,4.83,0.0
20200312:0910,0.0,101.0,0.0,26.22,10.33,4.28,0.0
20200312:1010,1.0,186.0,0.0,32.75,10.73,4.41,0.0
20200312:1110,16.0,262.0,0.0,36.9,11.32,4.34,0.0
20200312:1210,1.0,203.0,0.0,38.01,11.39,4.62,0.0
20200312:1310,43.0,283.0,0.0,35.9,11.44,5.1,0.0
20200312:1410,0.0,98.0,0.0,30.93,11.68,5.66,0.0
20200312:1510,122.0,180.0,0.0,23.81,11.61,5.93,0.0
20200312:1610,7.0,102.0,0.0,15.24,11.04,5.72,0.0
20200312:1710,6.0,36.0,0.0,5.81,10.01,4.83,0.0
20200312:1810,0.0,0.0,0.0,0.0,9.04,4.41,0.0
20200312:1910,0.0,0.0,0.0,0.0,8.69,4.28,0.0
20200312:2010,0.0,0.0,0.0,0.0,8.05,4.07,0.0
20200312:2110,0.0,0.0,0.0,0.0,7.56,4.07,0.0
20200312:2210,0.0,0.0,0.0,0.0,7.11,4.14,0.0
20200312:2310,0.0,0.0,0.0,0.0,6.46,4.21,0.0
20200313:0010,0.0,0.0,0.0,0.0,5.78,4.34,0.0
20200313:0110,0.0,0.0,0.0,0.0,5.1,4.41,0.0
20200313:0210,0.0,0.0,0.0,0.0,4.71,4.34,0.0
20200313:0310,0.0,0.0,0.0,0.0,4.38,4.21,0.0
20200313:0410,0.0,0.0,0.0,0.0,4.15,4.07,0.0
20200313:0510,0.0,0.0,0.0,0.0,3.8,3.86,0.0
20200313:0610,0.0,0.0,0.0,0.0,3.53,3.72,0.0
20200313:0710,69.0,53.0,0.0,9.16,3.76,3.52,0.0
20200313:0810,205.0,86.0,0.0,18.39,5.14,3.72,0.0
20200313:0910,335.01,107.0,0.0,26.6,6.85,4.21,0.0
20200313:1010,384.01,154.0,0.0,33.14,8.61,4.69,0.0
20200313:1110,261.01,262.0,0.0,37.3,9.6,4.0,0.0
20200313:1210,142.0,313.0,0.0,38.41,10.1,3.66,0.0
20200313:1310,187.0,282.0,0.0,36.27,10.31,3.66,0.0
20200313:1410,75.0,259.0,0.0,31.26,10.36,3.52,0.0
20200313:1510,174.0,166.0,0.0,24.11,10.42,3.66,0.0
20200313:1610,160.0,76.0,0.0,15.51,10.2,3.24,0.0
20200313:1710,37.0,34.0,0.0,6.06,9.68,2.28,0.0
20200313:1810,0.0,0.0,0.0,0.0,8.76,1.72,0.0
20200313:1910,0.0,0.0,0.0,0.0,7.62,1.45,0.0
20200313:2010,0.0,0.0,0.0,0.0,5.49,1.72,0.0
20200313:2110,0.0,0.0,0.0,0.0,4.41,1.93,0.0
20200313:2210,0.0,0.0,0.0,0.0,4.31,1.79,0.0
20200313:2310,0.0,0.0,0.0,0.0,4.42,1.79,0.0
20200314:0010,0.0,0.0,0.0,0.0,4.31,1.66,0.0
20200314:0110,0.0,0.0,0.0,0.0,4.16,1.66,0.0
20200314:0210,0.0,0.0,0.0,0.0,3.59,1.86,0.0
20200314:0310,0.0,0.0,0.0,0.0,3.13,1.86,0.0
20200314:0410,0.0,0.0,0.0,0.0,3.33,1.93,0.0
20200314:0510,0.0,0.0,0.0,0.0,3.69,2.21,0.0
20200314:0610,0.0,0.0,0.0,0.0,4.24,2.48,0.0
20200314:0710,23.0,68.0,0.0,9.51,5.38,2.76,0.0
20200314:0810,4.0,120.0,0.0,18.75,6.61,3.1,0.0
20200314:0910,116.0,213.0,0.0,26.97,8.08,3.93,0.0
20200314:1010,10.0,230.0,0.0,33.54,9.3,4.97,0.0
20200314:1110,0.0,144.0,0.0,37.7,10.53,6.21,0.0
20200314:1210,0.0,183.0,0.0,38.8,10.48,5.52,0.0
20200314:1310,5.0,232.0,0.0,36.63,10.6,4.83,0.0
20200314:1410,24.0,239.0,0.0,31.59,10.96,4.83,0.0
20200314:1510,40.0,195.0,0.0,24.4,11.17,4.55,0.0
20200314:1610,16.0,116.0,0.0,15.78,11.11,4.21,0.0
20200314:1710,6.0,39.0,0.0,6.32,10.91,3.17,0.0
20200314:1810,0.0,0.0,0.0,0.0,10.05,2.76,0.0
20200314:1910,0.0,0.0,0.0,0.0,9.07,2.69,0.0
20200314:2010,0.0,0.0,0.0,0.0,8.24,2.83,0.0
20200314:2110,0.0,0.0,0.0,0.0,7.97,2.9,0.0
20200314:2210,0.0,0.0,0.0,0.0,7.69,2.97,0.0
20200314:2310,0.0,0.0,0.0,0.0,7.39,3.03,0.0
20200315:0010,0.0,0.0,0.0,0.0,7.29,3.03,0.0
20200315:0110,0.0,0.0,0.0,0.0,7.07,3.1,0.0
20200315:0210,0.0,0.0,0.0,0.0,6.87,3.1,0.0
20200315:0310,0.0,0.0,0.0,0.0,6.44,3.17,0.0
20200315:0410,0.0,0.0,0.0,0.0,6.26,3.31,0.0
20200315:0510,0.0,0.0,0.0,0.0,6.13,3.31,0.0
20200315:0610,0.0,0.0,0.0,0.0,6.12,3.17,0.0
20200315:0710,80.0,54.0,0.0,9.86,7.49,3.31,0.0
20200315:0810,41.0,152.0,0.0,19.11,8.53,4.14,0.0
20200315:0910,143.0,209.0,0.0,27.35,10.29,5.31,0.0
20200315:1010,358.01,172.0,0.0,33.93,11.6,5.72,0.0
20200315:1110,341.01,225.0,0.0,38.1,12.9,6.0,0.0
20200315:1210,309.01,252.0,0.0,39.19,13.8,5.79,0.0
20200315:1310,479.01,132.0,0.0,37.0,14.65,5.31,0.0
20200315:1410,414.01,116.0,0.0,31.92,15.33,4.83,0.0
20200315:1510,298.01,102.0,0.0,24.7,15.61,4.55,0.0
20200315:1610,168.0,76.0,0.0,16.05,15.25,3.72,0.0
20200315:1710,17.0,44.0,0.0,6.57,14.19,2.55,0.0
20200315:1810,0.0,0.0,0.0,0.0,12.39,2.21,0.0
20200315:1910,0.0,0.0,0.0,0.0,10.78,2.0,0.0
20200315:2010,0.0,0.0,0.0,0.0,8.91,1.86,0.0
20200315:2110,0.0,0.0,0.0,0.0,7.31,2.0,0.0
20200315:2210,0.0,0.0,0.0,0.0,6.37,2.14,0.0
20200315:2310,0.0,0.0,0.0,0.0,6.08,2.21,0.0
20200316:0010,0.0,0.0,0.0,0.0,5.97,2.0,0.0
20200316:0110,0.0,0.0,0.0,0.0,5.92,1.72,0.0
20200316:0210,0.0,0.0,0.0,0.0,6.43,1.38,0.0
20200316:0310,0.0,0.0,0.0,0.0,6.7,1.38,0.0
20200316:0410,0.0,0.0,0.0,0.0,6.76,1.59,0.0
20200316:0510,0.0,0.0,0.0,0.0,6.89,2.0,0.0
20200316:0610,0.0,0.0,0.0,0.0,6.93,2.21,0.0
20200316:0710,3.0,59.0,0.0,10.21,6.72,2.69,0.0
20200316:0810,71.0,151.0,0.0,19.48,7.55,3.03,0.0
20200316:0910,3.0,167.0,0.0,27.73,8.77,2.97,0.0
20200316:1010,0.0,84.0,0.0,34.33,10.4,2.48,0.0
20200316:1110,0.0,133.0,0.0,38.5,11.26,2.34,0.0
20200316:1210,0.0,175.0,0.0,39.58,11.94,2.0,0.0
20200316:1310,0.0,155.0,0.0,37.36,12.58,1.59,0.0
20200316:1410,0.0,107.0,0.0,32.25,12.83,1.59,0.0
20200316:1510,0.0,96.0,0.0,24.99,12.86,1.72,0.0
20200316:1610,4.0,100.0,0.0,16.32,12.53,1.79,0.0
20200316:1710,3.0,38.0,0.0,6.83,12.16,1.79,0.0
20200316:1810,0.0,0.0,0.0,0.0,11.39,1.86,0.0
20200316:1910,0.0,0.0,0.0,0.0,10.11,1.52,0.0
20200316:2010,0.0,0.0,0.0,0.0,9.82,1.17,0.0
20200316:2110,0.0,0.0,0.0,0.0,9.44,0.97,0.0
20200316:2210,0.0,0.0,0.0,0.0,9.03,1.31,0.0
20200316:2310,0.0,0.0,0.0,0.0,8.64,1.86,0.0
20200317:0010,0.0,0.0,0.0,0.0,8.61,2.0,0.0
20200317:0110,0.0,0.0,0.0,0.0,8.51,1.79,0.0
20200317:0210,0.0,0.0,0.0,0.0,8.43,1.31,0.0
20200317:0310,0.0,0.0,0.0,0.0,8.34,0.97,0.0
20200317:0410,0.0,0.0,0.0,0.0,8.19,0.97,0.0
20200317:0510,0.0,0.0,0.0,0.0,8.16,0.97,0.0
20200317:0610,0.0,0.0,0.0,0.0,8.05,1.1,0.0
20200317:0710,8.0,71.0,0.0,10.56,7.82,1.24,0.0
20200317:0810,10.0,139.0,0.0,19.84,8.25,1.1,0.0
20200317:0910,108.0,223.0,0.0,28.11,9.34,1.1,0.0
20200317:1010,33.0,268.0,0.0,34.72,10.23,1.1,0.0
20200317:1110,0.0,172.0,0.0,38.9,11.43,0.9,0.0
20200317:1210,1.0,215.0,0.0,39.98,12.51,0.41,0.0
20200317:1310,74.0,305.0,0.0,37.73,13.46,0.0,0.0
20200317:1410,249.01,211.0,0.0,32.58,14.35,0.34,0.0
20200317:1510,269.01,122.0,0.0,25.29,14.76,0.55,0.0
20200317:1610,136.0,96.0,0.0,16.59,14.69,0.48,0.0
20200317:1710,14.0,47.0,0.0,7.08,14.49,0.28,0.0
20200317:1810,0.0,0.0,0.0,0.0,14.11,0.07,0.0
20200317:1910,0.0,0.0,0.0,0.0,13.17,0.14,0.0
20200317:2010,0.0,0.0,0.0,0.0,12.46,0.14,0.0
20200317:2110,0.0,0.0,0.0,0.0,11.6,0.48,0.0
20200317:2210,0.0,0.0,0.0,0.0,10.83,0.69,0.0
20200317:2310,0.0,0.0,0.0,0.0,9.78,0.97,0.0
20200318:0010,0.0,0.0,0.0,0.0,9.03,1.31,0.0
20200318:0110,0.0,0.0,0.0,0.0,9.45,1.52,0.0
20200318:0210,0.0,0.0,0.0,0.0,9.46,1.59,0.0
20200318:0310,0.0,0.0,0.0,0.0,9.33,1.31,0.0
20200318:0410,0.0,0.0,0.0,0.0,9.05,1.24,0.0
20200318:0510,0.0,0.0,0.0,0.0,9.17,1.1,0.0
20200318:0610,0.0,0.0,0.0,0.0,9.21,0.97,0.0
20200318:0710,14.0,78.0,0.0,10.91,9.57,0.83,0.0
20200318:0810,11.0,142.0,0.0,20.2,10.53,0.55,0.0
20200318:0910,0.0,147.0,0.0,28.49,11.25,0.48,0.0
20200318:1010,8.0,231.0,0.0,35.12,11.84,0.55,0.0
20200318:1110,79.0,318.0,0.0,39.31,12.56,0.76,0.0
20200318:1210,159.0,318.0,0.0,40.37,13.41,0.83,0.0
20200318:1310,144.0,303.0,0.0,38.09,13.89,0.69,0.0
20200318:1410,374.01,148.0,0.0,32.91,14.24,0.41,0.0
20200318:1510,223.0,152.0,0.0,25.58,14.37,0.21,0.0
20200318:1610,149.0,93.0,0.0,16.86,14.17,0.62,0.0
20200318:1710,45.0,42.0,0.0,7.33,13.86,0.97,0.0
20200318:1810,0.0,0.0,0.0,0.0,13.0,1.31,0.0
20200318:1910,0.0,0.0,0.0,0.0,13.38,1.72,0.0
20200318:2010,0.0,0.0,0.0,0.0,12.47,1.72,0.0
20200318:2110,0.0,0.0,0.0,0.0,11.61,1.72,0.0
20200318:2210,0.0,0.0,0.0,0.0,10.97,1.79,0.0
20200318:2310,0.0,0.0,0.0,0.0,10.74,1.72,0.0
20200319:0010,0.0,0.0,0.0,0.0,10.5,1.79,0.0
20200319:0110,0.0,0.0,0.0,0.0,10.1,1.86,0.0
20200319:0210,0.0,0.0,0.0,0.0,9.92,1.72,0.0
20200319:0310,0.0,0.0,0.0,0.0,9.14,1.79,0.0
20200319:0410,0.0,0.0,0.0,0.0,8.34,1.66,0.0
20200319:0510,0.0,0.0,0.0,0.0,7.49,1.66,0.0
20200319:0610,0.0,2.0,0.0,1.47,6.79,1.79,0.0
20200319:0710,86.0,64.0,0.0,11.26,7.71,1.03,0.0
20200319:0810,224.0,94.0,0.0,20.56,10.39,0.9,0.0
20200319:0910,352.01,115.0,0.0,28.87,11.87,0.9,0.0
20200319:1010,455.01,126.0,0.0,35.51,13.58,0.97,0.0
20200319:1110,532.01,125.0,0.0,39.71,14.97,1.17,0.0
20200319:1210,532.01,134.0,0.0,40.76,16.49,1.38,0.0
20200319:1310,498.01,131.0,0.0,38.46,17.6,1.66,0.0
20200319:1410,381.01,145.0,0.0,33.23,18.48,1.79,0.0
20200319:1510,277.01,123.0,0.0,25.87,18.91,1.93,0.0
20200319:1610,106.0,116.0,0.0,17.12,18.98,1.93,0.0
20200319:1710,10.0,50.0,0.0,7.58,18.14,1.72,0.0
20200319:1810,0.0,0.0,0.0,0.0,16.06,2.34,0.0
20200319:1910,0.0,0.0,0.0,0.0,14.67,2.21,0.0
20200319:2010,0.0,0.0,0.0,0.0,13.39,2.41,0.0
20200319:2110,0.0,0.0,0.0,0.0,12.3,2.55,0.0
20200319:2210,0.0,0.0,0.0,0.0,11.42,2.62,0.0
20200319:2310,0.0,0.0,0.0,0.0,10.7,2.62,0.0
20200320:0010,0.0,0.0,0.0,0.0,10.01,2.55,0.0
20200320:0110,0.0,0.0,0.0,0.0,9.47,2.41,0.0
20200320:0210,0.0,0.0,0.0,0.0,8.91,2.28,0.0
20200320:0310,0.0,0.0,0.0,0.0,8.4,2.34,0.0
20200320:0410,0.0,0.0,0.0,0.0,8.02,2.34,0.0
20200320:0510,0.0,0.0,0.0,0.0,7.76,2.28,0.0
20200320:0610,0.0,4.0,0.0,1.82,7.49,2.21,0.0
20200320:0710,67.0,76.0,0.0,11.62,8.64,2.07,0.0
20200320:0810,197.0,113.0,0.0,20.93,10.03,2.48,0.0
20200320:0910,331.01,130.0,0.0,29.24,11.51,2.97,0.0
20200320:1010,442.01,137.0,0.0,35.91,12.84,3.31,0.0
20200320:1110,528.01,129.0,0.0,40.11,13.7,3.38,0.0
20200320:1210,517.01,146.0,0.0,41.15,14.61,3.59,0.0
20200320:1310,501.01,131.0,0.0,38.82,15.23,3.79,0.0
20200320:1410,399.01,137.0,0.0,33.56,15.68,3.93,0.0
20200320:1510,265.01,133.0,0.0,26.16,15.84,4.28,0.0
20200320:1610,125.0,110.0,0.0,17.39,15.46,4.48,0.0
20200320:1710,24.0,52.0,0.0,7.83,14.53,3.93,0.0
20200320:1810,0.0,0.0,0.0,0.0,12.83,4.14,0.0
20200320:1910,0.0,0.0,0.0,0.0,10.58,5.1,0.0
20200320:2010,0.0,0.0,0.0,0.0,9.42,5.03,0.0
20200320:2110,0.0,0.0,0.0,0.0,8.46,4.76,0.0
20200320:2210,0.0,0.0,0.0,0.0,7.74,4.62,0.0
20200320:2310,0.0,0.0,0.0,0.0,7.15,4.62,0.0
20200321:0010,0.0,0.0,0.0,0.0,6.66,4.41,0.0
20200321:0110,0.0,0.0,0.0,0.0,6.29,4.21,0.0
20200321:0210,0.0,0.0,0.0,0.0,6.21,4.14,0.0
20200321:0310,0.0,0.0,0.0,0.0,5.96,4.21,0.0
20200321:0410,0.0,0.0,0.0,0.0,6.05,4.21,0.0
20200321:0510,0.0,0.0,0.0,0.0,6.16,4.41,0.0
20200321:0610,0.0,2.0,0.0,2.16,6.28,4.41,0.0
20200321:0710,0.0,56.0,0.0,11.97,6.44,4.14,0.0
20200321:0810,0.0,97.0,0.0,21.29,7.27,5.31,0.0
20200321:0910,0.0,116.0,0.0,29.62,7.73,5.31,0.0
20200321:1010,0.0,177.0,0.0,36.3,8.0,4.83,0.0
20200321:1110,0.0,201.0,0.0,40.51,8.26,4.69,0.0
20200321:1210,0.0,198.0,0.0,41.54,9.03,5.93,0.0
20200321:1310,0.0,190.0,0.0,39.18,9.51,5.93,0.0
20200321:1410,0.0,137.0,0.0,33.88,9.75,5.59,0.0
20200321:1510,0.0,114.0,0.0,26.45,9.76,5.38,0.0
20200321:1610,3.0,106.0,0.0,17.65,9.36,5.31,0.0
20200321:1710,5.0,51.0,0.0,8.08,8.92,5.17,0.0
20200321:1810,0.0,0.0,0.0,0.0,8.46,4.97,0.0
20200321:1910,0.0,0.0,0.0,0.0,7.8,5.24,0.0
20200321:2010,0.0,0.0,0.0,0.0,7.67,5.17,0.0
20200321:2110,0.0,0.0,0.0,0.0,7.51,5.03,0.0
20200321:2210,0.0,0.0,0.0,0.0,7.25,4.97,0.0
20200321:2310,0.0,0.0,0.0,0.0,6.97,5.03,0.0
20200322:0010,0.0,0.0,0.0,0.0,6.62,5.17,0.0
20200322:0110,0.0,0.0,0.0,0.0,6.17,5.1,0.0
20200322:0210,0.0,0.0,0.0,0.0,5.57,4.97,0.0
20200322:0310,0.0,0.0,0.0,0.0,5.17,4.97,0.0
20200322:0410,0.0,0.0,0.0,0.0,4.61,4.83,0.0
20200322:0510,0.0,0.0,0.0,0.0,4.35,4.76,0.0
20200322:0610,0.0,4.0,0.0,2.51,4.13,4.83,0.0
20200322:0710,14.0,89.0,0.0,12.32,5.21,4.69,0.0
20200322:0810,22.0,165.0,0.0,21.66,5.36,5.38,0.0
20200322:0910,35.0,236.0,0.0,30.0,5.78,5.66,0.0
20200322:1010,105.0,301.0,0.0,36.7,6.37,5.72,0.0
20200322:1110,100.0,334.0,0.0,40.92,7.47,5.72,0.0
20200322:1210,6.0,266.0,0.0,41.93,8.44,5.52,0.0
20200322:1310,39.0,307.0,0.0,39.54,9.67,5.45,0.0
20200322:1410,1.0,185.0,0.0,34.2,10.58,5.52,0.0
20200322:1510,9.0,184.0,0.0,26.74,10.85,5.66,0.0
20200322:1610,183.0,88.0,0.0,17.92,10.96,5.72,0.0
20200322:1710,56.0,48.0,0.0,8.33,10.49,5.03,0.0
20200322:1810,0.0,0.0,0.0,0.0,9.54,5.31,0.0
20200322:1910,0.0,0.0,0.0,0.0,9.32,5.31,0.0
20200322:2010,0.0,0.0,0.0,0.0,8.46,5.86,0.0
20200322:2110,0.0,0.0,0.0,0.0,7.57,5.72,0.0
20200322:2210,0.0,0.0,0.0,0.0,6.61,5.31,0.0
20200322:2310,0.0,0.0,0.0,0.0,5.65,4.9,0.0
20200323:0010,0.0,0.0,0.0,0.0,4.7,4.69,0.0
20200323:0110,0.0,0.0,0.0,0.0,3.81,4.55,0.0
20200323:0210,0.0,0.0,0.0,0.0,2.98,4.55,0.0
20200323:0310,0.0,0.0,0.0,0.0,2.23,4.48,0.0
20200323:0410,0.0,0.0,0.0,0.0,1.55,4.34,0.0
20200323:0510,0.0,0.0,0.0,0.0,0.97,4.21,0.0
20200323:0610,2.0,13.59,0.0,2.86,0.49,4.07,0.0
20200323:0710,134.0,62.0,0.0,12.67,1.5,4.28,0.0
20200323:0810,284.01,90.0,0.0,22.02,2.75,4.76,0.0
20200323:0910,414.01,112.0,0.0,30.38,4.41,5.03,0.0
20200323:1010,529.01,120.0,0.0,37.09,6.19,4.76,0.0
20200323:1110,596.01,125.0,0.0,41.32,7.91,4.62,0.0
20200323:1210,593.01,136.0,0.0,42.33,9.33,4.62,0.0
20200323:1310,573.01,123.0,0.0,39.9,10.38,4.69,0.0
20200323:1410,486.01,117.0,0.0,34.52,11.01,4.62,0.0
20200323:1510,366.01,101.0,0.0,27.03,11.25,4.55,0.0
20200323:1610,209.0,84.0,0.0,18.18,11.07,4.28,0.0
20200323:1710,0.0,0.0,0.0,0.0,10.27,3.52,0.0
20200323:1810,0.0,0.0,0.0,0.0,8.57,3.59,0.0
20200323:1910,0.0,0.0,0.0,0.0,7.12,3.38,0.0
20200323:2010,0.0,0.0,0.0,0.0,6.18,3.59,0.0
20200323:2110,0.0,0.0,0.0,0.0,5.32,3.45,0.0
20200323:2210,0.0,0.0,0.0,0.0,4.4,3.24,0.0
20200323:2310,0.0,0.0,0.0,0.0,3.55,3.17,0.0
20200324:0010,0.0,0.0,0.0,0.0,2.81,3.1,0.0
20200324:0110,0.0,0.0,0.0,0.0,2.12,3.1,0.0
20200324:0210,0.0,0.0,0.0,0.0,1.48,3.17,0.0
20200324:0310,0.0,0.0,0.0,0.0,0.91,3.31,0.0
20200324:0410,0.0,0.0,0.0,0.0,0.44,3.38,0.0
20200324:0510,0.0,0.0,0.0,0.0,0.0,3.31,0.0
20200324:0610,2.0,16.56,0.0,3.21,-0.41,3.17,0.0
20200324:0710,143.0,62.0,0.0,13.03,0.56,2.97,0.0
20200324:0810,294.01,89.0,0.0,22.38,2.57,3.17,0.0
20200324:0910,431.01,108.0,0.0,30.76,4.59,3.45,0.0
20200324:1010,543.01,116.0,0.0,37.49,6.49,3.45,0.0
20200324:1110,602.01,125.0,0.0,41.72,8.2,3.45,0.0
20200324:1210,608.01,131.0,0.0,42.72,9.65,3.31,0.0
20200324:1310,578.01,124.0,0.0,40.26,10.68,3.38,0.0
20200324:1410,498.01,113.0,0.0,34.84,11.2,3.52,0.0
20200324:1510,376.01,99.0,0.0,27.31,11.25,3.72,0.0
20200324:1610,222.0,81.0,0.0,18.44,10.84,3.79,0.0
20200324:1710,80.0,45.0,0.0,8.83,9.94,3.1,0.0
20200324:1810,0.0,0.0,0.0,0.0,8.16,3.17,0.0
20200324:1910,0.0,0.0,0.0,0.0,7.24,3.52,0.0
20200324:2010,0.0,0.0,0.0,0.0,6.14,3.66,0.0
20200324:2110,0.0,0.0,0.0,0.0,5.12,3.72,0.0
20200324:2210,0.0,0.0,0.0,0.0,4.14,3.45,0.0
20200324:2310,0.0,0.0,0.0,0.0,3.23,3.24,0.0
20200325:0010,0.0,0.0,0.0,0.0,2.45,3.1,0.0
20200325:0110,0.0,0.0,0.0,0.0,1.81,2.97,0.0
20200325:0210,0.0,0.0,0.0,0.0,1.23,2.97,0.0
20200325:0310,0.0,0.0,0.0,0.0,0.69,2.9,0.0
20200325:0410,0.0,0.0,0.0,0.0,0.18,2.9,0.0
20200325:0510,0.0,0.0,0.0,0.0,-0.26,2.83,0.0
20200325:0610,2.0,19.53,0.0,3.55,-0.68,2.69,0.0
20200325:0710,142.0,65.0,0.0,13.38,0.74,2.48,0.0
20200325:0810,290.01,94.0,0.0,22.74,3.02,2.83,0.0
20200325:0910,424.01,114.0,0.0,31.14,4.96,2.97,0.0
20200325:1010,523.01,130.0,0.0,37.88,6.74,3.1,0.0
20200325:1110,576.01,143.0,0.0,42.12,8.33,3.45,0.0
20200325:1210,579.01,151.0,0.0,43.1,9.56,3.72,0.0
20200325:1310,573.01,129.0,0.0,40.62,10.36,4.0,0.0
20200325:1410,488.01,120.0,0.0,35.16,10.68,4.41,0.0
20200325:1510,364.01,107.0,0.0,27.59,10.54,4.76,0.0
20200325:1610,211.0,89.0,0.0,18.7,10.02,4.76,0.0
20200325:1710,76.0,49.0,0.0,9.07,9.16,3.93,0.0
20200325:1810,0.0,0.0,0.0,0.0,7.64,3.72,0.0
20200325:1910,0.0,0.0,0.0,0.0,7.11,3.72,0.0
20200325:2010,0.0,0.0,0.0,0.0,6.25,3.79,0.0
20200325:2110,0.0,0.0,0.0,0.0,5.56,3.93,0.0
20200325:2210,0.0,0.0,0.0,0.0,4.82,3.86,0.0
20200325:2310,0.0,0.0,0.0,0.0,4.03,3.72,0.0
20200326:0010,0.0,0.0,0.0,0.0,3.3,3.66,0.0
20200326:0110,0.0,0.0,0.0,0.0,2.72,3.72,0.0
20200326:0210,0.0,0.0,0.0,0.0,2.26,3.79,0.0
20200326:0310,0.0,0.0,0.0,0.0,1.88,3.86,0.0
20200326:0410,0.0,0.0,0.0,0.0,1.52,3.79,0.0
20200326:0510,0.0,0.0,0.0,0.0,1.15,3.72,0.0
20200326:0610,3.0,21.29,0.0,3.9,0.84,3.66,0.0
20200326:0710,135.0,71.0,0.0,13.73,2.1,3.72,0.0
20200326:0810,289.0,96.0,0.0,23.11,3.68,4.41,0.0
20200326:0910,421.01,116.0,0.0,31.52,4.99,5.17,0.0
20200326:1010,528.01,126.0,0.0,38.28,6.15,5.03,0.0
20200326:1110,592.01,132.0,0.0,42.52,7.32,4.9,0.0
20200326:1210,606.01,133.0,0.0,43.49,8.31,5.03,0.0
20200326:1310,568.01,130.0,0.0,40.97,9.04,5.1,0.0
20200326:1410,496.01,116.0,0.0,35.48,9.48,5.24,0.0
20200326:1510,376.01,100.0,0.0,27.88,9.54,5.1,0.0
20200326:1610,210.0,90.0,0.0,18.95,9.32,4.76,0.0
20200326:1710,72.0,52.0,0.0,9.32,8.76,3.79,0.0
20200326:1810,0.0,0.0,0.0,0.0,7.41,3.1,0.0
20200326:1910,0.0,0.0,0.0,0.0,6.29,2.83,0.0
20200326:2010,0.0,0.0,0.0,0.0,5.28,2.76,0.0
20200326:2110,0.0,0.0,0.0,0.0,4.48,2.76,0.0
20200326:2210,0.0,0.0,0.0,0.0,3.81,2.69,0.0
20200326:2310,0.0,0.0,0.0,0.0,3.55,2.69,0.0
20200327:0010,0.0,0.0,0.0,0.0,3.39,2.69,0.0
20200327:0110,0.0,0.0,0.0,0.0,3.02,2.76,0.0
20200327:0210,0.0,0.0,0.0,0.0,2.39,2.83,0.0
20200327:0310,0.0,0.0,0.0,0.0,1.94,2.76,0.0
20200327:0410,0.0,0.0,0.0,0.0,1.63,2.76,0.0
20200327:0510,0.0,0.0,0.0,0.0,1.37,2.76,0.0
20200327:0610,3.0,23.29,0.0,4.25,1.16,2.62,0.0
20200327:0710,133.0,72.0,0.0,14.08,2.29,2.14,0.0
20200327:0810,280.0,98.0,0.0,23.47,4.59,2.69,0.0
20200327:0910,408.01,119.0,0.0,31.9,6.61,2.97,0.0
20200327:1010,541.01,114.0,0.0,38.67,8.47,3.1,0.0
20200327:1110,590.01,126.0,0.0,42.92,10.1,3.31,0.0
20200327:1210,604.01,127.0,0.0,43.88,11.27,3.59,0.0
20200327:1310,558.01,129.0,0.0,41.33,12.0,3.66,0.0
20200327:1410,480.01,118.0,0.0,35.79,12.64,3.72,0.0
20200327:1510,342.01,114.0,0.0,28.16,12.65,3.72,0.0
20200327:1610,186.0,101.0,0.0,19.21,12.22,3.45,0.0
20200327:1710,52.0,62.0,0.0,9.56,11.61,2.55,0.0
20200327:1810,0.0,0.0,0.0,0.0,10.69,2.14,0.0
20200327:1910,0.0,0.0,0.0,0.0,9.77,2.34,0.0
20200327:2010,0.0,0.0,0.0,0.0,8.94,2.41,0.0
20200327:2110,0.0,0.0,0.0,0.0,8.09,2.55,0.0
20200327:2210,0.0,0.0,0.0,0.0,7.64,2.48,0.0
20200327:2310,0.0,0.0,0.0,0.0,6.88,2.41,0.0
20200328:0010,0.0,0.0,0.0,0.0,5.99,2.34,0.0
20200328:0110,0.0,0.0,0.0,0.0,5.21,2.34,0.0
20200328:0210,0.0,0.0,0.0,0.0,4.53,2.28,0.0
20200328:0310,0.0,0.0,0.0,0.0,3.88,2.21,0.0
20200328:0410,0.0,0.0,0.0,0.0,3.31,2.21,0.0
20200328:0510,0.0,0.0,0.0,0.0,2.89,2.14,0.0
20200328:0610,1.0,21.8,0.0,4.59,2.55,2.0,0.0
20200328:0710,119.0,82.0,0.0,14.43,4.07,1.86,0.0
20200328:0810,253.0,116.0,0.0,23.83,6.81,2.34,0.0
20200328:0910,402.01,124.0,0.0,32.27,8.96,2.48,0.0
20200328:1010,513.01,129.0,0.0,39.06,10.96,2.55,0.0
20200328:1110,582.01,131.0,0.0,43.32,12.65,2.69,0.0
20200328:1210,612.01,123.0,0.0,44.27,13.93,2.83,0.0
20200328:1310,565.01,126.0,0.0,41.68,14.78,3.03,0.0
20200328:1410,480.01,119.0,0.0,36.11,15.23,3.45,0.0
20200328:1510,336.01,119.0,0.0,28.44,15.32,3.93,0.0
20200328:1610,167.0,112.0,0.0,19.47,15.16,4.34,0.0
20200328:1710,53.0,63.0,0.0,9.8,14.38,3.86,0.0
20200328:1810,0.0,0.0,0.0,0.0,13.44,4.34,0.0
20200328:1910,0.0,0.0,0.0,0.0,11.38,6.0,0.0
20200328:2010,0.0,0.0,0.0,0.0,9.9,6.28,0.0
20200328:2110,0.0,0.0,0.0,0.0,8.55,6.34,0.0
20200328:2210,0.0,0.0,0.0,0.0,7.3,6.34,0.0
20200328:2310,0.0,0.0,0.0,0.0,6.26,6.14,0.0
20200329:0010,0.0,0.0,0.0,0.0,5.56,6.21,0.0
20200329:0110,0.0,0.0,0.0,0.0,5.14,6.34,0.0
20200329:0210,0.0,0.0,0.0,0.0,4.46,6.28,0.0
20200329:0310,0.0,0.0,0.0,0.0,4.16,6.41,0.0
20200329:0410,0.0,0.0,0.0,0.0,3.84,6.34,0.0
20200329:0510,0.0,0.0,0.0,0.0,3.66,6.41,0.0
20200329:0610,0.0,15.0,0.0,4.94,3.32,6.21,0.0
20200329:0710,149.0,73.0,0.0,14.78,3.85,6.14,0.0
20200329:0810,141.0,179.0,0.0,24.19,4.53,8.41,0.0
20200329:0910,427.01,119.0,0.0,32.65,5.43,8.07,0.0
20200329:1010,21.0,288.0,0.0,39.45,6.07,7.72,0.0
20200329:1110,0.0,152.0,0.0,43.72,6.8,7.45,0.0
20200329:1210,115.0,362.0,0.0,44.65,7.8,8.07,0.0
20200329:1310,0.0,199.0,0.0,42.03,8.07,8.07,0.0
20200329:1410,0.0,146.0,0.0,36.42,8.14,8.41,0.0
20200329:1510,38.0,229.0,0.0,28.71,7.92,8.07,0.0
20200329:1610,2.0,114.0,0.0,19.72,7.76,7.86,0.0
20200329:1710,15.0,71.0,0.0,10.05,7.2,7.59,0.0
20200329:1810,0.0,0.0,0.0,0.0,6.01,7.52,0.0
20200329:1910,0.0,0.0,0.0,0.0,5.12,6.97,0.0
20200329:2010,0.0,0.0,0.0,0.0,4.41,7.1,0.0
20200329:2110,0.0,0.0,0.0,0.0,3.95,7.1,0.0
20200329:2210,0.0,0.0,0.0,0.0,3.43,6.83,0.0
20200329:2310,0.0,0.0,0.0,0.0,2.98,6.69,0.0
20200330:0010,0.0,0.0,0.0,0.0,2.69,6.62,0.0
20200330:0110,0.0,0.0,0.0,0.0,2.15,6.48,0.0
20200330:0210,0.0,0.0,0.0,0.0,1.55,6.34,0.0
20200330:0310,0.0,0.0,0.0,0.0,1.02,6.34,0.0
20200330:0410,0.0,0.0,0.0,0.0,0.53,6.14,0.0
20200330:0510,0.0,0.0,0.0,0.0,0.04,5.93,0.0
20200330:0610,8.0,32.78,0.0,5.28,-0.34,5.86,0.0
20200330:0710,180.0,65.0,0.0,15.13,0.05,5.52,0.0
20200330:0810,341.01,85.0,0.0,24.55,1.07,6.55,0.0
20200330:0910,472.01,105.0,0.0,33.02,2.49,6.97,0.0
20200330:1010,569.01,120.0,0.0,39.84,3.91,7.03,0.0
20200330:1110,635.01,123.0,0.0,44.12,5.18,7.03,0.0
20200330:1210,630.01,134.0,0.0,45.04,6.26,7.1,0.0
20200330:1310,616.01,118.0,0.0,42.38,7.09,7.24,0.0
20200330:1410,540.01,105.0,0.0,36.73,7.6,7.24,0.0
20200330:1510,407.01,96.0,0.0,28.99,7.88,7.1,0.0
20200330:1610,248.0,82.0,0.0,19.97,7.87,6.83,0.0
20200330:1710,101.0,50.0,0.0,10.29,7.51,5.93,0.0
20200330:1810,0.0,0.0,0.0,0.0,6.59,4.9,0.0
20200330:1910,0.0,0.0,0.0,0.0,6.09,5.1,0.0
20200330:2010,0.0,0.0,0.0,0.0,5.42,4.76,0.0
20200330:2110,0.0,0.0,0.0,0.0,4.77,4.55,0.0
20200330:2210,0.0,0.0,0.0,0.0,4.16,4.48,0.0
20200330:2310,0.0,0.0,0.0,0.0,3.63,4.34,0.0
20200331:0010,0.0,0.0,0.0,0.0,3.12,3.93,0.0
20200331:0110,0.0,0.0,0.0,0.0,2.62,3.66,0.0
20200331:0210,0.0,0.0,0.0,0.0,2.15,3.52,0.0
20200331:0310,0.0,0.0,0.0,0.0,1.74,3.45,0.0
20200331:0410,0.0,0.0,0.0,0.0,1.41,3.38,0.0
20200331:0510,0.0,0.0,0.0,0.0,1.13,3.31,0.0
20200331:0610,7.0,35.07,0.0,5.63,0.99,3.38,0.0
20200331:0710,171.0,71.0,0.0,15.47,2.47,3.45,0.0
20200331:0810,316.0,98.0,0.0,24.9,4.47,4.55,0.0
20200331:0910,411.01,139.0,0.0,33.39,6.22,4.55,0.0
20200331:1010,333.01,253.0,0.0,40.23,7.7,4.69,0.0
20200331:1110,222.0,339.0,0.0,44.52,8.84,5.24,0.0
20200331:1210,202.0,353.0,0.0,45.42,9.42,5.45,0.0
20200331:1310,504.01,182.0,0.0,42.73,9.6,5.38,0.0
20200331:1410,454.01,152.0,0.0,37.04,9.6,5.17,0.0
20200331:1510,391.01,104.0,0.0,29.26,9.74,5.17,0.0
20200331:1610,235.0,88.0,0.0,20.22,9.56,5.17,0.0
20200331:1710,95.0,53.0,0.0,10.53,9.19,4.62,0.0
20200331:1810,0.0,0.0,0.0,0.0,8.14,4.21,0.0
20200331:1910,0.0,0.0,0.0,0.0,7.52,3.86,0.0
20200331:2010,0.0,0.0,0.0,0.0,6.47,3.86,0.0
20200331:2110,0.0,0.0,0.0,0.0,5.55,3.59,0.0
20200331:2210,0.0,0.0,0.0,0.0,4.67,3.38,0.0
20200331:2310,0.0,0.0,0.0,0.0,3.86,3.17,0.0
20200401:0010,0.0,0.0,0.0,0.0,3.11,2.97,0.0
20200401:0110,0.0,0.0,0.0,0.0,2.39,2.83,0.0
20200401:0210,0.0,0.0,0.0,0.0,1.75,2.76,0.0
20200401:0310,0.0,0.0,0.0,0.0,1.15,2.69,0.0
20200401:0410,0.0,0.0,0.0,0.0,0.63,2.62,0.0
20200401:0510,0.0,0.0,0.0,0.0,0.13,2.48,0.0
20200401:0610,27.0,38.0,0.0,5.97,-0.14,2.34,0.0
20200401:0710,153.0,85.0,0.0,15.82,1.5,2.21,0.0
20200401:0810,300.0,113.0,0.0,25.26,3.94,2.62,0.0
20200401:0910,422.01,140.0,0.0,33.76,6.11,2.62,0.0
20200401:1010,532.01,147.0,0.0,40.62,8.06,2.76,0.0
20200401:1110,558.01,175.0,0.0,44.91,9.33,2.97,0.0
20200401:1210,581.01,170.0,0.0,45.8,10.15,2.76,0.0
20200401:1310,534.01,171.0,0.0,43.08,10.77,2.69,0.0
20200401:1410,482.01,142.0,0.0,37.35,11.16,2.62,0.0
20200401:1510,377.01,117.0,0.0,29.54,11.24,2.69,0.0
20200401:1610,225.0,99.0,0.0,20.47,11.03,2.9,0.0
20200401:1710,85.0,62.0,0.0,10.77,10.44,2.55,0.0
20200401:1810,0.0,0.0,0.0,0.0,8.99,2.21,0.0
20200401:1910,0.0,0.0,0.0,0.0,7.46,2.62,0.0
20200401:2010,0.0,0.0,0.0,0.0,6.22,2.76,0.0
20200401:2110,0.0,0.0,0.0,0.0,5.28,2.9,0.0
20200401:2210,0.0,0.0,0.0,0.0,4.53,2.97,0.0
20200401:2310,0.0,0.0,0.0,0.0,3.82,3.1,0.0
20200402:0010,0.0,0.0,0.0,0.0,3.12,3.03,0.0
20200402:0110,0.0,0.0,0.0,0.0,2.43,2.83,0.0
20200402:0210,0.0,0.0,0.0,0.0,1.77,2.69,0.0
20200402:0310,0.0,0.0,0.0,0.0,1.19,2.62,0.0
20200402:0410,0.0,0.0,0.0,0.0,0.68,2.55,0.0
20200402:0510,0.0,0.0,0.0,0.0,0.25,2.48,0.0
20200402:0610,27.0,41.0,0.0,6.31,0.04,2.28,0.0
20200402:0710,158.0,85.0,0.0,16.16,1.47,1.93,0.0
20200402:0810,312.0,109.0,0.0,25.61,3.85,2.34,0.0
20200402:0910,439.01,131.0,0.0,34.13,5.96,2.48,0.0
20200402:1010,466.01,188.0,0.0,41.01,7.47,2.62,0.0
20200402:1110,479.01,223.0,0.0,45.3,8.44,2.34,0.0
20200402:1210,432.01,257.0,0.0,46.18,8.9,2.34,0.0
20200402:1310,317.01,291.0,0.0,43.42,9.19,2.62,0.0
20200402:1410,414.01,183.0,0.0,37.65,9.32,2.83,0.0
20200402:1510,307.0,158.0,0.0,29.81,9.21,2.9,0.0
20200402:1610,204.0,112.0,0.0,20.72,9.01,2.97,0.0
20200402:1710,40.0,80.0,0.0,11.0,8.86,2.69,0.0
20200402:1810,0.0,0.0,0.0,0.0,8.51,1.72,0.0
20200402:1910,0.0,0.0,0.0,0.0,7.96,2.34,0.0
20200402:2010,0.0,0.0,0.0,0.0,7.47,2.48,0.0
20200402:2110,0.0,0.0,0.0,0.0,7.06,2.48,0.0
20200402:2210,0.0,0.0,0.0,0.0,6.37,2.28,0.0
20200402:2310,0.0,0.0,0.0,0.0,5.88,2.21,0.0
20200403:0010,0.0,0.0,0.0,0.0,5.87,2.21,0.0
20200403:0110,0.0,0.0,0.0,0.0,5.92,2.34,0.0
20200403:0210,0.0,0.0,0.0,0.0,5.79,2.34,0.0
20200403:0310,0.0,0.0,0.0,0.0,5.72,2.34,0.0
20200403:0410,0.0,0.0,0.0,0.0,5.75,2.28,0.0
20200403:0510,0.0,0.0,0.0,0.0,5.66,2.28,0.0
20200403:0610,10.0,44.0,0.0,6.65,5.6,2.28,0.0
20200403:0710,129.0,102.0,0.0,16.5,6.56,2.21,0.0
20200403:0810,63.0,210.0,0.0,25.96,8.11,3.17,0.0
20200403:0910,116.0,280.0,0.0,34.5,9.59,2.76,0.0
20200403:1010,45.0,321.0,0.0,41.39,10.16,2.48,0.0
20200403:1110,0.0,201.0,0.0,45.69,11.27,2.48,0.0
20200403:1210,0.0,72.0,0.0,46.56,12.07,2.41,0.0
20200403:1310,0.0,154.0,0.0,43.77,12.59,2.41,0.0
20200403:1410,1.0,204.0,0.0,37.95,12.73,2.41,0.0
20200403:1510,131.0,236.0,0.0,30.08,12.41,2.48,0.0
20200403:1610,13.0,150.0,0.0,20.97,12.06,2.55,0.0
20200403:1710,2.0,61.0,0.0,11.24,11.68,2.14,0.0
20200403:1810,0.0,0.0,0.0,0.0,10.77,1.52,0.0
20200403:1910,0.0,0.0,0.0,0.0,10.09,1.38,0.0
20200403:2010,0.0,0.0,0.0,0.0,8.8,1.38,0.0
20200403:2110,0.0,0.0,0.0,0.0,7.79,1.31,0.0
20200403:2210,0.0,0.0,0.0,0.0,7.74,1.03,0.0
20200403:2310,0.0,0.0,0.0,0.0,7.98,0.83,0.0
20200404:0010,0.0,0.0,0.0,0.0,7.33,0.9,0.0
20200404:0110,0.0,0.0,0.0,0.0,4.99,1.31,0.0
20200404:0210,0.0,0.0,0.0,0.0,3.55,1.66,0.0
20200404:0310,0.0,0.0,0.0,0.0,3.08,1.59,0.0
20200404:0410,0.0,0.0,0.0,0.0,2.67,1.59,0.0
20200404:0510,0.0,0.0,0.0,0.0,2.0,1.72,0.0
20200404:0610,34.0,45.0,0.0,6.98,1.81,1.72,0.0
20200404:0710,163.0,88.0,0.0,16.84,5.97,1.03,0.0
20200404:0810,299.0,121.0,0.0,26.31,9.32,1.59,0.0
20200404:0910,425.01,143.0,0.0,34.87,11.23,2.0,0.0
20200404:1010,533.01,150.0,0.0,41.77,13.17,2.28,0.0
20200404:1110,569.01,171.0,0.0,46.08,14.65,2.55,0.0
20200404:1210,602.01,158.0,0.0,46.93,15.46,2.83,0.0
20200404:1310,553.01,161.0,0.0,44.11,15.52,2.9,0.0
20200404:1410,491.01,138.0,0.0,38.26,15.74,3.1,0.0
20200404:1510,383.01,117.0,0.0,30.34,15.62,3.24,0.0
20200404:1610,231.0,100.0,0.0,21.21,15.56,3.31,0.0
20200404:1710,93.0,64.0,0.0,11.48,14.85,2.9,0.0
20200404:1810,0.0,3.0,0.0,1.58,13.15,2.9,0.0
20200404:1910,0.0,0.0,0.0,0.0,11.52,2.9,0.0
20200404:2010,0.0,0.0,0.0,0.0,10.29,3.03,0.0
20200404:2110,0.0,0.0,0.0,0.0,9.37,3.17,0.0
20200404:2210,0.0,0.0,0.0,0.0,8.62,3.17,0.0
20200404:2310,0.0,0.0,0.0,0.0,7.98,3.17,0.0
20200405:0010,0.0,0.0,0.0,0.0,7.45,3.17,0.0
20200405:0110,0.0,0.0,0.0,0.0,6.93,3.17,0.0
20200405:0210,0.0,0.0,0.0,0.0,6.43,3.1,0.0
20200405:0310,0.0,0.0,0.0,0.0,5.92,2.97,0.0
20200405:0410,0.0,0.0,0.0,0.0,5.39,2.9,0.0
20200405:0510,0.0,0.0,0.0,0.0,4.88,2.76,0.0
20200405:0610,48.0,43.0,0.0,7.32,4.77,2.62,0.0
20200405:0710,189.0,81.0,0.0,17.18,6.8,2.21,0.0
20200405:0810,336.0,108.0,0.0,26.66,10.02,2.62,0.0
20200405:0910,459.01,132.0,0.0,35.23,12.67,2.83,0.0
20200405:1010,551.01,150.0,0.0,42.15,14.99,2.9,0.0
20200405:1110,599.01,163.0,0.0,46.47,16.93,3.1,0.0
20200405:1210,598.01,172.0,0.0,47.31,18.41,3.38,0.0
20200405:1310,571.01,160.0,0.0,44.45,19.41,3.72,0.0
20200405:1410,498.01,144.0,0.0,38.55,19.91,4.0,0.0
20200405:1510,379.01,127.0,0.0,30.61,19.92,4.14,0.0
20200405:1610,234.0,104.0,0.0,21.46,19.56,3.86,0.0
20200405:1710,99.0,65.0,0.0,11.71,18.52,3.38,0.0
20200405:1810,0.0,6.0,0.0,1.82,16.48,3.38,0.0
20200405:1910,0.0,0.0,0.0,0.0,15.16,3.17,0.0
20200405:2010,0.0,0.0,0.0,0.0,13.76,3.17,0.0
20200405:2110,0.0,0.0,0.0,0.0,12.67,3.1,0.0
20200405:2210,0.0,0.0,0.0,0.0,11.84,3.17,0.0
20200405:2310,0.0,0.0,0.0,0.0,11.28,3.31,0.0
20200406:0010,0.0,0.0,0.0,0.0,11.02,3.52,0.0
20200406:0110,0.0,0.0,0.0,0.0,10.83,3.72,0.0
20200406:0210,0.0,0.0,0.0,0.0,10.35,3.79,0.0
20200406:0310,0.0,0.0,0.0,0.0,9.7,3.79,0.0
20200406:0410,0.0,0.0,0.0,0.0,9.12,3.72,0.0
20200406:0510,0.0,0.0,0.0,0.0,8.59,3.66,0.0
20200406:0610,37.0,49.0,0.0,7.65,8.53,3.66,0.0
20200406:0710,163.0,92.0,0.0,17.52,9.98,3.38,0.0
20200406:0810,291.0,128.0,0.0,27.01,12.09,4.0,0.0
20200406:0910,114.0,284.0,0.0,35.59,13.84,4.76,0.0
20200406:1010,0.0,120.0,0.0,42.53,14.4,5.03,0.0
20200406:1110,0.0,136.0,0.0,46.86,14.28,4.62,0.0
20200406:1210,0.0,112.0,0.0,47.68,13.97,4.28,0.0
20200406:1310,0.0,114.0,0.0,44.79,13.8,3.66,0.0
20200406:1410,0.0,186.0,0.0,38.85,13.94,3.1,0.0
20200406:1510,59.0,246.0,0.0,30.87,14.02,2.9,0.0
20200406:1610,21.0,161.0,0.0,21.7,14.23,2.83,0.0
20200406:1710,0.0,51.0,0.0,11.94,14.3,2.34,0.0
20200406:1810,0.0,1.0,0.0,2.05,13.72,1.45,0.0
20200406:1910,0.0,0.0,0.0,0.0,12.25,1.1,0.0
20200406:2010,0.0,0.0,0.0,0.0,11.72,0.76,0.0
20200406:2110,0.0,0.0,0.0,0.0,11.45,0.34,0.0
20200406:2210,0.0,0.0,0.0,0.0,11.18,0.34,0.0
20200406:2310,0.0,0.0,0.0,0.0,10.94,0.62,0.0
20200407:0010,0.0,0.0,0.0,0.0,10.68,1.38,0.0
20200407:0110,0.0,0.0,0.0,0.0,10.77,1.72,0.0
20200407:0210,0.0,0.0,0.0,0.0,10.67,1.79,0.0
20200407:0310,0.0,0.0,0.0,0.0,10.65,1.66,0.0
20200407:0410,0.0,0.0,0.0,0.0,10.56,1.72,0.0
20200407:0510,0.0,0.0,0.0,0.0,10.46,1.86,0.0
20200407:0610,0.0,36.0,0.0,7.98,10.51,1.93,0.0
20200407:0710,2.0,99.0,0.0,17.85,10.92,2.14,0.0
20200407:0810,56.0,218.0,0.0,27.35,12.55,2.62,0.0
20200407:0910,195.0,263.0,0.0,35.95,14.32,2.9,0.0
20200407:1010,362.01,250.0,0.0,42.91,16.07,3.17,0.0
20200407:1110,551.01,180.0,0.0,47.24,17.45,3.38,0.0
20200407:1210,594.01,161.0,0.0,48.05,18.63,3.52,0.0
20200407:1310,584.01,141.0,0.0,45.12,19.66,3.45,0.0
20200407:1410,484.01,141.0,0.0,39.15,20.35,3.17,0.0
20200407:1510,372.01,123.0,0.0,31.14,20.65,3.03,0.0
20200407:1610,110.0,160.0,0.0,21.94,20.57,2.97,0.0
20200407:1710,77.0,76.0,0.0,12.18,19.86,2.34,0.0
20200407:1810,0.0,10.0,0.0,2.29,18.12,2.48,0.0
20200407:1910,0.0,0.0,0.0,0.0,16.83,2.41,0.0
20200407:2010,0.0,0.0,0.0,0.0,15.47,2.48,0.0
20200407:2110,0.0,0.0,0.0,0.0,14.53,2.55,0.0
20200407:2210,0.0,0.0,0.0,0.0,13.83,2.62,0.0
20200407:2310,0.0,0.0,0.0,0.0,12.99,2.62,0.0
20200408:0010,0.0,0.0,0.0,0.0,12.04,2.62,0.0
20200408:0110,0.0,0.0,0.0,0.0,11.16,2.48,0.0
20200408:0210,0.0,0.0,0.0,0.0,10.23,2.28,0.0
20200408:0310,0.0,0.0,0.0,0.0,9.29,2.21,0.0
20200408:0410,0.0,0.0,0.0,0.0,8.41,2.07,0.0
20200408:0510,0.0,0.0,0.0,0.0,7.67,2.07,0.0
20200408:0610,39.0,54.0,0.0,8.31,7.42,1.86,0.0
20200408:0710,181.0,91.0,0.0,18.18,10.6,1.03,0.0
20200408:0810,328.0,115.0,0.0,27.69,13.64,0.62,0.0
20200408:0910,443.01,141.0,0.0,36.31,16.36,0.21,0.0
20200408:1010,551.01,147.0,0.0,43.28,18.59,0.48,0.0
20200408:1110,609.01,152.0,0.0,47.63,20.23,1.03,0.0
20200408:1210,629.01,147.0,0.0,48.42,21.4,1.17,0.0
20200408:1310,589.01,144.0,0.0,45.46,22.12,1.24,0.0
20200408:1410,504.01,136.0,0.0,39.44,22.27,1.1,0.0
20200408:1510,370.0,130.0,0.0,31.4,22.03,0.69,0.0
20200408:1610,249.0,97.0,0.0,22.18,21.74,0.34,0.0
20200408:1710,116.0,62.0,0.0,12.41,21.28,0.76,0.0
20200408:1810,0.0,12.0,0.0,2.52,19.39,1.17,0.0
20200408:1910,0.0,0.0,0.0,0.0,19.88,0.41,0.0
20200408:2010,0.0,0.0,0.0,0.0,18.77,0.28,0.0
20200408:2110,0.0,0.0,0.0,0.0,17.72,0.28,0.0
20200408:2210,0.0,0.0,0.0,0.0,16.8,0.55,0.0
20200408:2310,0.0,0.0,0.0,0.0,15.92,0.55,0.0
20200409:0010,0.0,0.0,0.0,0.0,15.13,0.62,0.0
20200409:0110,0.0,0.0,0.0,0.0,14.26,0.62,0.0
20200409:0210,0.0,0.0,0.0,0.0,13.48,0.69,0.0
20200409:0310,0.0,0.0,0.0,0.0,12.74,0.69,0.0
20200409:0410,0.0,0.0,0.0,0.0,12.23,0.48,0.0
20200409:0510,0.0,0.0,0.0,0.0,11.84,0.41,0.0
20200409:0610,50.0,54.0,0.0,8.64,11.48,0.62,0.0
20200409:0710,178.0,97.0,0.0,18.51,10.93,0.34,0.0
20200409:0810,325.0,122.0,0.0,28.03,14.93,0.21,0.0
20200409:0910,461.01,136.0,0.0,36.66,17.88,0.34,0.0
20200409:1010,561.01,147.0,0.0,43.65,20.09,0.69,0.0
20200409:1110,629.01,146.0,0.0,48.01,21.57,1.03,0.0
20200409:1210,629.01,153.0,0.0,48.79,22.45,1.52,0.0
20200409:1310,545.01,177.0,0.0,45.79,22.81,1.79,0.0
20200409:1410,355.01,228.0,0.0,39.73,22.92,1.93,0.0
20200409:1510,331.0,158.0,0.0,31.66,22.85,2.0,0.0
20200409:1610,235.0,109.0,0.0,22.42,22.5,2.0,0.0
20200409:1710,90.0,76.0,0.0,12.64,21.57,1.66,0.0
20200409:1810,0.0,13.0,0.0,2.75,19.83,2.28,0.0
20200409:1910,0.0,0.0,0.0,0.0,18.3,2.69,0.0
20200409:2010,0.0,0.0,0.0,0.0,16.33,2.69,0.0
20200409:2110,0.0,0.0,0.0,0.0,14.93,2.76,0.0
20200409:2210,0.0,0.0,0.0,0.0,13.89,2.9,0.0
20200409:2310,0.0,0.0,0.0,0.0,13.11,2.9,0.0
20200410:0010,0.0,0.0,0.0,0.0,12.49,2.83,0.0
20200410:0110,0.0,0.0,0.0,0.0,11.91,2.69,0.0
20200410:0210,0.0,0.0,0.0,0.0,11.28,2.62,0.0
20200410:0310,0.0,0.0,0.0,0.0,10.62,2.48,0.0
20200410:0410,0.0,0.0,0.0,0.0,9.96,2.34,0.0
20200410:0510,0.0,0.0,0.0,0.0,9.31,2.28,0.0
20200410:0610,46.0,58.0,0.0,8.96,9.06,1.93,0.0
20200410:0710,179.0,100.0,0.0,18.84,11.66,1.52,0.0
20200410:0810,336.0,119.0,0.0,28.37,14.28,1.52,0.0
20200410:0910,474.01,132.0,0.0,37.01,16.68,1.38,0.0
20200410:1010,583.01,138.0,0.0,44.02,18.92,1.38,0.0
20200410:1110,643.01,142.0,0.0,48.38,20.89,1.45,0.0
20200410:1210,644.01,147.0,0.0,49.15,22.32,1.66,0.0
20200410:1310,603.01,144.0,0.0,46.12,22.88,2.07,0.0
20200410:1410,524.01,133.0,0.0,40.02,22.83,1.93,0.0
20200410:1510,395.01,123.0,0.0,31.91,22.71,1.66,0.0
20200410:1610,234.0,112.0,0.0,22.66,22.54,1.38,0.0
20200410:1710,96.0,76.0,0.0,12.87,21.67,1.03,0.0
20200410:1810,0.0,15.0,0.0,2.98,19.98,1.45,0.0
20200410:1910,0.0,0.0,0.0,0.0,17.61,2.34,0.0
20200410:2010,0.0,0.0,0.0,0.0,15.61,2.48,0.0
20200410:2110,0.0,0.0,0.0,0.0,14.26,2.55,0.0
20200410:2210,0.0,0.0,0.0,0.0,13.38,2.62,0.0
20200410:2310,0.0,0.0,0.0,0.0,12.6,2.62,0.0
20200411:0010,0.0,0.0,0.0,0.0,12.05,2.48,0.0
20200411:0110,0.0,0.0,0.0,0.0,11.36,2.41,0.0
20200411:0210,0.0,0.0,0.0,0.0,10.57,2.21,0.0
20200411:0310,0.0,0.0,0.0,0.0,9.88,1.93,0.0
20200411:0410,0.0,0.0,0.0,0.0,9.06,1.79,0.0
20200411:0510,0.0,0.0,0.0,0.0,8.56,1.72,0.0
20200411:0610,18.0,66.0,0.0,9.29,8.99,1.38,0.0
20200411:0710,41.0,150.0,0.0,19.16,11.95,0.41,0.0
20200411:0810,83.0,231.0,0.0,28.7,14.22,0.14,0.0
20200411:0910,271.0,247.0,0.0,37.36,15.88,0.14,0.0
20200411:1010,471.01,207.0,0.0,44.39,17.4,0.34,0.0
20200411:1110,440.01,264.0,0.0,48.76,19.92,0.55,0.0
20200411:1210,646.01,147.0,0.0,49.51,21.6,0.62,0.0
20200411:1310,306.0,312.0,0.0,46.44,22.71,0.14,0.0
20200411:1410,308.0,257.0,0.0,40.31,22.81,1.59,0.0
20200411:1510,329.0,164.0,0.0,32.17,22.44,2.41,0.0
20200411:1610,195.0,135.0,0.0,22.89,21.7,2.14,0.0
20200411:1710,92.0,80.0,0.0,13.09,20.66,1.66,0.0
20200411:1810,3.0,16.33,0.0,3.21,19.33,1.52,0.0
20200411:1910,0.0,0.0,0.0,0.0,18.29,2.14,0.0
20200411:2010,0.0,0.0,0.0,0.0,15.69,2.34,0.0
20200411:2110,0.0,0.0,0.0,0.0,14.02,2.21,0.0
20200411:2210,0.0,0.0,0.0,0.0,13.08,1.93,0.0
20200411:2310,0.0,0.0,0.0,0.0,12.38,1.86,0.0
20200412:0010,0.0,0.0,0.0,0.0,11.76,1.72,0.0
20200412:0110,0.0,0.0,0.0,0.0,11.34,1.59,0.0
20200412:0210,0.0,0.0,0.0,0.0,11.2,1.38,0.0
20200412:0310,0.0,0.0,0.0,0.0,10.53,1.38,0.0
20200412:0410,0.0,0.0,0.0,0.0,9.73,1.38,0.0
20200412:0510,0.0,0.0,0.0,0.0,9.24,1.38,0.0
20200412:0610,29.0,68.0,0.0,9.6,9.54,1.1,0.0
20200412:0710,93.0,145.0,0.0,19.48,11.77,0.55,0.0
20200412:0810,310.0,140.0,0.0,29.03,15.08,1.03,0.0
20200412:0910,471.01,138.0,0.0,37.71,17.43,1.59,0.0
20200412:1010,528.01,174.0,0.0,44.75,19.39,2.07,0.0
20200412:1110,603.01,169.0,0.0,49.13,20.91,2.41,0.0
20200412:1210,411.01,286.0,0.0,49.87,22.13,2.69,0.0
20200412:1310,48.0,352.0,0.0,46.77,22.76,3.1,0.0
20200412:1410,16.0,279.0,0.0,40.59,22.77,3.1,0.0
20200412:1510,355.0,150.0,0.0,32.42,22.19,2.62,0.0
20200412:1610,196.0,136.0,0.0,23.13,21.58,1.86,0.0
20200412:1710,67.0,91.0,0.0,13.32,21.08,0.69,0.0
20200412:1810,2.0,15.61,0.0,3.44,19.56,0.9,0.0
20200412:1910,0.0,0.0,0.0,0.0,16.89,2.14,0.0
20200412:2010,0.0,0.0,0.0,0.0,14.9,2.34,0.0
20200412:2110,0.0,0.0,0.0,0.0,13.65,2.41,0.0
20200412:2210,0.0,0.0,0.0,0.0,12.61,2.34,0.0
20200412:2310,0.0,0.0,0.0,0.0,11.68,2.34,0.0
20200413:0010,0.0,0.0,0.0,0.0,10.85,2.28,0.0
20200413:0110,0.0,0.0,0.0,0.0,10.08,2.21,0.0
20200413:0210,0.0,0.0,0.0,0.0,9.27,2.14,0.0
20200413:0310,0.0,0.0,0.0,0.0,8.46,1.93,0.0
20200413:0410,0.0,0.0,0.0,0.0,8.13,1.66,0.0
20200413:0510,0.0,0.0,0.0,0.0,8.31,1.24,0.0
20200413:0610,63.0,61.0,0.0,9.92,7.57,1.59,0.0
20200413:0710,207.0,94.0,0.0,19.8,11.42,3.17,0.0
20200413:0810,326.0,133.0,0.0,29.36,13.36,4.76,0.0
20200413:0910,416.01,174.0,0.0,38.05,15.05,5.86,0.0
20200413:1010,370.01,266.0,0.0,45.11,16.28,6.41,0.0
20200413:1110,606.01,169.0,0.0,49.5,16.78,6.76,0.0
20200413:1210,658.01,144.0,0.0,50.23,17.09,7.03,0.0
20200413:1310,625.01,136.0,0.0,47.09,17.07,7.1,0.0
20200413:1410,536.01,131.0,0.0,40.87,16.8,7.17,0.0
20200413:1510,405.0,123.0,0.0,32.67,16.12,7.17,0.0
20200413:1610,254.0,106.0,0.0,23.36,15.24,7.03,0.0
20200413:1710,106.0,77.0,0.0,13.55,14.15,6.55,0.0
20200413:1810,6.0,19.55,0.0,3.67,12.87,6.14,0.0
20200413:1910,0.0,0.0,0.0,0.0,10.85,6.0,0.0
20200413:2010,0.0,0.0,0.0,0.0,9.74,5.93,0.0
20200413:2110,0.0,0.0,0.0,0.0,8.69,5.93,0.0
20200413:2210,0.0,0.0,0.0,0.0,7.81,5.72,0.0
20200413:2310,0.0,0.0,0.0,0.0,7.02,5.52,0.0
20200414:0010,0.0,0.0,0.0,0.0,6.3,5.24,0.0
20200414:0110,0.0,0.0,0.0,0.0,5.56,4.76,0.0
20200414:0210,0.0,0.0,0.0,0.0,4.87,4.34,0.0
20200414:0310,0.0,0.0,0.0,0.0,4.25,4.48,0.0
20200414:0410,0.0,0.0,0.0,0.0,3.71,4.62,0.0
20200414:0510,0.0,0.0,0.0,0.0,3.24,4.55,0.0
20200414:0610,85.0,56.0,0.0,10.23,3.3,4.21,0.0
20200414:0710,229.0,92.0,0.0,20.12,3.89,4.62,0.0
20200414:0810,381.0,114.0,0.0,29.68,5.39,4.76,0.0
20200414:0910,518.01,128.0,0.0,38.39,7.04,4.9,0.0
20200414:1010,622.01,137.0,0.0,45.47,8.45,5.17,0.0
20200414:1110,673.01,145.0,0.0,49.87,9.61,5.17,0.0
20200414:1210,682.01,146.0,0.0,50.58,10.58,5.03,0.0
20200414:1310,640.01,143.0,0.0,47.41,11.35,4.76,0.0
20200414:1410,558.01,132.0,0.0,41.15,11.89,4.62,0.0
20200414:1510,437.01,117.0,0.0,32.92,12.15,4.48,0.0
20200414:1610,282.0,100.0,0.0,23.59,12.11,4.55,0.0
20200414:1710,133.0,70.0,0.0,13.77,11.71,4.48,0.0
20200414:1810,13.0,18.91,0.0,3.9,10.84,3.72,0.0
20200414:1910,0.0,0.0,0.0,0.0,9.66,3.38,0.0
20200414:2010,0.0,0.0,0.0,0.0,8.61,3.24,0.0
20200414:2110,0.0,0.0,0.0,0.0,7.79,3.38,0.0
20200414:2210,0.0,0.0,0.0,0.0,7.16,3.52,0.0
20200414:2310,0.0,0.0,0.0,0.0,6.61,3.52,0.0
20200415:0010,0.0,0.0,0.0,0.0,6.13,3.38,0.0
20200415:0110,0.0,0.0,0.0,0.0,5.71,3.45,0.0
20200415:0210,0.0,0.0,0.0,0.0,5.36,3.45,0.0
20200415:0310,0.0,0.0,0.0,0.0,4.98,3.31,0.0
20200415:0410,0.0,0.0,0.0,0.0,4.59,3.31,0.0
20200415:0510,0.0,0.0,0.0,0.0,4.21,3.24,0.0
20200415:0610,87.0,58.0,0.0,10.54,4.47,3.1,0.0
20200415:0710,232.0,92.0,0.0,20.43,6.25,3.03,0.0
20200415:0810,388.0,113.0,0.0,30.0,8.27,3.66,0.0
20200415:0910,526.01,126.0,0.0,38.72,10.28,3.86,0.0
20200415:1010,631.01,133.0,0.0,45.82,12.25,4.07,0.0
20200415:1110,691.01,137.0,0.0,50.23,14.09,4.21,0.0
20200415:1210,700.01,137.0,0.0,50.93,15.64,4.14,0.0
20200415:1310,648.01,139.0,0.0,47.73,16.82,4.07,0.0
20200415:1410,566.01,128.0,0.0,41.43,17.59,4.0,0.0
20200415:1510,443.01,115.0,0.0,33.17,17.93,4.0,0.0
20200415:1610,295.0,95.0,0.0,23.82,17.86,3.93,0.0
20200415:1710,142.0,67.0,0.0,13.99,17.29,3.1,0.0
20200415:1810,16.0,19.24,0.0,4.13,15.74,2.69,0.0
20200415:1910,0.0,0.0,0.0,0.0,14.82,2.76,0.0
20200415:2010,0.0,0.0,0.0,0.0,13.12,2.69,0.0
20200415:2110,0.0,0.0,0.0,0.0,11.96,2.69,0.0
20200415:2210,0.0,0.0,0.0,0.0,11.07,2.55,0.0
20200415:2310,0.0,0.0,0.0,0.0,10.41,2.55,0.0
20200416:0010,0.0,0.0,0.0,0.0,9.96,2.62,0.0
20200416:0110,0.0,0.0,0.0,0.0,9.8,2.76,0.0
20200416:0210,0.0,0.0,0.0,0.0,9.84,2.97,0.0
20200416:0310,0.0,0.0,0.0,0.0,9.91,2.97,0.0
20200416:0410,0.0,0.0,0.0,0.0,9.71,2.83,0.0
20200416:0510,0.0,0.0,0.0,0.0,9.54,2.83,0.0
20200416:0610,57.0,72.0,0.0,10.85,10.05,2.9,0.0
20200416:0710,210.0,101.0,0.0,20.74,12.26,2.55,0.0
20200416:0810,324.0,143.0,0.0,30.32,14.56,2.9,0.0
20200416:0910,506.01,129.0,0.0,39.06,16.46,3.66,0.0
20200416:1010,608.01,137.0,0.0,46.18,17.9,3.72,0.0
20200416:1110,658.01,144.0,0.0,50.6,18.95,2.76,0.0
20200416:1210,666.01,145.0,0.0,51.28,19.94,2.14,0.0
20200416:1310,606.01,152.0,0.0,48.04,20.57,1.86,0.0
20200416:1410,491.01,163.0,0.0,41.71,20.92,1.38,0.0
20200416:1510,393.0,135.0,0.0,33.41,21.23,1.66,0.0
20200416:1610,89.0,186.0,0.0,24.05,21.15,1.79,0.0
20200416:1710,46.0,105.0,0.0,14.22,20.87,1.66,0.0
20200416:1810,0.0,14.0,0.0,4.35,19.91,1.45,0.0
20200416:1910,0.0,0.0,0.0,0.0,19.06,0.69,0.0
20200416:2010,0.0,0.0,0.0,0.0,18.3,0.76,0.0
20200416:2110,0.0,0.0,0.0,0.0,17.09,0.48,0.0
20200416:2210,0.0,0.0,0.0,0.0,16.22,0.21,0.0
20200416:2310,0.0,0.0,0.0,0.0,15.24,0.83,0.0
20200417:0010,0.0,0.0,0.0,0.0,12.87,1.45,0.0
20200417:0110,0.0,0.0,0.0,0.0,12.07,1.66,0.0
20200417:0210,0.0,0.0,0.0,0.0,11.35,1.79,0.0
20200417:0310,0.0,0.0,0.0,0.0,10.88,1.72,0.0
20200417:0410,0.0,0.0,0.0,0.0,10.85,1.72,0.0
20200417:0510,0.0,1.0,0.0,1.37,10.55,1.66,0.0
20200417:0610,4.0,65.0,0.0,11.15,11.29,1.17,0.0
20200417:0710,83.0,159.0,0.0,21.04,13.51,0.76,0.0
20200417:0810,288.0,164.0,0.0,30.63,15.99,1.03,0.0
20200417:0910,490.01,136.0,0.0,39.39,17.6,1.59,0.0
20200417:1010,567.01,159.0,0.0,46.52,18.84,2.21,0.0
20200417:1110,418.01,283.0,0.0,50.95,19.75,2.07,0.0
20200417:1210,78.0,389.0,0.0,51.63,20.65,1.93,0.0
20200417:1310,287.0,326.0,0.0,48.35,21.32,2.07,0.0
20200417:1410,312.0,261.0,0.0,41.98,21.59,2.07,0.0
20200417:1510,172.0,247.0,0.0,33.66,21.81,2.28,0.0
20200417:1610,0.0,92.0,0.0,24.28,21.63,2.28,0.0
20200417:1710,8.0,95.0,0.0,14.44,21.22,2.14,0.0
20200417:1810,1.0,21.8,0.0,4.58,19.93,2.41,0.0
20200417:1910,0.0,0.0,0.0,0.0,18.69,2.0,0.0
20200417:2010,0.0,0.0,0.0,0.0,16.95,2.21,0.0
20200417:2110,0.0,0.0,0.0,0.0,15.75,2.34,0.0
20200417:2210,0.0,0.0,0.0,0.0,15.06,2.21,0.0
20200417:2310,0.0,0.0,0.0,0.0,14.72,2.21,0.0
20200418:0010,0.0,0.0,0.0,0.0,14.58,2.14,0.0
20200418:0110,0.0,0.0,0.0,0.0,14.26,2.07,0.0
20200418:0210,0.0,0.0,0.0,0.0,14.06,2.07,0.0
20200418:0310,0.0,0.0,0.0,0.0,13.73,1.93,0.0
20200418:0410,0.0,0.0,0.0,0.0,13.59,2.14,0.0
20200418:0510,0.0,6.0,0.0,1.67,13.48,2.07,0.0
20200418:0610,98.0,59.0,0.0,11.45,13.39,1.86,0.0
20200418:0710,246.0,89.0,0.0,21.34,14.47,2.9,0.0
20200418:0810,395.0,108.0,0.0,30.94,15.76,3.86,0.0
20200418:0910,521.01,123.0,0.0,39.71,17.21,4.07,0.0
20200418:1010,517.01,192.0,0.0,46.87,18.33,3.24,0.0
20200418:1110,637.01,156.0,0.0,51.31,19.2,2.69,0.0
20200418:1210,554.01,213.0,0.0,51.97,19.75,2.55,0.0
20200418:1310,548.01,188.0,0.0,48.66,20.33,2.55,0.0
20200418:1410,119.0,330.0,0.0,42.25,20.4,2.55,0.0
20200418:1510,418.0,123.0,0.0,33.9,20.28,2.41,0.0
20200418:1610,144.0,170.0,0.0,24.5,19.91,2.14,0.0
20200418:1710,0.0,46.0,0.0,14.66,19.43,1.93,0.0
20200418:1810,0.0,9.0,0.0,4.8,18.2,2.21,0.0
20200418:1910,0.0,0.0,0.0,0.0,15.91,1.93,0.0
20200418:2010,0.0,0.0,0.0,0.0,14.75,1.93,0.0
20200418:2110,0.0,0.0,0.0,0.0,13.86,2.0,0.0
20200418:2210,0.0,0.0,0.0,0.0,12.95,2.14,0.0
20200418:2310,0.0,0.0,0.0,0.0,12.56,2.21,0.0
20200419:0010,0.0,0.0,0.0,0.0,12.24,2.41,0.0
20200419:0110,0.0,0.0,0.0,0.0,12.0,2.41,0.0
20200419:0210,0.0,0.0,0.0,0.0,11.56,2.62,0.0
20200419:0310,0.0,0.0,0.0,0.0,11.24,2.76,0.0
20200419:0410,0.0,0.0,0.0,0.0,10.94,2.62,0.0
20200419:0510,0.0,1.0,0.0,1.98,10.37,2.62,0.0
20200419:0610,0.0,14.0,0.0,11.75,10.12,2.69,0.0
20200419:0710,5.0,137.0,0.0,21.64,10.97,3.93,0.0
20200419:0810,175.0,225.0,0.0,31.24,11.76,3.79,0.0
20200419:0910,433.01,178.0,0.0,40.03,12.94,3.79,0.0
20200419:1010,600.01,146.0,0.0,47.21,13.75,3.66,0.0
20200419:1110,665.01,145.0,0.0,51.66,14.82,3.59,0.0
20200419:1210,615.01,181.0,0.0,52.31,16.07,3.66,0.0
20200419:1310,600.01,161.0,0.0,48.97,17.45,3.86,0.0
20200419:1410,462.01,185.0,0.0,42.52,18.6,4.07,0.0
20200419:1510,369.0,154.0,0.0,34.14,19.02,4.41,0.0
20200419:1610,10.0,167.0,0.0,24.72,18.82,4.69,0.0
20200419:1710,36.0,110.0,0.0,14.87,18.22,4.55,0.0
20200419:1810,23.0,23.38,0.0,5.02,17.08,4.14,0.0
20200419:1910,0.0,0.0,0.0,0.0,15.19,4.41,0.0
20200419:2010,0.0,0.0,0.0,0.0,14.42,4.34,0.0
20200419:2110,0.0,0.0,0.0,0.0,13.84,4.07,0.0
20200419:2210,0.0,0.0,0.0,0.0,13.46,3.66,0.0
20200419:2310,0.0,0.0,0.0,0.0,13.21,3.45,0.0
20200420:0010,0.0,0.0,0.0,0.0,12.94,3.38,0.0
20200420:0110,0.0,0.0,0.0,0.0,13.0,3.66,0.0
20200420:0210,0.0,0.0,0.0,0.0,13.14,3.86,0.0
20200420:0310,0.0,0.0,0.0,0.0,13.01,3.93,0.0
20200420:0410,0.0,0.0,0.0,0.0,12.7,4.14,0.0
20200420:0510,0.0,3.0,0.0,2.27,12.41,4.28,0.0
20200420:0610,71.0,77.0,0.0,12.04,12.26,4.48,0.0
20200420:0710,227.0,103.0,0.0,21.93,12.47,4.41,0.0
20200420:0810,385.0,119.0,0.0,31.55,13.9,4.9,0.0
20200420:0910,518.01,131.0,0.0,40.35,15.42,4.76,0.0
20200420:1010,619.01,137.0,0.0,47.55,16.89,4.69,0.0
20200420:1110,676.01,141.0,0.0,52.01,18.05,4.62,0.0
20200420:1210,674.01,146.0,0.0,52.65,19.14,4.9,0.0
20200420:1310,632.01,143.0,0.0,49.27,19.93,5.31,0.0
20200420:1410,498.01,165.0,0.0,42.78,20.19,5.59,0.0
20200420:1510,378.0,151.0,0.0,34.38,20.33,5.72,0.0
20200420:1610,75.0,194.0,0.0,24.94,20.14,5.52,0.0
20200420:1710,21.0,109.0,0.0,15.09,19.42,4.48,0.0
20200420:1810,9.0,29.67,0.0,5.25,18.29,4.48,0.0
20200420:1910,0.0,0.0,0.0,0.0,17.6,3.79,0.0
20200420:2010,0.0,0.0,0.0,0.0,16.89,4.07,0.0
20200420:2110,0.0,0.0,0.0,0.0,16.13,3.93,0.0
20200420:2210,0.0,0.0,0.0,0.0,15.36,3.86,0.0
20200420:2310,0.0,0.0,0.0,0.0,14.63,3.93,0.0
20200421:0010,0.0,0.0,0.0,0.0,14.07,4.07,0.0
20200421:0110,0.0,0.0,0.0,0.0,13.37,4.07,0.0
20200421:0210,0.0,0.0,0.0,0.0,12.75,4.07,0.0
20200421:0310,0.0,0.0,0.0,0.0,12.21,4.07,0.0
20200421:0410,0.0,0.0,0.0,0.0,11.73,4.07,0.0
20200421:0510,1.0,11.8,0.0,2.57,11.23,4.0,0.0
20200421:0610,105.0,65.0,0.0,12.33,11.35,4.07,0.0
20200421:0710,120.0,159.0,0.0,22.22,12.17,3.93,0.0
20200421:0810,101.0,251.0,0.0,31.84,13.76,4.55,0.0
20200421:0910,100.0,321.0,0.0,40.66,15.32,4.41,0.0
20200421:1010,599.01,152.0,0.0,47.88,16.82,4.48,0.0
20200421:1110,431.01,288.0,0.0,52.35,18.14,4.69,0.0
20200421:1210,587.01,203.0,0.0,52.98,19.25,4.76,0.0
20200421:1310,303.0,330.0,0.0,49.57,20.12,4.9,0.0
20200421:1410,308.0,274.0,0.0,43.05,20.57,4.83,0.0
20200421:1510,129.0,269.0,0.0,34.61,20.71,4.69,0.0
20200421:1610,125.0,184.0,0.0,25.16,20.57,4.48,0.0
20200421:1710,42.0,114.0,0.0,15.31,20.06,3.59,0.0
20200421:1810,0.0,5.0,0.0,5.47,18.9,3.03,0.0
20200421:1910,0.0,0.0,0.0,0.0,16.95,2.41,0.0
20200421:2010,0.0,0.0,0.0,0.0,15.93,2.55,0.0
20200421:2110,0.0,0.0,0.0,0.0,15.26,2.62,0.0
20200421:2210,0.0,0.0,0.0,0.0,14.65,2.69,0.0
20200421:2310,0.0,0.0,0.0,0.0,14.04,2.9,0.0
20200422:0010,0.0,0.0,0.0,0.0,13.48,3.03,0.0
20200422:0110,0.0,0.0,0.0,0.0,12.99,3.1,0.0
20200422:0210,0.0,0.0,0.0,0.0,12.46,3.1,0.0
20200422:0310,0.0,0.0,0.0,0.0,12.02,3.17,0.0
20200422:0410,0.0,0.0,0.0,0.0,11.55,3.17,0.0
20200422:0510,3.0,15.29,0.0,2.86,11.07,3.17,0.0
20200422:0610,112.0,66.0,0.0,12.61,11.33,3.1,0.0
20200422:0710,257.0,98.0,0.0,22.51,12.71,2.97,0.0
20200422:0810,414.0,115.0,0.0,32.14,14.57,3.52,0.0
20200422:0910,536.01,133.0,0.0,40.97,16.21,3.31,0.0
20200422:1010,637.01,140.0,0.0,48.21,17.8,3.31,0.0
20200422:1110,694.01,144.0,0.0,52.7,19.15,3.45,0.0
20200422:1210,730.01,129.0,0.0,53.31,20.23,3.52,0.0
20200422:1310,685.01,127.0,0.0,49.87,20.96,3.66,0.0
20200422:1410,584.01,127.0,0.0,43.31,21.35,3.66,0.0
20200422:1510,449.0,121.0,0.0,34.84,21.47,3.45,0.0
20200422:1610,292.0,108.0,0.0,25.38,21.32,3.24,0.0
20200422:1710,148.0,78.0,0.0,15.52,20.84,2.41,0.0
20200422:1810,26.0,26.6,0.0,5.69,19.56,1.93,0.0
20200422:1910,0.0,0.0,0.0,0.0,18.03,1.93,0.0
20200422:2010,0.0,0.0,0.0,0.0,15.83,2.21,0.0
20200422:2110,0.0,0.0,0.0,0.0,14.1,2.21,0.0
20200422:2210,0.0,0.0,0.0,0.0,12.82,2.21,0.0
20200422:2310,0.0,0.0,0.0,0.0,11.82,2.21,0.0
20200423:0010,0.0,0.0,0.0,0.0,10.97,2.21,0.0
20200423:0110,0.0,0.0,0.0,0.0,10.22,2.14,0.0
20200423:0210,0.0,0.0,0.0,0.0,9.52,2.07,0.0
20200423:0310,0.0,0.0,0.0,0.0,8.88,1.93,0.0
20200423:0410,0.0,0.0,0.0,0.0,8.29,1.86,0.0
20200423:0510,5.0,15.85,0.0,3.14,7.72,1.86,0.0
20200423:0610,116.0,67.0,0.0,12.89,9.17,1.31,0.0
20200423:0710,262.0,98.0,0.0,22.79,12.36,0.48,0.0
20200423:0810,419.0,115.0,0.0,32.43,14.94,0.34,0.0
20200423:0910,556.01,126.0,0.0,41.28,17.29,0.14,0.0
20200423:1010,668.01,127.0,0.0,48.53,19.47,0.55,0.0
20200423:1110,728.01,129.0,0.0,53.03,21.19,1.1,0.0
20200423:1210,745.01,124.0,0.0,53.64,22.36,1.31,0.0
20200423:1310,690.01,127.0,0.0,50.16,23.01,1.24,0.0
20200423:1410,596.01,124.0,0.0,43.57,23.29,1.1,0.0
20200423:1510,466.0,115.0,0.0,35.08,23.37,1.24,0.0
20200423:1610,308.0,103.0,0.0,25.6,23.22,1.59,0.0
20200423:1710,156.0,76.0,0.0,15.73,22.77,1.45,0.0
20200423:1810,31.0,33.0,0.0,5.9,21.64,1.24,0.0
20200423:1910,0.0,0.0,0.0,0.0,19.82,1.31,0.0
20200423:2010,0.0,0.0,0.0,0.0,18.44,1.17,0.0
20200423:2110,0.0,0.0,0.0,0.0,16.8,1.31,0.0
20200423:2210,0.0,0.0,0.0,0.0,15.27,1.59,0.0
20200423:2310,0.0,0.0,0.0,0.0,14.32,1.79,0.0
20200424:0010,0.0,0.0,0.0,0.0,13.56,1.86,0.0
20200424:0110,0.0,0.0,0.0,0.0,12.64,2.0,0.0
20200424:0210,0.0,0.0,0.0,0.0,12.02,2.14,0.0
20200424:0310,0.0,0.0,0.0,0.0,11.49,2.14,0.0
20200424:0410,0.0,0.0,0.0,0.0,11.1,2.14,0.0
20200424:0510,8.0,17.12,0.0,3.42,11.46,2.21,0.0
20200424:0610,97.0,77.0,0.0,13.17,12.58,2.07,0.0
20200424:0710,260.0,99.0,0.0,23.06,14.42,1.93,0.0
20200424:0810,411.0,117.0,0.0,32.71,16.84,2.07,0.0
20200424:0910,531.01,136.0,0.0,41.58,18.9,2.41,0.0
20200424:1010,648.01,133.0,0.0,48.85,20.44,3.1,0.0
20200424:1110,696.01,141.0,0.0,53.37,21.2,3.93,0.0
20200424:1210,92.0,406.0,0.0,53.97,21.14,3.93,0.0
20200424:1310,324.0,327.0,0.0,50.45,21.24,3.59,0.0
20200424:1410,236.0,312.0,0.0,43.82,21.44,3.38,0.0
20200424:1510,0.0,87.0,0.0,35.31,21.32,3.17,0.0
20200424:1610,38.0,198.0,0.0,25.81,20.89,2.83,0.0
20200424:1710,60.0,117.0,0.0,15.94,19.54,2.07,0.0
20200424:1810,11.0,38.0,0.0,6.12,18.75,1.66,0.0
20200424:1910,0.0,0.0,0.0,0.0,18.71,2.28,0.0
20200424:2010,0.0,0.0,0.0,0.0,17.18,2.21,0.0
20200424:2110,0.0,0.0,0.0,0.0,16.3,2.21,0.0
20200424:2210,0.0,0.0,0.0,0.0,15.5,2.69,0.0
20200424:2310,0.0,0.0,0.0,0.0,14.88,2.83,0.0
20200425:0010,0.0,0.0,0.0,0.0,14.13,2.76,0.0
20200425:0110,0.0,0.0,0.0,0.0,13.47,2.69,0.0
20200425:0210,0.0,0.0,0.0,0.0,12.92,2.69,0.0
20200425:0310,0.0,0.0,0.0,0.0,12.4,2.48,0.0
20200425:0410,0.0,0.0,0.0,0.0,11.93,2.21,0.0
20200425:0510,0.0,6.0,0.0,3.7,11.21,2.34,0.0
20200425:0610,99.0,79.0,0.0,13.44,11.22,2.48,0.0
20200425:0710,106.0,174.0,0.0,23.34,12.01,3.17,0.0
20200425:0810,50.0,258.0,0.0,32.99,13.36,3.03,0.0
20200425:0910,77.0,329.0,0.0,41.87,14.65,2.83,0.0
20200425:1010,0.0,110.0,0.0,49.17,15.67,2.62,0.0
20200425:1110,0.0,175.0,0.0,53.7,17.09,2.41,0.0
20200425:1210,176.0,405.0,0.0,54.29,18.13,2.0,0.0
20200425:1310,21.0,340.0,0.0,50.74,18.8,1.79,0.0
20200425:1410,42.0,328.0,0.0,44.08,19.16,1.59,0.0
20200425:1510,34.0,268.0,0.0,35.53,19.32,1.66,0.0
20200425:1610,305.0,105.0,0.0,26.03,19.46,2.0,0.0
20200425:1710,18.0,116.0,0.0,16.15,19.1,2.28,0.0
20200425:1810,18.0,40.0,0.0,6.34,18.07,2.41,0.0
20200425:1910,0.0,0.0,0.0,0.0,16.03,2.9,0.0
20200425:2010,0.0,0.0,0.0,0.0,14.71,3.1,0.0
20200425:2110,0.0,0.0,0.0,0.0,13.59,3.24,0.0
20200425:2210,0.0,0.0,0.0,0.0,12.6,3.17,0.0
20200425:2310,0.0,0.0,0.0,0.0,11.72,2.97,0.0
20200426:0010,0.0,0.0,0.0,0.0,10.94,2.83,0.0
20200426:0110,0.0,0.0,0.0,0.0,10.13,2.62,0.0
20200426:0210,0.0,0.0,0.0,0.0,9.32,2.48,0.0
20200426:0310,0.0,0.0,0.0,0.0,8.48,2.41,0.0
20200426:0410,0.0,0.0,0.0,0.0,7.73,2.34,0.0
20200426:0510,14.0,19.56,0.0,3.98,7.07,2.28,0.0
20200426:0610,141.0,65.0,0.0,13.71,7.74,2.14,0.0
20200426:0710,297.0,90.0,0.0,23.61,9.51,2.14,0.0
20200426:0810,449.0,109.0,0.0,33.27,11.78,2.14,0.0
20200426:0910,582.01,121.0,0.0,42.17,13.96,2.34,0.0
20200426:1010,696.01,121.0,0.0,49.48,15.52,2.41,0.0
20200426:1110,756.01,122.0,0.0,54.02,16.74,2.07,0.0
20200426:1210,773.01,117.0,0.0,54.6,17.71,1.86,0.0
20200426:1310,726.01,116.0,0.0,51.03,18.45,1.86,0.0
20200426:1410,621.01,118.0,0.0,44.33,18.88,1.86,0.0
20200426:1510,487.0,112.0,0.0,35.76,19.11,1.93,0.0
20200426:1610,331.0,99.0,0.0,26.24,19.02,1.86,0.0
20200426:1710,177.0,73.0,0.0,16.36,18.68,1.66,0.0
20200426:1810,41.0,36.0,0.0,6.55,17.88,1.24,0.0
20200426:1910,0.0,0.0,0.0,0.0,16.67,1.72,0.0
20200426:2010,0.0,0.0,0.0,0.0,14.62,1.86,0.0
20200426:2110,0.0,0.0,0.0,0.0,13.02,1.93,0.0
20200426:2210,0.0,0.0,0.0,0.0,11.78,1.86,0.0
20200426:2310,0.0,0.0,0.0,0.0,10.98,1.86,0.0
20200427:0010,0.0,0.0,0.0,0.0,10.96,1.79,0.0
20200427:0110,0.0,0.0,0.0,0.0,10.6,1.93,0.0
20200427:0210,0.0,0.0,0.0,0.0,10.0,2.07,0.0
20200427:0310,0.0,0.0,0.0,0.0,9.63,2.07,0.0
20200427:0410,0.0,0.0,0.0,0.0,9.21,2.14,0.0
20200427:0510,16.0,20.16,0.0,4.24,9.12,2.07,0.0
20200427:0610,117.0,74.0,0.0,13.97,10.46,1.66,0.0
20200427:0710,235.0,119.0,0.0,23.87,13.49,1.79,0.0
20200427:0810,408.0,124.0,0.0,33.54,16.27,2.0,0.0
20200427:0910,545.01,133.0,0.0,42.45,18.67,2.21,0.0
20200427:1010,653.01,135.0,0.0,49.79,20.55,2.69,0.0
20200427:1110,700.01,142.0,0.0,54.35,21.69,2.9,0.0
20200427:1210,571.01,224.0,0.0,54.92,22.37,2.69,0.0
20200427:1310,446.01,268.0,0.0,51.31,22.47,2.55,0.0
20200427:1410,558.01,143.0,0.0,44.57,22.55,2.34,0.0
20200427:1510,254.0,232.0,0.0,35.98,22.2,2.07,0.0
20200427:1610,16.0,186.0,0.0,26.45,21.91,1.93,0.0
20200427:1710,0.0,48.0,0.0,16.57,21.23,1.86,0.0
20200427:1810,1.0,30.0,0.0,6.76,19.89,1.72,0.0
20200427:1910,0.0,0.0,0.0,0.0,17.97,1.72,0.0
20200427:2010,0.0,0.0,0.0,0.0,16.59,1.66,0.0
20200427:2110,0.0,0.0,0.0,0.0,15.59,1.1,0.0
20200427:2210,0.0,0.0,0.0,0.0,14.64,0.97,0.0
20200427:2310,0.0,0.0,0.0,0.0,14.25,1.45,0.0
20200428:0010,0.0,0.0,0.0,0.0,14.06,2.07,0.0
20200428:0110,0.0,0.0,0.0,0.0,13.7,3.17,0.0
20200428:0210,0.0,0.0,0.0,0.0,13.38,4.21,0.0
20200428:0310,0.0,0.0,0.0,0.0,12.81,4.34,0.0
20200428:0410,0.0,0.0,0.0,0.0,12.18,4.34,0.0
20200428:0510,0.0,5.0,0.0,4.51,11.73,4.48,0.0
20200428:0610,92.0,89.0,0.0,14.23,11.83,5.1,0.0
20200428:0710,2.0,137.0,0.0,24.13,12.62,6.48,0.0
20200428:0810,7.0,217.0,0.0,33.81,13.15,6.28,0.0
20200428:0910,234.0,302.0,0.0,42.73,14.03,6.41,0.0
20200428:1010,69.0,377.0,0.0,50.09,15.0,6.34,0.0
20200428:1110,426.01,306.0,0.0,54.66,15.96,6.55,0.0
20200428:1210,376.0,334.0,0.0,55.23,17.0,6.9,0.0
20200428:1310,21.0,343.0,0.0,51.59,17.32,6.69,0.0
20200428:1410,285.0,297.0,0.0,44.82,17.7,6.55,0.0
20200428:1510,160.0,272.0,0.0,36.2,17.86,6.21,0.0
20200428:1610,112.0,201.0,0.0,26.66,17.72,6.07,0.0
20200428:1710,144.0,89.0,0.0,16.77,17.29,5.52,0.0
20200428:1810,8.0,44.0,0.0,6.97,16.41,4.62,0.0
20200428:1910,0.0,0.0,0.0,0.0,15.14,3.72,0.0
20200428:2010,0.0,0.0,0.0,0.0,14.02,3.45,0.0
20200428:2110,0.0,0.0,0.0,0.0,13.39,3.66,0.0
20200428:2210,0.0,0.0,0.0,0.0,12.67,4.0,0.0
20200428:2310,0.0,0.0,0.0,0.0,12.4,4.28,0.0
20200429:0010,0.0,0.0,0.0,0.0,11.87,4.14,0.0
20200429:0110,0.0,0.0,0.0,0.0,11.19,4.0,0.0
20200429:0210,0.0,0.0,0.0,0.0,10.89,3.86,0.0
20200429:0310,0.0,0.0,0.0,0.0,10.84,3.59,0.0
20200429:0410,0.0,0.0,0.0,0.0,10.86,3.24,0.0
20200429:0510,0.0,12.0,0.0,4.77,10.61,3.24,0.0
20200429:0610,12.0,100.0,0.0,14.48,10.98,2.97,0.0
20200429:0710,126.0,176.0,0.0,24.38,11.51,3.79,0.0
20200429:0810,142.0,260.0,0.0,34.07,12.7,4.07,0.0
20200429:0910,328.0,262.0,0.0,43.01,14.04,4.62,0.0
20200429:1010,190.0,374.0,0.0,50.39,15.07,5.72,0.0
20200429:1110,0.0,173.0,0.0,54.98,16.32,6.97,0.0
20200429:1210,0.0,220.0,0.0,55.53,16.16,7.66,0.0
20200429:1310,0.0,199.0,0.0,51.87,15.01,6.76,0.0
20200429:1410,1.0,237.0,0.0,45.06,13.93,5.38,0.0
20200429:1510,1.0,192.0,0.0,36.42,13.78,6.41,0.0
20200429:1610,0.0,107.0,0.0,26.86,13.02,6.41,0.0
20200429:1710,0.0,75.0,0.0,16.98,12.51,5.52,0.0
20200429:1810,6.0,43.0,0.0,7.18,11.7,4.62,0.0
20200429:1910,0.0,0.0,0.0,0.0,11.17,5.72,0.0
20200429:2010,0.0,0.0,0.0,0.0,10.98,4.97,0.0
20200429:2110,0.0,0.0,0.0,0.0,10.78,4.9,0.0
20200429:2210,0.0,0.0,0.0,0.0,10.56,4.9,0.0
20200429:2310,0.0,0.0,0.0,0.0,10.33,4.9,0.0
20200430:0010,0.0,0.0,0.0,0.0,10.38,5.24,0.0
20200430:0110,0.0,0.0,0.0,0.0,10.41,5.66,0.0
20200430:0210,0.0,0.0,0.0,0.0,10.41,5.52,0.0
20200430:0310,0.0,0.0,0.0,0.0,10.07,5.17,0.0
20200430:0410,0.0,0.0,0.0,0.0,9.55,4.83,0.0
20200430:0510,0.0,5.0,0.0,5.03,8.88,4.41,0.0
20200430:0610,0.0,63.0,0.0,14.73,9.15,3.86,0.0
20200430:0710,60.0,194.0,0.0,24.63,9.69,4.69,0.0
20200430:0810,0.0,156.0,0.0,34.32,10.67,4.41,0.0
20200430:0910,0.0,145.0,0.0,43.28,11.54,4.76,0.0
20200430:1010,0.0,244.0,0.0,50.68,12.45,5.52,0.0
20200430:1110,0.0,168.0,0.0,55.29,13.52,6.07,0.0
20200430:1210,64.0,408.0,0.0,55.84,14.27,7.17,0.0
20200430:1310,1.0,258.0,0.0,52.14,14.19,8.14,0.0
20200430:1410,313.0,291.0,0.0,45.3,14.62,8.28,0.0
20200430:1510,139.0,284.0,0.0,36.64,15.31,8.9,0.0
20200430:1610,228.0,158.0,0.0,27.07,14.66,8.9,0.0
20200430:1710,0.0,39.0,0.0,17.18,13.87,8.97,0.0
20200430:1810,0.0,8.0,0.0,7.39,12.1,6.55,0.0
20200430:1910,0.0,0.0,0.0,0.0,11.37,5.93,0.0
20200430:2010,0.0,0.0,0.0,0.0,10.81,4.97,0.0
20200430:2110,0.0,0.0,0.0,0.0,10.55,4.83,0.0
20200430:2210,0.0,0.0,0.0,0.0,10.13,5.1,0.0
20200430:2310,0.0,0.0,0.0,0.0,9.91,5.38,0.0
20200501:0010,0.0,0.0,0.0,0.0,9.68,5.38,0.0
20200501:0110,0.0,0.0,0.0,0.0,9.32,5.38,0.0
20200501:0210,0.0,0.0,0.0,0.0,9.19,5.03,0.0
20200501:0310,0.0,0.0,0.0,0.0,9.17,4.76,0.0
20200501:0410,0.0,0.0,0.0,0.0,8.98,4.48,0.0
20200501:0510,16.0,28.74,0.0,5.28,8.85,4.21,0.0
20200501:0610,1.0,82.0,0.0,14.98,9.35,4.14,0.0
20200501:0710,0.0,114.0,0.0,24.88,10.64,4.28,0.0
20200501:0810,8.0,223.0,0.0,34.58,11.18,4.62,0.0
20200501:0910,1.0,235.0,0.0,43.55,11.36,4.62,0.0
20200501:1010,0.0,207.0,0.0,50.97,11.69,4.41,0.0
20200501:1110,1.0,272.0,0.0,55.59,13.02,4.69,0.0
20200501:1210,429.0,320.0,0.0,56.13,13.66,5.31,0.0
20200501:1310,13.0,333.0,0.0,52.41,14.36,5.72,0.0
20200501:1410,5.0,271.0,0.0,45.54,14.8,5.72,0.0
20200501:1510,178.0,275.0,0.0,36.85,15.33,6.21,0.0
20200501:1610,210.0,170.0,0.0,27.27,15.0,6.34,0.0
20200501:1710,159.0,90.0,0.0,17.38,14.8,5.93,0.0
20200501:1810,32.0,48.0,0.0,7.6,14.14,5.38,0.0
20200501:1910,0.0,0.0,0.0,0.0,12.79,4.0,0.0
20200501:2010,0.0,0.0,0.0,0.0,11.73,3.72,0.0
20200501:2110,0.0,0.0,0.0,0.0,10.58,3.66,0.0
20200501:2210,0.0,0.0,0.0,0.0,9.56,3.59,0.0
20200501:2310,0.0,0.0,0.0,0.0,8.8,3.17,0.0
20200502:0010,0.0,0.0,0.0,0.0,8.07,3.03,0.0
20200502:0110,0.0,0.0,0.0,0.0,7.54,2.97,0.0
20200502:0210,0.0,0.0,0.0,0.0,7.21,2.97,0.0
20200502:0310,0.0,0.0,0.0,0.0,7.07,2.83,0.0
20200502:0410,0.0,0.0,0.0,0.0,6.98,2.76,0.0
20200502:0510,0.0,22.0,0.0,5.52,6.88,2.62,0.0
20200502:0610,2.0,88.0,0.0,15.22,8.12,2.28,0.0
20200502:0710,24.0,188.0,0.0,25.12,9.48,2.69,0.0
20200502:0810,73.0,279.0,0.0,34.82,9.91,2.76,0.0
20200502:0910,130.0,346.0,0.0,43.81,10.61,3.17,0.0
20200502:1010,116.0,397.0,0.0,51.25,11.47,3.79,0.0
20200502:1110,68.0,413.0,0.0,55.89,12.55,4.14,0.0
20200502:1210,136.0,426.0,0.0,56.43,13.78,4.14,0.0
20200502:1310,62.0,392.0,0.0,52.67,14.75,4.14,0.0
20200502:1410,79.0,357.0,0.0,45.77,14.91,3.66,0.0
20200502:1510,377.0,185.0,0.0,37.06,15.35,3.31,0.0
20200502:1610,284.0,135.0,0.0,27.47,15.29,3.03,0.0
20200502:1710,69.0,131.0,0.0,17.58,14.91,2.14,0.0
20200502:1810,15.0,53.0,0.0,7.8,14.12,1.17,0.0
20200502:1910,0.0,0.0,0.0,0.0,13.09,1.86,0.0
20200502:2010,0.0,0.0,0.0,0.0,10.85,1.79,0.0
20200502:2110,0.0,0.0,0.0,0.0,9.46,1.79,0.0
20200502:2210,0.0,0.0,0.0,0.0,8.81,2.14,0.0
20200502:2310,0.0,0.0,0.0,0.0,8.4,1.93,0.0
20200503:0010,0.0,0.0,0.0,0.0,8.38,1.93,0.0
20200503:0110,0.0,0.0,0.0,0.0,8.25,2.0,0.0
20200503:0210,0.0,0.0,0.0,0.0,8.05,2.07,0.0
20200503:0310,0.0,0.0,0.0,0.0,8.06,2.0,0.0
20200503:0410,0.0,0.0,0.0,0.0,8.08,2.0,0.0
20200503:0510,1.0,28.0,0.0,5.76,8.33,1.93,0.0
20200503:0610,1.0,80.0,0.0,15.45,9.62,1.66,0.0
20200503:0710,5.0,155.0,0.0,25.35,10.79,1.72,0.0
20200503:0810,0.0,164.0,0.0,35.07,11.82,1.86,0.0
20200503:0910,0.0,209.0,0.0,44.07,12.62,2.0,0.0
20200503:1010,0.0,180.0,0.0,51.53,13.25,2.55,0.0
20200503:1110,0.0,135.0,0.0,56.19,13.69,3.03,0.0
20200503:1210,0.0,208.0,0.0,56.72,14.49,3.24,0.0
20200503:1310,316.0,345.0,0.0,52.93,15.72,2.83,0.0
20200503:1410,268.0,313.0,0.0,46.0,16.73,2.55,0.0
20200503:1510,130.0,288.0,0.0,37.27,18.0,2.48,0.0
20200503:1610,67.0,216.0,0.0,27.67,18.44,2.69,0.0
20200503:1710,0.0,49.0,0.0,17.78,18.16,2.62,0.0
20200503:1810,46.0,46.0,0.0,8.0,17.26,2.21,0.0
20200503:1910,0.0,0.0,0.0,0.0,15.77,2.07,0.0
20200503:2010,0.0,0.0,0.0,0.0,14.66,2.07,0.0
20200503:2110,0.0,0.0,0.0,0.0,13.67,2.07,0.0
20200503:2210,0.0,0.0,0.0,0.0,13.01,1.79,0.0
20200503:2310,0.0,0.0,0.0,0.0,12.21,1.45,0.0
20200504:0010,0.0,0.0,0.0,0.0,11.47,0.97,0.0
20200504:0110,0.0,0.0,0.0,0.0,11.73,0.34,0.0
20200504:0210,0.0,0.0,0.0,0.0,10.84,0.62,0.0
20200504:0310,0.0,0.0,0.0,0.0,9.4,0.83,0.0
20200504:0410,0.0,0.0,0.0,0.0,9.37,0.48,0.0
20200504:0510,0.0,19.0,0.0,6.0,9.7,0.34,0.0
20200504:0610,0.0,53.0,0.0,15.68,10.62,0.34,0.0
20200504:0710,4.0,156.0,0.0,25.58,13.7,2.21,0.0
20200504:0810,0.0,129.0,0.0,35.3,14.93,1.72,0.0
20200504:0910,60.0,337.0,0.0,44.32,16.1,1.79,0.0
20200504:1010,39.0,366.0,0.0,51.81,16.61,1.45,0.0
20200504:1110,167.0,416.0,0.0,56.48,16.97,1.31,0.0
20200504:1210,0.0,265.0,0.0,57.01,17.62,1.38,0.0
20200504:1310,47.0,380.0,0.0,53.19,18.26,1.59,0.0
20200504:1410,113.0,356.0,0.0,46.23,18.42,1.66,0.0
20200504:1510,160.0,282.0,0.0,37.48,18.76,1.72,0.0
20200504:1610,1.0,147.0,0.0,27.86,18.99,1.86,0.0
20200504:1710,31.0,133.0,0.0,17.97,18.8,2.48,0.0
20200504:1810,6.0,50.0,0.0,8.21,18.0,3.1,0.0
20200504:1910,0.0,0.0,0.0,0.0,16.13,3.59,0.0
20200504:2010,0.0,0.0,0.0,0.0,14.89,4.55,0.0
20200504:2110,0.0,0.0,0.0,0.0,14.27,4.62,0.0
20200504:2210,0.0,0.0,0.0,0.0,13.74,4.69,0.0
20200504:2310,0.0,0.0,0.0,0.0,13.34,4.97,0.0
20200505:0010,0.0,0.0,0.0,0.0,12.98,4.48,0.0
20200505:0110,0.0,0.0,0.0,0.0,12.65,4.0,0.0
20200505:0210,0.0,0.0,0.0,0.0,12.28,4.07,0.0
20200505:0310,0.0,0.0,0.0,0.0,11.72,4.21,0.0
20200505:0410,0.0,0.0,0.0,0.0,11.12,3.59,0.0
20200505:0510,0.0,6.0,0.0,6.23,10.78,3.93,0.0
20200505:0610,0.0,42.0,0.0,15.91,10.84,4.69,0.0
20200505:0710,0.0,48.0,0.0,25.81,10.67,4.28,0.0
20200505:0810,111.0,276.0,0.0,35.53,10.76,4.14,0.0
20200505:0910,0.0,85.0,0.0,44.57,11.51,4.14,0.0
20200505:1010,0.0,80.0,0.0,52.07,12.58,4.34,0.0
20200505:1110,0.0,77.0,0.0,56.77,12.99,3.86,0.0
20200505:1210,26.0,374.0,0.0,57.29,14.26,4.9,0.0
20200505:1310,40.0,373.0,0.0,53.45,14.19,3.86,0.0
20200505:1410,2.0,244.0,0.0,46.46,14.54,3.52,0.0
20200505:1510,0.0,111.0,0.0,37.68,14.44,2.9,0.0
20200505:1610,0.0,79.0,0.0,28.06,14.45,2.9,0.0
20200505:1710,0.0,51.0,0.0,18.16,14.07,2.76,0.0
20200505:1810,0.0,17.0,0.0,8.41,13.58,2.69,0.0
20200505:1910,0.0,0.0,0.0,0.0,13.59,2.0,0.0
20200505:2010,0.0,0.0,0.0,0.0,13.17,2.0,0.0
20200505:2110,0.0,0.0,0.0,0.0,13.08,1.79,0.0
20200505:2210,0.0,0.0,0.0,0.0,12.91,1.66,0.0
20200505:2310,0.0,0.0,0.0,0.0,12.65,1.72,0.0
20200506:0010,0.0,0.0,0.0,0.0,12.3,1.86,0.0
20200506:0110,0.0,0.0,0.0,0.0,12.09,2.0,0.0
20200506:0210,0.0,0.0,0.0,0.0,11.74,2.07,0.0
20200506:0310,0.0,0.0,0.0,0.0,11.65,2.07,0.0
20200506:0410,0.0,0.0,0.0,0.0,11.54,2.14,0.0
20200506:0510,32.0,39.0,0.0,6.46,11.38,2.14,0.0
20200506:0610,71.0,116.0,0.0,16.13,11.81,2.0,0.0
20200506:0710,72.0,205.0,0.0,26.02,11.63,2.28,0.0
20200506:0810,141.0,276.0,0.0,35.76,12.06,2.55,0.0
20200506:0910,222.0,325.0,0.0,44.81,12.28,2.55,0.0
20200506:1010,465.0,270.0,0.0,52.34,12.97,2.48,0.0
20200506:1110,722.01,152.0,0.0,57.05,14.28,2.41,0.0
20200506:1210,717.01,158.0,0.0,57.57,15.62,2.48,0.0
20200506:1310,683.01,150.0,0.0,53.7,17.05,2.62,0.0
20200506:1410,587.01,148.0,0.0,46.68,18.17,2.62,0.0
20200506:1510,465.0,136.0,0.0,37.88,18.52,2.69,0.0
20200506:1610,322.0,118.0,0.0,28.25,18.5,2.76,0.0
20200506:1710,177.0,90.0,0.0,18.36,18.22,2.62,0.0
20200506:1810,45.0,53.0,0.0,8.6,17.3,1.93,0.0
20200506:1910,0.0,0.0,0.0,0.0,15.77,2.41,0.0
20200506:2010,0.0,0.0,0.0,0.0,14.07,2.48,0.0
20200506:2110,0.0,0.0,0.0,0.0,12.71,2.48,0.0
20200506:2210,0.0,0.0,0.0,0.0,11.5,2.48,0.0
20200506:2310,0.0,0.0,0.0,0.0,10.51,2.48,0.0
20200507:0010,0.0,0.0,0.0,0.0,9.63,2.34,0.0
20200507:0110,0.0,0.0,0.0,0.0,8.82,2.28,0.0
20200507:0210,0.0,0.0,0.0,0.0,7.98,2.21,0.0
20200507:0310,0.0,0.0,0.0,0.0,7.13,2.07,0.0
20200507:0410,0.0,0.0,0.0,0.0,6.39,2.07,0.0
20200507:0510,28.0,43.0,0.0,6.68,5.96,2.0,0.0
20200507:0610,123.0,100.0,0.0,16.34,8.21,1.52,0.0
20200507:0710,320.0,105.0,0.0,26.24,11.82,1.59,0.0
20200507:0810,470.0,122.0,0.0,35.98,14.13,1.79,0.0
20200507:0910,571.01,150.0,0.0,45.04,16.26,1.72,0.0
20200507:1010,653.01,168.0,0.0,52.59,17.73,2.07,0.0
20200507:1110,705.01,173.0,0.0,57.32,18.7,1.86,0.0
20200507:1210,246.0,413.0,0.0,57.84,19.42,1.52,0.0
20200507:1310,606.01,207.0,0.0,53.95,19.95,1.38,0.0
20200507:1410,328.0,302.0,0.0,46.9,20.17,1.38,0.0
20200507:1510,391.0,188.0,0.0,38.08,20.1,1.31,0.0
20200507:1610,299.0,138.0,0.0,28.44,19.82,1.17,0.0
20200507:1710,66.0,141.0,0.0,18.54,19.34,0.9,0.0
20200507:1810,1.0,45.0,0.0,8.8,18.42,1.1,0.0
20200507:1910,0.0,0.0,0.0,0.0,17.1,2.14,0.0
20200507:2010,0.0,0.0,0.0,0.0,15.42,2.28,0.0
20200507:2110,0.0,0.0,0.0,0.0,13.9,2.28,0.0
20200507:2210,0.0,0.0,0.0,0.0,12.66,2.21,0.0
20200507:2310,0.0,0.0,0.0,0.0,11.64,2.21,0.0
20200508:0010,0.0,0.0,0.0,0.0,10.57,2.14,0.0
20200508:0110,0.0,0.0,0.0,0.0,9.58,2.14,0.0
20200508:0210,0.0,0.0,0.0,0.0,8.78,2.0,0.0
20200508:0310,0.0,0.0,0.0,0.0,8.13,2.0,0.0
20200508:0410,0.0,0.0,0.0,0.0,7.66,2.0,0.0
20200508:0510,0.0,31.0,0.0,6.9,7.72,1.93,0.0
20200508:0610,10.0,113.0,0.0,16.55,10.05,1.59,0.0
20200508:0710,201.0,166.0,0.0,26.45,13.26,1.59,0.0
20200508:0810,57.0,283.0,0.0,36.19,15.4,1.72,0.0
20200508:0910,538.0,165.0,0.0,45.27,17.49,1.93,0.0
20200508:1010,641.01,168.0,0.0,52.85,19.2,1.31,0.0
20200508:1110,455.0,313.0,0.0,57.59,20.27,1.66,0.0
20200508:1210,458.0,314.0,0.0,58.11,21.03,2.21,0.0
20200508:1310,0.0,220.0,0.0,54.19,21.48,2.28,0.0
20200508:1410,0.0,199.0,0.0,47.11,22.04,2.34,0.0
20200508:1510,140.0,296.0,0.0,38.28,22.43,2.28,0.0
20200508:1610,62.0,225.0,0.0,28.63,22.34,2.14,0.0
20200508:1710,41.0,142.0,0.0,18.73,21.92,1.45,0.0
20200508:1810,0.0,14.0,0.0,8.99,20.72,1.03,0.0
20200508:1910,0.0,0.0,0.0,0.0,18.99,1.31,0.0
20200508:2010,0.0,0.0,0.0,0.0,17.38,1.24,0.0
20200508:2110,0.0,0.0,0.0,0.0,16.24,1.31,0.0
20200508:2210,0.0,0.0,0.0,0.0,15.81,1.31,0.0
20200508:2310,0.0,0.0,0.0,0.0,15.25,1.31,0.0
20200509:0010,0.0,0.0,0.0,0.0,15.93,0.83,0.0
20200509:0110,0.0,0.0,0.0,0.0,13.76,1.24,0.0
20200509:0210,0.0,0.0,0.0,0.0,13.23,1.17,0.0
20200509:0310,0.0,0.0,0.0,0.0,14.22,0.55,0.0
20200509:0410,0.0,0.0,0.0,0.0,14.07,0.55,0.0
20200509:0510,2.0,37.0,0.0,7.11,13.44,0.83,0.0
20200509:0610,12.0,113.0,0.0,16.76,13.42,0.69,0.0
20200509:0710,77.0,204.0,0.0,26.65,16.07,0.62,0.0
20200509:0810,393.0,155.0,0.0,36.4,17.16,0.9,0.0
20200509:0910,83.0,346.0,0.0,45.5,18.33,1.03,0.0
20200509:1010,43.0,372.0,0.0,53.09,19.42,0.97,0.0
20200509:1110,109.0,420.0,0.0,57.86,20.44,1.17,0.0
20200509:1210,76.0,416.0,0.0,58.37,21.22,1.72,0.0
20200509:1310,63.0,390.0,0.0,54.43,21.99,2.21,0.0
20200509:1410,41.0,338.0,0.0,47.33,22.37,2.28,0.0
20200509:1510,45.0,287.0,0.0,38.47,22.27,2.28,0.0
20200509:1610,55.0,221.0,0.0,28.81,21.58,2.21,0.0
20200509:1710,10.0,124.0,0.0,18.92,21.46,2.0,0.0
20200509:1810,59.0,52.0,0.0,9.18,20.33,1.72,0.0
20200509:1910,0.0,0.0,0.0,0.0,17.9,1.66,0.0
20200509:2010,0.0,0.0,0.0,0.0,16.66,1.86,0.0
20200509:2110,0.0,0.0,0.0,0.0,15.87,1.38,0.0
20200509:2210,0.0,0.0,0.0,0.0,15.39,0.97,0.0
20200509:2310,0.0,0.0,0.0,0.0,14.5,1.45,0.0
20200510:0010,0.0,0.0,0.0,0.0,13.82,1.17,0.0
20200510:0110,0.0,0.0,0.0,0.0,14.52,0.55,0.0
20200510:0210,0.0,0.0,0.0,0.0,14.0,0.28,0.0
20200510:0310,0.0,0.0,0.0,0.0,13.64,0.55,0.0
20200510:0410,0.0,0.0,0.0,0.0,11.97,1.72,0.0
20200510:0510,0.0,7.0,0.0,7.31,12.49,1.24,0.0
20200510:0610,0.0,28.0,0.0,16.96,14.09,1.1,0.0
20200510:0710,0.0,63.0,0.0,26.85,15.83,0.55,0.0
20200510:0810,0.0,93.0,0.0,36.61,17.34,1.31,0.0
20200510:0910,0.0,178.0,0.0,45.71,18.31,1.52,0.0
20200510:1010,1.0,264.0,0.0,53.33,18.63,1.66,0.0
20200510:1110,0.0,204.0,0.0,58.12,19.47,1.59,0.0
20200510:1210,152.0,422.0,0.0,58.63,20.23,1.17,0.0
20200510:1310,399.0,309.0,0.0,54.67,20.9,0.55,0.0
20200510:1410,396.0,255.0,0.0,47.54,20.96,0.41,0.0
20200510:1510,203.0,271.0,0.0,38.67,20.98,0.69,0.0
20200510:1610,196.0,186.0,0.0,29.0,20.41,0.48,0.0
20200510:1710,2.0,105.0,0.0,19.1,18.56,2.76,0.0
20200510:1810,2.0,49.0,0.0,9.37,17.1,3.31,0.0
20200510:1910,0.0,0.0,0.0,0.0,16.61,3.93,0.0
20200510:2010,0.0,0.0,0.0,0.0,15.83,4.55,0.0
20200510:2110,0.0,0.0,0.0,0.0,14.8,5.45,0.0
20200510:2210,0.0,0.0,0.0,0.0,13.81,6.0,0.0
20200510:2310,0.0,0.0,0.0,0.0,12.83,6.62,0.0
20200511:0010,0.0,0.0,0.0,0.0,11.61,7.31,0.0
20200511:0110,0.0,0.0,0.0,0.0,9.95,7.79,0.0
20200511:0210,0.0,0.0,0.0,0.0,8.47,8.0,0.0
20200511:0310,0.0,0.0,0.0,0.0,7.45,8.0,0.0
20200511:0410,0.0,0.0,0.0,0.0,6.72,8.14,0.0
20200511:0510,0.0,22.0,0.0,7.51,6.25,8.28,0.0
20200511:0610,0.0,22.0,0.0,17.15,6.04,8.21,0.0
20200511:0710,0.0,50.0,0.0,27.04,5.86,7.72,0.0
20200511:0810,0.0,141.0,0.0,36.81,5.89,7.52,0.0
20200511:0910,20.0,311.0,0.0,45.93,6.11,7.03,0.0
20200511:1010,17.0,344.0,0.0,53.57,6.45,6.76,0.0
20200511:1110,79.0,421.0,0.0,58.38,7.66,6.28,0.0
20200511:1210,179.0,427.0,0.0,58.89,9.13,6.41,0.0
20200511:1310,148.0,409.0,0.0,54.9,10.9,6.97,0.0
20200511:1410,227.0,342.0,0.0,47.74,11.95,7.17,0.0
20200511:1510,355.0,207.0,0.0,38.86,12.71,7.24,0.0
20200511:1610,270.0,155.0,0.0,29.18,12.86,7.03,0.0
20200511:1710,180.0,97.0,0.0,19.28,12.66,6.28,0.0
20200511:1810,51.0,59.0,0.0,9.56,12.04,5.66,0.0
20200511:1910,0.0,0.0,0.0,0.0,10.84,5.52,0.0
20200511:2010,0.0,0.0,0.0,0.0,10.11,5.38,0.0
20200511:2110,0.0,0.0,0.0,0.0,9.43,5.24,0.0
20200511:2210,0.0,0.0,0.0,0.0,8.78,5.03,0.0
20200511:2310,0.0,0.0,0.0,0.0,8.12,4.9,0.0
20200512:0010,0.0,0.0,0.0,0.0,7.44,4.76,0.0
20200512:0110,0.0,0.0,0.0,0.0,6.81,4.76,0.0
20200512:0210,0.0,0.0,0.0,0.0,6.18,4.69,0.0
20200512:0310,0.0,0.0,0.0,0.0,5.59,4.41,0.0
20200512:0410,0.0,0.0,0.0,0.0,5.05,4.14,0.0
20200512:0510,35.0,50.0,0.0,7.71,4.75,3.93,0.0
20200512:0610,140.0,104.0,0.0,17.34,5.46,3.79,0.0
20200512:0710,307.0,123.0,0.0,27.23,6.59,4.0,0.0
20200512:0810,439.0,153.0,0.0,37.0,8.12,4.0,0.0
20200512:0910,549.0,178.0,0.0,46.13,9.57,4.07,0.0
20200512:1010,515.0,264.0,0.0,53.79,10.81,4.28,0.0
20200512:1110,181.0,437.0,0.0,58.63,11.75,4.34,0.0
20200512:1210,125.0,443.0,0.0,59.14,12.36,4.0,0.0
20200512:1310,213.0,409.0,0.0,55.13,12.88,3.45,0.0
20200512:1410,63.0,368.0,0.0,47.95,13.16,3.38,0.0
20200512:1510,260.0,268.0,0.0,39.04,13.38,3.38,0.0
20200512:1610,28.0,223.0,0.0,29.36,13.21,3.52,0.0
20200512:1710,2.0,109.0,0.0,19.46,12.82,3.59,0.0
20200512:1810,11.0,66.0,0.0,9.75,12.17,3.03,0.0
20200512:1910,0.0,0.0,0.0,0.0,11.06,2.62,0.0
20200512:2010,0.0,0.0,0.0,0.0,9.74,2.97,0.0
20200512:2110,0.0,0.0,0.0,0.0,8.89,3.17,0.0
20200512:2210,0.0,0.0,0.0,0.0,8.2,3.45,0.0
20200512:2310,0.0,0.0,0.0,0.0,7.61,3.52,0.0
20200513:0010,0.0,0.0,0.0,0.0,7.14,3.31,0.0
20200513:0110,0.0,0.0,0.0,0.0,6.69,3.17,0.0
20200513:0210,0.0,0.0,0.0,0.0,6.26,3.52,0.0
20200513:0310,0.0,0.0,0.0,0.0,5.91,3.59,0.0
20200513:0410,0.0,0.0,0.0,0.0,5.6,3.52,0.0
20200513:0510,5.0,49.0,0.0,7.9,5.56,3.59,0.0
20200513:0610,155.0,97.0,0.0,17.52,6.44,3.24,0.0
20200513:0710,251.0,154.0,0.0,27.41,8.4,4.07,0.0
20200513:0810,410.0,169.0,0.0,37.19,10.02,4.55,0.0
20200513:0910,153.0,360.0,0.0,46.33,11.63,5.24,0.0
20200513:1010,431.0,307.0,0.0,54.02,12.79,5.45,0.0
20200513:1110,527.01,290.0,0.0,58.87,13.68,5.38,0.0
20200513:1210,320.0,395.0,0.0,59.38,14.26,5.38,0.0
20200513:1310,440.0,312.0,0.0,55.36,14.78,5.31,0.0
20200513:1410,344.0,305.0,0.0,48.15,15.17,5.17,0.0
20200513:1510,270.0,262.0,0.0,39.23,15.43,4.97,0.0
20200513:1610,281.0,160.0,0.0,29.54,15.37,4.9,0.0
20200513:1710,47.0,153.0,0.0,19.64,14.84,4.83,0.0
20200513:1810,11.0,66.0,0.0,9.93,13.54,5.24,0.0
20200513:1910,0.0,0.0,0.0,0.0,11.97,5.86,0.0
20200513:2010,0.0,0.0,0.0,0.0,10.64,5.72,0.0
20200513:2110,0.0,0.0,0.0,0.0,9.7,5.45,0.0
20200513:2210,0.0,0.0,0.0,0.0,9.08,5.24,0.0
20200513:2310,0.0,0.0,0.0,0.0,8.51,4.97,0.0
20200514:0010,0.0,0.0,0.0,0.0,8.26,4.9,0.0
20200514:0110,0.0,0.0,0.0,0.0,7.8,4.83,0.0
20200514:0210,0.0,0.0,0.0,0.0,7.6,4.9,0.0
20200514:0310,0.0,0.0,0.0,0.0,7.37,4.97,0.0
20200514:0410,0.0,0.0,0.0,0.0,7.08,5.03,0.0
20200514:0510,32.0,54.0,0.0,8.08,6.89,5.03,0.0
20200514:0610,126.0,114.0,0.0,17.7,6.96,4.97,0.0
20200514:0710,304.0,128.0,0.0,27.59,7.51,5.59,0.0
20200514:0810,475.0,133.0,0.0,37.37,8.37,6.0,0.0
20200514:0910,595.0,151.0,0.0,46.53,9.78,6.28,0.0
20200514:1010,676.01,168.0,0.0,54.23,11.2,6.28,0.0
20200514:1110,614.01,243.0,0.0,59.11,12.34,6.07,0.0
20200514:1210,571.01,272.0,0.0,59.63,13.23,5.79,0.0
20200514:1310,549.01,255.0,0.0,55.58,13.68,5.52,0.0
20200514:1410,501.0,224.0,0.0,48.34,14.16,5.45,0.0
20200514:1510,386.0,206.0,0.0,39.41,14.48,5.45,0.0
20200514:1610,73.0,238.0,0.0,29.71,14.49,5.66,0.0
20200514:1710,190.0,103.0,0.0,19.81,13.99,5.66,0.0
20200514:1810,57.0,64.0,0.0,10.11,13.13,5.17,0.0
20200514:1910,0.0,0.0,0.0,0.0,12.0,5.31,0.0
20200514:2010,0.0,0.0,0.0,0.0,11.11,5.1,0.0
20200514:2110,0.0,0.0,0.0,0.0,10.63,4.97,0.0
20200514:2210,0.0,0.0,0.0,0.0,10.38,4.9,0.0
20200514:2310,0.0,0.0,0.0,0.0,10.29,5.03,0.0
20200515:0010,0.0,0.0,0.0,0.0,9.89,5.17,0.0
20200515:0110,0.0,0.0,0.0,0.0,9.41,5.17,0.0
20200515:0210,0.0,0.0,0.0,0.0,8.79,5.03,0.0
20200515:0310,0.0,0.0,0.0,0.0,7.92,4.76,0.0
20200515:0410,0.0,0.0,0.0,0.0,7.32,4.55,0.0
20200515:0510,53.0,48.0,0.0,8.26,6.64,4.34,0.0
20200515:0610,188.0,84.0,0.0,17.87,6.91,4.28,0.0
20200515:0710,340.0,111.0,0.0,27.76,8.14,4.69,0.0
20200515:0810,500.0,123.0,0.0,37.54,9.88,4.55,0.0
20200515:0910,626.01,137.0,0.0,46.72,11.72,4.55,0.0
20200515:1010,706.01,153.0,0.0,54.45,13.24,4.9,0.0
20200515:1110,733.01,173.0,0.0,59.34,14.3,4.9,0.0
20200515:1210,752.01,164.0,0.0,59.86,15.1,4.62,0.0
20200515:1310,721.01,154.0,0.0,55.79,15.74,4.34,0.0
20200515:1410,622.01,153.0,0.0,48.54,16.15,4.14,0.0
20200515:1510,500.0,141.0,0.0,39.59,16.32,4.07,0.0
20200515:1610,362.0,120.0,0.0,29.88,16.2,3.86,0.0
20200515:1710,212.0,94.0,0.0,19.98,15.85,3.66,0.0
20200515:1810,69.0,61.0,0.0,10.29,15.02,3.03,0.0
20200515:1910,0.0,0.0,0.0,0.0,13.59,3.03,0.0
20200515:2010,0.0,0.0,0.0,0.0,12.14,3.24,0.0
20200515:2110,0.0,0.0,0.0,0.0,11.21,3.31,0.0
20200515:2210,0.0,0.0,0.0,0.0,10.41,3.24,0.0
20200515:2310,0.0,0.0,0.0,0.0,9.66,3.03,0.0
20200516:0010,0.0,0.0,0.0,0.0,8.9,2.97,0.0
20200516:0110,0.0,0.0,0.0,0.0,8.19,2.83,0.0
20200516:0210,0.0,0.0,0.0,0.0,7.53,2.69,0.0
20200516:0310,0.0,0.0,0.0,0.0,6.93,2.55,0.0
20200516:0410,0.0,0.0,0.0,0.0,6.37,2.48,0.0
20200516:0510,52.0,50.0,0.0,8.44,6.22,2.21,0.0
20200516:0610,182.0,88.0,0.0,18.04,7.89,1.72,0.0
20200516:0710,324.0,119.0,0.0,27.92,10.37,2.07,0.0
20200516:0810,484.0,131.0,0.0,37.71,12.36,2.0,0.0
20200516:0910,606.0,146.0,0.0,46.9,14.29,2.14,0.0
20200516:1010,702.01,153.0,0.0,54.65,15.61,2.62,0.0
20200516:1110,603.01,250.0,0.0,59.57,16.42,2.41,0.0
20200516:1210,120.0,445.0,0.0,60.09,17.12,2.21,0.0
20200516:1310,561.01,249.0,0.0,56.01,17.66,2.34,0.0
20200516:1410,584.0,176.0,0.0,48.73,18.01,2.76,0.0
20200516:1510,488.0,148.0,0.0,39.76,18.09,3.03,0.0
20200516:1610,355.0,123.0,0.0,30.05,17.93,3.17,0.0
20200516:1710,214.0,94.0,0.0,20.15,17.49,3.1,0.0
20200516:1810,65.0,64.0,0.0,10.46,16.68,2.41,0.0
20200516:1910,0.0,0.0,0.0,0.0,15.06,2.9,0.0
20200516:2010,0.0,0.0,0.0,0.0,13.51,3.17,0.0
20200516:2110,0.0,0.0,0.0,0.0,12.45,3.45,0.0
20200516:2210,0.0,0.0,0.0,0.0,11.51,3.31,0.0
20200516:2310,0.0,0.0,0.0,0.0,10.63,2.9,0.0
20200517:0010,0.0,0.0,0.0,0.0,9.81,2.62,0.0
20200517:0110,0.0,0.0,0.0,0.0,9.09,2.41,0.0
20200517:0210,0.0,0.0,0.0,0.0,8.44,2.21,0.0
20200517:0310,0.0,0.0,0.0,0.0,7.74,2.07,0.0
20200517:0410,0.0,0.0,0.0,0.0,7.06,2.07,0.0
20200517:0510,55.0,49.0,0.0,8.6,6.83,1.79,0.0
20200517:0610,179.0,88.0,0.0,18.2,9.06,1.45,0.0
20200517:0710,331.0,111.0,0.0,28.08,11.23,2.0,0.0
20200517:0810,487.0,123.0,0.0,37.88,12.99,2.07,0.0
20200517:0910,604.0,140.0,0.0,47.08,14.27,2.14,0.0
20200517:1010,691.01,150.0,0.0,54.85,15.31,1.93,0.0
20200517:1110,734.01,159.0,0.0,59.79,16.22,1.79,0.0
20200517:1210,726.01,167.0,0.0,60.32,17.25,1.86,0.0
20200517:1310,705.01,152.0,0.0,56.21,17.81,1.72,0.0
20200517:1410,618.01,146.0,0.0,48.92,18.41,1.66,0.0
20200517:1510,503.0,132.0,0.0,39.93,18.58,1.59,0.0
20200517:1610,362.0,116.0,0.0,30.22,18.68,1.86,0.0
20200517:1710,211.0,93.0,0.0,20.32,18.52,2.14,0.0
20200517:1810,70.0,62.0,0.0,10.63,18.01,1.52,0.0
20200517:1910,0.0,2.0,0.0,1.5,16.81,1.45,0.0
20200517:2010,0.0,0.0,0.0,0.0,14.94,1.93,0.0
20200517:2110,0.0,0.0,0.0,0.0,13.34,2.14,0.0
20200517:2210,0.0,0.0,0.0,0.0,12.32,2.34,0.0
20200517:2310,0.0,0.0,0.0,0.0,11.66,2.62,0.0
20200518:0010,0.0,0.0,0.0,0.0,11.05,2.55,0.0
20200518:0110,0.0,0.0,0.0,0.0,10.39,2.14,0.0
20200518:0210,0.0,0.0,0.0,0.0,9.75,1.86,0.0
20200518:0310,0.0,0.0,0.0,0.0,9.04,1.79,0.0
20200518:0410,0.0,0.0,0.0,0.0,8.39,1.93,0.0
20200518:0510,60.0,49.0,0.0,8.77,8.33,1.79,0.0
20200518:0610,186.0,86.0,0.0,18.36,10.36,1.72,0.0
20200518:0710,219.0,172.0,0.0,28.23,12.16,1.79,0.0
20200518:0810,479.0,127.0,0.0,38.03,13.61,1.59,0.0
20200518:0910,522.0,187.0,0.0,47.25,15.32,1.31,0.0
20200518:1010,617.01,194.0,0.0,55.04,16.8,1.17,0.0
20200518:1110,730.01,160.0,0.0,60.01,18.16,1.31,0.0
20200518:1210,735.01,160.0,0.0,60.54,19.22,1.52,0.0
20200518:1310,702.01,152.0,0.0,56.42,20.04,1.66,0.0
20200518:1410,607.0,151.0,0.0,49.1,20.66,2.07,0.0
20200518:1510,488.0,139.0,0.0,40.1,20.98,2.48,0.0
20200518:1610,352.0,120.0,0.0,30.38,20.98,2.9,0.0
20200518:1710,211.0,94.0,0.0,20.49,20.65,3.03,0.0
20200518:1810,76.0,60.0,0.0,10.8,19.83,2.48,0.0
20200518:1910,0.0,2.0,0.0,1.68,18.16,2.48,0.0
20200518:2010,0.0,0.0,0.0,0.0,16.37,2.83,0.0
20200518:2110,0.0,0.0,0.0,0.0,15.01,3.03,0.0
20200518:2210,0.0,0.0,0.0,0.0,13.75,2.97,0.0
20200518:2310,0.0,0.0,0.0,0.0,12.5,2.83,0.0
20200519:0010,0.0,0.0,0.0,0.0,11.3,2.62,0.0
20200519:0110,0.0,0.0,0.0,0.0,10.21,2.34,0.0
20200519:0210,0.0,0.0,0.0,0.0,9.18,2.28,0.0
20200519:0310,0.0,0.0,0.0,0.0,8.23,2.21,0.0
20200519:0410,0.0,0.0,0.0,0.0,7.4,2.14,0.0
20200519:0510,65.0,49.0,0.0,8.92,7.12,1.86,0.0
20200519:0610,179.0,92.0,0.0,18.5,9.29,1.79,0.0
20200519:0710,332.0,116.0,0.0,28.38,11.8,2.0,0.0
20200519:0810,486.0,129.0,0.0,38.19,13.95,1.86,0.0
20200519:0910,608.0,144.0,0.0,47.41,16.13,2.0,0.0
20200519:1010,694.01,155.0,0.0,55.23,18.04,2.07,0.0
20200519:1110,721.01,174.0,0.0,60.22,19.62,2.0,0.0
20200519:1210,752.01,159.0,0.0,60.76,20.82,2.14,0.0
20200519:1310,709.01,156.0,0.0,56.62,21.68,2.41,0.0
20200519:1410,623.01,149.0,0.0,49.28,22.25,2.9,0.0
20200519:1510,493.0,144.0,0.0,40.27,22.52,3.24,0.0
20200519:1610,364.0,119.0,0.0,30.54,22.5,3.38,0.0
20200519:1710,204.0,101.0,0.0,20.65,22.25,3.24,0.0
20200519:1810,78.0,62.0,0.0,10.97,21.42,2.62,0.0
20200519:1910,0.0,2.0,0.0,1.85,19.6,2.76,0.0
20200519:2010,0.0,0.0,0.0,0.0,18.03,3.17,0.0
20200519:2110,0.0,0.0,0.0,0.0,16.94,3.38,0.0
20200519:2210,0.0,0.0,0.0,0.0,15.91,3.24,0.0
20200519:2310,0.0,0.0,0.0,0.0,14.92,2.97,0.0
20200520:0010,0.0,0.0,0.0,0.0,14.1,2.69,0.0
20200520:0110,0.0,0.0,0.0,0.0,13.48,2.55,0.0
20200520:0210,0.0,0.0,0.0,0.0,12.97,2.41,0.0
20200520:0310,0.0,0.0,0.0,0.0,12.55,2.41,0.0
20200520:0410,0.0,0.0,0.0,0.0,12.19,2.34,0.0
20200520:0510,55.0,53.0,0.0,9.07,12.26,2.14,0.0
20200520:0610,176.0,91.0,0.0,18.65,13.86,2.07,0.0
20200520:0710,328.0,113.0,0.0,28.52,16.49,2.07,0.0
20200520:0810,488.0,122.0,0.0,38.33,18.56,2.34,0.0
20200520:0910,605.0,137.0,0.0,47.57,20.39,2.41,0.0
20200520:1010,701.01,143.0,0.0,55.41,21.96,2.28,0.0
20200520:1110,744.01,151.0,0.0,60.42,23.18,2.07,0.0
20200520:1210,740.01,155.0,0.0,60.97,24.1,2.0,0.0
20200520:1310,707.01,148.0,0.0,56.81,24.8,2.14,0.0
20200520:1410,620.0,143.0,0.0,49.46,25.37,2.48,0.0
20200520:1510,498.0,134.0,0.0,40.44,25.65,2.69,0.0
20200520:1610,364.0,116.0,0.0,30.7,25.66,2.62,0.0
20200520:1710,219.0,92.0,0.0,20.81,25.4,2.34,0.0
20200520:1810,76.0,63.0,0.0,11.14,24.51,1.72,0.0
20200520:1910,0.0,2.0,0.0,2.03,23.16,1.93,0.0
20200520:2010,0.0,0.0,0.0,0.0,21.24,2.41,0.0
20200520:2110,0.0,0.0,0.0,0.0,19.78,2.69,0.0
20200520:2210,0.0,0.0,0.0,0.0,18.91,2.97,0.0
20200520:2310,0.0,0.0,0.0,0.0,18.2,3.03,0.0
20200521:0010,0.0,0.0,0.0,0.0,17.51,2.83,0.0
20200521:0110,0.0,0.0,0.0,0.0,16.83,2.62,0.0
20200521:0210,0.0,0.0,0.0,0.0,16.08,2.41,0.0
20200521:0310,0.0,0.0,0.0,0.0,15.27,2.21,0.0
20200521:0410,0.0,0.0,0.0,0.0,14.29,1.93,0.0
20200521:0510,15.0,62.0,0.0,9.22,14.16,1.24,0.0
20200521:0610,113.0,124.0,0.0,18.79,16.31,0.41,0.0
20200521:0710,250.0,159.0,0.0,28.66,19.11,0.62,0.0
20200521:0810,405.0,172.0,0.0,38.47,21.12,0.48,0.0
20200521:0910,398.0,260.0,0.0,47.73,22.91,0.34,0.0
20200521:1010,221.0,394.0,0.0,55.58,24.75,0.69,0.0
20200521:1110,336.0,381.0,0.0,60.62,25.91,1.03,0.0
20200521:1210,697.01,185.0,0.0,61.17,26.24,0.97,0.0
20200521:1310,683.01,165.0,0.0,57.01,26.54,0.62,0.0
20200521:1410,610.0,151.0,0.0,49.63,26.77,0.83,0.0
20200521:1510,498.0,137.0,0.0,40.6,26.91,1.1,0.0
20200521:1610,361.0,119.0,0.0,30.86,26.97,1.45,0.0
20200521:1710,185.0,111.0,0.0,20.96,26.71,1.59,0.0
20200521:1810,83.0,62.0,0.0,11.3,25.74,1.52,0.0
20200521:1910,0.0,3.0,0.0,2.2,23.85,2.28,0.0
20200521:2010,0.0,0.0,0.0,0.0,21.93,2.62,0.0
20200521:2110,0.0,0.0,0.0,0.0,20.75,2.9,0.0
20200521:2210,0.0,0.0,0.0,0.0,19.95,2.83,0.0
20200521:2310,0.0,0.0,0.0,0.0,19.24,2.9,0.0
20200522:0010,0.0,0.0,0.0,0.0,18.67,3.03,0.0
20200522:0110,0.0,0.0,0.0,0.0,18.14,3.1,0.0
20200522:0210,0.0,0.0,0.0,0.0,17.76,3.24,0.0
20200522:0310,0.0,0.0,0.0,0.0,17.51,3.24,0.0
20200522:0410,0.0,0.0,0.0,0.0,17.44,3.17,0.0
20200522:0510,0.0,28.0,0.0,9.36,17.73,3.1,0.0
20200522:0610,0.0,49.0,0.0,18.92,18.71,2.97,0.0
20200522:0710,0.0,110.0,0.0,28.79,19.75,3.03,0.0
20200522:0810,14.0,253.0,0.0,38.61,20.51,3.66,0.0
20200522:0910,356.0,277.0,0.0,47.87,21.58,3.72,0.0
20200522:1010,413.0,306.0,0.0,55.75,22.56,3.79,0.0
20200522:1110,93.0,428.0,0.0,60.81,23.49,4.14,0.0
20200522:1210,599.01,237.0,0.0,61.37,23.91,5.03,0.0
20200522:1310,297.0,369.0,0.0,57.19,24.35,6.14,0.0
20200522:1410,229.0,346.0,0.0,49.8,24.25,6.21,0.0
20200522:1510,184.0,293.0,0.0,40.75,23.65,5.66,0.0
20200522:1610,36.0,229.0,0.0,31.01,23.22,5.31,0.0
20200522:1710,2.0,114.0,0.0,21.12,22.46,4.76,0.0
20200522:1810,0.0,32.0,0.0,11.46,21.6,3.79,0.0
20200522:1910,0.0,1.0,0.0,2.36,19.19,2.07,0.0
20200522:2010,0.0,0.0,0.0,0.0,18.64,1.72,0.0
20200522:2110,0.0,0.0,0.0,0.0,18.2,1.03,0.0
20200522:2210,0.0,0.0,0.0,0.0,17.78,0.97,0.0
20200522:2310,0.0,0.0,0.0,0.0,17.24,1.38,0.0
20200523:0010,0.0,0.0,0.0,0.0,16.49,1.93,0.0
20200523:0110,0.0,0.0,0.0,0.0,15.45,2.48,0.0
20200523:0210,0.0,0.0,0.0,0.0,14.48,2.48,0.0
20200523:0310,0.0,0.0,0.0,0.0,13.76,2.34,0.0
20200523:0410,0.0,0.0,0.0,0.0,13.27,2.41,0.0
20200523:0510,0.0,34.0,0.0,9.49,13.02,2.34,0.0
20200523:0610,0.0,74.0,0.0,19.05,12.82,2.21,0.0
20200523:0710,0.0,66.0,0.0,28.92,11.95,2.76,0.0
20200523:0810,8.0,243.0,0.0,38.74,12.46,2.28,0.0
20200523:0910,16.0,314.0,0.0,48.01,13.83,3.38,0.0
20200523:1010,390.0,327.0,0.0,55.91,15.14,4.34,0.0
20200523:1110,419.0,345.0,0.0,61.0,16.58,5.03,0.0
20200523:1210,215.0,430.0,0.0,61.57,17.53,5.24,0.0
20200523:1310,143.0,420.0,0.0,57.37,18.19,5.66,0.0
20200523:1410,71.0,372.0,0.0,49.96,18.65,5.79,0.0
20200523:1510,217.0,289.0,0.0,40.91,18.83,5.72,0.0
20200523:1610,325.0,143.0,0.0,31.16,18.49,5.45,0.0
20200523:1710,213.0,100.0,0.0,21.27,18.02,4.9,0.0
20200523:1810,74.0,69.0,0.0,11.61,17.27,3.86,0.0
20200523:1910,0.0,2.0,0.0,2.53,16.16,3.31,0.0
20200523:2010,0.0,0.0,0.0,0.0,15.04,2.62,0.0
20200523:2110,0.0,0.0,0.0,0.0,13.75,2.41,0.0
20200523:2210,0.0,0.0,0.0,0.0,12.76,2.41,0.0
20200523:2310,0.0,0.0,0.0,0.0,12.35,2.41,0.0
20200524:0010,0.0,0.0,0.0,0.0,11.77,2.48,0.0
20200524:0110,0.0,0.0,0.0,0.0,11.25,2.55,0.0
20200524:0210,0.0,0.0,0.0,0.0,10.64,2.69,0.0
20200524:0310,0.0,0.0,0.0,0.0,10.07,2.76,0.0
20200524:0410,0.0,0.0,0.0,0.0,9.55,2.69,0.0
20200524:0510,69.0,53.0,0.0,9.62,9.51,2.55,0.0
20200524:0610,174.0,100.0,0.0,19.17,10.65,2.55,0.0
20200524:0710,265.0,157.0,0.0,29.04,12.34,3.59,0.0
20200524:0810,450.0,153.0,0.0,38.86,13.6,3.24,0.0
20200524:0910,592.0,154.0,0.0,48.15,14.75,3.03,0.0
20200524:1010,658.01,179.0,0.0,56.07,15.59,2.9,0.0
20200524:1110,444.0,337.0,0.0,61.17,16.52,2.9,0.0
20200524:1210,625.01,239.0,0.0,61.76,17.1,3.1,0.0
20200524:1310,545.0,258.0,0.0,57.55,17.65,3.38,0.0
20200524:1410,489.0,233.0,0.0,50.13,18.04,3.52,0.0
20200524:1510,365.0,222.0,0.0,41.06,18.25,3.52,0.0
20200524:1610,268.0,179.0,0.0,31.31,18.19,3.45,0.0
20200524:1710,178.0,122.0,0.0,21.42,18.12,3.31,0.0
20200524:1810,74.0,71.0,0.0,11.76,17.83,2.69,0.0
20200524:1910,0.0,9.0,0.0,2.69,17.01,1.86,0.0
20200524:2010,0.0,0.0,0.0,0.0,15.61,2.28,0.0
20200524:2110,0.0,0.0,0.0,0.0,14.39,2.69,0.0
20200524:2210,0.0,0.0,0.0,0.0,13.61,2.76,0.0
20200524:2310,0.0,0.0,0.0,0.0,12.98,2.69,0.0
20200525:0010,0.0,0.0,0.0,0.0,12.25,2.55,0.0
20200525:0110,0.0,0.0,0.0,0.0,11.66,2.34,0.0
20200525:0210,0.0,0.0,0.0,0.0,11.04,2.14,0.0
20200525:0310,0.0,0.0,0.0,0.0,10.46,1.93,0.0
20200525:0410,0.0,0.0,0.0,0.0,9.75,1.86,0.0
20200525:0510,64.0,56.0,0.0,9.74,9.75,1.66,0.0
20200525:0610,185.0,95.0,0.0,19.28,12.14,1.66,0.0
20200525:0710,320.0,127.0,0.0,29.15,14.67,1.86,0.0
20200525:0810,482.0,134.0,0.0,38.98,16.42,2.0,0.0
20200525:0910,617.0,141.0,0.0,48.28,18.24,2.34,0.0
20200525:1010,587.0,222.0,0.0,56.21,19.65,3.1,0.0
20200525:1110,127.0,442.0,0.0,61.35,20.75,4.0,0.0
20200525:1210,328.0,394.0,0.0,61.94,21.24,4.14,0.0
20200525:1310,62.0,410.0,0.0,57.73,21.61,4.14,0.0
20200525:1410,110.0,382.0,0.0,50.28,21.92,3.93,0.0
20200525:1510,106.0,321.0,0.0,41.21,22.05,3.72,0.0
20200525:1610,180.0,221.0,0.0,31.45,21.98,3.66,0.0
20200525:1710,196.0,113.0,0.0,21.56,21.73,3.38,0.0
20200525:1810,98.0,62.0,0.0,11.91,21.12,2.62,0.0
20200525:1910,0.0,9.0,0.0,2.84,19.53,2.9,0.0
20200525:2010,0.0,0.0,0.0,0.0,17.85,3.1,0.0
20200525:2110,0.0,0.0,0.0,0.0,16.82,3.17,0.0
20200525:2210,0.0,0.0,0.0,0.0,16.03,3.1,0.0
20200525:2310,0.0,0.0,0.0,0.0,15.19,2.9,0.0
20200526:0010,0.0,0.0,0.0,0.0,14.43,2.76,0.0
20200526:0110,0.0,0.0,0.0,0.0,13.7,2.69,0.0
20200526:0210,0.0,0.0,0.0,0.0,13.03,2.62,0.0
20200526:0310,0.0,0.0,0.0,0.0,12.41,2.55,0.0
20200526:0410,0.0,0.0,0.0,0.0,11.83,2.48,0.0
20200526:0510,61.0,59.0,0.0,9.86,11.89,2.34,0.0
20200526:0610,185.0,97.0,0.0,19.39,13.66,2.21,0.0
20200526:0710,324.0,127.0,0.0,29.26,16.23,2.41,0.0
20200526:0810,463.0,147.0,0.0,39.09,18.28,2.69,0.0
20200526:0910,606.0,148.0,0.0,48.4,19.91,3.52,0.0
20200526:1010,699.01,156.0,0.0,56.36,21.1,4.07,0.0
20200526:1110,751.01,160.0,0.0,61.51,22.13,4.28,0.0
20200526:1210,757.01,160.0,0.0,62.12,22.92,4.28,0.0
20200526:1310,725.01,152.0,0.0,57.89,23.54,4.28,0.0
20200526:1410,630.0,151.0,0.0,50.44,23.92,4.34,0.0
20200526:1510,511.0,140.0,0.0,41.35,24.08,4.41,0.0
20200526:1610,364.0,127.0,0.0,31.59,23.9,4.55,0.0
20200526:1710,230.0,97.0,0.0,21.7,23.43,4.41,0.0
20200526:1810,88.0,68.0,0.0,12.06,22.49,3.66,0.0
20200526:1910,0.0,10.0,0.0,3.0,21.04,3.1,0.0
20200526:2010,0.0,0.0,0.0,0.0,19.42,3.17,0.0
20200526:2110,0.0,0.0,0.0,0.0,18.33,3.24,0.0
20200526:2210,0.0,0.0,0.0,0.0,17.49,3.17,0.0
20200526:2310,0.0,0.0,0.0,0.0,16.74,3.17,0.0
20200527:0010,0.0,0.0,0.0,0.0,16.11,3.24,0.0
20200527:0110,0.0,0.0,0.0,0.0,15.49,3.17,0.0
20200527:0210,0.0,0.0,0.0,0.0,14.82,2.9,0.0
20200527:0310,0.0,0.0,0.0,0.0,14.12,2.69,0.0
20200527:0410,0.0,0.0,0.0,0.0,13.4,2.55,0.0
20200527:0510,64.0,57.0,0.0,9.97,13.29,2.34,0.0
20200527:0610,178.0,99.0,0.0,19.5,14.7,2.28,0.0
20200527:0710,330.0,121.0,0.0,29.36,16.65,2.55,0.0
20200527:0810,447.0,154.0,0.0,39.19,18.63,2.62,0.0
20200527:0910,605.0,146.0,0.0,48.51,20.5,2.9,0.0
20200527:1010,699.01,152.0,0.0,56.49,21.91,3.45,0.0
20200527:1110,741.01,161.0,0.0,61.67,22.88,3.66,0.0
20200527:1210,747.01,160.0,0.0,62.29,23.64,3.66,0.0
20200527:1310,668.01,181.0,0.0,58.06,24.19,3.59,0.0
20200527:1410,622.0,151.0,0.0,50.59,24.58,3.59,0.0
20200527:1510,495.0,146.0,0.0,41.49,24.72,3.66,0.0
20200527:1610,364.0,125.0,0.0,31.73,24.58,3.72,0.0
20200527:1710,200.0,112.0,0.0,21.84,24.18,3.72,0.0
20200527:1810,80.0,72.0,0.0,12.2,23.34,3.1,0.0
20200527:1910,0.0,12.0,0.0,3.14,21.88,3.72,0.0
20200527:2010,0.0,0.0,0.0,0.0,20.28,4.48,0.0
20200527:2110,0.0,0.0,0.0,0.0,19.01,4.76,0.0
20200527:2210,0.0,0.0,0.0,0.0,17.85,4.34,0.0
20200527:2310,0.0,0.0,0.0,0.0,16.77,3.86,0.0
20200528:0010,0.0,0.0,0.0,0.0,15.81,3.59,0.0
20200528:0110,0.0,0.0,0.0,0.0,14.9,3.52,0.0
20200528:0210,0.0,0.0,0.0,0.0,14.05,3.45,0.0
20200528:0310,0.0,0.0,0.0,0.0,13.24,3.38,0.0
20200528:0410,0.0,0.0,0.0,0.0,12.51,3.24,0.0
20200528:0510,63.0,59.0,0.0,10.07,12.32,3.1,0.0
20200528:0610,193.0,94.0,0.0,19.6,13.21,3.52,0.0
20200528:0710,338.0,120.0,0.0,29.45,15.19,3.79,0.0
20200528:0810,488.0,134.0,0.0,39.29,17.01,3.72,0.0
20200528:0910,615.0,144.0,0.0,48.62,18.82,3.79,0.0
20200528:1010,709.01,151.0,0.0,56.62,20.38,4.0,0.0
20200528:1110,752.01,159.0,0.0,61.83,21.6,3.93,0.0
20200528:1210,758.01,159.0,0.0,62.45,22.58,4.07,0.0
20200528:1310,726.01,152.0,0.0,58.22,23.29,4.21,0.0
20200528:1410,621.0,157.0,0.0,50.73,23.75,4.14,0.0
20200528:1510,504.0,146.0,0.0,41.63,24.0,4.0,0.0
20200528:1610,377.0,123.0,0.0,31.87,23.98,3.86,0.0
20200528:1710,233.0,98.0,0.0,21.98,23.65,3.86,0.0
20200528:1810,91.0,69.0,0.0,12.34,22.82,3.24,0.0
20200528:1910,0.0,13.0,0.0,3.29,21.02,3.24,0.0
20200528:2010,0.0,0.0,0.0,0.0,19.32,3.52,0.0
20200528:2110,0.0,0.0,0.0,0.0,18.19,3.79,0.0
20200528:2210,0.0,0.0,0.0,0.0,17.3,3.86,0.0
20200528:2310,0.0,0.0,0.0,0.0,16.46,3.66,0.0
20200529:0010,0.0,0.0,0.0,0.0,15.64,3.45,0.0
20200529:0110,0.0,0.0,0.0,0.0,14.92,3.38,0.0
20200529:0210,0.0,0.0,0.0,0.0,14.23,3.38,0.0
20200529:0310,0.0,0.0,0.0,0.0,13.58,3.31,0.0
20200529:0410,0.0,0.0,0.0,0.0,12.95,3.24,0.0
20200529:0510,80.0,54.0,0.0,10.17,12.86,3.17,0.0
20200529:0610,203.0,93.0,0.0,19.69,14.05,2.97,0.0
20200529:0710,338.0,126.0,0.0,29.54,16.11,3.59,0.0
20200529:0810,503.0,133.0,0.0,39.39,18.0,3.72,0.0
20200529:0910,623.0,148.0,0.0,48.73,19.62,4.41,0.0
20200529:1010,718.01,155.0,0.0,56.74,20.71,4.76,0.0
20200529:1110,771.01,158.0,0.0,61.97,21.6,4.76,0.0
20200529:1210,777.01,159.0,0.0,62.61,22.39,4.76,0.0
20200529:1310,745.01,151.0,0.0,58.37,23.01,4.76,0.0
20200529:1410,650.0,149.0,0.0,50.88,23.44,4.76,0.0
20200529:1510,529.0,139.0,0.0,41.77,23.61,4.76,0.0
20200529:1610,386.0,124.0,0.0,32.0,23.49,4.62,0.0
20200529:1710,244.0,97.0,0.0,22.11,23.12,4.28,0.0
20200529:1810,105.0,66.0,0.0,12.48,22.31,3.31,0.0
20200529:1910,0.0,14.0,0.0,3.43,20.67,2.76,0.0
20200529:2010,0.0,0.0,0.0,0.0,18.89,2.62,0.0
20200529:2110,0.0,0.0,0.0,0.0,17.54,2.48,0.0
20200529:2210,0.0,0.0,0.0,0.0,16.37,2.41,0.0
20200529:2310,0.0,0.0,0.0,0.0,15.25,2.41,0.0
20200530:0010,0.0,0.0,0.0,0.0,14.28,2.41,0.0
20200530:0110,0.0,0.0,0.0,0.0,13.46,2.41,0.0
20200530:0210,0.0,0.0,0.0,0.0,12.73,2.41,0.0
20200530:0310,0.0,0.0,0.0,0.0,12.1,2.41,0.0
20200530:0410,0.0,1.0,0.0,1.43,11.59,2.48,0.0
20200530:0510,79.0,55.0,0.0,10.26,11.88,2.34,0.0
20200530:0610,211.0,89.0,0.0,19.78,14.22,2.21,0.0
20200530:0710,360.0,112.0,0.0,29.63,16.76,2.48,0.0
20200530:0810,517.0,123.0,0.0,39.47,18.83,2.9,0.0
20200530:0910,641.0,136.0,0.0,48.82,20.54,3.52,0.0
20200530:1010,739.01,140.0,0.0,56.86,21.57,4.07,0.0
20200530:1110,773.01,153.0,0.0,62.11,22.38,4.07,0.0
20200530:1210,779.01,154.0,0.0,62.77,23.06,4.07,0.0
20200530:1310,757.01,141.0,0.0,58.52,23.57,4.21,0.0
20200530:1410,660.0,141.0,0.0,51.02,23.89,4.28,0.0
20200530:1510,537.0,133.0,0.0,41.9,24.0,4.34,0.0
20200530:1610,387.0,122.0,0.0,32.12,23.81,4.34,0.0
20200530:1710,247.0,96.0,0.0,22.24,23.46,3.93,0.0
20200530:1810,108.0,65.0,0.0,12.61,22.79,2.28,0.0
20200530:1910,1.0,14.82,0.0,3.57,21.36,3.31,0.0
20200530:2010,0.0,0.0,0.0,0.0,19.81,3.52,0.0
20200530:2110,0.0,0.0,0.0,0.0,18.69,3.45,0.0
20200530:2210,0.0,0.0,0.0,0.0,17.55,2.76,0.0
20200530:2310,0.0,0.0,0.0,0.0,16.43,2.41,0.0
20200531:0010,0.0,0.0,0.0,0.0,15.46,2.55,0.0
20200531:0110,0.0,0.0,0.0,0.0,14.83,2.97,0.0
20200531:0210,0.0,0.0,0.0,0.0,14.46,3.24,0.0
20200531:0310,0.0,0.0,0.0,0.0,14.01,3.17,0.0
20200531:0410,0.0,1.0,0.0,1.52,13.51,3.1,0.0
20200531:0510,78.0,56.0,0.0,10.35,13.57,3.03,0.0
20200531:0610,196.0,96.0,0.0,19.86,14.84,2.97,0.0
20200531:0710,339.0,123.0,0.0,29.71,16.78,3.45,0.0
20200531:0810,488.0,138.0,0.0,39.56,18.5,4.07,0.0
20200531:0910,622.0,145.0,0.0,48.92,19.69,5.03,0.0
20200531:1010,717.01,151.0,0.0,56.97,20.5,5.24,0.0
20200531:1110,760.01,159.0,0.0,62.25,21.24,5.24,0.0
20200531:1210,766.01,160.0,0.0,62.92,21.97,4.97,0.0
20200531:1310,713.01,164.0,0.0,58.66,22.82,4.55,0.0
20200531:1410,443.0,268.0,0.0,51.15,23.6,4.28,0.0
20200531:1510,442.0,189.0,0.0,42.03,23.76,4.28,0.0
20200531:1610,381.0,125.0,0.0,32.25,23.61,4.28,0.0
20200531:1710,241.0,99.0,0.0,22.36,23.07,3.86,0.0
20200531:1810,115.0,63.0,0.0,12.74,22.4,3.03,0.0
20200531:1910,1.0,15.81,0.0,3.7,20.44,2.9,0.0
20200531:2010,0.0,0.0,0.0,0.0,18.9,2.55,0.0
20200531:2110,0.0,0.0,0.0,0.0,17.66,2.48,0.0
20200531:2210,0.0,0.0,0.0,0.0,16.52,2.55,0.0
20200531:2310,0.0,0.0,0.0,0.0,15.58,2.76,0.0
20200601:0010,0.0,0.0,0.0,0.0,14.93,2.83,0.0
20200601:0110,0.0,0.0,0.0,0.0,14.41,2.97,0.0
20200601:0210,0.0,0.0,0.0,0.0,13.95,3.1,0.0
20200601:0310,0.0,0.0,0.0,0.0,13.63,3.24,0.0
20200601:0410,0.0,3.0,0.0,1.61,13.38,3.31,0.0
20200601:0510,70.0,60.0,0.0,10.43,13.56,3.1,0.0
20200601:0610,198.0,96.0,0.0,19.93,14.93,2.9,0.0
20200601:0710,337.0,124.0,0.0,29.78,16.89,3.38,0.0
20200601:0810,478.0,143.0,0.0,39.63,18.85,3.31,0.0
20200601:0910,620.0,145.0,0.0,49.0,20.65,3.17,0.0
20200601:1010,693.01,164.0,0.0,57.07,22.24,3.17,0.0
20200601:1110,745.01,168.0,0.0,62.38,23.68,3.38,0.0
20200601:1210,751.01,168.0,0.0,63.06,24.79,3.52,0.0
20200601:1310,697.01,174.0,0.0,58.8,25.22,3.45,0.0
20200601:1410,639.0,152.0,0.0,51.28,25.65,3.31,0.0
20200601:1510,520.0,142.0,0.0,42.15,25.76,3.17,0.0
20200601:1610,407.0,113.0,0.0,32.37,25.75,3.03,0.0
20200601:1710,226.0,107.0,0.0,22.48,25.62,3.03,0.0
20200601:1810,95.0,73.0,0.0,12.86,24.88,2.28,0.0
20200601:1910,6.0,19.58,0.0,3.83,23.39,1.59,0.0
20200601:2010,0.0,0.0,0.0,0.0,21.15,1.66,0.0
20200601:2110,0.0,0.0,0.0,0.0,19.09,1.59,0.0
20200601:2210,0.0,0.0,0.0,0.0,17.46,1.79,0.0
20200601:2310,0.0,0.0,0.0,0.0,16.27,2.34,0.0
20200602:0010,0.0,0.0,0.0,0.0,15.52,2.48,0.0
20200602:0110,0.0,0.0,0.0,0.0,15.14,2.55,0.0
20200602:0210,0.0,0.0,0.0,0.0,14.78,2.55,0.0
20200602:0310,0.0,0.0,0.0,0.0,14.37,2.48,0.0
20200602:0410,0.0,6.0,0.0,1.7,13.91,2.41,0.0
20200602:0510,73.0,59.0,0.0,10.51,14.13,2.14,0.0
20200602:0610,197.0,96.0,0.0,20.0,16.64,1.79,0.0
20200602:0710,350.0,117.0,0.0,29.85,19.41,1.45,0.0
20200602:0810,503.0,129.0,0.0,39.7,21.54,1.24,0.0
20200602:0910,633.0,138.0,0.0,49.08,23.47,1.17,0.0
20200602:1010,701.01,158.0,0.0,57.17,25.14,1.52,0.0
20200602:1110,754.01,161.0,0.0,62.5,26.51,2.07,0.0
20200602:1210,747.01,169.0,0.0,63.19,27.04,2.0,0.0
20200602:1310,694.01,174.0,0.0,58.94,27.61,1.66,0.0
20200602:1410,602.0,173.0,0.0,51.41,27.79,1.24,0.0
20200602:1510,481.0,165.0,0.0,42.27,27.78,0.97,0.0
20200602:1610,351.0,143.0,0.0,32.49,27.73,0.83,0.0
20200602:1710,155.0,144.0,0.0,22.6,27.5,1.03,0.0
20200602:1810,72.0,84.0,0.0,12.98,26.83,1.17,0.0
20200602:1910,1.0,16.81,0.0,3.96,25.24,1.66,0.0
20200602:2010,0.0,0.0,0.0,0.0,23.4,1.93,0.0
20200602:2110,0.0,0.0,0.0,0.0,21.65,2.07,0.0
20200602:2210,0.0,0.0,0.0,0.0,20.46,2.34,0.0
20200602:2310,0.0,0.0,0.0,0.0,19.5,2.41,0.0
20200603:0010,0.0,0.0,0.0,0.0,18.65,2.21,0.0
20200603:0110,0.0,0.0,0.0,0.0,17.79,2.0,0.0
20200603:0210,0.0,0.0,0.0,0.0,17.08,2.34,0.0
20200603:0310,0.0,0.0,0.0,0.0,16.7,2.69,0.0
20200603:0410,0.0,3.0,0.0,1.78,16.28,2.62,0.0
20200603:0510,54.0,67.0,0.0,10.58,16.31,2.34,0.0
20200603:0610,142.0,123.0,0.0,20.07,17.23,2.14,0.0
20200603:0710,317.0,132.0,0.0,29.91,18.51,1.86,0.0
20200603:0810,450.0,155.0,0.0,39.77,20.01,1.72,0.0
20200603:0910,546.0,184.0,0.0,49.15,21.25,1.52,0.0
20200603:1010,642.01,189.0,0.0,57.26,22.47,1.38,0.0
20200603:1110,677.01,204.0,0.0,62.61,23.15,1.72,0.0
20200603:1210,487.0,319.0,0.0,63.32,23.65,1.93,0.0
20200603:1310,272.0,395.0,0.0,59.07,24.16,1.79,0.0
20200603:1410,204.0,370.0,0.0,51.53,24.27,1.86,0.0
20200603:1510,94.0,325.0,0.0,42.39,24.25,2.28,0.0
20200603:1610,171.0,231.0,0.0,32.6,23.49,2.69,0.0
20200603:1710,1.0,111.0,0.0,22.72,22.87,2.62,0.0
20200603:1810,0.0,28.0,0.0,13.1,22.07,2.48,0.0
20200603:1910,0.0,3.0,0.0,4.08,20.66,1.59,0.0
20200603:2010,0.0,0.0,0.0,0.0,18.67,1.1,0.0
20200603:2110,0.0,0.0,0.0,0.0,17.54,0.97,0.0
20200603:2210,0.0,0.0,0.0,0.0,16.43,2.28,0.0
20200603:2310,0.0,0.0,0.0,0.0,15.32,3.1,0.0
20200604:0010,0.0,0.0,0.0,0.0,14.62,3.1,0.0
20200604:0110,0.0,0.0,0.0,0.0,13.87,2.48,0.0
20200604:0210,0.0,0.0,0.0,0.0,13.5,2.41,0.0
20200604:0310,0.0,0.0,0.0,0.0,13.19,2.9,0.0
20200604:0410,0.0,2.0,0.0,1.85,12.56,3.45,0.0
20200604:0510,0.0,12.0,0.0,10.64,12.28,3.79,0.0
20200604:0610,0.0,26.0,0.0,20.13,12.53,3.72,0.0
20200604:0710,0.0,53.0,0.0,29.97,12.69,3.24,0.0
20200604:0810,0.0,70.0,0.0,39.83,13.58,3.17,0.0
20200604:0910,0.0,182.0,0.0,49.22,14.28,3.31,0.0
20200604:1010,0.0,211.0,0.0,57.34,14.64,3.45,0.0
20200604:1110,10.0,355.0,0.0,62.72,15.86,4.07,0.0
20200604:1210,230.0,430.0,0.0,63.45,17.01,4.21,0.0
20200604:1310,30.0,384.0,0.0,59.19,17.72,3.93,0.0
20200604:1410,0.0,133.0,0.0,51.64,18.07,4.21,0.0
20200604:1510,0.0,128.0,0.0,42.5,16.42,4.55,0.0
20200604:1610,1.0,167.0,0.0,32.71,15.65,4.34,0.0
20200604:1710,0.0,58.0,0.0,22.83,15.99,4.28,0.0
20200604:1810,24.0,94.0,0.0,13.22,15.87,3.93,0.0
20200604:1910,2.0,21.55,0.0,4.2,14.05,3.86,0.0
20200604:2010,0.0,0.0,0.0,0.0,13.69,3.79,0.0
20200604:2110,0.0,0.0,0.0,0.0,13.39,3.59,0.0
20200604:2210,0.0,0.0,0.0,0.0,12.83,3.38,0.0
20200604:2310,0.0,0.0,0.0,0.0,12.49,3.45,0.0
20200605:0010,0.0,0.0,0.0,0.0,12.02,3.17,0.0
20200605:0110,0.0,0.0,0.0,0.0,11.86,3.17,0.0
20200605:0210,0.0,0.0,0.0,0.0,11.68,3.31,0.0
20200605:0310,0.0,0.0,0.0,0.0,11.42,3.59,0.0
20200605:0410,0.0,1.0,0.0,1.92,11.54,3.93,0.0
20200605:0510,1.0,51.0,0.0,10.7,11.6,3.79,0.0
20200605:0610,37.0,151.0,0.0,20.18,11.71,4.21,0.0
20200605:0710,22.0,214.0,0.0,30.02,11.65,5.45,0.0
20200605:0810,0.0,109.0,0.0,39.88,12.14,5.93,0.0
20200605:0910,2.0,255.0,0.0,49.28,12.98,6.07,0.0
20200605:1010,73.0,410.0,0.0,57.42,14.39,6.97,0.0
20200605:1110,0.0,155.0,0.0,62.82,15.39,6.97,0.0
20200605:1210,0.0,100.0,0.0,63.57,16.47,7.45,0.0
20200605:1310,0.0,117.0,0.0,59.31,16.56,7.38,0.0
20200605:1410,0.0,122.0,0.0,51.76,16.48,6.48,0.0
20200605:1510,0.0,181.0,0.0,42.61,16.52,6.48,0.0
20200605:1610,18.0,228.0,0.0,32.82,16.3,6.28,0.0
20200605:1710,0.0,69.0,0.0,22.94,15.9,5.72,0.0
20200605:1810,0.0,29.0,0.0,13.32,15.58,4.83,0.0
20200605:1910,0.0,5.0,0.0,4.31,14.01,3.45,0.0
20200605:2010,0.0,0.0,0.0,0.0,13.51,3.45,0.0
20200605:2110,0.0,0.0,0.0,0.0,13.14,3.1,0.0
20200605:2210,0.0,0.0,0.0,0.0,12.98,3.17,0.0
20200605:2310,0.0,0.0,0.0,0.0,12.82,3.38,0.0
20200606:0010,0.0,0.0,0.0,0.0,12.71,3.31,0.0
20200606:0110,0.0,0.0,0.0,0.0,12.62,3.17,0.0
20200606:0210,0.0,0.0,0.0,0.0,12.57,3.31,0.0
20200606:0310,0.0,0.0,0.0,0.0,12.33,3.72,0.0
20200606:0410,0.0,8.0,0.0,1.98,11.57,4.21,0.0
20200606:0510,10.0,72.0,0.0,10.76,11.61,4.34,0.0
20200606:0610,61.0,154.0,0.0,20.23,12.08,4.21,0.0
20200606:0710,26.0,222.0,0.0,30.07,12.55,5.31,0.0
20200606:0810,431.0,175.0,0.0,39.93,13.27,5.03,0.0
20200606:0910,427.0,263.0,0.0,49.34,14.36,5.03,0.0
20200606:1010,200.0,414.0,0.0,57.49,15.32,5.24,0.0
20200606:1110,202.0,442.0,0.0,62.91,16.23,5.86,0.0
20200606:1210,113.0,453.0,0.0,63.68,17.16,6.28,0.0
20200606:1310,205.0,424.0,0.0,59.42,17.31,6.34,0.0
20200606:1410,106.0,392.0,0.0,51.87,17.17,6.21,0.0
20200606:1510,13.0,278.0,0.0,42.71,17.22,6.0,0.0
20200606:1610,355.0,148.0,0.0,32.92,16.98,5.66,0.0
20200606:1710,77.0,176.0,0.0,23.04,16.65,5.31,0.0
20200606:1810,22.0,96.0,0.0,13.43,16.08,4.48,0.0
20200606:1910,8.0,23.96,0.0,4.42,15.01,3.59,0.0
20200606:2010,0.0,0.0,0.0,0.0,13.57,3.24,0.0
20200606:2110,0.0,0.0,0.0,0.0,12.39,2.97,0.0
20200606:2210,0.0,0.0,0.0,0.0,11.26,2.69,0.0
20200606:2310,0.0,0.0,0.0,0.0,10.45,2.69,0.0
20200607:0010,0.0,0.0,0.0,0.0,10.02,2.76,0.0
20200607:0110,0.0,0.0,0.0,0.0,9.66,2.83,0.0
20200607:0210,0.0,0.0,0.0,0.0,9.57,2.83,0.0
20200607:0310,0.0,0.0,0.0,0.0,9.48,2.76,0.0
20200607:0410,0.0,5.0,0.0,2.03,9.05,2.69,0.0
20200607:0510,78.0,60.0,0.0,10.8,9.62,2.55,0.0
20200607:0610,16.0,142.0,0.0,20.27,10.79,2.97,0.0
20200607:0710,70.0,235.0,0.0,30.11,12.36,3.45,0.0
20200607:0810,35.0,292.0,0.0,39.97,13.81,3.52,0.0
20200607:0910,70.0,368.0,0.0,49.39,14.63,3.03,0.0
20200607:1010,6.0,323.0,0.0,57.56,15.18,2.62,0.0
20200607:1110,0.0,263.0,0.0,63.0,15.91,2.62,0.0
20200607:1210,30.0,406.0,0.0,63.78,16.68,2.69,0.0
20200607:1310,63.0,418.0,0.0,59.53,17.65,2.55,0.0
20200607:1410,33.0,358.0,0.0,51.97,18.07,2.48,0.0
20200607:1510,77.0,329.0,0.0,42.81,18.13,2.34,0.0
20200607:1610,338.0,156.0,0.0,33.02,17.46,1.86,0.0
20200607:1710,140.0,156.0,0.0,23.14,16.72,2.0,0.0
20200607:1810,85.0,84.0,0.0,13.53,15.35,1.66,0.0
20200607:1910,1.0,20.8,0.0,4.52,14.95,0.9,0.0
20200607:2010,0.0,0.0,0.0,0.0,14.09,1.52,0.0
20200607:2110,0.0,0.0,0.0,0.0,13.01,1.52,0.0
20200607:2210,0.0,0.0,0.0,0.0,12.15,1.52,0.0
20200607:2310,0.0,0.0,0.0,0.0,10.98,1.72,0.0
20200608:0010,0.0,0.0,0.0,0.0,10.67,1.79,0.0
20200608:0110,0.0,0.0,0.0,0.0,10.45,1.93,0.0
20200608:0210,0.0,0.0,0.0,0.0,10.4,1.93,0.0
20200608:0310,0.0,0.0,0.0,0.0,10.34,1.93,0.0
20200608:0410,0.0,4.0,0.0,2.08,10.21,2.07,0.0
20200608:0510,51.0,71.0,0.0,10.85,10.42,2.07,0.0
20200608:0610,181.0,107.0,0.0,20.31,11.42,2.21,0.0
20200608:0710,323.0,133.0,0.0,30.14,13.32,2.14,0.0
20200608:0810,490.0,136.0,0.0,40.0,14.86,2.55,0.0
20200608:0910,239.0,346.0,0.0,49.43,15.99,2.76,0.0
20200608:1010,363.0,350.0,0.0,57.61,16.93,2.69,0.0
20200608:1110,372.0,378.0,0.0,63.08,17.58,2.62,0.0
20200608:1210,195.0,444.0,0.0,63.88,18.29,2.69,0.0
20200608:1310,41.0,401.0,0.0,59.63,18.7,3.17,0.0
20200608:1410,226.0,369.0,0.0,52.07,18.27,3.24,0.0
20200608:1510,175.0,318.0,0.0,42.91,17.5,3.59,0.0
20200608:1610,1.0,168.0,0.0,33.12,16.6,4.34,0.0
20200608:1710,7.0,147.0,0.0,23.24,16.23,4.34,0.0
20200608:1810,0.0,46.0,0.0,13.63,15.65,4.21,0.0
20200608:1910,0.0,17.0,0.0,4.62,14.64,4.41,0.0
20200608:2010,0.0,0.0,0.0,0.0,13.76,4.14,0.0
20200608:2110,0.0,0.0,0.0,0.0,12.88,3.79,0.0
20200608:2210,0.0,0.0,0.0,0.0,12.22,3.59,0.0
20200608:2310,0.0,0.0,0.0,0.0,11.49,3.45,0.0
20200609:0010,0.0,0.0,0.0,0.0,10.8,3.17,0.0
20200609:0110,0.0,0.0,0.0,0.0,10.18,3.03,0.0
20200609:0210,0.0,0.0,0.0,0.0,9.7,3.1,0.0
20200609:0310,0.0,0.0,0.0,0.0,9.32,3.1,0.0
20200609:0410,0.0,1.0,0.0,2.12,9.12,3.17,0.0
20200609:0510,0.0,40.0,0.0,10.88,9.38,3.17,0.0
20200609:0610,0.0,82.0,0.0,20.34,10.01,3.59,0.0
20200609:0710,0.0,128.0,0.0,30.17,11.34,4.41,0.0
20200609:0810,4.0,235.0,0.0,40.04,12.43,4.14,0.0
20200609:0910,10.0,305.0,0.0,49.47,13.51,3.93,0.0
20200609:1010,13.0,348.0,0.0,57.67,14.34,3.66,0.0
20200609:1110,7.0,344.0,0.0,63.15,15.2,3.45,0.0
20200609:1210,0.0,260.0,0.0,63.97,16.03,3.45,0.0
20200609:1310,20.0,374.0,0.0,59.73,16.39,3.52,0.0
20200609:1410,56.0,378.0,0.0,52.16,16.49,3.52,0.0
20200609:1510,293.0,274.0,0.0,43.0,16.44,3.38,0.0
20200609:1610,340.0,157.0,0.0,33.21,16.39,3.31,0.0
20200609:1710,126.0,164.0,0.0,23.33,16.52,3.24,0.0
20200609:1810,23.0,98.0,0.0,13.72,16.19,2.76,0.0
20200609:1910,4.0,25.05,0.0,4.71,15.69,2.48,0.0
20200609:2010,0.0,0.0,0.0,0.0,14.67,2.21,0.0
20200609:2110,0.0,0.0,0.0,0.0,13.61,2.0,0.0
20200609:2210,0.0,0.0,0.0,0.0,13.01,1.86,0.0
20200609:2310,0.0,0.0,0.0,0.0,12.37,1.86,0.0
20200610:0010,0.0,0.0,0.0,0.0,11.72,1.86,0.0
20200610:0110,0.0,0.0,0.0,0.0,11.2,1.86,0.0
20200610:0210,0.0,0.0,0.0,0.0,10.75,1.93,0.0
20200610:0310,0.0,0.0,0.0,0.0,10.2,1.93,0.0
20200610:0410,0.0,8.0,0.0,2.16,9.65,1.79,0.0
20200610:0510,47.0,73.0,0.0,10.91,9.56,1.38,0.0
20200610:0610,179.0,108.0,0.0,20.36,11.68,1.17,0.0
20200610:0710,290.0,153.0,0.0,30.19,12.93,1.17,0.0
20200610:0810,288.0,250.0,0.0,40.06,14.62,1.03,0.0
20200610:0910,387.0,280.0,0.0,49.5,15.92,1.45,0.0
20200610:1010,129.0,421.0,0.0,57.71,16.57,1.38,0.0
20200610:1110,138.0,448.0,0.0,63.22,16.76,1.45,0.0
20200610:1210,155.0,451.0,0.0,64.06,17.34,1.59,0.0
20200610:1310,27.0,384.0,0.0,59.82,17.67,1.66,0.0
20200610:1410,463.0,261.0,0.0,52.25,18.0,1.79,0.0
20200610:1510,130.0,330.0,0.0,43.09,18.03,1.66,0.0
20200610:1610,0.0,82.0,0.0,33.3,18.02,1.38,0.0
20200610:1710,0.0,50.0,0.0,23.41,17.69,1.45,0.0
20200610:1810,0.0,28.0,0.0,13.81,17.22,1.79,0.0
20200610:1910,0.0,14.0,0.0,4.8,15.88,2.83,0.0
20200610:2010,0.0,0.0,0.0,0.0,14.66,2.62,0.0
20200610:2110,0.0,0.0,0.0,0.0,13.89,2.07,0.0
20200610:2210,0.0,0.0,0.0,0.0,13.2,1.66,0.0
20200610:2310,0.0,0.0,0.0,0.0,12.64,1.52,0.0
20200611:0010,0.0,0.0,0.0,0.0,12.28,1.31,0.0
20200611:0110,0.0,0.0,0.0,0.0,11.99,1.1,0.0
20200611:0210,0.0,0.0,0.0,0.0,11.65,0.83,0.0
20200611:0310,0.0,0.0,0.0,0.0,12.19,0.28,0.0
20200611:0410,0.0,2.0,0.0,2.19,11.69,0.62,0.0
20200611:0510,7.0,69.0,0.0,10.94,11.45,0.76,0.0
20200611:0610,46.0,153.0,0.0,20.38,12.88,0.97,0.0
20200611:0710,116.0,227.0,0.0,30.21,14.06,1.52,0.0
20200611:0810,427.0,171.0,0.0,40.08,15.8,2.62,0.0
20200611:0910,548.0,185.0,0.0,49.53,17.45,3.72,0.0
20200611:1010,555.0,244.0,0.0,57.75,18.67,4.0,0.0
20200611:1110,118.0,445.0,0.0,63.28,19.34,3.79,0.0
20200611:1210,419.0,357.0,0.0,64.13,20.26,3.79,0.0
20200611:1310,380.0,352.0,0.0,59.9,20.49,3.79,0.0
20200611:1410,212.0,373.0,0.0,52.34,20.77,3.72,0.0
20200611:1510,415.0,207.0,0.0,43.17,21.09,3.93,0.0
20200611:1610,17.0,230.0,0.0,33.38,21.08,4.07,0.0
20200611:1710,0.0,107.0,0.0,23.5,20.77,3.59,0.0
20200611:1810,0.0,40.0,0.0,13.89,20.1,2.48,0.0
20200611:1910,2.0,24.56,0.0,4.89,17.79,2.41,0.0
20200611:2010,0.0,0.0,0.0,0.0,16.0,1.66,0.0
20200611:2110,0.0,0.0,0.0,0.0,15.36,0.76,0.0
20200611:2210,0.0,0.0,0.0,0.0,14.7,1.45,0.0
20200611:2310,0.0,0.0,0.0,0.0,14.49,1.86,0.0
20200612:0010,0.0,0.0,0.0,0.0,14.48,2.07,0.0
20200612:0110,0.0,0.0,0.0,0.0,14.23,2.28,0.0
20200612:0210,0.0,0.0,0.0,0.0,14.18,2.76,0.0
20200612:0310,0.0,0.0,0.0,0.0,14.13,3.52,0.0
20200612:0410,0.0,1.0,0.0,2.22,14.1,4.48,0.0
20200612:0510,0.0,27.0,0.0,10.96,14.33,5.17,0.0
20200612:0610,0.0,31.0,0.0,20.4,14.5,5.52,0.0
20200612:0710,0.0,72.0,0.0,30.23,15.04,5.38,0.0
20200612:0810,0.0,68.0,0.0,40.1,15.22,5.45,0.0
20200612:0910,0.0,98.0,0.0,49.55,15.64,5.38,0.0
20200612:1010,0.0,163.0,0.0,57.78,16.05,4.69,0.0
20200612:1110,544.0,281.0,0.0,63.33,17.67,4.34,0.0
20200612:1210,36.0,408.0,0.0,64.21,18.41,3.79,0.0
20200612:1310,0.0,264.0,0.0,59.98,18.47,3.38,0.0
20200612:1410,55.0,372.0,0.0,52.42,19.11,3.66,0.0
20200612:1510,182.0,313.0,0.0,43.25,19.34,3.59,0.0
20200612:1610,91.0,256.0,0.0,33.46,19.07,3.24,0.0
20200612:1710,192.0,132.0,0.0,23.58,18.88,3.03,0.0
20200612:1810,106.0,75.0,0.0,13.97,18.13,2.55,0.0
20200612:1910,18.0,24.45,0.0,4.97,17.15,2.69,0.0
20200612:2010,0.0,0.0,0.0,0.0,16.33,2.69,0.0
20200612:2110,0.0,0.0,0.0,0.0,15.3,2.9,0.0
20200612:2210,0.0,0.0,0.0,0.0,14.63,3.17,0.0
20200612:2310,0.0,0.0,0.0,0.0,14.16,3.1,0.0
20200613:0010,0.0,0.0,0.0,0.0,13.65,2.9,0.0
20200613:0110,0.0,0.0,0.0,0.0,13.22,2.62,0.0
20200613:0210,0.0,0.0,0.0,0.0,12.59,2.34,0.0
20200613:0310,0.0,0.0,0.0,0.0,11.94,2.0,0.0
20200613:0410,0.0,7.0,0.0,2.24,11.15,1.66,0.0
20200613:0510,26.0,76.0,0.0,10.97,11.26,1.45,0.0
20200613:0610,0.0,37.0,0.0,20.41,13.74,1.66,0.0
20200613:0710,321.0,133.0,0.0,30.23,15.3,2.62,0.0
20200613:0810,507.0,126.0,0.0,40.11,17.06,3.17,0.0
20200613:0910,604.0,151.0,0.0,49.56,18.64,3.79,0.0
20200613:1010,184.0,413.0,0.0,57.81,19.87,4.0,0.0
20200613:1110,598.0,255.0,0.0,63.37,20.82,4.41,0.0
20200613:1210,450.0,343.0,0.0,64.27,21.25,4.69,0.0
20200613:1310,322.0,380.0,0.0,60.06,21.81,5.17,0.0
20200613:1410,9.0,311.0,0.0,52.49,21.67,4.83,0.0
20200613:1510,1.0,227.0,0.0,43.33,21.42,4.97,0.0
20200613:1610,380.0,133.0,0.0,33.53,20.64,4.34,0.0
20200613:1710,212.0,124.0,0.0,23.65,20.29,4.21,0.0
20200613:1810,81.0,89.0,0.0,14.05,19.68,3.72,0.0
20200613:1910,14.0,26.39,0.0,5.05,18.57,3.38,0.0
20200613:2010,0.0,0.0,0.0,0.0,17.45,3.38,0.0
20200613:2110,0.0,0.0,0.0,0.0,16.39,3.31,0.0
20200613:2210,0.0,0.0,0.0,0.0,15.54,3.1,0.0
20200613:2310,0.0,0.0,0.0,0.0,14.81,2.9,0.0
20200614:0010,0.0,0.0,0.0,0.0,14.09,2.41,0.0
20200614:0110,0.0,0.0,0.0,0.0,13.34,2.28,0.0
20200614:0210,0.0,0.0,0.0,0.0,13.05,2.41,0.0
20200614:0310,0.0,0.0,0.0,0.0,12.7,2.62,0.0
20200614:0410,0.0,8.0,0.0,2.25,12.35,2.9,0.0
20200614:0510,2.0,59.0,0.0,10.98,12.7,2.9,0.0
20200614:0610,4.0,121.0,0.0,20.41,13.94,3.45,0.0
20200614:0710,10.0,197.0,0.0,30.24,15.37,4.41,0.0
20200614:0810,138.0,303.0,0.0,40.11,16.66,4.0,0.0
20200614:0910,18.0,321.0,0.0,49.57,17.39,3.93,0.0
20200614:1010,8.0,327.0,0.0,57.83,18.36,3.79,0.0
20200614:1110,257.0,421.0,0.0,63.41,19.35,3.52,0.0
20200614:1210,0.0,176.0,0.0,64.33,20.0,3.52,0.0
20200614:1310,0.0,166.0,0.0,60.13,20.5,3.59,0.0
20200614:1410,213.0,373.0,0.0,52.57,20.73,3.1,0.0
20200614:1510,52.0,322.0,0.0,43.4,20.67,2.83,0.0
20200614:1610,351.0,150.0,0.0,33.6,20.81,2.83,0.0
20200614:1710,77.0,178.0,0.0,23.72,20.07,3.38,0.0
20200614:1810,28.0,101.0,0.0,14.12,18.51,3.45,0.0
20200614:1910,0.0,21.0,0.0,5.12,18.76,2.34,0.0
20200614:2010,0.0,0.0,0.0,0.0,17.41,2.41,0.0
20200614:2110,0.0,0.0,0.0,0.0,16.38,2.62,0.0
20200614:2210,0.0,0.0,0.0,0.0,15.46,2.83,0.0
20200614:2310,0.0,0.0,0.0,0.0,14.95,2.76,0.0
20200615:0010,0.0,0.0,0.0,0.0,14.26,2.55,0.0
20200615:0110,0.0,0.0,0.0,0.0,13.72,2.41,0.0
20200615:0210,0.0,0.0,0.0,0.0,13.28,2.41,0.0
20200615:0310,0.0,0.0,0.0,0.0,13.1,2.48,0.0
20200615:0410,0.0,9.0,0.0,2.26,12.93,2.55,0.0
20200615:0510,61.0,67.0,0.0,10.98,13.26,2.41,0.0
20200615:0610,167.0,112.0,0.0,20.41,14.37,2.76,0.0
20200615:0710,164.0,210.0,0.0,30.24,15.75,3.93,0.0
20200615:0810,15.0,265.0,0.0,40.11,16.9,3.72,0.0
20200615:0910,139.0,368.0,0.0,49.57,17.46,3.79,0.0
20200615:1010,165.0,414.0,0.0,57.84,18.42,3.79,0.0
20200615:1110,92.0,439.0,0.0,63.45,19.15,3.66,0.0
20200615:1210,22.0,390.0,0.0,64.38,20.04,3.66,0.0
20200615:1310,0.0,109.0,0.0,60.19,20.42,3.38,0.0
20200615:1410,82.0,385.0,0.0,52.63,20.94,3.17,0.0
20200615:1510,14.0,282.0,0.0,43.46,20.75,2.97,0.0
20200615:1610,184.0,233.0,0.0,33.67,20.87,2.9,0.0
20200615:1710,236.0,110.0,0.0,23.79,20.22,3.52,0.0
20200615:1810,40.0,101.0,0.0,14.19,18.9,2.83,0.0
20200615:1910,10.0,28.41,0.0,5.18,18.09,2.48,0.0
20200615:2010,0.0,0.0,0.0,0.0,17.28,2.34,0.0
20200615:2110,0.0,0.0,0.0,0.0,16.37,2.48,0.0
20200615:2210,0.0,0.0,0.0,0.0,15.59,2.48,0.0
20200615:2310,0.0,0.0,0.0,0.0,14.97,2.55,0.0
20200616:0010,0.0,0.0,0.0,0.0,14.36,2.62,0.0
20200616:0110,0.0,0.0,0.0,0.0,13.81,2.55,0.0
20200616:0210,0.0,0.0,0.0,0.0,13.4,2.41,0.0
20200616:0310,0.0,0.0,0.0,0.0,13.29,2.14,0.0
20200616:0410,0.0,1.0,0.0,2.27,13.02,2.07,0.0
20200616:0510,0.0,46.0,0.0,10.98,13.27,1.93,0.0
20200616:0610,3.0,116.0,0.0,20.41,14.55,3.1,0.0
20200616:0710,55.0,231.0,0.0,30.23,15.45,2.62,0.0
20200616:0810,0.0,183.0,0.0,40.1,16.04,2.48,0.0
20200616:0910,68.0,364.0,0.0,49.57,16.88,2.34,0.0
20200616:1010,294.0,375.0,0.0,57.85,18.21,2.48,0.0
20200616:1110,333.0,391.0,0.0,63.47,19.02,2.76,0.0
20200616:1210,353.0,387.0,0.0,64.43,19.72,2.83,0.0
20200616:1310,319.0,379.0,0.0,60.24,19.09,2.9,0.0
20200616:1410,0.0,95.0,0.0,52.69,19.05,3.31,0.0
20200616:1510,9.0,267.0,0.0,43.52,19.53,2.83,0.0
20200616:1610,172.0,239.0,0.0,33.73,19.65,2.34,0.0
20200616:1710,46.0,180.0,0.0,23.85,19.73,1.86,0.0
20200616:1810,0.0,58.0,0.0,14.25,19.18,1.93,0.0
20200616:1910,0.0,4.0,0.0,5.24,17.96,1.93,0.0
20200616:2010,0.0,0.0,0.0,0.0,16.78,2.07,0.0
20200616:2110,0.0,0.0,0.0,0.0,15.84,1.93,0.0
20200616:2210,0.0,0.0,0.0,0.0,15.22,1.86,0.0
20200616:2310,0.0,0.0,0.0,0.0,14.56,1.93,0.0
20200617:0010,0.0,0.0,0.0,0.0,14.0,1.86,0.0
20200617:0110,0.0,0.0,0.0,0.0,13.4,1.93,0.0
20200617:0210,0.0,0.0,0.0,0.0,13.32,1.86,0.0
20200617:0310,0.0,0.0,0.0,0.0,13.0,1.86,0.0
20200617:0410,0.0,11.0,0.0,2.26,12.66,1.93,0.0
20200617:0510,36.0,75.0,0.0,10.97,12.84,1.86,0.0
20200617:0610,50.0,153.0,0.0,20.4,13.84,2.21,0.0
20200617:0710,147.0,218.0,0.0,30.22,14.5,2.07,0.0
20200617:0810,50.0,300.0,0.0,40.09,15.41,2.0,0.0
20200617:0910,21.0,326.0,0.0,49.56,16.28,1.45,0.0
20200617:1010,35.0,385.0,0.0,57.85,17.5,1.52,0.0
20200617:1110,45.0,418.0,0.0,63.49,18.5,1.66,0.0
20200617:1210,21.0,389.0,0.0,64.47,19.2,1.45,0.0
20200617:1310,122.0,431.0,0.0,60.3,19.72,1.31,0.0
20200617:1410,83.0,387.0,0.0,52.75,20.02,1.45,0.0
20200617:1510,41.0,317.0,0.0,43.58,20.1,1.52,0.0
20200617:1610,103.0,259.0,0.0,33.79,20.01,1.59,0.0
20200617:1710,113.0,171.0,0.0,23.91,19.13,1.59,0.0
20200617:1810,3.0,79.0,0.0,14.3,18.94,1.79,0.0
20200617:1910,13.0,28.59,0.0,5.3,18.45,1.52,0.0
20200617:2010,0.0,0.0,0.0,0.0,17.3,2.07,0.0
20200617:2110,0.0,0.0,0.0,0.0,16.07,2.48,0.0
20200617:2210,0.0,0.0,0.0,0.0,15.23,2.48,0.0
20200617:2310,0.0,0.0,0.0,0.0,14.54,2.34,0.0
20200618:0010,0.0,0.0,0.0,0.0,13.85,2.34,0.0
20200618:0110,0.0,0.0,0.0,0.0,13.32,2.34,0.0
20200618:0210,0.0,0.0,0.0,0.0,13.0,2.55,0.0
20200618:0310,0.0,0.0,0.0,0.0,12.47,2.76,0.0
20200618:0410,0.0,11.0,0.0,2.25,12.17,2.83,0.0
20200618:0510,72.0,62.0,0.0,10.96,12.57,2.69,0.0
20200618:0610,29.0,149.0,0.0,20.38,13.69,4.14,0.0
20200618:0710,143.0,218.0,0.0,30.2,14.6,3.45,0.0
20200618:0810,344.0,217.0,0.0,40.07,15.87,3.38,0.0
20200618:0910,349.0,295.0,0.0,49.55,17.09,3.52,0.0
20200618:1010,412.0,323.0,0.0,57.85,18.16,3.79,0.0
20200618:1110,203.0,437.0,0.0,63.5,18.91,3.93,0.0
20200618:1210,0.0,182.0,0.0,64.5,19.3,4.0,0.0
20200618:1310,0.0,266.0,0.0,60.34,19.82,4.0,0.0
20200618:1410,251.0,361.0,0.0,52.8,19.83,3.52,0.0
20200618:1510,71.0,329.0,0.0,43.63,19.88,3.72,0.0
20200618:1610,48.0,256.0,0.0,33.84,17.81,4.48,0.0
20200618:1710,0.0,97.0,0.0,23.96,17.14,2.9,0.0
20200618:1810,121.0,74.0,0.0,14.35,16.71,3.66,0.0
20200618:1910,13.0,28.63,0.0,5.35,16.39,2.62,0.0
20200618:2010,0.0,0.0,0.0,0.0,15.48,2.55,0.0
20200618:2110,0.0,0.0,0.0,0.0,14.62,2.48,0.0
20200618:2210,0.0,0.0,0.0,0.0,13.85,2.62,0.0
20200618:2310,0.0,0.0,0.0,0.0,13.65,2.83,0.0
20200619:0010,0.0,0.0,0.0,0.0,13.4,2.9,0.0
20200619:0110,0.0,0.0,0.0,0.0,13.03,3.1,0.0
20200619:0210,0.0,0.0,0.0,0.0,12.71,3.1,0.0
20200619:0310,0.0,0.0,0.0,0.0,12.26,2.76,0.0
20200619:0410,0.0,10.0,0.0,2.24,11.85,2.62,0.0
20200619:0510,78.0,60.0,0.0,10.94,12.07,2.69,0.0
20200619:0610,203.0,94.0,0.0,20.36,13.38,3.38,0.0
20200619:0710,208.0,192.0,0.0,30.18,14.57,4.28,0.0
20200619:0810,387.0,193.0,0.0,40.05,15.69,3.93,0.0
20200619:0910,0.0,228.0,0.0,49.53,16.78,3.72,0.0
20200619:1010,0.0,244.0,0.0,57.84,17.79,3.79,0.0
20200619:1110,0.0,221.0,0.0,63.51,18.64,3.93,0.0
20200619:1210,0.0,121.0,0.0,64.52,19.41,3.93,0.0
20200619:1310,0.0,174.0,0.0,60.38,19.72,4.07,0.0
20200619:1410,0.0,168.0,0.0,52.84,19.96,4.0,0.0
20200619:1510,96.0,333.0,0.0,43.68,20.22,3.72,0.0
20200619:1610,53.0,257.0,0.0,33.89,20.16,3.38,0.0
20200619:1710,167.0,149.0,0.0,24.01,20.0,2.76,0.0
20200619:1810,3.0,81.0,0.0,14.4,18.85,2.62,0.0
20200619:1910,11.0,29.17,0.0,5.39,17.89,1.79,0.0
20200619:2010,0.0,0.0,0.0,0.0,16.94,1.86,0.0
20200619:2110,0.0,0.0,0.0,0.0,16.03,1.93,0.0
20200619:2210,0.0,0.0,0.0,0.0,15.25,1.86,0.0
20200619:2310,0.0,0.0,0.0,0.0,14.82,1.45,0.0
20200620:0010,0.0,0.0,0.0,0.0,14.37,0.97,0.0
20200620:0110,0.0,0.0,0.0,0.0,14.04,1.1,0.0
20200620:0210,0.0,0.0,0.0,0.0,13.48,1.17,0.0
20200620:0310,0.0,0.0,0.0,0.0,13.33,1.17,0.0
20200620:0410,0.0,3.0,0.0,2.22,12.51,1.24,0.0
20200620:0510,74.0,61.0,0.0,10.92,12.86,0.83,0.0
20200620:0610,193.0,98.0,0.0,20.34,14.96,0.62,0.0
20200620:0710,322.0,129.0,0.0,30.15,16.86,0.69,0.0
20200620:0810,474.0,140.0,0.0,40.03,18.42,1.17,0.0
20200620:0910,205.0,353.0,0.0,49.51,19.59,1.52,0.0
20200620:1010,42.0,390.0,0.0,57.83,20.25,1.93,0.0
20200620:1110,515.0,300.0,0.0,63.51,20.86,2.41,0.0
20200620:1210,337.0,394.0,0.0,64.54,21.03,2.62,0.0
20200620:1310,253.0,405.0,0.0,60.41,21.17,2.48,0.0
20200620:1410,207.0,375.0,0.0,52.88,21.53,2.41,0.0
20200620:1510,60.0,326.0,0.0,43.72,21.91,2.62,0.0
20200620:1610,14.0,228.0,0.0,33.93,21.41,2.83,0.0
20200620:1710,69.0,182.0,0.0,24.05,20.79,2.41,0.0
20200620:1810,106.0,81.0,0.0,14.44,20.26,2.14,0.0
20200620:1910,13.0,29.57,0.0,5.43,20.35,1.93,0.0
20200620:2010,0.0,0.0,0.0,0.0,19.15,2.28,0.0
20200620:2110,0.0,0.0,0.0,0.0,18.24,2.34,0.0
20200620:2210,0.0,0.0,0.0,0.0,17.62,2.0,0.0
20200620:2310,0.0,0.0,0.0,0.0,16.73,1.72,0.0
20200621:0010,0.0,0.0,0.0,0.0,15.64,1.72,0.0
20200621:0110,0.0,0.0,0.0,0.0,14.45,1.93,0.0
20200621:0210,0.0,0.0,0.0,0.0,13.69,2.14,0.0
20200621:0310,0.0,0.0,0.0,0.0,13.5,2.28,0.0
20200621:0410,0.0,1.0,0.0,2.2,13.44,2.34,0.0
20200621:0510,74.0,61.0,0.0,10.89,13.86,2.48,0.0
20200621:0610,14.0,139.0,0.0,20.3,14.8,2.83,0.0
20200621:0710,17.0,206.0,0.0,30.12,15.99,4.21,0.0
20200621:0810,16.0,265.0,0.0,40.0,17.11,4.62,0.0
20200621:0910,427.0,250.0,0.0,49.48,18.23,5.03,0.0
20200621:1010,85.0,411.0,0.0,57.8,19.26,5.17,0.0
20200621:1110,0.0,200.0,0.0,63.5,19.39,5.17,0.0
20200621:1210,0.0,172.0,0.0,64.55,19.13,5.31,0.0
20200621:1310,0.0,189.0,0.0,60.44,18.84,5.38,0.0
20200621:1410,0.0,218.0,0.0,52.91,18.4,5.03,0.0
20200621:1510,6.0,256.0,0.0,43.76,18.41,4.83,0.0
20200621:1610,11.0,219.0,0.0,33.97,18.79,4.9,0.0
20200621:1710,86.0,178.0,0.0,24.09,19.4,4.21,0.0
20200621:1810,0.0,17.0,0.0,14.48,19.33,3.24,0.0
20200621:1910,0.0,7.0,0.0,5.47,18.49,2.9,0.0
20200621:2010,0.0,0.0,0.0,0.0,17.31,2.97,0.0
20200621:2110,0.0,0.0,0.0,0.0,16.22,2.83,0.0
20200621:2210,0.0,0.0,0.0,0.0,15.37,2.48,0.0
20200621:2310,0.0,0.0,0.0,0.0,14.76,1.86,0.0
20200622:0010,0.0,0.0,0.0,0.0,13.89,1.72,0.0
20200622:0110,0.0,0.0,0.0,0.0,13.04,1.72,0.0
20200622:0210,0.0,0.0,0.0,0.0,12.19,1.72,0.0
20200622:0310,0.0,0.0,0.0,0.0,11.37,1.72,0.0
20200622:0410,0.0,2.0,0.0,2.16,10.64,1.86,0.0
20200622:0510,76.0,60.0,0.0,10.86,10.85,1.66,0.0
20200622:0610,214.0,90.0,0.0,20.27,12.92,1.72,0.0
20200622:0710,357.0,114.0,0.0,30.08,14.43,2.21,0.0
20200622:0810,505.0,129.0,0.0,39.96,15.64,1.52,0.0
20200622:0910,566.0,178.0,0.0,49.45,17.05,1.03,0.0
20200622:1010,508.0,276.0,0.0,57.78,18.33,0.9,0.0
20200622:1110,760.01,161.0,0.0,63.48,19.26,0.9,0.0
20200622:1210,780.01,155.0,0.0,64.55,20.1,1.1,0.0
20200622:1310,752.01,149.0,0.0,60.46,20.8,1.24,0.0
20200622:1410,670.0,144.0,0.0,52.94,21.37,1.38,0.0
20200622:1510,560.0,132.0,0.0,43.79,21.62,1.45,0.0
20200622:1610,449.0,105.0,0.0,34.0,21.82,1.59,0.0
20200622:1710,246.0,112.0,0.0,24.12,21.71,1.66,0.0
20200622:1810,115.0,79.0,0.0,14.51,21.37,1.66,0.0
20200622:1910,14.0,30.24,0.0,5.5,20.66,1.66,0.0
20200622:2010,0.0,0.0,0.0,0.0,19.2,2.07,0.0
20200622:2110,0.0,0.0,0.0,0.0,17.74,2.07,0.0
20200622:2210,0.0,0.0,0.0,0.0,16.53,2.21,0.0
20200622:2310,0.0,0.0,0.0,0.0,15.52,2.21,0.0
20200623:0010,0.0,0.0,0.0,0.0,14.71,2.28,0.0
20200623:0110,0.0,0.0,0.0,0.0,14.06,2.28,0.0
20200623:0210,0.0,0.0,0.0,0.0,13.48,2.21,0.0
20200623:0310,0.0,0.0,0.0,0.0,12.94,2.14,0.0
20200623:0410,0.0,7.0,0.0,2.13,12.49,2.21,0.0
20200623:0510,72.0,62.0,0.0,10.82,12.92,1.93,0.0
20200623:0610,197.0,96.0,0.0,20.23,15.73,1.79,0.0
20200623:0710,338.0,122.0,0.0,30.04,18.61,2.07,0.0
20200623:0810,487.0,136.0,0.0,39.92,20.72,2.48,0.0
20200623:0910,630.0,138.0,0.0,49.41,22.42,3.1,0.0
20200623:1010,709.01,153.0,0.0,57.74,23.72,3.31,0.0
20200623:1110,775.01,151.0,0.0,63.46,24.83,3.45,0.0
20200623:1210,764.01,162.0,0.0,64.55,25.77,3.59,0.0
20200623:1310,727.01,159.0,0.0,60.47,26.51,3.66,0.0
20200623:1410,637.0,160.0,0.0,52.97,27.03,3.79,0.0
20200623:1510,525.0,149.0,0.0,43.82,27.31,3.93,0.0
20200623:1610,441.0,108.0,0.0,34.03,27.33,3.93,0.0
20200623:1710,230.0,120.0,0.0,24.15,26.95,3.45,0.0
20200623:1810,80.0,94.0,0.0,14.54,25.93,2.83,0.0
20200623:1910,20.0,27.81,0.0,5.52,24.37,2.76,0.0
20200623:2010,0.0,0.0,0.0,0.0,22.58,2.97,0.0
20200623:2110,0.0,0.0,0.0,0.0,21.44,3.1,0.0
20200623:2210,0.0,0.0,0.0,0.0,20.63,3.24,0.0
20200623:2310,0.0,0.0,0.0,0.0,19.92,3.24,0.0
20200624:0010,0.0,0.0,0.0,0.0,19.23,3.24,0.0
20200624:0110,0.0,0.0,0.0,0.0,18.62,3.24,0.0
20200624:0210,0.0,0.0,0.0,0.0,17.99,3.17,0.0
20200624:0310,0.0,0.0,0.0,0.0,17.39,3.1,0.0
20200624:0410,0.0,9.0,0.0,2.09,16.83,3.1,0.0
20200624:0510,69.0,63.0,0.0,10.77,16.98,2.97,0.0
20200624:0610,204.0,93.0,0.0,20.18,18.38,2.76,0.0
20200624:0710,343.0,119.0,0.0,30.0,21.26,3.31,0.0
20200624:0810,500.0,129.0,0.0,39.87,23.31,3.52,0.0
20200624:0910,648.0,128.0,0.0,49.37,25.18,3.66,0.0
20200624:1010,729.01,142.0,0.0,57.7,26.9,3.79,0.0
20200624:1110,776.01,150.0,0.0,63.43,28.34,4.07,0.0
20200624:1210,786.01,150.0,0.0,64.54,29.36,4.48,0.0
20200624:1310,748.01,149.0,0.0,60.48,30.02,4.55,0.0
20200624:1410,657.0,149.0,0.0,52.98,30.4,4.41,0.0
20200624:1510,542.0,140.0,0.0,43.84,30.57,4.28,0.0
20200624:1610,437.0,110.0,0.0,34.06,30.37,4.0,0.0
20200624:1710,244.0,113.0,0.0,24.17,29.85,3.31,0.0
20200624:1810,114.0,80.0,0.0,14.56,28.72,2.83,0.0
20200624:1910,13.0,30.53,0.0,5.54,27.38,2.76,0.0
20200624:2010,0.0,0.0,0.0,0.0,25.51,3.31,0.0
20200624:2110,0.0,0.0,0.0,0.0,24.48,3.72,0.0
20200624:2210,0.0,0.0,0.0,0.0,23.54,3.72,0.0
20200624:2310,0.0,0.0,0.0,0.0,22.53,3.45,0.0
20200625:0010,0.0,0.0,0.0,0.0,21.59,3.38,0.0
20200625:0110,0.0,0.0,0.0,0.0,20.79,3.31,0.0
20200625:0210,0.0,0.0,0.0,0.0,20.02,3.24,0.0
20200625:0310,0.0,0.0,0.0,0.0,19.35,3.03,0.0
20200625:0410,0.0,4.0,0.0,2.04,18.69,2.9,0.0
20200625:0510,62.0,64.0,0.0,10.73,18.58,2.83,0.0
20200625:0610,189.0,97.0,0.0,20.13,19.75,2.9,0.0
20200625:0710,329.0,123.0,0.0,29.95,21.75,2.55,0.0
20200625:0810,469.0,140.0,0.0,39.82,23.84,2.55,0.0
20200625:0910,618.0,139.0,0.0,49.32,25.83,2.69,0.0
20200625:1010,697.01,153.0,0.0,57.66,27.78,2.9,0.0
20200625:1110,752.01,157.0,0.0,63.4,29.49,2.9,0.0
20200625:1210,739.01,170.0,0.0,64.53,30.86,2.62,0.0
20200625:1310,345.0,368.0,0.0,60.48,31.71,2.21,0.0
20200625:1410,413.0,286.0,0.0,53.0,32.01,1.93,0.0
20200625:1510,435.0,199.0,0.0,43.86,32.18,1.72,0.0
20200625:1610,410.0,121.0,0.0,34.08,31.84,1.72,0.0
20200625:1710,257.0,104.0,0.0,24.19,31.27,2.34,0.0
20200625:1810,130.0,72.0,0.0,14.58,29.91,2.21,0.0
20200625:1910,0.0,5.0,0.0,5.55,28.78,1.93,0.0
20200625:2010,0.0,0.0,0.0,0.0,27.1,1.93,0.0
20200625:2110,0.0,0.0,0.0,0.0,25.58,2.28,0.0
20200625:2210,0.0,0.0,0.0,0.0,24.44,2.55,0.0
20200625:2310,0.0,0.0,0.0,0.0,23.48,2.62,0.0
20200626:0010,0.0,0.0,0.0,0.0,22.49,2.55,0.0
20200626:0110,0.0,0.0,0.0,0.0,21.59,2.34,0.0
20200626:0210,0.0,0.0,0.0,0.0,21.13,2.48,0.0
20200626:0310,0.0,0.0,0.0,0.0,21.07,3.03,0.0
20200626:0410,0.0,1.0,0.0,1.99,20.97,3.31,0.0
20200626:0510,0.0,39.0,0.0,10.67,21.05,2.97,0.0
20200626:0610,0.0,37.0,0.0,20.08,21.88,2.83,0.0
20200626:0710,0.0,60.0,0.0,29.89,21.73,3.66,0.0
20200626:0810,0.0,179.0,0.0,39.77,22.22,4.69,0.0
20200626:0910,267.0,324.0,0.0,49.27,23.05,4.9,0.0
20200626:1010,16.0,348.0,0.0,57.61,23.69,4.14,0.0
20200626:1110,302.0,397.0,0.0,63.36,24.82,3.59,0.0
20200626:1210,727.01,171.0,0.0,64.5,25.98,3.86,0.0
20200626:1310,528.0,268.0,0.0,60.48,27.08,4.21,0.0
20200626:1410,81.0,383.0,0.0,53.0,27.67,4.41,0.0
20200626:1510,506.0,151.0,0.0,43.87,27.78,4.21,0.0
20200626:1610,1.0,177.0,0.0,34.09,26.56,3.52,0.0
20200626:1710,270.0,96.0,0.0,24.2,25.87,3.45,0.0
20200626:1810,4.0,84.0,0.0,14.59,24.47,2.14,0.0
20200626:1910,1.0,22.82,0.0,5.56,25.59,1.93,0.0
20200626:2010,0.0,0.0,0.0,0.0,23.96,2.14,0.0
20200626:2110,0.0,0.0,0.0,0.0,22.73,2.21,0.0
20200626:2210,0.0,0.0,0.0,0.0,21.94,2.28,0.0
20200626:2310,0.0,0.0,0.0,0.0,20.83,2.97,0.0
20200627:0010,0.0,0.0,0.0,0.0,19.11,3.1,0.0
20200627:0110,0.0,0.0,0.0,0.0,18.45,1.93,0.0
20200627:0210,0.0,0.0,0.0,0.0,18.09,2.28,0.0
20200627:0310,0.0,0.0,0.0,0.0,18.05,2.48,0.0
20200627:0410,0.0,9.0,0.0,1.93,17.95,2.76,0.0
20200627:0510,68.0,60.0,0.0,10.61,17.68,2.97,0.0
20200627:0610,63.0,147.0,0.0,20.02,17.92,3.45,0.0
20200627:0710,96.0,225.0,0.0,29.83,18.63,4.76,0.0
20200627:0810,16.0,263.0,0.0,39.71,19.83,5.45,0.0
20200627:0910,0.0,204.0,0.0,49.21,20.85,5.72,0.0
20200627:1010,196.0,403.0,0.0,57.55,21.32,5.79,0.0
20200627:1110,0.0,204.0,0.0,63.31,21.98,6.97,0.0
20200627:1210,0.0,221.0,0.0,64.47,22.23,6.97,0.0
20200627:1310,0.0,217.0,0.0,60.46,22.48,7.03,0.0
20200627:1410,0.0,111.0,0.0,53.0,22.34,6.14,0.0
20200627:1510,26.0,302.0,0.0,43.88,22.35,6.83,0.0
20200627:1610,84.0,260.0,0.0,34.1,22.59,7.59,0.0
20200627:1710,37.0,179.0,0.0,24.21,22.63,6.55,0.0
20200627:1810,17.0,100.0,0.0,14.59,22.07,6.21,0.0
20200627:1910,0.0,18.0,0.0,5.56,20.79,6.0,0.0
20200627:2010,0.0,0.0,0.0,0.0,20.0,5.72,0.0
20200627:2110,0.0,0.0,0.0,0.0,19.37,5.24,0.0
20200627:2210,0.0,0.0,0.0,0.0,18.72,5.03,0.0
20200627:2310,0.0,0.0,0.0,0.0,18.1,4.97,0.0
20200628:0010,0.0,0.0,0.0,0.0,17.58,4.9,0.0
20200628:0110,0.0,0.0,0.0,0.0,17.14,4.97,0.0
20200628:0210,0.0,0.0,0.0,0.0,16.46,4.69,0.0
20200628:0310,0.0,0.0,0.0,0.0,15.67,4.48,0.0
20200628:0410,0.0,1.0,0.0,1.87,15.14,4.28,0.0
20200628:0510,0.0,13.0,0.0,10.55,15.23,3.86,0.0
20200628:0610,2.0,107.0,0.0,19.96,15.96,5.38,0.0
20200628:0710,0.0,129.0,0.0,29.77,16.37,5.03,0.0
20200628:0810,26.0,278.0,0.0,39.65,16.61,4.48,0.0
20200628:0910,0.0,226.0,0.0,49.15,16.97,4.34,0.0
20200628:1010,105.0,416.0,0.0,57.49,17.58,4.48,0.0
20200628:1110,16.0,374.0,0.0,63.26,18.47,4.9,0.0
20200628:1210,83.0,442.0,0.0,64.43,19.56,5.17,0.0
20200628:1310,83.0,425.0,0.0,60.45,20.61,5.72,0.0
20200628:1410,227.0,372.0,0.0,53.0,21.24,5.52,0.0
20200628:1510,131.0,333.0,0.0,43.88,21.4,5.66,0.0
20200628:1610,159.0,248.0,0.0,34.1,20.71,5.24,0.0
20200628:1710,64.0,184.0,0.0,24.22,20.38,5.03,0.0
20200628:1810,45.0,105.0,0.0,14.59,20.08,4.48,0.0
20200628:1910,9.0,31.61,0.0,5.55,19.18,3.79,0.0
20200628:2010,0.0,0.0,0.0,0.0,18.28,3.52,0.0
20200628:2110,0.0,0.0,0.0,0.0,17.5,3.31,0.0
20200628:2210,0.0,0.0,0.0,0.0,17.02,3.31,0.0
20200628:2310,0.0,0.0,0.0,0.0,16.3,3.1,0.0
20200629:0010,0.0,0.0,0.0,0.0,16.03,2.97,0.0
20200629:0110,0.0,0.0,0.0,0.0,15.92,2.83,0.0
20200629:0210,0.0,0.0,0.0,0.0,15.74,2.62,0.0
20200629:0310,0.0,0.0,0.0,0.0,15.41,2.62,0.0
20200629:0410,0.0,2.0,0.0,1.8,14.97,2.83,0.0
20200629:0510,79.0,57.0,0.0,10.48,14.35,2.62,0.0
20200629:0610,215.0,86.0,0.0,19.89,14.27,2.62,0.0
20200629:0710,364.0,107.0,0.0,29.7,15.15,3.72,0.0
20200629:0810,397.0,187.0,0.0,39.58,16.15,4.28,0.0
20200629:0910,392.0,274.0,0.0,49.08,17.24,4.76,0.0
20200629:1010,275.0,386.0,0.0,57.43,18.12,4.97,0.0
20200629:1110,382.0,374.0,0.0,63.2,18.89,5.17,0.0
20200629:1210,406.0,368.0,0.0,64.39,19.64,5.38,0.0
20200629:1310,327.0,382.0,0.0,60.42,20.27,5.24,0.0
20200629:1410,387.0,306.0,0.0,52.99,20.61,5.31,0.0
20200629:1510,291.0,281.0,0.0,43.88,20.92,5.52,0.0
20200629:1610,350.0,159.0,0.0,34.1,21.09,5.59,0.0
20200629:1710,237.0,118.0,0.0,24.21,20.58,5.45,0.0
20200629:1810,107.0,84.0,0.0,14.59,19.92,4.97,0.0
20200629:1910,26.0,24.69,0.0,5.54,18.65,3.86,0.0
20200629:2010,0.0,0.0,0.0,0.0,17.85,3.45,0.0
20200629:2110,0.0,0.0,0.0,0.0,17.36,3.45,0.0
20200629:2210,0.0,0.0,0.0,0.0,16.82,3.38,0.0
20200629:2310,0.0,0.0,0.0,0.0,16.48,3.38,0.0
20200630:0010,0.0,0.0,0.0,0.0,16.14,3.24,0.0
20200630:0110,0.0,0.0,0.0,0.0,15.54,3.1,0.0
20200630:0210,0.0,0.0,0.0,0.0,14.66,3.03,0.0
20200630:0310,0.0,0.0,0.0,0.0,14.04,3.03,0.0
20200630:0410,0.0,1.0,0.0,1.73,13.85,3.03,0.0
20200630:0510,10.0,67.0,0.0,10.41,14.17,2.97,0.0
20200630:0610,94.0,137.0,0.0,19.82,14.98,3.52,0.0
20200630:0710,52.0,224.0,0.0,29.63,16.51,4.34,0.0
20200630:0810,50.0,293.0,0.0,39.51,17.64,5.03,0.0
20200630:0910,158.0,359.0,0.0,49.01,18.56,5.24,0.0
20200630:1010,37.0,380.0,0.0,57.36,19.45,5.86,0.0
20200630:1110,0.0,247.0,0.0,63.13,20.0,6.07,0.0
20200630:1210,1.0,289.0,0.0,64.34,20.69,6.07,0.0
20200630:1310,0.0,245.0,0.0,60.39,21.35,5.93,0.0
20200630:1410,0.0,247.0,0.0,52.97,21.92,5.93,0.0
20200630:1510,1.0,215.0,0.0,43.87,22.16,5.86,0.0
20200630:1610,4.0,196.0,0.0,34.09,22.44,5.38,0.0
20200630:1710,0.0,114.0,0.0,24.21,22.26,4.34,0.0
20200630:1810,1.0,74.0,0.0,14.58,21.95,4.21,0.0
20200630:1910,0.0,23.0,0.0,5.53,20.5,4.14,0.0
20200630:2010,0.0,0.0,0.0,0.0,20.11,3.59,0.0
20200630:2110,0.0,0.0,0.0,0.0,19.54,3.31,0.0
20200630:2210,0.0,0.0,0.0,0.0,18.97,3.31,0.0
20200630:2310,0.0,0.0,0.0,0.0,18.55,3.45,0.0
20200701:0010,0.0,0.0,0.0,0.0,18.34,3.59,0.0
20200701:0110,0.0,0.0,0.0,0.0,18.25,3.59,0.0
20200701:0210,0.0,0.0,0.0,0.0,18.09,3.45,0.0
20200701:0310,0.0,0.0,0.0,0.0,17.76,3.31,0.0
20200701:0410,0.0,1.0,0.0,1.65,17.51,3.17,0.0
20200701:0510,15.0,69.0,0.0,10.34,17.62,3.17,0.0
20200701:0610,29.0,142.0,0.0,19.74,18.3,4.14,0.0
20200701:0710,37.0,217.0,0.0,29.56,19.26,4.76,0.0
20200701:0810,1.0,197.0,0.0,39.43,20.42,5.38,0.0
20200701:0910,2.0,252.0,0.0,48.93,21.42,5.52,0.0
20200701:1010,0.0,166.0,0.0,57.28,22.2,5.31,0.0
20200701:1110,13.0,362.0,0.0,63.06,22.97,5.72,0.0
20200701:1210,0.0,196.0,0.0,64.28,22.95,5.86,0.0
20200701:1310,0.0,134.0,0.0,60.35,23.37,6.14,0.0
20200701:1410,0.0,148.0,0.0,52.95,23.52,6.34,0.0
20200701:1510,0.0,187.0,0.0,43.85,23.44,6.48,0.0
20200701:1610,0.0,156.0,0.0,34.08,23.02,6.41,0.0
20200701:1710,222.0,119.0,0.0,24.19,22.27,5.17,0.0
20200701:1810,119.0,74.0,0.0,14.56,21.84,3.79,0.0
20200701:1910,23.0,26.2,0.0,5.51,20.02,3.52,0.0
20200701:2010,0.0,0.0,0.0,0.0,19.06,3.03,0.0
20200701:2110,0.0,0.0,0.0,0.0,18.46,3.03,0.0
20200701:2210,0.0,0.0,0.0,0.0,18.1,3.38,0.0
20200701:2310,0.0,0.0,0.0,0.0,17.76,3.59,0.0
20200702:0010,0.0,0.0,0.0,0.0,17.28,3.52,0.0
20200702:0110,0.0,0.0,0.0,0.0,16.89,3.45,0.0
20200702:0210,0.0,0.0,0.0,0.0,16.33,3.38,0.0
20200702:0310,0.0,0.0,0.0,0.0,15.77,3.24,0.0
20200702:0410,0.0,1.0,0.0,1.57,15.4,3.24,0.0
20200702:0510,9.0,66.0,0.0,10.25,15.59,3.31,0.0
20200702:0610,182.0,97.0,0.0,19.66,15.73,3.52,0.0
20200702:0710,0.0,61.0,0.0,29.48,16.34,3.93,0.0
20200702:0810,196.0,279.0,0.0,39.35,16.72,3.66,0.0
20200702:0910,0.0,217.0,0.0,48.85,17.38,3.86,0.0
20200702:1010,232.0,395.0,0.0,57.2,18.28,4.0,0.0
20200702:1110,0.0,196.0,0.0,62.98,19.47,4.34,0.0
20200702:1210,57.0,429.0,0.0,64.22,20.48,4.62,0.0
20200702:1310,35.0,394.0,0.0,60.31,21.12,4.76,0.0
20200702:1410,171.0,385.0,0.0,52.92,21.38,4.97,0.0
20200702:1510,184.0,319.0,0.0,43.83,21.37,5.1,0.0
20200702:1610,31.0,249.0,0.0,34.06,20.97,4.97,0.0
20200702:1710,15.0,165.0,0.0,24.18,20.49,4.76,0.0
20200702:1810,33.0,104.0,0.0,14.54,19.94,3.93,0.0
20200702:1910,23.0,25.35,0.0,5.48,19.18,2.69,0.0
20200702:2010,0.0,0.0,0.0,0.0,18.42,2.28,0.0
20200702:2110,0.0,0.0,0.0,0.0,17.43,2.07,0.0
20200702:2210,0.0,0.0,0.0,0.0,16.46,2.21,0.0
20200702:2310,0.0,0.0,0.0,0.0,15.67,2.28,0.0
20200703:0010,0.0,0.0,0.0,0.0,14.95,2.28,0.0
20200703:0110,0.0,0.0,0.0,0.0,14.35,2.21,0.0
20200703:0210,0.0,0.0,0.0,0.0,13.79,2.21,0.0
20200703:0310,0.0,0.0,0.0,0.0,13.22,2.28,0.0
20200703:0410,0.0,1.0,0.0,1.49,12.79,2.34,0.0
20200703:0510,68.0,56.0,0.0,10.17,12.91,2.21,0.0
20200703:0610,194.0,90.0,0.0,19.58,14.09,2.76,0.0
20200703:0710,318.0,125.0,0.0,29.39,15.79,3.1,0.0
20200703:0810,472.0,135.0,0.0,39.27,16.91,2.76,0.0
20200703:0910,566.0,166.0,0.0,48.76,18.24,3.03,0.0
20200703:1010,172.0,410.0,0.0,57.11,19.02,3.38,0.0
20200703:1110,158.0,441.0,0.0,62.89,19.51,3.59,0.0
20200703:1210,120.0,448.0,0.0,64.15,20.04,3.79,0.0
20200703:1310,90.0,427.0,0.0,60.26,20.72,4.07,0.0
20200703:1410,123.0,391.0,0.0,52.89,21.04,4.21,0.0
20200703:1510,283.0,281.0,0.0,43.81,21.05,4.14,0.0
20200703:1610,197.0,233.0,0.0,34.04,21.17,4.14,0.0
20200703:1710,215.0,127.0,0.0,24.15,21.0,4.0,0.0
20200703:1810,127.0,73.0,0.0,14.51,20.66,3.59,0.0
20200703:1910,0.0,17.0,0.0,5.45,20.08,2.41,0.0
20200703:2010,0.0,0.0,0.0,0.0,18.7,2.34,0.0
20200703:2110,0.0,0.0,0.0,0.0,17.66,2.55,0.0
20200703:2210,0.0,0.0,0.0,0.0,16.89,2.9,0.0
20200703:2310,0.0,0.0,0.0,0.0,16.34,3.17,0.0
20200704:0010,0.0,0.0,0.0,0.0,15.75,3.24,0.0
20200704:0110,0.0,0.0,0.0,0.0,15.14,3.31,0.0
20200704:0210,0.0,0.0,0.0,0.0,14.57,3.38,0.0
20200704:0310,0.0,0.0,0.0,0.0,14.12,3.59,0.0
20200704:0410,0.0,0.0,0.0,0.0,13.69,3.86,0.0
20200704:0510,53.0,60.0,0.0,10.08,13.99,3.79,0.0
20200704:0610,75.0,137.0,0.0,19.49,14.85,4.55,0.0
20200704:0710,9.0,184.0,0.0,29.3,16.22,4.97,0.0
20200704:0810,361.0,190.0,0.0,39.18,17.36,5.45,0.0
20200704:0910,312.0,297.0,0.0,48.67,18.9,5.93,0.0
20200704:1010,0.0,210.0,0.0,57.02,20.73,6.28,0.0
20200704:1110,106.0,433.0,0.0,62.8,21.78,6.9,0.0
20200704:1210,103.0,438.0,0.0,64.07,21.63,6.76,0.0
20200704:1310,58.0,407.0,0.0,60.2,21.48,6.97,0.0
20200704:1410,123.0,383.0,0.0,52.85,21.62,6.9,0.0
20200704:1510,1.0,210.0,0.0,43.78,22.01,6.76,0.0
20200704:1610,8.0,209.0,0.0,34.01,22.2,6.76,0.0
20200704:1710,54.0,180.0,0.0,24.12,21.61,5.79,0.0
20200704:1810,0.0,33.0,0.0,14.48,21.06,5.59,0.0
20200704:1910,0.0,6.0,0.0,5.41,20.09,5.72,0.0
20200704:2010,0.0,0.0,0.0,0.0,19.6,5.38,0.0
20200704:2110,0.0,0.0,0.0,0.0,19.22,5.38,0.0
20200704:2210,0.0,0.0,0.0,0.0,18.93,5.38,0.0
20200704:2310,0.0,0.0,0.0,0.0,18.7,5.24,0.0
20200705:0010,0.0,0.0,0.0,0.0,18.53,5.1,0.0
20200705:0110,0.0,0.0,0.0,0.0,18.4,4.9,0.0
20200705:0210,0.0,0.0,0.0,0.0,18.25,4.69,0.0
20200705:0310,0.0,0.0,0.0,0.0,18.14,4.48,0.0
20200705:0410,0.0,0.0,0.0,0.0,18.03,4.34,0.0
20200705:0510,5.0,59.0,0.0,9.98,18.0,4.41,0.0
20200705:0610,5.0,117.0,0.0,19.4,18.23,4.69,0.0
20200705:0710,6.0,179.0,0.0,29.21,18.95,5.45,0.0
20200705:0810,15.0,256.0,0.0,39.09,19.45,5.86,0.0
20200705:0910,69.0,355.0,0.0,48.58,20.28,5.93,0.0
20200705:1010,0.0,207.0,0.0,56.92,21.23,6.07,0.0
20200705:1110,295.0,397.0,0.0,62.7,22.26,6.62,0.0
20200705:1210,1.0,297.0,0.0,63.98,23.15,6.83,0.0
20200705:1310,0.0,249.0,0.0,60.14,23.49,6.76,0.0
20200705:1410,16.0,329.0,0.0,52.8,23.51,6.34,0.0
20200705:1510,0.0,144.0,0.0,43.74,23.53,6.0,0.0
20200705:1610,0.0,103.0,0.0,33.98,23.29,5.79,0.0
20200705:1710,1.0,121.0,0.0,24.09,22.5,4.97,0.0
20200705:1810,0.0,58.0,0.0,14.44,21.93,4.9,0.0
20200705:1910,19.0,26.23,0.0,5.36,20.85,4.62,0.0
20200705:2010,0.0,0.0,0.0,0.0,20.1,4.83,0.0
20200705:2110,0.0,0.0,0.0,0.0,19.07,5.1,0.0
20200705:2210,0.0,0.0,0.0,0.0,17.62,4.97,0.0
20200705:2310,0.0,0.0,0.0,0.0,15.99,4.76,0.0
20200706:0010,0.0,0.0,0.0,0.0,14.63,4.28,0.0
20200706:0110,0.0,0.0,0.0,0.0,13.81,3.86,0.0
20200706:0210,0.0,0.0,0.0,0.0,13.16,3.52,0.0
20200706:0310,0.0,0.0,0.0,0.0,12.64,3.38,0.0
20200706:0410,0.0,0.0,0.0,0.0,12.38,3.31,0.0
20200706:0510,38.0,66.0,0.0,9.89,12.57,2.97,0.0
20200706:0610,200.0,87.0,0.0,19.3,13.4,3.52,0.0
20200706:0710,355.0,107.0,0.0,29.12,14.57,5.31,0.0
20200706:0810,312.0,230.0,0.0,38.99,15.4,5.24,0.0
20200706:0910,246.0,339.0,0.0,48.48,16.46,5.1,0.0
20200706:1010,129.0,419.0,0.0,56.82,17.29,4.9,0.0
20200706:1110,342.0,391.0,0.0,62.6,18.19,5.1,0.0
20200706:1210,482.0,330.0,0.0,63.89,18.79,5.17,0.0
20200706:1310,241.0,415.0,0.0,60.07,19.47,5.31,0.0
20200706:1410,411.0,295.0,0.0,52.75,19.48,5.24,0.0
20200706:1510,554.0,135.0,0.0,43.7,19.4,5.1,0.0
20200706:1610,414.0,122.0,0.0,33.94,19.15,4.9,0.0
20200706:1710,261.0,104.0,0.0,24.05,18.78,4.55,0.0
20200706:1810,123.0,74.0,0.0,14.4,18.32,4.21,0.0
20200706:1910,25.0,23.87,0.0,5.31,17.69,3.52,0.0
20200706:2010,0.0,0.0,0.0,0.0,16.12,2.9,0.0
20200706:2110,0.0,0.0,0.0,0.0,15.06,2.41,0.0
20200706:2210,0.0,0.0,0.0,0.0,14.01,2.21,0.0
20200706:2310,0.0,0.0,0.0,0.0,13.08,2.14,0.0
20200707:0010,0.0,0.0,0.0,0.0,12.26,2.07,0.0
20200707:0110,0.0,0.0,0.0,0.0,11.48,2.0,0.0
20200707:0210,0.0,0.0,0.0,0.0,10.62,1.79,0.0
20200707:0310,0.0,0.0,0.0,0.0,9.77,1.66,0.0
20200707:0410,0.0,0.0,0.0,0.0,9.24,1.59,0.0
20200707:0510,66.0,54.0,0.0,9.78,9.65,1.31,0.0
20200707:0610,186.0,90.0,0.0,19.2,12.51,0.97,0.0
20200707:0710,328.0,116.0,0.0,29.02,14.79,0.55,0.0
20200707:0810,484.0,127.0,0.0,38.89,16.65,0.21,0.0
20200707:0910,607.0,140.0,0.0,48.38,18.07,0.34,0.0
20200707:1010,658.01,175.0,0.0,56.71,19.4,0.62,0.0
20200707:1110,763.01,150.0,0.0,62.49,20.17,1.1,0.0
20200707:1210,839.01,116.0,0.0,63.79,21.19,1.52,0.0
20200707:1310,739.01,149.0,0.0,59.99,21.86,1.66,0.0
20200707:1410,706.0,120.0,0.0,52.69,22.45,2.0,0.0
20200707:1510,598.0,108.0,0.0,43.65,22.77,2.21,0.0
20200707:1610,411.0,120.0,0.0,33.9,22.82,2.48,0.0
20200707:1710,266.0,99.0,0.0,24.0,22.54,2.55,0.0
20200707:1810,114.0,77.0,0.0,14.35,22.18,2.28,0.0
20200707:1910,21.0,24.8,0.0,5.26,21.55,1.38,0.0
20200707:2010,0.0,0.0,0.0,0.0,20.06,1.24,0.0
20200707:2110,0.0,0.0,0.0,0.0,17.9,1.45,0.0
20200707:2210,0.0,0.0,0.0,0.0,16.49,2.14,0.0
20200707:2310,0.0,0.0,0.0,0.0,15.66,2.69,0.0
20200708:0010,0.0,0.0,0.0,0.0,14.86,2.48,0.0
20200708:0110,0.0,0.0,0.0,0.0,14.04,1.93,0.0
20200708:0210,0.0,0.0,0.0,0.0,12.95,1.24,0.0
20200708:0310,0.0,0.0,0.0,0.0,12.16,1.38,0.0
20200708:0410,0.0,0.0,0.0,0.0,11.47,1.59,0.0
20200708:0510,64.0,53.0,0.0,9.68,11.92,1.52,0.0
20200708:0610,194.0,84.0,0.0,19.1,14.81,1.79,0.0
20200708:0710,273.0,140.0,0.0,28.92,17.01,2.28,0.0
20200708:0810,436.0,144.0,0.0,38.79,19.09,2.97,0.0
20200708:0910,624.0,122.0,0.0,48.27,21.19,3.72,0.0
20200708:1010,754.01,110.0,0.0,56.6,22.79,4.28,0.0
20200708:1110,737.01,153.0,0.0,62.38,24.28,4.9,0.0
20200708:1210,459.0,324.0,0.0,63.69,25.19,5.03,0.0
20200708:1310,467.0,298.0,0.0,59.91,25.71,4.97,0.0
20200708:1410,425.0,272.0,0.0,52.63,25.86,4.97,0.0
20200708:1510,470.0,170.0,0.0,43.59,25.76,4.76,0.0
20200708:1610,341.0,152.0,0.0,33.85,25.73,4.55,0.0
20200708:1710,228.0,113.0,0.0,23.95,25.44,4.41,0.0
20200708:1810,13.0,95.0,0.0,14.29,24.73,3.79,0.0
20200708:1910,16.0,25.99,0.0,5.2,24.26,2.62,0.0
20200708:2010,0.0,0.0,0.0,0.0,22.44,2.41,0.0
20200708:2110,0.0,0.0,0.0,0.0,20.91,2.28,0.0
20200708:2210,0.0,0.0,0.0,0.0,19.93,2.0,0.0
20200708:2310,0.0,0.0,0.0,0.0,19.0,1.45,0.0
20200709:0010,0.0,0.0,0.0,0.0,18.7,0.62,0.0
20200709:0110,0.0,0.0,0.0,0.0,17.35,0.97,0.0
20200709:0210,0.0,0.0,0.0,0.0,15.84,1.38,0.0
20200709:0310,0.0,0.0,0.0,0.0,15.13,1.38,0.0
20200709:0410,0.0,0.0,0.0,0.0,14.62,1.31,0.0
20200709:0510,65.0,52.0,0.0,9.57,14.9,1.1,0.0
20200709:0610,174.0,91.0,0.0,18.99,17.54,0.83,0.0
20200709:0710,308.0,120.0,0.0,28.81,19.7,0.83,0.0
20200709:0810,454.0,135.0,0.0,38.68,21.66,1.17,0.0
20200709:0910,611.0,130.0,0.0,48.16,23.61,2.14,0.0
20200709:1010,693.01,144.0,0.0,56.48,25.37,3.24,0.0
20200709:1110,561.0,262.0,0.0,62.26,26.8,3.86,0.0
20200709:1210,703.01,183.0,0.0,63.58,27.98,4.14,0.0
20200709:1310,565.0,245.0,0.0,59.82,28.87,4.41,0.0
20200709:1410,553.0,199.0,0.0,52.55,29.52,4.83,0.0
20200709:1510,455.0,181.0,0.0,43.53,29.73,5.24,0.0
20200709:1610,391.0,124.0,0.0,33.79,29.57,5.31,0.0
20200709:1710,253.0,101.0,0.0,23.9,29.09,4.97,0.0
20200709:1810,115.0,74.0,0.0,14.23,28.3,4.07,0.0
20200709:1910,17.0,25.68,0.0,5.13,27.0,3.52,0.0
20200709:2010,0.0,0.0,0.0,0.0,25.16,3.45,0.0
20200709:2110,0.0,0.0,0.0,0.0,23.78,3.45,0.0
20200709:2210,0.0,0.0,0.0,0.0,22.34,3.38,0.0
20200709:2310,0.0,0.0,0.0,0.0,20.6,3.03,0.0
20200710:0010,0.0,0.0,0.0,0.0,19.11,2.55,0.0
20200710:0110,0.0,0.0,0.0,0.0,17.95,2.0,0.0
20200710:0210,0.0,0.0,0.0,0.0,17.72,1.93,0.0
20200710:0310,0.0,0.0,0.0,0.0,17.66,2.28,0.0
20200710:0410,0.0,0.0,0.0,0.0,17.66,2.76,0.0
20200710:0510,1.0,43.0,0.0,9.45,17.63,3.1,0.0
20200710:0610,0.0,79.0,0.0,18.88,17.87,4.14,0.0
20200710:0710,41.0,215.0,0.0,28.7,18.16,4.14,0.0
20200710:0810,0.0,150.0,0.0,38.57,18.46,4.21,0.0
20200710:0910,0.0,217.0,0.0,48.05,18.78,4.41,0.0
20200710:1010,20.0,355.0,0.0,56.36,20.07,4.69,0.0
20200710:1110,0.0,227.0,0.0,62.13,20.87,4.55,0.0
20200710:1210,0.0,225.0,0.0,63.46,20.92,4.48,0.0
20200710:1310,46.0,401.0,0.0,59.72,20.86,4.28,0.0
20200710:1410,201.0,373.0,0.0,52.48,21.11,4.14,0.0
20200710:1510,217.0,304.0,0.0,43.47,21.45,4.14,0.0
20200710:1610,103.0,257.0,0.0,33.73,21.26,4.34,0.0
20200710:1710,75.0,179.0,0.0,23.83,21.0,4.69,0.0
20200710:1810,120.0,71.0,0.0,14.17,20.28,4.55,0.0
20200710:1910,19.0,24.27,0.0,5.05,19.69,4.62,0.0
20200710:2010,0.0,0.0,0.0,0.0,18.25,4.21,0.0
20200710:2110,0.0,0.0,0.0,0.0,17.03,3.79,0.0
20200710:2210,0.0,0.0,0.0,0.0,16.0,3.31,0.0
20200710:2310,0.0,0.0,0.0,0.0,15.12,2.97,0.0
20200711:0010,0.0,0.0,0.0,0.0,14.4,2.69,0.0
20200711:0110,0.0,0.0,0.0,0.0,13.51,2.48,0.0
20200711:0210,0.0,0.0,0.0,0.0,12.81,2.41,0.0
20200711:0310,0.0,0.0,0.0,0.0,12.21,2.21,0.0
20200711:0410,0.0,0.0,0.0,0.0,11.59,2.14,0.0
20200711:0510,64.0,51.0,0.0,9.33,11.62,1.93,0.0
20200711:0610,186.0,88.0,0.0,18.76,13.44,2.0,0.0
20200711:0710,331.0,114.0,0.0,28.59,15.46,1.86,0.0
20200711:0810,309.0,227.0,0.0,38.46,17.35,1.93,0.0
20200711:0910,214.0,347.0,0.0,47.93,18.78,2.34,0.0
20200711:1010,467.0,292.0,0.0,56.23,19.87,2.62,0.0
20200711:1110,495.0,314.0,0.0,62.0,20.77,2.83,0.0
20200711:1210,691.01,208.0,0.0,63.33,21.71,3.03,0.0
20200711:1310,512.0,290.0,0.0,59.62,22.42,3.1,0.0
20200711:1410,570.0,204.0,0.0,52.39,23.01,3.17,0.0
20200711:1510,561.0,130.0,0.0,43.4,23.32,3.31,0.0
20200711:1610,400.0,128.0,0.0,33.66,23.21,3.72,0.0
20200711:1710,263.0,101.0,0.0,23.77,22.82,4.0,0.0
20200711:1810,73.0,94.0,0.0,14.1,22.03,4.07,0.0
20200711:1910,8.0,26.98,0.0,4.98,20.84,3.45,0.0
20200711:2010,0.0,0.0,0.0,0.0,19.09,3.66,0.0
20200711:2110,0.0,0.0,0.0,0.0,17.9,4.0,0.0
20200711:2210,0.0,0.0,0.0,0.0,16.89,4.14,0.0
20200711:2310,0.0,0.0,0.0,0.0,16.01,4.07,0.0
20200712:0010,0.0,0.0,0.0,0.0,15.25,3.86,0.0
20200712:0110,0.0,0.0,0.0,0.0,14.53,3.52,0.0
20200712:0210,0.0,0.0,0.0,0.0,13.83,3.1,0.0
20200712:0310,0.0,0.0,0.0,0.0,13.15,2.9,0.0
20200712:0410,0.0,0.0,0.0,0.0,12.55,2.76,0.0
20200712:0510,58.0,53.0,0.0,9.21,12.49,2.69,0.0
20200712:0610,171.0,95.0,0.0,18.65,13.68,3.03,0.0
20200712:0710,328.0,114.0,0.0,28.47,15.69,3.1,0.0
20200712:0810,494.0,121.0,0.0,38.34,17.72,3.24,0.0
20200712:0910,663.0,112.0,0.0,47.8,19.64,3.52,0.0
20200712:1010,712.01,145.0,0.0,56.1,21.06,3.59,0.0
20200712:1110,814.01,125.0,0.0,61.86,22.14,3.52,0.0
20200712:1210,868.01,103.0,0.0,63.2,23.1,3.38,0.0
20200712:1310,769.01,136.0,0.0,59.51,23.89,3.24,0.0
20200712:1410,696.01,128.0,0.0,52.3,24.44,3.17,0.0
20200712:1510,505.0,162.0,0.0,43.32,24.81,3.24,0.0
20200712:1610,369.0,146.0,0.0,33.59,24.86,3.31,0.0
20200712:1710,104.0,176.0,0.0,23.69,24.63,3.45,0.0
20200712:1810,103.0,81.0,0.0,14.02,24.06,3.59,0.0
20200712:1910,17.0,23.77,0.0,4.89,23.01,2.9,0.0
20200712:2010,0.0,0.0,0.0,0.0,21.17,3.31,0.0
20200712:2110,0.0,0.0,0.0,0.0,19.96,3.79,0.0
20200712:2210,0.0,0.0,0.0,0.0,18.96,4.14,0.0
20200712:2310,0.0,0.0,0.0,0.0,18.02,3.93,0.0
20200713:0010,0.0,0.0,0.0,0.0,17.12,3.66,0.0
20200713:0110,0.0,0.0,0.0,0.0,16.31,3.45,0.0
20200713:0210,0.0,0.0,0.0,0.0,15.56,3.38,0.0
20200713:0310,0.0,0.0,0.0,0.0,14.91,3.24,0.0
20200713:0410,0.0,0.0,0.0,0.0,14.32,3.03,0.0
20200713:0510,57.0,51.0,0.0,9.09,14.21,2.83,0.0
20200713:0610,184.0,86.0,0.0,18.52,15.38,2.9,0.0
20200713:0710,331.0,110.0,0.0,28.35,17.57,2.83,0.0
20200713:0810,473.0,128.0,0.0,38.22,19.83,2.9,0.0
20200713:0910,636.0,122.0,0.0,47.68,21.89,3.52,0.0
20200713:1010,702.01,147.0,0.0,55.97,23.27,3.24,0.0
20200713:1110,782.01,139.0,0.0,61.71,24.23,2.62,0.0
20200713:1210,817.01,127.0,0.0,63.06,24.97,2.34,0.0
20200713:1310,717.01,161.0,0.0,59.39,25.54,2.48,0.0
20200713:1410,669.0,138.0,0.0,52.21,25.9,2.62,0.0
20200713:1510,559.0,127.0,0.0,43.23,26.02,2.83,0.0
20200713:1610,377.0,137.0,0.0,33.51,25.88,2.97,0.0
20200713:1710,218.0,122.0,0.0,23.61,25.47,3.17,0.0
20200713:1810,126.0,68.0,0.0,13.93,24.76,3.1,0.0
20200713:1910,1.0,20.81,0.0,4.8,23.71,2.62,0.0
20200713:2010,0.0,0.0,0.0,0.0,22.0,3.03,0.0
20200713:2110,0.0,0.0,0.0,0.0,20.78,3.52,0.0
20200713:2210,0.0,0.0,0.0,0.0,19.67,3.66,0.0
20200713:2310,0.0,0.0,0.0,0.0,18.67,3.31,0.0
20200714:0010,0.0,0.0,0.0,0.0,17.7,3.03,0.0
20200714:0110,0.0,0.0,0.0,0.0,16.96,2.76,0.0
20200714:0210,0.0,0.0,0.0,0.0,16.14,2.76,0.0
20200714:0310,0.0,0.0,0.0,0.0,15.46,2.48,0.0
20200714:0410,0.0,0.0,0.0,0.0,14.78,2.28,0.0
20200714:0510,58.0,49.0,0.0,8.96,14.46,2.0,0.0
20200714:0610,108.0,118.0,0.0,18.4,14.87,2.0,0.0
20200714:0710,99.0,211.0,0.0,28.23,16.25,1.17,0.0
20200714:0810,283.0,226.0,0.0,38.1,18.1,1.79,0.0
20200714:0910,262.0,315.0,0.0,47.55,19.43,2.0,0.0
20200714:1010,9.0,323.0,0.0,55.83,20.43,2.28,0.0
20200714:1110,0.0,167.0,0.0,61.57,21.26,2.62,0.0
20200714:1210,543.0,276.0,0.0,62.92,22.0,3.03,0.0
20200714:1310,58.0,407.0,0.0,59.27,22.73,3.17,0.0
20200714:1410,198.0,370.0,0.0,52.11,23.63,3.24,0.0
20200714:1510,28.0,299.0,0.0,43.15,23.84,3.17,0.0
20200714:1610,0.0,154.0,0.0,33.43,23.26,3.24,0.0
20200714:1710,0.0,95.0,0.0,23.53,20.79,3.86,0.0
20200714:1810,0.0,57.0,0.0,13.84,19.17,2.9,0.0
20200714:1910,0.0,4.0,0.0,4.7,19.26,2.28,0.0
20200714:2010,0.0,0.0,0.0,0.0,18.79,2.07,0.0
20200714:2110,0.0,0.0,0.0,0.0,18.45,2.07,0.0
20200714:2210,0.0,0.0,0.0,0.0,18.07,1.79,0.0
20200714:2310,0.0,0.0,0.0,0.0,17.77,1.66,0.0
20200715:0010,0.0,0.0,0.0,0.0,17.47,1.66,0.0
20200715:0110,0.0,0.0,0.0,0.0,17.17,1.66,0.0
20200715:0210,0.0,0.0,0.0,0.0,16.91,1.52,0.0
20200715:0310,0.0,0.0,0.0,0.0,16.6,1.66,0.0
20200715:0410,0.0,0.0,0.0,0.0,16.3,2.07,0.0
20200715:0510,0.0,9.0,0.0,8.83,16.03,2.76,0.0
20200715:0610,13.0,123.0,0.0,18.27,15.84,3.03,0.0
20200715:0710,3.0,161.0,0.0,28.1,15.63,2.41,0.0
20200715:0810,143.0,280.0,0.0,37.97,15.91,2.62,0.0
20200715:0910,127.0,352.0,0.0,47.42,16.5,2.41,0.0
20200715:1010,42.0,378.0,0.0,55.68,17.83,2.28,0.0
20200715:1110,19.0,368.0,0.0,61.41,18.81,2.48,0.0
20200715:1210,0.0,256.0,0.0,62.77,20.19,2.9,0.0
20200715:1310,119.0,419.0,0.0,59.14,20.79,2.83,0.0
20200715:1410,51.0,367.0,0.0,52.0,21.08,2.97,0.0
20200715:1510,29.0,300.0,0.0,43.05,21.2,3.52,0.0
20200715:1610,3.0,187.0,0.0,33.34,20.92,3.93,0.0
20200715:1710,3.0,134.0,0.0,23.44,20.46,3.86,0.0
20200715:1810,4.0,79.0,0.0,13.75,19.96,3.59,0.0
20200715:1910,0.0,10.0,0.0,4.6,19.62,2.69,0.0
20200715:2010,0.0,0.0,0.0,0.0,19.08,2.41,0.0
20200715:2110,0.0,0.0,0.0,0.0,18.6,2.21,0.0
20200715:2210,0.0,0.0,0.0,0.0,18.21,2.07,0.0
20200715:2310,0.0,0.0,0.0,0.0,17.85,2.07,0.0
20200716:0010,0.0,0.0,0.0,0.0,17.48,2.14,0.0
20200716:0110,0.0,0.0,0.0,0.0,17.02,2.21,0.0
20200716:0210,0.0,0.0,0.0,0.0,16.78,2.41,0.0
20200716:0310,0.0,0.0,0.0,0.0,16.52,2.41,0.0
20200716:0410,0.0,0.0,0.0,0.0,16.29,2.14,0.0
20200716:0510,4.0,49.0,0.0,8.69,16.15,2.21,0.0
20200716:0610,10.0,118.0,0.0,18.14,16.38,2.69,0.0
20200716:0710,8.0,174.0,0.0,27.97,16.74,3.38,0.0
20200716:0810,21.0,258.0,0.0,37.84,17.53,3.38,0.0
20200716:0910,67.0,346.0,0.0,47.28,18.07,3.38,0.0
20200716:1010,0.0,151.0,0.0,55.53,18.42,3.38,0.0
20200716:1110,25.0,378.0,0.0,61.25,18.84,3.59,0.0
20200716:1210,0.0,250.0,0.0,62.61,19.22,3.66,0.0
20200716:1310,0.0,185.0,0.0,59.01,19.48,3.52,0.0
20200716:1410,0.0,183.0,0.0,51.88,20.14,3.72,0.0
20200716:1510,4.0,241.0,0.0,42.95,20.65,3.52,0.0
20200716:1610,0.0,152.0,0.0,33.24,20.66,3.31,0.0
20200716:1710,6.0,142.0,0.0,23.34,20.51,3.31,0.0
20200716:1810,2.0,71.0,0.0,13.65,20.09,2.9,0.0
20200716:1910,0.0,12.0,0.0,4.49,19.28,3.03,0.0
20200716:2010,0.0,0.0,0.0,0.0,18.81,2.69,0.0
20200716:2110,0.0,0.0,0.0,0.0,18.42,2.48,0.0
20200716:2210,0.0,0.0,0.0,0.0,18.08,2.34,0.0
20200716:2310,0.0,0.0,0.0,0.0,17.73,2.28,0.0
20200717:0010,0.0,0.0,0.0,0.0,17.43,2.07,0.0
20200717:0110,0.0,0.0,0.0,0.0,17.24,1.93,0.0
20200717:0210,0.0,0.0,0.0,0.0,17.03,1.72,0.0
20200717:0310,0.0,0.0,0.0,0.0,16.79,1.59,0.0
20200717:0410,0.0,0.0,0.0,0.0,16.64,1.59,0.0
20200717:0510,46.0,49.0,0.0,8.55,16.64,1.52,0.0
20200717:0610,162.0,87.0,0.0,18.01,17.14,1.66,0.0
20200717:0710,309.0,111.0,0.0,27.84,17.75,1.72,0.0
20200717:0810,411.0,152.0,0.0,37.7,19.01,1.79,0.0
20200717:0910,160.0,346.0,0.0,47.14,20.83,2.14,0.0
20200717:1010,0.0,231.0,0.0,55.38,21.89,2.07,0.0
20200717:1110,0.0,224.0,0.0,61.09,22.49,2.0,0.0
20200717:1210,0.0,257.0,0.0,62.45,22.63,1.93,0.0
20200717:1310,0.0,204.0,0.0,58.86,22.97,2.14,0.0
20200717:1410,540.0,202.0,0.0,51.76,23.41,2.14,0.0
20200717:1510,458.0,174.0,0.0,42.84,23.78,2.14,0.0
20200717:1610,358.0,137.0,0.0,33.14,23.97,2.07,0.0
20200717:1710,218.0,113.0,0.0,23.24,23.97,1.79,0.0
20200717:1810,63.0,90.0,0.0,13.54,23.77,1.38,0.0
20200717:1910,6.0,23.51,0.0,4.37,23.43,1.03,0.0
20200717:2010,0.0,0.0,0.0,0.0,22.32,1.24,0.0
20200717:2110,0.0,0.0,0.0,0.0,20.73,0.83,0.0
20200717:2210,0.0,0.0,0.0,0.0,18.62,1.24,0.0
20200717:2310,0.0,0.0,0.0,0.0,17.34,1.72,0.0
20200718:0010,0.0,0.0,0.0,0.0,16.35,1.86,0.0
20200718:0110,0.0,0.0,0.0,0.0,15.6,1.86,0.0
20200718:0210,0.0,0.0,0.0,0.0,15.05,1.93,0.0
20200718:0310,0.0,0.0,0.0,0.0,14.63,2.0,0.0
20200718:0410,0.0,0.0,0.0,0.0,14.4,1.93,0.0
20200718:0510,42.0,50.0,0.0,8.41,14.48,1.79,0.0
20200718:0610,150.0,95.0,0.0,17.87,15.81,1.72,0.0
20200718:0710,290.0,123.0,0.0,27.71,18.12,1.79,0.0
20200718:0810,425.0,147.0,0.0,37.57,20.05,1.52,0.0
20200718:0910,585.0,140.0,0.0,46.99,21.78,0.97,0.0
20200718:1010,639.01,174.0,0.0,55.22,23.27,0.55,0.0
20200718:1110,655.01,205.0,0.0,60.92,24.8,1.24,0.0
20200718:1210,707.01,181.0,0.0,62.28,25.78,1.66,0.0
20200718:1310,687.01,170.0,0.0,58.72,26.2,1.79,0.0
20200718:1410,624.0,155.0,0.0,51.64,26.59,1.86,0.0
20200718:1510,513.0,144.0,0.0,42.73,26.88,1.86,0.0
20200718:1610,108.0,253.0,0.0,33.03,26.87,1.86,0.0
20200718:1710,236.0,105.0,0.0,23.13,26.69,1.86,0.0
20200718:1810,103.0,73.0,0.0,13.43,26.15,1.86,0.0
20200718:1910,11.0,21.31,0.0,4.25,25.1,2.14,0.0
20200718:2010,0.0,0.0,0.0,0.0,23.01,2.48,0.0
20200718:2110,0.0,0.0,0.0,0.0,21.39,2.55,0.0
20200718:2210,0.0,0.0,0.0,0.0,20.04,2.69,0.0
20200718:2310,0.0,0.0,0.0,0.0,18.87,2.69,0.0
20200719:0010,0.0,0.0,0.0,0.0,17.78,2.62,0.0
20200719:0110,0.0,0.0,0.0,0.0,16.87,2.34,0.0
20200719:0210,0.0,0.0,0.0,0.0,16.08,2.07,0.0
20200719:0310,0.0,0.0,0.0,0.0,15.38,1.79,0.0
20200719:0410,0.0,0.0,0.0,0.0,14.65,1.72,0.0
20200719:0510,44.0,48.0,0.0,8.26,14.32,1.45,0.0
20200719:0610,166.0,85.0,0.0,17.73,16.37,1.17,0.0
20200719:0710,336.0,98.0,0.0,27.57,18.82,1.45,0.0
20200719:0810,468.0,122.0,0.0,37.43,21.26,1.52,0.0
20200719:0910,568.0,149.0,0.0,46.85,23.43,1.59,0.0
20200719:1010,550.0,229.0,0.0,55.06,25.07,1.24,0.0
20200719:1110,552.0,267.0,0.0,60.74,26.28,0.48,0.0
20200719:1210,800.01,128.0,0.0,62.11,27.21,0.69,0.0
20200719:1310,766.01,125.0,0.0,58.56,28.12,1.1,0.0
20200719:1410,708.01,110.0,0.0,51.5,28.74,1.38,0.0
20200719:1510,559.0,120.0,0.0,42.61,29.07,1.59,0.0
20200719:1610,406.0,114.0,0.0,32.92,29.14,1.72,0.0
20200719:1710,260.0,93.0,0.0,23.02,28.86,1.72,0.0
20200719:1810,108.0,69.0,0.0,13.31,28.34,1.86,0.0
20200719:1910,8.0,21.98,0.0,4.13,26.92,2.48,0.0
20200719:2010,0.0,0.0,0.0,0.0,24.65,3.24,0.0
20200719:2110,0.0,0.0,0.0,0.0,22.82,3.72,0.0
20200719:2210,0.0,0.0,0.0,0.0,21.21,3.79,0.0
20200719:2310,0.0,0.0,0.0,0.0,19.93,3.72,0.0
20200720:0010,0.0,0.0,0.0,0.0,18.91,3.52,0.0
20200720:0110,0.0,0.0,0.0,0.0,17.99,3.52,0.0
20200720:0210,0.0,0.0,0.0,0.0,17.19,3.59,0.0
20200720:0310,0.0,0.0,0.0,0.0,16.57,3.72,0.0
20200720:0410,0.0,0.0,0.0,0.0,15.93,3.79,0.0
20200720:0510,4.0,46.0,0.0,8.11,15.79,3.93,0.0
20200720:0610,77.0,124.0,0.0,17.59,16.19,4.34,0.0
20200720:0710,30.0,202.0,0.0,27.43,17.36,4.21,0.0
20200720:0810,214.0,255.0,0.0,37.28,19.07,4.28,0.0
20200720:0910,521.0,176.0,0.0,46.7,20.75,4.41,0.0
20200720:1010,623.01,181.0,0.0,54.9,22.2,4.41,0.0
20200720:1110,717.01,163.0,0.0,60.56,23.41,4.34,0.0
20200720:1210,742.01,157.0,0.0,61.92,24.37,4.28,0.0
20200720:1310,670.01,178.0,0.0,58.4,25.03,4.28,0.0
20200720:1410,609.0,162.0,0.0,51.37,25.46,4.21,0.0
20200720:1510,509.0,144.0,0.0,42.48,25.57,4.28,0.0
20200720:1610,360.0,137.0,0.0,32.8,25.37,4.28,0.0
20200720:1710,232.0,104.0,0.0,22.9,24.85,4.41,0.0
20200720:1810,93.0,75.0,0.0,13.19,23.98,4.34,0.0
20200720:1910,7.0,20.33,0.0,3.99,22.87,4.28,0.0
20200720:2010,0.0,0.0,0.0,0.0,21.36,4.28,0.0
20200720:2110,0.0,0.0,0.0,0.0,20.12,4.48,0.0
20200720:2210,0.0,0.0,0.0,0.0,19.06,4.69,0.0
20200720:2310,0.0,0.0,0.0,0.0,18.01,4.62,0.0
20200721:0010,0.0,0.0,0.0,0.0,17.08,4.41,0.0
20200721:0110,0.0,0.0,0.0,0.0,16.24,4.07,0.0
20200721:0210,0.0,0.0,0.0,0.0,15.45,3.79,0.0
20200721:0310,0.0,0.0,0.0,0.0,14.82,3.52,0.0
20200721:0410,0.0,0.0,0.0,0.0,14.11,3.31,0.0
20200721:0510,40.0,48.0,0.0,7.96,13.76,3.17,0.0
20200721:0610,152.0,92.0,0.0,17.44,14.57,3.52,0.0
20200721:0710,282.0,128.0,0.0,27.28,16.57,4.0,0.0
20200721:0810,456.0,130.0,0.0,37.14,18.58,4.14,0.0
20200721:0910,555.0,162.0,0.0,46.54,20.38,4.21,0.0
20200721:1010,650.01,173.0,0.0,54.73,21.87,4.0,0.0
20200721:1110,746.01,154.0,0.0,60.37,23.13,3.72,0.0
20200721:1210,747.01,162.0,0.0,61.74,24.12,3.52,0.0
20200721:1310,755.01,136.0,0.0,58.23,24.76,3.38,0.0
20200721:1410,710.01,113.0,0.0,51.22,25.27,3.45,0.0
20200721:1510,538.0,134.0,0.0,42.35,25.49,3.66,0.0
20200721:1610,408.0,114.0,0.0,32.67,25.37,3.86,0.0
20200721:1710,261.0,93.0,0.0,22.78,24.91,4.0,0.0
20200721:1810,113.0,66.0,0.0,13.06,24.15,4.07,0.0
20200721:1910,11.0,18.4,0.0,3.86,23.06,3.86,0.0
20200721:2010,0.0,0.0,0.0,0.0,21.32,3.93,0.0
20200721:2110,0.0,0.0,0.0,0.0,20.05,4.07,0.0
20200721:2210,0.0,0.0,0.0,0.0,19.0,4.14,0.0
20200721:2310,0.0,0.0,0.0,0.0,17.97,4.28,0.0
20200722:0010,0.0,0.0,0.0,0.0,16.91,4.28,0.0
20200722:0110,0.0,0.0,0.0,0.0,15.95,4.14,0.0
20200722:0210,0.0,0.0,0.0,0.0,15.11,3.86,0.0
20200722:0310,0.0,0.0,0.0,0.0,14.42,3.52,0.0
20200722:0410,0.0,0.0,0.0,0.0,13.79,3.31,0.0
20200722:0510,26.0,50.0,0.0,7.81,13.55,3.17,0.0
20200722:0610,121.0,104.0,0.0,17.29,14.53,3.38,0.0
20200722:0710,164.0,184.0,0.0,27.14,16.36,3.45,0.0
20200722:0810,423.0,145.0,0.0,36.99,18.37,3.24,0.0
20200722:0910,442.0,224.0,0.0,46.38,20.39,3.24,0.0
20200722:1010,685.01,146.0,0.0,54.56,22.21,3.45,0.0
20200722:1110,723.01,162.0,0.0,60.18,23.59,3.59,0.0
20200722:1210,759.01,149.0,0.0,61.54,24.61,3.45,0.0
20200722:1310,702.01,160.0,0.0,58.06,25.43,3.45,0.0
20200722:1410,653.01,139.0,0.0,51.07,25.84,3.59,0.0
20200722:1510,529.0,134.0,0.0,42.22,25.91,3.66,0.0
20200722:1610,370.0,131.0,0.0,32.54,25.64,3.52,0.0
20200722:1710,225.0,107.0,0.0,22.65,25.08,3.59,0.0
20200722:1810,81.0,79.0,0.0,12.92,24.23,3.66,0.0
20200722:1910,9.0,18.79,0.0,3.71,22.56,2.97,0.0
20200722:2010,0.0,0.0,0.0,0.0,20.93,2.76,0.0
20200722:2110,0.0,0.0,0.0,0.0,19.64,2.62,0.0
20200722:2210,0.0,0.0,0.0,0.0,18.6,2.69,0.0
20200722:2310,0.0,0.0,0.0,0.0,17.74,2.9,0.0
20200723:0010,0.0,0.0,0.0,0.0,16.96,2.9,0.0
20200723:0110,0.0,0.0,0.0,0.0,16.21,2.48,0.0
20200723:0210,0.0,0.0,0.0,0.0,15.54,2.28,0.0
20200723:0310,0.0,0.0,0.0,0.0,14.88,2.0,0.0
20200723:0410,0.0,0.0,0.0,0.0,14.19,1.72,0.0
20200723:0510,37.0,44.0,0.0,7.65,13.65,1.45,0.0
20200723:0610,145.0,89.0,0.0,17.14,15.53,1.03,0.0
20200723:0710,216.0,155.0,0.0,26.99,18.07,1.17,0.0
20200723:0810,421.0,140.0,0.0,36.84,20.15,1.03,0.0
20200723:0910,513.0,175.0,0.0,46.22,21.89,0.76,0.0
20200723:1010,627.01,173.0,0.0,54.38,22.88,0.41,0.0
20200723:1110,670.01,187.0,0.0,59.99,23.88,0.14,0.0
20200723:1210,669.01,197.0,0.0,61.35,24.87,0.41,0.0
20200723:1310,464.0,295.0,0.0,57.88,25.72,0.76,0.0
20200723:1410,567.0,183.0,0.0,50.91,26.71,1.59,0.0
20200723:1510,501.0,144.0,0.0,42.07,26.95,1.79,0.0
20200723:1610,298.0,167.0,0.0,32.41,26.9,2.07,0.0
20200723:1710,100.0,162.0,0.0,22.51,26.7,2.41,0.0
20200723:1810,0.0,48.0,0.0,12.78,26.0,2.62,0.0
20200723:1910,0.0,3.0,0.0,3.56,24.75,2.21,0.0
20200723:2010,0.0,0.0,0.0,0.0,23.28,2.14,0.0
20200723:2110,0.0,0.0,0.0,0.0,22.21,2.21,0.0
20200723:2210,0.0,0.0,0.0,0.0,21.28,2.48,0.0
20200723:2310,0.0,0.0,0.0,0.0,20.1,3.1,0.0
20200724:0010,0.0,0.0,0.0,0.0,18.73,3.24,0.0
20200724:0110,0.0,0.0,0.0,0.0,17.72,2.97,0.0
20200724:0210,0.0,0.0,0.0,0.0,16.85,2.28,0.0
20200724:0310,0.0,0.0,0.0,0.0,16.09,1.93,0.0
20200724:0410,0.0,0.0,0.0,0.0,15.46,2.21,0.0
20200724:0510,2.0,37.0,0.0,7.49,15.21,2.21,0.0
20200724:0610,13.0,114.0,0.0,16.99,15.9,2.28,0.0
20200724:0710,205.0,156.0,0.0,26.84,17.58,2.48,0.0
20200724:0810,449.0,121.0,0.0,36.68,19.13,2.28,0.0
20200724:0910,390.0,241.0,0.0,46.06,20.85,2.28,0.0
20200724:1010,57.0,381.0,0.0,54.2,22.47,2.83,0.0
20200724:1110,32.0,386.0,0.0,59.79,23.35,3.38,0.0
20200724:1210,23.0,378.0,0.0,61.14,23.73,3.59,0.0
20200724:1310,150.0,412.0,0.0,57.69,24.13,3.86,0.0
20200724:1410,64.0,367.0,0.0,50.75,24.48,4.0,0.0
20200724:1510,176.0,304.0,0.0,41.92,24.79,3.86,0.0
20200724:1610,236.0,195.0,0.0,32.27,24.8,3.72,0.0
20200724:1710,163.0,132.0,0.0,22.37,24.57,3.45,0.0
20200724:1810,36.0,88.0,0.0,12.63,24.09,3.1,0.0
20200724:1910,7.0,17.31,0.0,3.41,22.98,2.0,0.0
20200724:2010,0.0,0.0,0.0,0.0,22.12,1.45,0.0
20200724:2110,0.0,0.0,0.0,0.0,21.23,1.38,0.0
20200724:2210,0.0,0.0,0.0,0.0,19.97,1.38,0.0
20200724:2310,0.0,0.0,0.0,0.0,18.78,1.17,0.0
20200725:0010,0.0,0.0,0.0,0.0,19.17,0.69,0.0
20200725:0110,0.0,0.0,0.0,0.0,16.99,1.38,0.0
20200725:0210,0.0,0.0,0.0,0.0,16.24,1.59,0.0
20200725:0310,0.0,0.0,0.0,0.0,16.12,1.72,0.0
20200725:0410,0.0,0.0,0.0,0.0,16.11,1.86,0.0
20200725:0510,0.0,30.0,0.0,7.33,16.3,2.0,0.0
20200725:0610,26.0,119.0,0.0,16.83,18.11,2.0,0.0
20200725:0710,28.0,192.0,0.0,26.68,19.63,2.62,0.0
20200725:0810,128.0,272.0,0.0,36.53,20.96,3.24,0.0
20200725:0910,401.0,230.0,0.0,45.89,22.73,4.9,0.0
20200725:1010,144.0,390.0,0.0,54.01,23.86,5.52,0.0
20200725:1110,215.0,406.0,0.0,59.58,24.54,5.38,0.0
20200725:1210,414.0,332.0,0.0,60.93,25.47,5.31,0.0
20200725:1310,470.0,281.0,0.0,57.5,25.84,5.17,0.0
20200725:1410,374.0,283.0,0.0,50.58,25.93,5.17,0.0
20200725:1510,64.0,311.0,0.0,41.77,25.82,5.38,0.0
20200725:1610,0.0,149.0,0.0,32.12,25.47,5.52,0.0
20200725:1710,4.0,128.0,0.0,22.22,23.71,4.97,0.0
20200725:1810,1.0,61.0,0.0,12.48,21.45,3.79,0.0
20200725:1910,0.0,2.0,0.0,3.25,20.66,3.52,0.0
20200725:2010,0.0,0.0,0.0,0.0,19.94,4.0,0.0
20200725:2110,0.0,0.0,0.0,0.0,19.63,4.48,0.0
20200725:2210,0.0,0.0,0.0,0.0,19.08,4.55,0.0
20200725:2310,0.0,0.0,0.0,0.0,18.54,4.62,0.0
20200726:0010,0.0,0.0,0.0,0.0,17.94,4.48,0.0
20200726:0110,0.0,0.0,0.0,0.0,17.57,4.28,0.0
20200726:0210,0.0,0.0,0.0,0.0,17.36,4.41,0.0
20200726:0310,0.0,0.0,0.0,0.0,17.23,4.14,0.0
20200726:0410,0.0,0.0,0.0,0.0,17.24,4.21,0.0
20200726:0510,33.0,42.0,0.0,7.16,17.08,3.72,0.0
20200726:0610,158.0,79.0,0.0,16.67,17.04,3.24,0.0
20200726:0710,185.0,165.0,0.0,26.53,17.55,3.59,0.0
20200726:0810,222.0,242.0,0.0,36.37,18.25,3.45,0.0
20200726:0910,156.0,340.0,0.0,45.72,19.6,3.72,0.0
20200726:1010,443.0,277.0,0.0,53.82,21.18,4.21,0.0
20200726:1110,434.0,320.0,0.0,59.37,22.49,4.41,0.0
20200726:1210,413.0,339.0,0.0,60.71,23.05,4.41,0.0
20200726:1310,225.0,398.0,0.0,57.3,23.55,4.48,0.0
20200726:1410,143.0,374.0,0.0,50.4,24.04,4.41,0.0
20200726:1510,219.0,289.0,0.0,41.61,24.18,4.14,0.0
20200726:1610,189.0,217.0,0.0,31.96,24.27,3.86,0.0
20200726:1710,70.0,165.0,0.0,22.07,24.01,3.17,0.0
20200726:1810,72.0,75.0,0.0,12.32,23.59,2.28,0.0
20200726:1910,0.0,10.0,0.0,3.08,22.41,1.52,0.0
20200726:2010,0.0,0.0,0.0,0.0,20.76,1.03,0.0
20200726:2110,0.0,0.0,0.0,0.0,20.59,0.55,0.0
20200726:2210,0.0,0.0,0.0,0.0,19.67,0.48,0.0
20200726:2310,0.0,0.0,0.0,0.0,18.47,0.9,0.0
20200727:0010,0.0,0.0,0.0,0.0,16.19,1.45,0.0
20200727:0110,0.0,0.0,0.0,0.0,15.65,1.79,0.0
20200727:0210,0.0,0.0,0.0,0.0,15.32,2.07,0.0
20200727:0310,0.0,0.0,0.0,0.0,14.96,2.21,0.0
20200727:0410,0.0,0.0,0.0,0.0,14.71,2.21,0.0
20200727:0510,30.0,41.0,0.0,6.99,14.76,2.21,0.0
20200727:0610,136.0,85.0,0.0,16.51,16.87,2.07,0.0
20200727:0710,268.0,118.0,0.0,26.37,19.78,3.59,0.0
20200727:0810,420.0,131.0,0.0,36.21,21.78,4.28,0.0
20200727:0910,518.0,162.0,0.0,45.55,23.44,5.24,0.0
20200727:1010,611.01,173.0,0.0,53.63,24.91,5.66,0.0
20200727:1110,704.01,156.0,0.0,59.16,26.31,5.72,0.0
20200727:1210,679.01,180.0,0.0,60.49,27.55,5.86,0.0
20200727:1310,672.01,161.0,0.0,57.09,28.58,6.07,0.0
20200727:1410,615.01,144.0,0.0,50.22,29.28,6.28,0.0
20200727:1510,494.0,139.0,0.0,41.44,29.39,6.48,0.0
20200727:1610,363.0,121.0,0.0,31.8,28.95,6.41,0.0
20200727:1710,215.0,101.0,0.0,21.91,28.3,6.0,0.0
20200727:1810,84.0,67.0,0.0,12.16,27.45,4.9,0.0
20200727:1910,2.0,13.58,0.0,2.91,25.82,5.03,0.0
20200727:2010,0.0,0.0,0.0,0.0,24.28,4.69,0.0
20200727:2110,0.0,0.0,0.0,0.0,23.2,4.41,0.0
20200727:2210,0.0,0.0,0.0,0.0,22.19,4.21,0.0
20200727:2310,0.0,0.0,0.0,0.0,21.37,4.28,0.0
20200728:0010,0.0,0.0,0.0,0.0,20.88,4.48,0.0
20200728:0110,0.0,0.0,0.0,0.0,20.51,4.48,0.0
20200728:0210,0.0,0.0,0.0,0.0,20.22,4.34,0.0
20200728:0310,0.0,0.0,0.0,0.0,19.83,4.0,0.0
20200728:0410,0.0,0.0,0.0,0.0,19.24,3.59,0.0
20200728:0510,0.0,24.0,0.0,6.82,18.48,3.52,0.0
20200728:0610,78.0,112.0,0.0,16.35,17.92,3.79,0.0
20200728:0710,137.0,184.0,0.0,26.21,18.25,3.86,0.0
20200728:0810,321.0,192.0,0.0,36.04,18.7,3.93,0.0
20200728:0910,548.0,148.0,0.0,45.37,19.24,3.93,0.0
20200728:1010,683.01,137.0,0.0,53.44,20.12,3.79,0.0
20200728:1110,745.01,139.0,0.0,58.94,21.12,3.79,0.0
20200728:1210,605.01,232.0,0.0,60.27,22.34,3.79,0.0
20200728:1310,714.01,143.0,0.0,56.88,23.32,3.86,0.0
20200728:1410,633.01,139.0,0.0,50.03,24.07,4.07,0.0
20200728:1510,516.0,131.0,0.0,41.27,24.39,4.28,0.0
20200728:1610,406.0,102.0,0.0,31.64,24.22,4.34,0.0
20200728:1710,232.0,94.0,0.0,21.74,23.7,4.28,0.0
20200728:1810,93.0,64.0,0.0,11.99,22.79,4.07,0.0
20200728:1910,2.0,12.59,0.0,2.73,20.97,3.52,0.0
20200728:2010,0.0,0.0,0.0,0.0,19.47,3.1,0.0
20200728:2110,0.0,0.0,0.0,0.0,18.28,2.83,0.0
20200728:2210,0.0,0.0,0.0,0.0,17.26,2.69,0.0
20200728:2310,0.0,0.0,0.0,0.0,16.3,2.41,0.0
20200729:0010,0.0,0.0,0.0,0.0,15.4,2.07,0.0
20200729:0110,0.0,0.0,0.0,0.0,14.58,1.79,0.0
20200729:0210,0.0,0.0,0.0,0.0,13.57,1.59,0.0
20200729:0310,0.0,0.0,0.0,0.0,12.74,1.38,0.0
20200729:0410,0.0,0.0,0.0,0.0,12.4,1.24,0.0
20200729:0510,30.0,39.0,0.0,6.65,12.44,1.1,0.0
20200729:0610,154.0,76.0,0.0,16.18,13.82,0.76,0.0
20200729:0710,288.0,108.0,0.0,26.04,16.16,0.28,0.0
20200729:0810,434.0,127.0,0.0,35.87,17.99,0.0,0.0
20200729:0910,528.0,160.0,0.0,45.19,19.68,0.0,0.0
20200729:1010,658.01,150.0,0.0,53.24,21.05,0.21,0.0
20200729:1110,717.01,154.0,0.0,58.72,22.23,0.69,0.0
20200729:1210,678.01,188.0,0.0,60.03,23.32,1.03,0.0
20200729:1310,659.01,176.0,0.0,56.67,24.16,1.24,0.0
20200729:1410,608.01,152.0,0.0,49.83,24.74,1.45,0.0
20200729:1510,495.0,142.0,0.0,41.09,25.07,1.52,0.0
20200729:1610,359.0,125.0,0.0,31.47,25.15,1.66,0.0
20200729:1710,208.0,105.0,0.0,21.57,24.88,1.86,0.0
20200729:1810,82.0,67.0,0.0,11.82,24.34,2.07,0.0
20200729:1910,0.0,12.0,0.0,2.54,23.45,1.93,0.0
20200729:2010,0.0,0.0,0.0,0.0,21.84,2.28,0.0
20200729:2110,0.0,0.0,0.0,0.0,20.48,2.41,0.0
20200729:2210,0.0,0.0,0.0,0.0,19.37,2.55,0.0
20200729:2310,0.0,0.0,0.0,0.0,18.47,2.62,0.0
20200730:0010,0.0,0.0,0.0,0.0,17.69,2.55,0.0
20200730:0110,0.0,0.0,0.0,0.0,16.97,2.48,0.0
20200730:0210,0.0,0.0,0.0,0.0,16.36,2.41,0.0
20200730:0310,0.0,0.0,0.0,0.0,15.82,2.34,0.0
20200730:0410,0.0,0.0,0.0,0.0,15.31,2.21,0.0
20200730:0510,24.0,38.0,0.0,6.47,14.94,2.0,0.0
20200730:0610,132.0,84.0,0.0,16.01,16.4,1.52,0.0
20200730:0710,274.0,112.0,0.0,25.88,19.62,1.93,0.0
20200730:0810,385.0,152.0,0.0,35.71,22.19,2.21,0.0
20200730:0910,512.0,166.0,0.0,45.01,24.7,2.55,0.0
20200730:1010,616.01,172.0,0.0,53.03,26.79,3.03,0.0
20200730:1110,647.01,194.0,0.0,58.49,28.27,2.97,0.0
20200730:1210,672.01,187.0,0.0,59.8,29.45,2.76,0.0
20200730:1310,653.01,175.0,0.0,56.44,30.4,2.62,0.0
20200730:1410,590.01,160.0,0.0,49.63,31.07,2.55,0.0
20200730:1510,497.0,137.0,0.0,40.91,31.48,2.76,0.0
20200730:1610,374.0,115.0,0.0,31.29,31.56,2.76,0.0
20200730:1710,221.0,95.0,0.0,21.4,31.29,2.76,0.0
20200730:1810,81.0,65.0,0.0,11.64,30.44,2.21,0.0
20200730:1910,0.0,9.0,0.0,2.35,28.54,2.41,0.0
20200730:2010,0.0,0.0,0.0,0.0,26.44,2.76,0.0
20200730:2110,0.0,0.0,0.0,0.0,25.12,2.9,0.0
20200730:2210,0.0,0.0,0.0,0.0,24.15,2.9,0.0
20200730:2310,0.0,0.0,0.0,0.0,23.35,2.76,0.0
20200731:0010,0.0,0.0,0.0,0.0,22.57,2.76,0.0
20200731:0110,0.0,0.0,0.0,0.0,21.85,2.76,0.0
20200731:0210,0.0,0.0,0.0,0.0,21.26,2.83,0.0
20200731:0310,0.0,0.0,0.0,0.0,20.74,2.9,0.0
20200731:0410,0.0,0.0,0.0,0.0,20.25,2.83,0.0
20200731:0510,15.0,38.0,0.0,6.29,19.9,2.69,0.0
20200731:0610,113.0,89.0,0.0,15.84,21.0,2.28,0.0
20200731:0710,265.0,111.0,0.0,25.71,24.01,2.28,0.0
20200731:0810,406.0,130.0,0.0,35.53,27.23,2.34,0.0
20200731:0910,532.0,144.0,0.0,44.83,30.4,2.62,0.0
20200731:1010,648.01,142.0,0.0,52.83,33.07,2.97,0.0
20200731:1110,708.01,146.0,0.0,58.26,34.95,3.52,0.0
20200731:1210,571.01,237.0,0.0,59.55,36.13,3.79,0.0
20200731:1310,0.0,179.0,0.0,56.21,36.89,4.14,0.0
20200731:1410,7.0,289.0,0.0,49.43,35.14,3.72,0.0
20200731:1510,10.0,253.0,0.0,40.72,35.03,3.38,0.0
20200731:1610,85.0,236.0,0.0,31.11,33.51,2.55,0.0
20200731:1710,0.0,101.0,0.0,21.22,32.93,2.41,0.0
20200731:1810,45.0,76.0,0.0,11.45,32.25,2.14,0.0
20200731:1910,0.0,1.0,0.0,2.16,30.96,2.0,0.0
20200731:2010,0.0,0.0,0.0,0.0,29.31,2.0,0.0
20200731:2110,0.0,0.0,0.0,0.0,27.67,2.21,0.0
20200731:2210,0.0,0.0,0.0,0.0,26.46,2.69,0.0
20200731:2310,0.0,0.0,0.0,0.0,25.05,3.52,0.0
20200801:0010,0.0,0.0,0.0,0.0,23.29,3.72,0.0
20200801:0110,0.0,0.0,0.0,0.0,21.82,3.45,0.0
20200801:0210,0.0,0.0,0.0,0.0,20.81,2.97,0.0
20200801:0310,0.0,0.0,0.0,0.0,20.06,2.62,0.0
20200801:0410,0.0,0.0,0.0,0.0,19.44,2.41,0.0
20200801:0510,21.0,35.0,0.0,6.11,19.2,2.69,0.0
20200801:0610,88.0,97.0,0.0,15.67,19.68,3.45,0.0
20200801:0710,27.0,183.0,0.0,25.54,20.57,3.86,0.0
20200801:0810,54.0,264.0,0.0,35.36,21.67,3.66,0.0
20200801:0910,196.0,314.0,0.0,44.64,23.13,3.45,0.0
20200801:1010,74.0,378.0,0.0,52.62,24.86,2.9,0.0
20200801:1110,290.0,370.0,0.0,58.02,26.21,2.76,0.0
20200801:1210,368.0,343.0,0.0,59.31,27.24,2.97,0.0
20200801:1310,350.0,331.0,0.0,55.98,27.65,3.1,0.0
20200801:1410,39.0,342.0,0.0,49.21,28.28,3.1,0.0
20200801:1510,77.0,305.0,0.0,40.52,28.65,3.24,0.0
20200801:1610,6.0,188.0,0.0,30.92,28.44,3.24,0.0
20200801:1710,19.0,146.0,0.0,21.03,27.88,3.31,0.0
20200801:1810,4.0,65.0,0.0,11.26,27.42,3.24,0.0
20200801:1910,0.0,3.0,0.0,1.96,25.51,2.0,0.0
20200801:2010,0.0,0.0,0.0,0.0,24.65,2.21,0.0
20200801:2110,0.0,0.0,0.0,0.0,23.65,2.83,0.0
20200801:2210,0.0,0.0,0.0,0.0,22.53,3.93,0.0
20200801:2310,0.0,0.0,0.0,0.0,21.31,4.28,0.0
20200802:0010,0.0,0.0,0.0,0.0,20.42,4.0,0.0
20200802:0110,0.0,0.0,0.0,0.0,19.56,3.72,0.0
20200802:0210,0.0,0.0,0.0,0.0,18.73,3.52,0.0
20200802:0310,0.0,0.0,0.0,0.0,18.02,2.9,0.0
20200802:0410,0.0,0.0,0.0,0.0,17.48,2.48,0.0
20200802:0510,13.0,36.0,0.0,5.93,16.99,2.55,0.0
20200802:0610,77.0,103.0,0.0,15.5,16.95,2.97,0.0
20200802:0710,274.0,106.0,0.0,25.37,17.51,3.66,0.0
20200802:0810,414.0,128.0,0.0,35.18,18.49,3.66,0.0
20200802:0910,475.0,182.0,0.0,44.45,19.65,3.66,0.0
20200802:1010,584.01,185.0,0.0,52.4,20.77,3.52,0.0
20200802:1110,740.01,133.0,0.0,57.78,21.91,3.45,0.0
20200802:1210,703.01,161.0,0.0,59.05,22.83,3.59,0.0
20200802:1310,690.01,146.0,0.0,55.74,23.67,3.59,0.0
20200802:1410,676.01,107.0,0.0,49.0,24.21,3.66,0.0
20200802:1510,494.0,133.0,0.0,40.32,24.5,3.59,0.0
20200802:1610,247.0,178.0,0.0,30.73,24.63,3.52,0.0
20200802:1710,187.0,107.0,0.0,20.84,24.35,3.52,0.0
20200802:1810,76.0,61.0,0.0,11.06,23.54,3.59,0.0
20200802:1910,0.0,5.0,0.0,1.75,21.2,4.14,0.0
20200802:2010,0.0,0.0,0.0,0.0,20.14,3.59,0.0
20200802:2110,0.0,0.0,0.0,0.0,19.5,3.1,0.0
20200802:2210,0.0,0.0,0.0,0.0,18.85,2.55,0.0
20200802:2310,0.0,0.0,0.0,0.0,18.4,2.07,0.0
20200803:0010,0.0,0.0,0.0,0.0,17.82,1.72,0.0
20200803:0110,0.0,0.0,0.0,0.0,17.25,1.59,0.0
20200803:0210,0.0,0.0,0.0,0.0,16.59,1.72,0.0
20200803:0310,0.0,0.0,0.0,0.0,16.2,1.52,0.0
20200803:0410,0.0,0.0,0.0,0.0,15.62,1.38,0.0
20200803:0510,0.0,16.0,0.0,5.75,14.93,1.52,0.0
20200803:0610,12.0,102.0,0.0,15.32,15.95,1.45,0.0
20200803:0710,0.0,72.0,0.0,25.2,16.83,2.83,0.0
20200803:0810,76.0,270.0,0.0,35.0,17.51,3.1,0.0
20200803:0910,243.0,302.0,0.0,44.26,18.37,3.38,0.0
20200803:1010,154.0,385.0,0.0,52.19,19.74,3.79,0.0
20200803:1110,314.0,368.0,0.0,57.53,20.73,4.07,0.0
20200803:1210,559.01,249.0,0.0,58.79,21.65,4.21,0.0
20200803:1310,619.01,190.0,0.0,55.49,21.85,4.48,0.0
20200803:1410,131.0,367.0,0.0,48.77,22.35,4.9,0.0
20200803:1510,396.0,190.0,0.0,40.11,21.89,5.52,0.0
20200803:1610,19.0,214.0,0.0,30.53,21.17,5.72,0.0
20200803:1710,186.0,106.0,0.0,20.64,20.54,5.38,0.0
20200803:1810,72.0,61.0,0.0,10.86,20.0,5.1,0.0
20200803:1910,0.0,1.0,0.0,1.54,18.64,3.86,0.0
20200803:2010,0.0,0.0,0.0,0.0,17.89,3.31,0.0
20200803:2110,0.0,0.0,0.0,0.0,17.15,3.17,0.0
20200803:2210,0.0,0.0,0.0,0.0,16.71,3.1,0.0
20200803:2310,0.0,0.0,0.0,0.0,16.19,2.97,0.0
20200804:0010,0.0,0.0,0.0,0.0,15.35,2.69,0.0
20200804:0110,0.0,0.0,0.0,0.0,14.56,2.55,0.0
20200804:0210,0.0,0.0,0.0,0.0,13.9,2.34,0.0
20200804:0310,0.0,0.0,0.0,0.0,13.3,2.14,0.0
20200804:0410,0.0,0.0,0.0,0.0,12.77,2.0,0.0
20200804:0510,22.0,26.53,0.0,5.56,12.33,1.79,0.0
20200804:0610,120.0,82.0,0.0,15.14,13.61,1.52,0.0
20200804:0710,255.0,115.0,0.0,25.02,15.64,1.31,0.0
20200804:0810,425.0,121.0,0.0,34.82,17.56,1.17,0.0
20200804:0910,581.0,121.0,0.0,44.06,19.43,1.45,0.0
20200804:1010,436.0,271.0,0.0,51.96,20.96,1.79,0.0
20200804:1110,418.0,319.0,0.0,57.28,21.8,1.86,0.0
20200804:1210,226.0,408.0,0.0,58.53,22.64,1.86,0.0
20200804:1310,405.0,312.0,0.0,55.24,23.7,1.52,0.0
20200804:1410,520.0,195.0,0.0,48.54,24.24,1.45,0.0
20200804:1510,514.0,121.0,0.0,39.9,24.63,1.45,0.0
20200804:1610,369.0,108.0,0.0,30.33,24.69,1.45,0.0
20200804:1710,229.0,83.0,0.0,20.44,24.49,1.38,0.0
20200804:1810,81.0,57.0,0.0,10.65,24.06,1.03,0.0
20200804:1910,0.0,0.0,0.0,0.0,23.36,0.9,0.0
20200804:2010,0.0,0.0,0.0,0.0,21.45,1.66,0.0
20200804:2110,0.0,0.0,0.0,0.0,19.62,2.0,0.0
20200804:2210,0.0,0.0,0.0,0.0,18.41,2.14,0.0
20200804:2310,0.0,0.0,0.0,0.0,17.49,2.21,0.0
20200805:0010,0.0,0.0,0.0,0.0,16.67,2.14,0.0
20200805:0110,0.0,0.0,0.0,0.0,15.83,2.0,0.0
20200805:0210,0.0,0.0,0.0,0.0,14.98,1.86,0.0
20200805:0310,0.0,0.0,0.0,0.0,14.18,1.79,0.0
20200805:0410,0.0,0.0,0.0,0.0,13.59,1.79,0.0
20200805:0510,24.0,24.21,0.0,5.37,13.24,1.79,0.0
20200805:0610,115.0,82.0,0.0,14.96,15.07,1.31,0.0
20200805:0710,269.0,104.0,0.0,24.84,18.81,1.59,0.0
20200805:0810,414.0,125.0,0.0,34.64,21.58,1.93,0.0
20200805:0910,519.0,152.0,0.0,43.86,23.8,2.55,0.0
20200805:1010,638.01,148.0,0.0,51.74,25.17,2.83,0.0
20200805:1110,686.01,159.0,0.0,57.03,26.28,2.83,0.0
20200805:1210,721.01,148.0,0.0,58.26,27.3,2.97,0.0
20200805:1310,704.01,136.0,0.0,54.99,28.16,3.03,0.0
20200805:1410,613.01,137.0,0.0,48.31,28.78,3.03,0.0
20200805:1510,495.0,128.0,0.0,39.68,29.15,2.83,0.0
20200805:1610,313.0,136.0,0.0,30.12,29.22,2.48,0.0
20200805:1710,210.0,90.0,0.0,20.23,29.0,2.14,0.0
20200805:1810,71.0,57.0,0.0,10.44,28.33,1.52,0.0
20200805:1910,0.0,0.0,0.0,0.0,27.22,1.59,0.0
20200805:2010,0.0,0.0,0.0,0.0,24.96,1.93,0.0
20200805:2110,0.0,0.0,0.0,0.0,22.88,2.21,0.0
20200805:2210,0.0,0.0,0.0,0.0,21.46,2.28,0.0
20200805:2310,0.0,0.0,0.0,0.0,20.2,2.14,0.0
20200806:0010,0.0,0.0,0.0,0.0,19.05,2.14,0.0
20200806:0110,0.0,0.0,0.0,0.0,18.06,2.07,0.0
20200806:0210,0.0,0.0,0.0,0.0,17.27,2.07,0.0
20200806:0310,0.0,0.0,0.0,0.0,16.58,2.0,0.0
20200806:0410,0.0,0.0,0.0,0.0,16.05,1.93,0.0
20200806:0510,19.0,24.41,0.0,5.18,15.69,1.86,0.0
20200806:0610,101.0,86.0,0.0,14.78,17.21,1.31,0.0
20200806:0710,207.0,136.0,0.0,24.66,20.93,1.1,0.0
20200806:0810,408.0,125.0,0.0,34.45,23.98,1.17,0.0
20200806:0910,523.0,146.0,0.0,43.66,26.88,1.38,0.0
20200806:1010,609.01,162.0,0.0,51.51,29.13,1.93,0.0
20200806:1110,679.01,160.0,0.0,56.77,30.39,2.21,0.0
20200806:1210,733.01,138.0,0.0,57.99,31.24,2.0,0.0
20200806:1310,745.01,111.0,0.0,54.73,31.87,1.72,0.0
20200806:1410,615.01,132.0,0.0,48.07,32.27,1.45,0.0
20200806:1510,515.0,115.0,0.0,39.46,32.47,1.31,0.0
20200806:1610,332.0,122.0,0.0,29.9,32.43,1.24,0.0
20200806:1710,213.0,86.0,0.0,20.02,32.13,1.38,0.0
20200806:1810,64.0,59.0,0.0,10.22,31.37,1.38,0.0
20200806:1910,0.0,0.0,0.0,0.0,29.98,1.93,0.0
20200806:2010,0.0,0.0,0.0,0.0,27.85,2.07,0.0
20200806:2110,0.0,0.0,0.0,0.0,25.91,2.14,0.0
20200806:2210,0.0,0.0,0.0,0.0,24.29,2.34,0.0
20200806:2310,0.0,0.0,0.0,0.0,23.13,2.55,0.0
20200807:0010,0.0,0.0,0.0,0.0,22.34,2.62,0.0
20200807:0110,0.0,0.0,0.0,0.0,21.7,2.62,0.0
20200807:0210,0.0,0.0,0.0,0.0,21.06,2.48,0.0
20200807:0310,0.0,0.0,0.0,0.0,20.36,2.34,0.0
20200807:0410,0.0,0.0,0.0,0.0,19.59,2.21,0.0
20200807:0510,21.0,22.91,0.0,4.99,18.85,2.07,0.0
20200807:0610,117.0,77.0,0.0,14.6,19.8,1.59,0.0
20200807:0710,274.0,99.0,0.0,24.48,23.26,1.66,0.0
20200807:0810,420.0,118.0,0.0,34.27,26.07,1.79,0.0
20200807:0910,570.01,121.0,0.0,43.46,28.85,2.0,0.0
20200807:1010,668.01,129.0,0.0,51.28,31.08,2.48,0.0
20200807:1110,711.01,142.0,0.0,56.51,32.4,2.62,0.0
20200807:1210,744.01,132.0,0.0,57.71,33.35,2.62,0.0
20200807:1310,726.01,121.0,0.0,54.46,34.08,2.48,0.0
20200807:1410,615.01,132.0,0.0,47.82,34.56,2.34,0.0
20200807:1510,482.0,131.0,0.0,39.23,34.79,2.28,0.0
20200807:1610,313.0,132.0,0.0,29.68,34.74,2.34,0.0
20200807:1710,201.0,89.0,0.0,19.8,34.39,2.41,0.0
20200807:1810,61.0,58.0,0.0,10.0,33.42,1.79,0.0
20200807:1910,0.0,0.0,0.0,0.0,32.1,2.0,0.0
20200807:2010,0.0,0.0,0.0,0.0,29.92,2.21,0.0
20200807:2110,0.0,0.0,0.0,0.0,28.12,2.41,0.0
20200807:2210,0.0,0.0,0.0,0.0,26.66,2.55,0.0
20200807:2310,0.0,0.0,0.0,0.0,25.5,2.41,0.0
20200808:0010,0.0,0.0,0.0,0.0,24.19,2.14,0.0
20200808:0110,0.0,0.0,0.0,0.0,22.89,2.0,0.0
20200808:0210,0.0,0.0,0.0,0.0,22.08,2.34,0.0
20200808:0310,0.0,0.0,0.0,0.0,21.53,2.48,0.0
20200808:0410,0.0,0.0,0.0,0.0,21.14,2.41,0.0
20200808:0510,7.0,24.36,0.0,4.8,20.66,2.21,0.0
20200808:0610,83.0,89.0,0.0,14.41,21.6,1.59,0.0
20200808:0710,205.0,130.0,0.0,24.3,25.39,1.59,0.0
20200808:0810,340.0,156.0,0.0,34.08,28.3,1.59,0.0
20200808:0910,498.0,152.0,0.0,43.25,31.09,1.66,0.0
20200808:1010,614.01,149.0,0.0,51.05,33.23,2.07,0.0
20200808:1110,34.0,374.0,0.0,56.25,34.44,1.72,0.0
20200808:1210,612.01,200.0,0.0,57.43,35.31,1.52,0.0
20200808:1310,361.0,319.0,0.0,54.19,35.91,1.38,0.0
20200808:1410,552.01,158.0,0.0,47.57,36.45,1.03,0.0
20200808:1510,434.0,150.0,0.0,38.99,36.62,0.69,0.0
20200808:1610,117.0,217.0,0.0,29.45,36.55,0.62,0.0
20200808:1710,169.0,100.0,0.0,19.57,36.17,0.55,0.0
20200808:1810,43.0,61.0,0.0,9.77,35.12,1.17,0.0
20200808:1910,0.0,0.0,0.0,0.0,33.08,2.55,0.0
20200808:2010,0.0,0.0,0.0,0.0,31.3,2.97,0.0
20200808:2110,0.0,0.0,0.0,0.0,29.97,3.03,0.0
20200808:2210,0.0,0.0,0.0,0.0,29.09,2.9,0.0
20200808:2310,0.0,0.0,0.0,0.0,28.02,2.76,0.0
20200809:0010,0.0,0.0,0.0,0.0,27.03,2.76,0.0
20200809:0110,0.0,0.0,0.0,0.0,26.19,2.69,0.0
20200809:0210,0.0,0.0,0.0,0.0,25.53,2.41,0.0
20200809:0310,0.0,0.0,0.0,0.0,24.97,2.21,0.0
20200809:0410,0.0,0.0,0.0,0.0,24.51,2.14,0.0
20200809:0510,14.0,22.59,0.0,4.6,24.05,2.07,0.0
20200809:0610,62.0,95.0,0.0,14.23,24.43,1.52,0.0
20200809:0710,190.0,136.0,0.0,24.11,25.05,1.59,0.0
20200809:0810,406.0,117.0,0.0,33.89,27.81,1.31,0.0
20200809:0910,540.0,127.0,0.0,43.04,30.38,0.83,0.0
20200809:1010,644.01,131.0,0.0,50.81,32.37,0.97,0.0
20200809:1110,687.01,143.0,0.0,55.98,34.21,1.52,0.0
20200809:1210,758.01,113.0,0.0,57.15,35.19,2.0,0.0
20200809:1310,682.01,133.0,0.0,53.91,35.96,2.62,0.0
20200809:1410,583.01,138.0,0.0,47.31,36.37,2.9,0.0
20200809:1510,454.0,135.0,0.0,38.75,36.29,2.97,0.0
20200809:1610,225.0,170.0,0.0,29.22,35.39,2.0,0.0
20200809:1710,0.0,79.0,0.0,19.34,34.34,1.1,0.0
20200809:1810,0.0,16.0,0.0,9.54,30.49,2.34,0.0
20200809:1910,0.0,0.0,0.0,0.0,31.42,2.14,0.0
20200809:2010,0.0,0.0,0.0,0.0,29.81,2.0,0.0
20200809:2110,0.0,0.0,0.0,0.0,27.85,1.66,0.0
20200809:2210,0.0,0.0,0.0,0.0,26.25,1.24,0.0
20200809:2310,0.0,0.0,0.0,0.0,26.3,0.9,0.0
20200810:0010,0.0,0.0,0.0,0.0,25.96,0.48,0.0
20200810:0110,0.0,0.0,0.0,0.0,25.36,0.34,0.0
20200810:0210,0.0,0.0,0.0,0.0,24.69,0.28,0.0
20200810:0310,0.0,0.0,0.0,0.0,23.54,0.83,0.0
20200810:0410,0.0,0.0,0.0,0.0,21.75,1.17,0.0
20200810:0510,10.0,21.65,0.0,4.4,21.07,1.24,0.0
20200810:0610,116.0,70.0,0.0,14.04,22.28,0.9,0.0
20200810:0710,206.0,123.0,0.0,23.93,24.15,1.17,0.0
20200810:0810,355.0,140.0,0.0,33.69,26.19,1.72,0.0
20200810:0910,416.0,193.0,0.0,42.83,27.89,2.41,0.0
20200810:1010,459.0,234.0,0.0,50.57,29.52,2.28,0.0
20200810:1110,621.01,176.0,0.0,55.7,30.95,2.0,0.0
20200810:1210,544.01,232.0,0.0,56.86,31.97,1.79,0.0
20200810:1310,496.01,237.0,0.0,53.63,32.62,1.66,0.0
20200810:1410,547.01,152.0,0.0,47.05,32.96,1.45,0.0
20200810:1510,450.0,132.0,0.0,38.51,33.19,1.1,0.0
20200810:1610,232.0,162.0,0.0,28.99,32.97,0.83,0.0
20200810:1710,128.0,114.0,0.0,19.11,32.24,1.59,0.0
20200810:1810,1.0,41.0,0.0,9.3,31.66,1.79,0.0
20200810:1910,0.0,0.0,0.0,0.0,30.28,0.83,0.0
20200810:2010,0.0,0.0,0.0,0.0,28.79,1.66,0.0
20200810:2110,0.0,0.0,0.0,0.0,27.63,1.38,0.0
20200810:2210,0.0,0.0,0.0,0.0,26.23,1.31,0.0
20200810:2310,0.0,0.0,0.0,0.0,25.23,1.66,0.0
20200811:0010,0.0,0.0,0.0,0.0,24.71,1.93,0.0
20200811:0110,0.0,0.0,0.0,0.0,24.17,1.79,0.0
20200811:0210,0.0,0.0,0.0,0.0,23.49,1.24,0.0
20200811:0310,0.0,0.0,0.0,0.0,24.55,0.55,0.0
20200811:0410,0.0,0.0,0.0,0.0,24.11,0.55,0.0
20200811:0510,6.0,21.59,0.0,4.2,22.36,1.03,0.0
20200811:0610,81.0,83.0,0.0,13.85,23.13,0.62,0.0
20200811:0710,213.0,117.0,0.0,23.74,25.22,0.48,0.0
20200811:0810,340.0,147.0,0.0,33.5,27.76,0.62,0.0
20200811:0910,513.0,135.0,0.0,42.62,30.12,0.76,0.0
20200811:1010,630.01,133.0,0.0,50.33,31.82,0.76,0.0
20200811:1110,664.01,149.0,0.0,55.43,33.11,0.83,0.0
20200811:1210,461.01,279.0,0.0,56.56,34.07,0.76,0.0
20200811:1310,437.0,269.0,0.0,53.34,34.64,0.69,0.0
20200811:1410,0.0,88.0,0.0,46.78,35.09,0.62,0.0
20200811:1510,0.0,61.0,0.0,38.26,35.28,0.62,0.0
20200811:1610,0.0,60.0,0.0,28.75,33.96,0.9,0.0
20200811:1710,0.0,79.0,0.0,18.87,32.77,0.9,0.0
20200811:1810,30.0,58.0,0.0,9.06,30.92,2.21,0.0
20200811:1910,0.0,0.0,0.0,0.0,27.26,2.62,0.0
20200811:2010,0.0,0.0,0.0,0.0,26.39,1.86,0.0
20200811:2110,0.0,0.0,0.0,0.0,25.8,1.59,0.0
20200811:2210,0.0,0.0,0.0,0.0,25.0,1.72,0.0
20200811:2310,0.0,0.0,0.0,0.0,24.31,1.1,0.0
20200812:0010,0.0,0.0,0.0,0.0,23.62,1.24,0.0
20200812:0110,0.0,0.0,0.0,0.0,23.22,1.31,0.0
20200812:0210,0.0,0.0,0.0,0.0,23.41,0.83,0.0
20200812:0310,0.0,0.0,0.0,0.0,23.55,0.76,0.0
20200812:0410,0.0,0.0,0.0,0.0,22.25,1.03,0.0
20200812:0510,1.0,16.82,0.0,4.0,21.65,1.17,0.0
20200812:0610,77.0,82.0,0.0,13.66,22.9,0.62,0.0
20200812:0710,232.0,105.0,0.0,23.55,24.67,1.31,0.0
20200812:0810,348.0,139.0,0.0,33.3,26.98,1.79,0.0
20200812:0910,477.0,151.0,0.0,42.4,29.22,2.21,0.0
20200812:1010,581.01,156.0,0.0,50.08,31.11,2.48,0.0
20200812:1110,638.01,160.0,0.0,55.15,32.44,2.62,0.0
20200812:1210,661.01,155.0,0.0,56.26,33.41,2.69,0.0
20200812:1310,548.01,201.0,0.0,53.05,34.14,2.83,0.0
20200812:1410,194.0,328.0,0.0,46.51,34.48,2.62,0.0
20200812:1510,10.0,236.0,0.0,38.0,34.08,3.31,0.0
20200812:1610,46.0,212.0,0.0,28.5,27.26,4.0,0.0
20200812:1710,40.0,135.0,0.0,18.63,25.37,1.17,0.0
20200812:1810,25.0,57.0,0.0,8.81,25.27,1.31,0.0
20200812:1910,0.0,0.0,0.0,0.0,25.41,2.0,0.0
20200812:2010,0.0,0.0,0.0,0.0,24.84,0.48,0.0
20200812:2110,0.0,0.0,0.0,0.0,24.1,1.17,0.0
20200812:2210,0.0,0.0,0.0,0.0,23.06,1.59,0.0
20200812:2310,0.0,0.0,0.0,0.0,22.26,1.86,0.0
20200813:0010,0.0,0.0,0.0,0.0,21.68,2.21,0.0
20200813:0110,0.0,0.0,0.0,0.0,21.4,2.48,0.0
20200813:0210,0.0,0.0,0.0,0.0,21.27,2.76,0.0
20200813:0310,0.0,0.0,0.0,0.0,21.26,2.48,0.0
20200813:0410,0.0,0.0,0.0,0.0,21.15,2.0,0.0
20200813:0510,0.0,3.0,0.0,3.8,21.0,2.28,0.0
20200813:0610,2.0,68.0,0.0,13.46,21.54,1.79,0.0
20200813:0710,91.0,167.0,0.0,23.36,20.67,2.97,0.0
20200813:0810,315.0,156.0,0.0,33.1,22.23,4.14,0.0
20200813:0910,464.0,157.0,0.0,42.19,23.8,4.48,0.0
20200813:1010,535.01,182.0,0.0,49.83,25.16,4.28,0.0
20200813:1110,216.0,377.0,0.0,54.86,26.32,4.14,0.0
20200813:1210,280.0,361.0,0.0,55.96,27.47,4.21,0.0
20200813:1310,25.0,342.0,0.0,52.75,27.9,4.48,0.0
20200813:1410,93.0,343.0,0.0,46.23,26.79,5.03,0.0
20200813:1510,88.0,285.0,0.0,37.74,24.58,4.83,0.0
20200813:1610,91.0,210.0,0.0,28.25,24.66,4.76,0.0
20200813:1710,82.0,126.0,0.0,18.38,24.54,4.21,0.0
20200813:1810,38.0,51.0,0.0,8.55,24.15,3.66,0.0
20200813:1910,0.0,0.0,0.0,0.0,22.2,2.9,0.0
20200813:2010,0.0,0.0,0.0,0.0,21.81,3.24,0.0
20200813:2110,0.0,0.0,0.0,0.0,20.94,3.1,0.0
20200813:2210,0.0,0.0,0.0,0.0,20.58,2.9,0.0
20200813:2310,0.0,0.0,0.0,0.0,20.35,2.97,0.0
20200814:0010,0.0,0.0,0.0,0.0,20.04,3.52,0.0
20200814:0110,0.0,0.0,0.0,0.0,19.6,4.0,0.0
20200814:0210,0.0,0.0,0.0,0.0,19.37,4.0,0.0
20200814:0310,0.0,0.0,0.0,0.0,19.34,3.79,0.0
20200814:0410,0.0,0.0,0.0,0.0,19.3,3.72,0.0
20200814:0510,1.0,14.82,0.0,3.6,19.26,3.59,0.0
20200814:0610,0.0,53.0,0.0,13.27,19.4,3.45,0.0
20200814:0710,7.0,142.0,0.0,23.17,19.79,2.97,0.0
20200814:0810,23.0,230.0,0.0,32.9,20.63,3.31,0.0
20200814:0910,47.0,304.0,0.0,41.96,21.92,3.24,0.0
20200814:1010,59.0,355.0,0.0,49.58,23.26,3.45,0.0
20200814:1110,288.0,349.0,0.0,54.57,24.35,3.38,0.0
20200814:1210,308.0,348.0,0.0,55.65,24.85,3.38,0.0
20200814:1310,291.0,334.0,0.0,52.45,25.0,3.52,0.0
20200814:1410,449.0,202.0,0.0,45.95,24.98,3.72,0.0
20200814:1510,51.0,278.0,0.0,37.47,24.71,3.38,0.0
20200814:1610,135.0,196.0,0.0,27.99,24.62,2.9,0.0
20200814:1710,27.0,128.0,0.0,18.12,24.53,2.62,0.0
20200814:1810,11.0,52.0,0.0,8.3,22.17,2.62,0.0
20200814:1910,0.0,0.0,0.0,0.0,21.27,1.93,0.0
20200814:2010,0.0,0.0,0.0,0.0,20.73,1.45,0.0
20200814:2110,0.0,0.0,0.0,0.0,20.31,1.03,0.0
20200814:2210,0.0,0.0,0.0,0.0,19.84,1.1,0.0
20200814:2310,0.0,0.0,0.0,0.0,19.49,1.17,0.0
20200815:0010,0.0,0.0,0.0,0.0,18.99,1.31,0.0
20200815:0110,0.0,0.0,0.0,0.0,18.46,1.31,0.0
20200815:0210,0.0,0.0,0.0,0.0,18.13,1.38,0.0
20200815:0310,0.0,0.0,0.0,0.0,17.82,1.31,0.0
20200815:0410,0.0,0.0,0.0,0.0,17.67,1.24,0.0
20200815:0510,0.0,3.0,0.0,3.4,17.6,1.1,0.0
20200815:0610,2.0,67.0,0.0,13.08,18.29,0.83,0.0
20200815:0710,39.0,170.0,0.0,22.97,19.32,0.69,0.0
20200815:0810,72.0,249.0,0.0,32.7,20.47,0.55,0.0
20200815:0910,87.0,316.0,0.0,41.74,21.96,0.69,0.0
20200815:1010,246.0,334.0,0.0,49.33,23.15,0.9,0.0
20200815:1110,529.01,227.0,0.0,54.28,24.06,0.97,0.0
20200815:1210,468.01,270.0,0.0,55.34,24.49,0.83,0.0
20200815:1310,541.01,203.0,0.0,52.14,25.07,0.69,0.0
20200815:1410,411.0,226.0,0.0,45.66,25.43,0.62,0.0
20200815:1510,287.0,216.0,0.0,37.2,25.68,0.76,0.0
20200815:1610,169.0,182.0,0.0,27.73,25.58,0.9,0.0
20200815:1710,141.0,97.0,0.0,17.87,25.51,1.03,0.0
20200815:1810,5.0,47.0,0.0,8.04,25.02,1.1,0.0
20200815:1910,0.0,0.0,0.0,0.0,24.37,2.21,0.0
20200815:2010,0.0,0.0,0.0,0.0,22.85,2.34,0.0
20200815:2110,0.0,0.0,0.0,0.0,21.81,2.14,0.0
20200815:2210,0.0,0.0,0.0,0.0,20.9,2.07,0.0
20200815:2310,0.0,0.0,0.0,0.0,20.04,2.14,0.0
20200816:0010,0.0,0.0,0.0,0.0,19.35,2.14,0.0
20200816:0110,0.0,0.0,0.0,0.0,18.76,2.0,0.0
20200816:0210,0.0,0.0,0.0,0.0,18.22,1.86,0.0
20200816:0310,0.0,0.0,0.0,0.0,17.88,1.86,0.0
20200816:0410,0.0,0.0,0.0,0.0,17.71,2.0,0.0
20200816:0510,0.0,2.0,0.0,3.19,17.36,2.0,0.0
20200816:0610,0.0,37.0,0.0,12.88,17.89,1.24,0.0
20200816:0710,0.0,45.0,0.0,22.78,19.65,2.14,0.0
20200816:0810,0.0,98.0,0.0,32.49,19.71,2.41,0.0
20200816:0910,8.0,255.0,0.0,41.52,19.6,2.07,0.0
20200816:1010,560.01,167.0,0.0,49.07,21.11,1.79,0.0
20200816:1110,242.0,369.0,0.0,53.99,23.84,1.03,0.0
20200816:1210,154.0,398.0,0.0,55.02,25.23,2.34,0.0
20200816:1310,558.01,192.0,0.0,51.83,26.1,3.17,0.0
20200816:1410,74.0,339.0,0.0,45.37,25.99,3.45,0.0
20200816:1510,280.0,218.0,0.0,36.93,26.12,3.52,0.0
20200816:1610,307.0,109.0,0.0,27.47,25.31,3.66,0.0
20200816:1710,69.0,125.0,0.0,17.6,25.09,2.97,0.0
20200816:1810,44.0,44.0,0.0,7.77,24.53,2.21,0.0
20200816:1910,0.0,0.0,0.0,0.0,22.55,2.69,0.0
20200816:2010,0.0,0.0,0.0,0.0,21.56,3.03,0.0
20200816:2110,0.0,0.0,0.0,0.0,20.5,3.03,0.0
20200816:2210,0.0,0.0,0.0,0.0,19.61,2.69,0.0
20200816:2310,0.0,0.0,0.0,0.0,18.82,2.41,0.0
20200817:0010,0.0,0.0,0.0,0.0,18.17,2.34,0.0
20200817:0110,0.0,0.0,0.0,0.0,17.65,2.48,0.0
20200817:0210,0.0,0.0,0.0,0.0,17.25,2.55,0.0
20200817:0310,0.0,0.0,0.0,0.0,17.1,2.48,0.0
20200817:0410,0.0,0.0,0.0,0.0,17.01,2.69,0.0
20200817:0510,3.0,13.4,0.0,2.98,16.68,2.76,0.0
20200817:0610,2.0,66.0,0.0,12.68,17.18,2.69,0.0
20200817:0710,30.0,165.0,0.0,22.58,18.02,3.31,0.0
20200817:0810,93.0,246.0,0.0,32.29,19.16,3.38,0.0
20200817:0910,6.0,246.0,0.0,41.29,20.2,3.52,0.0
20200817:1010,146.0,362.0,0.0,48.81,20.81,3.72,0.0
20200817:1110,242.0,368.0,0.0,53.69,21.57,3.93,0.0
20200817:1210,486.01,257.0,0.0,54.7,22.34,3.93,0.0
20200817:1310,1.0,255.0,0.0,51.52,23.07,4.07,0.0
20200817:1410,118.0,340.0,0.0,45.07,23.29,4.07,0.0
20200817:1510,309.0,201.0,0.0,36.65,23.72,4.14,0.0
20200817:1610,271.0,126.0,0.0,27.2,23.76,4.21,0.0
20200817:1710,112.0,106.0,0.0,17.33,23.05,4.28,0.0
20200817:1810,38.0,43.0,0.0,7.5,22.53,3.24,0.0
20200817:1910,0.0,0.0,0.0,0.0,21.07,2.69,0.0
20200817:2010,0.0,0.0,0.0,0.0,20.0,2.62,0.0
20200817:2110,0.0,0.0,0.0,0.0,19.58,2.07,0.0
20200817:2210,0.0,0.0,0.0,0.0,18.87,1.79,0.0
20200817:2310,0.0,0.0,0.0,0.0,18.31,1.52,0.0
20200818:0010,0.0,0.0,0.0,0.0,17.8,1.66,0.0
20200818:0110,0.0,0.0,0.0,0.0,17.34,1.79,0.0
20200818:0210,0.0,0.0,0.0,0.0,17.13,1.93,0.0
20200818:0310,0.0,0.0,0.0,0.0,16.65,2.07,0.0
20200818:0410,0.0,0.0,0.0,0.0,16.41,2.07,0.0
20200818:0510,3.0,13.35,0.0,2.78,16.26,2.07,0.0
20200818:0610,89.0,67.0,0.0,12.48,16.66,1.86,0.0
20200818:0710,0.0,84.0,0.0,22.38,17.89,2.21,0.0
20200818:0810,295.0,163.0,0.0,32.08,19.55,2.28,0.0
20200818:0910,69.0,311.0,0.0,41.06,21.34,2.48,0.0
20200818:1010,604.01,139.0,0.0,48.55,22.89,2.76,0.0
20200818:1110,547.01,213.0,0.0,53.39,23.93,2.97,0.0
20200818:1210,610.01,182.0,0.0,54.38,24.79,3.03,0.0
20200818:1310,577.01,177.0,0.0,51.2,25.7,3.1,0.0
20200818:1410,130.0,337.0,0.0,44.77,26.03,3.03,0.0
20200818:1510,181.0,258.0,0.0,36.36,26.15,2.97,0.0
20200818:1610,179.0,172.0,0.0,26.92,25.7,2.76,0.0
20200818:1710,18.0,119.0,0.0,17.06,25.47,2.55,0.0
20200818:1810,12.0,45.0,0.0,7.22,24.64,1.59,0.0
20200818:1910,0.0,0.0,0.0,0.0,23.68,1.45,0.0
20200818:2010,0.0,0.0,0.0,0.0,22.41,1.93,0.0
20200818:2110,0.0,0.0,0.0,0.0,21.64,2.14,0.0
20200818:2210,0.0,0.0,0.0,0.0,20.94,2.34,0.0
20200818:2310,0.0,0.0,0.0,0.0,20.36,2.28,0.0
20200819:0010,0.0,0.0,0.0,0.0,19.81,2.14,0.0
20200819:0110,0.0,0.0,0.0,0.0,19.12,2.0,0.0
20200819:0210,0.0,0.0,0.0,0.0,18.48,1.93,0.0
20200819:0310,0.0,0.0,0.0,0.0,17.79,2.07,0.0
20200819:0410,0.0,0.0,0.0,0.0,17.42,2.0,0.0
20200819:0510,0.0,3.0,0.0,2.57,17.19,2.0,0.0
20200819:0610,0.0,42.0,0.0,12.28,17.76,1.72,0.0
20200819:0710,8.0,139.0,0.0,22.18,19.41,2.28,0.0
20200819:0810,6.0,194.0,0.0,31.87,21.28,2.83,0.0
20200819:0910,0.0,171.0,0.0,40.83,22.32,3.79,0.0
20200819:1010,151.0,353.0,0.0,48.28,23.19,4.48,0.0
20200819:1110,55.0,373.0,0.0,53.09,23.54,4.34,0.0
20200819:1210,56.0,379.0,0.0,54.05,23.61,3.93,0.0
20200819:1310,367.0,289.0,0.0,50.87,24.03,4.21,0.0
20200819:1410,0.0,117.0,0.0,44.47,24.88,4.62,0.0
20200819:1510,0.0,118.0,0.0,36.07,25.12,4.83,0.0
20200819:1610,7.0,163.0,0.0,26.64,24.03,2.9,0.0
20200819:1710,0.0,75.0,0.0,16.79,23.43,3.31,0.0
20200819:1810,0.0,13.0,0.0,6.94,22.72,3.72,0.0
20200819:1910,0.0,0.0,0.0,0.0,22.6,3.1,0.0
20200819:2010,0.0,0.0,0.0,0.0,22.2,2.9,0.0
20200819:2110,0.0,0.0,0.0,0.0,21.89,2.62,0.0
20200819:2210,0.0,0.0,0.0,0.0,21.72,2.34,0.0
20200819:2310,0.0,0.0,0.0,0.0,21.2,1.93,0.0
20200820:0010,0.0,0.0,0.0,0.0,20.61,1.72,0.0
20200820:0110,0.0,0.0,0.0,0.0,20.11,1.93,0.0
20200820:0210,0.0,0.0,0.0,0.0,19.7,2.0,0.0
20200820:0310,0.0,0.0,0.0,0.0,19.67,1.86,0.0
20200820:0410,0.0,0.0,0.0,0.0,19.75,1.66,0.0
20200820:0510,0.0,1.0,0.0,2.36,19.58,1.52,0.0
20200820:0610,13.0,79.0,0.0,12.08,19.45,0.76,0.0
20200820:0710,50.0,163.0,0.0,21.98,21.41,2.21,0.0
20200820:0810,22.0,222.0,0.0,31.65,22.56,2.34,0.0
20200820:0910,145.0,300.0,0.0,40.59,24.15,2.62,0.0
20200820:1010,386.0,257.0,0.0,48.01,26.65,3.31,0.0
20200820:1110,654.01,139.0,0.0,52.78,28.96,3.93,0.0
20200820:1210,639.01,153.0,0.0,53.72,30.26,4.21,0.0
20200820:1310,72.0,367.0,0.0,50.55,31.02,4.14,0.0
20200820:1410,0.0,163.0,0.0,44.16,31.36,4.07,0.0
20200820:1510,114.0,269.0,0.0,35.78,31.34,3.86,0.0
20200820:1610,16.0,179.0,0.0,26.36,30.87,3.38,0.0
20200820:1710,2.0,89.0,0.0,16.51,29.7,2.07,0.0
20200820:1810,15.0,41.0,0.0,6.66,28.37,1.72,0.0
20200820:1910,0.0,0.0,0.0,0.0,26.94,1.52,0.0
20200820:2010,0.0,0.0,0.0,0.0,25.57,1.86,0.0
20200820:2110,0.0,0.0,0.0,0.0,24.8,2.62,0.0
20200820:2210,0.0,0.0,0.0,0.0,24.48,2.69,0.0
20200820:2310,0.0,0.0,0.0,0.0,24.04,2.34,0.0
20200821:0010,0.0,0.0,0.0,0.0,23.63,3.24,0.0
20200821:0110,0.0,0.0,0.0,0.0,22.47,4.41,0.0
20200821:0210,0.0,0.0,0.0,0.0,21.35,4.21,0.0
20200821:0310,0.0,0.0,0.0,0.0,20.51,3.93,0.0
20200821:0410,0.0,0.0,0.0,0.0,19.99,3.03,0.0
20200821:0510,0.0,1.0,0.0,2.15,19.75,3.03,0.0
20200821:0610,42.0,79.0,0.0,11.88,19.76,3.38,0.0
20200821:0710,216.0,98.0,0.0,21.78,22.02,4.21,0.0
20200821:0810,212.0,198.0,0.0,31.44,22.54,4.21,0.0
20200821:0910,30.0,286.0,0.0,40.35,23.12,4.21,0.0
20200821:1010,197.0,340.0,0.0,47.74,23.43,4.34,0.0
20200821:1110,493.01,235.0,0.0,52.47,23.61,4.34,0.0
20200821:1210,630.01,158.0,0.0,53.39,24.07,4.83,0.0
20200821:1310,637.01,133.0,0.0,50.22,24.39,5.31,0.0
20200821:1410,369.0,234.0,0.0,43.84,25.16,5.79,0.0
20200821:1510,259.0,215.0,0.0,35.48,25.75,5.86,0.0
20200821:1610,94.0,193.0,0.0,26.07,26.04,5.72,0.0
20200821:1710,141.0,81.0,0.0,16.22,25.83,5.38,0.0
20200821:1810,20.0,39.0,0.0,6.37,24.98,4.41,0.0
20200821:1910,0.0,0.0,0.0,0.0,24.08,4.28,0.0
20200821:2010,0.0,0.0,0.0,0.0,22.83,4.28,0.0
20200821:2110,0.0,0.0,0.0,0.0,21.75,4.34,0.0
20200821:2210,0.0,0.0,0.0,0.0,20.63,4.41,0.0
20200821:2310,0.0,0.0,0.0,0.0,19.67,4.28,0.0
20200822:0010,0.0,0.0,0.0,0.0,18.84,4.14,0.0
20200822:0110,0.0,0.0,0.0,0.0,18.17,4.07,0.0
20200822:0210,0.0,0.0,0.0,0.0,17.58,4.07,0.0
20200822:0310,0.0,0.0,0.0,0.0,17.1,3.93,0.0
20200822:0410,0.0,0.0,0.0,0.0,16.7,3.79,0.0
20200822:0510,0.0,6.0,0.0,1.93,16.34,3.72,0.0
20200822:0610,40.0,80.0,0.0,11.67,16.72,3.45,0.0
20200822:0710,92.0,156.0,0.0,21.57,18.25,5.72,0.0
20200822:0810,56.0,240.0,0.0,31.23,19.63,5.79,0.0
20200822:0910,257.0,263.0,0.0,40.12,21.01,6.0,0.0
20200822:1010,136.0,358.0,0.0,47.46,22.44,6.41,0.0
20200822:1110,287.0,345.0,0.0,52.15,23.28,6.83,0.0
20200822:1210,75.0,388.0,0.0,53.05,24.04,6.83,0.0
20200822:1310,326.0,311.0,0.0,49.88,24.64,6.9,0.0
20200822:1410,150.0,328.0,0.0,43.52,24.64,6.55,0.0
20200822:1510,94.0,272.0,0.0,35.18,24.58,6.34,0.0
20200822:1610,18.0,181.0,0.0,25.78,23.89,5.59,0.0
20200822:1710,25.0,115.0,0.0,15.93,23.44,4.9,0.0
20200822:1810,1.0,28.0,0.0,6.08,22.77,4.07,0.0
20200822:1910,0.0,0.0,0.0,0.0,22.28,3.72,0.0
20200822:2010,0.0,0.0,0.0,0.0,21.62,3.66,0.0
20200822:2110,0.0,0.0,0.0,0.0,20.91,3.72,0.0
20200822:2210,0.0,0.0,0.0,0.0,20.06,3.79,0.0
20200822:2310,0.0,0.0,0.0,0.0,19.24,3.86,0.0
20200823:0010,0.0,0.0,0.0,0.0,18.38,4.0,0.0
20200823:0110,0.0,0.0,0.0,0.0,17.67,4.14,0.0
20200823:0210,0.0,0.0,0.0,0.0,17.21,3.72,0.0
20200823:0310,0.0,0.0,0.0,0.0,16.82,3.45,0.0
20200823:0410,0.0,0.0,0.0,0.0,16.18,3.31,0.0
20200823:0510,0.0,4.0,0.0,1.72,15.6,3.24,0.0
20200823:0610,72.0,67.0,0.0,11.47,15.49,2.97,0.0
20200823:0710,155.0,129.0,0.0,21.37,16.66,4.07,0.0
20200823:0810,0.0,126.0,0.0,31.01,17.85,4.55,0.0
20200823:0910,295.0,244.0,0.0,39.87,18.75,4.48,0.0
20200823:1010,261.0,321.0,0.0,47.19,20.03,4.48,0.0
20200823:1110,209.0,373.0,0.0,51.84,21.04,4.34,0.0
20200823:1210,178.0,386.0,0.0,52.71,21.92,4.48,0.0
20200823:1310,0.0,222.0,0.0,49.54,22.42,4.69,0.0
20200823:1410,58.0,326.0,0.0,43.2,22.4,4.62,0.0
20200823:1510,331.0,177.0,0.0,34.87,22.15,4.41,0.0
20200823:1610,150.0,174.0,0.0,25.48,21.85,4.14,0.0
20200823:1710,37.0,115.0,0.0,15.64,21.47,3.72,0.0
20200823:1810,14.0,36.0,0.0,5.78,21.09,2.9,0.0
20200823:1910,0.0,0.0,0.0,0.0,19.94,2.14,0.0
20200823:2010,0.0,0.0,0.0,0.0,19.35,1.93,0.0
20200823:2110,0.0,0.0,0.0,0.0,18.53,2.0,0.0
20200823:2210,0.0,0.0,0.0,0.0,17.58,2.07,0.0
20200823:2310,0.0,0.0,0.0,0.0,16.56,2.0,0.0
20200824:0010,0.0,0.0,0.0,0.0,15.58,1.93,0.0
20200824:0110,0.0,0.0,0.0,0.0,14.71,2.07,0.0
20200824:0210,0.0,0.0,0.0,0.0,14.0,2.14,0.0
20200824:0310,0.0,0.0,0.0,0.0,13.47,2.07,0.0
20200824:0410,0.0,0.0,0.0,0.0,13.11,2.14,0.0
20200824:0510,0.0,0.0,0.0,0.0,12.77,2.14,0.0
20200824:0610,83.0,60.0,0.0,11.26,13.34,1.86,0.0
20200824:0710,214.0,96.0,0.0,21.16,15.43,2.07,0.0
20200824:0810,392.0,101.0,0.0,30.79,17.36,2.62,0.0
20200824:0910,94.0,305.0,0.0,39.63,18.43,3.03,0.0
20200824:1010,10.0,289.0,0.0,46.91,19.25,3.45,0.0
20200824:1110,384.01,295.0,0.0,51.52,20.38,3.59,0.0
20200824:1210,215.0,373.0,0.0,52.37,21.35,3.66,0.0
20200824:1310,313.0,312.0,0.0,49.2,21.78,3.59,0.0
20200824:1410,217.0,302.0,0.0,42.87,22.11,3.79,0.0
20200824:1510,263.0,209.0,0.0,34.56,22.19,3.66,0.0
20200824:1610,106.0,185.0,0.0,25.18,22.14,3.1,0.0
20200824:1710,114.0,86.0,0.0,15.34,21.95,3.03,0.0
20200824:1810,12.0,29.9,0.0,5.49,21.43,2.0,0.0
20200824:1910,0.0,0.0,0.0,0.0,19.93,1.52,0.0
20200824:2010,0.0,0.0,0.0,0.0,18.39,1.38,0.0
20200824:2110,0.0,0.0,0.0,0.0,18.35,0.62,0.0
20200824:2210,0.0,0.0,0.0,0.0,17.49,0.76,0.0
20200824:2310,0.0,0.0,0.0,0.0,15.46,1.72,0.0
20200825:0010,0.0,0.0,0.0,0.0,15.36,1.86,0.0
20200825:0110,0.0,0.0,0.0,0.0,15.6,2.14,0.0
20200825:0210,0.0,0.0,0.0,0.0,15.31,2.41,0.0
20200825:0310,0.0,0.0,0.0,0.0,15.72,2.55,0.0
20200825:0410,0.0,0.0,0.0,0.0,16.31,2.55,0.0
20200825:0510,0.0,0.0,0.0,0.0,16.65,2.55,0.0
20200825:0610,0.0,23.0,0.0,11.06,17.05,2.62,0.0
20200825:0710,20.0,148.0,0.0,20.95,16.64,3.31,0.0
20200825:0810,13.0,203.0,0.0,30.57,17.46,4.07,0.0
20200825:0910,98.0,302.0,0.0,39.39,19.34,4.76,0.0
20200825:1010,12.0,294.0,0.0,46.62,22.17,6.34,0.0
20200825:1110,621.01,150.0,0.0,51.2,23.61,6.9,0.0
20200825:1210,552.01,200.0,0.0,52.02,25.03,7.24,0.0
20200825:1310,138.0,364.0,0.0,48.85,26.81,7.93,0.0
20200825:1410,181.0,309.0,0.0,42.54,27.51,8.76,0.0
20200825:1510,20.0,239.0,0.0,34.25,27.14,8.34,0.0
20200825:1610,9.0,161.0,0.0,24.88,25.91,7.38,0.0
20200825:1710,34.0,108.0,0.0,15.04,25.08,6.97,0.0
20200825:1810,8.0,28.01,0.0,5.18,24.16,6.76,0.0
20200825:1910,0.0,0.0,0.0,0.0,22.82,6.97,0.0
20200825:2010,0.0,0.0,0.0,0.0,21.75,6.97,0.0
20200825:2110,0.0,0.0,0.0,0.0,20.81,6.9,0.0
20200825:2210,0.0,0.0,0.0,0.0,20.21,6.69,0.0
20200825:2310,0.0,0.0,0.0,0.0,19.56,6.41,0.0
20200826:0010,0.0,0.0,0.0,0.0,18.74,6.21,0.0
20200826:0110,0.0,0.0,0.0,0.0,18.03,6.07,0.0
20200826:0210,0.0,0.0,0.0,0.0,17.51,5.93,0.0
20200826:0310,0.0,0.0,0.0,0.0,16.93,5.66,0.0
20200826:0410,0.0,0.0,0.0,0.0,16.61,5.52,0.0
20200826:0510,0.0,0.0,0.0,0.0,16.17,5.24,0.0
20200826:0610,38.0,74.0,0.0,10.85,16.36,4.69,0.0
20200826:0710,152.0,127.0,0.0,20.74,16.94,6.14,0.0
20200826:0810,75.0,237.0,0.0,30.35,17.82,6.21,0.0
20200826:0910,102.0,306.0,0.0,39.14,18.64,5.72,0.0
20200826:1010,288.0,307.0,0.0,46.34,19.55,5.59,0.0
20200826:1110,501.01,233.0,0.0,50.87,20.77,5.66,0.0
20200826:1210,640.01,155.0,0.0,51.67,21.9,5.59,0.0
20200826:1310,612.01,145.0,0.0,48.5,22.93,5.1,0.0
20200826:1410,509.01,150.0,0.0,42.21,23.26,4.9,0.0
20200826:1510,372.0,148.0,0.0,33.93,23.28,4.69,0.0
20200826:1610,163.0,162.0,0.0,24.57,23.15,4.48,0.0
20200826:1710,53.0,106.0,0.0,14.74,22.58,3.93,0.0
20200826:1810,2.0,25.54,0.0,4.88,21.72,2.9,0.0
20200826:1910,0.0,0.0,0.0,0.0,20.21,2.14,0.0
20200826:2010,0.0,0.0,0.0,0.0,19.06,2.21,0.0
20200826:2110,0.0,0.0,0.0,0.0,17.8,2.48,0.0
20200826:2210,0.0,0.0,0.0,0.0,16.76,2.34,0.0
20200826:2310,0.0,0.0,0.0,0.0,16.0,1.79,0.0
20200827:0010,0.0,0.0,0.0,0.0,14.89,1.17,0.0
20200827:0110,0.0,0.0,0.0,0.0,15.49,0.69,0.0
20200827:0210,0.0,0.0,0.0,0.0,15.22,0.41,0.0
20200827:0310,0.0,0.0,0.0,0.0,14.76,0.55,0.0
20200827:0410,0.0,0.0,0.0,0.0,14.5,0.69,0.0
20200827:0510,0.0,0.0,0.0,0.0,14.22,0.76,0.0
20200827:0610,1.0,49.0,0.0,10.64,14.31,0.69,0.0
20200827:0710,0.0,52.0,0.0,20.53,14.96,0.76,0.0
20200827:0810,24.0,217.0,0.0,30.12,16.23,0.97,0.0
20200827:0910,338.0,211.0,0.0,38.89,17.62,1.03,0.0
20200827:1010,145.0,347.0,0.0,46.05,19.4,1.59,0.0
20200827:1110,537.01,202.0,0.0,50.54,20.68,2.76,0.0
20200827:1210,632.01,150.0,0.0,51.32,22.73,3.59,0.0
20200827:1310,602.01,142.0,0.0,48.15,24.16,4.0,0.0
20200827:1410,518.01,136.0,0.0,41.87,24.89,4.07,0.0
20200827:1510,339.0,159.0,0.0,33.61,23.54,3.66,0.0
20200827:1610,0.0,90.0,0.0,24.26,24.01,4.07,0.0
20200827:1710,19.0,102.0,0.0,14.43,23.68,4.62,0.0
20200827:1810,3.0,22.35,0.0,4.57,22.77,5.1,0.0
20200827:1910,0.0,0.0,0.0,0.0,21.6,5.66,0.0
20200827:2010,0.0,0.0,0.0,0.0,20.59,5.17,0.0
20200827:2110,0.0,0.0,0.0,0.0,19.78,4.69,0.0
20200827:2210,0.0,0.0,0.0,0.0,18.87,4.28,0.0
20200827:2310,0.0,0.0,0.0,0.0,17.97,4.0,0.0
20200828:0010,0.0,0.0,0.0,0.0,17.35,3.86,0.0
20200828:0110,0.0,0.0,0.0,0.0,16.61,3.86,0.0
20200828:0210,0.0,0.0,0.0,0.0,16.32,4.0,0.0
20200828:0310,0.0,0.0,0.0,0.0,16.03,4.0,0.0
20200828:0410,0.0,0.0,0.0,0.0,15.61,4.07,0.0
20200828:0510,0.0,0.0,0.0,0.0,15.05,4.07,0.0
20200828:0610,28.0,71.0,0.0,10.43,14.73,3.66,0.0
20200828:0710,21.0,146.0,0.0,20.32,15.8,4.41,0.0
20200828:0810,3.0,173.0,0.0,29.9,17.12,5.79,0.0
20200828:0910,0.0,120.0,0.0,38.64,18.0,5.45,0.0
20200828:1010,0.0,212.0,0.0,45.76,18.64,5.66,0.0
20200828:1110,52.0,365.0,0.0,50.21,19.25,5.59,0.0
20200828:1210,53.0,370.0,0.0,50.96,20.23,5.79,0.0
20200828:1310,438.01,240.0,0.0,47.8,20.48,5.93,0.0
20200828:1410,218.0,294.0,0.0,41.53,20.94,5.86,0.0
20200828:1510,302.0,178.0,0.0,33.28,21.19,5.45,0.0
20200828:1610,18.0,171.0,0.0,23.95,21.22,5.59,0.0
20200828:1710,0.0,66.0,0.0,14.12,20.06,5.17,0.0
20200828:1810,15.0,19.53,0.0,4.25,19.22,3.52,0.0
20200828:1910,0.0,0.0,0.0,0.0,17.79,3.24,0.0
20200828:2010,0.0,0.0,0.0,0.0,17.26,2.48,0.0
20200828:2110,0.0,0.0,0.0,0.0,16.42,2.55,0.0
20200828:2210,0.0,0.0,0.0,0.0,15.85,2.97,0.0
20200828:2310,0.0,0.0,0.0,0.0,15.64,3.24,0.0
20200829:0010,0.0,0.0,0.0,0.0,15.21,3.24,0.0
20200829:0110,0.0,0.0,0.0,0.0,14.88,3.17,0.0
20200829:0210,0.0,0.0,0.0,0.0,14.42,3.1,0.0
20200829:0310,0.0,0.0,0.0,0.0,14.06,3.03,0.0
20200829:0410,0.0,0.0,0.0,0.0,13.43,2.9,0.0
20200829:0510,0.0,0.0,0.0,0.0,13.2,2.9,0.0
20200829:0610,52.0,63.0,0.0,10.22,13.19,2.62,0.0
20200829:0710,65.0,150.0,0.0,20.1,14.49,3.17,0.0
20200829:0810,237.0,174.0,0.0,29.67,15.17,3.1,0.0
20200829:0910,348.0,202.0,0.0,38.38,16.2,3.24,0.0
20200829:1010,46.0,334.0,0.0,45.47,17.24,3.24,0.0
20200829:1110,117.0,377.0,0.0,49.88,17.99,3.17,0.0
20200829:1210,22.0,336.0,0.0,50.6,18.41,3.24,0.0
20200829:1310,15.0,308.0,0.0,47.44,18.83,3.52,0.0
20200829:1410,441.01,176.0,0.0,41.19,18.96,3.93,0.0
20200829:1510,71.0,256.0,0.0,32.96,18.11,4.48,0.0
20200829:1610,154.0,154.0,0.0,23.63,17.05,4.83,0.0
20200829:1710,104.0,76.0,0.0,13.81,16.56,4.69,0.0
20200829:1810,1.0,17.8,0.0,3.94,16.1,4.21,0.0
20200829:1910,0.0,0.0,0.0,0.0,15.03,3.86,0.0
20200829:2010,0.0,0.0,0.0,0.0,14.6,3.66,0.0
20200829:2110,0.0,0.0,0.0,0.0,14.14,3.45,0.0
20200829:2210,0.0,0.0,0.0,0.0,13.95,3.38,0.0
20200829:2310,0.0,0.0,0.0,0.0,13.49,3.17,0.0
20200830:0010,0.0,0.0,0.0,0.0,13.07,2.97,0.0
20200830:0110,0.0,0.0,0.0,0.0,13.0,2.9,0.0
20200830:0210,0.0,0.0,0.0,0.0,12.96,2.83,0.0
20200830:0310,0.0,0.0,0.0,0.0,12.69,2.55,0.0
20200830:0410,0.0,0.0,0.0,0.0,12.64,2.62,0.0
20200830:0510,0.0,0.0,0.0,0.0,12.56,2.69,0.0
20200830:0610,0.0,41.0,0.0,10.01,12.77,2.21,0.0
20200830:0710,33.0,147.0,0.0,19.89,13.98,3.45,0.0
20200830:0810,11.0,194.0,0.0,29.44,14.34,3.1,0.0
20200830:0910,0.0,144.0,0.0,38.13,14.89,2.83,0.0
20200830:1010,51.0,334.0,0.0,45.18,16.06,2.76,0.0
20200830:1110,0.0,153.0,0.0,49.54,17.58,2.97,0.0
20200830:1210,0.0,221.0,0.0,50.24,18.25,2.97,0.0
20200830:1310,64.0,351.0,0.0,47.07,18.82,3.38,0.0
20200830:1410,480.01,149.0,0.0,40.84,19.45,4.07,0.0
20200830:1510,380.0,125.0,0.0,32.62,17.89,4.34,0.0
20200830:1610,263.0,95.0,0.0,23.31,17.12,4.07,0.0
20200830:1710,29.0,97.0,0.0,13.49,16.86,4.41,0.0
20200830:1810,0.0,7.0,0.0,3.62,16.12,4.34,0.0
20200830:1910,0.0,0.0,0.0,0.0,15.76,4.48,0.0
20200830:2010,0.0,0.0,0.0,0.0,15.43,4.21,0.0
20200830:2110,0.0,0.0,0.0,0.0,15.22,3.93,0.0
20200830:2210,0.0,0.0,0.0,0.0,14.83,3.72,0.0
20200830:2310,0.0,0.0,0.0,0.0,14.37,3.38,0.0
20200831:0010,0.0,0.0,0.0,0.0,13.57,3.17,0.0
20200831:0110,0.0,0.0,0.0,0.0,12.92,3.1,0.0
20200831:0210,0.0,0.0,0.0,0.0,12.45,2.9,0.0
20200831:0310,0.0,0.0,0.0,0.0,12.05,2.62,0.0
20200831:0410,0.0,0.0,0.0,0.0,11.79,2.41,0.0
20200831:0510,0.0,0.0,0.0,0.0,11.2,2.28,0.0
20200831:0610,27.0,66.0,0.0,9.79,11.61,2.0,0.0
20200831:0710,206.0,88.0,0.0,19.67,13.31,2.21,0.0
20200831:0810,370.0,101.0,0.0,29.21,15.02,2.55,0.0
20200831:0910,472.01,129.0,0.0,37.87,16.32,3.38,0.0
20200831:1010,47.0,333.0,0.0,44.88,17.1,3.24,0.0
20200831:1110,80.0,374.0,0.0,49.2,17.84,2.9,0.0
20200831:1210,267.0,344.0,0.0,49.88,18.59,2.62,0.0
20200831:1310,165.0,353.0,0.0,46.71,19.09,2.55,0.0
20200831:1410,249.0,275.0,0.0,40.49,19.33,2.62,0.0
20200831:1510,37.0,244.0,0.0,32.29,19.23,2.69,0.0
20200831:1610,1.0,115.0,0.0,22.98,19.08,2.83,0.0
20200831:1710,10.0,87.0,0.0,13.17,18.68,2.83,0.0
20200831:1810,3.0,15.38,0.0,3.3,17.85,2.28,0.0
20200831:1910,0.0,0.0,0.0,0.0,16.94,2.07,0.0
20200831:2010,0.0,0.0,0.0,0.0,15.88,2.21,0.0
20200831:2110,0.0,0.0,0.0,0.0,15.12,2.28,0.0
20200831:2210,0.0,0.0,0.0,0.0,14.44,2.28,0.0
20200831:2310,0.0,0.0,0.0,0.0,13.91,2.21,0.0
20200901:0010,0.0,0.0,0.0,0.0,13.09,2.14,0.0
20200901:0110,0.0,0.0,0.0,0.0,12.56,2.07,0.0
20200901:0210,0.0,0.0,0.0,0.0,12.0,2.0,0.0
20200901:0310,0.0,0.0,0.0,0.0,11.38,1.93,0.0
20200901:0410,0.0,0.0,0.0,0.0,10.71,1.79,0.0
20200901:0510,0.0,0.0,0.0,0.0,10.18,1.79,0.0
20200901:0610,67.0,51.0,0.0,9.58,10.22,1.59,0.0
20200901:0710,219.0,79.0,0.0,19.46,12.75,1.86,0.0
20200901:0810,381.0,92.0,0.0,28.98,14.99,2.14,0.0
20200901:0910,512.01,105.0,0.0,37.61,16.99,2.69,0.0
20200901:1010,456.01,204.0,0.0,44.58,18.2,3.38,0.0
20200901:1110,96.0,373.0,0.0,48.86,18.63,3.31,0.0
20200901:1210,101.0,378.0,0.0,49.51,19.3,3.03,0.0
20200901:1310,121.0,358.0,0.0,46.34,19.9,2.76,0.0
20200901:1410,211.0,288.0,0.0,40.13,20.2,2.55,0.0
20200901:1510,106.0,249.0,0.0,31.95,20.14,2.76,0.0
20200901:1610,72.0,174.0,0.0,22.65,19.91,3.1,0.0
20200901:1710,12.0,87.0,0.0,12.85,19.55,3.17,0.0
20200901:1810,0.0,7.0,0.0,2.97,18.61,2.97,0.0
20200901:1910,0.0,0.0,0.0,0.0,17.7,2.69,0.0
20200901:2010,0.0,0.0,0.0,0.0,16.88,2.83,0.0
20200901:2110,0.0,0.0,0.0,0.0,16.04,2.9,0.0
20200901:2210,0.0,0.0,0.0,0.0,15.41,2.83,0.0
20200901:2310,0.0,0.0,0.0,0.0,14.71,2.62,0.0
20200902:0010,0.0,0.0,0.0,0.0,14.17,2.55,0.0
20200902:0110,0.0,0.0,0.0,0.0,13.68,2.55,0.0
20200902:0210,0.0,0.0,0.0,0.0,13.14,2.48,0.0
20200902:0310,0.0,0.0,0.0,0.0,12.51,2.41,0.0
20200902:0410,0.0,0.0,0.0,0.0,11.85,2.28,0.0
20200902:0510,0.0,0.0,0.0,0.0,11.23,2.21,0.0
20200902:0610,57.0,54.0,0.0,9.37,11.11,1.86,0.0
20200902:0710,207.0,82.0,0.0,19.24,12.55,2.0,0.0
20200902:0810,363.0,99.0,0.0,28.74,14.58,2.14,0.0
20200902:0910,488.01,115.0,0.0,37.34,16.74,2.21,0.0
20200902:1010,526.01,159.0,0.0,44.28,18.54,2.55,0.0
20200902:1110,422.01,258.0,0.0,48.52,19.57,2.41,0.0
20200902:1210,335.01,308.0,0.0,49.14,20.31,2.34,0.0
20200902:1310,435.01,229.0,0.0,45.97,20.88,2.48,0.0
20200902:1410,403.01,190.0,0.0,39.78,21.1,2.48,0.0
20200902:1510,343.0,140.0,0.0,31.61,21.17,2.34,0.0
20200902:1610,243.0,96.0,0.0,22.32,20.87,2.34,0.0
20200902:1710,106.0,63.0,0.0,12.52,20.4,2.34,0.0
20200902:1810,0.0,10.0,0.0,2.64,19.37,1.86,0.0
20200902:1910,0.0,0.0,0.0,0.0,18.35,1.79,0.0
20200902:2010,0.0,0.0,0.0,0.0,17.33,1.72,0.0
20200902:2110,0.0,0.0,0.0,0.0,16.21,1.52,0.0
20200902:2210,0.0,0.0,0.0,0.0,16.59,0.41,0.0
20200902:2310,0.0,0.0,0.0,0.0,14.72,1.31,0.0
20200903:0010,0.0,0.0,0.0,0.0,14.6,1.59,0.0
20200903:0110,0.0,0.0,0.0,0.0,14.38,1.79,0.0
20200903:0210,0.0,0.0,0.0,0.0,14.13,2.0,0.0
20200903:0310,0.0,0.0,0.0,0.0,14.0,2.21,0.0
20200903:0410,0.0,0.0,0.0,0.0,14.33,2.34,0.0
20200903:0510,0.0,0.0,0.0,0.0,14.63,2.41,0.0
20200903:0610,22.0,60.0,0.0,9.15,15.26,2.48,0.0
20200903:0710,183.0,87.0,0.0,19.02,15.5,2.21,0.0
20200903:0810,202.0,176.0,0.0,28.51,16.95,2.34,0.0
20200903:0910,499.01,99.0,0.0,37.08,18.31,2.55,0.0
20200903:1010,130.0,332.0,0.0,43.97,20.96,3.31,0.0
20200903:1110,475.01,213.0,0.0,48.17,23.25,4.07,0.0
20200903:1210,603.01,140.0,0.0,48.77,24.74,4.34,0.0
20200903:1310,609.01,114.0,0.0,45.6,25.48,4.34,0.0
20200903:1410,512.01,113.0,0.0,39.42,26.16,4.41,0.0
20200903:1510,391.01,103.0,0.0,31.27,26.31,4.34,0.0
20200903:1610,161.0,131.0,0.0,21.99,26.14,4.21,0.0
20200903:1710,34.0,85.0,0.0,12.19,25.57,3.45,0.0
20200903:1810,0.0,4.0,0.0,2.31,24.27,2.76,0.0
20200903:1910,0.0,0.0,0.0,0.0,22.29,2.55,0.0
20200903:2010,0.0,0.0,0.0,0.0,21.13,2.62,0.0
20200903:2110,0.0,0.0,0.0,0.0,20.14,2.62,0.0
20200903:2210,0.0,0.0,0.0,0.0,19.6,2.62,0.0
20200903:2310,0.0,0.0,0.0,0.0,18.81,2.55,0.0
20200904:0010,0.0,0.0,0.0,0.0,18.25,2.55,0.0
20200904:0110,0.0,0.0,0.0,0.0,17.53,2.48,0.0
20200904:0210,0.0,0.0,0.0,0.0,16.91,2.34,0.0
20200904:0310,0.0,0.0,0.0,0.0,16.3,2.14,0.0
20200904:0410,0.0,0.0,0.0,0.0,15.76,1.93,0.0
20200904:0510,0.0,0.0,0.0,0.0,15.04,1.79,0.0
20200904:0610,46.0,52.0,0.0,8.93,14.67,1.45,0.0
20200904:0710,182.0,86.0,0.0,18.8,17.49,0.97,0.0
20200904:0810,163.0,192.0,0.0,28.27,20.13,0.83,0.0
20200904:0910,477.01,109.0,0.0,36.81,22.25,0.83,0.0
20200904:1010,574.01,116.0,0.0,43.67,23.98,1.38,0.0
20200904:1110,663.01,102.0,0.0,47.83,25.39,2.07,0.0
20200904:1210,666.01,105.0,0.0,48.39,26.73,2.55,0.0
20200904:1310,604.01,113.0,0.0,45.22,27.65,2.83,0.0
20200904:1410,500.01,116.0,0.0,39.06,28.13,2.83,0.0
20200904:1510,370.0,110.0,0.0,30.92,28.24,2.69,0.0
20200904:1610,238.0,88.0,0.0,21.66,27.9,2.55,0.0
20200904:1710,61.0,75.0,0.0,11.86,26.99,2.21,0.0
20200904:1810,0.0,4.0,0.0,1.98,24.95,2.62,0.0
20200904:1910,0.0,0.0,0.0,0.0,22.66,3.24,0.0
20200904:2010,0.0,0.0,0.0,0.0,20.77,3.31,0.0
20200904:2110,0.0,0.0,0.0,0.0,19.42,2.9,0.0
20200904:2210,0.0,0.0,0.0,0.0,18.36,2.62,0.0
20200904:2310,0.0,0.0,0.0,0.0,17.55,2.62,0.0
20200905:0010,0.0,0.0,0.0,0.0,16.94,2.83,0.0
20200905:0110,0.0,0.0,0.0,0.0,16.46,3.1,0.0
20200905:0210,0.0,0.0,0.0,0.0,16.46,3.45,0.0
20200905:0310,0.0,0.0,0.0,0.0,16.36,3.38,0.0
20200905:0410,0.0,0.0,0.0,0.0,16.28,2.97,0.0
20200905:0510,0.0,0.0,0.0,0.0,16.17,2.41,0.0
20200905:0610,1.0,38.0,0.0,8.72,16.14,2.28,0.0
20200905:0710,19.0,132.0,0.0,18.57,16.26,3.86,0.0
20200905:0810,7.0,177.0,0.0,28.03,16.72,4.07,0.0
20200905:0910,149.0,274.0,0.0,36.55,17.6,3.93,0.0
20200905:1010,1.0,226.0,0.0,43.36,18.38,3.59,0.0
20200905:1110,29.0,330.0,0.0,47.48,19.31,3.52,0.0
20200905:1210,0.0,225.0,0.0,48.02,19.84,3.45,0.0
20200905:1310,0.0,155.0,0.0,44.85,20.31,3.38,0.0
20200905:1410,417.01,165.0,0.0,38.69,20.51,3.52,0.0
20200905:1510,134.0,227.0,0.0,30.57,20.27,3.72,0.0
20200905:1610,72.0,159.0,0.0,21.32,19.86,4.0,0.0
20200905:1710,17.0,79.0,0.0,11.53,19.28,3.79,0.0
20200905:1810,0.0,1.0,0.0,1.64,18.55,3.03,0.0
20200905:1910,0.0,0.0,0.0,0.0,17.82,2.83,0.0
20200905:2010,0.0,0.0,0.0,0.0,16.89,2.76,0.0
20200905:2110,0.0,0.0,0.0,0.0,15.95,2.62,0.0
20200905:2210,0.0,0.0,0.0,0.0,14.93,2.34,0.0
20200905:2310,0.0,0.0,0.0,0.0,14.07,2.14,0.0
20200906:0010,0.0,0.0,0.0,0.0,13.29,2.07,0.0
20200906:0110,0.0,0.0,0.0,0.0,12.78,1.93,0.0
20200906:0210,0.0,0.0,0.0,0.0,12.55,1.79,0.0
20200906:0310,0.0,0.0,0.0,0.0,12.39,1.72,0.0
20200906:0410,0.0,0.0,0.0,0.0,12.28,1.52,0.0
20200906:0510,0.0,0.0,0.0,0.0,11.65,1.59,0.0
20200906:0610,60.0,44.0,0.0,8.5,11.32,1.52,0.0
20200906:0710,85.0,129.0,0.0,18.35,13.24,1.66,0.0
20200906:0810,190.0,180.0,0.0,27.79,14.82,2.14,0.0
20200906:0910,145.0,275.0,0.0,36.28,15.83,2.34,0.0
20200906:1010,1.0,215.0,0.0,43.05,17.01,2.76,0.0
20200906:1110,0.0,171.0,0.0,47.13,17.69,2.69,0.0
20200906:1210,0.0,99.0,0.0,47.64,18.67,2.69,0.0
20200906:1310,0.0,144.0,0.0,44.47,19.35,2.62,0.0
20200906:1410,67.0,298.0,0.0,38.32,19.49,2.41,0.0
20200906:1510,116.0,231.0,0.0,30.22,19.61,2.28,0.0
20200906:1610,0.0,77.0,0.0,20.98,18.5,2.41,0.0
20200906:1710,11.0,74.0,0.0,11.19,17.45,2.55,0.0
20200906:1810,0.0,0.0,0.0,0.0,16.72,2.14,0.0
20200906:1910,0.0,0.0,0.0,0.0,15.19,1.72,0.0
20200906:2010,0.0,0.0,0.0,0.0,14.57,1.79,0.0
20200906:2110,0.0,0.0,0.0,0.0,14.04,1.93,0.0
20200906:2210,0.0,0.0,0.0,0.0,13.54,2.0,0.0
20200906:2310,0.0,0.0,0.0,0.0,12.97,2.07,0.0
20200907:0010,0.0,0.0,0.0,0.0,12.3,2.14,0.0
20200907:0110,0.0,0.0,0.0,0.0,11.73,2.21,0.0
20200907:0210,0.0,0.0,0.0,0.0,11.26,2.21,0.0
20200907:0310,0.0,0.0,0.0,0.0,10.84,2.14,0.0
20200907:0410,0.0,0.0,0.0,0.0,10.53,2.14,0.0
20200907:0510,0.0,0.0,0.0,0.0,10.19,2.07,0.0
20200907:0610,46.0,47.0,0.0,8.28,10.21,1.93,0.0
20200907:0710,193.0,77.0,0.0,18.13,11.81,1.17,0.0
20200907:0810,326.0,105.0,0.0,27.55,14.35,1.59,0.0
20200907:0910,445.01,124.0,0.0,36.0,16.65,1.72,0.0
20200907:1010,483.01,169.0,0.0,42.74,18.44,1.38,0.0
20200907:1110,439.01,232.0,0.0,46.77,19.71,0.76,0.0
20200907:1210,383.01,267.0,0.0,47.26,20.63,1.24,0.0
20200907:1310,531.01,153.0,0.0,44.08,21.33,1.86,0.0
20200907:1410,474.01,127.0,0.0,37.96,21.58,2.28,0.0
20200907:1510,397.01,92.0,0.0,29.86,21.74,2.41,0.0
20200907:1610,227.0,87.0,0.0,20.63,21.56,2.69,0.0
20200907:1710,84.0,57.0,0.0,10.85,20.84,2.48,0.0
20200907:1810,0.0,0.0,0.0,0.0,19.88,1.72,0.0
20200907:1910,0.0,0.0,0.0,0.0,19.31,1.38,0.0
20200907:2010,0.0,0.0,0.0,0.0,18.24,0.97,0.0
20200907:2110,0.0,0.0,0.0,0.0,18.64,0.62,0.0
20200907:2210,0.0,0.0,0.0,0.0,18.3,0.34,0.0
20200907:2310,0.0,0.0,0.0,0.0,17.53,0.41,0.0
20200908:0010,0.0,0.0,0.0,0.0,15.2,1.24,0.0
20200908:0110,0.0,0.0,0.0,0.0,13.36,1.93,0.0
20200908:0210,0.0,0.0,0.0,0.0,12.83,2.0,0.0
20200908:0310,0.0,0.0,0.0,0.0,12.26,1.79,0.0
20200908:0410,0.0,0.0,0.0,0.0,12.22,1.38,0.0
20200908:0510,0.0,0.0,0.0,0.0,12.75,1.03,0.0
20200908:0610,11.0,51.0,0.0,8.06,13.7,0.69,0.0
20200908:0710,12.0,119.0,0.0,17.9,14.92,0.62,0.0
20200908:0810,36.0,203.0,0.0,27.3,16.47,0.69,0.0
20200908:0910,13.0,235.0,0.0,35.73,17.47,0.83,0.0
20200908:1010,255.0,280.0,0.0,42.42,18.87,1.31,0.0
20200908:1110,370.01,258.0,0.0,46.42,20.61,1.86,0.0
20200908:1210,265.0,312.0,0.0,46.88,21.5,1.93,0.0
20200908:1310,469.01,177.0,0.0,43.7,22.21,1.79,0.0
20200908:1410,489.01,109.0,0.0,37.58,22.82,1.66,0.0
20200908:1510,356.01,104.0,0.0,29.51,23.3,1.45,0.0
20200908:1610,223.0,82.0,0.0,20.29,23.18,1.31,0.0
20200908:1710,48.0,66.0,0.0,10.51,22.95,1.24,0.0
20200908:1810,0.0,0.0,0.0,0.0,22.19,1.31,0.0
20200908:1910,0.0,0.0,0.0,0.0,21.29,1.59,0.0
20200908:2010,0.0,0.0,0.0,0.0,19.55,1.38,0.0
20200908:2110,0.0,0.0,0.0,0.0,18.8,1.1,0.0
20200908:2210,0.0,0.0,0.0,0.0,18.8,0.9,0.0
20200908:2310,0.0,0.0,0.0,0.0,17.89,1.03,0.0
20200909:0010,0.0,0.0,0.0,0.0,16.33,1.59,0.0
20200909:0110,0.0,0.0,0.0,0.0,16.28,1.72,0.0
20200909:0210,0.0,0.0,0.0,0.0,16.38,1.52,0.0
20200909:0310,0.0,0.0,0.0,0.0,16.18,1.45,0.0
20200909:0410,0.0,0.0,0.0,0.0,16.11,1.31,0.0
20200909:0510,0.0,0.0,0.0,0.0,16.01,1.1,0.0
20200909:0610,6.0,47.0,0.0,7.84,15.74,1.03,0.0
20200909:0710,89.0,119.0,0.0,17.67,17.6,1.24,0.0
20200909:0810,259.0,131.0,0.0,27.06,19.45,1.45,0.0
20200909:0910,425.01,123.0,0.0,35.45,21.32,1.24,0.0
20200909:1010,513.01,135.0,0.0,42.1,23.19,1.45,0.0
20200909:1110,566.01,139.0,0.0,46.06,24.72,1.86,0.0
20200909:1210,588.01,131.0,0.0,46.5,25.87,2.41,0.0
20200909:1310,545.01,129.0,0.0,43.32,26.56,2.97,0.0
20200909:1410,458.01,122.0,0.0,37.21,26.87,3.31,0.0
20200909:1510,293.0,134.0,0.0,29.15,26.6,3.38,0.0
20200909:1610,204.0,87.0,0.0,19.94,26.21,3.38,0.0
20200909:1710,63.0,57.0,0.0,10.17,25.31,3.24,0.0
20200909:1810,0.0,0.0,0.0,0.0,23.84,3.1,0.0
20200909:1910,0.0,0.0,0.0,0.0,22.53,3.03,0.0
20200909:2010,0.0,0.0,0.0,0.0,21.06,3.31,0.0
20200909:2110,0.0,0.0,0.0,0.0,19.71,3.38,0.0
20200909:2210,0.0,0.0,0.0,0.0,18.58,3.24,0.0
20200909:2310,0.0,0.0,0.0,0.0,17.61,2.83,0.0
20200910:0010,0.0,0.0,0.0,0.0,16.98,2.41,0.0
20200910:0110,0.0,0.0,0.0,0.0,16.34,2.34,0.0
20200910:0210,0.0,0.0,0.0,0.0,15.91,2.34,0.0
20200910:0310,0.0,0.0,0.0,0.0,15.61,2.28,0.0
20200910:0410,0.0,0.0,0.0,0.0,15.44,2.0,0.0
20200910:0510,0.0,0.0,0.0,0.0,15.34,1.79,0.0
20200910:0610,25.0,48.0,0.0,7.62,15.4,1.66,0.0
20200910:0710,87.0,118.0,0.0,17.44,17.49,2.28,0.0
20200910:0810,157.0,182.0,0.0,26.81,19.66,2.41,0.0
20200910:0910,125.0,267.0,0.0,35.18,21.4,2.14,0.0
20200910:1010,419.01,191.0,0.0,41.79,23.05,2.14,0.0
20200910:1110,507.01,175.0,0.0,45.7,23.91,1.72,0.0
20200910:1210,356.01,265.0,0.0,46.11,24.77,1.38,0.0
20200910:1310,182.0,315.0,0.0,42.93,25.18,1.24,0.0
20200910:1410,189.0,262.0,0.0,36.84,25.12,1.31,0.0
20200910:1510,203.0,181.0,0.0,28.79,25.14,1.38,0.0
20200910:1610,30.0,145.0,0.0,19.59,25.05,1.59,0.0
20200910:1710,42.0,63.0,0.0,9.83,24.32,2.07,0.0
20200910:1810,0.0,0.0,0.0,0.0,23.15,2.41,0.0
20200910:1910,0.0,0.0,0.0,0.0,21.92,2.83,0.0
20200910:2010,0.0,0.0,0.0,0.0,20.94,2.9,0.0
20200910:2110,0.0,0.0,0.0,0.0,20.19,2.69,0.0
20200910:2210,0.0,0.0,0.0,0.0,19.55,2.34,0.0
20200910:2310,0.0,0.0,0.0,0.0,18.9,2.07,0.0
20200911:0010,0.0,0.0,0.0,0.0,18.14,1.93,0.0
20200911:0110,0.0,0.0,0.0,0.0,17.58,1.79,0.0
20200911:0210,0.0,0.0,0.0,0.0,17.46,1.66,0.0
20200911:0310,0.0,0.0,0.0,0.0,17.53,1.45,0.0
20200911:0410,0.0,0.0,0.0,0.0,17.45,1.38,0.0
20200911:0510,0.0,0.0,0.0,0.0,17.48,1.24,0.0
20200911:0610,19.0,47.0,0.0,7.39,17.56,1.1,0.0
20200911:0710,131.0,98.0,0.0,17.21,17.58,0.9,0.0
20200911:0810,287.0,114.0,0.0,26.56,18.9,0.76,0.0
20200911:0910,422.01,123.0,0.0,34.9,20.76,0.55,0.0
20200911:1010,546.01,118.0,0.0,41.47,22.95,0.21,0.0
20200911:1110,539.01,156.0,0.0,45.34,24.53,0.69,0.0
20200911:1210,334.01,277.0,0.0,45.73,25.67,1.93,0.0
20200911:1310,425.01,199.0,0.0,42.54,26.2,2.21,0.0
20200911:1410,259.0,231.0,0.0,36.46,26.4,2.07,0.0
20200911:1510,198.0,182.0,0.0,28.43,26.41,1.93,0.0
20200911:1610,173.0,99.0,0.0,19.24,26.38,1.79,0.0
20200911:1710,25.0,64.0,0.0,9.48,25.84,1.66,0.0
20200911:1810,0.0,0.0,0.0,0.0,24.3,2.0,0.0
20200911:1910,0.0,0.0,0.0,0.0,22.21,2.34,0.0
20200911:2010,0.0,0.0,0.0,0.0,20.8,2.48,0.0
20200911:2110,0.0,0.0,0.0,0.0,19.45,2.9,0.0
20200911:2210,0.0,0.0,0.0,0.0,18.23,3.17,0.0
20200911:2310,0.0,0.0,0.0,0.0,17.12,2.97,0.0
20200912:0010,0.0,0.0,0.0,0.0,16.21,2.62,0.0
20200912:0110,0.0,0.0,0.0,0.0,15.42,2.28,0.0
20200912:0210,0.0,0.0,0.0,0.0,14.8,2.21,0.0
20200912:0310,0.0,0.0,0.0,0.0,14.14,2.41,0.0
20200912:0410,0.0,0.0,0.0,0.0,13.59,2.55,0.0
20200912:0510,0.0,0.0,0.0,0.0,13.11,2.69,0.0
20200912:0610,25.0,45.0,0.0,7.17,12.93,2.55,0.0
20200912:0710,135.0,95.0,0.0,16.98,13.32,2.76,0.0
20200912:0810,268.0,125.0,0.0,26.31,14.48,2.41,0.0
20200912:0910,373.01,154.0,0.0,34.62,16.5,2.0,0.0
20200912:1010,522.01,131.0,0.0,41.14,18.76,1.86,0.0
20200912:1110,599.01,123.0,0.0,44.97,20.7,1.86,0.0
20200912:1210,596.01,128.0,0.0,45.34,22.13,2.21,0.0
20200912:1310,559.01,121.0,0.0,42.15,23.08,2.28,0.0
20200912:1410,449.01,124.0,0.0,36.08,23.61,2.0,0.0
20200912:1510,305.0,124.0,0.0,28.07,23.9,1.93,0.0
20200912:1610,177.0,95.0,0.0,18.89,23.73,2.34,0.0
20200912:1710,32.0,60.0,0.0,9.14,22.95,2.62,0.0
20200912:1810,0.0,0.0,0.0,0.0,21.25,2.41,0.0
20200912:1910,0.0,0.0,0.0,0.0,19.22,2.34,0.0
20200912:2010,0.0,0.0,0.0,0.0,18.01,2.41,0.0
20200912:2110,0.0,0.0,0.0,0.0,17.08,2.48,0.0
20200912:2210,0.0,0.0,0.0,0.0,16.36,2.14,0.0
20200912:2310,0.0,0.0,0.0,0.0,15.48,1.72,0.0
20200913:0010,0.0,0.0,0.0,0.0,14.37,1.59,0.0
20200913:0110,0.0,0.0,0.0,0.0,13.48,1.72,0.0
20200913:0210,0.0,0.0,0.0,0.0,12.86,1.86,0.0
20200913:0310,0.0,0.0,0.0,0.0,12.3,1.72,0.0
20200913:0410,0.0,0.0,0.0,0.0,11.83,1.66,0.0
20200913:0510,0.0,0.0,0.0,0.0,11.52,1.66,0.0
20200913:0610,27.0,42.0,0.0,6.95,11.4,1.59,0.0
20200913:0710,130.0,95.0,0.0,16.75,13.91,1.1,0.0
20200913:0810,310.0,100.0,0.0,26.06,17.07,1.31,0.0
20200913:0910,416.01,126.0,0.0,34.33,19.84,1.52,0.0
20200913:1010,532.01,124.0,0.0,40.82,22.0,1.79,0.0
20200913:1110,611.01,115.0,0.0,44.61,23.7,2.0,0.0
20200913:1210,600.01,123.0,0.0,44.95,25.13,1.93,0.0
20200913:1310,569.01,113.0,0.0,41.76,26.3,1.72,0.0
20200913:1410,469.01,111.0,0.0,35.7,27.04,1.52,0.0
20200913:1510,328.01,107.0,0.0,27.7,27.4,1.52,0.0
20200913:1610,191.0,84.0,0.0,18.54,27.34,1.59,0.0
20200913:1710,31.0,58.0,0.0,8.79,26.7,1.52,0.0
20200913:1810,0.0,0.0,0.0,0.0,24.97,2.28,0.0
20200913:1910,0.0,0.0,0.0,0.0,22.96,2.48,0.0
20200913:2010,0.0,0.0,0.0,0.0,21.47,2.62,0.0
20200913:2110,0.0,0.0,0.0,0.0,20.46,2.69,0.0
20200913:2210,0.0,0.0,0.0,0.0,19.68,2.62,0.0
20200913:2310,0.0,0.0,0.0,0.0,19.02,2.55,0.0
20200914:0010,0.0,0.0,0.0,0.0,18.37,2.48,0.0
20200914:0110,0.0,0.0,0.0,0.0,17.7,2.41,0.0
20200914:0210,0.0,0.0,0.0,0.0,16.99,2.34,0.0
20200914:0310,0.0,0.0,0.0,0.0,16.4,2.34,0.0
20200914:0410,0.0,0.0,0.0,0.0,15.93,2.34,0.0
20200914:0510,0.0,0.0,0.0,0.0,15.51,2.28,0.0
20200914:0610,23.0,41.0,0.0,6.72,15.32,2.21,0.0
20200914:0710,153.0,81.0,0.0,16.52,16.59,1.38,0.0
20200914:0810,297.0,103.0,0.0,25.81,20.33,1.59,0.0
20200914:0910,388.01,139.0,0.0,34.05,23.61,1.66,0.0
20200914:1010,494.01,142.0,0.0,40.49,26.47,1.72,0.0
20200914:1110,556.01,140.0,0.0,44.24,28.86,1.86,0.0
20200914:1210,539.01,154.0,0.0,44.56,30.71,2.28,0.0
20200914:1310,533.01,128.0,0.0,41.37,32.02,2.69,0.0
20200914:1410,438.01,123.0,0.0,35.32,32.83,2.76,0.0
20200914:1510,300.0,119.0,0.0,27.33,33.26,2.69,0.0
20200914:1610,180.0,85.0,0.0,18.18,33.29,2.28,0.0
20200914:1710,32.0,54.0,0.0,8.44,32.51,0.97,0.0
20200914:1810,0.0,0.0,0.0,0.0,29.95,1.79,0.0
20200914:1910,0.0,0.0,0.0,0.0,27.16,2.62,0.0
20200914:2010,0.0,0.0,0.0,0.0,25.57,2.69,0.0
20200914:2110,0.0,0.0,0.0,0.0,24.47,2.76,0.0
20200914:2210,0.0,0.0,0.0,0.0,23.58,2.83,0.0
20200914:2310,0.0,0.0,0.0,0.0,22.74,2.76,0.0
20200915:0010,0.0,0.0,0.0,0.0,21.94,2.62,0.0
20200915:0110,0.0,0.0,0.0,0.0,21.23,2.48,0.0
20200915:0210,0.0,0.0,0.0,0.0,20.44,2.41,0.0
20200915:0310,0.0,0.0,0.0,0.0,19.74,2.34,0.0
20200915:0410,0.0,0.0,0.0,0.0,19.39,2.41,0.0
20200915:0510,0.0,0.0,0.0,0.0,19.06,2.55,0.0
20200915:0610,23.0,39.0,0.0,6.49,18.88,2.55,0.0
20200915:0710,140.0,83.0,0.0,16.28,20.73,2.34,0.0
20200915:0810,283.0,105.0,0.0,25.56,23.52,2.48,0.0
20200915:0910,377.01,139.0,0.0,33.76,26.02,2.69,0.0
20200915:1010,491.01,136.0,0.0,40.17,27.84,2.21,0.0
20200915:1110,531.01,148.0,0.0,43.88,29.35,1.59,0.0
20200915:1210,555.01,136.0,0.0,44.17,31.01,1.38,0.0
20200915:1310,474.01,155.0,0.0,40.97,31.96,1.86,0.0
20200915:1410,269.0,212.0,0.0,34.94,32.44,2.14,0.0
20200915:1510,277.0,125.0,0.0,26.97,32.53,2.21,0.0
20200915:1610,170.0,85.0,0.0,17.83,32.21,2.07,0.0
20200915:1710,27.0,52.0,0.0,8.09,31.27,1.59,0.0
20200915:1810,0.0,0.0,0.0,0.0,29.6,1.79,0.0
20200915:1910,0.0,0.0,0.0,0.0,27.39,1.79,0.0
20200915:2010,0.0,0.0,0.0,0.0,25.2,1.52,0.0
20200915:2110,0.0,0.0,0.0,0.0,24.4,1.24,0.0
20200915:2210,0.0,0.0,0.0,0.0,24.73,0.55,0.0
20200915:2310,0.0,0.0,0.0,0.0,21.55,1.24,0.0
20200916:0010,0.0,0.0,0.0,0.0,19.52,2.34,0.0
20200916:0110,0.0,0.0,0.0,0.0,19.05,2.62,0.0
20200916:0210,0.0,0.0,0.0,0.0,18.47,2.69,0.0
20200916:0310,0.0,0.0,0.0,0.0,18.03,2.55,0.0
20200916:0410,0.0,0.0,0.0,0.0,17.66,2.41,0.0
20200916:0510,0.0,0.0,0.0,0.0,17.3,2.21,0.0
20200916:0610,17.0,38.0,0.0,6.27,17.08,2.0,0.0
20200916:0710,136.0,82.0,0.0,16.05,18.65,1.38,0.0
20200916:0810,281.0,103.0,0.0,25.3,21.09,1.24,0.0
20200916:0910,363.01,143.0,0.0,33.48,23.41,1.45,0.0
20200916:1010,484.01,136.0,0.0,39.84,25.85,1.93,0.0
20200916:1110,550.01,132.0,0.0,43.51,27.77,2.14,0.0
20200916:1210,547.01,136.0,0.0,43.77,29.23,2.21,0.0
20200916:1310,517.01,125.0,0.0,40.58,30.25,2.21,0.0
20200916:1410,409.01,127.0,0.0,34.56,30.69,2.28,0.0
20200916:1510,117.0,196.0,0.0,26.6,30.82,2.48,0.0
20200916:1610,113.0,110.0,0.0,17.47,29.71,3.17,0.0
20200916:1710,20.0,51.0,0.0,7.74,28.08,2.97,0.0
20200916:1810,0.0,0.0,0.0,0.0,26.76,2.48,0.0
20200916:1910,0.0,0.0,0.0,0.0,26.19,3.66,0.0
20200916:2010,0.0,0.0,0.0,0.0,25.14,4.07,0.0
20200916:2110,0.0,0.0,0.0,0.0,24.31,4.21,0.0
20200916:2210,0.0,0.0,0.0,0.0,23.43,4.07,0.0
20200916:2310,0.0,0.0,0.0,0.0,22.51,4.34,0.0
20200917:0010,0.0,0.0,0.0,0.0,21.77,4.69,0.0
20200917:0110,0.0,0.0,0.0,0.0,20.9,4.76,0.0
20200917:0210,0.0,0.0,0.0,0.0,20.16,4.62,0.0
20200917:0310,0.0,0.0,0.0,0.0,19.45,4.34,0.0
20200917:0410,0.0,0.0,0.0,0.0,18.73,4.28,0.0
20200917:0510,0.0,0.0,0.0,0.0,18.04,4.34,0.0
20200917:0610,15.0,36.0,0.0,6.04,17.51,4.41,0.0
20200917:0710,129.0,84.0,0.0,15.81,18.09,4.9,0.0
20200917:0810,256.0,115.0,0.0,25.04,19.05,5.17,0.0
20200917:0910,362.01,142.0,0.0,33.19,20.56,5.03,0.0
20200917:1010,482.01,136.0,0.0,39.51,22.2,5.1,0.0
20200917:1110,542.01,135.0,0.0,43.14,23.63,5.1,0.0
20200917:1210,516.01,153.0,0.0,43.38,24.87,5.1,0.0
20200917:1310,501.01,131.0,0.0,40.18,25.71,5.17,0.0
20200917:1410,406.01,127.0,0.0,34.17,26.11,5.24,0.0
20200917:1510,268.0,122.0,0.0,26.23,26.14,5.17,0.0
20200917:1610,146.0,90.0,0.0,17.11,25.75,4.97,0.0
20200917:1710,17.0,48.0,0.0,7.39,24.9,4.34,0.0
20200917:1810,0.0,0.0,0.0,0.0,23.18,4.21,0.0
20200917:1910,0.0,0.0,0.0,0.0,21.6,4.28,0.0
20200917:2010,0.0,0.0,0.0,0.0,20.44,4.48,0.0
20200917:2110,0.0,0.0,0.0,0.0,19.64,4.41,0.0
20200917:2210,0.0,0.0,0.0,0.0,19.24,4.21,0.0
20200917:2310,0.0,0.0,0.0,0.0,18.98,3.93,0.0
20200918:0010,0.0,0.0,0.0,0.0,18.58,3.52,0.0
20200918:0110,0.0,0.0,0.0,0.0,17.95,3.24,0.0
20200918:0210,0.0,0.0,0.0,0.0,17.36,3.38,0.0
20200918:0310,0.0,0.0,0.0,0.0,16.84,3.45,0.0
20200918:0410,0.0,0.0,0.0,0.0,16.4,3.52,0.0
20200918:0510,0.0,0.0,0.0,0.0,16.04,3.59,0.0
20200918:0610,15.0,35.0,0.0,5.81,15.84,3.66,0.0
20200918:0710,134.0,80.0,0.0,15.57,16.4,3.1,0.0
20200918:0810,276.0,103.0,0.0,24.78,18.5,3.86,0.0
20200918:0910,399.01,120.0,0.0,32.89,20.87,3.86,0.0
20200918:1010,498.01,127.0,0.0,39.18,23.12,3.93,0.0
20200918:1110,550.01,131.0,0.0,42.77,25.17,4.28,0.0
20200918:1210,527.01,146.0,0.0,42.99,26.82,4.69,0.0
20200918:1310,438.01,169.0,0.0,39.78,28.09,4.9,0.0
20200918:1410,180.0,244.0,0.0,33.79,28.91,4.69,0.0
20200918:1510,225.0,144.0,0.0,25.86,29.38,4.55,0.0
20200918:1610,117.0,102.0,0.0,16.75,29.45,4.34,0.0
20200918:1710,23.0,44.0,0.0,7.03,28.78,3.38,0.0
20200918:1810,0.0,0.0,0.0,0.0,27.01,3.38,0.0
20200918:1910,0.0,0.0,0.0,0.0,24.98,3.38,0.0
20200918:2010,0.0,0.0,0.0,0.0,24.42,3.66,0.0
20200918:2110,0.0,0.0,0.0,0.0,23.87,3.66,0.0
20200918:2210,0.0,0.0,0.0,0.0,23.61,3.66,0.0
20200918:2310,0.0,0.0,0.0,0.0,23.37,3.66,0.0
20200919:0010,0.0,0.0,0.0,0.0,23.05,3.38,0.0
20200919:0110,0.0,0.0,0.0,0.0,22.56,3.1,0.0
20200919:0210,0.0,0.0,0.0,0.0,22.47,3.38,0.0
20200919:0310,0.0,0.0,0.0,0.0,22.69,4.76,0.0
20200919:0410,0.0,0.0,0.0,0.0,21.89,4.62,0.0
20200919:0510,0.0,0.0,0.0,0.0,21.25,3.17,0.0
20200919:0610,0.0,18.0,0.0,5.58,20.84,1.66,0.0
20200919:0710,11.0,101.0,0.0,15.34,22.11,3.03,0.0
20200919:0810,91.0,181.0,0.0,24.52,22.69,3.24,0.0
20200919:0910,36.0,241.0,0.0,32.6,23.89,3.93,0.0
20200919:1010,143.0,291.0,0.0,38.84,25.42,3.79,0.0
20200919:1110,469.01,164.0,0.0,42.4,26.97,3.31,0.0
20200919:1210,128.0,323.0,0.0,42.59,28.21,3.03,0.0
20200919:1310,75.0,301.0,0.0,39.39,29.07,2.9,0.0
20200919:1410,52.0,255.0,0.0,33.4,29.51,2.69,0.0
20200919:1510,19.0,180.0,0.0,25.49,29.65,2.76,0.0
20200919:1610,0.0,24.0,0.0,16.39,27.71,3.03,0.0
20200919:1710,0.0,8.0,0.0,6.68,23.89,2.62,0.0
20200919:1810,0.0,0.0,0.0,0.0,22.32,1.93,0.0
20200919:1910,0.0,0.0,0.0,0.0,21.9,1.93,0.0
20200919:2010,0.0,0.0,0.0,0.0,21.19,1.79,0.0
20200919:2110,0.0,0.0,0.0,0.0,20.4,2.0,0.0
20200919:2210,0.0,0.0,0.0,0.0,19.83,2.0,0.0
20200919:2310,0.0,0.0,0.0,0.0,19.24,2.07,0.0
20200920:0010,0.0,0.0,0.0,0.0,18.88,2.07,0.0
20200920:0110,0.0,0.0,0.0,0.0,18.77,2.0,0.0
20200920:0210,0.0,0.0,0.0,0.0,18.54,1.93,0.0
20200920:0310,0.0,0.0,0.0,0.0,18.11,1.93,0.0
20200920:0410,0.0,0.0,0.0,0.0,17.76,2.0,0.0
20200920:0510,0.0,0.0,0.0,0.0,17.51,1.93,0.0
20200920:0610,6.0,28.58,0.0,5.35,17.39,1.93,0.0
20200920:0710,59.0,104.0,0.0,15.1,18.18,1.38,0.0
20200920:0810,258.0,102.0,0.0,24.26,20.1,1.93,0.0
20200920:0910,253.0,189.0,0.0,32.31,22.21,2.21,0.0
20200920:1010,240.0,254.0,0.0,38.51,24.43,2.28,0.0
20200920:1110,207.0,298.0,0.0,42.02,25.36,2.41,0.0
20200920:1210,128.0,320.0,0.0,42.2,26.33,2.21,0.0
20200920:1310,89.0,301.0,0.0,38.99,26.93,1.72,0.0
20200920:1410,336.01,151.0,0.0,33.02,27.17,1.31,0.0
20200920:1510,301.01,91.0,0.0,25.12,26.94,1.38,0.0
20200920:1610,129.0,85.0,0.0,16.03,26.88,2.0,0.0
20200920:1710,16.0,39.0,0.0,6.33,26.32,2.07,0.0
20200920:1810,0.0,0.0,0.0,0.0,25.03,2.07,0.0
20200920:1910,0.0,0.0,0.0,0.0,23.73,2.21,0.0
20200920:2010,0.0,0.0,0.0,0.0,22.77,2.14,0.0
20200920:2110,0.0,0.0,0.0,0.0,21.97,2.21,0.0
20200920:2210,0.0,0.0,0.0,0.0,21.02,2.62,0.0
20200920:2310,0.0,0.0,0.0,0.0,20.23,2.48,0.0
20200921:0010,0.0,0.0,0.0,0.0,19.4,2.21,0.0
20200921:0110,0.0,0.0,0.0,0.0,18.43,2.21,0.0
20200921:0210,0.0,0.0,0.0,0.0,17.53,2.28,0.0
20200921:0310,0.0,0.0,0.0,0.0,16.67,2.28,0.0
20200921:0410,0.0,0.0,0.0,0.0,15.83,2.21,0.0
20200921:0510,0.0,0.0,0.0,0.0,15.04,2.21,0.0
20200921:0610,9.0,27.77,0.0,5.12,14.34,2.14,0.0
20200921:0710,123.0,81.0,0.0,14.85,14.92,2.21,0.0
20200921:0810,273.01,100.0,0.0,24.0,16.9,2.41,0.0
20200921:0910,368.01,134.0,0.0,32.01,19.2,2.28,0.0
20200921:1010,489.01,127.0,0.0,38.17,21.53,2.21,0.0
20200921:1110,540.01,132.0,0.0,41.65,23.43,2.28,0.0
20200921:1210,503.01,156.0,0.0,41.8,24.8,2.28,0.0
20200921:1310,510.01,120.0,0.0,38.59,25.7,2.21,0.0
20200921:1410,406.01,119.0,0.0,32.63,26.17,2.34,0.0
20200921:1510,259.0,118.0,0.0,24.75,26.22,2.48,0.0
20200921:1610,134.0,85.0,0.0,15.67,25.76,2.62,0.0
20200921:1710,13.0,37.0,0.0,5.97,24.6,2.34,0.0
20200921:1810,0.0,0.0,0.0,0.0,22.37,2.76,0.0
20200921:1910,0.0,0.0,0.0,0.0,20.69,2.62,0.0
20200921:2010,0.0,0.0,0.0,0.0,19.36,2.55,0.0
20200921:2110,0.0,0.0,0.0,0.0,18.2,2.55,0.0
20200921:2210,0.0,0.0,0.0,0.0,17.22,2.48,0.0
20200921:2310,0.0,0.0,0.0,0.0,16.29,2.34,0.0
20200922:0010,0.0,0.0,0.0,0.0,15.46,2.34,0.0
20200922:0110,0.0,0.0,0.0,0.0,14.72,2.34,0.0
20200922:0210,0.0,0.0,0.0,0.0,14.07,2.28,0.0
20200922:0310,0.0,0.0,0.0,0.0,13.43,2.21,0.0
20200922:0410,0.0,0.0,0.0,0.0,12.75,2.0,0.0
20200922:0510,0.0,0.0,0.0,0.0,11.93,1.79,0.0
20200922:0610,9.0,25.82,0.0,4.89,11.14,1.52,0.0
20200922:0710,117.0,80.0,0.0,14.61,12.75,0.83,0.0
20200922:0810,245.0,112.0,0.0,23.74,16.21,0.76,0.0
20200922:0910,352.01,138.0,0.0,31.71,18.88,0.55,0.0
20200922:1010,453.01,143.0,0.0,37.84,21.23,0.34,0.0
20200922:1110,481.01,161.0,0.0,41.27,22.9,0.21,0.0
20200922:1210,483.01,161.0,0.0,41.4,24.05,1.03,0.0
20200922:1310,484.01,128.0,0.0,38.19,24.85,1.66,0.0
20200922:1410,389.01,122.0,0.0,32.24,25.26,1.93,0.0
20200922:1510,250.0,117.0,0.0,24.37,25.3,2.0,0.0
20200922:1610,122.0,86.0,0.0,15.31,24.98,2.14,0.0
20200922:1710,12.0,30.93,0.0,5.62,24.13,1.66,0.0
20200922:1810,0.0,0.0,0.0,0.0,22.51,1.86,0.0
20200922:1910,0.0,0.0,0.0,0.0,20.35,2.97,0.0
20200922:2010,0.0,0.0,0.0,0.0,19.26,3.24,0.0
20200922:2110,0.0,0.0,0.0,0.0,18.4,3.1,0.0
20200922:2210,0.0,0.0,0.0,0.0,17.69,2.69,0.0
20200922:2310,0.0,0.0,0.0,0.0,17.09,2.48,0.0
20200923:0010,0.0,0.0,0.0,0.0,16.69,2.55,0.0
20200923:0110,0.0,0.0,0.0,0.0,16.61,2.69,0.0
20200923:0210,0.0,0.0,0.0,0.0,16.29,3.03,0.0
20200923:0310,0.0,0.0,0.0,0.0,16.17,3.38,0.0
20200923:0410,0.0,0.0,0.0,0.0,15.93,3.31,0.0
20200923:0510,0.0,0.0,0.0,0.0,15.62,3.24,0.0
20200923:0610,0.0,13.0,0.0,4.65,15.8,3.38,0.0
20200923:0710,34.0,103.0,0.0,14.37,16.54,3.52,0.0
20200923:0810,70.0,178.0,0.0,23.47,18.19,5.1,0.0
20200923:0910,80.0,244.0,0.0,31.42,19.6,4.55,0.0
20200923:1010,10.0,242.0,0.0,37.5,20.33,4.62,0.0
20200923:1110,17.0,278.0,0.0,40.9,21.18,4.69,0.0
20200923:1210,24.0,289.0,0.0,41.01,22.22,5.03,0.0
20200923:1310,100.0,294.0,0.0,37.79,22.83,5.31,0.0
20200923:1410,10.0,208.0,0.0,31.86,23.24,5.59,0.0
20200923:1510,10.0,160.0,0.0,24.0,22.96,5.45,0.0
20200923:1610,7.0,95.0,0.0,14.95,22.47,5.1,0.0
20200923:1710,0.0,22.0,0.0,5.27,21.4,4.83,0.0
20200923:1810,0.0,0.0,0.0,0.0,19.74,3.45,0.0
20200923:1910,0.0,0.0,0.0,0.0,18.57,3.38,0.0
20200923:2010,0.0,0.0,0.0,0.0,17.37,3.1,0.0
20200923:2110,0.0,0.0,0.0,0.0,16.65,3.59,0.0
20200923:2210,0.0,0.0,0.0,0.0,15.89,4.97,0.0
20200923:2310,0.0,0.0,0.0,0.0,14.39,4.76,0.0
20200924:0010,0.0,0.0,0.0,0.0,13.34,4.14,0.0
20200924:0110,0.0,0.0,0.0,0.0,12.62,4.0,0.0
20200924:0210,0.0,0.0,0.0,0.0,12.18,3.86,0.0
20200924:0310,0.0,0.0,0.0,0.0,11.95,3.72,0.0
20200924:0410,0.0,0.0,0.0,0.0,11.78,3.59,0.0
20200924:0510,0.0,0.0,0.0,0.0,11.49,3.52,0.0
20200924:0610,4.0,23.08,0.0,4.42,11.29,3.52,0.0
20200924:0710,87.0,89.0,0.0,14.12,12.56,3.66,0.0
20200924:0810,114.0,168.0,0.0,23.2,13.96,4.62,0.0
20200924:0910,265.01,180.0,0.0,31.12,15.41,5.38,0.0
20200924:1010,183.0,275.0,0.0,37.16,16.83,5.86,0.0
20200924:1110,14.0,274.0,0.0,40.52,17.53,6.0,0.0
20200924:1210,8.0,257.0,0.0,40.61,18.15,5.86,0.0
20200924:1310,0.0,158.0,0.0,37.4,17.8,6.34,0.0
20200924:1410,0.0,148.0,0.0,31.47,16.16,6.0,0.0
20200924:1510,26.0,177.0,0.0,23.63,15.2,5.59,0.0
20200924:1610,73.0,99.0,0.0,14.59,14.56,5.66,0.0
20200924:1710,8.0,27.01,0.0,4.91,14.41,6.48,0.0
20200924:1810,0.0,0.0,0.0,0.0,13.48,6.34,0.0
20200924:1910,0.0,0.0,0.0,0.0,13.04,6.34,0.0
20200924:2010,0.0,0.0,0.0,0.0,12.16,5.59,0.0
20200924:2110,0.0,0.0,0.0,0.0,11.52,5.66,0.0
20200924:2210,0.0,0.0,0.0,0.0,10.95,5.72,0.0
20200924:2310,0.0,0.0,0.0,0.0,10.47,5.66,0.0
20200925:0010,0.0,0.0,0.0,0.0,10.0,5.79,0.0
20200925:0110,0.0,0.0,0.0,0.0,9.76,6.0,0.0
20200925:0210,0.0,0.0,0.0,0.0,9.55,6.34,0.0
20200925:0310,0.0,0.0,0.0,0.0,10.02,6.55,0.0
20200925:0410,0.0,0.0,0.0,0.0,10.47,6.55,0.0
20200925:0510,0.0,0.0,0.0,0.0,10.33,6.48,0.0
20200925:0610,2.0,19.6,0.0,4.19,10.11,6.41,0.0
20200925:0710,0.0,64.0,0.0,13.88,10.25,6.41,0.0
20200925:0810,249.01,103.0,0.0,22.93,11.04,6.97,0.0
20200925:0910,201.0,212.0,0.0,30.82,11.76,6.97,0.0
20200925:1010,216.0,263.0,0.0,36.82,12.69,7.17,0.0
20200925:1110,0.0,64.0,0.0,40.15,13.76,7.24,0.0
20200925:1210,0.0,58.0,0.0,40.21,13.6,7.31,0.0
20200925:1310,0.0,132.0,0.0,37.0,12.33,7.24,0.0
20200925:1410,7.0,202.0,0.0,31.08,12.72,6.97,0.0
20200925:1510,0.0,50.0,0.0,23.26,13.25,7.31,0.0
20200925:1610,44.0,105.0,0.0,14.24,13.02,7.31,0.0
20200925:1710,1.0,22.79,0.0,4.56,12.56,6.76,0.0
20200925:1810,0.0,0.0,0.0,0.0,12.11,6.28,0.0
20200925:1910,0.0,0.0,0.0,0.0,11.87,5.52,0.0
20200925:2010,0.0,0.0,0.0,0.0,11.91,5.24,0.0
20200925:2110,0.0,0.0,0.0,0.0,11.98,5.24,0.0
20200925:2210,0.0,0.0,0.0,0.0,11.8,5.45,0.0
20200925:2310,0.0,0.0,0.0,0.0,11.65,5.52,0.0
20200926:0010,0.0,0.0,0.0,0.0,11.32,5.45,0.0
20200926:0110,0.0,0.0,0.0,0.0,10.97,5.31,0.0
20200926:0210,0.0,0.0,0.0,0.0,10.87,5.24,0.0
20200926:0310,0.0,0.0,0.0,0.0,10.51,5.03,0.0
20200926:0410,0.0,0.0,0.0,0.0,10.13,4.97,0.0
20200926:0510,0.0,0.0,0.0,0.0,9.69,4.9,0.0
20200926:0610,9.0,19.89,0.0,3.95,9.37,4.9,0.0
20200926:0710,125.0,68.0,0.0,13.63,9.43,4.55,0.0
20200926:0810,259.01,96.0,0.0,22.67,10.39,6.48,0.0
20200926:0910,344.01,134.0,0.0,30.51,11.6,6.69,0.0
20200926:1010,285.01,230.0,0.0,36.48,12.49,6.62,0.0
20200926:1110,221.0,289.0,0.0,39.77,13.41,6.62,0.0
20200926:1210,375.01,215.0,0.0,39.81,14.03,6.55,0.0
20200926:1310,399.01,169.0,0.0,36.6,14.46,6.55,0.0
20200926:1410,340.01,140.0,0.0,30.7,14.47,6.55,0.0
20200926:1510,246.01,106.0,0.0,22.89,14.14,6.62,0.0
20200926:1610,26.0,103.0,0.0,13.88,13.68,6.76,0.0
20200926:1710,0.0,23.0,0.0,4.21,12.97,6.34,0.0
20200926:1810,0.0,0.0,0.0,0.0,12.11,5.66,0.0
20200926:1910,0.0,0.0,0.0,0.0,11.58,5.1,0.0
20200926:2010,0.0,0.0,0.0,0.0,10.9,5.24,0.0
20200926:2110,0.0,0.0,0.0,0.0,10.44,5.38,0.0
20200926:2210,0.0,0.0,0.0,0.0,10.22,5.1,0.0
20200926:2310,0.0,0.0,0.0,0.0,10.22,5.17,0.0
20200927:0010,0.0,0.0,0.0,0.0,10.67,5.59,0.0
20200927:0110,0.0,0.0,0.0,0.0,10.77,5.86,0.0
20200927:0210,0.0,0.0,0.0,0.0,10.67,6.07,0.0
20200927:0310,0.0,0.0,0.0,0.0,10.44,6.28,0.0
20200927:0410,0.0,0.0,0.0,0.0,10.25,6.55,0.0
20200927:0510,0.0,0.0,0.0,0.0,10.17,6.41,0.0
20200927:0610,0.0,10.0,0.0,3.71,10.12,6.62,0.0
20200927:0710,2.0,70.0,0.0,13.38,9.98,7.59,0.0
20200927:0810,0.0,56.0,0.0,22.39,10.13,8.21,0.0
20200927:0910,0.0,42.0,0.0,30.21,10.4,8.62,0.0
20200927:1010,0.0,97.0,0.0,36.13,11.12,8.76,0.0
20200927:1110,0.0,85.0,0.0,39.39,11.87,7.52,0.0
20200927:1210,0.0,148.0,0.0,39.42,12.5,7.52,0.0
20200927:1310,0.0,83.0,0.0,36.2,12.69,6.97,0.0
20200927:1410,3.0,178.0,0.0,30.31,13.31,6.76,0.0
20200927:1510,0.0,30.0,0.0,22.52,13.85,7.59,0.0
20200927:1610,0.0,30.0,0.0,13.52,14.29,7.1,0.0
20200927:1710,0.0,3.0,0.0,3.86,13.92,6.28,0.0
20200927:1810,0.0,0.0,0.0,0.0,13.63,5.52,0.0
20200927:1910,0.0,0.0,0.0,0.0,12.74,5.59,0.0
20200927:2010,0.0,0.0,0.0,0.0,12.74,5.24,0.0
20200927:2110,0.0,0.0,0.0,0.0,12.75,5.17,0.0
20200927:2210,0.0,0.0,0.0,0.0,12.76,5.17,0.0
20200927:2310,0.0,0.0,0.0,0.0,12.76,4.9,0.0
20200928:0010,0.0,0.0,0.0,0.0,12.64,4.97,0.0
20200928:0110,0.0,0.0,0.0,0.0,12.48,5.31,0.0
20200928:0210,0.0,0.0,0.0,0.0,12.34,5.45,0.0
20200928:0310,0.0,0.0,0.0,0.0,12.2,5.38,0.0
20200928:0410,0.0,0.0,0.0,0.0,12.15,5.24,0.0
20200928:0510,0.0,0.0,0.0,0.0,12.17,5.17,0.0
20200928:0610,0.0,8.0,0.0,3.48,12.21,5.1,0.0
20200928:0710,2.0,72.0,0.0,13.13,12.3,4.41,0.0
20200928:0810,0.0,103.0,0.0,22.12,12.54,4.28,0.0
20200928:0910,0.0,59.0,0.0,29.91,12.77,4.07,0.0
20200928:1010,0.0,95.0,0.0,35.79,12.99,4.55,0.0
20200928:1110,0.0,116.0,0.0,39.02,13.27,4.76,0.0
20200928:1210,0.0,74.0,0.0,39.02,13.71,4.9,0.0
20200928:1310,0.0,79.0,0.0,35.8,14.38,4.69,0.0
20200928:1410,0.0,108.0,0.0,29.92,15.06,4.55,0.0
20200928:1510,0.0,103.0,0.0,22.15,15.45,4.21,0.0
20200928:1610,4.0,77.0,0.0,13.16,15.64,3.93,0.0
20200928:1710,0.0,13.0,0.0,3.5,15.14,3.52,0.0
20200928:1810,0.0,0.0,0.0,0.0,14.35,3.24,0.0
20200928:1910,0.0,0.0,0.0,0.0,13.75,3.03,0.0
20200928:2010,0.0,0.0,0.0,0.0,13.64,2.69,0.0
20200928:2110,0.0,0.0,0.0,0.0,13.3,2.41,0.0
20200928:2210,0.0,0.0,0.0,0.0,13.32,2.21,0.0
20200928:2310,0.0,0.0,0.0,0.0,13.5,2.21,0.0
20200929:0010,0.0,0.0,0.0,0.0,13.68,2.14,0.0
20200929:0110,0.0,0.0,0.0,0.0,13.5,2.21,0.0
20200929:0210,0.0,0.0,0.0,0.0,13.79,2.14,0.0
20200929:0310,0.0,0.0,0.0,0.0,13.76,2.07,0.0
20200929:0410,0.0,0.0,0.0,0.0,13.99,2.14,0.0
20200929:0510,0.0,0.0,0.0,0.0,14.12,2.28,0.0
20200929:0610,0.0,7.0,0.0,3.24,14.3,2.28,0.0
20200929:0710,2.0,69.0,0.0,12.88,14.4,2.14,0.0
20200929:0810,17.0,155.0,0.0,21.85,14.91,2.07,0.0
20200929:0910,41.0,226.0,0.0,29.6,15.38,2.48,0.0
20200929:1010,25.0,255.0,0.0,35.45,16.26,3.38,0.0
20200929:1110,10.0,251.0,0.0,38.64,17.03,3.38,0.0
20200929:1210,0.0,168.0,0.0,38.62,17.36,3.24,0.0
20200929:1310,5.0,217.0,0.0,35.41,17.43,2.69,0.0
20200929:1410,23.0,215.0,0.0,29.54,17.77,2.9,0.0
20200929:1510,49.0,167.0,0.0,21.78,17.58,2.55,0.0
20200929:1610,9.0,84.0,0.0,12.8,17.4,2.55,0.0
20200929:1710,0.0,5.0,0.0,3.16,17.13,2.48,0.0
20200929:1810,0.0,0.0,0.0,0.0,16.61,2.28,0.0
20200929:1910,0.0,0.0,0.0,0.0,16.29,1.79,0.0
20200929:2010,0.0,0.0,0.0,0.0,16.06,1.86,0.0
20200929:2110,0.0,0.0,0.0,0.0,15.75,2.0,0.0
20200929:2210,0.0,0.0,0.0,0.0,15.56,2.07,0.0
20200929:2310,0.0,0.0,0.0,0.0,15.41,2.14,0.0
20200930:0010,0.0,0.0,0.0,0.0,15.27,2.07,0.0
20200930:0110,0.0,0.0,0.0,0.0,14.97,2.07,0.0
20200930:0210,0.0,0.0,0.0,0.0,14.69,2.07,0.0
20200930:0310,0.0,0.0,0.0,0.0,14.43,2.07,0.0
20200930:0410,0.0,0.0,0.0,0.0,14.26,2.14,0.0
20200930:0510,0.0,0.0,0.0,0.0,13.91,2.21,0.0
20200930:0610,0.0,3.0,0.0,3.0,13.87,2.14,0.0
20200930:0710,21.0,89.0,0.0,12.63,14.52,2.41,0.0
20200930:0810,46.0,165.0,0.0,21.58,15.22,2.76,0.0
20200930:0910,34.0,222.0,0.0,29.29,15.85,2.69,0.0
20200930:1010,164.0,261.0,0.0,35.1,16.61,2.62,0.0
20200930:1110,52.0,294.0,0.0,38.26,17.49,2.62,0.0
20200930:1210,0.0,160.0,0.0,38.23,18.28,2.83,0.0
20200930:1310,0.0,147.0,0.0,35.01,18.79,3.31,0.0
20200930:1410,13.0,199.0,0.0,29.16,19.22,3.66,0.0
20200930:1510,10.0,144.0,0.0,21.41,19.26,3.79,0.0
20200930:1610,0.0,23.0,0.0,12.45,18.9,3.72,0.0
20200930:1710,0.0,10.0,0.0,2.81,18.11,3.03,0.0
20200930:1810,0.0,0.0,0.0,0.0,17.23,2.83,0.0
20200930:1910,0.0,0.0,0.0,0.0,16.45,3.17,0.0
20200930:2010,0.0,0.0,0.0,0.0,16.2,3.45,0.0
20200930:2110,0.0,0.0,0.0,0.0,16.05,3.45,0.0
20200930:2210,0.0,0.0,0.0,0.0,15.89,3.59,0.0
20200930:2310,0.0,0.0,0.0,0.0,15.62,3.66,0.0
20201001:0010,0.0,0.0,0.0,0.0,15.49,3.72,0.0
20201001:0110,0.0,0.0,0.0,0.0,15.24,3.86,0.0
20201001:0210,0.0,0.0,0.0,0.0,14.82,3.86,0.0
20201001:0310,0.0,0.0,0.0,0.0,14.59,3.93,0.0
20201001:0410,0.0,0.0,0.0,0.0,13.96,3.86,0.0
20201001:0510,0.0,0.0,0.0,0.0,13.58,3.66,0.0
20201001:0610,0.0,3.0,0.0,2.76,13.45,3.38,0.0
20201001:0710,2.0,68.0,0.0,12.38,13.7,4.07,0.0
20201001:0810,0.0,105.0,0.0,21.3,13.62,5.17,0.0
20201001:0910,25.0,215.0,0.0,28.99,13.36,5.45,0.0
20201001:1010,226.01,234.0,0.0,34.76,14.05,5.31,0.0
20201001:1110,41.0,287.0,0.0,37.88,15.66,5.59,0.0
20201001:1210,1.0,197.0,0.0,37.83,16.43,5.59,0.0
20201001:1310,0.0,80.0,0.0,34.62,16.89,5.66,0.0
20201001:1410,64.0,226.0,0.0,28.77,16.86,5.72,0.0
20201001:1510,229.01,91.0,0.0,21.04,16.6,5.38,0.0
20201001:1610,58.0,80.0,0.0,12.09,15.95,4.14,0.0
20201001:1710,0.0,9.0,0.0,2.46,15.07,3.38,0.0
20201001:1810,0.0,0.0,0.0,0.0,14.46,3.24,0.0
20201001:1910,0.0,0.0,0.0,0.0,12.78,3.03,0.0
20201001:2010,0.0,0.0,0.0,0.0,12.29,3.52,0.0
20201001:2110,0.0,0.0,0.0,0.0,12.29,4.07,0.0
20201001:2210,0.0,0.0,0.0,0.0,12.44,4.41,0.0
20201001:2310,0.0,0.0,0.0,0.0,12.28,4.55,0.0
20201002:0010,0.0,0.0,0.0,0.0,12.33,4.9,0.0
20201002:0110,0.0,0.0,0.0,0.0,11.94,5.66,0.0
20201002:0210,0.0,0.0,0.0,0.0,12.06,6.48,0.0
20201002:0310,0.0,0.0,0.0,0.0,12.04,7.24,0.0
20201002:0410,0.0,0.0,0.0,0.0,12.15,7.45,0.0
20201002:0510,0.0,0.0,0.0,0.0,12.47,7.24,0.0
20201002:0610,0.0,7.0,0.0,2.52,12.61,6.83,0.0
20201002:0710,0.0,31.0,0.0,12.13,12.11,5.38,0.0
20201002:0810,0.0,66.0,0.0,21.02,12.36,4.55,0.0
20201002:0910,0.0,130.0,0.0,28.68,12.59,3.59,0.0
20201002:1010,125.0,265.0,0.0,34.41,12.95,2.69,0.0
20201002:1110,0.0,141.0,0.0,37.51,13.29,2.48,0.0
20201002:1210,0.0,68.0,0.0,37.44,13.29,2.0,0.0
20201002:1310,0.0,80.0,0.0,34.22,13.5,1.45,0.0
20201002:1410,0.0,91.0,0.0,28.39,13.7,1.1,0.0
20201002:1510,0.0,66.0,0.0,20.68,13.83,0.97,0.0
20201002:1610,1.0,61.0,0.0,11.74,13.35,0.83,0.0
20201002:1710,0.0,2.0,0.0,2.11,12.8,1.17,0.0
20201002:1810,0.0,0.0,0.0,0.0,12.26,1.31,0.0
20201002:1910,0.0,0.0,0.0,0.0,12.12,1.79,0.0
20201002:2010,0.0,0.0,0.0,0.0,11.74,2.07,0.0
20201002:2110,0.0,0.0,0.0,0.0,11.47,1.31,0.0
20201002:2210,0.0,0.0,0.0,0.0,11.19,2.0,0.0
20201002:2310,0.0,0.0,0.0,0.0,10.92,2.14,0.0
20201003:0010,0.0,0.0,0.0,0.0,10.49,2.14,0.0
20201003:0110,0.0,0.0,0.0,0.0,10.06,2.34,0.0
20201003:0210,0.0,0.0,0.0,0.0,9.47,2.55,0.0
20201003:0310,0.0,0.0,0.0,0.0,8.61,2.62,0.0
20201003:0410,0.0,0.0,0.0,0.0,8.14,2.69,0.0
20201003:0510,0.0,0.0,0.0,0.0,7.64,2.97,0.0
20201003:0610,0.0,8.0,0.0,2.28,7.39,3.1,0.0
20201003:0710,101.0,60.0,0.0,11.87,8.32,2.34,0.0
20201003:0810,247.01,80.0,0.0,20.75,9.76,2.83,0.0
20201003:0910,336.01,112.0,0.0,28.37,11.46,3.38,0.0
20201003:1010,9.0,222.0,0.0,34.07,13.06,4.97,0.0
20201003:1110,0.0,116.0,0.0,37.13,13.83,5.1,0.0
20201003:1210,0.0,164.0,0.0,37.04,13.87,4.34,0.0
20201003:1310,27.0,251.0,0.0,33.83,13.96,3.66,0.0
20201003:1410,0.0,93.0,0.0,28.01,14.06,2.97,0.0
20201003:1510,9.0,137.0,0.0,20.31,14.02,2.55,0.0
20201003:1610,0.0,26.0,0.0,11.39,13.48,2.14,0.0
20201003:1710,0.0,1.0,0.0,1.77,12.61,1.66,0.0
20201003:1810,0.0,0.0,0.0,0.0,12.1,1.66,0.0
20201003:1910,0.0,0.0,0.0,0.0,11.17,1.45,0.0
20201003:2010,0.0,0.0,0.0,0.0,11.23,2.14,0.0
20201003:2110,0.0,0.0,0.0,0.0,11.14,3.03,0.0
20201003:2210,0.0,0.0,0.0,0.0,10.85,4.48,0.0
20201003:2310,0.0,0.0,0.0,0.0,10.52,4.97,0.0
20201004:0010,0.0,0.0,0.0,0.0,10.16,5.17,0.0
20201004:0110,0.0,0.0,0.0,0.0,10.57,6.83,0.0
20201004:0210,0.0,0.0,0.0,0.0,10.52,7.52,0.0
20201004:0310,0.0,0.0,0.0,0.0,10.01,7.31,0.0
20201004:0410,0.0,0.0,0.0,0.0,9.5,6.69,0.0
20201004:0510,0.0,0.0,0.0,0.0,9.01,6.07,0.0
20201004:0610,0.0,2.0,0.0,2.04,8.67,5.52,0.0
20201004:0710,6.0,73.0,0.0,11.62,9.21,5.86,0.0
20201004:0810,10.0,139.0,0.0,20.47,10.3,6.48,0.0
20201004:0910,28.0,212.0,0.0,28.06,11.18,7.24,0.0
20201004:1010,8.0,219.0,0.0,33.72,11.74,6.34,0.0
20201004:1110,4.0,223.0,0.0,36.75,12.73,5.66,0.0
20201004:1210,271.01,236.0,0.0,36.65,14.01,5.52,0.0
20201004:1310,91.0,267.0,0.0,33.44,13.83,5.93,0.0
20201004:1410,223.01,169.0,0.0,27.63,14.22,6.28,0.0
20201004:1510,172.0,112.0,0.0,19.95,14.4,6.0,0.0
20201004:1610,87.0,59.0,0.0,11.04,14.11,5.1,0.0
20201004:1710,0.0,0.0,0.0,0.0,13.64,4.62,0.0
20201004:1810,0.0,0.0,0.0,0.0,12.59,4.76,0.0
20201004:1910,0.0,0.0,0.0,0.0,12.01,4.9,0.0
20201004:2010,0.0,0.0,0.0,0.0,11.74,5.03,0.0
20201004:2110,0.0,0.0,0.0,0.0,11.64,5.31,0.0
20201004:2210,0.0,0.0,0.0,0.0,11.48,5.72,0.0
20201004:2310,0.0,0.0,0.0,0.0,11.33,6.14,0.0
20201005:0010,0.0,0.0,0.0,0.0,10.95,6.41,0.0
20201005:0110,0.0,0.0,0.0,0.0,10.69,6.55,0.0
20201005:0210,0.0,0.0,0.0,0.0,10.5,6.41,0.0
20201005:0310,0.0,0.0,0.0,0.0,10.54,6.41,0.0
20201005:0410,0.0,0.0,0.0,0.0,10.59,6.21,0.0
20201005:0510,0.0,0.0,0.0,0.0,10.65,6.21,0.0
20201005:0610,0.0,1.0,0.0,1.8,10.72,6.21,0.0
20201005:0710,0.0,16.0,0.0,11.36,10.83,5.93,0.0
20201005:0810,0.0,99.0,0.0,20.19,11.06,5.66,0.0
20201005:0910,5.0,172.0,0.0,27.75,11.33,5.45,0.0
20201005:1010,0.0,158.0,0.0,33.38,11.68,5.52,0.0
20201005:1110,0.0,99.0,0.0,36.38,12.41,5.59,0.0
20201005:1210,8.0,231.0,0.0,36.26,13.67,6.34,0.0
20201005:1310,0.0,147.0,0.0,33.05,13.35,6.41,0.0
20201005:1410,0.0,83.0,0.0,27.26,12.73,5.93,0.0
20201005:1510,0.0,75.0,0.0,19.59,12.51,6.14,0.0
20201005:1610,0.0,18.0,0.0,10.69,12.37,6.21,0.0
20201005:1710,0.0,0.0,0.0,0.0,12.43,6.34,0.0
20201005:1810,0.0,0.0,0.0,0.0,12.56,6.48,0.0
20201005:1910,0.0,0.0,0.0,0.0,12.57,6.55,0.0
20201005:2010,0.0,0.0,0.0,0.0,12.7,6.34,0.0
20201005:2110,0.0,0.0,0.0,0.0,12.71,6.21,0.0
20201005:2210,0.0,0.0,0.0,0.0,12.6,5.86,0.0
20201005:2310,0.0,0.0,0.0,0.0,12.37,5.79,0.0
20201006:0010,0.0,0.0,0.0,0.0,11.92,5.59,0.0
20201006:0110,0.0,0.0,0.0,0.0,11.63,5.45,0.0
20201006:0210,0.0,0.0,0.0,0.0,11.76,5.45,0.0
20201006:0310,0.0,0.0,0.0,0.0,11.68,5.66,0.0
20201006:0410,0.0,0.0,0.0,0.0,11.67,6.0,0.0
20201006:0510,0.0,0.0,0.0,0.0,12.25,6.07,0.0
20201006:0610,0.0,0.0,0.0,0.0,12.67,6.21,0.0
20201006:0710,12.0,75.0,0.0,11.11,12.58,5.52,0.0
20201006:0810,147.0,123.0,0.0,19.91,12.84,5.86,0.0
20201006:0910,31.0,209.0,0.0,27.44,13.57,6.55,0.0
20201006:1010,122.0,259.0,0.0,33.03,14.34,6.55,0.0
20201006:1110,385.01,167.0,0.0,36.0,15.19,6.76,0.0
20201006:1210,9.0,236.0,0.0,35.87,15.32,6.62,0.0
20201006:1310,100.0,260.0,0.0,32.66,15.83,6.41,0.0
20201006:1410,43.0,210.0,0.0,26.88,15.72,6.41,0.0
20201006:1510,6.0,123.0,0.0,19.23,15.53,6.41,0.0
20201006:1610,1.0,52.0,0.0,10.34,14.47,6.21,0.0
20201006:1710,0.0,0.0,0.0,0.0,14.15,5.72,0.0
20201006:1810,0.0,0.0,0.0,0.0,13.82,5.72,0.0
20201006:1910,0.0,0.0,0.0,0.0,13.28,5.72,0.0
20201006:2010,0.0,0.0,0.0,0.0,13.01,5.66,0.0
20201006:2110,0.0,0.0,0.0,0.0,12.69,5.72,0.0
20201006:2210,0.0,0.0,0.0,0.0,12.56,5.86,0.0
20201006:2310,0.0,0.0,0.0,0.0,12.54,6.0,0.0
20201007:0010,0.0,0.0,0.0,0.0,12.64,6.0,0.0
20201007:0110,0.0,0.0,0.0,0.0,12.48,5.79,0.0
20201007:0210,0.0,0.0,0.0,0.0,11.95,5.38,0.0
20201007:0310,0.0,0.0,0.0,0.0,11.86,5.1,0.0
20201007:0410,0.0,0.0,0.0,0.0,11.79,4.76,0.0
20201007:0510,0.0,0.0,0.0,0.0,11.56,4.41,0.0
20201007:0610,0.0,0.0,0.0,0.0,11.57,4.28,0.0
20201007:0710,29.0,76.0,0.0,10.85,11.76,4.14,0.0
20201007:0810,43.0,150.0,0.0,19.63,12.65,4.83,0.0
20201007:0910,89.0,212.0,0.0,27.12,13.32,5.24,0.0
20201007:1010,228.01,216.0,0.0,32.68,14.25,5.79,0.0
20201007:1110,308.01,205.0,0.0,35.62,15.21,6.07,0.0
20201007:1210,73.0,282.0,0.0,35.48,15.62,5.72,0.0
20201007:1310,121.0,252.0,0.0,32.27,16.41,5.66,0.0
20201007:1410,269.01,130.0,0.0,26.51,16.61,5.31,0.0
20201007:1510,82.0,138.0,0.0,18.87,16.66,4.62,0.0
20201007:1610,28.0,70.0,0.0,10.0,16.11,3.52,0.0
20201007:1710,0.0,0.0,0.0,0.0,15.13,3.17,0.0
20201007:1810,0.0,0.0,0.0,0.0,14.51,3.17,0.0
20201007:1910,0.0,0.0,0.0,0.0,14.19,3.03,0.0
20201007:2010,0.0,0.0,0.0,0.0,13.6,2.97,0.0
20201007:2110,0.0,0.0,0.0,0.0,12.91,3.1,0.0
20201007:2210,0.0,0.0,0.0,0.0,12.9,3.45,0.0
20201007:2310,0.0,0.0,0.0,0.0,13.08,3.86,0.0
20201008:0010,0.0,0.0,0.0,0.0,13.32,4.14,0.0
20201008:0110,0.0,0.0,0.0,0.0,13.44,4.41,0.0
20201008:0210,0.0,0.0,0.0,0.0,13.39,4.48,0.0
20201008:0310,0.0,0.0,0.0,0.0,13.65,4.62,0.0
20201008:0410,0.0,0.0,0.0,0.0,13.99,4.76,0.0
20201008:0510,0.0,0.0,0.0,0.0,14.2,4.9,0.0
20201008:0610,0.0,0.0,0.0,0.0,14.19,4.97,0.0
20201008:0710,0.0,16.0,0.0,10.59,14.7,5.03,0.0
20201008:0810,22.0,141.0,0.0,19.35,15.09,4.69,0.0
20201008:0910,5.0,166.0,0.0,26.81,16.19,6.9,0.0
20201008:1010,46.0,250.0,0.0,32.34,16.9,7.1,0.0
20201008:1110,0.0,98.0,0.0,35.25,17.27,6.21,0.0
20201008:1210,6.0,218.0,0.0,35.09,17.69,7.03,0.0
20201008:1310,0.0,138.0,0.0,31.89,18.07,7.24,0.0
20201008:1410,0.0,102.0,0.0,26.13,18.49,6.76,0.0
20201008:1510,4.0,110.0,0.0,18.51,18.35,5.86,0.0
20201008:1610,1.0,47.0,0.0,9.65,17.99,5.66,0.0
20201008:1710,0.0,0.0,0.0,0.0,17.4,5.31,0.0
20201008:1810,0.0,0.0,0.0,0.0,16.85,5.1,0.0
20201008:1910,0.0,0.0,0.0,0.0,16.51,5.1,0.0
20201008:2010,0.0,0.0,0.0,0.0,16.03,4.83,0.0
20201008:2110,0.0,0.0,0.0,0.0,15.77,4.69,0.0
20201008:2210,0.0,0.0,0.0,0.0,15.67,4.69,0.0
20201008:2310,0.0,0.0,0.0,0.0,15.34,4.62,0.0
20201009:0010,0.0,0.0,0.0,0.0,15.01,4.28,0.0
20201009:0110,0.0,0.0,0.0,0.0,14.64,4.0,0.0
20201009:0210,0.0,0.0,0.0,0.0,14.39,3.59,0.0
20201009:0310,0.0,0.0,0.0,0.0,14.45,3.38,0.0
20201009:0410,0.0,0.0,0.0,0.0,14.45,3.38,0.0
20201009:0510,0.0,0.0,0.0,0.0,14.43,3.31,0.0
20201009:0610,0.0,0.0,0.0,0.0,14.54,3.1,0.0
20201009:0710,20.0,70.0,0.0,10.33,14.86,2.62,0.0
20201009:0810,10.0,128.0,0.0,19.07,15.03,2.48,0.0
20201009:0910,0.0,124.0,0.0,26.5,15.44,2.55,0.0
20201009:1010,3.0,187.0,0.0,31.99,15.74,2.55,0.0
20201009:1110,116.0,272.0,0.0,34.88,16.22,2.69,0.0
20201009:1210,0.0,151.0,0.0,34.7,16.57,2.76,0.0
20201009:1310,0.0,97.0,0.0,31.5,16.58,2.9,0.0
20201009:1410,309.01,98.0,0.0,25.76,16.44,2.9,0.0
20201009:1510,163.0,94.0,0.0,18.16,16.2,2.9,0.0
20201009:1610,6.0,56.0,0.0,9.31,15.82,2.62,0.0
20201009:1710,0.0,0.0,0.0,0.0,15.4,2.34,0.0
20201009:1810,0.0,0.0,0.0,0.0,14.93,2.14,0.0
20201009:1910,0.0,0.0,0.0,0.0,13.99,2.14,0.0
20201009:2010,0.0,0.0,0.0,0.0,12.81,2.21,0.0
20201009:2110,0.0,0.0,0.0,0.0,11.92,2.55,0.0
20201009:2210,0.0,0.0,0.0,0.0,11.73,2.97,0.0
20201009:2310,0.0,0.0,0.0,0.0,11.75,3.45,0.0
20201010:0010,0.0,0.0,0.0,0.0,11.5,3.52,0.0
20201010:0110,0.0,0.0,0.0,0.0,11.31,3.45,0.0
20201010:0210,0.0,0.0,0.0,0.0,11.12,3.31,0.0
20201010:0310,0.0,0.0,0.0,0.0,10.84,3.1,0.0
20201010:0410,0.0,0.0,0.0,0.0,10.32,2.83,0.0
20201010:0510,0.0,0.0,0.0,0.0,9.63,2.62,0.0
20201010:0610,0.0,0.0,0.0,0.0,8.92,2.48,0.0
20201010:0710,70.0,57.0,0.0,10.07,8.95,2.14,0.0
20201010:0810,208.01,82.0,0.0,18.78,10.27,2.41,0.0
20201010:0910,311.01,106.0,0.0,26.19,11.82,2.9,0.0
20201010:1010,413.01,109.0,0.0,31.65,13.07,3.17,0.0
20201010:1110,441.01,122.0,0.0,34.5,13.81,3.38,0.0
20201010:1210,323.01,189.0,0.0,34.32,14.32,3.86,0.0
20201010:1310,192.0,221.0,0.0,31.12,14.62,4.48,0.0
20201010:1410,262.01,126.0,0.0,25.4,14.44,4.28,0.0
20201010:1510,2.0,102.0,0.0,17.81,14.11,4.0,0.0
20201010:1610,34.0,60.0,0.0,8.98,13.71,3.59,0.0
20201010:1710,0.0,0.0,0.0,0.0,12.79,3.1,0.0
20201010:1810,0.0,0.0,0.0,0.0,11.74,2.9,0.0
20201010:1910,0.0,0.0,0.0,0.0,10.73,2.62,0.0
20201010:2010,0.0,0.0,0.0,0.0,10.21,2.76,0.0
20201010:2110,0.0,0.0,0.0,0.0,9.85,2.9,0.0
20201010:2210,0.0,0.0,0.0,0.0,9.64,3.03,0.0
20201010:2310,0.0,0.0,0.0,0.0,9.23,3.03,0.0
20201011:0010,0.0,0.0,0.0,0.0,9.32,3.17,0.0
20201011:0110,0.0,0.0,0.0,0.0,9.29,3.03,0.0
20201011:0210,0.0,0.0,0.0,0.0,9.15,2.97,0.0
20201011:0310,0.0,0.0,0.0,0.0,9.06,2.97,0.0
20201011:0410,0.0,0.0,0.0,0.0,8.77,2.76,0.0
20201011:0510,0.0,0.0,0.0,0.0,8.42,2.62,0.0
20201011:0610,0.0,0.0,0.0,0.0,8.03,2.48,0.0
20201011:0710,47.0,64.0,0.0,9.81,8.36,2.41,0.0
20201011:0810,186.01,89.0,0.0,18.5,9.48,3.79,0.0
20201011:0910,289.01,115.0,0.0,25.87,10.72,3.45,0.0
20201011:1010,355.01,138.0,0.0,31.3,11.62,3.24,0.0
20201011:1110,276.01,212.0,0.0,34.13,12.56,3.31,0.0
20201011:1210,0.0,0.0,0.0,0.0,13.18,3.45,0.0
20201011:1310,18.0,224.0,0.0,30.74,13.48,3.45,0.0
20201011:1410,145.0,180.0,0.0,25.03,13.63,3.86,0.0
20201011:1510,72.0,130.0,0.0,17.46,13.31,4.0,0.0
20201011:1610,59.0,48.0,0.0,8.64,12.77,3.45,0.0
20201011:1710,0.0,0.0,0.0,0.0,11.84,3.31,0.0
20201011:1810,0.0,0.0,0.0,0.0,10.99,3.24,0.0
20201011:1910,0.0,0.0,0.0,0.0,10.17,2.97,0.0
20201011:2010,0.0,0.0,0.0,0.0,9.5,2.76,0.0
20201011:2110,0.0,0.0,0.0,0.0,8.93,2.55,0.0
20201011:2210,0.0,0.0,0.0,0.0,8.31,2.48,0.0
20201011:2310,0.0,0.0,0.0,0.0,7.93,2.34,0.0
20201012:0010,0.0,0.0,0.0,0.0,7.88,2.34,0.0
20201012:0110,0.0,0.0,0.0,0.0,7.43,2.48,0.0
20201012:0210,0.0,0.0,0.0,0.0,7.39,2.41,0.0
20201012:0310,0.0,0.0,0.0,0.0,7.21,2.41,0.0
20201012:0410,0.0,0.0,0.0,0.0,6.89,2.28,0.0
20201012:0510,0.0,0.0,0.0,0.0,6.62,2.14,0.0
20201012:0610,0.0,0.0,0.0,0.0,6.74,2.0,0.0
20201012:0710,30.0,65.0,0.0,9.55,6.31,1.45,0.0
20201012:0810,23.0,136.0,0.0,18.22,8.14,1.17,0.0
20201012:0910,211.01,154.0,0.0,25.56,9.9,1.45,0.0
20201012:1010,276.01,178.0,0.0,30.96,11.41,1.52,0.0
20201012:1110,396.01,140.0,0.0,33.76,12.68,1.86,0.0
20201012:1210,62.0,268.0,0.0,33.55,13.23,2.21,0.0
20201012:1310,115.0,239.0,0.0,30.36,13.62,2.34,0.0
20201012:1410,62.0,196.0,0.0,24.67,13.72,2.55,0.0
20201012:1510,9.0,117.0,0.0,17.11,13.66,2.69,0.0
20201012:1610,8.0,53.0,0.0,8.31,13.24,2.21,0.0
20201012:1710,0.0,0.0,0.0,0.0,12.53,2.21,0.0
20201012:1810,0.0,0.0,0.0,0.0,11.7,2.41,0.0
20201012:1910,0.0,0.0,0.0,0.0,11.04,2.48,0.0
20201012:2010,0.0,0.0,0.0,0.0,10.44,2.41,0.0
20201012:2110,0.0,0.0,0.0,0.0,9.95,2.48,0.0
20201012:2210,0.0,0.0,0.0,0.0,9.61,2.62,0.0
20201012:2310,0.0,0.0,0.0,0.0,9.34,2.69,0.0
20201013:0010,0.0,0.0,0.0,0.0,9.27,2.9,0.0
20201013:0110,0.0,0.0,0.0,0.0,8.89,3.03,0.0
20201013:0210,0.0,0.0,0.0,0.0,8.75,3.24,0.0
20201013:0310,0.0,0.0,0.0,0.0,8.72,3.66,0.0
20201013:0410,0.0,0.0,0.0,0.0,8.66,4.0,0.0
20201013:0510,0.0,0.0,0.0,0.0,8.58,4.34,0.0
20201013:0610,0.0,0.0,0.0,0.0,8.54,4.48,0.0
20201013:0710,0.0,34.0,0.0,9.29,9.28,4.14,0.0
20201013:0810,0.0,65.0,0.0,17.93,9.52,4.14,0.0
20201013:0910,0.0,96.0,0.0,25.25,9.76,3.17,0.0
20201013:1010,15.0,216.0,0.0,30.61,10.35,2.62,0.0
20201013:1110,110.0,265.0,0.0,33.39,10.49,2.0,0.0
20201013:1210,109.0,264.0,0.0,33.17,10.92,1.79,0.0
20201013:1310,21.0,220.0,0.0,29.99,11.21,1.79,0.0
20201013:1410,0.0,125.0,0.0,24.31,11.68,1.93,0.0
20201013:1510,81.0,120.0,0.0,16.77,11.87,1.31,0.0
20201013:1610,10.0,52.0,0.0,7.98,11.33,0.55,0.0
20201013:1710,0.0,0.0,0.0,0.0,10.51,0.62,0.0
20201013:1810,0.0,0.0,0.0,0.0,9.34,0.83,0.0
20201013:1910,0.0,0.0,0.0,0.0,8.84,1.1,0.0
20201013:2010,0.0,0.0,0.0,0.0,8.91,0.83,0.0
20201013:2110,0.0,0.0,0.0,0.0,9.0,0.55,0.0
20201013:2210,0.0,0.0,0.0,0.0,8.49,0.69,0.0
20201013:2310,0.0,0.0,0.0,0.0,7.08,0.97,0.0
20201014:0010,0.0,0.0,0.0,0.0,5.78,1.45,0.0
20201014:0110,0.0,0.0,0.0,0.0,5.88,1.79,0.0
20201014:0210,0.0,0.0,0.0,0.0,6.13,2.0,0.0
20201014:0310,0.0,0.0,0.0,0.0,6.45,2.21,0.0
20201014:0410,0.0,0.0,0.0,0.0,6.89,2.41,0.0
20201014:0510,0.0,0.0,0.0,0.0,7.33,2.55,0.0
20201014:0610,0.0,0.0,0.0,0.0,7.84,2.62,0.0
20201014:0710,9.0,59.0,0.0,9.03,7.67,3.17,0.0
20201014:0810,24.0,132.0,0.0,17.65,8.56,3.31,0.0
20201014:0910,49.0,198.0,0.0,24.93,9.75,4.34,0.0
20201014:1010,155.0,227.0,0.0,30.27,10.83,4.21,0.0
20201014:1110,307.01,184.0,0.0,33.03,12.01,4.41,0.0
20201014:1210,384.01,137.0,0.0,32.8,13.06,4.62,0.0
20201014:1310,296.01,154.0,0.0,29.62,13.53,4.97,0.0
20201014:1410,283.01,98.0,0.0,23.95,13.37,5.03,0.0
20201014:1510,12.0,115.0,0.0,16.42,13.18,5.1,0.0
20201014:1610,44.0,45.0,0.0,7.65,12.38,4.83,0.0
20201014:1710,0.0,0.0,0.0,0.0,11.28,4.76,0.0
20201014:1810,0.0,0.0,0.0,0.0,10.43,4.41,0.0
20201014:1910,0.0,0.0,0.0,0.0,9.9,4.34,0.0
20201014:2010,0.0,0.0,0.0,0.0,9.39,4.07,0.0
20201014:2110,0.0,0.0,0.0,0.0,8.89,3.86,0.0
20201014:2210,0.0,0.0,0.0,0.0,8.62,3.52,0.0
20201014:2310,0.0,0.0,0.0,0.0,8.32,3.31,0.0
20201015:0010,0.0,0.0,0.0,0.0,8.17,3.38,0.0
20201015:0110,0.0,0.0,0.0,0.0,8.07,3.45,0.0
20201015:0210,0.0,0.0,0.0,0.0,8.0,3.45,0.0
20201015:0310,0.0,0.0,0.0,0.0,7.93,3.38,0.0
20201015:0410,0.0,0.0,0.0,0.0,7.96,3.31,0.0
20201015:0510,0.0,0.0,0.0,0.0,7.88,3.24,0.0
20201015:0610,0.0,0.0,0.0,0.0,7.72,3.24,0.0
20201015:0710,26.0,59.0,0.0,8.77,7.91,3.52,0.0
20201015:0810,49.0,132.0,0.0,17.36,8.55,4.28,0.0
20201015:0910,32.0,190.0,0.0,24.62,9.64,5.1,0.0
20201015:1010,1.0,162.0,0.0,29.93,10.34,4.97,0.0
20201015:1110,15.0,231.0,0.0,32.66,10.62,5.03,0.0
20201015:1210,74.0,261.0,0.0,32.42,10.85,4.76,0.0
20201015:1310,17.0,211.0,0.0,29.25,10.82,4.97,0.0
20201015:1410,2.0,137.0,0.0,23.59,11.09,4.9,0.0
20201015:1510,40.0,122.0,0.0,16.09,10.99,4.07,0.0
20201015:1610,3.0,42.0,0.0,7.33,10.71,3.38,0.0
20201015:1710,0.0,0.0,0.0,0.0,10.32,3.1,0.0
20201015:1810,0.0,0.0,0.0,0.0,9.85,3.03,0.0
20201015:1910,0.0,0.0,0.0,0.0,10.02,3.52,0.0
20201015:2010,0.0,0.0,0.0,0.0,9.81,3.52,0.0
20201015:2110,0.0,0.0,0.0,0.0,9.64,3.52,0.0
20201015:2210,0.0,0.0,0.0,0.0,9.53,3.45,0.0
20201015:2310,0.0,0.0,0.0,0.0,9.41,3.17,0.0
20201016:0010,0.0,0.0,0.0,0.0,9.3,2.97,0.0
20201016:0110,0.0,0.0,0.0,0.0,9.06,2.83,0.0
20201016:0210,0.0,0.0,0.0,0.0,8.78,2.69,0.0
20201016:0310,0.0,0.0,0.0,0.0,8.19,2.55,0.0
20201016:0410,0.0,0.0,0.0,0.0,7.73,2.48,0.0
20201016:0510,0.0,0.0,0.0,0.0,7.75,2.62,0.0
20201016:0610,0.0,0.0,0.0,0.0,7.61,2.69,0.0
20201016:0710,0.0,24.0,0.0,8.51,8.0,2.76,0.0
20201016:0810,12.0,119.0,0.0,17.08,8.75,4.07,0.0
20201016:0910,3.0,146.0,0.0,24.31,9.43,3.86,0.0
20201016:1010,375.01,107.0,0.0,29.58,10.58,3.86,0.0
20201016:1110,71.0,259.0,0.0,32.3,11.47,3.59,0.0
20201016:1210,25.0,240.0,0.0,32.05,12.19,3.38,0.0
20201016:1310,37.0,224.0,0.0,28.88,12.38,2.83,0.0
20201016:1410,4.0,143.0,0.0,23.24,12.45,2.76,0.0
20201016:1510,30.0,118.0,0.0,15.75,12.37,2.48,0.0
20201016:1610,6.0,42.0,0.0,7.01,12.12,2.14,0.0
20201016:1710,0.0,0.0,0.0,0.0,11.5,2.07,0.0
20201016:1810,0.0,0.0,0.0,0.0,10.85,2.21,0.0
20201016:1910,0.0,0.0,0.0,0.0,10.39,2.62,0.0
20201016:2010,0.0,0.0,0.0,0.0,10.12,2.55,0.0
20201016:2110,0.0,0.0,0.0,0.0,9.83,2.41,0.0
20201016:2210,0.0,0.0,0.0,0.0,9.62,2.21,0.0
20201016:2310,0.0,0.0,0.0,0.0,9.44,2.0,0.0
20201017:0010,0.0,0.0,0.0,0.0,9.22,1.93,0.0
20201017:0110,0.0,0.0,0.0,0.0,8.99,1.93,0.0
20201017:0210,0.0,0.0,0.0,0.0,8.81,1.86,0.0
20201017:0310,0.0,0.0,0.0,0.0,8.7,1.79,0.0
20201017:0410,0.0,0.0,0.0,0.0,8.76,1.72,0.0
20201017:0510,0.0,0.0,0.0,0.0,8.75,1.66,0.0
20201017:0610,0.0,0.0,0.0,0.0,8.71,1.72,0.0
20201017:0710,2.0,44.0,0.0,8.24,8.87,1.66,0.0
20201017:0810,0.0,83.0,0.0,16.79,9.31,1.93,0.0
20201017:0910,0.0,65.0,0.0,24.0,9.88,2.83,0.0
20201017:1010,0.0,94.0,0.0,29.24,10.57,2.55,0.0
20201017:1110,0.0,165.0,0.0,31.93,11.13,2.48,0.0
20201017:1210,38.0,247.0,0.0,31.68,11.73,2.34,0.0
20201017:1310,40.0,224.0,0.0,28.52,12.0,2.41,0.0
20201017:1410,0.0,67.0,0.0,22.89,12.14,2.41,0.0
20201017:1510,30.0,117.0,0.0,15.42,12.01,2.28,0.0
20201017:1610,6.0,41.0,0.0,6.69,11.72,1.79,0.0
20201017:1710,0.0,0.0,0.0,0.0,11.15,1.59,0.0
20201017:1810,0.0,0.0,0.0,0.0,10.44,1.59,0.0
20201017:1910,0.0,0.0,0.0,0.0,10.14,1.52,0.0
20201017:2010,0.0,0.0,0.0,0.0,8.86,1.59,0.0
20201017:2110,0.0,0.0,0.0,0.0,7.89,1.59,0.0
20201017:2210,0.0,0.0,0.0,0.0,7.02,1.59,0.0
20201017:2310,0.0,0.0,0.0,0.0,7.18,1.17,0.0
20201018:0010,0.0,0.0,0.0,0.0,7.67,0.9,0.0
20201018:0110,0.0,0.0,0.0,0.0,6.2,1.31,0.0
20201018:0210,0.0,0.0,0.0,0.0,5.79,1.38,0.0
20201018:0310,0.0,0.0,0.0,0.0,5.75,1.38,0.0
20201018:0410,0.0,0.0,0.0,0.0,5.62,1.38,0.0
20201018:0510,0.0,0.0,0.0,0.0,5.39,1.45,0.0
20201018:0610,0.0,0.0,0.0,0.0,5.36,1.45,0.0
20201018:0710,34.0,51.0,0.0,7.98,4.45,1.45,0.0
20201018:0810,160.01,83.0,0.0,16.51,7.06,0.9,0.0
20201018:0910,291.01,93.0,0.0,23.68,9.47,1.1,0.0
20201018:1010,402.01,89.0,0.0,28.9,11.48,1.31,0.0
20201018:1110,449.01,92.0,0.0,31.57,12.65,1.38,0.0
20201018:1210,418.01,105.0,0.0,31.31,13.31,1.31,0.0
20201018:1310,201.01,190.0,0.0,28.15,13.58,1.17,0.0
20201018:1410,182.01,139.0,0.0,22.54,13.56,0.97,0.0
20201018:1510,124.0,86.0,0.0,15.09,13.52,0.9,0.0
20201018:1610,25.0,40.0,0.0,6.38,13.13,0.76,0.0
20201018:1710,0.0,0.0,0.0,0.0,12.18,0.69,0.0
20201018:1810,0.0,0.0,0.0,0.0,12.06,0.41,0.0
20201018:1910,0.0,0.0,0.0,0.0,10.56,0.69,0.0
20201018:2010,0.0,0.0,0.0,0.0,9.57,0.9,0.0
20201018:2110,0.0,0.0,0.0,0.0,8.03,1.17,0.0
20201018:2210,0.0,0.0,0.0,0.0,6.97,1.38,0.0
20201018:2310,0.0,0.0,0.0,0.0,6.37,1.52,0.0
20201019:0010,0.0,0.0,0.0,0.0,6.31,1.45,0.0
20201019:0110,0.0,0.0,0.0,0.0,6.23,1.45,0.0
20201019:0210,0.0,0.0,0.0,0.0,6.05,1.66,0.0
20201019:0310,0.0,0.0,0.0,0.0,5.94,1.86,0.0
20201019:0410,0.0,0.0,0.0,0.0,5.96,2.0,0.0
20201019:0510,0.0,0.0,0.0,0.0,6.0,2.14,0.0
20201019:0610,0.0,0.0,0.0,0.0,6.09,2.28,0.0
20201019:0710,20.0,52.0,0.0,7.72,5.98,2.28,0.0
20201019:0810,101.0,108.0,0.0,16.23,7.8,2.14,0.0
20201019:0910,231.01,121.0,0.0,23.37,10.12,2.83,0.0
20201019:1010,177.01,203.0,0.0,28.57,11.91,3.38,0.0
20201019:1110,113.0,249.0,0.0,31.21,13.43,3.93,0.0
20201019:1210,352.01,137.0,0.0,30.94,14.35,4.55,0.0
20201019:1310,291.01,138.0,0.0,27.79,14.86,4.83,0.0
20201019:1410,53.0,176.0,0.0,22.2,15.05,4.83,0.0
20201019:1510,39.0,112.0,0.0,14.76,14.84,4.34,0.0
20201019:1610,19.0,38.0,0.0,6.07,13.88,3.79,0.0
20201019:1710,0.0,0.0,0.0,0.0,12.38,3.93,0.0
20201019:1810,0.0,0.0,0.0,0.0,11.49,4.14,0.0
20201019:1910,0.0,0.0,0.0,0.0,10.9,4.14,0.0
20201019:2010,0.0,0.0,0.0,0.0,10.3,4.0,0.0
20201019:2110,0.0,0.0,0.0,0.0,10.04,3.86,0.0
20201019:2210,0.0,0.0,0.0,0.0,10.04,3.79,0.0
20201019:2310,0.0,0.0,0.0,0.0,10.34,3.86,0.0
20201020:0010,0.0,0.0,0.0,0.0,10.82,3.93,0.0
20201020:0110,0.0,0.0,0.0,0.0,10.72,4.07,0.0
20201020:0210,0.0,0.0,0.0,0.0,10.68,4.21,0.0
20201020:0310,0.0,0.0,0.0,0.0,10.86,4.34,0.0
20201020:0410,0.0,0.0,0.0,0.0,11.17,4.48,0.0
20201020:0510,0.0,0.0,0.0,0.0,11.54,4.62,0.0
20201020:0610,0.0,0.0,0.0,0.0,11.63,4.69,0.0
20201020:0710,1.0,36.0,0.0,7.45,13.38,4.76,0.0
20201020:0810,0.0,40.0,0.0,15.94,13.85,5.03,0.0
20201020:0910,0.0,81.0,0.0,23.06,13.74,5.17,0.0
20201020:1010,0.0,82.0,0.0,28.23,14.03,5.03,0.0
20201020:1110,0.0,95.0,0.0,30.86,14.13,4.97,0.0
20201020:1210,0.0,92.0,0.0,30.58,14.24,4.83,0.0
20201020:1310,0.0,79.0,0.0,27.44,14.48,4.69,0.0
20201020:1410,0.0,66.0,0.0,21.86,14.84,4.69,0.0
20201020:1510,0.0,31.0,0.0,14.44,14.77,4.21,0.0
20201020:1610,0.0,14.0,0.0,5.76,14.62,3.93,0.0
20201020:1710,0.0,0.0,0.0,0.0,14.35,3.93,0.0
20201020:1810,0.0,0.0,0.0,0.0,14.11,4.14,0.0
20201020:1910,0.0,0.0,0.0,0.0,14.06,4.41,0.0
20201020:2010,0.0,0.0,0.0,0.0,14.06,4.41,0.0
20201020:2110,0.0,0.0,0.0,0.0,13.91,4.14,0.0
20201020:2210,0.0,0.0,0.0,0.0,13.67,3.86,0.0
20201020:2310,0.0,0.0,0.0,0.0,13.27,4.14,0.0
20201021:0010,0.0,0.0,0.0,0.0,12.84,4.34,0.0
20201021:0110,0.0,0.0,0.0,0.0,12.65,4.62,0.0
20201021:0210,0.0,0.0,0.0,0.0,12.8,4.55,0.0
20201021:0310,0.0,0.0,0.0,0.0,13.24,4.55,0.0
20201021:0410,0.0,0.0,0.0,0.0,14.19,4.69,0.0
20201021:0510,0.0,0.0,0.0,0.0,15.59,5.45,0.0
20201021:0610,0.0,0.0,0.0,0.0,17.15,6.48,0.0
20201021:0710,37.0,42.0,0.0,7.19,17.65,8.28,0.0
20201021:0810,124.0,87.0,0.0,15.66,19.15,9.03,0.0
20201021:0910,0.0,31.0,0.0,22.75,18.33,8.9,0.0
20201021:1010,216.01,171.0,0.0,27.89,17.68,8.34,0.0
20201021:1110,321.01,141.0,0.0,30.5,17.83,8.07,0.0
20201021:1210,317.01,140.0,0.0,30.22,18.07,7.59,0.0
20201021:1310,286.01,124.0,0.0,27.09,18.27,6.9,0.0
20201021:1410,243.01,89.0,0.0,21.52,18.7,6.48,0.0
20201021:1510,134.01,67.0,0.0,14.12,18.31,6.07,0.0
20201021:1610,25.0,25.91,0.0,5.46,18.05,5.52,0.0
20201021:1710,0.0,0.0,0.0,0.0,17.49,5.31,0.0
20201021:1810,0.0,0.0,0.0,0.0,17.02,4.83,0.0
20201021:1910,0.0,0.0,0.0,0.0,16.71,4.28,0.0
20201021:2010,0.0,0.0,0.0,0.0,15.83,3.79,0.0
20201021:2110,0.0,0.0,0.0,0.0,15.06,3.45,0.0
20201021:2210,0.0,0.0,0.0,0.0,14.35,3.1,0.0
20201021:2310,0.0,0.0,0.0,0.0,13.86,2.97,0.0
20201022:0010,0.0,0.0,0.0,0.0,13.68,2.9,0.0
20201022:0110,0.0,0.0,0.0,0.0,13.96,2.83,0.0
20201022:0210,0.0,0.0,0.0,0.0,13.67,2.55,0.0
20201022:0310,0.0,0.0,0.0,0.0,13.6,2.69,0.0
20201022:0410,0.0,0.0,0.0,0.0,13.71,2.83,0.0
20201022:0510,0.0,0.0,0.0,0.0,13.92,2.97,0.0
20201022:0610,0.0,0.0,0.0,0.0,13.88,2.9,0.0
20201022:0710,9.0,43.0,0.0,6.93,13.75,3.03,0.0
20201022:0810,74.0,107.0,0.0,15.37,14.58,3.03,0.0
20201022:0910,121.0,159.0,0.0,22.44,15.98,3.03,0.0
20201022:1010,161.0,194.0,0.0,27.56,17.25,3.66,0.0
20201022:1110,401.01,96.0,0.0,30.15,18.29,4.28,0.0
20201022:1210,0.0,99.0,0.0,29.86,18.49,3.79,0.0
20201022:1310,0.0,122.0,0.0,26.74,17.82,3.24,0.0
20201022:1410,14.0,149.0,0.0,21.19,17.52,2.21,0.0
20201022:1510,17.0,98.0,0.0,13.81,17.05,1.93,0.0
20201022:1610,1.0,24.8,0.0,5.16,16.65,2.21,0.0
20201022:1710,0.0,0.0,0.0,0.0,15.83,2.28,0.0
20201022:1810,0.0,0.0,0.0,0.0,15.13,2.21,0.0
20201022:1910,0.0,0.0,0.0,0.0,15.3,2.14,0.0
20201022:2010,0.0,0.0,0.0,0.0,14.8,2.21,0.0
20201022:2110,0.0,0.0,0.0,0.0,14.51,2.14,0.0
20201022:2210,0.0,0.0,0.0,0.0,14.09,2.21,0.0
20201022:2310,0.0,0.0,0.0,0.0,13.91,2.21,0.0
20201023:0010,0.0,0.0,0.0,0.0,13.95,2.21,0.0
20201023:0110,0.0,0.0,0.0,0.0,13.89,2.07,0.0
20201023:0210,0.0,0.0,0.0,0.0,13.83,2.21,0.0
20201023:0310,0.0,0.0,0.0,0.0,13.7,2.34,0.0
20201023:0410,0.0,0.0,0.0,0.0,13.88,2.28,0.0
20201023:0510,0.0,0.0,0.0,0.0,13.88,2.14,0.0
20201023:0610,0.0,0.0,0.0,0.0,13.85,2.28,0.0
20201023:0710,0.0,8.0,0.0,6.67,13.77,2.83,0.0
20201023:0810,0.0,42.0,0.0,15.09,13.97,2.97,0.0
20201023:0910,9.0,148.0,0.0,22.13,14.37,3.66,0.0
20201023:1010,8.0,180.0,0.0,27.23,15.05,3.17,0.0
20201023:1110,8.0,197.0,0.0,29.8,16.14,2.69,0.0
20201023:1210,338.01,123.0,0.0,29.51,17.05,2.14,0.0
20201023:1310,340.01,91.0,0.0,26.39,17.83,2.21,0.0
20201023:1410,84.0,157.0,0.0,20.86,18.26,2.97,0.0
20201023:1510,14.0,93.0,0.0,13.5,17.84,3.03,0.0
20201023:1610,18.0,23.7,0.0,4.86,16.88,2.83,0.0
20201023:1710,0.0,0.0,0.0,0.0,15.57,3.17,0.0
20201023:1810,0.0,0.0,0.0,0.0,14.66,3.66,0.0
20201023:1910,0.0,0.0,0.0,0.0,14.42,3.79,0.0
20201023:2010,0.0,0.0,0.0,0.0,13.68,3.79,0.0
20201023:2110,0.0,0.0,0.0,0.0,13.17,3.86,0.0
20201023:2210,0.0,0.0,0.0,0.0,12.81,4.0,0.0
20201023:2310,0.0,0.0,0.0,0.0,12.32,4.0,0.0
20201024:0010,0.0,0.0,0.0,0.0,11.69,3.79,0.0
20201024:0110,0.0,0.0,0.0,0.0,11.16,3.79,0.0
20201024:0210,0.0,0.0,0.0,0.0,10.98,3.86,0.0
20201024:0310,0.0,0.0,0.0,0.0,10.98,4.14,0.0
20201024:0410,0.0,0.0,0.0,0.0,11.1,4.41,0.0
20201024:0510,0.0,0.0,0.0,0.0,11.69,4.62,0.0
20201024:0610,0.0,0.0,0.0,0.0,12.27,4.97,0.0
20201024:0710,0.0,27.0,0.0,6.4,12.98,5.52,0.0
20201024:0810,3.0,86.0,0.0,14.81,13.47,5.79,0.0
20201024:0910,13.0,153.0,0.0,21.83,13.83,6.0,0.0
20201024:1010,39.0,208.0,0.0,26.89,14.37,7.31,0.0
20201024:1110,28.0,221.0,0.0,29.45,15.08,7.66,0.0
20201024:1210,26.0,218.0,0.0,29.16,15.71,7.66,0.0
20201024:1310,14.0,184.0,0.0,26.05,15.96,7.03,0.0
20201024:1410,24.0,154.0,0.0,20.54,15.94,7.66,0.0
20201024:1510,9.0,87.0,0.0,13.19,15.72,6.62,0.0
20201024:1610,1.0,21.8,0.0,4.57,15.62,6.9,0.0
20201024:1710,0.0,0.0,0.0,0.0,15.45,6.69,0.0
20201024:1810,0.0,0.0,0.0,0.0,15.53,6.83,0.0
20201024:1910,0.0,0.0,0.0,0.0,15.01,6.97,0.0
20201024:2010,0.0,0.0,0.0,0.0,15.16,7.1,0.0
20201024:2110,0.0,0.0,0.0,0.0,15.09,7.31,0.0
20201024:2210,0.0,0.0,0.0,0.0,14.71,7.31,0.0
20201024:2310,0.0,0.0,0.0,0.0,14.4,7.1,0.0
20201025:0010,0.0,0.0,0.0,0.0,14.47,7.17,0.0
20201025:0110,0.0,0.0,0.0,0.0,14.42,7.17,0.0
20201025:0210,0.0,0.0,0.0,0.0,14.32,7.17,0.0
20201025:0310,0.0,0.0,0.0,0.0,13.87,7.17,0.0
20201025:0410,0.0,0.0,0.0,0.0,12.89,6.9,0.0
20201025:0510,0.0,0.0,0.0,0.0,12.69,6.28,0.0
20201025:0610,0.0,0.0,0.0,0.0,12.53,5.93,0.0
20201025:0710,0.0,6.0,0.0,6.14,12.68,4.83,0.0
20201025:0810,0.0,19.0,0.0,14.52,12.65,4.62,0.0
20201025:0910,55.0,168.0,0.0,21.52,12.6,4.48,0.0
20201025:1010,0.0,41.0,0.0,26.57,12.68,4.55,0.0
20201025:1110,0.0,81.0,0.0,29.11,12.72,4.34,0.0
20201025:1210,0.0,53.0,0.0,28.81,13.03,4.69,0.0
20201025:1310,0.0,44.0,0.0,25.71,13.09,5.17,0.0
20201025:1410,0.0,34.0,0.0,20.22,12.36,5.59,0.0
20201025:1510,0.0,19.0,0.0,12.89,12.27,4.97,0.0
20201025:1610,0.0,4.0,0.0,4.28,12.23,4.69,0.0
20201025:1710,0.0,0.0,0.0,0.0,11.53,4.83,0.0
20201025:1810,0.0,0.0,0.0,0.0,11.05,5.17,0.0
20201025:1910,0.0,0.0,0.0,0.0,10.77,3.59,0.0
20201025:2010,0.0,0.0,0.0,0.0,10.33,3.72,0.0
20201025:2110,0.0,0.0,0.0,0.0,9.86,3.66,0.0
20201025:2210,0.0,0.0,0.0,0.0,9.67,3.93,0.0
20201025:2310,0.0,0.0,0.0,0.0,9.61,4.21,0.0
20201026:0010,0.0,0.0,0.0,0.0,9.33,4.55,0.0
20201026:0110,0.0,0.0,0.0,0.0,8.96,4.34,0.0
20201026:0210,0.0,0.0,0.0,0.0,8.48,4.07,0.0
20201026:0310,0.0,0.0,0.0,0.0,8.17,3.93,0.0
20201026:0410,0.0,0.0,0.0,0.0,7.8,3.93,0.0
20201026:0510,0.0,0.0,0.0,0.0,7.54,3.86,0.0
20201026:0610,0.0,0.0,0.0,0.0,7.24,3.72,0.0
20201026:0710,23.0,35.0,0.0,5.88,7.13,4.28,0.0
20201026:0810,134.01,71.0,0.0,14.24,8.07,4.34,0.0
20201026:0910,266.01,81.0,0.0,21.21,9.6,4.69,0.0
20201026:1010,316.01,107.0,0.0,26.24,11.16,5.66,0.0
20201026:1110,241.01,177.0,0.0,28.77,12.46,6.97,0.0
20201026:1210,19.0,211.0,0.0,28.47,13.1,6.9,0.0
20201026:1310,5.0,161.0,0.0,25.38,13.36,6.76,0.0
20201026:1410,141.01,131.0,0.0,19.9,13.35,6.48,0.0
20201026:1510,86.0,77.0,0.0,12.59,12.92,5.1,0.0
20201026:1610,0.0,23.0,0.0,4.0,12.16,4.21,0.0
20201026:1710,0.0,0.0,0.0,0.0,11.54,4.62,0.0
20201026:1810,0.0,0.0,0.0,0.0,10.81,4.55,0.0
20201026:1910,0.0,0.0,0.0,0.0,10.06,4.14,0.0
20201026:2010,0.0,0.0,0.0,0.0,9.94,4.21,0.0
20201026:2110,0.0,0.0,0.0,0.0,9.53,4.21,0.0
20201026:2210,0.0,0.0,0.0,0.0,9.26,4.21,0.0
20201026:2310,0.0,0.0,0.0,0.0,8.87,4.28,0.0
20201027:0010,0.0,0.0,0.0,0.0,8.83,4.41,0.0
20201027:0110,0.0,0.0,0.0,0.0,8.85,4.41,0.0
20201027:0210,0.0,0.0,0.0,0.0,8.77,4.41,0.0
20201027:0310,0.0,0.0,0.0,0.0,8.63,4.28,0.0
20201027:0410,0.0,0.0,0.0,0.0,8.44,4.07,0.0
20201027:0510,0.0,0.0,0.0,0.0,8.02,3.93,0.0
20201027:0610,0.0,0.0,0.0,0.0,7.67,3.79,0.0
20201027:0710,12.0,30.99,0.0,5.62,7.27,3.93,0.0
20201027:0810,3.0,81.0,0.0,13.96,8.09,4.21,0.0
20201027:0910,29.0,160.0,0.0,20.91,9.3,4.21,0.0
20201027:1010,11.0,180.0,0.0,25.91,10.38,5.72,0.0
20201027:1110,18.0,208.0,0.0,28.43,11.04,6.28,0.0
20201027:1210,3.0,166.0,0.0,28.13,10.86,5.66,0.0
20201027:1310,0.0,96.0,0.0,25.05,10.57,6.14,0.0
20201027:1410,0.0,96.0,0.0,19.59,10.66,6.62,0.0
20201027:1510,3.0,72.0,0.0,12.3,10.74,6.83,0.0
20201027:1610,0.0,17.0,0.0,3.72,10.96,6.83,0.0
20201027:1710,0.0,0.0,0.0,0.0,11.37,6.62,0.0
20201027:1810,0.0,0.0,0.0,0.0,12.01,6.41,0.0
20201027:1910,0.0,0.0,0.0,0.0,12.96,6.9,0.0
20201027:2010,0.0,0.0,0.0,0.0,13.1,6.07,0.0
20201027:2110,0.0,0.0,0.0,0.0,12.88,5.24,0.0
20201027:2210,0.0,0.0,0.0,0.0,12.6,4.62,0.0
20201027:2310,0.0,0.0,0.0,0.0,12.33,4.41,0.0
20201028:0010,0.0,0.0,0.0,0.0,12.23,4.69,0.0
20201028:0110,0.0,0.0,0.0,0.0,12.21,4.69,0.0
20201028:0210,0.0,0.0,0.0,0.0,11.72,4.97,0.0
20201028:0310,0.0,0.0,0.0,0.0,11.14,4.9,0.0
20201028:0410,0.0,0.0,0.0,0.0,10.66,4.62,0.0
20201028:0510,0.0,0.0,0.0,0.0,10.06,4.41,0.0
20201028:0610,0.0,0.0,0.0,0.0,9.36,4.48,0.0
20201028:0710,18.0,27.55,0.0,5.36,9.5,4.62,0.0
20201028:0810,77.0,91.0,0.0,13.68,10.22,4.97,0.0
20201028:0910,202.01,105.0,0.0,20.61,11.51,4.9,0.0
20201028:1010,4.0,157.0,0.0,25.59,12.68,6.07,0.0
20201028:1110,6.0,182.0,0.0,28.09,13.67,8.07,0.0
20201028:1210,1.0,146.0,0.0,27.79,14.28,7.31,0.0
20201028:1310,0.0,114.0,0.0,24.72,14.75,7.17,0.0
20201028:1410,14.0,139.0,0.0,19.28,13.83,7.17,0.0
20201028:1510,0.0,48.0,0.0,12.01,12.79,6.9,0.0
20201028:1610,0.0,18.0,0.0,3.45,12.6,6.69,0.0
20201028:1710,0.0,0.0,0.0,0.0,12.47,6.83,0.0
20201028:1810,0.0,0.0,0.0,0.0,12.09,6.69,0.0
20201028:1910,0.0,0.0,0.0,0.0,12.46,7.03,0.0
20201028:2010,0.0,0.0,0.0,0.0,12.01,6.83,0.0
20201028:2110,0.0,0.0,0.0,0.0,11.71,6.21,0.0
20201028:2210,0.0,0.0,0.0,0.0,11.89,6.21,0.0
20201028:2310,0.0,0.0,0.0,0.0,11.57,5.72,0.0
20201029:0010,0.0,0.0,0.0,0.0,11.2,5.59,0.0
20201029:0110,0.0,0.0,0.0,0.0,10.88,5.17,0.0
20201029:0210,0.0,0.0,0.0,0.0,10.9,4.9,0.0
20201029:0310,0.0,0.0,0.0,0.0,10.72,4.76,0.0
20201029:0410,0.0,0.0,0.0,0.0,10.5,4.48,0.0
20201029:0510,0.0,0.0,0.0,0.0,10.33,4.34,0.0
20201029:0610,0.0,0.0,0.0,0.0,10.24,4.41,0.0
20201029:0710,0.0,19.0,0.0,5.1,10.66,4.0,0.0
20201029:0810,1.0,69.0,0.0,13.4,11.16,4.0,0.0
20201029:0910,0.0,60.0,0.0,20.31,12.07,4.55,0.0
20201029:1010,110.0,192.0,0.0,25.27,12.86,5.59,0.0
20201029:1110,0.0,109.0,0.0,27.76,13.26,4.55,0.0
20201029:1210,0.0,60.0,0.0,27.46,13.7,4.69,0.0
20201029:1310,0.0,65.0,0.0,24.4,13.98,4.28,0.0
20201029:1410,0.0,67.0,0.0,18.97,14.74,4.9,0.0
20201029:1510,5.0,72.0,0.0,11.72,14.95,4.62,0.0
20201029:1610,0.0,8.0,0.0,3.18,14.81,4.69,0.0
20201029:1710,0.0,0.0,0.0,0.0,14.43,4.69,0.0
20201029:1810,0.0,0.0,0.0,0.0,14.13,4.55,0.0
20201029:1910,0.0,0.0,0.0,0.0,13.87,4.69,0.0
20201029:2010,0.0,0.0,0.0,0.0,13.68,4.76,0.0
20201029:2110,0.0,0.0,0.0,0.0,13.58,4.83,0.0
20201029:2210,0.0,0.0,0.0,0.0,13.3,4.83,0.0
20201029:2310,0.0,0.0,0.0,0.0,13.33,4.76,0.0
20201030:0010,0.0,0.0,0.0,0.0,13.24,4.83,0.0
20201030:0110,0.0,0.0,0.0,0.0,13.21,4.97,0.0
20201030:0210,0.0,0.0,0.0,0.0,13.14,5.03,0.0
20201030:0310,0.0,0.0,0.0,0.0,13.07,4.9,0.0
20201030:0410,0.0,0.0,0.0,0.0,13.07,4.69,0.0
20201030:0510,0.0,0.0,0.0,0.0,13.05,4.48,0.0
20201030:0610,0.0,0.0,0.0,0.0,12.98,4.34,0.0
20201030:0710,3.0,25.33,0.0,4.84,13.2,4.48,0.0
20201030:0810,2.0,75.0,0.0,13.12,13.4,4.34,0.0
20201030:0910,0.0,62.0,0.0,20.01,13.71,4.69,0.0
20201030:1010,0.0,91.0,0.0,24.95,14.24,5.31,0.0
20201030:1110,0.0,75.0,0.0,27.43,14.58,4.9,0.0
20201030:1210,0.0,119.0,0.0,27.13,15.08,4.76,0.0
20201030:1310,0.0,96.0,0.0,24.08,15.47,4.48,0.0
20201030:1410,0.0,82.0,0.0,18.67,15.61,3.79,0.0
20201030:1510,2.0,65.0,0.0,11.44,15.46,3.03,0.0
20201030:1610,0.0,6.0,0.0,2.92,15.15,2.41,0.0
20201030:1710,0.0,0.0,0.0,0.0,14.55,2.21,0.0
20201030:1810,0.0,0.0,0.0,0.0,13.97,2.14,0.0
20201030:1910,0.0,0.0,0.0,0.0,13.58,2.69,0.0
20201030:2010,0.0,0.0,0.0,0.0,13.27,2.48,0.0
20201030:2110,0.0,0.0,0.0,0.0,12.51,2.28,0.0
20201030:2210,0.0,0.0,0.0,0.0,11.57,2.14,0.0
20201030:2310,0.0,0.0,0.0,0.0,10.73,2.0,0.0
20201031:0010,0.0,0.0,0.0,0.0,10.09,1.93,0.0
20201031:0110,0.0,0.0,0.0,0.0,9.3,2.0,0.0
20201031:0210,0.0,0.0,0.0,0.0,8.66,2.0,0.0
20201031:0310,0.0,0.0,0.0,0.0,8.22,2.07,0.0
20201031:0410,0.0,0.0,0.0,0.0,7.94,2.21,0.0
20201031:0510,0.0,0.0,0.0,0.0,7.79,2.34,0.0
20201031:0610,0.0,0.0,0.0,0.0,7.7,2.62,0.0
20201031:0710,9.0,24.81,0.0,4.58,8.11,2.83,0.0
20201031:0810,101.0,72.0,0.0,12.85,9.27,2.9,0.0
20201031:0910,171.01,112.0,0.0,19.71,11.18,3.66,0.0
20201031:1010,242.01,129.0,0.0,24.64,13.12,4.21,0.0
20201031:1110,280.01,136.0,0.0,27.11,15.1,4.62,0.0
20201031:1210,359.01,90.0,0.0,26.8,16.68,5.03,0.0
20201031:1310,258.01,110.0,0.0,23.77,17.65,5.31,0.0
20201031:1410,0.0,75.0,0.0,18.38,18.01,5.24,0.0
20201031:1510,7.0,73.0,0.0,11.17,17.8,5.31,0.0
20201031:1610,0.0,2.0,0.0,2.66,16.76,5.38,0.0
20201031:1710,0.0,0.0,0.0,0.0,16.09,5.52,0.0
20201031:1810,0.0,0.0,0.0,0.0,15.97,5.52,0.0
20201031:1910,0.0,0.0,0.0,0.0,16.31,5.45,0.0
20201031:2010,0.0,0.0,0.0,0.0,16.35,5.1,0.0
20201031:2110,0.0,0.0,0.0,0.0,16.27,4.69,0.0
20201031:2210,0.0,0.0,0.0,0.0,16.09,4.55,0.0
20201031:2310,0.0,0.0,0.0,0.0,15.79,4.28,0.0
20201101:0010,0.0,0.0,0.0,0.0,15.29,3.93,0.0
20201101:0110,0.0,0.0,0.0,0.0,14.77,3.86,0.0
20201101:0210,0.0,0.0,0.0,0.0,14.14,3.66,0.0
20201101:0310,0.0,0.0,0.0,0.0,13.82,3.38,0.0
20201101:0410,0.0,0.0,0.0,0.0,13.98,3.52,0.0
20201101:0510,0.0,0.0,0.0,0.0,14.34,3.93,0.0
20201101:0610,0.0,0.0,0.0,0.0,14.8,4.48,0.0
20201101:0710,0.0,7.0,0.0,4.32,15.82,6.62,0.0
20201101:0810,0.0,17.0,0.0,12.57,16.28,7.45,0.0
20201101:0910,0.0,63.0,0.0,19.42,16.57,7.59,0.0
20201101:1010,0.0,100.0,0.0,24.33,16.63,7.79,0.0
20201101:1110,0.0,59.0,0.0,26.78,16.79,7.79,0.0
20201101:1210,0.0,57.0,0.0,26.48,17.06,7.59,0.0
20201101:1310,0.0,63.0,0.0,23.46,17.23,7.17,0.0
20201101:1410,0.0,24.0,0.0,18.09,17.45,6.76,0.0
20201101:1510,2.0,61.0,0.0,10.9,17.5,6.14,0.0
20201101:1610,0.0,3.0,0.0,2.41,17.42,5.79,0.0
20201101:1710,0.0,0.0,0.0,0.0,17.36,5.93,0.0
20201101:1810,0.0,0.0,0.0,0.0,17.23,6.14,0.0
20201101:1910,0.0,0.0,0.0,0.0,17.25,6.62,0.0
20201101:2010,0.0,0.0,0.0,0.0,17.34,6.76,0.0
20201101:2110,0.0,0.0,0.0,0.0,17.45,7.03,0.0
20201101:2210,0.0,0.0,0.0,0.0,17.5,7.1,0.0
20201101:2310,0.0,0.0,0.0,0.0,17.49,7.17,0.0
20201102:0010,0.0,0.0,0.0,0.0,17.5,7.31,0.0
20201102:0110,0.0,0.0,0.0,0.0,17.42,7.52,0.0
20201102:0210,0.0,0.0,0.0,0.0,17.26,7.66,0.0
20201102:0310,0.0,0.0,0.0,0.0,17.22,7.45,0.0
20201102:0410,0.0,0.0,0.0,0.0,17.18,7.17,0.0
20201102:0510,0.0,0.0,0.0,0.0,17.12,7.1,0.0
20201102:0610,0.0,0.0,0.0,0.0,16.91,7.03,0.0
20201102:0710,12.0,19.32,0.0,4.06,16.82,7.03,0.0
20201102:0810,115.01,56.0,0.0,12.3,17.26,7.38,0.0
20201102:0910,6.0,124.0,0.0,19.13,17.8,6.97,0.0
20201102:1010,31.0,184.0,0.0,24.02,18.22,8.14,0.0
20201102:1110,83.0,208.0,0.0,26.46,18.84,8.97,0.0
20201102:1210,0.0,83.0,0.0,26.16,19.17,7.79,0.0
20201102:1310,8.0,153.0,0.0,23.16,18.92,7.59,0.0
20201102:1410,0.0,60.0,0.0,17.8,18.11,7.72,0.0
20201102:1510,23.0,75.0,0.0,10.63,17.18,6.28,0.0
20201102:1610,0.0,2.0,0.0,2.16,15.94,4.97,0.0
20201102:1710,0.0,0.0,0.0,0.0,14.77,3.93,0.0
20201102:1810,0.0,0.0,0.0,0.0,13.6,3.93,0.0
20201102:1910,0.0,0.0,0.0,0.0,13.22,3.93,0.0
20201102:2010,0.0,0.0,0.0,0.0,12.75,3.66,0.0
20201102:2110,0.0,0.0,0.0,0.0,12.13,3.17,0.0
20201102:2210,0.0,0.0,0.0,0.0,11.31,2.69,0.0
20201102:2310,0.0,0.0,0.0,0.0,10.44,2.41,0.0
20201103:0010,0.0,0.0,0.0,0.0,9.82,2.34,0.0
20201103:0110,0.0,0.0,0.0,0.0,9.41,2.34,0.0
20201103:0210,0.0,0.0,0.0,0.0,8.92,2.28,0.0
20201103:0310,0.0,0.0,0.0,0.0,8.19,2.28,0.0
20201103:0410,0.0,0.0,0.0,0.0,7.56,2.34,0.0
20201103:0510,0.0,0.0,0.0,0.0,7.29,2.48,0.0
20201103:0610,0.0,0.0,0.0,0.0,7.01,2.9,0.0
20201103:0710,20.0,14.88,0.0,3.81,7.0,3.1,0.0
20201103:0810,25.0,90.0,0.0,12.03,8.27,3.31,0.0
20201103:0910,0.0,84.0,0.0,18.83,10.11,3.79,0.0
20201103:1010,73.0,193.0,0.0,23.71,11.15,4.69,0.0
20201103:1110,0.0,141.0,0.0,26.15,11.24,5.38,0.0
20201103:1210,267.01,135.0,0.0,25.85,11.51,5.1,0.0
20201103:1310,173.01,151.0,0.0,22.86,11.61,4.83,0.0
20201103:1410,104.0,124.0,0.0,17.52,11.67,4.83,0.0
20201103:1510,65.0,65.0,0.0,10.37,11.29,4.55,0.0
20201103:1610,0.0,1.0,0.0,1.91,10.44,3.66,0.0
20201103:1710,0.0,0.0,0.0,0.0,9.31,3.38,0.0
20201103:1810,0.0,0.0,0.0,0.0,8.36,3.03,0.0
20201103:1910,0.0,0.0,0.0,0.0,7.53,2.62,0.0
20201103:2010,0.0,0.0,0.0,0.0,6.89,2.55,0.0
20201103:2110,0.0,0.0,0.0,0.0,6.49,2.48,0.0
20201103:2210,0.0,0.0,0.0,0.0,6.05,2.34,0.0
20201103:2310,0.0,0.0,0.0,0.0,5.47,2.21,0.0
20201104:0010,0.0,0.0,0.0,0.0,4.86,2.0,0.0
20201104:0110,0.0,0.0,0.0,0.0,4.2,1.93,0.0
20201104:0210,0.0,0.0,0.0,0.0,3.61,1.86,0.0
20201104:0310,0.0,0.0,0.0,0.0,2.97,1.72,0.0
20201104:0410,0.0,0.0,0.0,0.0,2.66,1.38,0.0
20201104:0510,0.0,0.0,0.0,0.0,3.29,0.97,0.0
20201104:0610,0.0,0.0,0.0,0.0,3.77,0.62,0.0
20201104:0710,6.0,18.61,0.0,3.55,1.46,1.38,0.0
20201104:0810,115.01,54.0,0.0,11.75,3.06,0.9,0.0
20201104:0910,234.01,67.0,0.0,18.55,6.37,1.1,0.0
20201104:1010,314.01,78.0,0.0,23.41,8.33,1.59,0.0
20201104:1110,348.01,85.0,0.0,25.84,9.68,2.21,0.0
20201104:1210,338.01,88.0,0.0,25.54,10.55,2.9,0.0
20201104:1310,259.01,99.0,0.0,22.56,10.94,3.38,0.0
20201104:1410,218.01,62.0,0.0,17.25,10.88,3.45,0.0
20201104:1510,103.01,44.0,0.0,10.11,10.56,3.1,0.0
20201104:1610,0.0,3.0,0.0,1.67,9.57,2.55,0.0
20201104:1710,0.0,0.0,0.0,0.0,8.03,2.62,0.0
20201104:1810,0.0,0.0,0.0,0.0,7.12,2.76,0.0
20201104:1910,0.0,0.0,0.0,0.0,6.71,2.62,0.0
20201104:2010,0.0,0.0,0.0,0.0,6.2,2.76,0.0
20201104:2110,0.0,0.0,0.0,0.0,5.78,2.97,0.0
20201104:2210,0.0,0.0,0.0,0.0,6.01,2.9,0.0
20201104:2310,0.0,0.0,0.0,0.0,6.02,2.97,0.0
20201105:0010,0.0,0.0,0.0,0.0,5.84,2.97,0.0
20201105:0110,0.0,0.0,0.0,0.0,5.85,2.9,0.0
20201105:0210,0.0,0.0,0.0,0.0,5.31,2.97,0.0
20201105:0310,0.0,0.0,0.0,0.0,4.95,3.03,0.0
20201105:0410,0.0,0.0,0.0,0.0,4.51,3.03,0.0
20201105:0510,0.0,0.0,0.0,0.0,4.15,3.03,0.0
20201105:0610,0.0,0.0,0.0,0.0,3.86,3.03,0.0
20201105:0710,4.0,17.1,0.0,3.3,3.66,3.31,0.0
20201105:0810,102.01,59.0,0.0,11.49,4.46,2.97,0.0
20201105:0910,231.01,67.0,0.0,18.26,6.3,3.45,0.0
20201105:1010,303.01,82.0,0.0,23.1,8.08,3.79,0.0
20201105:1110,344.01,87.0,0.0,25.53,9.51,4.07,0.0
20201105:1210,344.01,84.0,0.0,25.24,10.48,4.34,0.0
20201105:1310,301.01,75.0,0.0,22.27,11.05,4.55,0.0
20201105:1410,212.01,64.0,0.0,16.98,11.18,4.62,0.0
20201105:1510,100.01,43.0,0.0,9.86,10.74,4.14,0.0
20201105:1610,0.0,0.0,0.0,0.0,9.56,4.0,0.0
20201105:1710,0.0,0.0,0.0,0.0,8.25,4.0,0.0
20201105:1810,0.0,0.0,0.0,0.0,7.39,3.93,0.0
20201105:1910,0.0,0.0,0.0,0.0,7.31,3.86,0.0
20201105:2010,0.0,0.0,0.0,0.0,6.83,3.72,0.0
20201105:2110,0.0,0.0,0.0,0.0,6.32,3.59,0.0
20201105:2210,0.0,0.0,0.0,0.0,5.85,3.59,0.0
20201105:2310,0.0,0.0,0.0,0.0,5.43,3.59,0.0
20201106:0010,0.0,0.0,0.0,0.0,5.1,3.66,0.0
20201106:0110,0.0,0.0,0.0,0.0,4.84,3.66,0.0
20201106:0210,0.0,0.0,0.0,0.0,4.62,3.59,0.0
20201106:0310,0.0,0.0,0.0,0.0,4.39,3.38,0.0
20201106:0410,0.0,0.0,0.0,0.0,4.15,3.17,0.0
20201106:0510,0.0,0.0,0.0,0.0,3.94,3.1,0.0
20201106:0610,0.0,0.0,0.0,0.0,3.75,3.1,0.0
20201106:0710,4.0,14.19,0.0,3.05,4.43,3.24,0.0
20201106:0810,98.01,57.0,0.0,11.22,5.25,3.38,0.0
20201106:0910,216.01,70.0,0.0,17.98,6.95,3.59,0.0
20201106:1010,285.01,85.0,0.0,22.81,8.82,3.93,0.0
20201106:1110,320.01,93.0,0.0,25.23,10.39,3.93,0.0
20201106:1210,325.01,87.0,0.0,24.94,11.63,3.93,0.0
20201106:1310,248.01,98.0,0.0,21.99,12.4,3.79,0.0
20201106:1410,196.01,66.0,0.0,16.71,12.73,3.72,0.0
20201106:1510,89.01,45.0,0.0,9.62,12.43,3.24,0.0
20201106:1610,0.0,0.0,0.0,0.0,11.25,2.9,0.0
20201106:1710,0.0,0.0,0.0,0.0,9.91,2.9,0.0
20201106:1810,0.0,0.0,0.0,0.0,9.29,2.9,0.0
20201106:1910,0.0,0.0,0.0,0.0,9.04,2.69,0.0
20201106:2010,0.0,0.0,0.0,0.0,9.06,2.69,0.0
20201106:2110,0.0,0.0,0.0,0.0,9.09,2.76,0.0
20201106:2210,0.0,0.0,0.0,0.0,9.16,2.76,0.0
20201106:2310,0.0,0.0,0.0,0.0,9.26,2.69,0.0
20201107:0010,0.0,0.0,0.0,0.0,9.33,2.69,0.0
20201107:0110,0.0,0.0,0.0,0.0,9.35,2.69,0.0
20201107:0210,0.0,0.0,0.0,0.0,9.3,2.76,0.0
20201107:0310,0.0,0.0,0.0,0.0,9.21,2.76,0.0
20201107:0410,0.0,0.0,0.0,0.0,9.03,2.69,0.0
20201107:0510,0.0,0.0,0.0,0.0,8.82,2.62,0.0
20201107:0610,0.0,0.0,0.0,0.0,8.59,2.55,0.0
20201107:0710,1.0,10.84,0.0,2.8,8.66,2.69,0.0
20201107:0810,105.01,49.0,0.0,10.95,9.58,2.48,0.0
20201107:0910,179.01,82.0,0.0,17.7,11.76,2.28,0.0
20201107:1010,214.01,118.0,0.0,22.51,13.89,2.41,0.0
20201107:1110,45.0,197.0,0.0,24.93,15.45,2.55,0.0
20201107:1210,30.0,191.0,0.0,24.65,16.65,2.69,0.0
20201107:1310,273.01,76.0,0.0,21.71,17.54,2.76,0.0
20201107:1410,42.0,125.0,0.0,16.45,18.01,2.41,0.0
20201107:1510,5.0,58.0,0.0,9.38,17.71,1.93,0.0
20201107:1610,0.0,0.0,0.0,0.0,16.35,2.41,0.0
20201107:1710,0.0,0.0,0.0,0.0,14.83,2.55,0.0
20201107:1810,0.0,0.0,0.0,0.0,14.08,2.62,0.0
20201107:1910,0.0,0.0,0.0,0.0,13.6,2.83,0.0
20201107:2010,0.0,0.0,0.0,0.0,13.89,3.1,0.0
20201107:2110,0.0,0.0,0.0,0.0,14.13,3.45,0.0
20201107:2210,0.0,0.0,0.0,0.0,14.61,3.24,0.0
20201107:2310,0.0,0.0,0.0,0.0,14.56,3.24,0.0
20201108:0010,0.0,0.0,0.0,0.0,14.13,3.66,0.0
20201108:0110,0.0,0.0,0.0,0.0,13.81,3.52,0.0
20201108:0210,0.0,0.0,0.0,0.0,13.29,3.45,0.0
20201108:0310,0.0,0.0,0.0,0.0,13.16,3.45,0.0
20201108:0410,0.0,0.0,0.0,0.0,12.82,3.31,0.0
20201108:0510,0.0,0.0,0.0,0.0,12.77,3.24,0.0
20201108:0610,0.0,0.0,0.0,0.0,13.14,3.17,0.0
20201108:0710,1.0,9.84,0.0,2.55,12.08,3.1,0.0
20201108:0810,1.0,57.0,0.0,10.69,12.87,3.03,0.0
20201108:0910,9.0,118.0,0.0,17.42,14.56,2.97,0.0
20201108:1010,35.0,172.0,0.0,22.22,15.81,4.0,0.0
20201108:1110,19.0,181.0,0.0,24.63,16.6,4.0,0.0
20201108:1210,5.0,154.0,0.0,24.36,17.06,3.52,0.0
20201108:1310,5.0,134.0,0.0,21.43,17.17,3.24,0.0
20201108:1410,0.0,24.0,0.0,16.19,17.07,2.76,0.0
20201108:1510,0.0,35.0,0.0,9.14,16.76,1.93,0.0
20201108:1610,0.0,0.0,0.0,0.0,16.07,1.72,0.0
20201108:1710,0.0,0.0,0.0,0.0,14.67,2.07,0.0
20201108:1810,0.0,0.0,0.0,0.0,13.57,2.0,0.0
20201108:1910,0.0,0.0,0.0,0.0,12.53,1.93,0.0
20201108:2010,0.0,0.0,0.0,0.0,12.03,1.72,0.0
20201108:2110,0.0,0.0,0.0,0.0,11.25,1.86,0.0
20201108:2210,0.0,0.0,0.0,0.0,10.73,1.93,0.0
20201108:2310,0.0,0.0,0.0,0.0,10.24,1.93,0.0
20201109:0010,0.0,0.0,0.0,0.0,9.92,1.93,0.0
20201109:0110,0.0,0.0,0.0,0.0,9.43,1.86,0.0
20201109:0210,0.0,0.0,0.0,0.0,9.13,1.79,0.0
20201109:0310,0.0,0.0,0.0,0.0,9.16,1.72,0.0
20201109:0410,0.0,0.0,0.0,0.0,9.47,1.66,0.0
20201109:0510,0.0,0.0,0.0,0.0,9.5,1.72,0.0
20201109:0610,0.0,0.0,0.0,0.0,9.4,1.86,0.0
20201109:0710,0.0,7.0,0.0,2.3,8.89,1.59,0.0
20201109:0810,83.01,53.0,0.0,10.43,9.54,1.93,0.0
20201109:0910,191.01,70.0,0.0,17.14,10.9,2.48,0.0
20201109:1010,259.01,85.0,0.0,21.94,12.44,2.28,0.0
20201109:1110,297.01,90.0,0.0,24.34,14.44,1.93,0.0
20201109:1210,309.01,82.0,0.0,24.07,16.08,1.93,0.0
20201109:1310,277.01,69.0,0.0,21.16,17.03,1.79,0.0
20201109:1410,76.0,114.0,0.0,15.95,17.25,1.45,0.0
20201109:1510,77.01,42.0,0.0,8.91,16.91,1.17,0.0
20201109:1610,0.0,0.0,0.0,0.0,15.99,1.93,0.0
20201109:1710,0.0,0.0,0.0,0.0,14.57,2.0,0.0
20201109:1810,0.0,0.0,0.0,0.0,13.89,1.93,0.0
20201109:1910,0.0,0.0,0.0,0.0,13.04,2.21,0.0
20201109:2010,0.0,0.0,0.0,0.0,12.53,2.21,0.0
20201109:2110,0.0,0.0,0.0,0.0,12.17,2.14,0.0
20201109:2210,0.0,0.0,0.0,0.0,11.82,2.14,0.0
20201109:2310,0.0,0.0,0.0,0.0,11.75,2.07,0.0
20201110:0010,0.0,0.0,0.0,0.0,11.48,2.07,0.0
20201110:0110,0.0,0.0,0.0,0.0,11.05,2.07,0.0
20201110:0210,0.0,0.0,0.0,0.0,10.73,2.0,0.0
20201110:0310,0.0,0.0,0.0,0.0,10.35,1.93,0.0
20201110:0410,0.0,0.0,0.0,0.0,9.97,1.86,0.0
20201110:0510,0.0,0.0,0.0,0.0,9.66,1.79,0.0
20201110:0610,0.0,0.0,0.0,0.0,9.32,1.79,0.0
20201110:0710,0.0,7.0,0.0,2.06,9.89,1.45,0.0
20201110:0810,36.0,70.0,0.0,10.17,10.62,1.31,0.0
20201110:0910,23.0,127.0,0.0,16.87,11.63,1.31,0.0
20201110:1010,16.0,158.0,0.0,21.65,12.44,1.45,0.0
20201110:1110,0.0,106.0,0.0,24.06,13.09,2.0,0.0
20201110:1210,4.0,149.0,0.0,23.79,13.87,2.14,0.0
20201110:1310,0.0,95.0,0.0,20.9,14.38,2.14,0.0
20201110:1410,11.0,109.0,0.0,15.7,14.62,1.93,0.0
20201110:1510,13.0,59.0,0.0,8.69,14.48,1.59,0.0
20201110:1610,0.0,0.0,0.0,0.0,13.89,1.31,0.0
20201110:1710,0.0,0.0,0.0,0.0,13.28,1.24,0.0
20201110:1810,0.0,0.0,0.0,0.0,12.53,1.38,0.0
20201110:1910,0.0,0.0,0.0,0.0,11.15,1.79,0.0
20201110:2010,0.0,0.0,0.0,0.0,10.64,1.79,0.0
20201110:2110,0.0,0.0,0.0,0.0,10.21,1.66,0.0
20201110:2210,0.0,0.0,0.0,0.0,9.78,1.45,0.0
20201110:2310,0.0,0.0,0.0,0.0,8.95,1.52,0.0
20201111:0010,0.0,0.0,0.0,0.0,8.53,1.24,0.0
20201111:0110,0.0,0.0,0.0,0.0,7.99,1.24,0.0
20201111:0210,0.0,0.0,0.0,0.0,8.12,0.97,0.0
20201111:0310,0.0,0.0,0.0,0.0,8.01,1.03,0.0
20201111:0410,0.0,0.0,0.0,0.0,8.2,1.17,0.0
20201111:0510,0.0,0.0,0.0,0.0,8.44,1.45,0.0
20201111:0610,0.0,0.0,0.0,0.0,8.76,1.59,0.0
20201111:0710,0.0,1.0,0.0,1.82,9.04,1.79,0.0
20201111:0810,18.0,70.0,0.0,9.92,9.47,2.14,0.0
20201111:0910,2.0,98.0,0.0,16.6,10.07,2.41,0.0
20201111:1010,0.0,112.0,0.0,21.38,11.09,2.83,0.0
20201111:1110,0.0,103.0,0.0,23.77,11.96,3.31,0.0
20201111:1210,0.0,66.0,0.0,23.52,12.56,3.72,0.0
20201111:1310,0.0,74.0,0.0,20.64,13.04,3.72,0.0
20201111:1410,10.0,109.0,0.0,15.46,13.26,3.31,0.0
20201111:1510,13.0,57.0,0.0,8.47,13.51,3.17,0.0
20201111:1610,0.0,0.0,0.0,0.0,13.45,2.9,0.0
20201111:1710,0.0,0.0,0.0,0.0,13.06,2.62,0.0
20201111:1810,0.0,0.0,0.0,0.0,12.74,2.76,0.0
20201111:1910,0.0,0.0,0.0,0.0,12.27,3.03,0.0
20201111:2010,0.0,0.0,0.0,0.0,11.83,3.52,0.0
20201111:2110,0.0,0.0,0.0,0.0,11.77,4.07,0.0
20201111:2210,0.0,0.0,0.0,0.0,11.82,4.41,0.0
20201111:2310,0.0,0.0,0.0,0.0,12.03,4.62,0.0
20201112:0010,0.0,0.0,0.0,0.0,12.35,4.83,0.0
20201112:0110,0.0,0.0,0.0,0.0,12.42,4.97,0.0
20201112:0210,0.0,0.0,0.0,0.0,12.55,5.03,0.0
20201112:0310,0.0,0.0,0.0,0.0,12.99,5.17,0.0
20201112:0410,0.0,0.0,0.0,0.0,13.17,5.03,0.0
20201112:0510,0.0,0.0,0.0,0.0,13.09,4.41,0.0
20201112:0610,0.0,0.0,0.0,0.0,12.36,3.72,0.0
20201112:0710,0.0,3.0,0.0,1.58,9.54,3.1,0.0
20201112:0810,83.01,47.0,0.0,9.66,9.05,2.9,0.0
20201112:0910,182.01,69.0,0.0,16.34,9.91,2.83,0.0
20201112:1010,259.01,80.0,0.0,21.1,11.2,3.1,0.0
20201112:1110,294.01,88.0,0.0,23.5,12.35,3.31,0.0
20201112:1210,275.01,96.0,0.0,23.25,13.09,3.38,0.0
20201112:1310,231.01,88.0,0.0,20.39,13.45,3.17,0.0
20201112:1410,157.01,70.0,0.0,15.23,13.54,2.83,0.0
20201112:1510,56.0,46.0,0.0,8.26,13.16,2.07,0.0
20201112:1610,0.0,0.0,0.0,0.0,12.14,1.79,0.0
20201112:1710,0.0,0.0,0.0,0.0,10.55,2.14,0.0
20201112:1810,0.0,0.0,0.0,0.0,9.53,2.28,0.0
20201112:1910,0.0,0.0,0.0,0.0,9.03,2.48,0.0
20201112:2010,0.0,0.0,0.0,0.0,8.91,2.41,0.0
20201112:2110,0.0,0.0,0.0,0.0,8.66,2.48,0.0
20201112:2210,0.0,0.0,0.0,0.0,8.42,2.41,0.0
20201112:2310,0.0,0.0,0.0,0.0,8.57,2.48,0.0
20201113:0010,0.0,0.0,0.0,0.0,9.07,2.62,0.0
20201113:0110,0.0,0.0,0.0,0.0,9.68,2.62,0.0
20201113:0210,0.0,0.0,0.0,0.0,10.08,2.69,0.0
20201113:0310,0.0,0.0,0.0,0.0,10.58,2.69,0.0
20201113:0410,0.0,0.0,0.0,0.0,10.74,2.83,0.0
20201113:0510,0.0,0.0,0.0,0.0,10.56,3.1,0.0
20201113:0610,0.0,0.0,0.0,0.0,10.53,3.38,0.0
20201113:0710,0.0,0.0,0.0,0.0,11.52,3.79,0.0
20201113:0810,1.0,47.0,0.0,9.41,11.86,4.0,0.0
20201113:0910,3.0,99.0,0.0,16.07,12.92,3.93,0.0
20201113:1010,20.0,156.0,0.0,20.83,14.02,4.14,0.0
20201113:1110,301.01,79.0,0.0,23.22,14.55,4.21,0.0
20201113:1210,0.0,115.0,0.0,22.98,15.16,4.62,0.0
20201113:1310,0.0,92.0,0.0,20.14,15.23,4.41,0.0
20201113:1410,6.0,99.0,0.0,15.0,14.81,4.83,0.0
20201113:1510,59.0,42.0,0.0,8.05,14.5,4.48,0.0
20201113:1610,0.0,0.0,0.0,0.0,13.69,3.86,0.0
20201113:1710,0.0,0.0,0.0,0.0,13.07,3.59,0.0
20201113:1810,0.0,0.0,0.0,0.0,12.65,3.59,0.0
20201113:1910,0.0,0.0,0.0,0.0,12.5,3.17,0.0
20201113:2010,0.0,0.0,0.0,0.0,12.06,3.03,0.0
20201113:2110,0.0,0.0,0.0,0.0,11.64,2.76,0.0
20201113:2210,0.0,0.0,0.0,0.0,11.31,2.69,0.0
20201113:2310,0.0,0.0,0.0,0.0,11.2,2.69,0.0
20201114:0010,0.0,0.0,0.0,0.0,11.28,2.83,0.0
20201114:0110,0.0,0.0,0.0,0.0,11.04,2.9,0.0
20201114:0210,0.0,0.0,0.0,0.0,10.94,3.1,0.0
20201114:0310,0.0,0.0,0.0,0.0,11.02,3.24,0.0
20201114:0410,0.0,0.0,0.0,0.0,10.9,3.38,0.0
20201114:0510,0.0,0.0,0.0,0.0,10.83,3.52,0.0
20201114:0610,0.0,0.0,0.0,0.0,10.51,3.59,0.0
20201114:0710,0.0,0.0,0.0,0.0,10.27,3.45,0.0
20201114:0810,43.0,59.0,0.0,9.17,10.49,3.45,0.0
20201114:0910,64.0,117.0,0.0,15.82,11.56,3.52,0.0
20201114:1010,233.01,86.0,0.0,20.56,12.83,4.28,0.0
20201114:1110,270.01,93.0,0.0,22.96,14.4,4.83,0.0
20201114:1210,283.01,84.0,0.0,22.73,15.39,4.83,0.0
20201114:1310,119.01,139.0,0.0,19.9,15.93,4.83,0.0
20201114:1410,66.0,107.0,0.0,14.78,15.98,4.62,0.0
20201114:1510,53.0,42.0,0.0,7.85,15.56,4.41,0.0
20201114:1610,0.0,0.0,0.0,0.0,14.77,4.55,0.0
20201114:1710,0.0,0.0,0.0,0.0,14.29,4.83,0.0
20201114:1810,0.0,0.0,0.0,0.0,14.18,5.1,0.0
20201114:1910,0.0,0.0,0.0,0.0,14.17,4.9,0.0
20201114:2010,0.0,0.0,0.0,0.0,14.22,5.17,0.0
20201114:2110,0.0,0.0,0.0,0.0,14.02,5.31,0.0
20201114:2210,0.0,0.0,0.0,0.0,14.07,5.38,0.0
20201114:2310,0.0,0.0,0.0,0.0,13.78,5.31,0.0
20201115:0010,0.0,0.0,0.0,0.0,13.57,5.31,0.0
20201115:0110,0.0,0.0,0.0,0.0,13.53,5.38,0.0
20201115:0210,0.0,0.0,0.0,0.0,13.3,5.38,0.0
20201115:0310,0.0,0.0,0.0,0.0,13.06,5.38,0.0
20201115:0410,0.0,0.0,0.0,0.0,12.98,5.59,0.0
20201115:0510,0.0,0.0,0.0,0.0,12.9,5.79,0.0
20201115:0610,0.0,0.0,0.0,0.0,12.92,6.0,0.0
20201115:0710,0.0,0.0,0.0,0.0,13.77,6.97,0.0
20201115:0810,2.0,50.0,0.0,8.92,14.18,7.24,0.0
20201115:0910,0.0,50.0,0.0,15.56,15.0,7.52,0.0
20201115:1010,0.0,61.0,0.0,20.3,15.37,7.66,0.0
20201115:1110,0.0,54.0,0.0,22.7,15.27,8.07,0.0
20201115:1210,0.0,90.0,0.0,22.47,14.88,8.55,0.0
20201115:1310,0.0,61.0,0.0,19.66,14.74,8.83,0.0
20201115:1410,12.0,103.0,0.0,14.57,14.32,9.03,0.0
20201115:1510,2.0,43.0,0.0,7.66,13.52,8.07,0.0
20201115:1610,0.0,0.0,0.0,0.0,12.52,7.24,0.0
20201115:1710,0.0,0.0,0.0,0.0,11.63,6.48,0.0
20201115:1810,0.0,0.0,0.0,0.0,10.96,6.34,0.0
20201115:1910,0.0,0.0,0.0,0.0,11.36,6.97,0.0
20201115:2010,0.0,0.0,0.0,0.0,11.07,6.9,0.0
20201115:2110,0.0,0.0,0.0,0.0,10.73,7.03,0.0
20201115:2210,0.0,0.0,0.0,0.0,10.51,7.03,0.0
20201115:2310,0.0,0.0,0.0,0.0,10.35,6.97,0.0
20201116:0010,0.0,0.0,0.0,0.0,10.68,7.03,0.0
20201116:0110,0.0,0.0,0.0,0.0,11.17,6.9,0.0
20201116:0210,0.0,0.0,0.0,0.0,11.17,6.48,0.0
20201116:0310,0.0,0.0,0.0,0.0,11.23,6.14,0.0
20201116:0410,0.0,0.0,0.0,0.0,11.32,5.93,0.0
20201116:0510,0.0,0.0,0.0,0.0,11.24,5.79,0.0
20201116:0610,0.0,0.0,0.0,0.0,11.14,5.38,0.0
20201116:0710,0.0,0.0,0.0,0.0,10.89,5.03,0.0
20201116:0810,15.0,59.0,0.0,8.68,10.6,4.9,0.0
20201116:0910,9.0,106.0,0.0,15.31,10.89,4.41,0.0
20201116:1010,0.0,104.0,0.0,20.04,11.37,5.59,0.0
20201116:1110,7.0,151.0,0.0,22.44,11.87,6.0,0.0
20201116:1210,34.0,175.0,0.0,22.23,12.03,5.17,0.0
20201116:1310,9.0,135.0,0.0,19.43,12.28,4.83,0.0
20201116:1410,0.0,42.0,0.0,14.36,12.35,4.14,0.0
20201116:1510,25.0,50.0,0.0,7.47,12.38,3.72,0.0
20201116:1610,0.0,0.0,0.0,0.0,11.91,3.17,0.0
20201116:1710,0.0,0.0,0.0,0.0,11.44,3.03,0.0
20201116:1810,0.0,0.0,0.0,0.0,10.83,2.9,0.0
20201116:1910,0.0,0.0,0.0,0.0,10.69,3.03,0.0
20201116:2010,0.0,0.0,0.0,0.0,10.23,2.83,0.0
20201116:2110,0.0,0.0,0.0,0.0,10.05,2.97,0.0
20201116:2210,0.0,0.0,0.0,0.0,9.86,3.03,0.0
20201116:2310,0.0,0.0,0.0,0.0,9.74,3.17,0.0
20201117:0010,0.0,0.0,0.0,0.0,9.47,3.17,0.0
20201117:0110,0.0,0.0,0.0,0.0,9.25,3.17,0.0
20201117:0210,0.0,0.0,0.0,0.0,9.13,3.17,0.0
20201117:0310,0.0,0.0,0.0,0.0,8.78,3.1,0.0
20201117:0410,0.0,0.0,0.0,0.0,8.63,3.03,0.0
20201117:0510,0.0,0.0,0.0,0.0,8.4,2.9,0.0
20201117:0610,0.0,0.0,0.0,0.0,8.27,2.9,0.0
20201117:0710,0.0,0.0,0.0,0.0,8.27,2.83,0.0
20201117:0810,3.0,49.0,0.0,8.44,8.42,2.83,0.0
20201117:0910,8.0,101.0,0.0,15.06,9.45,2.97,0.0
20201117:1010,0.0,41.0,0.0,19.79,10.83,3.38,0.0
20201117:1110,0.0,84.0,0.0,22.19,12.16,3.66,0.0
20201117:1210,0.0,112.0,0.0,21.99,13.13,4.21,0.0
20201117:1310,32.0,150.0,0.0,19.21,13.55,4.0,0.0
20201117:1410,2.0,83.0,0.0,14.16,13.69,3.59,0.0
20201117:1510,0.0,17.0,0.0,7.29,13.36,2.48,0.0
20201117:1610,0.0,0.0,0.0,0.0,12.54,2.07,0.0
20201117:1710,0.0,0.0,0.0,0.0,11.27,2.07,0.0
20201117:1810,0.0,0.0,0.0,0.0,10.75,2.0,0.0
20201117:1910,0.0,0.0,0.0,0.0,10.63,2.07,0.0
20201117:2010,0.0,0.0,0.0,0.0,9.94,2.14,0.0
20201117:2110,0.0,0.0,0.0,0.0,9.81,2.21,0.0
20201117:2210,0.0,0.0,0.0,0.0,9.26,2.34,0.0
20201117:2310,0.0,0.0,0.0,0.0,8.82,2.28,0.0
20201118:0010,0.0,0.0,0.0,0.0,7.91,2.21,0.0
20201118:0110,0.0,0.0,0.0,0.0,7.23,2.14,0.0
20201118:0210,0.0,0.0,0.0,0.0,6.88,2.21,0.0
20201118:0310,0.0,0.0,0.0,0.0,6.5,2.41,0.0
20201118:0410,0.0,0.0,0.0,0.0,6.31,2.62,0.0
20201118:0510,0.0,0.0,0.0,0.0,6.2,2.83,0.0
20201118:0610,0.0,0.0,0.0,0.0,6.1,2.9,0.0
20201118:0710,0.0,0.0,0.0,0.0,6.11,2.9,0.0
20201118:0810,51.0,47.0,0.0,8.21,6.52,2.83,0.0
20201118:0910,153.01,67.0,0.0,14.82,8.24,2.83,0.0
20201118:1010,226.01,80.0,0.0,19.54,10.47,3.24,0.0
20201118:1110,265.01,85.0,0.0,21.94,12.6,3.59,0.0
20201118:1210,262.01,84.0,0.0,21.75,14.31,4.0,0.0
20201118:1310,218.01,78.0,0.0,18.99,15.36,4.28,0.0
20201118:1410,139.01,64.0,0.0,13.96,15.58,4.21,0.0
20201118:1510,43.0,40.0,0.0,7.11,15.04,4.14,0.0
20201118:1610,0.0,0.0,0.0,0.0,13.83,3.93,0.0
20201118:1710,0.0,0.0,0.0,0.0,12.85,4.0,0.0
20201118:1810,0.0,0.0,0.0,0.0,12.79,4.0,0.0
20201118:1910,0.0,0.0,0.0,0.0,13.01,4.21,0.0
20201118:2010,0.0,0.0,0.0,0.0,13.29,4.28,0.0
20201118:2110,0.0,0.0,0.0,0.0,13.73,4.55,0.0
20201118:2210,0.0,0.0,0.0,0.0,14.13,4.83,0.0
20201118:2310,0.0,0.0,0.0,0.0,14.43,4.9,0.0
20201119:0010,0.0,0.0,0.0,0.0,14.37,4.28,0.0
20201119:0110,0.0,0.0,0.0,0.0,13.41,4.41,0.0
20201119:0210,0.0,0.0,0.0,0.0,11.55,4.69,0.0
20201119:0310,0.0,0.0,0.0,0.0,10.37,4.0,0.0
20201119:0410,0.0,0.0,0.0,0.0,9.84,4.28,0.0
20201119:0510,0.0,0.0,0.0,0.0,8.88,4.48,0.0
20201119:0610,0.0,0.0,0.0,0.0,7.99,4.34,0.0
20201119:0710,0.0,0.0,0.0,0.0,7.18,4.28,0.0
20201119:0810,45.0,48.0,0.0,7.97,7.28,4.41,0.0
20201119:0910,148.01,68.0,0.0,14.58,8.4,4.14,0.0
20201119:1010,211.01,87.0,0.0,19.3,9.66,4.83,0.0
20201119:1110,68.0,174.0,0.0,21.7,10.64,6.55,0.0
20201119:1210,45.0,173.0,0.0,21.52,11.06,6.83,0.0
20201119:1310,15.0,138.0,0.0,18.78,11.17,6.34,0.0
20201119:1410,102.01,84.0,0.0,13.77,11.04,6.14,0.0
20201119:1510,29.0,44.0,0.0,6.94,10.58,5.59,0.0
20201119:1610,0.0,0.0,0.0,0.0,9.89,5.17,0.0
20201119:1710,0.0,0.0,0.0,0.0,9.28,4.97,0.0
20201119:1810,0.0,0.0,0.0,0.0,8.65,4.21,0.0
20201119:1910,0.0,0.0,0.0,0.0,8.07,4.21,0.0
20201119:2010,0.0,0.0,0.0,0.0,7.82,3.66,0.0
20201119:2110,0.0,0.0,0.0,0.0,7.31,3.1,0.0
20201119:2210,0.0,0.0,0.0,0.0,6.8,2.9,0.0
20201119:2310,0.0,0.0,0.0,0.0,6.14,2.76,0.0
20201120:0010,0.0,0.0,0.0,0.0,5.75,2.76,0.0
20201120:0110,0.0,0.0,0.0,0.0,5.38,2.62,0.0
20201120:0210,0.0,0.0,0.0,0.0,4.86,2.21,0.0
20201120:0310,0.0,0.0,0.0,0.0,4.29,2.07,0.0
20201120:0410,0.0,0.0,0.0,0.0,3.82,1.86,0.0
20201120:0510,0.0,0.0,0.0,0.0,3.27,1.79,0.0
20201120:0610,0.0,0.0,0.0,0.0,2.54,1.59,0.0
20201120:0710,0.0,0.0,0.0,0.0,2.57,1.38,0.0
20201120:0810,15.0,53.0,0.0,7.75,3.42,0.9,0.0
20201120:0910,47.0,110.0,0.0,14.34,5.18,0.83,0.0
20201120:1010,227.01,77.0,0.0,19.06,6.65,0.55,0.0
20201120:1110,155.01,144.0,0.0,21.47,7.72,0.21,0.0
20201120:1210,231.01,102.0,0.0,21.3,8.35,0.62,0.0
20201120:1310,23.0,144.0,0.0,18.57,8.74,1.1,0.0
20201120:1410,4.0,86.0,0.0,13.58,8.73,1.03,0.0
20201120:1510,12.0,45.0,0.0,6.78,8.63,0.83,0.0
20201120:1610,0.0,0.0,0.0,0.0,8.36,0.14,0.0
20201120:1710,0.0,0.0,0.0,0.0,7.26,0.83,0.0
20201120:1810,0.0,0.0,0.0,0.0,5.99,1.59,0.0
20201120:1910,0.0,0.0,0.0,0.0,4.8,1.72,0.0
20201120:2010,0.0,0.0,0.0,0.0,4.68,1.93,0.0
20201120:2110,0.0,0.0,0.0,0.0,4.36,1.93,0.0
20201120:2210,0.0,0.0,0.0,0.0,4.53,1.93,0.0
20201120:2310,0.0,0.0,0.0,0.0,4.15,1.93,0.0
20201121:0010,0.0,0.0,0.0,0.0,3.7,2.0,0.0
20201121:0110,0.0,0.0,0.0,0.0,3.55,2.07,0.0
20201121:0210,0.0,0.0,0.0,0.0,3.96,2.14,0.0
20201121:0310,0.0,0.0,0.0,0.0,4.17,2.28,0.0
20201121:0410,0.0,0.0,0.0,0.0,4.16,2.34,0.0
20201121:0510,0.0,0.0,0.0,0.0,4.15,2.34,0.0
20201121:0610,0.0,0.0,0.0,0.0,3.76,2.34,0.0
20201121:0710,0.0,0.0,0.0,0.0,3.49,2.48,0.0
20201121:0810,39.0,46.0,0.0,7.52,3.44,2.41,0.0
20201121:0910,142.01,65.0,0.0,14.11,4.76,2.48,0.0
20201121:1010,213.01,79.0,0.0,18.83,6.27,2.76,0.0
20201121:1110,246.01,89.0,0.0,21.24,7.52,2.97,0.0
20201121:1210,253.01,83.0,0.0,21.08,8.51,2.9,0.0
20201121:1310,206.01,78.0,0.0,18.37,9.13,2.69,0.0
20201121:1410,129.01,65.0,0.0,13.41,9.39,2.41,0.0
20201121:1510,38.0,38.0,0.0,6.62,9.03,1.93,0.0
20201121:1610,0.0,0.0,0.0,0.0,8.03,2.14,0.0
20201121:1710,0.0,0.0,0.0,0.0,6.8,2.34,0.0
20201121:1810,0.0,0.0,0.0,0.0,6.38,2.28,0.0
20201121:1910,0.0,0.0,0.0,0.0,5.44,2.14,0.0
20201121:2010,0.0,0.0,0.0,0.0,5.09,2.07,0.0
20201121:2110,0.0,0.0,0.0,0.0,4.77,2.07,0.0
20201121:2210,0.0,0.0,0.0,0.0,4.58,2.14,0.0
20201121:2310,0.0,0.0,0.0,0.0,4.28,2.14,0.0
20201122:0010,0.0,0.0,0.0,0.0,4.15,2.07,0.0
20201122:0110,0.0,0.0,0.0,0.0,4.15,2.0,0.0
20201122:0210,0.0,0.0,0.0,0.0,4.1,1.93,0.0
20201122:0310,0.0,0.0,0.0,0.0,4.07,1.72,0.0
20201122:0410,0.0,0.0,0.0,0.0,3.88,1.66,0.0
20201122:0510,0.0,0.0,0.0,0.0,3.66,1.59,0.0
20201122:0610,0.0,0.0,0.0,0.0,3.41,1.59,0.0
20201122:0710,0.0,0.0,0.0,0.0,3.08,1.93,0.0
20201122:0810,2.0,40.0,0.0,7.3,3.37,1.72,0.0
20201122:0910,21.0,103.0,0.0,13.89,4.58,1.59,0.0
20201122:1010,8.0,126.0,0.0,18.6,6.22,1.59,0.0
20201122:1110,135.01,145.0,0.0,21.01,7.55,1.52,0.0
20201122:1210,114.01,151.0,0.0,20.87,8.71,1.38,0.0
20201122:1310,127.01,118.0,0.0,18.18,9.21,1.31,0.0
20201122:1410,32.0,100.0,0.0,13.24,9.33,1.1,0.0
20201122:1510,8.0,41.0,0.0,6.47,9.14,0.69,0.0
20201122:1610,0.0,0.0,0.0,0.0,8.32,0.83,0.0
20201122:1710,0.0,0.0,0.0,0.0,6.6,1.31,0.0
20201122:1810,0.0,0.0,0.0,0.0,5.78,1.66,0.0
20201122:1910,0.0,0.0,0.0,0.0,5.5,1.72,0.0
20201122:2010,0.0,0.0,0.0,0.0,4.88,1.72,0.0
20201122:2110,0.0,0.0,0.0,0.0,4.62,1.79,0.0
20201122:2210,0.0,0.0,0.0,0.0,5.03,1.72,0.0
20201122:2310,0.0,0.0,0.0,0.0,4.67,1.93,0.0
20201123:0010,0.0,0.0,0.0,0.0,4.68,1.86,0.0
20201123:0110,0.0,0.0,0.0,0.0,5.31,1.72,0.0
20201123:0210,0.0,0.0,0.0,0.0,5.77,1.66,0.0
20201123:0310,0.0,0.0,0.0,0.0,5.97,1.66,0.0
20201123:0410,0.0,0.0,0.0,0.0,6.07,1.66,0.0
20201123:0510,0.0,0.0,0.0,0.0,6.12,1.66,0.0
20201123:0610,0.0,0.0,0.0,0.0,6.2,1.59,0.0
20201123:0710,0.0,0.0,0.0,0.0,6.15,1.45,0.0
20201123:0810,8.0,46.0,0.0,7.09,6.6,1.31,0.0
20201123:0910,4.0,85.0,0.0,13.66,7.43,1.31,0.0
20201123:1010,13.0,134.0,0.0,18.38,8.55,1.31,0.0
20201123:1110,21.0,158.0,0.0,20.8,9.27,1.38,0.0
20201123:1210,137.01,141.0,0.0,20.66,10.17,1.45,0.0
20201123:1310,59.0,141.0,0.0,17.99,10.9,1.59,0.0
20201123:1410,60.0,93.0,0.0,13.07,11.19,1.66,0.0
20201123:1510,14.0,42.0,0.0,6.33,11.1,1.38,0.0
20201123:1610,0.0,0.0,0.0,0.0,10.44,1.59,0.0
20201123:1710,0.0,0.0,0.0,0.0,9.82,1.72,0.0
20201123:1810,0.0,0.0,0.0,0.0,9.52,1.79,0.0
20201123:1910,0.0,0.0,0.0,0.0,8.73,1.38,0.0
20201123:2010,0.0,0.0,0.0,0.0,8.39,1.38,0.0
20201123:2110,0.0,0.0,0.0,0.0,8.03,1.45,0.0
20201123:2210,0.0,0.0,0.0,0.0,7.97,1.45,0.0
20201123:2310,0.0,0.0,0.0,0.0,7.82,1.52,0.0
20201124:0010,0.0,0.0,0.0,0.0,7.79,1.52,0.0
20201124:0110,0.0,0.0,0.0,0.0,7.52,1.45,0.0
20201124:0210,0.0,0.0,0.0,0.0,7.43,1.38,0.0
20201124:0310,0.0,0.0,0.0,0.0,7.06,1.45,0.0
20201124:0410,0.0,0.0,0.0,0.0,6.58,1.59,0.0
20201124:0510,0.0,0.0,0.0,0.0,5.99,1.72,0.0
20201124:0610,0.0,0.0,0.0,0.0,5.52,1.79,0.0
20201124:0710,0.0,0.0,0.0,0.0,4.71,1.86,0.0
20201124:0810,20.0,46.0,0.0,6.87,4.34,1.93,0.0
20201124:0910,67.0,96.0,0.0,13.45,4.81,2.0,0.0
20201124:1010,147.01,111.0,0.0,18.16,5.97,2.21,0.0
20201124:1110,247.01,83.0,0.0,20.58,7.33,2.62,0.0
20201124:1210,245.01,83.0,0.0,20.47,8.58,2.83,0.0
20201124:1310,168.01,96.0,0.0,17.81,9.47,2.9,0.0
20201124:1410,97.01,77.0,0.0,12.91,9.78,2.83,0.0
20201124:1510,16.0,41.0,0.0,6.19,9.4,2.48,0.0
20201124:1610,0.0,0.0,0.0,0.0,8.33,2.83,0.0
20201124:1710,0.0,0.0,0.0,0.0,7.53,3.1,0.0
20201124:1810,0.0,0.0,0.0,0.0,7.1,3.1,0.0
20201124:1910,0.0,0.0,0.0,0.0,7.15,3.24,0.0
20201124:2010,0.0,0.0,0.0,0.0,7.1,3.24,0.0
20201124:2110,0.0,0.0,0.0,0.0,6.78,3.1,0.0
20201124:2210,0.0,0.0,0.0,0.0,6.49,2.97,0.0
20201124:2310,0.0,0.0,0.0,0.0,6.32,3.03,0.0
20201125:0010,0.0,0.0,0.0,0.0,6.22,3.17,0.0
20201125:0110,0.0,0.0,0.0,0.0,6.16,3.17,0.0
20201125:0210,0.0,0.0,0.0,0.0,6.12,3.17,0.0
20201125:0310,0.0,0.0,0.0,0.0,6.02,3.17,0.0
20201125:0410,0.0,0.0,0.0,0.0,5.98,3.24,0.0
20201125:0510,0.0,0.0,0.0,0.0,6.32,3.24,0.0
20201125:0610,0.0,0.0,0.0,0.0,6.74,3.24,0.0
20201125:0710,0.0,0.0,0.0,0.0,7.51,3.17,0.0
20201125:0810,27.0,42.0,0.0,6.66,7.59,3.03,0.0
20201125:0910,115.01,71.0,0.0,13.23,8.14,2.62,0.0
20201125:1010,14.0,131.0,0.0,17.95,9.28,2.97,0.0
20201125:1110,120.01,146.0,0.0,20.38,10.29,2.9,0.0
20201125:1210,131.01,141.0,0.0,20.27,11.05,2.76,0.0
20201125:1310,133.01,111.0,0.0,17.64,11.63,2.62,0.0
20201125:1410,93.01,77.0,0.0,12.76,11.78,2.48,0.0
20201125:1510,31.0,35.0,0.0,6.06,11.06,2.0,0.0
20201125:1610,0.0,0.0,0.0,0.0,9.72,2.28,0.0
20201125:1710,0.0,0.0,0.0,0.0,8.56,2.28,0.0
20201125:1810,0.0,0.0,0.0,0.0,7.8,2.28,0.0
20201125:1910,0.0,0.0,0.0,0.0,7.04,2.34,0.0
20201125:2010,0.0,0.0,0.0,0.0,6.58,2.28,0.0
20201125:2110,0.0,0.0,0.0,0.0,6.05,2.07,0.0
20201125:2210,0.0,0.0,0.0,0.0,5.39,1.79,0.0
20201125:2310,0.0,0.0,0.0,0.0,4.63,1.72,0.0
20201126:0010,0.0,0.0,0.0,0.0,3.85,1.72,0.0
20201126:0110,0.0,0.0,0.0,0.0,3.26,1.79,0.0
20201126:0210,0.0,0.0,0.0,0.0,2.83,1.86,0.0
20201126:0310,0.0,0.0,0.0,0.0,2.53,1.86,0.0
20201126:0410,0.0,0.0,0.0,0.0,2.2,1.79,0.0
20201126:0510,0.0,0.0,0.0,0.0,1.9,1.66,0.0
20201126:0610,0.0,0.0,0.0,0.0,1.6,1.38,0.0
20201126:0710,0.0,0.0,0.0,0.0,2.65,0.9,0.0
20201126:0810,30.0,39.0,0.0,6.46,3.28,0.62,0.0
20201126:0910,121.01,66.0,0.0,13.03,4.24,0.34,0.0
20201126:1010,195.01,79.0,0.0,17.74,5.46,0.28,0.0
20201126:1110,233.01,86.0,0.0,20.18,6.74,0.34,0.0
20201126:1210,244.01,78.0,0.0,20.09,7.84,0.48,0.0
20201126:1310,199.01,73.0,0.0,17.48,8.95,0.83,0.0
20201126:1410,118.01,63.0,0.0,12.62,9.62,1.03,0.0
20201126:1510,30.0,35.0,0.0,5.93,9.71,0.97,0.0
20201126:1610,0.0,0.0,0.0,0.0,8.8,1.72,0.0
20201126:1710,0.0,0.0,0.0,0.0,7.75,1.72,0.0
20201126:1810,0.0,0.0,0.0,0.0,7.02,1.79,0.0
20201126:1910,0.0,0.0,0.0,0.0,6.07,1.79,0.0
20201126:2010,0.0,0.0,0.0,0.0,5.19,1.59,0.0
20201126:2110,0.0,0.0,0.0,0.0,4.25,1.45,0.0
20201126:2210,0.0,0.0,0.0,0.0,3.92,1.59,0.0
20201126:2310,0.0,0.0,0.0,0.0,3.96,1.59,0.0
20201127:0010,0.0,0.0,0.0,0.0,4.22,1.66,0.0
20201127:0110,0.0,0.0,0.0,0.0,4.69,1.52,0.0
20201127:0210,0.0,0.0,0.0,0.0,4.96,1.52,0.0
20201127:0310,0.0,0.0,0.0,0.0,5.05,1.45,0.0
20201127:0410,0.0,0.0,0.0,0.0,5.33,1.45,0.0
20201127:0510,0.0,0.0,0.0,0.0,5.34,1.59,0.0
20201127:0610,0.0,0.0,0.0,0.0,5.16,1.66,0.0
20201127:0710,0.0,0.0,0.0,0.0,5.05,1.72,0.0
20201127:0810,4.0,37.0,0.0,6.26,5.0,1.66,0.0
20201127:0910,1.0,71.0,0.0,12.82,5.43,1.66,0.0
20201127:1010,31.0,137.0,0.0,17.54,6.26,1.45,0.0
20201127:1110,144.01,131.0,0.0,19.99,7.35,1.31,0.0
20201127:1210,223.01,87.0,0.0,19.91,8.21,1.38,0.0
20201127:1310,173.01,86.0,0.0,17.32,9.32,1.52,0.0
20201127:1410,117.01,61.0,0.0,12.48,9.88,1.66,0.0
20201127:1510,37.0,31.0,0.0,5.82,9.94,1.72,0.0
20201127:1610,0.0,0.0,0.0,0.0,9.16,1.93,0.0
20201127:1710,0.0,0.0,0.0,0.0,8.74,1.93,0.0
20201127:1810,0.0,0.0,0.0,0.0,8.24,2.0,0.0
20201127:1910,0.0,0.0,0.0,0.0,6.56,2.14,0.0
20201127:2010,0.0,0.0,0.0,0.0,6.12,2.14,0.0
20201127:2110,0.0,0.0,0.0,0.0,5.76,2.14,0.0
20201127:2210,0.0,0.0,0.0,0.0,5.26,2.14,0.0
20201127:2310,0.0,0.0,0.0,0.0,4.89,2.14,0.0
20201128:0010,0.0,0.0,0.0,0.0,4.59,2.21,0.0
20201128:0110,0.0,0.0,0.0,0.0,4.31,2.14,0.0
20201128:0210,0.0,0.0,0.0,0.0,4.02,2.14,0.0
20201128:0310,0.0,0.0,0.0,0.0,3.8,2.21,0.0
20201128:0410,0.0,0.0,0.0,0.0,3.53,2.34,0.0
20201128:0510,0.0,0.0,0.0,0.0,3.35,2.34,0.0
20201128:0610,0.0,0.0,0.0,0.0,3.12,2.28,0.0
20201128:0710,0.0,0.0,0.0,0.0,3.43,1.79,0.0
20201128:0810,25.0,38.0,0.0,6.07,3.35,1.93,0.0
20201128:0910,118.01,63.0,0.0,12.63,4.36,2.14,0.0
20201128:1010,190.01,77.0,0.0,17.34,5.6,2.21,0.0
20201128:1110,223.01,87.0,0.0,19.8,7.02,2.07,0.0
20201128:1210,238.01,78.0,0.0,19.74,8.32,2.14,0.0
20201128:1310,191.01,75.0,0.0,17.16,9.42,2.48,0.0
20201128:1410,115.01,61.0,0.0,12.35,9.97,2.55,0.0
20201128:1510,29.0,26.15,0.0,5.71,9.55,2.41,0.0
20201128:1610,0.0,0.0,0.0,0.0,8.08,2.83,0.0
20201128:1710,0.0,0.0,0.0,0.0,6.96,3.03,0.0
20201128:1810,0.0,0.0,0.0,0.0,6.18,3.03,0.0
20201128:1910,0.0,0.0,0.0,0.0,5.48,3.03,0.0
20201128:2010,0.0,0.0,0.0,0.0,4.88,2.97,0.0
20201128:2110,0.0,0.0,0.0,0.0,4.4,2.83,0.0
20201128:2210,0.0,0.0,0.0,0.0,3.94,2.69,0.0
20201128:2310,0.0,0.0,0.0,0.0,3.54,2.69,0.0
20201129:0010,0.0,0.0,0.0,0.0,3.21,2.76,0.0
20201129:0110,0.0,0.0,0.0,0.0,2.9,2.76,0.0
20201129:0210,0.0,0.0,0.0,0.0,2.63,2.69,0.0
20201129:0310,0.0,0.0,0.0,0.0,2.35,2.69,0.0
20201129:0410,0.0,0.0,0.0,0.0,2.1,2.69,0.0
20201129:0510,0.0,0.0,0.0,0.0,1.87,2.69,0.0
20201129:0610,0.0,0.0,0.0,0.0,1.65,2.69,0.0
20201129:0710,0.0,0.0,0.0,0.0,1.97,2.62,0.0
20201129:0810,23.0,37.0,0.0,5.87,1.96,2.62,0.0
20201129:0910,87.01,78.0,0.0,12.44,3.08,2.97,0.0
20201129:1010,0.0,82.0,0.0,17.15,4.14,3.24,0.0
20201129:1110,0.0,91.0,0.0,19.62,5.02,3.1,0.0
20201129:1210,0.0,87.0,0.0,19.57,5.8,3.1,0.0
20201129:1310,0.0,74.0,0.0,17.02,6.2,3.17,0.0
20201129:1410,0.0,58.0,0.0,12.22,6.17,3.31,0.0
20201129:1510,3.0,32.28,0.0,5.6,5.77,3.24,0.0
20201129:1610,0.0,0.0,0.0,0.0,4.91,2.97,0.0
20201129:1710,0.0,0.0,0.0,0.0,4.08,2.97,0.0
20201129:1810,0.0,0.0,0.0,0.0,3.58,2.83,0.0
20201129:1910,0.0,0.0,0.0,0.0,2.4,2.21,0.0
20201129:2010,0.0,0.0,0.0,0.0,2.0,2.14,0.0
20201129:2110,0.0,0.0,0.0,0.0,1.61,2.0,0.0
20201129:2210,0.0,0.0,0.0,0.0,0.99,1.86,0.0
20201129:2310,0.0,0.0,0.0,0.0,0.51,1.79,0.0
20201130:0010,0.0,0.0,0.0,0.0,0.18,1.86,0.0
20201130:0110,0.0,0.0,0.0,0.0,-0.25,1.79,0.0
20201130:0210,0.0,0.0,0.0,0.0,-0.64,1.79,0.0
20201130:0310,0.0,0.0,0.0,0.0,-1.14,1.72,0.0
20201130:0410,0.0,0.0,0.0,0.0,-1.24,1.52,0.0
20201130:0510,0.0,0.0,0.0,0.0,-1.23,1.45,0.0
20201130:0610,0.0,0.0,0.0,0.0,-0.77,1.45,0.0
20201130:0710,0.0,0.0,0.0,0.0,-0.96,0.76,0.0
20201130:0810,1.0,29.78,0.0,5.69,-0.54,0.28,0.0
20201130:0910,3.0,75.0,0.0,12.25,-0.19,0.14,0.0
20201130:1010,89.0,125.0,0.0,16.97,0.59,0.55,0.0
20201130:1110,45.0,156.0,0.0,19.45,1.66,0.83,0.0
20201130:1210,183.01,108.0,0.0,19.41,2.93,1.1,0.0
20201130:1310,183.01,78.0,0.0,16.88,3.99,1.59,0.0
20201130:1410,110.01,63.0,0.0,12.1,4.58,2.14,0.0
20201130:1510,8.0,33.86,0.0,5.5,4.6,2.14,0.0
20201130:1610,0.0,0.0,0.0,0.0,3.89,2.34,0.0
20201130:1710,0.0,0.0,0.0,0.0,3.81,2.62,0.0
20201130:1810,0.0,0.0,0.0,0.0,4.01,2.9,0.0
20201130:1910,0.0,0.0,0.0,0.0,4.18,3.1,0.0
20201130:2010,0.0,0.0,0.0,0.0,4.53,3.45,0.0
20201130:2110,0.0,0.0,0.0,0.0,4.95,3.79,0.0
20201130:2210,0.0,0.0,0.0,0.0,5.6,4.14,0.0
20201130:2310,0.0,0.0,0.0,0.0,6.4,4.28,0.0
20201201:0010,0.0,0.0,0.0,0.0,7.08,4.48,0.0
20201201:0110,0.0,0.0,0.0,0.0,7.84,4.48,0.0
20201201:0210,0.0,0.0,0.0,0.0,8.48,4.41,0.0
20201201:0310,0.0,0.0,0.0,0.0,8.44,4.62,0.0
20201201:0410,0.0,0.0,0.0,0.0,7.41,4.83,0.0
20201201:0510,0.0,0.0,0.0,0.0,6.41,4.48,0.0
20201201:0610,0.0,0.0,0.0,0.0,5.64,4.21,0.0
20201201:0710,0.0,0.0,0.0,0.0,5.05,3.93,0.0
20201201:0810,3.0,30.31,0.0,5.51,5.15,4.07,0.0
20201201:0910,91.01,71.0,0.0,12.07,5.51,4.28,0.0
20201201:1010,86.0,124.0,0.0,16.79,6.32,4.21,0.0
20201201:1110,4.0,123.0,0.0,19.28,7.32,6.55,0.0
20201201:1210,20.0,147.0,0.0,19.26,8.01,6.34,0.0
20201201:1310,0.0,48.0,0.0,16.75,8.26,5.59,0.0
20201201:1410,0.0,39.0,0.0,11.99,8.23,4.97,0.0
20201201:1510,18.0,29.38,0.0,5.41,7.88,5.17,0.0
20201201:1610,0.0,0.0,0.0,0.0,7.11,4.83,0.0
20201201:1710,0.0,0.0,0.0,0.0,6.71,4.69,0.0
20201201:1810,0.0,0.0,0.0,0.0,6.29,4.48,0.0
20201201:1910,0.0,0.0,0.0,0.0,6.06,4.62,0.0
20201201:2010,0.0,0.0,0.0,0.0,5.86,4.62,0.0
20201201:2110,0.0,0.0,0.0,0.0,5.56,4.62,0.0
20201201:2210,0.0,0.0,0.0,0.0,5.63,4.62,0.0
20201201:2310,0.0,0.0,0.0,0.0,5.57,4.55,0.0
20201202:0010,0.0,0.0,0.0,0.0,5.64,4.62,0.0
20201202:0110,0.0,0.0,0.0,0.0,5.81,4.62,0.0
20201202:0210,0.0,0.0,0.0,0.0,5.83,4.48,0.0
20201202:0310,0.0,0.0,0.0,0.0,5.93,4.28,0.0
20201202:0410,0.0,0.0,0.0,0.0,6.07,4.0,0.0
20201202:0510,0.0,0.0,0.0,0.0,6.28,3.79,0.0
20201202:0610,0.0,0.0,0.0,0.0,6.34,3.45,0.0
20201202:0710,0.0,0.0,0.0,0.0,6.11,3.17,0.0
20201202:0810,1.0,24.81,0.0,5.33,6.14,2.9,0.0
20201202:0910,3.0,72.0,0.0,11.89,6.33,3.38,0.0
20201202:1010,0.0,56.0,0.0,16.62,6.63,3.17,0.0
20201202:1110,3.0,119.0,0.0,19.12,7.15,2.69,0.0
20201202:1210,0.0,84.0,0.0,19.12,7.49,2.62,0.0
20201202:1310,0.0,72.0,0.0,16.62,7.57,2.34,0.0
20201202:1410,0.0,47.0,0.0,11.89,7.52,1.79,0.0
20201202:1510,6.0,32.44,0.0,5.33,7.37,1.38,0.0
20201202:1610,0.0,0.0,0.0,0.0,7.03,1.38,0.0
20201202:1710,0.0,0.0,0.0,0.0,6.75,1.59,0.0
20201202:1810,0.0,0.0,0.0,0.0,6.5,1.86,0.0
20201202:1910,0.0,0.0,0.0,0.0,6.33,1.79,0.0
20201202:2010,0.0,0.0,0.0,0.0,5.92,1.86,0.0
20201202:2110,0.0,0.0,0.0,0.0,5.21,2.0,0.0
20201202:2210,0.0,0.0,0.0,0.0,5.14,2.21,0.0
20201202:2310,0.0,0.0,0.0,0.0,4.95,2.55,0.0
20201203:0010,0.0,0.0,0.0,0.0,4.91,2.83,0.0
20201203:0110,0.0,0.0,0.0,0.0,5.09,3.31,0.0
20201203:0210,0.0,0.0,0.0,0.0,5.08,3.66,0.0
20201203:0310,0.0,0.0,0.0,0.0,5.3,3.86,0.0
20201203:0410,0.0,0.0,0.0,0.0,5.35,3.86,0.0
20201203:0510,0.0,0.0,0.0,0.0,5.3,3.52,0.0
20201203:0610,0.0,0.0,0.0,0.0,5.28,3.24,0.0
20201203:0710,0.0,0.0,0.0,0.0,5.23,3.52,0.0
20201203:0810,0.0,12.0,0.0,5.16,5.28,3.59,0.0
20201203:0910,0.0,56.0,0.0,11.72,5.46,4.41,0.0
20201203:1010,0.0,60.0,0.0,16.46,5.61,5.17,0.0
20201203:1110,0.0,86.0,0.0,18.96,5.9,5.86,0.0
20201203:1210,0.0,99.0,0.0,18.98,6.07,5.72,0.0
20201203:1310,0.0,80.0,0.0,16.51,6.32,5.52,0.0
20201203:1410,1.0,63.0,0.0,11.79,6.48,5.79,0.0
20201203:1510,0.0,19.0,0.0,5.25,6.63,6.48,0.0
20201203:1610,0.0,0.0,0.0,0.0,6.77,6.97,0.0
20201203:1710,0.0,0.0,0.0,0.0,6.92,6.83,0.0
20201203:1810,0.0,0.0,0.0,0.0,7.07,6.76,0.0
20201203:1910,0.0,0.0,0.0,0.0,7.62,6.69,0.0
20201203:2010,0.0,0.0,0.0,0.0,7.68,7.31,0.0
20201203:2110,0.0,0.0,0.0,0.0,7.75,8.0,0.0
20201203:2210,0.0,0.0,0.0,0.0,7.67,8.21,0.0
20201203:2310,0.0,0.0,0.0,0.0,7.73,8.62,0.0
20201204:0010,0.0,0.0,0.0,0.0,7.54,9.72,0.0
20201204:0110,0.0,0.0,0.0,0.0,6.55,9.52,0.0
20201204:0210,0.0,0.0,0.0,0.0,5.57,8.55,0.0
20201204:0310,0.0,0.0,0.0,0.0,5.03,7.45,0.0
20201204:0410,0.0,0.0,0.0,0.0,4.79,6.69,0.0
20201204:0510,0.0,0.0,0.0,0.0,4.48,6.14,0.0
20201204:0610,0.0,0.0,0.0,0.0,4.22,5.72,0.0
20201204:0710,0.0,0.0,0.0,0.0,4.15,5.59,0.0
20201204:0810,9.0,28.72,0.0,4.99,3.67,5.1,0.0
20201204:0910,120.01,52.0,0.0,11.56,3.83,4.28,0.0
20201204:1010,194.01,67.0,0.0,16.3,4.48,4.76,0.0
20201204:1110,235.01,73.0,0.0,18.82,5.28,4.9,0.0
20201204:1210,177.01,107.0,0.0,18.85,5.91,4.62,0.0
20201204:1310,65.0,129.0,0.0,16.39,6.4,4.55,0.0
20201204:1410,10.0,84.0,0.0,11.7,6.72,4.41,0.0
20201204:1510,7.0,31.18,0.0,5.18,6.26,2.9,0.0
20201204:1610,0.0,0.0,0.0,0.0,5.19,2.69,0.0
20201204:1710,0.0,0.0,0.0,0.0,4.26,2.83,0.0
20201204:1810,0.0,0.0,0.0,0.0,3.53,2.76,0.0
20201204:1910,0.0,0.0,0.0,0.0,3.13,2.83,0.0
20201204:2010,0.0,0.0,0.0,0.0,2.51,2.55,0.0
20201204:2110,0.0,0.0,0.0,0.0,2.0,2.48,0.0
20201204:2210,0.0,0.0,0.0,0.0,1.58,2.48,0.0
20201204:2310,0.0,0.0,0.0,0.0,1.39,2.55,0.0
20201205:0010,0.0,0.0,0.0,0.0,1.25,2.83,0.0
20201205:0110,0.0,0.0,0.0,0.0,1.23,2.97,0.0
20201205:0210,0.0,0.0,0.0,0.0,1.32,3.1,0.0
20201205:0310,0.0,0.0,0.0,0.0,1.67,3.38,0.0
20201205:0410,0.0,0.0,0.0,0.0,2.03,3.45,0.0
20201205:0510,0.0,0.0,0.0,0.0,2.12,3.38,0.0
20201205:0610,0.0,0.0,0.0,0.0,2.26,3.45,0.0
20201205:0710,0.0,0.0,0.0,0.0,0.74,4.07,0.0
20201205:0810,2.0,26.54,0.0,4.83,0.81,3.93,0.0
20201205:0910,46.0,84.0,0.0,11.4,1.94,3.45,0.0
20201205:1010,12.0,118.0,0.0,16.15,3.49,4.21,0.0
20201205:1110,28.0,148.0,0.0,18.68,4.94,6.0,0.0
20201205:1210,1.0,102.0,0.0,18.73,5.79,6.0,0.0
20201205:1310,0.0,23.0,0.0,16.29,6.33,5.93,0.0
20201205:1410,29.0,89.0,0.0,11.62,6.51,4.62,0.0
20201205:1510,2.0,28.54,0.0,5.12,6.36,4.55,0.0
20201205:1610,0.0,0.0,0.0,0.0,5.88,4.62,0.0
20201205:1710,0.0,0.0,0.0,0.0,5.24,4.69,0.0
20201205:1810,0.0,0.0,0.0,0.0,5.05,4.9,0.0
20201205:1910,0.0,0.0,0.0,0.0,4.97,4.83,0.0
20201205:2010,0.0,0.0,0.0,0.0,4.61,4.76,0.0
20201205:2110,0.0,0.0,0.0,0.0,4.31,4.69,0.0
20201205:2210,0.0,0.0,0.0,0.0,4.11,4.14,0.0
20201205:2310,0.0,0.0,0.0,0.0,4.22,3.86,0.0
20201206:0010,0.0,0.0,0.0,0.0,4.12,3.45,0.0
20201206:0110,0.0,0.0,0.0,0.0,3.76,3.03,0.0
20201206:0210,0.0,0.0,0.0,0.0,3.33,2.76,0.0
20201206:0310,0.0,0.0,0.0,0.0,3.0,2.62,0.0
20201206:0410,0.0,0.0,0.0,0.0,2.67,2.69,0.0
20201206:0510,0.0,0.0,0.0,0.0,3.14,2.76,0.0
20201206:0610,0.0,0.0,0.0,0.0,3.39,2.83,0.0
20201206:0710,0.0,0.0,0.0,0.0,2.71,2.48,0.0
20201206:0810,0.0,10.0,0.0,4.68,2.77,2.34,0.0
20201206:0910,39.0,84.0,0.0,11.25,3.38,1.93,0.0
20201206:1010,0.0,67.0,0.0,16.0,4.42,2.07,0.0
20201206:1110,14.0,139.0,0.0,18.54,5.34,1.86,0.0
20201206:1210,120.01,131.0,0.0,18.61,6.06,1.59,0.0
20201206:1310,7.0,113.0,0.0,16.2,6.55,1.72,0.0
20201206:1410,46.0,85.0,0.0,11.55,6.57,2.0,0.0
20201206:1510,3.0,28.3,0.0,5.06,6.21,1.45,0.0
20201206:1610,0.0,0.0,0.0,0.0,5.6,1.38,0.0
20201206:1710,0.0,0.0,0.0,0.0,4.59,1.66,0.0
20201206:1810,0.0,0.0,0.0,0.0,3.4,1.93,0.0
20201206:1910,0.0,0.0,0.0,0.0,3.45,2.41,0.0
20201206:2010,0.0,0.0,0.0,0.0,3.18,2.14,0.0
20201206:2110,0.0,0.0,0.0,0.0,2.81,1.79,0.0
20201206:2210,0.0,0.0,0.0,0.0,2.67,1.72,0.0
20201206:2310,0.0,0.0,0.0,0.0,2.36,1.59,0.0
20201207:0010,0.0,0.0,0.0,0.0,1.42,1.79,0.0
20201207:0110,0.0,0.0,0.0,0.0,0.4,1.59,0.0
20201207:0210,0.0,0.0,0.0,0.0,-0.3,1.24,0.0
20201207:0310,0.0,0.0,0.0,0.0,-0.54,0.55,0.0
20201207:0410,0.0,0.0,0.0,0.0,-0.25,0.55,0.0
20201207:0510,0.0,0.0,0.0,0.0,0.15,0.62,0.0
20201207:0610,0.0,0.0,0.0,0.0,0.49,0.48,0.0
20201207:0710,0.0,0.0,0.0,0.0,0.02,0.97,0.0
20201207:0810,2.0,24.55,0.0,4.53,0.15,1.38,0.0
20201207:0910,1.0,62.0,0.0,11.1,0.67,1.31,0.0
20201207:1010,6.0,108.0,0.0,15.87,1.44,1.59,0.0
20201207:1110,6.0,125.0,0.0,18.42,2.4,1.86,0.0
20201207:1210,0.0,92.0,0.0,18.5,3.34,2.28,0.0
20201207:1310,7.0,111.0,0.0,16.11,4.21,2.69,0.0
20201207:1410,8.0,81.0,0.0,11.48,4.73,2.76,0.0
20201207:1510,0.0,11.0,0.0,5.01,4.68,2.07,0.0
20201207:1610,0.0,0.0,0.0,0.0,4.31,2.0,0.0
20201207:1710,0.0,0.0,0.0,0.0,4.0,2.14,0.0
20201207:1810,0.0,0.0,0.0,0.0,3.94,2.34,0.0
20201207:1910,0.0,0.0,0.0,0.0,2.63,2.76,0.0
20201207:2010,0.0,0.0,0.0,0.0,2.25,2.83,0.0
20201207:2110,0.0,0.0,0.0,0.0,1.96,2.76,0.0
20201207:2210,0.0,0.0,0.0,0.0,1.54,2.69,0.0
20201207:2310,0.0,0.0,0.0,0.0,1.04,2.55,0.0
20201208:0010,0.0,0.0,0.0,0.0,0.62,2.41,0.0
20201208:0110,0.0,0.0,0.0,0.0,0.37,2.34,0.0
20201208:0210,0.0,0.0,0.0,0.0,0.15,2.34,0.0
20201208:0310,0.0,0.0,0.0,0.0,-0.08,2.28,0.0
20201208:0410,0.0,0.0,0.0,0.0,-0.42,2.21,0.0
20201208:0510,0.0,0.0,0.0,0.0,-0.71,2.21,0.0
20201208:0610,0.0,0.0,0.0,0.0,-1.01,2.28,0.0
20201208:0710,0.0,0.0,0.0,0.0,-0.69,2.41,0.0
20201208:0810,24.0,17.87,0.0,4.38,-0.28,2.48,0.0
20201208:0910,7.0,74.0,0.0,10.96,0.32,2.9,0.0
20201208:1010,23.0,123.0,0.0,15.73,1.01,2.83,0.0
20201208:1110,219.01,77.0,0.0,18.3,1.74,3.24,0.0
20201208:1210,238.01,68.0,0.0,18.4,2.87,3.31,0.0
20201208:1310,187.01,68.0,0.0,16.03,3.7,3.24,0.0
20201208:1410,133.01,45.0,0.0,11.42,4.32,3.17,0.0
20201208:1510,17.0,26.68,0.0,4.97,4.31,2.34,0.0
20201208:1610,0.0,0.0,0.0,0.0,3.59,1.93,0.0
20201208:1710,0.0,0.0,0.0,0.0,2.87,1.72,0.0
20201208:1810,0.0,0.0,0.0,0.0,2.11,1.52,0.0
20201208:1910,0.0,0.0,0.0,0.0,3.37,0.76,0.0
20201208:2010,0.0,0.0,0.0,0.0,2.38,1.03,0.0
20201208:2110,0.0,0.0,0.0,0.0,1.9,1.52,0.0
20201208:2210,0.0,0.0,0.0,0.0,1.67,1.66,0.0
20201208:2310,0.0,0.0,0.0,0.0,1.75,1.79,0.0
20201209:0010,0.0,0.0,0.0,0.0,2.06,1.79,0.0
20201209:0110,0.0,0.0,0.0,0.0,1.9,1.93,0.0
20201209:0210,0.0,0.0,0.0,0.0,1.49,2.07,0.0
20201209:0310,0.0,0.0,0.0,0.0,1.06,2.14,0.0
20201209:0410,0.0,0.0,0.0,0.0,1.21,2.14,0.0
20201209:0510,0.0,0.0,0.0,0.0,1.23,2.14,0.0
20201209:0610,0.0,0.0,0.0,0.0,1.5,2.07,0.0
20201209:0710,0.0,0.0,0.0,0.0,-0.04,2.28,0.0
20201209:0810,0.0,4.0,0.0,4.24,0.02,2.41,0.0
20201209:0910,6.0,72.0,0.0,10.83,1.22,2.83,0.0
20201209:1010,2.0,95.0,0.0,15.61,2.29,3.45,0.0
20201209:1110,11.0,133.0,0.0,18.19,3.47,3.45,0.0
20201209:1210,0.0,89.0,0.0,18.31,4.62,3.45,0.0
20201209:1310,10.0,115.0,0.0,15.95,5.31,3.31,0.0
20201209:1410,5.0,75.0,0.0,11.36,5.54,2.9,0.0
20201209:1510,15.0,27.16,0.0,4.93,5.53,2.41,0.0
20201209:1610,0.0,0.0,0.0,0.0,5.22,2.28,0.0
20201209:1710,0.0,0.0,0.0,0.0,5.03,2.34,0.0
20201209:1810,0.0,0.0,0.0,0.0,4.9,2.48,0.0
20201209:1910,0.0,0.0,0.0,0.0,4.5,2.62,0.0
20201209:2010,0.0,0.0,0.0,0.0,4.28,2.55,0.0
20201209:2110,0.0,0.0,0.0,0.0,4.09,2.62,0.0
20201209:2210,0.0,0.0,0.0,0.0,3.98,2.83,0.0
20201209:2310,0.0,0.0,0.0,0.0,3.89,3.24,0.0
20201210:0010,0.0,0.0,0.0,0.0,3.91,3.59,0.0
20201210:0110,0.0,0.0,0.0,0.0,3.86,3.66,0.0
20201210:0210,0.0,0.0,0.0,0.0,3.91,3.86,0.0
20201210:0310,0.0,0.0,0.0,0.0,3.83,3.86,0.0
20201210:0410,0.0,0.0,0.0,0.0,3.8,3.59,0.0
20201210:0510,0.0,0.0,0.0,0.0,3.64,3.45,0.0
20201210:0610,0.0,0.0,0.0,0.0,3.56,3.59,0.0
20201210:0710,0.0,0.0,0.0,0.0,4.08,3.45,0.0
20201210:0810,5.0,22.81,0.0,4.11,3.85,3.52,0.0
20201210:0910,50.0,75.0,0.0,10.7,4.06,3.52,0.0
20201210:1010,38.0,121.0,0.0,15.49,4.57,3.24,0.0
20201210:1110,207.01,77.0,0.0,18.08,4.89,3.45,0.0
20201210:1210,220.01,72.0,0.0,18.22,5.69,3.93,0.0
20201210:1310,50.0,125.0,0.0,15.89,6.3,4.14,0.0
20201210:1410,2.0,65.0,0.0,11.32,6.38,3.31,0.0
20201210:1510,1.0,22.81,0.0,4.9,6.07,3.03,0.0
20201210:1610,0.0,0.0,0.0,0.0,5.45,3.03,0.0
20201210:1710,0.0,0.0,0.0,0.0,5.14,3.03,0.0
20201210:1810,0.0,0.0,0.0,0.0,5.04,3.1,0.0
20201210:1910,0.0,0.0,0.0,0.0,5.49,2.97,0.0
20201210:2010,0.0,0.0,0.0,0.0,5.53,2.9,0.0
20201210:2110,0.0,0.0,0.0,0.0,5.67,3.1,0.0
20201210:2210,0.0,0.0,0.0,0.0,6.08,3.45,0.0
20201210:2310,0.0,0.0,0.0,0.0,6.78,4.07,0.0
20201211:0010,0.0,0.0,0.0,0.0,7.23,4.55,0.0
20201211:0110,0.0,0.0,0.0,0.0,7.46,4.9,0.0
20201211:0210,0.0,0.0,0.0,0.0,7.55,4.69,0.0
20201211:0310,0.0,0.0,0.0,0.0,7.64,4.9,0.0
20201211:0410,0.0,0.0,0.0,0.0,7.71,5.17,0.0
20201211:0510,0.0,0.0,0.0,0.0,7.88,5.38,0.0
20201211:0610,0.0,0.0,0.0,0.0,8.05,5.31,0.0
20201211:0710,0.0,0.0,0.0,0.0,8.4,5.31,0.0
20201211:0810,23.0,15.3,0.0,3.98,8.42,4.69,0.0
20201211:0910,2.0,62.0,0.0,10.58,8.56,4.21,0.0
20201211:1010,36.0,119.0,0.0,15.38,8.92,4.14,0.0
20201211:1110,4.0,114.0,0.0,17.99,9.62,4.48,0.0
20201211:1210,18.0,136.0,0.0,18.14,10.3,4.21,0.0
20201211:1310,0.0,22.0,0.0,15.83,10.71,4.0,0.0
20201211:1410,0.0,27.0,0.0,11.28,10.41,4.0,0.0
20201211:1510,1.0,22.81,0.0,4.88,10.25,4.21,0.0
20201211:1610,0.0,0.0,0.0,0.0,9.64,4.0,0.0
20201211:1710,0.0,0.0,0.0,0.0,9.13,3.17,0.0
20201211:1810,0.0,0.0,0.0,0.0,8.52,3.17,0.0
20201211:1910,0.0,0.0,0.0,0.0,8.39,3.72,0.0
20201211:2010,0.0,0.0,0.0,0.0,7.98,3.93,0.0
20201211:2110,0.0,0.0,0.0,0.0,7.65,3.79,0.0
20201211:2210,0.0,0.0,0.0,0.0,7.28,3.59,0.0
20201211:2310,0.0,0.0,0.0,0.0,7.19,3.38,0.0
20201212:0010,0.0,0.0,0.0,0.0,7.22,3.1,0.0
20201212:0110,0.0,0.0,0.0,0.0,7.46,2.97,0.0
20201212:0210,0.0,0.0,0.0,0.0,7.64,2.76,0.0
20201212:0310,0.0,0.0,0.0,0.0,7.68,2.69,0.0
20201212:0410,0.0,0.0,0.0,0.0,7.85,2.55,0.0
20201212:0510,0.0,0.0,0.0,0.0,7.92,2.48,0.0
20201212:0610,0.0,0.0,0.0,0.0,8.02,2.55,0.0
20201212:0710,0.0,0.0,0.0,0.0,7.71,2.97,0.0
20201212:0810,1.0,19.79,0.0,3.86,7.85,3.1,0.0
20201212:0910,3.0,62.0,0.0,10.46,8.41,3.31,0.0
20201212:1010,3.0,94.0,0.0,15.27,8.92,3.59,0.0
20201212:1110,11.0,128.0,0.0,17.9,9.54,3.72,0.0
20201212:1210,34.0,143.0,0.0,18.07,9.93,3.93,0.0
20201212:1310,0.0,72.0,0.0,15.78,9.87,4.34,0.0
20201212:1410,0.0,40.0,0.0,11.24,9.28,5.31,0.0
20201212:1510,0.0,11.0,0.0,4.87,8.79,5.1,0.0
20201212:1610,0.0,0.0,0.0,0.0,8.12,4.62,0.0
20201212:1710,0.0,0.0,0.0,0.0,7.52,4.34,0.0
20201212:1810,0.0,0.0,0.0,0.0,6.71,4.14,0.0
20201212:1910,0.0,0.0,0.0,0.0,6.2,3.86,0.0
20201212:2010,0.0,0.0,0.0,0.0,5.58,3.72,0.0
20201212:2110,0.0,0.0,0.0,0.0,5.17,3.59,0.0
20201212:2210,0.0,0.0,0.0,0.0,4.77,3.31,0.0
20201212:2310,0.0,0.0,0.0,0.0,4.25,3.24,0.0
20201213:0010,0.0,0.0,0.0,0.0,3.84,3.24,0.0
20201213:0110,0.0,0.0,0.0,0.0,3.59,2.97,0.0
20201213:0210,0.0,0.0,0.0,0.0,3.35,2.48,0.0
20201213:0310,0.0,0.0,0.0,0.0,2.82,2.55,0.0
20201213:0410,0.0,0.0,0.0,0.0,2.68,2.69,0.0
20201213:0510,0.0,0.0,0.0,0.0,2.65,2.48,0.0
20201213:0610,0.0,0.0,0.0,0.0,2.78,2.34,0.0
20201213:0710,0.0,0.0,0.0,0.0,3.17,2.55,0.0
20201213:0810,3.0,20.32,0.0,3.74,3.4,2.83,0.0
20201213:0910,86.01,55.0,0.0,10.35,4.07,2.83,0.0
20201213:1010,32.0,118.0,0.0,15.18,5.26,4.21,0.0
20201213:1110,36.0,141.0,0.0,17.81,5.96,3.72,0.0
20201213:1210,48.0,144.0,0.0,18.0,6.3,4.0,0.0
20201213:1310,10.0,111.0,0.0,15.73,6.52,4.69,0.0
20201213:1410,5.0,73.0,0.0,11.22,6.74,4.83,0.0
20201213:1510,0.0,18.0,0.0,4.86,6.89,4.97,0.0
20201213:1610,0.0,0.0,0.0,0.0,7.01,4.97,0.0
20201213:1710,0.0,0.0,0.0,0.0,7.21,4.97,0.0
20201213:1810,0.0,0.0,0.0,0.0,7.4,4.76,0.0
20201213:1910,0.0,0.0,0.0,0.0,8.04,5.1,0.0
20201213:2010,0.0,0.0,0.0,0.0,8.26,5.03,0.0
20201213:2110,0.0,0.0,0.0,0.0,8.53,5.17,0.0
20201213:2210,0.0,0.0,0.0,0.0,8.87,5.31,0.0
20201213:2310,0.0,0.0,0.0,0.0,9.22,5.17,0.0
20201214:0010,0.0,0.0,0.0,0.0,9.36,4.97,0.0
20201214:0110,0.0,0.0,0.0,0.0,9.36,5.1,0.0
20201214:0210,0.0,0.0,0.0,0.0,9.37,5.03,0.0
20201214:0310,0.0,0.0,0.0,0.0,9.69,4.97,0.0
20201214:0410,0.0,0.0,0.0,0.0,9.8,4.9,0.0
20201214:0510,0.0,0.0,0.0,0.0,9.93,4.69,0.0
20201214:0610,0.0,0.0,0.0,0.0,9.86,4.48,0.0
20201214:0710,0.0,0.0,0.0,0.0,9.71,4.07,0.0
20201214:0810,4.0,19.1,0.0,3.63,9.19,3.86,0.0
20201214:0910,4.0,63.0,0.0,10.25,9.41,3.93,0.0
20201214:1010,41.0,116.0,0.0,15.08,10.08,3.72,0.0
20201214:1110,25.0,137.0,0.0,17.74,10.58,3.45,0.0
20201214:1210,111.01,124.0,0.0,17.95,10.85,3.59,0.0
20201214:1310,5.0,103.0,0.0,15.69,10.78,3.45,0.0
20201214:1410,2.0,66.0,0.0,11.2,10.39,3.03,0.0
20201214:1510,0.0,5.0,0.0,4.86,10.23,2.9,0.0
20201214:1610,0.0,0.0,0.0,0.0,9.87,3.03,0.0
20201214:1710,0.0,0.0,0.0,0.0,9.86,3.24,0.0
20201214:1810,0.0,0.0,0.0,0.0,9.9,3.38,0.0
20201214:1910,0.0,0.0,0.0,0.0,10.62,3.38,0.0
20201214:2010,0.0,0.0,0.0,0.0,10.73,3.59,0.0
20201214:2110,0.0,0.0,0.0,0.0,10.7,3.59,0.0
20201214:2210,0.0,0.0,0.0,0.0,10.56,3.52,0.0
20201214:2310,0.0,0.0,0.0,0.0,10.38,3.59,0.0
20201215:0010,0.0,0.0,0.0,0.0,10.28,3.38,0.0
20201215:0110,0.0,0.0,0.0,0.0,10.16,3.03,0.0
20201215:0210,0.0,0.0,0.0,0.0,10.09,2.83,0.0
20201215:0310,0.0,0.0,0.0,0.0,10.02,2.76,0.0
20201215:0410,0.0,0.0,0.0,0.0,9.93,2.9,0.0
20201215:0510,0.0,0.0,0.0,0.0,9.79,2.34,0.0
20201215:0610,0.0,0.0,0.0,0.0,9.43,2.07,0.0
20201215:0710,0.0,0.0,0.0,0.0,9.3,2.76,0.0
20201215:0810,7.0,18.39,0.0,3.53,9.06,2.48,0.0
20201215:0910,29.0,74.0,0.0,10.15,9.24,2.76,0.0
20201215:1010,80.0,107.0,0.0,15.0,9.83,3.03,0.0
20201215:1110,18.0,133.0,0.0,17.67,10.61,3.93,0.0
20201215:1210,6.0,119.0,0.0,17.9,10.98,3.72,0.0
20201215:1310,103.01,104.0,0.0,15.67,11.17,3.45,0.0
20201215:1410,92.01,61.0,0.0,11.19,11.19,2.83,0.0
20201215:1510,11.0,27.24,0.0,4.86,10.48,2.14,0.0
20201215:1610,0.0,0.0,0.0,0.0,9.5,2.28,0.0
20201215:1710,0.0,0.0,0.0,0.0,8.29,2.41,0.0
20201215:1810,0.0,0.0,0.0,0.0,7.62,2.55,0.0
20201215:1910,0.0,0.0,0.0,0.0,7.37,2.76,0.0
20201215:2010,0.0,0.0,0.0,0.0,7.24,2.62,0.0
20201215:2110,0.0,0.0,0.0,0.0,6.76,2.48,0.0
20201215:2210,0.0,0.0,0.0,0.0,6.36,2.34,0.0
20201215:2310,0.0,0.0,0.0,0.0,5.86,2.48,0.0
20201216:0010,0.0,0.0,0.0,0.0,5.64,2.48,0.0
20201216:0110,0.0,0.0,0.0,0.0,5.26,2.55,0.0
20201216:0210,0.0,0.0,0.0,0.0,5.24,2.62,0.0
20201216:0310,0.0,0.0,0.0,0.0,5.55,2.62,0.0
20201216:0410,0.0,0.0,0.0,0.0,5.51,2.83,0.0
20201216:0510,0.0,0.0,0.0,0.0,5.62,2.76,0.0
20201216:0610,0.0,0.0,0.0,0.0,5.63,2.76,0.0
20201216:0710,0.0,0.0,0.0,0.0,5.49,3.24,0.0
20201216:0810,0.0,4.0,0.0,3.43,5.51,3.31,0.0
20201216:0910,6.0,66.0,0.0,10.07,6.46,3.38,0.0
20201216:1010,3.0,91.0,0.0,14.93,7.79,3.38,0.0
20201216:1110,0.0,72.0,0.0,17.61,9.17,4.55,0.0
20201216:1210,181.01,90.0,0.0,17.86,9.97,4.0,0.0
20201216:1310,175.01,67.0,0.0,15.64,10.49,3.72,0.0
20201216:1410,56.0,78.0,0.0,11.19,10.63,3.52,0.0
20201216:1510,0.0,7.0,0.0,4.87,10.12,3.52,0.0
20201216:1610,0.0,0.0,0.0,0.0,9.2,3.52,0.0
20201216:1710,0.0,0.0,0.0,0.0,8.88,3.66,0.0
20201216:1810,0.0,0.0,0.0,0.0,8.55,3.72,0.0
20201216:1910,0.0,0.0,0.0,0.0,9.21,3.59,0.0
20201216:2010,0.0,0.0,0.0,0.0,9.27,3.52,0.0
20201216:2110,0.0,0.0,0.0,0.0,9.33,3.52,0.0
20201216:2210,0.0,0.0,0.0,0.0,9.49,3.72,0.0
20201216:2310,0.0,0.0,0.0,0.0,9.54,3.93,0.0
20201217:0010,0.0,0.0,0.0,0.0,9.61,4.21,0.0
20201217:0110,0.0,0.0,0.0,0.0,9.63,4.28,0.0
20201217:0210,0.0,0.0,0.0,0.0,9.56,4.07,0.0
20201217:0310,0.0,0.0,0.0,0.0,9.41,3.86,0.0
20201217:0410,0.0,0.0,0.0,0.0,9.12,3.79,0.0
20201217:0510,0.0,0.0,0.0,0.0,8.59,3.59,0.0
20201217:0610,0.0,0.0,0.0,0.0,7.93,3.38,0.0
20201217:0710,0.0,0.0,0.0,0.0,7.51,3.24,0.0
20201217:0810,7.0,17.38,0.0,3.34,6.99,3.24,0.0
20201217:0910,15.0,72.0,0.0,9.98,7.48,3.45,0.0
20201217:1010,0.0,58.0,0.0,14.86,8.63,5.03,0.0
20201217:1110,0.0,87.0,0.0,17.56,9.58,4.97,0.0
20201217:1210,4.0,115.0,0.0,17.83,10.33,4.9,0.0
20201217:1310,85.0,113.0,0.0,15.63,10.92,4.48,0.0
20201217:1410,11.0,81.0,0.0,11.19,11.03,3.72,0.0
20201217:1510,4.0,29.0,0.0,4.89,10.85,2.76,0.0
20201217:1610,0.0,0.0,0.0,0.0,10.01,2.28,0.0
20201217:1710,0.0,0.0,0.0,0.0,8.83,2.41,0.0
20201217:1810,0.0,0.0,0.0,0.0,7.91,2.62,0.0
20201217:1910,0.0,0.0,0.0,0.0,7.47,2.83,0.0
20201217:2010,0.0,0.0,0.0,0.0,7.35,2.9,0.0
20201217:2110,0.0,0.0,0.0,0.0,7.36,2.97,0.0
20201217:2210,0.0,0.0,0.0,0.0,7.21,3.03,0.0
20201217:2310,0.0,0.0,0.0,0.0,7.16,3.1,0.0
20201218:0010,0.0,0.0,0.0,0.0,7.11,3.24,0.0
20201218:0110,0.0,0.0,0.0,0.0,6.89,3.31,0.0
20201218:0210,0.0,0.0,0.0,0.0,6.67,3.38,0.0
20201218:0310,0.0,0.0,0.0,0.0,6.55,3.38,0.0
20201218:0410,0.0,0.0,0.0,0.0,6.37,3.31,0.0
20201218:0510,0.0,0.0,0.0,0.0,6.52,3.38,0.0
20201218:0610,0.0,0.0,0.0,0.0,6.56,3.31,0.0
20201218:0710,0.0,0.0,0.0,0.0,6.12,3.24,0.0
20201218:0810,4.0,17.1,0.0,3.25,5.93,3.1,0.0
20201218:0910,83.01,52.0,0.0,9.91,6.39,2.83,0.0
20201218:1010,165.01,64.0,0.0,14.79,7.48,3.03,0.0
20201218:1110,211.01,70.0,0.0,17.51,8.74,3.79,0.0
20201218:1210,222.01,68.0,0.0,17.8,9.7,4.07,0.0
20201218:1310,178.01,67.0,0.0,15.62,10.4,4.14,0.0
20201218:1410,111.01,52.0,0.0,11.2,10.56,3.79,0.0
20201218:1510,17.0,25.79,0.0,4.92,10.14,3.72,0.0
20201218:1610,0.0,0.0,0.0,0.0,8.98,3.66,0.0
20201218:1710,0.0,0.0,0.0,0.0,8.16,3.79,0.0
20201218:1810,0.0,0.0,0.0,0.0,7.6,3.93,0.0
20201218:1910,0.0,0.0,0.0,0.0,7.52,3.79,0.0
20201218:2010,0.0,0.0,0.0,0.0,7.28,3.86,0.0
20201218:2110,0.0,0.0,0.0,0.0,7.29,4.07,0.0
20201218:2210,0.0,0.0,0.0,0.0,7.43,4.14,0.0
20201218:2310,0.0,0.0,0.0,0.0,7.62,4.14,0.0
20201219:0010,0.0,0.0,0.0,0.0,7.92,4.21,0.0
20201219:0110,0.0,0.0,0.0,0.0,8.02,4.28,0.0
20201219:0210,0.0,0.0,0.0,0.0,7.97,4.34,0.0
20201219:0310,0.0,0.0,0.0,0.0,8.04,4.62,0.0
20201219:0410,0.0,0.0,0.0,0.0,8.12,4.9,0.0
20201219:0510,0.0,0.0,0.0,0.0,8.28,5.1,0.0
20201219:0610,0.0,0.0,0.0,0.0,8.58,5.17,0.0
20201219:0710,0.0,0.0,0.0,0.0,9.83,5.38,0.0
20201219:0810,2.0,15.59,0.0,3.18,10.42,5.24,0.0
20201219:0910,0.0,28.0,0.0,9.84,10.69,5.24,0.0
20201219:1010,1.0,85.0,0.0,14.74,10.65,5.17,0.0
20201219:1110,7.0,120.0,0.0,17.48,10.7,4.97,0.0
20201219:1210,2.0,104.0,0.0,17.78,10.77,4.76,0.0
20201219:1310,14.0,115.0,0.0,15.63,10.64,4.41,0.0
20201219:1410,0.0,29.0,0.0,11.22,10.63,4.48,0.0
20201219:1510,0.0,21.0,0.0,4.95,10.59,4.34,0.0
20201219:1610,0.0,0.0,0.0,0.0,10.15,4.07,0.0
20201219:1710,0.0,0.0,0.0,0.0,9.7,4.0,0.0
20201219:1810,0.0,0.0,0.0,0.0,9.48,4.07,0.0
20201219:1910,0.0,0.0,0.0,0.0,9.23,3.79,0.0
20201219:2010,0.0,0.0,0.0,0.0,8.99,3.45,0.0
20201219:2110,0.0,0.0,0.0,0.0,8.7,3.31,0.0
20201219:2210,0.0,0.0,0.0,0.0,8.42,3.38,0.0
20201219:2310,0.0,0.0,0.0,0.0,8.33,3.38,0.0
20201220:0010,0.0,0.0,0.0,0.0,8.35,3.24,0.0
20201220:0110,0.0,0.0,0.0,0.0,8.37,3.1,0.0
20201220:0210,0.0,0.0,0.0,0.0,8.34,3.1,0.0
20201220:0310,0.0,0.0,0.0,0.0,8.23,3.24,0.0
20201220:0410,0.0,0.0,0.0,0.0,8.0,3.38,0.0
20201220:0510,0.0,0.0,0.0,0.0,7.75,3.45,0.0
20201220:0610,0.0,0.0,0.0,0.0,7.59,3.52,0.0
20201220:0710,0.0,0.0,0.0,0.0,6.56,3.1,0.0
20201220:0810,7.0,15.44,0.0,3.1,6.23,3.03,0.0
20201220:0910,20.0,72.0,0.0,9.78,6.8,3.03,0.0
20201220:1010,58.0,112.0,0.0,14.69,8.08,3.86,0.0
20201220:1110,123.01,117.0,0.0,17.45,9.15,4.48,0.0
20201220:1210,197.01,81.0,0.0,17.77,9.75,4.55,0.0
20201220:1310,116.01,100.0,0.0,15.63,10.04,4.07,0.0
20201220:1410,102.01,58.0,0.0,11.25,9.94,3.72,0.0
20201220:1510,32.0,19.23,0.0,4.99,9.27,3.24,0.0
20201220:1610,0.0,0.0,0.0,0.0,8.14,2.83,0.0
20201220:1710,0.0,0.0,0.0,0.0,7.08,2.62,0.0
20201220:1810,0.0,0.0,0.0,0.0,6.29,2.76,0.0
20201220:1910,0.0,0.0,0.0,0.0,6.99,3.17,0.0
20201220:2010,0.0,0.0,0.0,0.0,7.19,3.31,0.0
20201220:2110,0.0,0.0,0.0,0.0,7.36,3.17,0.0
20201220:2210,0.0,0.0,0.0,0.0,7.36,3.17,0.0
20201220:2310,0.0,0.0,0.0,0.0,7.05,3.17,0.0
20201221:0010,0.0,0.0,0.0,0.0,6.76,3.1,0.0
20201221:0110,0.0,0.0,0.0,0.0,6.68,3.24,0.0
20201221:0210,0.0,0.0,0.0,0.0,6.96,3.59,0.0
20201221:0310,0.0,0.0,0.0,0.0,7.4,3.93,0.0
20201221:0410,0.0,0.0,0.0,0.0,7.67,4.21,0.0
20201221:0510,0.0,0.0,0.0,0.0,7.86,4.48,0.0
20201221:0610,0.0,0.0,0.0,0.0,8.0,4.97,0.0
20201221:0710,0.0,0.0,0.0,0.0,8.81,5.59,0.0
20201221:0810,1.0,11.84,0.0,3.04,8.87,6.21,0.0
20201221:0910,2.0,55.0,0.0,9.72,8.92,6.55,0.0
20201221:1010,0.0,25.0,0.0,14.65,9.01,6.69,0.0
20201221:1110,0.0,37.0,0.0,17.42,9.26,6.62,0.0
20201221:1210,0.0,64.0,0.0,17.77,9.3,6.34,0.0
20201221:1310,0.0,47.0,0.0,15.65,9.58,6.34,0.0
20201221:1410,0.0,54.0,0.0,11.28,10.22,5.93,0.0
20201221:1510,0.0,12.0,0.0,5.04,11.05,5.66,0.0
20201221:1610,0.0,0.0,0.0,0.0,11.99,5.72,0.0
20201221:1710,0.0,0.0,0.0,0.0,12.79,5.79,0.0
20201221:1810,0.0,0.0,0.0,0.0,13.29,6.21,0.0
20201221:1910,0.0,0.0,0.0,0.0,13.34,6.48,0.0
20201221:2010,0.0,0.0,0.0,0.0,13.25,7.03,0.0
20201221:2110,0.0,0.0,0.0,0.0,12.84,6.83,0.0
20201221:2210,0.0,0.0,0.0,0.0,12.6,6.62,0.0
20201221:2310,0.0,0.0,0.0,0.0,12.49,6.41,0.0
20201222:0010,0.0,0.0,0.0,0.0,12.49,6.62,0.0
20201222:0110,0.0,0.0,0.0,0.0,12.57,6.76,0.0
20201222:0210,0.0,0.0,0.0,0.0,12.63,6.69,0.0
20201222:0310,0.0,0.0,0.0,0.0,12.62,6.55,0.0
20201222:0410,0.0,0.0,0.0,0.0,12.54,6.41,0.0
20201222:0510,0.0,0.0,0.0,0.0,12.29,6.28,0.0
20201222:0610,0.0,0.0,0.0,0.0,12.14,6.0,0.0
20201222:0710,0.0,0.0,0.0,0.0,12.62,5.79,0.0
20201222:0810,2.0,13.62,0.0,2.98,12.52,5.86,0.0
20201222:0910,2.0,55.0,0.0,9.68,12.45,5.86,0.0
20201222:1010,4.0,91.0,0.0,14.62,12.4,5.72,0.0
20201222:1110,0.0,72.0,0.0,17.41,12.71,5.52,0.0
20201222:1210,13.0,128.0,0.0,17.77,13.1,5.52,0.0
20201222:1310,4.0,97.0,0.0,15.67,13.42,5.59,0.0
20201222:1410,3.0,69.0,0.0,11.32,13.52,5.24,0.0
20201222:1510,2.0,25.59,0.0,5.09,13.47,5.03,0.0
20201222:1610,0.0,0.0,0.0,0.0,13.44,5.1,0.0
20201222:1710,0.0,0.0,0.0,0.0,13.59,5.72,0.0
20201222:1810,0.0,0.0,0.0,0.0,13.64,5.79,0.0
20201222:1910,0.0,0.0,0.0,0.0,13.77,5.03,0.0
20201222:2010,0.0,0.0,0.0,0.0,13.6,4.28,0.0
20201222:2110,0.0,0.0,0.0,0.0,13.27,3.66,0.0
20201222:2210,0.0,0.0,0.0,0.0,13.07,4.28,0.0
20201222:2310,0.0,0.0,0.0,0.0,13.25,4.28,0.0
20201223:0010,0.0,0.0,0.0,0.0,13.38,3.72,0.0
20201223:0110,0.0,0.0,0.0,0.0,13.34,4.48,0.0
20201223:0210,0.0,0.0,0.0,0.0,13.25,4.21,0.0
20201223:0310,0.0,0.0,0.0,0.0,12.82,4.0,0.0
20201223:0410,0.0,0.0,0.0,0.0,12.51,4.07,0.0
20201223:0510,0.0,0.0,0.0,0.0,12.41,4.14,0.0
20201223:0610,0.0,0.0,0.0,0.0,12.2,4.0,0.0
20201223:0710,0.0,0.0,0.0,0.0,11.74,4.0,0.0
20201223:0810,0.0,12.0,0.0,2.92,11.76,4.07,0.0
20201223:0910,1.0,53.0,0.0,9.63,11.93,4.55,0.0
20201223:1010,1.0,82.0,0.0,14.59,12.17,4.97,0.0
20201223:1110,51.0,137.0,0.0,17.4,12.57,5.38,0.0
20201223:1210,0.0,84.0,0.0,17.79,13.07,5.86,0.0
20201223:1310,0.0,82.0,0.0,15.71,13.13,6.55,0.0
20201223:1410,23.0,84.0,0.0,11.37,13.1,7.1,0.0
20201223:1510,5.0,29.78,0.0,5.15,12.64,6.97,0.0
20201223:1610,0.0,0.0,0.0,0.0,11.78,6.41,0.0
20201223:1710,0.0,0.0,0.0,0.0,10.96,6.07,0.0
20201223:1810,0.0,0.0,0.0,0.0,10.46,6.55,0.0
20201223:1910,0.0,0.0,0.0,0.0,9.75,7.03,0.0
20201223:2010,0.0,0.0,0.0,0.0,9.38,6.9,0.0
20201223:2110,0.0,0.0,0.0,0.0,9.17,6.9,0.0
20201223:2210,0.0,0.0,0.0,0.0,9.15,7.38,0.0
20201223:2310,0.0,0.0,0.0,0.0,8.92,7.79,0.0
20201224:0010,0.0,0.0,0.0,0.0,8.69,8.28,0.0
20201224:0110,0.0,0.0,0.0,0.0,8.1,8.41,0.0
20201224:0210,0.0,0.0,0.0,0.0,7.62,8.34,0.0
20201224:0310,0.0,0.0,0.0,0.0,7.68,7.93,0.0
20201224:0410,0.0,0.0,0.0,0.0,7.85,6.83,0.0
20201224:0510,0.0,0.0,0.0,0.0,8.01,5.17,0.0
20201224:0610,0.0,0.0,0.0,0.0,8.03,3.66,0.0
20201224:0710,0.0,0.0,0.0,0.0,8.09,3.45,0.0
20201224:0810,0.0,2.0,0.0,2.88,7.36,3.72,0.0
20201224:0910,11.0,69.0,0.0,9.6,7.2,4.48,0.0
20201224:1010,0.0,63.0,0.0,14.58,7.37,4.83,0.0
20201224:1110,0.0,41.0,0.0,17.4,7.32,5.66,0.0
20201224:1210,0.0,66.0,0.0,17.81,7.06,5.93,0.0
20201224:1310,11.0,114.0,0.0,15.74,6.87,5.59,0.0
20201224:1410,11.0,82.0,0.0,11.42,6.5,5.59,0.0
20201224:1510,0.0,20.0,0.0,5.22,5.83,5.31,0.0
20201224:1610,0.0,0.0,0.0,0.0,5.28,4.83,0.0
20201224:1710,0.0,0.0,0.0,0.0,4.67,4.62,0.0
20201224:1810,0.0,0.0,0.0,0.0,4.24,4.55,0.0
20201224:1910,0.0,0.0,0.0,0.0,3.57,4.83,0.0
20201224:2010,0.0,0.0,0.0,0.0,3.1,4.9,0.0
20201224:2110,0.0,0.0,0.0,0.0,3.03,4.62,0.0
20201224:2210,0.0,0.0,0.0,0.0,3.12,4.55,0.0
20201224:2310,0.0,0.0,0.0,0.0,3.29,4.55,0.0
20201225:0010,0.0,0.0,0.0,0.0,3.17,4.28,0.0
20201225:0110,0.0,0.0,0.0,0.0,3.21,4.07,0.0
20201225:0210,0.0,0.0,0.0,0.0,3.27,4.0,0.0
20201225:0310,0.0,0.0,0.0,0.0,3.53,4.0,0.0
20201225:0410,0.0,0.0,0.0,0.0,3.77,4.0,0.0
20201225:0510,0.0,0.0,0.0,0.0,3.42,4.07,0.0
20201225:0610,0.0,0.0,0.0,0.0,2.99,4.0,0.0
20201225:0710,0.0,0.0,0.0,0.0,3.75,4.34,0.0
20201225:0810,2.0,14.57,0.0,2.84,3.56,4.07,0.0
20201225:0910,18.0,71.0,0.0,9.57,3.67,4.0,0.0
20201225:1010,29.0,115.0,0.0,14.57,4.23,4.48,0.0
20201225:1110,70.0,138.0,0.0,17.41,4.71,5.38,0.0
20201225:1210,0.0,78.0,0.0,17.83,5.14,5.17,0.0
20201225:1310,4.0,105.0,0.0,15.79,5.34,4.83,0.0
20201225:1410,24.0,88.0,0.0,11.48,5.4,4.76,0.0
20201225:1510,4.0,30.05,0.0,5.29,4.92,3.93,0.0
20201225:1610,0.0,0.0,0.0,0.0,4.07,3.72,0.0
20201225:1710,0.0,0.0,0.0,0.0,3.58,3.66,0.0
20201225:1810,0.0,0.0,0.0,0.0,3.03,3.45,0.0
20201225:1910,0.0,0.0,0.0,0.0,2.84,3.31,0.0
20201225:2010,0.0,0.0,0.0,0.0,2.57,2.97,0.0
20201225:2110,0.0,0.0,0.0,0.0,2.55,2.69,0.0
20201225:2210,0.0,0.0,0.0,0.0,2.52,2.41,0.0
20201225:2310,0.0,0.0,0.0,0.0,2.29,2.41,0.0
20201226:0010,0.0,0.0,0.0,0.0,1.99,2.62,0.0
20201226:0110,0.0,0.0,0.0,0.0,2.0,2.48,0.0
20201226:0210,0.0,0.0,0.0,0.0,1.76,2.07,0.0
20201226:0310,0.0,0.0,0.0,0.0,1.55,1.86,0.0
20201226:0410,0.0,0.0,0.0,0.0,1.41,1.72,0.0
20201226:0510,0.0,0.0,0.0,0.0,1.54,1.79,0.0
20201226:0610,0.0,0.0,0.0,0.0,1.62,1.93,0.0
20201226:0710,0.0,0.0,0.0,0.0,1.69,2.21,0.0
20201226:0810,9.0,13.05,0.0,2.8,1.2,2.41,0.0
20201226:0910,102.01,41.0,0.0,9.55,1.88,2.41,0.0
20201226:1010,163.01,64.0,0.0,14.56,3.0,3.03,0.0
20201226:1110,217.01,68.0,0.0,17.43,3.9,3.52,0.0
20201226:1210,154.01,108.0,0.0,17.87,4.44,3.93,0.0
20201226:1310,28.0,126.0,0.0,15.84,4.82,4.21,0.0
20201226:1410,43.0,87.0,0.0,11.55,4.8,4.07,0.0
20201226:1510,24.0,27.01,0.0,5.37,4.72,4.07,0.0
20201226:1610,0.0,0.0,0.0,0.0,4.49,4.62,0.0
20201226:1710,0.0,0.0,0.0,0.0,4.41,4.69,0.0
20201226:1810,0.0,0.0,0.0,0.0,4.45,4.97,0.0
20201226:1910,0.0,0.0,0.0,0.0,4.12,5.38,0.0
20201226:2010,0.0,0.0,0.0,0.0,4.4,5.59,0.0
20201226:2110,0.0,0.0,0.0,0.0,4.52,5.79,0.0
20201226:2210,0.0,0.0,0.0,0.0,4.55,6.14,0.0
20201226:2310,0.0,0.0,0.0,0.0,4.67,6.55,0.0
20201227:0010,0.0,0.0,0.0,0.0,4.82,6.97,0.0
20201227:0110,0.0,0.0,0.0,0.0,4.99,7.31,0.0
20201227:0210,0.0,0.0,0.0,0.0,5.16,7.72,0.0
20201227:0310,0.0,0.0,0.0,0.0,5.51,8.28,0.0
20201227:0410,0.0,0.0,0.0,0.0,5.95,8.9,0.0
20201227:0510,0.0,0.0,0.0,0.0,6.36,9.31,0.0
20201227:0610,0.0,0.0,0.0,0.0,6.62,9.45,0.0
20201227:0710,0.0,0.0,0.0,0.0,6.7,9.24,0.0
20201227:0810,0.0,10.0,0.0,2.78,6.64,9.79,0.0
20201227:0910,0.0,36.0,0.0,9.54,6.3,10.55,0.0
20201227:1010,0.0,59.0,0.0,14.57,6.21,10.97,0.0
20201227:1110,0.0,91.0,0.0,17.45,6.22,11.1,0.0
20201227:1210,0.0,60.0,0.0,17.91,6.37,10.97,0.0
20201227:1310,0.0,49.0,0.0,15.9,6.31,9.86,0.0
20201227:1410,0.0,42.0,0.0,11.63,6.28,8.34,0.0
20201227:1510,0.0,12.0,0.0,5.46,6.38,7.45,0.0
20201227:1610,0.0,0.0,0.0,0.0,6.24,6.28,0.0
20201227:1710,0.0,0.0,0.0,0.0,6.31,4.55,0.0
20201227:1810,0.0,0.0,0.0,0.0,6.46,3.72,0.0
20201227:1910,0.0,0.0,0.0,0.0,5.59,4.55,0.0
20201227:2010,0.0,0.0,0.0,0.0,4.8,3.93,0.0
20201227:2110,0.0,0.0,0.0,0.0,4.01,3.72,0.0
20201227:2210,0.0,0.0,0.0,0.0,3.41,3.93,0.0
20201227:2310,0.0,0.0,0.0,0.0,3.35,4.14,0.0
20201228:0010,0.0,0.0,0.0,0.0,3.83,4.07,0.0
20201228:0110,0.0,0.0,0.0,0.0,4.13,3.93,0.0
20201228:0210,0.0,0.0,0.0,0.0,4.26,3.79,0.0
20201228:0310,0.0,0.0,0.0,0.0,4.18,4.34,0.0
20201228:0410,0.0,0.0,0.0,0.0,3.62,4.14,0.0
20201228:0510,0.0,0.0,0.0,0.0,3.58,4.14,0.0
20201228:0610,0.0,0.0,0.0,0.0,3.62,4.34,0.0
20201228:0710,0.0,0.0,0.0,0.0,3.23,4.41,0.0
20201228:0810,0.0,2.0,0.0,2.76,3.35,4.69,0.0
20201228:0910,60.0,61.0,0.0,9.54,3.44,5.1,0.0
20201228:1010,97.01,99.0,0.0,14.58,3.9,6.48,0.0
20201228:1110,42.0,142.0,0.0,17.48,4.56,5.86,0.0
20201228:1210,34.0,145.0,0.0,17.96,5.28,6.07,0.0
20201228:1310,0.0,41.0,0.0,15.97,5.55,5.59,0.0
20201228:1410,0.0,26.0,0.0,11.71,5.04,5.45,0.0
20201228:1510,0.0,21.0,0.0,5.55,4.35,4.97,0.0
20201228:1610,0.0,0.0,0.0,0.0,3.85,3.52,0.0
20201228:1710,0.0,0.0,0.0,0.0,3.55,0.9,0.0
20201228:1810,0.0,0.0,0.0,0.0,3.84,3.38,0.0
20201228:1910,0.0,0.0,0.0,0.0,3.38,5.17,0.0
20201228:2010,0.0,0.0,0.0,0.0,3.33,5.03,0.0
20201228:2110,0.0,0.0,0.0,0.0,3.44,4.62,0.0
20201228:2210,0.0,0.0,0.0,0.0,3.41,4.34,0.0
20201228:2310,0.0,0.0,0.0,0.0,3.4,4.28,0.0
20201229:0010,0.0,0.0,0.0,0.0,3.4,3.93,0.0
20201229:0110,0.0,0.0,0.0,0.0,3.11,3.86,0.0
20201229:0210,0.0,0.0,0.0,0.0,3.07,4.14,0.0
20201229:0310,0.0,0.0,0.0,0.0,3.16,3.59,0.0
20201229:0410,0.0,0.0,0.0,0.0,3.41,3.52,0.0
20201229:0510,0.0,0.0,0.0,0.0,3.69,3.59,0.0
20201229:0610,0.0,0.0,0.0,0.0,3.74,3.52,0.0
20201229:0710,0.0,0.0,0.0,0.0,3.27,3.17,0.0
20201229:0810,2.0,12.62,0.0,2.74,3.02,3.38,0.0
20201229:0910,3.0,60.0,0.0,9.54,3.14,3.66,0.0
20201229:1010,1.0,77.0,0.0,14.6,4.03,4.83,0.0
20201229:1110,0.0,55.0,0.0,17.52,4.44,4.83,0.0
20201229:1210,0.0,82.0,0.0,18.02,4.67,4.69,0.0
20201229:1310,0.0,40.0,0.0,16.05,4.77,4.69,0.0
20201229:1410,0.0,43.0,0.0,11.8,4.91,4.41,0.0
20201229:1510,0.0,18.0,0.0,5.65,4.86,4.0,0.0
20201229:1610,0.0,0.0,0.0,0.0,4.59,3.52,0.0
20201229:1710,0.0,0.0,0.0,0.0,4.26,3.17,0.0
20201229:1810,0.0,0.0,0.0,0.0,4.08,3.17,0.0
20201229:1910,0.0,0.0,0.0,0.0,3.22,3.31,0.0
20201229:2010,0.0,0.0,0.0,0.0,3.05,3.1,0.0
20201229:2110,0.0,0.0,0.0,0.0,2.95,2.83,0.0
20201229:2210,0.0,0.0,0.0,0.0,3.16,2.62,0.0
20201229:2310,0.0,0.0,0.0,0.0,3.41,2.62,0.0
20201230:0010,0.0,0.0,0.0,0.0,3.53,2.76,0.0
20201230:0110,0.0,0.0,0.0,0.0,3.45,2.97,0.0
20201230:0210,0.0,0.0,0.0,0.0,3.32,3.1,0.0
20201230:0310,0.0,0.0,0.0,0.0,3.25,3.03,0.0
20201230:0410,0.0,0.0,0.0,0.0,3.18,2.9,0.0
20201230:0510,0.0,0.0,0.0,0.0,3.12,2.76,0.0
20201230:0610,0.0,0.0,0.0,0.0,3.1,2.69,0.0
20201230:0710,0.0,0.0,0.0,0.0,2.11,2.69,0.0
20201230:0810,0.0,7.0,0.0,2.74,1.88,2.76,0.0
20201230:0910,19.0,71.0,0.0,9.55,2.47,2.55,0.0
20201230:1010,126.01,86.0,0.0,14.63,3.32,2.76,0.0
20201230:1110,109.01,127.0,0.0,17.57,4.39,3.72,0.0
20201230:1210,236.01,66.0,0.0,18.09,5.35,3.66,0.0
20201230:1310,24.0,127.0,0.0,16.13,5.8,3.66,0.0
20201230:1410,87.01,75.0,0.0,11.9,5.71,3.59,0.0
20201230:1510,7.0,37.0,0.0,5.76,5.47,3.52,0.0
20201230:1610,0.0,0.0,0.0,0.0,4.73,3.38,0.0
20201230:1710,0.0,0.0,0.0,0.0,4.14,3.45,0.0
20201230:1810,0.0,0.0,0.0,0.0,3.7,3.38,0.0
20201230:1910,0.0,0.0,0.0,0.0,3.79,3.59,0.0
20201230:2010,0.0,0.0,0.0,0.0,3.61,3.79,0.0
20201230:2110,0.0,0.0,0.0,0.0,3.26,3.79,0.0
20201230:2210,0.0,0.0,0.0,0.0,2.74,4.28,0.0
20201230:2310,0.0,0.0,0.0,0.0,2.86,4.97,0.0
20201231:0010,0.0,0.0,0.0,0.0,2.84,5.1,0.0
20201231:0110,0.0,0.0,0.0,0.0,2.8,4.69,0.0
20201231:0210,0.0,0.0,0.0,0.0,2.8,3.93,0.0
20201231:0310,0.0,0.0,0.0,0.0,3.38,4.0,0.0
20201231:0410,0.0,0.0,0.0,0.0,4.22,4.21,0.0
20201231:0510,0.0,0.0,0.0,0.0,5.03,4.07,0.0
20201231:0610,0.0,0.0,0.0,0.0,5.3,4.0,0.0
20201231:0710,0.0,0.0,0.0,0.0,5.58,3.79,0.0
20201231:0810,1.0,12.81,0.0,2.74,4.95,3.1,0.0
20201231:0910,9.0,66.0,0.0,9.56,4.49,2.9,0.0
20201231:1010,0.0,73.0,0.0,14.66,4.15,3.17,0.0
20201231:1110,0.0,58.0,0.0,17.62,4.07,3.31,0.0
20201231:1210,0.0,57.0,0.0,18.16,3.92,3.66,0.0
20201231:1310,0.0,74.0,0.0,16.22,4.21,4.07,0.0
20201231:1410,2.0,73.0,0.0,12.0,4.41,3.86,0.0
20201231:1510,1.0,29.0,0.0,5.87,4.31,3.03,0.0
20201231:1610,0.0,0.0,0.0,0.0,3.68,2.0,0.0
20201231:1710,0.0,0.0,0.0,0.0,3.18,1.52,0.0
20201231:1810,0.0,0.0,0.0,0.0,2.39,1.45,0.0
20201231:1910,0.0,0.0,0.0,0.0,1.27,2.07,0.0
20201231:2010,0.0,0.0,0.0,0.0,0.68,2.0,0.0
20201231:2110,0.0,0.0,0.0,0.0,0.54,1.79,0.0
20201231:2210,0.0,0.0,0.0,0.0,-0.05,1.79,0.0
20201231:2310,0.0,0.0,0.0,0.0,-0.81,1.79,0.0

Gb(i): Beam (direct) irradiance on the inclined plane (plane of the array) (W/m2)
Gd(i): Diffuse irradiance on the inclined plane (plane of the array) (W/m2)
Gr(i): Reflected irradiance on the inclined plane (plane of the array) (W/m2)
H_sun: Sun height (degree)
T2m: 2-m air temperature (degree Celsius)
WS10m: 10-m total wind speed (m/s)
Int: 1 means solar radiation values are reconstructed



PVGIS (c) European Union, 2001-2026