Latitude (decimal degrees):	48.630
Longitude (decimal degrees):	2.270
Elevation (m):	56
Radiation database:	PVGIS-SARAH3


Slope: 0 deg. 
Azimuth: 0 deg. 
time,Gb(i),Gd(i),Gr(i),H_sun,T2m,WS10m,Int
20080101:0010,0.0,0.0,0.0,0.0,4.24,0.9,0.0
20080101:0110,0.0,0.0,0.0,0.0,4.34,1.17,0.0
20080101:0210,0.0,0.0,0.0,0.0,4.29,1.38,0.0
20080101:0310,0.0,0.0,0.0,0.0,4.19,1.45,0.0
20080101:0410,0.0,0.0,0.0,0.0,4.02,1.72,0.0
20080101:0510,0.0,0.0,0.0,0.0,3.8,1.93,0.0
20080101:0610,0.0,0.0,0.0,0.0,3.5,2.07,0.0
20080101:0710,0.0,0.0,0.0,0.0,3.91,1.72,0.0
20080101:0810,0.0,5.0,0.0,2.75,3.57,1.79,0.0
20080101:0910,0.0,30.0,0.0,9.59,3.33,1.86,0.0
20080101:1010,2.0,85.0,0.0,14.71,3.3,1.72,0.0
20080101:1110,0.0,70.0,0.0,17.7,3.19,1.66,0.0
20080101:1210,0.0,57.0,0.0,18.27,3.33,1.45,0.0
20080101:1310,13.0,121.0,0.0,16.35,3.51,1.38,0.0
20080101:1410,102.01,68.0,0.0,12.14,3.58,1.52,0.0
20080101:1510,40.0,31.0,0.0,6.02,3.41,1.72,0.0
20080101:1610,0.0,0.0,0.0,0.0,2.89,2.14,0.0
20080101:1710,0.0,0.0,0.0,0.0,2.29,2.28,0.0
20080101:1810,0.0,0.0,0.0,0.0,1.58,2.9,0.0
20080101:1910,0.0,0.0,0.0,0.0,1.38,3.03,0.0
20080101:2010,0.0,0.0,0.0,0.0,0.96,3.17,0.0
20080101:2110,0.0,0.0,0.0,0.0,0.7,3.17,0.0
20080101:2210,0.0,0.0,0.0,0.0,0.57,3.24,0.0
20080101:2310,0.0,0.0,0.0,0.0,0.49,3.45,0.0
20080102:0010,0.0,0.0,0.0,0.0,0.45,3.66,0.0
20080102:0110,0.0,0.0,0.0,0.0,0.44,3.79,0.0
20080102:0210,0.0,0.0,0.0,0.0,0.57,3.72,0.0
20080102:0310,0.0,0.0,0.0,0.0,0.49,3.24,0.0
20080102:0410,0.0,0.0,0.0,0.0,0.32,3.52,0.0
20080102:0510,0.0,0.0,0.0,0.0,-0.08,3.66,0.0
20080102:0610,0.0,0.0,0.0,0.0,-0.8,3.72,0.0
20080102:0710,0.0,0.0,0.0,0.0,-1.18,3.66,0.0
20080102:0810,9.0,13.02,0.0,2.76,-1.73,3.59,0.0
20080102:0910,73.01,56.0,0.0,9.62,-1.24,3.24,0.0
20080102:1010,43.0,117.0,0.0,14.77,-0.25,3.86,0.0
20080102:1110,93.0,134.0,0.0,17.77,0.92,4.07,0.0
20080102:1210,114.01,132.0,0.0,18.36,1.89,4.07,0.0
20080102:1310,193.01,69.0,0.0,16.45,2.51,4.07,0.0
20080102:1410,125.01,58.0,0.0,12.26,2.77,4.07,0.0
20080102:1510,16.0,41.0,0.0,6.14,2.41,3.59,0.0
20080102:1610,0.0,0.0,0.0,0.0,1.52,3.52,0.0
20080102:1710,0.0,0.0,0.0,0.0,0.6,3.52,0.0
20080102:1810,0.0,0.0,0.0,0.0,0.07,3.38,0.0
20080102:1910,0.0,0.0,0.0,0.0,0.25,3.17,0.0
20080102:2010,0.0,0.0,0.0,0.0,0.12,2.83,0.0
20080102:2110,0.0,0.0,0.0,0.0,-0.13,2.62,0.0
20080102:2210,0.0,0.0,0.0,0.0,-0.52,2.62,0.0
20080102:2310,0.0,0.0,0.0,0.0,-0.82,2.55,0.0
20080103:0010,0.0,0.0,0.0,0.0,-1.08,2.55,0.0
20080103:0110,0.0,0.0,0.0,0.0,-1.06,2.55,0.0
20080103:0210,0.0,0.0,0.0,0.0,-0.8,2.55,0.0
20080103:0310,0.0,0.0,0.0,0.0,-0.34,2.55,0.0
20080103:0410,0.0,0.0,0.0,0.0,0.07,2.55,0.0
20080103:0510,0.0,0.0,0.0,0.0,0.72,2.76,0.0
20080103:0610,0.0,0.0,0.0,0.0,1.41,3.03,0.0
20080103:0710,0.0,0.0,0.0,0.0,1.25,2.76,0.0
20080103:0810,0.0,4.0,0.0,2.78,1.85,2.9,0.0
20080103:0910,0.0,12.0,0.0,9.66,2.72,3.1,0.0
20080103:1010,0.0,49.0,0.0,14.82,3.8,3.45,0.0
20080103:1110,1.0,96.0,0.0,17.85,4.92,3.31,0.0
20080103:1210,0.0,85.0,0.0,18.46,5.7,3.17,0.0
20080103:1310,12.0,120.0,0.0,16.57,6.03,3.45,0.0
20080103:1410,22.0,92.0,0.0,12.38,6.32,3.38,0.0
20080103:1510,9.0,40.0,0.0,6.27,6.05,3.45,0.0
20080103:1610,0.0,0.0,0.0,0.0,5.15,3.45,0.0
20080103:1710,0.0,0.0,0.0,0.0,4.35,3.59,0.0
20080103:1810,0.0,0.0,0.0,0.0,4.03,3.72,0.0
20080103:1910,0.0,0.0,0.0,0.0,4.54,3.59,0.0
20080103:2010,0.0,0.0,0.0,0.0,4.8,3.79,0.0
20080103:2110,0.0,0.0,0.0,0.0,4.78,3.79,0.0
20080103:2210,0.0,0.0,0.0,0.0,4.84,3.66,0.0
20080103:2310,0.0,0.0,0.0,0.0,4.99,3.59,0.0
20080104:0010,0.0,0.0,0.0,0.0,5.22,3.59,0.0
20080104:0110,0.0,0.0,0.0,0.0,5.28,3.72,0.0
20080104:0210,0.0,0.0,0.0,0.0,5.28,4.14,0.0
20080104:0310,0.0,0.0,0.0,0.0,5.43,4.34,0.0
20080104:0410,0.0,0.0,0.0,0.0,5.52,4.34,0.0
20080104:0510,0.0,0.0,0.0,0.0,5.53,4.28,0.0
20080104:0610,0.0,0.0,0.0,0.0,5.5,4.21,0.0
20080104:0710,0.0,0.0,0.0,0.0,6.63,4.48,0.0
20080104:0810,4.0,14.13,0.0,2.81,6.88,5.03,0.0
20080104:0910,8.0,66.0,0.0,9.71,6.94,4.76,0.0
20080104:1010,62.0,113.0,0.0,14.89,6.87,4.69,0.0
20080104:1110,5.0,117.0,0.0,17.94,7.19,4.9,0.0
20080104:1210,240.01,66.0,0.0,18.56,7.97,5.03,0.0
20080104:1310,22.0,128.0,0.0,16.69,8.76,4.62,0.0
20080104:1410,0.0,62.0,0.0,12.51,8.78,5.86,0.0
20080104:1510,7.0,40.0,0.0,6.41,8.44,5.59,0.0
20080104:1610,0.0,0.0,0.0,0.0,8.23,5.45,0.0
20080104:1710,0.0,0.0,0.0,0.0,8.16,5.66,0.0
20080104:1810,0.0,0.0,0.0,0.0,8.54,6.21,0.0
20080104:1910,0.0,0.0,0.0,0.0,8.96,6.97,0.0
20080104:2010,0.0,0.0,0.0,0.0,8.87,7.45,0.0
20080104:2110,0.0,0.0,0.0,0.0,9.0,7.31,0.0
20080104:2210,0.0,0.0,0.0,0.0,9.07,7.17,0.0
20080104:2310,0.0,0.0,0.0,0.0,9.14,7.59,0.0
20080105:0010,0.0,0.0,0.0,0.0,8.91,8.41,0.0
20080105:0110,0.0,0.0,0.0,0.0,8.8,8.62,0.0
20080105:0210,0.0,0.0,0.0,0.0,8.6,9.03,0.0
20080105:0310,0.0,0.0,0.0,0.0,8.25,9.03,0.0
20080105:0410,0.0,0.0,0.0,0.0,7.81,8.48,0.0
20080105:0510,0.0,0.0,0.0,0.0,7.81,7.52,0.0
20080105:0610,0.0,0.0,0.0,0.0,8.0,6.48,0.0
20080105:0710,0.0,0.0,0.0,0.0,7.77,5.1,0.0
20080105:0810,2.0,13.6,0.0,2.85,7.26,4.83,0.0
20080105:0910,90.01,48.0,0.0,9.76,7.44,5.03,0.0
20080105:1010,8.0,103.0,0.0,14.96,8.31,5.24,0.0
20080105:1110,48.0,144.0,0.0,18.03,8.9,5.1,0.0
20080105:1210,0.0,89.0,0.0,18.67,9.29,4.83,0.0
20080105:1310,0.0,70.0,0.0,16.82,9.55,4.69,0.0
20080105:1410,6.0,84.0,0.0,12.65,9.62,5.1,0.0
20080105:1510,3.0,37.0,0.0,6.56,8.96,4.69,0.0
20080105:1610,0.0,0.0,0.0,0.0,8.32,4.76,0.0
20080105:1710,0.0,0.0,0.0,0.0,8.18,4.83,0.0
20080105:1810,0.0,0.0,0.0,0.0,8.16,4.48,0.0
20080105:1910,0.0,0.0,0.0,0.0,8.05,4.34,0.0
20080105:2010,0.0,0.0,0.0,0.0,8.06,4.21,0.0
20080105:2110,0.0,0.0,0.0,0.0,8.19,3.86,0.0
20080105:2210,0.0,0.0,0.0,0.0,8.23,3.79,0.0
20080105:2310,0.0,0.0,0.0,0.0,8.25,3.86,0.0
20080106:0010,0.0,0.0,0.0,0.0,8.17,3.86,0.0
20080106:0110,0.0,0.0,0.0,0.0,7.63,3.93,0.0
20080106:0210,0.0,0.0,0.0,0.0,7.18,3.79,0.0
20080106:0310,0.0,0.0,0.0,0.0,7.24,3.59,0.0
20080106:0410,0.0,0.0,0.0,0.0,7.22,3.38,0.0
20080106:0510,0.0,0.0,0.0,0.0,6.76,2.97,0.0
20080106:0610,0.0,0.0,0.0,0.0,6.42,2.69,0.0
20080106:0710,0.0,0.0,0.0,0.0,5.68,2.97,0.0
20080106:0810,6.0,14.65,0.0,2.89,5.09,2.62,0.0
20080106:0910,90.01,48.0,0.0,9.82,5.05,2.48,0.0
20080106:1010,163.01,68.0,0.0,15.04,6.22,2.76,0.0
20080106:1110,200.01,83.0,0.0,18.13,7.6,3.31,0.0
20080106:1210,198.01,92.0,0.0,18.79,8.16,3.38,0.0
20080106:1310,0.0,87.0,0.0,16.95,8.18,3.52,0.0
20080106:1410,0.0,17.0,0.0,12.8,8.01,2.76,0.0
20080106:1510,4.0,41.0,0.0,6.7,7.64,2.69,0.0
20080106:1610,0.0,0.0,0.0,0.0,7.06,2.9,0.0
20080106:1710,0.0,0.0,0.0,0.0,6.3,3.03,0.0
20080106:1810,0.0,0.0,0.0,0.0,6.18,3.38,0.0
20080106:1910,0.0,0.0,0.0,0.0,6.73,3.59,0.0
20080106:2010,0.0,0.0,0.0,0.0,7.41,4.07,0.0
20080106:2110,0.0,0.0,0.0,0.0,7.97,4.34,0.0
20080106:2210,0.0,0.0,0.0,0.0,8.47,4.28,0.0
20080106:2310,0.0,0.0,0.0,0.0,9.63,4.55,0.0
20080107:0010,0.0,0.0,0.0,0.0,10.88,5.1,0.0
20080107:0110,0.0,0.0,0.0,0.0,11.55,5.93,0.0
20080107:0210,0.0,0.0,0.0,0.0,11.49,7.1,0.0
20080107:0310,0.0,0.0,0.0,0.0,10.8,6.14,0.0
20080107:0410,0.0,0.0,0.0,0.0,9.85,5.03,0.0
20080107:0510,0.0,0.0,0.0,0.0,9.15,5.45,0.0
20080107:0610,0.0,0.0,0.0,0.0,8.5,5.79,0.0
20080107:0710,0.0,0.0,0.0,0.0,8.04,5.86,0.0
20080107:0810,5.0,14.9,0.0,2.94,7.44,5.72,0.0
20080107:0910,85.01,51.0,0.0,9.89,7.45,5.72,0.0
20080107:1010,131.01,87.0,0.0,15.13,8.1,5.72,0.0
20080107:1110,186.01,93.0,0.0,18.24,8.83,5.66,0.0
20080107:1210,220.01,81.0,0.0,18.92,9.38,6.21,0.0
20080107:1310,194.01,74.0,0.0,17.09,9.75,6.14,0.0
20080107:1410,130.01,61.0,0.0,12.95,9.77,5.59,0.0
20080107:1510,47.0,37.0,0.0,6.86,9.35,5.17,0.0
20080107:1610,0.0,0.0,0.0,0.0,8.45,4.9,0.0
20080107:1710,0.0,0.0,0.0,0.0,7.64,4.76,0.0
20080107:1810,0.0,0.0,0.0,0.0,7.16,4.69,0.0
20080107:1910,0.0,0.0,0.0,0.0,7.34,5.1,0.0
20080107:2010,0.0,0.0,0.0,0.0,7.18,4.9,0.0
20080107:2110,0.0,0.0,0.0,0.0,7.22,4.62,0.0
20080107:2210,0.0,0.0,0.0,0.0,7.19,4.21,0.0
20080107:2310,0.0,0.0,0.0,0.0,6.76,3.86,0.0
20080108:0010,0.0,0.0,0.0,0.0,6.43,3.66,0.0
20080108:0110,0.0,0.0,0.0,0.0,5.99,3.45,0.0
20080108:0210,0.0,0.0,0.0,0.0,5.5,3.24,0.0
20080108:0310,0.0,0.0,0.0,0.0,5.08,3.24,0.0
20080108:0410,0.0,0.0,0.0,0.0,4.78,3.38,0.0
20080108:0510,0.0,0.0,0.0,0.0,4.56,3.45,0.0
20080108:0610,0.0,0.0,0.0,0.0,4.43,3.45,0.0
20080108:0710,0.0,0.0,0.0,0.0,4.09,3.31,0.0
20080108:0810,0.0,8.0,0.0,3.0,4.06,3.24,0.0
20080108:0910,0.0,37.0,0.0,9.96,4.58,4.28,0.0
20080108:1010,0.0,66.0,0.0,15.23,5.21,4.34,0.0
20080108:1110,0.0,87.0,0.0,18.36,5.72,4.48,0.0
20080108:1210,0.0,79.0,0.0,19.06,6.21,4.48,0.0
20080108:1310,0.0,64.0,0.0,17.24,6.48,4.41,0.0
20080108:1410,0.0,49.0,0.0,13.1,6.59,4.41,0.0
20080108:1510,25.0,46.0,0.0,7.02,6.48,4.34,0.0
20080108:1610,0.0,0.0,0.0,0.0,6.35,3.66,0.0
20080108:1710,0.0,0.0,0.0,0.0,6.09,3.66,0.0
20080108:1810,0.0,0.0,0.0,0.0,5.89,3.79,0.0
20080108:1910,0.0,0.0,0.0,0.0,5.97,3.93,0.0
20080108:2010,0.0,0.0,0.0,0.0,5.84,4.0,0.0
20080108:2110,0.0,0.0,0.0,0.0,5.55,4.0,0.0
20080108:2210,0.0,0.0,0.0,0.0,5.37,4.28,0.0
20080108:2310,0.0,0.0,0.0,0.0,5.65,4.62,0.0
20080109:0010,0.0,0.0,0.0,0.0,6.13,4.83,0.0
20080109:0110,0.0,0.0,0.0,0.0,6.69,5.03,0.0
20080109:0210,0.0,0.0,0.0,0.0,7.01,5.1,0.0
20080109:0310,0.0,0.0,0.0,0.0,7.3,5.17,0.0
20080109:0410,0.0,0.0,0.0,0.0,7.4,5.03,0.0
20080109:0510,0.0,0.0,0.0,0.0,7.73,5.03,0.0
20080109:0610,0.0,0.0,0.0,0.0,8.04,5.1,0.0
20080109:0710,0.0,0.0,0.0,0.0,8.16,4.9,0.0
20080109:0810,0.0,3.0,0.0,3.06,8.33,5.03,0.0
20080109:0910,0.0,48.0,0.0,10.05,8.56,5.24,0.0
20080109:1010,2.0,89.0,0.0,15.33,8.64,4.9,0.0
20080109:1110,54.0,148.0,0.0,18.48,8.49,4.41,0.0
20080109:1210,121.01,136.0,0.0,19.2,8.46,3.72,0.0
20080109:1310,34.0,138.0,0.0,17.4,8.66,3.38,0.0
20080109:1410,108.01,76.0,0.0,13.27,8.77,3.38,0.0
20080109:1510,2.0,38.0,0.0,7.19,8.42,2.97,0.0
20080109:1610,0.0,0.0,0.0,0.0,7.3,2.55,0.0
20080109:1710,0.0,0.0,0.0,0.0,6.18,2.55,0.0
20080109:1810,0.0,0.0,0.0,0.0,5.57,2.83,0.0
20080109:1910,0.0,0.0,0.0,0.0,5.09,3.24,0.0
20080109:2010,0.0,0.0,0.0,0.0,4.71,3.31,0.0
20080109:2110,0.0,0.0,0.0,0.0,4.57,3.31,0.0
20080109:2210,0.0,0.0,0.0,0.0,4.43,3.24,0.0
20080109:2310,0.0,0.0,0.0,0.0,4.33,3.24,0.0
20080110:0010,0.0,0.0,0.0,0.0,4.12,3.31,0.0
20080110:0110,0.0,0.0,0.0,0.0,3.91,3.59,0.0
20080110:0210,0.0,0.0,0.0,0.0,3.67,3.66,0.0
20080110:0310,0.0,0.0,0.0,0.0,3.45,3.59,0.0
20080110:0410,0.0,0.0,0.0,0.0,3.33,3.66,0.0
20080110:0510,0.0,0.0,0.0,0.0,3.47,3.72,0.0
20080110:0610,0.0,0.0,0.0,0.0,4.24,3.86,0.0
20080110:0710,0.0,0.0,0.0,0.0,4.8,4.07,0.0
20080110:0810,1.0,14.81,0.0,3.13,5.92,4.41,0.0
20080110:0910,0.0,28.0,0.0,10.14,7.46,5.17,0.0
20080110:1010,0.0,56.0,0.0,15.44,8.65,5.86,0.0
20080110:1110,0.0,81.0,0.0,18.61,9.45,6.55,0.0
20080110:1210,0.0,100.0,0.0,19.35,10.05,6.48,0.0
20080110:1310,13.0,128.0,0.0,17.56,10.58,6.14,0.0
20080110:1410,10.0,95.0,0.0,13.44,10.84,6.97,0.0
20080110:1510,4.0,45.0,0.0,7.36,10.84,6.34,0.0
20080110:1610,0.0,0.0,0.0,0.0,10.73,6.0,0.0
20080110:1710,0.0,0.0,0.0,0.0,10.21,5.86,0.0
20080110:1810,0.0,0.0,0.0,0.0,10.01,6.0,0.0
20080110:1910,0.0,0.0,0.0,0.0,9.7,6.41,0.0
20080110:2010,0.0,0.0,0.0,0.0,9.83,6.62,0.0
20080110:2110,0.0,0.0,0.0,0.0,9.73,6.69,0.0
20080110:2210,0.0,0.0,0.0,0.0,9.5,6.55,0.0
20080110:2310,0.0,0.0,0.0,0.0,9.4,6.41,0.0
20080111:0010,0.0,0.0,0.0,0.0,9.28,6.28,0.0
20080111:0110,0.0,0.0,0.0,0.0,9.04,6.14,0.0
20080111:0210,0.0,0.0,0.0,0.0,8.92,6.07,0.0
20080111:0310,0.0,0.0,0.0,0.0,8.74,6.0,0.0
20080111:0410,0.0,0.0,0.0,0.0,8.69,6.28,0.0
20080111:0510,0.0,0.0,0.0,0.0,8.78,6.55,0.0
20080111:0610,0.0,0.0,0.0,0.0,9.02,6.76,0.0
20080111:0710,0.0,0.0,0.0,0.0,9.45,6.28,0.0
20080111:0810,0.0,6.0,0.0,3.21,9.34,6.48,0.0
20080111:0910,13.0,73.0,0.0,10.23,9.67,6.83,0.0
20080111:1010,0.0,46.0,0.0,15.56,10.01,7.38,0.0
20080111:1110,0.0,26.0,0.0,18.75,10.42,7.86,0.0
20080111:1210,0.0,82.0,0.0,19.5,10.33,7.93,0.0
20080111:1310,0.0,42.0,0.0,17.73,9.78,7.86,0.0
20080111:1410,0.0,18.0,0.0,13.61,9.55,7.86,0.0
20080111:1510,1.0,36.0,0.0,7.54,9.22,7.72,0.0
20080111:1610,0.0,0.0,0.0,0.0,8.83,6.69,0.0
20080111:1710,0.0,0.0,0.0,0.0,8.38,6.34,0.0
20080111:1810,0.0,0.0,0.0,0.0,7.88,6.34,0.0
20080111:1910,0.0,0.0,0.0,0.0,6.97,7.03,0.0
20080111:2010,0.0,0.0,0.0,0.0,6.73,7.38,0.0
20080111:2110,0.0,0.0,0.0,0.0,7.04,7.52,0.0
20080111:2210,0.0,0.0,0.0,0.0,7.21,7.59,0.0
20080111:2310,0.0,0.0,0.0,0.0,6.69,6.97,0.0
20080112:0010,0.0,0.0,0.0,0.0,6.4,6.0,0.0
20080112:0110,0.0,0.0,0.0,0.0,6.02,5.66,0.0
20080112:0210,0.0,0.0,0.0,0.0,5.65,5.52,0.0
20080112:0310,0.0,0.0,0.0,0.0,5.23,5.1,0.0
20080112:0410,0.0,0.0,0.0,0.0,5.18,4.83,0.0
20080112:0510,0.0,0.0,0.0,0.0,5.0,4.48,0.0
20080112:0610,0.0,0.0,0.0,0.0,4.85,4.34,0.0
20080112:0710,0.0,0.0,0.0,0.0,4.88,4.69,0.0
20080112:0810,10.0,16.66,0.0,3.29,4.57,4.55,0.0
20080112:0910,102.01,48.0,0.0,10.33,4.93,4.28,0.0
20080112:1010,184.01,66.0,0.0,15.68,5.45,3.66,0.0
20080112:1110,247.01,69.0,0.0,18.9,6.36,4.21,0.0
20080112:1210,261.01,69.0,0.0,19.67,7.15,4.34,0.0
20080112:1310,217.01,72.0,0.0,17.9,7.74,4.41,0.0
20080112:1410,153.01,60.0,0.0,13.79,7.98,4.21,0.0
20080112:1510,62.01,39.0,0.0,7.72,7.74,3.52,0.0
20080112:1610,0.0,0.0,0.0,0.0,6.61,3.24,0.0
20080112:1710,0.0,0.0,0.0,0.0,5.32,3.17,0.0
20080112:1810,0.0,0.0,0.0,0.0,4.58,3.24,0.0
20080112:1910,0.0,0.0,0.0,0.0,3.93,3.24,0.0
20080112:2010,0.0,0.0,0.0,0.0,3.73,3.38,0.0
20080112:2110,0.0,0.0,0.0,0.0,3.62,3.52,0.0
20080112:2210,0.0,0.0,0.0,0.0,3.63,3.79,0.0
20080112:2310,0.0,0.0,0.0,0.0,3.57,3.79,0.0
20080113:0010,0.0,0.0,0.0,0.0,3.88,3.86,0.0
20080113:0110,0.0,0.0,0.0,0.0,4.5,4.0,0.0
20080113:0210,0.0,0.0,0.0,0.0,5.07,4.07,0.0
20080113:0310,0.0,0.0,0.0,0.0,5.36,4.07,0.0
20080113:0410,0.0,0.0,0.0,0.0,5.2,3.86,0.0
20080113:0510,0.0,0.0,0.0,0.0,5.07,3.86,0.0
20080113:0610,0.0,0.0,0.0,0.0,4.92,3.86,0.0
20080113:0710,0.0,0.0,0.0,0.0,4.89,3.93,0.0
20080113:0810,1.0,13.83,0.0,3.38,4.8,3.86,0.0
20080113:0910,83.01,58.0,0.0,10.44,5.15,3.45,0.0
20080113:1010,152.01,82.0,0.0,15.81,5.72,3.86,0.0
20080113:1110,155.01,118.0,0.0,19.05,6.64,4.28,0.0
20080113:1210,178.01,114.0,0.0,19.83,7.58,4.62,0.0
20080113:1310,157.01,105.0,0.0,18.08,8.14,4.76,0.0
20080113:1410,63.0,102.0,0.0,13.98,8.25,4.55,0.0
20080113:1510,29.0,53.0,0.0,7.91,7.74,4.21,0.0
20080113:1610,0.0,0.0,0.0,0.0,6.75,4.69,0.0
20080113:1710,0.0,0.0,0.0,0.0,6.03,5.17,0.0
20080113:1810,0.0,0.0,0.0,0.0,5.64,5.24,0.0
20080113:1910,0.0,0.0,0.0,0.0,5.25,5.17,0.0
20080113:2010,0.0,0.0,0.0,0.0,4.79,4.83,0.0
20080113:2110,0.0,0.0,0.0,0.0,4.58,4.62,0.0
20080113:2210,0.0,0.0,0.0,0.0,4.59,4.48,0.0
20080113:2310,0.0,0.0,0.0,0.0,4.82,4.48,0.0
20080114:0010,0.0,0.0,0.0,0.0,5.37,4.62,0.0
20080114:0110,0.0,0.0,0.0,0.0,5.69,4.83,0.0
20080114:0210,0.0,0.0,0.0,0.0,5.63,5.24,0.0
20080114:0310,0.0,0.0,0.0,0.0,5.61,5.52,0.0
20080114:0410,0.0,0.0,0.0,0.0,5.73,5.52,0.0
20080114:0510,0.0,0.0,0.0,0.0,5.73,5.52,0.0
20080114:0610,0.0,0.0,0.0,0.0,6.05,5.52,0.0
20080114:0710,0.0,0.0,0.0,0.0,5.83,5.38,0.0
20080114:0810,17.0,13.63,0.0,3.48,5.73,5.24,0.0
20080114:0910,51.0,73.0,0.0,10.56,6.53,5.38,0.0
20080114:1010,127.01,97.0,0.0,15.95,7.51,5.17,0.0
20080114:1110,247.01,70.0,0.0,19.21,8.62,5.31,0.0
20080114:1210,1.0,108.0,0.0,20.01,9.52,5.66,0.0
20080114:1310,1.0,99.0,0.0,18.27,9.85,5.52,0.0
20080114:1410,0.0,38.0,0.0,14.17,10.18,5.52,0.0
20080114:1510,2.0,45.0,0.0,8.1,9.42,5.52,0.0
20080114:1610,0.0,0.0,0.0,0.0,8.87,4.9,0.0
20080114:1710,0.0,0.0,0.0,0.0,8.17,4.83,0.0
20080114:1810,0.0,0.0,0.0,0.0,7.82,4.97,0.0
20080114:1910,0.0,0.0,0.0,0.0,7.67,4.83,0.0
20080114:2010,0.0,0.0,0.0,0.0,7.49,4.76,0.0
20080114:2110,0.0,0.0,0.0,0.0,7.11,4.83,0.0
20080114:2210,0.0,0.0,0.0,0.0,6.89,4.97,0.0
20080114:2310,0.0,0.0,0.0,0.0,6.83,5.03,0.0
20080115:0010,0.0,0.0,0.0,0.0,6.97,5.38,0.0
20080115:0110,0.0,0.0,0.0,0.0,7.1,5.52,0.0
20080115:0210,0.0,0.0,0.0,0.0,7.18,5.52,0.0
20080115:0310,0.0,0.0,0.0,0.0,7.32,5.86,0.0
20080115:0410,0.0,0.0,0.0,0.0,7.55,6.34,0.0
20080115:0510,0.0,0.0,0.0,0.0,7.76,6.69,0.0
20080115:0610,0.0,0.0,0.0,0.0,7.99,7.1,0.0
20080115:0710,0.0,0.0,0.0,0.0,8.08,7.59,0.0
20080115:0810,0.0,12.0,0.0,3.58,8.31,8.14,0.0
20080115:0910,0.0,47.0,0.0,10.68,8.61,8.69,0.0
20080115:1010,3.0,97.0,0.0,16.09,8.42,9.24,0.0
20080115:1110,9.0,135.0,0.0,19.37,8.18,9.66,0.0
20080115:1210,0.0,95.0,0.0,20.19,8.01,9.79,0.0
20080115:1310,0.0,53.0,0.0,18.46,8.05,9.72,0.0
20080115:1410,1.0,80.0,0.0,14.37,8.14,9.72,0.0
20080115:1510,3.0,48.0,0.0,8.3,8.37,9.66,0.0
20080115:1610,0.0,0.0,0.0,0.0,8.37,9.86,0.0
20080115:1710,0.0,0.0,0.0,0.0,8.46,10.14,0.0
20080115:1810,0.0,0.0,0.0,0.0,8.31,10.28,0.0
20080115:1910,0.0,0.0,0.0,0.0,8.25,9.86,0.0
20080115:2010,0.0,0.0,0.0,0.0,8.29,9.59,0.0
20080115:2110,0.0,0.0,0.0,0.0,8.65,9.45,0.0
20080115:2210,0.0,0.0,0.0,0.0,8.91,9.38,0.0
20080115:2310,0.0,0.0,0.0,0.0,8.71,8.62,0.0
20080116:0010,0.0,0.0,0.0,0.0,8.22,7.59,0.0
20080116:0110,0.0,0.0,0.0,0.0,7.81,6.69,0.0
20080116:0210,0.0,0.0,0.0,0.0,7.49,6.55,0.0
20080116:0310,0.0,0.0,0.0,0.0,7.11,6.41,0.0
20080116:0410,0.0,0.0,0.0,0.0,6.94,6.41,0.0
20080116:0510,0.0,0.0,0.0,0.0,6.76,6.48,0.0
20080116:0610,0.0,0.0,0.0,0.0,6.75,6.07,0.0
20080116:0710,0.0,0.0,0.0,0.0,5.57,4.69,0.0
20080116:0810,8.0,19.15,0.0,3.69,5.3,4.21,0.0
20080116:0910,28.0,80.0,0.0,10.81,5.74,3.86,0.0
20080116:1010,2.0,97.0,0.0,16.25,6.64,3.24,0.0
20080116:1110,0.0,53.0,0.0,19.55,7.77,3.86,0.0
20080116:1210,3.0,127.0,0.0,20.38,8.01,3.45,0.0
20080116:1310,8.0,130.0,0.0,18.66,8.12,3.66,0.0
20080116:1410,4.0,93.0,0.0,14.57,8.3,3.24,0.0
20080116:1510,0.0,11.0,0.0,8.5,8.32,3.38,0.0
20080116:1610,0.0,0.0,0.0,0.0,7.73,2.9,0.0
20080116:1710,0.0,0.0,0.0,0.0,6.9,2.34,0.0
20080116:1810,0.0,0.0,0.0,0.0,5.9,2.69,0.0
20080116:1910,0.0,0.0,0.0,0.0,4.97,2.76,0.0
20080116:2010,0.0,0.0,0.0,0.0,4.81,2.83,0.0
20080116:2110,0.0,0.0,0.0,0.0,4.68,2.62,0.0
20080116:2210,0.0,0.0,0.0,0.0,4.3,2.9,0.0
20080116:2310,0.0,0.0,0.0,0.0,4.19,2.97,0.0
20080117:0010,0.0,0.0,0.0,0.0,4.48,2.97,0.0
20080117:0110,0.0,0.0,0.0,0.0,4.72,3.17,0.0
20080117:0210,0.0,0.0,0.0,0.0,5.55,3.1,0.0
20080117:0310,0.0,0.0,0.0,0.0,6.09,3.1,0.0
20080117:0410,0.0,0.0,0.0,0.0,6.47,3.38,0.0
20080117:0510,0.0,0.0,0.0,0.0,6.51,3.79,0.0
20080117:0610,0.0,0.0,0.0,0.0,6.5,3.79,0.0
20080117:0710,0.0,0.0,0.0,0.0,6.53,3.59,0.0
20080117:0810,2.0,19.57,0.0,3.81,6.22,3.79,0.0
20080117:0910,81.01,64.0,0.0,10.95,6.4,3.86,0.0
20080117:1010,20.0,124.0,0.0,16.41,7.08,5.52,0.0
20080117:1110,23.0,153.0,0.0,19.73,7.94,6.07,0.0
20080117:1210,24.0,159.0,0.0,20.58,8.76,6.9,0.0
20080117:1310,10.0,133.0,0.0,18.87,9.35,7.24,0.0
20080117:1410,5.0,95.0,0.0,14.78,9.55,6.62,0.0
20080117:1510,4.0,53.0,0.0,8.71,9.44,6.55,0.0
20080117:1610,0.0,0.0,0.0,0.0,9.51,6.41,0.0
20080117:1710,0.0,0.0,0.0,0.0,9.35,6.28,0.0
20080117:1810,0.0,0.0,0.0,0.0,9.38,6.55,0.0
20080117:1910,0.0,0.0,0.0,0.0,10.49,6.14,0.0
20080117:2010,0.0,0.0,0.0,0.0,11.1,5.93,0.0
20080117:2110,0.0,0.0,0.0,0.0,11.09,5.38,0.0
20080117:2210,0.0,0.0,0.0,0.0,10.55,5.38,0.0
20080117:2310,0.0,0.0,0.0,0.0,10.16,5.66,0.0
20080118:0010,0.0,0.0,0.0,0.0,9.7,5.72,0.0
20080118:0110,0.0,0.0,0.0,0.0,9.58,5.59,0.0
20080118:0210,0.0,0.0,0.0,0.0,9.61,5.24,0.0
20080118:0310,0.0,0.0,0.0,0.0,9.29,4.69,0.0
20080118:0410,0.0,0.0,0.0,0.0,8.98,4.28,0.0
20080118:0510,0.0,0.0,0.0,0.0,8.82,3.86,0.0
20080118:0610,0.0,0.0,0.0,0.0,8.43,3.72,0.0
20080118:0710,0.0,0.0,0.0,0.0,8.24,4.0,0.0
20080118:0810,5.0,20.86,0.0,3.93,8.22,4.14,0.0
20080118:0910,7.0,74.0,0.0,11.09,8.53,4.55,0.0
20080118:1010,0.0,51.0,0.0,16.57,9.33,4.9,0.0
20080118:1110,0.0,42.0,0.0,19.91,10.47,6.55,0.0
20080118:1210,0.0,51.0,0.0,20.78,11.1,7.1,0.0
20080118:1310,0.0,59.0,0.0,19.08,11.46,7.1,0.0
20080118:1410,0.0,36.0,0.0,15.0,11.34,5.79,0.0
20080118:1510,0.0,39.0,0.0,8.92,11.56,5.72,0.0
20080118:1610,0.0,0.0,0.0,0.0,11.75,5.59,0.0
20080118:1710,0.0,0.0,0.0,0.0,11.82,5.52,0.0
20080118:1810,0.0,0.0,0.0,0.0,11.82,5.59,0.0
20080118:1910,0.0,0.0,0.0,0.0,11.56,6.0,0.0
20080118:2010,0.0,0.0,0.0,0.0,11.35,6.07,0.0
20080118:2110,0.0,0.0,0.0,0.0,11.21,5.93,0.0
20080118:2210,0.0,0.0,0.0,0.0,11.14,5.86,0.0
20080118:2310,0.0,0.0,0.0,0.0,11.05,5.79,0.0
20080119:0010,0.0,0.0,0.0,0.0,11.09,5.79,0.0
20080119:0110,0.0,0.0,0.0,0.0,11.15,5.79,0.0
20080119:0210,0.0,0.0,0.0,0.0,11.14,5.79,0.0
20080119:0310,0.0,0.0,0.0,0.0,11.15,5.79,0.0
20080119:0410,0.0,0.0,0.0,0.0,11.06,5.72,0.0
20080119:0510,0.0,0.0,0.0,0.0,11.12,5.59,0.0
20080119:0610,0.0,0.0,0.0,0.0,11.15,5.52,0.0
20080119:0710,0.0,0.0,0.0,0.0,11.13,5.79,0.0
20080119:0810,7.0,21.39,0.0,4.06,10.91,5.72,0.0
20080119:0910,69.0,72.0,0.0,11.24,11.07,5.72,0.0
20080119:1010,107.01,115.0,0.0,16.74,11.41,5.38,0.0
20080119:1110,29.0,158.0,0.0,20.11,12.02,6.83,0.0
20080119:1210,103.0,160.0,0.0,20.99,12.53,6.48,0.0
20080119:1310,1.0,105.0,0.0,19.3,12.4,4.97,0.0
20080119:1410,0.0,66.0,0.0,15.22,12.62,4.9,0.0
20080119:1510,2.0,52.0,0.0,9.14,12.51,4.14,0.0
20080119:1610,0.0,0.0,0.0,0.0,11.97,3.72,0.0
20080119:1710,0.0,0.0,0.0,0.0,11.38,3.79,0.0
20080119:1810,0.0,0.0,0.0,0.0,11.2,4.14,0.0
20080119:1910,0.0,0.0,0.0,0.0,11.32,4.41,0.0
20080119:2010,0.0,0.0,0.0,0.0,11.14,4.34,0.0
20080119:2110,0.0,0.0,0.0,0.0,10.57,4.28,0.0
20080119:2210,0.0,0.0,0.0,0.0,9.94,4.14,0.0
20080119:2310,0.0,0.0,0.0,0.0,9.64,4.14,0.0
20080120:0010,0.0,0.0,0.0,0.0,9.18,4.07,0.0
20080120:0110,0.0,0.0,0.0,0.0,8.77,4.07,0.0
20080120:0210,0.0,0.0,0.0,0.0,8.36,4.07,0.0
20080120:0310,0.0,0.0,0.0,0.0,8.34,4.0,0.0
20080120:0410,0.0,0.0,0.0,0.0,8.28,3.86,0.0
20080120:0510,0.0,0.0,0.0,0.0,8.34,3.72,0.0
20080120:0610,0.0,0.0,0.0,0.0,8.34,3.66,0.0
20080120:0710,0.0,0.0,0.0,0.0,9.33,3.72,0.0
20080120:0810,2.0,20.59,0.0,4.2,9.26,3.72,0.0
20080120:0910,5.0,75.0,0.0,11.4,9.69,3.86,0.0
20080120:1010,9.0,120.0,0.0,16.92,10.42,3.72,0.0
20080120:1110,0.0,62.0,0.0,20.31,11.34,4.0,0.0
20080120:1210,0.0,94.0,0.0,21.21,12.14,4.14,0.0
20080120:1310,4.0,125.0,0.0,19.52,12.19,4.21,0.0
20080120:1410,9.0,108.0,0.0,15.44,12.12,4.0,0.0
20080120:1510,0.0,20.0,0.0,9.36,11.68,3.31,0.0
20080120:1610,0.0,2.0,0.0,1.73,10.82,3.03,0.0
20080120:1710,0.0,0.0,0.0,0.0,9.79,2.97,0.0
20080120:1810,0.0,0.0,0.0,0.0,8.9,2.97,0.0
20080120:1910,0.0,0.0,0.0,0.0,8.97,2.83,0.0
20080120:2010,0.0,0.0,0.0,0.0,8.87,2.9,0.0
20080120:2110,0.0,0.0,0.0,0.0,8.45,2.97,0.0
20080120:2210,0.0,0.0,0.0,0.0,7.94,2.9,0.0
20080120:2310,0.0,0.0,0.0,0.0,7.57,2.9,0.0
20080121:0010,0.0,0.0,0.0,0.0,7.36,2.9,0.0
20080121:0110,0.0,0.0,0.0,0.0,6.98,2.97,0.0
20080121:0210,0.0,0.0,0.0,0.0,6.55,3.03,0.0
20080121:0310,0.0,0.0,0.0,0.0,6.15,3.03,0.0
20080121:0410,0.0,0.0,0.0,0.0,5.82,3.03,0.0
20080121:0510,0.0,0.0,0.0,0.0,5.75,3.1,0.0
20080121:0610,0.0,0.0,0.0,0.0,5.7,3.17,0.0
20080121:0710,0.0,0.0,0.0,0.0,7.06,3.45,0.0
20080121:0810,1.0,19.81,0.0,4.34,7.24,3.45,0.0
20080121:0910,10.0,80.0,0.0,11.56,7.88,3.45,0.0
20080121:1010,8.0,117.0,0.0,17.11,8.67,4.14,0.0
20080121:1110,11.0,147.0,0.0,20.51,9.52,5.03,0.0
20080121:1210,3.0,134.0,0.0,21.43,10.23,5.86,0.0
20080121:1310,0.0,0.0,0.0,0.0,10.53,6.28,0.0
20080121:1410,0.0,0.0,0.0,0.0,10.56,6.76,0.0
20080121:1510,0.0,16.0,0.0,9.58,10.29,6.48,0.0
20080121:1610,0.0,2.0,0.0,1.95,10.17,6.14,0.0
20080121:1710,0.0,0.0,0.0,0.0,10.38,6.28,0.0
20080121:1810,0.0,0.0,0.0,0.0,10.64,6.55,0.0
20080121:1910,0.0,0.0,0.0,0.0,10.26,6.83,0.0
20080121:2010,0.0,0.0,0.0,0.0,10.58,6.97,0.0
20080121:2110,0.0,0.0,0.0,0.0,10.64,6.83,0.0
20080121:2210,0.0,0.0,0.0,0.0,10.58,7.17,0.0
20080121:2310,0.0,0.0,0.0,0.0,10.34,7.66,0.0
20080122:0010,0.0,0.0,0.0,0.0,9.84,7.66,0.0
20080122:0110,0.0,0.0,0.0,0.0,9.51,8.07,0.0
20080122:0210,0.0,0.0,0.0,0.0,8.99,7.72,0.0
20080122:0310,0.0,0.0,0.0,0.0,8.67,7.66,0.0
20080122:0410,0.0,0.0,0.0,0.0,8.49,7.72,0.0
20080122:0510,0.0,0.0,0.0,0.0,8.07,7.24,0.0
20080122:0610,0.0,0.0,0.0,0.0,7.47,6.41,0.0
20080122:0710,0.0,0.0,0.0,0.0,7.45,5.59,0.0
20080122:0810,2.0,23.57,0.0,4.49,7.28,4.97,0.0
20080122:0910,11.0,84.0,0.0,11.73,7.2,4.21,0.0
20080122:1010,0.0,64.0,0.0,17.3,7.26,3.79,0.0
20080122:1110,0.0,0.0,0.0,0.0,7.48,3.17,0.0
20080122:1210,0.0,0.0,0.0,0.0,7.87,2.76,0.0
20080122:1310,0.0,0.0,0.0,0.0,7.79,2.21,0.0
20080122:1410,0.0,0.0,0.0,0.0,7.95,1.93,0.0
20080122:1510,0.0,0.0,0.0,0.0,7.89,1.59,0.0
20080122:1610,0.0,0.0,0.0,0.0,7.63,1.03,0.0
20080122:1710,0.0,0.0,0.0,0.0,7.11,0.0,0.0
20080122:1810,0.0,0.0,0.0,0.0,6.3,0.69,0.0
20080122:1910,0.0,0.0,0.0,0.0,4.49,1.79,0.0
20080122:2010,0.0,0.0,0.0,0.0,3.98,1.93,0.0
20080122:2110,0.0,0.0,0.0,0.0,3.01,1.93,0.0
20080122:2210,0.0,0.0,0.0,0.0,2.49,2.14,0.0
20080122:2310,0.0,0.0,0.0,0.0,2.53,2.28,0.0
20080123:0010,0.0,0.0,0.0,0.0,2.55,2.62,0.0
20080123:0110,0.0,0.0,0.0,0.0,2.45,2.69,0.0
20080123:0210,0.0,0.0,0.0,0.0,2.24,2.62,0.0
20080123:0310,0.0,0.0,0.0,0.0,2.04,2.62,0.0
20080123:0410,0.0,0.0,0.0,0.0,1.84,2.55,0.0
20080123:0510,0.0,0.0,0.0,0.0,1.91,2.41,0.0
20080123:0610,0.0,0.0,0.0,0.0,2.39,2.62,0.0
20080123:0710,0.0,0.0,0.0,0.0,3.82,2.97,0.0
20080123:0810,0.0,0.0,0.0,0.0,4.12,2.97,0.0
20080123:0910,0.0,0.0,0.0,0.0,4.83,2.76,0.0
20080123:1010,0.0,0.0,0.0,0.0,6.13,3.17,0.0
20080123:1110,0.0,0.0,0.0,0.0,7.33,3.45,0.0
20080123:1210,0.0,0.0,0.0,0.0,8.35,3.52,0.0
20080123:1310,0.0,0.0,0.0,0.0,9.02,3.38,0.0
20080123:1410,0.0,0.0,0.0,0.0,9.48,3.38,0.0
20080123:1510,0.0,0.0,0.0,0.0,9.54,3.1,0.0
20080123:1610,0.0,0.0,0.0,0.0,8.99,2.76,0.0
20080123:1710,0.0,0.0,0.0,0.0,8.19,2.62,0.0
20080123:1810,0.0,0.0,0.0,0.0,7.71,2.55,0.0
20080123:1910,0.0,0.0,0.0,0.0,7.68,2.76,0.0
20080123:2010,0.0,0.0,0.0,0.0,7.47,2.69,0.0
20080123:2110,0.0,0.0,0.0,0.0,7.19,2.76,0.0
20080123:2210,0.0,0.0,0.0,0.0,6.87,2.76,0.0
20080123:2310,0.0,0.0,0.0,0.0,6.62,2.76,0.0
20080124:0010,0.0,0.0,0.0,0.0,6.27,2.69,0.0
20080124:0110,0.0,0.0,0.0,0.0,5.78,2.62,0.0
20080124:0210,0.0,0.0,0.0,0.0,5.65,2.62,0.0
20080124:0310,0.0,0.0,0.0,0.0,5.43,2.55,0.0
20080124:0410,0.0,0.0,0.0,0.0,5.28,2.48,0.0
20080124:0510,0.0,0.0,0.0,0.0,4.98,2.34,0.0
20080124:0610,0.0,0.0,0.0,0.0,5.0,2.28,0.0
20080124:0710,0.0,0.0,0.0,0.0,5.24,2.28,0.0
20080124:0810,0.0,17.0,0.0,4.81,5.11,2.34,0.0
20080124:0910,1.0,67.0,0.0,12.09,5.68,2.14,0.0
20080124:1010,0.0,53.0,0.0,17.7,6.7,2.21,0.0
20080124:1110,0.0,42.0,0.0,21.17,7.95,2.41,0.0
20080124:1210,0.0,110.0,0.0,22.13,8.97,2.69,0.0
20080124:1310,0.0,100.0,0.0,20.47,9.61,2.97,0.0
20080124:1410,0.0,83.0,0.0,16.39,10.25,3.17,0.0
20080124:1510,1.0,57.0,0.0,10.28,10.19,2.41,0.0
20080124:1610,0.0,4.0,0.0,2.63,10.02,2.97,0.0
20080124:1710,0.0,0.0,0.0,0.0,9.74,4.34,0.0
20080124:1810,0.0,0.0,0.0,0.0,8.97,3.79,0.0
20080124:1910,0.0,0.0,0.0,0.0,8.45,2.83,0.0
20080124:2010,0.0,0.0,0.0,0.0,7.4,2.69,0.0
20080124:2110,0.0,0.0,0.0,0.0,6.42,2.9,0.0
20080124:2210,0.0,0.0,0.0,0.0,5.24,2.9,0.0
20080124:2310,0.0,0.0,0.0,0.0,4.28,2.97,0.0
20080125:0010,0.0,0.0,0.0,0.0,3.56,2.62,0.0
20080125:0110,0.0,0.0,0.0,0.0,2.74,2.14,0.0
20080125:0210,0.0,0.0,0.0,0.0,1.84,2.07,0.0
20080125:0310,0.0,0.0,0.0,0.0,0.84,2.21,0.0
20080125:0410,0.0,0.0,0.0,0.0,0.19,1.86,0.0
20080125:0510,0.0,0.0,0.0,0.0,0.32,0.76,0.0
20080125:0610,0.0,0.0,0.0,0.0,-1.52,1.45,0.0
20080125:0710,0.0,0.0,0.0,0.0,-2.54,1.24,0.0
20080125:0810,12.0,28.86,0.0,4.98,-2.77,0.76,0.0
20080125:0910,126.01,59.0,0.0,12.28,-0.25,0.62,0.0
20080125:1010,229.01,69.0,0.0,17.91,2.01,0.41,0.0
20080125:1110,290.01,76.0,0.0,21.4,3.66,0.97,0.0
20080125:1210,284.01,90.0,0.0,22.37,4.96,1.45,0.0
20080125:1310,242.01,95.0,0.0,20.72,5.96,1.72,0.0
20080125:1410,203.01,68.0,0.0,16.64,6.69,1.86,0.0
20080125:1510,106.01,49.0,0.0,10.53,6.85,1.79,0.0
20080125:1610,0.0,10.0,0.0,2.86,6.09,1.72,0.0
20080125:1710,0.0,0.0,0.0,0.0,4.62,2.14,0.0
20080125:1810,0.0,0.0,0.0,0.0,3.24,2.21,0.0
20080125:1910,0.0,0.0,0.0,0.0,2.46,1.93,0.0
20080125:2010,0.0,0.0,0.0,0.0,0.88,1.93,0.0
20080125:2110,0.0,0.0,0.0,0.0,-0.19,2.0,0.0
20080125:2210,0.0,0.0,0.0,0.0,-1.02,2.0,0.0
20080125:2310,0.0,0.0,0.0,0.0,-1.64,2.07,0.0
20080126:0010,0.0,0.0,0.0,0.0,-2.01,2.0,0.0
20080126:0110,0.0,0.0,0.0,0.0,-2.34,2.07,0.0
20080126:0210,0.0,0.0,0.0,0.0,-2.53,1.93,0.0
20080126:0310,0.0,0.0,0.0,0.0,-2.57,1.79,0.0
20080126:0410,0.0,0.0,0.0,0.0,-2.54,1.59,0.0
20080126:0510,0.0,0.0,0.0,0.0,-2.93,1.52,0.0
20080126:0610,0.0,0.0,0.0,0.0,-3.18,1.24,0.0
20080126:0710,0.0,0.0,0.0,0.0,-2.93,1.38,0.0
20080126:0810,8.0,30.91,0.0,5.15,-2.87,1.24,0.0
20080126:0910,64.0,91.0,0.0,12.48,-1.79,1.24,0.0
20080126:1010,120.01,130.0,0.0,18.13,0.13,1.45,0.0
20080126:1110,260.01,97.0,0.0,21.64,2.24,1.59,0.0
20080126:1210,269.01,104.0,0.0,22.63,4.43,1.52,0.0
20080126:1310,177.01,135.0,0.0,20.98,6.14,1.59,0.0
20080126:1410,222.01,62.0,0.0,16.89,7.22,1.72,0.0
20080126:1510,80.01,65.0,0.0,10.77,7.41,2.0,0.0
20080126:1610,0.0,14.0,0.0,3.1,6.53,1.79,0.0
20080126:1710,0.0,0.0,0.0,0.0,4.67,1.59,0.0
20080126:1810,0.0,0.0,0.0,0.0,2.34,2.28,0.0
20080126:1910,0.0,0.0,0.0,0.0,0.92,2.41,0.0
20080126:2010,0.0,0.0,0.0,0.0,-0.18,2.0,0.0
20080126:2110,0.0,0.0,0.0,0.0,-1.17,2.34,0.0
20080126:2210,0.0,0.0,0.0,0.0,-1.67,2.48,0.0
20080126:2310,0.0,0.0,0.0,0.0,-1.87,2.41,0.0
20080127:0010,0.0,0.0,0.0,0.0,-2.06,2.41,0.0
20080127:0110,0.0,0.0,0.0,0.0,-2.21,2.41,0.0
20080127:0210,0.0,0.0,0.0,0.0,-2.24,2.55,0.0
20080127:0310,0.0,0.0,0.0,0.0,-2.1,2.55,0.0
20080127:0410,0.0,0.0,0.0,0.0,-2.07,2.48,0.0
20080127:0510,0.0,0.0,0.0,0.0,-2.29,2.34,0.0
20080127:0610,0.0,0.0,0.0,0.0,-2.64,2.28,0.0
20080127:0710,0.0,0.0,0.0,0.0,-3.01,2.41,0.0
20080127:0810,13.0,31.52,0.0,5.33,-2.55,2.62,0.0
20080127:0910,96.01,80.0,0.0,12.68,-0.36,2.28,0.0
20080127:1010,149.01,119.0,0.0,18.36,2.76,2.14,0.0
20080127:1110,208.01,130.0,0.0,21.88,5.4,2.0,0.0
20080127:1210,190.01,150.0,0.0,22.88,7.3,2.0,0.0
20080127:1310,154.01,148.0,0.0,21.24,8.46,2.0,0.0
20080127:1410,141.01,108.0,0.0,17.15,8.84,1.72,0.0
20080127:1510,43.0,81.0,0.0,11.02,8.37,1.52,0.0
20080127:1610,0.0,17.0,0.0,3.34,7.22,1.79,0.0
20080127:1710,0.0,0.0,0.0,0.0,4.77,2.0,0.0
20080127:1810,0.0,0.0,0.0,0.0,2.35,2.0,0.0
20080127:1910,0.0,0.0,0.0,0.0,0.21,2.0,0.0
20080127:2010,0.0,0.0,0.0,0.0,-1.05,1.86,0.0
20080127:2110,0.0,0.0,0.0,0.0,-2.06,1.86,0.0
20080127:2210,0.0,0.0,0.0,0.0,-2.56,1.79,0.0
20080127:2310,0.0,0.0,0.0,0.0,-2.99,1.79,0.0
20080128:0010,0.0,0.0,0.0,0.0,-3.15,1.86,0.0
20080128:0110,0.0,0.0,0.0,0.0,-3.3,1.79,0.0
20080128:0210,0.0,0.0,0.0,0.0,-3.08,1.52,0.0
20080128:0310,0.0,0.0,0.0,0.0,-2.54,1.17,0.0
20080128:0410,0.0,0.0,0.0,0.0,-2.36,0.9,0.0
20080128:0510,0.0,0.0,0.0,0.0,-2.39,0.83,0.0
20080128:0610,0.0,0.0,0.0,0.0,-2.56,0.69,0.0
20080128:0710,0.0,0.0,0.0,0.0,-1.93,0.69,0.0
20080128:0810,0.0,21.0,0.0,5.52,-1.74,0.9,0.0
20080128:0910,15.0,96.0,0.0,12.89,-0.71,0.76,0.0
20080128:1010,171.01,109.0,0.0,18.58,0.25,0.62,0.0
20080128:1110,41.0,183.0,0.0,22.13,1.33,0.41,0.0
20080128:1210,67.0,193.0,0.0,23.14,2.38,0.21,0.0
20080128:1310,202.01,127.0,0.0,21.51,3.24,0.28,0.0
20080128:1410,200.01,78.0,0.0,17.41,3.67,0.69,0.0
20080128:1510,68.0,75.0,0.0,11.27,3.74,0.97,0.0
20080128:1610,0.0,16.0,0.0,3.58,3.36,1.1,0.0
20080128:1710,0.0,0.0,0.0,0.0,2.65,1.17,0.0
20080128:1810,0.0,0.0,0.0,0.0,1.96,1.17,0.0
20080128:1910,0.0,0.0,0.0,0.0,1.37,1.52,0.0
20080128:2010,0.0,0.0,0.0,0.0,0.68,1.66,0.0
20080128:2110,0.0,0.0,0.0,0.0,0.49,1.59,0.0
20080128:2210,0.0,0.0,0.0,0.0,0.23,1.45,0.0
20080128:2310,0.0,0.0,0.0,0.0,0.41,1.24,0.0
20080129:0010,0.0,0.0,0.0,0.0,0.77,0.97,0.0
20080129:0110,0.0,0.0,0.0,0.0,0.82,0.83,0.0
20080129:0210,0.0,0.0,0.0,0.0,0.84,0.83,0.0
20080129:0310,0.0,0.0,0.0,0.0,0.52,1.1,0.0
20080129:0410,0.0,0.0,0.0,0.0,0.57,1.24,0.0
20080129:0510,0.0,0.0,0.0,0.0,0.65,1.24,0.0
20080129:0610,0.0,0.0,0.0,0.0,0.83,1.03,0.0
20080129:0710,0.0,0.0,0.0,0.0,0.84,1.03,0.0
20080129:0810,0.0,21.0,0.0,5.71,0.87,0.9,0.0
20080129:0910,0.0,51.0,0.0,13.1,1.21,0.76,0.0
20080129:1010,55.0,153.0,0.0,18.82,1.69,0.76,0.0
20080129:1110,3.0,143.0,0.0,22.38,2.31,0.97,0.0
20080129:1210,0.0,99.0,0.0,23.41,3.14,1.24,0.0
20080129:1310,6.0,146.0,0.0,21.78,3.52,1.52,0.0
20080129:1410,7.0,123.0,0.0,17.68,3.88,1.59,0.0
20080129:1510,3.0,71.0,0.0,11.53,4.07,1.52,0.0
20080129:1610,1.0,15.83,0.0,3.82,3.89,1.17,0.0
20080129:1710,0.0,0.0,0.0,0.0,3.43,0.83,0.0
20080129:1810,0.0,0.0,0.0,0.0,2.46,1.03,0.0
20080129:1910,0.0,0.0,0.0,0.0,1.65,1.31,0.0
20080129:2010,0.0,0.0,0.0,0.0,1.72,1.31,0.0
20080129:2110,0.0,0.0,0.0,0.0,1.53,1.31,0.0
20080129:2210,0.0,0.0,0.0,0.0,0.99,1.1,0.0
20080129:2310,0.0,0.0,0.0,0.0,0.82,1.31,0.0
20080130:0010,0.0,0.0,0.0,0.0,0.34,1.79,0.0
20080130:0110,0.0,0.0,0.0,0.0,0.09,1.86,0.0
20080130:0210,0.0,0.0,0.0,0.0,0.05,1.79,0.0
20080130:0310,0.0,0.0,0.0,0.0,0.14,2.0,0.0
20080130:0410,0.0,0.0,0.0,0.0,0.22,2.21,0.0
20080130:0510,0.0,0.0,0.0,0.0,0.48,2.28,0.0
20080130:0610,0.0,0.0,0.0,0.0,0.94,2.21,0.0
20080130:0710,0.0,0.0,0.0,0.0,1.46,2.41,0.0
20080130:0810,0.0,27.0,0.0,5.91,2.0,2.55,0.0
20080130:0910,0.0,23.0,0.0,13.32,2.54,2.69,0.0
20080130:1010,0.0,44.0,0.0,19.06,3.02,3.03,0.0
20080130:1110,0.0,52.0,0.0,22.65,3.47,3.1,0.0
20080130:1210,0.0,97.0,0.0,23.68,3.83,2.97,0.0
20080130:1310,0.0,68.0,0.0,22.05,3.94,4.21,0.0
20080130:1410,0.0,93.0,0.0,17.95,3.91,4.07,0.0
20080130:1510,5.0,75.0,0.0,11.79,4.07,3.17,0.0
20080130:1610,4.0,20.16,0.0,4.07,4.17,2.55,0.0
20080130:1710,0.0,0.0,0.0,0.0,3.6,2.34,0.0
20080130:1810,0.0,0.0,0.0,0.0,2.84,2.14,0.0
20080130:1910,0.0,0.0,0.0,0.0,1.44,2.34,0.0
20080130:2010,0.0,0.0,0.0,0.0,0.61,2.41,0.0
20080130:2110,0.0,0.0,0.0,0.0,0.17,2.28,0.0
20080130:2210,0.0,0.0,0.0,0.0,-0.09,2.14,0.0
20080130:2310,0.0,0.0,0.0,0.0,-0.68,2.14,0.0
20080131:0010,0.0,0.0,0.0,0.0,-1.13,2.21,0.0
20080131:0110,0.0,0.0,0.0,0.0,-1.46,2.21,0.0
20080131:0210,0.0,0.0,0.0,0.0,-1.67,2.34,0.0
20080131:0310,0.0,0.0,0.0,0.0,-1.53,2.62,0.0
20080131:0410,0.0,0.0,0.0,0.0,-1.59,2.97,0.0
20080131:0510,0.0,0.0,0.0,0.0,-1.36,3.38,0.0
20080131:0610,0.0,0.0,0.0,0.0,-1.18,3.72,0.0
20080131:0710,0.0,0.0,0.0,0.0,-0.74,4.0,0.0
20080131:0810,3.0,36.0,0.0,6.11,-0.19,4.34,0.0
20080131:0910,2.0,79.0,0.0,13.54,0.73,5.03,0.0
20080131:1010,157.01,120.0,0.0,19.31,1.9,5.17,0.0
20080131:1110,227.01,124.0,0.0,22.91,3.26,6.41,0.0
20080131:1210,9.0,169.0,0.0,23.96,4.31,7.03,0.0
20080131:1310,4.0,143.0,0.0,22.33,5.18,7.66,0.0
20080131:1410,39.0,145.0,0.0,18.22,5.61,8.07,0.0
20080131:1510,1.0,64.0,0.0,12.05,5.87,8.48,0.0
20080131:1610,1.0,20.8,0.0,4.32,5.75,8.9,0.0
20080131:1710,0.0,0.0,0.0,0.0,5.37,8.97,0.0
20080131:1810,0.0,0.0,0.0,0.0,5.28,9.31,0.0
20080131:1910,0.0,0.0,0.0,0.0,5.57,9.03,0.0
20080131:2010,0.0,0.0,0.0,0.0,5.87,9.03,0.0
20080131:2110,0.0,0.0,0.0,0.0,5.91,9.1,0.0
20080131:2210,0.0,0.0,0.0,0.0,6.15,8.97,0.0
20080131:2310,0.0,0.0,0.0,0.0,6.47,8.83,0.0
20080201:0010,0.0,0.0,0.0,0.0,6.88,8.48,0.0
20080201:0110,0.0,0.0,0.0,0.0,7.29,7.86,0.0
20080201:0210,0.0,0.0,0.0,0.0,7.53,6.97,0.0
20080201:0310,0.0,0.0,0.0,0.0,7.79,6.41,0.0
20080201:0410,0.0,0.0,0.0,0.0,7.84,6.21,0.0
20080201:0510,0.0,0.0,0.0,0.0,8.03,6.07,0.0
20080201:0610,0.0,0.0,0.0,0.0,8.23,5.79,0.0
20080201:0710,0.0,0.0,0.0,0.0,8.27,4.9,0.0
20080201:0810,0.0,23.0,0.0,6.32,7.83,3.59,0.0
20080201:0910,0.0,18.0,0.0,13.78,7.06,2.76,0.0
20080201:1010,0.0,49.0,0.0,19.56,6.57,2.55,0.0
20080201:1110,0.0,69.0,0.0,23.18,5.63,3.03,0.0
20080201:1210,0.0,82.0,0.0,24.24,3.59,2.76,0.0
20080201:1310,0.0,72.0,0.0,22.62,2.3,2.34,0.0
20080201:1410,0.0,63.0,0.0,18.5,2.23,2.76,0.0
20080201:1510,1.0,67.0,0.0,12.31,2.55,2.97,0.0
20080201:1610,6.0,25.56,0.0,4.57,3.12,3.24,0.0
20080201:1710,0.0,0.0,0.0,0.0,3.18,3.24,0.0
20080201:1810,0.0,0.0,0.0,0.0,3.13,3.24,0.0
20080201:1910,0.0,0.0,0.0,0.0,3.17,3.52,0.0
20080201:2010,0.0,0.0,0.0,0.0,3.07,3.38,0.0
20080201:2110,0.0,0.0,0.0,0.0,2.92,3.31,0.0
20080201:2210,0.0,0.0,0.0,0.0,2.41,3.17,0.0
20080201:2310,0.0,0.0,0.0,0.0,2.1,3.17,0.0
20080202:0010,0.0,0.0,0.0,0.0,1.76,3.17,0.0
20080202:0110,0.0,0.0,0.0,0.0,1.35,3.1,0.0
20080202:0210,0.0,0.0,0.0,0.0,0.83,3.1,0.0
20080202:0310,0.0,0.0,0.0,0.0,0.23,3.1,0.0
20080202:0410,0.0,0.0,0.0,0.0,-0.35,2.97,0.0
20080202:0510,0.0,0.0,0.0,0.0,-0.88,2.76,0.0
20080202:0610,0.0,0.0,0.0,0.0,-1.35,2.55,0.0
20080202:0710,0.0,0.0,0.0,0.0,-1.57,2.55,0.0
20080202:0810,49.0,33.0,0.0,6.54,-1.68,2.34,0.0
20080202:0910,156.01,62.0,0.0,14.01,0.01,2.0,0.0
20080202:1010,252.01,78.0,0.0,19.82,2.28,2.34,0.0
20080202:1110,306.01,89.0,0.0,23.46,3.96,2.48,0.0
20080202:1210,328.01,90.0,0.0,24.53,5.24,2.83,0.0
20080202:1310,66.0,189.0,0.0,22.91,5.96,3.03,0.0
20080202:1410,175.01,107.0,0.0,18.78,6.28,3.31,0.0
20080202:1510,125.01,61.0,0.0,12.58,6.19,3.38,0.0
20080202:1610,28.0,18.32,0.0,4.83,5.63,2.69,0.0
20080202:1710,0.0,0.0,0.0,0.0,4.46,2.62,0.0
20080202:1810,0.0,0.0,0.0,0.0,3.04,2.83,0.0
20080202:1910,0.0,0.0,0.0,0.0,1.85,2.76,0.0
20080202:2010,0.0,0.0,0.0,0.0,1.1,2.83,0.0
20080202:2110,0.0,0.0,0.0,0.0,0.54,2.83,0.0
20080202:2210,0.0,0.0,0.0,0.0,0.13,2.76,0.0
20080202:2310,0.0,0.0,0.0,0.0,-0.23,2.76,0.0
20080203:0010,0.0,0.0,0.0,0.0,-0.6,2.69,0.0
20080203:0110,0.0,0.0,0.0,0.0,-0.92,2.76,0.0
20080203:0210,0.0,0.0,0.0,0.0,-1.22,2.97,0.0
20080203:0310,0.0,0.0,0.0,0.0,-1.39,3.03,0.0
20080203:0410,0.0,0.0,0.0,0.0,-1.58,3.1,0.0
20080203:0510,0.0,0.0,0.0,0.0,-1.69,3.24,0.0
20080203:0610,0.0,0.0,0.0,0.0,-1.82,3.31,0.0
20080203:0710,0.0,0.0,0.0,0.0,-1.27,3.86,0.0
20080203:0810,10.0,45.0,0.0,6.76,-0.83,4.41,0.0
20080203:0910,46.0,111.0,0.0,14.26,0.54,4.9,0.0
20080203:1010,234.01,91.0,0.0,20.08,2.1,4.69,0.0
20080203:1110,240.01,131.0,0.0,23.74,3.92,5.31,0.0
20080203:1210,302.01,108.0,0.0,24.83,5.49,5.52,0.0
20080203:1310,165.01,163.0,0.0,23.2,6.7,5.52,0.0
20080203:1410,155.01,121.0,0.0,19.06,7.53,5.38,0.0
20080203:1510,122.01,66.0,0.0,12.85,7.79,5.59,0.0
20080203:1610,22.0,23.88,0.0,5.08,7.6,5.66,0.0
20080203:1710,0.0,0.0,0.0,0.0,6.97,6.0,0.0
20080203:1810,0.0,0.0,0.0,0.0,6.92,6.62,0.0
20080203:1910,0.0,0.0,0.0,0.0,7.03,6.55,0.0
20080203:2010,0.0,0.0,0.0,0.0,7.3,6.9,0.0
20080203:2110,0.0,0.0,0.0,0.0,7.51,6.97,0.0
20080203:2210,0.0,0.0,0.0,0.0,7.43,7.17,0.0
20080203:2310,0.0,0.0,0.0,0.0,6.3,6.97,0.0
20080204:0010,0.0,0.0,0.0,0.0,6.49,7.72,0.0
20080204:0110,0.0,0.0,0.0,0.0,6.94,8.41,0.0
20080204:0210,0.0,0.0,0.0,0.0,6.91,8.34,0.0
20080204:0310,0.0,0.0,0.0,0.0,6.69,7.52,0.0
20080204:0410,0.0,0.0,0.0,0.0,6.4,6.9,0.0
20080204:0510,0.0,0.0,0.0,0.0,5.99,6.34,0.0
20080204:0610,0.0,0.0,0.0,0.0,5.98,5.79,0.0
20080204:0710,0.0,0.0,0.0,0.0,5.82,4.21,0.0
20080204:0810,11.0,47.0,0.0,6.99,5.79,4.55,0.0
20080204:0910,16.0,106.0,0.0,14.5,5.88,4.9,0.0
20080204:1010,0.0,101.0,0.0,20.35,6.32,4.48,0.0
20080204:1110,0.0,103.0,0.0,24.03,6.93,4.34,0.0
20080204:1210,5.0,165.0,0.0,25.12,7.52,4.41,0.0
20080204:1310,24.0,182.0,0.0,23.5,7.68,4.55,0.0
20080204:1410,136.01,129.0,0.0,19.35,7.79,4.34,0.0
20080204:1510,133.01,61.0,0.0,13.13,7.69,4.34,0.0
20080204:1610,27.0,23.02,0.0,5.34,7.24,3.86,0.0
20080204:1710,0.0,0.0,0.0,0.0,6.05,3.17,0.0
20080204:1810,0.0,0.0,0.0,0.0,4.91,2.9,0.0
20080204:1910,0.0,0.0,0.0,0.0,4.04,3.24,0.0
20080204:2010,0.0,0.0,0.0,0.0,3.45,3.38,0.0
20080204:2110,0.0,0.0,0.0,0.0,2.99,3.59,0.0
20080204:2210,0.0,0.0,0.0,0.0,2.75,3.86,0.0
20080204:2310,0.0,0.0,0.0,0.0,2.7,4.34,0.0
20080205:0010,0.0,0.0,0.0,0.0,2.95,4.9,0.0
20080205:0110,0.0,0.0,0.0,0.0,3.53,5.59,0.0
20080205:0210,0.0,0.0,0.0,0.0,4.34,6.55,0.0
20080205:0310,0.0,0.0,0.0,0.0,4.62,7.24,0.0
20080205:0410,0.0,0.0,0.0,0.0,4.97,7.72,0.0
20080205:0510,0.0,0.0,0.0,0.0,5.71,8.14,0.0
20080205:0610,0.0,0.0,0.0,0.0,6.6,8.34,0.0
20080205:0710,0.0,0.0,0.0,0.0,7.07,8.69,0.0
20080205:0810,16.0,49.0,0.0,7.22,7.38,8.41,0.0
20080205:0910,0.0,75.0,0.0,14.76,7.9,8.48,0.0
20080205:1010,0.0,88.0,0.0,20.63,8.65,8.34,0.0
20080205:1110,12.0,173.0,0.0,24.32,9.39,8.28,0.0
20080205:1210,0.0,76.0,0.0,25.42,10.42,8.28,0.0
20080205:1310,0.0,77.0,0.0,23.8,10.94,8.0,0.0
20080205:1410,0.0,55.0,0.0,19.64,11.08,7.52,0.0
20080205:1510,3.0,81.0,0.0,13.4,11.33,7.31,0.0
20080205:1610,1.0,24.82,0.0,5.6,11.38,7.52,0.0
20080205:1710,0.0,0.0,0.0,0.0,11.71,7.38,0.0
20080205:1810,0.0,0.0,0.0,0.0,11.64,7.03,0.0
20080205:1910,0.0,0.0,0.0,0.0,11.85,7.66,0.0
20080205:2010,0.0,0.0,0.0,0.0,11.48,7.59,0.0
20080205:2110,0.0,0.0,0.0,0.0,11.06,8.07,0.0
20080205:2210,0.0,0.0,0.0,0.0,10.86,8.34,0.0
20080205:2310,0.0,0.0,0.0,0.0,10.73,8.14,0.0
20080206:0010,0.0,0.0,0.0,0.0,10.74,8.14,0.0
20080206:0110,0.0,0.0,0.0,0.0,10.92,8.0,0.0
20080206:0210,0.0,0.0,0.0,0.0,10.75,7.79,0.0
20080206:0310,0.0,0.0,0.0,0.0,10.42,7.52,0.0
20080206:0410,0.0,0.0,0.0,0.0,10.04,7.24,0.0
20080206:0510,0.0,0.0,0.0,0.0,9.63,7.03,0.0
20080206:0610,0.0,0.0,0.0,0.0,9.26,6.62,0.0
20080206:0710,0.0,0.0,0.0,0.0,9.04,6.48,0.0
20080206:0810,29.0,49.0,0.0,7.46,8.92,6.14,0.0
20080206:0910,72.0,109.0,0.0,15.01,9.45,6.0,0.0
20080206:1010,129.01,149.0,0.0,20.91,10.01,6.48,0.0
20080206:1110,67.0,201.0,0.0,24.62,10.71,6.97,0.0
20080206:1210,203.01,167.0,0.0,25.73,11.07,6.48,0.0
20080206:1310,77.0,195.0,0.0,24.1,11.32,5.79,0.0
20080206:1410,129.01,138.0,0.0,19.93,11.3,5.17,0.0
20080206:1510,72.0,95.0,0.0,13.68,11.12,4.55,0.0
20080206:1610,19.0,36.0,0.0,5.87,10.65,3.86,0.0
20080206:1710,0.0,0.0,0.0,0.0,9.38,2.97,0.0
20080206:1810,0.0,0.0,0.0,0.0,7.88,2.55,0.0
20080206:1910,0.0,0.0,0.0,0.0,6.87,2.28,0.0
20080206:2010,0.0,0.0,0.0,0.0,5.79,2.21,0.0
20080206:2110,0.0,0.0,0.0,0.0,4.65,2.0,0.0
20080206:2210,0.0,0.0,0.0,0.0,3.61,1.79,0.0
20080206:2310,0.0,0.0,0.0,0.0,2.6,1.59,0.0
20080207:0010,0.0,0.0,0.0,0.0,3.6,0.97,0.0
20080207:0110,0.0,0.0,0.0,0.0,3.51,0.83,0.0
20080207:0210,0.0,0.0,0.0,0.0,3.12,0.69,0.0
20080207:0310,0.0,0.0,0.0,0.0,2.18,0.34,0.0
20080207:0410,0.0,0.0,0.0,0.0,-0.16,0.9,0.0
20080207:0510,0.0,0.0,0.0,0.0,0.02,1.03,0.0
20080207:0610,0.0,0.0,0.0,0.0,0.43,1.24,0.0
20080207:0710,0.0,0.0,0.0,0.0,1.35,1.45,0.0
20080207:0810,59.0,39.0,0.0,7.7,1.64,1.24,0.0
20080207:0910,170.01,67.0,0.0,15.28,2.72,1.03,0.0
20080207:1010,271.01,80.0,0.0,21.19,3.66,0.9,0.0
20080207:1110,335.01,87.0,0.0,24.92,5.04,0.97,0.0
20080207:1210,349.01,91.0,0.0,26.04,6.14,1.17,0.0
20080207:1310,308.01,95.0,0.0,24.41,7.28,1.45,0.0
20080207:1410,231.01,90.0,0.0,20.23,8.04,1.72,0.0
20080207:1510,140.01,66.0,0.0,13.96,8.41,2.0,0.0
20080207:1610,39.0,32.0,0.0,6.13,8.01,1.79,0.0
20080207:1710,0.0,0.0,0.0,0.0,6.45,2.28,0.0
20080207:1810,0.0,0.0,0.0,0.0,5.13,2.41,0.0
20080207:1910,0.0,0.0,0.0,0.0,5.36,2.55,0.0
20080207:2010,0.0,0.0,0.0,0.0,4.5,2.62,0.0
20080207:2110,0.0,0.0,0.0,0.0,3.94,2.62,0.0
20080207:2210,0.0,0.0,0.0,0.0,3.51,2.69,0.0
20080207:2310,0.0,0.0,0.0,0.0,3.15,2.76,0.0
20080208:0010,0.0,0.0,0.0,0.0,2.8,2.76,0.0
20080208:0110,0.0,0.0,0.0,0.0,2.35,2.69,0.0
20080208:0210,0.0,0.0,0.0,0.0,1.87,2.62,0.0
20080208:0310,0.0,0.0,0.0,0.0,1.41,2.55,0.0
20080208:0410,0.0,0.0,0.0,0.0,1.02,2.48,0.0
20080208:0510,0.0,0.0,0.0,0.0,0.7,2.41,0.0
20080208:0610,0.0,0.0,0.0,0.0,0.41,2.41,0.0
20080208:0710,0.0,0.0,0.0,0.0,0.39,2.62,0.0
20080208:0810,65.0,40.0,0.0,7.95,0.72,2.48,0.0
20080208:0910,178.01,67.0,0.0,15.55,2.71,2.34,0.0
20080208:1010,273.01,83.0,0.0,21.48,5.22,2.62,0.0
20080208:1110,336.01,91.0,0.0,25.23,7.41,2.62,0.0
20080208:1210,360.01,91.0,0.0,26.36,9.23,2.48,0.0
20080208:1310,327.01,90.0,0.0,24.72,10.5,2.48,0.0
20080208:1410,252.01,83.0,0.0,20.53,11.2,2.62,0.0
20080208:1510,150.01,65.0,0.0,14.24,11.24,2.55,0.0
20080208:1610,43.0,33.0,0.0,6.4,10.24,2.41,0.0
20080208:1710,0.0,0.0,0.0,0.0,8.16,2.83,0.0
20080208:1810,0.0,0.0,0.0,0.0,6.61,2.97,0.0
20080208:1910,0.0,0.0,0.0,0.0,5.86,2.83,0.0
20080208:2010,0.0,0.0,0.0,0.0,5.02,2.9,0.0
20080208:2110,0.0,0.0,0.0,0.0,4.36,2.97,0.0
20080208:2210,0.0,0.0,0.0,0.0,3.76,2.83,0.0
20080208:2310,0.0,0.0,0.0,0.0,3.1,2.76,0.0
20080209:0010,0.0,0.0,0.0,0.0,2.44,2.62,0.0
20080209:0110,0.0,0.0,0.0,0.0,1.77,2.48,0.0
20080209:0210,0.0,0.0,0.0,0.0,1.2,2.48,0.0
20080209:0310,0.0,0.0,0.0,0.0,0.73,2.48,0.0
20080209:0410,0.0,0.0,0.0,0.0,0.45,2.62,0.0
20080209:0510,0.0,0.0,0.0,0.0,0.31,2.69,0.0
20080209:0610,0.0,0.0,0.0,0.0,0.17,2.69,0.0
20080209:0710,0.0,0.0,0.0,0.0,0.01,2.55,0.0
20080209:0810,70.0,41.0,0.0,8.21,0.2,2.28,0.0
20080209:0910,181.01,69.0,0.0,15.82,2.49,2.0,0.0
20080209:1010,282.01,84.0,0.0,21.78,5.01,2.34,0.0
20080209:1110,342.01,93.0,0.0,25.54,7.07,2.34,0.0
20080209:1210,366.01,93.0,0.0,26.68,8.73,2.28,0.0
20080209:1310,338.01,89.0,0.0,25.04,9.89,2.21,0.0
20080209:1410,265.01,82.0,0.0,20.83,10.54,2.41,0.0
20080209:1510,164.01,63.0,0.0,14.53,10.59,2.55,0.0
20080209:1610,30.0,41.0,0.0,6.66,9.71,2.14,0.0
20080209:1710,0.0,0.0,0.0,0.0,7.76,2.55,0.0
20080209:1810,0.0,0.0,0.0,0.0,6.09,2.62,0.0
20080209:1910,0.0,0.0,0.0,0.0,5.08,2.55,0.0
20080209:2010,0.0,0.0,0.0,0.0,4.05,2.55,0.0
20080209:2110,0.0,0.0,0.0,0.0,3.11,2.48,0.0
20080209:2210,0.0,0.0,0.0,0.0,2.27,2.41,0.0
20080209:2310,0.0,0.0,0.0,0.0,1.5,2.41,0.0
20080210:0010,0.0,0.0,0.0,0.0,0.83,2.34,0.0
20080210:0110,0.0,0.0,0.0,0.0,0.27,2.34,0.0
20080210:0210,0.0,0.0,0.0,0.0,-0.25,2.28,0.0
20080210:0310,0.0,0.0,0.0,0.0,-0.75,2.21,0.0
20080210:0410,0.0,0.0,0.0,0.0,-1.19,2.28,0.0
20080210:0510,0.0,0.0,0.0,0.0,-1.52,2.28,0.0
20080210:0610,0.0,0.0,0.0,0.0,-1.74,2.21,0.0
20080210:0710,0.0,0.0,0.0,0.0,-1.82,2.14,0.0
20080210:0810,73.0,42.0,0.0,8.46,-1.55,1.79,0.0
20080210:0910,185.01,71.0,0.0,16.1,1.66,1.59,0.0
20080210:1010,284.01,86.0,0.0,22.08,4.13,1.86,0.0
20080210:1110,347.01,94.0,0.0,25.86,6.28,2.07,0.0
20080210:1210,372.01,93.0,0.0,27.0,8.09,2.28,0.0
20080210:1310,343.01,91.0,0.0,25.36,9.38,2.41,0.0
20080210:1410,271.01,81.0,0.0,21.14,10.15,2.55,0.0
20080210:1510,164.01,66.0,0.0,14.82,10.27,2.62,0.0
20080210:1610,55.0,34.0,0.0,6.93,9.5,2.21,0.0
20080210:1710,0.0,0.0,0.0,0.0,7.53,2.69,0.0
20080210:1810,0.0,0.0,0.0,0.0,5.9,2.76,0.0
20080210:1910,0.0,0.0,0.0,0.0,5.15,2.76,0.0
20080210:2010,0.0,0.0,0.0,0.0,4.3,2.69,0.0
20080210:2110,0.0,0.0,0.0,0.0,3.53,2.69,0.0
20080210:2210,0.0,0.0,0.0,0.0,2.83,2.62,0.0
20080210:2310,0.0,0.0,0.0,0.0,2.25,2.69,0.0
20080211:0010,0.0,0.0,0.0,0.0,1.8,2.69,0.0
20080211:0110,0.0,0.0,0.0,0.0,1.38,2.62,0.0
20080211:0210,0.0,0.0,0.0,0.0,0.93,2.55,0.0
20080211:0310,0.0,0.0,0.0,0.0,0.49,2.48,0.0
20080211:0410,0.0,0.0,0.0,0.0,0.16,2.55,0.0
20080211:0510,0.0,0.0,0.0,0.0,0.06,2.69,0.0
20080211:0610,0.0,0.0,0.0,0.0,0.0,2.62,0.0
20080211:0710,0.0,0.0,0.0,0.0,0.11,2.69,0.0
20080211:0810,76.0,43.0,0.0,8.73,0.7,2.62,0.0
20080211:0910,189.01,70.0,0.0,16.38,2.91,2.69,0.0
20080211:1010,288.01,85.0,0.0,22.38,5.41,3.24,0.0
20080211:1110,352.01,93.0,0.0,26.18,7.47,3.45,0.0
20080211:1210,372.01,94.0,0.0,27.33,9.13,3.52,0.0
20080211:1310,329.01,99.0,0.0,25.68,10.26,3.66,0.0
20080211:1410,260.01,89.0,0.0,21.44,10.85,3.72,0.0
20080211:1510,151.01,75.0,0.0,15.1,10.88,3.52,0.0
20080211:1610,48.0,39.0,0.0,7.2,10.03,3.17,0.0
20080211:1710,0.0,0.0,0.0,0.0,8.16,3.24,0.0
20080211:1810,0.0,0.0,0.0,0.0,6.67,3.31,0.0
20080211:1910,0.0,0.0,0.0,0.0,6.19,3.24,0.0
20080211:2010,0.0,0.0,0.0,0.0,5.47,3.17,0.0
20080211:2110,0.0,0.0,0.0,0.0,4.79,3.1,0.0
20080211:2210,0.0,0.0,0.0,0.0,4.13,3.1,0.0
20080211:2310,0.0,0.0,0.0,0.0,3.48,2.97,0.0
20080212:0010,0.0,0.0,0.0,0.0,2.86,2.9,0.0
20080212:0110,0.0,0.0,0.0,0.0,2.27,2.83,0.0
20080212:0210,0.0,0.0,0.0,0.0,1.68,2.69,0.0
20080212:0310,0.0,0.0,0.0,0.0,1.09,2.48,0.0
20080212:0410,0.0,0.0,0.0,0.0,0.48,2.34,0.0
20080212:0510,0.0,0.0,0.0,0.0,-0.1,2.21,0.0
20080212:0610,0.0,0.0,0.0,0.0,-0.65,2.14,0.0
20080212:0710,0.0,0.0,0.0,0.0,-1.01,2.14,0.0
20080212:0810,0.0,0.0,0.0,0.0,-0.91,1.72,0.0
20080212:0910,0.0,0.0,0.0,0.0,2.3,1.59,0.0
20080212:1010,0.0,0.0,0.0,0.0,4.64,1.79,0.0
20080212:1110,0.0,0.0,0.0,0.0,6.63,1.93,0.0
20080212:1210,372.01,98.0,0.0,27.66,8.3,2.0,0.0
20080212:1310,349.01,92.0,0.0,26.0,9.5,2.14,0.0
20080212:1410,273.01,85.0,0.0,21.75,10.22,2.34,0.0
20080212:1510,169.01,69.0,0.0,15.39,10.43,2.48,0.0
20080212:1610,59.0,37.0,0.0,7.48,9.8,2.07,0.0
20080212:1710,0.0,0.0,0.0,0.0,7.99,2.55,0.0
20080212:1810,0.0,0.0,0.0,0.0,6.31,2.69,0.0
20080212:1910,0.0,0.0,0.0,0.0,6.02,2.83,0.0
20080212:2010,0.0,0.0,0.0,0.0,5.28,2.76,0.0
20080212:2110,0.0,0.0,0.0,0.0,4.68,2.76,0.0
20080212:2210,0.0,0.0,0.0,0.0,4.15,2.69,0.0
20080212:2310,0.0,0.0,0.0,0.0,3.61,2.62,0.0
20080213:0010,0.0,0.0,0.0,0.0,3.03,2.55,0.0
20080213:0110,0.0,0.0,0.0,0.0,2.41,2.41,0.0
20080213:0210,0.0,0.0,0.0,0.0,1.79,2.34,0.0
20080213:0310,0.0,0.0,0.0,0.0,1.15,2.28,0.0
20080213:0410,0.0,0.0,0.0,0.0,0.59,2.28,0.0
20080213:0510,0.0,0.0,0.0,0.0,0.12,2.28,0.0
20080213:0610,0.0,0.0,0.0,0.0,-0.29,2.28,0.0
20080213:0710,0.0,0.0,0.0,0.0,-0.29,2.34,0.0
20080213:0810,83.0,46.0,0.0,9.27,0.12,2.0,0.0
20080213:0910,197.01,73.0,0.0,16.97,2.79,1.93,0.0
20080213:1010,292.01,90.0,0.0,23.01,5.08,2.0,0.0
20080213:1110,350.01,102.0,0.0,26.83,7.0,2.0,0.0
20080213:1210,380.01,98.0,0.0,27.99,8.61,2.07,0.0
20080213:1310,347.01,97.0,0.0,26.33,9.78,2.28,0.0
20080213:1410,0.0,0.0,0.0,0.0,10.44,2.48,0.0
20080213:1510,170.01,72.0,0.0,15.69,10.55,2.69,0.0
20080213:1610,61.0,39.0,0.0,7.75,9.97,2.28,0.0
20080213:1710,0.0,0.0,0.0,0.0,8.18,2.48,0.0
20080213:1810,0.0,0.0,0.0,0.0,6.39,2.62,0.0
20080213:1910,0.0,0.0,0.0,0.0,5.19,2.69,0.0
20080213:2010,0.0,0.0,0.0,0.0,4.25,2.69,0.0
20080213:2110,0.0,0.0,0.0,0.0,3.45,2.62,0.0
20080213:2210,0.0,0.0,0.0,0.0,2.71,2.48,0.0
20080213:2310,0.0,0.0,0.0,0.0,1.98,2.34,0.0
20080214:0010,0.0,0.0,0.0,0.0,1.26,2.28,0.0
20080214:0110,0.0,0.0,0.0,0.0,0.54,2.21,0.0
20080214:0210,0.0,0.0,0.0,0.0,-0.08,2.21,0.0
20080214:0310,0.0,0.0,0.0,0.0,-0.62,2.21,0.0
20080214:0410,0.0,0.0,0.0,0.0,-1.11,2.14,0.0
20080214:0510,0.0,0.0,0.0,0.0,-1.52,2.14,0.0
20080214:0610,0.0,0.0,0.0,0.0,-1.91,2.07,0.0
20080214:0710,0.0,0.0,0.0,0.0,-1.94,2.14,0.0
20080214:0810,75.0,53.0,0.0,9.55,-1.36,1.86,0.0
20080214:0910,191.01,81.0,0.0,17.26,1.01,2.21,0.0
20080214:1010,302.01,90.0,0.0,23.32,2.84,2.21,0.0
20080214:1110,371.01,96.0,0.0,27.17,4.65,2.28,0.0
20080214:1210,396.01,95.0,0.0,28.33,6.34,2.41,0.0
20080214:1310,362.01,95.0,0.0,26.66,7.91,2.55,0.0
20080214:1410,280.01,91.0,0.0,22.38,8.75,2.76,0.0
20080214:1510,174.01,75.0,0.0,15.98,8.93,2.9,0.0
20080214:1610,65.0,40.0,0.0,8.02,8.41,2.48,0.0
20080214:1710,0.0,0.0,0.0,0.0,6.58,2.62,0.0
20080214:1810,0.0,0.0,0.0,0.0,4.8,2.76,0.0
20080214:1910,0.0,0.0,0.0,0.0,3.23,3.17,0.0
20080214:2010,0.0,0.0,0.0,0.0,2.35,3.03,0.0
20080214:2110,0.0,0.0,0.0,0.0,1.65,2.97,0.0
20080214:2210,0.0,0.0,0.0,0.0,0.99,2.83,0.0
20080214:2310,0.0,0.0,0.0,0.0,0.43,2.62,0.0
20080215:0010,0.0,0.0,0.0,0.0,-0.09,2.48,0.0
20080215:0110,0.0,0.0,0.0,0.0,-0.52,2.41,0.0
20080215:0210,0.0,0.0,0.0,0.0,-0.84,2.41,0.0
20080215:0310,0.0,0.0,0.0,0.0,-0.93,2.62,0.0
20080215:0410,0.0,0.0,0.0,0.0,-0.63,2.76,0.0
20080215:0510,0.0,0.0,0.0,0.0,-0.16,2.76,0.0
20080215:0610,0.0,0.0,0.0,0.0,0.29,2.76,0.0
20080215:0710,0.0,0.0,0.0,0.0,0.65,2.83,0.0
20080215:0810,4.0,61.0,0.0,9.83,1.29,2.97,0.0
20080215:0910,0.0,84.0,0.0,17.57,2.22,3.86,0.0
20080215:1010,0.0,75.0,0.0,23.65,3.22,3.86,0.0
20080215:1110,0.0,82.0,0.0,27.5,4.09,4.14,0.0
20080215:1210,0.0,67.0,0.0,28.67,4.81,4.21,0.0
20080215:1310,0.0,72.0,0.0,27.0,5.43,4.14,0.0
20080215:1410,0.0,73.0,0.0,22.7,5.71,4.48,0.0
20080215:1510,0.0,81.0,0.0,16.28,5.77,4.76,0.0
20080215:1610,4.0,50.0,0.0,8.3,5.4,4.62,0.0
20080215:1710,0.0,0.0,0.0,0.0,4.49,3.93,0.0
20080215:1810,0.0,0.0,0.0,0.0,3.27,3.79,0.0
20080215:1910,0.0,0.0,0.0,0.0,2.58,3.59,0.0
20080215:2010,0.0,0.0,0.0,0.0,2.03,3.52,0.0
20080215:2110,0.0,0.0,0.0,0.0,1.37,3.45,0.0
20080215:2210,0.0,0.0,0.0,0.0,0.6,3.45,0.0
20080215:2310,0.0,0.0,0.0,0.0,0.12,3.52,0.0
20080216:0010,0.0,0.0,0.0,0.0,-0.3,3.59,0.0
20080216:0110,0.0,0.0,0.0,0.0,-0.6,3.79,0.0
20080216:0210,0.0,0.0,0.0,0.0,-0.86,3.79,0.0
20080216:0310,0.0,0.0,0.0,0.0,-1.21,3.72,0.0
20080216:0410,0.0,0.0,0.0,0.0,-1.61,3.72,0.0
20080216:0510,0.0,0.0,0.0,0.0,-1.95,3.72,0.0
20080216:0610,0.0,0.0,0.0,0.0,-2.23,3.72,0.0
20080216:0710,0.0,0.0,0.0,0.0,-2.18,3.59,0.0
20080216:0810,94.0,50.0,0.0,10.12,-1.62,3.59,0.0
20080216:0910,204.01,83.0,0.0,17.87,-0.2,4.0,0.0
20080216:1010,300.01,102.0,0.0,23.97,1.23,4.48,0.0
20080216:1110,349.01,119.0,0.0,27.85,2.6,4.41,0.0
20080216:1210,359.01,128.0,0.0,29.02,3.81,4.41,0.0
20080216:1310,347.01,114.0,0.0,27.33,4.75,4.62,0.0
20080216:1410,284.01,99.0,0.0,23.01,5.31,4.9,0.0
20080216:1510,191.01,73.0,0.0,16.57,5.39,4.97,0.0
20080216:1610,76.0,42.0,0.0,8.57,4.85,4.28,0.0
20080216:1710,0.0,0.0,0.0,0.0,3.44,4.0,0.0
20080216:1810,0.0,0.0,0.0,0.0,2.1,3.86,0.0
20080216:1910,0.0,0.0,0.0,0.0,1.72,3.93,0.0
20080216:2010,0.0,0.0,0.0,0.0,0.97,3.93,0.0
20080216:2110,0.0,0.0,0.0,0.0,0.25,3.86,0.0
20080216:2210,0.0,0.0,0.0,0.0,-0.46,3.59,0.0
20080216:2310,0.0,0.0,0.0,0.0,-1.15,3.24,0.0
20080217:0010,0.0,0.0,0.0,0.0,-1.73,2.97,0.0
20080217:0110,0.0,0.0,0.0,0.0,-2.18,2.83,0.0
20080217:0210,0.0,0.0,0.0,0.0,-2.51,2.83,0.0
20080217:0310,0.0,0.0,0.0,0.0,-2.74,2.83,0.0
20080217:0410,0.0,0.0,0.0,0.0,-2.91,2.83,0.0
20080217:0510,0.0,0.0,0.0,0.0,-3.05,2.76,0.0
20080217:0610,0.0,0.0,0.0,0.0,-3.19,2.62,0.0
20080217:0710,0.0,0.0,0.0,0.0,-3.11,2.62,0.0
20080217:0810,106.01,48.0,0.0,10.41,-2.24,2.48,0.0
20080217:0910,206.01,86.0,0.0,18.18,-0.07,2.76,0.0
20080217:1010,308.01,102.0,0.0,24.3,1.96,2.76,0.0
20080217:1110,356.01,121.0,0.0,28.19,3.82,2.55,0.0
20080217:1210,367.01,128.0,0.0,29.37,5.35,2.28,0.0
20080217:1310,361.01,111.0,0.0,27.67,6.45,2.21,0.0
20080217:1410,291.01,100.0,0.0,23.33,7.12,2.21,0.0
20080217:1510,193.01,77.0,0.0,16.87,7.34,2.34,0.0
20080217:1610,74.0,46.0,0.0,8.85,6.8,2.0,0.0
20080217:1710,0.0,0.0,0.0,0.0,4.99,2.48,0.0
20080217:1810,0.0,0.0,0.0,0.0,3.05,2.62,0.0
20080217:1910,0.0,0.0,0.0,0.0,2.0,2.55,0.0
20080217:2010,0.0,0.0,0.0,0.0,1.05,2.55,0.0
20080217:2110,0.0,0.0,0.0,0.0,0.19,2.55,0.0
20080217:2210,0.0,0.0,0.0,0.0,-0.59,2.41,0.0
20080217:2310,0.0,0.0,0.0,0.0,-1.26,2.21,0.0
20080218:0010,0.0,0.0,0.0,0.0,-1.92,2.07,0.0
20080218:0110,0.0,0.0,0.0,0.0,-2.5,2.0,0.0
20080218:0210,0.0,0.0,0.0,0.0,-2.98,1.93,0.0
20080218:0310,0.0,0.0,0.0,0.0,-3.29,1.93,0.0
20080218:0410,0.0,0.0,0.0,0.0,-3.47,2.0,0.0
20080218:0510,0.0,0.0,0.0,0.0,-3.52,2.07,0.0
20080218:0610,0.0,0.0,0.0,0.0,-3.53,2.07,0.0
20080218:0710,0.0,6.0,0.0,1.79,-3.32,2.21,0.0
20080218:0810,92.0,58.0,0.0,10.7,-2.08,1.79,0.0
20080218:0910,211.01,85.0,0.0,18.5,0.97,1.93,0.0
20080218:1010,308.01,103.0,0.0,24.64,3.21,2.07,0.0
20080218:1110,370.01,113.0,0.0,28.54,5.17,2.14,0.0
20080218:1210,396.01,112.0,0.0,29.72,6.72,2.34,0.0
20080218:1310,369.01,107.0,0.0,28.01,7.84,2.62,0.0
20080218:1410,297.01,98.0,0.0,23.66,8.58,2.97,0.0
20080218:1510,194.01,78.0,0.0,17.17,8.78,3.17,0.0
20080218:1610,78.0,47.0,0.0,9.13,8.27,2.69,0.0
20080218:1710,0.0,0.0,0.0,0.0,6.4,2.76,0.0
20080218:1810,0.0,0.0,0.0,0.0,4.55,2.9,0.0
20080218:1910,0.0,0.0,0.0,0.0,3.72,2.97,0.0
20080218:2010,0.0,0.0,0.0,0.0,2.83,2.97,0.0
20080218:2110,0.0,0.0,0.0,0.0,2.02,2.97,0.0
20080218:2210,0.0,0.0,0.0,0.0,1.25,2.83,0.0
20080218:2310,0.0,0.0,0.0,0.0,0.54,2.76,0.0
20080219:0010,0.0,0.0,0.0,0.0,-0.13,2.69,0.0
20080219:0110,0.0,0.0,0.0,0.0,-0.75,2.55,0.0
20080219:0210,0.0,0.0,0.0,0.0,-1.31,2.41,0.0
20080219:0310,0.0,0.0,0.0,0.0,-1.81,2.34,0.0
20080219:0410,0.0,0.0,0.0,0.0,-2.19,2.34,0.0
20080219:0510,0.0,0.0,0.0,0.0,-2.44,2.34,0.0
20080219:0610,0.0,0.0,0.0,0.0,-2.57,2.34,0.0
20080219:0710,0.0,8.0,0.0,2.07,-2.13,2.41,0.0
20080219:0810,102.0,54.0,0.0,11.0,-1.05,2.21,0.0
20080219:0910,216.01,82.0,0.0,18.82,1.69,2.34,0.0
20080219:1010,308.01,102.0,0.0,24.98,4.13,2.48,0.0
20080219:1110,364.01,115.0,0.0,28.89,6.25,2.48,0.0
20080219:1210,367.01,127.0,0.0,30.08,7.88,2.48,0.0
20080219:1310,362.01,109.0,0.0,28.36,9.1,2.41,0.0
20080219:1410,298.01,95.0,0.0,23.98,9.85,2.41,0.0
20080219:1510,200.01,75.0,0.0,17.47,10.16,2.34,0.0
20080219:1610,89.0,43.0,0.0,9.41,9.83,1.86,0.0
20080219:1710,0.0,0.0,0.0,0.0,8.71,2.07,0.0
20080219:1810,0.0,0.0,0.0,0.0,7.51,2.14,0.0
20080219:1910,0.0,0.0,0.0,0.0,6.89,1.72,0.0
20080219:2010,0.0,0.0,0.0,0.0,6.09,2.0,0.0
20080219:2110,0.0,0.0,0.0,0.0,5.68,1.93,0.0
20080219:2210,0.0,0.0,0.0,0.0,5.45,1.86,0.0
20080219:2310,0.0,0.0,0.0,0.0,5.19,1.93,0.0
20080220:0010,0.0,0.0,0.0,0.0,5.32,1.93,0.0
20080220:0110,0.0,0.0,0.0,0.0,5.6,2.0,0.0
20080220:0210,0.0,0.0,0.0,0.0,5.81,2.07,0.0
20080220:0310,0.0,0.0,0.0,0.0,6.05,2.21,0.0
20080220:0410,0.0,0.0,0.0,0.0,6.35,2.28,0.0
20080220:0510,0.0,0.0,0.0,0.0,6.52,2.41,0.0
20080220:0610,0.0,0.0,0.0,0.0,6.6,2.48,0.0
20080220:0710,0.0,8.0,0.0,2.36,6.61,2.34,0.0
20080220:0810,4.0,69.0,0.0,11.31,6.76,2.41,0.0
20080220:0910,0.0,26.0,0.0,19.14,6.98,2.48,0.0
20080220:1010,0.0,59.0,0.0,25.32,7.19,2.48,0.0
20080220:1110,0.0,93.0,0.0,29.25,7.37,2.41,0.0
20080220:1210,0.0,85.0,0.0,30.43,7.83,2.34,0.0
20080220:1310,0.0,113.0,0.0,28.7,7.88,2.41,0.0
20080220:1410,0.0,82.0,0.0,24.3,8.07,2.28,0.0
20080220:1510,0.0,74.0,0.0,17.77,8.17,2.28,0.0
20080220:1610,1.0,49.0,0.0,9.69,8.27,2.14,0.0
20080220:1710,0.0,0.0,0.0,0.0,8.07,2.14,0.0
20080220:1810,0.0,0.0,0.0,0.0,7.7,2.07,0.0
20080220:1910,0.0,0.0,0.0,0.0,7.65,1.45,0.0
20080220:2010,0.0,0.0,0.0,0.0,7.6,1.38,0.0
20080220:2110,0.0,0.0,0.0,0.0,7.53,1.45,0.0
20080220:2210,0.0,0.0,0.0,0.0,7.45,1.59,0.0
20080220:2310,0.0,0.0,0.0,0.0,7.41,1.72,0.0
20080221:0010,0.0,0.0,0.0,0.0,7.33,1.86,0.0
20080221:0110,0.0,0.0,0.0,0.0,7.4,1.86,0.0
20080221:0210,0.0,0.0,0.0,0.0,7.46,2.0,0.0
20080221:0310,0.0,0.0,0.0,0.0,7.41,1.93,0.0
20080221:0410,0.0,0.0,0.0,0.0,7.21,2.07,0.0
20080221:0510,0.0,0.0,0.0,0.0,6.8,2.14,0.0
20080221:0610,0.0,0.0,0.0,0.0,6.52,2.07,0.0
20080221:0710,0.0,5.0,0.0,2.66,6.44,1.93,0.0
20080221:0810,2.0,68.0,0.0,11.62,6.2,2.55,0.0
20080221:0910,29.0,150.0,0.0,19.47,6.33,2.62,0.0
20080221:1010,6.0,168.0,0.0,25.66,6.88,2.9,0.0
20080221:1110,8.0,201.0,0.0,29.61,8.16,3.03,0.0
20080221:1210,4.0,193.0,0.0,30.79,9.48,3.17,0.0
20080221:1310,0.0,89.0,0.0,29.05,10.71,3.72,0.0
20080221:1410,0.0,74.0,0.0,24.63,11.02,3.72,0.0
20080221:1510,0.0,80.0,0.0,18.07,11.01,3.52,0.0
20080221:1610,5.0,62.0,0.0,9.96,10.72,3.17,0.0
20080221:1710,0.0,0.0,0.0,0.0,10.3,3.38,0.0
20080221:1810,0.0,0.0,0.0,0.0,9.95,3.52,0.0
20080221:1910,0.0,0.0,0.0,0.0,9.02,3.31,0.0
20080221:2010,0.0,0.0,0.0,0.0,8.8,3.24,0.0
20080221:2110,0.0,0.0,0.0,0.0,8.55,3.24,0.0
20080221:2210,0.0,0.0,0.0,0.0,8.52,3.38,0.0
20080221:2310,0.0,0.0,0.0,0.0,8.69,3.52,0.0
20080222:0010,0.0,0.0,0.0,0.0,8.87,3.59,0.0
20080222:0110,0.0,0.0,0.0,0.0,9.04,3.72,0.0
20080222:0210,0.0,0.0,0.0,0.0,8.85,3.66,0.0
20080222:0310,0.0,0.0,0.0,0.0,8.67,3.59,0.0
20080222:0410,0.0,0.0,0.0,0.0,8.55,3.38,0.0
20080222:0510,0.0,0.0,0.0,0.0,8.34,3.1,0.0
20080222:0610,0.0,0.0,0.0,0.0,8.13,2.97,0.0
20080222:0710,0.0,7.0,0.0,2.95,8.46,2.97,0.0
20080222:0810,4.0,74.0,0.0,11.93,8.79,3.24,0.0
20080222:0910,45.0,154.0,0.0,19.8,9.34,3.79,0.0
20080222:1010,115.0,200.0,0.0,26.01,10.14,4.41,0.0
20080222:1110,135.0,231.0,0.0,29.97,10.86,4.9,0.0
20080222:1210,0.0,143.0,0.0,31.16,11.32,4.9,0.0
20080222:1310,8.0,197.0,0.0,29.4,11.65,4.97,0.0
20080222:1410,0.0,66.0,0.0,24.96,11.82,4.48,0.0
20080222:1510,0.0,57.0,0.0,18.37,11.87,4.28,0.0
20080222:1610,3.0,58.0,0.0,10.24,11.52,3.72,0.0
20080222:1710,0.0,0.0,0.0,0.0,11.07,3.24,0.0
20080222:1810,0.0,0.0,0.0,0.0,10.58,2.9,0.0
20080222:1910,0.0,0.0,0.0,0.0,10.16,2.97,0.0
20080222:2010,0.0,0.0,0.0,0.0,9.65,3.03,0.0
20080222:2110,0.0,0.0,0.0,0.0,9.21,2.97,0.0
20080222:2210,0.0,0.0,0.0,0.0,8.76,2.69,0.0
20080222:2310,0.0,0.0,0.0,0.0,8.31,2.41,0.0
20080223:0010,0.0,0.0,0.0,0.0,7.7,2.28,0.0
20080223:0110,0.0,0.0,0.0,0.0,7.21,2.14,0.0
20080223:0210,0.0,0.0,0.0,0.0,7.08,2.0,0.0
20080223:0310,0.0,0.0,0.0,0.0,6.82,1.93,0.0
20080223:0410,0.0,0.0,0.0,0.0,6.62,1.79,0.0
20080223:0510,0.0,0.0,0.0,0.0,6.57,1.66,0.0
20080223:0610,0.0,0.0,0.0,0.0,6.66,1.45,0.0
20080223:0710,1.0,12.84,0.0,3.25,6.18,1.31,0.0
20080223:0810,14.0,86.0,0.0,12.24,6.54,0.9,0.0
20080223:0910,15.0,145.0,0.0,20.13,7.5,0.69,0.0
20080223:1010,31.0,205.0,0.0,26.37,9.12,0.9,0.0
20080223:1110,64.0,246.0,0.0,30.33,10.67,1.79,0.0
20080223:1210,0.0,157.0,0.0,31.52,11.34,2.28,0.0
20080223:1310,7.0,197.0,0.0,29.75,11.71,2.48,0.0
20080223:1410,4.0,157.0,0.0,25.29,11.8,2.34,0.0
20080223:1510,27.0,142.0,0.0,18.67,11.82,2.14,0.0
20080223:1610,82.0,55.0,0.0,10.52,11.67,1.86,0.0
20080223:1710,0.0,0.0,0.0,0.0,11.12,1.38,0.0
20080223:1810,0.0,0.0,0.0,0.0,10.15,1.79,0.0
20080223:1910,0.0,0.0,0.0,0.0,9.04,1.24,0.0
20080223:2010,0.0,0.0,0.0,0.0,7.48,1.31,0.0
20080223:2110,0.0,0.0,0.0,0.0,6.09,1.52,0.0
20080223:2210,0.0,0.0,0.0,0.0,5.17,1.66,0.0
20080223:2310,0.0,0.0,0.0,0.0,4.49,1.79,0.0
20080224:0010,0.0,0.0,0.0,0.0,4.09,1.93,0.0
20080224:0110,0.0,0.0,0.0,0.0,3.51,2.07,0.0
20080224:0210,0.0,0.0,0.0,0.0,2.85,2.14,0.0
20080224:0310,0.0,0.0,0.0,0.0,2.42,2.14,0.0
20080224:0410,0.0,0.0,0.0,0.0,2.02,2.14,0.0
20080224:0510,0.0,0.0,0.0,0.0,1.68,2.21,0.0
20080224:0610,0.0,0.0,0.0,0.0,1.4,2.14,0.0
20080224:0710,1.0,15.82,0.0,3.56,1.05,2.14,0.0
20080224:0810,33.0,94.0,0.0,12.56,2.8,1.79,0.0
20080224:0910,59.0,163.0,0.0,20.47,6.6,2.28,0.0
20080224:1010,159.0,195.0,0.0,26.72,9.54,2.97,0.0
20080224:1110,421.01,98.0,0.0,30.7,11.82,3.45,0.0
20080224:1210,423.01,108.0,0.0,31.89,13.46,3.79,0.0
20080224:1310,410.01,97.0,0.0,30.11,14.52,4.07,0.0
20080224:1410,334.01,90.0,0.0,25.61,15.1,4.21,0.0
20080224:1510,220.01,78.0,0.0,18.97,15.24,4.14,0.0
20080224:1610,99.0,51.0,0.0,10.8,14.82,3.38,0.0
20080224:1710,0.0,0.0,0.0,0.0,13.5,3.31,0.0
20080224:1810,0.0,0.0,0.0,0.0,11.75,3.24,0.0
20080224:1910,0.0,0.0,0.0,0.0,11.07,3.24,0.0
20080224:2010,0.0,0.0,0.0,0.0,10.6,3.38,0.0
20080224:2110,0.0,0.0,0.0,0.0,10.21,3.45,0.0
20080224:2210,0.0,0.0,0.0,0.0,10.05,3.24,0.0
20080224:2310,0.0,0.0,0.0,0.0,9.92,3.03,0.0
20080225:0010,0.0,0.0,0.0,0.0,9.84,2.62,0.0
20080225:0110,0.0,0.0,0.0,0.0,9.66,2.07,0.0
20080225:0210,0.0,0.0,0.0,0.0,9.24,1.59,0.0
20080225:0310,0.0,0.0,0.0,0.0,8.91,1.45,0.0
20080225:0410,0.0,0.0,0.0,0.0,8.54,1.31,0.0
20080225:0510,0.0,0.0,0.0,0.0,8.07,1.38,0.0
20080225:0610,0.0,0.0,0.0,0.0,7.88,1.38,0.0
20080225:0710,1.0,17.81,0.0,3.86,8.38,1.38,0.0
20080225:0810,4.0,77.0,0.0,12.88,8.69,1.24,0.0
20080225:0910,1.0,107.0,0.0,20.81,9.28,1.86,0.0
20080225:1010,1.0,143.0,0.0,27.08,9.77,1.72,0.0
20080225:1110,0.0,123.0,0.0,31.07,10.42,1.93,0.0
20080225:1210,0.0,99.0,0.0,32.26,10.5,2.41,0.0
20080225:1310,0.0,134.0,0.0,30.46,10.5,3.03,0.0
20080225:1410,4.0,161.0,0.0,25.94,11.06,3.52,0.0
20080225:1510,11.0,134.0,0.0,19.28,11.78,3.86,0.0
20080225:1610,11.0,76.0,0.0,11.08,12.06,3.52,0.0
20080225:1710,0.0,3.0,0.0,1.9,11.92,3.24,0.0
20080225:1810,0.0,0.0,0.0,0.0,11.69,3.24,0.0
20080225:1910,0.0,0.0,0.0,0.0,11.28,3.24,0.0
20080225:2010,0.0,0.0,0.0,0.0,11.24,3.1,0.0
20080225:2110,0.0,0.0,0.0,0.0,10.87,3.03,0.0
20080225:2210,0.0,0.0,0.0,0.0,10.01,3.38,0.0
20080225:2310,0.0,0.0,0.0,0.0,9.47,3.72,0.0
20080226:0010,0.0,0.0,0.0,0.0,9.06,3.93,0.0
20080226:0110,0.0,0.0,0.0,0.0,8.72,4.07,0.0
20080226:0210,0.0,0.0,0.0,0.0,8.49,4.28,0.0
20080226:0310,0.0,0.0,0.0,0.0,8.42,4.62,0.0
20080226:0410,0.0,0.0,0.0,0.0,8.37,4.97,0.0
20080226:0510,0.0,0.0,0.0,0.0,8.28,5.24,0.0
20080226:0610,0.0,0.0,0.0,0.0,8.36,5.52,0.0
20080226:0710,0.0,9.0,0.0,4.18,8.98,5.79,0.0
20080226:0810,0.0,21.0,0.0,13.21,9.35,5.93,0.0
20080226:0910,0.0,98.0,0.0,21.15,9.64,6.28,0.0
20080226:1010,0.0,75.0,0.0,27.44,9.56,6.83,0.0
20080226:1110,0.0,116.0,0.0,31.45,9.64,7.03,0.0
20080226:1210,0.0,133.0,0.0,32.63,9.88,6.83,0.0
20080226:1310,0.0,108.0,0.0,30.82,10.07,6.69,0.0
20080226:1410,0.0,134.0,0.0,26.28,10.24,6.28,0.0
20080226:1510,0.0,65.0,0.0,19.58,10.43,5.59,0.0
20080226:1610,0.0,21.0,0.0,11.36,10.62,5.1,0.0
20080226:1710,0.0,0.0,0.0,0.0,10.61,4.76,0.0
20080226:1810,0.0,0.0,0.0,0.0,9.95,3.93,0.0
20080226:1910,0.0,0.0,0.0,0.0,9.51,4.0,0.0
20080226:2010,0.0,0.0,0.0,0.0,9.17,4.0,0.0
20080226:2110,0.0,0.0,0.0,0.0,8.68,3.93,0.0
20080226:2210,0.0,0.0,0.0,0.0,7.94,3.52,0.0
20080226:2310,0.0,0.0,0.0,0.0,7.11,3.24,0.0
20080227:0010,0.0,0.0,0.0,0.0,6.35,2.9,0.0
20080227:0110,0.0,0.0,0.0,0.0,5.96,2.83,0.0
20080227:0210,0.0,0.0,0.0,0.0,5.71,2.97,0.0
20080227:0310,0.0,0.0,0.0,0.0,5.79,3.17,0.0
20080227:0410,0.0,0.0,0.0,0.0,5.64,3.1,0.0
20080227:0510,0.0,0.0,0.0,0.0,5.28,3.1,0.0
20080227:0610,0.0,0.0,0.0,0.0,5.3,3.17,0.0
20080227:0710,3.0,23.34,0.0,4.49,4.75,2.76,0.0
20080227:0810,102.0,80.0,0.0,13.54,5.42,2.48,0.0
20080227:0910,85.0,168.0,0.0,21.5,6.83,2.83,0.0
20080227:1010,126.0,218.0,0.0,27.81,8.34,3.66,0.0
20080227:1110,344.01,155.0,0.0,31.82,9.46,3.24,0.0
20080227:1210,72.0,271.0,0.0,33.01,10.21,3.03,0.0
20080227:1310,180.0,231.0,0.0,31.18,10.4,3.1,0.0
20080227:1410,13.0,189.0,0.0,26.61,10.34,2.97,0.0
20080227:1510,19.0,149.0,0.0,19.88,10.35,2.76,0.0
20080227:1610,0.0,49.0,0.0,11.64,9.97,2.07,0.0
20080227:1710,0.0,9.0,0.0,2.42,9.37,1.72,0.0
20080227:1810,0.0,0.0,0.0,0.0,8.54,1.72,0.0
20080227:1910,0.0,0.0,0.0,0.0,7.57,1.66,0.0
20080227:2010,0.0,0.0,0.0,0.0,6.86,1.72,0.0
20080227:2110,0.0,0.0,0.0,0.0,6.47,1.72,0.0
20080227:2210,0.0,0.0,0.0,0.0,6.34,1.66,0.0
20080227:2310,0.0,0.0,0.0,0.0,6.39,1.72,0.0
20080228:0010,0.0,0.0,0.0,0.0,6.44,1.93,0.0
20080228:0110,0.0,0.0,0.0,0.0,6.75,2.14,0.0
20080228:0210,0.0,0.0,0.0,0.0,6.95,2.48,0.0
20080228:0310,0.0,0.0,0.0,0.0,7.1,2.62,0.0
20080228:0410,0.0,0.0,0.0,0.0,7.18,2.76,0.0
20080228:0510,0.0,0.0,0.0,0.0,7.19,2.83,0.0
20080228:0610,0.0,0.0,0.0,0.0,7.08,2.97,0.0
20080228:0710,1.0,18.84,0.0,4.81,7.01,2.62,0.0
20080228:0810,1.0,74.0,0.0,13.87,7.29,2.76,0.0
20080228:0910,9.0,147.0,0.0,21.85,7.78,2.69,0.0
20080228:1010,3.0,167.0,0.0,28.17,8.3,3.1,0.0
20080228:1110,0.0,113.0,0.0,32.2,8.83,2.83,0.0
20080228:1210,0.0,150.0,0.0,33.38,9.61,3.24,0.0
20080228:1310,0.0,124.0,0.0,31.53,10.36,3.72,0.0
20080228:1410,14.0,191.0,0.0,26.94,10.8,3.38,0.0
20080228:1510,0.0,102.0,0.0,20.19,11.42,2.83,0.0
20080228:1610,0.0,49.0,0.0,11.92,11.97,2.76,0.0
20080228:1710,0.0,9.0,0.0,2.69,11.92,2.83,0.0
20080228:1810,0.0,0.0,0.0,0.0,11.62,3.1,0.0
20080228:1910,0.0,0.0,0.0,0.0,11.76,3.79,0.0
20080228:2010,0.0,0.0,0.0,0.0,11.62,3.93,0.0
20080228:2110,0.0,0.0,0.0,0.0,11.44,4.07,0.0
20080228:2210,0.0,0.0,0.0,0.0,11.22,4.21,0.0
20080228:2310,0.0,0.0,0.0,0.0,10.92,4.21,0.0
20080229:0010,0.0,0.0,0.0,0.0,10.64,4.28,0.0
20080229:0110,0.0,0.0,0.0,0.0,10.43,4.48,0.0
20080229:0210,0.0,0.0,0.0,0.0,10.29,4.62,0.0
20080229:0310,0.0,0.0,0.0,0.0,10.18,4.55,0.0
20080229:0410,0.0,0.0,0.0,0.0,10.09,4.34,0.0
20080229:0510,0.0,0.0,0.0,0.0,10.01,4.07,0.0
20080229:0610,0.0,0.0,0.0,0.0,9.84,3.66,0.0
20080229:0710,0.0,18.0,0.0,4.81,9.63,3.31,0.0
20080229:0810,31.0,106.0,0.0,13.87,9.56,3.17,0.0
20080229:0910,76.0,172.0,0.0,21.85,9.75,2.97,0.0
20080229:1010,17.0,207.0,0.0,28.17,10.44,4.28,0.0
20080229:1110,0.0,123.0,0.0,32.2,11.26,4.97,0.0
20080229:1210,0.0,125.0,0.0,33.38,11.54,4.97,0.0
20080229:1310,0.0,104.0,0.0,31.53,12.12,5.86,0.0
20080229:1410,0.0,99.0,0.0,26.94,12.11,4.62,0.0
20080229:1510,0.0,93.0,0.0,20.19,12.35,5.45,0.0
20080229:1610,2.0,67.0,0.0,11.92,12.62,5.93,0.0
20080229:1710,0.0,10.0,0.0,2.69,12.43,5.66,0.0
20080229:1810,0.0,0.0,0.0,0.0,12.25,5.59,0.0
20080229:1910,0.0,0.0,0.0,0.0,11.05,6.0,0.0
20080229:2010,0.0,0.0,0.0,0.0,10.83,6.76,0.0
20080229:2110,0.0,0.0,0.0,0.0,10.63,7.52,0.0
20080229:2210,0.0,0.0,0.0,0.0,10.55,8.07,0.0
20080229:2310,0.0,0.0,0.0,0.0,10.49,8.48,0.0
20080301:0010,0.0,0.0,0.0,0.0,10.6,8.83,0.0
20080301:0110,0.0,0.0,0.0,0.0,10.8,9.03,0.0
20080301:0210,0.0,0.0,0.0,0.0,11.03,9.17,0.0
20080301:0310,0.0,0.0,0.0,0.0,11.25,9.38,0.0
20080301:0410,0.0,0.0,0.0,0.0,11.37,9.17,0.0
20080301:0510,0.0,0.0,0.0,0.0,11.43,8.9,0.0
20080301:0610,0.0,0.0,0.0,0.0,11.62,8.69,0.0
20080301:0710,0.0,0.0,0.0,0.0,11.15,8.21,0.0
20080301:0810,0.0,0.0,0.0,0.0,10.78,7.52,0.0
20080301:0910,0.0,0.0,0.0,0.0,10.69,6.97,0.0
20080301:1010,0.0,0.0,0.0,0.0,10.96,7.31,0.0
20080301:1110,0.0,0.0,0.0,0.0,11.36,7.24,0.0
20080301:1210,0.0,0.0,0.0,0.0,11.83,6.9,0.0
20080301:1310,0.0,0.0,0.0,0.0,12.18,6.48,0.0
20080301:1410,0.0,0.0,0.0,0.0,12.41,6.21,0.0
20080301:1510,0.0,0.0,0.0,0.0,12.46,6.14,0.0
20080301:1610,0.0,0.0,0.0,0.0,12.17,5.72,0.0
20080301:1710,0.0,0.0,0.0,0.0,11.37,4.76,0.0
20080301:1810,0.0,0.0,0.0,0.0,10.22,4.69,0.0
20080301:1910,0.0,0.0,0.0,0.0,9.64,4.76,0.0
20080301:2010,0.0,0.0,0.0,0.0,8.97,4.83,0.0
20080301:2110,0.0,0.0,0.0,0.0,8.39,4.9,0.0
20080301:2210,0.0,0.0,0.0,0.0,8.1,4.83,0.0
20080301:2310,0.0,0.0,0.0,0.0,7.91,4.69,0.0
20080302:0010,0.0,0.0,0.0,0.0,7.79,4.69,0.0
20080302:0110,0.0,0.0,0.0,0.0,7.51,4.83,0.0
20080302:0210,0.0,0.0,0.0,0.0,7.34,5.03,0.0
20080302:0310,0.0,0.0,0.0,0.0,7.38,5.24,0.0
20080302:0410,0.0,0.0,0.0,0.0,7.54,5.38,0.0
20080302:0510,0.0,0.0,0.0,0.0,8.02,5.31,0.0
20080302:0610,0.0,0.0,0.0,0.0,8.42,5.24,0.0
20080302:0710,2.0,28.56,0.0,5.45,8.56,5.59,0.0
20080302:0810,1.0,79.0,0.0,14.54,8.88,5.52,0.0
20080302:0910,1.0,120.0,0.0,22.56,9.2,4.83,0.0
20080302:1010,0.0,150.0,0.0,28.92,9.67,5.24,0.0
20080302:1110,28.0,253.0,0.0,32.97,10.43,5.79,0.0
20080302:1210,12.0,238.0,0.0,34.14,10.78,5.38,0.0
20080302:1310,62.0,262.0,0.0,32.26,11.28,5.52,0.0
20080302:1410,9.0,190.0,0.0,27.6,11.89,5.03,0.0
20080302:1510,0.0,85.0,0.0,20.8,12.31,4.07,0.0
20080302:1610,15.0,89.0,0.0,12.48,12.19,4.28,0.0
20080302:1710,0.0,14.0,0.0,3.21,11.77,4.34,0.0
20080302:1810,0.0,0.0,0.0,0.0,11.23,3.93,0.0
20080302:1910,0.0,0.0,0.0,0.0,10.58,4.0,0.0
20080302:2010,0.0,0.0,0.0,0.0,10.24,3.86,0.0
20080302:2110,0.0,0.0,0.0,0.0,10.14,4.07,0.0
20080302:2210,0.0,0.0,0.0,0.0,10.08,4.34,0.0
20080302:2310,0.0,0.0,0.0,0.0,10.04,4.48,0.0
20080303:0010,0.0,0.0,0.0,0.0,10.01,4.9,0.0
20080303:0110,0.0,0.0,0.0,0.0,9.87,5.24,0.0
20080303:0210,0.0,0.0,0.0,0.0,9.61,5.24,0.0
20080303:0310,0.0,0.0,0.0,0.0,9.48,5.17,0.0
20080303:0410,0.0,0.0,0.0,0.0,9.19,4.97,0.0
20080303:0510,0.0,0.0,0.0,0.0,9.18,4.97,0.0
20080303:0610,0.0,0.0,0.0,0.0,8.9,5.31,0.0
20080303:0710,2.0,32.0,0.0,5.78,8.0,4.62,0.0
20080303:0810,0.0,75.0,0.0,14.88,7.38,4.21,0.0
20080303:0910,0.0,81.0,0.0,22.91,7.23,4.41,0.0
20080303:1010,0.0,117.0,0.0,29.29,7.32,4.69,0.0
20080303:1110,368.01,162.0,0.0,33.35,7.86,4.83,0.0
20080303:1210,0.0,168.0,0.0,34.52,8.73,5.24,0.0
20080303:1310,280.01,203.0,0.0,32.62,9.39,5.86,0.0
20080303:1410,362.01,106.0,0.0,27.94,9.59,5.72,0.0
20080303:1510,133.0,150.0,0.0,21.1,9.4,4.9,0.0
20080303:1610,62.0,91.0,0.0,12.76,9.08,3.93,0.0
20080303:1710,0.0,19.0,0.0,3.47,8.18,3.38,0.0
20080303:1810,0.0,0.0,0.0,0.0,7.17,3.86,0.0
20080303:1910,0.0,0.0,0.0,0.0,6.26,3.86,0.0
20080303:2010,0.0,0.0,0.0,0.0,5.79,4.14,0.0
20080303:2110,0.0,0.0,0.0,0.0,5.17,4.28,0.0
20080303:2210,0.0,0.0,0.0,0.0,4.53,4.62,0.0
20080303:2310,0.0,0.0,0.0,0.0,4.03,4.55,0.0
20080304:0010,0.0,0.0,0.0,0.0,3.8,4.41,0.0
20080304:0110,0.0,0.0,0.0,0.0,3.54,4.14,0.0
20080304:0210,0.0,0.0,0.0,0.0,3.42,4.0,0.0
20080304:0310,0.0,0.0,0.0,0.0,3.16,3.59,0.0
20080304:0410,0.0,0.0,0.0,0.0,2.57,3.17,0.0
20080304:0510,0.0,0.0,0.0,0.0,2.72,3.31,0.0
20080304:0610,0.0,0.0,0.0,0.0,2.41,3.45,0.0
20080304:0710,0.0,7.0,0.0,6.11,2.73,4.14,0.0
20080304:0810,61.0,118.0,0.0,15.22,3.21,4.97,0.0
20080304:0910,0.0,103.0,0.0,23.27,3.92,4.62,0.0
20080304:1010,26.0,232.0,0.0,29.67,5.01,4.76,0.0
20080304:1110,18.0,251.0,0.0,33.74,6.06,5.31,0.0
20080304:1210,43.0,282.0,0.0,34.91,6.77,5.72,0.0
20080304:1310,0.0,177.0,0.0,32.98,7.44,6.21,0.0
20080304:1410,13.0,204.0,0.0,28.27,7.48,6.62,0.0
20080304:1510,253.01,95.0,0.0,21.4,7.06,7.45,0.0
20080304:1610,126.0,67.0,0.0,13.04,6.13,6.69,0.0
20080304:1710,0.0,22.0,0.0,3.73,5.61,6.55,0.0
20080304:1810,0.0,0.0,0.0,0.0,5.05,6.34,0.0
20080304:1910,0.0,0.0,0.0,0.0,4.52,5.72,0.0
20080304:2010,0.0,0.0,0.0,0.0,4.03,5.59,0.0
20080304:2110,0.0,0.0,0.0,0.0,3.36,5.38,0.0
20080304:2210,0.0,0.0,0.0,0.0,2.88,5.1,0.0
20080304:2310,0.0,0.0,0.0,0.0,2.54,4.97,0.0
20080305:0010,0.0,0.0,0.0,0.0,2.09,4.9,0.0
20080305:0110,0.0,0.0,0.0,0.0,1.61,4.97,0.0
20080305:0210,0.0,0.0,0.0,0.0,1.25,5.03,0.0
20080305:0310,0.0,0.0,0.0,0.0,0.9,4.97,0.0
20080305:0410,0.0,0.0,0.0,0.0,0.6,4.69,0.0
20080305:0510,0.0,0.0,0.0,0.0,0.23,4.55,0.0
20080305:0610,0.0,0.0,0.0,0.0,-0.12,4.21,0.0
20080305:0710,41.0,38.0,0.0,6.44,0.15,4.14,0.0
20080305:0810,165.0,77.0,0.0,15.57,0.99,4.0,0.0
20080305:0910,287.01,104.0,0.0,23.63,2.45,4.83,0.0
20080305:1010,445.01,90.0,0.0,30.05,3.76,5.17,0.0
20080305:1110,445.01,132.0,0.0,34.13,4.98,6.0,0.0
20080305:1210,115.0,295.0,0.0,35.29,5.68,5.86,0.0
20080305:1310,499.01,95.0,0.0,33.35,6.01,5.38,0.0
20080305:1410,1.0,157.0,0.0,28.6,6.09,4.9,0.0
20080305:1510,0.0,0.0,0.0,0.0,6.42,4.83,0.0
20080305:1610,0.0,0.0,0.0,0.0,6.09,4.21,0.0
20080305:1710,0.0,0.0,0.0,0.0,5.68,3.45,0.0
20080305:1810,0.0,0.0,0.0,0.0,4.61,2.69,0.0
20080305:1910,0.0,0.0,0.0,0.0,3.61,2.28,0.0
20080305:2010,0.0,0.0,0.0,0.0,2.77,2.28,0.0
20080305:2110,0.0,0.0,0.0,0.0,1.82,2.55,0.0
20080305:2210,0.0,0.0,0.0,0.0,1.09,2.76,0.0
20080305:2310,0.0,0.0,0.0,0.0,0.53,2.62,0.0
20080306:0010,0.0,0.0,0.0,0.0,-0.06,2.07,0.0
20080306:0110,0.0,0.0,0.0,0.0,-1.11,1.38,0.0
20080306:0210,0.0,0.0,0.0,0.0,-1.98,1.59,0.0
20080306:0310,0.0,0.0,0.0,0.0,-2.15,1.86,0.0
20080306:0410,0.0,0.0,0.0,0.0,-1.85,1.79,0.0
20080306:0510,0.0,0.0,0.0,0.0,-1.29,1.79,0.0
20080306:0610,0.0,0.0,0.0,0.0,-1.04,1.93,0.0
20080306:0710,0.0,0.0,0.0,0.0,-0.29,1.72,0.0
20080306:0810,0.0,0.0,0.0,0.0,1.73,1.59,0.0
20080306:0910,0.0,0.0,0.0,0.0,3.75,1.66,0.0
20080306:1010,0.0,0.0,0.0,0.0,5.57,1.72,0.0
20080306:1110,0.0,0.0,0.0,0.0,7.19,1.52,0.0
20080306:1210,0.0,0.0,0.0,0.0,8.43,1.52,0.0
20080306:1310,0.0,0.0,0.0,0.0,9.19,1.93,0.0
20080306:1410,0.0,0.0,0.0,0.0,9.84,2.62,0.0
20080306:1510,0.0,0.0,0.0,0.0,10.01,2.69,0.0
20080306:1610,0.0,0.0,0.0,0.0,9.73,2.21,0.0
20080306:1710,0.0,25.0,0.0,4.26,9.07,2.0,0.0
20080306:1810,0.0,0.0,0.0,0.0,7.95,2.21,0.0
20080306:1910,0.0,0.0,0.0,0.0,6.85,1.59,0.0
20080306:2010,0.0,0.0,0.0,0.0,6.33,1.86,0.0
20080306:2110,0.0,0.0,0.0,0.0,6.1,1.93,0.0
20080306:2210,0.0,0.0,0.0,0.0,5.78,2.07,0.0
20080306:2310,0.0,0.0,0.0,0.0,5.47,2.07,0.0
20080307:0010,0.0,0.0,0.0,0.0,4.97,2.07,0.0
20080307:0110,0.0,0.0,0.0,0.0,4.82,1.86,0.0
20080307:0210,0.0,0.0,0.0,0.0,4.07,1.79,0.0
20080307:0310,0.0,0.0,0.0,0.0,3.75,1.79,0.0
20080307:0410,0.0,0.0,0.0,0.0,3.85,1.86,0.0
20080307:0510,0.0,0.0,0.0,0.0,4.25,2.07,0.0
20080307:0610,0.0,0.0,0.0,0.0,4.49,2.34,0.0
20080307:0710,28.0,48.0,0.0,7.11,3.83,2.21,0.0
20080307:0810,41.0,128.0,0.0,16.26,5.21,2.28,0.0
20080307:0910,17.0,181.0,0.0,24.37,6.61,2.55,0.0
20080307:1010,55.0,252.0,0.0,30.81,7.98,3.24,0.0
20080307:1110,22.0,261.0,0.0,34.91,8.9,3.66,0.0
20080307:1210,36.0,281.0,0.0,36.07,9.39,3.66,0.0
20080307:1310,1.0,192.0,0.0,34.07,9.78,3.59,0.0
20080307:1410,100.0,239.0,0.0,29.27,9.83,3.93,0.0
20080307:1510,4.0,143.0,0.0,22.31,9.56,4.0,0.0
20080307:1610,0.0,18.0,0.0,13.87,8.97,3.1,0.0
20080307:1710,0.0,24.0,0.0,4.52,8.19,2.55,0.0
20080307:1810,0.0,0.0,0.0,0.0,7.79,2.28,0.0
20080307:1910,0.0,0.0,0.0,0.0,7.27,1.79,0.0
20080307:2010,0.0,0.0,0.0,0.0,6.89,1.66,0.0
20080307:2110,0.0,0.0,0.0,0.0,6.63,1.45,0.0
20080307:2210,0.0,0.0,0.0,0.0,6.35,1.45,0.0
20080307:2310,0.0,0.0,0.0,0.0,5.58,1.66,0.0
20080308:0010,0.0,0.0,0.0,0.0,4.79,2.0,0.0
20080308:0110,0.0,0.0,0.0,0.0,4.03,2.21,0.0
20080308:0210,0.0,0.0,0.0,0.0,3.41,2.14,0.0
20080308:0310,0.0,0.0,0.0,0.0,2.65,2.0,0.0
20080308:0410,0.0,0.0,0.0,0.0,1.95,1.79,0.0
20080308:0510,0.0,0.0,0.0,0.0,1.26,1.66,0.0
20080308:0610,0.0,0.0,0.0,0.0,0.38,1.72,0.0
20080308:0710,57.0,41.0,0.0,7.45,0.39,1.52,0.0
20080308:0810,153.0,93.0,0.0,16.61,3.01,1.31,0.0
20080308:0910,175.0,172.0,0.0,24.73,5.55,1.66,0.0
20080308:1010,383.01,131.0,0.0,31.2,7.36,2.41,0.0
20080308:1110,476.01,121.0,0.0,35.31,8.5,2.97,0.0
20080308:1210,177.0,286.0,0.0,36.45,9.44,3.52,0.0
20080308:1310,214.01,253.0,0.0,34.44,10.23,4.14,0.0
20080308:1410,91.0,244.0,0.0,29.6,10.36,4.62,0.0
20080308:1510,8.0,155.0,0.0,22.61,10.18,4.76,0.0
20080308:1610,5.0,91.0,0.0,14.14,9.88,4.07,0.0
20080308:1710,3.0,25.32,0.0,4.77,9.37,3.59,0.0
20080308:1810,0.0,0.0,0.0,0.0,8.75,3.52,0.0
20080308:1910,0.0,0.0,0.0,0.0,8.24,4.07,0.0
20080308:2010,0.0,0.0,0.0,0.0,8.06,4.41,0.0
20080308:2110,0.0,0.0,0.0,0.0,8.0,4.62,0.0
20080308:2210,0.0,0.0,0.0,0.0,7.92,4.76,0.0
20080308:2310,0.0,0.0,0.0,0.0,7.86,4.83,0.0
20080309:0010,0.0,0.0,0.0,0.0,7.84,4.83,0.0
20080309:0110,0.0,0.0,0.0,0.0,7.72,4.9,0.0
20080309:0210,0.0,0.0,0.0,0.0,7.63,5.03,0.0
20080309:0310,0.0,0.0,0.0,0.0,7.47,5.1,0.0
20080309:0410,0.0,0.0,0.0,0.0,7.37,5.17,0.0
20080309:0510,0.0,0.0,0.0,0.0,7.25,5.24,0.0
20080309:0610,0.0,0.0,0.0,0.0,7.17,5.38,0.0
20080309:0710,4.0,48.0,0.0,7.79,7.45,5.52,0.0
20080309:0810,0.0,84.0,0.0,16.97,7.56,5.59,0.0
20080309:0910,0.0,122.0,0.0,25.1,7.75,5.66,0.0
20080309:1010,0.0,163.0,0.0,31.59,7.99,5.66,0.0
20080309:1110,0.0,175.0,0.0,35.7,7.87,5.52,0.0
20080309:1210,0.0,68.0,0.0,36.84,7.9,6.21,0.0
20080309:1310,1.0,191.0,0.0,34.81,8.07,6.21,0.0
20080309:1410,1.0,158.0,0.0,29.94,8.86,4.97,0.0
20080309:1510,104.0,177.0,0.0,22.91,10.01,4.34,0.0
20080309:1610,74.0,102.0,0.0,14.42,9.26,3.66,0.0
20080309:1710,19.0,26.16,0.0,5.03,8.77,4.07,0.0
20080309:1810,0.0,0.0,0.0,0.0,7.58,3.72,0.0
20080309:1910,0.0,0.0,0.0,0.0,6.44,4.0,0.0
20080309:2010,0.0,0.0,0.0,0.0,5.7,3.66,0.0
20080309:2110,0.0,0.0,0.0,0.0,4.96,3.66,0.0
20080309:2210,0.0,0.0,0.0,0.0,4.5,3.93,0.0
20080309:2310,0.0,0.0,0.0,0.0,4.22,4.21,0.0
20080310:0010,0.0,0.0,0.0,0.0,4.18,4.62,0.0
20080310:0110,0.0,0.0,0.0,0.0,3.88,5.1,0.0
20080310:0210,0.0,0.0,0.0,0.0,3.73,5.52,0.0
20080310:0310,0.0,0.0,0.0,0.0,3.71,6.0,0.0
20080310:0410,0.0,0.0,0.0,0.0,3.93,6.62,0.0
20080310:0510,0.0,0.0,0.0,0.0,4.43,7.45,0.0
20080310:0610,0.0,0.0,0.0,0.0,4.83,8.41,0.0
20080310:0710,0.0,22.0,0.0,8.13,5.08,9.24,0.0
20080310:0810,0.0,76.0,0.0,17.32,5.61,10.21,0.0
20080310:0910,0.0,69.0,0.0,25.47,6.04,10.76,0.0
20080310:1010,0.0,166.0,0.0,31.97,5.77,11.03,0.0
20080310:1110,0.0,185.0,0.0,36.1,5.44,10.83,0.0
20080310:1210,54.0,300.0,0.0,37.23,5.28,10.41,0.0
20080310:1310,467.01,122.0,0.0,35.17,5.4,9.93,0.0
20080310:1410,22.0,228.0,0.0,30.27,6.66,9.24,0.0
20080310:1510,57.0,188.0,0.0,23.21,8.45,8.62,0.0
20080310:1610,5.0,94.0,0.0,14.69,9.08,9.24,0.0
20080310:1710,17.0,28.61,0.0,5.29,8.69,9.79,0.0
20080310:1810,0.0,0.0,0.0,0.0,8.26,9.52,0.0
20080310:1910,0.0,0.0,0.0,0.0,7.77,9.03,0.0
20080310:2010,0.0,0.0,0.0,0.0,7.56,8.9,0.0
20080310:2110,0.0,0.0,0.0,0.0,7.5,8.9,0.0
20080310:2210,0.0,0.0,0.0,0.0,7.51,8.83,0.0
20080310:2310,0.0,0.0,0.0,0.0,7.58,8.76,0.0
20080311:0010,0.0,0.0,0.0,0.0,7.06,8.55,0.0
20080311:0110,0.0,0.0,0.0,0.0,6.84,8.41,0.0
20080311:0210,0.0,0.0,0.0,0.0,6.97,8.34,0.0
20080311:0310,0.0,0.0,0.0,0.0,6.88,8.07,0.0
20080311:0410,0.0,0.0,0.0,0.0,6.64,7.38,0.0
20080311:0510,0.0,0.0,0.0,0.0,6.15,6.83,0.0
20080311:0610,0.0,0.0,0.0,0.0,5.89,6.34,0.0
20080311:0710,22.0,60.0,0.0,8.47,6.43,5.72,0.0
20080311:0810,58.0,139.0,0.0,17.68,6.92,4.9,0.0
20080311:0910,0.0,83.0,0.0,25.85,7.65,5.79,0.0
20080311:1010,0.0,138.0,0.0,32.36,9.4,7.79,0.0
20080311:1110,1.0,201.0,0.0,36.5,10.23,7.79,0.0
20080311:1210,0.0,65.0,0.0,37.62,10.47,7.31,0.0
20080311:1310,0.0,93.0,0.0,35.54,10.27,7.38,0.0
20080311:1410,4.0,190.0,0.0,30.6,11.29,7.17,0.0
20080311:1510,0.0,86.0,0.0,23.51,12.79,6.83,0.0
20080311:1610,156.0,70.0,0.0,14.97,13.09,7.86,0.0
20080311:1710,34.0,22.39,0.0,5.55,13.07,7.86,0.0
20080311:1810,0.0,0.0,0.0,0.0,12.59,7.66,0.0
20080311:1910,0.0,0.0,0.0,0.0,12.41,7.79,0.0
20080311:2010,0.0,0.0,0.0,0.0,12.34,8.28,0.0
20080311:2110,0.0,0.0,0.0,0.0,12.24,8.69,0.0
20080311:2210,0.0,0.0,0.0,0.0,12.23,9.1,0.0
20080311:2310,0.0,0.0,0.0,0.0,12.15,9.52,0.0
20080312:0010,0.0,0.0,0.0,0.0,12.03,9.72,0.0
20080312:0110,0.0,0.0,0.0,0.0,11.85,9.72,0.0
20080312:0210,0.0,0.0,0.0,0.0,11.7,8.97,0.0
20080312:0310,0.0,0.0,0.0,0.0,11.56,8.83,0.0
20080312:0410,0.0,0.0,0.0,0.0,10.79,7.79,0.0
20080312:0510,0.0,0.0,0.0,0.0,9.95,7.24,0.0
20080312:0610,0.0,0.0,0.0,0.0,9.18,7.31,0.0
20080312:0710,40.0,60.0,0.0,8.82,8.73,7.93,0.0
20080312:0810,18.0,135.0,0.0,18.03,8.68,8.28,0.0
20080312:0910,0.0,117.0,0.0,26.22,8.64,8.14,0.0
20080312:1010,119.0,266.0,0.0,32.75,8.87,8.55,0.0
20080312:1110,35.0,286.0,0.0,36.9,9.18,8.41,0.0
20080312:1210,567.01,97.0,0.0,38.01,9.97,9.59,0.0
20080312:1310,407.01,166.0,0.0,35.9,10.53,9.72,0.0
20080312:1410,139.0,244.0,0.0,30.93,10.43,8.83,0.0
20080312:1510,6.0,158.0,0.0,23.81,10.45,8.76,0.0
20080312:1610,151.0,76.0,0.0,15.24,10.13,7.72,0.0
20080312:1710,30.0,34.0,0.0,5.81,9.5,6.55,0.0
20080312:1810,0.0,0.0,0.0,0.0,8.59,5.59,0.0
20080312:1910,0.0,0.0,0.0,0.0,7.45,4.9,0.0
20080312:2010,0.0,0.0,0.0,0.0,6.71,4.62,0.0
20080312:2110,0.0,0.0,0.0,0.0,6.07,4.48,0.0
20080312:2210,0.0,0.0,0.0,0.0,5.52,4.34,0.0
20080312:2310,0.0,0.0,0.0,0.0,5.21,4.41,0.0
20080313:0010,0.0,0.0,0.0,0.0,5.19,4.55,0.0
20080313:0110,0.0,0.0,0.0,0.0,5.34,4.76,0.0
20080313:0210,0.0,0.0,0.0,0.0,5.42,4.97,0.0
20080313:0310,0.0,0.0,0.0,0.0,5.82,4.97,0.0
20080313:0410,0.0,0.0,0.0,0.0,5.93,4.76,0.0
20080313:0510,0.0,0.0,0.0,0.0,5.87,4.48,0.0
20080313:0610,0.0,0.0,0.0,0.0,5.9,4.28,0.0
20080313:0710,7.0,60.0,0.0,9.16,5.7,4.28,0.0
20080313:0810,79.0,140.0,0.0,18.39,6.45,4.0,0.0
20080313:0910,137.0,202.0,0.0,26.6,7.86,5.1,0.0
20080313:1010,215.0,236.0,0.0,33.14,9.47,5.93,0.0
20080313:1110,413.01,174.0,0.0,37.3,10.3,5.45,0.0
20080313:1210,4.0,235.0,0.0,38.41,10.61,4.97,0.0
20080313:1310,0.0,155.0,0.0,36.27,10.83,4.76,0.0
20080313:1410,0.0,127.0,0.0,31.26,10.59,3.79,0.0
20080313:1510,5.0,154.0,0.0,24.11,9.82,2.62,0.0
20080313:1610,6.0,103.0,0.0,15.51,9.43,2.69,0.0
20080313:1710,5.0,37.0,0.0,6.06,9.07,2.83,0.0
20080313:1810,0.0,0.0,0.0,0.0,8.53,3.52,0.0
20080313:1910,0.0,0.0,0.0,0.0,8.5,4.48,0.0
20080313:2010,0.0,0.0,0.0,0.0,8.7,4.97,0.0
20080313:2110,0.0,0.0,0.0,0.0,8.96,5.45,0.0
20080313:2210,0.0,0.0,0.0,0.0,9.29,5.86,0.0
20080313:2310,0.0,0.0,0.0,0.0,9.54,6.14,0.0
20080314:0010,0.0,0.0,0.0,0.0,9.77,6.28,0.0
20080314:0110,0.0,0.0,0.0,0.0,9.8,6.21,0.0
20080314:0210,0.0,0.0,0.0,0.0,9.76,6.0,0.0
20080314:0310,0.0,0.0,0.0,0.0,9.71,5.79,0.0
20080314:0410,0.0,0.0,0.0,0.0,9.63,5.59,0.0
20080314:0510,0.0,0.0,0.0,0.0,9.56,5.31,0.0
20080314:0610,0.0,0.0,0.0,0.0,9.46,4.9,0.0
20080314:0710,20.0,68.0,0.0,9.51,9.63,4.9,0.0
20080314:0810,3.0,112.0,0.0,18.75,9.76,4.76,0.0
20080314:0910,23.0,203.0,0.0,26.97,10.23,6.14,0.0
20080314:1010,62.0,270.0,0.0,33.54,10.9,6.0,0.0
20080314:1110,270.01,251.0,0.0,37.7,11.46,5.59,0.0
20080314:1210,312.01,241.0,0.0,38.8,11.68,5.1,0.0
20080314:1310,28.0,275.0,0.0,36.63,11.91,4.41,0.0
20080314:1410,9.0,211.0,0.0,31.59,12.32,4.41,0.0
20080314:1510,11.0,170.0,0.0,24.4,12.55,3.93,0.0
20080314:1610,20.0,117.0,0.0,15.78,12.38,2.97,0.0
20080314:1710,6.0,39.0,0.0,6.32,12.05,2.41,0.0
20080314:1810,0.0,0.0,0.0,0.0,11.41,2.14,0.0
20080314:1910,0.0,0.0,0.0,0.0,11.59,1.86,0.0
20080314:2010,0.0,0.0,0.0,0.0,11.01,1.86,0.0
20080314:2110,0.0,0.0,0.0,0.0,10.44,1.79,0.0
20080314:2210,0.0,0.0,0.0,0.0,10.0,1.59,0.0
20080314:2310,0.0,0.0,0.0,0.0,9.38,1.38,0.0
20080315:0010,0.0,0.0,0.0,0.0,8.44,1.24,0.0
20080315:0110,0.0,0.0,0.0,0.0,7.35,1.52,0.0
20080315:0210,0.0,0.0,0.0,0.0,6.81,1.86,0.0
20080315:0310,0.0,0.0,0.0,0.0,6.62,2.14,0.0
20080315:0410,0.0,0.0,0.0,0.0,6.48,2.41,0.0
20080315:0510,0.0,0.0,0.0,0.0,6.5,2.48,0.0
20080315:0610,0.0,0.0,0.0,0.0,6.25,2.48,0.0
20080315:0710,10.0,67.0,0.0,9.86,6.94,2.21,0.0
20080315:0810,94.0,142.0,0.0,19.11,8.57,2.14,0.0
20080315:0910,270.01,147.0,0.0,27.35,10.68,2.9,0.0
20080315:1010,380.01,157.0,0.0,33.93,12.53,3.52,0.0
20080315:1110,480.01,141.0,0.0,38.1,14.13,4.07,0.0
20080315:1210,292.01,257.0,0.0,39.19,15.75,4.34,0.0
20080315:1310,464.01,138.0,0.0,37.0,17.04,4.55,0.0
20080315:1410,11.0,221.0,0.0,31.92,17.85,4.62,0.0
20080315:1510,0.0,78.0,0.0,24.7,17.96,4.28,0.0
20080315:1610,0.0,60.0,0.0,16.05,17.41,3.59,0.0
20080315:1710,1.0,34.0,0.0,6.57,15.98,4.07,0.0
20080315:1810,0.0,0.0,0.0,0.0,14.35,5.17,0.0
20080315:1910,0.0,0.0,0.0,0.0,12.16,6.83,0.0
20080315:2010,0.0,0.0,0.0,0.0,10.54,6.07,0.0
20080315:2110,0.0,0.0,0.0,0.0,9.88,6.0,0.0
20080315:2210,0.0,0.0,0.0,0.0,9.62,6.28,0.0
20080315:2310,0.0,0.0,0.0,0.0,9.3,6.21,0.0
20080316:0010,0.0,0.0,0.0,0.0,9.24,6.41,0.0
20080316:0110,0.0,0.0,0.0,0.0,9.17,6.07,0.0
20080316:0210,0.0,0.0,0.0,0.0,9.24,6.21,0.0
20080316:0310,0.0,0.0,0.0,0.0,9.14,6.41,0.0
20080316:0410,0.0,0.0,0.0,0.0,8.6,5.72,0.0
20080316:0510,0.0,0.0,0.0,0.0,8.49,5.59,0.0
20080316:0610,0.0,0.0,0.0,0.0,8.62,5.93,0.0
20080316:0710,3.0,61.0,0.0,10.21,8.95,6.83,0.0
20080316:0810,0.0,86.0,0.0,19.48,9.37,6.34,0.0
20080316:0910,9.0,188.0,0.0,27.73,10.01,5.93,0.0
20080316:1010,50.0,275.0,0.0,34.33,9.73,6.69,0.0
20080316:1110,44.0,301.0,0.0,38.5,10.7,6.41,0.0
20080316:1210,188.0,304.0,0.0,39.58,10.3,6.28,0.0
20080316:1310,499.01,122.0,0.0,37.36,11.61,6.14,0.0
20080316:1410,35.0,252.0,0.0,32.25,12.46,5.86,0.0
20080316:1510,32.0,195.0,0.0,24.99,12.65,5.93,0.0
20080316:1610,38.0,125.0,0.0,16.32,11.58,6.55,0.0
20080316:1710,0.0,20.0,0.0,6.83,9.65,5.72,0.0
20080316:1810,0.0,0.0,0.0,0.0,8.76,5.38,0.0
20080316:1910,0.0,0.0,0.0,0.0,8.5,4.07,0.0
20080316:2010,0.0,0.0,0.0,0.0,8.13,3.72,0.0
20080316:2110,0.0,0.0,0.0,0.0,7.9,3.31,0.0
20080316:2210,0.0,0.0,0.0,0.0,7.83,2.83,0.0
20080316:2310,0.0,0.0,0.0,0.0,7.96,2.76,0.0
20080317:0010,0.0,0.0,0.0,0.0,8.16,3.24,0.0
20080317:0110,0.0,0.0,0.0,0.0,8.18,4.21,0.0
20080317:0210,0.0,0.0,0.0,0.0,7.69,5.03,0.0
20080317:0310,0.0,0.0,0.0,0.0,6.97,5.1,0.0
20080317:0410,0.0,0.0,0.0,0.0,6.39,4.62,0.0
20080317:0510,0.0,0.0,0.0,0.0,6.04,4.28,0.0
20080317:0610,0.0,0.0,0.0,0.0,5.73,4.21,0.0
20080317:0710,27.0,78.0,0.0,10.56,5.78,4.21,0.0
20080317:0810,13.0,143.0,0.0,19.84,5.75,4.21,0.0
20080317:0910,26.0,218.0,0.0,28.11,5.9,4.41,0.0
20080317:1010,336.01,194.0,0.0,34.72,5.99,4.14,0.0
20080317:1110,50.0,310.0,0.0,38.9,6.54,3.72,0.0
20080317:1210,5.0,249.0,0.0,39.98,7.51,3.79,0.0
20080317:1310,187.0,292.0,0.0,37.73,8.25,3.59,0.0
20080317:1410,7.0,216.0,0.0,32.58,8.74,3.45,0.0
20080317:1510,5.0,164.0,0.0,25.29,8.8,3.59,0.0
20080317:1610,3.0,102.0,0.0,16.59,8.6,3.79,0.0
20080317:1710,14.0,48.0,0.0,7.08,8.03,3.52,0.0
20080317:1810,0.0,0.0,0.0,0.0,7.31,3.38,0.0
20080317:1910,0.0,0.0,0.0,0.0,6.33,2.55,0.0
20080317:2010,0.0,0.0,0.0,0.0,5.74,2.83,0.0
20080317:2110,0.0,0.0,0.0,0.0,5.44,3.1,0.0
20080317:2210,0.0,0.0,0.0,0.0,4.92,3.31,0.0
20080317:2310,0.0,0.0,0.0,0.0,4.39,3.45,0.0
20080318:0010,0.0,0.0,0.0,0.0,3.7,3.38,0.0
20080318:0110,0.0,0.0,0.0,0.0,3.12,3.31,0.0
20080318:0210,0.0,0.0,0.0,0.0,2.24,3.17,0.0
20080318:0310,0.0,0.0,0.0,0.0,1.5,3.1,0.0
20080318:0410,0.0,0.0,0.0,0.0,0.94,2.97,0.0
20080318:0510,0.0,0.0,0.0,0.0,0.47,2.83,0.0
20080318:0610,0.0,0.0,0.0,0.0,0.07,2.76,0.0
20080318:0710,99.0,58.0,0.0,10.91,0.96,2.9,0.0
20080318:0810,235.0,91.0,0.0,20.2,2.44,3.86,0.0
20080318:0910,355.01,119.0,0.0,28.49,4.02,3.86,0.0
20080318:1010,10.0,241.0,0.0,35.12,5.39,4.07,0.0
20080318:1110,9.0,265.0,0.0,39.31,6.49,4.34,0.0
20080318:1210,1.0,219.0,0.0,40.37,7.11,4.34,0.0
20080318:1310,4.0,238.0,0.0,38.09,7.08,4.14,0.0
20080318:1410,55.0,270.0,0.0,32.91,7.25,4.07,0.0
20080318:1510,0.0,81.0,0.0,25.58,7.18,3.86,0.0
20080318:1610,5.0,109.0,0.0,16.86,7.32,3.72,0.0
20080318:1710,7.0,48.0,0.0,7.33,6.95,2.97,0.0
20080318:1810,0.0,0.0,0.0,0.0,6.28,2.55,0.0
20080318:1910,0.0,0.0,0.0,0.0,4.35,3.1,0.0
20080318:2010,0.0,0.0,0.0,0.0,3.54,3.1,0.0
20080318:2110,0.0,0.0,0.0,0.0,2.88,3.1,0.0
20080318:2210,0.0,0.0,0.0,0.0,2.26,3.03,0.0
20080318:2310,0.0,0.0,0.0,0.0,1.64,2.9,0.0
20080319:0010,0.0,0.0,0.0,0.0,0.99,2.76,0.0
20080319:0110,0.0,0.0,0.0,0.0,0.47,2.76,0.0
20080319:0210,0.0,0.0,0.0,0.0,0.08,2.76,0.0
20080319:0310,0.0,0.0,0.0,0.0,-0.18,2.76,0.0
20080319:0410,0.0,0.0,0.0,0.0,-0.33,2.76,0.0
20080319:0510,0.0,0.0,0.0,0.0,-0.36,2.83,0.0
20080319:0610,0.0,6.0,0.0,1.47,-0.25,2.83,0.0
20080319:0710,0.0,0.0,0.0,0.0,1.26,2.69,0.0
20080319:0810,18.0,156.0,0.0,20.56,3.1,4.0,0.0
20080319:0910,98.0,238.0,0.0,28.87,4.66,5.52,0.0
20080319:1010,20.0,265.0,0.0,35.51,5.7,5.1,0.0
20080319:1110,8.0,265.0,0.0,39.71,6.8,5.03,0.0
20080319:1210,0.0,132.0,0.0,40.76,7.62,5.03,0.0
20080319:1310,495.01,145.0,0.0,38.46,7.87,5.1,0.0
20080319:1410,338.01,181.0,0.0,33.23,7.86,5.17,0.0
20080319:1510,117.0,205.0,0.0,25.87,7.78,5.38,0.0
20080319:1610,175.0,87.0,0.0,17.12,7.32,5.1,0.0
20080319:1710,25.0,52.0,0.0,7.58,6.47,4.21,0.0
20080319:1810,0.0,0.0,0.0,0.0,5.43,4.0,0.0
20080319:1910,0.0,0.0,0.0,0.0,4.82,4.48,0.0
20080319:2010,0.0,0.0,0.0,0.0,4.54,4.21,0.0
20080319:2110,0.0,0.0,0.0,0.0,3.56,3.59,0.0
20080319:2210,0.0,0.0,0.0,0.0,2.68,3.1,0.0
20080319:2310,0.0,0.0,0.0,0.0,1.84,2.9,0.0
20080320:0010,0.0,0.0,0.0,0.0,1.21,2.69,0.0
20080320:0110,0.0,0.0,0.0,0.0,0.69,2.41,0.0
20080320:0210,0.0,0.0,0.0,0.0,0.16,2.28,0.0
20080320:0310,0.0,0.0,0.0,0.0,-0.29,2.34,0.0
20080320:0410,0.0,0.0,0.0,0.0,-0.52,2.34,0.0
20080320:0510,0.0,0.0,0.0,0.0,-0.63,2.21,0.0
20080320:0610,0.0,7.0,0.0,1.82,-0.65,2.21,0.0
20080320:0710,67.0,78.0,0.0,11.62,0.4,2.14,0.0
20080320:0810,243.0,92.0,0.0,20.93,2.81,2.55,0.0
20080320:0910,50.0,238.0,0.0,29.24,4.89,2.9,0.0
20080320:1010,495.01,115.0,0.0,35.91,6.08,4.07,0.0
20080320:1110,1.0,222.0,0.0,40.11,7.15,4.69,0.0
20080320:1210,0.0,158.0,0.0,41.15,7.74,5.1,0.0
20080320:1310,0.0,191.0,0.0,38.82,8.31,5.31,0.0
20080320:1410,21.0,250.0,0.0,33.56,8.52,5.38,0.0
20080320:1510,0.0,135.0,0.0,26.16,8.46,5.31,0.0
20080320:1610,0.0,84.0,0.0,17.39,7.98,4.76,0.0
20080320:1710,0.0,37.0,0.0,7.83,7.47,4.83,0.0
20080320:1810,0.0,0.0,0.0,0.0,6.78,4.9,0.0
20080320:1910,0.0,0.0,0.0,0.0,6.71,5.52,0.0
20080320:2010,0.0,0.0,0.0,0.0,6.37,6.14,0.0
20080320:2110,0.0,0.0,0.0,0.0,6.2,6.76,0.0
20080320:2210,0.0,0.0,0.0,0.0,6.07,7.31,0.0
20080320:2310,0.0,0.0,0.0,0.0,6.01,7.66,0.0
20080321:0010,0.0,0.0,0.0,0.0,5.99,7.93,0.0
20080321:0110,0.0,0.0,0.0,0.0,5.75,8.07,0.0
20080321:0210,0.0,0.0,0.0,0.0,6.05,7.93,0.0
20080321:0310,0.0,0.0,0.0,0.0,6.63,7.72,0.0
20080321:0410,0.0,0.0,0.0,0.0,7.23,7.59,0.0
20080321:0510,0.0,0.0,0.0,0.0,7.66,7.59,0.0
20080321:0610,0.0,8.0,0.0,2.16,7.93,7.72,0.0
20080321:0710,0.0,43.0,0.0,11.97,8.16,7.59,0.0
20080321:0810,0.0,63.0,0.0,21.29,8.46,7.93,0.0
20080321:0910,0.0,88.0,0.0,29.62,7.74,7.45,0.0
20080321:1010,15.0,258.0,0.0,36.3,7.58,7.17,0.0
20080321:1110,604.01,97.0,0.0,40.51,7.34,7.72,0.0
20080321:1210,0.0,77.0,0.0,41.54,7.95,6.83,0.0
20080321:1310,5.0,242.0,0.0,39.18,7.28,7.72,0.0
20080321:1410,54.0,273.0,0.0,33.88,7.71,7.31,0.0
20080321:1510,212.0,167.0,0.0,26.45,7.36,7.52,0.0
20080321:1610,171.0,91.0,0.0,17.65,7.51,6.76,0.0
20080321:1710,53.0,46.0,0.0,8.08,7.04,5.66,0.0
20080321:1810,0.0,0.0,0.0,0.0,5.97,5.24,0.0
20080321:1910,0.0,0.0,0.0,0.0,5.21,4.83,0.0
20080321:2010,0.0,0.0,0.0,0.0,4.57,4.69,0.0
20080321:2110,0.0,0.0,0.0,0.0,4.11,4.62,0.0
20080321:2210,0.0,0.0,0.0,0.0,3.82,4.48,0.0
20080321:2310,0.0,0.0,0.0,0.0,3.54,4.28,0.0
20080322:0010,0.0,0.0,0.0,0.0,3.41,4.0,0.0
20080322:0110,0.0,0.0,0.0,0.0,3.35,4.0,0.0
20080322:0210,0.0,0.0,0.0,0.0,2.93,3.93,0.0
20080322:0310,0.0,0.0,0.0,0.0,2.55,3.79,0.0
20080322:0410,0.0,0.0,0.0,0.0,1.88,3.72,0.0
20080322:0510,0.0,0.0,0.0,0.0,1.05,3.66,0.0
20080322:0610,5.0,12.84,0.0,2.51,0.38,3.72,0.0
20080322:0710,32.0,94.0,0.0,12.32,1.11,3.52,0.0
20080322:0810,0.0,86.0,0.0,21.66,2.47,4.34,0.0
20080322:0910,1.0,163.0,0.0,30.0,3.41,4.76,0.0
20080322:1010,1.0,205.0,0.0,36.7,4.46,4.69,0.0
20080322:1110,2.0,231.0,0.0,40.92,5.56,4.14,0.0
20080322:1210,225.0,317.0,0.0,41.93,6.71,3.86,0.0
20080322:1310,169.0,314.0,0.0,39.54,7.98,4.14,0.0
20080322:1410,288.01,216.0,0.0,34.2,8.26,4.55,0.0
20080322:1510,0.0,56.0,0.0,26.74,6.97,5.1,0.0
20080322:1610,0.0,24.0,0.0,17.92,6.36,5.59,0.0
20080322:1710,19.0,59.0,0.0,8.33,6.08,4.48,0.0
20080322:1810,0.0,0.0,0.0,0.0,5.18,4.97,0.0
20080322:1910,0.0,0.0,0.0,0.0,4.11,5.59,0.0
20080322:2010,0.0,0.0,0.0,0.0,3.43,6.07,0.0
20080322:2110,0.0,0.0,0.0,0.0,3.08,6.14,0.0
20080322:2210,0.0,0.0,0.0,0.0,2.7,6.0,0.0
20080322:2310,0.0,0.0,0.0,0.0,2.21,5.86,0.0
20080323:0010,0.0,0.0,0.0,0.0,1.52,5.66,0.0
20080323:0110,0.0,0.0,0.0,0.0,0.88,5.31,0.0
20080323:0210,0.0,0.0,0.0,0.0,0.32,4.9,0.0
20080323:0310,0.0,0.0,0.0,0.0,-0.32,4.41,0.0
20080323:0410,0.0,0.0,0.0,0.0,-0.87,4.07,0.0
20080323:0510,0.0,0.0,0.0,0.0,-1.38,3.59,0.0
20080323:0610,10.0,12.82,0.0,2.86,-1.93,3.03,0.0
20080323:0710,125.0,64.0,0.0,12.67,-1.3,2.62,0.0
20080323:0810,291.01,82.0,0.0,22.02,0.37,2.9,0.0
20080323:0910,410.01,109.0,0.0,30.38,2.1,3.52,0.0
20080323:1010,533.01,111.0,0.0,37.09,3.66,3.31,0.0
20080323:1110,625.01,101.0,0.0,41.32,4.63,2.41,0.0
20080323:1210,494.01,187.0,0.0,42.33,5.31,2.21,0.0
20080323:1310,168.0,320.0,0.0,39.9,6.0,3.03,0.0
20080323:1410,60.0,284.0,0.0,34.52,6.22,3.93,0.0
20080323:1510,63.0,223.0,0.0,27.03,6.21,4.55,0.0
20080323:1610,17.0,136.0,0.0,18.18,5.59,4.9,0.0
20080323:1710,2.0,47.0,0.0,8.58,4.85,4.62,0.0
20080323:1810,0.0,0.0,0.0,0.0,3.63,4.21,0.0
20080323:1910,0.0,0.0,0.0,0.0,2.26,3.59,0.0
20080323:2010,0.0,0.0,0.0,0.0,1.4,3.59,0.0
20080323:2110,0.0,0.0,0.0,0.0,0.86,3.59,0.0
20080323:2210,0.0,0.0,0.0,0.0,0.79,3.38,0.0
20080323:2310,0.0,0.0,0.0,0.0,1.02,3.1,0.0
20080324:0010,0.0,0.0,0.0,0.0,1.12,4.41,0.0
20080324:0110,0.0,0.0,0.0,0.0,1.05,5.66,0.0
20080324:0210,0.0,0.0,0.0,0.0,0.98,5.59,0.0
20080324:0310,0.0,0.0,0.0,0.0,0.81,5.31,0.0
20080324:0410,0.0,0.0,0.0,0.0,0.57,4.9,0.0
20080324:0510,0.0,0.0,0.0,0.0,0.34,4.62,0.0
20080324:0610,0.0,9.0,0.0,3.21,0.06,4.21,0.0
20080324:0710,21.0,98.0,0.0,13.03,1.25,3.72,0.0
20080324:0810,173.0,147.0,0.0,22.38,2.31,5.17,0.0
20080324:0910,81.0,255.0,0.0,30.76,3.33,5.45,0.0
20080324:1010,32.0,290.0,0.0,37.49,4.61,5.24,0.0
20080324:1110,26.0,310.0,0.0,41.72,5.28,5.45,0.0
20080324:1210,107.0,349.0,0.0,42.72,5.88,5.24,0.0
20080324:1310,68.0,327.0,0.0,40.26,6.56,4.9,0.0
20080324:1410,13.0,246.0,0.0,34.84,7.01,4.76,0.0
20080324:1510,5.0,176.0,0.0,27.31,6.69,4.48,0.0
20080324:1610,21.0,141.0,0.0,18.44,5.93,4.62,0.0
20080324:1710,0.0,25.0,0.0,8.83,4.73,4.07,0.0
20080324:1810,0.0,0.0,0.0,0.0,4.28,3.52,0.0
20080324:1910,0.0,0.0,0.0,0.0,3.48,3.86,0.0
20080324:2010,0.0,0.0,0.0,0.0,2.96,3.38,0.0
20080324:2110,0.0,0.0,0.0,0.0,2.28,3.1,0.0
20080324:2210,0.0,0.0,0.0,0.0,1.72,3.03,0.0
20080324:2310,0.0,0.0,0.0,0.0,1.17,2.83,0.0
20080325:0010,0.0,0.0,0.0,0.0,0.96,2.9,0.0
20080325:0110,0.0,0.0,0.0,0.0,0.64,3.03,0.0
20080325:0210,0.0,0.0,0.0,0.0,0.47,2.9,0.0
20080325:0310,0.0,0.0,0.0,0.0,-0.02,2.69,0.0
20080325:0410,0.0,0.0,0.0,0.0,-0.41,2.55,0.0
20080325:0510,0.0,0.0,0.0,0.0,-0.7,2.55,0.0
20080325:0610,8.0,19.03,0.0,3.55,-0.64,2.55,0.0
20080325:0710,128.0,68.0,0.0,13.38,0.78,2.83,0.0
20080325:0810,276.0,95.0,0.0,22.74,2.48,3.79,0.0
20080325:0910,82.0,256.0,0.0,31.14,3.92,4.28,0.0
20080325:1010,169.0,299.0,0.0,37.88,4.5,4.34,0.0
20080325:1110,36.0,323.0,0.0,42.12,5.27,4.48,0.0
20080325:1210,429.01,227.0,0.0,43.1,5.91,4.83,0.0
20080325:1310,0.0,160.0,0.0,40.62,6.85,5.17,0.0
20080325:1410,111.0,288.0,0.0,35.16,7.27,5.59,0.0
20080325:1510,96.0,224.0,0.0,27.59,7.42,5.72,0.0
20080325:1610,135.0,123.0,0.0,18.7,7.09,4.83,0.0
20080325:1710,36.0,62.0,0.0,9.07,6.56,3.86,0.0
20080325:1810,0.0,0.0,0.0,0.0,5.81,3.03,0.0
20080325:1910,0.0,0.0,0.0,0.0,5.01,2.41,0.0
20080325:2010,0.0,0.0,0.0,0.0,4.44,1.66,0.0
20080325:2110,0.0,0.0,0.0,0.0,3.88,1.52,0.0
20080325:2210,0.0,0.0,0.0,0.0,3.0,1.86,0.0
20080325:2310,0.0,0.0,0.0,0.0,2.61,2.07,0.0
20080326:0010,0.0,0.0,0.0,0.0,2.8,2.21,0.0
20080326:0110,0.0,0.0,0.0,0.0,3.02,2.41,0.0
20080326:0210,0.0,0.0,0.0,0.0,3.44,2.55,0.0
20080326:0310,0.0,0.0,0.0,0.0,3.5,2.62,0.0
20080326:0410,0.0,0.0,0.0,0.0,3.76,2.69,0.0
20080326:0510,0.0,0.0,0.0,0.0,3.86,2.76,0.0
20080326:0610,3.0,20.33,0.0,3.9,4.08,2.76,0.0
20080326:0710,12.0,97.0,0.0,13.73,4.22,2.28,0.0
20080326:0810,9.0,158.0,0.0,23.11,5.74,3.38,0.0
20080326:0910,40.0,250.0,0.0,31.52,7.0,3.72,0.0
20080326:1010,11.0,260.0,0.0,38.28,7.82,3.52,0.0
20080326:1110,18.0,300.0,0.0,42.52,8.39,2.97,0.0
20080326:1210,48.0,337.0,0.0,43.49,9.14,2.76,0.0
20080326:1310,11.0,274.0,0.0,40.97,9.92,2.69,0.0
20080326:1410,4.0,216.0,0.0,35.48,10.15,2.34,0.0
20080326:1510,3.0,167.0,0.0,27.88,10.22,2.14,0.0
20080326:1610,30.0,146.0,0.0,18.95,9.78,2.07,0.0
20080326:1710,5.0,58.0,0.0,9.32,9.13,1.52,0.0
20080326:1810,0.0,0.0,0.0,0.0,8.27,1.45,0.0
20080326:1910,0.0,0.0,0.0,0.0,7.03,1.59,0.0
20080326:2010,0.0,0.0,0.0,0.0,6.71,1.24,0.0
20080326:2110,0.0,0.0,0.0,0.0,6.75,0.48,0.0
20080326:2210,0.0,0.0,0.0,0.0,6.47,1.31,0.0
20080326:2310,0.0,0.0,0.0,0.0,6.12,3.59,0.0
20080327:0010,0.0,0.0,0.0,0.0,5.4,5.03,0.0
20080327:0110,0.0,0.0,0.0,0.0,4.88,4.97,0.0
20080327:0210,0.0,0.0,0.0,0.0,4.81,4.83,0.0
20080327:0310,0.0,0.0,0.0,0.0,4.81,4.76,0.0
20080327:0410,0.0,0.0,0.0,0.0,4.64,4.55,0.0
20080327:0510,0.0,0.0,0.0,0.0,4.05,4.48,0.0
20080327:0610,3.0,23.29,0.0,4.25,3.21,4.34,0.0
20080327:0710,9.0,97.0,0.0,14.08,4.05,4.34,0.0
20080327:0810,44.0,188.0,0.0,23.47,4.61,5.45,0.0
20080327:0910,410.01,118.0,0.0,31.9,5.99,5.31,0.0
20080327:1010,213.0,289.0,0.0,38.67,7.07,5.1,0.0
20080327:1110,350.01,265.0,0.0,42.92,8.28,5.24,0.0
20080327:1210,146.0,351.0,0.0,43.88,9.11,4.9,0.0
20080327:1310,441.01,200.0,0.0,41.33,9.69,4.69,0.0
20080327:1410,338.01,201.0,0.0,35.79,10.14,4.55,0.0
20080327:1510,172.0,204.0,0.0,28.16,10.0,4.28,0.0
20080327:1610,91.0,144.0,0.0,19.21,9.42,3.93,0.0
20080327:1710,16.0,68.0,0.0,9.56,8.76,3.59,0.0
20080327:1810,0.0,0.0,0.0,0.0,7.32,3.17,0.0
20080327:1910,0.0,0.0,0.0,0.0,5.63,2.48,0.0
20080327:2010,0.0,0.0,0.0,0.0,4.76,2.48,0.0
20080327:2110,0.0,0.0,0.0,0.0,3.88,2.55,0.0
20080327:2210,0.0,0.0,0.0,0.0,3.19,2.34,0.0
20080327:2310,0.0,0.0,0.0,0.0,2.5,2.14,0.0
20080328:0010,0.0,0.0,0.0,0.0,1.77,2.21,0.0
20080328:0110,0.0,0.0,0.0,0.0,1.09,2.07,0.0
20080328:0210,0.0,0.0,0.0,0.0,0.48,2.07,0.0
20080328:0310,0.0,0.0,0.0,0.0,0.15,2.14,0.0
20080328:0410,0.0,0.0,0.0,0.0,0.76,2.34,0.0
20080328:0510,0.0,0.0,0.0,0.0,1.45,2.62,0.0
20080328:0610,6.0,26.47,0.0,4.59,2.3,2.97,0.0
20080328:0710,6.0,93.0,0.0,14.43,3.5,3.45,0.0
20080328:0810,22.0,181.0,0.0,23.83,4.7,3.66,0.0
20080328:0910,33.0,250.0,0.0,32.27,5.65,4.34,0.0
20080328:1010,109.0,317.0,0.0,39.06,6.58,5.38,0.0
20080328:1110,15.0,298.0,0.0,43.32,7.42,7.79,0.0
20080328:1210,0.0,184.0,0.0,44.27,7.77,7.45,0.0
20080328:1310,0.0,114.0,0.0,41.68,8.05,6.83,0.0
20080328:1410,0.0,84.0,0.0,36.11,9.11,8.76,0.0
20080328:1510,0.0,82.0,0.0,28.44,9.78,7.17,0.0
20080328:1610,0.0,77.0,0.0,19.47,9.83,7.45,0.0
20080328:1710,39.0,68.0,0.0,9.8,10.11,7.45,0.0
20080328:1810,0.0,0.0,0.0,0.0,9.34,6.97,0.0
20080328:1910,0.0,0.0,0.0,0.0,8.28,6.28,0.0
20080328:2010,0.0,0.0,0.0,0.0,7.52,6.0,0.0
20080328:2110,0.0,0.0,0.0,0.0,6.61,6.0,0.0
20080328:2210,0.0,0.0,0.0,0.0,6.06,5.93,0.0
20080328:2310,0.0,0.0,0.0,0.0,5.76,5.72,0.0
20080329:0010,0.0,0.0,0.0,0.0,5.48,5.38,0.0
20080329:0110,0.0,0.0,0.0,0.0,5.28,4.97,0.0
20080329:0210,0.0,0.0,0.0,0.0,4.84,4.48,0.0
20080329:0310,0.0,0.0,0.0,0.0,4.56,4.28,0.0
20080329:0410,0.0,0.0,0.0,0.0,4.19,4.21,0.0
20080329:0510,0.0,0.0,0.0,0.0,3.76,4.0,0.0
20080329:0610,19.0,25.17,0.0,4.94,3.4,3.66,0.0
20080329:0710,142.0,76.0,0.0,14.78,4.23,3.38,0.0
20080329:0810,269.0,114.0,0.0,24.19,6.07,4.41,0.0
20080329:0910,430.01,116.0,0.0,32.65,8.07,4.76,0.0
20080329:1010,456.01,173.0,0.0,39.45,10.17,6.0,0.0
20080329:1110,480.01,202.0,0.0,43.72,11.32,5.86,0.0
20080329:1210,312.01,300.0,0.0,44.65,11.5,5.93,0.0
20080329:1310,127.0,340.0,0.0,42.03,11.67,6.41,0.0
20080329:1410,28.0,275.0,0.0,36.42,11.87,6.76,0.0
20080329:1510,120.0,228.0,0.0,28.71,12.19,6.69,0.0
20080329:1610,48.0,156.0,0.0,19.72,12.12,5.59,0.0
20080329:1710,2.0,58.0,0.0,10.05,11.75,4.83,0.0
20080329:1810,0.0,0.0,0.0,0.0,10.84,4.62,0.0
20080329:1910,0.0,0.0,0.0,0.0,10.36,4.55,0.0
20080329:2010,0.0,0.0,0.0,0.0,9.72,4.62,0.0
20080329:2110,0.0,0.0,0.0,0.0,9.42,4.83,0.0
20080329:2210,0.0,0.0,0.0,0.0,9.44,5.17,0.0
20080329:2310,0.0,0.0,0.0,0.0,9.54,5.45,0.0
20080330:0010,0.0,0.0,0.0,0.0,9.34,5.31,0.0
20080330:0110,0.0,0.0,0.0,0.0,8.75,4.9,0.0
20080330:0210,0.0,0.0,0.0,0.0,8.43,4.48,0.0
20080330:0310,0.0,0.0,0.0,0.0,8.01,4.0,0.0
20080330:0410,0.0,0.0,0.0,0.0,8.06,3.79,0.0
20080330:0510,0.0,0.0,0.0,0.0,7.95,3.66,0.0
20080330:0610,0.0,23.0,0.0,5.28,7.89,3.52,0.0
20080330:0710,13.0,108.0,0.0,15.13,9.43,4.07,0.0
20080330:0810,0.0,107.0,0.0,24.55,10.21,4.0,0.0
20080330:0910,0.0,90.0,0.0,33.02,10.84,3.59,0.0
20080330:1010,0.0,107.0,0.0,39.84,10.71,3.93,0.0
20080330:1110,0.0,144.0,0.0,44.12,10.86,4.28,0.0
20080330:1210,0.0,150.0,0.0,45.04,10.72,4.55,0.0
20080330:1310,0.0,171.0,0.0,42.38,10.96,5.03,0.0
20080330:1410,0.0,178.0,0.0,36.73,11.03,5.1,0.0
20080330:1510,7.0,189.0,0.0,28.99,10.48,6.41,0.0
20080330:1610,0.0,43.0,0.0,19.97,10.15,5.66,0.0
20080330:1710,0.0,37.0,0.0,10.29,10.24,5.45,0.0
20080330:1810,0.0,0.0,0.0,0.0,9.8,5.31,0.0
20080330:1910,0.0,0.0,0.0,0.0,8.43,4.83,0.0
20080330:2010,0.0,0.0,0.0,0.0,7.92,4.41,0.0
20080330:2110,0.0,0.0,0.0,0.0,7.75,4.14,0.0
20080330:2210,0.0,0.0,0.0,0.0,7.19,4.0,0.0
20080330:2310,0.0,0.0,0.0,0.0,6.69,3.93,0.0
20080331:0010,0.0,0.0,0.0,0.0,6.13,3.66,0.0
20080331:0110,0.0,0.0,0.0,0.0,5.89,3.72,0.0
20080331:0210,0.0,0.0,0.0,0.0,5.63,3.79,0.0
20080331:0310,0.0,0.0,0.0,0.0,5.33,3.86,0.0
20080331:0410,0.0,0.0,0.0,0.0,5.02,3.93,0.0
20080331:0510,0.0,0.0,0.0,0.0,4.95,3.93,0.0
20080331:0610,33.0,24.14,0.0,5.63,5.02,3.86,0.0
20080331:0710,67.0,116.0,0.0,15.47,5.98,3.17,0.0
20080331:0810,18.0,185.0,0.0,24.9,7.17,4.76,0.0
20080331:0910,0.0,127.0,0.0,33.39,8.08,4.41,0.0
20080331:1010,10.0,267.0,0.0,40.23,9.71,3.93,0.0
20080331:1110,5.0,270.0,0.0,44.52,10.48,3.66,0.0
20080331:1210,31.0,334.0,0.0,45.42,10.68,3.52,0.0
20080331:1310,52.0,334.0,0.0,42.73,11.23,3.45,0.0
20080331:1410,459.01,142.0,0.0,37.04,11.86,3.1,0.0
20080331:1510,90.0,237.0,0.0,29.26,12.12,2.76,0.0
20080331:1610,55.0,160.0,0.0,20.22,12.2,1.86,0.0
20080331:1710,55.0,69.0,0.0,10.53,11.8,2.0,0.0
20080331:1810,0.0,0.0,0.0,0.0,10.61,1.93,0.0
20080331:1910,0.0,0.0,0.0,0.0,9.23,1.79,0.0
20080331:2010,0.0,0.0,0.0,0.0,8.01,1.93,0.0
20080331:2110,0.0,0.0,0.0,0.0,7.01,2.07,0.0
20080331:2210,0.0,0.0,0.0,0.0,5.96,2.28,0.0
20080331:2310,0.0,0.0,0.0,0.0,5.35,2.34,0.0
20080401:0010,0.0,0.0,0.0,0.0,5.01,2.28,0.0
20080401:0110,0.0,0.0,0.0,0.0,4.51,2.21,0.0
20080401:0210,0.0,0.0,0.0,0.0,4.12,2.21,0.0
20080401:0310,0.0,0.0,0.0,0.0,3.96,2.21,0.0
20080401:0410,0.0,0.0,0.0,0.0,4.25,2.21,0.0
20080401:0510,0.0,0.0,0.0,0.0,4.69,2.21,0.0
20080401:0610,1.0,31.0,0.0,5.97,5.09,2.14,0.0
20080401:0710,2.0,92.0,0.0,15.82,6.82,3.03,0.0
20080401:0810,6.0,166.0,0.0,25.26,7.52,3.66,0.0
20080401:0910,241.0,228.0,0.0,33.76,8.48,4.07,0.0
20080401:1010,224.0,299.0,0.0,40.62,10.14,4.41,0.0
20080401:1110,208.0,340.0,0.0,44.91,11.48,4.69,0.0
20080401:1210,1.0,235.0,0.0,45.8,12.49,5.31,0.0
20080401:1310,1.0,222.0,0.0,43.08,12.68,6.34,0.0
20080401:1410,0.0,116.0,0.0,37.35,11.93,5.86,0.0
20080401:1510,0.0,110.0,0.0,29.54,11.38,5.59,0.0
20080401:1610,44.0,162.0,0.0,20.47,11.31,4.76,0.0
20080401:1710,16.0,77.0,0.0,10.77,11.75,4.41,0.0
20080401:1810,0.0,0.0,0.0,0.0,11.3,3.66,0.0
20080401:1910,0.0,0.0,0.0,0.0,10.71,3.45,0.0
20080401:2010,0.0,0.0,0.0,0.0,9.73,3.24,0.0
20080401:2110,0.0,0.0,0.0,0.0,8.59,3.31,0.0
20080401:2210,0.0,0.0,0.0,0.0,7.74,3.38,0.0
20080401:2310,0.0,0.0,0.0,0.0,6.84,3.45,0.0
20080402:0010,0.0,0.0,0.0,0.0,6.18,3.52,0.0
20080402:0110,0.0,0.0,0.0,0.0,5.74,3.52,0.0
20080402:0210,0.0,0.0,0.0,0.0,5.56,3.45,0.0
20080402:0310,0.0,0.0,0.0,0.0,5.45,3.24,0.0
20080402:0410,0.0,0.0,0.0,0.0,5.3,3.03,0.0
20080402:0510,0.0,0.0,0.0,0.0,5.21,2.9,0.0
20080402:0610,2.0,33.0,0.0,6.31,5.35,2.83,0.0
20080402:0710,23.0,121.0,0.0,16.16,6.7,2.9,0.0
20080402:0810,43.0,202.0,0.0,25.61,8.6,4.83,0.0
20080402:0910,115.0,272.0,0.0,34.13,9.68,4.83,0.0
20080402:1010,246.0,290.0,0.0,41.01,10.68,4.83,0.0
20080402:1110,140.0,356.0,0.0,45.3,11.46,5.1,0.0
20080402:1210,11.0,299.0,0.0,46.18,12.11,5.59,0.0
20080402:1310,0.0,200.0,0.0,43.42,12.23,5.31,0.0
20080402:1410,0.0,105.0,0.0,37.65,11.64,4.0,0.0
20080402:1510,0.0,146.0,0.0,29.81,11.41,3.38,0.0
20080402:1610,0.0,66.0,0.0,20.72,11.31,3.45,0.0
20080402:1710,4.0,67.0,0.0,11.0,11.2,3.72,0.0
20080402:1810,0.0,0.0,0.0,0.0,11.02,3.79,0.0
20080402:1910,0.0,0.0,0.0,0.0,10.82,3.66,0.0
20080402:2010,0.0,0.0,0.0,0.0,10.75,3.59,0.0
20080402:2110,0.0,0.0,0.0,0.0,10.61,3.66,0.0
20080402:2210,0.0,0.0,0.0,0.0,10.41,3.59,0.0
20080402:2310,0.0,0.0,0.0,0.0,10.25,3.45,0.0
20080403:0010,0.0,0.0,0.0,0.0,10.15,3.24,0.0
20080403:0110,0.0,0.0,0.0,0.0,10.08,3.38,0.0
20080403:0210,0.0,0.0,0.0,0.0,9.94,3.38,0.0
20080403:0310,0.0,0.0,0.0,0.0,9.43,2.9,0.0
20080403:0410,0.0,0.0,0.0,0.0,9.18,2.55,0.0
20080403:0510,0.0,0.0,0.0,0.0,8.76,2.41,0.0
20080403:0610,22.0,44.0,0.0,6.65,8.68,2.34,0.0
20080403:0710,34.0,127.0,0.0,16.5,9.28,3.31,0.0
20080403:0810,167.0,182.0,0.0,25.96,9.93,4.07,0.0
20080403:0910,251.0,230.0,0.0,34.5,10.28,4.14,0.0
20080403:1010,67.0,328.0,0.0,41.39,10.72,4.28,0.0
20080403:1110,315.01,302.0,0.0,45.69,11.48,4.62,0.0
20080403:1210,376.01,279.0,0.0,46.56,11.51,4.62,0.0
20080403:1310,400.01,241.0,0.0,43.77,11.77,4.62,0.0
20080403:1410,327.01,224.0,0.0,37.95,11.84,4.62,0.0
20080403:1510,324.0,143.0,0.0,30.08,11.94,4.48,0.0
20080403:1610,224.0,98.0,0.0,20.97,11.85,4.41,0.0
20080403:1710,76.0,68.0,0.0,11.24,11.43,3.66,0.0
20080403:1810,0.0,0.0,0.0,0.0,10.88,3.17,0.0
20080403:1910,0.0,0.0,0.0,0.0,9.96,3.38,0.0
20080403:2010,0.0,0.0,0.0,0.0,9.0,3.31,0.0
20080403:2110,0.0,0.0,0.0,0.0,8.42,3.24,0.0
20080403:2210,0.0,0.0,0.0,0.0,7.49,2.9,0.0
20080403:2310,0.0,0.0,0.0,0.0,6.64,2.48,0.0
20080404:0010,0.0,0.0,0.0,0.0,5.97,2.07,0.0
20080404:0110,0.0,0.0,0.0,0.0,5.28,1.86,0.0
20080404:0210,0.0,0.0,0.0,0.0,4.67,1.86,0.0
20080404:0310,0.0,0.0,0.0,0.0,3.89,2.0,0.0
20080404:0410,0.0,0.0,0.0,0.0,3.43,1.93,0.0
20080404:0510,0.0,0.0,0.0,0.0,2.88,1.86,0.0
20080404:0610,40.0,42.0,0.0,6.98,2.53,1.59,0.0
20080404:0710,173.0,83.0,0.0,16.84,4.71,0.97,0.0
20080404:0810,329.0,103.0,0.0,26.31,6.81,0.83,0.0
20080404:0910,468.01,117.0,0.0,34.87,8.59,0.62,0.0
20080404:1010,354.01,251.0,0.0,41.77,9.9,0.76,0.0
20080404:1110,552.01,178.0,0.0,46.08,10.75,0.83,0.0
20080404:1210,562.01,180.0,0.0,46.93,11.47,0.9,0.0
20080404:1310,506.01,186.0,0.0,44.11,12.01,1.03,0.0
20080404:1410,500.01,131.0,0.0,38.26,12.43,1.03,0.0
20080404:1510,388.01,113.0,0.0,30.34,13.28,1.72,0.0
20080404:1610,160.0,136.0,0.0,21.21,12.9,2.0,0.0
20080404:1710,48.0,81.0,0.0,11.48,12.48,1.66,0.0
20080404:1810,0.0,7.0,0.0,1.58,11.84,1.03,0.0
20080404:1910,0.0,0.0,0.0,0.0,11.95,0.48,0.0
20080404:2010,0.0,0.0,0.0,0.0,9.49,1.24,0.0
20080404:2110,0.0,0.0,0.0,0.0,7.74,1.86,0.0
20080404:2210,0.0,0.0,0.0,0.0,7.29,1.93,0.0
20080404:2310,0.0,0.0,0.0,0.0,7.37,2.0,0.0
20080405:0010,0.0,0.0,0.0,0.0,7.43,2.21,0.0
20080405:0110,0.0,0.0,0.0,0.0,7.62,2.28,0.0
20080405:0210,0.0,0.0,0.0,0.0,7.61,2.28,0.0
20080405:0310,0.0,0.0,0.0,0.0,7.42,2.21,0.0
20080405:0410,0.0,0.0,0.0,0.0,7.13,2.21,0.0
20080405:0510,0.0,0.0,0.0,0.0,7.0,2.21,0.0
20080405:0610,16.0,50.0,0.0,7.32,6.93,2.14,0.0
20080405:0710,0.0,67.0,0.0,17.18,7.62,2.9,0.0
20080405:0810,1.0,147.0,0.0,26.66,8.28,3.86,0.0
20080405:0910,0.0,184.0,0.0,35.23,9.1,4.41,0.0
20080405:1010,0.0,208.0,0.0,42.15,9.46,4.83,0.0
20080405:1110,59.0,360.0,0.0,46.47,9.77,4.9,0.0
20080405:1210,65.0,368.0,0.0,47.31,9.98,4.55,0.0
20080405:1310,0.0,116.0,0.0,44.45,10.52,4.55,0.0
20080405:1410,0.0,187.0,0.0,38.55,10.92,4.9,0.0
20080405:1510,0.0,84.0,0.0,30.61,10.02,4.28,0.0
20080405:1610,0.0,82.0,0.0,21.46,8.94,3.72,0.0
20080405:1710,52.0,82.0,0.0,11.71,8.29,3.52,0.0
20080405:1810,0.0,7.0,0.0,1.82,7.72,3.1,0.0
20080405:1910,0.0,0.0,0.0,0.0,6.81,2.76,0.0
20080405:2010,0.0,0.0,0.0,0.0,5.75,2.62,0.0
20080405:2110,0.0,0.0,0.0,0.0,5.0,2.62,0.0
20080405:2210,0.0,0.0,0.0,0.0,4.12,2.62,0.0
20080405:2310,0.0,0.0,0.0,0.0,3.49,2.55,0.0
20080406:0010,0.0,0.0,0.0,0.0,2.99,2.41,0.0
20080406:0110,0.0,0.0,0.0,0.0,2.82,2.34,0.0
20080406:0210,0.0,0.0,0.0,0.0,2.84,2.21,0.0
20080406:0310,0.0,0.0,0.0,0.0,2.34,2.14,0.0
20080406:0410,0.0,0.0,0.0,0.0,1.78,2.07,0.0
20080406:0510,0.0,0.0,0.0,0.0,1.29,2.07,0.0
20080406:0610,6.0,49.0,0.0,7.65,1.61,1.79,0.0
20080406:0710,72.0,135.0,0.0,17.52,3.07,3.24,0.0
20080406:0810,133.0,210.0,0.0,27.01,3.56,2.83,0.0
20080406:0910,46.0,284.0,0.0,35.59,4.47,1.93,0.0
20080406:1010,235.0,316.0,0.0,42.53,5.58,0.97,0.0
20080406:1110,0.0,117.0,0.0,46.86,6.41,0.69,0.0
20080406:1210,226.0,360.0,0.0,47.68,7.3,0.9,0.0
20080406:1310,0.0,210.0,0.0,44.79,7.66,1.31,0.0
20080406:1410,212.0,292.0,0.0,38.85,7.9,1.66,0.0
20080406:1510,0.0,99.0,0.0,30.87,7.18,2.0,0.0
20080406:1610,0.0,50.0,0.0,21.7,6.73,2.34,0.0
20080406:1710,0.0,21.0,0.0,11.94,4.75,2.9,0.0
20080406:1810,0.0,3.0,0.0,2.05,3.5,2.76,0.0
20080406:1910,0.0,0.0,0.0,0.0,2.17,4.83,0.0
20080406:2010,0.0,0.0,0.0,0.0,1.3,5.31,0.0
20080406:2110,0.0,0.0,0.0,0.0,0.76,5.52,0.0
20080406:2210,0.0,0.0,0.0,0.0,0.55,5.59,0.0
20080406:2310,0.0,0.0,0.0,0.0,0.39,5.72,0.0
20080407:0010,0.0,0.0,0.0,0.0,0.29,5.79,0.0
20080407:0110,0.0,0.0,0.0,0.0,0.28,5.66,0.0
20080407:0210,0.0,0.0,0.0,0.0,0.41,5.45,0.0
20080407:0310,0.0,0.0,0.0,0.0,0.32,5.03,0.0
20080407:0410,0.0,0.0,0.0,0.0,0.08,4.55,0.0
20080407:0510,0.0,0.0,0.0,0.0,-0.29,4.21,0.0
20080407:0610,61.0,44.0,0.0,7.98,-0.39,3.86,0.0
20080407:0710,162.0,102.0,0.0,17.85,0.77,4.14,0.0
20080407:0810,353.0,106.0,0.0,27.35,2.53,4.76,0.0
20080407:0910,474.01,129.0,0.0,35.95,3.83,4.14,0.0
20080407:1010,328.0,281.0,0.0,42.91,5.07,3.66,0.0
20080407:1110,0.0,150.0,0.0,47.24,6.07,3.52,0.0
20080407:1210,88.0,383.0,0.0,48.05,6.94,3.31,0.0
20080407:1310,9.0,295.0,0.0,45.12,7.59,3.03,0.0
20080407:1410,174.0,308.0,0.0,39.15,8.09,2.9,0.0
20080407:1510,369.01,137.0,0.0,31.14,8.18,2.55,0.0
20080407:1610,263.0,93.0,0.0,21.94,7.93,1.86,0.0
20080407:1710,7.0,80.0,0.0,12.18,7.37,1.1,0.0
20080407:1810,0.0,10.0,0.0,2.29,6.78,0.9,0.0
20080407:1910,0.0,0.0,0.0,0.0,5.3,1.59,0.0
20080407:2010,0.0,0.0,0.0,0.0,3.81,1.93,0.0
20080407:2110,0.0,0.0,0.0,0.0,2.49,2.14,0.0
20080407:2210,0.0,0.0,0.0,0.0,1.82,2.14,0.0
20080407:2310,0.0,0.0,0.0,0.0,1.02,2.28,0.0
20080408:0010,0.0,0.0,0.0,0.0,0.42,2.28,0.0
20080408:0110,0.0,0.0,0.0,0.0,0.02,2.28,0.0
20080408:0210,0.0,0.0,0.0,0.0,-0.16,2.21,0.0
20080408:0310,0.0,0.0,0.0,0.0,-0.1,2.14,0.0
20080408:0410,0.0,0.0,0.0,0.0,-0.03,2.28,0.0
20080408:0510,0.0,0.0,0.0,0.0,-0.03,2.28,0.0
20080408:0610,13.0,58.0,0.0,8.31,0.19,2.21,0.0
20080408:0710,157.0,107.0,0.0,18.18,1.8,2.14,0.0
20080408:0810,81.0,226.0,0.0,27.69,4.07,2.55,0.0
20080408:0910,162.0,286.0,0.0,36.31,6.13,2.9,0.0
20080408:1010,130.0,348.0,0.0,43.28,7.82,3.45,0.0
20080408:1110,11.0,310.0,0.0,47.63,8.67,3.66,0.0
20080408:1210,0.0,242.0,0.0,48.42,9.09,3.45,0.0
20080408:1310,0.0,196.0,0.0,45.46,9.2,3.17,0.0
20080408:1410,0.0,168.0,0.0,39.44,9.23,2.97,0.0
20080408:1510,1.0,171.0,0.0,31.4,9.24,2.76,0.0
20080408:1610,0.0,115.0,0.0,22.18,8.97,2.55,0.0
20080408:1710,2.0,68.0,0.0,12.41,8.45,2.07,0.0
20080408:1810,0.0,5.0,0.0,2.52,7.75,1.86,0.0
20080408:1910,0.0,0.0,0.0,0.0,6.48,1.93,0.0
20080408:2010,0.0,0.0,0.0,0.0,5.86,2.07,0.0
20080408:2110,0.0,0.0,0.0,0.0,5.46,2.21,0.0
20080408:2210,0.0,0.0,0.0,0.0,5.1,2.28,0.0
20080408:2310,0.0,0.0,0.0,0.0,4.56,2.21,0.0
20080409:0010,0.0,0.0,0.0,0.0,4.09,2.14,0.0
20080409:0110,0.0,0.0,0.0,0.0,3.7,2.21,0.0
20080409:0210,0.0,0.0,0.0,0.0,3.19,2.28,0.0
20080409:0310,0.0,0.0,0.0,0.0,2.82,2.28,0.0
20080409:0410,0.0,0.0,0.0,0.0,2.54,2.34,0.0
20080409:0510,0.0,0.0,0.0,0.0,2.45,2.41,0.0
20080409:0610,0.0,27.0,0.0,8.64,2.52,2.41,0.0
20080409:0710,2.0,109.0,0.0,18.51,3.89,2.76,0.0
20080409:0810,1.0,147.0,0.0,28.03,5.03,2.97,0.0
20080409:0910,0.0,148.0,0.0,36.66,5.94,3.03,0.0
20080409:1010,0.0,168.0,0.0,43.65,6.33,3.24,0.0
20080409:1110,0.0,241.0,0.0,48.01,6.77,4.21,0.0
20080409:1210,0.0,156.0,0.0,48.79,6.98,4.07,0.0
20080409:1310,0.0,175.0,0.0,45.79,7.03,3.59,0.0
20080409:1410,1.0,215.0,0.0,39.73,7.26,3.59,0.0
20080409:1510,12.0,217.0,0.0,31.66,7.42,3.86,0.0
20080409:1610,47.0,177.0,0.0,22.42,7.69,3.93,0.0
20080409:1710,5.0,78.0,0.0,12.64,7.54,2.9,0.0
20080409:1810,0.0,10.0,0.0,2.75,7.1,2.21,0.0
20080409:1910,0.0,0.0,0.0,0.0,6.71,2.07,0.0
20080409:2010,0.0,0.0,0.0,0.0,5.78,1.79,0.0
20080409:2110,0.0,0.0,0.0,0.0,4.74,1.52,0.0
20080409:2210,0.0,0.0,0.0,0.0,3.66,1.59,0.0
20080409:2310,0.0,0.0,0.0,0.0,2.6,1.86,0.0
20080410:0010,0.0,0.0,0.0,0.0,1.71,2.0,0.0
20080410:0110,0.0,0.0,0.0,0.0,1.57,2.07,0.0
20080410:0210,0.0,0.0,0.0,0.0,1.61,2.07,0.0
20080410:0310,0.0,0.0,0.0,0.0,2.0,1.86,0.0
20080410:0410,0.0,0.0,0.0,0.0,2.1,1.86,0.0
20080410:0510,0.0,0.0,0.0,0.0,1.77,1.93,0.0
20080410:0610,31.0,63.0,0.0,8.96,1.86,1.79,0.0
20080410:0710,11.0,131.0,0.0,18.84,3.88,2.0,0.0
20080410:0810,204.0,191.0,0.0,28.37,5.7,2.21,0.0
20080410:0910,441.01,153.0,0.0,37.01,7.8,2.41,0.0
20080410:1010,525.01,173.0,0.0,44.02,9.45,3.17,0.0
20080410:1110,590.01,175.0,0.0,48.38,10.43,3.79,0.0
20080410:1210,475.01,249.0,0.0,49.15,10.59,3.24,0.0
20080410:1310,306.0,311.0,0.0,46.12,10.76,3.17,0.0
20080410:1410,268.0,275.0,0.0,40.02,10.68,3.1,0.0
20080410:1510,118.0,254.0,0.0,31.91,10.36,2.69,0.0
20080410:1610,97.0,174.0,0.0,22.66,9.78,2.28,0.0
20080410:1710,29.0,95.0,0.0,12.87,9.22,2.07,0.0
20080410:1810,0.0,8.0,0.0,2.98,8.14,2.07,0.0
20080410:1910,0.0,0.0,0.0,0.0,7.92,2.21,0.0
20080410:2010,0.0,0.0,0.0,0.0,6.88,2.28,0.0
20080410:2110,0.0,0.0,0.0,0.0,6.48,2.14,0.0
20080410:2210,0.0,0.0,0.0,0.0,6.24,2.14,0.0
20080410:2310,0.0,0.0,0.0,0.0,6.07,2.21,0.0
20080411:0010,0.0,0.0,0.0,0.0,5.84,2.21,0.0
20080411:0110,0.0,0.0,0.0,0.0,5.51,2.0,0.0
20080411:0210,0.0,0.0,0.0,0.0,5.21,1.79,0.0
20080411:0310,0.0,0.0,0.0,0.0,4.93,1.66,0.0
20080411:0410,0.0,0.0,0.0,0.0,4.5,1.66,0.0
20080411:0510,0.0,0.0,0.0,0.0,3.88,1.79,0.0
20080411:0610,6.0,60.0,0.0,9.29,3.53,1.79,0.0
20080411:0710,151.0,120.0,0.0,19.16,5.13,2.48,0.0
20080411:0810,308.0,141.0,0.0,28.7,7.14,2.97,0.0
20080411:0910,402.01,182.0,0.0,37.36,8.9,3.38,0.0
20080411:1010,566.01,154.0,0.0,44.39,10.18,3.79,0.0
20080411:1110,419.01,279.0,0.0,48.76,11.37,4.83,0.0
20080411:1210,301.0,342.0,0.0,49.51,11.66,4.9,0.0
20080411:1310,373.01,283.0,0.0,46.44,11.83,4.55,0.0
20080411:1410,286.0,270.0,0.0,40.31,12.11,4.28,0.0
20080411:1510,273.0,197.0,0.0,32.17,12.27,4.41,0.0
20080411:1610,199.0,135.0,0.0,22.89,12.24,4.62,0.0
20080411:1710,18.0,96.0,0.0,13.09,11.67,3.86,0.0
20080411:1810,11.0,14.55,0.0,3.21,10.5,3.1,0.0
20080411:1910,0.0,0.0,0.0,0.0,8.92,2.97,0.0
20080411:2010,0.0,0.0,0.0,0.0,7.8,2.97,0.0
20080411:2110,0.0,0.0,0.0,0.0,6.9,2.97,0.0
20080411:2210,0.0,0.0,0.0,0.0,6.35,2.9,0.0
20080411:2310,0.0,0.0,0.0,0.0,5.83,2.83,0.0
20080412:0010,0.0,0.0,0.0,0.0,5.75,2.83,0.0
20080412:0110,0.0,0.0,0.0,0.0,5.61,3.1,0.0
20080412:0210,0.0,0.0,0.0,0.0,5.65,3.45,0.0
20080412:0310,0.0,0.0,0.0,0.0,5.0,3.59,0.0
20080412:0410,0.0,0.0,0.0,0.0,4.33,3.59,0.0
20080412:0510,0.0,0.0,0.0,0.0,3.87,3.59,0.0
20080412:0610,71.0,54.0,0.0,9.6,4.16,3.72,0.0
20080412:0710,77.0,150.0,0.0,19.48,5.92,4.14,0.0
20080412:0810,77.0,234.0,0.0,29.03,7.76,6.0,0.0
20080412:0910,34.0,288.0,0.0,37.71,9.18,5.59,0.0
20080412:1010,325.0,290.0,0.0,44.75,10.18,5.38,0.0
20080412:1110,43.0,365.0,0.0,49.13,10.96,5.38,0.0
20080412:1210,183.0,383.0,0.0,49.87,11.89,5.1,0.0
20080412:1310,423.01,256.0,0.0,46.77,12.99,5.1,0.0
20080412:1410,0.0,99.0,0.0,40.59,13.07,5.31,0.0
20080412:1510,19.0,236.0,0.0,32.42,11.66,5.31,0.0
20080412:1610,4.0,141.0,0.0,23.13,11.26,4.97,0.0
20080412:1710,56.0,96.0,0.0,13.32,10.67,3.31,0.0
20080412:1810,14.0,14.92,0.0,3.44,9.85,3.1,0.0
20080412:1910,0.0,0.0,0.0,0.0,8.54,2.76,0.0
20080412:2010,0.0,0.0,0.0,0.0,7.93,2.76,0.0
20080412:2110,0.0,0.0,0.0,0.0,7.56,2.76,0.0
20080412:2210,0.0,0.0,0.0,0.0,7.41,3.03,0.0
20080412:2310,0.0,0.0,0.0,0.0,7.28,3.31,0.0
20080413:0010,0.0,0.0,0.0,0.0,7.01,3.59,0.0
20080413:0110,0.0,0.0,0.0,0.0,6.78,3.79,0.0
20080413:0210,0.0,0.0,0.0,0.0,6.64,3.72,0.0
20080413:0310,0.0,0.0,0.0,0.0,6.57,3.38,0.0
20080413:0410,0.0,0.0,0.0,0.0,6.56,3.17,0.0
20080413:0510,0.0,0.0,0.0,0.0,6.42,3.17,0.0
20080413:0610,9.0,67.0,0.0,9.92,6.54,3.1,0.0
20080413:0710,55.0,155.0,0.0,19.8,7.25,3.79,0.0
20080413:0810,1.0,156.0,0.0,29.36,8.14,3.17,0.0
20080413:0910,16.0,265.0,0.0,38.05,9.08,2.83,0.0
20080413:1010,40.0,337.0,0.0,45.11,9.86,2.76,0.0
20080413:1110,0.0,134.0,0.0,49.5,10.58,2.83,0.0
20080413:1210,0.0,177.0,0.0,50.23,10.87,2.9,0.0
20080413:1310,21.0,327.0,0.0,47.09,11.62,2.97,0.0
20080413:1410,16.0,281.0,0.0,40.87,11.73,2.97,0.0
20080413:1510,0.0,150.0,0.0,32.67,11.18,2.9,0.0
20080413:1610,1.0,120.0,0.0,23.36,10.42,3.17,0.0
20080413:1710,0.0,65.0,0.0,13.55,9.4,2.41,0.0
20080413:1810,0.0,9.0,0.0,3.67,8.73,1.86,0.0
20080413:1910,0.0,0.0,0.0,0.0,8.0,1.38,0.0
20080413:2010,0.0,0.0,0.0,0.0,7.67,2.0,0.0
20080413:2110,0.0,0.0,0.0,0.0,7.43,2.28,0.0
20080413:2210,0.0,0.0,0.0,0.0,7.06,2.34,0.0
20080413:2310,0.0,0.0,0.0,0.0,6.78,2.55,0.0
20080414:0010,0.0,0.0,0.0,0.0,6.45,2.97,0.0
20080414:0110,0.0,0.0,0.0,0.0,6.12,3.17,0.0
20080414:0210,0.0,0.0,0.0,0.0,5.63,3.03,0.0
20080414:0310,0.0,0.0,0.0,0.0,5.08,2.97,0.0
20080414:0410,0.0,0.0,0.0,0.0,4.67,2.97,0.0
20080414:0510,0.0,0.0,0.0,0.0,4.37,2.9,0.0
20080414:0610,42.0,72.0,0.0,10.23,4.37,2.83,0.0
20080414:0710,3.0,122.0,0.0,20.12,5.94,3.93,0.0
20080414:0810,231.0,192.0,0.0,29.68,6.79,3.93,0.0
20080414:0910,64.0,308.0,0.0,38.39,7.79,3.59,0.0
20080414:1010,158.0,357.0,0.0,45.47,9.28,3.79,0.0
20080414:1110,0.0,159.0,0.0,49.87,10.23,4.21,0.0
20080414:1210,344.0,329.0,0.0,50.58,9.33,5.03,0.0
20080414:1310,98.0,375.0,0.0,47.41,9.79,5.24,0.0
20080414:1410,0.0,60.0,0.0,41.15,10.19,5.03,0.0
20080414:1510,45.0,260.0,0.0,32.92,10.69,5.1,0.0
20080414:1610,100.0,182.0,0.0,23.59,10.01,5.59,0.0
20080414:1710,82.0,92.0,0.0,13.77,9.55,5.31,0.0
20080414:1810,16.0,17.37,0.0,3.9,8.75,3.79,0.0
20080414:1910,0.0,0.0,0.0,0.0,7.56,2.97,0.0
20080414:2010,0.0,0.0,0.0,0.0,6.29,2.55,0.0
20080414:2110,0.0,0.0,0.0,0.0,5.59,2.41,0.0
20080414:2210,0.0,0.0,0.0,0.0,4.76,2.34,0.0
20080414:2310,0.0,0.0,0.0,0.0,4.08,2.34,0.0
20080415:0010,0.0,0.0,0.0,0.0,3.46,2.48,0.0
20080415:0110,0.0,0.0,0.0,0.0,3.14,2.55,0.0
20080415:0210,0.0,0.0,0.0,0.0,3.1,2.62,0.0
20080415:0310,0.0,0.0,0.0,0.0,2.82,2.76,0.0
20080415:0410,0.0,0.0,0.0,0.0,2.7,2.76,0.0
20080415:0510,0.0,0.0,0.0,0.0,2.91,2.69,0.0
20080415:0610,85.0,59.0,0.0,10.54,3.71,2.48,0.0
20080415:0710,227.0,95.0,0.0,20.43,5.4,2.34,0.0
20080415:0810,190.0,216.0,0.0,30.0,6.15,2.28,0.0
20080415:0910,148.0,309.0,0.0,38.72,7.05,2.34,0.0
20080415:1010,70.0,362.0,0.0,45.82,7.96,2.48,0.0
20080415:1110,48.0,377.0,0.0,50.23,8.75,2.48,0.0
20080415:1210,134.0,401.0,0.0,50.93,9.48,2.62,0.0
20080415:1310,285.0,337.0,0.0,47.73,10.07,2.69,0.0
20080415:1410,178.0,324.0,0.0,41.43,10.49,2.76,0.0
20080415:1510,424.0,124.0,0.0,33.17,10.61,2.83,0.0
20080415:1610,289.0,98.0,0.0,23.82,10.53,2.83,0.0
20080415:1710,122.0,77.0,0.0,13.99,10.05,2.48,0.0
20080415:1810,15.0,20.32,0.0,4.13,9.14,1.93,0.0
20080415:1910,0.0,0.0,0.0,0.0,8.03,1.79,0.0
20080415:2010,0.0,0.0,0.0,0.0,6.22,1.86,0.0
20080415:2110,0.0,0.0,0.0,0.0,4.56,1.86,0.0
20080415:2210,0.0,0.0,0.0,0.0,3.35,2.0,0.0
20080415:2310,0.0,0.0,0.0,0.0,2.32,2.0,0.0
20080416:0010,0.0,0.0,0.0,0.0,1.54,2.0,0.0
20080416:0110,0.0,0.0,0.0,0.0,0.87,1.93,0.0
20080416:0210,0.0,0.0,0.0,0.0,0.37,1.86,0.0
20080416:0310,0.0,0.0,0.0,0.0,-0.22,1.86,0.0
20080416:0410,0.0,0.0,0.0,0.0,-0.73,1.86,0.0
20080416:0510,0.0,0.0,0.0,0.0,-1.2,1.86,0.0
20080416:0610,94.0,59.0,0.0,10.85,-0.33,1.52,0.0
20080416:0710,243.0,91.0,0.0,20.74,3.86,1.03,0.0
20080416:0810,408.0,107.0,0.0,30.32,6.76,1.59,0.0
20080416:0910,551.01,118.0,0.0,39.06,8.67,2.21,0.0
20080416:1010,642.01,132.0,0.0,46.18,9.82,2.83,0.0
20080416:1110,721.01,126.0,0.0,50.6,10.51,3.03,0.0
20080416:1210,711.01,136.0,0.0,51.28,11.09,3.1,0.0
20080416:1310,685.01,124.0,0.0,48.04,11.42,3.17,0.0
20080416:1410,560.01,136.0,0.0,41.71,11.56,3.17,0.0
20080416:1510,464.01,108.0,0.0,33.41,11.53,3.24,0.0
20080416:1610,306.0,94.0,0.0,24.05,11.18,3.24,0.0
20080416:1710,140.0,71.0,0.0,14.22,10.61,2.9,0.0
20080416:1810,21.0,19.11,0.0,4.35,9.4,2.48,0.0
20080416:1910,0.0,0.0,0.0,0.0,7.66,2.83,0.0
20080416:2010,0.0,0.0,0.0,0.0,6.33,3.03,0.0
20080416:2110,0.0,0.0,0.0,0.0,5.44,3.31,0.0
20080416:2210,0.0,0.0,0.0,0.0,4.78,3.59,0.0
20080416:2310,0.0,0.0,0.0,0.0,4.18,3.59,0.0
20080417:0010,0.0,0.0,0.0,0.0,3.57,3.52,0.0
20080417:0110,0.0,0.0,0.0,0.0,2.94,3.38,0.0
20080417:0210,0.0,0.0,0.0,0.0,2.37,3.45,0.0
20080417:0310,0.0,0.0,0.0,0.0,1.91,3.66,0.0
20080417:0410,0.0,0.0,0.0,0.0,1.56,3.86,0.0
20080417:0510,0.0,6.0,0.0,1.37,1.33,4.14,0.0
20080417:0610,74.0,70.0,0.0,11.15,1.94,4.62,0.0
20080417:0710,241.0,94.0,0.0,21.04,3.59,5.03,0.0
20080417:0810,309.0,164.0,0.0,30.63,5.45,5.93,0.0
20080417:0910,391.0,211.0,0.0,39.39,7.28,6.69,0.0
20080417:1010,338.0,304.0,0.0,46.52,8.79,7.38,0.0
20080417:1110,543.01,231.0,0.0,50.95,9.93,7.59,0.0
20080417:1210,477.01,274.0,0.0,51.63,10.67,7.52,0.0
20080417:1310,71.0,378.0,0.0,48.35,11.18,7.45,0.0
20080417:1410,78.0,338.0,0.0,41.98,11.47,7.31,0.0
20080417:1510,140.0,267.0,0.0,33.66,11.42,6.97,0.0
20080417:1610,3.0,144.0,0.0,24.28,11.1,6.48,0.0
20080417:1710,4.0,88.0,0.0,14.44,10.69,5.72,0.0
20080417:1810,2.0,22.58,0.0,4.58,10.0,5.45,0.0
20080417:1910,0.0,0.0,0.0,0.0,8.84,5.17,0.0
20080417:2010,0.0,0.0,0.0,0.0,8.12,5.1,0.0
20080417:2110,0.0,0.0,0.0,0.0,7.64,5.03,0.0
20080417:2210,0.0,0.0,0.0,0.0,7.36,4.83,0.0
20080417:2310,0.0,0.0,0.0,0.0,7.2,4.48,0.0
20080418:0010,0.0,0.0,0.0,0.0,7.15,4.0,0.0
20080418:0110,0.0,0.0,0.0,0.0,7.03,3.45,0.0
20080418:0210,0.0,0.0,0.0,0.0,7.06,2.83,0.0
20080418:0310,0.0,0.0,0.0,0.0,7.15,2.41,0.0
20080418:0410,0.0,0.0,0.0,0.0,7.04,2.14,0.0
20080418:0510,0.0,7.0,0.0,1.67,6.76,2.14,0.0
20080418:0610,8.0,75.0,0.0,11.45,6.99,2.07,0.0
20080418:0710,24.0,160.0,0.0,21.34,7.88,3.38,0.0
20080418:0810,340.0,141.0,0.0,30.94,9.28,3.45,0.0
20080418:0910,103.0,316.0,0.0,39.71,11.15,4.14,0.0
20080418:1010,43.0,348.0,0.0,46.87,12.53,5.38,0.0
20080418:1110,202.0,383.0,0.0,51.31,13.48,5.66,0.0
20080418:1210,34.0,368.0,0.0,51.97,14.53,5.66,0.0
20080418:1310,5.0,286.0,0.0,48.66,14.82,5.24,0.0
20080418:1410,47.0,322.0,0.0,42.25,15.03,5.59,0.0
20080418:1510,0.0,167.0,0.0,33.9,15.02,5.24,0.0
20080418:1610,3.0,146.0,0.0,24.5,14.38,4.9,0.0
20080418:1710,0.0,30.0,0.0,14.66,12.44,4.48,0.0
20080418:1810,0.0,14.0,0.0,4.8,11.14,4.28,0.0
20080418:1910,0.0,0.0,0.0,0.0,10.68,3.59,0.0
20080418:2010,0.0,0.0,0.0,0.0,10.3,3.72,0.0
20080418:2110,0.0,0.0,0.0,0.0,10.07,3.66,0.0
20080418:2210,0.0,0.0,0.0,0.0,9.78,3.79,0.0
20080418:2310,0.0,0.0,0.0,0.0,9.5,4.14,0.0
20080419:0010,0.0,0.0,0.0,0.0,9.42,4.41,0.0
20080419:0110,0.0,0.0,0.0,0.0,9.08,4.07,0.0
20080419:0210,0.0,0.0,0.0,0.0,8.77,3.52,0.0
20080419:0310,0.0,0.0,0.0,0.0,8.65,2.9,0.0
20080419:0410,0.0,0.0,0.0,0.0,8.68,2.83,0.0
20080419:0510,0.0,9.0,0.0,1.98,8.82,3.38,0.0
20080419:0610,11.0,80.0,0.0,11.75,8.89,4.07,0.0
20080419:0710,52.0,170.0,0.0,21.64,8.95,3.86,0.0
20080419:0810,11.0,213.0,0.0,31.24,9.35,4.0,0.0
20080419:0910,42.0,305.0,0.0,40.03,10.53,4.14,0.0
20080419:1010,115.0,369.0,0.0,47.21,12.06,4.34,0.0
20080419:1110,47.0,378.0,0.0,51.66,13.09,4.34,0.0
20080419:1210,188.0,393.0,0.0,52.31,13.73,4.21,0.0
20080419:1310,247.0,351.0,0.0,48.97,14.51,4.07,0.0
20080419:1410,398.0,225.0,0.0,42.52,14.99,3.72,0.0
20080419:1510,442.0,116.0,0.0,34.14,15.15,3.17,0.0
20080419:1610,161.0,167.0,0.0,24.72,15.09,2.69,0.0
20080419:1710,150.0,70.0,0.0,14.87,14.1,2.41,0.0
20080419:1810,4.0,27.06,0.0,5.02,13.45,1.31,0.0
20080419:1910,0.0,0.0,0.0,0.0,12.39,2.21,0.0
20080419:2010,0.0,0.0,0.0,0.0,10.48,2.34,0.0
20080419:2110,0.0,0.0,0.0,0.0,9.25,2.55,0.0
20080419:2210,0.0,0.0,0.0,0.0,8.57,2.76,0.0
20080419:2310,0.0,0.0,0.0,0.0,8.15,2.9,0.0
20080420:0010,0.0,0.0,0.0,0.0,7.96,3.03,0.0
20080420:0110,0.0,0.0,0.0,0.0,7.82,3.17,0.0
20080420:0210,0.0,0.0,0.0,0.0,7.67,3.17,0.0
20080420:0310,0.0,0.0,0.0,0.0,7.52,3.03,0.0
20080420:0410,0.0,0.0,0.0,0.0,7.35,2.97,0.0
20080420:0510,0.0,10.0,0.0,2.27,7.24,2.83,0.0
20080420:0610,31.0,88.0,0.0,12.04,7.79,2.69,0.0
20080420:0710,11.0,152.0,0.0,21.93,9.36,2.83,0.0
20080420:0810,241.0,200.0,0.0,31.55,10.73,2.9,0.0
20080420:0910,0.0,92.0,0.0,40.35,12.34,3.1,0.0
20080420:1010,0.0,167.0,0.0,47.55,13.29,3.24,0.0
20080420:1110,109.0,399.0,0.0,52.01,13.35,2.55,0.0
20080420:1210,151.0,401.0,0.0,52.65,14.01,2.21,0.0
20080420:1310,36.0,354.0,0.0,49.27,14.93,2.9,0.0
20080420:1410,1.0,224.0,0.0,42.78,15.4,3.52,0.0
20080420:1510,1.0,180.0,0.0,34.38,15.4,3.45,0.0
20080420:1610,0.0,100.0,0.0,24.94,15.03,3.52,0.0
20080420:1710,0.0,42.0,0.0,15.09,14.21,2.9,0.0
20080420:1810,10.0,29.42,0.0,5.25,13.19,3.24,0.0
20080420:1910,0.0,0.0,0.0,0.0,12.34,2.28,0.0
20080420:2010,0.0,0.0,0.0,0.0,11.88,3.1,0.0
20080420:2110,0.0,0.0,0.0,0.0,11.54,3.45,0.0
20080420:2210,0.0,0.0,0.0,0.0,11.06,3.24,0.0
20080420:2310,0.0,0.0,0.0,0.0,10.83,5.1,0.0
20080421:0010,0.0,0.0,0.0,0.0,11.0,6.07,0.0
20080421:0110,0.0,0.0,0.0,0.0,11.39,5.86,0.0
20080421:0210,0.0,0.0,0.0,0.0,11.28,5.31,0.0
20080421:0310,0.0,0.0,0.0,0.0,10.71,5.03,0.0
20080421:0410,0.0,0.0,0.0,0.0,10.27,4.97,0.0
20080421:0510,1.0,10.82,0.0,2.57,10.04,5.03,0.0
20080421:0610,0.0,33.0,0.0,12.33,10.19,5.1,0.0
20080421:0710,1.0,116.0,0.0,22.22,10.88,4.69,0.0
20080421:0810,0.0,155.0,0.0,31.84,11.4,5.17,0.0
20080421:0910,0.0,178.0,0.0,40.66,11.84,4.34,0.0
20080421:1010,8.0,296.0,0.0,47.88,12.6,4.28,0.0
20080421:1110,60.0,388.0,0.0,52.35,13.27,4.07,0.0
20080421:1210,2.0,282.0,0.0,52.98,13.85,3.59,0.0
20080421:1310,0.0,243.0,0.0,49.57,13.83,2.97,0.0
20080421:1410,1.0,217.0,0.0,43.05,13.93,2.55,0.0
20080421:1510,25.0,254.0,0.0,34.61,14.18,2.21,0.0
20080421:1610,1.0,131.0,0.0,25.16,14.3,1.93,0.0
20080421:1710,0.0,61.0,0.0,15.31,14.18,1.66,0.0
20080421:1810,1.0,23.81,0.0,5.47,13.63,1.17,0.0
20080421:1910,0.0,0.0,0.0,0.0,12.05,1.59,0.0
20080421:2010,0.0,0.0,0.0,0.0,11.05,1.66,0.0
20080421:2110,0.0,0.0,0.0,0.0,10.16,1.52,0.0
20080421:2210,0.0,0.0,0.0,0.0,8.98,1.24,0.0
20080421:2310,0.0,0.0,0.0,0.0,8.22,1.17,0.0
20080422:0010,0.0,0.0,0.0,0.0,7.07,1.38,0.0
20080422:0110,0.0,0.0,0.0,0.0,6.38,1.66,0.0
20080422:0210,0.0,0.0,0.0,0.0,6.16,1.72,0.0
20080422:0310,0.0,0.0,0.0,0.0,6.07,1.79,0.0
20080422:0410,0.0,0.0,0.0,0.0,6.21,1.72,0.0
20080422:0510,8.0,13.22,0.0,2.86,6.22,1.66,0.0
20080422:0610,75.0,81.0,0.0,12.61,7.49,1.31,0.0
20080422:0710,139.0,154.0,0.0,22.51,9.36,1.52,0.0
20080422:0810,35.0,244.0,0.0,32.14,11.48,1.86,0.0
20080422:0910,64.0,318.0,0.0,40.97,12.81,1.79,0.0
20080422:1010,259.0,337.0,0.0,48.21,14.08,1.86,0.0
20080422:1110,305.0,351.0,0.0,52.7,14.79,1.72,0.0
20080422:1210,41.0,377.0,0.0,53.31,15.57,1.52,0.0
20080422:1310,205.0,367.0,0.0,49.87,16.18,1.38,0.0
20080422:1410,384.0,235.0,0.0,43.31,16.69,1.59,0.0
20080422:1510,162.0,260.0,0.0,34.84,16.84,1.72,0.0
20080422:1610,142.0,179.0,0.0,25.38,16.58,1.72,0.0
20080422:1710,115.0,91.0,0.0,15.52,16.24,1.52,0.0
20080422:1810,2.0,27.58,0.0,5.69,15.38,1.59,0.0
20080422:1910,0.0,0.0,0.0,0.0,13.79,2.21,0.0
20080422:2010,0.0,0.0,0.0,0.0,13.05,2.34,0.0
20080422:2110,0.0,0.0,0.0,0.0,12.31,2.34,0.0
20080422:2210,0.0,0.0,0.0,0.0,11.67,2.34,0.0
20080422:2310,0.0,0.0,0.0,0.0,11.0,2.41,0.0
20080423:0010,0.0,0.0,0.0,0.0,10.55,2.41,0.0
20080423:0110,0.0,0.0,0.0,0.0,10.22,2.34,0.0
20080423:0210,0.0,0.0,0.0,0.0,10.23,2.21,0.0
20080423:0310,0.0,0.0,0.0,0.0,9.61,2.21,0.0
20080423:0410,0.0,0.0,0.0,0.0,9.32,2.28,0.0
20080423:0510,2.0,16.54,0.0,3.14,9.11,2.14,0.0
20080423:0610,3.0,76.0,0.0,12.89,9.63,1.79,0.0
20080423:0710,3.0,134.0,0.0,22.79,10.57,2.69,0.0
20080423:0810,21.0,236.0,0.0,32.43,11.51,2.76,0.0
20080423:0910,0.0,108.0,0.0,41.28,12.58,3.66,0.0
20080423:1010,84.0,374.0,0.0,48.53,13.5,3.86,0.0
20080423:1110,7.0,313.0,0.0,53.03,13.46,3.93,0.0
20080423:1210,11.0,334.0,0.0,53.64,13.3,4.0,0.0
20080423:1310,27.0,348.0,0.0,50.16,13.22,4.14,0.0
20080423:1410,18.0,298.0,0.0,43.57,13.2,4.0,0.0
20080423:1510,228.0,239.0,0.0,35.08,14.13,3.79,0.0
20080423:1610,88.0,199.0,0.0,25.6,14.56,3.59,0.0
20080423:1710,131.0,87.0,0.0,15.73,14.64,3.17,0.0
20080423:1810,32.0,33.0,0.0,5.9,13.82,2.62,0.0
20080423:1910,0.0,0.0,0.0,0.0,12.51,1.86,0.0
20080423:2010,0.0,0.0,0.0,0.0,10.82,2.14,0.0
20080423:2110,0.0,0.0,0.0,0.0,9.28,2.07,0.0
20080423:2210,0.0,0.0,0.0,0.0,7.77,1.86,0.0
20080423:2310,0.0,0.0,0.0,0.0,7.02,1.45,0.0
20080424:0010,0.0,0.0,0.0,0.0,8.24,0.83,0.0
20080424:0110,0.0,0.0,0.0,0.0,7.8,0.62,0.0
20080424:0210,0.0,0.0,0.0,0.0,5.31,1.45,0.0
20080424:0310,0.0,0.0,0.0,0.0,4.22,1.79,0.0
20080424:0410,0.0,0.0,0.0,0.0,3.84,1.86,0.0
20080424:0510,11.0,16.41,0.0,3.42,3.83,2.0,0.0
20080424:0610,121.0,67.0,0.0,13.17,5.51,1.79,0.0
20080424:0710,269.0,97.0,0.0,23.06,9.88,2.14,0.0
20080424:0810,428.0,113.0,0.0,32.71,12.16,2.62,0.0
20080424:0910,567.01,122.0,0.0,41.58,13.74,2.97,0.0
20080424:1010,662.01,132.0,0.0,48.85,14.66,3.72,0.0
20080424:1110,740.01,124.0,0.0,53.37,15.53,4.69,0.0
20080424:1210,698.01,150.0,0.0,53.97,16.05,5.17,0.0
20080424:1310,258.0,360.0,0.0,50.45,16.37,5.66,0.0
20080424:1410,93.0,347.0,0.0,43.82,15.94,5.31,0.0
20080424:1510,128.0,279.0,0.0,35.31,15.51,5.17,0.0
20080424:1610,238.0,143.0,0.0,25.81,15.23,4.76,0.0
20080424:1710,0.0,33.0,0.0,15.94,14.79,4.21,0.0
20080424:1810,7.0,37.0,0.0,6.12,13.95,4.21,0.0
20080424:1910,0.0,0.0,0.0,0.0,12.79,3.86,0.0
20080424:2010,0.0,0.0,0.0,0.0,12.01,3.31,0.0
20080424:2110,0.0,0.0,0.0,0.0,11.62,2.9,0.0
20080424:2210,0.0,0.0,0.0,0.0,10.83,2.76,0.0
20080424:2310,0.0,0.0,0.0,0.0,9.85,2.62,0.0
20080425:0010,0.0,0.0,0.0,0.0,8.87,2.55,0.0
20080425:0110,0.0,0.0,0.0,0.0,8.09,2.48,0.0
20080425:0210,0.0,0.0,0.0,0.0,7.47,2.48,0.0
20080425:0310,0.0,0.0,0.0,0.0,6.93,2.41,0.0
20080425:0410,0.0,0.0,0.0,0.0,6.48,2.28,0.0
20080425:0510,4.0,20.04,0.0,3.7,6.23,2.14,0.0
20080425:0610,72.0,91.0,0.0,13.44,6.82,1.72,0.0
20080425:0710,236.0,117.0,0.0,23.34,9.05,2.07,0.0
20080425:0810,385.0,137.0,0.0,32.99,10.28,2.14,0.0
20080425:0910,463.0,183.0,0.0,41.87,11.39,1.86,0.0
20080425:1010,507.01,224.0,0.0,49.17,12.75,1.79,0.0
20080425:1110,562.01,229.0,0.0,53.7,13.84,1.79,0.0
20080425:1210,424.01,311.0,0.0,54.29,14.85,2.0,0.0
20080425:1310,443.01,273.0,0.0,50.74,15.72,2.0,0.0
20080425:1410,434.0,220.0,0.0,44.08,16.16,2.0,0.0
20080425:1510,263.0,229.0,0.0,35.53,16.22,1.86,0.0
20080425:1610,261.0,131.0,0.0,26.03,15.99,1.79,0.0
20080425:1710,148.0,83.0,0.0,16.15,15.55,1.45,0.0
20080425:1810,37.0,35.0,0.0,6.34,14.91,1.1,0.0
20080425:1910,0.0,0.0,0.0,0.0,13.35,1.79,0.0
20080425:2010,0.0,0.0,0.0,0.0,11.23,1.93,0.0
20080425:2110,0.0,0.0,0.0,0.0,9.7,2.07,0.0
20080425:2210,0.0,0.0,0.0,0.0,8.66,2.14,0.0
20080425:2310,0.0,0.0,0.0,0.0,7.89,2.21,0.0
20080426:0010,0.0,0.0,0.0,0.0,7.31,2.28,0.0
20080426:0110,0.0,0.0,0.0,0.0,6.92,2.34,0.0
20080426:0210,0.0,0.0,0.0,0.0,6.57,2.21,0.0
20080426:0310,0.0,0.0,0.0,0.0,6.16,2.07,0.0
20080426:0410,0.0,0.0,0.0,0.0,5.82,2.07,0.0
20080426:0510,8.0,21.03,0.0,3.98,5.5,2.14,0.0
20080426:0610,121.0,71.0,0.0,13.71,6.8,1.72,0.0
20080426:0710,245.0,112.0,0.0,23.61,10.44,1.86,0.0
20080426:0810,240.0,216.0,0.0,33.27,12.78,2.21,0.0
20080426:0910,541.01,135.0,0.0,42.17,14.6,2.76,0.0
20080426:1010,608.01,161.0,0.0,49.48,15.75,3.24,0.0
20080426:1110,674.01,158.0,0.0,54.02,16.63,2.97,0.0
20080426:1210,701.01,147.0,0.0,54.6,17.4,2.83,0.0
20080426:1310,626.01,163.0,0.0,51.03,18.0,2.83,0.0
20080426:1410,422.0,225.0,0.0,44.33,18.4,3.1,0.0
20080426:1510,424.0,139.0,0.0,35.76,18.51,3.31,0.0
20080426:1610,62.0,207.0,0.0,26.24,18.48,3.45,0.0
20080426:1710,70.0,118.0,0.0,16.36,18.02,3.1,0.0
20080426:1810,36.0,37.0,0.0,6.55,16.87,2.9,0.0
20080426:1910,0.0,0.0,0.0,0.0,15.3,2.76,0.0
20080426:2010,0.0,0.0,0.0,0.0,14.09,2.76,0.0
20080426:2110,0.0,0.0,0.0,0.0,13.12,2.76,0.0
20080426:2210,0.0,0.0,0.0,0.0,12.42,2.76,0.0
20080426:2310,0.0,0.0,0.0,0.0,11.88,2.83,0.0
20080427:0010,0.0,0.0,0.0,0.0,11.53,2.9,0.0
20080427:0110,0.0,0.0,0.0,0.0,11.09,2.83,0.0
20080427:0210,0.0,0.0,0.0,0.0,10.64,2.69,0.0
20080427:0310,0.0,0.0,0.0,0.0,10.05,2.62,0.0
20080427:0410,0.0,0.0,0.0,0.0,9.61,2.62,0.0
20080427:0510,14.0,21.5,0.0,4.24,9.4,2.69,0.0
20080427:0610,54.0,101.0,0.0,13.97,10.15,2.62,0.0
20080427:0710,167.0,156.0,0.0,23.87,12.36,2.55,0.0
20080427:0810,165.0,250.0,0.0,33.54,14.51,3.03,0.0
20080427:0910,509.01,157.0,0.0,42.45,16.55,3.45,0.0
20080427:1010,661.01,134.0,0.0,49.79,18.32,3.59,0.0
20080427:1110,738.01,125.0,0.0,54.35,19.87,3.66,0.0
20080427:1210,715.01,142.0,0.0,54.92,21.06,3.59,0.0
20080427:1310,699.01,124.0,0.0,51.31,21.93,3.66,0.0
20080427:1410,546.01,154.0,0.0,44.57,22.52,3.79,0.0
20080427:1510,65.0,283.0,0.0,35.98,22.4,4.28,0.0
20080427:1610,10.0,177.0,0.0,26.45,21.48,3.45,0.0
20080427:1710,12.0,115.0,0.0,16.57,20.63,2.76,0.0
20080427:1810,5.0,40.0,0.0,6.76,19.56,2.62,0.0
20080427:1910,0.0,0.0,0.0,0.0,17.39,2.76,0.0
20080427:2010,0.0,0.0,0.0,0.0,16.03,2.97,0.0
20080427:2110,0.0,0.0,0.0,0.0,15.06,2.9,0.0
20080427:2210,0.0,0.0,0.0,0.0,14.31,2.9,0.0
20080427:2310,0.0,0.0,0.0,0.0,13.84,2.97,0.0
20080428:0010,0.0,0.0,0.0,0.0,13.62,2.97,0.0
20080428:0110,0.0,0.0,0.0,0.0,13.3,2.83,0.0
20080428:0210,0.0,0.0,0.0,0.0,12.77,2.28,0.0
20080428:0310,0.0,0.0,0.0,0.0,12.02,1.72,0.0
20080428:0410,0.0,0.0,0.0,0.0,11.44,1.93,0.0
20080428:0510,0.0,12.0,0.0,4.51,11.16,1.72,0.0
20080428:0610,0.0,31.0,0.0,14.23,11.24,1.93,0.0
20080428:0710,0.0,57.0,0.0,24.13,11.26,2.21,0.0
20080428:0810,0.0,133.0,0.0,33.81,11.39,2.14,0.0
20080428:0910,0.0,194.0,0.0,42.73,11.72,1.72,0.0
20080428:1010,7.0,301.0,0.0,50.09,12.72,1.93,0.0
20080428:1110,630.01,190.0,0.0,54.66,13.78,2.97,0.0
20080428:1210,535.01,251.0,0.0,55.23,14.46,3.38,0.0
20080428:1310,300.0,346.0,0.0,51.59,15.09,3.79,0.0
20080428:1410,0.0,145.0,0.0,44.82,15.4,4.28,0.0
20080428:1510,438.0,134.0,0.0,36.2,14.85,5.17,0.0
20080428:1610,90.0,207.0,0.0,26.66,13.08,5.03,0.0
20080428:1710,54.0,125.0,0.0,16.77,11.72,3.52,0.0
20080428:1810,3.0,39.0,0.0,6.97,11.4,3.17,0.0
20080428:1910,0.0,0.0,0.0,0.0,10.37,4.0,0.0
20080428:2010,0.0,0.0,0.0,0.0,9.54,3.86,0.0
20080428:2110,0.0,0.0,0.0,0.0,9.12,3.45,0.0
20080428:2210,0.0,0.0,0.0,0.0,8.52,3.38,0.0
20080428:2310,0.0,0.0,0.0,0.0,7.93,3.38,0.0
20080429:0010,0.0,0.0,0.0,0.0,7.42,3.24,0.0
20080429:0110,0.0,0.0,0.0,0.0,7.12,3.31,0.0
20080429:0210,0.0,0.0,0.0,0.0,6.97,3.45,0.0
20080429:0310,0.0,0.0,0.0,0.0,6.85,3.72,0.0
20080429:0410,0.0,0.0,0.0,0.0,6.78,3.66,0.0
20080429:0510,0.0,9.0,0.0,4.77,6.89,4.14,0.0
20080429:0610,3.0,85.0,0.0,14.48,7.52,4.69,0.0
20080429:0710,0.0,122.0,0.0,24.38,7.92,5.93,0.0
20080429:0810,30.0,255.0,0.0,34.07,8.49,6.14,0.0
20080429:0910,0.0,181.0,0.0,43.01,9.3,5.93,0.0
20080429:1010,1.0,251.0,0.0,50.39,10.11,5.31,0.0
20080429:1110,21.0,361.0,0.0,54.98,11.24,5.31,0.0
20080429:1210,18.0,358.0,0.0,55.53,12.54,5.79,0.0
20080429:1310,1.0,270.0,0.0,51.87,13.11,6.14,0.0
20080429:1410,2.0,242.0,0.0,45.06,13.04,6.76,0.0
20080429:1510,0.0,125.0,0.0,36.42,12.11,7.52,0.0
20080429:1610,7.0,175.0,0.0,26.86,10.97,6.69,0.0
20080429:1710,0.0,67.0,0.0,16.98,10.79,6.21,0.0
20080429:1810,0.0,26.0,0.0,7.18,10.75,6.28,0.0
20080429:1910,0.0,0.0,0.0,0.0,10.85,6.28,0.0
20080429:2010,0.0,0.0,0.0,0.0,10.51,6.55,0.0
20080429:2110,0.0,0.0,0.0,0.0,10.34,6.48,0.0
20080429:2210,0.0,0.0,0.0,0.0,10.36,6.34,0.0
20080429:2310,0.0,0.0,0.0,0.0,10.34,6.14,0.0
20080430:0010,0.0,0.0,0.0,0.0,9.94,6.34,0.0
20080430:0110,0.0,0.0,0.0,0.0,9.42,6.28,0.0
20080430:0210,0.0,0.0,0.0,0.0,9.08,5.72,0.0
20080430:0310,0.0,0.0,0.0,0.0,8.72,5.86,0.0
20080430:0410,0.0,0.0,0.0,0.0,8.48,6.41,0.0
20080430:0510,18.0,26.27,0.0,5.03,8.1,6.9,0.0
20080430:0610,15.0,105.0,0.0,14.73,8.26,7.24,0.0
20080430:0710,59.0,195.0,0.0,24.63,8.76,8.21,0.0
20080430:0810,20.0,248.0,0.0,34.32,9.8,8.9,0.0
20080430:0910,1.0,224.0,0.0,43.28,10.85,8.55,0.0
20080430:1010,37.0,364.0,0.0,50.68,12.01,9.03,0.0
20080430:1110,199.0,408.0,0.0,55.29,13.07,9.59,0.0
20080430:1210,0.0,127.0,0.0,55.84,13.41,8.48,0.0
20080430:1310,67.0,391.0,0.0,52.14,13.45,8.14,0.0
20080430:1410,0.0,93.0,0.0,45.3,13.86,7.72,0.0
20080430:1510,0.0,58.0,0.0,36.64,13.21,8.14,0.0
20080430:1610,286.0,128.0,0.0,27.07,12.13,6.07,0.0
20080430:1710,69.0,127.0,0.0,17.18,12.16,4.9,0.0
20080430:1810,2.0,39.0,0.0,7.39,11.95,4.97,0.0
20080430:1910,0.0,0.0,0.0,0.0,10.42,4.55,0.0
20080430:2010,0.0,0.0,0.0,0.0,9.79,4.62,0.0
20080430:2110,0.0,0.0,0.0,0.0,9.29,4.76,0.0
20080430:2210,0.0,0.0,0.0,0.0,8.93,4.76,0.0
20080430:2310,0.0,0.0,0.0,0.0,8.54,4.69,0.0
20080501:0010,0.0,0.0,0.0,0.0,8.26,4.76,0.0
20080501:0110,0.0,0.0,0.0,0.0,7.76,4.69,0.0
20080501:0210,0.0,0.0,0.0,0.0,7.3,4.48,0.0
20080501:0310,0.0,0.0,0.0,0.0,7.05,4.28,0.0
20080501:0410,0.0,0.0,0.0,0.0,6.79,4.14,0.0
20080501:0510,23.0,26.06,0.0,5.28,6.72,4.0,0.0
20080501:0610,49.0,112.0,0.0,14.98,7.57,3.52,0.0
20080501:0710,128.0,184.0,0.0,24.88,8.49,5.93,0.0
20080501:0810,313.0,195.0,0.0,34.58,9.68,6.0,0.0
20080501:0910,133.0,342.0,0.0,43.55,10.61,5.31,0.0
20080501:1010,42.0,369.0,0.0,50.97,11.83,5.03,0.0
20080501:1110,374.0,345.0,0.0,55.59,13.11,4.76,0.0
20080501:1210,96.0,421.0,0.0,56.13,13.85,4.76,0.0
20080501:1310,28.0,362.0,0.0,52.41,14.02,4.97,0.0
20080501:1410,183.0,346.0,0.0,45.54,12.02,3.79,0.0
20080501:1510,40.0,281.0,0.0,36.85,12.63,3.93,0.0
20080501:1610,199.0,177.0,0.0,27.27,12.09,3.93,0.0
20080501:1710,0.0,43.0,0.0,17.38,10.79,3.86,0.0
20080501:1810,0.0,30.0,0.0,7.6,10.54,3.52,0.0
20080501:1910,0.0,0.0,0.0,0.0,10.34,2.97,0.0
20080501:2010,0.0,0.0,0.0,0.0,9.24,2.55,0.0
20080501:2110,0.0,0.0,0.0,0.0,8.46,2.55,0.0
20080501:2210,0.0,0.0,0.0,0.0,7.97,2.55,0.0
20080501:2310,0.0,0.0,0.0,0.0,7.37,2.48,0.0
20080502:0010,0.0,0.0,0.0,0.0,6.93,2.48,0.0
20080502:0110,0.0,0.0,0.0,0.0,6.64,2.41,0.0
20080502:0210,0.0,0.0,0.0,0.0,6.27,2.41,0.0
20080502:0310,0.0,0.0,0.0,0.0,5.87,2.28,0.0
20080502:0410,0.0,0.0,0.0,0.0,5.45,2.14,0.0
20080502:0510,5.0,32.69,0.0,5.52,5.04,1.93,0.0
20080502:0610,34.0,114.0,0.0,15.22,6.29,1.38,0.0
20080502:0710,101.0,193.0,0.0,25.12,8.76,2.62,0.0
20080502:0810,394.0,150.0,0.0,34.82,10.35,2.34,0.0
20080502:0910,260.0,304.0,0.0,43.81,12.05,2.55,0.0
20080502:1010,111.0,393.0,0.0,51.25,12.97,2.55,0.0
20080502:1110,197.0,412.0,0.0,55.89,14.26,2.48,0.0
20080502:1210,480.01,294.0,0.0,56.43,14.92,2.28,0.0
20080502:1310,480.01,266.0,0.0,52.67,15.49,2.07,0.0
20080502:1410,351.0,278.0,0.0,45.77,16.01,1.66,0.0
20080502:1510,289.0,230.0,0.0,37.06,16.36,1.17,0.0
20080502:1610,203.0,176.0,0.0,27.47,16.38,0.69,0.0
20080502:1710,44.0,134.0,0.0,17.58,16.22,0.28,0.0
20080502:1810,8.0,49.0,0.0,7.8,15.5,0.69,0.0
20080502:1910,0.0,0.0,0.0,0.0,13.84,2.14,0.0
20080502:2010,0.0,0.0,0.0,0.0,12.3,2.34,0.0
20080502:2110,0.0,0.0,0.0,0.0,11.3,2.41,0.0
20080502:2210,0.0,0.0,0.0,0.0,10.74,2.41,0.0
20080502:2310,0.0,0.0,0.0,0.0,10.28,2.34,0.0
20080503:0010,0.0,0.0,0.0,0.0,10.06,2.34,0.0
20080503:0110,0.0,0.0,0.0,0.0,10.11,2.34,0.0
20080503:0210,0.0,0.0,0.0,0.0,10.26,2.41,0.0
20080503:0310,0.0,0.0,0.0,0.0,9.8,2.55,0.0
20080503:0410,0.0,0.0,0.0,0.0,9.21,2.69,0.0
20080503:0510,17.0,36.0,0.0,5.76,8.96,2.76,0.0
20080503:0610,62.0,112.0,0.0,15.45,9.82,2.55,0.0
20080503:0710,295.0,104.0,0.0,25.35,12.0,2.69,0.0
20080503:0810,420.0,133.0,0.0,35.07,14.06,2.9,0.0
20080503:0910,528.01,158.0,0.0,44.07,16.06,2.97,0.0
20080503:1010,651.01,150.0,0.0,51.53,17.9,3.17,0.0
20080503:1110,684.01,165.0,0.0,56.19,19.36,3.31,0.0
20080503:1210,677.01,173.0,0.0,56.72,20.35,3.17,0.0
20080503:1310,677.01,146.0,0.0,52.93,20.96,2.97,0.0
20080503:1410,541.01,167.0,0.0,46.0,21.36,2.9,0.0
20080503:1510,450.0,137.0,0.0,37.27,21.46,3.03,0.0
20080503:1610,309.0,117.0,0.0,27.67,21.28,3.1,0.0
20080503:1710,150.0,98.0,0.0,17.78,20.77,2.69,0.0
20080503:1810,24.0,53.0,0.0,8.0,19.56,2.55,0.0
20080503:1910,0.0,0.0,0.0,0.0,17.28,2.76,0.0
20080503:2010,0.0,0.0,0.0,0.0,15.67,2.83,0.0
20080503:2110,0.0,0.0,0.0,0.0,14.61,2.76,0.0
20080503:2210,0.0,0.0,0.0,0.0,13.76,2.69,0.0
20080503:2310,0.0,0.0,0.0,0.0,12.87,2.55,0.0
20080504:0010,0.0,0.0,0.0,0.0,12.11,2.48,0.0
20080504:0110,0.0,0.0,0.0,0.0,11.38,2.48,0.0
20080504:0210,0.0,0.0,0.0,0.0,10.81,2.55,0.0
20080504:0310,0.0,0.0,0.0,0.0,10.45,2.62,0.0
20080504:0410,0.0,0.0,0.0,0.0,10.13,2.69,0.0
20080504:0510,17.0,38.0,0.0,6.0,9.97,2.69,0.0
20080504:0610,132.0,86.0,0.0,15.68,11.08,2.48,0.0
20080504:0710,246.0,132.0,0.0,25.58,13.33,2.41,0.0
20080504:0810,215.0,245.0,0.0,35.3,15.39,2.55,0.0
20080504:0910,459.0,202.0,0.0,44.32,17.3,2.69,0.0
20080504:1010,578.01,197.0,0.0,51.81,18.99,2.83,0.0
20080504:1110,689.01,165.0,0.0,56.48,20.36,3.03,0.0
20080504:1210,695.01,165.0,0.0,57.01,21.29,3.1,0.0
20080504:1310,498.01,255.0,0.0,53.19,21.78,3.03,0.0
20080504:1410,109.0,358.0,0.0,46.23,21.98,2.97,0.0
20080504:1510,140.0,288.0,0.0,37.48,21.86,3.1,0.0
20080504:1610,137.0,205.0,0.0,27.86,21.45,3.1,0.0
20080504:1710,94.0,125.0,0.0,17.97,20.77,2.62,0.0
20080504:1810,26.0,55.0,0.0,8.21,19.57,2.41,0.0
20080504:1910,0.0,0.0,0.0,0.0,17.55,2.62,0.0
20080504:2010,0.0,0.0,0.0,0.0,16.05,2.69,0.0
20080504:2110,0.0,0.0,0.0,0.0,14.89,2.76,0.0
20080504:2210,0.0,0.0,0.0,0.0,13.86,2.76,0.0
20080504:2310,0.0,0.0,0.0,0.0,13.06,2.69,0.0
20080505:0010,0.0,0.0,0.0,0.0,12.43,2.76,0.0
20080505:0110,0.0,0.0,0.0,0.0,11.94,2.9,0.0
20080505:0210,0.0,0.0,0.0,0.0,11.45,2.83,0.0
20080505:0310,0.0,0.0,0.0,0.0,10.92,2.76,0.0
20080505:0410,0.0,0.0,0.0,0.0,10.43,2.83,0.0
20080505:0510,1.0,30.0,0.0,6.23,10.13,2.83,0.0
20080505:0610,29.0,119.0,0.0,15.91,11.05,2.62,0.0
20080505:0710,44.0,202.0,0.0,25.81,13.08,2.9,0.0
20080505:0810,119.0,280.0,0.0,35.53,14.63,3.45,0.0
20080505:0910,468.0,204.0,0.0,44.57,16.06,3.59,0.0
20080505:1010,506.01,247.0,0.0,52.07,17.46,3.86,0.0
20080505:1110,515.01,277.0,0.0,56.77,18.63,4.28,0.0
20080505:1210,390.0,346.0,0.0,57.29,19.49,4.69,0.0
20080505:1310,508.01,256.0,0.0,53.45,19.92,4.83,0.0
20080505:1410,415.0,250.0,0.0,46.46,18.85,3.86,0.0
20080505:1510,309.0,225.0,0.0,37.68,19.61,4.69,0.0
20080505:1610,278.0,143.0,0.0,28.06,19.32,4.28,0.0
20080505:1710,167.0,94.0,0.0,18.16,18.64,3.59,0.0
20080505:1810,50.0,49.0,0.0,8.41,17.46,3.38,0.0
20080505:1910,0.0,0.0,0.0,0.0,16.11,3.24,0.0
20080505:2010,0.0,0.0,0.0,0.0,14.8,3.52,0.0
20080505:2110,0.0,0.0,0.0,0.0,13.9,3.59,0.0
20080505:2210,0.0,0.0,0.0,0.0,13.1,3.52,0.0
20080505:2310,0.0,0.0,0.0,0.0,12.4,3.45,0.0
20080506:0010,0.0,0.0,0.0,0.0,11.84,3.45,0.0
20080506:0110,0.0,0.0,0.0,0.0,11.35,3.38,0.0
20080506:0210,0.0,0.0,0.0,0.0,10.85,3.24,0.0
20080506:0310,0.0,0.0,0.0,0.0,10.37,3.1,0.0
20080506:0410,0.0,0.0,0.0,0.0,9.93,3.03,0.0
20080506:0510,39.0,37.0,0.0,6.46,9.73,3.03,0.0
20080506:0610,160.0,80.0,0.0,16.13,10.78,2.83,0.0
20080506:0710,299.0,112.0,0.0,26.02,13.14,3.24,0.0
20080506:0810,453.0,129.0,0.0,35.76,14.96,3.66,0.0
20080506:0910,576.01,145.0,0.0,44.81,16.46,3.79,0.0
20080506:1010,673.01,152.0,0.0,52.34,17.73,4.0,0.0
20080506:1110,727.01,156.0,0.0,57.05,18.78,4.14,0.0
20080506:1210,732.01,157.0,0.0,57.57,19.65,4.28,0.0
20080506:1310,688.01,154.0,0.0,53.7,20.3,4.34,0.0
20080506:1410,608.01,143.0,0.0,46.68,20.75,4.34,0.0
20080506:1510,476.0,136.0,0.0,37.88,20.96,4.21,0.0
20080506:1610,345.0,111.0,0.0,28.25,20.95,4.14,0.0
20080506:1710,184.0,89.0,0.0,18.36,20.54,2.97,0.0
20080506:1810,42.0,55.0,0.0,8.6,19.76,2.34,0.0
20080506:1910,0.0,0.0,0.0,0.0,18.33,2.34,0.0
20080506:2010,0.0,0.0,0.0,0.0,16.4,2.55,0.0
20080506:2110,0.0,0.0,0.0,0.0,15.16,2.69,0.0
20080506:2210,0.0,0.0,0.0,0.0,14.33,2.76,0.0
20080506:2310,0.0,0.0,0.0,0.0,13.68,2.83,0.0
20080507:0010,0.0,0.0,0.0,0.0,13.05,2.69,0.0
20080507:0110,0.0,0.0,0.0,0.0,12.38,2.62,0.0
20080507:0210,0.0,0.0,0.0,0.0,11.72,2.48,0.0
20080507:0310,0.0,0.0,0.0,0.0,11.11,2.48,0.0
20080507:0410,0.0,0.0,0.0,0.0,10.58,2.48,0.0
20080507:0510,34.0,40.0,0.0,6.68,10.32,2.34,0.0
20080507:0610,156.0,82.0,0.0,16.34,11.72,2.0,0.0
20080507:0710,298.0,113.0,0.0,26.24,14.25,1.93,0.0
20080507:0810,445.0,132.0,0.0,35.98,16.52,2.07,0.0
20080507:0910,573.01,146.0,0.0,45.04,18.65,2.34,0.0
20080507:1010,669.01,154.0,0.0,52.59,20.48,2.76,0.0
20080507:1110,658.01,197.0,0.0,57.32,21.83,3.31,0.0
20080507:1210,728.01,157.0,0.0,57.84,22.39,3.86,0.0
20080507:1310,673.01,161.0,0.0,53.95,22.61,4.14,0.0
20080507:1410,587.01,153.0,0.0,46.9,22.71,4.14,0.0
20080507:1510,480.0,133.0,0.0,38.08,22.59,4.14,0.0
20080507:1610,353.0,107.0,0.0,28.44,22.26,4.07,0.0
20080507:1710,188.0,89.0,0.0,18.54,21.6,3.52,0.0
20080507:1810,48.0,54.0,0.0,8.8,20.33,3.31,0.0
20080507:1910,0.0,0.0,0.0,0.0,18.75,3.1,0.0
20080507:2010,0.0,0.0,0.0,0.0,17.2,3.31,0.0
20080507:2110,0.0,0.0,0.0,0.0,16.27,3.52,0.0
20080507:2210,0.0,0.0,0.0,0.0,15.5,3.59,0.0
20080507:2310,0.0,0.0,0.0,0.0,14.89,3.59,0.0
20080508:0010,0.0,0.0,0.0,0.0,14.36,3.52,0.0
20080508:0110,0.0,0.0,0.0,0.0,13.66,3.38,0.0
20080508:0210,0.0,0.0,0.0,0.0,13.03,3.31,0.0
20080508:0310,0.0,0.0,0.0,0.0,12.46,3.17,0.0
20080508:0410,0.0,0.0,0.0,0.0,11.93,3.03,0.0
20080508:0510,33.0,43.0,0.0,6.9,11.63,2.9,0.0
20080508:0610,153.0,85.0,0.0,16.55,12.54,2.55,0.0
20080508:0710,281.0,123.0,0.0,26.45,14.84,2.76,0.0
20080508:0810,402.0,158.0,0.0,36.19,16.97,2.83,0.0
20080508:0910,577.01,143.0,0.0,45.27,18.83,3.03,0.0
20080508:1010,674.01,149.0,0.0,52.85,20.42,3.31,0.0
20080508:1110,727.01,153.0,0.0,57.59,21.7,3.72,0.0
20080508:1210,733.01,153.0,0.0,58.11,22.59,4.07,0.0
20080508:1310,643.01,178.0,0.0,54.19,23.17,4.21,0.0
20080508:1410,582.01,155.0,0.0,47.11,23.51,4.28,0.0
20080508:1510,454.0,147.0,0.0,38.28,23.58,4.14,0.0
20080508:1610,251.0,162.0,0.0,28.63,23.41,3.79,0.0
20080508:1710,47.0,142.0,0.0,18.73,22.83,2.62,0.0
20080508:1810,10.0,58.0,0.0,8.99,21.62,2.07,0.0
20080508:1910,0.0,0.0,0.0,0.0,19.92,2.69,0.0
20080508:2010,0.0,0.0,0.0,0.0,18.16,2.83,0.0
20080508:2110,0.0,0.0,0.0,0.0,17.17,2.62,0.0
20080508:2210,0.0,0.0,0.0,0.0,16.33,2.69,0.0
20080508:2310,0.0,0.0,0.0,0.0,15.64,2.41,0.0
20080509:0010,0.0,0.0,0.0,0.0,15.21,2.41,0.0
20080509:0110,0.0,0.0,0.0,0.0,14.37,2.21,0.0
20080509:0210,0.0,0.0,0.0,0.0,13.78,2.28,0.0
20080509:0310,0.0,0.0,0.0,0.0,13.0,2.48,0.0
20080509:0410,0.0,0.0,0.0,0.0,12.53,2.55,0.0
20080509:0510,1.0,34.0,0.0,7.11,12.19,2.48,0.0
20080509:0610,149.0,87.0,0.0,16.76,13.24,2.07,0.0
20080509:0710,194.0,169.0,0.0,26.65,15.79,1.79,0.0
20080509:0810,254.0,236.0,0.0,36.4,18.12,2.0,0.0
20080509:0910,298.0,296.0,0.0,45.5,20.18,2.28,0.0
20080509:1010,382.0,314.0,0.0,53.09,21.83,2.69,0.0
20080509:1110,13.0,351.0,0.0,57.86,22.77,3.17,0.0
20080509:1210,0.0,236.0,0.0,58.37,23.35,3.59,0.0
20080509:1310,0.0,166.0,0.0,54.43,23.4,3.66,0.0
20080509:1410,0.0,219.0,0.0,47.33,23.15,3.31,0.0
20080509:1510,27.0,276.0,0.0,38.47,22.91,2.55,0.0
20080509:1610,188.0,192.0,0.0,28.81,22.62,2.0,0.0
20080509:1710,82.0,137.0,0.0,18.92,21.96,1.24,0.0
20080509:1810,9.0,60.0,0.0,9.18,20.76,1.03,0.0
20080509:1910,0.0,0.0,0.0,0.0,18.99,2.14,0.0
20080509:2010,0.0,0.0,0.0,0.0,17.61,2.55,0.0
20080509:2110,0.0,0.0,0.0,0.0,16.78,2.62,0.0
20080509:2210,0.0,0.0,0.0,0.0,16.25,2.41,0.0
20080509:2310,0.0,0.0,0.0,0.0,15.48,2.55,0.0
20080510:0010,0.0,0.0,0.0,0.0,15.19,2.9,0.0
20080510:0110,0.0,0.0,0.0,0.0,14.91,3.31,0.0
20080510:0210,0.0,0.0,0.0,0.0,14.66,3.31,0.0
20080510:0310,0.0,0.0,0.0,0.0,14.57,3.31,0.0
20080510:0410,0.0,0.0,0.0,0.0,14.37,3.52,0.0
20080510:0510,36.0,45.0,0.0,7.31,13.85,3.72,0.0
20080510:0610,48.0,128.0,0.0,16.96,14.35,3.72,0.0
20080510:0710,175.0,181.0,0.0,26.85,15.77,2.41,0.0
20080510:0810,465.0,125.0,0.0,36.61,17.7,2.69,0.0
20080510:0910,532.0,172.0,0.0,45.71,19.38,2.97,0.0
20080510:1010,668.01,155.0,0.0,53.33,20.91,3.24,0.0
20080510:1110,695.01,175.0,0.0,58.12,22.19,3.59,0.0
20080510:1210,635.01,215.0,0.0,58.63,22.87,3.79,0.0
20080510:1310,609.01,202.0,0.0,54.67,23.46,4.0,0.0
20080510:1410,412.0,257.0,0.0,47.54,23.64,4.0,0.0
20080510:1510,364.0,202.0,0.0,38.67,23.6,4.0,0.0
20080510:1610,215.0,184.0,0.0,29.0,23.32,3.93,0.0
20080510:1710,149.0,113.0,0.0,19.1,22.74,3.24,0.0
20080510:1810,57.0,56.0,0.0,9.37,21.57,2.9,0.0
20080510:1910,0.0,0.0,0.0,0.0,20.1,2.97,0.0
20080510:2010,0.0,0.0,0.0,0.0,18.76,3.17,0.0
20080510:2110,0.0,0.0,0.0,0.0,17.88,3.31,0.0
20080510:2210,0.0,0.0,0.0,0.0,17.0,3.31,0.0
20080510:2310,0.0,0.0,0.0,0.0,16.33,3.31,0.0
20080511:0010,0.0,0.0,0.0,0.0,15.57,3.24,0.0
20080511:0110,0.0,0.0,0.0,0.0,14.75,3.17,0.0
20080511:0210,0.0,0.0,0.0,0.0,14.0,3.1,0.0
20080511:0310,0.0,0.0,0.0,0.0,13.29,3.03,0.0
20080511:0410,0.0,0.0,0.0,0.0,12.64,3.03,0.0
20080511:0510,53.0,41.0,0.0,7.51,12.28,2.97,0.0
20080511:0610,180.0,80.0,0.0,17.15,13.3,2.69,0.0
20080511:0710,327.0,108.0,0.0,27.04,15.67,2.97,0.0
20080511:0810,474.0,127.0,0.0,36.81,17.61,3.38,0.0
20080511:0910,598.01,142.0,0.0,45.93,19.41,3.59,0.0
20080511:1010,715.01,138.0,0.0,53.57,21.02,3.86,0.0
20080511:1110,760.01,147.0,0.0,58.38,22.03,4.34,0.0
20080511:1210,765.01,147.0,0.0,58.89,22.42,4.41,0.0
20080511:1310,721.01,144.0,0.0,54.9,22.6,4.34,0.0
20080511:1410,639.01,134.0,0.0,47.74,22.66,4.28,0.0
20080511:1510,497.0,133.0,0.0,38.86,22.57,4.21,0.0
20080511:1610,379.0,102.0,0.0,29.18,22.23,4.21,0.0
20080511:1710,211.0,86.0,0.0,19.28,21.68,3.72,0.0
20080511:1810,60.0,57.0,0.0,9.56,20.59,3.1,0.0
20080511:1910,0.0,0.0,0.0,0.0,19.07,2.69,0.0
20080511:2010,0.0,0.0,0.0,0.0,17.53,2.69,0.0
20080511:2110,0.0,0.0,0.0,0.0,16.38,2.83,0.0
20080511:2210,0.0,0.0,0.0,0.0,15.48,2.83,0.0
20080511:2310,0.0,0.0,0.0,0.0,14.73,2.9,0.0
20080512:0010,0.0,0.0,0.0,0.0,14.09,2.9,0.0
20080512:0110,0.0,0.0,0.0,0.0,13.5,2.83,0.0
20080512:0210,0.0,0.0,0.0,0.0,13.01,2.76,0.0
20080512:0310,0.0,0.0,0.0,0.0,12.45,2.69,0.0
20080512:0410,0.0,0.0,0.0,0.0,11.94,2.69,0.0
20080512:0510,50.0,44.0,0.0,7.71,11.75,2.55,0.0
20080512:0610,171.0,85.0,0.0,17.34,13.05,2.28,0.0
20080512:0710,313.0,114.0,0.0,27.23,15.13,2.34,0.0
20080512:0810,473.0,125.0,0.0,37.0,17.09,2.55,0.0
20080512:0910,597.01,139.0,0.0,46.13,18.94,2.83,0.0
20080512:1010,704.01,140.0,0.0,53.79,20.5,3.17,0.0
20080512:1110,759.01,142.0,0.0,58.63,21.63,3.38,0.0
20080512:1210,775.01,137.0,0.0,59.14,22.37,3.52,0.0
20080512:1310,700.01,151.0,0.0,55.13,22.82,3.59,0.0
20080512:1410,604.01,149.0,0.0,47.95,22.85,3.59,0.0
20080512:1510,465.0,148.0,0.0,39.04,22.87,3.45,0.0
20080512:1610,358.0,111.0,0.0,29.36,22.49,3.38,0.0
20080512:1710,201.0,90.0,0.0,19.46,21.93,3.45,0.0
20080512:1810,58.0,58.0,0.0,9.75,20.31,2.28,0.0
20080512:1910,0.0,0.0,0.0,0.0,19.51,1.93,0.0
20080512:2010,0.0,0.0,0.0,0.0,17.76,1.59,0.0
20080512:2110,0.0,0.0,0.0,0.0,16.09,1.59,0.0
20080512:2210,0.0,0.0,0.0,0.0,14.67,1.66,0.0
20080512:2310,0.0,0.0,0.0,0.0,13.84,1.52,0.0
20080513:0010,0.0,0.0,0.0,0.0,12.7,1.66,0.0
20080513:0110,0.0,0.0,0.0,0.0,11.58,1.79,0.0
20080513:0210,0.0,0.0,0.0,0.0,10.96,2.0,0.0
20080513:0310,0.0,0.0,0.0,0.0,10.56,2.14,0.0
20080513:0410,0.0,0.0,0.0,0.0,10.28,2.21,0.0
20080513:0510,35.0,50.0,0.0,7.9,10.28,2.14,0.0
20080513:0610,176.0,84.0,0.0,17.52,12.57,1.79,0.0
20080513:0710,316.0,114.0,0.0,27.41,15.7,1.86,0.0
20080513:0810,476.0,125.0,0.0,37.19,17.68,1.93,0.0
20080513:0910,608.01,135.0,0.0,46.33,19.71,1.86,0.0
20080513:1010,707.01,140.0,0.0,54.02,21.53,2.07,0.0
20080513:1110,762.01,142.0,0.0,58.87,22.94,2.55,0.0
20080513:1210,767.01,142.0,0.0,59.38,23.78,2.83,0.0
20080513:1310,703.01,150.0,0.0,55.36,23.8,2.55,0.0
20080513:1410,596.01,155.0,0.0,48.15,23.71,2.14,0.0
20080513:1510,477.0,142.0,0.0,39.23,23.64,2.0,0.0
20080513:1610,247.0,173.0,0.0,29.54,23.55,2.14,0.0
20080513:1710,15.0,138.0,0.0,19.64,23.0,2.0,0.0
20080513:1810,69.0,56.0,0.0,9.93,21.8,1.93,0.0
20080513:1910,0.0,0.0,0.0,0.0,20.27,1.86,0.0
20080513:2010,0.0,0.0,0.0,0.0,18.11,1.72,0.0
20080513:2110,0.0,0.0,0.0,0.0,17.04,1.38,0.0
20080513:2210,0.0,0.0,0.0,0.0,17.87,0.76,0.0
20080513:2310,0.0,0.0,0.0,0.0,16.88,0.34,0.0
20080514:0010,0.0,0.0,0.0,0.0,15.99,0.76,0.0
20080514:0110,0.0,0.0,0.0,0.0,13.32,1.31,0.0
20080514:0210,0.0,0.0,0.0,0.0,12.11,1.45,0.0
20080514:0310,0.0,0.0,0.0,0.0,11.73,1.38,0.0
20080514:0410,0.0,0.0,0.0,0.0,11.41,1.24,0.0
20080514:0510,52.0,46.0,0.0,8.08,11.56,1.03,0.0
20080514:0610,37.0,132.0,0.0,17.7,12.98,0.69,0.0
20080514:0710,78.0,214.0,0.0,27.59,16.71,0.62,0.0
20080514:0810,453.0,134.0,0.0,37.37,19.09,0.69,0.0
20080514:0910,552.0,161.0,0.0,46.53,20.94,1.03,0.0
20080514:1010,90.0,401.0,0.0,54.23,22.18,1.45,0.0
20080514:1110,737.01,150.0,0.0,59.11,22.7,1.79,0.0
20080514:1210,489.0,300.0,0.0,59.63,23.05,1.93,0.0
20080514:1310,234.0,390.0,0.0,55.58,23.36,2.07,0.0
20080514:1410,411.0,259.0,0.0,48.34,23.18,2.14,0.0
20080514:1510,41.0,294.0,0.0,39.41,22.98,2.07,0.0
20080514:1610,0.0,82.0,0.0,29.71,21.77,2.07,0.0
20080514:1710,0.0,32.0,0.0,19.81,20.41,1.17,0.0
20080514:1810,0.0,39.0,0.0,10.11,19.15,0.48,0.0
20080514:1910,0.0,0.0,0.0,0.0,18.01,1.03,0.0
20080514:2010,0.0,0.0,0.0,0.0,16.95,0.48,0.0
20080514:2110,0.0,0.0,0.0,0.0,16.01,1.45,0.0
20080514:2210,0.0,0.0,0.0,0.0,15.56,1.79,0.0
20080514:2310,0.0,0.0,0.0,0.0,15.1,1.38,0.0
20080515:0010,0.0,0.0,0.0,0.0,14.78,0.97,0.0
20080515:0110,0.0,0.0,0.0,0.0,14.33,1.1,0.0
20080515:0210,0.0,0.0,0.0,0.0,13.82,1.45,0.0
20080515:0310,0.0,0.0,0.0,0.0,13.33,1.52,0.0
20080515:0410,0.0,0.0,0.0,0.0,13.16,1.45,0.0
20080515:0510,3.0,46.0,0.0,8.26,13.5,1.38,0.0
20080515:0610,0.0,76.0,0.0,17.87,14.24,1.24,0.0
20080515:0710,0.0,135.0,0.0,27.76,14.85,1.79,0.0
20080515:0810,0.0,177.0,0.0,37.54,15.35,1.59,0.0
20080515:0910,0.0,163.0,0.0,46.72,15.75,1.45,0.0
20080515:1010,0.0,244.0,0.0,54.45,16.2,1.31,0.0
20080515:1110,6.0,329.0,0.0,59.34,16.55,1.38,0.0
20080515:1210,57.0,414.0,0.0,59.86,16.75,1.52,0.0
20080515:1310,202.0,399.0,0.0,55.79,17.52,1.59,0.0
20080515:1410,472.0,224.0,0.0,48.54,17.62,1.59,0.0
20080515:1510,256.0,259.0,0.0,39.59,18.08,1.66,0.0
20080515:1610,75.0,231.0,0.0,29.88,18.25,1.72,0.0
20080515:1710,10.0,133.0,0.0,19.98,18.26,1.66,0.0
20080515:1810,71.0,58.0,0.0,10.29,18.03,1.03,0.0
20080515:1910,0.0,0.0,0.0,0.0,16.86,1.59,0.0
20080515:2010,0.0,0.0,0.0,0.0,15.55,2.0,0.0
20080515:2110,0.0,0.0,0.0,0.0,14.64,2.28,0.0
20080515:2210,0.0,0.0,0.0,0.0,13.95,2.41,0.0
20080515:2310,0.0,0.0,0.0,0.0,13.64,2.55,0.0
20080516:0010,0.0,0.0,0.0,0.0,13.04,2.41,0.0
20080516:0110,0.0,0.0,0.0,0.0,12.53,2.21,0.0
20080516:0210,0.0,0.0,0.0,0.0,11.95,2.07,0.0
20080516:0310,0.0,0.0,0.0,0.0,11.34,2.07,0.0
20080516:0410,0.0,0.0,0.0,0.0,10.85,2.07,0.0
20080516:0510,53.0,49.0,0.0,8.44,10.85,1.86,0.0
20080516:0610,145.0,102.0,0.0,18.04,12.31,1.66,0.0
20080516:0710,258.0,148.0,0.0,27.92,14.16,1.59,0.0
20080516:0810,300.0,224.0,0.0,37.71,15.95,1.52,0.0
20080516:0910,435.0,234.0,0.0,46.9,17.4,1.1,0.0
20080516:1010,624.01,186.0,0.0,54.65,18.48,0.83,0.0
20080516:1110,308.0,388.0,0.0,59.57,19.41,0.97,0.0
20080516:1210,204.0,426.0,0.0,60.09,19.87,1.1,0.0
20080516:1310,0.0,0.0,0.0,0.0,20.16,1.52,0.0
20080516:1410,0.0,0.0,0.0,0.0,19.83,1.79,0.0
20080516:1510,0.0,0.0,0.0,0.0,19.58,1.72,0.0
20080516:1610,0.0,0.0,0.0,0.0,18.82,1.24,0.0
20080516:1710,0.0,0.0,0.0,0.0,17.81,0.83,0.0
20080516:1810,0.0,0.0,0.0,0.0,16.99,1.52,0.0
20080516:1910,0.0,0.0,0.0,0.0,15.55,2.07,0.0
20080516:2010,0.0,0.0,0.0,0.0,14.81,2.21,0.0
20080516:2110,0.0,0.0,0.0,0.0,14.13,2.07,0.0
20080516:2210,0.0,0.0,0.0,0.0,13.72,1.79,0.0
20080516:2310,0.0,0.0,0.0,0.0,13.39,2.0,0.0
20080517:0010,0.0,0.0,0.0,0.0,13.09,2.14,0.0
20080517:0110,0.0,0.0,0.0,0.0,12.95,2.34,0.0
20080517:0210,0.0,0.0,0.0,0.0,12.45,2.62,0.0
20080517:0310,0.0,0.0,0.0,0.0,11.81,2.83,0.0
20080517:0410,0.0,0.0,0.0,0.0,11.14,2.76,0.0
20080517:0510,0.0,0.0,0.0,0.0,11.05,2.62,0.0
20080517:0610,0.0,0.0,0.0,0.0,11.69,3.93,0.0
20080517:0710,0.0,0.0,0.0,0.0,12.92,3.03,0.0
20080517:0810,0.0,0.0,0.0,0.0,14.11,2.76,0.0
20080517:0910,0.0,0.0,0.0,0.0,14.78,2.76,0.0
20080517:1010,0.0,0.0,0.0,0.0,15.73,2.83,0.0
20080517:1110,0.0,0.0,0.0,0.0,16.63,2.9,0.0
20080517:1210,0.0,0.0,0.0,0.0,17.32,3.03,0.0
20080517:1310,0.0,0.0,0.0,0.0,18.14,3.1,0.0
20080517:1410,0.0,0.0,0.0,0.0,18.33,2.9,0.0
20080517:1510,0.0,0.0,0.0,0.0,18.25,2.48,0.0
20080517:1610,0.0,0.0,0.0,0.0,18.17,2.62,0.0
20080517:1710,0.0,0.0,0.0,0.0,16.15,3.45,0.0
20080517:1810,0.0,0.0,0.0,0.0,15.72,2.21,0.0
20080517:1910,0.0,0.0,0.0,0.0,15.17,1.72,0.0
20080517:2010,0.0,0.0,0.0,0.0,14.02,1.45,0.0
20080517:2110,0.0,0.0,0.0,0.0,12.76,1.1,0.0
20080517:2210,0.0,0.0,0.0,0.0,11.71,1.45,0.0
20080517:2310,0.0,0.0,0.0,0.0,10.79,1.79,0.0
20080518:0010,0.0,0.0,0.0,0.0,10.02,2.0,0.0
20080518:0110,0.0,0.0,0.0,0.0,9.67,2.07,0.0
20080518:0210,0.0,0.0,0.0,0.0,9.24,2.0,0.0
20080518:0310,0.0,0.0,0.0,0.0,8.78,1.72,0.0
20080518:0410,0.0,0.0,0.0,0.0,8.27,1.52,0.0
20080518:0510,0.0,0.0,0.0,0.0,8.4,1.17,0.0
20080518:0610,0.0,0.0,0.0,0.0,10.46,1.03,0.0
20080518:0710,0.0,0.0,0.0,0.0,12.06,0.83,0.0
20080518:0810,0.0,0.0,0.0,0.0,13.1,0.83,0.0
20080518:0910,0.0,0.0,0.0,0.0,14.28,0.55,0.0
20080518:1010,0.0,0.0,0.0,0.0,15.25,0.48,0.0
20080518:1110,0.0,0.0,0.0,0.0,16.25,0.55,0.0
20080518:1210,0.0,0.0,0.0,0.0,17.14,0.97,0.0
20080518:1310,0.0,0.0,0.0,0.0,17.41,1.66,0.0
20080518:1410,0.0,0.0,0.0,0.0,17.3,2.41,0.0
20080518:1510,0.0,0.0,0.0,0.0,15.94,3.38,0.0
20080518:1610,0.0,0.0,0.0,0.0,14.13,4.69,0.0
20080518:1710,0.0,0.0,0.0,0.0,13.66,4.76,0.0
20080518:1810,0.0,0.0,0.0,0.0,13.51,4.34,0.0
20080518:1910,0.0,0.0,0.0,0.0,13.08,4.0,0.0
20080518:2010,0.0,0.0,0.0,0.0,12.35,4.0,0.0
20080518:2110,0.0,0.0,0.0,0.0,11.98,3.79,0.0
20080518:2210,0.0,0.0,0.0,0.0,11.74,3.66,0.0
20080518:2310,0.0,0.0,0.0,0.0,11.43,3.52,0.0
20080519:0010,0.0,0.0,0.0,0.0,10.93,3.45,0.0
20080519:0110,0.0,0.0,0.0,0.0,10.63,3.66,0.0
20080519:0210,0.0,0.0,0.0,0.0,10.36,3.93,0.0
20080519:0310,0.0,0.0,0.0,0.0,9.89,4.0,0.0
20080519:0410,0.0,0.0,0.0,0.0,9.66,3.93,0.0
20080519:0510,0.0,0.0,0.0,0.0,9.55,3.86,0.0
20080519:0610,0.0,0.0,0.0,0.0,9.82,4.07,0.0
20080519:0710,0.0,0.0,0.0,0.0,10.5,4.55,0.0
20080519:0810,0.0,0.0,0.0,0.0,11.37,4.69,0.0
20080519:0910,0.0,0.0,0.0,0.0,12.64,4.97,0.0
20080519:1010,467.0,288.0,0.0,55.23,13.76,5.59,0.0
20080519:1110,85.0,433.0,0.0,60.22,14.72,5.72,0.0
20080519:1210,93.0,438.0,0.0,60.76,14.66,5.17,0.0
20080519:1310,0.0,260.0,0.0,56.62,14.91,4.83,0.0
20080519:1410,20.0,329.0,0.0,49.28,14.9,4.69,0.0
20080519:1510,59.0,311.0,0.0,40.27,14.95,4.62,0.0
20080519:1610,50.0,237.0,0.0,30.54,15.1,4.62,0.0
20080519:1710,116.0,143.0,0.0,20.65,14.83,4.55,0.0
20080519:1810,61.0,69.0,0.0,10.97,14.34,4.28,0.0
20080519:1910,0.0,5.0,0.0,1.85,13.26,4.07,0.0
20080519:2010,0.0,0.0,0.0,0.0,12.08,4.0,0.0
20080519:2110,0.0,0.0,0.0,0.0,11.17,4.0,0.0
20080519:2210,0.0,0.0,0.0,0.0,10.42,4.0,0.0
20080519:2310,0.0,0.0,0.0,0.0,9.99,3.93,0.0
20080520:0010,0.0,0.0,0.0,0.0,9.52,3.72,0.0
20080520:0110,0.0,0.0,0.0,0.0,9.02,3.59,0.0
20080520:0210,0.0,0.0,0.0,0.0,8.49,3.52,0.0
20080520:0310,0.0,0.0,0.0,0.0,8.09,3.59,0.0
20080520:0410,0.0,0.0,0.0,0.0,8.27,3.59,0.0
20080520:0510,0.0,0.0,0.0,0.0,8.44,3.45,0.0
20080520:0610,0.0,0.0,0.0,0.0,8.96,3.45,0.0
20080520:0710,317.0,127.0,0.0,28.52,10.36,4.14,0.0
20080520:0810,488.0,132.0,0.0,38.33,11.36,4.14,0.0
20080520:0910,625.0,139.0,0.0,47.57,12.92,4.14,0.0
20080520:1010,733.01,139.0,0.0,55.41,14.22,4.14,0.0
20080520:1110,0.0,0.0,0.0,0.0,15.46,4.28,0.0
20080520:1210,0.0,150.0,0.0,60.97,16.4,4.41,0.0
20080520:1310,390.0,344.0,0.0,56.81,16.7,4.14,0.0
20080520:1410,0.0,127.0,0.0,49.46,16.7,4.0,0.0
20080520:1510,0.0,105.0,0.0,40.44,16.6,4.0,0.0
20080520:1610,181.0,218.0,0.0,30.7,16.43,4.0,0.0
20080520:1710,221.0,95.0,0.0,20.81,16.08,3.86,0.0
20080520:1810,0.0,24.0,0.0,11.14,15.48,3.93,0.0
20080520:1910,0.0,6.0,0.0,2.03,15.1,3.31,0.0
20080520:2010,0.0,0.0,0.0,0.0,14.37,3.52,0.0
20080520:2110,0.0,0.0,0.0,0.0,13.66,3.66,0.0
20080520:2210,0.0,0.0,0.0,0.0,13.18,3.66,0.0
20080520:2310,0.0,0.0,0.0,0.0,12.63,3.38,0.0
20080521:0010,0.0,0.0,0.0,0.0,12.14,3.03,0.0
20080521:0110,0.0,0.0,0.0,0.0,11.82,2.76,0.0
20080521:0210,0.0,0.0,0.0,0.0,11.28,2.55,0.0
20080521:0310,0.0,0.0,0.0,0.0,10.63,2.48,0.0
20080521:0410,0.0,0.0,0.0,0.0,9.93,2.41,0.0
20080521:0510,58.0,55.0,0.0,9.22,9.8,2.28,0.0
20080521:0610,176.0,98.0,0.0,18.79,10.77,2.14,0.0
20080521:0710,330.0,121.0,0.0,28.66,12.62,2.41,0.0
20080521:0810,489.0,132.0,0.0,38.47,13.7,2.48,0.0
20080521:0910,618.0,143.0,0.0,47.73,14.7,2.34,0.0
20080521:1010,629.01,201.0,0.0,55.58,16.12,2.69,0.0
20080521:1110,298.0,407.0,0.0,60.62,16.92,3.1,0.0
20080521:1210,404.0,364.0,0.0,61.17,17.37,2.83,0.0
20080521:1310,381.0,349.0,0.0,57.01,17.57,2.69,0.0
20080521:1410,243.0,355.0,0.0,49.63,17.5,2.9,0.0
20080521:1510,229.0,289.0,0.0,40.6,17.55,2.9,0.0
20080521:1610,123.0,239.0,0.0,30.86,17.38,2.69,0.0
20080521:1710,54.0,163.0,0.0,20.96,16.91,2.14,0.0
20080521:1810,80.0,65.0,0.0,11.3,16.36,1.79,0.0
20080521:1910,0.0,4.0,0.0,2.2,15.86,2.21,0.0
20080521:2010,0.0,0.0,0.0,0.0,15.09,2.21,0.0
20080521:2110,0.0,0.0,0.0,0.0,14.46,2.21,0.0
20080521:2210,0.0,0.0,0.0,0.0,13.91,2.14,0.0
20080521:2310,0.0,0.0,0.0,0.0,13.35,1.93,0.0
20080522:0010,0.0,0.0,0.0,0.0,12.59,1.72,0.0
20080522:0110,0.0,0.0,0.0,0.0,11.74,1.66,0.0
20080522:0210,0.0,0.0,0.0,0.0,11.61,1.52,0.0
20080522:0310,0.0,0.0,0.0,0.0,11.3,1.59,0.0
20080522:0410,0.0,0.0,0.0,0.0,10.88,1.59,0.0
20080522:0510,0.0,21.0,0.0,9.36,10.91,1.45,0.0
20080522:0610,0.0,75.0,0.0,18.92,12.29,1.24,0.0
20080522:0710,5.0,177.0,0.0,28.79,14.08,1.59,0.0
20080522:0810,48.0,296.0,0.0,38.61,15.53,1.86,0.0
20080522:0910,377.0,281.0,0.0,47.87,16.43,2.48,0.0
20080522:1010,255.0,391.0,0.0,55.75,16.93,2.69,0.0
20080522:1110,46.0,416.0,0.0,60.81,17.26,2.55,0.0
20080522:1210,76.0,437.0,0.0,61.37,17.7,2.28,0.0
20080522:1310,354.0,360.0,0.0,57.19,17.92,1.79,0.0
20080522:1410,358.0,305.0,0.0,49.8,18.33,1.45,0.0
20080522:1510,185.0,304.0,0.0,40.75,18.32,1.17,0.0
20080522:1610,304.0,159.0,0.0,31.01,18.17,1.17,0.0
20080522:1710,192.0,113.0,0.0,21.12,18.1,1.24,0.0
20080522:1810,2.0,65.0,0.0,11.46,17.74,1.24,0.0
20080522:1910,0.0,3.0,0.0,2.36,16.55,1.93,0.0
20080522:2010,0.0,0.0,0.0,0.0,15.36,2.14,0.0
20080522:2110,0.0,0.0,0.0,0.0,14.62,2.0,0.0
20080522:2210,0.0,0.0,0.0,0.0,13.98,1.93,0.0
20080522:2310,0.0,0.0,0.0,0.0,13.25,2.0,0.0
20080523:0010,0.0,0.0,0.0,0.0,12.66,2.07,0.0
20080523:0110,0.0,0.0,0.0,0.0,12.18,2.14,0.0
20080523:0210,0.0,0.0,0.0,0.0,12.1,2.0,0.0
20080523:0310,0.0,0.0,0.0,0.0,11.71,1.93,0.0
20080523:0410,0.0,0.0,0.0,0.0,11.46,1.93,0.0
20080523:0510,20.0,66.0,0.0,9.49,11.53,1.86,0.0
20080523:0610,183.0,94.0,0.0,19.05,12.57,1.79,0.0
20080523:0710,325.0,122.0,0.0,28.92,14.49,1.72,0.0
20080523:0810,449.0,152.0,0.0,38.74,16.07,1.93,0.0
20080523:0910,535.0,189.0,0.0,48.01,17.57,2.34,0.0
20080523:1010,412.0,320.0,0.0,55.91,18.42,2.34,0.0
20080523:1110,652.01,218.0,0.0,61.0,18.88,2.41,0.0
20080523:1210,587.01,260.0,0.0,61.57,19.76,2.62,0.0
20080523:1310,554.0,252.0,0.0,57.37,20.22,3.03,0.0
20080523:1410,330.0,316.0,0.0,49.96,20.27,3.31,0.0
20080523:1510,146.0,313.0,0.0,40.91,19.83,3.31,0.0
20080523:1610,135.0,235.0,0.0,31.16,19.72,3.52,0.0
20080523:1710,74.0,161.0,0.0,21.27,19.39,3.1,0.0
20080523:1810,4.0,70.0,0.0,11.61,18.57,2.41,0.0
20080523:1910,0.0,10.0,0.0,2.53,17.49,2.34,0.0
20080523:2010,0.0,0.0,0.0,0.0,16.09,2.41,0.0
20080523:2110,0.0,0.0,0.0,0.0,15.25,2.41,0.0
20080523:2210,0.0,0.0,0.0,0.0,14.76,2.62,0.0
20080523:2310,0.0,0.0,0.0,0.0,14.85,2.76,0.0
20080524:0010,0.0,0.0,0.0,0.0,14.55,2.48,0.0
20080524:0110,0.0,0.0,0.0,0.0,14.31,2.28,0.0
20080524:0210,0.0,0.0,0.0,0.0,14.22,2.28,0.0
20080524:0310,0.0,0.0,0.0,0.0,14.09,2.55,0.0
20080524:0410,0.0,0.0,0.0,0.0,13.81,2.69,0.0
20080524:0510,24.0,65.0,0.0,9.62,13.46,2.62,0.0
20080524:0610,4.0,112.0,0.0,19.17,14.08,2.55,0.0
20080524:0710,52.0,222.0,0.0,29.04,15.66,3.31,0.0
20080524:0810,153.0,290.0,0.0,38.86,16.9,3.79,0.0
20080524:0910,346.0,286.0,0.0,48.15,18.64,4.07,0.0
20080524:1010,157.0,407.0,0.0,56.07,20.01,4.21,0.0
20080524:1110,0.0,149.0,0.0,61.17,21.0,4.55,0.0
20080524:1210,0.0,80.0,0.0,61.76,21.13,4.48,0.0
20080524:1310,0.0,207.0,0.0,57.55,19.37,3.38,0.0
20080524:1410,12.0,310.0,0.0,50.13,19.77,3.79,0.0
20080524:1510,0.0,57.0,0.0,41.06,19.42,2.76,0.0
20080524:1610,0.0,50.0,0.0,31.31,20.09,3.52,0.0
20080524:1710,1.0,106.0,0.0,21.42,18.55,4.07,0.0
20080524:1810,92.0,62.0,0.0,11.76,17.06,3.66,0.0
20080524:1910,1.0,10.82,0.0,2.69,16.32,2.9,0.0
20080524:2010,0.0,0.0,0.0,0.0,15.64,2.97,0.0
20080524:2110,0.0,0.0,0.0,0.0,15.16,3.1,0.0
20080524:2210,0.0,0.0,0.0,0.0,14.66,2.9,0.0
20080524:2310,0.0,0.0,0.0,0.0,14.28,2.62,0.0
20080525:0010,0.0,0.0,0.0,0.0,13.75,2.62,0.0
20080525:0110,0.0,0.0,0.0,0.0,12.93,2.62,0.0
20080525:0210,0.0,0.0,0.0,0.0,12.22,2.41,0.0
20080525:0310,0.0,0.0,0.0,0.0,11.47,2.28,0.0
20080525:0410,0.0,0.0,0.0,0.0,10.81,1.93,0.0
20080525:0510,0.0,40.0,0.0,9.74,10.5,1.17,0.0
20080525:0610,5.0,119.0,0.0,19.28,12.26,0.83,0.0
20080525:0710,56.0,225.0,0.0,29.15,13.98,1.45,0.0
20080525:0810,27.0,278.0,0.0,38.98,15.42,1.38,0.0
20080525:0910,105.0,366.0,0.0,48.28,16.83,1.45,0.0
20080525:1010,144.0,413.0,0.0,56.21,17.96,1.31,0.0
20080525:1110,588.01,252.0,0.0,61.35,18.93,1.66,0.0
20080525:1210,481.0,316.0,0.0,61.94,19.67,2.0,0.0
20080525:1310,168.0,418.0,0.0,57.73,20.26,1.79,0.0
20080525:1410,312.0,322.0,0.0,50.28,20.72,1.52,0.0
20080525:1510,277.0,264.0,0.0,41.21,20.82,2.07,0.0
20080525:1610,0.0,85.0,0.0,31.45,20.87,2.97,0.0
20080525:1710,0.0,40.0,0.0,21.56,20.24,2.97,0.0
20080525:1810,0.0,17.0,0.0,11.91,19.38,3.38,0.0
20080525:1910,0.0,2.0,0.0,2.84,16.85,2.48,0.0
20080525:2010,0.0,0.0,0.0,0.0,16.32,2.97,0.0
20080525:2110,0.0,0.0,0.0,0.0,16.12,3.31,0.0
20080525:2210,0.0,0.0,0.0,0.0,15.78,3.79,0.0
20080525:2310,0.0,0.0,0.0,0.0,15.6,4.0,0.0
20080526:0010,0.0,0.0,0.0,0.0,15.31,3.86,0.0
20080526:0110,0.0,0.0,0.0,0.0,15.08,3.59,0.0
20080526:0210,0.0,0.0,0.0,0.0,14.81,3.1,0.0
20080526:0310,0.0,0.0,0.0,0.0,14.47,2.48,0.0
20080526:0410,0.0,0.0,0.0,0.0,14.5,2.41,0.0
20080526:0510,1.0,49.0,0.0,9.86,14.91,2.28,0.0
20080526:0610,79.0,140.0,0.0,19.39,15.44,2.97,0.0
20080526:0710,80.0,224.0,0.0,29.26,15.27,3.17,0.0
20080526:0810,20.0,267.0,0.0,39.09,15.7,3.24,0.0
20080526:0910,310.0,305.0,0.0,48.4,16.55,3.31,0.0
20080526:1010,0.0,120.0,0.0,56.36,17.67,3.03,0.0
20080526:1110,0.0,246.0,0.0,61.51,19.09,3.1,0.0
20080526:1210,25.0,388.0,0.0,62.12,20.08,2.62,0.0
20080526:1310,0.0,140.0,0.0,57.89,20.72,2.14,0.0
20080526:1410,0.0,69.0,0.0,50.44,20.84,2.07,0.0
20080526:1510,0.0,99.0,0.0,41.35,20.11,2.28,0.0
20080526:1610,1.0,158.0,0.0,31.59,18.62,1.38,0.0
20080526:1710,5.0,130.0,0.0,21.7,18.22,1.03,0.0
20080526:1810,0.0,47.0,0.0,12.06,17.3,1.17,0.0
20080526:1910,1.0,13.8,0.0,3.0,17.0,0.9,0.0
20080526:2010,0.0,0.0,0.0,0.0,16.34,0.76,0.0
20080526:2110,0.0,0.0,0.0,0.0,15.02,1.17,0.0
20080526:2210,0.0,0.0,0.0,0.0,14.3,1.59,0.0
20080526:2310,0.0,0.0,0.0,0.0,13.87,1.45,0.0
20080527:0010,0.0,0.0,0.0,0.0,13.09,1.31,0.0
20080527:0110,0.0,0.0,0.0,0.0,12.51,1.17,0.0
20080527:0210,0.0,0.0,0.0,0.0,12.6,0.9,0.0
20080527:0310,0.0,0.0,0.0,0.0,11.27,1.03,0.0
20080527:0410,0.0,0.0,0.0,0.0,10.34,1.45,0.0
20080527:0510,0.0,15.0,0.0,9.97,11.19,1.45,0.0
20080527:0610,0.0,41.0,0.0,19.5,13.49,1.17,0.0
20080527:0710,0.0,47.0,0.0,29.36,14.69,2.9,0.0
20080527:0810,0.0,54.0,0.0,39.19,15.01,2.14,0.0
20080527:0910,0.0,120.0,0.0,48.51,15.24,2.28,0.0
20080527:1010,0.0,118.0,0.0,56.49,15.86,2.28,0.0
20080527:1110,0.0,80.0,0.0,61.67,16.76,2.83,0.0
20080527:1210,0.0,81.0,0.0,62.29,17.43,3.38,0.0
20080527:1310,0.0,112.0,0.0,58.06,18.1,3.79,0.0
20080527:1410,0.0,142.0,0.0,50.59,18.29,3.79,0.0
20080527:1510,0.0,74.0,0.0,41.49,18.67,3.79,0.0
20080527:1610,33.0,233.0,0.0,31.73,19.08,3.79,0.0
20080527:1710,0.0,91.0,0.0,21.84,19.75,4.76,0.0
20080527:1810,11.0,81.0,0.0,12.2,19.83,4.69,0.0
20080527:1910,1.0,11.84,0.0,3.14,18.93,4.14,0.0
20080527:2010,0.0,0.0,0.0,0.0,18.5,3.45,0.0
20080527:2110,0.0,0.0,0.0,0.0,18.2,3.1,0.0
20080527:2210,0.0,0.0,0.0,0.0,17.57,2.69,0.0
20080527:2310,0.0,0.0,0.0,0.0,16.98,2.9,0.0
20080528:0010,0.0,0.0,0.0,0.0,16.57,2.14,0.0
20080528:0110,0.0,0.0,0.0,0.0,15.79,1.93,0.0
20080528:0210,0.0,0.0,0.0,0.0,15.48,2.48,0.0
20080528:0310,0.0,0.0,0.0,0.0,15.78,4.07,0.0
20080528:0410,0.0,0.0,0.0,0.0,15.72,5.1,0.0
20080528:0510,0.0,38.0,0.0,10.07,15.24,5.66,0.0
20080528:0610,0.0,85.0,0.0,19.6,15.21,5.93,0.0
20080528:0710,100.0,225.0,0.0,29.45,14.37,7.1,0.0
20080528:0810,409.0,174.0,0.0,39.29,14.9,6.69,0.0
20080528:0910,409.0,258.0,0.0,48.62,15.92,6.28,0.0
20080528:1010,149.0,411.0,0.0,56.62,17.36,6.55,0.0
20080528:1110,281.0,406.0,0.0,61.83,18.14,6.62,0.0
20080528:1210,714.01,177.0,0.0,62.45,18.74,6.28,0.0
20080528:1310,709.01,153.0,0.0,58.22,19.51,5.93,0.0
20080528:1410,633.0,144.0,0.0,50.73,19.9,5.45,0.0
20080528:1510,45.0,308.0,0.0,41.63,20.07,4.69,0.0
20080528:1610,21.0,224.0,0.0,31.87,20.21,3.93,0.0
20080528:1710,24.0,159.0,0.0,21.98,19.99,2.9,0.0
20080528:1810,0.0,37.0,0.0,12.34,19.45,1.93,0.0
20080528:1910,1.0,12.83,0.0,3.29,18.57,1.24,0.0
20080528:2010,0.0,0.0,0.0,0.0,16.94,1.31,0.0
20080528:2110,0.0,0.0,0.0,0.0,15.51,1.59,0.0
20080528:2210,0.0,0.0,0.0,0.0,14.41,1.79,0.0
20080528:2310,0.0,0.0,0.0,0.0,13.48,1.86,0.0
20080529:0010,0.0,0.0,0.0,0.0,12.59,1.79,0.0
20080529:0110,0.0,0.0,0.0,0.0,12.17,1.93,0.0
20080529:0210,0.0,0.0,0.0,0.0,12.49,2.07,0.0
20080529:0310,0.0,0.0,0.0,0.0,12.63,1.86,0.0
20080529:0410,0.0,0.0,0.0,0.0,12.92,2.0,0.0
20080529:0510,0.0,31.0,0.0,10.17,13.25,1.79,0.0
20080529:0610,0.0,48.0,0.0,19.69,14.11,1.59,0.0
20080529:0710,0.0,82.0,0.0,29.54,15.47,1.38,0.0
20080529:0810,1.0,203.0,0.0,39.39,16.3,1.52,0.0
20080529:0910,0.0,221.0,0.0,48.73,16.85,1.31,0.0
20080529:1010,5.0,312.0,0.0,56.74,17.24,0.62,0.0
20080529:1110,1.0,280.0,0.0,61.97,17.6,0.48,0.0
20080529:1210,0.0,129.0,0.0,62.61,18.25,0.34,0.0
20080529:1310,0.0,119.0,0.0,58.37,19.04,0.62,0.0
20080529:1410,1.0,249.0,0.0,50.88,20.02,0.55,0.0
20080529:1510,62.0,315.0,0.0,41.77,20.28,0.55,0.0
20080529:1610,328.0,146.0,0.0,32.0,20.26,0.76,0.0
20080529:1710,67.0,165.0,0.0,22.11,20.16,0.9,0.0
20080529:1810,48.0,85.0,0.0,12.48,19.79,1.1,0.0
20080529:1910,1.0,15.8,0.0,3.43,18.7,0.41,0.0
20080529:2010,0.0,0.0,0.0,0.0,16.86,0.97,0.0
20080529:2110,0.0,0.0,0.0,0.0,15.74,1.17,0.0
20080529:2210,0.0,0.0,0.0,0.0,15.09,1.1,0.0
20080529:2310,0.0,0.0,0.0,0.0,14.52,1.1,0.0
20080530:0010,0.0,0.0,0.0,0.0,12.92,1.59,0.0
20080530:0110,0.0,0.0,0.0,0.0,12.51,1.79,0.0
20080530:0210,0.0,0.0,0.0,0.0,12.32,1.66,0.0
20080530:0310,0.0,0.0,0.0,0.0,11.93,1.52,0.0
20080530:0410,0.0,4.0,0.0,1.43,11.74,1.45,0.0
20080530:0510,44.0,67.0,0.0,10.26,12.61,1.17,0.0
20080530:0610,0.0,80.0,0.0,19.78,13.53,1.52,0.0
20080530:0710,6.0,183.0,0.0,29.63,14.69,1.31,0.0
20080530:0810,0.0,178.0,0.0,39.47,15.72,1.24,0.0
20080530:0910,143.0,365.0,0.0,48.82,17.31,1.24,0.0
20080530:1010,569.0,230.0,0.0,56.86,18.91,1.59,0.0
20080530:1110,577.01,260.0,0.0,62.11,20.12,2.0,0.0
20080530:1210,376.0,370.0,0.0,62.77,20.94,2.14,0.0
20080530:1310,18.0,362.0,0.0,58.52,21.52,2.28,0.0
20080530:1410,270.0,343.0,0.0,51.02,21.82,2.28,0.0
20080530:1510,273.0,270.0,0.0,41.9,21.93,2.14,0.0
20080530:1610,315.0,155.0,0.0,32.12,21.76,2.21,0.0
20080530:1710,109.0,157.0,0.0,22.24,21.35,2.41,0.0
20080530:1810,4.0,75.0,0.0,12.61,20.52,2.07,0.0
20080530:1910,0.0,13.0,0.0,3.57,19.01,2.21,0.0
20080530:2010,0.0,0.0,0.0,0.0,17.71,2.0,0.0
20080530:2110,0.0,0.0,0.0,0.0,16.63,2.07,0.0
20080530:2210,0.0,0.0,0.0,0.0,16.02,2.07,0.0
20080530:2310,0.0,0.0,0.0,0.0,15.21,2.07,0.0
20080531:0010,0.0,0.0,0.0,0.0,14.56,1.93,0.0
20080531:0110,0.0,0.0,0.0,0.0,13.92,1.93,0.0
20080531:0210,0.0,0.0,0.0,0.0,13.68,2.0,0.0
20080531:0310,0.0,0.0,0.0,0.0,13.34,2.14,0.0
20080531:0410,0.0,1.0,0.0,1.52,13.15,2.14,0.0
20080531:0510,59.0,62.0,0.0,10.35,13.38,2.0,0.0
20080531:0610,14.0,136.0,0.0,19.86,14.6,2.21,0.0
20080531:0710,46.0,225.0,0.0,29.71,15.63,2.48,0.0
20080531:0810,5.0,231.0,0.0,39.56,16.46,2.62,0.0
20080531:0910,0.0,108.0,0.0,48.92,17.05,2.76,0.0
20080531:1010,0.0,151.0,0.0,56.97,17.27,2.62,0.0
20080531:1110,0.0,223.0,0.0,62.25,17.49,2.62,0.0
20080531:1210,2.0,306.0,0.0,62.92,18.03,2.76,0.0
20080531:1310,58.0,405.0,0.0,58.66,18.41,2.76,0.0
20080531:1410,138.0,379.0,0.0,51.15,18.91,3.03,0.0
20080531:1510,4.0,242.0,0.0,42.03,18.82,3.17,0.0
20080531:1610,11.0,210.0,0.0,32.25,18.63,3.38,0.0
20080531:1710,149.0,141.0,0.0,22.36,18.16,3.1,0.0
20080531:1810,101.0,67.0,0.0,12.74,17.68,2.62,0.0
20080531:1910,1.0,13.84,0.0,3.7,16.32,1.59,0.0
20080531:2010,0.0,0.0,0.0,0.0,15.42,1.79,0.0
20080531:2110,0.0,0.0,0.0,0.0,14.74,1.59,0.0
20080531:2210,0.0,0.0,0.0,0.0,14.25,1.31,0.0
20080531:2310,0.0,0.0,0.0,0.0,13.63,1.17,0.0
20080601:0010,0.0,0.0,0.0,0.0,12.94,1.52,0.0
20080601:0110,0.0,0.0,0.0,0.0,12.0,1.59,0.0
20080601:0210,0.0,0.0,0.0,0.0,11.4,1.52,0.0
20080601:0310,0.0,0.0,0.0,0.0,11.01,1.72,0.0
20080601:0410,0.0,2.0,0.0,1.61,11.24,2.0,0.0
20080601:0510,0.0,11.0,0.0,10.43,11.96,2.07,0.0
20080601:0610,66.0,147.0,0.0,19.93,13.11,2.83,0.0
20080601:0710,71.0,229.0,0.0,29.78,13.61,2.34,0.0
20080601:0810,344.0,212.0,0.0,39.63,15.4,2.34,0.0
20080601:0910,257.0,332.0,0.0,49.0,17.51,2.62,0.0
20080601:1010,608.0,205.0,0.0,57.07,19.06,2.55,0.0
20080601:1110,465.0,321.0,0.0,62.38,20.28,2.48,0.0
20080601:1210,0.0,168.0,0.0,63.06,21.06,2.62,0.0
20080601:1310,83.0,417.0,0.0,58.8,21.37,2.76,0.0
20080601:1410,0.0,192.0,0.0,51.28,21.31,2.62,0.0
20080601:1510,353.0,230.0,0.0,42.15,21.45,2.41,0.0
20080601:1610,35.0,238.0,0.0,32.37,20.04,2.41,0.0
20080601:1710,6.0,138.0,0.0,22.48,18.85,1.86,0.0
20080601:1810,25.0,90.0,0.0,12.86,18.32,1.66,0.0
20080601:1910,1.0,16.81,0.0,3.83,18.57,1.38,0.0
20080601:2010,0.0,0.0,0.0,0.0,17.45,2.07,0.0
20080601:2110,0.0,0.0,0.0,0.0,16.48,1.93,0.0
20080601:2210,0.0,0.0,0.0,0.0,15.97,1.86,0.0
20080601:2310,0.0,0.0,0.0,0.0,15.48,2.0,0.0
20080602:0010,0.0,0.0,0.0,0.0,15.15,2.28,0.0
20080602:0110,0.0,0.0,0.0,0.0,15.16,2.41,0.0
20080602:0210,0.0,0.0,0.0,0.0,15.05,2.28,0.0
20080602:0310,0.0,0.0,0.0,0.0,14.73,1.86,0.0
20080602:0410,0.0,3.0,0.0,1.7,14.3,1.45,0.0
20080602:0510,0.0,11.0,0.0,10.51,14.2,1.1,0.0
20080602:0610,7.0,126.0,0.0,20.0,15.26,0.28,0.0
20080602:0710,3.0,169.0,0.0,29.85,16.53,0.14,0.0
20080602:0810,134.0,298.0,0.0,39.7,17.61,0.48,0.0
20080602:0910,195.0,352.0,0.0,49.08,17.9,0.69,0.0
20080602:1010,7.0,318.0,0.0,57.17,18.56,1.1,0.0
20080602:1110,11.0,354.0,0.0,62.5,19.38,1.59,0.0
20080602:1210,0.0,179.0,0.0,63.19,20.24,2.34,0.0
20080602:1310,90.0,417.0,0.0,58.94,20.23,2.28,0.0
20080602:1410,152.0,376.0,0.0,51.41,20.72,2.55,0.0
20080602:1510,452.0,172.0,0.0,42.27,21.39,3.24,0.0
20080602:1610,265.0,183.0,0.0,32.49,21.37,3.03,0.0
20080602:1710,2.0,124.0,0.0,22.6,21.16,2.62,0.0
20080602:1810,0.0,15.0,0.0,12.98,20.7,2.28,0.0
20080602:1910,0.0,7.0,0.0,3.96,18.91,2.14,0.0
20080602:2010,0.0,0.0,0.0,0.0,18.07,2.34,0.0
20080602:2110,0.0,0.0,0.0,0.0,17.2,2.55,0.0
20080602:2210,0.0,0.0,0.0,0.0,16.35,2.55,0.0
20080602:2310,0.0,0.0,0.0,0.0,15.88,2.69,0.0
20080603:0010,0.0,0.0,0.0,0.0,15.44,3.17,0.0
20080603:0110,0.0,0.0,0.0,0.0,15.08,3.38,0.0
20080603:0210,0.0,0.0,0.0,0.0,15.01,3.24,0.0
20080603:0310,0.0,0.0,0.0,0.0,15.19,3.03,0.0
20080603:0410,0.0,6.0,0.0,1.78,15.38,2.9,0.0
20080603:0510,0.0,41.0,0.0,10.58,15.41,2.83,0.0
20080603:0610,0.0,58.0,0.0,20.07,15.43,2.97,0.0
20080603:0710,11.0,196.0,0.0,29.91,15.48,2.83,0.0
20080603:0810,0.0,94.0,0.0,39.77,15.93,3.03,0.0
20080603:0910,1.0,249.0,0.0,49.15,16.7,3.38,0.0
20080603:1010,164.0,412.0,0.0,57.26,17.2,3.72,0.0
20080603:1110,55.0,421.0,0.0,62.61,17.77,4.07,0.0
20080603:1210,6.0,336.0,0.0,63.32,18.33,4.62,0.0
20080603:1310,0.0,110.0,0.0,59.07,18.07,5.24,0.0
20080603:1410,0.0,132.0,0.0,51.53,17.35,6.28,0.0
20080603:1510,0.0,134.0,0.0,42.39,16.5,6.21,0.0
20080603:1610,16.0,221.0,0.0,32.6,16.05,5.59,0.0
20080603:1710,7.0,144.0,0.0,22.72,15.76,5.31,0.0
20080603:1810,1.0,66.0,0.0,13.1,15.2,4.9,0.0
20080603:1910,1.0,18.8,0.0,4.08,14.16,4.0,0.0
20080603:2010,0.0,0.0,0.0,0.0,14.04,3.31,0.0
20080603:2110,0.0,0.0,0.0,0.0,13.95,2.69,0.0
20080603:2210,0.0,0.0,0.0,0.0,13.87,2.97,0.0
20080603:2310,0.0,0.0,0.0,0.0,13.76,2.69,0.0
20080604:0010,0.0,0.0,0.0,0.0,13.59,2.69,0.0
20080604:0110,0.0,0.0,0.0,0.0,13.38,2.76,0.0
20080604:0210,0.0,0.0,0.0,0.0,13.16,2.9,0.0
20080604:0310,0.0,0.0,0.0,0.0,12.89,2.97,0.0
20080604:0410,0.0,7.0,0.0,1.85,12.64,2.97,0.0
20080604:0510,0.0,36.0,0.0,10.64,12.46,2.69,0.0
20080604:0610,0.0,61.0,0.0,20.13,12.44,2.48,0.0
20080604:0710,1.0,157.0,0.0,29.97,12.58,3.17,0.0
20080604:0810,52.0,298.0,0.0,39.83,12.98,2.83,0.0
20080604:0910,84.0,367.0,0.0,49.22,13.44,2.55,0.0
20080604:1010,15.0,349.0,0.0,57.34,13.94,2.41,0.0
20080604:1110,112.0,441.0,0.0,62.72,14.39,1.86,0.0
20080604:1210,0.0,280.0,0.0,63.45,15.11,2.0,0.0
20080604:1310,8.0,333.0,0.0,59.19,15.39,1.66,0.0
20080604:1410,0.0,126.0,0.0,51.64,15.81,1.79,0.0
20080604:1510,0.0,201.0,0.0,42.5,16.1,2.0,0.0
20080604:1610,1.0,161.0,0.0,32.71,16.41,2.14,0.0
20080604:1710,7.0,143.0,0.0,22.83,16.46,1.72,0.0
20080604:1810,2.0,71.0,0.0,13.22,16.17,1.31,0.0
20080604:1910,0.0,3.0,0.0,4.2,15.72,1.03,0.0
20080604:2010,0.0,0.0,0.0,0.0,15.35,1.52,0.0
20080604:2110,0.0,0.0,0.0,0.0,14.86,2.07,0.0
20080604:2210,0.0,0.0,0.0,0.0,14.36,2.28,0.0
20080604:2310,0.0,0.0,0.0,0.0,13.85,2.21,0.0
20080605:0010,0.0,0.0,0.0,0.0,13.52,2.14,0.0
20080605:0110,0.0,0.0,0.0,0.0,13.27,1.93,0.0
20080605:0210,0.0,0.0,0.0,0.0,13.0,1.93,0.0
20080605:0310,0.0,0.0,0.0,0.0,12.72,2.0,0.0
20080605:0410,0.0,4.0,0.0,1.92,12.49,2.07,0.0
20080605:0510,4.0,61.0,0.0,10.7,12.45,2.0,0.0
20080605:0610,20.0,145.0,0.0,20.18,12.54,2.07,0.0
20080605:0710,13.0,203.0,0.0,30.02,12.55,1.93,0.0
20080605:0810,54.0,301.0,0.0,39.88,13.01,2.0,0.0
20080605:0910,139.0,369.0,0.0,49.28,13.93,2.21,0.0
20080605:1010,206.0,406.0,0.0,57.42,15.38,2.62,0.0
20080605:1110,285.0,410.0,0.0,62.82,16.59,3.17,0.0
20080605:1210,192.0,440.0,0.0,63.57,17.4,3.24,0.0
20080605:1310,14.0,356.0,0.0,59.31,17.79,3.17,0.0
20080605:1410,0.0,207.0,0.0,51.76,18.18,3.1,0.0
20080605:1510,1.0,219.0,0.0,42.61,18.36,3.1,0.0
20080605:1610,0.0,155.0,0.0,32.82,18.39,3.17,0.0
20080605:1710,7.0,147.0,0.0,22.94,18.16,2.9,0.0
20080605:1810,0.0,40.0,0.0,13.32,17.38,2.28,0.0
20080605:1910,0.0,8.0,0.0,4.31,16.13,1.1,0.0
20080605:2010,0.0,0.0,0.0,0.0,15.06,1.45,0.0
20080605:2110,0.0,0.0,0.0,0.0,14.45,1.79,0.0
20080605:2210,0.0,0.0,0.0,0.0,14.02,1.86,0.0
20080605:2310,0.0,0.0,0.0,0.0,13.47,2.28,0.0
20080606:0010,0.0,0.0,0.0,0.0,13.18,2.62,0.0
20080606:0110,0.0,0.0,0.0,0.0,12.71,2.83,0.0
20080606:0210,0.0,0.0,0.0,0.0,12.35,2.97,0.0
20080606:0310,0.0,0.0,0.0,0.0,11.87,3.1,0.0
20080606:0410,0.0,1.0,0.0,1.98,11.66,3.17,0.0
20080606:0510,0.0,18.0,0.0,10.76,11.6,3.24,0.0
20080606:0610,0.0,26.0,0.0,20.23,11.81,3.38,0.0
20080606:0710,3.0,173.0,0.0,30.07,12.47,4.07,0.0
20080606:0810,0.0,114.0,0.0,39.93,13.03,4.14,0.0
20080606:0910,0.0,220.0,0.0,49.34,13.27,4.0,0.0
20080606:1010,14.0,348.0,0.0,57.49,13.7,3.93,0.0
20080606:1110,123.0,444.0,0.0,62.91,14.29,3.93,0.0
20080606:1210,181.0,443.0,0.0,63.68,14.97,4.14,0.0
20080606:1310,41.0,398.0,0.0,59.42,15.65,4.28,0.0
20080606:1410,40.0,363.0,0.0,51.87,15.99,4.34,0.0
20080606:1510,19.0,288.0,0.0,42.71,16.15,4.34,0.0
20080606:1610,1.0,169.0,0.0,32.92,16.02,4.41,0.0
20080606:1710,0.0,60.0,0.0,23.04,15.59,4.14,0.0
20080606:1810,2.0,70.0,0.0,13.43,15.06,3.72,0.0
20080606:1910,2.0,22.55,0.0,4.42,14.25,3.03,0.0
20080606:2010,0.0,0.0,0.0,0.0,13.35,2.76,0.0
20080606:2110,0.0,0.0,0.0,0.0,12.59,2.83,0.0
20080606:2210,0.0,0.0,0.0,0.0,11.84,2.83,0.0
20080606:2310,0.0,0.0,0.0,0.0,11.22,2.9,0.0
20080607:0010,0.0,0.0,0.0,0.0,10.6,3.1,0.0
20080607:0110,0.0,0.0,0.0,0.0,10.11,3.1,0.0
20080607:0210,0.0,0.0,0.0,0.0,9.76,3.03,0.0
20080607:0310,0.0,0.0,0.0,0.0,9.59,3.03,0.0
20080607:0410,0.0,3.0,0.0,2.03,9.44,3.03,0.0
20080607:0510,0.0,45.0,0.0,10.8,9.95,3.1,0.0
20080607:0610,6.0,125.0,0.0,20.27,11.37,3.38,0.0
20080607:0710,161.0,211.0,0.0,30.11,12.64,4.28,0.0
20080607:0810,146.0,300.0,0.0,39.97,13.73,4.28,0.0
20080607:0910,65.0,364.0,0.0,49.39,14.53,4.0,0.0
20080607:1010,8.0,326.0,0.0,57.56,15.14,3.86,0.0
20080607:1110,53.0,421.0,0.0,63.0,15.87,3.93,0.0
20080607:1210,192.0,440.0,0.0,63.78,16.65,4.0,0.0
20080607:1310,0.0,105.0,0.0,59.53,16.96,3.93,0.0
20080607:1410,0.0,127.0,0.0,51.97,16.93,3.38,0.0
20080607:1510,0.0,139.0,0.0,42.81,17.16,3.17,0.0
20080607:1610,0.0,112.0,0.0,33.02,15.97,2.9,0.0
20080607:1710,0.0,101.0,0.0,23.14,15.11,2.97,0.0
20080607:1810,4.0,79.0,0.0,13.53,14.76,2.76,0.0
20080607:1910,0.0,14.0,0.0,4.52,14.65,2.55,0.0
20080607:2010,0.0,0.0,0.0,0.0,13.89,2.62,0.0
20080607:2110,0.0,0.0,0.0,0.0,13.3,2.83,0.0
20080607:2210,0.0,0.0,0.0,0.0,12.79,2.9,0.0
20080607:2310,0.0,0.0,0.0,0.0,12.26,2.9,0.0
20080608:0010,0.0,0.0,0.0,0.0,11.8,2.69,0.0
20080608:0110,0.0,0.0,0.0,0.0,10.92,2.55,0.0
20080608:0210,0.0,0.0,0.0,0.0,10.41,2.48,0.0
20080608:0310,0.0,0.0,0.0,0.0,9.87,2.34,0.0
20080608:0410,0.0,8.0,0.0,2.08,9.43,2.21,0.0
20080608:0510,45.0,72.0,0.0,10.85,9.67,2.07,0.0
20080608:0610,171.0,111.0,0.0,20.31,11.12,2.14,0.0
20080608:0710,264.0,164.0,0.0,30.14,12.94,2.07,0.0
20080608:0810,22.0,276.0,0.0,40.0,14.62,2.34,0.0
20080608:0910,5.0,279.0,0.0,49.43,16.47,2.83,0.0
20080608:1010,1.0,281.0,0.0,57.61,17.78,3.45,0.0
20080608:1110,0.0,265.0,0.0,63.08,18.65,3.66,0.0
20080608:1210,34.0,408.0,0.0,63.88,19.04,3.59,0.0
20080608:1310,0.0,260.0,0.0,59.63,19.45,3.45,0.0
20080608:1410,100.0,387.0,0.0,52.07,19.9,3.52,0.0
20080608:1510,314.0,259.0,0.0,42.91,20.12,3.45,0.0
20080608:1610,120.0,251.0,0.0,33.12,20.08,3.45,0.0
20080608:1710,128.0,160.0,0.0,23.24,20.03,3.38,0.0
20080608:1810,83.0,84.0,0.0,13.63,19.59,3.1,0.0
20080608:1910,7.0,25.23,0.0,4.62,18.15,2.9,0.0
20080608:2010,0.0,0.0,0.0,0.0,17.0,2.9,0.0
20080608:2110,0.0,0.0,0.0,0.0,16.14,3.03,0.0
20080608:2210,0.0,0.0,0.0,0.0,15.58,3.17,0.0
20080608:2310,0.0,0.0,0.0,0.0,15.21,3.38,0.0
20080609:0010,0.0,0.0,0.0,0.0,15.01,3.52,0.0
20080609:0110,0.0,0.0,0.0,0.0,14.72,3.52,0.0
20080609:0210,0.0,0.0,0.0,0.0,14.41,3.45,0.0
20080609:0310,0.0,0.0,0.0,0.0,14.02,3.31,0.0
20080609:0410,0.0,3.0,0.0,2.12,13.7,3.24,0.0
20080609:0510,0.0,43.0,0.0,10.88,13.79,3.17,0.0
20080609:0610,57.0,153.0,0.0,20.34,14.84,3.31,0.0
20080609:0710,302.0,144.0,0.0,30.17,15.55,4.21,0.0
20080609:0810,463.0,150.0,0.0,40.04,17.12,4.07,0.0
20080609:0910,612.0,147.0,0.0,49.47,18.91,3.52,0.0
20080609:1010,725.01,143.0,0.0,57.67,20.74,3.38,0.0
20080609:1110,769.01,151.0,0.0,63.15,22.45,3.59,0.0
20080609:1210,809.01,134.0,0.0,63.97,23.73,3.86,0.0
20080609:1310,583.0,242.0,0.0,59.73,24.5,4.0,0.0
20080609:1410,284.0,346.0,0.0,52.16,24.71,4.07,0.0
20080609:1510,541.0,133.0,0.0,43.0,24.36,4.07,0.0
20080609:1610,376.0,132.0,0.0,33.21,23.48,3.38,0.0
20080609:1710,209.0,122.0,0.0,23.33,22.9,3.24,0.0
20080609:1810,88.0,83.0,0.0,13.72,22.28,3.31,0.0
20080609:1910,6.0,25.51,0.0,4.71,21.26,3.38,0.0
20080609:2010,0.0,0.0,0.0,0.0,19.96,3.59,0.0
20080609:2110,0.0,0.0,0.0,0.0,18.87,3.59,0.0
20080609:2210,0.0,0.0,0.0,0.0,18.03,3.45,0.0
20080609:2310,0.0,0.0,0.0,0.0,17.27,3.31,0.0
20080610:0010,0.0,0.0,0.0,0.0,16.63,3.17,0.0
20080610:0110,0.0,0.0,0.0,0.0,15.99,3.1,0.0
20080610:0210,0.0,0.0,0.0,0.0,15.38,2.97,0.0
20080610:0310,0.0,0.0,0.0,0.0,14.81,2.9,0.0
20080610:0410,0.0,8.0,0.0,2.16,14.28,2.83,0.0
20080610:0510,0.0,22.0,0.0,10.91,14.43,2.69,0.0
20080610:0610,0.0,48.0,0.0,20.36,15.69,2.76,0.0
20080610:0710,321.0,133.0,0.0,30.19,17.43,3.24,0.0
20080610:0810,0.0,102.0,0.0,40.06,19.22,3.31,0.0
20080610:0910,0.0,0.0,0.0,0.0,21.02,3.31,0.0
20080610:1010,727.01,143.0,0.0,57.71,22.63,3.38,0.0
20080610:1110,0.0,150.0,0.0,63.22,23.92,3.45,0.0
20080610:1210,0.0,151.0,0.0,64.06,24.76,3.45,0.0
20080610:1310,693.01,176.0,0.0,59.82,24.88,3.38,0.0
20080610:1410,637.0,154.0,0.0,52.25,24.98,3.45,0.0
20080610:1510,0.0,109.0,0.0,43.09,24.8,3.52,0.0
20080610:1610,266.0,195.0,0.0,33.3,24.53,3.72,0.0
20080610:1710,223.0,116.0,0.0,23.41,23.96,3.66,0.0
20080610:1810,0.0,30.0,0.0,13.81,23.19,3.1,0.0
20080610:1910,14.0,24.47,0.0,4.8,21.62,2.76,0.0
20080610:2010,0.0,0.0,0.0,0.0,20.04,2.76,0.0
20080610:2110,0.0,0.0,0.0,0.0,19.05,3.1,0.0
20080610:2210,0.0,0.0,0.0,0.0,18.12,3.52,0.0
20080610:2310,0.0,0.0,0.0,0.0,17.21,3.72,0.0
20080611:0010,0.0,0.0,0.0,0.0,16.35,3.66,0.0
20080611:0110,0.0,0.0,0.0,0.0,15.38,3.38,0.0
20080611:0210,0.0,0.0,0.0,0.0,14.48,3.1,0.0
20080611:0310,0.0,0.0,0.0,0.0,13.69,2.9,0.0
20080611:0410,0.0,11.0,0.0,2.19,12.92,2.83,0.0
20080611:0510,83.0,59.0,0.0,10.94,12.91,2.76,0.0
20080611:0610,100.0,143.0,0.0,20.38,13.88,2.97,0.0
20080611:0710,193.0,200.0,0.0,30.21,15.59,3.38,0.0
20080611:0810,494.0,133.0,0.0,40.08,16.98,3.59,0.0
20080611:0910,392.0,276.0,0.0,49.53,18.15,3.93,0.0
20080611:1010,275.0,386.0,0.0,57.75,19.21,3.93,0.0
20080611:1110,508.0,307.0,0.0,63.28,19.79,4.0,0.0
20080611:1210,160.0,448.0,0.0,64.13,20.0,4.28,0.0
20080611:1310,620.0,221.0,0.0,59.9,20.63,4.55,0.0
20080611:1410,174.0,383.0,0.0,52.34,20.52,4.62,0.0
20080611:1510,258.0,288.0,0.0,43.17,20.33,4.9,0.0
20080611:1610,61.0,257.0,0.0,33.38,19.88,5.24,0.0
20080611:1710,0.0,98.0,0.0,23.5,19.09,5.38,0.0
20080611:1810,1.0,69.0,0.0,13.89,18.08,5.03,0.0
20080611:1910,0.0,14.0,0.0,4.89,16.96,4.07,0.0
20080611:2010,0.0,0.0,0.0,0.0,15.95,3.17,0.0
20080611:2110,0.0,0.0,0.0,0.0,14.93,2.34,0.0
20080611:2210,0.0,0.0,0.0,0.0,13.92,1.86,0.0
20080611:2310,0.0,0.0,0.0,0.0,12.86,1.66,0.0
20080612:0010,0.0,0.0,0.0,0.0,11.76,1.52,0.0
20080612:0110,0.0,0.0,0.0,0.0,10.89,1.72,0.0
20080612:0210,0.0,0.0,0.0,0.0,10.49,1.93,0.0
20080612:0310,0.0,0.0,0.0,0.0,10.44,2.0,0.0
20080612:0410,0.0,7.0,0.0,2.22,10.43,2.21,0.0
20080612:0510,2.0,58.0,0.0,10.96,11.32,2.28,0.0
20080612:0610,3.0,116.0,0.0,20.4,13.29,2.83,0.0
20080612:0710,27.0,219.0,0.0,30.23,14.29,3.45,0.0
20080612:0810,22.0,277.0,0.0,40.1,15.81,5.17,0.0
20080612:0910,0.0,216.0,0.0,49.55,15.69,5.24,0.0
20080612:1010,11.0,338.0,0.0,57.78,14.99,5.38,0.0
20080612:1110,0.0,104.0,0.0,63.33,15.43,5.1,0.0
20080612:1210,0.0,151.0,0.0,64.21,14.07,5.1,0.0
20080612:1310,436.0,325.0,0.0,59.98,14.11,4.34,0.0
20080612:1410,0.0,205.0,0.0,52.42,15.02,4.76,0.0
20080612:1510,190.0,314.0,0.0,43.25,16.09,5.66,0.0
20080612:1610,148.0,246.0,0.0,33.46,16.24,6.28,0.0
20080612:1710,229.0,114.0,0.0,23.58,15.59,6.07,0.0
20080612:1810,99.0,80.0,0.0,13.97,14.9,5.24,0.0
20080612:1910,3.0,25.32,0.0,4.97,13.56,3.93,0.0
20080612:2010,0.0,0.0,0.0,0.0,12.71,3.17,0.0
20080612:2110,0.0,0.0,0.0,0.0,11.75,2.55,0.0
20080612:2210,0.0,0.0,0.0,0.0,10.93,2.28,0.0
20080612:2310,0.0,0.0,0.0,0.0,10.12,2.28,0.0
20080613:0010,0.0,0.0,0.0,0.0,9.38,2.21,0.0
20080613:0110,0.0,0.0,0.0,0.0,8.69,2.07,0.0
20080613:0210,0.0,0.0,0.0,0.0,7.97,1.86,0.0
20080613:0310,0.0,0.0,0.0,0.0,7.21,1.79,0.0
20080613:0410,0.0,8.0,0.0,2.24,6.54,1.66,0.0
20080613:0510,6.0,69.0,0.0,10.97,7.32,1.17,0.0
20080613:0610,0.0,59.0,0.0,20.41,9.71,0.83,0.0
20080613:0710,96.0,236.0,0.0,30.23,11.76,1.86,0.0
20080613:0810,357.0,219.0,0.0,40.11,12.75,2.07,0.0
20080613:0910,554.0,191.0,0.0,49.56,13.72,2.07,0.0
20080613:1010,59.0,410.0,0.0,57.81,14.84,2.34,0.0
20080613:1110,108.0,451.0,0.0,63.37,15.55,2.34,0.0
20080613:1210,158.0,456.0,0.0,64.27,15.42,2.0,0.0
20080613:1310,140.0,437.0,0.0,60.06,15.73,2.07,0.0
20080613:1410,0.0,165.0,0.0,52.49,16.11,1.86,0.0
20080613:1510,89.0,335.0,0.0,43.33,16.03,1.45,0.0
20080613:1610,1.0,175.0,0.0,33.53,15.87,0.97,0.0
20080613:1710,0.0,71.0,0.0,23.65,15.84,0.41,0.0
20080613:1810,1.0,73.0,0.0,14.05,15.76,1.03,0.0
20080613:1910,21.0,23.77,0.0,5.05,14.64,0.69,0.0
20080613:2010,0.0,0.0,0.0,0.0,13.33,0.97,0.0
20080613:2110,0.0,0.0,0.0,0.0,11.96,1.66,0.0
20080613:2210,0.0,0.0,0.0,0.0,11.59,1.86,0.0
20080613:2310,0.0,0.0,0.0,0.0,11.33,1.59,0.0
20080614:0010,0.0,0.0,0.0,0.0,11.12,1.24,0.0
20080614:0110,0.0,0.0,0.0,0.0,11.09,1.31,0.0
20080614:0210,0.0,0.0,0.0,0.0,11.06,1.45,0.0
20080614:0310,0.0,0.0,0.0,0.0,10.93,1.59,0.0
20080614:0410,0.0,10.0,0.0,2.25,10.39,1.72,0.0
20080614:0510,2.0,59.0,0.0,10.98,10.26,1.45,0.0
20080614:0610,26.0,151.0,0.0,20.41,11.59,1.45,0.0
20080614:0710,175.0,211.0,0.0,30.24,12.83,1.59,0.0
20080614:0810,290.0,251.0,0.0,40.11,14.08,1.52,0.0
20080614:0910,143.0,374.0,0.0,49.57,15.04,1.66,0.0
20080614:1010,65.0,410.0,0.0,57.83,15.78,2.34,0.0
20080614:1110,54.0,428.0,0.0,63.41,16.51,3.03,0.0
20080614:1210,272.0,426.0,0.0,64.33,16.94,3.24,0.0
20080614:1310,0.0,274.0,0.0,60.13,17.52,3.31,0.0
20080614:1410,161.0,390.0,0.0,52.57,17.65,3.38,0.0
20080614:1510,467.0,184.0,0.0,43.4,17.32,3.31,0.0
20080614:1610,168.0,244.0,0.0,33.6,17.31,3.52,0.0
20080614:1710,149.0,158.0,0.0,23.72,16.9,3.45,0.0
20080614:1810,50.0,101.0,0.0,14.12,16.29,3.03,0.0
20080614:1910,21.0,23.84,0.0,5.12,15.47,2.0,0.0
20080614:2010,0.0,0.0,0.0,0.0,14.1,1.86,0.0
20080614:2110,0.0,0.0,0.0,0.0,13.24,1.72,0.0
20080614:2210,0.0,0.0,0.0,0.0,12.18,1.59,0.0
20080614:2310,0.0,0.0,0.0,0.0,11.49,1.59,0.0
20080615:0010,0.0,0.0,0.0,0.0,11.19,1.59,0.0
20080615:0110,0.0,0.0,0.0,0.0,10.93,1.59,0.0
20080615:0210,0.0,0.0,0.0,0.0,10.58,1.52,0.0
20080615:0310,0.0,0.0,0.0,0.0,10.37,1.38,0.0
20080615:0410,0.0,10.0,0.0,2.26,10.3,1.17,0.0
20080615:0510,0.0,25.0,0.0,10.98,10.57,0.83,0.0
20080615:0610,0.0,88.0,0.0,20.41,11.59,0.9,0.0
20080615:0710,0.0,112.0,0.0,30.24,12.68,0.83,0.0
20080615:0810,0.0,175.0,0.0,40.11,13.33,1.31,0.0
20080615:0910,8.0,298.0,0.0,49.57,14.17,1.72,0.0
20080615:1010,321.0,369.0,0.0,57.84,15.11,1.79,0.0
20080615:1110,36.0,410.0,0.0,63.45,15.56,1.79,0.0
20080615:1210,12.0,365.0,0.0,64.38,16.34,1.86,0.0
20080615:1310,110.0,432.0,0.0,60.19,16.73,2.0,0.0
20080615:1410,122.0,392.0,0.0,52.63,17.01,2.07,0.0
20080615:1510,328.0,258.0,0.0,43.46,17.01,2.07,0.0
20080615:1610,4.0,200.0,0.0,33.67,16.95,2.14,0.0
20080615:1710,0.0,63.0,0.0,23.79,16.72,2.14,0.0
20080615:1810,0.0,46.0,0.0,14.19,15.97,1.52,0.0
20080615:1910,0.0,11.0,0.0,5.18,14.25,1.17,0.0
20080615:2010,0.0,0.0,0.0,0.0,13.72,0.97,0.0
20080615:2110,0.0,0.0,0.0,0.0,13.0,1.03,0.0
20080615:2210,0.0,0.0,0.0,0.0,12.23,1.03,0.0
20080615:2310,0.0,0.0,0.0,0.0,11.46,0.97,0.0
20080616:0010,0.0,0.0,0.0,0.0,10.73,1.1,0.0
20080616:0110,0.0,0.0,0.0,0.0,9.79,1.38,0.0
20080616:0210,0.0,0.0,0.0,0.0,9.19,1.59,0.0
20080616:0310,0.0,0.0,0.0,0.0,8.75,1.59,0.0
20080616:0410,0.0,8.0,0.0,2.27,8.54,1.59,0.0
20080616:0510,47.0,73.0,0.0,10.98,9.03,1.31,0.0
20080616:0610,4.0,120.0,0.0,20.41,11.33,1.38,0.0
20080616:0710,3.0,174.0,0.0,30.23,13.06,1.66,0.0
20080616:0810,112.0,309.0,0.0,40.1,14.52,1.93,0.0
20080616:0910,353.0,296.0,0.0,49.57,15.74,1.93,0.0
20080616:1010,174.0,416.0,0.0,57.85,16.45,2.14,0.0
20080616:1110,321.0,400.0,0.0,63.47,17.18,2.28,0.0
20080616:1210,87.0,446.0,0.0,64.43,17.68,2.28,0.0
20080616:1310,8.0,339.0,0.0,60.24,18.15,2.34,0.0
20080616:1410,0.0,138.0,0.0,52.69,18.39,2.55,0.0
20080616:1510,40.0,316.0,0.0,43.52,18.64,2.76,0.0
20080616:1610,184.0,237.0,0.0,33.73,18.54,3.03,0.0
20080616:1710,0.0,98.0,0.0,23.85,17.33,2.97,0.0
20080616:1810,2.0,79.0,0.0,14.25,16.1,3.17,0.0
20080616:1910,0.0,5.0,0.0,5.24,16.4,3.31,0.0
20080616:2010,0.0,0.0,0.0,0.0,15.44,3.1,0.0
20080616:2110,0.0,0.0,0.0,0.0,14.53,3.03,0.0
20080616:2210,0.0,0.0,0.0,0.0,13.84,3.1,0.0
20080616:2310,0.0,0.0,0.0,0.0,13.14,3.17,0.0
20080617:0010,0.0,0.0,0.0,0.0,12.57,3.1,0.0
20080617:0110,0.0,0.0,0.0,0.0,11.78,2.97,0.0
20080617:0210,0.0,0.0,0.0,0.0,11.12,2.76,0.0
20080617:0310,0.0,0.0,0.0,0.0,10.49,2.55,0.0
20080617:0410,0.0,10.0,0.0,2.26,9.96,2.48,0.0
20080617:0510,55.0,71.0,0.0,10.97,10.1,2.21,0.0
20080617:0610,197.0,100.0,0.0,20.4,11.44,2.34,0.0
20080617:0710,372.0,110.0,0.0,30.22,13.41,2.41,0.0
20080617:0810,512.0,128.0,0.0,40.09,15.35,2.28,0.0
20080617:0910,642.0,137.0,0.0,49.56,17.23,2.21,0.0
20080617:1010,660.0,189.0,0.0,57.85,18.56,2.28,0.0
20080617:1110,623.01,249.0,0.0,63.49,19.04,1.86,0.0
20080617:1210,391.0,380.0,0.0,64.47,19.64,1.45,0.0
20080617:1310,226.0,421.0,0.0,60.3,20.23,1.31,0.0
20080617:1410,168.0,391.0,0.0,52.75,20.74,1.59,0.0
20080617:1510,472.0,184.0,0.0,43.58,20.64,1.86,0.0
20080617:1610,379.0,141.0,0.0,33.79,20.53,2.14,0.0
20080617:1710,286.0,92.0,0.0,23.91,20.22,2.07,0.0
20080617:1810,104.0,83.0,0.0,14.3,19.77,1.45,0.0
20080617:1910,15.0,28.07,0.0,5.3,19.62,0.28,0.0
20080617:2010,0.0,0.0,0.0,0.0,18.59,0.48,0.0
20080617:2110,0.0,0.0,0.0,0.0,16.12,0.97,0.0
20080617:2210,0.0,0.0,0.0,0.0,13.82,2.14,0.0
20080617:2310,0.0,0.0,0.0,0.0,13.57,2.69,0.0
20080618:0010,0.0,0.0,0.0,0.0,13.2,2.55,0.0
20080618:0110,0.0,0.0,0.0,0.0,12.63,2.28,0.0
20080618:0210,0.0,0.0,0.0,0.0,12.14,2.07,0.0
20080618:0310,0.0,0.0,0.0,0.0,12.04,1.66,0.0
20080618:0410,0.0,9.0,0.0,2.25,10.94,1.38,0.0
20080618:0510,38.0,75.0,0.0,10.96,11.45,0.9,0.0
20080618:0610,97.0,145.0,0.0,20.38,13.29,0.76,0.0
20080618:0710,233.0,183.0,0.0,30.2,14.75,0.76,0.0
20080618:0810,365.0,210.0,0.0,40.07,16.31,1.17,0.0
20080618:0910,579.0,170.0,0.0,49.55,17.59,1.93,0.0
20080618:1010,716.01,152.0,0.0,57.85,18.96,3.24,0.0
20080618:1110,733.01,178.0,0.0,63.5,19.52,4.28,0.0
20080618:1210,790.01,150.0,0.0,64.5,20.18,4.69,0.0
20080618:1310,583.0,250.0,0.0,60.34,20.37,4.9,0.0
20080618:1410,284.0,353.0,0.0,52.8,20.38,5.24,0.0
20080618:1510,362.0,244.0,0.0,43.63,20.31,5.59,0.0
20080618:1610,122.0,259.0,0.0,33.84,19.86,5.38,0.0
20080618:1710,41.0,183.0,0.0,23.96,19.26,5.17,0.0
20080618:1810,20.0,102.0,0.0,14.35,18.42,4.28,0.0
20080618:1910,0.0,7.0,0.0,5.35,17.63,3.52,0.0
20080618:2010,0.0,0.0,0.0,0.0,16.58,3.1,0.0
20080618:2110,0.0,0.0,0.0,0.0,15.74,2.97,0.0
20080618:2210,0.0,0.0,0.0,0.0,14.84,2.97,0.0
20080618:2310,0.0,0.0,0.0,0.0,14.29,2.83,0.0
20080619:0010,0.0,0.0,0.0,0.0,13.44,2.9,0.0
20080619:0110,0.0,0.0,0.0,0.0,12.77,2.83,0.0
20080619:0210,0.0,0.0,0.0,0.0,12.25,3.1,0.0
20080619:0310,0.0,0.0,0.0,0.0,12.19,3.24,0.0
20080619:0410,0.0,10.0,0.0,2.24,12.22,3.59,0.0
20080619:0510,0.0,44.0,0.0,10.94,12.43,4.0,0.0
20080619:0610,3.0,116.0,0.0,20.36,13.35,3.93,0.0
20080619:0710,1.0,155.0,0.0,30.18,14.52,5.24,0.0
20080619:0810,13.0,260.0,0.0,40.05,15.77,5.72,0.0
20080619:0910,42.0,350.0,0.0,49.53,17.23,6.21,0.0
20080619:1010,0.0,234.0,0.0,57.84,18.85,7.24,0.0
20080619:1110,131.0,444.0,0.0,63.51,19.67,6.83,0.0
20080619:1210,0.0,107.0,0.0,64.52,19.91,6.9,0.0
20080619:1310,20.0,370.0,0.0,60.38,20.3,6.69,0.0
20080619:1410,0.0,196.0,0.0,52.84,20.67,6.55,0.0
20080619:1510,18.0,290.0,0.0,43.68,21.18,6.48,0.0
20080619:1610,0.0,97.0,0.0,33.89,21.09,6.14,0.0
20080619:1710,2.0,133.0,0.0,24.01,19.88,4.69,0.0
20080619:1810,48.0,102.0,0.0,14.4,19.41,3.66,0.0
20080619:1910,1.0,22.81,0.0,5.39,17.62,3.45,0.0
20080619:2010,0.0,0.0,0.0,0.0,16.93,3.17,0.0
20080619:2110,0.0,0.0,0.0,0.0,16.62,2.62,0.0
20080619:2210,0.0,0.0,0.0,0.0,16.38,1.86,0.0
20080619:2310,0.0,0.0,0.0,0.0,16.0,1.52,0.0
20080620:0010,0.0,0.0,0.0,0.0,15.72,1.45,0.0
20080620:0110,0.0,0.0,0.0,0.0,15.09,1.52,0.0
20080620:0210,0.0,0.0,0.0,0.0,14.75,1.31,0.0
20080620:0310,0.0,0.0,0.0,0.0,14.34,1.38,0.0
20080620:0410,0.0,6.0,0.0,2.22,13.71,1.52,0.0
20080620:0510,0.0,35.0,0.0,10.92,13.73,1.24,0.0
20080620:0610,4.0,120.0,0.0,20.34,14.77,1.24,0.0
20080620:0710,50.0,228.0,0.0,30.15,16.3,0.83,0.0
20080620:0810,49.0,296.0,0.0,40.03,17.65,1.93,0.0
20080620:0910,90.0,367.0,0.0,49.51,18.85,2.83,0.0
20080620:1010,0.0,188.0,0.0,57.83,19.86,3.31,0.0
20080620:1110,64.0,428.0,0.0,63.51,20.48,3.52,0.0
20080620:1210,0.0,251.0,0.0,64.54,20.71,3.93,0.0
20080620:1310,0.0,255.0,0.0,60.41,20.72,3.86,0.0
20080620:1410,268.0,352.0,0.0,52.88,20.92,3.79,0.0
20080620:1510,59.0,324.0,0.0,43.72,21.17,3.52,0.0
20080620:1610,40.0,251.0,0.0,33.93,21.36,3.31,0.0
20080620:1710,5.0,146.0,0.0,24.05,21.12,2.69,0.0
20080620:1810,32.0,103.0,0.0,14.44,20.91,2.0,0.0
20080620:1910,7.0,29.27,0.0,5.43,19.9,1.66,0.0
20080620:2010,0.0,0.0,0.0,0.0,18.54,1.66,0.0
20080620:2110,0.0,0.0,0.0,0.0,17.07,1.79,0.0
20080620:2210,0.0,0.0,0.0,0.0,15.96,1.93,0.0
20080620:2310,0.0,0.0,0.0,0.0,15.37,2.0,0.0
20080621:0010,0.0,0.0,0.0,0.0,15.01,2.07,0.0
20080621:0110,0.0,0.0,0.0,0.0,14.5,2.07,0.0
20080621:0210,0.0,0.0,0.0,0.0,13.97,2.0,0.0
20080621:0310,0.0,0.0,0.0,0.0,13.44,1.86,0.0
20080621:0410,0.0,8.0,0.0,2.2,12.83,1.59,0.0
20080621:0510,49.0,70.0,0.0,10.89,13.3,0.97,0.0
20080621:0610,185.0,100.0,0.0,20.3,15.85,0.62,0.0
20080621:0710,345.0,115.0,0.0,30.12,18.4,0.34,0.0
20080621:0810,485.0,132.0,0.0,40.0,20.2,1.17,0.0
20080621:0910,214.0,347.0,0.0,49.48,21.73,2.48,0.0
20080621:1010,209.0,401.0,0.0,57.8,22.76,3.03,0.0
20080621:1110,363.0,373.0,0.0,63.5,23.69,3.1,0.0
20080621:1210,452.0,335.0,0.0,64.55,24.67,3.1,0.0
20080621:1310,746.01,141.0,0.0,60.44,25.36,3.03,0.0
20080621:1410,349.0,315.0,0.0,52.91,25.84,3.1,0.0
20080621:1510,580.0,113.0,0.0,43.76,26.21,3.1,0.0
20080621:1610,408.0,119.0,0.0,33.97,26.32,3.17,0.0
20080621:1710,254.0,103.0,0.0,24.09,26.13,3.1,0.0
20080621:1810,124.0,73.0,0.0,14.48,25.55,2.21,0.0
20080621:1910,10.0,29.46,0.0,5.47,23.97,1.52,0.0
20080621:2010,0.0,0.0,0.0,0.0,21.82,1.45,0.0
20080621:2110,0.0,0.0,0.0,0.0,20.21,1.38,0.0
20080621:2210,0.0,0.0,0.0,0.0,18.97,1.45,0.0
20080621:2310,0.0,0.0,0.0,0.0,17.71,1.66,0.0
20080622:0010,0.0,0.0,0.0,0.0,16.89,1.86,0.0
20080622:0110,0.0,0.0,0.0,0.0,16.57,2.07,0.0
20080622:0210,0.0,0.0,0.0,0.0,16.44,2.28,0.0
20080622:0310,0.0,0.0,0.0,0.0,16.68,2.41,0.0
20080622:0410,0.0,3.0,0.0,2.16,16.94,2.62,0.0
20080622:0510,0.0,12.0,0.0,10.86,17.79,2.62,0.0
20080622:0610,0.0,25.0,0.0,20.27,19.83,2.69,0.0
20080622:0710,0.0,63.0,0.0,30.08,21.81,3.24,0.0
20080622:0810,400.0,176.0,0.0,39.96,22.58,3.24,0.0
20080622:0910,594.0,146.0,0.0,49.45,24.39,4.55,0.0
20080622:1010,398.0,319.0,0.0,57.78,25.17,5.03,0.0
20080622:1110,158.0,435.0,0.0,63.48,25.1,5.1,0.0
20080622:1210,379.0,367.0,0.0,64.55,25.24,5.24,0.0
20080622:1310,423.0,323.0,0.0,60.46,25.79,5.31,0.0
20080622:1410,94.0,383.0,0.0,52.94,26.09,5.45,0.0
20080622:1510,210.0,303.0,0.0,43.79,25.71,4.9,0.0
20080622:1610,305.0,172.0,0.0,34.0,26.07,4.97,0.0
20080622:1710,238.0,109.0,0.0,24.12,25.68,4.55,0.0
20080622:1810,109.0,78.0,0.0,14.51,25.15,3.79,0.0
20080622:1910,18.0,27.45,0.0,5.5,23.61,3.66,0.0
20080622:2010,0.0,0.0,0.0,0.0,21.83,3.79,0.0
20080622:2110,0.0,0.0,0.0,0.0,19.54,4.34,0.0
20080622:2210,0.0,0.0,0.0,0.0,17.38,3.93,0.0
20080622:2310,0.0,0.0,0.0,0.0,16.05,3.38,0.0
20080623:0010,0.0,0.0,0.0,0.0,15.11,2.97,0.0
20080623:0110,0.0,0.0,0.0,0.0,14.12,2.62,0.0
20080623:0210,0.0,0.0,0.0,0.0,13.3,2.21,0.0
20080623:0310,0.0,0.0,0.0,0.0,12.54,1.86,0.0
20080623:0410,0.0,8.0,0.0,2.13,11.69,1.66,0.0
20080623:0510,40.0,72.0,0.0,10.82,11.48,1.31,0.0
20080623:0610,214.0,87.0,0.0,20.23,13.18,1.66,0.0
20080623:0710,330.0,123.0,0.0,30.04,14.05,2.07,0.0
20080623:0810,16.0,266.0,0.0,39.92,15.25,1.93,0.0
20080623:0910,0.0,107.0,0.0,49.41,16.49,1.72,0.0
20080623:1010,716.01,144.0,0.0,57.74,17.81,1.59,0.0
20080623:1110,752.01,157.0,0.0,63.46,19.02,1.72,0.0
20080623:1210,782.01,146.0,0.0,64.55,19.9,1.72,0.0
20080623:1310,39.0,397.0,0.0,60.47,20.71,1.52,0.0
20080623:1410,30.0,356.0,0.0,52.97,21.14,1.52,0.0
20080623:1510,12.0,279.0,0.0,43.82,21.33,1.59,0.0
20080623:1610,93.0,261.0,0.0,34.03,21.25,1.72,0.0
20080623:1710,0.0,49.0,0.0,24.15,21.14,1.72,0.0
20080623:1810,44.0,103.0,0.0,14.54,20.14,2.0,0.0
20080623:1910,16.0,28.85,0.0,5.52,19.55,2.28,0.0
20080623:2010,0.0,0.0,0.0,0.0,18.47,2.07,0.0
20080623:2110,0.0,0.0,0.0,0.0,17.62,2.21,0.0
20080623:2210,0.0,0.0,0.0,0.0,16.94,2.28,0.0
20080623:2310,0.0,0.0,0.0,0.0,16.21,2.34,0.0
20080624:0010,0.0,0.0,0.0,0.0,15.8,2.41,0.0
20080624:0110,0.0,0.0,0.0,0.0,15.36,2.48,0.0
20080624:0210,0.0,0.0,0.0,0.0,14.89,2.48,0.0
20080624:0310,0.0,0.0,0.0,0.0,14.51,2.48,0.0
20080624:0410,0.0,6.0,0.0,2.09,14.17,2.62,0.0
20080624:0510,31.0,73.0,0.0,10.77,14.28,2.55,0.0
20080624:0610,124.0,127.0,0.0,20.18,15.48,2.62,0.0
20080624:0710,315.0,127.0,0.0,30.0,17.4,2.48,0.0
20080624:0810,381.0,187.0,0.0,39.87,19.31,2.55,0.0
20080624:0910,247.0,332.0,0.0,49.37,21.12,2.48,0.0
20080624:1010,673.0,160.0,0.0,57.7,22.66,2.41,0.0
20080624:1110,524.0,287.0,0.0,63.43,24.07,2.07,0.0
20080624:1210,684.01,197.0,0.0,64.54,25.26,1.72,0.0
20080624:1310,730.01,146.0,0.0,60.48,26.53,1.24,0.0
20080624:1410,150.0,383.0,0.0,52.98,26.91,1.31,0.0
20080624:1510,332.0,250.0,0.0,43.84,27.13,1.31,0.0
20080624:1610,225.0,215.0,0.0,34.06,27.01,1.59,0.0
20080624:1710,71.0,180.0,0.0,24.17,26.7,1.52,0.0
20080624:1810,15.0,99.0,0.0,14.56,26.3,1.24,0.0
20080624:1910,0.0,20.0,0.0,5.54,23.03,1.45,0.0
20080624:2010,0.0,0.0,0.0,0.0,21.26,1.31,0.0
20080624:2110,0.0,0.0,0.0,0.0,20.65,1.52,0.0
20080624:2210,0.0,0.0,0.0,0.0,19.91,1.79,0.0
20080624:2310,0.0,0.0,0.0,0.0,19.67,2.07,0.0
20080625:0010,0.0,0.0,0.0,0.0,19.44,2.28,0.0
20080625:0110,0.0,0.0,0.0,0.0,19.28,2.34,0.0
20080625:0210,0.0,0.0,0.0,0.0,19.1,2.48,0.0
20080625:0310,0.0,0.0,0.0,0.0,18.87,2.62,0.0
20080625:0410,0.0,5.0,0.0,2.04,18.38,2.76,0.0
20080625:0510,2.0,54.0,0.0,10.73,18.2,2.76,0.0
20080625:0610,60.0,148.0,0.0,20.13,18.61,2.9,0.0
20080625:0710,290.0,143.0,0.0,29.95,18.2,4.21,0.0
20080625:0810,464.0,140.0,0.0,39.82,18.84,4.21,0.0
20080625:0910,611.0,140.0,0.0,49.32,20.18,4.14,0.0
20080625:1010,699.01,149.0,0.0,57.66,21.44,4.21,0.0
20080625:1110,160.0,439.0,0.0,63.4,22.49,4.48,0.0
20080625:1210,1.0,290.0,0.0,64.53,23.17,4.69,0.0
20080625:1310,264.0,398.0,0.0,60.48,23.79,4.97,0.0
20080625:1410,124.0,388.0,0.0,53.0,23.84,4.83,0.0
20080625:1510,204.0,309.0,0.0,43.86,23.94,4.69,0.0
20080625:1610,271.0,195.0,0.0,34.08,23.69,4.41,0.0
20080625:1710,182.0,142.0,0.0,24.19,23.37,4.07,0.0
20080625:1810,121.0,75.0,0.0,14.58,22.65,3.17,0.0
20080625:1910,7.0,31.19,0.0,5.55,21.68,2.07,0.0
20080625:2010,0.0,0.0,0.0,0.0,20.1,2.55,0.0
20080625:2110,0.0,0.0,0.0,0.0,18.57,3.1,0.0
20080625:2210,0.0,0.0,0.0,0.0,17.44,3.17,0.0
20080625:2310,0.0,0.0,0.0,0.0,16.47,2.76,0.0
20080626:0010,0.0,0.0,0.0,0.0,15.61,2.28,0.0
20080626:0110,0.0,0.0,0.0,0.0,14.81,2.0,0.0
20080626:0210,0.0,0.0,0.0,0.0,14.03,1.79,0.0
20080626:0310,0.0,0.0,0.0,0.0,13.3,1.66,0.0
20080626:0410,0.0,3.0,0.0,1.99,12.5,1.66,0.0
20080626:0510,15.0,72.0,0.0,10.67,12.99,1.38,0.0
20080626:0610,46.0,151.0,0.0,20.08,15.03,1.52,0.0
20080626:0710,183.0,203.0,0.0,29.89,15.96,1.86,0.0
20080626:0810,215.0,279.0,0.0,39.77,17.02,1.79,0.0
20080626:0910,614.0,146.0,0.0,49.27,17.97,1.72,0.0
20080626:1010,676.01,173.0,0.0,57.61,19.05,1.52,0.0
20080626:1110,716.01,186.0,0.0,63.36,19.97,1.31,0.0
20080626:1210,256.0,430.0,0.0,64.5,20.87,0.9,0.0
20080626:1310,237.0,416.0,0.0,60.48,21.78,0.55,0.0
20080626:1410,128.0,394.0,0.0,53.0,22.13,1.17,0.0
20080626:1510,165.0,327.0,0.0,43.87,22.51,1.52,0.0
20080626:1610,294.0,190.0,0.0,34.09,22.78,1.59,0.0
20080626:1710,203.0,136.0,0.0,24.2,22.74,1.38,0.0
20080626:1810,111.0,82.0,0.0,14.59,22.4,1.24,0.0
20080626:1910,27.0,25.25,0.0,5.56,21.3,0.83,0.0
20080626:2010,0.0,0.0,0.0,0.0,21.0,0.55,0.0
20080626:2110,0.0,0.0,0.0,0.0,18.89,0.97,0.0
20080626:2210,0.0,0.0,0.0,0.0,17.46,2.48,0.0
20080626:2310,0.0,0.0,0.0,0.0,16.61,3.17,0.0
20080627:0010,0.0,0.0,0.0,0.0,15.49,2.76,0.0
20080627:0110,0.0,0.0,0.0,0.0,14.62,2.48,0.0
20080627:0210,0.0,0.0,0.0,0.0,13.86,2.69,0.0
20080627:0310,0.0,0.0,0.0,0.0,13.22,2.83,0.0
20080627:0410,0.0,6.0,0.0,1.93,12.65,2.76,0.0
20080627:0510,59.0,64.0,0.0,10.61,12.81,2.69,0.0
20080627:0610,186.0,97.0,0.0,20.02,14.03,2.9,0.0
20080627:0710,348.0,112.0,0.0,29.83,15.6,3.59,0.0
20080627:0810,465.0,140.0,0.0,39.71,17.45,4.07,0.0
20080627:0910,326.0,300.0,0.0,49.21,18.76,4.07,0.0
20080627:1010,144.0,412.0,0.0,57.55,19.43,4.14,0.0
20080627:1110,88.0,436.0,0.0,63.31,20.05,4.21,0.0
20080627:1210,71.0,435.0,0.0,64.47,20.42,4.21,0.0
20080627:1310,6.0,328.0,0.0,60.46,20.71,4.14,0.0
20080627:1410,6.0,300.0,0.0,53.0,20.57,4.0,0.0
20080627:1510,137.0,329.0,0.0,43.88,20.73,4.21,0.0
20080627:1610,296.0,183.0,0.0,34.1,20.83,4.21,0.0
20080627:1710,240.0,112.0,0.0,24.21,20.87,3.79,0.0
20080627:1810,117.0,77.0,0.0,14.59,20.94,3.24,0.0
20080627:1910,19.0,28.1,0.0,5.56,19.83,1.86,0.0
20080627:2010,0.0,0.0,0.0,0.0,18.62,1.86,0.0
20080627:2110,0.0,0.0,0.0,0.0,17.37,2.14,0.0
20080627:2210,0.0,0.0,0.0,0.0,16.63,2.28,0.0
20080627:2310,0.0,0.0,0.0,0.0,16.29,2.41,0.0
20080628:0010,0.0,0.0,0.0,0.0,16.18,2.62,0.0
20080628:0110,0.0,0.0,0.0,0.0,16.03,2.9,0.0
20080628:0210,0.0,0.0,0.0,0.0,15.85,2.83,0.0
20080628:0310,0.0,0.0,0.0,0.0,15.38,2.55,0.0
20080628:0410,0.0,1.0,0.0,1.87,15.1,2.34,0.0
20080628:0510,2.0,57.0,0.0,10.55,15.31,2.28,0.0
20080628:0610,91.0,140.0,0.0,19.96,16.12,2.34,0.0
20080628:0710,57.0,227.0,0.0,29.77,17.68,2.97,0.0
20080628:0810,142.0,296.0,0.0,39.65,18.65,2.9,0.0
20080628:0910,73.0,362.0,0.0,49.15,20.0,3.1,0.0
20080628:1010,18.0,353.0,0.0,57.49,21.2,3.38,0.0
20080628:1110,0.0,273.0,0.0,63.26,22.09,3.45,0.0
20080628:1210,0.0,236.0,0.0,64.43,22.66,3.31,0.0
20080628:1310,53.0,409.0,0.0,60.45,23.36,3.59,0.0
20080628:1410,18.0,334.0,0.0,53.0,23.96,3.72,0.0
20080628:1510,368.0,235.0,0.0,43.88,24.13,4.21,0.0
20080628:1610,366.0,143.0,0.0,34.1,24.15,4.14,0.0
20080628:1710,115.0,171.0,0.0,24.22,23.49,3.59,0.0
20080628:1810,110.0,80.0,0.0,14.59,22.97,3.17,0.0
20080628:1910,12.0,30.81,0.0,5.55,21.62,2.48,0.0
20080628:2010,0.0,0.0,0.0,0.0,20.44,2.21,0.0
20080628:2110,0.0,0.0,0.0,0.0,19.54,1.93,0.0
20080628:2210,0.0,0.0,0.0,0.0,18.74,1.79,0.0
20080628:2310,0.0,0.0,0.0,0.0,17.67,1.66,0.0
20080629:0010,0.0,0.0,0.0,0.0,16.85,1.45,0.0
20080629:0110,0.0,0.0,0.0,0.0,16.3,1.24,0.0
20080629:0210,0.0,0.0,0.0,0.0,15.93,1.17,0.0
20080629:0310,0.0,0.0,0.0,0.0,15.76,1.17,0.0
20080629:0410,0.0,7.0,0.0,1.8,15.62,1.24,0.0
20080629:0510,3.0,59.0,0.0,10.48,16.19,0.97,0.0
20080629:0610,93.0,138.0,0.0,19.89,17.59,1.1,0.0
20080629:0710,12.0,196.0,0.0,29.7,17.6,1.52,0.0
20080629:0810,11.0,251.0,0.0,39.58,18.36,1.59,0.0
20080629:0910,42.0,345.0,0.0,49.08,19.49,1.24,0.0
20080629:1010,27.0,369.0,0.0,57.43,20.36,0.83,0.0
20080629:1110,171.0,437.0,0.0,63.2,21.3,1.66,0.0
20080629:1210,325.0,395.0,0.0,64.39,21.87,2.14,0.0
20080629:1310,244.0,405.0,0.0,60.42,22.55,2.34,0.0
20080629:1410,255.0,357.0,0.0,52.99,23.22,2.55,0.0
20080629:1510,344.0,247.0,0.0,43.88,23.26,2.62,0.0
20080629:1610,204.0,227.0,0.0,34.1,23.44,2.9,0.0
20080629:1710,187.0,140.0,0.0,24.21,23.13,2.41,0.0
20080629:1810,25.0,103.0,0.0,14.59,22.78,1.86,0.0
20080629:1910,21.0,27.57,0.0,5.54,21.21,2.76,0.0
20080629:2010,0.0,0.0,0.0,0.0,20.38,2.69,0.0
20080629:2110,0.0,0.0,0.0,0.0,19.6,2.76,0.0
20080629:2210,0.0,0.0,0.0,0.0,18.68,2.55,0.0
20080629:2310,0.0,0.0,0.0,0.0,17.95,2.21,0.0
20080630:0010,0.0,0.0,0.0,0.0,17.24,2.07,0.0
20080630:0110,0.0,0.0,0.0,0.0,16.25,2.21,0.0
20080630:0210,0.0,0.0,0.0,0.0,15.28,2.14,0.0
20080630:0310,0.0,0.0,0.0,0.0,14.43,1.86,0.0
20080630:0410,0.0,2.0,0.0,1.73,13.65,1.66,0.0
20080630:0510,10.0,68.0,0.0,10.41,13.36,1.31,0.0
20080630:0610,29.0,146.0,0.0,19.82,14.83,1.52,0.0
20080630:0710,338.0,118.0,0.0,29.63,15.84,2.14,0.0
20080630:0810,475.0,138.0,0.0,39.51,17.21,1.93,0.0
20080630:0910,591.0,156.0,0.0,49.01,18.57,1.79,0.0
20080630:1010,482.0,285.0,0.0,57.36,19.81,1.59,0.0
20080630:1110,304.0,406.0,0.0,63.13,20.91,1.24,0.0
20080630:1210,658.01,227.0,0.0,64.34,21.66,1.17,0.0
20080630:1310,727.01,159.0,0.0,60.39,22.5,1.1,0.0
20080630:1410,430.0,283.0,0.0,52.97,23.09,0.97,0.0
20080630:1510,580.0,121.0,0.0,43.87,23.41,0.76,0.0
20080630:1610,404.0,127.0,0.0,34.09,23.52,0.69,0.0
20080630:1710,257.0,107.0,0.0,24.21,23.4,0.97,0.0
20080630:1810,129.0,74.0,0.0,14.58,23.01,1.24,0.0
20080630:1910,22.0,26.47,0.0,5.53,21.93,1.59,0.0
20080630:2010,0.0,0.0,0.0,0.0,20.08,2.21,0.0
20080630:2110,0.0,0.0,0.0,0.0,18.43,2.41,0.0
20080630:2210,0.0,0.0,0.0,0.0,17.23,2.34,0.0
20080630:2310,0.0,0.0,0.0,0.0,16.22,2.28,0.0
20080701:0010,0.0,0.0,0.0,0.0,15.31,2.21,0.0
20080701:0110,0.0,0.0,0.0,0.0,14.46,2.14,0.0
20080701:0210,0.0,0.0,0.0,0.0,13.71,2.14,0.0
20080701:0310,0.0,0.0,0.0,0.0,13.13,2.21,0.0
20080701:0410,0.0,4.0,0.0,1.65,12.75,2.28,0.0
20080701:0510,67.0,59.0,0.0,10.34,13.15,2.14,0.0
20080701:0610,197.0,91.0,0.0,19.74,15.7,2.21,0.0
20080701:0710,351.0,111.0,0.0,29.56,18.32,2.83,0.0
20080701:0810,507.0,121.0,0.0,39.43,20.63,2.97,0.0
20080701:0910,676.0,109.0,0.0,48.93,22.68,3.17,0.0
20080701:1010,742.01,132.0,0.0,57.28,24.36,3.17,0.0
20080701:1110,853.01,105.0,0.0,63.06,25.73,3.1,0.0
20080701:1210,835.01,122.0,0.0,64.28,26.83,3.1,0.0
20080701:1310,796.01,121.0,0.0,60.35,27.71,3.31,0.0
20080701:1410,701.0,125.0,0.0,52.95,28.27,3.45,0.0
20080701:1510,608.0,105.0,0.0,43.85,28.59,3.45,0.0
20080701:1610,421.0,117.0,0.0,34.08,28.64,3.45,0.0
20080701:1710,262.0,103.0,0.0,24.19,28.42,3.52,0.0
20080701:1810,115.0,79.0,0.0,14.56,27.81,3.1,0.0
20080701:1910,22.0,26.45,0.0,5.51,26.46,3.1,0.0
20080701:2010,0.0,0.0,0.0,0.0,24.71,3.31,0.0
20080701:2110,0.0,0.0,0.0,0.0,23.67,2.69,0.0
20080701:2210,0.0,0.0,0.0,0.0,22.74,2.0,0.0
20080701:2310,0.0,0.0,0.0,0.0,21.38,1.93,0.0
20080702:0010,0.0,0.0,0.0,0.0,20.44,2.21,0.0
20080702:0110,0.0,0.0,0.0,0.0,19.72,1.93,0.0
20080702:0210,0.0,0.0,0.0,0.0,19.07,2.07,0.0
20080702:0310,0.0,0.0,0.0,0.0,18.59,2.21,0.0
20080702:0410,0.0,4.0,0.0,1.57,18.13,2.21,0.0
20080702:0510,0.0,14.0,0.0,10.25,18.13,1.79,0.0
20080702:0610,0.0,34.0,0.0,19.66,19.11,1.86,0.0
20080702:0710,36.0,216.0,0.0,29.48,20.28,2.21,0.0
20080702:0810,6.0,231.0,0.0,39.35,21.43,1.1,0.0
20080702:0910,210.0,340.0,0.0,48.85,22.42,0.55,0.0
20080702:1010,0.0,154.0,0.0,57.2,22.31,2.14,0.0
20080702:1110,0.0,142.0,0.0,62.98,21.52,2.28,0.0
20080702:1210,0.0,113.0,0.0,64.22,21.56,2.83,0.0
20080702:1310,0.0,124.0,0.0,60.31,21.47,3.03,0.0
20080702:1410,0.0,112.0,0.0,52.92,21.24,3.31,0.0
20080702:1510,0.0,147.0,0.0,43.83,20.73,3.79,0.0
20080702:1610,0.0,46.0,0.0,34.06,20.19,3.86,0.0
20080702:1710,0.0,31.0,0.0,24.18,20.2,2.97,0.0
20080702:1810,0.0,24.0,0.0,14.54,20.01,1.52,0.0
20080702:1910,0.0,7.0,0.0,5.48,19.92,2.07,0.0
20080702:2010,0.0,0.0,0.0,0.0,19.23,2.21,0.0
20080702:2110,0.0,0.0,0.0,0.0,18.5,2.48,0.0
20080702:2210,0.0,0.0,0.0,0.0,17.43,2.21,0.0
20080702:2310,0.0,0.0,0.0,0.0,16.4,2.41,0.0
20080703:0010,0.0,0.0,0.0,0.0,16.05,2.28,0.0
20080703:0110,0.0,0.0,0.0,0.0,15.66,2.0,0.0
20080703:0210,0.0,0.0,0.0,0.0,15.18,1.79,0.0
20080703:0310,0.0,0.0,0.0,0.0,14.97,1.72,0.0
20080703:0410,0.0,4.0,0.0,1.49,14.78,1.86,0.0
20080703:0510,76.0,53.0,0.0,10.17,14.65,1.93,0.0
20080703:0610,32.0,144.0,0.0,19.58,15.13,2.48,0.0
20080703:0710,0.0,120.0,0.0,29.39,15.62,3.86,0.0
20080703:0810,136.0,296.0,0.0,39.27,16.29,4.0,0.0
20080703:0910,18.0,316.0,0.0,48.76,17.01,3.93,0.0
20080703:1010,367.0,339.0,0.0,57.11,18.16,3.93,0.0
20080703:1110,30.0,397.0,0.0,62.89,19.53,3.59,0.0
20080703:1210,261.0,422.0,0.0,64.15,20.56,3.52,0.0
20080703:1310,235.0,411.0,0.0,60.26,20.95,3.72,0.0
20080703:1410,282.0,349.0,0.0,52.89,21.26,4.14,0.0
20080703:1510,84.0,333.0,0.0,43.81,21.32,4.48,0.0
20080703:1610,15.0,229.0,0.0,34.04,19.91,4.07,0.0
20080703:1710,0.0,79.0,0.0,24.15,19.75,4.55,0.0
20080703:1810,124.0,74.0,0.0,14.51,18.16,3.59,0.0
20080703:1910,25.0,24.82,0.0,5.45,17.46,3.45,0.0
20080703:2010,0.0,0.0,0.0,0.0,16.26,2.48,0.0
20080703:2110,0.0,0.0,0.0,0.0,15.09,2.07,0.0
20080703:2210,0.0,0.0,0.0,0.0,14.09,2.14,0.0
20080703:2310,0.0,0.0,0.0,0.0,13.17,2.0,0.0
20080704:0010,0.0,0.0,0.0,0.0,12.24,1.59,0.0
20080704:0110,0.0,0.0,0.0,0.0,11.41,1.24,0.0
20080704:0210,0.0,0.0,0.0,0.0,10.58,1.38,0.0
20080704:0310,0.0,0.0,0.0,0.0,11.26,0.9,0.0
20080704:0410,0.0,0.0,0.0,0.0,11.22,0.76,0.0
20080704:0510,64.0,58.0,0.0,10.08,10.94,0.76,0.0
20080704:0610,15.0,135.0,0.0,19.49,12.67,0.34,0.0
20080704:0710,172.0,201.0,0.0,29.3,15.0,0.69,0.0
20080704:0810,451.0,149.0,0.0,39.18,16.38,0.9,0.0
20080704:0910,571.0,165.0,0.0,48.67,17.66,1.17,0.0
20080704:1010,709.01,147.0,0.0,57.02,18.71,1.31,0.0
20080704:1110,777.01,145.0,0.0,62.8,19.7,1.66,0.0
20080704:1210,768.01,156.0,0.0,64.07,20.28,1.72,0.0
20080704:1310,720.01,162.0,0.0,60.2,20.71,1.72,0.0
20080704:1410,521.0,230.0,0.0,52.85,21.22,2.07,0.0
20080704:1510,531.0,145.0,0.0,43.78,21.45,2.48,0.0
20080704:1610,94.0,263.0,0.0,34.01,21.38,2.55,0.0
20080704:1710,19.0,172.0,0.0,24.12,20.91,2.69,0.0
20080704:1810,0.0,59.0,0.0,14.48,19.28,2.21,0.0
20080704:1910,0.0,18.0,0.0,5.41,19.77,2.83,0.0
20080704:2010,0.0,0.0,0.0,0.0,18.32,3.24,0.0
20080704:2110,0.0,0.0,0.0,0.0,17.25,3.52,0.0
20080704:2210,0.0,0.0,0.0,0.0,16.65,3.59,0.0
20080704:2310,0.0,0.0,0.0,0.0,16.23,3.59,0.0
20080705:0010,0.0,0.0,0.0,0.0,16.05,3.52,0.0
20080705:0110,0.0,0.0,0.0,0.0,15.74,3.31,0.0
20080705:0210,0.0,0.0,0.0,0.0,15.72,2.97,0.0
20080705:0310,0.0,0.0,0.0,0.0,15.6,2.76,0.0
20080705:0410,0.0,0.0,0.0,0.0,15.35,2.69,0.0
20080705:0510,0.0,40.0,0.0,9.98,15.36,2.69,0.0
20080705:0610,0.0,72.0,0.0,19.4,15.84,2.48,0.0
20080705:0710,0.0,123.0,0.0,29.21,15.98,2.55,0.0
20080705:0810,0.0,120.0,0.0,39.09,16.46,2.34,0.0
20080705:0910,0.0,148.0,0.0,48.58,17.69,2.62,0.0
20080705:1010,0.0,212.0,0.0,56.92,19.04,3.59,0.0
20080705:1110,0.0,252.0,0.0,62.7,19.23,3.66,0.0
20080705:1210,24.0,390.0,0.0,63.98,19.64,4.14,0.0
20080705:1310,1.0,277.0,0.0,60.14,19.74,3.93,0.0
20080705:1410,41.0,363.0,0.0,52.8,20.79,4.55,0.0
20080705:1510,99.0,331.0,0.0,43.74,21.52,4.97,0.0
20080705:1610,41.0,252.0,0.0,33.98,21.77,5.1,0.0
20080705:1710,33.0,178.0,0.0,24.09,21.53,4.9,0.0
20080705:1810,15.0,98.0,0.0,14.44,21.19,4.21,0.0
20080705:1910,2.0,26.56,0.0,5.36,19.9,3.59,0.0
20080705:2010,0.0,0.0,0.0,0.0,18.67,3.24,0.0
20080705:2110,0.0,0.0,0.0,0.0,17.86,3.17,0.0
20080705:2210,0.0,0.0,0.0,0.0,16.88,3.38,0.0
20080705:2310,0.0,0.0,0.0,0.0,15.73,3.38,0.0
20080706:0010,0.0,0.0,0.0,0.0,14.63,3.17,0.0
20080706:0110,0.0,0.0,0.0,0.0,13.68,2.9,0.0
20080706:0210,0.0,0.0,0.0,0.0,12.92,2.76,0.0
20080706:0310,0.0,0.0,0.0,0.0,12.39,2.9,0.0
20080706:0410,0.0,0.0,0.0,0.0,11.93,3.03,0.0
20080706:0510,6.0,60.0,0.0,9.89,12.0,3.1,0.0
20080706:0610,56.0,145.0,0.0,19.3,13.27,3.31,0.0
20080706:0710,134.0,214.0,0.0,29.12,14.7,3.79,0.0
20080706:0810,150.0,294.0,0.0,38.99,16.15,4.97,0.0
20080706:0910,37.0,343.0,0.0,48.48,17.38,5.59,0.0
20080706:1010,516.0,264.0,0.0,56.82,18.35,5.93,0.0
20080706:1110,306.0,404.0,0.0,62.6,19.23,6.41,0.0
20080706:1210,521.0,306.0,0.0,63.89,19.6,6.76,0.0
20080706:1310,130.0,433.0,0.0,60.07,19.88,7.1,0.0
20080706:1410,416.0,290.0,0.0,52.75,20.38,7.31,0.0
20080706:1510,367.0,242.0,0.0,43.7,20.74,7.38,0.0
20080706:1610,304.0,183.0,0.0,33.94,20.73,6.97,0.0
20080706:1710,140.0,164.0,0.0,24.05,20.32,6.48,0.0
20080706:1810,13.0,98.0,0.0,14.4,19.71,5.79,0.0
20080706:1910,0.0,18.0,0.0,5.31,18.75,5.52,0.0
20080706:2010,0.0,0.0,0.0,0.0,17.62,5.31,0.0
20080706:2110,0.0,0.0,0.0,0.0,16.77,5.17,0.0
20080706:2210,0.0,0.0,0.0,0.0,15.79,4.97,0.0
20080706:2310,0.0,0.0,0.0,0.0,14.99,4.9,0.0
20080707:0010,0.0,0.0,0.0,0.0,14.44,4.9,0.0
20080707:0110,0.0,0.0,0.0,0.0,13.84,5.1,0.0
20080707:0210,0.0,0.0,0.0,0.0,13.65,5.38,0.0
20080707:0310,0.0,0.0,0.0,0.0,13.45,5.59,0.0
20080707:0410,0.0,0.0,0.0,0.0,13.26,5.66,0.0
20080707:0510,55.0,58.0,0.0,9.78,13.19,5.86,0.0
20080707:0610,9.0,126.0,0.0,19.2,13.71,6.55,0.0
20080707:0710,21.0,205.0,0.0,29.02,14.55,7.79,0.0
20080707:0810,0.0,156.0,0.0,38.89,15.38,7.31,0.0
20080707:0910,6.0,280.0,0.0,48.38,16.12,7.31,0.0
20080707:1010,0.0,205.0,0.0,56.71,17.33,7.86,0.0
20080707:1110,203.0,431.0,0.0,62.49,18.12,8.28,0.0
20080707:1210,502.0,311.0,0.0,63.79,18.81,8.28,0.0
20080707:1310,0.0,256.0,0.0,59.99,19.43,8.0,0.0
20080707:1410,7.0,305.0,0.0,52.69,17.27,8.07,0.0
20080707:1510,132.0,330.0,0.0,43.65,18.76,8.76,0.0
20080707:1610,186.0,236.0,0.0,33.9,18.0,7.72,0.0
20080707:1710,3.0,141.0,0.0,24.0,18.04,6.83,0.0
20080707:1810,70.0,96.0,0.0,14.35,18.32,7.17,0.0
20080707:1910,0.0,5.0,0.0,5.26,16.04,6.41,0.0
20080707:2010,0.0,0.0,0.0,0.0,15.79,5.59,0.0
20080707:2110,0.0,0.0,0.0,0.0,15.08,5.24,0.0
20080707:2210,0.0,0.0,0.0,0.0,14.74,5.1,0.0
20080707:2310,0.0,0.0,0.0,0.0,14.41,4.97,0.0
20080708:0010,0.0,0.0,0.0,0.0,14.01,4.83,0.0
20080708:0110,0.0,0.0,0.0,0.0,14.04,4.97,0.0
20080708:0210,0.0,0.0,0.0,0.0,14.01,5.24,0.0
20080708:0310,0.0,0.0,0.0,0.0,14.13,5.66,0.0
20080708:0410,0.0,0.0,0.0,0.0,14.04,5.79,0.0
20080708:0510,5.0,58.0,0.0,9.68,13.96,5.79,0.0
20080708:0610,18.0,134.0,0.0,19.1,14.22,5.93,0.0
20080708:0710,25.0,209.0,0.0,28.92,14.26,6.14,0.0
20080708:0810,24.0,271.0,0.0,38.79,14.9,6.62,0.0
20080708:0910,166.0,356.0,0.0,48.27,15.87,6.97,0.0
20080708:1010,19.0,355.0,0.0,56.6,17.0,6.97,0.0
20080708:1110,15.0,367.0,0.0,62.38,17.81,6.97,0.0
20080708:1210,0.0,193.0,0.0,63.69,17.88,6.55,0.0
20080708:1310,0.0,223.0,0.0,59.91,18.28,6.62,0.0
20080708:1410,0.0,152.0,0.0,52.63,18.91,6.41,0.0
20080708:1510,383.0,228.0,0.0,43.59,19.41,5.86,0.0
20080708:1610,290.0,187.0,0.0,33.85,19.58,4.62,0.0
20080708:1710,0.0,86.0,0.0,23.95,19.38,3.59,0.0
20080708:1810,0.0,64.0,0.0,14.29,18.91,3.24,0.0
20080708:1910,0.0,13.0,0.0,5.2,17.98,3.1,0.0
20080708:2010,0.0,0.0,0.0,0.0,17.13,2.69,0.0
20080708:2110,0.0,0.0,0.0,0.0,16.42,2.14,0.0
20080708:2210,0.0,0.0,0.0,0.0,15.42,2.21,0.0
20080708:2310,0.0,0.0,0.0,0.0,15.03,2.21,0.0
20080709:0010,0.0,0.0,0.0,0.0,14.41,2.41,0.0
20080709:0110,0.0,0.0,0.0,0.0,14.25,2.41,0.0
20080709:0210,0.0,0.0,0.0,0.0,13.88,2.34,0.0
20080709:0310,0.0,0.0,0.0,0.0,13.55,2.41,0.0
20080709:0410,0.0,0.0,0.0,0.0,13.01,2.48,0.0
20080709:0510,59.0,54.0,0.0,9.57,12.95,2.48,0.0
20080709:0610,63.0,138.0,0.0,18.99,13.77,2.83,0.0
20080709:0710,317.0,115.0,0.0,28.81,14.59,2.97,0.0
20080709:0810,429.0,149.0,0.0,38.68,16.04,3.66,0.0
20080709:0910,537.0,172.0,0.0,48.16,17.14,4.48,0.0
20080709:1010,506.0,256.0,0.0,56.48,18.46,4.9,0.0
20080709:1110,782.01,130.0,0.0,62.26,19.7,5.1,0.0
20080709:1210,763.01,147.0,0.0,63.58,20.9,5.17,0.0
20080709:1310,708.01,156.0,0.0,59.82,21.58,5.17,0.0
20080709:1410,514.0,222.0,0.0,52.55,22.18,5.1,0.0
20080709:1510,492.0,158.0,0.0,43.53,22.51,4.9,0.0
20080709:1610,350.0,148.0,0.0,33.79,22.59,4.62,0.0
20080709:1710,103.0,172.0,0.0,23.9,22.32,3.79,0.0
20080709:1810,36.0,101.0,0.0,14.23,22.05,3.52,0.0
20080709:1910,15.0,26.19,0.0,5.13,21.5,3.1,0.0
20080709:2010,0.0,0.0,0.0,0.0,20.82,2.62,0.0
20080709:2110,0.0,0.0,0.0,0.0,19.6,2.76,0.0
20080709:2210,0.0,0.0,0.0,0.0,18.56,3.03,0.0
20080709:2310,0.0,0.0,0.0,0.0,17.81,3.17,0.0
20080710:0010,0.0,0.0,0.0,0.0,17.05,3.1,0.0
20080710:0110,0.0,0.0,0.0,0.0,16.37,3.1,0.0
20080710:0210,0.0,0.0,0.0,0.0,15.72,3.1,0.0
20080710:0310,0.0,0.0,0.0,0.0,15.07,3.03,0.0
20080710:0410,0.0,0.0,0.0,0.0,14.46,2.97,0.0
20080710:0510,42.0,59.0,0.0,9.45,14.44,3.1,0.0
20080710:0610,168.0,92.0,0.0,18.88,15.62,3.38,0.0
20080710:0710,318.0,113.0,0.0,28.7,17.36,5.59,0.0
20080710:0810,468.0,126.0,0.0,38.57,18.65,5.79,0.0
20080710:0910,422.0,238.0,0.0,48.05,20.23,6.0,0.0
20080710:1010,610.0,191.0,0.0,56.36,21.79,6.14,0.0
20080710:1110,714.01,165.0,0.0,62.13,23.11,6.21,0.0
20080710:1210,589.01,250.0,0.0,63.46,24.49,6.62,0.0
20080710:1310,235.0,402.0,0.0,59.72,25.46,6.9,0.0
20080710:1410,274.0,344.0,0.0,52.48,25.61,7.03,0.0
20080710:1510,132.0,324.0,0.0,43.47,25.51,6.55,0.0
20080710:1610,67.0,257.0,0.0,33.73,25.22,6.21,0.0
20080710:1710,4.0,139.0,0.0,23.83,24.65,5.59,0.0
20080710:1810,2.0,73.0,0.0,14.17,23.97,4.76,0.0
20080710:1910,14.0,26.39,0.0,5.05,22.18,4.14,0.0
20080710:2010,0.0,0.0,0.0,0.0,20.29,3.72,0.0
20080710:2110,0.0,0.0,0.0,0.0,19.06,3.45,0.0
20080710:2210,0.0,0.0,0.0,0.0,18.0,3.38,0.0
20080710:2310,0.0,0.0,0.0,0.0,17.4,3.38,0.0
20080711:0010,0.0,0.0,0.0,0.0,16.88,3.24,0.0
20080711:0110,0.0,0.0,0.0,0.0,16.4,3.17,0.0
20080711:0210,0.0,0.0,0.0,0.0,16.05,3.03,0.0
20080711:0310,0.0,0.0,0.0,0.0,16.0,3.1,0.0
20080711:0410,0.0,0.0,0.0,0.0,15.95,3.03,0.0
20080711:0510,0.0,10.0,0.0,9.33,15.83,2.97,0.0
20080711:0610,0.0,34.0,0.0,18.76,16.13,3.03,0.0
20080711:0710,1.0,145.0,0.0,28.59,16.37,2.55,0.0
20080711:0810,0.0,59.0,0.0,38.46,16.59,2.69,0.0
20080711:0910,0.0,106.0,0.0,47.93,16.81,2.9,0.0
20080711:1010,0.0,125.0,0.0,56.23,17.75,3.59,0.0
20080711:1110,198.0,426.0,0.0,62.0,18.76,4.28,0.0
20080711:1210,92.0,436.0,0.0,63.33,19.77,4.83,0.0
20080711:1310,144.0,422.0,0.0,59.62,20.59,5.45,0.0
20080711:1410,391.0,290.0,0.0,52.39,21.07,5.79,0.0
20080711:1510,95.0,327.0,0.0,43.4,21.3,5.86,0.0
20080711:1610,228.0,212.0,0.0,33.66,21.21,5.66,0.0
20080711:1710,3.0,135.0,0.0,23.77,21.14,5.45,0.0
20080711:1810,25.0,99.0,0.0,14.1,20.58,4.83,0.0
20080711:1910,10.0,26.47,0.0,4.98,19.73,5.03,0.0
20080711:2010,0.0,0.0,0.0,0.0,18.67,4.83,0.0
20080711:2110,0.0,0.0,0.0,0.0,17.83,4.69,0.0
20080711:2210,0.0,0.0,0.0,0.0,17.1,4.62,0.0
20080711:2310,0.0,0.0,0.0,0.0,16.44,4.62,0.0
20080712:0010,0.0,0.0,0.0,0.0,15.89,4.55,0.0
20080712:0110,0.0,0.0,0.0,0.0,15.32,4.34,0.0
20080712:0210,0.0,0.0,0.0,0.0,14.87,4.14,0.0
20080712:0310,0.0,0.0,0.0,0.0,14.46,3.86,0.0
20080712:0410,0.0,0.0,0.0,0.0,13.78,3.52,0.0
20080712:0510,4.0,53.0,0.0,9.21,13.58,3.31,0.0
20080712:0610,26.0,135.0,0.0,18.65,14.4,3.79,0.0
20080712:0710,177.0,190.0,0.0,28.47,14.86,4.07,0.0
20080712:0810,245.0,252.0,0.0,38.34,15.8,4.21,0.0
20080712:0910,73.0,358.0,0.0,47.8,16.79,4.41,0.0
20080712:1010,8.0,321.0,0.0,56.1,17.41,4.48,0.0
20080712:1110,26.0,389.0,0.0,61.86,18.31,4.69,0.0
20080712:1210,206.0,436.0,0.0,63.2,18.82,4.69,0.0
20080712:1310,0.0,208.0,0.0,59.51,19.35,4.48,0.0
20080712:1410,358.0,313.0,0.0,52.3,19.2,4.34,0.0
20080712:1510,94.0,331.0,0.0,43.32,19.26,4.14,0.0
20080712:1610,104.0,258.0,0.0,33.59,18.94,3.66,0.0
20080712:1710,2.0,133.0,0.0,23.69,18.76,3.31,0.0
20080712:1810,27.0,100.0,0.0,14.02,18.17,2.76,0.0
20080712:1910,7.0,26.26,0.0,4.89,16.5,2.41,0.0
20080712:2010,0.0,0.0,0.0,0.0,15.65,1.79,0.0
20080712:2110,0.0,0.0,0.0,0.0,14.73,1.52,0.0
20080712:2210,0.0,0.0,0.0,0.0,13.64,1.66,0.0
20080712:2310,0.0,0.0,0.0,0.0,13.02,1.86,0.0
20080713:0010,0.0,0.0,0.0,0.0,12.51,2.0,0.0
20080713:0110,0.0,0.0,0.0,0.0,12.21,2.07,0.0
20080713:0210,0.0,0.0,0.0,0.0,11.96,2.07,0.0
20080713:0310,0.0,0.0,0.0,0.0,11.43,1.93,0.0
20080713:0410,0.0,0.0,0.0,0.0,10.99,1.79,0.0
20080713:0510,65.0,49.0,0.0,9.09,10.86,1.66,0.0
20080713:0610,199.0,79.0,0.0,18.52,12.34,1.52,0.0
20080713:0710,324.0,112.0,0.0,28.35,13.54,2.14,0.0
20080713:0810,385.0,179.0,0.0,38.22,14.97,2.21,0.0
20080713:0910,192.0,348.0,0.0,47.68,15.88,2.28,0.0
20080713:1010,37.0,381.0,0.0,55.97,16.75,2.28,0.0
20080713:1110,264.0,413.0,0.0,61.71,17.55,2.28,0.0
20080713:1210,0.0,227.0,0.0,63.06,18.26,2.62,0.0
20080713:1310,69.0,419.0,0.0,59.39,18.73,2.76,0.0
20080713:1410,0.0,95.0,0.0,52.21,18.97,2.83,0.0
20080713:1510,1.0,224.0,0.0,43.23,18.83,2.62,0.0
20080713:1610,407.0,120.0,0.0,33.51,18.88,2.07,0.0
20080713:1710,237.0,111.0,0.0,23.61,17.87,2.69,0.0
20080713:1810,110.0,75.0,0.0,13.93,16.29,3.24,0.0
20080713:1910,14.0,24.45,0.0,4.8,16.36,2.34,0.0
20080713:2010,0.0,0.0,0.0,0.0,15.44,1.79,0.0
20080713:2110,0.0,0.0,0.0,0.0,14.49,1.93,0.0
20080713:2210,0.0,0.0,0.0,0.0,13.65,2.07,0.0
20080713:2310,0.0,0.0,0.0,0.0,12.97,2.07,0.0
20080714:0010,0.0,0.0,0.0,0.0,12.29,2.14,0.0
20080714:0110,0.0,0.0,0.0,0.0,11.52,2.14,0.0
20080714:0210,0.0,0.0,0.0,0.0,10.86,2.07,0.0
20080714:0310,0.0,0.0,0.0,0.0,10.31,2.0,0.0
20080714:0410,0.0,0.0,0.0,0.0,9.69,2.07,0.0
20080714:0510,50.0,53.0,0.0,8.96,9.59,1.72,0.0
20080714:0610,179.0,86.0,0.0,18.4,11.86,1.38,0.0
20080714:0710,332.0,108.0,0.0,28.23,14.09,1.52,0.0
20080714:0810,482.0,123.0,0.0,38.1,15.81,1.45,0.0
20080714:0910,616.0,131.0,0.0,47.55,17.2,1.1,0.0
20080714:1010,518.0,256.0,0.0,55.83,18.38,0.9,0.0
20080714:1110,475.0,318.0,0.0,61.57,19.4,0.97,0.0
20080714:1210,494.0,315.0,0.0,62.92,20.4,1.17,0.0
20080714:1310,385.0,350.0,0.0,59.27,21.33,1.52,0.0
20080714:1410,420.0,283.0,0.0,52.11,21.56,1.72,0.0
20080714:1510,409.0,214.0,0.0,43.15,21.71,1.93,0.0
20080714:1610,407.0,119.0,0.0,33.43,21.93,1.93,0.0
20080714:1710,264.0,97.0,0.0,23.53,22.11,1.72,0.0
20080714:1810,119.0,70.0,0.0,13.84,21.76,1.24,0.0
20080714:1910,20.0,21.2,0.0,4.7,21.74,0.21,0.0
20080714:2010,0.0,0.0,0.0,0.0,20.37,0.62,0.0
20080714:2110,0.0,0.0,0.0,0.0,18.69,0.97,0.0
20080714:2210,0.0,0.0,0.0,0.0,17.49,0.48,0.0
20080714:2310,0.0,0.0,0.0,0.0,16.78,0.21,0.0
20080715:0010,0.0,0.0,0.0,0.0,15.94,0.62,0.0
20080715:0110,0.0,0.0,0.0,0.0,14.56,0.83,0.0
20080715:0210,0.0,0.0,0.0,0.0,13.62,0.9,0.0
20080715:0310,0.0,0.0,0.0,0.0,13.03,0.9,0.0
20080715:0410,0.0,0.0,0.0,0.0,12.65,0.9,0.0
20080715:0510,48.0,51.0,0.0,8.83,12.71,0.69,0.0
20080715:0610,170.0,88.0,0.0,18.27,13.57,0.34,0.0
20080715:0710,325.0,107.0,0.0,28.1,16.93,0.55,0.0
20080715:0810,476.0,120.0,0.0,37.97,19.24,0.76,0.0
20080715:0910,643.0,111.0,0.0,47.42,21.2,1.24,0.0
20080715:1010,684.01,147.0,0.0,55.68,22.44,2.07,0.0
20080715:1110,784.01,129.0,0.0,61.41,23.45,2.41,0.0
20080715:1210,786.01,135.0,0.0,62.77,24.04,2.55,0.0
20080715:1310,750.01,134.0,0.0,59.14,24.53,2.69,0.0
20080715:1410,660.0,136.0,0.0,52.0,25.12,3.1,0.0
20080715:1510,424.0,198.0,0.0,43.05,25.21,3.17,0.0
20080715:1610,379.0,129.0,0.0,33.34,24.82,3.24,0.0
20080715:1710,251.0,100.0,0.0,23.44,24.22,3.31,0.0
20080715:1810,109.0,72.0,0.0,13.75,23.44,3.1,0.0
20080715:1910,15.0,22.32,0.0,4.6,22.51,3.1,0.0
20080715:2010,0.0,0.0,0.0,0.0,20.48,2.97,0.0
20080715:2110,0.0,0.0,0.0,0.0,19.3,2.21,0.0
20080715:2210,0.0,0.0,0.0,0.0,18.34,1.45,0.0
20080715:2310,0.0,0.0,0.0,0.0,17.14,1.17,0.0
20080716:0010,0.0,0.0,0.0,0.0,16.15,1.52,0.0
20080716:0110,0.0,0.0,0.0,0.0,15.33,1.86,0.0
20080716:0210,0.0,0.0,0.0,0.0,15.09,1.86,0.0
20080716:0310,0.0,0.0,0.0,0.0,15.28,1.93,0.0
20080716:0410,0.0,0.0,0.0,0.0,15.32,2.28,0.0
20080716:0510,0.0,30.0,0.0,8.69,15.6,2.62,0.0
20080716:0610,77.0,127.0,0.0,18.14,15.81,2.83,0.0
20080716:0710,209.0,167.0,0.0,27.97,16.28,2.69,0.0
20080716:0810,388.0,167.0,0.0,37.84,17.26,2.76,0.0
20080716:0910,529.0,171.0,0.0,47.28,18.49,3.17,0.0
20080716:1010,676.01,148.0,0.0,55.53,20.04,3.24,0.0
20080716:1110,775.01,130.0,0.0,61.25,21.69,3.38,0.0
20080716:1210,306.0,394.0,0.0,62.61,22.25,3.66,0.0
20080716:1310,315.0,371.0,0.0,59.01,22.62,4.14,0.0
20080716:1410,480.0,239.0,0.0,51.88,21.95,4.55,0.0
20080716:1510,67.0,322.0,0.0,42.95,21.02,4.69,0.0
20080716:1610,0.0,94.0,0.0,33.24,20.28,4.07,0.0
20080716:1710,147.0,150.0,0.0,23.34,20.31,3.72,0.0
20080716:1810,67.0,89.0,0.0,13.65,20.16,3.31,0.0
20080716:1910,4.0,24.03,0.0,4.49,19.27,2.97,0.0
20080716:2010,0.0,0.0,0.0,0.0,18.41,2.34,0.0
20080716:2110,0.0,0.0,0.0,0.0,17.53,2.48,0.0
20080716:2210,0.0,0.0,0.0,0.0,16.98,2.62,0.0
20080716:2310,0.0,0.0,0.0,0.0,16.4,2.48,0.0
20080717:0010,0.0,0.0,0.0,0.0,15.84,2.41,0.0
20080717:0110,0.0,0.0,0.0,0.0,15.02,2.0,0.0
20080717:0210,0.0,0.0,0.0,0.0,14.42,1.66,0.0
20080717:0310,0.0,0.0,0.0,0.0,13.76,1.72,0.0
20080717:0410,0.0,0.0,0.0,0.0,13.14,1.79,0.0
20080717:0510,0.0,24.0,0.0,8.55,12.84,1.86,0.0
20080717:0610,12.0,122.0,0.0,18.01,13.96,1.93,0.0
20080717:0710,295.0,120.0,0.0,27.84,15.63,2.34,0.0
20080717:0810,344.0,194.0,0.0,37.7,17.31,2.41,0.0
20080717:0910,514.0,182.0,0.0,47.14,18.47,2.83,0.0
20080717:1010,206.0,392.0,0.0,55.38,19.64,3.17,0.0
20080717:1110,303.0,391.0,0.0,61.09,20.62,3.1,0.0
20080717:1210,228.0,424.0,0.0,62.45,21.45,3.1,0.0
20080717:1310,318.0,372.0,0.0,58.86,22.19,3.38,0.0
20080717:1410,38.0,359.0,0.0,51.76,22.49,3.72,0.0
20080717:1510,47.0,316.0,0.0,42.84,22.7,4.07,0.0
20080717:1610,25.0,236.0,0.0,33.14,22.56,4.21,0.0
20080717:1710,3.0,132.0,0.0,23.24,21.84,3.86,0.0
20080717:1810,1.0,67.0,0.0,13.54,20.79,3.72,0.0
20080717:1910,2.0,21.56,0.0,4.37,19.71,3.17,0.0
20080717:2010,0.0,0.0,0.0,0.0,18.64,2.76,0.0
20080717:2110,0.0,0.0,0.0,0.0,17.92,2.34,0.0
20080717:2210,0.0,0.0,0.0,0.0,17.32,1.79,0.0
20080717:2310,0.0,0.0,0.0,0.0,16.52,1.38,0.0
20080718:0010,0.0,0.0,0.0,0.0,15.52,1.45,0.0
20080718:0110,0.0,0.0,0.0,0.0,14.59,1.66,0.0
20080718:0210,0.0,0.0,0.0,0.0,14.42,1.86,0.0
20080718:0310,0.0,0.0,0.0,0.0,14.77,2.07,0.0
20080718:0410,0.0,0.0,0.0,0.0,14.75,2.28,0.0
20080718:0510,0.0,25.0,0.0,8.41,14.61,2.28,0.0
20080718:0610,0.0,48.0,0.0,17.87,15.01,2.83,0.0
20080718:0710,19.0,195.0,0.0,27.71,16.02,3.17,0.0
20080718:0810,327.0,201.0,0.0,37.57,17.29,3.66,0.0
20080718:0910,108.0,354.0,0.0,46.99,18.44,4.28,0.0
20080718:1010,544.0,229.0,0.0,55.22,19.64,4.62,0.0
20080718:1110,46.0,408.0,0.0,60.92,20.36,4.55,0.0
20080718:1210,626.01,228.0,0.0,62.28,20.89,4.69,0.0
20080718:1310,14.0,352.0,0.0,58.72,21.15,4.83,0.0
20080718:1410,9.0,305.0,0.0,51.64,21.48,5.03,0.0
20080718:1510,17.0,282.0,0.0,42.73,21.39,4.69,0.0
20080718:1610,0.0,139.0,0.0,33.03,21.48,4.41,0.0
20080718:1710,5.0,141.0,0.0,23.13,21.3,4.14,0.0
20080718:1810,11.0,88.0,0.0,13.43,21.11,3.79,0.0
20080718:1910,3.0,20.36,0.0,4.25,20.01,3.17,0.0
20080718:2010,0.0,0.0,0.0,0.0,19.5,2.76,0.0
20080718:2110,0.0,0.0,0.0,0.0,19.1,2.55,0.0
20080718:2210,0.0,0.0,0.0,0.0,18.42,2.55,0.0
20080718:2310,0.0,0.0,0.0,0.0,17.99,2.83,0.0
20080719:0010,0.0,0.0,0.0,0.0,17.68,3.31,0.0
20080719:0110,0.0,0.0,0.0,0.0,17.55,3.93,0.0
20080719:0210,0.0,0.0,0.0,0.0,17.39,4.28,0.0
20080719:0310,0.0,0.0,0.0,0.0,16.95,4.14,0.0
20080719:0410,0.0,0.0,0.0,0.0,16.6,4.0,0.0
20080719:0510,0.0,32.0,0.0,8.26,16.27,3.79,0.0
20080719:0610,0.0,79.0,0.0,17.73,16.66,5.03,0.0
20080719:0710,59.0,211.0,0.0,27.57,17.4,5.45,0.0
20080719:0810,18.0,253.0,0.0,37.43,18.54,5.72,0.0
20080719:0910,0.0,185.0,0.0,46.85,19.67,6.07,0.0
20080719:1010,0.0,244.0,0.0,55.06,20.46,6.41,0.0
20080719:1110,94.0,429.0,0.0,60.74,20.68,6.69,0.0
20080719:1210,0.0,143.0,0.0,62.11,21.3,6.97,0.0
20080719:1310,15.0,355.0,0.0,58.56,22.15,7.03,0.0
20080719:1410,618.0,155.0,0.0,51.5,22.87,7.1,0.0
20080719:1510,445.0,182.0,0.0,42.61,23.0,6.83,0.0
20080719:1610,315.0,162.0,0.0,32.92,22.92,6.48,0.0
20080719:1710,184.0,131.0,0.0,23.02,22.3,5.72,0.0
20080719:1810,96.0,74.0,0.0,13.31,21.62,4.9,0.0
20080719:1910,11.0,20.34,0.0,4.13,20.44,3.86,0.0
20080719:2010,0.0,0.0,0.0,0.0,19.26,3.31,0.0
20080719:2110,0.0,0.0,0.0,0.0,17.81,2.83,0.0
20080719:2210,0.0,0.0,0.0,0.0,16.4,2.62,0.0
20080719:2310,0.0,0.0,0.0,0.0,15.25,2.41,0.0
20080720:0010,0.0,0.0,0.0,0.0,14.28,2.21,0.0
20080720:0110,0.0,0.0,0.0,0.0,13.39,2.07,0.0
20080720:0210,0.0,0.0,0.0,0.0,12.59,2.07,0.0
20080720:0310,0.0,0.0,0.0,0.0,11.97,2.14,0.0
20080720:0410,0.0,0.0,0.0,0.0,11.48,2.14,0.0
20080720:0510,22.0,54.0,0.0,8.11,11.54,2.14,0.0
20080720:0610,26.0,129.0,0.0,17.59,13.14,2.34,0.0
20080720:0710,61.0,213.0,0.0,27.43,14.95,3.72,0.0
20080720:0810,72.0,290.0,0.0,37.28,16.24,3.86,0.0
20080720:0910,218.0,336.0,0.0,46.7,16.98,4.28,0.0
20080720:1010,0.0,234.0,0.0,54.9,17.83,4.62,0.0
20080720:1110,642.01,218.0,0.0,60.56,18.87,4.69,0.0
20080720:1210,558.01,277.0,0.0,61.92,19.99,4.97,0.0
20080720:1310,324.0,375.0,0.0,58.4,20.69,5.31,0.0
20080720:1410,0.0,248.0,0.0,51.37,20.82,5.72,0.0
20080720:1510,220.0,302.0,0.0,42.48,20.16,5.93,0.0
20080720:1610,212.0,220.0,0.0,32.8,19.89,5.86,0.0
20080720:1710,165.0,143.0,0.0,22.9,19.47,5.72,0.0
20080720:1810,72.0,86.0,0.0,13.19,18.58,5.59,0.0
20080720:1910,14.0,18.66,0.0,3.99,17.3,4.76,0.0
20080720:2010,0.0,0.0,0.0,0.0,16.05,3.79,0.0
20080720:2110,0.0,0.0,0.0,0.0,15.16,3.24,0.0
20080720:2210,0.0,0.0,0.0,0.0,14.36,2.9,0.0
20080720:2310,0.0,0.0,0.0,0.0,13.61,2.55,0.0
20080721:0010,0.0,0.0,0.0,0.0,12.88,2.48,0.0
20080721:0110,0.0,0.0,0.0,0.0,12.32,2.55,0.0
20080721:0210,0.0,0.0,0.0,0.0,12.07,2.55,0.0
20080721:0310,0.0,0.0,0.0,0.0,11.68,2.62,0.0
20080721:0410,0.0,0.0,0.0,0.0,11.44,2.76,0.0
20080721:0510,37.0,49.0,0.0,7.96,11.63,2.76,0.0
20080721:0610,155.0,89.0,0.0,17.44,12.89,2.76,0.0
20080721:0710,307.0,111.0,0.0,27.28,14.48,3.45,0.0
20080721:0810,444.0,135.0,0.0,37.14,15.36,3.52,0.0
20080721:0910,103.0,356.0,0.0,46.54,16.33,3.93,0.0
20080721:1010,81.0,402.0,0.0,54.73,17.31,4.83,0.0
20080721:1110,227.0,420.0,0.0,60.37,18.37,5.31,0.0
20080721:1210,69.0,430.0,0.0,61.74,19.21,5.38,0.0
20080721:1310,276.0,392.0,0.0,58.23,19.66,5.45,0.0
20080721:1410,356.0,310.0,0.0,51.22,20.15,5.52,0.0
20080721:1510,469.0,173.0,0.0,42.35,20.7,5.52,0.0
20080721:1610,374.0,131.0,0.0,32.67,20.71,5.38,0.0
20080721:1710,241.0,101.0,0.0,22.78,20.53,5.38,0.0
20080721:1810,99.0,72.0,0.0,13.06,19.38,4.97,0.0
20080721:1910,15.0,17.46,0.0,3.86,18.07,3.93,0.0
20080721:2010,0.0,0.0,0.0,0.0,16.53,3.17,0.0
20080721:2110,0.0,0.0,0.0,0.0,15.43,2.55,0.0
20080721:2210,0.0,0.0,0.0,0.0,14.45,2.14,0.0
20080721:2310,0.0,0.0,0.0,0.0,13.55,2.21,0.0
20080722:0010,0.0,0.0,0.0,0.0,12.86,2.34,0.0
20080722:0110,0.0,0.0,0.0,0.0,12.22,2.41,0.0
20080722:0210,0.0,0.0,0.0,0.0,11.72,2.41,0.0
20080722:0310,0.0,0.0,0.0,0.0,11.25,2.28,0.0
20080722:0410,0.0,0.0,0.0,0.0,10.88,2.21,0.0
20080722:0510,39.0,46.0,0.0,7.81,10.85,2.07,0.0
20080722:0610,142.0,94.0,0.0,17.29,12.51,1.86,0.0
20080722:0710,285.0,121.0,0.0,27.14,14.45,1.86,0.0
20080722:0810,445.0,131.0,0.0,36.99,16.58,1.72,0.0
20080722:0910,523.0,174.0,0.0,46.38,18.56,1.66,0.0
20080722:1010,476.0,269.0,0.0,54.56,20.3,2.55,0.0
20080722:1110,707.01,170.0,0.0,60.18,21.43,2.97,0.0
20080722:1210,720.01,171.0,0.0,61.54,22.04,2.97,0.0
20080722:1310,712.01,153.0,0.0,58.06,22.8,2.76,0.0
20080722:1410,633.01,148.0,0.0,51.07,23.3,2.48,0.0
20080722:1510,563.0,116.0,0.0,42.22,23.67,2.34,0.0
20080722:1610,368.0,131.0,0.0,32.54,23.7,2.28,0.0
20080722:1710,232.0,103.0,0.0,22.65,23.46,2.34,0.0
20080722:1810,99.0,70.0,0.0,12.92,22.9,2.41,0.0
20080722:1910,11.0,17.43,0.0,3.71,21.9,2.21,0.0
20080722:2010,0.0,0.0,0.0,0.0,19.9,2.55,0.0
20080722:2110,0.0,0.0,0.0,0.0,18.38,2.55,0.0
20080722:2210,0.0,0.0,0.0,0.0,17.11,2.41,0.0
20080722:2310,0.0,0.0,0.0,0.0,16.0,2.21,0.0
20080723:0010,0.0,0.0,0.0,0.0,14.99,2.0,0.0
20080723:0110,0.0,0.0,0.0,0.0,14.02,1.79,0.0
20080723:0210,0.0,0.0,0.0,0.0,13.13,1.66,0.0
20080723:0310,0.0,0.0,0.0,0.0,12.51,1.59,0.0
20080723:0410,0.0,0.0,0.0,0.0,12.27,1.45,0.0
20080723:0510,32.0,46.0,0.0,7.65,12.34,1.38,0.0
20080723:0610,133.0,95.0,0.0,17.14,15.24,1.03,0.0
20080723:0710,282.0,118.0,0.0,26.99,17.47,1.31,0.0
20080723:0810,420.0,140.0,0.0,36.84,19.6,1.45,0.0
20080723:0910,578.0,136.0,0.0,46.22,21.41,1.86,0.0
20080723:1010,626.01,173.0,0.0,54.38,22.8,2.69,0.0
20080723:1110,720.01,155.0,0.0,59.99,23.83,3.31,0.0
20080723:1210,694.01,181.0,0.0,61.35,24.64,3.72,0.0
20080723:1310,688.01,160.0,0.0,57.88,25.35,4.21,0.0
20080723:1410,588.0,170.0,0.0,50.91,25.77,4.41,0.0
20080723:1510,544.0,121.0,0.0,42.07,25.74,4.48,0.0
20080723:1610,366.0,127.0,0.0,32.41,25.56,4.55,0.0
20080723:1710,216.0,108.0,0.0,22.51,24.85,4.76,0.0
20080723:1810,89.0,72.0,0.0,12.78,23.88,4.69,0.0
20080723:1910,8.0,18.05,0.0,3.56,23.32,3.93,0.0
20080723:2010,0.0,0.0,0.0,0.0,21.67,3.72,0.0
20080723:2110,0.0,0.0,0.0,0.0,20.43,3.59,0.0
20080723:2210,0.0,0.0,0.0,0.0,19.4,3.38,0.0
20080723:2310,0.0,0.0,0.0,0.0,18.53,3.38,0.0
20080724:0010,0.0,0.0,0.0,0.0,17.8,3.24,0.0
20080724:0110,0.0,0.0,0.0,0.0,17.07,2.9,0.0
20080724:0210,0.0,0.0,0.0,0.0,16.33,2.76,0.0
20080724:0310,0.0,0.0,0.0,0.0,15.61,2.76,0.0
20080724:0410,0.0,0.0,0.0,0.0,15.01,2.97,0.0
20080724:0510,34.0,45.0,0.0,7.49,14.84,3.1,0.0
20080724:0610,77.0,119.0,0.0,16.99,16.02,3.17,0.0
20080724:0710,161.0,183.0,0.0,26.84,18.33,3.93,0.0
20080724:0810,360.0,179.0,0.0,36.68,20.6,4.34,0.0
20080724:0910,562.0,149.0,0.0,46.06,22.66,5.1,0.0
20080724:1010,515.0,245.0,0.0,54.2,24.15,5.59,0.0
20080724:1110,631.01,216.0,0.0,59.79,25.27,5.45,0.0
20080724:1210,691.01,188.0,0.0,61.14,26.22,5.24,0.0
20080724:1310,646.01,193.0,0.0,57.69,26.96,4.9,0.0
20080724:1410,586.0,176.0,0.0,50.75,27.43,4.76,0.0
20080724:1510,546.0,123.0,0.0,41.92,27.61,4.83,0.0
20080724:1610,359.0,134.0,0.0,32.27,27.47,4.9,0.0
20080724:1710,212.0,112.0,0.0,22.37,27.0,4.76,0.0
20080724:1810,100.0,67.0,0.0,12.63,26.31,4.14,0.0
20080724:1910,12.0,15.25,0.0,3.41,25.2,2.9,0.0
20080724:2010,0.0,0.0,0.0,0.0,23.21,2.9,0.0
20080724:2110,0.0,0.0,0.0,0.0,21.82,2.9,0.0
20080724:2210,0.0,0.0,0.0,0.0,20.74,2.83,0.0
20080724:2310,0.0,0.0,0.0,0.0,19.92,2.83,0.0
20080725:0010,0.0,0.0,0.0,0.0,19.23,2.76,0.0
20080725:0110,0.0,0.0,0.0,0.0,18.5,2.41,0.0
20080725:0210,0.0,0.0,0.0,0.0,17.67,1.93,0.0
20080725:0310,0.0,0.0,0.0,0.0,16.97,1.86,0.0
20080725:0410,0.0,0.0,0.0,0.0,16.97,1.93,0.0
20080725:0510,0.0,7.0,0.0,7.33,16.8,1.72,0.0
20080725:0610,6.0,102.0,0.0,16.83,17.81,1.66,0.0
20080725:0710,80.0,200.0,0.0,26.68,18.66,3.31,0.0
20080725:0810,187.0,254.0,0.0,36.53,19.82,3.31,0.0
20080725:0910,119.0,342.0,0.0,45.89,21.31,3.03,0.0
20080725:1010,186.0,382.0,0.0,54.01,22.98,2.83,0.0
20080725:1110,474.0,293.0,0.0,59.58,24.46,2.55,0.0
20080725:1210,558.01,253.0,0.0,60.93,25.56,2.48,0.0
20080725:1310,386.0,326.0,0.0,57.5,26.84,2.34,0.0
20080725:1410,231.0,347.0,0.0,50.58,27.44,2.0,0.0
20080725:1510,104.0,315.0,0.0,41.77,27.65,2.48,0.0
20080725:1610,56.0,243.0,0.0,32.12,26.97,3.38,0.0
20080725:1710,9.0,143.0,0.0,22.22,25.82,3.79,0.0
20080725:1810,4.0,72.0,0.0,12.48,24.5,3.79,0.0
20080725:1910,3.0,14.4,0.0,3.25,23.29,3.03,0.0
20080725:2010,0.0,0.0,0.0,0.0,22.05,2.83,0.0
20080725:2110,0.0,0.0,0.0,0.0,20.74,2.62,0.0
20080725:2210,0.0,0.0,0.0,0.0,19.65,2.41,0.0
20080725:2310,0.0,0.0,0.0,0.0,18.76,2.28,0.0
20080726:0010,0.0,0.0,0.0,0.0,18.02,1.93,0.0
20080726:0110,0.0,0.0,0.0,0.0,17.71,1.59,0.0
20080726:0210,0.0,0.0,0.0,0.0,17.45,1.38,0.0
20080726:0310,0.0,0.0,0.0,0.0,17.37,1.45,0.0
20080726:0410,0.0,0.0,0.0,0.0,17.16,1.66,0.0
20080726:0510,1.0,31.0,0.0,7.16,17.09,1.79,0.0
20080726:0610,5.0,98.0,0.0,16.67,17.19,1.93,0.0
20080726:0710,15.0,178.0,0.0,26.53,17.78,2.55,0.0
20080726:0810,70.0,275.0,0.0,36.37,18.57,2.41,0.0
20080726:0910,0.0,108.0,0.0,45.72,19.62,2.14,0.0
20080726:1010,0.0,189.0,0.0,53.82,20.66,1.86,0.0
20080726:1110,0.0,162.0,0.0,59.37,22.0,1.79,0.0
20080726:1210,479.0,295.0,0.0,60.71,23.41,1.66,0.0
20080726:1310,456.0,286.0,0.0,57.3,24.24,1.72,0.0
20080726:1410,153.0,366.0,0.0,50.4,25.03,1.66,0.0
20080726:1510,351.0,219.0,0.0,41.61,25.07,1.59,0.0
20080726:1610,292.0,160.0,0.0,31.96,24.95,1.93,0.0
20080726:1710,35.0,161.0,0.0,22.07,24.71,2.28,0.0
20080726:1810,0.0,14.0,0.0,12.32,24.3,2.41,0.0
20080726:1910,0.0,6.0,0.0,3.08,23.14,2.14,0.0
20080726:2010,0.0,0.0,0.0,0.0,22.0,1.93,0.0
20080726:2110,0.0,0.0,0.0,0.0,21.22,1.93,0.0
20080726:2210,0.0,0.0,0.0,0.0,20.49,2.07,0.0
20080726:2310,0.0,0.0,0.0,0.0,19.82,2.21,0.0
20080727:0010,0.0,0.0,0.0,0.0,19.26,2.21,0.0
20080727:0110,0.0,0.0,0.0,0.0,18.55,2.21,0.0
20080727:0210,0.0,0.0,0.0,0.0,18.18,2.21,0.0
20080727:0310,0.0,0.0,0.0,0.0,17.57,2.07,0.0
20080727:0410,0.0,0.0,0.0,0.0,17.23,1.93,0.0
20080727:0510,0.0,28.0,0.0,6.99,16.82,1.86,0.0
20080727:0610,4.0,97.0,0.0,16.51,17.74,1.79,0.0
20080727:0710,0.0,120.0,0.0,26.37,19.0,2.0,0.0
20080727:0810,124.0,270.0,0.0,36.21,20.83,1.72,0.0
20080727:0910,424.0,215.0,0.0,45.55,22.28,1.45,0.0
20080727:1010,196.0,378.0,0.0,53.63,23.38,1.38,0.0
20080727:1110,635.01,195.0,0.0,59.16,24.39,1.72,0.0
20080727:1210,534.01,265.0,0.0,60.49,25.24,2.21,0.0
20080727:1310,220.0,392.0,0.0,57.09,26.34,2.55,0.0
20080727:1410,341.0,298.0,0.0,50.22,26.88,2.69,0.0
20080727:1510,421.0,180.0,0.0,41.44,27.19,2.55,0.0
20080727:1610,239.0,188.0,0.0,31.8,26.88,2.41,0.0
20080727:1710,33.0,161.0,0.0,21.91,26.66,2.21,0.0
20080727:1810,7.0,74.0,0.0,12.16,25.73,1.72,0.0
20080727:1910,1.0,11.82,0.0,2.91,25.07,2.07,0.0
20080727:2010,0.0,0.0,0.0,0.0,23.71,2.28,0.0
20080727:2110,0.0,0.0,0.0,0.0,22.69,2.34,0.0
20080727:2210,0.0,0.0,0.0,0.0,22.14,2.28,0.0
20080727:2310,0.0,0.0,0.0,0.0,21.31,2.07,0.0
20080728:0010,0.0,0.0,0.0,0.0,20.27,1.86,0.0
20080728:0110,0.0,0.0,0.0,0.0,19.57,1.72,0.0
20080728:0210,0.0,0.0,0.0,0.0,18.78,1.72,0.0
20080728:0310,0.0,0.0,0.0,0.0,18.07,1.72,0.0
20080728:0410,0.0,0.0,0.0,0.0,17.47,1.66,0.0
20080728:0510,9.0,42.0,0.0,6.82,17.27,1.72,0.0
20080728:0610,95.0,102.0,0.0,16.35,19.15,1.66,0.0
20080728:0710,234.0,133.0,0.0,26.21,21.6,1.59,0.0
20080728:0810,405.0,135.0,0.0,36.04,23.42,1.59,0.0
20080728:0910,545.0,141.0,0.0,45.37,25.25,1.45,0.0
20080728:1010,636.01,152.0,0.0,53.44,26.48,1.38,0.0
20080728:1110,632.01,195.0,0.0,58.94,27.26,1.59,0.0
20080728:1210,449.0,310.0,0.0,60.27,28.06,1.86,0.0
20080728:1310,119.0,408.0,0.0,56.88,28.7,1.93,0.0
20080728:1410,347.0,293.0,0.0,50.03,29.42,1.86,0.0
20080728:1510,257.0,265.0,0.0,41.27,29.72,1.72,0.0
20080728:1610,0.0,71.0,0.0,31.64,29.79,1.72,0.0
20080728:1710,12.0,144.0,0.0,21.74,29.57,2.0,0.0
20080728:1810,92.0,63.0,0.0,11.99,28.82,1.93,0.0
20080728:1910,0.0,3.0,0.0,2.73,27.27,1.31,0.0
20080728:2010,0.0,0.0,0.0,0.0,24.64,3.86,0.0
20080728:2110,0.0,0.0,0.0,0.0,21.79,4.14,0.0
20080728:2210,0.0,0.0,0.0,0.0,20.51,3.24,0.0
20080728:2310,0.0,0.0,0.0,0.0,19.58,2.14,0.0
20080729:0010,0.0,0.0,0.0,0.0,18.95,1.59,0.0
20080729:0110,0.0,0.0,0.0,0.0,18.69,1.93,0.0
20080729:0210,0.0,0.0,0.0,0.0,18.22,2.69,0.0
20080729:0310,0.0,0.0,0.0,0.0,17.58,3.52,0.0
20080729:0410,0.0,0.0,0.0,0.0,16.54,3.45,0.0
20080729:0510,0.0,23.0,0.0,6.65,15.69,2.9,0.0
20080729:0610,0.0,20.0,0.0,16.18,15.79,2.69,0.0
20080729:0710,0.0,63.0,0.0,26.04,16.31,3.24,0.0
20080729:0810,412.0,134.0,0.0,35.87,17.69,3.45,0.0
20080729:0910,562.0,136.0,0.0,45.19,19.44,3.52,0.0
20080729:1010,456.0,265.0,0.0,53.24,21.08,3.72,0.0
20080729:1110,356.0,353.0,0.0,58.72,22.36,4.07,0.0
20080729:1210,321.0,377.0,0.0,60.03,23.41,4.28,0.0
20080729:1310,514.0,257.0,0.0,56.67,24.19,4.28,0.0
20080729:1410,264.0,334.0,0.0,49.83,24.93,4.34,0.0
20080729:1510,115.0,312.0,0.0,41.09,25.25,4.21,0.0
20080729:1610,168.0,220.0,0.0,31.47,25.56,4.0,0.0
20080729:1710,27.0,156.0,0.0,21.57,25.29,3.31,0.0
20080729:1810,60.0,75.0,0.0,11.82,24.75,2.07,0.0
20080729:1910,0.0,11.0,0.0,2.54,23.39,1.03,0.0
20080729:2010,0.0,0.0,0.0,0.0,21.99,1.03,0.0
20080729:2110,0.0,0.0,0.0,0.0,21.1,1.03,0.0
20080729:2210,0.0,0.0,0.0,0.0,20.26,1.1,0.0
20080729:2310,0.0,0.0,0.0,0.0,19.68,1.1,0.0
20080730:0010,0.0,0.0,0.0,0.0,19.25,1.17,0.0
20080730:0110,0.0,0.0,0.0,0.0,18.75,1.24,0.0
20080730:0210,0.0,0.0,0.0,0.0,18.52,1.1,0.0
20080730:0310,0.0,0.0,0.0,0.0,18.11,1.17,0.0
20080730:0410,0.0,0.0,0.0,0.0,17.17,1.45,0.0
20080730:0510,3.0,33.0,0.0,6.47,17.65,1.31,0.0
20080730:0610,127.0,85.0,0.0,16.01,19.11,1.03,0.0
20080730:0710,257.0,119.0,0.0,25.88,20.01,1.52,0.0
20080730:0810,343.0,172.0,0.0,35.71,22.33,1.86,0.0
20080730:0910,532.0,148.0,0.0,45.01,23.89,1.86,0.0
20080730:1010,639.01,151.0,0.0,53.03,25.28,1.45,0.0
20080730:1110,472.0,291.0,0.0,58.49,26.29,1.1,0.0
20080730:1210,342.0,364.0,0.0,59.8,27.25,1.03,0.0
20080730:1310,334.0,347.0,0.0,56.44,27.65,1.1,0.0
20080730:1410,149.0,366.0,0.0,49.63,28.26,1.1,0.0
20080730:1510,113.0,310.0,0.0,40.91,28.58,1.38,0.0
20080730:1610,375.0,111.0,0.0,31.29,28.61,1.59,0.0
20080730:1710,121.0,142.0,0.0,21.4,28.41,1.66,0.0
20080730:1810,9.0,74.0,0.0,11.64,27.62,1.72,0.0
20080730:1910,0.0,11.0,0.0,2.35,26.43,1.93,0.0
20080730:2010,0.0,0.0,0.0,0.0,24.81,2.28,0.0
20080730:2110,0.0,0.0,0.0,0.0,23.67,2.48,0.0
20080730:2210,0.0,0.0,0.0,0.0,22.78,2.48,0.0
20080730:2310,0.0,0.0,0.0,0.0,22.16,2.48,0.0
20080731:0010,0.0,0.0,0.0,0.0,21.76,2.62,0.0
20080731:0110,0.0,0.0,0.0,0.0,21.42,2.69,0.0
20080731:0210,0.0,0.0,0.0,0.0,21.11,2.34,0.0
20080731:0310,0.0,0.0,0.0,0.0,20.91,2.0,0.0
20080731:0410,0.0,0.0,0.0,0.0,20.34,1.93,0.0
20080731:0510,0.0,6.0,0.0,6.29,20.0,1.52,0.0
20080731:0610,0.0,56.0,0.0,15.84,20.6,1.31,0.0
20080731:0710,31.0,186.0,0.0,25.71,22.12,1.45,0.0
20080731:0810,90.0,267.0,0.0,35.53,23.83,1.66,0.0
20080731:0910,217.0,307.0,0.0,44.83,25.77,1.66,0.0
20080731:1010,174.0,376.0,0.0,52.83,27.5,1.66,0.0
20080731:1110,668.01,163.0,0.0,58.26,28.92,2.14,0.0
20080731:1210,643.01,188.0,0.0,59.55,30.16,2.76,0.0
20080731:1310,576.01,207.0,0.0,56.21,31.13,3.17,0.0
20080731:1410,437.0,237.0,0.0,49.43,31.8,3.52,0.0
20080731:1510,153.0,297.0,0.0,40.72,31.86,3.52,0.0
20080731:1610,0.0,100.0,0.0,31.11,31.56,4.07,0.0
20080731:1710,0.0,46.0,0.0,21.22,29.3,3.31,0.0
20080731:1810,0.0,14.0,0.0,11.45,26.43,3.93,0.0
20080731:1910,0.0,2.0,0.0,2.16,23.89,2.14,0.0
20080731:2010,0.0,0.0,0.0,0.0,22.29,3.38,0.0
20080731:2110,0.0,0.0,0.0,0.0,21.56,3.24,0.0
20080731:2210,0.0,0.0,0.0,0.0,21.49,4.0,0.0
20080731:2310,0.0,0.0,0.0,0.0,21.58,4.41,0.0
20080801:0010,0.0,0.0,0.0,0.0,20.92,4.48,0.0
20080801:0110,0.0,0.0,0.0,0.0,19.94,4.69,0.0
20080801:0210,0.0,0.0,0.0,0.0,19.41,5.17,0.0
20080801:0310,0.0,0.0,0.0,0.0,19.21,5.45,0.0
20080801:0410,0.0,0.0,0.0,0.0,18.82,5.24,0.0
20080801:0510,0.0,11.0,0.0,6.11,18.24,4.69,0.0
20080801:0610,14.0,106.0,0.0,15.67,17.94,4.69,0.0
20080801:0710,77.0,194.0,0.0,25.54,17.79,5.03,0.0
20080801:0810,178.0,253.0,0.0,35.36,18.7,5.03,0.0
20080801:0910,355.0,253.0,0.0,44.64,20.11,5.1,0.0
20080801:1010,312.0,336.0,0.0,52.62,21.27,5.1,0.0
20080801:1110,223.0,404.0,0.0,58.02,21.95,5.1,0.0
20080801:1210,306.0,382.0,0.0,59.31,22.2,5.1,0.0
20080801:1310,0.0,106.0,0.0,55.98,22.31,5.17,0.0
20080801:1410,0.0,95.0,0.0,49.21,22.7,5.31,0.0
20080801:1510,237.0,275.0,0.0,40.52,22.51,5.17,0.0
20080801:1610,48.0,236.0,0.0,30.92,22.53,4.97,0.0
20080801:1710,114.0,144.0,0.0,21.03,22.58,4.69,0.0
20080801:1810,5.0,68.0,0.0,11.26,22.28,4.0,0.0
20080801:1910,0.0,8.0,0.0,1.96,21.13,3.1,0.0
20080801:2010,0.0,0.0,0.0,0.0,20.41,2.76,0.0
20080801:2110,0.0,0.0,0.0,0.0,19.64,2.48,0.0
20080801:2210,0.0,0.0,0.0,0.0,19.03,2.34,0.0
20080801:2310,0.0,0.0,0.0,0.0,18.2,2.41,0.0
20080802:0010,0.0,0.0,0.0,0.0,17.81,2.55,0.0
20080802:0110,0.0,0.0,0.0,0.0,17.11,2.62,0.0
20080802:0210,0.0,0.0,0.0,0.0,16.58,2.62,0.0
20080802:0310,0.0,0.0,0.0,0.0,15.98,2.69,0.0
20080802:0410,0.0,0.0,0.0,0.0,15.36,2.76,0.0
20080802:0510,17.0,35.0,0.0,5.93,15.27,2.83,0.0
20080802:0610,0.0,33.0,0.0,15.5,16.29,3.24,0.0
20080802:0710,1.0,128.0,0.0,25.37,16.78,5.1,0.0
20080802:0810,33.0,255.0,0.0,35.18,17.64,5.66,0.0
20080802:0910,0.0,208.0,0.0,44.45,18.03,5.59,0.0
20080802:1010,0.0,136.0,0.0,52.4,18.37,6.62,0.0
20080802:1110,0.0,168.0,0.0,57.78,18.36,6.83,0.0
20080802:1210,2.0,291.0,0.0,59.05,18.12,6.55,0.0
20080802:1310,0.0,138.0,0.0,55.74,18.4,6.69,0.0
20080802:1410,0.0,120.0,0.0,49.0,18.98,6.41,0.0
20080802:1510,75.0,305.0,0.0,40.32,19.86,5.52,0.0
20080802:1610,123.0,226.0,0.0,30.73,20.49,3.93,0.0
20080802:1710,84.0,149.0,0.0,20.84,21.15,3.86,0.0
20080802:1810,70.0,63.0,0.0,11.06,21.45,3.59,0.0
20080802:1910,0.0,6.0,0.0,1.75,21.09,4.07,0.0
20080802:2010,0.0,0.0,0.0,0.0,20.71,3.79,0.0
20080802:2110,0.0,0.0,0.0,0.0,20.21,3.45,0.0
20080802:2210,0.0,0.0,0.0,0.0,19.81,3.03,0.0
20080802:2310,0.0,0.0,0.0,0.0,19.26,2.69,0.0
20080803:0010,0.0,0.0,0.0,0.0,18.83,2.55,0.0
20080803:0110,0.0,0.0,0.0,0.0,18.3,2.83,0.0
20080803:0210,0.0,0.0,0.0,0.0,17.57,3.17,0.0
20080803:0310,0.0,0.0,0.0,0.0,17.23,3.24,0.0
20080803:0410,0.0,0.0,0.0,0.0,17.05,3.38,0.0
20080803:0510,0.0,19.0,0.0,5.75,17.17,3.59,0.0
20080803:0610,2.0,82.0,0.0,15.32,17.39,3.72,0.0
20080803:0710,0.0,85.0,0.0,25.2,17.69,3.72,0.0
20080803:0810,9.0,221.0,0.0,35.0,18.26,4.34,0.0
20080803:0910,41.0,316.0,0.0,44.26,18.88,5.1,0.0
20080803:1010,6.0,290.0,0.0,52.19,19.73,5.38,0.0
20080803:1110,0.0,168.0,0.0,57.53,20.58,5.38,0.0
20080803:1210,37.0,386.0,0.0,58.79,21.54,5.72,0.0
20080803:1310,1.0,268.0,0.0,55.49,22.0,5.93,0.0
20080803:1410,0.0,182.0,0.0,48.77,22.57,6.62,0.0
20080803:1510,12.0,256.0,0.0,40.11,23.07,6.41,0.0
20080803:1610,5.0,182.0,0.0,30.53,23.12,5.86,0.0
20080803:1710,84.0,146.0,0.0,20.64,22.65,4.97,0.0
20080803:1810,2.0,55.0,0.0,10.86,22.11,5.03,0.0
20080803:1910,0.0,4.0,0.0,1.54,21.75,6.41,0.0
20080803:2010,0.0,0.0,0.0,0.0,20.99,6.48,0.0
20080803:2110,0.0,0.0,0.0,0.0,20.47,6.69,0.0
20080803:2210,0.0,0.0,0.0,0.0,19.87,6.48,0.0
20080803:2310,0.0,0.0,0.0,0.0,19.47,6.34,0.0
20080804:0010,0.0,0.0,0.0,0.0,19.07,6.28,0.0
20080804:0110,0.0,0.0,0.0,0.0,18.76,6.34,0.0
20080804:0210,0.0,0.0,0.0,0.0,18.44,6.21,0.0
20080804:0310,0.0,0.0,0.0,0.0,18.04,6.14,0.0
20080804:0410,0.0,0.0,0.0,0.0,18.02,5.66,0.0
20080804:0510,0.0,6.0,0.0,5.56,17.75,4.76,0.0
20080804:0610,0.0,70.0,0.0,15.14,17.57,3.66,0.0
20080804:0710,1.0,125.0,0.0,25.02,16.85,2.97,0.0
20080804:0810,54.0,263.0,0.0,34.82,16.98,2.55,0.0
20080804:0910,149.0,327.0,0.0,44.06,17.45,2.48,0.0
20080804:1010,47.0,365.0,0.0,51.96,18.25,2.34,0.0
20080804:1110,135.0,413.0,0.0,57.28,20.08,3.31,0.0
20080804:1210,40.0,391.0,0.0,58.53,21.5,4.34,0.0
20080804:1310,490.01,259.0,0.0,55.24,22.34,4.76,0.0
20080804:1410,349.0,284.0,0.0,48.54,22.88,4.62,0.0
20080804:1510,234.0,267.0,0.0,39.9,23.61,4.69,0.0
20080804:1610,81.0,232.0,0.0,30.33,23.53,4.48,0.0
20080804:1710,159.0,115.0,0.0,20.44,23.21,4.28,0.0
20080804:1810,48.0,68.0,0.0,10.65,22.42,3.17,0.0
20080804:1910,0.0,0.0,0.0,0.0,20.71,2.55,0.0
20080804:2010,0.0,0.0,0.0,0.0,19.25,2.28,0.0
20080804:2110,0.0,0.0,0.0,0.0,18.13,2.14,0.0
20080804:2210,0.0,0.0,0.0,0.0,17.19,1.86,0.0
20080804:2310,0.0,0.0,0.0,0.0,16.01,1.72,0.0
20080805:0010,0.0,0.0,0.0,0.0,15.72,1.03,0.0
20080805:0110,0.0,0.0,0.0,0.0,16.75,0.21,0.0
20080805:0210,0.0,0.0,0.0,0.0,16.09,0.76,0.0
20080805:0310,0.0,0.0,0.0,0.0,15.37,1.03,0.0
20080805:0410,0.0,0.0,0.0,0.0,15.49,1.31,0.0
20080805:0510,6.0,28.55,0.0,5.37,15.63,1.45,0.0
20080805:0610,38.0,105.0,0.0,14.96,16.35,1.45,0.0
20080805:0710,261.0,105.0,0.0,24.84,16.64,1.38,0.0
20080805:0810,417.0,118.0,0.0,34.64,17.18,1.72,0.0
20080805:0910,530.0,138.0,0.0,43.86,20.34,2.76,0.0
20080805:1010,611.01,156.0,0.0,51.74,22.26,2.9,0.0
20080805:1110,728.01,128.0,0.0,57.03,23.55,2.69,0.0
20080805:1210,618.01,201.0,0.0,58.26,24.51,2.41,0.0
20080805:1310,635.01,167.0,0.0,54.99,25.2,2.28,0.0
20080805:1410,247.0,326.0,0.0,48.31,25.87,2.48,0.0
20080805:1510,95.0,302.0,0.0,39.68,26.11,2.21,0.0
20080805:1610,134.0,217.0,0.0,30.12,26.06,2.21,0.0
20080805:1710,213.0,86.0,0.0,20.23,25.9,2.28,0.0
20080805:1810,15.0,69.0,0.0,10.44,25.25,1.93,0.0
20080805:1910,0.0,0.0,0.0,0.0,23.96,2.07,0.0
20080805:2010,0.0,0.0,0.0,0.0,22.14,2.41,0.0
20080805:2110,0.0,0.0,0.0,0.0,20.88,2.55,0.0
20080805:2210,0.0,0.0,0.0,0.0,20.06,2.69,0.0
20080805:2310,0.0,0.0,0.0,0.0,19.35,2.62,0.0
20080806:0010,0.0,0.0,0.0,0.0,18.63,2.48,0.0
20080806:0110,0.0,0.0,0.0,0.0,17.96,2.55,0.0
20080806:0210,0.0,0.0,0.0,0.0,17.31,2.28,0.0
20080806:0310,0.0,0.0,0.0,0.0,16.55,2.07,0.0
20080806:0410,0.0,0.0,0.0,0.0,15.78,2.0,0.0
20080806:0510,9.0,27.75,0.0,5.18,15.26,2.0,0.0
20080806:0610,125.0,74.0,0.0,14.78,16.51,1.52,0.0
20080806:0710,271.0,100.0,0.0,24.66,20.1,1.79,0.0
20080806:0810,416.0,119.0,0.0,34.45,22.72,1.93,0.0
20080806:0910,535.0,137.0,0.0,43.66,24.95,2.76,0.0
20080806:1010,635.01,144.0,0.0,51.51,26.46,3.17,0.0
20080806:1110,314.0,360.0,0.0,56.77,27.7,2.9,0.0
20080806:1210,767.01,118.0,0.0,57.99,28.56,2.55,0.0
20080806:1310,664.01,151.0,0.0,54.73,29.37,2.48,0.0
20080806:1410,593.01,142.0,0.0,48.07,29.91,2.62,0.0
20080806:1510,454.0,146.0,0.0,39.46,30.33,2.69,0.0
20080806:1610,334.0,119.0,0.0,29.9,30.29,2.48,0.0
20080806:1710,194.0,93.0,0.0,20.02,29.88,2.62,0.0
20080806:1810,48.0,64.0,0.0,10.22,28.86,2.28,0.0
20080806:1910,0.0,0.0,0.0,0.0,27.15,2.69,0.0
20080806:2010,0.0,0.0,0.0,0.0,25.83,3.1,0.0
20080806:2110,0.0,0.0,0.0,0.0,24.93,3.31,0.0
20080806:2210,0.0,0.0,0.0,0.0,24.12,3.31,0.0
20080806:2310,0.0,0.0,0.0,0.0,23.68,3.24,0.0
20080807:0010,0.0,0.0,0.0,0.0,23.1,2.83,0.0
20080807:0110,0.0,0.0,0.0,0.0,22.27,1.93,0.0
20080807:0210,0.0,0.0,0.0,0.0,21.26,2.21,0.0
20080807:0310,0.0,0.0,0.0,0.0,19.07,3.03,0.0
20080807:0410,0.0,0.0,0.0,0.0,18.3,1.17,0.0
20080807:0510,0.0,11.0,0.0,4.99,17.85,0.9,0.0
20080807:0610,0.0,55.0,0.0,14.6,18.38,1.03,0.0
20080807:0710,146.0,159.0,0.0,24.48,18.88,2.41,0.0
20080807:0810,373.0,136.0,0.0,34.27,19.4,2.97,0.0
20080807:0910,49.0,316.0,0.0,43.46,19.07,3.59,0.0
20080807:1010,0.0,198.0,0.0,51.28,19.81,4.0,0.0
20080807:1110,98.0,404.0,0.0,56.51,22.1,4.07,0.0
20080807:1210,33.0,376.0,0.0,57.71,23.41,4.41,0.0
20080807:1310,0.0,133.0,0.0,54.46,24.08,4.9,0.0
20080807:1410,0.0,152.0,0.0,47.82,24.14,4.76,0.0
20080807:1510,271.0,241.0,0.0,39.23,23.01,5.38,0.0
20080807:1610,0.0,132.0,0.0,29.68,21.79,4.83,0.0
20080807:1710,154.0,109.0,0.0,19.8,21.92,5.03,0.0
20080807:1810,57.0,57.0,0.0,10.0,20.23,3.59,0.0
20080807:1910,0.0,0.0,0.0,0.0,19.74,3.45,0.0
20080807:2010,0.0,0.0,0.0,0.0,19.14,3.93,0.0
20080807:2110,0.0,0.0,0.0,0.0,18.38,4.21,0.0
20080807:2210,0.0,0.0,0.0,0.0,17.44,4.83,0.0
20080807:2310,0.0,0.0,0.0,0.0,17.03,4.48,0.0
20080808:0010,0.0,0.0,0.0,0.0,16.83,4.34,0.0
20080808:0110,0.0,0.0,0.0,0.0,16.59,4.41,0.0
20080808:0210,0.0,0.0,0.0,0.0,16.55,4.97,0.0
20080808:0310,0.0,0.0,0.0,0.0,16.07,4.97,0.0
20080808:0410,0.0,0.0,0.0,0.0,15.57,4.34,0.0
20080808:0510,9.0,25.73,0.0,4.8,15.61,4.0,0.0
20080808:0610,14.0,96.0,0.0,14.41,15.99,3.72,0.0
20080808:0710,35.0,180.0,0.0,24.3,16.58,4.34,0.0
20080808:0810,124.0,255.0,0.0,34.08,17.53,4.69,0.0
20080808:0910,0.0,168.0,0.0,43.25,18.68,4.83,0.0
20080808:1010,321.0,317.0,0.0,51.05,19.39,4.97,0.0
20080808:1110,678.01,153.0,0.0,56.25,20.18,5.1,0.0
20080808:1210,237.0,393.0,0.0,57.43,20.84,5.24,0.0
20080808:1310,42.0,373.0,0.0,54.19,21.33,5.24,0.0
20080808:1410,0.0,83.0,0.0,47.57,21.92,5.31,0.0
20080808:1510,44.0,289.0,0.0,38.99,21.7,5.45,0.0
20080808:1610,33.0,217.0,0.0,29.45,21.26,5.38,0.0
20080808:1710,5.0,119.0,0.0,19.57,20.82,4.69,0.0
20080808:1810,0.0,44.0,0.0,9.77,20.26,4.0,0.0
20080808:1910,0.0,0.0,0.0,0.0,18.79,3.79,0.0
20080808:2010,0.0,0.0,0.0,0.0,18.22,3.31,0.0
20080808:2110,0.0,0.0,0.0,0.0,17.69,2.76,0.0
20080808:2210,0.0,0.0,0.0,0.0,17.28,2.21,0.0
20080808:2310,0.0,0.0,0.0,0.0,16.75,2.0,0.0
20080809:0010,0.0,0.0,0.0,0.0,16.2,1.93,0.0
20080809:0110,0.0,0.0,0.0,0.0,15.59,2.14,0.0
20080809:0210,0.0,0.0,0.0,0.0,15.51,1.93,0.0
20080809:0310,0.0,0.0,0.0,0.0,15.31,1.86,0.0
20080809:0410,0.0,0.0,0.0,0.0,15.03,1.72,0.0
20080809:0510,5.0,24.78,0.0,4.6,14.57,1.66,0.0
20080809:0610,91.0,85.0,0.0,14.23,15.01,1.66,0.0
20080809:0710,91.0,178.0,0.0,24.11,15.77,2.21,0.0
20080809:0810,171.0,241.0,0.0,33.89,16.86,2.69,0.0
20080809:0910,245.0,290.0,0.0,43.04,18.31,3.38,0.0
20080809:1010,321.0,318.0,0.0,50.81,19.93,4.41,0.0
20080809:1110,227.0,389.0,0.0,55.98,21.0,4.48,0.0
20080809:1210,421.0,313.0,0.0,57.15,21.89,4.41,0.0
20080809:1310,427.0,287.0,0.0,53.91,22.88,4.34,0.0
20080809:1410,408.0,246.0,0.0,47.31,23.52,4.28,0.0
20080809:1510,91.0,298.0,0.0,38.75,23.55,4.21,0.0
20080809:1610,240.0,166.0,0.0,29.22,23.42,4.07,0.0
20080809:1710,206.0,82.0,0.0,19.34,23.4,3.79,0.0
20080809:1810,67.0,51.0,0.0,9.54,22.81,3.31,0.0
20080809:1910,0.0,0.0,0.0,0.0,21.55,3.1,0.0
20080809:2010,0.0,0.0,0.0,0.0,20.25,3.03,0.0
20080809:2110,0.0,0.0,0.0,0.0,19.33,3.17,0.0
20080809:2210,0.0,0.0,0.0,0.0,18.62,3.31,0.0
20080809:2310,0.0,0.0,0.0,0.0,18.02,3.31,0.0
20080810:0010,0.0,0.0,0.0,0.0,17.43,3.31,0.0
20080810:0110,0.0,0.0,0.0,0.0,16.93,3.52,0.0
20080810:0210,0.0,0.0,0.0,0.0,16.75,3.93,0.0
20080810:0310,0.0,0.0,0.0,0.0,16.58,4.0,0.0
20080810:0410,0.0,0.0,0.0,0.0,16.32,3.79,0.0
20080810:0510,0.0,17.0,0.0,4.4,16.1,3.72,0.0
20080810:0610,4.0,82.0,0.0,14.04,16.24,3.79,0.0
20080810:0710,44.0,178.0,0.0,23.93,16.91,6.0,0.0
20080810:0810,0.0,149.0,0.0,33.69,17.92,6.0,0.0
20080810:0910,13.0,274.0,0.0,42.83,18.81,5.79,0.0
20080810:1010,128.0,373.0,0.0,50.57,20.1,6.14,0.0
20080810:1110,12.0,332.0,0.0,55.7,21.32,6.34,0.0
20080810:1210,0.0,168.0,0.0,56.86,21.86,6.41,0.0
20080810:1310,0.0,156.0,0.0,53.63,21.93,6.41,0.0
20080810:1410,0.0,158.0,0.0,47.05,21.93,6.14,0.0
20080810:1510,0.0,188.0,0.0,38.51,21.54,5.72,0.0
20080810:1610,20.0,203.0,0.0,28.99,21.45,6.34,0.0
20080810:1710,80.0,134.0,0.0,19.11,21.27,5.38,0.0
20080810:1810,2.0,50.0,0.0,9.3,21.04,4.76,0.0
20080810:1910,0.0,0.0,0.0,0.0,20.23,4.69,0.0
20080810:2010,0.0,0.0,0.0,0.0,19.37,4.41,0.0
20080810:2110,0.0,0.0,0.0,0.0,18.72,4.21,0.0
20080810:2210,0.0,0.0,0.0,0.0,18.01,3.66,0.0
20080810:2310,0.0,0.0,0.0,0.0,17.61,3.24,0.0
20080811:0010,0.0,0.0,0.0,0.0,17.0,3.03,0.0
20080811:0110,0.0,0.0,0.0,0.0,16.11,2.76,0.0
20080811:0210,0.0,0.0,0.0,0.0,15.56,2.55,0.0
20080811:0310,0.0,0.0,0.0,0.0,14.84,2.34,0.0
20080811:0410,0.0,0.0,0.0,0.0,14.69,2.07,0.0
20080811:0510,14.0,19.7,0.0,4.2,14.36,2.07,0.0
20080811:0610,94.0,81.0,0.0,13.85,14.43,2.28,0.0
20080811:0710,192.0,135.0,0.0,23.74,15.4,2.14,0.0
20080811:0810,83.0,260.0,0.0,33.5,16.43,2.0,0.0
20080811:0910,161.0,319.0,0.0,42.62,17.5,1.66,0.0
20080811:1010,239.0,352.0,0.0,50.33,18.61,2.28,0.0
20080811:1110,503.01,261.0,0.0,55.43,19.86,3.03,0.0
20080811:1210,178.0,409.0,0.0,56.56,20.8,3.86,0.0
20080811:1310,214.0,381.0,0.0,53.34,21.54,4.34,0.0
20080811:1410,163.0,349.0,0.0,46.78,21.76,3.79,0.0
20080811:1510,38.0,284.0,0.0,38.26,22.41,4.07,0.0
20080811:1610,13.0,195.0,0.0,28.75,22.3,4.21,0.0
20080811:1710,8.0,121.0,0.0,18.87,21.78,3.79,0.0
20080811:1810,2.0,48.0,0.0,9.06,21.11,2.83,0.0
20080811:1910,0.0,0.0,0.0,0.0,19.78,2.62,0.0
20080811:2010,0.0,0.0,0.0,0.0,18.69,2.62,0.0
20080811:2110,0.0,0.0,0.0,0.0,17.81,2.9,0.0
20080811:2210,0.0,0.0,0.0,0.0,17.44,3.45,0.0
20080811:2310,0.0,0.0,0.0,0.0,17.12,3.66,0.0
20080812:0010,0.0,0.0,0.0,0.0,16.95,3.93,0.0
20080812:0110,0.0,0.0,0.0,0.0,16.6,4.14,0.0
20080812:0210,0.0,0.0,0.0,0.0,15.93,4.28,0.0
20080812:0310,0.0,0.0,0.0,0.0,16.11,5.17,0.0
20080812:0410,0.0,0.0,0.0,0.0,17.02,6.07,0.0
20080812:0510,0.0,15.0,0.0,4.0,17.88,6.97,0.0
20080812:0610,16.0,93.0,0.0,13.66,18.09,7.86,0.0
20080812:0710,253.0,99.0,0.0,23.55,18.55,6.83,0.0
20080812:0810,244.0,204.0,0.0,33.3,19.15,6.83,0.0
20080812:0910,213.0,298.0,0.0,42.4,20.26,6.76,0.0
20080812:1010,261.0,338.0,0.0,50.08,21.32,6.62,0.0
20080812:1110,279.0,366.0,0.0,55.15,21.95,6.83,0.0
20080812:1210,611.01,198.0,0.0,56.26,22.68,7.45,0.0
20080812:1310,497.01,243.0,0.0,53.05,22.87,7.38,0.0
20080812:1410,549.01,156.0,0.0,46.51,22.68,7.79,0.0
20080812:1510,174.0,276.0,0.0,38.0,22.19,7.93,0.0
20080812:1610,148.0,201.0,0.0,28.5,21.63,8.21,0.0
20080812:1710,24.0,135.0,0.0,18.63,20.81,7.79,0.0
20080812:1810,25.0,58.0,0.0,8.81,20.08,7.03,0.0
20080812:1910,0.0,0.0,0.0,0.0,18.86,6.83,0.0
20080812:2010,0.0,0.0,0.0,0.0,18.11,6.28,0.0
20080812:2110,0.0,0.0,0.0,0.0,17.53,6.21,0.0
20080812:2210,0.0,0.0,0.0,0.0,16.84,6.28,0.0
20080812:2310,0.0,0.0,0.0,0.0,16.33,6.28,0.0
20080813:0010,0.0,0.0,0.0,0.0,15.88,6.21,0.0
20080813:0110,0.0,0.0,0.0,0.0,15.77,6.28,0.0
20080813:0210,0.0,0.0,0.0,0.0,15.46,6.41,0.0
20080813:0310,0.0,0.0,0.0,0.0,15.36,6.76,0.0
20080813:0410,0.0,0.0,0.0,0.0,15.15,6.9,0.0
20080813:0510,5.0,18.87,0.0,3.8,15.01,6.76,0.0
20080813:0610,104.0,72.0,0.0,13.46,15.27,6.9,0.0
20080813:0710,192.0,132.0,0.0,23.36,16.06,7.79,0.0
20080813:0810,134.0,249.0,0.0,33.1,16.89,8.21,0.0
20080813:0910,146.0,319.0,0.0,42.19,17.88,8.41,0.0
20080813:1010,11.0,310.0,0.0,49.83,18.94,8.55,0.0
20080813:1110,394.0,316.0,0.0,54.86,20.01,8.62,0.0
20080813:1210,530.01,250.0,0.0,55.96,20.1,7.93,0.0
20080813:1310,300.0,346.0,0.0,52.75,20.77,8.14,0.0
20080813:1410,0.0,83.0,0.0,46.23,20.9,8.21,0.0
20080813:1510,121.0,290.0,0.0,37.74,21.17,8.41,0.0
20080813:1610,194.0,182.0,0.0,28.25,20.84,7.72,0.0
20080813:1710,159.0,97.0,0.0,18.38,20.26,6.55,0.0
20080813:1810,47.0,50.0,0.0,8.55,19.68,5.31,0.0
20080813:1910,0.0,0.0,0.0,0.0,18.6,4.97,0.0
20080813:2010,0.0,0.0,0.0,0.0,17.56,4.55,0.0
20080813:2110,0.0,0.0,0.0,0.0,16.91,4.34,0.0
20080813:2210,0.0,0.0,0.0,0.0,16.37,3.93,0.0
20080813:2310,0.0,0.0,0.0,0.0,15.7,3.59,0.0
20080814:0010,0.0,0.0,0.0,0.0,15.18,3.38,0.0
20080814:0110,0.0,0.0,0.0,0.0,14.54,3.17,0.0
20080814:0210,0.0,0.0,0.0,0.0,13.87,3.03,0.0
20080814:0310,0.0,0.0,0.0,0.0,13.15,2.9,0.0
20080814:0410,0.0,0.0,0.0,0.0,12.53,2.83,0.0
20080814:0510,4.0,17.14,0.0,3.6,12.01,2.76,0.0
20080814:0610,110.0,68.0,0.0,13.27,12.62,2.41,0.0
20080814:0710,226.0,112.0,0.0,23.17,14.17,3.52,0.0
20080814:0810,35.0,246.0,0.0,32.9,15.43,3.38,0.0
20080814:0910,374.0,223.0,0.0,41.96,16.59,3.38,0.0
20080814:1010,291.0,327.0,0.0,49.58,17.8,3.52,0.0
20080814:1110,412.0,306.0,0.0,54.57,18.7,3.52,0.0
20080814:1210,126.0,412.0,0.0,55.65,19.32,3.52,0.0
20080814:1310,0.0,82.0,0.0,52.45,19.78,3.59,0.0
20080814:1410,0.0,97.0,0.0,45.95,19.93,3.45,0.0
20080814:1510,5.0,222.0,0.0,37.47,20.13,3.1,0.0
20080814:1610,228.0,164.0,0.0,27.99,20.31,2.83,0.0
20080814:1710,194.0,78.0,0.0,18.12,19.83,2.21,0.0
20080814:1810,18.0,55.0,0.0,8.3,19.44,1.45,0.0
20080814:1910,0.0,0.0,0.0,0.0,18.05,1.38,0.0
20080814:2010,0.0,0.0,0.0,0.0,16.26,1.59,0.0
20080814:2110,0.0,0.0,0.0,0.0,15.24,2.07,0.0
20080814:2210,0.0,0.0,0.0,0.0,14.31,1.86,0.0
20080814:2310,0.0,0.0,0.0,0.0,13.85,1.59,0.0
20080815:0010,0.0,0.0,0.0,0.0,13.34,1.31,0.0
20080815:0110,0.0,0.0,0.0,0.0,12.98,1.1,0.0
20080815:0210,0.0,0.0,0.0,0.0,12.65,1.24,0.0
20080815:0310,0.0,0.0,0.0,0.0,12.28,1.72,0.0
20080815:0410,0.0,0.0,0.0,0.0,12.11,2.07,0.0
20080815:0510,1.0,13.82,0.0,3.4,12.23,2.21,0.0
20080815:0610,0.0,50.0,0.0,13.08,12.89,2.41,0.0
20080815:0710,0.0,92.0,0.0,22.97,13.38,3.17,0.0
20080815:0810,4.0,195.0,0.0,32.7,14.55,3.38,0.0
20080815:0910,158.0,313.0,0.0,41.74,15.9,3.1,0.0
20080815:1010,581.01,166.0,0.0,49.33,17.34,2.41,0.0
20080815:1110,505.01,253.0,0.0,54.28,18.66,1.93,0.0
20080815:1210,494.01,266.0,0.0,55.34,19.76,2.34,0.0
20080815:1310,248.0,363.0,0.0,52.14,20.85,2.97,0.0
20080815:1410,426.0,227.0,0.0,45.66,21.17,3.1,0.0
20080815:1510,212.0,258.0,0.0,37.2,21.1,3.31,0.0
20080815:1610,300.0,120.0,0.0,27.73,20.68,3.59,0.0
20080815:1710,131.0,106.0,0.0,17.87,20.14,3.66,0.0
20080815:1810,45.0,46.0,0.0,8.04,19.49,2.9,0.0
20080815:1910,0.0,0.0,0.0,0.0,18.65,1.86,0.0
20080815:2010,0.0,0.0,0.0,0.0,17.12,1.72,0.0
20080815:2110,0.0,0.0,0.0,0.0,15.52,1.66,0.0
20080815:2210,0.0,0.0,0.0,0.0,14.85,1.66,0.0
20080815:2310,0.0,0.0,0.0,0.0,14.03,1.93,0.0
20080816:0010,0.0,0.0,0.0,0.0,13.34,2.0,0.0
20080816:0110,0.0,0.0,0.0,0.0,12.75,2.07,0.0
20080816:0210,0.0,0.0,0.0,0.0,12.43,2.28,0.0
20080816:0310,0.0,0.0,0.0,0.0,12.3,2.34,0.0
20080816:0410,0.0,0.0,0.0,0.0,12.22,2.41,0.0
20080816:0510,0.0,11.0,0.0,3.19,12.29,2.55,0.0
20080816:0610,2.0,71.0,0.0,12.88,13.41,2.55,0.0
20080816:0710,68.0,172.0,0.0,22.78,15.27,2.55,0.0
20080816:0810,290.0,174.0,0.0,32.49,17.59,2.97,0.0
20080816:0910,471.0,160.0,0.0,41.52,19.45,3.66,0.0
20080816:1010,429.0,252.0,0.0,49.07,20.47,4.41,0.0
20080816:1110,305.0,351.0,0.0,53.99,21.23,4.55,0.0
20080816:1210,46.0,384.0,0.0,55.02,22.15,4.62,0.0
20080816:1310,67.0,380.0,0.0,51.83,22.45,4.48,0.0
20080816:1410,6.0,270.0,0.0,45.37,22.57,4.0,0.0
20080816:1510,1.0,192.0,0.0,36.93,22.88,3.86,0.0
20080816:1610,5.0,168.0,0.0,27.47,22.76,3.31,0.0
20080816:1710,8.0,113.0,0.0,17.6,22.12,2.21,0.0
20080816:1810,6.0,47.0,0.0,7.77,21.14,1.59,0.0
20080816:1910,0.0,0.0,0.0,0.0,19.62,2.28,0.0
20080816:2010,0.0,0.0,0.0,0.0,18.34,2.14,0.0
20080816:2110,0.0,0.0,0.0,0.0,17.32,1.66,0.0
20080816:2210,0.0,0.0,0.0,0.0,16.19,1.45,0.0
20080816:2310,0.0,0.0,0.0,0.0,15.94,1.79,0.0
20080817:0010,0.0,0.0,0.0,0.0,15.73,2.21,0.0
20080817:0110,0.0,0.0,0.0,0.0,15.73,2.34,0.0
20080817:0210,0.0,0.0,0.0,0.0,15.74,2.41,0.0
20080817:0310,0.0,0.0,0.0,0.0,15.59,2.48,0.0
20080817:0410,0.0,0.0,0.0,0.0,15.3,2.62,0.0
20080817:0510,1.0,10.84,0.0,2.98,14.86,2.76,0.0
20080817:0610,1.0,63.0,0.0,12.68,15.46,2.69,0.0
20080817:0710,17.0,158.0,0.0,22.58,16.48,3.93,0.0
20080817:0810,14.0,217.0,0.0,32.29,17.51,4.21,0.0
20080817:0910,16.0,275.0,0.0,41.29,18.13,4.76,0.0
20080817:1010,8.0,293.0,0.0,48.81,18.99,4.97,0.0
20080817:1110,63.0,386.0,0.0,53.69,19.99,5.45,0.0
20080817:1210,34.0,371.0,0.0,54.7,20.68,5.59,0.0
20080817:1310,138.0,383.0,0.0,51.52,21.12,5.59,0.0
20080817:1410,15.0,295.0,0.0,45.07,21.29,5.45,0.0
20080817:1510,86.0,283.0,0.0,36.65,21.48,4.97,0.0
20080817:1610,7.0,172.0,0.0,27.2,21.3,4.62,0.0
20080817:1710,51.0,127.0,0.0,17.33,20.76,4.21,0.0
20080817:1810,28.0,47.0,0.0,7.5,20.27,3.17,0.0
20080817:1910,0.0,0.0,0.0,0.0,19.63,2.14,0.0
20080817:2010,0.0,0.0,0.0,0.0,18.43,2.14,0.0
20080817:2110,0.0,0.0,0.0,0.0,17.46,2.41,0.0
20080817:2210,0.0,0.0,0.0,0.0,16.74,2.69,0.0
20080817:2310,0.0,0.0,0.0,0.0,16.1,2.76,0.0
20080818:0010,0.0,0.0,0.0,0.0,15.53,2.69,0.0
20080818:0110,0.0,0.0,0.0,0.0,15.22,2.69,0.0
20080818:0210,0.0,0.0,0.0,0.0,15.17,2.97,0.0
20080818:0310,0.0,0.0,0.0,0.0,15.11,3.52,0.0
20080818:0410,0.0,0.0,0.0,0.0,15.24,4.0,0.0
20080818:0510,1.0,10.83,0.0,2.78,15.3,4.14,0.0
20080818:0610,94.0,66.0,0.0,12.48,16.16,4.0,0.0
20080818:0710,140.0,145.0,0.0,22.38,17.84,6.62,0.0
20080818:0810,348.0,135.0,0.0,32.08,19.03,6.9,0.0
20080818:0910,30.0,292.0,0.0,41.06,20.98,7.38,0.0
20080818:1010,0.0,161.0,0.0,48.55,21.61,6.62,0.0
20080818:1110,1.0,256.0,0.0,53.39,21.97,6.34,0.0
20080818:1210,122.0,401.0,0.0,54.38,22.06,5.59,0.0
20080818:1310,0.0,157.0,0.0,51.2,22.45,5.03,0.0
20080818:1410,119.0,341.0,0.0,44.77,22.92,5.79,0.0
20080818:1510,121.0,277.0,0.0,36.36,22.92,5.93,0.0
20080818:1610,22.0,193.0,0.0,26.92,23.04,6.0,0.0
20080818:1710,22.0,122.0,0.0,17.06,22.98,5.79,0.0
20080818:1810,26.0,45.0,0.0,7.22,22.37,5.24,0.0
20080818:1910,0.0,0.0,0.0,0.0,21.57,5.52,0.0
20080818:2010,0.0,0.0,0.0,0.0,20.58,5.31,0.0
20080818:2110,0.0,0.0,0.0,0.0,19.39,4.76,0.0
20080818:2210,0.0,0.0,0.0,0.0,18.36,4.48,0.0
20080818:2310,0.0,0.0,0.0,0.0,17.43,4.55,0.0
20080819:0010,0.0,0.0,0.0,0.0,16.69,4.69,0.0
20080819:0110,0.0,0.0,0.0,0.0,16.16,4.83,0.0
20080819:0210,0.0,0.0,0.0,0.0,15.81,4.97,0.0
20080819:0310,0.0,0.0,0.0,0.0,15.7,5.03,0.0
20080819:0410,0.0,0.0,0.0,0.0,15.63,5.03,0.0
20080819:0510,0.0,1.0,0.0,2.57,15.64,4.97,0.0
20080819:0610,26.0,86.0,0.0,12.28,15.98,4.76,0.0
20080819:0710,60.0,167.0,0.0,22.18,17.13,6.69,0.0
20080819:0810,39.0,239.0,0.0,31.87,18.13,7.24,0.0
20080819:0910,157.0,306.0,0.0,40.83,19.13,7.59,0.0
20080819:1010,211.0,346.0,0.0,48.28,20.23,7.31,0.0
20080819:1110,57.0,382.0,0.0,53.09,20.84,7.24,0.0
20080819:1210,198.0,389.0,0.0,54.05,21.43,7.45,0.0
20080819:1310,463.01,248.0,0.0,50.87,21.84,7.52,0.0
20080819:1410,257.0,301.0,0.0,44.47,22.09,7.45,0.0
20080819:1510,144.0,271.0,0.0,36.07,21.66,6.97,0.0
20080819:1610,148.0,185.0,0.0,26.64,21.53,7.17,0.0
20080819:1710,0.0,81.0,0.0,16.79,20.82,5.59,0.0
20080819:1810,18.0,44.0,0.0,6.94,20.29,5.17,0.0
20080819:1910,0.0,0.0,0.0,0.0,19.35,5.17,0.0
20080819:2010,0.0,0.0,0.0,0.0,18.41,4.69,0.0
20080819:2110,0.0,0.0,0.0,0.0,17.88,4.48,0.0
20080819:2210,0.0,0.0,0.0,0.0,17.41,4.34,0.0
20080819:2310,0.0,0.0,0.0,0.0,16.86,4.28,0.0
20080820:0010,0.0,0.0,0.0,0.0,16.28,4.21,0.0
20080820:0110,0.0,0.0,0.0,0.0,15.82,4.21,0.0
20080820:0210,0.0,0.0,0.0,0.0,15.63,4.21,0.0
20080820:0310,0.0,0.0,0.0,0.0,15.51,4.0,0.0
20080820:0410,0.0,0.0,0.0,0.0,15.22,3.93,0.0
20080820:0510,0.0,8.0,0.0,2.36,15.03,4.0,0.0
20080820:0610,6.0,74.0,0.0,12.08,14.97,4.0,0.0
20080820:0710,12.0,148.0,0.0,21.98,15.33,4.41,0.0
20080820:0810,13.0,211.0,0.0,31.65,16.1,4.55,0.0
20080820:0910,2.0,216.0,0.0,40.59,17.47,5.17,0.0
20080820:1010,0.0,191.0,0.0,48.01,18.65,5.38,0.0
20080820:1110,0.0,225.0,0.0,52.78,19.92,5.66,0.0
20080820:1210,0.0,172.0,0.0,53.72,20.55,5.52,0.0
20080820:1310,0.0,123.0,0.0,50.55,20.97,5.24,0.0
20080820:1410,17.0,295.0,0.0,44.16,21.36,5.03,0.0
20080820:1510,12.0,235.0,0.0,35.78,21.34,4.76,0.0
20080820:1610,18.0,187.0,0.0,26.36,21.16,4.34,0.0
20080820:1710,7.0,103.0,0.0,16.51,20.91,3.38,0.0
20080820:1810,7.0,40.0,0.0,6.66,20.51,2.48,0.0
20080820:1910,0.0,0.0,0.0,0.0,19.25,2.62,0.0
20080820:2010,0.0,0.0,0.0,0.0,18.83,2.76,0.0
20080820:2110,0.0,0.0,0.0,0.0,18.19,2.9,0.0
20080820:2210,0.0,0.0,0.0,0.0,17.53,2.9,0.0
20080820:2310,0.0,0.0,0.0,0.0,16.71,2.9,0.0
20080821:0010,0.0,0.0,0.0,0.0,16.2,2.9,0.0
20080821:0110,0.0,0.0,0.0,0.0,15.46,2.9,0.0
20080821:0210,0.0,0.0,0.0,0.0,14.94,2.97,0.0
20080821:0310,0.0,0.0,0.0,0.0,14.46,2.97,0.0
20080821:0410,0.0,0.0,0.0,0.0,14.28,2.9,0.0
20080821:0510,0.0,8.0,0.0,2.15,13.99,2.76,0.0
20080821:0610,91.0,62.0,0.0,11.88,14.15,2.55,0.0
20080821:0710,215.0,100.0,0.0,21.78,15.65,3.31,0.0
20080821:0810,180.0,215.0,0.0,31.44,17.55,4.28,0.0
20080821:0910,102.0,308.0,0.0,40.35,18.88,4.34,0.0
20080821:1010,168.0,352.0,0.0,47.74,19.6,4.14,0.0
20080821:1110,293.0,342.0,0.0,52.47,20.52,4.14,0.0
20080821:1210,49.0,376.0,0.0,53.39,21.46,4.28,0.0
20080821:1310,0.0,149.0,0.0,50.22,22.13,4.21,0.0
20080821:1410,51.0,323.0,0.0,43.84,22.87,4.14,0.0
20080821:1510,58.0,271.0,0.0,35.48,23.02,4.14,0.0
20080821:1610,93.0,195.0,0.0,26.07,22.97,4.14,0.0
20080821:1710,77.0,110.0,0.0,16.22,22.31,3.17,0.0
20080821:1810,6.0,37.0,0.0,6.37,21.77,2.55,0.0
20080821:1910,0.0,0.0,0.0,0.0,20.3,1.52,0.0
20080821:2010,0.0,0.0,0.0,0.0,19.45,1.24,0.0
20080821:2110,0.0,0.0,0.0,0.0,18.45,0.76,0.0
20080821:2210,0.0,0.0,0.0,0.0,18.34,0.41,0.0
20080821:2310,0.0,0.0,0.0,0.0,18.04,0.41,0.0
20080822:0010,0.0,0.0,0.0,0.0,17.07,0.76,0.0
20080822:0110,0.0,0.0,0.0,0.0,16.77,0.76,0.0
20080822:0210,0.0,0.0,0.0,0.0,16.1,1.03,0.0
20080822:0310,0.0,0.0,0.0,0.0,15.59,1.1,0.0
20080822:0410,0.0,0.0,0.0,0.0,15.12,1.24,0.0
20080822:0510,0.0,2.0,0.0,1.93,15.06,1.31,0.0
20080822:0610,0.0,22.0,0.0,11.67,15.43,1.38,0.0
20080822:0710,0.0,28.0,0.0,21.57,16.0,0.62,0.0
20080822:0810,0.0,95.0,0.0,31.23,16.44,0.69,0.0
20080822:0910,0.0,91.0,0.0,40.12,16.72,0.9,0.0
20080822:1010,0.0,139.0,0.0,47.46,17.07,1.38,0.0
20080822:1110,0.0,157.0,0.0,52.15,17.12,1.45,0.0
20080822:1210,0.0,155.0,0.0,53.05,17.28,2.07,0.0
20080822:1310,0.0,143.0,0.0,49.88,16.89,3.24,0.0
20080822:1410,0.0,120.0,0.0,43.52,17.81,3.93,0.0
20080822:1510,0.0,109.0,0.0,35.18,18.68,3.86,0.0
20080822:1610,0.0,110.0,0.0,25.78,18.54,4.07,0.0
20080822:1710,0.0,19.0,0.0,15.93,17.93,4.14,0.0
20080822:1810,0.0,17.0,0.0,6.08,17.38,3.52,0.0
20080822:1910,0.0,0.0,0.0,0.0,15.85,2.9,0.0
20080822:2010,0.0,0.0,0.0,0.0,15.4,2.83,0.0
20080822:2110,0.0,0.0,0.0,0.0,14.96,2.62,0.0
20080822:2210,0.0,0.0,0.0,0.0,14.61,2.41,0.0
20080822:2310,0.0,0.0,0.0,0.0,14.02,2.41,0.0
20080823:0010,0.0,0.0,0.0,0.0,13.71,2.48,0.0
20080823:0110,0.0,0.0,0.0,0.0,13.17,2.48,0.0
20080823:0210,0.0,0.0,0.0,0.0,12.66,2.55,0.0
20080823:0310,0.0,0.0,0.0,0.0,12.04,2.55,0.0
20080823:0410,0.0,0.0,0.0,0.0,11.63,2.62,0.0
20080823:0510,0.0,6.0,0.0,1.72,11.39,2.55,0.0
20080823:0610,38.0,79.0,0.0,11.47,11.61,2.41,0.0
20080823:0710,3.0,124.0,0.0,21.37,13.36,3.31,0.0
20080823:0810,266.0,175.0,0.0,31.01,14.79,3.17,0.0
20080823:0910,376.0,204.0,0.0,39.87,15.94,3.17,0.0
20080823:1010,86.0,360.0,0.0,47.19,17.07,3.79,0.0
20080823:1110,68.0,383.0,0.0,51.84,17.66,4.0,0.0
20080823:1210,24.0,353.0,0.0,52.71,18.13,4.0,0.0
20080823:1310,420.01,266.0,0.0,49.54,18.78,4.0,0.0
20080823:1410,229.0,305.0,0.0,43.2,19.21,3.86,0.0
20080823:1510,94.0,273.0,0.0,34.87,19.29,3.52,0.0
20080823:1610,110.0,190.0,0.0,25.48,19.12,3.17,0.0
20080823:1710,129.0,84.0,0.0,15.64,18.68,2.76,0.0
20080823:1810,24.0,33.0,0.0,5.78,18.0,1.86,0.0
20080823:1910,0.0,0.0,0.0,0.0,17.39,1.45,0.0
20080823:2010,0.0,0.0,0.0,0.0,16.4,1.24,0.0
20080823:2110,0.0,0.0,0.0,0.0,15.94,0.76,0.0
20080823:2210,0.0,0.0,0.0,0.0,15.79,0.69,0.0
20080823:2310,0.0,0.0,0.0,0.0,14.32,1.03,0.0
20080824:0010,0.0,0.0,0.0,0.0,13.3,1.45,0.0
20080824:0110,0.0,0.0,0.0,0.0,12.94,1.66,0.0
20080824:0210,0.0,0.0,0.0,0.0,12.73,1.72,0.0
20080824:0310,0.0,0.0,0.0,0.0,12.58,1.93,0.0
20080824:0410,0.0,0.0,0.0,0.0,12.35,2.0,0.0
20080824:0510,0.0,0.0,0.0,0.0,12.2,1.93,0.0
20080824:0610,42.0,74.0,0.0,11.26,12.76,1.86,0.0
20080824:0710,32.0,156.0,0.0,21.16,14.28,2.62,0.0
20080824:0810,17.0,213.0,0.0,30.79,16.24,3.03,0.0
20080824:0910,195.0,280.0,0.0,39.63,17.41,4.28,0.0
20080824:1010,136.0,351.0,0.0,46.91,17.88,4.48,0.0
20080824:1110,0.0,70.0,0.0,51.52,17.88,3.93,0.0
20080824:1210,0.0,113.0,0.0,52.37,17.99,3.66,0.0
20080824:1310,0.0,127.0,0.0,49.2,18.95,4.41,0.0
20080824:1410,8.0,261.0,0.0,42.87,18.89,4.0,0.0
20080824:1510,0.0,158.0,0.0,34.56,20.08,4.48,0.0
20080824:1610,4.0,149.0,0.0,25.18,19.76,4.21,0.0
20080824:1710,2.0,80.0,0.0,15.34,18.81,3.24,0.0
20080824:1810,9.0,30.68,0.0,5.49,17.93,2.76,0.0
20080824:1910,0.0,0.0,0.0,0.0,16.62,2.28,0.0
20080824:2010,0.0,0.0,0.0,0.0,16.47,2.21,0.0
20080824:2110,0.0,0.0,0.0,0.0,16.42,2.21,0.0
20080824:2210,0.0,0.0,0.0,0.0,16.4,2.28,0.0
20080824:2310,0.0,0.0,0.0,0.0,16.38,2.34,0.0
20080825:0010,0.0,0.0,0.0,0.0,16.26,2.21,0.0
20080825:0110,0.0,0.0,0.0,0.0,16.13,2.0,0.0
20080825:0210,0.0,0.0,0.0,0.0,15.98,1.86,0.0
20080825:0310,0.0,0.0,0.0,0.0,15.77,1.72,0.0
20080825:0410,0.0,0.0,0.0,0.0,15.49,1.72,0.0
20080825:0510,0.0,0.0,0.0,0.0,14.81,1.86,0.0
20080825:0610,12.0,73.0,0.0,11.06,14.84,1.93,0.0
20080825:0710,183.0,109.0,0.0,20.95,14.9,2.21,0.0
20080825:0810,308.0,143.0,0.0,30.57,15.53,2.07,0.0
20080825:0910,465.01,140.0,0.0,39.39,16.63,2.07,0.0
20080825:1010,331.0,282.0,0.0,46.62,18.07,2.41,0.0
20080825:1110,452.01,255.0,0.0,51.2,19.36,2.76,0.0
20080825:1210,673.01,132.0,0.0,52.02,20.4,2.97,0.0
20080825:1310,139.0,367.0,0.0,48.85,21.23,2.9,0.0
20080825:1410,287.0,269.0,0.0,42.54,22.23,3.17,0.0
20080825:1510,56.0,263.0,0.0,34.25,22.14,3.17,0.0
20080825:1610,214.0,135.0,0.0,24.88,21.66,2.97,0.0
20080825:1710,8.0,96.0,0.0,15.04,21.14,2.62,0.0
20080825:1810,1.0,23.8,0.0,5.18,20.52,2.55,0.0
20080825:1910,0.0,0.0,0.0,0.0,19.07,2.62,0.0
20080825:2010,0.0,0.0,0.0,0.0,17.83,2.48,0.0
20080825:2110,0.0,0.0,0.0,0.0,17.15,2.34,0.0
20080825:2210,0.0,0.0,0.0,0.0,16.86,2.28,0.0
20080825:2310,0.0,0.0,0.0,0.0,16.62,2.21,0.0
20080826:0010,0.0,0.0,0.0,0.0,16.41,2.14,0.0
20080826:0110,0.0,0.0,0.0,0.0,16.28,2.07,0.0
20080826:0210,0.0,0.0,0.0,0.0,16.05,2.0,0.0
20080826:0310,0.0,0.0,0.0,0.0,15.97,1.93,0.0
20080826:0410,0.0,0.0,0.0,0.0,15.74,1.86,0.0
20080826:0510,0.0,0.0,0.0,0.0,15.61,1.72,0.0
20080826:0610,64.0,64.0,0.0,10.85,15.96,1.45,0.0
20080826:0710,33.0,154.0,0.0,20.74,16.67,1.45,0.0
20080826:0810,11.0,200.0,0.0,30.35,18.02,2.0,0.0
20080826:0910,195.0,279.0,0.0,39.14,19.34,1.86,0.0
20080826:1010,368.0,261.0,0.0,46.34,20.16,1.93,0.0
20080826:1110,136.0,380.0,0.0,50.87,21.03,1.79,0.0
20080826:1210,178.0,378.0,0.0,51.67,21.77,1.52,0.0
20080826:1310,216.0,346.0,0.0,48.5,22.41,1.38,0.0
20080826:1410,355.0,232.0,0.0,42.21,22.95,1.24,0.0
20080826:1510,304.0,181.0,0.0,33.93,23.29,1.24,0.0
20080826:1610,245.0,115.0,0.0,24.57,23.43,1.17,0.0
20080826:1710,109.0,83.0,0.0,14.74,23.45,1.03,0.0
20080826:1810,12.0,25.94,0.0,4.88,22.61,0.76,0.0
20080826:1910,0.0,0.0,0.0,0.0,20.5,1.31,0.0
20080826:2010,0.0,0.0,0.0,0.0,19.85,1.59,0.0
20080826:2110,0.0,0.0,0.0,0.0,19.15,1.72,0.0
20080826:2210,0.0,0.0,0.0,0.0,18.55,1.79,0.0
20080826:2310,0.0,0.0,0.0,0.0,18.06,1.72,0.0
20080827:0010,0.0,0.0,0.0,0.0,17.76,1.59,0.0
20080827:0110,0.0,0.0,0.0,0.0,17.44,1.45,0.0
20080827:0210,0.0,0.0,0.0,0.0,17.17,1.45,0.0
20080827:0310,0.0,0.0,0.0,0.0,16.96,1.52,0.0
20080827:0410,0.0,0.0,0.0,0.0,16.33,1.72,0.0
20080827:0510,0.0,0.0,0.0,0.0,16.16,1.66,0.0
20080827:0610,2.0,57.0,0.0,10.64,16.51,1.59,0.0
20080827:0710,5.0,126.0,0.0,20.53,16.58,1.79,0.0
20080827:0810,39.0,229.0,0.0,30.12,17.34,1.66,0.0
20080827:0910,72.0,301.0,0.0,38.89,18.35,1.59,0.0
20080827:1010,41.0,334.0,0.0,46.05,19.48,2.14,0.0
20080827:1110,543.01,201.0,0.0,50.54,20.44,2.34,0.0
20080827:1210,593.01,177.0,0.0,51.32,21.64,2.28,0.0
20080827:1310,608.01,142.0,0.0,48.15,22.64,2.14,0.0
20080827:1410,523.01,135.0,0.0,41.87,23.03,2.0,0.0
20080827:1510,398.0,126.0,0.0,33.61,23.4,2.21,0.0
20080827:1610,263.0,104.0,0.0,24.26,23.22,2.34,0.0
20080827:1710,106.0,82.0,0.0,14.43,22.81,2.41,0.0
20080827:1810,13.0,22.83,0.0,4.57,21.76,1.79,0.0
20080827:1910,0.0,0.0,0.0,0.0,19.24,2.41,0.0
20080827:2010,0.0,0.0,0.0,0.0,17.94,2.62,0.0
20080827:2110,0.0,0.0,0.0,0.0,17.11,2.55,0.0
20080827:2210,0.0,0.0,0.0,0.0,16.5,2.41,0.0
20080827:2310,0.0,0.0,0.0,0.0,16.24,2.28,0.0
20080828:0010,0.0,0.0,0.0,0.0,16.01,2.21,0.0
20080828:0110,0.0,0.0,0.0,0.0,15.74,2.14,0.0
20080828:0210,0.0,0.0,0.0,0.0,15.61,2.07,0.0
20080828:0310,0.0,0.0,0.0,0.0,15.47,1.93,0.0
20080828:0410,0.0,0.0,0.0,0.0,15.39,1.59,0.0
20080828:0510,0.0,0.0,0.0,0.0,15.33,1.45,0.0
20080828:0610,3.0,59.0,0.0,10.43,15.35,1.52,0.0
20080828:0710,23.0,146.0,0.0,20.32,16.2,1.79,0.0
20080828:0810,41.0,226.0,0.0,29.9,16.73,1.66,0.0
20080828:0910,21.0,266.0,0.0,38.64,17.35,1.38,0.0
20080828:1010,18.0,302.0,0.0,45.76,18.09,1.24,0.0
20080828:1110,21.0,331.0,0.0,50.21,18.72,1.17,0.0
20080828:1210,59.0,371.0,0.0,50.96,19.37,1.17,0.0
20080828:1310,127.0,360.0,0.0,47.8,19.97,1.31,0.0
20080828:1410,182.0,303.0,0.0,41.53,20.58,1.66,0.0
20080828:1510,203.0,224.0,0.0,33.28,20.74,1.93,0.0
20080828:1610,234.0,114.0,0.0,23.95,20.63,2.14,0.0
20080828:1710,82.0,89.0,0.0,14.12,20.27,2.07,0.0
20080828:1810,4.0,22.07,0.0,4.25,19.73,1.79,0.0
20080828:1910,0.0,0.0,0.0,0.0,18.53,1.79,0.0
20080828:2010,0.0,0.0,0.0,0.0,18.14,1.59,0.0
20080828:2110,0.0,0.0,0.0,0.0,17.85,1.45,0.0
20080828:2210,0.0,0.0,0.0,0.0,17.47,1.45,0.0
20080828:2310,0.0,0.0,0.0,0.0,17.28,1.59,0.0
20080829:0010,0.0,0.0,0.0,0.0,16.97,1.66,0.0
20080829:0110,0.0,0.0,0.0,0.0,16.86,1.66,0.0
20080829:0210,0.0,0.0,0.0,0.0,16.74,1.66,0.0
20080829:0310,0.0,0.0,0.0,0.0,16.66,1.72,0.0
20080829:0410,0.0,0.0,0.0,0.0,16.45,1.86,0.0
20080829:0510,0.0,0.0,0.0,0.0,16.37,1.86,0.0
20080829:0610,4.0,57.0,0.0,10.22,16.43,1.79,0.0
20080829:0710,3.0,115.0,0.0,20.1,16.63,2.14,0.0
20080829:0810,0.0,144.0,0.0,29.67,17.3,2.14,0.0
20080829:0910,0.0,164.0,0.0,38.38,18.12,1.66,0.0
20080829:1010,0.0,182.0,0.0,45.47,18.72,1.72,0.0
20080829:1110,16.0,319.0,0.0,49.88,19.36,2.0,0.0
20080829:1210,154.0,375.0,0.0,50.6,20.04,2.21,0.0
20080829:1310,436.01,234.0,0.0,47.44,20.67,2.41,0.0
20080829:1410,490.01,143.0,0.0,41.19,21.3,2.55,0.0
20080829:1510,381.0,126.0,0.0,32.96,21.47,2.55,0.0
20080829:1610,251.0,102.0,0.0,23.63,21.42,2.62,0.0
20080829:1710,97.0,79.0,0.0,13.81,21.2,2.83,0.0
20080829:1810,8.0,20.09,0.0,3.94,20.68,2.62,0.0
20080829:1910,0.0,0.0,0.0,0.0,19.32,2.83,0.0
20080829:2010,0.0,0.0,0.0,0.0,18.55,2.97,0.0
20080829:2110,0.0,0.0,0.0,0.0,18.01,3.1,0.0
20080829:2210,0.0,0.0,0.0,0.0,17.37,2.97,0.0
20080829:2310,0.0,0.0,0.0,0.0,16.78,2.83,0.0
20080830:0010,0.0,0.0,0.0,0.0,16.31,2.62,0.0
20080830:0110,0.0,0.0,0.0,0.0,15.74,2.55,0.0
20080830:0210,0.0,0.0,0.0,0.0,15.39,2.55,0.0
20080830:0310,0.0,0.0,0.0,0.0,15.05,2.62,0.0
20080830:0410,0.0,0.0,0.0,0.0,14.79,2.76,0.0
20080830:0510,0.0,0.0,0.0,0.0,14.63,2.83,0.0
20080830:0610,61.0,57.0,0.0,10.01,14.95,2.83,0.0
20080830:0710,195.0,93.0,0.0,19.89,16.38,3.03,0.0
20080830:0810,350.0,110.0,0.0,29.44,18.39,3.38,0.0
20080830:0910,465.01,131.0,0.0,38.13,20.51,3.24,0.0
20080830:1010,563.01,140.0,0.0,45.18,22.51,3.17,0.0
20080830:1110,629.01,139.0,0.0,49.54,24.31,3.17,0.0
20080830:1210,664.01,126.0,0.0,50.24,25.79,3.24,0.0
20080830:1310,581.01,146.0,0.0,47.07,26.91,3.17,0.0
20080830:1410,504.01,135.0,0.0,40.84,27.64,3.03,0.0
20080830:1510,380.0,125.0,0.0,32.62,28.0,2.76,0.0
20080830:1610,252.0,100.0,0.0,23.31,28.0,2.55,0.0
20080830:1710,94.0,78.0,0.0,13.49,27.53,2.07,0.0
20080830:1810,9.0,17.87,0.0,3.62,25.91,2.28,0.0
20080830:1910,0.0,0.0,0.0,0.0,23.86,2.48,0.0
20080830:2010,0.0,0.0,0.0,0.0,22.38,2.48,0.0
20080830:2110,0.0,0.0,0.0,0.0,21.28,2.55,0.0
20080830:2210,0.0,0.0,0.0,0.0,20.43,2.48,0.0
20080830:2310,0.0,0.0,0.0,0.0,19.7,2.21,0.0
20080831:0010,0.0,0.0,0.0,0.0,18.95,2.07,0.0
20080831:0110,0.0,0.0,0.0,0.0,18.22,1.86,0.0
20080831:0210,0.0,0.0,0.0,0.0,17.61,1.79,0.0
20080831:0310,0.0,0.0,0.0,0.0,17.04,1.72,0.0
20080831:0410,0.0,0.0,0.0,0.0,16.52,1.59,0.0
20080831:0510,0.0,0.0,0.0,0.0,16.39,1.72,0.0
20080831:0610,6.0,58.0,0.0,9.79,17.53,2.21,0.0
20080831:0710,22.0,139.0,0.0,19.67,20.64,2.83,0.0
20080831:0810,125.0,214.0,0.0,29.21,22.34,2.55,0.0
20080831:0910,0.0,106.0,0.0,37.87,23.55,1.66,0.0
20080831:1010,335.0,262.0,0.0,44.88,24.67,2.48,0.0
20080831:1110,71.0,363.0,0.0,49.2,25.52,4.07,0.0
20080831:1210,383.01,278.0,0.0,49.88,25.61,4.41,0.0
20080831:1310,0.0,144.0,0.0,46.71,23.77,4.34,0.0
20080831:1410,165.0,298.0,0.0,40.49,24.89,4.62,0.0
20080831:1510,0.0,136.0,0.0,32.29,25.33,5.03,0.0
20080831:1610,24.0,166.0,0.0,22.98,23.44,4.69,0.0
20080831:1710,4.0,76.0,0.0,13.17,23.38,4.41,0.0
20080831:1810,6.0,16.6,0.0,3.3,22.52,3.79,0.0
20080831:1910,0.0,0.0,0.0,0.0,20.33,3.52,0.0
20080831:2010,0.0,0.0,0.0,0.0,19.67,3.17,0.0
20080831:2110,0.0,0.0,0.0,0.0,18.81,2.48,0.0
20080831:2210,0.0,0.0,0.0,0.0,18.0,2.14,0.0
20080831:2310,0.0,0.0,0.0,0.0,17.3,2.0,0.0
20080901:0010,0.0,0.0,0.0,0.0,17.01,2.0,0.0
20080901:0110,0.0,0.0,0.0,0.0,17.23,2.07,0.0
20080901:0210,0.0,0.0,0.0,0.0,17.25,2.07,0.0
20080901:0310,0.0,0.0,0.0,0.0,17.28,1.93,0.0
20080901:0410,0.0,0.0,0.0,0.0,17.14,1.79,0.0
20080901:0510,0.0,0.0,0.0,0.0,16.94,1.86,0.0
20080901:0610,0.0,32.0,0.0,9.58,16.8,1.79,0.0
20080901:0710,5.0,117.0,0.0,19.46,16.75,2.07,0.0
20080901:0810,0.0,122.0,0.0,28.98,16.87,2.34,0.0
20080901:0910,87.0,291.0,0.0,37.61,17.51,3.24,0.0
20080901:1010,88.0,340.0,0.0,44.58,18.11,3.52,0.0
20080901:1110,167.0,362.0,0.0,48.86,19.36,3.79,0.0
20080901:1210,9.0,302.0,0.0,49.51,20.72,4.41,0.0
20080901:1310,13.0,296.0,0.0,46.34,21.71,4.62,0.0
20080901:1410,185.0,292.0,0.0,40.13,22.13,4.69,0.0
20080901:1510,106.0,245.0,0.0,31.95,21.99,4.62,0.0
20080901:1610,142.0,148.0,0.0,22.65,21.89,4.41,0.0
20080901:1710,39.0,91.0,0.0,12.85,21.4,3.66,0.0
20080901:1810,0.0,15.0,0.0,2.97,20.65,2.62,0.0
20080901:1910,0.0,0.0,0.0,0.0,19.52,2.69,0.0
20080901:2010,0.0,0.0,0.0,0.0,18.2,2.55,0.0
20080901:2110,0.0,0.0,0.0,0.0,17.26,2.69,0.0
20080901:2210,0.0,0.0,0.0,0.0,16.78,2.9,0.0
20080901:2310,0.0,0.0,0.0,0.0,16.51,3.1,0.0
20080902:0010,0.0,0.0,0.0,0.0,16.49,3.31,0.0
20080902:0110,0.0,0.0,0.0,0.0,16.53,3.31,0.0
20080902:0210,0.0,0.0,0.0,0.0,16.52,3.45,0.0
20080902:0310,0.0,0.0,0.0,0.0,16.24,3.52,0.0
20080902:0410,0.0,0.0,0.0,0.0,16.07,3.52,0.0
20080902:0510,0.0,0.0,0.0,0.0,15.92,3.66,0.0
20080902:0610,0.0,28.0,0.0,9.37,16.11,3.93,0.0
20080902:0710,3.0,110.0,0.0,19.24,16.56,4.28,0.0
20080902:0810,14.0,196.0,0.0,28.74,17.57,6.21,0.0
20080902:0910,65.0,286.0,0.0,37.34,19.02,7.24,0.0
20080902:1010,231.0,305.0,0.0,44.28,20.16,7.17,0.0
20080902:1110,0.0,143.0,0.0,48.52,20.78,7.24,0.0
20080902:1210,0.0,199.0,0.0,49.14,21.35,7.1,0.0
20080902:1310,7.0,275.0,0.0,45.97,21.73,7.1,0.0
20080902:1410,0.0,96.0,0.0,39.78,21.25,5.72,0.0
20080902:1510,0.0,113.0,0.0,31.61,21.67,6.83,0.0
20080902:1610,0.0,61.0,0.0,22.32,21.59,6.97,0.0
20080902:1710,0.0,22.0,0.0,12.52,20.6,6.48,0.0
20080902:1810,0.0,7.0,0.0,2.64,19.1,5.79,0.0
20080902:1910,0.0,0.0,0.0,0.0,18.39,5.79,0.0
20080902:2010,0.0,0.0,0.0,0.0,17.45,5.52,0.0
20080902:2110,0.0,0.0,0.0,0.0,16.52,4.34,0.0
20080902:2210,0.0,0.0,0.0,0.0,15.5,3.45,0.0
20080902:2310,0.0,0.0,0.0,0.0,14.58,2.76,0.0
20080903:0010,0.0,0.0,0.0,0.0,14.21,2.55,0.0
20080903:0110,0.0,0.0,0.0,0.0,13.71,2.69,0.0
20080903:0210,0.0,0.0,0.0,0.0,13.66,2.83,0.0
20080903:0310,0.0,0.0,0.0,0.0,13.53,2.97,0.0
20080903:0410,0.0,0.0,0.0,0.0,13.52,3.52,0.0
20080903:0510,0.0,0.0,0.0,0.0,13.26,3.31,0.0
20080903:0610,0.0,26.0,0.0,9.15,12.81,2.9,0.0
20080903:0710,0.0,42.0,0.0,19.02,13.02,3.03,0.0
20080903:0810,0.0,88.0,0.0,28.51,13.14,3.1,0.0
20080903:0910,5.0,224.0,0.0,37.08,13.06,3.17,0.0
20080903:1010,1.0,223.0,0.0,43.97,13.14,3.24,0.0
20080903:1110,1.0,238.0,0.0,48.17,13.33,3.45,0.0
20080903:1210,9.0,296.0,0.0,48.77,13.38,3.52,0.0
20080903:1310,31.0,324.0,0.0,45.6,13.51,3.66,0.0
20080903:1410,11.0,256.0,0.0,39.42,14.51,4.14,0.0
20080903:1510,297.0,160.0,0.0,31.27,15.53,4.48,0.0
20080903:1610,148.0,140.0,0.0,21.99,16.25,4.62,0.0
20080903:1710,92.0,65.0,0.0,12.19,16.58,4.07,0.0
20080903:1810,0.0,8.0,0.0,2.31,16.08,3.59,0.0
20080903:1910,0.0,0.0,0.0,0.0,15.26,3.66,0.0
20080903:2010,0.0,0.0,0.0,0.0,14.87,3.59,0.0
20080903:2110,0.0,0.0,0.0,0.0,14.13,3.45,0.0
20080903:2210,0.0,0.0,0.0,0.0,13.75,3.45,0.0
20080903:2310,0.0,0.0,0.0,0.0,13.59,3.45,0.0
20080904:0010,0.0,0.0,0.0,0.0,13.06,3.45,0.0
20080904:0110,0.0,0.0,0.0,0.0,12.73,3.45,0.0
20080904:0210,0.0,0.0,0.0,0.0,12.36,3.31,0.0
20080904:0310,0.0,0.0,0.0,0.0,11.83,3.17,0.0
20080904:0410,0.0,0.0,0.0,0.0,11.22,3.24,0.0
20080904:0510,0.0,0.0,0.0,0.0,10.7,3.24,0.0
20080904:0610,0.0,34.0,0.0,8.93,10.65,3.24,0.0
20080904:0710,26.0,138.0,0.0,18.8,12.47,5.24,0.0
20080904:0810,37.0,214.0,0.0,28.27,13.33,5.03,0.0
20080904:0910,52.0,282.0,0.0,36.81,14.15,5.38,0.0
20080904:1010,41.0,321.0,0.0,43.67,15.6,6.0,0.0
20080904:1110,0.0,140.0,0.0,47.83,17.18,6.28,0.0
20080904:1210,0.0,236.0,0.0,48.39,18.22,6.34,0.0
20080904:1310,45.0,333.0,0.0,45.22,18.72,6.21,0.0
20080904:1410,77.0,304.0,0.0,39.06,18.82,5.59,0.0
20080904:1510,72.0,242.0,0.0,30.92,18.96,5.31,0.0
20080904:1610,0.0,85.0,0.0,21.66,18.6,4.41,0.0
20080904:1710,0.0,39.0,0.0,11.86,17.88,4.34,0.0
20080904:1810,0.0,4.0,0.0,1.98,16.51,3.45,0.0
20080904:1910,0.0,0.0,0.0,0.0,15.62,3.03,0.0
20080904:2010,0.0,0.0,0.0,0.0,15.02,2.34,0.0
20080904:2110,0.0,0.0,0.0,0.0,14.23,2.41,0.0
20080904:2210,0.0,0.0,0.0,0.0,14.09,2.41,0.0
20080904:2310,0.0,0.0,0.0,0.0,14.02,2.55,0.0
20080905:0010,0.0,0.0,0.0,0.0,13.74,2.62,0.0
20080905:0110,0.0,0.0,0.0,0.0,13.56,2.62,0.0
20080905:0210,0.0,0.0,0.0,0.0,13.21,2.69,0.0
20080905:0310,0.0,0.0,0.0,0.0,12.98,2.76,0.0
20080905:0410,0.0,0.0,0.0,0.0,13.04,2.97,0.0
20080905:0510,0.0,0.0,0.0,0.0,13.08,3.03,0.0
20080905:0610,0.0,32.0,0.0,8.72,13.61,3.17,0.0
20080905:0710,0.0,53.0,0.0,18.57,14.49,2.69,0.0
20080905:0810,0.0,67.0,0.0,28.03,15.29,2.48,0.0
20080905:0910,0.0,177.0,0.0,36.55,16.3,3.24,0.0
20080905:1010,72.0,328.0,0.0,43.36,16.9,5.17,0.0
20080905:1110,44.0,342.0,0.0,47.48,17.88,5.24,0.0
20080905:1210,0.0,183.0,0.0,48.02,18.93,5.03,0.0
20080905:1310,0.0,191.0,0.0,44.85,19.46,4.55,0.0
20080905:1410,49.0,291.0,0.0,38.69,19.11,4.83,0.0
20080905:1510,0.0,64.0,0.0,30.57,18.82,5.1,0.0
20080905:1610,0.0,76.0,0.0,21.32,18.67,5.93,0.0
20080905:1710,0.0,42.0,0.0,11.53,18.0,6.21,0.0
20080905:1810,0.0,1.0,0.0,1.64,17.51,6.34,0.0
20080905:1910,0.0,0.0,0.0,0.0,17.93,6.97,0.0
20080905:2010,0.0,0.0,0.0,0.0,18.07,7.38,0.0
20080905:2110,0.0,0.0,0.0,0.0,18.12,7.72,0.0
20080905:2210,0.0,0.0,0.0,0.0,18.16,7.72,0.0
20080905:2310,0.0,0.0,0.0,0.0,17.98,7.59,0.0
20080906:0010,0.0,0.0,0.0,0.0,17.55,7.38,0.0
20080906:0110,0.0,0.0,0.0,0.0,17.25,7.38,0.0
20080906:0210,0.0,0.0,0.0,0.0,16.83,7.38,0.0
20080906:0310,0.0,0.0,0.0,0.0,16.39,7.52,0.0
20080906:0410,0.0,0.0,0.0,0.0,15.91,7.31,0.0
20080906:0510,0.0,0.0,0.0,0.0,15.6,6.83,0.0
20080906:0610,52.0,47.0,0.0,8.5,15.29,6.48,0.0
20080906:0710,98.0,125.0,0.0,18.35,15.68,5.72,0.0
20080906:0810,208.0,172.0,0.0,27.79,16.52,7.31,0.0
20080906:0910,297.0,212.0,0.0,36.28,17.42,7.03,0.0
20080906:1010,83.0,333.0,0.0,43.05,18.56,7.52,0.0
20080906:1110,2.0,253.0,0.0,47.13,19.45,7.93,0.0
20080906:1210,0.0,213.0,0.0,47.64,19.84,8.14,0.0
20080906:1310,488.01,182.0,0.0,44.47,19.95,7.86,0.0
20080906:1410,88.0,300.0,0.0,38.32,20.39,7.86,0.0
20080906:1510,292.0,153.0,0.0,30.22,20.29,7.72,0.0
20080906:1610,131.0,138.0,0.0,20.98,19.87,7.17,0.0
20080906:1710,27.0,78.0,0.0,11.19,19.21,6.07,0.0
20080906:1810,0.0,0.0,0.0,0.0,18.24,5.86,0.0
20080906:1910,0.0,0.0,0.0,0.0,17.1,5.93,0.0
20080906:2010,0.0,0.0,0.0,0.0,16.76,6.21,0.0
20080906:2110,0.0,0.0,0.0,0.0,16.3,6.34,0.0
20080906:2210,0.0,0.0,0.0,0.0,15.76,6.34,0.0
20080906:2310,0.0,0.0,0.0,0.0,15.42,6.34,0.0
20080907:0010,0.0,0.0,0.0,0.0,15.17,6.34,0.0
20080907:0110,0.0,0.0,0.0,0.0,15.05,6.34,0.0
20080907:0210,0.0,0.0,0.0,0.0,14.85,6.14,0.0
20080907:0310,0.0,0.0,0.0,0.0,14.8,5.79,0.0
20080907:0410,0.0,0.0,0.0,0.0,14.52,5.45,0.0
20080907:0510,0.0,0.0,0.0,0.0,14.48,5.31,0.0
20080907:0610,5.0,48.0,0.0,8.28,14.47,5.17,0.0
20080907:0710,33.0,134.0,0.0,18.13,14.87,5.1,0.0
20080907:0810,123.0,203.0,0.0,27.55,15.09,5.59,0.0
20080907:0910,173.0,262.0,0.0,36.0,15.66,5.59,0.0
20080907:1010,20.0,292.0,0.0,42.74,16.56,6.0,0.0
20080907:1110,5.0,270.0,0.0,46.77,17.88,6.21,0.0
20080907:1210,0.0,113.0,0.0,47.26,18.51,6.14,0.0
20080907:1310,113.0,339.0,0.0,44.08,18.94,5.86,0.0
20080907:1410,272.0,238.0,0.0,37.96,18.99,5.38,0.0
20080907:1510,1.0,159.0,0.0,29.86,19.2,4.97,0.0
20080907:1610,52.0,157.0,0.0,20.63,19.24,4.55,0.0
20080907:1710,17.0,74.0,0.0,10.85,18.6,3.52,0.0
20080907:1810,0.0,0.0,0.0,0.0,17.69,2.41,0.0
20080907:1910,0.0,0.0,0.0,0.0,16.49,2.21,0.0
20080907:2010,0.0,0.0,0.0,0.0,15.74,2.28,0.0
20080907:2110,0.0,0.0,0.0,0.0,15.32,2.48,0.0
20080907:2210,0.0,0.0,0.0,0.0,14.65,2.69,0.0
20080907:2310,0.0,0.0,0.0,0.0,14.25,2.83,0.0
20080908:0010,0.0,0.0,0.0,0.0,13.89,2.69,0.0
20080908:0110,0.0,0.0,0.0,0.0,13.48,2.48,0.0
20080908:0210,0.0,0.0,0.0,0.0,12.86,2.48,0.0
20080908:0310,0.0,0.0,0.0,0.0,12.18,2.41,0.0
20080908:0410,0.0,0.0,0.0,0.0,11.62,2.41,0.0
20080908:0510,0.0,0.0,0.0,0.0,11.16,2.28,0.0
20080908:0610,5.0,48.0,0.0,8.06,10.77,2.14,0.0
20080908:0710,17.0,127.0,0.0,17.9,12.56,3.17,0.0
20080908:0810,17.0,194.0,0.0,27.3,13.77,2.97,0.0
20080908:0910,328.01,192.0,0.0,35.73,14.86,2.9,0.0
20080908:1010,565.01,121.0,0.0,42.42,15.87,2.69,0.0
20080908:1110,606.01,132.0,0.0,46.42,17.04,2.48,0.0
20080908:1210,672.01,101.0,0.0,46.88,18.27,2.76,0.0
20080908:1310,630.01,97.0,0.0,43.7,18.88,2.97,0.0
20080908:1410,474.01,126.0,0.0,37.58,19.14,2.76,0.0
20080908:1510,367.01,106.0,0.0,29.51,19.45,2.62,0.0
20080908:1610,228.0,84.0,0.0,20.29,19.35,2.48,0.0
20080908:1710,72.0,60.0,0.0,10.51,18.96,2.0,0.0
20080908:1810,0.0,0.0,0.0,0.0,17.77,1.93,0.0
20080908:1910,0.0,0.0,0.0,0.0,16.51,2.21,0.0
20080908:2010,0.0,0.0,0.0,0.0,15.17,2.34,0.0
20080908:2110,0.0,0.0,0.0,0.0,14.15,2.41,0.0
20080908:2210,0.0,0.0,0.0,0.0,13.37,2.48,0.0
20080908:2310,0.0,0.0,0.0,0.0,12.8,2.55,0.0
20080909:0010,0.0,0.0,0.0,0.0,12.45,2.69,0.0
20080909:0110,0.0,0.0,0.0,0.0,12.23,2.69,0.0
20080909:0210,0.0,0.0,0.0,0.0,12.08,2.76,0.0
20080909:0310,0.0,0.0,0.0,0.0,12.03,2.83,0.0
20080909:0410,0.0,0.0,0.0,0.0,12.06,2.9,0.0
20080909:0510,0.0,0.0,0.0,0.0,12.14,3.03,0.0
20080909:0610,29.0,49.0,0.0,7.84,12.62,3.03,0.0
20080909:0710,184.0,76.0,0.0,17.67,14.7,2.55,0.0
20080909:0810,320.0,101.0,0.0,27.06,17.38,3.03,0.0
20080909:0910,458.01,109.0,0.0,35.45,20.03,3.45,0.0
20080909:1010,559.01,115.0,0.0,42.1,22.52,4.21,0.0
20080909:1110,451.01,214.0,0.0,46.06,23.86,5.38,0.0
20080909:1210,114.0,355.0,0.0,46.5,23.49,4.34,0.0
20080909:1310,0.0,90.0,0.0,43.32,23.65,4.41,0.0
20080909:1410,0.0,74.0,0.0,37.21,23.95,5.03,0.0
20080909:1510,0.0,136.0,0.0,29.15,23.37,5.24,0.0
20080909:1610,199.0,91.0,0.0,19.94,22.52,4.07,0.0
20080909:1710,74.0,54.0,0.0,10.17,22.15,4.0,0.0
20080909:1810,0.0,0.0,0.0,0.0,21.64,3.79,0.0
20080909:1910,0.0,0.0,0.0,0.0,20.05,3.72,0.0
20080909:2010,0.0,0.0,0.0,0.0,19.62,3.45,0.0
20080909:2110,0.0,0.0,0.0,0.0,18.98,3.31,0.0
20080909:2210,0.0,0.0,0.0,0.0,18.29,3.17,0.0
20080909:2310,0.0,0.0,0.0,0.0,17.91,3.03,0.0
20080910:0010,0.0,0.0,0.0,0.0,17.39,2.76,0.0
20080910:0110,0.0,0.0,0.0,0.0,16.83,2.48,0.0
20080910:0210,0.0,0.0,0.0,0.0,16.39,2.34,0.0
20080910:0310,0.0,0.0,0.0,0.0,15.94,2.28,0.0
20080910:0410,0.0,0.0,0.0,0.0,15.59,2.21,0.0
20080910:0510,0.0,0.0,0.0,0.0,15.6,1.93,0.0
20080910:0610,21.0,48.0,0.0,7.62,15.88,1.86,0.0
20080910:0710,50.0,128.0,0.0,17.44,17.0,3.24,0.0
20080910:0810,0.0,128.0,0.0,26.81,17.56,3.17,0.0
20080910:0910,0.0,122.0,0.0,35.18,18.57,2.9,0.0
20080910:1010,113.0,322.0,0.0,41.79,19.64,2.55,0.0
20080910:1110,71.0,346.0,0.0,45.7,20.67,3.52,0.0
20080910:1210,177.0,342.0,0.0,46.11,21.75,4.41,0.0
20080910:1310,394.01,219.0,0.0,42.93,22.87,4.69,0.0
20080910:1410,167.0,271.0,0.0,36.84,23.5,4.69,0.0
20080910:1510,343.01,107.0,0.0,28.79,23.78,3.86,0.0
20080910:1610,210.0,83.0,0.0,19.59,23.62,2.97,0.0
20080910:1710,59.0,57.0,0.0,9.83,23.19,2.14,0.0
20080910:1810,0.0,0.0,0.0,0.0,22.08,1.59,0.0
20080910:1910,0.0,0.0,0.0,0.0,21.33,1.79,0.0
20080910:2010,0.0,0.0,0.0,0.0,20.44,1.66,0.0
20080910:2110,0.0,0.0,0.0,0.0,19.58,1.66,0.0
20080910:2210,0.0,0.0,0.0,0.0,18.88,1.59,0.0
20080910:2310,0.0,0.0,0.0,0.0,18.61,1.59,0.0
20080911:0010,0.0,0.0,0.0,0.0,18.24,1.66,0.0
20080911:0110,0.0,0.0,0.0,0.0,17.8,1.79,0.0
20080911:0210,0.0,0.0,0.0,0.0,17.17,2.07,0.0
20080911:0310,0.0,0.0,0.0,0.0,16.95,2.34,0.0
20080911:0410,0.0,0.0,0.0,0.0,16.97,2.41,0.0
20080911:0510,0.0,0.0,0.0,0.0,16.87,2.34,0.0
20080911:0610,23.0,46.0,0.0,7.39,16.72,2.21,0.0
20080911:0710,157.0,82.0,0.0,17.21,18.03,2.34,0.0
20080911:0810,308.0,101.0,0.0,26.56,19.85,2.69,0.0
20080911:0910,444.01,110.0,0.0,34.9,21.69,2.76,0.0
20080911:1010,423.01,186.0,0.0,41.47,23.56,2.76,0.0
20080911:1110,16.0,297.0,0.0,45.34,25.0,2.9,0.0
20080911:1210,254.0,310.0,0.0,45.73,25.71,3.38,0.0
20080911:1310,122.0,325.0,0.0,42.54,25.55,3.72,0.0
20080911:1410,0.0,114.0,0.0,36.46,22.07,3.59,0.0
20080911:1510,343.01,102.0,0.0,28.43,21.97,2.83,0.0
20080911:1610,77.0,139.0,0.0,19.24,21.59,3.45,0.0
20080911:1710,0.0,29.0,0.0,9.48,20.31,3.93,0.0
20080911:1810,0.0,0.0,0.0,0.0,18.5,4.55,0.0
20080911:1910,0.0,0.0,0.0,0.0,16.97,4.9,0.0
20080911:2010,0.0,0.0,0.0,0.0,15.83,4.0,0.0
20080911:2110,0.0,0.0,0.0,0.0,14.85,3.1,0.0
20080911:2210,0.0,0.0,0.0,0.0,14.54,2.83,0.0
20080911:2310,0.0,0.0,0.0,0.0,14.34,2.83,0.0
20080912:0010,0.0,0.0,0.0,0.0,14.09,2.97,0.0
20080912:0110,0.0,0.0,0.0,0.0,13.96,3.24,0.0
20080912:0210,0.0,0.0,0.0,0.0,13.57,3.45,0.0
20080912:0310,0.0,0.0,0.0,0.0,13.02,3.24,0.0
20080912:0410,0.0,0.0,0.0,0.0,12.69,2.97,0.0
20080912:0510,0.0,0.0,0.0,0.0,12.37,2.76,0.0
20080912:0610,41.0,39.0,0.0,7.17,12.04,2.62,0.0
20080912:0710,33.0,125.0,0.0,16.98,12.69,3.17,0.0
20080912:0810,130.0,191.0,0.0,26.31,13.18,3.17,0.0
20080912:0910,0.0,144.0,0.0,34.62,14.07,3.31,0.0
20080912:1010,256.0,277.0,0.0,41.14,15.4,3.38,0.0
20080912:1110,2.0,239.0,0.0,44.97,16.29,3.52,0.0
20080912:1210,399.01,242.0,0.0,45.34,17.04,3.45,0.0
20080912:1310,485.01,163.0,0.0,42.15,17.55,3.24,0.0
20080912:1410,414.01,144.0,0.0,36.08,17.72,3.1,0.0
20080912:1510,302.0,125.0,0.0,28.07,17.89,2.97,0.0
20080912:1610,123.0,121.0,0.0,18.89,17.63,2.76,0.0
20080912:1710,42.0,58.0,0.0,9.14,17.18,2.14,0.0
20080912:1810,0.0,0.0,0.0,0.0,16.27,1.93,0.0
20080912:1910,0.0,0.0,0.0,0.0,14.98,2.21,0.0
20080912:2010,0.0,0.0,0.0,0.0,14.21,2.14,0.0
20080912:2110,0.0,0.0,0.0,0.0,13.36,2.0,0.0
20080912:2210,0.0,0.0,0.0,0.0,12.52,1.93,0.0
20080912:2310,0.0,0.0,0.0,0.0,11.76,1.93,0.0
20080913:0010,0.0,0.0,0.0,0.0,11.15,1.86,0.0
20080913:0110,0.0,0.0,0.0,0.0,10.75,1.72,0.0
20080913:0210,0.0,0.0,0.0,0.0,10.33,1.86,0.0
20080913:0310,0.0,0.0,0.0,0.0,10.04,1.93,0.0
20080913:0410,0.0,0.0,0.0,0.0,9.83,2.0,0.0
20080913:0510,0.0,0.0,0.0,0.0,9.73,1.93,0.0
20080913:0610,24.0,43.0,0.0,6.95,9.61,1.86,0.0
20080913:0710,138.0,90.0,0.0,16.75,10.81,2.48,0.0
20080913:0810,302.0,103.0,0.0,26.06,11.95,2.34,0.0
20080913:0910,266.0,209.0,0.0,34.33,14.06,2.97,0.0
20080913:1010,319.01,244.0,0.0,40.82,15.79,3.31,0.0
20080913:1110,376.01,248.0,0.0,44.61,16.93,3.79,0.0
20080913:1210,146.0,344.0,0.0,44.95,17.69,4.28,0.0
20080913:1310,0.0,207.0,0.0,41.76,18.0,4.83,0.0
20080913:1410,0.0,171.0,0.0,35.7,17.92,4.9,0.0
20080913:1510,0.0,97.0,0.0,27.7,17.82,4.83,0.0
20080913:1610,4.0,113.0,0.0,18.54,17.42,4.55,0.0
20080913:1710,0.0,17.0,0.0,8.79,16.64,4.14,0.0
20080913:1810,0.0,0.0,0.0,0.0,15.43,3.79,0.0
20080913:1910,0.0,0.0,0.0,0.0,14.27,3.72,0.0
20080913:2010,0.0,0.0,0.0,0.0,14.28,3.93,0.0
20080913:2110,0.0,0.0,0.0,0.0,14.28,4.21,0.0
20080913:2210,0.0,0.0,0.0,0.0,14.3,4.28,0.0
20080913:2310,0.0,0.0,0.0,0.0,14.27,4.14,0.0
20080914:0010,0.0,0.0,0.0,0.0,14.18,3.86,0.0
20080914:0110,0.0,0.0,0.0,0.0,14.08,3.45,0.0
20080914:0210,0.0,0.0,0.0,0.0,13.93,3.24,0.0
20080914:0310,0.0,0.0,0.0,0.0,13.61,3.38,0.0
20080914:0410,0.0,0.0,0.0,0.0,12.95,3.38,0.0
20080914:0510,0.0,0.0,0.0,0.0,12.38,3.45,0.0
20080914:0610,1.0,34.0,0.0,6.72,11.97,3.38,0.0
20080914:0710,139.0,90.0,0.0,16.52,12.63,3.72,0.0
20080914:0810,298.0,104.0,0.0,25.81,13.06,3.59,0.0
20080914:0910,442.01,111.0,0.0,34.05,13.98,3.38,0.0
20080914:1010,541.01,119.0,0.0,40.49,15.15,3.1,0.0
20080914:1110,629.01,105.0,0.0,44.24,16.34,3.03,0.0
20080914:1210,626.01,109.0,0.0,44.56,17.19,3.03,0.0
20080914:1310,585.01,104.0,0.0,41.37,17.72,3.1,0.0
20080914:1410,469.01,110.0,0.0,35.32,18.04,3.17,0.0
20080914:1510,331.01,104.0,0.0,27.33,17.99,3.31,0.0
20080914:1610,187.0,83.0,0.0,18.18,17.63,3.45,0.0
20080914:1710,41.0,52.0,0.0,8.44,16.89,3.03,0.0
20080914:1810,0.0,0.0,0.0,0.0,15.4,2.62,0.0
20080914:1910,0.0,0.0,0.0,0.0,14.33,2.62,0.0
20080914:2010,0.0,0.0,0.0,0.0,13.52,2.48,0.0
20080914:2110,0.0,0.0,0.0,0.0,12.58,2.41,0.0
20080914:2210,0.0,0.0,0.0,0.0,11.85,2.28,0.0
20080914:2310,0.0,0.0,0.0,0.0,11.28,2.14,0.0
20080915:0010,0.0,0.0,0.0,0.0,10.6,2.14,0.0
20080915:0110,0.0,0.0,0.0,0.0,10.0,2.07,0.0
20080915:0210,0.0,0.0,0.0,0.0,9.52,2.14,0.0
20080915:0310,0.0,0.0,0.0,0.0,9.2,2.07,0.0
20080915:0410,0.0,0.0,0.0,0.0,8.69,2.0,0.0
20080915:0510,0.0,0.0,0.0,0.0,8.41,2.0,0.0
20080915:0610,11.0,41.0,0.0,6.49,8.11,2.0,0.0
20080915:0710,92.0,110.0,0.0,16.28,9.25,1.72,0.0
20080915:0810,210.0,152.0,0.0,25.56,11.26,2.07,0.0
20080915:0910,417.01,124.0,0.0,33.76,13.14,2.34,0.0
20080915:1010,541.01,118.0,0.0,40.17,14.7,2.62,0.0
20080915:1110,289.01,293.0,0.0,43.88,15.94,3.59,0.0
20080915:1210,37.0,327.0,0.0,44.17,16.39,3.79,0.0
20080915:1310,20.0,287.0,0.0,40.97,16.14,3.93,0.0
20080915:1410,14.0,242.0,0.0,34.94,15.74,3.79,0.0
20080915:1510,0.0,136.0,0.0,26.97,15.4,3.66,0.0
20080915:1610,5.0,111.0,0.0,17.83,15.18,3.45,0.0
20080915:1710,13.0,54.0,0.0,8.09,14.76,2.97,0.0
20080915:1810,0.0,0.0,0.0,0.0,14.18,2.69,0.0
20080915:1910,0.0,0.0,0.0,0.0,13.81,2.9,0.0
20080915:2010,0.0,0.0,0.0,0.0,13.33,2.76,0.0
20080915:2110,0.0,0.0,0.0,0.0,12.99,2.48,0.0
20080915:2210,0.0,0.0,0.0,0.0,12.5,2.14,0.0
20080915:2310,0.0,0.0,0.0,0.0,12.06,2.0,0.0
20080916:0010,0.0,0.0,0.0,0.0,11.77,1.93,0.0
20080916:0110,0.0,0.0,0.0,0.0,11.04,2.28,0.0
20080916:0210,0.0,0.0,0.0,0.0,10.38,2.41,0.0
20080916:0310,0.0,0.0,0.0,0.0,9.92,2.28,0.0
20080916:0410,0.0,0.0,0.0,0.0,9.05,2.21,0.0
20080916:0510,0.0,0.0,0.0,0.0,8.4,2.34,0.0
20080916:0610,21.0,38.0,0.0,6.27,8.27,2.28,0.0
20080916:0710,167.0,72.0,0.0,16.05,8.99,2.21,0.0
20080916:0810,268.0,118.0,0.0,25.3,10.67,2.83,0.0
20080916:0910,414.01,123.0,0.0,33.48,12.42,3.24,0.0
20080916:1010,412.01,192.0,0.0,39.84,13.93,4.07,0.0
20080916:1110,585.01,125.0,0.0,43.51,14.96,3.93,0.0
20080916:1210,457.01,204.0,0.0,43.77,15.66,4.0,0.0
20080916:1310,455.01,174.0,0.0,40.58,16.31,4.0,0.0
20080916:1410,297.01,202.0,0.0,34.56,16.55,3.93,0.0
20080916:1510,228.0,155.0,0.0,26.6,16.44,3.93,0.0
20080916:1610,96.0,121.0,0.0,17.47,16.04,3.86,0.0
20080916:1710,35.0,48.0,0.0,7.74,15.56,3.45,0.0
20080916:1810,0.0,0.0,0.0,0.0,14.77,3.1,0.0
20080916:1910,0.0,0.0,0.0,0.0,14.35,3.17,0.0
20080916:2010,0.0,0.0,0.0,0.0,13.72,2.83,0.0
20080916:2110,0.0,0.0,0.0,0.0,13.09,2.41,0.0
20080916:2210,0.0,0.0,0.0,0.0,12.5,2.07,0.0
20080916:2310,0.0,0.0,0.0,0.0,11.71,2.21,0.0
20080917:0010,0.0,0.0,0.0,0.0,11.05,2.48,0.0
20080917:0110,0.0,0.0,0.0,0.0,10.44,2.62,0.0
20080917:0210,0.0,0.0,0.0,0.0,9.84,2.62,0.0
20080917:0310,0.0,0.0,0.0,0.0,9.34,2.69,0.0
20080917:0410,0.0,0.0,0.0,0.0,9.03,2.69,0.0
20080917:0510,0.0,0.0,0.0,0.0,8.78,2.9,0.0
20080917:0610,15.0,38.0,0.0,6.04,8.69,3.03,0.0
20080917:0710,56.0,118.0,0.0,15.81,9.53,2.97,0.0
20080917:0810,163.0,171.0,0.0,25.04,10.8,4.07,0.0
20080917:0910,244.0,217.0,0.0,33.19,12.09,4.62,0.0
20080917:1010,498.01,139.0,0.0,39.51,13.14,4.9,0.0
20080917:1110,549.01,144.0,0.0,43.14,14.1,4.9,0.0
20080917:1210,588.01,125.0,0.0,43.38,14.77,4.76,0.0
20080917:1310,586.01,97.0,0.0,40.18,15.3,4.62,0.0
20080917:1410,455.01,111.0,0.0,34.17,15.5,4.55,0.0
20080917:1510,130.0,196.0,0.0,26.23,15.54,4.48,0.0
20080917:1610,57.0,130.0,0.0,17.11,15.37,4.34,0.0
20080917:1710,5.0,45.0,0.0,7.39,14.64,3.59,0.0
20080917:1810,0.0,0.0,0.0,0.0,13.25,3.31,0.0
20080917:1910,0.0,0.0,0.0,0.0,12.13,3.17,0.0
20080917:2010,0.0,0.0,0.0,0.0,11.48,3.17,0.0
20080917:2110,0.0,0.0,0.0,0.0,10.95,3.17,0.0
20080917:2210,0.0,0.0,0.0,0.0,10.49,3.17,0.0
20080917:2310,0.0,0.0,0.0,0.0,10.18,3.1,0.0
20080918:0010,0.0,0.0,0.0,0.0,9.95,3.03,0.0
20080918:0110,0.0,0.0,0.0,0.0,9.43,2.83,0.0
20080918:0210,0.0,0.0,0.0,0.0,9.03,2.69,0.0
20080918:0310,0.0,0.0,0.0,0.0,8.64,2.62,0.0
20080918:0410,0.0,0.0,0.0,0.0,8.3,2.62,0.0
20080918:0510,0.0,0.0,0.0,0.0,7.96,2.69,0.0
20080918:0610,5.0,33.0,0.0,5.81,7.81,2.69,0.0
20080918:0710,100.0,99.0,0.0,15.57,7.97,2.76,0.0
20080918:0810,82.0,193.0,0.0,24.78,8.91,3.03,0.0
20080918:0910,81.0,262.0,0.0,32.89,10.09,2.69,0.0
20080918:1010,363.01,212.0,0.0,39.18,11.74,2.34,0.0
20080918:1110,547.01,138.0,0.0,42.77,13.37,2.14,0.0
20080918:1210,489.01,176.0,0.0,42.99,14.65,2.28,0.0
20080918:1310,477.01,151.0,0.0,39.78,15.57,2.21,0.0
20080918:1410,319.01,182.0,0.0,33.79,16.13,2.14,0.0
20080918:1510,164.0,178.0,0.0,25.86,16.4,2.28,0.0
20080918:1610,151.0,87.0,0.0,16.75,16.23,2.48,0.0
20080918:1710,28.0,44.0,0.0,7.03,15.74,2.41,0.0
20080918:1810,0.0,0.0,0.0,0.0,14.3,2.21,0.0
20080918:1910,0.0,0.0,0.0,0.0,12.85,1.86,0.0
20080918:2010,0.0,0.0,0.0,0.0,11.76,1.93,0.0
20080918:2110,0.0,0.0,0.0,0.0,10.95,2.14,0.0
20080918:2210,0.0,0.0,0.0,0.0,10.3,2.21,0.0
20080918:2310,0.0,0.0,0.0,0.0,9.54,2.34,0.0
20080919:0010,0.0,0.0,0.0,0.0,9.14,2.28,0.0
20080919:0110,0.0,0.0,0.0,0.0,8.85,2.28,0.0
20080919:0210,0.0,0.0,0.0,0.0,8.63,2.34,0.0
20080919:0310,0.0,0.0,0.0,0.0,8.43,2.34,0.0
20080919:0410,0.0,0.0,0.0,0.0,8.27,2.34,0.0
20080919:0510,0.0,0.0,0.0,0.0,8.06,2.41,0.0
20080919:0610,16.0,29.87,0.0,5.58,8.04,2.48,0.0
20080919:0710,149.0,73.0,0.0,15.34,7.96,2.14,0.0
20080919:0810,279.01,104.0,0.0,24.52,9.97,2.62,0.0
20080919:0910,415.01,115.0,0.0,32.6,12.1,2.83,0.0
20080919:1010,511.01,124.0,0.0,38.84,14.01,3.03,0.0
20080919:1110,587.01,115.0,0.0,42.4,15.51,2.97,0.0
20080919:1210,590.01,116.0,0.0,42.59,16.56,3.17,0.0
20080919:1310,548.01,110.0,0.0,39.39,17.29,3.38,0.0
20080919:1410,440.01,110.0,0.0,33.4,17.62,3.66,0.0
20080919:1510,300.01,104.0,0.0,25.49,17.56,3.72,0.0
20080919:1610,163.0,78.0,0.0,16.39,17.14,3.72,0.0
20080919:1710,30.0,41.0,0.0,6.68,16.29,2.97,0.0
20080919:1810,0.0,0.0,0.0,0.0,14.55,2.83,0.0
20080919:1910,0.0,0.0,0.0,0.0,13.52,2.97,0.0
20080919:2010,0.0,0.0,0.0,0.0,12.6,3.1,0.0
20080919:2110,0.0,0.0,0.0,0.0,11.9,3.24,0.0
20080919:2210,0.0,0.0,0.0,0.0,11.36,3.38,0.0
20080919:2310,0.0,0.0,0.0,0.0,10.88,3.38,0.0
20080920:0010,0.0,0.0,0.0,0.0,10.38,3.24,0.0
20080920:0110,0.0,0.0,0.0,0.0,9.92,3.1,0.0
20080920:0210,0.0,0.0,0.0,0.0,9.5,2.9,0.0
20080920:0310,0.0,0.0,0.0,0.0,9.15,2.83,0.0
20080920:0410,0.0,0.0,0.0,0.0,8.78,2.83,0.0
20080920:0510,0.0,0.0,0.0,0.0,8.42,2.9,0.0
20080920:0610,16.0,27.95,0.0,5.35,8.13,2.97,0.0
20080920:0710,150.0,71.0,0.0,15.1,9.0,2.76,0.0
20080920:0810,281.01,100.0,0.0,24.26,11.02,3.45,0.0
20080920:0910,406.01,117.0,0.0,32.31,13.13,3.59,0.0
20080920:1010,492.01,131.0,0.0,38.51,15.05,4.0,0.0
20080920:1110,567.01,123.0,0.0,42.02,16.56,4.83,0.0
20080920:1210,562.01,127.0,0.0,42.2,17.46,5.17,0.0
20080920:1310,522.01,120.0,0.0,38.99,18.0,5.1,0.0
20080920:1410,411.01,122.0,0.0,33.02,18.23,5.1,0.0
20080920:1510,290.01,105.0,0.0,25.12,18.11,5.1,0.0
20080920:1610,153.0,79.0,0.0,16.03,17.57,4.97,0.0
20080920:1710,38.0,34.0,0.0,6.33,16.59,4.07,0.0
20080920:1810,0.0,0.0,0.0,0.0,14.95,3.66,0.0
20080920:1910,0.0,0.0,0.0,0.0,14.02,3.66,0.0
20080920:2010,0.0,0.0,0.0,0.0,13.05,3.45,0.0
20080920:2110,0.0,0.0,0.0,0.0,12.18,3.31,0.0
20080920:2210,0.0,0.0,0.0,0.0,11.49,3.45,0.0
20080920:2310,0.0,0.0,0.0,0.0,10.92,3.45,0.0
20080921:0010,0.0,0.0,0.0,0.0,10.27,3.31,0.0
20080921:0110,0.0,0.0,0.0,0.0,9.6,3.24,0.0
20080921:0210,0.0,0.0,0.0,0.0,9.04,3.24,0.0
20080921:0310,0.0,0.0,0.0,0.0,8.56,3.31,0.0
20080921:0410,0.0,0.0,0.0,0.0,8.15,3.38,0.0
20080921:0510,0.0,0.0,0.0,0.0,7.82,3.38,0.0
20080921:0610,13.0,26.78,0.0,5.12,7.66,3.52,0.0
20080921:0710,122.0,82.0,0.0,14.85,8.68,3.38,0.0
20080921:0810,290.01,93.0,0.0,24.0,10.6,4.48,0.0
20080921:0910,385.01,125.0,0.0,32.01,12.4,5.03,0.0
20080921:1010,475.01,138.0,0.0,38.17,13.82,5.24,0.0
20080921:1110,535.01,136.0,0.0,41.65,15.07,5.24,0.0
20080921:1210,507.01,156.0,0.0,41.8,16.02,5.17,0.0
20080921:1310,506.01,124.0,0.0,38.59,16.65,5.17,0.0
20080921:1410,403.01,122.0,0.0,32.63,16.97,5.31,0.0
20080921:1510,267.01,114.0,0.0,24.75,17.0,5.31,0.0
20080921:1610,146.0,79.0,0.0,15.67,16.74,5.24,0.0
20080921:1710,37.0,31.0,0.0,5.97,15.98,4.28,0.0
20080921:1810,0.0,0.0,0.0,0.0,14.78,3.86,0.0
20080921:1910,0.0,0.0,0.0,0.0,13.7,3.79,0.0
20080921:2010,0.0,0.0,0.0,0.0,12.95,3.86,0.0
20080921:2110,0.0,0.0,0.0,0.0,12.21,3.66,0.0
20080921:2210,0.0,0.0,0.0,0.0,11.57,3.38,0.0
20080921:2310,0.0,0.0,0.0,0.0,10.88,3.31,0.0
20080922:0010,0.0,0.0,0.0,0.0,10.32,3.31,0.0
20080922:0110,0.0,0.0,0.0,0.0,9.93,3.24,0.0
20080922:0210,0.0,0.0,0.0,0.0,9.48,3.1,0.0
20080922:0310,0.0,0.0,0.0,0.0,9.13,2.97,0.0
20080922:0410,0.0,0.0,0.0,0.0,8.72,2.9,0.0
20080922:0510,0.0,0.0,0.0,0.0,8.46,2.9,0.0
20080922:0610,11.0,25.34,0.0,4.89,8.31,2.9,0.0
20080922:0710,129.0,75.0,0.0,14.61,9.49,2.62,0.0
20080922:0810,218.0,128.0,0.0,23.74,11.61,3.38,0.0
20080922:0910,377.01,125.0,0.0,31.71,13.69,3.93,0.0
20080922:1010,484.01,127.0,0.0,37.84,15.39,4.48,0.0
20080922:1110,461.01,176.0,0.0,41.27,16.78,5.24,0.0
20080922:1210,150.0,322.0,0.0,41.4,17.13,4.83,0.0
20080922:1310,146.0,297.0,0.0,38.19,17.25,5.03,0.0
20080922:1410,14.0,224.0,0.0,32.24,17.4,5.03,0.0
20080922:1510,61.0,192.0,0.0,24.37,17.2,4.83,0.0
20080922:1610,14.0,109.0,0.0,15.31,16.78,4.41,0.0
20080922:1710,24.0,26.22,0.0,5.62,16.09,3.72,0.0
20080922:1810,0.0,0.0,0.0,0.0,14.59,3.31,0.0
20080922:1910,0.0,0.0,0.0,0.0,14.15,3.59,0.0
20080922:2010,0.0,0.0,0.0,0.0,13.44,3.66,0.0
20080922:2110,0.0,0.0,0.0,0.0,12.79,3.79,0.0
20080922:2210,0.0,0.0,0.0,0.0,12.33,3.59,0.0
20080922:2310,0.0,0.0,0.0,0.0,11.88,3.52,0.0
20080923:0010,0.0,0.0,0.0,0.0,11.23,3.38,0.0
20080923:0110,0.0,0.0,0.0,0.0,10.68,3.17,0.0
20080923:0210,0.0,0.0,0.0,0.0,9.98,3.1,0.0
20080923:0310,0.0,0.0,0.0,0.0,9.29,3.1,0.0
20080923:0410,0.0,0.0,0.0,0.0,8.78,3.03,0.0
20080923:0510,0.0,0.0,0.0,0.0,8.4,3.03,0.0
20080923:0610,9.0,24.8,0.0,4.65,8.15,2.9,0.0
20080923:0710,50.0,104.0,0.0,14.37,9.25,2.48,0.0
20080923:0810,191.0,138.0,0.0,23.47,11.21,3.17,0.0
20080923:0910,30.0,236.0,0.0,31.42,13.18,3.45,0.0
20080923:1010,256.01,248.0,0.0,37.5,14.86,4.62,0.0
20080923:1110,22.0,289.0,0.0,40.9,15.69,4.76,0.0
20080923:1210,228.0,292.0,0.0,41.01,15.91,4.55,0.0
20080923:1310,1.0,202.0,0.0,37.79,16.3,4.41,0.0
20080923:1410,0.0,98.0,0.0,31.86,16.24,4.21,0.0
20080923:1510,39.0,186.0,0.0,24.0,16.05,4.0,0.0
20080923:1610,5.0,93.0,0.0,14.95,15.68,3.59,0.0
20080923:1710,2.0,26.57,0.0,5.27,15.04,2.76,0.0
20080923:1810,0.0,0.0,0.0,0.0,14.33,2.55,0.0
20080923:1910,0.0,0.0,0.0,0.0,13.84,2.55,0.0
20080923:2010,0.0,0.0,0.0,0.0,13.49,2.41,0.0
20080923:2110,0.0,0.0,0.0,0.0,13.21,2.28,0.0
20080923:2210,0.0,0.0,0.0,0.0,12.85,1.93,0.0
20080923:2310,0.0,0.0,0.0,0.0,12.65,1.79,0.0
20080924:0010,0.0,0.0,0.0,0.0,12.49,1.59,0.0
20080924:0110,0.0,0.0,0.0,0.0,12.18,1.45,0.0
20080924:0210,0.0,0.0,0.0,0.0,11.76,1.31,0.0
20080924:0310,0.0,0.0,0.0,0.0,11.66,1.24,0.0
20080924:0410,0.0,0.0,0.0,0.0,11.56,1.03,0.0
20080924:0510,0.0,0.0,0.0,0.0,11.42,1.24,0.0
20080924:0610,2.0,19.62,0.0,4.42,11.26,1.52,0.0
20080924:0710,72.0,95.0,0.0,14.12,11.56,1.17,0.0
20080924:0810,25.0,172.0,0.0,23.2,12.41,1.66,0.0
20080924:0910,111.0,241.0,0.0,31.12,13.44,1.93,0.0
20080924:1010,173.0,277.0,0.0,37.16,14.84,1.93,0.0
20080924:1110,369.01,217.0,0.0,40.52,15.66,2.21,0.0
20080924:1210,131.0,316.0,0.0,40.61,16.61,2.76,0.0
20080924:1310,351.01,197.0,0.0,37.4,17.25,2.83,0.0
20080924:1410,157.0,232.0,0.0,31.47,17.7,2.97,0.0
20080924:1510,69.0,183.0,0.0,23.63,17.73,3.03,0.0
20080924:1610,89.0,93.0,0.0,14.59,17.41,2.9,0.0
20080924:1710,6.0,26.56,0.0,4.91,16.61,2.21,0.0
20080924:1810,0.0,0.0,0.0,0.0,15.47,2.34,0.0
20080924:1910,0.0,0.0,0.0,0.0,15.02,3.03,0.0
20080924:2010,0.0,0.0,0.0,0.0,14.49,3.03,0.0
20080924:2110,0.0,0.0,0.0,0.0,14.0,2.83,0.0
20080924:2210,0.0,0.0,0.0,0.0,13.54,2.69,0.0
20080924:2310,0.0,0.0,0.0,0.0,13.21,2.62,0.0
20080925:0010,0.0,0.0,0.0,0.0,13.11,2.48,0.0
20080925:0110,0.0,0.0,0.0,0.0,12.82,2.48,0.0
20080925:0210,0.0,0.0,0.0,0.0,12.77,2.62,0.0
20080925:0310,0.0,0.0,0.0,0.0,12.61,2.83,0.0
20080925:0410,0.0,0.0,0.0,0.0,12.56,2.97,0.0
20080925:0510,0.0,0.0,0.0,0.0,12.62,3.03,0.0
20080925:0610,3.0,20.37,0.0,4.19,12.61,3.03,0.0
20080925:0710,32.0,101.0,0.0,13.88,12.7,2.83,0.0
20080925:0810,113.0,167.0,0.0,22.93,13.42,4.07,0.0
20080925:0910,36.0,235.0,0.0,30.82,14.5,4.55,0.0
20080925:1010,177.0,275.0,0.0,36.82,15.92,4.76,0.0
20080925:1110,271.01,266.0,0.0,40.15,16.77,4.69,0.0
20080925:1210,94.0,318.0,0.0,40.21,17.81,4.9,0.0
20080925:1310,156.0,283.0,0.0,37.0,18.14,4.83,0.0
20080925:1410,0.0,117.0,0.0,31.08,18.03,4.62,0.0
20080925:1510,20.0,171.0,0.0,23.26,17.81,4.55,0.0
20080925:1610,12.0,97.0,0.0,14.24,17.34,4.21,0.0
20080925:1710,6.0,25.5,0.0,4.56,16.7,4.14,0.0
20080925:1810,0.0,0.0,0.0,0.0,15.83,4.14,0.0
20080925:1910,0.0,0.0,0.0,0.0,15.18,4.14,0.0
20080925:2010,0.0,0.0,0.0,0.0,14.4,4.07,0.0
20080925:2110,0.0,0.0,0.0,0.0,13.87,3.93,0.0
20080925:2210,0.0,0.0,0.0,0.0,13.08,3.72,0.0
20080925:2310,0.0,0.0,0.0,0.0,12.52,3.66,0.0
20080926:0010,0.0,0.0,0.0,0.0,11.81,3.52,0.0
20080926:0110,0.0,0.0,0.0,0.0,11.16,3.52,0.0
20080926:0210,0.0,0.0,0.0,0.0,10.6,3.52,0.0
20080926:0310,0.0,0.0,0.0,0.0,10.08,3.52,0.0
20080926:0410,0.0,0.0,0.0,0.0,9.62,3.52,0.0
20080926:0510,0.0,0.0,0.0,0.0,9.18,3.59,0.0
20080926:0610,9.0,18.98,0.0,3.95,8.84,3.59,0.0
20080926:0710,125.0,67.0,0.0,13.63,9.65,3.52,0.0
20080926:0810,247.01,102.0,0.0,22.67,11.32,4.62,0.0
20080926:0910,371.01,118.0,0.0,30.51,13.05,5.17,0.0
20080926:1010,453.01,134.0,0.0,36.48,14.69,5.45,0.0
20080926:1110,510.01,134.0,0.0,39.77,16.04,5.66,0.0
20080926:1210,482.01,152.0,0.0,39.81,17.1,5.93,0.0
20080926:1310,472.01,125.0,0.0,36.6,17.73,6.07,0.0
20080926:1410,368.01,123.0,0.0,30.7,17.9,5.93,0.0
20080926:1510,207.0,128.0,0.0,22.89,17.78,5.79,0.0
20080926:1610,61.0,99.0,0.0,13.88,17.32,5.52,0.0
20080926:1710,0.0,24.0,0.0,4.21,16.43,4.41,0.0
20080926:1810,0.0,0.0,0.0,0.0,15.18,4.0,0.0
20080926:1910,0.0,0.0,0.0,0.0,15.01,4.0,0.0
20080926:2010,0.0,0.0,0.0,0.0,14.07,3.86,0.0
20080926:2110,0.0,0.0,0.0,0.0,13.18,3.72,0.0
20080926:2210,0.0,0.0,0.0,0.0,12.34,3.59,0.0
20080926:2310,0.0,0.0,0.0,0.0,11.62,3.38,0.0
20080927:0010,0.0,0.0,0.0,0.0,10.98,3.24,0.0
20080927:0110,0.0,0.0,0.0,0.0,10.4,3.03,0.0
20080927:0210,0.0,0.0,0.0,0.0,9.87,2.9,0.0
20080927:0310,0.0,0.0,0.0,0.0,9.37,2.83,0.0
20080927:0410,0.0,0.0,0.0,0.0,8.9,2.76,0.0
20080927:0510,0.0,0.0,0.0,0.0,8.5,2.76,0.0
20080927:0610,8.0,18.19,0.0,3.71,8.18,2.83,0.0
20080927:0710,123.0,66.0,0.0,13.38,9.12,2.83,0.0
20080927:0810,240.01,103.0,0.0,22.39,11.28,3.38,0.0
20080927:0910,362.01,121.0,0.0,30.21,13.39,3.72,0.0
20080927:1010,441.01,140.0,0.0,36.13,15.32,3.93,0.0
20080927:1110,497.01,140.0,0.0,39.39,16.76,4.34,0.0
20080927:1210,479.01,151.0,0.0,39.42,17.79,4.55,0.0
20080927:1310,468.01,124.0,0.0,36.2,18.49,4.41,0.0
20080927:1410,364.01,122.0,0.0,30.31,18.84,4.21,0.0
20080927:1510,238.01,107.0,0.0,22.52,18.84,4.07,0.0
20080927:1610,117.0,71.0,0.0,13.52,18.4,3.79,0.0
20080927:1710,0.0,21.0,0.0,3.86,17.17,2.83,0.0
20080927:1810,0.0,0.0,0.0,0.0,15.18,2.76,0.0
20080927:1910,0.0,0.0,0.0,0.0,14.4,2.69,0.0
20080927:2010,0.0,0.0,0.0,0.0,13.42,2.69,0.0
20080927:2110,0.0,0.0,0.0,0.0,12.53,2.62,0.0
20080927:2210,0.0,0.0,0.0,0.0,11.71,2.48,0.0
20080927:2310,0.0,0.0,0.0,0.0,10.92,2.34,0.0
20080928:0010,0.0,0.0,0.0,0.0,10.16,2.21,0.0
20080928:0110,0.0,0.0,0.0,0.0,9.37,2.07,0.0
20080928:0210,0.0,0.0,0.0,0.0,8.51,1.93,0.0
20080928:0310,0.0,0.0,0.0,0.0,7.84,2.07,0.0
20080928:0410,0.0,0.0,0.0,0.0,7.35,2.07,0.0
20080928:0510,0.0,0.0,0.0,0.0,6.88,1.93,0.0
20080928:0610,6.0,17.62,0.0,3.48,6.41,1.86,0.0
20080928:0710,102.0,74.0,0.0,13.13,7.4,1.1,0.0
20080928:0810,225.0,109.0,0.0,22.12,10.98,1.03,0.0
20080928:0910,329.01,137.0,0.0,29.91,13.48,1.03,0.0
20080928:1010,410.01,154.0,0.0,35.79,15.66,1.24,0.0
20080928:1110,481.01,145.0,0.0,39.02,17.27,1.66,0.0
20080928:1210,472.01,151.0,0.0,39.02,18.2,1.79,0.0
20080928:1310,460.01,124.0,0.0,35.8,18.73,1.38,0.0
20080928:1410,350.01,125.0,0.0,29.92,18.99,1.1,0.0
20080928:1510,231.01,106.0,0.0,22.15,19.0,1.17,0.0
20080928:1610,118.0,67.0,0.0,13.16,18.71,1.45,0.0
20080928:1710,0.0,19.0,0.0,3.5,17.78,1.52,0.0
20080928:1810,0.0,0.0,0.0,0.0,16.08,1.93,0.0
20080928:1910,0.0,0.0,0.0,0.0,14.22,1.66,0.0
20080928:2010,0.0,0.0,0.0,0.0,12.83,1.38,0.0
20080928:2110,0.0,0.0,0.0,0.0,13.77,0.9,0.0
20080928:2210,0.0,0.0,0.0,0.0,12.98,0.14,0.0
20080928:2310,0.0,0.0,0.0,0.0,12.2,0.48,0.0
20080929:0010,0.0,0.0,0.0,0.0,10.01,1.17,0.0
20080929:0110,0.0,0.0,0.0,0.0,8.02,1.59,0.0
20080929:0210,0.0,0.0,0.0,0.0,7.3,1.59,0.0
20080929:0310,0.0,0.0,0.0,0.0,6.44,1.79,0.0
20080929:0410,0.0,0.0,0.0,0.0,6.11,1.86,0.0
20080929:0510,0.0,0.0,0.0,0.0,6.18,1.66,0.0
20080929:0610,4.0,16.12,0.0,3.24,6.61,1.59,0.0
20080929:0710,120.0,62.0,0.0,12.88,7.87,1.52,0.0
20080929:0810,146.0,145.0,0.0,21.85,9.15,1.45,0.0
20080929:0910,161.0,216.0,0.0,29.6,10.78,1.72,0.0
20080929:1010,101.0,283.0,0.0,35.45,12.3,2.0,0.0
20080929:1110,405.01,184.0,0.0,38.64,14.32,2.76,0.0
20080929:1210,270.01,256.0,0.0,38.62,15.68,3.31,0.0
20080929:1310,380.01,165.0,0.0,35.41,16.5,3.38,0.0
20080929:1410,292.01,153.0,0.0,29.54,17.05,3.52,0.0
20080929:1510,184.0,126.0,0.0,21.78,17.1,3.59,0.0
20080929:1610,13.0,88.0,0.0,12.8,16.81,3.59,0.0
20080929:1710,0.0,15.0,0.0,3.16,15.97,3.24,0.0
20080929:1810,0.0,0.0,0.0,0.0,14.48,3.24,0.0
20080929:1910,0.0,0.0,0.0,0.0,13.96,3.03,0.0
20080929:2010,0.0,0.0,0.0,0.0,13.0,2.97,0.0
20080929:2110,0.0,0.0,0.0,0.0,12.07,2.83,0.0
20080929:2210,0.0,0.0,0.0,0.0,11.01,2.41,0.0
20080929:2310,0.0,0.0,0.0,0.0,10.23,2.14,0.0
20080930:0010,0.0,0.0,0.0,0.0,9.75,2.28,0.0
20080930:0110,0.0,0.0,0.0,0.0,9.6,2.62,0.0
20080930:0210,0.0,0.0,0.0,0.0,9.46,2.9,0.0
20080930:0310,0.0,0.0,0.0,0.0,9.5,3.1,0.0
20080930:0410,0.0,0.0,0.0,0.0,9.48,3.31,0.0
20080930:0510,0.0,0.0,0.0,0.0,9.43,3.52,0.0
20080930:0610,0.0,9.0,0.0,3.0,9.59,3.86,0.0
20080930:0710,7.0,80.0,0.0,12.63,10.01,3.86,0.0
20080930:0810,0.0,57.0,0.0,21.58,10.88,4.62,0.0
20080930:0910,0.0,71.0,0.0,29.29,11.8,5.17,0.0
20080930:1010,0.0,73.0,0.0,35.1,12.72,5.66,0.0
20080930:1110,0.0,105.0,0.0,38.26,13.4,6.14,0.0
20080930:1210,0.0,120.0,0.0,38.23,14.31,6.76,0.0
20080930:1310,4.0,209.0,0.0,35.01,15.06,6.83,0.0
20080930:1410,0.0,83.0,0.0,29.16,15.27,6.55,0.0
20080930:1510,0.0,57.0,0.0,21.41,14.83,5.93,0.0
20080930:1610,0.0,28.0,0.0,12.45,14.33,5.86,0.0
20080930:1710,0.0,3.0,0.0,2.81,14.22,5.86,0.0
20080930:1810,0.0,0.0,0.0,0.0,14.24,6.14,0.0
20080930:1910,0.0,0.0,0.0,0.0,13.52,6.34,0.0
20080930:2010,0.0,0.0,0.0,0.0,13.43,6.34,0.0
20080930:2110,0.0,0.0,0.0,0.0,13.4,6.21,0.0
20080930:2210,0.0,0.0,0.0,0.0,13.39,6.21,0.0
20080930:2310,0.0,0.0,0.0,0.0,13.43,6.41,0.0
20081001:0010,0.0,0.0,0.0,0.0,13.46,6.76,0.0
20081001:0110,0.0,0.0,0.0,0.0,13.38,6.97,0.0
20081001:0210,0.0,0.0,0.0,0.0,13.33,7.03,0.0
20081001:0310,0.0,0.0,0.0,0.0,13.24,7.17,0.0
20081001:0410,0.0,0.0,0.0,0.0,13.28,7.17,0.0
20081001:0510,0.0,0.0,0.0,0.0,13.38,7.1,0.0
20081001:0610,1.0,11.82,0.0,2.76,13.5,7.1,0.0
20081001:0710,41.0,87.0,0.0,12.38,13.59,7.17,0.0
20081001:0810,20.0,155.0,0.0,21.3,13.92,6.21,0.0
20081001:0910,0.0,90.0,0.0,28.99,14.5,7.52,0.0
20081001:1010,38.0,264.0,0.0,34.76,15.64,9.31,0.0
20081001:1110,0.0,110.0,0.0,37.88,16.37,8.62,0.0
20081001:1210,0.0,91.0,0.0,37.83,16.75,8.62,0.0
20081001:1310,297.01,200.0,0.0,34.62,16.1,8.41,0.0
20081001:1410,134.0,216.0,0.0,28.77,15.87,7.24,0.0
20081001:1510,6.0,133.0,0.0,21.04,15.58,6.48,0.0
20081001:1610,7.0,76.0,0.0,12.09,15.37,5.59,0.0
20081001:1710,0.0,5.0,0.0,2.46,14.92,5.59,0.0
20081001:1810,0.0,0.0,0.0,0.0,14.19,5.24,0.0
20081001:1910,0.0,0.0,0.0,0.0,13.42,4.62,0.0
20081001:2010,0.0,0.0,0.0,0.0,12.79,4.62,0.0
20081001:2110,0.0,0.0,0.0,0.0,12.43,4.69,0.0
20081001:2210,0.0,0.0,0.0,0.0,11.92,4.83,0.0
20081001:2310,0.0,0.0,0.0,0.0,11.49,4.9,0.0
20081002:0010,0.0,0.0,0.0,0.0,11.43,5.03,0.0
20081002:0110,0.0,0.0,0.0,0.0,11.13,4.9,0.0
20081002:0210,0.0,0.0,0.0,0.0,10.86,4.83,0.0
20081002:0310,0.0,0.0,0.0,0.0,10.53,4.83,0.0
20081002:0410,0.0,0.0,0.0,0.0,10.28,4.97,0.0
20081002:0510,0.0,0.0,0.0,0.0,10.05,4.97,0.0
20081002:0610,2.0,10.63,0.0,2.52,9.77,4.9,0.0
20081002:0710,94.0,67.0,0.0,12.13,9.78,4.48,0.0
20081002:0810,219.01,99.0,0.0,21.02,10.68,5.24,0.0
20081002:0910,344.01,114.0,0.0,28.68,11.93,5.86,0.0
20081002:1010,222.01,239.0,0.0,34.41,13.05,6.0,0.0
20081002:1110,92.0,302.0,0.0,37.51,13.4,6.41,0.0
20081002:1210,0.0,134.0,0.0,37.44,13.81,6.28,0.0
20081002:1310,7.0,220.0,0.0,34.22,14.39,6.34,0.0
20081002:1410,356.01,105.0,0.0,28.39,14.29,6.55,0.0
20081002:1510,46.0,162.0,0.0,20.68,14.22,6.55,0.0
20081002:1610,109.0,57.0,0.0,11.74,12.47,6.14,0.0
20081002:1710,0.0,9.0,0.0,2.11,11.72,4.28,0.0
20081002:1810,0.0,0.0,0.0,0.0,10.77,3.45,0.0
20081002:1910,0.0,0.0,0.0,0.0,9.91,3.17,0.0
20081002:2010,0.0,0.0,0.0,0.0,9.35,2.76,0.0
20081002:2110,0.0,0.0,0.0,0.0,8.66,2.62,0.0
20081002:2210,0.0,0.0,0.0,0.0,8.07,2.62,0.0
20081002:2310,0.0,0.0,0.0,0.0,7.51,2.69,0.0
20081003:0010,0.0,0.0,0.0,0.0,7.19,2.83,0.0
20081003:0110,0.0,0.0,0.0,0.0,6.65,3.1,0.0
20081003:0210,0.0,0.0,0.0,0.0,6.5,3.52,0.0
20081003:0310,0.0,0.0,0.0,0.0,6.21,3.79,0.0
20081003:0410,0.0,0.0,0.0,0.0,6.21,4.07,0.0
20081003:0510,0.0,0.0,0.0,0.0,6.43,4.48,0.0
20081003:0610,0.0,10.0,0.0,2.28,6.82,4.55,0.0
20081003:0710,96.0,63.0,0.0,11.87,7.6,4.76,0.0
20081003:0810,182.0,117.0,0.0,20.75,8.98,5.1,0.0
20081003:0910,0.0,80.0,0.0,28.37,9.89,6.21,0.0
20081003:1010,0.0,49.0,0.0,34.07,10.54,6.28,0.0
20081003:1110,144.0,292.0,0.0,37.13,11.38,5.66,0.0
20081003:1210,0.0,58.0,0.0,37.04,11.74,6.0,0.0
20081003:1310,8.0,223.0,0.0,33.83,10.47,7.24,0.0
20081003:1410,295.01,137.0,0.0,28.01,10.84,7.31,0.0
20081003:1510,226.01,89.0,0.0,20.31,10.82,7.59,0.0
20081003:1610,63.0,74.0,0.0,11.39,10.57,6.76,0.0
20081003:1710,0.0,5.0,0.0,1.77,9.95,5.52,0.0
20081003:1810,0.0,0.0,0.0,0.0,9.35,4.9,0.0
20081003:1910,0.0,0.0,0.0,0.0,8.76,4.14,0.0
20081003:2010,0.0,0.0,0.0,0.0,8.03,3.86,0.0
20081003:2110,0.0,0.0,0.0,0.0,7.45,3.52,0.0
20081003:2210,0.0,0.0,0.0,0.0,7.21,3.38,0.0
20081003:2310,0.0,0.0,0.0,0.0,6.82,3.1,0.0
20081004:0010,0.0,0.0,0.0,0.0,6.23,2.83,0.0
20081004:0110,0.0,0.0,0.0,0.0,5.93,2.69,0.0
20081004:0210,0.0,0.0,0.0,0.0,5.32,2.62,0.0
20081004:0310,0.0,0.0,0.0,0.0,4.82,2.41,0.0
20081004:0410,0.0,0.0,0.0,0.0,4.37,2.28,0.0
20081004:0510,0.0,0.0,0.0,0.0,3.93,2.14,0.0
20081004:0610,0.0,7.0,0.0,2.04,3.49,2.14,0.0
20081004:0710,85.0,66.0,0.0,11.62,4.21,1.93,0.0
20081004:0810,221.01,91.0,0.0,20.47,6.51,2.28,0.0
20081004:0910,259.01,156.0,0.0,28.06,8.71,2.62,0.0
20081004:1010,396.01,139.0,0.0,33.72,10.68,3.52,0.0
20081004:1110,121.0,292.0,0.0,36.75,12.0,4.0,0.0
20081004:1210,140.0,288.0,0.0,36.65,13.01,4.76,0.0
20081004:1310,209.0,235.0,0.0,33.44,13.55,5.24,0.0
20081004:1410,121.0,212.0,0.0,27.63,13.62,5.59,0.0
20081004:1510,106.0,143.0,0.0,19.95,13.49,5.38,0.0
20081004:1610,86.0,60.0,0.0,11.04,13.27,4.76,0.0
20081004:1710,0.0,0.0,0.0,0.0,12.92,4.55,0.0
20081004:1810,0.0,0.0,0.0,0.0,12.41,4.41,0.0
20081004:1910,0.0,0.0,0.0,0.0,11.85,4.9,0.0
20081004:2010,0.0,0.0,0.0,0.0,11.83,5.45,0.0
20081004:2110,0.0,0.0,0.0,0.0,11.64,5.79,0.0
20081004:2210,0.0,0.0,0.0,0.0,11.57,5.93,0.0
20081004:2310,0.0,0.0,0.0,0.0,11.43,6.14,0.0
20081005:0010,0.0,0.0,0.0,0.0,11.04,6.28,0.0
20081005:0110,0.0,0.0,0.0,0.0,10.71,6.55,0.0
20081005:0210,0.0,0.0,0.0,0.0,10.5,6.76,0.0
20081005:0310,0.0,0.0,0.0,0.0,10.62,6.97,0.0
20081005:0410,0.0,0.0,0.0,0.0,10.92,7.03,0.0
20081005:0510,0.0,0.0,0.0,0.0,11.01,7.1,0.0
20081005:0610,0.0,2.0,0.0,1.8,10.62,7.03,0.0
20081005:0710,2.0,61.0,0.0,11.36,10.88,7.24,0.0
20081005:0810,0.0,82.0,0.0,20.19,11.43,6.9,0.0
20081005:0910,1.0,143.0,0.0,27.75,11.94,7.45,0.0
20081005:1010,18.0,235.0,0.0,33.38,12.36,7.17,0.0
20081005:1110,73.0,285.0,0.0,36.38,12.43,7.17,0.0
20081005:1210,0.0,103.0,0.0,36.26,12.66,7.86,0.0
20081005:1310,0.0,81.0,0.0,33.05,12.98,8.07,0.0
20081005:1410,0.0,69.0,0.0,27.26,13.51,8.14,0.0
20081005:1510,3.0,114.0,0.0,19.59,14.2,9.17,0.0
20081005:1610,0.0,12.0,0.0,10.69,14.75,8.76,0.0
20081005:1710,0.0,0.0,0.0,0.0,15.14,7.93,0.0
20081005:1810,0.0,0.0,0.0,0.0,15.13,7.24,0.0
20081005:1910,0.0,0.0,0.0,0.0,15.57,7.38,0.0
20081005:2010,0.0,0.0,0.0,0.0,15.51,6.97,0.0
20081005:2110,0.0,0.0,0.0,0.0,15.36,6.62,0.0
20081005:2210,0.0,0.0,0.0,0.0,15.14,6.21,0.0
20081005:2310,0.0,0.0,0.0,0.0,14.93,5.93,0.0
20081006:0010,0.0,0.0,0.0,0.0,14.68,5.59,0.0
20081006:0110,0.0,0.0,0.0,0.0,14.53,5.38,0.0
20081006:0210,0.0,0.0,0.0,0.0,14.33,5.03,0.0
20081006:0310,0.0,0.0,0.0,0.0,14.12,4.69,0.0
20081006:0410,0.0,0.0,0.0,0.0,13.96,4.48,0.0
20081006:0510,0.0,0.0,0.0,0.0,13.81,4.41,0.0
20081006:0610,0.0,0.0,0.0,0.0,13.73,4.14,0.0
20081006:0710,24.0,78.0,0.0,11.11,13.77,3.86,0.0
20081006:0810,73.0,151.0,0.0,19.91,14.11,4.41,0.0
20081006:0910,14.0,191.0,0.0,27.44,15.01,5.24,0.0
20081006:1010,72.0,263.0,0.0,33.03,15.91,5.24,0.0
20081006:1110,109.0,285.0,0.0,36.0,17.0,5.17,0.0
20081006:1210,24.0,263.0,0.0,35.87,17.78,5.24,0.0
20081006:1310,0.0,147.0,0.0,32.66,18.16,5.03,0.0
20081006:1410,0.0,65.0,0.0,26.88,17.94,4.62,0.0
20081006:1510,6.0,121.0,0.0,19.23,18.0,4.28,0.0
20081006:1610,10.0,68.0,0.0,10.34,17.68,3.1,0.0
20081006:1710,0.0,0.0,0.0,0.0,16.95,2.48,0.0
20081006:1810,0.0,0.0,0.0,0.0,15.86,2.21,0.0
20081006:1910,0.0,0.0,0.0,0.0,14.74,2.28,0.0
20081006:2010,0.0,0.0,0.0,0.0,14.2,2.34,0.0
20081006:2110,0.0,0.0,0.0,0.0,13.5,2.55,0.0
20081006:2210,0.0,0.0,0.0,0.0,13.23,2.76,0.0
20081006:2310,0.0,0.0,0.0,0.0,13.44,2.97,0.0
20081007:0010,0.0,0.0,0.0,0.0,13.96,3.1,0.0
20081007:0110,0.0,0.0,0.0,0.0,14.23,3.45,0.0
20081007:0210,0.0,0.0,0.0,0.0,14.42,3.72,0.0
20081007:0310,0.0,0.0,0.0,0.0,14.45,3.66,0.0
20081007:0410,0.0,0.0,0.0,0.0,14.43,3.59,0.0
20081007:0510,0.0,0.0,0.0,0.0,14.56,3.59,0.0
20081007:0610,0.0,0.0,0.0,0.0,14.37,3.45,0.0
20081007:0710,71.0,61.0,0.0,10.85,14.25,3.66,0.0
20081007:0810,34.0,147.0,0.0,19.63,14.98,4.07,0.0
20081007:0910,16.0,191.0,0.0,27.12,16.48,4.41,0.0
20081007:1010,69.0,255.0,0.0,32.68,18.05,4.14,0.0
20081007:1110,63.0,278.0,0.0,35.62,19.39,4.14,0.0
20081007:1210,88.0,278.0,0.0,35.48,20.51,4.34,0.0
20081007:1310,0.0,145.0,0.0,32.27,21.52,4.62,0.0
20081007:1410,8.0,173.0,0.0,26.51,22.08,4.83,0.0
20081007:1510,0.0,74.0,0.0,18.87,21.53,4.55,0.0
20081007:1610,6.0,61.0,0.0,10.0,20.02,4.55,0.0
20081007:1710,0.0,0.0,0.0,0.0,18.32,4.07,0.0
20081007:1810,0.0,0.0,0.0,0.0,16.92,4.07,0.0
20081007:1910,0.0,0.0,0.0,0.0,15.75,3.86,0.0
20081007:2010,0.0,0.0,0.0,0.0,15.5,3.93,0.0
20081007:2110,0.0,0.0,0.0,0.0,15.19,3.66,0.0
20081007:2210,0.0,0.0,0.0,0.0,14.94,3.17,0.0
20081007:2310,0.0,0.0,0.0,0.0,14.67,3.03,0.0
20081008:0010,0.0,0.0,0.0,0.0,14.32,3.1,0.0
20081008:0110,0.0,0.0,0.0,0.0,13.77,3.1,0.0
20081008:0210,0.0,0.0,0.0,0.0,13.1,2.9,0.0
20081008:0310,0.0,0.0,0.0,0.0,12.62,2.83,0.0
20081008:0410,0.0,0.0,0.0,0.0,12.43,2.76,0.0
20081008:0510,0.0,0.0,0.0,0.0,12.32,2.76,0.0
20081008:0610,0.0,0.0,0.0,0.0,12.2,2.69,0.0
20081008:0710,11.0,71.0,0.0,10.59,11.75,2.41,0.0
20081008:0810,14.0,137.0,0.0,19.35,12.54,3.72,0.0
20081008:0910,41.0,209.0,0.0,26.81,13.31,3.72,0.0
20081008:1010,90.0,258.0,0.0,32.34,14.14,3.38,0.0
20081008:1110,225.01,243.0,0.0,35.25,14.95,3.24,0.0
20081008:1210,198.0,253.0,0.0,35.09,15.57,3.24,0.0
20081008:1310,86.0,254.0,0.0,31.89,15.86,3.24,0.0
20081008:1410,39.0,204.0,0.0,26.13,15.98,3.1,0.0
20081008:1510,18.0,135.0,0.0,18.51,15.93,2.97,0.0
20081008:1610,40.0,64.0,0.0,9.65,15.57,2.34,0.0
20081008:1710,0.0,0.0,0.0,0.0,14.85,2.34,0.0
20081008:1810,0.0,0.0,0.0,0.0,14.19,2.55,0.0
20081008:1910,0.0,0.0,0.0,0.0,13.08,2.83,0.0
20081008:2010,0.0,0.0,0.0,0.0,12.75,3.03,0.0
20081008:2110,0.0,0.0,0.0,0.0,12.26,3.1,0.0
20081008:2210,0.0,0.0,0.0,0.0,11.91,3.1,0.0
20081008:2310,0.0,0.0,0.0,0.0,11.46,2.97,0.0
20081009:0010,0.0,0.0,0.0,0.0,11.16,2.76,0.0
20081009:0110,0.0,0.0,0.0,0.0,10.61,2.62,0.0
20081009:0210,0.0,0.0,0.0,0.0,10.11,2.55,0.0
20081009:0310,0.0,0.0,0.0,0.0,9.47,2.41,0.0
20081009:0410,0.0,0.0,0.0,0.0,8.9,2.41,0.0
20081009:0510,0.0,0.0,0.0,0.0,8.47,2.34,0.0
20081009:0610,0.0,0.0,0.0,0.0,8.08,2.28,0.0
20081009:0710,88.0,52.0,0.0,10.33,8.48,2.55,0.0
20081009:0810,222.01,77.0,0.0,19.07,9.44,2.76,0.0
20081009:0910,325.01,101.0,0.0,26.5,10.43,2.76,0.0
20081009:1010,425.01,104.0,0.0,31.99,11.62,2.97,0.0
20081009:1110,478.01,105.0,0.0,34.88,12.85,3.17,0.0
20081009:1210,463.01,111.0,0.0,34.7,14.1,3.17,0.0
20081009:1310,412.01,106.0,0.0,31.5,14.52,3.03,0.0
20081009:1410,313.01,100.0,0.0,25.76,15.01,3.03,0.0
20081009:1510,193.01,82.0,0.0,18.16,15.01,3.03,0.0
20081009:1610,75.0,48.0,0.0,9.31,14.59,2.69,0.0
20081009:1710,0.0,0.0,0.0,0.0,13.39,2.07,0.0
20081009:1810,0.0,0.0,0.0,0.0,12.0,2.28,0.0
20081009:1910,0.0,0.0,0.0,0.0,11.36,2.14,0.0
20081009:2010,0.0,0.0,0.0,0.0,10.41,2.21,0.0
20081009:2110,0.0,0.0,0.0,0.0,9.56,2.07,0.0
20081009:2210,0.0,0.0,0.0,0.0,8.72,1.93,0.0
20081009:2310,0.0,0.0,0.0,0.0,7.86,1.79,0.0
20081010:0010,0.0,0.0,0.0,0.0,7.29,1.59,0.0
20081010:0110,0.0,0.0,0.0,0.0,7.06,1.45,0.0
20081010:0210,0.0,0.0,0.0,0.0,6.85,1.38,0.0
20081010:0310,0.0,0.0,0.0,0.0,6.37,1.45,0.0
20081010:0410,0.0,0.0,0.0,0.0,6.18,1.45,0.0
20081010:0510,0.0,0.0,0.0,0.0,5.97,1.52,0.0
20081010:0610,0.0,0.0,0.0,0.0,5.84,1.72,0.0
20081010:0710,70.0,56.0,0.0,10.07,6.74,1.45,0.0
20081010:0810,189.01,89.0,0.0,18.78,10.47,1.24,0.0
20081010:0910,305.01,107.0,0.0,26.19,13.16,1.45,0.0
20081010:1010,400.01,113.0,0.0,31.65,15.16,2.28,0.0
20081010:1110,433.01,123.0,0.0,34.5,16.03,2.62,0.0
20081010:1210,442.01,117.0,0.0,34.32,16.82,2.48,0.0
20081010:1310,361.01,129.0,0.0,31.12,17.33,2.28,0.0
20081010:1410,313.01,96.0,0.0,25.4,17.49,2.21,0.0
20081010:1510,172.01,88.0,0.0,17.81,17.59,2.0,0.0
20081010:1610,64.0,48.0,0.0,8.98,17.44,1.59,0.0
20081010:1710,0.0,0.0,0.0,0.0,16.75,1.45,0.0
20081010:1810,0.0,0.0,0.0,0.0,15.35,1.86,0.0
20081010:1910,0.0,0.0,0.0,0.0,14.17,2.28,0.0
20081010:2010,0.0,0.0,0.0,0.0,13.21,2.41,0.0
20081010:2110,0.0,0.0,0.0,0.0,12.47,2.48,0.0
20081010:2210,0.0,0.0,0.0,0.0,11.87,2.48,0.0
20081010:2310,0.0,0.0,0.0,0.0,11.43,2.41,0.0
20081011:0010,0.0,0.0,0.0,0.0,10.95,2.21,0.0
20081011:0110,0.0,0.0,0.0,0.0,10.48,2.14,0.0
20081011:0210,0.0,0.0,0.0,0.0,9.96,2.0,0.0
20081011:0310,0.0,0.0,0.0,0.0,9.42,1.86,0.0
20081011:0410,0.0,0.0,0.0,0.0,8.82,1.79,0.0
20081011:0510,0.0,0.0,0.0,0.0,8.25,1.86,0.0
20081011:0610,0.0,0.0,0.0,0.0,7.83,1.93,0.0
20081011:0710,25.0,68.0,0.0,9.81,8.65,1.52,0.0
20081011:0810,48.0,143.0,0.0,18.5,10.62,1.59,0.0
20081011:0910,32.0,198.0,0.0,25.87,12.44,1.59,0.0
20081011:1010,136.0,241.0,0.0,31.3,14.54,1.66,0.0
20081011:1110,429.01,123.0,0.0,34.13,16.74,1.79,0.0
20081011:1210,450.01,110.0,0.0,33.94,18.78,1.72,0.0
20081011:1310,404.01,103.0,0.0,30.74,20.23,1.79,0.0
20081011:1410,309.01,95.0,0.0,25.03,21.07,1.93,0.0
20081011:1510,182.01,80.0,0.0,17.46,21.35,1.86,0.0
20081011:1610,65.0,45.0,0.0,8.64,20.92,1.24,0.0
20081011:1710,0.0,0.0,0.0,0.0,19.55,1.79,0.0
20081011:1810,0.0,0.0,0.0,0.0,17.32,2.28,0.0
20081011:1910,0.0,0.0,0.0,0.0,15.31,2.28,0.0
20081011:2010,0.0,0.0,0.0,0.0,14.38,2.34,0.0
20081011:2110,0.0,0.0,0.0,0.0,13.76,2.28,0.0
20081011:2210,0.0,0.0,0.0,0.0,13.2,2.21,0.0
20081011:2310,0.0,0.0,0.0,0.0,12.56,2.0,0.0
20081012:0010,0.0,0.0,0.0,0.0,11.79,1.93,0.0
20081012:0110,0.0,0.0,0.0,0.0,11.09,1.86,0.0
20081012:0210,0.0,0.0,0.0,0.0,10.44,1.86,0.0
20081012:0310,0.0,0.0,0.0,0.0,9.96,1.86,0.0
20081012:0410,0.0,0.0,0.0,0.0,9.69,2.0,0.0
20081012:0510,0.0,0.0,0.0,0.0,9.83,1.93,0.0
20081012:0610,0.0,0.0,0.0,0.0,10.01,2.0,0.0
20081012:0710,57.0,56.0,0.0,9.55,10.53,1.59,0.0
20081012:0810,177.01,88.0,0.0,18.22,11.95,1.38,0.0
20081012:0910,254.01,127.0,0.0,25.56,13.39,1.1,0.0
20081012:1010,269.01,177.0,0.0,30.96,15.32,1.1,0.0
20081012:1110,325.01,176.0,0.0,33.76,17.18,1.24,0.0
20081012:1210,0.0,136.0,0.0,33.55,18.75,1.93,0.0
20081012:1310,7.0,195.0,0.0,30.36,19.37,1.59,0.0
20081012:1410,16.0,176.0,0.0,24.67,18.85,1.79,0.0
20081012:1510,28.0,128.0,0.0,17.11,19.13,2.07,0.0
20081012:1610,23.0,56.0,0.0,8.31,18.67,1.72,0.0
20081012:1710,0.0,0.0,0.0,0.0,17.31,2.28,0.0
20081012:1810,0.0,0.0,0.0,0.0,15.91,2.41,0.0
20081012:1910,0.0,0.0,0.0,0.0,15.96,2.41,0.0
20081012:2010,0.0,0.0,0.0,0.0,15.37,2.41,0.0
20081012:2110,0.0,0.0,0.0,0.0,14.62,2.41,0.0
20081012:2210,0.0,0.0,0.0,0.0,14.1,2.48,0.0
20081012:2310,0.0,0.0,0.0,0.0,13.68,2.41,0.0
20081013:0010,0.0,0.0,0.0,0.0,13.4,2.28,0.0
20081013:0110,0.0,0.0,0.0,0.0,13.52,2.14,0.0
20081013:0210,0.0,0.0,0.0,0.0,13.62,2.14,0.0
20081013:0310,0.0,0.0,0.0,0.0,13.61,2.07,0.0
20081013:0410,0.0,0.0,0.0,0.0,13.51,1.72,0.0
20081013:0510,0.0,0.0,0.0,0.0,13.22,1.93,0.0
20081013:0610,0.0,0.0,0.0,0.0,13.02,2.07,0.0
20081013:0710,34.0,61.0,0.0,9.29,13.6,2.34,0.0
20081013:0810,131.0,107.0,0.0,17.93,15.61,2.55,0.0
20081013:0910,254.01,121.0,0.0,25.25,17.97,3.38,0.0
20081013:1010,348.01,126.0,0.0,30.61,19.92,3.86,0.0
20081013:1110,420.01,115.0,0.0,33.39,21.44,4.14,0.0
20081013:1210,417.01,114.0,0.0,33.17,22.51,4.28,0.0
20081013:1310,357.01,114.0,0.0,29.99,23.18,4.41,0.0
20081013:1410,257.01,109.0,0.0,24.31,23.41,4.34,0.0
20081013:1510,139.0,91.0,0.0,16.77,23.13,4.21,0.0
20081013:1610,43.0,47.0,0.0,7.98,22.26,3.31,0.0
20081013:1710,0.0,0.0,0.0,0.0,20.4,2.9,0.0
20081013:1810,0.0,0.0,0.0,0.0,18.59,2.76,0.0
20081013:1910,0.0,0.0,0.0,0.0,17.95,2.69,0.0
20081013:2010,0.0,0.0,0.0,0.0,16.82,2.28,0.0
20081013:2110,0.0,0.0,0.0,0.0,15.56,2.28,0.0
20081013:2210,0.0,0.0,0.0,0.0,14.68,2.41,0.0
20081013:2310,0.0,0.0,0.0,0.0,14.09,2.48,0.0
20081014:0010,0.0,0.0,0.0,0.0,13.79,2.28,0.0
20081014:0110,0.0,0.0,0.0,0.0,13.32,1.72,0.0
20081014:0210,0.0,0.0,0.0,0.0,12.97,1.31,0.0
20081014:0310,0.0,0.0,0.0,0.0,12.59,1.17,0.0
20081014:0410,0.0,0.0,0.0,0.0,12.17,1.24,0.0
20081014:0510,0.0,0.0,0.0,0.0,11.72,0.97,0.0
20081014:0610,0.0,0.0,0.0,0.0,11.93,0.76,0.0
20081014:0710,4.0,54.0,0.0,9.03,12.98,0.62,0.0
20081014:0810,3.0,106.0,0.0,17.65,13.79,0.55,0.0
20081014:0910,5.0,156.0,0.0,24.93,14.33,0.48,0.0
20081014:1010,31.0,230.0,0.0,30.27,14.87,0.62,0.0
20081014:1110,59.0,261.0,0.0,33.03,15.79,0.69,0.0
20081014:1210,123.0,255.0,0.0,32.8,16.63,0.83,0.0
20081014:1310,50.0,232.0,0.0,29.62,17.13,0.9,0.0
20081014:1410,52.0,188.0,0.0,23.95,17.36,0.97,0.0
20081014:1510,4.0,101.0,0.0,16.42,17.47,1.17,0.0
20081014:1610,3.0,41.0,0.0,7.65,17.31,0.62,0.0
20081014:1710,0.0,0.0,0.0,0.0,16.4,0.83,0.0
20081014:1810,0.0,0.0,0.0,0.0,14.65,1.17,0.0
20081014:1910,0.0,0.0,0.0,0.0,14.71,1.59,0.0
20081014:2010,0.0,0.0,0.0,0.0,14.8,2.0,0.0
20081014:2110,0.0,0.0,0.0,0.0,14.8,2.34,0.0
20081014:2210,0.0,0.0,0.0,0.0,14.62,2.41,0.0
20081014:2310,0.0,0.0,0.0,0.0,14.23,2.28,0.0
20081015:0010,0.0,0.0,0.0,0.0,14.08,2.28,0.0
20081015:0110,0.0,0.0,0.0,0.0,14.04,2.48,0.0
20081015:0210,0.0,0.0,0.0,0.0,13.93,2.83,0.0
20081015:0310,0.0,0.0,0.0,0.0,13.81,3.1,0.0
20081015:0410,0.0,0.0,0.0,0.0,13.72,3.17,0.0
20081015:0510,0.0,0.0,0.0,0.0,13.71,3.1,0.0
20081015:0610,0.0,0.0,0.0,0.0,13.68,3.03,0.0
20081015:0710,7.0,55.0,0.0,8.77,13.94,3.24,0.0
20081015:0810,16.0,123.0,0.0,17.36,14.37,3.38,0.0
20081015:0910,0.0,123.0,0.0,24.62,15.06,4.97,0.0
20081015:1010,13.0,206.0,0.0,29.93,15.97,6.41,0.0
20081015:1110,0.0,137.0,0.0,32.66,16.31,6.21,0.0
20081015:1210,0.0,64.0,0.0,32.42,16.71,5.52,0.0
20081015:1310,0.0,60.0,0.0,29.25,16.52,5.52,0.0
20081015:1410,0.0,113.0,0.0,23.59,16.51,5.72,0.0
20081015:1510,0.0,60.0,0.0,16.09,16.57,5.52,0.0
20081015:1610,2.0,39.0,0.0,7.33,16.55,5.38,0.0
20081015:1710,0.0,0.0,0.0,0.0,16.04,5.03,0.0
20081015:1810,0.0,0.0,0.0,0.0,15.65,4.62,0.0
20081015:1910,0.0,0.0,0.0,0.0,15.15,4.07,0.0
20081015:2010,0.0,0.0,0.0,0.0,14.7,3.79,0.0
20081015:2110,0.0,0.0,0.0,0.0,14.18,3.31,0.0
20081015:2210,0.0,0.0,0.0,0.0,13.7,2.76,0.0
20081015:2310,0.0,0.0,0.0,0.0,13.33,2.34,0.0
20081016:0010,0.0,0.0,0.0,0.0,12.6,2.07,0.0
20081016:0110,0.0,0.0,0.0,0.0,12.55,1.86,0.0
20081016:0210,0.0,0.0,0.0,0.0,12.37,1.79,0.0
20081016:0310,0.0,0.0,0.0,0.0,12.2,1.72,0.0
20081016:0410,0.0,0.0,0.0,0.0,11.83,1.79,0.0
20081016:0510,0.0,0.0,0.0,0.0,11.7,1.93,0.0
20081016:0610,0.0,0.0,0.0,0.0,11.62,2.21,0.0
20081016:0710,62.0,45.0,0.0,8.51,11.53,2.55,0.0
20081016:0810,11.0,116.0,0.0,17.08,11.83,2.76,0.0
20081016:0910,3.0,145.0,0.0,24.31,12.31,3.38,0.0
20081016:1010,1.0,159.0,0.0,29.58,12.92,4.14,0.0
20081016:1110,0.0,148.0,0.0,32.3,13.18,4.55,0.0
20081016:1210,0.0,105.0,0.0,32.05,12.96,4.69,0.0
20081016:1310,57.0,229.0,0.0,28.88,12.82,3.93,0.0
20081016:1410,39.0,181.0,0.0,23.24,13.61,4.41,0.0
20081016:1510,76.0,111.0,0.0,15.75,13.86,4.21,0.0
20081016:1610,8.0,44.0,0.0,7.01,13.44,3.52,0.0
20081016:1710,0.0,0.0,0.0,0.0,12.25,2.97,0.0
20081016:1810,0.0,0.0,0.0,0.0,11.02,2.48,0.0
20081016:1910,0.0,0.0,0.0,0.0,10.19,2.34,0.0
20081016:2010,0.0,0.0,0.0,0.0,9.4,2.28,0.0
20081016:2110,0.0,0.0,0.0,0.0,8.63,2.28,0.0
20081016:2210,0.0,0.0,0.0,0.0,7.95,2.28,0.0
20081016:2310,0.0,0.0,0.0,0.0,7.58,2.21,0.0
20081017:0010,0.0,0.0,0.0,0.0,7.2,2.28,0.0
20081017:0110,0.0,0.0,0.0,0.0,6.94,2.21,0.0
20081017:0210,0.0,0.0,0.0,0.0,6.91,2.0,0.0
20081017:0310,0.0,0.0,0.0,0.0,6.72,1.93,0.0
20081017:0410,0.0,0.0,0.0,0.0,6.39,1.86,0.0
20081017:0510,0.0,0.0,0.0,0.0,5.82,1.79,0.0
20081017:0610,0.0,0.0,0.0,0.0,5.06,1.72,0.0
20081017:0710,53.0,47.0,0.0,8.24,4.69,1.31,0.0
20081017:0810,169.01,80.0,0.0,16.79,7.6,0.62,0.0
20081017:0910,290.01,96.0,0.0,24.0,10.02,0.55,0.0
20081017:1010,366.01,110.0,0.0,29.24,11.78,0.34,0.0
20081017:1110,256.01,201.0,0.0,31.93,12.94,0.55,0.0
20081017:1210,179.0,233.0,0.0,31.68,13.62,0.76,0.0
20081017:1310,232.01,178.0,0.0,28.52,13.79,1.03,0.0
20081017:1410,109.0,172.0,0.0,22.89,13.75,1.24,0.0
20081017:1510,156.01,73.0,0.0,15.42,13.59,1.45,0.0
20081017:1610,38.0,38.0,0.0,6.69,13.29,1.52,0.0
20081017:1710,0.0,0.0,0.0,0.0,12.46,1.45,0.0
20081017:1810,0.0,0.0,0.0,0.0,11.64,1.59,0.0
20081017:1910,0.0,0.0,0.0,0.0,11.3,1.66,0.0
20081017:2010,0.0,0.0,0.0,0.0,10.98,1.59,0.0
20081017:2110,0.0,0.0,0.0,0.0,10.47,1.59,0.0
20081017:2210,0.0,0.0,0.0,0.0,10.03,1.38,0.0
20081017:2310,0.0,0.0,0.0,0.0,9.54,1.38,0.0
20081018:0010,0.0,0.0,0.0,0.0,8.78,1.24,0.0
20081018:0110,0.0,0.0,0.0,0.0,8.8,0.97,0.0
20081018:0210,0.0,0.0,0.0,0.0,8.93,0.76,0.0
20081018:0310,0.0,0.0,0.0,0.0,9.11,0.62,0.0
20081018:0410,0.0,0.0,0.0,0.0,8.78,0.48,0.0
20081018:0510,0.0,0.0,0.0,0.0,8.47,0.41,0.0
20081018:0610,0.0,0.0,0.0,0.0,8.26,0.21,0.0
20081018:0710,58.0,42.0,0.0,7.98,6.79,0.62,0.0
20081018:0810,160.01,82.0,0.0,16.51,7.77,0.28,0.0
20081018:0910,286.01,95.0,0.0,23.68,9.95,0.41,0.0
20081018:1010,344.01,119.0,0.0,28.9,11.35,0.55,0.0
20081018:1110,399.01,117.0,0.0,31.57,12.75,0.41,0.0
20081018:1210,366.01,134.0,0.0,31.31,13.23,0.69,0.0
20081018:1310,249.01,165.0,0.0,28.15,13.43,0.97,0.0
20081018:1410,99.0,172.0,0.0,22.54,13.51,1.17,0.0
20081018:1510,92.0,101.0,0.0,15.09,13.48,1.17,0.0
20081018:1610,18.0,41.0,0.0,6.38,13.24,0.48,0.0
20081018:1710,0.0,0.0,0.0,0.0,12.69,0.83,0.0
20081018:1810,0.0,0.0,0.0,0.0,11.56,1.72,0.0
20081018:1910,0.0,0.0,0.0,0.0,10.62,1.86,0.0
20081018:2010,0.0,0.0,0.0,0.0,9.93,1.86,0.0
20081018:2110,0.0,0.0,0.0,0.0,9.42,2.0,0.0
20081018:2210,0.0,0.0,0.0,0.0,9.14,1.86,0.0
20081018:2310,0.0,0.0,0.0,0.0,8.98,1.72,0.0
20081019:0010,0.0,0.0,0.0,0.0,8.78,1.66,0.0
20081019:0110,0.0,0.0,0.0,0.0,8.84,1.66,0.0
20081019:0210,0.0,0.0,0.0,0.0,8.66,1.72,0.0
20081019:0310,0.0,0.0,0.0,0.0,8.53,1.72,0.0
20081019:0410,0.0,0.0,0.0,0.0,8.41,1.66,0.0
20081019:0510,0.0,0.0,0.0,0.0,8.31,1.66,0.0
20081019:0610,0.0,0.0,0.0,0.0,8.21,1.72,0.0
20081019:0710,42.0,46.0,0.0,7.72,6.85,1.79,0.0
20081019:0810,123.0,99.0,0.0,16.23,8.14,1.38,0.0
20081019:0910,263.01,105.0,0.0,23.37,10.17,1.38,0.0
20081019:1010,343.01,118.0,0.0,28.57,12.17,1.66,0.0
20081019:1110,383.01,125.0,0.0,31.21,13.54,2.34,0.0
20081019:1210,372.01,128.0,0.0,30.94,14.36,2.76,0.0
20081019:1310,306.01,132.0,0.0,27.79,14.77,2.69,0.0
20081019:1410,220.01,116.0,0.0,22.2,14.95,2.62,0.0
20081019:1510,141.01,74.0,0.0,14.76,14.8,2.62,0.0
20081019:1610,31.0,35.0,0.0,6.07,14.03,2.14,0.0
20081019:1710,0.0,0.0,0.0,0.0,12.31,2.34,0.0
20081019:1810,0.0,0.0,0.0,0.0,10.8,2.41,0.0
20081019:1910,0.0,0.0,0.0,0.0,9.82,2.55,0.0
20081019:2010,0.0,0.0,0.0,0.0,9.02,2.55,0.0
20081019:2110,0.0,0.0,0.0,0.0,8.29,2.48,0.0
20081019:2210,0.0,0.0,0.0,0.0,7.64,2.41,0.0
20081019:2310,0.0,0.0,0.0,0.0,7.11,2.48,0.0
20081020:0010,0.0,0.0,0.0,0.0,6.84,2.69,0.0
20081020:0110,0.0,0.0,0.0,0.0,6.77,2.9,0.0
20081020:0210,0.0,0.0,0.0,0.0,6.83,3.1,0.0
20081020:0310,0.0,0.0,0.0,0.0,6.95,3.1,0.0
20081020:0410,0.0,0.0,0.0,0.0,7.14,3.1,0.0
20081020:0510,0.0,0.0,0.0,0.0,7.55,3.17,0.0
20081020:0610,0.0,0.0,0.0,0.0,8.32,3.31,0.0
20081020:0710,42.0,43.0,0.0,7.45,10.8,3.93,0.0
20081020:0810,144.01,83.0,0.0,15.94,12.43,3.86,0.0
20081020:0910,257.01,102.0,0.0,23.06,14.31,4.41,0.0
20081020:1010,337.01,114.0,0.0,28.23,16.24,5.24,0.0
20081020:1110,56.0,248.0,0.0,30.86,18.02,6.55,0.0
20081020:1210,345.01,137.0,0.0,30.58,19.06,6.69,0.0
20081020:1310,325.01,113.0,0.0,27.44,19.41,6.21,0.0
20081020:1410,244.01,96.0,0.0,21.86,19.91,6.0,0.0
20081020:1510,71.0,102.0,0.0,14.44,19.92,5.59,0.0
20081020:1610,10.0,36.0,0.0,5.76,19.22,5.03,0.0
20081020:1710,0.0,0.0,0.0,0.0,18.08,4.83,0.0
20081020:1810,0.0,0.0,0.0,0.0,17.58,4.9,0.0
20081020:1910,0.0,0.0,0.0,0.0,17.25,5.45,0.0
20081020:2010,0.0,0.0,0.0,0.0,16.71,5.52,0.0
20081020:2110,0.0,0.0,0.0,0.0,16.17,5.45,0.0
20081020:2210,0.0,0.0,0.0,0.0,15.6,5.24,0.0
20081020:2310,0.0,0.0,0.0,0.0,14.99,5.1,0.0
20081021:0010,0.0,0.0,0.0,0.0,14.57,5.1,0.0
20081021:0110,0.0,0.0,0.0,0.0,14.15,5.24,0.0
20081021:0210,0.0,0.0,0.0,0.0,13.84,5.31,0.0
20081021:0310,0.0,0.0,0.0,0.0,13.81,5.45,0.0
20081021:0410,0.0,0.0,0.0,0.0,13.7,5.24,0.0
20081021:0510,0.0,0.0,0.0,0.0,13.44,4.21,0.0
20081021:0610,0.0,0.0,0.0,0.0,12.83,3.38,0.0
20081021:0710,1.0,32.0,0.0,7.19,11.56,3.45,0.0
20081021:0810,11.0,108.0,0.0,15.66,10.74,2.76,0.0
20081021:0910,2.0,133.0,0.0,22.75,10.45,2.48,0.0
20081021:1010,0.0,119.0,0.0,27.89,10.5,2.28,0.0
20081021:1110,14.0,212.0,0.0,30.5,10.78,2.34,0.0
20081021:1210,1.0,160.0,0.0,30.22,11.2,3.03,0.0
20081021:1310,0.0,122.0,0.0,27.09,11.26,2.83,0.0
20081021:1410,1.0,110.0,0.0,21.52,11.37,2.48,0.0
20081021:1510,0.0,57.0,0.0,14.12,11.55,2.07,0.0
20081021:1610,1.0,22.82,0.0,5.46,11.47,1.59,0.0
20081021:1710,0.0,0.0,0.0,0.0,10.91,1.59,0.0
20081021:1810,0.0,0.0,0.0,0.0,10.36,1.72,0.0
20081021:1910,0.0,0.0,0.0,0.0,9.44,1.59,0.0
20081021:2010,0.0,0.0,0.0,0.0,8.99,1.72,0.0
20081021:2110,0.0,0.0,0.0,0.0,8.82,1.72,0.0
20081021:2210,0.0,0.0,0.0,0.0,8.57,1.66,0.0
20081021:2310,0.0,0.0,0.0,0.0,8.34,1.66,0.0
20081022:0010,0.0,0.0,0.0,0.0,8.09,1.66,0.0
20081022:0110,0.0,0.0,0.0,0.0,7.93,1.59,0.0
20081022:0210,0.0,0.0,0.0,0.0,7.79,1.52,0.0
20081022:0310,0.0,0.0,0.0,0.0,7.6,1.45,0.0
20081022:0410,0.0,0.0,0.0,0.0,7.42,1.52,0.0
20081022:0510,0.0,0.0,0.0,0.0,7.31,1.66,0.0
20081022:0610,0.0,0.0,0.0,0.0,7.17,1.72,0.0
20081022:0710,0.0,24.0,0.0,6.93,7.23,1.59,0.0
20081022:0810,12.0,108.0,0.0,15.37,8.08,1.45,0.0
20081022:0910,0.0,116.0,0.0,22.44,9.25,1.79,0.0
20081022:1010,107.0,218.0,0.0,27.56,10.43,2.0,0.0
20081022:1110,267.01,179.0,0.0,30.15,11.59,2.55,0.0
20081022:1210,76.0,243.0,0.0,29.86,12.46,2.76,0.0
20081022:1310,142.0,200.0,0.0,26.74,13.0,2.76,0.0
20081022:1410,138.0,146.0,0.0,21.19,13.12,2.76,0.0
20081022:1510,91.0,88.0,0.0,13.81,13.06,2.48,0.0
20081022:1610,25.0,23.16,0.0,5.16,12.43,1.66,0.0
20081022:1710,0.0,0.0,0.0,0.0,11.15,1.59,0.0
20081022:1810,0.0,0.0,0.0,0.0,9.07,1.45,0.0
20081022:1910,0.0,0.0,0.0,0.0,9.64,0.9,0.0
20081022:2010,0.0,0.0,0.0,0.0,8.06,1.17,0.0
20081022:2110,0.0,0.0,0.0,0.0,6.38,1.45,0.0
20081022:2210,0.0,0.0,0.0,0.0,5.32,1.52,0.0
20081022:2310,0.0,0.0,0.0,0.0,4.72,1.59,0.0
20081023:0010,0.0,0.0,0.0,0.0,4.24,1.59,0.0
20081023:0110,0.0,0.0,0.0,0.0,3.96,1.45,0.0
20081023:0210,0.0,0.0,0.0,0.0,3.64,1.38,0.0
20081023:0310,0.0,0.0,0.0,0.0,3.52,1.31,0.0
20081023:0410,0.0,0.0,0.0,0.0,3.02,1.31,0.0
20081023:0510,0.0,0.0,0.0,0.0,3.18,1.17,0.0
20081023:0610,0.0,0.0,0.0,0.0,3.3,1.1,0.0
20081023:0710,34.0,39.0,0.0,6.67,1.77,1.03,0.0
20081023:0810,115.0,90.0,0.0,15.09,4.2,0.97,0.0
20081023:0910,169.01,140.0,0.0,22.13,6.87,0.97,0.0
20081023:1010,323.01,113.0,0.0,27.23,9.54,1.38,0.0
20081023:1110,375.01,112.0,0.0,29.8,11.66,2.07,0.0
20081023:1210,365.01,114.0,0.0,29.51,12.83,2.62,0.0
20081023:1310,311.01,110.0,0.0,26.39,13.24,2.62,0.0
20081023:1410,233.01,92.0,0.0,20.86,13.22,2.41,0.0
20081023:1510,98.0,81.0,0.0,13.5,13.01,2.21,0.0
20081023:1610,22.0,21.93,0.0,4.86,12.17,1.72,0.0
20081023:1710,0.0,0.0,0.0,0.0,10.52,2.21,0.0
20081023:1810,0.0,0.0,0.0,0.0,9.0,2.28,0.0
20081023:1910,0.0,0.0,0.0,0.0,8.11,2.21,0.0
20081023:2010,0.0,0.0,0.0,0.0,7.27,2.21,0.0
20081023:2110,0.0,0.0,0.0,0.0,6.56,2.34,0.0
20081023:2210,0.0,0.0,0.0,0.0,6.2,2.41,0.0
20081023:2310,0.0,0.0,0.0,0.0,5.84,2.28,0.0
20081024:0010,0.0,0.0,0.0,0.0,5.51,2.0,0.0
20081024:0110,0.0,0.0,0.0,0.0,5.37,1.93,0.0
20081024:0210,0.0,0.0,0.0,0.0,5.0,2.0,0.0
20081024:0310,0.0,0.0,0.0,0.0,4.35,2.0,0.0
20081024:0410,0.0,0.0,0.0,0.0,3.88,2.14,0.0
20081024:0510,0.0,0.0,0.0,0.0,4.04,2.07,0.0
20081024:0610,0.0,0.0,0.0,0.0,4.25,2.07,0.0
20081024:0710,1.0,31.0,0.0,6.4,4.57,2.07,0.0
20081024:0810,5.0,93.0,0.0,14.81,5.99,1.79,0.0
20081024:0910,63.0,172.0,0.0,21.83,7.83,2.0,0.0
20081024:1010,52.0,215.0,0.0,26.89,9.39,2.07,0.0
20081024:1110,11.0,202.0,0.0,29.45,10.09,2.28,0.0
20081024:1210,6.0,187.0,0.0,29.16,10.85,2.28,0.0
20081024:1310,29.0,200.0,0.0,26.05,11.55,2.14,0.0
20081024:1410,17.0,151.0,0.0,20.54,11.63,1.72,0.0
20081024:1510,3.0,77.0,0.0,13.19,11.57,1.31,0.0
20081024:1610,6.0,24.58,0.0,4.57,11.2,1.31,0.0
20081024:1710,0.0,0.0,0.0,0.0,10.49,1.66,0.0
20081024:1810,0.0,0.0,0.0,0.0,10.27,1.72,0.0
20081024:1910,0.0,0.0,0.0,0.0,10.34,1.38,0.0
20081024:2010,0.0,0.0,0.0,0.0,10.22,1.24,0.0
20081024:2110,0.0,0.0,0.0,0.0,10.07,1.1,0.0
20081024:2210,0.0,0.0,0.0,0.0,10.0,0.83,0.0
20081024:2310,0.0,0.0,0.0,0.0,10.02,0.76,0.0
20081025:0010,0.0,0.0,0.0,0.0,10.07,0.9,0.0
20081025:0110,0.0,0.0,0.0,0.0,10.19,1.03,0.0
20081025:0210,0.0,0.0,0.0,0.0,10.21,1.03,0.0
20081025:0310,0.0,0.0,0.0,0.0,10.11,1.17,0.0
20081025:0410,0.0,0.0,0.0,0.0,9.94,1.45,0.0
20081025:0510,0.0,0.0,0.0,0.0,9.79,1.31,0.0
20081025:0610,0.0,0.0,0.0,0.0,9.75,1.24,0.0
20081025:0710,2.0,33.0,0.0,6.14,9.87,1.72,0.0
20081025:0810,2.0,81.0,0.0,14.52,10.43,2.41,0.0
20081025:0910,0.0,83.0,0.0,21.52,11.22,1.72,0.0
20081025:1010,0.0,138.0,0.0,26.57,12.14,1.59,0.0
20081025:1110,0.0,125.0,0.0,29.11,13.0,1.38,0.0
20081025:1210,0.0,133.0,0.0,28.81,13.72,1.17,0.0
20081025:1310,3.0,154.0,0.0,25.71,14.32,1.1,0.0
20081025:1410,4.0,127.0,0.0,20.22,14.52,1.24,0.0
20081025:1510,52.0,93.0,0.0,12.89,14.52,0.76,0.0
20081025:1610,0.0,23.0,0.0,4.28,14.37,0.97,0.0
20081025:1710,0.0,0.0,0.0,0.0,13.5,0.69,0.0
20081025:1810,0.0,0.0,0.0,0.0,12.91,0.48,0.0
20081025:1910,0.0,0.0,0.0,0.0,10.17,1.72,0.0
20081025:2010,0.0,0.0,0.0,0.0,9.47,2.07,0.0
20081025:2110,0.0,0.0,0.0,0.0,8.94,2.41,0.0
20081025:2210,0.0,0.0,0.0,0.0,8.67,2.41,0.0
20081025:2310,0.0,0.0,0.0,0.0,8.29,2.48,0.0
20081026:0010,0.0,0.0,0.0,0.0,8.07,2.83,0.0
20081026:0110,0.0,0.0,0.0,0.0,8.14,2.83,0.0
20081026:0210,0.0,0.0,0.0,0.0,8.01,2.76,0.0
20081026:0310,0.0,0.0,0.0,0.0,8.05,2.83,0.0
20081026:0410,0.0,0.0,0.0,0.0,8.03,2.97,0.0
20081026:0510,0.0,0.0,0.0,0.0,8.1,3.03,0.0
20081026:0610,0.0,0.0,0.0,0.0,8.08,3.1,0.0
20081026:0710,4.0,33.0,0.0,5.88,9.05,3.66,0.0
20081026:0810,33.0,105.0,0.0,14.24,9.95,4.14,0.0
20081026:0910,51.0,165.0,0.0,21.21,11.05,5.1,0.0
20081026:1010,0.0,113.0,0.0,26.24,11.99,5.17,0.0
20081026:1110,105.0,225.0,0.0,28.77,13.18,5.52,0.0
20081026:1210,219.01,179.0,0.0,28.47,14.25,5.59,0.0
20081026:1310,111.0,193.0,0.0,25.38,14.73,5.45,0.0
20081026:1410,13.0,139.0,0.0,19.9,15.0,5.59,0.0
20081026:1510,6.0,81.0,0.0,12.59,14.9,5.17,0.0
20081026:1610,0.0,19.0,0.0,4.0,14.61,4.55,0.0
20081026:1710,0.0,0.0,0.0,0.0,14.29,4.69,0.0
20081026:1810,0.0,0.0,0.0,0.0,14.25,4.97,0.0
20081026:1910,0.0,0.0,0.0,0.0,13.74,4.69,0.0
20081026:2010,0.0,0.0,0.0,0.0,13.75,4.9,0.0
20081026:2110,0.0,0.0,0.0,0.0,13.78,5.17,0.0
20081026:2210,0.0,0.0,0.0,0.0,13.61,5.38,0.0
20081026:2310,0.0,0.0,0.0,0.0,13.36,5.38,0.0
20081027:0010,0.0,0.0,0.0,0.0,12.96,4.9,0.0
20081027:0110,0.0,0.0,0.0,0.0,12.86,4.0,0.0
20081027:0210,0.0,0.0,0.0,0.0,12.69,2.69,0.0
20081027:0310,0.0,0.0,0.0,0.0,12.45,2.41,0.0
20081027:0410,0.0,0.0,0.0,0.0,11.98,3.45,0.0
20081027:0510,0.0,0.0,0.0,0.0,11.42,3.72,0.0
20081027:0610,0.0,0.0,0.0,0.0,10.94,3.1,0.0
20081027:0710,7.0,32.24,0.0,5.62,10.52,2.34,0.0
20081027:0810,2.0,77.0,0.0,13.96,10.3,2.14,0.0
20081027:0910,239.01,88.0,0.0,20.91,10.87,2.62,0.0
20081027:1010,295.01,110.0,0.0,25.91,11.7,3.1,0.0
20081027:1110,60.0,227.0,0.0,28.43,12.34,3.03,0.0
20081027:1210,241.01,166.0,0.0,28.13,12.76,3.03,0.0
20081027:1310,62.0,200.0,0.0,25.05,12.74,2.9,0.0
20081027:1410,44.0,152.0,0.0,19.59,12.45,2.55,0.0
20081027:1510,42.0,88.0,0.0,12.3,11.82,2.14,0.0
20081027:1610,0.0,21.0,0.0,3.72,11.22,1.72,0.0
20081027:1710,0.0,0.0,0.0,0.0,10.07,2.07,0.0
20081027:1810,0.0,0.0,0.0,0.0,9.16,2.21,0.0
20081027:1910,0.0,0.0,0.0,0.0,8.07,1.59,0.0
20081027:2010,0.0,0.0,0.0,0.0,7.28,1.72,0.0
20081027:2110,0.0,0.0,0.0,0.0,6.7,1.86,0.0
20081027:2210,0.0,0.0,0.0,0.0,6.13,1.93,0.0
20081027:2310,0.0,0.0,0.0,0.0,5.88,2.0,0.0
20081028:0010,0.0,0.0,0.0,0.0,5.14,2.21,0.0
20081028:0110,0.0,0.0,0.0,0.0,4.8,2.14,0.0
20081028:0210,0.0,0.0,0.0,0.0,4.35,2.0,0.0
20081028:0310,0.0,0.0,0.0,0.0,4.14,1.79,0.0
20081028:0410,0.0,0.0,0.0,0.0,3.88,1.86,0.0
20081028:0510,0.0,0.0,0.0,0.0,3.41,2.07,0.0
20081028:0610,0.0,0.0,0.0,0.0,3.4,2.14,0.0
20081028:0710,30.0,22.27,0.0,5.36,3.92,1.59,0.0
20081028:0810,29.0,104.0,0.0,13.68,4.82,2.41,0.0
20081028:0910,127.0,146.0,0.0,20.61,5.82,2.28,0.0
20081028:1010,326.01,98.0,0.0,25.59,6.88,2.21,0.0
20081028:1110,304.01,139.0,0.0,28.09,8.01,2.41,0.0
20081028:1210,116.0,222.0,0.0,27.79,8.87,2.62,0.0
20081028:1310,84.0,200.0,0.0,24.72,9.37,2.76,0.0
20081028:1410,214.01,88.0,0.0,19.28,9.55,2.69,0.0
20081028:1510,3.0,71.0,0.0,12.01,9.4,2.48,0.0
20081028:1610,0.0,16.0,0.0,3.45,8.85,1.72,0.0
20081028:1710,0.0,0.0,0.0,0.0,7.75,1.72,0.0
20081028:1810,0.0,0.0,0.0,0.0,6.21,1.66,0.0
20081028:1910,0.0,0.0,0.0,0.0,4.79,1.72,0.0
20081028:2010,0.0,0.0,0.0,0.0,3.85,1.72,0.0
20081028:2110,0.0,0.0,0.0,0.0,3.06,1.52,0.0
20081028:2210,0.0,0.0,0.0,0.0,2.88,1.31,0.0
20081028:2310,0.0,0.0,0.0,0.0,3.33,0.97,0.0
20081029:0010,0.0,0.0,0.0,0.0,3.38,0.69,0.0
20081029:0110,0.0,0.0,0.0,0.0,2.92,0.41,0.0
20081029:0210,0.0,0.0,0.0,0.0,2.49,0.41,0.0
20081029:0310,0.0,0.0,0.0,0.0,2.09,0.62,0.0
20081029:0410,0.0,0.0,0.0,0.0,1.75,0.83,0.0
20081029:0510,0.0,0.0,0.0,0.0,1.31,0.9,0.0
20081029:0610,0.0,0.0,0.0,0.0,0.34,0.9,0.0
20081029:0710,7.0,29.24,0.0,5.1,-0.36,0.9,0.0
20081029:0810,24.0,101.0,0.0,13.4,0.83,0.41,0.0
20081029:0910,10.0,144.0,0.0,20.31,2.98,0.34,0.0
20081029:1010,6.0,168.0,0.0,25.27,5.0,0.62,0.0
20081029:1110,1.0,157.0,0.0,27.76,6.71,0.97,0.0
20081029:1210,0.0,143.0,0.0,27.46,7.67,1.17,0.0
20081029:1310,0.0,126.0,0.0,24.4,8.36,1.79,0.0
20081029:1410,3.0,114.0,0.0,18.97,8.23,2.14,0.0
20081029:1510,60.0,81.0,0.0,11.72,7.73,1.93,0.0
20081029:1610,0.0,17.0,0.0,3.18,7.28,1.52,0.0
20081029:1710,0.0,0.0,0.0,0.0,6.32,1.66,0.0
20081029:1810,0.0,0.0,0.0,0.0,5.68,1.79,0.0
20081029:1910,0.0,0.0,0.0,0.0,4.47,1.79,0.0
20081029:2010,0.0,0.0,0.0,0.0,4.13,2.0,0.0
20081029:2110,0.0,0.0,0.0,0.0,3.53,2.21,0.0
20081029:2210,0.0,0.0,0.0,0.0,3.42,2.34,0.0
20081029:2310,0.0,0.0,0.0,0.0,3.2,2.41,0.0
20081030:0010,0.0,0.0,0.0,0.0,3.05,2.41,0.0
20081030:0110,0.0,0.0,0.0,0.0,2.67,2.41,0.0
20081030:0210,0.0,0.0,0.0,0.0,2.4,2.55,0.0
20081030:0310,0.0,0.0,0.0,0.0,1.96,2.69,0.0
20081030:0410,0.0,0.0,0.0,0.0,1.72,2.97,0.0
20081030:0510,0.0,0.0,0.0,0.0,1.73,3.17,0.0
20081030:0610,0.0,0.0,0.0,0.0,1.56,3.31,0.0
20081030:0710,1.0,19.83,0.0,4.84,2.09,3.52,0.0
20081030:0810,39.0,98.0,0.0,13.12,2.7,4.14,0.0
20081030:0910,28.0,156.0,0.0,20.01,3.87,5.17,0.0
20081030:1010,24.0,192.0,0.0,24.95,5.04,5.59,0.0
20081030:1110,0.0,92.0,0.0,27.43,5.75,5.72,0.0
20081030:1210,0.0,64.0,0.0,27.13,5.96,5.86,0.0
20081030:1310,0.0,45.0,0.0,24.08,5.84,5.38,0.0
20081030:1410,0.0,86.0,0.0,18.67,5.47,4.97,0.0
20081030:1510,1.0,62.0,0.0,11.44,4.84,4.34,0.0
20081030:1610,0.0,4.0,0.0,2.92,4.23,4.07,0.0
20081030:1710,0.0,0.0,0.0,0.0,4.06,3.79,0.0
20081030:1810,0.0,0.0,0.0,0.0,4.04,3.31,0.0
20081030:1910,0.0,0.0,0.0,0.0,4.09,2.76,0.0
20081030:2010,0.0,0.0,0.0,0.0,4.16,2.62,0.0
20081030:2110,0.0,0.0,0.0,0.0,4.28,2.69,0.0
20081030:2210,0.0,0.0,0.0,0.0,4.28,2.83,0.0
20081030:2310,0.0,0.0,0.0,0.0,4.37,2.76,0.0
20081031:0010,0.0,0.0,0.0,0.0,4.37,2.69,0.0
20081031:0110,0.0,0.0,0.0,0.0,4.46,2.62,0.0
20081031:0210,0.0,0.0,0.0,0.0,4.58,2.55,0.0
20081031:0310,0.0,0.0,0.0,0.0,4.75,2.48,0.0
20081031:0410,0.0,0.0,0.0,0.0,4.85,2.48,0.0
20081031:0510,0.0,0.0,0.0,0.0,4.93,2.55,0.0
20081031:0610,0.0,0.0,0.0,0.0,5.01,2.34,0.0
20081031:0710,0.0,4.0,0.0,4.58,4.48,2.48,0.0
20081031:0810,13.0,91.0,0.0,12.85,4.72,2.55,0.0
20081031:0910,0.0,47.0,0.0,19.71,5.05,3.1,0.0
20081031:1010,0.0,82.0,0.0,24.64,5.6,2.69,0.0
20081031:1110,0.0,101.0,0.0,27.11,6.24,2.55,0.0
20081031:1210,0.0,121.0,0.0,26.8,6.65,2.28,0.0
20081031:1310,69.0,191.0,0.0,23.77,6.89,2.62,0.0
20081031:1410,15.0,133.0,0.0,18.38,7.15,2.97,0.0
20081031:1510,2.0,61.0,0.0,11.17,7.11,3.1,0.0
20081031:1610,0.0,12.0,0.0,2.66,6.75,3.1,0.0
20081031:1710,0.0,0.0,0.0,0.0,6.37,2.97,0.0
20081031:1810,0.0,0.0,0.0,0.0,6.12,3.1,0.0
20081031:1910,0.0,0.0,0.0,0.0,6.37,3.24,0.0
20081031:2010,0.0,0.0,0.0,0.0,6.3,3.66,0.0
20081031:2110,0.0,0.0,0.0,0.0,6.21,3.72,0.0
20081031:2210,0.0,0.0,0.0,0.0,6.3,3.93,0.0
20081031:2310,0.0,0.0,0.0,0.0,6.3,3.79,0.0
20081101:0010,0.0,0.0,0.0,0.0,6.08,3.79,0.0
20081101:0110,0.0,0.0,0.0,0.0,6.11,4.0,0.0
20081101:0210,0.0,0.0,0.0,0.0,6.12,4.07,0.0
20081101:0310,0.0,0.0,0.0,0.0,6.15,4.48,0.0
20081101:0410,0.0,0.0,0.0,0.0,6.55,5.1,0.0
20081101:0510,0.0,0.0,0.0,0.0,6.9,5.45,0.0
20081101:0610,0.0,0.0,0.0,0.0,7.2,5.1,0.0
20081101:0710,0.0,13.0,0.0,4.32,7.79,3.52,0.0
20081101:0810,0.0,34.0,0.0,12.57,8.34,3.1,0.0
20081101:0910,0.0,48.0,0.0,19.42,9.58,2.76,0.0
20081101:1010,0.0,73.0,0.0,24.33,10.81,2.9,0.0
20081101:1110,0.0,58.0,0.0,26.78,11.47,3.24,0.0
20081101:1210,0.0,38.0,0.0,26.48,12.04,4.34,0.0
20081101:1310,0.0,99.0,0.0,23.46,11.28,3.93,0.0
20081101:1410,0.0,48.0,0.0,18.09,10.85,3.86,0.0
20081101:1510,0.0,17.0,0.0,10.9,10.47,4.21,0.0
20081101:1610,0.0,3.0,0.0,2.41,10.29,4.76,0.0
20081101:1710,0.0,0.0,0.0,0.0,9.86,4.76,0.0
20081101:1810,0.0,0.0,0.0,0.0,9.91,4.97,0.0
20081101:1910,0.0,0.0,0.0,0.0,9.56,5.79,0.0
20081101:2010,0.0,0.0,0.0,0.0,8.94,5.86,0.0
20081101:2110,0.0,0.0,0.0,0.0,8.56,5.72,0.0
20081101:2210,0.0,0.0,0.0,0.0,8.52,5.45,0.0
20081101:2310,0.0,0.0,0.0,0.0,8.48,5.1,0.0
20081102:0010,0.0,0.0,0.0,0.0,8.31,4.83,0.0
20081102:0110,0.0,0.0,0.0,0.0,7.9,4.41,0.0
20081102:0210,0.0,0.0,0.0,0.0,7.27,3.86,0.0
20081102:0310,0.0,0.0,0.0,0.0,6.71,4.0,0.0
20081102:0410,0.0,0.0,0.0,0.0,6.72,4.21,0.0
20081102:0510,0.0,0.0,0.0,0.0,6.64,3.93,0.0
20081102:0610,0.0,0.0,0.0,0.0,6.65,3.59,0.0
20081102:0710,14.0,18.87,0.0,4.06,6.93,2.62,0.0
20081102:0810,16.0,88.0,0.0,12.3,7.16,1.79,0.0
20081102:0910,24.0,146.0,0.0,19.13,8.28,1.79,0.0
20081102:1010,16.0,176.0,0.0,24.02,9.4,0.41,0.0
20081102:1110,220.01,161.0,0.0,26.46,10.41,2.34,0.0
20081102:1210,115.0,202.0,0.0,26.16,11.25,2.97,0.0
20081102:1310,24.0,176.0,0.0,23.16,11.63,2.97,0.0
20081102:1410,30.0,138.0,0.0,17.8,11.8,3.38,0.0
20081102:1510,0.0,40.0,0.0,10.63,11.5,3.52,0.0
20081102:1610,0.0,7.0,0.0,2.16,10.95,3.72,0.0
20081102:1710,0.0,0.0,0.0,0.0,10.27,3.93,0.0
20081102:1810,0.0,0.0,0.0,0.0,9.93,3.86,0.0
20081102:1910,0.0,0.0,0.0,0.0,9.24,3.79,0.0
20081102:2010,0.0,0.0,0.0,0.0,9.03,3.24,0.0
20081102:2110,0.0,0.0,0.0,0.0,8.8,3.17,0.0
20081102:2210,0.0,0.0,0.0,0.0,8.89,3.24,0.0
20081102:2310,0.0,0.0,0.0,0.0,9.16,3.52,0.0
20081103:0010,0.0,0.0,0.0,0.0,9.2,3.66,0.0
20081103:0110,0.0,0.0,0.0,0.0,9.3,3.66,0.0
20081103:0210,0.0,0.0,0.0,0.0,9.08,3.59,0.0
20081103:0310,0.0,0.0,0.0,0.0,9.09,3.45,0.0
20081103:0410,0.0,0.0,0.0,0.0,9.13,3.1,0.0
20081103:0510,0.0,0.0,0.0,0.0,9.11,2.83,0.0
20081103:0610,0.0,0.0,0.0,0.0,9.13,2.76,0.0
20081103:0710,15.0,16.75,0.0,3.81,8.87,3.17,0.0
20081103:0810,54.0,84.0,0.0,12.03,9.71,3.03,0.0
20081103:0910,6.0,124.0,0.0,18.83,11.52,2.69,0.0
20081103:1010,288.01,91.0,0.0,23.71,13.69,3.1,0.0
20081103:1110,347.01,85.0,0.0,26.15,15.27,3.38,0.0
20081103:1210,317.01,99.0,0.0,25.85,16.16,3.93,0.0
20081103:1310,0.0,99.0,0.0,22.86,16.33,3.66,0.0
20081103:1410,26.0,134.0,0.0,17.52,16.25,3.03,0.0
20081103:1510,81.0,55.0,0.0,10.37,15.66,2.07,0.0
20081103:1610,0.0,7.0,0.0,1.91,14.5,1.66,0.0
20081103:1710,0.0,0.0,0.0,0.0,12.9,1.45,0.0
20081103:1810,0.0,0.0,0.0,0.0,11.26,1.66,0.0
20081103:1910,0.0,0.0,0.0,0.0,9.76,2.28,0.0
20081103:2010,0.0,0.0,0.0,0.0,9.41,2.55,0.0
20081103:2110,0.0,0.0,0.0,0.0,8.95,2.62,0.0
20081103:2210,0.0,0.0,0.0,0.0,8.55,2.62,0.0
20081103:2310,0.0,0.0,0.0,0.0,8.22,2.62,0.0
20081104:0010,0.0,0.0,0.0,0.0,8.07,2.69,0.0
20081104:0110,0.0,0.0,0.0,0.0,7.66,2.62,0.0
20081104:0210,0.0,0.0,0.0,0.0,7.11,2.48,0.0
20081104:0310,0.0,0.0,0.0,0.0,6.5,2.28,0.0
20081104:0410,0.0,0.0,0.0,0.0,5.86,2.0,0.0
20081104:0510,0.0,0.0,0.0,0.0,5.1,1.72,0.0
20081104:0610,0.0,0.0,0.0,0.0,4.27,1.59,0.0
20081104:0710,15.0,14.87,0.0,3.55,4.68,1.17,0.0
20081104:0810,43.0,84.0,0.0,11.75,5.86,0.83,0.0
20081104:0910,126.01,121.0,0.0,18.55,9.05,1.17,0.0
20081104:1010,136.01,168.0,0.0,23.41,11.31,2.07,0.0
20081104:1110,329.01,91.0,0.0,25.84,13.19,2.9,0.0
20081104:1210,328.01,89.0,0.0,25.54,14.02,3.24,0.0
20081104:1310,276.01,85.0,0.0,22.56,15.06,3.59,0.0
20081104:1410,97.0,121.0,0.0,17.25,15.46,3.86,0.0
20081104:1510,8.0,67.0,0.0,10.11,15.04,3.86,0.0
20081104:1610,0.0,5.0,0.0,1.67,13.95,4.14,0.0
20081104:1710,0.0,0.0,0.0,0.0,12.89,4.34,0.0
20081104:1810,0.0,0.0,0.0,0.0,12.35,4.62,0.0
20081104:1910,0.0,0.0,0.0,0.0,13.14,4.62,0.0
20081104:2010,0.0,0.0,0.0,0.0,12.63,4.97,0.0
20081104:2110,0.0,0.0,0.0,0.0,12.03,5.17,0.0
20081104:2210,0.0,0.0,0.0,0.0,11.41,5.1,0.0
20081104:2310,0.0,0.0,0.0,0.0,10.93,5.1,0.0
20081105:0010,0.0,0.0,0.0,0.0,10.75,5.38,0.0
20081105:0110,0.0,0.0,0.0,0.0,10.49,5.45,0.0
20081105:0210,0.0,0.0,0.0,0.0,10.29,5.45,0.0
20081105:0310,0.0,0.0,0.0,0.0,9.77,5.38,0.0
20081105:0410,0.0,0.0,0.0,0.0,8.86,5.38,0.0
20081105:0510,0.0,0.0,0.0,0.0,8.2,5.45,0.0
20081105:0610,0.0,0.0,0.0,0.0,7.89,5.45,0.0
20081105:0710,0.0,3.0,0.0,3.3,8.11,5.31,0.0
20081105:0810,0.0,14.0,0.0,11.49,7.92,5.1,0.0
20081105:0910,0.0,25.0,0.0,18.26,7.83,4.76,0.0
20081105:1010,0.0,60.0,0.0,23.1,7.86,4.83,0.0
20081105:1110,0.0,72.0,0.0,25.53,8.13,4.41,0.0
20081105:1210,0.0,76.0,0.0,25.24,8.54,3.86,0.0
20081105:1310,0.0,70.0,0.0,22.27,9.15,3.38,0.0
20081105:1410,0.0,59.0,0.0,16.98,9.45,2.9,0.0
20081105:1510,2.0,56.0,0.0,9.86,9.56,2.48,0.0
20081105:1610,0.0,0.0,0.0,0.0,9.4,2.48,0.0
20081105:1710,0.0,0.0,0.0,0.0,9.19,2.55,0.0
20081105:1810,0.0,0.0,0.0,0.0,9.05,2.48,0.0
20081105:1910,0.0,0.0,0.0,0.0,9.11,2.9,0.0
20081105:2010,0.0,0.0,0.0,0.0,9.0,2.83,0.0
20081105:2110,0.0,0.0,0.0,0.0,8.94,2.69,0.0
20081105:2210,0.0,0.0,0.0,0.0,8.98,2.55,0.0
20081105:2310,0.0,0.0,0.0,0.0,8.8,2.41,0.0
20081106:0010,0.0,0.0,0.0,0.0,8.81,2.34,0.0
20081106:0110,0.0,0.0,0.0,0.0,8.7,2.21,0.0
20081106:0210,0.0,0.0,0.0,0.0,8.51,2.0,0.0
20081106:0310,0.0,0.0,0.0,0.0,8.38,1.79,0.0
20081106:0410,0.0,0.0,0.0,0.0,8.17,1.66,0.0
20081106:0510,0.0,0.0,0.0,0.0,7.9,1.45,0.0
20081106:0610,0.0,0.0,0.0,0.0,7.71,1.17,0.0
20081106:0710,2.0,14.59,0.0,3.05,7.53,0.48,0.0
20081106:0810,3.0,65.0,0.0,11.22,8.05,0.9,0.0
20081106:0910,0.0,67.0,0.0,17.98,8.73,0.97,0.0
20081106:1010,0.0,104.0,0.0,22.81,9.41,1.17,0.0
20081106:1110,0.0,96.0,0.0,25.23,9.92,1.59,0.0
20081106:1210,0.0,45.0,0.0,24.94,10.38,1.93,0.0
20081106:1310,0.0,53.0,0.0,21.99,10.7,2.34,0.0
20081106:1410,0.0,62.0,0.0,16.71,10.61,2.62,0.0
20081106:1510,11.0,65.0,0.0,9.62,10.32,2.34,0.0
20081106:1610,0.0,0.0,0.0,0.0,10.05,2.0,0.0
20081106:1710,0.0,0.0,0.0,0.0,9.8,1.93,0.0
20081106:1810,0.0,0.0,0.0,0.0,9.68,1.93,0.0
20081106:1910,0.0,0.0,0.0,0.0,9.47,2.28,0.0
20081106:2010,0.0,0.0,0.0,0.0,9.37,2.28,0.0
20081106:2110,0.0,0.0,0.0,0.0,9.14,2.41,0.0
20081106:2210,0.0,0.0,0.0,0.0,9.16,2.55,0.0
20081106:2310,0.0,0.0,0.0,0.0,9.18,2.62,0.0
20081107:0010,0.0,0.0,0.0,0.0,9.09,2.76,0.0
20081107:0110,0.0,0.0,0.0,0.0,9.19,2.9,0.0
20081107:0210,0.0,0.0,0.0,0.0,9.08,3.03,0.0
20081107:0310,0.0,0.0,0.0,0.0,8.78,3.1,0.0
20081107:0410,0.0,0.0,0.0,0.0,8.11,3.31,0.0
20081107:0510,0.0,0.0,0.0,0.0,7.92,3.59,0.0
20081107:0610,0.0,0.0,0.0,0.0,7.8,3.79,0.0
20081107:0710,2.0,11.65,0.0,2.8,7.36,3.52,0.0
20081107:0810,0.0,44.0,0.0,10.95,7.9,3.66,0.0
20081107:0910,0.0,87.0,0.0,17.7,8.96,4.28,0.0
20081107:1010,0.0,42.0,0.0,22.51,9.3,4.21,0.0
20081107:1110,0.0,60.0,0.0,24.93,9.52,3.86,0.0
20081107:1210,0.0,82.0,0.0,24.65,9.79,4.0,0.0
20081107:1310,0.0,99.0,0.0,21.71,9.96,3.03,0.0
20081107:1410,26.0,126.0,0.0,16.45,10.4,2.9,0.0
20081107:1510,3.0,55.0,0.0,9.38,10.7,2.48,0.0
20081107:1610,0.0,0.0,0.0,0.0,10.22,2.21,0.0
20081107:1710,0.0,0.0,0.0,0.0,9.25,2.41,0.0
20081107:1810,0.0,0.0,0.0,0.0,8.59,2.55,0.0
20081107:1910,0.0,0.0,0.0,0.0,7.77,2.69,0.0
20081107:2010,0.0,0.0,0.0,0.0,7.14,2.76,0.0
20081107:2110,0.0,0.0,0.0,0.0,6.54,2.69,0.0
20081107:2210,0.0,0.0,0.0,0.0,6.12,2.76,0.0
20081107:2310,0.0,0.0,0.0,0.0,5.78,2.83,0.0
20081108:0010,0.0,0.0,0.0,0.0,5.53,2.9,0.0
20081108:0110,0.0,0.0,0.0,0.0,5.33,2.9,0.0
20081108:0210,0.0,0.0,0.0,0.0,5.38,2.97,0.0
20081108:0310,0.0,0.0,0.0,0.0,5.39,3.03,0.0
20081108:0410,0.0,0.0,0.0,0.0,5.4,3.1,0.0
20081108:0510,0.0,0.0,0.0,0.0,5.39,3.1,0.0
20081108:0610,0.0,0.0,0.0,0.0,5.39,3.24,0.0
20081108:0710,8.0,9.58,0.0,2.55,5.25,3.38,0.0
20081108:0810,53.0,71.0,0.0,10.69,6.13,3.52,0.0
20081108:0910,192.01,74.0,0.0,17.42,7.74,3.66,0.0
20081108:1010,70.0,176.0,0.0,22.22,9.67,5.17,0.0
20081108:1110,243.01,130.0,0.0,24.63,11.29,6.07,0.0
20081108:1210,86.0,194.0,0.0,24.36,12.37,6.21,0.0
20081108:1310,0.0,70.0,0.0,21.43,12.86,6.14,0.0
20081108:1410,0.0,76.0,0.0,16.19,13.13,5.31,0.0
20081108:1510,0.0,17.0,0.0,9.14,12.78,5.03,0.0
20081108:1610,0.0,0.0,0.0,0.0,11.87,5.1,0.0
20081108:1710,0.0,0.0,0.0,0.0,10.82,5.31,0.0
20081108:1810,0.0,0.0,0.0,0.0,10.31,5.79,0.0
20081108:1910,0.0,0.0,0.0,0.0,10.64,6.48,0.0
20081108:2010,0.0,0.0,0.0,0.0,10.77,6.55,0.0
20081108:2110,0.0,0.0,0.0,0.0,10.96,6.69,0.0
20081108:2210,0.0,0.0,0.0,0.0,11.14,6.83,0.0
20081108:2310,0.0,0.0,0.0,0.0,11.33,7.03,0.0
20081109:0010,0.0,0.0,0.0,0.0,11.55,7.24,0.0
20081109:0110,0.0,0.0,0.0,0.0,11.9,7.66,0.0
20081109:0210,0.0,0.0,0.0,0.0,12.05,8.07,0.0
20081109:0310,0.0,0.0,0.0,0.0,12.0,8.14,0.0
20081109:0410,0.0,0.0,0.0,0.0,12.02,8.07,0.0
20081109:0510,0.0,0.0,0.0,0.0,12.19,7.45,0.0
20081109:0610,0.0,0.0,0.0,0.0,12.15,6.28,0.0
20081109:0710,1.0,7.86,0.0,2.3,11.5,4.34,0.0
20081109:0810,1.0,55.0,0.0,10.43,11.02,3.59,0.0
20081109:0910,12.0,122.0,0.0,17.14,11.0,3.59,0.0
20081109:1010,91.0,169.0,0.0,21.94,11.38,4.0,0.0
20081109:1110,36.0,192.0,0.0,24.34,11.8,4.9,0.0
20081109:1210,59.0,193.0,0.0,24.07,12.4,5.38,0.0
20081109:1310,55.0,168.0,0.0,21.16,12.82,5.79,0.0
20081109:1410,32.0,122.0,0.0,15.95,12.73,4.41,0.0
20081109:1510,5.0,56.0,0.0,8.91,12.61,4.14,0.0
20081109:1610,0.0,0.0,0.0,0.0,12.08,3.86,0.0
20081109:1710,0.0,0.0,0.0,0.0,11.63,4.21,0.0
20081109:1810,0.0,0.0,0.0,0.0,11.5,4.9,0.0
20081109:1910,0.0,0.0,0.0,0.0,12.04,7.17,0.0
20081109:2010,0.0,0.0,0.0,0.0,11.94,7.52,0.0
20081109:2110,0.0,0.0,0.0,0.0,12.08,7.72,0.0
20081109:2210,0.0,0.0,0.0,0.0,12.24,7.66,0.0
20081109:2310,0.0,0.0,0.0,0.0,12.42,8.14,0.0
20081110:0010,0.0,0.0,0.0,0.0,12.62,8.48,0.0
20081110:0110,0.0,0.0,0.0,0.0,12.73,7.59,0.0
20081110:0210,0.0,0.0,0.0,0.0,12.81,7.86,0.0
20081110:0310,0.0,0.0,0.0,0.0,13.01,7.93,0.0
20081110:0410,0.0,0.0,0.0,0.0,12.84,7.45,0.0
20081110:0510,0.0,0.0,0.0,0.0,12.51,7.1,0.0
20081110:0610,0.0,0.0,0.0,0.0,12.38,6.76,0.0
20081110:0710,0.0,8.0,0.0,2.06,12.76,6.9,0.0
20081110:0810,0.0,33.0,0.0,10.17,12.79,7.03,0.0
20081110:0910,0.0,41.0,0.0,16.87,12.93,7.45,0.0
20081110:1010,0.0,66.0,0.0,21.65,13.27,7.86,0.0
20081110:1110,0.0,77.0,0.0,24.06,13.72,8.0,0.0
20081110:1210,0.0,0.0,0.0,0.0,14.04,8.07,0.0
20081110:1310,18.0,154.0,0.0,20.9,14.1,7.79,0.0
20081110:1410,7.0,104.0,0.0,15.7,14.34,7.52,0.0
20081110:1510,1.0,46.0,0.0,8.69,14.22,8.62,0.0
20081110:1610,0.0,0.0,0.0,0.0,13.92,8.07,0.0
20081110:1710,0.0,0.0,0.0,0.0,13.45,7.79,0.0
20081110:1810,0.0,0.0,0.0,0.0,13.36,7.93,0.0
20081110:1910,0.0,0.0,0.0,0.0,13.98,8.62,0.0
20081110:2010,0.0,0.0,0.0,0.0,14.0,8.69,0.0
20081110:2110,0.0,0.0,0.0,0.0,14.24,8.76,0.0
20081110:2210,0.0,0.0,0.0,0.0,14.21,8.97,0.0
20081110:2310,0.0,0.0,0.0,0.0,14.21,8.83,0.0
20081111:0010,0.0,0.0,0.0,0.0,14.27,8.62,0.0
20081111:0110,0.0,0.0,0.0,0.0,14.4,8.9,0.0
20081111:0210,0.0,0.0,0.0,0.0,13.94,9.45,0.0
20081111:0310,0.0,0.0,0.0,0.0,13.34,9.03,0.0
20081111:0410,0.0,0.0,0.0,0.0,11.62,7.59,0.0
20081111:0510,0.0,0.0,0.0,0.0,9.93,5.79,0.0
20081111:0610,0.0,0.0,0.0,0.0,8.76,5.1,0.0
20081111:0710,0.0,7.0,0.0,1.82,7.87,5.17,0.0
20081111:0810,85.01,48.0,0.0,9.92,7.69,5.31,0.0
20081111:0910,182.01,71.0,0.0,16.6,8.42,5.31,0.0
20081111:1010,239.01,94.0,0.0,21.38,9.57,6.28,0.0
20081111:1110,161.01,162.0,0.0,23.77,10.86,6.48,0.0
20081111:1210,82.0,187.0,0.0,23.52,12.09,7.52,0.0
20081111:1310,107.0,152.0,0.0,20.64,12.65,6.69,0.0
20081111:1410,0.0,46.0,0.0,15.46,12.46,5.59,0.0
20081111:1510,39.0,55.0,0.0,8.47,12.02,4.55,0.0
20081111:1610,0.0,0.0,0.0,0.0,11.32,4.0,0.0
20081111:1710,0.0,0.0,0.0,0.0,10.08,3.66,0.0
20081111:1810,0.0,0.0,0.0,0.0,9.19,3.52,0.0
20081111:1910,0.0,0.0,0.0,0.0,9.18,3.72,0.0
20081111:2010,0.0,0.0,0.0,0.0,8.67,3.59,0.0
20081111:2110,0.0,0.0,0.0,0.0,8.18,3.38,0.0
20081111:2210,0.0,0.0,0.0,0.0,7.75,3.24,0.0
20081111:2310,0.0,0.0,0.0,0.0,7.29,3.03,0.0
20081112:0010,0.0,0.0,0.0,0.0,7.22,2.97,0.0
20081112:0110,0.0,0.0,0.0,0.0,7.02,2.97,0.0
20081112:0210,0.0,0.0,0.0,0.0,6.69,2.9,0.0
20081112:0310,0.0,0.0,0.0,0.0,6.24,2.76,0.0
20081112:0410,0.0,0.0,0.0,0.0,5.79,2.55,0.0
20081112:0510,0.0,0.0,0.0,0.0,5.99,2.41,0.0
20081112:0610,0.0,0.0,0.0,0.0,6.2,2.28,0.0
20081112:0710,0.0,2.0,0.0,1.58,6.37,2.34,0.0
20081112:0810,3.0,59.0,0.0,9.66,7.05,3.24,0.0
20081112:0910,24.0,124.0,0.0,16.34,7.72,3.31,0.0
20081112:1010,36.0,168.0,0.0,21.1,8.15,2.83,0.0
20081112:1110,86.0,187.0,0.0,23.5,8.62,2.62,0.0
20081112:1210,31.0,183.0,0.0,23.25,9.26,2.69,0.0
20081112:1310,0.0,98.0,0.0,20.39,9.81,2.62,0.0
20081112:1410,5.0,100.0,0.0,15.23,10.02,2.34,0.0
20081112:1510,2.0,47.0,0.0,8.26,10.06,1.86,0.0
20081112:1610,0.0,0.0,0.0,0.0,9.48,1.24,0.0
20081112:1710,0.0,0.0,0.0,0.0,8.51,1.45,0.0
20081112:1810,0.0,0.0,0.0,0.0,7.49,1.72,0.0
20081112:1910,0.0,0.0,0.0,0.0,6.18,1.66,0.0
20081112:2010,0.0,0.0,0.0,0.0,5.35,1.86,0.0
20081112:2110,0.0,0.0,0.0,0.0,4.96,2.07,0.0
20081112:2210,0.0,0.0,0.0,0.0,4.85,2.14,0.0
20081112:2310,0.0,0.0,0.0,0.0,4.29,2.14,0.0
20081113:0010,0.0,0.0,0.0,0.0,3.8,2.07,0.0
20081113:0110,0.0,0.0,0.0,0.0,3.35,2.07,0.0
20081113:0210,0.0,0.0,0.0,0.0,2.94,1.93,0.0
20081113:0310,0.0,0.0,0.0,0.0,2.64,2.07,0.0
20081113:0410,0.0,0.0,0.0,0.0,2.89,2.07,0.0
20081113:0510,0.0,0.0,0.0,0.0,3.15,2.0,0.0
20081113:0610,0.0,0.0,0.0,0.0,3.49,1.86,0.0
20081113:0710,0.0,0.0,0.0,0.0,3.19,1.38,0.0
20081113:0810,10.0,65.0,0.0,9.41,3.84,1.1,0.0
20081113:0910,71.0,121.0,0.0,16.07,5.79,1.24,0.0
20081113:1010,10.0,146.0,0.0,20.83,7.28,1.24,0.0
20081113:1110,54.0,190.0,0.0,23.22,8.88,1.38,0.0
20081113:1210,292.01,86.0,0.0,22.98,10.02,2.0,0.0
20081113:1310,228.01,90.0,0.0,20.14,10.51,2.28,0.0
20081113:1410,65.0,112.0,0.0,15.0,10.43,2.14,0.0
20081113:1510,3.0,49.0,0.0,8.05,10.18,1.59,0.0
20081113:1610,0.0,0.0,0.0,0.0,9.42,1.38,0.0
20081113:1710,0.0,0.0,0.0,0.0,7.84,1.45,0.0
20081113:1810,0.0,0.0,0.0,0.0,6.23,1.52,0.0
20081113:1910,0.0,0.0,0.0,0.0,5.25,1.79,0.0
20081113:2010,0.0,0.0,0.0,0.0,4.48,1.72,0.0
20081113:2110,0.0,0.0,0.0,0.0,3.83,1.86,0.0
20081113:2210,0.0,0.0,0.0,0.0,3.43,1.93,0.0
20081113:2310,0.0,0.0,0.0,0.0,3.01,2.07,0.0
20081114:0010,0.0,0.0,0.0,0.0,2.88,2.07,0.0
20081114:0110,0.0,0.0,0.0,0.0,3.54,2.0,0.0
20081114:0210,0.0,0.0,0.0,0.0,4.42,2.21,0.0
20081114:0310,0.0,0.0,0.0,0.0,5.29,1.93,0.0
20081114:0410,0.0,0.0,0.0,0.0,5.96,1.86,0.0
20081114:0510,0.0,0.0,0.0,0.0,6.58,2.07,0.0
20081114:0610,0.0,0.0,0.0,0.0,6.96,2.21,0.0
20081114:0710,0.0,0.0,0.0,0.0,6.45,2.07,0.0
20081114:0810,2.0,49.0,0.0,9.17,6.79,2.21,0.0
20081114:0910,0.0,44.0,0.0,15.82,7.27,2.21,0.0
20081114:1010,0.0,65.0,0.0,20.56,7.92,2.28,0.0
20081114:1110,0.0,71.0,0.0,22.96,8.75,2.41,0.0
20081114:1210,0.0,104.0,0.0,22.73,9.48,2.0,0.0
20081114:1310,0.0,92.0,0.0,19.9,10.08,1.79,0.0
20081114:1410,0.0,38.0,0.0,14.78,10.61,1.66,0.0
20081114:1510,1.0,40.0,0.0,7.85,10.85,1.38,0.0
20081114:1610,0.0,0.0,0.0,0.0,10.33,1.66,0.0
20081114:1710,0.0,0.0,0.0,0.0,9.89,1.79,0.0
20081114:1810,0.0,0.0,0.0,0.0,9.65,1.86,0.0
20081114:1910,0.0,0.0,0.0,0.0,8.94,1.72,0.0
20081114:2010,0.0,0.0,0.0,0.0,8.97,1.72,0.0
20081114:2110,0.0,0.0,0.0,0.0,8.97,1.66,0.0
20081114:2210,0.0,0.0,0.0,0.0,9.0,1.59,0.0
20081114:2310,0.0,0.0,0.0,0.0,9.02,1.52,0.0
20081115:0010,0.0,0.0,0.0,0.0,8.99,1.52,0.0
20081115:0110,0.0,0.0,0.0,0.0,9.02,1.45,0.0
20081115:0210,0.0,0.0,0.0,0.0,9.17,1.31,0.0
20081115:0310,0.0,0.0,0.0,0.0,9.31,1.31,0.0
20081115:0410,0.0,0.0,0.0,0.0,9.38,1.24,0.0
20081115:0510,0.0,0.0,0.0,0.0,9.39,1.1,0.0
20081115:0610,0.0,0.0,0.0,0.0,9.22,1.24,0.0
20081115:0710,0.0,0.0,0.0,0.0,9.02,1.38,0.0
20081115:0810,10.0,60.0,0.0,8.92,9.31,1.17,0.0
20081115:0910,0.0,49.0,0.0,15.56,10.21,1.1,0.0
20081115:1010,0.0,79.0,0.0,20.3,10.8,1.38,0.0
20081115:1110,0.0,73.0,0.0,22.7,11.61,1.93,0.0
20081115:1210,0.0,87.0,0.0,22.47,11.87,2.14,0.0
20081115:1310,0.0,73.0,0.0,19.66,12.12,2.21,0.0
20081115:1410,0.0,41.0,0.0,14.57,12.24,2.14,0.0
20081115:1510,1.0,36.0,0.0,7.66,12.05,1.72,0.0
20081115:1610,0.0,0.0,0.0,0.0,11.7,1.45,0.0
20081115:1710,0.0,0.0,0.0,0.0,11.37,1.45,0.0
20081115:1810,0.0,0.0,0.0,0.0,10.99,1.72,0.0
20081115:1910,0.0,0.0,0.0,0.0,10.86,2.07,0.0
20081115:2010,0.0,0.0,0.0,0.0,10.82,2.14,0.0
20081115:2110,0.0,0.0,0.0,0.0,10.75,1.93,0.0
20081115:2210,0.0,0.0,0.0,0.0,10.47,1.72,0.0
20081115:2310,0.0,0.0,0.0,0.0,10.31,1.72,0.0
20081116:0010,0.0,0.0,0.0,0.0,10.16,1.86,0.0
20081116:0110,0.0,0.0,0.0,0.0,10.27,1.86,0.0
20081116:0210,0.0,0.0,0.0,0.0,10.29,1.93,0.0
20081116:0310,0.0,0.0,0.0,0.0,10.3,2.0,0.0
20081116:0410,0.0,0.0,0.0,0.0,10.42,2.07,0.0
20081116:0510,0.0,0.0,0.0,0.0,10.54,2.14,0.0
20081116:0610,0.0,0.0,0.0,0.0,10.63,2.28,0.0
20081116:0710,0.0,0.0,0.0,0.0,10.6,2.34,0.0
20081116:0810,0.0,32.0,0.0,8.68,10.78,2.41,0.0
20081116:0910,0.0,49.0,0.0,15.31,11.11,2.69,0.0
20081116:1010,0.0,66.0,0.0,20.04,11.58,3.45,0.0
20081116:1110,0.0,76.0,0.0,22.44,12.16,3.1,0.0
20081116:1210,0.0,59.0,0.0,22.23,12.39,3.38,0.0
20081116:1310,0.0,44.0,0.0,19.43,12.54,3.38,0.0
20081116:1410,0.0,40.0,0.0,14.36,12.56,2.76,0.0
20081116:1510,2.0,41.0,0.0,7.47,12.48,2.55,0.0
20081116:1610,0.0,0.0,0.0,0.0,12.09,2.34,0.0
20081116:1710,0.0,0.0,0.0,0.0,11.73,2.41,0.0
20081116:1810,0.0,0.0,0.0,0.0,11.59,2.69,0.0
20081116:1910,0.0,0.0,0.0,0.0,11.28,2.48,0.0
20081116:2010,0.0,0.0,0.0,0.0,11.21,2.34,0.0
20081116:2110,0.0,0.0,0.0,0.0,11.11,2.21,0.0
20081116:2210,0.0,0.0,0.0,0.0,10.98,2.21,0.0
20081116:2310,0.0,0.0,0.0,0.0,10.81,2.0,0.0
20081117:0010,0.0,0.0,0.0,0.0,10.65,2.0,0.0
20081117:0110,0.0,0.0,0.0,0.0,10.42,2.55,0.0
20081117:0210,0.0,0.0,0.0,0.0,9.98,2.97,0.0
20081117:0310,0.0,0.0,0.0,0.0,9.48,2.9,0.0
20081117:0410,0.0,0.0,0.0,0.0,9.05,2.83,0.0
20081117:0510,0.0,0.0,0.0,0.0,8.67,2.62,0.0
20081117:0610,0.0,0.0,0.0,0.0,8.21,2.34,0.0
20081117:0710,0.0,0.0,0.0,0.0,7.33,2.28,0.0
20081117:0810,6.0,54.0,0.0,8.44,7.11,2.41,0.0
20081117:0910,4.0,94.0,0.0,15.06,7.09,2.76,0.0
20081117:1010,13.0,142.0,0.0,19.79,7.31,2.69,0.0
20081117:1110,41.0,178.0,0.0,22.19,7.9,2.41,0.0
20081117:1210,186.01,132.0,0.0,21.99,8.24,1.86,0.0
20081117:1310,35.0,152.0,0.0,19.21,8.35,1.45,0.0
20081117:1410,17.0,104.0,0.0,14.16,8.23,1.1,0.0
20081117:1510,4.0,44.0,0.0,7.29,8.07,0.97,0.0
20081117:1610,0.0,0.0,0.0,0.0,7.82,1.03,0.0
20081117:1710,0.0,0.0,0.0,0.0,7.39,1.45,0.0
20081117:1810,0.0,0.0,0.0,0.0,7.11,1.72,0.0
20081117:1910,0.0,0.0,0.0,0.0,7.02,1.59,0.0
20081117:2010,0.0,0.0,0.0,0.0,6.89,1.79,0.0
20081117:2110,0.0,0.0,0.0,0.0,6.98,2.14,0.0
20081117:2210,0.0,0.0,0.0,0.0,7.25,2.34,0.0
20081117:2310,0.0,0.0,0.0,0.0,7.62,2.48,0.0
20081118:0010,0.0,0.0,0.0,0.0,7.76,2.55,0.0
20081118:0110,0.0,0.0,0.0,0.0,7.73,2.62,0.0
20081118:0210,0.0,0.0,0.0,0.0,7.85,2.69,0.0
20081118:0310,0.0,0.0,0.0,0.0,7.92,2.76,0.0
20081118:0410,0.0,0.0,0.0,0.0,7.89,3.03,0.0
20081118:0510,0.0,0.0,0.0,0.0,7.84,3.24,0.0
20081118:0610,0.0,0.0,0.0,0.0,7.77,3.52,0.0
20081118:0710,0.0,0.0,0.0,0.0,7.93,3.31,0.0
20081118:0810,0.0,33.0,0.0,8.21,8.0,3.03,0.0
20081118:0910,5.0,96.0,0.0,14.82,8.16,3.1,0.0
20081118:1010,2.0,115.0,0.0,19.54,8.46,3.59,0.0
20081118:1110,0.0,110.0,0.0,21.94,9.05,2.55,0.0
20081118:1210,0.0,0.0,0.0,0.0,9.52,1.66,0.0
20081118:1310,0.0,54.0,0.0,18.99,9.93,1.45,0.0
20081118:1410,0.0,37.0,0.0,13.96,10.61,1.79,0.0
20081118:1510,2.0,40.0,0.0,7.11,10.58,1.86,0.0
20081118:1610,0.0,0.0,0.0,0.0,10.14,2.0,0.0
20081118:1710,0.0,0.0,0.0,0.0,9.74,1.93,0.0
20081118:1810,0.0,0.0,0.0,0.0,9.47,1.72,0.0
20081118:1910,0.0,0.0,0.0,0.0,9.55,2.62,0.0
20081118:2010,0.0,0.0,0.0,0.0,9.4,2.97,0.0
20081118:2110,0.0,0.0,0.0,0.0,9.43,3.45,0.0
20081118:2210,0.0,0.0,0.0,0.0,9.17,3.59,0.0
20081118:2310,0.0,0.0,0.0,0.0,8.86,3.66,0.0
20081119:0010,0.0,0.0,0.0,0.0,8.46,3.59,0.0
20081119:0110,0.0,0.0,0.0,0.0,7.96,3.52,0.0
20081119:0210,0.0,0.0,0.0,0.0,7.71,3.52,0.0
20081119:0310,0.0,0.0,0.0,0.0,7.47,2.9,0.0
20081119:0410,0.0,0.0,0.0,0.0,7.33,2.34,0.0
20081119:0510,0.0,0.0,0.0,0.0,7.07,2.0,0.0
20081119:0610,0.0,0.0,0.0,0.0,6.94,1.72,0.0
20081119:0710,0.0,0.0,0.0,0.0,6.78,1.52,0.0
20081119:0810,29.0,53.0,0.0,7.97,6.96,1.38,0.0
20081119:0910,1.0,81.0,0.0,14.58,7.83,1.72,0.0
20081119:1010,0.0,90.0,0.0,19.3,8.54,2.21,0.0
20081119:1110,33.0,172.0,0.0,21.7,9.25,2.97,0.0
20081119:1210,15.0,159.0,0.0,21.52,9.86,3.24,0.0
20081119:1310,0.0,44.0,0.0,18.78,10.16,3.24,0.0
20081119:1410,0.0,51.0,0.0,13.77,10.2,3.31,0.0
20081119:1510,3.0,39.0,0.0,6.94,10.0,3.03,0.0
20081119:1610,0.0,0.0,0.0,0.0,9.8,3.17,0.0
20081119:1710,0.0,0.0,0.0,0.0,9.68,3.24,0.0
20081119:1810,0.0,0.0,0.0,0.0,9.61,3.1,0.0
20081119:1910,0.0,0.0,0.0,0.0,9.24,2.76,0.0
20081119:2010,0.0,0.0,0.0,0.0,9.39,2.76,0.0
20081119:2110,0.0,0.0,0.0,0.0,9.34,2.76,0.0
20081119:2210,0.0,0.0,0.0,0.0,9.17,2.83,0.0
20081119:2310,0.0,0.0,0.0,0.0,8.98,2.97,0.0
20081120:0010,0.0,0.0,0.0,0.0,8.63,2.97,0.0
20081120:0110,0.0,0.0,0.0,0.0,8.51,3.03,0.0
20081120:0210,0.0,0.0,0.0,0.0,8.57,2.97,0.0
20081120:0310,0.0,0.0,0.0,0.0,8.71,3.03,0.0
20081120:0410,0.0,0.0,0.0,0.0,8.78,3.24,0.0
20081120:0510,0.0,0.0,0.0,0.0,8.82,3.38,0.0
20081120:0610,0.0,0.0,0.0,0.0,8.85,3.45,0.0
20081120:0710,0.0,0.0,0.0,0.0,8.57,3.72,0.0
20081120:0810,9.0,51.0,0.0,7.75,8.55,3.59,0.0
20081120:0910,0.0,45.0,0.0,14.34,9.01,4.34,0.0
20081120:1010,2.0,111.0,0.0,19.06,9.37,3.79,0.0
20081120:1110,0.0,66.0,0.0,21.47,9.85,3.79,0.0
20081120:1210,0.0,79.0,0.0,21.3,10.47,3.93,0.0
20081120:1310,1.0,98.0,0.0,18.57,11.24,4.0,0.0
20081120:1410,0.0,25.0,0.0,13.58,11.68,3.79,0.0
20081120:1510,5.0,42.0,0.0,6.78,11.73,3.59,0.0
20081120:1610,0.0,0.0,0.0,0.0,11.57,3.66,0.0
20081120:1710,0.0,0.0,0.0,0.0,11.43,3.66,0.0
20081120:1810,0.0,0.0,0.0,0.0,11.19,3.79,0.0
20081120:1910,0.0,0.0,0.0,0.0,10.82,4.21,0.0
20081120:2010,0.0,0.0,0.0,0.0,11.03,4.62,0.0
20081120:2110,0.0,0.0,0.0,0.0,11.03,4.76,0.0
20081120:2210,0.0,0.0,0.0,0.0,10.92,4.83,0.0
20081120:2310,0.0,0.0,0.0,0.0,10.71,4.83,0.0
20081121:0010,0.0,0.0,0.0,0.0,10.37,4.83,0.0
20081121:0110,0.0,0.0,0.0,0.0,10.13,4.83,0.0
20081121:0210,0.0,0.0,0.0,0.0,9.94,4.97,0.0
20081121:0310,0.0,0.0,0.0,0.0,9.69,5.03,0.0
20081121:0410,0.0,0.0,0.0,0.0,9.73,5.24,0.0
20081121:0510,0.0,0.0,0.0,0.0,9.92,5.45,0.0
20081121:0610,0.0,0.0,0.0,0.0,10.24,5.66,0.0
20081121:0710,0.0,0.0,0.0,0.0,10.44,6.28,0.0
20081121:0810,0.0,17.0,0.0,7.52,10.9,6.34,0.0
20081121:0910,0.0,50.0,0.0,14.11,11.22,6.48,0.0
20081121:1010,0.0,57.0,0.0,18.83,10.96,6.41,0.0
20081121:1110,0.0,99.0,0.0,21.24,10.28,6.21,0.0
20081121:1210,0.0,67.0,0.0,21.08,9.97,6.14,0.0
20081121:1310,70.0,142.0,0.0,18.37,10.0,6.55,0.0
20081121:1410,28.0,101.0,0.0,13.41,9.61,6.55,0.0
20081121:1510,9.0,43.0,0.0,6.62,9.07,6.14,0.0
20081121:1610,0.0,0.0,0.0,0.0,8.38,6.0,0.0
20081121:1710,0.0,0.0,0.0,0.0,7.69,5.66,0.0
20081121:1810,0.0,0.0,0.0,0.0,7.06,5.31,0.0
20081121:1910,0.0,0.0,0.0,0.0,7.22,5.17,0.0
20081121:2010,0.0,0.0,0.0,0.0,6.78,4.55,0.0
20081121:2110,0.0,0.0,0.0,0.0,6.19,4.48,0.0
20081121:2210,0.0,0.0,0.0,0.0,5.89,5.38,0.0
20081121:2310,0.0,0.0,0.0,0.0,5.42,6.14,0.0
20081122:0010,0.0,0.0,0.0,0.0,4.76,5.93,0.0
20081122:0110,0.0,0.0,0.0,0.0,3.82,4.97,0.0
20081122:0210,0.0,0.0,0.0,0.0,3.47,4.34,0.0
20081122:0310,0.0,0.0,0.0,0.0,3.19,4.07,0.0
20081122:0410,0.0,0.0,0.0,0.0,3.06,4.0,0.0
20081122:0510,0.0,0.0,0.0,0.0,2.88,3.93,0.0
20081122:0610,0.0,0.0,0.0,0.0,2.7,3.86,0.0
20081122:0710,0.0,0.0,0.0,0.0,2.97,3.72,0.0
20081122:0810,9.0,49.0,0.0,7.3,3.6,3.66,0.0
20081122:0910,0.0,55.0,0.0,13.89,4.33,3.52,0.0
20081122:1010,1.0,102.0,0.0,18.6,4.87,4.14,0.0
20081122:1110,94.0,165.0,0.0,21.01,5.31,5.52,0.0
20081122:1210,69.0,170.0,0.0,20.87,5.73,5.52,0.0
20081122:1310,136.01,119.0,0.0,18.18,5.85,5.1,0.0
20081122:1410,62.0,97.0,0.0,13.24,5.69,4.83,0.0
20081122:1510,38.0,37.0,0.0,6.47,5.17,4.34,0.0
20081122:1610,0.0,0.0,0.0,0.0,4.46,3.79,0.0
20081122:1710,0.0,0.0,0.0,0.0,3.75,3.52,0.0
20081122:1810,0.0,0.0,0.0,0.0,3.09,3.31,0.0
20081122:1910,0.0,0.0,0.0,0.0,2.73,3.38,0.0
20081122:2010,0.0,0.0,0.0,0.0,2.12,3.1,0.0
20081122:2110,0.0,0.0,0.0,0.0,1.56,2.83,0.0
20081122:2210,0.0,0.0,0.0,0.0,1.12,2.62,0.0
20081122:2310,0.0,0.0,0.0,0.0,0.5,2.48,0.0
20081123:0010,0.0,0.0,0.0,0.0,0.08,2.55,0.0
20081123:0110,0.0,0.0,0.0,0.0,-0.27,2.48,0.0
20081123:0210,0.0,0.0,0.0,0.0,-0.72,2.41,0.0
20081123:0310,0.0,0.0,0.0,0.0,-1.14,2.28,0.0
20081123:0410,0.0,0.0,0.0,0.0,-1.61,2.14,0.0
20081123:0510,0.0,0.0,0.0,0.0,-2.12,2.14,0.0
20081123:0610,0.0,0.0,0.0,0.0,-2.47,2.21,0.0
20081123:0710,0.0,0.0,0.0,0.0,-2.54,2.21,0.0
20081123:0810,12.0,47.0,0.0,7.09,-2.03,2.41,0.0
20081123:0910,0.0,42.0,0.0,13.66,0.25,2.9,0.0
20081123:1010,76.0,143.0,0.0,18.38,1.89,4.0,0.0
20081123:1110,0.0,67.0,0.0,20.8,2.41,4.76,0.0
20081123:1210,26.0,163.0,0.0,20.66,2.21,5.03,0.0
20081123:1310,0.0,58.0,0.0,17.99,2.17,5.59,0.0
20081123:1410,10.0,92.0,0.0,13.07,1.76,5.72,0.0
20081123:1510,6.0,41.0,0.0,6.33,3.22,7.1,0.0
20081123:1610,0.0,0.0,0.0,0.0,5.15,6.41,0.0
20081123:1710,0.0,0.0,0.0,0.0,6.47,6.34,0.0
20081123:1810,0.0,0.0,0.0,0.0,5.85,6.07,0.0
20081123:1910,0.0,0.0,0.0,0.0,5.44,4.76,0.0
20081123:2010,0.0,0.0,0.0,0.0,4.96,4.48,0.0
20081123:2110,0.0,0.0,0.0,0.0,4.59,4.69,0.0
20081123:2210,0.0,0.0,0.0,0.0,4.55,4.62,0.0
20081123:2310,0.0,0.0,0.0,0.0,4.62,4.76,0.0
20081124:0010,0.0,0.0,0.0,0.0,4.26,4.62,0.0
20081124:0110,0.0,0.0,0.0,0.0,3.9,4.41,0.0
20081124:0210,0.0,0.0,0.0,0.0,3.59,4.14,0.0
20081124:0310,0.0,0.0,0.0,0.0,3.13,3.66,0.0
20081124:0410,0.0,0.0,0.0,0.0,2.72,3.17,0.0
20081124:0510,0.0,0.0,0.0,0.0,2.44,2.76,0.0
20081124:0610,0.0,0.0,0.0,0.0,2.16,2.55,0.0
20081124:0710,0.0,0.0,0.0,0.0,3.0,2.41,0.0
20081124:0810,24.0,46.0,0.0,6.87,3.32,2.21,0.0
20081124:0910,55.0,100.0,0.0,13.45,3.85,2.83,0.0
20081124:1010,16.0,137.0,0.0,18.16,4.19,2.76,0.0
20081124:1110,13.0,152.0,0.0,20.58,4.78,2.41,0.0
20081124:1210,40.0,166.0,0.0,20.47,5.47,2.21,0.0
20081124:1310,97.0,132.0,0.0,17.81,5.83,2.0,0.0
20081124:1410,35.0,99.0,0.0,12.91,6.17,1.72,0.0
20081124:1510,13.0,42.0,0.0,6.19,6.05,1.24,0.0
20081124:1610,0.0,0.0,0.0,0.0,5.74,1.24,0.0
20081124:1710,0.0,0.0,0.0,0.0,4.99,1.72,0.0
20081124:1810,0.0,0.0,0.0,0.0,4.47,2.62,0.0
20081124:1910,0.0,0.0,0.0,0.0,3.42,4.48,0.0
20081124:2010,0.0,0.0,0.0,0.0,2.53,5.24,0.0
20081124:2110,0.0,0.0,0.0,0.0,1.59,5.1,0.0
20081124:2210,0.0,0.0,0.0,0.0,0.95,5.03,0.0
20081124:2310,0.0,0.0,0.0,0.0,0.2,4.48,0.0
20081125:0010,0.0,0.0,0.0,0.0,-0.41,4.0,0.0
20081125:0110,0.0,0.0,0.0,0.0,-0.93,3.45,0.0
20081125:0210,0.0,0.0,0.0,0.0,-1.42,2.9,0.0
20081125:0310,0.0,0.0,0.0,0.0,-1.72,2.48,0.0
20081125:0410,0.0,0.0,0.0,0.0,-1.78,2.41,0.0
20081125:0510,0.0,0.0,0.0,0.0,-1.32,2.34,0.0
20081125:0610,0.0,0.0,0.0,0.0,-0.83,2.48,0.0
20081125:0710,0.0,0.0,0.0,0.0,-0.77,2.55,0.0
20081125:0810,22.0,45.0,0.0,6.66,-0.22,2.62,0.0
20081125:0910,141.01,60.0,0.0,13.23,1.58,2.69,0.0
20081125:1010,228.01,67.0,0.0,17.95,3.55,4.9,0.0
20081125:1110,237.01,91.0,0.0,20.38,4.77,4.97,0.0
20081125:1210,59.0,166.0,0.0,20.27,5.51,4.9,0.0
20081125:1310,56.0,141.0,0.0,17.64,5.89,4.28,0.0
20081125:1410,130.01,61.0,0.0,12.76,6.05,3.79,0.0
20081125:1510,6.0,39.0,0.0,6.06,5.64,3.79,0.0
20081125:1610,0.0,0.0,0.0,0.0,4.76,3.86,0.0
20081125:1710,0.0,0.0,0.0,0.0,4.16,3.86,0.0
20081125:1810,0.0,0.0,0.0,0.0,3.78,3.86,0.0
20081125:1910,0.0,0.0,0.0,0.0,3.54,3.86,0.0
20081125:2010,0.0,0.0,0.0,0.0,3.16,3.72,0.0
20081125:2110,0.0,0.0,0.0,0.0,2.69,3.31,0.0
20081125:2210,0.0,0.0,0.0,0.0,2.02,3.1,0.0
20081125:2310,0.0,0.0,0.0,0.0,1.61,3.17,0.0
20081126:0010,0.0,0.0,0.0,0.0,1.25,2.97,0.0
20081126:0110,0.0,0.0,0.0,0.0,0.94,2.69,0.0
20081126:0210,0.0,0.0,0.0,0.0,0.56,2.55,0.0
20081126:0310,0.0,0.0,0.0,0.0,0.33,2.55,0.0
20081126:0410,0.0,0.0,0.0,0.0,0.14,2.55,0.0
20081126:0510,0.0,0.0,0.0,0.0,0.38,2.48,0.0
20081126:0610,0.0,0.0,0.0,0.0,0.43,2.28,0.0
20081126:0710,0.0,0.0,0.0,0.0,0.97,2.07,0.0
20081126:0810,0.0,30.0,0.0,6.46,1.27,1.93,0.0
20081126:0910,0.0,65.0,0.0,13.03,3.05,2.55,0.0
20081126:1010,0.0,94.0,0.0,17.74,3.86,2.48,0.0
20081126:1110,9.0,141.0,0.0,20.18,4.5,2.0,0.0
20081126:1210,23.0,157.0,0.0,20.09,4.9,2.0,0.0
20081126:1310,50.0,139.0,0.0,17.48,5.32,2.0,0.0
20081126:1410,121.01,62.0,0.0,12.62,5.5,1.93,0.0
20081126:1510,28.0,36.0,0.0,5.93,5.45,1.52,0.0
20081126:1610,0.0,0.0,0.0,0.0,5.18,0.48,0.0
20081126:1710,0.0,0.0,0.0,0.0,4.39,1.03,0.0
20081126:1810,0.0,0.0,0.0,0.0,3.77,1.66,0.0
20081126:1910,0.0,0.0,0.0,0.0,3.38,1.86,0.0
20081126:2010,0.0,0.0,0.0,0.0,3.16,1.93,0.0
20081126:2110,0.0,0.0,0.0,0.0,3.44,1.93,0.0
20081126:2210,0.0,0.0,0.0,0.0,3.28,2.0,0.0
20081126:2310,0.0,0.0,0.0,0.0,3.28,2.07,0.0
20081127:0010,0.0,0.0,0.0,0.0,3.37,2.28,0.0
20081127:0110,0.0,0.0,0.0,0.0,3.19,2.41,0.0
20081127:0210,0.0,0.0,0.0,0.0,3.19,2.55,0.0
20081127:0310,0.0,0.0,0.0,0.0,3.15,2.62,0.0
20081127:0410,0.0,0.0,0.0,0.0,3.13,2.83,0.0
20081127:0510,0.0,0.0,0.0,0.0,3.03,2.97,0.0
20081127:0610,0.0,0.0,0.0,0.0,2.89,3.1,0.0
20081127:0710,0.0,0.0,0.0,0.0,1.71,2.9,0.0
20081127:0810,21.0,40.0,0.0,6.26,1.66,2.83,0.0
20081127:0910,68.0,88.0,0.0,12.82,2.23,3.59,0.0
20081127:1010,41.0,138.0,0.0,17.54,3.15,3.79,0.0
20081127:1110,39.0,160.0,0.0,19.99,3.85,3.86,0.0
20081127:1210,30.0,156.0,0.0,19.91,4.43,4.28,0.0
20081127:1310,102.01,122.0,0.0,17.32,4.64,4.0,0.0
20081127:1410,68.0,85.0,0.0,12.48,4.53,3.72,0.0
20081127:1510,11.0,37.0,0.0,5.82,4.25,3.24,0.0
20081127:1610,0.0,0.0,0.0,0.0,3.7,3.31,0.0
20081127:1710,0.0,0.0,0.0,0.0,3.26,3.52,0.0
20081127:1810,0.0,0.0,0.0,0.0,2.92,3.66,0.0
20081127:1910,0.0,0.0,0.0,0.0,2.59,3.93,0.0
20081127:2010,0.0,0.0,0.0,0.0,2.45,3.66,0.0
20081127:2110,0.0,0.0,0.0,0.0,2.39,3.66,0.0
20081127:2210,0.0,0.0,0.0,0.0,2.39,3.59,0.0
20081127:2310,0.0,0.0,0.0,0.0,2.41,3.52,0.0
20081128:0010,0.0,0.0,0.0,0.0,2.28,3.45,0.0
20081128:0110,0.0,0.0,0.0,0.0,2.11,3.38,0.0
20081128:0210,0.0,0.0,0.0,0.0,2.1,3.24,0.0
20081128:0310,0.0,0.0,0.0,0.0,2.03,3.1,0.0
20081128:0410,0.0,0.0,0.0,0.0,1.94,3.1,0.0
20081128:0510,0.0,0.0,0.0,0.0,1.79,3.03,0.0
20081128:0610,0.0,0.0,0.0,0.0,1.63,3.03,0.0
20081128:0710,0.0,0.0,0.0,0.0,0.89,2.62,0.0
20081128:0810,0.0,17.0,0.0,6.07,1.06,2.34,0.0
20081128:0910,0.0,56.0,0.0,12.63,1.29,3.24,0.0
20081128:1010,0.0,66.0,0.0,17.34,1.46,3.24,0.0
20081128:1110,0.0,68.0,0.0,19.8,2.04,3.03,0.0
20081128:1210,9.0,140.0,0.0,19.74,2.68,3.17,0.0
20081128:1310,31.0,135.0,0.0,17.16,2.92,3.1,0.0
20081128:1410,13.0,89.0,0.0,12.35,3.23,2.83,0.0
20081128:1510,39.0,20.9,0.0,5.71,3.13,2.34,0.0
20081128:1610,0.0,0.0,0.0,0.0,2.86,2.21,0.0
20081128:1710,0.0,0.0,0.0,0.0,2.62,2.34,0.0
20081128:1810,0.0,0.0,0.0,0.0,2.35,2.34,0.0
20081128:1910,0.0,0.0,0.0,0.0,1.76,2.34,0.0
20081128:2010,0.0,0.0,0.0,0.0,1.96,2.28,0.0
20081128:2110,0.0,0.0,0.0,0.0,1.94,2.28,0.0
20081128:2210,0.0,0.0,0.0,0.0,1.9,2.34,0.0
20081128:2310,0.0,0.0,0.0,0.0,1.91,2.41,0.0
20081129:0010,0.0,0.0,0.0,0.0,1.84,2.48,0.0
20081129:0110,0.0,0.0,0.0,0.0,1.92,2.48,0.0
20081129:0210,0.0,0.0,0.0,0.0,2.22,2.48,0.0
20081129:0310,0.0,0.0,0.0,0.0,2.45,2.48,0.0
20081129:0410,0.0,0.0,0.0,0.0,2.59,2.55,0.0
20081129:0510,0.0,0.0,0.0,0.0,2.64,2.76,0.0
20081129:0610,0.0,0.0,0.0,0.0,2.5,2.55,0.0
20081129:0710,0.0,0.0,0.0,0.0,2.56,2.48,0.0
20081129:0810,0.0,24.0,0.0,5.87,2.52,2.34,0.0
20081129:0910,29.0,94.0,0.0,12.44,2.77,2.14,0.0
20081129:1010,11.0,124.0,0.0,17.15,3.26,2.48,0.0
20081129:1110,26.0,154.0,0.0,19.62,3.87,2.83,0.0
20081129:1210,50.0,158.0,0.0,19.57,4.21,2.76,0.0
20081129:1310,210.01,65.0,0.0,17.02,4.46,2.9,0.0
20081129:1410,129.01,55.0,0.0,12.22,4.74,3.24,0.0
20081129:1510,38.0,20.96,0.0,5.6,4.36,3.03,0.0
20081129:1610,0.0,0.0,0.0,0.0,3.16,3.03,0.0
20081129:1710,0.0,0.0,0.0,0.0,2.22,2.97,0.0
20081129:1810,0.0,0.0,0.0,0.0,1.58,3.1,0.0
20081129:1910,0.0,0.0,0.0,0.0,0.87,3.03,0.0
20081129:2010,0.0,0.0,0.0,0.0,0.54,3.24,0.0
20081129:2110,0.0,0.0,0.0,0.0,0.33,3.1,0.0
20081129:2210,0.0,0.0,0.0,0.0,0.32,2.9,0.0
20081129:2310,0.0,0.0,0.0,0.0,0.44,2.83,0.0
20081130:0010,0.0,0.0,0.0,0.0,0.52,2.9,0.0
20081130:0110,0.0,0.0,0.0,0.0,0.79,2.55,0.0
20081130:0210,0.0,0.0,0.0,0.0,0.88,2.41,0.0
20081130:0310,0.0,0.0,0.0,0.0,0.92,2.21,0.0
20081130:0410,0.0,0.0,0.0,0.0,0.99,2.21,0.0
20081130:0510,0.0,0.0,0.0,0.0,1.2,2.48,0.0
20081130:0610,0.0,0.0,0.0,0.0,1.37,2.9,0.0
20081130:0710,0.0,0.0,0.0,0.0,1.58,3.17,0.0
20081130:0810,0.0,7.0,0.0,5.69,2.21,2.83,0.0
20081130:0910,3.0,75.0,0.0,12.25,3.07,2.9,0.0
20081130:1010,15.0,125.0,0.0,16.97,3.95,3.93,0.0
20081130:1110,4.0,125.0,0.0,19.45,4.25,4.21,0.0
20081130:1210,3.0,119.0,0.0,19.41,4.38,4.34,0.0
20081130:1310,0.0,42.0,0.0,16.88,4.45,3.79,0.0
20081130:1410,9.0,84.0,0.0,12.1,4.8,3.45,0.0
20081130:1510,0.0,6.0,0.0,5.5,4.82,3.1,0.0
20081130:1610,0.0,0.0,0.0,0.0,4.56,2.97,0.0
20081130:1710,0.0,0.0,0.0,0.0,4.53,3.03,0.0
20081130:1810,0.0,0.0,0.0,0.0,4.65,3.31,0.0
20081130:1910,0.0,0.0,0.0,0.0,4.34,2.55,0.0
20081130:2010,0.0,0.0,0.0,0.0,4.19,2.55,0.0
20081130:2110,0.0,0.0,0.0,0.0,4.09,2.62,0.0
20081130:2210,0.0,0.0,0.0,0.0,3.85,2.55,0.0
20081130:2310,0.0,0.0,0.0,0.0,3.68,2.34,0.0
20081201:0010,0.0,0.0,0.0,0.0,3.43,1.93,0.0
20081201:0110,0.0,0.0,0.0,0.0,3.3,1.45,0.0
20081201:0210,0.0,0.0,0.0,0.0,3.18,1.1,0.0
20081201:0310,0.0,0.0,0.0,0.0,3.06,1.1,0.0
20081201:0410,0.0,0.0,0.0,0.0,2.95,1.45,0.0
20081201:0510,0.0,0.0,0.0,0.0,2.92,1.79,0.0
20081201:0610,0.0,0.0,0.0,0.0,2.91,2.14,0.0
20081201:0710,0.0,0.0,0.0,0.0,3.17,2.14,0.0
20081201:0810,0.0,6.0,0.0,5.51,3.29,2.34,0.0
20081201:0910,11.0,86.0,0.0,12.07,3.67,2.97,0.0
20081201:1010,0.0,45.0,0.0,16.79,4.26,2.9,0.0
20081201:1110,0.0,38.0,0.0,19.28,4.85,3.17,0.0
20081201:1210,0.0,39.0,0.0,19.26,5.27,2.9,0.0
20081201:1310,7.0,116.0,0.0,16.75,5.54,3.45,0.0
20081201:1410,109.01,62.0,0.0,11.99,5.74,3.24,0.0
20081201:1510,2.0,30.53,0.0,5.41,5.47,2.83,0.0
20081201:1610,0.0,0.0,0.0,0.0,5.04,2.97,0.0
20081201:1710,0.0,0.0,0.0,0.0,4.89,3.31,0.0
20081201:1810,0.0,0.0,0.0,0.0,4.73,3.79,0.0
20081201:1910,0.0,0.0,0.0,0.0,4.59,3.72,0.0
20081201:2010,0.0,0.0,0.0,0.0,4.55,3.72,0.0
20081201:2110,0.0,0.0,0.0,0.0,4.35,3.72,0.0
20081201:2210,0.0,0.0,0.0,0.0,4.1,3.72,0.0
20081201:2310,0.0,0.0,0.0,0.0,3.65,3.52,0.0
20081202:0010,0.0,0.0,0.0,0.0,2.77,3.17,0.0
20081202:0110,0.0,0.0,0.0,0.0,1.68,2.76,0.0
20081202:0210,0.0,0.0,0.0,0.0,0.92,2.76,0.0
20081202:0310,0.0,0.0,0.0,0.0,0.42,2.97,0.0
20081202:0410,0.0,0.0,0.0,0.0,0.24,3.03,0.0
20081202:0510,0.0,0.0,0.0,0.0,0.58,3.03,0.0
20081202:0610,0.0,0.0,0.0,0.0,1.21,3.1,0.0
20081202:0710,0.0,0.0,0.0,0.0,0.97,3.24,0.0
20081202:0810,30.0,23.11,0.0,5.33,0.85,3.24,0.0
20081202:0910,92.01,71.0,0.0,11.89,1.66,2.97,0.0
20081202:1010,219.01,58.0,0.0,16.62,3.24,4.76,0.0
20081202:1110,254.01,67.0,0.0,19.12,4.32,4.55,0.0
20081202:1210,270.01,59.0,0.0,19.12,5.1,4.48,0.0
20081202:1310,224.01,55.0,0.0,16.62,5.57,4.48,0.0
20081202:1410,33.0,91.0,0.0,11.89,5.71,4.41,0.0
20081202:1510,18.0,29.31,0.0,5.33,5.2,4.14,0.0
20081202:1610,0.0,0.0,0.0,0.0,4.37,4.55,0.0
20081202:1710,0.0,0.0,0.0,0.0,3.86,5.03,0.0
20081202:1810,0.0,0.0,0.0,0.0,3.83,5.66,0.0
20081202:1910,0.0,0.0,0.0,0.0,4.49,6.21,0.0
20081202:2010,0.0,0.0,0.0,0.0,4.62,6.41,0.0
20081202:2110,0.0,0.0,0.0,0.0,4.54,6.48,0.0
20081202:2210,0.0,0.0,0.0,0.0,4.61,6.55,0.0
20081202:2310,0.0,0.0,0.0,0.0,4.8,6.69,0.0
20081203:0010,0.0,0.0,0.0,0.0,4.91,6.69,0.0
20081203:0110,0.0,0.0,0.0,0.0,5.06,6.48,0.0
20081203:0210,0.0,0.0,0.0,0.0,5.28,6.21,0.0
20081203:0310,0.0,0.0,0.0,0.0,5.42,6.07,0.0
20081203:0410,0.0,0.0,0.0,0.0,5.4,5.79,0.0
20081203:0510,0.0,0.0,0.0,0.0,5.45,5.17,0.0
20081203:0610,0.0,0.0,0.0,0.0,5.55,4.55,0.0
20081203:0710,0.0,0.0,0.0,0.0,5.63,4.48,0.0
20081203:0810,1.0,23.81,0.0,5.16,5.91,3.93,0.0
20081203:0910,0.0,23.0,0.0,11.72,6.48,3.59,0.0
20081203:1010,19.0,125.0,0.0,16.46,7.1,3.59,0.0
20081203:1110,0.0,78.0,0.0,18.96,7.51,3.72,0.0
20081203:1210,0.0,59.0,0.0,18.98,7.56,3.45,0.0
20081203:1310,0.0,76.0,0.0,16.51,6.83,2.9,0.0
20081203:1410,0.0,55.0,0.0,11.79,5.42,3.1,0.0
20081203:1510,2.0,27.56,0.0,5.25,4.21,3.17,0.0
20081203:1610,0.0,0.0,0.0,0.0,3.55,3.31,0.0
20081203:1710,0.0,0.0,0.0,0.0,3.31,3.03,0.0
20081203:1810,0.0,0.0,0.0,0.0,3.04,2.55,0.0
20081203:1910,0.0,0.0,0.0,0.0,2.58,1.93,0.0
20081203:2010,0.0,0.0,0.0,0.0,1.87,1.72,0.0
20081203:2110,0.0,0.0,0.0,0.0,1.16,1.66,0.0
20081203:2210,0.0,0.0,0.0,0.0,0.4,1.03,0.0
20081203:2310,0.0,0.0,0.0,0.0,-0.4,1.17,0.0
20081204:0010,0.0,0.0,0.0,0.0,-1.06,1.66,0.0
20081204:0110,0.0,0.0,0.0,0.0,-1.14,1.45,0.0
20081204:0210,0.0,0.0,0.0,0.0,-0.58,1.66,0.0
20081204:0310,0.0,0.0,0.0,0.0,0.13,2.0,0.0
20081204:0410,0.0,0.0,0.0,0.0,0.56,2.28,0.0
20081204:0510,0.0,0.0,0.0,0.0,1.05,3.1,0.0
20081204:0610,0.0,0.0,0.0,0.0,1.55,3.86,0.0
20081204:0710,0.0,0.0,0.0,0.0,2.27,4.55,0.0
20081204:0810,0.0,10.0,0.0,4.99,2.63,5.79,0.0
20081204:0910,0.0,15.0,0.0,11.56,3.44,6.97,0.0
20081204:1010,0.0,46.0,0.0,16.3,4.49,8.0,0.0
20081204:1110,0.0,82.0,0.0,18.82,5.62,8.14,0.0
20081204:1210,6.0,129.0,0.0,18.85,6.76,7.59,0.0
20081204:1310,0.0,64.0,0.0,16.39,7.92,6.28,0.0
20081204:1410,13.0,84.0,0.0,11.7,8.81,5.45,0.0
20081204:1510,37.0,17.72,0.0,5.18,9.04,4.76,0.0
20081204:1610,0.0,0.0,0.0,0.0,8.22,3.86,0.0
20081204:1710,0.0,0.0,0.0,0.0,7.05,3.52,0.0
20081204:1810,0.0,0.0,0.0,0.0,6.5,3.79,0.0
20081204:1910,0.0,0.0,0.0,0.0,6.55,3.86,0.0
20081204:2010,0.0,0.0,0.0,0.0,6.22,4.34,0.0
20081204:2110,0.0,0.0,0.0,0.0,6.17,4.9,0.0
20081204:2210,0.0,0.0,0.0,0.0,6.07,5.03,0.0
20081204:2310,0.0,0.0,0.0,0.0,6.14,5.1,0.0
20081205:0010,0.0,0.0,0.0,0.0,6.25,5.17,0.0
20081205:0110,0.0,0.0,0.0,0.0,6.18,5.1,0.0
20081205:0210,0.0,0.0,0.0,0.0,6.13,5.52,0.0
20081205:0310,0.0,0.0,0.0,0.0,6.13,5.66,0.0
20081205:0410,0.0,0.0,0.0,0.0,5.64,5.38,0.0
20081205:0510,0.0,0.0,0.0,0.0,5.5,5.45,0.0
20081205:0610,0.0,0.0,0.0,0.0,5.36,5.24,0.0
20081205:0710,0.0,0.0,0.0,0.0,5.29,5.24,0.0
20081205:0810,11.0,27.22,0.0,4.83,5.43,5.59,0.0
20081205:0910,4.0,72.0,0.0,11.4,6.05,6.14,0.0
20081205:1010,18.0,122.0,0.0,16.15,6.9,5.52,0.0
20081205:1110,6.0,126.0,0.0,18.68,7.67,6.21,0.0
20081205:1210,0.0,91.0,0.0,18.73,8.16,6.69,0.0
20081205:1310,5.0,107.0,0.0,16.29,8.28,7.86,0.0
20081205:1410,0.0,33.0,0.0,11.62,7.86,7.86,0.0
20081205:1510,5.0,30.73,0.0,5.12,7.63,7.31,0.0
20081205:1610,0.0,0.0,0.0,0.0,6.84,6.69,0.0
20081205:1710,0.0,0.0,0.0,0.0,6.42,6.0,0.0
20081205:1810,0.0,0.0,0.0,0.0,5.9,5.45,0.0
20081205:1910,0.0,0.0,0.0,0.0,5.68,4.62,0.0
20081205:2010,0.0,0.0,0.0,0.0,5.43,4.34,0.0
20081205:2110,0.0,0.0,0.0,0.0,5.21,4.28,0.0
20081205:2210,0.0,0.0,0.0,0.0,5.32,4.55,0.0
20081205:2310,0.0,0.0,0.0,0.0,5.32,4.9,0.0
20081206:0010,0.0,0.0,0.0,0.0,5.32,5.24,0.0
20081206:0110,0.0,0.0,0.0,0.0,5.62,5.45,0.0
20081206:0210,0.0,0.0,0.0,0.0,5.68,5.45,0.0
20081206:0310,0.0,0.0,0.0,0.0,5.94,5.31,0.0
20081206:0410,0.0,0.0,0.0,0.0,5.85,4.83,0.0
20081206:0510,0.0,0.0,0.0,0.0,5.54,4.62,0.0
20081206:0610,0.0,0.0,0.0,0.0,5.07,4.62,0.0
20081206:0710,0.0,0.0,0.0,0.0,5.14,4.55,0.0
20081206:0810,3.0,25.32,0.0,4.68,5.24,4.41,0.0
20081206:0910,0.0,50.0,0.0,11.25,5.48,4.21,0.0
20081206:1010,140.01,92.0,0.0,16.0,5.95,4.62,0.0
20081206:1110,118.01,131.0,0.0,18.54,6.74,5.31,0.0
20081206:1210,110.01,135.0,0.0,18.61,7.24,4.41,0.0
20081206:1310,194.01,65.0,0.0,16.2,7.82,3.93,0.0
20081206:1410,0.0,57.0,0.0,11.55,7.79,3.24,0.0
20081206:1510,4.0,29.03,0.0,5.06,7.43,2.55,0.0
20081206:1610,0.0,0.0,0.0,0.0,6.73,2.28,0.0
20081206:1710,0.0,0.0,0.0,0.0,5.96,2.07,0.0
20081206:1810,0.0,0.0,0.0,0.0,5.53,2.0,0.0
20081206:1910,0.0,0.0,0.0,0.0,4.8,1.93,0.0
20081206:2010,0.0,0.0,0.0,0.0,4.03,2.0,0.0
20081206:2110,0.0,0.0,0.0,0.0,3.38,2.0,0.0
20081206:2210,0.0,0.0,0.0,0.0,2.6,2.0,0.0
20081206:2310,0.0,0.0,0.0,0.0,1.88,2.07,0.0
20081207:0010,0.0,0.0,0.0,0.0,1.41,2.0,0.0
20081207:0110,0.0,0.0,0.0,0.0,1.02,2.0,0.0
20081207:0210,0.0,0.0,0.0,0.0,0.54,2.07,0.0
20081207:0310,0.0,0.0,0.0,0.0,0.13,2.14,0.0
20081207:0410,0.0,0.0,0.0,0.0,-0.08,2.14,0.0
20081207:0510,0.0,0.0,0.0,0.0,-0.38,2.14,0.0
20081207:0610,0.0,0.0,0.0,0.0,-0.45,2.07,0.0
20081207:0710,0.0,0.0,0.0,0.0,0.0,1.93,0.0
20081207:0810,18.0,22.63,0.0,4.53,-0.18,1.86,0.0
20081207:0910,9.0,78.0,0.0,11.1,1.23,1.38,0.0
20081207:1010,2.0,98.0,0.0,15.87,3.77,1.45,0.0
20081207:1110,0.0,95.0,0.0,18.42,5.02,1.66,0.0
20081207:1210,0.0,93.0,0.0,18.5,5.85,1.86,0.0
20081207:1310,0.0,79.0,0.0,16.11,6.24,2.34,0.0
20081207:1410,4.0,74.0,0.0,11.48,6.17,2.62,0.0
20081207:1510,4.0,28.06,0.0,5.01,5.73,2.28,0.0
20081207:1610,0.0,0.0,0.0,0.0,5.05,2.28,0.0
20081207:1710,0.0,0.0,0.0,0.0,4.54,2.34,0.0
20081207:1810,0.0,0.0,0.0,0.0,4.2,2.34,0.0
20081207:1910,0.0,0.0,0.0,0.0,3.29,2.48,0.0
20081207:2010,0.0,0.0,0.0,0.0,3.15,2.28,0.0
20081207:2110,0.0,0.0,0.0,0.0,3.03,2.14,0.0
20081207:2210,0.0,0.0,0.0,0.0,2.93,2.21,0.0
20081207:2310,0.0,0.0,0.0,0.0,2.99,2.21,0.0
20081208:0010,0.0,0.0,0.0,0.0,2.92,2.07,0.0
20081208:0110,0.0,0.0,0.0,0.0,2.85,1.79,0.0
20081208:0210,0.0,0.0,0.0,0.0,2.57,1.31,0.0
20081208:0310,0.0,0.0,0.0,0.0,2.16,1.31,0.0
20081208:0410,0.0,0.0,0.0,0.0,1.19,1.72,0.0
20081208:0510,0.0,0.0,0.0,0.0,0.48,1.72,0.0
20081208:0610,0.0,0.0,0.0,0.0,-0.28,1.86,0.0
20081208:0710,0.0,0.0,0.0,0.0,-0.95,2.07,0.0
20081208:0810,0.0,16.0,0.0,4.38,-1.3,2.0,0.0
20081208:0910,22.0,84.0,0.0,10.96,0.07,2.07,0.0
20081208:1010,1.0,93.0,0.0,15.73,1.53,2.48,0.0
20081208:1110,0.0,92.0,0.0,18.3,2.92,2.34,0.0
20081208:1210,0.0,70.0,0.0,18.4,3.86,2.0,0.0
20081208:1310,0.0,70.0,0.0,16.03,4.45,2.07,0.0
20081208:1410,6.0,77.0,0.0,11.42,4.53,2.14,0.0
20081208:1510,2.0,27.54,0.0,4.97,4.03,1.79,0.0
20081208:1610,0.0,0.0,0.0,0.0,2.69,2.41,0.0
20081208:1710,0.0,0.0,0.0,0.0,1.7,2.48,0.0
20081208:1810,0.0,0.0,0.0,0.0,1.07,2.21,0.0
20081208:1910,0.0,0.0,0.0,0.0,0.36,1.72,0.0
20081208:2010,0.0,0.0,0.0,0.0,-0.09,1.59,0.0
20081208:2110,0.0,0.0,0.0,0.0,-0.8,1.59,0.0
20081208:2210,0.0,0.0,0.0,0.0,-1.27,1.59,0.0
20081208:2310,0.0,0.0,0.0,0.0,-1.95,1.59,0.0
20081209:0010,0.0,0.0,0.0,0.0,-2.5,1.45,0.0
20081209:0110,0.0,0.0,0.0,0.0,-2.23,1.24,0.0
20081209:0210,0.0,0.0,0.0,0.0,-1.94,1.03,0.0
20081209:0310,0.0,0.0,0.0,0.0,-1.74,0.83,0.0
20081209:0410,0.0,0.0,0.0,0.0,-1.63,0.83,0.0
20081209:0510,0.0,0.0,0.0,0.0,-1.46,1.17,0.0
20081209:0610,0.0,0.0,0.0,0.0,-0.81,1.45,0.0
20081209:0710,0.0,0.0,0.0,0.0,-0.54,1.17,0.0
20081209:0810,2.0,22.56,0.0,4.24,-0.52,1.45,0.0
20081209:0910,1.0,59.0,0.0,10.83,0.09,1.72,0.0
20081209:1010,1.0,84.0,0.0,15.61,1.01,2.07,0.0
20081209:1110,0.0,53.0,0.0,18.19,1.86,2.55,0.0
20081209:1210,0.0,88.0,0.0,18.31,2.1,3.31,0.0
20081209:1310,0.0,50.0,0.0,15.95,1.77,3.17,0.0
20081209:1410,0.0,31.0,0.0,11.36,1.73,2.9,0.0
20081209:1510,2.0,26.55,0.0,4.93,2.53,3.31,0.0
20081209:1610,0.0,0.0,0.0,0.0,2.87,3.17,0.0
20081209:1710,0.0,0.0,0.0,0.0,2.59,3.17,0.0
20081209:1810,0.0,0.0,0.0,0.0,2.12,3.1,0.0
20081209:1910,0.0,0.0,0.0,0.0,1.17,2.83,0.0
20081209:2010,0.0,0.0,0.0,0.0,0.47,2.83,0.0
20081209:2110,0.0,0.0,0.0,0.0,0.11,2.83,0.0
20081209:2210,0.0,0.0,0.0,0.0,-0.35,2.76,0.0
20081209:2310,0.0,0.0,0.0,0.0,-0.67,2.76,0.0
20081210:0010,0.0,0.0,0.0,0.0,-0.57,2.76,0.0
20081210:0110,0.0,0.0,0.0,0.0,-0.71,2.76,0.0
20081210:0210,0.0,0.0,0.0,0.0,-0.72,2.76,0.0
20081210:0310,0.0,0.0,0.0,0.0,-0.68,2.76,0.0
20081210:0410,0.0,0.0,0.0,0.0,-0.66,2.83,0.0
20081210:0510,0.0,0.0,0.0,0.0,-0.36,2.76,0.0
20081210:0610,0.0,0.0,0.0,0.0,-0.34,2.69,0.0
20081210:0710,0.0,0.0,0.0,0.0,0.54,2.55,0.0
20081210:0810,29.0,13.54,0.0,4.11,1.09,2.76,0.0
20081210:0910,14.0,79.0,0.0,10.7,1.57,3.86,0.0
20081210:1010,9.0,112.0,0.0,15.49,1.81,4.55,0.0
20081210:1110,61.0,146.0,0.0,18.08,2.15,4.28,0.0
20081210:1210,33.0,148.0,0.0,18.22,2.84,3.72,0.0
20081210:1310,145.01,91.0,0.0,15.89,3.07,2.69,0.0
20081210:1410,70.01,76.0,0.0,11.32,3.1,2.48,0.0
20081210:1510,9.0,29.61,0.0,4.9,2.98,2.0,0.0
20081210:1610,0.0,0.0,0.0,0.0,2.75,1.72,0.0
20081210:1710,0.0,0.0,0.0,0.0,2.66,1.45,0.0
20081210:1810,0.0,0.0,0.0,0.0,2.07,1.66,0.0
20081210:1910,0.0,0.0,0.0,0.0,0.87,2.21,0.0
20081210:2010,0.0,0.0,0.0,0.0,0.43,2.21,0.0
20081210:2110,0.0,0.0,0.0,0.0,-0.16,2.14,0.0
20081210:2210,0.0,0.0,0.0,0.0,-0.87,2.14,0.0
20081210:2310,0.0,0.0,0.0,0.0,-1.37,2.07,0.0
20081211:0010,0.0,0.0,0.0,0.0,-1.89,2.14,0.0
20081211:0110,0.0,0.0,0.0,0.0,-2.36,2.21,0.0
20081211:0210,0.0,0.0,0.0,0.0,-2.69,2.14,0.0
20081211:0310,0.0,0.0,0.0,0.0,-2.98,2.14,0.0
20081211:0410,0.0,0.0,0.0,0.0,-3.23,2.07,0.0
20081211:0510,0.0,0.0,0.0,0.0,-3.47,2.0,0.0
20081211:0610,0.0,0.0,0.0,0.0,-3.61,1.93,0.0
20081211:0710,0.0,0.0,0.0,0.0,-1.69,1.45,0.0
20081211:0810,20.0,16.71,0.0,3.98,-1.11,1.52,0.0
20081211:0910,45.0,77.0,0.0,10.58,-0.36,1.52,0.0
20081211:1010,61.0,120.0,0.0,15.38,0.84,1.52,0.0
20081211:1110,137.01,119.0,0.0,17.99,1.9,1.52,0.0
20081211:1210,148.01,116.0,0.0,18.14,2.84,1.66,0.0
20081211:1310,173.01,75.0,0.0,15.83,3.34,1.86,0.0
20081211:1410,130.01,46.0,0.0,11.28,3.49,2.07,0.0
20081211:1510,26.0,21.93,0.0,4.88,3.21,1.86,0.0
20081211:1610,0.0,0.0,0.0,0.0,2.15,2.0,0.0
20081211:1710,0.0,0.0,0.0,0.0,1.26,2.14,0.0
20081211:1810,0.0,0.0,0.0,0.0,0.56,2.21,0.0
20081211:1910,0.0,0.0,0.0,0.0,0.39,2.28,0.0
20081211:2010,0.0,0.0,0.0,0.0,0.24,2.28,0.0
20081211:2110,0.0,0.0,0.0,0.0,0.29,2.21,0.0
20081211:2210,0.0,0.0,0.0,0.0,0.39,2.14,0.0
20081211:2310,0.0,0.0,0.0,0.0,0.16,2.07,0.0
20081212:0010,0.0,0.0,0.0,0.0,0.11,1.79,0.0
20081212:0110,0.0,0.0,0.0,0.0,-0.15,1.59,0.0
20081212:0210,0.0,0.0,0.0,0.0,-0.36,1.38,0.0
20081212:0310,0.0,0.0,0.0,0.0,-0.42,1.17,0.0
20081212:0410,0.0,0.0,0.0,0.0,-0.67,1.03,0.0
20081212:0510,0.0,0.0,0.0,0.0,-0.56,0.97,0.0
20081212:0610,0.0,0.0,0.0,0.0,-0.73,1.03,0.0
20081212:0710,0.0,0.0,0.0,0.0,-1.56,1.52,0.0
20081212:0810,3.0,21.3,0.0,3.86,-1.81,1.52,0.0
20081212:0910,2.0,63.0,0.0,10.46,-0.98,1.1,0.0
20081212:1010,1.0,90.0,0.0,15.27,0.52,1.17,0.0
20081212:1110,1.0,100.0,0.0,17.9,1.52,2.21,0.0
20081212:1210,3.0,114.0,0.0,18.07,1.87,2.48,0.0
20081212:1310,7.0,110.0,0.0,15.78,2.14,2.83,0.0
20081212:1410,3.0,69.0,0.0,11.24,2.1,2.83,0.0
20081212:1510,4.0,28.03,0.0,4.87,1.85,2.48,0.0
20081212:1610,0.0,0.0,0.0,0.0,1.1,2.62,0.0
20081212:1710,0.0,0.0,0.0,0.0,0.33,2.76,0.0
20081212:1810,0.0,0.0,0.0,0.0,-0.38,2.9,0.0
20081212:1910,0.0,0.0,0.0,0.0,-0.57,3.1,0.0
20081212:2010,0.0,0.0,0.0,0.0,-0.59,3.52,0.0
20081212:2110,0.0,0.0,0.0,0.0,-0.98,3.79,0.0
20081212:2210,0.0,0.0,0.0,0.0,-0.85,4.0,0.0
20081212:2310,0.0,0.0,0.0,0.0,-1.29,4.07,0.0
20081213:0010,0.0,0.0,0.0,0.0,-1.46,4.07,0.0
20081213:0110,0.0,0.0,0.0,0.0,-1.6,4.07,0.0
20081213:0210,0.0,0.0,0.0,0.0,-1.81,4.14,0.0
20081213:0310,0.0,0.0,0.0,0.0,-1.87,4.28,0.0
20081213:0410,0.0,0.0,0.0,0.0,-1.75,4.34,0.0
20081213:0510,0.0,0.0,0.0,0.0,-1.63,4.48,0.0
20081213:0610,0.0,0.0,0.0,0.0,-1.57,4.62,0.0
20081213:0710,0.0,0.0,0.0,0.0,-1.57,5.1,0.0
20081213:0810,14.0,17.81,0.0,3.74,-1.12,5.38,0.0
20081213:0910,70.01,63.0,0.0,10.35,-0.24,5.59,0.0
20081213:1010,149.01,77.0,0.0,15.18,0.86,4.62,0.0
20081213:1110,40.0,143.0,0.0,17.81,1.86,4.9,0.0
20081213:1210,0.0,81.0,0.0,18.0,2.37,5.03,0.0
20081213:1310,0.0,53.0,0.0,15.73,2.82,5.79,0.0
20081213:1410,0.0,32.0,0.0,11.22,2.93,5.45,0.0
20081213:1510,0.0,22.0,0.0,4.86,2.74,5.31,0.0
20081213:1610,0.0,0.0,0.0,0.0,2.99,5.38,0.0
20081213:1710,0.0,0.0,0.0,0.0,3.19,5.38,0.0
20081213:1810,0.0,0.0,0.0,0.0,3.31,5.45,0.0
20081213:1910,0.0,0.0,0.0,0.0,3.23,5.79,0.0
20081213:2010,0.0,0.0,0.0,0.0,3.42,5.59,0.0
20081213:2110,0.0,0.0,0.0,0.0,3.54,5.17,0.0
20081213:2210,0.0,0.0,0.0,0.0,3.54,4.48,0.0
20081213:2310,0.0,0.0,0.0,0.0,3.44,3.72,0.0
20081214:0010,0.0,0.0,0.0,0.0,3.2,3.03,0.0
20081214:0110,0.0,0.0,0.0,0.0,2.95,2.48,0.0
20081214:0210,0.0,0.0,0.0,0.0,2.66,2.0,0.0
20081214:0310,0.0,0.0,0.0,0.0,2.37,1.79,0.0
20081214:0410,0.0,0.0,0.0,0.0,2.08,1.66,0.0
20081214:0510,0.0,0.0,0.0,0.0,1.87,1.59,0.0
20081214:0610,0.0,0.0,0.0,0.0,1.66,1.52,0.0
20081214:0710,0.0,0.0,0.0,0.0,1.89,1.17,0.0
20081214:0810,2.0,18.57,0.0,3.63,2.01,1.59,0.0
20081214:0910,5.0,66.0,0.0,10.25,2.38,2.07,0.0
20081214:1010,0.0,69.0,0.0,15.08,2.83,2.14,0.0
20081214:1110,7.0,122.0,0.0,17.74,3.0,1.72,0.0
20081214:1210,0.0,66.0,0.0,17.95,3.47,2.14,0.0
20081214:1310,3.0,99.0,0.0,15.69,3.71,2.76,0.0
20081214:1410,25.0,84.0,0.0,11.2,4.15,3.17,0.0
20081214:1510,0.0,19.0,0.0,4.86,4.15,3.1,0.0
20081214:1610,0.0,0.0,0.0,0.0,3.81,2.97,0.0
20081214:1710,0.0,0.0,0.0,0.0,3.52,2.97,0.0
20081214:1810,0.0,0.0,0.0,0.0,3.28,2.97,0.0
20081214:1910,0.0,0.0,0.0,0.0,2.65,2.48,0.0
20081214:2010,0.0,0.0,0.0,0.0,1.93,2.62,0.0
20081214:2110,0.0,0.0,0.0,0.0,1.54,2.69,0.0
20081214:2210,0.0,0.0,0.0,0.0,1.44,2.76,0.0
20081214:2310,0.0,0.0,0.0,0.0,1.35,2.76,0.0
20081215:0010,0.0,0.0,0.0,0.0,1.23,2.55,0.0
20081215:0110,0.0,0.0,0.0,0.0,0.96,2.41,0.0
20081215:0210,0.0,0.0,0.0,0.0,0.78,2.41,0.0
20081215:0310,0.0,0.0,0.0,0.0,0.71,2.28,0.0
20081215:0410,0.0,0.0,0.0,0.0,0.61,2.14,0.0
20081215:0510,0.0,0.0,0.0,0.0,0.49,2.21,0.0
20081215:0610,0.0,0.0,0.0,0.0,0.33,2.41,0.0
20081215:0710,0.0,0.0,0.0,0.0,-0.47,2.55,0.0
20081215:0810,17.0,15.28,0.0,3.53,-0.78,2.83,0.0
20081215:0910,73.01,61.0,0.0,10.15,-0.01,2.69,0.0
20081215:1010,107.01,99.0,0.0,15.0,1.53,3.86,0.0
20081215:1110,143.01,111.0,0.0,17.67,2.66,3.1,0.0
20081215:1210,204.01,81.0,0.0,17.9,3.43,3.31,0.0
20081215:1310,22.0,122.0,0.0,15.67,4.13,3.52,0.0
20081215:1410,20.0,85.0,0.0,11.19,4.49,3.72,0.0
20081215:1510,3.0,27.3,0.0,4.86,4.3,3.24,0.0
20081215:1610,0.0,0.0,0.0,0.0,3.38,3.17,0.0
20081215:1710,0.0,0.0,0.0,0.0,2.52,3.38,0.0
20081215:1810,0.0,0.0,0.0,0.0,1.88,3.38,0.0
20081215:1910,0.0,0.0,0.0,0.0,0.99,2.97,0.0
20081215:2010,0.0,0.0,0.0,0.0,0.79,2.9,0.0
20081215:2110,0.0,0.0,0.0,0.0,0.59,2.69,0.0
20081215:2210,0.0,0.0,0.0,0.0,0.39,2.69,0.0
20081215:2310,0.0,0.0,0.0,0.0,0.3,2.83,0.0
20081216:0010,0.0,0.0,0.0,0.0,0.26,3.1,0.0
20081216:0110,0.0,0.0,0.0,0.0,0.26,3.24,0.0
20081216:0210,0.0,0.0,0.0,0.0,0.06,3.1,0.0
20081216:0310,0.0,0.0,0.0,0.0,-0.08,3.31,0.0
20081216:0410,0.0,0.0,0.0,0.0,-0.32,2.9,0.0
20081216:0510,0.0,0.0,0.0,0.0,-0.61,2.69,0.0
20081216:0610,0.0,0.0,0.0,0.0,-0.77,2.48,0.0
20081216:0710,0.0,0.0,0.0,0.0,-0.46,2.41,0.0
20081216:0810,1.0,16.8,0.0,3.43,-0.49,2.34,0.0
20081216:0910,1.0,54.0,0.0,10.07,-0.35,2.34,0.0
20081216:1010,0.0,58.0,0.0,14.93,0.03,2.0,0.0
20081216:1110,0.0,63.0,0.0,17.61,0.43,1.86,0.0
20081216:1210,0.0,64.0,0.0,17.86,0.82,2.14,0.0
20081216:1310,0.0,62.0,0.0,15.64,1.05,2.48,0.0
20081216:1410,0.0,47.0,0.0,11.19,1.17,2.9,0.0
20081216:1510,1.0,25.78,0.0,4.87,0.96,3.1,0.0
20081216:1610,0.0,0.0,0.0,0.0,0.57,2.69,0.0
20081216:1710,0.0,0.0,0.0,0.0,0.3,2.28,0.0
20081216:1810,0.0,0.0,0.0,0.0,0.07,1.93,0.0
20081216:1910,0.0,0.0,0.0,0.0,-0.07,1.38,0.0
20081216:2010,0.0,0.0,0.0,0.0,-0.27,1.17,0.0
20081216:2110,0.0,0.0,0.0,0.0,-0.38,0.62,0.0
20081216:2210,0.0,0.0,0.0,0.0,-0.44,1.31,0.0
20081216:2310,0.0,0.0,0.0,0.0,-0.42,1.79,0.0
20081217:0010,0.0,0.0,0.0,0.0,-0.38,1.59,0.0
20081217:0110,0.0,0.0,0.0,0.0,-0.29,1.03,0.0
20081217:0210,0.0,0.0,0.0,0.0,-0.19,1.31,0.0
20081217:0310,0.0,0.0,0.0,0.0,-0.02,1.52,0.0
20081217:0410,0.0,0.0,0.0,0.0,0.15,1.52,0.0
20081217:0510,0.0,0.0,0.0,0.0,0.44,1.66,0.0
20081217:0610,0.0,0.0,0.0,0.0,0.63,1.72,0.0
20081217:0710,0.0,0.0,0.0,0.0,0.44,2.0,0.0
20081217:0810,18.0,12.5,0.0,3.34,0.87,2.14,0.0
20081217:0910,56.0,67.0,0.0,9.98,1.48,2.21,0.0
20081217:1010,5.0,99.0,0.0,14.86,2.08,2.34,0.0
20081217:1110,0.0,66.0,0.0,17.56,2.67,2.34,0.0
20081217:1210,0.0,85.0,0.0,17.83,3.39,2.14,0.0
20081217:1310,0.0,61.0,0.0,15.63,4.57,2.28,0.0
20081217:1410,0.0,40.0,0.0,11.19,5.73,3.31,0.0
20081217:1510,2.0,25.57,0.0,4.89,6.3,3.93,0.0
20081217:1610,0.0,0.0,0.0,0.0,6.0,3.79,0.0
20081217:1710,0.0,0.0,0.0,0.0,5.54,3.72,0.0
20081217:1810,0.0,0.0,0.0,0.0,5.18,3.66,0.0
20081217:1910,0.0,0.0,0.0,0.0,5.01,3.31,0.0
20081217:2010,0.0,0.0,0.0,0.0,4.15,2.83,0.0
20081217:2110,0.0,0.0,0.0,0.0,3.49,2.41,0.0
20081217:2210,0.0,0.0,0.0,0.0,2.43,2.28,0.0
20081217:2310,0.0,0.0,0.0,0.0,1.7,2.21,0.0
20081218:0010,0.0,0.0,0.0,0.0,1.17,2.14,0.0
20081218:0110,0.0,0.0,0.0,0.0,0.56,2.21,0.0
20081218:0210,0.0,0.0,0.0,0.0,0.19,2.21,0.0
20081218:0310,0.0,0.0,0.0,0.0,0.24,2.07,0.0
20081218:0410,0.0,0.0,0.0,0.0,0.19,2.0,0.0
20081218:0510,0.0,0.0,0.0,0.0,1.01,1.79,0.0
20081218:0610,0.0,0.0,0.0,0.0,1.79,1.79,0.0
20081218:0710,0.0,0.0,0.0,0.0,1.98,1.79,0.0
20081218:0810,4.0,16.15,0.0,3.25,2.63,1.86,0.0
20081218:0910,0.0,20.0,0.0,9.91,3.26,2.07,0.0
20081218:1010,0.0,61.0,0.0,14.79,3.91,2.28,0.0
20081218:1110,44.0,140.0,0.0,17.51,4.55,2.55,0.0
20081218:1210,0.0,73.0,0.0,17.8,5.18,2.76,0.0
20081218:1310,0.0,57.0,0.0,15.62,5.7,2.83,0.0
20081218:1410,0.0,43.0,0.0,11.2,6.27,2.83,0.0
20081218:1510,2.0,24.59,0.0,4.92,7.0,2.83,0.0
20081218:1610,0.0,0.0,0.0,0.0,6.98,2.76,0.0
20081218:1710,0.0,0.0,0.0,0.0,7.25,2.76,0.0
20081218:1810,0.0,0.0,0.0,0.0,7.46,2.9,0.0
20081218:1910,0.0,0.0,0.0,0.0,7.28,2.76,0.0
20081218:2010,0.0,0.0,0.0,0.0,7.42,3.03,0.0
20081218:2110,0.0,0.0,0.0,0.0,7.45,3.17,0.0
20081218:2210,0.0,0.0,0.0,0.0,7.41,3.38,0.0
20081218:2310,0.0,0.0,0.0,0.0,7.53,3.59,0.0
20081219:0010,0.0,0.0,0.0,0.0,7.52,3.72,0.0
20081219:0110,0.0,0.0,0.0,0.0,7.46,3.79,0.0
20081219:0210,0.0,0.0,0.0,0.0,7.46,3.59,0.0
20081219:0310,0.0,0.0,0.0,0.0,7.59,3.86,0.0
20081219:0410,0.0,0.0,0.0,0.0,7.62,3.93,0.0
20081219:0510,0.0,0.0,0.0,0.0,7.5,4.07,0.0
20081219:0610,0.0,0.0,0.0,0.0,7.86,4.0,0.0
20081219:0710,0.0,0.0,0.0,0.0,7.79,3.66,0.0
20081219:0810,15.0,12.93,0.0,3.18,7.46,3.52,0.0
20081219:0910,91.01,48.0,0.0,9.84,7.4,3.52,0.0
20081219:1010,169.01,62.0,0.0,14.74,7.94,2.97,0.0
20081219:1110,214.01,69.0,0.0,17.48,8.38,3.24,0.0
20081219:1210,141.01,112.0,0.0,17.78,8.58,3.17,0.0
20081219:1310,169.01,72.0,0.0,15.63,8.76,2.97,0.0
20081219:1410,98.01,60.0,0.0,11.22,8.68,2.48,0.0
20081219:1510,31.0,19.38,0.0,4.95,7.98,2.07,0.0
20081219:1610,0.0,0.0,0.0,0.0,6.52,2.41,0.0
20081219:1710,0.0,0.0,0.0,0.0,5.74,2.48,0.0
20081219:1810,0.0,0.0,0.0,0.0,5.53,2.48,0.0
20081219:1910,0.0,0.0,0.0,0.0,4.23,2.83,0.0
20081219:2010,0.0,0.0,0.0,0.0,4.29,3.03,0.0
20081219:2110,0.0,0.0,0.0,0.0,4.55,3.24,0.0
20081219:2210,0.0,0.0,0.0,0.0,4.7,3.45,0.0
20081219:2310,0.0,0.0,0.0,0.0,4.64,3.59,0.0
20081220:0010,0.0,0.0,0.0,0.0,4.64,3.93,0.0
20081220:0110,0.0,0.0,0.0,0.0,4.55,4.07,0.0
20081220:0210,0.0,0.0,0.0,0.0,4.4,4.07,0.0
20081220:0310,0.0,0.0,0.0,0.0,4.46,4.0,0.0
20081220:0410,0.0,0.0,0.0,0.0,4.89,4.0,0.0
20081220:0510,0.0,0.0,0.0,0.0,5.51,3.93,0.0
20081220:0610,0.0,0.0,0.0,0.0,6.16,3.93,0.0
20081220:0710,0.0,0.0,0.0,0.0,7.08,4.48,0.0
20081220:0810,3.0,15.37,0.0,3.1,7.53,4.55,0.0
20081220:0910,0.0,32.0,0.0,9.78,7.97,4.62,0.0
20081220:1010,0.0,24.0,0.0,14.69,8.52,4.69,0.0
20081220:1110,0.0,35.0,0.0,17.45,9.19,4.34,0.0
20081220:1210,0.0,55.0,0.0,17.77,9.43,4.69,0.0
20081220:1310,7.0,108.0,0.0,15.63,9.62,4.69,0.0
20081220:1410,0.0,23.0,0.0,11.25,9.82,4.69,0.0
20081220:1510,6.0,29.49,0.0,4.99,9.88,4.55,0.0
20081220:1610,0.0,0.0,0.0,0.0,9.76,4.28,0.0
20081220:1710,0.0,0.0,0.0,0.0,9.59,4.0,0.0
20081220:1810,0.0,0.0,0.0,0.0,9.34,3.79,0.0
20081220:1910,0.0,0.0,0.0,0.0,9.82,4.21,0.0
20081220:2010,0.0,0.0,0.0,0.0,9.79,4.14,0.0
20081220:2110,0.0,0.0,0.0,0.0,9.79,4.07,0.0
20081220:2210,0.0,0.0,0.0,0.0,9.7,4.0,0.0
20081220:2310,0.0,0.0,0.0,0.0,9.62,3.79,0.0
20081221:0010,0.0,0.0,0.0,0.0,9.56,3.59,0.0
20081221:0110,0.0,0.0,0.0,0.0,9.57,3.45,0.0
20081221:0210,0.0,0.0,0.0,0.0,9.53,3.45,0.0
20081221:0310,0.0,0.0,0.0,0.0,9.56,3.59,0.0
20081221:0410,0.0,0.0,0.0,0.0,9.43,3.72,0.0
20081221:0510,0.0,0.0,0.0,0.0,9.24,3.66,0.0
20081221:0610,0.0,0.0,0.0,0.0,9.01,3.45,0.0
20081221:0710,0.0,0.0,0.0,0.0,8.64,3.17,0.0
20081221:0810,1.0,12.83,0.0,3.04,8.55,2.97,0.0
20081221:0910,3.0,61.0,0.0,9.72,8.75,2.83,0.0
20081221:1010,0.0,74.0,0.0,14.65,9.29,2.62,0.0
20081221:1110,0.0,66.0,0.0,17.42,9.79,3.17,0.0
20081221:1210,0.0,77.0,0.0,17.77,10.32,3.52,0.0
20081221:1310,0.0,64.0,0.0,15.65,10.52,3.52,0.0
20081221:1410,0.0,39.0,0.0,11.28,10.51,3.45,0.0
20081221:1510,1.0,25.79,0.0,5.04,9.79,2.55,0.0
20081221:1610,0.0,0.0,0.0,0.0,8.77,2.28,0.0
20081221:1710,0.0,0.0,0.0,0.0,8.03,2.21,0.0
20081221:1810,0.0,0.0,0.0,0.0,7.57,2.28,0.0
20081221:1910,0.0,0.0,0.0,0.0,7.89,2.55,0.0
20081221:2010,0.0,0.0,0.0,0.0,7.69,2.48,0.0
20081221:2110,0.0,0.0,0.0,0.0,7.5,2.41,0.0
20081221:2210,0.0,0.0,0.0,0.0,7.08,2.41,0.0
20081221:2310,0.0,0.0,0.0,0.0,6.65,2.48,0.0
20081222:0010,0.0,0.0,0.0,0.0,6.29,2.41,0.0
20081222:0110,0.0,0.0,0.0,0.0,6.29,2.34,0.0
20081222:0210,0.0,0.0,0.0,0.0,6.39,2.28,0.0
20081222:0310,0.0,0.0,0.0,0.0,6.23,2.21,0.0
20081222:0410,0.0,0.0,0.0,0.0,6.35,2.0,0.0
20081222:0510,0.0,0.0,0.0,0.0,6.39,1.86,0.0
20081222:0610,0.0,0.0,0.0,0.0,6.43,1.72,0.0
20081222:0710,0.0,0.0,0.0,0.0,6.86,1.79,0.0
20081222:0810,1.0,13.81,0.0,2.98,6.95,1.86,0.0
20081222:0910,2.0,58.0,0.0,9.68,7.4,1.72,0.0
20081222:1010,2.0,88.0,0.0,14.62,8.08,1.72,0.0
20081222:1110,0.0,88.0,0.0,17.41,8.57,1.72,0.0
20081222:1210,3.0,110.0,0.0,17.77,8.81,1.79,0.0
20081222:1310,6.0,106.0,0.0,15.67,9.15,1.93,0.0
20081222:1410,10.0,80.0,0.0,11.32,9.28,1.79,0.0
20081222:1510,2.0,28.54,0.0,5.09,9.2,1.38,0.0
20081222:1610,0.0,0.0,0.0,0.0,8.86,1.31,0.0
20081222:1710,0.0,0.0,0.0,0.0,8.51,1.31,0.0
20081222:1810,0.0,0.0,0.0,0.0,8.35,1.31,0.0
20081222:1910,0.0,0.0,0.0,0.0,8.16,1.45,0.0
20081222:2010,0.0,0.0,0.0,0.0,8.03,1.45,0.0
20081222:2110,0.0,0.0,0.0,0.0,8.09,1.31,0.0
20081222:2210,0.0,0.0,0.0,0.0,8.06,1.24,0.0
20081222:2310,0.0,0.0,0.0,0.0,8.08,1.31,0.0
20081223:0010,0.0,0.0,0.0,0.0,8.12,1.52,0.0
20081223:0110,0.0,0.0,0.0,0.0,8.15,1.72,0.0
20081223:0210,0.0,0.0,0.0,0.0,8.05,1.93,0.0
20081223:0310,0.0,0.0,0.0,0.0,8.05,2.07,0.0
20081223:0410,0.0,0.0,0.0,0.0,8.02,2.28,0.0
20081223:0510,0.0,0.0,0.0,0.0,7.81,2.48,0.0
20081223:0610,0.0,0.0,0.0,0.0,7.32,2.48,0.0
20081223:0710,0.0,0.0,0.0,0.0,7.31,2.34,0.0
20081223:0810,10.0,13.78,0.0,2.92,6.95,2.41,0.0
20081223:0910,58.0,62.0,0.0,9.63,6.86,2.34,0.0
20081223:1010,159.01,66.0,0.0,14.59,7.4,2.69,0.0
20081223:1110,94.01,129.0,0.0,17.4,7.57,2.97,0.0
20081223:1210,78.0,139.0,0.0,17.79,7.67,2.83,0.0
20081223:1310,126.01,97.0,0.0,15.71,7.87,2.76,0.0
20081223:1410,119.01,51.0,0.0,11.37,7.75,2.62,0.0
20081223:1510,24.0,25.13,0.0,5.15,7.6,2.55,0.0
20081223:1610,0.0,0.0,0.0,0.0,7.15,2.07,0.0
20081223:1710,0.0,0.0,0.0,0.0,6.51,2.07,0.0
20081223:1810,0.0,0.0,0.0,0.0,5.99,2.07,0.0
20081223:1910,0.0,0.0,0.0,0.0,5.15,2.14,0.0
20081223:2010,0.0,0.0,0.0,0.0,4.39,2.28,0.0
20081223:2110,0.0,0.0,0.0,0.0,3.86,2.28,0.0
20081223:2210,0.0,0.0,0.0,0.0,3.36,2.28,0.0
20081223:2310,0.0,0.0,0.0,0.0,2.88,2.28,0.0
20081224:0010,0.0,0.0,0.0,0.0,2.69,2.28,0.0
20081224:0110,0.0,0.0,0.0,0.0,2.67,2.21,0.0
20081224:0210,0.0,0.0,0.0,0.0,2.95,2.21,0.0
20081224:0310,0.0,0.0,0.0,0.0,2.99,1.93,0.0
20081224:0410,0.0,0.0,0.0,0.0,2.91,1.72,0.0
20081224:0510,0.0,0.0,0.0,0.0,2.63,1.72,0.0
20081224:0610,0.0,0.0,0.0,0.0,2.5,2.14,0.0
20081224:0710,0.0,0.0,0.0,0.0,2.63,2.62,0.0
20081224:0810,4.0,15.1,0.0,2.88,2.48,2.28,0.0
20081224:0910,8.0,68.0,0.0,9.6,2.91,3.38,0.0
20081224:1010,6.0,99.0,0.0,14.58,3.49,3.86,0.0
20081224:1110,4.0,116.0,0.0,17.4,4.15,3.52,0.0
20081224:1210,46.0,146.0,0.0,17.81,4.59,3.1,0.0
20081224:1310,37.0,127.0,0.0,15.74,4.88,2.34,0.0
20081224:1410,12.0,84.0,0.0,11.42,4.95,1.59,0.0
20081224:1510,16.0,29.76,0.0,5.22,4.79,1.45,0.0
20081224:1610,0.0,0.0,0.0,0.0,4.48,2.48,0.0
20081224:1710,0.0,0.0,0.0,0.0,4.44,3.31,0.0
20081224:1810,0.0,0.0,0.0,0.0,4.68,3.17,0.0
20081224:1910,0.0,0.0,0.0,0.0,5.14,2.69,0.0
20081224:2010,0.0,0.0,0.0,0.0,5.28,2.48,0.0
20081224:2110,0.0,0.0,0.0,0.0,5.25,2.28,0.0
20081224:2210,0.0,0.0,0.0,0.0,5.1,2.48,0.0
20081224:2310,0.0,0.0,0.0,0.0,4.94,2.55,0.0
20081225:0010,0.0,0.0,0.0,0.0,4.52,2.28,0.0
20081225:0110,0.0,0.0,0.0,0.0,4.51,2.69,0.0
20081225:0210,0.0,0.0,0.0,0.0,4.51,3.31,0.0
20081225:0310,0.0,0.0,0.0,0.0,4.58,3.38,0.0
20081225:0410,0.0,0.0,0.0,0.0,4.5,3.38,0.0
20081225:0510,0.0,0.0,0.0,0.0,4.48,3.31,0.0
20081225:0610,0.0,0.0,0.0,0.0,4.37,3.59,0.0
20081225:0710,0.0,0.0,0.0,0.0,4.48,4.0,0.0
20081225:0810,15.0,10.21,0.0,2.84,4.24,4.28,0.0
20081225:0910,21.0,71.0,0.0,9.57,4.15,4.62,0.0
20081225:1010,161.01,66.0,0.0,14.57,4.47,4.83,0.0
20081225:1110,170.01,95.0,0.0,17.41,5.04,5.79,0.0
20081225:1210,0.0,46.0,0.0,17.83,5.55,5.66,0.0
20081225:1310,2.0,98.0,0.0,15.79,5.96,5.66,0.0
20081225:1410,11.0,83.0,0.0,11.48,6.36,5.38,0.0
20081225:1510,2.0,30.52,0.0,5.29,6.22,5.24,0.0
20081225:1610,0.0,0.0,0.0,0.0,5.94,4.83,0.0
20081225:1710,0.0,0.0,0.0,0.0,5.67,4.83,0.0
20081225:1810,0.0,0.0,0.0,0.0,5.54,4.97,0.0
20081225:1910,0.0,0.0,0.0,0.0,4.89,5.03,0.0
20081225:2010,0.0,0.0,0.0,0.0,4.63,5.1,0.0
20081225:2110,0.0,0.0,0.0,0.0,4.22,4.9,0.0
20081225:2210,0.0,0.0,0.0,0.0,3.4,4.69,0.0
20081225:2310,0.0,0.0,0.0,0.0,3.21,4.97,0.0
20081226:0010,0.0,0.0,0.0,0.0,3.23,5.38,0.0
20081226:0110,0.0,0.0,0.0,0.0,2.99,6.0,0.0
20081226:0210,0.0,0.0,0.0,0.0,2.39,6.48,0.0
20081226:0310,0.0,0.0,0.0,0.0,1.51,6.14,0.0
20081226:0410,0.0,0.0,0.0,0.0,0.54,5.79,0.0
20081226:0510,0.0,0.0,0.0,0.0,-0.36,5.72,0.0
20081226:0610,0.0,0.0,0.0,0.0,-0.77,5.93,0.0
20081226:0710,0.0,0.0,0.0,0.0,-0.75,6.55,0.0
20081226:0810,19.0,7.97,0.0,2.8,-0.73,6.83,0.0
20081226:0910,100.01,43.0,0.0,9.55,-0.15,6.97,0.0
20081226:1010,179.01,59.0,0.0,14.56,0.77,5.59,0.0
20081226:1110,222.01,69.0,0.0,17.43,1.7,6.28,0.0
20081226:1210,233.01,68.0,0.0,17.87,2.45,6.07,0.0
20081226:1310,204.01,61.0,0.0,15.84,2.98,5.72,0.0
20081226:1410,131.01,50.0,0.0,11.55,3.07,5.52,0.0
20081226:1510,26.0,27.31,0.0,5.37,2.67,5.38,0.0
20081226:1610,0.0,0.0,0.0,0.0,1.81,5.24,0.0
20081226:1710,0.0,0.0,0.0,0.0,1.28,5.1,0.0
20081226:1810,0.0,0.0,0.0,0.0,0.95,4.97,0.0
20081226:1910,0.0,0.0,0.0,0.0,0.54,4.9,0.0
20081226:2010,0.0,0.0,0.0,0.0,0.31,4.97,0.0
20081226:2110,0.0,0.0,0.0,0.0,0.1,5.03,0.0
20081226:2210,0.0,0.0,0.0,0.0,-0.08,4.97,0.0
20081226:2310,0.0,0.0,0.0,0.0,-0.27,4.83,0.0
20081227:0010,0.0,0.0,0.0,0.0,-0.48,4.62,0.0
20081227:0110,0.0,0.0,0.0,0.0,-0.74,4.48,0.0
20081227:0210,0.0,0.0,0.0,0.0,-1.03,4.34,0.0
20081227:0310,0.0,0.0,0.0,0.0,-1.28,4.34,0.0
20081227:0410,0.0,0.0,0.0,0.0,-1.48,4.41,0.0
20081227:0510,0.0,0.0,0.0,0.0,-1.64,4.41,0.0
20081227:0610,0.0,0.0,0.0,0.0,-1.77,4.34,0.0
20081227:0710,0.0,0.0,0.0,0.0,-1.85,4.28,0.0
20081227:0810,16.0,9.19,0.0,2.78,-2.0,4.21,0.0
20081227:0910,95.01,45.0,0.0,9.54,-1.45,3.86,0.0
20081227:1010,172.01,62.0,0.0,14.57,-0.46,4.48,0.0
20081227:1110,211.01,75.0,0.0,17.45,0.46,4.9,0.0
20081227:1210,227.01,71.0,0.0,17.91,1.23,4.9,0.0
20081227:1310,194.01,65.0,0.0,15.9,1.76,4.76,0.0
20081227:1410,129.01,51.0,0.0,11.63,1.89,4.62,0.0
20081227:1510,27.0,27.17,0.0,5.46,1.46,4.14,0.0
20081227:1610,0.0,0.0,0.0,0.0,0.4,4.14,0.0
20081227:1710,0.0,0.0,0.0,0.0,-0.26,4.34,0.0
20081227:1810,0.0,0.0,0.0,0.0,-0.6,4.41,0.0
20081227:1910,0.0,0.0,0.0,0.0,-1.13,4.48,0.0
20081227:2010,0.0,0.0,0.0,0.0,-1.49,4.28,0.0
20081227:2110,0.0,0.0,0.0,0.0,-1.84,4.21,0.0
20081227:2210,0.0,0.0,0.0,0.0,-2.13,4.14,0.0
20081227:2310,0.0,0.0,0.0,0.0,-2.38,4.14,0.0
20081228:0010,0.0,0.0,0.0,0.0,-2.57,4.07,0.0
20081228:0110,0.0,0.0,0.0,0.0,-2.65,4.14,0.0
20081228:0210,0.0,0.0,0.0,0.0,-2.81,4.14,0.0
20081228:0310,0.0,0.0,0.0,0.0,-2.89,4.07,0.0
20081228:0410,0.0,0.0,0.0,0.0,-2.96,4.07,0.0
20081228:0510,0.0,0.0,0.0,0.0,-2.99,4.14,0.0
20081228:0610,0.0,0.0,0.0,0.0,-2.99,4.07,0.0
20081228:0710,0.0,0.0,0.0,0.0,-3.36,4.0,0.0
20081228:0810,14.0,10.32,0.0,2.76,-3.44,4.0,0.0
20081228:0910,97.01,45.0,0.0,9.54,-2.74,3.72,0.0
20081228:1010,175.01,62.0,0.0,14.58,-1.68,4.34,0.0
20081228:1110,211.01,77.0,0.0,17.48,-0.64,4.55,0.0
20081228:1210,219.01,78.0,0.0,17.96,0.09,4.41,0.0
20081228:1310,184.01,73.0,0.0,15.97,0.53,4.28,0.0
20081228:1410,128.01,53.0,0.0,11.71,0.72,4.21,0.0
20081228:1510,30.0,26.54,0.0,5.55,0.2,3.52,0.0
20081228:1610,0.0,0.0,0.0,0.0,-1.03,3.38,0.0
20081228:1710,0.0,0.0,0.0,0.0,-1.96,3.24,0.0
20081228:1810,0.0,0.0,0.0,0.0,-2.46,3.24,0.0
20081228:1910,0.0,0.0,0.0,0.0,-2.79,3.24,0.0
20081228:2010,0.0,0.0,0.0,0.0,-2.97,3.24,0.0
20081228:2110,0.0,0.0,0.0,0.0,-3.13,3.17,0.0
20081228:2210,0.0,0.0,0.0,0.0,-3.31,2.97,0.0
20081228:2310,0.0,0.0,0.0,0.0,-3.52,2.76,0.0
20081229:0010,0.0,0.0,0.0,0.0,-3.71,2.62,0.0
20081229:0110,0.0,0.0,0.0,0.0,-3.87,2.48,0.0
20081229:0210,0.0,0.0,0.0,0.0,-3.94,2.48,0.0
20081229:0310,0.0,0.0,0.0,0.0,-3.95,2.48,0.0
20081229:0410,0.0,0.0,0.0,0.0,-4.04,2.41,0.0
20081229:0510,0.0,0.0,0.0,0.0,-4.03,2.34,0.0
20081229:0610,0.0,0.0,0.0,0.0,-4.04,2.28,0.0
20081229:0710,0.0,0.0,0.0,0.0,-4.6,2.21,0.0
20081229:0810,13.0,11.31,0.0,2.74,-4.72,2.07,0.0
20081229:0910,95.01,45.0,0.0,9.54,-3.76,1.79,0.0
20081229:1010,173.01,62.0,0.0,14.6,-2.03,2.07,0.0
20081229:1110,209.01,77.0,0.0,17.52,-0.46,2.28,0.0
20081229:1210,213.01,81.0,0.0,18.02,0.8,2.41,0.0
20081229:1310,182.01,75.0,0.0,16.05,1.63,2.55,0.0
20081229:1410,129.01,53.0,0.0,11.8,1.92,2.62,0.0
20081229:1510,30.0,27.45,0.0,5.65,1.2,2.34,0.0
20081229:1610,0.0,0.0,0.0,0.0,-0.49,2.76,0.0
20081229:1710,0.0,0.0,0.0,0.0,-1.55,2.76,0.0
20081229:1810,0.0,0.0,0.0,0.0,-2.04,2.76,0.0
20081229:1910,0.0,0.0,0.0,0.0,-2.18,2.62,0.0
20081229:2010,0.0,0.0,0.0,0.0,-2.21,2.69,0.0
20081229:2110,0.0,0.0,0.0,0.0,-2.24,2.76,0.0
20081229:2210,0.0,0.0,0.0,0.0,-2.27,2.76,0.0
20081229:2310,0.0,0.0,0.0,0.0,-2.29,2.62,0.0
20081230:0010,0.0,0.0,0.0,0.0,-2.19,2.48,0.0
20081230:0110,0.0,0.0,0.0,0.0,-1.91,2.28,0.0
20081230:0210,0.0,0.0,0.0,0.0,-1.68,2.48,0.0
20081230:0310,0.0,0.0,0.0,0.0,-1.6,2.83,0.0
20081230:0410,0.0,0.0,0.0,0.0,-1.11,2.83,0.0
20081230:0510,0.0,0.0,0.0,0.0,-1.05,2.83,0.0
20081230:0610,0.0,0.0,0.0,0.0,-1.09,2.83,0.0
20081230:0710,0.0,0.0,0.0,0.0,-1.67,2.9,0.0
20081230:0810,0.0,8.0,0.0,2.74,-1.41,2.97,0.0
20081230:0910,0.0,18.0,0.0,9.55,-0.75,2.76,0.0
20081230:1010,0.0,20.0,0.0,14.63,0.26,2.76,0.0
20081230:1110,0.0,53.0,0.0,17.57,1.29,2.76,0.0
20081230:1210,0.0,29.0,0.0,18.09,1.73,2.69,0.0
20081230:1310,0.0,48.0,0.0,16.13,2.13,2.83,0.0
20081230:1410,0.0,50.0,0.0,11.9,2.33,2.55,0.0
20081230:1510,5.0,36.0,0.0,5.76,2.16,2.21,0.0
20081230:1610,0.0,0.0,0.0,0.0,0.79,2.28,0.0
20081230:1710,0.0,0.0,0.0,0.0,-0.35,2.21,0.0
20081230:1810,0.0,0.0,0.0,0.0,-0.76,2.07,0.0
20081230:1910,0.0,0.0,0.0,0.0,0.16,1.66,0.0
20081230:2010,0.0,0.0,0.0,0.0,0.09,1.52,0.0
20081230:2110,0.0,0.0,0.0,0.0,-0.06,1.38,0.0
20081230:2210,0.0,0.0,0.0,0.0,-0.11,1.24,0.0
20081230:2310,0.0,0.0,0.0,0.0,-0.18,1.17,0.0
20081231:0010,0.0,0.0,0.0,0.0,-0.35,1.17,0.0
20081231:0110,0.0,0.0,0.0,0.0,-0.46,1.24,0.0
20081231:0210,0.0,0.0,0.0,0.0,-0.51,1.38,0.0
20081231:0310,0.0,0.0,0.0,0.0,-0.58,1.59,0.0
20081231:0410,0.0,0.0,0.0,0.0,-0.53,1.59,0.0
20081231:0510,0.0,0.0,0.0,0.0,-0.71,1.66,0.0
20081231:0610,0.0,0.0,0.0,0.0,-0.67,1.52,0.0
20081231:0710,0.0,0.0,0.0,0.0,-0.75,1.86,0.0
20081231:0810,2.0,13.58,0.0,2.74,-0.66,1.93,0.0
20081231:0910,0.0,35.0,0.0,9.56,-0.43,1.79,0.0
20081231:1010,4.0,95.0,0.0,14.66,0.06,1.72,0.0
20081231:1110,0.0,94.0,0.0,17.62,1.24,2.0,0.0
20081231:1210,2.0,110.0,0.0,18.16,1.76,1.72,0.0
20081231:1310,0.0,56.0,0.0,16.22,2.34,1.31,0.0
20081231:1410,0.0,41.0,0.0,12.0,2.63,1.1,0.0
20081231:1510,1.0,29.0,0.0,5.87,2.44,0.97,0.0
20081231:1610,0.0,0.0,0.0,0.0,1.91,1.17,0.0
20081231:1710,0.0,0.0,0.0,0.0,0.99,1.31,0.0
20081231:1810,0.0,0.0,0.0,0.0,0.04,1.66,0.0
20081231:1910,0.0,0.0,0.0,0.0,0.08,1.72,0.0
20081231:2010,0.0,0.0,0.0,0.0,0.39,1.59,0.0
20081231:2110,0.0,0.0,0.0,0.0,0.27,1.66,0.0
20081231:2210,0.0,0.0,0.0,0.0,-0.16,1.93,0.0
20081231:2310,0.0,0.0,0.0,0.0,-0.6,2.14,0.0

Gb(i): Beam (direct) irradiance on the inclined plane (plane of the array) (W/m2)
Gd(i): Diffuse irradiance on the inclined plane (plane of the array) (W/m2)
Gr(i): Reflected irradiance on the inclined plane (plane of the array) (W/m2)
H_sun: Sun height (degree)
T2m: 2-m air temperature (degree Celsius)
WS10m: 10-m total wind speed (m/s)
Int: 1 means solar radiation values are reconstructed



PVGIS (c) European Union, 2001-2026