Latitude (decimal degrees):	48.630
Longitude (decimal degrees):	2.270
Elevation (m):	56
Radiation database:	PVGIS-SARAH3


Slope: 0 deg. 
Azimuth: 0 deg. 
time,Gb(i),Gd(i),Gr(i),H_sun,T2m,WS10m,Int
20150101:0010,0.0,0.0,0.0,0.0,-0.18,0.41,0.0
20150101:0110,0.0,0.0,0.0,0.0,-0.51,0.41,0.0
20150101:0210,0.0,0.0,0.0,0.0,-0.77,0.34,0.0
20150101:0310,0.0,0.0,0.0,0.0,-1.05,0.69,0.0
20150101:0410,0.0,0.0,0.0,0.0,-3.24,1.45,0.0
20150101:0510,0.0,0.0,0.0,0.0,-3.3,1.86,0.0
20150101:0610,0.0,0.0,0.0,0.0,-2.99,1.86,0.0
20150101:0710,0.0,0.0,0.0,0.0,-2.97,1.1,0.0
20150101:0810,6.0,14.58,0.0,2.75,-2.91,1.79,0.0
20150101:0910,69.01,58.0,0.0,9.59,-2.34,1.86,0.0
20150101:1010,155.01,72.0,0.0,14.71,-1.55,2.07,0.0
20150101:1110,218.01,73.0,0.0,17.7,-0.75,2.0,0.0
20150101:1210,227.01,74.0,0.0,18.27,-0.14,2.21,0.0
20150101:1310,189.01,72.0,0.0,16.35,0.56,2.41,0.0
20150101:1410,60.0,87.0,0.0,12.14,1.06,2.34,0.0
20150101:1510,32.0,36.0,0.0,6.02,0.87,2.0,0.0
20150101:1610,0.0,0.0,0.0,0.0,-0.18,2.62,0.0
20150101:1710,0.0,0.0,0.0,0.0,-0.71,3.24,0.0
20150101:1810,0.0,0.0,0.0,0.0,-0.87,3.45,0.0
20150101:1910,0.0,0.0,0.0,0.0,0.11,3.52,0.0
20150101:2010,0.0,0.0,0.0,0.0,0.0,3.66,0.0
20150101:2110,0.0,0.0,0.0,0.0,-0.09,4.0,0.0
20150101:2210,0.0,0.0,0.0,0.0,-0.05,4.21,0.0
20150101:2310,0.0,0.0,0.0,0.0,0.15,4.41,0.0
20150102:0010,0.0,0.0,0.0,0.0,0.52,4.41,0.0
20150102:0110,0.0,0.0,0.0,0.0,0.86,4.55,0.0
20150102:0210,0.0,0.0,0.0,0.0,1.37,4.69,0.0
20150102:0310,0.0,0.0,0.0,0.0,1.72,4.9,0.0
20150102:0410,0.0,0.0,0.0,0.0,2.46,5.03,0.0
20150102:0510,0.0,0.0,0.0,0.0,3.34,5.1,0.0
20150102:0610,0.0,0.0,0.0,0.0,4.13,5.17,0.0
20150102:0710,0.0,0.0,0.0,0.0,4.78,5.03,0.0
20150102:0810,0.0,7.0,0.0,2.76,5.23,5.17,0.0
20150102:0910,0.0,16.0,0.0,9.62,5.78,5.17,0.0
20150102:1010,0.0,65.0,0.0,14.77,6.46,5.03,0.0
20150102:1110,7.0,121.0,0.0,17.77,7.27,4.76,0.0
20150102:1210,0.0,96.0,0.0,18.36,8.0,4.21,0.0
20150102:1310,18.0,123.0,0.0,16.45,8.63,3.66,0.0
20150102:1410,31.0,92.0,0.0,12.26,9.25,3.31,0.0
20150102:1510,9.0,39.0,0.0,6.14,9.14,2.97,0.0
20150102:1610,0.0,0.0,0.0,0.0,8.18,2.76,0.0
20150102:1710,0.0,0.0,0.0,0.0,7.19,2.62,0.0
20150102:1810,0.0,0.0,0.0,0.0,6.07,2.48,0.0
20150102:1910,0.0,0.0,0.0,0.0,4.27,2.34,0.0
20150102:2010,0.0,0.0,0.0,0.0,3.07,2.14,0.0
20150102:2110,0.0,0.0,0.0,0.0,2.11,1.93,0.0
20150102:2210,0.0,0.0,0.0,0.0,0.81,1.93,0.0
20150102:2310,0.0,0.0,0.0,0.0,-0.24,1.66,0.0
20150103:0010,0.0,0.0,0.0,0.0,-0.63,1.45,0.0
20150103:0110,0.0,0.0,0.0,0.0,-0.86,1.72,0.0
20150103:0210,0.0,0.0,0.0,0.0,-0.61,2.07,0.0
20150103:0310,0.0,0.0,0.0,0.0,0.19,2.28,0.0
20150103:0410,0.0,0.0,0.0,0.0,1.2,2.55,0.0
20150103:0510,0.0,0.0,0.0,0.0,2.12,3.03,0.0
20150103:0610,0.0,0.0,0.0,0.0,2.81,3.03,0.0
20150103:0710,0.0,0.0,0.0,0.0,3.25,3.24,0.0
20150103:0810,0.0,8.0,0.0,2.78,3.88,3.72,0.0
20150103:0910,0.0,41.0,0.0,9.66,5.01,4.76,0.0
20150103:1010,2.0,90.0,0.0,14.82,7.32,6.14,0.0
20150103:1110,4.0,116.0,0.0,17.85,9.78,7.52,0.0
20150103:1210,13.0,135.0,0.0,18.46,11.03,8.14,0.0
20150103:1310,0.0,41.0,0.0,16.57,11.38,8.21,0.0
20150103:1410,9.0,85.0,0.0,12.38,11.58,7.86,0.0
20150103:1510,46.01,32.0,0.0,6.27,11.63,7.38,0.0
20150103:1610,0.0,0.0,0.0,0.0,11.64,6.97,0.0
20150103:1710,0.0,0.0,0.0,0.0,11.75,6.76,0.0
20150103:1810,0.0,0.0,0.0,0.0,11.72,6.21,0.0
20150103:1910,0.0,0.0,0.0,0.0,11.15,6.48,0.0
20150103:2010,0.0,0.0,0.0,0.0,11.04,6.21,0.0
20150103:2110,0.0,0.0,0.0,0.0,10.97,5.45,0.0
20150103:2210,0.0,0.0,0.0,0.0,10.85,4.76,0.0
20150103:2310,0.0,0.0,0.0,0.0,10.46,3.86,0.0
20150104:0010,0.0,0.0,0.0,0.0,9.84,2.97,0.0
20150104:0110,0.0,0.0,0.0,0.0,8.5,3.17,0.0
20150104:0210,0.0,0.0,0.0,0.0,6.69,3.45,0.0
20150104:0310,0.0,0.0,0.0,0.0,5.06,3.03,0.0
20150104:0410,0.0,0.0,0.0,0.0,4.01,3.03,0.0
20150104:0510,0.0,0.0,0.0,0.0,3.21,3.03,0.0
20150104:0610,0.0,0.0,0.0,0.0,2.69,2.76,0.0
20150104:0710,0.0,0.0,0.0,0.0,2.51,2.21,0.0
20150104:0810,1.0,11.83,0.0,2.81,2.34,2.28,0.0
20150104:0910,8.0,66.0,0.0,9.71,2.42,2.14,0.0
20150104:1010,59.0,115.0,0.0,14.89,2.78,1.93,0.0
20150104:1110,99.01,134.0,0.0,17.94,3.23,1.79,0.0
20150104:1210,0.0,76.0,0.0,18.56,3.61,1.66,0.0
20150104:1310,0.0,70.0,0.0,16.69,4.03,1.59,0.0
20150104:1410,0.0,57.0,0.0,12.51,4.25,1.31,0.0
20150104:1510,11.0,43.0,0.0,6.41,4.33,1.45,0.0
20150104:1610,0.0,0.0,0.0,0.0,4.18,1.66,0.0
20150104:1710,0.0,0.0,0.0,0.0,3.95,1.66,0.0
20150104:1810,0.0,0.0,0.0,0.0,3.73,1.93,0.0
20150104:1910,0.0,0.0,0.0,0.0,3.04,2.0,0.0
20150104:2010,0.0,0.0,0.0,0.0,2.51,2.07,0.0
20150104:2110,0.0,0.0,0.0,0.0,2.21,2.07,0.0
20150104:2210,0.0,0.0,0.0,0.0,1.63,2.14,0.0
20150104:2310,0.0,0.0,0.0,0.0,1.11,2.07,0.0
20150105:0010,0.0,0.0,0.0,0.0,0.67,2.0,0.0
20150105:0110,0.0,0.0,0.0,0.0,0.12,2.0,0.0
20150105:0210,0.0,0.0,0.0,0.0,-0.51,2.0,0.0
20150105:0310,0.0,0.0,0.0,0.0,-0.98,2.0,0.0
20150105:0410,0.0,0.0,0.0,0.0,-1.49,1.93,0.0
20150105:0510,0.0,0.0,0.0,0.0,-1.96,1.86,0.0
20150105:0610,0.0,0.0,0.0,0.0,-2.38,1.72,0.0
20150105:0710,0.0,0.0,0.0,0.0,-2.23,1.66,0.0
20150105:0810,1.0,12.81,0.0,2.85,-2.28,1.66,0.0
20150105:0910,7.0,68.0,0.0,9.76,-0.96,1.38,0.0
20150105:1010,3.0,94.0,0.0,14.96,1.07,1.66,0.0
20150105:1110,0.0,96.0,0.0,18.03,2.32,1.52,0.0
20150105:1210,0.0,94.0,0.0,18.67,3.31,1.31,0.0
20150105:1310,3.0,107.0,0.0,16.82,4.07,1.17,0.0
20150105:1410,3.0,78.0,0.0,12.65,4.39,1.24,0.0
20150105:1510,4.0,40.0,0.0,6.56,4.12,1.31,0.0
20150105:1610,0.0,0.0,0.0,0.0,3.06,1.79,0.0
20150105:1710,0.0,0.0,0.0,0.0,1.61,2.14,0.0
20150105:1810,0.0,0.0,0.0,0.0,0.51,2.28,0.0
20150105:1910,0.0,0.0,0.0,0.0,0.21,1.66,0.0
20150105:2010,0.0,0.0,0.0,0.0,-0.24,1.66,0.0
20150105:2110,0.0,0.0,0.0,0.0,-0.87,1.79,0.0
20150105:2210,0.0,0.0,0.0,0.0,-1.7,1.93,0.0
20150105:2310,0.0,0.0,0.0,0.0,-2.39,1.93,0.0
20150106:0010,0.0,0.0,0.0,0.0,-2.94,1.86,0.0
20150106:0110,0.0,0.0,0.0,0.0,-3.32,1.72,0.0
20150106:0210,0.0,0.0,0.0,0.0,-3.62,1.59,0.0
20150106:0310,0.0,0.0,0.0,0.0,-3.51,1.45,0.0
20150106:0410,0.0,0.0,0.0,0.0,-3.6,1.45,0.0
20150106:0510,0.0,0.0,0.0,0.0,-3.71,1.59,0.0
20150106:0610,0.0,0.0,0.0,0.0,-3.64,1.79,0.0
20150106:0710,0.0,0.0,0.0,0.0,-3.36,2.21,0.0
20150106:0810,2.0,13.61,0.0,2.89,-2.81,2.55,0.0
20150106:0910,10.0,69.0,0.0,9.82,-1.52,2.41,0.0
20150106:1010,2.0,89.0,0.0,15.04,0.44,2.69,0.0
20150106:1110,3.0,115.0,0.0,18.13,2.37,2.83,0.0
20150106:1210,4.0,122.0,0.0,18.79,3.47,2.9,0.0
20150106:1310,0.0,53.0,0.0,16.95,3.97,2.83,0.0
20150106:1410,4.0,82.0,0.0,12.8,4.63,2.9,0.0
20150106:1510,1.0,31.0,0.0,6.7,5.09,3.1,0.0
20150106:1610,0.0,0.0,0.0,0.0,5.09,3.1,0.0
20150106:1710,0.0,0.0,0.0,0.0,4.98,3.17,0.0
20150106:1810,0.0,0.0,0.0,0.0,5.53,3.1,0.0
20150106:1910,0.0,0.0,0.0,0.0,4.42,2.76,0.0
20150106:2010,0.0,0.0,0.0,0.0,4.76,2.62,0.0
20150106:2110,0.0,0.0,0.0,0.0,5.12,2.41,0.0
20150106:2210,0.0,0.0,0.0,0.0,5.26,2.28,0.0
20150106:2310,0.0,0.0,0.0,0.0,5.11,2.21,0.0
20150107:0010,0.0,0.0,0.0,0.0,4.88,1.79,0.0
20150107:0110,0.0,0.0,0.0,0.0,4.18,1.79,0.0
20150107:0210,0.0,0.0,0.0,0.0,3.51,1.86,0.0
20150107:0310,0.0,0.0,0.0,0.0,2.9,1.66,0.0
20150107:0410,0.0,0.0,0.0,0.0,2.19,1.38,0.0
20150107:0510,0.0,0.0,0.0,0.0,1.56,1.1,0.0
20150107:0610,0.0,0.0,0.0,0.0,2.27,0.21,0.0
20150107:0710,0.0,0.0,0.0,0.0,0.34,0.21,0.0
20150107:0810,1.0,13.81,0.0,2.94,-0.52,0.34,0.0
20150107:0910,4.0,62.0,0.0,9.89,0.66,0.76,0.0
20150107:1010,6.0,102.0,0.0,15.13,1.79,1.03,0.0
20150107:1110,0.0,99.0,0.0,18.24,3.05,1.1,0.0
20150107:1210,1.0,103.0,0.0,18.92,4.11,1.17,0.0
20150107:1310,0.0,55.0,0.0,17.09,4.93,1.31,0.0
20150107:1410,0.0,21.0,0.0,12.95,5.41,1.52,0.0
20150107:1510,1.0,38.0,0.0,6.86,5.67,1.72,0.0
20150107:1610,0.0,0.0,0.0,0.0,5.61,1.72,0.0
20150107:1710,0.0,0.0,0.0,0.0,5.57,2.14,0.0
20150107:1810,0.0,0.0,0.0,0.0,5.62,2.69,0.0
20150107:1910,0.0,0.0,0.0,0.0,5.05,2.83,0.0
20150107:2010,0.0,0.0,0.0,0.0,5.2,3.24,0.0
20150107:2110,0.0,0.0,0.0,0.0,5.17,3.59,0.0
20150107:2210,0.0,0.0,0.0,0.0,5.2,3.86,0.0
20150107:2310,0.0,0.0,0.0,0.0,5.14,4.07,0.0
20150108:0010,0.0,0.0,0.0,0.0,5.35,4.14,0.0
20150108:0110,0.0,0.0,0.0,0.0,5.8,4.21,0.0
20150108:0210,0.0,0.0,0.0,0.0,6.4,4.41,0.0
20150108:0310,0.0,0.0,0.0,0.0,7.07,4.55,0.0
20150108:0410,0.0,0.0,0.0,0.0,7.68,4.76,0.0
20150108:0510,0.0,0.0,0.0,0.0,8.23,4.97,0.0
20150108:0610,0.0,0.0,0.0,0.0,8.64,5.17,0.0
20150108:0710,0.0,0.0,0.0,0.0,8.7,5.72,0.0
20150108:0810,0.0,10.0,0.0,3.0,8.87,6.07,0.0
20150108:0910,7.0,67.0,0.0,9.96,9.03,6.55,0.0
20150108:1010,0.0,73.0,0.0,15.23,9.26,7.1,0.0
20150108:1110,0.0,96.0,0.0,18.36,9.47,7.59,0.0
20150108:1210,0.0,72.0,0.0,19.06,9.48,7.79,0.0
20150108:1310,4.0,108.0,0.0,17.24,9.68,7.86,0.0
20150108:1410,5.0,84.0,0.0,13.1,10.0,8.14,0.0
20150108:1510,6.0,44.0,0.0,7.02,10.1,7.31,0.0
20150108:1610,0.0,0.0,0.0,0.0,9.32,5.66,0.0
20150108:1710,0.0,0.0,0.0,0.0,8.15,4.34,0.0
20150108:1810,0.0,0.0,0.0,0.0,7.28,3.79,0.0
20150108:1910,0.0,0.0,0.0,0.0,7.87,4.07,0.0
20150108:2010,0.0,0.0,0.0,0.0,7.18,3.79,0.0
20150108:2110,0.0,0.0,0.0,0.0,6.51,3.79,0.0
20150108:2210,0.0,0.0,0.0,0.0,6.11,3.79,0.0
20150108:2310,0.0,0.0,0.0,0.0,5.85,3.93,0.0
20150109:0010,0.0,0.0,0.0,0.0,6.03,4.48,0.0
20150109:0110,0.0,0.0,0.0,0.0,6.44,5.03,0.0
20150109:0210,0.0,0.0,0.0,0.0,6.44,5.38,0.0
20150109:0310,0.0,0.0,0.0,0.0,6.55,5.79,0.0
20150109:0410,0.0,0.0,0.0,0.0,6.78,6.34,0.0
20150109:0510,0.0,0.0,0.0,0.0,6.91,6.69,0.0
20150109:0610,0.0,0.0,0.0,0.0,7.09,6.83,0.0
20150109:0710,0.0,0.0,0.0,0.0,7.87,7.17,0.0
20150109:0810,1.0,13.81,0.0,3.06,8.58,7.17,0.0
20150109:0910,4.0,62.0,0.0,10.05,9.42,6.55,0.0
20150109:1010,4.0,98.0,0.0,15.33,10.19,6.14,0.0
20150109:1110,0.0,85.0,0.0,18.48,10.89,6.41,0.0
20150109:1210,0.0,62.0,0.0,19.2,11.46,6.28,0.0
20150109:1310,0.0,89.0,0.0,17.4,11.99,5.72,0.0
20150109:1410,70.0,91.0,0.0,13.27,12.15,5.66,0.0
20150109:1510,0.0,27.0,0.0,7.19,12.08,5.72,0.0
20150109:1610,0.0,0.0,0.0,0.0,11.79,5.79,0.0
20150109:1710,0.0,0.0,0.0,0.0,11.6,6.14,0.0
20150109:1810,0.0,0.0,0.0,0.0,11.82,6.34,0.0
20150109:1910,0.0,0.0,0.0,0.0,11.65,7.38,0.0
20150109:2010,0.0,0.0,0.0,0.0,11.88,7.86,0.0
20150109:2110,0.0,0.0,0.0,0.0,12.06,7.93,0.0
20150109:2210,0.0,0.0,0.0,0.0,12.16,7.72,0.0
20150109:2310,0.0,0.0,0.0,0.0,12.1,7.45,0.0
20150110:0010,0.0,0.0,0.0,0.0,12.0,7.17,0.0
20150110:0110,0.0,0.0,0.0,0.0,11.85,6.97,0.0
20150110:0210,0.0,0.0,0.0,0.0,11.73,6.76,0.0
20150110:0310,0.0,0.0,0.0,0.0,11.61,6.62,0.0
20150110:0410,0.0,0.0,0.0,0.0,11.46,6.62,0.0
20150110:0510,0.0,0.0,0.0,0.0,11.33,6.55,0.0
20150110:0610,0.0,0.0,0.0,0.0,11.16,6.55,0.0
20150110:0710,0.0,0.0,0.0,0.0,10.66,7.17,0.0
20150110:0810,0.0,13.0,0.0,3.13,10.57,7.24,0.0
20150110:0910,7.0,67.0,0.0,10.14,10.82,7.52,0.0
20150110:1010,6.0,101.0,0.0,15.44,11.09,7.72,0.0
20150110:1110,2.0,109.0,0.0,18.61,11.41,8.0,0.0
20150110:1210,20.0,147.0,0.0,19.35,11.62,7.79,0.0
20150110:1310,6.0,116.0,0.0,17.56,11.84,7.52,0.0
20150110:1410,0.0,64.0,0.0,13.44,11.78,7.45,0.0
20150110:1510,6.0,47.0,0.0,7.36,11.64,6.97,0.0
20150110:1610,0.0,0.0,0.0,0.0,11.57,6.55,0.0
20150110:1710,0.0,0.0,0.0,0.0,11.27,5.79,0.0
20150110:1810,0.0,0.0,0.0,0.0,10.48,5.1,0.0
20150110:1910,0.0,0.0,0.0,0.0,10.16,5.1,0.0
20150110:2010,0.0,0.0,0.0,0.0,9.25,4.55,0.0
20150110:2110,0.0,0.0,0.0,0.0,8.1,3.93,0.0
20150110:2210,0.0,0.0,0.0,0.0,7.3,3.31,0.0
20150110:2310,0.0,0.0,0.0,0.0,6.8,3.1,0.0
20150111:0010,0.0,0.0,0.0,0.0,6.27,2.97,0.0
20150111:0110,0.0,0.0,0.0,0.0,5.88,3.17,0.0
20150111:0210,0.0,0.0,0.0,0.0,5.47,3.72,0.0
20150111:0310,0.0,0.0,0.0,0.0,5.33,4.41,0.0
20150111:0410,0.0,0.0,0.0,0.0,5.2,4.97,0.0
20150111:0510,0.0,0.0,0.0,0.0,4.73,4.83,0.0
20150111:0610,0.0,0.0,0.0,0.0,4.21,5.17,0.0
20150111:0710,0.0,0.0,0.0,0.0,4.1,4.9,0.0
20150111:0810,9.0,15.95,0.0,3.21,4.31,4.9,0.0
20150111:0910,90.01,53.0,0.0,10.23,4.82,4.9,0.0
20150111:1010,163.01,75.0,0.0,15.56,5.81,4.21,0.0
20150111:1110,226.01,78.0,0.0,18.75,6.76,5.59,0.0
20150111:1210,226.01,86.0,0.0,19.5,7.47,7.03,0.0
20150111:1310,7.0,121.0,0.0,17.73,7.9,6.48,0.0
20150111:1410,68.0,98.0,0.0,13.61,7.96,5.17,0.0
20150111:1510,27.0,51.0,0.0,7.54,7.82,4.21,0.0
20150111:1610,0.0,0.0,0.0,0.0,7.32,4.07,0.0
20150111:1710,0.0,0.0,0.0,0.0,6.62,3.79,0.0
20150111:1810,0.0,0.0,0.0,0.0,6.51,3.72,0.0
20150111:1910,0.0,0.0,0.0,0.0,5.2,4.76,0.0
20150111:2010,0.0,0.0,0.0,0.0,5.1,4.9,0.0
20150111:2110,0.0,0.0,0.0,0.0,5.22,4.97,0.0
20150111:2210,0.0,0.0,0.0,0.0,5.42,4.97,0.0
20150111:2310,0.0,0.0,0.0,0.0,5.46,4.69,0.0
20150112:0010,0.0,0.0,0.0,0.0,5.4,4.69,0.0
20150112:0110,0.0,0.0,0.0,0.0,5.38,4.97,0.0
20150112:0210,0.0,0.0,0.0,0.0,5.59,5.17,0.0
20150112:0310,0.0,0.0,0.0,0.0,5.49,5.17,0.0
20150112:0410,0.0,0.0,0.0,0.0,5.46,5.38,0.0
20150112:0510,0.0,0.0,0.0,0.0,5.52,5.66,0.0
20150112:0610,0.0,0.0,0.0,0.0,5.31,5.72,0.0
20150112:0710,0.0,0.0,0.0,0.0,5.21,5.52,0.0
20150112:0810,0.0,6.0,0.0,3.29,5.41,5.72,0.0
20150112:0910,0.0,51.0,0.0,10.33,5.8,5.66,0.0
20150112:1010,4.0,99.0,0.0,15.68,5.87,5.38,0.0
20150112:1110,6.0,129.0,0.0,18.9,6.22,5.79,0.0
20150112:1210,68.0,158.0,0.0,19.67,6.82,6.07,0.0
20150112:1310,146.01,111.0,0.0,17.9,7.54,6.07,0.0
20150112:1410,48.0,105.0,0.0,13.79,8.16,5.59,0.0
20150112:1510,1.0,42.0,0.0,7.72,8.37,6.14,0.0
20150112:1610,0.0,0.0,0.0,0.0,8.41,6.0,0.0
20150112:1710,0.0,0.0,0.0,0.0,8.31,5.93,0.0
20150112:1810,0.0,0.0,0.0,0.0,8.35,6.14,0.0
20150112:1910,0.0,0.0,0.0,0.0,8.0,6.34,0.0
20150112:2010,0.0,0.0,0.0,0.0,7.69,6.48,0.0
20150112:2110,0.0,0.0,0.0,0.0,7.53,6.62,0.0
20150112:2210,0.0,0.0,0.0,0.0,7.45,6.55,0.0
20150112:2310,0.0,0.0,0.0,0.0,7.47,6.41,0.0
20150113:0010,0.0,0.0,0.0,0.0,7.46,6.34,0.0
20150113:0110,0.0,0.0,0.0,0.0,7.54,6.34,0.0
20150113:0210,0.0,0.0,0.0,0.0,7.3,6.34,0.0
20150113:0310,0.0,0.0,0.0,0.0,7.3,6.62,0.0
20150113:0410,0.0,0.0,0.0,0.0,7.49,6.83,0.0
20150113:0510,0.0,0.0,0.0,0.0,8.02,7.03,0.0
20150113:0610,0.0,0.0,0.0,0.0,8.45,7.24,0.0
20150113:0710,0.0,0.0,0.0,0.0,9.49,7.66,0.0
20150113:0810,1.0,16.8,0.0,3.38,9.06,7.93,0.0
20150113:0910,1.0,56.0,0.0,10.44,9.33,8.28,0.0
20150113:1010,4.0,101.0,0.0,15.81,10.11,8.69,0.0
20150113:1110,4.0,122.0,0.0,19.05,10.62,8.97,0.0
20150113:1210,0.0,82.0,0.0,19.83,10.23,8.62,0.0
20150113:1310,0.0,70.0,0.0,18.08,10.14,7.93,0.0
20150113:1410,0.0,59.0,0.0,13.98,10.23,7.24,0.0
20150113:1510,3.0,46.0,0.0,7.91,9.87,6.0,0.0
20150113:1610,0.0,0.0,0.0,0.0,9.52,5.03,0.0
20150113:1710,0.0,0.0,0.0,0.0,8.97,4.41,0.0
20150113:1810,0.0,0.0,0.0,0.0,8.35,4.55,0.0
20150113:1910,0.0,0.0,0.0,0.0,8.3,4.62,0.0
20150113:2010,0.0,0.0,0.0,0.0,8.16,5.24,0.0
20150113:2110,0.0,0.0,0.0,0.0,7.8,5.66,0.0
20150113:2210,0.0,0.0,0.0,0.0,7.38,6.21,0.0
20150113:2310,0.0,0.0,0.0,0.0,7.07,7.17,0.0
20150114:0010,0.0,0.0,0.0,0.0,7.07,8.07,0.0
20150114:0110,0.0,0.0,0.0,0.0,6.64,7.03,0.0
20150114:0210,0.0,0.0,0.0,0.0,5.82,6.0,0.0
20150114:0310,0.0,0.0,0.0,0.0,5.12,5.66,0.0
20150114:0410,0.0,0.0,0.0,0.0,4.69,5.66,0.0
20150114:0510,0.0,0.0,0.0,0.0,4.65,6.28,0.0
20150114:0610,0.0,0.0,0.0,0.0,4.81,6.83,0.0
20150114:0710,0.0,0.0,0.0,0.0,5.63,7.31,0.0
20150114:0810,1.0,14.82,0.0,3.48,5.71,7.38,0.0
20150114:0910,0.0,27.0,0.0,10.56,5.94,7.31,0.0
20150114:1010,166.01,77.0,0.0,15.95,6.32,7.59,0.0
20150114:1110,160.01,118.0,0.0,19.21,6.72,6.07,0.0
20150114:1210,22.0,156.0,0.0,20.01,7.51,6.83,0.0
20150114:1310,4.0,119.0,0.0,18.27,7.9,6.48,0.0
20150114:1410,21.0,108.0,0.0,14.17,8.0,5.72,0.0
20150114:1510,64.01,41.0,0.0,8.1,7.66,4.34,0.0
20150114:1610,0.0,0.0,0.0,0.0,7.0,3.59,0.0
20150114:1710,0.0,0.0,0.0,0.0,6.12,3.59,0.0
20150114:1810,0.0,0.0,0.0,0.0,5.99,3.72,0.0
20150114:1910,0.0,0.0,0.0,0.0,6.85,4.9,0.0
20150114:2010,0.0,0.0,0.0,0.0,7.12,5.59,0.0
20150114:2110,0.0,0.0,0.0,0.0,7.39,6.34,0.0
20150114:2210,0.0,0.0,0.0,0.0,7.63,6.83,0.0
20150114:2310,0.0,0.0,0.0,0.0,7.61,7.24,0.0
20150115:0010,0.0,0.0,0.0,0.0,7.86,7.59,0.0
20150115:0110,0.0,0.0,0.0,0.0,8.05,7.93,0.0
20150115:0210,0.0,0.0,0.0,0.0,8.18,8.28,0.0
20150115:0310,0.0,0.0,0.0,0.0,8.36,8.48,0.0
20150115:0410,0.0,0.0,0.0,0.0,8.51,8.62,0.0
20150115:0510,0.0,0.0,0.0,0.0,8.7,8.62,0.0
20150115:0610,0.0,0.0,0.0,0.0,8.83,8.69,0.0
20150115:0710,0.0,0.0,0.0,0.0,9.22,8.55,0.0
20150115:0810,11.0,17.51,0.0,3.58,9.31,8.69,0.0
20150115:0910,0.0,42.0,0.0,10.68,9.56,9.03,0.0
20150115:1010,30.0,124.0,0.0,16.09,9.94,9.52,0.0
20150115:1110,28.0,151.0,0.0,19.37,10.21,10.0,0.0
20150115:1210,35.0,159.0,0.0,20.19,10.08,9.93,0.0
20150115:1310,2.0,106.0,0.0,18.46,9.79,9.31,0.0
20150115:1410,5.0,92.0,0.0,14.37,9.31,8.34,0.0
20150115:1510,2.0,48.0,0.0,8.3,9.15,7.24,0.0
20150115:1610,0.0,0.0,0.0,0.0,8.85,6.28,0.0
20150115:1710,0.0,0.0,0.0,0.0,8.3,5.45,0.0
20150115:1810,0.0,0.0,0.0,0.0,7.92,4.97,0.0
20150115:1910,0.0,0.0,0.0,0.0,7.83,4.83,0.0
20150115:2010,0.0,0.0,0.0,0.0,7.3,4.62,0.0
20150115:2110,0.0,0.0,0.0,0.0,6.87,4.14,0.0
20150115:2210,0.0,0.0,0.0,0.0,6.42,3.66,0.0
20150115:2310,0.0,0.0,0.0,0.0,6.03,3.31,0.0
20150116:0010,0.0,0.0,0.0,0.0,5.76,3.03,0.0
20150116:0110,0.0,0.0,0.0,0.0,5.62,2.83,0.0
20150116:0210,0.0,0.0,0.0,0.0,5.42,2.55,0.0
20150116:0310,0.0,0.0,0.0,0.0,5.15,2.14,0.0
20150116:0410,0.0,0.0,0.0,0.0,4.94,2.0,0.0
20150116:0510,0.0,0.0,0.0,0.0,4.69,1.79,0.0
20150116:0610,0.0,0.0,0.0,0.0,4.49,1.66,0.0
20150116:0710,0.0,0.0,0.0,0.0,4.73,2.14,0.0
20150116:0810,5.0,19.84,0.0,3.69,4.75,2.07,0.0
20150116:0910,15.0,79.0,0.0,10.81,5.07,2.21,0.0
20150116:1010,16.0,122.0,0.0,16.25,6.14,2.69,0.0
20150116:1110,20.0,150.0,0.0,19.55,7.09,3.17,0.0
20150116:1210,91.0,160.0,0.0,20.38,7.71,3.17,0.0
20150116:1310,42.0,151.0,0.0,18.66,8.24,3.79,0.0
20150116:1410,53.0,111.0,0.0,14.57,8.39,3.72,0.0
20150116:1510,7.0,55.0,0.0,8.5,7.61,2.69,0.0
20150116:1610,0.0,0.0,0.0,0.0,6.87,2.21,0.0
20150116:1710,0.0,0.0,0.0,0.0,6.01,2.21,0.0
20150116:1810,0.0,0.0,0.0,0.0,5.29,2.62,0.0
20150116:1910,0.0,0.0,0.0,0.0,4.99,1.79,0.0
20150116:2010,0.0,0.0,0.0,0.0,4.88,2.0,0.0
20150116:2110,0.0,0.0,0.0,0.0,4.98,2.28,0.0
20150116:2210,0.0,0.0,0.0,0.0,4.82,2.14,0.0
20150116:2310,0.0,0.0,0.0,0.0,4.36,2.07,0.0
20150117:0010,0.0,0.0,0.0,0.0,3.68,2.21,0.0
20150117:0110,0.0,0.0,0.0,0.0,2.8,2.41,0.0
20150117:0210,0.0,0.0,0.0,0.0,1.91,2.55,0.0
20150117:0310,0.0,0.0,0.0,0.0,1.12,2.55,0.0
20150117:0410,0.0,0.0,0.0,0.0,0.64,2.41,0.0
20150117:0510,0.0,0.0,0.0,0.0,0.41,2.21,0.0
20150117:0610,0.0,0.0,0.0,0.0,0.09,2.07,0.0
20150117:0710,0.0,0.0,0.0,0.0,0.15,1.79,0.0
20150117:0810,7.0,20.36,0.0,3.81,-0.3,1.72,0.0
20150117:0910,12.0,79.0,0.0,10.95,0.58,1.38,0.0
20150117:1010,9.0,118.0,0.0,16.41,2.44,1.38,0.0
20150117:1110,21.0,154.0,0.0,19.73,3.88,1.72,0.0
20150117:1210,45.0,169.0,0.0,20.58,4.84,2.14,0.0
20150117:1310,175.01,109.0,0.0,18.87,5.38,2.62,0.0
20150117:1410,67.0,112.0,0.0,14.78,5.46,2.97,0.0
20150117:1510,68.01,47.0,0.0,8.71,5.22,2.76,0.0
20150117:1610,0.0,0.0,0.0,0.0,4.24,2.62,0.0
20150117:1710,0.0,0.0,0.0,0.0,2.62,2.83,0.0
20150117:1810,0.0,0.0,0.0,0.0,1.79,2.97,0.0
20150117:1910,0.0,0.0,0.0,0.0,1.5,3.38,0.0
20150117:2010,0.0,0.0,0.0,0.0,0.99,3.31,0.0
20150117:2110,0.0,0.0,0.0,0.0,0.59,3.24,0.0
20150117:2210,0.0,0.0,0.0,0.0,0.4,3.17,0.0
20150117:2310,0.0,0.0,0.0,0.0,0.39,3.17,0.0
20150118:0010,0.0,0.0,0.0,0.0,0.45,3.1,0.0
20150118:0110,0.0,0.0,0.0,0.0,0.53,3.03,0.0
20150118:0210,0.0,0.0,0.0,0.0,0.55,3.03,0.0
20150118:0310,0.0,0.0,0.0,0.0,0.6,3.1,0.0
20150118:0410,0.0,0.0,0.0,0.0,0.57,3.17,0.0
20150118:0510,0.0,0.0,0.0,0.0,0.65,3.24,0.0
20150118:0610,0.0,0.0,0.0,0.0,0.73,3.31,0.0
20150118:0710,0.0,0.0,0.0,0.0,0.7,3.31,0.0
20150118:0810,5.0,20.86,0.0,3.93,0.61,3.31,0.0
20150118:0910,17.0,82.0,0.0,11.09,1.26,3.17,0.0
20150118:1010,156.01,91.0,0.0,16.57,2.7,3.79,0.0
20150118:1110,255.01,75.0,0.0,19.91,4.24,4.21,0.0
20150118:1210,94.0,163.0,0.0,20.78,5.5,4.28,0.0
20150118:1310,240.01,74.0,0.0,19.08,6.36,4.07,0.0
20150118:1410,107.01,97.0,0.0,15.0,6.66,3.72,0.0
20150118:1510,59.0,53.0,0.0,8.92,6.57,3.1,0.0
20150118:1610,0.0,0.0,0.0,0.0,5.75,2.48,0.0
20150118:1710,0.0,0.0,0.0,0.0,4.53,2.48,0.0
20150118:1810,0.0,0.0,0.0,0.0,3.61,2.55,0.0
20150118:1910,0.0,0.0,0.0,0.0,3.28,2.48,0.0
20150118:2010,0.0,0.0,0.0,0.0,2.87,2.21,0.0
20150118:2110,0.0,0.0,0.0,0.0,2.57,1.72,0.0
20150118:2210,0.0,0.0,0.0,0.0,2.31,1.24,0.0
20150118:2310,0.0,0.0,0.0,0.0,1.8,0.83,0.0
20150119:0010,0.0,0.0,0.0,0.0,1.93,0.41,0.0
20150119:0110,0.0,0.0,0.0,0.0,1.84,0.14,0.0
20150119:0210,0.0,0.0,0.0,0.0,1.13,0.76,0.0
20150119:0310,0.0,0.0,0.0,0.0,1.04,1.38,0.0
20150119:0410,0.0,0.0,0.0,0.0,1.12,1.59,0.0
20150119:0510,0.0,0.0,0.0,0.0,1.05,1.79,0.0
20150119:0610,0.0,0.0,0.0,0.0,0.91,2.07,0.0
20150119:0710,0.0,0.0,0.0,0.0,1.05,2.41,0.0
20150119:0810,3.0,22.31,0.0,4.06,0.98,2.83,0.0
20150119:0910,77.01,71.0,0.0,11.24,1.32,3.17,0.0
20150119:1010,59.0,132.0,0.0,16.74,2.07,3.66,0.0
20150119:1110,36.0,162.0,0.0,20.11,2.77,3.79,0.0
20150119:1210,0.0,64.0,0.0,20.99,3.29,3.79,0.0
20150119:1310,0.0,70.0,0.0,19.3,3.62,3.59,0.0
20150119:1410,0.0,49.0,0.0,15.22,3.84,3.31,0.0
20150119:1510,0.0,40.0,0.0,9.14,3.54,2.69,0.0
20150119:1610,0.0,0.0,0.0,0.0,3.25,2.41,0.0
20150119:1710,0.0,0.0,0.0,0.0,2.82,2.14,0.0
20150119:1810,0.0,0.0,0.0,0.0,2.44,1.93,0.0
20150119:1910,0.0,0.0,0.0,0.0,2.25,1.52,0.0
20150119:2010,0.0,0.0,0.0,0.0,1.86,1.45,0.0
20150119:2110,0.0,0.0,0.0,0.0,1.24,1.52,0.0
20150119:2210,0.0,0.0,0.0,0.0,0.52,1.45,0.0
20150119:2310,0.0,0.0,0.0,0.0,-0.45,1.45,0.0
20150120:0010,0.0,0.0,0.0,0.0,-0.91,1.24,0.0
20150120:0110,0.0,0.0,0.0,0.0,-0.72,0.97,0.0
20150120:0210,0.0,0.0,0.0,0.0,-0.19,0.69,0.0
20150120:0310,0.0,0.0,0.0,0.0,-0.1,0.48,0.0
20150120:0410,0.0,0.0,0.0,0.0,-0.17,0.48,0.0
20150120:0510,0.0,0.0,0.0,0.0,-0.17,0.34,0.0
20150120:0610,0.0,0.0,0.0,0.0,-0.36,0.34,0.0
20150120:0710,0.0,0.0,0.0,0.0,-0.87,0.41,0.0
20150120:0810,5.0,23.79,0.0,4.2,-1.53,0.97,0.0
20150120:0910,16.0,85.0,0.0,11.4,-0.61,0.9,0.0
20150120:1010,19.0,131.0,0.0,16.92,0.43,0.9,0.0
20150120:1110,5.0,137.0,0.0,20.31,1.31,0.9,0.0
20150120:1210,6.0,145.0,0.0,21.21,2.21,1.1,0.0
20150120:1310,6.0,134.0,0.0,19.52,2.83,1.52,0.0
20150120:1410,9.0,110.0,0.0,15.44,2.76,2.0,0.0
20150120:1510,15.0,67.0,0.0,9.36,2.77,2.14,0.0
20150120:1610,0.0,6.0,0.0,1.73,2.22,1.66,0.0
20150120:1710,0.0,0.0,0.0,0.0,1.45,1.72,0.0
20150120:1810,0.0,0.0,0.0,0.0,0.95,1.79,0.0
20150120:1910,0.0,0.0,0.0,0.0,-0.25,2.07,0.0
20150120:2010,0.0,0.0,0.0,0.0,-0.4,2.14,0.0
20150120:2110,0.0,0.0,0.0,0.0,-0.51,2.34,0.0
20150120:2210,0.0,0.0,0.0,0.0,-0.57,2.28,0.0
20150120:2310,0.0,0.0,0.0,0.0,-0.46,2.07,0.0
20150121:0010,0.0,0.0,0.0,0.0,-0.44,1.86,0.0
20150121:0110,0.0,0.0,0.0,0.0,-0.42,1.86,0.0
20150121:0210,0.0,0.0,0.0,0.0,-0.35,1.93,0.0
20150121:0310,0.0,0.0,0.0,0.0,-0.23,2.0,0.0
20150121:0410,0.0,0.0,0.0,0.0,-0.38,2.07,0.0
20150121:0510,0.0,0.0,0.0,0.0,-0.44,2.21,0.0
20150121:0610,0.0,0.0,0.0,0.0,-0.44,2.34,0.0
20150121:0710,0.0,0.0,0.0,0.0,-0.88,2.62,0.0
20150121:0810,1.0,20.8,0.0,4.34,-0.7,2.69,0.0
20150121:0910,23.0,87.0,0.0,11.56,-0.01,2.55,0.0
20150121:1010,226.01,60.0,0.0,17.11,1.33,2.9,0.0
20150121:1110,213.01,107.0,0.0,20.51,2.62,2.97,0.0
20150121:1210,35.0,174.0,0.0,21.43,3.92,3.1,0.0
20150121:1310,10.0,141.0,0.0,19.75,4.76,3.03,0.0
20150121:1410,12.0,114.0,0.0,15.67,5.13,2.76,0.0
20150121:1510,24.0,69.0,0.0,9.58,5.03,2.34,0.0
20150121:1610,0.0,7.0,0.0,1.95,4.06,2.07,0.0
20150121:1710,0.0,0.0,0.0,0.0,2.57,2.41,0.0
20150121:1810,0.0,0.0,0.0,0.0,1.53,2.48,0.0
20150121:1910,0.0,0.0,0.0,0.0,1.6,2.34,0.0
20150121:2010,0.0,0.0,0.0,0.0,1.54,2.14,0.0
20150121:2110,0.0,0.0,0.0,0.0,1.1,2.21,0.0
20150121:2210,0.0,0.0,0.0,0.0,0.95,2.41,0.0
20150121:2310,0.0,0.0,0.0,0.0,0.62,2.62,0.0
20150122:0010,0.0,0.0,0.0,0.0,0.29,2.76,0.0
20150122:0110,0.0,0.0,0.0,0.0,0.32,2.83,0.0
20150122:0210,0.0,0.0,0.0,0.0,0.34,2.9,0.0
20150122:0310,0.0,0.0,0.0,0.0,0.23,2.83,0.0
20150122:0410,0.0,0.0,0.0,0.0,0.37,2.83,0.0
20150122:0510,0.0,0.0,0.0,0.0,0.3,2.76,0.0
20150122:0610,0.0,0.0,0.0,0.0,0.42,2.83,0.0
20150122:0710,0.0,0.0,0.0,0.0,-1.41,2.62,0.0
20150122:0810,8.0,25.04,0.0,4.49,-1.68,2.48,0.0
20150122:0910,57.0,84.0,0.0,11.73,-1.15,2.48,0.0
20150122:1010,30.0,137.0,0.0,17.3,0.09,3.24,0.0
20150122:1110,183.01,125.0,0.0,20.72,1.43,3.38,0.0
20150122:1210,42.0,177.0,0.0,21.66,2.49,3.31,0.0
20150122:1310,24.0,156.0,0.0,19.99,2.98,3.24,0.0
20150122:1410,177.01,71.0,0.0,15.91,3.23,3.38,0.0
20150122:1510,8.0,66.0,0.0,9.81,3.06,3.45,0.0
20150122:1610,0.0,2.0,0.0,2.17,2.47,2.9,0.0
20150122:1710,0.0,0.0,0.0,0.0,1.65,2.97,0.0
20150122:1810,0.0,0.0,0.0,0.0,1.41,3.17,0.0
20150122:1910,0.0,0.0,0.0,0.0,0.79,3.38,0.0
20150122:2010,0.0,0.0,0.0,0.0,0.52,3.38,0.0
20150122:2110,0.0,0.0,0.0,0.0,0.18,3.31,0.0
20150122:2210,0.0,0.0,0.0,0.0,-0.17,3.24,0.0
20150122:2310,0.0,0.0,0.0,0.0,-0.38,3.24,0.0
20150123:0010,0.0,0.0,0.0,0.0,-0.65,3.45,0.0
20150123:0110,0.0,0.0,0.0,0.0,-0.85,3.03,0.0
20150123:0210,0.0,0.0,0.0,0.0,-0.86,2.69,0.0
20150123:0310,0.0,0.0,0.0,0.0,-0.92,2.48,0.0
20150123:0410,0.0,0.0,0.0,0.0,-0.89,2.97,0.0
20150123:0510,0.0,0.0,0.0,0.0,-1.07,2.83,0.0
20150123:0610,0.0,0.0,0.0,0.0,-1.11,2.83,0.0
20150123:0710,0.0,0.0,0.0,0.0,-1.37,2.48,0.0
20150123:0810,2.0,23.58,0.0,4.65,-1.27,2.34,0.0
20150123:0910,0.0,58.0,0.0,11.91,-0.75,2.76,0.0
20150123:1010,0.0,89.0,0.0,17.5,-0.19,2.41,0.0
20150123:1110,12.0,154.0,0.0,20.94,0.34,2.14,0.0
20150123:1210,285.01,82.0,0.0,21.89,0.89,1.79,0.0
20150123:1310,244.01,85.0,0.0,20.23,1.29,1.38,0.0
20150123:1410,186.01,69.0,0.0,16.15,1.65,1.31,0.0
20150123:1510,60.0,64.0,0.0,10.05,1.61,1.79,0.0
20150123:1610,0.0,9.0,0.0,2.4,1.25,2.28,0.0
20150123:1710,0.0,0.0,0.0,0.0,0.72,1.93,0.0
20150123:1810,0.0,0.0,0.0,0.0,0.32,1.38,0.0
20150123:1910,0.0,0.0,0.0,0.0,0.01,0.83,0.0
20150123:2010,0.0,0.0,0.0,0.0,-0.4,1.52,0.0
20150123:2110,0.0,0.0,0.0,0.0,-0.68,2.0,0.0
20150123:2210,0.0,0.0,0.0,0.0,-0.79,2.21,0.0
20150123:2310,0.0,0.0,0.0,0.0,-0.87,2.21,0.0
20150124:0010,0.0,0.0,0.0,0.0,-1.19,2.34,0.0
20150124:0110,0.0,0.0,0.0,0.0,-1.59,2.62,0.0
20150124:0210,0.0,0.0,0.0,0.0,-1.83,3.1,0.0
20150124:0310,0.0,0.0,0.0,0.0,-1.72,3.45,0.0
20150124:0410,0.0,0.0,0.0,0.0,-1.61,3.45,0.0
20150124:0510,0.0,0.0,0.0,0.0,-1.2,4.07,0.0
20150124:0610,0.0,0.0,0.0,0.0,-0.46,4.48,0.0
20150124:0710,0.0,0.0,0.0,0.0,-0.03,4.62,0.0
20150124:0810,7.0,28.22,0.0,4.81,0.67,4.76,0.0
20150124:0910,2.0,72.0,0.0,12.09,1.89,4.21,0.0
20150124:1010,128.01,118.0,0.0,17.7,4.02,4.76,0.0
20150124:1110,234.01,102.0,0.0,21.17,5.01,5.72,0.0
20150124:1210,64.0,182.0,0.0,22.13,5.22,5.52,0.0
20150124:1310,184.01,121.0,0.0,20.47,5.61,5.66,0.0
20150124:1410,125.01,104.0,0.0,16.39,5.63,5.45,0.0
20150124:1510,91.01,52.0,0.0,10.28,5.43,5.24,0.0
20150124:1610,0.0,11.0,0.0,2.63,4.5,4.41,0.0
20150124:1710,0.0,0.0,0.0,0.0,3.56,4.0,0.0
20150124:1810,0.0,0.0,0.0,0.0,3.01,3.79,0.0
20150124:1910,0.0,0.0,0.0,0.0,1.81,3.24,0.0
20150124:2010,0.0,0.0,0.0,0.0,1.41,2.9,0.0
20150124:2110,0.0,0.0,0.0,0.0,0.88,2.83,0.0
20150124:2210,0.0,0.0,0.0,0.0,0.64,2.69,0.0
20150124:2310,0.0,0.0,0.0,0.0,0.16,2.62,0.0
20150125:0010,0.0,0.0,0.0,0.0,-0.24,2.55,0.0
20150125:0110,0.0,0.0,0.0,0.0,-0.31,2.34,0.0
20150125:0210,0.0,0.0,0.0,0.0,-0.54,2.21,0.0
20150125:0310,0.0,0.0,0.0,0.0,-0.62,2.28,0.0
20150125:0410,0.0,0.0,0.0,0.0,-0.85,2.28,0.0
20150125:0510,0.0,0.0,0.0,0.0,-0.93,2.21,0.0
20150125:0610,0.0,0.0,0.0,0.0,-1.2,2.14,0.0
20150125:0710,0.0,0.0,0.0,0.0,-1.29,2.14,0.0
20150125:0810,11.0,28.21,0.0,4.98,-1.28,1.93,0.0
20150125:0910,18.0,91.0,0.0,12.28,0.12,1.52,0.0
20150125:1010,11.0,128.0,0.0,17.91,2.64,1.72,0.0
20150125:1110,3.0,132.0,0.0,21.4,4.35,1.93,0.0
20150125:1210,105.0,174.0,0.0,22.37,5.84,2.69,0.0
20150125:1310,76.0,165.0,0.0,20.72,6.1,2.76,0.0
20150125:1410,58.0,129.0,0.0,16.64,6.4,2.83,0.0
20150125:1510,64.0,66.0,0.0,10.53,6.37,2.69,0.0
20150125:1610,0.0,10.0,0.0,2.86,5.43,1.93,0.0
20150125:1710,0.0,0.0,0.0,0.0,4.0,2.14,0.0
20150125:1810,0.0,0.0,0.0,0.0,2.89,2.14,0.0
20150125:1910,0.0,0.0,0.0,0.0,3.13,1.86,0.0
20150125:2010,0.0,0.0,0.0,0.0,3.07,1.93,0.0
20150125:2110,0.0,0.0,0.0,0.0,3.21,1.93,0.0
20150125:2210,0.0,0.0,0.0,0.0,3.26,1.93,0.0
20150125:2310,0.0,0.0,0.0,0.0,3.11,2.14,0.0
20150126:0010,0.0,0.0,0.0,0.0,3.18,2.41,0.0
20150126:0110,0.0,0.0,0.0,0.0,3.31,2.76,0.0
20150126:0210,0.0,0.0,0.0,0.0,3.63,2.9,0.0
20150126:0310,0.0,0.0,0.0,0.0,3.93,2.97,0.0
20150126:0410,0.0,0.0,0.0,0.0,4.17,3.1,0.0
20150126:0510,0.0,0.0,0.0,0.0,4.39,3.24,0.0
20150126:0610,0.0,0.0,0.0,0.0,4.6,3.45,0.0
20150126:0710,0.0,0.0,0.0,0.0,4.58,3.17,0.0
20150126:0810,0.0,12.0,0.0,5.15,4.41,3.24,0.0
20150126:0910,0.0,52.0,0.0,12.48,4.51,3.45,0.0
20150126:1010,2.0,107.0,0.0,18.13,4.83,3.66,0.0
20150126:1110,0.0,58.0,0.0,21.64,5.26,3.72,0.0
20150126:1210,37.0,181.0,0.0,22.63,5.79,3.72,0.0
20150126:1310,8.0,144.0,0.0,20.98,6.52,3.66,0.0
20150126:1410,0.0,86.0,0.0,16.89,7.03,3.79,0.0
20150126:1510,2.0,63.0,0.0,10.77,7.53,3.86,0.0
20150126:1610,0.0,11.0,0.0,3.1,7.65,3.79,0.0
20150126:1710,0.0,0.0,0.0,0.0,7.71,3.93,0.0
20150126:1810,0.0,0.0,0.0,0.0,7.78,4.07,0.0
20150126:1910,0.0,0.0,0.0,0.0,7.92,3.86,0.0
20150126:2010,0.0,0.0,0.0,0.0,7.81,4.62,0.0
20150126:2110,0.0,0.0,0.0,0.0,6.96,4.55,0.0
20150126:2210,0.0,0.0,0.0,0.0,5.82,3.86,0.0
20150126:2310,0.0,0.0,0.0,0.0,4.5,3.38,0.0
20150127:0010,0.0,0.0,0.0,0.0,3.49,2.97,0.0
20150127:0110,0.0,0.0,0.0,0.0,2.73,2.83,0.0
20150127:0210,0.0,0.0,0.0,0.0,2.78,2.76,0.0
20150127:0310,0.0,0.0,0.0,0.0,2.6,2.69,0.0
20150127:0410,0.0,0.0,0.0,0.0,2.58,2.48,0.0
20150127:0510,0.0,0.0,0.0,0.0,2.59,2.41,0.0
20150127:0610,0.0,0.0,0.0,0.0,2.23,2.41,0.0
20150127:0710,0.0,0.0,0.0,0.0,2.19,2.34,0.0
20150127:0810,12.0,29.97,0.0,5.33,2.47,2.28,0.0
20150127:0910,34.0,96.0,0.0,12.68,3.46,1.86,0.0
20150127:1010,10.0,130.0,0.0,18.36,4.57,3.24,0.0
20150127:1110,21.0,169.0,0.0,21.88,5.34,3.31,0.0
20150127:1210,6.0,152.0,0.0,22.88,6.05,3.24,0.0
20150127:1310,5.0,139.0,0.0,21.24,6.55,3.24,0.0
20150127:1410,20.0,131.0,0.0,17.15,6.87,3.38,0.0
20150127:1510,17.0,79.0,0.0,11.02,6.69,2.55,0.0
20150127:1610,0.0,16.0,0.0,3.34,6.37,2.21,0.0
20150127:1710,0.0,0.0,0.0,0.0,5.42,2.21,0.0
20150127:1810,0.0,0.0,0.0,0.0,4.83,2.21,0.0
20150127:1910,0.0,0.0,0.0,0.0,4.12,2.07,0.0
20150127:2010,0.0,0.0,0.0,0.0,3.42,2.21,0.0
20150127:2110,0.0,0.0,0.0,0.0,2.75,2.41,0.0
20150127:2210,0.0,0.0,0.0,0.0,2.39,2.41,0.0
20150127:2310,0.0,0.0,0.0,0.0,2.07,2.34,0.0
20150128:0010,0.0,0.0,0.0,0.0,1.98,2.41,0.0
20150128:0110,0.0,0.0,0.0,0.0,2.01,2.41,0.0
20150128:0210,0.0,0.0,0.0,0.0,2.26,2.55,0.0
20150128:0310,0.0,0.0,0.0,0.0,2.58,2.9,0.0
20150128:0410,0.0,0.0,0.0,0.0,2.95,3.17,0.0
20150128:0510,0.0,0.0,0.0,0.0,3.35,3.45,0.0
20150128:0610,0.0,0.0,0.0,0.0,3.67,3.79,0.0
20150128:0710,0.0,0.0,0.0,0.0,4.02,4.07,0.0
20150128:0810,6.0,32.49,0.0,5.52,4.41,4.41,0.0
20150128:0910,3.0,80.0,0.0,12.89,4.8,4.62,0.0
20150128:1010,28.0,145.0,0.0,18.58,5.92,6.34,0.0
20150128:1110,0.0,81.0,0.0,22.13,6.58,6.76,0.0
20150128:1210,0.0,106.0,0.0,23.14,6.65,6.83,0.0
20150128:1310,0.0,63.0,0.0,21.51,6.84,7.1,0.0
20150128:1410,0.0,54.0,0.0,17.41,7.24,7.31,0.0
20150128:1510,0.0,43.0,0.0,11.27,7.63,7.38,0.0
20150128:1610,0.0,9.0,0.0,3.58,7.95,6.9,0.0
20150128:1710,0.0,0.0,0.0,0.0,8.05,6.76,0.0
20150128:1810,0.0,0.0,0.0,0.0,6.95,6.41,0.0
20150128:1910,0.0,0.0,0.0,0.0,6.55,5.38,0.0
20150128:2010,0.0,0.0,0.0,0.0,5.68,4.55,0.0
20150128:2110,0.0,0.0,0.0,0.0,4.83,4.14,0.0
20150128:2210,0.0,0.0,0.0,0.0,4.27,4.0,0.0
20150128:2310,0.0,0.0,0.0,0.0,3.7,3.72,0.0
20150129:0010,0.0,0.0,0.0,0.0,3.05,3.59,0.0
20150129:0110,0.0,0.0,0.0,0.0,2.78,3.93,0.0
20150129:0210,0.0,0.0,0.0,0.0,2.76,4.48,0.0
20150129:0310,0.0,0.0,0.0,0.0,2.91,5.1,0.0
20150129:0410,0.0,0.0,0.0,0.0,3.05,5.59,0.0
20150129:0510,0.0,0.0,0.0,0.0,3.29,5.93,0.0
20150129:0610,0.0,0.0,0.0,0.0,3.31,5.93,0.0
20150129:0710,0.0,0.0,0.0,0.0,3.69,5.24,0.0
20150129:0810,1.0,29.79,0.0,5.71,3.86,5.38,0.0
20150129:0910,0.0,61.0,0.0,13.1,3.96,5.52,0.0
20150129:1010,22.0,146.0,0.0,18.82,4.38,5.52,0.0
20150129:1110,2.0,136.0,0.0,22.38,5.1,5.66,0.0
20150129:1210,2.0,143.0,0.0,23.41,5.33,6.0,0.0
20150129:1310,14.0,160.0,0.0,21.78,5.19,6.07,0.0
20150129:1410,14.0,129.0,0.0,17.68,4.9,5.66,0.0
20150129:1510,1.0,61.0,0.0,11.53,4.65,5.17,0.0
20150129:1610,0.0,16.0,0.0,3.82,4.49,5.31,0.0
20150129:1710,0.0,0.0,0.0,0.0,4.37,5.66,0.0
20150129:1810,0.0,0.0,0.0,0.0,4.15,6.69,0.0
20150129:1910,0.0,0.0,0.0,0.0,4.72,5.17,0.0
20150129:2010,0.0,0.0,0.0,0.0,4.15,7.38,0.0
20150129:2110,0.0,0.0,0.0,0.0,3.21,7.31,0.0
20150129:2210,0.0,0.0,0.0,0.0,2.21,6.69,0.0
20150129:2310,0.0,0.0,0.0,0.0,1.36,5.93,0.0
20150130:0010,0.0,0.0,0.0,0.0,1.04,5.24,0.0
20150130:0110,0.0,0.0,0.0,0.0,0.76,4.9,0.0
20150130:0210,0.0,0.0,0.0,0.0,0.69,5.24,0.0
20150130:0310,0.0,0.0,0.0,0.0,0.91,5.52,0.0
20150130:0410,0.0,0.0,0.0,0.0,0.94,5.17,0.0
20150130:0510,0.0,0.0,0.0,0.0,0.94,4.9,0.0
20150130:0610,0.0,0.0,0.0,0.0,0.96,5.17,0.0
20150130:0710,0.0,0.0,0.0,0.0,0.79,5.66,0.0
20150130:0810,27.0,36.0,0.0,5.91,1.15,6.0,0.0
20150130:0910,72.0,94.0,0.0,13.32,2.02,6.55,0.0
20150130:1010,0.0,66.0,0.0,19.06,2.79,6.14,0.0
20150130:1110,0.0,74.0,0.0,22.65,3.31,5.79,0.0
20150130:1210,0.0,117.0,0.0,23.68,3.96,5.66,0.0
20150130:1310,0.0,116.0,0.0,22.05,4.67,5.24,0.0
20150130:1410,133.01,118.0,0.0,17.95,5.05,6.07,0.0
20150130:1510,13.0,85.0,0.0,11.79,4.78,6.0,0.0
20150130:1610,6.0,21.62,0.0,4.07,4.06,5.38,0.0
20150130:1710,0.0,0.0,0.0,0.0,3.26,4.21,0.0
20150130:1810,0.0,0.0,0.0,0.0,2.34,3.45,0.0
20150130:1910,0.0,0.0,0.0,0.0,1.24,2.48,0.0
20150130:2010,0.0,0.0,0.0,0.0,0.23,2.48,0.0
20150130:2110,0.0,0.0,0.0,0.0,-0.26,2.55,0.0
20150130:2210,0.0,0.0,0.0,0.0,-0.55,2.62,0.0
20150130:2310,0.0,0.0,0.0,0.0,-0.56,2.69,0.0
20150131:0010,0.0,0.0,0.0,0.0,-0.55,2.55,0.0
20150131:0110,0.0,0.0,0.0,0.0,-0.25,2.48,0.0
20150131:0210,0.0,0.0,0.0,0.0,0.56,2.21,0.0
20150131:0310,0.0,0.0,0.0,0.0,1.27,2.07,0.0
20150131:0410,0.0,0.0,0.0,0.0,1.8,2.28,0.0
20150131:0510,0.0,0.0,0.0,0.0,1.9,2.55,0.0
20150131:0610,0.0,0.0,0.0,0.0,1.76,2.69,0.0
20150131:0710,0.0,0.0,0.0,0.0,1.94,2.76,0.0
20150131:0810,44.0,31.0,0.0,6.11,1.98,2.69,0.0
20150131:0910,152.01,57.0,0.0,13.54,2.63,2.9,0.0
20150131:1010,241.01,75.0,0.0,19.31,3.46,4.76,0.0
20150131:1110,307.01,80.0,0.0,22.91,3.98,5.31,0.0
20150131:1210,215.01,144.0,0.0,23.96,4.27,5.52,0.0
20150131:1310,279.01,88.0,0.0,22.33,4.67,5.45,0.0
20150131:1410,83.0,139.0,0.0,18.22,5.03,4.97,0.0
20150131:1510,0.0,59.0,0.0,12.05,5.08,4.69,0.0
20150131:1610,4.0,23.09,0.0,4.32,4.02,4.97,0.0
20150131:1710,0.0,0.0,0.0,0.0,3.21,4.83,0.0
20150131:1810,0.0,0.0,0.0,0.0,2.41,4.14,0.0
20150131:1910,0.0,0.0,0.0,0.0,2.38,4.14,0.0
20150131:2010,0.0,0.0,0.0,0.0,2.25,4.07,0.0
20150131:2110,0.0,0.0,0.0,0.0,2.08,4.21,0.0
20150131:2210,0.0,0.0,0.0,0.0,2.05,4.55,0.0
20150131:2310,0.0,0.0,0.0,0.0,2.01,5.03,0.0
20150201:0010,0.0,0.0,0.0,0.0,2.04,5.45,0.0
20150201:0110,0.0,0.0,0.0,0.0,1.75,5.38,0.0
20150201:0210,0.0,0.0,0.0,0.0,1.51,5.17,0.0
20150201:0310,0.0,0.0,0.0,0.0,1.02,4.9,0.0
20150201:0410,0.0,0.0,0.0,0.0,0.61,4.69,0.0
20150201:0510,0.0,0.0,0.0,0.0,0.43,4.48,0.0
20150201:0610,0.0,0.0,0.0,0.0,0.18,4.28,0.0
20150201:0710,0.0,0.0,0.0,0.0,0.74,4.34,0.0
20150201:0810,33.0,37.0,0.0,6.32,0.91,4.21,0.0
20150201:0910,11.0,99.0,0.0,13.78,1.42,3.66,0.0
20150201:1010,16.0,147.0,0.0,19.56,2.12,5.17,0.0
20150201:1110,0.0,88.0,0.0,23.18,2.58,5.1,0.0
20150201:1210,12.0,177.0,0.0,24.24,3.03,4.97,0.0
20150201:1310,27.0,179.0,0.0,22.62,3.65,5.24,0.0
20150201:1410,2.0,111.0,0.0,18.5,4.32,5.03,0.0
20150201:1510,3.0,73.0,0.0,12.31,4.39,5.31,0.0
20150201:1610,6.0,24.61,0.0,4.57,3.77,5.72,0.0
20150201:1710,0.0,0.0,0.0,0.0,3.11,5.31,0.0
20150201:1810,0.0,0.0,0.0,0.0,2.69,5.03,0.0
20150201:1910,0.0,0.0,0.0,0.0,2.22,4.41,0.0
20150201:2010,0.0,0.0,0.0,0.0,1.88,4.14,0.0
20150201:2110,0.0,0.0,0.0,0.0,1.97,4.0,0.0
20150201:2210,0.0,0.0,0.0,0.0,1.99,3.79,0.0
20150201:2310,0.0,0.0,0.0,0.0,2.24,3.59,0.0
20150202:0010,0.0,0.0,0.0,0.0,1.91,3.1,0.0
20150202:0110,0.0,0.0,0.0,0.0,1.72,2.76,0.0
20150202:0210,0.0,0.0,0.0,0.0,1.58,2.62,0.0
20150202:0310,0.0,0.0,0.0,0.0,1.01,2.41,0.0
20150202:0410,0.0,0.0,0.0,0.0,0.85,2.21,0.0
20150202:0510,0.0,0.0,0.0,0.0,0.26,2.0,0.0
20150202:0610,0.0,0.0,0.0,0.0,-0.11,1.93,0.0
20150202:0710,0.0,0.0,0.0,0.0,-1.14,1.86,0.0
20150202:0810,30.0,41.0,0.0,6.54,-1.22,1.93,0.0
20150202:0910,25.0,108.0,0.0,14.01,0.01,2.21,0.0
20150202:1010,184.01,114.0,0.0,19.82,1.03,2.83,0.0
20150202:1110,14.0,175.0,0.0,23.46,2.13,2.97,0.0
20150202:1210,7.0,168.0,0.0,24.53,2.96,3.17,0.0
20150202:1310,94.0,184.0,0.0,22.91,3.29,3.24,0.0
20150202:1410,24.0,147.0,0.0,18.78,3.35,3.1,0.0
20150202:1510,20.0,94.0,0.0,12.58,3.14,2.83,0.0
20150202:1610,22.0,21.98,0.0,4.83,2.68,2.14,0.0
20150202:1710,0.0,0.0,0.0,0.0,1.89,1.72,0.0
20150202:1810,0.0,0.0,0.0,0.0,0.97,1.66,0.0
20150202:1910,0.0,0.0,0.0,0.0,-0.1,1.66,0.0
20150202:2010,0.0,0.0,0.0,0.0,-1.26,1.66,0.0
20150202:2110,0.0,0.0,0.0,0.0,-1.82,1.52,0.0
20150202:2210,0.0,0.0,0.0,0.0,-2.0,1.38,0.0
20150202:2310,0.0,0.0,0.0,0.0,-1.86,1.17,0.0
20150203:0010,0.0,0.0,0.0,0.0,-1.69,1.03,0.0
20150203:0110,0.0,0.0,0.0,0.0,-1.44,0.9,0.0
20150203:0210,0.0,0.0,0.0,0.0,-1.83,1.03,0.0
20150203:0310,0.0,0.0,0.0,0.0,-2.1,1.17,0.0
20150203:0410,0.0,0.0,0.0,0.0,-2.47,1.24,0.0
20150203:0510,0.0,0.0,0.0,0.0,-2.74,1.24,0.0
20150203:0610,0.0,0.0,0.0,0.0,-2.96,1.17,0.0
20150203:0710,0.0,0.0,0.0,0.0,-3.18,1.38,0.0
20150203:0810,57.0,32.0,0.0,6.76,-2.95,1.31,0.0
20150203:0910,172.01,57.0,0.0,14.26,-0.83,1.17,0.0
20150203:1010,214.01,102.0,0.0,20.08,0.89,1.38,0.0
20150203:1110,331.01,79.0,0.0,23.74,1.7,2.07,0.0
20150203:1210,306.01,105.0,0.0,24.83,2.39,2.62,0.0
20150203:1310,96.0,187.0,0.0,23.2,2.84,3.03,0.0
20150203:1410,138.01,128.0,0.0,19.06,3.12,3.1,0.0
20150203:1510,16.0,94.0,0.0,12.85,2.9,3.1,0.0
20150203:1610,7.0,29.26,0.0,5.08,2.48,2.62,0.0
20150203:1710,0.0,0.0,0.0,0.0,1.57,2.48,0.0
20150203:1810,0.0,0.0,0.0,0.0,0.82,2.69,0.0
20150203:1910,0.0,0.0,0.0,0.0,-0.11,2.76,0.0
20150203:2010,0.0,0.0,0.0,0.0,-0.53,2.83,0.0
20150203:2110,0.0,0.0,0.0,0.0,-0.9,2.97,0.0
20150203:2210,0.0,0.0,0.0,0.0,-1.27,3.03,0.0
20150203:2310,0.0,0.0,0.0,0.0,-1.46,3.1,0.0
20150204:0010,0.0,0.0,0.0,0.0,-1.44,3.17,0.0
20150204:0110,0.0,0.0,0.0,0.0,-1.58,3.17,0.0
20150204:0210,0.0,0.0,0.0,0.0,-1.75,3.24,0.0
20150204:0310,0.0,0.0,0.0,0.0,-1.53,3.59,0.0
20150204:0410,0.0,0.0,0.0,0.0,-0.98,4.0,0.0
20150204:0510,0.0,0.0,0.0,0.0,-0.76,4.48,0.0
20150204:0610,0.0,0.0,0.0,0.0,-0.72,4.21,0.0
20150204:0710,0.0,0.0,0.0,0.0,-0.64,4.34,0.0
20150204:0810,53.0,36.0,0.0,6.99,-0.72,3.72,0.0
20150204:0910,138.01,78.0,0.0,14.5,-0.42,4.62,0.0
20150204:1010,133.01,146.0,0.0,20.35,0.56,6.41,0.0
20150204:1110,150.01,178.0,0.0,24.03,1.62,6.48,0.0
20150204:1210,280.01,125.0,0.0,25.12,2.87,6.69,0.0
20150204:1310,315.01,85.0,0.0,23.5,3.65,6.48,0.0
20150204:1410,254.01,71.0,0.0,19.35,4.14,6.41,0.0
20150204:1510,146.01,57.0,0.0,13.13,4.04,5.38,0.0
20150204:1610,31.0,21.37,0.0,5.34,3.71,4.55,0.0
20150204:1710,0.0,0.0,0.0,0.0,2.8,4.0,0.0
20150204:1810,0.0,0.0,0.0,0.0,1.51,3.72,0.0
20150204:1910,0.0,0.0,0.0,0.0,1.31,3.86,0.0
20150204:2010,0.0,0.0,0.0,0.0,1.26,4.07,0.0
20150204:2110,0.0,0.0,0.0,0.0,1.11,4.07,0.0
20150204:2210,0.0,0.0,0.0,0.0,0.86,3.86,0.0
20150204:2310,0.0,0.0,0.0,0.0,0.95,3.86,0.0
20150205:0010,0.0,0.0,0.0,0.0,1.11,3.93,0.0
20150205:0110,0.0,0.0,0.0,0.0,0.95,3.93,0.0
20150205:0210,0.0,0.0,0.0,0.0,0.64,4.07,0.0
20150205:0310,0.0,0.0,0.0,0.0,0.37,4.28,0.0
20150205:0410,0.0,0.0,0.0,0.0,-0.1,4.21,0.0
20150205:0510,0.0,0.0,0.0,0.0,-0.43,4.28,0.0
20150205:0610,0.0,0.0,0.0,0.0,-0.69,4.21,0.0
20150205:0710,0.0,0.0,0.0,0.0,-1.08,3.45,0.0
20150205:0810,50.0,40.0,0.0,7.22,-1.29,3.52,0.0
20150205:0910,158.01,70.0,0.0,14.76,-1.03,4.14,0.0
20150205:1010,269.01,79.0,0.0,20.63,-0.25,5.31,0.0
20150205:1110,328.01,89.0,0.0,24.32,0.99,5.38,0.0
20150205:1210,296.01,120.0,0.0,25.42,2.07,6.21,0.0
20150205:1310,210.01,148.0,0.0,23.8,2.61,6.07,0.0
20150205:1410,105.0,149.0,0.0,19.64,2.7,5.86,0.0
20150205:1510,0.0,59.0,0.0,13.4,2.62,6.0,0.0
20150205:1610,1.0,27.8,0.0,5.6,2.09,4.97,0.0
20150205:1710,0.0,0.0,0.0,0.0,0.94,4.69,0.0
20150205:1810,0.0,0.0,0.0,0.0,0.14,5.1,0.0
20150205:1910,0.0,0.0,0.0,0.0,-0.67,5.24,0.0
20150205:2010,0.0,0.0,0.0,0.0,-1.07,5.45,0.0
20150205:2110,0.0,0.0,0.0,0.0,-1.21,5.66,0.0
20150205:2210,0.0,0.0,0.0,0.0,-1.46,5.79,0.0
20150205:2310,0.0,0.0,0.0,0.0,-1.67,5.93,0.0
20150206:0010,0.0,0.0,0.0,0.0,-1.97,6.07,0.0
20150206:0110,0.0,0.0,0.0,0.0,-2.2,6.14,0.0
20150206:0210,0.0,0.0,0.0,0.0,-2.3,6.21,0.0
20150206:0310,0.0,0.0,0.0,0.0,-2.4,6.14,0.0
20150206:0410,0.0,0.0,0.0,0.0,-2.5,6.21,0.0
20150206:0510,0.0,0.0,0.0,0.0,-2.61,6.34,0.0
20150206:0610,0.0,0.0,0.0,0.0,-2.73,6.21,0.0
20150206:0710,0.0,0.0,0.0,0.0,-2.61,6.07,0.0
20150206:0810,49.0,43.0,0.0,7.46,-2.49,5.72,0.0
20150206:0910,144.01,81.0,0.0,15.01,-1.71,6.21,0.0
20150206:1010,248.01,93.0,0.0,20.91,-0.65,7.24,0.0
20150206:1110,300.01,108.0,0.0,24.62,0.56,7.86,0.0
20150206:1210,262.01,143.0,0.0,25.73,1.55,7.86,0.0
20150206:1310,286.01,109.0,0.0,24.1,2.16,7.79,0.0
20150206:1410,232.01,90.0,0.0,19.93,2.27,7.79,0.0
20150206:1510,100.0,87.0,0.0,13.68,2.18,7.72,0.0
20150206:1610,22.0,37.0,0.0,5.87,1.66,6.62,0.0
20150206:1710,0.0,0.0,0.0,0.0,0.75,6.14,0.0
20150206:1810,0.0,0.0,0.0,0.0,0.23,5.93,0.0
20150206:1910,0.0,0.0,0.0,0.0,-0.29,5.59,0.0
20150206:2010,0.0,0.0,0.0,0.0,-0.45,5.66,0.0
20150206:2110,0.0,0.0,0.0,0.0,-0.59,5.59,0.0
20150206:2210,0.0,0.0,0.0,0.0,-0.81,5.59,0.0
20150206:2310,0.0,0.0,0.0,0.0,-1.03,5.66,0.0
20150207:0010,0.0,0.0,0.0,0.0,-1.24,5.72,0.0
20150207:0110,0.0,0.0,0.0,0.0,-1.5,5.66,0.0
20150207:0210,0.0,0.0,0.0,0.0,-1.77,5.38,0.0
20150207:0310,0.0,0.0,0.0,0.0,-2.06,5.03,0.0
20150207:0410,0.0,0.0,0.0,0.0,-2.34,4.9,0.0
20150207:0510,0.0,0.0,0.0,0.0,-2.55,4.83,0.0
20150207:0610,0.0,0.0,0.0,0.0,-2.72,4.76,0.0
20150207:0710,0.0,0.0,0.0,0.0,-2.45,4.41,0.0
20150207:0810,41.0,49.0,0.0,7.7,-2.23,4.28,0.0
20150207:0910,129.01,92.0,0.0,15.28,-1.13,4.34,0.0
20150207:1010,248.01,97.0,0.0,21.19,0.16,5.31,0.0
20150207:1110,312.01,104.0,0.0,24.92,1.31,5.66,0.0
20150207:1210,368.01,86.0,0.0,26.04,2.41,5.66,0.0
20150207:1310,338.01,84.0,0.0,24.41,3.28,5.59,0.0
20150207:1410,242.01,88.0,0.0,20.23,3.88,5.38,0.0
20150207:1510,142.01,69.0,0.0,13.96,4.05,5.24,0.0
20150207:1610,32.0,36.0,0.0,6.13,3.56,4.48,0.0
20150207:1710,0.0,0.0,0.0,0.0,2.37,4.28,0.0
20150207:1810,0.0,0.0,0.0,0.0,1.68,4.34,0.0
20150207:1910,0.0,0.0,0.0,0.0,1.37,4.83,0.0
20150207:2010,0.0,0.0,0.0,0.0,1.17,4.62,0.0
20150207:2110,0.0,0.0,0.0,0.0,1.25,4.48,0.0
20150207:2210,0.0,0.0,0.0,0.0,1.57,4.62,0.0
20150207:2310,0.0,0.0,0.0,0.0,2.24,4.34,0.0
20150208:0010,0.0,0.0,0.0,0.0,2.58,3.93,0.0
20150208:0110,0.0,0.0,0.0,0.0,2.89,3.79,0.0
20150208:0210,0.0,0.0,0.0,0.0,3.15,3.86,0.0
20150208:0310,0.0,0.0,0.0,0.0,3.4,4.07,0.0
20150208:0410,0.0,0.0,0.0,0.0,3.66,4.21,0.0
20150208:0510,0.0,0.0,0.0,0.0,3.98,4.41,0.0
20150208:0610,0.0,0.0,0.0,0.0,4.19,4.9,0.0
20150208:0710,0.0,0.0,0.0,0.0,4.03,4.83,0.0
20150208:0810,31.0,54.0,0.0,7.95,4.1,5.03,0.0
20150208:0910,29.0,120.0,0.0,15.55,4.64,5.31,0.0
20150208:1010,0.0,86.0,0.0,21.48,5.16,6.76,0.0
20150208:1110,11.0,181.0,0.0,25.23,5.79,7.31,0.0
20150208:1210,12.0,190.0,0.0,26.36,6.09,7.24,0.0
20150208:1310,0.0,61.0,0.0,24.72,6.3,6.69,0.0
20150208:1410,10.0,147.0,0.0,20.53,6.27,6.28,0.0
20150208:1510,69.0,103.0,0.0,14.24,6.24,6.21,0.0
20150208:1610,4.0,37.0,0.0,6.4,5.84,5.31,0.0
20150208:1710,0.0,0.0,0.0,0.0,4.63,4.41,0.0
20150208:1810,0.0,0.0,0.0,0.0,3.62,4.0,0.0
20150208:1910,0.0,0.0,0.0,0.0,2.83,3.45,0.0
20150208:2010,0.0,0.0,0.0,0.0,2.07,3.24,0.0
20150208:2110,0.0,0.0,0.0,0.0,1.41,3.17,0.0
20150208:2210,0.0,0.0,0.0,0.0,0.88,3.03,0.0
20150208:2310,0.0,0.0,0.0,0.0,0.45,2.83,0.0
20150209:0010,0.0,0.0,0.0,0.0,0.06,2.69,0.0
20150209:0110,0.0,0.0,0.0,0.0,-0.29,2.62,0.0
20150209:0210,0.0,0.0,0.0,0.0,-0.63,2.34,0.0
20150209:0310,0.0,0.0,0.0,0.0,-1.04,2.07,0.0
20150209:0410,0.0,0.0,0.0,0.0,-1.53,1.86,0.0
20150209:0510,0.0,0.0,0.0,0.0,-2.03,1.79,0.0
20150209:0610,0.0,0.0,0.0,0.0,-2.45,1.66,0.0
20150209:0710,0.0,0.0,0.0,0.0,-2.69,1.86,0.0
20150209:0810,35.0,55.0,0.0,8.21,-2.1,1.79,0.0
20150209:0910,160.01,79.0,0.0,15.82,1.25,1.66,0.0
20150209:1010,197.01,128.0,0.0,21.78,3.56,2.28,0.0
20150209:1110,0.0,109.0,0.0,25.54,4.21,2.69,0.0
20150209:1210,0.0,98.0,0.0,26.68,4.37,2.48,0.0
20150209:1310,0.0,114.0,0.0,25.04,4.66,2.28,0.0
20150209:1410,0.0,72.0,0.0,20.83,4.72,2.07,0.0
20150209:1510,0.0,73.0,0.0,14.53,4.86,2.07,0.0
20150209:1610,4.0,39.0,0.0,6.66,4.75,2.21,0.0
20150209:1710,0.0,0.0,0.0,0.0,4.15,1.79,0.0
20150209:1810,0.0,0.0,0.0,0.0,3.62,1.86,0.0
20150209:1910,0.0,0.0,0.0,0.0,2.54,2.0,0.0
20150209:2010,0.0,0.0,0.0,0.0,2.38,2.07,0.0
20150209:2110,0.0,0.0,0.0,0.0,2.23,2.21,0.0
20150209:2210,0.0,0.0,0.0,0.0,1.94,2.07,0.0
20150209:2310,0.0,0.0,0.0,0.0,1.99,1.93,0.0
20150210:0010,0.0,0.0,0.0,0.0,2.02,1.86,0.0
20150210:0110,0.0,0.0,0.0,0.0,2.02,1.93,0.0
20150210:0210,0.0,0.0,0.0,0.0,2.0,2.07,0.0
20150210:0310,0.0,0.0,0.0,0.0,1.96,2.14,0.0
20150210:0410,0.0,0.0,0.0,0.0,1.96,2.28,0.0
20150210:0510,0.0,0.0,0.0,0.0,1.99,2.34,0.0
20150210:0610,0.0,0.0,0.0,0.0,2.03,2.41,0.0
20150210:0710,0.0,0.0,0.0,0.0,1.96,2.28,0.0
20150210:0810,3.0,49.0,0.0,8.46,2.3,2.41,0.0
20150210:0910,0.0,76.0,0.0,16.1,3.01,2.55,0.0
20150210:1010,0.0,108.0,0.0,22.08,3.77,2.83,0.0
20150210:1110,9.0,182.0,0.0,25.86,4.49,3.1,0.0
20150210:1210,19.0,205.0,0.0,27.0,5.32,3.24,0.0
20150210:1310,8.0,174.0,0.0,25.36,5.65,3.38,0.0
20150210:1410,0.0,101.0,0.0,21.14,5.92,3.52,0.0
20150210:1510,1.0,84.0,0.0,14.82,6.04,3.52,0.0
20150210:1610,5.0,42.0,0.0,6.93,5.92,2.9,0.0
20150210:1710,0.0,0.0,0.0,0.0,5.52,2.55,0.0
20150210:1810,0.0,0.0,0.0,0.0,5.06,2.62,0.0
20150210:1910,0.0,0.0,0.0,0.0,4.63,3.03,0.0
20150210:2010,0.0,0.0,0.0,0.0,4.41,3.03,0.0
20150210:2110,0.0,0.0,0.0,0.0,4.21,2.9,0.0
20150210:2210,0.0,0.0,0.0,0.0,3.74,2.69,0.0
20150210:2310,0.0,0.0,0.0,0.0,3.27,2.48,0.0
20150211:0010,0.0,0.0,0.0,0.0,2.77,2.41,0.0
20150211:0110,0.0,0.0,0.0,0.0,2.08,2.41,0.0
20150211:0210,0.0,0.0,0.0,0.0,1.71,2.41,0.0
20150211:0310,0.0,0.0,0.0,0.0,1.06,2.34,0.0
20150211:0410,0.0,0.0,0.0,0.0,0.57,2.28,0.0
20150211:0510,0.0,0.0,0.0,0.0,-0.05,2.28,0.0
20150211:0610,0.0,0.0,0.0,0.0,-0.42,2.28,0.0
20150211:0710,0.0,0.0,0.0,0.0,-0.86,2.14,0.0
20150211:0810,66.0,48.0,0.0,8.73,-0.69,1.93,0.0
20150211:0910,174.01,78.0,0.0,16.38,1.45,2.28,0.0
20150211:1010,281.01,89.0,0.0,22.38,3.36,2.41,0.0
20150211:1110,344.01,97.0,0.0,26.18,4.56,2.0,0.0
20150211:1210,398.01,81.0,0.0,27.33,5.78,1.86,0.0
20150211:1310,363.01,82.0,0.0,25.68,6.71,1.66,0.0
20150211:1410,264.01,87.0,0.0,21.44,7.29,1.59,0.0
20150211:1510,160.01,70.0,0.0,15.1,7.57,1.52,0.0
20150211:1610,47.0,40.0,0.0,7.2,7.31,1.17,0.0
20150211:1710,0.0,0.0,0.0,0.0,6.12,1.03,0.0
20150211:1810,0.0,0.0,0.0,0.0,4.59,0.97,0.0
20150211:1910,0.0,0.0,0.0,0.0,1.96,1.52,0.0
20150211:2010,0.0,0.0,0.0,0.0,1.59,1.24,0.0
20150211:2110,0.0,0.0,0.0,0.0,1.87,0.97,0.0
20150211:2210,0.0,0.0,0.0,0.0,1.09,0.97,0.0
20150211:2310,0.0,0.0,0.0,0.0,0.53,0.97,0.0
20150212:0010,0.0,0.0,0.0,0.0,0.08,0.97,0.0
20150212:0110,0.0,0.0,0.0,0.0,-0.29,0.9,0.0
20150212:0210,0.0,0.0,0.0,0.0,-0.73,0.83,0.0
20150212:0310,0.0,0.0,0.0,0.0,-1.33,0.97,0.0
20150212:0410,0.0,0.0,0.0,0.0,-2.45,1.03,0.0
20150212:0510,0.0,0.0,0.0,0.0,-2.77,0.83,0.0
20150212:0610,0.0,0.0,0.0,0.0,-3.0,0.83,0.0
20150212:0710,0.0,0.0,0.0,0.0,-2.82,0.62,0.0
20150212:0810,16.0,63.0,0.0,9.0,-2.08,0.48,0.0
20150212:0910,21.0,128.0,0.0,16.67,-0.96,0.28,0.0
20150212:1010,19.0,173.0,0.0,22.69,0.7,0.21,0.0
20150212:1110,32.0,211.0,0.0,26.5,2.47,0.07,0.0
20150212:1210,49.0,227.0,0.0,27.66,4.17,0.0,0.0
20150212:1310,209.01,169.0,0.0,26.0,5.51,0.34,0.0
20150212:1410,257.01,93.0,0.0,21.75,6.58,0.83,0.0
20150212:1510,160.01,72.0,0.0,15.39,7.02,1.1,0.0
20150212:1610,49.0,41.0,0.0,7.48,6.78,0.97,0.0
20150212:1710,0.0,0.0,0.0,0.0,5.72,1.45,0.0
20150212:1810,0.0,0.0,0.0,0.0,3.59,1.93,0.0
20150212:1910,0.0,0.0,0.0,0.0,3.02,0.76,0.0
20150212:2010,0.0,0.0,0.0,0.0,1.39,1.31,0.0
20150212:2110,0.0,0.0,0.0,0.0,-0.66,2.0,0.0
20150212:2210,0.0,0.0,0.0,0.0,-1.18,2.28,0.0
20150212:2310,0.0,0.0,0.0,0.0,-1.08,2.41,0.0
20150213:0010,0.0,0.0,0.0,0.0,-0.86,2.48,0.0
20150213:0110,0.0,0.0,0.0,0.0,-0.28,2.62,0.0
20150213:0210,0.0,0.0,0.0,0.0,0.18,2.83,0.0
20150213:0310,0.0,0.0,0.0,0.0,0.8,2.97,0.0
20150213:0410,0.0,0.0,0.0,0.0,0.92,3.1,0.0
20150213:0510,0.0,0.0,0.0,0.0,0.97,3.17,0.0
20150213:0610,0.0,0.0,0.0,0.0,1.05,3.38,0.0
20150213:0710,0.0,0.0,0.0,0.0,1.48,3.79,0.0
20150213:0810,48.0,60.0,0.0,9.27,2.39,4.14,0.0
20150213:0910,179.01,79.0,0.0,16.97,4.52,4.07,0.0
20150213:1010,163.01,156.0,0.0,23.01,6.16,4.55,0.0
20150213:1110,300.01,126.0,0.0,26.83,8.5,6.41,0.0
20150213:1210,362.01,102.0,0.0,27.99,10.03,7.45,0.0
20150213:1310,57.0,215.0,0.0,26.33,10.94,8.34,0.0
20150213:1410,11.0,157.0,0.0,22.07,11.37,8.34,0.0
20150213:1510,121.01,95.0,0.0,15.69,11.02,7.03,0.0
20150213:1610,0.0,17.0,0.0,7.75,10.04,6.76,0.0
20150213:1710,0.0,0.0,0.0,0.0,8.76,6.14,0.0
20150213:1810,0.0,0.0,0.0,0.0,7.69,6.14,0.0
20150213:1910,0.0,0.0,0.0,0.0,7.79,6.0,0.0
20150213:2010,0.0,0.0,0.0,0.0,7.59,5.86,0.0
20150213:2110,0.0,0.0,0.0,0.0,7.4,5.59,0.0
20150213:2210,0.0,0.0,0.0,0.0,7.27,5.59,0.0
20150213:2310,0.0,0.0,0.0,0.0,7.14,5.38,0.0
20150214:0010,0.0,0.0,0.0,0.0,7.08,5.38,0.0
20150214:0110,0.0,0.0,0.0,0.0,6.86,5.1,0.0
20150214:0210,0.0,0.0,0.0,0.0,6.7,4.76,0.0
20150214:0310,0.0,0.0,0.0,0.0,6.49,4.48,0.0
20150214:0410,0.0,0.0,0.0,0.0,6.23,4.55,0.0
20150214:0510,0.0,0.0,0.0,0.0,5.95,4.83,0.0
20150214:0610,0.0,0.0,0.0,0.0,5.72,5.03,0.0
20150214:0710,0.0,0.0,0.0,0.0,5.2,4.41,0.0
20150214:0810,0.0,36.0,0.0,9.55,5.41,4.55,0.0
20150214:0910,0.0,33.0,0.0,17.26,5.32,4.41,0.0
20150214:1010,0.0,62.0,0.0,23.32,5.28,3.93,0.0
20150214:1110,0.0,101.0,0.0,27.17,5.46,4.07,0.0
20150214:1210,25.0,217.0,0.0,28.33,6.42,3.38,0.0
20150214:1310,84.0,216.0,0.0,26.66,7.05,2.76,0.0
20150214:1410,41.0,179.0,0.0,22.38,7.89,3.24,0.0
20150214:1510,46.0,123.0,0.0,15.98,7.77,2.97,0.0
20150214:1610,49.0,46.0,0.0,8.02,7.39,2.55,0.0
20150214:1710,0.0,0.0,0.0,0.0,6.59,2.28,0.0
20150214:1810,0.0,0.0,0.0,0.0,5.93,2.28,0.0
20150214:1910,0.0,0.0,0.0,0.0,4.78,2.34,0.0
20150214:2010,0.0,0.0,0.0,0.0,4.91,2.34,0.0
20150214:2110,0.0,0.0,0.0,0.0,4.89,2.28,0.0
20150214:2210,0.0,0.0,0.0,0.0,4.92,2.07,0.0
20150214:2310,0.0,0.0,0.0,0.0,4.86,1.72,0.0
20150215:0010,0.0,0.0,0.0,0.0,4.65,1.59,0.0
20150215:0110,0.0,0.0,0.0,0.0,4.65,1.66,0.0
20150215:0210,0.0,0.0,0.0,0.0,4.62,1.86,0.0
20150215:0310,0.0,0.0,0.0,0.0,4.58,2.0,0.0
20150215:0410,0.0,0.0,0.0,0.0,4.47,2.07,0.0
20150215:0510,0.0,0.0,0.0,0.0,4.26,2.0,0.0
20150215:0610,0.0,0.0,0.0,0.0,4.03,2.0,0.0
20150215:0710,0.0,0.0,0.0,0.0,2.36,2.14,0.0
20150215:0810,13.0,68.0,0.0,9.83,2.77,2.41,0.0
20150215:0910,5.0,114.0,0.0,17.57,3.67,2.41,0.0
20150215:1010,0.0,66.0,0.0,23.65,4.81,2.28,0.0
20150215:1110,13.0,198.0,0.0,27.5,6.12,2.14,0.0
20150215:1210,3.0,176.0,0.0,28.67,6.89,2.28,0.0
20150215:1310,12.0,193.0,0.0,27.0,7.27,2.14,0.0
20150215:1410,6.0,151.0,0.0,22.7,7.45,2.0,0.0
20150215:1510,1.0,84.0,0.0,16.28,7.6,2.0,0.0
20150215:1610,0.0,30.0,0.0,8.3,7.39,1.79,0.0
20150215:1710,0.0,0.0,0.0,0.0,6.67,2.0,0.0
20150215:1810,0.0,0.0,0.0,0.0,5.6,2.21,0.0
20150215:1910,0.0,0.0,0.0,0.0,4.99,2.14,0.0
20150215:2010,0.0,0.0,0.0,0.0,4.26,2.14,0.0
20150215:2110,0.0,0.0,0.0,0.0,3.5,2.07,0.0
20150215:2210,0.0,0.0,0.0,0.0,2.75,2.07,0.0
20150215:2310,0.0,0.0,0.0,0.0,2.1,2.07,0.0
20150216:0010,0.0,0.0,0.0,0.0,1.61,1.86,0.0
20150216:0110,0.0,0.0,0.0,0.0,1.25,1.52,0.0
20150216:0210,0.0,0.0,0.0,0.0,1.73,1.1,0.0
20150216:0310,0.0,0.0,0.0,0.0,2.33,0.83,0.0
20150216:0410,0.0,0.0,0.0,0.0,1.17,0.69,0.0
20150216:0510,0.0,0.0,0.0,0.0,-0.87,1.45,0.0
20150216:0610,0.0,0.0,0.0,0.0,-0.73,1.45,0.0
20150216:0710,0.0,0.0,0.0,0.0,-0.47,1.45,0.0
20150216:0810,11.0,70.0,0.0,10.12,0.64,1.1,0.0
20150216:0910,50.0,141.0,0.0,17.87,2.65,1.45,0.0
20150216:1010,7.0,161.0,0.0,23.97,4.84,1.59,0.0
20150216:1110,0.0,142.0,0.0,27.85,6.95,1.79,0.0
20150216:1210,0.0,84.0,0.0,29.02,8.31,2.97,0.0
20150216:1310,0.0,0.0,0.0,0.0,9.35,3.38,0.0
20150216:1410,0.0,70.0,0.0,23.01,9.67,3.59,0.0
20150216:1510,0.0,0.0,0.0,0.0,9.56,3.59,0.0
20150216:1610,2.0,48.0,0.0,8.57,9.01,2.97,0.0
20150216:1710,0.0,0.0,0.0,0.0,7.67,2.41,0.0
20150216:1810,0.0,0.0,0.0,0.0,6.49,2.34,0.0
20150216:1910,0.0,0.0,0.0,0.0,6.03,2.41,0.0
20150216:2010,0.0,0.0,0.0,0.0,5.85,2.41,0.0
20150216:2110,0.0,0.0,0.0,0.0,5.7,2.34,0.0
20150216:2210,0.0,0.0,0.0,0.0,5.49,2.07,0.0
20150216:2310,0.0,0.0,0.0,0.0,5.22,1.86,0.0
20150217:0010,0.0,0.0,0.0,0.0,4.84,1.79,0.0
20150217:0110,0.0,0.0,0.0,0.0,4.69,1.86,0.0
20150217:0210,0.0,0.0,0.0,0.0,4.75,1.86,0.0
20150217:0310,0.0,0.0,0.0,0.0,4.86,1.79,0.0
20150217:0410,0.0,0.0,0.0,0.0,5.12,1.93,0.0
20150217:0510,0.0,0.0,0.0,0.0,5.28,2.34,0.0
20150217:0610,0.0,0.0,0.0,0.0,5.33,2.83,0.0
20150217:0710,0.0,0.0,0.0,0.0,5.4,3.45,0.0
20150217:0810,1.0,56.0,0.0,10.41,5.45,3.52,0.0
20150217:0910,7.0,123.0,0.0,18.18,5.57,3.59,0.0
20150217:1010,0.0,58.0,0.0,24.3,5.72,4.07,0.0
20150217:1110,0.0,60.0,0.0,28.19,5.86,4.48,0.0
20150217:1210,0.0,43.0,0.0,29.37,6.19,6.0,0.0
20150217:1310,0.0,74.0,0.0,27.67,6.8,5.52,0.0
20150217:1410,0.0,57.0,0.0,23.33,7.12,5.17,0.0
20150217:1510,0.0,48.0,0.0,16.87,7.0,4.0,0.0
20150217:1610,0.0,24.0,0.0,8.85,7.0,3.93,0.0
20150217:1710,0.0,0.0,0.0,0.0,6.81,3.86,0.0
20150217:1810,0.0,0.0,0.0,0.0,6.44,3.86,0.0
20150217:1910,0.0,0.0,0.0,0.0,6.2,3.59,0.0
20150217:2010,0.0,0.0,0.0,0.0,5.55,3.52,0.0
20150217:2110,0.0,0.0,0.0,0.0,4.82,3.45,0.0
20150217:2210,0.0,0.0,0.0,0.0,4.17,3.17,0.0
20150217:2310,0.0,0.0,0.0,0.0,3.43,2.97,0.0
20150218:0010,0.0,0.0,0.0,0.0,2.81,2.76,0.0
20150218:0110,0.0,0.0,0.0,0.0,2.17,2.55,0.0
20150218:0210,0.0,0.0,0.0,0.0,1.74,2.41,0.0
20150218:0310,0.0,0.0,0.0,0.0,1.13,2.34,0.0
20150218:0410,0.0,0.0,0.0,0.0,0.59,2.21,0.0
20150218:0510,0.0,0.0,0.0,0.0,0.28,2.21,0.0
20150218:0610,0.0,0.0,0.0,0.0,0.03,2.28,0.0
20150218:0710,0.0,1.0,0.0,1.79,0.55,2.0,0.0
20150218:0810,4.0,66.0,0.0,10.7,1.36,2.28,0.0
20150218:0910,9.0,129.0,0.0,18.5,2.28,1.93,0.0
20150218:1010,3.0,152.0,0.0,24.64,3.55,1.79,0.0
20150218:1110,0.0,150.0,0.0,28.54,4.54,1.72,0.0
20150218:1210,0.0,148.0,0.0,29.72,5.53,1.45,0.0
20150218:1310,1.0,156.0,0.0,28.01,6.28,1.31,0.0
20150218:1410,5.0,155.0,0.0,23.66,6.75,1.31,0.0
20150218:1510,100.0,122.0,0.0,17.17,6.92,1.45,0.0
20150218:1610,5.0,58.0,0.0,9.13,6.68,1.38,0.0
20150218:1710,0.0,0.0,0.0,0.0,6.24,1.17,0.0
20150218:1810,0.0,0.0,0.0,0.0,5.57,1.38,0.0
20150218:1910,0.0,0.0,0.0,0.0,5.02,0.69,0.0
20150218:2010,0.0,0.0,0.0,0.0,4.57,0.97,0.0
20150218:2110,0.0,0.0,0.0,0.0,4.51,1.31,0.0
20150218:2210,0.0,0.0,0.0,0.0,4.16,1.52,0.0
20150218:2310,0.0,0.0,0.0,0.0,3.79,1.59,0.0
20150219:0010,0.0,0.0,0.0,0.0,3.27,1.59,0.0
20150219:0110,0.0,0.0,0.0,0.0,2.88,1.52,0.0
20150219:0210,0.0,0.0,0.0,0.0,2.48,1.45,0.0
20150219:0310,0.0,0.0,0.0,0.0,1.88,1.38,0.0
20150219:0410,0.0,0.0,0.0,0.0,1.35,1.31,0.0
20150219:0510,0.0,0.0,0.0,0.0,0.94,1.45,0.0
20150219:0610,0.0,0.0,0.0,0.0,0.39,1.72,0.0
20150219:0710,0.0,8.0,0.0,2.07,-0.1,1.93,0.0
20150219:0810,90.0,61.0,0.0,11.0,0.48,1.86,0.0
20150219:0910,138.0,124.0,0.0,18.82,2.41,2.41,0.0
20150219:1010,340.01,86.0,0.0,24.98,4.54,3.03,0.0
20150219:1110,414.01,88.0,0.0,28.89,6.28,3.79,0.0
20150219:1210,447.01,83.0,0.0,30.08,7.52,4.34,0.0
20150219:1310,0.0,100.0,0.0,28.36,8.28,4.83,0.0
20150219:1410,0.0,85.0,0.0,23.98,8.32,4.76,0.0
20150219:1510,0.0,78.0,0.0,17.47,8.02,4.9,0.0
20150219:1610,5.0,59.0,0.0,9.41,7.66,4.83,0.0
20150219:1710,0.0,0.0,0.0,0.0,7.08,4.0,0.0
20150219:1810,0.0,0.0,0.0,0.0,6.61,3.79,0.0
20150219:1910,0.0,0.0,0.0,0.0,5.12,3.72,0.0
20150219:2010,0.0,0.0,0.0,0.0,5.04,4.0,0.0
20150219:2110,0.0,0.0,0.0,0.0,5.02,4.21,0.0
20150219:2210,0.0,0.0,0.0,0.0,5.13,4.48,0.0
20150219:2310,0.0,0.0,0.0,0.0,5.12,4.83,0.0
20150220:0010,0.0,0.0,0.0,0.0,5.08,4.9,0.0
20150220:0110,0.0,0.0,0.0,0.0,5.0,4.97,0.0
20150220:0210,0.0,0.0,0.0,0.0,4.92,5.03,0.0
20150220:0310,0.0,0.0,0.0,0.0,4.92,5.03,0.0
20150220:0410,0.0,0.0,0.0,0.0,4.61,4.83,0.0
20150220:0510,0.0,0.0,0.0,0.0,4.67,4.9,0.0
20150220:0610,0.0,0.0,0.0,0.0,4.88,5.1,0.0
20150220:0710,0.0,5.0,0.0,2.36,5.09,5.52,0.0
20150220:0810,2.0,61.0,0.0,11.31,5.26,5.72,0.0
20150220:0910,0.0,96.0,0.0,19.14,5.53,5.86,0.0
20150220:1010,30.0,196.0,0.0,25.32,5.96,6.21,0.0
20150220:1110,0.0,150.0,0.0,29.25,6.49,6.55,0.0
20150220:1210,14.0,216.0,0.0,30.43,6.95,6.9,0.0
20150220:1310,8.0,193.0,0.0,28.7,6.97,6.97,0.0
20150220:1410,0.0,120.0,0.0,24.3,7.17,7.17,0.0
20150220:1510,0.0,80.0,0.0,17.77,7.23,7.31,0.0
20150220:1610,0.0,36.0,0.0,9.69,7.22,7.59,0.0
20150220:1710,0.0,0.0,0.0,0.0,7.05,7.72,0.0
20150220:1810,0.0,0.0,0.0,0.0,6.81,8.0,0.0
20150220:1910,0.0,0.0,0.0,0.0,6.53,7.31,0.0
20150220:2010,0.0,0.0,0.0,0.0,6.56,7.1,0.0
20150220:2110,0.0,0.0,0.0,0.0,6.65,6.97,0.0
20150220:2210,0.0,0.0,0.0,0.0,6.68,6.21,0.0
20150220:2310,0.0,0.0,0.0,0.0,6.06,5.1,0.0
20150221:0010,0.0,0.0,0.0,0.0,4.55,4.9,0.0
20150221:0110,0.0,0.0,0.0,0.0,3.81,4.34,0.0
20150221:0210,0.0,0.0,0.0,0.0,3.77,3.66,0.0
20150221:0310,0.0,0.0,0.0,0.0,3.76,3.38,0.0
20150221:0410,0.0,0.0,0.0,0.0,3.35,3.1,0.0
20150221:0510,0.0,0.0,0.0,0.0,2.82,2.83,0.0
20150221:0610,0.0,0.0,0.0,0.0,2.41,2.69,0.0
20150221:0710,6.0,10.89,0.0,2.66,1.88,2.76,0.0
20150221:0810,71.0,75.0,0.0,11.62,2.04,2.55,0.0
20150221:0910,0.0,101.0,0.0,19.47,2.48,2.76,0.0
20150221:1010,0.0,38.0,0.0,25.66,3.46,2.34,0.0
20150221:1110,5.0,191.0,0.0,29.61,4.15,2.76,0.0
20150221:1210,0.0,147.0,0.0,30.79,5.25,2.55,0.0
20150221:1310,1.0,164.0,0.0,29.05,5.83,2.69,0.0
20150221:1410,0.0,63.0,0.0,24.63,6.4,2.76,0.0
20150221:1510,116.0,124.0,0.0,18.07,5.57,3.31,0.0
20150221:1610,96.0,45.0,0.0,9.96,4.48,3.52,0.0
20150221:1710,0.0,0.0,0.0,0.0,3.98,3.86,0.0
20150221:1810,0.0,0.0,0.0,0.0,2.95,3.59,0.0
20150221:1910,0.0,0.0,0.0,0.0,2.39,3.38,0.0
20150221:2010,0.0,0.0,0.0,0.0,1.86,3.24,0.0
20150221:2110,0.0,0.0,0.0,0.0,1.7,2.97,0.0
20150221:2210,0.0,0.0,0.0,0.0,1.34,2.55,0.0
20150221:2310,0.0,0.0,0.0,0.0,0.5,2.55,0.0
20150222:0010,0.0,0.0,0.0,0.0,0.0,2.62,0.0
20150222:0110,0.0,0.0,0.0,0.0,-0.37,2.55,0.0
20150222:0210,0.0,0.0,0.0,0.0,-0.78,2.48,0.0
20150222:0310,0.0,0.0,0.0,0.0,-0.99,2.48,0.0
20150222:0410,0.0,0.0,0.0,0.0,-1.36,2.28,0.0
20150222:0510,0.0,0.0,0.0,0.0,-1.78,2.21,0.0
20150222:0610,0.0,0.0,0.0,0.0,-2.2,2.07,0.0
20150222:0710,7.0,13.54,0.0,2.95,-2.3,1.93,0.0
20150222:0810,116.0,57.0,0.0,11.93,-1.26,0.97,0.0
20150222:0910,255.01,73.0,0.0,19.8,1.9,0.76,0.0
20150222:1010,370.01,80.0,0.0,26.01,4.09,0.9,0.0
20150222:1110,436.01,86.0,0.0,29.97,5.81,1.79,0.0
20150222:1210,297.01,179.0,0.0,31.16,6.79,2.83,0.0
20150222:1310,307.01,154.0,0.0,29.4,7.3,3.52,0.0
20150222:1410,125.0,193.0,0.0,24.96,7.44,4.07,0.0
20150222:1510,123.0,125.0,0.0,18.37,7.36,4.55,0.0
20150222:1610,52.0,68.0,0.0,10.24,6.88,4.48,0.0
20150222:1710,0.0,0.0,0.0,0.0,5.78,4.41,0.0
20150222:1810,0.0,0.0,0.0,0.0,4.64,4.76,0.0
20150222:1910,0.0,0.0,0.0,0.0,5.05,5.86,0.0
20150222:2010,0.0,0.0,0.0,0.0,4.66,6.41,0.0
20150222:2110,0.0,0.0,0.0,0.0,4.48,6.69,0.0
20150222:2210,0.0,0.0,0.0,0.0,4.48,6.76,0.0
20150222:2310,0.0,0.0,0.0,0.0,4.19,6.69,0.0
20150223:0010,0.0,0.0,0.0,0.0,4.32,6.62,0.0
20150223:0110,0.0,0.0,0.0,0.0,4.63,6.34,0.0
20150223:0210,0.0,0.0,0.0,0.0,5.1,6.14,0.0
20150223:0310,0.0,0.0,0.0,0.0,5.62,5.93,0.0
20150223:0410,0.0,0.0,0.0,0.0,6.24,5.79,0.0
20150223:0510,0.0,0.0,0.0,0.0,7.07,5.66,0.0
20150223:0610,0.0,0.0,0.0,0.0,8.0,5.45,0.0
20150223:0710,0.0,9.0,0.0,3.25,8.15,4.97,0.0
20150223:0810,0.0,42.0,0.0,12.24,8.33,4.62,0.0
20150223:0910,5.0,131.0,0.0,20.13,8.18,4.07,0.0
20150223:1010,347.01,90.0,0.0,26.37,8.35,3.45,0.0
20150223:1110,233.01,197.0,0.0,30.33,9.57,4.97,0.0
20150223:1210,149.0,244.0,0.0,31.52,10.28,5.45,0.0
20150223:1310,68.0,241.0,0.0,29.75,9.99,6.34,0.0
20150223:1410,311.01,97.0,0.0,25.29,9.75,6.97,0.0
20150223:1510,49.0,146.0,0.0,18.67,9.24,7.17,0.0
20150223:1610,18.0,74.0,0.0,10.52,7.95,6.55,0.0
20150223:1710,0.0,0.0,0.0,0.0,7.13,5.45,0.0
20150223:1810,0.0,0.0,0.0,0.0,6.26,4.69,0.0
20150223:1910,0.0,0.0,0.0,0.0,5.52,4.41,0.0
20150223:2010,0.0,0.0,0.0,0.0,4.95,4.55,0.0
20150223:2110,0.0,0.0,0.0,0.0,4.33,4.55,0.0
20150223:2210,0.0,0.0,0.0,0.0,3.79,4.62,0.0
20150223:2310,0.0,0.0,0.0,0.0,3.35,4.69,0.0
20150224:0010,0.0,0.0,0.0,0.0,2.95,4.69,0.0
20150224:0110,0.0,0.0,0.0,0.0,2.58,4.69,0.0
20150224:0210,0.0,0.0,0.0,0.0,2.23,4.69,0.0
20150224:0310,0.0,0.0,0.0,0.0,1.92,4.69,0.0
20150224:0410,0.0,0.0,0.0,0.0,1.71,4.69,0.0
20150224:0510,0.0,0.0,0.0,0.0,1.61,4.76,0.0
20150224:0610,0.0,0.0,0.0,0.0,1.65,4.83,0.0
20150224:0710,0.0,14.0,0.0,3.56,1.55,4.62,0.0
20150224:0810,117.0,63.0,0.0,12.56,2.39,4.48,0.0
20150224:0910,276.01,69.0,0.0,20.47,4.22,5.03,0.0
20150224:1010,168.0,195.0,0.0,26.72,5.97,5.79,0.0
20150224:1110,41.0,248.0,0.0,30.7,6.99,6.48,0.0
20150224:1210,61.0,263.0,0.0,31.89,7.5,5.93,0.0
20150224:1310,0.0,152.0,0.0,30.11,8.09,5.66,0.0
20150224:1410,6.0,169.0,0.0,25.61,8.4,5.59,0.0
20150224:1510,2.0,115.0,0.0,18.97,7.74,5.59,0.0
20150224:1610,111.0,47.0,0.0,10.8,7.36,4.83,0.0
20150224:1710,0.0,0.0,0.0,0.0,6.62,4.62,0.0
20150224:1810,0.0,0.0,0.0,0.0,5.45,4.41,0.0
20150224:1910,0.0,0.0,0.0,0.0,4.36,3.93,0.0
20150224:2010,0.0,0.0,0.0,0.0,3.71,3.45,0.0
20150224:2110,0.0,0.0,0.0,0.0,3.16,3.38,0.0
20150224:2210,0.0,0.0,0.0,0.0,2.59,3.1,0.0
20150224:2310,0.0,0.0,0.0,0.0,2.06,3.1,0.0
20150225:0010,0.0,0.0,0.0,0.0,1.55,3.03,0.0
20150225:0110,0.0,0.0,0.0,0.0,1.23,3.1,0.0
20150225:0210,0.0,0.0,0.0,0.0,1.24,3.03,0.0
20150225:0310,0.0,0.0,0.0,0.0,1.42,3.1,0.0
20150225:0410,0.0,0.0,0.0,0.0,1.74,3.03,0.0
20150225:0510,0.0,0.0,0.0,0.0,1.96,3.03,0.0
20150225:0610,0.0,0.0,0.0,0.0,2.3,3.1,0.0
20150225:0710,0.0,14.0,0.0,3.86,2.79,3.17,0.0
20150225:0810,0.0,62.0,0.0,12.88,3.28,3.1,0.0
20150225:0910,24.0,160.0,0.0,20.81,4.04,3.03,0.0
20150225:1010,0.0,117.0,0.0,27.08,5.0,4.48,0.0
20150225:1110,9.0,212.0,0.0,31.07,5.57,4.28,0.0
20150225:1210,22.0,241.0,0.0,32.26,6.03,4.21,0.0
20150225:1310,0.0,133.0,0.0,30.46,6.68,3.86,0.0
20150225:1410,0.0,76.0,0.0,25.94,6.83,3.45,0.0
20150225:1510,0.0,52.0,0.0,19.28,7.06,2.83,0.0
20150225:1610,3.0,63.0,0.0,11.08,7.06,2.21,0.0
20150225:1710,0.0,5.0,0.0,1.9,7.07,1.86,0.0
20150225:1810,0.0,0.0,0.0,0.0,6.81,1.86,0.0
20150225:1910,0.0,0.0,0.0,0.0,7.05,1.79,0.0
20150225:2010,0.0,0.0,0.0,0.0,7.14,2.0,0.0
20150225:2110,0.0,0.0,0.0,0.0,7.17,2.07,0.0
20150225:2210,0.0,0.0,0.0,0.0,7.18,1.79,0.0
20150225:2310,0.0,0.0,0.0,0.0,6.92,1.59,0.0
20150226:0010,0.0,0.0,0.0,0.0,6.62,1.59,0.0
20150226:0110,0.0,0.0,0.0,0.0,6.35,1.52,0.0
20150226:0210,0.0,0.0,0.0,0.0,5.94,1.72,0.0
20150226:0310,0.0,0.0,0.0,0.0,6.15,1.86,0.0
20150226:0410,0.0,0.0,0.0,0.0,6.44,2.0,0.0
20150226:0510,0.0,0.0,0.0,0.0,6.69,2.14,0.0
20150226:0610,0.0,0.0,0.0,0.0,6.89,2.21,0.0
20150226:0710,2.0,19.61,0.0,4.18,6.8,1.93,0.0
20150226:0810,15.0,94.0,0.0,13.21,7.15,2.07,0.0
20150226:0910,9.0,144.0,0.0,21.15,7.54,2.21,0.0
20150226:1010,11.0,190.0,0.0,27.44,8.16,3.1,0.0
20150226:1110,8.0,209.0,0.0,31.45,8.82,3.52,0.0
20150226:1210,0.0,105.0,0.0,32.63,9.47,3.79,0.0
20150226:1310,0.0,93.0,0.0,30.82,9.91,4.14,0.0
20150226:1410,0.0,91.0,0.0,26.28,10.06,4.14,0.0
20150226:1510,2.0,110.0,0.0,19.58,10.12,4.0,0.0
20150226:1610,12.0,77.0,0.0,11.36,9.94,3.24,0.0
20150226:1710,0.0,5.0,0.0,2.16,9.62,3.31,0.0
20150226:1810,0.0,0.0,0.0,0.0,9.45,3.38,0.0
20150226:1910,0.0,0.0,0.0,0.0,10.09,3.79,0.0
20150226:2010,0.0,0.0,0.0,0.0,10.06,4.21,0.0
20150226:2110,0.0,0.0,0.0,0.0,9.46,4.97,0.0
20150226:2210,0.0,0.0,0.0,0.0,8.57,5.24,0.0
20150226:2310,0.0,0.0,0.0,0.0,7.89,5.79,0.0
20150227:0010,0.0,0.0,0.0,0.0,7.17,5.86,0.0
20150227:0110,0.0,0.0,0.0,0.0,6.39,5.59,0.0
20150227:0210,0.0,0.0,0.0,0.0,5.72,5.59,0.0
20150227:0310,0.0,0.0,0.0,0.0,4.84,5.31,0.0
20150227:0410,0.0,0.0,0.0,0.0,3.91,5.31,0.0
20150227:0510,0.0,0.0,0.0,0.0,3.39,5.38,0.0
20150227:0610,0.0,0.0,0.0,0.0,2.86,5.03,0.0
20150227:0710,26.0,16.76,0.0,4.49,2.84,4.34,0.0
20150227:0810,147.01,59.0,0.0,13.54,3.38,3.59,0.0
20150227:0910,267.01,85.0,0.0,21.5,4.46,4.48,0.0
20150227:1010,341.01,116.0,0.0,27.81,5.65,4.83,0.0
20150227:1110,346.01,160.0,0.0,31.82,6.61,4.76,0.0
20150227:1210,188.01,250.0,0.0,33.01,7.46,5.24,0.0
20150227:1310,358.01,145.0,0.0,31.18,7.9,5.03,0.0
20150227:1410,193.01,182.0,0.0,26.61,7.8,4.69,0.0
20150227:1510,138.0,135.0,0.0,19.88,7.8,4.21,0.0
20150227:1610,36.0,86.0,0.0,11.64,7.63,3.66,0.0
20150227:1710,0.0,9.0,0.0,2.42,6.81,2.55,0.0
20150227:1810,0.0,0.0,0.0,0.0,5.12,2.34,0.0
20150227:1910,0.0,0.0,0.0,0.0,4.0,2.28,0.0
20150227:2010,0.0,0.0,0.0,0.0,2.84,2.14,0.0
20150227:2110,0.0,0.0,0.0,0.0,1.48,1.72,0.0
20150227:2210,0.0,0.0,0.0,0.0,2.75,0.76,0.0
20150227:2310,0.0,0.0,0.0,0.0,0.62,1.31,0.0
20150228:0010,0.0,0.0,0.0,0.0,-1.4,1.93,0.0
20150228:0110,0.0,0.0,0.0,0.0,-1.82,2.07,0.0
20150228:0210,0.0,0.0,0.0,0.0,-1.84,2.28,0.0
20150228:0310,0.0,0.0,0.0,0.0,-1.67,2.48,0.0
20150228:0410,0.0,0.0,0.0,0.0,-1.34,2.69,0.0
20150228:0510,0.0,0.0,0.0,0.0,-1.14,2.76,0.0
20150228:0610,0.0,0.0,0.0,0.0,-1.08,2.76,0.0
20150228:0710,10.0,26.52,0.0,4.81,0.15,2.97,0.0
20150228:0810,20.0,103.0,0.0,13.87,1.71,3.1,0.0
20150228:0910,120.0,160.0,0.0,21.85,3.6,3.66,0.0
20150228:1010,66.0,230.0,0.0,28.17,5.4,4.55,0.0
20150228:1110,382.01,137.0,0.0,32.2,6.76,5.24,0.0
20150228:1210,290.01,202.0,0.0,33.38,8.13,6.9,0.0
20150228:1310,82.0,258.0,0.0,31.53,8.08,6.62,0.0
20150228:1410,23.0,205.0,0.0,26.94,7.71,5.79,0.0
20150228:1510,43.0,159.0,0.0,20.19,7.47,5.52,0.0
20150228:1610,98.0,63.0,0.0,11.92,7.14,5.52,0.0
20150228:1710,0.0,7.0,0.0,2.69,6.89,5.66,0.0
20150228:1810,0.0,0.0,0.0,0.0,6.71,5.72,0.0
20150228:1910,0.0,0.0,0.0,0.0,7.25,6.07,0.0
20150228:2010,0.0,0.0,0.0,0.0,7.03,6.14,0.0
20150228:2110,0.0,0.0,0.0,0.0,6.8,6.34,0.0
20150228:2210,0.0,0.0,0.0,0.0,6.8,6.28,0.0
20150228:2310,0.0,0.0,0.0,0.0,6.92,6.0,0.0
20150301:0010,0.0,0.0,0.0,0.0,7.03,6.14,0.0
20150301:0110,0.0,0.0,0.0,0.0,7.44,6.34,0.0
20150301:0210,0.0,0.0,0.0,0.0,8.12,6.07,0.0
20150301:0310,0.0,0.0,0.0,0.0,8.92,5.72,0.0
20150301:0410,0.0,0.0,0.0,0.0,9.76,5.52,0.0
20150301:0510,0.0,0.0,0.0,0.0,10.42,5.31,0.0
20150301:0610,0.0,0.0,0.0,0.0,10.49,4.62,0.0
20150301:0710,22.0,23.05,0.0,5.13,10.0,4.21,0.0
20150301:0810,0.0,68.0,0.0,14.2,10.03,4.28,0.0
20150301:0910,15.0,161.0,0.0,22.2,10.2,4.55,0.0
20150301:1010,3.0,175.0,0.0,28.55,10.2,4.83,0.0
20150301:1110,17.0,236.0,0.0,32.58,10.63,5.72,0.0
20150301:1210,0.0,0.0,0.0,0.0,10.67,5.31,0.0
20150301:1310,16.0,229.0,0.0,31.89,10.92,5.72,0.0
20150301:1410,29.0,209.0,0.0,27.27,11.16,5.93,0.0
20150301:1510,17.0,149.0,0.0,20.49,10.92,5.86,0.0
20150301:1610,8.0,81.0,0.0,12.2,10.38,5.45,0.0
20150301:1710,0.0,7.0,0.0,2.95,9.98,5.24,0.0
20150301:1810,0.0,0.0,0.0,0.0,9.88,5.52,0.0
20150301:1910,0.0,0.0,0.0,0.0,10.3,6.07,0.0
20150301:2010,0.0,0.0,0.0,0.0,10.2,6.48,0.0
20150301:2110,0.0,0.0,0.0,0.0,10.45,7.24,0.0
20150301:2210,0.0,0.0,0.0,0.0,10.37,7.38,0.0
20150301:2310,0.0,0.0,0.0,0.0,9.52,7.1,0.0
20150302:0010,0.0,0.0,0.0,0.0,8.92,6.76,0.0
20150302:0110,0.0,0.0,0.0,0.0,8.41,6.55,0.0
20150302:0210,0.0,0.0,0.0,0.0,7.94,6.34,0.0
20150302:0310,0.0,0.0,0.0,0.0,7.27,5.66,0.0
20150302:0410,0.0,0.0,0.0,0.0,6.87,4.55,0.0
20150302:0510,0.0,0.0,0.0,0.0,6.7,4.28,0.0
20150302:0610,0.0,0.0,0.0,0.0,6.34,4.21,0.0
20150302:0710,6.0,30.55,0.0,5.45,6.2,4.41,0.0
20150302:0810,157.01,65.0,0.0,14.54,6.37,4.76,0.0
20150302:0910,242.01,109.0,0.0,22.56,6.8,5.86,0.0
20150302:1010,367.01,111.0,0.0,28.92,7.9,7.1,0.0
20150302:1110,24.0,250.0,0.0,32.97,8.89,7.45,0.0
20150302:1210,0.0,0.0,0.0,0.0,9.49,7.86,0.0
20150302:1310,79.0,265.0,0.0,32.26,9.22,9.52,0.0
20150302:1410,117.0,218.0,0.0,27.6,8.65,8.62,0.0
20150302:1510,182.01,121.0,0.0,20.8,8.48,7.86,0.0
20150302:1610,95.0,72.0,0.0,12.48,8.07,6.28,0.0
20150302:1710,0.0,15.0,0.0,3.21,7.4,5.31,0.0
20150302:1810,0.0,0.0,0.0,0.0,6.52,4.62,0.0
20150302:1910,0.0,0.0,0.0,0.0,5.41,3.31,0.0
20150302:2010,0.0,0.0,0.0,0.0,4.5,3.03,0.0
20150302:2110,0.0,0.0,0.0,0.0,3.82,3.17,0.0
20150302:2210,0.0,0.0,0.0,0.0,3.36,3.17,0.0
20150302:2310,0.0,0.0,0.0,0.0,3.0,3.03,0.0
20150303:0010,0.0,0.0,0.0,0.0,2.71,2.9,0.0
20150303:0110,0.0,0.0,0.0,0.0,2.36,2.76,0.0
20150303:0210,0.0,0.0,0.0,0.0,2.27,2.62,0.0
20150303:0310,0.0,0.0,0.0,0.0,2.2,2.62,0.0
20150303:0410,0.0,0.0,0.0,0.0,1.96,2.83,0.0
20150303:0510,0.0,0.0,0.0,0.0,1.85,3.03,0.0
20150303:0610,0.0,0.0,0.0,0.0,1.65,3.24,0.0
20150303:0710,30.0,32.0,0.0,5.78,2.12,3.45,0.0
20150303:0810,144.0,74.0,0.0,14.88,3.5,3.45,0.0
20150303:0910,272.01,97.0,0.0,22.91,5.56,4.55,0.0
20150303:1010,142.0,228.0,0.0,29.29,7.56,6.0,0.0
20150303:1110,111.0,273.0,0.0,33.35,9.22,7.24,0.0
20150303:1210,0.0,0.0,0.0,0.0,10.16,7.17,0.0
20150303:1310,0.0,125.0,0.0,32.62,9.35,6.41,0.0
20150303:1410,14.0,201.0,0.0,27.94,8.65,5.86,0.0
20150303:1510,49.0,168.0,0.0,21.1,8.21,4.48,0.0
20150303:1610,0.0,35.0,0.0,12.76,7.66,4.0,0.0
20150303:1710,0.0,18.0,0.0,3.47,7.28,3.59,0.0
20150303:1810,0.0,0.0,0.0,0.0,6.59,3.31,0.0
20150303:1910,0.0,0.0,0.0,0.0,5.83,3.52,0.0
20150303:2010,0.0,0.0,0.0,0.0,4.8,3.24,0.0
20150303:2110,0.0,0.0,0.0,0.0,3.76,3.03,0.0
20150303:2210,0.0,0.0,0.0,0.0,2.97,3.03,0.0
20150303:2310,0.0,0.0,0.0,0.0,2.43,3.03,0.0
20150304:0010,0.0,0.0,0.0,0.0,2.01,3.03,0.0
20150304:0110,0.0,0.0,0.0,0.0,1.71,3.03,0.0
20150304:0210,0.0,0.0,0.0,0.0,1.35,2.97,0.0
20150304:0310,0.0,0.0,0.0,0.0,0.98,2.9,0.0
20150304:0410,0.0,0.0,0.0,0.0,0.72,2.83,0.0
20150304:0510,0.0,0.0,0.0,0.0,0.43,2.9,0.0
20150304:0610,0.0,0.0,0.0,0.0,0.26,2.9,0.0
20150304:0710,39.0,32.0,0.0,6.11,0.53,2.83,0.0
20150304:0810,149.0,77.0,0.0,15.22,2.13,2.62,0.0
20150304:0910,291.01,93.0,0.0,23.27,4.43,3.38,0.0
20150304:1010,383.01,113.0,0.0,29.67,6.16,4.55,0.0
20150304:1110,0.0,149.0,0.0,33.74,6.95,4.83,0.0
20150304:1210,63.0,287.0,0.0,34.91,7.52,4.76,0.0
20150304:1310,361.01,164.0,0.0,32.98,8.14,4.97,0.0
20150304:1410,281.01,156.0,0.0,28.27,8.3,5.24,0.0
20150304:1510,22.0,163.0,0.0,21.4,8.33,5.38,0.0
20150304:1610,55.0,95.0,0.0,13.04,7.99,5.52,0.0
20150304:1710,0.0,18.0,0.0,3.73,7.12,4.97,0.0
20150304:1810,0.0,0.0,0.0,0.0,5.71,4.48,0.0
20150304:1910,0.0,0.0,0.0,0.0,4.76,4.14,0.0
20150304:2010,0.0,0.0,0.0,0.0,4.06,3.93,0.0
20150304:2110,0.0,0.0,0.0,0.0,3.48,3.72,0.0
20150304:2210,0.0,0.0,0.0,0.0,2.94,3.31,0.0
20150304:2310,0.0,0.0,0.0,0.0,2.38,3.1,0.0
20150305:0010,0.0,0.0,0.0,0.0,1.94,2.97,0.0
20150305:0110,0.0,0.0,0.0,0.0,1.56,2.76,0.0
20150305:0210,0.0,0.0,0.0,0.0,1.17,2.69,0.0
20150305:0310,0.0,0.0,0.0,0.0,0.81,2.69,0.0
20150305:0410,0.0,0.0,0.0,0.0,0.57,2.76,0.0
20150305:0510,0.0,0.0,0.0,0.0,0.38,2.69,0.0
20150305:0610,0.0,0.0,0.0,0.0,0.1,2.48,0.0
20150305:0710,41.0,34.0,0.0,6.44,0.1,2.34,0.0
20150305:0810,160.0,75.0,0.0,15.57,1.83,1.86,0.0
20150305:0910,303.01,90.0,0.0,23.63,4.46,2.0,0.0
20150305:1010,418.01,99.0,0.0,30.05,6.51,2.14,0.0
20150305:1110,360.01,176.0,0.0,34.13,8.1,2.55,0.0
20150305:1210,325.01,208.0,0.0,35.29,9.07,3.17,0.0
20150305:1310,438.01,121.0,0.0,33.35,9.47,2.9,0.0
20150305:1410,372.01,107.0,0.0,28.6,9.54,2.69,0.0
20150305:1510,255.01,94.0,0.0,21.7,9.69,2.55,0.0
20150305:1610,85.0,86.0,0.0,13.31,9.4,2.41,0.0
20150305:1710,0.0,22.0,0.0,3.99,8.81,1.79,0.0
20150305:1810,0.0,0.0,0.0,0.0,7.48,1.93,0.0
20150305:1910,0.0,0.0,0.0,0.0,6.14,2.34,0.0
20150305:2010,0.0,0.0,0.0,0.0,5.27,2.41,0.0
20150305:2110,0.0,0.0,0.0,0.0,4.42,2.48,0.0
20150305:2210,0.0,0.0,0.0,0.0,3.53,2.28,0.0
20150305:2310,0.0,0.0,0.0,0.0,2.62,2.14,0.0
20150306:0010,0.0,0.0,0.0,0.0,1.73,2.07,0.0
20150306:0110,0.0,0.0,0.0,0.0,0.82,1.86,0.0
20150306:0210,0.0,0.0,0.0,0.0,-0.1,1.66,0.0
20150306:0310,0.0,0.0,0.0,0.0,-0.81,1.59,0.0
20150306:0410,0.0,0.0,0.0,0.0,-1.0,1.38,0.0
20150306:0510,0.0,0.0,0.0,0.0,-1.25,1.31,0.0
20150306:0610,0.0,0.0,0.0,0.0,-1.42,1.17,0.0
20150306:0710,43.0,37.0,0.0,6.77,-0.99,1.03,0.0
20150306:0810,134.0,93.0,0.0,15.91,0.79,0.34,0.0
20150306:0910,290.01,101.0,0.0,24.0,4.45,0.14,0.0
20150306:1010,345.01,144.0,0.0,30.43,6.67,0.48,0.0
20150306:1110,418.01,147.0,0.0,34.52,8.17,0.9,0.0
20150306:1210,426.01,156.0,0.0,35.68,9.24,1.03,0.0
20150306:1310,431.01,130.0,0.0,33.71,10.02,1.1,0.0
20150306:1410,323.01,140.0,0.0,28.94,10.54,1.38,0.0
20150306:1510,110.0,167.0,0.0,22.01,10.77,1.52,0.0
20150306:1610,112.0,77.0,0.0,13.59,10.61,1.59,0.0
20150306:1710,0.0,22.0,0.0,4.26,9.93,1.03,0.0
20150306:1810,0.0,0.0,0.0,0.0,9.09,0.48,0.0
20150306:1910,0.0,0.0,0.0,0.0,5.08,1.93,0.0
20150306:2010,0.0,0.0,0.0,0.0,3.29,2.21,0.0
20150306:2110,0.0,0.0,0.0,0.0,2.37,1.93,0.0
20150306:2210,0.0,0.0,0.0,0.0,2.02,1.72,0.0
20150306:2310,0.0,0.0,0.0,0.0,0.95,1.86,0.0
20150307:0010,0.0,0.0,0.0,0.0,0.16,2.34,0.0
20150307:0110,0.0,0.0,0.0,0.0,0.12,2.55,0.0
20150307:0210,0.0,0.0,0.0,0.0,0.11,2.55,0.0
20150307:0310,0.0,0.0,0.0,0.0,-0.11,2.41,0.0
20150307:0410,0.0,0.0,0.0,0.0,-0.6,2.21,0.0
20150307:0510,0.0,0.0,0.0,0.0,-1.15,2.07,0.0
20150307:0610,0.0,0.0,0.0,0.0,-1.42,2.21,0.0
20150307:0710,9.0,46.0,0.0,7.11,-0.85,2.34,0.0
20150307:0810,58.0,126.0,0.0,16.26,2.04,1.79,0.0
20150307:0910,145.0,181.0,0.0,24.37,5.89,2.0,0.0
20150307:1010,252.01,201.0,0.0,30.81,8.59,2.28,0.0
20150307:1110,286.01,227.0,0.0,34.91,10.8,2.62,0.0
20150307:1210,324.01,220.0,0.0,36.07,12.41,2.76,0.0
20150307:1310,337.01,192.0,0.0,34.07,13.75,2.55,0.0
20150307:1410,236.01,192.0,0.0,29.27,14.53,2.34,0.0
20150307:1510,82.0,179.0,0.0,22.31,14.77,2.14,0.0
20150307:1610,22.0,105.0,0.0,13.87,14.43,1.59,0.0
20150307:1710,0.0,24.0,0.0,4.52,13.1,2.14,0.0
20150307:1810,0.0,0.0,0.0,0.0,10.54,2.69,0.0
20150307:1910,0.0,0.0,0.0,0.0,8.76,2.41,0.0
20150307:2010,0.0,0.0,0.0,0.0,7.58,2.48,0.0
20150307:2110,0.0,0.0,0.0,0.0,6.42,2.55,0.0
20150307:2210,0.0,0.0,0.0,0.0,5.46,2.48,0.0
20150307:2310,0.0,0.0,0.0,0.0,4.48,2.41,0.0
20150308:0010,0.0,0.0,0.0,0.0,3.68,2.34,0.0
20150308:0110,0.0,0.0,0.0,0.0,2.87,2.28,0.0
20150308:0210,0.0,0.0,0.0,0.0,2.07,2.21,0.0
20150308:0310,0.0,0.0,0.0,0.0,1.27,2.14,0.0
20150308:0410,0.0,0.0,0.0,0.0,0.54,2.07,0.0
20150308:0510,0.0,0.0,0.0,0.0,-0.1,2.0,0.0
20150308:0610,0.0,0.0,0.0,0.0,-0.68,1.93,0.0
20150308:0710,47.0,42.0,0.0,7.45,-0.32,1.59,0.0
20150308:0810,166.0,86.0,0.0,16.61,3.11,0.9,0.0
20150308:0910,256.01,132.0,0.0,24.73,7.23,0.76,0.0
20150308:1010,413.01,116.0,0.0,31.2,10.16,0.83,0.0
20150308:1110,454.01,138.0,0.0,35.31,12.54,0.83,0.0
20150308:1210,421.01,171.0,0.0,36.45,14.28,0.83,0.0
20150308:1310,415.01,152.0,0.0,34.44,15.43,1.1,0.0
20150308:1410,225.01,202.0,0.0,29.6,16.1,1.52,0.0
20150308:1510,185.0,145.0,0.0,22.61,16.28,1.86,0.0
20150308:1610,104.0,89.0,0.0,14.14,15.78,1.59,0.0
20150308:1710,16.0,23.26,0.0,4.77,14.31,2.07,0.0
20150308:1810,0.0,0.0,0.0,0.0,11.53,3.03,0.0
20150308:1910,0.0,0.0,0.0,0.0,10.58,3.31,0.0
20150308:2010,0.0,0.0,0.0,0.0,9.25,3.59,0.0
20150308:2110,0.0,0.0,0.0,0.0,7.82,3.31,0.0
20150308:2210,0.0,0.0,0.0,0.0,6.59,3.03,0.0
20150308:2310,0.0,0.0,0.0,0.0,5.66,2.83,0.0
20150309:0010,0.0,0.0,0.0,0.0,5.05,2.48,0.0
20150309:0110,0.0,0.0,0.0,0.0,4.59,2.34,0.0
20150309:0210,0.0,0.0,0.0,0.0,4.7,2.28,0.0
20150309:0310,0.0,0.0,0.0,0.0,5.32,2.0,0.0
20150309:0410,0.0,0.0,0.0,0.0,5.58,1.79,0.0
20150309:0510,0.0,0.0,0.0,0.0,5.94,1.59,0.0
20150309:0610,0.0,0.0,0.0,0.0,5.9,1.38,0.0
20150309:0710,4.0,45.0,0.0,7.79,6.39,1.17,0.0
20150309:0810,0.0,70.0,0.0,16.97,7.52,1.52,0.0
20150309:0910,2.0,150.0,0.0,25.1,8.28,1.86,0.0
20150309:1010,107.0,256.0,0.0,31.59,9.28,2.14,0.0
20150309:1110,92.0,293.0,0.0,35.7,10.26,2.07,0.0
20150309:1210,0.0,165.0,0.0,36.84,11.51,1.59,0.0
20150309:1310,0.0,180.0,0.0,34.81,12.38,0.83,0.0
20150309:1410,22.0,224.0,0.0,29.94,13.03,0.76,0.0
20150309:1510,131.0,167.0,0.0,22.91,13.39,0.83,0.0
20150309:1610,66.0,104.0,0.0,14.42,13.35,1.17,0.0
20150309:1710,18.0,24.71,0.0,5.03,12.73,1.03,0.0
20150309:1810,0.0,0.0,0.0,0.0,11.65,0.48,0.0
20150309:1910,0.0,0.0,0.0,0.0,10.27,0.83,0.0
20150309:2010,0.0,0.0,0.0,0.0,7.38,1.66,0.0
20150309:2110,0.0,0.0,0.0,0.0,5.88,1.86,0.0
20150309:2210,0.0,0.0,0.0,0.0,5.31,1.66,0.0
20150309:2310,0.0,0.0,0.0,0.0,4.6,1.79,0.0
20150310:0010,0.0,0.0,0.0,0.0,4.03,2.07,0.0
20150310:0110,0.0,0.0,0.0,0.0,4.09,1.93,0.0
20150310:0210,0.0,0.0,0.0,0.0,3.97,2.0,0.0
20150310:0310,0.0,0.0,0.0,0.0,4.18,1.93,0.0
20150310:0410,0.0,0.0,0.0,0.0,4.46,1.93,0.0
20150310:0510,0.0,0.0,0.0,0.0,5.1,1.79,0.0
20150310:0610,0.0,0.0,0.0,0.0,5.83,1.66,0.0
20150310:0710,3.0,45.0,0.0,8.13,6.22,1.38,0.0
20150310:0810,0.0,60.0,0.0,17.32,8.0,1.31,0.0
20150310:0910,21.0,187.0,0.0,25.47,8.94,1.59,0.0
20150310:1010,43.0,249.0,0.0,31.97,9.74,2.28,0.0
20150310:1110,6.0,229.0,0.0,36.1,10.17,2.55,0.0
20150310:1210,0.0,139.0,0.0,37.23,10.61,2.69,0.0
20150310:1310,0.0,93.0,0.0,35.17,10.58,2.55,0.0
20150310:1410,0.0,89.0,0.0,30.27,10.71,2.55,0.0
20150310:1510,8.0,153.0,0.0,23.21,10.53,2.0,0.0
20150310:1610,4.0,88.0,0.0,14.69,10.28,1.52,0.0
20150310:1710,4.0,28.09,0.0,5.29,10.03,1.45,0.0
20150310:1810,0.0,0.0,0.0,0.0,9.77,1.59,0.0
20150310:1910,0.0,0.0,0.0,0.0,9.69,2.0,0.0
20150310:2010,0.0,0.0,0.0,0.0,9.64,2.28,0.0
20150310:2110,0.0,0.0,0.0,0.0,9.43,2.62,0.0
20150310:2210,0.0,0.0,0.0,0.0,8.98,2.83,0.0
20150310:2310,0.0,0.0,0.0,0.0,8.29,2.9,0.0
20150311:0010,0.0,0.0,0.0,0.0,7.8,2.9,0.0
20150311:0110,0.0,0.0,0.0,0.0,7.16,2.76,0.0
20150311:0210,0.0,0.0,0.0,0.0,6.69,2.76,0.0
20150311:0310,0.0,0.0,0.0,0.0,6.19,2.9,0.0
20150311:0410,0.0,0.0,0.0,0.0,5.77,2.83,0.0
20150311:0510,0.0,0.0,0.0,0.0,5.53,2.55,0.0
20150311:0610,0.0,0.0,0.0,0.0,5.44,2.34,0.0
20150311:0710,31.0,56.0,0.0,8.47,4.93,2.48,0.0
20150311:0810,43.0,138.0,0.0,17.68,6.18,2.55,0.0
20150311:0910,249.01,142.0,0.0,25.85,7.85,2.9,0.0
20150311:1010,215.0,228.0,0.0,32.36,9.55,3.1,0.0
20150311:1110,455.01,141.0,0.0,36.5,11.06,3.31,0.0
20150311:1210,374.01,201.0,0.0,37.62,12.08,3.45,0.0
20150311:1310,329.01,204.0,0.0,35.54,12.62,3.1,0.0
20150311:1410,374.01,124.0,0.0,30.6,12.99,2.76,0.0
20150311:1510,275.01,100.0,0.0,23.51,13.01,2.34,0.0
20150311:1610,96.0,98.0,0.0,14.97,12.78,2.0,0.0
20150311:1710,25.0,25.22,0.0,5.55,11.87,1.66,0.0
20150311:1810,0.0,0.0,0.0,0.0,10.14,2.28,0.0
20150311:1910,0.0,0.0,0.0,0.0,8.91,2.28,0.0
20150311:2010,0.0,0.0,0.0,0.0,7.81,2.28,0.0
20150311:2110,0.0,0.0,0.0,0.0,6.99,2.48,0.0
20150311:2210,0.0,0.0,0.0,0.0,6.41,2.62,0.0
20150311:2310,0.0,0.0,0.0,0.0,5.63,2.55,0.0
20150312:0010,0.0,0.0,0.0,0.0,4.89,2.62,0.0
20150312:0110,0.0,0.0,0.0,0.0,4.3,2.69,0.0
20150312:0210,0.0,0.0,0.0,0.0,3.77,2.69,0.0
20150312:0310,0.0,0.0,0.0,0.0,3.26,2.83,0.0
20150312:0410,0.0,0.0,0.0,0.0,2.74,2.83,0.0
20150312:0510,0.0,0.0,0.0,0.0,2.17,2.69,0.0
20150312:0610,0.0,0.0,0.0,0.0,1.53,2.55,0.0
20150312:0710,69.0,46.0,0.0,8.82,1.78,2.83,0.0
20150312:0810,186.0,90.0,0.0,18.03,3.39,2.97,0.0
20150312:0910,309.01,116.0,0.0,26.22,5.56,3.38,0.0
20150312:1010,417.01,128.0,0.0,32.75,7.78,3.45,0.0
20150312:1110,480.01,136.0,0.0,36.9,9.83,3.66,0.0
20150312:1210,459.01,161.0,0.0,38.01,11.37,3.86,0.0
20150312:1310,430.01,155.0,0.0,35.9,12.3,4.0,0.0
20150312:1410,388.01,124.0,0.0,30.93,12.69,3.93,0.0
20150312:1510,316.01,86.0,0.0,23.81,12.66,4.0,0.0
20150312:1610,146.0,79.0,0.0,15.24,12.19,3.66,0.0
20150312:1710,31.0,32.0,0.0,5.81,10.93,3.17,0.0
20150312:1810,0.0,0.0,0.0,0.0,8.95,3.17,0.0
20150312:1910,0.0,0.0,0.0,0.0,8.33,3.24,0.0
20150312:2010,0.0,0.0,0.0,0.0,7.63,3.52,0.0
20150312:2110,0.0,0.0,0.0,0.0,7.09,3.59,0.0
20150312:2210,0.0,0.0,0.0,0.0,6.31,3.31,0.0
20150312:2310,0.0,0.0,0.0,0.0,5.38,2.9,0.0
20150313:0010,0.0,0.0,0.0,0.0,4.59,2.9,0.0
20150313:0110,0.0,0.0,0.0,0.0,4.1,3.03,0.0
20150313:0210,0.0,0.0,0.0,0.0,3.68,2.9,0.0
20150313:0310,0.0,0.0,0.0,0.0,3.18,2.41,0.0
20150313:0410,0.0,0.0,0.0,0.0,2.56,2.28,0.0
20150313:0510,0.0,0.0,0.0,0.0,2.08,2.28,0.0
20150313:0610,0.0,0.0,0.0,0.0,1.87,2.28,0.0
20150313:0710,8.0,59.0,0.0,9.16,2.17,2.28,0.0
20150313:0810,15.0,135.0,0.0,18.39,3.49,2.34,0.0
20150313:0910,93.0,217.0,0.0,26.6,5.18,2.48,0.0
20150313:1010,62.0,272.0,0.0,33.14,6.68,2.48,0.0
20150313:1110,117.0,307.0,0.0,37.3,8.4,2.55,0.0
20150313:1210,151.0,310.0,0.0,38.41,9.64,2.62,0.0
20150313:1310,69.0,297.0,0.0,36.27,10.43,2.62,0.0
20150313:1410,108.0,256.0,0.0,31.26,10.89,2.41,0.0
20150313:1510,33.0,192.0,0.0,24.11,10.7,2.21,0.0
20150313:1610,20.0,116.0,0.0,15.51,10.5,2.14,0.0
20150313:1710,0.0,16.0,0.0,6.06,9.71,2.07,0.0
20150313:1810,0.0,0.0,0.0,0.0,8.57,2.34,0.0
20150313:1910,0.0,0.0,0.0,0.0,7.53,2.21,0.0
20150313:2010,0.0,0.0,0.0,0.0,6.77,2.41,0.0
20150313:2110,0.0,0.0,0.0,0.0,6.23,2.62,0.0
20150313:2210,0.0,0.0,0.0,0.0,5.72,2.83,0.0
20150313:2310,0.0,0.0,0.0,0.0,5.04,2.97,0.0
20150314:0010,0.0,0.0,0.0,0.0,4.33,2.97,0.0
20150314:0110,0.0,0.0,0.0,0.0,3.84,2.9,0.0
20150314:0210,0.0,0.0,0.0,0.0,3.52,2.76,0.0
20150314:0310,0.0,0.0,0.0,0.0,3.34,2.76,0.0
20150314:0410,0.0,0.0,0.0,0.0,3.25,2.83,0.0
20150314:0510,0.0,0.0,0.0,0.0,2.87,3.03,0.0
20150314:0610,0.0,0.0,0.0,0.0,2.52,3.24,0.0
20150314:0710,10.0,64.0,0.0,9.51,3.13,3.52,0.0
20150314:0810,12.0,134.0,0.0,18.75,3.79,3.52,0.0
20150314:0910,86.0,220.0,0.0,26.97,4.91,4.28,0.0
20150314:1010,120.0,273.0,0.0,33.54,5.72,4.41,0.0
20150314:1110,0.0,125.0,0.0,37.7,7.12,4.97,0.0
20150314:1210,151.0,312.0,0.0,38.8,8.03,5.03,0.0
20150314:1310,0.0,148.0,0.0,36.63,8.66,4.97,0.0
20150314:1410,250.01,206.0,0.0,31.59,9.39,4.83,0.0
20150314:1510,122.0,187.0,0.0,24.4,9.62,4.83,0.0
20150314:1610,92.0,109.0,0.0,15.78,9.34,4.0,0.0
20150314:1710,23.0,40.0,0.0,6.32,8.93,3.38,0.0
20150314:1810,0.0,0.0,0.0,0.0,7.97,3.17,0.0
20150314:1910,0.0,0.0,0.0,0.0,7.4,3.45,0.0
20150314:2010,0.0,0.0,0.0,0.0,6.79,4.07,0.0
20150314:2110,0.0,0.0,0.0,0.0,6.28,4.41,0.0
20150314:2210,0.0,0.0,0.0,0.0,5.84,4.14,0.0
20150314:2310,0.0,0.0,0.0,0.0,5.4,3.66,0.0
20150315:0010,0.0,0.0,0.0,0.0,5.01,3.31,0.0
20150315:0110,0.0,0.0,0.0,0.0,4.65,3.1,0.0
20150315:0210,0.0,0.0,0.0,0.0,4.45,2.9,0.0
20150315:0310,0.0,0.0,0.0,0.0,4.18,2.76,0.0
20150315:0410,0.0,0.0,0.0,0.0,4.08,2.62,0.0
20150315:0510,0.0,0.0,0.0,0.0,3.85,2.48,0.0
20150315:0610,0.0,0.0,0.0,0.0,3.65,2.48,0.0
20150315:0710,7.0,62.0,0.0,9.86,3.98,2.55,0.0
20150315:0810,127.0,127.0,0.0,19.11,4.72,3.38,0.0
20150315:0910,1.0,151.0,0.0,27.35,5.92,3.59,0.0
20150315:1010,0.0,123.0,0.0,33.93,7.06,3.45,0.0
20150315:1110,0.0,108.0,0.0,38.1,7.56,3.52,0.0
20150315:1210,0.0,102.0,0.0,39.19,7.91,3.52,0.0
20150315:1310,0.0,108.0,0.0,37.0,7.95,3.38,0.0
20150315:1410,0.0,137.0,0.0,31.92,8.2,3.59,0.0
20150315:1510,0.0,95.0,0.0,24.7,8.19,3.79,0.0
20150315:1610,7.0,105.0,0.0,16.05,7.97,3.72,0.0
20150315:1710,2.0,34.0,0.0,6.57,7.57,3.1,0.0
20150315:1810,0.0,0.0,0.0,0.0,6.79,2.76,0.0
20150315:1910,0.0,0.0,0.0,0.0,6.23,2.41,0.0
20150315:2010,0.0,0.0,0.0,0.0,5.84,2.34,0.0
20150315:2110,0.0,0.0,0.0,0.0,5.55,2.21,0.0
20150315:2210,0.0,0.0,0.0,0.0,5.28,2.07,0.0
20150315:2310,0.0,0.0,0.0,0.0,5.0,2.0,0.0
20150316:0010,0.0,0.0,0.0,0.0,4.63,2.07,0.0
20150316:0110,0.0,0.0,0.0,0.0,4.06,2.07,0.0
20150316:0210,0.0,0.0,0.0,0.0,3.41,2.07,0.0
20150316:0310,0.0,0.0,0.0,0.0,2.8,2.07,0.0
20150316:0410,0.0,0.0,0.0,0.0,2.08,2.07,0.0
20150316:0510,0.0,0.0,0.0,0.0,1.51,2.07,0.0
20150316:0610,0.0,0.0,0.0,0.0,0.92,1.93,0.0
20150316:0710,86.0,52.0,0.0,10.21,1.05,1.31,0.0
20150316:0810,195.0,98.0,0.0,19.48,3.54,1.17,0.0
20150316:0910,276.01,147.0,0.0,27.73,5.34,1.1,0.0
20150316:1010,40.0,270.0,0.0,34.33,7.19,1.03,0.0
20150316:1110,536.01,114.0,0.0,38.5,8.85,1.03,0.0
20150316:1210,575.01,103.0,0.0,39.58,10.23,0.9,0.0
20150316:1310,524.01,110.0,0.0,37.36,11.33,0.97,0.0
20150316:1410,422.01,113.0,0.0,32.25,12.1,1.1,0.0
20150316:1510,291.01,106.0,0.0,24.99,12.54,1.17,0.0
20150316:1610,175.0,73.0,0.0,16.32,12.39,1.24,0.0
20150316:1710,39.0,38.0,0.0,6.83,11.82,1.17,0.0
20150316:1810,0.0,0.0,0.0,0.0,10.75,1.79,0.0
20150316:1910,0.0,0.0,0.0,0.0,9.2,1.52,0.0
20150316:2010,0.0,0.0,0.0,0.0,7.57,1.93,0.0
20150316:2110,0.0,0.0,0.0,0.0,6.47,2.14,0.0
20150316:2210,0.0,0.0,0.0,0.0,5.8,2.21,0.0
20150316:2310,0.0,0.0,0.0,0.0,4.96,2.34,0.0
20150317:0010,0.0,0.0,0.0,0.0,4.26,2.28,0.0
20150317:0110,0.0,0.0,0.0,0.0,3.48,2.07,0.0
20150317:0210,0.0,0.0,0.0,0.0,2.62,1.93,0.0
20150317:0310,0.0,0.0,0.0,0.0,1.93,1.66,0.0
20150317:0410,0.0,0.0,0.0,0.0,1.89,1.38,0.0
20150317:0510,0.0,0.0,0.0,0.0,2.58,0.97,0.0
20150317:0610,0.0,0.0,0.0,0.0,2.64,0.83,0.0
20150317:0710,92.0,53.0,0.0,10.56,2.06,0.9,0.0
20150317:0810,210.0,94.0,0.0,19.84,5.37,0.34,0.0
20150317:0910,348.01,110.0,0.0,28.11,9.33,0.62,0.0
20150317:1010,471.01,113.0,0.0,34.72,12.03,0.97,0.0
20150317:1110,538.01,118.0,0.0,38.9,13.94,1.31,0.0
20150317:1210,570.01,111.0,0.0,39.98,15.17,1.66,0.0
20150317:1310,533.01,110.0,0.0,37.73,15.85,2.0,0.0
20150317:1410,436.01,110.0,0.0,32.58,16.11,2.34,0.0
20150317:1510,307.01,102.0,0.0,25.29,16.07,2.69,0.0
20150317:1610,185.0,72.0,0.0,16.59,15.62,2.62,0.0
20150317:1710,45.0,38.0,0.0,7.08,14.32,2.34,0.0
20150317:1810,0.0,0.0,0.0,0.0,12.15,2.69,0.0
20150317:1910,0.0,0.0,0.0,0.0,10.93,2.48,0.0
20150317:2010,0.0,0.0,0.0,0.0,9.71,2.55,0.0
20150317:2110,0.0,0.0,0.0,0.0,8.62,2.55,0.0
20150317:2210,0.0,0.0,0.0,0.0,7.74,2.48,0.0
20150317:2310,0.0,0.0,0.0,0.0,6.99,2.48,0.0
20150318:0010,0.0,0.0,0.0,0.0,6.32,2.48,0.0
20150318:0110,0.0,0.0,0.0,0.0,5.87,2.41,0.0
20150318:0210,0.0,0.0,0.0,0.0,5.49,2.41,0.0
20150318:0310,0.0,0.0,0.0,0.0,5.11,2.41,0.0
20150318:0410,0.0,0.0,0.0,0.0,4.81,2.41,0.0
20150318:0510,0.0,0.0,0.0,0.0,4.74,2.48,0.0
20150318:0610,0.0,0.0,0.0,0.0,4.7,2.76,0.0
20150318:0710,24.0,78.0,0.0,10.91,5.36,2.48,0.0
20150318:0810,44.0,159.0,0.0,20.2,7.46,2.9,0.0
20150318:0910,152.0,212.0,0.0,28.49,9.6,3.24,0.0
20150318:1010,262.01,230.0,0.0,35.12,11.56,3.38,0.0
20150318:1110,313.01,246.0,0.0,39.31,13.17,3.38,0.0
20150318:1210,415.01,201.0,0.0,40.37,14.58,3.45,0.0
20150318:1310,470.01,144.0,0.0,38.09,15.49,3.59,0.0
20150318:1410,259.01,209.0,0.0,32.91,15.89,3.79,0.0
20150318:1510,264.01,127.0,0.0,25.58,15.83,4.21,0.0
20150318:1610,153.0,89.0,0.0,16.86,15.21,4.41,0.0
20150318:1710,51.0,38.0,0.0,7.33,14.02,4.28,0.0
20150318:1810,0.0,0.0,0.0,0.0,12.17,4.41,0.0
20150318:1910,0.0,0.0,0.0,0.0,10.35,4.83,0.0
20150318:2010,0.0,0.0,0.0,0.0,8.9,4.76,0.0
20150318:2110,0.0,0.0,0.0,0.0,7.56,4.69,0.0
20150318:2210,0.0,0.0,0.0,0.0,6.51,4.69,0.0
20150318:2310,0.0,0.0,0.0,0.0,5.84,4.76,0.0
20150319:0010,0.0,0.0,0.0,0.0,5.24,4.21,0.0
20150319:0110,0.0,0.0,0.0,0.0,4.79,4.21,0.0
20150319:0210,0.0,0.0,0.0,0.0,4.38,4.21,0.0
20150319:0310,0.0,0.0,0.0,0.0,4.22,4.34,0.0
20150319:0410,0.0,0.0,0.0,0.0,4.02,4.21,0.0
20150319:0510,0.0,0.0,0.0,0.0,3.87,4.41,0.0
20150319:0610,0.0,0.0,0.0,0.0,3.81,4.41,0.0
20150319:0710,19.0,81.0,0.0,11.26,4.19,4.62,0.0
20150319:0810,21.0,154.0,0.0,20.56,4.65,4.55,0.0
20150319:0910,18.0,213.0,0.0,28.87,5.2,4.41,0.0
20150319:1010,5.0,225.0,0.0,35.51,5.87,4.41,0.0
20150319:1110,0.0,131.0,0.0,39.71,6.82,4.28,0.0
20150319:1210,0.0,185.0,0.0,40.76,7.63,4.28,0.0
20150319:1310,0.0,174.0,0.0,38.46,8.48,4.48,0.0
20150319:1410,0.0,95.0,0.0,33.23,8.78,4.41,0.0
20150319:1510,0.0,116.0,0.0,25.87,9.04,4.34,0.0
20150319:1610,3.0,104.0,0.0,17.12,8.93,4.28,0.0
20150319:1710,5.0,45.0,0.0,7.58,8.41,3.59,0.0
20150319:1810,0.0,0.0,0.0,0.0,7.92,3.38,0.0
20150319:1910,0.0,0.0,0.0,0.0,7.02,2.9,0.0
20150319:2010,0.0,0.0,0.0,0.0,6.84,2.76,0.0
20150319:2110,0.0,0.0,0.0,0.0,6.7,2.69,0.0
20150319:2210,0.0,0.0,0.0,0.0,6.55,2.76,0.0
20150319:2310,0.0,0.0,0.0,0.0,6.54,2.9,0.0
20150320:0010,0.0,0.0,0.0,0.0,6.55,3.24,0.0
20150320:0110,0.0,0.0,0.0,0.0,6.6,3.52,0.0
20150320:0210,0.0,0.0,0.0,0.0,6.54,3.52,0.0
20150320:0310,0.0,0.0,0.0,0.0,6.06,3.59,0.0
20150320:0410,0.0,0.0,0.0,0.0,5.85,3.86,0.0
20150320:0510,0.0,0.0,0.0,0.0,5.74,3.93,0.0
20150320:0610,0.0,2.0,0.0,1.82,5.52,3.93,0.0
20150320:0710,6.0,74.0,0.0,11.62,5.19,4.55,0.0
20150320:0810,4.0,127.0,0.0,20.93,6.06,5.17,0.0
20150320:0910,315.01,139.0,0.0,29.24,7.07,4.97,0.0
20150320:1010,108.0,289.0,0.0,35.91,8.62,4.83,0.0
20150320:1110,34.0,302.0,0.0,40.11,10.55,4.34,0.0
20150320:1210,294.01,272.0,0.0,41.15,11.96,4.07,0.0
20150320:1310,514.01,126.0,0.0,38.82,13.04,4.0,0.0
20150320:1410,412.01,130.0,0.0,33.56,13.59,3.86,0.0
20150320:1510,289.01,119.0,0.0,26.16,13.83,3.86,0.0
20150320:1610,176.0,83.0,0.0,17.39,13.58,3.86,0.0
20150320:1710,42.0,46.0,0.0,7.83,12.77,3.24,0.0
20150320:1810,0.0,0.0,0.0,0.0,11.05,3.17,0.0
20150320:1910,0.0,0.0,0.0,0.0,8.54,3.31,0.0
20150320:2010,0.0,0.0,0.0,0.0,7.34,2.97,0.0
20150320:2110,0.0,0.0,0.0,0.0,6.31,2.69,0.0
20150320:2210,0.0,0.0,0.0,0.0,5.54,2.76,0.0
20150320:2310,0.0,0.0,0.0,0.0,4.87,2.76,0.0
20150321:0010,0.0,0.0,0.0,0.0,4.36,2.41,0.0
20150321:0110,0.0,0.0,0.0,0.0,3.91,2.34,0.0
20150321:0210,0.0,0.0,0.0,0.0,3.61,2.41,0.0
20150321:0310,0.0,0.0,0.0,0.0,3.59,2.97,0.0
20150321:0410,0.0,0.0,0.0,0.0,3.86,3.24,0.0
20150321:0510,0.0,0.0,0.0,0.0,4.0,2.97,0.0
20150321:0610,0.0,2.0,0.0,2.16,4.08,2.14,0.0
20150321:0710,16.0,84.0,0.0,11.97,4.06,2.9,0.0
20150321:0810,20.0,158.0,0.0,21.29,4.74,3.52,0.0
20150321:0910,0.0,153.0,0.0,29.62,6.2,3.79,0.0
20150321:1010,9.0,241.0,0.0,36.3,7.26,3.93,0.0
20150321:1110,0.0,154.0,0.0,40.51,8.44,3.86,0.0
20150321:1210,6.0,258.0,0.0,41.54,9.19,3.79,0.0
20150321:1310,26.0,291.0,0.0,39.18,9.49,3.93,0.0
20150321:1410,0.0,119.0,0.0,33.88,9.4,4.14,0.0
20150321:1510,0.0,116.0,0.0,26.45,9.23,4.41,0.0
20150321:1610,10.0,123.0,0.0,17.65,8.95,4.69,0.0
20150321:1710,4.0,47.0,0.0,8.08,8.33,4.48,0.0
20150321:1810,0.0,0.0,0.0,0.0,7.51,4.62,0.0
20150321:1910,0.0,0.0,0.0,0.0,6.65,4.62,0.0
20150321:2010,0.0,0.0,0.0,0.0,6.37,4.55,0.0
20150321:2110,0.0,0.0,0.0,0.0,5.99,4.48,0.0
20150321:2210,0.0,0.0,0.0,0.0,5.51,4.48,0.0
20150321:2310,0.0,0.0,0.0,0.0,5.46,4.62,0.0
20150322:0010,0.0,0.0,0.0,0.0,5.43,4.69,0.0
20150322:0110,0.0,0.0,0.0,0.0,5.44,4.69,0.0
20150322:0210,0.0,0.0,0.0,0.0,5.38,4.55,0.0
20150322:0310,0.0,0.0,0.0,0.0,5.33,4.48,0.0
20150322:0410,0.0,0.0,0.0,0.0,5.3,4.48,0.0
20150322:0510,0.0,0.0,0.0,0.0,5.2,4.55,0.0
20150322:0610,0.0,9.0,0.0,2.51,5.19,4.69,0.0
20150322:0710,6.0,80.0,0.0,12.32,5.43,5.17,0.0
20150322:0810,3.0,132.0,0.0,21.66,5.83,5.79,0.0
20150322:0910,6.0,194.0,0.0,30.0,6.77,5.66,0.0
20150322:1010,36.0,285.0,0.0,36.7,7.65,5.31,0.0
20150322:1110,45.0,320.0,0.0,40.92,8.44,5.86,0.0
20150322:1210,389.01,235.0,0.0,41.93,8.7,6.0,0.0
20150322:1310,1.0,211.0,0.0,39.54,9.35,6.07,0.0
20150322:1410,39.0,268.0,0.0,34.2,10.19,6.14,0.0
20150322:1510,86.0,216.0,0.0,26.74,10.26,5.66,0.0
20150322:1610,79.0,134.0,0.0,17.92,10.0,5.45,0.0
20150322:1710,8.0,53.0,0.0,8.33,9.37,4.21,0.0
20150322:1810,0.0,0.0,0.0,0.0,8.55,3.38,0.0
20150322:1910,0.0,0.0,0.0,0.0,7.19,3.17,0.0
20150322:2010,0.0,0.0,0.0,0.0,6.1,3.17,0.0
20150322:2110,0.0,0.0,0.0,0.0,5.25,3.1,0.0
20150322:2210,0.0,0.0,0.0,0.0,4.54,2.83,0.0
20150322:2310,0.0,0.0,0.0,0.0,3.87,2.62,0.0
20150323:0010,0.0,0.0,0.0,0.0,3.19,2.41,0.0
20150323:0110,0.0,0.0,0.0,0.0,2.54,2.21,0.0
20150323:0210,0.0,0.0,0.0,0.0,1.91,2.0,0.0
20150323:0310,0.0,0.0,0.0,0.0,1.18,1.79,0.0
20150323:0410,0.0,0.0,0.0,0.0,0.42,1.66,0.0
20150323:0510,0.0,0.0,0.0,0.0,0.0,1.52,0.0
20150323:0610,5.0,12.98,0.0,2.86,-0.48,1.52,0.0
20150323:0710,120.0,62.0,0.0,12.67,0.97,0.9,0.0
20150323:0810,243.0,100.0,0.0,22.02,4.44,1.03,0.0
20150323:0910,390.01,111.0,0.0,30.38,6.96,1.24,0.0
20150323:1010,509.01,116.0,0.0,37.09,9.11,1.31,0.0
20150323:1110,591.01,111.0,0.0,41.32,10.57,1.45,0.0
20150323:1210,623.01,103.0,0.0,42.33,11.49,0.83,0.0
20150323:1310,553.01,119.0,0.0,39.9,12.0,0.34,0.0
20150323:1410,468.01,112.0,0.0,34.52,12.36,0.28,0.0
20150323:1510,335.01,105.0,0.0,27.03,12.52,0.83,0.0
20150323:1610,215.0,73.0,0.0,18.18,12.45,1.31,0.0
20150323:1710,60.0,46.0,0.0,8.58,11.84,1.72,0.0
20150323:1810,0.0,0.0,0.0,0.0,10.44,2.34,0.0
20150323:1910,0.0,0.0,0.0,0.0,8.36,2.69,0.0
20150323:2010,0.0,0.0,0.0,0.0,7.24,2.62,0.0
20150323:2110,0.0,0.0,0.0,0.0,6.32,2.48,0.0
20150323:2210,0.0,0.0,0.0,0.0,5.54,2.55,0.0
20150323:2310,0.0,0.0,0.0,0.0,4.9,2.62,0.0
20150324:0010,0.0,0.0,0.0,0.0,4.27,2.69,0.0
20150324:0110,0.0,0.0,0.0,0.0,4.07,2.62,0.0
20150324:0210,0.0,0.0,0.0,0.0,3.95,2.55,0.0
20150324:0310,0.0,0.0,0.0,0.0,3.99,2.41,0.0
20150324:0410,0.0,0.0,0.0,0.0,4.14,2.21,0.0
20150324:0510,0.0,0.0,0.0,0.0,4.08,2.0,0.0
20150324:0610,0.0,2.0,0.0,3.21,4.03,1.79,0.0
20150324:0710,6.0,82.0,0.0,13.03,4.29,1.79,0.0
20150324:0810,0.0,97.0,0.0,22.38,4.75,1.86,0.0
20150324:0910,7.0,200.0,0.0,30.76,5.53,1.59,0.0
20150324:1010,0.0,181.0,0.0,37.49,6.89,1.45,0.0
20150324:1110,1.0,226.0,0.0,41.72,7.94,1.52,0.0
20150324:1210,0.0,130.0,0.0,42.72,8.3,1.72,0.0
20150324:1310,0.0,97.0,0.0,40.26,8.3,2.28,0.0
20150324:1410,0.0,140.0,0.0,34.84,7.83,2.34,0.0
20150324:1510,0.0,103.0,0.0,27.31,7.05,2.21,0.0
20150324:1610,0.0,84.0,0.0,18.44,6.57,2.28,0.0
20150324:1710,3.0,49.0,0.0,8.83,6.14,2.41,0.0
20150324:1810,0.0,0.0,0.0,0.0,5.7,2.48,0.0
20150324:1910,0.0,0.0,0.0,0.0,4.9,2.55,0.0
20150324:2010,0.0,0.0,0.0,0.0,4.84,2.48,0.0
20150324:2110,0.0,0.0,0.0,0.0,4.82,2.76,0.0
20150324:2210,0.0,0.0,0.0,0.0,4.73,3.03,0.0
20150324:2310,0.0,0.0,0.0,0.0,4.57,3.31,0.0
20150325:0010,0.0,0.0,0.0,0.0,4.38,3.66,0.0
20150325:0110,0.0,0.0,0.0,0.0,4.17,3.66,0.0
20150325:0210,0.0,0.0,0.0,0.0,4.0,3.45,0.0
20150325:0310,0.0,0.0,0.0,0.0,3.81,3.24,0.0
20150325:0410,0.0,0.0,0.0,0.0,3.54,3.1,0.0
20150325:0510,0.0,0.0,0.0,0.0,3.38,3.1,0.0
20150325:0610,7.0,17.44,0.0,3.55,3.16,3.03,0.0
20150325:0710,54.0,96.0,0.0,13.38,3.75,2.76,0.0
20150325:0810,48.0,181.0,0.0,22.74,4.66,4.21,0.0
20150325:0910,0.0,120.0,0.0,31.14,5.77,4.14,0.0
20150325:1010,24.0,279.0,0.0,37.88,6.75,4.21,0.0
20150325:1110,167.0,331.0,0.0,42.12,7.83,4.28,0.0
20150325:1210,102.0,347.0,0.0,43.1,8.5,4.14,0.0
20150325:1310,121.0,328.0,0.0,40.62,8.96,4.14,0.0
20150325:1410,14.0,246.0,0.0,35.16,9.19,4.21,0.0
20150325:1510,113.0,217.0,0.0,27.59,9.16,4.14,0.0
20150325:1610,150.0,112.0,0.0,18.7,8.91,3.93,0.0
20150325:1710,68.0,48.0,0.0,9.07,8.36,3.45,0.0
20150325:1810,0.0,0.0,0.0,0.0,6.96,2.9,0.0
20150325:1910,0.0,0.0,0.0,0.0,5.51,2.55,0.0
20150325:2010,0.0,0.0,0.0,0.0,4.41,2.55,0.0
20150325:2110,0.0,0.0,0.0,0.0,3.5,2.55,0.0
20150325:2210,0.0,0.0,0.0,0.0,2.71,2.28,0.0
20150325:2310,0.0,0.0,0.0,0.0,1.88,2.07,0.0
20150326:0010,0.0,0.0,0.0,0.0,0.98,2.07,0.0
20150326:0110,0.0,0.0,0.0,0.0,0.14,1.93,0.0
20150326:0210,0.0,0.0,0.0,0.0,-0.63,1.93,0.0
20150326:0310,0.0,0.0,0.0,0.0,-1.28,1.86,0.0
20150326:0410,0.0,0.0,0.0,0.0,-1.75,2.0,0.0
20150326:0510,0.0,0.0,0.0,0.0,-1.69,2.21,0.0
20150326:0610,9.0,18.98,0.0,3.9,-1.02,2.55,0.0
20150326:0710,71.0,94.0,0.0,13.73,1.63,3.03,0.0
20150326:0810,10.0,159.0,0.0,23.11,3.43,3.59,0.0
20150326:0910,3.0,190.0,0.0,31.52,4.81,4.48,0.0
20150326:1010,6.0,241.0,0.0,38.28,5.92,5.31,0.0
20150326:1110,47.0,329.0,0.0,42.52,6.39,6.69,0.0
20150326:1210,1.0,234.0,0.0,43.49,6.16,6.14,0.0
20150326:1310,0.0,130.0,0.0,40.97,5.92,5.79,0.0
20150326:1410,0.0,97.0,0.0,35.48,6.09,5.72,0.0
20150326:1510,0.0,88.0,0.0,27.88,6.38,5.31,0.0
20150326:1610,17.0,138.0,0.0,18.95,6.75,4.62,0.0
20150326:1710,34.0,63.0,0.0,9.32,7.32,3.79,0.0
20150326:1810,0.0,0.0,0.0,0.0,7.75,3.31,0.0
20150326:1910,0.0,0.0,0.0,0.0,7.28,3.03,0.0
20150326:2010,0.0,0.0,0.0,0.0,7.14,3.1,0.0
20150326:2110,0.0,0.0,0.0,0.0,6.9,3.45,0.0
20150326:2210,0.0,0.0,0.0,0.0,6.52,3.66,0.0
20150326:2310,0.0,0.0,0.0,0.0,6.05,3.86,0.0
20150327:0010,0.0,0.0,0.0,0.0,5.36,3.72,0.0
20150327:0110,0.0,0.0,0.0,0.0,5.01,3.45,0.0
20150327:0210,0.0,0.0,0.0,0.0,4.3,3.31,0.0
20150327:0310,0.0,0.0,0.0,0.0,3.81,3.1,0.0
20150327:0410,0.0,0.0,0.0,0.0,3.16,2.97,0.0
20150327:0510,0.0,0.0,0.0,0.0,2.63,3.03,0.0
20150327:0610,2.0,21.57,0.0,4.25,2.14,2.83,0.0
20150327:0710,109.0,82.0,0.0,14.08,3.27,2.55,0.0
20150327:0810,294.0,90.0,0.0,23.47,5.16,2.69,0.0
20150327:0910,449.01,96.0,0.0,31.9,7.15,2.83,0.0
20150327:1010,449.01,167.0,0.0,38.67,8.68,2.76,0.0
20150327:1110,221.0,321.0,0.0,42.92,9.88,3.17,0.0
20150327:1210,284.01,305.0,0.0,43.88,10.34,3.17,0.0
20150327:1310,175.0,323.0,0.0,41.33,10.68,3.31,0.0
20150327:1410,113.0,290.0,0.0,35.79,10.8,3.17,0.0
20150327:1510,26.0,215.0,0.0,28.16,10.8,3.31,0.0
20150327:1610,87.0,144.0,0.0,19.21,10.75,2.97,0.0
20150327:1710,71.0,52.0,0.0,9.56,10.25,2.34,0.0
20150327:1810,0.0,0.0,0.0,0.0,9.5,2.34,0.0
20150327:1910,0.0,0.0,0.0,0.0,8.57,2.48,0.0
20150327:2010,0.0,0.0,0.0,0.0,7.32,2.76,0.0
20150327:2110,0.0,0.0,0.0,0.0,6.64,2.62,0.0
20150327:2210,0.0,0.0,0.0,0.0,5.88,2.41,0.0
20150327:2310,0.0,0.0,0.0,0.0,5.27,2.34,0.0
20150328:0010,0.0,0.0,0.0,0.0,5.51,2.34,0.0
20150328:0110,0.0,0.0,0.0,0.0,5.92,2.48,0.0
20150328:0210,0.0,0.0,0.0,0.0,6.29,2.76,0.0
20150328:0310,0.0,0.0,0.0,0.0,6.76,3.03,0.0
20150328:0410,0.0,0.0,0.0,0.0,7.02,3.24,0.0
20150328:0510,0.0,0.0,0.0,0.0,7.18,3.31,0.0
20150328:0610,3.0,22.37,0.0,4.59,7.27,3.31,0.0
20150328:0710,4.0,85.0,0.0,14.43,7.67,3.1,0.0
20150328:0810,0.0,41.0,0.0,23.83,8.1,3.03,0.0
20150328:0910,0.0,119.0,0.0,32.27,8.74,3.24,0.0
20150328:1010,0.0,108.0,0.0,39.06,9.58,3.31,0.0
20150328:1110,4.0,257.0,0.0,43.32,10.73,3.79,0.0
20150328:1210,36.0,326.0,0.0,44.27,12.21,5.03,0.0
20150328:1310,0.0,198.0,0.0,41.68,13.48,6.07,0.0
20150328:1410,262.0,232.0,0.0,36.11,13.61,6.28,0.0
20150328:1510,12.0,196.0,0.0,28.44,13.42,5.45,0.0
20150328:1610,217.0,82.0,0.0,19.47,13.2,5.24,0.0
20150328:1710,17.0,67.0,0.0,9.8,13.02,5.45,0.0
20150328:1810,0.0,0.0,0.0,0.0,12.26,5.45,0.0
20150328:1910,0.0,0.0,0.0,0.0,12.06,6.34,0.0
20150328:2010,0.0,0.0,0.0,0.0,11.54,6.48,0.0
20150328:2110,0.0,0.0,0.0,0.0,11.22,6.76,0.0
20150328:2210,0.0,0.0,0.0,0.0,10.97,6.41,0.0
20150328:2310,0.0,0.0,0.0,0.0,10.74,5.93,0.0
20150329:0010,0.0,0.0,0.0,0.0,10.46,5.66,0.0
20150329:0110,0.0,0.0,0.0,0.0,10.29,5.72,0.0
20150329:0210,0.0,0.0,0.0,0.0,10.05,5.45,0.0
20150329:0310,0.0,0.0,0.0,0.0,9.75,5.38,0.0
20150329:0410,0.0,0.0,0.0,0.0,9.5,5.45,0.0
20150329:0510,0.0,0.0,0.0,0.0,9.32,5.72,0.0
20150329:0610,0.0,20.0,0.0,4.94,9.13,5.93,0.0
20150329:0710,0.0,30.0,0.0,14.78,9.23,6.14,0.0
20150329:0810,1.0,123.0,0.0,24.19,9.05,6.62,0.0
20150329:0910,0.0,114.0,0.0,32.65,9.24,7.24,0.0
20150329:1010,0.0,109.0,0.0,39.45,9.5,7.72,0.0
20150329:1110,0.0,218.0,0.0,43.72,10.1,7.86,0.0
20150329:1210,0.0,129.0,0.0,44.65,11.28,8.07,0.0
20150329:1310,1.0,227.0,0.0,42.03,12.49,8.48,0.0
20150329:1410,0.0,150.0,0.0,36.42,12.42,9.38,0.0
20150329:1510,0.0,83.0,0.0,28.71,12.06,8.41,0.0
20150329:1610,0.0,58.0,0.0,19.72,11.94,8.34,0.0
20150329:1710,2.0,53.0,0.0,10.05,11.95,8.41,0.0
20150329:1810,0.0,0.0,0.0,0.0,11.77,8.14,0.0
20150329:1910,0.0,0.0,0.0,0.0,10.83,8.14,0.0
20150329:2010,0.0,0.0,0.0,0.0,10.63,7.59,0.0
20150329:2110,0.0,0.0,0.0,0.0,10.56,7.38,0.0
20150329:2210,0.0,0.0,0.0,0.0,10.47,7.59,0.0
20150329:2310,0.0,0.0,0.0,0.0,10.32,7.79,0.0
20150330:0010,0.0,0.0,0.0,0.0,10.33,7.79,0.0
20150330:0110,0.0,0.0,0.0,0.0,10.23,7.59,0.0
20150330:0210,0.0,0.0,0.0,0.0,10.2,7.59,0.0
20150330:0310,0.0,0.0,0.0,0.0,10.2,7.24,0.0
20150330:0410,0.0,0.0,0.0,0.0,9.88,6.41,0.0
20150330:0510,0.0,0.0,0.0,0.0,9.27,5.66,0.0
20150330:0610,24.0,22.68,0.0,5.28,8.37,5.31,0.0
20150330:0710,31.0,112.0,0.0,15.13,8.67,5.45,0.0
20150330:0810,66.0,193.0,0.0,24.55,8.7,5.66,0.0
20150330:0910,370.01,143.0,0.0,33.02,8.96,6.14,0.0
20150330:1010,500.01,137.0,0.0,39.84,9.78,6.14,0.0
20150330:1110,446.01,211.0,0.0,44.12,10.4,5.93,0.0
20150330:1210,338.01,278.0,0.0,45.04,10.94,5.86,0.0
20150330:1310,68.0,331.0,0.0,42.38,10.99,5.79,0.0
20150330:1410,33.0,275.0,0.0,36.73,11.18,5.38,0.0
20150330:1510,5.0,179.0,0.0,28.99,11.07,4.41,0.0
20150330:1610,2.0,112.0,0.0,19.97,10.7,3.79,0.0
20150330:1710,50.0,65.0,0.0,10.29,10.47,4.0,0.0
20150330:1810,0.0,0.0,0.0,0.0,10.06,4.41,0.0
20150330:1910,0.0,0.0,0.0,0.0,10.01,4.55,0.0
20150330:2010,0.0,0.0,0.0,0.0,10.24,5.31,0.0
20150330:2110,0.0,0.0,0.0,0.0,10.69,5.93,0.0
20150330:2210,0.0,0.0,0.0,0.0,11.22,7.17,0.0
20150330:2310,0.0,0.0,0.0,0.0,11.5,7.93,0.0
20150331:0010,0.0,0.0,0.0,0.0,11.61,8.28,0.0
20150331:0110,0.0,0.0,0.0,0.0,11.61,8.41,0.0
20150331:0210,0.0,0.0,0.0,0.0,11.26,8.28,0.0
20150331:0310,0.0,0.0,0.0,0.0,10.64,8.41,0.0
20150331:0410,0.0,0.0,0.0,0.0,10.35,8.55,0.0
20150331:0510,0.0,0.0,0.0,0.0,10.42,8.62,0.0
20150331:0610,11.0,31.22,0.0,5.63,10.71,8.55,0.0
20150331:0710,12.0,107.0,0.0,15.47,10.46,8.55,0.0
20150331:0810,22.0,186.0,0.0,24.9,10.59,8.55,0.0
20150331:0910,18.0,240.0,0.0,33.39,10.69,8.21,0.0
20150331:1010,28.0,298.0,0.0,40.23,11.0,8.9,0.0
20150331:1110,181.0,343.0,0.0,44.52,11.11,9.17,0.0
20150331:1210,237.0,332.0,0.0,45.42,11.48,9.66,0.0
20150331:1310,47.0,328.0,0.0,42.73,11.75,8.97,0.0
20150331:1410,266.0,246.0,0.0,37.04,12.27,8.34,0.0
20150331:1510,233.0,183.0,0.0,29.26,12.29,8.21,0.0
20150331:1610,195.0,104.0,0.0,20.22,11.8,7.79,0.0
20150331:1710,21.0,74.0,0.0,10.53,11.08,6.9,0.0
20150331:1810,0.0,0.0,0.0,0.0,9.95,6.34,0.0
20150331:1910,0.0,0.0,0.0,0.0,9.11,6.21,0.0
20150331:2010,0.0,0.0,0.0,0.0,8.35,6.21,0.0
20150331:2110,0.0,0.0,0.0,0.0,7.91,6.28,0.0
20150331:2210,0.0,0.0,0.0,0.0,7.3,6.28,0.0
20150331:2310,0.0,0.0,0.0,0.0,6.95,6.14,0.0
20150401:0010,0.0,0.0,0.0,0.0,6.53,5.79,0.0
20150401:0110,0.0,0.0,0.0,0.0,6.33,5.66,0.0
20150401:0210,0.0,0.0,0.0,0.0,5.9,5.38,0.0
20150401:0310,0.0,0.0,0.0,0.0,5.42,4.9,0.0
20150401:0410,0.0,0.0,0.0,0.0,5.09,4.76,0.0
20150401:0510,0.0,0.0,0.0,0.0,4.91,4.69,0.0
20150401:0610,31.0,33.0,0.0,5.97,4.67,4.55,0.0
20150401:0710,156.0,78.0,0.0,15.82,5.4,4.14,0.0
20150401:0810,149.0,182.0,0.0,25.26,6.07,6.55,0.0
20150401:0910,93.0,274.0,0.0,33.76,6.91,6.83,0.0
20150401:1010,182.0,314.0,0.0,40.62,8.06,6.48,0.0
20150401:1110,161.0,353.0,0.0,44.91,9.04,6.83,0.0
20150401:1210,277.0,322.0,0.0,45.8,9.52,6.41,0.0
20150401:1310,73.0,343.0,0.0,43.08,9.94,6.21,0.0
20150401:1410,255.0,256.0,0.0,37.35,10.03,5.86,0.0
20150401:1510,210.0,199.0,0.0,29.54,10.12,5.93,0.0
20150401:1610,48.0,161.0,0.0,20.47,9.88,5.59,0.0
20150401:1710,12.0,74.0,0.0,10.77,9.24,4.76,0.0
20150401:1810,0.0,0.0,0.0,0.0,8.54,4.41,0.0
20150401:1910,0.0,0.0,0.0,0.0,7.95,3.79,0.0
20150401:2010,0.0,0.0,0.0,0.0,7.15,3.79,0.0
20150401:2110,0.0,0.0,0.0,0.0,6.72,3.93,0.0
20150401:2210,0.0,0.0,0.0,0.0,6.25,4.14,0.0
20150401:2310,0.0,0.0,0.0,0.0,5.85,4.48,0.0
20150402:0010,0.0,0.0,0.0,0.0,6.07,4.83,0.0
20150402:0110,0.0,0.0,0.0,0.0,6.29,5.38,0.0
20150402:0210,0.0,0.0,0.0,0.0,6.65,5.93,0.0
20150402:0310,0.0,0.0,0.0,0.0,7.01,6.21,0.0
20150402:0410,0.0,0.0,0.0,0.0,7.37,6.48,0.0
20150402:0510,0.0,0.0,0.0,0.0,7.63,6.62,0.0
20150402:0610,2.0,31.0,0.0,6.31,7.92,6.48,0.0
20150402:0710,18.0,116.0,0.0,16.16,8.42,6.55,0.0
20150402:0810,6.0,165.0,0.0,25.61,8.89,6.21,0.0
20150402:0910,18.0,242.0,0.0,34.13,9.13,5.72,0.0
20150402:1010,16.0,280.0,0.0,41.01,9.47,5.45,0.0
20150402:1110,0.0,199.0,0.0,45.3,9.91,6.0,0.0
20150402:1210,0.0,163.0,0.0,46.18,10.23,5.66,0.0
20150402:1310,0.0,140.0,0.0,43.42,9.83,4.48,0.0
20150402:1410,0.0,101.0,0.0,37.65,9.31,3.17,0.0
20150402:1510,0.0,72.0,0.0,29.81,8.66,2.62,0.0
20150402:1610,0.0,104.0,0.0,20.72,8.04,2.14,0.0
20150402:1710,0.0,42.0,0.0,11.0,7.49,1.52,0.0
20150402:1810,0.0,0.0,0.0,0.0,7.27,0.97,0.0
20150402:1910,0.0,0.0,0.0,0.0,7.1,1.1,0.0
20150402:2010,0.0,0.0,0.0,0.0,6.95,0.9,0.0
20150402:2110,0.0,0.0,0.0,0.0,6.83,0.97,0.0
20150402:2210,0.0,0.0,0.0,0.0,6.67,1.17,0.0
20150402:2310,0.0,0.0,0.0,0.0,6.6,1.45,0.0
20150403:0010,0.0,0.0,0.0,0.0,6.49,1.72,0.0
20150403:0110,0.0,0.0,0.0,0.0,6.43,1.93,0.0
20150403:0210,0.0,0.0,0.0,0.0,6.41,2.07,0.0
20150403:0310,0.0,0.0,0.0,0.0,6.5,2.14,0.0
20150403:0410,0.0,0.0,0.0,0.0,6.67,2.07,0.0
20150403:0510,0.0,0.0,0.0,0.0,6.85,1.86,0.0
20150403:0610,1.0,31.0,0.0,6.65,7.12,1.72,0.0
20150403:0710,3.0,96.0,0.0,16.5,7.98,2.07,0.0
20150403:0810,0.0,65.0,0.0,25.96,8.72,2.9,0.0
20150403:0910,0.0,109.0,0.0,34.5,9.02,2.69,0.0
20150403:1010,0.0,146.0,0.0,41.39,9.42,2.55,0.0
20150403:1110,0.0,97.0,0.0,45.69,9.38,2.48,0.0
20150403:1210,0.0,100.0,0.0,46.56,10.38,2.83,0.0
20150403:1310,0.0,62.0,0.0,43.77,10.95,3.24,0.0
20150403:1410,0.0,63.0,0.0,37.95,11.1,3.79,0.0
20150403:1510,0.0,105.0,0.0,30.08,10.9,3.59,0.0
20150403:1610,0.0,77.0,0.0,20.97,10.52,3.03,0.0
20150403:1710,11.0,75.0,0.0,11.24,9.66,2.76,0.0
20150403:1810,0.0,0.0,0.0,0.0,9.02,2.28,0.0
20150403:1910,0.0,0.0,0.0,0.0,8.84,1.17,0.0
20150403:2010,0.0,0.0,0.0,0.0,8.48,0.97,0.0
20150403:2110,0.0,0.0,0.0,0.0,8.1,0.97,0.0
20150403:2210,0.0,0.0,0.0,0.0,7.95,0.97,0.0
20150403:2310,0.0,0.0,0.0,0.0,7.76,1.45,0.0
20150404:0010,0.0,0.0,0.0,0.0,7.75,1.66,0.0
20150404:0110,0.0,0.0,0.0,0.0,7.65,1.79,0.0
20150404:0210,0.0,0.0,0.0,0.0,7.72,1.79,0.0
20150404:0310,0.0,0.0,0.0,0.0,7.62,2.0,0.0
20150404:0410,0.0,0.0,0.0,0.0,7.38,2.62,0.0
20150404:0510,0.0,0.0,0.0,0.0,7.4,2.62,0.0
20150404:0610,19.0,45.0,0.0,6.98,7.46,2.62,0.0
20150404:0710,0.0,77.0,0.0,16.84,8.08,4.07,0.0
20150404:0810,6.0,169.0,0.0,26.31,8.39,4.0,0.0
20150404:0910,1.0,190.0,0.0,34.87,8.53,4.21,0.0
20150404:1010,0.0,207.0,0.0,41.77,8.77,4.76,0.0
20150404:1110,0.0,134.0,0.0,46.08,8.96,5.17,0.0
20150404:1210,0.0,143.0,0.0,46.93,9.1,5.59,0.0
20150404:1310,0.0,124.0,0.0,44.11,8.92,4.83,0.0
20150404:1410,0.0,80.0,0.0,38.26,9.03,5.31,0.0
20150404:1510,1.0,158.0,0.0,30.34,8.74,5.38,0.0
20150404:1610,0.0,78.0,0.0,21.21,8.52,5.45,0.0
20150404:1710,0.0,44.0,0.0,11.48,8.21,4.97,0.0
20150404:1810,0.0,0.0,0.0,0.0,7.71,4.83,0.0
20150404:1910,0.0,0.0,0.0,0.0,6.6,4.9,0.0
20150404:2010,0.0,0.0,0.0,0.0,6.05,4.76,0.0
20150404:2110,0.0,0.0,0.0,0.0,5.24,4.55,0.0
20150404:2210,0.0,0.0,0.0,0.0,4.49,4.41,0.0
20150404:2310,0.0,0.0,0.0,0.0,3.82,4.21,0.0
20150405:0010,0.0,0.0,0.0,0.0,3.22,3.86,0.0
20150405:0110,0.0,0.0,0.0,0.0,2.66,3.59,0.0
20150405:0210,0.0,0.0,0.0,0.0,2.13,3.52,0.0
20150405:0310,0.0,0.0,0.0,0.0,1.7,3.52,0.0
20150405:0410,0.0,0.0,0.0,0.0,1.34,3.38,0.0
20150405:0510,0.0,0.0,0.0,0.0,1.01,3.31,0.0
20150405:0610,47.0,40.0,0.0,7.32,0.97,3.38,0.0
20150405:0710,180.0,81.0,0.0,17.18,2.45,4.48,0.0
20150405:0810,303.0,121.0,0.0,26.66,4.0,4.62,0.0
20150405:0910,405.01,157.0,0.0,35.23,5.48,4.76,0.0
20150405:1010,138.0,338.0,0.0,42.15,6.74,4.69,0.0
20150405:1110,419.01,261.0,0.0,46.47,7.73,4.41,0.0
20150405:1210,427.01,264.0,0.0,47.31,8.42,4.34,0.0
20150405:1310,176.0,348.0,0.0,44.45,9.03,4.34,0.0
20150405:1410,155.0,305.0,0.0,38.55,9.65,4.34,0.0
20150405:1510,135.0,240.0,0.0,30.61,9.74,4.28,0.0
20150405:1610,41.0,169.0,0.0,21.46,9.66,4.21,0.0
20150405:1710,100.0,61.0,0.0,11.71,9.21,3.52,0.0
20150405:1810,0.0,6.0,0.0,1.82,8.5,3.24,0.0
20150405:1910,0.0,0.0,0.0,0.0,6.89,3.24,0.0
20150405:2010,0.0,0.0,0.0,0.0,6.04,3.24,0.0
20150405:2110,0.0,0.0,0.0,0.0,5.26,3.24,0.0
20150405:2210,0.0,0.0,0.0,0.0,4.69,3.24,0.0
20150405:2310,0.0,0.0,0.0,0.0,4.16,3.1,0.0
20150406:0010,0.0,0.0,0.0,0.0,3.63,3.03,0.0
20150406:0110,0.0,0.0,0.0,0.0,3.11,2.97,0.0
20150406:0210,0.0,0.0,0.0,0.0,2.6,2.83,0.0
20150406:0310,0.0,0.0,0.0,0.0,2.06,2.69,0.0
20150406:0410,0.0,0.0,0.0,0.0,1.54,2.55,0.0
20150406:0510,0.0,0.0,0.0,0.0,1.07,2.48,0.0
20150406:0610,44.0,44.0,0.0,7.65,0.97,2.28,0.0
20150406:0710,174.0,86.0,0.0,17.52,2.91,2.07,0.0
20150406:0810,331.0,107.0,0.0,27.01,5.43,2.34,0.0
20150406:0910,487.01,112.0,0.0,35.59,7.72,2.41,0.0
20150406:1010,574.01,130.0,0.0,42.53,9.58,2.9,0.0
20150406:1110,636.01,135.0,0.0,46.86,10.59,3.17,0.0
20150406:1210,630.01,144.0,0.0,47.68,11.33,3.24,0.0
20150406:1310,598.01,137.0,0.0,44.79,12.04,3.66,0.0
20150406:1410,496.01,138.0,0.0,38.85,12.12,3.86,0.0
20150406:1510,217.0,209.0,0.0,30.87,11.65,4.14,0.0
20150406:1610,124.0,155.0,0.0,21.7,10.81,4.14,0.0
20150406:1710,55.0,82.0,0.0,11.94,10.07,3.66,0.0
20150406:1810,0.0,3.0,0.0,2.05,9.32,3.31,0.0
20150406:1910,0.0,0.0,0.0,0.0,9.32,3.1,0.0
20150406:2010,0.0,0.0,0.0,0.0,8.35,3.1,0.0
20150406:2110,0.0,0.0,0.0,0.0,7.64,3.03,0.0
20150406:2210,0.0,0.0,0.0,0.0,6.69,2.97,0.0
20150406:2310,0.0,0.0,0.0,0.0,5.81,3.03,0.0
20150407:0010,0.0,0.0,0.0,0.0,5.06,3.03,0.0
20150407:0110,0.0,0.0,0.0,0.0,4.48,2.97,0.0
20150407:0210,0.0,0.0,0.0,0.0,3.87,2.76,0.0
20150407:0310,0.0,0.0,0.0,0.0,3.27,2.62,0.0
20150407:0410,0.0,0.0,0.0,0.0,2.71,2.62,0.0
20150407:0510,0.0,0.0,0.0,0.0,2.18,2.55,0.0
20150407:0610,53.0,44.0,0.0,7.98,2.04,2.41,0.0
20150407:0710,185.0,86.0,0.0,17.85,4.28,2.0,0.0
20150407:0810,335.0,112.0,0.0,27.35,7.04,2.34,0.0
20150407:0910,490.01,118.0,0.0,35.95,9.12,2.76,0.0
20150407:1010,565.01,144.0,0.0,42.91,10.58,3.31,0.0
20150407:1110,644.01,139.0,0.0,47.24,11.6,3.31,0.0
20150407:1210,635.01,151.0,0.0,48.05,12.47,3.24,0.0
20150407:1310,614.01,137.0,0.0,45.12,13.11,3.24,0.0
20150407:1410,519.01,133.0,0.0,39.15,13.47,3.17,0.0
20150407:1510,395.01,119.0,0.0,31.14,13.56,3.1,0.0
20150407:1610,211.0,119.0,0.0,21.94,13.33,2.83,0.0
20150407:1710,120.0,58.0,0.0,12.18,12.74,2.21,0.0
20150407:1810,0.0,9.0,0.0,2.29,11.23,2.21,0.0
20150407:1910,0.0,0.0,0.0,0.0,9.5,2.69,0.0
20150407:2010,0.0,0.0,0.0,0.0,8.13,2.62,0.0
20150407:2110,0.0,0.0,0.0,0.0,6.97,2.48,0.0
20150407:2210,0.0,0.0,0.0,0.0,5.81,2.21,0.0
20150407:2310,0.0,0.0,0.0,0.0,4.54,2.07,0.0
20150408:0010,0.0,0.0,0.0,0.0,3.36,1.93,0.0
20150408:0110,0.0,0.0,0.0,0.0,2.55,1.86,0.0
20150408:0210,0.0,0.0,0.0,0.0,1.95,1.86,0.0
20150408:0310,0.0,0.0,0.0,0.0,1.41,1.86,0.0
20150408:0410,0.0,0.0,0.0,0.0,1.06,1.79,0.0
20150408:0510,0.0,0.0,0.0,0.0,0.77,1.72,0.0
20150408:0610,65.0,43.0,0.0,8.31,0.97,1.52,0.0
20150408:0710,198.0,83.0,0.0,18.18,4.27,1.1,0.0
20150408:0810,248.0,163.0,0.0,27.69,7.98,1.24,0.0
20150408:0910,429.01,155.0,0.0,36.31,10.57,1.38,0.0
20150408:1010,575.01,139.0,0.0,43.28,12.58,1.79,0.0
20150408:1110,635.01,144.0,0.0,47.63,13.75,2.14,0.0
20150408:1210,635.01,151.0,0.0,48.42,14.57,2.14,0.0
20150408:1310,605.01,142.0,0.0,45.46,15.15,2.14,0.0
20150408:1410,518.01,134.0,0.0,39.44,15.51,2.0,0.0
20150408:1510,395.01,120.0,0.0,31.4,15.6,1.79,0.0
20150408:1610,254.0,97.0,0.0,22.18,15.43,1.72,0.0
20150408:1710,102.0,67.0,0.0,12.41,14.89,1.45,0.0
20150408:1810,0.0,10.0,0.0,2.52,13.56,1.93,0.0
20150408:1910,0.0,0.0,0.0,0.0,11.22,2.62,0.0
20150408:2010,0.0,0.0,0.0,0.0,9.73,2.62,0.0
20150408:2110,0.0,0.0,0.0,0.0,8.5,2.55,0.0
20150408:2210,0.0,0.0,0.0,0.0,7.41,2.41,0.0
20150408:2310,0.0,0.0,0.0,0.0,6.38,2.34,0.0
20150409:0010,0.0,0.0,0.0,0.0,5.35,2.21,0.0
20150409:0110,0.0,0.0,0.0,0.0,4.37,2.14,0.0
20150409:0210,0.0,0.0,0.0,0.0,3.52,2.0,0.0
20150409:0310,0.0,0.0,0.0,0.0,2.78,2.0,0.0
20150409:0410,0.0,0.0,0.0,0.0,2.25,1.86,0.0
20150409:0510,0.0,0.0,0.0,0.0,1.87,1.79,0.0
20150409:0610,61.0,48.0,0.0,8.64,1.81,1.66,0.0
20150409:0710,202.0,85.0,0.0,18.51,5.31,0.97,0.0
20150409:0810,357.0,108.0,0.0,28.03,8.83,1.1,0.0
20150409:0910,503.01,119.0,0.0,36.66,11.65,1.24,0.0
20150409:1010,587.01,139.0,0.0,43.65,14.17,1.31,0.0
20150409:1110,648.01,144.0,0.0,48.01,16.21,1.38,0.0
20150409:1210,599.01,181.0,0.0,48.79,17.58,1.52,0.0
20150409:1310,573.01,169.0,0.0,45.79,18.45,1.59,0.0
20150409:1410,530.01,133.0,0.0,39.73,18.97,1.52,0.0
20150409:1510,354.0,150.0,0.0,31.66,19.17,1.52,0.0
20150409:1610,226.0,117.0,0.0,22.42,19.02,1.66,0.0
20150409:1710,80.0,81.0,0.0,12.64,18.24,1.59,0.0
20150409:1810,0.0,12.0,0.0,2.75,16.46,2.34,0.0
20150409:1910,0.0,0.0,0.0,0.0,14.6,2.28,0.0
20150409:2010,0.0,0.0,0.0,0.0,12.18,2.41,0.0
20150409:2110,0.0,0.0,0.0,0.0,10.27,2.41,0.0
20150409:2210,0.0,0.0,0.0,0.0,8.76,2.34,0.0
20150409:2310,0.0,0.0,0.0,0.0,7.56,2.34,0.0
20150410:0010,0.0,0.0,0.0,0.0,6.68,2.34,0.0
20150410:0110,0.0,0.0,0.0,0.0,6.0,2.34,0.0
20150410:0210,0.0,0.0,0.0,0.0,5.4,2.28,0.0
20150410:0310,0.0,0.0,0.0,0.0,4.89,2.21,0.0
20150410:0410,0.0,0.0,0.0,0.0,4.36,2.14,0.0
20150410:0510,0.0,0.0,0.0,0.0,3.89,2.14,0.0
20150410:0610,47.0,56.0,0.0,8.96,4.05,1.93,0.0
20150410:0710,151.0,113.0,0.0,18.84,7.57,1.66,0.0
20150410:0810,263.0,160.0,0.0,28.37,11.05,1.93,0.0
20150410:0910,417.01,167.0,0.0,37.01,13.64,2.07,0.0
20150410:1010,418.01,236.0,0.0,44.02,15.59,2.14,0.0
20150410:1110,433.01,267.0,0.0,48.38,17.1,2.69,0.0
20150410:1210,528.01,220.0,0.0,49.15,18.11,3.38,0.0
20150410:1310,448.01,238.0,0.0,46.12,18.65,3.72,0.0
20150410:1410,513.01,140.0,0.0,40.02,18.99,3.72,0.0
20150410:1510,404.01,119.0,0.0,31.91,19.04,3.72,0.0
20150410:1610,179.0,141.0,0.0,22.66,18.73,4.21,0.0
20150410:1710,91.0,77.0,0.0,12.87,17.88,3.93,0.0
20150410:1810,0.0,14.0,0.0,2.98,16.24,3.52,0.0
20150410:1910,0.0,0.0,0.0,0.0,14.89,3.72,0.0
20150410:2010,0.0,0.0,0.0,0.0,13.74,4.0,0.0
20150410:2110,0.0,0.0,0.0,0.0,12.66,4.0,0.0
20150410:2210,0.0,0.0,0.0,0.0,11.83,3.93,0.0
20150410:2310,0.0,0.0,0.0,0.0,11.28,3.52,0.0
20150411:0010,0.0,0.0,0.0,0.0,10.81,3.86,0.0
20150411:0110,0.0,0.0,0.0,0.0,10.49,4.48,0.0
20150411:0210,0.0,0.0,0.0,0.0,10.46,4.48,0.0
20150411:0310,0.0,0.0,0.0,0.0,10.23,4.41,0.0
20150411:0410,0.0,0.0,0.0,0.0,10.06,4.48,0.0
20150411:0510,0.0,0.0,0.0,0.0,10.05,4.62,0.0
20150411:0610,0.0,28.0,0.0,9.29,10.11,4.55,0.0
20150411:0710,0.0,25.0,0.0,19.16,10.52,4.83,0.0
20150411:0810,1.0,154.0,0.0,28.7,11.07,5.86,0.0
20150411:0910,0.0,85.0,0.0,37.36,11.69,6.48,0.0
20150411:1010,73.0,345.0,0.0,44.39,11.75,5.93,0.0
20150411:1110,36.0,350.0,0.0,48.76,12.38,5.38,0.0
20150411:1210,0.0,130.0,0.0,49.51,12.81,5.24,0.0
20150411:1310,86.0,361.0,0.0,46.44,13.98,6.0,0.0
20150411:1410,0.0,121.0,0.0,40.31,14.36,5.93,0.0
20150411:1510,0.0,72.0,0.0,32.17,14.25,6.0,0.0
20150411:1610,0.0,60.0,0.0,22.89,13.26,4.62,0.0
20150411:1710,1.0,65.0,0.0,13.09,12.24,3.1,0.0
20150411:1810,1.0,10.86,0.0,3.21,11.56,2.21,0.0
20150411:1910,0.0,0.0,0.0,0.0,10.86,1.66,0.0
20150411:2010,0.0,0.0,0.0,0.0,10.53,1.45,0.0
20150411:2110,0.0,0.0,0.0,0.0,10.1,1.45,0.0
20150411:2210,0.0,0.0,0.0,0.0,9.5,1.59,0.0
20150411:2310,0.0,0.0,0.0,0.0,9.02,1.59,0.0
20150412:0010,0.0,0.0,0.0,0.0,8.1,1.86,0.0
20150412:0110,0.0,0.0,0.0,0.0,7.45,1.66,0.0
20150412:0210,0.0,0.0,0.0,0.0,6.67,1.24,0.0
20150412:0310,0.0,0.0,0.0,0.0,5.64,1.38,0.0
20150412:0410,0.0,0.0,0.0,0.0,5.54,1.38,0.0
20150412:0510,0.0,0.0,0.0,0.0,5.61,1.38,0.0
20150412:0610,29.0,66.0,0.0,9.6,5.51,1.52,0.0
20150412:0710,102.0,140.0,0.0,19.48,7.99,1.17,0.0
20150412:0810,348.0,116.0,0.0,29.03,9.8,1.38,0.0
20150412:0910,487.01,129.0,0.0,37.71,11.78,1.79,0.0
20150412:1010,354.01,273.0,0.0,44.75,14.02,2.48,0.0
20150412:1110,287.0,340.0,0.0,49.13,15.58,3.72,0.0
20150412:1210,269.0,354.0,0.0,49.87,15.98,3.86,0.0
20150412:1310,266.0,330.0,0.0,46.77,16.35,4.21,0.0
20150412:1410,310.0,257.0,0.0,40.59,16.8,4.28,0.0
20150412:1510,405.01,121.0,0.0,32.42,16.89,3.86,0.0
20150412:1610,264.0,98.0,0.0,23.13,16.92,3.45,0.0
20150412:1710,113.0,70.0,0.0,13.32,16.49,2.62,0.0
20150412:1810,12.0,13.65,0.0,3.44,15.11,2.21,0.0
20150412:1910,0.0,0.0,0.0,0.0,13.26,2.48,0.0
20150412:2010,0.0,0.0,0.0,0.0,11.69,2.41,0.0
20150412:2110,0.0,0.0,0.0,0.0,10.47,2.34,0.0
20150412:2210,0.0,0.0,0.0,0.0,9.42,2.34,0.0
20150412:2310,0.0,0.0,0.0,0.0,8.46,2.28,0.0
20150413:0010,0.0,0.0,0.0,0.0,7.44,2.14,0.0
20150413:0110,0.0,0.0,0.0,0.0,6.46,2.07,0.0
20150413:0210,0.0,0.0,0.0,0.0,5.82,2.34,0.0
20150413:0310,0.0,0.0,0.0,0.0,5.46,2.34,0.0
20150413:0410,0.0,0.0,0.0,0.0,4.93,2.07,0.0
20150413:0510,0.0,0.0,0.0,0.0,4.08,1.72,0.0
20150413:0610,77.0,52.0,0.0,9.92,4.35,1.31,0.0
20150413:0710,207.0,92.0,0.0,19.8,7.91,0.83,0.0
20150413:0810,353.0,117.0,0.0,29.36,10.51,1.17,0.0
20150413:0910,485.01,133.0,0.0,38.05,12.3,1.45,0.0
20150413:1010,587.01,142.0,0.0,45.11,13.96,1.52,0.0
20150413:1110,663.01,137.0,0.0,49.5,15.29,1.31,0.0
20150413:1210,663.01,143.0,0.0,50.23,16.32,1.1,0.0
20150413:1310,630.01,136.0,0.0,47.09,17.13,0.9,0.0
20150413:1410,534.01,133.0,0.0,40.87,17.52,0.9,0.0
20150413:1510,382.0,136.0,0.0,32.67,17.77,0.9,0.0
20150413:1610,246.0,111.0,0.0,23.36,17.7,0.9,0.0
20150413:1710,55.0,96.0,0.0,13.55,17.39,1.03,0.0
20150413:1810,11.0,16.6,0.0,3.67,16.46,1.31,0.0
20150413:1910,0.0,0.0,0.0,0.0,14.42,1.52,0.0
20150413:2010,0.0,0.0,0.0,0.0,12.06,1.72,0.0
20150413:2110,0.0,0.0,0.0,0.0,10.6,1.79,0.0
20150413:2210,0.0,0.0,0.0,0.0,9.3,2.0,0.0
20150413:2310,0.0,0.0,0.0,0.0,8.5,2.21,0.0
20150414:0010,0.0,0.0,0.0,0.0,8.02,2.34,0.0
20150414:0110,0.0,0.0,0.0,0.0,7.66,2.41,0.0
20150414:0210,0.0,0.0,0.0,0.0,7.28,2.34,0.0
20150414:0310,0.0,0.0,0.0,0.0,6.85,2.28,0.0
20150414:0410,0.0,0.0,0.0,0.0,6.34,2.21,0.0
20150414:0510,0.0,0.0,0.0,0.0,5.77,2.0,0.0
20150414:0610,68.0,60.0,0.0,10.23,5.99,1.52,0.0
20150414:0710,211.0,94.0,0.0,20.12,10.05,1.24,0.0
20150414:0810,355.0,121.0,0.0,29.68,13.46,1.31,0.0
20150414:0910,494.01,133.0,0.0,38.39,16.03,1.24,0.0
20150414:1010,564.01,161.0,0.0,45.47,18.13,1.17,0.0
20150414:1110,631.01,161.0,0.0,49.87,19.66,1.31,0.0
20150414:1210,640.01,161.0,0.0,50.58,20.77,1.72,0.0
20150414:1310,639.01,135.0,0.0,47.41,21.53,2.07,0.0
20150414:1410,542.01,133.0,0.0,41.15,21.97,2.28,0.0
20150414:1510,417.0,120.0,0.0,32.92,22.13,2.34,0.0
20150414:1610,281.0,96.0,0.0,23.59,21.97,2.21,0.0
20150414:1710,126.0,69.0,0.0,13.77,21.25,1.72,0.0
20150414:1810,16.0,15.71,0.0,3.9,19.61,2.28,0.0
20150414:1910,0.0,0.0,0.0,0.0,17.72,2.28,0.0
20150414:2010,0.0,0.0,0.0,0.0,15.41,2.55,0.0
20150414:2110,0.0,0.0,0.0,0.0,13.81,2.55,0.0
20150414:2210,0.0,0.0,0.0,0.0,12.65,2.55,0.0
20150414:2310,0.0,0.0,0.0,0.0,11.65,2.55,0.0
20150415:0010,0.0,0.0,0.0,0.0,10.81,2.62,0.0
20150415:0110,0.0,0.0,0.0,0.0,10.11,2.55,0.0
20150415:0210,0.0,0.0,0.0,0.0,9.46,2.55,0.0
20150415:0310,0.0,0.0,0.0,0.0,8.82,2.48,0.0
20150415:0410,0.0,0.0,0.0,0.0,8.13,2.41,0.0
20150415:0510,0.0,0.0,0.0,0.0,7.49,2.41,0.0
20150415:0610,88.0,54.0,0.0,10.54,7.61,2.07,0.0
20150415:0710,225.0,91.0,0.0,20.43,11.12,1.72,0.0
20150415:0810,360.0,121.0,0.0,30.0,14.23,2.07,0.0
20150415:0910,359.0,215.0,0.0,38.72,16.6,2.41,0.0
20150415:1010,608.01,138.0,0.0,45.82,18.65,2.62,0.0
20150415:1110,475.01,257.0,0.0,50.23,20.42,2.55,0.0
20150415:1210,405.01,300.0,0.0,50.93,21.74,2.48,0.0
20150415:1310,539.01,198.0,0.0,47.73,22.75,2.41,0.0
20150415:1410,509.01,154.0,0.0,41.43,23.34,2.34,0.0
20150415:1510,431.01,116.0,0.0,33.17,23.56,2.14,0.0
20150415:1610,277.0,100.0,0.0,23.82,23.5,1.86,0.0
20150415:1710,121.0,73.0,0.0,13.99,22.87,1.03,0.0
20150415:1810,17.0,17.35,0.0,4.13,22.25,0.34,0.0
20150415:1910,0.0,0.0,0.0,0.0,17.87,2.28,0.0
20150415:2010,0.0,0.0,0.0,0.0,15.62,2.69,0.0
20150415:2110,0.0,0.0,0.0,0.0,14.3,2.62,0.0
20150415:2210,0.0,0.0,0.0,0.0,13.18,2.55,0.0
20150415:2310,0.0,0.0,0.0,0.0,12.2,2.55,0.0
20150416:0010,0.0,0.0,0.0,0.0,11.36,2.41,0.0
20150416:0110,0.0,0.0,0.0,0.0,10.76,2.34,0.0
20150416:0210,0.0,0.0,0.0,0.0,10.44,2.34,0.0
20150416:0310,0.0,0.0,0.0,0.0,10.05,2.28,0.0
20150416:0410,0.0,0.0,0.0,0.0,9.78,2.14,0.0
20150416:0510,0.0,0.0,0.0,0.0,9.31,1.86,0.0
20150416:0610,27.0,76.0,0.0,10.85,9.78,1.24,0.0
20150416:0710,32.0,158.0,0.0,20.74,12.84,0.97,0.0
20150416:0810,42.0,236.0,0.0,30.32,15.15,0.97,0.0
20150416:0910,190.0,293.0,0.0,39.06,16.92,1.24,0.0
20150416:1010,261.0,325.0,0.0,46.18,18.48,1.59,0.0
20150416:1110,85.0,389.0,0.0,50.6,19.66,1.86,0.0
20150416:1210,63.0,386.0,0.0,51.28,20.43,2.0,0.0
20150416:1310,135.0,375.0,0.0,48.04,20.82,2.34,0.0
20150416:1410,34.0,310.0,0.0,41.71,20.83,2.55,0.0
20150416:1510,26.0,248.0,0.0,33.41,20.5,2.69,0.0
20150416:1610,35.0,185.0,0.0,24.05,20.04,2.55,0.0
20150416:1710,21.0,102.0,0.0,14.22,19.34,2.14,0.0
20150416:1810,8.0,22.14,0.0,4.35,17.94,2.21,0.0
20150416:1910,0.0,0.0,0.0,0.0,16.7,2.0,0.0
20150416:2010,0.0,0.0,0.0,0.0,15.55,1.86,0.0
20150416:2110,0.0,0.0,0.0,0.0,14.44,1.79,0.0
20150416:2210,0.0,0.0,0.0,0.0,13.27,1.79,0.0
20150416:2310,0.0,0.0,0.0,0.0,12.17,1.79,0.0
20150417:0010,0.0,0.0,0.0,0.0,11.51,1.72,0.0
20150417:0110,0.0,0.0,0.0,0.0,11.17,1.59,0.0
20150417:0210,0.0,0.0,0.0,0.0,10.73,1.31,0.0
20150417:0310,0.0,0.0,0.0,0.0,11.43,0.83,0.0
20150417:0410,0.0,0.0,0.0,0.0,11.1,0.76,0.0
20150417:0510,0.0,0.0,0.0,0.0,10.67,0.69,0.0
20150417:0610,10.0,72.0,0.0,11.15,10.66,0.21,0.0
20150417:0710,9.0,140.0,0.0,21.04,12.21,0.76,0.0
20150417:0810,213.0,200.0,0.0,30.63,13.63,1.03,0.0
20150417:0910,77.0,309.0,0.0,39.39,14.82,1.17,0.0
20150417:1010,0.0,197.0,0.0,46.52,15.38,1.31,0.0
20150417:1110,227.0,368.0,0.0,50.95,16.45,1.66,0.0
20150417:1210,404.01,295.0,0.0,51.63,17.21,2.07,0.0
20150417:1310,308.0,316.0,0.0,48.35,17.75,2.76,0.0
20150417:1410,48.0,317.0,0.0,41.98,17.77,3.59,0.0
20150417:1510,0.0,88.0,0.0,33.66,17.3,4.55,0.0
20150417:1610,0.0,75.0,0.0,24.28,16.49,4.9,0.0
20150417:1710,15.0,99.0,0.0,14.44,15.35,4.69,0.0
20150417:1810,8.0,23.15,0.0,4.58,14.31,4.34,0.0
20150417:1910,0.0,0.0,0.0,0.0,13.74,4.14,0.0
20150417:2010,0.0,0.0,0.0,0.0,12.66,4.34,0.0
20150417:2110,0.0,0.0,0.0,0.0,11.89,4.41,0.0
20150417:2210,0.0,0.0,0.0,0.0,11.08,4.41,0.0
20150417:2310,0.0,0.0,0.0,0.0,10.38,4.34,0.0
20150418:0010,0.0,0.0,0.0,0.0,9.67,4.34,0.0
20150418:0110,0.0,0.0,0.0,0.0,9.05,4.34,0.0
20150418:0210,0.0,0.0,0.0,0.0,8.59,4.34,0.0
20150418:0310,0.0,0.0,0.0,0.0,8.17,4.55,0.0
20150418:0410,0.0,0.0,0.0,0.0,7.77,4.62,0.0
20150418:0510,0.0,3.0,0.0,1.67,7.46,4.62,0.0
20150418:0610,52.0,78.0,0.0,11.45,7.45,4.48,0.0
20150418:0710,102.0,158.0,0.0,21.34,8.14,4.28,0.0
20150418:0810,226.0,205.0,0.0,30.94,9.57,5.17,0.0
20150418:0910,496.01,145.0,0.0,39.71,11.13,5.79,0.0
20150418:1010,615.01,143.0,0.0,46.87,12.37,6.21,0.0
20150418:1110,600.01,192.0,0.0,51.31,13.24,6.41,0.0
20150418:1210,554.01,226.0,0.0,51.97,13.95,6.41,0.0
20150418:1310,638.01,145.0,0.0,48.66,14.07,6.34,0.0
20150418:1410,558.01,133.0,0.0,42.25,14.76,6.62,0.0
20150418:1510,432.0,122.0,0.0,33.9,14.8,6.55,0.0
20150418:1610,281.0,104.0,0.0,24.5,14.62,6.28,0.0
20150418:1710,133.0,74.0,0.0,14.66,14.16,5.52,0.0
20150418:1810,22.0,20.16,0.0,4.8,13.12,5.03,0.0
20150418:1910,0.0,0.0,0.0,0.0,12.1,5.03,0.0
20150418:2010,0.0,0.0,0.0,0.0,11.18,4.83,0.0
20150418:2110,0.0,0.0,0.0,0.0,10.35,4.55,0.0
20150418:2210,0.0,0.0,0.0,0.0,9.54,4.14,0.0
20150418:2310,0.0,0.0,0.0,0.0,8.75,4.0,0.0
20150419:0010,0.0,0.0,0.0,0.0,8.07,4.14,0.0
20150419:0110,0.0,0.0,0.0,0.0,7.48,4.14,0.0
20150419:0210,0.0,0.0,0.0,0.0,6.96,4.0,0.0
20150419:0310,0.0,0.0,0.0,0.0,6.43,3.86,0.0
20150419:0410,0.0,0.0,0.0,0.0,5.9,3.72,0.0
20150419:0510,0.0,6.0,0.0,1.98,5.42,3.72,0.0
20150419:0610,103.0,61.0,0.0,11.75,5.72,3.79,0.0
20150419:0710,241.0,98.0,0.0,21.64,7.4,4.0,0.0
20150419:0810,401.0,116.0,0.0,31.24,9.29,4.62,0.0
20150419:0910,538.01,129.0,0.0,40.03,11.09,4.97,0.0
20150419:1010,633.01,142.0,0.0,47.21,12.66,5.24,0.0
20150419:1110,700.01,142.0,0.0,51.66,13.87,5.38,0.0
20150419:1210,708.01,142.0,0.0,52.31,14.82,5.31,0.0
20150419:1310,665.01,139.0,0.0,48.97,15.49,5.17,0.0
20150419:1410,582.01,129.0,0.0,42.52,15.9,5.1,0.0
20150419:1510,446.0,121.0,0.0,34.14,15.99,5.1,0.0
20150419:1610,292.0,105.0,0.0,24.72,15.77,5.03,0.0
20150419:1710,139.0,76.0,0.0,14.87,15.23,4.48,0.0
20150419:1810,26.0,20.31,0.0,5.02,14.06,3.79,0.0
20150419:1910,0.0,0.0,0.0,0.0,12.73,3.66,0.0
20150419:2010,0.0,0.0,0.0,0.0,11.52,3.59,0.0
20150419:2110,0.0,0.0,0.0,0.0,10.61,3.59,0.0
20150419:2210,0.0,0.0,0.0,0.0,9.92,3.59,0.0
20150419:2310,0.0,0.0,0.0,0.0,9.36,3.45,0.0
20150420:0010,0.0,0.0,0.0,0.0,8.83,3.24,0.0
20150420:0110,0.0,0.0,0.0,0.0,8.3,3.03,0.0
20150420:0210,0.0,0.0,0.0,0.0,7.69,2.69,0.0
20150420:0310,0.0,0.0,0.0,0.0,6.97,2.55,0.0
20150420:0410,0.0,0.0,0.0,0.0,6.35,2.69,0.0
20150420:0510,0.0,8.0,0.0,2.27,5.94,2.83,0.0
20150420:0610,103.0,62.0,0.0,12.04,6.58,2.69,0.0
20150420:0710,247.0,96.0,0.0,21.93,8.92,2.55,0.0
20150420:0810,398.0,117.0,0.0,31.55,11.28,2.62,0.0
20150420:0910,547.01,124.0,0.0,40.35,13.47,2.9,0.0
20150420:1010,626.01,144.0,0.0,47.55,15.53,3.24,0.0
20150420:1110,693.01,143.0,0.0,52.01,17.26,3.52,0.0
20150420:1210,701.01,143.0,0.0,52.65,18.48,3.79,0.0
20150420:1310,649.01,145.0,0.0,49.27,19.03,4.0,0.0
20150420:1410,483.01,185.0,0.0,42.78,19.21,3.86,0.0
20150420:1510,314.0,195.0,0.0,34.38,19.06,3.93,0.0
20150420:1610,231.0,138.0,0.0,24.94,18.54,3.93,0.0
20150420:1710,140.0,76.0,0.0,15.09,17.79,3.31,0.0
20150420:1810,27.0,21.11,0.0,5.25,16.33,2.83,0.0
20150420:1910,0.0,0.0,0.0,0.0,14.68,3.03,0.0
20150420:2010,0.0,0.0,0.0,0.0,13.3,3.24,0.0
20150420:2110,0.0,0.0,0.0,0.0,12.34,3.38,0.0
20150420:2210,0.0,0.0,0.0,0.0,11.56,3.31,0.0
20150420:2310,0.0,0.0,0.0,0.0,10.77,3.17,0.0
20150421:0010,0.0,0.0,0.0,0.0,9.99,3.03,0.0
20150421:0110,0.0,0.0,0.0,0.0,9.29,3.03,0.0
20150421:0210,0.0,0.0,0.0,0.0,8.65,2.97,0.0
20150421:0310,0.0,0.0,0.0,0.0,8.09,3.03,0.0
20150421:0410,0.0,0.0,0.0,0.0,7.6,3.03,0.0
20150421:0510,1.0,9.84,0.0,2.57,7.17,2.97,0.0
20150421:0610,100.0,67.0,0.0,12.33,7.73,2.69,0.0
20150421:0710,234.0,106.0,0.0,22.22,10.05,2.62,0.0
20150421:0810,390.0,124.0,0.0,31.84,12.35,2.76,0.0
20150421:0910,544.01,128.0,0.0,40.66,14.5,2.97,0.0
20150421:1010,630.01,144.0,0.0,47.88,16.46,3.24,0.0
20150421:1110,697.01,143.0,0.0,52.35,18.1,3.59,0.0
20150421:1210,704.01,144.0,0.0,52.98,19.16,4.0,0.0
20150421:1310,661.01,140.0,0.0,49.57,19.76,4.07,0.0
20150421:1410,579.01,130.0,0.0,43.05,20.1,4.14,0.0
20150421:1510,438.0,126.0,0.0,34.61,20.14,4.28,0.0
20150421:1610,296.0,104.0,0.0,25.16,19.87,4.34,0.0
20150421:1710,137.0,80.0,0.0,15.31,19.26,3.66,0.0
20150421:1810,26.0,23.15,0.0,5.47,17.84,3.17,0.0
20150421:1910,0.0,0.0,0.0,0.0,16.2,3.66,0.0
20150421:2010,0.0,0.0,0.0,0.0,14.97,4.0,0.0
20150421:2110,0.0,0.0,0.0,0.0,14.03,4.14,0.0
20150421:2210,0.0,0.0,0.0,0.0,13.2,4.07,0.0
20150421:2310,0.0,0.0,0.0,0.0,12.38,3.93,0.0
20150422:0010,0.0,0.0,0.0,0.0,11.61,3.86,0.0
20150422:0110,0.0,0.0,0.0,0.0,10.83,3.79,0.0
20150422:0210,0.0,0.0,0.0,0.0,10.12,3.52,0.0
20150422:0310,0.0,0.0,0.0,0.0,9.45,3.31,0.0
20150422:0410,0.0,0.0,0.0,0.0,8.81,3.31,0.0
20150422:0510,1.0,11.82,0.0,2.86,8.19,3.45,0.0
20150422:0610,106.0,67.0,0.0,12.61,8.55,3.52,0.0
20150422:0710,245.0,104.0,0.0,22.51,10.47,3.86,0.0
20150422:0810,403.0,121.0,0.0,32.14,12.36,4.21,0.0
20150422:0910,551.01,128.0,0.0,40.97,14.33,4.41,0.0
20150422:1010,627.01,150.0,0.0,48.21,16.23,4.55,0.0
20150422:1110,694.01,148.0,0.0,52.7,17.72,4.9,0.0
20150422:1210,702.01,148.0,0.0,53.31,18.66,5.24,0.0
20150422:1310,667.01,141.0,0.0,49.87,19.17,5.31,0.0
20150422:1410,569.01,139.0,0.0,43.31,19.41,5.17,0.0
20150422:1510,444.0,126.0,0.0,34.84,19.26,5.1,0.0
20150422:1610,301.0,105.0,0.0,25.38,18.72,5.03,0.0
20150422:1710,149.0,77.0,0.0,15.52,17.79,4.41,0.0
20150422:1810,30.0,23.29,0.0,5.69,16.3,4.14,0.0
20150422:1910,0.0,0.0,0.0,0.0,14.33,4.48,0.0
20150422:2010,0.0,0.0,0.0,0.0,12.88,4.55,0.0
20150422:2110,0.0,0.0,0.0,0.0,11.69,4.28,0.0
20150422:2210,0.0,0.0,0.0,0.0,10.67,3.79,0.0
20150422:2310,0.0,0.0,0.0,0.0,9.8,3.45,0.0
20150423:0010,0.0,0.0,0.0,0.0,9.05,3.24,0.0
20150423:0110,0.0,0.0,0.0,0.0,8.42,3.1,0.0
20150423:0210,0.0,0.0,0.0,0.0,7.84,3.03,0.0
20150423:0310,0.0,0.0,0.0,0.0,7.32,2.9,0.0
20150423:0410,0.0,0.0,0.0,0.0,6.79,2.76,0.0
20150423:0510,2.0,13.62,0.0,3.14,6.27,2.69,0.0
20150423:0610,109.0,68.0,0.0,12.89,6.96,2.34,0.0
20150423:0710,252.0,102.0,0.0,22.79,9.22,2.34,0.0
20150423:0810,411.0,119.0,0.0,32.43,11.33,2.62,0.0
20150423:0910,546.01,132.0,0.0,41.28,13.4,2.76,0.0
20150423:1010,628.01,151.0,0.0,48.53,15.32,2.76,0.0
20150423:1110,696.01,148.0,0.0,53.03,17.0,2.76,0.0
20150423:1210,703.01,149.0,0.0,53.64,18.3,2.69,0.0
20150423:1310,660.01,145.0,0.0,50.16,19.1,2.48,0.0
20150423:1410,579.01,134.0,0.0,43.57,19.57,2.14,0.0
20150423:1510,446.0,126.0,0.0,35.08,19.72,1.66,0.0
20150423:1610,299.0,107.0,0.0,25.6,19.62,1.17,0.0
20150423:1710,143.0,82.0,0.0,15.73,19.28,0.9,0.0
20150423:1810,31.0,32.0,0.0,5.9,18.24,0.97,0.0
20150423:1910,0.0,0.0,0.0,0.0,15.61,1.66,0.0
20150423:2010,0.0,0.0,0.0,0.0,13.13,1.72,0.0
20150423:2110,0.0,0.0,0.0,0.0,11.9,1.59,0.0
20150423:2210,0.0,0.0,0.0,0.0,11.57,1.38,0.0
20150423:2310,0.0,0.0,0.0,0.0,11.31,1.24,0.0
20150424:0010,0.0,0.0,0.0,0.0,9.9,1.38,0.0
20150424:0110,0.0,0.0,0.0,0.0,8.02,1.93,0.0
20150424:0210,0.0,0.0,0.0,0.0,7.27,2.07,0.0
20150424:0310,0.0,0.0,0.0,0.0,7.07,2.28,0.0
20150424:0410,0.0,0.0,0.0,0.0,6.96,2.34,0.0
20150424:0510,2.0,14.63,0.0,3.42,6.82,2.28,0.0
20150424:0610,98.0,73.0,0.0,13.17,8.16,1.86,0.0
20150424:0710,229.0,112.0,0.0,23.06,11.86,2.48,0.0
20150424:0810,349.0,150.0,0.0,32.71,14.13,3.1,0.0
20150424:0910,41.0,311.0,0.0,41.58,15.9,3.52,0.0
20150424:1010,1.0,243.0,0.0,48.85,17.17,3.93,0.0
20150424:1110,6.0,309.0,0.0,53.37,17.96,4.34,0.0
20150424:1210,0.0,206.0,0.0,53.97,18.58,4.14,0.0
20150424:1310,53.0,371.0,0.0,50.45,19.1,4.07,0.0
20150424:1410,320.0,273.0,0.0,43.82,19.48,4.28,0.0
20150424:1510,316.0,194.0,0.0,35.31,19.46,4.21,0.0
20150424:1610,276.0,116.0,0.0,25.81,19.33,4.0,0.0
20150424:1710,10.0,107.0,0.0,15.94,18.93,3.45,0.0
20150424:1810,2.0,30.0,0.0,6.12,17.87,2.34,0.0
20150424:1910,0.0,0.0,0.0,0.0,16.12,1.86,0.0
20150424:2010,0.0,0.0,0.0,0.0,15.24,1.52,0.0
20150424:2110,0.0,0.0,0.0,0.0,14.55,1.45,0.0
20150424:2210,0.0,0.0,0.0,0.0,13.77,1.45,0.0
20150424:2310,0.0,0.0,0.0,0.0,13.22,1.52,0.0
20150425:0010,0.0,0.0,0.0,0.0,12.9,1.66,0.0
20150425:0110,0.0,0.0,0.0,0.0,12.69,2.0,0.0
20150425:0210,0.0,0.0,0.0,0.0,12.46,2.21,0.0
20150425:0310,0.0,0.0,0.0,0.0,12.19,2.28,0.0
20150425:0410,0.0,0.0,0.0,0.0,11.88,2.21,0.0
20150425:0510,0.0,9.0,0.0,3.7,11.48,2.21,0.0
20150425:0610,0.0,38.0,0.0,13.44,11.48,2.14,0.0
20150425:0710,59.0,179.0,0.0,23.34,12.44,2.21,0.0
20150425:0810,24.0,237.0,0.0,32.99,13.15,2.76,0.0
20150425:0910,321.0,252.0,0.0,41.87,14.26,3.79,0.0
20150425:1010,2.0,258.0,0.0,49.17,15.33,4.41,0.0
20150425:1110,10.0,325.0,0.0,53.7,16.16,4.62,0.0
20150425:1210,74.0,399.0,0.0,54.29,16.68,4.55,0.0
20150425:1310,167.0,379.0,0.0,50.74,17.17,4.48,0.0
20150425:1410,19.0,299.0,0.0,44.08,17.86,4.34,0.0
20150425:1510,15.0,241.0,0.0,35.53,17.88,4.28,0.0
20150425:1610,0.0,128.0,0.0,26.03,17.18,4.14,0.0
20150425:1710,142.0,81.0,0.0,16.15,16.58,2.69,0.0
20150425:1810,16.0,39.0,0.0,6.34,16.2,2.21,0.0
20150425:1910,0.0,0.0,0.0,0.0,14.25,2.62,0.0
20150425:2010,0.0,0.0,0.0,0.0,13.11,2.55,0.0
20150425:2110,0.0,0.0,0.0,0.0,12.46,2.62,0.0
20150425:2210,0.0,0.0,0.0,0.0,12.32,2.55,0.0
20150425:2310,0.0,0.0,0.0,0.0,12.1,2.55,0.0
20150426:0010,0.0,0.0,0.0,0.0,11.69,2.69,0.0
20150426:0110,0.0,0.0,0.0,0.0,11.93,2.62,0.0
20150426:0210,0.0,0.0,0.0,0.0,11.53,2.55,0.0
20150426:0310,0.0,0.0,0.0,0.0,11.21,2.34,0.0
20150426:0410,0.0,0.0,0.0,0.0,10.59,2.14,0.0
20150426:0510,0.0,10.0,0.0,3.98,9.8,1.86,0.0
20150426:0610,7.0,86.0,0.0,13.71,10.32,1.1,0.0
20150426:0710,7.0,151.0,0.0,23.61,12.06,1.79,0.0
20150426:0810,1.0,168.0,0.0,33.27,13.29,1.38,0.0
20150426:0910,0.0,179.0,0.0,42.17,13.99,1.03,0.0
20150426:1010,0.0,182.0,0.0,49.48,14.3,1.24,0.0
20150426:1110,20.0,352.0,0.0,54.02,13.99,0.34,0.0
20150426:1210,0.0,167.0,0.0,54.6,14.16,1.17,0.0
20150426:1310,0.0,125.0,0.0,51.03,14.12,1.1,0.0
20150426:1410,0.0,210.0,0.0,44.33,13.82,1.45,0.0
20150426:1510,0.0,121.0,0.0,35.76,13.76,2.21,0.0
20150426:1610,0.0,119.0,0.0,26.24,13.47,2.62,0.0
20150426:1710,0.0,20.0,0.0,16.36,13.08,2.76,0.0
20150426:1810,0.0,20.0,0.0,6.55,12.78,2.83,0.0
20150426:1910,0.0,0.0,0.0,0.0,12.45,2.28,0.0
20150426:2010,0.0,0.0,0.0,0.0,12.18,2.55,0.0
20150426:2110,0.0,0.0,0.0,0.0,11.97,2.9,0.0
20150426:2210,0.0,0.0,0.0,0.0,11.67,3.17,0.0
20150426:2310,0.0,0.0,0.0,0.0,11.35,3.31,0.0
20150427:0010,0.0,0.0,0.0,0.0,10.98,3.45,0.0
20150427:0110,0.0,0.0,0.0,0.0,10.69,3.72,0.0
20150427:0210,0.0,0.0,0.0,0.0,10.24,4.21,0.0
20150427:0310,0.0,0.0,0.0,0.0,9.69,4.14,0.0
20150427:0410,0.0,0.0,0.0,0.0,9.05,4.28,0.0
20150427:0510,0.0,12.0,0.0,4.24,8.47,4.41,0.0
20150427:0610,0.0,64.0,0.0,13.97,8.21,4.28,0.0
20150427:0710,0.0,116.0,0.0,23.87,8.17,5.1,0.0
20150427:0810,11.0,226.0,0.0,33.54,8.12,5.31,0.0
20150427:0910,113.0,333.0,0.0,42.45,8.48,5.45,0.0
20150427:1010,201.0,369.0,0.0,49.79,9.16,5.79,0.0
20150427:1110,410.0,314.0,0.0,54.35,10.34,6.34,0.0
20150427:1210,336.0,354.0,0.0,54.92,10.66,5.72,0.0
20150427:1310,532.01,223.0,0.0,51.31,11.39,5.86,0.0
20150427:1410,336.0,273.0,0.0,44.57,12.14,5.72,0.0
20150427:1510,275.0,224.0,0.0,35.98,12.49,5.24,0.0
20150427:1610,79.0,206.0,0.0,26.45,12.66,4.76,0.0
20150427:1710,9.0,109.0,0.0,16.57,12.54,4.21,0.0
20150427:1810,0.0,29.0,0.0,6.76,11.86,3.45,0.0
20150427:1910,0.0,0.0,0.0,0.0,10.92,3.59,0.0
20150427:2010,0.0,0.0,0.0,0.0,10.33,3.59,0.0
20150427:2110,0.0,0.0,0.0,0.0,9.3,3.59,0.0
20150427:2210,0.0,0.0,0.0,0.0,8.39,3.72,0.0
20150427:2310,0.0,0.0,0.0,0.0,7.71,3.66,0.0
20150428:0010,0.0,0.0,0.0,0.0,6.74,3.38,0.0
20150428:0110,0.0,0.0,0.0,0.0,5.85,3.1,0.0
20150428:0210,0.0,0.0,0.0,0.0,5.06,2.83,0.0
20150428:0310,0.0,0.0,0.0,0.0,4.54,2.62,0.0
20150428:0410,0.0,0.0,0.0,0.0,4.17,2.62,0.0
20150428:0510,5.0,23.82,0.0,4.51,3.95,2.62,0.0
20150428:0610,135.0,70.0,0.0,14.23,5.1,2.34,0.0
20150428:0710,279.0,101.0,0.0,24.13,7.15,3.38,0.0
20150428:0810,0.0,0.0,0.0,0.0,8.83,4.55,0.0
20150428:0910,102.0,340.0,0.0,42.73,10.01,4.76,0.0
20150428:1010,69.0,382.0,0.0,50.09,10.96,4.55,0.0
20150428:1110,28.0,375.0,0.0,54.66,11.48,4.41,0.0
20150428:1210,0.0,0.0,0.0,0.0,12.31,4.34,0.0
20150428:1310,183.0,392.0,0.0,51.59,12.86,4.07,0.0
20150428:1410,96.0,354.0,0.0,44.82,13.19,3.86,0.0
20150428:1510,118.0,287.0,0.0,36.2,13.08,3.72,0.0
20150428:1610,25.0,199.0,0.0,26.66,12.39,3.17,0.0
20150428:1710,52.0,126.0,0.0,16.77,11.96,2.34,0.0
20150428:1810,47.0,36.0,0.0,6.97,11.58,1.24,0.0
20150428:1910,0.0,0.0,0.0,0.0,10.36,0.76,0.0
20150428:2010,0.0,0.0,0.0,0.0,9.34,0.9,0.0
20150428:2110,0.0,0.0,0.0,0.0,7.45,1.17,0.0
20150428:2210,0.0,0.0,0.0,0.0,6.35,1.24,0.0
20150428:2310,0.0,0.0,0.0,0.0,5.43,1.38,0.0
20150429:0010,0.0,0.0,0.0,0.0,4.73,1.72,0.0
20150429:0110,0.0,0.0,0.0,0.0,4.7,1.86,0.0
20150429:0210,0.0,0.0,0.0,0.0,4.62,2.0,0.0
20150429:0310,0.0,0.0,0.0,0.0,4.63,2.07,0.0
20150429:0410,0.0,0.0,0.0,0.0,5.08,2.07,0.0
20150429:0510,2.0,22.59,0.0,4.77,5.54,2.14,0.0
20150429:0610,61.0,103.0,0.0,14.48,7.0,2.07,0.0
20150429:0710,186.0,153.0,0.0,24.38,8.65,2.07,0.0
20150429:0810,280.0,206.0,0.0,34.07,10.2,2.62,0.0
20150429:0910,514.01,163.0,0.0,43.01,11.98,3.86,0.0
20150429:1010,0.0,154.0,0.0,50.39,12.32,5.03,0.0
20150429:1110,204.0,406.0,0.0,54.98,12.69,5.31,0.0
20150429:1210,100.0,419.0,0.0,55.53,13.11,5.31,0.0
20150429:1310,0.0,215.0,0.0,51.87,13.33,5.45,0.0
20150429:1410,30.0,324.0,0.0,45.06,13.33,5.45,0.0
20150429:1510,284.0,227.0,0.0,36.42,13.43,5.17,0.0
20150429:1610,158.0,190.0,0.0,26.86,13.64,4.55,0.0
20150429:1710,85.0,119.0,0.0,16.98,13.56,4.0,0.0
20150429:1810,15.0,46.0,0.0,7.18,12.78,3.17,0.0
20150429:1910,0.0,0.0,0.0,0.0,11.52,3.45,0.0
20150429:2010,0.0,0.0,0.0,0.0,10.53,3.31,0.0
20150429:2110,0.0,0.0,0.0,0.0,9.77,3.17,0.0
20150429:2210,0.0,0.0,0.0,0.0,8.97,2.83,0.0
20150429:2310,0.0,0.0,0.0,0.0,8.22,2.97,0.0
20150430:0010,0.0,0.0,0.0,0.0,7.92,3.1,0.0
20150430:0110,0.0,0.0,0.0,0.0,7.42,3.17,0.0
20150430:0210,0.0,0.0,0.0,0.0,7.0,3.1,0.0
20150430:0310,0.0,0.0,0.0,0.0,6.72,2.9,0.0
20150430:0410,0.0,0.0,0.0,0.0,6.37,2.83,0.0
20150430:0510,0.0,13.0,0.0,5.03,6.32,2.83,0.0
20150430:0610,0.0,41.0,0.0,14.73,7.26,2.83,0.0
20150430:0710,0.0,68.0,0.0,24.63,8.28,4.76,0.0
20150430:0810,0.0,120.0,0.0,34.32,8.51,4.07,0.0
20150430:0910,0.0,155.0,0.0,43.28,8.77,4.69,0.0
20150430:1010,0.0,208.0,0.0,50.68,9.17,4.55,0.0
20150430:1110,0.0,219.0,0.0,55.29,9.64,4.48,0.0
20150430:1210,0.0,197.0,0.0,55.84,9.84,4.21,0.0
20150430:1310,1.0,260.0,0.0,52.14,9.92,4.0,0.0
20150430:1410,0.0,219.0,0.0,45.3,10.57,3.45,0.0
20150430:1510,1.0,192.0,0.0,36.64,10.77,3.1,0.0
20150430:1610,0.0,92.0,0.0,27.07,10.59,3.72,0.0
20150430:1710,0.0,69.0,0.0,17.18,10.45,3.03,0.0
20150430:1810,0.0,23.0,0.0,7.39,10.26,2.41,0.0
20150430:1910,0.0,0.0,0.0,0.0,10.12,1.66,0.0
20150430:2010,0.0,0.0,0.0,0.0,9.92,1.24,0.0
20150430:2110,0.0,0.0,0.0,0.0,9.79,1.1,0.0
20150430:2210,0.0,0.0,0.0,0.0,9.68,1.03,0.0
20150430:2310,0.0,0.0,0.0,0.0,9.64,1.17,0.0
20150501:0010,0.0,0.0,0.0,0.0,9.61,1.45,0.0
20150501:0110,0.0,0.0,0.0,0.0,9.52,1.72,0.0
20150501:0210,0.0,0.0,0.0,0.0,9.43,2.34,0.0
20150501:0310,0.0,0.0,0.0,0.0,9.3,3.03,0.0
20150501:0410,0.0,0.0,0.0,0.0,9.15,3.38,0.0
20150501:0510,0.0,12.0,0.0,5.28,9.04,3.52,0.0
20150501:0610,0.0,52.0,0.0,14.98,8.99,3.79,0.0
20150501:0710,0.0,77.0,0.0,24.88,8.89,3.59,0.0
20150501:0810,0.0,110.0,0.0,34.58,8.93,4.0,0.0
20150501:0910,0.0,126.0,0.0,43.55,9.16,4.69,0.0
20150501:1010,0.0,148.0,0.0,50.97,9.58,4.83,0.0
20150501:1110,0.0,101.0,0.0,55.59,10.29,4.55,0.0
20150501:1210,0.0,119.0,0.0,56.13,10.41,3.66,0.0
20150501:1310,0.0,107.0,0.0,52.41,10.21,3.31,0.0
20150501:1410,0.0,105.0,0.0,45.54,10.29,3.52,0.0
20150501:1510,0.0,66.0,0.0,36.85,10.23,3.52,0.0
20150501:1610,0.0,37.0,0.0,27.27,10.27,3.38,0.0
20150501:1710,0.0,77.0,0.0,17.38,10.2,3.31,0.0
20150501:1810,2.0,38.0,0.0,7.6,9.97,2.9,0.0
20150501:1910,0.0,0.0,0.0,0.0,9.73,2.48,0.0
20150501:2010,0.0,0.0,0.0,0.0,9.51,2.28,0.0
20150501:2110,0.0,0.0,0.0,0.0,9.34,1.86,0.0
20150501:2210,0.0,0.0,0.0,0.0,9.24,1.45,0.0
20150501:2310,0.0,0.0,0.0,0.0,9.13,1.45,0.0
20150502:0010,0.0,0.0,0.0,0.0,9.04,1.38,0.0
20150502:0110,0.0,0.0,0.0,0.0,8.92,1.1,0.0
20150502:0210,0.0,0.0,0.0,0.0,8.68,0.97,0.0
20150502:0310,0.0,0.0,0.0,0.0,8.51,0.69,0.0
20150502:0410,0.0,0.0,0.0,0.0,8.51,0.41,0.0
20150502:0510,0.0,9.0,0.0,5.52,8.4,0.55,0.0
20150502:0610,0.0,45.0,0.0,15.22,9.12,0.62,0.0
20150502:0710,0.0,71.0,0.0,25.12,9.84,1.66,0.0
20150502:0810,0.0,97.0,0.0,34.82,10.81,1.86,0.0
20150502:0910,0.0,107.0,0.0,43.81,11.75,2.14,0.0
20150502:1010,0.0,143.0,0.0,51.25,12.33,2.14,0.0
20150502:1110,0.0,165.0,0.0,55.89,12.88,2.9,0.0
20150502:1210,0.0,211.0,0.0,56.43,12.87,3.24,0.0
20150502:1310,0.0,217.0,0.0,52.67,12.94,2.97,0.0
20150502:1410,0.0,184.0,0.0,45.77,13.01,2.69,0.0
20150502:1510,0.0,103.0,0.0,37.06,13.01,3.03,0.0
20150502:1610,0.0,86.0,0.0,27.47,12.68,3.03,0.0
20150502:1710,0.0,41.0,0.0,17.58,12.43,3.24,0.0
20150502:1810,0.0,10.0,0.0,7.8,12.25,3.45,0.0
20150502:1910,0.0,0.0,0.0,0.0,12.21,3.52,0.0
20150502:2010,0.0,0.0,0.0,0.0,12.27,3.59,0.0
20150502:2110,0.0,0.0,0.0,0.0,12.36,3.1,0.0
20150502:2210,0.0,0.0,0.0,0.0,12.59,2.9,0.0
20150502:2310,0.0,0.0,0.0,0.0,13.07,4.0,0.0
20150503:0010,0.0,0.0,0.0,0.0,13.47,4.69,0.0
20150503:0110,0.0,0.0,0.0,0.0,13.56,4.9,0.0
20150503:0210,0.0,0.0,0.0,0.0,13.51,4.9,0.0
20150503:0310,0.0,0.0,0.0,0.0,13.41,4.83,0.0
20150503:0410,0.0,0.0,0.0,0.0,13.32,4.83,0.0
20150503:0510,0.0,16.0,0.0,5.76,13.3,4.83,0.0
20150503:0610,0.0,30.0,0.0,15.45,13.37,4.76,0.0
20150503:0710,0.0,47.0,0.0,25.35,13.42,4.41,0.0
20150503:0810,0.0,70.0,0.0,35.07,13.77,4.62,0.0
20150503:0910,0.0,103.0,0.0,44.07,14.13,4.69,0.0
20150503:1010,0.0,120.0,0.0,51.53,14.22,4.97,0.0
20150503:1110,0.0,236.0,0.0,56.19,14.82,4.97,0.0
20150503:1210,0.0,165.0,0.0,56.72,15.44,4.83,0.0
20150503:1310,0.0,98.0,0.0,52.93,16.08,4.76,0.0
20150503:1410,42.0,332.0,0.0,46.0,17.36,5.66,0.0
20150503:1510,0.0,118.0,0.0,37.27,18.19,5.52,0.0
20150503:1610,241.0,150.0,0.0,27.67,18.19,5.31,0.0
20150503:1710,156.0,89.0,0.0,17.78,17.76,5.03,0.0
20150503:1810,38.0,47.0,0.0,8.0,17.19,4.76,0.0
20150503:1910,0.0,0.0,0.0,0.0,15.89,4.9,0.0
20150503:2010,0.0,0.0,0.0,0.0,14.91,4.9,0.0
20150503:2110,0.0,0.0,0.0,0.0,14.06,4.83,0.0
20150503:2210,0.0,0.0,0.0,0.0,13.5,4.62,0.0
20150503:2310,0.0,0.0,0.0,0.0,12.95,4.21,0.0
20150504:0010,0.0,0.0,0.0,0.0,12.5,3.72,0.0
20150504:0110,0.0,0.0,0.0,0.0,11.92,3.45,0.0
20150504:0210,0.0,0.0,0.0,0.0,11.52,3.38,0.0
20150504:0310,0.0,0.0,0.0,0.0,11.26,3.24,0.0
20150504:0410,0.0,0.0,0.0,0.0,10.83,2.97,0.0
20150504:0510,20.0,36.0,0.0,6.0,10.48,2.48,0.0
20150504:0610,127.0,84.0,0.0,15.68,11.2,2.14,0.0
20150504:0710,247.0,127.0,0.0,25.58,12.51,2.97,0.0
20150504:0810,317.0,190.0,0.0,35.3,13.34,1.93,0.0
20150504:0910,307.0,278.0,0.0,44.32,14.46,1.93,0.0
20150504:1010,76.0,384.0,0.0,51.81,16.02,2.69,0.0
20150504:1110,93.0,413.0,0.0,56.48,17.69,3.03,0.0
20150504:1210,0.0,167.0,0.0,57.01,19.03,3.86,0.0
20150504:1310,123.0,398.0,0.0,53.19,19.59,4.28,0.0
20150504:1410,0.0,162.0,0.0,46.23,19.37,4.69,0.0
20150504:1510,0.0,135.0,0.0,37.48,18.95,4.07,0.0
20150504:1610,0.0,130.0,0.0,27.86,18.57,4.14,0.0
20150504:1710,0.0,57.0,0.0,17.97,17.75,4.0,0.0
20150504:1810,7.0,50.0,0.0,8.21,17.75,3.86,0.0
20150504:1910,0.0,0.0,0.0,0.0,18.31,4.21,0.0
20150504:2010,0.0,0.0,0.0,0.0,18.6,4.41,0.0
20150504:2110,0.0,0.0,0.0,0.0,18.59,4.55,0.0
20150504:2210,0.0,0.0,0.0,0.0,18.14,5.24,0.0
20150504:2310,0.0,0.0,0.0,0.0,17.76,4.83,0.0
20150505:0010,0.0,0.0,0.0,0.0,17.16,4.34,0.0
20150505:0110,0.0,0.0,0.0,0.0,16.86,4.28,0.0
20150505:0210,0.0,0.0,0.0,0.0,16.86,4.9,0.0
20150505:0310,0.0,0.0,0.0,0.0,16.44,5.38,0.0
20150505:0410,0.0,0.0,0.0,0.0,15.98,6.0,0.0
20150505:0510,26.0,37.0,0.0,6.23,16.02,6.55,0.0
20150505:0610,145.0,79.0,0.0,15.91,16.35,7.03,0.0
20150505:0710,0.0,119.0,0.0,25.81,16.21,8.28,0.0
20150505:0810,18.0,247.0,0.0,35.53,15.94,9.03,0.0
20150505:0910,0.0,100.0,0.0,44.57,15.87,8.97,0.0
20150505:1010,255.0,363.0,0.0,52.07,15.37,8.14,0.0
20150505:1110,0.0,162.0,0.0,56.77,15.78,7.31,0.0
20150505:1210,175.0,418.0,0.0,57.29,16.38,7.31,0.0
20150505:1310,282.0,362.0,0.0,53.45,16.52,7.17,0.0
20150505:1410,75.0,354.0,0.0,46.46,16.51,6.97,0.0
20150505:1510,120.0,292.0,0.0,37.68,16.38,6.9,0.0
20150505:1610,207.0,175.0,0.0,28.06,16.18,6.55,0.0
20150505:1710,183.0,84.0,0.0,18.16,15.68,5.93,0.0
20150505:1810,0.0,25.0,0.0,8.41,14.82,5.17,0.0
20150505:1910,0.0,0.0,0.0,0.0,13.78,5.1,0.0
20150505:2010,0.0,0.0,0.0,0.0,12.89,4.97,0.0
20150505:2110,0.0,0.0,0.0,0.0,12.0,4.9,0.0
20150505:2210,0.0,0.0,0.0,0.0,11.33,4.83,0.0
20150505:2310,0.0,0.0,0.0,0.0,10.71,4.76,0.0
20150506:0010,0.0,0.0,0.0,0.0,10.16,4.76,0.0
20150506:0110,0.0,0.0,0.0,0.0,9.65,4.69,0.0
20150506:0210,0.0,0.0,0.0,0.0,9.22,4.69,0.0
20150506:0310,0.0,0.0,0.0,0.0,8.9,4.9,0.0
20150506:0410,0.0,0.0,0.0,0.0,8.84,5.03,0.0
20150506:0510,39.0,35.0,0.0,6.46,9.03,5.17,0.0
20150506:0610,144.0,84.0,0.0,16.13,9.87,4.9,0.0
20150506:0710,37.0,200.0,0.0,26.02,11.39,7.79,0.0
20150506:0810,0.0,148.0,0.0,35.76,12.28,7.72,0.0
20150506:0910,230.0,325.0,0.0,44.81,13.32,7.66,0.0
20150506:1010,0.0,167.0,0.0,52.34,13.98,7.66,0.0
20150506:1110,631.01,212.0,0.0,57.05,14.55,7.79,0.0
20150506:1210,301.0,389.0,0.0,57.57,15.07,8.14,0.0
20150506:1310,1.0,274.0,0.0,53.7,15.19,8.21,0.0
20150506:1410,484.0,214.0,0.0,46.68,15.2,8.14,0.0
20150506:1510,478.0,132.0,0.0,37.88,14.88,7.72,0.0
20150506:1610,221.0,175.0,0.0,28.25,14.97,7.17,0.0
20150506:1710,109.0,124.0,0.0,18.36,14.49,5.86,0.0
20150506:1810,62.0,45.0,0.0,8.6,13.8,5.52,0.0
20150506:1910,0.0,0.0,0.0,0.0,12.75,4.9,0.0
20150506:2010,0.0,0.0,0.0,0.0,12.0,4.69,0.0
20150506:2110,0.0,0.0,0.0,0.0,11.28,4.34,0.0
20150506:2210,0.0,0.0,0.0,0.0,10.58,4.07,0.0
20150506:2310,0.0,0.0,0.0,0.0,9.91,3.93,0.0
20150507:0010,0.0,0.0,0.0,0.0,9.61,3.86,0.0
20150507:0110,0.0,0.0,0.0,0.0,9.19,3.66,0.0
20150507:0210,0.0,0.0,0.0,0.0,8.61,3.66,0.0
20150507:0310,0.0,0.0,0.0,0.0,8.09,3.45,0.0
20150507:0410,0.0,0.0,0.0,0.0,7.41,3.1,0.0
20150507:0510,35.0,38.0,0.0,6.68,6.98,2.76,0.0
20150507:0610,157.0,80.0,0.0,16.34,7.92,2.41,0.0
20150507:0710,302.0,110.0,0.0,26.24,9.47,3.45,0.0
20150507:0810,429.0,142.0,0.0,35.98,10.53,2.76,0.0
20150507:0910,582.01,141.0,0.0,45.04,11.88,2.28,0.0
20150507:1010,647.01,167.0,0.0,52.59,13.08,2.07,0.0
20150507:1110,646.01,206.0,0.0,57.32,14.04,2.34,0.0
20150507:1210,295.0,393.0,0.0,57.84,14.41,2.76,0.0
20150507:1310,347.0,345.0,0.0,53.95,14.68,2.9,0.0
20150507:1410,267.0,327.0,0.0,46.9,14.83,2.83,0.0
20150507:1510,50.0,294.0,0.0,38.08,15.11,2.69,0.0
20150507:1610,54.0,224.0,0.0,28.44,15.1,2.21,0.0
20150507:1710,0.0,70.0,0.0,18.54,15.0,1.79,0.0
20150507:1810,0.0,19.0,0.0,8.8,14.38,1.1,0.0
20150507:1910,0.0,0.0,0.0,0.0,13.72,1.66,0.0
20150507:2010,0.0,0.0,0.0,0.0,12.68,2.0,0.0
20150507:2110,0.0,0.0,0.0,0.0,12.09,2.0,0.0
20150507:2210,0.0,0.0,0.0,0.0,11.38,2.07,0.0
20150507:2310,0.0,0.0,0.0,0.0,11.04,2.21,0.0
20150508:0010,0.0,0.0,0.0,0.0,10.68,2.34,0.0
20150508:0110,0.0,0.0,0.0,0.0,10.01,2.55,0.0
20150508:0210,0.0,0.0,0.0,0.0,9.54,2.55,0.0
20150508:0310,0.0,0.0,0.0,0.0,8.95,2.62,0.0
20150508:0410,0.0,0.0,0.0,0.0,8.44,2.41,0.0
20150508:0510,27.0,42.0,0.0,6.9,8.07,2.0,0.0
20150508:0610,0.0,78.0,0.0,16.55,9.3,1.45,0.0
20150508:0710,0.0,63.0,0.0,26.45,11.49,1.38,0.0
20150508:0810,0.0,110.0,0.0,36.19,13.09,1.59,0.0
20150508:0910,0.0,91.0,0.0,45.27,14.18,1.79,0.0
20150508:1010,0.0,231.0,0.0,52.85,14.41,1.72,0.0
20150508:1110,0.0,130.0,0.0,57.59,14.82,2.21,0.0
20150508:1210,0.0,169.0,0.0,58.11,15.35,2.28,0.0
20150508:1310,305.0,356.0,0.0,54.19,16.5,2.69,0.0
20150508:1410,604.01,137.0,0.0,47.11,16.68,2.9,0.0
20150508:1510,311.0,222.0,0.0,38.28,17.19,2.97,0.0
20150508:1610,284.0,139.0,0.0,28.63,17.63,2.76,0.0
20150508:1710,82.0,133.0,0.0,18.73,17.27,2.62,0.0
20150508:1810,28.0,59.0,0.0,8.99,16.6,2.14,0.0
20150508:1910,0.0,0.0,0.0,0.0,16.03,2.62,0.0
20150508:2010,0.0,0.0,0.0,0.0,15.25,3.24,0.0
20150508:2110,0.0,0.0,0.0,0.0,14.94,4.0,0.0
20150508:2210,0.0,0.0,0.0,0.0,14.41,4.34,0.0
20150508:2310,0.0,0.0,0.0,0.0,13.84,4.41,0.0
20150509:0010,0.0,0.0,0.0,0.0,13.14,4.34,0.0
20150509:0110,0.0,0.0,0.0,0.0,12.53,4.21,0.0
20150509:0210,0.0,0.0,0.0,0.0,12.17,4.41,0.0
20150509:0310,0.0,0.0,0.0,0.0,12.01,4.69,0.0
20150509:0410,0.0,0.0,0.0,0.0,12.34,4.48,0.0
20150509:0510,0.0,7.0,0.0,7.11,12.54,4.14,0.0
20150509:0610,18.0,120.0,0.0,16.76,12.69,4.14,0.0
20150509:0710,151.0,189.0,0.0,26.65,13.25,4.55,0.0
20150509:0810,276.0,227.0,0.0,36.4,13.9,4.62,0.0
20150509:0910,395.0,250.0,0.0,45.5,14.57,5.03,0.0
20150509:1010,619.01,184.0,0.0,53.09,15.38,5.72,0.0
20150509:1110,791.01,120.0,0.0,57.86,15.96,5.38,0.0
20150509:1210,687.01,182.0,0.0,58.37,16.87,5.66,0.0
20150509:1310,682.01,155.0,0.0,54.43,17.54,6.41,0.0
20150509:1410,595.01,148.0,0.0,47.33,17.74,5.93,0.0
20150509:1510,106.0,302.0,0.0,38.47,17.73,4.83,0.0
20150509:1610,248.0,164.0,0.0,28.81,17.73,4.21,0.0
20150509:1710,91.0,134.0,0.0,18.92,17.6,4.21,0.0
20150509:1810,59.0,51.0,0.0,9.18,16.75,3.86,0.0
20150509:1910,0.0,0.0,0.0,0.0,15.53,3.17,0.0
20150509:2010,0.0,0.0,0.0,0.0,14.39,3.17,0.0
20150509:2110,0.0,0.0,0.0,0.0,13.46,3.31,0.0
20150509:2210,0.0,0.0,0.0,0.0,13.02,3.1,0.0
20150509:2310,0.0,0.0,0.0,0.0,12.5,2.69,0.0
20150510:0010,0.0,0.0,0.0,0.0,11.55,2.34,0.0
20150510:0110,0.0,0.0,0.0,0.0,10.91,2.07,0.0
20150510:0210,0.0,0.0,0.0,0.0,10.12,2.0,0.0
20150510:0310,0.0,0.0,0.0,0.0,9.57,1.93,0.0
20150510:0410,0.0,0.0,0.0,0.0,9.51,1.59,0.0
20150510:0510,9.0,46.0,0.0,7.31,9.47,1.31,0.0
20150510:0610,95.0,114.0,0.0,16.96,10.89,1.03,0.0
20150510:0710,290.0,120.0,0.0,26.85,13.04,0.97,0.0
20150510:0810,384.0,170.0,0.0,36.61,14.4,1.52,0.0
20150510:0910,422.0,236.0,0.0,45.71,16.13,2.48,0.0
20150510:1010,291.0,361.0,0.0,53.33,17.09,2.69,0.0
20150510:1110,622.01,219.0,0.0,58.12,18.03,2.55,0.0
20150510:1210,746.01,148.0,0.0,58.63,19.04,2.69,0.0
20150510:1310,702.01,145.0,0.0,54.67,19.73,2.97,0.0
20150510:1410,620.01,136.0,0.0,47.54,20.3,3.31,0.0
20150510:1510,487.0,131.0,0.0,38.67,20.66,3.45,0.0
20150510:1610,359.0,106.0,0.0,29.0,20.74,3.38,0.0
20150510:1710,193.0,89.0,0.0,19.1,20.57,2.97,0.0
20150510:1810,58.0,53.0,0.0,9.37,19.65,2.34,0.0
20150510:1910,0.0,0.0,0.0,0.0,17.74,2.55,0.0
20150510:2010,0.0,0.0,0.0,0.0,16.08,2.76,0.0
20150510:2110,0.0,0.0,0.0,0.0,15.08,2.83,0.0
20150510:2210,0.0,0.0,0.0,0.0,14.4,2.9,0.0
20150510:2310,0.0,0.0,0.0,0.0,13.93,2.97,0.0
20150511:0010,0.0,0.0,0.0,0.0,13.52,2.97,0.0
20150511:0110,0.0,0.0,0.0,0.0,12.99,2.9,0.0
20150511:0210,0.0,0.0,0.0,0.0,12.56,2.83,0.0
20150511:0310,0.0,0.0,0.0,0.0,12.32,2.69,0.0
20150511:0410,0.0,0.0,0.0,0.0,12.08,2.41,0.0
20150511:0510,9.0,47.0,0.0,7.51,11.96,2.14,0.0
20150511:0610,96.0,115.0,0.0,17.15,12.81,1.72,0.0
20150511:0710,38.0,206.0,0.0,27.04,14.44,1.66,0.0
20150511:0810,210.0,259.0,0.0,36.81,16.44,1.72,0.0
20150511:0910,117.0,354.0,0.0,45.93,18.56,1.59,0.0
20150511:1010,657.01,161.0,0.0,53.57,20.44,1.66,0.0
20150511:1110,669.01,190.0,0.0,58.38,22.22,1.72,0.0
20150511:1210,545.01,269.0,0.0,58.89,23.59,2.0,0.0
20150511:1310,298.0,366.0,0.0,54.9,24.54,2.28,0.0
20150511:1410,532.0,188.0,0.0,47.74,25.06,2.34,0.0
20150511:1510,364.0,202.0,0.0,38.86,25.23,2.41,0.0
20150511:1610,164.0,206.0,0.0,29.18,24.92,1.93,0.0
20150511:1710,45.0,145.0,0.0,19.28,24.68,1.31,0.0
20150511:1810,9.0,60.0,0.0,9.56,23.53,0.97,0.0
20150511:1910,0.0,0.0,0.0,0.0,21.63,2.14,0.0
20150511:2010,0.0,0.0,0.0,0.0,20.36,2.34,0.0
20150511:2110,0.0,0.0,0.0,0.0,19.46,2.48,0.0
20150511:2210,0.0,0.0,0.0,0.0,18.81,2.55,0.0
20150511:2310,0.0,0.0,0.0,0.0,17.99,2.41,0.0
20150512:0010,0.0,0.0,0.0,0.0,17.02,2.28,0.0
20150512:0110,0.0,0.0,0.0,0.0,15.85,2.21,0.0
20150512:0210,0.0,0.0,0.0,0.0,14.92,2.14,0.0
20150512:0310,0.0,0.0,0.0,0.0,14.04,2.14,0.0
20150512:0410,0.0,0.0,0.0,0.0,13.11,2.21,0.0
20150512:0510,6.0,46.0,0.0,7.71,12.56,2.21,0.0
20150512:0610,33.0,128.0,0.0,17.34,12.97,2.21,0.0
20150512:0710,47.0,209.0,0.0,27.23,14.04,2.21,0.0
20150512:0810,131.0,283.0,0.0,37.0,15.09,2.28,0.0
20150512:0910,150.0,349.0,0.0,46.13,16.41,2.69,0.0
20150512:1010,295.0,357.0,0.0,53.79,17.62,3.24,0.0
20150512:1110,591.01,235.0,0.0,58.63,18.43,3.66,0.0
20150512:1210,539.01,268.0,0.0,59.14,19.15,4.0,0.0
20150512:1310,477.0,275.0,0.0,55.13,19.41,4.0,0.0
20150512:1410,342.0,291.0,0.0,47.95,19.15,3.86,0.0
20150512:1510,35.0,286.0,0.0,39.04,18.9,4.0,0.0
20150512:1610,287.0,144.0,0.0,29.36,18.33,4.07,0.0
20150512:1710,63.0,144.0,0.0,19.46,17.57,3.79,0.0
20150512:1810,26.0,65.0,0.0,9.75,16.67,3.03,0.0
20150512:1910,0.0,0.0,0.0,0.0,15.19,2.69,0.0
20150512:2010,0.0,0.0,0.0,0.0,13.91,2.69,0.0
20150512:2110,0.0,0.0,0.0,0.0,12.77,2.69,0.0
20150512:2210,0.0,0.0,0.0,0.0,11.83,2.48,0.0
20150512:2310,0.0,0.0,0.0,0.0,10.93,2.21,0.0
20150513:0010,0.0,0.0,0.0,0.0,10.06,2.07,0.0
20150513:0110,0.0,0.0,0.0,0.0,9.29,1.86,0.0
20150513:0210,0.0,0.0,0.0,0.0,8.55,1.93,0.0
20150513:0310,0.0,0.0,0.0,0.0,8.06,2.14,0.0
20150513:0410,0.0,0.0,0.0,0.0,7.65,2.14,0.0
20150513:0510,43.0,46.0,0.0,7.9,7.59,2.0,0.0
20150513:0610,148.0,95.0,0.0,17.52,9.64,1.93,0.0
20150513:0710,181.0,182.0,0.0,27.41,11.8,2.83,0.0
20150513:0810,261.0,240.0,0.0,37.19,13.52,2.9,0.0
20150513:0910,143.0,354.0,0.0,46.33,14.9,3.45,0.0
20150513:1010,244.0,380.0,0.0,54.02,15.48,3.38,0.0
20150513:1110,255.0,407.0,0.0,58.87,16.97,3.52,0.0
20150513:1210,326.0,382.0,0.0,59.38,17.89,3.24,0.0
20150513:1310,204.0,400.0,0.0,55.36,18.44,2.34,0.0
20150513:1410,15.0,314.0,0.0,48.15,19.0,1.86,0.0
20150513:1510,151.0,298.0,0.0,39.23,19.03,2.14,0.0
20150513:1610,97.0,228.0,0.0,29.54,18.62,2.21,0.0
20150513:1710,27.0,144.0,0.0,19.64,18.16,2.28,0.0
20150513:1810,35.0,65.0,0.0,9.93,17.62,2.0,0.0
20150513:1910,0.0,0.0,0.0,0.0,16.94,2.69,0.0
20150513:2010,0.0,0.0,0.0,0.0,16.1,2.28,0.0
20150513:2110,0.0,0.0,0.0,0.0,15.35,1.66,0.0
20150513:2210,0.0,0.0,0.0,0.0,14.57,1.31,0.0
20150513:2310,0.0,0.0,0.0,0.0,14.23,1.24,0.0
20150514:0010,0.0,0.0,0.0,0.0,14.03,1.1,0.0
20150514:0110,0.0,0.0,0.0,0.0,13.74,0.69,0.0
20150514:0210,0.0,0.0,0.0,0.0,13.51,0.62,0.0
20150514:0310,0.0,0.0,0.0,0.0,13.43,1.03,0.0
20150514:0410,0.0,0.0,0.0,0.0,13.17,1.45,0.0
20150514:0510,0.0,18.0,0.0,8.08,13.06,1.93,0.0
20150514:0610,0.0,57.0,0.0,17.7,13.2,2.48,0.0
20150514:0710,0.0,93.0,0.0,27.59,13.05,3.17,0.0
20150514:0810,6.0,229.0,0.0,37.37,13.46,3.86,0.0
20150514:0910,0.0,100.0,0.0,46.53,14.37,4.28,0.0
20150514:1010,7.0,316.0,0.0,54.23,15.54,4.21,0.0
20150514:1110,0.0,135.0,0.0,59.11,15.74,4.69,0.0
20150514:1210,191.0,426.0,0.0,59.63,15.66,5.17,0.0
20150514:1310,0.0,80.0,0.0,55.58,15.75,4.69,0.0
20150514:1410,0.0,205.0,0.0,48.34,15.11,5.72,0.0
20150514:1510,137.0,301.0,0.0,39.41,12.73,5.93,0.0
20150514:1610,0.0,140.0,0.0,29.71,12.09,4.0,0.0
20150514:1710,0.0,74.0,0.0,19.81,12.39,3.24,0.0
20150514:1810,0.0,28.0,0.0,10.11,12.32,2.28,0.0
20150514:1910,0.0,0.0,0.0,0.0,11.59,1.93,0.0
20150514:2010,0.0,0.0,0.0,0.0,10.89,1.59,0.0
20150514:2110,0.0,0.0,0.0,0.0,9.77,1.31,0.0
20150514:2210,0.0,0.0,0.0,0.0,8.75,1.52,0.0
20150514:2310,0.0,0.0,0.0,0.0,7.98,1.72,0.0
20150515:0010,0.0,0.0,0.0,0.0,8.05,1.72,0.0
20150515:0110,0.0,0.0,0.0,0.0,8.28,1.86,0.0
20150515:0210,0.0,0.0,0.0,0.0,8.12,2.07,0.0
20150515:0310,0.0,0.0,0.0,0.0,7.65,2.34,0.0
20150515:0410,0.0,0.0,0.0,0.0,7.41,2.48,0.0
20150515:0510,47.0,48.0,0.0,8.26,7.41,2.48,0.0
20150515:0610,175.0,86.0,0.0,17.87,8.65,2.62,0.0
20150515:0710,325.0,111.0,0.0,27.76,10.02,4.21,0.0
20150515:0810,372.0,186.0,0.0,37.54,11.31,4.69,0.0
20150515:0910,466.0,218.0,0.0,46.72,12.4,4.83,0.0
20150515:1010,0.0,243.0,0.0,54.45,12.86,5.03,0.0
20150515:1110,0.0,134.0,0.0,59.34,12.38,4.76,0.0
20150515:1210,0.0,87.0,0.0,59.86,12.56,5.1,0.0
20150515:1310,9.0,328.0,0.0,55.79,12.95,4.69,0.0
20150515:1410,0.0,236.0,0.0,48.54,14.22,4.83,0.0
20150515:1510,0.0,148.0,0.0,39.59,14.7,4.69,0.0
20150515:1610,22.0,215.0,0.0,29.88,14.71,4.28,0.0
20150515:1710,8.0,131.0,0.0,19.98,14.51,3.59,0.0
20150515:1810,9.0,67.0,0.0,10.29,14.04,3.38,0.0
20150515:1910,0.0,0.0,0.0,0.0,13.26,3.38,0.0
20150515:2010,0.0,0.0,0.0,0.0,12.45,2.9,0.0
20150515:2110,0.0,0.0,0.0,0.0,11.54,2.55,0.0
20150515:2210,0.0,0.0,0.0,0.0,10.65,2.55,0.0
20150515:2310,0.0,0.0,0.0,0.0,9.63,2.55,0.0
20150516:0010,0.0,0.0,0.0,0.0,9.07,2.34,0.0
20150516:0110,0.0,0.0,0.0,0.0,8.29,2.0,0.0
20150516:0210,0.0,0.0,0.0,0.0,7.84,1.86,0.0
20150516:0310,0.0,0.0,0.0,0.0,7.62,1.72,0.0
20150516:0410,0.0,0.0,0.0,0.0,7.36,1.79,0.0
20150516:0510,21.0,56.0,0.0,8.44,7.95,1.72,0.0
20150516:0610,33.0,134.0,0.0,18.04,9.51,1.93,0.0
20150516:0710,254.0,150.0,0.0,27.92,10.82,3.52,0.0
20150516:0810,57.0,290.0,0.0,37.71,11.46,3.17,0.0
20150516:0910,0.0,144.0,0.0,46.9,12.28,3.17,0.0
20150516:1010,0.0,123.0,0.0,54.65,12.86,3.31,0.0
20150516:1110,0.0,230.0,0.0,59.57,13.53,3.66,0.0
20150516:1210,6.0,330.0,0.0,60.09,13.8,3.86,0.0
20150516:1310,0.0,139.0,0.0,56.01,13.97,3.93,0.0
20150516:1410,1.0,239.0,0.0,48.73,14.53,3.93,0.0
20150516:1510,140.0,304.0,0.0,39.76,14.89,3.52,0.0
20150516:1610,232.0,182.0,0.0,30.05,15.4,2.83,0.0
20150516:1710,82.0,147.0,0.0,20.15,15.4,2.55,0.0
20150516:1810,14.0,70.0,0.0,10.46,14.94,2.97,0.0
20150516:1910,0.0,0.0,0.0,0.0,14.65,2.69,0.0
20150516:2010,0.0,0.0,0.0,0.0,13.5,2.9,0.0
20150516:2110,0.0,0.0,0.0,0.0,12.56,2.97,0.0
20150516:2210,0.0,0.0,0.0,0.0,11.53,2.76,0.0
20150516:2310,0.0,0.0,0.0,0.0,10.56,2.41,0.0
20150517:0010,0.0,0.0,0.0,0.0,9.42,2.28,0.0
20150517:0110,0.0,0.0,0.0,0.0,8.59,2.28,0.0
20150517:0210,0.0,0.0,0.0,0.0,7.82,2.34,0.0
20150517:0310,0.0,0.0,0.0,0.0,7.22,2.34,0.0
20150517:0410,0.0,0.0,0.0,0.0,6.78,2.28,0.0
20150517:0510,54.0,49.0,0.0,8.6,6.7,2.07,0.0
20150517:0610,181.0,88.0,0.0,18.2,8.11,2.0,0.0
20150517:0710,328.0,116.0,0.0,28.08,10.0,2.48,0.0
20150517:0810,481.0,131.0,0.0,37.88,11.64,2.41,0.0
20150517:0910,611.0,143.0,0.0,47.08,13.07,2.14,0.0
20150517:1010,699.01,154.0,0.0,54.85,14.15,2.0,0.0
20150517:1110,844.01,108.0,0.0,59.79,14.68,1.93,0.0
20150517:1210,788.01,141.0,0.0,60.32,15.44,1.79,0.0
20150517:1310,733.01,145.0,0.0,56.21,15.97,1.72,0.0
20150517:1410,652.01,135.0,0.0,48.92,16.56,1.72,0.0
20150517:1510,517.0,130.0,0.0,39.93,16.89,1.86,0.0
20150517:1610,384.0,108.0,0.0,30.22,16.85,1.86,0.0
20150517:1710,195.0,103.0,0.0,20.32,16.55,1.79,0.0
20150517:1810,39.0,73.0,0.0,10.63,15.92,1.45,0.0
20150517:1910,0.0,0.0,0.0,0.0,15.16,1.45,0.0
20150517:2010,0.0,0.0,0.0,0.0,12.86,1.52,0.0
20150517:2110,0.0,0.0,0.0,0.0,11.1,1.52,0.0
20150517:2210,0.0,0.0,0.0,0.0,9.89,1.45,0.0
20150517:2310,0.0,0.0,0.0,0.0,8.8,1.38,0.0
20150518:0010,0.0,0.0,0.0,0.0,8.03,1.31,0.0
20150518:0110,0.0,0.0,0.0,0.0,7.19,1.38,0.0
20150518:0210,0.0,0.0,0.0,0.0,6.48,1.45,0.0
20150518:0310,0.0,0.0,0.0,0.0,6.35,1.31,0.0
20150518:0410,0.0,0.0,0.0,0.0,6.07,1.24,0.0
20150518:0510,57.0,49.0,0.0,8.77,6.4,0.9,0.0
20150518:0610,179.0,88.0,0.0,18.36,8.34,0.69,0.0
20150518:0710,326.0,114.0,0.0,28.23,11.33,1.38,0.0
20150518:0810,487.0,124.0,0.0,38.03,13.86,2.69,0.0
20150518:0910,645.01,118.0,0.0,47.25,15.64,4.28,0.0
20150518:1010,749.01,120.0,0.0,55.04,16.73,5.24,0.0
20150518:1110,824.01,110.0,0.0,60.01,17.39,5.59,0.0
20150518:1210,578.01,258.0,0.0,60.54,17.9,5.86,0.0
20150518:1310,76.0,410.0,0.0,56.42,18.31,6.14,0.0
20150518:1410,176.0,366.0,0.0,49.1,18.51,6.62,0.0
20150518:1510,311.0,241.0,0.0,40.1,18.32,6.48,0.0
20150518:1610,0.0,106.0,0.0,30.38,17.6,6.0,0.0
20150518:1710,0.0,49.0,0.0,20.49,16.44,5.79,0.0
20150518:1810,2.0,56.0,0.0,10.8,15.31,5.45,0.0
20150518:1910,0.0,5.0,0.0,1.68,14.37,5.45,0.0
20150518:2010,0.0,0.0,0.0,0.0,13.49,5.1,0.0
20150518:2110,0.0,0.0,0.0,0.0,12.49,4.76,0.0
20150518:2210,0.0,0.0,0.0,0.0,11.48,4.48,0.0
20150518:2310,0.0,0.0,0.0,0.0,10.65,4.76,0.0
20150519:0010,0.0,0.0,0.0,0.0,9.65,4.34,0.0
20150519:0110,0.0,0.0,0.0,0.0,8.73,3.79,0.0
20150519:0210,0.0,0.0,0.0,0.0,7.79,3.79,0.0
20150519:0310,0.0,0.0,0.0,0.0,7.21,4.07,0.0
20150519:0410,0.0,0.0,0.0,0.0,6.86,4.21,0.0
20150519:0510,60.0,50.0,0.0,8.92,6.98,4.41,0.0
20150519:0610,191.0,86.0,0.0,18.5,7.96,4.34,0.0
20150519:0710,330.0,117.0,0.0,28.38,9.39,6.55,0.0
20150519:0810,434.0,160.0,0.0,38.19,10.27,6.14,0.0
20150519:0910,320.0,307.0,0.0,47.41,11.09,6.14,0.0
20150519:1010,221.0,400.0,0.0,55.23,11.82,6.14,0.0
20150519:1110,237.0,425.0,0.0,60.22,12.46,6.21,0.0
20150519:1210,401.0,363.0,0.0,60.76,12.94,6.55,0.0
20150519:1310,219.0,409.0,0.0,56.62,13.12,6.62,0.0
20150519:1410,25.0,339.0,0.0,49.28,13.36,6.07,0.0
20150519:1510,0.0,96.0,0.0,40.27,13.75,5.52,0.0
20150519:1610,31.0,230.0,0.0,30.54,13.77,5.17,0.0
20150519:1710,0.0,47.0,0.0,20.65,13.09,5.31,0.0
20150519:1810,2.0,57.0,0.0,10.97,11.09,3.93,0.0
20150519:1910,0.0,1.0,0.0,1.85,9.96,3.17,0.0
20150519:2010,0.0,0.0,0.0,0.0,9.51,2.62,0.0
20150519:2110,0.0,0.0,0.0,0.0,8.81,2.69,0.0
20150519:2210,0.0,0.0,0.0,0.0,8.05,2.83,0.0
20150519:2310,0.0,0.0,0.0,0.0,7.2,3.03,0.0
20150520:0010,0.0,0.0,0.0,0.0,6.74,3.1,0.0
20150520:0110,0.0,0.0,0.0,0.0,6.53,3.17,0.0
20150520:0210,0.0,0.0,0.0,0.0,6.05,3.1,0.0
20150520:0310,0.0,0.0,0.0,0.0,5.82,3.1,0.0
20150520:0410,0.0,0.0,0.0,0.0,5.7,3.03,0.0
20150520:0510,66.0,49.0,0.0,9.07,5.78,2.9,0.0
20150520:0610,127.0,120.0,0.0,18.65,7.09,2.97,0.0
20150520:0710,283.0,146.0,0.0,28.52,8.39,3.72,0.0
20150520:0810,189.0,285.0,0.0,38.33,9.45,3.52,0.0
20150520:0910,486.0,222.0,0.0,47.57,10.65,3.24,0.0
20150520:1010,175.0,413.0,0.0,55.41,11.58,3.17,0.0
20150520:1110,779.01,146.0,0.0,60.42,12.48,3.31,0.0
20150520:1210,763.01,158.0,0.0,60.97,13.3,3.38,0.0
20150520:1310,330.0,372.0,0.0,56.81,13.62,3.52,0.0
20150520:1410,142.0,381.0,0.0,49.46,13.96,3.72,0.0
20150520:1510,531.0,127.0,0.0,40.44,13.78,3.86,0.0
20150520:1610,7.0,198.0,0.0,30.7,13.51,4.21,0.0
20150520:1710,27.0,156.0,0.0,20.81,12.74,4.83,0.0
20150520:1810,82.0,61.0,0.0,11.14,12.18,4.07,0.0
20150520:1910,0.0,7.0,0.0,2.03,11.13,3.38,0.0
20150520:2010,0.0,0.0,0.0,0.0,9.92,2.69,0.0
20150520:2110,0.0,0.0,0.0,0.0,8.83,2.34,0.0
20150520:2210,0.0,0.0,0.0,0.0,7.92,2.41,0.0
20150520:2310,0.0,0.0,0.0,0.0,7.23,2.48,0.0
20150521:0010,0.0,0.0,0.0,0.0,6.68,2.41,0.0
20150521:0110,0.0,0.0,0.0,0.0,6.35,2.48,0.0
20150521:0210,0.0,0.0,0.0,0.0,6.09,2.48,0.0
20150521:0310,0.0,0.0,0.0,0.0,6.02,2.48,0.0
20150521:0410,0.0,0.0,0.0,0.0,5.89,2.41,0.0
20150521:0510,63.0,51.0,0.0,9.22,6.14,2.28,0.0
20150521:0610,189.0,89.0,0.0,18.79,8.02,2.14,0.0
20150521:0710,318.0,125.0,0.0,28.66,9.97,1.93,0.0
20150521:0810,495.0,126.0,0.0,38.47,11.95,2.14,0.0
20150521:0910,416.0,258.0,0.0,47.73,13.23,2.55,0.0
20150521:1010,274.0,382.0,0.0,55.58,14.16,2.97,0.0
20150521:1110,198.0,434.0,0.0,60.62,14.89,3.03,0.0
20150521:1210,66.0,430.0,0.0,61.17,15.14,3.1,0.0
20150521:1310,51.0,402.0,0.0,57.01,15.5,3.1,0.0
20150521:1410,432.0,264.0,0.0,49.63,16.01,3.24,0.0
20150521:1510,96.0,318.0,0.0,40.6,16.04,3.31,0.0
20150521:1610,239.0,190.0,0.0,30.86,15.88,3.24,0.0
20150521:1710,207.0,101.0,0.0,20.96,15.66,2.76,0.0
20150521:1810,62.0,71.0,0.0,11.3,15.29,2.0,0.0
20150521:1910,0.0,9.0,0.0,2.2,14.14,1.93,0.0
20150521:2010,0.0,0.0,0.0,0.0,13.02,2.07,0.0
20150521:2110,0.0,0.0,0.0,0.0,12.01,2.34,0.0
20150521:2210,0.0,0.0,0.0,0.0,11.02,2.62,0.0
20150521:2310,0.0,0.0,0.0,0.0,10.31,2.69,0.0
20150522:0010,0.0,0.0,0.0,0.0,9.58,2.55,0.0
20150522:0110,0.0,0.0,0.0,0.0,8.9,2.34,0.0
20150522:0210,0.0,0.0,0.0,0.0,8.15,2.07,0.0
20150522:0310,0.0,0.0,0.0,0.0,7.46,1.86,0.0
20150522:0410,0.0,0.0,0.0,0.0,6.84,1.79,0.0
20150522:0510,25.0,63.0,0.0,9.36,6.67,1.59,0.0
20150522:0610,162.0,102.0,0.0,18.92,8.89,1.52,0.0
20150522:0710,326.0,118.0,0.0,28.79,10.61,1.86,0.0
20150522:0810,476.0,134.0,0.0,38.61,12.39,1.72,0.0
20150522:0910,513.0,199.0,0.0,47.87,13.92,1.38,0.0
20150522:1010,300.0,369.0,0.0,55.75,15.23,1.31,0.0
20150522:1110,556.01,272.0,0.0,60.81,16.4,1.38,0.0
20150522:1210,424.0,347.0,0.0,61.37,17.06,1.45,0.0
20150522:1310,539.0,257.0,0.0,57.19,17.77,1.66,0.0
20150522:1410,533.0,203.0,0.0,49.8,18.17,2.0,0.0
20150522:1510,430.0,181.0,0.0,40.75,18.18,2.21,0.0
20150522:1610,377.0,114.0,0.0,31.01,18.26,2.41,0.0
20150522:1710,220.0,95.0,0.0,21.12,17.9,2.34,0.0
20150522:1810,73.0,67.0,0.0,11.46,17.24,1.66,0.0
20150522:1910,0.0,9.0,0.0,2.36,15.94,2.28,0.0
20150522:2010,0.0,0.0,0.0,0.0,14.99,2.55,0.0
20150522:2110,0.0,0.0,0.0,0.0,14.14,2.69,0.0
20150522:2210,0.0,0.0,0.0,0.0,13.23,2.76,0.0
20150522:2310,0.0,0.0,0.0,0.0,12.34,2.76,0.0
20150523:0010,0.0,0.0,0.0,0.0,11.5,2.62,0.0
20150523:0110,0.0,0.0,0.0,0.0,11.14,2.48,0.0
20150523:0210,0.0,0.0,0.0,0.0,11.29,2.28,0.0
20150523:0310,0.0,0.0,0.0,0.0,11.15,2.0,0.0
20150523:0410,0.0,0.0,0.0,0.0,10.63,1.93,0.0
20150523:0510,1.0,48.0,0.0,9.49,10.67,1.79,0.0
20150523:0610,8.0,123.0,0.0,19.05,11.98,2.76,0.0
20150523:0710,9.0,188.0,0.0,28.92,12.84,2.97,0.0
20150523:0810,91.0,301.0,0.0,38.74,13.87,2.97,0.0
20150523:0910,232.0,339.0,0.0,48.01,14.93,2.76,0.0
20150523:1010,216.0,397.0,0.0,55.91,16.06,2.69,0.0
20150523:1110,669.01,201.0,0.0,61.0,17.27,2.76,0.0
20150523:1210,714.01,177.0,0.0,61.57,18.19,2.9,0.0
20150523:1310,282.0,383.0,0.0,57.37,18.93,3.03,0.0
20150523:1410,348.0,303.0,0.0,49.96,19.17,3.1,0.0
20150523:1510,139.0,311.0,0.0,40.91,19.11,2.9,0.0
20150523:1610,58.0,240.0,0.0,31.16,19.22,2.76,0.0
20150523:1710,0.0,80.0,0.0,21.27,18.87,2.76,0.0
20150523:1810,0.0,19.0,0.0,11.61,17.96,2.97,0.0
20150523:1910,0.0,11.0,0.0,2.53,16.77,3.24,0.0
20150523:2010,0.0,0.0,0.0,0.0,15.64,3.31,0.0
20150523:2110,0.0,0.0,0.0,0.0,14.74,3.24,0.0
20150523:2210,0.0,0.0,0.0,0.0,13.85,3.1,0.0
20150523:2310,0.0,0.0,0.0,0.0,13.2,2.97,0.0
20150524:0010,0.0,0.0,0.0,0.0,12.69,2.9,0.0
20150524:0110,0.0,0.0,0.0,0.0,11.88,2.76,0.0
20150524:0210,0.0,0.0,0.0,0.0,11.2,2.69,0.0
20150524:0310,0.0,0.0,0.0,0.0,10.52,2.76,0.0
20150524:0410,0.0,0.0,0.0,0.0,9.8,2.69,0.0
20150524:0510,2.0,51.0,0.0,9.62,9.64,2.55,0.0
20150524:0610,23.0,139.0,0.0,19.17,10.55,2.69,0.0
20150524:0710,230.0,173.0,0.0,29.04,12.48,2.21,0.0
20150524:0810,482.0,131.0,0.0,38.86,14.03,2.14,0.0
20150524:0910,551.0,176.0,0.0,48.15,15.78,2.34,0.0
20150524:1010,516.0,260.0,0.0,56.07,17.18,2.62,0.0
20150524:1110,240.0,420.0,0.0,61.17,18.09,2.9,0.0
20150524:1210,9.0,351.0,0.0,61.76,18.87,3.03,0.0
20150524:1310,2.0,291.0,0.0,57.55,18.99,3.17,0.0
20150524:1410,0.0,166.0,0.0,50.13,19.11,3.17,0.0
20150524:1510,176.0,303.0,0.0,41.06,18.81,3.03,0.0
20150524:1610,19.0,221.0,0.0,31.31,18.9,2.9,0.0
20150524:1710,194.0,110.0,0.0,21.42,18.67,2.83,0.0
20150524:1810,80.0,67.0,0.0,11.76,18.14,2.14,0.0
20150524:1910,3.0,12.38,0.0,2.69,17.13,2.34,0.0
20150524:2010,0.0,0.0,0.0,0.0,16.26,2.34,0.0
20150524:2110,0.0,0.0,0.0,0.0,15.78,2.48,0.0
20150524:2210,0.0,0.0,0.0,0.0,15.07,2.69,0.0
20150524:2310,0.0,0.0,0.0,0.0,14.47,2.9,0.0
20150525:0010,0.0,0.0,0.0,0.0,13.67,2.76,0.0
20150525:0110,0.0,0.0,0.0,0.0,13.02,2.34,0.0
20150525:0210,0.0,0.0,0.0,0.0,12.53,2.07,0.0
20150525:0310,0.0,0.0,0.0,0.0,11.8,2.14,0.0
20150525:0410,0.0,0.0,0.0,0.0,11.69,2.21,0.0
20150525:0510,0.0,15.0,0.0,9.74,11.83,2.14,0.0
20150525:0610,0.0,69.0,0.0,19.28,12.42,3.31,0.0
20150525:0710,0.0,96.0,0.0,29.15,13.22,2.69,0.0
20150525:0810,0.0,180.0,0.0,38.98,13.92,2.62,0.0
20150525:0910,0.0,205.0,0.0,48.28,14.84,2.69,0.0
20150525:1010,205.0,402.0,0.0,56.21,15.63,2.83,0.0
20150525:1110,365.0,372.0,0.0,61.35,16.2,2.97,0.0
20150525:1210,173.0,439.0,0.0,61.94,17.12,3.38,0.0
20150525:1310,572.0,238.0,0.0,57.73,17.41,3.66,0.0
20150525:1410,84.0,376.0,0.0,50.28,17.07,4.28,0.0
20150525:1510,212.0,292.0,0.0,41.21,16.69,5.03,0.0
20150525:1610,223.0,199.0,0.0,31.45,16.04,5.24,0.0
20150525:1710,139.0,139.0,0.0,21.56,15.43,5.1,0.0
20150525:1810,86.0,65.0,0.0,11.91,14.82,4.48,0.0
20150525:1910,1.0,9.85,0.0,2.84,14.12,4.07,0.0
20150525:2010,0.0,0.0,0.0,0.0,13.09,3.79,0.0
20150525:2110,0.0,0.0,0.0,0.0,12.21,3.52,0.0
20150525:2210,0.0,0.0,0.0,0.0,11.64,3.1,0.0
20150525:2310,0.0,0.0,0.0,0.0,11.03,2.62,0.0
20150526:0010,0.0,0.0,0.0,0.0,10.6,2.07,0.0
20150526:0110,0.0,0.0,0.0,0.0,10.41,1.86,0.0
20150526:0210,0.0,0.0,0.0,0.0,10.11,2.0,0.0
20150526:0310,0.0,0.0,0.0,0.0,9.89,2.0,0.0
20150526:0410,0.0,0.0,0.0,0.0,9.75,1.93,0.0
20150526:0510,9.0,64.0,0.0,9.86,9.86,1.79,0.0
20150526:0610,137.0,120.0,0.0,19.39,10.76,1.66,0.0
20150526:0710,344.0,115.0,0.0,29.26,12.32,2.14,0.0
20150526:0810,444.0,158.0,0.0,39.09,13.17,2.14,0.0
20150526:0910,39.0,347.0,0.0,48.4,14.17,3.31,0.0
20150526:1010,0.0,175.0,0.0,56.36,14.9,3.52,0.0
20150526:1110,295.0,406.0,0.0,61.51,15.05,2.83,0.0
20150526:1210,102.0,444.0,0.0,62.12,15.36,2.9,0.0
20150526:1310,443.0,316.0,0.0,57.89,15.72,2.76,0.0
20150526:1410,0.0,210.0,0.0,50.44,16.07,2.55,0.0
20150526:1510,15.0,277.0,0.0,41.35,16.39,2.83,0.0
20150526:1610,13.0,213.0,0.0,31.59,16.46,2.97,0.0
20150526:1710,2.0,119.0,0.0,21.7,16.28,3.17,0.0
20150526:1810,7.0,76.0,0.0,12.06,15.76,2.69,0.0
20150526:1910,0.0,3.0,0.0,3.0,15.12,2.41,0.0
20150526:2010,0.0,0.0,0.0,0.0,13.9,2.69,0.0
20150526:2110,0.0,0.0,0.0,0.0,13.09,2.83,0.0
20150526:2210,0.0,0.0,0.0,0.0,12.36,2.83,0.0
20150526:2310,0.0,0.0,0.0,0.0,11.67,2.69,0.0
20150527:0010,0.0,0.0,0.0,0.0,11.07,2.62,0.0
20150527:0110,0.0,0.0,0.0,0.0,10.77,2.48,0.0
20150527:0210,0.0,0.0,0.0,0.0,10.4,2.28,0.0
20150527:0310,0.0,0.0,0.0,0.0,9.65,2.21,0.0
20150527:0410,0.0,0.0,0.0,0.0,9.09,2.07,0.0
20150527:0510,61.0,59.0,0.0,9.97,9.07,1.66,0.0
20150527:0610,187.0,97.0,0.0,19.5,10.68,1.31,0.0
20150527:0710,334.0,122.0,0.0,29.36,12.49,1.03,0.0
20150527:0810,491.0,133.0,0.0,39.19,14.3,0.83,0.0
20150527:0910,610.0,149.0,0.0,48.51,15.97,0.62,0.0
20150527:1010,249.0,396.0,0.0,56.49,17.25,1.1,0.0
20150527:1110,219.0,434.0,0.0,61.67,17.65,1.17,0.0
20150527:1210,324.0,401.0,0.0,62.29,18.44,1.03,0.0
20150527:1310,330.0,374.0,0.0,58.06,18.96,0.9,0.0
20150527:1410,517.0,222.0,0.0,50.59,19.45,1.1,0.0
20150527:1510,497.0,151.0,0.0,41.49,19.73,1.31,0.0
20150527:1610,327.0,151.0,0.0,31.73,19.82,1.52,0.0
20150527:1710,223.0,101.0,0.0,21.84,19.72,1.72,0.0
20150527:1810,93.0,66.0,0.0,12.2,19.06,1.52,0.0
20150527:1910,1.0,12.82,0.0,3.14,17.82,1.72,0.0
20150527:2010,0.0,0.0,0.0,0.0,15.76,2.28,0.0
20150527:2110,0.0,0.0,0.0,0.0,14.34,2.48,0.0
20150527:2210,0.0,0.0,0.0,0.0,13.6,2.48,0.0
20150527:2310,0.0,0.0,0.0,0.0,13.23,2.55,0.0
20150528:0010,0.0,0.0,0.0,0.0,12.87,2.48,0.0
20150528:0110,0.0,0.0,0.0,0.0,12.31,2.34,0.0
20150528:0210,0.0,0.0,0.0,0.0,11.75,2.0,0.0
20150528:0310,0.0,0.0,0.0,0.0,10.96,1.93,0.0
20150528:0410,0.0,0.0,0.0,0.0,10.3,1.93,0.0
20150528:0510,35.0,68.0,0.0,10.07,10.73,1.66,0.0
20150528:0610,60.0,148.0,0.0,19.6,12.52,1.72,0.0
20150528:0710,37.0,223.0,0.0,29.45,13.82,2.07,0.0
20150528:0810,485.0,135.0,0.0,39.29,14.99,2.28,0.0
20150528:0910,572.0,169.0,0.0,48.62,16.35,2.97,0.0
20150528:1010,686.01,163.0,0.0,56.62,17.64,4.21,0.0
20150528:1110,445.0,338.0,0.0,61.83,18.24,4.21,0.0
20150528:1210,391.0,368.0,0.0,62.45,18.97,4.28,0.0
20150528:1310,259.0,399.0,0.0,58.22,18.84,4.41,0.0
20150528:1410,216.0,365.0,0.0,50.73,18.86,4.41,0.0
20150528:1510,360.0,228.0,0.0,41.63,18.73,4.07,0.0
20150528:1610,86.0,248.0,0.0,31.87,18.6,3.93,0.0
20150528:1710,47.0,167.0,0.0,21.98,18.15,3.66,0.0
20150528:1810,18.0,85.0,0.0,12.34,17.15,3.03,0.0
20150528:1910,0.0,12.0,0.0,3.29,16.32,2.0,0.0
20150528:2010,0.0,0.0,0.0,0.0,15.25,1.79,0.0
20150528:2110,0.0,0.0,0.0,0.0,14.29,1.86,0.0
20150528:2210,0.0,0.0,0.0,0.0,13.11,2.0,0.0
20150528:2310,0.0,0.0,0.0,0.0,12.39,2.07,0.0
20150529:0010,0.0,0.0,0.0,0.0,11.96,1.86,0.0
20150529:0110,0.0,0.0,0.0,0.0,12.07,1.52,0.0
20150529:0210,0.0,0.0,0.0,0.0,12.06,1.24,0.0
20150529:0310,0.0,0.0,0.0,0.0,12.03,1.17,0.0
20150529:0410,0.0,0.0,0.0,0.0,11.87,1.45,0.0
20150529:0510,2.0,54.0,0.0,10.17,11.63,1.72,0.0
20150529:0610,0.0,46.0,0.0,19.69,11.59,1.79,0.0
20150529:0710,0.0,53.0,0.0,29.54,11.68,2.41,0.0
20150529:0810,146.0,299.0,0.0,39.39,12.01,2.48,0.0
20150529:0910,626.0,137.0,0.0,48.73,12.71,2.62,0.0
20150529:1010,565.0,236.0,0.0,56.74,13.74,3.86,0.0
20150529:1110,706.01,185.0,0.0,61.97,14.97,5.31,0.0
20150529:1210,498.0,312.0,0.0,62.61,16.08,5.93,0.0
20150529:1310,413.0,331.0,0.0,58.37,16.85,6.14,0.0
20150529:1410,406.0,281.0,0.0,50.88,17.22,6.14,0.0
20150529:1510,390.0,211.0,0.0,41.77,17.32,6.14,0.0
20150529:1610,182.0,222.0,0.0,32.0,17.17,5.59,0.0
20150529:1710,0.0,61.0,0.0,22.11,16.88,4.69,0.0
20150529:1810,1.0,64.0,0.0,12.48,16.4,4.41,0.0
20150529:1910,1.0,12.84,0.0,3.43,15.94,4.9,0.0
20150529:2010,0.0,0.0,0.0,0.0,15.13,4.76,0.0
20150529:2110,0.0,0.0,0.0,0.0,14.33,4.69,0.0
20150529:2210,0.0,0.0,0.0,0.0,13.91,4.55,0.0
20150529:2310,0.0,0.0,0.0,0.0,13.47,4.21,0.0
20150530:0010,0.0,0.0,0.0,0.0,13.04,3.66,0.0
20150530:0110,0.0,0.0,0.0,0.0,12.65,3.31,0.0
20150530:0210,0.0,0.0,0.0,0.0,12.37,3.03,0.0
20150530:0310,0.0,0.0,0.0,0.0,11.8,2.76,0.0
20150530:0410,0.0,0.0,0.0,0.0,11.36,2.9,0.0
20150530:0510,3.0,57.0,0.0,10.26,10.94,3.03,0.0
20150530:0610,8.0,128.0,0.0,19.78,10.87,3.1,0.0
20150530:0710,288.0,151.0,0.0,29.63,11.45,2.76,0.0
20150530:0810,153.0,300.0,0.0,39.47,11.96,2.55,0.0
20150530:0910,309.0,317.0,0.0,48.82,12.75,2.69,0.0
20150530:1010,339.0,361.0,0.0,56.86,14.0,3.45,0.0
20150530:1110,534.0,294.0,0.0,62.11,14.88,3.45,0.0
20150530:1210,584.01,269.0,0.0,62.77,15.8,3.45,0.0
20150530:1310,682.01,181.0,0.0,58.52,16.54,3.66,0.0
20150530:1410,663.0,137.0,0.0,51.02,17.44,3.86,0.0
20150530:1510,373.0,225.0,0.0,41.9,17.57,3.79,0.0
20150530:1610,387.0,120.0,0.0,32.12,17.7,3.66,0.0
20150530:1710,230.0,101.0,0.0,22.24,17.59,3.45,0.0
20150530:1810,70.0,80.0,0.0,12.61,17.07,2.62,0.0
20150530:1910,1.0,14.82,0.0,3.57,15.96,1.1,0.0
20150530:2010,0.0,0.0,0.0,0.0,14.45,1.1,0.0
20150530:2110,0.0,0.0,0.0,0.0,12.53,1.86,0.0
20150530:2210,0.0,0.0,0.0,0.0,11.55,2.07,0.0
20150530:2310,0.0,0.0,0.0,0.0,11.4,2.34,0.0
20150531:0010,0.0,0.0,0.0,0.0,11.68,2.69,0.0
20150531:0110,0.0,0.0,0.0,0.0,11.99,3.1,0.0
20150531:0210,0.0,0.0,0.0,0.0,12.06,3.31,0.0
20150531:0310,0.0,0.0,0.0,0.0,12.0,3.45,0.0
20150531:0410,0.0,3.0,0.0,1.52,12.0,3.59,0.0
20150531:0510,16.0,70.0,0.0,10.35,12.3,3.86,0.0
20150531:0610,0.0,48.0,0.0,19.86,13.25,3.86,0.0
20150531:0710,0.0,143.0,0.0,29.71,14.67,6.34,0.0
20150531:0810,1.0,203.0,0.0,39.56,15.5,6.07,0.0
20150531:0910,0.0,221.0,0.0,48.92,16.48,6.9,0.0
20150531:1010,0.0,146.0,0.0,56.97,16.75,6.97,0.0
20150531:1110,0.0,204.0,0.0,62.25,16.54,5.31,0.0
20150531:1210,0.0,210.0,0.0,62.92,16.06,4.97,0.0
20150531:1310,0.0,123.0,0.0,58.66,16.13,4.9,0.0
20150531:1410,0.0,159.0,0.0,51.15,16.25,5.03,0.0
20150531:1510,0.0,139.0,0.0,42.03,16.64,5.31,0.0
20150531:1610,0.0,151.0,0.0,32.25,16.78,5.59,0.0
20150531:1710,0.0,103.0,0.0,22.36,16.59,5.59,0.0
20150531:1810,9.0,81.0,0.0,12.74,16.45,5.59,0.0
20150531:1910,2.0,17.58,0.0,3.7,15.52,5.86,0.0
20150531:2010,0.0,0.0,0.0,0.0,15.28,5.45,0.0
20150531:2110,0.0,0.0,0.0,0.0,14.35,4.62,0.0
20150531:2210,0.0,0.0,0.0,0.0,12.9,4.07,0.0
20150531:2310,0.0,0.0,0.0,0.0,12.14,2.97,0.0
20150601:0010,0.0,0.0,0.0,0.0,11.66,2.83,0.0
20150601:0110,0.0,0.0,0.0,0.0,11.01,2.76,0.0
20150601:0210,0.0,0.0,0.0,0.0,10.47,2.48,0.0
20150601:0310,0.0,0.0,0.0,0.0,9.98,2.34,0.0
20150601:0410,0.0,6.0,0.0,1.61,9.28,2.07,0.0
20150601:0510,78.0,57.0,0.0,10.43,9.29,1.66,0.0
20150601:0610,222.0,85.0,0.0,19.93,9.74,1.72,0.0
20150601:0710,257.0,169.0,0.0,29.78,10.37,2.0,0.0
20150601:0810,109.0,310.0,0.0,39.63,11.31,1.52,0.0
20150601:0910,152.0,371.0,0.0,49.0,12.05,1.45,0.0
20150601:1010,192.0,414.0,0.0,57.07,12.7,2.14,0.0
20150601:1110,291.0,412.0,0.0,62.38,13.41,2.48,0.0
20150601:1210,359.0,388.0,0.0,63.06,14.4,2.83,0.0
20150601:1310,624.01,219.0,0.0,58.8,15.64,3.24,0.0
20150601:1410,380.0,301.0,0.0,51.28,15.98,3.59,0.0
20150601:1510,455.0,181.0,0.0,42.15,16.45,4.28,0.0
20150601:1610,279.0,183.0,0.0,32.37,16.21,4.55,0.0
20150601:1710,179.0,131.0,0.0,22.48,15.94,4.62,0.0
20150601:1810,104.0,68.0,0.0,12.86,15.57,3.72,0.0
20150601:1910,1.0,16.81,0.0,3.83,15.03,2.07,0.0
20150601:2010,0.0,0.0,0.0,0.0,13.56,2.28,0.0
20150601:2110,0.0,0.0,0.0,0.0,12.71,2.62,0.0
20150601:2210,0.0,0.0,0.0,0.0,12.41,3.17,0.0
20150601:2310,0.0,0.0,0.0,0.0,12.5,4.07,0.0
20150602:0010,0.0,0.0,0.0,0.0,12.43,4.83,0.0
20150602:0110,0.0,0.0,0.0,0.0,12.04,5.17,0.0
20150602:0210,0.0,0.0,0.0,0.0,11.48,5.31,0.0
20150602:0310,0.0,0.0,0.0,0.0,11.04,5.24,0.0
20150602:0410,0.0,2.0,0.0,1.7,10.84,5.03,0.0
20150602:0510,0.0,37.0,0.0,10.51,11.16,5.17,0.0
20150602:0610,7.0,125.0,0.0,20.0,11.63,5.38,0.0
20150602:0710,0.0,132.0,0.0,29.85,12.95,6.07,0.0
20150602:0810,82.0,304.0,0.0,39.7,14.13,7.31,0.0
20150602:0910,165.0,361.0,0.0,49.08,15.41,7.86,0.0
20150602:1010,405.0,320.0,0.0,57.17,17.02,7.93,0.0
20150602:1110,362.0,372.0,0.0,62.5,18.43,7.79,0.0
20150602:1210,601.01,248.0,0.0,63.19,19.94,7.93,0.0
20150602:1310,345.0,359.0,0.0,58.94,21.21,8.21,0.0
20150602:1410,334.0,314.0,0.0,51.41,21.84,8.21,0.0
20150602:1510,446.0,177.0,0.0,42.27,22.16,8.07,0.0
20150602:1610,378.0,121.0,0.0,32.49,22.16,7.45,0.0
20150602:1710,224.0,104.0,0.0,22.6,21.73,6.34,0.0
20150602:1810,53.0,87.0,0.0,12.98,20.66,5.66,0.0
20150602:1910,4.0,19.13,0.0,3.96,19.09,5.24,0.0
20150602:2010,0.0,0.0,0.0,0.0,17.64,4.83,0.0
20150602:2110,0.0,0.0,0.0,0.0,16.42,4.55,0.0
20150602:2210,0.0,0.0,0.0,0.0,15.76,4.48,0.0
20150602:2310,0.0,0.0,0.0,0.0,15.32,4.34,0.0
20150603:0010,0.0,0.0,0.0,0.0,14.95,4.07,0.0
20150603:0110,0.0,0.0,0.0,0.0,14.5,3.72,0.0
20150603:0210,0.0,0.0,0.0,0.0,14.17,3.59,0.0
20150603:0310,0.0,0.0,0.0,0.0,14.17,3.52,0.0
20150603:0410,0.0,2.0,0.0,1.78,14.26,3.45,0.0
20150603:0510,2.0,58.0,0.0,10.58,14.58,3.45,0.0
20150603:0610,18.0,142.0,0.0,20.07,14.92,3.24,0.0
20150603:0710,0.0,144.0,0.0,29.91,15.86,3.93,0.0
20150603:0810,17.0,269.0,0.0,39.77,16.11,3.59,0.0
20150603:0910,0.0,212.0,0.0,49.15,16.54,3.52,0.0
20150603:1010,0.0,264.0,0.0,57.26,16.8,3.24,0.0
20150603:1110,0.0,241.0,0.0,62.61,17.3,2.97,0.0
20150603:1210,283.0,416.0,0.0,63.32,17.96,2.62,0.0
20150603:1310,517.0,279.0,0.0,59.07,18.5,2.34,0.0
20150603:1410,660.0,139.0,0.0,51.53,18.97,2.14,0.0
20150603:1510,545.0,128.0,0.0,42.39,18.98,1.79,0.0
20150603:1610,377.0,127.0,0.0,32.6,18.94,1.59,0.0
20150603:1710,228.0,106.0,0.0,22.72,18.79,1.52,0.0
20150603:1810,100.0,71.0,0.0,13.1,18.46,1.59,0.0
20150603:1910,4.0,21.07,0.0,4.08,17.66,1.86,0.0
20150603:2010,0.0,0.0,0.0,0.0,16.18,2.34,0.0
20150603:2110,0.0,0.0,0.0,0.0,14.97,2.55,0.0
20150603:2210,0.0,0.0,0.0,0.0,14.17,2.83,0.0
20150603:2310,0.0,0.0,0.0,0.0,13.45,3.1,0.0
20150604:0010,0.0,0.0,0.0,0.0,12.74,3.17,0.0
20150604:0110,0.0,0.0,0.0,0.0,12.11,3.03,0.0
20150604:0210,0.0,0.0,0.0,0.0,11.53,2.9,0.0
20150604:0310,0.0,0.0,0.0,0.0,11.05,2.69,0.0
20150604:0410,0.0,7.0,0.0,1.85,10.66,2.55,0.0
20150604:0510,72.0,60.0,0.0,10.64,10.98,2.41,0.0
20150604:0610,203.0,93.0,0.0,20.13,12.77,2.28,0.0
20150604:0710,351.0,116.0,0.0,29.97,14.85,2.76,0.0
20150604:0810,506.0,126.0,0.0,39.83,16.92,3.03,0.0
20150604:0910,637.0,133.0,0.0,49.22,18.79,3.38,0.0
20150604:1010,735.01,137.0,0.0,57.34,20.19,3.45,0.0
20150604:1110,800.01,134.0,0.0,62.72,21.5,3.45,0.0
20150604:1210,807.01,134.0,0.0,63.45,22.62,3.52,0.0
20150604:1310,774.01,128.0,0.0,59.19,23.58,3.59,0.0
20150604:1410,693.0,121.0,0.0,51.64,24.35,3.59,0.0
20150604:1510,565.0,117.0,0.0,42.5,24.87,3.38,0.0
20150604:1610,397.0,117.0,0.0,32.71,25.16,3.17,0.0
20150604:1710,238.0,101.0,0.0,22.83,25.1,2.97,0.0
20150604:1810,106.0,69.0,0.0,13.22,24.5,2.34,0.0
20150604:1910,5.0,21.82,0.0,4.2,22.62,2.28,0.0
20150604:2010,0.0,0.0,0.0,0.0,20.73,2.69,0.0
20150604:2110,0.0,0.0,0.0,0.0,19.6,2.76,0.0
20150604:2210,0.0,0.0,0.0,0.0,18.84,2.76,0.0
20150604:2310,0.0,0.0,0.0,0.0,18.35,2.76,0.0
20150605:0010,0.0,0.0,0.0,0.0,17.86,2.62,0.0
20150605:0110,0.0,0.0,0.0,0.0,17.34,2.48,0.0
20150605:0210,0.0,0.0,0.0,0.0,16.86,2.41,0.0
20150605:0310,0.0,0.0,0.0,0.0,16.38,2.34,0.0
20150605:0410,0.0,8.0,0.0,1.92,15.94,2.28,0.0
20150605:0510,66.0,61.0,0.0,10.7,16.28,2.07,0.0
20150605:0610,190.0,96.0,0.0,20.18,18.64,1.93,0.0
20150605:0710,333.0,120.0,0.0,30.02,22.16,2.48,0.0
20150605:0810,482.0,133.0,0.0,39.88,24.61,2.69,0.0
20150605:0910,618.0,136.0,0.0,49.28,26.58,3.03,0.0
20150605:1010,704.01,146.0,0.0,57.42,28.11,3.38,0.0
20150605:1110,789.01,131.0,0.0,62.82,29.41,3.52,0.0
20150605:1210,785.01,137.0,0.0,63.57,30.36,3.66,0.0
20150605:1310,753.01,131.0,0.0,59.31,30.59,3.79,0.0
20150605:1410,665.0,129.0,0.0,51.76,29.41,3.24,0.0
20150605:1510,526.0,132.0,0.0,42.61,28.2,3.31,0.0
20150605:1610,357.0,133.0,0.0,32.82,27.7,1.59,0.0
20150605:1710,214.0,111.0,0.0,22.94,26.84,0.62,0.0
20150605:1810,107.0,69.0,0.0,13.32,26.15,1.59,0.0
20150605:1910,12.0,21.11,0.0,4.31,21.66,4.14,0.0
20150605:2010,0.0,0.0,0.0,0.0,19.72,4.34,0.0
20150605:2110,0.0,0.0,0.0,0.0,17.51,4.69,0.0
20150605:2210,0.0,0.0,0.0,0.0,15.92,3.86,0.0
20150605:2310,0.0,0.0,0.0,0.0,15.19,3.45,0.0
20150606:0010,0.0,0.0,0.0,0.0,14.78,3.52,0.0
20150606:0110,0.0,0.0,0.0,0.0,14.18,3.45,0.0
20150606:0210,0.0,0.0,0.0,0.0,13.59,3.52,0.0
20150606:0310,0.0,0.0,0.0,0.0,12.98,3.66,0.0
20150606:0410,0.0,7.0,0.0,1.98,12.58,3.31,0.0
20150606:0510,7.0,66.0,0.0,10.76,12.41,3.17,0.0
20150606:0610,180.0,105.0,0.0,20.23,12.75,3.52,0.0
20150606:0710,330.0,126.0,0.0,30.07,13.52,3.24,0.0
20150606:0810,497.0,130.0,0.0,39.93,14.7,3.38,0.0
20150606:0910,634.0,134.0,0.0,49.34,15.94,3.17,0.0
20150606:1010,722.01,143.0,0.0,57.49,17.24,2.9,0.0
20150606:1110,797.01,134.0,0.0,62.91,18.42,2.55,0.0
20150606:1210,804.01,134.0,0.0,63.68,19.45,2.28,0.0
20150606:1310,772.01,128.0,0.0,59.42,20.21,2.21,0.0
20150606:1410,682.0,127.0,0.0,51.87,20.73,2.41,0.0
20150606:1510,557.0,122.0,0.0,42.71,20.94,2.83,0.0
20150606:1610,397.0,118.0,0.0,32.92,20.76,3.17,0.0
20150606:1710,235.0,104.0,0.0,23.04,20.25,3.31,0.0
20150606:1810,101.0,73.0,0.0,13.43,19.45,3.03,0.0
20150606:1910,4.0,23.06,0.0,4.42,18.14,3.31,0.0
20150606:2010,0.0,0.0,0.0,0.0,16.64,3.59,0.0
20150606:2110,0.0,0.0,0.0,0.0,15.31,4.0,0.0
20150606:2210,0.0,0.0,0.0,0.0,14.09,4.0,0.0
20150606:2310,0.0,0.0,0.0,0.0,12.97,3.66,0.0
20150607:0010,0.0,0.0,0.0,0.0,12.01,3.24,0.0
20150607:0110,0.0,0.0,0.0,0.0,11.25,2.83,0.0
20150607:0210,0.0,0.0,0.0,0.0,10.53,2.97,0.0
20150607:0310,0.0,0.0,0.0,0.0,10.04,3.24,0.0
20150607:0410,0.0,8.0,0.0,2.03,9.78,3.1,0.0
20150607:0510,71.0,63.0,0.0,10.8,9.9,2.62,0.0
20150607:0610,191.0,102.0,0.0,20.27,10.94,3.03,0.0
20150607:0710,341.0,125.0,0.0,30.11,12.46,3.31,0.0
20150607:0810,497.0,135.0,0.0,39.97,14.19,3.38,0.0
20150607:0910,594.0,163.0,0.0,49.39,15.92,3.45,0.0
20150607:1010,645.0,197.0,0.0,57.56,17.5,3.59,0.0
20150607:1110,735.01,177.0,0.0,63.0,18.79,3.66,0.0
20150607:1210,769.01,161.0,0.0,63.78,19.77,3.66,0.0
20150607:1310,536.0,275.0,0.0,59.53,20.59,3.72,0.0
20150607:1410,623.0,166.0,0.0,51.97,21.1,3.86,0.0
20150607:1510,509.0,154.0,0.0,42.81,21.3,4.14,0.0
20150607:1610,353.0,148.0,0.0,33.02,21.09,4.48,0.0
20150607:1710,234.0,109.0,0.0,23.14,20.61,4.69,0.0
20150607:1810,111.0,71.0,0.0,13.53,19.84,4.21,0.0
20150607:1910,7.0,24.26,0.0,4.52,18.31,4.14,0.0
20150607:2010,0.0,0.0,0.0,0.0,16.91,4.28,0.0
20150607:2110,0.0,0.0,0.0,0.0,15.84,4.69,0.0
20150607:2210,0.0,0.0,0.0,0.0,14.84,4.97,0.0
20150607:2310,0.0,0.0,0.0,0.0,13.87,5.03,0.0
20150608:0010,0.0,0.0,0.0,0.0,12.91,4.97,0.0
20150608:0110,0.0,0.0,0.0,0.0,12.03,4.83,0.0
20150608:0210,0.0,0.0,0.0,0.0,11.26,4.76,0.0
20150608:0310,0.0,0.0,0.0,0.0,10.64,4.69,0.0
20150608:0410,0.0,9.0,0.0,2.08,10.13,4.62,0.0
20150608:0510,81.0,59.0,0.0,10.85,10.14,4.41,0.0
20150608:0610,212.0,93.0,0.0,20.31,10.88,4.83,0.0
20150608:0710,353.0,119.0,0.0,30.14,12.21,5.38,0.0
20150608:0810,505.0,132.0,0.0,40.0,13.8,5.59,0.0
20150608:0910,651.0,133.0,0.0,49.43,15.33,5.86,0.0
20150608:1010,741.01,141.0,0.0,57.61,16.69,6.21,0.0
20150608:1110,807.01,138.0,0.0,63.08,17.71,6.41,0.0
20150608:1210,814.01,138.0,0.0,63.88,18.5,6.41,0.0
20150608:1310,782.01,131.0,0.0,59.63,19.04,6.41,0.0
20150608:1410,693.0,129.0,0.0,52.07,19.3,6.41,0.0
20150608:1510,577.0,118.0,0.0,42.91,19.28,6.48,0.0
20150608:1610,401.0,122.0,0.0,33.12,18.98,6.48,0.0
20150608:1710,248.0,103.0,0.0,23.24,18.51,6.41,0.0
20150608:1810,115.0,70.0,0.0,13.63,17.84,5.86,0.0
20150608:1910,0.0,16.0,0.0,4.62,16.85,5.59,0.0
20150608:2010,0.0,0.0,0.0,0.0,15.83,5.45,0.0
20150608:2110,0.0,0.0,0.0,0.0,14.96,5.45,0.0
20150608:2210,0.0,0.0,0.0,0.0,14.2,5.66,0.0
20150608:2310,0.0,0.0,0.0,0.0,13.57,5.86,0.0
20150609:0010,0.0,0.0,0.0,0.0,13.05,5.93,0.0
20150609:0110,0.0,0.0,0.0,0.0,12.81,5.72,0.0
20150609:0210,0.0,0.0,0.0,0.0,12.31,5.72,0.0
20150609:0310,0.0,0.0,0.0,0.0,11.83,5.72,0.0
20150609:0410,0.0,9.0,0.0,2.12,11.33,5.52,0.0
20150609:0510,36.0,76.0,0.0,10.88,11.18,5.24,0.0
20150609:0610,82.0,151.0,0.0,20.34,11.2,5.59,0.0
20150609:0710,261.0,171.0,0.0,30.17,12.24,6.07,0.0
20150609:0810,491.0,139.0,0.0,40.04,13.38,6.07,0.0
20150609:0910,625.0,146.0,0.0,49.47,14.99,6.14,0.0
20150609:1010,685.01,173.0,0.0,57.67,16.18,6.28,0.0
20150609:1110,368.0,384.0,0.0,63.15,17.45,6.69,0.0
20150609:1210,468.0,339.0,0.0,63.97,18.08,7.03,0.0
20150609:1310,134.0,434.0,0.0,59.73,18.23,6.97,0.0
20150609:1410,151.0,390.0,0.0,52.16,18.14,6.62,0.0
20150609:1510,458.0,187.0,0.0,43.0,18.55,6.62,0.0
20150609:1610,331.0,163.0,0.0,33.21,18.45,6.55,0.0
20150609:1710,57.0,179.0,0.0,23.33,17.88,6.28,0.0
20150609:1810,38.0,98.0,0.0,13.72,17.24,5.72,0.0
20150609:1910,1.0,20.81,0.0,4.71,16.54,5.79,0.0
20150609:2010,0.0,0.0,0.0,0.0,16.05,5.52,0.0
20150609:2110,0.0,0.0,0.0,0.0,15.59,5.31,0.0
20150609:2210,0.0,0.0,0.0,0.0,15.03,5.17,0.0
20150609:2310,0.0,0.0,0.0,0.0,14.54,5.31,0.0
20150610:0010,0.0,0.0,0.0,0.0,13.71,5.45,0.0
20150610:0110,0.0,0.0,0.0,0.0,13.14,5.52,0.0
20150610:0210,0.0,0.0,0.0,0.0,12.38,5.38,0.0
20150610:0310,0.0,0.0,0.0,0.0,11.84,5.24,0.0
20150610:0410,0.0,7.0,0.0,2.16,11.57,4.97,0.0
20150610:0510,15.0,74.0,0.0,10.91,11.59,4.9,0.0
20150610:0610,182.0,105.0,0.0,20.36,12.24,4.76,0.0
20150610:0710,196.0,199.0,0.0,30.19,13.79,5.31,0.0
20150610:0810,367.0,206.0,0.0,40.06,15.52,5.79,0.0
20150610:0910,611.0,147.0,0.0,49.5,17.22,5.93,0.0
20150610:1010,705.01,154.0,0.0,57.71,18.64,6.0,0.0
20150610:1110,585.0,262.0,0.0,63.22,20.05,6.28,0.0
20150610:1210,591.0,263.0,0.0,64.06,21.23,6.21,0.0
20150610:1310,495.0,293.0,0.0,59.82,21.87,5.72,0.0
20150610:1410,125.0,388.0,0.0,52.25,21.74,5.45,0.0
20150610:1510,519.0,144.0,0.0,43.09,21.63,5.66,0.0
20150610:1610,275.0,189.0,0.0,33.3,21.47,5.45,0.0
20150610:1710,213.0,120.0,0.0,23.41,21.31,5.1,0.0
20150610:1810,61.0,93.0,0.0,13.81,20.75,4.55,0.0
20150610:1910,1.0,19.82,0.0,4.8,20.87,4.07,0.0
20150610:2010,0.0,0.0,0.0,0.0,20.04,4.48,0.0
20150610:2110,0.0,0.0,0.0,0.0,19.33,4.9,0.0
20150610:2210,0.0,0.0,0.0,0.0,18.55,4.9,0.0
20150610:2310,0.0,0.0,0.0,0.0,17.86,4.48,0.0
20150611:0010,0.0,0.0,0.0,0.0,17.28,4.07,0.0
20150611:0110,0.0,0.0,0.0,0.0,16.82,3.72,0.0
20150611:0210,0.0,0.0,0.0,0.0,16.34,3.59,0.0
20150611:0310,0.0,0.0,0.0,0.0,16.03,3.59,0.0
20150611:0410,0.0,7.0,0.0,2.19,15.74,3.66,0.0
20150611:0510,14.0,72.0,0.0,10.94,15.78,3.45,0.0
20150611:0610,170.0,108.0,0.0,20.38,16.54,3.45,0.0
20150611:0710,308.0,134.0,0.0,30.21,18.25,3.31,0.0
20150611:0810,173.0,289.0,0.0,40.08,20.1,3.17,0.0
20150611:0910,533.0,185.0,0.0,49.53,21.9,3.24,0.0
20150611:1010,705.01,145.0,0.0,57.75,23.56,3.59,0.0
20150611:1110,739.01,158.0,0.0,63.28,25.01,3.86,0.0
20150611:1210,564.0,269.0,0.0,64.13,26.17,4.0,0.0
20150611:1310,610.0,216.0,0.0,59.9,26.93,4.07,0.0
20150611:1410,562.0,190.0,0.0,52.34,27.38,4.07,0.0
20150611:1510,378.0,220.0,0.0,43.17,27.55,4.0,0.0
20150611:1610,349.0,142.0,0.0,33.38,27.51,3.86,0.0
20150611:1710,145.0,151.0,0.0,23.5,27.3,3.72,0.0
20150611:1810,15.0,94.0,0.0,13.89,26.11,2.83,0.0
20150611:1910,11.0,26.18,0.0,4.89,25.13,2.34,0.0
20150611:2010,0.0,0.0,0.0,0.0,23.28,2.48,0.0
20150611:2110,0.0,0.0,0.0,0.0,22.07,2.34,0.0
20150611:2210,0.0,0.0,0.0,0.0,21.04,1.86,0.0
20150611:2310,0.0,0.0,0.0,0.0,20.11,1.72,0.0
20150612:0010,0.0,0.0,0.0,0.0,18.99,1.72,0.0
20150612:0110,0.0,0.0,0.0,0.0,18.14,2.0,0.0
20150612:0210,0.0,0.0,0.0,0.0,17.75,2.07,0.0
20150612:0310,0.0,0.0,0.0,0.0,17.44,2.14,0.0
20150612:0410,0.0,1.0,0.0,2.22,17.12,2.21,0.0
20150612:0510,16.0,74.0,0.0,10.96,17.36,2.0,0.0
20150612:0610,33.0,150.0,0.0,20.4,19.18,2.0,0.0
20150612:0710,309.0,135.0,0.0,30.23,21.27,2.83,0.0
20150612:0810,350.0,209.0,0.0,40.1,22.78,2.97,0.0
20150612:0910,141.0,365.0,0.0,49.55,24.26,3.17,0.0
20150612:1010,563.0,231.0,0.0,57.78,24.98,4.55,0.0
20150612:1110,303.0,398.0,0.0,63.33,25.62,5.1,0.0
20150612:1210,104.0,441.0,0.0,64.21,24.83,5.72,0.0
20150612:1310,234.0,404.0,0.0,59.98,23.81,5.79,0.0
20150612:1410,672.0,129.0,0.0,52.42,24.08,6.14,0.0
20150612:1510,470.0,168.0,0.0,43.25,23.63,6.0,0.0
20150612:1610,352.0,142.0,0.0,33.46,22.91,5.59,0.0
20150612:1710,166.0,142.0,0.0,23.58,22.22,4.69,0.0
20150612:1810,27.0,98.0,0.0,13.97,21.65,4.0,0.0
20150612:1910,0.0,19.0,0.0,4.97,20.21,4.0,0.0
20150612:2010,0.0,0.0,0.0,0.0,19.25,3.79,0.0
20150612:2110,0.0,0.0,0.0,0.0,18.38,3.31,0.0
20150612:2210,0.0,0.0,0.0,0.0,17.6,2.69,0.0
20150612:2310,0.0,0.0,0.0,0.0,16.92,2.34,0.0
20150613:0010,0.0,0.0,0.0,0.0,16.33,1.86,0.0
20150613:0110,0.0,0.0,0.0,0.0,15.94,1.66,0.0
20150613:0210,0.0,0.0,0.0,0.0,15.53,1.59,0.0
20150613:0310,0.0,0.0,0.0,0.0,15.18,1.59,0.0
20150613:0410,0.0,7.0,0.0,2.24,14.89,1.52,0.0
20150613:0510,0.0,39.0,0.0,10.97,14.75,1.1,0.0
20150613:0610,183.0,104.0,0.0,20.41,16.3,1.1,0.0
20150613:0710,322.0,130.0,0.0,30.23,17.43,2.28,0.0
20150613:0810,440.0,161.0,0.0,40.11,18.49,2.55,0.0
20150613:0910,576.0,164.0,0.0,49.56,19.8,2.97,0.0
20150613:1010,698.01,155.0,0.0,57.81,21.14,3.31,0.0
20150613:1110,688.01,196.0,0.0,63.37,22.22,3.66,0.0
20150613:1210,586.0,263.0,0.0,64.27,22.98,3.45,0.0
20150613:1310,451.0,314.0,0.0,60.06,23.57,3.31,0.0
20150613:1410,533.0,214.0,0.0,52.49,23.7,3.03,0.0
20150613:1510,420.0,202.0,0.0,43.33,23.84,2.76,0.0
20150613:1610,211.0,220.0,0.0,33.53,23.7,2.55,0.0
20150613:1710,186.0,135.0,0.0,23.65,23.37,2.62,0.0
20150613:1810,93.0,82.0,0.0,14.05,22.75,2.55,0.0
20150613:1910,10.0,27.42,0.0,5.05,22.06,1.86,0.0
20150613:2010,0.0,0.0,0.0,0.0,20.63,2.41,0.0
20150613:2110,0.0,0.0,0.0,0.0,19.56,3.03,0.0
20150613:2210,0.0,0.0,0.0,0.0,18.36,3.45,0.0
20150613:2310,0.0,0.0,0.0,0.0,17.45,3.59,0.0
20150614:0010,0.0,0.0,0.0,0.0,16.41,3.38,0.0
20150614:0110,0.0,0.0,0.0,0.0,15.61,3.1,0.0
20150614:0210,0.0,0.0,0.0,0.0,14.92,2.83,0.0
20150614:0310,0.0,0.0,0.0,0.0,14.46,2.69,0.0
20150614:0410,0.0,1.0,0.0,2.25,14.17,2.69,0.0
20150614:0510,0.0,27.0,0.0,10.98,14.16,2.41,0.0
20150614:0610,207.0,92.0,0.0,20.41,14.92,2.83,0.0
20150614:0710,201.0,193.0,0.0,30.24,16.13,3.17,0.0
20150614:0810,43.0,294.0,0.0,40.11,16.9,3.03,0.0
20150614:0910,6.0,284.0,0.0,49.57,18.04,2.83,0.0
20150614:1010,371.0,339.0,0.0,57.83,19.61,2.9,0.0
20150614:1110,499.0,306.0,0.0,63.41,20.58,2.83,0.0
20150614:1210,197.0,438.0,0.0,64.33,20.98,2.83,0.0
20150614:1310,610.0,221.0,0.0,60.13,21.57,3.17,0.0
20150614:1410,510.0,226.0,0.0,52.57,22.01,3.72,0.0
20150614:1510,378.0,225.0,0.0,43.4,22.38,4.07,0.0
20150614:1610,1.0,173.0,0.0,33.6,23.0,4.21,0.0
20150614:1710,2.0,132.0,0.0,23.72,22.81,4.0,0.0
20150614:1810,13.0,94.0,0.0,14.12,22.41,3.59,0.0
20150614:1910,3.0,26.31,0.0,5.12,20.85,4.0,0.0
20150614:2010,0.0,0.0,0.0,0.0,19.84,4.21,0.0
20150614:2110,0.0,0.0,0.0,0.0,18.79,4.41,0.0
20150614:2210,0.0,0.0,0.0,0.0,17.71,4.34,0.0
20150614:2310,0.0,0.0,0.0,0.0,16.65,3.93,0.0
20150615:0010,0.0,0.0,0.0,0.0,15.93,3.59,0.0
20150615:0110,0.0,0.0,0.0,0.0,15.54,3.31,0.0
20150615:0210,0.0,0.0,0.0,0.0,15.4,3.24,0.0
20150615:0310,0.0,0.0,0.0,0.0,15.07,3.31,0.0
20150615:0410,0.0,2.0,0.0,2.26,14.63,3.31,0.0
20150615:0510,0.0,28.0,0.0,10.98,14.58,3.24,0.0
20150615:0610,0.0,78.0,0.0,20.41,14.85,3.52,0.0
20150615:0710,4.0,175.0,0.0,30.24,14.61,2.9,0.0
20150615:0810,49.0,297.0,0.0,40.11,15.47,3.31,0.0
20150615:0910,83.0,366.0,0.0,49.57,16.77,3.31,0.0
20150615:1010,46.0,392.0,0.0,57.84,17.75,3.31,0.0
20150615:1110,61.0,425.0,0.0,63.45,18.87,3.31,0.0
20150615:1210,31.0,402.0,0.0,64.38,20.0,3.17,0.0
20150615:1310,1.0,272.0,0.0,60.19,20.3,3.24,0.0
20150615:1410,30.0,351.0,0.0,52.63,20.04,3.45,0.0
20150615:1510,4.0,245.0,0.0,43.46,20.09,3.79,0.0
20150615:1610,0.0,105.0,0.0,33.67,20.02,4.14,0.0
20150615:1710,103.0,170.0,0.0,23.79,19.77,4.28,0.0
20150615:1810,2.0,73.0,0.0,14.19,19.37,4.28,0.0
20150615:1910,0.0,9.0,0.0,5.18,18.37,3.59,0.0
20150615:2010,0.0,0.0,0.0,0.0,17.84,3.31,0.0
20150615:2110,0.0,0.0,0.0,0.0,17.24,3.31,0.0
20150615:2210,0.0,0.0,0.0,0.0,16.47,3.52,0.0
20150615:2310,0.0,0.0,0.0,0.0,15.82,3.72,0.0
20150616:0010,0.0,0.0,0.0,0.0,15.15,3.86,0.0
20150616:0110,0.0,0.0,0.0,0.0,14.42,3.66,0.0
20150616:0210,0.0,0.0,0.0,0.0,13.52,3.66,0.0
20150616:0310,0.0,0.0,0.0,0.0,12.84,3.79,0.0
20150616:0410,0.0,9.0,0.0,2.27,12.01,3.66,0.0
20150616:0510,38.0,75.0,0.0,10.98,11.87,3.24,0.0
20150616:0610,132.0,131.0,0.0,20.41,12.56,3.93,0.0
20150616:0710,341.0,122.0,0.0,30.23,13.85,3.86,0.0
20150616:0810,465.0,150.0,0.0,40.1,15.51,3.86,0.0
20150616:0910,552.0,185.0,0.0,49.57,17.26,4.14,0.0
20150616:1010,484.0,287.0,0.0,57.85,18.79,4.48,0.0
20150616:1110,578.0,269.0,0.0,63.47,19.96,4.21,0.0
20150616:1210,483.0,328.0,0.0,64.43,20.84,4.14,0.0
20150616:1310,459.0,316.0,0.0,60.24,21.03,4.55,0.0
20150616:1410,574.0,196.0,0.0,52.69,20.95,4.55,0.0
20150616:1510,557.0,129.0,0.0,43.52,21.0,4.76,0.0
20150616:1610,390.0,130.0,0.0,33.73,20.69,5.03,0.0
20150616:1710,246.0,107.0,0.0,23.85,20.27,5.24,0.0
20150616:1810,120.0,73.0,0.0,14.25,19.48,4.9,0.0
20150616:1910,10.0,29.35,0.0,5.24,18.47,4.21,0.0
20150616:2010,0.0,0.0,0.0,0.0,17.15,3.72,0.0
20150616:2110,0.0,0.0,0.0,0.0,16.05,3.45,0.0
20150616:2210,0.0,0.0,0.0,0.0,15.08,3.1,0.0
20150616:2310,0.0,0.0,0.0,0.0,14.2,2.83,0.0
20150617:0010,0.0,0.0,0.0,0.0,13.42,2.76,0.0
20150617:0110,0.0,0.0,0.0,0.0,12.74,2.69,0.0
20150617:0210,0.0,0.0,0.0,0.0,12.14,2.69,0.0
20150617:0310,0.0,0.0,0.0,0.0,11.6,2.62,0.0
20150617:0410,0.0,10.0,0.0,2.26,11.14,2.48,0.0
20150617:0510,77.0,61.0,0.0,10.97,11.33,2.0,0.0
20150617:0610,203.0,95.0,0.0,20.4,12.93,1.86,0.0
20150617:0710,350.0,117.0,0.0,30.22,14.71,1.72,0.0
20150617:0810,490.0,134.0,0.0,40.09,16.52,1.72,0.0
20150617:0910,625.0,139.0,0.0,49.56,18.05,1.79,0.0
20150617:1010,703.01,154.0,0.0,57.85,19.45,1.86,0.0
20150617:1110,778.01,146.0,0.0,63.49,20.92,2.34,0.0
20150617:1210,701.01,196.0,0.0,64.47,22.09,2.69,0.0
20150617:1310,727.01,155.0,0.0,60.3,23.05,2.97,0.0
20150617:1410,646.0,150.0,0.0,52.75,23.57,3.38,0.0
20150617:1510,545.0,134.0,0.0,43.58,23.95,3.86,0.0
20150617:1610,366.0,142.0,0.0,33.79,24.03,4.14,0.0
20150617:1710,217.0,123.0,0.0,23.91,23.74,4.14,0.0
20150617:1810,105.0,80.0,0.0,14.3,22.9,4.0,0.0
20150617:1910,9.0,29.64,0.0,5.3,21.45,3.93,0.0
20150617:2010,0.0,0.0,0.0,0.0,19.89,3.86,0.0
20150617:2110,0.0,0.0,0.0,0.0,18.32,3.45,0.0
20150617:2210,0.0,0.0,0.0,0.0,17.12,3.38,0.0
20150617:2310,0.0,0.0,0.0,0.0,16.38,3.24,0.0
20150618:0010,0.0,0.0,0.0,0.0,16.15,3.1,0.0
20150618:0110,0.0,0.0,0.0,0.0,16.07,3.03,0.0
20150618:0210,0.0,0.0,0.0,0.0,16.12,3.1,0.0
20150618:0310,0.0,0.0,0.0,0.0,16.12,3.1,0.0
20150618:0410,0.0,10.0,0.0,2.25,16.16,3.17,0.0
20150618:0510,0.0,35.0,0.0,10.96,16.3,3.66,0.0
20150618:0610,3.0,113.0,0.0,20.38,16.46,3.38,0.0
20150618:0710,0.0,135.0,0.0,30.2,16.55,4.28,0.0
20150618:0810,0.0,172.0,0.0,40.07,17.08,3.86,0.0
20150618:0910,0.0,173.0,0.0,49.55,17.5,4.34,0.0
20150618:1010,0.0,157.0,0.0,57.85,17.66,3.86,0.0
20150618:1110,0.0,159.0,0.0,63.5,17.62,4.07,0.0
20150618:1210,0.0,106.0,0.0,64.5,17.71,4.14,0.0
20150618:1310,0.0,151.0,0.0,60.34,17.64,4.14,0.0
20150618:1410,0.0,225.0,0.0,52.8,17.77,4.14,0.0
20150618:1510,29.0,304.0,0.0,43.63,17.96,4.14,0.0
20150618:1610,77.0,258.0,0.0,33.84,18.07,3.86,0.0
20150618:1710,151.0,154.0,0.0,23.96,18.08,2.9,0.0
20150618:1810,101.0,81.0,0.0,14.35,17.9,2.9,0.0
20150618:1910,6.0,28.54,0.0,5.35,17.77,3.03,0.0
20150618:2010,0.0,0.0,0.0,0.0,17.04,3.1,0.0
20150618:2110,0.0,0.0,0.0,0.0,16.06,3.1,0.0
20150618:2210,0.0,0.0,0.0,0.0,14.97,2.9,0.0
20150618:2310,0.0,0.0,0.0,0.0,13.98,2.62,0.0
20150619:0010,0.0,0.0,0.0,0.0,13.15,2.41,0.0
20150619:0110,0.0,0.0,0.0,0.0,12.28,2.28,0.0
20150619:0210,0.0,0.0,0.0,0.0,11.55,2.14,0.0
20150619:0310,0.0,0.0,0.0,0.0,10.87,2.0,0.0
20150619:0410,0.0,10.0,0.0,2.24,10.22,1.86,0.0
20150619:0510,41.0,75.0,0.0,10.94,10.52,1.45,0.0
20150619:0610,108.0,140.0,0.0,20.36,12.8,1.72,0.0
20150619:0710,277.0,159.0,0.0,30.18,14.14,1.79,0.0
20150619:0810,416.0,179.0,0.0,40.05,15.92,2.0,0.0
20150619:0910,574.0,171.0,0.0,49.53,17.43,2.34,0.0
20150619:1010,570.0,238.0,0.0,57.84,18.68,2.76,0.0
20150619:1110,218.0,435.0,0.0,63.51,19.47,3.72,0.0
20150619:1210,433.0,354.0,0.0,64.52,20.31,4.21,0.0
20150619:1310,471.0,310.0,0.0,60.38,20.63,4.48,0.0
20150619:1410,576.0,196.0,0.0,52.84,21.02,4.55,0.0
20150619:1510,458.0,188.0,0.0,43.68,21.13,4.76,0.0
20150619:1610,365.0,146.0,0.0,33.89,20.81,4.69,0.0
20150619:1710,195.0,137.0,0.0,24.01,20.21,4.55,0.0
20150619:1810,59.0,100.0,0.0,14.4,19.4,4.34,0.0
20150619:1910,10.0,29.43,0.0,5.39,17.98,3.86,0.0
20150619:2010,0.0,0.0,0.0,0.0,16.54,3.17,0.0
20150619:2110,0.0,0.0,0.0,0.0,15.34,2.48,0.0
20150619:2210,0.0,0.0,0.0,0.0,14.35,2.21,0.0
20150619:2310,0.0,0.0,0.0,0.0,13.49,2.14,0.0
20150620:0010,0.0,0.0,0.0,0.0,12.71,2.07,0.0
20150620:0110,0.0,0.0,0.0,0.0,11.98,1.79,0.0
20150620:0210,0.0,0.0,0.0,0.0,11.34,1.72,0.0
20150620:0310,0.0,0.0,0.0,0.0,10.96,1.93,0.0
20150620:0410,0.0,3.0,0.0,2.22,10.69,2.14,0.0
20150620:0510,45.0,72.0,0.0,10.92,11.56,2.07,0.0
20150620:0610,174.0,107.0,0.0,20.34,13.18,2.48,0.0
20150620:0710,188.0,199.0,0.0,30.15,14.88,2.97,0.0
20150620:0810,9.0,248.0,0.0,40.03,16.89,3.31,0.0
20150620:0910,337.0,298.0,0.0,49.51,18.11,3.66,0.0
20150620:1010,465.0,291.0,0.0,57.83,18.91,4.0,0.0
20150620:1110,195.0,435.0,0.0,63.51,19.56,3.86,0.0
20150620:1210,152.0,446.0,0.0,64.54,19.91,3.59,0.0
20150620:1310,51.0,407.0,0.0,60.41,20.48,3.59,0.0
20150620:1410,108.0,388.0,0.0,52.88,20.5,3.52,0.0
20150620:1510,0.0,151.0,0.0,43.72,20.77,3.52,0.0
20150620:1610,0.0,145.0,0.0,33.93,20.6,3.31,0.0
20150620:1710,5.0,146.0,0.0,24.05,20.25,2.83,0.0
20150620:1810,9.0,93.0,0.0,14.44,19.91,2.55,0.0
20150620:1910,0.0,18.0,0.0,5.43,19.46,2.21,0.0
20150620:2010,0.0,0.0,0.0,0.0,18.44,1.79,0.0
20150620:2110,0.0,0.0,0.0,0.0,17.8,1.66,0.0
20150620:2210,0.0,0.0,0.0,0.0,17.39,1.38,0.0
20150620:2310,0.0,0.0,0.0,0.0,16.94,1.52,0.0
20150621:0010,0.0,0.0,0.0,0.0,16.28,1.79,0.0
20150621:0110,0.0,0.0,0.0,0.0,15.88,1.86,0.0
20150621:0210,0.0,0.0,0.0,0.0,15.49,2.07,0.0
20150621:0310,0.0,0.0,0.0,0.0,15.03,2.21,0.0
20150621:0410,0.0,3.0,0.0,2.2,14.34,2.28,0.0
20150621:0510,20.0,74.0,0.0,10.89,14.39,2.14,0.0
20150621:0610,85.0,147.0,0.0,20.3,15.39,2.9,0.0
20150621:0710,94.0,231.0,0.0,30.12,16.16,2.69,0.0
20150621:0810,11.0,257.0,0.0,40.0,17.08,2.83,0.0
20150621:0910,0.0,220.0,0.0,49.48,18.14,3.31,0.0
20150621:1010,47.0,395.0,0.0,57.8,18.41,3.86,0.0
20150621:1110,158.0,444.0,0.0,63.5,18.74,4.34,0.0
20150621:1210,176.0,447.0,0.0,64.55,19.02,4.69,0.0
20150621:1310,86.0,426.0,0.0,60.44,19.74,4.97,0.0
20150621:1410,135.0,391.0,0.0,52.91,20.55,4.69,0.0
20150621:1510,372.0,235.0,0.0,43.76,21.35,4.69,0.0
20150621:1610,202.0,230.0,0.0,33.97,21.43,4.62,0.0
20150621:1710,122.0,169.0,0.0,24.09,21.24,4.34,0.0
20150621:1810,41.0,104.0,0.0,14.48,20.67,3.66,0.0
20150621:1910,6.0,30.48,0.0,5.47,19.45,3.24,0.0
20150621:2010,0.0,0.0,0.0,0.0,18.09,2.83,0.0
20150621:2110,0.0,0.0,0.0,0.0,16.95,2.55,0.0
20150621:2210,0.0,0.0,0.0,0.0,15.92,2.48,0.0
20150621:2310,0.0,0.0,0.0,0.0,14.74,2.34,0.0
20150622:0010,0.0,0.0,0.0,0.0,13.59,2.07,0.0
20150622:0110,0.0,0.0,0.0,0.0,12.85,1.79,0.0
20150622:0210,0.0,0.0,0.0,0.0,12.21,1.66,0.0
20150622:0310,0.0,0.0,0.0,0.0,11.81,1.93,0.0
20150622:0410,0.0,4.0,0.0,2.16,11.85,2.07,0.0
20150622:0510,0.0,34.0,0.0,10.86,12.31,2.14,0.0
20150622:0610,0.0,89.0,0.0,20.27,12.9,2.62,0.0
20150622:0710,9.0,194.0,0.0,30.08,14.17,2.76,0.0
20150622:0810,61.0,303.0,0.0,39.96,14.82,2.97,0.0
20150622:0910,7.0,292.0,0.0,49.45,15.32,3.38,0.0
20150622:1010,0.0,239.0,0.0,57.78,16.01,3.72,0.0
20150622:1110,7.0,340.0,0.0,63.48,16.73,4.28,0.0
20150622:1210,10.0,360.0,0.0,64.55,17.44,4.55,0.0
20150622:1310,1.0,289.0,0.0,60.46,17.55,4.62,0.0
20150622:1410,1.0,257.0,0.0,52.94,17.64,4.9,0.0
20150622:1510,0.0,122.0,0.0,43.79,17.98,5.17,0.0
20150622:1610,0.0,77.0,0.0,34.0,18.46,6.55,0.0
20150622:1710,0.0,34.0,0.0,24.12,17.24,5.72,0.0
20150622:1810,0.0,21.0,0.0,14.51,15.81,6.48,0.0
20150622:1910,1.0,21.83,0.0,5.5,14.16,5.1,0.0
20150622:2010,0.0,0.0,0.0,0.0,13.49,4.41,0.0
20150622:2110,0.0,0.0,0.0,0.0,12.81,3.72,0.0
20150622:2210,0.0,0.0,0.0,0.0,12.18,3.24,0.0
20150622:2310,0.0,0.0,0.0,0.0,11.3,2.83,0.0
20150623:0010,0.0,0.0,0.0,0.0,10.79,2.9,0.0
20150623:0110,0.0,0.0,0.0,0.0,10.34,3.03,0.0
20150623:0210,0.0,0.0,0.0,0.0,9.95,3.03,0.0
20150623:0310,0.0,0.0,0.0,0.0,9.63,3.03,0.0
20150623:0410,0.0,10.0,0.0,2.13,9.39,2.83,0.0
20150623:0510,80.0,59.0,0.0,10.82,9.85,2.62,0.0
20150623:0610,204.0,95.0,0.0,20.23,11.41,2.48,0.0
20150623:0710,332.0,129.0,0.0,30.04,13.22,2.9,0.0
20150623:0810,351.0,218.0,0.0,39.92,14.75,4.21,0.0
20150623:0910,356.0,297.0,0.0,49.41,15.76,4.34,0.0
20150623:1010,230.0,405.0,0.0,57.74,16.77,4.76,0.0
20150623:1110,161.0,449.0,0.0,63.46,17.22,4.76,0.0
20150623:1210,67.0,441.0,0.0,64.55,17.91,4.62,0.0
20150623:1310,346.0,377.0,0.0,60.47,18.35,4.14,0.0
20150623:1410,69.0,387.0,0.0,52.97,19.0,3.72,0.0
20150623:1510,138.0,335.0,0.0,43.82,18.83,3.31,0.0
20150623:1610,255.0,211.0,0.0,34.03,19.01,3.31,0.0
20150623:1710,5.0,147.0,0.0,24.15,18.81,3.24,0.0
20150623:1810,39.0,105.0,0.0,14.54,18.44,3.03,0.0
20150623:1910,2.0,25.59,0.0,5.52,17.3,2.41,0.0
20150623:2010,0.0,0.0,0.0,0.0,16.3,2.07,0.0
20150623:2110,0.0,0.0,0.0,0.0,14.97,2.14,0.0
20150623:2210,0.0,0.0,0.0,0.0,13.76,2.14,0.0
20150623:2310,0.0,0.0,0.0,0.0,12.72,2.07,0.0
20150624:0010,0.0,0.0,0.0,0.0,11.67,1.93,0.0
20150624:0110,0.0,0.0,0.0,0.0,10.61,1.86,0.0
20150624:0210,0.0,0.0,0.0,0.0,9.7,1.79,0.0
20150624:0310,0.0,0.0,0.0,0.0,8.99,1.86,0.0
20150624:0410,0.0,9.0,0.0,2.09,8.47,1.93,0.0
20150624:0510,73.0,62.0,0.0,10.77,8.98,1.59,0.0
20150624:0610,200.0,96.0,0.0,20.18,12.36,1.52,0.0
20150624:0710,385.0,101.0,0.0,30.0,14.83,1.38,0.0
20150624:0810,493.0,135.0,0.0,39.87,16.8,1.45,0.0
20150624:0910,460.0,241.0,0.0,49.37,18.34,1.1,0.0
20150624:1010,392.0,338.0,0.0,57.7,19.48,0.9,0.0
20150624:1110,549.0,290.0,0.0,63.43,20.32,0.83,0.0
20150624:1210,744.01,178.0,0.0,64.54,21.21,0.83,0.0
20150624:1310,745.01,153.0,0.0,60.48,22.08,0.9,0.0
20150624:1410,644.0,159.0,0.0,52.98,22.68,1.03,0.0
20150624:1510,547.0,140.0,0.0,43.84,23.12,1.1,0.0
20150624:1610,333.0,169.0,0.0,34.06,23.08,1.17,0.0
20150624:1710,170.0,153.0,0.0,24.17,22.94,1.1,0.0
20150624:1810,114.0,80.0,0.0,14.56,22.68,0.97,0.0
20150624:1910,22.0,27.31,0.0,5.54,21.43,0.34,0.0
20150624:2010,0.0,0.0,0.0,0.0,20.72,0.62,0.0
20150624:2110,0.0,0.0,0.0,0.0,19.53,0.83,0.0
20150624:2210,0.0,0.0,0.0,0.0,16.79,1.38,0.0
20150624:2310,0.0,0.0,0.0,0.0,15.18,1.79,0.0
20150625:0010,0.0,0.0,0.0,0.0,14.77,1.66,0.0
20150625:0110,0.0,0.0,0.0,0.0,14.6,1.45,0.0
20150625:0210,0.0,0.0,0.0,0.0,14.11,1.31,0.0
20150625:0310,0.0,0.0,0.0,0.0,13.15,1.45,0.0
20150625:0410,0.0,3.0,0.0,2.04,12.18,1.59,0.0
20150625:0510,44.0,71.0,0.0,10.73,12.62,1.24,0.0
20150625:0610,150.0,119.0,0.0,20.13,15.32,0.83,0.0
20150625:0710,265.0,160.0,0.0,29.95,18.21,0.55,0.0
20150625:0810,439.0,160.0,0.0,39.82,20.56,0.62,0.0
20150625:0910,554.0,177.0,0.0,49.32,22.39,0.69,0.0
20150625:1010,420.0,316.0,0.0,57.66,23.79,0.97,0.0
20150625:1110,618.01,241.0,0.0,63.4,24.67,1.1,0.0
20150625:1210,578.0,271.0,0.0,64.53,25.39,1.1,0.0
20150625:1310,706.01,167.0,0.0,60.48,25.92,1.17,0.0
20150625:1410,531.0,221.0,0.0,53.0,26.36,1.24,0.0
20150625:1510,437.0,199.0,0.0,43.86,26.59,1.24,0.0
20150625:1610,299.0,183.0,0.0,34.08,26.62,1.17,0.0
20150625:1710,164.0,153.0,0.0,24.19,26.42,1.17,0.0
20150625:1810,47.0,104.0,0.0,14.58,26.05,1.1,0.0
20150625:1910,3.0,29.3,0.0,5.55,24.91,1.17,0.0
20150625:2010,0.0,0.0,0.0,0.0,22.72,1.86,0.0
20150625:2110,0.0,0.0,0.0,0.0,20.67,2.14,0.0
20150625:2210,0.0,0.0,0.0,0.0,19.21,2.21,0.0
20150625:2310,0.0,0.0,0.0,0.0,18.22,2.41,0.0
20150626:0010,0.0,0.0,0.0,0.0,17.53,2.55,0.0
20150626:0110,0.0,0.0,0.0,0.0,17.09,2.62,0.0
20150626:0210,0.0,0.0,0.0,0.0,16.69,2.62,0.0
20150626:0310,0.0,0.0,0.0,0.0,16.29,2.62,0.0
20150626:0410,0.0,8.0,0.0,1.99,15.91,2.55,0.0
20150626:0510,36.0,72.0,0.0,10.67,16.18,2.34,0.0
20150626:0610,171.0,106.0,0.0,20.08,18.09,2.14,0.0
20150626:0710,251.0,166.0,0.0,29.89,21.32,1.93,0.0
20150626:0810,220.0,272.0,0.0,39.77,23.83,2.28,0.0
20150626:0910,258.0,331.0,0.0,49.27,25.53,2.76,0.0
20150626:1010,306.0,368.0,0.0,57.61,26.51,3.31,0.0
20150626:1110,637.01,226.0,0.0,63.36,27.36,3.72,0.0
20150626:1210,369.0,378.0,0.0,64.5,28.05,3.79,0.0
20150626:1310,712.01,161.0,0.0,60.48,28.87,3.79,0.0
20150626:1410,634.0,155.0,0.0,53.0,29.54,3.79,0.0
20150626:1510,368.0,235.0,0.0,43.87,29.89,3.86,0.0
20150626:1610,414.0,117.0,0.0,34.09,29.81,3.66,0.0
20150626:1710,275.0,95.0,0.0,24.2,29.65,3.52,0.0
20150626:1810,19.0,101.0,0.0,14.59,28.77,2.62,0.0
20150626:1910,0.0,6.0,0.0,5.56,27.19,2.34,0.0
20150626:2010,0.0,0.0,0.0,0.0,25.46,2.62,0.0
20150626:2110,0.0,0.0,0.0,0.0,24.01,2.9,0.0
20150626:2210,0.0,0.0,0.0,0.0,22.73,3.38,0.0
20150626:2310,0.0,0.0,0.0,0.0,20.79,3.86,0.0
20150627:0010,0.0,0.0,0.0,0.0,18.97,3.79,0.0
20150627:0110,0.0,0.0,0.0,0.0,17.9,3.31,0.0
20150627:0210,0.0,0.0,0.0,0.0,16.97,3.1,0.0
20150627:0310,0.0,0.0,0.0,0.0,16.35,3.1,0.0
20150627:0410,0.0,7.0,0.0,1.93,16.33,3.45,0.0
20150627:0510,0.0,34.0,0.0,10.61,16.76,4.41,0.0
20150627:0610,0.0,89.0,0.0,20.02,17.36,4.14,0.0
20150627:0710,20.0,212.0,0.0,29.83,17.8,3.72,0.0
20150627:0810,168.0,294.0,0.0,39.71,18.26,3.66,0.0
20150627:0910,365.0,287.0,0.0,49.21,19.07,3.72,0.0
20150627:1010,634.0,196.0,0.0,57.55,19.5,3.52,0.0
20150627:1110,725.01,177.0,0.0,63.31,20.79,3.66,0.0
20150627:1210,748.01,170.0,0.0,64.47,21.85,3.79,0.0
20150627:1310,686.01,184.0,0.0,60.46,22.69,3.79,0.0
20150627:1410,611.0,175.0,0.0,53.0,23.18,3.66,0.0
20150627:1510,532.0,145.0,0.0,43.88,23.44,3.52,0.0
20150627:1610,367.0,147.0,0.0,34.1,23.37,3.38,0.0
20150627:1710,225.0,123.0,0.0,24.21,23.03,3.17,0.0
20150627:1810,111.0,81.0,0.0,14.59,22.43,2.97,0.0
20150627:1910,11.0,31.08,0.0,5.56,21.59,2.55,0.0
20150627:2010,0.0,0.0,0.0,0.0,20.07,2.62,0.0
20150627:2110,0.0,0.0,0.0,0.0,18.83,2.55,0.0
20150627:2210,0.0,0.0,0.0,0.0,17.9,2.41,0.0
20150627:2310,0.0,0.0,0.0,0.0,17.0,2.28,0.0
20150628:0010,0.0,0.0,0.0,0.0,16.18,2.14,0.0
20150628:0110,0.0,0.0,0.0,0.0,15.32,2.07,0.0
20150628:0210,0.0,0.0,0.0,0.0,14.44,1.93,0.0
20150628:0310,0.0,0.0,0.0,0.0,13.5,1.66,0.0
20150628:0410,0.0,7.0,0.0,1.87,12.84,1.45,0.0
20150628:0510,70.0,60.0,0.0,10.55,13.01,1.38,0.0
20150628:0610,192.0,95.0,0.0,19.96,15.98,1.45,0.0
20150628:0710,311.0,133.0,0.0,29.77,18.07,1.79,0.0
20150628:0810,470.0,139.0,0.0,39.65,20.37,2.14,0.0
20150628:0910,594.0,151.0,0.0,49.15,22.43,2.48,0.0
20150628:1010,652.0,181.0,0.0,57.49,24.09,2.69,0.0
20150628:1110,690.01,195.0,0.0,63.26,25.32,2.55,0.0
20150628:1210,686.01,204.0,0.0,64.43,26.25,2.21,0.0
20150628:1310,717.01,160.0,0.0,60.45,27.02,2.14,0.0
20150628:1410,570.0,197.0,0.0,53.0,27.59,2.14,0.0
20150628:1510,313.0,266.0,0.0,43.88,27.93,2.14,0.0
20150628:1610,407.0,123.0,0.0,34.1,28.04,2.14,0.0
20150628:1710,235.0,116.0,0.0,24.22,27.97,2.21,0.0
20150628:1810,24.0,103.0,0.0,14.59,27.56,1.72,0.0
20150628:1910,10.0,30.42,0.0,5.55,26.38,1.38,0.0
20150628:2010,0.0,0.0,0.0,0.0,24.16,2.14,0.0
20150628:2110,0.0,0.0,0.0,0.0,21.96,4.21,0.0
20150628:2210,0.0,0.0,0.0,0.0,19.7,4.69,0.0
20150628:2310,0.0,0.0,0.0,0.0,18.29,3.93,0.0
20150629:0010,0.0,0.0,0.0,0.0,17.4,3.38,0.0
20150629:0110,0.0,0.0,0.0,0.0,16.64,3.1,0.0
20150629:0210,0.0,0.0,0.0,0.0,15.91,2.97,0.0
20150629:0310,0.0,0.0,0.0,0.0,15.27,2.83,0.0
20150629:0410,0.0,8.0,0.0,1.8,14.77,2.62,0.0
20150629:0510,67.0,60.0,0.0,10.48,14.99,2.34,0.0
20150629:0610,144.0,119.0,0.0,19.89,16.06,2.83,0.0
20150629:0710,204.0,189.0,0.0,29.7,17.49,2.28,0.0
20150629:0810,367.0,200.0,0.0,39.58,19.28,2.0,0.0
20150629:0910,446.0,239.0,0.0,49.08,21.07,1.52,0.0
20150629:1010,614.0,204.0,0.0,57.43,22.71,1.17,0.0
20150629:1110,677.01,203.0,0.0,63.2,24.19,1.38,0.0
20150629:1210,686.01,204.0,0.0,64.39,25.39,1.86,0.0
20150629:1310,692.01,176.0,0.0,60.42,26.22,2.07,0.0
20150629:1410,605.0,176.0,0.0,52.99,26.76,1.86,0.0
20150629:1510,518.0,150.0,0.0,43.88,27.05,1.45,0.0
20150629:1610,276.0,196.0,0.0,34.1,27.17,1.45,0.0
20150629:1710,183.0,144.0,0.0,24.21,27.01,1.72,0.0
20150629:1810,90.0,90.0,0.0,14.59,26.51,1.93,0.0
20150629:1910,4.0,30.03,0.0,5.54,25.49,1.79,0.0
20150629:2010,0.0,0.0,0.0,0.0,23.65,2.34,0.0
20150629:2110,0.0,0.0,0.0,0.0,22.04,2.62,0.0
20150629:2210,0.0,0.0,0.0,0.0,20.9,2.76,0.0
20150629:2310,0.0,0.0,0.0,0.0,20.01,2.83,0.0
20150630:0010,0.0,0.0,0.0,0.0,19.24,2.83,0.0
20150630:0110,0.0,0.0,0.0,0.0,18.52,2.69,0.0
20150630:0210,0.0,0.0,0.0,0.0,17.86,2.55,0.0
20150630:0310,0.0,0.0,0.0,0.0,17.22,2.34,0.0
20150630:0410,0.0,6.0,0.0,1.73,16.63,2.28,0.0
20150630:0510,71.0,59.0,0.0,10.41,16.74,2.14,0.0
20150630:0610,186.0,97.0,0.0,19.82,18.47,2.21,0.0
20150630:0710,300.0,138.0,0.0,29.63,20.75,2.48,0.0
20150630:0810,454.0,149.0,0.0,39.51,23.22,2.55,0.0
20150630:0910,574.0,164.0,0.0,49.01,25.47,3.17,0.0
20150630:1010,653.0,181.0,0.0,57.36,27.17,3.52,0.0
20150630:1110,733.01,169.0,0.0,63.13,28.52,3.45,0.0
20150630:1210,729.01,179.0,0.0,64.34,29.62,3.31,0.0
20150630:1310,708.01,167.0,0.0,60.39,30.52,3.24,0.0
20150630:1410,607.0,176.0,0.0,52.97,31.16,3.24,0.0
20150630:1510,529.0,145.0,0.0,43.87,31.55,3.17,0.0
20150630:1610,372.0,142.0,0.0,34.09,31.66,3.17,0.0
20150630:1710,232.0,118.0,0.0,24.21,31.48,3.24,0.0
20150630:1810,120.0,76.0,0.0,14.58,30.83,2.9,0.0
20150630:1910,12.0,29.89,0.0,5.53,29.2,2.76,0.0
20150630:2010,0.0,0.0,0.0,0.0,27.19,3.1,0.0
20150630:2110,0.0,0.0,0.0,0.0,25.83,3.24,0.0
20150630:2210,0.0,0.0,0.0,0.0,24.81,3.31,0.0
20150630:2310,0.0,0.0,0.0,0.0,23.96,3.38,0.0
20150701:0010,0.0,0.0,0.0,0.0,23.27,3.38,0.0
20150701:0110,0.0,0.0,0.0,0.0,22.62,3.31,0.0
20150701:0210,0.0,0.0,0.0,0.0,21.92,3.1,0.0
20150701:0310,0.0,0.0,0.0,0.0,21.27,2.97,0.0
20150701:0410,0.0,2.0,0.0,1.65,20.73,3.03,0.0
20150701:0510,71.0,57.0,0.0,10.34,20.92,3.03,0.0
20150701:0610,202.0,87.0,0.0,19.74,22.52,2.69,0.0
20150701:0710,340.0,112.0,0.0,29.56,25.21,2.83,0.0
20150701:0810,493.0,123.0,0.0,39.43,27.74,2.97,0.0
20150701:0910,616.0,134.0,0.0,48.93,30.2,3.1,0.0
20150701:1010,753.01,119.0,0.0,57.28,32.38,3.31,0.0
20150701:1110,803.01,125.0,0.0,63.06,34.11,3.52,0.0
20150701:1210,804.01,130.0,0.0,64.28,35.25,3.93,0.0
20150701:1310,787.01,118.0,0.0,60.35,36.02,4.07,0.0
20150701:1410,692.0,123.0,0.0,52.95,36.37,4.0,0.0
20150701:1510,540.0,135.0,0.0,43.85,36.63,3.93,0.0
20150701:1610,391.0,127.0,0.0,34.08,36.61,3.72,0.0
20150701:1710,231.0,116.0,0.0,24.19,36.37,3.24,0.0
20150701:1810,76.0,94.0,0.0,14.56,34.88,4.0,0.0
20150701:1910,7.0,31.18,0.0,5.51,32.18,1.86,0.0
20150701:2010,0.0,0.0,0.0,0.0,30.18,1.72,0.0
20150701:2110,0.0,0.0,0.0,0.0,28.4,2.55,0.0
20150701:2210,0.0,0.0,0.0,0.0,27.02,2.9,0.0
20150701:2310,0.0,0.0,0.0,0.0,25.97,2.83,0.0
20150702:0010,0.0,0.0,0.0,0.0,24.94,2.48,0.0
20150702:0110,0.0,0.0,0.0,0.0,23.92,2.34,0.0
20150702:0210,0.0,0.0,0.0,0.0,22.89,2.55,0.0
20150702:0310,0.0,0.0,0.0,0.0,22.05,2.83,0.0
20150702:0410,0.0,1.0,0.0,1.57,21.37,3.03,0.0
20150702:0510,14.0,68.0,0.0,10.25,21.1,3.17,0.0
20150702:0610,0.0,76.0,0.0,19.66,21.89,3.59,0.0
20150702:0710,29.0,212.0,0.0,29.48,22.52,3.31,0.0
20150702:0810,468.0,131.0,0.0,39.35,23.94,3.31,0.0
20150702:0910,210.0,341.0,0.0,48.85,25.76,2.97,0.0
20150702:1010,710.01,136.0,0.0,57.2,27.48,2.9,0.0
20150702:1110,768.01,137.0,0.0,62.98,28.81,2.83,0.0
20150702:1210,811.01,120.0,0.0,64.22,30.09,2.41,0.0
20150702:1310,752.01,131.0,0.0,60.31,30.89,0.97,0.0
20150702:1410,616.0,157.0,0.0,52.92,30.88,1.31,0.0
20150702:1510,41.0,312.0,0.0,43.83,29.65,2.69,0.0
20150702:1610,110.0,255.0,0.0,34.06,27.27,2.41,0.0
20150702:1710,108.0,171.0,0.0,24.18,27.89,1.66,0.0
20150702:1810,7.0,89.0,0.0,14.54,27.94,0.62,0.0
20150702:1910,7.0,30.22,0.0,5.48,27.79,2.62,0.0
20150702:2010,0.0,0.0,0.0,0.0,26.28,2.97,0.0
20150702:2110,0.0,0.0,0.0,0.0,25.33,2.9,0.0
20150702:2210,0.0,0.0,0.0,0.0,24.23,2.97,0.0
20150702:2310,0.0,0.0,0.0,0.0,23.01,3.52,0.0
20150703:0010,0.0,0.0,0.0,0.0,21.61,3.86,0.0
20150703:0110,0.0,0.0,0.0,0.0,20.35,3.52,0.0
20150703:0210,0.0,0.0,0.0,0.0,19.41,3.31,0.0
20150703:0310,0.0,0.0,0.0,0.0,18.78,3.1,0.0
20150703:0410,0.0,3.0,0.0,1.49,18.39,2.83,0.0
20150703:0510,55.0,61.0,0.0,10.17,18.42,2.34,0.0
20150703:0610,155.0,107.0,0.0,19.58,19.55,2.69,0.0
20150703:0710,139.0,208.0,0.0,29.39,20.69,3.31,0.0
20150703:0810,278.0,237.0,0.0,39.27,22.7,3.31,0.0
20150703:0910,560.0,160.0,0.0,48.76,24.79,3.45,0.0
20150703:1010,614.0,192.0,0.0,57.11,26.83,3.17,0.0
20150703:1110,791.01,126.0,0.0,62.89,28.91,2.97,0.0
20150703:1210,771.01,143.0,0.0,64.15,30.82,3.17,0.0
20150703:1310,715.01,152.0,0.0,60.26,32.38,3.52,0.0
20150703:1410,542.0,205.0,0.0,52.89,33.52,4.07,0.0
20150703:1510,261.0,284.0,0.0,43.81,34.19,4.28,0.0
20150703:1610,394.0,123.0,0.0,34.04,34.44,4.48,0.0
20150703:1710,197.0,132.0,0.0,24.15,34.4,4.41,0.0
20150703:1810,70.0,95.0,0.0,14.51,33.87,3.79,0.0
20150703:1910,3.0,28.31,0.0,5.45,32.81,4.34,0.0
20150703:2010,0.0,0.0,0.0,0.0,31.08,3.59,0.0
20150703:2110,0.0,0.0,0.0,0.0,29.64,3.31,0.0
20150703:2210,0.0,0.0,0.0,0.0,28.58,3.03,0.0
20150703:2310,0.0,0.0,0.0,0.0,27.51,2.97,0.0
20150704:0010,0.0,0.0,0.0,0.0,26.74,3.1,0.0
20150704:0110,0.0,0.0,0.0,0.0,25.95,2.83,0.0
20150704:0210,0.0,0.0,0.0,0.0,24.74,2.48,0.0
20150704:0310,0.0,0.0,0.0,0.0,23.52,2.41,0.0
20150704:0410,0.0,4.0,0.0,1.39,22.8,2.76,0.0
20150704:0510,56.0,59.0,0.0,10.08,23.2,2.28,0.0
20150704:0610,153.0,106.0,0.0,19.49,24.37,2.14,0.0
20150704:0710,40.0,217.0,0.0,29.3,25.6,1.86,0.0
20150704:0810,494.0,115.0,0.0,39.18,27.03,2.14,0.0
20150704:0910,563.0,154.0,0.0,48.67,28.15,2.97,0.0
20150704:1010,0.0,93.0,0.0,57.02,29.09,3.17,0.0
20150704:1110,30.0,392.0,0.0,62.8,30.02,2.55,0.0
20150704:1210,0.0,181.0,0.0,64.07,30.88,1.93,0.0
20150704:1310,0.0,205.0,0.0,60.2,31.51,1.31,0.0
20150704:1410,0.0,131.0,0.0,52.85,31.86,1.31,0.0
20150704:1510,123.0,324.0,0.0,43.78,32.16,1.93,0.0
20150704:1610,267.0,192.0,0.0,34.01,32.02,2.34,0.0
20150704:1710,212.0,122.0,0.0,24.12,31.55,2.69,0.0
20150704:1810,49.0,100.0,0.0,14.48,30.9,2.9,0.0
20150704:1910,6.0,29.51,0.0,5.41,29.61,1.45,0.0
20150704:2010,0.0,0.0,0.0,0.0,28.0,1.59,0.0
20150704:2110,0.0,0.0,0.0,0.0,26.54,2.62,0.0
20150704:2210,0.0,0.0,0.0,0.0,25.2,3.52,0.0
20150704:2310,0.0,0.0,0.0,0.0,23.83,3.86,0.0
20150705:0010,0.0,0.0,0.0,0.0,22.7,3.86,0.0
20150705:0110,0.0,0.0,0.0,0.0,21.74,3.59,0.0
20150705:0210,0.0,0.0,0.0,0.0,20.96,3.59,0.0
20150705:0310,0.0,0.0,0.0,0.0,20.38,3.45,0.0
20150705:0410,0.0,0.0,0.0,0.0,20.02,3.1,0.0
20150705:0510,0.0,17.0,0.0,9.98,20.03,2.62,0.0
20150705:0610,0.0,24.0,0.0,19.4,21.02,2.9,0.0
20150705:0710,64.0,220.0,0.0,29.21,21.71,1.24,0.0
20150705:0810,245.0,250.0,0.0,39.09,22.52,1.1,0.0
20150705:0910,84.0,357.0,0.0,48.58,23.69,2.07,0.0
20150705:1010,697.01,140.0,0.0,56.92,24.18,1.31,0.0
20150705:1110,106.0,432.0,0.0,62.7,23.17,2.34,0.0
20150705:1210,1.0,281.0,0.0,63.98,23.55,3.03,0.0
20150705:1310,24.0,373.0,0.0,60.14,23.99,4.07,0.0
20150705:1410,175.0,376.0,0.0,52.8,23.72,4.9,0.0
20150705:1510,69.0,324.0,0.0,43.74,23.62,4.41,0.0
20150705:1610,396.0,121.0,0.0,33.98,24.1,4.34,0.0
20150705:1710,253.0,101.0,0.0,24.09,23.92,4.41,0.0
20150705:1810,11.0,94.0,0.0,14.44,23.28,3.79,0.0
20150705:1910,2.0,27.55,0.0,5.36,22.35,2.28,0.0
20150705:2010,0.0,0.0,0.0,0.0,21.24,2.21,0.0
20150705:2110,0.0,0.0,0.0,0.0,20.01,2.21,0.0
20150705:2210,0.0,0.0,0.0,0.0,18.99,2.14,0.0
20150705:2310,0.0,0.0,0.0,0.0,18.2,2.07,0.0
20150706:0010,0.0,0.0,0.0,0.0,17.64,2.07,0.0
20150706:0110,0.0,0.0,0.0,0.0,17.01,2.0,0.0
20150706:0210,0.0,0.0,0.0,0.0,16.61,1.86,0.0
20150706:0310,0.0,0.0,0.0,0.0,15.94,1.86,0.0
20150706:0410,0.0,0.0,0.0,0.0,15.42,1.79,0.0
20150706:0510,69.0,54.0,0.0,9.89,15.47,1.72,0.0
20150706:0610,199.0,86.0,0.0,19.3,17.36,1.93,0.0
20150706:0710,336.0,113.0,0.0,29.12,19.19,2.62,0.0
20150706:0810,476.0,131.0,0.0,38.99,20.83,2.76,0.0
20150706:0910,629.0,129.0,0.0,48.48,22.34,2.9,0.0
20150706:1010,721.01,137.0,0.0,56.82,23.92,3.03,0.0
20150706:1110,790.01,134.0,0.0,62.6,25.27,3.17,0.0
20150706:1210,791.01,141.0,0.0,63.89,25.96,3.03,0.0
20150706:1310,786.01,122.0,0.0,60.07,26.9,2.9,0.0
20150706:1410,720.01,111.0,0.0,52.75,27.49,2.69,0.0
20150706:1510,556.0,129.0,0.0,43.7,27.85,2.48,0.0
20150706:1610,419.0,116.0,0.0,33.94,27.92,2.28,0.0
20150706:1710,274.0,96.0,0.0,24.05,27.77,1.86,0.0
20150706:1810,95.0,87.0,0.0,14.4,27.36,1.17,0.0
20150706:1910,8.0,28.97,0.0,5.31,27.17,0.55,0.0
20150706:2010,0.0,0.0,0.0,0.0,24.79,1.17,0.0
20150706:2110,0.0,0.0,0.0,0.0,22.68,1.52,0.0
20150706:2210,0.0,0.0,0.0,0.0,21.82,1.38,0.0
20150706:2310,0.0,0.0,0.0,0.0,22.07,1.1,0.0
20150707:0010,0.0,0.0,0.0,0.0,21.91,0.76,0.0
20150707:0110,0.0,0.0,0.0,0.0,21.64,0.48,0.0
20150707:0210,0.0,0.0,0.0,0.0,21.4,0.48,0.0
20150707:0310,0.0,0.0,0.0,0.0,21.02,0.34,0.0
20150707:0410,0.0,0.0,0.0,0.0,20.57,0.55,0.0
20150707:0510,45.0,61.0,0.0,9.78,18.41,1.45,0.0
20150707:0610,175.0,93.0,0.0,19.2,21.13,1.72,0.0
20150707:0710,104.0,215.0,0.0,29.02,23.25,2.28,0.0
20150707:0810,331.0,205.0,0.0,38.89,24.88,3.17,0.0
20150707:0910,613.0,128.0,0.0,48.38,25.99,3.66,0.0
20150707:1010,12.0,334.0,0.0,56.71,26.46,3.79,0.0
20150707:1110,106.0,432.0,0.0,62.49,27.1,4.76,0.0
20150707:1210,6.0,333.0,0.0,63.79,27.45,5.38,0.0
20150707:1310,0.0,117.0,0.0,59.99,27.68,5.52,0.0
20150707:1410,259.0,349.0,0.0,52.69,27.5,5.86,0.0
20150707:1510,81.0,326.0,0.0,43.65,27.39,6.48,0.0
20150707:1610,100.0,255.0,0.0,33.9,26.09,6.83,0.0
20150707:1710,5.0,142.0,0.0,24.0,23.99,6.34,0.0
20150707:1810,4.0,83.0,0.0,14.35,22.11,5.03,0.0
20150707:1910,0.0,12.0,0.0,5.26,20.98,5.31,0.0
20150707:2010,0.0,0.0,0.0,0.0,19.74,5.1,0.0
20150707:2110,0.0,0.0,0.0,0.0,18.61,4.83,0.0
20150707:2210,0.0,0.0,0.0,0.0,17.61,4.14,0.0
20150707:2310,0.0,0.0,0.0,0.0,17.0,3.72,0.0
20150708:0010,0.0,0.0,0.0,0.0,16.66,3.59,0.0
20150708:0110,0.0,0.0,0.0,0.0,16.3,3.72,0.0
20150708:0210,0.0,0.0,0.0,0.0,15.51,3.72,0.0
20150708:0310,0.0,0.0,0.0,0.0,14.98,3.72,0.0
20150708:0410,0.0,0.0,0.0,0.0,14.7,3.79,0.0
20150708:0510,48.0,61.0,0.0,9.68,14.88,4.0,0.0
20150708:0610,44.0,143.0,0.0,19.1,15.51,5.1,0.0
20150708:0710,207.0,181.0,0.0,28.92,15.62,6.0,0.0
20150708:0810,461.0,138.0,0.0,38.79,16.89,6.41,0.0
20150708:0910,370.0,276.0,0.0,48.27,18.25,6.48,0.0
20150708:1010,430.0,307.0,0.0,56.6,18.82,6.41,0.0
20150708:1110,8.0,348.0,0.0,62.38,19.07,6.28,0.0
20150708:1210,36.0,411.0,0.0,63.69,19.53,6.55,0.0
20150708:1310,10.0,345.0,0.0,59.91,19.84,6.41,0.0
20150708:1410,2.0,274.0,0.0,52.63,20.28,6.28,0.0
20150708:1510,11.0,275.0,0.0,43.59,20.18,6.14,0.0
20150708:1610,6.0,205.0,0.0,33.85,20.13,6.0,0.0
20150708:1710,0.0,118.0,0.0,23.95,19.84,5.72,0.0
20150708:1810,26.0,103.0,0.0,14.29,19.46,5.24,0.0
20150708:1910,1.0,25.78,0.0,5.2,18.5,4.62,0.0
20150708:2010,0.0,0.0,0.0,0.0,17.98,4.21,0.0
20150708:2110,0.0,0.0,0.0,0.0,17.31,3.93,0.0
20150708:2210,0.0,0.0,0.0,0.0,16.63,3.72,0.0
20150708:2310,0.0,0.0,0.0,0.0,15.92,3.66,0.0
20150709:0010,0.0,0.0,0.0,0.0,15.35,3.59,0.0
20150709:0110,0.0,0.0,0.0,0.0,14.63,3.38,0.0
20150709:0210,0.0,0.0,0.0,0.0,14.08,3.24,0.0
20150709:0310,0.0,0.0,0.0,0.0,13.73,3.1,0.0
20150709:0410,0.0,0.0,0.0,0.0,13.29,2.9,0.0
20150709:0510,62.0,54.0,0.0,9.57,13.44,2.55,0.0
20150709:0610,179.0,94.0,0.0,18.99,14.28,3.17,0.0
20150709:0710,283.0,142.0,0.0,28.81,15.56,3.79,0.0
20150709:0810,384.0,186.0,0.0,38.68,16.67,3.52,0.0
20150709:0910,282.0,320.0,0.0,48.16,17.7,3.38,0.0
20150709:1010,152.0,413.0,0.0,56.48,18.24,3.38,0.0
20150709:1110,346.0,385.0,0.0,62.26,18.98,3.45,0.0
20150709:1210,286.0,416.0,0.0,63.58,19.72,3.31,0.0
20150709:1310,607.0,231.0,0.0,59.82,20.41,3.31,0.0
20150709:1410,653.0,149.0,0.0,52.55,21.14,3.38,0.0
20150709:1510,530.0,145.0,0.0,43.53,21.52,3.52,0.0
20150709:1610,395.0,129.0,0.0,33.79,21.47,3.45,0.0
20150709:1710,256.0,104.0,0.0,23.9,21.22,3.31,0.0
20150709:1810,80.0,93.0,0.0,14.23,20.63,3.17,0.0
20150709:1910,3.0,28.26,0.0,5.13,19.9,2.41,0.0
20150709:2010,0.0,0.0,0.0,0.0,18.26,2.48,0.0
20150709:2110,0.0,0.0,0.0,0.0,16.92,2.55,0.0
20150709:2210,0.0,0.0,0.0,0.0,15.86,2.55,0.0
20150709:2310,0.0,0.0,0.0,0.0,14.97,2.48,0.0
20150710:0010,0.0,0.0,0.0,0.0,14.18,2.41,0.0
20150710:0110,0.0,0.0,0.0,0.0,13.47,2.34,0.0
20150710:0210,0.0,0.0,0.0,0.0,12.87,2.41,0.0
20150710:0310,0.0,0.0,0.0,0.0,12.41,2.41,0.0
20150710:0410,0.0,0.0,0.0,0.0,11.98,2.41,0.0
20150710:0510,73.0,50.0,0.0,9.45,12.16,2.28,0.0
20150710:0610,199.0,84.0,0.0,18.88,13.94,2.41,0.0
20150710:0710,343.0,109.0,0.0,28.7,16.02,2.69,0.0
20150710:0810,481.0,129.0,0.0,38.57,18.36,2.83,0.0
20150710:0910,619.0,136.0,0.0,48.05,20.45,3.45,0.0
20150710:1010,729.01,136.0,0.0,56.36,22.02,3.66,0.0
20150710:1110,758.01,155.0,0.0,62.13,23.4,3.72,0.0
20150710:1210,757.01,164.0,0.0,63.46,24.66,3.66,0.0
20150710:1310,745.01,148.0,0.0,59.72,25.64,3.52,0.0
20150710:1410,684.0,134.0,0.0,52.48,26.42,3.59,0.0
20150710:1510,542.0,139.0,0.0,43.47,26.85,3.72,0.0
20150710:1610,415.0,120.0,0.0,33.73,26.92,3.79,0.0
20150710:1710,265.0,100.0,0.0,23.83,26.62,3.79,0.0
20150710:1810,95.0,86.0,0.0,14.17,25.92,3.24,0.0
20150710:1910,9.0,28.6,0.0,5.05,24.73,2.55,0.0
20150710:2010,0.0,0.0,0.0,0.0,22.72,2.76,0.0
20150710:2110,0.0,0.0,0.0,0.0,21.2,2.83,0.0
20150710:2210,0.0,0.0,0.0,0.0,20.12,2.62,0.0
20150710:2310,0.0,0.0,0.0,0.0,18.99,2.21,0.0
20150711:0010,0.0,0.0,0.0,0.0,17.6,2.07,0.0
20150711:0110,0.0,0.0,0.0,0.0,16.27,2.07,0.0
20150711:0210,0.0,0.0,0.0,0.0,16.49,1.24,0.0
20150711:0310,0.0,0.0,0.0,0.0,17.44,0.9,0.0
20150711:0410,0.0,0.0,0.0,0.0,13.67,2.0,0.0
20150711:0510,59.0,54.0,0.0,9.33,14.37,2.34,0.0
20150711:0610,107.0,126.0,0.0,18.76,17.56,2.55,0.0
20150711:0710,247.0,159.0,0.0,28.59,20.02,3.31,0.0
20150711:0810,441.0,148.0,0.0,38.46,21.88,4.21,0.0
20150711:0910,610.0,136.0,0.0,47.93,23.4,4.55,0.0
20150711:1010,719.01,137.0,0.0,56.23,24.73,4.62,0.0
20150711:1110,769.01,145.0,0.0,62.0,25.74,4.62,0.0
20150711:1210,733.01,173.0,0.0,63.33,26.44,4.69,0.0
20150711:1310,725.01,155.0,0.0,59.62,26.88,4.69,0.0
20150711:1410,625.0,163.0,0.0,52.39,27.12,4.55,0.0
20150711:1510,486.0,169.0,0.0,43.4,27.15,4.41,0.0
20150711:1610,397.0,125.0,0.0,33.66,26.84,4.34,0.0
20150711:1710,259.0,101.0,0.0,23.77,26.21,4.28,0.0
20150711:1810,94.0,85.0,0.0,14.1,25.15,4.07,0.0
20150711:1910,8.0,27.91,0.0,4.98,23.24,3.52,0.0
20150711:2010,0.0,0.0,0.0,0.0,21.6,2.97,0.0
20150711:2110,0.0,0.0,0.0,0.0,20.17,2.76,0.0
20150711:2210,0.0,0.0,0.0,0.0,18.91,2.69,0.0
20150711:2310,0.0,0.0,0.0,0.0,17.8,2.48,0.0
20150712:0010,0.0,0.0,0.0,0.0,16.82,1.93,0.0
20150712:0110,0.0,0.0,0.0,0.0,15.61,1.24,0.0
20150712:0210,0.0,0.0,0.0,0.0,15.7,0.83,0.0
20150712:0310,0.0,0.0,0.0,0.0,15.66,0.69,0.0
20150712:0410,0.0,0.0,0.0,0.0,13.88,1.1,0.0
20150712:0510,22.0,62.0,0.0,9.21,13.85,0.97,0.0
20150712:0610,102.0,124.0,0.0,18.65,15.96,0.97,0.0
20150712:0710,146.0,200.0,0.0,28.47,17.31,1.03,0.0
20150712:0810,164.0,279.0,0.0,38.34,18.76,1.1,0.0
20150712:0910,278.0,311.0,0.0,47.8,20.23,1.66,0.0
20150712:1010,581.0,210.0,0.0,56.1,21.82,2.34,0.0
20150712:1110,83.0,429.0,0.0,61.86,23.57,3.93,0.0
20150712:1210,141.0,440.0,0.0,63.2,24.23,4.14,0.0
20150712:1310,333.0,366.0,0.0,59.51,24.82,4.21,0.0
20150712:1410,0.0,182.0,0.0,52.3,24.92,4.55,0.0
20150712:1510,0.0,182.0,0.0,43.32,24.15,4.28,0.0
20150712:1610,0.0,149.0,0.0,33.59,23.39,3.86,0.0
20150712:1710,7.0,150.0,0.0,23.69,22.49,3.59,0.0
20150712:1810,1.0,73.0,0.0,14.02,21.73,3.17,0.0
20150712:1910,0.0,20.0,0.0,4.89,21.21,2.0,0.0
20150712:2010,0.0,0.0,0.0,0.0,20.62,1.31,0.0
20150712:2110,0.0,0.0,0.0,0.0,20.12,0.55,0.0
20150712:2210,0.0,0.0,0.0,0.0,19.79,0.97,0.0
20150712:2310,0.0,0.0,0.0,0.0,19.56,1.45,0.0
20150713:0010,0.0,0.0,0.0,0.0,19.41,1.72,0.0
20150713:0110,0.0,0.0,0.0,0.0,19.28,1.93,0.0
20150713:0210,0.0,0.0,0.0,0.0,19.17,2.21,0.0
20150713:0310,0.0,0.0,0.0,0.0,19.07,2.62,0.0
20150713:0410,0.0,0.0,0.0,0.0,18.83,2.76,0.0
20150713:0510,18.0,61.0,0.0,9.09,18.26,2.62,0.0
20150713:0610,11.0,122.0,0.0,18.52,18.72,3.31,0.0
20150713:0710,109.0,208.0,0.0,28.35,19.46,3.86,0.0
20150713:0810,223.0,253.0,0.0,38.22,20.61,4.0,0.0
20150713:0910,253.0,316.0,0.0,47.68,21.5,4.21,0.0
20150713:1010,66.0,392.0,0.0,55.97,22.26,4.62,0.0
20150713:1110,54.0,411.0,0.0,61.71,22.27,4.76,0.0
20150713:1210,143.0,436.0,0.0,63.06,22.8,5.03,0.0
20150713:1310,8.0,328.0,0.0,59.39,23.37,4.97,0.0
20150713:1410,0.0,201.0,0.0,52.21,23.76,4.9,0.0
20150713:1510,96.0,325.0,0.0,43.23,24.12,5.17,0.0
20150713:1610,132.0,246.0,0.0,33.51,24.14,4.48,0.0
20150713:1710,198.0,126.0,0.0,23.61,24.69,4.14,0.0
20150713:1810,53.0,95.0,0.0,13.93,24.8,3.59,0.0
20150713:1910,5.0,25.78,0.0,4.8,23.37,3.24,0.0
20150713:2010,0.0,0.0,0.0,0.0,22.04,2.55,0.0
20150713:2110,0.0,0.0,0.0,0.0,20.77,2.34,0.0
20150713:2210,0.0,0.0,0.0,0.0,20.03,2.48,0.0
20150713:2310,0.0,0.0,0.0,0.0,19.39,2.76,0.0
20150714:0010,0.0,0.0,0.0,0.0,18.83,2.76,0.0
20150714:0110,0.0,0.0,0.0,0.0,18.2,2.76,0.0
20150714:0210,0.0,0.0,0.0,0.0,17.43,2.62,0.0
20150714:0310,0.0,0.0,0.0,0.0,17.11,2.41,0.0
20150714:0410,0.0,0.0,0.0,0.0,17.07,2.14,0.0
20150714:0510,28.0,59.0,0.0,8.96,17.31,2.14,0.0
20150714:0610,113.0,117.0,0.0,18.4,18.07,2.97,0.0
20150714:0710,151.0,196.0,0.0,28.23,18.89,3.1,0.0
20150714:0810,266.0,235.0,0.0,38.1,19.54,3.03,0.0
20150714:0910,176.0,345.0,0.0,47.55,20.49,3.24,0.0
20150714:1010,30.0,367.0,0.0,55.83,21.38,3.59,0.0
20150714:1110,69.0,423.0,0.0,61.57,22.27,3.79,0.0
20150714:1210,26.0,388.0,0.0,62.92,22.64,3.72,0.0
20150714:1310,64.0,410.0,0.0,59.27,23.7,3.72,0.0
20150714:1410,247.0,354.0,0.0,52.11,24.7,3.72,0.0
20150714:1510,231.0,294.0,0.0,43.15,25.22,3.66,0.0
20150714:1610,304.0,171.0,0.0,33.43,25.54,3.59,0.0
20150714:1710,179.0,137.0,0.0,23.53,25.74,3.45,0.0
20150714:1810,96.0,79.0,0.0,13.84,25.36,3.17,0.0
20150714:1910,5.0,24.8,0.0,4.7,23.62,2.48,0.0
20150714:2010,0.0,0.0,0.0,0.0,22.01,2.34,0.0
20150714:2110,0.0,0.0,0.0,0.0,20.66,2.21,0.0
20150714:2210,0.0,0.0,0.0,0.0,19.65,2.0,0.0
20150714:2310,0.0,0.0,0.0,0.0,18.9,1.59,0.0
20150715:0010,0.0,0.0,0.0,0.0,18.05,1.52,0.0
20150715:0110,0.0,0.0,0.0,0.0,17.22,1.72,0.0
20150715:0210,0.0,0.0,0.0,0.0,16.59,1.79,0.0
20150715:0310,0.0,0.0,0.0,0.0,15.97,1.72,0.0
20150715:0410,0.0,0.0,0.0,0.0,15.67,1.66,0.0
20150715:0510,44.0,54.0,0.0,8.83,15.75,1.52,0.0
20150715:0610,147.0,99.0,0.0,18.27,18.34,1.66,0.0
20150715:0710,303.0,117.0,0.0,28.1,20.23,1.79,0.0
20150715:0810,429.0,143.0,0.0,37.97,22.19,1.93,0.0
20150715:0910,560.0,152.0,0.0,47.42,23.58,2.0,0.0
20150715:1010,643.01,167.0,0.0,55.68,25.18,2.14,0.0
20150715:1110,711.01,165.0,0.0,61.41,26.57,2.34,0.0
20150715:1210,644.01,215.0,0.0,62.77,27.3,2.55,0.0
20150715:1310,605.01,216.0,0.0,59.14,27.78,2.69,0.0
20150715:1410,547.0,199.0,0.0,52.0,28.22,2.76,0.0
20150715:1510,505.0,146.0,0.0,43.05,28.64,2.55,0.0
20150715:1610,366.0,134.0,0.0,33.34,28.79,2.21,0.0
20150715:1710,228.0,110.0,0.0,23.44,28.91,1.86,0.0
20150715:1810,75.0,87.0,0.0,13.75,28.42,1.38,0.0
20150715:1910,4.0,24.06,0.0,4.6,27.62,0.62,0.0
20150715:2010,0.0,0.0,0.0,0.0,25.24,0.76,0.0
20150715:2110,0.0,0.0,0.0,0.0,23.3,2.48,0.0
20150715:2210,0.0,0.0,0.0,0.0,21.65,3.38,0.0
20150715:2310,0.0,0.0,0.0,0.0,20.44,3.31,0.0
20150716:0010,0.0,0.0,0.0,0.0,19.55,2.97,0.0
20150716:0110,0.0,0.0,0.0,0.0,18.96,2.69,0.0
20150716:0210,0.0,0.0,0.0,0.0,18.43,2.41,0.0
20150716:0310,0.0,0.0,0.0,0.0,17.94,2.21,0.0
20150716:0410,0.0,0.0,0.0,0.0,17.49,2.07,0.0
20150716:0510,36.0,55.0,0.0,8.69,17.52,2.0,0.0
20150716:0610,146.0,99.0,0.0,18.14,19.14,1.93,0.0
20150716:0710,281.0,128.0,0.0,27.97,21.23,2.14,0.0
20150716:0810,420.0,148.0,0.0,37.84,23.79,2.07,0.0
20150716:0910,529.0,171.0,0.0,47.28,26.39,2.14,0.0
20150716:1010,667.01,153.0,0.0,55.53,28.84,2.55,0.0
20150716:1110,685.01,181.0,0.0,61.25,30.89,3.38,0.0
20150716:1210,684.01,190.0,0.0,62.61,32.36,3.93,0.0
20150716:1310,652.01,187.0,0.0,59.01,33.47,4.41,0.0
20150716:1410,170.0,376.0,0.0,51.88,34.27,4.83,0.0
20150716:1510,312.0,256.0,0.0,42.95,34.84,4.97,0.0
20150716:1610,400.0,116.0,0.0,33.24,35.19,4.76,0.0
20150716:1710,14.0,158.0,0.0,23.34,35.1,4.0,0.0
20150716:1810,64.0,91.0,0.0,13.65,34.04,3.59,0.0
20150716:1910,2.0,22.56,0.0,4.49,32.22,3.38,0.0
20150716:2010,0.0,0.0,0.0,0.0,30.53,3.72,0.0
20150716:2110,0.0,0.0,0.0,0.0,29.26,3.72,0.0
20150716:2210,0.0,0.0,0.0,0.0,27.96,4.76,0.0
20150716:2310,0.0,0.0,0.0,0.0,26.16,4.97,0.0
20150717:0010,0.0,0.0,0.0,0.0,24.5,4.55,0.0
20150717:0110,0.0,0.0,0.0,0.0,23.04,4.41,0.0
20150717:0210,0.0,0.0,0.0,0.0,21.73,4.07,0.0
20150717:0310,0.0,0.0,0.0,0.0,20.56,3.66,0.0
20150717:0410,0.0,0.0,0.0,0.0,19.57,3.24,0.0
20150717:0510,31.0,55.0,0.0,8.55,19.16,2.83,0.0
20150717:0610,47.0,132.0,0.0,18.01,19.85,2.97,0.0
20150717:0710,7.0,172.0,0.0,27.84,20.63,3.38,0.0
20150717:0810,7.0,231.0,0.0,37.7,21.33,3.24,0.0
20150717:0910,229.0,325.0,0.0,47.14,22.51,3.52,0.0
20150717:1010,616.01,182.0,0.0,55.38,23.68,3.59,0.0
20150717:1110,656.01,198.0,0.0,61.09,25.55,3.66,0.0
20150717:1210,654.01,207.0,0.0,62.45,27.11,3.79,0.0
20150717:1310,675.01,171.0,0.0,58.86,28.36,4.28,0.0
20150717:1410,612.0,157.0,0.0,51.76,29.18,4.83,0.0
20150717:1510,474.0,164.0,0.0,42.84,29.43,5.17,0.0
20150717:1610,329.0,154.0,0.0,33.14,29.34,5.52,0.0
20150717:1710,230.0,107.0,0.0,23.24,28.85,5.52,0.0
20150717:1810,77.0,84.0,0.0,13.54,28.14,4.9,0.0
20150717:1910,4.0,23.05,0.0,4.37,26.7,3.93,0.0
20150717:2010,0.0,0.0,0.0,0.0,25.3,3.72,0.0
20150717:2110,0.0,0.0,0.0,0.0,23.86,3.59,0.0
20150717:2210,0.0,0.0,0.0,0.0,22.45,3.03,0.0
20150717:2310,0.0,0.0,0.0,0.0,21.25,2.34,0.0
20150718:0010,0.0,0.0,0.0,0.0,20.41,1.93,0.0
20150718:0110,0.0,0.0,0.0,0.0,19.79,1.66,0.0
20150718:0210,0.0,0.0,0.0,0.0,19.53,1.59,0.0
20150718:0310,0.0,0.0,0.0,0.0,19.28,1.52,0.0
20150718:0410,0.0,0.0,0.0,0.0,19.04,1.72,0.0
20150718:0510,20.0,55.0,0.0,8.41,18.93,2.28,0.0
20150718:0610,39.0,130.0,0.0,17.87,18.98,2.55,0.0
20150718:0710,258.0,137.0,0.0,27.71,19.52,1.93,0.0
20150718:0810,320.0,201.0,0.0,37.57,20.78,1.66,0.0
20150718:0910,483.0,193.0,0.0,46.99,21.88,0.9,0.0
20150718:1010,454.0,275.0,0.0,55.22,23.32,0.62,0.0
20150718:1110,625.01,213.0,0.0,60.92,24.49,0.48,0.0
20150718:1210,385.0,355.0,0.0,62.28,26.26,0.55,0.0
20150718:1310,334.0,358.0,0.0,58.72,27.4,0.9,0.0
20150718:1410,206.0,363.0,0.0,51.64,28.08,0.69,0.0
20150718:1510,314.0,251.0,0.0,42.73,28.31,0.41,0.0
20150718:1610,236.0,201.0,0.0,33.03,28.93,0.28,0.0
20150718:1710,48.0,174.0,0.0,23.13,28.96,0.9,0.0
20150718:1810,0.0,50.0,0.0,13.43,28.17,2.28,0.0
20150718:1910,0.0,6.0,0.0,4.25,27.05,2.28,0.0
20150718:2010,0.0,0.0,0.0,0.0,24.32,1.03,0.0
20150718:2110,0.0,0.0,0.0,0.0,22.08,2.28,0.0
20150718:2210,0.0,0.0,0.0,0.0,20.72,2.28,0.0
20150718:2310,0.0,0.0,0.0,0.0,20.1,2.21,0.0
20150719:0010,0.0,0.0,0.0,0.0,19.58,2.34,0.0
20150719:0110,0.0,0.0,0.0,0.0,19.31,1.52,0.0
20150719:0210,0.0,0.0,0.0,0.0,19.11,0.55,0.0
20150719:0310,0.0,0.0,0.0,0.0,19.11,1.31,0.0
20150719:0410,0.0,0.0,0.0,0.0,19.0,1.79,0.0
20150719:0510,10.0,52.0,0.0,8.26,18.95,2.07,0.0
20150719:0610,0.0,59.0,0.0,17.73,19.76,2.28,0.0
20150719:0710,51.0,206.0,0.0,27.57,19.76,4.07,0.0
20150719:0810,195.0,256.0,0.0,37.43,21.23,5.59,0.0
20150719:0910,252.0,309.0,0.0,46.85,22.49,4.97,0.0
20150719:1010,485.0,252.0,0.0,55.06,23.81,5.38,0.0
20150719:1110,0.0,122.0,0.0,60.74,24.73,6.0,0.0
20150719:1210,59.0,415.0,0.0,62.11,25.31,6.55,0.0
20150719:1310,1.0,268.0,0.0,58.56,25.42,6.28,0.0
20150719:1410,0.0,126.0,0.0,51.5,26.24,6.34,0.0
20150719:1510,0.0,184.0,0.0,42.61,26.37,6.07,0.0
20150719:1610,6.0,198.0,0.0,32.92,26.02,5.38,0.0
20150719:1710,10.0,149.0,0.0,23.02,25.6,4.62,0.0
20150719:1810,0.0,55.0,0.0,13.31,25.02,3.03,0.0
20150719:1910,1.0,18.8,0.0,4.13,23.65,2.41,0.0
20150719:2010,0.0,0.0,0.0,0.0,23.03,2.55,0.0
20150719:2110,0.0,0.0,0.0,0.0,22.36,2.76,0.0
20150719:2210,0.0,0.0,0.0,0.0,21.6,3.03,0.0
20150719:2310,0.0,0.0,0.0,0.0,21.17,3.03,0.0
20150720:0010,0.0,0.0,0.0,0.0,20.92,2.76,0.0
20150720:0110,0.0,0.0,0.0,0.0,20.68,2.69,0.0
20150720:0210,0.0,0.0,0.0,0.0,20.5,2.62,0.0
20150720:0310,0.0,0.0,0.0,0.0,20.27,2.69,0.0
20150720:0410,0.0,0.0,0.0,0.0,20.23,2.97,0.0
20150720:0510,4.0,45.0,0.0,8.11,19.99,3.1,0.0
20150720:0610,2.0,97.0,0.0,17.59,19.71,3.24,0.0
20150720:0710,4.0,158.0,0.0,27.43,20.41,4.14,0.0
20150720:0810,6.0,223.0,0.0,37.28,20.84,4.41,0.0
20150720:0910,1.0,226.0,0.0,46.7,21.28,4.62,0.0
20150720:1010,0.0,174.0,0.0,54.9,21.8,4.55,0.0
20150720:1110,0.0,131.0,0.0,60.56,22.32,4.9,0.0
20150720:1210,0.0,213.0,0.0,61.92,23.08,4.9,0.0
20150720:1310,0.0,139.0,0.0,58.4,24.13,5.1,0.0
20150720:1410,0.0,197.0,0.0,51.37,24.42,4.76,0.0
20150720:1510,7.0,251.0,0.0,42.48,24.92,4.62,0.0
20150720:1610,89.0,247.0,0.0,32.8,25.42,4.48,0.0
20150720:1710,117.0,156.0,0.0,22.9,25.59,4.14,0.0
20150720:1810,13.0,87.0,0.0,13.19,25.41,3.45,0.0
20150720:1910,1.0,18.79,0.0,3.99,24.45,2.97,0.0
20150720:2010,0.0,0.0,0.0,0.0,23.94,2.83,0.0
20150720:2110,0.0,0.0,0.0,0.0,23.43,2.9,0.0
20150720:2210,0.0,0.0,0.0,0.0,22.81,2.97,0.0
20150720:2310,0.0,0.0,0.0,0.0,22.16,2.97,0.0
20150721:0010,0.0,0.0,0.0,0.0,21.34,2.9,0.0
20150721:0110,0.0,0.0,0.0,0.0,20.5,2.76,0.0
20150721:0210,0.0,0.0,0.0,0.0,19.67,2.69,0.0
20150721:0310,0.0,0.0,0.0,0.0,18.99,2.55,0.0
20150721:0410,0.0,0.0,0.0,0.0,18.49,2.41,0.0
20150721:0510,42.0,46.0,0.0,7.96,18.34,2.28,0.0
20150721:0610,51.0,125.0,0.0,17.44,19.3,2.9,0.0
20150721:0710,19.0,189.0,0.0,27.28,20.65,3.31,0.0
20150721:0810,8.0,227.0,0.0,37.14,21.63,3.1,0.0
20150721:0910,18.0,300.0,0.0,46.54,22.82,3.03,0.0
20150721:1010,22.0,348.0,0.0,54.73,23.88,2.97,0.0
20150721:1110,174.0,418.0,0.0,60.37,24.6,2.76,0.0
20150721:1210,396.0,343.0,0.0,61.74,25.59,2.62,0.0
20150721:1310,680.01,157.0,0.0,58.23,26.62,2.83,0.0
20150721:1410,613.0,147.0,0.0,51.22,27.23,3.24,0.0
20150721:1510,508.0,135.0,0.0,42.35,27.56,3.52,0.0
20150721:1610,371.0,122.0,0.0,32.67,27.85,3.59,0.0
20150721:1710,248.0,92.0,0.0,22.78,27.79,3.45,0.0
20150721:1810,62.0,85.0,0.0,13.06,27.27,2.9,0.0
20150721:1910,2.0,19.55,0.0,3.86,26.4,2.62,0.0
20150721:2010,0.0,0.0,0.0,0.0,24.72,2.48,0.0
20150721:2110,0.0,0.0,0.0,0.0,23.73,2.07,0.0
20150721:2210,0.0,0.0,0.0,0.0,22.78,1.93,0.0
20150721:2310,0.0,0.0,0.0,0.0,21.71,2.07,0.0
20150722:0010,0.0,0.0,0.0,0.0,20.88,2.28,0.0
20150722:0110,0.0,0.0,0.0,0.0,19.98,2.28,0.0
20150722:0210,0.0,0.0,0.0,0.0,19.29,2.0,0.0
20150722:0310,0.0,0.0,0.0,0.0,18.79,1.93,0.0
20150722:0410,0.0,0.0,0.0,0.0,18.33,2.0,0.0
20150722:0510,0.0,8.0,0.0,7.81,18.02,2.21,0.0
20150722:0610,48.0,125.0,0.0,17.29,18.27,2.83,0.0
20150722:0710,124.0,194.0,0.0,27.14,18.67,2.97,0.0
20150722:0810,130.0,276.0,0.0,36.99,19.37,2.62,0.0
20150722:0910,200.0,328.0,0.0,46.38,20.65,2.14,0.0
20150722:1010,637.01,159.0,0.0,54.56,21.75,1.66,0.0
20150722:1110,519.0,271.0,0.0,60.18,22.97,1.1,0.0
20150722:1210,486.0,297.0,0.0,61.54,24.17,0.97,0.0
20150722:1310,255.0,386.0,0.0,58.06,25.17,2.0,0.0
20150722:1410,322.0,313.0,0.0,51.07,25.71,2.9,0.0
20150722:1510,144.0,312.0,0.0,42.22,26.42,3.66,0.0
20150722:1610,236.0,196.0,0.0,32.54,26.65,3.93,0.0
20150722:1710,206.0,112.0,0.0,22.65,26.41,3.93,0.0
20150722:1810,82.0,76.0,0.0,12.92,25.18,3.59,0.0
20150722:1910,4.0,20.02,0.0,3.71,22.76,4.21,0.0
20150722:2010,0.0,0.0,0.0,0.0,21.28,3.66,0.0
20150722:2110,0.0,0.0,0.0,0.0,20.39,2.9,0.0
20150722:2210,0.0,0.0,0.0,0.0,19.74,2.41,0.0
20150722:2310,0.0,0.0,0.0,0.0,19.19,2.21,0.0
20150723:0010,0.0,0.0,0.0,0.0,18.92,2.21,0.0
20150723:0110,0.0,0.0,0.0,0.0,18.38,2.34,0.0
20150723:0210,0.0,0.0,0.0,0.0,18.09,2.55,0.0
20150723:0310,0.0,0.0,0.0,0.0,17.47,2.83,0.0
20150723:0410,0.0,0.0,0.0,0.0,16.95,2.76,0.0
20150723:0510,1.0,34.0,0.0,7.65,16.46,2.62,0.0
20150723:0610,1.0,90.0,0.0,17.14,16.61,2.48,0.0
20150723:0710,1.0,139.0,0.0,26.99,17.02,2.21,0.0
20150723:0810,47.0,276.0,0.0,36.84,17.99,1.72,0.0
20150723:0910,198.0,331.0,0.0,46.22,19.24,1.31,0.0
20150723:1010,658.01,152.0,0.0,54.38,20.51,0.97,0.0
20150723:1110,652.01,196.0,0.0,59.99,21.8,0.9,0.0
20150723:1210,70.0,423.0,0.0,61.35,22.97,1.31,0.0
20150723:1310,94.0,415.0,0.0,57.88,23.84,1.72,0.0
20150723:1410,256.0,345.0,0.0,50.91,24.17,1.86,0.0
20150723:1510,314.0,250.0,0.0,42.07,24.36,1.86,0.0
20150723:1610,324.0,152.0,0.0,32.41,24.17,1.72,0.0
20150723:1710,207.0,113.0,0.0,22.51,24.07,1.52,0.0
20150723:1810,97.0,69.0,0.0,12.78,23.7,1.31,0.0
20150723:1910,10.0,17.57,0.0,3.56,22.58,2.0,0.0
20150723:2010,0.0,0.0,0.0,0.0,20.93,2.69,0.0
20150723:2110,0.0,0.0,0.0,0.0,19.73,3.03,0.0
20150723:2210,0.0,0.0,0.0,0.0,18.84,3.24,0.0
20150723:2310,0.0,0.0,0.0,0.0,18.1,3.24,0.0
20150724:0010,0.0,0.0,0.0,0.0,17.61,3.03,0.0
20150724:0110,0.0,0.0,0.0,0.0,17.23,2.83,0.0
20150724:0210,0.0,0.0,0.0,0.0,17.07,2.55,0.0
20150724:0310,0.0,0.0,0.0,0.0,16.82,2.28,0.0
20150724:0410,0.0,0.0,0.0,0.0,16.47,2.28,0.0
20150724:0510,0.0,7.0,0.0,7.49,16.43,2.14,0.0
20150724:0610,17.0,118.0,0.0,16.99,16.95,2.28,0.0
20150724:0710,139.0,186.0,0.0,26.84,18.91,2.28,0.0
20150724:0810,392.0,151.0,0.0,36.68,21.32,2.41,0.0
20150724:0910,437.0,213.0,0.0,46.06,23.57,2.69,0.0
20150724:1010,557.0,207.0,0.0,54.2,25.65,3.1,0.0
20150724:1110,0.0,248.0,0.0,59.79,27.25,4.14,0.0
20150724:1210,0.0,223.0,0.0,61.14,28.17,4.83,0.0
20150724:1310,0.0,205.0,0.0,57.69,28.37,5.17,0.0
20150724:1410,1.0,241.0,0.0,50.75,27.41,5.66,0.0
20150724:1510,0.0,100.0,0.0,41.92,26.44,5.86,0.0
20150724:1610,0.0,119.0,0.0,32.27,25.7,6.14,0.0
20150724:1710,225.0,100.0,0.0,22.37,24.09,5.24,0.0
20150724:1810,102.0,66.0,0.0,12.63,22.8,4.48,0.0
20150724:1910,0.0,12.0,0.0,3.41,23.07,4.69,0.0
20150724:2010,0.0,0.0,0.0,0.0,20.73,4.41,0.0
20150724:2110,0.0,0.0,0.0,0.0,19.51,4.76,0.0
20150724:2210,0.0,0.0,0.0,0.0,19.1,5.72,0.0
20150724:2310,0.0,0.0,0.0,0.0,19.06,6.48,0.0
20150725:0010,0.0,0.0,0.0,0.0,18.52,7.24,0.0
20150725:0110,0.0,0.0,0.0,0.0,17.68,7.31,0.0
20150725:0210,0.0,0.0,0.0,0.0,16.82,7.72,0.0
20150725:0310,0.0,0.0,0.0,0.0,15.95,7.72,0.0
20150725:0410,0.0,0.0,0.0,0.0,15.66,7.66,0.0
20150725:0510,1.0,37.0,0.0,7.33,15.12,7.79,0.0
20150725:0610,2.0,95.0,0.0,16.83,14.93,7.52,0.0
20150725:0710,32.0,200.0,0.0,26.68,15.4,6.97,0.0
20150725:0810,9.0,232.0,0.0,36.53,15.89,6.69,0.0
20150725:0910,90.0,349.0,0.0,45.89,16.73,6.21,0.0
20150725:1010,345.0,333.0,0.0,54.01,18.38,6.83,0.0
20150725:1110,102.0,428.0,0.0,59.58,19.86,6.69,0.0
20150725:1210,88.0,432.0,0.0,60.93,20.6,6.41,0.0
20150725:1310,0.0,159.0,0.0,57.5,20.6,6.07,0.0
20150725:1410,19.0,330.0,0.0,50.58,20.08,5.66,0.0
20150725:1510,87.0,322.0,0.0,41.77,20.37,5.52,0.0
20150725:1610,194.0,219.0,0.0,32.12,20.34,5.17,0.0
20150725:1710,205.0,115.0,0.0,22.22,20.1,4.83,0.0
20150725:1810,101.0,66.0,0.0,12.48,19.63,4.28,0.0
20150725:1910,3.0,16.32,0.0,3.25,19.0,2.76,0.0
20150725:2010,0.0,0.0,0.0,0.0,17.7,2.34,0.0
20150725:2110,0.0,0.0,0.0,0.0,16.43,2.28,0.0
20150725:2210,0.0,0.0,0.0,0.0,15.51,2.14,0.0
20150725:2310,0.0,0.0,0.0,0.0,14.56,1.72,0.0
20150726:0010,0.0,0.0,0.0,0.0,13.71,1.03,0.0
20150726:0110,0.0,0.0,0.0,0.0,14.27,0.76,0.0
20150726:0210,0.0,0.0,0.0,0.0,12.04,1.45,0.0
20150726:0310,0.0,0.0,0.0,0.0,11.59,1.52,0.0
20150726:0410,0.0,0.0,0.0,0.0,11.03,1.72,0.0
20150726:0510,0.0,20.0,0.0,7.16,11.01,1.93,0.0
20150726:0610,1.0,88.0,0.0,16.67,13.66,2.07,0.0
20150726:0710,0.0,94.0,0.0,26.53,15.55,2.55,0.0
20150726:0810,11.0,235.0,0.0,36.37,17.81,3.72,0.0
20150726:0910,37.0,326.0,0.0,45.72,18.92,4.41,0.0
20150726:1010,0.0,150.0,0.0,53.82,19.15,4.83,0.0
20150726:1110,0.0,167.0,0.0,59.37,18.33,4.48,0.0
20150726:1210,0.0,150.0,0.0,60.71,17.48,4.28,0.0
20150726:1310,0.0,130.0,0.0,57.3,16.22,3.72,0.0
20150726:1410,0.0,152.0,0.0,50.4,16.32,4.14,0.0
20150726:1510,0.0,72.0,0.0,41.61,16.59,4.69,0.0
20150726:1610,11.0,209.0,0.0,31.96,16.18,5.31,0.0
20150726:1710,22.0,159.0,0.0,22.07,16.17,5.45,0.0
20150726:1810,41.0,86.0,0.0,12.32,16.34,5.66,0.0
20150726:1910,4.0,16.04,0.0,3.08,16.39,5.52,0.0
20150726:2010,0.0,0.0,0.0,0.0,16.7,5.24,0.0
20150726:2110,0.0,0.0,0.0,0.0,16.89,4.97,0.0
20150726:2210,0.0,0.0,0.0,0.0,17.02,5.03,0.0
20150726:2310,0.0,0.0,0.0,0.0,17.23,5.38,0.0
20150727:0010,0.0,0.0,0.0,0.0,16.98,5.72,0.0
20150727:0110,0.0,0.0,0.0,0.0,16.42,5.59,0.0
20150727:0210,0.0,0.0,0.0,0.0,16.14,5.52,0.0
20150727:0310,0.0,0.0,0.0,0.0,15.77,5.59,0.0
20150727:0410,0.0,0.0,0.0,0.0,15.22,5.59,0.0
20150727:0510,7.0,43.0,0.0,6.99,15.37,5.38,0.0
20150727:0610,3.0,94.0,0.0,16.51,15.73,5.17,0.0
20150727:0710,5.0,160.0,0.0,26.37,16.25,7.03,0.0
20150727:0810,7.0,225.0,0.0,36.21,17.1,7.86,0.0
20150727:0910,8.0,275.0,0.0,45.55,18.19,7.79,0.0
20150727:1010,69.0,388.0,0.0,53.63,18.93,7.45,0.0
20150727:1110,0.0,179.0,0.0,59.16,20.16,7.86,0.0
20150727:1210,95.0,429.0,0.0,60.49,20.75,7.93,0.0
20150727:1310,0.0,202.0,0.0,57.09,21.18,7.66,0.0
20150727:1410,68.0,369.0,0.0,50.22,21.56,7.59,0.0
20150727:1510,141.0,314.0,0.0,41.44,21.6,7.03,0.0
20150727:1610,75.0,246.0,0.0,31.8,21.45,7.03,0.0
20150727:1710,107.0,156.0,0.0,21.91,20.94,5.93,0.0
20150727:1810,0.0,49.0,0.0,12.16,20.3,5.52,0.0
20150727:1910,0.0,9.0,0.0,2.91,19.67,4.97,0.0
20150727:2010,0.0,0.0,0.0,0.0,18.71,4.69,0.0
20150727:2110,0.0,0.0,0.0,0.0,17.88,4.34,0.0
20150727:2210,0.0,0.0,0.0,0.0,17.05,4.07,0.0
20150727:2310,0.0,0.0,0.0,0.0,16.31,4.28,0.0
20150728:0010,0.0,0.0,0.0,0.0,15.42,4.14,0.0
20150728:0110,0.0,0.0,0.0,0.0,14.73,4.14,0.0
20150728:0210,0.0,0.0,0.0,0.0,14.14,4.07,0.0
20150728:0310,0.0,0.0,0.0,0.0,13.73,4.0,0.0
20150728:0410,0.0,0.0,0.0,0.0,13.77,4.07,0.0
20150728:0510,0.0,8.0,0.0,6.82,13.9,4.21,0.0
20150728:0610,0.0,57.0,0.0,16.35,14.44,4.28,0.0
20150728:0710,38.0,198.0,0.0,26.21,15.03,5.17,0.0
20150728:0810,58.0,275.0,0.0,36.04,16.05,5.72,0.0
20150728:0910,1.0,237.0,0.0,45.37,17.25,6.0,0.0
20150728:1010,0.0,213.0,0.0,53.44,18.12,5.72,0.0
20150728:1110,0.0,179.0,0.0,58.94,18.26,5.79,0.0
20150728:1210,0.0,210.0,0.0,60.27,18.49,6.0,0.0
20150728:1310,0.0,130.0,0.0,56.88,18.59,5.93,0.0
20150728:1410,0.0,121.0,0.0,50.03,18.92,5.93,0.0
20150728:1510,0.0,162.0,0.0,41.27,18.35,5.52,0.0
20150728:1610,0.0,147.0,0.0,31.64,16.91,4.76,0.0
20150728:1710,0.0,39.0,0.0,21.74,15.89,3.72,0.0
20150728:1810,0.0,14.0,0.0,11.99,15.55,3.24,0.0
20150728:1910,0.0,3.0,0.0,2.73,14.68,2.83,0.0
20150728:2010,0.0,0.0,0.0,0.0,14.37,2.76,0.0
20150728:2110,0.0,0.0,0.0,0.0,14.19,2.62,0.0
20150728:2210,0.0,0.0,0.0,0.0,14.04,2.48,0.0
20150728:2310,0.0,0.0,0.0,0.0,13.93,2.41,0.0
20150729:0010,0.0,0.0,0.0,0.0,13.84,2.48,0.0
20150729:0110,0.0,0.0,0.0,0.0,13.79,2.41,0.0
20150729:0210,0.0,0.0,0.0,0.0,13.56,2.34,0.0
20150729:0310,0.0,0.0,0.0,0.0,13.13,2.34,0.0
20150729:0410,0.0,0.0,0.0,0.0,12.57,2.34,0.0
20150729:0510,37.0,38.0,0.0,6.65,12.09,2.34,0.0
20150729:0610,159.0,76.0,0.0,16.18,12.56,2.48,0.0
20150729:0710,310.0,100.0,0.0,26.04,13.83,3.03,0.0
20150729:0810,459.0,117.0,0.0,35.87,15.14,3.24,0.0
20150729:0910,525.0,166.0,0.0,45.19,16.68,3.72,0.0
20150729:1010,422.0,293.0,0.0,53.24,18.1,4.41,0.0
20150729:1110,367.0,357.0,0.0,58.72,19.16,4.76,0.0
20150729:1210,347.0,375.0,0.0,60.03,19.69,4.76,0.0
20150729:1310,256.0,391.0,0.0,56.67,20.03,4.62,0.0
20150729:1410,227.0,356.0,0.0,49.83,20.19,4.48,0.0
20150729:1510,119.0,318.0,0.0,41.09,20.36,4.41,0.0
20150729:1610,146.0,234.0,0.0,31.47,19.97,4.28,0.0
20150729:1710,59.0,166.0,0.0,21.57,19.36,3.93,0.0
20150729:1810,11.0,79.0,0.0,11.82,18.85,3.52,0.0
20150729:1910,0.0,10.0,0.0,2.54,18.13,2.83,0.0
20150729:2010,0.0,0.0,0.0,0.0,16.92,2.76,0.0
20150729:2110,0.0,0.0,0.0,0.0,16.13,2.62,0.0
20150729:2210,0.0,0.0,0.0,0.0,15.35,2.34,0.0
20150729:2310,0.0,0.0,0.0,0.0,14.64,2.07,0.0
20150730:0010,0.0,0.0,0.0,0.0,13.94,2.0,0.0
20150730:0110,0.0,0.0,0.0,0.0,13.08,2.0,0.0
20150730:0210,0.0,0.0,0.0,0.0,12.25,2.14,0.0
20150730:0310,0.0,0.0,0.0,0.0,11.75,2.21,0.0
20150730:0410,0.0,0.0,0.0,0.0,11.22,2.28,0.0
20150730:0510,35.0,37.0,0.0,6.47,10.92,2.28,0.0
20150730:0610,156.0,76.0,0.0,16.01,12.11,2.34,0.0
20150730:0710,310.0,99.0,0.0,25.88,13.99,2.83,0.0
20150730:0810,376.0,164.0,0.0,35.71,15.53,3.1,0.0
20150730:0910,375.0,253.0,0.0,45.01,17.02,3.24,0.0
20150730:1010,94.0,397.0,0.0,53.03,18.19,3.38,0.0
20150730:1110,385.0,350.0,0.0,58.49,19.26,3.59,0.0
20150730:1210,392.0,355.0,0.0,59.8,19.62,3.72,0.0
20150730:1310,340.0,358.0,0.0,56.44,19.69,3.72,0.0
20150730:1410,340.0,309.0,0.0,49.63,19.77,3.66,0.0
20150730:1510,539.0,122.0,0.0,40.91,19.88,3.66,0.0
20150730:1610,183.0,220.0,0.0,31.29,19.71,3.66,0.0
20150730:1710,98.0,157.0,0.0,21.4,19.37,3.72,0.0
20150730:1810,30.0,84.0,0.0,11.64,18.88,3.66,0.0
20150730:1910,0.0,11.0,0.0,2.35,18.05,3.31,0.0
20150730:2010,0.0,0.0,0.0,0.0,16.3,3.31,0.0
20150730:2110,0.0,0.0,0.0,0.0,15.09,3.31,0.0
20150730:2210,0.0,0.0,0.0,0.0,14.08,3.03,0.0
20150730:2310,0.0,0.0,0.0,0.0,13.14,2.69,0.0
20150731:0010,0.0,0.0,0.0,0.0,12.3,2.48,0.0
20150731:0110,0.0,0.0,0.0,0.0,11.59,2.28,0.0
20150731:0210,0.0,0.0,0.0,0.0,10.91,2.14,0.0
20150731:0310,0.0,0.0,0.0,0.0,10.26,2.0,0.0
20150731:0410,0.0,0.0,0.0,0.0,9.61,1.93,0.0
20150731:0510,26.0,39.0,0.0,6.29,9.25,2.0,0.0
20150731:0610,69.0,114.0,0.0,15.84,11.03,2.0,0.0
20150731:0710,147.0,181.0,0.0,25.71,13.53,2.55,0.0
20150731:0810,254.0,230.0,0.0,35.53,15.56,2.9,0.0
20150731:0910,377.0,253.0,0.0,44.83,17.37,3.1,0.0
20150731:1010,708.01,128.0,0.0,52.83,18.79,3.1,0.0
20150731:1110,692.01,177.0,0.0,58.26,19.8,3.1,0.0
20150731:1210,744.01,154.0,0.0,59.55,20.77,3.1,0.0
20150731:1310,633.01,199.0,0.0,56.21,21.58,3.1,0.0
20150731:1410,638.01,141.0,0.0,49.43,22.13,3.03,0.0
20150731:1510,224.0,290.0,0.0,40.72,22.46,3.1,0.0
20150731:1610,68.0,246.0,0.0,31.11,22.47,3.17,0.0
20150731:1710,0.0,86.0,0.0,21.22,22.2,3.03,0.0
20150731:1810,1.0,60.0,0.0,11.45,21.61,2.34,0.0
20150731:1910,0.0,8.0,0.0,2.16,20.26,2.21,0.0
20150731:2010,0.0,0.0,0.0,0.0,18.98,2.48,0.0
20150731:2110,0.0,0.0,0.0,0.0,18.25,2.62,0.0
20150731:2210,0.0,0.0,0.0,0.0,17.54,2.9,0.0
20150731:2310,0.0,0.0,0.0,0.0,16.93,3.03,0.0
20150801:0010,0.0,0.0,0.0,0.0,16.28,3.03,0.0
20150801:0110,0.0,0.0,0.0,0.0,15.53,2.83,0.0
20150801:0210,0.0,0.0,0.0,0.0,14.84,2.69,0.0
20150801:0310,0.0,0.0,0.0,0.0,14.19,2.76,0.0
20150801:0410,0.0,0.0,0.0,0.0,13.67,2.76,0.0
20150801:0510,32.0,35.0,0.0,6.11,13.23,2.62,0.0
20150801:0610,138.0,81.0,0.0,15.67,14.0,2.41,0.0
20150801:0710,62.0,199.0,0.0,25.54,15.61,2.41,0.0
20150801:0810,19.0,249.0,0.0,35.36,18.05,2.83,0.0
20150801:0910,348.0,263.0,0.0,44.64,20.17,3.45,0.0
20150801:1010,477.0,259.0,0.0,52.62,21.61,3.38,0.0
20150801:1110,696.01,168.0,0.0,58.02,22.65,2.97,0.0
20150801:1210,682.01,186.0,0.0,59.31,23.47,2.83,0.0
20150801:1310,604.01,210.0,0.0,55.98,24.11,2.9,0.0
20150801:1410,495.0,222.0,0.0,49.21,24.43,3.03,0.0
20150801:1510,497.0,140.0,0.0,40.52,24.46,3.17,0.0
20150801:1610,237.0,191.0,0.0,30.92,24.1,3.24,0.0
20150801:1710,136.0,139.0,0.0,21.03,23.59,3.38,0.0
20150801:1810,62.0,72.0,0.0,11.26,22.85,3.17,0.0
20150801:1910,0.0,8.0,0.0,1.96,21.68,2.62,0.0
20150801:2010,0.0,0.0,0.0,0.0,19.77,2.83,0.0
20150801:2110,0.0,0.0,0.0,0.0,18.45,3.03,0.0
20150801:2210,0.0,0.0,0.0,0.0,17.29,3.1,0.0
20150801:2310,0.0,0.0,0.0,0.0,16.23,2.9,0.0
20150802:0010,0.0,0.0,0.0,0.0,15.29,2.55,0.0
20150802:0110,0.0,0.0,0.0,0.0,14.49,2.28,0.0
20150802:0210,0.0,0.0,0.0,0.0,13.76,2.14,0.0
20150802:0310,0.0,0.0,0.0,0.0,13.09,2.07,0.0
20150802:0410,0.0,0.0,0.0,0.0,12.43,2.0,0.0
20150802:0510,13.0,37.0,0.0,5.93,11.83,1.79,0.0
20150802:0610,122.0,87.0,0.0,15.5,13.49,1.31,0.0
20150802:0710,265.0,116.0,0.0,25.37,16.65,1.72,0.0
20150802:0810,403.0,140.0,0.0,35.18,19.47,2.0,0.0
20150802:0910,564.0,136.0,0.0,44.45,22.21,2.34,0.0
20150802:1010,645.01,155.0,0.0,52.4,24.3,2.76,0.0
20150802:1110,704.01,159.0,0.0,57.78,25.69,2.83,0.0
20150802:1210,717.01,161.0,0.0,59.05,26.8,3.03,0.0
20150802:1310,714.01,141.0,0.0,55.74,27.7,3.24,0.0
20150802:1410,594.01,158.0,0.0,49.0,28.33,3.38,0.0
20150802:1510,464.0,157.0,0.0,40.32,28.73,3.45,0.0
20150802:1610,342.0,130.0,0.0,30.73,28.83,3.45,0.0
20150802:1710,227.0,90.0,0.0,20.84,28.63,3.24,0.0
20150802:1810,14.0,76.0,0.0,11.06,27.96,2.48,0.0
20150802:1910,0.0,6.0,0.0,1.75,26.42,2.62,0.0
20150802:2010,0.0,0.0,0.0,0.0,24.55,2.9,0.0
20150802:2110,0.0,0.0,0.0,0.0,23.44,3.1,0.0
20150802:2210,0.0,0.0,0.0,0.0,22.62,3.24,0.0
20150802:2310,0.0,0.0,0.0,0.0,21.91,3.17,0.0
20150803:0010,0.0,0.0,0.0,0.0,21.2,3.1,0.0
20150803:0110,0.0,0.0,0.0,0.0,20.66,3.17,0.0
20150803:0210,0.0,0.0,0.0,0.0,20.17,3.1,0.0
20150803:0310,0.0,0.0,0.0,0.0,19.44,2.83,0.0
20150803:0410,0.0,0.0,0.0,0.0,18.55,2.62,0.0
20150803:0510,20.0,35.0,0.0,5.75,17.84,2.55,0.0
20150803:0610,130.0,79.0,0.0,15.32,18.85,2.21,0.0
20150803:0710,251.0,119.0,0.0,25.2,21.22,2.41,0.0
20150803:0810,384.0,146.0,0.0,35.0,23.48,2.41,0.0
20150803:0910,534.0,146.0,0.0,44.26,25.67,2.34,0.0
20150803:1010,620.01,163.0,0.0,52.19,27.4,2.41,0.0
20150803:1110,702.01,153.0,0.0,57.53,28.82,2.34,0.0
20150803:1210,755.01,133.0,0.0,58.79,30.11,2.34,0.0
20150803:1310,587.01,210.0,0.0,55.49,31.15,2.48,0.0
20150803:1410,434.0,247.0,0.0,48.77,31.96,3.03,0.0
20150803:1510,345.0,219.0,0.0,40.11,32.4,3.59,0.0
20150803:1610,247.0,178.0,0.0,30.53,32.41,3.66,0.0
20150803:1710,128.0,136.0,0.0,20.64,32.27,3.17,0.0
20150803:1810,27.0,76.0,0.0,10.86,31.46,1.86,0.0
20150803:1910,0.0,4.0,0.0,1.54,29.78,2.62,0.0
20150803:2010,0.0,0.0,0.0,0.0,27.3,3.52,0.0
20150803:2110,0.0,0.0,0.0,0.0,25.54,4.07,0.0
20150803:2210,0.0,0.0,0.0,0.0,23.72,4.0,0.0
20150803:2310,0.0,0.0,0.0,0.0,22.06,3.03,0.0
20150804:0010,0.0,0.0,0.0,0.0,20.89,1.72,0.0
20150804:0110,0.0,0.0,0.0,0.0,20.37,1.03,0.0
20150804:0210,0.0,0.0,0.0,0.0,19.86,2.48,0.0
20150804:0310,0.0,0.0,0.0,0.0,19.28,2.83,0.0
20150804:0410,0.0,0.0,0.0,0.0,18.69,2.97,0.0
20150804:0510,0.0,16.0,0.0,5.56,18.16,3.1,0.0
20150804:0610,114.0,84.0,0.0,15.14,18.06,3.45,0.0
20150804:0710,0.0,119.0,0.0,25.02,17.61,3.31,0.0
20150804:0810,10.0,223.0,0.0,34.82,18.05,2.97,0.0
20150804:0910,129.0,333.0,0.0,44.06,19.51,2.83,0.0
20150804:1010,412.0,281.0,0.0,51.96,20.96,3.17,0.0
20150804:1110,161.0,413.0,0.0,57.28,22.39,3.79,0.0
20150804:1210,401.0,332.0,0.0,58.53,23.33,4.0,0.0
20150804:1310,373.0,325.0,0.0,55.24,23.89,4.14,0.0
20150804:1410,322.0,301.0,0.0,48.54,24.4,4.14,0.0
20150804:1510,455.0,151.0,0.0,39.9,24.61,3.86,0.0
20150804:1610,154.0,216.0,0.0,30.33,24.75,3.66,0.0
20150804:1710,225.0,85.0,0.0,20.44,24.43,2.97,0.0
20150804:1810,61.0,65.0,0.0,10.65,23.92,2.14,0.0
20150804:1910,0.0,5.0,0.0,1.32,22.62,1.31,0.0
20150804:2010,0.0,0.0,0.0,0.0,21.89,0.41,0.0
20150804:2110,0.0,0.0,0.0,0.0,21.17,0.62,0.0
20150804:2210,0.0,0.0,0.0,0.0,19.6,0.9,0.0
20150804:2310,0.0,0.0,0.0,0.0,17.88,1.1,0.0
20150805:0010,0.0,0.0,0.0,0.0,16.55,1.31,0.0
20150805:0110,0.0,0.0,0.0,0.0,15.58,1.38,0.0
20150805:0210,0.0,0.0,0.0,0.0,14.5,1.59,0.0
20150805:0310,0.0,0.0,0.0,0.0,13.78,1.79,0.0
20150805:0410,0.0,0.0,0.0,0.0,13.26,2.0,0.0
20150805:0510,0.0,0.0,0.0,0.0,13.1,2.07,0.0
20150805:0610,124.0,79.0,0.0,14.96,15.02,1.66,0.0
20150805:0710,263.0,109.0,0.0,24.84,18.44,1.72,0.0
20150805:0810,404.0,131.0,0.0,34.64,21.04,2.0,0.0
20150805:0910,540.0,141.0,0.0,43.86,23.37,2.48,0.0
20150805:1010,583.01,184.0,0.0,51.74,24.98,3.1,0.0
20150805:1110,700.01,152.0,0.0,57.03,26.19,3.1,0.0
20150805:1210,547.01,255.0,0.0,58.26,27.31,3.17,0.0
20150805:1310,530.01,242.0,0.0,54.99,28.28,3.24,0.0
20150805:1410,432.0,245.0,0.0,48.31,29.03,3.17,0.0
20150805:1510,140.0,302.0,0.0,39.68,29.43,3.1,0.0
20150805:1610,356.0,114.0,0.0,30.12,29.73,3.03,0.0
20150805:1710,174.0,110.0,0.0,20.23,29.75,2.62,0.0
20150805:1810,53.0,67.0,0.0,10.44,29.27,1.59,0.0
20150805:1910,0.0,0.0,0.0,0.0,27.72,1.1,0.0
20150805:2010,0.0,0.0,0.0,0.0,25.18,2.0,0.0
20150805:2110,0.0,0.0,0.0,0.0,23.49,2.48,0.0
20150805:2210,0.0,0.0,0.0,0.0,22.49,2.34,0.0
20150805:2310,0.0,0.0,0.0,0.0,21.5,1.79,0.0
20150806:0010,0.0,0.0,0.0,0.0,21.58,0.9,0.0
20150806:0110,0.0,0.0,0.0,0.0,19.86,1.31,0.0
20150806:0210,0.0,0.0,0.0,0.0,19.25,2.69,0.0
20150806:0310,0.0,0.0,0.0,0.0,19.13,3.45,0.0
20150806:0410,0.0,0.0,0.0,0.0,18.42,3.59,0.0
20150806:0510,9.0,28.67,0.0,5.18,17.66,3.24,0.0
20150806:0610,71.0,100.0,0.0,14.78,17.93,3.03,0.0
20150806:0710,43.0,186.0,0.0,24.66,19.2,3.38,0.0
20150806:0810,380.0,141.0,0.0,34.45,20.55,3.24,0.0
20150806:0910,512.0,152.0,0.0,43.66,22.21,3.17,0.0
20150806:1010,596.01,170.0,0.0,51.51,23.8,3.1,0.0
20150806:1110,652.01,176.0,0.0,56.77,25.29,3.03,0.0
20150806:1210,690.01,161.0,0.0,57.99,26.57,2.9,0.0
20150806:1310,619.01,182.0,0.0,54.73,27.59,2.69,0.0
20150806:1410,398.0,259.0,0.0,48.07,28.29,2.41,0.0
20150806:1510,440.0,157.0,0.0,39.46,28.52,2.07,0.0
20150806:1610,126.0,222.0,0.0,29.9,28.63,1.59,0.0
20150806:1710,188.0,98.0,0.0,20.02,28.35,1.1,0.0
20150806:1810,47.0,66.0,0.0,10.22,27.95,0.97,0.0
20150806:1910,0.0,0.0,0.0,0.0,27.1,2.07,0.0
20150806:2010,0.0,0.0,0.0,0.0,25.35,2.62,0.0
20150806:2110,0.0,0.0,0.0,0.0,24.27,3.17,0.0
20150806:2210,0.0,0.0,0.0,0.0,22.6,3.66,0.0
20150806:2310,0.0,0.0,0.0,0.0,21.37,3.72,0.0
20150807:0010,0.0,0.0,0.0,0.0,20.31,3.31,0.0
20150807:0110,0.0,0.0,0.0,0.0,19.48,3.17,0.0
20150807:0210,0.0,0.0,0.0,0.0,18.88,3.17,0.0
20150807:0310,0.0,0.0,0.0,0.0,18.22,3.17,0.0
20150807:0410,0.0,0.0,0.0,0.0,17.41,2.97,0.0
20150807:0510,10.0,27.4,0.0,4.99,16.92,2.76,0.0
20150807:0610,108.0,80.0,0.0,14.6,17.61,2.76,0.0
20150807:0710,233.0,118.0,0.0,24.48,18.51,2.62,0.0
20150807:0810,288.0,188.0,0.0,34.27,20.64,2.55,0.0
20150807:0910,0.0,113.0,0.0,43.46,22.58,2.62,0.0
20150807:1010,367.0,294.0,0.0,51.28,24.51,2.55,0.0
20150807:1110,627.01,184.0,0.0,56.51,26.16,2.48,0.0
20150807:1210,507.01,265.0,0.0,57.71,27.52,2.76,0.0
20150807:1310,0.0,150.0,0.0,54.46,28.12,2.48,0.0
20150807:1410,215.0,336.0,0.0,47.82,28.2,1.79,0.0
20150807:1510,28.0,277.0,0.0,39.23,28.41,2.28,0.0
20150807:1610,0.0,116.0,0.0,29.68,28.18,2.07,0.0
20150807:1710,9.0,129.0,0.0,19.8,27.75,1.72,0.0
20150807:1810,0.0,46.0,0.0,10.0,27.26,2.55,0.0
20150807:1910,0.0,0.0,0.0,0.0,26.15,4.07,0.0
20150807:2010,0.0,0.0,0.0,0.0,24.58,5.03,0.0
20150807:2110,0.0,0.0,0.0,0.0,22.85,4.9,0.0
20150807:2210,0.0,0.0,0.0,0.0,21.55,3.79,0.0
20150807:2310,0.0,0.0,0.0,0.0,20.97,3.1,0.0
20150808:0010,0.0,0.0,0.0,0.0,20.27,2.76,0.0
20150808:0110,0.0,0.0,0.0,0.0,19.77,2.48,0.0
20150808:0210,0.0,0.0,0.0,0.0,19.48,2.0,0.0
20150808:0310,0.0,0.0,0.0,0.0,19.11,1.72,0.0
20150808:0410,0.0,0.0,0.0,0.0,18.8,1.86,0.0
20150808:0510,1.0,23.78,0.0,4.8,18.4,2.0,0.0
20150808:0610,0.0,40.0,0.0,14.41,19.01,2.14,0.0
20150808:0710,0.0,72.0,0.0,24.3,19.3,2.97,0.0
20150808:0810,124.0,255.0,0.0,34.08,20.77,3.17,0.0
20150808:0910,422.0,200.0,0.0,43.25,22.69,3.1,0.0
20150808:1010,39.0,356.0,0.0,51.05,24.56,3.38,0.0
20150808:1110,22.0,357.0,0.0,56.25,26.08,3.59,0.0
20150808:1210,0.0,219.0,0.0,57.43,26.88,3.52,0.0
20150808:1310,0.0,227.0,0.0,54.19,27.45,3.31,0.0
20150808:1410,0.0,132.0,0.0,47.57,27.88,3.24,0.0
20150808:1510,0.0,111.0,0.0,38.99,28.33,3.31,0.0
20150808:1610,4.0,174.0,0.0,29.45,28.3,3.52,0.0
20150808:1710,4.0,118.0,0.0,19.57,27.91,4.0,0.0
20150808:1810,4.0,58.0,0.0,9.77,27.08,4.0,0.0
20150808:1910,0.0,0.0,0.0,0.0,25.24,3.79,0.0
20150808:2010,0.0,0.0,0.0,0.0,24.35,4.14,0.0
20150808:2110,0.0,0.0,0.0,0.0,23.67,3.93,0.0
20150808:2210,0.0,0.0,0.0,0.0,23.13,3.52,0.0
20150808:2310,0.0,0.0,0.0,0.0,22.57,3.31,0.0
20150809:0010,0.0,0.0,0.0,0.0,22.06,3.24,0.0
20150809:0110,0.0,0.0,0.0,0.0,21.52,3.1,0.0
20150809:0210,0.0,0.0,0.0,0.0,21.06,2.97,0.0
20150809:0310,0.0,0.0,0.0,0.0,20.46,2.97,0.0
20150809:0410,0.0,0.0,0.0,0.0,19.88,3.1,0.0
20150809:0510,0.0,7.0,0.0,4.6,19.34,2.69,0.0
20150809:0610,5.0,85.0,0.0,14.23,18.71,2.14,0.0
20150809:0710,0.0,72.0,0.0,24.11,19.34,2.69,0.0
20150809:0810,0.0,92.0,0.0,33.89,19.64,2.69,0.0
20150809:0910,1.0,208.0,0.0,43.04,20.03,2.48,0.0
20150809:1010,76.0,370.0,0.0,50.81,20.36,2.76,0.0
20150809:1110,0.0,196.0,0.0,55.98,20.44,2.76,0.0
20150809:1210,173.0,405.0,0.0,57.15,20.69,2.83,0.0
20150809:1310,43.0,371.0,0.0,53.91,21.55,2.97,0.0
20150809:1410,145.0,349.0,0.0,47.31,22.49,3.03,0.0
20150809:1510,14.0,252.0,0.0,38.75,23.23,3.03,0.0
20150809:1610,4.0,169.0,0.0,29.22,23.38,2.97,0.0
20150809:1710,22.0,138.0,0.0,19.34,23.46,2.69,0.0
20150809:1810,11.0,63.0,0.0,9.54,23.31,1.93,0.0
20150809:1910,0.0,0.0,0.0,0.0,23.31,2.07,0.0
20150809:2010,0.0,0.0,0.0,0.0,22.29,2.21,0.0
20150809:2110,0.0,0.0,0.0,0.0,21.49,2.62,0.0
20150809:2210,0.0,0.0,0.0,0.0,20.47,2.76,0.0
20150809:2310,0.0,0.0,0.0,0.0,19.7,2.69,0.0
20150810:0010,0.0,0.0,0.0,0.0,18.85,2.55,0.0
20150810:0110,0.0,0.0,0.0,0.0,17.88,2.48,0.0
20150810:0210,0.0,0.0,0.0,0.0,16.89,2.76,0.0
20150810:0310,0.0,0.0,0.0,0.0,16.1,2.69,0.0
20150810:0410,0.0,0.0,0.0,0.0,15.48,2.34,0.0
20150810:0510,0.0,13.0,0.0,4.4,14.95,2.21,0.0
20150810:0610,23.0,99.0,0.0,14.04,15.51,2.14,0.0
20150810:0710,162.0,150.0,0.0,23.93,17.68,2.0,0.0
20150810:0810,337.0,156.0,0.0,33.69,19.51,1.86,0.0
20150810:0910,409.0,203.0,0.0,42.83,21.43,1.79,0.0
20150810:1010,557.01,183.0,0.0,50.57,23.26,1.66,0.0
20150810:1110,679.01,149.0,0.0,55.7,24.84,1.86,0.0
20150810:1210,683.01,154.0,0.0,56.86,26.27,2.34,0.0
20150810:1310,675.01,138.0,0.0,53.63,27.4,2.62,0.0
20150810:1410,539.01,164.0,0.0,47.05,27.85,2.83,0.0
20150810:1510,462.0,132.0,0.0,38.51,28.05,3.24,0.0
20150810:1610,296.0,132.0,0.0,28.99,27.8,3.52,0.0
20150810:1710,116.0,124.0,0.0,19.11,27.1,3.66,0.0
20150810:1810,38.0,61.0,0.0,9.3,26.28,3.31,0.0
20150810:1910,0.0,0.0,0.0,0.0,25.36,2.83,0.0
20150810:2010,0.0,0.0,0.0,0.0,23.89,2.69,0.0
20150810:2110,0.0,0.0,0.0,0.0,22.81,2.62,0.0
20150810:2210,0.0,0.0,0.0,0.0,21.93,2.55,0.0
20150810:2310,0.0,0.0,0.0,0.0,21.08,2.41,0.0
20150811:0010,0.0,0.0,0.0,0.0,20.29,2.21,0.0
20150811:0110,0.0,0.0,0.0,0.0,19.55,2.0,0.0
20150811:0210,0.0,0.0,0.0,0.0,18.83,2.0,0.0
20150811:0310,0.0,0.0,0.0,0.0,18.22,2.14,0.0
20150811:0410,0.0,0.0,0.0,0.0,17.97,2.21,0.0
20150811:0510,6.0,22.52,0.0,4.2,17.61,2.28,0.0
20150811:0610,22.0,97.0,0.0,13.85,18.6,2.28,0.0
20150811:0710,197.0,129.0,0.0,23.74,19.88,2.83,0.0
20150811:0810,307.0,168.0,0.0,33.5,22.31,2.97,0.0
20150811:0910,477.0,157.0,0.0,42.62,24.32,3.17,0.0
20150811:1010,452.0,239.0,0.0,50.33,25.98,3.45,0.0
20150811:1110,600.01,191.0,0.0,55.43,27.28,3.72,0.0
20150811:1210,536.01,238.0,0.0,56.56,28.08,3.52,0.0
20150811:1310,508.01,231.0,0.0,53.34,28.45,3.52,0.0
20150811:1410,355.0,265.0,0.0,46.78,29.04,3.52,0.0
20150811:1510,210.0,261.0,0.0,38.26,29.63,3.45,0.0
20150811:1610,165.0,194.0,0.0,28.75,29.53,3.66,0.0
20150811:1710,171.0,93.0,0.0,18.87,28.41,3.86,0.0
20150811:1810,13.0,60.0,0.0,9.06,27.34,4.0,0.0
20150811:1910,0.0,0.0,0.0,0.0,25.66,5.03,0.0
20150811:2010,0.0,0.0,0.0,0.0,24.7,5.03,0.0
20150811:2110,0.0,0.0,0.0,0.0,23.83,4.9,0.0
20150811:2210,0.0,0.0,0.0,0.0,23.11,4.48,0.0
20150811:2310,0.0,0.0,0.0,0.0,22.68,4.07,0.0
20150812:0010,0.0,0.0,0.0,0.0,22.4,3.52,0.0
20150812:0110,0.0,0.0,0.0,0.0,21.91,3.03,0.0
20150812:0210,0.0,0.0,0.0,0.0,21.45,2.83,0.0
20150812:0310,0.0,0.0,0.0,0.0,21.21,2.69,0.0
20150812:0410,0.0,0.0,0.0,0.0,20.8,2.55,0.0
20150812:0510,6.0,21.52,0.0,4.0,20.37,2.55,0.0
20150812:0610,59.0,91.0,0.0,13.66,21.02,2.41,0.0
20150812:0710,223.0,111.0,0.0,23.55,22.39,3.24,0.0
20150812:0810,307.0,165.0,0.0,33.3,24.22,3.31,0.0
20150812:0910,478.0,152.0,0.0,42.4,26.18,3.24,0.0
20150812:1010,572.01,163.0,0.0,50.08,28.14,3.24,0.0
20150812:1110,651.01,154.0,0.0,55.15,29.85,3.24,0.0
20150812:1210,663.01,155.0,0.0,56.26,30.99,3.24,0.0
20150812:1310,583.01,181.0,0.0,53.05,31.71,3.17,0.0
20150812:1410,430.0,219.0,0.0,46.51,32.32,2.97,0.0
20150812:1510,468.0,121.0,0.0,38.0,32.66,2.76,0.0
20150812:1610,316.0,113.0,0.0,28.5,32.51,2.48,0.0
20150812:1710,24.0,133.0,0.0,18.63,32.03,2.14,0.0
20150812:1810,15.0,58.0,0.0,8.81,30.91,1.66,0.0
20150812:1910,0.0,0.0,0.0,0.0,29.71,2.41,0.0
20150812:2010,0.0,0.0,0.0,0.0,28.03,2.97,0.0
20150812:2110,0.0,0.0,0.0,0.0,26.86,3.38,0.0
20150812:2210,0.0,0.0,0.0,0.0,26.09,3.38,0.0
20150812:2310,0.0,0.0,0.0,0.0,25.46,3.17,0.0
20150813:0010,0.0,0.0,0.0,0.0,24.95,2.97,0.0
20150813:0110,0.0,0.0,0.0,0.0,24.38,3.1,0.0
20150813:0210,0.0,0.0,0.0,0.0,23.85,3.38,0.0
20150813:0310,0.0,0.0,0.0,0.0,23.42,3.38,0.0
20150813:0410,0.0,0.0,0.0,0.0,23.01,3.24,0.0
20150813:0510,2.0,18.57,0.0,3.8,22.74,3.17,0.0
20150813:0610,9.0,86.0,0.0,13.46,23.37,2.97,0.0
20150813:0710,72.0,172.0,0.0,23.36,24.87,3.1,0.0
20150813:0810,32.0,239.0,0.0,33.1,26.49,3.1,0.0
20150813:0910,447.0,169.0,0.0,42.19,27.47,2.69,0.0
20150813:1010,54.0,354.0,0.0,49.83,28.56,2.48,0.0
20150813:1110,13.0,329.0,0.0,54.86,29.04,2.41,0.0
20150813:1210,32.0,366.0,0.0,55.96,28.99,2.34,0.0
20150813:1310,16.0,328.0,0.0,52.75,26.9,3.59,0.0
20150813:1410,71.0,341.0,0.0,46.23,26.05,4.14,0.0
20150813:1510,18.0,255.0,0.0,37.74,24.65,3.86,0.0
20150813:1610,0.0,54.0,0.0,28.25,23.84,2.97,0.0
20150813:1710,4.0,109.0,0.0,18.38,23.4,2.76,0.0
20150813:1810,39.0,53.0,0.0,8.55,22.89,2.69,0.0
20150813:1910,0.0,0.0,0.0,0.0,20.95,2.07,0.0
20150813:2010,0.0,0.0,0.0,0.0,20.42,2.34,0.0
20150813:2110,0.0,0.0,0.0,0.0,19.93,2.28,0.0
20150813:2210,0.0,0.0,0.0,0.0,19.51,2.76,0.0
20150813:2310,0.0,0.0,0.0,0.0,19.22,2.9,0.0
20150814:0010,0.0,0.0,0.0,0.0,18.84,2.83,0.0
20150814:0110,0.0,0.0,0.0,0.0,18.62,2.9,0.0
20150814:0210,0.0,0.0,0.0,0.0,18.32,2.97,0.0
20150814:0310,0.0,0.0,0.0,0.0,17.96,3.1,0.0
20150814:0410,0.0,0.0,0.0,0.0,17.61,3.03,0.0
20150814:0510,8.0,18.99,0.0,3.6,17.4,2.97,0.0
20150814:0610,0.0,32.0,0.0,13.27,17.62,3.38,0.0
20150814:0710,120.0,160.0,0.0,23.17,17.82,3.03,0.0
20150814:0810,155.0,236.0,0.0,32.9,18.65,3.1,0.0
20150814:0910,76.0,318.0,0.0,41.96,19.38,3.17,0.0
20150814:1010,261.0,332.0,0.0,49.58,20.64,3.72,0.0
20150814:1110,1.0,258.0,0.0,54.57,22.2,4.34,0.0
20150814:1210,155.0,402.0,0.0,55.65,23.44,4.9,0.0
20150814:1310,320.0,327.0,0.0,52.45,24.05,4.41,0.0
20150814:1410,391.0,241.0,0.0,45.95,24.64,4.14,0.0
20150814:1510,494.0,107.0,0.0,37.47,22.47,4.83,0.0
20150814:1610,12.0,187.0,0.0,27.99,20.33,4.14,0.0
20150814:1710,15.0,125.0,0.0,18.12,20.2,3.45,0.0
20150814:1810,7.0,51.0,0.0,8.3,19.33,2.9,0.0
20150814:1910,0.0,0.0,0.0,0.0,20.17,2.97,0.0
20150814:2010,0.0,0.0,0.0,0.0,18.8,3.03,0.0
20150814:2110,0.0,0.0,0.0,0.0,18.15,3.38,0.0
20150814:2210,0.0,0.0,0.0,0.0,17.52,4.0,0.0
20150814:2310,0.0,0.0,0.0,0.0,17.06,4.41,0.0
20150815:0010,0.0,0.0,0.0,0.0,16.58,4.83,0.0
20150815:0110,0.0,0.0,0.0,0.0,16.23,5.1,0.0
20150815:0210,0.0,0.0,0.0,0.0,15.88,4.9,0.0
20150815:0310,0.0,0.0,0.0,0.0,15.72,4.62,0.0
20150815:0410,0.0,0.0,0.0,0.0,15.55,4.48,0.0
20150815:0510,1.0,13.82,0.0,3.4,15.31,4.41,0.0
20150815:0610,0.0,15.0,0.0,13.08,15.12,4.34,0.0
20150815:0710,9.0,149.0,0.0,22.97,14.99,4.55,0.0
20150815:0810,23.0,233.0,0.0,32.7,15.22,4.34,0.0
20150815:0910,118.0,319.0,0.0,41.74,15.99,4.48,0.0
20150815:1010,0.0,183.0,0.0,49.33,17.01,4.76,0.0
20150815:1110,32.0,366.0,0.0,54.28,18.22,4.41,0.0
20150815:1210,245.0,382.0,0.0,55.34,19.47,4.14,0.0
20150815:1310,67.0,381.0,0.0,52.14,20.38,3.93,0.0
20150815:1410,152.0,343.0,0.0,45.66,20.96,3.93,0.0
20150815:1510,389.0,166.0,0.0,37.2,21.26,4.0,0.0
20150815:1610,100.0,211.0,0.0,27.73,21.24,3.93,0.0
20150815:1710,94.0,123.0,0.0,17.87,20.78,3.79,0.0
20150815:1810,45.0,48.0,0.0,8.04,19.86,3.52,0.0
20150815:1910,0.0,0.0,0.0,0.0,18.51,3.17,0.0
20150815:2010,0.0,0.0,0.0,0.0,17.86,3.24,0.0
20150815:2110,0.0,0.0,0.0,0.0,16.99,2.97,0.0
20150815:2210,0.0,0.0,0.0,0.0,16.24,2.69,0.0
20150815:2310,0.0,0.0,0.0,0.0,15.37,2.55,0.0
20150816:0010,0.0,0.0,0.0,0.0,14.88,2.55,0.0
20150816:0110,0.0,0.0,0.0,0.0,14.39,2.41,0.0
20150816:0210,0.0,0.0,0.0,0.0,13.8,2.28,0.0
20150816:0310,0.0,0.0,0.0,0.0,13.22,2.14,0.0
20150816:0410,0.0,0.0,0.0,0.0,12.91,2.0,0.0
20150816:0510,4.0,16.08,0.0,3.19,12.45,1.93,0.0
20150816:0610,117.0,64.0,0.0,12.88,13.02,1.79,0.0
20150816:0710,251.0,97.0,0.0,22.78,14.46,1.72,0.0
20150816:0810,401.0,116.0,0.0,32.49,16.07,1.86,0.0
20150816:0910,507.01,143.0,0.0,41.52,17.57,2.14,0.0
20150816:1010,206.0,358.0,0.0,49.07,18.77,2.14,0.0
20150816:1110,51.0,385.0,0.0,53.99,19.75,2.0,0.0
20150816:1210,35.0,377.0,0.0,55.02,20.16,1.72,0.0
20150816:1310,7.0,307.0,0.0,51.83,20.2,1.79,0.0
20150816:1410,74.0,347.0,0.0,45.37,20.42,2.0,0.0
20150816:1510,34.0,274.0,0.0,36.93,20.38,1.93,0.0
20150816:1610,102.0,211.0,0.0,27.47,20.26,2.0,0.0
20150816:1710,85.0,126.0,0.0,17.6,20.17,2.0,0.0
20150816:1810,11.0,52.0,0.0,7.77,19.89,1.93,0.0
20150816:1910,0.0,0.0,0.0,0.0,19.22,1.72,0.0
20150816:2010,0.0,0.0,0.0,0.0,18.65,1.86,0.0
20150816:2110,0.0,0.0,0.0,0.0,18.19,1.93,0.0
20150816:2210,0.0,0.0,0.0,0.0,17.65,2.0,0.0
20150816:2310,0.0,0.0,0.0,0.0,17.39,2.14,0.0
20150817:0010,0.0,0.0,0.0,0.0,16.99,2.41,0.0
20150817:0110,0.0,0.0,0.0,0.0,16.58,2.62,0.0
20150817:0210,0.0,0.0,0.0,0.0,16.21,2.62,0.0
20150817:0310,0.0,0.0,0.0,0.0,15.62,2.55,0.0
20150817:0410,0.0,0.0,0.0,0.0,15.17,2.69,0.0
20150817:0510,0.0,2.0,0.0,2.98,14.66,2.62,0.0
20150817:0610,54.0,87.0,0.0,12.68,14.61,2.76,0.0
20150817:0710,5.0,137.0,0.0,22.58,15.38,3.03,0.0
20150817:0810,0.0,96.0,0.0,32.29,16.37,3.24,0.0
20150817:0910,0.0,111.0,0.0,41.29,17.26,3.31,0.0
20150817:1010,0.0,147.0,0.0,48.81,18.12,3.03,0.0
20150817:1110,594.01,195.0,0.0,53.69,19.16,2.9,0.0
20150817:1210,295.0,362.0,0.0,54.7,20.05,2.9,0.0
20150817:1310,117.0,388.0,0.0,51.52,20.96,3.24,0.0
20150817:1410,56.0,338.0,0.0,45.07,21.18,3.59,0.0
20150817:1510,65.0,284.0,0.0,36.65,20.83,3.86,0.0
20150817:1610,15.0,188.0,0.0,27.2,20.26,4.0,0.0
20150817:1710,2.0,94.0,0.0,17.33,19.77,3.93,0.0
20150817:1810,12.0,50.0,0.0,7.5,19.11,3.38,0.0
20150817:1910,0.0,0.0,0.0,0.0,18.41,2.48,0.0
20150817:2010,0.0,0.0,0.0,0.0,17.5,2.34,0.0
20150817:2110,0.0,0.0,0.0,0.0,16.56,2.21,0.0
20150817:2210,0.0,0.0,0.0,0.0,15.9,2.07,0.0
20150817:2310,0.0,0.0,0.0,0.0,15.35,1.93,0.0
20150818:0010,0.0,0.0,0.0,0.0,14.65,1.72,0.0
20150818:0110,0.0,0.0,0.0,0.0,13.98,1.45,0.0
20150818:0210,0.0,0.0,0.0,0.0,13.11,1.38,0.0
20150818:0310,0.0,0.0,0.0,0.0,12.31,1.24,0.0
20150818:0410,0.0,0.0,0.0,0.0,12.29,1.03,0.0
20150818:0510,5.0,12.92,0.0,2.78,12.37,0.9,0.0
20150818:0610,10.0,83.0,0.0,12.48,12.72,0.76,0.0
20150818:0710,49.0,171.0,0.0,22.38,14.89,0.76,0.0
20150818:0810,136.0,240.0,0.0,32.08,16.31,0.9,0.0
20150818:0910,371.0,216.0,0.0,41.06,17.93,1.24,0.0
20150818:1010,538.01,187.0,0.0,48.55,19.34,1.93,0.0
20150818:1110,191.0,389.0,0.0,53.39,20.43,2.41,0.0
20150818:1210,0.0,174.0,0.0,54.38,20.67,2.48,0.0
20150818:1310,27.0,348.0,0.0,51.2,20.82,2.48,0.0
20150818:1410,186.0,331.0,0.0,44.77,20.83,2.28,0.0
20150818:1510,135.0,278.0,0.0,36.36,20.93,1.86,0.0
20150818:1610,273.0,129.0,0.0,26.92,21.09,1.72,0.0
20150818:1710,110.0,109.0,0.0,17.06,20.81,1.59,0.0
20150818:1810,46.0,41.0,0.0,7.22,20.33,1.52,0.0
20150818:1910,0.0,0.0,0.0,0.0,19.04,1.93,0.0
20150818:2010,0.0,0.0,0.0,0.0,18.03,1.93,0.0
20150818:2110,0.0,0.0,0.0,0.0,17.11,1.93,0.0
20150818:2210,0.0,0.0,0.0,0.0,16.26,1.86,0.0
20150818:2310,0.0,0.0,0.0,0.0,15.64,1.72,0.0
20150819:0010,0.0,0.0,0.0,0.0,15.04,1.86,0.0
20150819:0110,0.0,0.0,0.0,0.0,14.71,2.0,0.0
20150819:0210,0.0,0.0,0.0,0.0,14.41,2.0,0.0
20150819:0310,0.0,0.0,0.0,0.0,14.27,1.86,0.0
20150819:0410,0.0,0.0,0.0,0.0,14.23,1.86,0.0
20150819:0510,3.0,12.35,0.0,2.57,14.19,1.86,0.0
20150819:0610,52.0,83.0,0.0,12.28,14.59,1.72,0.0
20150819:0710,242.0,94.0,0.0,22.18,15.99,1.66,0.0
20150819:0810,378.0,119.0,0.0,31.87,18.41,1.66,0.0
20150819:0910,504.01,134.0,0.0,40.83,20.49,1.59,0.0
20150819:1010,621.01,133.0,0.0,48.28,22.01,1.45,0.0
20150819:1110,231.0,374.0,0.0,53.09,22.85,1.59,0.0
20150819:1210,28.0,362.0,0.0,54.05,23.41,1.66,0.0
20150819:1310,333.0,317.0,0.0,50.87,23.78,1.52,0.0
20150819:1410,0.0,142.0,0.0,44.47,24.22,1.86,0.0
20150819:1510,344.0,183.0,0.0,36.07,24.24,1.72,0.0
20150819:1610,159.0,183.0,0.0,26.64,24.03,1.59,0.0
20150819:1710,5.0,102.0,0.0,16.79,23.88,1.45,0.0
20150819:1810,10.0,45.0,0.0,6.94,23.2,1.45,0.0
20150819:1910,0.0,0.0,0.0,0.0,22.49,1.38,0.0
20150819:2010,0.0,0.0,0.0,0.0,21.3,1.31,0.0
20150819:2110,0.0,0.0,0.0,0.0,20.24,1.45,0.0
20150819:2210,0.0,0.0,0.0,0.0,19.24,1.93,0.0
20150819:2310,0.0,0.0,0.0,0.0,18.29,2.0,0.0
20150820:0010,0.0,0.0,0.0,0.0,17.41,1.86,0.0
20150820:0110,0.0,0.0,0.0,0.0,16.93,0.83,0.0
20150820:0210,0.0,0.0,0.0,0.0,16.06,0.97,0.0
20150820:0310,0.0,0.0,0.0,0.0,15.73,1.1,0.0
20150820:0410,0.0,0.0,0.0,0.0,15.87,0.76,0.0
20150820:0510,0.0,9.0,0.0,2.36,16.34,0.28,0.0
20150820:0610,13.0,81.0,0.0,12.08,16.04,0.55,0.0
20150820:0710,0.0,88.0,0.0,21.98,17.14,1.03,0.0
20150820:0810,0.0,122.0,0.0,31.65,17.62,1.59,0.0
20150820:0910,10.0,254.0,0.0,40.59,17.57,1.59,0.0
20150820:1010,0.0,229.0,0.0,48.01,18.18,1.79,0.0
20150820:1110,93.0,387.0,0.0,52.78,19.62,2.48,0.0
20150820:1210,8.0,312.0,0.0,53.72,20.58,2.41,0.0
20150820:1310,93.0,375.0,0.0,50.55,22.31,2.28,0.0
20150820:1410,27.0,306.0,0.0,44.16,23.24,1.66,0.0
20150820:1510,345.0,173.0,0.0,35.78,23.56,1.24,0.0
20150820:1610,219.0,147.0,0.0,26.36,23.51,1.03,0.0
20150820:1710,122.0,95.0,0.0,16.51,23.45,0.83,0.0
20150820:1810,12.0,44.0,0.0,6.66,22.81,1.31,0.0
20150820:1910,0.0,0.0,0.0,0.0,21.26,1.45,0.0
20150820:2010,0.0,0.0,0.0,0.0,20.52,1.59,0.0
20150820:2110,0.0,0.0,0.0,0.0,20.06,1.52,0.0
20150820:2210,0.0,0.0,0.0,0.0,19.48,1.59,0.0
20150820:2310,0.0,0.0,0.0,0.0,18.97,1.66,0.0
20150821:0010,0.0,0.0,0.0,0.0,18.24,1.79,0.0
20150821:0110,0.0,0.0,0.0,0.0,17.63,1.86,0.0
20150821:0210,0.0,0.0,0.0,0.0,16.96,1.93,0.0
20150821:0310,0.0,0.0,0.0,0.0,16.41,1.93,0.0
20150821:0410,0.0,0.0,0.0,0.0,15.85,1.86,0.0
20150821:0510,0.0,8.0,0.0,2.15,15.32,1.79,0.0
20150821:0610,89.0,64.0,0.0,11.88,15.74,1.45,0.0
20150821:0710,220.0,98.0,0.0,21.78,18.28,1.59,0.0
20150821:0810,364.0,119.0,0.0,31.44,20.62,1.66,0.0
20150821:0910,508.01,125.0,0.0,40.35,22.81,1.79,0.0
20150821:1010,619.01,126.0,0.0,47.74,24.45,1.72,0.0
20150821:1110,488.01,241.0,0.0,52.47,25.69,1.66,0.0
20150821:1210,527.01,226.0,0.0,53.39,26.48,1.38,0.0
20150821:1310,545.01,190.0,0.0,50.22,27.1,1.38,0.0
20150821:1410,344.0,250.0,0.0,43.84,27.57,1.52,0.0
20150821:1510,344.0,173.0,0.0,35.48,27.81,1.59,0.0
20150821:1610,258.0,124.0,0.0,26.07,27.73,1.66,0.0
20150821:1710,138.0,85.0,0.0,16.22,27.52,1.79,0.0
20150821:1810,23.0,40.0,0.0,6.37,26.65,1.93,0.0
20150821:1910,0.0,0.0,0.0,0.0,24.92,2.41,0.0
20150821:2010,0.0,0.0,0.0,0.0,23.4,2.48,0.0
20150821:2110,0.0,0.0,0.0,0.0,22.23,2.62,0.0
20150821:2210,0.0,0.0,0.0,0.0,21.34,2.62,0.0
20150821:2310,0.0,0.0,0.0,0.0,20.61,2.62,0.0
20150822:0010,0.0,0.0,0.0,0.0,19.88,2.48,0.0
20150822:0110,0.0,0.0,0.0,0.0,19.19,2.34,0.0
20150822:0210,0.0,0.0,0.0,0.0,18.48,2.28,0.0
20150822:0310,0.0,0.0,0.0,0.0,17.76,2.14,0.0
20150822:0410,0.0,0.0,0.0,0.0,17.07,2.14,0.0
20150822:0510,0.0,9.0,0.0,1.93,16.48,2.21,0.0
20150822:0610,88.0,64.0,0.0,11.67,16.91,1.93,0.0
20150822:0710,230.0,94.0,0.0,21.57,19.32,1.72,0.0
20150822:0810,375.0,115.0,0.0,31.23,22.05,2.07,0.0
20150822:0910,515.01,124.0,0.0,40.12,24.62,2.55,0.0
20150822:1010,611.01,134.0,0.0,47.46,26.63,3.45,0.0
20150822:1110,663.01,141.0,0.0,52.15,27.84,4.0,0.0
20150822:1210,665.01,146.0,0.0,53.05,28.64,4.07,0.0
20150822:1310,653.01,130.0,0.0,49.88,29.23,4.0,0.0
20150822:1410,544.01,138.0,0.0,43.52,29.56,4.0,0.0
20150822:1510,437.0,121.0,0.0,35.18,29.63,3.93,0.0
20150822:1610,195.0,158.0,0.0,25.78,29.4,3.93,0.0
20150822:1710,81.0,110.0,0.0,15.93,28.87,3.72,0.0
20150822:1810,15.0,40.0,0.0,6.08,27.66,2.83,0.0
20150822:1910,0.0,0.0,0.0,0.0,25.84,3.1,0.0
20150822:2010,0.0,0.0,0.0,0.0,24.28,3.1,0.0
20150822:2110,0.0,0.0,0.0,0.0,23.1,3.1,0.0
20150822:2210,0.0,0.0,0.0,0.0,22.16,3.24,0.0
20150822:2310,0.0,0.0,0.0,0.0,21.51,3.38,0.0
20150823:0010,0.0,0.0,0.0,0.0,20.97,3.38,0.0
20150823:0110,0.0,0.0,0.0,0.0,20.38,3.38,0.0
20150823:0210,0.0,0.0,0.0,0.0,19.85,3.38,0.0
20150823:0310,0.0,0.0,0.0,0.0,19.24,3.31,0.0
20150823:0410,0.0,0.0,0.0,0.0,18.75,3.31,0.0
20150823:0510,0.0,1.0,0.0,1.72,18.38,3.24,0.0
20150823:0610,2.0,63.0,0.0,11.47,18.83,3.1,0.0
20150823:0710,0.0,49.0,0.0,21.37,20.03,2.41,0.0
20150823:0810,0.0,108.0,0.0,31.01,20.75,3.52,0.0
20150823:0910,0.0,137.0,0.0,39.87,20.07,3.79,0.0
20150823:1010,0.0,115.0,0.0,47.19,18.94,3.31,0.0
20150823:1110,97.0,386.0,0.0,51.84,18.33,4.0,0.0
20150823:1210,241.0,367.0,0.0,52.71,18.18,3.45,0.0
20150823:1310,46.0,355.0,0.0,49.54,19.23,3.52,0.0
20150823:1410,36.0,312.0,0.0,43.2,21.11,3.72,0.0
20150823:1510,93.0,271.0,0.0,34.87,22.08,3.45,0.0
20150823:1610,198.0,152.0,0.0,25.48,22.45,3.24,0.0
20150823:1710,70.0,110.0,0.0,15.64,22.41,2.48,0.0
20150823:1810,24.0,36.0,0.0,5.78,22.12,1.1,0.0
20150823:1910,0.0,0.0,0.0,0.0,20.54,2.21,0.0
20150823:2010,0.0,0.0,0.0,0.0,19.26,2.48,0.0
20150823:2110,0.0,0.0,0.0,0.0,18.59,2.41,0.0
20150823:2210,0.0,0.0,0.0,0.0,18.17,2.28,0.0
20150823:2310,0.0,0.0,0.0,0.0,17.45,2.55,0.0
20150824:0010,0.0,0.0,0.0,0.0,16.97,2.76,0.0
20150824:0110,0.0,0.0,0.0,0.0,16.59,2.76,0.0
20150824:0210,0.0,0.0,0.0,0.0,16.3,2.9,0.0
20150824:0310,0.0,0.0,0.0,0.0,16.3,3.31,0.0
20150824:0410,0.0,0.0,0.0,0.0,16.48,3.86,0.0
20150824:0510,0.0,1.0,0.0,1.51,16.39,3.93,0.0
20150824:0610,2.0,58.0,0.0,11.26,16.07,4.07,0.0
20150824:0710,19.0,150.0,0.0,21.16,16.22,4.69,0.0
20150824:0810,180.0,210.0,0.0,30.79,17.71,5.38,0.0
20150824:0910,97.0,305.0,0.0,39.63,18.26,7.38,0.0
20150824:1010,289.0,304.0,0.0,46.91,19.21,8.69,0.0
20150824:1110,0.0,127.0,0.0,51.52,19.97,8.97,0.0
20150824:1210,0.0,227.0,0.0,52.37,20.76,10.07,0.0
20150824:1310,149.0,368.0,0.0,49.2,19.18,10.0,0.0
20150824:1410,0.0,111.0,0.0,42.87,19.52,9.72,0.0
20150824:1510,97.0,268.0,0.0,34.56,18.59,11.03,0.0
20150824:1610,5.0,154.0,0.0,25.18,17.27,8.83,0.0
20150824:1710,7.0,99.0,0.0,15.34,16.79,8.9,0.0
20150824:1810,22.0,28.15,0.0,5.49,16.28,8.83,0.0
20150824:1910,0.0,0.0,0.0,0.0,14.74,8.69,0.0
20150824:2010,0.0,0.0,0.0,0.0,13.97,8.21,0.0
20150824:2110,0.0,0.0,0.0,0.0,13.64,7.52,0.0
20150824:2210,0.0,0.0,0.0,0.0,13.55,6.97,0.0
20150824:2310,0.0,0.0,0.0,0.0,13.61,6.55,0.0
20150825:0010,0.0,0.0,0.0,0.0,13.66,6.0,0.0
20150825:0110,0.0,0.0,0.0,0.0,13.44,5.38,0.0
20150825:0210,0.0,0.0,0.0,0.0,13.01,4.62,0.0
20150825:0310,0.0,0.0,0.0,0.0,12.4,4.28,0.0
20150825:0410,0.0,0.0,0.0,0.0,11.99,4.14,0.0
20150825:0510,0.0,0.0,0.0,0.0,11.63,3.86,0.0
20150825:0610,75.0,63.0,0.0,11.06,11.9,3.66,0.0
20150825:0710,208.0,98.0,0.0,20.95,13.53,3.93,0.0
20150825:0810,330.0,132.0,0.0,30.57,15.35,4.55,0.0
20150825:0910,229.0,270.0,0.0,39.39,17.01,4.9,0.0
20150825:1010,244.0,323.0,0.0,46.62,18.87,6.0,0.0
20150825:1110,0.0,245.0,0.0,51.2,19.68,6.62,0.0
20150825:1210,7.0,305.0,0.0,52.02,19.85,6.48,0.0
20150825:1310,0.0,163.0,0.0,48.85,19.45,6.34,0.0
20150825:1410,0.0,107.0,0.0,42.54,19.48,6.55,0.0
20150825:1510,151.0,255.0,0.0,34.25,19.44,6.28,0.0
20150825:1610,0.0,118.0,0.0,24.88,19.47,6.41,0.0
20150825:1710,4.0,90.0,0.0,15.04,19.94,5.93,0.0
20150825:1810,3.0,28.28,0.0,5.18,20.26,5.45,0.0
20150825:1910,0.0,0.0,0.0,0.0,19.53,4.83,0.0
20150825:2010,0.0,0.0,0.0,0.0,19.67,4.97,0.0
20150825:2110,0.0,0.0,0.0,0.0,19.62,4.9,0.0
20150825:2210,0.0,0.0,0.0,0.0,19.45,4.83,0.0
20150825:2310,0.0,0.0,0.0,0.0,19.22,4.69,0.0
20150826:0010,0.0,0.0,0.0,0.0,18.52,4.07,0.0
20150826:0110,0.0,0.0,0.0,0.0,17.87,3.72,0.0
20150826:0210,0.0,0.0,0.0,0.0,17.1,3.79,0.0
20150826:0310,0.0,0.0,0.0,0.0,16.61,3.93,0.0
20150826:0410,0.0,0.0,0.0,0.0,16.44,3.93,0.0
20150826:0510,0.0,0.0,0.0,0.0,16.13,3.72,0.0
20150826:0610,74.0,61.0,0.0,10.85,16.33,3.52,0.0
20150826:0710,150.0,124.0,0.0,20.74,18.17,4.48,0.0
20150826:0810,302.0,143.0,0.0,30.35,19.67,4.55,0.0
20150826:0910,464.01,137.0,0.0,39.14,21.61,4.62,0.0
20150826:1010,561.01,146.0,0.0,46.34,23.77,5.24,0.0
20150826:1110,445.01,254.0,0.0,50.87,25.76,6.07,0.0
20150826:1210,583.01,179.0,0.0,51.67,27.34,6.9,0.0
20150826:1310,480.01,215.0,0.0,48.5,28.52,7.52,0.0
20150826:1410,195.0,304.0,0.0,42.21,29.3,8.14,0.0
20150826:1510,4.0,202.0,0.0,33.93,29.08,8.28,0.0
20150826:1610,16.0,172.0,0.0,24.57,27.27,6.83,0.0
20150826:1710,7.0,94.0,0.0,14.74,26.28,6.07,0.0
20150826:1810,1.0,22.8,0.0,4.88,24.82,5.1,0.0
20150826:1910,0.0,0.0,0.0,0.0,23.38,5.31,0.0
20150826:2010,0.0,0.0,0.0,0.0,22.2,5.31,0.0
20150826:2110,0.0,0.0,0.0,0.0,20.28,5.03,0.0
20150826:2210,0.0,0.0,0.0,0.0,19.1,4.76,0.0
20150826:2310,0.0,0.0,0.0,0.0,18.62,4.83,0.0
20150827:0010,0.0,0.0,0.0,0.0,18.52,4.9,0.0
20150827:0110,0.0,0.0,0.0,0.0,18.3,4.28,0.0
20150827:0210,0.0,0.0,0.0,0.0,18.04,4.62,0.0
20150827:0310,0.0,0.0,0.0,0.0,17.5,4.21,0.0
20150827:0410,0.0,0.0,0.0,0.0,16.72,3.52,0.0
20150827:0510,0.0,0.0,0.0,0.0,16.42,3.17,0.0
20150827:0610,1.0,48.0,0.0,10.64,16.24,3.03,0.0
20150827:0710,1.0,99.0,0.0,20.53,15.66,3.52,0.0
20150827:0810,0.0,76.0,0.0,30.12,15.4,3.31,0.0
20150827:0910,0.0,80.0,0.0,38.89,15.23,3.03,0.0
20150827:1010,0.0,118.0,0.0,46.05,15.3,2.76,0.0
20150827:1110,0.0,135.0,0.0,50.54,15.37,2.41,0.0
20150827:1210,0.0,156.0,0.0,51.32,15.38,2.14,0.0
20150827:1310,0.0,113.0,0.0,48.15,15.5,1.93,0.0
20150827:1410,0.0,106.0,0.0,41.87,15.4,1.66,0.0
20150827:1510,0.0,74.0,0.0,33.61,15.43,0.97,0.0
20150827:1610,0.0,35.0,0.0,24.26,15.41,0.41,0.0
20150827:1710,1.0,72.0,0.0,14.43,15.45,0.21,0.0
20150827:1810,5.0,24.78,0.0,4.57,15.3,0.62,0.0
20150827:1910,0.0,0.0,0.0,0.0,14.45,0.48,0.0
20150827:2010,0.0,0.0,0.0,0.0,14.41,0.55,0.0
20150827:2110,0.0,0.0,0.0,0.0,14.39,0.62,0.0
20150827:2210,0.0,0.0,0.0,0.0,14.38,0.76,0.0
20150827:2310,0.0,0.0,0.0,0.0,14.34,0.62,0.0
20150828:0010,0.0,0.0,0.0,0.0,14.34,0.69,0.0
20150828:0110,0.0,0.0,0.0,0.0,14.34,0.55,0.0
20150828:0210,0.0,0.0,0.0,0.0,14.38,0.48,0.0
20150828:0310,0.0,0.0,0.0,0.0,14.34,1.03,0.0
20150828:0410,0.0,0.0,0.0,0.0,14.34,1.24,0.0
20150828:0510,0.0,0.0,0.0,0.0,14.25,1.38,0.0
20150828:0610,66.0,61.0,0.0,10.43,14.37,1.24,0.0
20150828:0710,93.0,145.0,0.0,20.32,14.85,1.72,0.0
20150828:0810,53.0,230.0,0.0,29.9,15.92,1.72,0.0
20150828:0910,5.0,228.0,0.0,38.64,17.17,1.38,0.0
20150828:1010,24.0,313.0,0.0,45.76,18.14,0.9,0.0
20150828:1110,44.0,359.0,0.0,50.21,18.98,0.48,0.0
20150828:1210,32.0,352.0,0.0,50.96,19.76,0.55,0.0
20150828:1310,19.0,317.0,0.0,47.8,20.36,0.83,0.0
20150828:1410,68.0,319.0,0.0,41.53,20.6,1.1,0.0
20150828:1510,103.0,258.0,0.0,33.28,20.81,1.31,0.0
20150828:1610,125.0,170.0,0.0,23.95,20.62,1.79,0.0
20150828:1710,41.0,103.0,0.0,14.12,20.2,2.14,0.0
20150828:1810,15.0,22.08,0.0,4.25,19.64,2.14,0.0
20150828:1910,0.0,0.0,0.0,0.0,19.31,1.59,0.0
20150828:2010,0.0,0.0,0.0,0.0,18.6,1.93,0.0
20150828:2110,0.0,0.0,0.0,0.0,18.13,2.07,0.0
20150828:2210,0.0,0.0,0.0,0.0,17.83,2.14,0.0
20150828:2310,0.0,0.0,0.0,0.0,17.55,2.14,0.0
20150829:0010,0.0,0.0,0.0,0.0,17.09,2.14,0.0
20150829:0110,0.0,0.0,0.0,0.0,16.72,2.0,0.0
20150829:0210,0.0,0.0,0.0,0.0,16.61,1.93,0.0
20150829:0310,0.0,0.0,0.0,0.0,16.28,1.93,0.0
20150829:0410,0.0,0.0,0.0,0.0,15.89,1.93,0.0
20150829:0510,0.0,0.0,0.0,0.0,15.49,1.93,0.0
20150829:0610,14.0,68.0,0.0,10.22,15.79,1.66,0.0
20150829:0710,164.0,110.0,0.0,20.1,17.61,1.79,0.0
20150829:0810,364.0,103.0,0.0,29.67,19.92,1.86,0.0
20150829:0910,505.01,109.0,0.0,38.38,22.06,1.93,0.0
20150829:1010,612.01,112.0,0.0,45.47,23.94,2.07,0.0
20150829:1110,675.01,112.0,0.0,49.88,25.38,2.14,0.0
20150829:1210,679.01,115.0,0.0,50.6,26.72,2.28,0.0
20150829:1310,642.01,112.0,0.0,47.44,27.54,2.55,0.0
20150829:1410,291.0,253.0,0.0,41.19,28.36,2.69,0.0
20150829:1510,354.0,140.0,0.0,32.96,28.9,2.9,0.0
20150829:1610,269.0,95.0,0.0,23.63,29.06,2.9,0.0
20150829:1710,80.0,88.0,0.0,13.81,28.8,2.34,0.0
20150829:1810,0.0,11.0,0.0,3.94,27.69,1.79,0.0
20150829:1910,0.0,0.0,0.0,0.0,25.89,2.55,0.0
20150829:2010,0.0,0.0,0.0,0.0,24.84,2.48,0.0
20150829:2110,0.0,0.0,0.0,0.0,23.88,2.41,0.0
20150829:2210,0.0,0.0,0.0,0.0,22.91,2.41,0.0
20150829:2310,0.0,0.0,0.0,0.0,22.13,2.28,0.0
20150830:0010,0.0,0.0,0.0,0.0,21.49,2.14,0.0
20150830:0110,0.0,0.0,0.0,0.0,20.79,2.14,0.0
20150830:0210,0.0,0.0,0.0,0.0,20.36,2.34,0.0
20150830:0310,0.0,0.0,0.0,0.0,20.23,2.55,0.0
20150830:0410,0.0,0.0,0.0,0.0,20.16,2.69,0.0
20150830:0510,0.0,0.0,0.0,0.0,20.02,2.76,0.0
20150830:0610,65.0,57.0,0.0,10.01,20.38,2.62,0.0
20150830:0710,197.0,92.0,0.0,19.89,21.64,2.14,0.0
20150830:0810,331.0,118.0,0.0,29.44,23.72,2.41,0.0
20150830:0910,396.01,169.0,0.0,38.13,25.54,2.41,0.0
20150830:1010,587.01,126.0,0.0,45.18,27.32,2.76,0.0
20150830:1110,638.01,133.0,0.0,49.54,28.81,2.83,0.0
20150830:1210,604.01,156.0,0.0,50.24,29.72,2.76,0.0
20150830:1310,623.01,122.0,0.0,47.07,30.51,2.83,0.0
20150830:1410,513.01,129.0,0.0,40.84,31.06,3.1,0.0
20150830:1510,370.0,130.0,0.0,32.62,31.15,2.83,0.0
20150830:1610,243.0,105.0,0.0,23.31,30.97,2.41,0.0
20150830:1710,65.0,91.0,0.0,13.49,30.11,1.66,0.0
20150830:1810,3.0,19.29,0.0,3.62,28.58,2.0,0.0
20150830:1910,0.0,0.0,0.0,0.0,26.56,1.79,0.0
20150830:2010,0.0,0.0,0.0,0.0,24.61,1.79,0.0
20150830:2110,0.0,0.0,0.0,0.0,23.04,1.79,0.0
20150830:2210,0.0,0.0,0.0,0.0,21.71,1.72,0.0
20150830:2310,0.0,0.0,0.0,0.0,20.92,1.79,0.0
20150831:0010,0.0,0.0,0.0,0.0,20.35,1.93,0.0
20150831:0110,0.0,0.0,0.0,0.0,19.9,2.07,0.0
20150831:0210,0.0,0.0,0.0,0.0,19.42,2.07,0.0
20150831:0310,0.0,0.0,0.0,0.0,18.88,1.79,0.0
20150831:0410,0.0,0.0,0.0,0.0,18.38,1.66,0.0
20150831:0510,0.0,0.0,0.0,0.0,18.12,1.86,0.0
20150831:0610,60.0,57.0,0.0,9.79,18.81,1.79,0.0
20150831:0710,131.0,121.0,0.0,19.67,21.71,2.69,0.0
20150831:0810,330.0,115.0,0.0,29.21,23.63,3.45,0.0
20150831:0910,434.01,140.0,0.0,37.87,25.18,4.28,0.0
20150831:1010,470.01,186.0,0.0,44.88,25.53,4.34,0.0
20150831:1110,0.0,117.0,0.0,49.2,24.43,3.45,0.0
20150831:1210,579.01,164.0,0.0,49.88,24.45,4.0,0.0
20150831:1310,593.01,132.0,0.0,46.71,25.6,4.48,0.0
20150831:1410,112.0,309.0,0.0,40.49,26.39,4.69,0.0
20150831:1510,216.0,208.0,0.0,32.29,23.95,3.86,0.0
20150831:1610,95.0,169.0,0.0,22.98,23.29,3.86,0.0
20150831:1710,0.0,16.0,0.0,13.17,22.08,2.83,0.0
20150831:1810,0.0,3.0,0.0,3.3,21.48,2.34,0.0
20150831:1910,0.0,0.0,0.0,0.0,21.19,2.9,0.0
20150831:2010,0.0,0.0,0.0,0.0,20.37,3.17,0.0
20150831:2110,0.0,0.0,0.0,0.0,19.67,3.38,0.0
20150831:2210,0.0,0.0,0.0,0.0,19.03,2.97,0.0
20150831:2310,0.0,0.0,0.0,0.0,18.37,3.03,0.0
20150901:0010,0.0,0.0,0.0,0.0,17.51,3.38,0.0
20150901:0110,0.0,0.0,0.0,0.0,16.68,3.17,0.0
20150901:0210,0.0,0.0,0.0,0.0,16.29,3.17,0.0
20150901:0310,0.0,0.0,0.0,0.0,16.13,3.24,0.0
20150901:0410,0.0,0.0,0.0,0.0,16.0,3.45,0.0
20150901:0510,0.0,0.0,0.0,0.0,15.91,3.59,0.0
20150901:0610,0.0,19.0,0.0,9.58,15.82,3.79,0.0
20150901:0710,0.0,79.0,0.0,19.46,15.95,4.0,0.0
20150901:0810,0.0,120.0,0.0,28.98,16.12,4.0,0.0
20150901:0910,40.0,280.0,0.0,37.61,16.79,4.14,0.0
20150901:1010,171.0,331.0,0.0,44.58,17.83,4.34,0.0
20150901:1110,397.01,268.0,0.0,48.86,18.26,4.76,0.0
20150901:1210,185.0,363.0,0.0,49.51,19.0,4.76,0.0
20150901:1310,194.0,339.0,0.0,46.34,19.58,4.76,0.0
20150901:1410,234.0,275.0,0.0,40.13,19.61,4.69,0.0
20150901:1510,134.0,240.0,0.0,31.95,19.44,4.55,0.0
20150901:1610,37.0,172.0,0.0,22.65,18.91,4.28,0.0
20150901:1710,82.0,79.0,0.0,12.85,18.47,3.86,0.0
20150901:1810,0.0,16.0,0.0,2.97,17.8,2.76,0.0
20150901:1910,0.0,0.0,0.0,0.0,17.15,2.76,0.0
20150901:2010,0.0,0.0,0.0,0.0,16.33,2.48,0.0
20150901:2110,0.0,0.0,0.0,0.0,15.29,2.28,0.0
20150901:2210,0.0,0.0,0.0,0.0,14.68,2.14,0.0
20150901:2310,0.0,0.0,0.0,0.0,13.77,2.28,0.0
20150902:0010,0.0,0.0,0.0,0.0,13.01,2.28,0.0
20150902:0110,0.0,0.0,0.0,0.0,12.4,2.21,0.0
20150902:0210,0.0,0.0,0.0,0.0,11.84,2.14,0.0
20150902:0310,0.0,0.0,0.0,0.0,11.29,1.93,0.0
20150902:0410,0.0,0.0,0.0,0.0,10.65,1.79,0.0
20150902:0510,0.0,0.0,0.0,0.0,9.99,1.72,0.0
20150902:0610,69.0,50.0,0.0,9.37,9.87,1.45,0.0
20150902:0710,210.0,83.0,0.0,19.24,12.93,1.17,0.0
20150902:0810,356.0,104.0,0.0,28.74,14.95,1.38,0.0
20150902:0910,437.01,147.0,0.0,37.34,16.59,1.45,0.0
20150902:1010,446.01,210.0,0.0,44.28,17.89,1.86,0.0
20150902:1110,452.01,244.0,0.0,48.52,18.87,2.34,0.0
20150902:1210,467.01,241.0,0.0,49.14,19.59,2.69,0.0
20150902:1310,322.0,292.0,0.0,45.97,20.18,2.83,0.0
20150902:1410,352.0,221.0,0.0,39.78,20.11,3.03,0.0
20150902:1510,169.0,231.0,0.0,31.61,19.43,3.52,0.0
20150902:1610,221.0,112.0,0.0,22.32,18.48,3.93,0.0
20150902:1710,66.0,84.0,0.0,12.52,17.55,3.59,0.0
20150902:1810,0.0,14.0,0.0,2.64,16.82,2.69,0.0
20150902:1910,0.0,0.0,0.0,0.0,15.77,2.34,0.0
20150902:2010,0.0,0.0,0.0,0.0,15.19,2.41,0.0
20150902:2110,0.0,0.0,0.0,0.0,14.8,2.34,0.0
20150902:2210,0.0,0.0,0.0,0.0,14.6,2.14,0.0
20150902:2310,0.0,0.0,0.0,0.0,14.19,2.14,0.0
20150903:0010,0.0,0.0,0.0,0.0,13.68,2.34,0.0
20150903:0110,0.0,0.0,0.0,0.0,12.86,2.28,0.0
20150903:0210,0.0,0.0,0.0,0.0,12.18,2.07,0.0
20150903:0310,0.0,0.0,0.0,0.0,11.57,1.86,0.0
20150903:0410,0.0,0.0,0.0,0.0,10.86,1.86,0.0
20150903:0510,0.0,0.0,0.0,0.0,10.2,1.86,0.0
20150903:0610,66.0,50.0,0.0,9.15,9.99,1.66,0.0
20150903:0710,205.0,83.0,0.0,19.02,11.94,1.86,0.0
20150903:0810,354.0,104.0,0.0,28.51,14.16,2.07,0.0
20150903:0910,444.01,141.0,0.0,37.08,16.01,2.48,0.0
20150903:1010,190.0,329.0,0.0,43.97,17.15,2.76,0.0
20150903:1110,145.0,371.0,0.0,48.17,17.8,2.97,0.0
20150903:1210,183.0,367.0,0.0,48.77,18.23,3.38,0.0
20150903:1310,129.0,355.0,0.0,45.6,18.24,3.72,0.0
20150903:1410,534.01,114.0,0.0,39.42,17.69,3.72,0.0
20150903:1510,209.0,212.0,0.0,31.27,17.44,3.72,0.0
20150903:1610,40.0,171.0,0.0,21.99,16.85,3.59,0.0
20150903:1710,39.0,89.0,0.0,12.19,16.52,3.45,0.0
20150903:1810,0.0,10.0,0.0,2.31,15.93,2.76,0.0
20150903:1910,0.0,0.0,0.0,0.0,15.46,2.62,0.0
20150903:2010,0.0,0.0,0.0,0.0,14.89,2.48,0.0
20150903:2110,0.0,0.0,0.0,0.0,14.31,2.14,0.0
20150903:2210,0.0,0.0,0.0,0.0,13.7,1.93,0.0
20150903:2310,0.0,0.0,0.0,0.0,13.09,1.86,0.0
20150904:0010,0.0,0.0,0.0,0.0,12.47,1.93,0.0
20150904:0110,0.0,0.0,0.0,0.0,11.98,1.93,0.0
20150904:0210,0.0,0.0,0.0,0.0,11.23,2.07,0.0
20150904:0310,0.0,0.0,0.0,0.0,10.73,2.07,0.0
20150904:0410,0.0,0.0,0.0,0.0,10.34,2.0,0.0
20150904:0510,0.0,0.0,0.0,0.0,9.89,1.93,0.0
20150904:0610,60.0,50.0,0.0,8.93,9.88,1.66,0.0
20150904:0710,168.0,100.0,0.0,18.8,12.04,1.93,0.0
20150904:0810,344.0,105.0,0.0,28.27,13.67,2.07,0.0
20150904:0910,413.01,156.0,0.0,36.81,14.97,2.76,0.0
20150904:1010,40.0,324.0,0.0,43.67,15.66,3.03,0.0
20150904:1110,0.0,140.0,0.0,47.83,16.39,2.97,0.0
20150904:1210,0.0,84.0,0.0,48.39,16.98,2.76,0.0
20150904:1310,6.0,273.0,0.0,45.22,17.08,2.76,0.0
20150904:1410,0.0,148.0,0.0,39.06,17.04,2.97,0.0
20150904:1510,91.0,245.0,0.0,30.92,16.67,2.9,0.0
20150904:1610,3.0,127.0,0.0,21.66,16.32,2.76,0.0
20150904:1710,27.0,87.0,0.0,11.86,15.94,2.28,0.0
20150904:1810,0.0,8.0,0.0,1.98,15.35,2.0,0.0
20150904:1910,0.0,0.0,0.0,0.0,14.3,1.93,0.0
20150904:2010,0.0,0.0,0.0,0.0,14.04,1.79,0.0
20150904:2110,0.0,0.0,0.0,0.0,13.55,1.86,0.0
20150904:2210,0.0,0.0,0.0,0.0,12.98,2.0,0.0
20150904:2310,0.0,0.0,0.0,0.0,12.48,2.07,0.0
20150905:0010,0.0,0.0,0.0,0.0,11.87,2.07,0.0
20150905:0110,0.0,0.0,0.0,0.0,11.26,2.07,0.0
20150905:0210,0.0,0.0,0.0,0.0,10.7,2.0,0.0
20150905:0310,0.0,0.0,0.0,0.0,10.2,1.93,0.0
20150905:0410,0.0,0.0,0.0,0.0,10.15,1.72,0.0
20150905:0510,0.0,0.0,0.0,0.0,10.02,1.72,0.0
20150905:0610,7.0,55.0,0.0,8.72,10.68,1.59,0.0
20150905:0710,18.0,133.0,0.0,18.57,11.77,1.86,0.0
20150905:0810,5.0,171.0,0.0,28.03,13.12,2.07,0.0
20150905:0910,184.0,267.0,0.0,36.55,14.78,2.34,0.0
20150905:1010,61.0,331.0,0.0,43.36,15.85,2.76,0.0
20150905:1110,20.0,320.0,0.0,47.48,16.9,3.31,0.0
20150905:1210,391.01,272.0,0.0,48.02,17.76,3.86,0.0
20150905:1310,121.0,348.0,0.0,44.85,17.72,3.93,0.0
20150905:1410,0.0,116.0,0.0,38.69,17.67,3.86,0.0
20150905:1510,0.0,157.0,0.0,30.57,17.72,3.93,0.0
20150905:1610,1.0,111.0,0.0,21.32,17.66,3.79,0.0
20150905:1710,5.0,71.0,0.0,11.53,17.28,3.31,0.0
20150905:1810,0.0,7.0,0.0,1.64,16.46,2.76,0.0
20150905:1910,0.0,0.0,0.0,0.0,15.1,2.62,0.0
20150905:2010,0.0,0.0,0.0,0.0,14.53,2.62,0.0
20150905:2110,0.0,0.0,0.0,0.0,14.09,2.55,0.0
20150905:2210,0.0,0.0,0.0,0.0,13.81,2.55,0.0
20150905:2310,0.0,0.0,0.0,0.0,13.59,2.83,0.0
20150906:0010,0.0,0.0,0.0,0.0,13.36,2.76,0.0
20150906:0110,0.0,0.0,0.0,0.0,13.07,2.62,0.0
20150906:0210,0.0,0.0,0.0,0.0,12.82,2.48,0.0
20150906:0310,0.0,0.0,0.0,0.0,12.4,2.41,0.0
20150906:0410,0.0,0.0,0.0,0.0,12.17,2.48,0.0
20150906:0510,0.0,0.0,0.0,0.0,11.71,2.41,0.0
20150906:0610,52.0,49.0,0.0,8.5,11.33,2.41,0.0
20150906:0710,191.0,83.0,0.0,18.35,11.61,3.03,0.0
20150906:0810,256.0,150.0,0.0,27.79,12.61,3.24,0.0
20150906:0910,230.0,248.0,0.0,36.28,13.78,3.24,0.0
20150906:1010,229.0,308.0,0.0,43.05,14.56,3.1,0.0
20150906:1110,330.01,297.0,0.0,47.13,15.32,3.03,0.0
20150906:1210,391.01,271.0,0.0,47.64,15.87,3.1,0.0
20150906:1310,270.0,303.0,0.0,44.47,16.34,3.17,0.0
20150906:1410,154.0,294.0,0.0,38.32,16.6,3.31,0.0
20150906:1510,40.0,235.0,0.0,30.22,16.56,3.45,0.0
20150906:1610,28.0,160.0,0.0,20.98,16.24,3.52,0.0
20150906:1710,37.0,80.0,0.0,11.19,15.79,3.52,0.0
20150906:1810,0.0,6.0,0.0,1.31,15.25,3.03,0.0
20150906:1910,0.0,0.0,0.0,0.0,14.83,2.48,0.0
20150906:2010,0.0,0.0,0.0,0.0,14.11,2.55,0.0
20150906:2110,0.0,0.0,0.0,0.0,13.57,2.62,0.0
20150906:2210,0.0,0.0,0.0,0.0,12.87,2.55,0.0
20150906:2310,0.0,0.0,0.0,0.0,11.91,2.34,0.0
20150907:0010,0.0,0.0,0.0,0.0,11.13,2.21,0.0
20150907:0110,0.0,0.0,0.0,0.0,10.49,2.07,0.0
20150907:0210,0.0,0.0,0.0,0.0,9.85,1.86,0.0
20150907:0310,0.0,0.0,0.0,0.0,9.2,1.86,0.0
20150907:0410,0.0,0.0,0.0,0.0,8.69,1.93,0.0
20150907:0510,0.0,0.0,0.0,0.0,8.23,1.79,0.0
20150907:0610,50.0,48.0,0.0,8.28,8.11,1.52,0.0
20150907:0710,183.0,84.0,0.0,18.13,10.85,1.52,0.0
20150907:0810,325.0,107.0,0.0,27.55,13.39,1.93,0.0
20150907:0910,473.01,112.0,0.0,36.0,15.57,2.34,0.0
20150907:1010,354.01,245.0,0.0,42.74,17.37,2.9,0.0
20150907:1110,349.01,283.0,0.0,46.77,18.73,3.59,0.0
20150907:1210,82.0,363.0,0.0,47.26,18.9,3.66,0.0
20150907:1310,47.0,331.0,0.0,44.08,18.92,3.66,0.0
20150907:1410,57.0,296.0,0.0,37.96,18.72,3.31,0.0
20150907:1510,101.0,234.0,0.0,29.86,18.59,3.31,0.0
20150907:1610,111.0,147.0,0.0,20.63,18.43,3.17,0.0
20150907:1710,26.0,79.0,0.0,10.85,17.96,2.83,0.0
20150907:1810,0.0,0.0,0.0,0.0,17.32,2.76,0.0
20150907:1910,0.0,0.0,0.0,0.0,15.66,2.62,0.0
20150907:2010,0.0,0.0,0.0,0.0,14.61,2.76,0.0
20150907:2110,0.0,0.0,0.0,0.0,14.09,2.9,0.0
20150907:2210,0.0,0.0,0.0,0.0,13.56,2.9,0.0
20150907:2310,0.0,0.0,0.0,0.0,13.04,2.9,0.0
20150908:0010,0.0,0.0,0.0,0.0,12.64,2.76,0.0
20150908:0110,0.0,0.0,0.0,0.0,12.25,2.48,0.0
20150908:0210,0.0,0.0,0.0,0.0,12.06,2.41,0.0
20150908:0310,0.0,0.0,0.0,0.0,11.49,2.55,0.0
20150908:0410,0.0,0.0,0.0,0.0,11.3,2.62,0.0
20150908:0510,0.0,0.0,0.0,0.0,11.18,2.76,0.0
20150908:0610,32.0,52.0,0.0,8.06,11.43,2.76,0.0
20150908:0710,88.0,127.0,0.0,17.9,12.75,4.14,0.0
20150908:0810,198.0,175.0,0.0,27.3,14.05,4.14,0.0
20150908:0910,277.0,221.0,0.0,35.73,15.52,4.14,0.0
20150908:1010,73.0,331.0,0.0,42.42,16.9,4.28,0.0
20150908:1110,8.0,288.0,0.0,46.42,17.81,4.21,0.0
20150908:1210,16.0,311.0,0.0,46.88,18.52,4.14,0.0
20150908:1310,86.0,341.0,0.0,43.7,18.48,3.93,0.0
20150908:1410,0.0,192.0,0.0,37.58,18.79,3.93,0.0
20150908:1510,202.0,197.0,0.0,29.51,18.71,3.86,0.0
20150908:1610,231.0,86.0,0.0,20.29,18.59,3.93,0.0
20150908:1710,81.0,58.0,0.0,10.51,18.24,3.45,0.0
20150908:1810,0.0,0.0,0.0,0.0,17.47,3.03,0.0
20150908:1910,0.0,0.0,0.0,0.0,16.34,3.24,0.0
20150908:2010,0.0,0.0,0.0,0.0,15.31,3.38,0.0
20150908:2110,0.0,0.0,0.0,0.0,14.67,3.38,0.0
20150908:2210,0.0,0.0,0.0,0.0,13.94,3.24,0.0
20150908:2310,0.0,0.0,0.0,0.0,13.41,3.1,0.0
20150909:0010,0.0,0.0,0.0,0.0,12.81,3.1,0.0
20150909:0110,0.0,0.0,0.0,0.0,12.41,3.1,0.0
20150909:0210,0.0,0.0,0.0,0.0,12.12,3.03,0.0
20150909:0310,0.0,0.0,0.0,0.0,11.8,2.97,0.0
20150909:0410,0.0,0.0,0.0,0.0,11.42,2.97,0.0
20150909:0510,0.0,0.0,0.0,0.0,11.12,2.97,0.0
20150909:0610,48.0,45.0,0.0,7.84,11.04,2.9,0.0
20150909:0710,178.0,83.0,0.0,17.67,12.41,2.9,0.0
20150909:0810,328.0,104.0,0.0,27.06,14.47,3.59,0.0
20150909:0910,479.01,107.0,0.0,35.45,16.49,3.86,0.0
20150909:1010,575.01,116.0,0.0,42.1,18.4,4.07,0.0
20150909:1110,659.01,105.0,0.0,46.06,20.11,4.28,0.0
20150909:1210,681.01,97.0,0.0,46.5,21.29,4.48,0.0
20150909:1310,594.01,118.0,0.0,43.32,22.08,4.55,0.0
20150909:1410,482.01,123.0,0.0,37.21,22.28,4.41,0.0
20150909:1510,364.01,108.0,0.0,29.15,22.39,4.41,0.0
20150909:1610,229.0,84.0,0.0,19.94,22.01,4.21,0.0
20150909:1710,79.0,56.0,0.0,10.17,21.28,3.52,0.0
20150909:1810,0.0,0.0,0.0,0.0,19.58,3.31,0.0
20150909:1910,0.0,0.0,0.0,0.0,17.96,3.17,0.0
20150909:2010,0.0,0.0,0.0,0.0,16.89,3.31,0.0
20150909:2110,0.0,0.0,0.0,0.0,16.05,3.31,0.0
20150909:2210,0.0,0.0,0.0,0.0,15.34,3.17,0.0
20150909:2310,0.0,0.0,0.0,0.0,14.71,3.17,0.0
20150910:0010,0.0,0.0,0.0,0.0,14.16,3.17,0.0
20150910:0110,0.0,0.0,0.0,0.0,13.67,3.1,0.0
20150910:0210,0.0,0.0,0.0,0.0,13.2,3.1,0.0
20150910:0310,0.0,0.0,0.0,0.0,12.78,3.1,0.0
20150910:0410,0.0,0.0,0.0,0.0,12.31,3.1,0.0
20150910:0510,0.0,0.0,0.0,0.0,11.94,3.1,0.0
20150910:0610,47.0,44.0,0.0,7.62,11.85,3.1,0.0
20150910:0710,179.0,81.0,0.0,17.44,12.74,2.69,0.0
20150910:0810,327.0,103.0,0.0,26.81,14.85,3.38,0.0
20150910:0910,465.01,113.0,0.0,35.18,16.92,3.45,0.0
20150910:1010,566.01,120.0,0.0,41.79,18.8,3.45,0.0
20150910:1110,640.01,114.0,0.0,45.7,20.41,3.52,0.0
20150910:1210,664.01,105.0,0.0,46.11,21.6,3.59,0.0
20150910:1310,593.01,116.0,0.0,42.93,22.31,3.66,0.0
20150910:1410,493.01,115.0,0.0,36.84,22.52,3.59,0.0
20150910:1510,361.01,107.0,0.0,28.79,22.39,3.52,0.0
20150910:1610,223.0,84.0,0.0,19.59,21.87,3.59,0.0
20150910:1710,76.0,55.0,0.0,9.83,20.9,3.24,0.0
20150910:1810,0.0,0.0,0.0,0.0,19.1,3.17,0.0
20150910:1910,0.0,0.0,0.0,0.0,17.55,2.97,0.0
20150910:2010,0.0,0.0,0.0,0.0,16.34,2.83,0.0
20150910:2110,0.0,0.0,0.0,0.0,15.27,2.62,0.0
20150910:2210,0.0,0.0,0.0,0.0,14.3,2.48,0.0
20150910:2310,0.0,0.0,0.0,0.0,13.46,2.48,0.0
20150911:0010,0.0,0.0,0.0,0.0,12.69,2.41,0.0
20150911:0110,0.0,0.0,0.0,0.0,11.99,2.28,0.0
20150911:0210,0.0,0.0,0.0,0.0,11.17,2.07,0.0
20150911:0310,0.0,0.0,0.0,0.0,10.26,1.93,0.0
20150911:0410,0.0,0.0,0.0,0.0,9.53,2.0,0.0
20150911:0510,0.0,0.0,0.0,0.0,8.92,2.07,0.0
20150911:0610,46.0,42.0,0.0,7.39,8.61,1.72,0.0
20150911:0710,172.0,81.0,0.0,17.21,11.03,1.1,0.0
20150911:0810,321.0,102.0,0.0,26.56,13.67,1.1,0.0
20150911:0910,424.01,131.0,0.0,34.9,15.94,0.83,0.0
20150911:1010,436.01,192.0,0.0,41.47,17.9,0.69,0.0
20150911:1110,590.01,136.0,0.0,45.34,19.43,0.41,0.0
20150911:1210,638.01,114.0,0.0,45.73,20.61,0.28,0.0
20150911:1310,543.01,139.0,0.0,42.54,21.39,0.55,0.0
20150911:1410,518.01,97.0,0.0,36.46,21.96,0.62,0.0
20150911:1510,285.0,145.0,0.0,28.43,22.16,0.62,0.0
20150911:1610,111.0,135.0,0.0,19.24,22.07,0.69,0.0
20150911:1710,25.0,68.0,0.0,9.48,21.63,0.9,0.0
20150911:1810,0.0,0.0,0.0,0.0,20.36,1.72,0.0
20150911:1910,0.0,0.0,0.0,0.0,19.24,2.34,0.0
20150911:2010,0.0,0.0,0.0,0.0,19.0,2.41,0.0
20150911:2110,0.0,0.0,0.0,0.0,18.42,2.62,0.0
20150911:2210,0.0,0.0,0.0,0.0,17.9,2.76,0.0
20150911:2310,0.0,0.0,0.0,0.0,18.08,2.83,0.0
20150912:0010,0.0,0.0,0.0,0.0,17.99,2.83,0.0
20150912:0110,0.0,0.0,0.0,0.0,17.78,2.69,0.0
20150912:0210,0.0,0.0,0.0,0.0,16.95,2.41,0.0
20150912:0310,0.0,0.0,0.0,0.0,16.7,2.41,0.0
20150912:0410,0.0,0.0,0.0,0.0,16.28,2.21,0.0
20150912:0510,0.0,0.0,0.0,0.0,16.11,2.48,0.0
20150912:0610,0.0,7.0,0.0,7.17,16.33,3.17,0.0
20150912:0710,0.0,63.0,0.0,16.98,16.55,3.31,0.0
20150912:0810,0.0,61.0,0.0,26.31,16.73,3.86,0.0
20150912:0910,0.0,109.0,0.0,34.62,16.98,3.79,0.0
20150912:1010,0.0,132.0,0.0,41.14,17.12,3.79,0.0
20150912:1110,0.0,141.0,0.0,44.97,17.14,3.52,0.0
20150912:1210,0.0,120.0,0.0,45.34,17.05,3.52,0.0
20150912:1310,0.0,178.0,0.0,42.15,17.19,2.83,0.0
20150912:1410,33.0,266.0,0.0,36.08,17.77,2.76,0.0
20150912:1510,0.0,115.0,0.0,28.07,18.64,2.48,0.0
20150912:1610,89.0,135.0,0.0,18.89,19.0,2.34,0.0
20150912:1710,39.0,60.0,0.0,9.14,17.44,2.69,0.0
20150912:1810,0.0,0.0,0.0,0.0,16.84,2.07,0.0
20150912:1910,0.0,0.0,0.0,0.0,16.43,1.93,0.0
20150912:2010,0.0,0.0,0.0,0.0,15.72,1.86,0.0
20150912:2110,0.0,0.0,0.0,0.0,14.93,1.72,0.0
20150912:2210,0.0,0.0,0.0,0.0,14.12,1.38,0.0
20150912:2310,0.0,0.0,0.0,0.0,13.77,1.45,0.0
20150913:0010,0.0,0.0,0.0,0.0,13.03,1.86,0.0
20150913:0110,0.0,0.0,0.0,0.0,12.65,2.0,0.0
20150913:0210,0.0,0.0,0.0,0.0,12.63,1.93,0.0
20150913:0310,0.0,0.0,0.0,0.0,12.67,2.07,0.0
20150913:0410,0.0,0.0,0.0,0.0,12.7,2.28,0.0
20150913:0510,0.0,0.0,0.0,0.0,12.87,2.28,0.0
20150913:0610,21.0,44.0,0.0,6.95,13.38,2.55,0.0
20150913:0710,13.0,115.0,0.0,16.75,14.67,2.76,0.0
20150913:0810,0.0,129.0,0.0,26.06,15.6,3.52,0.0
20150913:0910,0.0,87.0,0.0,34.33,16.74,4.14,0.0
20150913:1010,0.0,80.0,0.0,40.82,18.27,4.48,0.0
20150913:1110,0.0,200.0,0.0,44.61,19.31,5.79,0.0
20150913:1210,8.0,276.0,0.0,44.95,17.77,6.21,0.0
20150913:1310,92.0,324.0,0.0,41.76,17.19,5.17,0.0
20150913:1410,12.0,238.0,0.0,35.7,17.09,4.55,0.0
20150913:1510,0.0,114.0,0.0,27.7,17.14,4.21,0.0
20150913:1610,38.0,141.0,0.0,18.54,16.53,3.52,0.0
20150913:1710,9.0,58.0,0.0,8.79,16.22,2.55,0.0
20150913:1810,0.0,0.0,0.0,0.0,15.48,1.38,0.0
20150913:1910,0.0,0.0,0.0,0.0,15.91,1.1,0.0
20150913:2010,0.0,0.0,0.0,0.0,15.49,1.86,0.0
20150913:2110,0.0,0.0,0.0,0.0,15.12,2.55,0.0
20150913:2210,0.0,0.0,0.0,0.0,14.8,2.9,0.0
20150913:2310,0.0,0.0,0.0,0.0,14.75,3.38,0.0
20150914:0010,0.0,0.0,0.0,0.0,14.72,3.59,0.0
20150914:0110,0.0,0.0,0.0,0.0,14.58,3.66,0.0
20150914:0210,0.0,0.0,0.0,0.0,14.56,4.0,0.0
20150914:0310,0.0,0.0,0.0,0.0,14.37,4.28,0.0
20150914:0410,0.0,0.0,0.0,0.0,14.12,4.34,0.0
20150914:0510,0.0,0.0,0.0,0.0,14.02,4.41,0.0
20150914:0610,9.0,42.0,0.0,6.72,13.98,4.76,0.0
20150914:0710,4.0,99.0,0.0,16.52,14.25,6.34,0.0
20150914:0810,29.0,195.0,0.0,25.81,13.87,5.1,0.0
20150914:0910,197.0,240.0,0.0,34.05,14.21,4.69,0.0
20150914:1010,386.01,207.0,0.0,40.49,15.57,6.55,0.0
20150914:1110,546.01,148.0,0.0,44.24,16.93,7.93,0.0
20150914:1210,0.0,99.0,0.0,44.56,17.68,8.69,0.0
20150914:1310,518.01,138.0,0.0,41.37,17.78,8.69,0.0
20150914:1410,400.01,149.0,0.0,35.32,17.88,8.07,0.0
20150914:1510,347.01,97.0,0.0,27.33,17.5,8.0,0.0
20150914:1610,109.0,123.0,0.0,18.18,16.82,7.24,0.0
20150914:1710,51.0,51.0,0.0,8.44,16.23,6.97,0.0
20150914:1810,0.0,0.0,0.0,0.0,15.17,6.34,0.0
20150914:1910,0.0,0.0,0.0,0.0,13.99,5.17,0.0
20150914:2010,0.0,0.0,0.0,0.0,13.36,5.31,0.0
20150914:2110,0.0,0.0,0.0,0.0,13.14,5.52,0.0
20150914:2210,0.0,0.0,0.0,0.0,12.75,5.72,0.0
20150914:2310,0.0,0.0,0.0,0.0,12.63,5.93,0.0
20150915:0010,0.0,0.0,0.0,0.0,12.52,6.14,0.0
20150915:0110,0.0,0.0,0.0,0.0,12.34,6.41,0.0
20150915:0210,0.0,0.0,0.0,0.0,12.29,6.69,0.0
20150915:0310,0.0,0.0,0.0,0.0,12.47,7.03,0.0
20150915:0410,0.0,0.0,0.0,0.0,12.23,6.76,0.0
20150915:0510,0.0,0.0,0.0,0.0,11.82,7.03,0.0
20150915:0610,0.0,22.0,0.0,6.49,11.52,6.62,0.0
20150915:0710,137.0,90.0,0.0,16.28,11.95,5.59,0.0
20150915:0810,262.0,124.0,0.0,25.56,13.14,6.0,0.0
20150915:0910,227.0,227.0,0.0,33.76,14.56,6.21,0.0
20150915:1010,254.0,274.0,0.0,40.17,15.87,6.48,0.0
20150915:1110,400.01,234.0,0.0,43.88,17.1,7.31,0.0
20150915:1210,530.01,161.0,0.0,44.17,17.83,6.9,0.0
20150915:1310,499.01,149.0,0.0,40.97,18.08,6.34,0.0
20150915:1410,177.0,260.0,0.0,34.94,18.07,5.93,0.0
20150915:1510,185.0,180.0,0.0,26.97,17.59,4.97,0.0
20150915:1610,12.0,126.0,0.0,17.83,17.53,4.76,0.0
20150915:1710,28.0,55.0,0.0,8.09,17.05,3.17,0.0
20150915:1810,0.0,0.0,0.0,0.0,16.13,2.55,0.0
20150915:1910,0.0,0.0,0.0,0.0,15.67,3.38,0.0
20150915:2010,0.0,0.0,0.0,0.0,15.08,3.79,0.0
20150915:2110,0.0,0.0,0.0,0.0,14.32,3.79,0.0
20150915:2210,0.0,0.0,0.0,0.0,14.16,3.93,0.0
20150915:2310,0.0,0.0,0.0,0.0,14.12,4.21,0.0
20150916:0010,0.0,0.0,0.0,0.0,14.32,4.34,0.0
20150916:0110,0.0,0.0,0.0,0.0,15.33,5.1,0.0
20150916:0210,0.0,0.0,0.0,0.0,16.59,6.28,0.0
20150916:0310,0.0,0.0,0.0,0.0,17.23,6.34,0.0
20150916:0410,0.0,0.0,0.0,0.0,17.35,6.48,0.0
20150916:0510,0.0,0.0,0.0,0.0,17.37,6.62,0.0
20150916:0610,0.0,12.0,0.0,6.27,17.26,6.9,0.0
20150916:0710,7.0,104.0,0.0,16.05,17.49,6.28,0.0
20150916:0810,0.0,35.0,0.0,25.3,17.85,6.21,0.0
20150916:0910,0.0,55.0,0.0,33.48,17.96,6.21,0.0
20150916:1010,0.0,169.0,0.0,39.84,17.58,6.28,0.0
20150916:1110,0.0,120.0,0.0,43.51,17.6,6.41,0.0
20150916:1210,0.0,102.0,0.0,43.77,17.38,6.48,0.0
20150916:1310,0.0,58.0,0.0,40.58,18.27,6.34,0.0
20150916:1410,36.0,260.0,0.0,34.56,18.82,5.52,0.0
20150916:1510,284.0,119.0,0.0,26.6,19.63,6.62,0.0
20150916:1610,88.0,123.0,0.0,17.47,19.75,5.86,0.0
20150916:1710,9.0,51.0,0.0,7.74,19.33,5.79,0.0
20150916:1810,0.0,0.0,0.0,0.0,18.92,6.55,0.0
20150916:1910,0.0,0.0,0.0,0.0,18.53,8.07,0.0
20150916:2010,0.0,0.0,0.0,0.0,18.13,8.14,0.0
20150916:2110,0.0,0.0,0.0,0.0,17.39,7.59,0.0
20150916:2210,0.0,0.0,0.0,0.0,16.61,7.03,0.0
20150916:2310,0.0,0.0,0.0,0.0,16.14,6.9,0.0
20150917:0010,0.0,0.0,0.0,0.0,16.03,7.03,0.0
20150917:0110,0.0,0.0,0.0,0.0,15.92,7.03,0.0
20150917:0210,0.0,0.0,0.0,0.0,15.83,6.83,0.0
20150917:0310,0.0,0.0,0.0,0.0,15.79,6.76,0.0
20150917:0410,0.0,0.0,0.0,0.0,15.18,7.03,0.0
20150917:0510,0.0,0.0,0.0,0.0,14.44,4.9,0.0
20150917:0610,34.0,34.0,0.0,6.04,14.1,3.86,0.0
20150917:0710,41.0,118.0,0.0,15.81,13.91,4.21,0.0
20150917:0810,8.0,164.0,0.0,25.04,14.45,5.31,0.0
20150917:0910,0.0,106.0,0.0,33.19,15.32,5.03,0.0
20150917:1010,4.0,236.0,0.0,39.51,16.56,4.41,0.0
20150917:1110,297.01,278.0,0.0,43.14,17.06,4.21,0.0
20150917:1210,55.0,331.0,0.0,43.38,17.32,4.28,0.0
20150917:1310,5.0,243.0,0.0,40.18,17.72,4.41,0.0
20150917:1410,1.0,175.0,0.0,34.17,18.23,4.34,0.0
20150917:1510,12.0,181.0,0.0,26.23,18.35,4.07,0.0
20150917:1610,17.0,124.0,0.0,17.11,17.13,4.07,0.0
20150917:1710,7.0,48.0,0.0,7.39,16.42,3.1,0.0
20150917:1810,0.0,0.0,0.0,0.0,15.96,2.48,0.0
20150917:1910,0.0,0.0,0.0,0.0,14.72,2.41,0.0
20150917:2010,0.0,0.0,0.0,0.0,14.16,2.34,0.0
20150917:2110,0.0,0.0,0.0,0.0,13.94,2.48,0.0
20150917:2210,0.0,0.0,0.0,0.0,13.46,2.83,0.0
20150917:2310,0.0,0.0,0.0,0.0,12.9,3.1,0.0
20150918:0010,0.0,0.0,0.0,0.0,12.43,3.38,0.0
20150918:0110,0.0,0.0,0.0,0.0,12.06,3.38,0.0
20150918:0210,0.0,0.0,0.0,0.0,11.79,3.31,0.0
20150918:0310,0.0,0.0,0.0,0.0,11.18,3.31,0.0
20150918:0410,0.0,0.0,0.0,0.0,10.82,3.31,0.0
20150918:0510,0.0,0.0,0.0,0.0,10.6,3.45,0.0
20150918:0610,22.0,36.0,0.0,5.81,10.73,3.59,0.0
20150918:0710,25.0,115.0,0.0,15.57,12.0,3.45,0.0
20150918:0810,36.0,191.0,0.0,24.78,13.8,4.9,0.0
20150918:0910,6.0,205.0,0.0,32.89,15.38,5.93,0.0
20150918:1010,127.0,307.0,0.0,39.18,16.59,6.28,0.0
20150918:1110,65.0,332.0,0.0,42.77,17.11,6.14,0.0
20150918:1210,78.0,336.0,0.0,42.99,17.55,6.0,0.0
20150918:1310,556.01,106.0,0.0,39.78,18.06,6.07,0.0
20150918:1410,0.0,67.0,0.0,33.79,17.56,5.79,0.0
20150918:1510,0.0,54.0,0.0,25.86,15.67,4.9,0.0
20150918:1610,12.0,118.0,0.0,16.75,15.3,4.76,0.0
20150918:1710,10.0,47.0,0.0,7.03,15.11,4.34,0.0
20150918:1810,0.0,0.0,0.0,0.0,13.75,3.86,0.0
20150918:1910,0.0,0.0,0.0,0.0,13.38,2.97,0.0
20150918:2010,0.0,0.0,0.0,0.0,12.86,2.62,0.0
20150918:2110,0.0,0.0,0.0,0.0,12.55,2.41,0.0
20150918:2210,0.0,0.0,0.0,0.0,12.5,2.21,0.0
20150918:2310,0.0,0.0,0.0,0.0,12.0,2.21,0.0
20150919:0010,0.0,0.0,0.0,0.0,11.69,2.21,0.0
20150919:0110,0.0,0.0,0.0,0.0,11.56,2.14,0.0
20150919:0210,0.0,0.0,0.0,0.0,11.34,2.21,0.0
20150919:0310,0.0,0.0,0.0,0.0,11.16,2.14,0.0
20150919:0410,0.0,0.0,0.0,0.0,10.89,2.21,0.0
20150919:0510,0.0,0.0,0.0,0.0,10.56,2.14,0.0
20150919:0610,12.0,31.81,0.0,5.58,10.44,2.07,0.0
20150919:0710,39.0,115.0,0.0,15.34,11.75,2.21,0.0
20150919:0810,18.0,177.0,0.0,24.52,13.41,3.1,0.0
20150919:0910,0.0,135.0,0.0,32.6,14.84,3.03,0.0
20150919:1010,199.0,285.0,0.0,38.84,16.1,2.76,0.0
20150919:1110,1.0,215.0,0.0,42.4,17.12,2.97,0.0
20150919:1210,277.01,285.0,0.0,42.59,18.05,3.38,0.0
20150919:1310,494.01,135.0,0.0,39.39,18.72,3.59,0.0
20150919:1410,54.0,263.0,0.0,33.4,18.89,3.72,0.0
20150919:1510,284.01,112.0,0.0,25.49,18.67,3.59,0.0
20150919:1610,159.0,81.0,0.0,16.39,18.23,3.24,0.0
20150919:1710,34.0,42.0,0.0,6.68,17.47,2.9,0.0
20150919:1810,0.0,0.0,0.0,0.0,16.12,2.76,0.0
20150919:1910,0.0,0.0,0.0,0.0,15.11,2.62,0.0
20150919:2010,0.0,0.0,0.0,0.0,14.1,2.69,0.0
20150919:2110,0.0,0.0,0.0,0.0,13.27,2.69,0.0
20150919:2210,0.0,0.0,0.0,0.0,12.45,2.48,0.0
20150919:2310,0.0,0.0,0.0,0.0,11.68,2.28,0.0
20150920:0010,0.0,0.0,0.0,0.0,10.97,2.21,0.0
20150920:0110,0.0,0.0,0.0,0.0,10.36,2.14,0.0
20150920:0210,0.0,0.0,0.0,0.0,9.81,1.93,0.0
20150920:0310,0.0,0.0,0.0,0.0,9.22,2.0,0.0
20150920:0410,0.0,0.0,0.0,0.0,8.72,2.07,0.0
20150920:0510,0.0,0.0,0.0,0.0,8.36,2.0,0.0
20150920:0610,26.0,24.63,0.0,5.35,7.98,1.79,0.0
20150920:0710,148.0,73.0,0.0,15.1,9.58,1.38,0.0
20150920:0810,282.01,100.0,0.0,24.26,12.24,1.72,0.0
20150920:0910,430.01,105.0,0.0,32.31,14.0,2.48,0.0
20150920:1010,523.01,114.0,0.0,38.51,15.22,2.48,0.0
20150920:1110,204.0,313.0,0.0,42.02,15.73,2.14,0.0
20150920:1210,265.01,291.0,0.0,42.2,16.24,1.93,0.0
20150920:1310,306.01,243.0,0.0,38.99,16.71,1.66,0.0
20150920:1410,205.0,233.0,0.0,33.02,16.81,1.38,0.0
20150920:1510,207.0,153.0,0.0,25.12,17.0,1.17,0.0
20150920:1610,137.0,90.0,0.0,16.03,16.8,1.1,0.0
20150920:1710,43.0,35.0,0.0,6.33,16.42,1.17,0.0
20150920:1810,0.0,0.0,0.0,0.0,15.71,1.24,0.0
20150920:1910,0.0,0.0,0.0,0.0,15.25,1.45,0.0
20150920:2010,0.0,0.0,0.0,0.0,14.94,1.38,0.0
20150920:2110,0.0,0.0,0.0,0.0,14.26,1.52,0.0
20150920:2210,0.0,0.0,0.0,0.0,13.63,1.52,0.0
20150920:2310,0.0,0.0,0.0,0.0,13.14,1.38,0.0
20150921:0010,0.0,0.0,0.0,0.0,12.97,1.31,0.0
20150921:0110,0.0,0.0,0.0,0.0,12.71,1.38,0.0
20150921:0210,0.0,0.0,0.0,0.0,12.51,1.38,0.0
20150921:0310,0.0,0.0,0.0,0.0,12.47,1.24,0.0
20150921:0410,0.0,0.0,0.0,0.0,11.77,1.24,0.0
20150921:0510,0.0,0.0,0.0,0.0,11.39,1.17,0.0
20150921:0610,23.0,24.3,0.0,5.12,10.93,1.17,0.0
20150921:0710,141.0,73.0,0.0,14.85,10.79,1.03,0.0
20150921:0810,242.0,119.0,0.0,24.0,13.21,1.38,0.0
20150921:0910,394.01,119.0,0.0,32.01,14.87,1.72,0.0
20150921:1010,452.01,150.0,0.0,38.17,15.89,2.0,0.0
20150921:1110,489.01,163.0,0.0,41.65,16.63,2.07,0.0
20150921:1210,196.0,313.0,0.0,41.8,17.41,2.0,0.0
20150921:1310,441.01,162.0,0.0,38.59,18.07,2.14,0.0
20150921:1410,330.01,165.0,0.0,32.63,18.55,2.62,0.0
20150921:1510,124.0,185.0,0.0,24.75,18.74,3.03,0.0
20150921:1610,30.0,119.0,0.0,15.67,18.35,2.48,0.0
20150921:1710,0.0,6.0,0.0,5.97,17.55,2.62,0.0
20150921:1810,0.0,0.0,0.0,0.0,16.55,2.83,0.0
20150921:1910,0.0,0.0,0.0,0.0,16.46,3.1,0.0
20150921:2010,0.0,0.0,0.0,0.0,16.2,3.45,0.0
20150921:2110,0.0,0.0,0.0,0.0,15.87,3.72,0.0
20150921:2210,0.0,0.0,0.0,0.0,15.6,3.93,0.0
20150921:2310,0.0,0.0,0.0,0.0,15.4,4.0,0.0
20150922:0010,0.0,0.0,0.0,0.0,15.07,3.93,0.0
20150922:0110,0.0,0.0,0.0,0.0,14.81,3.93,0.0
20150922:0210,0.0,0.0,0.0,0.0,14.54,3.86,0.0
20150922:0310,0.0,0.0,0.0,0.0,14.25,3.86,0.0
20150922:0410,0.0,0.0,0.0,0.0,13.76,3.72,0.0
20150922:0510,0.0,0.0,0.0,0.0,13.22,3.59,0.0
20150922:0610,0.0,21.0,0.0,4.89,12.74,3.86,0.0
20150922:0710,55.0,107.0,0.0,14.61,12.69,4.48,0.0
20150922:0810,0.0,109.0,0.0,23.74,13.37,6.62,0.0
20150922:0910,0.0,142.0,0.0,31.71,14.22,6.48,0.0
20150922:1010,10.0,248.0,0.0,37.84,12.99,6.48,0.0
20150922:1110,172.0,315.0,0.0,41.27,13.0,6.48,0.0
20150922:1210,466.01,174.0,0.0,41.4,13.7,5.1,0.0
20150922:1310,106.0,304.0,0.0,38.19,15.23,6.48,0.0
20150922:1410,9.0,213.0,0.0,32.24,15.79,7.17,0.0
20150922:1510,274.01,106.0,0.0,24.37,15.72,7.03,0.0
20150922:1610,0.0,59.0,0.0,15.31,14.84,5.93,0.0
20150922:1710,33.0,24.81,0.0,5.62,13.12,5.72,0.0
20150922:1810,0.0,0.0,0.0,0.0,12.5,5.52,0.0
20150922:1910,0.0,0.0,0.0,0.0,11.69,5.1,0.0
20150922:2010,0.0,0.0,0.0,0.0,11.45,5.31,0.0
20150922:2110,0.0,0.0,0.0,0.0,11.36,4.97,0.0
20150922:2210,0.0,0.0,0.0,0.0,10.83,4.62,0.0
20150922:2310,0.0,0.0,0.0,0.0,10.62,4.28,0.0
20150923:0010,0.0,0.0,0.0,0.0,10.45,3.72,0.0
20150923:0110,0.0,0.0,0.0,0.0,10.36,3.45,0.0
20150923:0210,0.0,0.0,0.0,0.0,10.36,3.31,0.0
20150923:0310,0.0,0.0,0.0,0.0,10.49,3.1,0.0
20150923:0410,0.0,0.0,0.0,0.0,10.79,2.9,0.0
20150923:0510,0.0,0.0,0.0,0.0,10.97,2.83,0.0
20150923:0610,21.0,21.05,0.0,4.65,10.96,2.69,0.0
20150923:0710,137.0,71.0,0.0,14.37,11.61,2.83,0.0
20150923:0810,283.01,92.0,0.0,23.47,12.66,4.34,0.0
20150923:0910,137.0,241.0,0.0,31.42,13.81,4.34,0.0
20150923:1010,194.0,277.0,0.0,37.5,14.55,4.21,0.0
20150923:1110,343.01,241.0,0.0,40.9,15.79,4.14,0.0
20150923:1210,232.0,294.0,0.0,41.01,16.51,4.34,0.0
20150923:1310,372.01,195.0,0.0,37.79,17.09,4.41,0.0
20150923:1410,346.01,148.0,0.0,31.86,16.81,4.34,0.0
20150923:1510,167.0,160.0,0.0,24.0,16.52,3.93,0.0
20150923:1610,146.0,74.0,0.0,14.95,16.58,3.66,0.0
20150923:1710,8.0,31.82,0.0,5.27,15.79,2.28,0.0
20150923:1810,0.0,0.0,0.0,0.0,14.45,2.0,0.0
20150923:1910,0.0,0.0,0.0,0.0,13.65,1.79,0.0
20150923:2010,0.0,0.0,0.0,0.0,12.91,1.93,0.0
20150923:2110,0.0,0.0,0.0,0.0,12.12,2.14,0.0
20150923:2210,0.0,0.0,0.0,0.0,11.56,2.34,0.0
20150923:2310,0.0,0.0,0.0,0.0,11.57,2.41,0.0
20150924:0010,0.0,0.0,0.0,0.0,11.35,2.55,0.0
20150924:0110,0.0,0.0,0.0,0.0,11.05,2.69,0.0
20150924:0210,0.0,0.0,0.0,0.0,10.71,2.69,0.0
20150924:0310,0.0,0.0,0.0,0.0,10.35,2.69,0.0
20150924:0410,0.0,0.0,0.0,0.0,9.72,2.76,0.0
20150924:0510,0.0,0.0,0.0,0.0,9.25,2.76,0.0
20150924:0610,14.0,22.53,0.0,4.42,8.94,2.9,0.0
20150924:0710,61.0,100.0,0.0,14.12,10.15,2.9,0.0
20150924:0810,34.0,179.0,0.0,23.2,11.77,3.52,0.0
20150924:0910,33.0,236.0,0.0,31.12,12.75,3.72,0.0
20150924:1010,9.0,240.0,0.0,37.16,13.72,4.0,0.0
20150924:1110,5.0,246.0,0.0,40.52,14.69,4.83,0.0
20150924:1210,1.0,221.0,0.0,40.61,15.17,5.03,0.0
20150924:1310,29.0,276.0,0.0,37.4,15.57,4.83,0.0
20150924:1410,7.0,203.0,0.0,31.47,15.89,4.48,0.0
20150924:1510,3.0,139.0,0.0,23.63,15.98,3.52,0.0
20150924:1610,24.0,108.0,0.0,14.59,15.88,3.17,0.0
20150924:1710,7.0,30.08,0.0,4.91,15.72,2.76,0.0
20150924:1810,0.0,0.0,0.0,0.0,15.51,2.48,0.0
20150924:1910,0.0,0.0,0.0,0.0,14.92,2.55,0.0
20150924:2010,0.0,0.0,0.0,0.0,14.73,2.55,0.0
20150924:2110,0.0,0.0,0.0,0.0,14.58,2.28,0.0
20150924:2210,0.0,0.0,0.0,0.0,14.41,2.0,0.0
20150924:2310,0.0,0.0,0.0,0.0,14.21,1.79,0.0
20150925:0010,0.0,0.0,0.0,0.0,13.95,1.59,0.0
20150925:0110,0.0,0.0,0.0,0.0,13.65,1.59,0.0
20150925:0210,0.0,0.0,0.0,0.0,13.36,1.59,0.0
20150925:0310,0.0,0.0,0.0,0.0,12.43,1.86,0.0
20150925:0410,0.0,0.0,0.0,0.0,11.76,1.86,0.0
20150925:0510,0.0,0.0,0.0,0.0,11.01,1.86,0.0
20150925:0610,8.0,22.99,0.0,4.19,10.36,1.72,0.0
20150925:0710,26.0,103.0,0.0,13.88,10.68,1.59,0.0
20150925:0810,90.0,177.0,0.0,22.93,12.36,1.79,0.0
20150925:0910,350.01,133.0,0.0,30.82,14.43,2.14,0.0
20150925:1010,389.01,174.0,0.0,36.82,15.76,1.86,0.0
20150925:1110,113.0,319.0,0.0,40.15,16.58,1.59,0.0
20150925:1210,232.0,287.0,0.0,40.21,17.32,1.66,0.0
20150925:1310,66.0,295.0,0.0,37.0,17.68,1.86,0.0
20150925:1410,159.0,233.0,0.0,31.08,17.75,2.21,0.0
20150925:1510,160.0,156.0,0.0,23.26,17.49,2.41,0.0
20150925:1610,125.0,76.0,0.0,14.24,17.12,2.41,0.0
20150925:1710,9.0,26.59,0.0,4.56,16.49,2.0,0.0
20150925:1810,0.0,0.0,0.0,0.0,15.49,2.0,0.0
20150925:1910,0.0,0.0,0.0,0.0,14.93,2.21,0.0
20150925:2010,0.0,0.0,0.0,0.0,14.53,2.28,0.0
20150925:2110,0.0,0.0,0.0,0.0,14.24,2.41,0.0
20150925:2210,0.0,0.0,0.0,0.0,13.82,2.48,0.0
20150925:2310,0.0,0.0,0.0,0.0,13.27,2.62,0.0
20150926:0010,0.0,0.0,0.0,0.0,12.79,2.62,0.0
20150926:0110,0.0,0.0,0.0,0.0,12.3,2.55,0.0
20150926:0210,0.0,0.0,0.0,0.0,11.68,2.41,0.0
20150926:0310,0.0,0.0,0.0,0.0,11.15,2.41,0.0
20150926:0410,0.0,0.0,0.0,0.0,10.65,2.34,0.0
20150926:0510,0.0,0.0,0.0,0.0,10.58,2.34,0.0
20150926:0610,14.0,19.57,0.0,3.95,9.96,2.48,0.0
20150926:0710,131.0,67.0,0.0,13.63,10.6,2.62,0.0
20150926:0810,256.01,99.0,0.0,22.67,12.21,3.38,0.0
20150926:0910,383.01,113.0,0.0,30.51,13.97,3.79,0.0
20150926:1010,279.01,234.0,0.0,36.48,15.49,4.41,0.0
20150926:1110,129.0,316.0,0.0,39.77,16.48,4.83,0.0
20150926:1210,289.01,261.0,0.0,39.81,17.19,4.62,0.0
20150926:1310,72.0,295.0,0.0,36.6,17.13,4.34,0.0
20150926:1410,21.0,227.0,0.0,30.7,17.09,4.34,0.0
20150926:1510,53.0,183.0,0.0,22.89,16.91,4.48,0.0
20150926:1610,66.0,100.0,0.0,13.88,16.43,3.93,0.0
20150926:1710,0.0,26.0,0.0,4.21,15.83,3.79,0.0
20150926:1810,0.0,0.0,0.0,0.0,15.18,3.72,0.0
20150926:1910,0.0,0.0,0.0,0.0,14.59,3.93,0.0
20150926:2010,0.0,0.0,0.0,0.0,14.32,4.14,0.0
20150926:2110,0.0,0.0,0.0,0.0,13.93,4.07,0.0
20150926:2210,0.0,0.0,0.0,0.0,13.6,4.0,0.0
20150926:2310,0.0,0.0,0.0,0.0,12.92,3.93,0.0
20150927:0010,0.0,0.0,0.0,0.0,12.34,3.86,0.0
20150927:0110,0.0,0.0,0.0,0.0,11.82,3.72,0.0
20150927:0210,0.0,0.0,0.0,0.0,11.14,3.59,0.0
20150927:0310,0.0,0.0,0.0,0.0,10.55,3.52,0.0
20150927:0410,0.0,0.0,0.0,0.0,9.96,3.45,0.0
20150927:0510,0.0,0.0,0.0,0.0,9.5,3.38,0.0
20150927:0610,12.0,19.01,0.0,3.71,9.23,3.45,0.0
20150927:0710,114.0,73.0,0.0,13.38,10.07,3.45,0.0
20150927:0810,241.01,105.0,0.0,22.39,11.85,4.21,0.0
20150927:0910,376.01,115.0,0.0,30.21,13.72,4.83,0.0
20150927:1010,460.01,129.0,0.0,36.13,15.39,5.03,0.0
20150927:1110,517.01,129.0,0.0,39.39,16.82,5.31,0.0
20150927:1210,518.01,129.0,0.0,39.42,17.93,5.59,0.0
20150927:1310,470.01,125.0,0.0,36.2,18.67,5.86,0.0
20150927:1410,352.01,132.0,0.0,30.31,18.93,6.0,0.0
20150927:1510,245.01,106.0,0.0,22.52,18.83,5.93,0.0
20150927:1610,95.0,85.0,0.0,13.52,18.22,5.1,0.0
20150927:1710,0.0,24.0,0.0,3.86,17.06,4.69,0.0
20150927:1810,0.0,0.0,0.0,0.0,15.66,4.55,0.0
20150927:1910,0.0,0.0,0.0,0.0,14.84,4.69,0.0
20150927:2010,0.0,0.0,0.0,0.0,14.07,4.62,0.0
20150927:2110,0.0,0.0,0.0,0.0,13.4,4.48,0.0
20150927:2210,0.0,0.0,0.0,0.0,12.75,4.28,0.0
20150927:2310,0.0,0.0,0.0,0.0,12.08,4.14,0.0
20150928:0010,0.0,0.0,0.0,0.0,11.48,4.07,0.0
20150928:0110,0.0,0.0,0.0,0.0,10.95,4.07,0.0
20150928:0210,0.0,0.0,0.0,0.0,10.51,4.0,0.0
20150928:0310,0.0,0.0,0.0,0.0,10.12,3.86,0.0
20150928:0410,0.0,0.0,0.0,0.0,9.74,3.86,0.0
20150928:0510,0.0,0.0,0.0,0.0,9.42,3.86,0.0
20150928:0610,12.0,17.1,0.0,3.48,9.17,3.79,0.0
20150928:0710,115.0,70.0,0.0,13.13,9.87,3.93,0.0
20150928:0810,250.01,98.0,0.0,22.12,11.47,4.48,0.0
20150928:0910,370.01,117.0,0.0,29.91,13.22,5.17,0.0
20150928:1010,460.01,128.0,0.0,35.79,14.83,5.31,0.0
20150928:1110,489.01,146.0,0.0,39.02,16.18,5.52,0.0
20150928:1210,480.01,151.0,0.0,39.02,17.08,5.59,0.0
20150928:1310,461.01,129.0,0.0,35.8,17.63,5.52,0.0
20150928:1410,378.01,114.0,0.0,29.92,17.81,5.52,0.0
20150928:1510,257.01,96.0,0.0,22.15,17.7,5.59,0.0
20150928:1610,127.0,67.0,0.0,13.16,17.17,5.24,0.0
20150928:1710,0.0,22.0,0.0,3.5,16.07,4.62,0.0
20150928:1810,0.0,0.0,0.0,0.0,14.84,4.62,0.0
20150928:1910,0.0,0.0,0.0,0.0,14.24,4.76,0.0
20150928:2010,0.0,0.0,0.0,0.0,13.6,4.62,0.0
20150928:2110,0.0,0.0,0.0,0.0,13.04,4.48,0.0
20150928:2210,0.0,0.0,0.0,0.0,12.51,4.41,0.0
20150928:2310,0.0,0.0,0.0,0.0,11.98,4.28,0.0
20150929:0010,0.0,0.0,0.0,0.0,11.37,4.14,0.0
20150929:0110,0.0,0.0,0.0,0.0,10.87,4.14,0.0
20150929:0210,0.0,0.0,0.0,0.0,10.41,4.21,0.0
20150929:0310,0.0,0.0,0.0,0.0,10.06,4.41,0.0
20150929:0410,0.0,0.0,0.0,0.0,9.82,4.62,0.0
20150929:0510,0.0,0.0,0.0,0.0,9.63,4.76,0.0
20150929:0610,12.0,15.2,0.0,3.24,9.49,4.9,0.0
20150929:0710,114.0,69.0,0.0,12.88,10.28,5.03,0.0
20150929:0810,244.01,100.0,0.0,21.85,11.68,5.24,0.0
20150929:0910,356.01,124.0,0.0,29.6,13.22,6.34,0.0
20150929:1010,434.01,143.0,0.0,35.45,14.65,6.83,0.0
20150929:1110,470.01,156.0,0.0,38.64,15.93,7.03,0.0
20150929:1210,480.01,150.0,0.0,38.62,16.95,6.97,0.0
20150929:1310,452.01,133.0,0.0,35.41,17.62,6.83,0.0
20150929:1410,371.01,116.0,0.0,29.54,17.93,6.76,0.0
20150929:1510,250.01,98.0,0.0,21.78,17.83,6.62,0.0
20150929:1610,120.0,67.0,0.0,12.8,17.34,5.79,0.0
20150929:1710,0.0,19.0,0.0,3.16,16.3,5.1,0.0
20150929:1810,0.0,0.0,0.0,0.0,15.12,4.76,0.0
20150929:1910,0.0,0.0,0.0,0.0,14.61,4.76,0.0
20150929:2010,0.0,0.0,0.0,0.0,13.73,4.41,0.0
20150929:2110,0.0,0.0,0.0,0.0,12.92,4.14,0.0
20150929:2210,0.0,0.0,0.0,0.0,12.25,4.14,0.0
20150929:2310,0.0,0.0,0.0,0.0,11.77,4.21,0.0
20150930:0010,0.0,0.0,0.0,0.0,11.39,4.14,0.0
20150930:0110,0.0,0.0,0.0,0.0,10.99,4.0,0.0
20150930:0210,0.0,0.0,0.0,0.0,10.59,3.93,0.0
20150930:0310,0.0,0.0,0.0,0.0,10.16,3.93,0.0
20150930:0410,0.0,0.0,0.0,0.0,9.78,4.0,0.0
20150930:0510,0.0,0.0,0.0,0.0,9.48,4.0,0.0
20150930:0610,9.0,14.86,0.0,3.0,9.24,4.0,0.0
20150930:0710,107.0,70.0,0.0,12.63,9.64,4.21,0.0
20150930:0810,230.01,104.0,0.0,21.58,11.13,4.62,0.0
20150930:0910,349.01,124.0,0.0,29.29,12.63,5.52,0.0
20150930:1010,435.01,138.0,0.0,35.1,13.91,5.52,0.0
20150930:1110,0.0,0.0,0.0,0.0,15.09,5.31,0.0
20150930:1210,472.01,150.0,0.0,38.23,16.13,5.17,0.0
20150930:1310,444.01,132.0,0.0,35.01,16.9,5.1,0.0
20150930:1410,356.01,120.0,0.0,29.16,17.37,5.03,0.0
20150930:1510,234.01,102.0,0.0,21.41,17.43,4.97,0.0
20150930:1610,114.0,66.0,0.0,12.45,17.09,4.55,0.0
20150930:1710,0.0,16.0,0.0,2.81,15.99,3.79,0.0
20150930:1810,0.0,0.0,0.0,0.0,14.52,3.72,0.0
20150930:1910,0.0,0.0,0.0,0.0,13.76,4.0,0.0
20150930:2010,0.0,0.0,0.0,0.0,13.05,4.14,0.0
20150930:2110,0.0,0.0,0.0,0.0,12.39,4.14,0.0
20150930:2210,0.0,0.0,0.0,0.0,11.75,3.93,0.0
20150930:2310,0.0,0.0,0.0,0.0,11.13,3.86,0.0
20151001:0010,0.0,0.0,0.0,0.0,10.56,3.86,0.0
20151001:0110,0.0,0.0,0.0,0.0,10.09,3.93,0.0
20151001:0210,0.0,0.0,0.0,0.0,9.66,3.93,0.0
20151001:0310,0.0,0.0,0.0,0.0,9.23,3.86,0.0
20151001:0410,0.0,0.0,0.0,0.0,8.8,3.72,0.0
20151001:0510,0.0,0.0,0.0,0.0,8.35,3.66,0.0
20151001:0610,3.0,13.36,0.0,2.76,7.97,3.66,0.0
20151001:0710,0.0,0.0,0.0,0.0,8.48,4.07,0.0
20151001:0810,236.01,98.0,0.0,21.3,9.95,4.48,0.0
20151001:0910,366.01,111.0,0.0,28.99,11.39,5.45,0.0
20151001:1010,469.01,115.0,0.0,34.76,12.61,5.52,0.0
20151001:1110,505.01,126.0,0.0,37.88,13.72,5.38,0.0
20151001:1210,505.01,126.0,0.0,37.83,14.66,5.45,0.0
20151001:1310,462.01,118.0,0.0,34.62,15.33,5.72,0.0
20151001:1410,364.01,111.0,0.0,28.77,15.66,6.0,0.0
20151001:1510,246.01,92.0,0.0,21.04,15.73,6.28,0.0
20151001:1610,113.0,63.0,0.0,12.09,15.44,5.66,0.0
20151001:1710,0.0,13.0,0.0,2.46,14.84,4.62,0.0
20151001:1810,0.0,0.0,0.0,0.0,13.86,4.07,0.0
20151001:1910,0.0,0.0,0.0,0.0,13.25,4.14,0.0
20151001:2010,0.0,0.0,0.0,0.0,12.39,4.14,0.0
20151001:2110,0.0,0.0,0.0,0.0,11.78,4.0,0.0
20151001:2210,0.0,0.0,0.0,0.0,11.16,3.86,0.0
20151001:2310,0.0,0.0,0.0,0.0,10.69,3.66,0.0
20151002:0010,0.0,0.0,0.0,0.0,10.18,3.38,0.0
20151002:0110,0.0,0.0,0.0,0.0,9.7,3.17,0.0
20151002:0210,0.0,0.0,0.0,0.0,9.21,3.03,0.0
20151002:0310,0.0,0.0,0.0,0.0,8.7,3.03,0.0
20151002:0410,0.0,0.0,0.0,0.0,8.29,3.03,0.0
20151002:0510,0.0,0.0,0.0,0.0,7.93,2.97,0.0
20151002:0610,2.0,12.57,0.0,2.52,7.61,2.97,0.0
20151002:0710,78.0,77.0,0.0,12.13,8.16,2.55,0.0
20151002:0810,235.01,92.0,0.0,21.02,10.17,2.83,0.0
20151002:0910,360.01,107.0,0.0,28.68,12.21,3.17,0.0
20151002:1010,458.01,113.0,0.0,34.41,14.13,3.24,0.0
20151002:1110,493.01,124.0,0.0,37.51,15.83,3.17,0.0
20151002:1210,486.01,127.0,0.0,37.44,17.2,3.03,0.0
20151002:1310,438.01,122.0,0.0,34.22,18.14,2.97,0.0
20151002:1410,348.01,111.0,0.0,28.39,18.61,3.03,0.0
20151002:1510,225.01,95.0,0.0,20.68,18.61,3.17,0.0
20151002:1610,106.0,61.0,0.0,11.74,18.06,2.83,0.0
20151002:1710,0.0,11.0,0.0,2.11,16.53,2.41,0.0
20151002:1810,0.0,0.0,0.0,0.0,14.62,2.62,0.0
20151002:1910,0.0,0.0,0.0,0.0,13.78,2.21,0.0
20151002:2010,0.0,0.0,0.0,0.0,12.53,1.93,0.0
20151002:2110,0.0,0.0,0.0,0.0,11.12,1.72,0.0
20151002:2210,0.0,0.0,0.0,0.0,10.05,1.59,0.0
20151002:2310,0.0,0.0,0.0,0.0,9.42,1.66,0.0
20151003:0010,0.0,0.0,0.0,0.0,9.74,1.24,0.0
20151003:0110,0.0,0.0,0.0,0.0,10.27,0.9,0.0
20151003:0210,0.0,0.0,0.0,0.0,9.98,1.24,0.0
20151003:0310,0.0,0.0,0.0,0.0,10.24,1.03,0.0
20151003:0410,0.0,0.0,0.0,0.0,10.38,0.62,0.0
20151003:0510,0.0,0.0,0.0,0.0,10.39,0.34,0.0
20151003:0610,0.0,8.0,0.0,2.28,10.23,0.28,0.0
20151003:0710,14.0,84.0,0.0,11.87,9.6,0.41,0.0
20151003:0810,17.0,151.0,0.0,20.75,11.96,0.21,0.0
20151003:0910,104.0,223.0,0.0,28.37,14.22,0.41,0.0
20151003:1010,440.01,116.0,0.0,34.07,16.0,0.41,0.0
20151003:1110,488.01,120.0,0.0,37.13,17.49,0.69,0.0
20151003:1210,474.01,127.0,0.0,37.04,18.46,1.1,0.0
20151003:1310,307.01,191.0,0.0,33.83,19.0,1.03,0.0
20151003:1410,312.01,126.0,0.0,28.01,19.35,0.62,0.0
20151003:1510,73.0,158.0,0.0,20.31,19.36,0.34,0.0
20151003:1610,72.0,72.0,0.0,11.39,19.08,1.31,0.0
20151003:1710,0.0,5.0,0.0,1.77,17.72,2.0,0.0
20151003:1810,0.0,0.0,0.0,0.0,16.04,2.21,0.0
20151003:1910,0.0,0.0,0.0,0.0,15.03,1.31,0.0
20151003:2010,0.0,0.0,0.0,0.0,13.8,1.1,0.0
20151003:2110,0.0,0.0,0.0,0.0,13.58,0.9,0.0
20151003:2210,0.0,0.0,0.0,0.0,13.37,0.76,0.0
20151003:2310,0.0,0.0,0.0,0.0,13.13,0.69,0.0
20151004:0010,0.0,0.0,0.0,0.0,11.56,0.97,0.0
20151004:0110,0.0,0.0,0.0,0.0,10.1,1.31,0.0
20151004:0210,0.0,0.0,0.0,0.0,9.24,1.52,0.0
20151004:0310,0.0,0.0,0.0,0.0,8.97,1.38,0.0
20151004:0410,0.0,0.0,0.0,0.0,8.96,1.1,0.0
20151004:0510,0.0,0.0,0.0,0.0,8.16,0.97,0.0
20151004:0610,0.0,8.0,0.0,2.04,8.14,0.83,0.0
20151004:0710,41.0,83.0,0.0,11.62,9.19,1.38,0.0
20151004:0810,36.0,158.0,0.0,20.47,9.77,0.97,0.0
20151004:0910,0.0,137.0,0.0,28.06,11.23,0.62,0.0
20151004:1010,0.0,123.0,0.0,33.72,13.81,1.31,0.0
20151004:1110,0.0,116.0,0.0,36.75,15.75,1.93,0.0
20151004:1210,0.0,179.0,0.0,36.65,17.21,2.48,0.0
20151004:1310,1.0,180.0,0.0,33.44,18.08,3.24,0.0
20151004:1410,15.0,197.0,0.0,27.63,18.48,3.79,0.0
20151004:1510,4.0,123.0,0.0,19.95,18.24,4.07,0.0
20151004:1610,1.0,57.0,0.0,11.04,17.52,3.72,0.0
20151004:1710,0.0,4.0,0.0,1.43,16.61,3.66,0.0
20151004:1810,0.0,0.0,0.0,0.0,15.59,3.38,0.0
20151004:1910,0.0,0.0,0.0,0.0,14.77,2.9,0.0
20151004:2010,0.0,0.0,0.0,0.0,14.48,3.1,0.0
20151004:2110,0.0,0.0,0.0,0.0,14.27,3.24,0.0
20151004:2210,0.0,0.0,0.0,0.0,13.69,3.52,0.0
20151004:2310,0.0,0.0,0.0,0.0,13.5,3.59,0.0
20151005:0010,0.0,0.0,0.0,0.0,13.65,3.66,0.0
20151005:0110,0.0,0.0,0.0,0.0,13.81,3.66,0.0
20151005:0210,0.0,0.0,0.0,0.0,13.96,3.45,0.0
20151005:0310,0.0,0.0,0.0,0.0,13.72,3.03,0.0
20151005:0410,0.0,0.0,0.0,0.0,13.29,2.97,0.0
20151005:0510,0.0,0.0,0.0,0.0,13.07,2.76,0.0
20151005:0610,0.0,2.0,0.0,1.8,12.87,2.76,0.0
20151005:0710,26.0,80.0,0.0,11.36,14.14,2.83,0.0
20151005:0810,76.0,150.0,0.0,20.19,15.13,2.83,0.0
20151005:0910,5.0,173.0,0.0,27.75,16.46,3.79,0.0
20151005:1010,4.0,197.0,0.0,33.38,17.53,4.07,0.0
20151005:1110,0.0,92.0,0.0,36.38,17.36,2.83,0.0
20151005:1210,0.0,60.0,0.0,36.26,17.02,2.69,0.0
20151005:1310,0.0,47.0,0.0,33.05,16.54,3.17,0.0
20151005:1410,0.0,61.0,0.0,27.26,16.43,3.38,0.0
20151005:1510,0.0,44.0,0.0,19.59,16.27,2.97,0.0
20151005:1610,0.0,15.0,0.0,10.69,16.29,2.21,0.0
20151005:1710,0.0,0.0,0.0,0.0,16.34,3.17,0.0
20151005:1810,0.0,0.0,0.0,0.0,16.2,3.79,0.0
20151005:1910,0.0,0.0,0.0,0.0,16.0,4.41,0.0
20151005:2010,0.0,0.0,0.0,0.0,15.93,4.07,0.0
20151005:2110,0.0,0.0,0.0,0.0,16.05,3.45,0.0
20151005:2210,0.0,0.0,0.0,0.0,16.37,3.17,0.0
20151005:2310,0.0,0.0,0.0,0.0,16.49,2.83,0.0
20151006:0010,0.0,0.0,0.0,0.0,16.39,2.76,0.0
20151006:0110,0.0,0.0,0.0,0.0,16.26,2.97,0.0
20151006:0210,0.0,0.0,0.0,0.0,15.93,3.03,0.0
20151006:0310,0.0,0.0,0.0,0.0,15.47,3.1,0.0
20151006:0410,0.0,0.0,0.0,0.0,15.32,3.24,0.0
20151006:0510,0.0,0.0,0.0,0.0,15.12,3.45,0.0
20151006:0610,0.0,1.0,0.0,1.55,15.21,4.14,0.0
20151006:0710,1.0,56.0,0.0,11.11,15.78,4.0,0.0
20151006:0810,65.0,151.0,0.0,19.91,16.23,4.55,0.0
20151006:0910,61.0,216.0,0.0,27.44,17.2,4.21,0.0
20151006:1010,14.0,227.0,0.0,33.03,18.62,4.55,0.0
20151006:1110,165.0,269.0,0.0,36.0,18.88,5.86,0.0
20151006:1210,27.0,262.0,0.0,35.87,17.73,5.86,0.0
20151006:1310,151.0,245.0,0.0,32.66,18.34,6.48,0.0
20151006:1410,344.01,93.0,0.0,26.88,18.87,5.72,0.0
20151006:1510,0.0,75.0,0.0,19.23,19.05,5.38,0.0
20151006:1610,7.0,67.0,0.0,10.34,18.5,5.31,0.0
20151006:1710,0.0,0.0,0.0,0.0,17.86,5.45,0.0
20151006:1810,0.0,0.0,0.0,0.0,17.28,5.52,0.0
20151006:1910,0.0,0.0,0.0,0.0,16.11,5.45,0.0
20151006:2010,0.0,0.0,0.0,0.0,15.73,5.79,0.0
20151006:2110,0.0,0.0,0.0,0.0,15.52,6.0,0.0
20151006:2210,0.0,0.0,0.0,0.0,15.32,6.14,0.0
20151006:2310,0.0,0.0,0.0,0.0,15.05,6.07,0.0
20151007:0010,0.0,0.0,0.0,0.0,14.84,6.0,0.0
20151007:0110,0.0,0.0,0.0,0.0,14.65,6.14,0.0
20151007:0210,0.0,0.0,0.0,0.0,14.37,6.07,0.0
20151007:0310,0.0,0.0,0.0,0.0,14.07,5.93,0.0
20151007:0410,0.0,0.0,0.0,0.0,13.75,5.59,0.0
20151007:0510,0.0,0.0,0.0,0.0,13.54,5.31,0.0
20151007:0610,0.0,0.0,0.0,0.0,13.35,5.1,0.0
20151007:0710,41.0,76.0,0.0,10.85,13.14,5.03,0.0
20151007:0810,103.0,141.0,0.0,19.63,13.23,5.17,0.0
20151007:0910,275.01,135.0,0.0,27.12,13.77,6.07,0.0
20151007:1010,39.0,252.0,0.0,32.68,14.84,6.55,0.0
20151007:1110,82.0,286.0,0.0,35.62,15.53,6.14,0.0
20151007:1210,0.0,151.0,0.0,35.48,16.04,5.59,0.0
20151007:1310,109.0,256.0,0.0,32.27,16.34,5.17,0.0
20151007:1410,168.0,185.0,0.0,26.51,16.14,4.76,0.0
20151007:1510,0.0,95.0,0.0,18.87,15.8,3.86,0.0
20151007:1610,14.0,71.0,0.0,10.0,15.47,2.97,0.0
20151007:1710,0.0,0.0,0.0,0.0,14.9,2.41,0.0
20151007:1810,0.0,0.0,0.0,0.0,14.25,2.14,0.0
20151007:1910,0.0,0.0,0.0,0.0,13.01,2.21,0.0
20151007:2010,0.0,0.0,0.0,0.0,12.4,2.28,0.0
20151007:2110,0.0,0.0,0.0,0.0,11.66,2.34,0.0
20151007:2210,0.0,0.0,0.0,0.0,11.13,2.28,0.0
20151007:2310,0.0,0.0,0.0,0.0,10.58,2.14,0.0
20151008:0010,0.0,0.0,0.0,0.0,9.88,2.21,0.0
20151008:0110,0.0,0.0,0.0,0.0,9.55,2.14,0.0
20151008:0210,0.0,0.0,0.0,0.0,9.37,2.14,0.0
20151008:0310,0.0,0.0,0.0,0.0,9.13,2.07,0.0
20151008:0410,0.0,0.0,0.0,0.0,9.47,1.93,0.0
20151008:0510,0.0,0.0,0.0,0.0,9.5,1.86,0.0
20151008:0610,0.0,0.0,0.0,0.0,9.39,1.72,0.0
20151008:0710,36.0,76.0,0.0,10.59,9.58,1.45,0.0
20151008:0810,89.0,145.0,0.0,19.35,11.46,1.66,0.0
20151008:0910,59.0,217.0,0.0,26.81,13.1,1.86,0.0
20151008:1010,272.01,198.0,0.0,32.34,14.38,2.14,0.0
20151008:1110,29.0,267.0,0.0,35.25,15.02,2.0,0.0
20151008:1210,1.0,192.0,0.0,35.09,15.23,1.93,0.0
20151008:1310,35.0,249.0,0.0,31.89,15.2,2.0,0.0
20151008:1410,9.0,178.0,0.0,26.13,15.19,2.28,0.0
20151008:1510,30.0,144.0,0.0,18.51,14.83,2.48,0.0
20151008:1610,33.0,70.0,0.0,9.65,14.48,2.28,0.0
20151008:1710,0.0,0.0,0.0,0.0,13.94,2.07,0.0
20151008:1810,0.0,0.0,0.0,0.0,13.23,1.93,0.0
20151008:1910,0.0,0.0,0.0,0.0,12.56,1.86,0.0
20151008:2010,0.0,0.0,0.0,0.0,12.28,1.72,0.0
20151008:2110,0.0,0.0,0.0,0.0,11.76,1.79,0.0
20151008:2210,0.0,0.0,0.0,0.0,11.49,1.86,0.0
20151008:2310,0.0,0.0,0.0,0.0,11.25,1.86,0.0
20151009:0010,0.0,0.0,0.0,0.0,11.42,1.93,0.0
20151009:0110,0.0,0.0,0.0,0.0,11.16,2.07,0.0
20151009:0210,0.0,0.0,0.0,0.0,11.09,2.14,0.0
20151009:0310,0.0,0.0,0.0,0.0,10.59,2.21,0.0
20151009:0410,0.0,0.0,0.0,0.0,10.62,2.21,0.0
20151009:0510,0.0,0.0,0.0,0.0,10.33,2.21,0.0
20151009:0610,0.0,0.0,0.0,0.0,10.39,2.28,0.0
20151009:0710,78.0,58.0,0.0,10.33,9.84,1.93,0.0
20151009:0810,229.01,77.0,0.0,19.07,10.77,2.34,0.0
20151009:0910,345.01,94.0,0.0,26.5,12.1,2.83,0.0
20151009:1010,438.01,102.0,0.0,31.99,13.22,3.31,0.0
20151009:1110,487.01,104.0,0.0,34.88,14.0,3.38,0.0
20151009:1210,447.01,123.0,0.0,34.7,14.39,3.31,0.0
20151009:1310,54.0,253.0,0.0,31.5,14.58,3.45,0.0
20151009:1410,7.0,173.0,0.0,25.76,14.8,3.66,0.0
20151009:1510,74.0,139.0,0.0,18.16,14.84,3.66,0.0
20151009:1610,46.0,63.0,0.0,9.31,14.61,3.31,0.0
20151009:1710,0.0,0.0,0.0,0.0,13.96,2.9,0.0
20151009:1810,0.0,0.0,0.0,0.0,13.1,2.76,0.0
20151009:1910,0.0,0.0,0.0,0.0,11.95,2.55,0.0
20151009:2010,0.0,0.0,0.0,0.0,11.25,2.62,0.0
20151009:2110,0.0,0.0,0.0,0.0,10.76,2.62,0.0
20151009:2210,0.0,0.0,0.0,0.0,10.62,2.69,0.0
20151009:2310,0.0,0.0,0.0,0.0,10.45,2.83,0.0
20151010:0010,0.0,0.0,0.0,0.0,10.33,2.83,0.0
20151010:0110,0.0,0.0,0.0,0.0,10.3,2.76,0.0
20151010:0210,0.0,0.0,0.0,0.0,10.27,2.83,0.0
20151010:0310,0.0,0.0,0.0,0.0,9.9,2.9,0.0
20151010:0410,0.0,0.0,0.0,0.0,9.56,2.97,0.0
20151010:0510,0.0,0.0,0.0,0.0,9.1,2.97,0.0
20151010:0610,0.0,0.0,0.0,0.0,8.71,2.97,0.0
20151010:0710,51.0,67.0,0.0,10.07,9.37,3.38,0.0
20151010:0810,184.01,96.0,0.0,18.78,10.21,3.86,0.0
20151010:0910,113.0,204.0,0.0,26.19,11.24,4.21,0.0
20151010:1010,343.01,151.0,0.0,31.65,12.43,4.69,0.0
20151010:1110,448.01,120.0,0.0,34.5,13.92,4.76,0.0
20151010:1210,416.01,137.0,0.0,34.32,15.27,4.83,0.0
20151010:1310,401.01,112.0,0.0,31.12,16.12,4.62,0.0
20151010:1410,285.01,115.0,0.0,25.4,16.34,4.55,0.0
20151010:1510,118.0,120.0,0.0,17.81,16.43,4.62,0.0
20151010:1610,58.0,55.0,0.0,8.98,15.98,3.86,0.0
20151010:1710,0.0,0.0,0.0,0.0,14.83,3.52,0.0
20151010:1810,0.0,0.0,0.0,0.0,13.62,3.31,0.0
20151010:1910,0.0,0.0,0.0,0.0,12.85,3.1,0.0
20151010:2010,0.0,0.0,0.0,0.0,12.01,3.1,0.0
20151010:2110,0.0,0.0,0.0,0.0,11.33,3.1,0.0
20151010:2210,0.0,0.0,0.0,0.0,10.89,3.24,0.0
20151010:2310,0.0,0.0,0.0,0.0,10.68,3.24,0.0
20151011:0010,0.0,0.0,0.0,0.0,10.38,3.17,0.0
20151011:0110,0.0,0.0,0.0,0.0,10.06,3.17,0.0
20151011:0210,0.0,0.0,0.0,0.0,9.78,3.17,0.0
20151011:0310,0.0,0.0,0.0,0.0,9.26,3.1,0.0
20151011:0410,0.0,0.0,0.0,0.0,8.92,2.97,0.0
20151011:0510,0.0,0.0,0.0,0.0,8.57,2.9,0.0
20151011:0610,0.0,0.0,0.0,0.0,8.55,3.03,0.0
20151011:0710,8.0,65.0,0.0,9.81,8.79,3.45,0.0
20151011:0810,51.0,145.0,0.0,18.5,9.85,4.21,0.0
20151011:0910,45.0,206.0,0.0,25.87,10.72,4.28,0.0
20151011:1010,37.0,245.0,0.0,31.3,11.46,4.07,0.0
20151011:1110,44.0,268.0,0.0,34.13,12.35,3.79,0.0
20151011:1210,97.0,275.0,0.0,33.94,13.23,3.79,0.0
20151011:1310,213.01,210.0,0.0,30.74,14.02,4.0,0.0
20151011:1410,285.01,111.0,0.0,25.03,14.57,4.0,0.0
20151011:1510,188.01,81.0,0.0,17.46,15.06,4.0,0.0
20151011:1610,56.0,52.0,0.0,8.64,14.92,3.24,0.0
20151011:1710,0.0,0.0,0.0,0.0,14.21,2.62,0.0
20151011:1810,0.0,0.0,0.0,0.0,13.37,2.69,0.0
20151011:1910,0.0,0.0,0.0,0.0,13.01,2.83,0.0
20151011:2010,0.0,0.0,0.0,0.0,12.93,2.83,0.0
20151011:2110,0.0,0.0,0.0,0.0,12.78,2.83,0.0
20151011:2210,0.0,0.0,0.0,0.0,12.58,2.9,0.0
20151011:2310,0.0,0.0,0.0,0.0,12.41,2.97,0.0
20151012:0010,0.0,0.0,0.0,0.0,12.28,2.97,0.0
20151012:0110,0.0,0.0,0.0,0.0,12.0,2.97,0.0
20151012:0210,0.0,0.0,0.0,0.0,11.58,2.9,0.0
20151012:0310,0.0,0.0,0.0,0.0,11.19,2.83,0.0
20151012:0410,0.0,0.0,0.0,0.0,10.71,2.76,0.0
20151012:0510,0.0,0.0,0.0,0.0,10.26,2.76,0.0
20151012:0610,0.0,0.0,0.0,0.0,9.49,2.83,0.0
20151012:0710,6.0,61.0,0.0,9.55,8.31,2.76,0.0
20151012:0810,103.0,129.0,0.0,18.22,8.92,3.1,0.0
20151012:0910,160.0,181.0,0.0,25.56,9.86,3.24,0.0
20151012:1010,173.0,229.0,0.0,30.96,11.03,3.38,0.0
20151012:1110,343.01,174.0,0.0,33.76,12.14,3.45,0.0
20151012:1210,321.01,184.0,0.0,33.55,13.25,3.59,0.0
20151012:1310,308.01,157.0,0.0,30.36,14.13,3.66,0.0
20151012:1410,139.0,181.0,0.0,24.67,14.45,3.52,0.0
20151012:1510,97.0,121.0,0.0,17.11,14.48,3.24,0.0
20151012:1610,7.0,55.0,0.0,8.31,14.09,2.9,0.0
20151012:1710,0.0,0.0,0.0,0.0,12.67,2.69,0.0
20151012:1810,0.0,0.0,0.0,0.0,11.29,2.69,0.0
20151012:1910,0.0,0.0,0.0,0.0,10.32,2.55,0.0
20151012:2010,0.0,0.0,0.0,0.0,9.61,2.62,0.0
20151012:2110,0.0,0.0,0.0,0.0,9.19,2.69,0.0
20151012:2210,0.0,0.0,0.0,0.0,8.68,2.83,0.0
20151012:2310,0.0,0.0,0.0,0.0,8.26,2.97,0.0
20151013:0010,0.0,0.0,0.0,0.0,7.73,3.1,0.0
20151013:0110,0.0,0.0,0.0,0.0,7.41,3.03,0.0
20151013:0210,0.0,0.0,0.0,0.0,7.37,3.03,0.0
20151013:0310,0.0,0.0,0.0,0.0,7.23,2.9,0.0
20151013:0410,0.0,0.0,0.0,0.0,7.09,2.97,0.0
20151013:0510,0.0,0.0,0.0,0.0,7.17,3.03,0.0
20151013:0610,0.0,0.0,0.0,0.0,6.92,2.97,0.0
20151013:0710,51.0,60.0,0.0,9.29,7.06,3.03,0.0
20151013:0810,120.0,121.0,0.0,17.93,8.45,3.38,0.0
20151013:0910,162.0,180.0,0.0,25.25,10.07,5.17,0.0
20151013:1010,110.0,248.0,0.0,30.61,10.72,4.69,0.0
20151013:1110,64.0,273.0,0.0,33.39,11.43,4.83,0.0
20151013:1210,409.01,134.0,0.0,33.17,11.81,4.9,0.0
20151013:1310,159.0,229.0,0.0,29.99,11.78,4.9,0.0
20151013:1410,155.0,174.0,0.0,24.31,11.73,4.97,0.0
20151013:1510,125.0,108.0,0.0,16.77,11.39,4.76,0.0
20151013:1610,39.0,53.0,0.0,7.98,10.85,4.41,0.0
20151013:1710,0.0,0.0,0.0,0.0,9.71,3.52,0.0
20151013:1810,0.0,0.0,0.0,0.0,9.09,3.52,0.0
20151013:1910,0.0,0.0,0.0,0.0,8.4,3.86,0.0
20151013:2010,0.0,0.0,0.0,0.0,7.57,3.86,0.0
20151013:2110,0.0,0.0,0.0,0.0,7.18,3.86,0.0
20151013:2210,0.0,0.0,0.0,0.0,6.76,3.52,0.0
20151013:2310,0.0,0.0,0.0,0.0,6.56,3.38,0.0
20151014:0010,0.0,0.0,0.0,0.0,6.47,3.52,0.0
20151014:0110,0.0,0.0,0.0,0.0,6.15,3.38,0.0
20151014:0210,0.0,0.0,0.0,0.0,5.84,3.79,0.0
20151014:0310,0.0,0.0,0.0,0.0,5.47,4.14,0.0
20151014:0410,0.0,0.0,0.0,0.0,5.09,4.21,0.0
20151014:0510,0.0,0.0,0.0,0.0,4.75,3.93,0.0
20151014:0610,0.0,0.0,0.0,0.0,4.55,3.72,0.0
20151014:0710,43.0,60.0,0.0,9.03,4.39,3.38,0.0
20151014:0810,173.01,91.0,0.0,17.65,5.04,3.52,0.0
20151014:0910,63.0,202.0,0.0,24.93,6.25,3.93,0.0
20151014:1010,98.0,246.0,0.0,30.27,7.57,4.07,0.0
20151014:1110,0.0,126.0,0.0,33.03,8.7,3.72,0.0
20151014:1210,0.0,98.0,0.0,32.8,9.3,3.45,0.0
20151014:1310,0.0,86.0,0.0,29.62,9.48,2.97,0.0
20151014:1410,0.0,72.0,0.0,23.95,9.57,2.07,0.0
20151014:1510,133.0,99.0,0.0,16.42,9.91,1.79,0.0
20151014:1610,5.0,49.0,0.0,7.65,10.01,2.0,0.0
20151014:1710,0.0,0.0,0.0,0.0,9.24,1.66,0.0
20151014:1810,0.0,0.0,0.0,0.0,8.67,2.0,0.0
20151014:1910,0.0,0.0,0.0,0.0,8.82,2.55,0.0
20151014:2010,0.0,0.0,0.0,0.0,8.59,3.52,0.0
20151014:2110,0.0,0.0,0.0,0.0,8.3,4.28,0.0
20151014:2210,0.0,0.0,0.0,0.0,7.33,4.55,0.0
20151014:2310,0.0,0.0,0.0,0.0,6.35,4.21,0.0
20151015:0010,0.0,0.0,0.0,0.0,5.62,4.0,0.0
20151015:0110,0.0,0.0,0.0,0.0,5.14,4.14,0.0
20151015:0210,0.0,0.0,0.0,0.0,4.78,4.41,0.0
20151015:0310,0.0,0.0,0.0,0.0,4.27,4.41,0.0
20151015:0410,0.0,0.0,0.0,0.0,4.18,5.59,0.0
20151015:0510,0.0,0.0,0.0,0.0,4.26,5.86,0.0
20151015:0610,0.0,0.0,0.0,0.0,4.43,5.66,0.0
20151015:0710,23.0,62.0,0.0,8.77,4.52,6.07,0.0
20151015:0810,0.0,82.0,0.0,17.36,4.78,5.45,0.0
20151015:0910,0.0,74.0,0.0,24.62,5.51,5.24,0.0
20151015:1010,0.0,108.0,0.0,29.93,6.26,4.76,0.0
20151015:1110,4.0,202.0,0.0,32.66,6.81,4.48,0.0
20151015:1210,0.0,87.0,0.0,32.42,7.49,4.28,0.0
20151015:1310,0.0,76.0,0.0,29.25,7.82,3.52,0.0
20151015:1410,0.0,57.0,0.0,23.59,7.82,3.59,0.0
20151015:1510,0.0,48.0,0.0,16.09,7.62,3.59,0.0
20151015:1610,3.0,42.0,0.0,7.33,7.25,3.45,0.0
20151015:1710,0.0,0.0,0.0,0.0,6.95,2.76,0.0
20151015:1810,0.0,0.0,0.0,0.0,6.67,2.21,0.0
20151015:1910,0.0,0.0,0.0,0.0,5.68,1.79,0.0
20151015:2010,0.0,0.0,0.0,0.0,5.48,1.79,0.0
20151015:2110,0.0,0.0,0.0,0.0,5.36,1.52,0.0
20151015:2210,0.0,0.0,0.0,0.0,4.8,1.52,0.0
20151015:2310,0.0,0.0,0.0,0.0,3.99,1.79,0.0
20151016:0010,0.0,0.0,0.0,0.0,3.38,1.86,0.0
20151016:0110,0.0,0.0,0.0,0.0,3.64,1.79,0.0
20151016:0210,0.0,0.0,0.0,0.0,4.25,1.86,0.0
20151016:0310,0.0,0.0,0.0,0.0,4.69,2.07,0.0
20151016:0410,0.0,0.0,0.0,0.0,4.95,2.21,0.0
20151016:0510,0.0,0.0,0.0,0.0,4.96,2.41,0.0
20151016:0610,0.0,0.0,0.0,0.0,5.12,2.48,0.0
20151016:0710,1.0,44.0,0.0,8.51,4.87,2.76,0.0
20151016:0810,0.0,60.0,0.0,17.08,5.17,2.62,0.0
20151016:0910,0.0,71.0,0.0,24.31,5.64,2.41,0.0
20151016:1010,0.0,85.0,0.0,29.58,6.49,2.62,0.0
20151016:1110,0.0,88.0,0.0,32.3,6.91,2.34,0.0
20151016:1210,0.0,81.0,0.0,32.05,7.34,2.48,0.0
20151016:1310,0.0,118.0,0.0,28.88,7.13,2.41,0.0
20151016:1410,0.0,70.0,0.0,23.24,7.39,2.21,0.0
20151016:1510,4.0,97.0,0.0,15.75,7.5,1.93,0.0
20151016:1610,0.0,17.0,0.0,7.01,7.59,1.52,0.0
20151016:1710,0.0,0.0,0.0,0.0,7.49,1.17,0.0
20151016:1810,0.0,0.0,0.0,0.0,7.26,0.97,0.0
20151016:1910,0.0,0.0,0.0,0.0,6.89,0.83,0.0
20151016:2010,0.0,0.0,0.0,0.0,6.87,0.69,0.0
20151016:2110,0.0,0.0,0.0,0.0,6.87,0.48,0.0
20151016:2210,0.0,0.0,0.0,0.0,6.94,0.14,0.0
20151016:2310,0.0,0.0,0.0,0.0,6.95,0.76,0.0
20151017:0010,0.0,0.0,0.0,0.0,7.01,0.9,0.0
20151017:0110,0.0,0.0,0.0,0.0,7.09,0.83,0.0
20151017:0210,0.0,0.0,0.0,0.0,7.2,0.83,0.0
20151017:0310,0.0,0.0,0.0,0.0,7.16,0.97,0.0
20151017:0410,0.0,0.0,0.0,0.0,7.3,0.97,0.0
20151017:0510,0.0,0.0,0.0,0.0,7.35,1.1,0.0
20151017:0610,0.0,0.0,0.0,0.0,7.54,1.24,0.0
20151017:0710,3.0,48.0,0.0,8.24,7.73,1.17,0.0
20151017:0810,2.0,98.0,0.0,16.79,8.42,1.59,0.0
20151017:0910,0.0,79.0,0.0,24.0,9.69,2.07,0.0
20151017:1010,44.0,232.0,0.0,29.24,10.79,2.0,0.0
20151017:1110,133.0,249.0,0.0,31.93,12.05,1.86,0.0
20151017:1210,72.0,256.0,0.0,31.68,12.82,1.79,0.0
20151017:1310,139.0,217.0,0.0,28.52,13.25,1.66,0.0
20151017:1410,0.0,52.0,0.0,22.89,13.21,1.31,0.0
20151017:1510,5.0,98.0,0.0,15.42,12.96,1.72,0.0
20151017:1610,3.0,38.0,0.0,6.69,12.27,1.52,0.0
20151017:1710,0.0,0.0,0.0,0.0,11.6,1.59,0.0
20151017:1810,0.0,0.0,0.0,0.0,11.16,1.52,0.0
20151017:1910,0.0,0.0,0.0,0.0,10.71,1.03,0.0
20151017:2010,0.0,0.0,0.0,0.0,10.39,0.97,0.0
20151017:2110,0.0,0.0,0.0,0.0,10.13,1.03,0.0
20151017:2210,0.0,0.0,0.0,0.0,9.2,1.45,0.0
20151017:2310,0.0,0.0,0.0,0.0,8.88,1.52,0.0
20151018:0010,0.0,0.0,0.0,0.0,8.85,1.79,0.0
20151018:0110,0.0,0.0,0.0,0.0,8.68,2.14,0.0
20151018:0210,0.0,0.0,0.0,0.0,8.56,2.34,0.0
20151018:0310,0.0,0.0,0.0,0.0,8.41,2.34,0.0
20151018:0410,0.0,0.0,0.0,0.0,8.1,2.14,0.0
20151018:0510,0.0,0.0,0.0,0.0,7.93,2.21,0.0
20151018:0610,0.0,0.0,0.0,0.0,7.62,2.14,0.0
20151018:0710,23.0,56.0,0.0,7.98,8.07,2.48,0.0
20151018:0810,0.0,60.0,0.0,16.51,8.26,2.83,0.0
20151018:0910,0.0,93.0,0.0,23.68,8.58,2.83,0.0
20151018:1010,33.0,226.0,0.0,28.9,9.08,2.69,0.0
20151018:1110,12.0,221.0,0.0,31.57,9.41,2.55,0.0
20151018:1210,0.0,136.0,0.0,31.31,9.9,2.41,0.0
20151018:1310,0.0,85.0,0.0,28.15,10.34,2.34,0.0
20151018:1410,3.0,136.0,0.0,22.54,10.71,2.48,0.0
20151018:1510,0.0,71.0,0.0,15.09,10.88,2.62,0.0
20151018:1610,0.0,9.0,0.0,6.38,10.7,2.62,0.0
20151018:1710,0.0,0.0,0.0,0.0,10.3,2.76,0.0
20151018:1810,0.0,0.0,0.0,0.0,10.02,2.9,0.0
20151018:1910,0.0,0.0,0.0,0.0,9.35,2.48,0.0
20151018:2010,0.0,0.0,0.0,0.0,9.18,2.41,0.0
20151018:2110,0.0,0.0,0.0,0.0,8.77,2.34,0.0
20151018:2210,0.0,0.0,0.0,0.0,8.64,2.34,0.0
20151018:2310,0.0,0.0,0.0,0.0,8.33,2.14,0.0
20151019:0010,0.0,0.0,0.0,0.0,7.83,1.93,0.0
20151019:0110,0.0,0.0,0.0,0.0,7.27,1.86,0.0
20151019:0210,0.0,0.0,0.0,0.0,6.85,1.79,0.0
20151019:0310,0.0,0.0,0.0,0.0,6.12,1.93,0.0
20151019:0410,0.0,0.0,0.0,0.0,5.61,1.93,0.0
20151019:0510,0.0,0.0,0.0,0.0,5.18,2.0,0.0
20151019:0610,0.0,0.0,0.0,0.0,4.82,2.0,0.0
20151019:0710,19.0,53.0,0.0,7.72,4.62,1.24,0.0
20151019:0810,140.01,91.0,0.0,16.23,6.98,1.31,0.0
20151019:0910,177.01,150.0,0.0,23.37,8.67,1.79,0.0
20151019:1010,317.01,132.0,0.0,28.57,10.44,1.93,0.0
20151019:1110,64.0,253.0,0.0,31.21,11.95,2.07,0.0
20151019:1210,42.0,245.0,0.0,30.94,13.21,2.62,0.0
20151019:1310,0.0,143.0,0.0,27.79,13.87,2.83,0.0
20151019:1410,0.0,109.0,0.0,22.2,13.86,2.83,0.0
20151019:1510,99.0,96.0,0.0,14.76,13.71,2.69,0.0
20151019:1610,6.0,39.0,0.0,6.07,13.52,2.62,0.0
20151019:1710,0.0,0.0,0.0,0.0,12.9,2.62,0.0
20151019:1810,0.0,0.0,0.0,0.0,12.32,2.83,0.0
20151019:1910,0.0,0.0,0.0,0.0,11.36,2.41,0.0
20151019:2010,0.0,0.0,0.0,0.0,11.14,2.55,0.0
20151019:2110,0.0,0.0,0.0,0.0,11.0,2.62,0.0
20151019:2210,0.0,0.0,0.0,0.0,10.74,2.41,0.0
20151019:2310,0.0,0.0,0.0,0.0,10.49,2.28,0.0
20151020:0010,0.0,0.0,0.0,0.0,10.41,2.21,0.0
20151020:0110,0.0,0.0,0.0,0.0,10.22,2.0,0.0
20151020:0210,0.0,0.0,0.0,0.0,9.77,1.86,0.0
20151020:0310,0.0,0.0,0.0,0.0,9.56,1.86,0.0
20151020:0410,0.0,0.0,0.0,0.0,9.15,1.86,0.0
20151020:0510,0.0,0.0,0.0,0.0,9.02,1.79,0.0
20151020:0610,0.0,0.0,0.0,0.0,8.85,1.72,0.0
20151020:0710,4.0,44.0,0.0,7.45,8.68,1.66,0.0
20151020:0810,5.0,103.0,0.0,15.94,9.42,1.79,0.0
20151020:0910,0.0,66.0,0.0,23.06,9.97,1.79,0.0
20151020:1010,0.0,143.0,0.0,28.23,10.55,1.93,0.0
20151020:1110,48.0,247.0,0.0,30.86,10.86,1.93,0.0
20151020:1210,22.0,228.0,0.0,30.58,11.49,2.34,0.0
20151020:1310,83.0,222.0,0.0,27.44,11.95,2.62,0.0
20151020:1410,1.0,114.0,0.0,21.86,12.27,2.69,0.0
20151020:1510,11.0,103.0,0.0,14.44,12.5,2.76,0.0
20151020:1610,3.0,33.0,0.0,5.76,12.03,2.21,0.0
20151020:1710,0.0,0.0,0.0,0.0,11.18,2.28,0.0
20151020:1810,0.0,0.0,0.0,0.0,10.53,2.28,0.0
20151020:1910,0.0,0.0,0.0,0.0,10.29,2.41,0.0
20151020:2010,0.0,0.0,0.0,0.0,10.15,2.28,0.0
20151020:2110,0.0,0.0,0.0,0.0,9.89,2.28,0.0
20151020:2210,0.0,0.0,0.0,0.0,9.43,2.21,0.0
20151020:2310,0.0,0.0,0.0,0.0,8.99,2.14,0.0
20151021:0010,0.0,0.0,0.0,0.0,8.42,2.0,0.0
20151021:0110,0.0,0.0,0.0,0.0,8.15,2.0,0.0
20151021:0210,0.0,0.0,0.0,0.0,7.75,2.07,0.0
20151021:0310,0.0,0.0,0.0,0.0,7.02,2.07,0.0
20151021:0410,0.0,0.0,0.0,0.0,6.76,1.66,0.0
20151021:0510,0.0,0.0,0.0,0.0,6.12,1.72,0.0
20151021:0610,0.0,0.0,0.0,0.0,5.68,1.45,0.0
20151021:0710,6.0,46.0,0.0,7.19,5.92,0.97,0.0
20151021:0810,44.0,120.0,0.0,15.66,7.51,0.62,0.0
20151021:0910,49.0,181.0,0.0,22.75,8.76,0.69,0.0
20151021:1010,143.0,210.0,0.0,27.89,10.17,0.9,0.0
20151021:1110,62.0,246.0,0.0,30.5,11.69,1.17,0.0
20151021:1210,43.0,239.0,0.0,30.22,12.84,1.66,0.0
20151021:1310,124.0,209.0,0.0,27.09,13.36,2.28,0.0
20151021:1410,0.0,109.0,0.0,21.52,13.48,2.62,0.0
20151021:1510,3.0,83.0,0.0,14.12,13.05,2.0,0.0
20151021:1610,16.0,30.73,0.0,5.46,12.28,1.86,0.0
20151021:1710,0.0,0.0,0.0,0.0,11.65,2.0,0.0
20151021:1810,0.0,0.0,0.0,0.0,11.28,2.21,0.0
20151021:1910,0.0,0.0,0.0,0.0,11.15,2.41,0.0
20151021:2010,0.0,0.0,0.0,0.0,10.92,2.9,0.0
20151021:2110,0.0,0.0,0.0,0.0,10.54,3.24,0.0
20151021:2210,0.0,0.0,0.0,0.0,10.32,3.38,0.0
20151021:2310,0.0,0.0,0.0,0.0,10.19,3.52,0.0
20151022:0010,0.0,0.0,0.0,0.0,10.15,3.66,0.0
20151022:0110,0.0,0.0,0.0,0.0,10.17,3.66,0.0
20151022:0210,0.0,0.0,0.0,0.0,10.3,3.59,0.0
20151022:0310,0.0,0.0,0.0,0.0,10.5,3.52,0.0
20151022:0410,0.0,0.0,0.0,0.0,10.79,3.52,0.0
20151022:0510,0.0,0.0,0.0,0.0,11.06,3.45,0.0
20151022:0610,0.0,0.0,0.0,0.0,11.36,3.31,0.0
20151022:0710,8.0,44.0,0.0,6.93,11.29,2.97,0.0
20151022:0810,23.0,114.0,0.0,15.37,11.84,3.1,0.0
20151022:0910,6.0,147.0,0.0,22.44,12.48,3.03,0.0
20151022:1010,0.0,114.0,0.0,27.56,13.62,4.34,0.0
20151022:1110,11.0,207.0,0.0,30.15,14.33,4.21,0.0
20151022:1210,0.0,116.0,0.0,29.86,14.79,3.72,0.0
20151022:1310,1.0,142.0,0.0,26.74,15.03,3.38,0.0
20151022:1410,29.0,163.0,0.0,21.19,15.13,3.03,0.0
20151022:1510,19.0,102.0,0.0,13.81,15.05,2.69,0.0
20151022:1610,5.0,30.71,0.0,5.16,14.69,2.48,0.0
20151022:1710,0.0,0.0,0.0,0.0,14.21,2.34,0.0
20151022:1810,0.0,0.0,0.0,0.0,13.8,2.28,0.0
20151022:1910,0.0,0.0,0.0,0.0,13.04,2.28,0.0
20151022:2010,0.0,0.0,0.0,0.0,12.68,2.41,0.0
20151022:2110,0.0,0.0,0.0,0.0,12.36,2.34,0.0
20151022:2210,0.0,0.0,0.0,0.0,12.02,2.14,0.0
20151022:2310,0.0,0.0,0.0,0.0,11.59,1.86,0.0
20151023:0010,0.0,0.0,0.0,0.0,11.28,1.59,0.0
20151023:0110,0.0,0.0,0.0,0.0,11.1,1.24,0.0
20151023:0210,0.0,0.0,0.0,0.0,10.74,0.97,0.0
20151023:0310,0.0,0.0,0.0,0.0,10.39,0.69,0.0
20151023:0410,0.0,0.0,0.0,0.0,10.36,0.62,0.0
20151023:0510,0.0,0.0,0.0,0.0,9.83,0.83,0.0
20151023:0610,0.0,0.0,0.0,0.0,9.37,1.03,0.0
20151023:0710,4.0,40.0,0.0,6.67,9.66,0.69,0.0
20151023:0810,2.0,90.0,0.0,15.09,10.5,0.28,0.0
20151023:0910,0.0,109.0,0.0,22.13,12.04,0.55,0.0
20151023:1010,11.0,192.0,0.0,27.23,12.94,0.83,0.0
20151023:1110,33.0,235.0,0.0,29.8,13.25,1.31,0.0
20151023:1210,11.0,208.0,0.0,29.51,13.64,1.52,0.0
20151023:1310,0.0,133.0,0.0,26.39,13.75,1.72,0.0
20151023:1410,0.0,102.0,0.0,20.86,13.84,1.86,0.0
20151023:1510,4.0,85.0,0.0,13.5,13.8,1.79,0.0
20151023:1610,3.0,28.26,0.0,4.86,13.49,1.17,0.0
20151023:1710,0.0,0.0,0.0,0.0,12.84,0.76,0.0
20151023:1810,0.0,0.0,0.0,0.0,12.8,0.34,0.0
20151023:1910,0.0,0.0,0.0,0.0,11.76,1.66,0.0
20151023:2010,0.0,0.0,0.0,0.0,11.48,1.66,0.0
20151023:2110,0.0,0.0,0.0,0.0,11.16,1.52,0.0
20151023:2210,0.0,0.0,0.0,0.0,11.07,1.31,0.0
20151023:2310,0.0,0.0,0.0,0.0,10.87,1.72,0.0
20151024:0010,0.0,0.0,0.0,0.0,10.67,1.86,0.0
20151024:0110,0.0,0.0,0.0,0.0,10.54,1.72,0.0
20151024:0210,0.0,0.0,0.0,0.0,9.97,1.86,0.0
20151024:0310,0.0,0.0,0.0,0.0,9.59,1.86,0.0
20151024:0410,0.0,0.0,0.0,0.0,9.24,1.93,0.0
20151024:0510,0.0,0.0,0.0,0.0,8.99,2.0,0.0
20151024:0610,0.0,0.0,0.0,0.0,8.71,2.07,0.0
20151024:0710,13.0,43.0,0.0,6.4,8.69,2.14,0.0
20151024:0810,14.0,106.0,0.0,14.81,9.41,2.0,0.0
20151024:0910,76.0,173.0,0.0,21.83,10.68,2.48,0.0
20151024:1010,97.0,216.0,0.0,26.89,12.13,3.03,0.0
20151024:1110,129.0,232.0,0.0,29.45,13.4,3.24,0.0
20151024:1210,81.0,238.0,0.0,29.16,14.5,3.38,0.0
20151024:1310,64.0,212.0,0.0,26.05,15.31,3.45,0.0
20151024:1410,48.0,164.0,0.0,20.54,15.52,3.59,0.0
20151024:1510,0.0,64.0,0.0,13.19,15.27,2.9,0.0
20151024:1610,0.0,19.0,0.0,4.57,14.85,2.69,0.0
20151024:1710,0.0,0.0,0.0,0.0,13.82,2.76,0.0
20151024:1810,0.0,0.0,0.0,0.0,12.71,2.9,0.0
20151024:1910,0.0,0.0,0.0,0.0,12.41,3.17,0.0
20151024:2010,0.0,0.0,0.0,0.0,12.34,3.24,0.0
20151024:2110,0.0,0.0,0.0,0.0,12.35,3.17,0.0
20151024:2210,0.0,0.0,0.0,0.0,12.35,3.1,0.0
20151024:2310,0.0,0.0,0.0,0.0,12.74,3.03,0.0
20151025:0010,0.0,0.0,0.0,0.0,12.96,2.97,0.0
20151025:0110,0.0,0.0,0.0,0.0,13.09,2.97,0.0
20151025:0210,0.0,0.0,0.0,0.0,12.9,3.17,0.0
20151025:0310,0.0,0.0,0.0,0.0,12.06,2.97,0.0
20151025:0410,0.0,0.0,0.0,0.0,11.49,3.1,0.0
20151025:0510,0.0,0.0,0.0,0.0,11.09,3.31,0.0
20151025:0610,0.0,0.0,0.0,0.0,10.57,2.83,0.0
20151025:0710,13.0,41.0,0.0,6.14,10.12,2.62,0.0
20151025:0810,73.0,104.0,0.0,14.52,10.47,2.83,0.0
20151025:0910,12.0,155.0,0.0,21.52,11.11,3.45,0.0
20151025:1010,49.0,216.0,0.0,26.57,11.72,2.76,0.0
20151025:1110,23.0,222.0,0.0,29.11,12.29,2.41,0.0
20151025:1210,131.0,226.0,0.0,28.81,12.91,2.28,0.0
20151025:1310,113.0,202.0,0.0,25.71,13.1,1.93,0.0
20151025:1410,84.0,158.0,0.0,20.22,13.17,1.79,0.0
20151025:1510,80.0,86.0,0.0,12.89,13.13,1.72,0.0
20151025:1610,0.0,26.0,0.0,4.28,12.94,1.52,0.0
20151025:1710,0.0,0.0,0.0,0.0,12.45,1.45,0.0
20151025:1810,0.0,0.0,0.0,0.0,12.09,1.66,0.0
20151025:1910,0.0,0.0,0.0,0.0,10.75,2.07,0.0
20151025:2010,0.0,0.0,0.0,0.0,10.15,2.28,0.0
20151025:2110,0.0,0.0,0.0,0.0,10.05,2.34,0.0
20151025:2210,0.0,0.0,0.0,0.0,10.33,2.34,0.0
20151025:2310,0.0,0.0,0.0,0.0,10.81,2.41,0.0
20151026:0010,0.0,0.0,0.0,0.0,10.9,2.48,0.0
20151026:0110,0.0,0.0,0.0,0.0,10.83,2.48,0.0
20151026:0210,0.0,0.0,0.0,0.0,10.62,2.48,0.0
20151026:0310,0.0,0.0,0.0,0.0,10.16,2.62,0.0
20151026:0410,0.0,0.0,0.0,0.0,9.78,2.83,0.0
20151026:0510,0.0,0.0,0.0,0.0,9.43,2.97,0.0
20151026:0610,0.0,0.0,0.0,0.0,9.15,3.03,0.0
20151026:0710,4.0,34.0,0.0,5.88,9.55,2.9,0.0
20151026:0810,4.0,90.0,0.0,14.24,10.1,3.24,0.0
20151026:0910,0.0,98.0,0.0,21.21,11.35,3.52,0.0
20151026:1010,0.0,132.0,0.0,26.24,12.9,3.72,0.0
20151026:1110,0.0,152.0,0.0,28.77,14.87,3.66,0.0
20151026:1210,0.0,115.0,0.0,28.47,16.63,3.31,0.0
20151026:1310,98.0,202.0,0.0,25.38,17.7,3.1,0.0
20151026:1410,213.01,94.0,0.0,19.9,18.15,3.17,0.0
20151026:1510,113.01,67.0,0.0,12.59,18.09,3.24,0.0
20151026:1610,0.0,24.0,0.0,4.0,16.96,2.83,0.0
20151026:1710,0.0,0.0,0.0,0.0,15.03,3.1,0.0
20151026:1810,0.0,0.0,0.0,0.0,13.97,3.1,0.0
20151026:1910,0.0,0.0,0.0,0.0,12.68,2.9,0.0
20151026:2010,0.0,0.0,0.0,0.0,12.12,2.9,0.0
20151026:2110,0.0,0.0,0.0,0.0,11.79,2.97,0.0
20151026:2210,0.0,0.0,0.0,0.0,11.55,3.03,0.0
20151026:2310,0.0,0.0,0.0,0.0,11.39,2.97,0.0
20151027:0010,0.0,0.0,0.0,0.0,11.35,2.83,0.0
20151027:0110,0.0,0.0,0.0,0.0,11.13,2.76,0.0
20151027:0210,0.0,0.0,0.0,0.0,10.85,2.76,0.0
20151027:0310,0.0,0.0,0.0,0.0,10.91,2.69,0.0
20151027:0410,0.0,0.0,0.0,0.0,10.83,2.76,0.0
20151027:0510,0.0,0.0,0.0,0.0,10.8,2.83,0.0
20151027:0610,0.0,0.0,0.0,0.0,10.54,2.9,0.0
20151027:0710,28.0,26.18,0.0,5.62,10.73,2.83,0.0
20151027:0810,130.01,70.0,0.0,13.96,11.98,2.9,0.0
20151027:0910,164.01,128.0,0.0,20.91,13.89,3.17,0.0
20151027:1010,224.01,152.0,0.0,25.91,15.91,3.72,0.0
20151027:1110,301.01,137.0,0.0,28.43,17.71,4.0,0.0
20151027:1210,333.01,114.0,0.0,28.13,18.91,4.07,0.0
20151027:1310,271.01,116.0,0.0,25.05,19.59,3.79,0.0
20151027:1410,193.01,98.0,0.0,19.59,19.93,3.52,0.0
20151027:1510,6.0,80.0,0.0,12.3,19.28,2.55,0.0
20151027:1610,0.0,22.0,0.0,3.72,18.03,2.28,0.0
20151027:1710,0.0,0.0,0.0,0.0,16.45,2.55,0.0
20151027:1810,0.0,0.0,0.0,0.0,15.67,2.55,0.0
20151027:1910,0.0,0.0,0.0,0.0,15.16,2.83,0.0
20151027:2010,0.0,0.0,0.0,0.0,14.67,2.9,0.0
20151027:2110,0.0,0.0,0.0,0.0,14.21,3.03,0.0
20151027:2210,0.0,0.0,0.0,0.0,13.93,2.9,0.0
20151027:2310,0.0,0.0,0.0,0.0,13.69,2.55,0.0
20151028:0010,0.0,0.0,0.0,0.0,13.37,2.48,0.0
20151028:0110,0.0,0.0,0.0,0.0,13.13,2.55,0.0
20151028:0210,0.0,0.0,0.0,0.0,13.08,2.55,0.0
20151028:0310,0.0,0.0,0.0,0.0,13.23,2.48,0.0
20151028:0410,0.0,0.0,0.0,0.0,13.28,2.28,0.0
20151028:0510,0.0,0.0,0.0,0.0,13.2,2.14,0.0
20151028:0610,0.0,0.0,0.0,0.0,12.96,1.59,0.0
20151028:0710,1.0,25.8,0.0,5.36,12.69,2.07,0.0
20151028:0810,1.0,72.0,0.0,13.68,12.5,1.93,0.0
20151028:0910,3.0,123.0,0.0,20.61,12.63,1.93,0.0
20151028:1010,1.0,133.0,0.0,25.59,12.81,1.86,0.0
20151028:1110,1.0,150.0,0.0,28.09,13.19,2.34,0.0
20151028:1210,8.0,186.0,0.0,27.79,13.9,2.97,0.0
20151028:1310,0.0,110.0,0.0,24.72,14.55,2.9,0.0
20151028:1410,0.0,87.0,0.0,19.28,14.67,2.55,0.0
20151028:1510,2.0,68.0,0.0,12.01,14.67,2.07,0.0
20151028:1610,0.0,19.0,0.0,3.45,14.23,1.72,0.0
20151028:1710,0.0,0.0,0.0,0.0,13.02,2.07,0.0
20151028:1810,0.0,0.0,0.0,0.0,12.13,2.28,0.0
20151028:1910,0.0,0.0,0.0,0.0,11.14,2.55,0.0
20151028:2010,0.0,0.0,0.0,0.0,10.32,2.48,0.0
20151028:2110,0.0,0.0,0.0,0.0,10.01,2.14,0.0
20151028:2210,0.0,0.0,0.0,0.0,9.51,2.07,0.0
20151028:2310,0.0,0.0,0.0,0.0,8.85,2.28,0.0
20151029:0010,0.0,0.0,0.0,0.0,8.63,2.34,0.0
20151029:0110,0.0,0.0,0.0,0.0,8.31,2.55,0.0
20151029:0210,0.0,0.0,0.0,0.0,8.15,2.62,0.0
20151029:0310,0.0,0.0,0.0,0.0,8.05,2.62,0.0
20151029:0410,0.0,0.0,0.0,0.0,8.32,2.62,0.0
20151029:0510,0.0,0.0,0.0,0.0,8.45,2.55,0.0
20151029:0610,0.0,0.0,0.0,0.0,8.96,2.48,0.0
20151029:0710,0.0,7.0,0.0,5.1,9.46,2.55,0.0
20151029:0810,58.0,98.0,0.0,13.4,10.27,4.14,0.0
20151029:0910,3.0,122.0,0.0,20.31,11.01,4.14,0.0
20151029:1010,0.0,79.0,0.0,25.27,11.8,4.14,0.0
20151029:1110,16.0,203.0,0.0,27.76,12.77,4.07,0.0
20151029:1210,20.0,206.0,0.0,27.46,13.6,3.72,0.0
20151029:1310,170.01,166.0,0.0,24.4,14.21,3.52,0.0
20151029:1410,80.0,145.0,0.0,18.97,14.67,3.31,0.0
20151029:1510,9.0,80.0,0.0,11.72,14.66,2.9,0.0
20151029:1610,0.0,18.0,0.0,3.18,14.07,2.83,0.0
20151029:1710,0.0,0.0,0.0,0.0,12.66,3.31,0.0
20151029:1810,0.0,0.0,0.0,0.0,12.01,3.59,0.0
20151029:1910,0.0,0.0,0.0,0.0,12.53,3.66,0.0
20151029:2010,0.0,0.0,0.0,0.0,12.0,3.17,0.0
20151029:2110,0.0,0.0,0.0,0.0,11.23,3.17,0.0
20151029:2210,0.0,0.0,0.0,0.0,10.61,3.17,0.0
20151029:2310,0.0,0.0,0.0,0.0,10.14,3.1,0.0
20151030:0010,0.0,0.0,0.0,0.0,9.76,3.03,0.0
20151030:0110,0.0,0.0,0.0,0.0,9.43,3.24,0.0
20151030:0210,0.0,0.0,0.0,0.0,9.13,3.1,0.0
20151030:0310,0.0,0.0,0.0,0.0,8.76,2.76,0.0
20151030:0410,0.0,0.0,0.0,0.0,8.41,2.76,0.0
20151030:0510,0.0,0.0,0.0,0.0,8.1,2.97,0.0
20151030:0610,0.0,0.0,0.0,0.0,7.88,3.1,0.0
20151030:0710,0.0,21.0,0.0,4.84,7.68,3.17,0.0
20151030:0810,38.0,98.0,0.0,13.12,8.61,2.76,0.0
20151030:0910,74.0,156.0,0.0,20.01,10.31,2.97,0.0
20151030:1010,206.01,154.0,0.0,24.95,12.07,3.03,0.0
20151030:1110,82.0,222.0,0.0,27.43,13.63,3.03,0.0
20151030:1210,198.01,181.0,0.0,27.13,14.84,3.03,0.0
20151030:1310,274.01,106.0,0.0,24.08,15.61,2.97,0.0
20151030:1410,185.01,95.0,0.0,18.67,15.94,3.1,0.0
20151030:1510,64.0,77.0,0.0,11.44,15.73,3.03,0.0
20151030:1610,0.0,16.0,0.0,2.92,14.63,2.69,0.0
20151030:1710,0.0,0.0,0.0,0.0,12.94,2.83,0.0
20151030:1810,0.0,0.0,0.0,0.0,11.97,2.97,0.0
20151030:1910,0.0,0.0,0.0,0.0,11.49,3.17,0.0
20151030:2010,0.0,0.0,0.0,0.0,11.02,3.1,0.0
20151030:2110,0.0,0.0,0.0,0.0,10.45,2.97,0.0
20151030:2210,0.0,0.0,0.0,0.0,9.87,2.76,0.0
20151030:2310,0.0,0.0,0.0,0.0,9.28,2.69,0.0
20151031:0010,0.0,0.0,0.0,0.0,8.76,2.62,0.0
20151031:0110,0.0,0.0,0.0,0.0,8.25,2.62,0.0
20151031:0210,0.0,0.0,0.0,0.0,7.82,2.62,0.0
20151031:0310,0.0,0.0,0.0,0.0,7.47,2.62,0.0
20151031:0410,0.0,0.0,0.0,0.0,7.17,2.55,0.0
20151031:0510,0.0,0.0,0.0,0.0,6.9,2.48,0.0
20151031:0610,0.0,0.0,0.0,0.0,6.68,2.48,0.0
20151031:0710,1.0,20.81,0.0,4.58,6.91,2.0,0.0
20151031:0810,6.0,86.0,0.0,12.85,8.05,1.72,0.0
20151031:0910,3.0,123.0,0.0,19.71,9.84,2.0,0.0
20151031:1010,23.0,191.0,0.0,24.64,11.65,2.21,0.0
20151031:1110,319.01,120.0,0.0,27.11,13.72,2.41,0.0
20151031:1210,360.01,96.0,0.0,26.8,15.4,2.34,0.0
20151031:1310,288.01,100.0,0.0,23.77,16.56,2.21,0.0
20151031:1410,197.01,89.0,0.0,18.38,17.23,2.14,0.0
20151031:1510,90.0,64.0,0.0,11.17,17.21,1.79,0.0
20151031:1610,0.0,15.0,0.0,2.66,16.09,2.14,0.0
20151031:1710,0.0,0.0,0.0,0.0,14.19,2.48,0.0
20151031:1810,0.0,0.0,0.0,0.0,12.95,2.48,0.0
20151031:1910,0.0,0.0,0.0,0.0,12.13,2.55,0.0
20151031:2010,0.0,0.0,0.0,0.0,11.53,2.48,0.0
20151031:2110,0.0,0.0,0.0,0.0,10.94,2.41,0.0
20151031:2210,0.0,0.0,0.0,0.0,10.36,2.34,0.0
20151031:2310,0.0,0.0,0.0,0.0,9.81,2.28,0.0
20151101:0010,0.0,0.0,0.0,0.0,9.29,2.21,0.0
20151101:0110,0.0,0.0,0.0,0.0,8.8,2.14,0.0
20151101:0210,0.0,0.0,0.0,0.0,8.29,2.07,0.0
20151101:0310,0.0,0.0,0.0,0.0,7.73,1.93,0.0
20151101:0410,0.0,0.0,0.0,0.0,7.03,1.72,0.0
20151101:0510,0.0,0.0,0.0,0.0,6.46,1.59,0.0
20151101:0610,0.0,0.0,0.0,0.0,5.74,1.72,0.0
20151101:0710,23.0,18.72,0.0,4.32,5.53,1.24,0.0
20151101:0810,115.01,66.0,0.0,12.57,7.23,0.83,0.0
20151101:0910,222.01,86.0,0.0,19.42,8.71,0.69,0.0
20151101:1010,324.01,84.0,0.0,24.33,10.38,0.55,0.0
20151101:1110,361.01,90.0,0.0,26.78,12.24,0.41,0.0
20151101:1210,361.01,87.0,0.0,26.48,13.97,0.55,0.0
20151101:1310,310.01,82.0,0.0,23.46,15.42,0.76,0.0
20151101:1410,223.01,70.0,0.0,18.09,16.35,1.03,0.0
20151101:1510,106.01,52.0,0.0,10.9,16.42,1.1,0.0
20151101:1610,0.0,13.0,0.0,2.41,15.62,1.17,0.0
20151101:1710,0.0,0.0,0.0,0.0,13.09,1.24,0.0
20151101:1810,0.0,0.0,0.0,0.0,11.29,1.31,0.0
20151101:1910,0.0,0.0,0.0,0.0,9.36,2.21,0.0
20151101:2010,0.0,0.0,0.0,0.0,8.62,2.21,0.0
20151101:2110,0.0,0.0,0.0,0.0,7.93,2.14,0.0
20151101:2210,0.0,0.0,0.0,0.0,7.32,2.07,0.0
20151101:2310,0.0,0.0,0.0,0.0,6.76,2.0,0.0
20151102:0010,0.0,0.0,0.0,0.0,6.25,1.93,0.0
20151102:0110,0.0,0.0,0.0,0.0,5.75,1.86,0.0
20151102:0210,0.0,0.0,0.0,0.0,5.41,1.59,0.0
20151102:0310,0.0,0.0,0.0,0.0,5.45,1.59,0.0
20151102:0410,0.0,0.0,0.0,0.0,5.56,1.45,0.0
20151102:0510,0.0,0.0,0.0,0.0,5.77,1.31,0.0
20151102:0610,0.0,0.0,0.0,0.0,5.82,1.17,0.0
20151102:0710,3.0,23.27,0.0,4.06,6.29,1.52,0.0
20151102:0810,9.0,86.0,0.0,12.3,7.28,1.45,0.0
20151102:0910,0.0,91.0,0.0,19.13,8.3,1.59,0.0
20151102:1010,1.0,134.0,0.0,24.02,9.48,1.66,0.0
20151102:1110,0.0,124.0,0.0,26.46,10.97,1.72,0.0
20151102:1210,3.0,166.0,0.0,26.16,12.63,1.86,0.0
20151102:1310,1.0,125.0,0.0,23.16,14.09,1.86,0.0
20151102:1410,22.0,138.0,0.0,17.8,15.3,2.14,0.0
20151102:1510,104.01,51.0,0.0,10.63,15.47,2.34,0.0
20151102:1610,0.0,11.0,0.0,2.16,14.18,2.9,0.0
20151102:1710,0.0,0.0,0.0,0.0,12.69,3.45,0.0
20151102:1810,0.0,0.0,0.0,0.0,12.08,3.66,0.0
20151102:1910,0.0,0.0,0.0,0.0,10.92,3.59,0.0
20151102:2010,0.0,0.0,0.0,0.0,10.78,3.59,0.0
20151102:2110,0.0,0.0,0.0,0.0,10.72,3.66,0.0
20151102:2210,0.0,0.0,0.0,0.0,10.65,3.66,0.0
20151102:2310,0.0,0.0,0.0,0.0,10.55,3.59,0.0
20151103:0010,0.0,0.0,0.0,0.0,10.51,3.45,0.0
20151103:0110,0.0,0.0,0.0,0.0,10.49,3.38,0.0
20151103:0210,0.0,0.0,0.0,0.0,10.56,3.45,0.0
20151103:0310,0.0,0.0,0.0,0.0,10.73,3.59,0.0
20151103:0410,0.0,0.0,0.0,0.0,11.07,3.52,0.0
20151103:0510,0.0,0.0,0.0,0.0,11.23,3.31,0.0
20151103:0610,0.0,0.0,0.0,0.0,11.13,3.17,0.0
20151103:0710,6.0,21.5,0.0,3.81,12.59,4.34,0.0
20151103:0810,0.0,57.0,0.0,12.03,12.48,4.0,0.0
20151103:0910,0.0,86.0,0.0,18.83,13.22,4.55,0.0
20151103:1010,27.0,183.0,0.0,23.71,13.84,5.38,0.0
20151103:1110,132.0,196.0,0.0,26.15,14.09,5.59,0.0
20151103:1210,75.0,207.0,0.0,25.85,14.11,5.52,0.0
20151103:1310,0.0,118.0,0.0,22.86,13.82,5.59,0.0
20151103:1410,3.0,105.0,0.0,17.52,13.75,5.24,0.0
20151103:1510,6.0,67.0,0.0,10.37,13.69,4.62,0.0
20151103:1610,0.0,9.0,0.0,1.91,13.46,3.93,0.0
20151103:1710,0.0,0.0,0.0,0.0,12.64,3.45,0.0
20151103:1810,0.0,0.0,0.0,0.0,11.93,3.03,0.0
20151103:1910,0.0,0.0,0.0,0.0,11.45,2.41,0.0
20151103:2010,0.0,0.0,0.0,0.0,11.31,2.41,0.0
20151103:2110,0.0,0.0,0.0,0.0,11.36,2.69,0.0
20151103:2210,0.0,0.0,0.0,0.0,11.79,3.17,0.0
20151103:2310,0.0,0.0,0.0,0.0,12.23,3.86,0.0
20151104:0010,0.0,0.0,0.0,0.0,12.61,4.28,0.0
20151104:0110,0.0,0.0,0.0,0.0,12.82,4.69,0.0
20151104:0210,0.0,0.0,0.0,0.0,13.22,5.31,0.0
20151104:0310,0.0,0.0,0.0,0.0,13.57,5.66,0.0
20151104:0410,0.0,0.0,0.0,0.0,13.59,5.66,0.0
20151104:0510,0.0,0.0,0.0,0.0,13.45,5.38,0.0
20151104:0610,0.0,0.0,0.0,0.0,13.26,4.69,0.0
20151104:0710,0.0,3.0,0.0,3.55,13.42,4.48,0.0
20151104:0810,5.0,76.0,0.0,11.75,13.56,4.69,0.0
20151104:0910,0.0,68.0,0.0,18.55,14.05,4.55,0.0
20151104:1010,2.0,139.0,0.0,23.41,14.78,4.28,0.0
20151104:1110,0.0,131.0,0.0,25.84,15.36,4.21,0.0
20151104:1210,0.0,96.0,0.0,25.54,16.05,4.21,0.0
20151104:1310,0.0,83.0,0.0,22.56,16.18,4.28,0.0
20151104:1410,0.0,57.0,0.0,17.25,16.01,3.86,0.0
20151104:1510,1.0,55.0,0.0,10.11,15.68,3.17,0.0
20151104:1610,0.0,5.0,0.0,1.67,14.97,2.69,0.0
20151104:1710,0.0,0.0,0.0,0.0,13.93,2.34,0.0
20151104:1810,0.0,0.0,0.0,0.0,13.26,2.21,0.0
20151104:1910,0.0,0.0,0.0,0.0,13.5,2.48,0.0
20151104:2010,0.0,0.0,0.0,0.0,12.95,2.48,0.0
20151104:2110,0.0,0.0,0.0,0.0,12.83,2.34,0.0
20151104:2210,0.0,0.0,0.0,0.0,12.57,2.21,0.0
20151104:2310,0.0,0.0,0.0,0.0,12.38,2.21,0.0
20151105:0010,0.0,0.0,0.0,0.0,12.35,2.28,0.0
20151105:0110,0.0,0.0,0.0,0.0,12.17,2.34,0.0
20151105:0210,0.0,0.0,0.0,0.0,12.08,2.41,0.0
20151105:0310,0.0,0.0,0.0,0.0,11.81,2.41,0.0
20151105:0410,0.0,0.0,0.0,0.0,11.7,2.48,0.0
20151105:0510,0.0,0.0,0.0,0.0,11.76,2.62,0.0
20151105:0610,0.0,0.0,0.0,0.0,11.77,2.83,0.0
20151105:0710,13.0,15.08,0.0,3.3,12.15,3.1,0.0
20151105:0810,56.0,78.0,0.0,11.49,12.82,3.24,0.0
20151105:0910,128.01,117.0,0.0,18.26,14.04,3.31,0.0
20151105:1010,278.01,88.0,0.0,23.1,15.52,3.93,0.0
20151105:1110,294.01,107.0,0.0,25.53,16.79,4.28,0.0
20151105:1210,181.01,166.0,0.0,25.24,17.53,4.41,0.0
20151105:1310,86.0,173.0,0.0,22.27,17.75,4.28,0.0
20151105:1410,2.0,96.0,0.0,16.98,17.5,3.45,0.0
20151105:1510,16.0,70.0,0.0,9.86,16.89,3.1,0.0
20151105:1610,0.0,3.0,0.0,1.44,16.11,3.24,0.0
20151105:1710,0.0,0.0,0.0,0.0,15.46,3.38,0.0
20151105:1810,0.0,0.0,0.0,0.0,15.08,3.79,0.0
20151105:1910,0.0,0.0,0.0,0.0,14.78,3.72,0.0
20151105:2010,0.0,0.0,0.0,0.0,14.9,3.79,0.0
20151105:2110,0.0,0.0,0.0,0.0,14.73,3.66,0.0
20151105:2210,0.0,0.0,0.0,0.0,14.51,3.72,0.0
20151105:2310,0.0,0.0,0.0,0.0,14.43,4.0,0.0
20151106:0010,0.0,0.0,0.0,0.0,14.49,4.0,0.0
20151106:0110,0.0,0.0,0.0,0.0,14.78,3.86,0.0
20151106:0210,0.0,0.0,0.0,0.0,14.85,3.72,0.0
20151106:0310,0.0,0.0,0.0,0.0,14.95,3.52,0.0
20151106:0410,0.0,0.0,0.0,0.0,14.93,3.31,0.0
20151106:0510,0.0,0.0,0.0,0.0,14.9,3.31,0.0
20151106:0610,0.0,0.0,0.0,0.0,14.82,3.24,0.0
20151106:0710,6.0,15.62,0.0,3.05,14.8,3.59,0.0
20151106:0810,6.0,72.0,0.0,11.22,15.06,3.79,0.0
20151106:0910,23.0,136.0,0.0,17.98,15.6,3.79,0.0
20151106:1010,0.0,72.0,0.0,22.81,16.07,4.83,0.0
20151106:1110,0.0,82.0,0.0,25.23,16.42,5.31,0.0
20151106:1210,0.0,110.0,0.0,24.94,16.71,4.62,0.0
20151106:1310,0.0,50.0,0.0,21.99,17.39,4.55,0.0
20151106:1410,20.0,125.0,0.0,16.71,17.47,4.48,0.0
20151106:1510,2.0,53.0,0.0,9.62,17.44,4.62,0.0
20151106:1610,0.0,0.0,0.0,0.0,17.49,4.76,0.0
20151106:1710,0.0,0.0,0.0,0.0,17.46,4.69,0.0
20151106:1810,0.0,0.0,0.0,0.0,17.44,4.34,0.0
20151106:1910,0.0,0.0,0.0,0.0,17.19,4.62,0.0
20151106:2010,0.0,0.0,0.0,0.0,17.04,4.34,0.0
20151106:2110,0.0,0.0,0.0,0.0,16.81,4.0,0.0
20151106:2210,0.0,0.0,0.0,0.0,16.59,3.79,0.0
20151106:2310,0.0,0.0,0.0,0.0,16.47,3.45,0.0
20151107:0010,0.0,0.0,0.0,0.0,16.31,3.24,0.0
20151107:0110,0.0,0.0,0.0,0.0,16.18,3.03,0.0
20151107:0210,0.0,0.0,0.0,0.0,15.98,2.97,0.0
20151107:0310,0.0,0.0,0.0,0.0,15.97,2.76,0.0
20151107:0410,0.0,0.0,0.0,0.0,15.75,2.41,0.0
20151107:0510,0.0,0.0,0.0,0.0,15.46,2.34,0.0
20151107:0610,0.0,0.0,0.0,0.0,14.76,2.62,0.0
20151107:0710,1.0,12.81,0.0,2.8,14.94,2.69,0.0
20151107:0810,31.0,79.0,0.0,10.95,15.04,2.55,0.0
20151107:0910,11.0,123.0,0.0,17.7,16.17,3.45,0.0
20151107:1010,10.0,155.0,0.0,22.51,17.5,3.86,0.0
20151107:1110,73.0,197.0,0.0,24.93,18.91,4.48,0.0
20151107:1210,314.01,85.0,0.0,24.65,19.72,4.83,0.0
20151107:1310,170.01,132.0,0.0,21.71,20.23,4.9,0.0
20151107:1410,192.01,64.0,0.0,16.45,20.48,5.1,0.0
20151107:1510,82.01,46.0,0.0,9.38,20.16,4.21,0.0
20151107:1610,0.0,0.0,0.0,0.0,19.34,4.0,0.0
20151107:1710,0.0,0.0,0.0,0.0,18.65,3.72,0.0
20151107:1810,0.0,0.0,0.0,0.0,18.02,3.38,0.0
20151107:1910,0.0,0.0,0.0,0.0,16.76,2.97,0.0
20151107:2010,0.0,0.0,0.0,0.0,15.94,2.83,0.0
20151107:2110,0.0,0.0,0.0,0.0,15.49,2.55,0.0
20151107:2210,0.0,0.0,0.0,0.0,15.17,2.34,0.0
20151107:2310,0.0,0.0,0.0,0.0,14.67,2.28,0.0
20151108:0010,0.0,0.0,0.0,0.0,14.35,1.79,0.0
20151108:0110,0.0,0.0,0.0,0.0,13.45,1.24,0.0
20151108:0210,0.0,0.0,0.0,0.0,12.85,0.97,0.0
20151108:0310,0.0,0.0,0.0,0.0,11.68,1.45,0.0
20151108:0410,0.0,0.0,0.0,0.0,11.36,1.93,0.0
20151108:0510,0.0,0.0,0.0,0.0,11.37,1.93,0.0
20151108:0610,0.0,0.0,0.0,0.0,11.42,2.07,0.0
20151108:0710,9.0,11.97,0.0,2.55,13.12,1.93,0.0
20151108:0810,19.0,78.0,0.0,10.69,13.91,2.21,0.0
20151108:0910,38.0,137.0,0.0,17.42,14.54,3.52,0.0
20151108:1010,76.0,177.0,0.0,22.22,15.63,4.28,0.0
20151108:1110,247.01,128.0,0.0,24.63,16.92,4.55,0.0
20151108:1210,169.01,166.0,0.0,24.36,18.44,5.31,0.0
20151108:1310,134.01,150.0,0.0,21.43,19.1,5.1,0.0
20151108:1410,132.01,95.0,0.0,16.19,19.37,4.48,0.0
20151108:1510,41.0,62.0,0.0,9.14,19.11,4.0,0.0
20151108:1610,0.0,0.0,0.0,0.0,18.1,3.93,0.0
20151108:1710,0.0,0.0,0.0,0.0,17.15,3.93,0.0
20151108:1810,0.0,0.0,0.0,0.0,16.39,4.07,0.0
20151108:1910,0.0,0.0,0.0,0.0,16.56,4.34,0.0
20151108:2010,0.0,0.0,0.0,0.0,16.71,4.69,0.0
20151108:2110,0.0,0.0,0.0,0.0,16.31,4.83,0.0
20151108:2210,0.0,0.0,0.0,0.0,15.87,4.76,0.0
20151108:2310,0.0,0.0,0.0,0.0,15.46,4.69,0.0
20151109:0010,0.0,0.0,0.0,0.0,15.19,4.62,0.0
20151109:0110,0.0,0.0,0.0,0.0,15.13,4.55,0.0
20151109:0210,0.0,0.0,0.0,0.0,15.06,4.48,0.0
20151109:0310,0.0,0.0,0.0,0.0,15.12,4.34,0.0
20151109:0410,0.0,0.0,0.0,0.0,15.05,4.07,0.0
20151109:0510,0.0,0.0,0.0,0.0,14.98,4.0,0.0
20151109:0610,0.0,0.0,0.0,0.0,14.83,4.07,0.0
20151109:0710,6.0,10.72,0.0,2.3,14.51,4.0,0.0
20151109:0810,96.01,51.0,0.0,10.43,14.73,4.14,0.0
20151109:0910,122.01,111.0,0.0,17.14,15.14,5.03,0.0
20151109:1010,129.01,158.0,0.0,21.94,15.71,5.03,0.0
20151109:1110,264.01,116.0,0.0,24.34,16.15,5.38,0.0
20151109:1210,270.01,109.0,0.0,24.07,16.36,5.45,0.0
20151109:1310,246.01,89.0,0.0,21.16,16.59,5.1,0.0
20151109:1410,155.01,80.0,0.0,15.95,16.45,4.97,0.0
20151109:1510,61.0,52.0,0.0,8.91,15.99,4.48,0.0
20151109:1610,0.0,0.0,0.0,0.0,14.9,4.07,0.0
20151109:1710,0.0,0.0,0.0,0.0,13.8,3.86,0.0
20151109:1810,0.0,0.0,0.0,0.0,13.04,3.79,0.0
20151109:1910,0.0,0.0,0.0,0.0,12.06,3.93,0.0
20151109:2010,0.0,0.0,0.0,0.0,11.75,4.07,0.0
20151109:2110,0.0,0.0,0.0,0.0,11.61,4.14,0.0
20151109:2210,0.0,0.0,0.0,0.0,11.45,4.28,0.0
20151109:2310,0.0,0.0,0.0,0.0,11.26,4.28,0.0
20151110:0010,0.0,0.0,0.0,0.0,11.02,4.0,0.0
20151110:0110,0.0,0.0,0.0,0.0,10.8,3.59,0.0
20151110:0210,0.0,0.0,0.0,0.0,10.52,3.17,0.0
20151110:0310,0.0,0.0,0.0,0.0,10.07,2.97,0.0
20151110:0410,0.0,0.0,0.0,0.0,9.75,2.97,0.0
20151110:0510,0.0,0.0,0.0,0.0,9.53,3.03,0.0
20151110:0610,0.0,0.0,0.0,0.0,9.43,2.97,0.0
20151110:0710,0.0,9.0,0.0,2.06,10.45,3.31,0.0
20151110:0810,0.0,30.0,0.0,10.17,10.96,3.52,0.0
20151110:0910,126.01,105.0,0.0,16.87,11.88,3.79,0.0
20151110:1010,26.0,168.0,0.0,21.65,12.65,3.86,0.0
20151110:1110,36.0,191.0,0.0,24.06,13.33,4.0,0.0
20151110:1210,168.01,160.0,0.0,23.79,14.08,4.14,0.0
20151110:1310,236.01,91.0,0.0,20.9,14.58,3.86,0.0
20151110:1410,142.01,84.0,0.0,15.7,15.01,3.66,0.0
20151110:1510,73.01,44.0,0.0,8.69,14.9,3.24,0.0
20151110:1610,0.0,0.0,0.0,0.0,13.82,2.69,0.0
20151110:1710,0.0,0.0,0.0,0.0,12.4,2.69,0.0
20151110:1810,0.0,0.0,0.0,0.0,11.81,2.76,0.0
20151110:1910,0.0,0.0,0.0,0.0,10.55,2.76,0.0
20151110:2010,0.0,0.0,0.0,0.0,10.16,2.55,0.0
20151110:2110,0.0,0.0,0.0,0.0,10.19,2.34,0.0
20151110:2210,0.0,0.0,0.0,0.0,9.92,2.34,0.0
20151110:2310,0.0,0.0,0.0,0.0,9.95,2.41,0.0
20151111:0010,0.0,0.0,0.0,0.0,10.06,2.55,0.0
20151111:0110,0.0,0.0,0.0,0.0,10.22,2.55,0.0
20151111:0210,0.0,0.0,0.0,0.0,10.28,2.41,0.0
20151111:0310,0.0,0.0,0.0,0.0,10.63,2.21,0.0
20151111:0410,0.0,0.0,0.0,0.0,11.13,2.0,0.0
20151111:0510,0.0,0.0,0.0,0.0,11.37,1.93,0.0
20151111:0610,0.0,0.0,0.0,0.0,11.48,1.86,0.0
20151111:0710,0.0,9.0,0.0,1.82,11.41,1.79,0.0
20151111:0810,49.0,67.0,0.0,9.92,11.74,2.21,0.0
20151111:0910,8.0,116.0,0.0,16.6,12.32,2.55,0.0
20151111:1010,1.0,118.0,0.0,21.38,13.19,2.62,0.0
20151111:1110,0.0,78.0,0.0,23.77,14.07,2.83,0.0
20151111:1210,10.0,167.0,0.0,23.52,15.09,2.9,0.0
20151111:1310,12.0,149.0,0.0,20.64,15.51,2.9,0.0
20151111:1410,0.0,62.0,0.0,15.46,15.48,2.76,0.0
20151111:1510,17.0,61.0,0.0,8.47,15.15,2.41,0.0
20151111:1610,0.0,0.0,0.0,0.0,14.6,2.76,0.0
20151111:1710,0.0,0.0,0.0,0.0,14.02,3.03,0.0
20151111:1810,0.0,0.0,0.0,0.0,13.72,3.17,0.0
20151111:1910,0.0,0.0,0.0,0.0,13.42,3.03,0.0
20151111:2010,0.0,0.0,0.0,0.0,13.17,2.97,0.0
20151111:2110,0.0,0.0,0.0,0.0,13.19,2.9,0.0
20151111:2210,0.0,0.0,0.0,0.0,13.08,2.83,0.0
20151111:2310,0.0,0.0,0.0,0.0,13.04,2.83,0.0
20151112:0010,0.0,0.0,0.0,0.0,13.1,2.76,0.0
20151112:0110,0.0,0.0,0.0,0.0,12.91,2.48,0.0
20151112:0210,0.0,0.0,0.0,0.0,12.67,2.21,0.0
20151112:0310,0.0,0.0,0.0,0.0,12.47,1.86,0.0
20151112:0410,0.0,0.0,0.0,0.0,12.02,1.66,0.0
20151112:0510,0.0,0.0,0.0,0.0,11.61,1.59,0.0
20151112:0610,0.0,0.0,0.0,0.0,11.45,1.52,0.0
20151112:0710,0.0,1.0,0.0,1.58,10.26,1.24,0.0
20151112:0810,3.0,58.0,0.0,9.66,10.54,1.17,0.0
20151112:0910,5.0,107.0,0.0,16.34,11.41,1.31,0.0
20151112:1010,22.0,162.0,0.0,21.1,12.57,1.59,0.0
20151112:1110,0.0,118.0,0.0,23.5,13.66,2.34,0.0
20151112:1210,1.0,123.0,0.0,23.25,14.63,2.83,0.0
20151112:1310,16.0,151.0,0.0,20.39,15.07,2.55,0.0
20151112:1410,2.0,91.0,0.0,15.23,15.2,2.28,0.0
20151112:1510,27.0,57.0,0.0,8.26,14.81,1.66,0.0
20151112:1610,0.0,0.0,0.0,0.0,13.72,1.93,0.0
20151112:1710,0.0,0.0,0.0,0.0,12.47,2.14,0.0
20151112:1810,0.0,0.0,0.0,0.0,11.75,2.14,0.0
20151112:1910,0.0,0.0,0.0,0.0,11.05,2.28,0.0
20151112:2010,0.0,0.0,0.0,0.0,10.54,2.55,0.0
20151112:2110,0.0,0.0,0.0,0.0,10.41,2.76,0.0
20151112:2210,0.0,0.0,0.0,0.0,10.36,2.97,0.0
20151112:2310,0.0,0.0,0.0,0.0,10.38,3.1,0.0
20151113:0010,0.0,0.0,0.0,0.0,10.4,3.1,0.0
20151113:0110,0.0,0.0,0.0,0.0,10.67,3.24,0.0
20151113:0210,0.0,0.0,0.0,0.0,10.86,3.38,0.0
20151113:0310,0.0,0.0,0.0,0.0,11.09,3.52,0.0
20151113:0410,0.0,0.0,0.0,0.0,11.25,3.72,0.0
20151113:0510,0.0,0.0,0.0,0.0,11.59,3.79,0.0
20151113:0610,0.0,0.0,0.0,0.0,11.86,3.86,0.0
20151113:0710,0.0,1.0,0.0,1.34,11.82,3.93,0.0
20151113:0810,7.0,62.0,0.0,9.41,12.25,4.07,0.0
20151113:0910,85.0,116.0,0.0,16.07,12.84,3.86,0.0
20151113:1010,38.0,167.0,0.0,20.83,13.64,4.83,0.0
20151113:1110,5.0,153.0,0.0,23.22,14.28,5.03,0.0
20151113:1210,9.0,159.0,0.0,22.98,14.96,5.24,0.0
20151113:1310,2.0,122.0,0.0,20.14,14.74,5.79,0.0
20151113:1410,29.0,116.0,0.0,15.0,14.28,5.1,0.0
20151113:1510,21.0,57.0,0.0,8.05,13.87,5.24,0.0
20151113:1610,0.0,0.0,0.0,0.0,12.81,4.76,0.0
20151113:1710,0.0,0.0,0.0,0.0,11.76,4.34,0.0
20151113:1810,0.0,0.0,0.0,0.0,11.05,4.28,0.0
20151113:1910,0.0,0.0,0.0,0.0,10.81,3.72,0.0
20151113:2010,0.0,0.0,0.0,0.0,10.52,3.66,0.0
20151113:2110,0.0,0.0,0.0,0.0,10.02,3.52,0.0
20151113:2210,0.0,0.0,0.0,0.0,9.69,3.38,0.0
20151113:2310,0.0,0.0,0.0,0.0,9.32,3.38,0.0
20151114:0010,0.0,0.0,0.0,0.0,9.02,3.45,0.0
20151114:0110,0.0,0.0,0.0,0.0,8.66,3.38,0.0
20151114:0210,0.0,0.0,0.0,0.0,8.37,3.45,0.0
20151114:0310,0.0,0.0,0.0,0.0,8.19,3.52,0.0
20151114:0410,0.0,0.0,0.0,0.0,8.06,3.66,0.0
20151114:0510,0.0,0.0,0.0,0.0,7.74,3.79,0.0
20151114:0610,0.0,0.0,0.0,0.0,7.75,3.86,0.0
20151114:0710,0.0,0.0,0.0,0.0,7.21,3.38,0.0
20151114:0810,23.0,66.0,0.0,9.17,7.73,3.38,0.0
20151114:0910,22.0,121.0,0.0,15.82,8.79,3.31,0.0
20151114:1010,7.0,141.0,0.0,20.56,10.32,4.21,0.0
20151114:1110,4.0,146.0,0.0,22.96,11.41,4.41,0.0
20151114:1210,72.0,183.0,0.0,22.73,12.21,4.83,0.0
20151114:1310,9.0,140.0,0.0,19.9,12.37,4.9,0.0
20151114:1410,21.0,112.0,0.0,14.78,12.15,4.55,0.0
20151114:1510,6.0,52.0,0.0,7.85,11.78,4.0,0.0
20151114:1610,0.0,0.0,0.0,0.0,11.52,4.0,0.0
20151114:1710,0.0,0.0,0.0,0.0,11.38,4.34,0.0
20151114:1810,0.0,0.0,0.0,0.0,11.28,4.97,0.0
20151114:1910,0.0,0.0,0.0,0.0,11.38,5.31,0.0
20151114:2010,0.0,0.0,0.0,0.0,11.38,5.59,0.0
20151114:2110,0.0,0.0,0.0,0.0,11.24,5.72,0.0
20151114:2210,0.0,0.0,0.0,0.0,10.92,5.72,0.0
20151114:2310,0.0,0.0,0.0,0.0,10.79,5.66,0.0
20151115:0010,0.0,0.0,0.0,0.0,10.61,5.59,0.0
20151115:0110,0.0,0.0,0.0,0.0,10.35,5.38,0.0
20151115:0210,0.0,0.0,0.0,0.0,10.18,5.17,0.0
20151115:0310,0.0,0.0,0.0,0.0,10.23,5.1,0.0
20151115:0410,0.0,0.0,0.0,0.0,10.19,5.1,0.0
20151115:0510,0.0,0.0,0.0,0.0,10.22,5.17,0.0
20151115:0610,0.0,0.0,0.0,0.0,10.04,5.1,0.0
20151115:0710,0.0,0.0,0.0,0.0,10.72,5.17,0.0
20151115:0810,21.0,64.0,0.0,8.92,11.12,5.24,0.0
20151115:0910,25.0,120.0,0.0,15.56,12.11,5.93,0.0
20151115:1010,128.01,142.0,0.0,20.3,13.18,6.14,0.0
20151115:1110,280.01,87.0,0.0,22.7,14.19,5.79,0.0
20151115:1210,287.01,82.0,0.0,22.47,15.04,5.66,0.0
20151115:1310,231.01,80.0,0.0,19.66,15.44,5.31,0.0
20151115:1410,149.01,68.0,0.0,14.57,15.5,5.03,0.0
20151115:1510,58.0,40.0,0.0,7.66,15.03,4.55,0.0
20151115:1610,0.0,0.0,0.0,0.0,13.72,4.28,0.0
20151115:1710,0.0,0.0,0.0,0.0,12.53,4.14,0.0
20151115:1810,0.0,0.0,0.0,0.0,11.68,3.93,0.0
20151115:1910,0.0,0.0,0.0,0.0,10.65,3.86,0.0
20151115:2010,0.0,0.0,0.0,0.0,10.06,3.66,0.0
20151115:2110,0.0,0.0,0.0,0.0,9.86,3.59,0.0
20151115:2210,0.0,0.0,0.0,0.0,9.84,3.66,0.0
20151115:2310,0.0,0.0,0.0,0.0,9.74,3.79,0.0
20151116:0010,0.0,0.0,0.0,0.0,9.51,4.0,0.0
20151116:0110,0.0,0.0,0.0,0.0,9.38,4.14,0.0
20151116:0210,0.0,0.0,0.0,0.0,9.3,4.21,0.0
20151116:0310,0.0,0.0,0.0,0.0,9.56,4.28,0.0
20151116:0410,0.0,0.0,0.0,0.0,9.71,4.28,0.0
20151116:0510,0.0,0.0,0.0,0.0,9.86,4.21,0.0
20151116:0610,0.0,0.0,0.0,0.0,10.11,4.14,0.0
20151116:0710,0.0,0.0,0.0,0.0,9.94,4.41,0.0
20151116:0810,5.0,56.0,0.0,8.68,10.39,4.41,0.0
20151116:0910,34.0,120.0,0.0,15.31,11.24,5.17,0.0
20151116:1010,0.0,95.0,0.0,20.04,12.37,6.07,0.0
20151116:1110,250.01,104.0,0.0,22.44,13.13,6.41,0.0
20151116:1210,56.0,181.0,0.0,22.23,13.6,6.76,0.0
20151116:1310,0.0,95.0,0.0,19.43,13.74,6.83,0.0
20151116:1410,0.0,74.0,0.0,14.36,13.98,6.28,0.0
20151116:1510,3.0,45.0,0.0,7.47,14.04,5.66,0.0
20151116:1610,0.0,0.0,0.0,0.0,13.92,5.45,0.0
20151116:1710,0.0,0.0,0.0,0.0,13.89,5.59,0.0
20151116:1810,0.0,0.0,0.0,0.0,13.92,5.79,0.0
20151116:1910,0.0,0.0,0.0,0.0,14.13,5.66,0.0
20151116:2010,0.0,0.0,0.0,0.0,14.03,5.66,0.0
20151116:2110,0.0,0.0,0.0,0.0,13.88,5.79,0.0
20151116:2210,0.0,0.0,0.0,0.0,13.8,6.0,0.0
20151116:2310,0.0,0.0,0.0,0.0,13.56,6.0,0.0
20151117:0010,0.0,0.0,0.0,0.0,13.32,6.48,0.0
20151117:0110,0.0,0.0,0.0,0.0,13.14,6.9,0.0
20151117:0210,0.0,0.0,0.0,0.0,13.15,7.38,0.0
20151117:0310,0.0,0.0,0.0,0.0,13.5,7.59,0.0
20151117:0410,0.0,0.0,0.0,0.0,13.8,7.66,0.0
20151117:0510,0.0,0.0,0.0,0.0,13.99,7.45,0.0
20151117:0610,0.0,0.0,0.0,0.0,14.32,7.1,0.0
20151117:0710,0.0,0.0,0.0,0.0,14.39,6.9,0.0
20151117:0810,3.0,49.0,0.0,8.44,14.65,6.55,0.0
20151117:0910,0.0,52.0,0.0,15.06,14.78,6.21,0.0
20151117:1010,3.0,123.0,0.0,19.79,14.84,6.0,0.0
20151117:1110,0.0,99.0,0.0,22.19,14.88,6.14,0.0
20151117:1210,0.0,102.0,0.0,21.99,15.08,6.0,0.0
20151117:1310,0.0,95.0,0.0,19.21,15.47,6.21,0.0
20151117:1410,3.0,85.0,0.0,14.16,15.41,6.97,0.0
20151117:1510,1.0,35.0,0.0,7.29,15.47,6.76,0.0
20151117:1610,0.0,0.0,0.0,0.0,15.82,7.1,0.0
20151117:1710,0.0,0.0,0.0,0.0,16.1,7.31,0.0
20151117:1810,0.0,0.0,0.0,0.0,16.32,7.52,0.0
20151117:1910,0.0,0.0,0.0,0.0,15.76,7.31,0.0
20151117:2010,0.0,0.0,0.0,0.0,15.67,7.17,0.0
20151117:2110,0.0,0.0,0.0,0.0,15.46,6.83,0.0
20151117:2210,0.0,0.0,0.0,0.0,14.95,6.76,0.0
20151117:2310,0.0,0.0,0.0,0.0,14.41,6.48,0.0
20151118:0010,0.0,0.0,0.0,0.0,13.87,6.21,0.0
20151118:0110,0.0,0.0,0.0,0.0,13.41,6.0,0.0
20151118:0210,0.0,0.0,0.0,0.0,12.98,5.72,0.0
20151118:0310,0.0,0.0,0.0,0.0,12.53,5.24,0.0
20151118:0410,0.0,0.0,0.0,0.0,11.91,4.9,0.0
20151118:0510,0.0,0.0,0.0,0.0,11.48,4.55,0.0
20151118:0610,0.0,0.0,0.0,0.0,10.89,4.14,0.0
20151118:0710,0.0,0.0,0.0,0.0,11.13,4.28,0.0
20151118:0810,72.01,41.0,0.0,8.21,11.28,4.41,0.0
20151118:0910,155.01,71.0,0.0,14.82,12.06,5.17,0.0
20151118:1010,14.0,145.0,0.0,19.54,13.01,6.07,0.0
20151118:1110,46.0,179.0,0.0,21.94,13.89,6.41,0.0
20151118:1210,250.01,99.0,0.0,21.75,14.3,7.03,0.0
20151118:1310,55.0,154.0,0.0,18.99,14.5,7.45,0.0
20151118:1410,64.0,104.0,0.0,13.96,14.69,6.41,0.0
20151118:1510,49.0,40.0,0.0,7.11,14.52,5.66,0.0
20151118:1610,0.0,0.0,0.0,0.0,14.28,5.38,0.0
20151118:1710,0.0,0.0,0.0,0.0,14.3,5.24,0.0
20151118:1810,0.0,0.0,0.0,0.0,14.73,5.45,0.0
20151118:1910,0.0,0.0,0.0,0.0,14.73,6.07,0.0
20151118:2010,0.0,0.0,0.0,0.0,14.49,6.21,0.0
20151118:2110,0.0,0.0,0.0,0.0,13.71,6.0,0.0
20151118:2210,0.0,0.0,0.0,0.0,13.28,6.0,0.0
20151118:2310,0.0,0.0,0.0,0.0,12.84,5.86,0.0
20151119:0010,0.0,0.0,0.0,0.0,12.75,5.86,0.0
20151119:0110,0.0,0.0,0.0,0.0,12.68,5.79,0.0
20151119:0210,0.0,0.0,0.0,0.0,12.71,5.59,0.0
20151119:0310,0.0,0.0,0.0,0.0,12.83,5.45,0.0
20151119:0410,0.0,0.0,0.0,0.0,12.78,5.17,0.0
20151119:0510,0.0,0.0,0.0,0.0,12.71,4.97,0.0
20151119:0610,0.0,0.0,0.0,0.0,12.39,4.76,0.0
20151119:0710,0.0,0.0,0.0,0.0,12.69,4.76,0.0
20151119:0810,1.0,43.0,0.0,7.97,12.78,4.9,0.0
20151119:0910,0.0,65.0,0.0,14.58,13.44,5.79,0.0
20151119:1010,0.0,88.0,0.0,19.3,13.83,6.14,0.0
20151119:1110,6.0,145.0,0.0,21.7,14.82,6.21,0.0
20151119:1210,0.0,81.0,0.0,21.52,15.11,5.86,0.0
20151119:1310,6.0,123.0,0.0,18.78,14.82,6.28,0.0
20151119:1410,4.0,87.0,0.0,13.77,14.49,6.28,0.0
20151119:1510,2.0,39.0,0.0,6.94,14.36,6.55,0.0
20151119:1610,0.0,0.0,0.0,0.0,14.63,6.76,0.0
20151119:1710,0.0,0.0,0.0,0.0,14.69,6.76,0.0
20151119:1810,0.0,0.0,0.0,0.0,14.48,6.76,0.0
20151119:1910,0.0,0.0,0.0,0.0,14.8,7.03,0.0
20151119:2010,0.0,0.0,0.0,0.0,14.6,6.97,0.0
20151119:2110,0.0,0.0,0.0,0.0,14.34,6.9,0.0
20151119:2210,0.0,0.0,0.0,0.0,14.2,6.9,0.0
20151119:2310,0.0,0.0,0.0,0.0,14.07,6.97,0.0
20151120:0010,0.0,0.0,0.0,0.0,14.04,7.17,0.0
20151120:0110,0.0,0.0,0.0,0.0,14.03,7.31,0.0
20151120:0210,0.0,0.0,0.0,0.0,13.98,6.83,0.0
20151120:0310,0.0,0.0,0.0,0.0,13.87,6.41,0.0
20151120:0410,0.0,0.0,0.0,0.0,13.6,6.0,0.0
20151120:0510,0.0,0.0,0.0,0.0,13.09,5.72,0.0
20151120:0610,0.0,0.0,0.0,0.0,13.13,5.38,0.0
20151120:0710,0.0,0.0,0.0,0.0,12.64,3.52,0.0
20151120:0810,0.0,16.0,0.0,7.75,12.6,2.62,0.0
20151120:0910,0.0,63.0,0.0,14.34,12.21,1.24,0.0
20151120:1010,0.0,50.0,0.0,19.06,11.78,0.97,0.0
20151120:1110,0.0,57.0,0.0,21.47,11.53,1.1,0.0
20151120:1210,0.0,30.0,0.0,21.3,11.31,2.97,0.0
20151120:1310,0.0,38.0,0.0,18.57,10.23,4.0,0.0
20151120:1410,0.0,40.0,0.0,13.58,9.27,4.21,0.0
20151120:1510,0.0,25.0,0.0,6.78,9.07,3.59,0.0
20151120:1610,0.0,0.0,0.0,0.0,8.91,3.59,0.0
20151120:1710,0.0,0.0,0.0,0.0,8.76,3.52,0.0
20151120:1810,0.0,0.0,0.0,0.0,8.45,3.79,0.0
20151120:1910,0.0,0.0,0.0,0.0,8.35,3.24,0.0
20151120:2010,0.0,0.0,0.0,0.0,8.07,3.52,0.0
20151120:2110,0.0,0.0,0.0,0.0,7.65,3.66,0.0
20151120:2210,0.0,0.0,0.0,0.0,7.52,3.66,0.0
20151120:2310,0.0,0.0,0.0,0.0,7.02,3.66,0.0
20151121:0010,0.0,0.0,0.0,0.0,6.6,3.45,0.0
20151121:0110,0.0,0.0,0.0,0.0,6.15,3.38,0.0
20151121:0210,0.0,0.0,0.0,0.0,5.86,3.38,0.0
20151121:0310,0.0,0.0,0.0,0.0,5.41,3.79,0.0
20151121:0410,0.0,0.0,0.0,0.0,5.27,4.76,0.0
20151121:0510,0.0,0.0,0.0,0.0,4.95,5.66,0.0
20151121:0610,0.0,0.0,0.0,0.0,4.21,5.31,0.0
20151121:0710,0.0,0.0,0.0,0.0,3.79,4.83,0.0
20151121:0810,67.01,37.0,0.0,7.52,3.53,5.31,0.0
20151121:0910,165.01,59.0,0.0,14.11,3.94,5.17,0.0
20151121:1010,219.01,84.0,0.0,18.83,4.91,6.62,0.0
20151121:1110,118.01,161.0,0.0,21.24,5.87,7.03,0.0
20151121:1210,206.01,118.0,0.0,21.08,6.11,6.55,0.0
20151121:1310,67.0,147.0,0.0,18.37,5.94,7.17,0.0
20151121:1410,0.0,27.0,0.0,13.41,4.95,5.79,0.0
20151121:1510,0.0,32.0,0.0,6.62,5.27,6.55,0.0
20151121:1610,0.0,0.0,0.0,0.0,5.79,8.83,0.0
20151121:1710,0.0,0.0,0.0,0.0,5.48,8.28,0.0
20151121:1810,0.0,0.0,0.0,0.0,4.98,7.86,0.0
20151121:1910,0.0,0.0,0.0,0.0,4.85,7.45,0.0
20151121:2010,0.0,0.0,0.0,0.0,4.58,6.9,0.0
20151121:2110,0.0,0.0,0.0,0.0,4.26,6.41,0.0
20151121:2210,0.0,0.0,0.0,0.0,4.01,5.86,0.0
20151121:2310,0.0,0.0,0.0,0.0,3.67,5.38,0.0
20151122:0010,0.0,0.0,0.0,0.0,3.19,4.9,0.0
20151122:0110,0.0,0.0,0.0,0.0,2.97,4.55,0.0
20151122:0210,0.0,0.0,0.0,0.0,2.5,4.21,0.0
20151122:0310,0.0,0.0,0.0,0.0,2.21,3.93,0.0
20151122:0410,0.0,0.0,0.0,0.0,2.19,3.66,0.0
20151122:0510,0.0,0.0,0.0,0.0,1.87,3.1,0.0
20151122:0610,0.0,0.0,0.0,0.0,1.41,2.69,0.0
20151122:0710,0.0,0.0,0.0,0.0,1.29,2.48,0.0
20151122:0810,64.01,36.0,0.0,7.3,1.18,2.21,0.0
20151122:0910,162.01,59.0,0.0,13.89,2.5,2.41,0.0
20151122:1010,244.01,69.0,0.0,18.6,3.72,2.83,0.0
20151122:1110,286.01,74.0,0.0,21.01,4.72,2.9,0.0
20151122:1210,249.01,93.0,0.0,20.87,5.25,3.03,0.0
20151122:1310,216.01,79.0,0.0,18.18,5.63,3.1,0.0
20151122:1410,147.01,59.0,0.0,13.24,5.66,3.24,0.0
20151122:1510,37.0,40.0,0.0,6.47,5.3,2.83,0.0
20151122:1610,0.0,0.0,0.0,0.0,4.14,2.34,0.0
20151122:1710,0.0,0.0,0.0,0.0,2.99,2.41,0.0
20151122:1810,0.0,0.0,0.0,0.0,2.27,2.41,0.0
20151122:1910,0.0,0.0,0.0,0.0,2.32,2.34,0.0
20151122:2010,0.0,0.0,0.0,0.0,1.81,2.48,0.0
20151122:2110,0.0,0.0,0.0,0.0,1.43,2.48,0.0
20151122:2210,0.0,0.0,0.0,0.0,1.19,2.41,0.0
20151122:2310,0.0,0.0,0.0,0.0,0.99,2.34,0.0
20151123:0010,0.0,0.0,0.0,0.0,1.15,2.21,0.0
20151123:0110,0.0,0.0,0.0,0.0,0.79,2.28,0.0
20151123:0210,0.0,0.0,0.0,0.0,0.53,2.28,0.0
20151123:0310,0.0,0.0,0.0,0.0,0.39,2.14,0.0
20151123:0410,0.0,0.0,0.0,0.0,0.13,2.0,0.0
20151123:0510,0.0,0.0,0.0,0.0,-0.24,1.86,0.0
20151123:0610,0.0,0.0,0.0,0.0,-0.66,1.66,0.0
20151123:0710,0.0,0.0,0.0,0.0,-0.72,1.45,0.0
20151123:0810,53.0,39.0,0.0,7.09,-0.15,1.1,0.0
20151123:0910,147.01,64.0,0.0,13.66,1.74,1.17,0.0
20151123:1010,227.01,75.0,0.0,18.38,2.63,1.45,0.0
20151123:1110,282.01,73.0,0.0,20.8,3.78,1.24,0.0
20151123:1210,284.01,71.0,0.0,20.66,4.5,1.03,0.0
20151123:1310,224.01,72.0,0.0,17.99,4.97,0.9,0.0
20151123:1410,143.01,59.0,0.0,13.07,5.17,0.69,0.0
20151123:1510,44.0,35.0,0.0,6.33,4.96,0.48,0.0
20151123:1610,0.0,0.0,0.0,0.0,4.43,0.34,0.0
20151123:1710,0.0,0.0,0.0,0.0,3.98,0.07,0.0
20151123:1810,0.0,0.0,0.0,0.0,3.41,0.28,0.0
20151123:1910,0.0,0.0,0.0,0.0,0.12,1.66,0.0
20151123:2010,0.0,0.0,0.0,0.0,-0.86,1.93,0.0
20151123:2110,0.0,0.0,0.0,0.0,-0.99,2.07,0.0
20151123:2210,0.0,0.0,0.0,0.0,-0.84,2.21,0.0
20151123:2310,0.0,0.0,0.0,0.0,-0.98,2.41,0.0
20151124:0010,0.0,0.0,0.0,0.0,-0.77,2.55,0.0
20151124:0110,0.0,0.0,0.0,0.0,-0.53,2.62,0.0
20151124:0210,0.0,0.0,0.0,0.0,-0.3,2.76,0.0
20151124:0310,0.0,0.0,0.0,0.0,0.12,2.9,0.0
20151124:0410,0.0,0.0,0.0,0.0,0.39,3.17,0.0
20151124:0510,0.0,0.0,0.0,0.0,0.65,3.45,0.0
20151124:0610,0.0,0.0,0.0,0.0,0.97,3.72,0.0
20151124:0710,0.0,0.0,0.0,0.0,0.93,4.07,0.0
20151124:0810,1.0,34.0,0.0,6.87,1.29,4.07,0.0
20151124:0910,9.0,95.0,0.0,13.45,1.95,4.28,0.0
20151124:1010,14.0,134.0,0.0,18.16,2.41,4.55,0.0
20151124:1110,0.0,101.0,0.0,20.58,2.65,4.9,0.0
20151124:1210,5.0,134.0,0.0,20.47,2.97,5.38,0.0
20151124:1310,0.0,77.0,0.0,17.81,3.48,6.34,0.0
20151124:1410,4.0,83.0,0.0,12.91,3.98,6.28,0.0
20151124:1510,2.0,35.0,0.0,6.19,4.42,6.14,0.0
20151124:1610,0.0,0.0,0.0,0.0,4.77,5.72,0.0
20151124:1710,0.0,0.0,0.0,0.0,5.1,5.17,0.0
20151124:1810,0.0,0.0,0.0,0.0,5.47,4.55,0.0
20151124:1910,0.0,0.0,0.0,0.0,5.67,4.0,0.0
20151124:2010,0.0,0.0,0.0,0.0,6.01,4.07,0.0
20151124:2110,0.0,0.0,0.0,0.0,6.37,4.34,0.0
20151124:2210,0.0,0.0,0.0,0.0,6.91,4.69,0.0
20151124:2310,0.0,0.0,0.0,0.0,7.32,4.83,0.0
20151125:0010,0.0,0.0,0.0,0.0,7.51,4.69,0.0
20151125:0110,0.0,0.0,0.0,0.0,7.76,4.55,0.0
20151125:0210,0.0,0.0,0.0,0.0,7.36,4.28,0.0
20151125:0310,0.0,0.0,0.0,0.0,7.31,4.14,0.0
20151125:0410,0.0,0.0,0.0,0.0,7.42,4.28,0.0
20151125:0510,0.0,0.0,0.0,0.0,7.43,4.0,0.0
20151125:0610,0.0,0.0,0.0,0.0,7.01,3.52,0.0
20151125:0710,0.0,0.0,0.0,0.0,6.15,2.97,0.0
20151125:0810,0.0,26.0,0.0,6.66,5.99,3.1,0.0
20151125:0910,57.0,99.0,0.0,13.23,7.12,3.17,0.0
20151125:1010,11.0,130.0,0.0,17.95,8.16,3.45,0.0
20151125:1110,11.0,147.0,0.0,20.38,9.22,4.34,0.0
20151125:1210,0.0,89.0,0.0,20.27,9.75,4.48,0.0
20151125:1310,39.0,142.0,0.0,17.64,9.9,4.55,0.0
20151125:1410,5.0,84.0,0.0,12.76,9.44,4.69,0.0
20151125:1510,25.0,39.0,0.0,6.06,8.81,4.41,0.0
20151125:1610,0.0,0.0,0.0,0.0,8.08,4.07,0.0
20151125:1710,0.0,0.0,0.0,0.0,7.44,4.21,0.0
20151125:1810,0.0,0.0,0.0,0.0,6.96,4.28,0.0
20151125:1910,0.0,0.0,0.0,0.0,6.78,4.21,0.0
20151125:2010,0.0,0.0,0.0,0.0,6.41,4.0,0.0
20151125:2110,0.0,0.0,0.0,0.0,5.78,3.72,0.0
20151125:2210,0.0,0.0,0.0,0.0,5.31,3.52,0.0
20151125:2310,0.0,0.0,0.0,0.0,4.67,3.45,0.0
20151126:0010,0.0,0.0,0.0,0.0,4.33,3.31,0.0
20151126:0110,0.0,0.0,0.0,0.0,3.94,3.1,0.0
20151126:0210,0.0,0.0,0.0,0.0,3.56,2.97,0.0
20151126:0310,0.0,0.0,0.0,0.0,3.29,2.9,0.0
20151126:0410,0.0,0.0,0.0,0.0,3.09,2.83,0.0
20151126:0510,0.0,0.0,0.0,0.0,2.96,2.69,0.0
20151126:0610,0.0,0.0,0.0,0.0,2.71,2.62,0.0
20151126:0710,0.0,0.0,0.0,0.0,3.05,2.55,0.0
20151126:0810,50.01,34.0,0.0,6.46,3.32,2.21,0.0
20151126:0910,131.01,63.0,0.0,13.03,4.62,1.79,0.0
20151126:1010,194.01,83.0,0.0,17.74,6.4,1.93,0.0
20151126:1110,262.01,74.0,0.0,20.18,7.71,2.21,0.0
20151126:1210,224.01,94.0,0.0,20.09,8.7,3.1,0.0
20151126:1310,160.01,98.0,0.0,17.48,9.03,3.17,0.0
20151126:1410,30.0,97.0,0.0,12.62,8.99,3.03,0.0
20151126:1510,36.0,34.0,0.0,5.93,8.55,2.34,0.0
20151126:1610,0.0,0.0,0.0,0.0,7.39,2.0,0.0
20151126:1710,0.0,0.0,0.0,0.0,6.26,2.0,0.0
20151126:1810,0.0,0.0,0.0,0.0,5.49,1.79,0.0
20151126:1910,0.0,0.0,0.0,0.0,5.55,1.52,0.0
20151126:2010,0.0,0.0,0.0,0.0,5.4,1.03,0.0
20151126:2110,0.0,0.0,0.0,0.0,6.13,0.55,0.0
20151126:2210,0.0,0.0,0.0,0.0,5.79,0.07,0.0
20151126:2310,0.0,0.0,0.0,0.0,4.58,0.83,0.0
20151127:0010,0.0,0.0,0.0,0.0,3.33,1.52,0.0
20151127:0110,0.0,0.0,0.0,0.0,3.06,1.59,0.0
20151127:0210,0.0,0.0,0.0,0.0,2.78,1.59,0.0
20151127:0310,0.0,0.0,0.0,0.0,2.56,1.72,0.0
20151127:0410,0.0,0.0,0.0,0.0,2.38,1.79,0.0
20151127:0510,0.0,0.0,0.0,0.0,2.47,1.86,0.0
20151127:0610,0.0,0.0,0.0,0.0,2.19,2.07,0.0
20151127:0710,0.0,0.0,0.0,0.0,1.75,2.07,0.0
20151127:0810,14.0,42.0,0.0,6.26,2.3,2.14,0.0
20151127:0910,9.0,90.0,0.0,12.82,3.63,2.14,0.0
20151127:1010,10.0,125.0,0.0,17.54,5.2,2.55,0.0
20151127:1110,5.0,132.0,0.0,19.99,6.43,2.83,0.0
20151127:1210,4.0,129.0,0.0,19.91,7.2,3.24,0.0
20151127:1310,2.0,106.0,0.0,17.32,7.65,3.38,0.0
20151127:1410,0.0,62.0,0.0,12.48,7.77,3.45,0.0
20151127:1510,4.0,35.0,0.0,5.82,7.46,3.17,0.0
20151127:1610,0.0,0.0,0.0,0.0,6.75,3.45,0.0
20151127:1710,0.0,0.0,0.0,0.0,6.3,3.79,0.0
20151127:1810,0.0,0.0,0.0,0.0,6.26,4.14,0.0
20151127:1910,0.0,0.0,0.0,0.0,5.61,4.34,0.0
20151127:2010,0.0,0.0,0.0,0.0,5.8,4.48,0.0
20151127:2110,0.0,0.0,0.0,0.0,6.06,4.62,0.0
20151127:2210,0.0,0.0,0.0,0.0,6.35,4.69,0.0
20151127:2310,0.0,0.0,0.0,0.0,6.75,4.69,0.0
20151128:0010,0.0,0.0,0.0,0.0,7.41,4.76,0.0
20151128:0110,0.0,0.0,0.0,0.0,8.13,5.1,0.0
20151128:0210,0.0,0.0,0.0,0.0,7.76,5.59,0.0
20151128:0310,0.0,0.0,0.0,0.0,6.83,5.72,0.0
20151128:0410,0.0,0.0,0.0,0.0,5.99,5.38,0.0
20151128:0510,0.0,0.0,0.0,0.0,5.25,4.62,0.0
20151128:0610,0.0,0.0,0.0,0.0,4.5,3.72,0.0
20151128:0710,0.0,0.0,0.0,0.0,3.92,3.1,0.0
20151128:0810,41.0,33.0,0.0,6.07,3.4,2.83,0.0
20151128:0910,132.01,58.0,0.0,12.63,4.5,2.62,0.0
20151128:1010,199.01,76.0,0.0,17.34,6.07,3.24,0.0
20151128:1110,256.01,73.0,0.0,19.8,7.2,3.86,0.0
20151128:1210,251.01,75.0,0.0,19.74,8.16,4.41,0.0
20151128:1310,208.01,69.0,0.0,17.16,8.67,4.69,0.0
20151128:1410,73.0,84.0,0.0,12.35,8.62,4.9,0.0
20151128:1510,19.0,31.96,0.0,5.71,8.07,4.9,0.0
20151128:1610,0.0,0.0,0.0,0.0,7.47,5.1,0.0
20151128:1710,0.0,0.0,0.0,0.0,7.3,5.38,0.0
20151128:1810,0.0,0.0,0.0,0.0,7.07,5.66,0.0
20151128:1910,0.0,0.0,0.0,0.0,6.91,6.21,0.0
20151128:2010,0.0,0.0,0.0,0.0,6.98,6.62,0.0
20151128:2110,0.0,0.0,0.0,0.0,7.39,6.83,0.0
20151128:2210,0.0,0.0,0.0,0.0,7.6,7.03,0.0
20151128:2310,0.0,0.0,0.0,0.0,7.54,7.17,0.0
20151129:0010,0.0,0.0,0.0,0.0,7.74,7.38,0.0
20151129:0110,0.0,0.0,0.0,0.0,8.02,7.52,0.0
20151129:0210,0.0,0.0,0.0,0.0,8.38,7.52,0.0
20151129:0310,0.0,0.0,0.0,0.0,8.79,7.24,0.0
20151129:0410,0.0,0.0,0.0,0.0,9.16,6.9,0.0
20151129:0510,0.0,0.0,0.0,0.0,9.35,6.62,0.0
20151129:0610,0.0,0.0,0.0,0.0,9.58,6.55,0.0
20151129:0710,0.0,0.0,0.0,0.0,9.78,6.83,0.0
20151129:0810,13.0,40.0,0.0,5.87,10.0,6.69,0.0
20151129:0910,5.0,82.0,0.0,12.44,10.21,6.69,0.0
20151129:1010,6.0,116.0,0.0,17.15,10.77,6.97,0.0
20151129:1110,0.0,95.0,0.0,19.62,11.2,6.9,0.0
20151129:1210,0.0,51.0,0.0,19.57,11.67,8.07,0.0
20151129:1310,0.0,47.0,0.0,17.02,11.86,7.86,0.0
20151129:1410,9.0,85.0,0.0,12.22,11.8,7.38,0.0
20151129:1510,10.0,33.37,0.0,5.6,11.66,6.97,0.0
20151129:1610,0.0,0.0,0.0,0.0,11.5,6.62,0.0
20151129:1710,0.0,0.0,0.0,0.0,11.39,6.62,0.0
20151129:1810,0.0,0.0,0.0,0.0,11.21,6.62,0.0
20151129:1910,0.0,0.0,0.0,0.0,10.92,7.1,0.0
20151129:2010,0.0,0.0,0.0,0.0,10.76,7.03,0.0
20151129:2110,0.0,0.0,0.0,0.0,10.57,7.1,0.0
20151129:2210,0.0,0.0,0.0,0.0,10.49,7.03,0.0
20151129:2310,0.0,0.0,0.0,0.0,10.54,7.03,0.0
20151130:0010,0.0,0.0,0.0,0.0,10.95,6.97,0.0
20151130:0110,0.0,0.0,0.0,0.0,10.96,6.83,0.0
20151130:0210,0.0,0.0,0.0,0.0,10.75,6.55,0.0
20151130:0310,0.0,0.0,0.0,0.0,10.51,6.21,0.0
20151130:0410,0.0,0.0,0.0,0.0,10.21,5.93,0.0
20151130:0510,0.0,0.0,0.0,0.0,9.89,5.66,0.0
20151130:0610,0.0,0.0,0.0,0.0,9.58,5.52,0.0
20151130:0710,0.0,0.0,0.0,0.0,9.73,5.86,0.0
20151130:0810,3.0,32.29,0.0,5.69,9.86,5.86,0.0
20151130:0910,54.0,89.0,0.0,12.25,10.42,6.14,0.0
20151130:1010,18.0,129.0,0.0,16.97,11.07,5.38,0.0
20151130:1110,0.0,56.0,0.0,19.45,11.96,7.93,0.0
20151130:1210,79.0,152.0,0.0,19.41,12.18,7.31,0.0
20151130:1310,0.0,87.0,0.0,16.88,12.56,8.0,0.0
20151130:1410,0.0,46.0,0.0,12.1,12.55,6.76,0.0
20151130:1510,5.0,32.74,0.0,5.5,12.15,6.69,0.0
20151130:1610,0.0,0.0,0.0,0.0,11.87,6.41,0.0
20151130:1710,0.0,0.0,0.0,0.0,11.76,6.34,0.0
20151130:1810,0.0,0.0,0.0,0.0,11.64,6.34,0.0
20151130:1910,0.0,0.0,0.0,0.0,11.48,6.83,0.0
20151130:2010,0.0,0.0,0.0,0.0,11.03,6.62,0.0
20151130:2110,0.0,0.0,0.0,0.0,10.97,6.69,0.0
20151130:2210,0.0,0.0,0.0,0.0,10.83,6.48,0.0
20151130:2310,0.0,0.0,0.0,0.0,10.58,6.34,0.0
20151201:0010,0.0,0.0,0.0,0.0,10.37,6.14,0.0
20151201:0110,0.0,0.0,0.0,0.0,10.34,6.0,0.0
20151201:0210,0.0,0.0,0.0,0.0,10.32,5.72,0.0
20151201:0310,0.0,0.0,0.0,0.0,10.58,5.59,0.0
20151201:0410,0.0,0.0,0.0,0.0,10.78,5.31,0.0
20151201:0510,0.0,0.0,0.0,0.0,10.86,5.17,0.0
20151201:0610,0.0,0.0,0.0,0.0,10.83,5.03,0.0
20151201:0710,0.0,0.0,0.0,0.0,10.97,4.76,0.0
20151201:0810,5.0,33.7,0.0,5.51,10.96,4.48,0.0
20151201:0910,1.0,66.0,0.0,12.07,11.2,4.14,0.0
20151201:1010,20.0,129.0,0.0,16.79,11.49,4.34,0.0
20151201:1110,8.0,133.0,0.0,19.28,11.88,5.24,0.0
20151201:1210,10.0,137.0,0.0,19.26,12.56,5.31,0.0
20151201:1310,2.0,101.0,0.0,16.75,12.83,4.9,0.0
20151201:1410,1.0,65.0,0.0,11.99,12.69,3.86,0.0
20151201:1510,5.0,32.72,0.0,5.41,12.2,3.1,0.0
20151201:1610,0.0,0.0,0.0,0.0,11.68,2.83,0.0
20151201:1710,0.0,0.0,0.0,0.0,10.94,2.62,0.0
20151201:1810,0.0,0.0,0.0,0.0,10.32,2.62,0.0
20151201:1910,0.0,0.0,0.0,0.0,9.75,2.83,0.0
20151201:2010,0.0,0.0,0.0,0.0,9.21,2.69,0.0
20151201:2110,0.0,0.0,0.0,0.0,8.72,2.48,0.0
20151201:2210,0.0,0.0,0.0,0.0,8.06,2.41,0.0
20151201:2310,0.0,0.0,0.0,0.0,7.62,2.34,0.0
20151202:0010,0.0,0.0,0.0,0.0,7.51,2.28,0.0
20151202:0110,0.0,0.0,0.0,0.0,7.3,2.34,0.0
20151202:0210,0.0,0.0,0.0,0.0,7.44,2.28,0.0
20151202:0310,0.0,0.0,0.0,0.0,7.38,2.14,0.0
20151202:0410,0.0,0.0,0.0,0.0,7.57,2.0,0.0
20151202:0510,0.0,0.0,0.0,0.0,7.2,2.07,0.0
20151202:0610,0.0,0.0,0.0,0.0,7.43,2.14,0.0
20151202:0710,0.0,0.0,0.0,0.0,7.24,1.93,0.0
20151202:0810,6.0,32.44,0.0,5.33,6.69,2.21,0.0
20151202:0910,12.0,87.0,0.0,11.89,7.6,2.07,0.0
20151202:1010,24.0,130.0,0.0,16.62,9.35,2.34,0.0
20151202:1110,96.0,146.0,0.0,19.12,10.58,2.62,0.0
20151202:1210,24.0,150.0,0.0,19.12,11.25,2.83,0.0
20151202:1310,0.0,75.0,0.0,16.62,11.52,2.83,0.0
20151202:1410,13.0,87.0,0.0,11.89,11.47,2.41,0.0
20151202:1510,13.0,31.52,0.0,5.33,10.83,1.72,0.0
20151202:1610,0.0,0.0,0.0,0.0,9.4,2.07,0.0
20151202:1710,0.0,0.0,0.0,0.0,7.84,2.14,0.0
20151202:1810,0.0,0.0,0.0,0.0,6.73,2.21,0.0
20151202:1910,0.0,0.0,0.0,0.0,6.13,2.21,0.0
20151202:2010,0.0,0.0,0.0,0.0,5.5,2.34,0.0
20151202:2110,0.0,0.0,0.0,0.0,5.02,2.41,0.0
20151202:2210,0.0,0.0,0.0,0.0,4.68,2.41,0.0
20151202:2310,0.0,0.0,0.0,0.0,4.33,2.28,0.0
20151203:0010,0.0,0.0,0.0,0.0,3.94,2.21,0.0
20151203:0110,0.0,0.0,0.0,0.0,3.52,2.14,0.0
20151203:0210,0.0,0.0,0.0,0.0,3.18,2.07,0.0
20151203:0310,0.0,0.0,0.0,0.0,2.83,2.14,0.0
20151203:0410,0.0,0.0,0.0,0.0,2.57,2.14,0.0
20151203:0510,0.0,0.0,0.0,0.0,2.37,2.14,0.0
20151203:0610,0.0,0.0,0.0,0.0,2.26,2.14,0.0
20151203:0710,0.0,0.0,0.0,0.0,2.56,2.28,0.0
20151203:0810,16.0,28.83,0.0,5.16,2.74,2.34,0.0
20151203:0910,90.01,70.0,0.0,11.72,4.26,2.14,0.0
20151203:1010,214.01,57.0,0.0,16.46,6.5,2.48,0.0
20151203:1110,230.01,76.0,0.0,18.96,8.42,2.76,0.0
20151203:1210,199.01,94.0,0.0,18.98,9.7,2.69,0.0
20151203:1310,57.0,129.0,0.0,16.51,10.45,2.76,0.0
20151203:1410,24.0,89.0,0.0,11.79,10.57,2.9,0.0
20151203:1510,19.0,28.13,0.0,5.25,9.89,2.76,0.0
20151203:1610,0.0,0.0,0.0,0.0,8.58,2.97,0.0
20151203:1710,0.0,0.0,0.0,0.0,7.88,3.31,0.0
20151203:1810,0.0,0.0,0.0,0.0,7.51,3.72,0.0
20151203:1910,0.0,0.0,0.0,0.0,6.91,3.86,0.0
20151203:2010,0.0,0.0,0.0,0.0,6.94,4.34,0.0
20151203:2110,0.0,0.0,0.0,0.0,7.22,4.83,0.0
20151203:2210,0.0,0.0,0.0,0.0,7.51,5.24,0.0
20151203:2310,0.0,0.0,0.0,0.0,7.95,5.45,0.0
20151204:0010,0.0,0.0,0.0,0.0,8.6,5.72,0.0
20151204:0110,0.0,0.0,0.0,0.0,9.45,6.0,0.0
20151204:0210,0.0,0.0,0.0,0.0,10.6,6.55,0.0
20151204:0310,0.0,0.0,0.0,0.0,11.08,6.34,0.0
20151204:0410,0.0,0.0,0.0,0.0,11.24,5.86,0.0
20151204:0510,0.0,0.0,0.0,0.0,11.56,5.31,0.0
20151204:0610,0.0,0.0,0.0,0.0,11.41,4.83,0.0
20151204:0710,0.0,0.0,0.0,0.0,10.65,4.28,0.0
20151204:0810,5.0,29.73,0.0,4.99,10.18,4.14,0.0
20151204:0910,93.01,67.0,0.0,11.56,9.78,3.59,0.0
20151204:1010,19.0,125.0,0.0,16.3,9.8,3.03,0.0
20151204:1110,72.0,149.0,0.0,18.82,10.14,3.03,0.0
20151204:1210,209.01,87.0,0.0,18.85,10.3,2.76,0.0
20151204:1310,193.01,67.0,0.0,16.39,10.54,2.69,0.0
20151204:1410,125.01,51.0,0.0,11.7,10.45,2.48,0.0
20151204:1510,31.0,21.17,0.0,5.18,9.8,1.79,0.0
20151204:1610,0.0,0.0,0.0,0.0,8.53,1.93,0.0
20151204:1710,0.0,0.0,0.0,0.0,6.98,2.21,0.0
20151204:1810,0.0,0.0,0.0,0.0,5.82,2.41,0.0
20151204:1910,0.0,0.0,0.0,0.0,4.71,2.21,0.0
20151204:2010,0.0,0.0,0.0,0.0,3.91,2.28,0.0
20151204:2110,0.0,0.0,0.0,0.0,3.47,2.41,0.0
20151204:2210,0.0,0.0,0.0,0.0,3.21,2.62,0.0
20151204:2310,0.0,0.0,0.0,0.0,3.08,2.69,0.0
20151205:0010,0.0,0.0,0.0,0.0,2.96,2.69,0.0
20151205:0110,0.0,0.0,0.0,0.0,2.8,2.76,0.0
20151205:0210,0.0,0.0,0.0,0.0,2.64,2.83,0.0
20151205:0310,0.0,0.0,0.0,0.0,2.5,2.9,0.0
20151205:0410,0.0,0.0,0.0,0.0,2.43,3.1,0.0
20151205:0510,0.0,0.0,0.0,0.0,2.46,3.17,0.0
20151205:0610,0.0,0.0,0.0,0.0,2.44,3.03,0.0
20151205:0710,0.0,0.0,0.0,0.0,2.84,3.38,0.0
20151205:0810,34.0,17.83,0.0,4.83,3.1,3.52,0.0
20151205:0910,122.01,52.0,0.0,11.4,4.31,3.79,0.0
20151205:1010,112.01,111.0,0.0,16.15,5.84,3.93,0.0
20151205:1110,230.01,78.0,0.0,18.68,6.79,4.97,0.0
20151205:1210,162.01,116.0,0.0,18.73,7.53,5.03,0.0
20151205:1310,131.01,104.0,0.0,16.29,8.14,4.9,0.0
20151205:1410,107.01,62.0,0.0,11.62,8.38,4.21,0.0
20151205:1510,36.0,18.54,0.0,5.12,7.93,3.52,0.0
20151205:1610,0.0,0.0,0.0,0.0,6.54,3.45,0.0
20151205:1710,0.0,0.0,0.0,0.0,5.58,3.66,0.0
20151205:1810,0.0,0.0,0.0,0.0,5.28,4.14,0.0
20151205:1910,0.0,0.0,0.0,0.0,5.26,4.28,0.0
20151205:2010,0.0,0.0,0.0,0.0,4.97,4.14,0.0
20151205:2110,0.0,0.0,0.0,0.0,4.72,4.14,0.0
20151205:2210,0.0,0.0,0.0,0.0,4.56,4.14,0.0
20151205:2310,0.0,0.0,0.0,0.0,4.62,4.21,0.0
20151206:0010,0.0,0.0,0.0,0.0,4.93,4.21,0.0
20151206:0110,0.0,0.0,0.0,0.0,5.34,4.28,0.0
20151206:0210,0.0,0.0,0.0,0.0,5.78,4.34,0.0
20151206:0310,0.0,0.0,0.0,0.0,6.28,4.48,0.0
20151206:0410,0.0,0.0,0.0,0.0,6.69,4.48,0.0
20151206:0510,0.0,0.0,0.0,0.0,7.31,4.41,0.0
20151206:0610,0.0,0.0,0.0,0.0,7.87,4.41,0.0
20151206:0710,0.0,0.0,0.0,0.0,8.44,4.69,0.0
20151206:0810,4.0,27.02,0.0,4.68,8.52,4.55,0.0
20151206:0910,5.0,74.0,0.0,11.25,8.71,4.76,0.0
20151206:1010,7.0,111.0,0.0,16.0,9.35,4.41,0.0
20151206:1110,20.0,144.0,0.0,18.54,10.17,4.97,0.0
20151206:1210,58.0,149.0,0.0,18.61,10.68,4.69,0.0
20151206:1310,137.01,95.0,0.0,16.2,11.38,4.69,0.0
20151206:1410,3.0,70.0,0.0,11.55,11.6,4.9,0.0
20151206:1510,0.0,20.0,0.0,5.06,11.54,4.34,0.0
20151206:1610,0.0,0.0,0.0,0.0,11.25,3.86,0.0
20151206:1710,0.0,0.0,0.0,0.0,10.54,3.66,0.0
20151206:1810,0.0,0.0,0.0,0.0,10.31,3.59,0.0
20151206:1910,0.0,0.0,0.0,0.0,9.33,3.45,0.0
20151206:2010,0.0,0.0,0.0,0.0,9.16,3.38,0.0
20151206:2110,0.0,0.0,0.0,0.0,8.85,3.31,0.0
20151206:2210,0.0,0.0,0.0,0.0,8.73,3.31,0.0
20151206:2310,0.0,0.0,0.0,0.0,8.42,3.24,0.0
20151207:0010,0.0,0.0,0.0,0.0,8.16,3.03,0.0
20151207:0110,0.0,0.0,0.0,0.0,8.03,2.69,0.0
20151207:0210,0.0,0.0,0.0,0.0,7.95,2.48,0.0
20151207:0310,0.0,0.0,0.0,0.0,7.69,2.62,0.0
20151207:0410,0.0,0.0,0.0,0.0,7.64,2.76,0.0
20151207:0510,0.0,0.0,0.0,0.0,7.7,2.83,0.0
20151207:0610,0.0,0.0,0.0,0.0,7.58,2.76,0.0
20151207:0710,0.0,0.0,0.0,0.0,7.42,2.69,0.0
20151207:0810,30.0,16.79,0.0,4.53,7.29,2.69,0.0
20151207:0910,81.01,67.0,0.0,11.1,7.97,2.48,0.0
20151207:1010,180.01,67.0,0.0,15.87,9.5,2.34,0.0
20151207:1110,190.01,92.0,0.0,18.42,10.67,2.41,0.0
20151207:1210,224.01,73.0,0.0,18.5,11.46,2.62,0.0
20151207:1310,135.01,95.0,0.0,16.11,12.09,2.9,0.0
20151207:1410,94.01,64.0,0.0,11.48,12.26,2.69,0.0
20151207:1510,16.0,27.84,0.0,5.01,11.63,2.41,0.0
20151207:1610,0.0,0.0,0.0,0.0,10.15,2.9,0.0
20151207:1710,0.0,0.0,0.0,0.0,9.33,3.17,0.0
20151207:1810,0.0,0.0,0.0,0.0,8.88,3.17,0.0
20151207:1910,0.0,0.0,0.0,0.0,8.72,3.17,0.0
20151207:2010,0.0,0.0,0.0,0.0,8.5,3.24,0.0
20151207:2110,0.0,0.0,0.0,0.0,8.36,3.31,0.0
20151207:2210,0.0,0.0,0.0,0.0,8.27,3.45,0.0
20151207:2310,0.0,0.0,0.0,0.0,8.19,3.52,0.0
20151208:0010,0.0,0.0,0.0,0.0,8.11,3.45,0.0
20151208:0110,0.0,0.0,0.0,0.0,7.9,3.45,0.0
20151208:0210,0.0,0.0,0.0,0.0,7.63,3.45,0.0
20151208:0310,0.0,0.0,0.0,0.0,7.31,3.59,0.0
20151208:0410,0.0,0.0,0.0,0.0,7.02,3.66,0.0
20151208:0510,0.0,0.0,0.0,0.0,6.82,3.66,0.0
20151208:0610,0.0,0.0,0.0,0.0,6.68,3.72,0.0
20151208:0710,0.0,0.0,0.0,0.0,6.56,3.66,0.0
20151208:0810,19.0,20.59,0.0,4.38,6.65,3.72,0.0
20151208:0910,27.0,82.0,0.0,10.96,7.64,3.79,0.0
20151208:1010,0.0,77.0,0.0,15.73,9.22,3.72,0.0
20151208:1110,7.0,125.0,0.0,18.3,10.32,4.0,0.0
20151208:1210,5.0,120.0,0.0,18.4,10.94,4.0,0.0
20151208:1310,0.0,63.0,0.0,16.03,10.8,3.86,0.0
20151208:1410,4.0,70.0,0.0,11.42,10.63,3.93,0.0
20151208:1510,0.0,10.0,0.0,4.97,10.47,4.07,0.0
20151208:1610,0.0,0.0,0.0,0.0,10.38,3.93,0.0
20151208:1710,0.0,0.0,0.0,0.0,10.33,3.66,0.0
20151208:1810,0.0,0.0,0.0,0.0,10.17,3.31,0.0
20151208:1910,0.0,0.0,0.0,0.0,9.83,3.1,0.0
20151208:2010,0.0,0.0,0.0,0.0,9.3,2.97,0.0
20151208:2110,0.0,0.0,0.0,0.0,8.81,2.9,0.0
20151208:2210,0.0,0.0,0.0,0.0,8.13,2.9,0.0
20151208:2310,0.0,0.0,0.0,0.0,7.31,2.9,0.0
20151209:0010,0.0,0.0,0.0,0.0,6.55,2.97,0.0
20151209:0110,0.0,0.0,0.0,0.0,5.84,2.97,0.0
20151209:0210,0.0,0.0,0.0,0.0,5.32,2.97,0.0
20151209:0310,0.0,0.0,0.0,0.0,5.1,2.9,0.0
20151209:0410,0.0,0.0,0.0,0.0,4.63,2.76,0.0
20151209:0510,0.0,0.0,0.0,0.0,4.18,2.69,0.0
20151209:0610,0.0,0.0,0.0,0.0,3.79,2.48,0.0
20151209:0710,0.0,0.0,0.0,0.0,3.42,2.41,0.0
20151209:0810,27.0,16.3,0.0,4.24,3.11,2.21,0.0
20151209:0910,113.01,50.0,0.0,10.83,4.11,1.66,0.0
20151209:1010,174.01,71.0,0.0,15.61,6.1,1.66,0.0
20151209:1110,226.01,72.0,0.0,18.19,7.65,1.59,0.0
20151209:1210,219.01,78.0,0.0,18.31,8.78,1.79,0.0
20151209:1310,182.01,70.0,0.0,15.95,9.43,1.93,0.0
20151209:1410,92.01,66.0,0.0,11.36,9.55,2.07,0.0
20151209:1510,11.0,29.09,0.0,4.93,8.93,2.0,0.0
20151209:1610,0.0,0.0,0.0,0.0,7.38,2.48,0.0
20151209:1710,0.0,0.0,0.0,0.0,6.3,2.62,0.0
20151209:1810,0.0,0.0,0.0,0.0,5.73,2.76,0.0
20151209:1910,0.0,0.0,0.0,0.0,4.61,2.69,0.0
20151209:2010,0.0,0.0,0.0,0.0,4.18,2.83,0.0
20151209:2110,0.0,0.0,0.0,0.0,3.99,2.76,0.0
20151209:2210,0.0,0.0,0.0,0.0,4.05,2.69,0.0
20151209:2310,0.0,0.0,0.0,0.0,3.98,2.76,0.0
20151210:0010,0.0,0.0,0.0,0.0,3.96,3.03,0.0
20151210:0110,0.0,0.0,0.0,0.0,3.85,3.17,0.0
20151210:0210,0.0,0.0,0.0,0.0,3.69,2.83,0.0
20151210:0310,0.0,0.0,0.0,0.0,3.56,2.83,0.0
20151210:0410,0.0,0.0,0.0,0.0,3.29,2.28,0.0
20151210:0510,0.0,0.0,0.0,0.0,3.02,2.14,0.0
20151210:0610,0.0,0.0,0.0,0.0,2.94,2.21,0.0
20151210:0710,0.0,0.0,0.0,0.0,2.82,2.34,0.0
20151210:0810,0.0,19.0,0.0,4.11,2.83,2.34,0.0
20151210:0910,0.0,50.0,0.0,10.7,3.35,2.41,0.0
20151210:1010,1.0,84.0,0.0,15.49,4.19,2.69,0.0
20151210:1110,1.0,99.0,0.0,18.08,5.05,2.76,0.0
20151210:1210,4.0,118.0,0.0,18.22,5.98,2.76,0.0
20151210:1310,14.0,121.0,0.0,15.89,6.57,2.62,0.0
20151210:1410,7.0,78.0,0.0,11.32,6.89,2.41,0.0
20151210:1510,7.0,30.14,0.0,4.9,6.41,1.93,0.0
20151210:1610,0.0,0.0,0.0,0.0,5.2,2.28,0.0
20151210:1710,0.0,0.0,0.0,0.0,4.05,2.62,0.0
20151210:1810,0.0,0.0,0.0,0.0,3.28,2.9,0.0
20151210:1910,0.0,0.0,0.0,0.0,1.59,3.17,0.0
20151210:2010,0.0,0.0,0.0,0.0,1.24,3.1,0.0
20151210:2110,0.0,0.0,0.0,0.0,1.04,3.1,0.0
20151210:2210,0.0,0.0,0.0,0.0,1.02,3.17,0.0
20151210:2310,0.0,0.0,0.0,0.0,1.21,3.38,0.0
20151211:0010,0.0,0.0,0.0,0.0,1.41,3.52,0.0
20151211:0110,0.0,0.0,0.0,0.0,1.65,3.59,0.0
20151211:0210,0.0,0.0,0.0,0.0,1.84,3.59,0.0
20151211:0310,0.0,0.0,0.0,0.0,1.96,3.72,0.0
20151211:0410,0.0,0.0,0.0,0.0,2.37,3.86,0.0
20151211:0510,0.0,0.0,0.0,0.0,3.08,3.86,0.0
20151211:0610,0.0,0.0,0.0,0.0,4.22,4.14,0.0
20151211:0710,0.0,0.0,0.0,0.0,3.93,4.07,0.0
20151211:0810,6.0,22.53,0.0,3.98,5.1,4.34,0.0
20151211:0910,3.0,64.0,0.0,10.58,6.22,4.9,0.0
20151211:1010,0.0,46.0,0.0,15.38,7.11,4.9,0.0
20151211:1110,5.0,120.0,0.0,17.99,7.88,4.69,0.0
20151211:1210,3.0,112.0,0.0,18.14,8.68,5.38,0.0
20151211:1310,0.0,53.0,0.0,15.83,9.3,5.79,0.0
20151211:1410,1.0,60.0,0.0,11.28,9.79,5.72,0.0
20151211:1510,1.0,22.81,0.0,4.88,9.74,5.1,0.0
20151211:1610,0.0,0.0,0.0,0.0,9.51,4.97,0.0
20151211:1710,0.0,0.0,0.0,0.0,9.3,4.76,0.0
20151211:1810,0.0,0.0,0.0,0.0,8.9,4.55,0.0
20151211:1910,0.0,0.0,0.0,0.0,8.55,4.41,0.0
20151211:2010,0.0,0.0,0.0,0.0,8.76,4.28,0.0
20151211:2110,0.0,0.0,0.0,0.0,8.81,4.14,0.0
20151211:2210,0.0,0.0,0.0,0.0,8.75,4.0,0.0
20151211:2310,0.0,0.0,0.0,0.0,8.6,4.0,0.0
20151212:0010,0.0,0.0,0.0,0.0,8.5,4.07,0.0
20151212:0110,0.0,0.0,0.0,0.0,8.57,3.93,0.0
20151212:0210,0.0,0.0,0.0,0.0,8.5,3.79,0.0
20151212:0310,0.0,0.0,0.0,0.0,8.45,3.66,0.0
20151212:0410,0.0,0.0,0.0,0.0,8.05,3.66,0.0
20151212:0510,0.0,0.0,0.0,0.0,7.92,3.52,0.0
20151212:0610,0.0,0.0,0.0,0.0,7.91,3.38,0.0
20151212:0710,0.0,0.0,0.0,0.0,8.79,3.17,0.0
20151212:0810,2.0,20.56,0.0,3.86,8.93,3.17,0.0
20151212:0910,8.0,71.0,0.0,10.46,9.18,3.31,0.0
20151212:1010,0.0,27.0,0.0,15.27,9.88,4.34,0.0
20151212:1110,0.0,63.0,0.0,17.9,10.42,4.55,0.0
20151212:1210,0.0,90.0,0.0,18.07,10.7,4.34,0.0
20151212:1310,0.0,75.0,0.0,15.78,10.87,3.79,0.0
20151212:1410,0.0,54.0,0.0,11.24,10.88,3.45,0.0
20151212:1510,0.0,22.0,0.0,4.87,10.51,3.03,0.0
20151212:1610,0.0,0.0,0.0,0.0,9.51,2.97,0.0
20151212:1710,0.0,0.0,0.0,0.0,8.77,3.1,0.0
20151212:1810,0.0,0.0,0.0,0.0,8.35,3.31,0.0
20151212:1910,0.0,0.0,0.0,0.0,8.53,3.24,0.0
20151212:2010,0.0,0.0,0.0,0.0,8.08,3.03,0.0
20151212:2110,0.0,0.0,0.0,0.0,7.67,2.83,0.0
20151212:2210,0.0,0.0,0.0,0.0,7.45,2.76,0.0
20151212:2310,0.0,0.0,0.0,0.0,7.05,2.69,0.0
20151213:0010,0.0,0.0,0.0,0.0,6.65,2.62,0.0
20151213:0110,0.0,0.0,0.0,0.0,6.3,2.62,0.0
20151213:0210,0.0,0.0,0.0,0.0,5.99,2.62,0.0
20151213:0310,0.0,0.0,0.0,0.0,5.75,2.69,0.0
20151213:0410,0.0,0.0,0.0,0.0,5.4,2.62,0.0
20151213:0510,0.0,0.0,0.0,0.0,5.14,2.41,0.0
20151213:0610,0.0,0.0,0.0,0.0,4.93,2.14,0.0
20151213:0710,0.0,0.0,0.0,0.0,5.38,2.28,0.0
20151213:0810,4.0,20.09,0.0,3.74,5.31,1.79,0.0
20151213:0910,2.0,61.0,0.0,10.35,5.29,1.24,0.0
20151213:1010,2.0,94.0,0.0,15.18,5.55,1.17,0.0
20151213:1110,5.0,120.0,0.0,17.81,5.86,1.38,0.0
20151213:1210,0.0,81.0,0.0,18.0,6.16,1.59,0.0
20151213:1310,0.0,67.0,0.0,15.73,6.41,1.72,0.0
20151213:1410,1.0,64.0,0.0,11.22,6.42,1.66,0.0
20151213:1510,4.0,28.03,0.0,4.86,6.45,1.93,0.0
20151213:1610,0.0,0.0,0.0,0.0,6.17,2.14,0.0
20151213:1710,0.0,0.0,0.0,0.0,5.98,2.34,0.0
20151213:1810,0.0,0.0,0.0,0.0,5.89,2.62,0.0
20151213:1910,0.0,0.0,0.0,0.0,5.62,2.48,0.0
20151213:2010,0.0,0.0,0.0,0.0,5.66,2.41,0.0
20151213:2110,0.0,0.0,0.0,0.0,5.63,2.28,0.0
20151213:2210,0.0,0.0,0.0,0.0,5.51,1.93,0.0
20151213:2310,0.0,0.0,0.0,0.0,5.15,1.86,0.0
20151214:0010,0.0,0.0,0.0,0.0,4.5,1.79,0.0
20151214:0110,0.0,0.0,0.0,0.0,3.69,1.93,0.0
20151214:0210,0.0,0.0,0.0,0.0,2.86,2.07,0.0
20151214:0310,0.0,0.0,0.0,0.0,2.2,2.14,0.0
20151214:0410,0.0,0.0,0.0,0.0,1.74,2.21,0.0
20151214:0510,0.0,0.0,0.0,0.0,1.54,2.14,0.0
20151214:0610,0.0,0.0,0.0,0.0,1.38,2.21,0.0
20151214:0710,0.0,0.0,0.0,0.0,2.19,2.28,0.0
20151214:0810,3.0,20.3,0.0,3.63,2.11,2.0,0.0
20151214:0910,6.0,68.0,0.0,10.25,2.56,2.07,0.0
20151214:1010,16.0,114.0,0.0,15.08,3.63,2.34,0.0
20151214:1110,14.0,131.0,0.0,17.74,5.1,2.62,0.0
20151214:1210,34.0,143.0,0.0,17.95,6.56,2.76,0.0
20151214:1310,86.01,113.0,0.0,15.69,7.89,2.76,0.0
20151214:1410,124.01,46.0,0.0,11.2,8.61,2.69,0.0
20151214:1510,21.0,23.9,0.0,4.86,8.23,2.48,0.0
20151214:1610,0.0,0.0,0.0,0.0,7.21,2.76,0.0
20151214:1710,0.0,0.0,0.0,0.0,6.73,2.97,0.0
20151214:1810,0.0,0.0,0.0,0.0,6.65,3.03,0.0
20151214:1910,0.0,0.0,0.0,0.0,5.89,2.9,0.0
20151214:2010,0.0,0.0,0.0,0.0,5.6,2.9,0.0
20151214:2110,0.0,0.0,0.0,0.0,5.48,2.97,0.0
20151214:2210,0.0,0.0,0.0,0.0,6.07,2.9,0.0
20151214:2310,0.0,0.0,0.0,0.0,6.12,2.9,0.0
20151215:0010,0.0,0.0,0.0,0.0,6.06,2.83,0.0
20151215:0110,0.0,0.0,0.0,0.0,5.96,2.9,0.0
20151215:0210,0.0,0.0,0.0,0.0,5.93,2.97,0.0
20151215:0310,0.0,0.0,0.0,0.0,5.99,2.9,0.0
20151215:0410,0.0,0.0,0.0,0.0,6.0,2.97,0.0
20151215:0510,0.0,0.0,0.0,0.0,6.24,2.97,0.0
20151215:0610,0.0,0.0,0.0,0.0,6.41,3.1,0.0
20151215:0710,0.0,0.0,0.0,0.0,7.02,2.9,0.0
20151215:0810,5.0,19.79,0.0,3.53,7.01,3.03,0.0
20151215:0910,0.0,19.0,0.0,10.15,7.32,3.52,0.0
20151215:1010,6.0,98.0,0.0,15.0,7.76,3.79,0.0
20151215:1110,0.0,58.0,0.0,17.67,8.28,3.59,0.0
20151215:1210,57.0,140.0,0.0,17.9,8.67,3.38,0.0
20151215:1310,0.0,77.0,0.0,15.67,8.76,3.38,0.0
20151215:1410,14.0,80.0,0.0,11.19,8.94,3.38,0.0
20151215:1510,7.0,28.24,0.0,4.86,8.95,3.45,0.0
20151215:1610,0.0,0.0,0.0,0.0,8.76,3.59,0.0
20151215:1710,0.0,0.0,0.0,0.0,8.84,3.72,0.0
20151215:1810,0.0,0.0,0.0,0.0,9.04,3.93,0.0
20151215:1910,0.0,0.0,0.0,0.0,9.92,3.93,0.0
20151215:2010,0.0,0.0,0.0,0.0,10.1,4.0,0.0
20151215:2110,0.0,0.0,0.0,0.0,10.27,4.07,0.0
20151215:2210,0.0,0.0,0.0,0.0,10.17,4.34,0.0
20151215:2310,0.0,0.0,0.0,0.0,9.97,4.34,0.0
20151216:0010,0.0,0.0,0.0,0.0,9.69,4.28,0.0
20151216:0110,0.0,0.0,0.0,0.0,9.65,4.28,0.0
20151216:0210,0.0,0.0,0.0,0.0,9.97,4.21,0.0
20151216:0310,0.0,0.0,0.0,0.0,10.36,4.21,0.0
20151216:0410,0.0,0.0,0.0,0.0,10.86,4.21,0.0
20151216:0510,0.0,0.0,0.0,0.0,11.28,4.28,0.0
20151216:0610,0.0,0.0,0.0,0.0,11.64,4.48,0.0
20151216:0710,0.0,0.0,0.0,0.0,12.06,4.69,0.0
20151216:0810,4.0,19.05,0.0,3.43,12.45,4.69,0.0
20151216:0910,52.0,67.0,0.0,10.07,12.78,4.69,0.0
20151216:1010,16.0,110.0,0.0,14.93,13.14,4.76,0.0
20151216:1110,3.0,110.0,0.0,17.61,13.37,5.1,0.0
20151216:1210,17.0,133.0,0.0,17.86,13.44,4.41,0.0
20151216:1310,3.0,95.0,0.0,15.64,13.54,4.07,0.0
20151216:1410,2.0,66.0,0.0,11.19,13.62,3.79,0.0
20151216:1510,2.0,24.58,0.0,4.87,13.57,3.38,0.0
20151216:1610,0.0,0.0,0.0,0.0,13.3,2.9,0.0
20151216:1710,0.0,0.0,0.0,0.0,13.14,2.97,0.0
20151216:1810,0.0,0.0,0.0,0.0,13.13,3.17,0.0
20151216:1910,0.0,0.0,0.0,0.0,12.7,3.31,0.0
20151216:2010,0.0,0.0,0.0,0.0,12.81,3.45,0.0
20151216:2110,0.0,0.0,0.0,0.0,12.7,3.59,0.0
20151216:2210,0.0,0.0,0.0,0.0,12.64,3.66,0.0
20151216:2310,0.0,0.0,0.0,0.0,12.47,3.59,0.0
20151217:0010,0.0,0.0,0.0,0.0,12.17,3.45,0.0
20151217:0110,0.0,0.0,0.0,0.0,11.64,3.31,0.0
20151217:0210,0.0,0.0,0.0,0.0,10.97,3.03,0.0
20151217:0310,0.0,0.0,0.0,0.0,10.44,2.97,0.0
20151217:0410,0.0,0.0,0.0,0.0,9.93,3.03,0.0
20151217:0510,0.0,0.0,0.0,0.0,9.43,3.03,0.0
20151217:0610,0.0,0.0,0.0,0.0,9.16,3.1,0.0
20151217:0710,0.0,0.0,0.0,0.0,9.86,3.31,0.0
20151217:0810,6.0,17.61,0.0,3.34,9.62,3.31,0.0
20151217:0910,68.01,60.0,0.0,9.98,10.29,3.31,0.0
20151217:1010,122.01,86.0,0.0,14.86,11.68,3.1,0.0
20151217:1110,120.01,117.0,0.0,17.56,13.2,3.45,0.0
20151217:1210,97.01,129.0,0.0,17.83,14.42,3.66,0.0
20151217:1310,190.01,59.0,0.0,15.63,15.18,3.66,0.0
20151217:1410,65.0,73.0,0.0,11.19,15.3,3.86,0.0
20151217:1510,11.0,27.26,0.0,4.89,14.82,3.93,0.0
20151217:1610,0.0,0.0,0.0,0.0,13.78,3.93,0.0
20151217:1710,0.0,0.0,0.0,0.0,13.17,3.79,0.0
20151217:1810,0.0,0.0,0.0,0.0,12.72,3.66,0.0
20151217:1910,0.0,0.0,0.0,0.0,12.8,3.72,0.0
20151217:2010,0.0,0.0,0.0,0.0,12.52,3.86,0.0
20151217:2110,0.0,0.0,0.0,0.0,11.95,4.14,0.0
20151217:2210,0.0,0.0,0.0,0.0,11.22,3.86,0.0
20151217:2310,0.0,0.0,0.0,0.0,10.92,3.52,0.0
20151218:0010,0.0,0.0,0.0,0.0,10.52,3.31,0.0
20151218:0110,0.0,0.0,0.0,0.0,9.88,3.17,0.0
20151218:0210,0.0,0.0,0.0,0.0,9.97,2.97,0.0
20151218:0310,0.0,0.0,0.0,0.0,10.25,2.69,0.0
20151218:0410,0.0,0.0,0.0,0.0,10.52,2.34,0.0
20151218:0510,0.0,0.0,0.0,0.0,10.73,2.14,0.0
20151218:0610,0.0,0.0,0.0,0.0,10.77,2.14,0.0
20151218:0710,0.0,0.0,0.0,0.0,10.4,1.86,0.0
20151218:0810,2.0,15.6,0.0,3.25,10.64,1.72,0.0
20151218:0910,2.0,56.0,0.0,9.91,11.0,1.93,0.0
20151218:1010,0.0,73.0,0.0,14.79,11.49,2.28,0.0
20151218:1110,4.0,110.0,0.0,17.51,11.98,2.76,0.0
20151218:1210,51.0,140.0,0.0,17.8,12.41,3.24,0.0
20151218:1310,0.0,77.0,0.0,15.62,12.65,3.17,0.0
20151218:1410,10.0,77.0,0.0,11.2,12.55,2.76,0.0
20151218:1510,0.0,21.0,0.0,4.92,12.39,2.76,0.0
20151218:1610,0.0,0.0,0.0,0.0,12.24,2.9,0.0
20151218:1710,0.0,0.0,0.0,0.0,12.24,2.97,0.0
20151218:1810,0.0,0.0,0.0,0.0,12.03,2.69,0.0
20151218:1910,0.0,0.0,0.0,0.0,11.43,2.48,0.0
20151218:2010,0.0,0.0,0.0,0.0,10.87,2.83,0.0
20151218:2110,0.0,0.0,0.0,0.0,10.26,3.03,0.0
20151218:2210,0.0,0.0,0.0,0.0,9.96,2.97,0.0
20151218:2310,0.0,0.0,0.0,0.0,9.63,2.97,0.0
20151219:0010,0.0,0.0,0.0,0.0,9.73,2.9,0.0
20151219:0110,0.0,0.0,0.0,0.0,9.64,2.83,0.0
20151219:0210,0.0,0.0,0.0,0.0,9.26,2.83,0.0
20151219:0310,0.0,0.0,0.0,0.0,8.98,2.76,0.0
20151219:0410,0.0,0.0,0.0,0.0,8.98,2.62,0.0
20151219:0510,0.0,0.0,0.0,0.0,8.56,2.69,0.0
20151219:0610,0.0,0.0,0.0,0.0,8.59,2.76,0.0
20151219:0710,0.0,0.0,0.0,0.0,8.88,3.03,0.0
20151219:0810,13.0,14.17,0.0,3.18,9.08,3.1,0.0
20151219:0910,59.0,62.0,0.0,9.84,9.87,2.9,0.0
20151219:1010,134.01,77.0,0.0,14.74,10.95,2.9,0.0
20151219:1110,200.01,72.0,0.0,17.48,12.29,2.97,0.0
20151219:1210,184.01,84.0,0.0,17.78,13.49,3.17,0.0
20151219:1310,137.01,85.0,0.0,15.63,14.19,3.38,0.0
20151219:1410,43.0,80.0,0.0,11.22,14.2,3.24,0.0
20151219:1510,2.0,27.54,0.0,4.95,13.68,3.31,0.0
20151219:1610,0.0,0.0,0.0,0.0,12.51,3.38,0.0
20151219:1710,0.0,0.0,0.0,0.0,11.65,3.52,0.0
20151219:1810,0.0,0.0,0.0,0.0,11.07,3.66,0.0
20151219:1910,0.0,0.0,0.0,0.0,10.87,4.0,0.0
20151219:2010,0.0,0.0,0.0,0.0,10.85,4.21,0.0
20151219:2110,0.0,0.0,0.0,0.0,11.06,4.21,0.0
20151219:2210,0.0,0.0,0.0,0.0,11.16,4.14,0.0
20151219:2310,0.0,0.0,0.0,0.0,11.26,4.34,0.0
20151220:0010,0.0,0.0,0.0,0.0,11.19,4.28,0.0
20151220:0110,0.0,0.0,0.0,0.0,11.03,4.07,0.0
20151220:0210,0.0,0.0,0.0,0.0,10.97,4.0,0.0
20151220:0310,0.0,0.0,0.0,0.0,10.76,4.0,0.0
20151220:0410,0.0,0.0,0.0,0.0,10.41,4.14,0.0
20151220:0510,0.0,0.0,0.0,0.0,9.99,4.0,0.0
20151220:0610,0.0,0.0,0.0,0.0,9.48,3.79,0.0
20151220:0710,0.0,0.0,0.0,0.0,9.99,4.07,0.0
20151220:0810,6.0,16.59,0.0,3.1,9.95,4.07,0.0
20151220:0910,49.0,65.0,0.0,9.78,10.53,4.14,0.0
20151220:1010,30.0,113.0,0.0,14.69,11.37,3.93,0.0
20151220:1110,13.0,126.0,0.0,17.45,12.36,3.93,0.0
20151220:1210,35.0,140.0,0.0,17.77,13.14,4.21,0.0
20151220:1310,86.01,110.0,0.0,15.63,13.62,4.0,0.0
20151220:1410,0.0,50.0,0.0,11.25,13.63,3.79,0.0
20151220:1510,6.0,28.53,0.0,4.99,12.99,3.72,0.0
20151220:1610,0.0,0.0,0.0,0.0,12.16,3.72,0.0
20151220:1710,0.0,0.0,0.0,0.0,11.84,3.72,0.0
20151220:1810,0.0,0.0,0.0,0.0,11.91,3.86,0.0
20151220:1910,0.0,0.0,0.0,0.0,11.99,3.79,0.0
20151220:2010,0.0,0.0,0.0,0.0,11.76,4.21,0.0
20151220:2110,0.0,0.0,0.0,0.0,11.68,4.41,0.0
20151220:2210,0.0,0.0,0.0,0.0,11.47,4.34,0.0
20151220:2310,0.0,0.0,0.0,0.0,11.16,4.34,0.0
20151221:0010,0.0,0.0,0.0,0.0,10.92,4.41,0.0
20151221:0110,0.0,0.0,0.0,0.0,10.72,4.62,0.0
20151221:0210,0.0,0.0,0.0,0.0,10.52,4.62,0.0
20151221:0310,0.0,0.0,0.0,0.0,10.05,4.76,0.0
20151221:0410,0.0,0.0,0.0,0.0,9.57,4.83,0.0
20151221:0510,0.0,0.0,0.0,0.0,9.08,5.03,0.0
20151221:0610,0.0,0.0,0.0,0.0,8.81,5.31,0.0
20151221:0710,0.0,0.0,0.0,0.0,8.58,5.45,0.0
20151221:0810,7.0,16.32,0.0,3.04,8.46,5.52,0.0
20151221:0910,77.01,53.0,0.0,9.72,8.99,5.72,0.0
20151221:1010,120.01,86.0,0.0,14.65,9.91,5.45,0.0
20151221:1110,192.01,78.0,0.0,17.42,10.78,5.79,0.0
20151221:1210,135.01,113.0,0.0,17.77,11.55,6.9,0.0
20151221:1310,67.0,118.0,0.0,15.65,12.1,8.34,0.0
20151221:1410,37.0,84.0,0.0,11.28,12.16,6.97,0.0
20151221:1510,11.0,29.16,0.0,5.04,11.83,6.55,0.0
20151221:1610,0.0,0.0,0.0,0.0,11.7,6.69,0.0
20151221:1710,0.0,0.0,0.0,0.0,11.67,6.97,0.0
20151221:1810,0.0,0.0,0.0,0.0,11.78,7.1,0.0
20151221:1910,0.0,0.0,0.0,0.0,11.6,7.03,0.0
20151221:2010,0.0,0.0,0.0,0.0,11.65,6.9,0.0
20151221:2110,0.0,0.0,0.0,0.0,11.7,6.83,0.0
20151221:2210,0.0,0.0,0.0,0.0,11.75,6.55,0.0
20151221:2310,0.0,0.0,0.0,0.0,11.76,6.21,0.0
20151222:0010,0.0,0.0,0.0,0.0,11.77,6.07,0.0
20151222:0110,0.0,0.0,0.0,0.0,11.75,6.14,0.0
20151222:0210,0.0,0.0,0.0,0.0,11.76,6.0,0.0
20151222:0310,0.0,0.0,0.0,0.0,11.79,5.86,0.0
20151222:0410,0.0,0.0,0.0,0.0,11.77,5.66,0.0
20151222:0510,0.0,0.0,0.0,0.0,11.73,5.66,0.0
20151222:0610,0.0,0.0,0.0,0.0,11.7,5.66,0.0
20151222:0710,0.0,0.0,0.0,0.0,11.27,5.72,0.0
20151222:0810,0.0,11.0,0.0,2.98,11.26,5.86,0.0
20151222:0910,19.0,70.0,0.0,9.68,11.45,5.86,0.0
20151222:1010,102.01,92.0,0.0,14.62,11.79,5.86,0.0
20151222:1110,77.0,131.0,0.0,17.41,12.19,5.59,0.0
20151222:1210,198.01,76.0,0.0,17.77,12.35,5.24,0.0
20151222:1310,183.01,62.0,0.0,15.67,12.53,4.9,0.0
20151222:1410,101.01,56.0,0.0,11.32,12.67,6.0,0.0
20151222:1510,11.0,29.19,0.0,5.09,12.68,5.79,0.0
20151222:1610,0.0,0.0,0.0,0.0,12.55,5.66,0.0
20151222:1710,0.0,0.0,0.0,0.0,12.63,5.72,0.0
20151222:1810,0.0,0.0,0.0,0.0,12.68,5.93,0.0
20151222:1910,0.0,0.0,0.0,0.0,11.92,5.86,0.0
20151222:2010,0.0,0.0,0.0,0.0,11.88,5.93,0.0
20151222:2110,0.0,0.0,0.0,0.0,11.82,6.0,0.0
20151222:2210,0.0,0.0,0.0,0.0,11.83,6.14,0.0
20151222:2310,0.0,0.0,0.0,0.0,11.82,6.34,0.0
20151223:0010,0.0,0.0,0.0,0.0,11.72,6.55,0.0
20151223:0110,0.0,0.0,0.0,0.0,11.49,6.48,0.0
20151223:0210,0.0,0.0,0.0,0.0,11.45,6.41,0.0
20151223:0310,0.0,0.0,0.0,0.0,11.69,6.41,0.0
20151223:0410,0.0,0.0,0.0,0.0,12.05,6.41,0.0
20151223:0510,0.0,0.0,0.0,0.0,12.27,6.07,0.0
20151223:0610,0.0,0.0,0.0,0.0,12.36,5.45,0.0
20151223:0710,0.0,0.0,0.0,0.0,11.76,4.62,0.0
20151223:0810,7.0,14.44,0.0,2.92,11.36,4.14,0.0
20151223:0910,46.0,66.0,0.0,9.63,11.57,3.93,0.0
20151223:1010,125.01,84.0,0.0,14.59,11.74,3.93,0.0
20151223:1110,176.01,88.0,0.0,17.4,11.97,4.14,0.0
20151223:1210,122.01,120.0,0.0,17.79,12.21,4.0,0.0
20151223:1310,125.01,96.0,0.0,15.71,12.33,3.72,0.0
20151223:1410,107.01,56.0,0.0,11.37,12.31,3.38,0.0
20151223:1510,25.0,24.08,0.0,5.15,11.81,2.62,0.0
20151223:1610,0.0,0.0,0.0,0.0,10.42,2.41,0.0
20151223:1710,0.0,0.0,0.0,0.0,9.53,2.41,0.0
20151223:1810,0.0,0.0,0.0,0.0,9.12,2.48,0.0
20151223:1910,0.0,0.0,0.0,0.0,8.63,2.48,0.0
20151223:2010,0.0,0.0,0.0,0.0,8.35,2.69,0.0
20151223:2110,0.0,0.0,0.0,0.0,8.38,2.9,0.0
20151223:2210,0.0,0.0,0.0,0.0,8.85,3.1,0.0
20151223:2310,0.0,0.0,0.0,0.0,9.48,3.31,0.0
20151224:0010,0.0,0.0,0.0,0.0,9.68,3.31,0.0
20151224:0110,0.0,0.0,0.0,0.0,9.63,3.38,0.0
20151224:0210,0.0,0.0,0.0,0.0,9.73,3.72,0.0
20151224:0310,0.0,0.0,0.0,0.0,9.85,4.07,0.0
20151224:0410,0.0,0.0,0.0,0.0,9.77,4.21,0.0
20151224:0510,0.0,0.0,0.0,0.0,9.33,4.48,0.0
20151224:0610,0.0,0.0,0.0,0.0,9.07,4.76,0.0
20151224:0710,0.0,0.0,0.0,0.0,9.67,4.97,0.0
20151224:0810,3.0,15.32,0.0,2.88,9.56,5.24,0.0
20151224:0910,77.01,52.0,0.0,9.6,9.94,5.45,0.0
20151224:1010,50.0,112.0,0.0,14.58,10.78,5.17,0.0
20151224:1110,0.0,50.0,0.0,17.4,11.54,5.45,0.0
20151224:1210,9.0,126.0,0.0,17.81,12.15,5.59,0.0
20151224:1310,169.01,71.0,0.0,15.74,12.76,5.93,0.0
20151224:1410,36.0,84.0,0.0,11.42,12.8,7.17,0.0
20151224:1510,18.0,27.52,0.0,5.22,12.75,6.76,0.0
20151224:1610,0.0,0.0,0.0,0.0,12.37,6.21,0.0
20151224:1710,0.0,0.0,0.0,0.0,11.95,6.0,0.0
20151224:1810,0.0,0.0,0.0,0.0,11.88,5.86,0.0
20151224:1910,0.0,0.0,0.0,0.0,11.74,5.79,0.0
20151224:2010,0.0,0.0,0.0,0.0,11.68,5.38,0.0
20151224:2110,0.0,0.0,0.0,0.0,11.45,4.76,0.0
20151224:2210,0.0,0.0,0.0,0.0,11.41,4.21,0.0
20151224:2310,0.0,0.0,0.0,0.0,11.06,3.59,0.0
20151225:0010,0.0,0.0,0.0,0.0,10.8,3.1,0.0
20151225:0110,0.0,0.0,0.0,0.0,10.71,2.69,0.0
20151225:0210,0.0,0.0,0.0,0.0,10.64,2.21,0.0
20151225:0310,0.0,0.0,0.0,0.0,10.41,1.66,0.0
20151225:0410,0.0,0.0,0.0,0.0,10.35,1.72,0.0
20151225:0510,0.0,0.0,0.0,0.0,10.31,2.07,0.0
20151225:0610,0.0,0.0,0.0,0.0,10.32,2.9,0.0
20151225:0710,0.0,0.0,0.0,0.0,10.04,4.41,0.0
20151225:0810,0.0,7.0,0.0,2.84,10.14,4.97,0.0
20151225:0910,3.0,58.0,0.0,9.57,10.61,5.45,0.0
20151225:1010,8.0,99.0,0.0,14.57,11.24,5.59,0.0
20151225:1110,44.0,137.0,0.0,17.41,11.76,5.31,0.0
20151225:1210,17.0,133.0,0.0,17.83,12.09,5.31,0.0
20151225:1310,30.0,122.0,0.0,15.79,12.55,4.9,0.0
20151225:1410,6.0,75.0,0.0,11.48,12.96,4.55,0.0
20151225:1510,0.0,12.0,0.0,5.29,12.8,4.48,0.0
20151225:1610,0.0,0.0,0.0,0.0,12.36,4.34,0.0
20151225:1710,0.0,0.0,0.0,0.0,11.71,4.21,0.0
20151225:1810,0.0,0.0,0.0,0.0,11.29,4.14,0.0
20151225:1910,0.0,0.0,0.0,0.0,10.68,3.66,0.0
20151225:2010,0.0,0.0,0.0,0.0,10.32,3.79,0.0
20151225:2110,0.0,0.0,0.0,0.0,10.0,3.93,0.0
20151225:2210,0.0,0.0,0.0,0.0,9.86,3.93,0.0
20151225:2310,0.0,0.0,0.0,0.0,9.63,3.93,0.0
20151226:0010,0.0,0.0,0.0,0.0,9.46,3.86,0.0
20151226:0110,0.0,0.0,0.0,0.0,9.18,3.72,0.0
20151226:0210,0.0,0.0,0.0,0.0,8.85,3.59,0.0
20151226:0310,0.0,0.0,0.0,0.0,8.51,3.45,0.0
20151226:0410,0.0,0.0,0.0,0.0,8.22,3.31,0.0
20151226:0510,0.0,0.0,0.0,0.0,7.99,3.17,0.0
20151226:0610,0.0,0.0,0.0,0.0,7.82,3.24,0.0
20151226:0710,0.0,0.0,0.0,0.0,7.91,3.52,0.0
20151226:0810,8.0,13.26,0.0,2.8,7.69,3.59,0.0
20151226:0910,91.01,45.0,0.0,9.55,8.16,3.66,0.0
20151226:1010,151.01,67.0,0.0,14.56,9.23,3.66,0.0
20151226:1110,203.01,71.0,0.0,17.43,10.55,4.14,0.0
20151226:1210,204.01,75.0,0.0,17.87,11.52,4.21,0.0
20151226:1310,175.01,68.0,0.0,15.84,12.16,4.07,0.0
20151226:1410,101.01,60.0,0.0,11.55,12.41,3.72,0.0
20151226:1510,16.0,29.89,0.0,5.37,11.95,3.38,0.0
20151226:1610,0.0,0.0,0.0,0.0,11.0,3.52,0.0
20151226:1710,0.0,0.0,0.0,0.0,10.14,3.66,0.0
20151226:1810,0.0,0.0,0.0,0.0,9.58,3.72,0.0
20151226:1910,0.0,0.0,0.0,0.0,9.09,3.38,0.0
20151226:2010,0.0,0.0,0.0,0.0,8.98,3.59,0.0
20151226:2110,0.0,0.0,0.0,0.0,8.83,3.72,0.0
20151226:2210,0.0,0.0,0.0,0.0,8.79,3.86,0.0
20151226:2310,0.0,0.0,0.0,0.0,8.76,4.07,0.0
20151227:0010,0.0,0.0,0.0,0.0,8.68,4.14,0.0
20151227:0110,0.0,0.0,0.0,0.0,8.5,4.14,0.0
20151227:0210,0.0,0.0,0.0,0.0,8.34,4.14,0.0
20151227:0310,0.0,0.0,0.0,0.0,8.09,4.14,0.0
20151227:0410,0.0,0.0,0.0,0.0,7.89,4.14,0.0
20151227:0510,0.0,0.0,0.0,0.0,7.72,4.07,0.0
20151227:0610,0.0,0.0,0.0,0.0,7.57,3.93,0.0
20151227:0710,0.0,0.0,0.0,0.0,7.74,3.72,0.0
20151227:0810,9.0,13.03,0.0,2.78,7.58,3.79,0.0
20151227:0910,48.0,65.0,0.0,9.54,8.08,3.86,0.0
20151227:1010,154.01,68.0,0.0,14.57,9.17,3.52,0.0
20151227:1110,214.01,68.0,0.0,17.45,10.54,3.86,0.0
20151227:1210,204.01,79.0,0.0,17.91,11.64,3.86,0.0
20151227:1310,158.01,81.0,0.0,15.9,12.34,3.59,0.0
20151227:1410,113.01,56.0,0.0,11.63,12.53,3.03,0.0
20151227:1510,20.0,28.94,0.0,5.46,11.95,2.69,0.0
20151227:1610,0.0,0.0,0.0,0.0,10.41,2.76,0.0
20151227:1710,0.0,0.0,0.0,0.0,9.36,2.69,0.0
20151227:1810,0.0,0.0,0.0,0.0,8.72,2.55,0.0
20151227:1910,0.0,0.0,0.0,0.0,7.91,2.62,0.0
20151227:2010,0.0,0.0,0.0,0.0,7.48,2.55,0.0
20151227:2110,0.0,0.0,0.0,0.0,7.03,2.41,0.0
20151227:2210,0.0,0.0,0.0,0.0,6.42,2.41,0.0
20151227:2310,0.0,0.0,0.0,0.0,5.94,2.34,0.0
20151228:0010,0.0,0.0,0.0,0.0,5.65,2.41,0.0
20151228:0110,0.0,0.0,0.0,0.0,5.35,2.48,0.0
20151228:0210,0.0,0.0,0.0,0.0,5.27,2.62,0.0
20151228:0310,0.0,0.0,0.0,0.0,5.14,2.9,0.0
20151228:0410,0.0,0.0,0.0,0.0,5.03,3.1,0.0
20151228:0510,0.0,0.0,0.0,0.0,5.04,3.24,0.0
20151228:0610,0.0,0.0,0.0,0.0,5.12,3.31,0.0
20151228:0710,0.0,0.0,0.0,0.0,5.53,3.31,0.0
20151228:0810,13.0,10.51,0.0,2.76,5.33,3.24,0.0
20151228:0910,96.01,44.0,0.0,9.54,6.06,3.17,0.0
20151228:1010,113.01,91.0,0.0,14.58,7.79,3.03,0.0
20151228:1110,222.01,66.0,0.0,17.48,9.47,3.45,0.0
20151228:1210,179.01,96.0,0.0,17.96,10.81,3.52,0.0
20151228:1310,97.01,114.0,0.0,15.97,11.74,3.17,0.0
20151228:1410,117.01,56.0,0.0,11.71,12.07,3.52,0.0
20151228:1510,43.01,17.82,0.0,5.55,11.64,3.52,0.0
20151228:1610,0.0,0.0,0.0,0.0,10.47,3.79,0.0
20151228:1710,0.0,0.0,0.0,0.0,9.84,4.07,0.0
20151228:1810,0.0,0.0,0.0,0.0,9.45,3.93,0.0
20151228:1910,0.0,0.0,0.0,0.0,9.08,3.93,0.0
20151228:2010,0.0,0.0,0.0,0.0,9.02,4.07,0.0
20151228:2110,0.0,0.0,0.0,0.0,9.07,4.14,0.0
20151228:2210,0.0,0.0,0.0,0.0,9.37,4.28,0.0
20151228:2310,0.0,0.0,0.0,0.0,9.38,4.28,0.0
20151229:0010,0.0,0.0,0.0,0.0,9.21,4.28,0.0
20151229:0110,0.0,0.0,0.0,0.0,9.17,4.21,0.0
20151229:0210,0.0,0.0,0.0,0.0,9.5,4.14,0.0
20151229:0310,0.0,0.0,0.0,0.0,10.02,4.14,0.0
20151229:0410,0.0,0.0,0.0,0.0,10.2,3.79,0.0
20151229:0510,0.0,0.0,0.0,0.0,9.96,3.31,0.0
20151229:0610,0.0,0.0,0.0,0.0,9.57,3.1,0.0
20151229:0710,0.0,0.0,0.0,0.0,9.86,3.66,0.0
20151229:0810,0.0,2.0,0.0,2.74,9.78,3.66,0.0
20151229:0910,10.0,66.0,0.0,9.54,9.71,4.0,0.0
20151229:1010,8.0,102.0,0.0,14.6,9.73,4.41,0.0
20151229:1110,208.01,71.0,0.0,17.52,10.34,4.9,0.0
20151229:1210,213.01,74.0,0.0,18.02,10.74,5.1,0.0
20151229:1310,162.01,79.0,0.0,16.05,11.18,4.76,0.0
20151229:1410,86.01,71.0,0.0,11.8,11.29,4.21,0.0
20151229:1510,37.0,21.29,0.0,5.65,10.72,3.31,0.0
20151229:1610,0.0,0.0,0.0,0.0,9.6,2.9,0.0
20151229:1710,0.0,0.0,0.0,0.0,8.41,2.76,0.0
20151229:1810,0.0,0.0,0.0,0.0,7.78,2.76,0.0
20151229:1910,0.0,0.0,0.0,0.0,7.06,3.03,0.0
20151229:2010,0.0,0.0,0.0,0.0,6.73,3.03,0.0
20151229:2110,0.0,0.0,0.0,0.0,6.35,2.97,0.0
20151229:2210,0.0,0.0,0.0,0.0,6.16,2.97,0.0
20151229:2310,0.0,0.0,0.0,0.0,6.11,3.1,0.0
20151230:0010,0.0,0.0,0.0,0.0,5.96,3.1,0.0
20151230:0110,0.0,0.0,0.0,0.0,5.67,3.24,0.0
20151230:0210,0.0,0.0,0.0,0.0,5.57,3.38,0.0
20151230:0310,0.0,0.0,0.0,0.0,5.63,3.52,0.0
20151230:0410,0.0,0.0,0.0,0.0,5.91,3.45,0.0
20151230:0510,0.0,0.0,0.0,0.0,6.37,3.45,0.0
20151230:0610,0.0,0.0,0.0,0.0,6.41,3.45,0.0
20151230:0710,0.0,0.0,0.0,0.0,6.76,3.38,0.0
20151230:0810,2.0,13.58,0.0,2.74,6.49,3.45,0.0
20151230:0910,3.0,58.0,0.0,9.55,6.81,3.93,0.0
20151230:1010,42.0,113.0,0.0,14.63,8.01,3.93,0.0
20151230:1110,170.01,92.0,0.0,17.57,9.21,4.55,0.0
20151230:1210,129.01,119.0,0.0,18.09,10.06,4.76,0.0
20151230:1310,18.0,122.0,0.0,16.13,10.49,4.76,0.0
20151230:1410,82.01,74.0,0.0,11.9,10.56,4.55,0.0
20151230:1510,11.0,37.0,0.0,5.76,10.2,5.17,0.0
20151230:1610,0.0,0.0,0.0,0.0,9.46,5.24,0.0
20151230:1710,0.0,0.0,0.0,0.0,8.76,5.17,0.0
20151230:1810,0.0,0.0,0.0,0.0,8.22,4.9,0.0
20151230:1910,0.0,0.0,0.0,0.0,8.27,4.83,0.0
20151230:2010,0.0,0.0,0.0,0.0,8.16,4.9,0.0
20151230:2110,0.0,0.0,0.0,0.0,8.61,5.03,0.0
20151230:2210,0.0,0.0,0.0,0.0,9.48,5.24,0.0
20151230:2310,0.0,0.0,0.0,0.0,10.6,5.31,0.0
20151231:0010,0.0,0.0,0.0,0.0,9.74,5.38,0.0
20151231:0110,0.0,0.0,0.0,0.0,9.53,5.52,0.0
20151231:0210,0.0,0.0,0.0,0.0,10.2,5.52,0.0
20151231:0310,0.0,0.0,0.0,0.0,10.21,5.31,0.0
20151231:0410,0.0,0.0,0.0,0.0,9.89,5.1,0.0
20151231:0510,0.0,0.0,0.0,0.0,9.09,4.76,0.0
20151231:0610,0.0,0.0,0.0,0.0,8.2,4.41,0.0
20151231:0710,0.0,0.0,0.0,0.0,7.58,4.0,0.0
20151231:0810,10.0,11.92,0.0,2.74,6.85,3.66,0.0
20151231:0910,88.01,46.0,0.0,9.56,7.0,3.45,0.0
20151231:1010,154.01,69.0,0.0,14.66,8.07,3.17,0.0
20151231:1110,233.01,60.0,0.0,17.62,9.22,3.72,0.0
20151231:1210,245.01,60.0,0.0,18.16,9.99,3.93,0.0
20151231:1310,106.01,110.0,0.0,16.22,10.53,3.93,0.0
20151231:1410,69.0,81.0,0.0,12.0,10.68,3.66,0.0
20151231:1510,26.0,36.0,0.0,5.87,10.2,3.38,0.0
20151231:1610,0.0,0.0,0.0,0.0,9.21,3.45,0.0
20151231:1710,0.0,0.0,0.0,0.0,8.14,3.52,0.0
20151231:1810,0.0,0.0,0.0,0.0,7.54,3.59,0.0
20151231:1910,0.0,0.0,0.0,0.0,7.39,3.72,0.0
20151231:2010,0.0,0.0,0.0,0.0,6.96,3.66,0.0
20151231:2110,0.0,0.0,0.0,0.0,6.65,3.72,0.0
20151231:2210,0.0,0.0,0.0,0.0,6.41,3.72,0.0
20151231:2310,0.0,0.0,0.0,0.0,6.31,3.52,0.0

Gb(i): Beam (direct) irradiance on the inclined plane (plane of the array) (W/m2)
Gd(i): Diffuse irradiance on the inclined plane (plane of the array) (W/m2)
Gr(i): Reflected irradiance on the inclined plane (plane of the array) (W/m2)
H_sun: Sun height (degree)
T2m: 2-m air temperature (degree Celsius)
WS10m: 10-m total wind speed (m/s)
Int: 1 means solar radiation values are reconstructed



PVGIS (c) European Union, 2001-2026