Latitude (decimal degrees):	48.630
Longitude (decimal degrees):	2.270
Elevation (m):	56
Radiation database:	PVGIS-SARAH3


Slope: 0 deg. 
Azimuth: 0 deg. 
time,Gb(i),Gd(i),Gr(i),H_sun,T2m,WS10m,Int
20220101:0010,0.0,0.0,0.0,0.0,10.51,2.21,0.0
20220101:0110,0.0,0.0,0.0,0.0,10.3,2.07,0.0
20220101:0210,0.0,0.0,0.0,0.0,9.4,2.14,0.0
20220101:0310,0.0,0.0,0.0,0.0,8.73,2.28,0.0
20220101:0410,0.0,0.0,0.0,0.0,8.01,2.41,0.0
20220101:0510,0.0,0.0,0.0,0.0,7.43,2.48,0.0
20220101:0610,0.0,0.0,0.0,0.0,6.86,2.55,0.0
20220101:0710,0.0,0.0,0.0,0.0,7.62,2.76,0.0
20220101:0810,2.0,13.59,0.0,2.75,7.51,2.97,0.0
20220101:0910,89.01,46.0,0.0,9.59,8.29,2.9,0.0
20220101:1010,116.01,89.0,0.0,14.71,9.71,2.83,0.0
20220101:1110,170.01,94.0,0.0,17.7,11.42,3.1,0.0
20220101:1210,224.01,71.0,0.0,18.27,12.78,3.17,0.0
20220101:1310,201.01,62.0,0.0,16.35,13.64,2.97,0.0
20220101:1410,124.01,55.0,0.0,12.14,13.79,2.76,0.0
20220101:1510,43.01,30.0,0.0,6.02,13.09,2.62,0.0
20220101:1610,0.0,0.0,0.0,0.0,11.59,2.76,0.0
20220101:1710,0.0,0.0,0.0,0.0,10.39,2.62,0.0
20220101:1810,0.0,0.0,0.0,0.0,9.55,2.76,0.0
20220101:1910,0.0,0.0,0.0,0.0,9.54,2.97,0.0
20220101:2010,0.0,0.0,0.0,0.0,8.97,2.9,0.0
20220101:2110,0.0,0.0,0.0,0.0,8.46,2.9,0.0
20220101:2210,0.0,0.0,0.0,0.0,8.3,2.9,0.0
20220101:2310,0.0,0.0,0.0,0.0,8.39,2.97,0.0
20220102:0010,0.0,0.0,0.0,0.0,8.91,3.03,0.0
20220102:0110,0.0,0.0,0.0,0.0,9.25,3.17,0.0
20220102:0210,0.0,0.0,0.0,0.0,9.2,3.38,0.0
20220102:0310,0.0,0.0,0.0,0.0,9.37,3.66,0.0
20220102:0410,0.0,0.0,0.0,0.0,9.65,3.72,0.0
20220102:0510,0.0,0.0,0.0,0.0,10.02,4.0,0.0
20220102:0610,0.0,0.0,0.0,0.0,10.44,4.14,0.0
20220102:0710,0.0,0.0,0.0,0.0,11.85,4.07,0.0
20220102:0810,5.0,13.9,0.0,2.76,11.42,3.93,0.0
20220102:0910,69.01,55.0,0.0,9.62,11.47,4.41,0.0
20220102:1010,167.01,62.0,0.0,14.77,12.43,4.34,0.0
20220102:1110,6.0,120.0,0.0,17.77,13.29,5.17,0.0
20220102:1210,14.0,135.0,0.0,18.36,13.89,6.55,0.0
20220102:1310,17.0,123.0,0.0,16.45,13.93,5.86,0.0
20220102:1410,17.0,90.0,0.0,12.26,13.82,6.14,0.0
20220102:1510,14.0,40.0,0.0,6.14,13.44,6.28,0.0
20220102:1610,0.0,0.0,0.0,0.0,13.06,6.14,0.0
20220102:1710,0.0,0.0,0.0,0.0,12.92,6.55,0.0
20220102:1810,0.0,0.0,0.0,0.0,12.68,6.76,0.0
20220102:1910,0.0,0.0,0.0,0.0,12.5,6.69,0.0
20220102:2010,0.0,0.0,0.0,0.0,12.57,6.9,0.0
20220102:2110,0.0,0.0,0.0,0.0,12.12,6.07,0.0
20220102:2210,0.0,0.0,0.0,0.0,11.51,5.59,0.0
20220102:2310,0.0,0.0,0.0,0.0,11.09,5.31,0.0
20220103:0010,0.0,0.0,0.0,0.0,10.72,5.24,0.0
20220103:0110,0.0,0.0,0.0,0.0,10.43,5.24,0.0
20220103:0210,0.0,0.0,0.0,0.0,10.47,5.31,0.0
20220103:0310,0.0,0.0,0.0,0.0,10.56,5.24,0.0
20220103:0410,0.0,0.0,0.0,0.0,10.48,5.24,0.0
20220103:0510,0.0,0.0,0.0,0.0,10.34,5.03,0.0
20220103:0610,0.0,0.0,0.0,0.0,9.86,4.62,0.0
20220103:0710,0.0,0.0,0.0,0.0,10.38,4.69,0.0
20220103:0810,1.0,11.83,0.0,2.78,10.23,4.34,0.0
20220103:0910,5.0,61.0,0.0,9.66,10.23,4.55,0.0
20220103:1010,2.0,89.0,0.0,14.82,10.44,5.24,0.0
20220103:1110,5.0,115.0,0.0,17.85,10.73,6.0,0.0
20220103:1210,4.0,115.0,0.0,18.46,11.22,6.34,0.0
20220103:1310,0.0,58.0,0.0,16.57,11.53,6.34,0.0
20220103:1410,4.0,77.0,0.0,12.38,11.54,6.07,0.0
20220103:1510,0.0,13.0,0.0,6.27,11.69,6.34,0.0
20220103:1610,0.0,0.0,0.0,0.0,11.71,6.62,0.0
20220103:1710,0.0,0.0,0.0,0.0,11.63,6.9,0.0
20220103:1810,0.0,0.0,0.0,0.0,11.49,6.55,0.0
20220103:1910,0.0,0.0,0.0,0.0,11.63,6.14,0.0
20220103:2010,0.0,0.0,0.0,0.0,11.54,5.72,0.0
20220103:2110,0.0,0.0,0.0,0.0,11.45,5.38,0.0
20220103:2210,0.0,0.0,0.0,0.0,11.38,5.03,0.0
20220103:2310,0.0,0.0,0.0,0.0,11.35,5.03,0.0
20220104:0010,0.0,0.0,0.0,0.0,11.39,5.79,0.0
20220104:0110,0.0,0.0,0.0,0.0,11.49,6.41,0.0
20220104:0210,0.0,0.0,0.0,0.0,11.51,6.21,0.0
20220104:0310,0.0,0.0,0.0,0.0,11.45,5.86,0.0
20220104:0410,0.0,0.0,0.0,0.0,11.41,5.38,0.0
20220104:0510,0.0,0.0,0.0,0.0,11.22,4.21,0.0
20220104:0610,0.0,0.0,0.0,0.0,10.7,3.31,0.0
20220104:0710,0.0,0.0,0.0,0.0,9.14,4.62,0.0
20220104:0810,1.0,13.8,0.0,2.81,7.46,3.59,0.0
20220104:0910,0.0,25.0,0.0,9.71,6.9,1.86,0.0
20220104:1010,0.0,41.0,0.0,14.89,6.85,1.1,0.0
20220104:1110,0.0,90.0,0.0,17.94,7.11,2.0,0.0
20220104:1210,9.0,130.0,0.0,18.56,7.43,2.62,0.0
20220104:1310,0.0,67.0,0.0,16.69,7.94,3.03,0.0
20220104:1410,9.0,86.0,0.0,12.51,8.41,3.93,0.0
20220104:1510,2.0,33.0,0.0,6.41,8.53,4.21,0.0
20220104:1610,0.0,0.0,0.0,0.0,8.44,4.28,0.0
20220104:1710,0.0,0.0,0.0,0.0,8.2,4.41,0.0
20220104:1810,0.0,0.0,0.0,0.0,7.85,4.9,0.0
20220104:1910,0.0,0.0,0.0,0.0,7.4,5.45,0.0
20220104:2010,0.0,0.0,0.0,0.0,6.6,5.86,0.0
20220104:2110,0.0,0.0,0.0,0.0,5.21,6.48,0.0
20220104:2210,0.0,0.0,0.0,0.0,4.16,5.79,0.0
20220104:2310,0.0,0.0,0.0,0.0,3.47,4.76,0.0
20220105:0010,0.0,0.0,0.0,0.0,2.95,4.21,0.0
20220105:0110,0.0,0.0,0.0,0.0,2.5,4.0,0.0
20220105:0210,0.0,0.0,0.0,0.0,2.39,3.79,0.0
20220105:0310,0.0,0.0,0.0,0.0,2.49,3.52,0.0
20220105:0410,0.0,0.0,0.0,0.0,2.35,3.31,0.0
20220105:0510,0.0,0.0,0.0,0.0,2.03,3.24,0.0
20220105:0610,0.0,0.0,0.0,0.0,1.69,3.17,0.0
20220105:0710,0.0,0.0,0.0,0.0,1.96,3.1,0.0
20220105:0810,7.0,14.4,0.0,2.85,1.58,3.03,0.0
20220105:0910,95.01,47.0,0.0,9.76,2.1,3.03,0.0
20220105:1010,158.01,73.0,0.0,14.96,3.42,3.45,0.0
20220105:1110,223.01,73.0,0.0,18.03,4.6,3.86,0.0
20220105:1210,233.01,75.0,0.0,18.67,5.38,4.41,0.0
20220105:1310,129.01,110.0,0.0,16.82,5.98,4.48,0.0
20220105:1410,139.01,56.0,0.0,12.65,6.05,3.93,0.0
20220105:1510,57.01,30.0,0.0,6.56,5.88,3.17,0.0
20220105:1610,0.0,0.0,0.0,0.0,4.97,2.76,0.0
20220105:1710,0.0,0.0,0.0,0.0,3.72,2.69,0.0
20220105:1810,0.0,0.0,0.0,0.0,3.16,2.76,0.0
20220105:1910,0.0,0.0,0.0,0.0,2.96,2.34,0.0
20220105:2010,0.0,0.0,0.0,0.0,2.47,2.55,0.0
20220105:2110,0.0,0.0,0.0,0.0,1.79,2.62,0.0
20220105:2210,0.0,0.0,0.0,0.0,1.56,2.55,0.0
20220105:2310,0.0,0.0,0.0,0.0,1.13,2.48,0.0
20220106:0010,0.0,0.0,0.0,0.0,0.82,2.48,0.0
20220106:0110,0.0,0.0,0.0,0.0,0.51,2.34,0.0
20220106:0210,0.0,0.0,0.0,0.0,0.08,2.07,0.0
20220106:0310,0.0,0.0,0.0,0.0,-0.28,2.0,0.0
20220106:0410,0.0,0.0,0.0,0.0,-0.78,1.93,0.0
20220106:0510,0.0,0.0,0.0,0.0,-1.13,1.66,0.0
20220106:0610,0.0,0.0,0.0,0.0,-1.57,1.66,0.0
20220106:0710,0.0,0.0,0.0,0.0,0.75,1.59,0.0
20220106:0810,1.0,11.83,0.0,2.89,0.97,1.45,0.0
20220106:0910,8.0,68.0,0.0,9.82,2.12,1.1,0.0
20220106:1010,6.0,103.0,0.0,15.04,3.55,1.31,0.0
20220106:1110,205.01,84.0,0.0,18.13,4.63,1.86,0.0
20220106:1210,128.01,132.0,0.0,18.79,4.85,2.21,0.0
20220106:1310,173.01,88.0,0.0,16.95,4.89,2.21,0.0
20220106:1410,131.01,61.0,0.0,12.8,4.84,2.14,0.0
20220106:1510,55.01,33.0,0.0,6.7,4.79,2.07,0.0
20220106:1610,0.0,0.0,0.0,0.0,4.13,2.14,0.0
20220106:1710,0.0,0.0,0.0,0.0,3.8,2.48,0.0
20220106:1810,0.0,0.0,0.0,0.0,3.66,2.97,0.0
20220106:1910,0.0,0.0,0.0,0.0,3.69,3.38,0.0
20220106:2010,0.0,0.0,0.0,0.0,3.46,3.72,0.0
20220106:2110,0.0,0.0,0.0,0.0,3.38,4.14,0.0
20220106:2210,0.0,0.0,0.0,0.0,3.33,4.55,0.0
20220106:2310,0.0,0.0,0.0,0.0,3.27,4.83,0.0
20220107:0010,0.0,0.0,0.0,0.0,2.99,5.1,0.0
20220107:0110,0.0,0.0,0.0,0.0,2.43,5.17,0.0
20220107:0210,0.0,0.0,0.0,0.0,2.06,5.24,0.0
20220107:0310,0.0,0.0,0.0,0.0,2.34,5.24,0.0
20220107:0410,0.0,0.0,0.0,0.0,2.74,5.17,0.0
20220107:0510,0.0,0.0,0.0,0.0,3.09,4.97,0.0
20220107:0610,0.0,0.0,0.0,0.0,3.31,4.55,0.0
20220107:0710,0.0,0.0,0.0,0.0,3.59,4.41,0.0
20220107:0810,1.0,11.83,0.0,2.94,3.59,4.21,0.0
20220107:0910,2.0,55.0,0.0,9.89,3.77,4.14,0.0
20220107:1010,90.01,107.0,0.0,15.13,4.82,3.72,0.0
20220107:1110,72.0,144.0,0.0,18.24,5.82,5.38,0.0
20220107:1210,67.0,151.0,0.0,18.92,6.62,6.48,0.0
20220107:1310,109.01,119.0,0.0,17.09,7.11,6.97,0.0
20220107:1410,84.01,85.0,0.0,12.95,7.28,6.07,0.0
20220107:1510,29.0,44.0,0.0,6.86,6.97,5.31,0.0
20220107:1610,0.0,0.0,0.0,0.0,6.47,5.1,0.0
20220107:1710,0.0,0.0,0.0,0.0,5.89,5.66,0.0
20220107:1810,0.0,0.0,0.0,0.0,5.17,7.24,0.0
20220107:1910,0.0,0.0,0.0,0.0,4.87,6.48,0.0
20220107:2010,0.0,0.0,0.0,0.0,5.37,6.97,0.0
20220107:2110,0.0,0.0,0.0,0.0,6.29,6.97,0.0
20220107:2210,0.0,0.0,0.0,0.0,6.14,7.59,0.0
20220107:2310,0.0,0.0,0.0,0.0,5.33,6.97,0.0
20220108:0010,0.0,0.0,0.0,0.0,4.48,5.31,0.0
20220108:0110,0.0,0.0,0.0,0.0,4.08,3.93,0.0
20220108:0210,0.0,0.0,0.0,0.0,3.42,2.83,0.0
20220108:0310,0.0,0.0,0.0,0.0,2.76,2.62,0.0
20220108:0410,0.0,0.0,0.0,0.0,2.34,2.55,0.0
20220108:0510,0.0,0.0,0.0,0.0,2.58,2.55,0.0
20220108:0610,0.0,0.0,0.0,0.0,3.09,2.69,0.0
20220108:0710,0.0,0.0,0.0,0.0,3.63,2.97,0.0
20220108:0810,3.0,14.39,0.0,3.0,4.46,3.45,0.0
20220108:0910,15.0,72.0,0.0,9.96,5.38,3.79,0.0
20220108:1010,6.0,102.0,0.0,15.23,6.68,4.41,0.0
20220108:1110,0.0,83.0,0.0,18.36,7.63,4.83,0.0
20220108:1210,11.0,136.0,0.0,19.06,7.83,5.79,0.0
20220108:1310,0.0,55.0,0.0,17.24,8.08,6.21,0.0
20220108:1410,0.0,61.0,0.0,13.1,8.15,6.76,0.0
20220108:1510,2.0,40.0,0.0,7.02,8.07,7.45,0.0
20220108:1610,0.0,0.0,0.0,0.0,7.94,7.86,0.0
20220108:1710,0.0,0.0,0.0,0.0,7.89,7.72,0.0
20220108:1810,0.0,0.0,0.0,0.0,7.94,8.07,0.0
20220108:1910,0.0,0.0,0.0,0.0,8.88,8.41,0.0
20220108:2010,0.0,0.0,0.0,0.0,8.09,7.38,0.0
20220108:2110,0.0,0.0,0.0,0.0,7.02,7.45,0.0
20220108:2210,0.0,0.0,0.0,0.0,6.14,7.45,0.0
20220108:2310,0.0,0.0,0.0,0.0,5.77,7.52,0.0
20220109:0010,0.0,0.0,0.0,0.0,5.72,6.97,0.0
20220109:0110,0.0,0.0,0.0,0.0,5.5,6.62,0.0
20220109:0210,0.0,0.0,0.0,0.0,5.13,6.0,0.0
20220109:0310,0.0,0.0,0.0,0.0,5.1,5.66,0.0
20220109:0410,0.0,0.0,0.0,0.0,4.95,5.1,0.0
20220109:0510,0.0,0.0,0.0,0.0,4.46,5.03,0.0
20220109:0610,0.0,0.0,0.0,0.0,4.15,4.9,0.0
20220109:0710,0.0,0.0,0.0,0.0,4.4,4.41,0.0
20220109:0810,10.0,13.88,0.0,3.06,3.79,4.0,0.0
20220109:0910,74.01,59.0,0.0,10.05,4.23,4.0,0.0
20220109:1010,0.0,47.0,0.0,15.33,5.02,3.59,0.0
20220109:1110,0.0,40.0,0.0,18.48,5.94,3.86,0.0
20220109:1210,21.0,149.0,0.0,19.2,6.83,4.48,0.0
20220109:1310,0.0,63.0,0.0,17.4,7.24,4.62,0.0
20220109:1410,30.0,102.0,0.0,13.27,6.99,4.34,0.0
20220109:1510,50.0,38.0,0.0,7.19,6.41,4.28,0.0
20220109:1610,0.0,0.0,0.0,0.0,5.82,2.97,0.0
20220109:1710,0.0,0.0,0.0,0.0,4.96,2.62,0.0
20220109:1810,0.0,0.0,0.0,0.0,4.68,2.41,0.0
20220109:1910,0.0,0.0,0.0,0.0,4.27,1.93,0.0
20220109:2010,0.0,0.0,0.0,0.0,3.51,2.14,0.0
20220109:2110,0.0,0.0,0.0,0.0,2.93,2.07,0.0
20220109:2210,0.0,0.0,0.0,0.0,2.52,1.93,0.0
20220109:2310,0.0,0.0,0.0,0.0,2.1,1.79,0.0
20220110:0010,0.0,0.0,0.0,0.0,1.94,1.45,0.0
20220110:0110,0.0,0.0,0.0,0.0,1.86,1.24,0.0
20220110:0210,0.0,0.0,0.0,0.0,2.67,0.69,0.0
20220110:0310,0.0,0.0,0.0,0.0,2.09,0.83,0.0
20220110:0410,0.0,0.0,0.0,0.0,2.39,0.55,0.0
20220110:0510,0.0,0.0,0.0,0.0,2.37,0.34,0.0
20220110:0610,0.0,0.0,0.0,0.0,1.38,1.03,0.0
20220110:0710,0.0,0.0,0.0,0.0,0.59,1.31,0.0
20220110:0810,0.0,5.0,0.0,3.13,1.27,1.31,0.0
20220110:0910,0.0,34.0,0.0,10.14,2.25,1.86,0.0
20220110:1010,0.0,54.0,0.0,15.44,3.4,2.62,0.0
20220110:1110,3.0,118.0,0.0,18.61,4.3,2.55,0.0
20220110:1210,0.0,73.0,0.0,19.35,4.9,2.62,0.0
20220110:1310,19.0,133.0,0.0,17.56,5.22,2.41,0.0
20220110:1410,20.0,101.0,0.0,13.44,5.38,2.14,0.0
20220110:1510,42.0,44.0,0.0,7.36,5.33,2.21,0.0
20220110:1610,0.0,0.0,0.0,0.0,4.88,2.14,0.0
20220110:1710,0.0,0.0,0.0,0.0,4.38,2.0,0.0
20220110:1810,0.0,0.0,0.0,0.0,4.05,2.0,0.0
20220110:1910,0.0,0.0,0.0,0.0,4.38,1.86,0.0
20220110:2010,0.0,0.0,0.0,0.0,3.6,2.0,0.0
20220110:2110,0.0,0.0,0.0,0.0,2.88,2.0,0.0
20220110:2210,0.0,0.0,0.0,0.0,2.25,1.93,0.0
20220110:2310,0.0,0.0,0.0,0.0,1.87,2.0,0.0
20220111:0010,0.0,0.0,0.0,0.0,1.39,2.0,0.0
20220111:0110,0.0,0.0,0.0,0.0,1.32,1.86,0.0
20220111:0210,0.0,0.0,0.0,0.0,1.08,1.72,0.0
20220111:0310,0.0,0.0,0.0,0.0,0.67,1.72,0.0
20220111:0410,0.0,0.0,0.0,0.0,-0.14,1.79,0.0
20220111:0510,0.0,0.0,0.0,0.0,-1.13,1.93,0.0
20220111:0610,0.0,0.0,0.0,0.0,-1.78,1.93,0.0
20220111:0710,0.0,0.0,0.0,0.0,-2.3,1.79,0.0
20220111:0810,7.0,16.41,0.0,3.21,-2.75,1.79,0.0
20220111:0910,110.01,45.0,0.0,10.23,-1.49,1.45,0.0
20220111:1010,21.0,122.0,0.0,15.56,0.99,1.45,0.0
20220111:1110,19.0,145.0,0.0,18.75,2.86,1.24,0.0
20220111:1210,13.0,145.0,0.0,19.5,4.34,0.83,0.0
20220111:1310,17.0,135.0,0.0,17.73,5.36,0.62,0.0
20220111:1410,37.0,106.0,0.0,13.61,5.75,0.76,0.0
20220111:1510,20.0,52.0,0.0,7.54,5.54,0.83,0.0
20220111:1610,0.0,0.0,0.0,0.0,4.56,1.31,0.0
20220111:1710,0.0,0.0,0.0,0.0,2.68,1.59,0.0
20220111:1810,0.0,0.0,0.0,0.0,1.04,1.59,0.0
20220111:1910,0.0,0.0,0.0,0.0,-0.07,1.17,0.0
20220111:2010,0.0,0.0,0.0,0.0,-0.85,1.24,0.0
20220111:2110,0.0,0.0,0.0,0.0,-1.49,1.38,0.0
20220111:2210,0.0,0.0,0.0,0.0,-1.89,1.45,0.0
20220111:2310,0.0,0.0,0.0,0.0,-1.97,1.38,0.0
20220112:0010,0.0,0.0,0.0,0.0,-2.01,1.31,0.0
20220112:0110,0.0,0.0,0.0,0.0,-2.01,1.24,0.0
20220112:0210,0.0,0.0,0.0,0.0,-2.04,1.31,0.0
20220112:0310,0.0,0.0,0.0,0.0,-1.71,1.17,0.0
20220112:0410,0.0,0.0,0.0,0.0,-1.75,1.17,0.0
20220112:0510,0.0,0.0,0.0,0.0,-1.72,1.17,0.0
20220112:0610,0.0,0.0,0.0,0.0,-1.96,1.24,0.0
20220112:0710,0.0,0.0,0.0,0.0,-2.28,0.76,0.0
20220112:0810,1.0,16.79,0.0,3.29,-1.77,0.69,0.0
20220112:0910,6.0,69.0,0.0,10.33,-0.87,0.83,0.0
20220112:1010,4.0,101.0,0.0,15.68,0.29,1.24,0.0
20220112:1110,15.0,141.0,0.0,18.9,1.55,1.31,0.0
20220112:1210,117.01,142.0,0.0,19.67,2.43,1.1,0.0
20220112:1310,26.0,140.0,0.0,17.9,3.0,1.1,0.0
20220112:1410,7.0,94.0,0.0,13.79,3.26,1.17,0.0
20220112:1510,6.0,50.0,0.0,7.72,3.29,1.45,0.0
20220112:1610,0.0,0.0,0.0,0.0,2.99,1.52,0.0
20220112:1710,0.0,0.0,0.0,0.0,2.83,1.52,0.0
20220112:1810,0.0,0.0,0.0,0.0,2.74,1.86,0.0
20220112:1910,0.0,0.0,0.0,0.0,2.94,2.0,0.0
20220112:2010,0.0,0.0,0.0,0.0,2.97,2.41,0.0
20220112:2110,0.0,0.0,0.0,0.0,2.97,2.48,0.0
20220112:2210,0.0,0.0,0.0,0.0,2.71,2.62,0.0
20220112:2310,0.0,0.0,0.0,0.0,2.24,2.48,0.0
20220113:0010,0.0,0.0,0.0,0.0,1.87,2.34,0.0
20220113:0110,0.0,0.0,0.0,0.0,1.59,2.48,0.0
20220113:0210,0.0,0.0,0.0,0.0,1.55,2.41,0.0
20220113:0310,0.0,0.0,0.0,0.0,1.29,2.28,0.0
20220113:0410,0.0,0.0,0.0,0.0,1.07,2.28,0.0
20220113:0510,0.0,0.0,0.0,0.0,0.93,2.41,0.0
20220113:0610,0.0,0.0,0.0,0.0,0.74,2.41,0.0
20220113:0710,0.0,0.0,0.0,0.0,0.81,2.0,0.0
20220113:0810,0.0,13.0,0.0,3.38,0.61,2.0,0.0
20220113:0910,2.0,60.0,0.0,10.44,1.08,2.41,0.0
20220113:1010,0.0,71.0,0.0,15.81,1.99,2.62,0.0
20220113:1110,3.0,121.0,0.0,19.05,2.92,2.62,0.0
20220113:1210,14.0,146.0,0.0,19.83,3.83,2.62,0.0
20220113:1310,24.0,141.0,0.0,18.08,4.78,2.55,0.0
20220113:1410,55.0,105.0,0.0,13.98,5.46,2.69,0.0
20220113:1510,44.0,48.0,0.0,7.91,5.53,2.62,0.0
20220113:1610,0.0,0.0,0.0,0.0,4.42,2.41,0.0
20220113:1710,0.0,0.0,0.0,0.0,3.12,2.48,0.0
20220113:1810,0.0,0.0,0.0,0.0,2.25,2.28,0.0
20220113:1910,0.0,0.0,0.0,0.0,1.83,2.21,0.0
20220113:2010,0.0,0.0,0.0,0.0,1.3,2.21,0.0
20220113:2110,0.0,0.0,0.0,0.0,0.9,2.28,0.0
20220113:2210,0.0,0.0,0.0,0.0,0.7,2.34,0.0
20220113:2310,0.0,0.0,0.0,0.0,0.51,2.28,0.0
20220114:0010,0.0,0.0,0.0,0.0,0.23,2.14,0.0
20220114:0110,0.0,0.0,0.0,0.0,-0.09,2.0,0.0
20220114:0210,0.0,0.0,0.0,0.0,-0.53,1.86,0.0
20220114:0310,0.0,0.0,0.0,0.0,-1.04,1.79,0.0
20220114:0410,0.0,0.0,0.0,0.0,-1.48,1.86,0.0
20220114:0510,0.0,0.0,0.0,0.0,-1.63,2.0,0.0
20220114:0610,0.0,0.0,0.0,0.0,-1.6,2.07,0.0
20220114:0710,0.0,0.0,0.0,0.0,-1.82,1.86,0.0
20220114:0810,16.0,14.64,0.0,3.48,-2.07,1.72,0.0
20220114:0910,92.01,54.0,0.0,10.56,-0.76,1.24,0.0
20220114:1010,174.01,71.0,0.0,15.95,1.45,1.31,0.0
20220114:1110,244.01,71.0,0.0,19.21,3.08,1.38,0.0
20220114:1210,247.01,78.0,0.0,20.01,4.52,1.59,0.0
20220114:1310,197.01,85.0,0.0,18.27,5.6,1.72,0.0
20220114:1410,154.01,62.0,0.0,14.17,6.14,1.79,0.0
20220114:1510,57.01,44.0,0.0,8.1,6.0,1.45,0.0
20220114:1610,0.0,0.0,0.0,0.0,5.0,1.79,0.0
20220114:1710,0.0,0.0,0.0,0.0,3.51,2.0,0.0
20220114:1810,0.0,0.0,0.0,0.0,2.21,1.93,0.0
20220114:1910,0.0,0.0,0.0,0.0,1.12,1.72,0.0
20220114:2010,0.0,0.0,0.0,0.0,0.08,1.72,0.0
20220114:2110,0.0,0.0,0.0,0.0,-0.44,1.59,0.0
20220114:2210,0.0,0.0,0.0,0.0,-0.7,1.45,0.0
20220114:2310,0.0,0.0,0.0,0.0,-0.5,1.1,0.0
20220115:0010,0.0,0.0,0.0,0.0,0.17,0.83,0.0
20220115:0110,0.0,0.0,0.0,0.0,-0.11,0.69,0.0
20220115:0210,0.0,0.0,0.0,0.0,-0.34,0.62,0.0
20220115:0310,0.0,0.0,0.0,0.0,-1.12,0.83,0.0
20220115:0410,0.0,0.0,0.0,0.0,-1.89,0.76,0.0
20220115:0510,0.0,0.0,0.0,0.0,-1.75,0.69,0.0
20220115:0610,0.0,0.0,0.0,0.0,-2.34,0.69,0.0
20220115:0710,0.0,0.0,0.0,0.0,-2.16,0.76,0.0
20220115:0810,18.0,14.33,0.0,3.58,-2.31,0.69,0.0
20220115:0910,95.01,55.0,0.0,10.68,-1.73,0.41,0.0
20220115:1010,181.01,70.0,0.0,16.09,-0.81,0.21,0.0
20220115:1110,250.01,70.0,0.0,19.37,0.49,0.07,0.0
20220115:1210,257.01,75.0,0.0,20.19,1.58,0.21,0.0
20220115:1310,204.01,84.0,0.0,18.46,2.23,0.48,0.0
20220115:1410,155.01,64.0,0.0,14.37,2.6,0.62,0.0
20220115:1510,73.01,39.0,0.0,8.3,2.58,0.83,0.0
20220115:1610,0.0,0.0,0.0,0.0,2.11,1.1,0.0
20220115:1710,0.0,0.0,0.0,0.0,1.44,1.38,0.0
20220115:1810,0.0,0.0,0.0,0.0,1.05,1.86,0.0
20220115:1910,0.0,0.0,0.0,0.0,1.67,2.0,0.0
20220115:2010,0.0,0.0,0.0,0.0,1.48,2.14,0.0
20220115:2110,0.0,0.0,0.0,0.0,1.16,2.69,0.0
20220115:2210,0.0,0.0,0.0,0.0,0.94,2.69,0.0
20220115:2310,0.0,0.0,0.0,0.0,0.73,2.41,0.0
20220116:0010,0.0,0.0,0.0,0.0,0.68,2.48,0.0
20220116:0110,0.0,0.0,0.0,0.0,0.77,1.93,0.0
20220116:0210,0.0,0.0,0.0,0.0,0.9,1.66,0.0
20220116:0310,0.0,0.0,0.0,0.0,1.03,1.66,0.0
20220116:0410,0.0,0.0,0.0,0.0,1.19,1.93,0.0
20220116:0510,0.0,0.0,0.0,0.0,0.96,2.07,0.0
20220116:0610,0.0,0.0,0.0,0.0,1.11,2.21,0.0
20220116:0710,0.0,0.0,0.0,0.0,-0.03,2.41,0.0
20220116:0810,1.0,17.8,0.0,3.69,-0.02,2.62,0.0
20220116:0910,3.0,66.0,0.0,10.81,0.88,2.55,0.0
20220116:1010,26.0,127.0,0.0,16.25,2.03,3.24,0.0
20220116:1110,5.0,131.0,0.0,19.55,3.23,3.52,0.0
20220116:1210,0.0,42.0,0.0,20.38,4.34,4.28,0.0
20220116:1310,0.0,48.0,0.0,18.66,4.78,4.55,0.0
20220116:1410,0.0,50.0,0.0,14.57,4.8,4.34,0.0
20220116:1510,1.0,42.0,0.0,8.5,4.77,3.93,0.0
20220116:1610,0.0,0.0,0.0,0.0,4.65,3.66,0.0
20220116:1710,0.0,0.0,0.0,0.0,4.56,3.52,0.0
20220116:1810,0.0,0.0,0.0,0.0,4.5,3.31,0.0
20220116:1910,0.0,0.0,0.0,0.0,3.9,2.83,0.0
20220116:2010,0.0,0.0,0.0,0.0,3.94,2.83,0.0
20220116:2110,0.0,0.0,0.0,0.0,4.12,2.62,0.0
20220116:2210,0.0,0.0,0.0,0.0,4.25,2.41,0.0
20220116:2310,0.0,0.0,0.0,0.0,4.43,2.07,0.0
20220117:0010,0.0,0.0,0.0,0.0,4.54,1.72,0.0
20220117:0110,0.0,0.0,0.0,0.0,4.58,1.52,0.0
20220117:0210,0.0,0.0,0.0,0.0,4.38,1.52,0.0
20220117:0310,0.0,0.0,0.0,0.0,4.37,1.38,0.0
20220117:0410,0.0,0.0,0.0,0.0,4.51,1.24,0.0
20220117:0510,0.0,0.0,0.0,0.0,4.5,1.24,0.0
20220117:0610,0.0,0.0,0.0,0.0,4.51,1.24,0.0
20220117:0710,0.0,0.0,0.0,0.0,4.65,1.24,0.0
20220117:0810,6.0,20.59,0.0,3.81,4.71,1.17,0.0
20220117:0910,30.0,81.0,0.0,10.95,5.11,1.03,0.0
20220117:1010,22.0,126.0,0.0,16.41,5.35,1.1,0.0
20220117:1110,0.0,104.0,0.0,19.73,5.93,1.1,0.0
20220117:1210,1.0,112.0,0.0,20.58,6.33,1.45,0.0
20220117:1310,0.0,56.0,0.0,18.87,6.74,1.79,0.0
20220117:1410,0.0,44.0,0.0,14.78,6.96,1.66,0.0
20220117:1510,0.0,35.0,0.0,8.71,7.09,1.52,0.0
20220117:1610,0.0,0.0,0.0,0.0,6.72,1.1,0.0
20220117:1710,0.0,0.0,0.0,0.0,5.93,1.03,0.0
20220117:1810,0.0,0.0,0.0,0.0,4.87,1.17,0.0
20220117:1910,0.0,0.0,0.0,0.0,4.89,1.59,0.0
20220117:2010,0.0,0.0,0.0,0.0,4.24,1.93,0.0
20220117:2110,0.0,0.0,0.0,0.0,4.07,1.72,0.0
20220117:2210,0.0,0.0,0.0,0.0,3.28,2.21,0.0
20220117:2310,0.0,0.0,0.0,0.0,3.12,2.14,0.0
20220118:0010,0.0,0.0,0.0,0.0,2.69,2.34,0.0
20220118:0110,0.0,0.0,0.0,0.0,2.41,2.07,0.0
20220118:0210,0.0,0.0,0.0,0.0,2.34,1.86,0.0
20220118:0310,0.0,0.0,0.0,0.0,2.25,1.93,0.0
20220118:0410,0.0,0.0,0.0,0.0,2.26,2.14,0.0
20220118:0510,0.0,0.0,0.0,0.0,2.65,2.28,0.0
20220118:0610,0.0,0.0,0.0,0.0,3.06,2.41,0.0
20220118:0710,0.0,0.0,0.0,0.0,3.12,2.41,0.0
20220118:0810,5.0,21.81,0.0,3.93,3.42,2.62,0.0
20220118:0910,90.01,62.0,0.0,11.09,4.32,2.76,0.0
20220118:1010,168.01,83.0,0.0,16.57,5.68,3.79,0.0
20220118:1110,216.01,96.0,0.0,19.91,6.66,4.14,0.0
20220118:1210,196.01,117.0,0.0,20.78,7.41,4.34,0.0
20220118:1310,178.01,107.0,0.0,19.08,7.73,4.34,0.0
20220118:1410,148.01,75.0,0.0,15.0,7.66,4.07,0.0
20220118:1510,71.01,47.0,0.0,8.92,7.26,3.38,0.0
20220118:1610,0.0,0.0,0.0,0.0,6.89,2.28,0.0
20220118:1710,0.0,0.0,0.0,0.0,6.41,2.0,0.0
20220118:1810,0.0,0.0,0.0,0.0,5.99,2.14,0.0
20220118:1910,0.0,0.0,0.0,0.0,5.23,2.62,0.0
20220118:2010,0.0,0.0,0.0,0.0,4.55,2.69,0.0
20220118:2110,0.0,0.0,0.0,0.0,3.88,2.41,0.0
20220118:2210,0.0,0.0,0.0,0.0,3.14,2.21,0.0
20220118:2310,0.0,0.0,0.0,0.0,2.28,2.07,0.0
20220119:0010,0.0,0.0,0.0,0.0,1.65,1.86,0.0
20220119:0110,0.0,0.0,0.0,0.0,1.03,1.45,0.0
20220119:0210,0.0,0.0,0.0,0.0,0.79,0.83,0.0
20220119:0310,0.0,0.0,0.0,0.0,1.43,0.07,0.0
20220119:0410,0.0,0.0,0.0,0.0,0.59,0.76,0.0
20220119:0510,0.0,0.0,0.0,0.0,0.68,1.45,0.0
20220119:0610,0.0,0.0,0.0,0.0,1.3,1.86,0.0
20220119:0710,0.0,0.0,0.0,0.0,3.22,1.86,0.0
20220119:0810,0.0,7.0,0.0,4.06,3.65,1.93,0.0
20220119:0910,0.0,31.0,0.0,11.24,4.25,1.86,0.0
20220119:1010,0.0,41.0,0.0,16.74,5.04,2.69,0.0
20220119:1110,0.0,47.0,0.0,20.11,5.77,2.55,0.0
20220119:1210,0.0,55.0,0.0,20.99,6.26,2.69,0.0
20220119:1310,0.0,48.0,0.0,19.3,6.96,3.38,0.0
20220119:1410,0.0,47.0,0.0,15.22,7.07,2.97,0.0
20220119:1510,11.0,62.0,0.0,9.14,6.85,2.76,0.0
20220119:1610,0.0,0.0,0.0,0.0,6.51,2.76,0.0
20220119:1710,0.0,0.0,0.0,0.0,6.11,2.97,0.0
20220119:1810,0.0,0.0,0.0,0.0,6.02,3.17,0.0
20220119:1910,0.0,0.0,0.0,0.0,5.96,3.38,0.0
20220119:2010,0.0,0.0,0.0,0.0,5.75,3.38,0.0
20220119:2110,0.0,0.0,0.0,0.0,5.73,3.45,0.0
20220119:2210,0.0,0.0,0.0,0.0,5.77,3.45,0.0
20220119:2310,0.0,0.0,0.0,0.0,5.84,3.17,0.0
20220120:0010,0.0,0.0,0.0,0.0,5.84,2.83,0.0
20220120:0110,0.0,0.0,0.0,0.0,5.43,2.76,0.0
20220120:0210,0.0,0.0,0.0,0.0,4.91,2.76,0.0
20220120:0310,0.0,0.0,0.0,0.0,3.98,2.62,0.0
20220120:0410,0.0,0.0,0.0,0.0,3.23,2.55,0.0
20220120:0510,0.0,0.0,0.0,0.0,2.45,2.34,0.0
20220120:0610,0.0,0.0,0.0,0.0,1.53,2.41,0.0
20220120:0710,0.0,0.0,0.0,0.0,1.42,2.41,0.0
20220120:0810,22.0,17.31,0.0,4.2,1.14,2.48,0.0
20220120:0910,21.0,86.0,0.0,11.4,2.11,2.21,0.0
20220120:1010,40.0,135.0,0.0,16.92,3.78,3.03,0.0
20220120:1110,55.0,165.0,0.0,20.31,4.89,3.24,0.0
20220120:1210,45.0,173.0,0.0,21.21,5.54,3.59,0.0
20220120:1310,0.0,49.0,0.0,19.52,5.78,3.86,0.0
20220120:1410,129.01,91.0,0.0,15.44,5.74,3.93,0.0
20220120:1510,0.0,35.0,0.0,9.36,5.45,3.93,0.0
20220120:1610,0.0,1.0,0.0,1.73,4.69,3.17,0.0
20220120:1710,0.0,0.0,0.0,0.0,3.7,3.17,0.0
20220120:1810,0.0,0.0,0.0,0.0,3.04,3.38,0.0
20220120:1910,0.0,0.0,0.0,0.0,2.8,3.24,0.0
20220120:2010,0.0,0.0,0.0,0.0,2.23,3.38,0.0
20220120:2110,0.0,0.0,0.0,0.0,2.02,3.38,0.0
20220120:2210,0.0,0.0,0.0,0.0,1.6,3.38,0.0
20220120:2310,0.0,0.0,0.0,0.0,1.11,3.38,0.0
20220121:0010,0.0,0.0,0.0,0.0,0.77,3.31,0.0
20220121:0110,0.0,0.0,0.0,0.0,0.42,3.1,0.0
20220121:0210,0.0,0.0,0.0,0.0,0.07,2.97,0.0
20220121:0310,0.0,0.0,0.0,0.0,-0.19,2.9,0.0
20220121:0410,0.0,0.0,0.0,0.0,-0.19,2.9,0.0
20220121:0510,0.0,0.0,0.0,0.0,0.19,2.83,0.0
20220121:0610,0.0,0.0,0.0,0.0,0.72,2.97,0.0
20220121:0710,0.0,0.0,0.0,0.0,0.24,2.76,0.0
20220121:0810,6.0,23.6,0.0,4.34,0.6,2.55,0.0
20220121:0910,11.0,82.0,0.0,11.56,1.83,2.21,0.0
20220121:1010,8.0,120.0,0.0,17.11,3.06,2.76,0.0
20220121:1110,9.0,145.0,0.0,20.51,3.87,3.03,0.0
20220121:1210,7.0,148.0,0.0,21.43,4.43,3.17,0.0
20220121:1310,14.0,145.0,0.0,19.75,4.58,2.97,0.0
20220121:1410,53.0,121.0,0.0,15.67,5.06,3.17,0.0
20220121:1510,26.0,69.0,0.0,9.58,5.19,3.17,0.0
20220121:1610,0.0,1.0,0.0,1.95,4.87,2.28,0.0
20220121:1710,0.0,0.0,0.0,0.0,3.97,2.07,0.0
20220121:1810,0.0,0.0,0.0,0.0,3.54,2.14,0.0
20220121:1910,0.0,0.0,0.0,0.0,2.85,2.28,0.0
20220121:2010,0.0,0.0,0.0,0.0,2.19,2.28,0.0
20220121:2110,0.0,0.0,0.0,0.0,1.69,2.28,0.0
20220121:2210,0.0,0.0,0.0,0.0,0.97,2.28,0.0
20220121:2310,0.0,0.0,0.0,0.0,0.41,2.21,0.0
20220122:0010,0.0,0.0,0.0,0.0,0.16,2.14,0.0
20220122:0110,0.0,0.0,0.0,0.0,0.36,2.14,0.0
20220122:0210,0.0,0.0,0.0,0.0,0.57,2.14,0.0
20220122:0310,0.0,0.0,0.0,0.0,1.31,1.93,0.0
20220122:0410,0.0,0.0,0.0,0.0,1.6,1.72,0.0
20220122:0510,0.0,0.0,0.0,0.0,1.72,1.66,0.0
20220122:0610,0.0,0.0,0.0,0.0,1.84,1.52,0.0
20220122:0710,0.0,0.0,0.0,0.0,1.95,1.86,0.0
20220122:0810,1.0,22.79,0.0,4.49,1.69,1.79,0.0
20220122:0910,1.0,63.0,0.0,11.73,2.46,1.66,0.0
20220122:1010,0.0,88.0,0.0,17.3,3.92,1.93,0.0
20220122:1110,0.0,103.0,0.0,20.72,5.07,2.34,0.0
20220122:1210,0.0,89.0,0.0,21.66,5.71,2.0,0.0
20220122:1310,0.0,102.0,0.0,19.99,6.09,1.93,0.0
20220122:1410,0.0,82.0,0.0,15.91,6.3,1.86,0.0
20220122:1510,5.0,63.0,0.0,9.81,6.24,1.79,0.0
20220122:1610,0.0,2.0,0.0,2.17,5.97,1.31,0.0
20220122:1710,0.0,0.0,0.0,0.0,5.45,1.24,0.0
20220122:1810,0.0,0.0,0.0,0.0,5.08,1.17,0.0
20220122:1910,0.0,0.0,0.0,0.0,3.94,1.52,0.0
20220122:2010,0.0,0.0,0.0,0.0,3.76,1.45,0.0
20220122:2110,0.0,0.0,0.0,0.0,3.49,1.52,0.0
20220122:2210,0.0,0.0,0.0,0.0,3.13,1.52,0.0
20220122:2310,0.0,0.0,0.0,0.0,3.28,1.31,0.0
20220123:0010,0.0,0.0,0.0,0.0,3.31,1.24,0.0
20220123:0110,0.0,0.0,0.0,0.0,3.04,1.38,0.0
20220123:0210,0.0,0.0,0.0,0.0,3.04,1.31,0.0
20220123:0310,0.0,0.0,0.0,0.0,2.98,1.31,0.0
20220123:0410,0.0,0.0,0.0,0.0,2.76,1.59,0.0
20220123:0510,0.0,0.0,0.0,0.0,2.43,1.93,0.0
20220123:0610,0.0,0.0,0.0,0.0,2.47,2.0,0.0
20220123:0710,0.0,0.0,0.0,0.0,2.84,1.72,0.0
20220123:0810,1.0,22.8,0.0,4.65,2.57,1.66,0.0
20220123:0910,0.0,38.0,0.0,11.91,3.38,1.66,0.0
20220123:1010,0.0,49.0,0.0,17.5,3.85,2.55,0.0
20220123:1110,0.0,62.0,0.0,20.94,4.1,2.9,0.0
20220123:1210,0.0,66.0,0.0,21.89,4.49,2.76,0.0
20220123:1310,0.0,60.0,0.0,20.23,4.76,2.41,0.0
20220123:1410,0.0,70.0,0.0,16.15,5.02,2.28,0.0
20220123:1510,2.0,58.0,0.0,10.05,5.02,2.34,0.0
20220123:1610,0.0,2.0,0.0,2.4,4.95,2.28,0.0
20220123:1710,0.0,0.0,0.0,0.0,4.6,1.86,0.0
20220123:1810,0.0,0.0,0.0,0.0,4.28,1.86,0.0
20220123:1910,0.0,0.0,0.0,0.0,3.96,2.21,0.0
20220123:2010,0.0,0.0,0.0,0.0,4.01,2.21,0.0
20220123:2110,0.0,0.0,0.0,0.0,3.73,1.93,0.0
20220123:2210,0.0,0.0,0.0,0.0,3.55,1.86,0.0
20220123:2310,0.0,0.0,0.0,0.0,3.0,1.93,0.0
20220124:0010,0.0,0.0,0.0,0.0,2.26,2.14,0.0
20220124:0110,0.0,0.0,0.0,0.0,1.52,2.28,0.0
20220124:0210,0.0,0.0,0.0,0.0,1.16,2.14,0.0
20220124:0310,0.0,0.0,0.0,0.0,0.4,2.14,0.0
20220124:0410,0.0,0.0,0.0,0.0,-0.24,2.21,0.0
20220124:0510,0.0,0.0,0.0,0.0,-0.74,2.21,0.0
20220124:0610,0.0,0.0,0.0,0.0,-1.17,2.21,0.0
20220124:0710,0.0,0.0,0.0,0.0,-1.32,2.21,0.0
20220124:0810,35.0,15.48,0.0,4.81,-1.46,2.14,0.0
20220124:0910,115.01,61.0,0.0,12.09,-0.07,1.72,0.0
20220124:1010,196.01,83.0,0.0,17.7,1.96,1.86,0.0
20220124:1110,244.01,97.0,0.0,21.17,3.67,1.79,0.0
20220124:1210,222.01,120.0,0.0,22.13,5.08,1.79,0.0
20220124:1310,192.01,117.0,0.0,20.47,6.13,1.86,0.0
20220124:1410,182.01,74.0,0.0,16.39,6.72,2.0,0.0
20220124:1510,95.01,50.0,0.0,10.28,6.74,1.86,0.0
20220124:1610,0.0,7.0,0.0,2.63,5.89,1.72,0.0
20220124:1710,0.0,0.0,0.0,0.0,4.38,2.07,0.0
20220124:1810,0.0,0.0,0.0,0.0,2.94,2.0,0.0
20220124:1910,0.0,0.0,0.0,0.0,1.4,1.72,0.0
20220124:2010,0.0,0.0,0.0,0.0,0.29,1.52,0.0
20220124:2110,0.0,0.0,0.0,0.0,-0.31,1.45,0.0
20220124:2210,0.0,0.0,0.0,0.0,-0.95,1.45,0.0
20220124:2310,0.0,0.0,0.0,0.0,-1.07,1.31,0.0
20220125:0010,0.0,0.0,0.0,0.0,-0.13,0.97,0.0
20220125:0110,0.0,0.0,0.0,0.0,-1.01,0.28,0.0
20220125:0210,0.0,0.0,0.0,0.0,-1.93,0.41,0.0
20220125:0310,0.0,0.0,0.0,0.0,-2.31,0.62,0.0
20220125:0410,0.0,0.0,0.0,0.0,-2.4,0.48,0.0
20220125:0510,0.0,0.0,0.0,0.0,-2.33,0.28,0.0
20220125:0610,0.0,0.0,0.0,0.0,-2.36,0.0,0.0
20220125:0710,0.0,0.0,0.0,0.0,-1.92,0.62,0.0
20220125:0810,3.0,28.29,0.0,4.98,-1.61,0.83,0.0
20220125:0910,1.0,70.0,0.0,12.28,-0.91,0.9,0.0
20220125:1010,0.0,87.0,0.0,17.91,-0.07,0.9,0.0
20220125:1110,0.0,87.0,0.0,21.4,0.73,1.1,0.0
20220125:1210,0.0,72.0,0.0,22.37,1.27,1.31,0.0
20220125:1310,0.0,73.0,0.0,20.72,1.66,1.45,0.0
20220125:1410,0.0,60.0,0.0,16.64,1.91,1.59,0.0
20220125:1510,1.0,55.0,0.0,10.53,1.98,1.52,0.0
20220125:1610,0.0,3.0,0.0,2.86,1.89,1.38,0.0
20220125:1710,0.0,0.0,0.0,0.0,1.52,1.17,0.0
20220125:1810,0.0,0.0,0.0,0.0,1.23,1.1,0.0
20220125:1910,0.0,0.0,0.0,0.0,0.69,0.34,0.0
20220125:2010,0.0,0.0,0.0,0.0,0.63,0.14,0.0
20220125:2110,0.0,0.0,0.0,0.0,0.57,0.41,0.0
20220125:2210,0.0,0.0,0.0,0.0,0.47,0.76,0.0
20220125:2310,0.0,0.0,0.0,0.0,0.44,1.1,0.0
20220126:0010,0.0,0.0,0.0,0.0,0.38,1.31,0.0
20220126:0110,0.0,0.0,0.0,0.0,0.17,1.79,0.0
20220126:0210,0.0,0.0,0.0,0.0,0.06,1.59,0.0
20220126:0310,0.0,0.0,0.0,0.0,0.18,1.03,0.0
20220126:0410,0.0,0.0,0.0,0.0,0.1,0.76,0.0
20220126:0510,0.0,0.0,0.0,0.0,0.18,0.55,0.0
20220126:0610,0.0,0.0,0.0,0.0,0.25,0.48,0.0
20220126:0710,0.0,0.0,0.0,0.0,0.08,0.41,0.0
20220126:0810,2.0,28.54,0.0,5.15,0.13,0.69,0.0
20220126:0910,0.0,52.0,0.0,12.48,0.75,0.69,0.0
20220126:1010,0.0,54.0,0.0,18.13,1.37,0.14,0.0
20220126:1110,0.0,64.0,0.0,21.64,1.96,0.69,0.0
20220126:1210,0.0,74.0,0.0,22.63,2.3,0.9,0.0
20220126:1310,0.0,70.0,0.0,20.98,2.66,1.03,0.0
20220126:1410,0.0,56.0,0.0,16.89,2.77,1.1,0.0
20220126:1510,0.0,52.0,0.0,10.77,2.91,1.17,0.0
20220126:1610,0.0,4.0,0.0,3.1,2.82,0.48,0.0
20220126:1710,0.0,0.0,0.0,0.0,2.57,0.9,0.0
20220126:1810,0.0,0.0,0.0,0.0,2.25,1.1,0.0
20220126:1910,0.0,0.0,0.0,0.0,1.95,1.45,0.0
20220126:2010,0.0,0.0,0.0,0.0,1.57,1.66,0.0
20220126:2110,0.0,0.0,0.0,0.0,1.34,1.86,0.0
20220126:2210,0.0,0.0,0.0,0.0,1.0,2.0,0.0
20220126:2310,0.0,0.0,0.0,0.0,0.89,1.93,0.0
20220127:0010,0.0,0.0,0.0,0.0,0.89,1.86,0.0
20220127:0110,0.0,0.0,0.0,0.0,0.8,1.86,0.0
20220127:0210,0.0,0.0,0.0,0.0,0.98,1.86,0.0
20220127:0310,0.0,0.0,0.0,0.0,0.96,1.93,0.0
20220127:0410,0.0,0.0,0.0,0.0,0.79,2.14,0.0
20220127:0510,0.0,0.0,0.0,0.0,0.81,2.34,0.0
20220127:0610,0.0,0.0,0.0,0.0,0.89,2.55,0.0
20220127:0710,0.0,0.0,0.0,0.0,1.67,2.69,0.0
20220127:0810,2.0,28.56,0.0,5.33,1.99,2.9,0.0
20220127:0910,0.0,31.0,0.0,12.68,2.57,2.83,0.0
20220127:1010,0.0,85.0,0.0,18.36,3.59,3.45,0.0
20220127:1110,7.0,149.0,0.0,21.88,4.61,3.66,0.0
20220127:1210,0.0,91.0,0.0,22.88,5.56,3.72,0.0
20220127:1310,0.0,114.0,0.0,21.24,6.53,3.86,0.0
20220127:1410,2.0,105.0,0.0,17.15,6.91,3.72,0.0
20220127:1510,0.0,46.0,0.0,11.02,7.04,3.59,0.0
20220127:1610,0.0,4.0,0.0,3.34,6.88,3.52,0.0
20220127:1710,0.0,0.0,0.0,0.0,6.73,3.59,0.0
20220127:1810,0.0,0.0,0.0,0.0,6.69,3.59,0.0
20220127:1910,0.0,0.0,0.0,0.0,6.13,3.38,0.0
20220127:2010,0.0,0.0,0.0,0.0,6.18,3.03,0.0
20220127:2110,0.0,0.0,0.0,0.0,6.31,2.83,0.0
20220127:2210,0.0,0.0,0.0,0.0,6.5,2.48,0.0
20220127:2310,0.0,0.0,0.0,0.0,6.65,2.21,0.0
20220128:0010,0.0,0.0,0.0,0.0,6.76,1.93,0.0
20220128:0110,0.0,0.0,0.0,0.0,6.75,1.86,0.0
20220128:0210,0.0,0.0,0.0,0.0,6.67,1.72,0.0
20220128:0310,0.0,0.0,0.0,0.0,6.37,1.66,0.0
20220128:0410,0.0,0.0,0.0,0.0,5.97,1.45,0.0
20220128:0510,0.0,0.0,0.0,0.0,4.99,1.17,0.0
20220128:0610,0.0,0.0,0.0,0.0,4.06,0.9,0.0
20220128:0710,0.0,0.0,0.0,0.0,3.49,0.83,0.0
20220128:0810,10.0,32.42,0.0,5.52,3.8,0.62,0.0
20220128:0910,3.0,80.0,0.0,12.89,4.31,0.62,0.0
20220128:1010,10.0,132.0,0.0,18.58,5.11,0.76,0.0
20220128:1110,0.0,91.0,0.0,22.13,5.81,1.1,0.0
20220128:1210,0.0,72.0,0.0,23.14,6.49,1.45,0.0
20220128:1310,0.0,73.0,0.0,21.51,7.24,1.72,0.0
20220128:1410,0.0,47.0,0.0,17.41,7.74,1.93,0.0
20220128:1510,1.0,62.0,0.0,11.27,7.91,2.21,0.0
20220128:1610,0.0,6.0,0.0,3.58,7.42,1.93,0.0
20220128:1710,0.0,0.0,0.0,0.0,6.55,2.0,0.0
20220128:1810,0.0,0.0,0.0,0.0,6.0,2.0,0.0
20220128:1910,0.0,0.0,0.0,0.0,5.66,1.93,0.0
20220128:2010,0.0,0.0,0.0,0.0,5.72,2.62,0.0
20220128:2110,0.0,0.0,0.0,0.0,5.66,2.9,0.0
20220128:2210,0.0,0.0,0.0,0.0,5.61,2.76,0.0
20220128:2310,0.0,0.0,0.0,0.0,5.47,2.69,0.0
20220129:0010,0.0,0.0,0.0,0.0,5.11,2.69,0.0
20220129:0110,0.0,0.0,0.0,0.0,5.31,2.69,0.0
20220129:0210,0.0,0.0,0.0,0.0,5.57,2.9,0.0
20220129:0310,0.0,0.0,0.0,0.0,5.74,3.17,0.0
20220129:0410,0.0,0.0,0.0,0.0,6.09,3.45,0.0
20220129:0510,0.0,0.0,0.0,0.0,6.48,3.66,0.0
20220129:0610,0.0,0.0,0.0,0.0,6.84,3.79,0.0
20220129:0710,0.0,0.0,0.0,0.0,7.05,3.86,0.0
20220129:0810,0.0,6.0,0.0,5.71,7.35,4.0,0.0
20220129:0910,0.0,46.0,0.0,13.1,7.75,4.21,0.0
20220129:1010,0.0,83.0,0.0,18.82,8.3,4.34,0.0
20220129:1110,0.0,101.0,0.0,22.38,8.6,4.34,0.0
20220129:1210,0.0,88.0,0.0,23.41,9.14,4.9,0.0
20220129:1310,0.0,87.0,0.0,21.78,9.48,4.69,0.0
20220129:1410,0.0,53.0,0.0,17.68,9.72,4.76,0.0
20220129:1510,0.0,50.0,0.0,11.53,9.79,4.76,0.0
20220129:1610,0.0,6.0,0.0,3.82,9.71,4.48,0.0
20220129:1710,0.0,0.0,0.0,0.0,9.45,4.14,0.0
20220129:1810,0.0,0.0,0.0,0.0,9.24,4.07,0.0
20220129:1910,0.0,0.0,0.0,0.0,8.85,4.0,0.0
20220129:2010,0.0,0.0,0.0,0.0,8.76,3.93,0.0
20220129:2110,0.0,0.0,0.0,0.0,8.64,3.79,0.0
20220129:2210,0.0,0.0,0.0,0.0,8.59,3.59,0.0
20220129:2310,0.0,0.0,0.0,0.0,8.49,3.31,0.0
20220130:0010,0.0,0.0,0.0,0.0,8.46,2.97,0.0
20220130:0110,0.0,0.0,0.0,0.0,8.46,2.76,0.0
20220130:0210,0.0,0.0,0.0,0.0,8.29,2.55,0.0
20220130:0310,0.0,0.0,0.0,0.0,8.16,2.34,0.0
20220130:0410,0.0,0.0,0.0,0.0,7.53,2.21,0.0
20220130:0510,0.0,0.0,0.0,0.0,6.99,2.28,0.0
20220130:0610,0.0,0.0,0.0,0.0,6.27,2.28,0.0
20220130:0710,0.0,0.0,0.0,0.0,6.12,2.0,0.0
20220130:0810,33.0,33.0,0.0,5.91,5.51,1.93,0.0
20220130:0910,128.01,66.0,0.0,13.32,5.65,1.59,0.0
20220130:1010,215.01,85.0,0.0,19.06,6.42,1.66,0.0
20220130:1110,271.01,95.0,0.0,22.65,7.15,1.31,0.0
20220130:1210,201.01,147.0,0.0,23.68,7.85,0.83,0.0
20220130:1310,92.0,174.0,0.0,22.05,8.08,0.76,0.0
20220130:1410,132.01,116.0,0.0,17.95,8.19,0.97,0.0
20220130:1510,71.0,77.0,0.0,11.79,8.06,1.03,0.0
20220130:1610,1.0,16.83,0.0,4.07,7.7,0.76,0.0
20220130:1710,0.0,0.0,0.0,0.0,7.12,0.83,0.0
20220130:1810,0.0,0.0,0.0,0.0,6.15,1.24,0.0
20220130:1910,0.0,0.0,0.0,0.0,5.48,1.79,0.0
20220130:2010,0.0,0.0,0.0,0.0,5.3,1.86,0.0
20220130:2110,0.0,0.0,0.0,0.0,5.03,2.07,0.0
20220130:2210,0.0,0.0,0.0,0.0,5.0,2.48,0.0
20220130:2310,0.0,0.0,0.0,0.0,5.01,3.24,0.0
20220131:0010,0.0,0.0,0.0,0.0,5.03,3.52,0.0
20220131:0110,0.0,0.0,0.0,0.0,4.95,3.79,0.0
20220131:0210,0.0,0.0,0.0,0.0,5.49,4.21,0.0
20220131:0310,0.0,0.0,0.0,0.0,6.02,4.83,0.0
20220131:0410,0.0,0.0,0.0,0.0,6.87,5.66,0.0
20220131:0510,0.0,0.0,0.0,0.0,7.51,5.66,0.0
20220131:0610,0.0,0.0,0.0,0.0,7.17,5.38,0.0
20220131:0710,0.0,0.0,0.0,0.0,6.88,5.79,0.0
20220131:0810,28.0,37.0,0.0,6.11,6.27,5.86,0.0
20220131:0910,8.0,94.0,0.0,13.54,6.55,6.28,0.0
20220131:1010,133.01,132.0,0.0,19.31,7.15,6.21,0.0
20220131:1110,41.0,187.0,0.0,22.91,7.63,7.59,0.0
20220131:1210,0.0,92.0,0.0,23.96,8.01,8.0,0.0
20220131:1310,0.0,75.0,0.0,22.33,7.66,7.1,0.0
20220131:1410,12.0,133.0,0.0,18.22,7.58,7.38,0.0
20220131:1510,20.0,90.0,0.0,12.05,7.3,6.62,0.0
20220131:1610,0.0,14.0,0.0,4.32,6.62,6.14,0.0
20220131:1710,0.0,0.0,0.0,0.0,5.74,5.31,0.0
20220131:1810,0.0,0.0,0.0,0.0,4.99,4.83,0.0
20220131:1910,0.0,0.0,0.0,0.0,4.82,4.21,0.0
20220131:2010,0.0,0.0,0.0,0.0,4.4,3.86,0.0
20220131:2110,0.0,0.0,0.0,0.0,3.49,3.38,0.0
20220131:2210,0.0,0.0,0.0,0.0,2.67,2.62,0.0
20220131:2310,0.0,0.0,0.0,0.0,1.75,2.48,0.0
20220201:0010,0.0,0.0,0.0,0.0,1.22,2.41,0.0
20220201:0110,0.0,0.0,0.0,0.0,1.0,2.48,0.0
20220201:0210,0.0,0.0,0.0,0.0,1.18,2.55,0.0
20220201:0310,0.0,0.0,0.0,0.0,1.98,2.69,0.0
20220201:0410,0.0,0.0,0.0,0.0,2.69,2.9,0.0
20220201:0510,0.0,0.0,0.0,0.0,3.58,3.03,0.0
20220201:0610,0.0,0.0,0.0,0.0,4.24,3.17,0.0
20220201:0710,0.0,0.0,0.0,0.0,4.73,3.52,0.0
20220201:0810,2.0,32.0,0.0,6.32,4.94,3.93,0.0
20220201:0910,6.0,89.0,0.0,13.78,5.17,4.48,0.0
20220201:1010,2.0,116.0,0.0,19.56,5.72,4.55,0.0
20220201:1110,5.0,149.0,0.0,23.18,6.43,4.62,0.0
20220201:1210,0.0,80.0,0.0,24.24,7.36,4.69,0.0
20220201:1310,0.0,101.0,0.0,22.62,8.2,4.83,0.0
20220201:1410,0.0,94.0,0.0,18.5,8.82,4.83,0.0
20220201:1510,5.0,79.0,0.0,12.31,9.16,4.83,0.0
20220201:1610,0.0,19.0,0.0,4.57,9.3,4.9,0.0
20220201:1710,0.0,0.0,0.0,0.0,9.41,5.03,0.0
20220201:1810,0.0,0.0,0.0,0.0,9.4,4.97,0.0
20220201:1910,0.0,0.0,0.0,0.0,9.3,5.03,0.0
20220201:2010,0.0,0.0,0.0,0.0,9.2,4.9,0.0
20220201:2110,0.0,0.0,0.0,0.0,9.08,4.76,0.0
20220201:2210,0.0,0.0,0.0,0.0,9.07,4.62,0.0
20220201:2310,0.0,0.0,0.0,0.0,9.08,4.55,0.0
20220202:0010,0.0,0.0,0.0,0.0,9.03,4.41,0.0
20220202:0110,0.0,0.0,0.0,0.0,8.95,4.21,0.0
20220202:0210,0.0,0.0,0.0,0.0,8.89,4.14,0.0
20220202:0310,0.0,0.0,0.0,0.0,8.85,4.0,0.0
20220202:0410,0.0,0.0,0.0,0.0,8.74,3.72,0.0
20220202:0510,0.0,0.0,0.0,0.0,8.69,3.52,0.0
20220202:0610,0.0,0.0,0.0,0.0,8.63,3.52,0.0
20220202:0710,0.0,0.0,0.0,0.0,8.67,4.07,0.0
20220202:0810,9.0,41.0,0.0,6.54,8.69,3.72,0.0
20220202:0910,7.0,94.0,0.0,14.01,8.85,3.52,0.0
20220202:1010,5.0,129.0,0.0,19.82,9.09,3.93,0.0
20220202:1110,0.0,0.0,0.0,0.0,9.38,4.14,0.0
20220202:1210,0.0,72.0,0.0,24.53,9.74,4.28,0.0
20220202:1310,12.0,165.0,0.0,22.91,9.89,4.0,0.0
20220202:1410,5.0,120.0,0.0,18.78,9.92,3.38,0.0
20220202:1510,2.0,70.0,0.0,12.58,9.89,2.9,0.0
20220202:1610,0.0,9.0,0.0,4.83,9.64,2.34,0.0
20220202:1710,0.0,0.0,0.0,0.0,9.05,2.07,0.0
20220202:1810,0.0,0.0,0.0,0.0,8.57,1.93,0.0
20220202:1910,0.0,0.0,0.0,0.0,8.21,1.79,0.0
20220202:2010,0.0,0.0,0.0,0.0,7.6,2.07,0.0
20220202:2110,0.0,0.0,0.0,0.0,7.09,2.07,0.0
20220202:2210,0.0,0.0,0.0,0.0,6.73,2.0,0.0
20220202:2310,0.0,0.0,0.0,0.0,6.31,2.14,0.0
20220203:0010,0.0,0.0,0.0,0.0,5.96,2.14,0.0
20220203:0110,0.0,0.0,0.0,0.0,5.63,2.28,0.0
20220203:0210,0.0,0.0,0.0,0.0,5.44,2.34,0.0
20220203:0310,0.0,0.0,0.0,0.0,5.45,2.34,0.0
20220203:0410,0.0,0.0,0.0,0.0,5.45,2.34,0.0
20220203:0510,0.0,0.0,0.0,0.0,5.32,2.41,0.0
20220203:0610,0.0,0.0,0.0,0.0,5.38,2.62,0.0
20220203:0710,0.0,0.0,0.0,0.0,4.91,2.21,0.0
20220203:0810,0.0,24.0,0.0,6.76,4.92,2.14,0.0
20220203:0910,0.0,69.0,0.0,14.26,5.83,2.28,0.0
20220203:1010,46.0,162.0,0.0,20.08,6.77,3.24,0.0
20220203:1110,18.0,179.0,0.0,23.74,7.32,3.45,0.0
20220203:1210,17.0,185.0,0.0,24.83,7.64,3.31,0.0
20220203:1310,4.0,146.0,0.0,23.2,8.15,3.03,0.0
20220203:1410,0.0,27.0,0.0,19.06,8.34,2.83,0.0
20220203:1510,6.0,85.0,0.0,12.85,8.44,2.9,0.0
20220203:1610,29.0,19.18,0.0,5.08,8.39,2.41,0.0
20220203:1710,0.0,0.0,0.0,0.0,8.07,2.14,0.0
20220203:1810,0.0,0.0,0.0,0.0,7.78,2.48,0.0
20220203:1910,0.0,0.0,0.0,0.0,7.42,2.9,0.0
20220203:2010,0.0,0.0,0.0,0.0,7.32,3.03,0.0
20220203:2110,0.0,0.0,0.0,0.0,7.27,3.38,0.0
20220203:2210,0.0,0.0,0.0,0.0,7.22,3.52,0.0
20220203:2310,0.0,0.0,0.0,0.0,7.13,3.31,0.0
20220204:0010,0.0,0.0,0.0,0.0,6.88,3.24,0.0
20220204:0110,0.0,0.0,0.0,0.0,6.9,3.24,0.0
20220204:0210,0.0,0.0,0.0,0.0,6.88,3.03,0.0
20220204:0310,0.0,0.0,0.0,0.0,6.78,3.03,0.0
20220204:0410,0.0,0.0,0.0,0.0,6.89,3.24,0.0
20220204:0510,0.0,0.0,0.0,0.0,7.07,3.45,0.0
20220204:0610,0.0,0.0,0.0,0.0,7.18,3.59,0.0
20220204:0710,0.0,0.0,0.0,0.0,6.83,3.79,0.0
20220204:0810,4.0,41.0,0.0,6.99,7.09,4.0,0.0
20220204:0910,0.0,73.0,0.0,14.5,7.51,4.41,0.0
20220204:1010,1.0,108.0,0.0,20.35,8.22,4.76,0.0
20220204:1110,0.0,87.0,0.0,24.03,9.28,6.76,0.0
20220204:1210,0.0,87.0,0.0,25.12,9.73,6.55,0.0
20220204:1310,125.0,179.0,0.0,23.5,10.17,5.79,0.0
20220204:1410,10.0,136.0,0.0,19.35,10.38,6.14,0.0
20220204:1510,0.0,43.0,0.0,13.13,9.93,6.07,0.0
20220204:1610,4.0,29.08,0.0,5.34,8.58,5.93,0.0
20220204:1710,0.0,0.0,0.0,0.0,6.72,5.03,0.0
20220204:1810,0.0,0.0,0.0,0.0,5.43,3.72,0.0
20220204:1910,0.0,0.0,0.0,0.0,4.36,2.83,0.0
20220204:2010,0.0,0.0,0.0,0.0,3.53,2.69,0.0
20220204:2110,0.0,0.0,0.0,0.0,3.31,2.9,0.0
20220204:2210,0.0,0.0,0.0,0.0,3.03,3.1,0.0
20220204:2310,0.0,0.0,0.0,0.0,2.77,3.1,0.0
20220205:0010,0.0,0.0,0.0,0.0,2.64,3.03,0.0
20220205:0110,0.0,0.0,0.0,0.0,2.44,2.97,0.0
20220205:0210,0.0,0.0,0.0,0.0,2.24,2.97,0.0
20220205:0310,0.0,0.0,0.0,0.0,2.06,2.76,0.0
20220205:0410,0.0,0.0,0.0,0.0,1.75,2.69,0.0
20220205:0510,0.0,0.0,0.0,0.0,1.44,2.69,0.0
20220205:0610,0.0,0.0,0.0,0.0,1.29,2.62,0.0
20220205:0710,0.0,0.0,0.0,0.0,1.69,2.62,0.0
20220205:0810,54.0,37.0,0.0,7.22,1.76,2.48,0.0
20220205:0910,177.01,59.0,0.0,14.76,3.12,2.34,0.0
20220205:1010,278.01,72.0,0.0,20.63,5.17,2.76,0.0
20220205:1110,349.01,74.0,0.0,24.32,6.75,2.9,0.0
20220205:1210,213.01,162.0,0.0,25.42,7.81,3.52,0.0
20220205:1310,310.01,88.0,0.0,23.8,8.07,3.59,0.0
20220205:1410,201.01,101.0,0.0,19.64,8.12,3.59,0.0
20220205:1510,153.01,55.0,0.0,13.4,8.12,3.45,0.0
20220205:1610,35.0,21.6,0.0,5.6,7.86,3.03,0.0
20220205:1710,0.0,0.0,0.0,0.0,7.38,3.24,0.0
20220205:1810,0.0,0.0,0.0,0.0,7.19,3.79,0.0
20220205:1910,0.0,0.0,0.0,0.0,5.82,4.0,0.0
20220205:2010,0.0,0.0,0.0,0.0,5.39,4.28,0.0
20220205:2110,0.0,0.0,0.0,0.0,4.92,4.55,0.0
20220205:2210,0.0,0.0,0.0,0.0,4.7,4.83,0.0
20220205:2310,0.0,0.0,0.0,0.0,4.67,4.97,0.0
20220206:0010,0.0,0.0,0.0,0.0,4.7,5.1,0.0
20220206:0110,0.0,0.0,0.0,0.0,4.7,5.24,0.0
20220206:0210,0.0,0.0,0.0,0.0,4.84,5.45,0.0
20220206:0310,0.0,0.0,0.0,0.0,5.18,5.72,0.0
20220206:0410,0.0,0.0,0.0,0.0,5.45,6.0,0.0
20220206:0510,0.0,0.0,0.0,0.0,5.93,6.21,0.0
20220206:0610,0.0,0.0,0.0,0.0,6.34,6.41,0.0
20220206:0710,0.0,0.0,0.0,0.0,7.22,6.97,0.0
20220206:0810,2.0,41.0,0.0,7.46,7.69,7.31,0.0
20220206:0910,0.0,71.0,0.0,15.01,8.29,8.0,0.0
20220206:1010,0.0,92.0,0.0,20.91,8.42,8.34,0.0
20220206:1110,0.0,118.0,0.0,24.62,8.61,8.62,0.0
20220206:1210,6.0,171.0,0.0,25.73,8.99,8.83,0.0
20220206:1310,4.0,150.0,0.0,24.1,9.64,9.03,0.0
20220206:1410,2.0,117.0,0.0,19.93,10.04,8.83,0.0
20220206:1510,28.0,102.0,0.0,13.68,10.18,8.28,0.0
20220206:1610,0.0,17.0,0.0,5.87,10.2,7.79,0.0
20220206:1710,0.0,0.0,0.0,0.0,10.11,7.38,0.0
20220206:1810,0.0,0.0,0.0,0.0,10.02,7.03,0.0
20220206:1910,0.0,0.0,0.0,0.0,9.92,7.1,0.0
20220206:2010,0.0,0.0,0.0,0.0,9.84,7.79,0.0
20220206:2110,0.0,0.0,0.0,0.0,9.94,8.41,0.0
20220206:2210,0.0,0.0,0.0,0.0,9.52,8.14,0.0
20220206:2310,0.0,0.0,0.0,0.0,8.82,7.03,0.0
20220207:0010,0.0,0.0,0.0,0.0,8.03,6.0,0.0
20220207:0110,0.0,0.0,0.0,0.0,7.26,5.31,0.0
20220207:0210,0.0,0.0,0.0,0.0,6.37,4.83,0.0
20220207:0310,0.0,0.0,0.0,0.0,5.58,4.41,0.0
20220207:0410,0.0,0.0,0.0,0.0,4.81,3.79,0.0
20220207:0510,0.0,0.0,0.0,0.0,4.14,3.38,0.0
20220207:0610,0.0,0.0,0.0,0.0,3.61,2.97,0.0
20220207:0710,0.0,0.0,0.0,0.0,3.53,2.48,0.0
20220207:0810,59.0,40.0,0.0,7.7,3.61,2.14,0.0
20220207:0910,181.01,62.0,0.0,15.28,5.09,2.0,0.0
20220207:1010,285.01,73.0,0.0,21.19,6.74,2.14,0.0
20220207:1110,215.01,153.0,0.0,24.92,7.62,2.21,0.0
20220207:1210,267.01,138.0,0.0,26.04,8.19,2.07,0.0
20220207:1310,321.01,88.0,0.0,24.41,8.47,2.48,0.0
20220207:1410,210.01,102.0,0.0,20.23,8.74,2.83,0.0
20220207:1510,156.01,59.0,0.0,13.96,8.76,2.97,0.0
20220207:1610,44.0,30.0,0.0,6.13,8.5,1.93,0.0
20220207:1710,0.0,0.0,0.0,0.0,7.73,1.66,0.0
20220207:1810,0.0,0.0,0.0,0.0,6.93,1.93,0.0
20220207:1910,0.0,0.0,0.0,0.0,5.48,2.34,0.0
20220207:2010,0.0,0.0,0.0,0.0,5.56,2.21,0.0
20220207:2110,0.0,0.0,0.0,0.0,5.1,2.48,0.0
20220207:2210,0.0,0.0,0.0,0.0,4.85,2.62,0.0
20220207:2310,0.0,0.0,0.0,0.0,5.39,2.62,0.0
20220208:0010,0.0,0.0,0.0,0.0,5.83,2.62,0.0
20220208:0110,0.0,0.0,0.0,0.0,6.0,2.69,0.0
20220208:0210,0.0,0.0,0.0,0.0,6.21,2.62,0.0
20220208:0310,0.0,0.0,0.0,0.0,6.43,2.55,0.0
20220208:0410,0.0,0.0,0.0,0.0,6.34,2.55,0.0
20220208:0510,0.0,0.0,0.0,0.0,6.48,2.55,0.0
20220208:0610,0.0,0.0,0.0,0.0,6.41,2.48,0.0
20220208:0710,0.0,0.0,0.0,0.0,5.74,2.41,0.0
20220208:0810,2.0,44.0,0.0,7.95,6.24,2.21,0.0
20220208:0910,0.0,76.0,0.0,15.55,7.17,2.07,0.0
20220208:1010,0.0,83.0,0.0,21.48,8.44,2.34,0.0
20220208:1110,0.0,129.0,0.0,25.23,9.62,2.62,0.0
20220208:1210,3.0,162.0,0.0,26.36,10.42,3.17,0.0
20220208:1310,3.0,150.0,0.0,24.72,11.17,3.79,0.0
20220208:1410,6.0,137.0,0.0,20.53,11.28,3.45,0.0
20220208:1510,3.0,84.0,0.0,14.24,11.17,2.97,0.0
20220208:1610,3.0,35.0,0.0,6.4,10.72,2.21,0.0
20220208:1710,0.0,0.0,0.0,0.0,9.43,2.21,0.0
20220208:1810,0.0,0.0,0.0,0.0,8.29,2.14,0.0
20220208:1910,0.0,0.0,0.0,0.0,7.25,2.0,0.0
20220208:2010,0.0,0.0,0.0,0.0,6.22,1.79,0.0
20220208:2110,0.0,0.0,0.0,0.0,5.31,1.66,0.0
20220208:2210,0.0,0.0,0.0,0.0,4.16,1.59,0.0
20220208:2310,0.0,0.0,0.0,0.0,3.24,1.52,0.0
20220209:0010,0.0,0.0,0.0,0.0,2.51,1.86,0.0
20220209:0110,0.0,0.0,0.0,0.0,2.0,2.0,0.0
20220209:0210,0.0,0.0,0.0,0.0,1.54,1.86,0.0
20220209:0310,0.0,0.0,0.0,0.0,0.99,1.38,0.0
20220209:0410,0.0,0.0,0.0,0.0,1.17,0.97,0.0
20220209:0510,0.0,0.0,0.0,0.0,1.48,0.69,0.0
20220209:0610,0.0,0.0,0.0,0.0,1.72,0.41,0.0
20220209:0710,0.0,0.0,0.0,0.0,0.32,1.52,0.0
20220209:0810,58.0,45.0,0.0,8.21,0.52,1.17,0.0
20220209:0910,178.01,68.0,0.0,15.82,2.89,0.97,0.0
20220209:1010,291.01,76.0,0.0,21.78,4.75,1.1,0.0
20220209:1110,354.01,83.0,0.0,25.54,6.52,1.38,0.0
20220209:1210,333.01,106.0,0.0,26.68,8.12,1.52,0.0
20220209:1310,344.01,83.0,0.0,25.04,9.35,1.45,0.0
20220209:1410,279.01,71.0,0.0,20.83,10.21,1.38,0.0
20220209:1510,163.01,61.0,0.0,14.53,10.73,1.45,0.0
20220209:1610,47.0,33.0,0.0,6.66,10.52,1.17,0.0
20220209:1710,0.0,0.0,0.0,0.0,9.22,1.31,0.0
20220209:1810,0.0,0.0,0.0,0.0,7.0,1.38,0.0
20220209:1910,0.0,0.0,0.0,0.0,5.27,2.28,0.0
20220209:2010,0.0,0.0,0.0,0.0,4.47,2.55,0.0
20220209:2110,0.0,0.0,0.0,0.0,4.3,2.76,0.0
20220209:2210,0.0,0.0,0.0,0.0,4.97,2.9,0.0
20220209:2310,0.0,0.0,0.0,0.0,5.31,2.97,0.0
20220210:0010,0.0,0.0,0.0,0.0,5.77,3.03,0.0
20220210:0110,0.0,0.0,0.0,0.0,5.96,3.24,0.0
20220210:0210,0.0,0.0,0.0,0.0,6.19,3.79,0.0
20220210:0310,0.0,0.0,0.0,0.0,6.21,4.0,0.0
20220210:0410,0.0,0.0,0.0,0.0,5.95,4.0,0.0
20220210:0510,0.0,0.0,0.0,0.0,5.74,4.0,0.0
20220210:0610,0.0,0.0,0.0,0.0,5.55,3.93,0.0
20220210:0710,0.0,0.0,0.0,0.0,5.86,3.52,0.0
20220210:0810,1.0,43.0,0.0,8.46,5.87,3.31,0.0
20220210:0910,10.0,113.0,0.0,16.1,6.02,3.72,0.0
20220210:1010,1.0,121.0,0.0,22.08,6.69,4.21,0.0
20220210:1110,138.0,195.0,0.0,25.86,7.2,4.48,0.0
20220210:1210,143.0,204.0,0.0,27.0,7.81,4.28,0.0
20220210:1310,28.0,197.0,0.0,25.36,8.23,3.79,0.0
20220210:1410,36.0,168.0,0.0,21.14,8.5,3.38,0.0
20220210:1510,14.0,106.0,0.0,14.82,8.73,3.03,0.0
20220210:1610,4.0,40.0,0.0,6.93,8.59,2.41,0.0
20220210:1710,0.0,0.0,0.0,0.0,8.18,2.41,0.0
20220210:1810,0.0,0.0,0.0,0.0,7.69,2.41,0.0
20220210:1910,0.0,0.0,0.0,0.0,6.86,2.97,0.0
20220210:2010,0.0,0.0,0.0,0.0,5.92,3.86,0.0
20220210:2110,0.0,0.0,0.0,0.0,4.6,3.52,0.0
20220210:2210,0.0,0.0,0.0,0.0,3.86,3.1,0.0
20220210:2310,0.0,0.0,0.0,0.0,3.62,2.9,0.0
20220211:0010,0.0,0.0,0.0,0.0,3.25,2.83,0.0
20220211:0110,0.0,0.0,0.0,0.0,2.47,2.83,0.0
20220211:0210,0.0,0.0,0.0,0.0,1.79,2.83,0.0
20220211:0310,0.0,0.0,0.0,0.0,1.45,2.69,0.0
20220211:0410,0.0,0.0,0.0,0.0,1.0,2.55,0.0
20220211:0510,0.0,0.0,0.0,0.0,0.53,2.41,0.0
20220211:0610,0.0,0.0,0.0,0.0,0.06,2.28,0.0
20220211:0710,0.0,0.0,0.0,0.0,-0.18,2.28,0.0
20220211:0810,79.0,42.0,0.0,8.73,0.11,1.86,0.0
20220211:0910,208.01,62.0,0.0,16.38,2.56,1.59,0.0
20220211:1010,304.01,79.0,0.0,22.38,4.67,1.66,0.0
20220211:1110,342.01,100.0,0.0,26.18,6.24,2.34,0.0
20220211:1210,133.0,217.0,0.0,27.33,7.05,2.0,0.0
20220211:1310,76.0,214.0,0.0,25.68,7.6,1.66,0.0
20220211:1410,248.01,98.0,0.0,21.44,7.8,1.38,0.0
20220211:1510,154.01,74.0,0.0,15.1,7.79,1.38,0.0
20220211:1610,55.0,36.0,0.0,7.2,7.38,1.38,0.0
20220211:1710,0.0,0.0,0.0,0.0,6.27,1.79,0.0
20220211:1810,0.0,0.0,0.0,0.0,4.54,1.93,0.0
20220211:1910,0.0,0.0,0.0,0.0,3.37,2.07,0.0
20220211:2010,0.0,0.0,0.0,0.0,2.14,1.93,0.0
20220211:2110,0.0,0.0,0.0,0.0,1.08,2.0,0.0
20220211:2210,0.0,0.0,0.0,0.0,0.37,2.14,0.0
20220211:2310,0.0,0.0,0.0,0.0,-0.05,2.21,0.0
20220212:0010,0.0,0.0,0.0,0.0,-0.17,2.21,0.0
20220212:0110,0.0,0.0,0.0,0.0,-0.53,2.07,0.0
20220212:0210,0.0,0.0,0.0,0.0,-0.81,1.93,0.0
20220212:0310,0.0,0.0,0.0,0.0,-0.92,2.0,0.0
20220212:0410,0.0,0.0,0.0,0.0,-0.86,2.0,0.0
20220212:0510,0.0,0.0,0.0,0.0,-0.91,2.0,0.0
20220212:0610,0.0,0.0,0.0,0.0,-1.01,2.07,0.0
20220212:0710,0.0,0.0,0.0,0.0,-0.82,2.34,0.0
20220212:0810,78.0,46.0,0.0,9.0,-0.25,2.76,0.0
20220212:0910,206.01,68.0,0.0,16.67,1.61,2.9,0.0
20220212:1010,311.01,80.0,0.0,22.69,3.71,3.52,0.0
20220212:1110,384.01,84.0,0.0,26.5,5.43,3.38,0.0
20220212:1210,351.01,115.0,0.0,27.66,6.78,3.24,0.0
20220212:1310,364.01,89.0,0.0,26.0,7.69,3.24,0.0
20220212:1410,309.01,71.0,0.0,21.75,8.12,3.17,0.0
20220212:1510,181.01,65.0,0.0,15.39,8.1,3.03,0.0
20220212:1610,61.0,37.0,0.0,7.48,7.26,2.62,0.0
20220212:1710,0.0,0.0,0.0,0.0,5.27,2.97,0.0
20220212:1810,0.0,0.0,0.0,0.0,3.64,3.03,0.0
20220212:1910,0.0,0.0,0.0,0.0,2.67,2.97,0.0
20220212:2010,0.0,0.0,0.0,0.0,1.91,3.1,0.0
20220212:2110,0.0,0.0,0.0,0.0,1.4,3.17,0.0
20220212:2210,0.0,0.0,0.0,0.0,1.11,3.17,0.0
20220212:2310,0.0,0.0,0.0,0.0,0.99,3.24,0.0
20220213:0010,0.0,0.0,0.0,0.0,0.77,3.31,0.0
20220213:0110,0.0,0.0,0.0,0.0,0.56,3.38,0.0
20220213:0210,0.0,0.0,0.0,0.0,0.27,3.17,0.0
20220213:0310,0.0,0.0,0.0,0.0,-0.03,3.03,0.0
20220213:0410,0.0,0.0,0.0,0.0,-0.3,3.1,0.0
20220213:0510,0.0,0.0,0.0,0.0,-0.35,3.17,0.0
20220213:0610,0.0,0.0,0.0,0.0,-0.2,3.24,0.0
20220213:0710,0.0,0.0,0.0,0.0,0.6,3.52,0.0
20220213:0810,62.0,55.0,0.0,9.27,1.51,3.72,0.0
20220213:0910,182.01,79.0,0.0,16.97,3.47,3.72,0.0
20220213:1010,210.01,134.0,0.0,23.01,5.71,4.55,0.0
20220213:1110,343.01,102.0,0.0,26.83,7.71,5.45,0.0
20220213:1210,361.01,105.0,0.0,27.99,9.42,6.0,0.0
20220213:1310,287.01,130.0,0.0,26.33,10.87,6.21,0.0
20220213:1410,236.01,108.0,0.0,22.07,11.59,5.66,0.0
20220213:1510,142.01,85.0,0.0,15.69,12.04,6.55,0.0
20220213:1610,37.0,48.0,0.0,7.75,12.02,6.34,0.0
20220213:1710,0.0,0.0,0.0,0.0,11.76,6.34,0.0
20220213:1810,0.0,0.0,0.0,0.0,11.57,6.55,0.0
20220213:1910,0.0,0.0,0.0,0.0,12.01,6.48,0.0
20220213:2010,0.0,0.0,0.0,0.0,12.01,6.76,0.0
20220213:2110,0.0,0.0,0.0,0.0,11.72,6.9,0.0
20220213:2210,0.0,0.0,0.0,0.0,11.32,6.97,0.0
20220213:2310,0.0,0.0,0.0,0.0,10.85,6.97,0.0
20220214:0010,0.0,0.0,0.0,0.0,10.43,6.97,0.0
20220214:0110,0.0,0.0,0.0,0.0,10.23,7.1,0.0
20220214:0210,0.0,0.0,0.0,0.0,10.19,7.38,0.0
20220214:0310,0.0,0.0,0.0,0.0,10.06,8.21,0.0
20220214:0410,0.0,0.0,0.0,0.0,9.3,8.14,0.0
20220214:0510,0.0,0.0,0.0,0.0,8.2,6.62,0.0
20220214:0610,0.0,0.0,0.0,0.0,7.65,6.07,0.0
20220214:0710,0.0,0.0,0.0,0.0,6.9,4.21,0.0
20220214:0810,55.0,59.0,0.0,9.55,6.25,4.34,0.0
20220214:0910,64.0,133.0,0.0,17.26,6.93,4.41,0.0
20220214:1010,37.0,185.0,0.0,23.32,8.11,5.79,0.0
20220214:1110,214.01,175.0,0.0,27.17,9.26,5.24,0.0
20220214:1210,13.0,204.0,0.0,28.33,9.79,4.76,0.0
20220214:1310,22.0,201.0,0.0,26.66,10.15,4.83,0.0
20220214:1410,10.0,156.0,0.0,22.38,10.15,4.69,0.0
20220214:1510,6.0,105.0,0.0,15.98,9.89,4.55,0.0
20220214:1610,45.0,48.0,0.0,8.02,8.89,4.0,0.0
20220214:1710,0.0,0.0,0.0,0.0,8.07,3.24,0.0
20220214:1810,0.0,0.0,0.0,0.0,7.37,3.31,0.0
20220214:1910,0.0,0.0,0.0,0.0,7.18,3.52,0.0
20220214:2010,0.0,0.0,0.0,0.0,6.68,3.66,0.0
20220214:2110,0.0,0.0,0.0,0.0,6.1,3.31,0.0
20220214:2210,0.0,0.0,0.0,0.0,5.44,3.31,0.0
20220214:2310,0.0,0.0,0.0,0.0,5.22,3.79,0.0
20220215:0010,0.0,0.0,0.0,0.0,5.23,4.07,0.0
20220215:0110,0.0,0.0,0.0,0.0,5.34,3.93,0.0
20220215:0210,0.0,0.0,0.0,0.0,5.35,3.72,0.0
20220215:0310,0.0,0.0,0.0,0.0,5.11,3.66,0.0
20220215:0410,0.0,0.0,0.0,0.0,4.95,3.59,0.0
20220215:0510,0.0,0.0,0.0,0.0,4.63,3.45,0.0
20220215:0610,0.0,0.0,0.0,0.0,3.93,3.38,0.0
20220215:0710,0.0,0.0,0.0,0.0,3.92,3.38,0.0
20220215:0810,84.0,49.0,0.0,9.83,4.03,3.1,0.0
20220215:0910,201.01,74.0,0.0,17.57,5.34,3.59,0.0
20220215:1010,274.01,103.0,0.0,23.65,6.92,4.55,0.0
20220215:1110,357.01,99.0,0.0,27.5,8.36,4.9,0.0
20220215:1210,135.0,223.0,0.0,28.67,9.83,6.48,0.0
20220215:1310,24.0,208.0,0.0,27.0,10.27,6.34,0.0
20220215:1410,0.0,100.0,0.0,22.7,10.46,5.66,0.0
20220215:1510,6.0,107.0,0.0,16.28,10.12,4.9,0.0
20220215:1610,6.0,53.0,0.0,8.3,9.58,5.52,0.0
20220215:1710,0.0,0.0,0.0,0.0,9.12,5.38,0.0
20220215:1810,0.0,0.0,0.0,0.0,8.66,5.72,0.0
20220215:1910,0.0,0.0,0.0,0.0,8.55,6.21,0.0
20220215:2010,0.0,0.0,0.0,0.0,8.38,6.28,0.0
20220215:2110,0.0,0.0,0.0,0.0,8.51,6.41,0.0
20220215:2210,0.0,0.0,0.0,0.0,8.6,6.69,0.0
20220215:2310,0.0,0.0,0.0,0.0,8.51,6.62,0.0
20220216:0010,0.0,0.0,0.0,0.0,8.49,6.28,0.0
20220216:0110,0.0,0.0,0.0,0.0,8.42,6.0,0.0
20220216:0210,0.0,0.0,0.0,0.0,8.51,5.86,0.0
20220216:0310,0.0,0.0,0.0,0.0,8.87,5.66,0.0
20220216:0410,0.0,0.0,0.0,0.0,9.31,5.86,0.0
20220216:0510,0.0,0.0,0.0,0.0,9.84,6.0,0.0
20220216:0610,0.0,0.0,0.0,0.0,10.41,6.21,0.0
20220216:0710,0.0,0.0,0.0,0.0,11.15,6.48,0.0
20220216:0810,0.0,37.0,0.0,10.12,11.44,6.48,0.0
20220216:0910,9.0,121.0,0.0,17.87,11.78,6.69,0.0
20220216:1010,8.0,160.0,0.0,23.97,12.02,6.48,0.0
20220216:1110,0.0,106.0,0.0,27.85,12.18,6.48,0.0
20220216:1210,47.0,230.0,0.0,29.02,12.7,6.97,0.0
20220216:1310,24.0,205.0,0.0,27.33,12.97,6.76,0.0
20220216:1410,19.0,170.0,0.0,23.01,13.08,6.41,0.0
20220216:1510,0.0,75.0,0.0,16.57,12.99,6.62,0.0
20220216:1610,5.0,51.0,0.0,8.57,13.16,6.83,0.0
20220216:1710,0.0,0.0,0.0,0.0,13.25,6.9,0.0
20220216:1810,0.0,0.0,0.0,0.0,13.1,7.1,0.0
20220216:1910,0.0,0.0,0.0,0.0,12.47,7.66,0.0
20220216:2010,0.0,0.0,0.0,0.0,12.4,7.79,0.0
20220216:2110,0.0,0.0,0.0,0.0,12.39,7.93,0.0
20220216:2210,0.0,0.0,0.0,0.0,12.34,8.14,0.0
20220216:2310,0.0,0.0,0.0,0.0,12.3,8.21,0.0
20220217:0010,0.0,0.0,0.0,0.0,12.32,8.14,0.0
20220217:0110,0.0,0.0,0.0,0.0,12.46,7.93,0.0
20220217:0210,0.0,0.0,0.0,0.0,12.44,7.72,0.0
20220217:0310,0.0,0.0,0.0,0.0,11.95,7.31,0.0
20220217:0410,0.0,0.0,0.0,0.0,11.16,7.17,0.0
20220217:0510,0.0,0.0,0.0,0.0,10.41,6.83,0.0
20220217:0610,0.0,0.0,0.0,0.0,10.13,6.41,0.0
20220217:0710,0.0,0.0,0.0,0.0,10.05,6.41,0.0
20220217:0810,88.0,52.0,0.0,10.41,10.03,6.28,0.0
20220217:0910,41.0,142.0,0.0,18.18,10.17,6.07,0.0
20220217:1010,45.0,195.0,0.0,24.3,10.72,7.52,0.0
20220217:1110,0.0,137.0,0.0,28.19,11.33,7.79,0.0
20220217:1210,365.01,113.0,0.0,29.37,11.96,7.31,0.0
20220217:1310,138.0,211.0,0.0,27.67,12.34,6.69,0.0
20220217:1410,266.01,101.0,0.0,23.33,12.58,6.14,0.0
20220217:1510,176.01,77.0,0.0,16.87,12.39,5.31,0.0
20220217:1610,75.0,43.0,0.0,8.85,11.85,4.62,0.0
20220217:1710,0.0,0.0,0.0,0.0,11.02,4.21,0.0
20220217:1810,0.0,0.0,0.0,0.0,10.55,4.14,0.0
20220217:1910,0.0,0.0,0.0,0.0,10.85,4.0,0.0
20220217:2010,0.0,0.0,0.0,0.0,10.63,3.45,0.0
20220217:2110,0.0,0.0,0.0,0.0,10.13,3.31,0.0
20220217:2210,0.0,0.0,0.0,0.0,9.85,2.76,0.0
20220217:2310,0.0,0.0,0.0,0.0,9.19,2.62,0.0
20220218:0010,0.0,0.0,0.0,0.0,9.15,3.59,0.0
20220218:0110,0.0,0.0,0.0,0.0,9.34,3.66,0.0
20220218:0210,0.0,0.0,0.0,0.0,9.61,4.07,0.0
20220218:0310,0.0,0.0,0.0,0.0,10.12,5.31,0.0
20220218:0410,0.0,0.0,0.0,0.0,10.8,6.55,0.0
20220218:0510,0.0,0.0,0.0,0.0,10.76,6.76,0.0
20220218:0610,0.0,0.0,0.0,0.0,10.38,6.69,0.0
20220218:0710,0.0,3.0,0.0,1.79,11.15,7.03,0.0
20220218:0810,9.0,72.0,0.0,10.7,11.13,7.38,0.0
20220218:0910,1.0,95.0,0.0,18.5,11.28,8.07,0.0
20220218:1010,1.0,131.0,0.0,24.64,11.52,8.69,0.0
20220218:1110,0.0,118.0,0.0,28.54,11.81,9.31,0.0
20220218:1210,0.0,78.0,0.0,29.72,12.1,10.48,0.0
20220218:1310,0.0,90.0,0.0,28.01,10.93,9.45,0.0
20220218:1410,4.0,146.0,0.0,23.66,9.81,8.83,0.0
20220218:1510,25.0,130.0,0.0,17.17,9.83,8.83,0.0
20220218:1610,54.0,54.0,0.0,9.13,9.84,8.55,0.0
20220218:1710,0.0,0.0,0.0,0.0,9.2,6.83,0.0
20220218:1810,0.0,0.0,0.0,0.0,8.49,6.21,0.0
20220218:1910,0.0,0.0,0.0,0.0,7.54,5.79,0.0
20220218:2010,0.0,0.0,0.0,0.0,6.83,5.86,0.0
20220218:2110,0.0,0.0,0.0,0.0,6.34,6.0,0.0
20220218:2210,0.0,0.0,0.0,0.0,5.89,6.07,0.0
20220218:2310,0.0,0.0,0.0,0.0,5.55,5.93,0.0
20220219:0010,0.0,0.0,0.0,0.0,5.15,5.66,0.0
20220219:0110,0.0,0.0,0.0,0.0,4.77,5.31,0.0
20220219:0210,0.0,0.0,0.0,0.0,4.28,4.97,0.0
20220219:0310,0.0,0.0,0.0,0.0,3.86,4.76,0.0
20220219:0410,0.0,0.0,0.0,0.0,3.43,4.55,0.0
20220219:0510,0.0,0.0,0.0,0.0,3.03,4.28,0.0
20220219:0610,0.0,0.0,0.0,0.0,2.65,4.07,0.0
20220219:0710,0.0,6.0,0.0,2.07,2.12,3.79,0.0
20220219:0810,114.01,48.0,0.0,11.0,2.71,3.52,0.0
20220219:0910,224.01,78.0,0.0,18.82,4.15,4.14,0.0
20220219:1010,332.01,88.0,0.0,24.98,5.72,4.76,0.0
20220219:1110,410.01,89.0,0.0,28.89,7.15,4.9,0.0
20220219:1210,419.01,96.0,0.0,30.08,8.22,5.31,0.0
20220219:1310,379.01,99.0,0.0,28.36,8.99,6.41,0.0
20220219:1410,260.01,117.0,0.0,23.98,9.34,7.38,0.0
20220219:1510,86.0,129.0,0.0,17.47,9.01,6.21,0.0
20220219:1610,79.0,47.0,0.0,9.41,8.52,6.55,0.0
20220219:1710,0.0,0.0,0.0,0.0,7.71,6.62,0.0
20220219:1810,0.0,0.0,0.0,0.0,7.45,6.97,0.0
20220219:1910,0.0,0.0,0.0,0.0,7.13,7.45,0.0
20220219:2010,0.0,0.0,0.0,0.0,7.3,7.24,0.0
20220219:2110,0.0,0.0,0.0,0.0,7.52,7.03,0.0
20220219:2210,0.0,0.0,0.0,0.0,7.79,6.69,0.0
20220219:2310,0.0,0.0,0.0,0.0,8.04,6.0,0.0
20220220:0010,0.0,0.0,0.0,0.0,7.93,5.66,0.0
20220220:0110,0.0,0.0,0.0,0.0,7.75,5.31,0.0
20220220:0210,0.0,0.0,0.0,0.0,7.69,5.1,0.0
20220220:0310,0.0,0.0,0.0,0.0,7.54,5.17,0.0
20220220:0410,0.0,0.0,0.0,0.0,7.44,5.1,0.0
20220220:0510,0.0,0.0,0.0,0.0,7.39,5.17,0.0
20220220:0610,0.0,0.0,0.0,0.0,7.65,5.24,0.0
20220220:0710,0.0,3.0,0.0,2.36,7.75,5.52,0.0
20220220:0810,4.0,69.0,0.0,11.31,8.37,5.72,0.0
20220220:0910,0.0,94.0,0.0,19.14,8.92,6.97,0.0
20220220:1010,277.01,118.0,0.0,25.32,9.57,7.24,0.0
20220220:1110,0.0,126.0,0.0,29.25,10.36,6.0,0.0
20220220:1210,131.0,239.0,0.0,30.43,11.21,8.62,0.0
20220220:1310,9.0,194.0,0.0,28.7,11.71,8.69,0.0
20220220:1410,3.0,149.0,0.0,24.3,12.25,7.72,0.0
20220220:1510,0.0,31.0,0.0,17.77,12.25,7.59,0.0
20220220:1610,4.0,57.0,0.0,9.69,12.08,7.59,0.0
20220220:1710,0.0,0.0,0.0,0.0,11.95,8.0,0.0
20220220:1810,0.0,0.0,0.0,0.0,11.77,8.34,0.0
20220220:1910,0.0,0.0,0.0,0.0,11.17,8.69,0.0
20220220:2010,0.0,0.0,0.0,0.0,10.94,9.17,0.0
20220220:2110,0.0,0.0,0.0,0.0,10.77,9.79,0.0
20220220:2210,0.0,0.0,0.0,0.0,10.81,9.93,0.0
20220220:2310,0.0,0.0,0.0,0.0,10.49,9.03,0.0
20220221:0010,0.0,0.0,0.0,0.0,9.49,8.62,0.0
20220221:0110,0.0,0.0,0.0,0.0,7.66,8.0,0.0
20220221:0210,0.0,0.0,0.0,0.0,6.7,7.24,0.0
20220221:0310,0.0,0.0,0.0,0.0,6.21,6.69,0.0
20220221:0410,0.0,0.0,0.0,0.0,5.84,6.9,0.0
20220221:0510,0.0,0.0,0.0,0.0,5.7,7.31,0.0
20220221:0610,0.0,0.0,0.0,0.0,5.66,7.1,0.0
20220221:0710,1.0,9.85,0.0,2.66,5.86,6.55,0.0
20220221:0810,122.01,50.0,0.0,11.62,6.18,6.55,0.0
20220221:0910,150.01,124.0,0.0,19.47,7.06,6.55,0.0
20220221:1010,67.0,210.0,0.0,25.66,8.16,10.0,0.0
20220221:1110,203.01,208.0,0.0,29.61,9.18,10.62,0.0
20220221:1210,25.0,236.0,0.0,30.79,9.63,10.76,0.0
20220221:1310,92.0,238.0,0.0,29.05,9.4,9.03,0.0
20220221:1410,0.0,43.0,0.0,24.63,9.99,9.03,0.0
20220221:1510,0.0,44.0,0.0,18.07,10.23,8.41,0.0
20220221:1610,0.0,40.0,0.0,9.96,9.91,8.34,0.0
20220221:1710,0.0,0.0,0.0,0.0,9.54,7.45,0.0
20220221:1810,0.0,0.0,0.0,0.0,8.9,6.55,0.0
20220221:1910,0.0,0.0,0.0,0.0,8.32,6.34,0.0
20220221:2010,0.0,0.0,0.0,0.0,8.09,6.0,0.0
20220221:2110,0.0,0.0,0.0,0.0,7.96,5.66,0.0
20220221:2210,0.0,0.0,0.0,0.0,7.66,5.17,0.0
20220221:2310,0.0,0.0,0.0,0.0,7.24,4.48,0.0
20220222:0010,0.0,0.0,0.0,0.0,6.51,4.14,0.0
20220222:0110,0.0,0.0,0.0,0.0,5.9,3.86,0.0
20220222:0210,0.0,0.0,0.0,0.0,5.32,3.52,0.0
20220222:0310,0.0,0.0,0.0,0.0,4.73,3.38,0.0
20220222:0410,0.0,0.0,0.0,0.0,4.55,3.17,0.0
20220222:0510,0.0,0.0,0.0,0.0,4.31,3.03,0.0
20220222:0610,0.0,0.0,0.0,0.0,4.29,3.03,0.0
20220222:0710,0.0,9.0,0.0,2.95,5.77,3.38,0.0
20220222:0810,14.0,85.0,0.0,11.93,6.62,3.52,0.0
20220222:0910,1.0,104.0,0.0,19.8,7.2,4.07,0.0
20220222:1010,0.0,133.0,0.0,26.01,7.85,4.48,0.0
20220222:1110,1.0,170.0,0.0,29.97,9.21,5.59,0.0
20220222:1210,11.0,216.0,0.0,31.16,10.52,5.86,0.0
20220222:1310,0.0,96.0,0.0,29.4,11.33,6.76,0.0
20220222:1410,32.0,196.0,0.0,24.96,11.12,6.62,0.0
20220222:1510,0.0,43.0,0.0,18.37,11.03,5.45,0.0
20220222:1610,13.0,71.0,0.0,10.24,11.1,5.1,0.0
20220222:1710,0.0,0.0,0.0,0.0,10.99,4.55,0.0
20220222:1810,0.0,0.0,0.0,0.0,10.85,4.48,0.0
20220222:1910,0.0,0.0,0.0,0.0,11.42,4.83,0.0
20220222:2010,0.0,0.0,0.0,0.0,11.33,4.62,0.0
20220222:2110,0.0,0.0,0.0,0.0,11.06,4.41,0.0
20220222:2210,0.0,0.0,0.0,0.0,10.57,4.0,0.0
20220222:2310,0.0,0.0,0.0,0.0,9.78,3.66,0.0
20220223:0010,0.0,0.0,0.0,0.0,8.8,3.1,0.0
20220223:0110,0.0,0.0,0.0,0.0,8.12,2.62,0.0
20220223:0210,0.0,0.0,0.0,0.0,7.04,2.14,0.0
20220223:0310,0.0,0.0,0.0,0.0,6.14,2.0,0.0
20220223:0410,0.0,0.0,0.0,0.0,5.41,1.79,0.0
20220223:0510,0.0,0.0,0.0,0.0,4.29,1.59,0.0
20220223:0610,0.0,0.0,0.0,0.0,3.0,1.52,0.0
20220223:0710,1.0,12.84,0.0,3.25,5.31,0.69,0.0
20220223:0810,123.01,56.0,0.0,12.24,5.55,0.41,0.0
20220223:0910,182.01,115.0,0.0,20.13,7.41,0.62,0.0
20220223:1010,98.0,213.0,0.0,26.37,8.89,1.52,0.0
20220223:1110,298.01,168.0,0.0,30.33,9.82,2.76,0.0
20220223:1210,35.0,250.0,0.0,31.52,10.46,3.66,0.0
20220223:1310,0.0,128.0,0.0,29.75,10.81,4.0,0.0
20220223:1410,28.0,198.0,0.0,25.29,10.97,3.72,0.0
20220223:1510,2.0,108.0,0.0,18.67,11.17,3.1,0.0
20220223:1610,24.0,76.0,0.0,10.52,10.88,2.07,0.0
20220223:1710,0.0,0.0,0.0,0.0,10.48,1.79,0.0
20220223:1810,0.0,0.0,0.0,0.0,9.78,1.86,0.0
20220223:1910,0.0,0.0,0.0,0.0,9.01,2.28,0.0
20220223:2010,0.0,0.0,0.0,0.0,8.39,2.48,0.0
20220223:2110,0.0,0.0,0.0,0.0,7.97,2.48,0.0
20220223:2210,0.0,0.0,0.0,0.0,7.52,2.41,0.0
20220223:2310,0.0,0.0,0.0,0.0,7.4,2.21,0.0
20220224:0010,0.0,0.0,0.0,0.0,7.32,1.93,0.0
20220224:0110,0.0,0.0,0.0,0.0,7.26,1.79,0.0
20220224:0210,0.0,0.0,0.0,0.0,7.0,1.86,0.0
20220224:0310,0.0,0.0,0.0,0.0,6.87,2.0,0.0
20220224:0410,0.0,0.0,0.0,0.0,7.07,2.14,0.0
20220224:0510,0.0,0.0,0.0,0.0,7.19,2.48,0.0
20220224:0610,0.0,0.0,0.0,0.0,7.11,3.03,0.0
20220224:0710,0.0,13.0,0.0,3.56,7.83,3.59,0.0
20220224:0810,18.0,91.0,0.0,12.56,7.83,4.07,0.0
20220224:0910,39.0,163.0,0.0,20.47,8.58,4.14,0.0
20220224:1010,108.0,213.0,0.0,26.72,9.8,5.66,0.0
20220224:1110,258.01,192.0,0.0,30.7,10.82,7.24,0.0
20220224:1210,0.0,57.0,0.0,31.89,11.43,8.69,0.0
20220224:1310,0.0,129.0,0.0,30.11,11.1,7.66,0.0
20220224:1410,0.0,71.0,0.0,25.61,9.9,7.24,0.0
20220224:1510,2.0,111.0,0.0,18.97,8.28,7.1,0.0
20220224:1610,4.0,67.0,0.0,10.8,7.22,5.66,0.0
20220224:1710,0.0,0.0,0.0,0.0,6.73,5.52,0.0
20220224:1810,0.0,0.0,0.0,0.0,5.9,4.83,0.0
20220224:1910,0.0,0.0,0.0,0.0,5.77,4.34,0.0
20220224:2010,0.0,0.0,0.0,0.0,4.89,3.86,0.0
20220224:2110,0.0,0.0,0.0,0.0,4.03,3.59,0.0
20220224:2210,0.0,0.0,0.0,0.0,3.4,3.52,0.0
20220224:2310,0.0,0.0,0.0,0.0,2.95,3.52,0.0
20220225:0010,0.0,0.0,0.0,0.0,2.59,3.52,0.0
20220225:0110,0.0,0.0,0.0,0.0,2.31,3.59,0.0
20220225:0210,0.0,0.0,0.0,0.0,2.12,3.59,0.0
20220225:0310,0.0,0.0,0.0,0.0,1.89,3.45,0.0
20220225:0410,0.0,0.0,0.0,0.0,1.66,3.38,0.0
20220225:0510,0.0,0.0,0.0,0.0,1.5,3.45,0.0
20220225:0610,0.0,0.0,0.0,0.0,1.41,3.52,0.0
20220225:0710,2.0,19.57,0.0,3.86,1.31,3.24,0.0
20220225:0810,145.01,54.0,0.0,12.88,2.55,2.83,0.0
20220225:0910,244.01,89.0,0.0,20.81,4.86,3.38,0.0
20220225:1010,370.01,91.0,0.0,27.08,6.87,3.93,0.0
20220225:1110,80.0,258.0,0.0,31.07,8.39,5.1,0.0
20220225:1210,160.0,253.0,0.0,32.26,8.99,4.9,0.0
20220225:1310,244.01,200.0,0.0,30.46,9.37,4.97,0.0
20220225:1410,258.01,142.0,0.0,25.94,9.72,4.9,0.0
20220225:1510,31.0,152.0,0.0,19.28,9.48,4.48,0.0
20220225:1610,116.0,48.0,0.0,11.08,9.05,3.59,0.0
20220225:1710,0.0,2.0,0.0,1.9,7.95,2.76,0.0
20220225:1810,0.0,0.0,0.0,0.0,6.39,2.48,0.0
20220225:1910,0.0,0.0,0.0,0.0,5.66,2.48,0.0
20220225:2010,0.0,0.0,0.0,0.0,4.67,2.41,0.0
20220225:2110,0.0,0.0,0.0,0.0,3.87,2.28,0.0
20220225:2210,0.0,0.0,0.0,0.0,2.84,2.0,0.0
20220225:2310,0.0,0.0,0.0,0.0,1.63,1.79,0.0
20220226:0010,0.0,0.0,0.0,0.0,0.64,1.86,0.0
20220226:0110,0.0,0.0,0.0,0.0,-0.1,1.93,0.0
20220226:0210,0.0,0.0,0.0,0.0,-0.43,1.72,0.0
20220226:0310,0.0,0.0,0.0,0.0,-0.78,1.66,0.0
20220226:0410,0.0,0.0,0.0,0.0,-1.52,1.79,0.0
20220226:0510,0.0,0.0,0.0,0.0,-2.15,2.0,0.0
20220226:0610,0.0,0.0,0.0,0.0,-2.49,2.07,0.0
20220226:0710,3.0,21.35,0.0,4.18,-2.38,2.14,0.0
20220226:0810,150.01,55.0,0.0,13.21,-0.24,1.59,0.0
20220226:0910,276.01,78.0,0.0,21.15,3.53,2.0,0.0
20220226:1010,381.01,91.0,0.0,27.44,5.54,2.76,0.0
20220226:1110,457.01,93.0,0.0,31.45,7.08,3.66,0.0
20220226:1210,411.01,133.0,0.0,32.63,8.05,4.21,0.0
20220226:1310,445.01,93.0,0.0,30.82,8.67,4.34,0.0
20220226:1410,389.01,74.0,0.0,26.28,8.98,4.41,0.0
20220226:1510,259.01,69.0,0.0,19.58,8.9,4.48,0.0
20220226:1610,107.0,56.0,0.0,11.36,8.37,4.0,0.0
20220226:1710,0.0,5.0,0.0,2.16,7.09,3.66,0.0
20220226:1810,0.0,0.0,0.0,0.0,5.57,3.72,0.0
20220226:1910,0.0,0.0,0.0,0.0,5.04,4.28,0.0
20220226:2010,0.0,0.0,0.0,0.0,4.37,4.28,0.0
20220226:2110,0.0,0.0,0.0,0.0,3.66,3.93,0.0
20220226:2210,0.0,0.0,0.0,0.0,2.95,3.86,0.0
20220226:2310,0.0,0.0,0.0,0.0,2.38,3.93,0.0
20220227:0010,0.0,0.0,0.0,0.0,1.88,3.79,0.0
20220227:0110,0.0,0.0,0.0,0.0,1.27,3.38,0.0
20220227:0210,0.0,0.0,0.0,0.0,0.63,3.17,0.0
20220227:0310,0.0,0.0,0.0,0.0,0.1,3.1,0.0
20220227:0410,0.0,0.0,0.0,0.0,-0.35,3.03,0.0
20220227:0510,0.0,0.0,0.0,0.0,-0.76,3.03,0.0
20220227:0610,0.0,0.0,0.0,0.0,-1.07,3.24,0.0
20220227:0710,4.0,24.08,0.0,4.49,-0.51,3.38,0.0
20220227:0810,158.01,56.0,0.0,13.54,0.67,3.31,0.0
20220227:0910,289.01,78.0,0.0,21.5,2.65,4.14,0.0
20220227:1010,385.01,96.0,0.0,27.81,4.54,4.28,0.0
20220227:1110,460.01,99.0,0.0,31.82,6.28,3.86,0.0
20220227:1210,388.01,155.0,0.0,33.01,7.73,3.72,0.0
20220227:1310,448.01,98.0,0.0,31.18,8.81,3.59,0.0
20220227:1410,359.01,97.0,0.0,26.61,9.47,3.38,0.0
20220227:1510,260.01,74.0,0.0,19.88,9.71,3.38,0.0
20220227:1610,113.0,57.0,0.0,11.64,9.38,3.17,0.0
20220227:1710,0.0,8.0,0.0,2.42,7.99,2.76,0.0
20220227:1810,0.0,0.0,0.0,0.0,5.99,2.83,0.0
20220227:1910,0.0,0.0,0.0,0.0,5.44,3.1,0.0
20220227:2010,0.0,0.0,0.0,0.0,4.53,3.17,0.0
20220227:2110,0.0,0.0,0.0,0.0,3.72,3.1,0.0
20220227:2210,0.0,0.0,0.0,0.0,3.05,3.1,0.0
20220227:2310,0.0,0.0,0.0,0.0,2.4,2.97,0.0
20220228:0010,0.0,0.0,0.0,0.0,1.69,2.76,0.0
20220228:0110,0.0,0.0,0.0,0.0,0.93,2.62,0.0
20220228:0210,0.0,0.0,0.0,0.0,0.2,2.55,0.0
20220228:0310,0.0,0.0,0.0,0.0,-0.43,2.55,0.0
20220228:0410,0.0,0.0,0.0,0.0,-0.94,2.55,0.0
20220228:0510,0.0,0.0,0.0,0.0,-1.44,2.41,0.0
20220228:0610,0.0,0.0,0.0,0.0,-2.24,1.93,0.0
20220228:0710,5.0,25.84,0.0,4.81,-2.23,1.45,0.0
20220228:0810,158.01,60.0,0.0,13.87,-0.65,1.66,0.0
20220228:0910,293.01,80.0,0.0,21.85,2.73,2.48,0.0
20220228:1010,394.01,96.0,0.0,28.17,5.1,2.28,0.0
20220228:1110,469.01,99.0,0.0,32.2,7.39,1.66,0.0
20220228:1210,365.01,174.0,0.0,33.38,9.24,1.59,0.0
20220228:1310,445.01,104.0,0.0,31.53,10.39,1.38,0.0
20220228:1410,367.01,96.0,0.0,26.94,10.98,1.31,0.0
20220228:1510,260.01,78.0,0.0,20.19,11.15,1.66,0.0
20220228:1610,118.0,58.0,0.0,11.92,10.76,1.66,0.0
20220228:1710,0.0,11.0,0.0,2.69,9.39,2.0,0.0
20220228:1810,0.0,0.0,0.0,0.0,7.36,2.34,0.0
20220228:1910,0.0,0.0,0.0,0.0,6.05,1.86,0.0
20220228:2010,0.0,0.0,0.0,0.0,4.18,2.41,0.0
20220228:2110,0.0,0.0,0.0,0.0,2.97,2.34,0.0
20220228:2210,0.0,0.0,0.0,0.0,2.21,1.79,0.0
20220228:2310,0.0,0.0,0.0,0.0,1.63,1.72,0.0
20220301:0010,0.0,0.0,0.0,0.0,0.82,1.86,0.0
20220301:0110,0.0,0.0,0.0,0.0,0.69,1.66,0.0
20220301:0210,0.0,0.0,0.0,0.0,0.36,1.72,0.0
20220301:0310,0.0,0.0,0.0,0.0,0.1,1.79,0.0
20220301:0410,0.0,0.0,0.0,0.0,0.05,1.66,0.0
20220301:0510,0.0,0.0,0.0,0.0,0.43,1.52,0.0
20220301:0610,0.0,0.0,0.0,0.0,0.57,1.59,0.0
20220301:0710,2.0,25.58,0.0,5.13,0.87,1.79,0.0
20220301:0810,21.0,104.0,0.0,14.2,2.69,0.97,0.0
20220301:0910,88.0,172.0,0.0,22.2,4.8,0.48,0.0
20220301:1010,211.01,189.0,0.0,28.55,5.86,0.21,0.0
20220301:1110,234.01,219.0,0.0,32.58,7.29,0.34,0.0
20220301:1210,82.0,274.0,0.0,33.76,7.7,0.55,0.0
20220301:1310,126.0,253.0,0.0,31.89,8.1,0.83,0.0
20220301:1410,23.0,206.0,0.0,27.27,8.54,0.97,0.0
20220301:1510,31.0,158.0,0.0,20.49,8.7,0.83,0.0
20220301:1610,10.0,83.0,0.0,12.2,8.51,1.1,0.0
20220301:1710,0.0,7.0,0.0,2.95,8.11,1.45,0.0
20220301:1810,0.0,0.0,0.0,0.0,7.27,1.72,0.0
20220301:1910,0.0,0.0,0.0,0.0,7.08,2.34,0.0
20220301:2010,0.0,0.0,0.0,0.0,7.02,1.93,0.0
20220301:2110,0.0,0.0,0.0,0.0,6.52,1.79,0.0
20220301:2210,0.0,0.0,0.0,0.0,5.86,1.72,0.0
20220301:2310,0.0,0.0,0.0,0.0,5.37,1.86,0.0
20220302:0010,0.0,0.0,0.0,0.0,4.94,1.93,0.0
20220302:0110,0.0,0.0,0.0,0.0,4.67,1.86,0.0
20220302:0210,0.0,0.0,0.0,0.0,4.28,2.0,0.0
20220302:0310,0.0,0.0,0.0,0.0,4.09,2.0,0.0
20220302:0410,0.0,0.0,0.0,0.0,3.98,2.0,0.0
20220302:0510,0.0,0.0,0.0,0.0,3.95,2.0,0.0
20220302:0610,0.0,0.0,0.0,0.0,3.6,1.86,0.0
20220302:0710,0.0,10.0,0.0,5.45,4.36,2.0,0.0
20220302:0810,2.0,84.0,0.0,14.54,4.97,0.9,0.0
20220302:0910,65.0,179.0,0.0,22.56,6.0,1.38,0.0
20220302:1010,166.0,211.0,0.0,28.92,6.82,1.93,0.0
20220302:1110,319.01,179.0,0.0,32.97,7.73,2.07,0.0
20220302:1210,137.0,270.0,0.0,34.14,8.69,2.0,0.0
20220302:1310,107.0,259.0,0.0,32.26,9.35,1.86,0.0
20220302:1410,61.0,222.0,0.0,27.6,10.44,2.0,0.0
20220302:1510,71.0,162.0,0.0,20.8,10.58,2.34,0.0
20220302:1610,19.0,90.0,0.0,12.48,10.49,2.28,0.0
20220302:1710,0.0,11.0,0.0,3.21,9.57,1.86,0.0
20220302:1810,0.0,0.0,0.0,0.0,8.08,2.07,0.0
20220302:1910,0.0,0.0,0.0,0.0,7.92,1.31,0.0
20220302:2010,0.0,0.0,0.0,0.0,6.24,1.59,0.0
20220302:2110,0.0,0.0,0.0,0.0,5.01,1.66,0.0
20220302:2210,0.0,0.0,0.0,0.0,5.2,1.24,0.0
20220302:2310,0.0,0.0,0.0,0.0,3.46,1.66,0.0
20220303:0010,0.0,0.0,0.0,0.0,2.89,2.07,0.0
20220303:0110,0.0,0.0,0.0,0.0,3.5,2.07,0.0
20220303:0210,0.0,0.0,0.0,0.0,3.93,1.93,0.0
20220303:0310,0.0,0.0,0.0,0.0,4.09,1.86,0.0
20220303:0410,0.0,0.0,0.0,0.0,4.18,1.86,0.0
20220303:0510,0.0,0.0,0.0,0.0,3.93,2.07,0.0
20220303:0610,0.0,0.0,0.0,0.0,4.37,2.07,0.0
20220303:0710,0.0,8.0,0.0,5.78,6.02,1.86,0.0
20220303:0810,3.0,89.0,0.0,14.88,7.54,1.72,0.0
20220303:0910,56.0,181.0,0.0,22.91,9.33,2.41,0.0
20220303:1010,3.0,177.0,0.0,29.29,10.25,2.0,0.0
20220303:1110,7.0,217.0,0.0,33.35,11.08,2.28,0.0
20220303:1210,0.0,111.0,0.0,34.52,11.57,2.48,0.0
20220303:1310,0.0,140.0,0.0,32.62,12.35,2.55,0.0
20220303:1410,35.0,217.0,0.0,27.94,12.59,2.28,0.0
20220303:1510,27.0,161.0,0.0,21.1,12.58,1.79,0.0
20220303:1610,12.0,87.0,0.0,12.76,12.54,1.38,0.0
20220303:1710,0.0,12.0,0.0,3.47,12.01,0.83,0.0
20220303:1810,0.0,0.0,0.0,0.0,11.17,0.69,0.0
20220303:1910,0.0,0.0,0.0,0.0,9.38,1.72,0.0
20220303:2010,0.0,0.0,0.0,0.0,8.85,1.59,0.0
20220303:2110,0.0,0.0,0.0,0.0,8.54,1.38,0.0
20220303:2210,0.0,0.0,0.0,0.0,7.79,1.24,0.0
20220303:2310,0.0,0.0,0.0,0.0,7.22,1.72,0.0
20220304:0010,0.0,0.0,0.0,0.0,6.93,1.72,0.0
20220304:0110,0.0,0.0,0.0,0.0,6.96,1.59,0.0
20220304:0210,0.0,0.0,0.0,0.0,6.83,1.38,0.0
20220304:0310,0.0,0.0,0.0,0.0,6.72,1.31,0.0
20220304:0410,0.0,0.0,0.0,0.0,6.01,1.38,0.0
20220304:0510,0.0,0.0,0.0,0.0,4.87,1.66,0.0
20220304:0610,0.0,0.0,0.0,0.0,4.25,1.93,0.0
20220304:0710,0.0,20.0,0.0,6.11,5.72,1.59,0.0
20220304:0810,4.0,93.0,0.0,15.22,6.96,1.38,0.0
20220304:0910,0.0,121.0,0.0,23.27,8.15,1.31,0.0
20220304:1010,5.0,189.0,0.0,29.67,8.95,0.97,0.0
20220304:1110,25.0,253.0,0.0,33.74,9.65,0.69,0.0
20220304:1210,4.0,212.0,0.0,34.91,10.37,0.76,0.0
20220304:1310,4.0,205.0,0.0,32.98,10.99,0.97,0.0
20220304:1410,0.0,80.0,0.0,28.27,11.27,1.24,0.0
20220304:1510,0.0,52.0,0.0,21.4,11.24,1.45,0.0
20220304:1610,2.0,74.0,0.0,13.04,10.87,1.72,0.0
20220304:1710,0.0,7.0,0.0,3.73,9.88,2.14,0.0
20220304:1810,0.0,0.0,0.0,0.0,8.86,2.41,0.0
20220304:1910,0.0,0.0,0.0,0.0,8.25,2.21,0.0
20220304:2010,0.0,0.0,0.0,0.0,7.9,2.14,0.0
20220304:2110,0.0,0.0,0.0,0.0,7.52,2.14,0.0
20220304:2210,0.0,0.0,0.0,0.0,7.16,2.0,0.0
20220304:2310,0.0,0.0,0.0,0.0,6.88,1.79,0.0
20220305:0010,0.0,0.0,0.0,0.0,6.54,1.59,0.0
20220305:0110,0.0,0.0,0.0,0.0,6.17,1.38,0.0
20220305:0210,0.0,0.0,0.0,0.0,5.66,1.31,0.0
20220305:0310,0.0,0.0,0.0,0.0,5.14,1.24,0.0
20220305:0410,0.0,0.0,0.0,0.0,4.72,1.17,0.0
20220305:0510,0.0,0.0,0.0,0.0,4.25,1.1,0.0
20220305:0610,0.0,0.0,0.0,0.0,3.7,1.1,0.0
20220305:0710,6.0,39.0,0.0,6.44,3.46,1.1,0.0
20220305:0810,10.0,109.0,0.0,15.57,3.85,1.17,0.0
20220305:0910,88.0,188.0,0.0,23.63,4.83,1.45,0.0
20220305:1010,236.01,196.0,0.0,30.05,6.36,1.45,0.0
20220305:1110,321.01,195.0,0.0,34.13,7.77,1.59,0.0
20220305:1210,101.0,289.0,0.0,35.29,9.32,1.79,0.0
20220305:1310,287.01,204.0,0.0,33.35,10.4,2.0,0.0
20220305:1410,338.01,123.0,0.0,28.6,10.81,2.21,0.0
20220305:1510,247.01,96.0,0.0,21.7,10.9,2.41,0.0
20220305:1610,88.0,84.0,0.0,13.31,10.56,2.34,0.0
20220305:1710,0.0,19.0,0.0,3.99,9.5,1.86,0.0
20220305:1810,0.0,0.0,0.0,0.0,7.91,2.14,0.0
20220305:1910,0.0,0.0,0.0,0.0,6.73,2.07,0.0
20220305:2010,0.0,0.0,0.0,0.0,5.67,1.93,0.0
20220305:2110,0.0,0.0,0.0,0.0,4.48,2.0,0.0
20220305:2210,0.0,0.0,0.0,0.0,3.72,2.14,0.0
20220305:2310,0.0,0.0,0.0,0.0,3.21,2.41,0.0
20220306:0010,0.0,0.0,0.0,0.0,2.82,2.48,0.0
20220306:0110,0.0,0.0,0.0,0.0,2.37,2.41,0.0
20220306:0210,0.0,0.0,0.0,0.0,1.94,2.21,0.0
20220306:0310,0.0,0.0,0.0,0.0,1.34,2.34,0.0
20220306:0410,0.0,0.0,0.0,0.0,0.85,2.55,0.0
20220306:0510,0.0,0.0,0.0,0.0,0.39,2.69,0.0
20220306:0610,0.0,0.0,0.0,0.0,-0.01,2.62,0.0
20220306:0710,22.0,45.0,0.0,6.77,0.47,2.48,0.0
20220306:0810,168.0,76.0,0.0,15.91,1.74,2.83,0.0
20220306:0910,299.01,98.0,0.0,24.0,3.24,2.83,0.0
20220306:1010,411.01,109.0,0.0,30.43,5.06,2.9,0.0
20220306:1110,478.01,116.0,0.0,34.52,6.46,3.24,0.0
20220306:1210,484.01,124.0,0.0,35.68,7.32,4.0,0.0
20220306:1310,471.01,111.0,0.0,33.71,7.7,4.69,0.0
20220306:1410,391.01,103.0,0.0,28.94,7.62,4.97,0.0
20220306:1510,285.01,84.0,0.0,22.01,7.52,4.97,0.0
20220306:1610,135.0,67.0,0.0,13.59,7.05,4.69,0.0
20220306:1710,0.0,22.0,0.0,4.26,6.51,3.86,0.0
20220306:1810,0.0,0.0,0.0,0.0,5.8,3.59,0.0
20220306:1910,0.0,0.0,0.0,0.0,4.32,3.03,0.0
20220306:2010,0.0,0.0,0.0,0.0,3.87,3.1,0.0
20220306:2110,0.0,0.0,0.0,0.0,3.4,3.45,0.0
20220306:2210,0.0,0.0,0.0,0.0,3.31,3.86,0.0
20220306:2310,0.0,0.0,0.0,0.0,2.89,4.07,0.0
20220307:0010,0.0,0.0,0.0,0.0,2.75,3.86,0.0
20220307:0110,0.0,0.0,0.0,0.0,1.91,3.59,0.0
20220307:0210,0.0,0.0,0.0,0.0,1.47,3.45,0.0
20220307:0310,0.0,0.0,0.0,0.0,0.68,3.38,0.0
20220307:0410,0.0,0.0,0.0,0.0,0.0,3.31,0.0
20220307:0510,0.0,0.0,0.0,0.0,-0.49,3.38,0.0
20220307:0610,0.0,0.0,0.0,0.0,-1.07,3.31,0.0
20220307:0710,57.0,36.0,0.0,7.11,-0.82,3.45,0.0
20220307:0810,182.01,74.0,0.0,16.26,0.36,3.59,0.0
20220307:0910,308.01,99.0,0.0,24.37,1.86,4.48,0.0
20220307:1010,415.01,112.0,0.0,30.81,3.3,4.41,0.0
20220307:1110,482.01,119.0,0.0,34.91,4.6,4.48,0.0
20220307:1210,494.01,124.0,0.0,36.07,5.51,4.55,0.0
20220307:1310,481.01,111.0,0.0,34.07,6.05,4.62,0.0
20220307:1410,389.01,109.0,0.0,29.27,6.33,4.62,0.0
20220307:1510,285.01,88.0,0.0,22.31,6.36,4.69,0.0
20220307:1610,139.0,68.0,0.0,13.87,6.11,4.55,0.0
20220307:1710,0.0,25.0,0.0,4.52,5.37,3.66,0.0
20220307:1810,0.0,0.0,0.0,0.0,3.94,3.45,0.0
20220307:1910,0.0,0.0,0.0,0.0,3.57,3.72,0.0
20220307:2010,0.0,0.0,0.0,0.0,2.94,3.93,0.0
20220307:2110,0.0,0.0,0.0,0.0,2.37,4.0,0.0
20220307:2210,0.0,0.0,0.0,0.0,1.85,3.93,0.0
20220307:2310,0.0,0.0,0.0,0.0,1.31,3.66,0.0
20220308:0010,0.0,0.0,0.0,0.0,0.71,3.45,0.0
20220308:0110,0.0,0.0,0.0,0.0,0.08,3.38,0.0
20220308:0210,0.0,0.0,0.0,0.0,-0.38,3.31,0.0
20220308:0310,0.0,0.0,0.0,0.0,-0.8,3.24,0.0
20220308:0410,0.0,0.0,0.0,0.0,-1.14,3.17,0.0
20220308:0510,0.0,0.0,0.0,0.0,-1.4,3.1,0.0
20220308:0610,0.0,0.0,0.0,0.0,-1.59,3.03,0.0
20220308:0710,54.0,39.0,0.0,7.45,-1.41,2.83,0.0
20220308:0810,191.01,72.0,0.0,16.61,0.5,2.62,0.0
20220308:0910,312.01,98.0,0.0,24.73,3.12,2.97,0.0
20220308:1010,414.01,113.0,0.0,31.2,5.75,3.1,0.0
20220308:1110,480.01,120.0,0.0,35.31,8.18,3.17,0.0
20220308:1210,498.01,122.0,0.0,36.45,10.19,3.24,0.0
20220308:1310,492.01,105.0,0.0,34.44,11.65,3.24,0.0
20220308:1410,403.01,103.0,0.0,29.6,12.52,3.38,0.0
20220308:1510,292.01,86.0,0.0,22.61,12.83,3.52,0.0
20220308:1610,141.0,69.0,0.0,14.14,12.53,3.17,0.0
20220308:1710,4.0,25.1,0.0,4.77,11.07,2.97,0.0
20220308:1810,0.0,0.0,0.0,0.0,8.87,3.03,0.0
20220308:1910,0.0,0.0,0.0,0.0,7.97,2.83,0.0
20220308:2010,0.0,0.0,0.0,0.0,6.96,2.83,0.0
20220308:2110,0.0,0.0,0.0,0.0,5.94,2.83,0.0
20220308:2210,0.0,0.0,0.0,0.0,5.03,2.76,0.0
20220308:2310,0.0,0.0,0.0,0.0,4.18,2.48,0.0
20220309:0010,0.0,0.0,0.0,0.0,3.44,2.34,0.0
20220309:0110,0.0,0.0,0.0,0.0,2.91,2.28,0.0
20220309:0210,0.0,0.0,0.0,0.0,2.7,2.34,0.0
20220309:0310,0.0,0.0,0.0,0.0,2.76,2.34,0.0
20220309:0410,0.0,0.0,0.0,0.0,2.63,2.28,0.0
20220309:0510,0.0,0.0,0.0,0.0,2.27,2.28,0.0
20220309:0610,0.0,0.0,0.0,0.0,2.0,2.41,0.0
20220309:0710,53.0,42.0,0.0,7.79,2.78,2.41,0.0
20220309:0810,26.0,129.0,0.0,16.97,5.26,2.21,0.0
20220309:0910,165.0,175.0,0.0,25.1,8.17,2.69,0.0
20220309:1010,372.01,135.0,0.0,31.59,10.45,3.03,0.0
20220309:1110,449.01,135.0,0.0,35.7,12.19,3.45,0.0
20220309:1210,370.01,194.0,0.0,36.84,13.38,3.86,0.0
20220309:1310,256.01,233.0,0.0,34.81,14.06,4.14,0.0
20220309:1410,71.0,244.0,0.0,29.94,14.49,4.62,0.0
20220309:1510,206.01,131.0,0.0,22.91,14.37,4.62,0.0
20220309:1610,106.0,87.0,0.0,14.42,14.12,4.14,0.0
20220309:1710,3.0,26.33,0.0,5.03,12.92,3.52,0.0
20220309:1810,0.0,0.0,0.0,0.0,11.01,3.31,0.0
20220309:1910,0.0,0.0,0.0,0.0,9.95,3.24,0.0
20220309:2010,0.0,0.0,0.0,0.0,9.13,3.38,0.0
20220309:2110,0.0,0.0,0.0,0.0,8.51,3.38,0.0
20220309:2210,0.0,0.0,0.0,0.0,7.91,3.31,0.0
20220309:2310,0.0,0.0,0.0,0.0,7.31,3.17,0.0
20220310:0010,0.0,0.0,0.0,0.0,6.73,3.03,0.0
20220310:0110,0.0,0.0,0.0,0.0,6.16,2.83,0.0
20220310:0210,0.0,0.0,0.0,0.0,5.5,2.69,0.0
20220310:0310,0.0,0.0,0.0,0.0,5.0,2.55,0.0
20220310:0410,0.0,0.0,0.0,0.0,4.52,2.41,0.0
20220310:0510,0.0,0.0,0.0,0.0,3.85,2.41,0.0
20220310:0610,0.0,0.0,0.0,0.0,3.38,2.34,0.0
20220310:0710,61.0,42.0,0.0,8.13,4.2,2.41,0.0
20220310:0810,191.0,76.0,0.0,17.32,6.09,2.21,0.0
20220310:0910,304.01,105.0,0.0,25.47,8.92,2.41,0.0
20220310:1010,363.01,145.0,0.0,31.97,11.26,2.48,0.0
20220310:1110,478.01,122.0,0.0,36.1,13.12,2.62,0.0
20220310:1210,502.01,121.0,0.0,37.23,14.6,2.83,0.0
20220310:1310,463.01,121.0,0.0,35.17,15.46,3.17,0.0
20220310:1410,396.01,107.0,0.0,30.27,15.74,3.38,0.0
20220310:1510,276.01,96.0,0.0,23.21,15.71,3.52,0.0
20220310:1610,149.0,69.0,0.0,14.69,15.32,3.24,0.0
20220310:1710,5.0,28.83,0.0,5.29,14.15,2.83,0.0
20220310:1810,0.0,0.0,0.0,0.0,11.89,3.03,0.0
20220310:1910,0.0,0.0,0.0,0.0,10.41,2.9,0.0
20220310:2010,0.0,0.0,0.0,0.0,9.34,2.9,0.0
20220310:2110,0.0,0.0,0.0,0.0,8.44,2.76,0.0
20220310:2210,0.0,0.0,0.0,0.0,7.74,2.69,0.0
20220310:2310,0.0,0.0,0.0,0.0,6.98,2.76,0.0
20220311:0010,0.0,0.0,0.0,0.0,6.73,2.9,0.0
20220311:0110,0.0,0.0,0.0,0.0,6.58,3.03,0.0
20220311:0210,0.0,0.0,0.0,0.0,6.33,3.24,0.0
20220311:0310,0.0,0.0,0.0,0.0,6.22,3.52,0.0
20220311:0410,0.0,0.0,0.0,0.0,6.13,3.79,0.0
20220311:0510,0.0,0.0,0.0,0.0,6.03,4.0,0.0
20220311:0610,0.0,0.0,0.0,0.0,6.0,4.21,0.0
20220311:0710,29.0,56.0,0.0,8.47,7.18,4.48,0.0
20220311:0810,71.0,132.0,0.0,17.68,8.51,4.48,0.0
20220311:0910,58.0,207.0,0.0,25.85,10.23,5.03,0.0
20220311:1010,23.0,241.0,0.0,32.36,11.85,5.86,0.0
20220311:1110,0.0,167.0,0.0,36.5,13.01,6.07,0.0
20220311:1210,0.0,153.0,0.0,37.62,13.75,6.0,0.0
20220311:1310,11.0,241.0,0.0,35.54,14.27,6.97,0.0
20220311:1410,0.0,76.0,0.0,30.6,13.1,5.79,0.0
20220311:1510,0.0,67.0,0.0,23.51,11.65,5.66,0.0
20220311:1610,0.0,74.0,0.0,14.97,11.05,4.97,0.0
20220311:1710,0.0,14.0,0.0,5.55,10.88,4.83,0.0
20220311:1810,0.0,0.0,0.0,0.0,10.34,4.69,0.0
20220311:1910,0.0,0.0,0.0,0.0,9.2,4.28,0.0
20220311:2010,0.0,0.0,0.0,0.0,9.07,4.41,0.0
20220311:2110,0.0,0.0,0.0,0.0,8.57,4.28,0.0
20220311:2210,0.0,0.0,0.0,0.0,8.3,4.55,0.0
20220311:2310,0.0,0.0,0.0,0.0,7.96,4.55,0.0
20220312:0010,0.0,0.0,0.0,0.0,7.45,4.34,0.0
20220312:0110,0.0,0.0,0.0,0.0,7.06,4.34,0.0
20220312:0210,0.0,0.0,0.0,0.0,6.69,3.93,0.0
20220312:0310,0.0,0.0,0.0,0.0,6.2,3.24,0.0
20220312:0410,0.0,0.0,0.0,0.0,5.72,3.1,0.0
20220312:0510,0.0,0.0,0.0,0.0,5.72,3.03,0.0
20220312:0610,0.0,0.0,0.0,0.0,5.82,2.97,0.0
20220312:0710,1.0,41.0,0.0,8.82,6.22,2.97,0.0
20220312:0810,23.0,135.0,0.0,18.03,7.31,2.55,0.0
20220312:0910,14.0,187.0,0.0,26.22,8.79,2.97,0.0
20220312:1010,58.0,263.0,0.0,32.75,9.95,4.07,0.0
20220312:1110,1.0,198.0,0.0,36.9,9.82,3.93,0.0
20220312:1210,8.0,249.0,0.0,38.01,9.33,3.72,0.0
20220312:1310,0.0,184.0,0.0,35.9,9.18,4.0,0.0
20220312:1410,0.0,97.0,0.0,30.93,8.97,4.14,0.0
20220312:1510,0.0,105.0,0.0,23.81,8.97,4.55,0.0
20220312:1610,0.0,68.0,0.0,15.24,8.79,4.69,0.0
20220312:1710,3.0,32.0,0.0,5.81,8.51,4.62,0.0
20220312:1810,0.0,0.0,0.0,0.0,8.1,4.41,0.0
20220312:1910,0.0,0.0,0.0,0.0,7.71,5.59,0.0
20220312:2010,0.0,0.0,0.0,0.0,7.67,5.66,0.0
20220312:2110,0.0,0.0,0.0,0.0,8.2,6.0,0.0
20220312:2210,0.0,0.0,0.0,0.0,8.5,6.41,0.0
20220312:2310,0.0,0.0,0.0,0.0,8.61,6.21,0.0
20220313:0010,0.0,0.0,0.0,0.0,8.66,5.52,0.0
20220313:0110,0.0,0.0,0.0,0.0,8.64,4.97,0.0
20220313:0210,0.0,0.0,0.0,0.0,8.51,4.62,0.0
20220313:0310,0.0,0.0,0.0,0.0,8.33,4.48,0.0
20220313:0410,0.0,0.0,0.0,0.0,7.97,4.34,0.0
20220313:0510,0.0,0.0,0.0,0.0,7.59,4.34,0.0
20220313:0610,0.0,0.0,0.0,0.0,7.26,4.28,0.0
20220313:0710,42.0,59.0,0.0,9.16,7.45,4.69,0.0
20220313:0810,209.01,78.0,0.0,18.39,8.03,4.69,0.0
20220313:0910,41.0,210.0,0.0,26.6,8.84,4.62,0.0
20220313:1010,0.0,143.0,0.0,33.14,9.85,4.69,0.0
20220313:1110,0.0,145.0,0.0,37.3,10.64,5.1,0.0
20220313:1210,0.0,142.0,0.0,38.41,10.54,4.76,0.0
20220313:1310,0.0,189.0,0.0,36.27,9.97,5.1,0.0
20220313:1410,1.0,174.0,0.0,31.26,9.79,5.38,0.0
20220313:1510,0.0,72.0,0.0,24.11,9.19,4.9,0.0
20220313:1610,2.0,88.0,0.0,15.51,8.49,4.83,0.0
20220313:1710,1.0,30.0,0.0,6.06,7.66,3.86,0.0
20220313:1810,0.0,0.0,0.0,0.0,7.22,3.24,0.0
20220313:1910,0.0,0.0,0.0,0.0,7.08,4.21,0.0
20220313:2010,0.0,0.0,0.0,0.0,7.09,4.07,0.0
20220313:2110,0.0,0.0,0.0,0.0,6.85,3.59,0.0
20220313:2210,0.0,0.0,0.0,0.0,6.34,3.66,0.0
20220313:2310,0.0,0.0,0.0,0.0,6.27,3.72,0.0
20220314:0010,0.0,0.0,0.0,0.0,6.44,4.0,0.0
20220314:0110,0.0,0.0,0.0,0.0,6.54,3.72,0.0
20220314:0210,0.0,0.0,0.0,0.0,6.41,3.1,0.0
20220314:0310,0.0,0.0,0.0,0.0,5.51,2.76,0.0
20220314:0410,0.0,0.0,0.0,0.0,4.63,2.55,0.0
20220314:0510,0.0,0.0,0.0,0.0,4.12,2.41,0.0
20220314:0610,0.0,0.0,0.0,0.0,3.53,2.14,0.0
20220314:0710,0.0,33.0,0.0,9.51,3.8,2.28,0.0
20220314:0810,224.01,76.0,0.0,18.75,5.27,2.0,0.0
20220314:0910,368.01,88.0,0.0,26.97,6.99,1.93,0.0
20220314:1010,484.01,94.0,0.0,33.54,9.28,2.07,0.0
20220314:1110,557.01,95.0,0.0,37.7,11.55,2.62,0.0
20220314:1210,575.01,96.0,0.0,38.8,12.92,2.55,0.0
20220314:1310,538.01,96.0,0.0,36.63,13.62,2.21,0.0
20220314:1410,394.01,122.0,0.0,31.59,14.02,2.0,0.0
20220314:1510,322.01,85.0,0.0,24.4,14.16,2.28,0.0
20220314:1610,155.0,77.0,0.0,15.78,13.82,2.9,0.0
20220314:1710,37.0,34.0,0.0,6.32,12.6,2.83,0.0
20220314:1810,0.0,0.0,0.0,0.0,10.89,2.97,0.0
20220314:1910,0.0,0.0,0.0,0.0,9.8,3.03,0.0
20220314:2010,0.0,0.0,0.0,0.0,8.86,3.03,0.0
20220314:2110,0.0,0.0,0.0,0.0,8.48,3.03,0.0
20220314:2210,0.0,0.0,0.0,0.0,8.03,3.03,0.0
20220314:2310,0.0,0.0,0.0,0.0,7.84,3.03,0.0
20220315:0010,0.0,0.0,0.0,0.0,7.49,2.9,0.0
20220315:0110,0.0,0.0,0.0,0.0,7.48,2.69,0.0
20220315:0210,0.0,0.0,0.0,0.0,7.59,2.48,0.0
20220315:0310,0.0,0.0,0.0,0.0,7.51,2.34,0.0
20220315:0410,0.0,0.0,0.0,0.0,7.5,2.28,0.0
20220315:0510,0.0,0.0,0.0,0.0,7.46,2.14,0.0
20220315:0610,0.0,0.0,0.0,0.0,7.6,1.72,0.0
20220315:0710,0.0,39.0,0.0,9.86,8.08,1.52,0.0
20220315:0810,0.0,81.0,0.0,19.11,8.99,1.03,0.0
20220315:0910,0.0,54.0,0.0,27.35,10.51,1.03,0.0
20220315:1010,0.0,108.0,0.0,33.93,11.46,0.62,0.0
20220315:1110,0.0,97.0,0.0,38.1,11.94,0.55,0.0
20220315:1210,0.0,111.0,0.0,39.19,12.13,0.69,0.0
20220315:1310,25.0,272.0,0.0,37.0,12.49,1.03,0.0
20220315:1410,34.0,244.0,0.0,31.92,12.94,1.1,0.0
20220315:1510,29.0,188.0,0.0,24.7,13.4,1.45,0.0
20220315:1610,22.0,117.0,0.0,16.05,14.07,1.79,0.0
20220315:1710,6.0,39.0,0.0,6.57,13.67,1.52,0.0
20220315:1810,0.0,0.0,0.0,0.0,12.48,2.14,0.0
20220315:1910,0.0,0.0,0.0,0.0,11.0,2.0,0.0
20220315:2010,0.0,0.0,0.0,0.0,10.82,2.28,0.0
20220315:2110,0.0,0.0,0.0,0.0,10.58,2.55,0.0
20220315:2210,0.0,0.0,0.0,0.0,10.33,2.48,0.0
20220315:2310,0.0,0.0,0.0,0.0,10.05,2.41,0.0
20220316:0010,0.0,0.0,0.0,0.0,9.63,2.34,0.0
20220316:0110,0.0,0.0,0.0,0.0,9.12,2.28,0.0
20220316:0210,0.0,0.0,0.0,0.0,8.73,2.28,0.0
20220316:0310,0.0,0.0,0.0,0.0,8.22,2.14,0.0
20220316:0410,0.0,0.0,0.0,0.0,7.72,2.07,0.0
20220316:0510,0.0,0.0,0.0,0.0,7.14,2.07,0.0
20220316:0610,0.0,0.0,0.0,0.0,6.75,2.07,0.0
20220316:0710,1.0,49.0,0.0,10.21,7.44,1.52,0.0
20220316:0810,0.0,66.0,0.0,19.48,8.97,1.93,0.0
20220316:0910,0.0,106.0,0.0,27.73,10.81,2.0,0.0
20220316:1010,0.0,125.0,0.0,34.33,13.04,2.07,0.0
20220316:1110,6.0,241.0,0.0,38.5,15.12,2.28,0.0
20220316:1210,8.0,256.0,0.0,39.58,16.61,2.48,0.0
20220316:1310,4.0,226.0,0.0,37.36,17.81,2.97,0.0
20220316:1410,0.0,97.0,0.0,32.25,18.36,3.1,0.0
20220316:1510,0.0,92.0,0.0,24.99,18.53,2.9,0.0
20220316:1610,0.0,58.0,0.0,16.32,18.22,2.41,0.0
20220316:1710,2.0,33.0,0.0,6.83,16.92,2.07,0.0
20220316:1810,0.0,0.0,0.0,0.0,15.29,2.41,0.0
20220316:1910,0.0,0.0,0.0,0.0,13.05,2.41,0.0
20220316:2010,0.0,0.0,0.0,0.0,13.1,2.28,0.0
20220316:2110,0.0,0.0,0.0,0.0,13.03,2.76,0.0
20220316:2210,0.0,0.0,0.0,0.0,12.8,3.86,0.0
20220316:2310,0.0,0.0,0.0,0.0,11.96,4.28,0.0
20220317:0010,0.0,0.0,0.0,0.0,11.11,3.86,0.0
20220317:0110,0.0,0.0,0.0,0.0,10.36,3.93,0.0
20220317:0210,0.0,0.0,0.0,0.0,9.68,4.28,0.0
20220317:0310,0.0,0.0,0.0,0.0,9.0,4.21,0.0
20220317:0410,0.0,0.0,0.0,0.0,8.31,4.0,0.0
20220317:0510,0.0,0.0,0.0,0.0,7.44,3.93,0.0
20220317:0610,0.0,0.0,0.0,0.0,6.77,4.0,0.0
20220317:0710,2.0,60.0,0.0,10.56,6.55,4.21,0.0
20220317:0810,1.0,105.0,0.0,19.84,6.34,4.41,0.0
20220317:0910,0.0,115.0,0.0,28.11,6.67,4.41,0.0
20220317:1010,0.0,126.0,0.0,34.72,7.27,4.28,0.0
20220317:1110,0.0,129.0,0.0,38.9,8.09,4.14,0.0
20220317:1210,0.0,139.0,0.0,39.98,8.91,4.07,0.0
20220317:1310,0.0,185.0,0.0,37.73,9.52,4.14,0.0
20220317:1410,1.0,175.0,0.0,32.58,10.09,4.41,0.0
20220317:1510,1.0,132.0,0.0,25.29,10.29,4.55,0.0
20220317:1610,4.0,104.0,0.0,16.59,10.19,4.55,0.0
20220317:1710,4.0,40.0,0.0,7.08,9.86,4.0,0.0
20220317:1810,0.0,0.0,0.0,0.0,8.87,3.52,0.0
20220317:1910,0.0,0.0,0.0,0.0,7.55,3.24,0.0
20220317:2010,0.0,0.0,0.0,0.0,6.81,3.17,0.0
20220317:2110,0.0,0.0,0.0,0.0,6.2,3.24,0.0
20220317:2210,0.0,0.0,0.0,0.0,5.6,3.24,0.0
20220317:2310,0.0,0.0,0.0,0.0,5.12,3.31,0.0
20220318:0010,0.0,0.0,0.0,0.0,4.67,3.24,0.0
20220318:0110,0.0,0.0,0.0,0.0,4.26,3.24,0.0
20220318:0210,0.0,0.0,0.0,0.0,3.9,3.38,0.0
20220318:0310,0.0,0.0,0.0,0.0,3.59,3.59,0.0
20220318:0410,0.0,0.0,0.0,0.0,3.43,3.79,0.0
20220318:0510,0.0,0.0,0.0,0.0,3.33,3.93,0.0
20220318:0610,0.0,0.0,0.0,0.0,3.2,3.93,0.0
20220318:0710,17.0,79.0,0.0,10.91,3.81,4.28,0.0
20220318:0810,37.0,161.0,0.0,20.2,5.48,4.28,0.0
20220318:0910,65.0,236.0,0.0,28.49,7.51,5.1,0.0
20220318:1010,234.0,253.0,0.0,35.12,9.35,5.59,0.0
20220318:1110,440.01,188.0,0.0,39.31,10.86,5.66,0.0
20220318:1210,487.01,172.0,0.0,40.37,12.1,6.07,0.0
20220318:1310,317.01,243.0,0.0,38.09,12.98,6.69,0.0
20220318:1410,238.0,229.0,0.0,32.91,13.44,7.1,0.0
20220318:1510,186.0,176.0,0.0,25.58,13.48,7.03,0.0
20220318:1610,142.0,100.0,0.0,16.86,13.13,6.21,0.0
20220318:1710,53.0,38.0,0.0,7.33,12.26,5.86,0.0
20220318:1810,0.0,0.0,0.0,0.0,11.09,5.72,0.0
20220318:1910,0.0,0.0,0.0,0.0,10.59,6.0,0.0
20220318:2010,0.0,0.0,0.0,0.0,9.81,5.66,0.0
20220318:2110,0.0,0.0,0.0,0.0,9.17,5.72,0.0
20220318:2210,0.0,0.0,0.0,0.0,8.62,5.45,0.0
20220318:2310,0.0,0.0,0.0,0.0,8.05,5.24,0.0
20220319:0010,0.0,0.0,0.0,0.0,7.53,5.03,0.0
20220319:0110,0.0,0.0,0.0,0.0,7.01,4.97,0.0
20220319:0210,0.0,0.0,0.0,0.0,6.6,5.1,0.0
20220319:0310,0.0,0.0,0.0,0.0,6.33,5.31,0.0
20220319:0410,0.0,0.0,0.0,0.0,6.14,5.38,0.0
20220319:0510,0.0,0.0,0.0,0.0,5.97,5.24,0.0
20220319:0610,0.0,0.0,0.0,0.0,5.8,5.1,0.0
20220319:0710,108.0,54.0,0.0,11.26,6.44,5.24,0.0
20220319:0810,243.0,88.0,0.0,20.56,7.59,4.62,0.0
20220319:0910,380.01,105.0,0.0,28.87,8.97,5.52,0.0
20220319:1010,502.01,109.0,0.0,35.51,10.34,5.59,0.0
20220319:1110,586.01,105.0,0.0,39.71,11.63,5.45,0.0
20220319:1210,625.01,93.0,0.0,40.76,12.74,5.38,0.0
20220319:1310,580.01,96.0,0.0,38.46,13.57,5.24,0.0
20220319:1410,483.01,96.0,0.0,33.23,14.05,5.1,0.0
20220319:1510,348.01,91.0,0.0,25.87,14.12,5.03,0.0
20220319:1610,196.0,74.0,0.0,17.12,13.74,4.76,0.0
20220319:1710,61.0,37.0,0.0,7.58,12.74,3.93,0.0
20220319:1810,0.0,0.0,0.0,0.0,11.07,3.79,0.0
20220319:1910,0.0,0.0,0.0,0.0,10.38,3.45,0.0
20220319:2010,0.0,0.0,0.0,0.0,9.4,3.72,0.0
20220319:2110,0.0,0.0,0.0,0.0,8.61,4.0,0.0
20220319:2210,0.0,0.0,0.0,0.0,7.88,4.07,0.0
20220319:2310,0.0,0.0,0.0,0.0,7.07,4.0,0.0
20220320:0010,0.0,0.0,0.0,0.0,6.2,3.86,0.0
20220320:0110,0.0,0.0,0.0,0.0,5.37,3.59,0.0
20220320:0210,0.0,0.0,0.0,0.0,4.65,3.45,0.0
20220320:0310,0.0,0.0,0.0,0.0,3.95,3.31,0.0
20220320:0410,0.0,0.0,0.0,0.0,3.34,2.97,0.0
20220320:0510,0.0,0.0,0.0,0.0,2.73,2.62,0.0
20220320:0610,0.0,3.0,0.0,1.82,2.15,2.34,0.0
20220320:0710,112.0,55.0,0.0,11.62,3.22,2.07,0.0
20220320:0810,248.0,87.0,0.0,20.93,4.92,2.07,0.0
20220320:0910,377.01,107.0,0.0,29.24,6.4,1.86,0.0
20220320:1010,181.0,274.0,0.0,35.91,7.78,1.59,0.0
20220320:1110,478.01,165.0,0.0,40.11,9.0,1.52,0.0
20220320:1210,482.01,174.0,0.0,41.15,9.83,1.66,0.0
20220320:1310,552.01,109.0,0.0,38.82,10.05,2.07,0.0
20220320:1410,361.01,164.0,0.0,33.56,10.21,2.28,0.0
20220320:1510,11.0,183.0,0.0,26.16,10.14,2.34,0.0
20220320:1610,8.0,118.0,0.0,17.39,10.07,2.34,0.0
20220320:1710,3.0,45.0,0.0,7.83,9.78,2.21,0.0
20220320:1810,0.0,0.0,0.0,0.0,8.77,2.21,0.0
20220320:1910,0.0,0.0,0.0,0.0,9.48,2.07,0.0
20220320:2010,0.0,0.0,0.0,0.0,9.19,2.07,0.0
20220320:2110,0.0,0.0,0.0,0.0,8.81,2.0,0.0
20220320:2210,0.0,0.0,0.0,0.0,8.5,1.93,0.0
20220320:2310,0.0,0.0,0.0,0.0,8.01,2.0,0.0
20220321:0010,0.0,0.0,0.0,0.0,7.73,2.07,0.0
20220321:0110,0.0,0.0,0.0,0.0,7.34,2.21,0.0
20220321:0210,0.0,0.0,0.0,0.0,7.03,2.21,0.0
20220321:0310,0.0,0.0,0.0,0.0,6.61,2.21,0.0
20220321:0410,0.0,0.0,0.0,0.0,6.09,2.21,0.0
20220321:0510,0.0,0.0,0.0,0.0,5.73,2.21,0.0
20220321:0610,0.0,4.0,0.0,2.16,5.92,2.14,0.0
20220321:0710,86.0,68.0,0.0,11.97,6.48,1.79,0.0
20220321:0810,228.0,96.0,0.0,21.29,9.38,1.79,0.0
20220321:0910,370.01,110.0,0.0,29.62,11.61,2.21,0.0
20220321:1010,489.01,113.0,0.0,36.3,13.32,2.55,0.0
20220321:1110,578.01,105.0,0.0,40.51,14.62,2.83,0.0
20220321:1210,608.01,98.0,0.0,41.54,15.58,3.03,0.0
20220321:1310,549.01,108.0,0.0,39.18,16.19,3.1,0.0
20220321:1410,462.01,104.0,0.0,33.88,16.59,3.03,0.0
20220321:1510,306.01,110.0,0.0,26.45,16.67,2.9,0.0
20220321:1610,179.0,83.0,0.0,17.65,16.41,2.62,0.0
20220321:1710,58.0,42.0,0.0,8.08,15.66,2.55,0.0
20220321:1810,0.0,0.0,0.0,0.0,14.1,2.76,0.0
20220321:1910,0.0,0.0,0.0,0.0,13.29,2.76,0.0
20220321:2010,0.0,0.0,0.0,0.0,12.31,2.83,0.0
20220321:2110,0.0,0.0,0.0,0.0,11.35,2.9,0.0
20220321:2210,0.0,0.0,0.0,0.0,10.61,2.97,0.0
20220321:2310,0.0,0.0,0.0,0.0,10.0,3.1,0.0
20220322:0010,0.0,0.0,0.0,0.0,9.53,3.03,0.0
20220322:0110,0.0,0.0,0.0,0.0,8.88,2.9,0.0
20220322:0210,0.0,0.0,0.0,0.0,8.19,2.69,0.0
20220322:0310,0.0,0.0,0.0,0.0,7.49,2.48,0.0
20220322:0410,0.0,0.0,0.0,0.0,6.7,2.28,0.0
20220322:0510,0.0,0.0,0.0,0.0,5.88,2.21,0.0
20220322:0610,0.0,8.0,0.0,2.51,5.26,2.28,0.0
20220322:0710,112.0,62.0,0.0,12.32,6.4,2.34,0.0
20220322:0810,242.0,97.0,0.0,21.66,9.24,2.34,0.0
20220322:0910,384.01,111.0,0.0,30.0,11.47,2.9,0.0
20220322:1010,503.01,115.0,0.0,36.7,13.01,3.31,0.0
20220322:1110,585.01,111.0,0.0,40.92,14.24,3.59,0.0
20220322:1210,569.01,129.0,0.0,41.93,15.23,3.86,0.0
20220322:1310,563.01,110.0,0.0,39.54,15.93,4.14,0.0
20220322:1410,475.01,106.0,0.0,34.2,16.29,4.34,0.0
20220322:1510,349.01,96.0,0.0,26.74,16.31,4.48,0.0
20220322:1610,202.0,77.0,0.0,17.92,15.93,3.93,0.0
20220322:1710,62.0,43.0,0.0,8.33,14.83,3.17,0.0
20220322:1810,0.0,0.0,0.0,0.0,12.84,2.83,0.0
20220322:1910,0.0,0.0,0.0,0.0,11.57,2.83,0.0
20220322:2010,0.0,0.0,0.0,0.0,10.42,2.9,0.0
20220322:2110,0.0,0.0,0.0,0.0,9.59,3.03,0.0
20220322:2210,0.0,0.0,0.0,0.0,8.92,3.03,0.0
20220322:2310,0.0,0.0,0.0,0.0,8.24,2.97,0.0
20220323:0010,0.0,0.0,0.0,0.0,7.49,2.76,0.0
20220323:0110,0.0,0.0,0.0,0.0,6.71,2.69,0.0
20220323:0210,0.0,0.0,0.0,0.0,5.97,2.48,0.0
20220323:0310,0.0,0.0,0.0,0.0,5.14,2.28,0.0
20220323:0410,0.0,0.0,0.0,0.0,4.19,2.07,0.0
20220323:0510,0.0,0.0,0.0,0.0,3.2,1.93,0.0
20220323:0610,0.0,9.0,0.0,2.86,2.37,1.79,0.0
20220323:0710,127.0,60.0,0.0,12.67,4.08,1.31,0.0
20220323:0810,265.0,91.0,0.0,22.02,8.2,1.38,0.0
20220323:0910,397.01,111.0,0.0,30.38,10.84,1.86,0.0
20220323:1010,518.01,114.0,0.0,37.09,12.94,2.14,0.0
20220323:1110,601.01,110.0,0.0,41.32,14.5,2.55,0.0
20220323:1210,576.01,132.0,0.0,42.33,15.52,2.83,0.0
20220323:1310,585.01,105.0,0.0,39.9,16.14,3.03,0.0
20220323:1410,495.01,101.0,0.0,34.52,16.43,3.24,0.0
20220323:1510,370.01,90.0,0.0,27.03,16.44,3.24,0.0
20220323:1610,214.0,76.0,0.0,18.18,16.15,3.1,0.0
20220323:1710,68.0,44.0,0.0,8.58,15.21,2.34,0.0
20220323:1810,0.0,0.0,0.0,0.0,13.29,2.62,0.0
20220323:1910,0.0,0.0,0.0,0.0,11.98,2.69,0.0
20220323:2010,0.0,0.0,0.0,0.0,10.79,2.69,0.0
20220323:2110,0.0,0.0,0.0,0.0,9.81,2.76,0.0
20220323:2210,0.0,0.0,0.0,0.0,8.94,2.69,0.0
20220323:2310,0.0,0.0,0.0,0.0,8.13,2.62,0.0
20220324:0010,0.0,0.0,0.0,0.0,7.38,2.48,0.0
20220324:0110,0.0,0.0,0.0,0.0,6.63,2.41,0.0
20220324:0210,0.0,0.0,0.0,0.0,5.85,2.28,0.0
20220324:0310,0.0,0.0,0.0,0.0,5.04,2.14,0.0
20220324:0410,0.0,0.0,0.0,0.0,4.26,2.07,0.0
20220324:0510,0.0,0.0,0.0,0.0,3.61,2.07,0.0
20220324:0610,1.0,11.84,0.0,3.21,3.16,2.14,0.0
20220324:0710,131.0,61.0,0.0,13.03,4.08,1.45,0.0
20220324:0810,271.0,91.0,0.0,22.38,8.07,1.45,0.0
20220324:0910,410.01,107.0,0.0,30.76,10.54,1.52,0.0
20220324:1010,527.01,111.0,0.0,37.49,13.01,1.66,0.0
20220324:1110,610.01,107.0,0.0,41.72,15.13,1.86,0.0
20220324:1210,585.01,129.0,0.0,42.72,16.68,2.07,0.0
20220324:1310,579.01,109.0,0.0,40.26,17.61,2.28,0.0
20220324:1410,496.01,102.0,0.0,34.84,18.08,2.28,0.0
20220324:1510,362.01,96.0,0.0,27.31,18.14,2.21,0.0
20220324:1610,207.0,81.0,0.0,18.44,17.85,2.14,0.0
20220324:1710,63.0,48.0,0.0,8.83,16.73,2.0,0.0
20220324:1810,0.0,0.0,0.0,0.0,14.52,2.69,0.0
20220324:1910,0.0,0.0,0.0,0.0,12.83,2.83,0.0
20220324:2010,0.0,0.0,0.0,0.0,11.52,2.76,0.0
20220324:2110,0.0,0.0,0.0,0.0,10.4,2.83,0.0
20220324:2210,0.0,0.0,0.0,0.0,9.56,3.03,0.0
20220324:2310,0.0,0.0,0.0,0.0,8.99,3.17,0.0
20220325:0010,0.0,0.0,0.0,0.0,8.49,3.17,0.0
20220325:0110,0.0,0.0,0.0,0.0,7.93,2.97,0.0
20220325:0210,0.0,0.0,0.0,0.0,7.32,2.83,0.0
20220325:0310,0.0,0.0,0.0,0.0,6.72,2.76,0.0
20220325:0410,0.0,0.0,0.0,0.0,6.15,2.69,0.0
20220325:0510,0.0,0.0,0.0,0.0,5.66,2.69,0.0
20220325:0610,1.0,13.84,0.0,3.55,5.23,2.62,0.0
20220325:0710,131.0,65.0,0.0,13.38,6.43,2.76,0.0
20220325:0810,267.0,97.0,0.0,22.74,8.91,2.97,0.0
20220325:0910,407.01,112.0,0.0,31.14,11.42,3.38,0.0
20220325:1010,528.01,115.0,0.0,37.88,13.73,3.59,0.0
20220325:1110,618.01,107.0,0.0,42.12,15.57,3.86,0.0
20220325:1210,601.01,124.0,0.0,43.1,16.76,4.21,0.0
20220325:1310,594.01,105.0,0.0,40.62,17.31,4.34,0.0
20220325:1410,503.01,102.0,0.0,35.16,17.44,4.28,0.0
20220325:1510,363.01,99.0,0.0,27.59,17.23,4.21,0.0
20220325:1610,210.0,82.0,0.0,18.7,16.72,3.72,0.0
20220325:1710,61.0,51.0,0.0,9.07,15.55,3.24,0.0
20220325:1810,0.0,0.0,0.0,0.0,13.5,3.1,0.0
20220325:1910,0.0,0.0,0.0,0.0,12.3,3.45,0.0
20220325:2010,0.0,0.0,0.0,0.0,11.16,3.52,0.0
20220325:2110,0.0,0.0,0.0,0.0,10.19,3.38,0.0
20220325:2210,0.0,0.0,0.0,0.0,9.34,3.24,0.0
20220325:2310,0.0,0.0,0.0,0.0,8.58,3.31,0.0
20220326:0010,0.0,0.0,0.0,0.0,7.99,3.45,0.0
20220326:0110,0.0,0.0,0.0,0.0,7.5,3.31,0.0
20220326:0210,0.0,0.0,0.0,0.0,6.96,3.03,0.0
20220326:0310,0.0,0.0,0.0,0.0,6.44,2.97,0.0
20220326:0410,0.0,0.0,0.0,0.0,6.04,2.97,0.0
20220326:0510,0.0,0.0,0.0,0.0,5.71,2.9,0.0
20220326:0610,1.0,17.81,0.0,3.9,5.43,2.83,0.0
20220326:0710,140.0,65.0,0.0,13.73,6.63,2.83,0.0
20220326:0810,284.0,93.0,0.0,23.11,9.12,3.1,0.0
20220326:0910,422.01,110.0,0.0,31.52,11.52,3.66,0.0
20220326:1010,538.01,116.0,0.0,38.28,13.69,3.86,0.0
20220326:1110,621.01,111.0,0.0,42.52,15.49,4.07,0.0
20220326:1210,603.01,129.0,0.0,43.49,16.66,4.41,0.0
20220326:1310,597.01,109.0,0.0,40.97,17.2,4.76,0.0
20220326:1410,506.01,105.0,0.0,35.48,17.3,4.83,0.0
20220326:1510,377.01,96.0,0.0,27.88,17.16,4.83,0.0
20220326:1610,219.0,81.0,0.0,18.95,16.75,4.55,0.0
20220326:1710,74.0,48.0,0.0,9.32,15.74,3.93,0.0
20220326:1810,0.0,0.0,0.0,0.0,14.02,3.79,0.0
20220326:1910,0.0,0.0,0.0,0.0,12.81,3.52,0.0
20220326:2010,0.0,0.0,0.0,0.0,11.77,3.59,0.0
20220326:2110,0.0,0.0,0.0,0.0,10.92,3.52,0.0
20220326:2210,0.0,0.0,0.0,0.0,10.17,3.45,0.0
20220326:2310,0.0,0.0,0.0,0.0,9.5,3.38,0.0
20220327:0010,0.0,0.0,0.0,0.0,8.85,3.31,0.0
20220327:0110,0.0,0.0,0.0,0.0,8.27,3.17,0.0
20220327:0210,0.0,0.0,0.0,0.0,7.73,3.03,0.0
20220327:0310,0.0,0.0,0.0,0.0,7.21,2.9,0.0
20220327:0410,0.0,0.0,0.0,0.0,6.68,2.76,0.0
20220327:0510,0.0,0.0,0.0,0.0,6.18,2.62,0.0
20220327:0610,1.0,19.8,0.0,4.25,5.75,2.55,0.0
20220327:0710,137.0,69.0,0.0,14.08,7.32,2.34,0.0
20220327:0810,278.0,98.0,0.0,23.47,9.89,2.48,0.0
20220327:0910,412.01,116.0,0.0,31.9,12.04,2.55,0.0
20220327:1010,531.01,120.0,0.0,38.67,13.96,2.34,0.0
20220327:1110,621.01,111.0,0.0,42.92,15.67,2.41,0.0
20220327:1210,602.01,130.0,0.0,43.88,17.08,2.55,0.0
20220327:1310,596.01,110.0,0.0,41.33,18.07,2.76,0.0
20220327:1410,499.01,109.0,0.0,35.79,18.62,2.76,0.0
20220327:1510,372.01,99.0,0.0,28.16,18.75,2.69,0.0
20220327:1610,223.0,81.0,0.0,19.21,18.49,2.48,0.0
20220327:1710,72.0,52.0,0.0,9.56,17.55,1.79,0.0
20220327:1810,0.0,0.0,0.0,0.0,15.78,2.21,0.0
20220327:1910,0.0,0.0,0.0,0.0,14.49,2.48,0.0
20220327:2010,0.0,0.0,0.0,0.0,12.48,2.41,0.0
20220327:2110,0.0,0.0,0.0,0.0,10.75,2.34,0.0
20220327:2210,0.0,0.0,0.0,0.0,9.21,2.21,0.0
20220327:2310,0.0,0.0,0.0,0.0,7.93,2.0,0.0
20220328:0010,0.0,0.0,0.0,0.0,7.34,1.79,0.0
20220328:0110,0.0,0.0,0.0,0.0,6.98,1.59,0.0
20220328:0210,0.0,0.0,0.0,0.0,6.87,1.38,0.0
20220328:0310,0.0,0.0,0.0,0.0,7.21,1.1,0.0
20220328:0410,0.0,0.0,0.0,0.0,7.4,0.9,0.0
20220328:0510,0.0,0.0,0.0,0.0,7.02,0.83,0.0
20220328:0610,2.0,23.56,0.0,4.59,6.04,1.03,0.0
20220328:0710,131.0,73.0,0.0,14.43,6.54,0.76,0.0
20220328:0810,261.0,109.0,0.0,23.83,10.07,0.69,0.0
20220328:0910,387.01,131.0,0.0,32.27,13.08,0.69,0.0
20220328:1010,485.01,146.0,0.0,39.06,15.71,0.69,0.0
20220328:1110,544.01,153.0,0.0,43.32,17.77,0.97,0.0
20220328:1210,451.01,218.0,0.0,44.27,19.1,1.17,0.0
20220328:1310,482.01,175.0,0.0,41.68,19.84,1.38,0.0
20220328:1410,366.01,185.0,0.0,36.11,20.04,1.45,0.0
20220328:1510,156.0,210.0,0.0,28.44,19.89,1.52,0.0
20220328:1610,66.0,150.0,0.0,19.47,19.45,1.52,0.0
20220328:1710,15.0,67.0,0.0,9.8,18.09,2.07,0.0
20220328:1810,0.0,0.0,0.0,0.0,16.18,2.55,0.0
20220328:1910,0.0,0.0,0.0,0.0,14.54,3.24,0.0
20220328:2010,0.0,0.0,0.0,0.0,13.59,3.45,0.0
20220328:2110,0.0,0.0,0.0,0.0,12.92,3.38,0.0
20220328:2210,0.0,0.0,0.0,0.0,12.36,3.17,0.0
20220328:2310,0.0,0.0,0.0,0.0,11.82,2.9,0.0
20220329:0010,0.0,0.0,0.0,0.0,11.26,2.62,0.0
20220329:0110,0.0,0.0,0.0,0.0,10.84,2.34,0.0
20220329:0210,0.0,0.0,0.0,0.0,10.26,1.93,0.0
20220329:0310,0.0,0.0,0.0,0.0,9.34,1.31,0.0
20220329:0410,0.0,0.0,0.0,0.0,10.14,0.55,0.0
20220329:0510,0.0,0.0,0.0,0.0,8.18,1.17,0.0
20220329:0610,0.0,5.0,0.0,4.94,7.58,1.45,0.0
20220329:0710,19.0,106.0,0.0,14.78,9.11,0.9,0.0
20220329:0810,12.0,166.0,0.0,24.19,10.97,0.69,0.0
20220329:0910,155.0,246.0,0.0,32.65,12.09,2.21,0.0
20220329:1010,9.0,257.0,0.0,39.45,12.99,3.38,0.0
20220329:1110,90.0,344.0,0.0,43.72,13.57,3.66,0.0
20220329:1210,37.0,330.0,0.0,44.65,13.77,2.55,0.0
20220329:1310,0.0,168.0,0.0,42.03,14.07,1.79,0.0
20220329:1410,0.0,187.0,0.0,36.42,14.33,1.45,0.0
20220329:1510,0.0,72.0,0.0,28.71,14.45,1.52,0.0
20220329:1610,6.0,125.0,0.0,19.72,14.14,1.79,0.0
20220329:1710,2.0,53.0,0.0,10.05,13.29,1.52,0.0
20220329:1810,0.0,0.0,0.0,0.0,12.09,1.66,0.0
20220329:1910,0.0,0.0,0.0,0.0,11.27,0.41,0.0
20220329:2010,0.0,0.0,0.0,0.0,10.99,0.48,0.0
20220329:2110,0.0,0.0,0.0,0.0,10.44,1.1,0.0
20220329:2210,0.0,0.0,0.0,0.0,10.06,0.9,0.0
20220329:2310,0.0,0.0,0.0,0.0,9.89,0.97,0.0
20220330:0010,0.0,0.0,0.0,0.0,9.58,1.17,0.0
20220330:0110,0.0,0.0,0.0,0.0,9.1,1.38,0.0
20220330:0210,0.0,0.0,0.0,0.0,8.63,1.52,0.0
20220330:0310,0.0,0.0,0.0,0.0,7.61,1.52,0.0
20220330:0410,0.0,0.0,0.0,0.0,7.14,1.1,0.0
20220330:0510,0.0,0.0,0.0,0.0,6.5,1.03,0.0
20220330:0610,0.0,15.0,0.0,5.28,6.63,1.1,0.0
20220330:0710,8.0,101.0,0.0,15.13,8.56,0.48,0.0
20220330:0810,0.0,111.0,0.0,24.55,9.45,0.62,0.0
20220330:0910,0.0,146.0,0.0,33.02,10.1,0.28,0.0
20220330:1010,0.0,170.0,0.0,39.84,10.57,0.0,0.0
20220330:1110,0.0,195.0,0.0,44.12,12.41,0.28,0.0
20220330:1210,180.0,344.0,0.0,45.04,13.02,0.41,0.0
20220330:1310,1.0,228.0,0.0,42.38,13.5,0.48,0.0
20220330:1410,0.0,163.0,0.0,36.73,13.46,0.62,0.0
20220330:1510,0.0,102.0,0.0,28.99,12.97,1.24,0.0
20220330:1610,5.0,125.0,0.0,19.97,12.07,2.0,0.0
20220330:1710,5.0,63.0,0.0,10.29,11.13,2.0,0.0
20220330:1810,0.0,0.0,0.0,0.0,10.47,2.41,0.0
20220330:1910,0.0,0.0,0.0,0.0,9.58,2.28,0.0
20220330:2010,0.0,0.0,0.0,0.0,8.97,2.69,0.0
20220330:2110,0.0,0.0,0.0,0.0,8.46,3.1,0.0
20220330:2210,0.0,0.0,0.0,0.0,8.11,3.31,0.0
20220330:2310,0.0,0.0,0.0,0.0,7.78,3.24,0.0
20220331:0010,0.0,0.0,0.0,0.0,7.59,3.03,0.0
20220331:0110,0.0,0.0,0.0,0.0,7.21,2.97,0.0
20220331:0210,0.0,0.0,0.0,0.0,6.6,2.97,0.0
20220331:0310,0.0,0.0,0.0,0.0,6.07,2.9,0.0
20220331:0410,0.0,0.0,0.0,0.0,5.29,2.83,0.0
20220331:0510,0.0,0.0,0.0,0.0,4.74,2.69,0.0
20220331:0610,6.0,30.57,0.0,5.63,4.44,2.48,0.0
20220331:0710,45.0,117.0,0.0,15.47,5.06,2.83,0.0
20220331:0810,0.0,119.0,0.0,24.9,5.62,4.0,0.0
20220331:0910,0.0,67.0,0.0,33.39,5.71,4.14,0.0
20220331:1010,0.0,128.0,0.0,40.23,5.39,4.14,0.0
20220331:1110,36.0,332.0,0.0,44.52,4.97,4.41,0.0
20220331:1210,0.0,203.0,0.0,45.42,4.91,5.31,0.0
20220331:1310,0.0,188.0,0.0,42.73,5.81,6.21,0.0
20220331:1410,287.0,237.0,0.0,37.04,6.85,6.07,0.0
20220331:1510,0.0,124.0,0.0,29.26,7.56,5.66,0.0
20220331:1610,101.0,148.0,0.0,20.22,7.56,5.52,0.0
20220331:1710,30.0,74.0,0.0,10.53,6.82,5.31,0.0
20220331:1810,0.0,0.0,0.0,0.0,5.51,5.03,0.0
20220331:1910,0.0,0.0,0.0,0.0,4.54,5.52,0.0
20220331:2010,0.0,0.0,0.0,0.0,3.94,5.59,0.0
20220331:2110,0.0,0.0,0.0,0.0,3.39,6.0,0.0
20220331:2210,0.0,0.0,0.0,0.0,2.71,6.07,0.0
20220331:2310,0.0,0.0,0.0,0.0,2.04,5.79,0.0
20220401:0010,0.0,0.0,0.0,0.0,1.57,5.59,0.0
20220401:0110,0.0,0.0,0.0,0.0,1.44,5.93,0.0
20220401:0210,0.0,0.0,0.0,0.0,1.47,6.62,0.0
20220401:0310,0.0,0.0,0.0,0.0,1.44,7.03,0.0
20220401:0410,0.0,0.0,0.0,0.0,1.39,7.24,0.0
20220401:0510,0.0,0.0,0.0,0.0,1.54,5.86,0.0
20220401:0610,0.0,18.0,0.0,5.97,1.57,6.69,0.0
20220401:0710,22.0,118.0,0.0,15.82,1.31,6.76,0.0
20220401:0810,0.0,129.0,0.0,25.26,1.48,6.48,0.0
20220401:0910,0.0,137.0,0.0,33.76,2.07,5.66,0.0
20220401:1010,0.0,155.0,0.0,40.62,3.09,5.93,0.0
20220401:1110,0.0,103.0,0.0,44.91,3.61,6.28,0.0
20220401:1210,0.0,145.0,0.0,45.8,4.39,6.69,0.0
20220401:1310,0.0,112.0,0.0,43.08,4.92,7.17,0.0
20220401:1410,0.0,80.0,0.0,37.35,5.27,7.45,0.0
20220401:1510,0.0,103.0,0.0,29.54,5.25,7.17,0.0
20220401:1610,1.0,107.0,0.0,20.47,4.78,6.55,0.0
20220401:1710,0.0,31.0,0.0,10.77,4.41,6.07,0.0
20220401:1810,0.0,0.0,0.0,0.0,3.88,5.59,0.0
20220401:1910,0.0,0.0,0.0,0.0,2.57,4.97,0.0
20220401:2010,0.0,0.0,0.0,0.0,2.36,5.17,0.0
20220401:2110,0.0,0.0,0.0,0.0,2.29,5.45,0.0
20220401:2210,0.0,0.0,0.0,0.0,2.24,5.59,0.0
20220401:2310,0.0,0.0,0.0,0.0,2.06,5.52,0.0
20220402:0010,0.0,0.0,0.0,0.0,1.58,5.31,0.0
20220402:0110,0.0,0.0,0.0,0.0,1.18,5.17,0.0
20220402:0210,0.0,0.0,0.0,0.0,1.07,5.24,0.0
20220402:0310,0.0,0.0,0.0,0.0,0.92,5.24,0.0
20220402:0410,0.0,0.0,0.0,0.0,0.84,5.17,0.0
20220402:0510,0.0,0.0,0.0,0.0,0.71,5.03,0.0
20220402:0610,39.0,33.0,0.0,6.31,0.52,4.76,0.0
20220402:0710,183.0,71.0,0.0,16.16,1.1,4.41,0.0
20220402:0810,346.01,89.0,0.0,25.61,2.44,6.0,0.0
20220402:0910,468.01,113.0,0.0,34.13,3.66,7.03,0.0
20220402:1010,479.01,178.0,0.0,41.01,4.63,7.24,0.0
20220402:1110,294.0,316.0,0.0,45.3,5.43,7.24,0.0
20220402:1210,300.01,321.0,0.0,46.18,5.75,6.69,0.0
20220402:1310,22.0,312.0,0.0,43.42,6.13,6.41,0.0
20220402:1410,35.0,291.0,0.0,37.65,6.7,6.21,0.0
20220402:1510,28.0,230.0,0.0,29.81,6.71,6.21,0.0
20220402:1610,89.0,159.0,0.0,20.72,6.32,5.24,0.0
20220402:1710,2.0,61.0,0.0,11.0,5.93,4.41,0.0
20220402:1810,0.0,0.0,0.0,0.0,5.05,3.52,0.0
20220402:1910,0.0,0.0,0.0,0.0,3.45,3.17,0.0
20220402:2010,0.0,0.0,0.0,0.0,2.66,2.97,0.0
20220402:2110,0.0,0.0,0.0,0.0,2.01,2.83,0.0
20220402:2210,0.0,0.0,0.0,0.0,1.52,2.9,0.0
20220402:2310,0.0,0.0,0.0,0.0,1.25,3.03,0.0
20220403:0010,0.0,0.0,0.0,0.0,0.75,3.1,0.0
20220403:0110,0.0,0.0,0.0,0.0,0.31,3.1,0.0
20220403:0210,0.0,0.0,0.0,0.0,-0.18,3.1,0.0
20220403:0310,0.0,0.0,0.0,0.0,-0.56,3.1,0.0
20220403:0410,0.0,0.0,0.0,0.0,-0.89,2.97,0.0
20220403:0510,0.0,0.0,0.0,0.0,-1.24,2.83,0.0
20220403:0610,41.0,36.0,0.0,6.65,-1.35,2.76,0.0
20220403:0710,189.0,71.0,0.0,16.5,0.43,3.24,0.0
20220403:0810,353.01,89.0,0.0,25.96,2.17,3.86,0.0
20220403:0910,493.01,104.0,0.0,34.5,3.96,4.21,0.0
20220403:1010,545.01,142.0,0.0,41.39,5.31,5.38,0.0
20220403:1110,561.01,175.0,0.0,45.69,6.03,5.17,0.0
20220403:1210,654.01,129.0,0.0,46.56,6.33,4.69,0.0
20220403:1310,424.01,237.0,0.0,43.77,7.11,4.76,0.0
20220403:1410,385.01,201.0,0.0,37.95,7.18,4.48,0.0
20220403:1510,285.0,171.0,0.0,30.08,7.4,4.28,0.0
20220403:1610,128.0,149.0,0.0,20.97,6.95,3.59,0.0
20220403:1710,50.0,78.0,0.0,11.24,6.77,3.03,0.0
20220403:1810,0.0,0.0,0.0,0.0,6.01,2.07,0.0
20220403:1910,0.0,0.0,0.0,0.0,4.91,2.0,0.0
20220403:2010,0.0,0.0,0.0,0.0,4.0,2.07,0.0
20220403:2110,0.0,0.0,0.0,0.0,3.28,2.28,0.0
20220403:2210,0.0,0.0,0.0,0.0,2.77,2.14,0.0
20220403:2310,0.0,0.0,0.0,0.0,1.91,2.14,0.0
20220404:0010,0.0,0.0,0.0,0.0,0.95,2.28,0.0
20220404:0110,0.0,0.0,0.0,0.0,0.13,1.93,0.0
20220404:0210,0.0,0.0,0.0,0.0,-0.62,1.79,0.0
20220404:0310,0.0,0.0,0.0,0.0,-1.36,2.0,0.0
20220404:0410,0.0,0.0,0.0,0.0,-1.91,1.93,0.0
20220404:0510,0.0,0.0,0.0,0.0,-2.33,2.0,0.0
20220404:0610,44.0,37.0,0.0,6.98,-2.28,2.07,0.0
20220404:0710,184.0,74.0,0.0,16.84,0.84,2.34,0.0
20220404:0810,344.0,93.0,0.0,26.31,3.46,2.9,0.0
20220404:0910,482.01,106.0,0.0,34.87,5.44,4.0,0.0
20220404:1010,571.01,123.0,0.0,41.77,6.8,5.03,0.0
20220404:1110,470.01,223.0,0.0,46.08,7.3,5.24,0.0
20220404:1210,442.01,247.0,0.0,46.93,7.26,5.31,0.0
20220404:1310,129.0,350.0,0.0,44.11,7.06,5.52,0.0
20220404:1410,26.0,283.0,0.0,38.26,6.96,5.45,0.0
20220404:1510,6.0,192.0,0.0,30.34,6.65,5.52,0.0
20220404:1610,5.0,132.0,0.0,21.21,6.26,4.76,0.0
20220404:1710,6.0,72.0,0.0,11.48,6.02,5.03,0.0
20220404:1810,0.0,0.0,0.0,0.0,5.6,4.83,0.0
20220404:1910,0.0,0.0,0.0,0.0,5.43,4.76,0.0
20220404:2010,0.0,0.0,0.0,0.0,5.46,5.1,0.0
20220404:2110,0.0,0.0,0.0,0.0,5.71,4.83,0.0
20220404:2210,0.0,0.0,0.0,0.0,5.93,4.41,0.0
20220404:2310,0.0,0.0,0.0,0.0,5.98,4.34,0.0
20220405:0010,0.0,0.0,0.0,0.0,6.15,4.41,0.0
20220405:0110,0.0,0.0,0.0,0.0,6.2,4.14,0.0
20220405:0210,0.0,0.0,0.0,0.0,6.28,3.86,0.0
20220405:0310,0.0,0.0,0.0,0.0,6.38,3.72,0.0
20220405:0410,0.0,0.0,0.0,0.0,6.49,3.66,0.0
20220405:0510,0.0,0.0,0.0,0.0,6.64,3.52,0.0
20220405:0610,1.0,37.0,0.0,7.32,6.83,3.45,0.0
20220405:0710,3.0,102.0,0.0,17.18,7.23,3.24,0.0
20220405:0810,2.0,153.0,0.0,26.66,7.7,3.93,0.0
20220405:0910,0.0,160.0,0.0,35.23,8.11,4.83,0.0
20220405:1010,0.0,126.0,0.0,42.15,8.95,4.9,0.0
20220405:1110,0.0,167.0,0.0,46.47,9.75,5.03,0.0
20220405:1210,0.0,107.0,0.0,47.31,10.42,5.03,0.0
20220405:1310,0.0,148.0,0.0,44.45,11.36,4.9,0.0
20220405:1410,7.0,240.0,0.0,38.55,12.13,5.03,0.0
20220405:1510,9.0,200.0,0.0,30.61,12.38,4.48,0.0
20220405:1610,0.0,107.0,0.0,21.46,12.3,3.79,0.0
20220405:1710,1.0,60.0,0.0,11.71,12.3,3.59,0.0
20220405:1810,0.0,1.0,0.0,1.82,11.99,3.45,0.0
20220405:1910,0.0,0.0,0.0,0.0,10.63,3.38,0.0
20220405:2010,0.0,0.0,0.0,0.0,9.91,3.17,0.0
20220405:2110,0.0,0.0,0.0,0.0,9.54,3.17,0.0
20220405:2210,0.0,0.0,0.0,0.0,9.08,3.17,0.0
20220405:2310,0.0,0.0,0.0,0.0,8.71,3.24,0.0
20220406:0010,0.0,0.0,0.0,0.0,8.13,3.17,0.0
20220406:0110,0.0,0.0,0.0,0.0,7.64,3.03,0.0
20220406:0210,0.0,0.0,0.0,0.0,7.21,2.62,0.0
20220406:0310,0.0,0.0,0.0,0.0,6.14,2.55,0.0
20220406:0410,0.0,0.0,0.0,0.0,5.43,2.76,0.0
20220406:0510,0.0,0.0,0.0,0.0,4.82,2.9,0.0
20220406:0610,4.0,43.0,0.0,7.65,4.9,3.03,0.0
20220406:0710,7.0,113.0,0.0,17.52,7.15,2.83,0.0
20220406:0810,7.0,175.0,0.0,27.01,8.61,3.59,0.0
20220406:0910,12.0,242.0,0.0,35.59,9.2,3.72,0.0
20220406:1010,6.0,262.0,0.0,42.53,10.19,4.28,0.0
20220406:1110,0.0,157.0,0.0,46.86,10.53,5.52,0.0
20220406:1210,83.0,371.0,0.0,47.68,10.95,5.79,0.0
20220406:1310,0.0,122.0,0.0,44.79,11.31,5.79,0.0
20220406:1410,13.0,262.0,0.0,38.85,11.71,6.28,0.0
20220406:1510,37.0,238.0,0.0,30.87,11.68,6.14,0.0
20220406:1610,0.0,62.0,0.0,21.7,11.56,6.21,0.0
20220406:1710,0.0,28.0,0.0,11.94,11.33,6.34,0.0
20220406:1810,0.0,3.0,0.0,2.05,11.09,6.41,0.0
20220406:1910,0.0,0.0,0.0,0.0,10.82,6.55,0.0
20220406:2010,0.0,0.0,0.0,0.0,10.77,7.03,0.0
20220406:2110,0.0,0.0,0.0,0.0,10.52,7.17,0.0
20220406:2210,0.0,0.0,0.0,0.0,10.36,6.9,0.0
20220406:2310,0.0,0.0,0.0,0.0,10.23,6.97,0.0
20220407:0010,0.0,0.0,0.0,0.0,10.14,6.76,0.0
20220407:0110,0.0,0.0,0.0,0.0,9.96,6.83,0.0
20220407:0210,0.0,0.0,0.0,0.0,10.07,7.24,0.0
20220407:0310,0.0,0.0,0.0,0.0,10.32,7.52,0.0
20220407:0410,0.0,0.0,0.0,0.0,10.53,8.14,0.0
20220407:0510,0.0,0.0,0.0,0.0,10.38,8.41,0.0
20220407:0610,0.0,27.0,0.0,7.98,10.42,8.48,0.0
20220407:0710,0.0,50.0,0.0,17.85,11.0,8.55,0.0
20220407:0810,2.0,159.0,0.0,27.35,11.8,9.31,0.0
20220407:0910,14.0,248.0,0.0,35.95,12.23,10.34,0.0
20220407:1010,22.0,301.0,0.0,42.91,13.04,8.69,0.0
20220407:1110,1.0,250.0,0.0,47.24,12.64,8.0,0.0
20220407:1210,97.0,374.0,0.0,48.05,12.26,7.59,0.0
20220407:1310,327.01,285.0,0.0,45.12,13.44,7.38,0.0
20220407:1410,424.01,176.0,0.0,39.15,13.71,7.93,0.0
20220407:1510,211.0,209.0,0.0,31.14,13.53,7.86,0.0
20220407:1610,241.0,96.0,0.0,21.94,13.05,7.45,0.0
20220407:1710,90.0,68.0,0.0,12.18,12.22,6.62,0.0
20220407:1810,0.0,3.0,0.0,2.29,11.47,6.14,0.0
20220407:1910,0.0,0.0,0.0,0.0,10.06,6.48,0.0
20220407:2010,0.0,0.0,0.0,0.0,9.55,6.21,0.0
20220407:2110,0.0,0.0,0.0,0.0,9.23,5.79,0.0
20220407:2210,0.0,0.0,0.0,0.0,9.04,5.31,0.0
20220407:2310,0.0,0.0,0.0,0.0,8.88,4.69,0.0
20220408:0010,0.0,0.0,0.0,0.0,8.5,4.07,0.0
20220408:0110,0.0,0.0,0.0,0.0,7.93,3.72,0.0
20220408:0210,0.0,0.0,0.0,0.0,7.72,3.52,0.0
20220408:0310,0.0,0.0,0.0,0.0,7.64,2.97,0.0
20220408:0410,0.0,0.0,0.0,0.0,7.48,2.0,0.0
20220408:0510,0.0,0.0,0.0,0.0,7.02,1.93,0.0
20220408:0610,0.0,11.0,0.0,8.31,7.07,1.86,0.0
20220408:0710,0.0,52.0,0.0,18.18,7.23,1.38,0.0
20220408:0810,0.0,70.0,0.0,27.69,7.42,2.48,0.0
20220408:0910,0.0,102.0,0.0,36.31,7.62,2.76,0.0
20220408:1010,0.0,115.0,0.0,43.28,8.92,2.0,0.0
20220408:1110,0.0,89.0,0.0,47.63,9.86,5.03,0.0
20220408:1210,0.0,139.0,0.0,48.42,10.61,4.9,0.0
20220408:1310,37.0,334.0,0.0,45.46,11.05,4.76,0.0
20220408:1410,0.0,57.0,0.0,39.44,10.55,5.03,0.0
20220408:1510,0.0,86.0,0.0,31.4,9.25,2.83,0.0
20220408:1610,0.0,34.0,0.0,22.18,6.7,4.48,0.0
20220408:1710,0.0,33.0,0.0,12.41,3.25,6.34,0.0
20220408:1810,0.0,1.0,0.0,2.52,2.7,5.45,0.0
20220408:1910,0.0,0.0,0.0,0.0,3.41,5.59,0.0
20220408:2010,0.0,0.0,0.0,0.0,3.53,4.55,0.0
20220408:2110,0.0,0.0,0.0,0.0,3.92,4.21,0.0
20220408:2210,0.0,0.0,0.0,0.0,4.05,3.66,0.0
20220408:2310,0.0,0.0,0.0,0.0,3.42,3.31,0.0
20220409:0010,0.0,0.0,0.0,0.0,2.78,3.03,0.0
20220409:0110,0.0,0.0,0.0,0.0,2.21,3.03,0.0
20220409:0210,0.0,0.0,0.0,0.0,2.16,2.9,0.0
20220409:0310,0.0,0.0,0.0,0.0,2.16,2.55,0.0
20220409:0410,0.0,0.0,0.0,0.0,2.14,2.34,0.0
20220409:0510,0.0,0.0,0.0,0.0,1.94,2.41,0.0
20220409:0610,39.0,55.0,0.0,8.64,2.03,2.21,0.0
20220409:0710,217.0,77.0,0.0,18.51,2.52,1.86,0.0
20220409:0810,148.0,210.0,0.0,28.03,3.26,1.52,0.0
20220409:0910,1.0,193.0,0.0,36.66,4.15,1.93,0.0
20220409:1010,20.0,308.0,0.0,43.65,5.16,2.41,0.0
20220409:1110,16.0,325.0,0.0,48.01,6.26,2.97,0.0
20220409:1210,41.0,363.0,0.0,48.79,7.44,3.45,0.0
20220409:1310,648.01,120.0,0.0,45.79,8.31,3.79,0.0
20220409:1410,330.0,243.0,0.0,39.73,9.46,3.59,0.0
20220409:1510,396.01,121.0,0.0,31.66,9.9,3.59,0.0
20220409:1610,220.0,117.0,0.0,22.42,9.75,3.52,0.0
20220409:1710,123.0,60.0,0.0,12.64,9.34,2.9,0.0
20220409:1810,0.0,9.0,0.0,2.75,8.41,2.21,0.0
20220409:1910,0.0,0.0,0.0,0.0,7.04,2.0,0.0
20220409:2010,0.0,0.0,0.0,0.0,5.52,2.28,0.0
20220409:2110,0.0,0.0,0.0,0.0,4.22,2.41,0.0
20220409:2210,0.0,0.0,0.0,0.0,3.26,2.28,0.0
20220409:2310,0.0,0.0,0.0,0.0,2.38,2.14,0.0
20220410:0010,0.0,0.0,0.0,0.0,1.33,1.72,0.0
20220410:0110,0.0,0.0,0.0,0.0,2.18,0.97,0.0
20220410:0210,0.0,0.0,0.0,0.0,2.14,0.69,0.0
20220410:0310,0.0,0.0,0.0,0.0,1.59,0.55,0.0
20220410:0410,0.0,0.0,0.0,0.0,1.13,0.41,0.0
20220410:0510,0.0,0.0,0.0,0.0,0.87,0.34,0.0
20220410:0610,72.0,46.0,0.0,8.96,-0.15,1.1,0.0
20220410:0710,183.0,97.0,0.0,18.84,2.53,0.55,0.0
20220410:0810,359.0,107.0,0.0,28.37,6.25,0.97,0.0
20220410:0910,485.01,127.0,0.0,37.01,8.36,1.24,0.0
20220410:1010,581.01,140.0,0.0,44.02,9.76,1.38,0.0
20220410:1110,640.01,145.0,0.0,48.38,10.71,1.79,0.0
20220410:1210,696.01,122.0,0.0,49.15,11.44,2.41,0.0
20220410:1310,670.01,110.0,0.0,46.12,12.04,2.69,0.0
20220410:1410,537.01,128.0,0.0,40.02,12.45,2.76,0.0
20220410:1510,253.0,203.0,0.0,31.91,12.64,2.9,0.0
20220410:1610,280.0,88.0,0.0,22.66,12.51,3.1,0.0
20220410:1710,92.0,76.0,0.0,12.87,12.03,2.76,0.0
20220410:1810,0.0,9.0,0.0,2.98,10.63,2.55,0.0
20220410:1910,0.0,0.0,0.0,0.0,9.31,2.97,0.0
20220410:2010,0.0,0.0,0.0,0.0,8.32,3.1,0.0
20220410:2110,0.0,0.0,0.0,0.0,7.83,3.59,0.0
20220410:2210,0.0,0.0,0.0,0.0,7.47,3.52,0.0
20220410:2310,0.0,0.0,0.0,0.0,6.76,3.38,0.0
20220411:0010,0.0,0.0,0.0,0.0,6.16,3.52,0.0
20220411:0110,0.0,0.0,0.0,0.0,5.59,3.79,0.0
20220411:0210,0.0,0.0,0.0,0.0,5.22,3.93,0.0
20220411:0310,0.0,0.0,0.0,0.0,4.87,3.79,0.0
20220411:0410,0.0,0.0,0.0,0.0,4.63,3.66,0.0
20220411:0510,0.0,0.0,0.0,0.0,4.27,3.52,0.0
20220411:0610,35.0,62.0,0.0,9.29,4.32,3.31,0.0
20220411:0710,128.0,126.0,0.0,19.16,6.19,3.17,0.0
20220411:0810,242.0,172.0,0.0,28.7,8.37,3.79,0.0
20220411:0910,488.01,125.0,0.0,37.36,10.52,4.07,0.0
20220411:1010,576.01,142.0,0.0,44.39,12.69,4.07,0.0
20220411:1110,644.01,142.0,0.0,48.76,14.35,4.0,0.0
20220411:1210,690.01,123.0,0.0,49.51,15.76,4.07,0.0
20220411:1310,529.01,190.0,0.0,46.44,16.94,4.07,0.0
20220411:1410,539.01,125.0,0.0,40.31,17.83,3.86,0.0
20220411:1510,360.0,144.0,0.0,32.17,18.34,3.79,0.0
20220411:1610,178.0,142.0,0.0,22.89,18.47,3.66,0.0
20220411:1710,41.0,94.0,0.0,13.09,17.89,3.03,0.0
20220411:1810,0.0,6.0,0.0,3.21,16.46,3.24,0.0
20220411:1910,0.0,0.0,0.0,0.0,14.74,3.17,0.0
20220411:2010,0.0,0.0,0.0,0.0,13.95,3.1,0.0
20220411:2110,0.0,0.0,0.0,0.0,13.49,3.31,0.0
20220411:2210,0.0,0.0,0.0,0.0,13.18,3.59,0.0
20220411:2310,0.0,0.0,0.0,0.0,12.67,3.66,0.0
20220412:0010,0.0,0.0,0.0,0.0,12.06,3.52,0.0
20220412:0110,0.0,0.0,0.0,0.0,11.33,3.59,0.0
20220412:0210,0.0,0.0,0.0,0.0,10.76,3.31,0.0
20220412:0310,0.0,0.0,0.0,0.0,10.05,3.1,0.0
20220412:0410,0.0,0.0,0.0,0.0,9.48,3.17,0.0
20220412:0510,0.0,0.0,0.0,0.0,8.77,3.17,0.0
20220412:0610,23.0,65.0,0.0,9.6,8.53,3.1,0.0
20220412:0710,150.0,115.0,0.0,19.48,11.11,3.24,0.0
20220412:0810,316.0,128.0,0.0,29.03,12.97,3.52,0.0
20220412:0910,447.01,144.0,0.0,37.71,14.89,4.34,0.0
20220412:1010,543.01,155.0,0.0,44.75,15.91,4.62,0.0
20220412:1110,543.01,196.0,0.0,49.13,16.52,5.1,0.0
20220412:1210,647.01,140.0,0.0,49.87,16.95,5.66,0.0
20220412:1310,547.01,172.0,0.0,46.77,16.52,4.69,0.0
20220412:1410,349.0,229.0,0.0,40.59,17.01,3.72,0.0
20220412:1510,86.0,256.0,0.0,32.42,17.66,3.45,0.0
20220412:1610,2.0,131.0,0.0,23.13,17.94,3.03,0.0
20220412:1710,7.0,84.0,0.0,13.32,17.68,1.72,0.0
20220412:1810,0.0,3.0,0.0,3.44,16.72,1.31,0.0
20220412:1910,0.0,0.0,0.0,0.0,14.83,3.66,0.0
20220412:2010,0.0,0.0,0.0,0.0,13.67,3.59,0.0
20220412:2110,0.0,0.0,0.0,0.0,13.18,2.69,0.0
20220412:2210,0.0,0.0,0.0,0.0,12.16,2.21,0.0
20220412:2310,0.0,0.0,0.0,0.0,11.14,2.21,0.0
20220413:0010,0.0,0.0,0.0,0.0,10.82,2.14,0.0
20220413:0110,0.0,0.0,0.0,0.0,10.71,2.14,0.0
20220413:0210,0.0,0.0,0.0,0.0,10.55,2.07,0.0
20220413:0310,0.0,0.0,0.0,0.0,10.28,1.93,0.0
20220413:0410,0.0,0.0,0.0,0.0,9.75,1.79,0.0
20220413:0510,0.0,0.0,0.0,0.0,9.16,1.24,0.0
20220413:0610,0.0,11.0,0.0,9.92,9.08,1.1,0.0
20220413:0710,0.0,46.0,0.0,19.8,11.55,1.03,0.0
20220413:0810,0.0,62.0,0.0,29.36,12.02,1.1,0.0
20220413:0910,0.0,113.0,0.0,38.05,12.23,1.03,0.0
20220413:1010,2.0,243.0,0.0,45.11,12.42,0.76,0.0
20220413:1110,25.0,338.0,0.0,49.5,13.14,1.1,0.0
20220413:1210,0.0,219.0,0.0,50.23,13.98,1.17,0.0
20220413:1310,2.0,249.0,0.0,47.09,14.1,0.9,0.0
20220413:1410,19.0,281.0,0.0,40.87,14.37,0.55,0.0
20220413:1510,140.0,246.0,0.0,32.67,15.18,0.41,0.0
20220413:1610,7.0,149.0,0.0,23.36,15.61,0.55,0.0
20220413:1710,31.0,97.0,0.0,13.55,15.59,0.48,0.0
20220413:1810,0.0,3.0,0.0,3.67,15.15,0.28,0.0
20220413:1910,0.0,0.0,0.0,0.0,13.54,0.76,0.0
20220413:2010,0.0,0.0,0.0,0.0,13.53,0.14,0.0
20220413:2110,0.0,0.0,0.0,0.0,13.06,0.21,0.0
20220413:2210,0.0,0.0,0.0,0.0,12.7,0.41,0.0
20220413:2310,0.0,0.0,0.0,0.0,12.37,0.62,0.0
20220414:0010,0.0,0.0,0.0,0.0,10.87,1.03,0.0
20220414:0110,0.0,0.0,0.0,0.0,9.81,1.52,0.0
20220414:0210,0.0,0.0,0.0,0.0,9.05,1.38,0.0
20220414:0310,0.0,0.0,0.0,0.0,8.4,1.38,0.0
20220414:0410,0.0,0.0,0.0,0.0,7.77,1.31,0.0
20220414:0510,0.0,0.0,0.0,0.0,6.99,1.24,0.0
20220414:0610,46.0,66.0,0.0,10.23,7.53,0.69,0.0
20220414:0710,206.0,93.0,0.0,20.12,11.01,1.1,0.0
20220414:0810,287.0,153.0,0.0,29.68,12.88,1.24,0.0
20220414:0910,523.01,111.0,0.0,38.39,14.83,1.38,0.0
20220414:1010,382.01,257.0,0.0,45.47,16.66,1.79,0.0
20220414:1110,411.01,279.0,0.0,49.87,17.38,1.66,0.0
20220414:1210,175.0,381.0,0.0,50.58,18.12,1.38,0.0
20220414:1310,349.0,291.0,0.0,47.41,18.5,1.66,0.0
20220414:1410,469.01,167.0,0.0,41.15,18.44,2.21,0.0
20220414:1510,417.0,114.0,0.0,32.92,18.34,2.34,0.0
20220414:1610,59.0,183.0,0.0,23.59,18.35,2.28,0.0
20220414:1710,27.0,99.0,0.0,13.77,17.88,1.72,0.0
20220414:1810,1.0,14.84,0.0,3.9,16.78,1.79,0.0
20220414:1910,0.0,0.0,0.0,0.0,15.29,2.14,0.0
20220414:2010,0.0,0.0,0.0,0.0,13.65,2.34,0.0
20220414:2110,0.0,0.0,0.0,0.0,12.49,2.28,0.0
20220414:2210,0.0,0.0,0.0,0.0,11.51,2.21,0.0
20220414:2310,0.0,0.0,0.0,0.0,10.66,2.21,0.0
20220415:0010,0.0,0.0,0.0,0.0,10.04,2.0,0.0
20220415:0110,0.0,0.0,0.0,0.0,9.22,1.72,0.0
20220415:0210,0.0,0.0,0.0,0.0,8.75,1.45,0.0
20220415:0310,0.0,0.0,0.0,0.0,8.05,1.52,0.0
20220415:0410,0.0,0.0,0.0,0.0,7.52,1.45,0.0
20220415:0510,0.0,0.0,0.0,0.0,7.18,1.38,0.0
20220415:0610,86.0,54.0,0.0,10.54,7.63,1.03,0.0
20220415:0710,227.0,88.0,0.0,20.43,11.4,1.38,0.0
20220415:0810,398.0,97.0,0.0,30.0,13.88,1.72,0.0
20220415:0910,539.01,107.0,0.0,38.72,15.81,2.07,0.0
20220415:1010,656.01,106.0,0.0,45.82,17.26,2.34,0.0
20220415:1110,668.01,135.0,0.0,50.23,18.12,2.34,0.0
20220415:1210,580.01,192.0,0.0,50.93,18.72,2.41,0.0
20220415:1310,660.01,119.0,0.0,47.73,19.06,2.34,0.0
20220415:1410,559.01,120.0,0.0,41.43,19.36,2.34,0.0
20220415:1510,429.0,112.0,0.0,33.17,19.29,2.48,0.0
20220415:1610,199.0,138.0,0.0,23.82,18.95,2.69,0.0
20220415:1710,132.0,67.0,0.0,13.99,18.29,2.48,0.0
20220415:1810,0.0,16.0,0.0,4.13,16.97,2.41,0.0
20220415:1910,0.0,0.0,0.0,0.0,15.88,2.62,0.0
20220415:2010,0.0,0.0,0.0,0.0,14.73,2.9,0.0
20220415:2110,0.0,0.0,0.0,0.0,13.74,3.03,0.0
20220415:2210,0.0,0.0,0.0,0.0,12.81,3.1,0.0
20220415:2310,0.0,0.0,0.0,0.0,12.07,3.1,0.0
20220416:0010,0.0,0.0,0.0,0.0,11.31,2.97,0.0
20220416:0110,0.0,0.0,0.0,0.0,10.65,2.83,0.0
20220416:0210,0.0,0.0,0.0,0.0,10.09,2.76,0.0
20220416:0310,0.0,0.0,0.0,0.0,9.63,2.83,0.0
20220416:0410,0.0,0.0,0.0,0.0,9.0,2.83,0.0
20220416:0510,0.0,0.0,0.0,0.0,8.43,2.69,0.0
20220416:0610,80.0,60.0,0.0,10.85,8.36,2.55,0.0
20220416:0710,207.0,102.0,0.0,20.74,9.89,2.97,0.0
20220416:0810,401.0,101.0,0.0,30.32,11.48,3.17,0.0
20220416:0910,539.01,112.0,0.0,39.06,13.09,3.38,0.0
20220416:1010,665.01,107.0,0.0,46.18,14.58,3.59,0.0
20220416:1110,736.01,104.0,0.0,50.6,15.82,3.79,0.0
20220416:1210,592.01,193.0,0.0,51.28,16.65,4.07,0.0
20220416:1310,674.01,118.0,0.0,48.04,17.13,4.28,0.0
20220416:1410,572.01,119.0,0.0,41.71,17.34,4.48,0.0
20220416:1510,447.01,107.0,0.0,33.41,17.24,4.62,0.0
20220416:1610,295.0,92.0,0.0,24.05,16.8,4.62,0.0
20220416:1710,141.0,66.0,0.0,14.22,16.07,4.07,0.0
20220416:1810,2.0,20.59,0.0,4.35,14.83,3.72,0.0
20220416:1910,0.0,0.0,0.0,0.0,13.65,3.24,0.0
20220416:2010,0.0,0.0,0.0,0.0,12.41,3.38,0.0
20220416:2110,0.0,0.0,0.0,0.0,11.42,3.45,0.0
20220416:2210,0.0,0.0,0.0,0.0,10.54,3.24,0.0
20220416:2310,0.0,0.0,0.0,0.0,9.66,2.97,0.0
20220417:0010,0.0,0.0,0.0,0.0,8.83,2.9,0.0
20220417:0110,0.0,0.0,0.0,0.0,8.03,2.83,0.0
20220417:0210,0.0,0.0,0.0,0.0,7.38,2.83,0.0
20220417:0310,0.0,0.0,0.0,0.0,6.78,2.83,0.0
20220417:0410,0.0,0.0,0.0,0.0,6.29,2.97,0.0
20220417:0510,0.0,0.0,0.0,0.0,5.86,2.97,0.0
20220417:0610,99.0,57.0,0.0,11.15,6.13,2.76,0.0
20220417:0710,241.0,93.0,0.0,21.04,8.12,2.62,0.0
20220417:0810,437.0,92.0,0.0,30.63,9.91,3.17,0.0
20220417:0910,568.01,109.0,0.0,39.39,11.53,3.45,0.0
20220417:1010,689.01,108.0,0.0,46.52,13.09,3.38,0.0
20220417:1110,763.01,104.0,0.0,50.95,14.51,3.03,0.0
20220417:1210,780.01,99.0,0.0,51.63,15.79,3.03,0.0
20220417:1310,706.01,114.0,0.0,48.35,16.84,3.31,0.0
20220417:1410,601.01,115.0,0.0,41.98,17.53,3.31,0.0
20220417:1510,485.01,97.0,0.0,33.66,17.82,3.03,0.0
20220417:1610,323.0,85.0,0.0,24.28,17.73,2.97,0.0
20220417:1710,155.0,64.0,0.0,14.44,17.13,2.55,0.0
20220417:1810,2.0,22.58,0.0,4.58,15.62,2.48,0.0
20220417:1910,0.0,0.0,0.0,0.0,14.26,2.9,0.0
20220417:2010,0.0,0.0,0.0,0.0,12.94,3.03,0.0
20220417:2110,0.0,0.0,0.0,0.0,11.92,3.17,0.0
20220417:2210,0.0,0.0,0.0,0.0,11.12,2.97,0.0
20220417:2310,0.0,0.0,0.0,0.0,10.31,2.55,0.0
20220418:0010,0.0,0.0,0.0,0.0,9.54,2.41,0.0
20220418:0110,0.0,0.0,0.0,0.0,8.65,2.48,0.0
20220418:0210,0.0,0.0,0.0,0.0,7.9,2.34,0.0
20220418:0310,0.0,0.0,0.0,0.0,6.99,1.93,0.0
20220418:0410,0.0,0.0,0.0,0.0,5.91,1.93,0.0
20220418:0510,0.0,4.0,0.0,1.67,5.08,2.07,0.0
20220418:0610,74.0,70.0,0.0,11.45,5.36,1.59,0.0
20220418:0710,264.0,82.0,0.0,21.34,8.42,0.76,0.0
20220418:0810,395.0,114.0,0.0,30.94,10.6,0.83,0.0
20220418:0910,438.01,182.0,0.0,39.71,12.57,1.24,0.0
20220418:1010,484.01,224.0,0.0,46.87,14.19,1.66,0.0
20220418:1110,628.01,177.0,0.0,51.31,15.41,1.79,0.0
20220418:1210,536.01,238.0,0.0,51.97,16.31,1.86,0.0
20220418:1310,295.0,336.0,0.0,48.66,16.77,1.72,0.0
20220418:1410,224.0,312.0,0.0,42.25,17.0,1.66,0.0
20220418:1510,178.0,254.0,0.0,33.9,17.06,1.72,0.0
20220418:1610,70.0,195.0,0.0,24.5,16.84,1.66,0.0
20220418:1710,30.0,109.0,0.0,14.66,16.43,1.31,0.0
20220418:1810,11.0,25.29,0.0,4.8,15.4,1.52,0.0
20220418:1910,0.0,0.0,0.0,0.0,14.02,2.34,0.0
20220418:2010,0.0,0.0,0.0,0.0,12.69,2.83,0.0
20220418:2110,0.0,0.0,0.0,0.0,11.62,3.45,0.0
20220418:2210,0.0,0.0,0.0,0.0,10.41,3.66,0.0
20220418:2310,0.0,0.0,0.0,0.0,9.68,3.38,0.0
20220419:0010,0.0,0.0,0.0,0.0,9.26,3.17,0.0
20220419:0110,0.0,0.0,0.0,0.0,8.8,2.9,0.0
20220419:0210,0.0,0.0,0.0,0.0,8.63,2.83,0.0
20220419:0310,0.0,0.0,0.0,0.0,8.49,2.83,0.0
20220419:0410,0.0,0.0,0.0,0.0,8.35,2.69,0.0
20220419:0510,0.0,1.0,0.0,1.98,8.13,2.62,0.0
20220419:0610,57.0,78.0,0.0,11.75,8.2,2.55,0.0
20220419:0710,145.0,142.0,0.0,21.64,8.68,2.41,0.0
20220419:0810,317.0,155.0,0.0,31.24,9.95,2.83,0.0
20220419:0910,451.01,169.0,0.0,40.03,10.92,3.17,0.0
20220419:1010,492.01,214.0,0.0,47.21,11.85,3.31,0.0
20220419:1110,651.01,155.0,0.0,51.66,13.19,3.24,0.0
20220419:1210,307.0,350.0,0.0,52.31,14.33,3.24,0.0
20220419:1310,210.0,362.0,0.0,48.97,15.42,3.31,0.0
20220419:1410,531.01,145.0,0.0,42.52,15.74,3.38,0.0
20220419:1510,69.0,270.0,0.0,34.14,15.87,3.38,0.0
20220419:1610,117.0,183.0,0.0,24.72,15.72,3.38,0.0
20220419:1710,134.0,74.0,0.0,14.87,15.18,2.9,0.0
20220419:1810,11.0,26.31,0.0,5.02,14.2,2.83,0.0
20220419:1910,0.0,0.0,0.0,0.0,12.99,3.38,0.0
20220419:2010,0.0,0.0,0.0,0.0,12.21,3.52,0.0
20220419:2110,0.0,0.0,0.0,0.0,11.19,3.52,0.0
20220419:2210,0.0,0.0,0.0,0.0,10.65,3.45,0.0
20220419:2310,0.0,0.0,0.0,0.0,9.99,3.31,0.0
20220420:0010,0.0,0.0,0.0,0.0,9.17,3.24,0.0
20220420:0110,0.0,0.0,0.0,0.0,8.67,3.1,0.0
20220420:0210,0.0,0.0,0.0,0.0,8.2,2.9,0.0
20220420:0310,0.0,0.0,0.0,0.0,7.75,2.76,0.0
20220420:0410,0.0,0.0,0.0,0.0,7.37,2.69,0.0
20220420:0510,0.0,1.0,0.0,2.27,7.09,2.62,0.0
20220420:0610,61.0,80.0,0.0,12.04,7.61,2.34,0.0
20220420:0710,68.0,170.0,0.0,21.93,9.64,2.0,0.0
20220420:0810,202.0,218.0,0.0,31.55,11.33,2.62,0.0
20220420:0910,449.01,174.0,0.0,40.35,12.92,3.1,0.0
20220420:1010,568.01,172.0,0.0,47.55,14.32,3.45,0.0
20220420:1110,645.01,163.0,0.0,52.01,15.47,3.59,0.0
20220420:1210,686.01,144.0,0.0,52.65,16.75,3.72,0.0
20220420:1310,600.01,167.0,0.0,49.27,17.44,3.79,0.0
20220420:1410,290.0,282.0,0.0,42.78,17.66,4.0,0.0
20220420:1510,167.0,257.0,0.0,34.38,17.4,4.21,0.0
20220420:1610,314.0,91.0,0.0,24.94,16.71,4.07,0.0
20220420:1710,2.0,81.0,0.0,15.09,15.75,3.52,0.0
20220420:1810,23.0,22.8,0.0,5.25,14.36,3.17,0.0
20220420:1910,0.0,0.0,0.0,0.0,13.09,2.62,0.0
20220420:2010,0.0,0.0,0.0,0.0,11.99,2.76,0.0
20220420:2110,0.0,0.0,0.0,0.0,11.14,2.9,0.0
20220420:2210,0.0,0.0,0.0,0.0,10.43,2.76,0.0
20220420:2310,0.0,0.0,0.0,0.0,9.73,2.62,0.0
20220421:0010,0.0,0.0,0.0,0.0,9.08,2.83,0.0
20220421:0110,0.0,0.0,0.0,0.0,8.6,2.83,0.0
20220421:0210,0.0,0.0,0.0,0.0,8.01,2.76,0.0
20220421:0310,0.0,0.0,0.0,0.0,7.43,2.76,0.0
20220421:0410,0.0,0.0,0.0,0.0,6.95,2.76,0.0
20220421:0510,0.0,4.0,0.0,2.57,6.51,2.83,0.0
20220421:0610,79.0,75.0,0.0,12.33,7.0,2.69,0.0
20220421:0710,206.0,120.0,0.0,22.22,9.23,3.17,0.0
20220421:0810,418.0,108.0,0.0,31.84,10.94,3.93,0.0
20220421:0910,514.01,141.0,0.0,40.66,12.71,4.0,0.0
20220421:1010,675.01,117.0,0.0,47.88,14.46,4.14,0.0
20220421:1110,736.01,118.0,0.0,52.35,15.9,4.62,0.0
20220421:1210,771.01,104.0,0.0,52.98,16.8,4.83,0.0
20220421:1310,689.01,122.0,0.0,49.57,17.32,4.62,0.0
20220421:1410,587.01,123.0,0.0,43.05,17.52,4.34,0.0
20220421:1510,444.0,121.0,0.0,34.61,17.52,4.41,0.0
20220421:1610,303.0,99.0,0.0,25.16,17.41,4.48,0.0
20220421:1710,115.0,90.0,0.0,15.31,16.83,3.31,0.0
20220421:1810,7.0,30.26,0.0,5.47,15.92,2.83,0.0
20220421:1910,0.0,0.0,0.0,0.0,14.95,2.48,0.0
20220421:2010,0.0,0.0,0.0,0.0,14.09,2.76,0.0
20220421:2110,0.0,0.0,0.0,0.0,13.68,2.97,0.0
20220421:2210,0.0,0.0,0.0,0.0,12.84,3.1,0.0
20220421:2310,0.0,0.0,0.0,0.0,11.95,3.1,0.0
20220422:0010,0.0,0.0,0.0,0.0,10.99,2.97,0.0
20220422:0110,0.0,0.0,0.0,0.0,10.08,2.9,0.0
20220422:0210,0.0,0.0,0.0,0.0,9.53,2.83,0.0
20220422:0310,0.0,0.0,0.0,0.0,8.84,2.83,0.0
20220422:0410,0.0,0.0,0.0,0.0,8.28,3.03,0.0
20220422:0510,0.0,9.0,0.0,2.86,7.92,3.03,0.0
20220422:0610,97.0,69.0,0.0,12.61,8.54,2.9,0.0
20220422:0710,220.0,113.0,0.0,22.51,10.77,3.59,0.0
20220422:0810,388.0,122.0,0.0,32.14,12.22,4.14,0.0
20220422:0910,540.01,126.0,0.0,40.97,13.59,3.93,0.0
20220422:1010,651.01,128.0,0.0,48.21,14.93,3.86,0.0
20220422:1110,739.01,114.0,0.0,52.7,16.13,4.28,0.0
20220422:1210,737.01,120.0,0.0,53.31,16.87,4.41,0.0
20220422:1310,673.01,129.0,0.0,49.87,17.06,4.07,0.0
20220422:1410,558.01,136.0,0.0,43.31,17.05,3.72,0.0
20220422:1510,428.0,127.0,0.0,34.84,16.86,3.45,0.0
20220422:1610,231.0,138.0,0.0,25.38,16.57,3.17,0.0
20220422:1710,35.0,114.0,0.0,15.52,15.97,3.17,0.0
20220422:1810,16.0,29.94,0.0,5.69,15.36,3.17,0.0
20220422:1910,0.0,0.0,0.0,0.0,15.01,2.69,0.0
20220422:2010,0.0,0.0,0.0,0.0,13.44,2.62,0.0
20220422:2110,0.0,0.0,0.0,0.0,12.47,2.69,0.0
20220422:2210,0.0,0.0,0.0,0.0,11.79,2.76,0.0
20220422:2310,0.0,0.0,0.0,0.0,11.33,2.83,0.0
20220423:0010,0.0,0.0,0.0,0.0,10.78,2.97,0.0
20220423:0110,0.0,0.0,0.0,0.0,10.46,2.9,0.0
20220423:0210,0.0,0.0,0.0,0.0,10.27,2.83,0.0
20220423:0310,0.0,0.0,0.0,0.0,10.19,2.83,0.0
20220423:0410,0.0,0.0,0.0,0.0,10.11,2.97,0.0
20220423:0510,0.0,4.0,0.0,3.14,10.1,3.24,0.0
20220423:0610,1.0,65.0,0.0,12.89,10.46,3.31,0.0
20220423:0710,0.0,111.0,0.0,22.79,11.57,3.1,0.0
20220423:0810,1.0,167.0,0.0,32.43,12.28,2.97,0.0
20220423:0910,187.0,307.0,0.0,41.28,13.53,2.9,0.0
20220423:1010,217.0,353.0,0.0,48.53,15.2,2.76,0.0
20220423:1110,621.01,180.0,0.0,53.03,16.57,2.97,0.0
20220423:1210,550.01,228.0,0.0,53.64,17.17,3.45,0.0
20220423:1310,200.0,370.0,0.0,50.16,16.14,4.21,0.0
20220423:1410,28.0,310.0,0.0,43.57,15.66,4.34,0.0
20220423:1510,0.0,80.0,0.0,35.08,15.64,4.0,0.0
20220423:1610,103.0,193.0,0.0,25.6,15.35,4.0,0.0
20220423:1710,3.0,92.0,0.0,15.73,15.03,4.14,0.0
20220423:1810,8.0,34.0,0.0,5.9,14.53,4.34,0.0
20220423:1910,0.0,0.0,0.0,0.0,14.3,3.93,0.0
20220423:2010,0.0,0.0,0.0,0.0,13.4,3.59,0.0
20220423:2110,0.0,0.0,0.0,0.0,12.84,3.24,0.0
20220423:2210,0.0,0.0,0.0,0.0,12.34,2.97,0.0
20220423:2310,0.0,0.0,0.0,0.0,11.73,2.69,0.0
20220424:0010,0.0,0.0,0.0,0.0,11.18,2.41,0.0
20220424:0110,0.0,0.0,0.0,0.0,10.64,2.55,0.0
20220424:0210,0.0,0.0,0.0,0.0,10.04,2.69,0.0
20220424:0310,0.0,0.0,0.0,0.0,9.33,2.69,0.0
20220424:0410,0.0,0.0,0.0,0.0,8.79,2.48,0.0
20220424:0510,1.0,12.84,0.0,3.42,8.49,2.14,0.0
20220424:0610,54.0,91.0,0.0,13.17,8.98,1.86,0.0
20220424:0710,223.0,115.0,0.0,23.06,10.4,2.48,0.0
20220424:0810,376.0,133.0,0.0,32.71,11.64,2.76,0.0
20220424:0910,526.01,135.0,0.0,41.58,12.71,2.83,0.0
20220424:1010,15.0,317.0,0.0,48.85,13.83,3.24,0.0
20220424:1110,257.0,373.0,0.0,53.37,13.78,3.31,0.0
20220424:1210,163.0,403.0,0.0,53.97,14.0,3.24,0.0
20220424:1310,70.0,378.0,0.0,50.45,14.03,3.24,0.0
20220424:1410,31.0,316.0,0.0,43.82,14.31,3.03,0.0
20220424:1510,155.0,266.0,0.0,35.31,14.73,2.62,0.0
20220424:1610,0.0,100.0,0.0,25.81,15.21,2.34,0.0
20220424:1710,2.0,86.0,0.0,15.94,15.4,2.0,0.0
20220424:1810,0.0,17.0,0.0,6.12,14.68,1.59,0.0
20220424:1910,0.0,0.0,0.0,0.0,13.83,2.34,0.0
20220424:2010,0.0,0.0,0.0,0.0,12.68,2.55,0.0
20220424:2110,0.0,0.0,0.0,0.0,11.83,2.76,0.0
20220424:2210,0.0,0.0,0.0,0.0,11.26,2.83,0.0
20220424:2310,0.0,0.0,0.0,0.0,10.67,2.62,0.0
20220425:0010,0.0,0.0,0.0,0.0,9.97,2.62,0.0
20220425:0110,0.0,0.0,0.0,0.0,9.31,2.55,0.0
20220425:0210,0.0,0.0,0.0,0.0,8.68,2.55,0.0
20220425:0310,0.0,0.0,0.0,0.0,7.93,2.48,0.0
20220425:0410,0.0,0.0,0.0,0.0,7.53,2.41,0.0
20220425:0510,0.0,10.0,0.0,3.7,7.03,2.41,0.0
20220425:0610,78.0,87.0,0.0,13.44,7.85,2.34,0.0
20220425:0710,50.0,183.0,0.0,23.34,9.32,3.31,0.0
20220425:0810,85.0,263.0,0.0,32.99,10.66,3.17,0.0
20220425:0910,496.01,161.0,0.0,41.87,12.07,3.17,0.0
20220425:1010,599.01,167.0,0.0,49.17,13.19,3.17,0.0
20220425:1110,747.01,119.0,0.0,53.7,14.06,3.38,0.0
20220425:1210,195.0,403.0,0.0,54.29,14.55,3.45,0.0
20220425:1310,371.0,309.0,0.0,50.74,14.99,3.38,0.0
20220425:1410,216.0,323.0,0.0,44.08,15.12,3.45,0.0
20220425:1510,139.0,275.0,0.0,35.53,15.28,3.59,0.0
20220425:1610,139.0,189.0,0.0,26.03,14.93,3.79,0.0
20220425:1710,155.0,78.0,0.0,16.15,14.22,3.86,0.0
20220425:1810,38.0,33.0,0.0,6.34,13.1,3.52,0.0
20220425:1910,0.0,0.0,0.0,0.0,11.57,2.62,0.0
20220425:2010,0.0,0.0,0.0,0.0,10.16,2.62,0.0
20220425:2110,0.0,0.0,0.0,0.0,9.08,2.62,0.0
20220425:2210,0.0,0.0,0.0,0.0,8.33,2.48,0.0
20220425:2310,0.0,0.0,0.0,0.0,7.65,2.34,0.0
20220426:0010,0.0,0.0,0.0,0.0,6.97,2.21,0.0
20220426:0110,0.0,0.0,0.0,0.0,6.37,2.14,0.0
20220426:0210,0.0,0.0,0.0,0.0,5.94,2.21,0.0
20220426:0310,0.0,0.0,0.0,0.0,5.77,2.21,0.0
20220426:0410,0.0,0.0,0.0,0.0,5.36,2.28,0.0
20220426:0510,1.0,14.84,0.0,3.98,5.07,2.14,0.0
20220426:0610,19.0,99.0,0.0,13.71,6.0,1.79,0.0
20220426:0710,72.0,185.0,0.0,23.61,7.83,2.76,0.0
20220426:0810,138.0,258.0,0.0,33.27,9.44,2.83,0.0
20220426:0910,470.0,182.0,0.0,42.17,11.0,3.03,0.0
20220426:1010,318.0,327.0,0.0,49.48,12.26,3.24,0.0
20220426:1110,261.0,384.0,0.0,54.02,12.84,3.31,0.0
20220426:1210,243.0,393.0,0.0,54.6,13.11,3.45,0.0
20220426:1310,126.0,394.0,0.0,51.03,13.35,3.45,0.0
20220426:1410,39.0,329.0,0.0,44.33,13.64,3.38,0.0
20220426:1510,98.0,285.0,0.0,35.76,13.84,3.17,0.0
20220426:1610,38.0,203.0,0.0,26.24,13.76,3.03,0.0
20220426:1710,50.0,122.0,0.0,16.36,13.44,2.55,0.0
20220426:1810,40.0,34.0,0.0,6.55,12.85,2.48,0.0
20220426:1910,0.0,0.0,0.0,0.0,12.14,3.17,0.0
20220426:2010,0.0,0.0,0.0,0.0,11.03,3.31,0.0
20220426:2110,0.0,0.0,0.0,0.0,10.01,3.03,0.0
20220426:2210,0.0,0.0,0.0,0.0,9.12,3.1,0.0
20220426:2310,0.0,0.0,0.0,0.0,8.53,3.1,0.0
20220427:0010,0.0,0.0,0.0,0.0,7.74,3.03,0.0
20220427:0110,0.0,0.0,0.0,0.0,7.12,3.1,0.0
20220427:0210,0.0,0.0,0.0,0.0,6.57,3.24,0.0
20220427:0310,0.0,0.0,0.0,0.0,6.12,3.24,0.0
20220427:0410,0.0,0.0,0.0,0.0,5.7,3.03,0.0
20220427:0510,1.0,16.83,0.0,4.24,5.36,2.83,0.0
20220427:0610,106.0,81.0,0.0,13.97,6.28,2.48,0.0
20220427:0710,245.0,117.0,0.0,23.87,8.14,2.97,0.0
20220427:0810,403.0,133.0,0.0,33.54,10.3,3.38,0.0
20220427:0910,565.01,129.0,0.0,42.45,12.25,3.66,0.0
20220427:1010,0.0,0.0,0.0,0.0,14.08,4.41,0.0
20220427:1110,608.01,209.0,0.0,54.35,15.21,5.03,0.0
20220427:1210,686.01,165.0,0.0,54.92,15.48,4.97,0.0
20220427:1310,607.01,184.0,0.0,51.31,15.8,4.97,0.0
20220427:1410,452.0,216.0,0.0,44.57,15.92,4.83,0.0
20220427:1510,421.0,148.0,0.0,35.98,15.84,4.83,0.0
20220427:1610,292.0,118.0,0.0,26.45,15.62,4.41,0.0
20220427:1710,123.0,100.0,0.0,16.57,15.38,3.93,0.0
20220427:1810,40.0,36.0,0.0,6.76,14.62,3.38,0.0
20220427:1910,0.0,0.0,0.0,0.0,14.35,3.45,0.0
20220427:2010,0.0,0.0,0.0,0.0,13.53,3.52,0.0
20220427:2110,0.0,0.0,0.0,0.0,12.71,3.72,0.0
20220427:2210,0.0,0.0,0.0,0.0,11.66,3.59,0.0
20220427:2310,0.0,0.0,0.0,0.0,10.72,3.38,0.0
20220428:0010,0.0,0.0,0.0,0.0,9.94,3.38,0.0
20220428:0110,0.0,0.0,0.0,0.0,9.11,3.45,0.0
20220428:0210,0.0,0.0,0.0,0.0,8.5,3.38,0.0
20220428:0310,0.0,0.0,0.0,0.0,8.02,3.31,0.0
20220428:0410,0.0,0.0,0.0,0.0,7.64,3.17,0.0
20220428:0510,2.0,20.6,0.0,4.51,7.36,3.03,0.0
20220428:0610,121.0,77.0,0.0,14.23,8.34,2.83,0.0
20220428:0710,191.0,149.0,0.0,24.13,10.84,3.24,0.0
20220428:0810,163.0,257.0,0.0,33.81,12.95,3.45,0.0
20220428:0910,402.0,229.0,0.0,42.73,14.85,3.79,0.0
20220428:1010,232.0,368.0,0.0,50.09,16.51,4.14,0.0
20220428:1110,524.01,263.0,0.0,54.66,17.79,4.34,0.0
20220428:1210,151.0,420.0,0.0,55.23,18.74,4.34,0.0
20220428:1310,294.0,356.0,0.0,51.59,19.4,4.41,0.0
20220428:1410,127.0,354.0,0.0,44.82,19.76,4.34,0.0
20220428:1510,5.0,224.0,0.0,36.2,19.79,4.0,0.0
20220428:1610,12.0,186.0,0.0,26.66,19.42,3.66,0.0
20220428:1710,14.0,118.0,0.0,16.77,18.67,3.03,0.0
20220428:1810,7.0,43.0,0.0,6.97,17.25,2.69,0.0
20220428:1910,0.0,0.0,0.0,0.0,15.83,2.83,0.0
20220428:2010,0.0,0.0,0.0,0.0,14.44,2.76,0.0
20220428:2110,0.0,0.0,0.0,0.0,13.31,2.76,0.0
20220428:2210,0.0,0.0,0.0,0.0,12.44,2.9,0.0
20220428:2310,0.0,0.0,0.0,0.0,11.89,2.9,0.0
20220429:0010,0.0,0.0,0.0,0.0,11.21,2.9,0.0
20220429:0110,0.0,0.0,0.0,0.0,10.72,2.62,0.0
20220429:0210,0.0,0.0,0.0,0.0,10.18,2.62,0.0
20220429:0310,0.0,0.0,0.0,0.0,9.83,2.48,0.0
20220429:0410,0.0,0.0,0.0,0.0,9.51,2.28,0.0
20220429:0510,0.0,4.0,0.0,4.77,9.26,1.93,0.0
20220429:0610,2.0,80.0,0.0,14.48,9.76,1.72,0.0
20220429:0710,0.0,92.0,0.0,24.38,10.73,2.55,0.0
20220429:0810,76.0,269.0,0.0,34.07,11.83,2.97,0.0
20220429:0910,243.0,302.0,0.0,43.01,13.44,3.17,0.0
20220429:1010,202.0,373.0,0.0,50.39,15.05,3.17,0.0
20220429:1110,142.0,412.0,0.0,54.98,16.33,3.24,0.0
20220429:1210,626.01,199.0,0.0,55.53,17.44,3.17,0.0
20220429:1310,659.01,148.0,0.0,51.87,17.95,3.03,0.0
20220429:1410,587.01,134.0,0.0,45.06,17.84,3.17,0.0
20220429:1510,351.0,187.0,0.0,36.42,18.04,3.52,0.0
20220429:1610,277.0,127.0,0.0,26.86,17.62,3.66,0.0
20220429:1710,26.0,125.0,0.0,16.98,17.07,3.59,0.0
20220429:1810,5.0,41.0,0.0,7.18,16.12,3.24,0.0
20220429:1910,0.0,0.0,0.0,0.0,14.63,3.38,0.0
20220429:2010,0.0,0.0,0.0,0.0,13.47,3.66,0.0
20220429:2110,0.0,0.0,0.0,0.0,12.21,3.66,0.0
20220429:2210,0.0,0.0,0.0,0.0,11.03,3.38,0.0
20220429:2310,0.0,0.0,0.0,0.0,10.16,3.1,0.0
20220430:0010,0.0,0.0,0.0,0.0,9.56,2.97,0.0
20220430:0110,0.0,0.0,0.0,0.0,9.28,2.9,0.0
20220430:0210,0.0,0.0,0.0,0.0,9.25,2.76,0.0
20220430:0310,0.0,0.0,0.0,0.0,9.25,2.62,0.0
20220430:0410,0.0,0.0,0.0,0.0,9.25,2.62,0.0
20220430:0510,0.0,17.0,0.0,5.03,9.42,2.69,0.0
20220430:0610,61.0,106.0,0.0,14.73,9.97,2.83,0.0
20220430:0710,222.0,137.0,0.0,24.63,10.34,3.31,0.0
20220430:0810,403.0,139.0,0.0,34.32,10.75,3.66,0.0
20220430:0910,564.01,135.0,0.0,43.28,11.2,3.79,0.0
20220430:1010,700.01,123.0,0.0,50.68,12.35,3.86,0.0
20220430:1110,769.01,119.0,0.0,55.29,13.25,3.66,0.0
20220430:1210,776.01,118.0,0.0,55.84,14.48,3.86,0.0
20220430:1310,691.01,138.0,0.0,52.14,14.99,4.28,0.0
20220430:1410,552.01,161.0,0.0,45.3,15.41,4.48,0.0
20220430:1510,460.0,129.0,0.0,36.64,15.44,4.55,0.0
20220430:1610,319.0,108.0,0.0,27.07,15.14,4.62,0.0
20220430:1710,169.0,82.0,0.0,17.18,14.43,4.48,0.0
20220430:1810,50.0,38.0,0.0,7.39,13.46,3.66,0.0
20220430:1910,0.0,0.0,0.0,0.0,12.38,3.24,0.0
20220430:2010,0.0,0.0,0.0,0.0,11.01,3.1,0.0
20220430:2110,0.0,0.0,0.0,0.0,9.84,3.03,0.0
20220430:2210,0.0,0.0,0.0,0.0,8.85,2.83,0.0
20220430:2310,0.0,0.0,0.0,0.0,7.94,2.76,0.0
20220501:0010,0.0,0.0,0.0,0.0,7.17,2.69,0.0
20220501:0110,0.0,0.0,0.0,0.0,6.58,2.55,0.0
20220501:0210,0.0,0.0,0.0,0.0,6.09,2.34,0.0
20220501:0310,0.0,0.0,0.0,0.0,5.68,2.14,0.0
20220501:0410,0.0,0.0,0.0,0.0,5.36,2.07,0.0
20220501:0510,0.0,9.0,0.0,5.28,5.28,2.07,0.0
20220501:0610,72.0,104.0,0.0,14.98,6.1,2.0,0.0
20220501:0710,179.0,160.0,0.0,24.88,8.12,2.62,0.0
20220501:0810,298.0,201.0,0.0,34.58,9.78,2.76,0.0
20220501:0910,373.0,248.0,0.0,43.55,11.41,2.83,0.0
20220501:1010,439.0,276.0,0.0,50.97,12.76,3.17,0.0
20220501:1110,561.01,243.0,0.0,55.59,13.72,3.24,0.0
20220501:1210,431.0,319.0,0.0,56.13,14.41,3.24,0.0
20220501:1310,283.0,361.0,0.0,52.41,14.74,3.31,0.0
20220501:1410,328.0,288.0,0.0,45.54,14.82,3.24,0.0
20220501:1510,230.0,255.0,0.0,36.85,14.72,3.03,0.0
20220501:1610,206.0,172.0,0.0,27.27,14.63,3.03,0.0
20220501:1710,68.0,128.0,0.0,17.38,14.35,2.69,0.0
20220501:1810,37.0,45.0,0.0,7.6,13.82,2.14,0.0
20220501:1910,0.0,0.0,0.0,0.0,12.99,2.41,0.0
20220501:2010,0.0,0.0,0.0,0.0,12.04,2.55,0.0
20220501:2110,0.0,0.0,0.0,0.0,11.17,2.55,0.0
20220501:2210,0.0,0.0,0.0,0.0,10.65,2.48,0.0
20220501:2310,0.0,0.0,0.0,0.0,10.28,2.41,0.0
20220502:0010,0.0,0.0,0.0,0.0,9.93,2.34,0.0
20220502:0110,0.0,0.0,0.0,0.0,9.48,2.34,0.0
20220502:0210,0.0,0.0,0.0,0.0,8.86,2.34,0.0
20220502:0310,0.0,0.0,0.0,0.0,8.44,2.41,0.0
20220502:0410,0.0,0.0,0.0,0.0,8.18,2.48,0.0
20220502:0510,23.0,25.5,0.0,5.52,8.23,2.62,0.0
20220502:0610,79.0,102.0,0.0,15.22,8.98,2.55,0.0
20220502:0710,179.0,160.0,0.0,25.12,10.19,2.55,0.0
20220502:0810,186.0,250.0,0.0,34.82,11.44,2.83,0.0
20220502:0910,407.0,226.0,0.0,43.81,12.94,3.03,0.0
20220502:1010,604.01,175.0,0.0,51.25,14.7,3.31,0.0
20220502:1110,597.01,216.0,0.0,55.89,15.89,3.24,0.0
20220502:1210,110.0,419.0,0.0,56.43,16.29,2.97,0.0
20220502:1310,47.0,377.0,0.0,52.67,16.51,2.97,0.0
20220502:1410,36.0,331.0,0.0,45.77,16.65,3.1,0.0
20220502:1510,63.0,287.0,0.0,37.06,16.74,3.31,0.0
20220502:1610,189.0,178.0,0.0,27.47,16.42,3.03,0.0
20220502:1710,11.0,119.0,0.0,17.58,15.9,2.48,0.0
20220502:1810,35.0,47.0,0.0,7.8,15.23,2.21,0.0
20220502:1910,0.0,0.0,0.0,0.0,13.93,2.83,0.0
20220502:2010,0.0,0.0,0.0,0.0,12.75,3.03,0.0
20220502:2110,0.0,0.0,0.0,0.0,12.18,3.45,0.0
20220502:2210,0.0,0.0,0.0,0.0,11.56,3.79,0.0
20220502:2310,0.0,0.0,0.0,0.0,10.88,3.66,0.0
20220503:0010,0.0,0.0,0.0,0.0,10.25,3.38,0.0
20220503:0110,0.0,0.0,0.0,0.0,10.03,3.24,0.0
20220503:0210,0.0,0.0,0.0,0.0,9.74,3.24,0.0
20220503:0310,0.0,0.0,0.0,0.0,9.72,3.17,0.0
20220503:0410,0.0,0.0,0.0,0.0,9.59,3.1,0.0
20220503:0510,15.0,35.0,0.0,5.76,9.59,3.03,0.0
20220503:0610,104.0,95.0,0.0,15.45,10.15,2.83,0.0
20220503:0710,209.0,149.0,0.0,25.35,11.17,4.0,0.0
20220503:0810,401.0,145.0,0.0,35.07,12.8,4.28,0.0
20220503:0910,567.01,137.0,0.0,44.07,14.25,4.34,0.0
20220503:1010,666.01,144.0,0.0,51.53,15.53,4.41,0.0
20220503:1110,741.01,136.0,0.0,56.19,16.79,4.41,0.0
20220503:1210,384.0,342.0,0.0,56.72,17.62,4.14,0.0
20220503:1310,386.0,315.0,0.0,52.93,18.12,3.59,0.0
20220503:1410,204.0,339.0,0.0,46.0,17.73,3.31,0.0
20220503:1510,264.0,241.0,0.0,37.27,17.36,3.31,0.0
20220503:1610,98.0,214.0,0.0,27.67,17.28,3.45,0.0
20220503:1710,164.0,89.0,0.0,17.78,16.76,3.17,0.0
20220503:1810,50.0,44.0,0.0,8.0,16.24,3.31,0.0
20220503:1910,0.0,0.0,0.0,0.0,15.1,3.1,0.0
20220503:2010,0.0,0.0,0.0,0.0,13.75,3.24,0.0
20220503:2110,0.0,0.0,0.0,0.0,12.81,3.59,0.0
20220503:2210,0.0,0.0,0.0,0.0,12.02,3.72,0.0
20220503:2310,0.0,0.0,0.0,0.0,11.06,3.45,0.0
20220504:0010,0.0,0.0,0.0,0.0,10.35,3.17,0.0
20220504:0110,0.0,0.0,0.0,0.0,9.95,2.9,0.0
20220504:0210,0.0,0.0,0.0,0.0,9.92,2.62,0.0
20220504:0310,0.0,0.0,0.0,0.0,9.64,2.48,0.0
20220504:0410,0.0,0.0,0.0,0.0,9.32,2.28,0.0
20220504:0510,0.0,7.0,0.0,6.0,9.07,2.21,0.0
20220504:0610,0.0,75.0,0.0,15.68,9.08,2.55,0.0
20220504:0710,0.0,77.0,0.0,25.58,10.26,2.55,0.0
20220504:0810,12.0,235.0,0.0,35.3,11.11,2.07,0.0
20220504:0910,1.0,233.0,0.0,44.32,11.63,1.72,0.0
20220504:1010,2.0,271.0,0.0,51.81,12.95,1.86,0.0
20220504:1110,124.0,420.0,0.0,56.48,13.77,1.93,0.0
20220504:1210,1.0,284.0,0.0,57.01,14.48,2.28,0.0
20220504:1310,79.0,397.0,0.0,53.19,15.06,2.83,0.0
20220504:1410,95.0,356.0,0.0,46.23,14.92,2.97,0.0
20220504:1510,17.0,258.0,0.0,37.48,15.29,3.31,0.0
20220504:1610,22.0,202.0,0.0,27.86,15.31,3.24,0.0
20220504:1710,0.0,36.0,0.0,17.97,15.33,3.03,0.0
20220504:1810,0.0,8.0,0.0,8.21,14.86,2.41,0.0
20220504:1910,0.0,0.0,0.0,0.0,13.47,2.0,0.0
20220504:2010,0.0,0.0,0.0,0.0,12.48,2.14,0.0
20220504:2110,0.0,0.0,0.0,0.0,11.67,2.07,0.0
20220504:2210,0.0,0.0,0.0,0.0,10.95,2.0,0.0
20220504:2310,0.0,0.0,0.0,0.0,10.23,2.0,0.0
20220505:0010,0.0,0.0,0.0,0.0,9.57,2.14,0.0
20220505:0110,0.0,0.0,0.0,0.0,9.11,2.41,0.0
20220505:0210,0.0,0.0,0.0,0.0,8.86,2.34,0.0
20220505:0310,0.0,0.0,0.0,0.0,8.43,2.28,0.0
20220505:0410,0.0,0.0,0.0,0.0,8.34,2.21,0.0
20220505:0510,13.0,38.0,0.0,6.23,8.41,2.0,0.0
20220505:0610,18.0,112.0,0.0,15.91,9.43,1.86,0.0
20220505:0710,40.0,198.0,0.0,25.81,10.52,3.38,0.0
20220505:0810,6.0,219.0,0.0,35.53,11.82,3.24,0.0
20220505:0910,91.0,346.0,0.0,44.57,13.19,3.24,0.0
20220505:1010,217.0,378.0,0.0,52.07,14.24,3.45,0.0
20220505:1110,107.0,421.0,0.0,56.77,15.48,3.52,0.0
20220505:1210,0.0,145.0,0.0,57.29,16.45,3.52,0.0
20220505:1310,13.0,335.0,0.0,53.45,17.15,3.66,0.0
20220505:1410,29.0,329.0,0.0,46.46,17.17,3.79,0.0
20220505:1510,132.0,291.0,0.0,37.68,17.19,3.86,0.0
20220505:1610,262.0,148.0,0.0,28.06,16.79,3.86,0.0
20220505:1710,123.0,113.0,0.0,18.16,16.48,3.45,0.0
20220505:1810,54.0,46.0,0.0,8.41,15.72,2.9,0.0
20220505:1910,0.0,0.0,0.0,0.0,14.9,2.9,0.0
20220505:2010,0.0,0.0,0.0,0.0,14.05,2.83,0.0
20220505:2110,0.0,0.0,0.0,0.0,13.4,3.03,0.0
20220505:2210,0.0,0.0,0.0,0.0,12.73,3.1,0.0
20220505:2310,0.0,0.0,0.0,0.0,12.29,3.03,0.0
20220506:0010,0.0,0.0,0.0,0.0,11.6,2.83,0.0
20220506:0110,0.0,0.0,0.0,0.0,11.28,2.69,0.0
20220506:0210,0.0,0.0,0.0,0.0,10.78,2.62,0.0
20220506:0310,0.0,0.0,0.0,0.0,10.23,2.55,0.0
20220506:0410,0.0,0.0,0.0,0.0,9.78,2.48,0.0
20220506:0510,30.0,37.0,0.0,6.46,9.15,2.34,0.0
20220506:0610,139.0,84.0,0.0,16.13,10.0,2.14,0.0
20220506:0710,281.0,115.0,0.0,26.02,11.65,2.14,0.0
20220506:0810,454.0,122.0,0.0,35.76,13.56,2.41,0.0
20220506:0910,605.01,122.0,0.0,44.81,15.36,2.76,0.0
20220506:1010,718.01,120.0,0.0,52.34,16.75,2.76,0.0
20220506:1110,766.01,127.0,0.0,57.05,17.88,2.55,0.0
20220506:1210,661.01,190.0,0.0,57.57,18.93,2.55,0.0
20220506:1310,355.0,333.0,0.0,53.7,19.6,2.69,0.0
20220506:1410,280.0,314.0,0.0,46.68,19.79,2.9,0.0
20220506:1510,312.0,221.0,0.0,37.88,19.79,2.97,0.0
20220506:1610,327.0,113.0,0.0,28.25,19.77,3.1,0.0
20220506:1710,115.0,119.0,0.0,18.36,19.58,2.69,0.0
20220506:1810,57.0,46.0,0.0,8.6,18.55,1.79,0.0
20220506:1910,0.0,0.0,0.0,0.0,17.63,1.93,0.0
20220506:2010,0.0,0.0,0.0,0.0,16.0,2.34,0.0
20220506:2110,0.0,0.0,0.0,0.0,14.6,3.03,0.0
20220506:2210,0.0,0.0,0.0,0.0,13.58,3.59,0.0
20220506:2310,0.0,0.0,0.0,0.0,12.68,3.24,0.0
20220507:0010,0.0,0.0,0.0,0.0,11.89,2.97,0.0
20220507:0110,0.0,0.0,0.0,0.0,11.17,2.9,0.0
20220507:0210,0.0,0.0,0.0,0.0,10.75,2.55,0.0
20220507:0310,0.0,0.0,0.0,0.0,10.41,2.21,0.0
20220507:0410,0.0,0.0,0.0,0.0,10.08,2.21,0.0
20220507:0510,0.0,27.0,0.0,6.68,9.84,2.21,0.0
20220507:0610,42.0,121.0,0.0,16.34,10.7,2.28,0.0
20220507:0710,20.0,189.0,0.0,26.24,12.45,2.41,0.0
20220507:0810,136.0,275.0,0.0,35.98,13.98,2.55,0.0
20220507:0910,197.0,331.0,0.0,45.04,15.53,2.62,0.0
20220507:1010,563.01,210.0,0.0,52.59,16.72,2.41,0.0
20220507:1110,348.0,360.0,0.0,57.32,17.05,2.0,0.0
20220507:1210,176.0,421.0,0.0,57.84,17.61,1.79,0.0
20220507:1310,22.0,353.0,0.0,53.95,18.15,1.66,0.0
20220507:1410,79.0,357.0,0.0,46.9,18.72,1.86,0.0
20220507:1510,452.0,142.0,0.0,38.08,18.8,1.93,0.0
20220507:1610,284.0,138.0,0.0,28.44,18.68,2.21,0.0
20220507:1710,176.0,90.0,0.0,18.54,17.82,2.21,0.0
20220507:1810,52.0,50.0,0.0,8.8,17.18,1.72,0.0
20220507:1910,0.0,0.0,0.0,0.0,16.78,2.34,0.0
20220507:2010,0.0,0.0,0.0,0.0,15.31,3.1,0.0
20220507:2110,0.0,0.0,0.0,0.0,14.16,2.97,0.0
20220507:2210,0.0,0.0,0.0,0.0,13.3,2.69,0.0
20220507:2310,0.0,0.0,0.0,0.0,12.71,2.55,0.0
20220508:0010,0.0,0.0,0.0,0.0,12.25,2.55,0.0
20220508:0110,0.0,0.0,0.0,0.0,11.8,2.62,0.0
20220508:0210,0.0,0.0,0.0,0.0,11.33,2.76,0.0
20220508:0310,0.0,0.0,0.0,0.0,10.79,2.83,0.0
20220508:0410,0.0,0.0,0.0,0.0,10.3,2.76,0.0
20220508:0510,9.0,42.0,0.0,6.9,10.02,2.62,0.0
20220508:0610,12.0,113.0,0.0,16.55,10.99,3.03,0.0
20220508:0710,38.0,201.0,0.0,26.45,12.39,3.93,0.0
20220508:0810,42.0,273.0,0.0,36.19,13.6,3.86,0.0
20220508:0910,204.0,331.0,0.0,45.27,14.84,3.93,0.0
20220508:1010,493.0,253.0,0.0,52.85,16.47,4.0,0.0
20220508:1110,739.01,143.0,0.0,57.59,17.95,4.0,0.0
20220508:1210,785.01,121.0,0.0,58.11,19.11,4.0,0.0
20220508:1310,728.01,126.0,0.0,54.19,19.82,4.0,0.0
20220508:1410,609.01,136.0,0.0,47.11,20.31,3.86,0.0
20220508:1510,439.0,152.0,0.0,38.28,20.44,3.86,0.0
20220508:1610,272.0,147.0,0.0,28.63,20.25,3.79,0.0
20220508:1710,125.0,118.0,0.0,18.73,19.92,3.59,0.0
20220508:1810,28.0,59.0,0.0,8.99,18.94,3.03,0.0
20220508:1910,0.0,0.0,0.0,0.0,17.31,2.76,0.0
20220508:2010,0.0,0.0,0.0,0.0,15.93,2.83,0.0
20220508:2110,0.0,0.0,0.0,0.0,14.88,2.9,0.0
20220508:2210,0.0,0.0,0.0,0.0,13.94,2.97,0.0
20220508:2310,0.0,0.0,0.0,0.0,13.07,2.9,0.0
20220509:0010,0.0,0.0,0.0,0.0,12.28,2.76,0.0
20220509:0110,0.0,0.0,0.0,0.0,11.58,2.62,0.0
20220509:0210,0.0,0.0,0.0,0.0,10.97,2.48,0.0
20220509:0310,0.0,0.0,0.0,0.0,10.36,2.34,0.0
20220509:0410,0.0,0.0,0.0,0.0,9.72,2.21,0.0
20220509:0510,42.0,40.0,0.0,7.11,9.31,1.93,0.0
20220509:0610,162.0,81.0,0.0,16.76,10.89,1.45,0.0
20220509:0710,290.0,116.0,0.0,26.65,13.98,1.24,0.0
20220509:0810,445.0,131.0,0.0,36.4,16.21,1.03,0.0
20220509:0910,589.01,135.0,0.0,45.5,18.29,0.97,0.0
20220509:1010,716.01,126.0,0.0,53.09,19.97,0.55,0.0
20220509:1110,774.01,126.0,0.0,57.86,21.19,0.0,0.0
20220509:1210,779.01,127.0,0.0,58.37,22.03,0.41,0.0
20220509:1310,664.01,163.0,0.0,54.43,22.55,0.76,0.0
20220509:1410,547.0,174.0,0.0,47.33,22.96,0.76,0.0
20220509:1510,442.0,153.0,0.0,38.47,23.14,0.69,0.0
20220509:1610,254.0,160.0,0.0,28.81,23.13,0.83,0.0
20220509:1710,127.0,119.0,0.0,18.92,22.82,0.55,0.0
20220509:1810,40.0,58.0,0.0,9.18,22.09,0.21,0.0
20220509:1910,0.0,0.0,0.0,0.0,20.26,1.72,0.0
20220509:2010,0.0,0.0,0.0,0.0,17.6,1.79,0.0
20220509:2110,0.0,0.0,0.0,0.0,18.22,0.97,0.0
20220509:2210,0.0,0.0,0.0,0.0,17.9,0.34,0.0
20220509:2310,0.0,0.0,0.0,0.0,17.13,0.55,0.0
20220510:0010,0.0,0.0,0.0,0.0,15.49,1.1,0.0
20220510:0110,0.0,0.0,0.0,0.0,13.27,1.72,0.0
20220510:0210,0.0,0.0,0.0,0.0,12.15,2.28,0.0
20220510:0310,0.0,0.0,0.0,0.0,11.74,2.28,0.0
20220510:0410,0.0,0.0,0.0,0.0,11.87,2.34,0.0
20220510:0510,1.0,35.0,0.0,7.31,12.76,2.34,0.0
20220510:0610,15.0,117.0,0.0,16.96,14.65,2.28,0.0
20220510:0710,29.0,199.0,0.0,26.85,17.83,2.55,0.0
20220510:0810,282.0,221.0,0.0,36.61,20.14,3.03,0.0
20220510:0910,591.01,132.0,0.0,45.71,22.25,3.52,0.0
20220510:1010,501.0,248.0,0.0,53.33,23.75,4.62,0.0
20220510:1110,735.01,144.0,0.0,58.12,24.48,5.24,0.0
20220510:1210,622.01,215.0,0.0,58.63,24.9,5.45,0.0
20220510:1310,577.01,213.0,0.0,54.67,24.88,5.17,0.0
20220510:1410,607.01,137.0,0.0,47.54,25.36,5.38,0.0
20220510:1510,446.0,148.0,0.0,38.67,25.28,5.31,0.0
20220510:1610,326.0,118.0,0.0,29.0,25.14,4.97,0.0
20220510:1710,126.0,119.0,0.0,19.1,24.49,3.38,0.0
20220510:1810,49.0,56.0,0.0,9.37,23.22,2.28,0.0
20220510:1910,0.0,0.0,0.0,0.0,21.64,2.34,0.0
20220510:2010,0.0,0.0,0.0,0.0,19.7,2.55,0.0
20220510:2110,0.0,0.0,0.0,0.0,18.3,2.62,0.0
20220510:2210,0.0,0.0,0.0,0.0,17.47,2.62,0.0
20220510:2310,0.0,0.0,0.0,0.0,16.38,2.21,0.0
20220511:0010,0.0,0.0,0.0,0.0,14.95,1.86,0.0
20220511:0110,0.0,0.0,0.0,0.0,13.77,2.0,0.0
20220511:0210,0.0,0.0,0.0,0.0,13.08,2.21,0.0
20220511:0310,0.0,0.0,0.0,0.0,12.61,2.28,0.0
20220511:0410,0.0,0.0,0.0,0.0,12.09,2.28,0.0
20220511:0510,39.0,44.0,0.0,7.51,11.9,2.14,0.0
20220511:0610,169.0,80.0,0.0,17.15,13.4,2.07,0.0
20220511:0710,303.0,112.0,0.0,27.04,16.03,2.97,0.0
20220511:0810,456.0,127.0,0.0,36.81,17.8,3.59,0.0
20220511:0910,595.01,132.0,0.0,45.93,19.37,4.41,0.0
20220511:1010,713.01,127.0,0.0,53.57,20.72,5.03,0.0
20220511:1110,740.01,144.0,0.0,58.38,21.8,5.31,0.0
20220511:1210,786.01,122.0,0.0,58.89,22.7,5.66,0.0
20220511:1310,729.01,127.0,0.0,54.9,23.26,6.14,0.0
20220511:1410,619.01,133.0,0.0,47.74,23.42,6.48,0.0
20220511:1510,506.0,118.0,0.0,38.86,23.25,6.28,0.0
20220511:1610,62.0,226.0,0.0,29.18,23.02,6.0,0.0
20220511:1710,123.0,123.0,0.0,19.28,22.58,5.52,0.0
20220511:1810,57.0,54.0,0.0,9.56,21.76,4.76,0.0
20220511:1910,0.0,0.0,0.0,0.0,20.27,4.55,0.0
20220511:2010,0.0,0.0,0.0,0.0,18.79,4.55,0.0
20220511:2110,0.0,0.0,0.0,0.0,17.61,4.76,0.0
20220511:2210,0.0,0.0,0.0,0.0,16.59,4.69,0.0
20220511:2310,0.0,0.0,0.0,0.0,16.21,4.21,0.0
20220512:0010,0.0,0.0,0.0,0.0,15.79,3.66,0.0
20220512:0110,0.0,0.0,0.0,0.0,15.24,3.03,0.0
20220512:0210,0.0,0.0,0.0,0.0,14.65,2.55,0.0
20220512:0310,0.0,0.0,0.0,0.0,14.0,2.34,0.0
20220512:0410,0.0,0.0,0.0,0.0,13.53,2.21,0.0
20220512:0510,37.0,46.0,0.0,7.71,13.22,2.0,0.0
20220512:0610,165.0,84.0,0.0,17.34,13.23,1.79,0.0
20220512:0710,115.0,204.0,0.0,27.23,13.18,0.9,0.0
20220512:0810,247.0,243.0,0.0,37.0,14.0,0.41,0.0
20220512:0910,295.0,301.0,0.0,46.13,14.75,0.0,0.0
20220512:1010,210.0,388.0,0.0,53.79,15.83,0.28,0.0
20220512:1110,517.01,280.0,0.0,58.63,17.25,0.97,0.0
20220512:1210,209.0,420.0,0.0,59.14,18.44,2.28,0.0
20220512:1310,138.0,410.0,0.0,55.13,18.83,2.41,0.0
20220512:1410,80.0,363.0,0.0,47.95,19.1,2.55,0.0
20220512:1510,162.0,293.0,0.0,39.04,19.2,2.62,0.0
20220512:1610,39.0,223.0,0.0,29.36,19.25,2.69,0.0
20220512:1710,18.0,137.0,0.0,19.46,19.05,2.69,0.0
20220512:1810,31.0,65.0,0.0,9.75,18.41,2.14,0.0
20220512:1910,0.0,0.0,0.0,0.0,17.13,2.14,0.0
20220512:2010,0.0,0.0,0.0,0.0,15.72,2.48,0.0
20220512:2110,0.0,0.0,0.0,0.0,14.45,2.76,0.0
20220512:2210,0.0,0.0,0.0,0.0,13.4,2.83,0.0
20220512:2310,0.0,0.0,0.0,0.0,12.71,2.9,0.0
20220513:0010,0.0,0.0,0.0,0.0,12.09,2.76,0.0
20220513:0110,0.0,0.0,0.0,0.0,11.53,2.21,0.0
20220513:0210,0.0,0.0,0.0,0.0,10.93,1.93,0.0
20220513:0310,0.0,0.0,0.0,0.0,10.02,1.79,0.0
20220513:0410,0.0,0.0,0.0,0.0,9.37,1.86,0.0
20220513:0510,27.0,51.0,0.0,7.9,8.87,1.79,0.0
20220513:0610,150.0,96.0,0.0,17.52,10.49,1.52,0.0
20220513:0710,323.0,110.0,0.0,27.41,12.37,1.79,0.0
20220513:0810,479.0,125.0,0.0,37.19,13.8,1.59,0.0
20220513:0910,605.01,138.0,0.0,46.33,15.44,1.66,0.0
20220513:1010,722.01,134.0,0.0,54.02,16.71,1.93,0.0
20220513:1110,778.01,136.0,0.0,58.87,17.76,2.14,0.0
20220513:1210,805.01,124.0,0.0,59.38,18.57,2.28,0.0
20220513:1310,758.01,123.0,0.0,55.36,19.15,2.34,0.0
20220513:1410,645.01,131.0,0.0,48.15,19.51,2.28,0.0
20220513:1510,523.0,119.0,0.0,39.23,19.73,2.14,0.0
20220513:1610,359.0,113.0,0.0,29.54,19.67,2.21,0.0
20220513:1710,190.0,97.0,0.0,19.64,19.35,2.28,0.0
20220513:1810,68.0,55.0,0.0,9.93,18.69,2.07,0.0
20220513:1910,0.0,0.0,0.0,0.0,17.43,2.0,0.0
20220513:2010,0.0,0.0,0.0,0.0,15.74,2.14,0.0
20220513:2110,0.0,0.0,0.0,0.0,14.36,2.28,0.0
20220513:2210,0.0,0.0,0.0,0.0,13.27,2.34,0.0
20220513:2310,0.0,0.0,0.0,0.0,12.28,2.41,0.0
20220514:0010,0.0,0.0,0.0,0.0,11.41,2.48,0.0
20220514:0110,0.0,0.0,0.0,0.0,10.72,2.48,0.0
20220514:0210,0.0,0.0,0.0,0.0,10.12,2.21,0.0
20220514:0310,0.0,0.0,0.0,0.0,9.45,1.86,0.0
20220514:0410,0.0,0.0,0.0,0.0,8.64,1.59,0.0
20220514:0510,52.0,44.0,0.0,8.08,8.49,1.38,0.0
20220514:0610,162.0,89.0,0.0,17.7,10.83,1.24,0.0
20220514:0710,270.0,138.0,0.0,27.59,13.34,1.59,0.0
20220514:0810,412.0,160.0,0.0,37.37,15.37,1.72,0.0
20220514:0910,527.0,180.0,0.0,46.53,17.13,1.66,0.0
20220514:1010,589.01,207.0,0.0,54.23,18.64,1.45,0.0
20220514:1110,661.01,199.0,0.0,59.11,19.87,1.17,0.0
20220514:1210,741.01,154.0,0.0,59.63,20.89,1.03,0.0
20220514:1310,446.0,299.0,0.0,55.58,21.61,1.17,0.0
20220514:1410,407.0,264.0,0.0,48.34,22.13,1.38,0.0
20220514:1510,500.0,129.0,0.0,39.41,22.41,1.72,0.0
20220514:1610,327.0,127.0,0.0,29.71,22.43,1.86,0.0
20220514:1710,139.0,123.0,0.0,19.81,22.15,1.93,0.0
20220514:1810,9.0,64.0,0.0,10.11,21.32,1.93,0.0
20220514:1910,0.0,0.0,0.0,0.0,19.55,2.69,0.0
20220514:2010,0.0,0.0,0.0,0.0,18.3,2.69,0.0
20220514:2110,0.0,0.0,0.0,0.0,17.39,2.55,0.0
20220514:2210,0.0,0.0,0.0,0.0,16.72,2.83,0.0
20220514:2310,0.0,0.0,0.0,0.0,16.07,2.83,0.0
20220515:0010,0.0,0.0,0.0,0.0,15.8,2.76,0.0
20220515:0110,0.0,0.0,0.0,0.0,15.46,2.62,0.0
20220515:0210,0.0,0.0,0.0,0.0,14.92,2.48,0.0
20220515:0310,0.0,0.0,0.0,0.0,14.46,2.55,0.0
20220515:0410,0.0,0.0,0.0,0.0,14.08,2.83,0.0
20220515:0510,6.0,49.0,0.0,8.26,14.08,2.97,0.0
20220515:0610,72.0,127.0,0.0,17.87,15.07,2.83,0.0
20220515:0710,338.0,100.0,0.0,27.76,17.25,3.52,0.0
20220515:0810,203.0,263.0,0.0,37.54,19.19,3.52,0.0
20220515:0910,496.0,193.0,0.0,46.72,21.41,3.45,0.0
20220515:1010,697.01,138.0,0.0,54.45,23.27,3.52,0.0
20220515:1110,623.01,215.0,0.0,59.34,24.83,3.93,0.0
20220515:1210,727.01,155.0,0.0,59.86,26.12,4.28,0.0
20220515:1310,325.0,353.0,0.0,55.79,26.9,4.41,0.0
20220515:1410,358.0,284.0,0.0,48.54,27.61,4.55,0.0
20220515:1510,185.0,286.0,0.0,39.59,27.96,4.34,0.0
20220515:1610,335.0,120.0,0.0,29.88,27.95,4.07,0.0
20220515:1710,0.0,44.0,0.0,19.98,26.54,3.31,0.0
20220515:1810,0.0,14.0,0.0,10.29,24.64,2.62,0.0
20220515:1910,0.0,0.0,0.0,0.0,21.84,2.41,0.0
20220515:2010,0.0,0.0,0.0,0.0,20.69,2.28,0.0
20220515:2110,0.0,0.0,0.0,0.0,19.89,3.1,0.0
20220515:2210,0.0,0.0,0.0,0.0,19.12,3.45,0.0
20220515:2310,0.0,0.0,0.0,0.0,18.67,3.52,0.0
20220516:0010,0.0,0.0,0.0,0.0,18.66,3.86,0.0
20220516:0110,0.0,0.0,0.0,0.0,18.89,4.62,0.0
20220516:0210,0.0,0.0,0.0,0.0,18.12,4.21,0.0
20220516:0310,0.0,0.0,0.0,0.0,17.26,3.86,0.0
20220516:0410,0.0,0.0,0.0,0.0,16.47,4.0,0.0
20220516:0510,18.0,55.0,0.0,8.44,15.86,3.86,0.0
20220516:0610,45.0,134.0,0.0,18.04,16.07,3.17,0.0
20220516:0710,7.0,174.0,0.0,27.92,16.85,3.79,0.0
20220516:0810,15.0,253.0,0.0,37.71,17.94,4.14,0.0
20220516:0910,418.0,239.0,0.0,46.9,19.41,4.21,0.0
20220516:1010,679.01,148.0,0.0,54.65,20.82,4.0,0.0
20220516:1110,636.01,208.0,0.0,59.57,21.8,3.72,0.0
20220516:1210,737.01,150.0,0.0,60.09,22.57,3.93,0.0
20220516:1310,238.0,388.0,0.0,56.01,23.19,3.93,0.0
20220516:1410,527.0,190.0,0.0,48.73,23.47,3.52,0.0
20220516:1510,319.0,228.0,0.0,39.76,23.53,2.97,0.0
20220516:1610,270.0,158.0,0.0,30.05,23.19,2.21,0.0
20220516:1710,6.0,123.0,0.0,20.15,23.05,1.45,0.0
20220516:1810,22.0,70.0,0.0,10.46,22.52,0.69,0.0
20220516:1910,0.0,0.0,0.0,0.0,21.47,0.83,0.0
20220516:2010,0.0,0.0,0.0,0.0,20.23,0.97,0.0
20220516:2110,0.0,0.0,0.0,0.0,18.54,1.79,0.0
20220516:2210,0.0,0.0,0.0,0.0,18.52,2.0,0.0
20220516:2310,0.0,0.0,0.0,0.0,18.31,2.14,0.0
20220517:0010,0.0,0.0,0.0,0.0,17.99,2.28,0.0
20220517:0110,0.0,0.0,0.0,0.0,18.06,2.55,0.0
20220517:0210,0.0,0.0,0.0,0.0,17.9,2.69,0.0
20220517:0310,0.0,0.0,0.0,0.0,17.23,2.34,0.0
20220517:0410,0.0,0.0,0.0,0.0,16.04,1.86,0.0
20220517:0510,41.0,52.0,0.0,8.6,15.08,1.52,0.0
20220517:0610,182.0,83.0,0.0,18.2,16.74,1.24,0.0
20220517:0710,292.0,125.0,0.0,28.08,20.09,1.72,0.0
20220517:0810,462.0,129.0,0.0,37.88,21.9,2.14,0.0
20220517:0910,623.0,121.0,0.0,47.08,23.48,2.28,0.0
20220517:1010,318.0,348.0,0.0,54.85,24.34,2.55,0.0
20220517:1110,781.01,124.0,0.0,59.79,25.09,3.03,0.0
20220517:1210,745.01,146.0,0.0,60.32,25.61,2.83,0.0
20220517:1310,674.01,158.0,0.0,56.21,26.0,2.69,0.0
20220517:1410,630.01,131.0,0.0,48.92,26.37,3.03,0.0
20220517:1510,510.0,121.0,0.0,39.93,26.51,3.31,0.0
20220517:1610,355.0,113.0,0.0,30.22,26.32,3.1,0.0
20220517:1710,187.0,99.0,0.0,20.32,26.3,3.03,0.0
20220517:1810,72.0,58.0,0.0,10.63,25.62,2.14,0.0
20220517:1910,0.0,0.0,0.0,0.0,23.74,1.72,0.0
20220517:2010,0.0,0.0,0.0,0.0,22.36,2.07,0.0
20220517:2110,0.0,0.0,0.0,0.0,21.18,2.14,0.0
20220517:2210,0.0,0.0,0.0,0.0,20.5,2.48,0.0
20220517:2310,0.0,0.0,0.0,0.0,19.82,1.66,0.0
20220518:0010,0.0,0.0,0.0,0.0,18.37,1.24,0.0
20220518:0110,0.0,0.0,0.0,0.0,17.59,2.21,0.0
20220518:0210,0.0,0.0,0.0,0.0,17.05,2.83,0.0
20220518:0310,0.0,0.0,0.0,0.0,16.39,3.59,0.0
20220518:0410,0.0,0.0,0.0,0.0,15.62,3.59,0.0
20220518:0510,52.0,50.0,0.0,8.77,15.22,3.24,0.0
20220518:0610,186.0,83.0,0.0,18.36,15.88,3.17,0.0
20220518:0710,336.0,105.0,0.0,28.23,17.19,2.69,0.0
20220518:0810,386.0,174.0,0.0,38.03,18.78,2.69,0.0
20220518:0910,571.0,150.0,0.0,47.25,20.57,2.41,0.0
20220518:1010,692.01,142.0,0.0,55.04,22.49,2.41,0.0
20220518:1110,664.01,193.0,0.0,60.01,24.21,2.48,0.0
20220518:1210,760.01,140.0,0.0,60.54,25.65,2.62,0.0
20220518:1310,706.01,144.0,0.0,56.42,26.62,3.1,0.0
20220518:1410,573.0,164.0,0.0,49.1,27.08,3.59,0.0
20220518:1510,501.0,128.0,0.0,40.1,27.26,3.93,0.0
20220518:1610,258.0,167.0,0.0,30.38,27.09,3.86,0.0
20220518:1710,24.0,147.0,0.0,20.49,26.6,3.24,0.0
20220518:1810,73.0,59.0,0.0,10.8,25.7,2.62,0.0
20220518:1910,0.0,1.0,0.0,1.68,24.45,2.76,0.0
20220518:2010,0.0,0.0,0.0,0.0,23.42,2.9,0.0
20220518:2110,0.0,0.0,0.0,0.0,22.77,2.97,0.0
20220518:2210,0.0,0.0,0.0,0.0,22.21,2.97,0.0
20220518:2310,0.0,0.0,0.0,0.0,21.64,2.34,0.0
20220519:0010,0.0,0.0,0.0,0.0,20.78,1.79,0.0
20220519:0110,0.0,0.0,0.0,0.0,20.11,1.93,0.0
20220519:0210,0.0,0.0,0.0,0.0,19.43,2.34,0.0
20220519:0310,0.0,0.0,0.0,0.0,19.01,2.55,0.0
20220519:0410,0.0,0.0,0.0,0.0,18.87,2.62,0.0
20220519:0510,0.0,31.0,0.0,8.92,18.93,2.21,0.0
20220519:0610,0.0,50.0,0.0,18.5,19.8,1.72,0.0
20220519:0710,91.0,215.0,0.0,28.38,21.46,3.03,0.0
20220519:0810,406.0,162.0,0.0,38.19,21.89,3.38,0.0
20220519:0910,377.0,262.0,0.0,47.41,22.6,3.66,0.0
20220519:1010,429.0,294.0,0.0,55.23,23.31,3.17,0.0
20220519:1110,100.0,428.0,0.0,60.22,23.83,3.52,0.0
20220519:1210,747.01,146.0,0.0,60.76,23.39,3.24,0.0
20220519:1310,615.01,196.0,0.0,56.62,24.12,2.69,0.0
20220519:1410,435.0,245.0,0.0,49.28,24.85,3.03,0.0
20220519:1510,506.0,125.0,0.0,40.27,24.62,3.17,0.0
20220519:1610,237.0,178.0,0.0,30.54,23.89,2.83,0.0
20220519:1710,157.0,118.0,0.0,20.65,23.37,2.69,0.0
20220519:1810,21.0,74.0,0.0,10.97,22.77,2.55,0.0
20220519:1910,0.0,1.0,0.0,1.85,22.07,2.83,0.0
20220519:2010,0.0,0.0,0.0,0.0,21.11,2.76,0.0
20220519:2110,0.0,0.0,0.0,0.0,20.1,2.69,0.0
20220519:2210,0.0,0.0,0.0,0.0,19.31,2.62,0.0
20220519:2310,0.0,0.0,0.0,0.0,18.48,2.55,0.0
20220520:0010,0.0,0.0,0.0,0.0,17.88,2.62,0.0
20220520:0110,0.0,0.0,0.0,0.0,17.42,2.55,0.0
20220520:0210,0.0,0.0,0.0,0.0,17.06,2.48,0.0
20220520:0310,0.0,0.0,0.0,0.0,16.75,2.28,0.0
20220520:0410,0.0,0.0,0.0,0.0,16.62,2.07,0.0
20220520:0510,0.0,9.0,0.0,9.07,17.02,1.93,0.0
20220520:0610,0.0,23.0,0.0,18.65,18.43,2.28,0.0
20220520:0710,68.0,218.0,0.0,28.52,19.87,1.93,0.0
20220520:0810,11.0,246.0,0.0,38.33,21.59,2.14,0.0
20220520:0910,352.0,274.0,0.0,47.57,24.0,3.72,0.0
20220520:1010,0.0,239.0,0.0,55.41,24.44,4.9,0.0
20220520:1110,160.0,426.0,0.0,60.42,22.92,6.55,0.0
20220520:1210,434.0,326.0,0.0,60.97,21.11,6.55,0.0
20220520:1310,12.0,338.0,0.0,56.81,21.8,5.24,0.0
20220520:1410,27.0,332.0,0.0,49.46,21.73,5.79,0.0
20220520:1510,256.0,260.0,0.0,40.44,19.82,5.79,0.0
20220520:1610,343.0,121.0,0.0,30.7,18.82,5.17,0.0
20220520:1710,190.0,101.0,0.0,20.81,18.31,4.55,0.0
20220520:1810,65.0,65.0,0.0,11.14,17.75,3.86,0.0
20220520:1910,0.0,2.0,0.0,2.03,14.21,2.07,0.0
20220520:2010,0.0,0.0,0.0,0.0,13.37,1.93,0.0
20220520:2110,0.0,0.0,0.0,0.0,13.01,1.52,0.0
20220520:2210,0.0,0.0,0.0,0.0,12.54,1.86,0.0
20220520:2310,0.0,0.0,0.0,0.0,12.71,2.0,0.0
20220521:0010,0.0,0.0,0.0,0.0,12.64,2.21,0.0
20220521:0110,0.0,0.0,0.0,0.0,12.24,2.14,0.0
20220521:0210,0.0,0.0,0.0,0.0,12.04,2.07,0.0
20220521:0310,0.0,0.0,0.0,0.0,11.47,1.79,0.0
20220521:0410,0.0,0.0,0.0,0.0,10.97,1.79,0.0
20220521:0510,5.0,55.0,0.0,9.22,11.05,1.66,0.0
20220521:0610,36.0,141.0,0.0,18.79,13.02,1.24,0.0
20220521:0710,192.0,188.0,0.0,28.66,15.14,0.14,0.0
20220521:0810,357.0,201.0,0.0,38.47,16.58,0.28,0.0
20220521:0910,518.0,194.0,0.0,47.73,17.98,0.55,0.0
20220521:1010,636.01,187.0,0.0,55.58,19.46,1.1,0.0
20220521:1110,554.01,271.0,0.0,60.62,20.38,1.03,0.0
20220521:1210,513.0,298.0,0.0,61.17,21.25,0.83,0.0
20220521:1310,548.0,250.0,0.0,57.01,21.9,0.69,0.0
20220521:1410,559.0,185.0,0.0,49.63,22.53,0.97,0.0
20220521:1510,495.0,140.0,0.0,40.6,22.89,0.9,0.0
20220521:1610,364.0,118.0,0.0,30.86,22.94,0.9,0.0
20220521:1710,220.0,93.0,0.0,20.96,22.71,1.24,0.0
20220521:1810,78.0,63.0,0.0,11.3,21.99,1.79,0.0
20220521:1910,0.0,4.0,0.0,2.2,20.87,2.28,0.0
20220521:2010,0.0,0.0,0.0,0.0,19.01,2.48,0.0
20220521:2110,0.0,0.0,0.0,0.0,17.68,2.69,0.0
20220521:2210,0.0,0.0,0.0,0.0,16.56,2.97,0.0
20220521:2310,0.0,0.0,0.0,0.0,15.66,2.97,0.0
20220522:0010,0.0,0.0,0.0,0.0,14.88,2.9,0.0
20220522:0110,0.0,0.0,0.0,0.0,14.39,2.83,0.0
20220522:0210,0.0,0.0,0.0,0.0,14.1,2.62,0.0
20220522:0310,0.0,0.0,0.0,0.0,13.6,2.28,0.0
20220522:0410,0.0,0.0,0.0,0.0,12.9,2.21,0.0
20220522:0510,0.0,37.0,0.0,9.36,13.11,2.0,0.0
20220522:0610,5.0,116.0,0.0,18.92,14.48,2.0,0.0
20220522:0710,7.0,181.0,0.0,28.79,17.13,2.28,0.0
20220522:0810,190.0,277.0,0.0,38.61,18.47,2.21,0.0
20220522:0910,10.0,293.0,0.0,47.87,20.0,3.03,0.0
20220522:1010,0.0,234.0,0.0,55.75,21.23,4.48,0.0
20220522:1110,0.0,80.0,0.0,60.81,22.18,4.14,0.0
20220522:1210,295.0,399.0,0.0,61.37,22.78,2.76,0.0
20220522:1310,0.0,252.0,0.0,57.19,22.6,2.48,0.0
20220522:1410,1.0,245.0,0.0,49.8,22.17,3.1,0.0
20220522:1510,323.0,235.0,0.0,40.75,21.85,3.24,0.0
20220522:1610,123.0,231.0,0.0,31.01,21.47,4.14,0.0
20220522:1710,7.0,133.0,0.0,21.12,21.31,4.14,0.0
20220522:1810,9.0,73.0,0.0,11.46,20.89,3.52,0.0
20220522:1910,0.0,5.0,0.0,2.36,18.98,2.28,0.0
20220522:2010,0.0,0.0,0.0,0.0,17.5,2.83,0.0
20220522:2110,0.0,0.0,0.0,0.0,16.32,3.93,0.0
20220522:2210,0.0,0.0,0.0,0.0,15.61,3.38,0.0
20220522:2310,0.0,0.0,0.0,0.0,14.97,3.03,0.0
20220523:0010,0.0,0.0,0.0,0.0,14.48,2.9,0.0
20220523:0110,0.0,0.0,0.0,0.0,14.09,2.69,0.0
20220523:0210,0.0,0.0,0.0,0.0,13.76,2.34,0.0
20220523:0310,0.0,0.0,0.0,0.0,13.51,2.14,0.0
20220523:0410,0.0,0.0,0.0,0.0,13.52,2.14,0.0
20220523:0510,59.0,53.0,0.0,9.49,13.75,1.79,0.0
20220523:0610,0.0,46.0,0.0,19.05,15.04,1.17,0.0
20220523:0710,0.0,46.0,0.0,28.92,18.35,3.52,0.0
20220523:0810,41.0,286.0,0.0,38.74,18.41,4.48,0.0
20220523:0910,0.0,166.0,0.0,48.01,17.9,3.93,0.0
20220523:1010,0.0,85.0,0.0,55.91,18.08,4.07,0.0
20220523:1110,2.0,299.0,0.0,61.0,18.06,4.07,0.0
20220523:1210,0.0,149.0,0.0,61.57,18.18,4.62,0.0
20220523:1310,0.0,183.0,0.0,57.37,17.96,4.76,0.0
20220523:1410,5.0,283.0,0.0,49.96,18.12,4.9,0.0
20220523:1510,0.0,132.0,0.0,40.91,18.23,5.17,0.0
20220523:1610,0.0,94.0,0.0,31.16,17.74,5.59,0.0
20220523:1710,18.0,149.0,0.0,21.27,16.99,4.83,0.0
20220523:1810,73.0,66.0,0.0,11.61,16.57,3.45,0.0
20220523:1910,0.0,1.0,0.0,2.53,14.22,3.1,0.0
20220523:2010,0.0,0.0,0.0,0.0,13.65,3.03,0.0
20220523:2110,0.0,0.0,0.0,0.0,13.09,2.69,0.0
20220523:2210,0.0,0.0,0.0,0.0,12.67,2.07,0.0
20220523:2310,0.0,0.0,0.0,0.0,11.82,2.14,0.0
20220524:0010,0.0,0.0,0.0,0.0,11.56,2.55,0.0
20220524:0110,0.0,0.0,0.0,0.0,11.24,2.97,0.0
20220524:0210,0.0,0.0,0.0,0.0,10.82,3.59,0.0
20220524:0310,0.0,0.0,0.0,0.0,10.31,3.93,0.0
20220524:0410,0.0,0.0,0.0,0.0,10.08,4.0,0.0
20220524:0510,62.0,55.0,0.0,9.62,10.35,4.21,0.0
20220524:0610,197.0,88.0,0.0,19.17,11.27,4.62,0.0
20220524:0710,117.0,221.0,0.0,29.04,11.94,4.48,0.0
20220524:0810,289.0,242.0,0.0,38.86,12.73,4.28,0.0
20220524:0910,249.0,337.0,0.0,48.15,13.91,5.03,0.0
20220524:1010,172.0,412.0,0.0,56.07,14.93,5.38,0.0
20220524:1110,326.0,392.0,0.0,61.17,15.73,5.45,0.0
20220524:1210,169.0,443.0,0.0,61.76,16.26,5.52,0.0
20220524:1310,491.0,288.0,0.0,57.55,16.89,5.45,0.0
20220524:1410,106.0,381.0,0.0,50.13,17.1,4.97,0.0
20220524:1510,164.0,309.0,0.0,41.06,17.19,4.28,0.0
20220524:1610,30.0,232.0,0.0,31.31,17.16,4.0,0.0
20220524:1710,2.0,120.0,0.0,21.42,16.58,3.38,0.0
20220524:1810,0.0,15.0,0.0,11.76,16.04,2.28,0.0
20220524:1910,0.0,2.0,0.0,2.69,14.15,1.59,0.0
20220524:2010,0.0,0.0,0.0,0.0,13.31,1.66,0.0
20220524:2110,0.0,0.0,0.0,0.0,12.21,1.93,0.0
20220524:2210,0.0,0.0,0.0,0.0,11.49,2.0,0.0
20220524:2310,0.0,0.0,0.0,0.0,10.9,2.0,0.0
20220525:0010,0.0,0.0,0.0,0.0,10.48,1.86,0.0
20220525:0110,0.0,0.0,0.0,0.0,10.13,1.72,0.0
20220525:0210,0.0,0.0,0.0,0.0,9.75,1.59,0.0
20220525:0310,0.0,0.0,0.0,0.0,9.61,1.52,0.0
20220525:0410,0.0,0.0,0.0,0.0,9.25,1.59,0.0
20220525:0510,64.0,55.0,0.0,9.74,9.66,1.52,0.0
20220525:0610,209.0,83.0,0.0,19.28,11.56,1.59,0.0
20220525:0710,362.0,104.0,0.0,29.15,12.61,1.45,0.0
20220525:0810,519.0,114.0,0.0,38.98,14.19,2.14,0.0
20220525:0910,631.0,132.0,0.0,48.28,15.64,3.66,0.0
20220525:1010,749.01,125.0,0.0,56.21,16.45,3.93,0.0
20220525:1110,805.01,127.0,0.0,61.35,17.45,4.28,0.0
20220525:1210,694.01,194.0,0.0,61.94,18.41,4.9,0.0
20220525:1310,520.0,270.0,0.0,57.73,18.91,5.31,0.0
20220525:1410,244.0,352.0,0.0,50.28,18.73,5.31,0.0
20220525:1510,154.0,311.0,0.0,41.21,18.48,5.17,0.0
20220525:1610,6.0,195.0,0.0,31.45,18.19,4.97,0.0
20220525:1710,2.0,120.0,0.0,21.56,17.67,4.07,0.0
20220525:1810,1.0,57.0,0.0,11.91,17.16,3.45,0.0
20220525:1910,0.0,2.0,0.0,2.84,16.35,3.38,0.0
20220525:2010,0.0,0.0,0.0,0.0,15.96,3.17,0.0
20220525:2110,0.0,0.0,0.0,0.0,15.81,3.1,0.0
20220525:2210,0.0,0.0,0.0,0.0,15.71,3.24,0.0
20220525:2310,0.0,0.0,0.0,0.0,15.54,3.31,0.0
20220526:0010,0.0,0.0,0.0,0.0,15.18,3.31,0.0
20220526:0110,0.0,0.0,0.0,0.0,14.7,3.17,0.0
20220526:0210,0.0,0.0,0.0,0.0,14.26,3.1,0.0
20220526:0310,0.0,0.0,0.0,0.0,13.89,2.97,0.0
20220526:0410,0.0,0.0,0.0,0.0,13.54,2.83,0.0
20220526:0510,5.0,58.0,0.0,9.86,13.51,2.48,0.0
20220526:0610,66.0,143.0,0.0,19.39,13.69,3.17,0.0
20220526:0710,168.0,201.0,0.0,29.26,14.33,3.31,0.0
20220526:0810,5.0,229.0,0.0,39.09,15.12,3.1,0.0
20220526:0910,19.0,318.0,0.0,48.4,15.85,2.9,0.0
20220526:1010,44.0,387.0,0.0,56.36,16.31,2.76,0.0
20220526:1110,225.0,423.0,0.0,61.51,17.22,2.9,0.0
20220526:1210,108.0,440.0,0.0,62.12,18.1,2.97,0.0
20220526:1310,184.0,414.0,0.0,57.89,19.27,3.17,0.0
20220526:1410,211.0,360.0,0.0,50.44,19.74,3.24,0.0
20220526:1510,123.0,315.0,0.0,41.35,20.2,3.24,0.0
20220526:1610,20.0,223.0,0.0,31.59,20.22,3.45,0.0
20220526:1710,0.0,92.0,0.0,21.7,19.81,3.38,0.0
20220526:1810,0.0,49.0,0.0,12.06,19.26,3.1,0.0
20220526:1910,0.0,2.0,0.0,3.0,17.39,3.59,0.0
20220526:2010,0.0,0.0,0.0,0.0,16.69,3.1,0.0
20220526:2110,0.0,0.0,0.0,0.0,16.12,2.9,0.0
20220526:2210,0.0,0.0,0.0,0.0,15.4,2.83,0.0
20220526:2310,0.0,0.0,0.0,0.0,14.28,2.62,0.0
20220527:0010,0.0,0.0,0.0,0.0,13.87,2.62,0.0
20220527:0110,0.0,0.0,0.0,0.0,13.29,2.76,0.0
20220527:0210,0.0,0.0,0.0,0.0,12.9,2.83,0.0
20220527:0310,0.0,0.0,0.0,0.0,12.66,2.9,0.0
20220527:0410,0.0,0.0,0.0,0.0,12.26,2.69,0.0
20220527:0510,0.0,23.0,0.0,9.97,12.49,2.34,0.0
20220527:0610,0.0,71.0,0.0,19.5,12.97,2.9,0.0
20220527:0710,0.0,138.0,0.0,29.36,13.95,3.03,0.0
20220527:0810,8.0,243.0,0.0,39.19,14.57,2.97,0.0
20220527:0910,12.0,303.0,0.0,48.51,15.3,2.97,0.0
20220527:1010,0.0,178.0,0.0,56.49,16.11,2.97,0.0
20220527:1110,7.0,337.0,0.0,61.67,17.13,3.1,0.0
20220527:1210,0.0,182.0,0.0,62.29,17.67,3.1,0.0
20220527:1310,42.0,395.0,0.0,58.06,17.71,2.9,0.0
20220527:1410,195.0,366.0,0.0,50.59,18.64,3.31,0.0
20220527:1510,415.0,192.0,0.0,41.49,19.44,3.66,0.0
20220527:1610,335.0,140.0,0.0,31.73,19.52,3.59,0.0
20220527:1710,222.0,99.0,0.0,21.84,19.2,3.59,0.0
20220527:1810,91.0,65.0,0.0,12.2,18.66,3.38,0.0
20220527:1910,0.0,10.0,0.0,3.14,17.11,3.59,0.0
20220527:2010,0.0,0.0,0.0,0.0,15.81,3.59,0.0
20220527:2110,0.0,0.0,0.0,0.0,14.45,3.24,0.0
20220527:2210,0.0,0.0,0.0,0.0,13.08,2.83,0.0
20220527:2310,0.0,0.0,0.0,0.0,11.87,2.62,0.0
20220528:0010,0.0,0.0,0.0,0.0,10.96,2.41,0.0
20220528:0110,0.0,0.0,0.0,0.0,10.21,2.28,0.0
20220528:0210,0.0,0.0,0.0,0.0,9.48,2.14,0.0
20220528:0310,0.0,0.0,0.0,0.0,8.84,1.93,0.0
20220528:0410,0.0,0.0,0.0,0.0,8.13,1.86,0.0
20220528:0510,70.0,56.0,0.0,10.07,8.19,1.52,0.0
20220528:0610,145.0,119.0,0.0,19.6,10.72,1.45,0.0
20220528:0710,333.0,122.0,0.0,29.45,13.43,1.86,0.0
20220528:0810,509.0,124.0,0.0,39.29,15.08,1.79,0.0
20220528:0910,505.0,211.0,0.0,48.62,16.35,1.79,0.0
20220528:1010,148.0,418.0,0.0,56.62,17.22,2.21,0.0
20220528:1110,187.0,440.0,0.0,61.83,17.88,2.48,0.0
20220528:1210,207.0,439.0,0.0,62.45,18.0,2.69,0.0
20220528:1310,172.0,424.0,0.0,58.22,18.25,2.9,0.0
20220528:1410,376.0,299.0,0.0,50.73,18.36,3.17,0.0
20220528:1510,355.0,233.0,0.0,41.63,18.44,3.59,0.0
20220528:1610,339.0,144.0,0.0,31.87,18.14,4.21,0.0
20220528:1710,163.0,134.0,0.0,21.98,17.51,4.48,0.0
20220528:1810,99.0,65.0,0.0,12.34,16.81,4.28,0.0
20220528:1910,0.0,10.0,0.0,3.29,15.92,4.62,0.0
20220528:2010,0.0,0.0,0.0,0.0,14.47,4.97,0.0
20220528:2110,0.0,0.0,0.0,0.0,13.24,4.76,0.0
20220528:2210,0.0,0.0,0.0,0.0,12.19,4.41,0.0
20220528:2310,0.0,0.0,0.0,0.0,11.2,3.86,0.0
20220529:0010,0.0,0.0,0.0,0.0,10.34,3.72,0.0
20220529:0110,0.0,0.0,0.0,0.0,9.44,3.72,0.0
20220529:0210,0.0,0.0,0.0,0.0,8.57,3.79,0.0
20220529:0310,0.0,0.0,0.0,0.0,7.85,3.52,0.0
20220529:0410,0.0,0.0,0.0,0.0,7.26,3.17,0.0
20220529:0510,69.0,58.0,0.0,10.17,7.3,2.97,0.0
20220529:0610,202.0,93.0,0.0,19.69,8.39,3.52,0.0
20220529:0710,156.0,217.0,0.0,29.54,10.4,4.28,0.0
20220529:0810,190.0,293.0,0.0,39.39,11.68,4.34,0.0
20220529:0910,232.0,353.0,0.0,48.73,12.68,4.28,0.0
20220529:1010,189.0,418.0,0.0,56.74,13.38,4.0,0.0
20220529:1110,295.0,415.0,0.0,61.97,14.41,3.72,0.0
20220529:1210,50.0,428.0,0.0,62.61,14.9,3.66,0.0
20220529:1310,176.0,429.0,0.0,58.37,15.4,3.72,0.0
20220529:1410,177.0,383.0,0.0,50.88,15.66,3.79,0.0
20220529:1510,63.0,323.0,0.0,41.77,15.58,3.72,0.0
20220529:1610,8.0,206.0,0.0,32.0,15.25,3.45,0.0
20220529:1710,57.0,171.0,0.0,22.11,14.91,3.38,0.0
20220529:1810,89.0,72.0,0.0,12.48,14.61,3.52,0.0
20220529:1910,0.0,11.0,0.0,3.43,13.2,4.41,0.0
20220529:2010,0.0,0.0,0.0,0.0,11.83,3.86,0.0
20220529:2110,0.0,0.0,0.0,0.0,10.93,3.31,0.0
20220529:2210,0.0,0.0,0.0,0.0,9.99,2.83,0.0
20220529:2310,0.0,0.0,0.0,0.0,9.3,2.9,0.0
20220530:0010,0.0,0.0,0.0,0.0,8.86,3.03,0.0
20220530:0110,0.0,0.0,0.0,0.0,8.45,2.97,0.0
20220530:0210,0.0,0.0,0.0,0.0,8.0,2.97,0.0
20220530:0310,0.0,0.0,0.0,0.0,7.72,2.9,0.0
20220530:0410,0.0,0.0,0.0,0.0,7.36,2.69,0.0
20220530:0510,56.0,64.0,0.0,10.26,7.64,2.28,0.0
20220530:0610,203.0,92.0,0.0,19.78,9.1,2.55,0.0
20220530:0710,346.0,120.0,0.0,29.63,11.16,2.97,0.0
20220530:0810,519.0,123.0,0.0,39.47,12.77,2.97,0.0
20220530:0910,644.0,134.0,0.0,48.82,14.06,2.48,0.0
20220530:1010,674.01,179.0,0.0,56.86,15.06,2.28,0.0
20220530:1110,263.0,424.0,0.0,62.11,16.15,1.79,0.0
20220530:1210,303.0,414.0,0.0,62.77,16.87,1.24,0.0
20220530:1310,159.0,429.0,0.0,58.52,16.74,1.45,0.0
20220530:1410,357.0,314.0,0.0,51.02,16.99,1.52,0.0
20220530:1510,402.0,212.0,0.0,41.9,17.3,1.38,0.0
20220530:1610,275.0,185.0,0.0,32.12,17.27,1.24,0.0
20220530:1710,124.0,155.0,0.0,22.24,17.12,1.59,0.0
20220530:1810,114.0,62.0,0.0,12.61,16.59,2.07,0.0
20220530:1910,0.0,14.0,0.0,3.57,15.64,2.14,0.0
20220530:2010,0.0,0.0,0.0,0.0,14.77,2.69,0.0
20220530:2110,0.0,0.0,0.0,0.0,14.05,2.9,0.0
20220530:2210,0.0,0.0,0.0,0.0,13.48,2.9,0.0
20220530:2310,0.0,0.0,0.0,0.0,12.75,2.48,0.0
20220531:0010,0.0,0.0,0.0,0.0,12.17,1.86,0.0
20220531:0110,0.0,0.0,0.0,0.0,11.24,1.59,0.0
20220531:0210,0.0,0.0,0.0,0.0,10.62,1.72,0.0
20220531:0310,0.0,0.0,0.0,0.0,10.23,1.79,0.0
20220531:0410,0.0,1.0,0.0,1.52,10.08,1.79,0.0
20220531:0510,69.0,60.0,0.0,10.35,10.22,1.59,0.0
20220531:0610,203.0,93.0,0.0,19.86,12.0,1.38,0.0
20220531:0710,167.0,211.0,0.0,29.71,13.18,0.69,0.0
20220531:0810,490.0,137.0,0.0,39.56,14.89,1.59,0.0
20220531:0910,642.0,135.0,0.0,48.92,16.13,1.86,0.0
20220531:1010,126.0,422.0,0.0,56.97,17.35,1.79,0.0
20220531:1110,485.0,324.0,0.0,62.25,18.31,2.14,0.0
20220531:1210,417.0,363.0,0.0,62.92,18.78,3.52,0.0
20220531:1310,413.0,339.0,0.0,58.66,19.05,4.41,0.0
20220531:1410,399.0,293.0,0.0,51.15,19.27,4.69,0.0
20220531:1510,332.0,250.0,0.0,42.03,19.17,4.83,0.0
20220531:1610,253.0,197.0,0.0,32.25,18.83,4.55,0.0
20220531:1710,231.0,103.0,0.0,22.36,18.32,3.93,0.0
20220531:1810,97.0,70.0,0.0,12.74,17.65,3.1,0.0
20220531:1910,1.0,14.83,0.0,3.7,16.62,2.97,0.0
20220531:2010,0.0,0.0,0.0,0.0,15.06,2.76,0.0
20220531:2110,0.0,0.0,0.0,0.0,13.7,2.69,0.0
20220531:2210,0.0,0.0,0.0,0.0,12.67,2.55,0.0
20220531:2310,0.0,0.0,0.0,0.0,11.83,2.07,0.0
20220601:0010,0.0,0.0,0.0,0.0,10.7,1.66,0.0
20220601:0110,0.0,0.0,0.0,0.0,9.58,1.38,0.0
20220601:0210,0.0,0.0,0.0,0.0,10.41,0.9,0.0
20220601:0310,0.0,0.0,0.0,0.0,9.78,0.9,0.0
20220601:0410,0.0,1.0,0.0,1.61,9.09,0.97,0.0
20220601:0510,51.0,67.0,0.0,10.43,8.4,1.03,0.0
20220601:0610,219.0,86.0,0.0,19.93,11.16,0.83,0.0
20220601:0710,320.0,135.0,0.0,29.78,14.09,0.48,0.0
20220601:0810,502.0,131.0,0.0,39.63,15.39,0.34,0.0
20220601:0910,640.0,136.0,0.0,49.0,16.76,1.31,0.0
20220601:1010,632.01,204.0,0.0,57.07,17.89,2.0,0.0
20220601:1110,706.01,195.0,0.0,62.38,18.82,2.28,0.0
20220601:1210,530.0,303.0,0.0,63.06,19.74,2.55,0.0
20220601:1310,534.0,274.0,0.0,58.8,20.4,2.62,0.0
20220601:1410,434.0,274.0,0.0,51.28,20.82,2.62,0.0
20220601:1510,409.0,209.0,0.0,42.15,20.66,2.69,0.0
20220601:1610,392.0,120.0,0.0,32.37,20.49,3.03,0.0
20220601:1710,218.0,111.0,0.0,22.48,20.07,3.45,0.0
20220601:1810,11.0,85.0,0.0,12.86,19.2,3.52,0.0
20220601:1910,1.0,14.83,0.0,3.83,17.87,3.66,0.0
20220601:2010,0.0,0.0,0.0,0.0,16.16,3.79,0.0
20220601:2110,0.0,0.0,0.0,0.0,14.93,3.72,0.0
20220601:2210,0.0,0.0,0.0,0.0,13.91,3.52,0.0
20220601:2310,0.0,0.0,0.0,0.0,13.02,3.17,0.0
20220602:0010,0.0,0.0,0.0,0.0,12.31,2.9,0.0
20220602:0110,0.0,0.0,0.0,0.0,11.79,2.76,0.0
20220602:0210,0.0,0.0,0.0,0.0,11.27,2.83,0.0
20220602:0310,0.0,0.0,0.0,0.0,10.9,2.83,0.0
20220602:0410,0.0,1.0,0.0,1.7,10.52,2.9,0.0
20220602:0510,0.0,39.0,0.0,10.51,10.83,2.97,0.0
20220602:0610,26.0,146.0,0.0,20.0,12.3,3.24,0.0
20220602:0710,289.0,149.0,0.0,29.85,15.09,3.86,0.0
20220602:0810,230.0,272.0,0.0,39.7,17.22,4.34,0.0
20220602:0910,499.0,213.0,0.0,49.08,19.06,4.62,0.0
20220602:1010,644.01,189.0,0.0,57.17,20.27,4.55,0.0
20220602:1110,15.0,370.0,0.0,62.5,21.24,4.21,0.0
20220602:1210,138.0,446.0,0.0,63.19,21.7,3.72,0.0
20220602:1310,761.01,133.0,0.0,58.94,21.48,3.1,0.0
20220602:1410,654.0,140.0,0.0,51.41,21.54,2.9,0.0
20220602:1510,539.0,129.0,0.0,42.27,21.71,2.62,0.0
20220602:1610,257.0,192.0,0.0,32.49,21.91,2.55,0.0
20220602:1710,154.0,142.0,0.0,22.6,21.79,2.69,0.0
20220602:1810,97.0,70.0,0.0,12.98,21.21,2.76,0.0
20220602:1910,12.0,18.25,0.0,3.96,20.48,2.69,0.0
20220602:2010,0.0,0.0,0.0,0.0,18.95,3.1,0.0
20220602:2110,0.0,0.0,0.0,0.0,17.76,3.38,0.0
20220602:2210,0.0,0.0,0.0,0.0,17.03,3.17,0.0
20220602:2310,0.0,0.0,0.0,0.0,16.26,3.03,0.0
20220603:0010,0.0,0.0,0.0,0.0,15.58,2.83,0.0
20220603:0110,0.0,0.0,0.0,0.0,14.91,2.55,0.0
20220603:0210,0.0,0.0,0.0,0.0,14.3,2.69,0.0
20220603:0310,0.0,0.0,0.0,0.0,13.76,2.48,0.0
20220603:0410,0.0,1.0,0.0,1.78,13.41,2.34,0.0
20220603:0510,1.0,50.0,0.0,10.58,13.61,2.14,0.0
20220603:0610,0.0,71.0,0.0,20.07,15.17,2.0,0.0
20220603:0710,30.0,218.0,0.0,29.91,17.85,2.0,0.0
20220603:0810,56.0,298.0,0.0,39.77,18.8,2.0,0.0
20220603:0910,0.0,99.0,0.0,49.15,20.52,2.07,0.0
20220603:1010,0.0,205.0,0.0,57.26,22.06,2.14,0.0
20220603:1110,0.0,118.0,0.0,62.61,23.63,2.14,0.0
20220603:1210,0.0,159.0,0.0,63.32,25.01,2.14,0.0
20220603:1310,64.0,409.0,0.0,59.07,25.96,1.79,0.0
20220603:1410,0.0,107.0,0.0,51.53,26.42,1.59,0.0
20220603:1510,34.0,301.0,0.0,42.39,26.51,1.17,0.0
20220603:1610,27.0,234.0,0.0,32.6,26.45,0.9,0.0
20220603:1710,14.0,154.0,0.0,22.72,24.9,0.76,0.0
20220603:1810,93.0,72.0,0.0,13.1,23.67,0.69,0.0
20220603:1910,12.0,19.2,0.0,4.08,20.04,1.86,0.0
20220603:2010,0.0,0.0,0.0,0.0,19.27,1.72,0.0
20220603:2110,0.0,0.0,0.0,0.0,18.52,1.03,0.0
20220603:2210,0.0,0.0,0.0,0.0,17.55,1.1,0.0
20220603:2310,0.0,0.0,0.0,0.0,17.52,2.14,0.0
20220604:0010,0.0,0.0,0.0,0.0,17.23,2.21,0.0
20220604:0110,0.0,0.0,0.0,0.0,16.78,1.79,0.0
20220604:0210,0.0,0.0,0.0,0.0,16.33,1.72,0.0
20220604:0310,0.0,0.0,0.0,0.0,15.98,1.79,0.0
20220604:0410,0.0,1.0,0.0,1.85,15.69,1.93,0.0
20220604:0510,0.0,16.0,0.0,10.64,16.07,1.45,0.0
20220604:0610,12.0,135.0,0.0,20.13,17.21,1.31,0.0
20220604:0710,324.0,126.0,0.0,29.97,18.97,0.62,0.0
20220604:0810,489.0,131.0,0.0,39.83,20.42,0.83,0.0
20220604:0910,617.0,140.0,0.0,49.22,22.33,1.66,0.0
20220604:1010,742.01,129.0,0.0,57.34,23.78,2.14,0.0
20220604:1110,809.01,124.0,0.0,62.72,25.24,2.55,0.0
20220604:1210,763.01,152.0,0.0,63.45,26.2,2.55,0.0
20220604:1310,197.0,415.0,0.0,59.19,26.48,2.34,0.0
20220604:1410,0.0,92.0,0.0,51.64,26.8,2.14,0.0
20220604:1510,0.0,74.0,0.0,42.5,26.84,2.21,0.0
20220604:1610,0.0,53.0,0.0,32.71,26.07,2.14,0.0
20220604:1710,0.0,34.0,0.0,22.83,23.01,1.59,0.0
20220604:1810,6.0,81.0,0.0,13.22,20.68,2.62,0.0
20220604:1910,4.0,21.09,0.0,4.2,22.5,2.21,0.0
20220604:2010,0.0,0.0,0.0,0.0,21.47,2.0,0.0
20220604:2110,0.0,0.0,0.0,0.0,21.18,0.41,0.0
20220604:2210,0.0,0.0,0.0,0.0,18.37,1.86,0.0
20220604:2310,0.0,0.0,0.0,0.0,17.24,1.52,0.0
20220605:0010,0.0,0.0,0.0,0.0,16.45,1.52,0.0
20220605:0110,0.0,0.0,0.0,0.0,15.95,1.86,0.0
20220605:0210,0.0,0.0,0.0,0.0,15.94,1.45,0.0
20220605:0310,0.0,0.0,0.0,0.0,16.17,1.1,0.0
20220605:0410,0.0,1.0,0.0,1.92,15.97,2.07,0.0
20220605:0510,0.0,40.0,0.0,10.7,16.31,1.93,0.0
20220605:0610,150.0,118.0,0.0,20.18,17.79,2.21,0.0
20220605:0710,140.0,216.0,0.0,30.02,17.38,2.48,0.0
20220605:0810,0.0,109.0,0.0,39.88,17.87,3.52,0.0
20220605:0910,1.0,245.0,0.0,49.28,18.68,3.45,0.0
20220605:1010,57.0,398.0,0.0,57.42,19.39,3.52,0.0
20220605:1110,20.0,380.0,0.0,62.82,20.56,3.66,0.0
20220605:1210,136.0,443.0,0.0,63.57,21.73,3.72,0.0
20220605:1310,0.0,122.0,0.0,59.31,22.97,4.21,0.0
20220605:1410,0.0,239.0,0.0,51.76,22.28,4.55,0.0
20220605:1510,6.0,253.0,0.0,42.61,21.28,4.55,0.0
20220605:1610,249.0,195.0,0.0,32.82,19.9,4.62,0.0
20220605:1710,63.0,172.0,0.0,22.94,20.12,4.21,0.0
20220605:1810,53.0,90.0,0.0,13.32,19.8,3.03,0.0
20220605:1910,14.0,20.63,0.0,4.31,17.6,3.79,0.0
20220605:2010,0.0,0.0,0.0,0.0,16.66,3.45,0.0
20220605:2110,0.0,0.0,0.0,0.0,15.92,3.17,0.0
20220605:2210,0.0,0.0,0.0,0.0,15.3,2.83,0.0
20220605:2310,0.0,0.0,0.0,0.0,14.79,2.48,0.0
20220606:0010,0.0,0.0,0.0,0.0,14.15,2.14,0.0
20220606:0110,0.0,0.0,0.0,0.0,13.45,2.14,0.0
20220606:0210,0.0,0.0,0.0,0.0,12.9,2.07,0.0
20220606:0310,0.0,0.0,0.0,0.0,12.4,2.21,0.0
20220606:0410,0.0,3.0,0.0,1.98,12.23,2.41,0.0
20220606:0510,72.0,61.0,0.0,10.76,12.42,2.48,0.0
20220606:0610,186.0,102.0,0.0,20.23,13.54,3.17,0.0
20220606:0710,349.0,117.0,0.0,30.07,14.13,2.62,0.0
20220606:0810,210.0,282.0,0.0,39.93,15.67,3.31,0.0
20220606:0910,401.0,271.0,0.0,49.34,17.02,4.21,0.0
20220606:1010,370.0,345.0,0.0,57.49,18.06,4.34,0.0
20220606:1110,295.0,409.0,0.0,62.91,18.77,4.41,0.0
20220606:1210,628.01,242.0,0.0,63.68,18.99,4.14,0.0
20220606:1310,550.0,261.0,0.0,59.42,19.38,3.93,0.0
20220606:1410,134.0,386.0,0.0,51.87,19.46,3.45,0.0
20220606:1510,5.0,251.0,0.0,42.71,20.05,3.52,0.0
20220606:1610,4.0,195.0,0.0,32.92,19.95,3.31,0.0
20220606:1710,15.0,159.0,0.0,23.04,19.52,3.31,0.0
20220606:1810,59.0,91.0,0.0,13.43,18.74,2.9,0.0
20220606:1910,14.0,20.71,0.0,4.42,17.89,2.14,0.0
20220606:2010,0.0,0.0,0.0,0.0,16.6,2.48,0.0
20220606:2110,0.0,0.0,0.0,0.0,15.6,2.9,0.0
20220606:2210,0.0,0.0,0.0,0.0,15.1,3.38,0.0
20220606:2310,0.0,0.0,0.0,0.0,14.71,2.83,0.0
20220607:0010,0.0,0.0,0.0,0.0,13.97,2.55,0.0
20220607:0110,0.0,0.0,0.0,0.0,13.69,2.21,0.0
20220607:0210,0.0,0.0,0.0,0.0,13.66,2.07,0.0
20220607:0310,0.0,0.0,0.0,0.0,13.69,2.07,0.0
20220607:0410,0.0,2.0,0.0,2.03,13.79,2.62,0.0
20220607:0510,11.0,70.0,0.0,10.8,14.23,3.17,0.0
20220607:0610,31.0,149.0,0.0,20.27,14.75,3.86,0.0
20220607:0710,40.0,227.0,0.0,30.11,16.22,5.03,0.0
20220607:0810,277.0,251.0,0.0,39.97,16.98,4.97,0.0
20220607:0910,99.0,370.0,0.0,49.39,17.82,4.83,0.0
20220607:1010,0.0,207.0,0.0,57.56,18.66,4.55,0.0
20220607:1110,48.0,418.0,0.0,63.0,19.24,4.14,0.0
20220607:1210,408.0,360.0,0.0,63.78,19.7,3.93,0.0
20220607:1310,0.0,141.0,0.0,59.53,20.28,4.41,0.0
20220607:1410,92.0,385.0,0.0,51.97,20.81,4.69,0.0
20220607:1510,536.0,133.0,0.0,42.81,20.7,4.83,0.0
20220607:1610,209.0,218.0,0.0,33.02,20.84,4.76,0.0
20220607:1710,175.0,137.0,0.0,23.14,20.62,3.86,0.0
20220607:1810,93.0,77.0,0.0,13.53,20.03,3.1,0.0
20220607:1910,4.0,22.12,0.0,4.52,19.0,3.24,0.0
20220607:2010,0.0,0.0,0.0,0.0,17.84,3.1,0.0
20220607:2110,0.0,0.0,0.0,0.0,16.81,3.1,0.0
20220607:2210,0.0,0.0,0.0,0.0,16.3,3.1,0.0
20220607:2310,0.0,0.0,0.0,0.0,15.62,2.69,0.0
20220608:0010,0.0,0.0,0.0,0.0,14.95,2.48,0.0
20220608:0110,0.0,0.0,0.0,0.0,14.67,2.62,0.0
20220608:0210,0.0,0.0,0.0,0.0,14.32,2.83,0.0
20220608:0310,0.0,0.0,0.0,0.0,13.89,3.03,0.0
20220608:0410,0.0,2.0,0.0,2.08,13.55,3.1,0.0
20220608:0510,0.0,12.0,0.0,10.85,13.63,3.52,0.0
20220608:0610,0.0,47.0,0.0,20.31,13.76,3.93,0.0
20220608:0710,0.0,72.0,0.0,30.14,14.36,2.83,0.0
20220608:0810,4.0,227.0,0.0,40.0,14.79,3.03,0.0
20220608:0910,49.0,354.0,0.0,49.43,15.39,5.38,0.0
20220608:1010,338.0,354.0,0.0,57.61,15.58,4.62,0.0
20220608:1110,438.0,338.0,0.0,63.08,16.48,3.59,0.0
20220608:1210,0.0,207.0,0.0,63.88,18.16,4.34,0.0
20220608:1310,169.0,422.0,0.0,59.63,19.57,4.83,0.0
20220608:1410,123.0,384.0,0.0,52.07,20.08,4.55,0.0
20220608:1510,422.0,197.0,0.0,42.91,20.45,4.76,0.0
20220608:1610,68.0,253.0,0.0,33.12,19.88,4.9,0.0
20220608:1710,201.0,123.0,0.0,23.24,19.35,4.83,0.0
20220608:1810,36.0,96.0,0.0,13.63,18.42,4.21,0.0
20220608:1910,14.0,23.46,0.0,4.62,16.22,3.52,0.0
20220608:2010,0.0,0.0,0.0,0.0,15.77,3.1,0.0
20220608:2110,0.0,0.0,0.0,0.0,14.95,3.1,0.0
20220608:2210,0.0,0.0,0.0,0.0,14.31,3.24,0.0
20220608:2310,0.0,0.0,0.0,0.0,14.33,3.38,0.0
20220609:0010,0.0,0.0,0.0,0.0,13.83,3.45,0.0
20220609:0110,0.0,0.0,0.0,0.0,13.33,3.66,0.0
20220609:0210,0.0,0.0,0.0,0.0,13.03,3.72,0.0
20220609:0310,0.0,0.0,0.0,0.0,12.41,3.45,0.0
20220609:0410,0.0,4.0,0.0,2.12,11.88,3.17,0.0
20220609:0510,72.0,62.0,0.0,10.88,11.98,3.24,0.0
20220609:0610,203.0,95.0,0.0,20.34,13.02,3.24,0.0
20220609:0710,303.0,144.0,0.0,30.17,14.25,4.69,0.0
20220609:0810,391.0,193.0,0.0,40.04,15.1,4.55,0.0
20220609:0910,145.0,370.0,0.0,49.47,15.9,4.41,0.0
20220609:1010,184.0,413.0,0.0,57.67,16.53,4.28,0.0
20220609:1110,388.0,369.0,0.0,63.15,17.09,4.21,0.0
20220609:1210,524.0,302.0,0.0,63.97,17.89,4.07,0.0
20220609:1310,456.0,314.0,0.0,59.73,18.41,4.14,0.0
20220609:1410,626.0,159.0,0.0,52.16,18.42,4.0,0.0
20220609:1510,352.0,241.0,0.0,43.0,18.36,3.72,0.0
20220609:1610,248.0,203.0,0.0,33.21,18.53,3.52,0.0
20220609:1710,77.0,176.0,0.0,23.33,18.33,2.97,0.0
20220609:1810,0.0,50.0,0.0,13.72,17.88,2.0,0.0
20220609:1910,19.0,21.47,0.0,4.71,17.5,1.03,0.0
20220609:2010,0.0,0.0,0.0,0.0,16.89,0.83,0.0
20220609:2110,0.0,0.0,0.0,0.0,16.72,1.52,0.0
20220609:2210,0.0,0.0,0.0,0.0,16.16,1.79,0.0
20220609:2310,0.0,0.0,0.0,0.0,15.73,2.07,0.0
20220610:0010,0.0,0.0,0.0,0.0,15.03,2.21,0.0
20220610:0110,0.0,0.0,0.0,0.0,14.58,2.34,0.0
20220610:0210,0.0,0.0,0.0,0.0,14.09,2.34,0.0
20220610:0310,0.0,0.0,0.0,0.0,13.57,2.28,0.0
20220610:0410,0.0,3.0,0.0,2.16,13.04,2.21,0.0
20220610:0510,77.0,61.0,0.0,10.91,13.15,2.0,0.0
20220610:0610,209.0,92.0,0.0,20.36,14.52,2.07,0.0
20220610:0710,295.0,147.0,0.0,30.19,16.43,2.48,0.0
20220610:0810,470.0,145.0,0.0,40.06,17.83,2.83,0.0
20220610:0910,592.0,157.0,0.0,49.5,19.11,3.72,0.0
20220610:1010,403.0,328.0,0.0,57.71,20.04,4.48,0.0
20220610:1110,236.0,427.0,0.0,63.22,20.7,4.48,0.0
20220610:1210,458.0,337.0,0.0,64.06,20.97,4.34,0.0
20220610:1310,117.0,429.0,0.0,59.82,21.43,4.21,0.0
20220610:1410,47.0,370.0,0.0,52.25,21.65,4.0,0.0
20220610:1510,33.0,307.0,0.0,43.09,21.75,3.79,0.0
20220610:1610,247.0,203.0,0.0,33.3,21.56,3.52,0.0
20220610:1710,254.0,99.0,0.0,23.41,21.2,2.97,0.0
20220610:1810,113.0,72.0,0.0,13.81,20.73,2.21,0.0
20220610:1910,17.0,22.86,0.0,4.8,20.54,1.72,0.0
20220610:2010,0.0,0.0,0.0,0.0,19.3,1.52,0.0
20220610:2110,0.0,0.0,0.0,0.0,18.0,1.03,0.0
20220610:2210,0.0,0.0,0.0,0.0,17.99,0.41,0.0
20220610:2310,0.0,0.0,0.0,0.0,17.43,0.21,0.0
20220611:0010,0.0,0.0,0.0,0.0,16.87,0.48,0.0
20220611:0110,0.0,0.0,0.0,0.0,15.48,1.03,0.0
20220611:0210,0.0,0.0,0.0,0.0,13.85,1.52,0.0
20220611:0310,0.0,0.0,0.0,0.0,13.2,1.66,0.0
20220611:0410,0.0,3.0,0.0,2.19,13.03,1.72,0.0
20220611:0510,70.0,63.0,0.0,10.94,13.76,1.59,0.0
20220611:0610,188.0,102.0,0.0,20.38,16.46,1.79,0.0
20220611:0710,346.0,118.0,0.0,30.21,17.46,2.14,0.0
20220611:0810,434.0,166.0,0.0,40.08,19.0,2.14,0.0
20220611:0910,349.0,295.0,0.0,49.53,19.95,1.93,0.0
20220611:1010,440.0,308.0,0.0,57.75,21.13,0.9,0.0
20220611:1110,473.0,324.0,0.0,63.28,22.08,0.62,0.0
20220611:1210,478.0,326.0,0.0,64.13,22.76,1.17,0.0
20220611:1310,625.0,215.0,0.0,59.9,22.72,1.93,0.0
20220611:1410,659.0,141.0,0.0,52.34,22.69,2.48,0.0
20220611:1510,509.0,149.0,0.0,43.17,22.77,2.62,0.0
20220611:1610,367.0,137.0,0.0,33.38,22.78,2.55,0.0
20220611:1710,244.0,104.0,0.0,23.5,22.41,2.41,0.0
20220611:1810,112.0,73.0,0.0,13.89,21.84,2.28,0.0
20220611:1910,19.0,23.29,0.0,4.89,20.99,2.55,0.0
20220611:2010,0.0,0.0,0.0,0.0,19.63,2.69,0.0
20220611:2110,0.0,0.0,0.0,0.0,18.61,2.97,0.0
20220611:2210,0.0,0.0,0.0,0.0,17.81,3.17,0.0
20220611:2310,0.0,0.0,0.0,0.0,16.75,3.17,0.0
20220612:0010,0.0,0.0,0.0,0.0,15.98,3.24,0.0
20220612:0110,0.0,0.0,0.0,0.0,15.12,3.17,0.0
20220612:0210,0.0,0.0,0.0,0.0,14.88,3.17,0.0
20220612:0310,0.0,0.0,0.0,0.0,14.66,2.9,0.0
20220612:0410,0.0,3.0,0.0,2.22,14.35,2.48,0.0
20220612:0510,70.0,64.0,0.0,10.96,14.24,2.34,0.0
20220612:0610,162.0,117.0,0.0,20.4,14.52,2.62,0.0
20220612:0710,203.0,197.0,0.0,30.23,15.42,2.28,0.0
20220612:0810,504.0,130.0,0.0,40.1,16.84,2.28,0.0
20220612:0910,616.0,147.0,0.0,49.55,18.3,2.48,0.0
20220612:1010,751.01,132.0,0.0,57.78,19.31,2.62,0.0
20220612:1110,840.01,116.0,0.0,63.33,20.31,2.69,0.0
20220612:1210,826.01,128.0,0.0,64.21,21.13,2.97,0.0
20220612:1310,794.01,122.0,0.0,59.98,21.6,3.24,0.0
20220612:1410,705.0,120.0,0.0,52.42,21.69,3.24,0.0
20220612:1510,548.0,132.0,0.0,43.25,21.55,3.24,0.0
20220612:1610,420.0,113.0,0.0,33.46,21.32,3.38,0.0
20220612:1710,250.0,103.0,0.0,23.58,20.92,3.52,0.0
20220612:1810,125.0,69.0,0.0,13.97,20.08,3.38,0.0
20220612:1910,21.0,22.88,0.0,4.97,18.9,3.72,0.0
20220612:2010,0.0,0.0,0.0,0.0,17.18,3.66,0.0
20220612:2110,0.0,0.0,0.0,0.0,15.78,3.31,0.0
20220612:2210,0.0,0.0,0.0,0.0,14.48,3.1,0.0
20220612:2310,0.0,0.0,0.0,0.0,13.42,2.97,0.0
20220613:0010,0.0,0.0,0.0,0.0,12.43,2.55,0.0
20220613:0110,0.0,0.0,0.0,0.0,11.56,2.28,0.0
20220613:0210,0.0,0.0,0.0,0.0,10.86,2.21,0.0
20220613:0310,0.0,0.0,0.0,0.0,10.32,2.28,0.0
20220613:0410,0.0,4.0,0.0,2.24,9.96,2.28,0.0
20220613:0510,81.0,60.0,0.0,10.97,10.39,1.86,0.0
20220613:0610,202.0,98.0,0.0,20.41,12.32,2.0,0.0
20220613:0710,350.0,121.0,0.0,30.23,13.98,1.72,0.0
20220613:0810,507.0,132.0,0.0,40.11,15.65,1.66,0.0
20220613:0910,609.0,156.0,0.0,49.56,17.17,1.79,0.0
20220613:1010,773.01,125.0,0.0,57.81,18.46,2.14,0.0
20220613:1110,767.01,160.0,0.0,63.37,19.39,2.48,0.0
20220613:1210,818.01,138.0,0.0,64.27,20.01,2.62,0.0
20220613:1310,756.01,147.0,0.0,60.06,20.57,2.62,0.0
20220613:1410,699.0,129.0,0.0,52.49,20.98,2.62,0.0
20220613:1510,559.0,131.0,0.0,43.33,21.13,2.76,0.0
20220613:1610,431.0,111.0,0.0,33.53,21.03,2.9,0.0
20220613:1710,261.0,101.0,0.0,23.65,20.65,2.83,0.0
20220613:1810,119.0,73.0,0.0,14.05,20.05,2.55,0.0
20220613:1910,19.0,24.27,0.0,5.05,19.33,2.28,0.0
20220613:2010,0.0,0.0,0.0,0.0,17.78,2.55,0.0
20220613:2110,0.0,0.0,0.0,0.0,16.51,2.76,0.0
20220613:2210,0.0,0.0,0.0,0.0,15.59,2.76,0.0
20220613:2310,0.0,0.0,0.0,0.0,14.8,2.83,0.0
20220614:0010,0.0,0.0,0.0,0.0,14.1,2.97,0.0
20220614:0110,0.0,0.0,0.0,0.0,13.51,2.97,0.0
20220614:0210,0.0,0.0,0.0,0.0,12.9,2.69,0.0
20220614:0310,0.0,0.0,0.0,0.0,12.26,2.48,0.0
20220614:0410,0.0,4.0,0.0,2.25,11.68,2.41,0.0
20220614:0510,72.0,65.0,0.0,10.98,11.87,2.28,0.0
20220614:0610,128.0,135.0,0.0,20.41,13.4,2.28,0.0
20220614:0710,302.0,150.0,0.0,30.24,15.81,2.83,0.0
20220614:0810,468.0,154.0,0.0,40.11,17.6,2.83,0.0
20220614:0910,553.0,191.0,0.0,49.57,19.34,2.69,0.0
20220614:1010,702.01,164.0,0.0,57.83,20.9,2.83,0.0
20220614:1110,755.01,168.0,0.0,63.41,22.1,2.76,0.0
20220614:1210,797.01,150.0,0.0,64.33,23.05,2.76,0.0
20220614:1310,711.01,174.0,0.0,60.13,23.74,2.83,0.0
20220614:1410,682.0,139.0,0.0,52.57,24.15,2.69,0.0
20220614:1510,553.0,135.0,0.0,43.4,24.46,2.55,0.0
20220614:1610,427.0,114.0,0.0,33.6,24.56,2.55,0.0
20220614:1710,256.0,104.0,0.0,23.72,24.35,2.62,0.0
20220614:1810,117.0,74.0,0.0,14.12,23.65,2.28,0.0
20220614:1910,19.0,25.17,0.0,5.12,22.11,2.55,0.0
20220614:2010,0.0,0.0,0.0,0.0,20.28,2.97,0.0
20220614:2110,0.0,0.0,0.0,0.0,19.07,2.97,0.0
20220614:2210,0.0,0.0,0.0,0.0,18.13,2.83,0.0
20220614:2310,0.0,0.0,0.0,0.0,17.6,2.55,0.0
20220615:0010,0.0,0.0,0.0,0.0,16.89,2.62,0.0
20220615:0110,0.0,0.0,0.0,0.0,16.18,2.69,0.0
20220615:0210,0.0,0.0,0.0,0.0,15.43,2.48,0.0
20220615:0310,0.0,0.0,0.0,0.0,14.85,2.41,0.0
20220615:0410,0.0,3.0,0.0,2.26,14.54,2.34,0.0
20220615:0510,65.0,66.0,0.0,10.98,14.71,2.21,0.0
20220615:0610,182.0,106.0,0.0,20.41,16.38,2.07,0.0
20220615:0710,332.0,126.0,0.0,30.24,18.65,2.55,0.0
20220615:0810,485.0,137.0,0.0,40.11,19.54,2.62,0.0
20220615:0910,610.0,148.0,0.0,49.57,21.37,2.55,0.0
20220615:1010,744.01,133.0,0.0,57.84,23.24,2.76,0.0
20220615:1110,759.01,156.0,0.0,63.45,24.9,2.69,0.0
20220615:1210,744.01,169.0,0.0,64.38,26.27,2.41,0.0
20220615:1310,706.01,167.0,0.0,60.19,27.12,2.21,0.0
20220615:1410,655.0,145.0,0.0,52.63,27.56,2.28,0.0
20220615:1510,485.0,167.0,0.0,43.46,27.42,2.83,0.0
20220615:1610,386.0,129.0,0.0,33.67,26.96,3.24,0.0
20220615:1710,217.0,121.0,0.0,23.79,26.35,3.31,0.0
20220615:1810,102.0,80.0,0.0,14.19,25.31,2.97,0.0
20220615:1910,17.0,25.73,0.0,5.18,24.59,2.83,0.0
20220615:2010,0.0,0.0,0.0,0.0,22.86,2.76,0.0
20220615:2110,0.0,0.0,0.0,0.0,21.45,2.9,0.0
20220615:2210,0.0,0.0,0.0,0.0,20.48,2.83,0.0
20220615:2310,0.0,0.0,0.0,0.0,19.26,2.55,0.0
20220616:0010,0.0,0.0,0.0,0.0,18.2,2.34,0.0
20220616:0110,0.0,0.0,0.0,0.0,17.27,2.21,0.0
20220616:0210,0.0,0.0,0.0,0.0,16.4,2.14,0.0
20220616:0310,0.0,0.0,0.0,0.0,15.59,2.28,0.0
20220616:0410,0.0,11.0,0.0,2.27,14.99,2.28,0.0
20220616:0510,66.0,66.0,0.0,10.98,15.18,2.0,0.0
20220616:0610,180.0,107.0,0.0,20.41,16.93,2.0,0.0
20220616:0710,344.0,120.0,0.0,30.23,18.61,2.34,0.0
20220616:0810,463.0,150.0,0.0,40.1,20.42,2.28,0.0
20220616:0910,594.0,157.0,0.0,49.57,22.17,2.41,0.0
20220616:1010,727.01,143.0,0.0,57.85,23.69,2.62,0.0
20220616:1110,725.01,177.0,0.0,63.47,24.9,2.55,0.0
20220616:1210,790.01,146.0,0.0,64.43,25.89,2.28,0.0
20220616:1310,731.01,154.0,0.0,60.24,26.76,1.86,0.0
20220616:1410,640.0,154.0,0.0,52.69,27.33,1.31,0.0
20220616:1510,341.0,251.0,0.0,43.52,27.63,0.97,0.0
20220616:1610,375.0,137.0,0.0,33.73,27.66,1.24,0.0
20220616:1710,192.0,136.0,0.0,23.85,27.34,1.86,0.0
20220616:1810,76.0,92.0,0.0,14.25,26.43,2.0,0.0
20220616:1910,21.0,24.79,0.0,5.24,24.92,2.28,0.0
20220616:2010,0.0,0.0,0.0,0.0,23.02,2.62,0.0
20220616:2110,0.0,0.0,0.0,0.0,21.62,2.41,0.0
20220616:2210,0.0,0.0,0.0,0.0,20.56,2.28,0.0
20220616:2310,0.0,0.0,0.0,0.0,19.78,2.55,0.0
20220617:0010,0.0,0.0,0.0,0.0,19.14,2.55,0.0
20220617:0110,0.0,0.0,0.0,0.0,18.48,2.62,0.0
20220617:0210,0.0,0.0,0.0,0.0,17.9,2.14,0.0
20220617:0310,0.0,0.0,0.0,0.0,17.61,1.03,0.0
20220617:0410,0.0,10.0,0.0,2.26,18.46,0.62,0.0
20220617:0510,54.0,70.0,0.0,10.97,16.23,1.59,0.0
20220617:0610,156.0,117.0,0.0,20.4,19.24,1.66,0.0
20220617:0710,308.0,137.0,0.0,30.22,21.39,1.24,0.0
20220617:0810,446.0,156.0,0.0,40.09,23.39,0.83,0.0
20220617:0910,562.0,172.0,0.0,49.56,25.13,0.76,0.0
20220617:1010,687.01,159.0,0.0,57.85,26.96,1.31,0.0
20220617:1110,728.01,169.0,0.0,63.49,28.39,1.31,0.0
20220617:1210,748.01,163.0,0.0,64.47,29.56,1.1,0.0
20220617:1310,698.01,168.0,0.0,60.3,30.41,0.48,0.0
20220617:1410,620.0,161.0,0.0,52.75,31.02,0.69,0.0
20220617:1510,489.0,163.0,0.0,43.58,31.34,1.17,0.0
20220617:1610,361.0,143.0,0.0,33.79,31.35,0.9,0.0
20220617:1710,195.0,133.0,0.0,23.91,31.29,0.28,0.0
20220617:1810,78.0,91.0,0.0,14.3,30.55,0.34,0.0
20220617:1910,9.0,28.72,0.0,5.3,28.26,1.24,0.0
20220617:2010,0.0,0.0,0.0,0.0,26.05,1.72,0.0
20220617:2110,0.0,0.0,0.0,0.0,24.91,1.31,0.0
20220617:2210,0.0,0.0,0.0,0.0,25.73,0.97,0.0
20220617:2310,0.0,0.0,0.0,0.0,23.41,1.24,0.0
20220618:0010,0.0,0.0,0.0,0.0,21.05,1.66,0.0
20220618:0110,0.0,0.0,0.0,0.0,19.4,2.14,0.0
20220618:0210,0.0,0.0,0.0,0.0,18.78,2.28,0.0
20220618:0310,0.0,0.0,0.0,0.0,18.27,2.21,0.0
20220618:0410,0.0,4.0,0.0,2.25,17.8,2.07,0.0
20220618:0510,23.0,75.0,0.0,10.96,18.13,1.72,0.0
20220618:0610,99.0,142.0,0.0,20.38,21.65,1.17,0.0
20220618:0710,229.0,180.0,0.0,30.2,25.37,1.66,0.0
20220618:0810,376.0,197.0,0.0,40.07,27.88,1.93,0.0
20220618:0910,512.0,202.0,0.0,49.55,29.86,1.79,0.0
20220618:1010,649.0,182.0,0.0,57.85,31.29,1.93,0.0
20220618:1110,673.01,204.0,0.0,63.5,32.66,2.76,0.0
20220618:1210,708.01,188.0,0.0,64.5,33.78,3.52,0.0
20220618:1310,672.01,185.0,0.0,60.34,34.6,4.0,0.0
20220618:1410,597.0,176.0,0.0,52.8,35.06,4.34,0.0
20220618:1510,490.0,162.0,0.0,43.63,35.24,4.34,0.0
20220618:1610,355.0,146.0,0.0,33.84,35.07,3.86,0.0
20220618:1710,207.0,127.0,0.0,23.96,34.44,2.97,0.0
20220618:1810,85.0,89.0,0.0,14.35,33.0,2.48,0.0
20220618:1910,11.0,29.14,0.0,5.35,30.57,2.21,0.0
20220618:2010,0.0,0.0,0.0,0.0,28.66,2.9,0.0
20220618:2110,0.0,0.0,0.0,0.0,27.88,3.38,0.0
20220618:2210,0.0,0.0,0.0,0.0,27.56,3.52,0.0
20220618:2310,0.0,0.0,0.0,0.0,26.98,3.38,0.0
20220619:0010,0.0,0.0,0.0,0.0,26.0,3.1,0.0
20220619:0110,0.0,0.0,0.0,0.0,24.49,2.07,0.0
20220619:0210,0.0,0.0,0.0,0.0,22.57,3.03,0.0
20220619:0310,0.0,0.0,0.0,0.0,20.2,3.93,0.0
20220619:0410,0.0,2.0,0.0,2.24,18.58,4.21,0.0
20220619:0510,1.0,49.0,0.0,10.94,17.5,4.62,0.0
20220619:0610,34.0,148.0,0.0,20.36,17.05,4.9,0.0
20220619:0710,148.0,212.0,0.0,30.18,18.72,2.28,0.0
20220619:0810,0.0,59.0,0.0,40.05,19.85,2.41,0.0
20220619:0910,529.0,186.0,0.0,49.53,20.64,3.1,0.0
20220619:1010,673.0,160.0,0.0,57.84,22.84,2.55,0.0
20220619:1110,700.01,180.0,0.0,63.51,25.25,2.97,0.0
20220619:1210,722.01,172.0,0.0,64.52,27.46,3.52,0.0
20220619:1310,282.0,387.0,0.0,60.38,28.81,3.1,0.0
20220619:1410,446.0,260.0,0.0,52.84,29.3,2.55,0.0
20220619:1510,507.0,147.0,0.0,43.68,29.54,2.07,0.0
20220619:1610,367.0,135.0,0.0,33.89,28.63,2.0,0.0
20220619:1710,202.0,127.0,0.0,24.01,28.26,0.9,0.0
20220619:1810,72.0,93.0,0.0,14.4,27.3,2.28,0.0
20220619:1910,0.0,9.0,0.0,5.39,22.57,4.76,0.0
20220619:2010,0.0,0.0,0.0,0.0,21.14,4.55,0.0
20220619:2110,0.0,0.0,0.0,0.0,20.01,3.31,0.0
20220619:2210,0.0,0.0,0.0,0.0,18.12,1.38,0.0
20220619:2310,0.0,0.0,0.0,0.0,18.1,2.28,0.0
20220620:0010,0.0,0.0,0.0,0.0,17.15,2.97,0.0
20220620:0110,0.0,0.0,0.0,0.0,16.52,2.34,0.0
20220620:0210,0.0,0.0,0.0,0.0,16.12,2.14,0.0
20220620:0310,0.0,0.0,0.0,0.0,15.54,2.0,0.0
20220620:0410,0.0,11.0,0.0,2.22,14.9,2.41,0.0
20220620:0510,0.0,15.0,0.0,10.92,14.72,2.97,0.0
20220620:0610,0.0,59.0,0.0,20.34,15.1,3.38,0.0
20220620:0710,0.0,121.0,0.0,30.15,16.05,3.1,0.0
20220620:0810,0.0,118.0,0.0,40.03,16.66,3.79,0.0
20220620:0910,9.0,293.0,0.0,49.51,17.21,3.93,0.0
20220620:1010,0.0,136.0,0.0,57.83,17.99,4.0,0.0
20220620:1110,6.0,337.0,0.0,63.51,18.93,3.52,0.0
20220620:1210,364.0,375.0,0.0,64.54,19.99,2.76,0.0
20220620:1310,444.0,313.0,0.0,60.41,21.02,2.9,0.0
20220620:1410,506.0,227.0,0.0,52.88,21.41,3.66,0.0
20220620:1510,367.0,230.0,0.0,43.72,21.74,4.0,0.0
20220620:1610,239.0,207.0,0.0,33.93,21.89,4.0,0.0
20220620:1710,37.0,177.0,0.0,24.05,21.76,3.86,0.0
20220620:1810,1.0,72.0,0.0,14.44,21.53,3.79,0.0
20220620:1910,0.0,20.0,0.0,5.43,20.31,4.21,0.0
20220620:2010,0.0,0.0,0.0,0.0,19.08,4.28,0.0
20220620:2110,0.0,0.0,0.0,0.0,18.3,4.07,0.0
20220620:2210,0.0,0.0,0.0,0.0,17.75,3.93,0.0
20220620:2310,0.0,0.0,0.0,0.0,17.08,3.1,0.0
20220621:0010,0.0,0.0,0.0,0.0,16.42,2.83,0.0
20220621:0110,0.0,0.0,0.0,0.0,15.92,2.76,0.0
20220621:0210,0.0,0.0,0.0,0.0,15.48,2.9,0.0
20220621:0310,0.0,0.0,0.0,0.0,15.11,3.17,0.0
20220621:0410,0.0,2.0,0.0,2.2,14.72,3.52,0.0
20220621:0510,78.0,60.0,0.0,10.89,14.76,2.97,0.0
20220621:0610,135.0,125.0,0.0,20.3,15.49,2.69,0.0
20220621:0710,7.0,184.0,0.0,30.12,16.87,2.83,0.0
20220621:0810,1.0,200.0,0.0,40.0,18.96,2.55,0.0
20220621:0910,30.0,335.0,0.0,49.48,20.61,2.21,0.0
20220621:1010,542.0,243.0,0.0,57.8,21.95,2.28,0.0
20220621:1110,763.01,147.0,0.0,63.5,23.06,2.48,0.0
20220621:1210,772.01,147.0,0.0,64.55,24.09,2.55,0.0
20220621:1310,733.01,147.0,0.0,60.44,25.11,2.48,0.0
20220621:1410,581.0,183.0,0.0,52.91,25.33,2.41,0.0
20220621:1510,312.0,260.0,0.0,43.76,25.56,2.48,0.0
20220621:1610,241.0,207.0,0.0,33.97,25.86,2.69,0.0
20220621:1710,155.0,152.0,0.0,24.09,25.62,2.69,0.0
20220621:1810,102.0,81.0,0.0,14.48,25.02,2.55,0.0
20220621:1910,19.0,27.17,0.0,5.47,24.11,1.59,0.0
20220621:2010,0.0,0.0,0.0,0.0,22.4,0.76,0.0
20220621:2110,0.0,0.0,0.0,0.0,21.47,0.55,0.0
20220621:2210,0.0,0.0,0.0,0.0,20.62,1.03,0.0
20220621:2310,0.0,0.0,0.0,0.0,19.82,1.79,0.0
20220622:0010,0.0,0.0,0.0,0.0,18.94,2.62,0.0
20220622:0110,0.0,0.0,0.0,0.0,18.14,2.55,0.0
20220622:0210,0.0,0.0,0.0,0.0,17.57,2.83,0.0
20220622:0310,0.0,0.0,0.0,0.0,17.2,3.03,0.0
20220622:0410,0.0,2.0,0.0,2.16,16.82,3.03,0.0
20220622:0510,0.0,12.0,0.0,10.86,16.94,2.83,0.0
20220622:0610,0.0,40.0,0.0,20.27,17.7,2.55,0.0
20220622:0710,0.0,74.0,0.0,30.08,18.05,2.0,0.0
20220622:0810,9.0,248.0,0.0,39.96,18.93,1.52,0.0
20220622:0910,59.0,356.0,0.0,49.45,20.17,1.79,0.0
20220622:1010,179.0,406.0,0.0,57.78,20.5,2.21,0.0
20220622:1110,0.0,257.0,0.0,63.48,21.33,2.9,0.0
20220622:1210,161.0,442.0,0.0,64.55,22.1,3.38,0.0
20220622:1310,164.0,422.0,0.0,60.46,22.73,3.72,0.0
20220622:1410,78.0,382.0,0.0,52.94,23.07,3.45,0.0
20220622:1510,266.0,282.0,0.0,43.79,23.31,3.31,0.0
20220622:1610,153.0,244.0,0.0,34.0,23.0,3.24,0.0
20220622:1710,112.0,170.0,0.0,24.12,22.94,2.48,0.0
20220622:1810,3.0,80.0,0.0,14.51,22.55,2.14,0.0
20220622:1910,0.0,16.0,0.0,5.5,20.84,2.28,0.0
20220622:2010,0.0,0.0,0.0,0.0,19.81,1.93,0.0
20220622:2110,0.0,0.0,0.0,0.0,19.12,2.0,0.0
20220622:2210,0.0,0.0,0.0,0.0,18.63,2.0,0.0
20220622:2310,0.0,0.0,0.0,0.0,18.14,1.79,0.0
20220623:0010,0.0,0.0,0.0,0.0,17.74,2.07,0.0
20220623:0110,0.0,0.0,0.0,0.0,17.49,2.34,0.0
20220623:0210,0.0,0.0,0.0,0.0,17.18,2.69,0.0
20220623:0310,0.0,0.0,0.0,0.0,17.25,3.1,0.0
20220623:0410,0.0,1.0,0.0,2.13,17.41,3.45,0.0
20220623:0510,5.0,65.0,0.0,10.82,17.57,3.38,0.0
20220623:0610,109.0,136.0,0.0,20.23,17.78,3.45,0.0
20220623:0710,321.0,127.0,0.0,30.04,18.37,4.34,0.0
20220623:0810,364.0,201.0,0.0,39.92,19.59,4.0,0.0
20220623:0910,366.0,281.0,0.0,49.41,20.83,3.1,0.0
20220623:1010,414.0,316.0,0.0,57.74,22.29,2.41,0.0
20220623:1110,487.0,311.0,0.0,63.46,23.57,2.62,0.0
20220623:1210,413.0,356.0,0.0,64.55,24.67,2.9,0.0
20220623:1310,301.0,384.0,0.0,60.47,25.31,3.17,0.0
20220623:1410,382.0,299.0,0.0,52.97,25.74,3.17,0.0
20220623:1510,321.0,258.0,0.0,43.82,25.68,2.9,0.0
20220623:1610,12.0,223.0,0.0,34.03,25.66,2.62,0.0
20220623:1710,0.0,114.0,0.0,24.15,25.29,1.93,0.0
20220623:1810,0.0,28.0,0.0,14.54,24.83,1.17,0.0
20220623:1910,0.0,13.0,0.0,5.52,23.33,2.14,0.0
20220623:2010,0.0,0.0,0.0,0.0,22.36,2.62,0.0
20220623:2110,0.0,0.0,0.0,0.0,21.11,3.03,0.0
20220623:2210,0.0,0.0,0.0,0.0,20.11,2.97,0.0
20220623:2310,0.0,0.0,0.0,0.0,19.4,2.76,0.0
20220624:0010,0.0,0.0,0.0,0.0,18.72,2.55,0.0
20220624:0110,0.0,0.0,0.0,0.0,18.06,2.41,0.0
20220624:0210,0.0,0.0,0.0,0.0,17.61,2.9,0.0
20220624:0310,0.0,0.0,0.0,0.0,17.47,3.24,0.0
20220624:0410,0.0,8.0,0.0,2.09,17.22,3.31,0.0
20220624:0510,0.0,42.0,0.0,10.77,17.06,2.97,0.0
20220624:0610,0.0,82.0,0.0,20.18,17.44,3.59,0.0
20220624:0710,62.0,229.0,0.0,30.0,18.82,4.07,0.0
20220624:0810,169.0,290.0,0.0,39.87,18.02,3.79,0.0
20220624:0910,451.0,235.0,0.0,49.37,18.81,4.28,0.0
20220624:1010,298.0,370.0,0.0,57.7,20.43,4.34,0.0
20220624:1110,253.0,418.0,0.0,63.43,21.74,4.9,0.0
20220624:1210,197.0,438.0,0.0,64.54,22.71,5.17,0.0
20220624:1310,139.0,428.0,0.0,60.48,22.52,5.24,0.0
20220624:1410,513.0,227.0,0.0,52.98,22.24,5.66,0.0
20220624:1510,220.0,304.0,0.0,43.84,21.93,5.86,0.0
20220624:1610,1.0,175.0,0.0,34.06,21.96,5.38,0.0
20220624:1710,221.0,121.0,0.0,24.17,21.84,4.76,0.0
20220624:1810,107.0,80.0,0.0,14.56,21.44,4.55,0.0
20220624:1910,21.0,27.57,0.0,5.54,20.38,4.9,0.0
20220624:2010,0.0,0.0,0.0,0.0,19.61,4.62,0.0
20220624:2110,0.0,0.0,0.0,0.0,18.94,4.28,0.0
20220624:2210,0.0,0.0,0.0,0.0,18.21,4.07,0.0
20220624:2310,0.0,0.0,0.0,0.0,17.72,4.28,0.0
20220625:0010,0.0,0.0,0.0,0.0,17.32,4.21,0.0
20220625:0110,0.0,0.0,0.0,0.0,17.16,4.21,0.0
20220625:0210,0.0,0.0,0.0,0.0,16.86,3.79,0.0
20220625:0310,0.0,0.0,0.0,0.0,16.56,3.31,0.0
20220625:0410,0.0,2.0,0.0,2.04,16.29,3.1,0.0
20220625:0510,0.0,14.0,0.0,10.73,16.23,2.9,0.0
20220625:0610,0.0,51.0,0.0,20.13,16.62,3.31,0.0
20220625:0710,20.0,208.0,0.0,29.95,16.05,2.34,0.0
20220625:0810,5.0,233.0,0.0,39.82,16.72,2.48,0.0
20220625:0910,0.0,208.0,0.0,49.32,17.31,2.83,0.0
20220625:1010,11.0,336.0,0.0,57.66,17.02,2.07,0.0
20220625:1110,0.0,243.0,0.0,63.4,16.61,0.69,0.0
20220625:1210,0.0,280.0,0.0,64.53,16.76,0.97,0.0
20220625:1310,0.0,146.0,0.0,60.48,16.83,0.48,0.0
20220625:1410,0.0,143.0,0.0,53.0,16.88,1.17,0.0
20220625:1510,0.0,92.0,0.0,43.86,16.71,2.14,0.0
20220625:1610,0.0,46.0,0.0,34.08,16.37,2.28,0.0
20220625:1710,10.0,157.0,0.0,24.19,16.09,0.76,0.0
20220625:1810,24.0,102.0,0.0,14.58,15.81,0.28,0.0
20220625:1910,22.0,27.32,0.0,5.55,15.79,1.31,0.0
20220625:2010,0.0,0.0,0.0,0.0,15.22,1.86,0.0
20220625:2110,0.0,0.0,0.0,0.0,13.93,2.9,0.0
20220625:2210,0.0,0.0,0.0,0.0,13.51,3.03,0.0
20220625:2310,0.0,0.0,0.0,0.0,13.25,2.83,0.0
20220626:0010,0.0,0.0,0.0,0.0,13.1,2.41,0.0
20220626:0110,0.0,0.0,0.0,0.0,13.03,2.28,0.0
20220626:0210,0.0,0.0,0.0,0.0,12.56,2.21,0.0
20220626:0310,0.0,0.0,0.0,0.0,12.17,2.0,0.0
20220626:0410,0.0,1.0,0.0,1.99,11.73,1.93,0.0
20220626:0510,0.0,29.0,0.0,10.67,11.83,1.59,0.0
20220626:0610,45.0,150.0,0.0,20.08,13.18,1.59,0.0
20220626:0710,114.0,225.0,0.0,29.89,14.47,1.59,0.0
20220626:0810,75.0,305.0,0.0,39.77,15.25,1.38,0.0
20220626:0910,173.0,362.0,0.0,49.27,16.53,0.41,0.0
20220626:1010,440.0,307.0,0.0,57.61,17.83,0.41,0.0
20220626:1110,562.0,275.0,0.0,63.36,18.97,0.34,0.0
20220626:1210,115.0,449.0,0.0,64.5,19.8,0.41,0.0
20220626:1310,162.0,430.0,0.0,60.48,20.17,0.41,0.0
20220626:1410,273.0,354.0,0.0,53.0,20.36,0.41,0.0
20220626:1510,1.0,214.0,0.0,43.87,20.55,0.97,0.0
20220626:1610,0.0,71.0,0.0,34.09,20.32,1.1,0.0
20220626:1710,0.0,43.0,0.0,24.2,19.8,0.9,0.0
20220626:1810,0.0,29.0,0.0,14.59,19.38,1.03,0.0
20220626:1910,0.0,10.0,0.0,5.56,18.53,1.17,0.0
20220626:2010,0.0,0.0,0.0,0.0,17.59,1.17,0.0
20220626:2110,0.0,0.0,0.0,0.0,16.2,1.03,0.0
20220626:2210,0.0,0.0,0.0,0.0,16.52,0.69,0.0
20220626:2310,0.0,0.0,0.0,0.0,14.46,1.17,0.0
20220627:0010,0.0,0.0,0.0,0.0,13.59,1.31,0.0
20220627:0110,0.0,0.0,0.0,0.0,12.86,1.45,0.0
20220627:0210,0.0,0.0,0.0,0.0,12.49,1.52,0.0
20220627:0310,0.0,0.0,0.0,0.0,12.3,1.52,0.0
20220627:0410,0.0,6.0,0.0,1.93,12.71,1.52,0.0
20220627:0510,0.0,16.0,0.0,10.61,13.65,1.86,0.0
20220627:0610,37.0,150.0,0.0,20.02,14.5,2.21,0.0
20220627:0710,12.0,201.0,0.0,29.83,14.92,2.41,0.0
20220627:0810,330.0,224.0,0.0,39.71,15.61,2.97,0.0
20220627:0910,490.0,219.0,0.0,49.21,16.9,3.03,0.0
20220627:1010,503.0,274.0,0.0,57.55,18.24,2.62,0.0
20220627:1110,488.0,319.0,0.0,63.31,19.2,2.76,0.0
20220627:1210,423.0,359.0,0.0,64.47,19.52,3.31,0.0
20220627:1310,556.0,263.0,0.0,60.46,19.84,3.66,0.0
20220627:1410,367.0,315.0,0.0,53.0,20.51,3.93,0.0
20220627:1510,504.0,162.0,0.0,43.88,20.43,3.86,0.0
20220627:1610,191.0,237.0,0.0,34.1,20.52,3.72,0.0
20220627:1710,274.0,98.0,0.0,24.21,20.2,3.52,0.0
20220627:1810,127.0,74.0,0.0,14.59,19.65,2.83,0.0
20220627:1910,26.0,25.5,0.0,5.56,19.19,1.17,0.0
20220627:2010,0.0,0.0,0.0,0.0,18.78,0.55,0.0
20220627:2110,0.0,0.0,0.0,0.0,18.23,0.55,0.0
20220627:2210,0.0,0.0,0.0,0.0,15.92,1.38,0.0
20220627:2310,0.0,0.0,0.0,0.0,15.15,1.93,0.0
20220628:0010,0.0,0.0,0.0,0.0,14.2,2.14,0.0
20220628:0110,0.0,0.0,0.0,0.0,13.68,2.21,0.0
20220628:0210,0.0,0.0,0.0,0.0,13.43,2.21,0.0
20220628:0310,0.0,0.0,0.0,0.0,12.8,2.28,0.0
20220628:0410,0.0,5.0,0.0,1.87,12.21,2.21,0.0
20220628:0510,63.0,63.0,0.0,10.55,12.39,1.86,0.0
20220628:0610,0.0,0.0,0.0,0.0,14.09,1.86,0.0
20220628:0710,0.0,0.0,0.0,0.0,16.31,1.45,0.0
20220628:0810,0.0,0.0,0.0,0.0,17.94,1.24,0.0
20220628:0910,611.0,146.0,0.0,49.15,19.8,0.76,0.0
20220628:1010,717.01,148.0,0.0,57.49,21.33,0.69,0.0
20220628:1110,741.01,168.0,0.0,63.26,22.19,1.93,0.0
20220628:1210,763.01,162.0,0.0,64.43,22.62,2.34,0.0
20220628:1310,727.01,159.0,0.0,60.45,22.62,2.48,0.0
20220628:1410,666.0,145.0,0.0,53.0,22.91,2.62,0.0
20220628:1510,542.0,140.0,0.0,43.88,23.08,2.69,0.0
20220628:1610,409.0,124.0,0.0,34.1,23.2,2.55,0.0
20220628:1710,268.0,101.0,0.0,24.22,22.86,2.48,0.0
20220628:1810,122.0,76.0,0.0,14.59,22.29,2.07,0.0
20220628:1910,25.0,25.74,0.0,5.55,21.82,1.79,0.0
20220628:2010,0.0,0.0,0.0,0.0,19.71,2.07,0.0
20220628:2110,0.0,0.0,0.0,0.0,17.87,2.41,0.0
20220628:2210,0.0,0.0,0.0,0.0,16.66,2.48,0.0
20220628:2310,0.0,0.0,0.0,0.0,15.77,2.28,0.0
20220629:0010,0.0,0.0,0.0,0.0,14.62,1.86,0.0
20220629:0110,0.0,0.0,0.0,0.0,14.05,1.31,0.0
20220629:0210,0.0,0.0,0.0,0.0,14.18,1.03,0.0
20220629:0310,0.0,0.0,0.0,0.0,12.35,1.45,0.0
20220629:0410,0.0,5.0,0.0,1.8,11.28,1.72,0.0
20220629:0510,0.0,0.0,0.0,0.0,11.71,1.45,0.0
20220629:0610,0.0,0.0,0.0,0.0,14.87,1.52,0.0
20220629:0710,0.0,0.0,0.0,0.0,17.59,1.72,0.0
20220629:0810,452.0,150.0,0.0,39.58,19.09,2.48,0.0
20220629:0910,512.0,201.0,0.0,49.08,20.18,3.17,0.0
20220629:1010,664.0,173.0,0.0,57.43,21.12,3.59,0.0
20220629:1110,743.01,162.0,0.0,63.2,21.97,3.59,0.0
20220629:1210,741.01,169.0,0.0,64.39,22.57,3.45,0.0
20220629:1310,692.01,176.0,0.0,60.42,22.82,3.03,0.0
20220629:1410,582.0,190.0,0.0,52.99,23.11,2.48,0.0
20220629:1510,541.0,138.0,0.0,43.88,23.62,2.28,0.0
20220629:1610,282.0,192.0,0.0,34.1,23.81,2.21,0.0
20220629:1710,68.0,183.0,0.0,24.21,23.36,1.86,0.0
20220629:1810,27.0,104.0,0.0,14.59,22.84,1.31,0.0
20220629:1910,23.0,27.05,0.0,5.54,20.2,3.93,0.0
20220629:2010,0.0,0.0,0.0,0.0,18.38,3.52,0.0
20220629:2110,0.0,0.0,0.0,0.0,17.39,2.83,0.0
20220629:2210,0.0,0.0,0.0,0.0,16.37,2.0,0.0
20220629:2310,0.0,0.0,0.0,0.0,15.88,1.72,0.0
20220630:0010,0.0,0.0,0.0,0.0,15.23,2.28,0.0
20220630:0110,0.0,0.0,0.0,0.0,14.42,2.0,0.0
20220630:0210,0.0,0.0,0.0,0.0,13.93,1.79,0.0
20220630:0310,0.0,0.0,0.0,0.0,13.5,1.79,0.0
20220630:0410,0.0,1.0,0.0,1.73,13.31,1.93,0.0
20220630:0510,6.0,63.0,0.0,10.41,13.32,2.0,0.0
20220630:0610,0.0,25.0,0.0,19.82,13.32,2.0,0.0
20220630:0710,0.0,63.0,0.0,29.63,13.86,0.48,0.0
20220630:0810,0.0,98.0,0.0,39.51,14.91,1.52,0.0
20220630:0910,0.0,99.0,0.0,49.01,15.51,2.14,0.0
20220630:1010,0.0,102.0,0.0,57.36,15.22,1.72,0.0
20220630:1110,0.0,132.0,0.0,63.13,15.27,0.62,0.0
20220630:1210,0.0,203.0,0.0,64.34,15.64,0.9,0.0
20220630:1310,0.0,256.0,0.0,60.39,15.45,1.38,0.0
20220630:1410,16.0,333.0,0.0,52.97,15.42,1.93,0.0
20220630:1510,0.0,170.0,0.0,43.87,16.03,2.55,0.0
20220630:1610,9.0,215.0,0.0,34.09,15.91,2.83,0.0
20220630:1710,0.0,61.0,0.0,24.21,16.07,3.59,0.0
20220630:1810,31.0,104.0,0.0,14.58,16.09,3.72,0.0
20220630:1910,23.0,26.22,0.0,5.53,15.88,2.69,0.0
20220630:2010,0.0,0.0,0.0,0.0,14.84,2.83,0.0
20220630:2110,0.0,0.0,0.0,0.0,13.89,2.62,0.0
20220630:2210,0.0,0.0,0.0,0.0,13.02,2.07,0.0
20220630:2310,0.0,0.0,0.0,0.0,11.99,2.07,0.0
20220701:0010,0.0,0.0,0.0,0.0,11.16,2.14,0.0
20220701:0110,0.0,0.0,0.0,0.0,10.54,1.93,0.0
20220701:0210,0.0,0.0,0.0,0.0,10.08,1.86,0.0
20220701:0310,0.0,0.0,0.0,0.0,9.72,1.93,0.0
20220701:0410,0.0,4.0,0.0,1.65,9.95,2.0,0.0
20220701:0510,79.0,55.0,0.0,10.34,10.72,2.0,0.0
20220701:0610,200.0,91.0,0.0,19.74,12.38,2.41,0.0
20220701:0710,371.0,102.0,0.0,29.56,13.54,3.1,0.0
20220701:0810,501.0,124.0,0.0,39.43,14.81,3.52,0.0
20220701:0910,466.0,231.0,0.0,48.93,16.0,3.45,0.0
20220701:1010,255.0,392.0,0.0,57.28,17.44,3.59,0.0
20220701:1110,283.0,413.0,0.0,63.06,18.55,3.79,0.0
20220701:1210,8.0,351.0,0.0,64.28,19.35,3.86,0.0
20220701:1310,29.0,389.0,0.0,60.35,19.76,3.52,0.0
20220701:1410,52.0,377.0,0.0,52.95,19.9,3.1,0.0
20220701:1510,1.0,220.0,0.0,43.85,19.82,2.9,0.0
20220701:1610,30.0,250.0,0.0,34.08,19.5,2.34,0.0
20220701:1710,5.0,149.0,0.0,24.19,19.16,1.86,0.0
20220701:1810,10.0,97.0,0.0,14.56,18.72,1.72,0.0
20220701:1910,8.0,30.92,0.0,5.51,18.14,1.45,0.0
20220701:2010,0.0,0.0,0.0,0.0,17.26,1.59,0.0
20220701:2110,0.0,0.0,0.0,0.0,16.6,1.66,0.0
20220701:2210,0.0,0.0,0.0,0.0,16.08,1.72,0.0
20220701:2310,0.0,0.0,0.0,0.0,15.15,1.66,0.0
20220702:0010,0.0,0.0,0.0,0.0,14.53,1.45,0.0
20220702:0110,0.0,0.0,0.0,0.0,13.88,1.45,0.0
20220702:0210,0.0,0.0,0.0,0.0,12.99,1.52,0.0
20220702:0310,0.0,0.0,0.0,0.0,12.17,1.59,0.0
20220702:0410,0.0,3.0,0.0,1.57,11.56,1.66,0.0
20220702:0510,76.0,55.0,0.0,10.25,11.92,1.31,0.0
20220702:0610,199.0,90.0,0.0,19.66,14.76,1.03,0.0
20220702:0710,360.0,106.0,0.0,29.48,17.51,1.59,0.0
20220702:0810,499.0,124.0,0.0,39.35,19.21,1.86,0.0
20220702:0910,648.0,123.0,0.0,48.85,20.39,2.07,0.0
20220702:1010,721.01,142.0,0.0,57.2,21.28,2.0,0.0
20220702:1110,768.01,151.0,0.0,62.98,21.81,2.07,0.0
20220702:1210,768.01,157.0,0.0,64.22,22.53,2.0,0.0
20220702:1310,743.01,149.0,0.0,60.31,23.08,1.79,0.0
20220702:1410,681.0,135.0,0.0,52.92,23.53,1.52,0.0
20220702:1510,562.0,129.0,0.0,43.83,23.82,1.59,0.0
20220702:1610,431.0,112.0,0.0,34.06,23.92,1.86,0.0
20220702:1710,268.0,100.0,0.0,24.18,23.76,2.0,0.0
20220702:1810,132.0,71.0,0.0,14.54,23.27,1.72,0.0
20220702:1910,28.0,23.34,0.0,5.48,22.35,2.28,0.0
20220702:2010,0.0,0.0,0.0,0.0,20.63,2.34,0.0
20220702:2110,0.0,0.0,0.0,0.0,19.17,2.28,0.0
20220702:2210,0.0,0.0,0.0,0.0,17.82,2.34,0.0
20220702:2310,0.0,0.0,0.0,0.0,16.88,2.41,0.0
20220703:0010,0.0,0.0,0.0,0.0,15.83,2.62,0.0
20220703:0110,0.0,0.0,0.0,0.0,14.99,2.9,0.0
20220703:0210,0.0,0.0,0.0,0.0,14.35,2.9,0.0
20220703:0310,0.0,0.0,0.0,0.0,13.87,2.76,0.0
20220703:0410,0.0,2.0,0.0,1.49,13.46,2.62,0.0
20220703:0510,72.0,56.0,0.0,10.17,13.58,2.28,0.0
20220703:0610,194.0,91.0,0.0,19.58,14.71,2.62,0.0
20220703:0710,322.0,124.0,0.0,29.39,15.83,2.97,0.0
20220703:0810,460.0,145.0,0.0,39.27,17.16,2.76,0.0
20220703:0910,603.0,146.0,0.0,48.76,18.42,2.34,0.0
20220703:1010,282.0,380.0,0.0,57.11,19.34,2.41,0.0
20220703:1110,159.0,443.0,0.0,62.89,20.54,2.34,0.0
20220703:1210,445.0,346.0,0.0,64.15,21.41,2.41,0.0
20220703:1310,378.0,357.0,0.0,60.26,22.06,2.83,0.0
20220703:1410,541.0,218.0,0.0,52.89,22.46,2.76,0.0
20220703:1510,465.0,185.0,0.0,43.81,22.69,2.76,0.0
20220703:1610,387.0,135.0,0.0,34.04,22.71,3.03,0.0
20220703:1710,264.0,102.0,0.0,24.15,22.46,2.97,0.0
20220703:1810,129.0,72.0,0.0,14.51,22.0,2.41,0.0
20220703:1910,24.0,25.07,0.0,5.45,20.25,2.28,0.0
20220703:2010,0.0,0.0,0.0,0.0,18.77,2.55,0.0
20220703:2110,0.0,0.0,0.0,0.0,17.45,3.03,0.0
20220703:2210,0.0,0.0,0.0,0.0,16.6,2.76,0.0
20220703:2310,0.0,0.0,0.0,0.0,15.51,2.14,0.0
20220704:0010,0.0,0.0,0.0,0.0,14.49,1.93,0.0
20220704:0110,0.0,0.0,0.0,0.0,13.61,2.07,0.0
20220704:0210,0.0,0.0,0.0,0.0,12.92,2.07,0.0
20220704:0310,0.0,0.0,0.0,0.0,12.28,1.93,0.0
20220704:0410,0.0,1.0,0.0,1.39,11.66,1.72,0.0
20220704:0510,72.0,55.0,0.0,10.08,11.74,1.31,0.0
20220704:0610,193.0,92.0,0.0,19.49,14.32,1.31,0.0
20220704:0710,351.0,110.0,0.0,29.3,15.81,1.45,0.0
20220704:0810,501.0,123.0,0.0,39.18,17.48,1.38,0.0
20220704:0910,633.0,132.0,0.0,48.67,18.93,1.24,0.0
20220704:1010,714.01,147.0,0.0,57.02,20.15,1.17,0.0
20220704:1110,761.01,156.0,0.0,62.8,21.21,1.52,0.0
20220704:1210,760.01,163.0,0.0,64.07,22.12,1.86,0.0
20220704:1310,737.01,154.0,0.0,60.2,22.72,2.0,0.0
20220704:1410,676.0,139.0,0.0,52.85,23.21,2.0,0.0
20220704:1510,566.0,128.0,0.0,43.78,23.46,2.14,0.0
20220704:1610,434.0,112.0,0.0,34.01,23.55,2.41,0.0
20220704:1710,267.0,101.0,0.0,24.12,23.29,2.76,0.0
20220704:1810,130.0,72.0,0.0,14.48,22.72,2.69,0.0
20220704:1910,23.0,25.27,0.0,5.41,21.93,3.17,0.0
20220704:2010,0.0,0.0,0.0,0.0,19.83,3.86,0.0
20220704:2110,0.0,0.0,0.0,0.0,18.12,4.14,0.0
20220704:2210,0.0,0.0,0.0,0.0,16.66,3.66,0.0
20220704:2310,0.0,0.0,0.0,0.0,15.54,3.03,0.0
20220705:0010,0.0,0.0,0.0,0.0,14.56,2.69,0.0
20220705:0110,0.0,0.0,0.0,0.0,13.69,2.41,0.0
20220705:0210,0.0,0.0,0.0,0.0,12.93,2.41,0.0
20220705:0310,0.0,0.0,0.0,0.0,12.3,2.41,0.0
20220705:0410,0.0,0.0,0.0,0.0,11.8,2.34,0.0
20220705:0510,69.0,56.0,0.0,9.98,12.0,2.0,0.0
20220705:0610,191.0,91.0,0.0,19.4,13.53,2.14,0.0
20220705:0710,347.0,111.0,0.0,29.21,15.77,2.07,0.0
20220705:0810,490.0,127.0,0.0,39.09,17.55,1.59,0.0
20220705:0910,620.0,137.0,0.0,48.58,19.29,1.79,0.0
20220705:1010,700.01,153.0,0.0,56.92,20.63,2.28,0.0
20220705:1110,745.01,163.0,0.0,62.7,21.79,2.83,0.0
20220705:1210,741.01,174.0,0.0,63.98,22.85,2.9,0.0
20220705:1310,667.01,196.0,0.0,60.14,23.55,2.83,0.0
20220705:1410,453.0,269.0,0.0,52.8,24.01,3.03,0.0
20220705:1510,473.0,181.0,0.0,43.74,24.23,3.31,0.0
20220705:1610,389.0,134.0,0.0,33.98,24.02,3.45,0.0
20220705:1710,253.0,107.0,0.0,24.09,23.56,3.59,0.0
20220705:1810,126.0,73.0,0.0,14.44,22.76,3.72,0.0
20220705:1910,18.0,27.34,0.0,5.36,21.46,3.45,0.0
20220705:2010,0.0,0.0,0.0,0.0,19.82,3.79,0.0
20220705:2110,0.0,0.0,0.0,0.0,18.57,3.86,0.0
20220705:2210,0.0,0.0,0.0,0.0,17.51,3.66,0.0
20220705:2310,0.0,0.0,0.0,0.0,16.55,3.24,0.0
20220706:0010,0.0,0.0,0.0,0.0,15.65,2.76,0.0
20220706:0110,0.0,0.0,0.0,0.0,14.83,2.41,0.0
20220706:0210,0.0,0.0,0.0,0.0,14.17,2.21,0.0
20220706:0310,0.0,0.0,0.0,0.0,13.52,2.14,0.0
20220706:0410,0.0,0.0,0.0,0.0,12.94,2.14,0.0
20220706:0510,65.0,56.0,0.0,9.89,12.95,1.79,0.0
20220706:0610,181.0,94.0,0.0,19.3,14.45,1.59,0.0
20220706:0710,335.0,113.0,0.0,29.12,16.46,1.52,0.0
20220706:0810,481.0,128.0,0.0,38.99,18.16,1.52,0.0
20220706:0910,610.0,137.0,0.0,48.48,19.69,1.59,0.0
20220706:1010,603.0,207.0,0.0,56.82,21.32,2.62,0.0
20220706:1110,692.01,191.0,0.0,62.6,22.31,2.76,0.0
20220706:1210,502.0,310.0,0.0,63.89,23.04,2.9,0.0
20220706:1310,532.0,271.0,0.0,60.07,23.47,3.38,0.0
20220706:1410,634.0,156.0,0.0,52.75,23.83,3.59,0.0
20220706:1510,539.0,137.0,0.0,43.7,24.01,3.66,0.0
20220706:1610,417.0,116.0,0.0,33.94,24.0,3.72,0.0
20220706:1710,170.0,149.0,0.0,24.05,23.92,3.79,0.0
20220706:1810,123.0,73.0,0.0,14.4,23.33,3.79,0.0
20220706:1910,25.0,23.87,0.0,5.31,21.53,3.59,0.0
20220706:2010,0.0,0.0,0.0,0.0,19.99,3.31,0.0
20220706:2110,0.0,0.0,0.0,0.0,18.81,2.97,0.0
20220706:2210,0.0,0.0,0.0,0.0,17.96,3.17,0.0
20220706:2310,0.0,0.0,0.0,0.0,17.28,2.97,0.0
20220707:0010,0.0,0.0,0.0,0.0,16.53,2.48,0.0
20220707:0110,0.0,0.0,0.0,0.0,15.85,2.14,0.0
20220707:0210,0.0,0.0,0.0,0.0,15.3,2.28,0.0
20220707:0310,0.0,0.0,0.0,0.0,14.9,2.48,0.0
20220707:0410,0.0,0.0,0.0,0.0,14.59,2.48,0.0
20220707:0510,63.0,55.0,0.0,9.78,14.84,2.34,0.0
20220707:0610,141.0,113.0,0.0,19.2,16.06,2.9,0.0
20220707:0710,19.0,204.0,0.0,29.02,17.78,3.31,0.0
20220707:0810,48.0,290.0,0.0,38.89,19.76,3.86,0.0
20220707:0910,11.0,297.0,0.0,48.38,21.04,4.07,0.0
20220707:1010,24.0,362.0,0.0,56.71,21.19,4.41,0.0
20220707:1110,1.0,281.0,0.0,62.49,21.76,4.62,0.0
20220707:1210,0.0,187.0,0.0,63.79,21.96,4.69,0.0
20220707:1310,10.0,342.0,0.0,59.99,21.84,4.62,0.0
20220707:1410,7.0,304.0,0.0,52.69,21.73,4.41,0.0
20220707:1510,0.0,184.0,0.0,43.65,21.71,4.34,0.0
20220707:1610,0.0,112.0,0.0,33.9,21.61,4.21,0.0
20220707:1710,7.0,151.0,0.0,24.0,21.2,4.21,0.0
20220707:1810,4.0,85.0,0.0,14.35,20.7,4.21,0.0
20220707:1910,0.0,15.0,0.0,5.26,19.2,3.86,0.0
20220707:2010,0.0,0.0,0.0,0.0,18.58,3.59,0.0
20220707:2110,0.0,0.0,0.0,0.0,17.82,3.38,0.0
20220707:2210,0.0,0.0,0.0,0.0,16.76,3.17,0.0
20220707:2310,0.0,0.0,0.0,0.0,15.61,3.24,0.0
20220708:0010,0.0,0.0,0.0,0.0,14.53,3.31,0.0
20220708:0110,0.0,0.0,0.0,0.0,13.47,3.17,0.0
20220708:0210,0.0,0.0,0.0,0.0,12.61,2.97,0.0
20220708:0310,0.0,0.0,0.0,0.0,11.95,2.69,0.0
20220708:0410,0.0,0.0,0.0,0.0,11.39,2.41,0.0
20220708:0510,65.0,54.0,0.0,9.68,11.47,2.07,0.0
20220708:0610,187.0,90.0,0.0,19.1,12.78,2.34,0.0
20220708:0710,332.0,114.0,0.0,28.92,14.96,2.28,0.0
20220708:0810,483.0,127.0,0.0,38.79,16.57,2.48,0.0
20220708:0910,613.0,137.0,0.0,48.27,18.21,2.76,0.0
20220708:1010,703.01,148.0,0.0,56.6,19.82,3.1,0.0
20220708:1110,751.01,156.0,0.0,62.38,21.33,3.31,0.0
20220708:1210,750.01,164.0,0.0,63.69,22.62,3.45,0.0
20220708:1310,728.01,154.0,0.0,59.91,23.69,3.52,0.0
20220708:1410,658.0,145.0,0.0,52.63,24.49,3.59,0.0
20220708:1510,551.0,132.0,0.0,43.59,24.97,3.72,0.0
20220708:1610,416.0,117.0,0.0,33.85,25.06,3.93,0.0
20220708:1710,254.0,105.0,0.0,23.95,24.77,3.93,0.0
20220708:1810,127.0,71.0,0.0,14.29,24.19,3.59,0.0
20220708:1910,20.0,24.99,0.0,5.2,23.48,2.48,0.0
20220708:2010,0.0,0.0,0.0,0.0,21.67,2.55,0.0
20220708:2110,0.0,0.0,0.0,0.0,20.38,2.62,0.0
20220708:2210,0.0,0.0,0.0,0.0,19.4,2.62,0.0
20220708:2310,0.0,0.0,0.0,0.0,18.59,2.62,0.0
20220709:0010,0.0,0.0,0.0,0.0,17.83,2.48,0.0
20220709:0110,0.0,0.0,0.0,0.0,17.17,2.28,0.0
20220709:0210,0.0,0.0,0.0,0.0,16.4,2.07,0.0
20220709:0310,0.0,0.0,0.0,0.0,15.63,1.93,0.0
20220709:0410,0.0,0.0,0.0,0.0,14.82,1.79,0.0
20220709:0510,3.0,52.0,0.0,9.57,14.65,1.45,0.0
20220709:0610,143.0,110.0,0.0,18.99,17.3,1.24,0.0
20220709:0710,297.0,130.0,0.0,28.81,20.3,1.31,0.0
20220709:0810,462.0,134.0,0.0,38.68,22.57,1.59,0.0
20220709:0910,588.0,146.0,0.0,48.16,24.01,2.0,0.0
20220709:1010,660.01,168.0,0.0,56.48,25.16,2.41,0.0
20220709:1110,675.01,198.0,0.0,62.26,25.83,2.9,0.0
20220709:1210,672.01,208.0,0.0,63.58,26.36,3.03,0.0
20220709:1310,620.01,216.0,0.0,59.82,26.99,3.1,0.0
20220709:1410,618.0,164.0,0.0,52.55,27.62,3.59,0.0
20220709:1510,509.0,152.0,0.0,43.53,27.92,3.79,0.0
20220709:1610,150.0,248.0,0.0,33.79,27.73,3.86,0.0
20220709:1710,206.0,129.0,0.0,23.9,27.46,4.07,0.0
20220709:1810,94.0,85.0,0.0,14.23,26.6,4.21,0.0
20220709:1910,12.0,27.85,0.0,5.13,24.13,4.69,0.0
20220709:2010,0.0,0.0,0.0,0.0,22.08,4.97,0.0
20220709:2110,0.0,0.0,0.0,0.0,20.18,4.97,0.0
20220709:2210,0.0,0.0,0.0,0.0,18.54,4.41,0.0
20220709:2310,0.0,0.0,0.0,0.0,17.18,4.07,0.0
20220710:0010,0.0,0.0,0.0,0.0,16.11,3.72,0.0
20220710:0110,0.0,0.0,0.0,0.0,15.27,3.52,0.0
20220710:0210,0.0,0.0,0.0,0.0,14.66,3.38,0.0
20220710:0310,0.0,0.0,0.0,0.0,14.17,3.24,0.0
20220710:0410,0.0,0.0,0.0,0.0,13.77,3.17,0.0
20220710:0510,61.0,53.0,0.0,9.45,13.84,2.9,0.0
20220710:0610,178.0,90.0,0.0,18.88,14.8,3.52,0.0
20220710:0710,322.0,115.0,0.0,28.7,16.51,3.66,0.0
20220710:0810,466.0,131.0,0.0,38.57,18.22,3.72,0.0
20220710:0910,594.0,142.0,0.0,48.05,19.91,3.93,0.0
20220710:1010,682.01,153.0,0.0,56.36,21.4,4.21,0.0
20220710:1110,727.01,164.0,0.0,62.13,22.72,4.34,0.0
20220710:1210,739.01,164.0,0.0,63.46,23.84,4.41,0.0
20220710:1310,717.01,155.0,0.0,59.72,24.68,4.62,0.0
20220710:1410,639.0,150.0,0.0,52.48,25.28,4.83,0.0
20220710:1510,541.0,134.0,0.0,43.47,25.85,4.69,0.0
20220710:1610,407.0,119.0,0.0,33.73,26.52,4.28,0.0
20220710:1710,247.0,105.0,0.0,23.83,26.63,4.28,0.0
20220710:1810,117.0,73.0,0.0,14.17,25.97,4.48,0.0
20220710:1910,20.0,24.02,0.0,5.05,23.75,3.52,0.0
20220710:2010,0.0,0.0,0.0,0.0,22.36,2.83,0.0
20220710:2110,0.0,0.0,0.0,0.0,21.18,3.03,0.0
20220710:2210,0.0,0.0,0.0,0.0,20.4,3.52,0.0
20220710:2310,0.0,0.0,0.0,0.0,19.64,3.59,0.0
20220711:0010,0.0,0.0,0.0,0.0,18.9,3.24,0.0
20220711:0110,0.0,0.0,0.0,0.0,18.2,2.9,0.0
20220711:0210,0.0,0.0,0.0,0.0,17.47,2.76,0.0
20220711:0310,0.0,0.0,0.0,0.0,16.82,2.69,0.0
20220711:0410,0.0,0.0,0.0,0.0,16.26,2.55,0.0
20220711:0510,59.0,53.0,0.0,9.33,16.23,2.41,0.0
20220711:0610,174.0,91.0,0.0,18.76,17.52,2.62,0.0
20220711:0710,317.0,116.0,0.0,28.59,19.71,3.03,0.0
20220711:0810,452.0,138.0,0.0,38.46,21.51,3.38,0.0
20220711:0910,585.0,146.0,0.0,47.93,23.15,3.72,0.0
20220711:1010,658.01,168.0,0.0,56.23,24.59,4.07,0.0
20220711:1110,700.01,181.0,0.0,62.0,25.86,4.14,0.0
20220711:1210,725.01,173.0,0.0,63.33,26.92,4.07,0.0
20220711:1310,705.01,162.0,0.0,59.62,27.75,4.0,0.0
20220711:1410,639.0,150.0,0.0,52.39,28.26,3.79,0.0
20220711:1510,541.0,133.0,0.0,43.4,28.65,3.59,0.0
20220711:1610,407.0,118.0,0.0,33.66,28.74,3.38,0.0
20220711:1710,247.0,105.0,0.0,23.77,28.54,3.38,0.0
20220711:1810,114.0,74.0,0.0,14.1,27.98,3.31,0.0
20220711:1910,16.0,24.95,0.0,4.98,26.71,2.34,0.0
20220711:2010,0.0,0.0,0.0,0.0,24.92,2.41,0.0
20220711:2110,0.0,0.0,0.0,0.0,23.35,2.62,0.0
20220711:2210,0.0,0.0,0.0,0.0,22.28,2.76,0.0
20220711:2310,0.0,0.0,0.0,0.0,21.48,2.69,0.0
20220712:0010,0.0,0.0,0.0,0.0,20.73,2.55,0.0
20220712:0110,0.0,0.0,0.0,0.0,20.02,2.41,0.0
20220712:0210,0.0,0.0,0.0,0.0,19.13,2.28,0.0
20220712:0310,0.0,0.0,0.0,0.0,18.3,2.07,0.0
20220712:0410,0.0,0.0,0.0,0.0,17.55,2.07,0.0
20220712:0510,60.0,51.0,0.0,9.21,17.43,1.79,0.0
20220712:0610,170.0,93.0,0.0,18.65,19.13,1.52,0.0
20220712:0710,335.0,108.0,0.0,28.47,21.63,1.79,0.0
20220712:0810,436.0,148.0,0.0,38.34,23.72,1.79,0.0
20220712:0910,567.0,157.0,0.0,47.8,25.75,1.72,0.0
20220712:1010,623.0,191.0,0.0,56.1,27.09,1.79,0.0
20220712:1110,662.01,206.0,0.0,61.86,28.24,1.79,0.0
20220712:1210,727.01,174.0,0.0,63.2,29.07,2.0,0.0
20220712:1310,694.01,170.0,0.0,59.51,29.76,2.21,0.0
20220712:1410,631.0,156.0,0.0,52.3,30.24,1.79,0.0
20220712:1510,520.0,145.0,0.0,43.32,30.45,1.31,0.0
20220712:1610,409.0,118.0,0.0,33.59,30.28,1.17,0.0
20220712:1710,230.0,115.0,0.0,23.69,29.86,1.1,0.0
20220712:1810,113.0,74.0,0.0,14.02,29.17,0.76,0.0
20220712:1910,15.0,26.01,0.0,4.89,27.86,1.86,0.0
20220712:2010,0.0,0.0,0.0,0.0,26.26,2.34,0.0
20220712:2110,0.0,0.0,0.0,0.0,24.65,2.41,0.0
20220712:2210,0.0,0.0,0.0,0.0,23.24,2.34,0.0
20220712:2310,0.0,0.0,0.0,0.0,22.16,2.28,0.0
20220713:0010,0.0,0.0,0.0,0.0,21.06,2.07,0.0
20220713:0110,0.0,0.0,0.0,0.0,20.07,2.07,0.0
20220713:0210,0.0,0.0,0.0,0.0,18.9,1.93,0.0
20220713:0310,0.0,0.0,0.0,0.0,18.12,2.07,0.0
20220713:0410,0.0,0.0,0.0,0.0,17.47,2.0,0.0
20220713:0510,0.0,29.0,0.0,9.09,17.5,1.59,0.0
20220713:0610,11.0,123.0,0.0,18.52,20.13,1.03,0.0
20220713:0710,33.0,209.0,0.0,28.35,24.49,1.24,0.0
20220713:0810,197.0,268.0,0.0,38.22,26.84,1.66,0.0
20220713:0910,336.0,284.0,0.0,47.68,28.5,1.79,0.0
20220713:1010,571.0,217.0,0.0,55.97,30.22,1.66,0.0
20220713:1110,680.01,189.0,0.0,61.71,31.55,1.66,0.0
20220713:1210,691.01,191.0,0.0,63.06,32.37,1.86,0.0
20220713:1310,685.01,171.0,0.0,59.39,32.89,2.0,0.0
20220713:1410,588.0,178.0,0.0,52.21,33.23,1.93,0.0
20220713:1510,535.0,134.0,0.0,43.23,33.42,1.79,0.0
20220713:1610,73.0,257.0,0.0,33.51,33.41,1.79,0.0
20220713:1710,111.0,168.0,0.0,23.61,33.16,1.79,0.0
20220713:1810,99.0,79.0,0.0,13.93,32.55,1.59,0.0
20220713:1910,11.0,26.11,0.0,4.8,30.05,1.03,0.0
20220713:2010,0.0,0.0,0.0,0.0,27.69,0.83,0.0
20220713:2110,0.0,0.0,0.0,0.0,24.94,1.72,0.0
20220713:2210,0.0,0.0,0.0,0.0,23.99,2.62,0.0
20220713:2310,0.0,0.0,0.0,0.0,23.28,2.83,0.0
20220714:0010,0.0,0.0,0.0,0.0,22.62,2.69,0.0
20220714:0110,0.0,0.0,0.0,0.0,21.74,2.28,0.0
20220714:0210,0.0,0.0,0.0,0.0,20.66,1.93,0.0
20220714:0310,0.0,0.0,0.0,0.0,19.52,1.72,0.0
20220714:0410,0.0,0.0,0.0,0.0,18.62,2.0,0.0
20220714:0510,51.0,52.0,0.0,8.96,18.68,2.07,0.0
20220714:0610,41.0,136.0,0.0,18.4,20.66,2.07,0.0
20220714:0710,311.0,116.0,0.0,28.23,22.82,2.55,0.0
20220714:0810,376.0,179.0,0.0,38.1,24.42,3.38,0.0
20220714:0910,507.0,190.0,0.0,47.55,25.91,3.52,0.0
20220714:1010,561.0,224.0,0.0,55.83,27.36,3.38,0.0
20220714:1110,642.01,214.0,0.0,61.57,28.62,4.34,0.0
20220714:1210,653.01,215.0,0.0,62.92,29.38,4.28,0.0
20220714:1310,674.01,179.0,0.0,59.27,29.92,4.69,0.0
20220714:1410,601.0,170.0,0.0,52.11,30.05,4.9,0.0
20220714:1510,504.0,151.0,0.0,43.15,29.88,4.83,0.0
20220714:1610,366.0,138.0,0.0,33.43,29.39,4.97,0.0
20220714:1710,234.0,109.0,0.0,23.53,28.43,5.17,0.0
20220714:1810,105.0,76.0,0.0,13.84,27.1,5.17,0.0
20220714:1910,11.0,26.06,0.0,4.7,25.7,4.97,0.0
20220714:2010,0.0,0.0,0.0,0.0,23.95,4.76,0.0
20220714:2110,0.0,0.0,0.0,0.0,22.49,4.76,0.0
20220714:2210,0.0,0.0,0.0,0.0,21.17,4.76,0.0
20220714:2310,0.0,0.0,0.0,0.0,19.94,4.41,0.0
20220715:0010,0.0,0.0,0.0,0.0,18.94,4.0,0.0
20220715:0110,0.0,0.0,0.0,0.0,18.1,3.66,0.0
20220715:0210,0.0,0.0,0.0,0.0,17.32,3.52,0.0
20220715:0310,0.0,0.0,0.0,0.0,16.6,3.45,0.0
20220715:0410,0.0,0.0,0.0,0.0,15.96,3.31,0.0
20220715:0510,49.0,53.0,0.0,8.83,15.72,3.17,0.0
20220715:0610,170.0,90.0,0.0,18.27,16.4,3.72,0.0
20220715:0710,309.0,118.0,0.0,28.1,18.51,3.72,0.0
20220715:0810,433.0,147.0,0.0,37.97,20.23,4.07,0.0
20220715:0910,575.0,150.0,0.0,47.42,21.52,3.86,0.0
20220715:1010,659.01,166.0,0.0,55.68,22.69,3.59,0.0
20220715:1110,687.01,189.0,0.0,61.41,23.76,3.52,0.0
20220715:1210,699.01,190.0,0.0,62.77,24.7,3.52,0.0
20220715:1310,693.01,170.0,0.0,59.14,25.44,3.45,0.0
20220715:1410,630.0,155.0,0.0,52.0,25.96,3.1,0.0
20220715:1510,528.0,139.0,0.0,43.05,26.24,2.97,0.0
20220715:1610,396.0,123.0,0.0,33.34,26.28,2.97,0.0
20220715:1710,242.0,106.0,0.0,23.44,25.98,3.1,0.0
20220715:1810,113.0,72.0,0.0,13.75,25.39,3.17,0.0
20220715:1910,14.0,23.43,0.0,4.6,24.12,2.83,0.0
20220715:2010,0.0,0.0,0.0,0.0,22.55,2.55,0.0
20220715:2110,0.0,0.0,0.0,0.0,21.29,2.55,0.0
20220715:2210,0.0,0.0,0.0,0.0,20.25,2.62,0.0
20220715:2310,0.0,0.0,0.0,0.0,19.38,2.62,0.0
20220716:0010,0.0,0.0,0.0,0.0,18.62,2.55,0.0
20220716:0110,0.0,0.0,0.0,0.0,17.92,2.41,0.0
20220716:0210,0.0,0.0,0.0,0.0,17.23,2.28,0.0
20220716:0310,0.0,0.0,0.0,0.0,16.5,2.07,0.0
20220716:0410,0.0,0.0,0.0,0.0,15.6,1.86,0.0
20220716:0510,42.0,54.0,0.0,8.69,15.14,1.66,0.0
20220716:0610,151.0,100.0,0.0,18.14,17.58,1.66,0.0
20220716:0710,293.0,127.0,0.0,27.97,19.59,1.93,0.0
20220716:0810,418.0,157.0,0.0,37.84,21.56,2.14,0.0
20220716:0910,556.0,163.0,0.0,47.28,23.21,2.69,0.0
20220716:1010,636.01,182.0,0.0,55.53,24.42,3.03,0.0
20220716:1110,664.01,205.0,0.0,61.25,25.45,2.9,0.0
20220716:1210,675.01,207.0,0.0,62.61,26.43,2.97,0.0
20220716:1310,670.01,187.0,0.0,59.01,27.17,3.1,0.0
20220716:1410,610.0,169.0,0.0,51.88,27.72,3.17,0.0
20220716:1510,502.0,156.0,0.0,42.95,28.0,3.17,0.0
20220716:1610,379.0,133.0,0.0,33.24,28.0,3.24,0.0
20220716:1710,234.0,111.0,0.0,23.34,27.67,3.45,0.0
20220716:1810,105.0,76.0,0.0,13.65,27.0,3.66,0.0
20220716:1910,12.0,23.87,0.0,4.49,25.6,3.24,0.0
20220716:2010,0.0,0.0,0.0,0.0,23.9,3.59,0.0
20220716:2110,0.0,0.0,0.0,0.0,22.62,3.93,0.0
20220716:2210,0.0,0.0,0.0,0.0,21.56,3.86,0.0
20220716:2310,0.0,0.0,0.0,0.0,20.61,3.52,0.0
20220717:0010,0.0,0.0,0.0,0.0,19.72,3.24,0.0
20220717:0110,0.0,0.0,0.0,0.0,18.87,3.24,0.0
20220717:0210,0.0,0.0,0.0,0.0,18.18,3.31,0.0
20220717:0310,0.0,0.0,0.0,0.0,17.58,2.97,0.0
20220717:0410,0.0,0.0,0.0,0.0,16.94,2.55,0.0
20220717:0510,32.0,56.0,0.0,8.55,16.67,2.41,0.0
20220717:0610,139.0,103.0,0.0,18.01,17.89,2.69,0.0
20220717:0710,232.0,157.0,0.0,27.84,19.91,3.17,0.0
20220717:0810,257.0,240.0,0.0,37.7,21.92,3.24,0.0
20220717:0910,234.0,328.0,0.0,47.14,24.09,3.1,0.0
20220717:1010,616.01,190.0,0.0,55.38,25.86,2.97,0.0
20220717:1110,487.0,304.0,0.0,61.09,27.3,2.9,0.0
20220717:1210,681.01,198.0,0.0,62.45,28.62,3.03,0.0
20220717:1310,624.01,210.0,0.0,58.86,29.62,3.24,0.0
20220717:1410,614.0,162.0,0.0,51.76,30.41,3.31,0.0
20220717:1510,505.0,150.0,0.0,42.84,30.87,3.31,0.0
20220717:1610,352.0,145.0,0.0,33.14,31.03,3.17,0.0
20220717:1710,209.0,122.0,0.0,23.24,30.86,2.9,0.0
20220717:1810,79.0,85.0,0.0,13.54,30.27,2.34,0.0
20220717:1910,7.0,24.2,0.0,4.37,28.77,2.0,0.0
20220717:2010,0.0,0.0,0.0,0.0,26.7,2.34,0.0
20220717:2110,0.0,0.0,0.0,0.0,24.95,2.55,0.0
20220717:2210,0.0,0.0,0.0,0.0,23.75,2.41,0.0
20220717:2310,0.0,0.0,0.0,0.0,22.85,2.69,0.0
20220718:0010,0.0,0.0,0.0,0.0,22.09,2.76,0.0
20220718:0110,0.0,0.0,0.0,0.0,21.43,2.62,0.0
20220718:0210,0.0,0.0,0.0,0.0,20.72,2.48,0.0
20220718:0310,0.0,0.0,0.0,0.0,19.99,2.34,0.0
20220718:0410,0.0,0.0,0.0,0.0,19.23,2.34,0.0
20220718:0510,18.0,56.0,0.0,8.41,18.93,2.21,0.0
20220718:0610,106.0,116.0,0.0,17.87,20.69,1.93,0.0
20220718:0710,223.0,159.0,0.0,27.71,23.83,2.07,0.0
20220718:0810,377.0,173.0,0.0,37.57,26.41,2.48,0.0
20220718:0910,531.0,170.0,0.0,46.99,28.87,2.69,0.0
20220718:1010,633.01,175.0,0.0,55.22,30.97,2.83,0.0
20220718:1110,675.01,189.0,0.0,60.92,32.64,2.62,0.0
20220718:1210,687.01,190.0,0.0,62.28,33.89,2.28,0.0
20220718:1310,655.01,187.0,0.0,58.72,34.81,2.21,0.0
20220718:1410,607.0,163.0,0.0,51.64,35.48,2.21,0.0
20220718:1510,498.0,151.0,0.0,42.73,35.83,2.28,0.0
20220718:1610,346.0,146.0,0.0,33.03,35.88,2.34,0.0
20220718:1710,204.0,122.0,0.0,23.13,35.54,2.48,0.0
20220718:1810,75.0,85.0,0.0,13.43,34.49,2.07,0.0
20220718:1910,6.0,23.47,0.0,4.25,32.5,2.62,0.0
20220718:2010,0.0,0.0,0.0,0.0,30.16,2.97,0.0
20220718:2110,0.0,0.0,0.0,0.0,28.62,3.03,0.0
20220718:2210,0.0,0.0,0.0,0.0,27.52,3.1,0.0
20220718:2310,0.0,0.0,0.0,0.0,26.55,3.17,0.0
20220719:0010,0.0,0.0,0.0,0.0,25.65,3.24,0.0
20220719:0110,0.0,0.0,0.0,0.0,24.89,3.24,0.0
20220719:0210,0.0,0.0,0.0,0.0,24.15,3.17,0.0
20220719:0310,0.0,0.0,0.0,0.0,23.47,3.1,0.0
20220719:0410,0.0,0.0,0.0,0.0,22.87,3.1,0.0
20220719:0510,25.0,54.0,0.0,8.26,22.7,3.03,0.0
20220719:0610,127.0,104.0,0.0,17.73,24.0,2.83,0.0
20220719:0710,257.0,139.0,0.0,27.57,27.07,3.1,0.0
20220719:0810,401.0,156.0,0.0,37.43,29.65,3.45,0.0
20220719:0910,536.0,164.0,0.0,46.85,32.06,3.66,0.0
20220719:1010,640.01,167.0,0.0,55.06,34.14,3.93,0.0
20220719:1110,683.01,181.0,0.0,60.74,35.73,4.48,0.0
20220719:1210,668.01,199.0,0.0,62.11,36.72,4.76,0.0
20220719:1310,650.01,187.0,0.0,58.56,37.23,4.55,0.0
20220719:1410,602.0,163.0,0.0,51.5,37.54,4.41,0.0
20220719:1510,475.0,162.0,0.0,42.61,37.6,4.48,0.0
20220719:1610,329.0,153.0,0.0,32.92,37.32,4.62,0.0
20220719:1710,165.0,140.0,0.0,23.02,36.61,4.62,0.0
20220719:1810,61.0,89.0,0.0,13.31,35.37,4.21,0.0
20220719:1910,5.0,21.79,0.0,4.13,31.02,4.07,0.0
20220719:2010,0.0,0.0,0.0,0.0,29.26,3.93,0.0
20220719:2110,0.0,0.0,0.0,0.0,27.79,3.86,0.0
20220719:2210,0.0,0.0,0.0,0.0,26.54,3.45,0.0
20220719:2310,0.0,0.0,0.0,0.0,25.65,2.83,0.0
20220720:0010,0.0,0.0,0.0,0.0,25.08,3.03,0.0
20220720:0110,0.0,0.0,0.0,0.0,24.05,3.03,0.0
20220720:0210,0.0,0.0,0.0,0.0,23.4,3.24,0.0
20220720:0310,0.0,0.0,0.0,0.0,22.84,2.83,0.0
20220720:0410,0.0,0.0,0.0,0.0,22.23,1.86,0.0
20220720:0510,0.0,17.0,0.0,8.11,21.6,1.86,0.0
20220720:0610,0.0,25.0,0.0,17.59,20.96,2.41,0.0
20220720:0710,0.0,36.0,0.0,27.43,21.41,2.07,0.0
20220720:0810,0.0,103.0,0.0,37.28,23.14,3.45,0.0
20220720:0910,0.0,101.0,0.0,46.7,24.52,4.14,0.0
20220720:1010,0.0,108.0,0.0,54.9,25.6,4.14,0.0
20220720:1110,0.0,90.0,0.0,60.56,24.94,5.03,0.0
20220720:1210,0.0,156.0,0.0,61.92,25.26,4.41,0.0
20220720:1310,314.0,363.0,0.0,58.4,25.55,5.03,0.0
20220720:1410,86.0,374.0,0.0,51.37,23.61,4.28,0.0
20220720:1510,0.0,89.0,0.0,42.48,25.09,3.72,0.0
20220720:1610,0.0,64.0,0.0,32.8,25.43,4.0,0.0
20220720:1710,130.0,152.0,0.0,22.9,22.77,3.86,0.0
20220720:1810,3.0,74.0,0.0,13.19,21.53,2.07,0.0
20220720:1910,1.0,18.79,0.0,3.99,23.56,2.28,0.0
20220720:2010,0.0,0.0,0.0,0.0,22.41,2.21,0.0
20220720:2110,0.0,0.0,0.0,0.0,21.49,2.0,0.0
20220720:2210,0.0,0.0,0.0,0.0,20.86,2.0,0.0
20220720:2310,0.0,0.0,0.0,0.0,20.11,2.0,0.0
20220721:0010,0.0,0.0,0.0,0.0,19.78,1.93,0.0
20220721:0110,0.0,0.0,0.0,0.0,19.16,2.14,0.0
20220721:0210,0.0,0.0,0.0,0.0,18.64,2.48,0.0
20220721:0310,0.0,0.0,0.0,0.0,18.33,2.62,0.0
20220721:0410,0.0,0.0,0.0,0.0,18.32,2.69,0.0
20220721:0510,1.0,36.0,0.0,7.96,18.52,2.76,0.0
20220721:0610,4.0,102.0,0.0,17.44,19.19,2.9,0.0
20220721:0710,13.0,183.0,0.0,27.28,18.92,2.83,0.0
20220721:0810,54.0,279.0,0.0,37.14,20.22,2.62,0.0
20220721:0910,317.0,283.0,0.0,46.54,21.52,2.48,0.0
20220721:1010,340.0,332.0,0.0,54.73,23.12,2.62,0.0
20220721:1110,53.0,409.0,0.0,60.37,24.53,2.83,0.0
20220721:1210,66.0,421.0,0.0,61.74,25.74,2.69,0.0
20220721:1310,200.0,406.0,0.0,58.23,26.46,2.41,0.0
20220721:1410,148.0,375.0,0.0,51.22,26.67,2.0,0.0
20220721:1510,71.0,319.0,0.0,42.35,26.88,1.52,0.0
20220721:1610,58.0,249.0,0.0,32.67,26.89,1.24,0.0
20220721:1710,157.0,141.0,0.0,22.78,26.57,1.52,0.0
20220721:1810,75.0,81.0,0.0,13.06,26.0,2.07,0.0
20220721:1910,4.0,21.01,0.0,3.86,24.97,2.62,0.0
20220721:2010,0.0,0.0,0.0,0.0,23.53,3.03,0.0
20220721:2110,0.0,0.0,0.0,0.0,22.45,3.24,0.0
20220721:2210,0.0,0.0,0.0,0.0,21.38,3.24,0.0
20220721:2310,0.0,0.0,0.0,0.0,20.57,3.1,0.0
20220722:0010,0.0,0.0,0.0,0.0,19.88,2.9,0.0
20220722:0110,0.0,0.0,0.0,0.0,19.22,2.97,0.0
20220722:0210,0.0,0.0,0.0,0.0,18.55,2.97,0.0
20220722:0310,0.0,0.0,0.0,0.0,17.96,2.83,0.0
20220722:0410,0.0,0.0,0.0,0.0,17.49,2.62,0.0
20220722:0510,19.0,51.0,0.0,7.81,17.25,2.41,0.0
20220722:0610,85.0,116.0,0.0,17.29,18.24,2.48,0.0
20220722:0710,27.0,197.0,0.0,27.14,19.93,3.03,0.0
20220722:0810,10.0,235.0,0.0,36.99,21.42,2.62,0.0
20220722:0910,66.0,342.0,0.0,46.38,22.42,2.0,0.0
20220722:1010,0.0,160.0,0.0,54.56,23.76,1.93,0.0
20220722:1110,0.0,197.0,0.0,60.18,24.49,1.45,0.0
20220722:1210,0.0,170.0,0.0,61.54,23.88,1.86,0.0
20220722:1310,0.0,206.0,0.0,58.06,23.46,1.17,0.0
20220722:1410,0.0,170.0,0.0,51.07,22.71,1.38,0.0
20220722:1510,0.0,195.0,0.0,42.22,22.45,1.79,0.0
20220722:1610,4.0,190.0,0.0,32.54,21.99,2.14,0.0
20220722:1710,81.0,166.0,0.0,22.65,21.28,1.93,0.0
20220722:1810,2.0,67.0,0.0,12.92,21.03,1.52,0.0
20220722:1910,0.0,3.0,0.0,3.71,20.7,1.52,0.0
20220722:2010,0.0,0.0,0.0,0.0,20.1,1.45,0.0
20220722:2110,0.0,0.0,0.0,0.0,19.5,1.31,0.0
20220722:2210,0.0,0.0,0.0,0.0,18.98,0.48,0.0
20220722:2310,0.0,0.0,0.0,0.0,18.67,0.62,0.0
20220723:0010,0.0,0.0,0.0,0.0,18.7,1.24,0.0
20220723:0110,0.0,0.0,0.0,0.0,18.5,1.86,0.0
20220723:0210,0.0,0.0,0.0,0.0,18.21,2.28,0.0
20220723:0310,0.0,0.0,0.0,0.0,17.86,2.55,0.0
20220723:0410,0.0,0.0,0.0,0.0,17.36,2.55,0.0
20220723:0510,0.0,10.0,0.0,7.65,17.15,2.34,0.0
20220723:0610,4.0,98.0,0.0,17.14,17.6,3.1,0.0
20220723:0710,6.0,166.0,0.0,26.99,18.9,2.69,0.0
20220723:0810,51.0,275.0,0.0,36.84,20.25,2.55,0.0
20220723:0910,124.0,346.0,0.0,46.22,21.79,2.0,0.0
20220723:1010,123.0,396.0,0.0,54.38,23.18,1.59,0.0
20220723:1110,223.0,409.0,0.0,59.99,24.26,2.48,0.0
20220723:1210,314.0,383.0,0.0,61.35,25.18,2.76,0.0
20220723:1310,292.0,373.0,0.0,57.88,25.81,2.69,0.0
20220723:1410,440.0,252.0,0.0,50.91,26.24,2.55,0.0
20220723:1510,406.0,196.0,0.0,42.07,26.42,2.55,0.0
20220723:1610,285.0,171.0,0.0,32.41,26.47,2.28,0.0
20220723:1710,223.0,102.0,0.0,22.51,26.17,2.14,0.0
20220723:1810,106.0,65.0,0.0,12.78,25.62,1.72,0.0
20220723:1910,2.0,16.59,0.0,3.56,24.74,0.41,0.0
20220723:2010,0.0,0.0,0.0,0.0,24.15,0.07,0.0
20220723:2110,0.0,0.0,0.0,0.0,23.12,0.76,0.0
20220723:2210,0.0,0.0,0.0,0.0,21.18,1.03,0.0
20220723:2310,0.0,0.0,0.0,0.0,20.88,0.76,0.0
20220724:0010,0.0,0.0,0.0,0.0,20.01,0.55,0.0
20220724:0110,0.0,0.0,0.0,0.0,19.57,0.21,0.0
20220724:0210,0.0,0.0,0.0,0.0,19.01,0.28,0.0
20220724:0310,0.0,0.0,0.0,0.0,18.5,0.34,0.0
20220724:0410,0.0,0.0,0.0,0.0,17.21,0.97,0.0
20220724:0510,29.0,47.0,0.0,7.49,16.21,1.38,0.0
20220724:0610,147.0,86.0,0.0,16.99,18.91,1.17,0.0
20220724:0710,293.0,110.0,0.0,26.84,21.45,1.86,0.0
20220724:0810,444.0,124.0,0.0,36.68,23.61,2.28,0.0
20220724:0910,591.0,125.0,0.0,46.06,25.39,2.55,0.0
20220724:1010,705.01,124.0,0.0,54.2,26.78,2.76,0.0
20220724:1110,738.01,141.0,0.0,59.79,27.94,2.76,0.0
20220724:1210,751.01,142.0,0.0,61.14,28.92,2.76,0.0
20220724:1310,716.01,140.0,0.0,57.69,29.73,2.76,0.0
20220724:1410,636.01,137.0,0.0,50.75,30.3,2.76,0.0
20220724:1510,527.0,126.0,0.0,41.92,30.65,2.62,0.0
20220724:1610,384.0,116.0,0.0,32.27,30.74,2.55,0.0
20220724:1710,231.0,98.0,0.0,22.37,30.57,2.41,0.0
20220724:1810,94.0,69.0,0.0,12.63,29.95,1.79,0.0
20220724:1910,4.0,18.03,0.0,3.41,28.41,1.93,0.0
20220724:2010,0.0,0.0,0.0,0.0,26.69,2.21,0.0
20220724:2110,0.0,0.0,0.0,0.0,25.22,2.28,0.0
20220724:2210,0.0,0.0,0.0,0.0,24.03,2.28,0.0
20220724:2310,0.0,0.0,0.0,0.0,23.12,2.34,0.0
20220725:0010,0.0,0.0,0.0,0.0,22.53,2.41,0.0
20220725:0110,0.0,0.0,0.0,0.0,21.98,2.21,0.0
20220725:0210,0.0,0.0,0.0,0.0,21.15,2.14,0.0
20220725:0310,0.0,0.0,0.0,0.0,20.83,2.28,0.0
20220725:0410,0.0,0.0,0.0,0.0,20.09,2.83,0.0
20220725:0510,20.0,47.0,0.0,7.33,19.24,3.24,0.0
20220725:0610,135.0,90.0,0.0,16.83,19.17,3.45,0.0
20220725:0710,278.0,116.0,0.0,26.68,20.89,3.24,0.0
20220725:0810,430.0,129.0,0.0,36.53,21.7,3.38,0.0
20220725:0910,299.0,286.0,0.0,45.89,22.96,4.34,0.0
20220725:1010,39.0,369.0,0.0,54.01,24.63,5.38,0.0
20220725:1110,0.0,0.0,0.0,0.0,25.19,5.31,0.0
20220725:1210,109.0,430.0,0.0,60.93,25.83,5.59,0.0
20220725:1310,292.0,371.0,0.0,57.5,26.2,5.93,0.0
20220725:1410,215.0,355.0,0.0,50.58,26.63,6.07,0.0
20220725:1510,322.0,241.0,0.0,41.77,26.48,5.79,0.0
20220725:1610,118.0,240.0,0.0,32.12,26.42,5.52,0.0
20220725:1710,169.0,129.0,0.0,22.22,26.05,5.17,0.0
20220725:1810,46.0,86.0,0.0,12.48,25.26,4.62,0.0
20220725:1910,3.0,17.28,0.0,3.25,23.14,4.48,0.0
20220725:2010,0.0,0.0,0.0,0.0,21.58,4.14,0.0
20220725:2110,0.0,0.0,0.0,0.0,20.53,3.31,0.0
20220725:2210,0.0,0.0,0.0,0.0,19.62,2.9,0.0
20220725:2310,0.0,0.0,0.0,0.0,19.0,2.76,0.0
20220726:0010,0.0,0.0,0.0,0.0,18.37,2.76,0.0
20220726:0110,0.0,0.0,0.0,0.0,17.65,2.69,0.0
20220726:0210,0.0,0.0,0.0,0.0,17.01,2.48,0.0
20220726:0310,0.0,0.0,0.0,0.0,16.41,2.41,0.0
20220726:0410,0.0,0.0,0.0,0.0,15.99,2.34,0.0
20220726:0510,0.0,23.0,0.0,7.16,16.19,2.28,0.0
20220726:0610,4.0,99.0,0.0,16.67,16.81,3.31,0.0
20220726:0710,43.0,202.0,0.0,26.53,17.68,2.9,0.0
20220726:0810,42.0,272.0,0.0,36.37,18.67,3.17,0.0
20220726:0910,34.0,325.0,0.0,45.72,20.16,3.03,0.0
20220726:1010,7.0,308.0,0.0,53.82,21.02,2.83,0.0
20220726:1110,0.0,199.0,0.0,59.37,21.76,2.76,0.0
20220726:1210,0.0,197.0,0.0,60.71,22.23,2.97,0.0
20220726:1310,15.0,352.0,0.0,57.3,22.03,3.17,0.0
20220726:1410,68.0,372.0,0.0,50.4,22.02,3.1,0.0
20220726:1510,40.0,306.0,0.0,41.61,21.97,3.1,0.0
20220726:1610,25.0,231.0,0.0,31.96,22.09,3.38,0.0
20220726:1710,27.0,163.0,0.0,22.07,21.66,3.31,0.0
20220726:1810,25.0,88.0,0.0,12.32,21.26,3.03,0.0
20220726:1910,0.0,13.0,0.0,3.08,20.33,2.55,0.0
20220726:2010,0.0,0.0,0.0,0.0,19.83,2.14,0.0
20220726:2110,0.0,0.0,0.0,0.0,19.26,2.07,0.0
20220726:2210,0.0,0.0,0.0,0.0,18.79,2.28,0.0
20220726:2310,0.0,0.0,0.0,0.0,18.2,2.41,0.0
20220727:0010,0.0,0.0,0.0,0.0,17.68,2.28,0.0
20220727:0110,0.0,0.0,0.0,0.0,17.3,2.41,0.0
20220727:0210,0.0,0.0,0.0,0.0,16.67,2.28,0.0
20220727:0310,0.0,0.0,0.0,0.0,16.38,2.21,0.0
20220727:0410,0.0,0.0,0.0,0.0,15.88,2.28,0.0
20220727:0510,27.0,44.0,0.0,6.99,15.35,2.34,0.0
20220727:0610,137.0,89.0,0.0,16.51,15.85,2.69,0.0
20220727:0710,292.0,109.0,0.0,26.37,17.11,2.48,0.0
20220727:0810,432.0,130.0,0.0,36.21,18.7,2.34,0.0
20220727:0910,474.0,196.0,0.0,45.55,20.28,2.62,0.0
20220727:1010,266.0,364.0,0.0,53.63,21.34,2.41,0.0
20220727:1110,268.0,397.0,0.0,59.16,22.19,2.34,0.0
20220727:1210,344.0,374.0,0.0,60.49,23.06,2.41,0.0
20220727:1310,114.0,417.0,0.0,57.09,23.32,2.14,0.0
20220727:1410,25.0,337.0,0.0,50.22,23.63,2.14,0.0
20220727:1510,262.0,273.0,0.0,41.44,23.48,2.21,0.0
20220727:1610,214.0,207.0,0.0,31.8,23.6,2.48,0.0
20220727:1710,158.0,135.0,0.0,21.91,23.56,2.55,0.0
20220727:1810,21.0,86.0,0.0,12.16,23.26,2.34,0.0
20220727:1910,0.0,12.0,0.0,2.91,21.79,2.55,0.0
20220727:2010,0.0,0.0,0.0,0.0,20.5,2.83,0.0
20220727:2110,0.0,0.0,0.0,0.0,19.46,3.52,0.0
20220727:2210,0.0,0.0,0.0,0.0,18.58,3.66,0.0
20220727:2310,0.0,0.0,0.0,0.0,18.06,3.38,0.0
20220728:0010,0.0,0.0,0.0,0.0,17.58,3.17,0.0
20220728:0110,0.0,0.0,0.0,0.0,16.74,2.62,0.0
20220728:0210,0.0,0.0,0.0,0.0,16.15,2.34,0.0
20220728:0310,0.0,0.0,0.0,0.0,15.59,2.14,0.0
20220728:0410,0.0,0.0,0.0,0.0,15.22,2.07,0.0
20220728:0510,1.0,30.0,0.0,6.82,15.02,2.07,0.0
20220728:0610,15.0,113.0,0.0,16.35,15.96,1.93,0.0
20220728:0710,7.0,167.0,0.0,26.21,17.43,1.38,0.0
20220728:0810,201.0,250.0,0.0,36.04,19.3,1.59,0.0
20220728:0910,384.0,244.0,0.0,45.37,21.55,1.72,0.0
20220728:1010,173.0,389.0,0.0,53.44,23.08,2.07,0.0
20220728:1110,675.01,179.0,0.0,58.94,24.1,2.21,0.0
20220728:1210,603.01,232.0,0.0,60.27,24.79,2.14,0.0
20220728:1310,219.0,398.0,0.0,56.88,25.25,2.21,0.0
20220728:1410,0.0,181.0,0.0,50.03,25.48,2.21,0.0
20220728:1510,79.0,317.0,0.0,41.27,25.45,2.28,0.0
20220728:1610,43.0,240.0,0.0,31.64,25.61,2.34,0.0
20220728:1710,21.0,157.0,0.0,21.74,25.17,2.55,0.0
20220728:1810,44.0,84.0,0.0,11.99,24.51,2.55,0.0
20220728:1910,2.0,12.59,0.0,2.73,23.3,3.1,0.0
20220728:2010,0.0,0.0,0.0,0.0,22.15,2.69,0.0
20220728:2110,0.0,0.0,0.0,0.0,20.88,2.28,0.0
20220728:2210,0.0,0.0,0.0,0.0,19.74,2.07,0.0
20220728:2310,0.0,0.0,0.0,0.0,18.71,1.79,0.0
20220729:0010,0.0,0.0,0.0,0.0,17.32,1.31,0.0
20220729:0110,0.0,0.0,0.0,0.0,16.21,1.45,0.0
20220729:0210,0.0,0.0,0.0,0.0,15.07,1.66,0.0
20220729:0310,0.0,0.0,0.0,0.0,15.21,1.31,0.0
20220729:0410,0.0,0.0,0.0,0.0,16.6,0.76,0.0
20220729:0510,14.0,42.0,0.0,6.65,16.37,0.48,0.0
20220729:0610,20.0,115.0,0.0,16.18,16.4,0.41,0.0
20220729:0710,226.0,140.0,0.0,26.04,19.24,0.07,0.0
20220729:0810,302.0,199.0,0.0,35.87,19.95,1.17,0.0
20220729:0910,297.0,284.0,0.0,45.19,22.06,0.97,0.0
20220729:1010,645.01,152.0,0.0,53.24,23.81,0.9,0.0
20220729:1110,667.01,178.0,0.0,58.72,24.86,1.1,0.0
20220729:1210,268.0,398.0,0.0,60.03,25.67,1.24,0.0
20220729:1310,186.0,403.0,0.0,56.67,26.02,1.45,0.0
20220729:1410,111.0,372.0,0.0,49.83,26.5,1.86,0.0
20220729:1510,47.0,304.0,0.0,41.09,26.76,2.14,0.0
20220729:1610,65.0,243.0,0.0,31.47,26.83,2.28,0.0
20220729:1710,62.0,162.0,0.0,21.57,26.69,2.34,0.0
20220729:1810,39.0,82.0,0.0,11.82,26.11,1.93,0.0
20220729:1910,0.0,3.0,0.0,2.54,25.73,0.62,0.0
20220729:2010,0.0,0.0,0.0,0.0,23.27,1.72,0.0
20220729:2110,0.0,0.0,0.0,0.0,21.97,2.69,0.0
20220729:2210,0.0,0.0,0.0,0.0,21.13,2.9,0.0
20220729:2310,0.0,0.0,0.0,0.0,20.34,2.41,0.0
20220730:0010,0.0,0.0,0.0,0.0,19.69,1.93,0.0
20220730:0110,0.0,0.0,0.0,0.0,19.04,1.72,0.0
20220730:0210,0.0,0.0,0.0,0.0,18.2,1.79,0.0
20220730:0310,0.0,0.0,0.0,0.0,17.43,1.86,0.0
20220730:0410,0.0,0.0,0.0,0.0,16.82,1.86,0.0
20220730:0510,18.0,40.0,0.0,6.47,16.41,1.59,0.0
20220730:0610,123.0,87.0,0.0,16.01,18.4,1.1,0.0
20220730:0710,250.0,122.0,0.0,25.88,20.63,0.34,0.0
20220730:0810,233.0,228.0,0.0,35.71,22.89,0.55,0.0
20220730:0910,304.0,276.0,0.0,45.01,24.7,1.1,0.0
20220730:1010,200.0,374.0,0.0,53.03,25.79,1.45,0.0
20220730:1110,668.01,171.0,0.0,58.49,26.93,1.24,0.0
20220730:1210,519.01,270.0,0.0,59.8,27.96,1.79,0.0
20220730:1310,611.01,192.0,0.0,56.44,28.74,2.14,0.0
20220730:1410,330.0,300.0,0.0,49.63,28.93,2.41,0.0
20220730:1510,88.0,311.0,0.0,40.91,29.5,2.76,0.0
20220730:1610,83.0,239.0,0.0,31.29,29.42,2.97,0.0
20220730:1710,61.0,160.0,0.0,21.4,29.04,3.31,0.0
20220730:1810,65.0,72.0,0.0,11.64,28.15,3.17,0.0
20220730:1910,0.0,9.0,0.0,2.35,27.14,3.24,0.0
20220730:2010,0.0,0.0,0.0,0.0,25.41,3.17,0.0
20220730:2110,0.0,0.0,0.0,0.0,23.55,3.38,0.0
20220730:2210,0.0,0.0,0.0,0.0,22.03,3.52,0.0
20220730:2310,0.0,0.0,0.0,0.0,20.72,2.9,0.0
20220731:0010,0.0,0.0,0.0,0.0,20.14,2.41,0.0
20220731:0110,0.0,0.0,0.0,0.0,19.57,2.14,0.0
20220731:0210,0.0,0.0,0.0,0.0,18.91,2.14,0.0
20220731:0310,0.0,0.0,0.0,0.0,18.5,2.21,0.0
20220731:0410,0.0,0.0,0.0,0.0,18.05,2.0,0.0
20220731:0510,21.0,39.0,0.0,6.29,17.83,1.72,0.0
20220731:0610,128.0,84.0,0.0,15.84,18.42,2.28,0.0
20220731:0710,269.0,111.0,0.0,25.71,19.35,2.76,0.0
20220731:0810,411.0,131.0,0.0,35.53,20.65,2.76,0.0
20220731:0910,538.0,144.0,0.0,44.83,22.1,2.9,0.0
20220731:1010,645.01,147.0,0.0,52.83,23.78,2.9,0.0
20220731:1110,695.01,155.0,0.0,58.26,25.42,3.1,0.0
20220731:1210,683.01,172.0,0.0,59.55,26.82,3.38,0.0
20220731:1310,683.01,150.0,0.0,56.21,27.76,3.59,0.0
20220731:1410,587.01,154.0,0.0,49.43,28.44,3.59,0.0
20220731:1510,476.0,143.0,0.0,40.72,28.98,3.59,0.0
20220731:1610,273.0,166.0,0.0,31.11,29.21,3.59,0.0
20220731:1710,199.0,104.0,0.0,21.22,28.71,3.59,0.0
20220731:1810,79.0,64.0,0.0,11.45,27.88,3.59,0.0
20220731:1910,0.0,8.0,0.0,2.16,27.2,2.07,0.0
20220731:2010,0.0,0.0,0.0,0.0,25.44,2.97,0.0
20220731:2110,0.0,0.0,0.0,0.0,23.72,3.38,0.0
20220731:2210,0.0,0.0,0.0,0.0,22.53,2.97,0.0
20220731:2310,0.0,0.0,0.0,0.0,21.43,2.34,0.0
20220801:0010,0.0,0.0,0.0,0.0,20.85,1.93,0.0
20220801:0110,0.0,0.0,0.0,0.0,20.09,1.66,0.0
20220801:0210,0.0,0.0,0.0,0.0,19.3,1.45,0.0
20220801:0310,0.0,0.0,0.0,0.0,18.41,1.31,0.0
20220801:0410,0.0,0.0,0.0,0.0,17.7,1.59,0.0
20220801:0510,0.0,25.0,0.0,6.11,17.55,1.52,0.0
20220801:0610,11.0,104.0,0.0,15.67,18.89,1.86,0.0
20220801:0710,16.0,175.0,0.0,25.54,19.84,1.86,0.0
20220801:0810,72.0,269.0,0.0,35.36,20.84,2.07,0.0
20220801:0910,22.0,301.0,0.0,44.64,22.02,2.69,0.0
20220801:1010,318.0,326.0,0.0,52.62,22.68,3.03,0.0
20220801:1110,331.0,356.0,0.0,58.02,23.38,3.31,0.0
20220801:1210,55.0,404.0,0.0,59.31,24.1,3.38,0.0
20220801:1310,314.0,351.0,0.0,55.98,24.82,3.38,0.0
20220801:1410,7.0,284.0,0.0,49.21,25.31,3.24,0.0
20220801:1510,62.0,304.0,0.0,40.52,25.63,2.9,0.0
20220801:1610,232.0,184.0,0.0,30.92,26.04,2.9,0.0
20220801:1710,17.0,146.0,0.0,21.03,25.72,2.69,0.0
20220801:1810,24.0,78.0,0.0,11.26,25.48,2.48,0.0
20220801:1910,0.0,7.0,0.0,1.96,24.86,1.72,0.0
20220801:2010,0.0,0.0,0.0,0.0,23.69,1.86,0.0
20220801:2110,0.0,0.0,0.0,0.0,22.55,1.72,0.0
20220801:2210,0.0,0.0,0.0,0.0,21.41,1.45,0.0
20220801:2310,0.0,0.0,0.0,0.0,20.53,1.24,0.0
20220802:0010,0.0,0.0,0.0,0.0,19.95,1.45,0.0
20220802:0110,0.0,0.0,0.0,0.0,19.18,1.93,0.0
20220802:0210,0.0,0.0,0.0,0.0,18.63,2.34,0.0
20220802:0310,0.0,0.0,0.0,0.0,18.39,2.14,0.0
20220802:0410,0.0,0.0,0.0,0.0,17.98,1.45,0.0
20220802:0510,19.0,36.0,0.0,5.93,17.45,1.31,0.0
20220802:0610,128.0,79.0,0.0,15.5,18.57,1.31,0.0
20220802:0710,259.0,111.0,0.0,25.37,19.99,1.24,0.0
20220802:0810,378.0,143.0,0.0,35.18,22.26,1.03,0.0
20220802:0910,526.0,143.0,0.0,44.45,24.05,0.62,0.0
20220802:1010,640.01,143.0,0.0,52.4,25.84,0.41,0.0
20220802:1110,700.01,145.0,0.0,57.78,27.35,0.9,0.0
20220802:1210,521.01,262.0,0.0,59.05,28.44,1.24,0.0
20220802:1310,410.0,301.0,0.0,55.74,29.38,1.79,0.0
20220802:1410,379.0,268.0,0.0,49.0,29.82,1.93,0.0
20220802:1510,176.0,289.0,0.0,40.32,30.05,2.0,0.0
20220802:1610,163.0,212.0,0.0,30.73,30.1,2.0,0.0
20220802:1710,131.0,132.0,0.0,20.84,29.88,1.79,0.0
20220802:1810,58.0,69.0,0.0,11.06,29.38,1.59,0.0
20220802:1910,0.0,6.0,0.0,1.75,28.17,1.59,0.0
20220802:2010,0.0,0.0,0.0,0.0,26.39,2.07,0.0
20220802:2110,0.0,0.0,0.0,0.0,24.98,2.14,0.0
20220802:2210,0.0,0.0,0.0,0.0,23.86,2.07,0.0
20220802:2310,0.0,0.0,0.0,0.0,22.77,1.93,0.0
20220803:0010,0.0,0.0,0.0,0.0,21.53,1.72,0.0
20220803:0110,0.0,0.0,0.0,0.0,20.49,1.45,0.0
20220803:0210,0.0,0.0,0.0,0.0,19.58,1.52,0.0
20220803:0310,0.0,0.0,0.0,0.0,18.78,1.66,0.0
20220803:0410,0.0,0.0,0.0,0.0,18.25,1.66,0.0
20220803:0510,18.0,35.0,0.0,5.75,17.96,1.52,0.0
20220803:0610,127.0,79.0,0.0,15.32,19.75,0.97,0.0
20220803:0710,267.0,108.0,0.0,25.2,23.29,1.52,0.0
20220803:0810,411.0,127.0,0.0,35.0,25.97,1.45,0.0
20220803:0910,541.0,138.0,0.0,44.26,28.54,1.45,0.0
20220803:1010,640.01,146.0,0.0,52.19,30.39,1.72,0.0
20220803:1110,691.01,153.0,0.0,57.53,31.49,1.38,0.0
20220803:1210,704.01,154.0,0.0,58.79,32.39,1.03,0.0
20220803:1310,679.01,147.0,0.0,55.49,33.07,0.9,0.0
20220803:1410,600.01,143.0,0.0,48.77,33.54,0.69,0.0
20220803:1510,492.0,130.0,0.0,40.11,33.8,0.55,0.0
20220803:1610,347.0,119.0,0.0,30.53,33.81,0.55,0.0
20220803:1710,206.0,95.0,0.0,20.64,33.57,0.55,0.0
20220803:1810,70.0,63.0,0.0,10.86,33.1,0.34,0.0
20220803:1910,0.0,6.0,0.0,1.54,31.8,1.03,0.0
20220803:2010,0.0,0.0,0.0,0.0,29.2,1.79,0.0
20220803:2110,0.0,0.0,0.0,0.0,27.27,2.07,0.0
20220803:2210,0.0,0.0,0.0,0.0,25.91,1.66,0.0
20220803:2310,0.0,0.0,0.0,0.0,26.22,0.55,0.0
20220804:0010,0.0,0.0,0.0,0.0,24.17,1.03,0.0
20220804:0110,0.0,0.0,0.0,0.0,22.45,2.21,0.0
20220804:0210,0.0,0.0,0.0,0.0,21.75,2.69,0.0
20220804:0310,0.0,0.0,0.0,0.0,21.11,2.83,0.0
20220804:0410,0.0,0.0,0.0,0.0,20.52,2.69,0.0
20220804:0510,0.0,16.0,0.0,5.56,20.18,2.41,0.0
20220804:0610,46.0,107.0,0.0,15.14,20.75,2.34,0.0
20220804:0710,34.0,184.0,0.0,25.02,20.49,2.9,0.0
20220804:0810,0.0,70.0,0.0,34.82,20.66,3.03,0.0
20220804:0910,0.0,91.0,0.0,44.06,22.24,3.86,0.0
20220804:1010,435.0,260.0,0.0,51.96,24.31,3.93,0.0
20220804:1110,496.01,264.0,0.0,57.28,26.13,3.17,0.0
20220804:1210,697.01,151.0,0.0,58.53,27.91,2.55,0.0
20220804:1310,654.01,153.0,0.0,55.24,29.16,2.34,0.0
20220804:1410,577.01,148.0,0.0,48.54,29.89,2.48,0.0
20220804:1510,0.0,164.0,0.0,39.9,30.17,2.83,0.0
20220804:1610,5.0,181.0,0.0,30.33,30.16,2.9,0.0
20220804:1710,0.0,83.0,0.0,20.44,28.99,2.41,0.0
20220804:1810,65.0,62.0,0.0,10.65,28.04,2.55,0.0
20220804:1910,0.0,3.0,0.0,1.32,22.85,3.86,0.0
20220804:2010,0.0,0.0,0.0,0.0,21.06,3.38,0.0
20220804:2110,0.0,0.0,0.0,0.0,20.09,2.48,0.0
20220804:2210,0.0,0.0,0.0,0.0,19.43,2.41,0.0
20220804:2310,0.0,0.0,0.0,0.0,19.09,2.69,0.0
20220805:0010,0.0,0.0,0.0,0.0,18.78,2.97,0.0
20220805:0110,0.0,0.0,0.0,0.0,18.24,2.69,0.0
20220805:0210,0.0,0.0,0.0,0.0,17.74,2.41,0.0
20220805:0310,0.0,0.0,0.0,0.0,17.27,2.55,0.0
20220805:0410,0.0,0.0,0.0,0.0,17.14,2.69,0.0
20220805:0510,3.0,29.28,0.0,5.37,16.84,2.62,0.0
20220805:0610,6.0,92.0,0.0,14.96,17.11,2.83,0.0
20220805:0710,265.0,106.0,0.0,24.84,19.31,3.1,0.0
20220805:0810,420.0,120.0,0.0,34.64,20.46,2.34,0.0
20220805:0910,493.0,165.0,0.0,43.86,21.88,2.48,0.0
20220805:1010,639.01,145.0,0.0,51.74,22.92,2.97,0.0
20220805:1110,652.01,177.0,0.0,57.03,23.6,3.79,0.0
20220805:1210,506.01,273.0,0.0,58.26,24.01,4.69,0.0
20220805:1310,371.0,323.0,0.0,54.99,23.71,5.24,0.0
20220805:1410,264.0,324.0,0.0,48.31,23.88,5.38,0.0
20220805:1510,104.0,304.0,0.0,39.68,23.75,5.03,0.0
20220805:1610,358.0,111.0,0.0,30.12,23.49,4.76,0.0
20220805:1710,170.0,110.0,0.0,20.23,22.96,4.76,0.0
20220805:1810,8.0,67.0,0.0,10.44,22.09,4.69,0.0
20220805:1910,0.0,0.0,0.0,0.0,21.9,4.48,0.0
20220805:2010,0.0,0.0,0.0,0.0,21.13,5.31,0.0
20220805:2110,0.0,0.0,0.0,0.0,19.92,5.86,0.0
20220805:2210,0.0,0.0,0.0,0.0,18.52,5.24,0.0
20220805:2310,0.0,0.0,0.0,0.0,17.56,4.0,0.0
20220806:0010,0.0,0.0,0.0,0.0,16.71,3.38,0.0
20220806:0110,0.0,0.0,0.0,0.0,15.92,3.31,0.0
20220806:0210,0.0,0.0,0.0,0.0,15.18,3.38,0.0
20220806:0310,0.0,0.0,0.0,0.0,14.46,3.45,0.0
20220806:0410,0.0,0.0,0.0,0.0,13.87,3.31,0.0
20220806:0510,20.0,25.83,0.0,5.18,13.4,3.24,0.0
20220806:0610,138.0,73.0,0.0,14.78,14.07,3.24,0.0
20220806:0710,279.0,104.0,0.0,24.66,16.12,4.21,0.0
20220806:0810,426.0,125.0,0.0,34.45,17.97,4.48,0.0
20220806:0910,574.01,130.0,0.0,43.66,19.76,4.83,0.0
20220806:1010,679.01,137.0,0.0,51.51,21.25,5.03,0.0
20220806:1110,696.01,166.0,0.0,56.77,22.4,5.03,0.0
20220806:1210,709.01,167.0,0.0,57.99,23.24,4.97,0.0
20220806:1310,699.01,149.0,0.0,54.73,23.88,4.97,0.0
20220806:1410,619.01,143.0,0.0,48.07,24.27,5.1,0.0
20220806:1510,501.0,133.0,0.0,39.46,24.34,5.31,0.0
20220806:1610,359.0,117.0,0.0,29.9,24.07,5.38,0.0
20220806:1710,217.0,90.0,0.0,20.02,23.51,5.24,0.0
20220806:1810,76.0,57.0,0.0,10.22,22.67,4.62,0.0
20220806:1910,0.0,0.0,0.0,0.0,21.21,4.14,0.0
20220806:2010,0.0,0.0,0.0,0.0,19.88,4.0,0.0
20220806:2110,0.0,0.0,0.0,0.0,18.93,4.21,0.0
20220806:2210,0.0,0.0,0.0,0.0,18.17,4.21,0.0
20220806:2310,0.0,0.0,0.0,0.0,17.48,4.07,0.0
20220807:0010,0.0,0.0,0.0,0.0,16.83,3.93,0.0
20220807:0110,0.0,0.0,0.0,0.0,16.25,3.86,0.0
20220807:0210,0.0,0.0,0.0,0.0,15.69,3.86,0.0
20220807:0310,0.0,0.0,0.0,0.0,15.23,3.79,0.0
20220807:0410,0.0,0.0,0.0,0.0,14.81,3.72,0.0
20220807:0510,9.0,27.66,0.0,4.99,14.5,3.66,0.0
20220807:0610,125.0,75.0,0.0,14.6,15.24,3.31,0.0
20220807:0710,266.0,106.0,0.0,24.48,17.01,4.14,0.0
20220807:0810,417.0,123.0,0.0,34.27,19.0,4.41,0.0
20220807:0910,557.0,131.0,0.0,43.46,21.03,4.69,0.0
20220807:1010,651.01,143.0,0.0,51.28,22.65,4.97,0.0
20220807:1110,712.01,146.0,0.0,56.51,23.88,4.69,0.0
20220807:1210,703.01,160.0,0.0,57.71,24.87,4.55,0.0
20220807:1310,680.01,150.0,0.0,54.46,25.57,4.55,0.0
20220807:1410,590.01,150.0,0.0,47.82,26.04,4.69,0.0
20220807:1510,491.0,131.0,0.0,39.23,26.18,4.83,0.0
20220807:1610,355.0,113.0,0.0,29.68,26.01,4.97,0.0
20220807:1710,208.0,89.0,0.0,19.8,25.47,4.97,0.0
20220807:1810,68.0,57.0,0.0,10.0,24.6,4.41,0.0
20220807:1910,0.0,0.0,0.0,0.0,23.24,4.14,0.0
20220807:2010,0.0,0.0,0.0,0.0,21.81,4.21,0.0
20220807:2110,0.0,0.0,0.0,0.0,20.78,4.21,0.0
20220807:2210,0.0,0.0,0.0,0.0,19.88,4.07,0.0
20220807:2310,0.0,0.0,0.0,0.0,18.99,4.07,0.0
20220808:0010,0.0,0.0,0.0,0.0,18.17,3.93,0.0
20220808:0110,0.0,0.0,0.0,0.0,17.42,3.66,0.0
20220808:0210,0.0,0.0,0.0,0.0,16.74,3.38,0.0
20220808:0310,0.0,0.0,0.0,0.0,16.12,3.31,0.0
20220808:0410,0.0,0.0,0.0,0.0,15.59,3.38,0.0
20220808:0510,14.0,25.35,0.0,4.8,15.2,3.45,0.0
20220808:0610,123.0,75.0,0.0,14.41,15.94,3.24,0.0
20220808:0710,260.0,107.0,0.0,24.3,18.0,3.86,0.0
20220808:0810,415.0,123.0,0.0,34.08,20.23,4.14,0.0
20220808:0910,531.0,144.0,0.0,43.25,22.48,4.34,0.0
20220808:1010,630.01,153.0,0.0,51.05,24.46,4.48,0.0
20220808:1110,689.01,158.0,0.0,56.25,25.92,4.21,0.0
20220808:1210,675.01,176.0,0.0,57.43,26.97,4.07,0.0
20220808:1310,667.01,156.0,0.0,54.19,27.75,4.21,0.0
20220808:1410,577.01,157.0,0.0,47.57,28.24,4.41,0.0
20220808:1510,474.0,138.0,0.0,38.99,28.43,4.69,0.0
20220808:1610,324.0,128.0,0.0,29.45,28.26,4.9,0.0
20220808:1710,194.0,94.0,0.0,19.57,27.69,5.03,0.0
20220808:1810,62.0,58.0,0.0,9.77,26.64,4.41,0.0
20220808:1910,0.0,0.0,0.0,0.0,24.91,4.34,0.0
20220808:2010,0.0,0.0,0.0,0.0,23.35,4.55,0.0
20220808:2110,0.0,0.0,0.0,0.0,22.26,4.55,0.0
20220808:2210,0.0,0.0,0.0,0.0,21.38,4.34,0.0
20220808:2310,0.0,0.0,0.0,0.0,20.55,4.28,0.0
20220809:0010,0.0,0.0,0.0,0.0,19.75,4.21,0.0
20220809:0110,0.0,0.0,0.0,0.0,19.01,4.07,0.0
20220809:0210,0.0,0.0,0.0,0.0,18.32,3.93,0.0
20220809:0310,0.0,0.0,0.0,0.0,17.73,3.86,0.0
20220809:0410,0.0,0.0,0.0,0.0,17.19,3.66,0.0
20220809:0510,11.0,24.21,0.0,4.6,16.77,3.52,0.0
20220809:0610,114.0,77.0,0.0,14.23,17.44,3.24,0.0
20220809:0710,254.0,108.0,0.0,24.11,19.14,3.86,0.0
20220809:0810,403.0,126.0,0.0,33.89,21.25,3.79,0.0
20220809:0910,540.0,136.0,0.0,43.04,23.56,3.86,0.0
20220809:1010,633.01,148.0,0.0,50.81,25.72,4.14,0.0
20220809:1110,681.01,159.0,0.0,55.98,27.46,4.48,0.0
20220809:1210,706.01,152.0,0.0,57.15,28.64,4.55,0.0
20220809:1310,647.01,164.0,0.0,53.91,29.46,4.55,0.0
20220809:1410,581.01,150.0,0.0,47.31,30.05,4.48,0.0
20220809:1510,467.0,138.0,0.0,38.75,30.34,4.55,0.0
20220809:1610,336.0,117.0,0.0,29.22,30.26,4.55,0.0
20220809:1710,188.0,94.0,0.0,19.34,29.87,4.48,0.0
20220809:1810,58.0,57.0,0.0,9.54,28.94,3.72,0.0
20220809:1910,0.0,0.0,0.0,0.0,27.04,3.86,0.0
20220809:2010,0.0,0.0,0.0,0.0,25.42,4.14,0.0
20220809:2110,0.0,0.0,0.0,0.0,24.36,4.48,0.0
20220809:2210,0.0,0.0,0.0,0.0,23.54,4.55,0.0
20220809:2310,0.0,0.0,0.0,0.0,22.8,4.34,0.0
20220810:0010,0.0,0.0,0.0,0.0,22.06,3.86,0.0
20220810:0110,0.0,0.0,0.0,0.0,21.3,3.59,0.0
20220810:0210,0.0,0.0,0.0,0.0,20.59,3.45,0.0
20220810:0310,0.0,0.0,0.0,0.0,19.97,3.31,0.0
20220810:0410,0.0,0.0,0.0,0.0,19.43,3.1,0.0
20220810:0510,8.0,23.96,0.0,4.4,19.01,2.83,0.0
20220810:0610,105.0,80.0,0.0,14.04,19.79,2.34,0.0
20220810:0710,238.0,115.0,0.0,23.93,22.45,2.83,0.0
20220810:0810,394.0,129.0,0.0,33.69,24.72,3.17,0.0
20220810:0910,530.0,139.0,0.0,42.83,26.85,3.38,0.0
20220810:1010,620.01,153.0,0.0,50.57,28.76,3.86,0.0
20220810:1110,666.01,166.0,0.0,55.7,30.15,4.62,0.0
20220810:1210,665.01,176.0,0.0,56.86,30.98,4.76,0.0
20220810:1310,644.01,164.0,0.0,53.63,31.54,4.69,0.0
20220810:1410,567.01,156.0,0.0,47.05,31.92,4.69,0.0
20220810:1510,455.0,143.0,0.0,38.51,32.01,4.69,0.0
20220810:1610,332.0,117.0,0.0,28.99,31.81,4.62,0.0
20220810:1710,188.0,92.0,0.0,19.11,31.32,4.34,0.0
20220810:1810,57.0,55.0,0.0,9.3,30.27,3.38,0.0
20220810:1910,0.0,0.0,0.0,0.0,28.21,2.97,0.0
20220810:2010,0.0,0.0,0.0,0.0,26.35,2.97,0.0
20220810:2110,0.0,0.0,0.0,0.0,25.06,2.97,0.0
20220810:2210,0.0,0.0,0.0,0.0,23.99,2.97,0.0
20220810:2310,0.0,0.0,0.0,0.0,23.1,3.03,0.0
20220811:0010,0.0,0.0,0.0,0.0,22.3,2.97,0.0
20220811:0110,0.0,0.0,0.0,0.0,21.53,2.97,0.0
20220811:0210,0.0,0.0,0.0,0.0,20.85,2.97,0.0
20220811:0310,0.0,0.0,0.0,0.0,20.3,2.97,0.0
20220811:0410,0.0,0.0,0.0,0.0,19.82,2.9,0.0
20220811:0510,9.0,22.69,0.0,4.2,19.38,2.76,0.0
20220811:0610,117.0,72.0,0.0,13.85,20.17,2.48,0.0
20220811:0710,237.0,115.0,0.0,23.74,22.82,2.9,0.0
20220811:0810,400.0,125.0,0.0,33.5,25.06,3.24,0.0
20220811:0910,531.01,138.0,0.0,42.62,27.26,3.59,0.0
20220811:1010,632.01,146.0,0.0,50.33,29.07,4.41,0.0
20220811:1110,667.01,166.0,0.0,55.43,30.14,4.97,0.0
20220811:1210,679.01,167.0,0.0,56.56,30.96,5.03,0.0
20220811:1310,645.01,164.0,0.0,53.34,31.56,5.03,0.0
20220811:1410,567.01,156.0,0.0,46.78,31.96,5.03,0.0
20220811:1510,471.0,133.0,0.0,38.26,32.07,4.9,0.0
20220811:1610,326.0,119.0,0.0,28.75,31.84,4.69,0.0
20220811:1710,180.0,94.0,0.0,18.87,31.32,4.34,0.0
20220811:1810,54.0,54.0,0.0,9.06,30.28,3.38,0.0
20220811:1910,0.0,0.0,0.0,0.0,28.24,2.69,0.0
20220811:2010,0.0,0.0,0.0,0.0,26.36,2.83,0.0
20220811:2110,0.0,0.0,0.0,0.0,25.09,2.9,0.0
20220811:2210,0.0,0.0,0.0,0.0,24.07,2.83,0.0
20220811:2310,0.0,0.0,0.0,0.0,23.17,2.83,0.0
20220812:0010,0.0,0.0,0.0,0.0,22.38,2.83,0.0
20220812:0110,0.0,0.0,0.0,0.0,21.63,2.76,0.0
20220812:0210,0.0,0.0,0.0,0.0,20.89,2.76,0.0
20220812:0310,0.0,0.0,0.0,0.0,20.21,2.83,0.0
20220812:0410,0.0,0.0,0.0,0.0,19.68,2.83,0.0
20220812:0510,9.0,20.77,0.0,4.0,19.23,2.76,0.0
20220812:0610,107.0,76.0,0.0,13.66,20.01,2.41,0.0
20220812:0710,241.0,111.0,0.0,23.55,22.62,3.03,0.0
20220812:0810,386.0,132.0,0.0,33.3,24.88,3.52,0.0
20220812:0910,522.01,143.0,0.0,42.4,27.06,3.38,0.0
20220812:1010,598.01,167.0,0.0,50.08,29.1,3.31,0.0
20220812:1110,667.01,166.0,0.0,55.15,30.72,3.66,0.0
20220812:1210,679.01,167.0,0.0,56.26,31.69,3.79,0.0
20220812:1310,645.01,163.0,0.0,53.05,32.35,3.45,0.0
20220812:1410,556.01,162.0,0.0,46.51,32.79,3.17,0.0
20220812:1510,445.0,148.0,0.0,38.0,32.98,3.03,0.0
20220812:1610,319.0,122.0,0.0,28.5,32.87,3.1,0.0
20220812:1710,179.0,92.0,0.0,18.63,32.46,3.03,0.0
20220812:1810,53.0,53.0,0.0,8.81,31.27,2.14,0.0
20220812:1910,0.0,0.0,0.0,0.0,29.53,2.28,0.0
20220812:2010,0.0,0.0,0.0,0.0,27.49,2.55,0.0
20220812:2110,0.0,0.0,0.0,0.0,25.89,2.83,0.0
20220812:2210,0.0,0.0,0.0,0.0,24.88,3.1,0.0
20220812:2310,0.0,0.0,0.0,0.0,24.17,3.24,0.0
20220813:0010,0.0,0.0,0.0,0.0,23.5,3.17,0.0
20220813:0110,0.0,0.0,0.0,0.0,22.79,3.1,0.0
20220813:0210,0.0,0.0,0.0,0.0,22.12,3.03,0.0
20220813:0310,0.0,0.0,0.0,0.0,21.46,2.9,0.0
20220813:0410,0.0,0.0,0.0,0.0,20.79,2.76,0.0
20220813:0510,6.0,20.51,0.0,3.8,20.12,2.76,0.0
20220813:0610,109.0,72.0,0.0,13.46,20.72,2.62,0.0
20220813:0710,247.0,105.0,0.0,23.36,22.45,2.97,0.0
20220813:0810,389.0,128.0,0.0,33.1,24.8,3.45,0.0
20220813:0910,526.01,138.0,0.0,42.19,27.12,3.72,0.0
20220813:1010,605.01,160.0,0.0,49.83,29.11,4.28,0.0
20220813:1110,637.01,182.0,0.0,54.86,30.25,4.41,0.0
20220813:1210,636.01,191.0,0.0,55.96,31.02,4.07,0.0
20220813:1310,627.01,171.0,0.0,52.75,31.58,3.79,0.0
20220813:1410,551.01,162.0,0.0,46.23,31.95,3.45,0.0
20220813:1510,440.0,147.0,0.0,37.74,32.06,3.24,0.0
20220813:1610,314.0,121.0,0.0,28.25,31.91,3.03,0.0
20220813:1710,171.0,94.0,0.0,18.38,31.47,2.62,0.0
20220813:1810,62.0,47.0,0.0,8.55,30.4,2.0,0.0
20220813:1910,0.0,0.0,0.0,0.0,28.47,2.41,0.0
20220813:2010,0.0,0.0,0.0,0.0,26.9,2.0,0.0
20220813:2110,0.0,0.0,0.0,0.0,25.29,2.41,0.0
20220813:2210,0.0,0.0,0.0,0.0,24.01,2.83,0.0
20220813:2310,0.0,0.0,0.0,0.0,23.36,2.97,0.0
20220814:0010,0.0,0.0,0.0,0.0,22.95,2.9,0.0
20220814:0110,0.0,0.0,0.0,0.0,22.5,2.69,0.0
20220814:0210,0.0,0.0,0.0,0.0,21.89,2.62,0.0
20220814:0310,0.0,0.0,0.0,0.0,21.46,2.41,0.0
20220814:0410,0.0,0.0,0.0,0.0,20.97,2.14,0.0
20220814:0510,0.0,3.0,0.0,3.6,20.53,1.86,0.0
20220814:0610,6.0,82.0,0.0,13.27,20.53,1.38,0.0
20220814:0710,19.0,163.0,0.0,23.17,22.58,1.03,0.0
20220814:0810,329.0,154.0,0.0,32.9,24.02,2.07,0.0
20220814:0910,14.0,273.0,0.0,41.96,26.54,3.59,0.0
20220814:1010,36.0,346.0,0.0,49.58,27.48,4.55,0.0
20220814:1110,0.0,203.0,0.0,54.57,27.64,4.55,0.0
20220814:1210,0.0,144.0,0.0,55.65,27.48,4.14,0.0
20220814:1310,0.0,167.0,0.0,52.45,27.16,3.72,0.0
20220814:1410,95.0,348.0,0.0,45.95,26.39,3.45,0.0
20220814:1510,307.0,212.0,0.0,37.47,26.02,3.38,0.0
20220814:1610,65.0,215.0,0.0,27.99,26.33,3.38,0.0
20220814:1710,135.0,106.0,0.0,18.12,26.04,3.03,0.0
20220814:1810,15.0,55.0,0.0,8.3,25.56,2.21,0.0
20220814:1910,0.0,0.0,0.0,0.0,23.0,1.52,0.0
20220814:2010,0.0,0.0,0.0,0.0,22.54,1.79,0.0
20220814:2110,0.0,0.0,0.0,0.0,21.91,2.07,0.0
20220814:2210,0.0,0.0,0.0,0.0,21.18,1.79,0.0
20220814:2310,0.0,0.0,0.0,0.0,20.57,1.93,0.0
20220815:0010,0.0,0.0,0.0,0.0,19.88,2.28,0.0
20220815:0110,0.0,0.0,0.0,0.0,19.51,2.48,0.0
20220815:0210,0.0,0.0,0.0,0.0,19.02,2.62,0.0
20220815:0310,0.0,0.0,0.0,0.0,18.52,2.62,0.0
20220815:0410,0.0,0.0,0.0,0.0,18.12,2.55,0.0
20220815:0510,4.0,17.09,0.0,3.4,17.77,2.48,0.0
20220815:0610,42.0,91.0,0.0,13.08,18.32,2.34,0.0
20220815:0710,102.0,164.0,0.0,22.97,19.15,2.83,0.0
20220815:0810,0.0,161.0,0.0,32.7,20.55,2.97,0.0
20220815:0910,0.0,116.0,0.0,41.74,22.37,3.72,0.0
20220815:1010,0.0,109.0,0.0,49.33,23.73,3.72,0.0
20220815:1110,6.0,303.0,0.0,54.28,25.14,3.24,0.0
20220815:1210,55.0,387.0,0.0,55.34,26.15,2.55,0.0
20220815:1310,38.0,359.0,0.0,52.14,26.91,2.34,0.0
20220815:1410,412.0,226.0,0.0,45.66,27.61,2.55,0.0
20220815:1510,77.0,284.0,0.0,37.2,27.77,2.76,0.0
20220815:1610,108.0,206.0,0.0,27.73,27.51,2.76,0.0
20220815:1710,81.0,125.0,0.0,17.87,27.32,3.1,0.0
20220815:1810,25.0,53.0,0.0,8.04,26.52,3.24,0.0
20220815:1910,0.0,0.0,0.0,0.0,23.64,1.72,0.0
20220815:2010,0.0,0.0,0.0,0.0,22.47,1.66,0.0
20220815:2110,0.0,0.0,0.0,0.0,21.52,1.66,0.0
20220815:2210,0.0,0.0,0.0,0.0,20.76,1.66,0.0
20220815:2310,0.0,0.0,0.0,0.0,19.99,1.38,0.0
20220816:0010,0.0,0.0,0.0,0.0,19.2,1.17,0.0
20220816:0110,0.0,0.0,0.0,0.0,18.55,0.83,0.0
20220816:0210,0.0,0.0,0.0,0.0,18.93,0.48,0.0
20220816:0310,0.0,0.0,0.0,0.0,17.5,1.1,0.0
20220816:0410,0.0,0.0,0.0,0.0,17.34,1.52,0.0
20220816:0510,0.0,2.0,0.0,3.19,17.72,1.59,0.0
20220816:0610,0.0,22.0,0.0,12.88,18.42,1.59,0.0
20220816:0710,0.0,64.0,0.0,22.78,20.69,1.93,0.0
20220816:0810,14.0,218.0,0.0,32.49,22.41,2.21,0.0
20220816:0910,353.0,220.0,0.0,41.52,24.17,2.76,0.0
20220816:1010,83.0,362.0,0.0,49.07,24.62,3.17,0.0
20220816:1110,110.0,394.0,0.0,53.99,24.93,2.34,0.0
20220816:1210,0.0,247.0,0.0,55.02,25.33,1.59,0.0
20220816:1310,110.0,382.0,0.0,51.83,25.9,1.66,0.0
20220816:1410,89.0,341.0,0.0,45.37,26.8,1.79,0.0
20220816:1510,16.0,247.0,0.0,36.93,27.22,1.86,0.0
20220816:1610,48.0,208.0,0.0,27.47,27.42,2.21,0.0
20220816:1710,18.0,124.0,0.0,17.6,27.08,2.76,0.0
20220816:1810,0.0,22.0,0.0,7.77,26.16,2.28,0.0
20220816:1910,0.0,0.0,0.0,0.0,22.95,0.55,0.0
20220816:2010,0.0,0.0,0.0,0.0,22.2,0.83,0.0
20220816:2110,0.0,0.0,0.0,0.0,21.07,0.76,0.0
20220816:2210,0.0,0.0,0.0,0.0,20.76,2.0,0.0
20220816:2310,0.0,0.0,0.0,0.0,19.81,2.97,0.0
20220817:0010,0.0,0.0,0.0,0.0,18.86,2.55,0.0
20220817:0110,0.0,0.0,0.0,0.0,18.51,2.14,0.0
20220817:0210,0.0,0.0,0.0,0.0,18.08,1.93,0.0
20220817:0310,0.0,0.0,0.0,0.0,17.66,1.86,0.0
20220817:0410,0.0,0.0,0.0,0.0,17.59,2.07,0.0
20220817:0510,0.0,3.0,0.0,2.98,17.4,2.14,0.0
20220817:0610,1.0,66.0,0.0,12.68,17.8,1.79,0.0
20220817:0710,0.0,41.0,0.0,22.58,19.24,3.38,0.0
20220817:0810,13.0,214.0,0.0,32.29,19.82,4.55,0.0
20220817:0910,0.0,79.0,0.0,41.29,21.13,5.03,0.0
20220817:1010,0.0,84.0,0.0,48.81,22.21,4.9,0.0
20220817:1110,344.0,326.0,0.0,53.69,23.67,3.79,0.0
20220817:1210,9.0,321.0,0.0,54.7,24.97,2.97,0.0
20220817:1310,558.01,192.0,0.0,51.52,25.57,2.41,0.0
20220817:1410,198.0,324.0,0.0,45.07,25.88,2.07,0.0
20220817:1510,0.0,171.0,0.0,36.65,25.82,2.0,0.0
20220817:1610,71.0,209.0,0.0,27.2,25.63,2.07,0.0
20220817:1710,53.0,128.0,0.0,17.33,25.07,2.41,0.0
20220817:1810,9.0,48.0,0.0,7.5,23.57,2.34,0.0
20220817:1910,0.0,0.0,0.0,0.0,20.04,1.31,0.0
20220817:2010,0.0,0.0,0.0,0.0,19.15,1.1,0.0
20220817:2110,0.0,0.0,0.0,0.0,18.35,1.38,0.0
20220817:2210,0.0,0.0,0.0,0.0,17.36,1.1,0.0
20220817:2310,0.0,0.0,0.0,0.0,17.5,0.34,0.0
20220818:0010,0.0,0.0,0.0,0.0,16.53,0.83,0.0
20220818:0110,0.0,0.0,0.0,0.0,14.86,1.38,0.0
20220818:0210,0.0,0.0,0.0,0.0,14.5,1.38,0.0
20220818:0310,0.0,0.0,0.0,0.0,14.94,0.97,0.0
20220818:0410,0.0,0.0,0.0,0.0,15.28,0.34,0.0
20220818:0510,1.0,11.81,0.0,2.78,14.55,0.69,0.0
20220818:0610,65.0,79.0,0.0,12.48,15.18,0.83,0.0
20220818:0710,66.0,167.0,0.0,22.38,18.74,0.83,0.0
20220818:0810,282.0,171.0,0.0,32.08,19.95,0.62,0.0
20220818:0910,471.01,149.0,0.0,41.06,21.65,1.45,0.0
20220818:1010,618.01,132.0,0.0,48.55,23.67,1.86,0.0
20220818:1110,574.01,196.0,0.0,53.39,24.96,1.86,0.0
20220818:1210,492.01,252.0,0.0,54.38,25.73,1.86,0.0
20220818:1310,636.01,142.0,0.0,51.2,26.22,2.21,0.0
20220818:1410,465.01,189.0,0.0,44.77,26.51,2.28,0.0
20220818:1510,119.0,276.0,0.0,36.36,26.33,2.62,0.0
20220818:1610,157.0,182.0,0.0,26.92,25.38,3.24,0.0
20220818:1710,137.0,93.0,0.0,17.06,24.83,3.59,0.0
20220818:1810,16.0,47.0,0.0,7.22,24.11,3.31,0.0
20220818:1910,0.0,0.0,0.0,0.0,23.52,3.31,0.0
20220818:2010,0.0,0.0,0.0,0.0,22.36,4.28,0.0
20220818:2110,0.0,0.0,0.0,0.0,21.04,4.0,0.0
20220818:2210,0.0,0.0,0.0,0.0,19.67,3.17,0.0
20220818:2310,0.0,0.0,0.0,0.0,18.65,2.97,0.0
20220819:0010,0.0,0.0,0.0,0.0,17.79,2.55,0.0
20220819:0110,0.0,0.0,0.0,0.0,17.04,1.79,0.0
20220819:0210,0.0,0.0,0.0,0.0,16.32,1.66,0.0
20220819:0310,0.0,0.0,0.0,0.0,15.96,2.0,0.0
20220819:0410,0.0,0.0,0.0,0.0,16.39,2.21,0.0
20220819:0510,0.0,2.0,0.0,2.57,16.92,2.07,0.0
20220819:0610,6.0,76.0,0.0,12.28,17.72,2.14,0.0
20220819:0710,14.0,150.0,0.0,22.18,18.65,2.83,0.0
20220819:0810,14.0,213.0,0.0,31.87,19.86,3.31,0.0
20220819:0910,18.0,273.0,0.0,40.83,20.71,3.38,0.0
20220819:1010,31.0,332.0,0.0,48.28,21.13,3.52,0.0
20220819:1110,32.0,358.0,0.0,53.09,21.61,3.59,0.0
20220819:1210,35.0,365.0,0.0,54.05,22.03,3.93,0.0
20220819:1310,0.0,96.0,0.0,50.87,22.3,3.93,0.0
20220819:1410,1.0,227.0,0.0,44.47,22.89,3.72,0.0
20220819:1510,11.0,232.0,0.0,36.07,24.11,3.72,0.0
20220819:1610,52.0,202.0,0.0,26.64,23.79,3.38,0.0
20220819:1710,0.0,22.0,0.0,16.79,22.82,2.9,0.0
20220819:1810,16.0,46.0,0.0,6.94,21.36,2.76,0.0
20220819:1910,0.0,0.0,0.0,0.0,20.19,2.9,0.0
20220819:2010,0.0,0.0,0.0,0.0,19.49,2.83,0.0
20220819:2110,0.0,0.0,0.0,0.0,18.9,2.48,0.0
20220819:2210,0.0,0.0,0.0,0.0,18.07,2.14,0.0
20220819:2310,0.0,0.0,0.0,0.0,17.23,2.41,0.0
20220820:0010,0.0,0.0,0.0,0.0,16.23,2.41,0.0
20220820:0110,0.0,0.0,0.0,0.0,15.35,2.21,0.0
20220820:0210,0.0,0.0,0.0,0.0,14.71,2.0,0.0
20220820:0310,0.0,0.0,0.0,0.0,13.94,1.93,0.0
20220820:0410,0.0,0.0,0.0,0.0,13.47,2.0,0.0
20220820:0510,1.0,9.82,0.0,2.36,13.1,2.0,0.0
20220820:0610,94.0,66.0,0.0,12.08,13.39,1.59,0.0
20220820:0710,242.0,94.0,0.0,21.98,15.12,1.31,0.0
20220820:0810,389.0,114.0,0.0,31.65,16.99,1.52,0.0
20220820:0910,458.01,164.0,0.0,40.59,18.89,1.86,0.0
20220820:1010,510.01,202.0,0.0,48.01,20.39,2.41,0.0
20220820:1110,662.01,149.0,0.0,52.78,21.56,2.28,0.0
20220820:1210,662.01,157.0,0.0,53.72,22.54,2.21,0.0
20220820:1310,645.01,143.0,0.0,50.55,23.28,2.28,0.0
20220820:1410,554.01,141.0,0.0,44.16,23.8,2.34,0.0
20220820:1510,369.0,170.0,0.0,35.78,24.01,2.34,0.0
20220820:1610,227.0,150.0,0.0,26.36,23.83,2.21,0.0
20220820:1710,135.0,93.0,0.0,16.51,23.38,1.86,0.0
20220820:1810,15.0,45.0,0.0,6.66,22.6,1.52,0.0
20220820:1910,0.0,0.0,0.0,0.0,21.47,1.79,0.0
20220820:2010,0.0,0.0,0.0,0.0,20.0,1.38,0.0
20220820:2110,0.0,0.0,0.0,0.0,19.08,0.9,0.0
20220820:2210,0.0,0.0,0.0,0.0,19.19,0.34,0.0
20220820:2310,0.0,0.0,0.0,0.0,18.58,0.34,0.0
20220821:0010,0.0,0.0,0.0,0.0,17.95,0.48,0.0
20220821:0110,0.0,0.0,0.0,0.0,17.36,0.34,0.0
20220821:0210,0.0,0.0,0.0,0.0,16.65,0.28,0.0
20220821:0310,0.0,0.0,0.0,0.0,16.0,0.48,0.0
20220821:0410,0.0,0.0,0.0,0.0,15.42,0.34,0.0
20220821:0510,0.0,1.0,0.0,2.15,14.96,0.9,0.0
20220821:0610,74.0,71.0,0.0,11.88,14.9,0.83,0.0
20220821:0710,187.0,119.0,0.0,21.78,17.19,1.03,0.0
20220821:0810,64.0,244.0,0.0,31.44,19.5,0.69,0.0
20220821:0910,114.0,312.0,0.0,40.35,21.52,1.1,0.0
20220821:1010,38.0,340.0,0.0,47.74,23.28,1.45,0.0
20220821:1110,2.0,275.0,0.0,52.47,24.26,1.72,0.0
20220821:1210,537.01,227.0,0.0,53.39,25.29,2.21,0.0
20220821:1310,387.0,286.0,0.0,50.22,26.17,3.24,0.0
20220821:1410,522.01,154.0,0.0,43.84,26.01,3.38,0.0
20220821:1510,326.0,187.0,0.0,35.48,25.59,3.31,0.0
20220821:1610,113.0,194.0,0.0,26.07,25.08,3.24,0.0
20220821:1710,29.0,120.0,0.0,16.22,24.5,3.17,0.0
20220821:1810,17.0,41.0,0.0,6.37,23.55,2.83,0.0
20220821:1910,0.0,0.0,0.0,0.0,22.46,1.86,0.0
20220821:2010,0.0,0.0,0.0,0.0,21.48,2.07,0.0
20220821:2110,0.0,0.0,0.0,0.0,20.72,2.9,0.0
20220821:2210,0.0,0.0,0.0,0.0,20.1,3.24,0.0
20220821:2310,0.0,0.0,0.0,0.0,19.43,2.41,0.0
20220822:0010,0.0,0.0,0.0,0.0,18.78,1.72,0.0
20220822:0110,0.0,0.0,0.0,0.0,18.03,1.72,0.0
20220822:0210,0.0,0.0,0.0,0.0,17.55,1.72,0.0
20220822:0310,0.0,0.0,0.0,0.0,17.28,1.79,0.0
20220822:0410,0.0,0.0,0.0,0.0,16.87,1.86,0.0
20220822:0510,0.0,1.0,0.0,1.93,16.79,1.72,0.0
20220822:0610,1.0,56.0,0.0,11.67,17.23,1.72,0.0
20220822:0710,3.0,123.0,0.0,21.57,17.73,1.72,0.0
20220822:0810,25.0,223.0,0.0,31.23,18.24,1.45,0.0
20220822:0910,173.0,292.0,0.0,40.12,19.62,1.45,0.0
20220822:1010,231.0,329.0,0.0,47.46,21.12,1.17,0.0
20220822:1110,38.0,360.0,0.0,52.15,22.4,1.79,0.0
20220822:1210,13.0,325.0,0.0,53.05,23.48,2.41,0.0
20220822:1310,92.0,371.0,0.0,49.88,23.81,2.62,0.0
20220822:1410,156.0,324.0,0.0,43.52,23.85,2.9,0.0
20220822:1510,197.0,243.0,0.0,35.18,23.71,2.83,0.0
20220822:1610,40.0,195.0,0.0,25.78,23.57,2.69,0.0
20220822:1710,68.0,112.0,0.0,15.93,23.42,2.34,0.0
20220822:1810,24.0,38.0,0.0,6.08,23.02,1.72,0.0
20220822:1910,0.0,0.0,0.0,0.0,22.29,1.45,0.0
20220822:2010,0.0,0.0,0.0,0.0,21.73,1.59,0.0
20220822:2110,0.0,0.0,0.0,0.0,21.13,1.86,0.0
20220822:2210,0.0,0.0,0.0,0.0,20.51,2.07,0.0
20220822:2310,0.0,0.0,0.0,0.0,19.87,2.21,0.0
20220823:0010,0.0,0.0,0.0,0.0,19.7,2.28,0.0
20220823:0110,0.0,0.0,0.0,0.0,19.78,2.21,0.0
20220823:0210,0.0,0.0,0.0,0.0,19.71,2.0,0.0
20220823:0310,0.0,0.0,0.0,0.0,19.63,1.72,0.0
20220823:0410,0.0,0.0,0.0,0.0,19.12,1.72,0.0
20220823:0510,0.0,1.0,0.0,1.72,18.58,1.72,0.0
20220823:0610,17.0,77.0,0.0,11.47,18.86,1.24,0.0
20220823:0710,29.0,156.0,0.0,21.37,20.58,1.24,0.0
20220823:0810,45.0,232.0,0.0,31.01,22.19,1.03,0.0
20220823:0910,184.0,286.0,0.0,39.87,23.51,0.62,0.0
20220823:1010,234.0,325.0,0.0,47.19,25.08,1.45,0.0
20220823:1110,315.0,324.0,0.0,51.84,26.06,2.14,0.0
20220823:1210,256.0,356.0,0.0,52.71,26.67,2.14,0.0
20220823:1310,378.0,277.0,0.0,49.54,27.15,2.0,0.0
20220823:1410,187.0,312.0,0.0,43.2,27.29,1.79,0.0
20220823:1510,166.0,251.0,0.0,34.87,27.36,1.45,0.0
20220823:1610,204.0,146.0,0.0,25.48,27.31,1.1,0.0
20220823:1710,39.0,114.0,0.0,15.64,27.21,0.76,0.0
20220823:1810,13.0,37.0,0.0,5.78,26.6,0.69,0.0
20220823:1910,0.0,0.0,0.0,0.0,24.91,1.31,0.0
20220823:2010,0.0,0.0,0.0,0.0,23.94,1.59,0.0
20220823:2110,0.0,0.0,0.0,0.0,23.27,1.38,0.0
20220823:2210,0.0,0.0,0.0,0.0,22.37,1.45,0.0
20220823:2310,0.0,0.0,0.0,0.0,21.52,1.66,0.0
20220824:0010,0.0,0.0,0.0,0.0,20.81,1.79,0.0
20220824:0110,0.0,0.0,0.0,0.0,20.64,1.86,0.0
20220824:0210,0.0,0.0,0.0,0.0,20.2,1.86,0.0
20220824:0310,0.0,0.0,0.0,0.0,19.69,1.79,0.0
20220824:0410,0.0,0.0,0.0,0.0,19.26,1.72,0.0
20220824:0510,0.0,3.0,0.0,1.51,18.69,1.59,0.0
20220824:0610,76.0,63.0,0.0,11.26,19.26,1.1,0.0
20220824:0710,213.0,96.0,0.0,21.16,21.85,0.97,0.0
20220824:0810,306.0,144.0,0.0,30.79,24.52,1.03,0.0
20220824:0910,410.0,173.0,0.0,39.63,26.71,1.24,0.0
20220824:1010,515.01,178.0,0.0,46.91,28.47,1.86,0.0
20220824:1110,658.01,133.0,0.0,51.52,29.46,2.07,0.0
20220824:1210,651.01,143.0,0.0,52.37,30.27,1.93,0.0
20220824:1310,564.01,169.0,0.0,49.2,30.67,1.79,0.0
20220824:1410,515.01,142.0,0.0,42.87,31.18,1.72,0.0
20220824:1510,405.0,128.0,0.0,34.56,31.39,1.72,0.0
20220824:1610,264.0,111.0,0.0,25.18,31.42,1.79,0.0
20220824:1710,126.0,81.0,0.0,15.34,31.13,1.79,0.0
20220824:1810,18.0,29.21,0.0,5.49,30.12,1.52,0.0
20220824:1910,0.0,0.0,0.0,0.0,28.71,2.21,0.0
20220824:2010,0.0,0.0,0.0,0.0,27.15,2.28,0.0
20220824:2110,0.0,0.0,0.0,0.0,25.89,2.28,0.0
20220824:2210,0.0,0.0,0.0,0.0,24.74,2.21,0.0
20220824:2310,0.0,0.0,0.0,0.0,23.4,1.93,0.0
20220825:0010,0.0,0.0,0.0,0.0,21.93,1.66,0.0
20220825:0110,0.0,0.0,0.0,0.0,20.97,1.52,0.0
20220825:0210,0.0,0.0,0.0,0.0,20.13,1.59,0.0
20220825:0310,0.0,0.0,0.0,0.0,19.39,1.86,0.0
20220825:0410,0.0,0.0,0.0,0.0,18.86,1.72,0.0
20220825:0510,0.0,0.0,0.0,0.0,18.5,1.66,0.0
20220825:0610,64.0,67.0,0.0,11.06,18.86,1.52,0.0
20220825:0710,168.0,117.0,0.0,20.95,21.94,0.83,0.0
20220825:0810,336.0,125.0,0.0,30.57,23.92,0.83,0.0
20220825:0910,460.01,142.0,0.0,39.39,25.89,1.17,0.0
20220825:1010,555.01,152.0,0.0,46.62,27.52,2.28,0.0
20220825:1110,544.01,199.0,0.0,51.2,28.69,2.21,0.0
20220825:1210,598.01,172.0,0.0,52.02,29.19,2.34,0.0
20220825:1310,520.01,194.0,0.0,48.85,28.5,4.21,0.0
20220825:1410,119.0,325.0,0.0,42.54,26.86,5.52,0.0
20220825:1510,42.0,257.0,0.0,34.25,25.19,5.1,0.0
20220825:1610,0.0,94.0,0.0,24.88,24.06,4.48,0.0
20220825:1710,59.0,107.0,0.0,15.04,22.65,3.86,0.0
20220825:1810,0.0,14.0,0.0,5.18,20.9,3.93,0.0
20220825:1910,0.0,0.0,0.0,0.0,22.48,4.28,0.0
20220825:2010,0.0,0.0,0.0,0.0,21.6,4.76,0.0
20220825:2110,0.0,0.0,0.0,0.0,20.55,4.83,0.0
20220825:2210,0.0,0.0,0.0,0.0,19.77,4.14,0.0
20220825:2310,0.0,0.0,0.0,0.0,19.13,3.72,0.0
20220826:0010,0.0,0.0,0.0,0.0,18.79,3.59,0.0
20220826:0110,0.0,0.0,0.0,0.0,18.27,3.24,0.0
20220826:0210,0.0,0.0,0.0,0.0,17.82,2.9,0.0
20220826:0310,0.0,0.0,0.0,0.0,17.59,2.21,0.0
20220826:0410,0.0,0.0,0.0,0.0,17.43,1.93,0.0
20220826:0510,0.0,0.0,0.0,0.0,17.25,2.07,0.0
20220826:0610,47.0,72.0,0.0,10.85,17.92,3.17,0.0
20220826:0710,28.0,152.0,0.0,20.74,18.78,4.21,0.0
20220826:0810,52.0,234.0,0.0,30.35,19.67,4.34,0.0
20220826:0910,74.0,302.0,0.0,39.14,20.89,4.14,0.0
20220826:1010,27.0,321.0,0.0,46.34,21.96,3.86,0.0
20220826:1110,141.0,380.0,0.0,50.87,22.65,3.66,0.0
20220826:1210,292.0,340.0,0.0,51.67,23.47,3.52,0.0
20220826:1310,163.0,361.0,0.0,48.5,24.02,3.38,0.0
20220826:1410,267.0,278.0,0.0,42.21,24.75,3.38,0.0
20220826:1510,349.0,157.0,0.0,33.93,25.08,3.52,0.0
20220826:1610,221.0,131.0,0.0,24.57,24.97,3.66,0.0
20220826:1710,90.0,94.0,0.0,14.74,24.58,3.66,0.0
20220826:1810,9.0,28.55,0.0,4.88,23.76,3.17,0.0
20220826:1910,0.0,0.0,0.0,0.0,22.66,2.97,0.0
20220826:2010,0.0,0.0,0.0,0.0,21.35,3.31,0.0
20220826:2110,0.0,0.0,0.0,0.0,20.23,3.24,0.0
20220826:2210,0.0,0.0,0.0,0.0,19.37,3.03,0.0
20220826:2310,0.0,0.0,0.0,0.0,18.74,3.03,0.0
20220827:0010,0.0,0.0,0.0,0.0,18.12,2.97,0.0
20220827:0110,0.0,0.0,0.0,0.0,17.5,2.97,0.0
20220827:0210,0.0,0.0,0.0,0.0,16.95,2.76,0.0
20220827:0310,0.0,0.0,0.0,0.0,16.43,2.62,0.0
20220827:0410,0.0,0.0,0.0,0.0,16.07,2.62,0.0
20220827:0510,0.0,0.0,0.0,0.0,15.51,2.62,0.0
20220827:0610,36.0,73.0,0.0,10.64,15.5,2.55,0.0
20220827:0710,181.0,108.0,0.0,20.53,17.04,3.17,0.0
20220827:0810,274.0,160.0,0.0,30.12,18.8,3.17,0.0
20220827:0910,428.01,161.0,0.0,38.89,20.74,3.24,0.0
20220827:1010,576.01,141.0,0.0,46.05,22.22,3.24,0.0
20220827:1110,547.01,198.0,0.0,50.54,23.22,3.31,0.0
20220827:1210,517.01,222.0,0.0,51.32,24.08,3.38,0.0
20220827:1310,565.01,166.0,0.0,48.15,24.79,3.31,0.0
20220827:1410,514.01,140.0,0.0,41.87,25.18,3.31,0.0
20220827:1510,408.0,122.0,0.0,33.61,25.35,3.31,0.0
20220827:1610,250.0,113.0,0.0,24.26,25.36,3.31,0.0
20220827:1710,122.0,76.0,0.0,14.43,24.92,3.45,0.0
20220827:1810,10.0,26.28,0.0,4.57,23.8,3.31,0.0
20220827:1910,0.0,0.0,0.0,0.0,21.9,3.24,0.0
20220827:2010,0.0,0.0,0.0,0.0,20.71,3.59,0.0
20220827:2110,0.0,0.0,0.0,0.0,19.89,3.72,0.0
20220827:2210,0.0,0.0,0.0,0.0,19.03,3.38,0.0
20220827:2310,0.0,0.0,0.0,0.0,18.22,2.9,0.0
20220828:0010,0.0,0.0,0.0,0.0,17.45,2.62,0.0
20220828:0110,0.0,0.0,0.0,0.0,16.75,2.55,0.0
20220828:0210,0.0,0.0,0.0,0.0,16.13,2.62,0.0
20220828:0310,0.0,0.0,0.0,0.0,15.63,2.69,0.0
20220828:0410,0.0,0.0,0.0,0.0,15.23,2.62,0.0
20220828:0510,0.0,0.0,0.0,0.0,14.93,2.62,0.0
20220828:0610,63.0,62.0,0.0,10.43,15.31,2.48,0.0
20220828:0710,194.0,100.0,0.0,20.32,17.44,3.31,0.0
20220828:0810,323.0,131.0,0.0,29.9,19.15,3.72,0.0
20220828:0910,469.01,135.0,0.0,38.64,20.83,3.72,0.0
20220828:1010,526.01,169.0,0.0,45.76,22.61,3.79,0.0
20220828:1110,308.0,325.0,0.0,50.21,23.3,3.17,0.0
20220828:1210,352.0,310.0,0.0,50.96,24.27,2.76,0.0
20220828:1310,240.0,336.0,0.0,47.8,24.89,2.9,0.0
20220828:1410,241.0,286.0,0.0,41.53,25.22,3.45,0.0
20220828:1510,214.0,224.0,0.0,33.28,24.75,4.07,0.0
20220828:1610,204.0,136.0,0.0,23.95,24.14,4.48,0.0
20220828:1710,122.0,74.0,0.0,14.12,23.6,4.48,0.0
20220828:1810,1.0,20.79,0.0,4.25,22.86,3.79,0.0
20220828:1910,0.0,0.0,0.0,0.0,23.14,3.24,0.0
20220828:2010,0.0,0.0,0.0,0.0,21.95,3.79,0.0
20220828:2110,0.0,0.0,0.0,0.0,21.16,4.07,0.0
20220828:2210,0.0,0.0,0.0,0.0,20.54,4.07,0.0
20220828:2310,0.0,0.0,0.0,0.0,19.79,3.86,0.0
20220829:0010,0.0,0.0,0.0,0.0,19.23,3.52,0.0
20220829:0110,0.0,0.0,0.0,0.0,18.58,3.1,0.0
20220829:0210,0.0,0.0,0.0,0.0,17.96,2.83,0.0
20220829:0310,0.0,0.0,0.0,0.0,17.43,2.83,0.0
20220829:0410,0.0,0.0,0.0,0.0,17.0,2.9,0.0
20220829:0510,0.0,0.0,0.0,0.0,16.66,3.03,0.0
20220829:0610,43.0,67.0,0.0,10.22,16.93,3.03,0.0
20220829:0710,108.0,138.0,0.0,20.1,19.05,2.97,0.0
20220829:0810,322.0,127.0,0.0,29.67,21.11,3.17,0.0
20220829:0910,460.01,136.0,0.0,38.38,22.96,3.31,0.0
20220829:1010,538.01,156.0,0.0,45.47,24.81,3.52,0.0
20220829:1110,592.01,163.0,0.0,49.88,26.41,3.31,0.0
20220829:1210,590.01,170.0,0.0,50.6,27.69,3.03,0.0
20220829:1310,575.01,152.0,0.0,47.44,28.43,2.76,0.0
20220829:1410,475.01,156.0,0.0,41.19,28.97,2.48,0.0
20220829:1510,307.0,172.0,0.0,32.96,29.21,2.28,0.0
20220829:1610,235.0,113.0,0.0,23.63,29.13,2.48,0.0
20220829:1710,102.0,80.0,0.0,13.81,28.57,3.03,0.0
20220829:1810,9.0,21.65,0.0,3.94,27.21,3.38,0.0
20220829:1910,0.0,0.0,0.0,0.0,25.23,4.07,0.0
20220829:2010,0.0,0.0,0.0,0.0,23.5,4.76,0.0
20220829:2110,0.0,0.0,0.0,0.0,22.05,4.97,0.0
20220829:2210,0.0,0.0,0.0,0.0,20.94,4.62,0.0
20220829:2310,0.0,0.0,0.0,0.0,20.1,3.72,0.0
20220830:0010,0.0,0.0,0.0,0.0,19.41,3.24,0.0
20220830:0110,0.0,0.0,0.0,0.0,18.92,3.17,0.0
20220830:0210,0.0,0.0,0.0,0.0,18.29,3.31,0.0
20220830:0310,0.0,0.0,0.0,0.0,17.77,3.45,0.0
20220830:0410,0.0,0.0,0.0,0.0,17.47,3.17,0.0
20220830:0510,0.0,0.0,0.0,0.0,17.08,2.97,0.0
20220830:0610,0.0,17.0,0.0,10.01,17.25,2.69,0.0
20220830:0710,0.0,63.0,0.0,19.89,17.78,2.69,0.0
20220830:0810,28.0,216.0,0.0,29.44,18.91,2.14,0.0
20220830:0910,56.0,290.0,0.0,38.13,19.44,1.79,0.0
20220830:1010,18.0,299.0,0.0,45.18,20.13,1.66,0.0
20220830:1110,22.0,331.0,0.0,49.54,20.97,1.1,0.0
20220830:1210,83.0,375.0,0.0,50.24,21.84,0.83,0.0
20220830:1310,209.0,338.0,0.0,47.07,23.1,1.1,0.0
20220830:1410,355.0,220.0,0.0,40.84,24.21,1.31,0.0
20220830:1510,312.0,164.0,0.0,32.62,24.92,1.17,0.0
20220830:1610,232.0,111.0,0.0,23.31,25.46,1.17,0.0
20220830:1710,95.0,79.0,0.0,13.49,25.53,0.97,0.0
20220830:1810,5.0,19.76,0.0,3.62,24.72,0.14,0.0
20220830:1910,0.0,0.0,0.0,0.0,23.59,1.86,0.0
20220830:2010,0.0,0.0,0.0,0.0,22.22,1.93,0.0
20220830:2110,0.0,0.0,0.0,0.0,21.05,2.21,0.0
20220830:2210,0.0,0.0,0.0,0.0,20.15,2.48,0.0
20220830:2310,0.0,0.0,0.0,0.0,19.32,2.55,0.0
20220831:0010,0.0,0.0,0.0,0.0,18.58,2.48,0.0
20220831:0110,0.0,0.0,0.0,0.0,18.2,2.34,0.0
20220831:0210,0.0,0.0,0.0,0.0,17.49,2.48,0.0
20220831:0310,0.0,0.0,0.0,0.0,16.85,2.55,0.0
20220831:0410,0.0,0.0,0.0,0.0,16.36,2.48,0.0
20220831:0510,0.0,0.0,0.0,0.0,15.93,2.55,0.0
20220831:0610,48.0,62.0,0.0,9.79,16.16,2.34,0.0
20220831:0710,184.0,98.0,0.0,19.67,18.11,2.62,0.0
20220831:0810,324.0,122.0,0.0,29.21,19.93,2.41,0.0
20220831:0910,456.01,135.0,0.0,37.87,21.92,2.14,0.0
20220831:1010,544.01,149.0,0.0,44.88,23.79,2.28,0.0
20220831:1110,588.01,162.0,0.0,49.2,25.4,2.69,0.0
20220831:1210,563.01,183.0,0.0,49.88,26.48,3.17,0.0
20220831:1310,376.01,264.0,0.0,46.71,26.92,3.17,0.0
20220831:1410,263.0,267.0,0.0,40.49,26.75,3.1,0.0
20220831:1510,250.0,197.0,0.0,32.29,27.0,3.17,0.0
20220831:1610,122.0,163.0,0.0,22.98,26.83,3.17,0.0
20220831:1710,70.0,88.0,0.0,13.17,26.35,2.97,0.0
20220831:1810,0.0,9.0,0.0,3.3,25.23,2.41,0.0
20220831:1910,0.0,0.0,0.0,0.0,23.22,3.79,0.0
20220831:2010,0.0,0.0,0.0,0.0,21.86,3.93,0.0
20220831:2110,0.0,0.0,0.0,0.0,20.75,3.59,0.0
20220831:2210,0.0,0.0,0.0,0.0,19.9,3.03,0.0
20220831:2310,0.0,0.0,0.0,0.0,19.18,2.48,0.0
20220901:0010,0.0,0.0,0.0,0.0,18.63,2.14,0.0
20220901:0110,0.0,0.0,0.0,0.0,17.95,1.93,0.0
20220901:0210,0.0,0.0,0.0,0.0,17.29,1.93,0.0
20220901:0310,0.0,0.0,0.0,0.0,16.64,1.93,0.0
20220901:0410,0.0,0.0,0.0,0.0,16.11,1.86,0.0
20220901:0510,0.0,0.0,0.0,0.0,15.68,1.86,0.0
20220901:0610,31.0,64.0,0.0,9.58,15.86,1.59,0.0
20220901:0710,77.0,141.0,0.0,19.46,18.65,1.86,0.0
20220901:0810,301.0,130.0,0.0,28.98,20.53,2.28,0.0
20220901:0910,408.01,158.0,0.0,37.61,22.51,2.0,0.0
20220901:1010,524.01,155.0,0.0,44.58,24.37,1.79,0.0
20220901:1110,544.01,182.0,0.0,48.86,25.83,2.21,0.0
20220901:1210,184.0,363.0,0.0,49.51,26.55,2.28,0.0
20220901:1310,265.0,312.0,0.0,46.34,26.88,2.07,0.0
20220901:1410,175.0,296.0,0.0,40.13,27.47,1.86,0.0
20220901:1510,182.0,222.0,0.0,31.95,27.38,2.07,0.0
20220901:1610,92.0,168.0,0.0,22.65,27.02,2.48,0.0
20220901:1710,78.0,80.0,0.0,12.85,25.31,2.76,0.0
20220901:1810,0.0,17.0,0.0,2.97,24.44,2.34,0.0
20220901:1910,0.0,0.0,0.0,0.0,24.67,2.83,0.0
20220901:2010,0.0,0.0,0.0,0.0,23.45,2.9,0.0
20220901:2110,0.0,0.0,0.0,0.0,22.52,2.9,0.0
20220901:2210,0.0,0.0,0.0,0.0,21.73,2.9,0.0
20220901:2310,0.0,0.0,0.0,0.0,21.16,2.76,0.0
20220902:0010,0.0,0.0,0.0,0.0,20.57,2.55,0.0
20220902:0110,0.0,0.0,0.0,0.0,19.96,2.48,0.0
20220902:0210,0.0,0.0,0.0,0.0,19.34,2.41,0.0
20220902:0310,0.0,0.0,0.0,0.0,18.77,2.41,0.0
20220902:0410,0.0,0.0,0.0,0.0,18.13,2.28,0.0
20220902:0510,0.0,0.0,0.0,0.0,17.56,2.07,0.0
20220902:0610,6.0,56.0,0.0,9.37,17.57,1.72,0.0
20220902:0710,0.0,54.0,0.0,19.24,18.32,2.9,0.0
20220902:0810,0.0,54.0,0.0,28.74,18.71,2.83,0.0
20220902:0910,0.0,108.0,0.0,37.34,19.09,2.69,0.0
20220902:1010,0.0,98.0,0.0,44.28,20.76,2.69,0.0
20220902:1110,1.0,241.0,0.0,48.52,21.8,2.9,0.0
20220902:1210,0.0,233.0,0.0,49.14,21.34,3.1,0.0
20220902:1310,87.0,349.0,0.0,45.97,21.11,2.97,0.0
20220902:1410,296.0,241.0,0.0,39.78,21.36,2.28,0.0
20220902:1510,301.0,159.0,0.0,31.61,22.17,2.14,0.0
20220902:1610,44.0,170.0,0.0,22.32,22.73,1.93,0.0
20220902:1710,1.0,66.0,0.0,12.52,20.93,1.45,0.0
20220902:1810,0.0,14.0,0.0,2.64,19.65,0.55,0.0
20220902:1910,0.0,0.0,0.0,0.0,19.56,1.31,0.0
20220902:2010,0.0,0.0,0.0,0.0,18.38,1.38,0.0
20220902:2110,0.0,0.0,0.0,0.0,18.24,0.07,0.0
20220902:2210,0.0,0.0,0.0,0.0,17.55,0.69,0.0
20220902:2310,0.0,0.0,0.0,0.0,16.74,1.1,0.0
20220903:0010,0.0,0.0,0.0,0.0,16.54,1.66,0.0
20220903:0110,0.0,0.0,0.0,0.0,16.45,1.72,0.0
20220903:0210,0.0,0.0,0.0,0.0,16.37,1.72,0.0
20220903:0310,0.0,0.0,0.0,0.0,16.15,1.86,0.0
20220903:0410,0.0,0.0,0.0,0.0,16.25,2.0,0.0
20220903:0510,0.0,0.0,0.0,0.0,16.41,2.14,0.0
20220903:0610,5.0,55.0,0.0,9.15,16.77,2.28,0.0
20220903:0710,67.0,140.0,0.0,19.02,17.18,3.1,0.0
20220903:0810,42.0,216.0,0.0,28.51,18.26,3.38,0.0
20220903:0910,6.0,227.0,0.0,37.08,19.46,3.38,0.0
20220903:1010,1.0,232.0,0.0,43.97,20.53,3.38,0.0
20220903:1110,2.0,251.0,0.0,48.17,21.97,3.52,0.0
20220903:1210,0.0,203.0,0.0,48.77,23.12,3.72,0.0
20220903:1310,52.0,337.0,0.0,45.6,23.88,3.72,0.0
20220903:1410,58.0,301.0,0.0,39.42,24.23,3.79,0.0
20220903:1510,126.0,236.0,0.0,31.27,24.71,3.72,0.0
20220903:1610,116.0,154.0,0.0,21.99,24.63,3.38,0.0
20220903:1710,84.0,71.0,0.0,12.19,24.22,2.76,0.0
20220903:1810,0.0,13.0,0.0,2.31,23.26,2.14,0.0
20220903:1910,0.0,0.0,0.0,0.0,21.79,2.21,0.0
20220903:2010,0.0,0.0,0.0,0.0,20.47,2.14,0.0
20220903:2110,0.0,0.0,0.0,0.0,19.48,1.72,0.0
20220903:2210,0.0,0.0,0.0,0.0,18.34,1.24,0.0
20220903:2310,0.0,0.0,0.0,0.0,17.25,1.66,0.0
20220904:0010,0.0,0.0,0.0,0.0,16.27,1.79,0.0
20220904:0110,0.0,0.0,0.0,0.0,15.5,2.07,0.0
20220904:0210,0.0,0.0,0.0,0.0,14.98,2.21,0.0
20220904:0310,0.0,0.0,0.0,0.0,14.44,2.07,0.0
20220904:0410,0.0,0.0,0.0,0.0,13.82,1.86,0.0
20220904:0510,0.0,0.0,0.0,0.0,13.21,1.72,0.0
20220904:0610,46.0,55.0,0.0,8.93,13.41,1.38,0.0
20220904:0710,182.0,90.0,0.0,18.8,16.48,0.48,0.0
20220904:0810,329.0,111.0,0.0,28.27,19.45,0.48,0.0
20220904:0910,432.01,141.0,0.0,36.81,21.77,0.76,0.0
20220904:1010,505.01,165.0,0.0,43.67,23.75,1.38,0.0
20220904:1110,545.01,179.0,0.0,47.83,25.4,2.14,0.0
20220904:1210,533.01,192.0,0.0,48.39,26.58,2.97,0.0
20220904:1310,460.01,208.0,0.0,45.22,27.33,3.24,0.0
20220904:1410,456.01,151.0,0.0,39.06,27.69,3.45,0.0
20220904:1510,257.0,182.0,0.0,30.92,27.99,3.59,0.0
20220904:1610,151.0,139.0,0.0,21.66,27.78,3.59,0.0
20220904:1710,20.0,85.0,0.0,11.86,27.11,3.03,0.0
20220904:1810,0.0,7.0,0.0,1.98,25.73,2.97,0.0
20220904:1910,0.0,0.0,0.0,0.0,24.5,3.17,0.0
20220904:2010,0.0,0.0,0.0,0.0,23.35,3.38,0.0
20220904:2110,0.0,0.0,0.0,0.0,22.57,3.31,0.0
20220904:2210,0.0,0.0,0.0,0.0,21.84,3.1,0.0
20220904:2310,0.0,0.0,0.0,0.0,21.23,2.69,0.0
20220905:0010,0.0,0.0,0.0,0.0,20.57,2.48,0.0
20220905:0110,0.0,0.0,0.0,0.0,20.16,2.28,0.0
20220905:0210,0.0,0.0,0.0,0.0,19.58,1.93,0.0
20220905:0310,0.0,0.0,0.0,0.0,18.86,1.31,0.0
20220905:0410,0.0,0.0,0.0,0.0,18.68,0.97,0.0
20220905:0510,0.0,0.0,0.0,0.0,18.06,1.03,0.0
20220905:0610,44.0,53.0,0.0,8.72,18.5,0.69,0.0
20220905:0710,184.0,85.0,0.0,18.57,19.79,0.69,0.0
20220905:0810,189.0,181.0,0.0,28.03,20.75,1.1,0.0
20220905:0910,428.01,135.0,0.0,36.55,22.47,1.93,0.0
20220905:1010,413.01,212.0,0.0,43.36,24.08,1.72,0.0
20220905:1110,573.01,153.0,0.0,47.48,25.44,0.83,0.0
20220905:1210,580.01,154.0,0.0,48.02,26.55,0.48,0.0
20220905:1310,500.01,175.0,0.0,44.85,27.66,1.59,0.0
20220905:1410,0.0,177.0,0.0,38.69,28.77,2.48,0.0
20220905:1510,168.0,216.0,0.0,30.57,28.3,2.62,0.0
20220905:1610,4.0,131.0,0.0,21.32,28.48,2.62,0.0
20220905:1710,6.0,73.0,0.0,11.53,28.3,2.76,0.0
20220905:1810,0.0,6.0,0.0,1.64,26.7,2.0,0.0
20220905:1910,0.0,0.0,0.0,0.0,24.77,2.14,0.0
20220905:2010,0.0,0.0,0.0,0.0,23.55,2.55,0.0
20220905:2110,0.0,0.0,0.0,0.0,22.71,2.9,0.0
20220905:2210,0.0,0.0,0.0,0.0,22.15,3.17,0.0
20220905:2310,0.0,0.0,0.0,0.0,21.78,3.86,0.0
20220906:0010,0.0,0.0,0.0,0.0,21.3,4.34,0.0
20220906:0110,0.0,0.0,0.0,0.0,20.67,3.93,0.0
20220906:0210,0.0,0.0,0.0,0.0,19.83,3.17,0.0
20220906:0310,0.0,0.0,0.0,0.0,18.93,2.55,0.0
20220906:0410,0.0,0.0,0.0,0.0,18.07,2.34,0.0
20220906:0510,0.0,0.0,0.0,0.0,17.37,2.07,0.0
20220906:0610,49.0,49.0,0.0,8.5,16.99,1.59,0.0
20220906:0710,0.0,0.0,0.0,0.0,18.94,0.34,0.0
20220906:0810,328.0,105.0,0.0,27.79,20.91,1.66,0.0
20220906:0910,292.0,212.0,0.0,36.28,21.64,3.03,0.0
20220906:1010,165.0,322.0,0.0,43.05,22.67,2.34,0.0
20220906:1110,444.01,229.0,0.0,47.13,23.62,1.17,0.0
20220906:1210,589.01,145.0,0.0,47.64,24.83,1.17,0.0
20220906:1310,527.01,156.0,0.0,44.47,26.29,2.28,0.0
20220906:1410,110.0,298.0,0.0,38.32,26.84,2.48,0.0
20220906:1510,305.0,145.0,0.0,30.22,26.97,2.55,0.0
20220906:1610,63.0,160.0,0.0,20.98,24.84,2.62,0.0
20220906:1710,36.0,79.0,0.0,11.19,22.1,2.55,0.0
20220906:1810,0.0,1.0,0.0,1.31,20.82,2.21,0.0
20220906:1910,0.0,0.0,0.0,0.0,20.73,3.17,0.0
20220906:2010,0.0,0.0,0.0,0.0,19.6,2.41,0.0
20220906:2110,0.0,0.0,0.0,0.0,18.84,1.38,0.0
20220906:2210,0.0,0.0,0.0,0.0,18.07,1.86,0.0
20220906:2310,0.0,0.0,0.0,0.0,18.06,1.45,0.0
20220907:0010,0.0,0.0,0.0,0.0,18.0,1.93,0.0
20220907:0110,0.0,0.0,0.0,0.0,17.67,2.21,0.0
20220907:0210,0.0,0.0,0.0,0.0,17.4,2.28,0.0
20220907:0310,0.0,0.0,0.0,0.0,16.95,2.41,0.0
20220907:0410,0.0,0.0,0.0,0.0,16.36,2.76,0.0
20220907:0510,0.0,0.0,0.0,0.0,16.02,2.97,0.0
20220907:0610,24.0,55.0,0.0,8.28,16.11,3.1,0.0
20220907:0710,25.0,132.0,0.0,18.13,17.22,3.1,0.0
20220907:0810,11.0,184.0,0.0,27.55,18.63,3.66,0.0
20220907:0910,38.0,270.0,0.0,36.0,19.67,4.14,0.0
20220907:1010,38.0,313.0,0.0,42.74,20.94,4.55,0.0
20220907:1110,10.0,292.0,0.0,46.77,21.43,5.17,0.0
20220907:1210,22.0,321.0,0.0,47.26,21.35,5.24,0.0
20220907:1310,0.0,112.0,0.0,44.08,21.7,5.1,0.0
20220907:1410,0.0,117.0,0.0,37.96,22.19,4.76,0.0
20220907:1510,0.0,151.0,0.0,29.86,22.53,4.41,0.0
20220907:1610,0.0,75.0,0.0,20.63,22.57,4.0,0.0
20220907:1710,0.0,41.0,0.0,10.85,22.28,3.72,0.0
20220907:1810,0.0,0.0,0.0,0.0,20.5,3.03,0.0
20220907:1910,0.0,0.0,0.0,0.0,18.23,3.24,0.0
20220907:2010,0.0,0.0,0.0,0.0,17.24,3.79,0.0
20220907:2110,0.0,0.0,0.0,0.0,16.67,3.66,0.0
20220907:2210,0.0,0.0,0.0,0.0,16.38,2.69,0.0
20220907:2310,0.0,0.0,0.0,0.0,15.87,2.97,0.0
20220908:0010,0.0,0.0,0.0,0.0,15.38,3.52,0.0
20220908:0110,0.0,0.0,0.0,0.0,15.26,4.0,0.0
20220908:0210,0.0,0.0,0.0,0.0,15.01,3.79,0.0
20220908:0310,0.0,0.0,0.0,0.0,14.65,3.66,0.0
20220908:0410,0.0,0.0,0.0,0.0,14.56,3.59,0.0
20220908:0510,0.0,0.0,0.0,0.0,14.43,3.66,0.0
20220908:0610,5.0,49.0,0.0,8.06,14.48,3.79,0.0
20220908:0710,72.0,130.0,0.0,17.9,15.94,3.93,0.0
20220908:0810,44.0,210.0,0.0,27.3,16.92,4.55,0.0
20220908:0910,249.0,230.0,0.0,35.73,18.39,5.93,0.0
20220908:1010,124.0,328.0,0.0,42.42,19.96,6.0,0.0
20220908:1110,238.0,327.0,0.0,46.42,20.58,5.72,0.0
20220908:1210,204.0,343.0,0.0,46.88,21.17,5.59,0.0
20220908:1310,266.0,295.0,0.0,43.7,21.01,5.79,0.0
20220908:1410,425.01,154.0,0.0,37.58,19.79,5.17,0.0
20220908:1510,0.0,41.0,0.0,29.51,20.53,5.31,0.0
20220908:1610,231.0,84.0,0.0,20.29,20.65,6.0,0.0
20220908:1710,42.0,72.0,0.0,10.51,20.16,4.83,0.0
20220908:1810,0.0,0.0,0.0,0.0,19.23,4.28,0.0
20220908:1910,0.0,0.0,0.0,0.0,18.69,3.72,0.0
20220908:2010,0.0,0.0,0.0,0.0,18.07,3.66,0.0
20220908:2110,0.0,0.0,0.0,0.0,17.6,4.07,0.0
20220908:2210,0.0,0.0,0.0,0.0,17.27,4.62,0.0
20220908:2310,0.0,0.0,0.0,0.0,16.85,5.03,0.0
20220909:0010,0.0,0.0,0.0,0.0,16.63,5.17,0.0
20220909:0110,0.0,0.0,0.0,0.0,16.16,5.03,0.0
20220909:0210,0.0,0.0,0.0,0.0,15.83,5.1,0.0
20220909:0310,0.0,0.0,0.0,0.0,15.53,5.24,0.0
20220909:0410,0.0,0.0,0.0,0.0,15.33,5.38,0.0
20220909:0510,0.0,0.0,0.0,0.0,15.36,5.45,0.0
20220909:0610,7.0,48.0,0.0,7.84,15.71,5.52,0.0
20220909:0710,175.0,82.0,0.0,17.67,15.71,5.03,0.0
20220909:0810,12.0,185.0,0.0,27.06,16.31,5.93,0.0
20220909:0910,21.0,251.0,0.0,35.45,17.48,5.66,0.0
20220909:1010,0.0,176.0,0.0,42.1,18.53,6.0,0.0
20220909:1110,354.01,272.0,0.0,46.06,19.27,6.14,0.0
20220909:1210,93.0,358.0,0.0,46.5,20.15,6.34,0.0
20220909:1310,18.0,293.0,0.0,43.32,20.6,6.48,0.0
20220909:1410,22.0,265.0,0.0,37.21,20.96,6.76,0.0
20220909:1510,54.0,228.0,0.0,29.15,20.27,6.48,0.0
20220909:1610,0.0,59.0,0.0,19.94,20.11,6.07,0.0
20220909:1710,14.0,71.0,0.0,10.17,19.52,5.1,0.0
20220909:1810,0.0,0.0,0.0,0.0,18.81,4.41,0.0
20220909:1910,0.0,0.0,0.0,0.0,16.22,3.52,0.0
20220909:2010,0.0,0.0,0.0,0.0,15.65,3.52,0.0
20220909:2110,0.0,0.0,0.0,0.0,15.42,3.38,0.0
20220909:2210,0.0,0.0,0.0,0.0,15.37,3.59,0.0
20220909:2310,0.0,0.0,0.0,0.0,15.14,3.79,0.0
20220910:0010,0.0,0.0,0.0,0.0,15.06,3.86,0.0
20220910:0110,0.0,0.0,0.0,0.0,14.96,3.86,0.0
20220910:0210,0.0,0.0,0.0,0.0,14.75,3.86,0.0
20220910:0310,0.0,0.0,0.0,0.0,14.56,3.79,0.0
20220910:0410,0.0,0.0,0.0,0.0,14.7,4.0,0.0
20220910:0510,0.0,0.0,0.0,0.0,14.9,4.21,0.0
20220910:0610,30.0,48.0,0.0,7.62,15.1,4.28,0.0
20220910:0710,66.0,127.0,0.0,17.44,15.4,3.72,0.0
20220910:0810,36.0,203.0,0.0,26.81,16.7,5.52,0.0
20220910:0910,9.0,228.0,0.0,35.18,17.49,5.03,0.0
20220910:1010,0.0,118.0,0.0,41.79,18.87,5.1,0.0
20220910:1110,0.0,177.0,0.0,45.7,19.76,4.76,0.0
20220910:1210,0.0,148.0,0.0,46.11,20.59,4.55,0.0
20220910:1310,0.0,76.0,0.0,42.93,20.74,4.28,0.0
20220910:1410,8.0,232.0,0.0,36.84,20.69,4.14,0.0
20220910:1510,0.0,106.0,0.0,28.79,19.8,3.59,0.0
20220910:1610,7.0,127.0,0.0,19.59,19.01,2.76,0.0
20220910:1710,22.0,69.0,0.0,9.83,18.49,2.9,0.0
20220910:1810,0.0,0.0,0.0,0.0,17.77,2.69,0.0
20220910:1910,0.0,0.0,0.0,0.0,17.22,2.62,0.0
20220910:2010,0.0,0.0,0.0,0.0,16.53,2.41,0.0
20220910:2110,0.0,0.0,0.0,0.0,15.96,2.07,0.0
20220910:2210,0.0,0.0,0.0,0.0,15.34,1.86,0.0
20220910:2310,0.0,0.0,0.0,0.0,14.62,1.79,0.0
20220911:0010,0.0,0.0,0.0,0.0,13.8,1.72,0.0
20220911:0110,0.0,0.0,0.0,0.0,13.13,1.66,0.0
20220911:0210,0.0,0.0,0.0,0.0,12.41,1.59,0.0
20220911:0310,0.0,0.0,0.0,0.0,12.39,1.1,0.0
20220911:0410,0.0,0.0,0.0,0.0,13.22,0.48,0.0
20220911:0510,0.0,0.0,0.0,0.0,12.54,0.83,0.0
20220911:0610,13.0,49.0,0.0,7.39,12.59,0.21,0.0
20220911:0710,35.0,129.0,0.0,17.21,12.73,0.28,0.0
20220911:0810,52.0,207.0,0.0,26.56,14.5,0.97,0.0
20220911:0910,45.0,268.0,0.0,34.9,15.74,1.31,0.0
20220911:1010,253.0,282.0,0.0,41.47,18.3,1.72,0.0
20220911:1110,558.01,149.0,0.0,45.34,19.92,1.38,0.0
20220911:1210,574.01,143.0,0.0,45.73,21.03,1.31,0.0
20220911:1310,522.01,146.0,0.0,42.54,21.84,1.38,0.0
20220911:1410,328.01,200.0,0.0,36.46,22.26,1.52,0.0
20220911:1510,344.01,107.0,0.0,28.43,22.74,1.59,0.0
20220911:1610,190.0,94.0,0.0,19.24,22.56,1.72,0.0
20220911:1710,61.0,56.0,0.0,9.48,22.12,1.72,0.0
20220911:1810,0.0,0.0,0.0,0.0,20.9,2.07,0.0
20220911:1910,0.0,0.0,0.0,0.0,19.5,2.97,0.0
20220911:2010,0.0,0.0,0.0,0.0,18.82,2.76,0.0
20220911:2110,0.0,0.0,0.0,0.0,18.21,2.62,0.0
20220911:2210,0.0,0.0,0.0,0.0,17.71,2.69,0.0
20220911:2310,0.0,0.0,0.0,0.0,17.29,2.62,0.0
20220912:0010,0.0,0.0,0.0,0.0,16.83,2.48,0.0
20220912:0110,0.0,0.0,0.0,0.0,16.24,2.41,0.0
20220912:0210,0.0,0.0,0.0,0.0,15.75,2.34,0.0
20220912:0310,0.0,0.0,0.0,0.0,15.29,2.34,0.0
20220912:0410,0.0,0.0,0.0,0.0,14.82,2.28,0.0
20220912:0510,0.0,0.0,0.0,0.0,14.42,2.14,0.0
20220912:0610,36.0,42.0,0.0,7.17,14.22,2.0,0.0
20220912:0710,177.0,75.0,0.0,16.98,15.93,1.79,0.0
20220912:0810,303.0,104.0,0.0,26.31,18.6,2.07,0.0
20220912:0910,125.0,266.0,0.0,34.62,21.08,2.55,0.0
20220912:1010,486.01,150.0,0.0,41.14,23.2,3.17,0.0
20220912:1110,582.01,130.0,0.0,44.97,24.69,3.45,0.0
20220912:1210,572.01,138.0,0.0,45.34,25.81,3.24,0.0
20220912:1310,544.01,126.0,0.0,42.15,26.69,2.97,0.0
20220912:1410,455.01,120.0,0.0,36.08,27.36,2.9,0.0
20220912:1510,361.01,94.0,0.0,28.07,27.57,2.97,0.0
20220912:1610,168.0,100.0,0.0,18.89,27.33,3.1,0.0
20220912:1710,41.0,60.0,0.0,9.14,26.25,2.76,0.0
20220912:1810,0.0,0.0,0.0,0.0,24.29,2.97,0.0
20220912:1910,0.0,0.0,0.0,0.0,22.77,2.97,0.0
20220912:2010,0.0,0.0,0.0,0.0,22.23,2.76,0.0
20220912:2110,0.0,0.0,0.0,0.0,21.51,2.41,0.0
20220912:2210,0.0,0.0,0.0,0.0,20.56,1.45,0.0
20220912:2310,0.0,0.0,0.0,0.0,19.72,1.93,0.0
20220913:0010,0.0,0.0,0.0,0.0,19.57,2.62,0.0
20220913:0110,0.0,0.0,0.0,0.0,19.72,2.62,0.0
20220913:0210,0.0,0.0,0.0,0.0,19.55,2.62,0.0
20220913:0310,0.0,0.0,0.0,0.0,19.24,2.97,0.0
20220913:0410,0.0,0.0,0.0,0.0,19.22,2.62,0.0
20220913:0510,0.0,0.0,0.0,0.0,19.03,2.41,0.0
20220913:0610,1.0,33.0,0.0,6.95,18.95,2.21,0.0
20220913:0710,0.0,60.0,0.0,16.75,20.77,3.1,0.0
20220913:0810,0.0,112.0,0.0,26.06,21.48,2.97,0.0
20220913:0910,16.0,234.0,0.0,34.33,22.9,2.34,0.0
20220913:1010,0.0,182.0,0.0,40.82,23.67,2.62,0.0
20220913:1110,31.0,316.0,0.0,44.61,24.31,4.62,0.0
20220913:1210,14.0,292.0,0.0,44.95,25.36,4.97,0.0
20220913:1310,16.0,280.0,0.0,41.76,26.94,4.69,0.0
20220913:1410,4.0,211.0,0.0,35.7,27.92,3.93,0.0
20220913:1510,7.0,177.0,0.0,27.7,28.19,3.59,0.0
20220913:1610,0.0,37.0,0.0,18.54,27.88,3.03,0.0
20220913:1710,19.0,61.0,0.0,8.79,27.18,2.34,0.0
20220913:1810,0.0,0.0,0.0,0.0,25.84,2.28,0.0
20220913:1910,0.0,0.0,0.0,0.0,22.73,2.48,0.0
20220913:2010,0.0,0.0,0.0,0.0,22.7,3.31,0.0
20220913:2110,0.0,0.0,0.0,0.0,22.17,3.52,0.0
20220913:2210,0.0,0.0,0.0,0.0,21.72,3.03,0.0
20220913:2310,0.0,0.0,0.0,0.0,21.26,2.69,0.0
20220914:0010,0.0,0.0,0.0,0.0,20.87,2.97,0.0
20220914:0110,0.0,0.0,0.0,0.0,20.53,2.9,0.0
20220914:0210,0.0,0.0,0.0,0.0,20.13,2.62,0.0
20220914:0310,0.0,0.0,0.0,0.0,19.73,2.34,0.0
20220914:0410,0.0,0.0,0.0,0.0,19.47,1.72,0.0
20220914:0510,0.0,0.0,0.0,0.0,19.06,1.52,0.0
20220914:0610,35.0,39.0,0.0,6.72,18.94,1.66,0.0
20220914:0710,88.0,109.0,0.0,16.52,20.3,2.62,0.0
20220914:0810,106.0,190.0,0.0,25.81,20.88,3.59,0.0
20220914:0910,259.0,203.0,0.0,34.05,22.06,4.28,0.0
20220914:1010,178.0,295.0,0.0,40.49,23.44,3.86,0.0
20220914:1110,407.01,220.0,0.0,44.24,24.41,3.72,0.0
20220914:1210,178.0,327.0,0.0,44.56,25.1,4.0,0.0
20220914:1310,459.01,163.0,0.0,41.37,25.76,3.86,0.0
20220914:1410,348.01,169.0,0.0,35.32,26.2,3.72,0.0
20220914:1510,129.0,198.0,0.0,27.33,26.26,3.72,0.0
20220914:1610,95.0,124.0,0.0,18.18,25.96,3.38,0.0
20220914:1710,51.0,50.0,0.0,8.44,25.14,2.55,0.0
20220914:1810,0.0,0.0,0.0,0.0,23.19,2.62,0.0
20220914:1910,0.0,0.0,0.0,0.0,19.88,3.03,0.0
20220914:2010,0.0,0.0,0.0,0.0,18.53,3.1,0.0
20220914:2110,0.0,0.0,0.0,0.0,17.67,2.97,0.0
20220914:2210,0.0,0.0,0.0,0.0,16.97,3.1,0.0
20220914:2310,0.0,0.0,0.0,0.0,16.47,3.24,0.0
20220915:0010,0.0,0.0,0.0,0.0,15.99,3.1,0.0
20220915:0110,0.0,0.0,0.0,0.0,15.64,2.76,0.0
20220915:0210,0.0,0.0,0.0,0.0,15.23,2.34,0.0
20220915:0310,0.0,0.0,0.0,0.0,15.04,2.14,0.0
20220915:0410,0.0,0.0,0.0,0.0,14.61,1.93,0.0
20220915:0510,0.0,0.0,0.0,0.0,14.15,1.86,0.0
20220915:0610,22.0,41.0,0.0,6.49,13.83,1.93,0.0
20220915:0710,130.0,90.0,0.0,16.28,14.73,2.9,0.0
20220915:0810,253.0,124.0,0.0,25.56,15.6,3.38,0.0
20220915:0910,344.01,159.0,0.0,33.76,17.06,2.28,0.0
20220915:1010,240.0,274.0,0.0,40.17,18.68,1.79,0.0
20220915:1110,373.01,242.0,0.0,43.88,19.82,2.34,0.0
20220915:1210,261.0,300.0,0.0,44.17,20.68,2.28,0.0
20220915:1310,131.0,316.0,0.0,40.97,21.31,2.62,0.0
20220915:1410,55.0,272.0,0.0,34.94,21.24,2.9,0.0
20220915:1510,105.0,206.0,0.0,26.97,20.8,2.97,0.0
20220915:1610,151.0,98.0,0.0,17.83,20.19,3.38,0.0
20220915:1710,38.0,52.0,0.0,8.09,19.11,3.38,0.0
20220915:1810,0.0,0.0,0.0,0.0,17.93,3.17,0.0
20220915:1910,0.0,0.0,0.0,0.0,17.18,3.66,0.0
20220915:2010,0.0,0.0,0.0,0.0,16.3,3.24,0.0
20220915:2110,0.0,0.0,0.0,0.0,15.77,2.62,0.0
20220915:2210,0.0,0.0,0.0,0.0,15.23,1.86,0.0
20220915:2310,0.0,0.0,0.0,0.0,14.53,1.59,0.0
20220916:0010,0.0,0.0,0.0,0.0,13.72,1.59,0.0
20220916:0110,0.0,0.0,0.0,0.0,13.13,1.66,0.0
20220916:0210,0.0,0.0,0.0,0.0,12.56,1.72,0.0
20220916:0310,0.0,0.0,0.0,0.0,12.78,1.59,0.0
20220916:0410,0.0,0.0,0.0,0.0,13.34,1.52,0.0
20220916:0510,0.0,0.0,0.0,0.0,13.67,1.45,0.0
20220916:0610,25.0,39.0,0.0,6.27,13.73,1.59,0.0
20220916:0710,7.0,106.0,0.0,16.05,13.48,1.52,0.0
20220916:0810,12.0,176.0,0.0,25.3,13.98,1.72,0.0
20220916:0910,135.0,259.0,0.0,33.48,14.54,1.79,0.0
20220916:1010,0.0,138.0,0.0,39.84,15.18,2.34,0.0
20220916:1110,96.0,343.0,0.0,43.51,15.03,2.41,0.0
20220916:1210,38.0,326.0,0.0,43.77,15.14,2.76,0.0
20220916:1310,13.0,274.0,0.0,40.58,15.22,3.1,0.0
20220916:1410,38.0,265.0,0.0,34.56,15.48,3.45,0.0
20220916:1510,0.0,88.0,0.0,26.6,15.74,3.86,0.0
20220916:1610,13.0,125.0,0.0,17.47,15.77,4.07,0.0
20220916:1710,10.0,52.0,0.0,7.74,15.33,3.72,0.0
20220916:1810,0.0,0.0,0.0,0.0,14.45,3.59,0.0
20220916:1910,0.0,0.0,0.0,0.0,12.98,4.34,0.0
20220916:2010,0.0,0.0,0.0,0.0,12.42,3.45,0.0
20220916:2110,0.0,0.0,0.0,0.0,11.69,2.9,0.0
20220916:2210,0.0,0.0,0.0,0.0,10.88,2.69,0.0
20220916:2310,0.0,0.0,0.0,0.0,10.34,2.55,0.0
20220917:0010,0.0,0.0,0.0,0.0,9.83,2.55,0.0
20220917:0110,0.0,0.0,0.0,0.0,9.55,2.76,0.0
20220917:0210,0.0,0.0,0.0,0.0,9.4,2.97,0.0
20220917:0310,0.0,0.0,0.0,0.0,9.13,2.83,0.0
20220917:0410,0.0,0.0,0.0,0.0,8.89,2.83,0.0
20220917:0510,0.0,0.0,0.0,0.0,8.62,2.9,0.0
20220917:0610,27.0,37.0,0.0,6.04,8.55,2.76,0.0
20220917:0710,156.0,77.0,0.0,15.81,9.56,2.48,0.0
20220917:0810,295.01,103.0,0.0,25.04,11.57,3.45,0.0
20220917:0910,323.01,177.0,0.0,33.19,13.02,4.21,0.0
20220917:1010,243.0,279.0,0.0,39.51,14.4,4.69,0.0
20220917:1110,219.0,319.0,0.0,43.14,14.93,4.55,0.0
20220917:1210,192.0,331.0,0.0,43.38,15.87,4.48,0.0
20220917:1310,225.0,293.0,0.0,40.18,16.37,4.48,0.0
20220917:1410,392.01,150.0,0.0,34.17,16.63,4.55,0.0
20220917:1510,321.01,104.0,0.0,26.23,16.52,4.55,0.0
20220917:1610,178.0,82.0,0.0,17.11,16.08,4.69,0.0
20220917:1710,43.0,45.0,0.0,7.39,15.19,4.07,0.0
20220917:1810,0.0,0.0,0.0,0.0,13.83,3.24,0.0
20220917:1910,0.0,0.0,0.0,0.0,12.85,2.83,0.0
20220917:2010,0.0,0.0,0.0,0.0,11.91,2.48,0.0
20220917:2110,0.0,0.0,0.0,0.0,11.2,2.14,0.0
20220917:2210,0.0,0.0,0.0,0.0,10.49,2.0,0.0
20220917:2310,0.0,0.0,0.0,0.0,9.79,2.0,0.0
20220918:0010,0.0,0.0,0.0,0.0,9.13,2.07,0.0
20220918:0110,0.0,0.0,0.0,0.0,8.61,2.07,0.0
20220918:0210,0.0,0.0,0.0,0.0,8.14,2.07,0.0
20220918:0310,0.0,0.0,0.0,0.0,7.72,2.07,0.0
20220918:0410,0.0,0.0,0.0,0.0,7.39,2.14,0.0
20220918:0510,0.0,0.0,0.0,0.0,7.19,2.21,0.0
20220918:0610,22.0,36.0,0.0,5.81,7.17,2.21,0.0
20220918:0710,133.0,85.0,0.0,15.57,8.94,1.86,0.0
20220918:0810,286.01,103.0,0.0,24.78,12.11,2.07,0.0
20220918:0910,417.01,117.0,0.0,32.89,14.66,2.55,0.0
20220918:1010,442.01,168.0,0.0,39.18,16.4,3.45,0.0
20220918:1110,508.01,164.0,0.0,42.77,17.64,4.34,0.0
20220918:1210,448.01,203.0,0.0,42.99,18.48,4.9,0.0
20220918:1310,364.01,220.0,0.0,39.78,18.89,5.24,0.0
20220918:1410,289.01,201.0,0.0,33.79,18.73,5.38,0.0
20220918:1510,295.01,112.0,0.0,25.86,18.44,5.38,0.0
20220918:1610,132.0,101.0,0.0,16.75,17.69,5.1,0.0
20220918:1710,36.0,44.0,0.0,7.03,16.65,4.28,0.0
20220918:1810,0.0,0.0,0.0,0.0,15.35,3.86,0.0
20220918:1910,0.0,0.0,0.0,0.0,13.19,3.59,0.0
20220918:2010,0.0,0.0,0.0,0.0,12.16,2.9,0.0
20220918:2110,0.0,0.0,0.0,0.0,11.2,2.48,0.0
20220918:2210,0.0,0.0,0.0,0.0,10.55,2.48,0.0
20220918:2310,0.0,0.0,0.0,0.0,10.16,2.48,0.0
20220919:0010,0.0,0.0,0.0,0.0,9.82,2.41,0.0
20220919:0110,0.0,0.0,0.0,0.0,9.72,2.34,0.0
20220919:0210,0.0,0.0,0.0,0.0,9.62,2.21,0.0
20220919:0310,0.0,0.0,0.0,0.0,9.12,2.14,0.0
20220919:0410,0.0,0.0,0.0,0.0,8.61,2.07,0.0
20220919:0510,0.0,0.0,0.0,0.0,8.1,2.07,0.0
20220919:0610,23.0,28.07,0.0,5.58,7.83,2.0,0.0
20220919:0710,145.0,76.0,0.0,15.34,9.85,1.79,0.0
20220919:0810,284.01,101.0,0.0,24.52,12.5,2.41,0.0
20220919:0910,323.01,167.0,0.0,32.6,14.41,2.9,0.0
20220919:1010,223.0,277.0,0.0,38.84,15.65,2.97,0.0
20220919:1110,465.01,185.0,0.0,42.4,16.33,2.97,0.0
20220919:1210,260.0,295.0,0.0,42.59,16.91,3.03,0.0
20220919:1310,444.01,168.0,0.0,39.39,17.43,3.31,0.0
20220919:1410,314.01,182.0,0.0,33.4,17.63,3.59,0.0
20220919:1510,154.0,180.0,0.0,25.49,17.33,3.72,0.0
20220919:1610,119.0,103.0,0.0,16.39,17.01,3.79,0.0
20220919:1710,26.0,44.0,0.0,6.68,16.38,3.1,0.0
20220919:1810,0.0,0.0,0.0,0.0,14.93,2.34,0.0
20220919:1910,0.0,0.0,0.0,0.0,14.24,2.83,0.0
20220919:2010,0.0,0.0,0.0,0.0,13.13,2.9,0.0
20220919:2110,0.0,0.0,0.0,0.0,12.36,2.9,0.0
20220919:2210,0.0,0.0,0.0,0.0,11.61,2.76,0.0
20220919:2310,0.0,0.0,0.0,0.0,10.94,2.41,0.0
20220920:0010,0.0,0.0,0.0,0.0,10.27,2.14,0.0
20220920:0110,0.0,0.0,0.0,0.0,9.58,2.0,0.0
20220920:0210,0.0,0.0,0.0,0.0,8.83,2.0,0.0
20220920:0310,0.0,0.0,0.0,0.0,8.13,1.86,0.0
20220920:0410,0.0,0.0,0.0,0.0,7.49,1.86,0.0
20220920:0510,0.0,0.0,0.0,0.0,7.05,1.86,0.0
20220920:0610,20.0,26.94,0.0,5.35,6.85,1.66,0.0
20220920:0710,24.0,111.0,0.0,15.1,9.01,1.17,0.0
20220920:0810,17.0,174.0,0.0,24.26,12.32,1.24,0.0
20220920:0910,23.0,236.0,0.0,32.31,13.97,1.38,0.0
20220920:1010,7.0,242.0,0.0,38.51,14.97,1.66,0.0
20220920:1110,181.0,318.0,0.0,42.02,15.9,1.86,0.0
20220920:1210,177.0,321.0,0.0,42.2,16.66,2.0,0.0
20220920:1310,45.0,300.0,0.0,38.99,16.91,2.14,0.0
20220920:1410,202.0,233.0,0.0,33.02,16.82,2.28,0.0
20220920:1510,176.0,166.0,0.0,25.12,16.63,2.28,0.0
20220920:1610,18.0,117.0,0.0,16.03,16.48,2.21,0.0
20220920:1710,1.0,30.0,0.0,6.33,15.96,2.07,0.0
20220920:1810,0.0,0.0,0.0,0.0,15.11,1.93,0.0
20220920:1910,0.0,0.0,0.0,0.0,14.37,2.14,0.0
20220920:2010,0.0,0.0,0.0,0.0,13.72,2.14,0.0
20220920:2110,0.0,0.0,0.0,0.0,13.21,2.21,0.0
20220920:2210,0.0,0.0,0.0,0.0,12.4,2.41,0.0
20220920:2310,0.0,0.0,0.0,0.0,11.78,2.55,0.0
20220921:0010,0.0,0.0,0.0,0.0,11.28,2.62,0.0
20220921:0110,0.0,0.0,0.0,0.0,10.79,2.48,0.0
20220921:0210,0.0,0.0,0.0,0.0,10.49,2.28,0.0
20220921:0310,0.0,0.0,0.0,0.0,9.98,2.21,0.0
20220921:0410,0.0,0.0,0.0,0.0,9.58,2.07,0.0
20220921:0510,0.0,0.0,0.0,0.0,9.19,2.07,0.0
20220921:0610,17.0,26.65,0.0,5.12,8.96,2.0,0.0
20220921:0710,135.0,75.0,0.0,14.85,10.2,2.0,0.0
20220921:0810,266.01,105.0,0.0,24.0,12.59,2.41,0.0
20220921:0910,394.01,118.0,0.0,32.01,14.65,2.62,0.0
20220921:1010,451.01,150.0,0.0,38.17,16.23,2.9,0.0
20220921:1110,312.01,262.0,0.0,41.65,17.52,3.38,0.0
20220921:1210,321.01,259.0,0.0,41.8,18.14,3.31,0.0
20220921:1310,426.01,170.0,0.0,38.59,18.63,3.17,0.0
20220921:1410,398.01,124.0,0.0,32.63,18.66,3.17,0.0
20220921:1510,293.01,100.0,0.0,24.75,18.69,3.1,0.0
20220921:1610,148.0,80.0,0.0,15.67,18.31,3.17,0.0
20220921:1710,25.0,38.0,0.0,5.97,17.58,2.55,0.0
20220921:1810,0.0,0.0,0.0,0.0,15.87,2.34,0.0
20220921:1910,0.0,0.0,0.0,0.0,14.78,2.41,0.0
20220921:2010,0.0,0.0,0.0,0.0,13.68,2.34,0.0
20220921:2110,0.0,0.0,0.0,0.0,12.71,2.28,0.0
20220921:2210,0.0,0.0,0.0,0.0,11.85,2.21,0.0
20220921:2310,0.0,0.0,0.0,0.0,11.06,2.14,0.0
20220922:0010,0.0,0.0,0.0,0.0,10.28,2.07,0.0
20220922:0110,0.0,0.0,0.0,0.0,9.5,2.0,0.0
20220922:0210,0.0,0.0,0.0,0.0,8.77,1.93,0.0
20220922:0310,0.0,0.0,0.0,0.0,8.16,1.86,0.0
20220922:0410,0.0,0.0,0.0,0.0,7.64,1.86,0.0
20220922:0510,0.0,0.0,0.0,0.0,7.19,1.86,0.0
20220922:0610,16.0,25.85,0.0,4.89,6.87,1.72,0.0
20220922:0710,133.0,75.0,0.0,14.61,8.64,1.17,0.0
20220922:0810,265.01,103.0,0.0,23.74,12.3,1.52,0.0
20220922:0910,378.01,126.0,0.0,31.71,14.67,1.31,0.0
20220922:1010,468.01,138.0,0.0,37.84,16.87,1.31,0.0
20220922:1110,468.01,174.0,0.0,41.27,18.22,1.38,0.0
20220922:1210,464.01,177.0,0.0,41.4,19.01,0.97,0.0
20220922:1310,483.01,133.0,0.0,38.19,19.6,0.48,0.0
20220922:1410,228.0,216.0,0.0,32.24,19.96,0.41,0.0
20220922:1510,216.0,140.0,0.0,24.37,20.06,0.48,0.0
20220922:1610,66.0,113.0,0.0,15.31,19.82,0.69,0.0
20220922:1710,11.0,33.94,0.0,5.62,19.22,1.1,0.0
20220922:1810,0.0,0.0,0.0,0.0,17.7,1.72,0.0
20220922:1910,0.0,0.0,0.0,0.0,15.85,1.66,0.0
20220922:2010,0.0,0.0,0.0,0.0,14.17,1.38,0.0
20220922:2110,0.0,0.0,0.0,0.0,13.02,1.52,0.0
20220922:2210,0.0,0.0,0.0,0.0,12.68,1.31,0.0
20220922:2310,0.0,0.0,0.0,0.0,12.09,1.31,0.0
20220923:0010,0.0,0.0,0.0,0.0,10.81,1.66,0.0
20220923:0110,0.0,0.0,0.0,0.0,10.69,1.52,0.0
20220923:0210,0.0,0.0,0.0,0.0,10.33,1.59,0.0
20220923:0310,0.0,0.0,0.0,0.0,10.07,1.59,0.0
20220923:0410,0.0,0.0,0.0,0.0,9.95,1.66,0.0
20220923:0510,0.0,0.0,0.0,0.0,9.96,1.52,0.0
20220923:0610,1.0,22.79,0.0,4.65,9.95,1.38,0.0
20220923:0710,4.0,88.0,0.0,14.37,10.73,1.1,0.0
20220923:0810,13.0,163.0,0.0,23.47,13.55,0.9,0.0
20220923:0910,10.0,210.0,0.0,31.42,15.94,0.83,0.0
20220923:1010,182.0,280.0,0.0,37.5,17.79,0.9,0.0
20220923:1110,48.0,313.0,0.0,40.9,18.98,1.17,0.0
20220923:1210,90.0,324.0,0.0,41.01,19.91,1.1,0.0
20220923:1310,60.0,297.0,0.0,37.79,20.22,1.03,0.0
20220923:1410,265.01,191.0,0.0,31.86,20.51,1.31,0.0
20220923:1510,272.01,103.0,0.0,24.0,20.59,1.52,0.0
20220923:1610,0.0,39.0,0.0,14.95,20.31,1.17,0.0
20220923:1710,4.0,30.97,0.0,5.27,19.48,1.52,0.0
20220923:1810,0.0,0.0,0.0,0.0,18.18,1.79,0.0
20220923:1910,0.0,0.0,0.0,0.0,17.27,0.97,0.0
20220923:2010,0.0,0.0,0.0,0.0,16.28,1.59,0.0
20220923:2110,0.0,0.0,0.0,0.0,14.85,2.41,0.0
20220923:2210,0.0,0.0,0.0,0.0,13.83,2.07,0.0
20220923:2310,0.0,0.0,0.0,0.0,13.48,1.38,0.0
20220924:0010,0.0,0.0,0.0,0.0,12.88,1.03,0.0
20220924:0110,0.0,0.0,0.0,0.0,12.48,1.59,0.0
20220924:0210,0.0,0.0,0.0,0.0,12.19,1.59,0.0
20220924:0310,0.0,0.0,0.0,0.0,11.95,1.79,0.0
20220924:0410,0.0,0.0,0.0,0.0,11.96,2.0,0.0
20220924:0510,0.0,0.0,0.0,0.0,11.89,2.14,0.0
20220924:0610,0.0,9.0,0.0,4.42,11.97,2.07,0.0
20220924:0710,3.0,82.0,0.0,14.12,12.25,1.1,0.0
20220924:0810,0.0,51.0,0.0,23.2,12.9,0.55,0.0
20220924:0910,0.0,101.0,0.0,31.12,13.33,0.76,0.0
20220924:1010,0.0,173.0,0.0,37.16,13.54,0.76,0.0
20220924:1110,0.0,199.0,0.0,40.52,14.3,0.83,0.0
20220924:1210,75.0,319.0,0.0,40.61,15.44,0.9,0.0
20220924:1310,148.0,287.0,0.0,37.4,16.0,0.9,0.0
20220924:1410,103.0,248.0,0.0,31.47,16.56,1.59,0.0
20220924:1510,57.0,186.0,0.0,23.63,16.99,1.79,0.0
20220924:1610,21.0,107.0,0.0,14.59,16.6,1.66,0.0
20220924:1710,2.0,25.55,0.0,4.91,15.91,2.07,0.0
20220924:1810,0.0,0.0,0.0,0.0,15.02,2.62,0.0
20220924:1910,0.0,0.0,0.0,0.0,14.1,2.34,0.0
20220924:2010,0.0,0.0,0.0,0.0,13.92,2.69,0.0
20220924:2110,0.0,0.0,0.0,0.0,13.71,3.03,0.0
20220924:2210,0.0,0.0,0.0,0.0,13.37,3.1,0.0
20220924:2310,0.0,0.0,0.0,0.0,13.07,3.1,0.0
20220925:0010,0.0,0.0,0.0,0.0,12.69,3.17,0.0
20220925:0110,0.0,0.0,0.0,0.0,12.56,3.17,0.0
20220925:0210,0.0,0.0,0.0,0.0,12.53,3.1,0.0
20220925:0310,0.0,0.0,0.0,0.0,12.48,3.24,0.0
20220925:0410,0.0,0.0,0.0,0.0,12.49,3.59,0.0
20220925:0510,0.0,0.0,0.0,0.0,12.47,3.59,0.0
20220925:0610,0.0,5.0,0.0,4.19,12.42,3.72,0.0
20220925:0710,31.0,103.0,0.0,13.88,11.7,3.38,0.0
20220925:0810,117.0,168.0,0.0,22.93,12.31,5.03,0.0
20220925:0910,356.01,129.0,0.0,30.82,13.47,4.76,0.0
20220925:1010,451.01,137.0,0.0,36.82,14.59,4.28,0.0
20220925:1110,489.01,148.0,0.0,40.15,15.95,3.93,0.0
20220925:1210,413.01,195.0,0.0,40.21,17.1,3.79,0.0
20220925:1310,293.01,229.0,0.0,37.0,17.74,4.0,0.0
20220925:1410,70.0,250.0,0.0,31.08,17.97,4.07,0.0
20220925:1510,143.0,162.0,0.0,23.26,17.82,3.86,0.0
20220925:1610,120.0,79.0,0.0,14.24,17.42,3.79,0.0
20220925:1710,4.0,26.0,0.0,4.56,16.46,3.1,0.0
20220925:1810,0.0,0.0,0.0,0.0,14.9,2.97,0.0
20220925:1910,0.0,0.0,0.0,0.0,14.44,2.28,0.0
20220925:2010,0.0,0.0,0.0,0.0,13.44,2.21,0.0
20220925:2110,0.0,0.0,0.0,0.0,12.95,2.07,0.0
20220925:2210,0.0,0.0,0.0,0.0,12.55,2.07,0.0
20220925:2310,0.0,0.0,0.0,0.0,12.02,2.21,0.0
20220926:0010,0.0,0.0,0.0,0.0,11.7,2.14,0.0
20220926:0110,0.0,0.0,0.0,0.0,11.45,2.28,0.0
20220926:0210,0.0,0.0,0.0,0.0,11.31,2.34,0.0
20220926:0310,0.0,0.0,0.0,0.0,11.22,2.62,0.0
20220926:0410,0.0,0.0,0.0,0.0,11.29,2.97,0.0
20220926:0510,0.0,0.0,0.0,0.0,11.33,3.45,0.0
20220926:0610,0.0,4.0,0.0,3.95,11.36,3.93,0.0
20220926:0710,11.0,94.0,0.0,13.63,11.27,4.21,0.0
20220926:0810,7.0,148.0,0.0,22.67,12.09,4.41,0.0
20220926:0910,130.0,234.0,0.0,30.51,13.13,5.79,0.0
20220926:1010,17.0,256.0,0.0,36.48,14.39,6.62,0.0
20220926:1110,0.0,135.0,0.0,39.77,15.28,6.97,0.0
20220926:1210,0.0,70.0,0.0,39.81,14.09,6.41,0.0
20220926:1310,0.0,119.0,0.0,36.6,13.2,6.9,0.0
20220926:1410,0.0,64.0,0.0,30.7,12.93,6.48,0.0
20220926:1510,0.0,113.0,0.0,22.89,13.13,5.66,0.0
20220926:1610,8.0,92.0,0.0,13.88,13.41,4.55,0.0
20220926:1710,0.0,20.0,0.0,4.21,12.79,4.62,0.0
20220926:1810,0.0,0.0,0.0,0.0,12.25,3.79,0.0
20220926:1910,0.0,0.0,0.0,0.0,12.06,3.86,0.0
20220926:2010,0.0,0.0,0.0,0.0,11.67,4.0,0.0
20220926:2110,0.0,0.0,0.0,0.0,11.29,3.93,0.0
20220926:2210,0.0,0.0,0.0,0.0,11.06,3.66,0.0
20220926:2310,0.0,0.0,0.0,0.0,10.68,3.24,0.0
20220927:0010,0.0,0.0,0.0,0.0,10.32,3.38,0.0
20220927:0110,0.0,0.0,0.0,0.0,10.34,3.72,0.0
20220927:0210,0.0,0.0,0.0,0.0,10.31,4.07,0.0
20220927:0310,0.0,0.0,0.0,0.0,10.15,4.0,0.0
20220927:0410,0.0,0.0,0.0,0.0,9.89,3.93,0.0
20220927:0510,0.0,0.0,0.0,0.0,9.86,3.86,0.0
20220927:0610,0.0,10.0,0.0,3.71,9.97,3.93,0.0
20220927:0710,15.0,96.0,0.0,13.38,10.88,4.28,0.0
20220927:0810,16.0,161.0,0.0,22.39,11.92,4.48,0.0
20220927:0910,7.0,195.0,0.0,30.21,12.7,5.17,0.0
20220927:1010,0.0,83.0,0.0,36.13,13.05,4.97,0.0
20220927:1110,0.0,182.0,0.0,39.39,13.77,4.83,0.0
20220927:1210,44.0,303.0,0.0,39.42,14.36,5.24,0.0
20220927:1310,6.0,227.0,0.0,36.2,14.23,5.52,0.0
20220927:1410,41.0,237.0,0.0,30.31,15.09,5.86,0.0
20220927:1510,48.0,178.0,0.0,22.52,15.47,6.0,0.0
20220927:1610,15.0,98.0,0.0,13.52,15.79,5.52,0.0
20220927:1710,0.0,17.0,0.0,3.86,14.99,4.83,0.0
20220927:1810,0.0,0.0,0.0,0.0,13.06,4.41,0.0
20220927:1910,0.0,0.0,0.0,0.0,12.17,4.14,0.0
20220927:2010,0.0,0.0,0.0,0.0,11.92,4.28,0.0
20220927:2110,0.0,0.0,0.0,0.0,12.13,4.21,0.0
20220927:2210,0.0,0.0,0.0,0.0,12.27,3.79,0.0
20220927:2310,0.0,0.0,0.0,0.0,12.23,4.0,0.0
20220928:0010,0.0,0.0,0.0,0.0,12.23,3.72,0.0
20220928:0110,0.0,0.0,0.0,0.0,12.01,2.97,0.0
20220928:0210,0.0,0.0,0.0,0.0,11.87,2.76,0.0
20220928:0310,0.0,0.0,0.0,0.0,11.62,2.69,0.0
20220928:0410,0.0,0.0,0.0,0.0,11.35,2.69,0.0
20220928:0510,0.0,0.0,0.0,0.0,11.04,2.76,0.0
20220928:0610,0.0,5.0,0.0,3.48,10.75,2.62,0.0
20220928:0710,1.0,70.0,0.0,13.13,10.87,1.93,0.0
20220928:0810,23.0,166.0,0.0,22.12,11.5,2.28,0.0
20220928:0910,76.0,240.0,0.0,29.91,12.53,2.55,0.0
20220928:1010,27.0,266.0,0.0,35.79,13.55,2.76,0.0
20220928:1110,76.0,311.0,0.0,39.02,14.3,2.69,0.0
20220928:1210,89.0,311.0,0.0,39.02,14.99,2.9,0.0
20220928:1310,143.0,280.0,0.0,35.8,15.3,3.17,0.0
20220928:1410,79.0,241.0,0.0,29.92,15.2,3.03,0.0
20220928:1510,9.0,151.0,0.0,22.15,14.88,3.03,0.0
20220928:1610,29.0,99.0,0.0,13.16,14.49,2.62,0.0
20220928:1710,0.0,20.0,0.0,3.5,13.89,1.86,0.0
20220928:1810,0.0,0.0,0.0,0.0,13.25,1.52,0.0
20220928:1910,0.0,0.0,0.0,0.0,12.05,1.45,0.0
20220928:2010,0.0,0.0,0.0,0.0,11.08,2.0,0.0
20220928:2110,0.0,0.0,0.0,0.0,10.38,2.21,0.0
20220928:2210,0.0,0.0,0.0,0.0,9.7,2.21,0.0
20220928:2310,0.0,0.0,0.0,0.0,9.45,2.0,0.0
20220929:0010,0.0,0.0,0.0,0.0,8.81,1.93,0.0
20220929:0110,0.0,0.0,0.0,0.0,8.5,1.79,0.0
20220929:0210,0.0,0.0,0.0,0.0,8.14,1.79,0.0
20220929:0310,0.0,0.0,0.0,0.0,7.83,1.72,0.0
20220929:0410,0.0,0.0,0.0,0.0,7.59,1.59,0.0
20220929:0510,0.0,0.0,0.0,0.0,7.37,1.45,0.0
20220929:0610,3.0,16.34,0.0,3.24,7.2,1.31,0.0
20220929:0710,17.0,92.0,0.0,12.88,7.64,1.1,0.0
20220929:0810,16.0,159.0,0.0,21.85,9.72,1.24,0.0
20220929:0910,0.0,154.0,0.0,29.6,11.47,0.9,0.0
20220929:1010,9.0,235.0,0.0,35.45,12.66,0.62,0.0
20220929:1110,191.0,291.0,0.0,38.64,13.83,0.41,0.0
20220929:1210,0.0,132.0,0.0,38.62,14.61,0.34,0.0
20220929:1310,1.0,192.0,0.0,35.41,15.13,0.34,0.0
20220929:1410,17.0,215.0,0.0,29.54,15.18,0.62,0.0
20220929:1510,66.0,173.0,0.0,21.78,15.14,1.17,0.0
20220929:1610,87.0,81.0,0.0,12.8,14.15,1.38,0.0
20220929:1710,0.0,19.0,0.0,3.16,12.88,2.0,0.0
20220929:1810,0.0,0.0,0.0,0.0,11.93,1.86,0.0
20220929:1910,0.0,0.0,0.0,0.0,11.38,1.31,0.0
20220929:2010,0.0,0.0,0.0,0.0,10.58,1.31,0.0
20220929:2110,0.0,0.0,0.0,0.0,10.02,1.79,0.0
20220929:2210,0.0,0.0,0.0,0.0,9.41,1.93,0.0
20220929:2310,0.0,0.0,0.0,0.0,9.08,1.86,0.0
20220930:0010,0.0,0.0,0.0,0.0,8.27,1.86,0.0
20220930:0110,0.0,0.0,0.0,0.0,7.47,1.79,0.0
20220930:0210,0.0,0.0,0.0,0.0,6.67,1.66,0.0
20220930:0310,0.0,0.0,0.0,0.0,7.89,0.97,0.0
20220930:0410,0.0,0.0,0.0,0.0,6.72,1.17,0.0
20220930:0510,0.0,0.0,0.0,0.0,5.14,2.0,0.0
20220930:0610,5.0,15.81,0.0,3.0,5.02,1.72,0.0
20220930:0710,103.0,70.0,0.0,12.63,6.6,0.9,0.0
20220930:0810,236.01,97.0,0.0,21.58,9.78,0.48,0.0
20220930:0910,374.01,106.0,0.0,29.29,12.31,0.83,0.0
20220930:1010,467.01,115.0,0.0,35.1,14.48,1.31,0.0
20220930:1110,443.01,161.0,0.0,38.26,15.85,1.86,0.0
20220930:1210,245.01,267.0,0.0,38.23,16.8,2.62,0.0
20220930:1310,408.01,149.0,0.0,35.01,17.4,3.17,0.0
20220930:1410,243.01,179.0,0.0,29.16,17.55,3.79,0.0
20220930:1510,152.0,142.0,0.0,21.41,17.44,4.34,0.0
20220930:1610,2.0,72.0,0.0,12.45,16.98,4.28,0.0
20220930:1710,0.0,16.0,0.0,2.81,15.97,4.0,0.0
20220930:1810,0.0,0.0,0.0,0.0,15.12,3.86,0.0
20220930:1910,0.0,0.0,0.0,0.0,14.23,4.28,0.0
20220930:2010,0.0,0.0,0.0,0.0,14.08,4.69,0.0
20220930:2110,0.0,0.0,0.0,0.0,13.33,5.31,0.0
20220930:2210,0.0,0.0,0.0,0.0,12.72,6.0,0.0
20220930:2310,0.0,0.0,0.0,0.0,12.3,6.62,0.0
20221001:0010,0.0,0.0,0.0,0.0,12.43,7.24,0.0
20221001:0110,0.0,0.0,0.0,0.0,12.63,7.31,0.0
20221001:0210,0.0,0.0,0.0,0.0,12.89,7.31,0.0
20221001:0310,0.0,0.0,0.0,0.0,13.12,7.1,0.0
20221001:0410,0.0,0.0,0.0,0.0,13.51,6.62,0.0
20221001:0510,0.0,0.0,0.0,0.0,14.02,5.86,0.0
20221001:0610,3.0,13.36,0.0,2.76,14.63,5.24,0.0
20221001:0710,7.0,81.0,0.0,12.38,15.33,5.17,0.0
20221001:0810,22.0,157.0,0.0,21.3,15.85,5.03,0.0
20221001:0910,9.0,191.0,0.0,28.99,16.54,5.24,0.0
20221001:1010,6.0,217.0,0.0,34.76,17.26,5.66,0.0
20221001:1110,99.0,299.0,0.0,37.88,18.37,5.79,0.0
20221001:1210,196.0,275.0,0.0,37.83,19.2,5.93,0.0
20221001:1310,264.01,216.0,0.0,34.62,19.7,6.14,0.0
20221001:1410,46.0,224.0,0.0,28.77,19.93,6.14,0.0
20221001:1510,150.0,134.0,0.0,21.04,19.82,5.93,0.0
20221001:1610,89.0,70.0,0.0,12.09,19.41,5.31,0.0
20221001:1710,0.0,13.0,0.0,2.46,18.85,5.1,0.0
20221001:1810,0.0,0.0,0.0,0.0,17.86,4.76,0.0
20221001:1910,0.0,0.0,0.0,0.0,16.79,3.86,0.0
20221001:2010,0.0,0.0,0.0,0.0,15.77,3.31,0.0
20221001:2110,0.0,0.0,0.0,0.0,15.07,2.9,0.0
20221001:2210,0.0,0.0,0.0,0.0,14.88,3.03,0.0
20221001:2310,0.0,0.0,0.0,0.0,15.01,3.38,0.0
20221002:0010,0.0,0.0,0.0,0.0,15.14,3.38,0.0
20221002:0110,0.0,0.0,0.0,0.0,15.15,3.59,0.0
20221002:0210,0.0,0.0,0.0,0.0,15.39,3.72,0.0
20221002:0310,0.0,0.0,0.0,0.0,15.84,4.41,0.0
20221002:0410,0.0,0.0,0.0,0.0,16.26,5.03,0.0
20221002:0510,0.0,0.0,0.0,0.0,16.14,5.17,0.0
20221002:0610,1.0,9.83,0.0,2.52,15.65,5.03,0.0
20221002:0710,98.0,64.0,0.0,12.13,16.28,4.97,0.0
20221002:0810,36.0,160.0,0.0,21.02,16.65,5.1,0.0
20221002:0910,33.0,218.0,0.0,28.68,17.0,6.14,0.0
20221002:1010,13.0,233.0,0.0,34.41,17.57,6.48,0.0
20221002:1110,24.0,270.0,0.0,37.51,18.83,7.93,0.0
20221002:1210,25.0,271.0,0.0,37.44,19.88,7.66,0.0
20221002:1310,117.0,268.0,0.0,34.22,20.29,6.97,0.0
20221002:1410,175.0,197.0,0.0,28.39,20.37,6.21,0.0
20221002:1510,0.0,86.0,0.0,20.68,18.85,4.76,0.0
20221002:1610,18.0,83.0,0.0,11.74,17.39,2.97,0.0
20221002:1710,0.0,8.0,0.0,2.11,16.46,1.93,0.0
20221002:1810,0.0,0.0,0.0,0.0,15.69,1.79,0.0
20221002:1910,0.0,0.0,0.0,0.0,14.54,2.14,0.0
20221002:2010,0.0,0.0,0.0,0.0,13.99,2.0,0.0
20221002:2110,0.0,0.0,0.0,0.0,13.4,1.93,0.0
20221002:2210,0.0,0.0,0.0,0.0,12.54,2.0,0.0
20221002:2310,0.0,0.0,0.0,0.0,11.81,2.07,0.0
20221003:0010,0.0,0.0,0.0,0.0,11.32,2.07,0.0
20221003:0110,0.0,0.0,0.0,0.0,10.77,2.14,0.0
20221003:0210,0.0,0.0,0.0,0.0,10.4,2.21,0.0
20221003:0310,0.0,0.0,0.0,0.0,10.23,2.14,0.0
20221003:0410,0.0,0.0,0.0,0.0,10.55,2.28,0.0
20221003:0510,0.0,0.0,0.0,0.0,10.48,2.41,0.0
20221003:0610,0.0,9.0,0.0,2.28,10.38,2.21,0.0
20221003:0710,7.0,79.0,0.0,11.87,10.69,2.14,0.0
20221003:0810,5.0,134.0,0.0,20.75,11.07,2.14,0.0
20221003:0910,0.0,111.0,0.0,28.37,11.7,1.93,0.0
20221003:1010,0.0,111.0,0.0,34.07,12.58,1.86,0.0
20221003:1110,0.0,147.0,0.0,37.13,13.93,1.93,0.0
20221003:1210,0.0,173.0,0.0,37.04,14.96,1.86,0.0
20221003:1310,0.0,161.0,0.0,33.83,16.1,1.79,0.0
20221003:1410,31.0,218.0,0.0,28.01,16.76,1.86,0.0
20221003:1510,124.0,143.0,0.0,20.31,16.92,2.07,0.0
20221003:1610,35.0,85.0,0.0,11.39,16.61,2.14,0.0
20221003:1710,0.0,5.0,0.0,1.77,15.6,1.79,0.0
20221003:1810,0.0,0.0,0.0,0.0,14.16,2.07,0.0
20221003:1910,0.0,0.0,0.0,0.0,12.55,1.52,0.0
20221003:2010,0.0,0.0,0.0,0.0,11.89,1.66,0.0
20221003:2110,0.0,0.0,0.0,0.0,11.17,1.38,0.0
20221003:2210,0.0,0.0,0.0,0.0,10.51,1.31,0.0
20221003:2310,0.0,0.0,0.0,0.0,10.19,1.38,0.0
20221004:0010,0.0,0.0,0.0,0.0,9.79,1.52,0.0
20221004:0110,0.0,0.0,0.0,0.0,9.23,1.38,0.0
20221004:0210,0.0,0.0,0.0,0.0,10.1,0.76,0.0
20221004:0310,0.0,0.0,0.0,0.0,10.38,0.62,0.0
20221004:0410,0.0,0.0,0.0,0.0,9.16,1.17,0.0
20221004:0510,0.0,0.0,0.0,0.0,8.5,1.52,0.0
20221004:0610,0.0,5.0,0.0,2.04,8.21,1.31,0.0
20221004:0710,24.0,85.0,0.0,11.62,9.65,0.97,0.0
20221004:0810,41.0,160.0,0.0,20.47,12.5,0.97,0.0
20221004:0910,28.0,214.0,0.0,28.06,13.96,1.31,0.0
20221004:1010,37.0,261.0,0.0,33.72,15.12,2.0,0.0
20221004:1110,77.0,296.0,0.0,36.75,16.24,2.41,0.0
20221004:1210,347.01,199.0,0.0,36.65,17.14,2.69,0.0
20221004:1310,416.01,125.0,0.0,33.44,17.78,2.62,0.0
20221004:1410,333.01,111.0,0.0,27.63,18.21,2.62,0.0
20221004:1510,208.01,96.0,0.0,19.95,18.3,2.69,0.0
20221004:1610,68.0,71.0,0.0,11.04,18.2,2.76,0.0
20221004:1710,0.0,5.0,0.0,1.43,17.34,2.14,0.0
20221004:1810,0.0,0.0,0.0,0.0,16.19,2.28,0.0
20221004:1910,0.0,0.0,0.0,0.0,15.71,2.21,0.0
20221004:2010,0.0,0.0,0.0,0.0,15.5,2.21,0.0
20221004:2110,0.0,0.0,0.0,0.0,15.33,2.21,0.0
20221004:2210,0.0,0.0,0.0,0.0,14.86,2.21,0.0
20221004:2310,0.0,0.0,0.0,0.0,14.49,2.28,0.0
20221005:0010,0.0,0.0,0.0,0.0,13.93,2.48,0.0
20221005:0110,0.0,0.0,0.0,0.0,13.91,2.69,0.0
20221005:0210,0.0,0.0,0.0,0.0,13.41,2.9,0.0
20221005:0310,0.0,0.0,0.0,0.0,12.98,3.03,0.0
20221005:0410,0.0,0.0,0.0,0.0,12.66,3.1,0.0
20221005:0510,0.0,0.0,0.0,0.0,12.43,3.31,0.0
20221005:0610,0.0,7.0,0.0,1.8,12.37,3.66,0.0
20221005:0710,85.0,65.0,0.0,11.36,13.19,3.79,0.0
20221005:0810,204.01,99.0,0.0,20.19,14.92,4.0,0.0
20221005:0910,9.0,188.0,0.0,27.75,17.12,4.97,0.0
20221005:1010,1.0,183.0,0.0,33.38,18.9,5.59,0.0
20221005:1110,178.0,274.0,0.0,36.38,20.35,6.07,0.0
20221005:1210,405.01,161.0,0.0,36.26,21.57,6.48,0.0
20221005:1310,150.0,255.0,0.0,33.05,22.19,6.69,0.0
20221005:1410,149.0,201.0,0.0,27.26,22.19,6.83,0.0
20221005:1510,118.0,137.0,0.0,19.59,21.7,6.41,0.0
20221005:1610,36.0,78.0,0.0,10.69,21.06,5.38,0.0
20221005:1710,0.0,0.0,0.0,0.0,19.99,4.69,0.0
20221005:1810,0.0,0.0,0.0,0.0,19.33,4.48,0.0
20221005:1910,0.0,0.0,0.0,0.0,19.01,4.41,0.0
20221005:2010,0.0,0.0,0.0,0.0,18.47,4.48,0.0
20221005:2110,0.0,0.0,0.0,0.0,17.38,4.14,0.0
20221005:2210,0.0,0.0,0.0,0.0,16.53,3.86,0.0
20221005:2310,0.0,0.0,0.0,0.0,15.43,4.0,0.0
20221006:0010,0.0,0.0,0.0,0.0,14.17,3.59,0.0
20221006:0110,0.0,0.0,0.0,0.0,12.96,2.97,0.0
20221006:0210,0.0,0.0,0.0,0.0,12.21,2.41,0.0
20221006:0310,0.0,0.0,0.0,0.0,11.39,2.28,0.0
20221006:0410,0.0,0.0,0.0,0.0,10.53,2.28,0.0
20221006:0510,0.0,0.0,0.0,0.0,9.81,2.21,0.0
20221006:0610,0.0,6.0,0.0,1.55,9.23,2.07,0.0
20221006:0710,80.0,66.0,0.0,11.11,9.36,1.52,0.0
20221006:0810,204.01,99.0,0.0,19.91,12.13,1.45,0.0
20221006:0910,326.01,115.0,0.0,27.44,14.03,1.66,0.0
20221006:1010,387.01,143.0,0.0,33.03,15.5,1.59,0.0
20221006:1110,354.01,194.0,0.0,36.0,16.4,1.17,0.0
20221006:1210,383.01,176.0,0.0,35.87,17.04,0.9,0.0
20221006:1310,391.01,137.0,0.0,32.66,17.42,0.97,0.0
20221006:1410,319.01,114.0,0.0,26.88,17.65,0.97,0.0
20221006:1510,196.01,98.0,0.0,19.23,17.53,0.76,0.0
20221006:1610,77.0,61.0,0.0,10.34,17.22,0.48,0.0
20221006:1710,0.0,0.0,0.0,0.0,16.59,0.21,0.0
20221006:1810,0.0,0.0,0.0,0.0,14.76,0.97,0.0
20221006:1910,0.0,0.0,0.0,0.0,12.72,1.38,0.0
20221006:2010,0.0,0.0,0.0,0.0,12.17,1.17,0.0
20221006:2110,0.0,0.0,0.0,0.0,12.41,0.9,0.0
20221006:2210,0.0,0.0,0.0,0.0,11.86,0.83,0.0
20221006:2310,0.0,0.0,0.0,0.0,11.3,0.97,0.0
20221007:0010,0.0,0.0,0.0,0.0,10.15,1.03,0.0
20221007:0110,0.0,0.0,0.0,0.0,9.14,1.17,0.0
20221007:0210,0.0,0.0,0.0,0.0,8.23,1.38,0.0
20221007:0310,0.0,0.0,0.0,0.0,7.72,1.45,0.0
20221007:0410,0.0,0.0,0.0,0.0,7.95,1.24,0.0
20221007:0510,0.0,0.0,0.0,0.0,9.05,0.83,0.0
20221007:0610,0.0,0.0,0.0,0.0,8.94,0.55,0.0
20221007:0710,82.0,62.0,0.0,10.85,8.96,0.28,0.0
20221007:0810,201.01,98.0,0.0,19.63,11.15,0.21,0.0
20221007:0910,316.01,118.0,0.0,27.12,14.02,0.48,0.0
20221007:1010,376.01,146.0,0.0,32.68,16.07,0.83,0.0
20221007:1110,409.01,159.0,0.0,35.62,17.16,1.1,0.0
20221007:1210,364.01,184.0,0.0,35.48,17.68,1.38,0.0
20221007:1310,401.01,127.0,0.0,32.27,18.18,1.38,0.0
20221007:1410,211.01,171.0,0.0,26.51,18.54,1.38,0.0
20221007:1510,152.0,117.0,0.0,18.87,18.63,1.79,0.0
20221007:1610,54.0,67.0,0.0,10.0,18.39,1.59,0.0
20221007:1710,0.0,0.0,0.0,0.0,17.27,1.52,0.0
20221007:1810,0.0,0.0,0.0,0.0,15.46,2.07,0.0
20221007:1910,0.0,0.0,0.0,0.0,13.51,2.34,0.0
20221007:2010,0.0,0.0,0.0,0.0,12.33,2.48,0.0
20221007:2110,0.0,0.0,0.0,0.0,11.44,2.55,0.0
20221007:2210,0.0,0.0,0.0,0.0,10.77,2.48,0.0
20221007:2310,0.0,0.0,0.0,0.0,10.31,2.34,0.0
20221008:0010,0.0,0.0,0.0,0.0,9.72,2.21,0.0
20221008:0110,0.0,0.0,0.0,0.0,9.24,2.28,0.0
20221008:0210,0.0,0.0,0.0,0.0,8.87,2.34,0.0
20221008:0310,0.0,0.0,0.0,0.0,8.9,2.41,0.0
20221008:0410,0.0,0.0,0.0,0.0,9.26,2.41,0.0
20221008:0510,0.0,0.0,0.0,0.0,9.98,2.34,0.0
20221008:0610,0.0,0.0,0.0,0.0,10.18,2.28,0.0
20221008:0710,76.0,62.0,0.0,10.59,10.37,2.07,0.0
20221008:0810,195.01,97.0,0.0,19.35,12.36,2.14,0.0
20221008:0910,308.01,118.0,0.0,26.81,14.22,2.76,0.0
20221008:1010,291.01,189.0,0.0,32.34,15.66,3.03,0.0
20221008:1110,136.0,281.0,0.0,35.25,16.55,2.97,0.0
20221008:1210,170.0,270.0,0.0,35.09,16.94,2.69,0.0
20221008:1310,220.01,220.0,0.0,31.89,17.25,2.21,0.0
20221008:1410,192.0,175.0,0.0,26.13,17.39,1.93,0.0
20221008:1510,113.0,130.0,0.0,18.51,17.19,1.72,0.0
20221008:1610,71.0,56.0,0.0,9.65,16.75,1.59,0.0
20221008:1710,0.0,0.0,0.0,0.0,15.69,1.66,0.0
20221008:1810,0.0,0.0,0.0,0.0,14.15,2.0,0.0
20221008:1910,0.0,0.0,0.0,0.0,12.63,2.48,0.0
20221008:2010,0.0,0.0,0.0,0.0,11.71,2.62,0.0
20221008:2110,0.0,0.0,0.0,0.0,10.95,2.69,0.0
20221008:2210,0.0,0.0,0.0,0.0,10.27,2.55,0.0
20221008:2310,0.0,0.0,0.0,0.0,9.57,2.41,0.0
20221009:0010,0.0,0.0,0.0,0.0,8.91,2.28,0.0
20221009:0110,0.0,0.0,0.0,0.0,8.33,2.28,0.0
20221009:0210,0.0,0.0,0.0,0.0,7.87,2.28,0.0
20221009:0310,0.0,0.0,0.0,0.0,7.48,2.34,0.0
20221009:0410,0.0,0.0,0.0,0.0,7.2,2.34,0.0
20221009:0510,0.0,0.0,0.0,0.0,6.95,2.34,0.0
20221009:0610,0.0,0.0,0.0,0.0,6.74,2.48,0.0
20221009:0710,79.0,59.0,0.0,10.33,7.38,2.34,0.0
20221009:0810,188.01,100.0,0.0,19.07,9.69,2.48,0.0
20221009:0910,310.01,117.0,0.0,26.5,12.09,2.97,0.0
20221009:1010,385.01,135.0,0.0,31.99,14.13,2.9,0.0
20221009:1110,411.01,152.0,0.0,34.88,15.9,2.97,0.0
20221009:1210,417.01,147.0,0.0,34.7,17.26,3.17,0.0
20221009:1310,386.01,130.0,0.0,31.5,18.17,3.24,0.0
20221009:1410,300.01,115.0,0.0,25.76,18.69,3.17,0.0
20221009:1510,181.01,95.0,0.0,18.16,18.74,3.1,0.0
20221009:1610,66.0,56.0,0.0,9.31,18.24,2.48,0.0
20221009:1710,0.0,0.0,0.0,0.0,16.5,2.41,0.0
20221009:1810,0.0,0.0,0.0,0.0,14.67,2.55,0.0
20221009:1910,0.0,0.0,0.0,0.0,13.45,2.48,0.0
20221009:2010,0.0,0.0,0.0,0.0,12.47,2.62,0.0
20221009:2110,0.0,0.0,0.0,0.0,11.79,2.62,0.0
20221009:2210,0.0,0.0,0.0,0.0,11.24,2.48,0.0
20221009:2310,0.0,0.0,0.0,0.0,10.74,2.41,0.0
20221010:0010,0.0,0.0,0.0,0.0,10.44,2.34,0.0
20221010:0110,0.0,0.0,0.0,0.0,10.36,2.34,0.0
20221010:0210,0.0,0.0,0.0,0.0,10.45,2.28,0.0
20221010:0310,0.0,0.0,0.0,0.0,10.62,2.28,0.0
20221010:0410,0.0,0.0,0.0,0.0,10.9,2.34,0.0
20221010:0510,0.0,0.0,0.0,0.0,11.28,2.48,0.0
20221010:0610,0.0,0.0,0.0,0.0,11.63,2.55,0.0
20221010:0710,8.0,66.0,0.0,10.07,12.84,2.9,0.0
20221010:0810,44.0,145.0,0.0,18.78,14.58,2.69,0.0
20221010:0910,0.0,76.0,0.0,26.19,16.68,3.79,0.0
20221010:1010,5.0,199.0,0.0,31.65,17.9,4.83,0.0
20221010:1110,21.0,249.0,0.0,34.5,18.31,4.76,0.0
20221010:1210,17.0,243.0,0.0,34.32,18.58,4.48,0.0
20221010:1310,11.0,213.0,0.0,31.12,19.14,4.34,0.0
20221010:1410,0.0,101.0,0.0,25.4,19.28,3.86,0.0
20221010:1510,23.0,134.0,0.0,17.81,19.23,3.38,0.0
20221010:1610,6.0,57.0,0.0,8.98,18.84,2.62,0.0
20221010:1710,0.0,0.0,0.0,0.0,17.52,2.41,0.0
20221010:1810,0.0,0.0,0.0,0.0,16.27,2.69,0.0
20221010:1910,0.0,0.0,0.0,0.0,17.0,2.48,0.0
20221010:2010,0.0,0.0,0.0,0.0,16.15,3.38,0.0
20221010:2110,0.0,0.0,0.0,0.0,15.07,3.79,0.0
20221010:2210,0.0,0.0,0.0,0.0,14.0,3.79,0.0
20221010:2310,0.0,0.0,0.0,0.0,13.05,3.72,0.0
20221011:0010,0.0,0.0,0.0,0.0,12.36,3.72,0.0
20221011:0110,0.0,0.0,0.0,0.0,11.79,3.66,0.0
20221011:0210,0.0,0.0,0.0,0.0,11.46,3.52,0.0
20221011:0310,0.0,0.0,0.0,0.0,11.05,3.38,0.0
20221011:0410,0.0,0.0,0.0,0.0,10.56,3.24,0.0
20221011:0510,0.0,0.0,0.0,0.0,10.13,3.24,0.0
20221011:0610,0.0,0.0,0.0,0.0,9.84,3.1,0.0
20221011:0710,4.0,61.0,0.0,9.81,9.5,2.97,0.0
20221011:0810,116.0,127.0,0.0,18.5,10.66,3.45,0.0
20221011:0910,251.01,139.0,0.0,25.87,12.13,3.52,0.0
20221011:1010,351.01,143.0,0.0,31.3,13.89,3.38,0.0
20221011:1110,0.0,0.0,0.0,0.0,15.43,3.24,0.0
20221011:1210,412.01,136.0,0.0,33.94,16.58,3.17,0.0
20221011:1310,358.01,133.0,0.0,30.74,17.24,3.03,0.0
20221011:1410,270.01,120.0,0.0,25.03,17.59,2.9,0.0
20221011:1510,162.0,95.0,0.0,17.46,17.53,2.76,0.0
20221011:1610,56.0,52.0,0.0,8.64,17.06,2.55,0.0
20221011:1710,0.0,0.0,0.0,0.0,15.64,2.48,0.0
20221011:1810,0.0,0.0,0.0,0.0,14.13,2.69,0.0
20221011:1910,0.0,0.0,0.0,0.0,13.06,2.69,0.0
20221011:2010,0.0,0.0,0.0,0.0,12.33,2.55,0.0
20221011:2110,0.0,0.0,0.0,0.0,11.95,2.28,0.0
20221011:2210,0.0,0.0,0.0,0.0,11.67,2.0,0.0
20221011:2310,0.0,0.0,0.0,0.0,11.7,1.79,0.0
20221012:0010,0.0,0.0,0.0,0.0,12.28,1.38,0.0
20221012:0110,0.0,0.0,0.0,0.0,12.12,1.24,0.0
20221012:0210,0.0,0.0,0.0,0.0,11.98,1.1,0.0
20221012:0310,0.0,0.0,0.0,0.0,11.53,1.38,0.0
20221012:0410,0.0,0.0,0.0,0.0,11.23,1.31,0.0
20221012:0510,0.0,0.0,0.0,0.0,11.21,1.03,0.0
20221012:0610,0.0,0.0,0.0,0.0,11.05,0.97,0.0
20221012:0710,53.0,61.0,0.0,9.55,9.8,1.03,0.0
20221012:0810,129.0,118.0,0.0,18.22,11.68,0.55,0.0
20221012:0910,5.0,162.0,0.0,25.56,12.97,0.55,0.0
20221012:1010,87.0,251.0,0.0,30.96,14.09,0.55,0.0
20221012:1110,0.0,0.0,0.0,0.0,14.99,0.76,0.0
20221012:1210,117.0,269.0,0.0,33.55,15.56,0.9,0.0
20221012:1310,252.01,188.0,0.0,30.36,16.28,0.9,0.0
20221012:1410,265.01,119.0,0.0,24.67,16.95,0.41,0.0
20221012:1510,154.0,95.0,0.0,17.11,17.05,0.48,0.0
20221012:1610,48.0,52.0,0.0,8.31,16.89,1.31,0.0
20221012:1710,0.0,0.0,0.0,0.0,16.23,1.45,0.0
20221012:1810,0.0,0.0,0.0,0.0,15.12,1.79,0.0
20221012:1910,0.0,0.0,0.0,0.0,14.53,2.0,0.0
20221012:2010,0.0,0.0,0.0,0.0,13.76,2.21,0.0
20221012:2110,0.0,0.0,0.0,0.0,13.55,2.21,0.0
20221012:2210,0.0,0.0,0.0,0.0,13.07,2.28,0.0
20221012:2310,0.0,0.0,0.0,0.0,12.91,2.07,0.0
20221013:0010,0.0,0.0,0.0,0.0,12.73,1.86,0.0
20221013:0110,0.0,0.0,0.0,0.0,12.67,2.07,0.0
20221013:0210,0.0,0.0,0.0,0.0,12.57,2.14,0.0
20221013:0310,0.0,0.0,0.0,0.0,12.53,2.21,0.0
20221013:0410,0.0,0.0,0.0,0.0,12.55,2.28,0.0
20221013:0510,0.0,0.0,0.0,0.0,12.44,2.34,0.0
20221013:0610,0.0,0.0,0.0,0.0,12.15,2.55,0.0
20221013:0710,0.0,31.0,0.0,9.29,11.81,2.76,0.0
20221013:0810,2.0,105.0,0.0,17.93,12.99,3.1,0.0
20221013:0910,33.0,195.0,0.0,25.25,14.13,3.66,0.0
20221013:1010,37.0,237.0,0.0,30.61,14.85,4.07,0.0
20221013:1110,3.0,200.0,0.0,33.39,15.89,4.62,0.0
20221013:1210,9.0,220.0,0.0,33.17,16.42,5.24,0.0
20221013:1310,0.0,130.0,0.0,29.99,16.24,5.1,0.0
20221013:1410,0.0,80.0,0.0,24.31,15.99,4.55,0.0
20221013:1510,12.0,117.0,0.0,16.77,15.78,4.07,0.0
20221013:1610,13.0,55.0,0.0,7.98,15.45,3.79,0.0
20221013:1710,0.0,0.0,0.0,0.0,15.02,3.45,0.0
20221013:1810,0.0,0.0,0.0,0.0,14.57,3.31,0.0
20221013:1910,0.0,0.0,0.0,0.0,14.88,3.17,0.0
20221013:2010,0.0,0.0,0.0,0.0,14.58,2.9,0.0
20221013:2110,0.0,0.0,0.0,0.0,14.64,2.69,0.0
20221013:2210,0.0,0.0,0.0,0.0,14.76,2.69,0.0
20221013:2310,0.0,0.0,0.0,0.0,14.43,2.34,0.0
20221014:0010,0.0,0.0,0.0,0.0,14.4,2.14,0.0
20221014:0110,0.0,0.0,0.0,0.0,14.36,1.86,0.0
20221014:0210,0.0,0.0,0.0,0.0,14.6,1.86,0.0
20221014:0310,0.0,0.0,0.0,0.0,14.86,2.21,0.0
20221014:0410,0.0,0.0,0.0,0.0,15.0,2.76,0.0
20221014:0510,0.0,0.0,0.0,0.0,14.95,3.03,0.0
20221014:0610,0.0,0.0,0.0,0.0,14.8,3.38,0.0
20221014:0710,0.0,22.0,0.0,9.03,14.77,2.97,0.0
20221014:0810,0.0,49.0,0.0,17.65,14.73,3.1,0.0
20221014:0910,5.0,153.0,0.0,24.93,14.89,3.72,0.0
20221014:1010,7.0,194.0,0.0,30.27,14.53,3.38,0.0
20221014:1110,0.0,107.0,0.0,33.03,14.33,2.97,0.0
20221014:1210,0.0,66.0,0.0,32.8,14.32,2.9,0.0
20221014:1310,0.0,106.0,0.0,29.62,14.55,2.97,0.0
20221014:1410,0.0,61.0,0.0,23.95,14.81,2.9,0.0
20221014:1510,0.0,53.0,0.0,16.42,15.15,2.76,0.0
20221014:1610,0.0,28.0,0.0,7.65,15.97,3.72,0.0
20221014:1710,0.0,0.0,0.0,0.0,16.5,4.62,0.0
20221014:1810,0.0,0.0,0.0,0.0,16.65,4.69,0.0
20221014:1910,0.0,0.0,0.0,0.0,16.67,5.59,0.0
20221014:2010,0.0,0.0,0.0,0.0,16.4,5.31,0.0
20221014:2110,0.0,0.0,0.0,0.0,15.97,5.31,0.0
20221014:2210,0.0,0.0,0.0,0.0,15.67,4.34,0.0
20221014:2310,0.0,0.0,0.0,0.0,15.47,3.24,0.0
20221015:0010,0.0,0.0,0.0,0.0,15.23,2.9,0.0
20221015:0110,0.0,0.0,0.0,0.0,15.37,3.38,0.0
20221015:0210,0.0,0.0,0.0,0.0,15.61,4.28,0.0
20221015:0310,0.0,0.0,0.0,0.0,15.75,5.38,0.0
20221015:0410,0.0,0.0,0.0,0.0,15.72,6.07,0.0
20221015:0510,0.0,0.0,0.0,0.0,15.68,6.21,0.0
20221015:0610,0.0,0.0,0.0,0.0,15.71,6.07,0.0
20221015:0710,31.0,60.0,0.0,8.77,16.52,5.1,0.0
20221015:0810,0.0,51.0,0.0,17.36,16.84,4.97,0.0
20221015:0910,124.0,181.0,0.0,24.62,17.05,5.24,0.0
20221015:1010,107.0,235.0,0.0,29.93,17.25,4.41,0.0
20221015:1110,76.0,261.0,0.0,32.66,18.07,4.41,0.0
20221015:1210,101.0,258.0,0.0,32.42,18.34,4.0,0.0
20221015:1310,62.0,233.0,0.0,29.25,18.46,3.86,0.0
20221015:1410,31.0,182.0,0.0,23.59,18.61,4.14,0.0
20221015:1510,29.0,122.0,0.0,16.09,18.56,4.41,0.0
20221015:1610,31.0,48.0,0.0,7.33,17.87,3.72,0.0
20221015:1710,0.0,0.0,0.0,0.0,16.95,2.9,0.0
20221015:1810,0.0,0.0,0.0,0.0,16.16,2.28,0.0
20221015:1910,0.0,0.0,0.0,0.0,16.59,3.31,0.0
20221015:2010,0.0,0.0,0.0,0.0,16.11,3.45,0.0
20221015:2110,0.0,0.0,0.0,0.0,15.72,3.52,0.0
20221015:2210,0.0,0.0,0.0,0.0,15.4,3.24,0.0
20221015:2310,0.0,0.0,0.0,0.0,15.0,2.9,0.0
20221016:0010,0.0,0.0,0.0,0.0,14.85,2.55,0.0
20221016:0110,0.0,0.0,0.0,0.0,14.73,2.34,0.0
20221016:0210,0.0,0.0,0.0,0.0,14.57,2.14,0.0
20221016:0310,0.0,0.0,0.0,0.0,14.62,2.07,0.0
20221016:0410,0.0,0.0,0.0,0.0,14.46,2.0,0.0
20221016:0510,0.0,0.0,0.0,0.0,14.35,1.72,0.0
20221016:0610,0.0,0.0,0.0,0.0,14.22,1.66,0.0
20221016:0710,25.0,58.0,0.0,8.51,13.54,1.17,0.0
20221016:0810,69.0,126.0,0.0,17.08,14.55,1.17,0.0
20221016:0910,153.0,166.0,0.0,24.31,15.9,2.07,0.0
20221016:1010,53.0,234.0,0.0,29.58,17.43,2.76,0.0
20221016:1110,15.0,225.0,0.0,32.3,18.85,2.9,0.0
20221016:1210,93.0,255.0,0.0,32.05,19.65,2.9,0.0
20221016:1310,60.0,230.0,0.0,28.88,20.08,2.9,0.0
20221016:1410,37.0,181.0,0.0,23.24,20.75,3.17,0.0
20221016:1510,83.0,110.0,0.0,15.75,21.23,3.38,0.0
20221016:1610,8.0,45.0,0.0,7.01,21.09,2.97,0.0
20221016:1710,0.0,0.0,0.0,0.0,20.3,2.9,0.0
20221016:1810,0.0,0.0,0.0,0.0,19.28,3.1,0.0
20221016:1910,0.0,0.0,0.0,0.0,18.67,3.38,0.0
20221016:2010,0.0,0.0,0.0,0.0,18.72,3.24,0.0
20221016:2110,0.0,0.0,0.0,0.0,18.54,3.31,0.0
20221016:2210,0.0,0.0,0.0,0.0,18.38,3.45,0.0
20221016:2310,0.0,0.0,0.0,0.0,18.44,3.38,0.0
20221017:0010,0.0,0.0,0.0,0.0,18.16,3.59,0.0
20221017:0110,0.0,0.0,0.0,0.0,17.8,3.93,0.0
20221017:0210,0.0,0.0,0.0,0.0,17.34,4.14,0.0
20221017:0310,0.0,0.0,0.0,0.0,16.85,3.93,0.0
20221017:0410,0.0,0.0,0.0,0.0,16.65,3.86,0.0
20221017:0510,0.0,0.0,0.0,0.0,16.77,4.34,0.0
20221017:0610,0.0,0.0,0.0,0.0,17.02,4.28,0.0
20221017:0710,0.0,32.0,0.0,8.24,17.24,3.66,0.0
20221017:0810,0.0,46.0,0.0,16.79,17.83,3.59,0.0
20221017:0910,0.0,36.0,0.0,24.0,18.43,2.97,0.0
20221017:1010,0.0,66.0,0.0,29.24,18.96,2.41,0.0
20221017:1110,0.0,62.0,0.0,31.93,19.15,2.28,0.0
20221017:1210,0.0,90.0,0.0,31.68,18.6,2.14,0.0
20221017:1310,0.0,69.0,0.0,28.52,18.02,1.45,0.0
20221017:1410,0.0,34.0,0.0,22.89,17.62,1.17,0.0
20221017:1510,0.0,58.0,0.0,15.42,17.6,1.38,0.0
20221017:1610,2.0,35.0,0.0,6.69,17.22,1.38,0.0
20221017:1710,0.0,0.0,0.0,0.0,16.97,1.31,0.0
20221017:1810,0.0,0.0,0.0,0.0,16.69,1.1,0.0
20221017:1910,0.0,0.0,0.0,0.0,16.7,2.83,0.0
20221017:2010,0.0,0.0,0.0,0.0,16.63,2.41,0.0
20221017:2110,0.0,0.0,0.0,0.0,16.64,2.69,0.0
20221017:2210,0.0,0.0,0.0,0.0,16.57,2.69,0.0
20221017:2310,0.0,0.0,0.0,0.0,16.43,2.28,0.0
20221018:0010,0.0,0.0,0.0,0.0,16.31,2.0,0.0
20221018:0110,0.0,0.0,0.0,0.0,16.15,1.59,0.0
20221018:0210,0.0,0.0,0.0,0.0,16.07,1.1,0.0
20221018:0310,0.0,0.0,0.0,0.0,15.96,0.69,0.0
20221018:0410,0.0,0.0,0.0,0.0,16.16,0.34,0.0
20221018:0510,0.0,0.0,0.0,0.0,16.02,0.21,0.0
20221018:0610,0.0,0.0,0.0,0.0,15.89,0.28,0.0
20221018:0710,8.0,51.0,0.0,7.98,15.65,0.62,0.0
20221018:0810,30.0,124.0,0.0,16.51,15.82,0.55,0.0
20221018:0910,1.0,123.0,0.0,23.68,16.26,2.0,0.0
20221018:1010,42.0,225.0,0.0,28.9,16.99,2.69,0.0
20221018:1110,0.0,93.0,0.0,31.57,18.0,2.48,0.0
20221018:1210,0.0,143.0,0.0,31.31,18.83,2.21,0.0
20221018:1310,4.0,173.0,0.0,28.15,19.67,2.21,0.0
20221018:1410,20.0,166.0,0.0,22.54,20.32,2.55,0.0
20221018:1510,48.0,113.0,0.0,15.09,20.34,2.9,0.0
20221018:1610,6.0,41.0,0.0,6.38,19.61,2.62,0.0
20221018:1710,0.0,0.0,0.0,0.0,18.09,2.76,0.0
20221018:1810,0.0,0.0,0.0,0.0,17.17,2.83,0.0
20221018:1910,0.0,0.0,0.0,0.0,17.21,3.31,0.0
20221018:2010,0.0,0.0,0.0,0.0,17.01,3.24,0.0
20221018:2110,0.0,0.0,0.0,0.0,16.47,3.03,0.0
20221018:2210,0.0,0.0,0.0,0.0,16.02,3.03,0.0
20221018:2310,0.0,0.0,0.0,0.0,15.34,2.9,0.0
20221019:0010,0.0,0.0,0.0,0.0,14.97,3.1,0.0
20221019:0110,0.0,0.0,0.0,0.0,14.78,3.24,0.0
20221019:0210,0.0,0.0,0.0,0.0,14.66,3.03,0.0
20221019:0310,0.0,0.0,0.0,0.0,14.47,3.03,0.0
20221019:0410,0.0,0.0,0.0,0.0,14.2,3.24,0.0
20221019:0510,0.0,0.0,0.0,0.0,13.98,3.52,0.0
20221019:0610,0.0,0.0,0.0,0.0,13.84,3.66,0.0
20221019:0710,0.0,31.0,0.0,7.72,14.12,3.72,0.0
20221019:0810,19.0,119.0,0.0,16.23,15.01,3.66,0.0
20221019:0910,288.01,89.0,0.0,23.37,16.43,4.83,0.0
20221019:1010,333.01,118.0,0.0,28.57,18.14,4.48,0.0
20221019:1110,401.01,109.0,0.0,31.21,19.72,4.62,0.0
20221019:1210,218.01,206.0,0.0,30.94,20.93,4.76,0.0
20221019:1310,328.01,113.0,0.0,27.79,21.65,4.97,0.0
20221019:1410,259.01,92.0,0.0,22.2,21.99,5.1,0.0
20221019:1510,54.0,110.0,0.0,14.76,21.84,4.62,0.0
20221019:1610,8.0,39.0,0.0,6.07,21.13,4.55,0.0
20221019:1710,0.0,0.0,0.0,0.0,19.87,4.69,0.0
20221019:1810,0.0,0.0,0.0,0.0,19.08,4.62,0.0
20221019:1910,0.0,0.0,0.0,0.0,18.57,4.14,0.0
20221019:2010,0.0,0.0,0.0,0.0,18.06,3.66,0.0
20221019:2110,0.0,0.0,0.0,0.0,17.32,3.38,0.0
20221019:2210,0.0,0.0,0.0,0.0,17.01,3.17,0.0
20221019:2310,0.0,0.0,0.0,0.0,16.92,2.69,0.0
20221020:0010,0.0,0.0,0.0,0.0,16.31,2.14,0.0
20221020:0110,0.0,0.0,0.0,0.0,15.95,2.07,0.0
20221020:0210,0.0,0.0,0.0,0.0,16.0,2.76,0.0
20221020:0310,0.0,0.0,0.0,0.0,16.71,3.79,0.0
20221020:0410,0.0,0.0,0.0,0.0,17.13,4.21,0.0
20221020:0510,0.0,0.0,0.0,0.0,17.35,3.66,0.0
20221020:0610,0.0,0.0,0.0,0.0,17.28,3.45,0.0
20221020:0710,49.0,43.0,0.0,7.45,17.63,4.83,0.0
20221020:0810,18.0,116.0,0.0,15.94,18.16,3.93,0.0
20221020:0910,222.01,120.0,0.0,23.06,19.31,3.31,0.0
20221020:1010,11.0,193.0,0.0,28.23,20.52,4.07,0.0
20221020:1110,189.01,217.0,0.0,30.86,21.5,4.62,0.0
20221020:1210,400.01,104.0,0.0,30.58,21.09,4.62,0.0
20221020:1310,335.01,106.0,0.0,27.44,20.61,3.52,0.0
20221020:1410,240.01,97.0,0.0,21.86,20.99,3.38,0.0
20221020:1510,118.0,81.0,0.0,14.44,20.05,4.28,0.0
20221020:1610,3.0,32.0,0.0,5.76,19.0,3.93,0.0
20221020:1710,0.0,0.0,0.0,0.0,17.92,3.93,0.0
20221020:1810,0.0,0.0,0.0,0.0,17.44,4.14,0.0
20221020:1910,0.0,0.0,0.0,0.0,18.38,5.03,0.0
20221020:2010,0.0,0.0,0.0,0.0,17.72,5.66,0.0
20221020:2110,0.0,0.0,0.0,0.0,17.08,5.24,0.0
20221020:2210,0.0,0.0,0.0,0.0,16.9,4.76,0.0
20221020:2310,0.0,0.0,0.0,0.0,16.81,4.07,0.0
20221021:0010,0.0,0.0,0.0,0.0,16.56,3.72,0.0
20221021:0110,0.0,0.0,0.0,0.0,16.15,4.14,0.0
20221021:0210,0.0,0.0,0.0,0.0,15.78,3.79,0.0
20221021:0310,0.0,0.0,0.0,0.0,15.59,3.59,0.0
20221021:0410,0.0,0.0,0.0,0.0,15.69,3.86,0.0
20221021:0510,0.0,0.0,0.0,0.0,15.41,4.07,0.0
20221021:0610,0.0,0.0,0.0,0.0,15.38,4.28,0.0
20221021:0710,0.0,8.0,0.0,7.19,15.82,4.07,0.0
20221021:0810,147.01,79.0,0.0,15.66,16.01,3.45,0.0
20221021:0910,254.01,100.0,0.0,22.75,16.92,3.52,0.0
20221021:1010,339.01,109.0,0.0,27.89,18.27,3.66,0.0
20221021:1110,206.01,208.0,0.0,30.5,19.64,4.34,0.0
20221021:1210,366.01,118.0,0.0,30.22,20.45,4.62,0.0
20221021:1310,295.01,125.0,0.0,27.09,20.59,4.21,0.0
20221021:1410,62.0,169.0,0.0,21.52,20.61,4.0,0.0
20221021:1510,7.0,93.0,0.0,14.12,20.18,3.38,0.0
20221021:1610,0.0,18.0,0.0,5.46,19.34,3.17,0.0
20221021:1710,0.0,0.0,0.0,0.0,18.33,3.24,0.0
20221021:1810,0.0,0.0,0.0,0.0,17.82,3.38,0.0
20221021:1910,0.0,0.0,0.0,0.0,15.69,2.83,0.0
20221021:2010,0.0,0.0,0.0,0.0,15.16,3.38,0.0
20221021:2110,0.0,0.0,0.0,0.0,14.96,3.59,0.0
20221021:2210,0.0,0.0,0.0,0.0,14.65,3.52,0.0
20221021:2310,0.0,0.0,0.0,0.0,14.02,3.59,0.0
20221022:0010,0.0,0.0,0.0,0.0,13.59,3.79,0.0
20221022:0110,0.0,0.0,0.0,0.0,13.53,3.93,0.0
20221022:0210,0.0,0.0,0.0,0.0,13.65,3.86,0.0
20221022:0310,0.0,0.0,0.0,0.0,13.45,3.59,0.0
20221022:0410,0.0,0.0,0.0,0.0,13.25,3.31,0.0
20221022:0510,0.0,0.0,0.0,0.0,13.05,3.03,0.0
20221022:0610,0.0,0.0,0.0,0.0,12.78,2.69,0.0
20221022:0710,8.0,44.0,0.0,6.93,14.48,3.31,0.0
20221022:0810,149.01,76.0,0.0,15.37,15.36,3.31,0.0
20221022:0910,125.0,162.0,0.0,22.44,16.87,3.52,0.0
20221022:1010,321.01,115.0,0.0,27.56,18.14,3.66,0.0
20221022:1110,360.01,121.0,0.0,30.15,19.21,3.31,0.0
20221022:1210,377.01,110.0,0.0,29.86,19.9,3.38,0.0
20221022:1310,332.01,102.0,0.0,26.74,20.24,2.97,0.0
20221022:1410,221.01,102.0,0.0,21.19,20.46,2.69,0.0
20221022:1510,121.0,74.0,0.0,13.81,20.3,2.28,0.0
20221022:1610,1.0,26.78,0.0,5.16,19.32,2.14,0.0
20221022:1710,0.0,0.0,0.0,0.0,17.85,2.48,0.0
20221022:1810,0.0,0.0,0.0,0.0,17.02,2.62,0.0
20221022:1910,0.0,0.0,0.0,0.0,16.53,2.83,0.0
20221022:2010,0.0,0.0,0.0,0.0,16.38,2.69,0.0
20221022:2110,0.0,0.0,0.0,0.0,15.75,2.48,0.0
20221022:2210,0.0,0.0,0.0,0.0,15.4,2.41,0.0
20221022:2310,0.0,0.0,0.0,0.0,15.19,2.76,0.0
20221023:0010,0.0,0.0,0.0,0.0,15.48,3.03,0.0
20221023:0110,0.0,0.0,0.0,0.0,15.56,3.31,0.0
20221023:0210,0.0,0.0,0.0,0.0,15.82,3.59,0.0
20221023:0310,0.0,0.0,0.0,0.0,16.0,3.59,0.0
20221023:0410,0.0,0.0,0.0,0.0,15.92,3.72,0.0
20221023:0510,0.0,0.0,0.0,0.0,16.03,4.41,0.0
20221023:0610,0.0,0.0,0.0,0.0,15.87,4.41,0.0
20221023:0710,9.0,44.0,0.0,6.67,16.9,4.14,0.0
20221023:0810,40.0,114.0,0.0,15.09,17.12,4.48,0.0
20221023:0910,185.01,130.0,0.0,22.13,18.16,4.83,0.0
20221023:1010,181.01,186.0,0.0,27.23,20.15,4.28,0.0
20221023:1110,233.01,188.0,0.0,29.8,21.63,4.62,0.0
20221023:1210,25.0,222.0,0.0,29.51,22.5,5.86,0.0
20221023:1310,0.0,131.0,0.0,26.39,22.68,5.66,0.0
20221023:1410,17.0,152.0,0.0,20.86,20.81,7.52,0.0
20221023:1510,132.01,66.0,0.0,13.5,20.53,6.83,0.0
20221023:1610,7.0,28.21,0.0,4.86,20.21,6.41,0.0
20221023:1710,0.0,0.0,0.0,0.0,19.52,6.07,0.0
20221023:1810,0.0,0.0,0.0,0.0,19.1,6.48,0.0
20221023:1910,0.0,0.0,0.0,0.0,20.12,7.24,0.0
20221023:2010,0.0,0.0,0.0,0.0,19.73,7.24,0.0
20221023:2110,0.0,0.0,0.0,0.0,19.4,7.52,0.0
20221023:2210,0.0,0.0,0.0,0.0,18.89,7.72,0.0
20221023:2310,0.0,0.0,0.0,0.0,18.32,7.86,0.0
20221024:0010,0.0,0.0,0.0,0.0,17.71,7.93,0.0
20221024:0110,0.0,0.0,0.0,0.0,17.07,7.72,0.0
20221024:0210,0.0,0.0,0.0,0.0,16.54,7.24,0.0
20221024:0310,0.0,0.0,0.0,0.0,16.09,6.76,0.0
20221024:0410,0.0,0.0,0.0,0.0,15.74,6.34,0.0
20221024:0510,0.0,0.0,0.0,0.0,15.32,5.86,0.0
20221024:0610,0.0,0.0,0.0,0.0,15.03,5.38,0.0
20221024:0710,26.0,41.0,0.0,6.4,15.6,5.86,0.0
20221024:0810,13.0,105.0,0.0,14.81,16.09,5.38,0.0
20221024:0910,0.0,73.0,0.0,21.83,16.67,6.48,0.0
20221024:1010,40.0,213.0,0.0,26.89,17.51,7.38,0.0
20221024:1110,3.0,179.0,0.0,29.45,18.03,6.55,0.0
20221024:1210,207.01,197.0,0.0,29.16,18.41,6.41,0.0
20221024:1310,0.0,61.0,0.0,26.05,18.74,6.21,0.0
20221024:1410,0.0,59.0,0.0,20.54,18.34,6.21,0.0
20221024:1510,121.01,68.0,0.0,13.19,16.45,5.17,0.0
20221024:1610,10.0,26.37,0.0,4.57,16.19,5.24,0.0
20221024:1710,0.0,0.0,0.0,0.0,15.67,5.1,0.0
20221024:1810,0.0,0.0,0.0,0.0,15.2,4.69,0.0
20221024:1910,0.0,0.0,0.0,0.0,14.85,4.76,0.0
20221024:2010,0.0,0.0,0.0,0.0,14.33,4.34,0.0
20221024:2110,0.0,0.0,0.0,0.0,13.89,4.34,0.0
20221024:2210,0.0,0.0,0.0,0.0,13.59,4.62,0.0
20221024:2310,0.0,0.0,0.0,0.0,13.31,4.55,0.0
20221025:0010,0.0,0.0,0.0,0.0,13.34,4.21,0.0
20221025:0110,0.0,0.0,0.0,0.0,13.25,3.79,0.0
20221025:0210,0.0,0.0,0.0,0.0,13.04,3.45,0.0
20221025:0310,0.0,0.0,0.0,0.0,12.68,3.24,0.0
20221025:0410,0.0,0.0,0.0,0.0,12.4,3.24,0.0
20221025:0510,0.0,0.0,0.0,0.0,12.2,3.1,0.0
20221025:0610,0.0,0.0,0.0,0.0,12.22,2.9,0.0
20221025:0710,2.0,34.0,0.0,6.14,13.25,2.62,0.0
20221025:0810,114.0,85.0,0.0,14.52,13.96,2.97,0.0
20221025:0910,107.0,160.0,0.0,21.52,14.77,3.31,0.0
20221025:1010,239.01,152.0,0.0,26.57,15.97,3.03,0.0
20221025:1110,269.01,163.0,0.0,29.11,17.12,2.55,0.0
20221025:1210,261.01,164.0,0.0,28.81,18.27,2.41,0.0
20221025:1310,137.0,191.0,0.0,25.71,19.09,2.69,0.0
20221025:1410,20.0,150.0,0.0,20.22,19.48,3.1,0.0
20221025:1510,2.0,74.0,0.0,12.89,19.18,2.9,0.0
20221025:1610,0.0,21.0,0.0,4.28,18.5,3.1,0.0
20221025:1710,0.0,0.0,0.0,0.0,17.72,3.17,0.0
20221025:1810,0.0,0.0,0.0,0.0,17.36,3.31,0.0
20221025:1910,0.0,0.0,0.0,0.0,16.21,3.38,0.0
20221025:2010,0.0,0.0,0.0,0.0,16.14,3.38,0.0
20221025:2110,0.0,0.0,0.0,0.0,16.25,3.38,0.0
20221025:2210,0.0,0.0,0.0,0.0,15.79,3.45,0.0
20221025:2310,0.0,0.0,0.0,0.0,15.52,3.1,0.0
20221026:0010,0.0,0.0,0.0,0.0,15.27,3.66,0.0
20221026:0110,0.0,0.0,0.0,0.0,15.38,4.07,0.0
20221026:0210,0.0,0.0,0.0,0.0,15.22,4.07,0.0
20221026:0310,0.0,0.0,0.0,0.0,15.15,3.66,0.0
20221026:0410,0.0,0.0,0.0,0.0,14.83,3.59,0.0
20221026:0510,0.0,0.0,0.0,0.0,14.57,3.66,0.0
20221026:0610,0.0,0.0,0.0,0.0,14.18,3.59,0.0
20221026:0710,22.0,37.0,0.0,5.88,15.46,4.07,0.0
20221026:0810,93.0,92.0,0.0,14.24,16.11,3.93,0.0
20221026:0910,202.01,112.0,0.0,21.21,17.47,4.07,0.0
20221026:1010,297.01,115.0,0.0,26.24,18.98,4.28,0.0
20221026:1110,357.01,110.0,0.0,28.77,20.34,3.93,0.0
20221026:1210,357.01,107.0,0.0,28.47,21.21,3.72,0.0
20221026:1310,295.01,107.0,0.0,25.38,21.57,3.93,0.0
20221026:1410,214.01,92.0,0.0,19.9,21.42,3.31,0.0
20221026:1510,98.0,73.0,0.0,12.59,21.29,2.69,0.0
20221026:1610,0.0,24.0,0.0,4.0,20.15,2.62,0.0
20221026:1710,0.0,0.0,0.0,0.0,18.45,3.03,0.0
20221026:1810,0.0,0.0,0.0,0.0,17.63,3.31,0.0
20221026:1910,0.0,0.0,0.0,0.0,16.83,3.45,0.0
20221026:2010,0.0,0.0,0.0,0.0,16.5,3.52,0.0
20221026:2110,0.0,0.0,0.0,0.0,16.3,3.45,0.0
20221026:2210,0.0,0.0,0.0,0.0,15.97,3.45,0.0
20221026:2310,0.0,0.0,0.0,0.0,15.72,3.45,0.0
20221027:0010,0.0,0.0,0.0,0.0,15.43,3.52,0.0
20221027:0110,0.0,0.0,0.0,0.0,15.21,3.45,0.0
20221027:0210,0.0,0.0,0.0,0.0,15.12,3.45,0.0
20221027:0310,0.0,0.0,0.0,0.0,14.97,3.52,0.0
20221027:0410,0.0,0.0,0.0,0.0,14.94,3.59,0.0
20221027:0510,0.0,0.0,0.0,0.0,14.96,3.66,0.0
20221027:0610,0.0,0.0,0.0,0.0,15.19,3.79,0.0
20221027:0710,1.0,28.79,0.0,5.62,16.07,4.21,0.0
20221027:0810,0.0,67.0,0.0,13.96,17.27,4.41,0.0
20221027:0910,59.0,164.0,0.0,20.91,18.48,4.62,0.0
20221027:1010,49.0,206.0,0.0,25.91,19.54,3.72,0.0
20221027:1110,16.0,205.0,0.0,28.43,20.77,3.52,0.0
20221027:1210,338.01,112.0,0.0,28.13,22.07,3.52,0.0
20221027:1310,247.01,130.0,0.0,25.05,23.11,3.31,0.0
20221027:1410,32.0,152.0,0.0,19.59,23.58,2.83,0.0
20221027:1510,15.0,89.0,0.0,12.3,23.37,2.28,0.0
20221027:1610,0.0,16.0,0.0,3.72,22.19,2.41,0.0
20221027:1710,0.0,0.0,0.0,0.0,20.64,2.76,0.0
20221027:1810,0.0,0.0,0.0,0.0,20.21,3.1,0.0
20221027:1910,0.0,0.0,0.0,0.0,19.51,3.45,0.0
20221027:2010,0.0,0.0,0.0,0.0,19.44,3.72,0.0
20221027:2110,0.0,0.0,0.0,0.0,19.27,3.66,0.0
20221027:2210,0.0,0.0,0.0,0.0,18.76,3.59,0.0
20221027:2310,0.0,0.0,0.0,0.0,18.55,3.66,0.0
20221028:0010,0.0,0.0,0.0,0.0,18.39,3.59,0.0
20221028:0110,0.0,0.0,0.0,0.0,17.97,3.38,0.0
20221028:0210,0.0,0.0,0.0,0.0,17.54,3.24,0.0
20221028:0310,0.0,0.0,0.0,0.0,17.19,3.31,0.0
20221028:0410,0.0,0.0,0.0,0.0,17.0,3.52,0.0
20221028:0510,0.0,0.0,0.0,0.0,16.94,3.79,0.0
20221028:0610,0.0,0.0,0.0,0.0,17.14,4.0,0.0
20221028:0710,15.0,30.06,0.0,5.36,18.14,3.86,0.0
20221028:0810,3.0,81.0,0.0,13.68,18.97,3.86,0.0
20221028:0910,131.0,140.0,0.0,20.61,20.32,3.38,0.0
20221028:1010,151.01,182.0,0.0,25.59,21.33,3.66,0.0
20221028:1110,214.01,179.0,0.0,28.09,21.73,4.0,0.0
20221028:1210,212.01,177.0,0.0,27.79,22.34,4.41,0.0
20221028:1310,88.0,194.0,0.0,24.72,22.45,4.07,0.0
20221028:1410,54.0,150.0,0.0,19.28,22.15,3.52,0.0
20221028:1510,12.0,83.0,0.0,12.01,21.64,2.76,0.0
20221028:1610,0.0,19.0,0.0,3.45,20.54,2.07,0.0
20221028:1710,0.0,0.0,0.0,0.0,19.2,1.93,0.0
20221028:1810,0.0,0.0,0.0,0.0,17.99,2.07,0.0
20221028:1910,0.0,0.0,0.0,0.0,17.16,1.93,0.0
20221028:2010,0.0,0.0,0.0,0.0,16.62,2.14,0.0
20221028:2110,0.0,0.0,0.0,0.0,16.55,2.62,0.0
20221028:2210,0.0,0.0,0.0,0.0,16.47,2.55,0.0
20221028:2310,0.0,0.0,0.0,0.0,16.4,2.55,0.0
20221029:0010,0.0,0.0,0.0,0.0,16.66,2.62,0.0
20221029:0110,0.0,0.0,0.0,0.0,16.74,2.76,0.0
20221029:0210,0.0,0.0,0.0,0.0,17.04,2.97,0.0
20221029:0310,0.0,0.0,0.0,0.0,17.23,3.31,0.0
20221029:0410,0.0,0.0,0.0,0.0,17.39,3.38,0.0
20221029:0510,0.0,0.0,0.0,0.0,17.36,3.1,0.0
20221029:0610,0.0,0.0,0.0,0.0,16.71,2.9,0.0
20221029:0710,14.0,28.36,0.0,5.1,16.89,3.24,0.0
20221029:0810,60.0,95.0,0.0,13.4,17.66,3.38,0.0
20221029:0910,3.0,122.0,0.0,20.31,19.05,3.1,0.0
20221029:1010,111.0,194.0,0.0,25.27,21.06,3.24,0.0
20221029:1110,89.0,221.0,0.0,27.76,22.58,3.45,0.0
20221029:1210,75.0,220.0,0.0,27.46,23.85,3.79,0.0
20221029:1310,0.0,91.0,0.0,24.4,24.42,3.79,0.0
20221029:1410,0.0,58.0,0.0,18.97,24.45,3.93,0.0
20221029:1510,15.0,83.0,0.0,11.72,23.87,3.59,0.0
20221029:1610,0.0,12.0,0.0,3.18,22.37,3.1,0.0
20221029:1710,0.0,0.0,0.0,0.0,20.5,3.03,0.0
20221029:1810,0.0,0.0,0.0,0.0,19.37,2.97,0.0
20221029:1910,0.0,0.0,0.0,0.0,18.99,2.62,0.0
20221029:2010,0.0,0.0,0.0,0.0,17.78,3.03,0.0
20221029:2110,0.0,0.0,0.0,0.0,17.52,3.38,0.0
20221029:2210,0.0,0.0,0.0,0.0,16.94,2.97,0.0
20221029:2310,0.0,0.0,0.0,0.0,16.06,2.69,0.0
20221030:0010,0.0,0.0,0.0,0.0,15.21,2.21,0.0
20221030:0110,0.0,0.0,0.0,0.0,14.05,1.24,0.0
20221030:0210,0.0,0.0,0.0,0.0,14.94,0.62,0.0
20221030:0310,0.0,0.0,0.0,0.0,12.74,1.45,0.0
20221030:0410,0.0,0.0,0.0,0.0,12.26,1.59,0.0
20221030:0510,0.0,0.0,0.0,0.0,11.87,1.45,0.0
20221030:0610,0.0,0.0,0.0,0.0,11.47,1.66,0.0
20221030:0710,1.0,24.79,0.0,4.84,13.34,2.48,0.0
20221030:0810,2.0,76.0,0.0,13.12,14.73,3.52,0.0
20221030:0910,56.0,157.0,0.0,20.01,15.83,3.31,0.0
20221030:1010,56.0,200.0,0.0,24.95,16.44,2.9,0.0
20221030:1110,141.0,206.0,0.0,27.43,17.34,3.45,0.0
20221030:1210,4.0,168.0,0.0,27.13,18.1,3.52,0.0
20221030:1310,54.0,192.0,0.0,24.08,18.28,3.1,0.0
20221030:1410,8.0,125.0,0.0,18.67,18.04,1.86,0.0
20221030:1510,103.01,59.0,0.0,11.44,17.73,1.1,0.0
20221030:1610,0.0,14.0,0.0,2.92,17.24,1.31,0.0
20221030:1710,0.0,0.0,0.0,0.0,16.24,1.66,0.0
20221030:1810,0.0,0.0,0.0,0.0,15.36,1.79,0.0
20221030:1910,0.0,0.0,0.0,0.0,13.9,1.86,0.0
20221030:2010,0.0,0.0,0.0,0.0,13.16,1.86,0.0
20221030:2110,0.0,0.0,0.0,0.0,12.77,1.66,0.0
20221030:2210,0.0,0.0,0.0,0.0,12.23,1.17,0.0
20221030:2310,0.0,0.0,0.0,0.0,11.47,1.1,0.0
20221031:0010,0.0,0.0,0.0,0.0,10.61,1.17,0.0
20221031:0110,0.0,0.0,0.0,0.0,11.28,0.76,0.0
20221031:0210,0.0,0.0,0.0,0.0,9.98,1.66,0.0
20221031:0310,0.0,0.0,0.0,0.0,10.58,1.93,0.0
20221031:0410,0.0,0.0,0.0,0.0,11.03,2.14,0.0
20221031:0510,0.0,0.0,0.0,0.0,11.42,2.07,0.0
20221031:0610,0.0,0.0,0.0,0.0,11.58,2.21,0.0
20221031:0710,2.0,24.55,0.0,4.58,11.93,2.14,0.0
20221031:0810,1.0,70.0,0.0,12.85,12.58,1.79,0.0
20221031:0910,186.01,103.0,0.0,19.71,14.29,2.28,0.0
20221031:1010,141.0,177.0,0.0,24.64,15.92,2.62,0.0
20221031:1110,300.01,122.0,0.0,27.11,17.78,2.69,0.0
20221031:1210,264.01,140.0,0.0,26.8,19.27,3.17,0.0
20221031:1310,131.0,173.0,0.0,23.77,20.16,3.86,0.0
20221031:1410,107.0,128.0,0.0,18.38,20.44,4.14,0.0
20221031:1510,6.0,73.0,0.0,11.17,19.95,3.66,0.0
20221031:1610,0.0,4.0,0.0,2.66,18.95,3.93,0.0
20221031:1710,0.0,0.0,0.0,0.0,18.29,4.48,0.0
20221031:1810,0.0,0.0,0.0,0.0,17.56,5.03,0.0
20221031:1910,0.0,0.0,0.0,0.0,16.23,6.48,0.0
20221031:2010,0.0,0.0,0.0,0.0,16.59,6.97,0.0
20221031:2110,0.0,0.0,0.0,0.0,16.98,6.76,0.0
20221031:2210,0.0,0.0,0.0,0.0,16.66,6.9,0.0
20221031:2310,0.0,0.0,0.0,0.0,16.19,7.31,0.0
20221101:0010,0.0,0.0,0.0,0.0,14.98,7.1,0.0
20221101:0110,0.0,0.0,0.0,0.0,13.73,6.14,0.0
20221101:0210,0.0,0.0,0.0,0.0,12.63,4.76,0.0
20221101:0310,0.0,0.0,0.0,0.0,11.59,4.62,0.0
20221101:0410,0.0,0.0,0.0,0.0,10.91,4.97,0.0
20221101:0510,0.0,0.0,0.0,0.0,10.58,4.97,0.0
20221101:0610,0.0,0.0,0.0,0.0,10.45,4.83,0.0
20221101:0710,12.0,23.9,0.0,4.32,10.72,3.93,0.0
20221101:0810,109.01,68.0,0.0,12.57,11.67,4.28,0.0
20221101:0910,213.01,88.0,0.0,19.42,12.99,5.31,0.0
20221101:1010,281.01,106.0,0.0,24.33,14.29,6.14,0.0
20221101:1110,317.01,113.0,0.0,26.78,15.45,6.55,0.0
20221101:1210,195.01,177.0,0.0,26.48,16.43,7.93,0.0
20221101:1310,213.01,135.0,0.0,23.46,16.95,8.14,0.0
20221101:1410,103.0,130.0,0.0,18.09,16.92,7.17,0.0
20221101:1510,88.0,60.0,0.0,10.9,16.47,5.93,0.0
20221101:1610,0.0,12.0,0.0,2.41,16.02,5.59,0.0
20221101:1710,0.0,0.0,0.0,0.0,15.58,5.52,0.0
20221101:1810,0.0,0.0,0.0,0.0,15.08,5.59,0.0
20221101:1910,0.0,0.0,0.0,0.0,14.43,6.21,0.0
20221101:2010,0.0,0.0,0.0,0.0,14.28,6.21,0.0
20221101:2110,0.0,0.0,0.0,0.0,13.82,6.14,0.0
20221101:2210,0.0,0.0,0.0,0.0,13.41,5.72,0.0
20221101:2310,0.0,0.0,0.0,0.0,13.32,5.45,0.0
20221102:0010,0.0,0.0,0.0,0.0,12.95,5.17,0.0
20221102:0110,0.0,0.0,0.0,0.0,12.43,4.83,0.0
20221102:0210,0.0,0.0,0.0,0.0,11.77,4.48,0.0
20221102:0310,0.0,0.0,0.0,0.0,11.1,4.14,0.0
20221102:0410,0.0,0.0,0.0,0.0,10.44,3.72,0.0
20221102:0510,0.0,0.0,0.0,0.0,9.9,3.17,0.0
20221102:0610,0.0,0.0,0.0,0.0,9.24,2.9,0.0
20221102:0710,8.0,22.97,0.0,4.06,9.15,2.9,0.0
20221102:0810,33.0,93.0,0.0,12.3,10.04,2.55,0.0
20221102:0910,36.0,153.0,0.0,19.13,11.69,3.17,0.0
20221102:1010,163.01,167.0,0.0,24.02,13.19,3.66,0.0
20221102:1110,64.0,217.0,0.0,26.46,14.49,4.21,0.0
20221102:1210,253.01,145.0,0.0,26.16,15.36,4.55,0.0
20221102:1310,203.01,139.0,0.0,23.16,15.69,4.62,0.0
20221102:1410,105.0,127.0,0.0,17.8,15.7,4.41,0.0
20221102:1510,64.0,69.0,0.0,10.63,15.41,3.66,0.0
20221102:1610,0.0,10.0,0.0,2.16,14.69,3.45,0.0
20221102:1710,0.0,0.0,0.0,0.0,13.93,3.24,0.0
20221102:1810,0.0,0.0,0.0,0.0,13.83,3.45,0.0
20221102:1910,0.0,0.0,0.0,0.0,13.5,4.0,0.0
20221102:2010,0.0,0.0,0.0,0.0,13.31,4.34,0.0
20221102:2110,0.0,0.0,0.0,0.0,12.84,4.55,0.0
20221102:2210,0.0,0.0,0.0,0.0,12.8,4.48,0.0
20221102:2310,0.0,0.0,0.0,0.0,12.57,4.21,0.0
20221103:0010,0.0,0.0,0.0,0.0,12.26,3.86,0.0
20221103:0110,0.0,0.0,0.0,0.0,12.11,3.66,0.0
20221103:0210,0.0,0.0,0.0,0.0,11.9,3.59,0.0
20221103:0310,0.0,0.0,0.0,0.0,11.65,3.59,0.0
20221103:0410,0.0,0.0,0.0,0.0,11.51,3.59,0.0
20221103:0510,0.0,0.0,0.0,0.0,11.6,3.72,0.0
20221103:0610,0.0,0.0,0.0,0.0,11.61,3.66,0.0
20221103:0710,6.0,21.5,0.0,3.81,12.47,4.21,0.0
20221103:0810,60.0,83.0,0.0,12.03,12.78,4.76,0.0
20221103:0910,0.0,73.0,0.0,18.83,13.53,5.31,0.0
20221103:1010,18.0,177.0,0.0,23.71,14.49,5.17,0.0
20221103:1110,49.0,212.0,0.0,26.15,15.27,5.03,0.0
20221103:1210,0.0,52.0,0.0,25.85,15.83,5.79,0.0
20221103:1310,0.0,33.0,0.0,22.86,14.26,5.45,0.0
20221103:1410,0.0,60.0,0.0,17.52,12.99,4.9,0.0
20221103:1510,11.0,72.0,0.0,10.37,12.51,5.24,0.0
20221103:1610,0.0,1.0,0.0,1.91,11.96,5.03,0.0
20221103:1710,0.0,0.0,0.0,0.0,11.1,5.1,0.0
20221103:1810,0.0,0.0,0.0,0.0,10.43,5.03,0.0
20221103:1910,0.0,0.0,0.0,0.0,10.49,4.07,0.0
20221103:2010,0.0,0.0,0.0,0.0,9.99,4.34,0.0
20221103:2110,0.0,0.0,0.0,0.0,9.76,4.69,0.0
20221103:2210,0.0,0.0,0.0,0.0,9.59,5.1,0.0
20221103:2310,0.0,0.0,0.0,0.0,9.72,5.79,0.0
20221104:0010,0.0,0.0,0.0,0.0,9.77,5.86,0.0
20221104:0110,0.0,0.0,0.0,0.0,9.69,5.38,0.0
20221104:0210,0.0,0.0,0.0,0.0,9.72,5.52,0.0
20221104:0310,0.0,0.0,0.0,0.0,9.56,5.59,0.0
20221104:0410,0.0,0.0,0.0,0.0,9.52,4.83,0.0
20221104:0510,0.0,0.0,0.0,0.0,8.96,4.07,0.0
20221104:0610,0.0,0.0,0.0,0.0,8.58,3.1,0.0
20221104:0710,13.0,17.83,0.0,3.55,7.8,3.03,0.0
20221104:0810,7.0,79.0,0.0,11.75,8.22,2.28,0.0
20221104:0910,110.0,132.0,0.0,18.55,8.85,2.76,0.0
20221104:1010,3.0,145.0,0.0,23.41,10.03,3.72,0.0
20221104:1110,34.0,205.0,0.0,25.84,11.33,4.21,0.0
20221104:1210,163.01,183.0,0.0,25.54,12.21,5.03,0.0
20221104:1310,199.01,134.0,0.0,22.56,12.47,5.79,0.0
20221104:1410,0.0,77.0,0.0,17.25,11.98,5.86,0.0
20221104:1510,58.0,67.0,0.0,10.11,11.58,5.52,0.0
20221104:1610,0.0,5.0,0.0,1.67,10.99,5.45,0.0
20221104:1710,0.0,0.0,0.0,0.0,10.14,4.62,0.0
20221104:1810,0.0,0.0,0.0,0.0,9.53,4.14,0.0
20221104:1910,0.0,0.0,0.0,0.0,9.17,3.93,0.0
20221104:2010,0.0,0.0,0.0,0.0,8.46,3.38,0.0
20221104:2110,0.0,0.0,0.0,0.0,7.83,2.76,0.0
20221104:2210,0.0,0.0,0.0,0.0,7.11,2.41,0.0
20221104:2310,0.0,0.0,0.0,0.0,6.51,2.34,0.0
20221105:0010,0.0,0.0,0.0,0.0,6.35,2.48,0.0
20221105:0110,0.0,0.0,0.0,0.0,6.43,2.55,0.0
20221105:0210,0.0,0.0,0.0,0.0,6.56,2.34,0.0
20221105:0310,0.0,0.0,0.0,0.0,6.64,2.14,0.0
20221105:0410,0.0,0.0,0.0,0.0,6.74,2.28,0.0
20221105:0510,0.0,0.0,0.0,0.0,7.17,2.28,0.0
20221105:0610,0.0,0.0,0.0,0.0,7.14,2.28,0.0
20221105:0710,1.0,16.79,0.0,3.3,5.93,2.21,0.0
20221105:0810,44.0,84.0,0.0,11.49,6.87,2.0,0.0
20221105:0910,25.0,141.0,0.0,18.26,8.64,2.55,0.0
20221105:1010,33.0,183.0,0.0,23.1,9.9,2.83,0.0
20221105:1110,8.0,174.0,0.0,25.53,10.61,3.1,0.0
20221105:1210,11.0,180.0,0.0,25.24,10.76,3.45,0.0
20221105:1310,7.0,149.0,0.0,22.27,11.15,3.93,0.0
20221105:1410,0.0,74.0,0.0,16.98,11.35,3.86,0.0
20221105:1510,3.0,61.0,0.0,9.86,11.67,3.79,0.0
20221105:1610,0.0,4.0,0.0,1.44,11.5,3.52,0.0
20221105:1710,0.0,0.0,0.0,0.0,11.09,3.66,0.0
20221105:1810,0.0,0.0,0.0,0.0,10.79,3.86,0.0
20221105:1910,0.0,0.0,0.0,0.0,9.91,3.66,0.0
20221105:2010,0.0,0.0,0.0,0.0,10.22,4.14,0.0
20221105:2110,0.0,0.0,0.0,0.0,10.55,4.21,0.0
20221105:2210,0.0,0.0,0.0,0.0,10.6,4.21,0.0
20221105:2310,0.0,0.0,0.0,0.0,10.52,4.21,0.0
20221106:0010,0.0,0.0,0.0,0.0,10.42,4.14,0.0
20221106:0110,0.0,0.0,0.0,0.0,10.28,4.14,0.0
20221106:0210,0.0,0.0,0.0,0.0,10.41,4.21,0.0
20221106:0310,0.0,0.0,0.0,0.0,10.36,4.21,0.0
20221106:0410,0.0,0.0,0.0,0.0,10.2,4.21,0.0
20221106:0510,0.0,0.0,0.0,0.0,9.92,4.34,0.0
20221106:0610,0.0,0.0,0.0,0.0,9.72,4.28,0.0
20221106:0710,0.0,10.0,0.0,3.05,10.48,4.41,0.0
20221106:0810,5.0,71.0,0.0,11.22,10.3,5.03,0.0
20221106:0910,0.0,57.0,0.0,17.98,9.67,5.24,0.0
20221106:1010,0.0,65.0,0.0,22.81,9.35,4.83,0.0
20221106:1110,0.0,71.0,0.0,25.23,9.45,4.55,0.0
20221106:1210,0.0,81.0,0.0,24.94,9.82,4.83,0.0
20221106:1310,0.0,54.0,0.0,21.99,9.99,5.24,0.0
20221106:1410,0.0,44.0,0.0,16.71,10.37,5.38,0.0
20221106:1510,0.0,31.0,0.0,9.62,11.17,5.24,0.0
20221106:1610,0.0,0.0,0.0,0.0,12.11,5.45,0.0
20221106:1710,0.0,0.0,0.0,0.0,12.25,5.24,0.0
20221106:1810,0.0,0.0,0.0,0.0,12.22,5.1,0.0
20221106:1910,0.0,0.0,0.0,0.0,12.03,5.1,0.0
20221106:2010,0.0,0.0,0.0,0.0,12.1,5.38,0.0
20221106:2110,0.0,0.0,0.0,0.0,11.8,5.31,0.0
20221106:2210,0.0,0.0,0.0,0.0,11.5,5.31,0.0
20221106:2310,0.0,0.0,0.0,0.0,11.68,5.45,0.0
20221107:0010,0.0,0.0,0.0,0.0,11.66,5.38,0.0
20221107:0110,0.0,0.0,0.0,0.0,11.6,5.45,0.0
20221107:0210,0.0,0.0,0.0,0.0,11.62,5.59,0.0
20221107:0310,0.0,0.0,0.0,0.0,11.64,5.52,0.0
20221107:0410,0.0,0.0,0.0,0.0,11.8,5.52,0.0
20221107:0510,0.0,0.0,0.0,0.0,11.95,5.45,0.0
20221107:0610,0.0,0.0,0.0,0.0,11.91,5.31,0.0
20221107:0710,1.0,13.79,0.0,2.8,12.12,5.24,0.0
20221107:0810,34.0,80.0,0.0,10.95,12.64,5.38,0.0
20221107:0910,21.0,134.0,0.0,17.7,13.31,4.69,0.0
20221107:1010,4.0,144.0,0.0,22.51,14.28,7.31,0.0
20221107:1110,26.0,193.0,0.0,24.93,15.01,7.17,0.0
20221107:1210,30.0,192.0,0.0,24.65,15.21,6.55,0.0
20221107:1310,7.0,147.0,0.0,21.71,15.51,6.28,0.0
20221107:1410,97.0,114.0,0.0,16.45,15.74,6.07,0.0
20221107:1510,1.0,52.0,0.0,9.38,15.55,5.31,0.0
20221107:1610,0.0,0.0,0.0,0.0,14.86,4.76,0.0
20221107:1710,0.0,0.0,0.0,0.0,14.01,4.55,0.0
20221107:1810,0.0,0.0,0.0,0.0,13.65,4.48,0.0
20221107:1910,0.0,0.0,0.0,0.0,13.23,4.21,0.0
20221107:2010,0.0,0.0,0.0,0.0,12.59,4.07,0.0
20221107:2110,0.0,0.0,0.0,0.0,12.05,4.0,0.0
20221107:2210,0.0,0.0,0.0,0.0,11.65,4.0,0.0
20221107:2310,0.0,0.0,0.0,0.0,11.54,4.07,0.0
20221108:0010,0.0,0.0,0.0,0.0,11.48,4.21,0.0
20221108:0110,0.0,0.0,0.0,0.0,11.45,4.28,0.0
20221108:0210,0.0,0.0,0.0,0.0,11.46,4.76,0.0
20221108:0310,0.0,0.0,0.0,0.0,11.63,5.1,0.0
20221108:0410,0.0,0.0,0.0,0.0,11.83,5.17,0.0
20221108:0510,0.0,0.0,0.0,0.0,11.97,5.1,0.0
20221108:0610,0.0,0.0,0.0,0.0,12.12,4.97,0.0
20221108:0710,1.0,12.79,0.0,2.55,12.72,5.31,0.0
20221108:0810,3.0,65.0,0.0,10.69,13.54,5.79,0.0
20221108:0910,7.0,118.0,0.0,17.42,14.73,6.14,0.0
20221108:1010,88.0,174.0,0.0,22.22,15.96,5.38,0.0
20221108:1110,72.0,199.0,0.0,24.63,16.91,6.41,0.0
20221108:1210,5.0,159.0,0.0,24.36,17.42,7.03,0.0
20221108:1310,12.0,155.0,0.0,21.43,17.52,7.38,0.0
20221108:1410,31.0,126.0,0.0,16.19,16.95,6.83,0.0
20221108:1510,70.0,50.0,0.0,9.14,16.47,6.41,0.0
20221108:1610,0.0,0.0,0.0,0.0,15.93,5.93,0.0
20221108:1710,0.0,0.0,0.0,0.0,15.26,5.86,0.0
20221108:1810,0.0,0.0,0.0,0.0,14.82,5.86,0.0
20221108:1910,0.0,0.0,0.0,0.0,14.59,5.52,0.0
20221108:2010,0.0,0.0,0.0,0.0,14.19,5.31,0.0
20221108:2110,0.0,0.0,0.0,0.0,13.82,5.1,0.0
20221108:2210,0.0,0.0,0.0,0.0,13.55,4.97,0.0
20221108:2310,0.0,0.0,0.0,0.0,13.17,4.69,0.0
20221109:0010,0.0,0.0,0.0,0.0,12.97,4.62,0.0
20221109:0110,0.0,0.0,0.0,0.0,12.75,4.55,0.0
20221109:0210,0.0,0.0,0.0,0.0,12.68,4.55,0.0
20221109:0310,0.0,0.0,0.0,0.0,12.68,4.55,0.0
20221109:0410,0.0,0.0,0.0,0.0,12.82,4.76,0.0
20221109:0510,0.0,0.0,0.0,0.0,12.43,4.62,0.0
20221109:0610,0.0,0.0,0.0,0.0,12.38,4.55,0.0
20221109:0710,0.0,6.0,0.0,2.3,11.09,3.79,0.0
20221109:0810,45.0,73.0,0.0,10.43,11.4,3.93,0.0
20221109:0910,4.0,107.0,0.0,17.14,12.44,3.59,0.0
20221109:1010,263.01,88.0,0.0,21.94,13.48,5.66,0.0
20221109:1110,130.0,182.0,0.0,24.34,14.26,5.72,0.0
20221109:1210,87.0,192.0,0.0,24.07,14.67,5.45,0.0
20221109:1310,142.01,144.0,0.0,21.16,14.84,5.03,0.0
20221109:1410,94.0,111.0,0.0,15.95,15.01,4.69,0.0
20221109:1510,51.0,56.0,0.0,8.91,14.57,3.52,0.0
20221109:1610,0.0,0.0,0.0,0.0,13.67,2.97,0.0
20221109:1710,0.0,0.0,0.0,0.0,12.55,2.69,0.0
20221109:1810,0.0,0.0,0.0,0.0,11.74,2.62,0.0
20221109:1910,0.0,0.0,0.0,0.0,10.34,2.69,0.0
20221109:2010,0.0,0.0,0.0,0.0,9.8,2.76,0.0
20221109:2110,0.0,0.0,0.0,0.0,9.41,2.76,0.0
20221109:2210,0.0,0.0,0.0,0.0,9.21,2.62,0.0
20221109:2310,0.0,0.0,0.0,0.0,8.88,2.55,0.0
20221110:0010,0.0,0.0,0.0,0.0,8.61,2.41,0.0
20221110:0110,0.0,0.0,0.0,0.0,8.3,2.55,0.0
20221110:0210,0.0,0.0,0.0,0.0,8.08,2.55,0.0
20221110:0310,0.0,0.0,0.0,0.0,7.79,2.34,0.0
20221110:0410,0.0,0.0,0.0,0.0,7.42,2.21,0.0
20221110:0510,0.0,0.0,0.0,0.0,7.07,2.28,0.0
20221110:0610,0.0,0.0,0.0,0.0,6.75,2.28,0.0
20221110:0710,0.0,7.0,0.0,2.06,6.5,2.14,0.0
20221110:0810,12.0,72.0,0.0,10.17,7.3,2.07,0.0
20221110:0910,7.0,114.0,0.0,16.87,8.78,2.28,0.0
20221110:1010,6.0,146.0,0.0,21.65,10.12,2.48,0.0
20221110:1110,1.0,136.0,0.0,24.06,11.23,2.69,0.0
20221110:1210,1.0,134.0,0.0,23.79,12.02,2.83,0.0
20221110:1310,0.0,98.0,0.0,20.9,12.34,2.83,0.0
20221110:1410,0.0,49.0,0.0,15.7,12.44,2.76,0.0
20221110:1510,4.0,56.0,0.0,8.69,12.21,2.76,0.0
20221110:1610,0.0,0.0,0.0,0.0,11.62,2.83,0.0
20221110:1710,0.0,0.0,0.0,0.0,10.99,3.03,0.0
20221110:1810,0.0,0.0,0.0,0.0,10.79,3.03,0.0
20221110:1910,0.0,0.0,0.0,0.0,10.23,2.48,0.0
20221110:2010,0.0,0.0,0.0,0.0,10.15,3.03,0.0
20221110:2110,0.0,0.0,0.0,0.0,9.88,3.1,0.0
20221110:2210,0.0,0.0,0.0,0.0,9.67,2.41,0.0
20221110:2310,0.0,0.0,0.0,0.0,9.31,1.79,0.0
20221111:0010,0.0,0.0,0.0,0.0,9.04,1.93,0.0
20221111:0110,0.0,0.0,0.0,0.0,8.65,2.0,0.0
20221111:0210,0.0,0.0,0.0,0.0,8.35,1.79,0.0
20221111:0310,0.0,0.0,0.0,0.0,7.69,1.79,0.0
20221111:0410,0.0,0.0,0.0,0.0,7.11,2.0,0.0
20221111:0510,0.0,0.0,0.0,0.0,6.59,2.14,0.0
20221111:0610,0.0,0.0,0.0,0.0,6.12,2.07,0.0
20221111:0710,0.0,3.0,0.0,1.82,6.65,2.0,0.0
20221111:0810,2.0,58.0,0.0,9.92,7.3,2.21,0.0
20221111:0910,2.0,101.0,0.0,16.6,8.92,2.48,0.0
20221111:1010,0.0,84.0,0.0,21.38,10.52,2.69,0.0
20221111:1110,6.0,160.0,0.0,23.77,12.02,2.97,0.0
20221111:1210,57.0,193.0,0.0,23.52,13.32,2.76,0.0
20221111:1310,223.01,100.0,0.0,20.64,14.39,2.34,0.0
20221111:1410,137.01,88.0,0.0,15.46,15.02,2.14,0.0
20221111:1510,47.0,55.0,0.0,8.47,14.86,1.79,0.0
20221111:1610,0.0,0.0,0.0,0.0,13.53,2.21,0.0
20221111:1710,0.0,0.0,0.0,0.0,12.05,2.34,0.0
20221111:1810,0.0,0.0,0.0,0.0,11.29,2.48,0.0
20221111:1910,0.0,0.0,0.0,0.0,9.72,2.62,0.0
20221111:2010,0.0,0.0,0.0,0.0,9.69,2.34,0.0
20221111:2110,0.0,0.0,0.0,0.0,9.62,2.21,0.0
20221111:2210,0.0,0.0,0.0,0.0,9.45,2.34,0.0
20221111:2310,0.0,0.0,0.0,0.0,9.28,2.21,0.0
20221112:0010,0.0,0.0,0.0,0.0,9.0,2.21,0.0
20221112:0110,0.0,0.0,0.0,0.0,8.84,2.28,0.0
20221112:0210,0.0,0.0,0.0,0.0,8.7,2.34,0.0
20221112:0310,0.0,0.0,0.0,0.0,8.52,2.21,0.0
20221112:0410,0.0,0.0,0.0,0.0,8.18,2.0,0.0
20221112:0510,0.0,0.0,0.0,0.0,7.78,1.93,0.0
20221112:0610,0.0,0.0,0.0,0.0,7.41,2.0,0.0
20221112:0710,0.0,5.0,0.0,1.58,7.42,2.21,0.0
20221112:0810,34.0,69.0,0.0,9.66,8.08,1.66,0.0
20221112:0910,39.0,128.0,0.0,16.34,10.49,1.45,0.0
20221112:1010,50.0,170.0,0.0,21.1,12.61,1.59,0.0
20221112:1110,26.0,182.0,0.0,23.5,14.28,1.79,0.0
20221112:1210,79.0,187.0,0.0,23.25,15.53,2.14,0.0
20221112:1310,226.01,92.0,0.0,20.39,16.27,2.34,0.0
20221112:1410,165.01,67.0,0.0,15.23,16.5,2.28,0.0
20221112:1510,57.0,47.0,0.0,8.26,16.0,1.72,0.0
20221112:1610,0.0,0.0,0.0,0.0,14.59,2.21,0.0
20221112:1710,0.0,0.0,0.0,0.0,13.11,2.41,0.0
20221112:1810,0.0,0.0,0.0,0.0,12.13,2.41,0.0
20221112:1910,0.0,0.0,0.0,0.0,11.28,2.34,0.0
20221112:2010,0.0,0.0,0.0,0.0,10.64,2.21,0.0
20221112:2110,0.0,0.0,0.0,0.0,10.05,2.14,0.0
20221112:2210,0.0,0.0,0.0,0.0,9.54,2.07,0.0
20221112:2310,0.0,0.0,0.0,0.0,9.0,2.14,0.0
20221113:0010,0.0,0.0,0.0,0.0,8.74,2.0,0.0
20221113:0110,0.0,0.0,0.0,0.0,8.61,1.86,0.0
20221113:0210,0.0,0.0,0.0,0.0,8.49,1.66,0.0
20221113:0310,0.0,0.0,0.0,0.0,8.2,1.52,0.0
20221113:0410,0.0,0.0,0.0,0.0,7.9,1.72,0.0
20221113:0510,0.0,0.0,0.0,0.0,7.7,1.79,0.0
20221113:0610,0.0,0.0,0.0,0.0,7.52,1.72,0.0
20221113:0710,0.0,1.0,0.0,1.34,7.56,1.52,0.0
20221113:0810,11.0,67.0,0.0,9.41,7.84,1.66,0.0
20221113:0910,10.0,114.0,0.0,16.07,8.64,1.79,0.0
20221113:1010,19.0,158.0,0.0,20.83,9.82,1.66,0.0
20221113:1110,41.0,187.0,0.0,23.22,11.23,1.24,0.0
20221113:1210,129.01,170.0,0.0,22.98,12.38,0.69,0.0
20221113:1310,119.01,145.0,0.0,20.14,13.27,0.62,0.0
20221113:1410,129.01,85.0,0.0,15.0,13.8,0.97,0.0
20221113:1510,43.0,52.0,0.0,8.05,13.75,1.17,0.0
20221113:1610,0.0,0.0,0.0,0.0,12.87,1.66,0.0
20221113:1710,0.0,0.0,0.0,0.0,11.41,1.93,0.0
20221113:1810,0.0,0.0,0.0,0.0,10.27,2.0,0.0
20221113:1910,0.0,0.0,0.0,0.0,9.13,1.86,0.0
20221113:2010,0.0,0.0,0.0,0.0,8.28,1.79,0.0
20221113:2110,0.0,0.0,0.0,0.0,7.64,1.72,0.0
20221113:2210,0.0,0.0,0.0,0.0,6.74,1.24,0.0
20221113:2310,0.0,0.0,0.0,0.0,6.54,0.76,0.0
20221114:0010,0.0,0.0,0.0,0.0,6.24,0.69,0.0
20221114:0110,0.0,0.0,0.0,0.0,6.3,1.03,0.0
20221114:0210,0.0,0.0,0.0,0.0,6.27,1.1,0.0
20221114:0310,0.0,0.0,0.0,0.0,6.38,1.17,0.0
20221114:0410,0.0,0.0,0.0,0.0,6.55,1.52,0.0
20221114:0510,0.0,0.0,0.0,0.0,6.94,1.38,0.0
20221114:0610,0.0,0.0,0.0,0.0,7.26,1.38,0.0
20221114:0710,0.0,0.0,0.0,0.0,7.81,1.31,0.0
20221114:0810,10.0,63.0,0.0,9.17,8.28,1.72,0.0
20221114:0910,7.0,108.0,0.0,15.82,9.35,2.83,0.0
20221114:1010,12.0,148.0,0.0,20.56,10.98,3.03,0.0
20221114:1110,28.0,180.0,0.0,22.96,12.94,3.38,0.0
20221114:1210,132.01,165.0,0.0,22.73,14.39,3.52,0.0
20221114:1310,17.0,148.0,0.0,19.9,15.71,4.76,0.0
20221114:1410,36.0,114.0,0.0,14.78,15.89,4.41,0.0
20221114:1510,14.0,55.0,0.0,7.85,15.53,4.28,0.0
20221114:1610,0.0,0.0,0.0,0.0,14.64,4.07,0.0
20221114:1710,0.0,0.0,0.0,0.0,13.85,4.0,0.0
20221114:1810,0.0,0.0,0.0,0.0,13.4,4.41,0.0
20221114:1910,0.0,0.0,0.0,0.0,12.86,4.07,0.0
20221114:2010,0.0,0.0,0.0,0.0,12.2,4.21,0.0
20221114:2110,0.0,0.0,0.0,0.0,11.35,4.07,0.0
20221114:2210,0.0,0.0,0.0,0.0,10.84,4.28,0.0
20221114:2310,0.0,0.0,0.0,0.0,10.38,4.0,0.0
20221115:0010,0.0,0.0,0.0,0.0,9.87,3.59,0.0
20221115:0110,0.0,0.0,0.0,0.0,9.1,3.24,0.0
20221115:0210,0.0,0.0,0.0,0.0,8.44,2.97,0.0
20221115:0310,0.0,0.0,0.0,0.0,8.25,3.17,0.0
20221115:0410,0.0,0.0,0.0,0.0,8.14,3.66,0.0
20221115:0510,0.0,0.0,0.0,0.0,8.17,4.07,0.0
20221115:0610,0.0,0.0,0.0,0.0,8.65,4.48,0.0
20221115:0710,0.0,0.0,0.0,0.0,9.91,4.0,0.0
20221115:0810,32.0,62.0,0.0,8.92,10.03,4.34,0.0
20221115:0910,0.0,45.0,0.0,15.56,10.64,4.9,0.0
20221115:1010,0.0,103.0,0.0,20.3,11.33,5.1,0.0
20221115:1110,0.0,73.0,0.0,22.7,11.96,5.31,0.0
20221115:1210,10.0,158.0,0.0,22.47,11.87,5.31,0.0
20221115:1310,10.0,138.0,0.0,19.66,12.28,5.24,0.0
20221115:1410,2.0,86.0,0.0,14.57,12.82,5.24,0.0
20221115:1510,0.0,16.0,0.0,7.66,13.14,5.1,0.0
20221115:1610,0.0,0.0,0.0,0.0,13.18,5.31,0.0
20221115:1710,0.0,0.0,0.0,0.0,12.93,5.1,0.0
20221115:1810,0.0,0.0,0.0,0.0,12.67,5.17,0.0
20221115:1910,0.0,0.0,0.0,0.0,13.0,4.41,0.0
20221115:2010,0.0,0.0,0.0,0.0,12.04,4.55,0.0
20221115:2110,0.0,0.0,0.0,0.0,11.25,4.41,0.0
20221115:2210,0.0,0.0,0.0,0.0,10.95,4.41,0.0
20221115:2310,0.0,0.0,0.0,0.0,10.7,4.9,0.0
20221116:0010,0.0,0.0,0.0,0.0,9.96,4.9,0.0
20221116:0110,0.0,0.0,0.0,0.0,9.3,5.03,0.0
20221116:0210,0.0,0.0,0.0,0.0,8.83,5.17,0.0
20221116:0310,0.0,0.0,0.0,0.0,8.75,5.45,0.0
20221116:0410,0.0,0.0,0.0,0.0,8.65,5.31,0.0
20221116:0510,0.0,0.0,0.0,0.0,8.64,5.03,0.0
20221116:0610,0.0,0.0,0.0,0.0,8.97,4.97,0.0
20221116:0710,0.0,0.0,0.0,0.0,9.59,4.83,0.0
20221116:0810,4.0,54.0,0.0,8.68,9.78,4.9,0.0
20221116:0910,13.0,112.0,0.0,15.31,10.49,5.17,0.0
20221116:1010,10.0,142.0,0.0,20.04,11.58,7.03,0.0
20221116:1110,173.01,145.0,0.0,22.44,12.42,7.03,0.0
20221116:1210,72.0,179.0,0.0,22.23,12.94,5.86,0.0
20221116:1310,0.0,93.0,0.0,19.43,13.14,5.1,0.0
20221116:1410,0.0,40.0,0.0,14.36,12.96,4.69,0.0
20221116:1510,1.0,38.0,0.0,7.47,12.68,4.76,0.0
20221116:1610,0.0,0.0,0.0,0.0,12.11,5.45,0.0
20221116:1710,0.0,0.0,0.0,0.0,11.64,6.07,0.0
20221116:1810,0.0,0.0,0.0,0.0,11.68,6.69,0.0
20221116:1910,0.0,0.0,0.0,0.0,11.85,9.03,0.0
20221116:2010,0.0,0.0,0.0,0.0,12.33,8.9,0.0
20221116:2110,0.0,0.0,0.0,0.0,13.11,8.83,0.0
20221116:2210,0.0,0.0,0.0,0.0,13.2,8.55,0.0
20221116:2310,0.0,0.0,0.0,0.0,12.43,8.0,0.0
20221117:0010,0.0,0.0,0.0,0.0,12.2,8.34,0.0
20221117:0110,0.0,0.0,0.0,0.0,12.05,8.76,0.0
20221117:0210,0.0,0.0,0.0,0.0,11.9,8.76,0.0
20221117:0310,0.0,0.0,0.0,0.0,11.78,8.55,0.0
20221117:0410,0.0,0.0,0.0,0.0,11.43,8.21,0.0
20221117:0510,0.0,0.0,0.0,0.0,10.93,8.0,0.0
20221117:0610,0.0,0.0,0.0,0.0,10.61,7.38,0.0
20221117:0710,0.0,0.0,0.0,0.0,10.9,6.62,0.0
20221117:0810,3.0,49.0,0.0,8.44,11.02,6.69,0.0
20221117:0910,0.0,52.0,0.0,15.06,11.6,6.83,0.0
20221117:1010,2.0,121.0,0.0,19.79,12.36,8.0,0.0
20221117:1110,246.01,103.0,0.0,22.19,12.96,7.79,0.0
20221117:1210,144.01,154.0,0.0,21.99,13.3,7.38,0.0
20221117:1310,28.0,151.0,0.0,19.21,13.44,6.48,0.0
20221117:1410,39.0,110.0,0.0,14.16,13.27,5.45,0.0
20221117:1510,15.0,51.0,0.0,7.29,12.82,4.76,0.0
20221117:1610,0.0,0.0,0.0,0.0,12.02,4.48,0.0
20221117:1710,0.0,0.0,0.0,0.0,11.33,4.48,0.0
20221117:1810,0.0,0.0,0.0,0.0,10.78,4.48,0.0
20221117:1910,0.0,0.0,0.0,0.0,9.98,4.21,0.0
20221117:2010,0.0,0.0,0.0,0.0,9.79,3.93,0.0
20221117:2110,0.0,0.0,0.0,0.0,9.53,4.0,0.0
20221117:2210,0.0,0.0,0.0,0.0,9.4,4.21,0.0
20221117:2310,0.0,0.0,0.0,0.0,8.94,4.41,0.0
20221118:0010,0.0,0.0,0.0,0.0,8.69,4.55,0.0
20221118:0110,0.0,0.0,0.0,0.0,8.63,4.48,0.0
20221118:0210,0.0,0.0,0.0,0.0,8.25,4.28,0.0
20221118:0310,0.0,0.0,0.0,0.0,7.92,4.21,0.0
20221118:0410,0.0,0.0,0.0,0.0,7.82,4.21,0.0
20221118:0510,0.0,0.0,0.0,0.0,7.52,4.21,0.0
20221118:0610,0.0,0.0,0.0,0.0,7.5,4.14,0.0
20221118:0710,0.0,0.0,0.0,0.0,6.57,4.14,0.0
20221118:0810,47.0,52.0,0.0,8.21,6.78,4.21,0.0
20221118:0910,18.0,113.0,0.0,14.82,7.84,3.72,0.0
20221118:1010,103.0,146.0,0.0,19.54,8.95,5.79,0.0
20221118:1110,156.01,149.0,0.0,21.94,10.15,5.72,0.0
20221118:1210,45.0,176.0,0.0,21.75,10.68,4.9,0.0
20221118:1310,56.0,153.0,0.0,18.99,11.14,4.62,0.0
20221118:1410,125.01,76.0,0.0,13.96,11.31,4.14,0.0
20221118:1510,31.0,47.0,0.0,7.11,10.68,3.31,0.0
20221118:1610,0.0,0.0,0.0,0.0,9.91,2.97,0.0
20221118:1710,0.0,0.0,0.0,0.0,8.9,2.76,0.0
20221118:1810,0.0,0.0,0.0,0.0,8.37,2.83,0.0
20221118:1910,0.0,0.0,0.0,0.0,8.46,2.69,0.0
20221118:2010,0.0,0.0,0.0,0.0,7.62,2.76,0.0
20221118:2110,0.0,0.0,0.0,0.0,6.98,2.62,0.0
20221118:2210,0.0,0.0,0.0,0.0,6.51,2.55,0.0
20221118:2310,0.0,0.0,0.0,0.0,6.07,2.55,0.0
20221119:0010,0.0,0.0,0.0,0.0,5.67,2.55,0.0
20221119:0110,0.0,0.0,0.0,0.0,5.6,2.55,0.0
20221119:0210,0.0,0.0,0.0,0.0,5.36,2.48,0.0
20221119:0310,0.0,0.0,0.0,0.0,5.01,2.34,0.0
20221119:0410,0.0,0.0,0.0,0.0,4.58,2.34,0.0
20221119:0510,0.0,0.0,0.0,0.0,4.28,2.34,0.0
20221119:0610,0.0,0.0,0.0,0.0,4.14,2.34,0.0
20221119:0710,0.0,0.0,0.0,0.0,4.81,2.41,0.0
20221119:0810,31.0,55.0,0.0,7.97,5.21,2.34,0.0
20221119:0910,17.0,110.0,0.0,14.58,6.71,2.14,0.0
20221119:1010,4.0,124.0,0.0,19.3,8.32,2.28,0.0
20221119:1110,45.0,177.0,0.0,21.7,9.66,2.76,0.0
20221119:1210,109.0,165.0,0.0,21.52,10.6,3.1,0.0
20221119:1310,176.01,105.0,0.0,18.78,10.98,2.97,0.0
20221119:1410,10.0,99.0,0.0,13.77,10.84,2.97,0.0
20221119:1510,5.0,44.0,0.0,6.94,10.11,3.03,0.0
20221119:1610,0.0,0.0,0.0,0.0,9.18,2.76,0.0
20221119:1710,0.0,0.0,0.0,0.0,8.27,2.34,0.0
20221119:1810,0.0,0.0,0.0,0.0,7.63,2.48,0.0
20221119:1910,0.0,0.0,0.0,0.0,6.71,2.76,0.0
20221119:2010,0.0,0.0,0.0,0.0,6.42,2.62,0.0
20221119:2110,0.0,0.0,0.0,0.0,6.15,2.76,0.0
20221119:2210,0.0,0.0,0.0,0.0,5.9,2.9,0.0
20221119:2310,0.0,0.0,0.0,0.0,5.95,2.83,0.0
20221120:0010,0.0,0.0,0.0,0.0,5.46,2.76,0.0
20221120:0110,0.0,0.0,0.0,0.0,5.06,2.83,0.0
20221120:0210,0.0,0.0,0.0,0.0,4.5,2.69,0.0
20221120:0310,0.0,0.0,0.0,0.0,4.0,2.62,0.0
20221120:0410,0.0,0.0,0.0,0.0,3.62,2.69,0.0
20221120:0510,0.0,0.0,0.0,0.0,3.4,2.76,0.0
20221120:0610,0.0,0.0,0.0,0.0,3.6,2.97,0.0
20221120:0710,0.0,0.0,0.0,0.0,4.54,3.45,0.0
20221120:0810,1.0,44.0,0.0,7.75,4.96,3.66,0.0
20221120:0910,0.0,47.0,0.0,14.34,6.04,3.86,0.0
20221120:1010,5.0,125.0,0.0,19.06,6.69,4.55,0.0
20221120:1110,5.0,140.0,0.0,21.47,6.81,4.9,0.0
20221120:1210,0.0,64.0,0.0,21.3,7.28,5.31,0.0
20221120:1310,0.0,53.0,0.0,18.57,7.69,4.69,0.0
20221120:1410,0.0,71.0,0.0,13.58,8.49,4.0,0.0
20221120:1510,23.0,46.0,0.0,6.78,9.24,3.93,0.0
20221120:1610,0.0,0.0,0.0,0.0,9.07,3.93,0.0
20221120:1710,0.0,0.0,0.0,0.0,8.31,3.66,0.0
20221120:1810,0.0,0.0,0.0,0.0,7.68,3.66,0.0
20221120:1910,0.0,0.0,0.0,0.0,7.48,4.48,0.0
20221120:2010,0.0,0.0,0.0,0.0,7.57,4.62,0.0
20221120:2110,0.0,0.0,0.0,0.0,7.58,4.41,0.0
20221120:2210,0.0,0.0,0.0,0.0,7.73,4.41,0.0
20221120:2310,0.0,0.0,0.0,0.0,7.6,3.93,0.0
20221121:0010,0.0,0.0,0.0,0.0,7.29,3.86,0.0
20221121:0110,0.0,0.0,0.0,0.0,7.36,3.86,0.0
20221121:0210,0.0,0.0,0.0,0.0,7.52,3.66,0.0
20221121:0310,0.0,0.0,0.0,0.0,7.58,3.03,0.0
20221121:0410,0.0,0.0,0.0,0.0,7.39,3.1,0.0
20221121:0510,0.0,0.0,0.0,0.0,7.51,2.76,0.0
20221121:0610,0.0,0.0,0.0,0.0,7.46,2.62,0.0
20221121:0710,0.0,0.0,0.0,0.0,7.28,3.1,0.0
20221121:0810,9.0,52.0,0.0,7.52,7.58,3.45,0.0
20221121:0910,0.0,61.0,0.0,14.11,8.07,4.21,0.0
20221121:1010,2.0,114.0,0.0,18.83,8.7,6.07,0.0
20221121:1110,1.0,115.0,0.0,21.24,9.48,6.48,0.0
20221121:1210,0.0,68.0,0.0,21.08,9.56,5.38,0.0
20221121:1310,0.0,60.0,0.0,18.37,9.06,6.14,0.0
20221121:1410,0.0,37.0,0.0,13.41,8.3,6.34,0.0
20221121:1510,1.0,35.0,0.0,6.62,8.08,6.34,0.0
20221121:1610,0.0,0.0,0.0,0.0,8.37,5.59,0.0
20221121:1710,0.0,0.0,0.0,0.0,8.65,6.41,0.0
20221121:1810,0.0,0.0,0.0,0.0,7.91,5.93,0.0
20221121:1910,0.0,0.0,0.0,0.0,8.56,5.1,0.0
20221121:2010,0.0,0.0,0.0,0.0,7.6,4.69,0.0
20221121:2110,0.0,0.0,0.0,0.0,6.67,4.62,0.0
20221121:2210,0.0,0.0,0.0,0.0,6.18,4.28,0.0
20221121:2310,0.0,0.0,0.0,0.0,5.59,4.21,0.0
20221122:0010,0.0,0.0,0.0,0.0,5.14,4.62,0.0
20221122:0110,0.0,0.0,0.0,0.0,4.77,4.83,0.0
20221122:0210,0.0,0.0,0.0,0.0,4.65,5.24,0.0
20221122:0310,0.0,0.0,0.0,0.0,5.22,5.31,0.0
20221122:0410,0.0,0.0,0.0,0.0,5.61,5.31,0.0
20221122:0510,0.0,0.0,0.0,0.0,5.9,5.24,0.0
20221122:0610,0.0,0.0,0.0,0.0,6.21,5.52,0.0
20221122:0710,0.0,0.0,0.0,0.0,6.68,6.14,0.0
20221122:0810,1.0,40.0,0.0,7.3,6.7,6.34,0.0
20221122:0910,144.01,66.0,0.0,13.89,7.02,6.41,0.0
20221122:1010,145.01,119.0,0.0,18.6,7.73,6.48,0.0
20221122:1110,109.0,160.0,0.0,21.01,8.84,8.21,0.0
20221122:1210,184.01,125.0,0.0,20.87,9.67,7.79,0.0
20221122:1310,0.0,80.0,0.0,18.18,10.27,7.45,0.0
20221122:1410,36.0,102.0,0.0,13.24,10.44,6.69,0.0
20221122:1510,26.0,43.0,0.0,6.47,10.14,5.86,0.0
20221122:1610,0.0,0.0,0.0,0.0,9.49,5.45,0.0
20221122:1710,0.0,0.0,0.0,0.0,8.88,5.38,0.0
20221122:1810,0.0,0.0,0.0,0.0,8.62,5.38,0.0
20221122:1910,0.0,0.0,0.0,0.0,8.55,5.03,0.0
20221122:2010,0.0,0.0,0.0,0.0,7.84,4.69,0.0
20221122:2110,0.0,0.0,0.0,0.0,7.18,4.69,0.0
20221122:2210,0.0,0.0,0.0,0.0,6.66,4.48,0.0
20221122:2310,0.0,0.0,0.0,0.0,6.17,4.14,0.0
20221123:0010,0.0,0.0,0.0,0.0,5.73,3.72,0.0
20221123:0110,0.0,0.0,0.0,0.0,5.3,3.45,0.0
20221123:0210,0.0,0.0,0.0,0.0,5.17,3.31,0.0
20221123:0310,0.0,0.0,0.0,0.0,5.42,3.24,0.0
20221123:0410,0.0,0.0,0.0,0.0,5.81,3.24,0.0
20221123:0510,0.0,0.0,0.0,0.0,6.32,3.38,0.0
20221123:0610,0.0,0.0,0.0,0.0,6.71,3.79,0.0
20221123:0710,0.0,0.0,0.0,0.0,6.53,3.93,0.0
20221123:0810,5.0,44.0,0.0,7.09,6.95,4.28,0.0
20221123:0910,0.0,33.0,0.0,13.66,7.88,4.41,0.0
20221123:1010,0.0,47.0,0.0,18.38,8.67,4.34,0.0
20221123:1110,0.0,75.0,0.0,20.8,9.27,5.17,0.0
20221123:1210,90.0,162.0,0.0,20.66,10.12,5.72,0.0
20221123:1310,0.0,94.0,0.0,17.99,10.49,6.28,0.0
20221123:1410,24.0,100.0,0.0,13.07,11.08,5.45,0.0
20221123:1510,18.0,42.0,0.0,6.33,11.01,5.1,0.0
20221123:1610,0.0,0.0,0.0,0.0,10.49,4.76,0.0
20221123:1710,0.0,0.0,0.0,0.0,9.86,4.62,0.0
20221123:1810,0.0,0.0,0.0,0.0,9.5,4.48,0.0
20221123:1910,0.0,0.0,0.0,0.0,9.17,4.76,0.0
20221123:2010,0.0,0.0,0.0,0.0,8.84,5.03,0.0
20221123:2110,0.0,0.0,0.0,0.0,8.59,5.24,0.0
20221123:2210,0.0,0.0,0.0,0.0,8.48,5.52,0.0
20221123:2310,0.0,0.0,0.0,0.0,8.68,5.72,0.0
20221124:0010,0.0,0.0,0.0,0.0,8.97,6.14,0.0
20221124:0110,0.0,0.0,0.0,0.0,9.06,6.41,0.0
20221124:0210,0.0,0.0,0.0,0.0,8.86,6.41,0.0
20221124:0310,0.0,0.0,0.0,0.0,8.72,5.79,0.0
20221124:0410,0.0,0.0,0.0,0.0,8.39,5.03,0.0
20221124:0510,0.0,0.0,0.0,0.0,7.82,4.48,0.0
20221124:0610,0.0,0.0,0.0,0.0,7.25,4.0,0.0
20221124:0710,0.0,0.0,0.0,0.0,6.47,3.1,0.0
20221124:0810,25.0,47.0,0.0,6.87,6.37,3.31,0.0
20221124:0910,41.0,104.0,0.0,13.45,7.7,3.45,0.0
20221124:1010,39.0,146.0,0.0,18.16,9.5,4.14,0.0
20221124:1110,264.01,76.0,0.0,20.58,11.06,4.34,0.0
20221124:1210,229.01,94.0,0.0,20.47,12.08,4.69,0.0
20221124:1310,193.01,84.0,0.0,17.81,12.64,5.1,0.0
20221124:1410,8.0,91.0,0.0,12.91,12.77,4.97,0.0
20221124:1510,13.0,42.0,0.0,6.19,12.36,4.9,0.0
20221124:1610,0.0,0.0,0.0,0.0,11.69,4.83,0.0
20221124:1710,0.0,0.0,0.0,0.0,11.09,4.76,0.0
20221124:1810,0.0,0.0,0.0,0.0,10.92,4.9,0.0
20221124:1910,0.0,0.0,0.0,0.0,10.86,5.17,0.0
20221124:2010,0.0,0.0,0.0,0.0,10.84,5.24,0.0
20221124:2110,0.0,0.0,0.0,0.0,10.66,5.24,0.0
20221124:2210,0.0,0.0,0.0,0.0,10.63,5.24,0.0
20221124:2310,0.0,0.0,0.0,0.0,10.49,5.1,0.0
20221125:0010,0.0,0.0,0.0,0.0,10.32,5.03,0.0
20221125:0110,0.0,0.0,0.0,0.0,10.41,4.9,0.0
20221125:0210,0.0,0.0,0.0,0.0,9.95,4.0,0.0
20221125:0310,0.0,0.0,0.0,0.0,9.19,3.59,0.0
20221125:0410,0.0,0.0,0.0,0.0,8.35,3.59,0.0
20221125:0510,0.0,0.0,0.0,0.0,7.7,3.66,0.0
20221125:0610,0.0,0.0,0.0,0.0,7.26,3.59,0.0
20221125:0710,0.0,0.0,0.0,0.0,7.27,3.24,0.0
20221125:0810,9.0,44.0,0.0,6.66,7.13,3.03,0.0
20221125:0910,34.0,103.0,0.0,13.23,8.06,2.69,0.0
20221125:1010,149.01,110.0,0.0,17.95,9.2,3.52,0.0
20221125:1110,242.01,86.0,0.0,20.38,10.5,4.48,0.0
20221125:1210,245.01,83.0,0.0,20.27,11.1,4.07,0.0
20221125:1310,206.01,74.0,0.0,17.64,11.39,3.79,0.0
20221125:1410,111.01,70.0,0.0,12.76,11.51,3.66,0.0
20221125:1510,15.0,41.0,0.0,6.06,11.16,3.38,0.0
20221125:1610,0.0,0.0,0.0,0.0,10.06,2.76,0.0
20221125:1710,0.0,0.0,0.0,0.0,8.89,2.34,0.0
20221125:1810,0.0,0.0,0.0,0.0,8.07,2.41,0.0
20221125:1910,0.0,0.0,0.0,0.0,7.24,2.41,0.0
20221125:2010,0.0,0.0,0.0,0.0,6.55,2.41,0.0
20221125:2110,0.0,0.0,0.0,0.0,6.06,2.41,0.0
20221125:2210,0.0,0.0,0.0,0.0,5.61,2.28,0.0
20221125:2310,0.0,0.0,0.0,0.0,5.04,2.07,0.0
20221126:0010,0.0,0.0,0.0,0.0,4.45,2.14,0.0
20221126:0110,0.0,0.0,0.0,0.0,3.92,2.0,0.0
20221126:0210,0.0,0.0,0.0,0.0,3.4,1.93,0.0
20221126:0310,0.0,0.0,0.0,0.0,2.99,2.0,0.0
20221126:0410,0.0,0.0,0.0,0.0,2.8,1.93,0.0
20221126:0510,0.0,0.0,0.0,0.0,2.87,1.79,0.0
20221126:0610,0.0,0.0,0.0,0.0,3.1,1.79,0.0
20221126:0710,0.0,0.0,0.0,0.0,4.03,1.93,0.0
20221126:0810,8.0,43.0,0.0,6.46,4.44,2.28,0.0
20221126:0910,7.0,90.0,0.0,13.03,5.22,2.48,0.0
20221126:1010,4.0,116.0,0.0,17.74,5.98,2.76,0.0
20221126:1110,18.0,154.0,0.0,20.18,6.74,3.03,0.0
20221126:1210,0.0,102.0,0.0,20.09,7.26,3.24,0.0
20221126:1310,9.0,123.0,0.0,17.48,7.84,3.52,0.0
20221126:1410,13.0,92.0,0.0,12.62,8.14,3.79,0.0
20221126:1510,5.0,36.0,0.0,5.93,8.08,3.72,0.0
20221126:1610,0.0,0.0,0.0,0.0,7.78,2.97,0.0
20221126:1710,0.0,0.0,0.0,0.0,7.43,2.83,0.0
20221126:1810,0.0,0.0,0.0,0.0,7.3,2.97,0.0
20221126:1910,0.0,0.0,0.0,0.0,7.56,3.66,0.0
20221126:2010,0.0,0.0,0.0,0.0,7.17,3.79,0.0
20221126:2110,0.0,0.0,0.0,0.0,6.75,3.66,0.0
20221126:2210,0.0,0.0,0.0,0.0,6.77,3.72,0.0
20221126:2310,0.0,0.0,0.0,0.0,6.75,3.86,0.0
20221127:0010,0.0,0.0,0.0,0.0,6.91,3.79,0.0
20221127:0110,0.0,0.0,0.0,0.0,7.13,3.86,0.0
20221127:0210,0.0,0.0,0.0,0.0,7.28,3.79,0.0
20221127:0310,0.0,0.0,0.0,0.0,7.42,3.52,0.0
20221127:0410,0.0,0.0,0.0,0.0,7.56,3.31,0.0
20221127:0510,0.0,0.0,0.0,0.0,7.67,3.31,0.0
20221127:0610,0.0,0.0,0.0,0.0,7.72,3.31,0.0
20221127:0710,0.0,0.0,0.0,0.0,7.45,3.66,0.0
20221127:0810,0.0,21.0,0.0,6.26,7.27,3.79,0.0
20221127:0910,21.0,96.0,0.0,12.82,7.49,3.59,0.0
20221127:1010,0.0,73.0,0.0,17.54,7.83,3.45,0.0
20221127:1110,2.0,117.0,0.0,19.99,8.52,3.52,0.0
20221127:1210,13.0,144.0,0.0,19.91,9.27,3.66,0.0
20221127:1310,0.0,84.0,0.0,17.32,9.82,3.72,0.0
20221127:1410,0.0,51.0,0.0,12.48,10.12,3.66,0.0
20221127:1510,2.0,31.0,0.0,5.82,9.95,3.66,0.0
20221127:1610,0.0,0.0,0.0,0.0,9.55,3.45,0.0
20221127:1710,0.0,0.0,0.0,0.0,9.27,3.31,0.0
20221127:1810,0.0,0.0,0.0,0.0,9.18,3.31,0.0
20221127:1910,0.0,0.0,0.0,0.0,8.95,3.59,0.0
20221127:2010,0.0,0.0,0.0,0.0,9.05,3.72,0.0
20221127:2110,0.0,0.0,0.0,0.0,8.99,3.86,0.0
20221127:2210,0.0,0.0,0.0,0.0,8.73,3.93,0.0
20221127:2310,0.0,0.0,0.0,0.0,8.72,3.59,0.0
20221128:0010,0.0,0.0,0.0,0.0,8.75,3.03,0.0
20221128:0110,0.0,0.0,0.0,0.0,8.65,2.9,0.0
20221128:0210,0.0,0.0,0.0,0.0,8.47,2.97,0.0
20221128:0310,0.0,0.0,0.0,0.0,8.23,2.62,0.0
20221128:0410,0.0,0.0,0.0,0.0,8.17,2.21,0.0
20221128:0510,0.0,0.0,0.0,0.0,8.1,2.14,0.0
20221128:0610,0.0,0.0,0.0,0.0,8.12,1.86,0.0
20221128:0710,0.0,0.0,0.0,0.0,7.63,2.41,0.0
20221128:0810,0.0,12.0,0.0,6.07,7.76,2.48,0.0
20221128:0910,5.0,83.0,0.0,12.63,8.16,2.34,0.0
20221128:1010,152.01,100.0,0.0,17.34,8.58,2.48,0.0
20221128:1110,25.0,154.0,0.0,19.8,9.24,2.83,0.0
20221128:1210,223.01,88.0,0.0,19.74,9.98,3.59,0.0
20221128:1310,55.0,135.0,0.0,17.16,10.46,3.45,0.0
20221128:1410,11.0,87.0,0.0,12.35,10.6,2.9,0.0
20221128:1510,19.0,31.96,0.0,5.71,9.82,2.0,0.0
20221128:1610,0.0,0.0,0.0,0.0,8.75,2.34,0.0
20221128:1710,0.0,0.0,0.0,0.0,8.05,2.48,0.0
20221128:1810,0.0,0.0,0.0,0.0,7.56,2.34,0.0
20221128:1910,0.0,0.0,0.0,0.0,6.95,2.41,0.0
20221128:2010,0.0,0.0,0.0,0.0,6.42,2.34,0.0
20221128:2110,0.0,0.0,0.0,0.0,6.3,2.28,0.0
20221128:2210,0.0,0.0,0.0,0.0,5.75,2.28,0.0
20221128:2310,0.0,0.0,0.0,0.0,5.65,2.21,0.0
20221129:0010,0.0,0.0,0.0,0.0,5.44,2.0,0.0
20221129:0110,0.0,0.0,0.0,0.0,5.15,2.0,0.0
20221129:0210,0.0,0.0,0.0,0.0,5.09,2.07,0.0
20221129:0310,0.0,0.0,0.0,0.0,5.06,2.0,0.0
20221129:0410,0.0,0.0,0.0,0.0,5.44,1.79,0.0
20221129:0510,0.0,0.0,0.0,0.0,5.77,1.66,0.0
20221129:0610,0.0,0.0,0.0,0.0,6.23,1.45,0.0
20221129:0710,0.0,0.0,0.0,0.0,5.22,1.31,0.0
20221129:0810,5.0,37.0,0.0,5.87,5.25,1.31,0.0
20221129:0910,0.0,60.0,0.0,12.44,5.57,1.52,0.0
20221129:1010,0.0,82.0,0.0,17.15,6.14,1.17,0.0
20221129:1110,0.0,97.0,0.0,19.62,6.99,0.9,0.0
20221129:1210,2.0,119.0,0.0,19.57,7.51,1.03,0.0
20221129:1310,0.0,75.0,0.0,17.02,8.17,1.38,0.0
20221129:1410,0.0,57.0,0.0,12.22,8.43,1.59,0.0
20221129:1510,3.0,32.28,0.0,5.6,8.34,1.45,0.0
20221129:1610,0.0,0.0,0.0,0.0,7.99,1.1,0.0
20221129:1710,0.0,0.0,0.0,0.0,7.82,0.9,0.0
20221129:1810,0.0,0.0,0.0,0.0,7.59,0.83,0.0
20221129:1910,0.0,0.0,0.0,0.0,6.89,0.9,0.0
20221129:2010,0.0,0.0,0.0,0.0,6.84,0.9,0.0
20221129:2110,0.0,0.0,0.0,0.0,6.87,0.76,0.0
20221129:2210,0.0,0.0,0.0,0.0,6.79,0.62,0.0
20221129:2310,0.0,0.0,0.0,0.0,6.52,0.9,0.0
20221130:0010,0.0,0.0,0.0,0.0,6.57,0.83,0.0
20221130:0110,0.0,0.0,0.0,0.0,6.55,0.9,0.0
20221130:0210,0.0,0.0,0.0,0.0,6.47,1.03,0.0
20221130:0310,0.0,0.0,0.0,0.0,6.42,1.24,0.0
20221130:0410,0.0,0.0,0.0,0.0,6.42,1.52,0.0
20221130:0510,0.0,0.0,0.0,0.0,6.42,1.86,0.0
20221130:0610,0.0,0.0,0.0,0.0,6.37,2.07,0.0
20221130:0710,0.0,0.0,0.0,0.0,5.64,2.0,0.0
20221130:0810,0.0,14.0,0.0,5.69,5.7,2.21,0.0
20221130:0910,1.0,68.0,0.0,12.25,5.88,2.9,0.0
20221130:1010,0.0,79.0,0.0,16.97,6.22,3.03,0.0
20221130:1110,4.0,127.0,0.0,19.45,6.76,3.1,0.0
20221130:1210,82.0,154.0,0.0,19.41,7.19,3.24,0.0
20221130:1310,3.0,108.0,0.0,16.88,7.54,3.24,0.0
20221130:1410,0.0,29.0,0.0,12.1,7.55,3.1,0.0
20221130:1510,1.0,28.78,0.0,5.5,7.38,2.97,0.0
20221130:1610,0.0,0.0,0.0,0.0,7.11,3.03,0.0
20221130:1710,0.0,0.0,0.0,0.0,6.97,3.1,0.0
20221130:1810,0.0,0.0,0.0,0.0,7.04,3.38,0.0
20221130:1910,0.0,0.0,0.0,0.0,7.27,3.24,0.0
20221130:2010,0.0,0.0,0.0,0.0,7.17,3.52,0.0
20221130:2110,0.0,0.0,0.0,0.0,7.01,3.72,0.0
20221130:2210,0.0,0.0,0.0,0.0,6.72,3.79,0.0
20221130:2310,0.0,0.0,0.0,0.0,6.36,3.72,0.0
20221201:0010,0.0,0.0,0.0,0.0,6.13,3.59,0.0
20221201:0110,0.0,0.0,0.0,0.0,5.86,3.52,0.0
20221201:0210,0.0,0.0,0.0,0.0,5.62,3.59,0.0
20221201:0310,0.0,0.0,0.0,0.0,5.42,3.86,0.0
20221201:0410,0.0,0.0,0.0,0.0,5.23,3.45,0.0
20221201:0510,0.0,0.0,0.0,0.0,5.22,3.52,0.0
20221201:0610,0.0,0.0,0.0,0.0,5.22,3.24,0.0
20221201:0710,0.0,0.0,0.0,0.0,5.26,3.45,0.0
20221201:0810,6.0,34.4,0.0,5.51,5.33,3.52,0.0
20221201:0910,2.0,70.0,0.0,12.07,5.59,3.24,0.0
20221201:1010,9.0,119.0,0.0,16.79,6.01,4.07,0.0
20221201:1110,7.0,135.0,0.0,19.28,6.3,3.79,0.0
20221201:1210,5.0,130.0,0.0,19.26,6.71,3.79,0.0
20221201:1310,5.0,113.0,0.0,16.75,6.78,3.72,0.0
20221201:1410,0.0,44.0,0.0,11.99,6.87,3.72,0.0
20221201:1510,1.0,26.8,0.0,5.41,6.73,3.38,0.0
20221201:1610,0.0,0.0,0.0,0.0,6.42,3.17,0.0
20221201:1710,0.0,0.0,0.0,0.0,6.22,3.31,0.0
20221201:1810,0.0,0.0,0.0,0.0,6.1,3.52,0.0
20221201:1910,0.0,0.0,0.0,0.0,5.88,3.79,0.0
20221201:2010,0.0,0.0,0.0,0.0,5.88,3.72,0.0
20221201:2110,0.0,0.0,0.0,0.0,5.84,3.52,0.0
20221201:2210,0.0,0.0,0.0,0.0,5.72,3.52,0.0
20221201:2310,0.0,0.0,0.0,0.0,5.64,3.38,0.0
20221202:0010,0.0,0.0,0.0,0.0,5.44,3.24,0.0
20221202:0110,0.0,0.0,0.0,0.0,5.25,3.31,0.0
20221202:0210,0.0,0.0,0.0,0.0,5.09,3.31,0.0
20221202:0310,0.0,0.0,0.0,0.0,4.94,3.24,0.0
20221202:0410,0.0,0.0,0.0,0.0,4.66,3.1,0.0
20221202:0510,0.0,0.0,0.0,0.0,4.62,3.1,0.0
20221202:0610,0.0,0.0,0.0,0.0,4.48,2.76,0.0
20221202:0710,0.0,0.0,0.0,0.0,4.95,2.9,0.0
20221202:0810,0.0,12.0,0.0,5.33,4.84,2.76,0.0
20221202:0910,0.0,27.0,0.0,11.89,4.95,3.24,0.0
20221202:1010,0.0,44.0,0.0,16.62,5.1,3.24,0.0
20221202:1110,0.0,28.0,0.0,19.12,5.11,3.1,0.0
20221202:1210,7.0,132.0,0.0,19.12,5.06,3.03,0.0
20221202:1310,6.0,114.0,0.0,16.62,4.98,3.24,0.0
20221202:1410,0.0,31.0,0.0,11.89,4.88,3.79,0.0
20221202:1510,0.0,11.0,0.0,5.33,4.68,3.59,0.0
20221202:1610,0.0,0.0,0.0,0.0,4.36,3.52,0.0
20221202:1710,0.0,0.0,0.0,0.0,3.96,3.86,0.0
20221202:1810,0.0,0.0,0.0,0.0,3.45,3.93,0.0
20221202:1910,0.0,0.0,0.0,0.0,3.15,3.31,0.0
20221202:2010,0.0,0.0,0.0,0.0,2.75,3.17,0.0
20221202:2110,0.0,0.0,0.0,0.0,2.42,3.59,0.0
20221202:2210,0.0,0.0,0.0,0.0,2.26,3.93,0.0
20221202:2310,0.0,0.0,0.0,0.0,2.4,5.17,0.0
20221203:0010,0.0,0.0,0.0,0.0,2.67,4.34,0.0
20221203:0110,0.0,0.0,0.0,0.0,2.76,4.55,0.0
20221203:0210,0.0,0.0,0.0,0.0,2.68,4.69,0.0
20221203:0310,0.0,0.0,0.0,0.0,2.53,4.76,0.0
20221203:0410,0.0,0.0,0.0,0.0,2.28,4.62,0.0
20221203:0510,0.0,0.0,0.0,0.0,2.17,4.55,0.0
20221203:0610,0.0,0.0,0.0,0.0,2.13,4.34,0.0
20221203:0710,0.0,0.0,0.0,0.0,2.81,4.14,0.0
20221203:0810,3.0,28.31,0.0,5.16,2.87,4.0,0.0
20221203:0910,0.0,31.0,0.0,11.72,3.08,4.34,0.0
20221203:1010,0.0,42.0,0.0,16.46,3.42,4.21,0.0
20221203:1110,0.0,52.0,0.0,18.96,3.86,4.07,0.0
20221203:1210,0.0,57.0,0.0,18.98,4.14,4.14,0.0
20221203:1310,0.0,72.0,0.0,16.51,4.33,4.28,0.0
20221203:1410,0.0,35.0,0.0,11.79,4.3,4.34,0.0
20221203:1510,1.0,24.81,0.0,5.25,4.06,4.34,0.0
20221203:1610,0.0,0.0,0.0,0.0,3.65,3.93,0.0
20221203:1710,0.0,0.0,0.0,0.0,3.31,3.72,0.0
20221203:1810,0.0,0.0,0.0,0.0,3.11,3.86,0.0
20221203:1910,0.0,0.0,0.0,0.0,3.49,3.31,0.0
20221203:2010,0.0,0.0,0.0,0.0,3.37,3.17,0.0
20221203:2110,0.0,0.0,0.0,0.0,3.17,3.31,0.0
20221203:2210,0.0,0.0,0.0,0.0,2.93,3.17,0.0
20221203:2310,0.0,0.0,0.0,0.0,2.66,3.03,0.0
20221204:0010,0.0,0.0,0.0,0.0,2.38,3.1,0.0
20221204:0110,0.0,0.0,0.0,0.0,2.24,3.17,0.0
20221204:0210,0.0,0.0,0.0,0.0,2.16,3.38,0.0
20221204:0310,0.0,0.0,0.0,0.0,2.2,3.38,0.0
20221204:0410,0.0,0.0,0.0,0.0,2.16,3.59,0.0
20221204:0510,0.0,0.0,0.0,0.0,1.91,3.59,0.0
20221204:0610,0.0,0.0,0.0,0.0,1.83,3.45,0.0
20221204:0710,0.0,0.0,0.0,0.0,1.65,2.69,0.0
20221204:0810,0.0,7.0,0.0,4.99,1.8,2.62,0.0
20221204:0910,0.0,39.0,0.0,11.56,2.26,3.03,0.0
20221204:1010,0.0,58.0,0.0,16.3,3.13,3.38,0.0
20221204:1110,0.0,73.0,0.0,18.82,3.64,3.24,0.0
20221204:1210,0.0,27.0,0.0,18.85,4.06,3.17,0.0
20221204:1310,0.0,58.0,0.0,16.39,4.46,2.97,0.0
20221204:1410,0.0,24.0,0.0,11.7,4.79,2.97,0.0
20221204:1510,0.0,8.0,0.0,5.18,4.71,2.83,0.0
20221204:1610,0.0,0.0,0.0,0.0,4.25,2.28,0.0
20221204:1710,0.0,0.0,0.0,0.0,3.7,2.14,0.0
20221204:1810,0.0,0.0,0.0,0.0,3.33,2.28,0.0
20221204:1910,0.0,0.0,0.0,0.0,3.61,2.28,0.0
20221204:2010,0.0,0.0,0.0,0.0,3.61,2.0,0.0
20221204:2110,0.0,0.0,0.0,0.0,3.58,1.86,0.0
20221204:2210,0.0,0.0,0.0,0.0,3.55,2.0,0.0
20221204:2310,0.0,0.0,0.0,0.0,3.43,2.07,0.0
20221205:0010,0.0,0.0,0.0,0.0,3.35,2.14,0.0
20221205:0110,0.0,0.0,0.0,0.0,3.27,1.86,0.0
20221205:0210,0.0,0.0,0.0,0.0,3.22,1.59,0.0
20221205:0310,0.0,0.0,0.0,0.0,3.16,1.59,0.0
20221205:0410,0.0,0.0,0.0,0.0,3.09,1.72,0.0
20221205:0510,0.0,0.0,0.0,0.0,2.96,1.86,0.0
20221205:0610,0.0,0.0,0.0,0.0,2.8,1.86,0.0
20221205:0710,0.0,0.0,0.0,0.0,1.09,1.38,0.0
20221205:0810,17.0,25.7,0.0,4.83,1.18,1.45,0.0
20221205:0910,1.0,64.0,0.0,11.4,1.55,1.52,0.0
20221205:1010,0.0,47.0,0.0,16.15,1.94,1.59,0.0
20221205:1110,0.0,52.0,0.0,18.68,2.41,1.66,0.0
20221205:1210,0.0,54.0,0.0,18.73,2.63,1.66,0.0
20221205:1310,0.0,55.0,0.0,16.29,2.83,1.59,0.0
20221205:1410,0.0,50.0,0.0,11.62,2.99,1.59,0.0
20221205:1510,2.0,27.55,0.0,5.12,2.98,1.66,0.0
20221205:1610,0.0,0.0,0.0,0.0,2.83,1.59,0.0
20221205:1710,0.0,0.0,0.0,0.0,2.68,1.17,0.0
20221205:1810,0.0,0.0,0.0,0.0,2.65,0.97,0.0
20221205:1910,0.0,0.0,0.0,0.0,2.75,1.1,0.0
20221205:2010,0.0,0.0,0.0,0.0,2.71,1.1,0.0
20221205:2110,0.0,0.0,0.0,0.0,2.6,1.31,0.0
20221205:2210,0.0,0.0,0.0,0.0,2.62,1.45,0.0
20221205:2310,0.0,0.0,0.0,0.0,2.6,1.38,0.0
20221206:0010,0.0,0.0,0.0,0.0,2.45,1.31,0.0
20221206:0110,0.0,0.0,0.0,0.0,1.89,1.52,0.0
20221206:0210,0.0,0.0,0.0,0.0,1.45,1.59,0.0
20221206:0310,0.0,0.0,0.0,0.0,1.18,1.66,0.0
20221206:0410,0.0,0.0,0.0,0.0,1.14,1.72,0.0
20221206:0510,0.0,0.0,0.0,0.0,1.19,1.66,0.0
20221206:0610,0.0,0.0,0.0,0.0,1.14,1.66,0.0
20221206:0710,0.0,0.0,0.0,0.0,1.93,1.38,0.0
20221206:0810,2.0,24.56,0.0,4.68,2.28,1.17,0.0
20221206:0910,0.0,45.0,0.0,11.25,3.08,1.45,0.0
20221206:1010,0.0,72.0,0.0,16.0,3.68,1.72,0.0
20221206:1110,0.0,68.0,0.0,18.54,4.25,2.41,0.0
20221206:1210,0.0,78.0,0.0,18.61,4.46,2.62,0.0
20221206:1310,0.0,76.0,0.0,16.2,4.69,2.69,0.0
20221206:1410,0.0,57.0,0.0,11.55,4.82,2.62,0.0
20221206:1510,0.0,19.0,0.0,5.06,4.84,2.34,0.0
20221206:1610,0.0,0.0,0.0,0.0,4.75,1.52,0.0
20221206:1710,0.0,0.0,0.0,0.0,4.69,1.38,0.0
20221206:1810,0.0,0.0,0.0,0.0,4.58,1.52,0.0
20221206:1910,0.0,0.0,0.0,0.0,4.58,1.93,0.0
20221206:2010,0.0,0.0,0.0,0.0,4.51,2.14,0.0
20221206:2110,0.0,0.0,0.0,0.0,4.35,2.21,0.0
20221206:2210,0.0,0.0,0.0,0.0,4.09,2.07,0.0
20221206:2310,0.0,0.0,0.0,0.0,3.78,1.93,0.0
20221207:0010,0.0,0.0,0.0,0.0,3.41,1.86,0.0
20221207:0110,0.0,0.0,0.0,0.0,2.95,1.59,0.0
20221207:0210,0.0,0.0,0.0,0.0,2.43,1.38,0.0
20221207:0310,0.0,0.0,0.0,0.0,1.62,1.38,0.0
20221207:0410,0.0,0.0,0.0,0.0,0.9,1.45,0.0
20221207:0510,0.0,0.0,0.0,0.0,0.79,1.45,0.0
20221207:0610,0.0,0.0,0.0,0.0,0.79,1.45,0.0
20221207:0710,0.0,0.0,0.0,0.0,0.83,1.52,0.0
20221207:0810,9.0,26.65,0.0,4.53,1.01,1.52,0.0
20221207:0910,17.0,84.0,0.0,11.1,1.79,1.52,0.0
20221207:1010,189.01,66.0,0.0,15.87,2.99,1.52,0.0
20221207:1110,222.01,78.0,0.0,18.42,3.97,1.52,0.0
20221207:1210,181.01,102.0,0.0,18.5,4.67,1.59,0.0
20221207:1310,112.01,109.0,0.0,16.11,5.03,1.72,0.0
20221207:1410,21.0,88.0,0.0,11.48,5.02,1.79,0.0
20221207:1510,0.0,13.0,0.0,5.01,4.68,1.79,0.0
20221207:1610,0.0,0.0,0.0,0.0,4.3,1.72,0.0
20221207:1710,0.0,0.0,0.0,0.0,4.04,1.72,0.0
20221207:1810,0.0,0.0,0.0,0.0,3.81,1.66,0.0
20221207:1910,0.0,0.0,0.0,0.0,4.04,1.38,0.0
20221207:2010,0.0,0.0,0.0,0.0,3.8,1.31,0.0
20221207:2110,0.0,0.0,0.0,0.0,3.53,1.1,0.0
20221207:2210,0.0,0.0,0.0,0.0,3.18,1.03,0.0
20221207:2310,0.0,0.0,0.0,0.0,2.98,0.83,0.0
20221208:0010,0.0,0.0,0.0,0.0,2.91,0.69,0.0
20221208:0110,0.0,0.0,0.0,0.0,2.55,0.76,0.0
20221208:0210,0.0,0.0,0.0,0.0,2.3,0.69,0.0
20221208:0310,0.0,0.0,0.0,0.0,2.24,0.62,0.0
20221208:0410,0.0,0.0,0.0,0.0,2.23,0.62,0.0
20221208:0510,0.0,0.0,0.0,0.0,2.02,0.76,0.0
20221208:0610,0.0,0.0,0.0,0.0,1.89,0.69,0.0
20221208:0710,0.0,0.0,0.0,0.0,1.3,1.17,0.0
20221208:0810,5.0,25.75,0.0,4.38,1.36,0.9,0.0
20221208:0910,0.0,49.0,0.0,10.96,2.37,0.48,0.0
20221208:1010,0.0,66.0,0.0,15.73,3.04,0.69,0.0
20221208:1110,0.0,93.0,0.0,18.3,3.57,0.48,0.0
20221208:1210,0.0,86.0,0.0,18.4,3.93,0.34,0.0
20221208:1310,0.0,48.0,0.0,16.03,4.18,0.34,0.0
20221208:1410,0.0,27.0,0.0,11.42,4.2,0.21,0.0
20221208:1510,1.0,25.79,0.0,4.97,4.1,0.62,0.0
20221208:1610,0.0,0.0,0.0,0.0,3.84,1.24,0.0
20221208:1710,0.0,0.0,0.0,0.0,3.53,1.31,0.0
20221208:1810,0.0,0.0,0.0,0.0,3.3,1.31,0.0
20221208:1910,0.0,0.0,0.0,0.0,2.76,1.45,0.0
20221208:2010,0.0,0.0,0.0,0.0,1.92,1.66,0.0
20221208:2110,0.0,0.0,0.0,0.0,1.68,1.72,0.0
20221208:2210,0.0,0.0,0.0,0.0,1.1,2.14,0.0
20221208:2310,0.0,0.0,0.0,0.0,1.1,2.28,0.0
20221209:0010,0.0,0.0,0.0,0.0,0.95,2.34,0.0
20221209:0110,0.0,0.0,0.0,0.0,0.79,2.41,0.0
20221209:0210,0.0,0.0,0.0,0.0,0.82,2.69,0.0
20221209:0310,0.0,0.0,0.0,0.0,0.74,2.69,0.0
20221209:0410,0.0,0.0,0.0,0.0,0.47,2.76,0.0
20221209:0510,0.0,0.0,0.0,0.0,0.23,2.97,0.0
20221209:0610,0.0,0.0,0.0,0.0,0.0,3.03,0.0
20221209:0710,0.0,0.0,0.0,0.0,0.59,2.55,0.0
20221209:0810,25.0,17.48,0.0,4.24,0.4,2.83,0.0
20221209:0910,0.0,53.0,0.0,10.83,0.52,3.17,0.0
20221209:1010,2.0,95.0,0.0,15.61,0.75,3.24,0.0
20221209:1110,172.01,104.0,0.0,18.19,1.06,3.24,0.0
20221209:1210,259.01,57.0,0.0,18.31,1.49,3.31,0.0
20221209:1310,197.01,63.0,0.0,15.95,2.05,3.38,0.0
20221209:1410,88.01,69.0,0.0,11.36,2.4,3.24,0.0
20221209:1510,24.0,23.25,0.0,4.93,2.53,3.17,0.0
20221209:1610,0.0,0.0,0.0,0.0,2.33,2.48,0.0
20221209:1710,0.0,0.0,0.0,0.0,2.28,2.28,0.0
20221209:1810,0.0,0.0,0.0,0.0,1.93,2.07,0.0
20221209:1910,0.0,0.0,0.0,0.0,1.79,1.93,0.0
20221209:2010,0.0,0.0,0.0,0.0,1.16,1.72,0.0
20221209:2110,0.0,0.0,0.0,0.0,1.1,1.45,0.0
20221209:2210,0.0,0.0,0.0,0.0,1.11,1.52,0.0
20221209:2310,0.0,0.0,0.0,0.0,0.63,1.72,0.0
20221210:0010,0.0,0.0,0.0,0.0,0.48,1.79,0.0
20221210:0110,0.0,0.0,0.0,0.0,0.51,1.93,0.0
20221210:0210,0.0,0.0,0.0,0.0,0.51,2.07,0.0
20221210:0310,0.0,0.0,0.0,0.0,0.09,1.86,0.0
20221210:0410,0.0,0.0,0.0,0.0,-0.37,1.66,0.0
20221210:0510,0.0,0.0,0.0,0.0,-0.75,1.52,0.0
20221210:0610,0.0,0.0,0.0,0.0,-0.96,1.45,0.0
20221210:0710,0.0,0.0,0.0,0.0,-0.56,1.52,0.0
20221210:0810,3.0,22.32,0.0,4.11,0.12,1.17,0.0
20221210:0910,13.0,79.0,0.0,10.7,1.13,1.45,0.0
20221210:1010,19.0,122.0,0.0,15.49,1.56,1.31,0.0
20221210:1110,33.0,148.0,0.0,18.08,2.02,1.1,0.0
20221210:1210,218.01,79.0,0.0,18.22,2.63,1.24,0.0
20221210:1310,122.01,103.0,0.0,15.89,3.11,1.59,0.0
20221210:1410,15.0,85.0,0.0,11.32,3.27,1.66,0.0
20221210:1510,3.0,27.3,0.0,4.9,3.19,1.52,0.0
20221210:1610,0.0,0.0,0.0,0.0,2.58,1.17,0.0
20221210:1710,0.0,0.0,0.0,0.0,1.3,1.38,0.0
20221210:1810,0.0,0.0,0.0,0.0,-0.04,1.66,0.0
20221210:1910,0.0,0.0,0.0,0.0,0.33,1.86,0.0
20221210:2010,0.0,0.0,0.0,0.0,0.05,2.0,0.0
20221210:2110,0.0,0.0,0.0,0.0,0.04,2.14,0.0
20221210:2210,0.0,0.0,0.0,0.0,-0.33,2.21,0.0
20221210:2310,0.0,0.0,0.0,0.0,-0.79,2.14,0.0
20221211:0010,0.0,0.0,0.0,0.0,-1.25,2.14,0.0
20221211:0110,0.0,0.0,0.0,0.0,-1.48,2.28,0.0
20221211:0210,0.0,0.0,0.0,0.0,-1.76,2.28,0.0
20221211:0310,0.0,0.0,0.0,0.0,-1.93,2.28,0.0
20221211:0410,0.0,0.0,0.0,0.0,-2.05,2.34,0.0
20221211:0510,0.0,0.0,0.0,0.0,-2.01,2.55,0.0
20221211:0610,0.0,0.0,0.0,0.0,-2.05,2.41,0.0
20221211:0710,0.0,0.0,0.0,0.0,-2.23,2.34,0.0
20221211:0810,0.0,19.0,0.0,3.98,-2.29,2.28,0.0
20221211:0910,0.0,47.0,0.0,10.58,-1.71,2.41,0.0
20221211:1010,3.0,97.0,0.0,15.38,-0.62,2.76,0.0
20221211:1110,2.0,111.0,0.0,17.99,0.16,2.76,0.0
20221211:1210,20.0,143.0,0.0,18.14,0.88,2.76,0.0
20221211:1310,75.0,122.0,0.0,15.83,1.25,2.48,0.0
20221211:1410,90.01,67.0,0.0,11.28,1.31,2.21,0.0
20221211:1510,25.0,22.16,0.0,4.88,0.76,1.59,0.0
20221211:1610,0.0,0.0,0.0,0.0,-0.49,2.07,0.0
20221211:1710,0.0,0.0,0.0,0.0,-1.55,2.14,0.0
20221211:1810,0.0,0.0,0.0,0.0,-2.17,2.14,0.0
20221211:1910,0.0,0.0,0.0,0.0,-2.57,2.48,0.0
20221211:2010,0.0,0.0,0.0,0.0,-2.8,2.48,0.0
20221211:2110,0.0,0.0,0.0,0.0,-3.01,2.41,0.0
20221211:2210,0.0,0.0,0.0,0.0,-3.34,2.21,0.0
20221211:2310,0.0,0.0,0.0,0.0,-3.69,2.07,0.0
20221212:0010,0.0,0.0,0.0,0.0,-4.0,1.93,0.0
20221212:0110,0.0,0.0,0.0,0.0,-4.28,1.86,0.0
20221212:0210,0.0,0.0,0.0,0.0,-4.58,1.79,0.0
20221212:0310,0.0,0.0,0.0,0.0,-4.83,1.72,0.0
20221212:0410,0.0,0.0,0.0,0.0,-5.09,1.66,0.0
20221212:0510,0.0,0.0,0.0,0.0,-5.07,1.79,0.0
20221212:0610,0.0,0.0,0.0,0.0,-4.68,1.72,0.0
20221212:0710,0.0,0.0,0.0,0.0,-3.86,1.52,0.0
20221212:0810,11.0,21.22,0.0,3.86,-3.29,1.45,0.0
20221212:0910,2.0,63.0,0.0,10.46,-2.31,1.52,0.0
20221212:1010,0.0,71.0,0.0,15.27,-1.17,1.79,0.0
20221212:1110,3.0,115.0,0.0,17.9,-0.2,2.0,0.0
20221212:1210,1.0,102.0,0.0,18.07,0.83,2.34,0.0
20221212:1310,60.0,126.0,0.0,15.78,1.47,2.55,0.0
20221212:1410,55.0,81.0,0.0,11.24,1.57,2.62,0.0
20221212:1510,13.0,28.52,0.0,4.87,1.16,2.41,0.0
20221212:1610,0.0,0.0,0.0,0.0,-0.18,2.83,0.0
20221212:1710,0.0,0.0,0.0,0.0,-1.07,3.1,0.0
20221212:1810,0.0,0.0,0.0,0.0,-1.49,3.31,0.0
20221212:1910,0.0,0.0,0.0,0.0,-2.4,3.31,0.0
20221212:2010,0.0,0.0,0.0,0.0,-2.67,3.31,0.0
20221212:2110,0.0,0.0,0.0,0.0,-2.78,3.1,0.0
20221212:2210,0.0,0.0,0.0,0.0,-2.9,3.03,0.0
20221212:2310,0.0,0.0,0.0,0.0,-3.02,3.38,0.0
20221213:0010,0.0,0.0,0.0,0.0,-2.94,3.52,0.0
20221213:0110,0.0,0.0,0.0,0.0,-2.94,3.59,0.0
20221213:0210,0.0,0.0,0.0,0.0,-3.04,3.72,0.0
20221213:0310,0.0,0.0,0.0,0.0,-3.21,3.72,0.0
20221213:0410,0.0,0.0,0.0,0.0,-3.28,3.59,0.0
20221213:0510,0.0,0.0,0.0,0.0,-3.28,3.45,0.0
20221213:0610,0.0,0.0,0.0,0.0,-3.4,3.38,0.0
20221213:0710,0.0,0.0,0.0,0.0,-3.43,3.03,0.0
20221213:0810,22.0,14.46,0.0,3.74,-3.44,2.76,0.0
20221213:0910,63.0,69.0,0.0,10.35,-2.73,2.69,0.0
20221213:1010,173.01,68.0,0.0,15.18,-1.54,3.17,0.0
20221213:1110,68.0,144.0,0.0,17.81,-0.42,3.31,0.0
20221213:1210,80.0,142.0,0.0,18.0,0.44,3.45,0.0
20221213:1310,181.01,70.0,0.0,15.73,1.09,3.38,0.0
20221213:1410,78.01,72.0,0.0,11.22,1.07,2.9,0.0
20221213:1510,18.0,25.48,0.0,4.86,0.42,2.48,0.0
20221213:1610,0.0,0.0,0.0,0.0,-0.54,2.48,0.0
20221213:1710,0.0,0.0,0.0,0.0,-1.39,2.41,0.0
20221213:1810,0.0,0.0,0.0,0.0,-1.72,2.41,0.0
20221213:1910,0.0,0.0,0.0,0.0,-2.52,2.21,0.0
20221213:2010,0.0,0.0,0.0,0.0,-2.84,2.14,0.0
20221213:2110,0.0,0.0,0.0,0.0,-3.1,2.07,0.0
20221213:2210,0.0,0.0,0.0,0.0,-3.03,2.07,0.0
20221213:2310,0.0,0.0,0.0,0.0,-2.78,1.93,0.0
20221214:0010,0.0,0.0,0.0,0.0,-2.56,1.72,0.0
20221214:0110,0.0,0.0,0.0,0.0,-2.08,1.72,0.0
20221214:0210,0.0,0.0,0.0,0.0,-1.7,1.45,0.0
20221214:0310,0.0,0.0,0.0,0.0,-1.84,1.79,0.0
20221214:0410,0.0,0.0,0.0,0.0,-1.94,1.86,0.0
20221214:0510,0.0,0.0,0.0,0.0,-1.87,1.66,0.0
20221214:0610,0.0,0.0,0.0,0.0,-1.79,1.72,0.0
20221214:0710,0.0,0.0,0.0,0.0,-1.54,1.86,0.0
20221214:0810,0.0,11.0,0.0,3.63,-1.5,2.0,0.0
20221214:0910,5.0,67.0,0.0,10.25,-1.38,2.07,0.0
20221214:1010,126.01,89.0,0.0,15.08,-0.83,2.55,0.0
20221214:1110,22.0,137.0,0.0,17.74,-0.07,2.21,0.0
20221214:1210,56.0,143.0,0.0,17.95,0.52,2.14,0.0
20221214:1310,57.0,122.0,0.0,15.69,0.75,2.14,0.0
20221214:1410,7.0,77.0,0.0,11.2,0.83,2.07,0.0
20221214:1510,0.0,17.0,0.0,4.86,0.58,2.14,0.0
20221214:1610,0.0,0.0,0.0,0.0,0.18,2.34,0.0
20221214:1710,0.0,0.0,0.0,0.0,-0.21,2.34,0.0
20221214:1810,0.0,0.0,0.0,0.0,-0.31,2.34,0.0
20221214:1910,0.0,0.0,0.0,0.0,-0.3,2.48,0.0
20221214:2010,0.0,0.0,0.0,0.0,-0.5,2.28,0.0
20221214:2110,0.0,0.0,0.0,0.0,-0.49,2.21,0.0
20221214:2210,0.0,0.0,0.0,0.0,-0.48,2.14,0.0
20221214:2310,0.0,0.0,0.0,0.0,-0.42,2.14,0.0
20221215:0010,0.0,0.0,0.0,0.0,-0.51,2.28,0.0
20221215:0110,0.0,0.0,0.0,0.0,-0.53,2.34,0.0
20221215:0210,0.0,0.0,0.0,0.0,-0.95,2.55,0.0
20221215:0310,0.0,0.0,0.0,0.0,-1.74,2.69,0.0
20221215:0410,0.0,0.0,0.0,0.0,-2.1,2.48,0.0
20221215:0510,0.0,0.0,0.0,0.0,-2.27,2.55,0.0
20221215:0610,0.0,0.0,0.0,0.0,-2.55,2.62,0.0
20221215:0710,0.0,0.0,0.0,0.0,-2.79,2.69,0.0
20221215:0810,4.0,20.03,0.0,3.53,-2.37,2.62,0.0
20221215:0910,7.0,69.0,0.0,10.15,-1.5,2.76,0.0
20221215:1010,84.01,109.0,0.0,15.0,-0.55,3.31,0.0
20221215:1110,134.01,117.0,0.0,17.67,0.77,3.79,0.0
20221215:1210,134.01,119.0,0.0,17.9,1.67,4.28,0.0
20221215:1310,174.01,71.0,0.0,15.67,2.16,4.76,0.0
20221215:1410,106.01,56.0,0.0,11.19,2.11,4.48,0.0
20221215:1510,24.0,22.38,0.0,4.86,1.44,4.34,0.0
20221215:1610,0.0,0.0,0.0,0.0,0.31,4.28,0.0
20221215:1710,0.0,0.0,0.0,0.0,-0.4,4.28,0.0
20221215:1810,0.0,0.0,0.0,0.0,-0.85,4.14,0.0
20221215:1910,0.0,0.0,0.0,0.0,-1.04,4.07,0.0
20221215:2010,0.0,0.0,0.0,0.0,-1.33,4.14,0.0
20221215:2110,0.0,0.0,0.0,0.0,-1.53,4.07,0.0
20221215:2210,0.0,0.0,0.0,0.0,-1.63,4.0,0.0
20221215:2310,0.0,0.0,0.0,0.0,-1.78,3.93,0.0
20221216:0010,0.0,0.0,0.0,0.0,-1.9,3.79,0.0
20221216:0110,0.0,0.0,0.0,0.0,-2.03,3.59,0.0
20221216:0210,0.0,0.0,0.0,0.0,-2.25,3.31,0.0
20221216:0310,0.0,0.0,0.0,0.0,-2.34,3.1,0.0
20221216:0410,0.0,0.0,0.0,0.0,-2.41,2.9,0.0
20221216:0510,0.0,0.0,0.0,0.0,-2.46,2.76,0.0
20221216:0610,0.0,0.0,0.0,0.0,-2.52,2.62,0.0
20221216:0710,0.0,0.0,0.0,0.0,-2.61,2.62,0.0
20221216:0810,14.0,16.68,0.0,3.43,-2.68,2.41,0.0
20221216:0910,89.01,56.0,0.0,10.07,-1.63,2.14,0.0
20221216:1010,8.0,107.0,0.0,14.93,0.41,3.17,0.0
20221216:1110,0.0,97.0,0.0,17.61,1.55,3.17,0.0
20221216:1210,0.0,97.0,0.0,17.86,2.18,3.31,0.0
20221216:1310,82.0,119.0,0.0,15.64,2.39,3.24,0.0
20221216:1410,123.01,50.0,0.0,11.19,2.23,2.9,0.0
20221216:1510,31.0,19.27,0.0,4.87,1.61,2.28,0.0
20221216:1610,0.0,0.0,0.0,0.0,0.76,2.28,0.0
20221216:1710,0.0,0.0,0.0,0.0,-0.08,2.28,0.0
20221216:1810,0.0,0.0,0.0,0.0,-0.43,2.21,0.0
20221216:1910,0.0,0.0,0.0,0.0,-1.29,2.28,0.0
20221216:2010,0.0,0.0,0.0,0.0,-1.59,2.0,0.0
20221216:2110,0.0,0.0,0.0,0.0,-1.87,1.86,0.0
20221216:2210,0.0,0.0,0.0,0.0,-2.61,1.72,0.0
20221216:2310,0.0,0.0,0.0,0.0,-3.3,1.66,0.0
20221217:0010,0.0,0.0,0.0,0.0,-3.79,1.79,0.0
20221217:0110,0.0,0.0,0.0,0.0,-4.28,1.86,0.0
20221217:0210,0.0,0.0,0.0,0.0,-4.63,1.72,0.0
20221217:0310,0.0,0.0,0.0,0.0,-4.71,1.72,0.0
20221217:0410,0.0,0.0,0.0,0.0,-4.9,1.72,0.0
20221217:0510,0.0,0.0,0.0,0.0,-4.91,1.66,0.0
20221217:0610,0.0,0.0,0.0,0.0,-4.14,1.59,0.0
20221217:0710,0.0,0.0,0.0,0.0,-3.34,1.86,0.0
20221217:0810,0.0,14.0,0.0,3.34,-3.48,2.0,0.0
20221217:0910,1.0,59.0,0.0,9.98,-3.51,2.14,0.0
20221217:1010,2.0,92.0,0.0,14.86,-3.36,2.14,0.0
20221217:1110,6.0,122.0,0.0,17.56,-2.94,2.28,0.0
20221217:1210,59.0,148.0,0.0,17.83,-2.46,2.48,0.0
20221217:1310,91.01,117.0,0.0,15.63,-1.82,2.41,0.0
20221217:1410,114.01,55.0,0.0,11.19,-1.35,2.28,0.0
20221217:1510,35.0,17.73,0.0,4.89,-1.41,2.07,0.0
20221217:1610,0.0,0.0,0.0,0.0,-2.45,2.07,0.0
20221217:1710,0.0,0.0,0.0,0.0,-3.31,2.21,0.0
20221217:1810,0.0,0.0,0.0,0.0,-3.72,2.41,0.0
20221217:1910,0.0,0.0,0.0,0.0,-3.76,2.28,0.0
20221217:2010,0.0,0.0,0.0,0.0,-4.04,2.34,0.0
20221217:2110,0.0,0.0,0.0,0.0,-4.17,2.48,0.0
20221217:2210,0.0,0.0,0.0,0.0,-4.32,2.41,0.0
20221217:2310,0.0,0.0,0.0,0.0,-4.34,2.76,0.0
20221218:0010,0.0,0.0,0.0,0.0,-4.47,2.76,0.0
20221218:0110,0.0,0.0,0.0,0.0,-4.64,2.69,0.0
20221218:0210,0.0,0.0,0.0,0.0,-4.76,2.9,0.0
20221218:0310,0.0,0.0,0.0,0.0,-4.78,2.83,0.0
20221218:0410,0.0,0.0,0.0,0.0,-4.76,2.76,0.0
20221218:0510,0.0,0.0,0.0,0.0,-4.85,2.76,0.0
20221218:0610,0.0,0.0,0.0,0.0,-4.84,2.69,0.0
20221218:0710,0.0,0.0,0.0,0.0,-4.21,2.97,0.0
20221218:0810,2.0,15.6,0.0,3.25,-3.39,2.97,0.0
20221218:0910,3.0,59.0,0.0,9.91,-2.0,2.9,0.0
20221218:1010,28.0,116.0,0.0,14.79,-0.03,2.83,0.0
20221218:1110,19.0,134.0,0.0,17.51,1.43,3.03,0.0
20221218:1210,5.0,120.0,0.0,17.8,2.43,3.31,0.0
20221218:1310,11.0,114.0,0.0,15.62,3.13,3.38,0.0
20221218:1410,2.0,64.0,0.0,11.2,3.51,3.66,0.0
20221218:1510,0.0,22.0,0.0,4.92,3.67,3.86,0.0
20221218:1610,0.0,0.0,0.0,0.0,3.72,4.07,0.0
20221218:1710,0.0,0.0,0.0,0.0,3.8,4.34,0.0
20221218:1810,0.0,0.0,0.0,0.0,4.12,4.55,0.0
20221218:1910,0.0,0.0,0.0,0.0,3.99,4.28,0.0
20221218:2010,0.0,0.0,0.0,0.0,4.31,4.62,0.0
20221218:2110,0.0,0.0,0.0,0.0,4.84,4.9,0.0
20221218:2210,0.0,0.0,0.0,0.0,5.44,5.03,0.0
20221218:2310,0.0,0.0,0.0,0.0,5.82,4.9,0.0
20221219:0010,0.0,0.0,0.0,0.0,5.99,4.97,0.0
20221219:0110,0.0,0.0,0.0,0.0,5.86,4.9,0.0
20221219:0210,0.0,0.0,0.0,0.0,5.8,4.69,0.0
20221219:0310,0.0,0.0,0.0,0.0,5.76,4.48,0.0
20221219:0410,0.0,0.0,0.0,0.0,5.65,4.28,0.0
20221219:0510,0.0,0.0,0.0,0.0,5.57,4.14,0.0
20221219:0610,0.0,0.0,0.0,0.0,5.31,4.21,0.0
20221219:0710,0.0,0.0,0.0,0.0,6.3,4.34,0.0
20221219:0810,7.0,16.39,0.0,3.18,5.83,4.34,0.0
20221219:0910,44.0,67.0,0.0,9.84,6.08,4.48,0.0
20221219:1010,2.0,83.0,0.0,14.74,7.19,4.76,0.0
20221219:1110,17.0,130.0,0.0,17.48,8.58,5.1,0.0
20221219:1210,0.0,74.0,0.0,17.78,9.52,5.24,0.0
20221219:1310,1.0,88.0,0.0,15.63,10.01,5.38,0.0
20221219:1410,0.0,54.0,0.0,11.22,10.52,5.31,0.0
20221219:1510,0.0,8.0,0.0,4.95,10.62,5.03,0.0
20221219:1610,0.0,0.0,0.0,0.0,10.17,5.17,0.0
20221219:1710,0.0,0.0,0.0,0.0,9.91,5.17,0.0
20221219:1810,0.0,0.0,0.0,0.0,9.9,5.1,0.0
20221219:1910,0.0,0.0,0.0,0.0,11.0,5.17,0.0
20221219:2010,0.0,0.0,0.0,0.0,10.99,5.17,0.0
20221219:2110,0.0,0.0,0.0,0.0,10.51,5.03,0.0
20221219:2210,0.0,0.0,0.0,0.0,10.01,4.76,0.0
20221219:2310,0.0,0.0,0.0,0.0,9.71,4.83,0.0
20221220:0010,0.0,0.0,0.0,0.0,9.37,4.76,0.0
20221220:0110,0.0,0.0,0.0,0.0,9.45,4.69,0.0
20221220:0210,0.0,0.0,0.0,0.0,9.19,4.62,0.0
20221220:0310,0.0,0.0,0.0,0.0,9.25,4.69,0.0
20221220:0410,0.0,0.0,0.0,0.0,9.54,4.9,0.0
20221220:0510,0.0,0.0,0.0,0.0,9.79,4.97,0.0
20221220:0610,0.0,0.0,0.0,0.0,9.93,4.97,0.0
20221220:0710,0.0,0.0,0.0,0.0,11.01,5.1,0.0
20221220:0810,0.0,3.0,0.0,3.1,10.98,5.1,0.0
20221220:0910,0.0,39.0,0.0,9.78,10.97,5.03,0.0
20221220:1010,0.0,37.0,0.0,14.69,11.18,5.1,0.0
20221220:1110,1.0,91.0,0.0,17.45,11.25,5.03,0.0
20221220:1210,0.0,47.0,0.0,17.77,11.52,5.1,0.0
20221220:1310,0.0,47.0,0.0,15.63,11.49,4.97,0.0
20221220:1410,1.0,61.0,0.0,11.25,11.25,5.1,0.0
20221220:1510,9.0,28.73,0.0,4.99,11.08,4.97,0.0
20221220:1610,0.0,0.0,0.0,0.0,10.86,4.83,0.0
20221220:1710,0.0,0.0,0.0,0.0,10.71,4.62,0.0
20221220:1810,0.0,0.0,0.0,0.0,10.56,4.34,0.0
20221220:1910,0.0,0.0,0.0,0.0,11.61,4.83,0.0
20221220:2010,0.0,0.0,0.0,0.0,11.66,4.76,0.0
20221220:2110,0.0,0.0,0.0,0.0,11.65,4.69,0.0
20221220:2210,0.0,0.0,0.0,0.0,11.51,4.28,0.0
20221220:2310,0.0,0.0,0.0,0.0,11.29,3.79,0.0
20221221:0010,0.0,0.0,0.0,0.0,10.99,3.45,0.0
20221221:0110,0.0,0.0,0.0,0.0,10.63,3.31,0.0
20221221:0210,0.0,0.0,0.0,0.0,10.28,3.1,0.0
20221221:0310,0.0,0.0,0.0,0.0,10.05,2.76,0.0
20221221:0410,0.0,0.0,0.0,0.0,9.69,2.55,0.0
20221221:0510,0.0,0.0,0.0,0.0,9.61,2.97,0.0
20221221:0610,0.0,0.0,0.0,0.0,9.56,3.31,0.0
20221221:0710,0.0,0.0,0.0,0.0,8.33,3.1,0.0
20221221:0810,11.0,14.5,0.0,3.04,8.09,2.83,0.0
20221221:0910,2.0,55.0,0.0,9.72,8.12,3.03,0.0
20221221:1010,12.0,105.0,0.0,14.65,8.27,4.14,0.0
20221221:1110,26.0,135.0,0.0,17.42,9.1,5.79,0.0
20221221:1210,0.0,67.0,0.0,17.77,9.41,4.76,0.0
20221221:1310,0.0,67.0,0.0,15.65,9.93,5.24,0.0
20221221:1410,0.0,50.0,0.0,11.28,10.35,5.45,0.0
20221221:1510,1.0,24.8,0.0,5.04,10.53,5.52,0.0
20221221:1610,0.0,0.0,0.0,0.0,10.68,5.38,0.0
20221221:1710,0.0,0.0,0.0,0.0,10.88,5.31,0.0
20221221:1810,0.0,0.0,0.0,0.0,10.86,5.31,0.0
20221221:1910,0.0,0.0,0.0,0.0,11.19,5.38,0.0
20221221:2010,0.0,0.0,0.0,0.0,11.44,6.14,0.0
20221221:2110,0.0,0.0,0.0,0.0,11.96,7.59,0.0
20221221:2210,0.0,0.0,0.0,0.0,12.09,7.72,0.0
20221221:2310,0.0,0.0,0.0,0.0,12.13,7.93,0.0
20221222:0010,0.0,0.0,0.0,0.0,12.17,7.79,0.0
20221222:0110,0.0,0.0,0.0,0.0,12.25,8.14,0.0
20221222:0210,0.0,0.0,0.0,0.0,12.09,8.21,0.0
20221222:0310,0.0,0.0,0.0,0.0,11.68,8.07,0.0
20221222:0410,0.0,0.0,0.0,0.0,11.48,8.07,0.0
20221222:0510,0.0,0.0,0.0,0.0,11.5,7.59,0.0
20221222:0610,0.0,0.0,0.0,0.0,11.16,6.69,0.0
20221222:0710,0.0,0.0,0.0,0.0,10.96,5.72,0.0
20221222:0810,2.0,14.59,0.0,2.98,10.73,5.38,0.0
20221222:0910,25.0,70.0,0.0,9.68,11.11,5.59,0.0
20221222:1010,5.0,95.0,0.0,14.62,11.68,5.86,0.0
20221222:1110,3.0,108.0,0.0,17.41,12.19,5.86,0.0
20221222:1210,3.0,107.0,0.0,17.77,12.58,5.03,0.0
20221222:1310,0.0,66.0,0.0,15.67,12.49,6.0,0.0
20221222:1410,0.0,17.0,0.0,11.32,12.08,6.07,0.0
20221222:1510,0.0,6.0,0.0,5.09,12.07,6.28,0.0
20221222:1610,0.0,0.0,0.0,0.0,11.72,5.59,0.0
20221222:1710,0.0,0.0,0.0,0.0,11.47,5.79,0.0
20221222:1810,0.0,0.0,0.0,0.0,11.94,7.17,0.0
20221222:1910,0.0,0.0,0.0,0.0,12.97,6.76,0.0
20221222:2010,0.0,0.0,0.0,0.0,13.2,6.55,0.0
20221222:2110,0.0,0.0,0.0,0.0,13.19,6.21,0.0
20221222:2210,0.0,0.0,0.0,0.0,12.81,5.38,0.0
20221222:2310,0.0,0.0,0.0,0.0,12.72,4.62,0.0
20221223:0010,0.0,0.0,0.0,0.0,12.58,4.62,0.0
20221223:0110,0.0,0.0,0.0,0.0,12.43,4.48,0.0
20221223:0210,0.0,0.0,0.0,0.0,12.41,4.41,0.0
20221223:0310,0.0,0.0,0.0,0.0,12.41,4.69,0.0
20221223:0410,0.0,0.0,0.0,0.0,12.28,4.62,0.0
20221223:0510,0.0,0.0,0.0,0.0,12.1,4.07,0.0
20221223:0610,0.0,0.0,0.0,0.0,11.9,3.79,0.0
20221223:0710,0.0,0.0,0.0,0.0,12.4,4.69,0.0
20221223:0810,0.0,4.0,0.0,2.92,12.3,5.24,0.0
20221223:0910,0.0,33.0,0.0,9.63,12.37,6.28,0.0
20221223:1010,0.0,59.0,0.0,14.59,13.05,6.97,0.0
20221223:1110,6.0,116.0,0.0,17.4,13.19,7.66,0.0
20221223:1210,35.0,139.0,0.0,17.79,13.27,7.59,0.0
20221223:1310,38.0,122.0,0.0,15.71,13.54,7.66,0.0
20221223:1410,12.0,80.0,0.0,11.37,13.42,7.59,0.0
20221223:1510,1.0,25.79,0.0,5.15,13.4,6.83,0.0
20221223:1610,0.0,0.0,0.0,0.0,12.7,6.0,0.0
20221223:1710,0.0,0.0,0.0,0.0,11.97,5.59,0.0
20221223:1810,0.0,0.0,0.0,0.0,11.65,5.45,0.0
20221223:1910,0.0,0.0,0.0,0.0,11.8,5.45,0.0
20221223:2010,0.0,0.0,0.0,0.0,11.82,5.52,0.0
20221223:2110,0.0,0.0,0.0,0.0,11.66,5.1,0.0
20221223:2210,0.0,0.0,0.0,0.0,11.22,4.76,0.0
20221223:2310,0.0,0.0,0.0,0.0,10.75,4.55,0.0
20221224:0010,0.0,0.0,0.0,0.0,10.22,4.48,0.0
20221224:0110,0.0,0.0,0.0,0.0,9.96,4.48,0.0
20221224:0210,0.0,0.0,0.0,0.0,9.64,4.41,0.0
20221224:0310,0.0,0.0,0.0,0.0,9.67,4.34,0.0
20221224:0410,0.0,0.0,0.0,0.0,9.49,4.28,0.0
20221224:0510,0.0,0.0,0.0,0.0,9.7,4.28,0.0
20221224:0610,0.0,0.0,0.0,0.0,9.74,4.14,0.0
20221224:0710,0.0,0.0,0.0,0.0,10.09,3.93,0.0
20221224:0810,0.0,11.0,0.0,2.88,10.17,3.93,0.0
20221224:0910,0.0,31.0,0.0,9.6,10.34,3.79,0.0
20221224:1010,9.0,103.0,0.0,14.58,10.98,3.31,0.0
20221224:1110,13.0,128.0,0.0,17.4,11.59,4.14,0.0
20221224:1210,39.0,141.0,0.0,17.81,12.04,4.62,0.0
20221224:1310,0.0,64.0,0.0,15.74,11.74,3.31,0.0
20221224:1410,0.0,46.0,0.0,11.42,11.52,2.9,0.0
20221224:1510,0.0,15.0,0.0,5.22,11.18,2.83,0.0
20221224:1610,0.0,0.0,0.0,0.0,10.57,2.69,0.0
20221224:1710,0.0,0.0,0.0,0.0,10.26,2.69,0.0
20221224:1810,0.0,0.0,0.0,0.0,10.12,2.62,0.0
20221224:1910,0.0,0.0,0.0,0.0,10.3,2.34,0.0
20221224:2010,0.0,0.0,0.0,0.0,10.09,2.41,0.0
20221224:2110,0.0,0.0,0.0,0.0,9.87,2.69,0.0
20221224:2210,0.0,0.0,0.0,0.0,9.85,2.62,0.0
20221224:2310,0.0,0.0,0.0,0.0,9.86,2.55,0.0
20221225:0010,0.0,0.0,0.0,0.0,9.74,2.41,0.0
20221225:0110,0.0,0.0,0.0,0.0,9.66,2.34,0.0
20221225:0210,0.0,0.0,0.0,0.0,9.7,2.48,0.0
20221225:0310,0.0,0.0,0.0,0.0,9.58,2.41,0.0
20221225:0410,0.0,0.0,0.0,0.0,9.45,2.41,0.0
20221225:0510,0.0,0.0,0.0,0.0,9.63,2.41,0.0
20221225:0610,0.0,0.0,0.0,0.0,9.75,2.41,0.0
20221225:0710,0.0,0.0,0.0,0.0,10.01,3.03,0.0
20221225:0810,0.0,4.0,0.0,2.84,10.0,3.38,0.0
20221225:0910,0.0,12.0,0.0,9.57,10.32,3.59,0.0
20221225:1010,0.0,63.0,0.0,14.57,11.08,3.59,0.0
20221225:1110,0.0,37.0,0.0,17.41,12.32,3.86,0.0
20221225:1210,0.0,25.0,0.0,17.83,12.7,4.83,0.0
20221225:1310,32.0,123.0,0.0,15.79,13.34,5.1,0.0
20221225:1410,7.0,77.0,0.0,11.48,13.71,5.45,0.0
20221225:1510,5.0,29.81,0.0,5.29,13.48,5.1,0.0
20221225:1610,0.0,0.0,0.0,0.0,13.19,4.48,0.0
20221225:1710,0.0,0.0,0.0,0.0,12.89,4.34,0.0
20221225:1810,0.0,0.0,0.0,0.0,12.58,4.21,0.0
20221225:1910,0.0,0.0,0.0,0.0,12.72,5.59,0.0
20221225:2010,0.0,0.0,0.0,0.0,12.51,5.24,0.0
20221225:2110,0.0,0.0,0.0,0.0,12.46,4.97,0.0
20221225:2210,0.0,0.0,0.0,0.0,12.22,4.62,0.0
20221225:2310,0.0,0.0,0.0,0.0,11.99,4.41,0.0
20221226:0010,0.0,0.0,0.0,0.0,11.44,4.28,0.0
20221226:0110,0.0,0.0,0.0,0.0,10.83,4.07,0.0
20221226:0210,0.0,0.0,0.0,0.0,10.49,3.86,0.0
20221226:0310,0.0,0.0,0.0,0.0,10.48,4.0,0.0
20221226:0410,0.0,0.0,0.0,0.0,10.41,4.0,0.0
20221226:0510,0.0,0.0,0.0,0.0,10.34,4.14,0.0
20221226:0610,0.0,0.0,0.0,0.0,10.32,4.34,0.0
20221226:0710,0.0,0.0,0.0,0.0,10.51,5.17,0.0
20221226:0810,2.0,14.57,0.0,2.8,10.33,5.1,0.0
20221226:0910,3.0,58.0,0.0,9.55,10.35,4.9,0.0
20221226:1010,7.0,100.0,0.0,14.56,10.51,5.03,0.0
20221226:1110,15.0,131.0,0.0,17.43,10.7,4.55,0.0
20221226:1210,61.0,141.0,0.0,17.87,10.98,4.83,0.0
20221226:1310,0.0,37.0,0.0,15.84,10.78,4.83,0.0
20221226:1410,52.0,82.0,0.0,11.55,10.13,5.45,0.0
20221226:1510,9.0,32.62,0.0,5.37,9.17,4.62,0.0
20221226:1610,0.0,0.0,0.0,0.0,8.31,3.86,0.0
20221226:1710,0.0,0.0,0.0,0.0,7.22,3.17,0.0
20221226:1810,0.0,0.0,0.0,0.0,6.59,2.76,0.0
20221226:1910,0.0,0.0,0.0,0.0,5.61,2.41,0.0
20221226:2010,0.0,0.0,0.0,0.0,4.85,2.62,0.0
20221226:2110,0.0,0.0,0.0,0.0,4.42,2.9,0.0
20221226:2210,0.0,0.0,0.0,0.0,4.24,3.03,0.0
20221226:2310,0.0,0.0,0.0,0.0,4.09,3.03,0.0
20221227:0010,0.0,0.0,0.0,0.0,3.88,2.97,0.0
20221227:0110,0.0,0.0,0.0,0.0,3.68,2.9,0.0
20221227:0210,0.0,0.0,0.0,0.0,3.44,2.76,0.0
20221227:0310,0.0,0.0,0.0,0.0,3.16,2.69,0.0
20221227:0410,0.0,0.0,0.0,0.0,2.97,2.62,0.0
20221227:0510,0.0,0.0,0.0,0.0,2.91,2.48,0.0
20221227:0610,0.0,0.0,0.0,0.0,3.04,2.41,0.0
20221227:0710,0.0,0.0,0.0,0.0,3.45,2.48,0.0
20221227:0810,5.0,14.83,0.0,2.78,3.27,2.48,0.0
20221227:0910,3.0,59.0,0.0,9.54,3.91,2.48,0.0
20221227:1010,177.01,57.0,0.0,14.57,4.95,3.31,0.0
20221227:1110,215.01,68.0,0.0,17.45,6.1,3.52,0.0
20221227:1210,238.01,62.0,0.0,17.91,7.15,4.0,0.0
20221227:1310,186.01,66.0,0.0,15.9,7.99,4.07,0.0
20221227:1410,65.0,80.0,0.0,11.63,8.18,4.07,0.0
20221227:1510,42.01,17.87,0.0,5.46,7.86,3.59,0.0
20221227:1610,0.0,0.0,0.0,0.0,7.45,3.66,0.0
20221227:1710,0.0,0.0,0.0,0.0,7.36,3.79,0.0
20221227:1810,0.0,0.0,0.0,0.0,7.52,4.0,0.0
20221227:1910,0.0,0.0,0.0,0.0,7.74,4.41,0.0
20221227:2010,0.0,0.0,0.0,0.0,7.71,4.55,0.0
20221227:2110,0.0,0.0,0.0,0.0,7.94,4.76,0.0
20221227:2210,0.0,0.0,0.0,0.0,8.17,4.97,0.0
20221227:2310,0.0,0.0,0.0,0.0,8.36,5.24,0.0
20221228:0010,0.0,0.0,0.0,0.0,8.56,5.45,0.0
20221228:0110,0.0,0.0,0.0,0.0,8.79,5.52,0.0
20221228:0210,0.0,0.0,0.0,0.0,8.94,5.59,0.0
20221228:0310,0.0,0.0,0.0,0.0,9.1,5.66,0.0
20221228:0410,0.0,0.0,0.0,0.0,9.09,5.59,0.0
20221228:0510,0.0,0.0,0.0,0.0,9.04,5.45,0.0
20221228:0610,0.0,0.0,0.0,0.0,8.92,5.31,0.0
20221228:0710,0.0,0.0,0.0,0.0,8.89,5.59,0.0
20221228:0810,0.0,7.0,0.0,2.76,9.08,5.93,0.0
20221228:0910,1.0,53.0,0.0,9.54,9.53,6.21,0.0
20221228:1010,11.0,103.0,0.0,14.58,9.87,6.55,0.0
20221228:1110,4.0,112.0,0.0,17.48,10.37,6.76,0.0
20221228:1210,7.0,123.0,0.0,17.96,11.04,8.34,0.0
20221228:1310,6.0,106.0,0.0,15.97,11.07,7.1,0.0
20221228:1410,0.0,46.0,0.0,11.71,11.09,7.24,0.0
20221228:1510,0.0,10.0,0.0,5.55,11.04,7.17,0.0
20221228:1610,0.0,0.0,0.0,0.0,10.77,7.1,0.0
20221228:1710,0.0,0.0,0.0,0.0,10.29,7.17,0.0
20221228:1810,0.0,0.0,0.0,0.0,10.26,7.38,0.0
20221228:1910,0.0,0.0,0.0,0.0,11.21,7.72,0.0
20221228:2010,0.0,0.0,0.0,0.0,11.61,8.0,0.0
20221228:2110,0.0,0.0,0.0,0.0,11.7,8.21,0.0
20221228:2210,0.0,0.0,0.0,0.0,11.48,8.21,0.0
20221228:2310,0.0,0.0,0.0,0.0,11.49,8.41,0.0
20221229:0010,0.0,0.0,0.0,0.0,11.26,8.34,0.0
20221229:0110,0.0,0.0,0.0,0.0,11.0,8.21,0.0
20221229:0210,0.0,0.0,0.0,0.0,10.62,7.45,0.0
20221229:0310,0.0,0.0,0.0,0.0,10.32,7.17,0.0
20221229:0410,0.0,0.0,0.0,0.0,9.89,7.17,0.0
20221229:0510,0.0,0.0,0.0,0.0,9.43,6.69,0.0
20221229:0610,0.0,0.0,0.0,0.0,9.3,6.34,0.0
20221229:0710,0.0,0.0,0.0,0.0,9.54,6.62,0.0
20221229:0810,10.0,11.93,0.0,2.74,9.2,6.14,0.0
20221229:0910,51.0,63.0,0.0,9.54,9.29,5.79,0.0
20221229:1010,166.01,61.0,0.0,14.6,9.91,5.79,0.0
20221229:1110,183.01,85.0,0.0,17.52,10.31,6.14,0.0
20221229:1210,2.0,110.0,0.0,18.02,10.77,6.07,0.0
20221229:1310,9.0,113.0,0.0,16.05,10.62,6.0,0.0
20221229:1410,37.0,88.0,0.0,11.8,9.94,5.03,0.0
20221229:1510,32.0,23.87,0.0,5.65,9.68,4.76,0.0
20221229:1610,0.0,0.0,0.0,0.0,9.08,4.34,0.0
20221229:1710,0.0,0.0,0.0,0.0,8.35,4.07,0.0
20221229:1810,0.0,0.0,0.0,0.0,7.92,4.07,0.0
20221229:1910,0.0,0.0,0.0,0.0,7.75,3.86,0.0
20221229:2010,0.0,0.0,0.0,0.0,7.21,3.72,0.0
20221229:2110,0.0,0.0,0.0,0.0,6.78,3.66,0.0
20221229:2210,0.0,0.0,0.0,0.0,6.44,3.72,0.0
20221229:2310,0.0,0.0,0.0,0.0,6.18,3.66,0.0
20221230:0010,0.0,0.0,0.0,0.0,5.86,3.24,0.0
20221230:0110,0.0,0.0,0.0,0.0,5.46,3.17,0.0
20221230:0210,0.0,0.0,0.0,0.0,5.41,3.31,0.0
20221230:0310,0.0,0.0,0.0,0.0,6.01,3.31,0.0
20221230:0410,0.0,0.0,0.0,0.0,6.38,3.59,0.0
20221230:0510,0.0,0.0,0.0,0.0,6.6,4.14,0.0
20221230:0610,0.0,0.0,0.0,0.0,7.02,4.97,0.0
20221230:0710,0.0,0.0,0.0,0.0,7.83,6.0,0.0
20221230:0810,0.0,5.0,0.0,2.74,8.36,6.55,0.0
20221230:0910,1.0,50.0,0.0,9.55,8.62,7.1,0.0
20221230:1010,0.0,45.0,0.0,14.63,9.18,7.66,0.0
20221230:1110,0.0,65.0,0.0,17.57,9.96,8.0,0.0
20221230:1210,0.0,91.0,0.0,18.09,10.84,8.41,0.0
20221230:1310,0.0,72.0,0.0,16.13,11.67,8.48,0.0
20221230:1410,13.0,85.0,0.0,11.9,12.6,8.28,0.0
20221230:1510,1.0,27.0,0.0,5.76,13.15,7.52,0.0
20221230:1610,0.0,0.0,0.0,0.0,13.33,7.24,0.0
20221230:1710,0.0,0.0,0.0,0.0,13.2,7.1,0.0
20221230:1810,0.0,0.0,0.0,0.0,13.4,7.1,0.0
20221230:1910,0.0,0.0,0.0,0.0,13.6,7.1,0.0
20221230:2010,0.0,0.0,0.0,0.0,13.78,7.52,0.0
20221230:2110,0.0,0.0,0.0,0.0,14.01,7.79,0.0
20221230:2210,0.0,0.0,0.0,0.0,14.22,7.93,0.0
20221230:2310,0.0,0.0,0.0,0.0,14.52,8.21,0.0
20221231:0010,0.0,0.0,0.0,0.0,14.68,8.28,0.0
20221231:0110,0.0,0.0,0.0,0.0,14.8,8.21,0.0
20221231:0210,0.0,0.0,0.0,0.0,14.97,7.93,0.0
20221231:0310,0.0,0.0,0.0,0.0,15.06,7.72,0.0
20221231:0410,0.0,0.0,0.0,0.0,15.02,7.59,0.0
20221231:0510,0.0,0.0,0.0,0.0,14.97,7.66,0.0
20221231:0610,0.0,0.0,0.0,0.0,14.91,7.45,0.0
20221231:0710,0.0,0.0,0.0,0.0,15.14,7.31,0.0
20221231:0810,0.0,7.0,0.0,2.74,14.47,6.76,0.0
20221231:0910,16.0,69.0,0.0,9.56,14.13,6.69,0.0
20221231:1010,0.0,34.0,0.0,14.66,14.34,6.83,0.0
20221231:1110,215.01,66.0,0.0,17.62,14.85,5.86,0.0
20221231:1210,51.0,143.0,0.0,18.16,15.2,6.21,0.0
20221231:1310,20.0,122.0,0.0,16.22,15.33,6.62,0.0
20221231:1410,3.0,73.0,0.0,12.0,15.4,7.31,0.0
20221231:1510,3.0,33.0,0.0,5.87,15.14,6.55,0.0
20221231:1610,0.0,0.0,0.0,0.0,14.69,6.28,0.0
20221231:1710,0.0,0.0,0.0,0.0,14.27,6.21,0.0
20221231:1810,0.0,0.0,0.0,0.0,14.22,6.48,0.0
20221231:1910,0.0,0.0,0.0,0.0,14.79,6.76,0.0
20221231:2010,0.0,0.0,0.0,0.0,15.1,7.03,0.0
20221231:2110,0.0,0.0,0.0,0.0,14.9,7.17,0.0
20221231:2210,0.0,0.0,0.0,0.0,14.69,7.31,0.0
20221231:2310,0.0,0.0,0.0,0.0,14.77,7.38,0.0

Gb(i): Beam (direct) irradiance on the inclined plane (plane of the array) (W/m2)
Gd(i): Diffuse irradiance on the inclined plane (plane of the array) (W/m2)
Gr(i): Reflected irradiance on the inclined plane (plane of the array) (W/m2)
H_sun: Sun height (degree)
T2m: 2-m air temperature (degree Celsius)
WS10m: 10-m total wind speed (m/s)
Int: 1 means solar radiation values are reconstructed



PVGIS (c) European Union, 2001-2026